municipality,priority,rescore,title,url,anchor,snippet
"岡崎市","strong","111","補助・助成・融資・減免制度の一覧｜岡崎市公式ホームページ","https://www.city.okazaki.lg.jp/kurashi/yushi/1002041/index.html","補助・助成・融資・減免制度の一覧","補助・助成・融資・減免制度の一覧｜岡崎市公式ホームページ 当ホームページではjavascriptを使用しています。 javascriptの使用を有効にしなければ、一部の機能が正確に動作しない恐れがあります。お手数ですがjavascriptの使用を有効にしてください。 エンターキーを押すと、ナビゲーション部分をスキップし本文へ移動します。 Foreign language 日本語 English Português Filipino Ti"
"瀬戸市","strong","111","進学チャレンジ支援金 | 瀬戸市","https://www.city.seto.aichi.jp/docs/2025/07/04/00505309565/00505309565.html","進学チャレンジ支援金","進学チャレンジ支援金 | 瀬戸市 このページの本文へ移動 瀬戸市のホームページではJavaScriptを使用しています。 JavaScriptの使用を有効にしていない場合は、一部の機能が正確に動作しない恐れがあります。 お手数ですがJavaScriptの使用を有効にしてください。 サイト内検索 ID番号検索 検索の使い方 閲覧支援ツール やさしい日本語 元に戻す 文字サイズ 背景色の変更 白 黒 青 閉じる Language HOME "
"瀬戸市","strong","108","令和8年度入学児童生徒学用品費の事前支給について | 瀬戸市","https://www.city.seto.aichi.jp/docs/2022/12/01/00079/index.html","令和8年度入学児童生徒新入学学用品費の事前支給について","令和8年度入学児童生徒学用品費の事前支給について | 瀬戸市 このページの本文へ移動 瀬戸市のホームページではJavaScriptを使用しています。 JavaScriptの使用を有効にしていない場合は、一部の機能が正確に動作しない恐れがあります。 お手数ですがJavaScriptの使用を有効にしてください。 サイト内検索 ID番号検索 検索の使い方 閲覧支援ツール やさしい日本語 元に戻す 文字サイズ 背景色の変更 白 黒 青 閉じる "
"瀬戸市","strong","105","手当・援助 | 瀬戸市","https://www.city.seto.aichi.jp/bunya/kurashi-kosodate-teate-enjyo/index.html","手当・援助","手当・援助 | 瀬戸市 このページの本文へ移動 瀬戸市のホームページではJavaScriptを使用しています。 JavaScriptの使用を有効にしていない場合は、一部の機能が正確に動作しない恐れがあります。 お手数ですがJavaScriptの使用を有効にしてください。 サイト内検索 ID番号検索 検索の使い方 閲覧支援ツール やさしい日本語 元に戻す 文字サイズ 背景色の変更 白 黒 青 閉じる Language HOME 安全・安心"
"瀬戸市","strong","99","年齢別・小学校・中学校・高校 | 瀬戸市子育て支援サイト","https://www.city.seto.aichi.jp/kosodate-docs/2018/05/11/00066/index.html","年齢別・小学校・中学校・高校","年齢別・小学校・中学校・高校 | 瀬戸市子育て支援サイト 本文へスキップします。 瀬戸市公式ホームページへ language 閲覧補助機能 やさしい日本語 元に戻す 文字サイズ 背景色の変更 白 黒 青 閉じる 検索 メニュー 閉じる お知らせ イベント情報 子育て施設・遊び場 手当 相談 お問い合わせ 子育てQ＆A 検索 瀬戸市トップへ language 当サイトではよりよい環境でご覧いただくためにJavaScriptを用いています。"
"豊橋市","strong","96","中小企業振興/豊橋市","https://www.city.toyohashi.lg.jp/2861.htm","中小企業振興","中小企業振興/豊橋市 中小企業振興 本文へ移動 メニューへ移動 Languages メニュー 探す サイト内検索 広報とよはしから探す サイト内検索 HP 番号検索 広報とよはし 広報とよはしに記載されているHP番号を入力すると、該当のページが表示されます。（半角数字で入力） 組織から探す よくある質問 くらし 健康・福祉 教育・文化 魅力・観光 産業・事業 市政情報 閲覧補助 SUPPORT ふりがな 色変更 文字 拡大 標準 サイト"
"瀬戸市","strong","93","手当 | 瀬戸市子育て支援サイト","https://www.city.seto.aichi.jp/kosodate-docs/2018/05/14/00067/index.html","手当について知りたい","手当 | 瀬戸市子育て支援サイト 本文へスキップします。 瀬戸市公式ホームページへ language 閲覧補助機能 やさしい日本語 元に戻す 文字サイズ 背景色の変更 白 黒 青 閉じる 検索 メニュー 閉じる お知らせ イベント情報 子育て施設・遊び場 手当 相談 お問い合わせ 子育てQ＆A 検索 瀬戸市トップへ language 当サイトではよりよい環境でご覧いただくためにJavaScriptを用いています。 JavaScriptを"
"一宮市","strong","87","一宮市で働く｜一宮市","https://www.city.ichinomiya.aichi.jp/sougouseisaku/seisaku/1044355/1010163/1026513/1026521.html","一宮市で働く 一宮市での起業や就労についての支援制度などを紹介します。","一宮市で働く｜一宮市 当ウェブサイトではjavascriptを使用しています。 javascriptの使用を有効にしなければ、一部の機能が正確に動作しない恐れがあります。お手数ですがjavascriptの使用を有効にしてください。 エンターキーを押すと、ナビゲーション部分をスキップし本文へ移動します。 サイトマップ 文字サイズ・配色の変更 Translation 暮らし・手続き 暮らし・手続き トップ 閉じる いざというときに 防災・救"
"豊橋市","strong","87","移住支援事業（移住支援金の交付）/豊橋市","https://www.city.toyohashi.lg.jp/38488.htm","移住支援事業（移住支援金の交付）","移住支援事業（移住支援金の交付）/豊橋市 移住支援事業（移住支援金の交付） 本文へ移動 メニューへ移動 Languages メニュー 探す サイト内検索 広報とよはしから探す サイト内検索 HP 番号検索 広報とよはし 広報とよはしに記載されているHP番号を入力すると、該当のページが表示されます。（半角数字で入力） 組織から探す よくある質問 くらし 健康・福祉 教育・文化 魅力・観光 産業・事業 市政情報 閲覧補助 SUPPORT ふ"
"一宮市","strong","78","しごと・産業｜一宮市","https://www.city.ichinomiya.aichi.jp/shigoto/index.html","しごと・産業","しごと・産業｜一宮市 当ウェブサイトではjavascriptを使用しています。 javascriptの使用を有効にしなければ、一部の機能が正確に動作しない恐れがあります。お手数ですがjavascriptの使用を有効にしてください。 エンターキーを押すと、ナビゲーション部分をスキップし本文へ移動します。 サイトマップ 文字サイズ・配色の変更 Translation 暮らし・手続き 暮らし・手続き トップ 閉じる いざというときに 防災・救"
"一宮市","strong","78","就職・労働・雇用｜一宮市","https://www.city.ichinomiya.aichi.jp/katsuryokusouzou/sangyoushinkou/1000050/index.html","就職・労働・雇用","就職・労働・雇用｜一宮市 当ウェブサイトではjavascriptを使用しています。 javascriptの使用を有効にしなければ、一部の機能が正確に動作しない恐れがあります。お手数ですがjavascriptの使用を有効にしてください。 エンターキーを押すと、ナビゲーション部分をスキップし本文へ移動します。 サイトマップ 文字サイズ・配色の変更 Translation 暮らし・手続き 暮らし・手続き トップ 閉じる いざというときに 防災"
"一宮市","strong","78","事業者のための支援（補助金・融資等）｜一宮市","https://www.city.ichinomiya.aichi.jp/katsuryokusouzou/sangyoushinkou/1044297/1044298/index.html","事業者のため補助金・融資","事業者のための支援（補助金・融資等）｜一宮市 当ウェブサイトではjavascriptを使用しています。 javascriptの使用を有効にしなければ、一部の機能が正確に動作しない恐れがあります。お手数ですがjavascriptの使用を有効にしてください。 エンターキーを押すと、ナビゲーション部分をスキップし本文へ移動します。 サイトマップ 文字サイズ・配色の変更 Translation 暮らし・手続き 暮らし・手続き トップ 閉じる い"
"岡崎市","strong","78","融資あっせん・セーフティネット認定・補助金等｜岡崎市公式ホームページ","https://www.city.okazaki.lg.jp/business/sangyo/1005391/index.html","融資あっせん・セーフティネット認定・補助金等","融資あっせん・セーフティネット認定・補助金等｜岡崎市公式ホームページ 当ホームページではjavascriptを使用しています。 javascriptの使用を有効にしなければ、一部の機能が正確に動作しない恐れがあります。お手数ですがjavascriptの使用を有効にしてください。 エンターキーを押すと、ナビゲーション部分をスキップし本文へ移動します。 Foreign language 日本語 English Português Filip"
"瀬戸市","strong","78","お問い合わせ先 | 瀬戸市子育て支援サイト","https://www.city.seto.aichi.jp/kosodate-docs/2016/10/12/00025/index.html","お問い合わせ","お問い合わせ先 | 瀬戸市子育て支援サイト 本文へスキップします。 瀬戸市公式ホームページへ language 閲覧補助機能 やさしい日本語 元に戻す 文字サイズ 背景色の変更 白 黒 青 閉じる 検索 メニュー 閉じる お知らせ イベント情報 子育て施設・遊び場 手当 相談 お問い合わせ 子育てQ＆A 検索 瀬戸市トップへ language 当サイトではよりよい環境でご覧いただくためにJavaScriptを用いています。 JavaSc"
"一宮市","strong","75","妊娠・出産｜一宮市","https://www.city.ichinomiya.aichi.jp/bamen/1010925.html","妊娠・出産","妊娠・出産｜一宮市 当ウェブサイトではjavascriptを使用しています。 javascriptの使用を有効にしなければ、一部の機能が正確に動作しない恐れがあります。お手数ですがjavascriptの使用を有効にしてください。 エンターキーを押すと、ナビゲーション部分をスキップし本文へ移動します。 サイトマップ 文字サイズ・配色の変更 Translation 暮らし・手続き 暮らし・手続き トップ 閉じる いざというときに 防災・救急"
"瀬戸市","strong","75","医療助成 | 瀬戸市","https://www.city.seto.aichi.jp/bunya/life-kenkou-iryoujyosei/index.html","医療助成","医療助成 | 瀬戸市 このページの本文へ移動 瀬戸市のホームページではJavaScriptを使用しています。 JavaScriptの使用を有効にしていない場合は、一部の機能が正確に動作しない恐れがあります。 お手数ですがJavaScriptの使用を有効にしてください。 サイト内検索 ID番号検索 検索の使い方 閲覧支援ツール やさしい日本語 元に戻す 文字サイズ 背景色の変更 白 黒 青 閉じる Language HOME 安全・安心情"
"瀬戸市","strong","75","定住・移住促進 | 瀬戸市","https://www.city.seto.aichi.jp/bunya/teijyuu_ijyuusokushin.html","定住・移住促進","定住・移住促進 | 瀬戸市 このページの本文へ移動 瀬戸市のホームページではJavaScriptを使用しています。 JavaScriptの使用を有効にしていない場合は、一部の機能が正確に動作しない恐れがあります。 お手数ですがJavaScriptの使用を有効にしてください。 サイト内検索 ID番号検索 検索の使い方 閲覧支援ツール やさしい日本語 元に戻す 文字サイズ 背景色の変更 白 黒 青 閉じる Language HOME 安全・"
"瀬戸市","strong","75","妊婦のための支援給付 | 瀬戸市","https://www.city.seto.aichi.jp/docs/2025/03/06/00505309208/00505309208.html","妊婦のための支援給付","妊婦のための支援給付 | 瀬戸市 このページの本文へ移動 瀬戸市のホームページではJavaScriptを使用しています。 JavaScriptの使用を有効にしていない場合は、一部の機能が正確に動作しない恐れがあります。 お手数ですがJavaScriptの使用を有効にしてください。 サイト内検索 ID番号検索 検索の使い方 閲覧支援ツール やさしい日本語 元に戻す 文字サイズ 背景色の変更 白 黒 青 閉じる Language HOME "
"豊橋市","strong","75","手当・助成/豊橋市","https://www.city.toyohashi.lg.jp/41339.htm","手当・助成","手当・助成/豊橋市 スマートフォン用ツール メニュー表示 自動翻訳 English 中文簡体字 Portgues Espanol 背景色変更 ふりがな 文字を大きくする 拡大方法の説明 文字を元に戻す HP機能 パソコン画面表示 ページの末尾へ 目的で しらべる 妊娠・出産 予防接種・健診 入園・入学 子どもの預かり 手当・助成 お出かけ 講座 市外からの転入 ひとり親家庭 発達や障害 いろいろな支援 相談 年齢で しらべる 妊娠期 0"
"一宮市","strong","72","経済的支援（手当、資金貸付等）｜一宮市","https://www.city.ichinomiya.aichi.jp/kodomokatei/kodomokateisoudan/1000158/1057453/index.html","経済的支援（手当、資金貸付等）","経済的支援（手当、資金貸付等）｜一宮市 当ウェブサイトではjavascriptを使用しています。 javascriptの使用を有効にしなければ、一部の機能が正確に動作しない恐れがあります。お手数ですがjavascriptの使用を有効にしてください。 エンターキーを押すと、ナビゲーション部分をスキップし本文へ移動します。 サイトマップ 文字サイズ・配色の変更 Translation 暮らし・手続き 暮らし・手続き トップ 閉じる いざとい"
"一宮市","strong","72","障害者福祉｜一宮市","https://www.city.ichinomiya.aichi.jp/faq/1005664/1005970/index.html","障害者福祉","障害者福祉｜一宮市 当ウェブサイトではjavascriptを使用しています。 javascriptの使用を有効にしなければ、一部の機能が正確に動作しない恐れがあります。お手数ですがjavascriptの使用を有効にしてください。 エンターキーを押すと、ナビゲーション部分をスキップし本文へ移動します。 サイトマップ 文字サイズ・配色の変更 Translation 暮らし・手続き 暮らし・手続き トップ 閉じる いざというときに 防災・救急"
"瀬戸市","strong","72","子育て・教育 | 瀬戸市","https://www.city.seto.aichi.jp/bunya/global-kosodate-kyouiku/index.html","このページの本文へ移動","子育て・教育 | 瀬戸市 このページの本文へ移動 瀬戸市のホームページではJavaScriptを使用しています。 JavaScriptの使用を有効にしていない場合は、一部の機能が正確に動作しない恐れがあります。 お手数ですがJavaScriptの使用を有効にしてください。 サイト内検索 ID番号検索 検索の使い方 閲覧支援ツール やさしい日本語 元に戻す 文字サイズ 背景色の変更 白 黒 青 閉じる Language HOME 安全・安"
"瀬戸市","strong","72","ひとり親家庭に関する手当・援助 | 瀬戸市","https://www.city.seto.aichi.jp/bunya/kurashi-kosodate-teate-enjyo/hitorioya.html","ひとり親家庭に関する手当・援助","ひとり親家庭に関する手当・援助 | 瀬戸市 このページの本文へ移動 瀬戸市のホームページではJavaScriptを使用しています。 JavaScriptの使用を有効にしていない場合は、一部の機能が正確に動作しない恐れがあります。 お手数ですがJavaScriptの使用を有効にしてください。 サイト内検索 ID番号検索 検索の使い方 閲覧支援ツール やさしい日本語 元に戻す 文字サイズ 背景色の変更 白 黒 青 閉じる Language "
"瀬戸市","strong","72","国民健康保険料・後期高齢者医療保険料本決定通知書の発送について | 瀬戸市","https://www.city.seto.aichi.jp/docs/2025/06/25/00505309545/00505309545.html","国民健康保険料・後期高齢者医療保険料本決定通知書の発送について","国民健康保険料・後期高齢者医療保険料本決定通知書の発送について | 瀬戸市 このページの本文へ移動 瀬戸市のホームページではJavaScriptを使用しています。 JavaScriptの使用を有効にしていない場合は、一部の機能が正確に動作しない恐れがあります。 お手数ですがJavaScriptの使用を有効にしてください。 サイト内検索 ID番号検索 検索の使い方 閲覧支援ツール やさしい日本語 元に戻す 文字サイズ 背景色の変更 白 黒"
"瀬戸市","strong","72","補助金 | 瀬戸市","https://www.city.seto.aichi.jp/bunya/hojokinn/index.html","補助金","補助金 | 瀬戸市 このページの本文へ移動 瀬戸市のホームページではJavaScriptを使用しています。 JavaScriptの使用を有効にしていない場合は、一部の機能が正確に動作しない恐れがあります。 お手数ですがJavaScriptの使用を有効にしてください。 サイト内検索 ID番号検索 検索の使い方 閲覧支援ツール やさしい日本語 元に戻す 文字サイズ 背景色の変更 白 黒 青 閉じる Language HOME 安全・安心情報"
"瀬戸市","strong","72","愛知県子育て応援給付金 | 瀬戸市","https://www.city.seto.aichi.jp/docs/2024/04/08/00505308219/00505308219.html","愛知県子育て応援給付金","愛知県子育て応援給付金 | 瀬戸市 このページの本文へ移動 瀬戸市のホームページではJavaScriptを使用しています。 JavaScriptの使用を有効にしていない場合は、一部の機能が正確に動作しない恐れがあります。 お手数ですがJavaScriptの使用を有効にしてください。 サイト内検索 ID番号検索 検索の使い方 閲覧支援ツール やさしい日本語 元に戻す 文字サイズ 背景色の変更 白 黒 青 閉じる Language HOME"
"瀬戸市","strong","72","就学に関する相談について | 瀬戸市","https://www.city.seto.aichi.jp/docs/2026/01/29/00708042012/00708042012.html","就学に関する相談について","就学に関する相談について | 瀬戸市 このページの本文へ移動 瀬戸市のホームページではJavaScriptを使用しています。 JavaScriptの使用を有効にしていない場合は、一部の機能が正確に動作しない恐れがあります。 お手数ですがJavaScriptの使用を有効にしてください。 サイト内検索 ID番号検索 検索の使い方 閲覧支援ツール やさしい日本語 元に戻す 文字サイズ 背景色の変更 白 黒 青 閉じる Language HOM"
"瀬戸市","strong","72","せとまちマッチング奨励金交付申請 | 瀬戸市","https://www.city.seto.aichi.jp/docs/2024/03/21/00505308180/20240321.html","せとまちマッチング奨励金交付申請","せとまちマッチング奨励金交付申請 | 瀬戸市 このページの本文へ移動 瀬戸市のホームページではJavaScriptを使用しています。 JavaScriptの使用を有効にしていない場合は、一部の機能が正確に動作しない恐れがあります。 お手数ですがJavaScriptの使用を有効にしてください。 サイト内検索 ID番号検索 検索の使い方 閲覧支援ツール やさしい日本語 元に戻す 文字サイズ 背景色の変更 白 黒 青 閉じる Language"
"瀬戸市","strong","72","年齢別・0歳 | 瀬戸市子育て支援サイト","https://www.city.seto.aichi.jp/kosodate-docs/2018/05/11/00028/index.html","年齢別・0歳","年齢別・0歳 | 瀬戸市子育て支援サイト 本文へスキップします。 瀬戸市公式ホームページへ language 閲覧補助機能 やさしい日本語 元に戻す 文字サイズ 背景色の変更 白 黒 青 閉じる 検索 メニュー 閉じる お知らせ イベント情報 子育て施設・遊び場 手当 相談 お問い合わせ 子育てQ＆A 検索 瀬戸市トップへ language 当サイトではよりよい環境でご覧いただくためにJavaScriptを用いています。 JavaScr"
"豊橋市","strong","72","中小企業振興基本条例/豊橋市","https://www.city.toyohashi.lg.jp/60956.htm","中小企業振興基本条例","中小企業振興基本条例/豊橋市 中小企業振興基本条例 本文へ移動 メニューへ移動 Languages メニュー 探す サイト内検索 広報とよはしから探す サイト内検索 HP 番号検索 広報とよはし 広報とよはしに記載されているHP番号を入力すると、該当のページが表示されます。（半角数字で入力） 組織から探す よくある質問 くらし 健康・福祉 教育・文化 魅力・観光 産業・事業 市政情報 閲覧補助 SUPPORT ふりがな 色変更 文字 拡"
"豊橋市","strong","72","起業・創業/豊橋市","https://www.city.toyohashi.lg.jp/50266.htm","起業・創業","起業・創業/豊橋市 起業・創業 本文へ移動 メニューへ移動 Languages メニュー 探す サイト内検索 広報とよはしから探す サイト内検索 HP 番号検索 広報とよはし 広報とよはしに記載されているHP番号を入力すると、該当のページが表示されます。（半角数字で入力） 組織から探す よくある質問 くらし 健康・福祉 教育・文化 魅力・観光 産業・事業 市政情報 閲覧補助 SUPPORT ふりがな 色変更 文字 拡大 標準 サイトマッ"
"豊橋市","strong","72","奨学金返還支援制度/豊橋市","https://www.city.toyohashi.lg.jp/34111.htm","奨学金返還支援制度","奨学金返還支援制度/豊橋市 奨学金返還支援制度 本文へ移動 メニューへ移動 Languages メニュー 探す サイト内検索 広報とよはしから探す サイト内検索 HP 番号検索 広報とよはし 広報とよはしに記載されているHP番号を入力すると、該当のページが表示されます。（半角数字で入力） 組織から探す よくある質問 くらし 健康・福祉 教育・文化 魅力・観光 産業・事業 市政情報 閲覧補助 SUPPORT ふりがな 色変更 文字 拡大 "
"豊橋市","strong","72","地方就職学生支援事業（地方就職支援金の交付）/豊橋市","https://www.city.toyohashi.lg.jp/58188.htm","地方就職学生支援事業（地方就職支援金の交付）","地方就職学生支援事業（地方就職支援金の交付）/豊橋市 地方就職学生支援事業（地方就職支援金の交付） 本文へ移動 メニューへ移動 Languages メニュー 探す サイト内検索 広報とよはしから探す サイト内検索 HP 番号検索 広報とよはし 広報とよはしに記載されているHP番号を入力すると、該当のページが表示されます。（半角数字で入力） 組織から探す よくある質問 くらし 健康・福祉 教育・文化 魅力・観光 産業・事業 市政情報 閲覧"
"瀬戸市","strong","69","在宅高齢者の福祉制度（介護保険以外） | 瀬戸市","https://www.city.seto.aichi.jp/bunya/zaitakukoureisya/index.html","在宅高齢者の福祉制度（介護保険以外）","在宅高齢者の福祉制度（介護保険以外） | 瀬戸市 このページの本文へ移動 瀬戸市のホームページではJavaScriptを使用しています。 JavaScriptの使用を有効にしていない場合は、一部の機能が正確に動作しない恐れがあります。 お手数ですがJavaScriptの使用を有効にしてください。 サイト内検索 ID番号検索 検索の使い方 閲覧支援ツール やさしい日本語 元に戻す 文字サイズ 背景色の変更 白 黒 青 閉じる Langua"
"豊橋市","strong","69","豊橋市介護・障害福祉サービス事業所等光熱費高騰対策支援金/豊橋市","https://www.city.toyohashi.lg.jp/57178.htm","「豊橋市介護・障害福祉サービス事業所等光熱費高騰対策支援金」について","豊橋市介護・障害福祉サービス事業所等光熱費高騰対策支援金/豊橋市 豊橋市介護・障害福祉サービス事業所等光熱費高騰対策支援金 本文へ移動 メニューへ移動 Languages メニュー 探す サイト内検索 広報とよはしから探す サイト内検索 HP 番号検索 広報とよはし 広報とよはしに記載されているHP番号を入力すると、該当のページが表示されます。（半角数字で入力） 組織から探す よくある質問 くらし 健康・福祉 教育・文化 魅力・観光 産"
"豊橋市","strong","69","デザイン経営セミナーを開催します 主催 愛知県、中小企業庁愛知県よろず支援拠点/豊橋市","https://www.city.toyohashi.lg.jp/item/121858.htm","デザイン経営セミナーを開催します 主催 愛知県、中小企業庁愛知県よろず支援拠点","デザイン経営セミナーを開催します 主催 愛知県、中小企業庁愛知県よろず支援拠点/豊橋市 商工業振興課 本文へ移動 メニューへ移動 Languages メニュー 探す サイト内検索 広報とよはしから探す サイト内検索 HP 番号検索 広報とよはし 広報とよはしに記載されているHP番号を入力すると、該当のページが表示されます。（半角数字で入力） 組織から探す よくある質問 くらし 健康・福祉 教育・文化 魅力・観光 産業・事業 市政情報 閲"
"一宮市","strong","66","奨学金返還サポート補助金｜一宮市","https://www.city.ichinomiya.aichi.jp/katsuryokusouzou/sangyoushinkou/1000050/1055207.html","奨学金返還サポート補助金","奨学金返還サポート補助金｜一宮市 当ウェブサイトではjavascriptを使用しています。 javascriptの使用を有効にしなければ、一部の機能が正確に動作しない恐れがあります。お手数ですがjavascriptの使用を有効にしてください。 エンターキーを押すと、ナビゲーション部分をスキップし本文へ移動します。 サイトマップ 文字サイズ・配色の変更 Translation 暮らし・手続き 暮らし・手続き トップ 閉じる いざというとき"
"瀬戸市","strong","66","子育て・介護関係のオンライン申請が開始 | 瀬戸市","https://www.city.seto.aichi.jp/docs/2023/04/06/00188/00188.html","子育て・介護関係のオンライン申請が開始","子育て・介護関係のオンライン申請が開始 | 瀬戸市 このページの本文へ移動 瀬戸市のホームページではJavaScriptを使用しています。 JavaScriptの使用を有効にしていない場合は、一部の機能が正確に動作しない恐れがあります。 お手数ですがJavaScriptの使用を有効にしてください。 サイト内検索 ID番号検索 検索の使い方 閲覧支援ツール やさしい日本語 元に戻す 文字サイズ 背景色の変更 白 黒 青 閉じる Langu"
"瀬戸市","strong","66","新着一覧 | 瀬戸市","https://www.city.seto.aichi.jp/bunya/global-kosodate-kyouiku/allNewsList.html","もっと見る","新着一覧 | 瀬戸市 このページの本文へ移動 瀬戸市のホームページではJavaScriptを使用しています。 JavaScriptの使用を有効にしていない場合は、一部の機能が正確に動作しない恐れがあります。 お手数ですがJavaScriptの使用を有効にしてください。 サイト内検索 ID番号検索 検索の使い方 閲覧支援ツール やさしい日本語 元に戻す 文字サイズ 背景色の変更 白 黒 青 閉じる Language HOME 安全・安心情"
"瀬戸市","strong","66","子育て支援 | 瀬戸市","https://www.city.seto.aichi.jp/bunya/kurashi-kosodate-kosodateshien/index.html","子育て支援","子育て支援 | 瀬戸市 このページの本文へ移動 瀬戸市のホームページではJavaScriptを使用しています。 JavaScriptの使用を有効にしていない場合は、一部の機能が正確に動作しない恐れがあります。 お手数ですがJavaScriptの使用を有効にしてください。 サイト内検索 ID番号検索 検索の使い方 閲覧支援ツール やさしい日本語 元に戻す 文字サイズ 背景色の変更 白 黒 青 閉じる Language HOME 安全・安心"
"瀬戸市","strong","66","UIJターン就業・創業支援事業における移住支援金 | 瀬戸市","https://www.city.seto.aichi.jp/docs/2019/05/20/00096/index.html","UIJターン就業・創業支援事業における移住支援金","UIJターン就業・創業支援事業における移住支援金 | 瀬戸市 このページの本文へ移動 瀬戸市のホームページではJavaScriptを使用しています。 JavaScriptの使用を有効にしていない場合は、一部の機能が正確に動作しない恐れがあります。 お手数ですがJavaScriptの使用を有効にしてください。 サイト内検索 ID番号検索 検索の使い方 閲覧支援ツール やさしい日本語 元に戻す 文字サイズ 背景色の変更 白 黒 青 閉じる "
"瀬戸市","strong","66","令和7年度第2回子ども・子育て会議 内容 | 瀬戸市","https://www.city.seto.aichi.jp/docs/2026/03/27/00708042218/00708042218.html","令和7年度第2回子ども・子育て会議 内容","令和7年度第2回子ども・子育て会議 内容 | 瀬戸市 このページの本文へ移動 瀬戸市のホームページではJavaScriptを使用しています。 JavaScriptの使用を有効にしていない場合は、一部の機能が正確に動作しない恐れがあります。 お手数ですがJavaScriptの使用を有効にしてください。 サイト内検索 ID番号検索 検索の使い方 閲覧支援ツール やさしい日本語 元に戻す 文字サイズ 背景色の変更 白 黒 青 閉じる Lang"
"瀬戸市","strong","66","令和7年度第1回子ども・子育て会議 内容 | 瀬戸市","https://www.city.seto.aichi.jp/docs/2025/11/18/00708041837/00708041837.html","令和7年度第1回子ども・子育て会議 内容","令和7年度第1回子ども・子育て会議 内容 | 瀬戸市 このページの本文へ移動 瀬戸市のホームページではJavaScriptを使用しています。 JavaScriptの使用を有効にしていない場合は、一部の機能が正確に動作しない恐れがあります。 お手数ですがJavaScriptの使用を有効にしてください。 サイト内検索 ID番号検索 検索の使い方 閲覧支援ツール やさしい日本語 元に戻す 文字サイズ 背景色の変更 白 黒 青 閉じる Lang"
"瀬戸市","strong","66","令和6年度第4回子ども・子育て会議 内容 | 瀬戸市","https://www.city.seto.aichi.jp/docs/2025/03/23/00505309244/00505309244.html","令和6年度第4回子ども・子育て会議 内容","令和6年度第4回子ども・子育て会議 内容 | 瀬戸市 このページの本文へ移動 瀬戸市のホームページではJavaScriptを使用しています。 JavaScriptの使用を有効にしていない場合は、一部の機能が正確に動作しない恐れがあります。 お手数ですがJavaScriptの使用を有効にしてください。 サイト内検索 ID番号検索 検索の使い方 閲覧支援ツール やさしい日本語 元に戻す 文字サイズ 背景色の変更 白 黒 青 閉じる Lang"
"瀬戸市","strong","66","令和6年度第3回子ども・子育て会議 内容 | 瀬戸市","https://www.city.seto.aichi.jp/docs/2024/12/17/00505308980/00505308980.html","令和6年度第3回子ども・子育て会議 内容","令和6年度第3回子ども・子育て会議 内容 | 瀬戸市 このページの本文へ移動 瀬戸市のホームページではJavaScriptを使用しています。 JavaScriptの使用を有効にしていない場合は、一部の機能が正確に動作しない恐れがあります。 お手数ですがJavaScriptの使用を有効にしてください。 サイト内検索 ID番号検索 検索の使い方 閲覧支援ツール やさしい日本語 元に戻す 文字サイズ 背景色の変更 白 黒 青 閉じる Lang"
"瀬戸市","strong","66","令和6年度第2回子ども・子育て会議 内容 | 瀬戸市","https://www.city.seto.aichi.jp/docs/2024/08/08/00505308620/00505308620.html","令和6年度第2回子ども・子育て会議 内容","令和6年度第2回子ども・子育て会議 内容 | 瀬戸市 このページの本文へ移動 瀬戸市のホームページではJavaScriptを使用しています。 JavaScriptの使用を有効にしていない場合は、一部の機能が正確に動作しない恐れがあります。 お手数ですがJavaScriptの使用を有効にしてください。 サイト内検索 ID番号検索 検索の使い方 閲覧支援ツール やさしい日本語 元に戻す 文字サイズ 背景色の変更 白 黒 青 閉じる Lang"
"瀬戸市","strong","66","令和6年度第1回子ども・子育て会議 内容 | 瀬戸市","https://www.city.seto.aichi.jp/docs/2024/06/14/00505308454/00505308454.html","令和6年度第1回子ども・子育て会議 内容","令和6年度第1回子ども・子育て会議 内容 | 瀬戸市 このページの本文へ移動 瀬戸市のホームページではJavaScriptを使用しています。 JavaScriptの使用を有効にしていない場合は、一部の機能が正確に動作しない恐れがあります。 お手数ですがJavaScriptの使用を有効にしてください。 サイト内検索 ID番号検索 検索の使い方 閲覧支援ツール やさしい日本語 元に戻す 文字サイズ 背景色の変更 白 黒 青 閉じる Lang"
"瀬戸市","strong","66","令和5年度第2回子ども・子育て会議 内容 | 瀬戸市","https://www.city.seto.aichi.jp/docs/2023/12/26/0050530704/0050530704.html","令和5年度第2回子ども・子育て会議 内容","令和5年度第2回子ども・子育て会議 内容 | 瀬戸市 このページの本文へ移動 瀬戸市のホームページではJavaScriptを使用しています。 JavaScriptの使用を有効にしていない場合は、一部の機能が正確に動作しない恐れがあります。 お手数ですがJavaScriptの使用を有効にしてください。 サイト内検索 ID番号検索 検索の使い方 閲覧支援ツール やさしい日本語 元に戻す 文字サイズ 背景色の変更 白 黒 青 閉じる Lang"
"瀬戸市","strong","66","令和5年度第1回子ども・子育て会議 内容 | 瀬戸市","https://www.city.seto.aichi.jp/docs/2023/06/19/0085203/0085203.html","令和4年度第2回子ども・子育て会議 内容","令和5年度第1回子ども・子育て会議 内容 | 瀬戸市 このページの本文へ移動 瀬戸市のホームページではJavaScriptを使用しています。 JavaScriptの使用を有効にしていない場合は、一部の機能が正確に動作しない恐れがあります。 お手数ですがJavaScriptの使用を有効にしてください。 サイト内検索 ID番号検索 検索の使い方 閲覧支援ツール やさしい日本語 元に戻す 文字サイズ 背景色の変更 白 黒 青 閉じる Lang"
"瀬戸市","strong","66","令和4年度第2回子ども・子育て会議 内容 | 瀬戸市","https://www.city.seto.aichi.jp/docs/2022/12/01/00055/index.html","令和4年度第2回子ども・子育て会議 内容","令和4年度第2回子ども・子育て会議 内容 | 瀬戸市 このページの本文へ移動 瀬戸市のホームページではJavaScriptを使用しています。 JavaScriptの使用を有効にしていない場合は、一部の機能が正確に動作しない恐れがあります。 お手数ですがJavaScriptの使用を有効にしてください。 サイト内検索 ID番号検索 検索の使い方 閲覧支援ツール やさしい日本語 元に戻す 文字サイズ 背景色の変更 白 黒 青 閉じる Lang"
"瀬戸市","strong","66","令和4年度第1回子ども・子育て会議 内容 | 瀬戸市","https://www.city.seto.aichi.jp/docs/2022/06/03/00072/index.html","令和4年度第1回子ども・子育て会議 内容","令和4年度第1回子ども・子育て会議 内容 | 瀬戸市 このページの本文へ移動 瀬戸市のホームページではJavaScriptを使用しています。 JavaScriptの使用を有効にしていない場合は、一部の機能が正確に動作しない恐れがあります。 お手数ですがJavaScriptの使用を有効にしてください。 サイト内検索 ID番号検索 検索の使い方 閲覧支援ツール やさしい日本語 元に戻す 文字サイズ 背景色の変更 白 黒 青 閉じる Lang"
"一宮市","strong","63","子育て・教育｜一宮市","https://www.city.ichinomiya.aichi.jp/kosodate/index.html","エンターキーを押すと、ナビゲーション部分をスキップし本文へ移動します。","子育て・教育｜一宮市 当ウェブサイトではjavascriptを使用しています。 javascriptの使用を有効にしなければ、一部の機能が正確に動作しない恐れがあります。お手数ですがjavascriptの使用を有効にしてください。 エンターキーを押すと、ナビゲーション部分をスキップし本文へ移動します。 サイトマップ 文字サイズ・配色の変更 Translation 暮らし・手続き 暮らし・手続き トップ 閉じる いざというときに 防災・救"
"一宮市","strong","63","子ども家庭部｜一宮市","https://www.city.ichinomiya.aichi.jp/kodomokatei/index.html","子ども家庭部","子ども家庭部｜一宮市 当ウェブサイトではjavascriptを使用しています。 javascriptの使用を有効にしなければ、一部の機能が正確に動作しない恐れがあります。お手数ですがjavascriptの使用を有効にしてください。 エンターキーを押すと、ナビゲーション部分をスキップし本文へ移動します。 サイトマップ 文字サイズ・配色の変更 Translation 暮らし・手続き 暮らし・手続き トップ 閉じる いざというときに 防災・救"
"一宮市","strong","63","就学援助についてのお知らせ｜一宮市","https://www.city.ichinomiya.aichi.jp/kyouiku/gakkoukyouiku/gakkou/1044465/1010007/1001675.html","就学援助についてのお知らせ","就学援助についてのお知らせ｜一宮市 当ウェブサイトではjavascriptを使用しています。 javascriptの使用を有効にしなければ、一部の機能が正確に動作しない恐れがあります。お手数ですがjavascriptの使用を有効にしてください。 エンターキーを押すと、ナビゲーション部分をスキップし本文へ移動します。 サイトマップ 文字サイズ・配色の変更 Translation 暮らし・手続き 暮らし・手続き トップ 閉じる いざというと"
"岡崎市","strong","63","産業・ビジネス｜岡崎市公式ホームページ","https://www.city.okazaki.lg.jp/business/index.html","産業・ビジネス","産業・ビジネス｜岡崎市公式ホームページ 当ホームページではjavascriptを使用しています。 javascriptの使用を有効にしなければ、一部の機能が正確に動作しない恐れがあります。お手数ですがjavascriptの使用を有効にしてください。 エンターキーを押すと、ナビゲーション部分をスキップし本文へ移動します。 Foreign language 日本語 English Português Filipino Tiếng Việt "
"岡崎市","strong","63","岡崎市の取組み｜岡崎市公式ホームページ","https://www.city.okazaki.lg.jp/kosodate/kyouiku/1012240/index.html","岡崎市の取組み","岡崎市の取組み｜岡崎市公式ホームページ 当ホームページではjavascriptを使用しています。 javascriptの使用を有効にしなければ、一部の機能が正確に動作しない恐れがあります。お手数ですがjavascriptの使用を有効にしてください。 エンターキーを押すと、ナビゲーション部分をスキップし本文へ移動します。 Foreign language 日本語 English Português Filipino Tiếng Việt "
"瀬戸市","strong","63","乳児等通園支援事業（こども誰でも通園制度）について | 瀬戸市","https://www.city.seto.aichi.jp/docs/2026/02/05/00708042051/00708042051.html","乳児等通園支援事業（こども誰でも通園制度）について","乳児等通園支援事業（こども誰でも通園制度）について | 瀬戸市 このページの本文へ移動 瀬戸市のホームページではJavaScriptを使用しています。 JavaScriptの使用を有効にしていない場合は、一部の機能が正確に動作しない恐れがあります。 お手数ですがJavaScriptの使用を有効にしてください。 サイト内検索 ID番号検索 検索の使い方 閲覧支援ツール やさしい日本語 元に戻す 文字サイズ 背景色の変更 白 黒 青 閉じる"
"瀬戸市","strong","63","【受付終了】瀬戸市事業用電気自動車等導入補助金 | 瀬戸市","https://www.city.seto.aichi.jp/docs/2024/04/05/00505308209/00505308209.html","【受付終了】瀬戸市事業用電気自動車等導入補助金","【受付終了】瀬戸市事業用電気自動車等導入補助金 | 瀬戸市 このページの本文へ移動 瀬戸市のホームページではJavaScriptを使用しています。 JavaScriptの使用を有効にしていない場合は、一部の機能が正確に動作しない恐れがあります。 お手数ですがJavaScriptの使用を有効にしてください。 サイト内検索 ID番号検索 検索の使い方 閲覧支援ツール やさしい日本語 元に戻す 文字サイズ 背景色の変更 白 黒 青 閉じる L"
"豊橋市","strong","63","子育て/豊橋市","https://www.city.toyohashi.lg.jp/1460.htm","子ども・若者自立支援","子育て/豊橋市 子育て 本文へ移動 メニューへ移動 Languages メニュー 探す サイト内検索 広報とよはしから探す サイト内検索 HP 番号検索 広報とよはし 広報とよはしに記載されているHP番号を入力すると、該当のページが表示されます。（半角数字で入力） 組織から探す よくある質問 くらし 健康・福祉 教育・文化 魅力・観光 産業・事業 市政情報 閲覧補助 SUPPORT ふりがな 色変更 文字 拡大 標準 サイトマップ サイ"
"豊橋市","strong","63","子育て/豊橋市","https://www.city.toyohashi.lg.jp/module/30049.htm","放課後児童対策","子育て/豊橋市 子育て 本文へ移動 メニューへ移動 Languages メニュー 探す サイト内検索 広報とよはしから探す サイト内検索 HP 番号検索 広報とよはし 広報とよはしに記載されているHP番号を入力すると、該当のページが表示されます。（半角数字で入力） 組織から探す よくある質問 くらし 健康・福祉 教育・文化 魅力・観光 産業・事業 市政情報 閲覧補助 SUPPORT ふりがな 色変更 文字 拡大 標準 サイトマップ サイ"
"豊橋市","strong","63","子育て応援駐車場整備促進事業補助金/豊橋市","https://www.city.toyohashi.lg.jp/item/118885.htm","子育て応援駐車場整備促進事業補助金の申請受付を開始しました！","子育て応援駐車場整備促進事業補助金/豊橋市 子育て応援駐車場整備促進事業補助金 本文へ移動 メニューへ移動 Languages メニュー 探す サイト内検索 広報とよはしから探す サイト内検索 HP 番号検索 広報とよはし 広報とよはしに記載されているHP番号を入力すると、該当のページが表示されます。（半角数字で入力） 組織から探す よくある質問 くらし 健康・福祉 教育・文化 魅力・観光 産業・事業 市政情報 閲覧補助 SUPPORT"
"一宮市","strong","60","ひとり親家庭福祉｜一宮市","https://www.city.ichinomiya.aichi.jp/kodomokatei/kodomokateisoudan/1000158/index.html","ひとり親家庭福祉","ひとり親家庭福祉｜一宮市 当ウェブサイトではjavascriptを使用しています。 javascriptの使用を有効にしなければ、一部の機能が正確に動作しない恐れがあります。お手数ですがjavascriptの使用を有効にしてください。 エンターキーを押すと、ナビゲーション部分をスキップし本文へ移動します。 サイトマップ 文字サイズ・配色の変更 Translation 暮らし・手続き 暮らし・手続き トップ 閉じる いざというときに 防災"
"一宮市","strong","60","子育てに関する手当｜一宮市","https://www.city.ichinomiya.aichi.jp/kodomokatei/kosodateshien/1044090/1000379/index.html","子育てに関する手当","子育てに関する手当｜一宮市 当ウェブサイトではjavascriptを使用しています。 javascriptの使用を有効にしなければ、一部の機能が正確に動作しない恐れがあります。お手数ですがjavascriptの使用を有効にしてください。 エンターキーを押すと、ナビゲーション部分をスキップし本文へ移動します。 サイトマップ 文字サイズ・配色の変更 Translation 暮らし・手続き 暮らし・手続き トップ 閉じる いざというときに 防"
"一宮市","strong","60","児童館・放課後児童クラブ｜一宮市","https://www.city.ichinomiya.aichi.jp/faq/1044528/1044570/index.html","児童館・放課後児童クラブ","児童館・放課後児童クラブ｜一宮市 当ウェブサイトではjavascriptを使用しています。 javascriptの使用を有効にしなければ、一部の機能が正確に動作しない恐れがあります。お手数ですがjavascriptの使用を有効にしてください。 エンターキーを押すと、ナビゲーション部分をスキップし本文へ移動します。 サイトマップ 文字サイズ・配色の変更 Translation 暮らし・手続き 暮らし・手続き トップ 閉じる いざというとき"
"一宮市","strong","60","一宮市児童扶養手当加算金｜一宮市","https://www.city.ichinomiya.aichi.jp/kodomokatei/kosodateshien/1044090/1000379/1068958.html","一宮市児童扶養手当加算金","一宮市児童扶養手当加算金｜一宮市 当ウェブサイトではjavascriptを使用しています。 javascriptの使用を有効にしなければ、一部の機能が正確に動作しない恐れがあります。お手数ですがjavascriptの使用を有効にしてください。 エンターキーを押すと、ナビゲーション部分をスキップし本文へ移動します。 サイトマップ 文字サイズ・配色の変更 Translation 暮らし・手続き 暮らし・手続き トップ 閉じる いざというとき"
"一宮市","strong","60","障害者のための在宅福祉ガイド｜一宮市","https://www.city.ichinomiya.aichi.jp/fukushi/shougaifukushi/1044107/1000147/1053959.html","障害者のための在宅福祉ガイド","障害者のための在宅福祉ガイド｜一宮市 当ウェブサイトではjavascriptを使用しています。 javascriptの使用を有効にしなければ、一部の機能が正確に動作しない恐れがあります。お手数ですがjavascriptの使用を有効にしてください。 エンターキーを押すと、ナビゲーション部分をスキップし本文へ移動します。 サイトマップ 文字サイズ・配色の変更 Translation 暮らし・手続き 暮らし・手続き トップ 閉じる いざという"
"岡崎市","strong","60","し尿の処理・浄化槽｜岡崎市公式ホームページ","https://www.city.okazaki.lg.jp/kurashi/gomi/1012432/index.html","し尿の処理・浄化槽","し尿の処理・浄化槽｜岡崎市公式ホームページ 当ホームページではjavascriptを使用しています。 javascriptの使用を有効にしなければ、一部の機能が正確に動作しない恐れがあります。お手数ですがjavascriptの使用を有効にしてください。 エンターキーを押すと、ナビゲーション部分をスキップし本文へ移動します。 Foreign language 日本語 English Português Filipino Tiếng Việ"
"岡崎市","strong","60","親子で学ぶ 乳幼児を守る安全講習（幼児を守る親子教室）｜岡崎市公式ホームページ","https://www.city.okazaki.lg.jp/kosodate/kosodate/1012230/1012231/1003452.html","親子で学ぶ 乳幼児を守る安全講習（幼児を守る親子教室）","親子で学ぶ 乳幼児を守る安全講習（幼児を守る親子教室）｜岡崎市公式ホームページ 当ホームページではjavascriptを使用しています。 javascriptの使用を有効にしなければ、一部の機能が正確に動作しない恐れがあります。お手数ですがjavascriptの使用を有効にしてください。 エンターキーを押すと、ナビゲーション部分をスキップし本文へ移動します。 Foreign language 日本語 English Português "
"岡崎市","strong","60","高校、大学、専門学校など｜岡崎市公式ホームページ","https://www.city.okazaki.lg.jp/kosodate/kyouiku/1012239/index.html","高校、大学、専門学校など","高校、大学、専門学校など｜岡崎市公式ホームページ 当ホームページではjavascriptを使用しています。 javascriptの使用を有効にしなければ、一部の機能が正確に動作しない恐れがあります。お手数ですがjavascriptの使用を有効にしてください。 エンターキーを押すと、ナビゲーション部分をスキップし本文へ移動します。 Foreign language 日本語 English Português Filipino Tiếng "
"岡崎市","strong","60","感染症・病気に関すること｜岡崎市公式ホームページ","https://www.city.okazaki.lg.jp/kenko/kenko_iryo/1012508/index.html","感染症・病気に関すること","感染症・病気に関すること｜岡崎市公式ホームページ 当ホームページではjavascriptを使用しています。 javascriptの使用を有効にしなければ、一部の機能が正確に動作しない恐れがあります。お手数ですがjavascriptの使用を有効にしてください。 エンターキーを押すと、ナビゲーション部分をスキップし本文へ移動します。 Foreign language 日本語 English Português Filipino Tiếng "
"岡崎市","strong","60","令和6年4月22日 省エネ補助金説明会＆脱炭素経営セミナーを開催しました。｜岡崎市公式ホームページ","https://www.city.okazaki.lg.jp/kanko/event/1009636/1009676.html","令和6年4月22日 省エネ補助金説明会＆脱炭素経営セミナーを開催しました。","令和6年4月22日 省エネ補助金説明会＆脱炭素経営セミナーを開催しました。｜岡崎市公式ホームページ 当ホームページではjavascriptを使用しています。 javascriptの使用を有効にしなければ、一部の機能が正確に動作しない恐れがあります。お手数ですがjavascriptの使用を有効にしてください。 エンターキーを押すと、ナビゲーション部分をスキップし本文へ移動します。 Foreign language 日本語 English "
"岡崎市","strong","60","自転車乗車用ヘルメットの購入費を補助します｜岡崎市公式ホームページ","https://www.city.okazaki.lg.jp/kurashi/kotsu/1002769/1002779.html","自転車乗車用ヘルメットの購入費を補助します","自転車乗車用ヘルメットの購入費を補助します｜岡崎市公式ホームページ 当ホームページではjavascriptを使用しています。 javascriptの使用を有効にしなければ、一部の機能が正確に動作しない恐れがあります。お手数ですがjavascriptの使用を有効にしてください。 エンターキーを押すと、ナビゲーション部分をスキップし本文へ移動します。 Foreign language 日本語 English Português Filipi"
"瀬戸市","strong","60","福祉・健康 | 瀬戸市","https://www.city.seto.aichi.jp/bunya/global-fukushi-kenkou/index.html","","福祉・健康 | 瀬戸市 このページの本文へ移動 瀬戸市のホームページではJavaScriptを使用しています。 JavaScriptの使用を有効にしていない場合は、一部の機能が正確に動作しない恐れがあります。 お手数ですがJavaScriptの使用を有効にしてください。 サイト内検索 ID番号検索 検索の使い方 閲覧支援ツール やさしい日本語 元に戻す 文字サイズ 背景色の変更 白 黒 青 閉じる Language HOME 安全・安心"
"瀬戸市","strong","60","出産に関すること | 瀬戸市","https://www.city.seto.aichi.jp/bunya/life-syussan/index.html","出産に関すること","出産に関すること | 瀬戸市 このページの本文へ移動 瀬戸市のホームページではJavaScriptを使用しています。 JavaScriptの使用を有効にしていない場合は、一部の機能が正確に動作しない恐れがあります。 お手数ですがJavaScriptの使用を有効にしてください。 サイト内検索 ID番号検索 検索の使い方 閲覧支援ツール やさしい日本語 元に戻す 文字サイズ 背景色の変更 白 黒 青 閉じる Language HOME 安全"
"瀬戸市","strong","60","児童手当 | 瀬戸市","https://www.city.seto.aichi.jp/docs/2024/08/23/00505308667/00505308667.html","児童手当","児童手当 | 瀬戸市 このページの本文へ移動 瀬戸市のホームページではJavaScriptを使用しています。 JavaScriptの使用を有効にしていない場合は、一部の機能が正確に動作しない恐れがあります。 お手数ですがJavaScriptの使用を有効にしてください。 サイト内検索 ID番号検索 検索の使い方 閲覧支援ツール やさしい日本語 元に戻す 文字サイズ 背景色の変更 白 黒 青 閉じる Language HOME 安全・安心情"
"瀬戸市","strong","60","国民健康保険料・後期高齢者医療保険料の仮徴収額決定通知書送付について | 瀬戸市","https://www.city.seto.aichi.jp/docs/2023/12/27/0050530711/0050530711.html","国民健康保険料・後期高齢者医療保険料の仮徴収額決定通知書送付について","国民健康保険料・後期高齢者医療保険料の仮徴収額決定通知書送付について | 瀬戸市 このページの本文へ移動 瀬戸市のホームページではJavaScriptを使用しています。 JavaScriptの使用を有効にしていない場合は、一部の機能が正確に動作しない恐れがあります。 お手数ですがJavaScriptの使用を有効にしてください。 サイト内検索 ID番号検索 検索の使い方 閲覧支援ツール やさしい日本語 元に戻す 文字サイズ 背景色の変更 "
"瀬戸市","strong","60","中小企業支援 | 瀬戸市","https://www.city.seto.aichi.jp/bunya/chuusyoukigyou-shien/index.html","中小企業支援","中小企業支援 | 瀬戸市 このページの本文へ移動 瀬戸市のホームページではJavaScriptを使用しています。 JavaScriptの使用を有効にしていない場合は、一部の機能が正確に動作しない恐れがあります。 お手数ですがJavaScriptの使用を有効にしてください。 サイト内検索 ID番号検索 検索の使い方 閲覧支援ツール やさしい日本語 元に戻す 文字サイズ 背景色の変更 白 黒 青 閉じる Language HOME 安全・安"
"瀬戸市","strong","60","令和８年度の水道料金を３期（６か月分）減免します（物価高対策） | 瀬戸市","https://www.city.seto.aichi.jp/docs/2025/12/01/00708041864/r8genmen.html","令和８年度の水道料金を３期（６か月分）減免します（物価高対策）","令和８年度の水道料金を３期（６か月分）減免します（物価高対策） | 瀬戸市 このページの本文へ移動 瀬戸市のホームページではJavaScriptを使用しています。 JavaScriptの使用を有効にしていない場合は、一部の機能が正確に動作しない恐れがあります。 お手数ですがJavaScriptの使用を有効にしてください。 サイト内検索 ID番号検索 検索の使い方 閲覧支援ツール やさしい日本語 元に戻す 文字サイズ 背景色の変更 白 黒"
"瀬戸市","strong","60","育児・介護両立支援 瀬戸市就職面談会 | 瀬戸市","https://www.city.seto.aichi.jp/docs/2026/01/08/00708041953/00000000.html","家庭（育児・介護等）と仕事の両立を希望される方を対象とした就職面談会","育児・介護両立支援 瀬戸市就職面談会 | 瀬戸市 このページの本文へ移動 瀬戸市のホームページではJavaScriptを使用しています。 JavaScriptの使用を有効にしていない場合は、一部の機能が正確に動作しない恐れがあります。 お手数ですがJavaScriptの使用を有効にしてください。 サイト内検索 ID番号検索 検索の使い方 閲覧支援ツール やさしい日本語 元に戻す 文字サイズ 背景色の変更 白 黒 青 閉じる Langua"
"瀬戸市","strong","60","年齢別・1-2歳 | 瀬戸市子育て支援サイト","https://www.city.seto.aichi.jp/kosodate-docs/2018/05/10/00083/index.html","年齢別・1-2歳","年齢別・1-2歳 | 瀬戸市子育て支援サイト 本文へスキップします。 瀬戸市公式ホームページへ language 閲覧補助機能 やさしい日本語 元に戻す 文字サイズ 背景色の変更 白 黒 青 閉じる 検索 メニュー 閉じる お知らせ イベント情報 子育て施設・遊び場 手当 相談 お問い合わせ 子育てQ＆A 検索 瀬戸市トップへ language 当サイトではよりよい環境でご覧いただくためにJavaScriptを用いています。 JavaS"
"瀬戸市","strong","60","年齢別・3-5歳 | 瀬戸市子育て支援サイト","https://www.city.seto.aichi.jp/kosodate-docs/2018/05/11/00110/index.html","年齢別・3-5歳","年齢別・3-5歳 | 瀬戸市子育て支援サイト 本文へスキップします。 瀬戸市公式ホームページへ language 閲覧補助機能 やさしい日本語 元に戻す 文字サイズ 背景色の変更 白 黒 青 閉じる 検索 メニュー 閉じる お知らせ イベント情報 子育て施設・遊び場 手当 相談 お問い合わせ 子育てQ＆A 検索 瀬戸市トップへ language 当サイトではよりよい環境でご覧いただくためにJavaScriptを用いています。 JavaS"
"瀬戸市","strong","60","【参加者募集】雇用関係助成金活用セミナー | 瀬戸市","https://www.city.seto.aichi.jp/docs/2025/08/28/00708041628/00708041628.html","【参加者募集】雇用関係助成金活用セミナー","【参加者募集】雇用関係助成金活用セミナー | 瀬戸市 このページの本文へ移動 瀬戸市のホームページではJavaScriptを使用しています。 JavaScriptの使用を有効にしていない場合は、一部の機能が正確に動作しない恐れがあります。 お手数ですがJavaScriptの使用を有効にしてください。 サイト内検索 ID番号検索 検索の使い方 閲覧支援ツール やさしい日本語 元に戻す 文字サイズ 背景色の変更 白 黒 青 閉じる Lang"
"瀬戸市","strong","60","自然災害により被害を受けた市民の方への支援（瀬戸市被災者生活再建支援金支給） | 瀬戸市","https://www.city.seto.aichi.jp/docs/2018/05/10/00021/index.html","自然災害により被害を受けた市民の方への支援（瀬戸市被災者生活再建支援金支給）","自然災害により被害を受けた市民の方への支援（瀬戸市被災者生活再建支援金支給） | 瀬戸市 このページの本文へ移動 瀬戸市のホームページではJavaScriptを使用しています。 JavaScriptの使用を有効にしていない場合は、一部の機能が正確に動作しない恐れがあります。 お手数ですがJavaScriptの使用を有効にしてください。 サイト内検索 ID番号検索 検索の使い方 閲覧支援ツール やさしい日本語 元に戻す 文字サイズ 背景色"
"豊橋市","strong","60","子育て支援課/豊橋市","https://www.city.toyohashi.lg.jp/17802.htm","子育て支援課","子育て支援課/豊橋市 子育て支援課 本文へ移動 メニューへ移動 Languages メニュー 探す サイト内検索 広報とよはしから探す サイト内検索 HP 番号検索 広報とよはし 広報とよはしに記載されているHP番号を入力すると、該当のページが表示されます。（半角数字で入力） 組織から探す よくある質問 くらし 健康・福祉 教育・文化 魅力・観光 産業・事業 市政情報 閲覧補助 SUPPORT ふりがな 色変更 文字 拡大 標準 サイト"
"豊橋市","strong","60","子ども医療費の償還（払い戻し）/豊橋市","https://www.city.toyohashi.lg.jp/45632.htm","子ども医療費の償還（払い戻し）","子ども医療費の償還（払い戻し）/豊橋市 子ども医療費の償還（払い戻し） 本文へ移動 メニューへ移動 Languages メニュー 探す サイト内検索 広報とよはしから探す サイト内検索 HP 番号検索 広報とよはし 広報とよはしに記載されているHP番号を入力すると、該当のページが表示されます。（半角数字で入力） 組織から探す よくある質問 くらし 健康・福祉 教育・文化 魅力・観光 産業・事業 市政情報 閲覧補助 SUPPORT ふりが"
"豊橋市","strong","60","豊橋市こども計画2025-2029/豊橋市","https://www.city.toyohashi.lg.jp/60365.htm","豊橋市こども計画（第３期豊橋市子ども・子育て応援プラン）","豊橋市こども計画2025-2029/豊橋市 豊橋市こども計画2025-2029 本文へ移動 メニューへ移動 Languages メニュー 探す サイト内検索 広報とよはしから探す サイト内検索 HP 番号検索 広報とよはし 広報とよはしに記載されているHP番号を入力すると、該当のページが表示されます。（半角数字で入力） 組織から探す よくある質問 くらし 健康・福祉 教育・文化 魅力・観光 産業・事業 市政情報 閲覧補助 SUPPORT"
"豊橋市","strong","60","4歳～就学前/豊橋市","https://www.city.toyohashi.lg.jp/41588.htm","4歳～就学前","4歳～就学前/豊橋市 スマートフォン用ツール メニュー表示 自動翻訳 English 中文簡体字 Portgues Espanol 背景色変更 ふりがな 文字を大きくする 拡大方法の説明 文字を元に戻す HP機能 パソコン画面表示 ページの末尾へ 目的で しらべる 妊娠・出産 予防接種・健診 入園・入学 子どもの預かり 手当・助成 お出かけ 講座 市外からの転入 ひとり親家庭 発達や障害 いろいろな支援 相談 年齢で しらべる 妊娠期 "
"豊橋市","strong","60","豊橋市こども計画2025-2029/豊橋市","https://www.city.toyohashi.lg.jp/item/112036.htm","豊橋市こども計画2025-2029（案）のパブリックコメントを募集します","豊橋市こども計画2025-2029/豊橋市 豊橋市こども計画2025-2029 本文へ移動 メニューへ移動 Languages メニュー 探す サイト内検索 広報とよはしから探す サイト内検索 HP 番号検索 広報とよはし 広報とよはしに記載されているHP番号を入力すると、該当のページが表示されます。（半角数字で入力） 組織から探す よくある質問 くらし 健康・福祉 教育・文化 魅力・観光 産業・事業 市政情報 閲覧補助 SUPPORT"
"名古屋市","strong","60","児童扶養手当｜名古屋市公式ウェブサイト","https://www.city.nagoya.jp/kodomo/hitorioya/1009385/1009387.html","児童扶養手当","児童扶養手当｜名古屋市公式ウェブサイト 当ホームページではjavascriptを使用しています。 javascriptの使用を有効にしなければ、一部の機能が正確に動作しない恐れがあります。お手数ですがjavascriptの使用を有効にしてください。 エンターキーを押すと、ナビゲーション部分をスキップし本文へ移動します。 防災ポータル 質問する ふりがな ふりがなをけす 読み上げ 文字サイズ・配色 Language やさしい日本語 もとの"
"一宮市","strong","57","建設・都市基盤（住宅）｜一宮市","https://www.city.ichinomiya.aichi.jp/faq/1005668/1006005/index.html","建設・都市基盤（住宅）","建設・都市基盤（住宅）｜一宮市 当ウェブサイトではjavascriptを使用しています。 javascriptの使用を有効にしなければ、一部の機能が正確に動作しない恐れがあります。お手数ですがjavascriptの使用を有効にしてください。 エンターキーを押すと、ナビゲーション部分をスキップし本文へ移動します。 サイトマップ 文字サイズ・配色の変更 Translation 暮らし・手続き 暮らし・手続き トップ 閉じる いざというときに"
"岡崎市","strong","57","くらし・手続き｜岡崎市公式ホームページ","https://www.city.okazaki.lg.jp/kurashi/index.html","くらし・手続き","くらし・手続き｜岡崎市公式ホームページ 当ホームページではjavascriptを使用しています。 javascriptの使用を有効にしなければ、一部の機能が正確に動作しない恐れがあります。お手数ですがjavascriptの使用を有効にしてください。 エンターキーを押すと、ナビゲーション部分をスキップし本文へ移動します。 Foreign language 日本語 English Português Filipino Tiếng Việt "
"岡崎市","strong","57","交通｜岡崎市公式ホームページ","https://www.city.okazaki.lg.jp/kurashi/kotsu/index.html","交通","交通｜岡崎市公式ホームページ 当ホームページではjavascriptを使用しています。 javascriptの使用を有効にしなければ、一部の機能が正確に動作しない恐れがあります。お手数ですがjavascriptの使用を有効にしてください。 エンターキーを押すと、ナビゲーション部分をスキップし本文へ移動します。 Foreign language 日本語 English Português Filipino Tiếng Việt 中文（简体"
"岡崎市","strong","57","補助・助成・融資・減免制度｜岡崎市公式ホームページ","https://www.city.okazaki.lg.jp/kurashi/yushi/index.html","補助・助成・融資・減免制度","補助・助成・融資・減免制度｜岡崎市公式ホームページ 当ホームページではjavascriptを使用しています。 javascriptの使用を有効にしなければ、一部の機能が正確に動作しない恐れがあります。お手数ですがjavascriptの使用を有効にしてください。 エンターキーを押すと、ナビゲーション部分をスキップし本文へ移動します。 Foreign language 日本語 English Português Filipino Tiếng"
"岡崎市","strong","57","産業振興｜岡崎市公式ホームページ","https://www.city.okazaki.lg.jp/business/sangyo/index.html","産業振興","産業振興｜岡崎市公式ホームページ 当ホームページではjavascriptを使用しています。 javascriptの使用を有効にしなければ、一部の機能が正確に動作しない恐れがあります。お手数ですがjavascriptの使用を有効にしてください。 エンターキーを押すと、ナビゲーション部分をスキップし本文へ移動します。 Foreign language 日本語 English Português Filipino Tiếng Việt 中文（"
"岡崎市","strong","57","岡崎市の観光・産業｜岡崎市公式ホームページ","https://www.city.okazaki.lg.jp/kanko/kanko_sangyo/index.html","岡崎市の観光・産業","岡崎市の観光・産業｜岡崎市公式ホームページ 当ホームページではjavascriptを使用しています。 javascriptの使用を有効にしなければ、一部の機能が正確に動作しない恐れがあります。お手数ですがjavascriptの使用を有効にしてください。 エンターキーを押すと、ナビゲーション部分をスキップし本文へ移動します。 Foreign language 日本語 English Português Filipino Tiếng Việ"
"岡崎市","strong","57","マイナンバーカードを医療受給者証として利用できるようになりました｜岡崎市公式ホームページ","https://www.city.okazaki.lg.jp/kurashi/koseki/1014111/1014879.html","マイナンバーカードを医療受給者証として利用できるようになりました","マイナンバーカードを医療受給者証として利用できるようになりました｜岡崎市公式ホームページ 当ホームページではjavascriptを使用しています。 javascriptの使用を有効にしなければ、一部の機能が正確に動作しない恐れがあります。お手数ですがjavascriptの使用を有効にしてください。 エンターキーを押すと、ナビゲーション部分をスキップし本文へ移動します。 Foreign language 日本語 English Portu"
"岡崎市","strong","57","社会保険や手当、名義変更などに関する手続き｜岡崎市公式ホームページ","https://www.city.okazaki.lg.jp/kurashi/kekkon/1012256/index.html","社会保険や手当、名義変更などに関する手続き","社会保険や手当、名義変更などに関する手続き｜岡崎市公式ホームページ 当ホームページではjavascriptを使用しています。 javascriptの使用を有効にしなければ、一部の機能が正確に動作しない恐れがあります。お手数ですがjavascriptの使用を有効にしてください。 エンターキーを押すと、ナビゲーション部分をスキップし本文へ移動します。 Foreign language 日本語 English Português Filipi"
"岡崎市","strong","57","社会保険や手当、名義変更などに関する手続き｜岡崎市公式ホームページ","https://www.city.okazaki.lg.jp/kurashi/fukou/1012345/index.html","社会保険や手当、名義変更などに関する手続き","社会保険や手当、名義変更などに関する手続き｜岡崎市公式ホームページ 当ホームページではjavascriptを使用しています。 javascriptの使用を有効にしなければ、一部の機能が正確に動作しない恐れがあります。お手数ですがjavascriptの使用を有効にしてください。 エンターキーを押すと、ナビゲーション部分をスキップし本文へ移動します。 Foreign language 日本語 English Português Filipi"
"岡崎市","strong","57","補助金｜岡崎市公式ホームページ","https://www.city.okazaki.lg.jp/kurashi/kotsu/1012398/index.html","補助金","補助金｜岡崎市公式ホームページ 当ホームページではjavascriptを使用しています。 javascriptの使用を有効にしなければ、一部の機能が正確に動作しない恐れがあります。お手数ですがjavascriptの使用を有効にしてください。 エンターキーを押すと、ナビゲーション部分をスキップし本文へ移動します。 Foreign language 日本語 English Português Filipino Tiếng Việt 中文（简"
"岡崎市","strong","57","令和7年度岡崎市定額減税不足額給付金｜岡崎市公式ホームページ","https://www.city.okazaki.lg.jp/kurashi/yushi/1002049.html","令和7年度岡崎市定額減税不足額給付金","令和7年度岡崎市定額減税不足額給付金｜岡崎市公式ホームページ 当ホームページではjavascriptを使用しています。 javascriptの使用を有効にしなければ、一部の機能が正確に動作しない恐れがあります。お手数ですがjavascriptの使用を有効にしてください。 エンターキーを押すと、ナビゲーション部分をスキップし本文へ移動します。 Foreign language 日本語 English Português Filipino "
"岡崎市","strong","57","市の取り組み｜岡崎市公式ホームページ","https://www.city.okazaki.lg.jp/kenko/kenko_iryo/1012510/index.html","市の取り組み","市の取り組み｜岡崎市公式ホームページ 当ホームページではjavascriptを使用しています。 javascriptの使用を有効にしなければ、一部の機能が正確に動作しない恐れがあります。お手数ですがjavascriptの使用を有効にしてください。 エンターキーを押すと、ナビゲーション部分をスキップし本文へ移動します。 Foreign language 日本語 English Português Filipino Tiếng Việt 中"
"岡崎市","strong","57","観光関連の補助金｜岡崎市公式ホームページ","https://www.city.okazaki.lg.jp/kanko/kanko_sangyo/1013370.html","観光関連の補助金","観光関連の補助金｜岡崎市公式ホームページ 当ホームページではjavascriptを使用しています。 javascriptの使用を有効にしなければ、一部の機能が正確に動作しない恐れがあります。お手数ですがjavascriptの使用を有効にしてください。 エンターキーを押すと、ナビゲーション部分をスキップし本文へ移動します。 Foreign language 日本語 English Português Filipino Tiếng Việt"
"岡崎市","strong","57","次世代自動車の購入費を補助します｜岡崎市公式ホームページ","https://www.city.okazaki.lg.jp/kurashi/gomi/1002338/1002481/1011421.html","令和8年度岡崎市次世代自動車購入費補助金を実施します。","次世代自動車の購入費を補助します｜岡崎市公式ホームページ 当ホームページではjavascriptを使用しています。 javascriptの使用を有効にしなければ、一部の機能が正確に動作しない恐れがあります。お手数ですがjavascriptの使用を有効にしてください。 エンターキーを押すと、ナビゲーション部分をスキップし本文へ移動します。 Foreign language 日本語 English Português Filipino Ti"
"瀬戸市","strong","57","国民年金 | 瀬戸市","https://www.city.seto.aichi.jp/bunya/kurashi-kokuminnenkin/index.html","","国民年金 | 瀬戸市 このページの本文へ移動 瀬戸市のホームページではJavaScriptを使用しています。 JavaScriptの使用を有効にしていない場合は、一部の機能が正確に動作しない恐れがあります。 お手数ですがJavaScriptの使用を有効にしてください。 サイト内検索 ID番号検索 検索の使い方 閲覧支援ツール やさしい日本語 元に戻す 文字サイズ 背景色の変更 白 黒 青 閉じる Language HOME 安全・安心情"
"瀬戸市","strong","57","入札・契約・検査 | 瀬戸市","https://www.city.seto.aichi.jp/bunya/nyuusatu-keiyaku-kensa/index.html","","入札・契約・検査 | 瀬戸市 このページの本文へ移動 瀬戸市のホームページではJavaScriptを使用しています。 JavaScriptの使用を有効にしていない場合は、一部の機能が正確に動作しない恐れがあります。 お手数ですがJavaScriptの使用を有効にしてください。 サイト内検索 ID番号検索 検索の使い方 閲覧支援ツール やさしい日本語 元に戻す 文字サイズ 背景色の変更 白 黒 青 閉じる Language HOME 安全"
"瀬戸市","strong","57","令和9年度小学校就学予定者の健康診断について | 瀬戸市","https://www.city.seto.aichi.jp/docs/2018/09/07/00012/index.html","令和8年度小学校就学予定者の健康診断について","令和9年度小学校就学予定者の健康診断について | 瀬戸市 このページの本文へ移動 瀬戸市のホームページではJavaScriptを使用しています。 JavaScriptの使用を有効にしていない場合は、一部の機能が正確に動作しない恐れがあります。 お手数ですがJavaScriptの使用を有効にしてください。 サイト内検索 ID番号検索 検索の使い方 閲覧支援ツール やさしい日本語 元に戻す 文字サイズ 背景色の変更 白 黒 青 閉じる La"
"瀬戸市","strong","57","関連情報 | 瀬戸市","https://www.city.seto.aichi.jp/bunya/kurashi-bousai-kanrenjyouhou/index.html","","関連情報 | 瀬戸市 このページの本文へ移動 瀬戸市のホームページではJavaScriptを使用しています。 JavaScriptの使用を有効にしていない場合は、一部の機能が正確に動作しない恐れがあります。 お手数ですがJavaScriptの使用を有効にしてください。 サイト内検索 ID番号検索 検索の使い方 閲覧支援ツール やさしい日本語 元に戻す 文字サイズ 背景色の変更 白 黒 青 閉じる Language HOME 安全・安心情"
"瀬戸市","strong","57","瀬戸市AEDステーション認定制度 | 瀬戸市","https://www.city.seto.aichi.jp/docs/2018/04/13/00056/index.html","","瀬戸市AEDステーション認定制度 | 瀬戸市 このページの本文へ移動 瀬戸市のホームページではJavaScriptを使用しています。 JavaScriptの使用を有効にしていない場合は、一部の機能が正確に動作しない恐れがあります。 お手数ですがJavaScriptの使用を有効にしてください。 サイト内検索 ID番号検索 検索の使い方 閲覧支援ツール やさしい日本語 元に戻す 文字サイズ 背景色の変更 白 黒 青 閉じる Language"
"瀬戸市","strong","57","瀬戸市消防本部の「就職ガイド」パンフレットを作成しました | 瀬戸市","https://www.city.seto.aichi.jp/docs/2023/06/28/0085233/0085233.html","","瀬戸市消防本部の「就職ガイド」パンフレットを作成しました | 瀬戸市 このページの本文へ移動 瀬戸市のホームページではJavaScriptを使用しています。 JavaScriptの使用を有効にしていない場合は、一部の機能が正確に動作しない恐れがあります。 お手数ですがJavaScriptの使用を有効にしてください。 サイト内検索 ID番号検索 検索の使い方 閲覧支援ツール やさしい日本語 元に戻す 文字サイズ 背景色の変更 白 黒 青 "
"瀬戸市","strong","57","相談 | 瀬戸市","https://www.city.seto.aichi.jp/bunya/kurashi-kosodate-soudan/index.html","相談","相談 | 瀬戸市 このページの本文へ移動 瀬戸市のホームページではJavaScriptを使用しています。 JavaScriptの使用を有効にしていない場合は、一部の機能が正確に動作しない恐れがあります。 お手数ですがJavaScriptの使用を有効にしてください。 サイト内検索 ID番号検索 検索の使い方 閲覧支援ツール やさしい日本語 元に戻す 文字サイズ 背景色の変更 白 黒 青 閉じる Language HOME 安全・安心情報 "
"瀬戸市","strong","57","障害者の手当 | 瀬戸市","https://www.city.seto.aichi.jp/bunya/syougaisyanoteate.html","障害者の手当","障害者の手当 | 瀬戸市 このページの本文へ移動 瀬戸市のホームページではJavaScriptを使用しています。 JavaScriptの使用を有効にしていない場合は、一部の機能が正確に動作しない恐れがあります。 お手数ですがJavaScriptの使用を有効にしてください。 サイト内検索 ID番号検索 検索の使い方 閲覧支援ツール やさしい日本語 元に戻す 文字サイズ 背景色の変更 白 黒 青 閉じる Language HOME 安全・安"
"瀬戸市","strong","57","医療費の助成 | 瀬戸市","https://www.city.seto.aichi.jp/bunya/iryouhijyosei.html","医療費の助成","医療費の助成 | 瀬戸市 このページの本文へ移動 瀬戸市のホームページではJavaScriptを使用しています。 JavaScriptの使用を有効にしていない場合は、一部の機能が正確に動作しない恐れがあります。 お手数ですがJavaScriptの使用を有効にしてください。 サイト内検索 ID番号検索 検索の使い方 閲覧支援ツール やさしい日本語 元に戻す 文字サイズ 背景色の変更 白 黒 青 閉じる Language HOME 安全・安"
"瀬戸市","strong","57","交通・社会生活などの支援 | 瀬戸市","https://www.city.seto.aichi.jp/bunya/koutsu_syakaiseikatsu_shien.html","交通・社会生活などの支援","交通・社会生活などの支援 | 瀬戸市 このページの本文へ移動 瀬戸市のホームページではJavaScriptを使用しています。 JavaScriptの使用を有効にしていない場合は、一部の機能が正確に動作しない恐れがあります。 お手数ですがJavaScriptの使用を有効にしてください。 サイト内検索 ID番号検索 検索の使い方 閲覧支援ツール やさしい日本語 元に戻す 文字サイズ 背景色の変更 白 黒 青 閉じる Language HOM"
"瀬戸市","strong","57","介護保険のしくみ | 瀬戸市","https://www.city.seto.aichi.jp/bunya/kaigohoken-sikumi/index.html","介護保険のしくみ","介護保険のしくみ | 瀬戸市 このページの本文へ移動 瀬戸市のホームページではJavaScriptを使用しています。 JavaScriptの使用を有効にしていない場合は、一部の機能が正確に動作しない恐れがあります。 お手数ですがJavaScriptの使用を有効にしてください。 サイト内検索 ID番号検索 検索の使い方 閲覧支援ツール やさしい日本語 元に戻す 文字サイズ 背景色の変更 白 黒 青 閉じる Language HOME 安全"
"瀬戸市","strong","57","せとっ子ファミリー交流館 飲料自動販売機設置に係る行政財産の貸付 募集 | 瀬戸市","https://www.city.seto.aichi.jp/docs/2026/01/30/00708042015/00708042015.html","せとっ子ファミリー交流館 飲料自動販売機設置に係る行政財産の貸付 募集","せとっ子ファミリー交流館 飲料自動販売機設置に係る行政財産の貸付 募集 | 瀬戸市 このページの本文へ移動 瀬戸市のホームページではJavaScriptを使用しています。 JavaScriptの使用を有効にしていない場合は、一部の機能が正確に動作しない恐れがあります。 お手数ですがJavaScriptの使用を有効にしてください。 サイト内検索 ID番号検索 検索の使い方 閲覧支援ツール やさしい日本語 元に戻す 文字サイズ 背景色の変更"
"瀬戸市","strong","57","パルティせと市民交流センター 飲料自動販売機設置に係る行政財産の貸付 募集【終了】 | 瀬戸市","https://www.city.seto.aichi.jp/docs/2025/12/10/00708041887/party.html","パルティせと市民交流センター 飲料自動販売機設置に係る行政財産の貸付 募集【終了】","パルティせと市民交流センター 飲料自動販売機設置に係る行政財産の貸付 募集【終了】 | 瀬戸市 このページの本文へ移動 瀬戸市のホームページではJavaScriptを使用しています。 JavaScriptの使用を有効にしていない場合は、一部の機能が正確に動作しない恐れがあります。 お手数ですがJavaScriptの使用を有効にしてください。 サイト内検索 ID番号検索 検索の使い方 閲覧支援ツール やさしい日本語 元に戻す 文字サイズ "
"瀬戸市","strong","57","農業関係の支援 | 瀬戸市","https://www.city.seto.aichi.jp/bunya/nougyou_shien.html","農業関係の支援","農業関係の支援 | 瀬戸市 このページの本文へ移動 瀬戸市のホームページではJavaScriptを使用しています。 JavaScriptの使用を有効にしていない場合は、一部の機能が正確に動作しない恐れがあります。 お手数ですがJavaScriptの使用を有効にしてください。 サイト内検索 ID番号検索 検索の使い方 閲覧支援ツール やさしい日本語 元に戻す 文字サイズ 背景色の変更 白 黒 青 閉じる Language HOME 安全・"
"瀬戸市","strong","57","特定創業支援等事業 | 瀬戸市","https://www.city.seto.aichi.jp/docs/2018/05/11/00103/index.html","特定創業支援等事業","特定創業支援等事業 | 瀬戸市 このページの本文へ移動 瀬戸市のホームページではJavaScriptを使用しています。 JavaScriptの使用を有効にしていない場合は、一部の機能が正確に動作しない恐れがあります。 お手数ですがJavaScriptの使用を有効にしてください。 サイト内検索 ID番号検索 検索の使い方 閲覧支援ツール やさしい日本語 元に戻す 文字サイズ 背景色の変更 白 黒 青 閉じる Language HOME 安"
"瀬戸市","strong","57","瀬戸市軽度・中等度難聴高齢者補聴器購入費助成事業について | 瀬戸市","https://www.city.seto.aichi.jp/docs/2026/03/22/00708042202/00708042202.html","瀬戸市軽度・中等度難聴高齢者補聴器購入費助成事業について","瀬戸市軽度・中等度難聴高齢者補聴器購入費助成事業について | 瀬戸市 このページの本文へ移動 瀬戸市のホームページではJavaScriptを使用しています。 JavaScriptの使用を有効にしていない場合は、一部の機能が正確に動作しない恐れがあります。 お手数ですがJavaScriptの使用を有効にしてください。 サイト内検索 ID番号検索 検索の使い方 閲覧支援ツール やさしい日本語 元に戻す 文字サイズ 背景色の変更 白 黒 青 "
"瀬戸市","strong","57","令和７年度救急医療週間 | 瀬戸市","https://www.city.seto.aichi.jp/docs/2025/07/09/00505309573/00505309573.html","令和7年度救急医療週間","令和７年度救急医療週間 | 瀬戸市 このページの本文へ移動 瀬戸市のホームページではJavaScriptを使用しています。 JavaScriptの使用を有効にしていない場合は、一部の機能が正確に動作しない恐れがあります。 お手数ですがJavaScriptの使用を有効にしてください。 サイト内検索 ID番号検索 検索の使い方 閲覧支援ツール やさしい日本語 元に戻す 文字サイズ 背景色の変更 白 黒 青 閉じる Language HOME"
"瀬戸市","strong","57","瀬戸市愛知万博２０周年記念事業助成金の対象事業募集！(募集終了） | 瀬戸市","https://www.city.seto.aichi.jp/docs/2024/12/05/00505308944/00505308944.html","瀬戸市愛知万博２０周年記念事業助成金の対象事業募集！（募集終了）","瀬戸市愛知万博２０周年記念事業助成金の対象事業募集！(募集終了） | 瀬戸市 このページの本文へ移動 瀬戸市のホームページではJavaScriptを使用しています。 JavaScriptの使用を有効にしていない場合は、一部の機能が正確に動作しない恐れがあります。 お手数ですがJavaScriptの使用を有効にしてください。 サイト内検索 ID番号検索 検索の使い方 閲覧支援ツール やさしい日本語 元に戻す 文字サイズ 背景色の変更 白 "
"瀬戸市","strong","57","障害理解を深めるハンドブックを作成しました！ | 瀬戸市","https://www.city.seto.aichi.jp/docs/2022/03/16/00026/index.html","障害理解を深めるハンドブックを作成しました！","障害理解を深めるハンドブックを作成しました！ | 瀬戸市 このページの本文へ移動 瀬戸市のホームページではJavaScriptを使用しています。 JavaScriptの使用を有効にしていない場合は、一部の機能が正確に動作しない恐れがあります。 お手数ですがJavaScriptの使用を有効にしてください。 サイト内検索 ID番号検索 検索の使い方 閲覧支援ツール やさしい日本語 元に戻す 文字サイズ 背景色の変更 白 黒 青 閉じる La"
"瀬戸市","strong","57","児童発達支援センター（のぞみ学園）について | 瀬戸市","https://www.city.seto.aichi.jp/docs/2021/03/18/00016/index.html","児童発達支援センター（のぞみ学園）について","児童発達支援センター（のぞみ学園）について | 瀬戸市 このページの本文へ移動 瀬戸市のホームページではJavaScriptを使用しています。 JavaScriptの使用を有効にしていない場合は、一部の機能が正確に動作しない恐れがあります。 お手数ですがJavaScriptの使用を有効にしてください。 サイト内検索 ID番号検索 検索の使い方 閲覧支援ツール やさしい日本語 元に戻す 文字サイズ 背景色の変更 白 黒 青 閉じる Lan"
"瀬戸市","strong","57","国民健康保険料の減免制度 | 瀬戸市","https://www.city.seto.aichi.jp/docs/2020/06/11/00059/","国民健康保険料の減免制度","国民健康保険料の減免制度 | 瀬戸市 このページの本文へ移動 瀬戸市のホームページではJavaScriptを使用しています。 JavaScriptの使用を有効にしていない場合は、一部の機能が正確に動作しない恐れがあります。 お手数ですがJavaScriptの使用を有効にしてください。 サイト内検索 ID番号検索 検索の使い方 閲覧支援ツール やさしい日本語 元に戻す 文字サイズ 背景色の変更 白 黒 青 閉じる Language HOM"
"豊橋市","strong","57","商工業振興課/豊橋市","https://www.city.toyohashi.lg.jp/2856.htm","商工業振興課","商工業振興課/豊橋市 商工業振興課 本文へ移動 メニューへ移動 Languages メニュー 探す サイト内検索 広報とよはしから探す サイト内検索 HP 番号検索 広報とよはし 広報とよはしに記載されているHP番号を入力すると、該当のページが表示されます。（半角数字で入力） 組織から探す よくある質問 くらし 健康・福祉 教育・文化 魅力・観光 産業・事業 市政情報 閲覧補助 SUPPORT ふりがな 色変更 文字 拡大 標準 サイト"
"名古屋市","strong","57","経済的な支援（手当・貸付等）［ひとり親家庭の支援］｜名古屋市公式ウェブサイト","https://www.city.nagoya.jp/kodomo/hitorioya/1009385/index.html","経済的な支援（手当・貸付等）［ひとり親家庭の支援］","経済的な支援（手当・貸付等）［ひとり親家庭の支援］｜名古屋市公式ウェブサイト 当ホームページではjavascriptを使用しています。 javascriptの使用を有効にしなければ、一部の機能が正確に動作しない恐れがあります。お手数ですがjavascriptの使用を有効にしてください。 エンターキーを押すと、ナビゲーション部分をスキップし本文へ移動します。 防災ポータル 質問する ふりがな ふりがなをけす 読み上げ 文字サイズ・配色 L"
"名古屋市","strong","57","ひとり親家庭手当・愛知県遺児手当｜名古屋市公式ウェブサイト","https://www.city.nagoya.jp/kodomo/hitorioya/1009385/1009386.html","ひとり親家庭手当・愛知県遺児手当","ひとり親家庭手当・愛知県遺児手当｜名古屋市公式ウェブサイト 当ホームページではjavascriptを使用しています。 javascriptの使用を有効にしなければ、一部の機能が正確に動作しない恐れがあります。お手数ですがjavascriptの使用を有効にしてください。 エンターキーを押すと、ナビゲーション部分をスキップし本文へ移動します。 防災ポータル 質問する ふりがな ふりがなをけす 読み上げ 文字サイズ・配色 Language や"
"一宮市","strong","54","子育て｜一宮市","https://www.city.ichinomiya.aichi.jp/bamen/1010926.html","子育て","子育て｜一宮市 当ウェブサイトではjavascriptを使用しています。 javascriptの使用を有効にしなければ、一部の機能が正確に動作しない恐れがあります。お手数ですがjavascriptの使用を有効にしてください。 エンターキーを押すと、ナビゲーション部分をスキップし本文へ移動します。 サイトマップ 文字サイズ・配色の変更 Translation 暮らし・手続き 暮らし・手続き トップ 閉じる いざというときに 防災・救急・防"
"一宮市","strong","54","一宮市賃上げ促進支援金｜一宮市","https://www.city.ichinomiya.aichi.jp/katsuryokusouzou/sangyoushinkou/1000050/1075534.html","一宮市賃上げ促進支援金","一宮市賃上げ促進支援金｜一宮市 当ウェブサイトではjavascriptを使用しています。 javascriptの使用を有効にしなければ、一部の機能が正確に動作しない恐れがあります。お手数ですがjavascriptの使用を有効にしてください。 エンターキーを押すと、ナビゲーション部分をスキップし本文へ移動します。 サイトマップ 文字サイズ・配色の変更 Translation 暮らし・手続き 暮らし・手続き トップ 閉じる いざというときに"
"一宮市","strong","54","創業支援について｜一宮市","https://www.city.ichinomiya.aichi.jp/katsuryokusouzou/sangyoushinkou/1044297/1044298/1002681.html","起業・創業を目指す方を応援します 市内で起業・創業を目指す方を支援し地域の経済活性化を図っています。","創業支援について｜一宮市 当ウェブサイトではjavascriptを使用しています。 javascriptの使用を有効にしなければ、一部の機能が正確に動作しない恐れがあります。お手数ですがjavascriptの使用を有効にしてください。 エンターキーを押すと、ナビゲーション部分をスキップし本文へ移動します。 サイトマップ 文字サイズ・配色の変更 Translation 暮らし・手続き 暮らし・手続き トップ 閉じる いざというときに 防災"
"岡崎市","strong","54","公共施設｜岡崎市公式ホームページ","https://www.city.okazaki.lg.jp/shisei/shisetsu/index.html","公共施設","公共施設｜岡崎市公式ホームページ 当ホームページではjavascriptを使用しています。 javascriptの使用を有効にしなければ、一部の機能が正確に動作しない恐れがあります。お手数ですがjavascriptの使用を有効にしてください。 エンターキーを押すと、ナビゲーション部分をスキップし本文へ移動します。 Foreign language 日本語 English Português Filipino Tiếng Việt 中文（"
"岡崎市","strong","54","相談・問い合わせ｜岡崎市公式ホームページ","https://www.city.okazaki.lg.jp/kosodate/kosodate/1003532/index.html","相談・問い合わせ","相談・問い合わせ｜岡崎市公式ホームページ 当ホームページではjavascriptを使用しています。 javascriptの使用を有効にしなければ、一部の機能が正確に動作しない恐れがあります。お手数ですがjavascriptの使用を有効にしてください。 エンターキーを押すと、ナビゲーション部分をスキップし本文へ移動します。 Foreign language 日本語 English Português Filipino Tiếng Việt"
"岡崎市","strong","54","固定資産税の減免｜岡崎市公式ホームページ","https://www.city.okazaki.lg.jp/kurashi/zei/1001651/1001737/1001765/1015611.html","固定資産税の減免","固定資産税の減免｜岡崎市公式ホームページ 当ホームページではjavascriptを使用しています。 javascriptの使用を有効にしなければ、一部の機能が正確に動作しない恐れがあります。お手数ですがjavascriptの使用を有効にしてください。 エンターキーを押すと、ナビゲーション部分をスキップし本文へ移動します。 Foreign language 日本語 English Português Filipino Tiếng Việt"
"瀬戸市","strong","54","瀬戸市内の子ども食堂等のご案内 | 瀬戸市","https://www.city.seto.aichi.jp/docs/2021/05/28/00064/index.html","瀬戸市内の子ども食堂等のご案内","瀬戸市内の子ども食堂等のご案内 | 瀬戸市 このページの本文へ移動 瀬戸市のホームページではJavaScriptを使用しています。 JavaScriptの使用を有効にしていない場合は、一部の機能が正確に動作しない恐れがあります。 お手数ですがJavaScriptの使用を有効にしてください。 サイト内検索 ID番号検索 検索の使い方 閲覧支援ツール やさしい日本語 元に戻す 文字サイズ 背景色の変更 白 黒 青 閉じる Language "
"瀬戸市","strong","54","地域子ども会活動助成補助金（令和8年度交付申請） | 瀬戸市","https://www.city.seto.aichi.jp/docs/2026/03/05/00708042147/00708042147.html","地域子ども会活動助成補助金(令和8年度交付申請)","地域子ども会活動助成補助金（令和8年度交付申請） | 瀬戸市 このページの本文へ移動 瀬戸市のホームページではJavaScriptを使用しています。 JavaScriptの使用を有効にしていない場合は、一部の機能が正確に動作しない恐れがあります。 お手数ですがJavaScriptの使用を有効にしてください。 サイト内検索 ID番号検索 検索の使い方 閲覧支援ツール やさしい日本語 元に戻す 文字サイズ 背景色の変更 白 黒 青 閉じる "
"瀬戸市","strong","54","令和７年度第２回子ども・子育て会議を開催します | 瀬戸市","https://www.city.seto.aichi.jp/docs/2026/03/02/00708042120/00708042120.html","瀬戸市子ども・子育て会議について","令和７年度第２回子ども・子育て会議を開催します | 瀬戸市 このページの本文へ移動 瀬戸市のホームページではJavaScriptを使用しています。 JavaScriptの使用を有効にしていない場合は、一部の機能が正確に動作しない恐れがあります。 お手数ですがJavaScriptの使用を有効にしてください。 サイト内検索 ID番号検索 検索の使い方 閲覧支援ツール やさしい日本語 元に戻す 文字サイズ 背景色の変更 白 黒 青 閉じる L"
"瀬戸市","strong","54","地域子ども会活動助成補助金（令和7年度実績報告） | 瀬戸市","https://www.city.seto.aichi.jp/docs/2026/02/12/00708042082/00708042082.html","地域子ども会活動助成事業補助金（令和7年度実績報告）","地域子ども会活動助成補助金（令和7年度実績報告） | 瀬戸市 このページの本文へ移動 瀬戸市のホームページではJavaScriptを使用しています。 JavaScriptの使用を有効にしていない場合は、一部の機能が正確に動作しない恐れがあります。 お手数ですがJavaScriptの使用を有効にしてください。 サイト内検索 ID番号検索 検索の使い方 閲覧支援ツール やさしい日本語 元に戻す 文字サイズ 背景色の変更 白 黒 青 閉じる "
"瀬戸市","strong","54","空き家の無料相談会 | 瀬戸市","https://www.city.seto.aichi.jp/docs/2020/01/10/00019/index.html","空き家の無料相談会","空き家の無料相談会 | 瀬戸市 このページの本文へ移動 瀬戸市のホームページではJavaScriptを使用しています。 JavaScriptの使用を有効にしていない場合は、一部の機能が正確に動作しない恐れがあります。 お手数ですがJavaScriptの使用を有効にしてください。 サイト内検索 ID番号検索 検索の使い方 閲覧支援ツール やさしい日本語 元に戻す 文字サイズ 背景色の変更 白 黒 青 閉じる Language HOME 安"
"瀬戸市","strong","54","令和５年住宅・土地統計調査について | 瀬戸市","https://www.city.seto.aichi.jp/docs/2023/07/23/0085331/0085331.html","令和５年住宅・土地統計調査の実施","令和５年住宅・土地統計調査について | 瀬戸市 このページの本文へ移動 瀬戸市のホームページではJavaScriptを使用しています。 JavaScriptの使用を有効にしていない場合は、一部の機能が正確に動作しない恐れがあります。 お手数ですがJavaScriptの使用を有効にしてください。 サイト内検索 ID番号検索 検索の使い方 閲覧支援ツール やさしい日本語 元に戻す 文字サイズ 背景色の変更 白 黒 青 閉じる Languag"
"瀬戸市","strong","54","児童発達支援センター（のぞみ学園） | 瀬戸市","https://www.city.seto.aichi.jp/docs/2011/04/21/00014/index.html","児童発達支援センター（のぞみ学園）","児童発達支援センター（のぞみ学園） | 瀬戸市 このページの本文へ移動 瀬戸市のホームページではJavaScriptを使用しています。 JavaScriptの使用を有効にしていない場合は、一部の機能が正確に動作しない恐れがあります。 お手数ですがJavaScriptの使用を有効にしてください。 サイト内検索 ID番号検索 検索の使い方 閲覧支援ツール やさしい日本語 元に戻す 文字サイズ 背景色の変更 白 黒 青 閉じる Languag"
"瀬戸市","strong","54","対象者別・障害や発達に心配のあるお子さん | 瀬戸市子育て支援サイト","https://www.city.seto.aichi.jp/kosodate-docs/2018/05/11/00042/index.html","対象者別・障害や発達に心配のあるお子さん","対象者別・障害や発達に心配のあるお子さん | 瀬戸市子育て支援サイト 本文へスキップします。 瀬戸市公式ホームページへ language 閲覧補助機能 やさしい日本語 元に戻す 文字サイズ 背景色の変更 白 黒 青 閉じる 検索 メニュー 閉じる お知らせ イベント情報 子育て施設・遊び場 手当 相談 お問い合わせ 子育てQ＆A 検索 瀬戸市トップへ language 当サイトではよりよい環境でご覧いただくためにJavaScriptを用"
"瀬戸市","strong","54","子育て支援者向けページ | 瀬戸市子育て支援サイト","https://www.city.seto.aichi.jp/kosodate-docs/2018/09/20/00028/index.html","支援者の方","子育て支援者向けページ | 瀬戸市子育て支援サイト 本文へスキップします。 瀬戸市公式ホームページへ language 閲覧補助機能 やさしい日本語 元に戻す 文字サイズ 背景色の変更 白 黒 青 閉じる 検索 メニュー 閉じる お知らせ イベント情報 子育て施設・遊び場 手当 相談 お問い合わせ 子育てQ＆A 検索 瀬戸市トップへ language 当サイトではよりよい環境でご覧いただくためにJavaScriptを用いています。 Ja"
"瀬戸市","strong","54","木造住宅耐震改修費等補助金 申込書ダウンロード | 瀬戸市","https://www.city.seto.aichi.jp/docs/2020/03/27/00073/index.html","木造住宅耐震改修費等補助金 申込書ダウンロード","木造住宅耐震改修費等補助金 申込書ダウンロード | 瀬戸市 このページの本文へ移動 瀬戸市のホームページではJavaScriptを使用しています。 JavaScriptの使用を有効にしていない場合は、一部の機能が正確に動作しない恐れがあります。 お手数ですがJavaScriptの使用を有効にしてください。 サイト内検索 ID番号検索 検索の使い方 閲覧支援ツール やさしい日本語 元に戻す 文字サイズ 背景色の変更 白 黒 青 閉じる L"
"豊橋市","strong","54","本市の物価高騰対策/豊橋市","https://www.city.toyohashi.lg.jp/item/122001.htm","物価高騰対策一覧","本市の物価高騰対策/豊橋市 物価高騰対策一覧 本文へ移動 メニューへ移動 Languages メニュー 探す サイト内検索 広報とよはしから探す サイト内検索 HP 番号検索 広報とよはし 広報とよはしに記載されているHP番号を入力すると、該当のページが表示されます。（半角数字で入力） 組織から探す よくある質問 くらし 健康・福祉 教育・文化 魅力・観光 産業・事業 市政情報 閲覧補助 SUPPORT ふりがな 色変更 文字 拡大 標"
"豊橋市","strong","54","物価高騰対策一覧/豊橋市","https://www.city.toyohashi.lg.jp/64057.htm","物価高騰対策一覧","物価高騰対策一覧/豊橋市 物価高騰対策一覧 本文へ移動 メニューへ移動 Languages メニュー 探す サイト内検索 広報とよはしから探す サイト内検索 HP 番号検索 広報とよはし 広報とよはしに記載されているHP番号を入力すると、該当のページが表示されます。（半角数字で入力） 組織から探す よくある質問 くらし 健康・福祉 教育・文化 魅力・観光 産業・事業 市政情報 閲覧補助 SUPPORT ふりがな 色変更 文字 拡大 標準"
"一宮市","strong","51","一宮市","https://www.city.ichinomiya.aichi.jp/","","一宮市 当ウェブサイトではjavascriptを使用しています。 javascriptの使用を有効にしなければ、一部の機能が正確に動作しない恐れがあります。お手数ですがjavascriptの使用を有効にしてください。 エンターキーを押すと、ナビゲーション部分をスキップし本文へ移動します。 暮らし・手続き 暮らし・手続き トップ 閉じる いざというときに 防災・救急・防犯 届け出・証明 税金 健康保険・年金 ごみ・環境 住まい・生活環境 "
"一宮市","strong","51","母子保健｜一宮市","https://www.city.ichinomiya.aichi.jp/hokenjo/kenkoushien/1009995/index.html","エンターキーを押すと、ナビゲーション部分をスキップし本文へ移動します。","母子保健｜一宮市 当ウェブサイトではjavascriptを使用しています。 javascriptの使用を有効にしなければ、一部の機能が正確に動作しない恐れがあります。お手数ですがjavascriptの使用を有効にしてください。 エンターキーを押すと、ナビゲーション部分をスキップし本文へ移動します。 サイトマップ 文字サイズ・配色の変更 Translation 暮らし・手続き 暮らし・手続き トップ 閉じる いざというときに 防災・救急・"
"一宮市","strong","51","保育園・幼稚園等｜一宮市","https://www.city.ichinomiya.aichi.jp/kodomokatei/hoiku/1000155/index.html","保育園・幼稚園等","保育園・幼稚園等｜一宮市 当ウェブサイトではjavascriptを使用しています。 javascriptの使用を有効にしなければ、一部の機能が正確に動作しない恐れがあります。お手数ですがjavascriptの使用を有効にしてください。 エンターキーを押すと、ナビゲーション部分をスキップし本文へ移動します。 サイトマップ 文字サイズ・配色の変更 Translation 暮らし・手続き 暮らし・手続き トップ 閉じる いざというときに 防災"
"一宮市","strong","51","医療｜一宮市","https://www.city.ichinomiya.aichi.jp/kenkou/iryou/index.html","エンターキーを押すと、ナビゲーション部分をスキップし本文へ移動します。","医療｜一宮市 当ウェブサイトではjavascriptを使用しています。 javascriptの使用を有効にしなければ、一部の機能が正確に動作しない恐れがあります。お手数ですがjavascriptの使用を有効にしてください。 エンターキーを押すと、ナビゲーション部分をスキップし本文へ移動します。 サイトマップ 文字サイズ・配色の変更 Translation 暮らし・手続き 暮らし・手続き トップ 閉じる いざというときに 防災・救急・防犯"
"一宮市","strong","51","よくある質問｜一宮市","https://www.city.ichinomiya.aichi.jp/faq/index.html","よくある質問","よくある質問｜一宮市 当ウェブサイトではjavascriptを使用しています。 javascriptの使用を有効にしなければ、一部の機能が正確に動作しない恐れがあります。お手数ですがjavascriptの使用を有効にしてください。 エンターキーを押すと、ナビゲーション部分をスキップし本文へ移動します。 サイトマップ 文字サイズ・配色の変更 Translation 暮らし・手続き 暮らし・手続き トップ 閉じる いざというときに 防災・救"
"一宮市","strong","51","一宮市食料品物価高騰支援金について｜一宮市","https://www.city.ichinomiya.aichi.jp/sougouseisaku/seisaku/1044355/1010163/1069300.html","【食料品物価高騰支援金】まだ受け取っていない方に案内を送付します","一宮市食料品物価高騰支援金について｜一宮市 当ウェブサイトではjavascriptを使用しています。 javascriptの使用を有効にしなければ、一部の機能が正確に動作しない恐れがあります。お手数ですがjavascriptの使用を有効にしてください。 エンターキーを押すと、ナビゲーション部分をスキップし本文へ移動します。 サイトマップ 文字サイズ・配色の変更 Translation 暮らし・手続き 暮らし・手続き トップ 閉じる いざ"
"一宮市","strong","51","いちのみやし出産準備・子育て応援給付金（「出産・子育て応援交付金」を活用した支援）｜一宮市","https://www.city.ichinomiya.aichi.jp/hokenjo/kenkoushien/1009995/1065616.html","いちのみやし出産準備・子育て応援給付金（「出産・子育て応援交付金」を活用した支援）","いちのみやし出産準備・子育て応援給付金（「出産・子育て応援交付金」を活用した支援）｜一宮市 当ウェブサイトではjavascriptを使用しています。 javascriptの使用を有効にしなければ、一部の機能が正確に動作しない恐れがあります。お手数ですがjavascriptの使用を有効にしてください。 エンターキーを押すと、ナビゲーション部分をスキップし本文へ移動します。 サイトマップ 文字サイズ・配色の変更 Translation 暮ら"
"一宮市","strong","51","県外医療機関で妊婦・産婦・乳児健康診査・新生児聴覚検査を受診される方へ｜一宮市","https://www.city.ichinomiya.aichi.jp/hokenjo/kenkoushien/1009995/1025100.html","県外医療機関で妊婦・産婦・乳児健康診査・新生児聴覚検査を受診される方へ","県外医療機関で妊婦・産婦・乳児健康診査・新生児聴覚検査を受診される方へ｜一宮市 当ウェブサイトではjavascriptを使用しています。 javascriptの使用を有効にしなければ、一部の機能が正確に動作しない恐れがあります。お手数ですがjavascriptの使用を有効にしてください。 エンターキーを押すと、ナビゲーション部分をスキップし本文へ移動します。 サイトマップ 文字サイズ・配色の変更 Translation 暮らし・手続き "
"一宮市","strong","51","保育料の多子減免制度｜一宮市","https://www.city.ichinomiya.aichi.jp/kodomokatei/hoiku/1000155/1001415.html","保育料の多子減免制度","保育料の多子減免制度｜一宮市 当ウェブサイトではjavascriptを使用しています。 javascriptの使用を有効にしなければ、一部の機能が正確に動作しない恐れがあります。お手数ですがjavascriptの使用を有効にしてください。 エンターキーを押すと、ナビゲーション部分をスキップし本文へ移動します。 サイトマップ 文字サイズ・配色の変更 Translation 暮らし・手続き 暮らし・手続き トップ 閉じる いざというときに "
"一宮市","strong","51","医療（保健総務課）｜一宮市","https://www.city.ichinomiya.aichi.jp/hokenjo/hokensoumu/1044460/index.html","医療（保健総務課）","医療（保健総務課）｜一宮市 当ウェブサイトではjavascriptを使用しています。 javascriptの使用を有効にしなければ、一部の機能が正確に動作しない恐れがあります。お手数ですがjavascriptの使用を有効にしてください。 エンターキーを押すと、ナビゲーション部分をスキップし本文へ移動します。 サイトマップ 文字サイズ・配色の変更 Translation 暮らし・手続き 暮らし・手続き トップ 閉じる いざというときに 防"
"一宮市","strong","51","一宮市奨学金返還サポート補助金【登録事業者一覧】｜一宮市","https://www.city.ichinomiya.aichi.jp/katsuryokusouzou/sangyoushinkou/1000050/1057124.html","一宮市奨学金返還サポート補助金【登録事業者一覧】","一宮市奨学金返還サポート補助金【登録事業者一覧】｜一宮市 当ウェブサイトではjavascriptを使用しています。 javascriptの使用を有効にしなければ、一部の機能が正確に動作しない恐れがあります。お手数ですがjavascriptの使用を有効にしてください。 エンターキーを押すと、ナビゲーション部分をスキップし本文へ移動します。 サイトマップ 文字サイズ・配色の変更 Translation 暮らし・手続き 暮らし・手続き トップ"
"一宮市","strong","51","し尿・浄化槽｜一宮市","https://www.city.ichinomiya.aichi.jp/kankyou/haikibutsutaisaku/1043987/1043988/1000174/index.html","し尿・浄化槽","し尿・浄化槽｜一宮市 当ウェブサイトではjavascriptを使用しています。 javascriptの使用を有効にしなければ、一部の機能が正確に動作しない恐れがあります。お手数ですがjavascriptの使用を有効にしてください。 エンターキーを押すと、ナビゲーション部分をスキップし本文へ移動します。 サイトマップ 文字サイズ・配色の変更 Translation 暮らし・手続き 暮らし・手続き トップ 閉じる いざというときに 防災・救"
"一宮市","strong","51","一宮市への移住・定住をお考えの方へ｜一宮市","https://www.city.ichinomiya.aichi.jp/sougouseisaku/seisaku/1044355/1010163/1026513/index.html","一宮市への移住・定住をお考えの方へ","一宮市への移住・定住をお考えの方へ｜一宮市 当ウェブサイトではjavascriptを使用しています。 javascriptの使用を有効にしなければ、一部の機能が正確に動作しない恐れがあります。お手数ですがjavascriptの使用を有効にしてください。 エンターキーを押すと、ナビゲーション部分をスキップし本文へ移動します。 サイトマップ 文字サイズ・配色の変更 Translation 暮らし・手続き 暮らし・手続き トップ 閉じる いざ"
"一宮市","strong","51","一宮市企業再投資促進補助金｜一宮市","https://www.city.ichinomiya.aichi.jp/katsuryokusouzou/sangyoushinkou/1010102/1044301/1002626.html","企業再投資促進補助金 地域の経済・雇用の基盤を支えている企業の流出を防止するため、愛知県と協力し、市内における再投資を支援しています。","一宮市企業再投資促進補助金｜一宮市 当ウェブサイトではjavascriptを使用しています。 javascriptの使用を有効にしなければ、一部の機能が正確に動作しない恐れがあります。お手数ですがjavascriptの使用を有効にしてください。 エンターキーを押すと、ナビゲーション部分をスキップし本文へ移動します。 サイトマップ 文字サイズ・配色の変更 Translation 暮らし・手続き 暮らし・手続き トップ 閉じる いざというと"
"岡崎市","strong","51","市政情報｜岡崎市公式ホームページ","https://www.city.okazaki.lg.jp/shisei/index.html","市政情報","市政情報｜岡崎市公式ホームページ 当ホームページではjavascriptを使用しています。 javascriptの使用を有効にしなければ、一部の機能が正確に動作しない恐れがあります。お手数ですがjavascriptの使用を有効にしてください。 エンターキーを押すと、ナビゲーション部分をスキップし本文へ移動します。 Foreign language 日本語 English Português Filipino Tiếng Việt 中文（"
"岡崎市","strong","51","施設予約システムで予約できる施設｜岡崎市公式ホームページ","https://www.city.okazaki.lg.jp/bunka/sports_shisetsu/1004917/1004920.html","施設予約システムで予約できる施設","施設予約システムで予約できる施設｜岡崎市公式ホームページ 当ホームページではjavascriptを使用しています。 javascriptの使用を有効にしなければ、一部の機能が正確に動作しない恐れがあります。お手数ですがjavascriptの使用を有効にしてください。 エンターキーを押すと、ナビゲーション部分をスキップし本文へ移動します。 Foreign language 日本語 English Português Filipino Ti"
"岡崎市","strong","51","病院・救急の時の連絡先｜岡崎市公式ホームページ","https://www.city.okazaki.lg.jp/kosodate/kosodate/1012235/index.html","病院・救急の時の連絡先","病院・救急の時の連絡先｜岡崎市公式ホームページ 当ホームページではjavascriptを使用しています。 javascriptの使用を有効にしなければ、一部の機能が正確に動作しない恐れがあります。お手数ですがjavascriptの使用を有効にしてください。 エンターキーを押すと、ナビゲーション部分をスキップし本文へ移動します。 Foreign language 日本語 English Português Filipino Tiếng V"
"岡崎市","strong","51","相談・問い合わせ｜岡崎市公式ホームページ","https://www.city.okazaki.lg.jp/kosodate/ninshin/1012211/index.html","相談・問い合わせ","相談・問い合わせ｜岡崎市公式ホームページ 当ホームページではjavascriptを使用しています。 javascriptの使用を有効にしなければ、一部の機能が正確に動作しない恐れがあります。お手数ですがjavascriptの使用を有効にしてください。 エンターキーを押すと、ナビゲーション部分をスキップし本文へ移動します。 Foreign language 日本語 English Português Filipino Tiếng Việt"
"岡崎市","strong","51","こんにちは赤ちゃん訪問｜岡崎市公式ホームページ","https://www.city.okazaki.lg.jp/kosodate/kosodate/1003471.html","こんにちは赤ちゃん訪問","こんにちは赤ちゃん訪問｜岡崎市公式ホームページ 当ホームページではjavascriptを使用しています。 javascriptの使用を有効にしなければ、一部の機能が正確に動作しない恐れがあります。お手数ですがjavascriptの使用を有効にしてください。 エンターキーを押すと、ナビゲーション部分をスキップし本文へ移動します。 Foreign language 日本語 English Português Filipino Tiếng V"
"岡崎市","strong","51","小学校｜岡崎市公式ホームページ","https://www.city.okazaki.lg.jp/kosodate/kyouiku/1012237/index.html","小学校","小学校｜岡崎市公式ホームページ 当ホームページではjavascriptを使用しています。 javascriptの使用を有効にしなければ、一部の機能が正確に動作しない恐れがあります。お手数ですがjavascriptの使用を有効にしてください。 エンターキーを押すと、ナビゲーション部分をスキップし本文へ移動します。 Foreign language 日本語 English Português Filipino Tiếng Việt 中文（简"
"岡崎市","strong","51","岡崎市保健所【岡崎げんき館2階】｜岡崎市公式ホームページ","https://www.city.okazaki.lg.jp/kenko/kenko_iryo/1004471/index.html","岡崎市保健所【岡崎げんき館2階】","岡崎市保健所【岡崎げんき館2階】｜岡崎市公式ホームページ 当ホームページではjavascriptを使用しています。 javascriptの使用を有効にしなければ、一部の機能が正確に動作しない恐れがあります。お手数ですがjavascriptの使用を有効にしてください。 エンターキーを押すと、ナビゲーション部分をスキップし本文へ移動します。 Foreign language 日本語 English Português Filipino Ti"
"岡崎市","strong","51","建築物耐震｜岡崎市公式ホームページ","https://www.city.okazaki.lg.jp/business/kenchiku/1005208/index.html","建築物耐震","建築物耐震｜岡崎市公式ホームページ 当ホームページではjavascriptを使用しています。 javascriptの使用を有効にしなければ、一部の機能が正確に動作しない恐れがあります。お手数ですがjavascriptの使用を有効にしてください。 エンターキーを押すと、ナビゲーション部分をスキップし本文へ移動します。 Foreign language 日本語 English Português Filipino Tiếng Việt 中文"
"岡崎市","strong","51","起業をしたい方・起業をしてまもない方｜岡崎市公式ホームページ","https://www.city.okazaki.lg.jp/business/shushoku/1012300/index.html","起業をしたい方・起業をしてまもない方","起業をしたい方・起業をしてまもない方｜岡崎市公式ホームページ 当ホームページではjavascriptを使用しています。 javascriptの使用を有効にしなければ、一部の機能が正確に動作しない恐れがあります。お手数ですがjavascriptの使用を有効にしてください。 エンターキーを押すと、ナビゲーション部分をスキップし本文へ移動します。 Foreign language 日本語 English Português Filipino "
"岡崎市","strong","51","保健・医療・福祉｜岡崎市公式ホームページ","https://www.city.okazaki.lg.jp/shisei/shisetsu/1009219/index.html","保健・医療・福祉","保健・医療・福祉｜岡崎市公式ホームページ 当ホームページではjavascriptを使用しています。 javascriptの使用を有効にしなければ、一部の機能が正確に動作しない恐れがあります。お手数ですがjavascriptの使用を有効にしてください。 エンターキーを押すと、ナビゲーション部分をスキップし本文へ移動します。 Foreign language 日本語 English Português Filipino Tiếng Việt"
"岡崎市","strong","51","保育園・認定こども園・幼稚園｜岡崎市公式ホームページ","https://www.city.okazaki.lg.jp/shisei/shisetsu/1009246/index.html","保育園・認定こども園・幼稚園","保育園・認定こども園・幼稚園｜岡崎市公式ホームページ 当ホームページではjavascriptを使用しています。 javascriptの使用を有効にしなければ、一部の機能が正確に動作しない恐れがあります。お手数ですがjavascriptの使用を有効にしてください。 エンターキーを押すと、ナビゲーション部分をスキップし本文へ移動します。 Foreign language 日本語 English Português Filipino Tiến"
"岡崎市","strong","51","こどもの家・市民ホーム｜岡崎市公式ホームページ","https://www.city.okazaki.lg.jp/shisei/shisetsu/1009248/index.html","こどもの家・市民ホーム","こどもの家・市民ホーム｜岡崎市公式ホームページ 当ホームページではjavascriptを使用しています。 javascriptの使用を有効にしなければ、一部の機能が正確に動作しない恐れがあります。お手数ですがjavascriptの使用を有効にしてください。 エンターキーを押すと、ナビゲーション部分をスキップし本文へ移動します。 Foreign language 日本語 English Português Filipino Tiếng V"
"岡崎市","strong","51","児童・教育支援施設｜岡崎市公式ホームページ","https://www.city.okazaki.lg.jp/shisei/shisetsu/1009344/index.html","児童・教育支援施設","児童・教育支援施設｜岡崎市公式ホームページ 当ホームページではjavascriptを使用しています。 javascriptの使用を有効にしなければ、一部の機能が正確に動作しない恐れがあります。お手数ですがjavascriptの使用を有効にしてください。 エンターキーを押すと、ナビゲーション部分をスキップし本文へ移動します。 Foreign language 日本語 English Português Filipino Tiếng Việ"
"岡崎市","strong","51","学区こどもの家管理指導員を募集します。｜岡崎市公式ホームページ","https://www.city.okazaki.lg.jp/1000009/1010808.html","学区こどもの家管理指導員を募集します。","学区こどもの家管理指導員を募集します。｜岡崎市公式ホームページ 当ホームページではjavascriptを使用しています。 javascriptの使用を有効にしなければ、一部の機能が正確に動作しない恐れがあります。お手数ですがjavascriptの使用を有効にしてください。 エンターキーを押すと、ナビゲーション部分をスキップし本文へ移動します。 Foreign language 日本語 English Português Filipino"
"岡崎市","strong","51","令和8年度学区こどもの家管理指導員を募集します。｜岡崎市公式ホームページ","https://www.city.okazaki.lg.jp/1000009/1013022.html","令和8年度学区こどもの家管理指導員を募集します。","令和8年度学区こどもの家管理指導員を募集します。｜岡崎市公式ホームページ 当ホームページではjavascriptを使用しています。 javascriptの使用を有効にしなければ、一部の機能が正確に動作しない恐れがあります。お手数ですがjavascriptの使用を有効にしてください。 エンターキーを押すと、ナビゲーション部分をスキップし本文へ移動します。 Foreign language 日本語 English Português Fil"
"岡崎市","strong","51","岡崎市内の保育所・保育サービス｜岡崎市公式ホームページ","https://www.city.okazaki.lg.jp/kosodate/kosodate/1012221/1012226/index.html","岡崎市内の保育所・保育サービス","岡崎市内の保育所・保育サービス｜岡崎市公式ホームページ 当ホームページではjavascriptを使用しています。 javascriptの使用を有効にしなければ、一部の機能が正確に動作しない恐れがあります。お手数ですがjavascriptの使用を有効にしてください。 エンターキーを押すと、ナビゲーション部分をスキップし本文へ移動します。 Foreign language 日本語 English Português Filipino Tiế"
"岡崎市","strong","51","母子・父子・児童支援施設｜岡崎市公式ホームページ","https://www.city.okazaki.lg.jp/shisei/shisetsu/1009344/1009345/index.html","母子・父子・児童支援施設","母子・父子・児童支援施設｜岡崎市公式ホームページ 当ホームページではjavascriptを使用しています。 javascriptの使用を有効にしなければ、一部の機能が正確に動作しない恐れがあります。お手数ですがjavascriptの使用を有効にしてください。 エンターキーを押すと、ナビゲーション部分をスキップし本文へ移動します。 Foreign language 日本語 English Português Filipino Tiếng "
"岡崎市","strong","51","創業塾｜岡崎市公式ホームページ","https://www.city.okazaki.lg.jp/kanko/event/1009636/1015574.html","創業塾","創業塾｜岡崎市公式ホームページ 当ホームページではjavascriptを使用しています。 javascriptの使用を有効にしなければ、一部の機能が正確に動作しない恐れがあります。お手数ですがjavascriptの使用を有効にしてください。 エンターキーを押すと、ナビゲーション部分をスキップし本文へ移動します。 Foreign language 日本語 English Português Filipino Tiếng Việt 中文（简"
"岡崎市","strong","51","こども向け日本語教室「ぴかぴか」｜岡崎市公式ホームページ","https://www.city.okazaki.lg.jp/kanko/event/1009636/1009600.html","こども向け日本語教室「ぴかぴか」","こども向け日本語教室「ぴかぴか」｜岡崎市公式ホームページ 当ホームページではjavascriptを使用しています。 javascriptの使用を有効にしなければ、一部の機能が正確に動作しない恐れがあります。お手数ですがjavascriptの使用を有効にしてください。 エンターキーを押すと、ナビゲーション部分をスキップし本文へ移動します。 Foreign language 日本語 English Português Filipino Ti"
"岡崎市","strong","51","夏休み親子料理教室～こどもと作ろう♪夏休みのランチ～｜岡崎市公式ホームページ","https://www.city.okazaki.lg.jp/kanko/event/1010651/1015626.html","夏休み親子料理教室～こどもと作ろう♪夏休みのランチ～","夏休み親子料理教室～こどもと作ろう♪夏休みのランチ～｜岡崎市公式ホームページ 当ホームページではjavascriptを使用しています。 javascriptの使用を有効にしなければ、一部の機能が正確に動作しない恐れがあります。お手数ですがjavascriptの使用を有効にしてください。 エンターキーを押すと、ナビゲーション部分をスキップし本文へ移動します。 Foreign language 日本語 English Português F"
"岡崎市","strong","51","こどもワールドレクチャー｜岡崎市公式ホームページ","https://www.city.okazaki.lg.jp/bunka/shogaigakushu/1004849/1015570/1015714.html","こどもワールドレクチャー","こどもワールドレクチャー｜岡崎市公式ホームページ 当ホームページではjavascriptを使用しています。 javascriptの使用を有効にしなければ、一部の機能が正確に動作しない恐れがあります。お手数ですがjavascriptの使用を有効にしてください。 エンターキーを押すと、ナビゲーション部分をスキップし本文へ移動します。 Foreign language 日本語 English Português Filipino Tiếng "
"瀬戸市","strong","51","安全・安心情報 | 瀬戸市","https://www.city.seto.aichi.jp/bunya/global-anzen-anshin/index.html","","安全・安心情報 | 瀬戸市 このページの本文へ移動 瀬戸市のホームページではJavaScriptを使用しています。 JavaScriptの使用を有効にしていない場合は、一部の機能が正確に動作しない恐れがあります。 お手数ですがJavaScriptの使用を有効にしてください。 サイト内検索 ID番号検索 検索の使い方 閲覧支援ツール やさしい日本語 元に戻す 文字サイズ 背景色の変更 白 黒 青 閉じる Language HOME 安全・"
"瀬戸市","strong","51","住宅の耐震診断・改修 | 瀬戸市","https://www.city.seto.aichi.jp/bunya/bousai-taishinshindan-kaisyuu/index.html","このページの本文へ移動","住宅の耐震診断・改修 | 瀬戸市 このページの本文へ移動 瀬戸市のホームページではJavaScriptを使用しています。 JavaScriptの使用を有効にしていない場合は、一部の機能が正確に動作しない恐れがあります。 お手数ですがJavaScriptの使用を有効にしてください。 サイト内検索 ID番号検索 検索の使い方 閲覧支援ツール やさしい日本語 元に戻す 文字サイズ 背景色の変更 白 黒 青 閉じる Language HOME "
"瀬戸市","strong","51","防犯に関すること | 瀬戸市","https://www.city.seto.aichi.jp/bunya/bouhan/index.html","","防犯に関すること | 瀬戸市 このページの本文へ移動 瀬戸市のホームページではJavaScriptを使用しています。 JavaScriptの使用を有効にしていない場合は、一部の機能が正確に動作しない恐れがあります。 お手数ですがJavaScriptの使用を有効にしてください。 サイト内検索 ID番号検索 検索の使い方 閲覧支援ツール やさしい日本語 元に戻す 文字サイズ 背景色の変更 白 黒 青 閉じる Language HOME 安全"
"瀬戸市","strong","51","住宅の改修 | 瀬戸市","https://www.city.seto.aichi.jp/bunya/life-jyuutakunokaisyuu/index.html","住宅の改修","住宅の改修 | 瀬戸市 このページの本文へ移動 瀬戸市のホームページではJavaScriptを使用しています。 JavaScriptの使用を有効にしていない場合は、一部の機能が正確に動作しない恐れがあります。 お手数ですがJavaScriptの使用を有効にしてください。 サイト内検索 ID番号検索 検索の使い方 閲覧支援ツール やさしい日本語 元に戻す 文字サイズ 背景色の変更 白 黒 青 閉じる Language HOME 安全・安心"
"瀬戸市","strong","51","住まいの耐震化など防災に関する支援 | 瀬戸市","https://www.city.seto.aichi.jp/bunya/taishinshindan-kaisyuu/index.html","住まいの耐震化など防災に関する支援","住まいの耐震化など防災に関する支援 | 瀬戸市 このページの本文へ移動 瀬戸市のホームページではJavaScriptを使用しています。 JavaScriptの使用を有効にしていない場合は、一部の機能が正確に動作しない恐れがあります。 お手数ですがJavaScriptの使用を有効にしてください。 サイト内検索 ID番号検索 検索の使い方 閲覧支援ツール やさしい日本語 元に戻す 文字サイズ 背景色の変更 白 黒 青 閉じる Languag"
"瀬戸市","strong","51","子どもの健康 | 瀬戸市","https://www.city.seto.aichi.jp/bunya/kodomo-kenkou/index.html","子どもの健康","子どもの健康 | 瀬戸市 このページの本文へ移動 瀬戸市のホームページではJavaScriptを使用しています。 JavaScriptの使用を有効にしていない場合は、一部の機能が正確に動作しない恐れがあります。 お手数ですがJavaScriptの使用を有効にしてください。 サイト内検索 ID番号検索 検索の使い方 閲覧支援ツール やさしい日本語 元に戻す 文字サイズ 背景色の変更 白 黒 青 閉じる Language HOME 安全・安"
"瀬戸市","strong","51","子どもの健診 | 瀬戸市","https://www.city.seto.aichi.jp/bunya/kenkou-kodomono-kensin/index.html","子どもの健診","子どもの健診 | 瀬戸市 このページの本文へ移動 瀬戸市のホームページではJavaScriptを使用しています。 JavaScriptの使用を有効にしていない場合は、一部の機能が正確に動作しない恐れがあります。 お手数ですがJavaScriptの使用を有効にしてください。 サイト内検索 ID番号検索 検索の使い方 閲覧支援ツール やさしい日本語 元に戻す 文字サイズ 背景色の変更 白 黒 青 閉じる Language HOME 安全・安"
"瀬戸市","strong","51","瀬戸市ツクリテ創業支援事業費補助金 | 瀬戸市","https://www.city.seto.aichi.jp/docs/2018/01/17/00022/index.html","瀬戸市ツクリテ創業支援事業費補助金","瀬戸市ツクリテ創業支援事業費補助金 | 瀬戸市 このページの本文へ移動 瀬戸市のホームページではJavaScriptを使用しています。 JavaScriptの使用を有効にしていない場合は、一部の機能が正確に動作しない恐れがあります。 お手数ですがJavaScriptの使用を有効にしてください。 サイト内検索 ID番号検索 検索の使い方 閲覧支援ツール やさしい日本語 元に戻す 文字サイズ 背景色の変更 白 黒 青 閉じる Languag"
"瀬戸市","strong","51","省エネ改修住宅に係る固定資産税の減額について | 瀬戸市","https://www.city.seto.aichi.jp/docs/2010/11/10/02891/index.html","省エネ改修住宅に係る固定資産税の減額について","省エネ改修住宅に係る固定資産税の減額について | 瀬戸市 このページの本文へ移動 瀬戸市のホームページではJavaScriptを使用しています。 JavaScriptの使用を有効にしていない場合は、一部の機能が正確に動作しない恐れがあります。 お手数ですがJavaScriptの使用を有効にしてください。 サイト内検索 ID番号検索 検索の使い方 閲覧支援ツール やさしい日本語 元に戻す 文字サイズ 背景色の変更 白 黒 青 閉じる La"
"瀬戸市","strong","51","瀬戸市子どもの今・未来応援基金 | 瀬戸市","https://www.city.seto.aichi.jp/docs/2021/03/16/00036/index.html","瀬戸市子どもの今・未来応援基金","瀬戸市子どもの今・未来応援基金 | 瀬戸市 このページの本文へ移動 瀬戸市のホームページではJavaScriptを使用しています。 JavaScriptの使用を有効にしていない場合は、一部の機能が正確に動作しない恐れがあります。 お手数ですがJavaScriptの使用を有効にしてください。 サイト内検索 ID番号検索 検索の使い方 閲覧支援ツール やさしい日本語 元に戻す 文字サイズ 背景色の変更 白 黒 青 閉じる Language "
"瀬戸市","strong","51","第48回児童防火作品コンクール | 瀬戸市","https://www.city.seto.aichi.jp/docs/2026/05/14/00708042330/00708042330.html","第48回児童防火作品コンクール","第48回児童防火作品コンクール | 瀬戸市 このページの本文へ移動 瀬戸市のホームページではJavaScriptを使用しています。 JavaScriptの使用を有効にしていない場合は、一部の機能が正確に動作しない恐れがあります。 お手数ですがJavaScriptの使用を有効にしてください。 サイト内検索 ID番号検索 検索の使い方 閲覧支援ツール やさしい日本語 元に戻す 文字サイズ 背景色の変更 白 黒 青 閉じる Language "
"瀬戸市","strong","51","放課後児童クラブの祝日開所について | 瀬戸市","https://www.city.seto.aichi.jp/docs/2020/11/30/00054/index.html","放課後児童クラブの祝日開所について","放課後児童クラブの祝日開所について | 瀬戸市 このページの本文へ移動 瀬戸市のホームページではJavaScriptを使用しています。 JavaScriptの使用を有効にしていない場合は、一部の機能が正確に動作しない恐れがあります。 お手数ですがJavaScriptの使用を有効にしてください。 サイト内検索 ID番号検索 検索の使い方 閲覧支援ツール やさしい日本語 元に戻す 文字サイズ 背景色の変更 白 黒 青 閉じる Languag"
"瀬戸市","strong","51","瀬戸市子どもガイド | 瀬戸市","https://www.city.seto.aichi.jp/docs/2014/05/02/00011/index.html","瀬戸市子どもガイド","瀬戸市子どもガイド | 瀬戸市 このページの本文へ移動 瀬戸市のホームページではJavaScriptを使用しています。 JavaScriptの使用を有効にしていない場合は、一部の機能が正確に動作しない恐れがあります。 お手数ですがJavaScriptの使用を有効にしてください。 サイト内検索 ID番号検索 検索の使い方 閲覧支援ツール やさしい日本語 元に戻す 文字サイズ 背景色の変更 白 黒 青 閉じる Language HOME 安"
"瀬戸市","strong","51","令和８年度 瀬戸市自転車乗車用ヘルメット着用促進補助金 | 瀬戸市","https://www.city.seto.aichi.jp/docs/2021/05/07/00045/index.html","令和８年度 瀬戸市自転車乗車用ヘルメット着用促進補助金","令和８年度 瀬戸市自転車乗車用ヘルメット着用促進補助金 | 瀬戸市 このページの本文へ移動 瀬戸市のホームページではJavaScriptを使用しています。 JavaScriptの使用を有効にしていない場合は、一部の機能が正確に動作しない恐れがあります。 お手数ですがJavaScriptの使用を有効にしてください。 サイト内検索 ID番号検索 検索の使い方 閲覧支援ツール やさしい日本語 元に戻す 文字サイズ 背景色の変更 白 黒 青 閉"
"瀬戸市","strong","51","瀬戸市子ども・若者支援活動応援金について | 瀬戸市","https://www.city.seto.aichi.jp/docs/2023/02/14/00015/index.html","瀬戸市子ども・若者支援活動応援金について","瀬戸市子ども・若者支援活動応援金について | 瀬戸市 このページの本文へ移動 瀬戸市のホームページではJavaScriptを使用しています。 JavaScriptの使用を有効にしていない場合は、一部の機能が正確に動作しない恐れがあります。 お手数ですがJavaScriptの使用を有効にしてください。 サイト内検索 ID番号検索 検索の使い方 閲覧支援ツール やさしい日本語 元に戻す 文字サイズ 背景色の変更 白 黒 青 閉じる Lang"
"瀬戸市","strong","51","挑戦×移住×起業×せと ～瀬戸市移住体験ツアー～ | 瀬戸市","https://www.city.seto.aichi.jp/docs/2025/12/01/00708041865/00708041865.html","挑戦×移住×起業×せと ～瀬戸市移住体験ツアー～","挑戦×移住×起業×せと ～瀬戸市移住体験ツアー～ | 瀬戸市 このページの本文へ移動 瀬戸市のホームページではJavaScriptを使用しています。 JavaScriptの使用を有効にしていない場合は、一部の機能が正確に動作しない恐れがあります。 お手数ですがJavaScriptの使用を有効にしてください。 サイト内検索 ID番号検索 検索の使い方 閲覧支援ツール やさしい日本語 元に戻す 文字サイズ 背景色の変更 白 黒 青 閉じる "
"瀬戸市","strong","51","令和8年度「瀬戸市子どもガイド」広告募集 | 瀬戸市","https://www.city.seto.aichi.jp/docs/2025/08/20/00708041612/00708041612.html","令和8年度「瀬戸市子どもガイド」広告募集","令和8年度「瀬戸市子どもガイド」広告募集 | 瀬戸市 このページの本文へ移動 瀬戸市のホームページではJavaScriptを使用しています。 JavaScriptの使用を有効にしていない場合は、一部の機能が正確に動作しない恐れがあります。 お手数ですがJavaScriptの使用を有効にしてください。 サイト内検索 ID番号検索 検索の使い方 閲覧支援ツール やさしい日本語 元に戻す 文字サイズ 背景色の変更 白 黒 青 閉じる Lang"
"瀬戸市","strong","51","住宅用火災警報器の取付け支援を開始します！ | 瀬戸市","https://www.city.seto.aichi.jp/docs/2025/08/18/00708041601/00708041601.html","住宅用火災警報器の取付け支援を開始します！","住宅用火災警報器の取付け支援を開始します！ | 瀬戸市 このページの本文へ移動 瀬戸市のホームページではJavaScriptを使用しています。 JavaScriptの使用を有効にしていない場合は、一部の機能が正確に動作しない恐れがあります。 お手数ですがJavaScriptの使用を有効にしてください。 サイト内検索 ID番号検索 検索の使い方 閲覧支援ツール やさしい日本語 元に戻す 文字サイズ 背景色の変更 白 黒 青 閉じる Lan"
"瀬戸市","strong","51","子ども向けイベントのご案内（ひとり親家庭のお子さま対象） | 瀬戸市","https://www.city.seto.aichi.jp/docs/2024/03/20/00505308177/00505308177.html","子ども向けイベントのご案内（ひとり親家庭のお子さま対象）","子ども向けイベントのご案内（ひとり親家庭のお子さま対象） | 瀬戸市 このページの本文へ移動 瀬戸市のホームページではJavaScriptを使用しています。 JavaScriptの使用を有効にしていない場合は、一部の機能が正確に動作しない恐れがあります。 お手数ですがJavaScriptの使用を有効にしてください。 サイト内検索 ID番号検索 検索の使い方 閲覧支援ツール やさしい日本語 元に戻す 文字サイズ 背景色の変更 白 黒 青 "
"瀬戸市","strong","51","戸別訪問調査の結果 | 瀬戸市","https://www.city.seto.aichi.jp/docs/2025/03/05/00505309190/00505309190.html","設置していますか？住宅用火災警報器","戸別訪問調査の結果 | 瀬戸市 このページの本文へ移動 瀬戸市のホームページではJavaScriptを使用しています。 JavaScriptの使用を有効にしていない場合は、一部の機能が正確に動作しない恐れがあります。 お手数ですがJavaScriptの使用を有効にしてください。 サイト内検索 ID番号検索 検索の使い方 閲覧支援ツール やさしい日本語 元に戻す 文字サイズ 背景色の変更 白 黒 青 閉じる Language HOME 安"
"瀬戸市","strong","51","【受付終了】瀬戸市省エネ促進事業補助金 | 瀬戸市","https://www.city.seto.aichi.jp/docs/2022/11/07/00012/index.html","【受付終了】瀬戸市省エネ促進事業補助金","【受付終了】瀬戸市省エネ促進事業補助金 | 瀬戸市 このページの本文へ移動 瀬戸市のホームページではJavaScriptを使用しています。 JavaScriptの使用を有効にしていない場合は、一部の機能が正確に動作しない恐れがあります。 お手数ですがJavaScriptの使用を有効にしてください。 サイト内検索 ID番号検索 検索の使い方 閲覧支援ツール やさしい日本語 元に戻す 文字サイズ 背景色の変更 白 黒 青 閉じる Langu"
"瀬戸市","strong","51","「瀬戸市子ども総合計画」改定のためのアンケート調査結果 | 瀬戸市","https://www.city.seto.aichi.jp/docs/2024/06/14/00505308456/00505308456.html","「瀬戸市子ども総合計画」改定のためのアンケート調査結果","「瀬戸市子ども総合計画」改定のためのアンケート調査結果 | 瀬戸市 このページの本文へ移動 瀬戸市のホームページではJavaScriptを使用しています。 JavaScriptの使用を有効にしていない場合は、一部の機能が正確に動作しない恐れがあります。 お手数ですがJavaScriptの使用を有効にしてください。 サイト内検索 ID番号検索 検索の使い方 閲覧支援ツール やさしい日本語 元に戻す 文字サイズ 背景色の変更 白 黒 青 閉"
"瀬戸市","strong","51","お知らせ | 瀬戸市子育て支援サイト","https://www.city.seto.aichi.jp/kosodate-bunya/k-osirase/index.html","お知らせ一覧","お知らせ | 瀬戸市子育て支援サイト 本文へスキップします。 瀬戸市公式ホームページへ language 閲覧補助機能 やさしい日本語 元に戻す 文字サイズ 背景色の変更 白 黒 青 閉じる 検索 メニュー 閉じる お知らせ イベント情報 子育て施設・遊び場 手当 相談 お問い合わせ 子育てQ＆A 検索 瀬戸市トップへ language 当サイトではよりよい環境でご覧いただくためにJavaScriptを用いています。 JavaScrip"
"瀬戸市","strong","51","対象者別・ひとり親家庭の方 | 瀬戸市子育て支援サイト","https://www.city.seto.aichi.jp/kosodate-docs/2018/05/11/00097/index.html","対象者別・ひとり親家庭の方","対象者別・ひとり親家庭の方 | 瀬戸市子育て支援サイト 本文へスキップします。 瀬戸市公式ホームページへ language 閲覧補助機能 やさしい日本語 元に戻す 文字サイズ 背景色の変更 白 黒 青 閉じる 検索 メニュー 閉じる お知らせ イベント情報 子育て施設・遊び場 手当 相談 お問い合わせ 子育てQ＆A 検索 瀬戸市トップへ language 当サイトではよりよい環境でご覧いただくためにJavaScriptを用いています。 "
"瀬戸市","strong","51","妊婦や乳幼児のいるご家庭における災害時の備え | 瀬戸市","https://www.city.seto.aichi.jp/docs/2013/05/28/00021/index.html","妊婦や乳幼児のいるご家庭における災害時の備え","妊婦や乳幼児のいるご家庭における災害時の備え | 瀬戸市 このページの本文へ移動 瀬戸市のホームページではJavaScriptを使用しています。 JavaScriptの使用を有効にしていない場合は、一部の機能が正確に動作しない恐れがあります。 お手数ですがJavaScriptの使用を有効にしてください。 サイト内検索 ID番号検索 検索の使い方 閲覧支援ツール やさしい日本語 元に戻す 文字サイズ 背景色の変更 白 黒 青 閉じる La"
"瀬戸市","strong","51","第２次瀬戸市子ども総合計画 | 瀬戸市","https://www.city.seto.aichi.jp/docs/2020/03/06/00023/index.html","瀬戸市子ども総合計画 （瀬戸市子ども・子育て支援事業計画）","第２次瀬戸市子ども総合計画 | 瀬戸市 このページの本文へ移動 瀬戸市のホームページではJavaScriptを使用しています。 JavaScriptの使用を有効にしていない場合は、一部の機能が正確に動作しない恐れがあります。 お手数ですがJavaScriptの使用を有効にしてください。 サイト内検索 ID番号検索 検索の使い方 閲覧支援ツール やさしい日本語 元に戻す 文字サイズ 背景色の変更 白 黒 青 閉じる Language HO"
"瀬戸市","strong","51","耐震対策（防災総合情報） | 瀬戸市","https://www.city.seto.aichi.jp/docs/2019/12/13/00027/index.html","耐震対策（防災総合情報）","耐震対策（防災総合情報） | 瀬戸市 このページの本文へ移動 瀬戸市のホームページではJavaScriptを使用しています。 JavaScriptの使用を有効にしていない場合は、一部の機能が正確に動作しない恐れがあります。 お手数ですがJavaScriptの使用を有効にしてください。 サイト内検索 ID番号検索 検索の使い方 閲覧支援ツール やさしい日本語 元に戻す 文字サイズ 背景色の変更 白 黒 青 閉じる Language HOM"
"瀬戸市","strong","51","民間木造住宅耐震診断 | 瀬戸市","https://www.city.seto.aichi.jp/docs/2016/04/07/00020/index.html","民間木造住宅耐震診断","民間木造住宅耐震診断 | 瀬戸市 このページの本文へ移動 瀬戸市のホームページではJavaScriptを使用しています。 JavaScriptの使用を有効にしていない場合は、一部の機能が正確に動作しない恐れがあります。 お手数ですがJavaScriptの使用を有効にしてください。 サイト内検索 ID番号検索 検索の使い方 閲覧支援ツール やさしい日本語 元に戻す 文字サイズ 背景色の変更 白 黒 青 閉じる Language HOME "
"瀬戸市","strong","51","瀬戸市建築物耐震改修促進計画に関すること | 瀬戸市","https://www.city.seto.aichi.jp/docs/2010/11/10/02855/index.html","瀬戸市建築物耐震改修促進計画に関すること","瀬戸市建築物耐震改修促進計画に関すること | 瀬戸市 このページの本文へ移動 瀬戸市のホームページではJavaScriptを使用しています。 JavaScriptの使用を有効にしていない場合は、一部の機能が正確に動作しない恐れがあります。 お手数ですがJavaScriptの使用を有効にしてください。 サイト内検索 ID番号検索 検索の使い方 閲覧支援ツール やさしい日本語 元に戻す 文字サイズ 背景色の変更 白 黒 青 閉じる Lang"
"瀬戸市","strong","51","木造住宅除却工事費補助事業 | 瀬戸市","https://www.city.seto.aichi.jp/docs/2018/04/09/00042/index.html","木造住宅除却工事費補助事業","木造住宅除却工事費補助事業 | 瀬戸市 このページの本文へ移動 瀬戸市のホームページではJavaScriptを使用しています。 JavaScriptの使用を有効にしていない場合は、一部の機能が正確に動作しない恐れがあります。 お手数ですがJavaScriptの使用を有効にしてください。 サイト内検索 ID番号検索 検索の使い方 閲覧支援ツール やさしい日本語 元に戻す 文字サイズ 背景色の変更 白 黒 青 閉じる Language HO"
"瀬戸市","strong","51","木造住宅段階的耐震改修費等補助事業 | 瀬戸市","https://www.city.seto.aichi.jp/docs/2016/04/07/00044/index.html","木造住宅段階的耐震改修費等補助事業","木造住宅段階的耐震改修費等補助事業 | 瀬戸市 このページの本文へ移動 瀬戸市のホームページではJavaScriptを使用しています。 JavaScriptの使用を有効にしていない場合は、一部の機能が正確に動作しない恐れがあります。 お手数ですがJavaScriptの使用を有効にしてください。 サイト内検索 ID番号検索 検索の使い方 閲覧支援ツール やさしい日本語 元に戻す 文字サイズ 背景色の変更 白 黒 青 閉じる Languag"
"瀬戸市","strong","51","木造住宅耐震改修費等補助事業 | 瀬戸市","https://www.city.seto.aichi.jp/docs/2016/04/07/00037/index.html","木造住宅耐震改修費等補助事業","木造住宅耐震改修費等補助事業 | 瀬戸市 このページの本文へ移動 瀬戸市のホームページではJavaScriptを使用しています。 JavaScriptの使用を有効にしていない場合は、一部の機能が正確に動作しない恐れがあります。 お手数ですがJavaScriptの使用を有効にしてください。 サイト内検索 ID番号検索 検索の使い方 閲覧支援ツール やさしい日本語 元に戻す 文字サイズ 背景色の変更 白 黒 青 閉じる Language H"
"瀬戸市","strong","51","土砂災害対策改修費補助金 | 瀬戸市","https://www.city.seto.aichi.jp/docs/2023/03/15/00101/index.html","土砂災害対策改修費補助金","土砂災害対策改修費補助金 | 瀬戸市 このページの本文へ移動 瀬戸市のホームページではJavaScriptを使用しています。 JavaScriptの使用を有効にしていない場合は、一部の機能が正確に動作しない恐れがあります。 お手数ですがJavaScriptの使用を有効にしてください。 サイト内検索 ID番号検索 検索の使い方 閲覧支援ツール やさしい日本語 元に戻す 文字サイズ 背景色の変更 白 黒 青 閉じる Language HOM"
"瀬戸市","strong","51","木造住宅の耐震診断・耐震改修等 | 瀬戸市","https://www.city.seto.aichi.jp/docs/2014/05/12/00027/index.html","木造住宅の耐震診断・耐震改修等","木造住宅の耐震診断・耐震改修等 | 瀬戸市 このページの本文へ移動 瀬戸市のホームページではJavaScriptを使用しています。 JavaScriptの使用を有効にしていない場合は、一部の機能が正確に動作しない恐れがあります。 お手数ですがJavaScriptの使用を有効にしてください。 サイト内検索 ID番号検索 検索の使い方 閲覧支援ツール やさしい日本語 元に戻す 文字サイズ 背景色の変更 白 黒 青 閉じる Language "
"瀬戸市","strong","51","民間建築物耐震化促進補助金 申請書等ダウンロード | 瀬戸市","https://www.city.seto.aichi.jp/docs/2014/04/14/00062/index.html","民間建築物耐震化促進補助金 申請書等ダウンロード","民間建築物耐震化促進補助金 申請書等ダウンロード | 瀬戸市 このページの本文へ移動 瀬戸市のホームページではJavaScriptを使用しています。 JavaScriptの使用を有効にしていない場合は、一部の機能が正確に動作しない恐れがあります。 お手数ですがJavaScriptの使用を有効にしてください。 サイト内検索 ID番号検索 検索の使い方 閲覧支援ツール やさしい日本語 元に戻す 文字サイズ 背景色の変更 白 黒 青 閉じる "
"瀬戸市","strong","51","子どもを対象とする犯罪防止対策 | 瀬戸市","https://www.city.seto.aichi.jp/docs/2010/11/10/00337/index.html","子どもを対象とする犯罪防止対策","子どもを対象とする犯罪防止対策 | 瀬戸市 このページの本文へ移動 瀬戸市のホームページではJavaScriptを使用しています。 JavaScriptの使用を有効にしていない場合は、一部の機能が正確に動作しない恐れがあります。 お手数ですがJavaScriptの使用を有効にしてください。 サイト内検索 ID番号検索 検索の使い方 閲覧支援ツール やさしい日本語 元に戻す 文字サイズ 背景色の変更 白 黒 青 閉じる Language "
"豊橋市","strong","51","健康・福祉/豊橋市","https://www.city.toyohashi.lg.jp/kenkou-fukushi/","健康・福祉","健康・福祉/豊橋市 健康・福祉 本文へ移動 メニューへ移動 Languages メニュー 探す サイト内検索 広報とよはしから探す サイト内検索 HP 番号検索 広報とよはし 広報とよはしに記載されているHP番号を入力すると、該当のページが表示されます。（半角数字で入力） 組織から探す よくある質問 くらし 健康・福祉 教育・文化 魅力・観光 産業・事業 市政情報 閲覧補助 SUPPORT ふりがな 色変更 文字 拡大 標準 サイトマッ"
"名古屋市","strong","51","上・下水道料金の減免｜名古屋市公式ウェブサイト","https://www.city.nagoya.jp/kenkofukushi/koureisha/1016427/1016443.html","上・下水道料金の減免","上・下水道料金の減免｜名古屋市公式ウェブサイト 当ホームページではjavascriptを使用しています。 javascriptの使用を有効にしなければ、一部の機能が正確に動作しない恐れがあります。お手数ですがjavascriptの使用を有効にしてください。 エンターキーを押すと、ナビゲーション部分をスキップし本文へ移動します。 防災ポータル 質問する ふりがな ふりがなをけす 読み上げ 文字サイズ・配色 Language やさしい日本語"
"名古屋市","strong","51","児童手当｜名古屋市公式ウェブサイト","https://www.city.nagoya.jp/kodomo/ninshin/1008971/1008973.html","児童手当","児童手当｜名古屋市公式ウェブサイト 当ホームページではjavascriptを使用しています。 javascriptの使用を有効にしなければ、一部の機能が正確に動作しない恐れがあります。お手数ですがjavascriptの使用を有効にしてください。 エンターキーを押すと、ナビゲーション部分をスキップし本文へ移動します。 防災ポータル 質問する ふりがな ふりがなをけす 読み上げ 文字サイズ・配色 Language やさしい日本語 もとのペー"
"名古屋市","strong","51","児童扶養手当受給世帯物価高騰対策給付金｜名古屋市公式ウェブサイト","https://www.city.nagoya.jp/kodomo/kosodate/1009307/1048351.html","児童扶養手当受給世帯物価高騰対策給付金","児童扶養手当受給世帯物価高騰対策給付金｜名古屋市公式ウェブサイト 当ホームページではjavascriptを使用しています。 javascriptの使用を有効にしなければ、一部の機能が正確に動作しない恐れがあります。お手数ですがjavascriptの使用を有効にしてください。 エンターキーを押すと、ナビゲーション部分をスキップし本文へ移動します。 防災ポータル 質問する ふりがな ふりがなをけす 読み上げ 文字サイズ・配色 Languag"
"一宮市","strong","48","子育て・児童福祉｜一宮市","https://www.city.ichinomiya.aichi.jp/kosodate/1046259/index.html","エンターキーを押すと、ナビゲーション部分をスキップし本文へ移動します。","子育て・児童福祉｜一宮市 当ウェブサイトではjavascriptを使用しています。 javascriptの使用を有効にしなければ、一部の機能が正確に動作しない恐れがあります。お手数ですがjavascriptの使用を有効にしてください。 エンターキーを押すと、ナビゲーション部分をスキップし本文へ移動します。 サイトマップ 文字サイズ・配色の変更 Translation 暮らし・手続き 暮らし・手続き トップ 閉じる いざというときに 防災"
"一宮市","strong","48","事業者融資・支援｜一宮市","https://www.city.ichinomiya.aichi.jp/shigoto/jigyoshayuushi/index.html","事業者融資・支援","事業者融資・支援｜一宮市 当ウェブサイトではjavascriptを使用しています。 javascriptの使用を有効にしなければ、一部の機能が正確に動作しない恐れがあります。お手数ですがjavascriptの使用を有効にしてください。 エンターキーを押すと、ナビゲーション部分をスキップし本文へ移動します。 サイトマップ 文字サイズ・配色の変更 Translation 暮らし・手続き 暮らし・手続き トップ 閉じる いざというときに 防災"
"一宮市","strong","48","障害福祉事業｜一宮市","https://www.city.ichinomiya.aichi.jp/fukushi/shougaifukushi/1021556/index.html","障害福祉事業","障害福祉事業｜一宮市 当ウェブサイトではjavascriptを使用しています。 javascriptの使用を有効にしなければ、一部の機能が正確に動作しない恐れがあります。お手数ですがjavascriptの使用を有効にしてください。 エンターキーを押すと、ナビゲーション部分をスキップし本文へ移動します。 サイトマップ 文字サイズ・配色の変更 Translation 暮らし・手続き 暮らし・手続き トップ 閉じる いざというときに 防災・救"
"一宮市","strong","48","防災｜一宮市","https://www.city.ichinomiya.aichi.jp/kurashi/saigai/1044519/index.html","防災","防災｜一宮市 当ウェブサイトではjavascriptを使用しています。 javascriptの使用を有効にしなければ、一部の機能が正確に動作しない恐れがあります。お手数ですがjavascriptの使用を有効にしてください。 エンターキーを押すと、ナビゲーション部分をスキップし本文へ移動します。 サイトマップ 文字サイズ・配色の変更 Translation 暮らし・手続き 暮らし・手続き トップ 閉じる いざというときに 防災・救急・防犯"
"一宮市","strong","48","生活支援（子どもの預かり、住居、その他の支援）｜一宮市","https://www.city.ichinomiya.aichi.jp/kodomokatei/kodomokateisoudan/1000158/1057417/index.html","生活支援（子どもの預かり、住居、その他の支援）","生活支援（子どもの預かり、住居、その他の支援）｜一宮市 当ウェブサイトではjavascriptを使用しています。 javascriptの使用を有効にしなければ、一部の機能が正確に動作しない恐れがあります。お手数ですがjavascriptの使用を有効にしてください。 エンターキーを押すと、ナビゲーション部分をスキップし本文へ移動します。 サイトマップ 文字サイズ・配色の変更 Translation 暮らし・手続き 暮らし・手続き トップ "
"一宮市","strong","48","介護情報基盤について｜一宮市","https://www.city.ichinomiya.aichi.jp/fukushi/kaigohoken/1000148/1069160/index.html","介護情報基盤について","介護情報基盤について｜一宮市 当ウェブサイトではjavascriptを使用しています。 javascriptの使用を有効にしなければ、一部の機能が正確に動作しない恐れがあります。お手数ですがjavascriptの使用を有効にしてください。 エンターキーを押すと、ナビゲーション部分をスキップし本文へ移動します。 サイトマップ 文字サイズ・配色の変更 Translation 暮らし・手続き 暮らし・手続き トップ 閉じる いざというときに "
"一宮市","strong","48","緑化推進事業補助金｜一宮市","https://www.city.ichinomiya.aichi.jp/machidukuri/kouenryokuchi/1044299/1000216/index.html","緑化推進事業補助金","緑化推進事業補助金｜一宮市 当ウェブサイトではjavascriptを使用しています。 javascriptの使用を有効にしなければ、一部の機能が正確に動作しない恐れがあります。お手数ですがjavascriptの使用を有効にしてください。 エンターキーを押すと、ナビゲーション部分をスキップし本文へ移動します。 サイトマップ 文字サイズ・配色の変更 Translation 暮らし・手続き 暮らし・手続き トップ 閉じる いざというときに 防"
"一宮市","strong","48","重度障害者受入れ補助金について｜一宮市","https://www.city.ichinomiya.aichi.jp/fukushi/shougaifukushi/1021556/1050221.html","重度障害者受入れ補助金について","重度障害者受入れ補助金について｜一宮市 当ウェブサイトではjavascriptを使用しています。 javascriptの使用を有効にしなければ、一部の機能が正確に動作しない恐れがあります。お手数ですがjavascriptの使用を有効にしてください。 エンターキーを押すと、ナビゲーション部分をスキップし本文へ移動します。 サイトマップ 文字サイズ・配色の変更 Translation 暮らし・手続き 暮らし・手続き トップ 閉じる いざとい"
"一宮市","strong","48","障害福祉事業者｜一宮市","https://www.city.ichinomiya.aichi.jp/fukushi/shougaifukushi/1021556/1023204/index.html","障害福祉事業者","障害福祉事業者｜一宮市 当ウェブサイトではjavascriptを使用しています。 javascriptの使用を有効にしなければ、一部の機能が正確に動作しない恐れがあります。お手数ですがjavascriptの使用を有効にしてください。 エンターキーを押すと、ナビゲーション部分をスキップし本文へ移動します。 サイトマップ 文字サイズ・配色の変更 Translation 暮らし・手続き 暮らし・手続き トップ 閉じる いざというときに 防災・"
"一宮市","strong","48","社会福祉施設等施設整備事業等（障害関係施設分）について｜一宮市","https://www.city.ichinomiya.aichi.jp/fukushi/shougaifukushi/1021556/1049077.html","社会福祉施設等施設整備事業等（障害関係施設分）について","社会福祉施設等施設整備事業等（障害関係施設分）について｜一宮市 当ウェブサイトではjavascriptを使用しています。 javascriptの使用を有効にしなければ、一部の機能が正確に動作しない恐れがあります。お手数ですがjavascriptの使用を有効にしてください。 エンターキーを押すと、ナビゲーション部分をスキップし本文へ移動します。 サイトマップ 文字サイズ・配色の変更 Translation 暮らし・手続き 暮らし・手続き "
"一宮市","strong","48","福祉｜一宮市","https://www.city.ichinomiya.aichi.jp/shisei/shiryo/1009801/index.html","福祉","福祉｜一宮市 当ウェブサイトではjavascriptを使用しています。 javascriptの使用を有効にしなければ、一部の機能が正確に動作しない恐れがあります。お手数ですがjavascriptの使用を有効にしてください。 エンターキーを押すと、ナビゲーション部分をスキップし本文へ移動します。 サイトマップ 文字サイズ・配色の変更 Translation 暮らし・手続き 暮らし・手続き トップ 閉じる いざというときに 防災・救急・防犯"
"一宮市","strong","48","子育てに関する手当｜一宮市","https://www.city.ichinomiya.aichi.jp/faq/1044528/1005666/index.html","子育てに関する手当","子育てに関する手当｜一宮市 当ウェブサイトではjavascriptを使用しています。 javascriptの使用を有効にしなければ、一部の機能が正確に動作しない恐れがあります。お手数ですがjavascriptの使用を有効にしてください。 エンターキーを押すと、ナビゲーション部分をスキップし本文へ移動します。 サイトマップ 文字サイズ・配色の変更 Translation 暮らし・手続き 暮らし・手続き トップ 閉じる いざというときに 防"
"一宮市","strong","48","子ども家庭相談｜一宮市","https://www.city.ichinomiya.aichi.jp/faq/1044528/1005987/index.html","子ども家庭相談","子ども家庭相談｜一宮市 当ウェブサイトではjavascriptを使用しています。 javascriptの使用を有効にしなければ、一部の機能が正確に動作しない恐れがあります。お手数ですがjavascriptの使用を有効にしてください。 エンターキーを押すと、ナビゲーション部分をスキップし本文へ移動します。 サイトマップ 文字サイズ・配色の変更 Translation 暮らし・手続き 暮らし・手続き トップ 閉じる いざというときに 防災・"
"一宮市","strong","48","医療情報｜一宮市","https://www.city.ichinomiya.aichi.jp/faq/1005664/1005974/index.html","医療情報","医療情報｜一宮市 当ウェブサイトではjavascriptを使用しています。 javascriptの使用を有効にしなければ、一部の機能が正確に動作しない恐れがあります。お手数ですがjavascriptの使用を有効にしてください。 エンターキーを押すと、ナビゲーション部分をスキップし本文へ移動します。 サイトマップ 文字サイズ・配色の変更 Translation 暮らし・手続き 暮らし・手続き トップ 閉じる いざというときに 防災・救急・"
"一宮市","strong","48","介護保険｜一宮市","https://www.city.ichinomiya.aichi.jp/faq/1005664/1005972/index.html","介護保険","介護保険｜一宮市 当ウェブサイトではjavascriptを使用しています。 javascriptの使用を有効にしなければ、一部の機能が正確に動作しない恐れがあります。お手数ですがjavascriptの使用を有効にしてください。 エンターキーを押すと、ナビゲーション部分をスキップし本文へ移動します。 サイトマップ 文字サイズ・配色の変更 Translation 暮らし・手続き 暮らし・手続き トップ 閉じる いざというときに 防災・救急・"
"一宮市","strong","48","高齢者福祉｜一宮市","https://www.city.ichinomiya.aichi.jp/faq/1005664/1005971/index.html","高齢者福祉","高齢者福祉｜一宮市 当ウェブサイトではjavascriptを使用しています。 javascriptの使用を有効にしなければ、一部の機能が正確に動作しない恐れがあります。お手数ですがjavascriptの使用を有効にしてください。 エンターキーを押すと、ナビゲーション部分をスキップし本文へ移動します。 サイトマップ 文字サイズ・配色の変更 Translation 暮らし・手続き 暮らし・手続き トップ 閉じる いざというときに 防災・救急"
"一宮市","strong","48","出産したとき（出産育児一時金）｜一宮市","https://www.city.ichinomiya.aichi.jp/shiminkenkou/hokennenkin/hoken/1000137/1000821.html","出産したとき（出産育児一時金）","出産したとき（出産育児一時金）｜一宮市 当ウェブサイトではjavascriptを使用しています。 javascriptの使用を有効にしなければ、一部の機能が正確に動作しない恐れがあります。お手数ですがjavascriptの使用を有効にしてください。 エンターキーを押すと、ナビゲーション部分をスキップし本文へ移動します。 サイトマップ 文字サイズ・配色の変更 Translation 暮らし・手続き 暮らし・手続き トップ 閉じる いざとい"
"一宮市","strong","48","児童手当｜一宮市","https://www.city.ichinomiya.aichi.jp/kodomokatei/kosodateshien/1044090/1000379/1001383.html","児童手当","児童手当｜一宮市 当ウェブサイトではjavascriptを使用しています。 javascriptの使用を有効にしなければ、一部の機能が正確に動作しない恐れがあります。お手数ですがjavascriptの使用を有効にしてください。 エンターキーを押すと、ナビゲーション部分をスキップし本文へ移動します。 サイトマップ 文字サイズ・配色の変更 Translation 暮らし・手続き 暮らし・手続き トップ 閉じる いざというときに 防災・救急・"
"一宮市","strong","48","児童扶養手当｜一宮市","https://www.city.ichinomiya.aichi.jp/kodomokatei/kosodateshien/1044090/1000379/1001380.html","児童扶養手当","児童扶養手当｜一宮市 当ウェブサイトではjavascriptを使用しています。 javascriptの使用を有効にしなければ、一部の機能が正確に動作しない恐れがあります。お手数ですがjavascriptの使用を有効にしてください。 エンターキーを押すと、ナビゲーション部分をスキップし本文へ移動します。 サイトマップ 文字サイズ・配色の変更 Translation 暮らし・手続き 暮らし・手続き トップ 閉じる いざというときに 防災・救"
"一宮市","strong","48","県遺児手当（市遺児手当は2026年3月から児童扶養手当制度に加算金として統合となります。）｜一宮市","https://www.city.ichinomiya.aichi.jp/kodomokatei/kosodateshien/1044090/1000379/1001378.html","県遺児手当（市遺児手当は2026年3月から児童扶養手当制度に加算金として統合となります。）","県遺児手当（市遺児手当は2026年3月から児童扶養手当制度に加算金として統合となります。）｜一宮市 当ウェブサイトではjavascriptを使用しています。 javascriptの使用を有効にしなければ、一部の機能が正確に動作しない恐れがあります。お手数ですがjavascriptの使用を有効にしてください。 エンターキーを押すと、ナビゲーション部分をスキップし本文へ移動します。 サイトマップ 文字サイズ・配色の変更 Translatio"
"一宮市","strong","48","特別児童扶養手当｜一宮市","https://www.city.ichinomiya.aichi.jp/fukushi/shougaifukushi/1044107/1000147/1010689/1001381.html","特別児童扶養手当","特別児童扶養手当｜一宮市 当ウェブサイトではjavascriptを使用しています。 javascriptの使用を有効にしなければ、一部の機能が正確に動作しない恐れがあります。お手数ですがjavascriptの使用を有効にしてください。 エンターキーを押すと、ナビゲーション部分をスキップし本文へ移動します。 サイトマップ 文字サイズ・配色の変更 Translation 暮らし・手続き 暮らし・手続き トップ 閉じる いざというときに 防災"
"一宮市","strong","48","障害者のための福祉サービス一覧｜一宮市","https://www.city.ichinomiya.aichi.jp/fukushi/shougaifukushi/1044107/1000147/1001110.html","障害者のための福祉サービス一覧","障害者のための福祉サービス一覧｜一宮市 当ウェブサイトではjavascriptを使用しています。 javascriptの使用を有効にしなければ、一部の機能が正確に動作しない恐れがあります。お手数ですがjavascriptの使用を有効にしてください。 エンターキーを押すと、ナビゲーション部分をスキップし本文へ移動します。 サイトマップ 文字サイズ・配色の変更 Translation 暮らし・手続き 暮らし・手続き トップ 閉じる いざとい"
"一宮市","strong","48","医療費の助成｜一宮市","https://www.city.ichinomiya.aichi.jp/shiminkenkou/1075014/1075021/1000150/index.html","医療費の助成","医療費の助成｜一宮市 当ウェブサイトではjavascriptを使用しています。 javascriptの使用を有効にしなければ、一部の機能が正確に動作しない恐れがあります。お手数ですがjavascriptの使用を有効にしてください。 エンターキーを押すと、ナビゲーション部分をスキップし本文へ移動します。 サイトマップ 文字サイズ・配色の変更 Translation 暮らし・手続き 暮らし・手続き トップ 閉じる いざというときに 防災・救"
"一宮市","strong","48","後期高齢者医療｜一宮市","https://www.city.ichinomiya.aichi.jp/shiminkenkou/1075014/1075019/1000145/index.html","後期高齢者医療","後期高齢者医療｜一宮市 当ウェブサイトではjavascriptを使用しています。 javascriptの使用を有効にしなければ、一部の機能が正確に動作しない恐れがあります。お手数ですがjavascriptの使用を有効にしてください。 エンターキーを押すと、ナビゲーション部分をスキップし本文へ移動します。 サイトマップ 文字サイズ・配色の変更 Translation 暮らし・手続き 暮らし・手続き トップ 閉じる いざというときに 防災・"
"一宮市","strong","48","「居場所づくり整備事業補助金」申請に関する各種様式など｜一宮市","https://www.city.ichinomiya.aichi.jp/fukushi/kounenfukushi/1044109/1014563/1014594.html","「居場所づくり整備事業補助金」申請に関する各種様式などはこちら","「居場所づくり整備事業補助金」申請に関する各種様式など｜一宮市 当ウェブサイトではjavascriptを使用しています。 javascriptの使用を有効にしなければ、一部の機能が正確に動作しない恐れがあります。お手数ですがjavascriptの使用を有効にしてください。 エンターキーを押すと、ナビゲーション部分をスキップし本文へ移動します。 サイトマップ 文字サイズ・配色の変更 Translation 暮らし・手続き 暮らし・手続き "
"一宮市","strong","48","一宮市介護保険事業者向け X(旧Twitter)公式アカウント｜一宮市","https://www.city.ichinomiya.aichi.jp/sougouseisaku/koho/1044428/1021100/1037076.html","一宮市介護保険事業者向け X(旧Twitter)公式アカウント","一宮市介護保険事業者向け X(旧Twitter)公式アカウント｜一宮市 当ウェブサイトではjavascriptを使用しています。 javascriptの使用を有効にしなければ、一部の機能が正確に動作しない恐れがあります。お手数ですがjavascriptの使用を有効にしてください。 エンターキーを押すと、ナビゲーション部分をスキップし本文へ移動します。 サイトマップ 文字サイズ・配色の変更 Translation 暮らし・手続き 暮らし・"
"一宮市","strong","48","浸水対策施設を設置する方に補助金を交付しています。｜一宮市","https://www.city.ichinomiya.aichi.jp/kensetsu/chisui/1044078/1037544/index.html","浸水対策施設を設置する方に補助金を交付しています。","浸水対策施設を設置する方に補助金を交付しています。｜一宮市 当ウェブサイトではjavascriptを使用しています。 javascriptの使用を有効にしなければ、一部の機能が正確に動作しない恐れがあります。お手数ですがjavascriptの使用を有効にしてください。 エンターキーを押すと、ナビゲーション部分をスキップし本文へ移動します。 サイトマップ 文字サイズ・配色の変更 Translation 暮らし・手続き 暮らし・手続き トッ"
"岡崎市","strong","48","子育て・教育｜岡崎市公式ホームページ","https://www.city.okazaki.lg.jp/kosodate/index.html","エンターキーを押すと、ナビゲーション部分をスキップし本文へ移動します。","子育て・教育｜岡崎市公式ホームページ 当ホームページではjavascriptを使用しています。 javascriptの使用を有効にしなければ、一部の機能が正確に動作しない恐れがあります。お手数ですがjavascriptの使用を有効にしてください。 エンターキーを押すと、ナビゲーション部分をスキップし本文へ移動します。 Foreign language 日本語 English Português Filipino Tiếng Việt 中"
"岡崎市","strong","48","妊娠・出産｜岡崎市公式ホームページ","https://www.city.okazaki.lg.jp/kosodate/ninshin/index.html","エンターキーを押すと、ナビゲーション部分をスキップし本文へ移動します。","妊娠・出産｜岡崎市公式ホームページ 当ホームページではjavascriptを使用しています。 javascriptの使用を有効にしなければ、一部の機能が正確に動作しない恐れがあります。お手数ですがjavascriptの使用を有効にしてください。 エンターキーを押すと、ナビゲーション部分をスキップし本文へ移動します。 Foreign language 日本語 English Português Filipino Tiếng Việt 中文"
"岡崎市","strong","48","子育て｜岡崎市公式ホームページ","https://www.city.okazaki.lg.jp/kosodate/kosodate/index.html","エンターキーを押すと、ナビゲーション部分をスキップし本文へ移動します。","子育て｜岡崎市公式ホームページ 当ホームページではjavascriptを使用しています。 javascriptの使用を有効にしなければ、一部の機能が正確に動作しない恐れがあります。お手数ですがjavascriptの使用を有効にしてください。 エンターキーを押すと、ナビゲーション部分をスキップし本文へ移動します。 Foreign language 日本語 English Português Filipino Tiếng Việt 中文（简"
"岡崎市","strong","48","健康・福祉｜岡崎市公式ホームページ","https://www.city.okazaki.lg.jp/kenko/index.html","健康・福祉","健康・福祉｜岡崎市公式ホームページ 当ホームページではjavascriptを使用しています。 javascriptの使用を有効にしなければ、一部の機能が正確に動作しない恐れがあります。お手数ですがjavascriptの使用を有効にしてください。 エンターキーを押すと、ナビゲーション部分をスキップし本文へ移動します。 Foreign language 日本語 English Português Filipino Tiếng Việt 中文"
"岡崎市","strong","48","福祉｜岡崎市公式ホームページ","https://www.city.okazaki.lg.jp/kenko/fukushi/index.html","福祉","福祉｜岡崎市公式ホームページ 当ホームページではjavascriptを使用しています。 javascriptの使用を有効にしなければ、一部の機能が正確に動作しない恐れがあります。お手数ですがjavascriptの使用を有効にしてください。 エンターキーを押すと、ナビゲーション部分をスキップし本文へ移動します。 Foreign language 日本語 English Português Filipino Tiếng Việt 中文（简体"
"岡崎市","strong","48","建築・開発｜岡崎市公式ホームページ","https://www.city.okazaki.lg.jp/business/kenchiku/index.html","建築・開発","建築・開発｜岡崎市公式ホームページ 当ホームページではjavascriptを使用しています。 javascriptの使用を有効にしなければ、一部の機能が正確に動作しない恐れがあります。お手数ですがjavascriptの使用を有効にしてください。 エンターキーを押すと、ナビゲーション部分をスキップし本文へ移動します。 Foreign language 日本語 English Português Filipino Tiếng Việt 中文"
"岡崎市","strong","48","就職・退職｜岡崎市公式ホームページ","https://www.city.okazaki.lg.jp/business/shushoku/index.html","就職・退職","就職・退職｜岡崎市公式ホームページ 当ホームページではjavascriptを使用しています。 javascriptの使用を有効にしなければ、一部の機能が正確に動作しない恐れがあります。お手数ですがjavascriptの使用を有効にしてください。 エンターキーを押すと、ナビゲーション部分をスキップし本文へ移動します。 Foreign language 日本語 English Português Filipino Tiếng Việt 中文"
"岡崎市","strong","48","オープンデータ｜岡崎市公式ホームページ","https://www.city.okazaki.lg.jp/shisei/opendata/index.html","オープンデータOpen Data","オープンデータ｜岡崎市公式ホームページ 当ホームページではjavascriptを使用しています。 javascriptの使用を有効にしなければ、一部の機能が正確に動作しない恐れがあります。お手数ですがjavascriptの使用を有効にしてください。 エンターキーを押すと、ナビゲーション部分をスキップし本文へ移動します。 Foreign language 日本語 English Português Filipino Tiếng Việt "
"岡崎市","strong","48","募集情報｜岡崎市公式ホームページ","https://www.city.okazaki.lg.jp/1000009/index.html","募集情報","募集情報｜岡崎市公式ホームページ 当ホームページではjavascriptを使用しています。 javascriptの使用を有効にしなければ、一部の機能が正確に動作しない恐れがあります。お手数ですがjavascriptの使用を有効にしてください。 エンターキーを押すと、ナビゲーション部分をスキップし本文へ移動します。 Foreign language 日本語 English Português Filipino Tiếng Việt 中文（"
"岡崎市","strong","48","岡崎市制110周年記念「Jazz Live 小川晋平クインテット」｜岡崎市公式ホームページ","https://www.city.okazaki.lg.jp/kanko/event/1009558/1011067.html","岡崎市制110周年記念「Jazz Live 小川晋平クインテット」","岡崎市制110周年記念「Jazz Live 小川晋平クインテット」｜岡崎市公式ホームページ 当ホームページではjavascriptを使用しています。 javascriptの使用を有効にしなければ、一部の機能が正確に動作しない恐れがあります。お手数ですがjavascriptの使用を有効にしてください。 エンターキーを押すと、ナビゲーション部分をスキップし本文へ移動します。 Foreign language 日本語 English Port"
"岡崎市","strong","48","ごみステーション｜岡崎市公式ホームページ","https://www.city.okazaki.lg.jp/kurashi/gomi/1012430/1002188/1002199.html","ごみステーション","ごみステーション｜岡崎市公式ホームページ 当ホームページではjavascriptを使用しています。 javascriptの使用を有効にしなければ、一部の機能が正確に動作しない恐れがあります。お手数ですがjavascriptの使用を有効にしてください。 エンターキーを押すと、ナビゲーション部分をスキップし本文へ移動します。 Foreign language 日本語 English Português Filipino Tiếng Việt"
"岡崎市","strong","48","一般廃棄物処理手数料｜岡崎市公式ホームページ","https://www.city.okazaki.lg.jp/kurashi/gomi/1012430/1002188/1002217.html","一般廃棄物処理手数料","一般廃棄物処理手数料｜岡崎市公式ホームページ 当ホームページではjavascriptを使用しています。 javascriptの使用を有効にしなければ、一部の機能が正確に動作しない恐れがあります。お手数ですがjavascriptの使用を有効にしてください。 エンターキーを押すと、ナビゲーション部分をスキップし本文へ移動します。 Foreign language 日本語 English Português Filipino Tiếng Vi"
"岡崎市","strong","48","移住相談窓口「愛称：もりまっち」｜岡崎市公式ホームページ","https://www.city.okazaki.lg.jp/kurashi/ijyu/1003217.html","移住相談窓口「愛称：もりまっち」","移住相談窓口「愛称：もりまっち」｜岡崎市公式ホームページ 当ホームページではjavascriptを使用しています。 javascriptの使用を有効にしなければ、一部の機能が正確に動作しない恐れがあります。お手数ですがjavascriptの使用を有効にしてください。 エンターキーを押すと、ナビゲーション部分をスキップし本文へ移動します。 Foreign language 日本語 English Português Filipino Ti"
"岡崎市","strong","48","届出・手続き｜岡崎市公式ホームページ","https://www.city.okazaki.lg.jp/kosodate/ninshin/1012181/index.html","届出・手続き","届出・手続き｜岡崎市公式ホームページ 当ホームページではjavascriptを使用しています。 javascriptの使用を有効にしなければ、一部の機能が正確に動作しない恐れがあります。お手数ですがjavascriptの使用を有効にしてください。 エンターキーを押すと、ナビゲーション部分をスキップし本文へ移動します。 Foreign language 日本語 English Português Filipino Tiếng Việt 中"
"岡崎市","strong","48","健診・予防接種｜岡崎市公式ホームページ","https://www.city.okazaki.lg.jp/kosodate/ninshin/1012185/index.html","健診・予防接種","健診・予防接種｜岡崎市公式ホームページ 当ホームページではjavascriptを使用しています。 javascriptの使用を有効にしなければ、一部の機能が正確に動作しない恐れがあります。お手数ですがjavascriptの使用を有効にしてください。 エンターキーを押すと、ナビゲーション部分をスキップし本文へ移動します。 Foreign language 日本語 English Português Filipino Tiếng Việt "
"岡崎市","strong","48","金銭的支援｜岡崎市公式ホームページ","https://www.city.okazaki.lg.jp/kosodate/ninshin/1012190/index.html","金銭的支援","金銭的支援｜岡崎市公式ホームページ 当ホームページではjavascriptを使用しています。 javascriptの使用を有効にしなければ、一部の機能が正確に動作しない恐れがあります。お手数ですがjavascriptの使用を有効にしてください。 エンターキーを押すと、ナビゲーション部分をスキップし本文へ移動します。 Foreign language 日本語 English Português Filipino Tiếng Việt 中文"
"岡崎市","strong","48","サポート・施設・コミュニティ｜岡崎市公式ホームページ","https://www.city.okazaki.lg.jp/kosodate/ninshin/1012205/index.html","サポート・施設・コミュニティ","サポート・施設・コミュニティ｜岡崎市公式ホームページ 当ホームページではjavascriptを使用しています。 javascriptの使用を有効にしなければ、一部の機能が正確に動作しない恐れがあります。お手数ですがjavascriptの使用を有効にしてください。 エンターキーを押すと、ナビゲーション部分をスキップし本文へ移動します。 Foreign language 日本語 English Português Filipino Tiến"
"岡崎市","strong","48","健診・予防接種｜岡崎市公式ホームページ","https://www.city.okazaki.lg.jp/kosodate/kosodate/1012212/index.html","健診・予防接種","健診・予防接種｜岡崎市公式ホームページ 当ホームページではjavascriptを使用しています。 javascriptの使用を有効にしなければ、一部の機能が正確に動作しない恐れがあります。お手数ですがjavascriptの使用を有効にしてください。 エンターキーを押すと、ナビゲーション部分をスキップし本文へ移動します。 Foreign language 日本語 English Português Filipino Tiếng Việt "
"岡崎市","strong","48","金銭的支援｜岡崎市公式ホームページ","https://www.city.okazaki.lg.jp/kosodate/kosodate/1012215/index.html","金銭的支援","金銭的支援｜岡崎市公式ホームページ 当ホームページではjavascriptを使用しています。 javascriptの使用を有効にしなければ、一部の機能が正確に動作しない恐れがあります。お手数ですがjavascriptの使用を有効にしてください。 エンターキーを押すと、ナビゲーション部分をスキップし本文へ移動します。 Foreign language 日本語 English Português Filipino Tiếng Việt 中文"
"岡崎市","strong","48","教育・保育サービス｜岡崎市公式ホームページ","https://www.city.okazaki.lg.jp/kosodate/kosodate/1012221/index.html","教育・保育サービス","教育・保育サービス｜岡崎市公式ホームページ 当ホームページではjavascriptを使用しています。 javascriptの使用を有効にしなければ、一部の機能が正確に動作しない恐れがあります。お手数ですがjavascriptの使用を有効にしてください。 エンターキーを押すと、ナビゲーション部分をスキップし本文へ移動します。 Foreign language 日本語 English Português Filipino Tiếng Việ"
"岡崎市","strong","48","サポート・施設・コミュニティ｜岡崎市公式ホームページ","https://www.city.okazaki.lg.jp/kosodate/kosodate/1012230/index.html","サポート・施設・コミュニティ","サポート・施設・コミュニティ｜岡崎市公式ホームページ 当ホームページではjavascriptを使用しています。 javascriptの使用を有効にしなければ、一部の機能が正確に動作しない恐れがあります。お手数ですがjavascriptの使用を有効にしてください。 エンターキーを押すと、ナビゲーション部分をスキップし本文へ移動します。 Foreign language 日本語 English Português Filipino Tiến"
"岡崎市","strong","48","助産師・保健師等による新生児等訪問｜岡崎市公式ホームページ","https://www.city.okazaki.lg.jp/kosodate/kosodate/1003470.html","助産師・保健師等による新生児等訪問","助産師・保健師等による新生児等訪問｜岡崎市公式ホームページ 当ホームページではjavascriptを使用しています。 javascriptの使用を有効にしなければ、一部の機能が正確に動作しない恐れがあります。お手数ですがjavascriptの使用を有効にしてください。 エンターキーを押すと、ナビゲーション部分をスキップし本文へ移動します。 Foreign language 日本語 English Português Filipino T"
"岡崎市","strong","48","障がいをお持ちのお子さんへ｜岡崎市公式ホームページ","https://www.city.okazaki.lg.jp/kosodate/kyouiku/1012241/index.html","障がいをお持ちのお子さんへ","障がいをお持ちのお子さんへ｜岡崎市公式ホームページ 当ホームページではjavascriptを使用しています。 javascriptの使用を有効にしなければ、一部の機能が正確に動作しない恐れがあります。お手数ですがjavascriptの使用を有効にしてください。 エンターキーを押すと、ナビゲーション部分をスキップし本文へ移動します。 Foreign language 日本語 English Português Filipino Tiếng"
"岡崎市","strong","48","転校の手続き｜岡崎市公式ホームページ","https://www.city.okazaki.lg.jp/kosodate/kyouiku/1012242/index.html","転校の手続き","転校の手続き｜岡崎市公式ホームページ 当ホームページではjavascriptを使用しています。 javascriptの使用を有効にしなければ、一部の機能が正確に動作しない恐れがあります。お手数ですがjavascriptの使用を有効にしてください。 エンターキーを押すと、ナビゲーション部分をスキップし本文へ移動します。 Foreign language 日本語 English Português Filipino Tiếng Việt 中"
"岡崎市","strong","48","相談・問い合わせ｜岡崎市公式ホームページ","https://www.city.okazaki.lg.jp/kosodate/kyouiku/1012249/index.html","相談・問い合わせ","相談・問い合わせ｜岡崎市公式ホームページ 当ホームページではjavascriptを使用しています。 javascriptの使用を有効にしなければ、一部の機能が正確に動作しない恐れがあります。お手数ですがjavascriptの使用を有効にしてください。 エンターキーを押すと、ナビゲーション部分をスキップし本文へ移動します。 Foreign language 日本語 English Português Filipino Tiếng Việt"
"岡崎市","strong","48","医療を受けるために｜岡崎市公式ホームページ","https://www.city.okazaki.lg.jp/kenko/kourei/1012322/index.html","医療を受けるために","医療を受けるために｜岡崎市公式ホームページ 当ホームページではjavascriptを使用しています。 javascriptの使用を有効にしなければ、一部の機能が正確に動作しない恐れがあります。お手数ですがjavascriptの使用を有効にしてください。 エンターキーを押すと、ナビゲーション部分をスキップし本文へ移動します。 Foreign language 日本語 English Português Filipino Tiếng Việ"
"岡崎市","strong","48","民生委員・児童委員｜岡崎市公式ホームページ","https://www.city.okazaki.lg.jp/kenko/fukushi/1012485/index.html","民生委員・児童委員","民生委員・児童委員｜岡崎市公式ホームページ 当ホームページではjavascriptを使用しています。 javascriptの使用を有効にしなければ、一部の機能が正確に動作しない恐れがあります。お手数ですがjavascriptの使用を有効にしてください。 エンターキーを押すと、ナビゲーション部分をスキップし本文へ移動します。 Foreign language 日本語 English Português Filipino Tiếng Việ"
"岡崎市","strong","48","成人の健康｜岡崎市公式ホームページ","https://www.city.okazaki.lg.jp/kenko/kenko_iryo/1012167/index.html","成人の健康","成人の健康｜岡崎市公式ホームページ 当ホームページではjavascriptを使用しています。 javascriptの使用を有効にしなければ、一部の機能が正確に動作しない恐れがあります。お手数ですがjavascriptの使用を有効にしてください。 エンターキーを押すと、ナビゲーション部分をスキップし本文へ移動します。 Foreign language 日本語 English Português Filipino Tiếng Việt 中文"
"岡崎市","strong","48","子どもの健康｜岡崎市公式ホームページ","https://www.city.okazaki.lg.jp/kenko/kenko_iryo/1012504/index.html","子どもの健康","子どもの健康｜岡崎市公式ホームページ 当ホームページではjavascriptを使用しています。 javascriptの使用を有効にしなければ、一部の機能が正確に動作しない恐れがあります。お手数ですがjavascriptの使用を有効にしてください。 エンターキーを押すと、ナビゲーション部分をスキップし本文へ移動します。 Foreign language 日本語 English Português Filipino Tiếng Việt 中"
"岡崎市","strong","48","こどもの家 あ行～さ行｜岡崎市公式ホームページ","https://www.city.okazaki.lg.jp/shisei/shisetsu/1009248/1009249/index.html","こどもの家 あ行～さ行","こどもの家 あ行～さ行｜岡崎市公式ホームページ 当ホームページではjavascriptを使用しています。 javascriptの使用を有効にしなければ、一部の機能が正確に動作しない恐れがあります。お手数ですがjavascriptの使用を有効にしてください。 エンターキーを押すと、ナビゲーション部分をスキップし本文へ移動します。 Foreign language 日本語 English Português Filipino Tiếng V"
"岡崎市","strong","48","こどもの家 た行～は行｜岡崎市公式ホームページ","https://www.city.okazaki.lg.jp/shisei/shisetsu/1009248/1009263/index.html","こどもの家 た行～は行","こどもの家 た行～は行｜岡崎市公式ホームページ 当ホームページではjavascriptを使用しています。 javascriptの使用を有効にしなければ、一部の機能が正確に動作しない恐れがあります。お手数ですがjavascriptの使用を有効にしてください。 エンターキーを押すと、ナビゲーション部分をスキップし本文へ移動します。 Foreign language 日本語 English Português Filipino Tiếng V"
"岡崎市","strong","48","こどもの家 ま行～わ行｜岡崎市公式ホームページ","https://www.city.okazaki.lg.jp/shisei/shisetsu/1009248/1009278/index.html","こどもの家 ま行～わ行","こどもの家 ま行～わ行｜岡崎市公式ホームページ 当ホームページではjavascriptを使用しています。 javascriptの使用を有効にしなければ、一部の機能が正確に動作しない恐れがあります。お手数ですがjavascriptの使用を有効にしてください。 エンターキーを押すと、ナビゲーション部分をスキップし本文へ移動します。 Foreign language 日本語 English Português Filipino Tiếng V"
"岡崎市","strong","48","岡崎市中小企業・勤労者支援センター｜岡崎市公式ホームページ","https://www.city.okazaki.lg.jp/business/shushoku/1012303/1001966.html","岡崎市中小企業・勤労者支援センター","岡崎市中小企業・勤労者支援センター｜岡崎市公式ホームページ 当ホームページではjavascriptを使用しています。 javascriptの使用を有効にしなければ、一部の機能が正確に動作しない恐れがあります。お手数ですがjavascriptの使用を有効にしてください。 エンターキーを押すと、ナビゲーション部分をスキップし本文へ移動します。 Foreign language 日本語 English Português Filipino T"
"岡崎市","strong","48","農業用ため池の耐震対策｜岡崎市公式ホームページ","https://www.city.okazaki.lg.jp/business/sangyo/1005302/1005377/1005381.html","農業用ため池の耐震対策","農業用ため池の耐震対策｜岡崎市公式ホームページ 当ホームページではjavascriptを使用しています。 javascriptの使用を有効にしなければ、一部の機能が正確に動作しない恐れがあります。お手数ですがjavascriptの使用を有効にしてください。 エンターキーを押すと、ナビゲーション部分をスキップし本文へ移動します。 Foreign language 日本語 English Português Filipino Tiếng V"
"岡崎市","strong","48","岡崎市中小企業向け脱炭素経営支援業務｜岡崎市公式ホームページ","https://www.city.okazaki.lg.jp/kanko/event/1009636/1009671.html","岡崎市中小企業向け脱炭素経営支援業務","岡崎市中小企業向け脱炭素経営支援業務｜岡崎市公式ホームページ 当ホームページではjavascriptを使用しています。 javascriptの使用を有効にしなければ、一部の機能が正確に動作しない恐れがあります。お手数ですがjavascriptの使用を有効にしてください。 エンターキーを押すと、ナビゲーション部分をスキップし本文へ移動します。 Foreign language 日本語 English Português Filipino "
"岡崎市","strong","48","令和6年8月9日 中小企業の脱炭素経営セミナー 今、中小企業に求められる脱炭素経営とは を開催しました。｜岡崎市公式ホームページ","https://www.city.okazaki.lg.jp/kanko/event/1009636/1009681.html","令和6年8月9日 中小企業の脱炭素経営セミナー 今、中小企業に求められる脱炭素経営とは を開催しました。","令和6年8月9日 中小企業の脱炭素経営セミナー 今、中小企業に求められる脱炭素経営とは を開催しました。｜岡崎市公式ホームページ 当ホームページではjavascriptを使用しています。 javascriptの使用を有効にしなければ、一部の機能が正確に動作しない恐れがあります。お手数ですがjavascriptの使用を有効にしてください。 エンターキーを押すと、ナビゲーション部分をスキップし本文へ移動します。 Foreign langua"
"岡崎市","strong","48","夏休みこども教室 水のちがいを解け｜岡崎市公式ホームページ","https://www.city.okazaki.lg.jp/kanko/event/1009636/1009540.html","夏休みこども教室 水のちがいを解け","夏休みこども教室 水のちがいを解け｜岡崎市公式ホームページ 当ホームページではjavascriptを使用しています。 javascriptの使用を有効にしなければ、一部の機能が正確に動作しない恐れがあります。お手数ですがjavascriptの使用を有効にしてください。 エンターキーを押すと、ナビゲーション部分をスキップし本文へ移動します。 Foreign language 日本語 English Português Filipino T"
"岡崎市","strong","48","こども向け日本語教室「ぴかぴか」夏クラス｜岡崎市公式ホームページ","https://www.city.okazaki.lg.jp/kanko/event/1009636/1011227.html","こども向け日本語教室「ぴかぴか」夏クラス","こども向け日本語教室「ぴかぴか」夏クラス｜岡崎市公式ホームページ 当ホームページではjavascriptを使用しています。 javascriptの使用を有効にしなければ、一部の機能が正確に動作しない恐れがあります。お手数ですがjavascriptの使用を有効にしてください。 エンターキーを押すと、ナビゲーション部分をスキップし本文へ移動します。 Foreign language 日本語 English Português Filipin"
"岡崎市","strong","48","こども発達相談センター指定管理者制度関連情報｜岡崎市公式ホームページ","https://www.city.okazaki.lg.jp/shisei/vision/1008273/1008296/1008309.html","こども発達相談センター指定管理者制度関連情報","こども発達相談センター指定管理者制度関連情報｜岡崎市公式ホームページ 当ホームページではjavascriptを使用しています。 javascriptの使用を有効にしなければ、一部の機能が正確に動作しない恐れがあります。お手数ですがjavascriptの使用を有効にしてください。 エンターキーを押すと、ナビゲーション部分をスキップし本文へ移動します。 Foreign language 日本語 English Português Filip"
"岡崎市","strong","48","市営住宅課指定管理者制度関連情報｜岡崎市公式ホームページ","https://www.city.okazaki.lg.jp/shisei/vision/1008273/1008296/1008300.html","市営住宅課指定管理者制度関連情報","市営住宅課指定管理者制度関連情報｜岡崎市公式ホームページ 当ホームページではjavascriptを使用しています。 javascriptの使用を有効にしなければ、一部の機能が正確に動作しない恐れがあります。お手数ですがjavascriptの使用を有効にしてください。 エンターキーを押すと、ナビゲーション部分をスキップし本文へ移動します。 Foreign language 日本語 English Português Filipino Ti"
"岡崎市","strong","48","こども育成課指定管理者制度関連情報｜岡崎市公式ホームページ","https://www.city.okazaki.lg.jp/shisei/vision/1008273/1008296/1008308.html","こども育成課指定管理者制度関連情報","こども育成課指定管理者制度関連情報｜岡崎市公式ホームページ 当ホームページではjavascriptを使用しています。 javascriptの使用を有効にしなければ、一部の機能が正確に動作しない恐れがあります。お手数ですがjavascriptの使用を有効にしてください。 エンターキーを押すと、ナビゲーション部分をスキップし本文へ移動します。 Foreign language 日本語 English Português Filipino T"
"岡崎市","strong","48","介護保険料の減免｜岡崎市公式ホームページ","https://www.city.okazaki.lg.jp/kenko/kourei/1003886/1012323/1003945/1003948.html","介護保険料の減免","介護保険料の減免｜岡崎市公式ホームページ 当ホームページではjavascriptを使用しています。 javascriptの使用を有効にしなければ、一部の機能が正確に動作しない恐れがあります。お手数ですがjavascriptの使用を有効にしてください。 エンターキーを押すと、ナビゲーション部分をスキップし本文へ移動します。 Foreign language 日本語 English Português Filipino Tiếng Việt"
"岡崎市","strong","48","HPV予防接種 定期予防接種｜岡崎市公式ホームページ","https://www.city.okazaki.lg.jp/kosodate/kosodate/1012212/1013133/1003596/1003576.html","HPV予防接種 定期予防接種","HPV予防接種 定期予防接種｜岡崎市公式ホームページ 当ホームページではjavascriptを使用しています。 javascriptの使用を有効にしなければ、一部の機能が正確に動作しない恐れがあります。お手数ですがjavascriptの使用を有効にしてください。 エンターキーを押すと、ナビゲーション部分をスキップし本文へ移動します。 Foreign language 日本語 English Português Filipino Tiến"
"岡崎市","strong","48","高齢者帯状疱疹予防接種（定期接種）｜岡崎市公式ホームページ","https://www.city.okazaki.lg.jp/kenko/kenko_iryo/1012167/1004432/1004437.html","高齢者帯状疱疹予防接種（定期接種）","高齢者帯状疱疹予防接種（定期接種）｜岡崎市公式ホームページ 当ホームページではjavascriptを使用しています。 javascriptの使用を有効にしなければ、一部の機能が正確に動作しない恐れがあります。お手数ですがjavascriptの使用を有効にしてください。 エンターキーを押すと、ナビゲーション部分をスキップし本文へ移動します。 Foreign language 日本語 English Português Filipino T"
"岡崎市","strong","48","パパと子どものパン作り教室｜岡崎市公式ホームページ","https://www.city.okazaki.lg.jp/kanko/event/1009594/1015540.html","パパと子どものパン作り教室","パパと子どものパン作り教室｜岡崎市公式ホームページ 当ホームページではjavascriptを使用しています。 javascriptの使用を有効にしなければ、一部の機能が正確に動作しない恐れがあります。お手数ですがjavascriptの使用を有効にしてください。 エンターキーを押すと、ナビゲーション部分をスキップし本文へ移動します。 Foreign language 日本語 English Português Filipino Tiếng"
"岡崎市","strong","48","「おかざきこども会議」参加者募集！｜岡崎市公式ホームページ","https://www.city.okazaki.lg.jp/kanko/event/1009594/1009616.html","「おかざきこども会議」参加者募集！","「おかざきこども会議」参加者募集！｜岡崎市公式ホームページ 当ホームページではjavascriptを使用しています。 javascriptの使用を有効にしなければ、一部の機能が正確に動作しない恐れがあります。お手数ですがjavascriptの使用を有効にしてください。 エンターキーを押すと、ナビゲーション部分をスキップし本文へ移動します。 Foreign language 日本語 English Português Filipino T"
"岡崎市","strong","48","こどもの皆さんの自由な声を聞かせてください！｜岡崎市公式ホームページ","https://www.city.okazaki.lg.jp/kanko/event/1009594/1009627.html","こどもの皆さんの自由な声を聞かせてください！","こどもの皆さんの自由な声を聞かせてください！｜岡崎市公式ホームページ 当ホームページではjavascriptを使用しています。 javascriptの使用を有効にしなければ、一部の機能が正確に動作しない恐れがあります。お手数ですがjavascriptの使用を有効にしてください。 エンターキーを押すと、ナビゲーション部分をスキップし本文へ移動します。 Foreign language 日本語 English Português Filip"
"瀬戸市","strong","48","ごみ・環境保全 | 瀬戸市","https://www.city.seto.aichi.jp/bunya/gomi-recycle-kankyou/index.html","","ごみ・環境保全 | 瀬戸市 このページの本文へ移動 瀬戸市のホームページではJavaScriptを使用しています。 JavaScriptの使用を有効にしていない場合は、一部の機能が正確に動作しない恐れがあります。 お手数ですがJavaScriptの使用を有効にしてください。 サイト内検索 ID番号検索 検索の使い方 閲覧支援ツール やさしい日本語 元に戻す 文字サイズ 背景色の変更 白 黒 青 閉じる Language HOME 安全・"
"瀬戸市","strong","48","子育て | 瀬戸市","https://www.city.seto.aichi.jp/bunya/kosodate-kyouiku/index.html","このページの本文へ移動","子育て | 瀬戸市 このページの本文へ移動 瀬戸市のホームページではJavaScriptを使用しています。 JavaScriptの使用を有効にしていない場合は、一部の機能が正確に動作しない恐れがあります。 お手数ですがJavaScriptの使用を有効にしてください。 サイト内検索 ID番号検索 検索の使い方 閲覧支援ツール やさしい日本語 元に戻す 文字サイズ 背景色の変更 白 黒 青 閉じる Language HOME 安全・安心情報"
"瀬戸市","strong","48","事業者情報 | 瀬戸市","https://www.city.seto.aichi.jp/bunya/global-jigyousya/index.html","","事業者情報 | 瀬戸市 このページの本文へ移動 瀬戸市のホームページではJavaScriptを使用しています。 JavaScriptの使用を有効にしていない場合は、一部の機能が正確に動作しない恐れがあります。 お手数ですがJavaScriptの使用を有効にしてください。 サイト内検索 ID番号検索 検索の使い方 閲覧支援ツール やさしい日本語 元に戻す 文字サイズ 背景色の変更 白 黒 青 閉じる Language HOME 安全・安心"
"瀬戸市","strong","48","市政情報 | 瀬戸市","https://www.city.seto.aichi.jp/bunya/global-shisei/index.html","","市政情報 | 瀬戸市 このページの本文へ移動 瀬戸市のホームページではJavaScriptを使用しています。 JavaScriptの使用を有効にしていない場合は、一部の機能が正確に動作しない恐れがあります。 お手数ですがJavaScriptの使用を有効にしてください。 サイト内検索 ID番号検索 検索の使い方 閲覧支援ツール やさしい日本語 元に戻す 文字サイズ 背景色の変更 白 黒 青 閉じる Language HOME 安全・安心情"
"瀬戸市","strong","48","市の取り組み | 瀬戸市","https://www.city.seto.aichi.jp/bunya/city_torikumi.html","","市の取り組み | 瀬戸市 このページの本文へ移動 瀬戸市のホームページではJavaScriptを使用しています。 JavaScriptの使用を有効にしていない場合は、一部の機能が正確に動作しない恐れがあります。 お手数ですがJavaScriptの使用を有効にしてください。 サイト内検索 ID番号検索 検索の使い方 閲覧支援ツール やさしい日本語 元に戻す 文字サイズ 背景色の変更 白 黒 青 閉じる Language HOME 安全・安"
"瀬戸市","strong","48","令和８年度瀬戸市住宅用地球温暖化対策設備設置費補助金について | 瀬戸市","https://www.city.seto.aichi.jp/docs/2023/03/27/00113/00113.html","令和８年度瀬戸市住宅用地球温暖化対策設備設置費補助金について","令和８年度瀬戸市住宅用地球温暖化対策設備設置費補助金について | 瀬戸市 このページの本文へ移動 瀬戸市のホームページではJavaScriptを使用しています。 JavaScriptの使用を有効にしていない場合は、一部の機能が正確に動作しない恐れがあります。 お手数ですがJavaScriptの使用を有効にしてください。 サイト内検索 ID番号検索 検索の使い方 閲覧支援ツール やさしい日本語 元に戻す 文字サイズ 背景色の変更 白 黒 "
"瀬戸市","strong","48","生活・学習支援員等の募集 | 瀬戸市","https://www.city.seto.aichi.jp/docs/2023/05/08/00366/index.html","","生活・学習支援員等の募集 | 瀬戸市 このページの本文へ移動 瀬戸市のホームページではJavaScriptを使用しています。 JavaScriptの使用を有効にしていない場合は、一部の機能が正確に動作しない恐れがあります。 お手数ですがJavaScriptの使用を有効にしてください。 サイト内検索 ID番号検索 検索の使い方 閲覧支援ツール やさしい日本語 元に戻す 文字サイズ 背景色の変更 白 黒 青 閉じる Language HOM"
"瀬戸市","strong","48","民間保育園就職フェアin瀬戸を開催します！ | 瀬戸市","https://www.city.seto.aichi.jp/docs/2023/06/26/00017/00017.html","","民間保育園就職フェアin瀬戸を開催します！ | 瀬戸市 このページの本文へ移動 瀬戸市のホームページではJavaScriptを使用しています。 JavaScriptの使用を有効にしていない場合は、一部の機能が正確に動作しない恐れがあります。 お手数ですがJavaScriptの使用を有効にしてください。 サイト内検索 ID番号検索 検索の使い方 閲覧支援ツール やさしい日本語 元に戻す 文字サイズ 背景色の変更 白 黒 青 閉じる Lan"
"瀬戸市","strong","48","サイトマップ | 瀬戸市","https://www.city.seto.aichi.jp/sitemap.html","","サイトマップ | 瀬戸市 このページの本文へ移動 瀬戸市のホームページではJavaScriptを使用しています。 JavaScriptの使用を有効にしていない場合は、一部の機能が正確に動作しない恐れがあります。 お手数ですがJavaScriptの使用を有効にしてください。 サイト内検索 ID番号検索 検索の使い方 閲覧支援ツール やさしい日本語 元に戻す 文字サイズ 背景色の変更 白 黒 青 閉じる Language HOME 安全・安"
"瀬戸市","strong","48","防災総合情報 | 瀬戸市","https://www.city.seto.aichi.jp/bunya/bousaidougoujyouhou/index.html","","防災総合情報 | 瀬戸市 このページの本文へ移動 瀬戸市のホームページではJavaScriptを使用しています。 JavaScriptの使用を有効にしていない場合は、一部の機能が正確に動作しない恐れがあります。 お手数ですがJavaScriptの使用を有効にしてください。 サイト内検索 ID番号検索 検索の使い方 閲覧支援ツール やさしい日本語 元に戻す 文字サイズ 背景色の変更 白 黒 青 閉じる Language HOME 安全・安"
"瀬戸市","strong","48","【令和7年中】瀬戸警察署における犯罪発生状況 | 瀬戸市","https://www.city.seto.aichi.jp/docs/2022/03/14/00039/index.html","","【令和7年中】瀬戸警察署における犯罪発生状況 | 瀬戸市 このページの本文へ移動 瀬戸市のホームページではJavaScriptを使用しています。 JavaScriptの使用を有効にしていない場合は、一部の機能が正確に動作しない恐れがあります。 お手数ですがJavaScriptの使用を有効にしてください。 サイト内検索 ID番号検索 検索の使い方 閲覧支援ツール やさしい日本語 元に戻す 文字サイズ 背景色の変更 白 黒 青 閉じる La"
"瀬戸市","strong","48","生活道路における自動車の法定速度が時速30キロに引き下げられます | 瀬戸市","https://www.city.seto.aichi.jp/docs/2026/06/24/00708042478/00708042478.html","","生活道路における自動車の法定速度が時速30キロに引き下げられます | 瀬戸市 このページの本文へ移動 瀬戸市のホームページではJavaScriptを使用しています。 JavaScriptの使用を有効にしていない場合は、一部の機能が正確に動作しない恐れがあります。 お手数ですがJavaScriptの使用を有効にしてください。 サイト内検索 ID番号検索 検索の使い方 閲覧支援ツール やさしい日本語 元に戻す 文字サイズ 背景色の変更 白 "
"瀬戸市","strong","48","空き家関連 | 瀬戸市","https://www.city.seto.aichi.jp/bunya/akiyakannrenn/index.html","空き家関連","空き家関連 | 瀬戸市 このページの本文へ移動 瀬戸市のホームページではJavaScriptを使用しています。 JavaScriptの使用を有効にしていない場合は、一部の機能が正確に動作しない恐れがあります。 お手数ですがJavaScriptの使用を有効にしてください。 サイト内検索 ID番号検索 検索の使い方 閲覧支援ツール やさしい日本語 元に戻す 文字サイズ 背景色の変更 白 黒 青 閉じる Language HOME 安全・安心"
"瀬戸市","strong","48","関連情報 | 瀬戸市","https://www.city.seto.aichi.jp/bunya/kurashi-kosodate-kanrenjyouhou/index.html","関連情報","関連情報 | 瀬戸市 このページの本文へ移動 瀬戸市のホームページではJavaScriptを使用しています。 JavaScriptの使用を有効にしていない場合は、一部の機能が正確に動作しない恐れがあります。 お手数ですがJavaScriptの使用を有効にしてください。 サイト内検索 ID番号検索 検索の使い方 閲覧支援ツール やさしい日本語 元に戻す 文字サイズ 背景色の変更 白 黒 青 閉じる Language HOME 安全・安心情"
"瀬戸市","strong","48","障害に関する相談 | 瀬戸市","https://www.city.seto.aichi.jp/bunya/shougaisoudan.html","障害に関する相談","障害に関する相談 | 瀬戸市 このページの本文へ移動 瀬戸市のホームページではJavaScriptを使用しています。 JavaScriptの使用を有効にしていない場合は、一部の機能が正確に動作しない恐れがあります。 お手数ですがJavaScriptの使用を有効にしてください。 サイト内検索 ID番号検索 検索の使い方 閲覧支援ツール やさしい日本語 元に戻す 文字サイズ 背景色の変更 白 黒 青 閉じる Language HOME 安全"
"瀬戸市","strong","48","介護保険サービス | 瀬戸市","https://www.city.seto.aichi.jp/bunya/life-kaigohoken/index.html","介護保険サービス","介護保険サービス | 瀬戸市 このページの本文へ移動 瀬戸市のホームページではJavaScriptを使用しています。 JavaScriptの使用を有効にしていない場合は、一部の機能が正確に動作しない恐れがあります。 お手数ですがJavaScriptの使用を有効にしてください。 サイト内検索 ID番号検索 検索の使い方 閲覧支援ツール やさしい日本語 元に戻す 文字サイズ 背景色の変更 白 黒 青 閉じる Language HOME 安全"
"瀬戸市","strong","48","創業支援に関する個人相談 | 瀬戸市","https://www.city.seto.aichi.jp/docs/2018/12/12/00047/index.html","創業支援に関する個人相談","創業支援に関する個人相談 | 瀬戸市 このページの本文へ移動 瀬戸市のホームページではJavaScriptを使用しています。 JavaScriptの使用を有効にしていない場合は、一部の機能が正確に動作しない恐れがあります。 お手数ですがJavaScriptの使用を有効にしてください。 サイト内検索 ID番号検索 検索の使い方 閲覧支援ツール やさしい日本語 元に戻す 文字サイズ 背景色の変更 白 黒 青 閉じる Language HOM"
"瀬戸市","strong","48","瀬戸市の創業支援について | 瀬戸市","https://www.city.seto.aichi.jp/docs/2020/08/19/00035/index.html","瀬戸市の創業支援について","瀬戸市の創業支援について | 瀬戸市 このページの本文へ移動 瀬戸市のホームページではJavaScriptを使用しています。 JavaScriptの使用を有効にしていない場合は、一部の機能が正確に動作しない恐れがあります。 お手数ですがJavaScriptの使用を有効にしてください。 サイト内検索 ID番号検索 検索の使い方 閲覧支援ツール やさしい日本語 元に戻す 文字サイズ 背景色の変更 白 黒 青 閉じる Language HOM"
"瀬戸市","strong","48","住宅・土地統計調査 | 瀬戸市","https://www.city.seto.aichi.jp/bunya/jyuutakutochi_toukeityousa.html","住宅・土地統計調査","住宅・土地統計調査 | 瀬戸市 このページの本文へ移動 瀬戸市のホームページではJavaScriptを使用しています。 JavaScriptの使用を有効にしていない場合は、一部の機能が正確に動作しない恐れがあります。 お手数ですがJavaScriptの使用を有効にしてください。 サイト内検索 ID番号検索 検索の使い方 閲覧支援ツール やさしい日本語 元に戻す 文字サイズ 背景色の変更 白 黒 青 閉じる Language HOME 安"
"瀬戸市","strong","48","社会資本総合整備計画～水道施設の耐震化事業（防災・安全）（重点計画）～(令和０８年度 ～ 令和１１年度) | 瀬戸市","https://www.city.seto.aichi.jp/docs/2026/03/18/00708042180/00708042180.html","社会資本総合整備計画～水道施設の耐震化事業（防災・安全）（重点計画）～(令和０８年度 ～ 令和１１年度)","社会資本総合整備計画～水道施設の耐震化事業（防災・安全）（重点計画）～(令和０８年度 ～ 令和１１年度) | 瀬戸市 このページの本文へ移動 瀬戸市のホームページではJavaScriptを使用しています。 JavaScriptの使用を有効にしていない場合は、一部の機能が正確に動作しない恐れがあります。 お手数ですがJavaScriptの使用を有効にしてください。 サイト内検索 ID番号検索 検索の使い方 閲覧支援ツール やさしい日本語 "
"瀬戸市","strong","48","【募集終了しました】販路拡大事業補助金 | 瀬戸市","https://www.city.seto.aichi.jp/docs/2020/08/18/00052/index.html","販路拡大事業補助金","【募集終了しました】販路拡大事業補助金 | 瀬戸市 このページの本文へ移動 瀬戸市のホームページではJavaScriptを使用しています。 JavaScriptの使用を有効にしていない場合は、一部の機能が正確に動作しない恐れがあります。 お手数ですがJavaScriptの使用を有効にしてください。 サイト内検索 ID番号検索 検索の使い方 閲覧支援ツール やさしい日本語 元に戻す 文字サイズ 背景色の変更 白 黒 青 閉じる Langu"
"瀬戸市","strong","48","瀬戸市高齢者等住宅用火災警報器購入費補助金について | 瀬戸市","https://www.city.seto.aichi.jp/docs/2026/03/30/00708042221/00708042221.html","瀬戸市高齢者等住宅用火災警報器購入費補助金について","瀬戸市高齢者等住宅用火災警報器購入費補助金について | 瀬戸市 このページの本文へ移動 瀬戸市のホームページではJavaScriptを使用しています。 JavaScriptの使用を有効にしていない場合は、一部の機能が正確に動作しない恐れがあります。 お手数ですがJavaScriptの使用を有効にしてください。 サイト内検索 ID番号検索 検索の使い方 閲覧支援ツール やさしい日本語 元に戻す 文字サイズ 背景色の変更 白 黒 青 閉じる"
"瀬戸市","strong","48","瀬戸市防犯灯電気料金補助金制度 | 瀬戸市","https://www.city.seto.aichi.jp/docs/2015/04/06/00040/index.html","瀬戸市防犯灯電気料金補助金制度","瀬戸市防犯灯電気料金補助金制度 | 瀬戸市 このページの本文へ移動 瀬戸市のホームページではJavaScriptを使用しています。 JavaScriptの使用を有効にしていない場合は、一部の機能が正確に動作しない恐れがあります。 お手数ですがJavaScriptの使用を有効にしてください。 サイト内検索 ID番号検索 検索の使い方 閲覧支援ツール やさしい日本語 元に戻す 文字サイズ 背景色の変更 白 黒 青 閉じる Language "
"瀬戸市","strong","48","外部人材活用・専門家派遣事業補助金制度 | 瀬戸市","https://www.city.seto.aichi.jp/docs/2020/08/18/00106/index.html","外部人材活用・専門家派遣事業補助金制度","外部人材活用・専門家派遣事業補助金制度 | 瀬戸市 このページの本文へ移動 瀬戸市のホームページではJavaScriptを使用しています。 JavaScriptの使用を有効にしていない場合は、一部の機能が正確に動作しない恐れがあります。 お手数ですがJavaScriptの使用を有効にしてください。 サイト内検索 ID番号検索 検索の使い方 閲覧支援ツール やさしい日本語 元に戻す 文字サイズ 背景色の変更 白 黒 青 閉じる Langu"
"瀬戸市","strong","48","瀬戸市高齢者救急協力施設認定事業所 | 瀬戸市","https://www.city.seto.aichi.jp/docs/2023/04/21/00301/00301.html","瀬戸市高齢者救急協力施設新規認定事業所","瀬戸市高齢者救急協力施設認定事業所 | 瀬戸市 このページの本文へ移動 瀬戸市のホームページではJavaScriptを使用しています。 JavaScriptの使用を有効にしていない場合は、一部の機能が正確に動作しない恐れがあります。 お手数ですがJavaScriptの使用を有効にしてください。 サイト内検索 ID番号検索 検索の使い方 閲覧支援ツール やさしい日本語 元に戻す 文字サイズ 背景色の変更 白 黒 青 閉じる Languag"
"瀬戸市","strong","48","【応募受付は終了いたしました。】【令和８年２月２7日開催】ゼロから学ぶ中小企業のための生成ＡＩ入門 | 瀬戸市","https://www.city.seto.aichi.jp/docs/2026/01/29/00708042009/00708042009.html","ゼロから学ぶ中小企業のための生成ＡＩ入門","【応募受付は終了いたしました。】【令和８年２月２7日開催】ゼロから学ぶ中小企業のための生成ＡＩ入門 | 瀬戸市 このページの本文へ移動 瀬戸市のホームページではJavaScriptを使用しています。 JavaScriptの使用を有効にしていない場合は、一部の機能が正確に動作しない恐れがあります。 お手数ですがJavaScriptの使用を有効にしてください。 サイト内検索 ID番号検索 検索の使い方 閲覧支援ツール やさしい日本語 元に戻"
"瀬戸市","strong","48","「こども manaca おでかけキャンペーン第3弾」について【名古屋鉄道、名鉄バスなど】 | 瀬戸市","https://www.city.seto.aichi.jp/docs/2026/01/06/00708041944/00708041944.html","こども manaca おでかけキャンペーン第3弾【名古屋鉄道、名鉄バスなど】","「こども manaca おでかけキャンペーン第3弾」について【名古屋鉄道、名鉄バスなど】 | 瀬戸市 このページの本文へ移動 瀬戸市のホームページではJavaScriptを使用しています。 JavaScriptの使用を有効にしていない場合は、一部の機能が正確に動作しない恐れがあります。 お手数ですがJavaScriptの使用を有効にしてください。 サイト内検索 ID番号検索 検索の使い方 閲覧支援ツール やさしい日本語 元に戻す 文字サ"
"瀬戸市","strong","48","愛知歯科医療センター「口腔機能検査事業」のご案内 | 瀬戸市","https://www.city.seto.aichi.jp/docs/2024/03/22/00505308182/00505308182.html","愛知歯科医療センター「口腔がん検診」のご案内","愛知歯科医療センター「口腔機能検査事業」のご案内 | 瀬戸市 このページの本文へ移動 瀬戸市のホームページではJavaScriptを使用しています。 JavaScriptの使用を有効にしていない場合は、一部の機能が正確に動作しない恐れがあります。 お手数ですがJavaScriptの使用を有効にしてください。 サイト内検索 ID番号検索 検索の使い方 閲覧支援ツール やさしい日本語 元に戻す 文字サイズ 背景色の変更 白 黒 青 閉じる "
"瀬戸市","strong","48","瀬戸市子ども読書活動推進計画（第四次）（案）についての意見募集の結果をお知らせします | 瀬戸市","https://www.city.seto.aichi.jp/docs/2024/03/15/00505308155/00505308155.html","瀬戸市子ども読書活動推進計画（第四次）（案）についての意見募集の結果をお知らせします","瀬戸市子ども読書活動推進計画（第四次）（案）についての意見募集の結果をお知らせします | 瀬戸市 このページの本文へ移動 瀬戸市のホームページではJavaScriptを使用しています。 JavaScriptの使用を有効にしていない場合は、一部の機能が正確に動作しない恐れがあります。 お手数ですがJavaScriptの使用を有効にしてください。 サイト内検索 ID番号検索 検索の使い方 閲覧支援ツール やさしい日本語 元に戻す 文字サイズ"
"瀬戸市","strong","48","令和8年度 子どもの権利川柳 募集 | 瀬戸市","https://www.city.seto.aichi.jp/docs/2026/01/13/00708041972/00708041972.html","令和8年度 子どもの権利川柳 募集","令和8年度 子どもの権利川柳 募集 | 瀬戸市 このページの本文へ移動 瀬戸市のホームページではJavaScriptを使用しています。 JavaScriptの使用を有効にしていない場合は、一部の機能が正確に動作しない恐れがあります。 お手数ですがJavaScriptの使用を有効にしてください。 サイト内検索 ID番号検索 検索の使い方 閲覧支援ツール やさしい日本語 元に戻す 文字サイズ 背景色の変更 白 黒 青 閉じる Languag"
"瀬戸市","strong","48","新着一覧 | 瀬戸市子育て支援サイト","https://www.city.seto.aichi.jp/kosodate/allNewsList.html","新着情報一覧","新着一覧 | 瀬戸市子育て支援サイト 本文へスキップします。 瀬戸市公式ホームページへ language 閲覧補助機能 やさしい日本語 元に戻す 文字サイズ 背景色の変更 白 黒 青 閉じる 検索 メニュー 閉じる お知らせ イベント情報 子育て施設・遊び場 手当 相談 お問い合わせ 子育てQ＆A 検索 瀬戸市トップへ language 当サイトではよりよい環境でご覧いただくためにJavaScriptを用いています。 JavaScrip"
"瀬戸市","strong","48","がけ地近接等危険住宅移転事業費補助金 | 瀬戸市","https://www.city.seto.aichi.jp/docs/2022/03/18/00099/index.html","がけ地近接等危険住宅移転事業費補助金","がけ地近接等危険住宅移転事業費補助金 | 瀬戸市 このページの本文へ移動 瀬戸市のホームページではJavaScriptを使用しています。 JavaScriptの使用を有効にしていない場合は、一部の機能が正確に動作しない恐れがあります。 お手数ですがJavaScriptの使用を有効にしてください。 サイト内検索 ID番号検索 検索の使い方 閲覧支援ツール やさしい日本語 元に戻す 文字サイズ 背景色の変更 白 黒 青 閉じる Langua"
"瀬戸市","strong","48","住宅対象侵入盗について | 瀬戸市","https://www.city.seto.aichi.jp/docs/2018/05/01/00029/index.html","住宅対象侵入盗について","住宅対象侵入盗について | 瀬戸市 このページの本文へ移動 瀬戸市のホームページではJavaScriptを使用しています。 JavaScriptの使用を有効にしていない場合は、一部の機能が正確に動作しない恐れがあります。 お手数ですがJavaScriptの使用を有効にしてください。 サイト内検索 ID番号検索 検索の使い方 閲覧支援ツール やさしい日本語 元に戻す 文字サイズ 背景色の変更 白 黒 青 閉じる Language HOME"
"瀬戸市","strong","48","高齢者の交通事故防止 | 瀬戸市","https://www.city.seto.aichi.jp/docs/2010/11/10/03005/index.html","高齢者の交通事故防止","高齢者の交通事故防止 | 瀬戸市 このページの本文へ移動 瀬戸市のホームページではJavaScriptを使用しています。 JavaScriptの使用を有効にしていない場合は、一部の機能が正確に動作しない恐れがあります。 お手数ですがJavaScriptの使用を有効にしてください。 サイト内検索 ID番号検索 検索の使い方 閲覧支援ツール やさしい日本語 元に戻す 文字サイズ 背景色の変更 白 黒 青 閉じる Language HOME "
"瀬戸市","strong","48","高齢者の新型コロナウイルス感染症予防接種 | 瀬戸市","https://www.city.seto.aichi.jp/docs/2024/03/04/00505308121/00505308121.html","高齢者の新型コロナウイルス感染症予防接種","高齢者の新型コロナウイルス感染症予防接種 | 瀬戸市 このページの本文へ移動 瀬戸市のホームページではJavaScriptを使用しています。 JavaScriptの使用を有効にしていない場合は、一部の機能が正確に動作しない恐れがあります。 お手数ですがJavaScriptの使用を有効にしてください。 サイト内検索 ID番号検索 検索の使い方 閲覧支援ツール やさしい日本語 元に戻す 文字サイズ 背景色の変更 白 黒 青 閉じる Lang"
"豊橋市","strong","48","妊娠・出産/豊橋市","https://www.city.toyohashi.lg.jp/1123.htm","妊娠・出産","妊娠・出産/豊橋市 妊娠・出産 本文へ移動 メニューへ移動 Languages メニュー 探す サイト内検索 広報とよはしから探す サイト内検索 HP 番号検索 広報とよはし 広報とよはしに記載されているHP番号を入力すると、該当のページが表示されます。（半角数字で入力） 組織から探す よくある質問 くらし 健康・福祉 教育・文化 魅力・観光 産業・事業 市政情報 閲覧補助 SUPPORT ふりがな 色変更 文字 拡大 標準 サイトマッ"
"豊橋市","strong","48","高齢・介護/豊橋市","https://www.city.toyohashi.lg.jp/1464.htm","高齢・介護","高齢・介護/豊橋市 高齢・介護 本文へ移動 メニューへ移動 Languages メニュー 探す サイト内検索 広報とよはしから探す サイト内検索 HP 番号検索 広報とよはし 広報とよはしに記載されているHP番号を入力すると、該当のページが表示されます。（半角数字で入力） 組織から探す よくある質問 くらし 健康・福祉 教育・文化 魅力・観光 産業・事業 市政情報 閲覧補助 SUPPORT ふりがな 色変更 文字 拡大 標準 サイトマッ"
"豊橋市","strong","48","補助・手当/豊橋市","https://www.city.toyohashi.lg.jp/6036.htm","補助金／給付金","補助・手当/豊橋市 補助・手当 本文へ移動 メニューへ移動 Languages メニュー 探す サイト内検索 広報とよはしから探す サイト内検索 HP 番号検索 広報とよはし 広報とよはしに記載されているHP番号を入力すると、該当のページが表示されます。（半角数字で入力） 組織から探す よくある質問 くらし 健康・福祉 教育・文化 魅力・観光 産業・事業 市政情報 閲覧補助 SUPPORT ふりがな 色変更 文字 拡大 標準 サイトマッ"
"豊橋市","strong","48","令和8年度 国・県・市の補助金・支援策活用セミナー/豊橋市","https://www.city.toyohashi.lg.jp/63971.htm","地元中小企業の実践例に学ぶ「無理のない」脱炭素セミナーを開催しました","令和8年度 国・県・市の補助金・支援策活用セミナー/豊橋市 令和8年度 国・県・市の補助金・支援策活用セミナー 本文へ移動 メニューへ移動 Languages メニュー 探す サイト内検索 広報とよはしから探す サイト内検索 HP 番号検索 広報とよはし 広報とよはしに記載されているHP番号を入力すると、該当のページが表示されます。（半角数字で入力） 組織から探す よくある質問 くらし 健康・福祉 教育・文化 魅力・観光 産業・事業 市"
"豊橋市","strong","48","物価高対応子育て応援手当/豊橋市","https://www.city.toyohashi.lg.jp/63788.htm","物価高対応子育て応援手当","物価高対応子育て応援手当/豊橋市 物価高対応子育て応援手当 本文へ移動 メニューへ移動 Languages メニュー 探す サイト内検索 広報とよはしから探す サイト内検索 HP 番号検索 広報とよはし 広報とよはしに記載されているHP番号を入力すると、該当のページが表示されます。（半角数字で入力） 組織から探す よくある質問 くらし 健康・福祉 教育・文化 魅力・観光 産業・事業 市政情報 閲覧補助 SUPPORT ふりがな 色変更 "
"豊橋市","strong","48","フードバンク・こどもの居場所づくり等について/豊橋市","https://www.city.toyohashi.lg.jp/41086.htm","フードバンク・こどもの居場所づくり等について","フードバンク・こどもの居場所づくり等について/豊橋市 フードバンク・こどもの居場所づくり等について 本文へ移動 メニューへ移動 Languages メニュー 探す サイト内検索 広報とよはしから探す サイト内検索 HP 番号検索 広報とよはし 広報とよはしに記載されているHP番号を入力すると、該当のページが表示されます。（半角数字で入力） 組織から探す よくある質問 くらし 健康・福祉 教育・文化 魅力・観光 産業・事業 市政情報 閲覧"
"豊橋市","strong","48","保育所等の職員によるこどもへの虐待に関する通報について/豊橋市","https://www.city.toyohashi.lg.jp/63727.htm","保育所等の職員によるこどもへの虐待に関する通報について","保育所等の職員によるこどもへの虐待に関する通報について/豊橋市 保育所等の職員によるこどもへの虐待に関する通報について 本文へ移動 メニューへ移動 Languages メニュー 探す サイト内検索 広報とよはしから探す サイト内検索 HP 番号検索 広報とよはし 広報とよはしに記載されているHP番号を入力すると、該当のページが表示されます。（半角数字で入力） 組織から探す よくある質問 くらし 健康・福祉 教育・文化 魅力・観光 産業・"
"豊橋市","strong","48","産学官金が連携した起業・創業支援とイノベーション創出/豊橋市","https://www.city.toyohashi.lg.jp/48823.htm","産学官金が連携した起業・創業支援とイノベーション創出","産学官金が連携した起業・創業支援とイノベーション創出/豊橋市 産学官金が連携した起業・創業支援とイノベーション創出 本文へ移動 メニューへ移動 Languages メニュー 探す サイト内検索 広報とよはしから探す サイト内検索 HP 番号検索 広報とよはし 広報とよはしに記載されているHP番号を入力すると、該当のページが表示されます。（半角数字で入力） 組織から探す よくある質問 くらし 健康・福祉 教育・文化 魅力・観光 産業・事業"
"名古屋市","strong","48","出産育児一時金 直接支払制度｜名古屋市公式ウェブサイト","https://www.city.nagoya.jp/kurashi/hoken/1011736/1011758/1011763/1011768.html","出産育児一時金 直接支払制度","出産育児一時金 直接支払制度｜名古屋市公式ウェブサイト 当ホームページではjavascriptを使用しています。 javascriptの使用を有効にしなければ、一部の機能が正確に動作しない恐れがあります。お手数ですがjavascriptの使用を有効にしてください。 エンターキーを押すと、ナビゲーション部分をスキップし本文へ移動します。 防災ポータル 質問する ふりがな ふりがなをけす 読み上げ 文字サイズ・配色 Language やさし"
"名古屋市","strong","48","出産育児一時金 受取代理制度｜名古屋市公式ウェブサイト","https://www.city.nagoya.jp/kurashi/hoken/1011736/1011758/1011763/1011767.html","出産育児一時金 受取代理制度","出産育児一時金 受取代理制度｜名古屋市公式ウェブサイト 当ホームページではjavascriptを使用しています。 javascriptの使用を有効にしなければ、一部の機能が正確に動作しない恐れがあります。お手数ですがjavascriptの使用を有効にしてください。 エンターキーを押すと、ナビゲーション部分をスキップし本文へ移動します。 防災ポータル 質問する ふりがな ふりがなをけす 読み上げ 文字サイズ・配色 Language やさし"
"名古屋市","strong","48","学用品費の援助や授業料の減免・補助などの就学に関する支援｜名古屋市公式ウェブサイト","https://www.city.nagoya.jp/kodomo/schools/1016760/1016764.html","学用品費の援助や授業料の減免・補助などの就学に関する支援","学用品費の援助や授業料の減免・補助などの就学に関する支援｜名古屋市公式ウェブサイト 当ホームページではjavascriptを使用しています。 javascriptの使用を有効にしなければ、一部の機能が正確に動作しない恐れがあります。お手数ですがjavascriptの使用を有効にしてください。 エンターキーを押すと、ナビゲーション部分をスキップし本文へ移動します。 防災ポータル 質問する ふりがな ふりがなをけす 読み上げ 文字サイズ・配"
"名古屋市","strong","48","障害者医療費助成制度｜名古屋市公式ウェブサイト","https://www.city.nagoya.jp/kenkofukushi/shougaisha/1016553/1016554.html","障害者医療費助成制度","障害者医療費助成制度｜名古屋市公式ウェブサイト 当ホームページではjavascriptを使用しています。 javascriptの使用を有効にしなければ、一部の機能が正確に動作しない恐れがあります。お手数ですがjavascriptの使用を有効にしてください。 エンターキーを押すと、ナビゲーション部分をスキップし本文へ移動します。 防災ポータル 質問する ふりがな ふりがなをけす 読み上げ 文字サイズ・配色 Language やさしい日本語"
"名古屋市","strong","48","【終了しました】子どものインフルエンザ予防接種費用の助成事業｜名古屋市公式ウェブサイト","https://www.city.nagoya.jp/kodomo/kosodate/1009307/1035123/1037482.html","【終了しました】子どものインフルエンザ予防接種費用の助成事業","【終了しました】子どものインフルエンザ予防接種費用の助成事業｜名古屋市公式ウェブサイト 当ホームページではjavascriptを使用しています。 javascriptの使用を有効にしなければ、一部の機能が正確に動作しない恐れがあります。お手数ですがjavascriptの使用を有効にしてください。 エンターキーを押すと、ナビゲーション部分をスキップし本文へ移動します。 防災ポータル 質問する ふりがな ふりがなをけす 読み上げ 文字サイズ"
"名古屋市","strong","48","保険料の減免｜名古屋市公式ウェブサイト","https://www.city.nagoya.jp/kurashi/hoken/1016449/1016476/1016477.html","保険料の減免","保険料の減免｜名古屋市公式ウェブサイト 当ホームページではjavascriptを使用しています。 javascriptの使用を有効にしなければ、一部の機能が正確に動作しない恐れがあります。お手数ですがjavascriptの使用を有効にしてください。 エンターキーを押すと、ナビゲーション部分をスキップし本文へ移動します。 防災ポータル 質問する ふりがな ふりがなをけす 読み上げ 文字サイズ・配色 Language やさしい日本語 もとの"
"名古屋市","strong","48","一部負担金の減免等（後期高齢者医療）｜名古屋市公式ウェブサイト","https://www.city.nagoya.jp/kurashi/hoken/1016449/1034710/1016468.html","一部負担金の減免等（後期高齢者医療）","一部負担金の減免等（後期高齢者医療）｜名古屋市公式ウェブサイト 当ホームページではjavascriptを使用しています。 javascriptの使用を有効にしなければ、一部の機能が正確に動作しない恐れがあります。お手数ですがjavascriptの使用を有効にしてください。 エンターキーを押すと、ナビゲーション部分をスキップし本文へ移動します。 防災ポータル 質問する ふりがな ふりがなをけす 読み上げ 文字サイズ・配色 Language"
"岡崎市","strong","45","施設予約システム｜岡崎市公式ホームページ","https://www.city.okazaki.lg.jp/bunka/sports_shisetsu/1004917/1004918.html","施設予約システム","施設予約システム｜岡崎市公式ホームページ 当ホームページではjavascriptを使用しています。 javascriptの使用を有効にしなければ、一部の機能が正確に動作しない恐れがあります。お手数ですがjavascriptの使用を有効にしてください。 エンターキーを押すと、ナビゲーション部分をスキップし本文へ移動します。 Foreign language 日本語 English Português Filipino Tiếng Việt"
"岡崎市","strong","45","窓口の混雑状況の案内｜岡崎市公式ホームページ","https://www.city.okazaki.lg.jp/kurashi/koseki/1012955.html","窓口の混雑状況の案内","窓口の混雑状況の案内｜岡崎市公式ホームページ 当ホームページではjavascriptを使用しています。 javascriptの使用を有効にしなければ、一部の機能が正確に動作しない恐れがあります。お手数ですがjavascriptの使用を有効にしてください。 エンターキーを押すと、ナビゲーション部分をスキップし本文へ移動します。 Foreign language 日本語 English Português Filipino Tiếng Vi"
"岡崎市","strong","45","移住・定住｜岡崎市公式ホームページ","https://www.city.okazaki.lg.jp/kurashi/ijyu/index.html","移住・定住","移住・定住｜岡崎市公式ホームページ 当ホームページではjavascriptを使用しています。 javascriptの使用を有効にしなければ、一部の機能が正確に動作しない恐れがあります。お手数ですがjavascriptの使用を有効にしてください。 エンターキーを押すと、ナビゲーション部分をスキップし本文へ移動します。 Foreign language 日本語 English Português Filipino Tiếng Việt 中文"
"岡崎市","strong","45","男女共同参画｜岡崎市公式ホームページ","https://www.city.okazaki.lg.jp/kurashi/danjyo/index.html","男女共同参画","男女共同参画｜岡崎市公式ホームページ 当ホームページではjavascriptを使用しています。 javascriptの使用を有効にしなければ、一部の機能が正確に動作しない恐れがあります。お手数ですがjavascriptの使用を有効にしてください。 エンターキーを押すと、ナビゲーション部分をスキップし本文へ移動します。 Foreign language 日本語 English Português Filipino Tiếng Việt 中"
"岡崎市","strong","45","高齢者・介護｜岡崎市公式ホームページ","https://www.city.okazaki.lg.jp/kenko/kourei/index.html","介護が必要な方・高齢の方","高齢者・介護｜岡崎市公式ホームページ 当ホームページではjavascriptを使用しています。 javascriptの使用を有効にしなければ、一部の機能が正確に動作しない恐れがあります。お手数ですがjavascriptの使用を有効にしてください。 エンターキーを押すと、ナビゲーション部分をスキップし本文へ移動します。 Foreign language 日本語 English Português Filipino Tiếng Việt 中"
"岡崎市","strong","45","事業者向けの税金｜岡崎市公式ホームページ","https://www.city.okazaki.lg.jp/business/zei_jigyosha/index.html","事業者向けの税金","事業者向けの税金｜岡崎市公式ホームページ 当ホームページではjavascriptを使用しています。 javascriptの使用を有効にしなければ、一部の機能が正確に動作しない恐れがあります。お手数ですがjavascriptの使用を有効にしてください。 エンターキーを押すと、ナビゲーション部分をスキップし本文へ移動します。 Foreign language 日本語 English Português Filipino Tiếng Việt"
"岡崎市","strong","45","市内で営業する方へ｜岡崎市公式ホームページ","https://www.city.okazaki.lg.jp/business/eigyo/index.html","市内で営業する方へ","市内で営業する方へ｜岡崎市公式ホームページ 当ホームページではjavascriptを使用しています。 javascriptの使用を有効にしなければ、一部の機能が正確に動作しない恐れがあります。お手数ですがjavascriptの使用を有効にしてください。 エンターキーを押すと、ナビゲーション部分をスキップし本文へ移動します。 Foreign language 日本語 English Português Filipino Tiếng Việ"
"岡崎市","strong","45","公民連携｜岡崎市公式ホームページ","https://www.city.okazaki.lg.jp/business/koumin/index.html","公民連携","公民連携｜岡崎市公式ホームページ 当ホームページではjavascriptを使用しています。 javascriptの使用を有効にしなければ、一部の機能が正確に動作しない恐れがあります。お手数ですがjavascriptの使用を有効にしてください。 エンターキーを押すと、ナビゲーション部分をスキップし本文へ移動します。 Foreign language 日本語 English Português Filipino Tiếng Việt 中文（"
"岡崎市","strong","45","統計・調査｜岡崎市公式ホームページ","https://www.city.okazaki.lg.jp/shisei/tokei/index.html","統計・調査","統計・調査｜岡崎市公式ホームページ 当ホームページではjavascriptを使用しています。 javascriptの使用を有効にしなければ、一部の機能が正確に動作しない恐れがあります。お手数ですがjavascriptの使用を有効にしてください。 エンターキーを押すと、ナビゲーション部分をスキップし本文へ移動します。 Foreign language 日本語 English Português Filipino Tiếng Việt 中文"
"岡崎市","strong","45","シティプロモーション｜岡崎市公式ホームページ","https://www.city.okazaki.lg.jp/shisei/promotion/index.html","シティプロモーション","シティプロモーション｜岡崎市公式ホームページ 当ホームページではjavascriptを使用しています。 javascriptの使用を有効にしなければ、一部の機能が正確に動作しない恐れがあります。お手数ですがjavascriptの使用を有効にしてください。 エンターキーを押すと、ナビゲーション部分をスキップし本文へ移動します。 Foreign language 日本語 English Português Filipino Tiếng Vi"
"岡崎市","strong","45","岡崎市フォトライブラリー（写真のオープンデータ）の使い方｜岡崎市公式ホームページ","https://www.city.okazaki.lg.jp/shisei/koho/1006195/1014296/1013990.html","岡崎市フォトライブラリー（写真のオープンデータ）の使い方","岡崎市フォトライブラリー（写真のオープンデータ）の使い方｜岡崎市公式ホームページ 当ホームページではjavascriptを使用しています。 javascriptの使用を有効にしなければ、一部の機能が正確に動作しない恐れがあります。お手数ですがjavascriptの使用を有効にしてください。 エンターキーを押すと、ナビゲーション部分をスキップし本文へ移動します。 Foreign language 日本語 English Português"
"岡崎市","strong","45","観光・イベント｜岡崎市公式ホームページ","https://www.city.okazaki.lg.jp/kanko/index.html","観光・イベント","観光・イベント｜岡崎市公式ホームページ 当ホームページではjavascriptを使用しています。 javascriptの使用を有効にしなければ、一部の機能が正確に動作しない恐れがあります。お手数ですがjavascriptの使用を有効にしてください。 エンターキーを押すと、ナビゲーション部分をスキップし本文へ移動します。 Foreign language 日本語 English Português Filipino Tiếng Việt "
"岡崎市","strong","45","オカザえもん関連リンク｜岡崎市公式ホームページ","https://www.city.okazaki.lg.jp/kanko/1009641.html","オカザえもん関連リンク","オカザえもん関連リンク｜岡崎市公式ホームページ 当ホームページではjavascriptを使用しています。 javascriptの使用を有効にしなければ、一部の機能が正確に動作しない恐れがあります。お手数ですがjavascriptの使用を有効にしてください。 エンターキーを押すと、ナビゲーション部分をスキップし本文へ移動します。 Foreign language 日本語 English Português Filipino Tiếng V"
"岡崎市","strong","45","可燃ごみ用指定ごみ袋に関する臨時措置の期間を延長します。｜岡崎市公式ホームページ","https://www.city.okazaki.lg.jp/kurashi/gomi/1012430/1012431/1015879.html","可燃ごみ用指定ごみ袋に関する臨時措置の期間を延長します。","可燃ごみ用指定ごみ袋に関する臨時措置の期間を延長します。｜岡崎市公式ホームページ 当ホームページではjavascriptを使用しています。 javascriptの使用を有効にしなければ、一部の機能が正確に動作しない恐れがあります。お手数ですがjavascriptの使用を有効にしてください。 エンターキーを押すと、ナビゲーション部分をスキップし本文へ移動します。 Foreign language 日本語 English Português"
"岡崎市","strong","45","アジア・アジアパラ競技大会の団体用観戦チケット｜岡崎市公式ホームページ","https://www.city.okazaki.lg.jp/bunka/info_sports/1014144/1016161.html","アジア・アジアパラ競技大会の団体用観戦チケット","アジア・アジアパラ競技大会の団体用観戦チケット｜岡崎市公式ホームページ 当ホームページではjavascriptを使用しています。 javascriptの使用を有効にしなければ、一部の機能が正確に動作しない恐れがあります。お手数ですがjavascriptの使用を有効にしてください。 エンターキーを押すと、ナビゲーション部分をスキップし本文へ移動します。 Foreign language 日本語 English Português Fili"
"岡崎市","strong","45","田植え時期における農道の通行にご配慮ください｜岡崎市公式ホームページ","https://www.city.okazaki.lg.jp/business/sangyo/1005302/1005377/1015534.html","田植え時期における農道の通行にご配慮ください","田植え時期における農道の通行にご配慮ください｜岡崎市公式ホームページ 当ホームページではjavascriptを使用しています。 javascriptの使用を有効にしなければ、一部の機能が正確に動作しない恐れがあります。お手数ですがjavascriptの使用を有効にしてください。 エンターキーを押すと、ナビゲーション部分をスキップし本文へ移動します。 Foreign language 日本語 English Português Filip"
"岡崎市","strong","45","岡崎市LINE公式アカウント 友だち募集中！｜岡崎市公式ホームページ","https://www.city.okazaki.lg.jp/shisei/koho/1006195/1006319/1006321.html","岡崎市LINE公式アカウント 友だち募集中！","岡崎市LINE公式アカウント 友だち募集中！｜岡崎市公式ホームページ 当ホームページではjavascriptを使用しています。 javascriptの使用を有効にしなければ、一部の機能が正確に動作しない恐れがあります。お手数ですがjavascriptの使用を有効にしてください。 エンターキーを押すと、ナビゲーション部分をスキップし本文へ移動します。 Foreign language 日本語 English Português Filip"
"岡崎市","strong","45","【要注意】リチウムイオン電池の正しい捨て方｜岡崎市公式ホームページ","https://www.city.okazaki.lg.jp/kurashi/gomi/1012430/1002188/1010998.html","【要注意】リチウムイオン電池の正しい捨て方","【要注意】リチウムイオン電池の正しい捨て方｜岡崎市公式ホームページ 当ホームページではjavascriptを使用しています。 javascriptの使用を有効にしなければ、一部の機能が正確に動作しない恐れがあります。お手数ですがjavascriptの使用を有効にしてください。 エンターキーを押すと、ナビゲーション部分をスキップし本文へ移動します。 Foreign language 日本語 English Português Filipi"
"岡崎市","strong","45","岡崎城下家康公秋まつり｜岡崎市公式ホームページ","https://www.city.okazaki.lg.jp/kanko/event/1009636/1009488.html","岡崎城下家康公秋まつり","岡崎城下家康公秋まつり｜岡崎市公式ホームページ 当ホームページではjavascriptを使用しています。 javascriptの使用を有効にしなければ、一部の機能が正確に動作しない恐れがあります。お手数ですがjavascriptの使用を有効にしてください。 エンターキーを押すと、ナビゲーション部分をスキップし本文へ移動します。 Foreign language 日本語 English Português Filipino Tiếng V"
"岡崎市","strong","45","指定管理者制度 概要｜岡崎市公式ホームページ","https://www.city.okazaki.lg.jp/shisei/vision/1008273/1008296/1008297.html","指定管理者制度 概要","指定管理者制度 概要｜岡崎市公式ホームページ 当ホームページではjavascriptを使用しています。 javascriptの使用を有効にしなければ、一部の機能が正確に動作しない恐れがあります。お手数ですがjavascriptの使用を有効にしてください。 エンターキーを押すと、ナビゲーション部分をスキップし本文へ移動します。 Foreign language 日本語 English Português Filipino Tiếng Vi"
"岡崎市","strong","45","アジア・アジアパラ競技大会へ市民2026人を無料招待します。｜岡崎市公式ホームページ","https://www.city.okazaki.lg.jp/bunka/info_sports/1014144/1015659.html","アジア・アジアパラ競技大会へ市民2026人を無料招待します。","アジア・アジアパラ競技大会へ市民2026人を無料招待します。｜岡崎市公式ホームページ 当ホームページではjavascriptを使用しています。 javascriptの使用を有効にしなければ、一部の機能が正確に動作しない恐れがあります。お手数ですがjavascriptの使用を有効にしてください。 エンターキーを押すと、ナビゲーション部分をスキップし本文へ移動します。 Foreign language 日本語 English Portugu"
"岡崎市","strong","45","岡崎市ショートタイムワーク事業｜岡崎市公式ホームページ","https://www.city.okazaki.lg.jp/business/sangyo/1005240/1012682/1001955.html","岡崎市ショートタイムワーク事業","岡崎市ショートタイムワーク事業｜岡崎市公式ホームページ 当ホームページではjavascriptを使用しています。 javascriptの使用を有効にしなければ、一部の機能が正確に動作しない恐れがあります。お手数ですがjavascriptの使用を有効にしてください。 エンターキーを押すと、ナビゲーション部分をスキップし本文へ移動します。 Foreign language 日本語 English Português Filipino Tiế"
"岡崎市","strong","45","新着更新情報｜岡崎市公式ホームページ","https://www.city.okazaki.lg.jp/newslist.html","新着更新情報","新着更新情報｜岡崎市公式ホームページ 当ホームページではjavascriptを使用しています。 javascriptの使用を有効にしなければ、一部の機能が正確に動作しない恐れがあります。お手数ですがjavascriptの使用を有効にしてください。 エンターキーを押すと、ナビゲーション部分をスキップし本文へ移動します。 Foreign language 日本語 English Português Filipino Tiếng Việt 中"
"岡崎市","strong","45","市制110周年・開館30周年記念コレクション展 窓ーそこに介在するもの｜岡崎市公式ホームページ","https://www.city.okazaki.lg.jp/museum/tenrankai/1014989.html","市制110周年・開館30周年記念コレクション展 窓ーそこに介在するもの","市制110周年・開館30周年記念コレクション展 窓ーそこに介在するもの｜岡崎市公式ホームページ 当ホームページではjavascriptを使用しています。 javascriptの使用を有効にしなければ、一部の機能が正確に動作しない恐れがあります。お手数ですがjavascriptの使用を有効にしてください。 エンターキーを押すと、ナビゲーション部分をスキップし本文へ移動します。 Foreign language 日本語 English Po"
"岡崎市","strong","45","市政だより「おかざき」令和8年7月1日号｜岡崎市公式ホームページ","https://www.city.okazaki.lg.jp/shisei/koho/1006195/1006197/1015549/index.html","市政だより「おかざき」令和8年7月1日号","市政だより「おかざき」令和8年7月1日号｜岡崎市公式ホームページ 当ホームページではjavascriptを使用しています。 javascriptの使用を有効にしなければ、一部の機能が正確に動作しない恐れがあります。お手数ですがjavascriptの使用を有効にしてください。 エンターキーを押すと、ナビゲーション部分をスキップし本文へ移動します。 Foreign language 日本語 English Português Filipin"
"岡崎市","strong","45","岡崎市へのアクセス・岡崎市役所へのアクセス｜岡崎市公式ホームページ","https://www.city.okazaki.lg.jp/shisei/introduction/1005810/1005818.html","岡崎市へのアクセス・岡崎市役所へのアクセス","岡崎市へのアクセス・岡崎市役所へのアクセス｜岡崎市公式ホームページ 当ホームページではjavascriptを使用しています。 javascriptの使用を有効にしなければ、一部の機能が正確に動作しない恐れがあります。お手数ですがjavascriptの使用を有効にしてください。 エンターキーを押すと、ナビゲーション部分をスキップし本文へ移動します。 Foreign language 日本語 English Português Filipi"
"岡崎市","strong","45","施設予約システム利用者登録受付窓口｜岡崎市公式ホームページ","https://www.city.okazaki.lg.jp/bunka/sports_shisetsu/1004917/1004921.html","施設予約システム利用者登録受付窓口","施設予約システム利用者登録受付窓口｜岡崎市公式ホームページ 当ホームページではjavascriptを使用しています。 javascriptの使用を有効にしなければ、一部の機能が正確に動作しない恐れがあります。お手数ですがjavascriptの使用を有効にしてください。 エンターキーを押すと、ナビゲーション部分をスキップし本文へ移動します。 Foreign language 日本語 English Português Filipino T"
"岡崎市","strong","45","施設予約システムについて（運動場・テニスコート・その他）｜岡崎市公式ホームページ","https://www.city.okazaki.lg.jp/bunka/sports_shisetsu/1004917/1015226.html","施設予約システムについて（運動場・テニスコート・その他）","施設予約システムについて（運動場・テニスコート・その他）｜岡崎市公式ホームページ 当ホームページではjavascriptを使用しています。 javascriptの使用を有効にしなければ、一部の機能が正確に動作しない恐れがあります。お手数ですがjavascriptの使用を有効にしてください。 エンターキーを押すと、ナビゲーション部分をスキップし本文へ移動します。 Foreign language 日本語 English Português"
"岡崎市","strong","45","家庭ごみの出し方｜岡崎市公式ホームページ","https://www.city.okazaki.lg.jp/kurashi/gomi/1012430/1002188/1002200.html","家庭ごみの出し方","家庭ごみの出し方｜岡崎市公式ホームページ 当ホームページではjavascriptを使用しています。 javascriptの使用を有効にしなければ、一部の機能が正確に動作しない恐れがあります。お手数ですがjavascriptの使用を有効にしてください。 エンターキーを押すと、ナビゲーション部分をスキップし本文へ移動します。 Foreign language 日本語 English Português Filipino Tiếng Việt"
"岡崎市","strong","45","引越しなどで多量に出たごみの捨て方｜岡崎市公式ホームページ","https://www.city.okazaki.lg.jp/kurashi/gomi/1012430/1002188/1002204.html","引越しなどで多量に出たごみの捨て方","引越しなどで多量に出たごみの捨て方｜岡崎市公式ホームページ 当ホームページではjavascriptを使用しています。 javascriptの使用を有効にしなければ、一部の機能が正確に動作しない恐れがあります。お手数ですがjavascriptの使用を有効にしてください。 エンターキーを押すと、ナビゲーション部分をスキップし本文へ移動します。 Foreign language 日本語 English Português Filipino T"
"岡崎市","strong","45","教育｜岡崎市公式ホームページ","https://www.city.okazaki.lg.jp/kosodate/kyouiku/index.html","教育","教育｜岡崎市公式ホームページ 当ホームページではjavascriptを使用しています。 javascriptの使用を有効にしなければ、一部の機能が正確に動作しない恐れがあります。お手数ですがjavascriptの使用を有効にしてください。 エンターキーを押すと、ナビゲーション部分をスキップし本文へ移動します。 Foreign language 日本語 English Português Filipino Tiếng Việt 中文（简体"
"岡崎市","strong","45","健康・医療｜岡崎市公式ホームページ","https://www.city.okazaki.lg.jp/kenko/kenko_iryo/index.html","健康・医療","健康・医療｜岡崎市公式ホームページ 当ホームページではjavascriptを使用しています。 javascriptの使用を有効にしなければ、一部の機能が正確に動作しない恐れがあります。お手数ですがjavascriptの使用を有効にしてください。 エンターキーを押すと、ナビゲーション部分をスキップし本文へ移動します。 Foreign language 日本語 English Português Filipino Tiếng Việt 中文"
"岡崎市","strong","45","おかざき世界子ども美術博物館｜岡崎市公式ホームページ","https://www.city.okazaki.lg.jp/kobihaku/index.html","おかざき世界子ども美術博物館","おかざき世界子ども美術博物館｜岡崎市公式ホームページ 当ホームページではjavascriptを使用しています。 javascriptの使用を有効にしなければ、一部の機能が正確に動作しない恐れがあります。お手数ですがjavascriptの使用を有効にしてください。 エンターキーを押すと、ナビゲーション部分をスキップし本文へ移動します。 Foreign language 日本語 English Português Filipino Tiến"
"岡崎市","strong","45","あいち医療通訳システム｜岡崎市公式ホームページ","https://www.city.okazaki.lg.jp/kurashi/foreigners/1002032.html","あいち医療通訳システム","あいち医療通訳システム｜岡崎市公式ホームページ 当ホームページではjavascriptを使用しています。 javascriptの使用を有効にしなければ、一部の機能が正確に動作しない恐れがあります。お手数ですがjavascriptの使用を有効にしてください。 エンターキーを押すと、ナビゲーション部分をスキップし本文へ移動します。 Foreign language 日本語 English Português Filipino Tiếng V"
"岡崎市","strong","45","令和8年度わいわい子育て講座の参加者を募集します。｜岡崎市公式ホームページ","https://www.city.okazaki.lg.jp/kosodate/kyouiku/1003747/1003812/1016057.html","令和8年度わいわい子育て講座の参加者を募集します。","令和8年度わいわい子育て講座の参加者を募集します。｜岡崎市公式ホームページ 当ホームページではjavascriptを使用しています。 javascriptの使用を有効にしなければ、一部の機能が正確に動作しない恐れがあります。お手数ですがjavascriptの使用を有効にしてください。 エンターキーを押すと、ナビゲーション部分をスキップし本文へ移動します。 Foreign language 日本語 English Português Fi"
"岡崎市","strong","45","パパって最高！岡崎市版父子手帳2026｜岡崎市公式ホームページ","https://www.city.okazaki.lg.jp/kosodate/kosodate/1012230/1012232/1003445.html","パパって最高！岡崎市版父子手帳2026","パパって最高！岡崎市版父子手帳2026｜岡崎市公式ホームページ 当ホームページではjavascriptを使用しています。 javascriptの使用を有効にしなければ、一部の機能が正確に動作しない恐れがあります。お手数ですがjavascriptの使用を有効にしてください。 エンターキーを押すと、ナビゲーション部分をスキップし本文へ移動します。 Foreign language 日本語 English Português Filipino"
"岡崎市","strong","45","中学校｜岡崎市公式ホームページ","https://www.city.okazaki.lg.jp/kosodate/kyouiku/1012238/index.html","中学校","中学校｜岡崎市公式ホームページ 当ホームページではjavascriptを使用しています。 javascriptの使用を有効にしなければ、一部の機能が正確に動作しない恐れがあります。お手数ですがjavascriptの使用を有効にしてください。 エンターキーを押すと、ナビゲーション部分をスキップし本文へ移動します。 Foreign language 日本語 English Português Filipino Tiếng Việt 中文（简"
"岡崎市","strong","45","教育委員会｜岡崎市公式ホームページ","https://www.city.okazaki.lg.jp/kosodate/kyouiku/1003747/index.html","教育委員会","教育委員会｜岡崎市公式ホームページ 当ホームページではjavascriptを使用しています。 javascriptの使用を有効にしなければ、一部の機能が正確に動作しない恐れがあります。お手数ですがjavascriptの使用を有効にしてください。 エンターキーを押すと、ナビゲーション部分をスキップし本文へ移動します。 Foreign language 日本語 English Português Filipino Tiếng Việt 中文"
"岡崎市","strong","45","サポート・施設・コミュニティ｜岡崎市公式ホームページ","https://www.city.okazaki.lg.jp/kosodate/kyouiku/1012244/index.html","サポート・施設・コミュニティ","サポート・施設・コミュニティ｜岡崎市公式ホームページ 当ホームページではjavascriptを使用しています。 javascriptの使用を有効にしなければ、一部の機能が正確に動作しない恐れがあります。お手数ですがjavascriptの使用を有効にしてください。 エンターキーを押すと、ナビゲーション部分をスキップし本文へ移動します。 Foreign language 日本語 English Português Filipino Tiến"
"岡崎市","strong","45","「ダメ。ゼッタイ。」普及運動（6月20日から7月19日）｜岡崎市公式ホームページ","https://www.city.okazaki.lg.jp/kenko/kenko_iryo/1004471/1013274/1015044.html","「ダメ。ゼッタイ。」普及運動（6月20日から7月19日）","「ダメ。ゼッタイ。」普及運動（6月20日から7月19日）｜岡崎市公式ホームページ 当ホームページではjavascriptを使用しています。 javascriptの使用を有効にしなければ、一部の機能が正確に動作しない恐れがあります。お手数ですがjavascriptの使用を有効にしてください。 エンターキーを押すと、ナビゲーション部分をスキップし本文へ移動します。 Foreign language 日本語 English Português"
"岡崎市","strong","45","国民健康保険加入者の集団特定健診｜岡崎市公式ホームページ","https://www.city.okazaki.lg.jp/kenko/kenko_iryo/1012167/1004183/1004192/1004197.html","国民健康保険加入者の集団特定健診","国民健康保険加入者の集団特定健診｜岡崎市公式ホームページ 当ホームページではjavascriptを使用しています。 javascriptの使用を有効にしなければ、一部の機能が正確に動作しない恐れがあります。お手数ですがjavascriptの使用を有効にしてください。 エンターキーを押すと、ナビゲーション部分をスキップし本文へ移動します。 Foreign language 日本語 English Português Filipino Ti"
"岡崎市","strong","45","受水槽の所有者・管理者のかたへ｜岡崎市公式ホームページ","https://www.city.okazaki.lg.jp/kenko/kenko_iryo/1004471/1013274/1015077.html","受水槽の所有者・管理者のかたへ","受水槽の所有者・管理者のかたへ｜岡崎市公式ホームページ 当ホームページではjavascriptを使用しています。 javascriptの使用を有効にしなければ、一部の機能が正確に動作しない恐れがあります。お手数ですがjavascriptの使用を有効にしてください。 エンターキーを押すと、ナビゲーション部分をスキップし本文へ移動します。 Foreign language 日本語 English Português Filipino Tiế"
"岡崎市","strong","45","介護保険｜岡崎市公式ホームページ","https://www.city.okazaki.lg.jp/kenko/kourei/1003886/index.html","介護保険","介護保険｜岡崎市公式ホームページ 当ホームページではjavascriptを使用しています。 javascriptの使用を有効にしなければ、一部の機能が正確に動作しない恐れがあります。お手数ですがjavascriptの使用を有効にしてください。 エンターキーを押すと、ナビゲーション部分をスキップし本文へ移動します。 Foreign language 日本語 English Português Filipino Tiếng Việt 中文（"
"岡崎市","strong","45","健康づくり｜岡崎市公式ホームページ","https://www.city.okazaki.lg.jp/kenko/kenko_iryo/1016201/index.html","健康づくり","健康づくり｜岡崎市公式ホームページ 当ホームページではjavascriptを使用しています。 javascriptの使用を有効にしなければ、一部の機能が正確に動作しない恐れがあります。お手数ですがjavascriptの使用を有効にしてください。 エンターキーを押すと、ナビゲーション部分をスキップし本文へ移動します。 Foreign language 日本語 English Português Filipino Tiếng Việt 中文"
"岡崎市","strong","45","食育｜岡崎市公式ホームページ","https://www.city.okazaki.lg.jp/kenko/kenko_iryo/1004266/index.html","食育","食育｜岡崎市公式ホームページ 当ホームページではjavascriptを使用しています。 javascriptの使用を有効にしなければ、一部の機能が正確に動作しない恐れがあります。お手数ですがjavascriptの使用を有効にしてください。 エンターキーを押すと、ナビゲーション部分をスキップし本文へ移動します。 Foreign language 日本語 English Português Filipino Tiếng Việt 中文（简体"
"岡崎市","strong","45","岡崎市健康・食育キャラクター まめ吉｜岡崎市公式ホームページ","https://www.city.okazaki.lg.jp/kenko/kenko_iryo/1016202/index.html","岡崎市健康・食育キャラクター まめ吉","岡崎市健康・食育キャラクター まめ吉｜岡崎市公式ホームページ 当ホームページではjavascriptを使用しています。 javascriptの使用を有効にしなければ、一部の機能が正確に動作しない恐れがあります。お手数ですがjavascriptの使用を有効にしてください。 エンターキーを押すと、ナビゲーション部分をスキップし本文へ移動します。 Foreign language 日本語 English Português Filipino "
"岡崎市","strong","45","施設｜岡崎市公式ホームページ","https://www.city.okazaki.lg.jp/kenko/kenko_iryo/1012503/index.html","施設","施設｜岡崎市公式ホームページ 当ホームページではjavascriptを使用しています。 javascriptの使用を有効にしなければ、一部の機能が正確に動作しない恐れがあります。お手数ですがjavascriptの使用を有効にしてください。 エンターキーを押すと、ナビゲーション部分をスキップし本文へ移動します。 Foreign language 日本語 English Português Filipino Tiếng Việt 中文（简体"
"岡崎市","strong","45","相談｜岡崎市公式ホームページ","https://www.city.okazaki.lg.jp/kenko/kenko_iryo/1012515/index.html","相談","相談｜岡崎市公式ホームページ 当ホームページではjavascriptを使用しています。 javascriptの使用を有効にしなければ、一部の機能が正確に動作しない恐れがあります。お手数ですがjavascriptの使用を有効にしてください。 エンターキーを押すと、ナビゲーション部分をスキップし本文へ移動します。 Foreign language 日本語 English Português Filipino Tiếng Việt 中文（简体"
"岡崎市","strong","45","医療・保健・衛生関係免許申請｜岡崎市公式ホームページ","https://www.city.okazaki.lg.jp/kenko/kenko_iryo/1015644/index.html","医療・保健・衛生関係免許申請","医療・保健・衛生関係免許申請｜岡崎市公式ホームページ 当ホームページではjavascriptを使用しています。 javascriptの使用を有効にしなければ、一部の機能が正確に動作しない恐れがあります。お手数ですがjavascriptの使用を有効にしてください。 エンターキーを押すと、ナビゲーション部分をスキップし本文へ移動します。 Foreign language 日本語 English Português Filipino Tiến"
"岡崎市","strong","45","薬局・医薬品・医療機器・毒劇物｜岡崎市公式ホームページ","https://www.city.okazaki.lg.jp/business/eigyo/1005415/index.html","薬局・医薬品・医療機器・毒劇物","薬局・医薬品・医療機器・毒劇物｜岡崎市公式ホームページ 当ホームページではjavascriptを使用しています。 javascriptの使用を有効にしなければ、一部の機能が正確に動作しない恐れがあります。お手数ですがjavascriptの使用を有効にしてください。 エンターキーを押すと、ナビゲーション部分をスキップし本文へ移動します。 Foreign language 日本語 English Português Filipino Tiế"
"岡崎市","strong","45","医療機関｜岡崎市公式ホームページ","https://www.city.okazaki.lg.jp/business/eigyo/1005440/index.html","医療機関","医療機関｜岡崎市公式ホームページ 当ホームページではjavascriptを使用しています。 javascriptの使用を有効にしなければ、一部の機能が正確に動作しない恐れがあります。お手数ですがjavascriptの使用を有効にしてください。 エンターキーを押すと、ナビゲーション部分をスキップし本文へ移動します。 Foreign language 日本語 English Português Filipino Tiếng Việt 中文（"
"岡崎市","strong","45","福祉・介護事業者｜岡崎市公式ホームページ","https://www.city.okazaki.lg.jp/business/eigyo/1005486/index.html","福祉・介護事業者","福祉・介護事業者｜岡崎市公式ホームページ 当ホームページではjavascriptを使用しています。 javascriptの使用を有効にしなければ、一部の機能が正確に動作しない恐れがあります。お手数ですがjavascriptの使用を有効にしてください。 エンターキーを押すと、ナビゲーション部分をスキップし本文へ移動します。 Foreign language 日本語 English Português Filipino Tiếng Việt"
"岡崎市","strong","45","女性や子どもがいきいきと輝ける社会づくり｜岡崎市公式ホームページ","https://www.city.okazaki.lg.jp/shisei/vision/1008236/index.html","女性や子どもがいきいきと輝ける社会づくり","女性や子どもがいきいきと輝ける社会づくり｜岡崎市公式ホームページ 当ホームページではjavascriptを使用しています。 javascriptの使用を有効にしなければ、一部の機能が正確に動作しない恐れがあります。お手数ですがjavascriptの使用を有効にしてください。 エンターキーを押すと、ナビゲーション部分をスキップし本文へ移動します。 Foreign language 日本語 English Português Filipin"
"岡崎市","strong","45","医療施設｜岡崎市公式ホームページ","https://www.city.okazaki.lg.jp/shisei/shisetsu/1009219/1009220/index.html","医療施設","医療施設｜岡崎市公式ホームページ 当ホームページではjavascriptを使用しています。 javascriptの使用を有効にしなければ、一部の機能が正確に動作しない恐れがあります。お手数ですがjavascriptの使用を有効にしてください。 エンターキーを押すと、ナビゲーション部分をスキップし本文へ移動します。 Foreign language 日本語 English Português Filipino Tiếng Việt 中文（"
"岡崎市","strong","45","高齢者・介護施設｜岡崎市公式ホームページ","https://www.city.okazaki.lg.jp/shisei/shisetsu/1009219/1009233/index.html","高齢者・介護施設","高齢者・介護施設｜岡崎市公式ホームページ 当ホームページではjavascriptを使用しています。 javascriptの使用を有効にしなければ、一部の機能が正確に動作しない恐れがあります。お手数ですがjavascriptの使用を有効にしてください。 エンターキーを押すと、ナビゲーション部分をスキップし本文へ移動します。 Foreign language 日本語 English Português Filipino Tiếng Việt"
"岡崎市","strong","45","幼稚園での教育・保育サービス｜岡崎市公式ホームページ","https://www.city.okazaki.lg.jp/kosodate/kosodate/1012221/1012224/index.html","幼稚園での教育・保育サービス","幼稚園での教育・保育サービス｜岡崎市公式ホームページ 当ホームページではjavascriptを使用しています。 javascriptの使用を有効にしなければ、一部の機能が正確に動作しない恐れがあります。お手数ですがjavascriptの使用を有効にしてください。 エンターキーを押すと、ナビゲーション部分をスキップし本文へ移動します。 Foreign language 日本語 English Português Filipino Tiến"