municipality,priority,rescore,title,url,anchor,snippet
"蒲郡市","strong","150","移住・定住に向けた支援制度 - 愛知県蒲郡市公式ホームページ","https://www.city.gamagori.lg.jp/site/support/","補助金制度など","移住・定住に向けた支援制度 - 愛知県蒲郡市公式ホームページ ページの先頭です。 メニューを飛ばして本文へ メニュー JavaScriptが無効のため、文字の大きさ・背景色を変更する機能を使用できません。 本文へ Foreign Language 音声読み上げ ふりがなをつける 文字サイズ・色合い変更 背景色 白 黒 青 文字サイズ 標準 拡大 Googleカスタム検索 蒲郡市について Profile 子育て・教育 Parenting "
"蒲郡市","strong","141","補助金等の一覧について - 愛知県蒲郡市公式ホームページ","https://www.city.gamagori.lg.jp/unit/zaimu/hojokinichiran.html","事業者向け補助金等","補助金等の一覧について - 愛知県蒲郡市公式ホームページ ページの先頭です。 メニューを飛ばして本文へ メニュー 検索 JavaScriptが無効のため、文字の大きさ・背景色を変更する機能を使用できません。 本文へ Foreign language 音声読み上げ ふりがな 閲覧補助 文字サイズ 拡大 標準 背景色 白 黒 青 閉じる 休日・救急医療 安心・ひろめーる AED設置場所 緊急・防災情報 くらし・手続 防災・安全安心 マイナン"
"刈谷市","strong","139","予防接種による健康被害救済制度","https://www.city.kariya.lg.jp/kurashi/kenkoiryo/yobosessyu/1015048.html","予防接種による健康被害救済制度","予防接種による健康被害救済制度｜刈谷市ホームページ 当ホームページではjavascriptを使用しています。 javascriptの使用を有効にしなければ、一部の機能が正確に動作しない恐れがあります。お手数ですがjavascriptの使用を有効にしてください。 エンターキーを押すと、ナビゲーション部分をスキップし本文へ移動します。 サイトマップ 文字サイズ・配色の変更 Foreign Language English portugues"
"豊田市","strong","135","低所得の妊婦に対する初回産科受診料助成事業","https://www.city.toyota.aichi.jp/kosodategakko/ninshin/1073751/1056187.html","低所得の妊婦に対する初回産科受診料助成事業","低所得の妊婦に対する初回産科受診料助成事業｜豊田市 当ホームページではjavascriptを使用しています。 javascriptの使用を有効にしなければ、一部の機能が正確に動作しない恐れがあります。お手数ですがjavascriptの使用を有効にしてください。 エンターキーを押すと、ナビゲーション部分をスキップし本文へ移動します。 豊田市 TOYOTA CITY サイト メニュー 庁舎案内 Select Language Afrikaa"
"西尾市","strong","133","西尾市一般不妊治療費等助成制度","https://www.city.nishio.aichi.jp/kosodate/teate/1005129/1007250/1007249.html","西尾市一般不妊治療費等助成制度","西尾市一般不妊治療費等助成制度｜西尾市公式ウェブサイト 当ホームページではjavascriptを使用しています。 javascriptの使用を有効にしなければ、一部の機能が正確に動作しない恐れがあります。お手数ですがjavascriptの使用を有効にしてください。 エンターキーを押すと、ナビゲーション部分をスキップし本文へ移動します。 サイトマップ Select Language English 中文（简体字） 中文（繁體字） 한국어 "
"西尾市","strong","133","西尾市生殖補助医療費等助成制度","https://www.city.nishio.aichi.jp/kosodate/teate/1005129/1007250/1007254.html","西尾市生殖補助医療費等助成制度","西尾市生殖補助医療費等助成制度｜西尾市公式ウェブサイト 当ホームページではjavascriptを使用しています。 javascriptの使用を有効にしなければ、一部の機能が正確に動作しない恐れがあります。お手数ですがjavascriptの使用を有効にしてください。 エンターキーを押すと、ナビゲーション部分をスキップし本文へ移動します。 サイトマップ Select Language English 中文（简体字） 中文（繁體字） 한국어 "
"安城市","strong","132","安城市","https://www.city.anjo.aichi.jp/shisei/jouhou-hassin/2013koe-kategori/2013kosodate.html","子育て","安城市／「市民の声：子育て」 このサイトではJavaScriptを使用したコンテンツ・機能を提供しています。JavaScriptを有効にするとご利用いただけます。 本文へスキップします。 安城市 受け継ぐ想いを 未来へ届ける 望遠郷 サイト内検索 ページID検索 設定 文字サイズ・色合い変更 Language メニュー 閉じる 緊急 情報 緊急情報 閉じる ホーム 生活・サービス 教育・学習 観光・文化・スポーツ 産業・入札 市政情報 "
"西尾市","strong","129","高齢者配食サービス","https://www.city.nishio.aichi.jp/kenkofukushi/kourei/1001451/1002502.html","高齢者配食サービス","高齢者配食サービス｜西尾市公式ウェブサイト 当ホームページではjavascriptを使用しています。 javascriptの使用を有効にしなければ、一部の機能が正確に動作しない恐れがあります。お手数ですがjavascriptの使用を有効にしてください。 エンターキーを押すと、ナビゲーション部分をスキップし本文へ移動します。 サイトマップ Select Language English 中文（简体字） 中文（繁體字） 한국어 Portug"
"蒲郡市","strong","126","後期高齢者医療保険 - 愛知県蒲郡市公式ホームページ","https://www.city.gamagori.lg.jp/life/13/45/67/","後期高齢者医療保険","後期高齢者医療保険 - 愛知県蒲郡市公式ホームページ ページの先頭です。 メニューを飛ばして本文へ メニュー 検索 JavaScriptが無効のため、文字の大きさ・背景色を変更する機能を使用できません。 本文へ Foreign language 音声読み上げ ふりがな 閲覧補助 文字サイズ 拡大 標準 背景色 白 黒 青 閉じる 休日・救急医療 安心・ひろめーる AED設置場所 緊急・防災情報 くらし・手続 防災・安全安心 マイナンバー"
"蒲郡市","strong","126","助成金 - 子育てポータルサイト - 愛知県蒲郡市公式ホームページ","https://www.city.gamagori.lg.jp/site/kosodate/zyosekin.html","助成金・補助金","助成金 - 子育てポータルサイト - 愛知県蒲郡市公式ホームページ ページの先頭です。 メニューを飛ばして本文へ メニュー 検索 JavaScriptが無効のため、文字の大きさ・背景色を変更する機能を使用できません。 本文へ Foreign language 音声読み上げ ふりがな 閲覧補助 文字サイズ 拡大 標準 背景色 白 黒 青 閉じる 休日・救急医療 安心・ひろめーる AED設置場所 緊急・防災情報 くらし・手続 防災・安全安心"
"刈谷市","strong","125","刈谷市骨髄提供者等助成事業","https://www.city.kariya.lg.jp/kurashi/kenkoiryo/jyosei/1003420.html","刈谷市骨髄提供者等助成事業","刈谷市骨髄提供者等助成事業｜刈谷市ホームページ 当ホームページではjavascriptを使用しています。 javascriptの使用を有効にしなければ、一部の機能が正確に動作しない恐れがあります。お手数ですがjavascriptの使用を有効にしてください。 エンターキーを押すと、ナビゲーション部分をスキップし本文へ移動します。 サイトマップ 文字サイズ・配色の変更 Foreign Language English portugues 한"
"刈谷市","strong","125","がん患者補整具購入費助成事業","https://www.city.kariya.lg.jp/kurashi/kenkoiryo/jyosei/1010739.html","がん患者補整具購入費助成事業","がん患者補整具購入費助成事業｜刈谷市ホームページ 当ホームページではjavascriptを使用しています。 javascriptの使用を有効にしなければ、一部の機能が正確に動作しない恐れがあります。お手数ですがjavascriptの使用を有効にしてください。 エンターキーを押すと、ナビゲーション部分をスキップし本文へ移動します。 サイトマップ 文字サイズ・配色の変更 Foreign Language English portugues "
"刈谷市","strong","125","若年がん患者在宅療養費助成事業","https://www.city.kariya.lg.jp/kurashi/kenkoiryo/jyosei/1014009.html","若年がん患者在宅療養費助成事業","若年がん患者在宅療養費助成事業｜刈谷市ホームページ 当ホームページではjavascriptを使用しています。 javascriptの使用を有効にしなければ、一部の機能が正確に動作しない恐れがあります。お手数ですがjavascriptの使用を有効にしてください。 エンターキーを押すと、ナビゲーション部分をスキップし本文へ移動します。 サイトマップ 文字サイズ・配色の変更 Foreign Language English portugues"
"刈谷市","strong","125","不妊治療費等助成事業","https://www.city.kariya.lg.jp/kurashi/kenkoiryo/jyosei/1020154.html","不妊治療費等助成事業","不妊治療費等助成事業｜刈谷市ホームページ 当ホームページではjavascriptを使用しています。 javascriptの使用を有効にしなければ、一部の機能が正確に動作しない恐れがあります。お手数ですがjavascriptの使用を有効にしてください。 エンターキーを押すと、ナビゲーション部分をスキップし本文へ移動します。 サイトマップ 文字サイズ・配色の変更 Foreign Language English portugues 한국어 "
"豊田市","strong","125","住宅のバリアフリー改修に伴う固定資産税の減額制度","https://www.city.toyota.aichi.jp/zeihoken/koteishisan/1073684/1002892.html","住宅のバリアフリー改修に伴う固定資産税の減額制度","住宅のバリアフリー改修に伴う固定資産税の減額制度｜豊田市 当ホームページではjavascriptを使用しています。 javascriptの使用を有効にしなければ、一部の機能が正確に動作しない恐れがあります。お手数ですがjavascriptの使用を有効にしてください。 エンターキーを押すと、ナビゲーション部分をスキップし本文へ移動します。 豊田市 TOYOTA CITY サイト メニュー 庁舎案内 Select Language Afri"
"刈谷市","strong","123","利用料の軽減・助成制度","https://www.city.kariya.lg.jp/kurashi/fukushikaigo/koureishafukushi/1003456/1003472.html","利用料の軽減・助成制度","利用料の軽減・助成制度｜刈谷市ホームページ 当ホームページではjavascriptを使用しています。 javascriptの使用を有効にしなければ、一部の機能が正確に動作しない恐れがあります。お手数ですがjavascriptの使用を有効にしてください。 エンターキーを押すと、ナビゲーション部分をスキップし本文へ移動します。 サイトマップ 文字サイズ・配色の変更 Foreign Language English portugues 한국어"
"豊田市","strong","123","住宅支援資金について","https://www.city.toyota.aichi.jp/kosodategakko/kosodate/1027167/1073649/1045030.html","住宅支援資金について","住宅支援資金について｜豊田市 当ホームページではjavascriptを使用しています。 javascriptの使用を有効にしなければ、一部の機能が正確に動作しない恐れがあります。お手数ですがjavascriptの使用を有効にしてください。 エンターキーを押すと、ナビゲーション部分をスキップし本文へ移動します。 豊田市 TOYOTA CITY サイト メニュー 庁舎案内 Select Language Afrikaans Albanian"
"蒲郡市","strong","120","子育て支援 - 愛知県蒲郡市公式ホームページ","https://www.city.gamagori.lg.jp/life/12/43/55/","子育て支援","子育て支援 - 愛知県蒲郡市公式ホームページ ページの先頭です。 メニューを飛ばして本文へ メニュー 検索 JavaScriptが無効のため、文字の大きさ・背景色を変更する機能を使用できません。 本文へ Foreign language 音声読み上げ ふりがな 閲覧補助 文字サイズ 拡大 標準 背景色 白 黒 青 閉じる 休日・救急医療 安心・ひろめーる AED設置場所 緊急・防災情報 くらし・手続 防災・安全安心 マイナンバーカード・"
"刈谷市","strong","117","複数の福祉医療費助成の受給資格に該当する場合","https://www.city.kariya.lg.jp/kurashi/kenkoiryo/jyosei/1009378.html","複数の福祉医療費助成の受給資格に該当する場合","複数の福祉医療費助成の受給資格に該当する場合｜刈谷市ホームページ 当ホームページではjavascriptを使用しています。 javascriptの使用を有効にしなければ、一部の機能が正確に動作しない恐れがあります。お手数ですがjavascriptの使用を有効にしてください。 エンターキーを押すと、ナビゲーション部分をスキップし本文へ移動します。 サイトマップ 文字サイズ・配色の変更 Foreign Language English po"
"西尾市","strong","117","高齢者タクシー利用支援事業","https://www.city.nishio.aichi.jp/kenkofukushi/kourei/1001451/1002501.html","高齢者タクシー利用支援事業","高齢者タクシー利用支援事業｜西尾市公式ウェブサイト 当ホームページではjavascriptを使用しています。 javascriptの使用を有効にしなければ、一部の機能が正確に動作しない恐れがあります。お手数ですがjavascriptの使用を有効にしてください。 エンターキーを押すと、ナビゲーション部分をスキップし本文へ移動します。 サイトマップ Select Language English 中文（简体字） 中文（繁體字） 한국어 Po"
"刈谷市","strong","115","ひとり親家庭に関する相談","https://www.city.kariya.lg.jp/lifeevent/l_shugaku/1006982/1006991.html","ひとり親家庭に関する相談","ひとり親家庭に関する相談｜刈谷市ホームページ 当ホームページではjavascriptを使用しています。 javascriptの使用を有効にしなければ、一部の機能が正確に動作しない恐れがあります。お手数ですがjavascriptの使用を有効にしてください。 エンターキーを押すと、ナビゲーション部分をスキップし本文へ移動します。 サイトマップ 文字サイズ・配色の変更 Foreign Language English portugues 한국"
"豊田市","strong","114","ひとり親家庭への支援","https://www.city.toyota.aichi.jp/kosodategakko/kosodate/1027167/index.html","ひとり親家庭への支援","ひとり親家庭への支援｜豊田市 当ホームページではjavascriptを使用しています。 javascriptの使用を有効にしなければ、一部の機能が正確に動作しない恐れがあります。お手数ですがjavascriptの使用を有効にしてください。 エンターキーを押すと、ナビゲーション部分をスキップし本文へ移動します。 豊田市 TOYOTA CITY サイト メニュー 庁舎案内 Select Language Afrikaans Albanian"
"安城市","strong","114","安城市","https://www.city.anjo.aichi.jp/shinseisho/index.html","申請書ダウンロード","安城市／申請書ダウンロード このサイトではJavaScriptを使用したコンテンツ・機能を提供しています。JavaScriptを有効にするとご利用いただけます。 本文へスキップします。 安城市 受け継ぐ想いを 未来へ届ける 望遠郷 サイト内検索 ページID検索 設定 文字サイズ・色合い変更 Language メニュー 閉じる 緊急 情報 緊急情報 閉じる ホーム 生活・サービス 教育・学習 観光・文化・スポーツ 産業・入札 市政情報 ホ"
"刈谷市","strong","113","広域予防接種申出書","https://www.city.kariya.lg.jp/shinseisho/d_kenko/1008568.html","広域予防接種申出書","広域予防接種申出書｜刈谷市ホームページ 当ホームページではjavascriptを使用しています。 javascriptの使用を有効にしなければ、一部の機能が正確に動作しない恐れがあります。お手数ですがjavascriptの使用を有効にしてください。 エンターキーを押すと、ナビゲーション部分をスキップし本文へ移動します。 サイトマップ 文字サイズ・配色の変更 Foreign Language English portugues 한국어 中"
"刈谷市","strong","113","おたふくかぜ予防接種費用の一部助成","https://www.city.kariya.lg.jp/kurashi/kenkoiryo/yobosessyu/1015052.html","おたふくかぜ予防接種費用の一部助成","おたふくかぜ予防接種費用の一部助成｜刈谷市ホームページ 当ホームページではjavascriptを使用しています。 javascriptの使用を有効にしなければ、一部の機能が正確に動作しない恐れがあります。お手数ですがjavascriptの使用を有効にしてください。 エンターキーを押すと、ナビゲーション部分をスキップし本文へ移動します。 サイトマップ 文字サイズ・配色の変更 Foreign Language English portugu"
"西尾市","strong","113","申請書ダウンロード検索","https://www.city.nishio.aichi.jp/cgi-list/download.cgi?category=140&ys=0&ms=0&ds=0&ye=0&me=0&de=0&text=&format=0&license=0&group=0&sort=1","福祉","申請書ダウンロード検索 当ホームページではjavascriptを使用しています。 javascriptの使用を有効にしなければ、一部の機能が正確に動作しない恐れがあります。お手数ですがjavascriptの使用を有効にしてください。 エンターキーを押すと、ナビゲーション部分をスキップし本文へ移動します。 サイトマップ Select Language English 中文（简体字） 中文（繁體字） 한국어 Português Tagalo"
"蒲郡市","strong","112","医療費助成 - 愛知県蒲郡市公式ホームページ","https://www.city.gamagori.lg.jp/life/13/91/53/","医療費助成","医療費助成 - 愛知県蒲郡市公式ホームページ ページの先頭です。 メニューを飛ばして本文へ メニュー 検索 JavaScriptが無効のため、文字の大きさ・背景色を変更する機能を使用できません。 本文へ Foreign language 音声読み上げ ふりがな 閲覧補助 文字サイズ 拡大 標準 背景色 白 黒 青 閉じる 休日・救急医療 安心・ひろめーる AED設置場所 緊急・防災情報 くらし・手続 防災・安全安心 マイナンバーカード・"
"刈谷市","strong","111","心身障害者医療費の助成","https://www.city.kariya.lg.jp/kurashi/kenkoiryo/jyosei/1003426.html","心身障害者医療費の助成","心身障害者医療費の助成｜刈谷市ホームページ 当ホームページではjavascriptを使用しています。 javascriptの使用を有効にしなければ、一部の機能が正確に動作しない恐れがあります。お手数ですがjavascriptの使用を有効にしてください。 エンターキーを押すと、ナビゲーション部分をスキップし本文へ移動します。 サイトマップ 文字サイズ・配色の変更 Foreign Language English portugues 한국어"
"豊田市","strong","111","後期高齢者医療制度における「子ども・子育て支援金制度」について","https://www.city.toyota.aichi.jp/zeihoken/koreishairyo/1074826.html","後期高齢者医療制度における「子ども・子育て支援金制度」について","後期高齢者医療制度における「子ども・子育て支援金制度」について｜豊田市 当ホームページではjavascriptを使用しています。 javascriptの使用を有効にしなければ、一部の機能が正確に動作しない恐れがあります。お手数ですがjavascriptの使用を有効にしてください。 エンターキーを押すと、ナビゲーション部分をスキップし本文へ移動します。 豊田市 TOYOTA CITY サイト メニュー 庁舎案内 Select Langua"
"蒲郡市","strong","110","福祉 - 愛知県蒲郡市公式ホームページ","https://www.city.gamagori.lg.jp/life/13/91/","福祉","福祉 - 愛知県蒲郡市公式ホームページ ページの先頭です。 メニューを飛ばして本文へ メニュー 検索 JavaScriptが無効のため、文字の大きさ・背景色を変更する機能を使用できません。 本文へ Foreign language 音声読み上げ ふりがな 閲覧補助 文字サイズ 拡大 標準 背景色 白 黒 青 閉じる 休日・救急医療 安心・ひろめーる AED設置場所 緊急・防災情報 くらし・手続 防災・安全安心 マイナンバーカード・電子証"
"蒲郡市","strong","110","子育て支援ガイドブック にこにこ - 子育て支援課 - 愛知県蒲郡市公式ホームページ","https://www.city.gamagori.lg.jp/site/subsite-kosodate/nikoniko.html","子育て支援ガイドブック にこにこ","子育て支援ガイドブック にこにこ - 子育て支援課 - 愛知県蒲郡市公式ホームページ ページの先頭です。 メニューを飛ばして本文へ メニュー 検索 JavaScriptが無効のため、文字の大きさ・背景色を変更する機能を使用できません。 本文へ Foreign language 音声読み上げ ふりがな 閲覧補助 文字サイズ 拡大 標準 背景色 白 黒 青 閉じる 休日・救急医療 安心・ひろめーる AED設置場所 緊急・防災情報 くらし・手"
"蒲郡市","strong","110","子ども・高齢者・福祉・健康 - - 愛知県蒲郡市公式ホームページ","https://www.city.gamagori.lg.jp/site/shinseisyo/citizen-kodomo-kaigo-fukushi-kenko.html","子ども・介護・福祉・健康","子ども・高齢者・福祉・健康 - - 愛知県蒲郡市公式ホームページ ページの先頭です。 メニューを飛ばして本文へ メニュー 検索 JavaScriptが無効のため、文字の大きさ・背景色を変更する機能を使用できません。 本文へ Foreign language 音声読み上げ ふりがな 閲覧補助 文字サイズ 拡大 標準 背景色 白 黒 青 閉じる 休日・救急医療 安心・ひろめーる AED設置場所 緊急・防災情報 くらし・手続 防災・安全安心 "
"刈谷市","strong","109","ひとり親家庭等医療費（母子家庭等医療費）の助成","https://www.city.kariya.lg.jp/kurashi/kenkoiryo/jyosei/1003425.html","ひとり親家庭等医療費（母子家庭等医療費）の助成","ひとり親家庭等医療費（母子家庭等医療費）の助成｜刈谷市ホームページ 当ホームページではjavascriptを使用しています。 javascriptの使用を有効にしなければ、一部の機能が正確に動作しない恐れがあります。お手数ですがjavascriptの使用を有効にしてください。 エンターキーを押すと、ナビゲーション部分をスキップし本文へ移動します。 サイトマップ 文字サイズ・配色の変更 Foreign Language English p"
"豊田市","strong","109","減免・免除制度について","https://www.city.toyota.aichi.jp/zeihoken/koteishisan/1073684/1002874.html","減免・免除制度について","減免・免除制度について｜豊田市 当ホームページではjavascriptを使用しています。 javascriptの使用を有効にしなければ、一部の機能が正確に動作しない恐れがあります。お手数ですがjavascriptの使用を有効にしてください。 エンターキーを押すと、ナビゲーション部分をスキップし本文へ移動します。 豊田市 TOYOTA CITY サイト メニュー 庁舎案内 Select Language Afrikaans Albania"
"安城市","strong","109","安城市","https://www.city.anjo.aichi.jp/shisei/jouhou-hassin/2026koe/0204.html","社会福祉課職員の対応について","安城市／社会福祉課職員の対応について このサイトではJavaScriptを使用したコンテンツ・機能を提供しています。JavaScriptを有効にするとご利用いただけます。 本文へスキップします。 安城市 受け継ぐ想いを 未来へ届ける 望遠郷 サイト内検索 ページID検索 設定 文字サイズ・色合い変更 Language メニュー 閉じる 緊急 情報 緊急情報 閉じる ホーム 生活・サービス 教育・学習 観光・文化・スポーツ 産業・入札 市"
"安城市","strong","108","安城市","https://www.city.anjo.aichi.jp/kurasu/fukushikaigo/iryo/kodomo.html","子ども医療費助成","安城市／子ども医療 このサイトではJavaScriptを使用したコンテンツ・機能を提供しています。JavaScriptを有効にするとご利用いただけます。 本文へスキップします。 安城市 受け継ぐ想いを 未来へ届ける 望遠郷 サイト内検索 ページID検索 設定 文字サイズ・色合い変更 Language メニュー 閉じる 緊急 情報 緊急情報 閉じる ホーム 生活・サービス 教育・学習 観光・文化・スポーツ 産業・入札 市政情報 ホーム >"
"安城市","strong","107","安城市","https://www.city.anjo.aichi.jp/shisei/jouhou-hassin/2026koe/0110.html","子育て支援への偏りについて","安城市／子育て支援への偏りについて このサイトではJavaScriptを使用したコンテンツ・機能を提供しています。JavaScriptを有効にするとご利用いただけます。 本文へスキップします。 安城市 受け継ぐ想いを 未来へ届ける 望遠郷 サイト内検索 ページID検索 設定 文字サイズ・色合い変更 Language メニュー 閉じる 緊急 情報 緊急情報 閉じる ホーム 生活・サービス 教育・学習 観光・文化・スポーツ 産業・入札 市政"
"西尾市","strong","107","母子家庭等医療","https://www.city.nishio.aichi.jp/kenkofukushi/iryo/1005114/1002484.html","母子家庭等医療","母子家庭等医療｜西尾市公式ウェブサイト 当ホームページではjavascriptを使用しています。 javascriptの使用を有効にしなければ、一部の機能が正確に動作しない恐れがあります。お手数ですがjavascriptの使用を有効にしてください。 エンターキーを押すと、ナビゲーション部分をスキップし本文へ移動します。 サイトマップ Select Language English 中文（简体字） 中文（繁體字） 한국어 Portuguê"
"西尾市","strong","107","セルフメディケーション税制（医療費控除の特例）","https://www.city.nishio.aichi.jp/kurashi/zeikin/1001413/1002059.html","セルフメディケーション税制（医療費控除の特例）","セルフメディケーション税制（医療費控除の特例）｜西尾市公式ウェブサイト 当ホームページではjavascriptを使用しています。 javascriptの使用を有効にしなければ、一部の機能が正確に動作しない恐れがあります。お手数ですがjavascriptの使用を有効にしてください。 エンターキーを押すと、ナビゲーション部分をスキップし本文へ移動します。 サイトマップ Select Language English 中文（简体字） 中文（繁"
"西尾市","strong","107","高齢者見守り事業","https://www.city.nishio.aichi.jp/kenkofukushi/kourei/1001451/1002506.html","高齢者見守り事業","高齢者見守り事業｜西尾市公式ウェブサイト 当ホームページではjavascriptを使用しています。 javascriptの使用を有効にしなければ、一部の機能が正確に動作しない恐れがあります。お手数ですがjavascriptの使用を有効にしてください。 エンターキーを押すと、ナビゲーション部分をスキップし本文へ移動します。 サイトマップ Select Language English 中文（简体字） 中文（繁體字） 한국어 Portugu"
"西尾市","strong","107","高齢者にやさしい店舗","https://www.city.nishio.aichi.jp/kenkofukushi/kourei/1001451/1002505.html","高齢者にやさしい店舗","高齢者にやさしい店舗｜西尾市公式ウェブサイト 当ホームページではjavascriptを使用しています。 javascriptの使用を有効にしなければ、一部の機能が正確に動作しない恐れがあります。お手数ですがjavascriptの使用を有効にしてください。 エンターキーを押すと、ナビゲーション部分をスキップし本文へ移動します。 サイトマップ Select Language English 中文（简体字） 中文（繁體字） 한국어 Portu"
"西尾市","strong","107","令和8年4月診療から子ども医療費(通院)の助成範囲を高校生世代まで拡大します","https://www.city.nishio.aichi.jp/kenkofukushi/iryo/1005114/1011339.html","令和8年4月診療から子ども医療費(通院)の助成範囲を高校生世代まで拡大します","令和8年4月診療から子ども医療費(通院)の助成範囲を高校生世代まで拡大します｜西尾市公式ウェブサイト 当ホームページではjavascriptを使用しています。 javascriptの使用を有効にしなければ、一部の機能が正確に動作しない恐れがあります。お手数ですがjavascriptの使用を有効にしてください。 エンターキーを押すと、ナビゲーション部分をスキップし本文へ移動します。 サイトマップ Select Language Engli"
"西尾市","strong","107","骨髄ドナーへの助成制度","https://www.city.nishio.aichi.jp/kenkofukushi/iryo/1005114/1002478.html","骨髄ドナーへの助成制度","骨髄ドナーへの助成制度｜西尾市公式ウェブサイト 当ホームページではjavascriptを使用しています。 javascriptの使用を有効にしなければ、一部の機能が正確に動作しない恐れがあります。お手数ですがjavascriptの使用を有効にしてください。 エンターキーを押すと、ナビゲーション部分をスキップし本文へ移動します。 サイトマップ Select Language English 中文（简体字） 中文（繁體字） 한국어 Port"
"刈谷市","strong","106","支援・助成・援助","https://www.city.kariya.lg.jp/kosodatenavi/1014910/1011901/index.html","子育てに関する支援・助成・援助","支援・助成・援助｜かりや子育て応援ナビ 当ホームページではjavascriptを使用しています。 javascriptの使用を有効にしなければ、一部の機能が正確に動作しない恐れがあります。お手数ですがjavascriptの使用を有効にしてください。 エンターキーを押すと、ナビゲーション部分をスキップし本文へ移動します。 救急のとき いざというときに 災害時の避難所 休日診療案内 防災・減災 気象情報 衣浦東部広域連合 閉じる メニュー "
"蒲郡市","strong","106","母子家庭等医療費助成制度 - 愛知県蒲郡市公式ホームページ","https://www.city.gamagori.lg.jp/unit/nenkin/fukushiiryou001.html","母子家庭等医療費助成制度","母子家庭等医療費助成制度 - 愛知県蒲郡市公式ホームページ ページの先頭です。 メニューを飛ばして本文へ メニュー 検索 JavaScriptが無効のため、文字の大きさ・背景色を変更する機能を使用できません。 本文へ Foreign language 音声読み上げ ふりがな 閲覧補助 文字サイズ 拡大 標準 背景色 白 黒 青 閉じる 休日・救急医療 安心・ひろめーる AED設置場所 緊急・防災情報 くらし・手続 防災・安全安心 マイナ"
"蒲郡市","strong","106","難聴高齢者補聴器購入費補助金のご案内 - 長寿課 - 愛知県蒲郡市公式ホームページ","https://www.city.gamagori.lg.jp/site/chojuka/hochouki.html","難聴高齢者補聴器購入費補助金","難聴高齢者補聴器購入費補助金のご案内 - 長寿課 - 愛知県蒲郡市公式ホームページ ページの先頭です。 メニューを飛ばして本文へ メニュー 検索 JavaScriptが無効のため、文字の大きさ・背景色を変更する機能を使用できません。 本文へ Foreign language 音声読み上げ ふりがな 閲覧補助 文字サイズ 拡大 標準 背景色 白 黒 青 閉じる 休日・救急医療 安心・ひろめーる AED設置場所 緊急・防災情報 くらし・手続"
"刈谷市","strong","105","未熟児養育医療の給付","https://www.city.kariya.lg.jp/kurashi/kenkoiryo/jyosei/1003424.html","未熟児養育医療の給付","未熟児養育医療の給付｜刈谷市ホームページ 当ホームページではjavascriptを使用しています。 javascriptの使用を有効にしなければ、一部の機能が正確に動作しない恐れがあります。お手数ですがjavascriptの使用を有効にしてください。 エンターキーを押すと、ナビゲーション部分をスキップし本文へ移動します。 サイトマップ 文字サイズ・配色の変更 Foreign Language English portugues 한국어 "
"西尾市","strong","105","医療制度のマイナンバー","https://www.city.nishio.aichi.jp/kenkofukushi/iryo/1005114/1002493.html","医療制度のマイナンバー","医療制度のマイナンバー｜西尾市公式ウェブサイト 当ホームページではjavascriptを使用しています。 javascriptの使用を有効にしなければ、一部の機能が正確に動作しない恐れがあります。お手数ですがjavascriptの使用を有効にしてください。 エンターキーを押すと、ナビゲーション部分をスキップし本文へ移動します。 サイトマップ Select Language English 中文（简体字） 中文（繁體字） 한국어 Port"
"西尾市","strong","105","西尾市高齢者おかえりネットワーク","https://www.city.nishio.aichi.jp/kenkofukushi/kourei/1001451/1002499.html","西尾市高齢者おかえりネットワーク","西尾市高齢者おかえりネットワーク｜西尾市公式ウェブサイト 当ホームページではjavascriptを使用しています。 javascriptの使用を有効にしなければ、一部の機能が正確に動作しない恐れがあります。お手数ですがjavascriptの使用を有効にしてください。 エンターキーを押すと、ナビゲーション部分をスキップし本文へ移動します。 サイトマップ Select Language English 中文（简体字） 中文（繁體字） 한국어"
"西尾市","strong","105","住宅用火災警報器設置","https://www.city.nishio.aichi.jp/kenkofukushi/kourei/1001451/1002500.html","住宅用火災警報器設置","住宅用火災警報器設置｜西尾市公式ウェブサイト 当ホームページではjavascriptを使用しています。 javascriptの使用を有効にしなければ、一部の機能が正確に動作しない恐れがあります。お手数ですがjavascriptの使用を有効にしてください。 エンターキーを押すと、ナビゲーション部分をスキップし本文へ移動します。 サイトマップ Select Language English 中文（简体字） 中文（繁體字） 한국어 Portu"
"西尾市","strong","105","がん患者アピアランスケア支援事業費補助金申請","https://www.city.nishio.aichi.jp/kenkofukushi/iryo/1005114/1007305.html","がん患者アピアランスケア支援事業費補助金申請","がん患者アピアランスケア支援事業費補助金申請｜西尾市公式ウェブサイト 当ホームページではjavascriptを使用しています。 javascriptの使用を有効にしなければ、一部の機能が正確に動作しない恐れがあります。お手数ですがjavascriptの使用を有効にしてください。 エンターキーを押すと、ナビゲーション部分をスキップし本文へ移動します。 サイトマップ Select Language English 中文（简体字） 中文（繁體"
"刈谷市","strong","104","0～2歳児","https://www.city.kariya.lg.jp/kosodatenavi/1014911/1014913/index.html","0～2歳児","0～2歳児｜かりや子育て応援ナビ 当ホームページではjavascriptを使用しています。 javascriptの使用を有効にしなければ、一部の機能が正確に動作しない恐れがあります。お手数ですがjavascriptの使用を有効にしてください。 エンターキーを押すと、ナビゲーション部分をスキップし本文へ移動します。 救急のとき いざというときに 災害時の避難所 休日診療案内 防災・減災 気象情報 衣浦東部広域連合 閉じる メニュー 目的別"
"蒲郡市","strong","104","不妊治療費助成制度（令和8年度） - 蒲郡市保健医療センター - 愛知県蒲郡市公式ホームページ","https://www.city.gamagori.lg.jp/site/hokencenter/funinnchiryou.html","不妊治療費助成金","不妊治療費助成制度（令和8年度） - 蒲郡市保健医療センター - 愛知県蒲郡市公式ホームページ ページの先頭です。 メニューを飛ばして本文へ メニュー 検索 JavaScriptが無効のため、文字の大きさ・背景色を変更する機能を使用できません。 本文へ Foreign language 音声読み上げ ふりがな 閲覧補助 文字サイズ 拡大 標準 背景色 白 黒 青 閉じる 休日・救急医療 安心・ひろめーる AED設置場所 緊急・防災情報 "
"蒲郡市","strong","104","福祉総合 - 愛知県蒲郡市公式ホームページ","https://www.city.gamagori.lg.jp/life/13/91/359/","福祉総合","福祉総合 - 愛知県蒲郡市公式ホームページ ページの先頭です。 メニューを飛ばして本文へ メニュー 検索 JavaScriptが無効のため、文字の大きさ・背景色を変更する機能を使用できません。 本文へ Foreign language 音声読み上げ ふりがな 閲覧補助 文字サイズ 拡大 標準 背景色 白 黒 青 閉じる 休日・救急医療 安心・ひろめーる AED設置場所 緊急・防災情報 くらし・手続 防災・安全安心 マイナンバーカード・電"
"蒲郡市","strong","104","令和８年度 不育症治療費等助成 - 蒲郡市保健医療センター - 愛知県蒲郡市公式ホームページ","https://www.city.gamagori.lg.jp/site/hokencenter/reiwa5nernndohuikusyoutiryouhitoujyosei.html","不育症治療費等助成金","令和８年度 不育症治療費等助成 - 蒲郡市保健医療センター - 愛知県蒲郡市公式ホームページ ページの先頭です。 メニューを飛ばして本文へ メニュー 検索 JavaScriptが無効のため、文字の大きさ・背景色を変更する機能を使用できません。 本文へ Foreign language 音声読み上げ ふりがな 閲覧補助 文字サイズ 拡大 標準 背景色 白 黒 青 閉じる 休日・救急医療 安心・ひろめーる AED設置場所 緊急・防災情報 く"
"蒲郡市","strong","104","ひとり親家庭への手当 - 子育て支援課 - 愛知県蒲郡市公式ホームページ","https://www.city.gamagori.lg.jp/site/subsite-kosodate/list623-2746.html","ひとり親家庭への手当","ひとり親家庭への手当 - 子育て支援課 - 愛知県蒲郡市公式ホームページ ページの先頭です。 メニューを飛ばして本文へ メニュー 検索 JavaScriptが無効のため、文字の大きさ・背景色を変更する機能を使用できません。 本文へ Foreign language 音声読み上げ ふりがな 閲覧補助 文字サイズ 拡大 標準 背景色 白 黒 青 閉じる 休日・救急医療 安心・ひろめーる AED設置場所 緊急・防災情報 くらし・手続 防災・安"
"刈谷市","strong","103","高齢者単身世帯等戸別収集申請書","https://www.city.kariya.lg.jp/shinseisho/d_gomi/1010124.html","高齢者単身世帯等戸別収集申請書","高齢者単身世帯等戸別収集申請書｜刈谷市ホームページ 当ホームページではjavascriptを使用しています。 javascriptの使用を有効にしなければ、一部の機能が正確に動作しない恐れがあります。お手数ですがjavascriptの使用を有効にしてください。 エンターキーを押すと、ナビゲーション部分をスキップし本文へ移動します。 サイトマップ 文字サイズ・配色の変更 Foreign Language English portugues"
"刈谷市","strong","103","日本脳炎1期予防接種","https://www.city.kariya.lg.jp/kurashi/kenkoiryo/yobosessyu/1015037.html","日本脳炎1期予防接種","日本脳炎1期予防接種｜刈谷市ホームページ 当ホームページではjavascriptを使用しています。 javascriptの使用を有効にしなければ、一部の機能が正確に動作しない恐れがあります。お手数ですがjavascriptの使用を有効にしてください。 エンターキーを押すと、ナビゲーション部分をスキップし本文へ移動します。 サイトマップ 文字サイズ・配色の変更 Foreign Language English portugues 한국어 "
"刈谷市","strong","103","日本脳炎1期（特例）予防接種","https://www.city.kariya.lg.jp/kurashi/kenkoiryo/yobosessyu/1015041.html","日本脳炎1期（特例）予防接種","日本脳炎1期（特例）予防接種｜刈谷市ホームページ 当ホームページではjavascriptを使用しています。 javascriptの使用を有効にしなければ、一部の機能が正確に動作しない恐れがあります。お手数ですがjavascriptの使用を有効にしてください。 エンターキーを押すと、ナビゲーション部分をスキップし本文へ移動します。 サイトマップ 文字サイズ・配色の変更 Foreign Language English portugues "
"刈谷市","strong","103","日本脳炎2期予防接種","https://www.city.kariya.lg.jp/kurashi/kenkoiryo/yobosessyu/1015042.html","日本脳炎2期予防接種","日本脳炎2期予防接種｜刈谷市ホームページ 当ホームページではjavascriptを使用しています。 javascriptの使用を有効にしなければ、一部の機能が正確に動作しない恐れがあります。お手数ですがjavascriptの使用を有効にしてください。 エンターキーを押すと、ナビゲーション部分をスキップし本文へ移動します。 サイトマップ 文字サイズ・配色の変更 Foreign Language English portugues 한국어 "
"刈谷市","strong","103","DT（ジフテリア、破傷風）2期予防接種","https://www.city.kariya.lg.jp/kurashi/kenkoiryo/yobosessyu/1015043.html","DT（ジフテリア、破傷風）2期予防接種","DT（ジフテリア、破傷風）2期予防接種｜刈谷市ホームページ 当ホームページではjavascriptを使用しています。 javascriptの使用を有効にしなければ、一部の機能が正確に動作しない恐れがあります。お手数ですがjavascriptの使用を有効にしてください。 エンターキーを押すと、ナビゲーション部分をスキップし本文へ移動します。 サイトマップ 文字サイズ・配色の変更 Foreign Language English portu"
"刈谷市","strong","103","高齢者インフルエンザ予防接種","https://www.city.kariya.lg.jp/kurashi/kenkoiryo/yobosessyu/1003416.html","高齢者インフルエンザ予防接種","高齢者インフルエンザ予防接種｜刈谷市ホームページ 当ホームページではjavascriptを使用しています。 javascriptの使用を有効にしなければ、一部の機能が正確に動作しない恐れがあります。お手数ですがjavascriptの使用を有効にしてください。 エンターキーを押すと、ナビゲーション部分をスキップし本文へ移動します。 サイトマップ 文字サイズ・配色の変更 Foreign Language English portugues "
"刈谷市","strong","103","高齢者肺炎球菌予防接種","https://www.city.kariya.lg.jp/kurashi/kenkoiryo/yobosessyu/1003417.html","高齢者肺炎球菌予防接種","高齢者肺炎球菌予防接種｜刈谷市ホームページ 当ホームページではjavascriptを使用しています。 javascriptの使用を有効にしなければ、一部の機能が正確に動作しない恐れがあります。お手数ですがjavascriptの使用を有効にしてください。 エンターキーを押すと、ナビゲーション部分をスキップし本文へ移動します。 サイトマップ 文字サイズ・配色の変更 Foreign Language English portugues 한국어"
"刈谷市","strong","103","後期高齢者福祉医療費の助成","https://www.city.kariya.lg.jp/kurashi/hokennenkin/koureishairyo/1003274.html","後期高齢者福祉医療費の助成","後期高齢者福祉医療費の助成｜刈谷市ホームページ 当ホームページではjavascriptを使用しています。 javascriptの使用を有効にしなければ、一部の機能が正確に動作しない恐れがあります。お手数ですがjavascriptの使用を有効にしてください。 エンターキーを押すと、ナビゲーション部分をスキップし本文へ移動します。 サイトマップ 文字サイズ・配色の変更 Foreign Language English portugues 한"
"刈谷市","strong","103","ひとり親家庭に関する相談、離婚前相談","https://www.city.kariya.lg.jp/lifeevent/l_kekkon/1007000/1021253.html","ひとり親家庭に関する相談、離婚前相談","ひとり親家庭に関する相談、離婚前相談｜刈谷市ホームページ 当ホームページではjavascriptを使用しています。 javascriptの使用を有効にしなければ、一部の機能が正確に動作しない恐れがあります。お手数ですがjavascriptの使用を有効にしてください。 エンターキーを押すと、ナビゲーション部分をスキップし本文へ移動します。 サイトマップ 文字サイズ・配色の変更 Foreign Language English portug"
"蒲郡市","strong","103","赤ちゃんが生まれたら ～乳幼児期の子育て支援～ - 子育てポータルサイト - 愛知県蒲郡市公式ホームページ","https://www.city.gamagori.lg.jp/site/kosodate/babyborn.html","赤ちゃんが生まれたら～乳幼児期の子育て支援～","赤ちゃんが生まれたら ～乳幼児期の子育て支援～ - 子育てポータルサイト - 愛知県蒲郡市公式ホームページ ページの先頭です。 メニューを飛ばして本文へ メニュー 検索 JavaScriptが無効のため、文字の大きさ・背景色を変更する機能を使用できません。 本文へ Foreign language 音声読み上げ ふりがな 閲覧補助 文字サイズ 拡大 標準 背景色 白 黒 青 閉じる 休日・救急医療 安心・ひろめーる AED設置場所 緊急"
"刈谷市","strong","102","3歳児～就学前","https://www.city.kariya.lg.jp/kosodatenavi/1014911/1016830/index.html","3歳児～就学前","3歳児～就学前｜かりや子育て応援ナビ 当ホームページではjavascriptを使用しています。 javascriptの使用を有効にしなければ、一部の機能が正確に動作しない恐れがあります。お手数ですがjavascriptの使用を有効にしてください。 エンターキーを押すと、ナビゲーション部分をスキップし本文へ移動します。 救急のとき いざというときに 災害時の避難所 休日診療案内 防災・減災 気象情報 衣浦東部広域連合 閉じる メニュー 目"
"刈谷市","strong","101","高齢者インフルエンザ予防接種 無料券・市外接種の申請","https://www.city.kariya.lg.jp/shinseisho/d_kenko/1014649.html","高齢者インフルエンザ予防接種 無料券・市外接種の申請","高齢者インフルエンザ予防接種 無料券・市外接種の申請｜刈谷市ホームページ 当ホームページではjavascriptを使用しています。 javascriptの使用を有効にしなければ、一部の機能が正確に動作しない恐れがあります。お手数ですがjavascriptの使用を有効にしてください。 エンターキーを押すと、ナビゲーション部分をスキップし本文へ移動します。 サイトマップ 文字サイズ・配色の変更 Foreign Language Englis"
"刈谷市","strong","101","高齢者肺炎球菌予防接種（定期接種） 無料券・市外接種の申請","https://www.city.kariya.lg.jp/shinseisho/d_kenko/1014650.html","高齢者肺炎球菌予防接種（定期接種） 無料券・市外接種の申請","高齢者肺炎球菌予防接種（定期接種） 無料券・市外接種の申請｜刈谷市ホームページ 当ホームページではjavascriptを使用しています。 javascriptの使用を有効にしなければ、一部の機能が正確に動作しない恐れがあります。お手数ですがjavascriptの使用を有効にしてください。 エンターキーを押すと、ナビゲーション部分をスキップし本文へ移動します。 サイトマップ 文字サイズ・配色の変更 Foreign Language Eng"
"刈谷市","strong","101","予防接種委任状","https://www.city.kariya.lg.jp/shinseisho/d_kenko/1003057.html","予防接種委任状","予防接種委任状｜刈谷市ホームページ 当ホームページではjavascriptを使用しています。 javascriptの使用を有効にしなければ、一部の機能が正確に動作しない恐れがあります。お手数ですがjavascriptの使用を有効にしてください。 エンターキーを押すと、ナビゲーション部分をスキップし本文へ移動します。 サイトマップ 文字サイズ・配色の変更 Foreign Language English portugues 한국어 中文（"
"刈谷市","strong","101","風しん抗体検査及び予防接種費用助成金交付申請書兼請求書","https://www.city.kariya.lg.jp/shinseisho/d_kenko/1008569.html","風しん抗体検査及び予防接種費用助成金交付申請書兼請求書","風しん抗体検査及び予防接種費用助成金交付申請書兼請求書｜刈谷市ホームページ 当ホームページではjavascriptを使用しています。 javascriptの使用を有効にしなければ、一部の機能が正確に動作しない恐れがあります。お手数ですがjavascriptの使用を有効にしてください。 エンターキーを押すと、ナビゲーション部分をスキップし本文へ移動します。 サイトマップ 文字サイズ・配色の変更 Foreign Language Engli"
"刈谷市","strong","101","子育て家庭優待事業協賛店舗申請書","https://www.city.kariya.lg.jp/shinseisho/d_kosodate/1003096.html","子育て家庭優待事業協賛店舗申請書","子育て家庭優待事業協賛店舗申請書｜刈谷市ホームページ 当ホームページではjavascriptを使用しています。 javascriptの使用を有効にしなければ、一部の機能が正確に動作しない恐れがあります。お手数ですがjavascriptの使用を有効にしてください。 エンターキーを押すと、ナビゲーション部分をスキップし本文へ移動します。 サイトマップ 文字サイズ・配色の変更 Foreign Language English portugue"
"刈谷市","strong","101","緑化推進補助金交付申請書","https://www.city.kariya.lg.jp/shinseisho/d_park/1003111.html","緑化推進補助金交付申請書","緑化推進補助金交付申請書｜刈谷市ホームページ 当ホームページではjavascriptを使用しています。 javascriptの使用を有効にしなければ、一部の機能が正確に動作しない恐れがあります。お手数ですがjavascriptの使用を有効にしてください。 エンターキーを押すと、ナビゲーション部分をスキップし本文へ移動します。 サイトマップ 文字サイズ・配色の変更 Foreign Language English portugues 한국"
"刈谷市","strong","101","かりや市民だより 令和8年7月号","https://www.city.kariya.lg.jp/shisei/koho/1007387/shimindayori/1022638.html","かりや市民だより 令和8年7月号","かりや市民だより 令和8年7月号｜刈谷市ホームページ 当ホームページではjavascriptを使用しています。 javascriptの使用を有効にしなければ、一部の機能が正確に動作しない恐れがあります。お手数ですがjavascriptの使用を有効にしてください。 エンターキーを押すと、ナビゲーション部分をスキップし本文へ移動します。 サイトマップ 文字サイズ・配色の変更 Foreign Language English portugue"
"刈谷市","strong","101","ロタウイルス予防接種","https://www.city.kariya.lg.jp/kurashi/kenkoiryo/yobosessyu/1015029.html","ロタウイルス予防接種","ロタウイルス予防接種｜刈谷市ホームページ 当ホームページではjavascriptを使用しています。 javascriptの使用を有効にしなければ、一部の機能が正確に動作しない恐れがあります。お手数ですがjavascriptの使用を有効にしてください。 エンターキーを押すと、ナビゲーション部分をスキップし本文へ移動します。 サイトマップ 文字サイズ・配色の変更 Foreign Language English portugues 한국어 "
"刈谷市","strong","101","ヒブ予防接種","https://www.city.kariya.lg.jp/kurashi/kenkoiryo/yobosessyu/1018551.html","ヒブ予防接種","ヒブ予防接種｜刈谷市ホームページ 当ホームページではjavascriptを使用しています。 javascriptの使用を有効にしなければ、一部の機能が正確に動作しない恐れがあります。お手数ですがjavascriptの使用を有効にしてください。 エンターキーを押すと、ナビゲーション部分をスキップし本文へ移動します。 サイトマップ 文字サイズ・配色の変更 Foreign Language English portugues 한국어 中文（简"
"刈谷市","strong","101","小児用肺炎球菌予防接種","https://www.city.kariya.lg.jp/kurashi/kenkoiryo/yobosessyu/1018592.html","小児用肺炎球菌予防接種","小児用肺炎球菌予防接種｜刈谷市ホームページ 当ホームページではjavascriptを使用しています。 javascriptの使用を有効にしなければ、一部の機能が正確に動作しない恐れがあります。お手数ですがjavascriptの使用を有効にしてください。 エンターキーを押すと、ナビゲーション部分をスキップし本文へ移動します。 サイトマップ 文字サイズ・配色の変更 Foreign Language English portugues 한국어"
"刈谷市","strong","101","B型肝炎予防接種","https://www.city.kariya.lg.jp/kurashi/kenkoiryo/yobosessyu/1015031.html","B型肝炎予防接種","B型肝炎予防接種｜刈谷市ホームページ 当ホームページではjavascriptを使用しています。 javascriptの使用を有効にしなければ、一部の機能が正確に動作しない恐れがあります。お手数ですがjavascriptの使用を有効にしてください。 エンターキーを押すと、ナビゲーション部分をスキップし本文へ移動します。 サイトマップ 文字サイズ・配色の変更 Foreign Language English portugues 한국어 中文"
"刈谷市","strong","101","ポリオ予防接種（不活化ポリオワクチンの接種）","https://www.city.kariya.lg.jp/kurashi/kenkoiryo/yobosessyu/1015033.html","ポリオ予防接種（不活化ポリオワクチンの接種）","ポリオ予防接種（不活化ポリオワクチンの接種）｜刈谷市ホームページ 当ホームページではjavascriptを使用しています。 javascriptの使用を有効にしなければ、一部の機能が正確に動作しない恐れがあります。お手数ですがjavascriptの使用を有効にしてください。 エンターキーを押すと、ナビゲーション部分をスキップし本文へ移動します。 サイトマップ 文字サイズ・配色の変更 Foreign Language English po"
"刈谷市","strong","101","BCG予防接種","https://www.city.kariya.lg.jp/kurashi/kenkoiryo/yobosessyu/1015034.html","BCG予防接種","BCG予防接種｜刈谷市ホームページ 当ホームページではjavascriptを使用しています。 javascriptの使用を有効にしなければ、一部の機能が正確に動作しない恐れがあります。お手数ですがjavascriptの使用を有効にしてください。 エンターキーを押すと、ナビゲーション部分をスキップし本文へ移動します。 サイトマップ 文字サイズ・配色の変更 Foreign Language English portugues 한국어 中文（"
"刈谷市","strong","101","水痘（水ぼうそう）予防接種","https://www.city.kariya.lg.jp/kurashi/kenkoiryo/yobosessyu/1015036.html","水痘（水ぼうそう）予防接種","水痘（水ぼうそう）予防接種｜刈谷市ホームページ 当ホームページではjavascriptを使用しています。 javascriptの使用を有効にしなければ、一部の機能が正確に動作しない恐れがあります。お手数ですがjavascriptの使用を有効にしてください。 エンターキーを押すと、ナビゲーション部分をスキップし本文へ移動します。 サイトマップ 文字サイズ・配色の変更 Foreign Language English portugues 한"
"刈谷市","strong","101","愛知県内の指定医療機関以外で予防接種を希望する方へ","https://www.city.kariya.lg.jp/kurashi/kenkoiryo/yobosessyu/1015056.html","愛知県内の指定医療機関以外で予防接種を希望する方へ","愛知県内の指定医療機関以外で予防接種を希望する方へ｜刈谷市ホームページ 当ホームページではjavascriptを使用しています。 javascriptの使用を有効にしなければ、一部の機能が正確に動作しない恐れがあります。お手数ですがjavascriptの使用を有効にしてください。 エンターキーを押すと、ナビゲーション部分をスキップし本文へ移動します。 サイトマップ 文字サイズ・配色の変更 Foreign Language English"
"刈谷市","strong","101","特別の理由による任意予防接種の費用助成","https://www.city.kariya.lg.jp/kurashi/kenkoiryo/yobosessyu/1015054.html","特別の理由による任意予防接種の費用助成","特別の理由による任意予防接種の費用助成｜刈谷市ホームページ 当ホームページではjavascriptを使用しています。 javascriptの使用を有効にしなければ、一部の機能が正確に動作しない恐れがあります。お手数ですがjavascriptの使用を有効にしてください。 エンターキーを押すと、ナビゲーション部分をスキップし本文へ移動します。 サイトマップ 文字サイズ・配色の変更 Foreign Language English portu"
"刈谷市","strong","101","新型コロナウイルス感染症予防接種","https://www.city.kariya.lg.jp/kurashi/kenkoiryo/yobosessyu/1017615.html","新型コロナウイルス感染症予防接種","新型コロナウイルス感染症予防接種｜刈谷市ホームページ 当ホームページではjavascriptを使用しています。 javascriptの使用を有効にしなければ、一部の機能が正確に動作しない恐れがあります。お手数ですがjavascriptの使用を有効にしてください。 エンターキーを押すと、ナビゲーション部分をスキップし本文へ移動します。 サイトマップ 文字サイズ・配色の変更 Foreign Language English portugue"
"刈谷市","strong","101","指定医療機関以外で接種する場合の申請方法について","https://www.city.kariya.lg.jp/kurashi/kenkoiryo/yobosessyu/1018569.html","指定医療機関以外で接種する場合の申請方法について","指定医療機関以外で接種する場合の申請方法について｜刈谷市ホームページ 当ホームページではjavascriptを使用しています。 javascriptの使用を有効にしなければ、一部の機能が正確に動作しない恐れがあります。お手数ですがjavascriptの使用を有効にしてください。 エンターキーを押すと、ナビゲーション部分をスキップし本文へ移動します。 サイトマップ 文字サイズ・配色の変更 Foreign Language English "
"刈谷市","strong","101","自己負担額免除の申請方法について","https://www.city.kariya.lg.jp/kurashi/kenkoiryo/yobosessyu/1018570.html","自己負担額免除の申請方法について","自己負担額免除の申請方法について｜刈谷市ホームページ 当ホームページではjavascriptを使用しています。 javascriptの使用を有効にしなければ、一部の機能が正確に動作しない恐れがあります。お手数ですがjavascriptの使用を有効にしてください。 エンターキーを押すと、ナビゲーション部分をスキップし本文へ移動します。 サイトマップ 文字サイズ・配色の変更 Foreign Language English portugue"
"刈谷市","strong","101","風しん抗体検査及び予防接種費用の一部助成【妊娠を希望する女性、妊娠を希望する女性または妊娠中の女性の夫】","https://www.city.kariya.lg.jp/kurashi/kenkoiryo/yobosessyu/1003398.html","風しん抗体検査及び予防接種費用の一部助成【妊娠を希望する女性、妊娠を希望する女性または妊娠中の女性の夫】","風しん抗体検査及び予防接種費用の一部助成【妊娠を希望する女性、妊娠を希望する女性または妊娠中の女性の夫】｜刈谷市ホームページ 当ホームページではjavascriptを使用しています。 javascriptの使用を有効にしなければ、一部の機能が正確に動作しない恐れがあります。お手数ですがjavascriptの使用を有効にしてください。 エンターキーを押すと、ナビゲーション部分をスキップし本文へ移動します。 サイトマップ 文字サイズ・配色の"
"刈谷市","strong","101","新型コロナウイルス感染症予防接種（定期接種）","https://www.city.kariya.lg.jp/kurashi/kenkoiryo/yobosessyu/1018914.html","新型コロナウイルス感染症予防接種（定期接種）","新型コロナウイルス感染症予防接種（定期接種）｜刈谷市ホームページ 当ホームページではjavascriptを使用しています。 javascriptの使用を有効にしなければ、一部の機能が正確に動作しない恐れがあります。お手数ですがjavascriptの使用を有効にしてください。 エンターキーを押すと、ナビゲーション部分をスキップし本文へ移動します。 サイトマップ 文字サイズ・配色の変更 Foreign Language English po"
"刈谷市","strong","101","養育費に関する公正証書等作成促進給付金","https://www.city.kariya.lg.jp/kosodatenavi/1014910/1011901/1016588/1016590.html","養育費に関する公正証書等作成促進給付金","養育費に関する公正証書等作成促進給付金｜かりや子育て応援ナビ 当ホームページではjavascriptを使用しています。 javascriptの使用を有効にしなければ、一部の機能が正確に動作しない恐れがあります。お手数ですがjavascriptの使用を有効にしてください。 エンターキーを押すと、ナビゲーション部分をスキップし本文へ移動します。 救急のとき いざというときに 災害時の避難所 休日診療案内 防災・減災 気象情報 衣浦東部広域連"
"刈谷市","strong","101","市営住宅の収入基準","https://www.city.kariya.lg.jp/kurashi/sumai/shiei/1007830.html","市営住宅の収入基準","市営住宅の収入基準｜刈谷市ホームページ 当ホームページではjavascriptを使用しています。 javascriptの使用を有効にしなければ、一部の機能が正確に動作しない恐れがあります。お手数ですがjavascriptの使用を有効にしてください。 エンターキーを押すと、ナビゲーション部分をスキップし本文へ移動します。 サイトマップ 文字サイズ・配色の変更 Foreign Language English portugues 한국어 中"
"刈谷市","strong","101","介護サービス事業者の公表情報","https://www.city.kariya.lg.jp/kurashi/fukushikaigo/koureishafukushi/1003456/1003461.html","介護サービス事業者の公表情報","介護サービス事業者の公表情報｜刈谷市ホームページ 当ホームページではjavascriptを使用しています。 javascriptの使用を有効にしなければ、一部の機能が正確に動作しない恐れがあります。お手数ですがjavascriptの使用を有効にしてください。 エンターキーを押すと、ナビゲーション部分をスキップし本文へ移動します。 サイトマップ 文字サイズ・配色の変更 Foreign Language English portugues "
"刈谷市","strong","101","福祉用具購入の手引き","https://www.city.kariya.lg.jp/kurashi/fukushikaigo/koureishafukushi/1003456/1003466.html","福祉用具購入の手引き","福祉用具購入の手引き｜刈谷市ホームページ 当ホームページではjavascriptを使用しています。 javascriptの使用を有効にしなければ、一部の機能が正確に動作しない恐れがあります。お手数ですがjavascriptの使用を有効にしてください。 エンターキーを押すと、ナビゲーション部分をスキップし本文へ移動します。 サイトマップ 文字サイズ・配色の変更 Foreign Language English portugues 한국어 "
"刈谷市","strong","101","住宅改修の手引き","https://www.city.kariya.lg.jp/kurashi/fukushikaigo/koureishafukushi/1003456/1003468.html","住宅改修の手引き","住宅改修の手引き｜刈谷市ホームページ 当ホームページではjavascriptを使用しています。 javascriptの使用を有効にしなければ、一部の機能が正確に動作しない恐れがあります。お手数ですがjavascriptの使用を有効にしてください。 エンターキーを押すと、ナビゲーション部分をスキップし本文へ移動します。 サイトマップ 文字サイズ・配色の変更 Foreign Language English portugues 한국어 中文"
"刈谷市","strong","101","介護支援ベッド貸与利用料補助制度","https://www.city.kariya.lg.jp/kurashi/fukushikaigo/koureishafukushi/1003456/1003467.html","介護支援ベッド貸与利用料補助制度","介護支援ベッド貸与利用料補助制度｜刈谷市ホームページ 当ホームページではjavascriptを使用しています。 javascriptの使用を有効にしなければ、一部の機能が正確に動作しない恐れがあります。お手数ですがjavascriptの使用を有効にしてください。 エンターキーを押すと、ナビゲーション部分をスキップし本文へ移動します。 サイトマップ 文字サイズ・配色の変更 Foreign Language English portugue"
"刈谷市","strong","101","高齢者住宅バリアフリー化工事費補助","https://www.city.kariya.lg.jp/kurashi/fukushikaigo/koureishafukushi/1003456/1003469.html","高齢者住宅バリアフリー化工事費補助","高齢者住宅バリアフリー化工事費補助｜刈谷市ホームページ 当ホームページではjavascriptを使用しています。 javascriptの使用を有効にしなければ、一部の機能が正確に動作しない恐れがあります。お手数ですがjavascriptの使用を有効にしてください。 エンターキーを押すと、ナビゲーション部分をスキップし本文へ移動します。 サイトマップ 文字サイズ・配色の変更 Foreign Language English portugu"
"刈谷市","strong","101","福祉用具購入費・住宅改修費等の受領委任払い","https://www.city.kariya.lg.jp/kurashi/fukushikaigo/koureishafukushi/1003456/1003470.html","福祉用具購入費・住宅改修費等の受領委任払い","福祉用具購入費・住宅改修費等の受領委任払い｜刈谷市ホームページ 当ホームページではjavascriptを使用しています。 javascriptの使用を有効にしなければ、一部の機能が正確に動作しない恐れがあります。お手数ですがjavascriptの使用を有効にしてください。 エンターキーを押すと、ナビゲーション部分をスキップし本文へ移動します。 サイトマップ 文字サイズ・配色の変更 Foreign Language English por"
"刈谷市","strong","101","介護保険制度以外の福祉サービス","https://www.city.kariya.lg.jp/kurashi/fukushikaigo/koureishafukushi/1018562.html","介護保険制度以外の福祉サービス","介護保険制度以外の福祉サービス｜刈谷市ホームページ 当ホームページではjavascriptを使用しています。 javascriptの使用を有効にしなければ、一部の機能が正確に動作しない恐れがあります。お手数ですがjavascriptの使用を有効にしてください。 エンターキーを押すと、ナビゲーション部分をスキップし本文へ移動します。 サイトマップ 文字サイズ・配色の変更 Foreign Language English portugues"
"豊田市","strong","101","母子・父子家庭医療費助成制度","https://www.city.toyota.aichi.jp/kosodategakko/kosodate/1027167/1073648/1003506.html","母子・父子家庭医療費助成制度","母子・父子家庭医療費助成制度｜豊田市 当ホームページではjavascriptを使用しています。 javascriptの使用を有効にしなければ、一部の機能が正確に動作しない恐れがあります。お手数ですがjavascriptの使用を有効にしてください。 エンターキーを押すと、ナビゲーション部分をスキップし本文へ移動します。 豊田市 TOYOTA CITY サイト メニュー 庁舎案内 Select Language Afrikaans Alba"
"刈谷市","strong","100","福祉用具・住宅改修関係","https://www.city.kariya.lg.jp/shinseisho/d_fukushi/1003077/index.html","福祉用具・住宅改修関係","福祉用具・住宅改修関係｜刈谷市ホームページ 当ホームページではjavascriptを使用しています。 javascriptの使用を有効にしなければ、一部の機能が正確に動作しない恐れがあります。お手数ですがjavascriptの使用を有効にしてください。 エンターキーを押すと、ナビゲーション部分をスキップし本文へ移動します。 サイトマップ 文字サイズ・配色の変更 Foreign Language English portugues 한국어"
"刈谷市","strong","100","事業者向け","https://www.city.kariya.lg.jp/shinseisho/d_fukushi/1003085/index.html","事業者向け","事業者向け｜刈谷市ホームページ 当ホームページではjavascriptを使用しています。 javascriptの使用を有効にしなければ、一部の機能が正確に動作しない恐れがあります。お手数ですがjavascriptの使用を有効にしてください。 エンターキーを押すと、ナビゲーション部分をスキップし本文へ移動します。 サイトマップ 文字サイズ・配色の変更 Foreign Language English portugues 한국어 中文（简化"
"刈谷市","strong","99","刈谷市奨学会奨学金","https://www.city.kariya.lg.jp/lifeevent/l_shugaku/1006982/1006992.html","刈谷市奨学会奨学金","刈谷市奨学会奨学金｜刈谷市ホームページ 当ホームページではjavascriptを使用しています。 javascriptの使用を有効にしなければ、一部の機能が正確に動作しない恐れがあります。お手数ですがjavascriptの使用を有効にしてください。 エンターキーを押すと、ナビゲーション部分をスキップし本文へ移動します。 サイトマップ 文字サイズ・配色の変更 Foreign Language English portugues 한국어 中"
"刈谷市","strong","99","帯状疱疹予防接種（定期接種）","https://www.city.kariya.lg.jp/shinseisho/d_kenko/1020344.html","帯状疱疹予防接種（定期接種）","帯状疱疹予防接種（定期接種）｜刈谷市ホームページ 当ホームページではjavascriptを使用しています。 javascriptの使用を有効にしなければ、一部の機能が正確に動作しない恐れがあります。お手数ですがjavascriptの使用を有効にしてください。 エンターキーを押すと、ナビゲーション部分をスキップし本文へ移動します。 サイトマップ 文字サイズ・配色の変更 Foreign Language English portugues "
"刈谷市","strong","99","帯状疱疹予防接種費用の一部助成","https://www.city.kariya.lg.jp/shinseisho/d_kenko/1014651.html","帯状疱疹予防接種費用の一部助成","帯状疱疹予防接種費用の一部助成｜刈谷市ホームページ 当ホームページではjavascriptを使用しています。 javascriptの使用を有効にしなければ、一部の機能が正確に動作しない恐れがあります。お手数ですがjavascriptの使用を有効にしてください。 エンターキーを押すと、ナビゲーション部分をスキップし本文へ移動します。 サイトマップ 文字サイズ・配色の変更 Foreign Language English portugues"
"刈谷市","strong","99","帯状疱疹予防接種","https://www.city.kariya.lg.jp/kurashi/kenkoiryo/yobosessyu/1019970.html","帯状疱疹予防接種","帯状疱疹予防接種｜刈谷市ホームページ 当ホームページではjavascriptを使用しています。 javascriptの使用を有効にしなければ、一部の機能が正確に動作しない恐れがあります。お手数ですがjavascriptの使用を有効にしてください。 エンターキーを押すと、ナビゲーション部分をスキップし本文へ移動します。 サイトマップ 文字サイズ・配色の変更 Foreign Language English portugues 한국어 中文"
"刈谷市","strong","99","高齢者肺炎球菌予防接種費用の一部助成","https://www.city.kariya.lg.jp/kurashi/kenkoiryo/yobosessyu/1003418.html","高齢者肺炎球菌予防接種費用の一部助成","高齢者肺炎球菌予防接種費用の一部助成｜刈谷市ホームページ 当ホームページではjavascriptを使用しています。 javascriptの使用を有効にしなければ、一部の機能が正確に動作しない恐れがあります。お手数ですがjavascriptの使用を有効にしてください。 エンターキーを押すと、ナビゲーション部分をスキップし本文へ移動します。 サイトマップ 文字サイズ・配色の変更 Foreign Language English portug"
"豊田市","strong","99","産科医療補償制度","https://www.city.toyota.aichi.jp/kosodategakko/ninshin/1073751/1022664.html","産科医療補償制度","産科医療補償制度｜豊田市 当ホームページではjavascriptを使用しています。 javascriptの使用を有効にしなければ、一部の機能が正確に動作しない恐れがあります。お手数ですがjavascriptの使用を有効にしてください。 エンターキーを押すと、ナビゲーション部分をスキップし本文へ移動します。 豊田市 TOYOTA CITY サイト メニュー 庁舎案内 Select Language Afrikaans Albanian A"
"豊田市","strong","99","火災や震災などの災害により、住宅などの財産に著しい損害を受けた方へ","https://www.city.toyota.aichi.jp/zeihoken/koreishairyo/1073344/1040902.html","火災や震災などの災害により、住宅などの財産に著しい損害を受けた方へ","火災や震災などの災害により、住宅などの財産に著しい損害を受けた方へ｜豊田市 当ホームページではjavascriptを使用しています。 javascriptの使用を有効にしなければ、一部の機能が正確に動作しない恐れがあります。お手数ですがjavascriptの使用を有効にしてください。 エンターキーを押すと、ナビゲーション部分をスキップし本文へ移動します。 豊田市 TOYOTA CITY サイト メニュー 庁舎案内 Select Lang"
"豊田市","strong","99","母子父子家庭自立支援給付金","https://www.city.toyota.aichi.jp/kosodategakko/kosodate/1027167/1073649/1003505.html","母子父子家庭自立支援給付金","母子父子家庭自立支援給付金｜豊田市 当ホームページではjavascriptを使用しています。 javascriptの使用を有効にしなければ、一部の機能が正確に動作しない恐れがあります。お手数ですがjavascriptの使用を有効にしてください。 エンターキーを押すと、ナビゲーション部分をスキップし本文へ移動します。 豊田市 TOYOTA CITY サイト メニュー 庁舎案内 Select Language Afrikaans Alban"
"豊田市","strong","99","豊田市養育費確保支援事業補助金","https://www.city.toyota.aichi.jp/kosodategakko/kosodate/1027167/1073649/1059623.html","豊田市養育費確保支援事業補助金","豊田市養育費確保支援事業補助金｜豊田市 当ホームページではjavascriptを使用しています。 javascriptの使用を有効にしなければ、一部の機能が正確に動作しない恐れがあります。お手数ですがjavascriptの使用を有効にしてください。 エンターキーを押すと、ナビゲーション部分をスキップし本文へ移動します。 豊田市 TOYOTA CITY サイト メニュー 庁舎案内 Select Language Afrikaans Alb"
"豊田市","strong","99","豊田市私立高等学校等授業料補助金について","https://www.city.toyota.aichi.jp/kosodategakko/kyoikushien/hojo/1002724.html","豊田市私立高等学校等授業料補助金について","豊田市私立高等学校等授業料補助金について｜豊田市 当ホームページではjavascriptを使用しています。 javascriptの使用を有効にしなければ、一部の機能が正確に動作しない恐れがあります。お手数ですがjavascriptの使用を有効にしてください。 エンターキーを押すと、ナビゲーション部分をスキップし本文へ移動します。 豊田市 TOYOTA CITY サイト メニュー 庁舎案内 Select Language Afrikaan"
"蒲郡市","strong","99","健康推進課の要綱等について - 蒲郡市保健医療センター - 愛知県蒲郡市公式ホームページ","https://www.city.gamagori.lg.jp/site/hokencenter/youkou.html","蒲郡市保健医療センターメニュー","健康推進課の要綱等について - 蒲郡市保健医療センター - 愛知県蒲郡市公式ホームページ ページの先頭です。 メニューを飛ばして本文へ メニュー 検索 JavaScriptが無効のため、文字の大きさ・背景色を変更する機能を使用できません。 本文へ Foreign language 音声読み上げ ふりがな 閲覧補助 文字サイズ 拡大 標準 背景色 白 黒 青 閉じる 休日・救急医療 安心・ひろめーる AED設置場所 緊急・防災情報 くらし"
"西尾市","strong","98","健康・福祉","https://www.city.nishio.aichi.jp/kenkofukushi/index.html","健康・福祉","健康・福祉｜西尾市公式ウェブサイト 当ホームページではjavascriptを使用しています。 javascriptの使用を有効にしなければ、一部の機能が正確に動作しない恐れがあります。お手数ですがjavascriptの使用を有効にしてください。 エンターキーを押すと、ナビゲーション部分をスキップし本文へ移動します。 サイトマップ Select Language English 中文（简体字） 中文（繁體字） 한국어 Português "
"蒲郡市","strong","98","障害者福祉 - 愛知県蒲郡市公式ホームページ","https://www.city.gamagori.lg.jp/life/13/91/60/","障害者福祉","障害者福祉 - 愛知県蒲郡市公式ホームページ ページの先頭です。 メニューを飛ばして本文へ メニュー 検索 JavaScriptが無効のため、文字の大きさ・背景色を変更する機能を使用できません。 本文へ Foreign language 音声読み上げ ふりがな 閲覧補助 文字サイズ 拡大 標準 背景色 白 黒 青 閉じる 休日・救急医療 安心・ひろめーる AED設置場所 緊急・防災情報 くらし・手続 防災・安全安心 マイナンバーカード・"
"蒲郡市","strong","98","福祉課 - 愛知県蒲郡市公式ホームページ","https://www.city.gamagori.lg.jp/unit/fukushi/","福祉課","福祉課 - 愛知県蒲郡市公式ホームページ ページの先頭です。 メニューを飛ばして本文へ メニュー 検索 JavaScriptが無効のため、文字の大きさ・背景色を変更する機能を使用できません。 本文へ Foreign language 音声読み上げ ふりがな 閲覧補助 文字サイズ 拡大 標準 背景色 白 黒 青 閉じる 休日・救急医療 安心・ひろめーる AED設置場所 緊急・防災情報 くらし・手続 防災・安全安心 マイナンバーカード・電子"
"刈谷市","strong","97","子ども医療費の助成","https://www.city.kariya.lg.jp/kurashi/kenkoiryo/jyosei/1003422.html","子ども医療費の助成","子ども医療費の助成｜刈谷市ホームページ 当ホームページではjavascriptを使用しています。 javascriptの使用を有効にしなければ、一部の機能が正確に動作しない恐れがあります。お手数ですがjavascriptの使用を有効にしてください。 エンターキーを押すと、ナビゲーション部分をスキップし本文へ移動します。 サイトマップ 文字サイズ・配色の変更 Foreign Language English portugues 한국어 中"
"豊田市","strong","97","後期高齢者医療制度について（外国語版 Portuguese/Chinese/English/Spanish）","https://www.city.toyota.aichi.jp/zeihoken/koreishairyo/1035820.html","後期高齢者医療制度について（外国語版 Portuguese/Chinese/English/Spanish）","後期高齢者医療制度について（外国語版 Portuguese/Chinese/English/Spanish）｜豊田市 当ホームページではjavascriptを使用しています。 javascriptの使用を有効にしなければ、一部の機能が正確に動作しない恐れがあります。お手数ですがjavascriptの使用を有効にしてください。 エンターキーを押すと、ナビゲーション部分をスキップし本文へ移動します。 豊田市 TOYOTA CITY サイト "
"豊田市","strong","97","令和8年8月以降の後期高齢者医療資格確認書の交付について","https://www.city.toyota.aichi.jp/zeihoken/koreishairyo/1076998.html","令和8年8月以降の後期高齢者医療資格確認書の交付について","令和8年8月以降の後期高齢者医療資格確認書の交付について｜豊田市 当ホームページではjavascriptを使用しています。 javascriptの使用を有効にしなければ、一部の機能が正確に動作しない恐れがあります。お手数ですがjavascriptの使用を有効にしてください。 エンターキーを押すと、ナビゲーション部分をスキップし本文へ移動します。 豊田市 TOYOTA CITY サイト メニュー 庁舎案内 Select Language "
"豊田市","strong","97","後期高齢者医療 マイナ保険証の利用登録の解除について","https://www.city.toyota.aichi.jp/zeihoken/koreishairyo/1061568.html","後期高齢者医療 マイナ保険証の利用登録の解除について","後期高齢者医療 マイナ保険証の利用登録の解除について｜豊田市 当ホームページではjavascriptを使用しています。 javascriptの使用を有効にしなければ、一部の機能が正確に動作しない恐れがあります。お手数ですがjavascriptの使用を有効にしてください。 エンターキーを押すと、ナビゲーション部分をスキップし本文へ移動します。 豊田市 TOYOTA CITY サイト メニュー 庁舎案内 Select Language Af"
"西尾市","strong","97","西尾市遠方の妊婦健診等交通費支援事業","https://www.city.nishio.aichi.jp/kosodate/teate/1005129/1011584.html","西尾市遠方の妊婦健診等交通費支援事業","西尾市遠方の妊婦健診等交通費支援事業｜西尾市公式ウェブサイト 当ホームページではjavascriptを使用しています。 javascriptの使用を有効にしなければ、一部の機能が正確に動作しない恐れがあります。お手数ですがjavascriptの使用を有効にしてください。 エンターキーを押すと、ナビゲーション部分をスキップし本文へ移動します。 サイトマップ Select Language English 中文（简体字） 中文（繁體字） 한"
"西尾市","strong","97","西尾市低所得の妊婦に対する初回妊婦健康診査費助成","https://www.city.nishio.aichi.jp/kosodate/teate/1005129/1008675.html","西尾市低所得の妊婦に対する初回妊婦健康診査費助成","西尾市低所得の妊婦に対する初回妊婦健康診査費助成｜西尾市公式ウェブサイト 当ホームページではjavascriptを使用しています。 javascriptの使用を有効にしなければ、一部の機能が正確に動作しない恐れがあります。お手数ですがjavascriptの使用を有効にしてください。 エンターキーを押すと、ナビゲーション部分をスキップし本文へ移動します。 サイトマップ Select Language English 中文（简体字） 中文（"
"安城市","strong","96","安城市","https://www.city.anjo.aichi.jp/manabu/gakko/shogaku/shugakuenjyo.html","就学援助費","安城市／就学援助費 このサイトではJavaScriptを使用したコンテンツ・機能を提供しています。JavaScriptを有効にするとご利用いただけます。 本文へスキップします。 安城市 受け継ぐ想いを 未来へ届ける 望遠郷 サイト内検索 ページID検索 設定 文字サイズ・色合い変更 Language メニュー 閉じる 緊急 情報 緊急情報 閉じる ホーム 生活・サービス 教育・学習 観光・文化・スポーツ 産業・入札 市政情報 ホーム >"
"西尾市","strong","96","不妊治療費助成","https://www.city.nishio.aichi.jp/kosodate/teate/1005129/1007250/index.html","不妊治療費助成","不妊治療費助成｜西尾市公式ウェブサイト 当ホームページではjavascriptを使用しています。 javascriptの使用を有効にしなければ、一部の機能が正確に動作しない恐れがあります。お手数ですがjavascriptの使用を有効にしてください。 エンターキーを押すと、ナビゲーション部分をスキップし本文へ移動します。 サイトマップ Select Language English 中文（简体字） 中文（繁體字） 한국어 Portuguê"
"蒲郡市","strong","96","長寿福祉 - 愛知県蒲郡市公式ホームページ","https://www.city.gamagori.lg.jp/life/13/90/358/","長寿福祉","長寿福祉 - 愛知県蒲郡市公式ホームページ ページの先頭です。 メニューを飛ばして本文へ メニュー 検索 JavaScriptが無効のため、文字の大きさ・背景色を変更する機能を使用できません。 本文へ Foreign language 音声読み上げ ふりがな 閲覧補助 文字サイズ 拡大 標準 背景色 白 黒 青 閉じる 休日・救急医療 安心・ひろめーる AED設置場所 緊急・防災情報 くらし・手続 防災・安全安心 マイナンバーカード・電"
"蒲郡市","strong","96","新型コロナウイルス関連情報 - 愛知県蒲郡市公式ホームページ","https://www.city.gamagori.lg.jp/life/13/84/","新型コロナウイルス関連情報","新型コロナウイルス関連情報 - 愛知県蒲郡市公式ホームページ ページの先頭です。 メニューを飛ばして本文へ メニュー 検索 JavaScriptが無効のため、文字の大きさ・背景色を変更する機能を使用できません。 本文へ Foreign language 音声読み上げ ふりがな 閲覧補助 文字サイズ 拡大 標準 背景色 白 黒 青 閉じる 休日・救急医療 安心・ひろめーる AED設置場所 緊急・防災情報 くらし・手続 防災・安全安心 マイ"
"西尾市","strong","95","愛知県子育て応援給付金","https://www.city.nishio.aichi.jp/kosodate/teate/1005129/1009206.html","愛知県子育て応援給付金","愛知県子育て応援給付金｜西尾市公式ウェブサイト 当ホームページではjavascriptを使用しています。 javascriptの使用を有効にしなければ、一部の機能が正確に動作しない恐れがあります。お手数ですがjavascriptの使用を有効にしてください。 エンターキーを押すと、ナビゲーション部分をスキップし本文へ移動します。 サイトマップ Select Language English 中文（简体字） 中文（繁體字） 한국어 Port"
"刈谷市","strong","94","医療費等の助成","https://www.city.kariya.lg.jp/kurashi/kenkoiryo/jyosei/index.html","医療費等の助成","医療費等の助成｜刈谷市ホームページ 当ホームページではjavascriptを使用しています。 javascriptの使用を有効にしなければ、一部の機能が正確に動作しない恐れがあります。お手数ですがjavascriptの使用を有効にしてください。 エンターキーを押すと、ナビゲーション部分をスキップし本文へ移動します。 サイトマップ 文字サイズ・配色の変更 Foreign Language English portugues 한국어 中文（"
"刈谷市","strong","94","帯状疱疹予防接種費用の一部助成","https://www.city.kariya.lg.jp/kurashi/kenkoiryo/yobosessyu/taijouhousin.html","帯状疱疹予防接種費用の一部助成","帯状疱疹予防接種費用の一部助成｜刈谷市ホームページ 当ホームページではjavascriptを使用しています。 javascriptの使用を有効にしなければ、一部の機能が正確に動作しない恐れがあります。お手数ですがjavascriptの使用を有効にしてください。 エンターキーを押すと、ナビゲーション部分をスキップし本文へ移動します。 サイトマップ 文字サイズ・配色の変更 Foreign Language English portugues"
"蒲郡市","strong","94","就学援助 - 愛知県蒲郡市公式ホームページ","https://www.city.gamagori.lg.jp/unit/kyoikuseisaku/shugakuenjo.html","就学援助","就学援助 - 愛知県蒲郡市公式ホームページ ページの先頭です。 メニューを飛ばして本文へ メニュー 検索 JavaScriptが無効のため、文字の大きさ・背景色を変更する機能を使用できません。 本文へ Foreign language 音声読み上げ ふりがな 閲覧補助 文字サイズ 拡大 標準 背景色 白 黒 青 閉じる 休日・救急医療 安心・ひろめーる AED設置場所 緊急・防災情報 くらし・手続 防災・安全安心 マイナンバーカード・電"
"蒲郡市","strong","94","がまごおり妊娠・出産・子育てサポート事業 - こども家庭センター - 愛知県蒲郡市公式ホームページ","https://www.city.gamagori.lg.jp/site/uminoko/kouhukin.html","がまごおり妊娠・出産・子育てサポート事業","がまごおり妊娠・出産・子育てサポート事業 - こども家庭センター - 愛知県蒲郡市公式ホームページ ページの先頭です。 メニューを飛ばして本文へ メニュー 検索 JavaScriptが無効のため、文字の大きさ・背景色を変更する機能を使用できません。 本文へ Foreign language 音声読み上げ ふりがな 閲覧補助 文字サイズ 拡大 標準 背景色 白 黒 青 閉じる 休日・救急医療 安心・ひろめーる AED設置場所 緊急・防災情"
"蒲郡市","strong","94","防災・救命 - 愛知県蒲郡市公式ホームページ","https://www.city.gamagori.lg.jp/life/1/3/14/","防災・救命","防災・救命 - 愛知県蒲郡市公式ホームページ ページの先頭です。 メニューを飛ばして本文へ メニュー 検索 JavaScriptが無効のため、文字の大きさ・背景色を変更する機能を使用できません。 本文へ Foreign language 音声読み上げ ふりがな 閲覧補助 文字サイズ 拡大 標準 背景色 白 黒 青 閉じる 休日・救急医療 安心・ひろめーる AED設置場所 緊急・防災情報 くらし・手続 防災・安全安心 マイナンバーカード・"
"刈谷市","strong","93","要介護認定を受けている人の確定申告での障害者控除","https://www.city.kariya.lg.jp/kurashi/fukushikaigo/koureishafukushi/1003456/1003462.html","要介護認定を受けている人の確定申告での障害者控除","要介護認定を受けている人の確定申告での障害者控除｜刈谷市ホームページ 当ホームページではjavascriptを使用しています。 javascriptの使用を有効にしなければ、一部の機能が正確に動作しない恐れがあります。お手数ですがjavascriptの使用を有効にしてください。 エンターキーを押すと、ナビゲーション部分をスキップし本文へ移動します。 サイトマップ 文字サイズ・配色の変更 Foreign Language English "
"西尾市","strong","93","後期高齢者福祉医療","https://www.city.nishio.aichi.jp/kenkofukushi/iryo/1005114/1002485.html","後期高齢者福祉医療","後期高齢者福祉医療｜西尾市公式ウェブサイト 当ホームページではjavascriptを使用しています。 javascriptの使用を有効にしなければ、一部の機能が正確に動作しない恐れがあります。お手数ですがjavascriptの使用を有効にしてください。 エンターキーを押すと、ナビゲーション部分をスキップし本文へ移動します。 サイトマップ Select Language English 中文（简体字） 中文（繁體字） 한국어 Portug"
"西尾市","strong","93","国民年金の加入手続き・保険料免除申請等の電子化","https://www.city.nishio.aichi.jp/kurashi/hoken/1001424/1008932.html","国民年金の加入手続き・保険料免除申請等の電子化","国民年金の加入手続き・保険料免除申請等の電子化｜西尾市公式ウェブサイト 当ホームページではjavascriptを使用しています。 javascriptの使用を有効にしなければ、一部の機能が正確に動作しない恐れがあります。お手数ですがjavascriptの使用を有効にしてください。 エンターキーを押すと、ナビゲーション部分をスキップし本文へ移動します。 サイトマップ Select Language English 中文（简体字） 中文（繁"
"西尾市","strong","93","福祉医療各種申請書","https://www.city.nishio.aichi.jp/kenkofukushi/iryo/1005114/1002479.html","福祉医療各種申請書","福祉医療各種申請書｜西尾市公式ウェブサイト 当ホームページではjavascriptを使用しています。 javascriptの使用を有効にしなければ、一部の機能が正確に動作しない恐れがあります。お手数ですがjavascriptの使用を有効にしてください。 エンターキーを押すと、ナビゲーション部分をスキップし本文へ移動します。 サイトマップ Select Language English 中文（简体字） 中文（繁體字） 한국어 Portug"
"西尾市","strong","93","高校生世代への入院医療費の助成（令和8年3月診療まで）","https://www.city.nishio.aichi.jp/kenkofukushi/iryo/1005114/1007011.html","高校生世代への入院医療費の助成（令和8年3月診療まで）","高校生世代への入院医療費の助成（令和8年3月診療まで）｜西尾市公式ウェブサイト 当ホームページではjavascriptを使用しています。 javascriptの使用を有効にしなければ、一部の機能が正確に動作しない恐れがあります。お手数ですがjavascriptの使用を有効にしてください。 エンターキーを押すと、ナビゲーション部分をスキップし本文へ移動します。 サイトマップ Select Language English 中文（简体字） "
"西尾市","strong","93","障害者医療","https://www.city.nishio.aichi.jp/kenkofukushi/iryo/1005114/1002482.html","障害者医療","障害者医療｜西尾市公式ウェブサイト 当ホームページではjavascriptを使用しています。 javascriptの使用を有効にしなければ、一部の機能が正確に動作しない恐れがあります。お手数ですがjavascriptの使用を有効にしてください。 エンターキーを押すと、ナビゲーション部分をスキップし本文へ移動します。 サイトマップ Select Language English 中文（简体字） 中文（繁體字） 한국어 Português "
"西尾市","strong","93","医療費受給者証の確認がマイナンバーカードで可能になります","https://www.city.nishio.aichi.jp/kenkofukushi/iryo/1005114/1011581.html","医療費受給者証の確認がマイナンバーカードで可能になります","医療費受給者証の確認がマイナンバーカードで可能になります｜西尾市公式ウェブサイト 当ホームページではjavascriptを使用しています。 javascriptの使用を有効にしなければ、一部の機能が正確に動作しない恐れがあります。お手数ですがjavascriptの使用を有効にしてください。 エンターキーを押すと、ナビゲーション部分をスキップし本文へ移動します。 サイトマップ Select Language English 中文（简体字）"
"西尾市","strong","93","精神障害者医療","https://www.city.nishio.aichi.jp/kenkofukushi/iryo/1005114/1002483.html","精神障害者医療","精神障害者医療｜西尾市公式ウェブサイト 当ホームページではjavascriptを使用しています。 javascriptの使用を有効にしなければ、一部の機能が正確に動作しない恐れがあります。お手数ですがjavascriptの使用を有効にしてください。 エンターキーを押すと、ナビゲーション部分をスキップし本文へ移動します。 サイトマップ Select Language English 中文（简体字） 中文（繁體字） 한국어 Portuguê"
"刈谷市","strong","92","小学生以上","https://www.city.kariya.lg.jp/kosodatenavi/1014911/1014915/index.html","小学生以上","小学生以上｜かりや子育て応援ナビ 当ホームページではjavascriptを使用しています。 javascriptの使用を有効にしなければ、一部の機能が正確に動作しない恐れがあります。お手数ですがjavascriptの使用を有効にしてください。 エンターキーを押すと、ナビゲーション部分をスキップし本文へ移動します。 救急のとき いざというときに 災害時の避難所 休日診療案内 防災・減災 気象情報 衣浦東部広域連合 閉じる メニュー 目的別"
"蒲郡市","strong","92","予防接種健康被害救済制度について - 蒲郡市保健医療センター - 愛知県蒲郡市公式ホームページ","https://www.city.gamagori.lg.jp/site/hokencenter/kenkouhigai.html","予防接種健康被害救済制度について","予防接種健康被害救済制度について - 蒲郡市保健医療センター - 愛知県蒲郡市公式ホームページ ページの先頭です。 メニューを飛ばして本文へ メニュー 検索 JavaScriptが無効のため、文字の大きさ・背景色を変更する機能を使用できません。 本文へ Foreign language 音声読み上げ ふりがな 閲覧補助 文字サイズ 拡大 標準 背景色 白 黒 青 閉じる 休日・救急医療 安心・ひろめーる AED設置場所 緊急・防災情報 "
"蒲郡市","strong","92","国民年金【法定免除制度】 - 国民年金 - 愛知県蒲郡市公式ホームページ","https://www.city.gamagori.lg.jp/site/nennkinn01/nenkin016.html","国民年金【法定免除制度】","国民年金【法定免除制度】 - 国民年金 - 愛知県蒲郡市公式ホームページ ページの先頭です。 メニューを飛ばして本文へ メニュー 検索 JavaScriptが無効のため、文字の大きさ・背景色を変更する機能を使用できません。 本文へ Foreign language 音声読み上げ ふりがな 閲覧補助 文字サイズ 拡大 標準 背景色 白 黒 青 閉じる 休日・救急医療 安心・ひろめーる AED設置場所 緊急・防災情報 くらし・手続 防災・安"
"蒲郡市","strong","92","蒲郡市結婚新生活支援補助金【申請期限3/19まで】 - いいじゃん蒲郡 愛知県蒲郡市への移住・定住促進サイト - 愛知県蒲郡市公式ホームページ","https://www.city.gamagori.lg.jp/site/iijangamagori/kekkonshien.html","蒲郡市結婚新生活支援補助金【申請期限3/19まで】","蒲郡市結婚新生活支援補助金【申請期限3/19まで】 - いいじゃん蒲郡 愛知県蒲郡市への移住・定住促進サイト - 愛知県蒲郡市公式ホームページ ページの先頭です。 メニューを飛ばして本文へ メニュー 検索 JavaScriptが無効のため、文字の大きさ・背景色を変更する機能を使用できません。 本文へ Foreign language 音声読み上げ ふりがな 閲覧補助 文字サイズ 拡大 標準 背景色 白 黒 青 閉じる 休日・救急医療 安"
"蒲郡市","strong","92","国民年金【給付の種類】 - 国民年金 - 愛知県蒲郡市公式ホームページ","https://www.city.gamagori.lg.jp/site/nennkinn01/nenkin008.html","国民年金【給付の種類】","国民年金【給付の種類】 - 国民年金 - 愛知県蒲郡市公式ホームページ ページの先頭です。 メニューを飛ばして本文へ メニュー 検索 JavaScriptが無効のため、文字の大きさ・背景色を変更する機能を使用できません。 本文へ Foreign language 音声読み上げ ふりがな 閲覧補助 文字サイズ 拡大 標準 背景色 白 黒 青 閉じる 休日・救急医療 安心・ひろめーる AED設置場所 緊急・防災情報 くらし・手続 防災・安全"
"蒲郡市","strong","92","【がん患者様のアピアランスケア】ウィッグ・乳房補整具・エピテーゼの購入費用を一部助成します - 蒲郡市保健医療センター - 愛知県蒲郡市公式ホームページ","https://www.city.gamagori.lg.jp/site/hokencenter/apiarannsu.html","【がん患者様のアピアランスケア】ウィッグ・乳房補整具・エピテーゼの購入費用を一部助成します","【がん患者様のアピアランスケア】ウィッグ・乳房補整具・エピテーゼの購入費用を一部助成します - 蒲郡市保健医療センター - 愛知県蒲郡市公式ホームページ ページの先頭です。 メニューを飛ばして本文へ メニュー 検索 JavaScriptが無効のため、文字の大きさ・背景色を変更する機能を使用できません。 本文へ Foreign language 音声読み上げ ふりがな 閲覧補助 文字サイズ 拡大 標準 背景色 白 黒 青 閉じる 休日・救"
"蒲郡市","strong","92","未熟児養育医療費用（おむつ代）助成事業 - 蒲郡市保健医療センター - 愛知県蒲郡市公式ホームページ","https://www.city.gamagori.lg.jp/site/hokencenter/yoikuiryohiyojyosei.html","未熟児養育医療費用助成金","未熟児養育医療費用（おむつ代）助成事業 - 蒲郡市保健医療センター - 愛知県蒲郡市公式ホームページ ページの先頭です。 メニューを飛ばして本文へ メニュー 検索 JavaScriptが無効のため、文字の大きさ・背景色を変更する機能を使用できません。 本文へ Foreign language 音声読み上げ ふりがな 閲覧補助 文字サイズ 拡大 標準 背景色 白 黒 青 閉じる 休日・救急医療 安心・ひろめーる AED設置場所 緊急・防災"
"蒲郡市","strong","92","子育て支援課 - 愛知県蒲郡市公式ホームページ","https://www.city.gamagori.lg.jp/unit/kosodate/","子育て支援課","子育て支援課 - 愛知県蒲郡市公式ホームページ ページの先頭です。 メニューを飛ばして本文へ メニュー 検索 JavaScriptが無効のため、文字の大きさ・背景色を変更する機能を使用できません。 本文へ Foreign language 音声読み上げ ふりがな 閲覧補助 文字サイズ 拡大 標準 背景色 白 黒 青 閉じる 休日・救急医療 安心・ひろめーる AED設置場所 緊急・防災情報 くらし・手続 防災・安全安心 マイナンバーカード"
"蒲郡市","strong","92","児童手当受給者が婚姻した場合の手続きについて - 子育て支援課 - 愛知県蒲郡市公式ホームページ","https://www.city.gamagori.lg.jp/site/subsite-kosodate/jitekonin.html","児童手当","児童手当受給者が婚姻した場合の手続きについて - 子育て支援課 - 愛知県蒲郡市公式ホームページ ページの先頭です。 メニューを飛ばして本文へ メニュー 検索 JavaScriptが無効のため、文字の大きさ・背景色を変更する機能を使用できません。 本文へ Foreign language 音声読み上げ ふりがな 閲覧補助 文字サイズ 拡大 標準 背景色 白 黒 青 閉じる 休日・救急医療 安心・ひろめーる AED設置場所 緊急・防災情報"
"蒲郡市","strong","92","子育て支援課 - 愛知県蒲郡市公式ホームページ","https://www.city.gamagori.lg.jp/site/subsite-kosodate/","子育て支援課","子育て支援課 - 愛知県蒲郡市公式ホームページ ページの先頭です。 メニューを飛ばして本文へ メニュー 検索 JavaScriptが無効のため、文字の大きさ・背景色を変更する機能を使用できません。 本文へ Foreign language 音声読み上げ ふりがな 閲覧補助 文字サイズ 拡大 標準 背景色 白 黒 青 閉じる 休日・救急医療 安心・ひろめーる AED設置場所 緊急・防災情報 くらし・手続 防災・安全安心 マイナンバーカード"
"蒲郡市","strong","92","給付金・支援事業 - 子育て支援課 - 愛知県蒲郡市公式ホームページ","https://www.city.gamagori.lg.jp/site/subsite-kosodate/list623-3118.html","給付金・支援事業","給付金・支援事業 - 子育て支援課 - 愛知県蒲郡市公式ホームページ ページの先頭です。 メニューを飛ばして本文へ メニュー 検索 JavaScriptが無効のため、文字の大きさ・背景色を変更する機能を使用できません。 本文へ Foreign language 音声読み上げ ふりがな 閲覧補助 文字サイズ 拡大 標準 背景色 白 黒 青 閉じる 休日・救急医療 安心・ひろめーる AED設置場所 緊急・防災情報 くらし・手続 防災・安全安"
"蒲郡市","strong","92","児童手当 - 子育て支援課 - 愛知県蒲郡市公式ホームページ","https://www.city.gamagori.lg.jp/site/subsite-kosodate/list623-2745.html","児童手当","児童手当 - 子育て支援課 - 愛知県蒲郡市公式ホームページ ページの先頭です。 メニューを飛ばして本文へ メニュー 検索 JavaScriptが無効のため、文字の大きさ・背景色を変更する機能を使用できません。 本文へ Foreign language 音声読み上げ ふりがな 閲覧補助 文字サイズ 拡大 標準 背景色 白 黒 青 閉じる 休日・救急医療 安心・ひろめーる AED設置場所 緊急・防災情報 くらし・手続 防災・安全安心 マイ"
"蒲郡市","strong","92","子育て支援センター - 子育て支援課 - 愛知県蒲郡市公式ホームページ","https://www.city.gamagori.lg.jp/site/subsite-kosodate/list626-2737.html","子育て支援センター","子育て支援センター - 子育て支援課 - 愛知県蒲郡市公式ホームページ ページの先頭です。 メニューを飛ばして本文へ メニュー 検索 JavaScriptが無効のため、文字の大きさ・背景色を変更する機能を使用できません。 本文へ Foreign language 音声読み上げ ふりがな 閲覧補助 文字サイズ 拡大 標準 背景色 白 黒 青 閉じる 休日・救急医療 安心・ひろめーる AED設置場所 緊急・防災情報 くらし・手続 防災・安全"
"蒲郡市","strong","92","特別児童扶養手当 - 子育て支援課 - 愛知県蒲郡市公式ホームページ","https://www.city.gamagori.lg.jp/site/subsite-kosodate/list624-2749.html","特別児童扶養手当","特別児童扶養手当 - 子育て支援課 - 愛知県蒲郡市公式ホームページ ページの先頭です。 メニューを飛ばして本文へ メニュー 検索 JavaScriptが無効のため、文字の大きさ・背景色を変更する機能を使用できません。 本文へ Foreign language 音声読み上げ ふりがな 閲覧補助 文字サイズ 拡大 標準 背景色 白 黒 青 閉じる 休日・救急医療 安心・ひろめーる AED設置場所 緊急・防災情報 くらし・手続 防災・安全安"
"蒲郡市","strong","92","障がい児等支援事業 - 子育て支援課 - 愛知県蒲郡市公式ホームページ","https://www.city.gamagori.lg.jp/site/subsite-kosodate/list624-2758.html","障がい児等支援事業","障がい児等支援事業 - 子育て支援課 - 愛知県蒲郡市公式ホームページ ページの先頭です。 メニューを飛ばして本文へ メニュー 検索 JavaScriptが無効のため、文字の大きさ・背景色を変更する機能を使用できません。 本文へ Foreign language 音声読み上げ ふりがな 閲覧補助 文字サイズ 拡大 標準 背景色 白 黒 青 閉じる 休日・救急医療 安心・ひろめーる AED設置場所 緊急・防災情報 くらし・手続 防災・安全"
"蒲郡市","strong","92","国民年金【第１号被保険者の独自給付】 - 国民年金 - 愛知県蒲郡市公式ホームページ","https://www.city.gamagori.lg.jp/site/nennkinn01/nenkin009.html","国民年金１号被保険者の独自の給付","国民年金【第１号被保険者の独自給付】 - 国民年金 - 愛知県蒲郡市公式ホームページ ページの先頭です。 メニューを飛ばして本文へ メニュー 検索 JavaScriptが無効のため、文字の大きさ・背景色を変更する機能を使用できません。 本文へ Foreign language 音声読み上げ ふりがな 閲覧補助 文字サイズ 拡大 標準 背景色 白 黒 青 閉じる 休日・救急医療 安心・ひろめーる AED設置場所 緊急・防災情報 くらし・手"
"刈谷市","strong","91","帯状疱疹予防接種費用の一部助成（任意接種）","https://www.city.kariya.lg.jp/mokuteki/riyou/1007191/1014647.html","帯状疱疹予防接種費用の一部助成（任意接種）","帯状疱疹予防接種費用の一部助成（任意接種）｜刈谷市ホームページ 当ホームページではjavascriptを使用しています。 javascriptの使用を有効にしなければ、一部の機能が正確に動作しない恐れがあります。お手数ですがjavascriptの使用を有効にしてください。 エンターキーを押すと、ナビゲーション部分をスキップし本文へ移動します。 サイトマップ 文字サイズ・配色の変更 Foreign Language English por"
"刈谷市","strong","91","高齢者肺炎球菌予防接種費用の一部助成（任意接種）","https://www.city.kariya.lg.jp/mokuteki/riyou/1007191/1007206.html","高齢者肺炎球菌予防接種費用の一部助成（任意接種）","高齢者肺炎球菌予防接種費用の一部助成（任意接種）｜刈谷市ホームページ 当ホームページではjavascriptを使用しています。 javascriptの使用を有効にしなければ、一部の機能が正確に動作しない恐れがあります。お手数ですがjavascriptの使用を有効にしてください。 エンターキーを押すと、ナビゲーション部分をスキップし本文へ移動します。 サイトマップ 文字サイズ・配色の変更 Foreign Language English "
"刈谷市","strong","91","刈谷市障害者雇用推進企業支援事業補助金","https://www.city.kariya.lg.jp/sangyo/yushi/1006257.html","刈谷市障害者雇用推進企業支援事業補助金","刈谷市障害者雇用推進企業支援事業補助金｜刈谷市ホームページ 当ホームページではjavascriptを使用しています。 javascriptの使用を有効にしなければ、一部の機能が正確に動作しない恐れがあります。お手数ですがjavascriptの使用を有効にしてください。 エンターキーを押すと、ナビゲーション部分をスキップし本文へ移動します。 サイトマップ 文字サイズ・配色の変更 Foreign Language English portu"
"刈谷市","strong","91","精神障害者医療費の助成","https://www.city.kariya.lg.jp/kurashi/kenkoiryo/jyosei/1003427.html","精神障害者医療費の助成","精神障害者医療費の助成｜刈谷市ホームページ 当ホームページではjavascriptを使用しています。 javascriptの使用を有効にしなければ、一部の機能が正確に動作しない恐れがあります。お手数ですがjavascriptの使用を有効にしてください。 エンターキーを押すと、ナビゲーション部分をスキップし本文へ移動します。 サイトマップ 文字サイズ・配色の変更 Foreign Language English portugues 한국어"
"刈谷市","strong","91","不妊治療費等助成事業","https://www.city.kariya.lg.jp/kosodatenavi/1014911/1014912/1016756.html","不妊治療費等助成事業","不妊治療費等助成事業｜かりや子育て応援ナビ 当ホームページではjavascriptを使用しています。 javascriptの使用を有効にしなければ、一部の機能が正確に動作しない恐れがあります。お手数ですがjavascriptの使用を有効にしてください。 エンターキーを押すと、ナビゲーション部分をスキップし本文へ移動します。 救急のとき いざというときに 災害時の避難所 休日診療案内 防災・減災 気象情報 衣浦東部広域連合 閉じる メニュ"
"安城市","strong","91","安城市","https://www.city.anjo.aichi.jp/kurasu/kosodate/teateshien/boshikateikyufu.html","自立支援給付金","安城市／安城市自立支援給付金 このサイトではJavaScriptを使用したコンテンツ・機能を提供しています。JavaScriptを有効にするとご利用いただけます。 本文へスキップします。 安城市 受け継ぐ想いを 未来へ届ける 望遠郷 サイト内検索 ページID検索 設定 文字サイズ・色合い変更 Language メニュー 閉じる 緊急 情報 緊急情報 閉じる ホーム 生活・サービス 教育・学習 観光・文化・スポーツ 産業・入札 市政情報 "
"西尾市","strong","90","子育て・教育","https://www.city.nishio.aichi.jp/kosodate/index.html","子育て・教育","子育て・教育｜西尾市公式ウェブサイト 当ホームページではjavascriptを使用しています。 javascriptの使用を有効にしなければ、一部の機能が正確に動作しない恐れがあります。お手数ですがjavascriptの使用を有効にしてください。 エンターキーを押すと、ナビゲーション部分をスキップし本文へ移動します。 サイトマップ Select Language English 中文（简体字） 中文（繁體字） 한국어 Português"
"蒲郡市","strong","90","高齢者の方向けサービスのご案内 - 長寿課 - 愛知県蒲郡市公式ホームページ","https://www.city.gamagori.lg.jp/site/chojuka/koureisyasetaihitorikurashi.html","高齢者の方向けサービスのご案内","高齢者の方向けサービスのご案内 - 長寿課 - 愛知県蒲郡市公式ホームページ ページの先頭です。 メニューを飛ばして本文へ メニュー 検索 JavaScriptが無効のため、文字の大きさ・背景色を変更する機能を使用できません。 本文へ Foreign language 音声読み上げ ふりがな 閲覧補助 文字サイズ 拡大 標準 背景色 白 黒 青 閉じる 休日・救急医療 安心・ひろめーる AED設置場所 緊急・防災情報 くらし・手続 防災"
"蒲郡市","strong","90","寝たきり高齢者の方へ - 長寿課 - 愛知県蒲郡市公式ホームページ","https://www.city.gamagori.lg.jp/site/chojuka/netakirikoureisya.html","寝たきり高齢者の方へ","寝たきり高齢者の方へ - 長寿課 - 愛知県蒲郡市公式ホームページ ページの先頭です。 メニューを飛ばして本文へ メニュー 検索 JavaScriptが無効のため、文字の大きさ・背景色を変更する機能を使用できません。 本文へ Foreign language 音声読み上げ ふりがな 閲覧補助 文字サイズ 拡大 標準 背景色 白 黒 青 閉じる 休日・救急医療 安心・ひろめーる AED設置場所 緊急・防災情報 くらし・手続 防災・安全安心"
"蒲郡市","strong","90","児童手当について - 子育て支援課 - 愛知県蒲郡市公式ホームページ","https://www.city.gamagori.lg.jp/site/subsite-kosodate/jido-teate.html","児童手当","児童手当について - 子育て支援課 - 愛知県蒲郡市公式ホームページ ページの先頭です。 メニューを飛ばして本文へ メニュー 検索 JavaScriptが無効のため、文字の大きさ・背景色を変更する機能を使用できません。 本文へ Foreign language 音声読み上げ ふりがな 閲覧補助 文字サイズ 拡大 標準 背景色 白 黒 青 閉じる 休日・救急医療 安心・ひろめーる AED設置場所 緊急・防災情報 くらし・手続 防災・安全安"
"蒲郡市","strong","90","児童手当受給世帯の父母が離婚もしくは離婚協議中の場合の手続きについて - 子育て支援課 - 愛知県蒲郡市公式ホームページ","https://www.city.gamagori.lg.jp/site/subsite-kosodate/jukyushahenkou.html","児童手当","児童手当受給世帯の父母が離婚もしくは離婚協議中の場合の手続きについて - 子育て支援課 - 愛知県蒲郡市公式ホームページ ページの先頭です。 メニューを飛ばして本文へ メニュー 検索 JavaScriptが無効のため、文字の大きさ・背景色を変更する機能を使用できません。 本文へ Foreign language 音声読み上げ ふりがな 閲覧補助 文字サイズ 拡大 標準 背景色 白 黒 青 閉じる 休日・救急医療 安心・ひろめーる AED"
"蒲郡市","strong","90","国民年金【産前産後期間免除制度】 - 国民年金 - 愛知県蒲郡市公式ホームページ","https://www.city.gamagori.lg.jp/site/nennkinn01/nenkin014.html","産前産後免除制度","国民年金【産前産後期間免除制度】 - 国民年金 - 愛知県蒲郡市公式ホームページ ページの先頭です。 メニューを飛ばして本文へ メニュー 検索 JavaScriptが無効のため、文字の大きさ・背景色を変更する機能を使用できません。 本文へ Foreign language 音声読み上げ ふりがな 閲覧補助 文字サイズ 拡大 標準 背景色 白 黒 青 閉じる 休日・救急医療 安心・ひろめーる AED設置場所 緊急・防災情報 くらし・手続 "
"蒲郡市","strong","90","国民年金保険料の育児免除制度 - 国民年金 - 愛知県蒲郡市公式ホームページ","https://www.city.gamagori.lg.jp/site/nennkinn01/nenkin021.html","育児免除制度","国民年金保険料の育児免除制度 - 国民年金 - 愛知県蒲郡市公式ホームページ ページの先頭です。 メニューを飛ばして本文へ メニュー 検索 JavaScriptが無効のため、文字の大きさ・背景色を変更する機能を使用できません。 本文へ Foreign language 音声読み上げ ふりがな 閲覧補助 文字サイズ 拡大 標準 背景色 白 黒 青 閉じる 休日・救急医療 安心・ひろめーる AED設置場所 緊急・防災情報 くらし・手続 防災"
"蒲郡市","strong","90","年金の脱退一時金・社会保障協定制度 - 国民年金 - 愛知県蒲郡市公式ホームページ","https://www.city.gamagori.lg.jp/site/nennkinn01/nenkin012.html","脱退一時金・社会保障協定","年金の脱退一時金・社会保障協定制度 - 国民年金 - 愛知県蒲郡市公式ホームページ ページの先頭です。 メニューを飛ばして本文へ メニュー 検索 JavaScriptが無効のため、文字の大きさ・背景色を変更する機能を使用できません。 本文へ Foreign language 音声読み上げ ふりがな 閲覧補助 文字サイズ 拡大 標準 背景色 白 黒 青 閉じる 休日・救急医療 安心・ひろめーる AED設置場所 緊急・防災情報 くらし・手続"
"蒲郡市","strong","90","年金生活者支援給付金制度 - 国民年金 - 愛知県蒲郡市公式ホームページ","https://www.city.gamagori.lg.jp/site/nennkinn01/nenkin015.html","年金生活者支援給付金","年金生活者支援給付金制度 - 国民年金 - 愛知県蒲郡市公式ホームページ ページの先頭です。 メニューを飛ばして本文へ メニュー 検索 JavaScriptが無効のため、文字の大きさ・背景色を変更する機能を使用できません。 本文へ Foreign language 音声読み上げ ふりがな 閲覧補助 文字サイズ 拡大 標準 背景色 白 黒 青 閉じる 休日・救急医療 安心・ひろめーる AED設置場所 緊急・防災情報 くらし・手続 防災・安"
"刈谷市","strong","89","5種混合（ジフテリア、百日せき、破傷風、不活化ポリオ、ヒブ）予防接種","https://www.city.kariya.lg.jp/kurashi/kenkoiryo/yobosessyu/1018248.html","5種混合（ジフテリア、百日せき、破傷風、不活化ポリオ、ヒブ）予防接種","5種混合（ジフテリア、百日せき、破傷風、不活化ポリオ、ヒブ）予防接種｜刈谷市ホームページ 当ホームページではjavascriptを使用しています。 javascriptの使用を有効にしなければ、一部の機能が正確に動作しない恐れがあります。お手数ですがjavascriptの使用を有効にしてください。 エンターキーを押すと、ナビゲーション部分をスキップし本文へ移動します。 サイトマップ 文字サイズ・配色の変更 Foreign Languag"
"刈谷市","strong","89","長期にわたる病気のため定期予防接種を受けられなかった方へ","https://www.city.kariya.lg.jp/kurashi/kenkoiryo/yobosessyu/1015047.html","長期にわたる病気のため定期予防接種を受けられなかった方へ","長期にわたる病気のため定期予防接種を受けられなかった方へ｜刈谷市ホームページ 当ホームページではjavascriptを使用しています。 javascriptの使用を有効にしなければ、一部の機能が正確に動作しない恐れがあります。お手数ですがjavascriptの使用を有効にしてください。 エンターキーを押すと、ナビゲーション部分をスキップし本文へ移動します。 サイトマップ 文字サイズ・配色の変更 Foreign Language Engl"
"刈谷市","strong","89","定期予防接種予診票の再交付について","https://www.city.kariya.lg.jp/kurashi/kenkoiryo/yobosessyu/1015049.html","定期予防接種予診票の再交付について","定期予防接種予診票の再交付について｜刈谷市ホームページ 当ホームページではjavascriptを使用しています。 javascriptの使用を有効にしなければ、一部の機能が正確に動作しない恐れがあります。お手数ですがjavascriptの使用を有効にしてください。 エンターキーを押すと、ナビゲーション部分をスキップし本文へ移動します。 サイトマップ 文字サイズ・配色の変更 Foreign Language English portugu"
"刈谷市","strong","89","愛知県外で予防接種を希望する方へ","https://www.city.kariya.lg.jp/kurashi/kenkoiryo/yobosessyu/1015057.html","愛知県外で予防接種を希望する方へ","愛知県外で予防接種を希望する方へ｜刈谷市ホームページ 当ホームページではjavascriptを使用しています。 javascriptの使用を有効にしなければ、一部の機能が正確に動作しない恐れがあります。お手数ですがjavascriptの使用を有効にしてください。 エンターキーを押すと、ナビゲーション部分をスキップし本文へ移動します。 サイトマップ 文字サイズ・配色の変更 Foreign Language English portugue"
"刈谷市","strong","89","新型コロナウイルス感染症予防接種（任意接種）","https://www.city.kariya.lg.jp/kurashi/kenkoiryo/yobosessyu/1018878.html","新型コロナウイルス感染症予防接種（任意接種）","新型コロナウイルス感染症予防接種（任意接種）｜刈谷市ホームページ 当ホームページではjavascriptを使用しています。 javascriptの使用を有効にしなければ、一部の機能が正確に動作しない恐れがあります。お手数ですがjavascriptの使用を有効にしてください。 エンターキーを押すと、ナビゲーション部分をスキップし本文へ移動します。 サイトマップ 文字サイズ・配色の変更 Foreign Language English po"
"刈谷市","strong","89","刈谷市予防接種事故対策協議会","https://www.city.kariya.lg.jp/kurashi/kenkoiryo/yobosessyu/1014626.html","刈谷市予防接種事故対策協議会","刈谷市予防接種事故対策協議会｜刈谷市ホームページ 当ホームページではjavascriptを使用しています。 javascriptの使用を有効にしなければ、一部の機能が正確に動作しない恐れがあります。お手数ですがjavascriptの使用を有効にしてください。 エンターキーを押すと、ナビゲーション部分をスキップし本文へ移動します。 サイトマップ 文字サイズ・配色の変更 Foreign Language English portugues "
"刈谷市","strong","89","私立高等学校等授業料補助","https://www.city.kariya.lg.jp/kosodatenavi/1014910/1011895/1016325/1016326.html","私立高等学校等授業料補助","私立高等学校等授業料補助｜かりや子育て応援ナビ 当ホームページではjavascriptを使用しています。 javascriptの使用を有効にしなければ、一部の機能が正確に動作しない恐れがあります。お手数ですがjavascriptの使用を有効にしてください。 エンターキーを押すと、ナビゲーション部分をスキップし本文へ移動します。 救急のとき いざというときに 災害時の避難所 休日診療案内 防災・減災 気象情報 衣浦東部広域連合 閉じる メ"
"豊田市","strong","89","学校教育課における補助事業","https://www.city.toyota.aichi.jp/kosodategakko/kyoikushien/hojo/1002726.html","学校教育課における補助事業","学校教育課における補助事業｜豊田市 当ホームページではjavascriptを使用しています。 javascriptの使用を有効にしなければ、一部の機能が正確に動作しない恐れがあります。お手数ですがjavascriptの使用を有効にしてください。 エンターキーを押すと、ナビゲーション部分をスキップし本文へ移動します。 豊田市 TOYOTA CITY サイト メニュー 庁舎案内 Select Language Afrikaans Alban"
"豊田市","strong","89","就学援助制度について","https://www.city.toyota.aichi.jp/kosodategakko/kyoikushien/hojo/1002727.html","就学援助制度について","就学援助制度について｜豊田市 当ホームページではjavascriptを使用しています。 javascriptの使用を有効にしなければ、一部の機能が正確に動作しない恐れがあります。お手数ですがjavascriptの使用を有効にしてください。 エンターキーを押すと、ナビゲーション部分をスキップし本文へ移動します。 豊田市 TOYOTA CITY サイト メニュー 庁舎案内 Select Language Afrikaans Albanian"
"安城市","strong","89","安城市","https://www.city.anjo.aichi.jp/shisei/jouhou-hassin/2026koe/0305.html","おたふく風邪予防接種費用の一部助成について","安城市／おたふく風邪予防接種費用の一部助成について このサイトではJavaScriptを使用したコンテンツ・機能を提供しています。JavaScriptを有効にするとご利用いただけます。 本文へスキップします。 安城市 受け継ぐ想いを 未来へ届ける 望遠郷 サイト内検索 ページID検索 設定 文字サイズ・色合い変更 Language メニュー 閉じる 緊急 情報 緊急情報 閉じる ホーム 生活・サービス 教育・学習 観光・文化・スポーツ "
"刈谷市","strong","88","住宅","https://www.city.kariya.lg.jp/shinseisho/d_jyutaku/index.html","住宅","住宅｜刈谷市ホームページ 当ホームページではjavascriptを使用しています。 javascriptの使用を有効にしなければ、一部の機能が正確に動作しない恐れがあります。お手数ですがjavascriptの使用を有効にしてください。 エンターキーを押すと、ナビゲーション部分をスキップし本文へ移動します。 サイトマップ 文字サイズ・配色の変更 Foreign Language English portugues 한국어 中文（简化字） "
"刈谷市","strong","88","健康・医療","https://www.city.kariya.lg.jp/shinseisho/d_kenko/index.html","健康・医療","健康・医療｜刈谷市ホームページ 当ホームページではjavascriptを使用しています。 javascriptの使用を有効にしなければ、一部の機能が正確に動作しない恐れがあります。お手数ですがjavascriptの使用を有効にしてください。 エンターキーを押すと、ナビゲーション部分をスキップし本文へ移動します。 サイトマップ 文字サイズ・配色の変更 Foreign Language English portugues 한국어 中文（简化"
"刈谷市","strong","88","福祉・介護","https://www.city.kariya.lg.jp/shinseisho/d_fukushi/index.html","福祉・介護","福祉・介護｜刈谷市ホームページ 当ホームページではjavascriptを使用しています。 javascriptの使用を有効にしなければ、一部の機能が正確に動作しない恐れがあります。お手数ですがjavascriptの使用を有効にしてください。 エンターキーを押すと、ナビゲーション部分をスキップし本文へ移動します。 サイトマップ 文字サイズ・配色の変更 Foreign Language English portugues 한국어 中文（简化"
"刈谷市","strong","88","子育て","https://www.city.kariya.lg.jp/shinseisho/d_kosodate/index.html","子育て","子育て｜刈谷市ホームページ 当ホームページではjavascriptを使用しています。 javascriptの使用を有効にしなければ、一部の機能が正確に動作しない恐れがあります。お手数ですがjavascriptの使用を有効にしてください。 エンターキーを押すと、ナビゲーション部分をスキップし本文へ移動します。 サイトマップ 文字サイズ・配色の変更 Foreign Language English portugues 한국어 中文（简化字）"
"刈谷市","strong","88","その他（福祉・介護）","https://www.city.kariya.lg.jp/shinseisho/d_fukushi/1003090/index.html","その他（福祉・介護）","その他（福祉・介護）｜刈谷市ホームページ 当ホームページではjavascriptを使用しています。 javascriptの使用を有効にしなければ、一部の機能が正確に動作しない恐れがあります。お手数ですがjavascriptの使用を有効にしてください。 エンターキーを押すと、ナビゲーション部分をスキップし本文へ移動します。 サイトマップ 文字サイズ・配色の変更 Foreign Language English portugues 한국어 "
"刈谷市","strong","88","予防接種","https://www.city.kariya.lg.jp/kurashi/kenkoiryo/yobosessyu/index.html","予防接種","予防接種｜刈谷市ホームページ 当ホームページではjavascriptを使用しています。 javascriptの使用を有効にしなければ、一部の機能が正確に動作しない恐れがあります。お手数ですがjavascriptの使用を有効にしてください。 エンターキーを押すと、ナビゲーション部分をスキップし本文へ移動します。 サイトマップ 文字サイズ・配色の変更 Foreign Language English portugues 한국어 中文（简化字"
"刈谷市","strong","88","ごみ・環境","https://www.city.kariya.lg.jp/shinseisho/d_gomi/index.html","ごみ・環境","ごみ・環境｜刈谷市ホームページ 当ホームページではjavascriptを使用しています。 javascriptの使用を有効にしなければ、一部の機能が正確に動作しない恐れがあります。お手数ですがjavascriptの使用を有効にしてください。 エンターキーを押すと、ナビゲーション部分をスキップし本文へ移動します。 サイトマップ 文字サイズ・配色の変更 Foreign Language English portugues 한국어 中文（简化"
"刈谷市","strong","88","公園利用","https://www.city.kariya.lg.jp/shinseisho/d_park/index.html","公園利用","公園利用｜刈谷市ホームページ 当ホームページではjavascriptを使用しています。 javascriptの使用を有効にしなければ、一部の機能が正確に動作しない恐れがあります。お手数ですがjavascriptの使用を有効にしてください。 エンターキーを押すと、ナビゲーション部分をスキップし本文へ移動します。 サイトマップ 文字サイズ・配色の変更 Foreign Language English portugues 한국어 中文（简化字"
"安城市","strong","88","安城市","https://www.city.anjo.aichi.jp/shinseisho/koureifukushi.html","高齢者福祉サービスの申請書等の配信","安城市／高齢者福祉サービスの申請書等の配信 このサイトではJavaScriptを使用したコンテンツ・機能を提供しています。JavaScriptを有効にするとご利用いただけます。 本文へスキップします。 安城市 受け継ぐ想いを 未来へ届ける 望遠郷 サイト内検索 ページID検索 設定 文字サイズ・色合い変更 Language メニュー 閉じる 緊急 情報 緊急情報 閉じる ホーム 生活・サービス 教育・学習 観光・文化・スポーツ 産業・入"
"安城市","strong","88","安城市","https://www.city.anjo.aichi.jp/kurasu/fukushikaigo/shogai/index.html","障害者の福祉","安城市／障害者の福祉 このサイトではJavaScriptを使用したコンテンツ・機能を提供しています。JavaScriptを有効にするとご利用いただけます。 本文へスキップします。 安城市 受け継ぐ想いを 未来へ届ける 望遠郷 サイト内検索 ページID検索 設定 文字サイズ・色合い変更 Language メニュー 閉じる 緊急 情報 緊急情報 閉じる ホーム 生活・サービス 教育・学習 観光・文化・スポーツ 産業・入札 市政情報 ホーム "
"安城市","strong","88","安城市","https://www.city.anjo.aichi.jp/kurasu/fukushikaigo/koureisya/koureifukushi/koureifukushi.html","高齢者福祉サービス（介護保険以外のサービス）","安城市／高齢者福祉サービス（介護保険以外のサービス） このサイトではJavaScriptを使用したコンテンツ・機能を提供しています。JavaScriptを有効にするとご利用いただけます。 本文へスキップします。 安城市 受け継ぐ想いを 未来へ届ける 望遠郷 サイト内検索 ページID検索 設定 文字サイズ・色合い変更 Language メニュー 閉じる 緊急 情報 緊急情報 閉じる ホーム 生活・サービス 教育・学習 観光・文化・スポーツ"
"蒲郡市","strong","88","住宅 - 愛知県蒲郡市公式ホームページ","https://www.city.gamagori.lg.jp/life/1/37/26/","住宅","住宅 - 愛知県蒲郡市公式ホームページ ページの先頭です。 メニューを飛ばして本文へ メニュー 検索 JavaScriptが無効のため、文字の大きさ・背景色を変更する機能を使用できません。 本文へ Foreign language 音声読み上げ ふりがな 閲覧補助 文字サイズ 拡大 標準 背景色 白 黒 青 閉じる 休日・救急医療 安心・ひろめーる AED設置場所 緊急・防災情報 くらし・手続 防災・安全安心 マイナンバーカード・電子証"
"蒲郡市","strong","88","蒲郡市首都圏人材確保支援事業のご案内 - 愛知県蒲郡市公式ホームページ","https://www.city.gamagori.lg.jp/unit/sangyo/syutokenjinzaikakuho.html","移住支援金（蒲郡市首都圏人材確保支援事業）","蒲郡市首都圏人材確保支援事業のご案内 - 愛知県蒲郡市公式ホームページ ページの先頭です。 メニューを飛ばして本文へ メニュー 検索 JavaScriptが無効のため、文字の大きさ・背景色を変更する機能を使用できません。 本文へ Foreign language 音声読み上げ ふりがな 閲覧補助 文字サイズ 拡大 標準 背景色 白 黒 青 閉じる 休日・救急医療 安心・ひろめーる AED設置場所 緊急・防災情報 くらし・手続 防災・安全"
"蒲郡市","strong","88","引越し・住まいに関する情報をまとめています - 愛知県蒲郡市公式ホームページ","https://www.city.gamagori.lg.jp/site/hikkoshi/","引越し・住まいに関する情報をまとめています","引越し・住まいに関する情報をまとめています - 愛知県蒲郡市公式ホームページ ページの先頭です。 メニューを飛ばして本文へ メニュー 検索 JavaScriptが無効のため、文字の大きさ・背景色を変更する機能を使用できません。 本文へ Foreign language 音声読み上げ ふりがな 閲覧補助 文字サイズ 拡大 標準 背景色 白 黒 青 閉じる 休日・救急医療 安心・ひろめーる AED設置場所 緊急・防災情報 くらし・手続 防災"
"刈谷市","strong","87","就学援助","https://www.city.kariya.lg.jp/lifeevent/l_shugaku/1006982/1006989.html","就学援助","就学援助｜刈谷市ホームページ 当ホームページではjavascriptを使用しています。 javascriptの使用を有効にしなければ、一部の機能が正確に動作しない恐れがあります。お手数ですがjavascriptの使用を有効にしてください。 エンターキーを押すと、ナビゲーション部分をスキップし本文へ移動します。 サイトマップ 文字サイズ・配色の変更 Foreign Language English portugues 한국어 中文（简化字"
"刈谷市","strong","87","施設案内 障害者支援センター","https://www.city.kariya.lg.jp/shisetsu/fukushikenko/1005436.html","障害者支援センター","施設案内 障害者支援センター｜刈谷市ホームページ 当ホームページではjavascriptを使用しています。 javascriptの使用を有効にしなければ、一部の機能が正確に動作しない恐れがあります。お手数ですがjavascriptの使用を有効にしてください。 エンターキーを押すと、ナビゲーション部分をスキップし本文へ移動します。 サイトマップ 文字サイズ・配色の変更 Foreign Language English portugues "
"刈谷市","strong","87","MR（麻しん風しん）1期・2期予防接種","https://www.city.kariya.lg.jp/kurashi/kenkoiryo/yobosessyu/1015035.html","MR（麻しん風しん）1期・2期予防接種","MR（麻しん風しん）1期・2期予防接種｜刈谷市ホームページ 当ホームページではjavascriptを使用しています。 javascriptの使用を有効にしなければ、一部の機能が正確に動作しない恐れがあります。お手数ですがjavascriptの使用を有効にしてください。 エンターキーを押すと、ナビゲーション部分をスキップし本文へ移動します。 サイトマップ 文字サイズ・配色の変更 Foreign Language English portu"
"刈谷市","strong","87","風しん第5期予防接種【昭和37年4月2日～昭和54年4月1日生まれの男性】","https://www.city.kariya.lg.jp/kurashi/kenkoiryo/yobosessyu/1003397.html","風しん第5期予防接種【昭和37年4月2日～昭和54年4月1日生まれの男性】","風しん第5期予防接種【昭和37年4月2日～昭和54年4月1日生まれの男性】｜刈谷市ホームページ 当ホームページではjavascriptを使用しています。 javascriptの使用を有効にしなければ、一部の機能が正確に動作しない恐れがあります。お手数ですがjavascriptの使用を有効にしてください。 エンターキーを押すと、ナビゲーション部分をスキップし本文へ移動します。 サイトマップ 文字サイズ・配色の変更 Foreign Lang"
"刈谷市","strong","87","高齢者福祉ガイドブック","https://www.city.kariya.lg.jp/kurashi/fukushikaigo/koureishafukushi/1010737.html","高齢者福祉ガイドブック","高齢者福祉ガイドブック｜刈谷市ホームページ 当ホームページではjavascriptを使用しています。 javascriptの使用を有効にしなければ、一部の機能が正確に動作しない恐れがあります。お手数ですがjavascriptの使用を有効にしてください。 エンターキーを押すと、ナビゲーション部分をスキップし本文へ移動します。 サイトマップ 文字サイズ・配色の変更 Foreign Language English portugues 한국어"
"豊田市","strong","87","報道発表資料 スポーツ競技用補装具等の購入費補助金交付制度を創設 申請受付を開始します","https://www.city.toyota.aichi.jp/pressrelease/1076558/1076632.html","報道発表資料 スポーツ競技用補装具等の購入費補助金交付制度を創設 申請受付を開始します","報道発表資料 スポーツ競技用補装具等の購入費補助金交付制度を創設 申請受付を開始します｜豊田市 当ホームページではjavascriptを使用しています。 javascriptの使用を有効にしなければ、一部の機能が正確に動作しない恐れがあります。お手数ですがjavascriptの使用を有効にしてください。 エンターキーを押すと、ナビゲーション部分をスキップし本文へ移動します。 豊田市 TOYOTA CITY サイト メニュー 庁舎案内 S"
"豊田市","strong","87","ひとり親家庭の福祉ガイド","https://www.city.toyota.aichi.jp/kosodategakko/kosodate/1027167/1073648/1038989.html","ひとり親家庭の福祉ガイド","ひとり親家庭の福祉ガイド｜豊田市 当ホームページではjavascriptを使用しています。 javascriptの使用を有効にしなければ、一部の機能が正確に動作しない恐れがあります。お手数ですがjavascriptの使用を有効にしてください。 エンターキーを押すと、ナビゲーション部分をスキップし本文へ移動します。 豊田市 TOYOTA CITY サイト メニュー 庁舎案内 Select Language Afrikaans Albani"
"刈谷市","strong","86","刈谷市内の高齢者向け施設一覧","https://www.city.kariya.lg.jp/kurashi/fukushikaigo/koureishafukushi/1003456/1003436.html","刈谷市内の高齢者向け施設一覧","刈谷市内の高齢者向け施設一覧｜刈谷市ホームページ 当ホームページではjavascriptを使用しています。 javascriptの使用を有効にしなければ、一部の機能が正確に動作しない恐れがあります。お手数ですがjavascriptの使用を有効にしてください。 エンターキーを押すと、ナビゲーション部分をスキップし本文へ移動します。 サイトマップ 文字サイズ・配色の変更 Foreign Language English portugues "
"豊田市","strong","86","特定不妊治療費（先進医療）補助金","https://www.city.toyota.aichi.jp/kenkoiryo/iryo/1073262/1003116/1060269/index.html","特定不妊治療費（先進医療）補助金","特定不妊治療費（先進医療）補助金｜豊田市 当ホームページではjavascriptを使用しています。 javascriptの使用を有効にしなければ、一部の機能が正確に動作しない恐れがあります。お手数ですがjavascriptの使用を有効にしてください。 エンターキーを押すと、ナビゲーション部分をスキップし本文へ移動します。 豊田市 TOYOTA CITY サイト メニュー 庁舎案内 Select Language Afrikaans Al"
"豊田市","strong","86","難病等医療助成","https://www.city.toyota.aichi.jp/kenkoiryo/shogai/1073266/1073727/index.html","難病等医療助成","難病等医療助成｜豊田市 当ホームページではjavascriptを使用しています。 javascriptの使用を有効にしなければ、一部の機能が正確に動作しない恐れがあります。お手数ですがjavascriptの使用を有効にしてください。 エンターキーを押すと、ナビゲーション部分をスキップし本文へ移動します。 豊田市 TOYOTA CITY サイト メニュー 庁舎案内 Select Language Afrikaans Albanian Am"
"安城市","strong","86","安城市","https://www.city.anjo.aichi.jp/eco/co2/dautansokeieisien.html","省エネルギー・地球温暖化対策に関する支援制度（事業者向け）","安城市／省エネルギー・地球温暖化対策に関する補助金・支援制度（事業者向け） このサイトではJavaScriptを使用したコンテンツ・機能を提供しています。JavaScriptを有効にするとご利用いただけます。 本文へスキップします。 安城市 受け継ぐ想いを 未来へ届ける 望遠郷 サイト内検索 ページID検索 設定 文字サイズ・色合い変更 Language メニュー 閉じる 緊急 情報 緊急情報 閉じる ホーム 生活・サービス 教育・学習"
"蒲郡市","strong","86","子ども医療費助成制度 - 愛知県蒲郡市公式ホームページ","https://www.city.gamagori.lg.jp/unit/nenkin/kodomo24.html","子ども医療費助成制度","子ども医療費助成制度 - 愛知県蒲郡市公式ホームページ ページの先頭です。 メニューを飛ばして本文へ メニュー 検索 JavaScriptが無効のため、文字の大きさ・背景色を変更する機能を使用できません。 本文へ Foreign language 音声読み上げ ふりがな 閲覧補助 文字サイズ 拡大 標準 背景色 白 黒 青 閉じる 休日・救急医療 安心・ひろめーる AED設置場所 緊急・防災情報 くらし・手続 防災・安全安心 マイナンバ"
"蒲郡市","strong","86","住宅 - 愛知県蒲郡市公式ホームページ","https://www.city.gamagori.lg.jp/life/sub/4/37/26/","補助金・手当・助成の一覧","住宅 - 愛知県蒲郡市公式ホームページ ページの先頭です。 メニューを飛ばして本文へ メニュー 検索 JavaScriptが無効のため、文字の大きさ・背景色を変更する機能を使用できません。 本文へ Foreign language 音声読み上げ ふりがな 閲覧補助 文字サイズ 拡大 標準 背景色 白 黒 青 閉じる 休日・救急医療 安心・ひろめーる AED設置場所 緊急・防災情報 くらし・手続 防災・安全安心 マイナンバーカード・電子証"
"蒲郡市","strong","86","土地 - 愛知県蒲郡市公式ホームページ","https://www.city.gamagori.lg.jp/life/1/37/27/","土地","土地 - 愛知県蒲郡市公式ホームページ ページの先頭です。 メニューを飛ばして本文へ メニュー 検索 JavaScriptが無効のため、文字の大きさ・背景色を変更する機能を使用できません。 本文へ Foreign language 音声読み上げ ふりがな 閲覧補助 文字サイズ 拡大 標準 背景色 白 黒 青 閉じる 休日・救急医療 安心・ひろめーる AED設置場所 緊急・防災情報 くらし・手続 防災・安全安心 マイナンバーカード・電子証"
"刈谷市","strong","85","住宅改修費の支給","https://www.city.kariya.lg.jp/mokuteki/riyou/1007198/1018315.html","住宅改修費の支給","住宅改修費の支給｜刈谷市ホームページ 当ホームページではjavascriptを使用しています。 javascriptの使用を有効にしなければ、一部の機能が正確に動作しない恐れがあります。お手数ですがjavascriptの使用を有効にしてください。 エンターキーを押すと、ナビゲーション部分をスキップし本文へ移動します。 サイトマップ 文字サイズ・配色の変更 Foreign Language English portugues 한국어 中文"
"刈谷市","strong","85","令和8年4月使用分から令和8年9月使用分まで水道料金の基本料金の上昇分を減免します。","https://www.city.kariya.lg.jp/kurashi/suido/1021957.html","令和8年4月使用分から令和8年9月使用分まで水道料金の基本料金の上昇分を減免します。","令和8年4月使用分から令和8年9月使用分まで水道料金の基本料金の上昇分を減免します。｜刈谷市ホームページ 当ホームページではjavascriptを使用しています。 javascriptの使用を有効にしなければ、一部の機能が正確に動作しない恐れがあります。お手数ですがjavascriptの使用を有効にしてください。 エンターキーを押すと、ナビゲーション部分をスキップし本文へ移動します。 サイトマップ 文字サイズ・配色の変更 Foreign"
"刈谷市","strong","85","刈谷市水道指定給水装置工事事業者名簿","https://www.city.kariya.lg.jp/kurashi/suido/1004317.html","刈谷市水道指定給水装置工事事業者名簿","刈谷市水道指定給水装置工事事業者名簿｜刈谷市ホームページ 当ホームページではjavascriptを使用しています。 javascriptの使用を有効にしなければ、一部の機能が正確に動作しない恐れがあります。お手数ですがjavascriptの使用を有効にしてください。 エンターキーを押すと、ナビゲーション部分をスキップし本文へ移動します。 サイトマップ 文字サイズ・配色の変更 Foreign Language English portug"
"刈谷市","strong","85","高齢者生活支援ギフトカードを配付します","https://www.city.kariya.lg.jp/kurashi/fukushikaigo/koureishafukushi/1009113/1022010.html","高齢者生活支援ギフトカードを配付します","高齢者生活支援ギフトカードを配付します｜刈谷市ホームページ 当ホームページではjavascriptを使用しています。 javascriptの使用を有効にしなければ、一部の機能が正確に動作しない恐れがあります。お手数ですがjavascriptの使用を有効にしてください。 エンターキーを押すと、ナビゲーション部分をスキップし本文へ移動します。 サイトマップ 文字サイズ・配色の変更 Foreign Language English portu"
"西尾市","strong","85","不妊・不育に関する専門相談","https://www.city.nishio.aichi.jp/kosodate/teate/1005129/1007250/1007252.html","不妊・不育に関する専門相談","不妊・不育に関する専門相談｜西尾市公式ウェブサイト 当ホームページではjavascriptを使用しています。 javascriptの使用を有効にしなければ、一部の機能が正確に動作しない恐れがあります。お手数ですがjavascriptの使用を有効にしてください。 エンターキーを押すと、ナビゲーション部分をスキップし本文へ移動します。 サイトマップ Select Language English 中文（简体字） 中文（繁體字） 한국어 Po"
"西尾市","strong","85","養育医療給付を申請される方へ","https://www.city.nishio.aichi.jp/kenkofukushi/iryo/1005114/1002486.html","養育医療給付を申請される方へ","養育医療給付を申請される方へ｜西尾市公式ウェブサイト 当ホームページではjavascriptを使用しています。 javascriptの使用を有効にしなければ、一部の機能が正確に動作しない恐れがあります。お手数ですがjavascriptの使用を有効にしてください。 エンターキーを押すと、ナビゲーション部分をスキップし本文へ移動します。 サイトマップ Select Language English 中文（简体字） 中文（繁體字） 한국어 P"
"豊田市","strong","84","税金・保険・年金","https://www.city.toyota.aichi.jp/zeihoken/index.html","税金・保険・年金","税金・保険・年金｜豊田市 当ホームページではjavascriptを使用しています。 javascriptの使用を有効にしなければ、一部の機能が正確に動作しない恐れがあります。お手数ですがjavascriptの使用を有効にしてください。 エンターキーを押すと、ナビゲーション部分をスキップし本文へ移動します。 豊田市 TOYOTA CITY サイト メニュー 庁舎案内 Select Language Afrikaans Albanian A"
"安城市","strong","84","安城市","https://www.city.anjo.aichi.jp/kurasu/kosodate/index.html","子ども・子育て","安城市／子ども・子育て このサイトではJavaScriptを使用したコンテンツ・機能を提供しています。JavaScriptを有効にするとご利用いただけます。 本文へスキップします。 安城市 受け継ぐ想いを 未来へ届ける 望遠郷 サイト内検索 ページID検索 設定 文字サイズ・色合い変更 Language メニュー 閉じる 緊急 情報 緊急情報 閉じる ホーム 生活・サービス 教育・学習 観光・文化・スポーツ 産業・入札 市政情報 ホーム"
"安城市","strong","84","安城市","https://www.city.anjo.aichi.jp/kurasu/fukushikaigo/iryo/seisinsiniryoseisyo.html","精神障害者医療に関する申請書","安城市／精神障害者医療に関する申請書 このサイトではJavaScriptを使用したコンテンツ・機能を提供しています。JavaScriptを有効にするとご利用いただけます。 本文へスキップします。 安城市 受け継ぐ想いを 未来へ届ける 望遠郷 サイト内検索 ページID検索 設定 文字サイズ・色合い変更 Language メニュー 閉じる 緊急 情報 緊急情報 閉じる ホーム 生活・サービス 教育・学習 観光・文化・スポーツ 産業・入札 市"
"蒲郡市","strong","84","妊娠出産・子育て - 愛知県蒲郡市公式ホームページ","https://www.city.gamagori.lg.jp/life/12/43/","妊娠出産・子育て","妊娠出産・子育て - 愛知県蒲郡市公式ホームページ ページの先頭です。 メニューを飛ばして本文へ メニュー 検索 JavaScriptが無効のため、文字の大きさ・背景色を変更する機能を使用できません。 本文へ Foreign language 音声読み上げ ふりがな 閲覧補助 文字サイズ 拡大 標準 背景色 白 黒 青 閉じる 休日・救急医療 安心・ひろめーる AED設置場所 緊急・防災情報 くらし・手続 防災・安全安心 マイナンバーカ"
"蒲郡市","strong","84","福祉部 - 愛知県蒲郡市公式ホームページ","https://www.city.gamagori.lg.jp/unit/26.html","福祉部","福祉部 - 愛知県蒲郡市公式ホームページ ページの先頭です。 メニューを飛ばして本文へ メニュー 検索 JavaScriptが無効のため、文字の大きさ・背景色を変更する機能を使用できません。 本文へ Foreign language 音声読み上げ ふりがな 閲覧補助 文字サイズ 拡大 標準 背景色 白 黒 青 閉じる 休日・救急医療 安心・ひろめーる AED設置場所 緊急・防災情報 くらし・手続 防災・安全安心 マイナンバーカード・電子"
"刈谷市","strong","83","防犯用具購入費等補助制度","https://www.city.kariya.lg.jp/kurashi/kotsu/bouhan/1012655.html","防犯用具購入費等補助制度","防犯用具購入費等補助制度｜刈谷市ホームページ 当ホームページではjavascriptを使用しています。 javascriptの使用を有効にしなければ、一部の機能が正確に動作しない恐れがあります。お手数ですがjavascriptの使用を有効にしてください。 エンターキーを押すと、ナビゲーション部分をスキップし本文へ移動します。 サイトマップ 文字サイズ・配色の変更 Foreign Language English portugues 한국"
"刈谷市","strong","83","高齢者バリアフリー化工事費補助","https://www.city.kariya.lg.jp/mokuteki/riyou/1007198/1018036.html","高齢者バリアフリー化工事費補助","高齢者バリアフリー化工事費補助｜刈谷市ホームページ 当ホームページではjavascriptを使用しています。 javascriptの使用を有効にしなければ、一部の機能が正確に動作しない恐れがあります。お手数ですがjavascriptの使用を有効にしてください。 エンターキーを押すと、ナビゲーション部分をスキップし本文へ移動します。 サイトマップ 文字サイズ・配色の変更 Foreign Language English portugues"
"刈谷市","strong","83","受益者負担金の猶予と減免","https://www.city.kariya.lg.jp/kurashi/gesuido/futankin/1004340.html","受益者負担金の猶予と減免","受益者負担金の猶予と減免｜刈谷市ホームページ 当ホームページではjavascriptを使用しています。 javascriptの使用を有効にしなければ、一部の機能が正確に動作しない恐れがあります。お手数ですがjavascriptの使用を有効にしてください。 エンターキーを押すと、ナビゲーション部分をスキップし本文へ移動します。 サイトマップ 文字サイズ・配色の変更 Foreign Language English portugues 한국"
"刈谷市","strong","83","スポーツ振興くじ助成金で施設を整備しました！","https://www.city.kariya.lg.jp/kankobunka/sports/1020248.html","スポーツ振興くじ助成金で施設を整備しました！","スポーツ振興くじ助成金で施設を整備しました！｜刈谷市ホームページ 当ホームページではjavascriptを使用しています。 javascriptの使用を有効にしなければ、一部の機能が正確に動作しない恐れがあります。お手数ですがjavascriptの使用を有効にしてください。 エンターキーを押すと、ナビゲーション部分をスキップし本文へ移動します。 サイトマップ 文字サイズ・配色の変更 Foreign Language English po"
"刈谷市","strong","83","事業者の脱炭素経営支援","https://www.city.kariya.lg.jp/sangyo/sangyoshinko/1019893.html","事業者の脱炭素経営支援","事業者の脱炭素経営支援｜刈谷市ホームページ 当ホームページではjavascriptを使用しています。 javascriptの使用を有効にしなければ、一部の機能が正確に動作しない恐れがあります。お手数ですがjavascriptの使用を有効にしてください。 エンターキーを押すと、ナビゲーション部分をスキップし本文へ移動します。 サイトマップ 文字サイズ・配色の変更 Foreign Language English portugues 한국어"
"刈谷市","strong","83","地震対策【補助制度】","https://www.city.kariya.lg.jp/kurashi/sumai/jyosei/1003815.html","地震対策【補助制度】","地震対策【補助制度】｜刈谷市ホームページ 当ホームページではjavascriptを使用しています。 javascriptの使用を有効にしなければ、一部の機能が正確に動作しない恐れがあります。お手数ですがjavascriptの使用を有効にしてください。 エンターキーを押すと、ナビゲーション部分をスキップし本文へ移動します。 サイトマップ 文字サイズ・配色の変更 Foreign Language English portugues 한국어 "
"刈谷市","strong","83","合併処理浄化槽設置整備事業補助制度","https://www.city.kariya.lg.jp/kurashi/pet/1003920/1003934.html","合併処理浄化槽設置整備事業補助制度","合併処理浄化槽設置整備事業補助制度｜刈谷市ホームページ 当ホームページではjavascriptを使用しています。 javascriptの使用を有効にしなければ、一部の機能が正確に動作しない恐れがあります。お手数ですがjavascriptの使用を有効にしてください。 エンターキーを押すと、ナビゲーション部分をスキップし本文へ移動します。 サイトマップ 文字サイズ・配色の変更 Foreign Language English portugu"
"西尾市","strong","83","妊婦のための支援給付","https://www.city.nishio.aichi.jp/kosodate/teate/1005129/1010531.html","妊婦のための支援給付","妊婦のための支援給付｜西尾市公式ウェブサイト 当ホームページではjavascriptを使用しています。 javascriptの使用を有効にしなければ、一部の機能が正確に動作しない恐れがあります。お手数ですがjavascriptの使用を有効にしてください。 エンターキーを押すと、ナビゲーション部分をスキップし本文へ移動します。 サイトマップ Select Language English 中文（简体字） 中文（繁體字） 한국어 Portu"
"西尾市","strong","83","西尾市外の医療機関で定期の予防接種を希望される方へ","https://www.city.nishio.aichi.jp/kenkofukushi/kenshin/1004765/1010083.html","西尾市外の医療機関で定期の予防接種を希望される方へ","西尾市外の医療機関で定期の予防接種を希望される方へ｜西尾市公式ウェブサイト 当ホームページではjavascriptを使用しています。 javascriptの使用を有効にしなければ、一部の機能が正確に動作しない恐れがあります。お手数ですがjavascriptの使用を有効にしてください。 エンターキーを押すと、ナビゲーション部分をスキップし本文へ移動します。 サイトマップ Select Language English 中文（简体字） 中文"
"刈谷市","strong","82","新型コロナウイルス感染症予防接種について","https://www.city.kariya.lg.jp/kurashi/kenkoiryo/yobosessyu/1017614/index.html","新型コロナウイルス感染症予防接種について","新型コロナウイルス感染症予防接種について｜刈谷市ホームページ 当ホームページではjavascriptを使用しています。 javascriptの使用を有効にしなければ、一部の機能が正確に動作しない恐れがあります。お手数ですがjavascriptの使用を有効にしてください。 エンターキーを押すと、ナビゲーション部分をスキップし本文へ移動します。 サイトマップ 文字サイズ・配色の変更 Foreign Language English port"
"安城市","strong","82","安城市","https://www.city.anjo.aichi.jp/kurasu/kekkonshien/kekkonshinseikatsushien.html","結婚新生活支援補助金","安城市／安城市結婚新生活支援補助金 このサイトではJavaScriptを使用したコンテンツ・機能を提供しています。JavaScriptを有効にするとご利用いただけます。 本文へスキップします。 安城市 受け継ぐ想いを 未来へ届ける 望遠郷 サイト内検索 ページID検索 設定 文字サイズ・色合い変更 Language メニュー 閉じる 緊急 情報 緊急情報 閉じる ホーム 生活・サービス 教育・学習 観光・文化・スポーツ 産業・入札 市政"
"蒲郡市","strong","82","環境関連の補助制度 - 愛知県蒲郡市公式ホームページ","https://www.city.gamagori.lg.jp/life/1/36/227/","環境関連の補助制度","環境関連の補助制度 - 愛知県蒲郡市公式ホームページ ページの先頭です。 メニューを飛ばして本文へ メニュー 検索 JavaScriptが無効のため、文字の大きさ・背景色を変更する機能を使用できません。 本文へ Foreign language 音声読み上げ ふりがな 閲覧補助 文字サイズ 拡大 標準 背景色 白 黒 青 閉じる 休日・救急医療 安心・ひろめーる AED設置場所 緊急・防災情報 くらし・手続 防災・安全安心 マイナンバー"
"蒲郡市","strong","82","補助金 - - 愛知県蒲郡市公式ホームページ","https://www.city.gamagori.lg.jp/site/shinseisyo/business-hojokin.html","補助金","補助金 - - 愛知県蒲郡市公式ホームページ ページの先頭です。 メニューを飛ばして本文へ メニュー 検索 JavaScriptが無効のため、文字の大きさ・背景色を変更する機能を使用できません。 本文へ Foreign language 音声読み上げ ふりがな 閲覧補助 文字サイズ 拡大 標準 背景色 白 黒 青 閉じる 休日・救急医療 安心・ひろめーる AED設置場所 緊急・防災情報 くらし・手続 防災・安全安心 マイナンバーカード・"
"蒲郡市","strong","82","ごみの減量・リサイクル - 愛知県蒲郡市公式ホームページ","https://www.city.gamagori.lg.jp/life/1/35/223/","ごみの減量・リサイクル","ごみの減量・リサイクル - 愛知県蒲郡市公式ホームページ ページの先頭です。 メニューを飛ばして本文へ メニュー 検索 JavaScriptが無効のため、文字の大きさ・背景色を変更する機能を使用できません。 本文へ Foreign language 音声読み上げ ふりがな 閲覧補助 文字サイズ 拡大 標準 背景色 白 黒 青 閉じる 休日・救急医療 安心・ひろめーる AED設置場所 緊急・防災情報 くらし・手続 防災・安全安心 マイナン"
"蒲郡市","strong","82","協働・ボランティア - 愛知県蒲郡市公式ホームページ","https://www.city.gamagori.lg.jp/life/1/46/70/","協働・ボランティア","協働・ボランティア - 愛知県蒲郡市公式ホームページ ページの先頭です。 メニューを飛ばして本文へ メニュー 検索 JavaScriptが無効のため、文字の大きさ・背景色を変更する機能を使用できません。 本文へ Foreign language 音声読み上げ ふりがな 閲覧補助 文字サイズ 拡大 標準 背景色 白 黒 青 閉じる 休日・救急医療 安心・ひろめーる AED設置場所 緊急・防災情報 くらし・手続 防災・安全安心 マイナンバー"
"蒲郡市","strong","82","協働・ボランティア - 愛知県蒲郡市公式ホームページ","https://www.city.gamagori.lg.jp/life/sub/4/46/70/","補助金・手当・助成の一覧","協働・ボランティア - 愛知県蒲郡市公式ホームページ ページの先頭です。 メニューを飛ばして本文へ メニュー 検索 JavaScriptが無効のため、文字の大きさ・背景色を変更する機能を使用できません。 本文へ Foreign language 音声読み上げ ふりがな 閲覧補助 文字サイズ 拡大 標準 背景色 白 黒 青 閉じる 休日・救急医療 安心・ひろめーる AED設置場所 緊急・防災情報 くらし・手続 防災・安全安心 マイナンバー"
"蒲郡市","strong","82","防災・安全安心 - 愛知県蒲郡市公式ホームページ","https://www.city.gamagori.lg.jp/life/1/3/index-2.html","防災・安全安心","防災・安全安心 - 愛知県蒲郡市公式ホームページ ページの先頭です。 メニューを飛ばして本文へ メニュー 検索 JavaScriptが無効のため、文字の大きさ・背景色を変更する機能を使用できません。 本文へ Foreign language 音声読み上げ ふりがな 閲覧補助 文字サイズ 拡大 標準 背景色 白 黒 青 閉じる 休日・救急医療 安心・ひろめーる AED設置場所 緊急・防災情報 くらし・手続 防災・安全安心 マイナンバーカー"
"刈谷市","strong","81","申請書ダウンロード検索","https://www.city.kariya.lg.jp/cgi-list/download.cgi","申請書ダウンロード検索","申請書ダウンロード検索 当ホームページではjavascriptを使用しています。 javascriptの使用を有効にしなければ、一部の機能が正確に動作しない恐れがあります。お手数ですがjavascriptの使用を有効にしてください。 エンターキーを押すと、ナビゲーション部分をスキップし本文へ移動します。 サイトマップ 文字サイズ・配色の変更 Foreign Language English portugues 한국어 中文（简化字） 中"
"刈谷市","strong","81","バリアフリー改修工事費補助制度（事業所向け）","https://www.city.kariya.lg.jp/kurashi/sumai/jyosei/1003824.html","バリアフリー改修工事費補助制度（事業所向け）","バリアフリー改修工事費補助制度（事業所向け）｜刈谷市ホームページ 当ホームページではjavascriptを使用しています。 javascriptの使用を有効にしなければ、一部の機能が正確に動作しない恐れがあります。お手数ですがjavascriptの使用を有効にしてください。 エンターキーを押すと、ナビゲーション部分をスキップし本文へ移動します。 サイトマップ 文字サイズ・配色の変更 Foreign Language English po"
"豊田市","strong","81","豊田市結婚新生活支援補助金","https://www.city.toyota.aichi.jp/sumaikankyo/sumaitochi/teiju/1073800/1059627.html","豊田市結婚新生活支援補助金","豊田市結婚新生活支援補助金｜豊田市 当ホームページではjavascriptを使用しています。 javascriptの使用を有効にしなければ、一部の機能が正確に動作しない恐れがあります。お手数ですがjavascriptの使用を有効にしてください。 エンターキーを押すと、ナビゲーション部分をスキップし本文へ移動します。 豊田市 TOYOTA CITY サイト メニュー 庁舎案内 Select Language Afrikaans Alban"
"西尾市","strong","81","西尾市奨学金制度","https://www.city.nishio.aichi.jp/kosodate/ikusei/1005126/1002418.html","西尾市奨学金制度","西尾市奨学金制度｜西尾市公式ウェブサイト 当ホームページではjavascriptを使用しています。 javascriptの使用を有効にしなければ、一部の機能が正確に動作しない恐れがあります。お手数ですがjavascriptの使用を有効にしてください。 エンターキーを押すと、ナビゲーション部分をスキップし本文へ移動します。 サイトマップ Select Language English 中文（简体字） 中文（繁體字） 한국어 Portugu"
"西尾市","strong","81","児童扶養手当","https://www.city.nishio.aichi.jp/kosodate/teate/1005128/1002350.html","児童扶養手当","児童扶養手当｜西尾市公式ウェブサイト 当ホームページではjavascriptを使用しています。 javascriptの使用を有効にしなければ、一部の機能が正確に動作しない恐れがあります。お手数ですがjavascriptの使用を有効にしてください。 エンターキーを押すと、ナビゲーション部分をスキップし本文へ移動します。 サイトマップ Select Language English 中文（简体字） 中文（繁體字） 한국어 Português"
"西尾市","strong","81","交通遺児就学援助","https://www.city.nishio.aichi.jp/kosodate/teate/1005128/1002349.html","交通遺児就学援助","交通遺児就学援助｜西尾市公式ウェブサイト 当ホームページではjavascriptを使用しています。 javascriptの使用を有効にしなければ、一部の機能が正確に動作しない恐れがあります。お手数ですがjavascriptの使用を有効にしてください。 エンターキーを押すと、ナビゲーション部分をスキップし本文へ移動します。 サイトマップ Select Language English 中文（简体字） 中文（繁體字） 한국어 Portugu"
"西尾市","strong","81","国民年金 届出が必要なとき","https://www.city.nishio.aichi.jp/kurashi/hoken/1001424/1002190.html","国民年金 届出が必要なとき","国民年金 届出が必要なとき｜西尾市公式ウェブサイト 当ホームページではjavascriptを使用しています。 javascriptの使用を有効にしなければ、一部の機能が正確に動作しない恐れがあります。お手数ですがjavascriptの使用を有効にしてください。 エンターキーを押すと、ナビゲーション部分をスキップし本文へ移動します。 サイトマップ Select Language English 中文（简体字） 中文（繁體字） 한국어 Po"
"西尾市","strong","81","国民年金の給付","https://www.city.nishio.aichi.jp/kurashi/hoken/1001424/1008934.html","国民年金の給付","国民年金の給付｜西尾市公式ウェブサイト 当ホームページではjavascriptを使用しています。 javascriptの使用を有効にしなければ、一部の機能が正確に動作しない恐れがあります。お手数ですがjavascriptの使用を有効にしてください。 エンターキーを押すと、ナビゲーション部分をスキップし本文へ移動します。 サイトマップ Select Language English 中文（简体字） 中文（繁體字） 한국어 Portuguê"
"西尾市","strong","81","国民年金保険料の免除・猶予制度","https://www.city.nishio.aichi.jp/kurashi/hoken/1001424/1002182.html","国民年金保険料の免除・猶予制度","国民年金保険料の免除・猶予制度｜西尾市公式ウェブサイト 当ホームページではjavascriptを使用しています。 javascriptの使用を有効にしなければ、一部の機能が正確に動作しない恐れがあります。お手数ですがjavascriptの使用を有効にしてください。 エンターキーを押すと、ナビゲーション部分をスキップし本文へ移動します。 サイトマップ Select Language English 中文（简体字） 中文（繁體字） 한국어 "
"西尾市","strong","81","産前産後期間の国民年金保険料免除制度","https://www.city.nishio.aichi.jp/kurashi/hoken/1001424/1008937.html","産前産後期間の国民年金保険料免除制度","産前産後期間の国民年金保険料免除制度｜西尾市公式ウェブサイト 当ホームページではjavascriptを使用しています。 javascriptの使用を有効にしなければ、一部の機能が正確に動作しない恐れがあります。お手数ですがjavascriptの使用を有効にしてください。 エンターキーを押すと、ナビゲーション部分をスキップし本文へ移動します。 サイトマップ Select Language English 中文（简体字） 中文（繁體字） 한"
"西尾市","strong","81","年金生活者支援給付金制度","https://www.city.nishio.aichi.jp/kurashi/hoken/1001424/1008936.html","年金生活者支援給付金制度","年金生活者支援給付金制度｜西尾市公式ウェブサイト 当ホームページではjavascriptを使用しています。 javascriptの使用を有効にしなければ、一部の機能が正確に動作しない恐れがあります。お手数ですがjavascriptの使用を有効にしてください。 エンターキーを押すと、ナビゲーション部分をスキップし本文へ移動します。 サイトマップ Select Language English 中文（简体字） 中文（繁體字） 한국어 Por"
"西尾市","strong","81","外国人のための脱退一時金","https://www.city.nishio.aichi.jp/kurashi/hoken/1001424/1008938.html","外国人のための脱退一時金","外国人のための脱退一時金｜西尾市公式ウェブサイト 当ホームページではjavascriptを使用しています。 javascriptの使用を有効にしなければ、一部の機能が正確に動作しない恐れがあります。お手数ですがjavascriptの使用を有効にしてください。 エンターキーを押すと、ナビゲーション部分をスキップし本文へ移動します。 サイトマップ Select Language English 中文（简体字） 中文（繁體字） 한국어 Por"
"西尾市","strong","81","国民年金に加入する方","https://www.city.nishio.aichi.jp/kurashi/hoken/1001424/1002181.html","国民年金に加入する方","国民年金に加入する方｜西尾市公式ウェブサイト 当ホームページではjavascriptを使用しています。 javascriptの使用を有効にしなければ、一部の機能が正確に動作しない恐れがあります。お手数ですがjavascriptの使用を有効にしてください。 エンターキーを押すと、ナビゲーション部分をスキップし本文へ移動します。 サイトマップ Select Language English 中文（简体字） 中文（繁體字） 한국어 Portu"
"西尾市","strong","81","年金お問い合わせ・ご相談","https://www.city.nishio.aichi.jp/kurashi/hoken/1001424/1002188.html","年金お問い合わせ・ご相談","年金お問い合わせ・ご相談｜西尾市公式ウェブサイト 当ホームページではjavascriptを使用しています。 javascriptの使用を有効にしなければ、一部の機能が正確に動作しない恐れがあります。お手数ですがjavascriptの使用を有効にしてください。 エンターキーを押すと、ナビゲーション部分をスキップし本文へ移動します。 サイトマップ Select Language English 中文（简体字） 中文（繁體字） 한국어 Por"
"刈谷市","strong","80","うけとる・利用する（補助金等）","https://www.city.kariya.lg.jp/mokuteki/riyou/index.html","うけとる・利用する（補助金等）","うけとる・利用する（補助金等）｜刈谷市ホームページ 当ホームページではjavascriptを使用しています。 javascriptの使用を有効にしなければ、一部の機能が正確に動作しない恐れがあります。お手数ですがjavascriptの使用を有効にしてください。 エンターキーを押すと、ナビゲーション部分をスキップし本文へ移動します。 サイトマップ 文字サイズ・配色の変更 Foreign Language English portugues"
"刈谷市","strong","80","障害福祉","https://www.city.kariya.lg.jp/kurashi/fukushikaigo/shogaifukushi/index.html","障害福祉","障害福祉｜刈谷市ホームページ 当ホームページではjavascriptを使用しています。 javascriptの使用を有効にしなければ、一部の機能が正確に動作しない恐れがあります。お手数ですがjavascriptの使用を有効にしてください。 エンターキーを押すと、ナビゲーション部分をスキップし本文へ移動します。 サイトマップ 文字サイズ・配色の変更 Foreign Language English portugues 한국어 中文（简化字"
"刈谷市","strong","80","介護保険","https://www.city.kariya.lg.jp/kurashi/fukushikaigo/koureishafukushi/1003456/index.html","介護保険","介護保険｜刈谷市ホームページ 当ホームページではjavascriptを使用しています。 javascriptの使用を有効にしなければ、一部の機能が正確に動作しない恐れがあります。お手数ですがjavascriptの使用を有効にしてください。 エンターキーを押すと、ナビゲーション部分をスキップし本文へ移動します。 サイトマップ 文字サイズ・配色の変更 Foreign Language English portugues 한국어 中文（简化字"
"豊田市","strong","80","健康・医療・福祉","https://www.city.toyota.aichi.jp/kenkoiryo/index.html","健康・医療・福祉","健康・医療・福祉｜豊田市 当ホームページではjavascriptを使用しています。 javascriptの使用を有効にしなければ、一部の機能が正確に動作しない恐れがあります。お手数ですがjavascriptの使用を有効にしてください。 エンターキーを押すと、ナビゲーション部分をスキップし本文へ移動します。 豊田市 TOYOTA CITY サイト メニュー 庁舎案内 Select Language Afrikaans Albanian A"
"豊田市","strong","80","医療費助成・介護保険・障がい福祉","https://www.city.toyota.aichi.jp/shisei/shinseisho/1035956/index.html","医療費助成・介護保険・障がい福祉","医療費助成・介護保険・障がい福祉｜豊田市 当ホームページではjavascriptを使用しています。 javascriptの使用を有効にしなければ、一部の機能が正確に動作しない恐れがあります。お手数ですがjavascriptの使用を有効にしてください。 エンターキーを押すと、ナビゲーション部分をスキップし本文へ移動します。 豊田市 TOYOTA CITY サイト メニュー 庁舎案内 Select Language Afrikaans Al"
"蒲郡市","strong","80","防災・安全安心 - 愛知県蒲郡市公式ホームページ","https://www.city.gamagori.lg.jp/life/1/3/","防災・安全安心","防災・安全安心 - 愛知県蒲郡市公式ホームページ ページの先頭です。 メニューを飛ばして本文へ メニュー 検索 JavaScriptが無効のため、文字の大きさ・背景色を変更する機能を使用できません。 本文へ Foreign language 音声読み上げ ふりがな 閲覧補助 文字サイズ 拡大 標準 背景色 白 黒 青 閉じる 休日・救急医療 安心・ひろめーる AED設置場所 緊急・防災情報 くらし・手続 防災・安全安心 マイナンバーカー"
"蒲郡市","strong","80","まちづくり事業助成金 - 愛知県蒲郡市公式ホームページ","https://www.city.gamagori.lg.jp/unit/kyodo/machizukuri.html","まちづくり事業助成金","まちづくり事業助成金 - 愛知県蒲郡市公式ホームページ ページの先頭です。 メニューを飛ばして本文へ メニュー 検索 JavaScriptが無効のため、文字の大きさ・背景色を変更する機能を使用できません。 本文へ Foreign language 音声読み上げ ふりがな 閲覧補助 文字サイズ 拡大 標準 背景色 白 黒 青 閉じる 休日・救急医療 安心・ひろめーる AED設置場所 緊急・防災情報 くらし・手続 防災・安全安心 マイナンバ"
"蒲郡市","strong","80","母子健康手帳（親子健康手帳）の交付と妊婦相談 - こども家庭センター - 愛知県蒲郡市公式ホームページ","https://www.city.gamagori.lg.jp/site/uminoko/oyakokenkoutetyou.html","母子健康手帳（親子健康手帳）の交付と妊婦相談","母子健康手帳（親子健康手帳）の交付と妊婦相談 - こども家庭センター - 愛知県蒲郡市公式ホームページ ページの先頭です。 メニューを飛ばして本文へ メニュー 検索 JavaScriptが無効のため、文字の大きさ・背景色を変更する機能を使用できません。 本文へ Foreign language 音声読み上げ ふりがな 閲覧補助 文字サイズ 拡大 標準 背景色 白 黒 青 閉じる 休日・救急医療 安心・ひろめーる AED設置場所 緊急・防"
"蒲郡市","strong","80","後期高齢者医療制度 - 愛知県蒲郡市公式ホームページ","https://www.city.gamagori.lg.jp/unit/nenkin/koukikourei006.html","後期高齢者医療制度","後期高齢者医療制度 - 愛知県蒲郡市公式ホームページ ページの先頭です。 メニューを飛ばして本文へ メニュー 検索 JavaScriptが無効のため、文字の大きさ・背景色を変更する機能を使用できません。 本文へ Foreign language 音声読み上げ ふりがな 閲覧補助 文字サイズ 拡大 標準 背景色 白 黒 青 閉じる 休日・救急医療 安心・ひろめーる AED設置場所 緊急・防災情報 くらし・手続 防災・安全安心 マイナンバー"
"蒲郡市","strong","80","保険料の減免制度について - 長寿課 - 愛知県蒲郡市公式ホームページ","https://www.city.gamagori.lg.jp/site/chojuka/hokenryou-genmen.html","保険料の減免制度について","保険料の減免制度について - 長寿課 - 愛知県蒲郡市公式ホームページ ページの先頭です。 メニューを飛ばして本文へ メニュー 検索 JavaScriptが無効のため、文字の大きさ・背景色を変更する機能を使用できません。 本文へ Foreign language 音声読み上げ ふりがな 閲覧補助 文字サイズ 拡大 標準 背景色 白 黒 青 閉じる 休日・救急医療 安心・ひろめーる AED設置場所 緊急・防災情報 くらし・手続 防災・安全"
"蒲郡市","strong","80","妊産婦等タクシー利用助成事業 - こども家庭センター - 愛知県蒲郡市公式ホームページ","https://www.city.gamagori.lg.jp/site/uminoko/ninnsannputakusi-.html","蒲郡市妊産婦等タクシー利用助成金","妊産婦等タクシー利用助成事業 - こども家庭センター - 愛知県蒲郡市公式ホームページ ページの先頭です。 メニューを飛ばして本文へ メニュー 検索 JavaScriptが無効のため、文字の大きさ・背景色を変更する機能を使用できません。 本文へ Foreign language 音声読み上げ ふりがな 閲覧補助 文字サイズ 拡大 標準 背景色 白 黒 青 閉じる 休日・救急医療 安心・ひろめーる AED設置場所 緊急・防災情報 くらし・"
"蒲郡市","strong","80","妊婦に対する初回産科受診料支援事業 - こども家庭センター - 愛知県蒲郡市公式ホームページ","https://www.city.gamagori.lg.jp/site/uminoko/syokaisankazyusinryo.html","妊婦に対する初回産科受診料支援事業助成金","妊婦に対する初回産科受診料支援事業 - こども家庭センター - 愛知県蒲郡市公式ホームページ ページの先頭です。 メニューを飛ばして本文へ メニュー 検索 JavaScriptが無効のため、文字の大きさ・背景色を変更する機能を使用できません。 本文へ Foreign language 音声読み上げ ふりがな 閲覧補助 文字サイズ 拡大 標準 背景色 白 黒 青 閉じる 休日・救急医療 安心・ひろめーる AED設置場所 緊急・防災情報 く"
"蒲郡市","strong","80","骨髄提供者等助成 - 蒲郡市保健医療センター - 愛知県蒲郡市公式ホームページ","https://www.city.gamagori.lg.jp/site/hokencenter/kotuzuiteikyousyatouzyosei.html","骨髄提供者助成金","骨髄提供者等助成 - 蒲郡市保健医療センター - 愛知県蒲郡市公式ホームページ ページの先頭です。 メニューを飛ばして本文へ メニュー 検索 JavaScriptが無効のため、文字の大きさ・背景色を変更する機能を使用できません。 本文へ Foreign language 音声読み上げ ふりがな 閲覧補助 文字サイズ 拡大 標準 背景色 白 黒 青 閉じる 休日・救急医療 安心・ひろめーる AED設置場所 緊急・防災情報 くらし・手続 防"
"蒲郡市","strong","80","若年がん患者在宅療養費の補助について - 蒲郡市保健医療センター - 愛知県蒲郡市公式ホームページ","https://www.city.gamagori.lg.jp/site/hokencenter/zyakunenngan.html","若年がん患者在宅療養支援事業費補助金","若年がん患者在宅療養費の補助について - 蒲郡市保健医療センター - 愛知県蒲郡市公式ホームページ ページの先頭です。 メニューを飛ばして本文へ メニュー 検索 JavaScriptが無効のため、文字の大きさ・背景色を変更する機能を使用できません。 本文へ Foreign language 音声読み上げ ふりがな 閲覧補助 文字サイズ 拡大 標準 背景色 白 黒 青 閉じる 休日・救急医療 安心・ひろめーる AED設置場所 緊急・防災情"
"蒲郡市","strong","80","「がまごおりし病院・診療所・歯科医院・薬局ガイド」及び「がまごおりし介護保険サービス事業所ガイド」 - 長寿課 - 愛知県蒲郡市公式ホームページ","https://www.city.gamagori.lg.jp/site/chojuka/iryoukaigogaido.html","市内の医療機関と介護保険サービス事業所の一覧","「がまごおりし病院・診療所・歯科医院・薬局ガイド」及び「がまごおりし介護保険サービス事業所ガイド」 - 長寿課 - 愛知県蒲郡市公式ホームページ ページの先頭です。 メニューを飛ばして本文へ メニュー 検索 JavaScriptが無効のため、文字の大きさ・背景色を変更する機能を使用できません。 本文へ Foreign language 音声読み上げ ふりがな 閲覧補助 文字サイズ 拡大 標準 背景色 白 黒 青 閉じる 休日・救急医療 "
"蒲郡市","strong","80","国民年金【免除制度・納付猶予制度】 - 国民年金 - 愛知県蒲郡市公式ホームページ","https://www.city.gamagori.lg.jp/site/nennkinn01/nenkin006.html","国民年金保険料の免除制度・納付猶予制度","国民年金【免除制度・納付猶予制度】 - 国民年金 - 愛知県蒲郡市公式ホームページ ページの先頭です。 メニューを飛ばして本文へ メニュー 検索 JavaScriptが無効のため、文字の大きさ・背景色を変更する機能を使用できません。 本文へ Foreign language 音声読み上げ ふりがな 閲覧補助 文字サイズ 拡大 標準 背景色 白 黒 青 閉じる 休日・救急医療 安心・ひろめーる AED設置場所 緊急・防災情報 くらし・手続"
"蒲郡市","strong","80","未熟児養育医療のお知らせ - 蒲郡市保健医療センター - 愛知県蒲郡市公式ホームページ","https://www.city.gamagori.lg.jp/site/hokencenter/yoikuiryo.html","未熟児養育医療のお知らせ","未熟児養育医療のお知らせ - 蒲郡市保健医療センター - 愛知県蒲郡市公式ホームページ ページの先頭です。 メニューを飛ばして本文へ メニュー 検索 JavaScriptが無効のため、文字の大きさ・背景色を変更する機能を使用できません。 本文へ Foreign language 音声読み上げ ふりがな 閲覧補助 文字サイズ 拡大 標準 背景色 白 黒 青 閉じる 休日・救急医療 安心・ひろめーる AED設置場所 緊急・防災情報 くらし・"
"蒲郡市","strong","80","一部負担金減免制度〔国保〕 - 愛知県蒲郡市公式ホームページ","https://www.city.gamagori.lg.jp/unit/nenkin/kokuhokyufu017.html","一部負担金減免制度〔国保〕","一部負担金減免制度〔国保〕 - 愛知県蒲郡市公式ホームページ ページの先頭です。 メニューを飛ばして本文へ メニュー 検索 JavaScriptが無効のため、文字の大きさ・背景色を変更する機能を使用できません。 本文へ Foreign language 音声読み上げ ふりがな 閲覧補助 文字サイズ 拡大 標準 背景色 白 黒 青 閉じる 休日・救急医療 安心・ひろめーる AED設置場所 緊急・防災情報 くらし・手続 防災・安全安心 マイ"
"蒲郡市","strong","80","動物・ペット - 愛知県蒲郡市公式ホームページ","https://www.city.gamagori.lg.jp/life/1/35/211/","動物・ペット","動物・ペット - 愛知県蒲郡市公式ホームページ ページの先頭です。 メニューを飛ばして本文へ メニュー 検索 JavaScriptが無効のため、文字の大きさ・背景色を変更する機能を使用できません。 本文へ Foreign language 音声読み上げ ふりがな 閲覧補助 文字サイズ 拡大 標準 背景色 白 黒 青 閉じる 休日・救急医療 安心・ひろめーる AED設置場所 緊急・防災情報 くらし・手続 防災・安全安心 マイナンバーカード"
"刈谷市","strong","79","災害時の福祉避難所","https://www.city.kariya.lg.jp/kurashi/anshin/1019745/1013982.html","災害時の福祉避難所","災害時の福祉避難所｜刈谷市ホームページ 当ホームページではjavascriptを使用しています。 javascriptの使用を有効にしなければ、一部の機能が正確に動作しない恐れがあります。お手数ですがjavascriptの使用を有効にしてください。 エンターキーを押すと、ナビゲーション部分をスキップし本文へ移動します。 サイトマップ 文字サイズ・配色の変更 Foreign Language English portugues 한국어 中"
"刈谷市","strong","79","事業用脱炭素促進設備導入費補助制度","https://www.city.kariya.lg.jp/mokuteki/riyou/1007199/1013912.html","事業用脱炭素促進設備導入費補助制度","事業用脱炭素促進設備導入費補助制度｜刈谷市ホームページ 当ホームページではjavascriptを使用しています。 javascriptの使用を有効にしなければ、一部の機能が正確に動作しない恐れがあります。お手数ですがjavascriptの使用を有効にしてください。 エンターキーを押すと、ナビゲーション部分をスキップし本文へ移動します。 サイトマップ 文字サイズ・配色の変更 Foreign Language English portugu"
"刈谷市","strong","79","福祉総合相談窓口","https://www.city.kariya.lg.jp/kurashi/fukushikaigo/1017089.html","福祉総合相談窓口","福祉総合相談窓口｜刈谷市ホームページ 当ホームページではjavascriptを使用しています。 javascriptの使用を有効にしなければ、一部の機能が正確に動作しない恐れがあります。お手数ですがjavascriptの使用を有効にしてください。 エンターキーを押すと、ナビゲーション部分をスキップし本文へ移動します。 サイトマップ 文字サイズ・配色の変更 Foreign Language English portugues 한국어 中文"
"刈谷市","strong","79","施設案内 身体障害者デイサービスセンターたんぽぽ","https://www.city.kariya.lg.jp/shisetsu/fukushikenko/1005465.html","身体障害者デイサービスセンターたんぽぽ","施設案内 身体障害者デイサービスセンターたんぽぽ｜刈谷市ホームページ 当ホームページではjavascriptを使用しています。 javascriptの使用を有効にしなければ、一部の機能が正確に動作しない恐れがあります。お手数ですがjavascriptの使用を有効にしてください。 エンターキーを押すと、ナビゲーション部分をスキップし本文へ移動します。 サイトマップ 文字サイズ・配色の変更 Foreign Language English "
"刈谷市","strong","79","省エネルギー・温暖化対策に関する支援制度","https://www.city.kariya.lg.jp/sangyo/yushi/1006268.html","省エネルギー・温暖化対策に関する支援制度","省エネルギー・温暖化対策に関する支援制度｜刈谷市ホームページ 当ホームページではjavascriptを使用しています。 javascriptの使用を有効にしなければ、一部の機能が正確に動作しない恐れがあります。お手数ですがjavascriptの使用を有効にしてください。 エンターキーを押すと、ナビゲーション部分をスキップし本文へ移動します。 サイトマップ 文字サイズ・配色の変更 Foreign Language English port"
"刈谷市","strong","79","事業用脱炭素促進設備導入費補助制度","https://www.city.kariya.lg.jp/sangyo/yushi/1018924.html","事業用脱炭素促進設備導入費補助制度","事業用脱炭素促進設備導入費補助制度｜刈谷市ホームページ 当ホームページではjavascriptを使用しています。 javascriptの使用を有効にしなければ、一部の機能が正確に動作しない恐れがあります。お手数ですがjavascriptの使用を有効にしてください。 エンターキーを押すと、ナビゲーション部分をスキップし本文へ移動します。 サイトマップ 文字サイズ・配色の変更 Foreign Language English portugu"
"刈谷市","strong","79","RSウイルス（母子免疫）予防接種","https://www.city.kariya.lg.jp/kurashi/kenkoiryo/yobosessyu/1021926.html","RSウイルス（母子免疫）予防接種","RSウイルス（母子免疫）予防接種｜刈谷市ホームページ 当ホームページではjavascriptを使用しています。 javascriptの使用を有効にしなければ、一部の機能が正確に動作しない恐れがあります。お手数ですがjavascriptの使用を有効にしてください。 エンターキーを押すと、ナビゲーション部分をスキップし本文へ移動します。 サイトマップ 文字サイズ・配色の変更 Foreign Language English portugue"
"刈谷市","strong","79","多様な集団活動事業の利用支援補助制度（利用者向け）","https://www.city.kariya.lg.jp/kosodatenavi/1014911/1014913/1022549.html","多様な集団活動事業の利用支援補助制度（利用者向け）","多様な集団活動事業の利用支援補助制度（利用者向け）｜かりや子育て応援ナビ 当ホームページではjavascriptを使用しています。 javascriptの使用を有効にしなければ、一部の機能が正確に動作しない恐れがあります。お手数ですがjavascriptの使用を有効にしてください。 エンターキーを押すと、ナビゲーション部分をスキップし本文へ移動します。 救急のとき いざというときに 災害時の避難所 休日診療案内 防災・減災 気象情報 衣"
"刈谷市","strong","79","多様な集団活動事業の利用支援補助制度（利用者向け）","https://www.city.kariya.lg.jp/kosodatenavi/1014911/1016830/1022553.html","多様な集団活動事業の利用支援補助制度（利用者向け）","多様な集団活動事業の利用支援補助制度（利用者向け）｜かりや子育て応援ナビ 当ホームページではjavascriptを使用しています。 javascriptの使用を有効にしなければ、一部の機能が正確に動作しない恐れがあります。お手数ですがjavascriptの使用を有効にしてください。 エンターキーを押すと、ナビゲーション部分をスキップし本文へ移動します。 救急のとき いざというときに 災害時の避難所 休日診療案内 防災・減災 気象情報 衣"
"刈谷市","strong","79","アスベスト対策費補助制度","https://www.city.kariya.lg.jp/kurashi/sumai/jyosei/1003822.html","アスベスト対策費補助制度","アスベスト対策費補助制度｜刈谷市ホームページ 当ホームページではjavascriptを使用しています。 javascriptの使用を有効にしなければ、一部の機能が正確に動作しない恐れがあります。お手数ですがjavascriptの使用を有効にしてください。 エンターキーを押すと、ナビゲーション部分をスキップし本文へ移動します。 サイトマップ 文字サイズ・配色の変更 Foreign Language English portugues 한국"
"豊田市","strong","79","住宅の省エネ改修に伴う固定資産税の減額制度","https://www.city.toyota.aichi.jp/zeihoken/koteishisan/1073684/1002894.html","住宅の省エネ改修に伴う固定資産税の減額制度","住宅の省エネ改修に伴う固定資産税の減額制度｜豊田市 当ホームページではjavascriptを使用しています。 javascriptの使用を有効にしなければ、一部の機能が正確に動作しない恐れがあります。お手数ですがjavascriptの使用を有効にしてください。 エンターキーを押すと、ナビゲーション部分をスキップし本文へ移動します。 豊田市 TOYOTA CITY サイト メニュー 庁舎案内 Select Language Afrikaa"
"豊田市","strong","79","高校生等のバス通学にかかる費用の負担軽減に向けた補助事業について","https://www.city.toyota.aichi.jp/sumaikankyo/dorokotsu/1073632/bus/1061896.html","高校生等のバス通学にかかる費用の負担軽減に向けた補助事業について","高校生等のバス通学にかかる費用の負担軽減に向けた補助事業について｜豊田市 当ホームページではjavascriptを使用しています。 javascriptの使用を有効にしなければ、一部の機能が正確に動作しない恐れがあります。お手数ですがjavascriptの使用を有効にしてください。 エンターキーを押すと、ナビゲーション部分をスキップし本文へ移動します。 豊田市 TOYOTA CITY サイト メニュー 庁舎案内 Select Langu"
"西尾市","strong","79","私立高等学校等授業料補助制度","https://www.city.nishio.aichi.jp/kosodate/ikusei/1005126/1002386.html","私立高等学校等授業料補助制度","私立高等学校等授業料補助制度｜西尾市公式ウェブサイト 当ホームページではjavascriptを使用しています。 javascriptの使用を有効にしなければ、一部の機能が正確に動作しない恐れがあります。お手数ですがjavascriptの使用を有効にしてください。 エンターキーを押すと、ナビゲーション部分をスキップし本文へ移動します。 サイトマップ Select Language English 中文（简体字） 中文（繁體字） 한국어 P"
"西尾市","strong","79","申請書ダウンロード検索","https://www.city.nishio.aichi.jp/cgi-list/download.cgi?category=130&ys=0&ms=0&ds=0&ye=0&me=0&de=0&text=&format=0&license=0&group=0&sort=1","健康・医療","申請書ダウンロード検索 当ホームページではjavascriptを使用しています。 javascriptの使用を有効にしなければ、一部の機能が正確に動作しない恐れがあります。お手数ですがjavascriptの使用を有効にしてください。 エンターキーを押すと、ナビゲーション部分をスキップし本文へ移動します。 サイトマップ Select Language English 中文（简体字） 中文（繁體字） 한국어 Português Tagalo"
"刈谷市","strong","78","自転車用ヘルメット購入費補助制度","https://www.city.kariya.lg.jp/kurashi/kotsu/kotsuanzen/helmethojyo.html","自転車用ヘルメット購入費補助制度","自転車用ヘルメット購入費補助制度｜刈谷市ホームページ 当ホームページではjavascriptを使用しています。 javascriptの使用を有効にしなければ、一部の機能が正確に動作しない恐れがあります。お手数ですがjavascriptの使用を有効にしてください。 エンターキーを押すと、ナビゲーション部分をスキップし本文へ移動します。 サイトマップ 文字サイズ・配色の変更 Foreign Language English portugue"
"刈谷市","strong","78","生活の福祉","https://www.city.kariya.lg.jp/kurashi/fukushikaigo/seikatsu/index.html","生活の福祉","生活の福祉｜刈谷市ホームページ 当ホームページではjavascriptを使用しています。 javascriptの使用を有効にしなければ、一部の機能が正確に動作しない恐れがあります。お手数ですがjavascriptの使用を有効にしてください。 エンターキーを押すと、ナビゲーション部分をスキップし本文へ移動します。 サイトマップ 文字サイズ・配色の変更 Foreign Language English portugues 한국어 中文（简化"
"安城市","strong","78","安城市","https://www.city.anjo.aichi.jp/kurasu/kenko/josei/funinchiryo.html","不妊治療等助成金支給に関する受診等証明書","安城市／不妊治療等助成制度 このサイトではJavaScriptを使用したコンテンツ・機能を提供しています。JavaScriptを有効にするとご利用いただけます。 本文へスキップします。 安城市 受け継ぐ想いを 未来へ届ける 望遠郷 サイト内検索 ページID検索 設定 文字サイズ・色合い変更 Language メニュー 閉じる 緊急 情報 緊急情報 閉じる ホーム 生活・サービス 教育・学習 観光・文化・スポーツ 産業・入札 市政情報 ホ"
"西尾市","strong","78","各種手当・助成","https://www.city.nishio.aichi.jp/kosodate/teate/index.html","各種手当・助成","各種手当・助成｜西尾市公式ウェブサイト 当ホームページではjavascriptを使用しています。 javascriptの使用を有効にしなければ、一部の機能が正確に動作しない恐れがあります。お手数ですがjavascriptの使用を有効にしてください。 エンターキーを押すと、ナビゲーション部分をスキップし本文へ移動します。 サイトマップ Select Language English 中文（简体字） 中文（繁體字） 한국어 Portuguê"
"蒲郡市","strong","78","緑化事業助成金交付制度 - 施設管理 - 愛知県蒲郡市公式ホームページ","https://www.city.gamagori.lg.jp/site/kohen/ryokkajosei.html","緑化事業助成金交付制度","緑化事業助成金交付制度 - 施設管理 - 愛知県蒲郡市公式ホームページ ページの先頭です。 メニューを飛ばして本文へ メニュー 検索 JavaScriptが無効のため、文字の大きさ・背景色を変更する機能を使用できません。 本文へ Foreign language 音声読み上げ ふりがな 閲覧補助 文字サイズ 拡大 標準 背景色 白 黒 青 閉じる 休日・救急医療 安心・ひろめーる AED設置場所 緊急・防災情報 くらし・手続 防災・安全"
"蒲郡市","strong","78","すべての高齢者の方へ - 長寿課 - 愛知県蒲郡市公式ホームページ","https://www.city.gamagori.lg.jp/site/chojuka/koureisya.html","すべての高齢者の方へ","すべての高齢者の方へ - 長寿課 - 愛知県蒲郡市公式ホームページ ページの先頭です。 メニューを飛ばして本文へ メニュー 検索 JavaScriptが無効のため、文字の大きさ・背景色を変更する機能を使用できません。 本文へ Foreign language 音声読み上げ ふりがな 閲覧補助 文字サイズ 拡大 標準 背景色 白 黒 青 閉じる 休日・救急医療 安心・ひろめーる AED設置場所 緊急・防災情報 くらし・手続 防災・安全安心"
"蒲郡市","strong","78","雨水利用簡易貯留槽購入費助成金 - 愛知県蒲郡市公式ホームページ","https://www.city.gamagori.lg.jp/unit/suido/usui.html","雨水利用簡易貯留槽購入費助成金","雨水利用簡易貯留槽購入費助成金 - 愛知県蒲郡市公式ホームページ ページの先頭です。 メニューを飛ばして本文へ メニュー 検索 JavaScriptが無効のため、文字の大きさ・背景色を変更する機能を使用できません。 本文へ Foreign language 音声読み上げ ふりがな 閲覧補助 文字サイズ 拡大 標準 背景色 白 黒 青 閉じる 休日・救急医療 安心・ひろめーる AED設置場所 緊急・防災情報 くらし・手続 防災・安全安心 "
"蒲郡市","strong","78","高齢者孤独軽減ロボット購入費補助金のご案内 - 長寿課 - 愛知県蒲郡市公式ホームページ","https://www.city.gamagori.lg.jp/site/chojuka/kodokukeigen-robot.html","高齢者孤独軽減ロボット購入費補助金","高齢者孤独軽減ロボット購入費補助金のご案内 - 長寿課 - 愛知県蒲郡市公式ホームページ ページの先頭です。 メニューを飛ばして本文へ メニュー 検索 JavaScriptが無効のため、文字の大きさ・背景色を変更する機能を使用できません。 本文へ Foreign language 音声読み上げ ふりがな 閲覧補助 文字サイズ 拡大 標準 背景色 白 黒 青 閉じる 休日・救急医療 安心・ひろめーる AED設置場所 緊急・防災情報 くらし"
"蒲郡市","strong","78","認知症のチェックをしませんか - 長寿課 - 愛知県蒲郡市公式ホームページ","https://www.city.gamagori.lg.jp/site/chojuka/ninntisyounotyekkuwosimasennka.html","認知症のチェックをしませんか","認知症のチェックをしませんか - 長寿課 - 愛知県蒲郡市公式ホームページ ページの先頭です。 メニューを飛ばして本文へ メニュー 検索 JavaScriptが無効のため、文字の大きさ・背景色を変更する機能を使用できません。 本文へ Foreign language 音声読み上げ ふりがな 閲覧補助 文字サイズ 拡大 標準 背景色 白 黒 青 閉じる 休日・救急医療 安心・ひろめーる AED設置場所 緊急・防災情報 くらし・手続 防災・"
"蒲郡市","strong","78","老人福祉センター寿楽荘 - 長寿課 - 愛知県蒲郡市公式ホームページ","https://www.city.gamagori.lg.jp/site/chojuka/jurakusou.html","老人福祉センター寿楽荘のサイトへ","老人福祉センター寿楽荘 - 長寿課 - 愛知県蒲郡市公式ホームページ ページの先頭です。 メニューを飛ばして本文へ メニュー 検索 JavaScriptが無効のため、文字の大きさ・背景色を変更する機能を使用できません。 本文へ Foreign language 音声読み上げ ふりがな 閲覧補助 文字サイズ 拡大 標準 背景色 白 黒 青 閉じる 休日・救急医療 安心・ひろめーる AED設置場所 緊急・防災情報 くらし・手続 防災・安全安"
"刈谷市","strong","77","生ごみ処理機器購入費補助制度","https://www.city.kariya.lg.jp/mokuteki/riyou/1007197/1007231.html","生ごみ処理機器購入費補助制度","生ごみ処理機器購入費補助制度｜刈谷市ホームページ 当ホームページではjavascriptを使用しています。 javascriptの使用を有効にしなければ、一部の機能が正確に動作しない恐れがあります。お手数ですがjavascriptの使用を有効にしてください。 エンターキーを押すと、ナビゲーション部分をスキップし本文へ移動します。 サイトマップ 文字サイズ・配色の変更 Foreign Language English portugues "
"刈谷市","strong","77","個人用次世代自動車購入費等補助制度","https://www.city.kariya.lg.jp/mokuteki/riyou/1007199/1007248.html","個人用次世代自動車購入費等補助制度","個人用次世代自動車購入費等補助制度｜刈谷市ホームページ 当ホームページではjavascriptを使用しています。 javascriptの使用を有効にしなければ、一部の機能が正確に動作しない恐れがあります。お手数ですがjavascriptの使用を有効にしてください。 エンターキーを押すと、ナビゲーション部分をスキップし本文へ移動します。 サイトマップ 文字サイズ・配色の変更 Foreign Language English portugu"
"刈谷市","strong","77","事業用次世代自動車購入費等補助制度","https://www.city.kariya.lg.jp/mokuteki/riyou/1007199/1007249.html","事業用次世代自動車購入費等補助制度","事業用次世代自動車購入費等補助制度｜刈谷市ホームページ 当ホームページではjavascriptを使用しています。 javascriptの使用を有効にしなければ、一部の機能が正確に動作しない恐れがあります。お手数ですがjavascriptの使用を有効にしてください。 エンターキーを押すと、ナビゲーション部分をスキップし本文へ移動します。 サイトマップ 文字サイズ・配色の変更 Foreign Language English portugu"
"刈谷市","strong","77","生ごみ処理機器購入費補助制度","https://www.city.kariya.lg.jp/mokuteki/riyou/1007199/1018931.html","生ごみ処理機器購入費補助制度","生ごみ処理機器購入費補助制度｜刈谷市ホームページ 当ホームページではjavascriptを使用しています。 javascriptの使用を有効にしなければ、一部の機能が正確に動作しない恐れがあります。お手数ですがjavascriptの使用を有効にしてください。 エンターキーを押すと、ナビゲーション部分をスキップし本文へ移動します。 サイトマップ 文字サイズ・配色の変更 Foreign Language English portugues "
"刈谷市","strong","77","福祉総務課","https://www.city.kariya.lg.jp/shisei/soshiki/fukushikenko/1004436.html","福祉総務課","福祉総務課｜刈谷市ホームページ 当ホームページではjavascriptを使用しています。 javascriptの使用を有効にしなければ、一部の機能が正確に動作しない恐れがあります。お手数ですがjavascriptの使用を有効にしてください。 エンターキーを押すと、ナビゲーション部分をスキップし本文へ移動します。 サイトマップ 文字サイズ・配色の変更 Foreign Language English portugues 한국어 中文（简化"
"刈谷市","strong","77","各課等の電話番号","https://www.city.kariya.lg.jp/shisetsu/shiyakusho/city_hall/1005224.html","各課等の電話番号","各課等の電話番号｜刈谷市ホームページ 当ホームページではjavascriptを使用しています。 javascriptの使用を有効にしなければ、一部の機能が正確に動作しない恐れがあります。お手数ですがjavascriptの使用を有効にしてください。 エンターキーを押すと、ナビゲーション部分をスキップし本文へ移動します。 サイトマップ 文字サイズ・配色の変更 Foreign Language English portugues 한국어 中文"
"刈谷市","strong","77","分野で探す","https://www.city.kariya.lg.jp/shisei/koho/1011169/1011170.html","分野で探す","分野で探す｜刈谷市ホームページ 当ホームページではjavascriptを使用しています。 javascriptの使用を有効にしなければ、一部の機能が正確に動作しない恐れがあります。お手数ですがjavascriptの使用を有効にしてください。 エンターキーを押すと、ナビゲーション部分をスキップし本文へ移動します。 サイトマップ 文字サイズ・配色の変更 Foreign Language English portugues 한국어 中文（简化"
"刈谷市","strong","77","老朽空き家除却費補助金","https://www.city.kariya.lg.jp/kurashi/sumai/jyosei/1020402.html","老朽空き家除却費補助金","老朽空き家除却費補助金｜刈谷市ホームページ 当ホームページではjavascriptを使用しています。 javascriptの使用を有効にしなければ、一部の機能が正確に動作しない恐れがあります。お手数ですがjavascriptの使用を有効にしてください。 エンターキーを押すと、ナビゲーション部分をスキップし本文へ移動します。 サイトマップ 文字サイズ・配色の変更 Foreign Language English portugues 한국어"
"刈谷市","strong","77","住宅等の耐震啓発活動報償金交付制度","https://www.city.kariya.lg.jp/kurashi/sumai/jyosei/1003813.html","住宅等の耐震啓発活動報償金交付制度","住宅等の耐震啓発活動報償金交付制度｜刈谷市ホームページ 当ホームページではjavascriptを使用しています。 javascriptの使用を有効にしなければ、一部の機能が正確に動作しない恐れがあります。お手数ですがjavascriptの使用を有効にしてください。 エンターキーを押すと、ナビゲーション部分をスキップし本文へ移動します。 サイトマップ 文字サイズ・配色の変更 Foreign Language English portugu"
"刈谷市","strong","77","避難道路沿道の住宅の地震対策","https://www.city.kariya.lg.jp/kurashi/sumai/jyosei/1003814.html","避難道路沿道の住宅の地震対策","避難道路沿道の住宅の地震対策｜刈谷市ホームページ 当ホームページではjavascriptを使用しています。 javascriptの使用を有効にしなければ、一部の機能が正確に動作しない恐れがあります。お手数ですがjavascriptの使用を有効にしてください。 エンターキーを押すと、ナビゲーション部分をスキップし本文へ移動します。 サイトマップ 文字サイズ・配色の変更 Foreign Language English portugues "
"刈谷市","strong","77","木造住宅無料耐震診断","https://www.city.kariya.lg.jp/kurashi/sumai/jyosei/1003816.html","木造住宅無料耐震診断","木造住宅無料耐震診断｜刈谷市ホームページ 当ホームページではjavascriptを使用しています。 javascriptの使用を有効にしなければ、一部の機能が正確に動作しない恐れがあります。お手数ですがjavascriptの使用を有効にしてください。 エンターキーを押すと、ナビゲーション部分をスキップし本文へ移動します。 サイトマップ 文字サイズ・配色の変更 Foreign Language English portugues 한국어 "
"刈谷市","strong","77","木造住宅耐震改修費・耐震シェルター設置費・取壊し費補助","https://www.city.kariya.lg.jp/kurashi/sumai/jyosei/1003817.html","木造住宅耐震改修費・耐震シェルター設置費・取壊し費補助","木造住宅耐震改修費・耐震シェルター設置費・取壊し費補助｜刈谷市ホームページ 当ホームページではjavascriptを使用しています。 javascriptの使用を有効にしなければ、一部の機能が正確に動作しない恐れがあります。お手数ですがjavascriptの使用を有効にしてください。 エンターキーを押すと、ナビゲーション部分をスキップし本文へ移動します。 サイトマップ 文字サイズ・配色の変更 Foreign Language Engli"
"刈谷市","strong","77","非木造住宅耐震診断費補助","https://www.city.kariya.lg.jp/kurashi/sumai/jyosei/1003818.html","非木造住宅耐震診断費補助","非木造住宅耐震診断費補助｜刈谷市ホームページ 当ホームページではjavascriptを使用しています。 javascriptの使用を有効にしなければ、一部の機能が正確に動作しない恐れがあります。お手数ですがjavascriptの使用を有効にしてください。 エンターキーを押すと、ナビゲーション部分をスキップし本文へ移動します。 サイトマップ 文字サイズ・配色の変更 Foreign Language English portugues 한국"
"刈谷市","strong","77","非木造住宅耐震改修費補助","https://www.city.kariya.lg.jp/kurashi/sumai/jyosei/1003819.html","非木造住宅耐震改修費補助","非木造住宅耐震改修費補助｜刈谷市ホームページ 当ホームページではjavascriptを使用しています。 javascriptの使用を有効にしなければ、一部の機能が正確に動作しない恐れがあります。お手数ですがjavascriptの使用を有効にしてください。 エンターキーを押すと、ナビゲーション部分をスキップし本文へ移動します。 サイトマップ 文字サイズ・配色の変更 Foreign Language English portugues 한국"
"刈谷市","strong","77","昭和56年6月から平成12年5月に建てられた木造住宅の所有者による耐震性能チェック","https://www.city.kariya.lg.jp/kurashi/sumai/jyosei/1003812.html","昭和56年6月から平成12年5月に建てられた木造住宅の所有者による耐震性能チェック","昭和56年6月から平成12年5月に建てられた木造住宅の所有者による耐震性能チェック｜刈谷市ホームページ 当ホームページではjavascriptを使用しています。 javascriptの使用を有効にしなければ、一部の機能が正確に動作しない恐れがあります。お手数ですがjavascriptの使用を有効にしてください。 エンターキーを押すと、ナビゲーション部分をスキップし本文へ移動します。 サイトマップ 文字サイズ・配色の変更 Foreign "
"豊田市","strong","77","後期高齢者医療制度","https://www.city.toyota.aichi.jp/zeihoken/koreishairyo/1003281.html","後期高齢者医療制度","後期高齢者医療制度｜豊田市 当ホームページではjavascriptを使用しています。 javascriptの使用を有効にしなければ、一部の機能が正確に動作しない恐れがあります。お手数ですがjavascriptの使用を有効にしてください。 エンターキーを押すと、ナビゲーション部分をスキップし本文へ移動します。 豊田市 TOYOTA CITY サイト メニュー 庁舎案内 Select Language Afrikaans Albanian "
"豊田市","strong","77","障がい福祉サービス等・障がい児通所支援の利用について","https://www.city.toyota.aichi.jp/kenkoiryo/shogai/1073265/1030040/1073735/1003248.html","障がい福祉サービス等・障がい児通所支援の利用について","障がい福祉サービス等・障がい児通所支援の利用について｜豊田市 当ホームページではjavascriptを使用しています。 javascriptの使用を有効にしなければ、一部の機能が正確に動作しない恐れがあります。お手数ですがjavascriptの使用を有効にしてください。 エンターキーを押すと、ナビゲーション部分をスキップし本文へ移動します。 豊田市 TOYOTA CITY サイト メニュー 庁舎案内 Select Language Af"
"豊田市","strong","77","児童扶養手当JR通勤定期乗車券割引制度","https://www.city.toyota.aichi.jp/kosodategakko/kosodate/1027167/1073648/1028577.html","児童扶養手当JR通勤定期乗車券割引制度","児童扶養手当JR通勤定期乗車券割引制度｜豊田市 当ホームページではjavascriptを使用しています。 javascriptの使用を有効にしなければ、一部の機能が正確に動作しない恐れがあります。お手数ですがjavascriptの使用を有効にしてください。 エンターキーを押すと、ナビゲーション部分をスキップし本文へ移動します。 豊田市 TOYOTA CITY サイト メニュー 庁舎案内 Select Language Afrikaans"
"豊田市","strong","77","児童扶養手当の一部支給停止についてのお知らせ","https://www.city.toyota.aichi.jp/kosodategakko/kosodate/1027167/1073648/1003499.html","児童扶養手当の一部支給停止についてのお知らせ","児童扶養手当の一部支給停止についてのお知らせ｜豊田市 当ホームページではjavascriptを使用しています。 javascriptの使用を有効にしなければ、一部の機能が正確に動作しない恐れがあります。お手数ですがjavascriptの使用を有効にしてください。 エンターキーを押すと、ナビゲーション部分をスキップし本文へ移動します。 豊田市 TOYOTA CITY サイト メニュー 庁舎案内 Select Language Afrika"
"豊田市","strong","77","母子・父子・寡婦福祉資金の貸付","https://www.city.toyota.aichi.jp/kosodategakko/kosodate/1027167/1073649/1003504.html","母子・父子・寡婦福祉資金の貸付","母子・父子・寡婦福祉資金の貸付｜豊田市 当ホームページではjavascriptを使用しています。 javascriptの使用を有効にしなければ、一部の機能が正確に動作しない恐れがあります。お手数ですがjavascriptの使用を有効にしてください。 エンターキーを押すと、ナビゲーション部分をスキップし本文へ移動します。 豊田市 TOYOTA CITY サイト メニュー 庁舎案内 Select Language Afrikaans Alb"
"豊田市","strong","77","フリースクール等利用支援補助金","https://www.city.toyota.aichi.jp/kosodategakko/kyoikushien/hojo/1069523.html","フリースクール等利用支援補助金","フリースクール等利用支援補助金｜豊田市 当ホームページではjavascriptを使用しています。 javascriptの使用を有効にしなければ、一部の機能が正確に動作しない恐れがあります。お手数ですがjavascriptの使用を有効にしてください。 エンターキーを押すと、ナビゲーション部分をスキップし本文へ移動します。 豊田市 TOYOTA CITY サイト メニュー 庁舎案内 Select Language Afrikaans Alb"
"豊田市","strong","77","特別支援教育就学奨励費について","https://www.city.toyota.aichi.jp/kosodategakko/kyoikushien/hojo/1016003.html","特別支援教育就学奨励費について","特別支援教育就学奨励費について｜豊田市 当ホームページではjavascriptを使用しています。 javascriptの使用を有効にしなければ、一部の機能が正確に動作しない恐れがあります。お手数ですがjavascriptの使用を有効にしてください。 エンターキーを押すと、ナビゲーション部分をスキップし本文へ移動します。 豊田市 TOYOTA CITY サイト メニュー 庁舎案内 Select Language Afrikaans Alb"
"西尾市","strong","77","母子父子寡婦福祉資金の貸付け","https://www.city.nishio.aichi.jp/kosodate/teate/1005128/1002354.html","母子父子寡婦福祉資金の貸付け","母子父子寡婦福祉資金の貸付け｜西尾市公式ウェブサイト 当ホームページではjavascriptを使用しています。 javascriptの使用を有効にしなければ、一部の機能が正確に動作しない恐れがあります。お手数ですがjavascriptの使用を有効にしてください。 エンターキーを押すと、ナビゲーション部分をスキップし本文へ移動します。 サイトマップ Select Language English 中文（简体字） 中文（繁體字） 한국어 P"
"蒲郡市","strong","77","緑化助成 - 愛知県蒲郡市公式ホームページ","https://www.city.gamagori.lg.jp/life/1/36/24/","緑化助成","緑化助成 - 愛知県蒲郡市公式ホームページ ページの先頭です。 メニューを飛ばして本文へ メニュー 検索 JavaScriptが無効のため、文字の大きさ・背景色を変更する機能を使用できません。 本文へ Foreign language 音声読み上げ ふりがな 閲覧補助 文字サイズ 拡大 標準 背景色 白 黒 青 閉じる 休日・救急医療 安心・ひろめーる AED設置場所 緊急・防災情報 くらし・手続 防災・安全安心 マイナンバーカード・電"
"蒲郡市","strong","77","ライフイベント・目的別 - 愛知県蒲郡市公式ホームページ","https://www.city.gamagori.lg.jp/life/1/1/","ライフイベント・目的別","ライフイベント・目的別 - 愛知県蒲郡市公式ホームページ ページの先頭です。 メニューを飛ばして本文へ メニュー 検索 JavaScriptが無効のため、文字の大きさ・背景色を変更する機能を使用できません。 本文へ Foreign language 音声読み上げ ふりがな 閲覧補助 文字サイズ 拡大 標準 背景色 白 黒 青 閉じる 休日・救急医療 安心・ひろめーる AED設置場所 緊急・防災情報 くらし・手続 防災・安全安心 マイナン"
"蒲郡市","strong","77","子育て支援センター一覧 - 子育て支援課 - 愛知県蒲郡市公式ホームページ","https://www.city.gamagori.lg.jp/site/subsite-kosodate/kosodateshiencenter.html","子育て支援センター","子育て支援センター一覧 - 子育て支援課 - 愛知県蒲郡市公式ホームページ ページの先頭です。 メニューを飛ばして本文へ メニュー 検索 JavaScriptが無効のため、文字の大きさ・背景色を変更する機能を使用できません。 本文へ Foreign language 音声読み上げ ふりがな 閲覧補助 文字サイズ 拡大 標準 背景色 白 黒 青 閉じる 休日・救急医療 安心・ひろめーる AED設置場所 緊急・防災情報 くらし・手続 防災・"
"蒲郡市","strong","77","保育園・こども園・幼稚園一覧 - 子育て支援課 - 愛知県蒲郡市公式ホームページ","https://www.city.gamagori.lg.jp/site/subsite-kosodate/hoikuen-ichiran.html","子育て支援課メニュー","保育園・こども園・幼稚園一覧 - 子育て支援課 - 愛知県蒲郡市公式ホームページ ページの先頭です。 メニューを飛ばして本文へ メニュー 検索 JavaScriptが無効のため、文字の大きさ・背景色を変更する機能を使用できません。 本文へ Foreign language 音声読み上げ ふりがな 閲覧補助 文字サイズ 拡大 標準 背景色 白 黒 青 閉じる 休日・救急医療 安心・ひろめーる AED設置場所 緊急・防災情報 くらし・手続 "
"蒲郡市","strong","77","子ども子育て支援事業計画 - 子育て支援課 - 愛知県蒲郡市公式ホームページ","https://www.city.gamagori.lg.jp/site/subsite-kosodate/list621-2756.html","子ども子育て支援事業計画","子ども子育て支援事業計画 - 子育て支援課 - 愛知県蒲郡市公式ホームページ ページの先頭です。 メニューを飛ばして本文へ メニュー 検索 JavaScriptが無効のため、文字の大きさ・背景色を変更する機能を使用できません。 本文へ Foreign language 音声読み上げ ふりがな 閲覧補助 文字サイズ 拡大 標準 背景色 白 黒 青 閉じる 休日・救急医療 安心・ひろめーる AED設置場所 緊急・防災情報 くらし・手続 防災"
"蒲郡市","strong","77","児童館一覧 - 子育て支援課 - 愛知県蒲郡市公式ホームページ","https://www.city.gamagori.lg.jp/site/subsite-kosodate/gamagorishijidokan.html","子育て支援課メニュー","児童館一覧 - 子育て支援課 - 愛知県蒲郡市公式ホームページ ページの先頭です。 メニューを飛ばして本文へ メニュー 検索 JavaScriptが無効のため、文字の大きさ・背景色を変更する機能を使用できません。 本文へ Foreign language 音声読み上げ ふりがな 閲覧補助 文字サイズ 拡大 標準 背景色 白 黒 青 閉じる 休日・救急医療 安心・ひろめーる AED設置場所 緊急・防災情報 くらし・手続 防災・安全安心 マ"
"刈谷市","strong","76","転入後の手続き一覧","https://www.city.kariya.lg.jp/kurashi/todokede/koseki/1013265.html","転入後の手続き一覧","転入後の手続き一覧｜刈谷市ホームページ 当ホームページではjavascriptを使用しています。 javascriptの使用を有効にしなければ、一部の機能が正確に動作しない恐れがあります。お手数ですがjavascriptの使用を有効にしてください。 エンターキーを押すと、ナビゲーション部分をスキップし本文へ移動します。 サイトマップ 文字サイズ・配色の変更 Foreign Language English portugues 한국어 中"
"刈谷市","strong","76","転出に伴う手続き一覧","https://www.city.kariya.lg.jp/kurashi/todokede/koseki/1013266.html","転出に伴う手続き一覧","転出に伴う手続き一覧｜刈谷市ホームページ 当ホームページではjavascriptを使用しています。 javascriptの使用を有効にしなければ、一部の機能が正確に動作しない恐れがあります。お手数ですがjavascriptの使用を有効にしてください。 エンターキーを押すと、ナビゲーション部分をスキップし本文へ移動します。 サイトマップ 文字サイズ・配色の変更 Foreign Language English portugues 한국어 "
"豊田市","strong","76","豊田市公式ホームページ","https://www.city.toyota.aichi.jp/","豊田市TOYOTA CITY","豊田市公式ホームページ 当ホームページではjavascriptを使用しています。 javascriptの使用を有効にしなければ、一部の機能が正確に動作しない恐れがあります。お手数ですがjavascriptの使用を有効にしてください。 エンターキーを押すと、ナビゲーション部分をスキップし本文へ移動します。 豊田市 TOYOTA CITY サイト メニュー 庁舎案内 Select Language Afrikaans Albanian Am"
"安城市","strong","76","安城市","https://www.city.anjo.aichi.jp/kurasu/fukushikaigo/iryo/syougaisyairyosinseisyo.html","障害者医療に関する申請書","安城市／障害者医療に関する申請書 このサイトではJavaScriptを使用したコンテンツ・機能を提供しています。JavaScriptを有効にするとご利用いただけます。 本文へスキップします。 安城市 受け継ぐ想いを 未来へ届ける 望遠郷 サイト内検索 ページID検索 設定 文字サイズ・色合い変更 Language メニュー 閉じる 緊急 情報 緊急情報 閉じる ホーム 生活・サービス 教育・学習 観光・文化・スポーツ 産業・入札 市政情"
"安城市","strong","76","安城市","https://www.city.anjo.aichi.jp/kurasu/kosodate/teateshien/index.html","愛知県子育て応援給付金のお知らせ","安城市／手当・助成 このサイトではJavaScriptを使用したコンテンツ・機能を提供しています。JavaScriptを有効にするとご利用いただけます。 本文へスキップします。 安城市 受け継ぐ想いを 未来へ届ける 望遠郷 サイト内検索 ページID検索 設定 文字サイズ・色合い変更 Language メニュー 閉じる 緊急 情報 緊急情報 閉じる ホーム 生活・サービス 教育・学習 観光・文化・スポーツ 産業・入札 市政情報 ホーム >"
"蒲郡市","strong","76","産業 - 愛知県蒲郡市公式ホームページ","https://www.city.gamagori.lg.jp/life/2/51/","産業","産業 - 愛知県蒲郡市公式ホームページ ページの先頭です。 メニューを飛ばして本文へ メニュー 検索 JavaScriptが無効のため、文字の大きさ・背景色を変更する機能を使用できません。 本文へ Foreign language 音声読み上げ ふりがな 閲覧補助 文字サイズ 拡大 標準 背景色 白 黒 青 閉じる 休日・救急医療 安心・ひろめーる AED設置場所 緊急・防災情報 くらし・手続 防災・安全安心 マイナンバーカード・電子証"
"蒲郡市","strong","76","蒲郡市空家利活用事業費補助金 - 愛知県蒲郡市公式ホームページ","https://www.city.gamagori.lg.jp/unit/kenchiku/akiyarenovationhozyo.html","空家利活用事業費補助金","蒲郡市空家利活用事業費補助金 - 愛知県蒲郡市公式ホームページ ページの先頭です。 メニューを飛ばして本文へ メニュー 検索 JavaScriptが無効のため、文字の大きさ・背景色を変更する機能を使用できません。 本文へ Foreign language 音声読み上げ ふりがな 閲覧補助 文字サイズ 拡大 標準 背景色 白 黒 青 閉じる 休日・救急医療 安心・ひろめーる AED設置場所 緊急・防災情報 くらし・手続 防災・安全安心 マ"
"蒲郡市","strong","76","蒲郡市空家利活用事業費補助金 - 建築住宅課 - 愛知県蒲郡市公式ホームページ","https://www.city.gamagori.lg.jp/site/kenchiku/akiyarenovationhozyo.html","蒲郡市空家利活用事業費補助金","蒲郡市空家利活用事業費補助金 - 建築住宅課 - 愛知県蒲郡市公式ホームページ ページの先頭です。 メニューを飛ばして本文へ メニュー 検索 JavaScriptが無効のため、文字の大きさ・背景色を変更する機能を使用できません。 本文へ Foreign language 音声読み上げ ふりがな 閲覧補助 文字サイズ 拡大 標準 背景色 白 黒 青 閉じる 休日・救急医療 安心・ひろめーる AED設置場所 緊急・防災情報 くらし・手続 防"
"刈谷市","strong","75","新型コロナウイルス感染症に関する中小企業者等への支援","https://www.city.kariya.lg.jp/sangyo/1006159.html","新型コロナウイルス感染症に関する中小企業者等への支援","新型コロナウイルス感染症に関する中小企業者等への支援｜刈谷市ホームページ 当ホームページではjavascriptを使用しています。 javascriptの使用を有効にしなければ、一部の機能が正確に動作しない恐れがあります。お手数ですがjavascriptの使用を有効にしてください。 エンターキーを押すと、ナビゲーション部分をスキップし本文へ移動します。 サイトマップ 文字サイズ・配色の変更 Foreign Language Englis"
"刈谷市","strong","75","家庭用防犯カメラ等購入費等補助制度","https://www.city.kariya.lg.jp/mokuteki/riyou/1007190/1020267.html","家庭用防犯カメラ等購入費等補助制度","家庭用防犯カメラ等購入費等補助制度｜刈谷市ホームページ 当ホームページではjavascriptを使用しています。 javascriptの使用を有効にしなければ、一部の機能が正確に動作しない恐れがあります。お手数ですがjavascriptの使用を有効にしてください。 エンターキーを押すと、ナビゲーション部分をスキップし本文へ移動します。 サイトマップ 文字サイズ・配色の変更 Foreign Language English portugu"
"刈谷市","strong","75","集合住宅用防犯カメラ等設置費補助制度","https://www.city.kariya.lg.jp/mokuteki/riyou/1007190/1020268.html","集合住宅用防犯カメラ等設置費補助制度","集合住宅用防犯カメラ等設置費補助制度｜刈谷市ホームページ 当ホームページではjavascriptを使用しています。 javascriptの使用を有効にしなければ、一部の機能が正確に動作しない恐れがあります。お手数ですがjavascriptの使用を有効にしてください。 エンターキーを押すと、ナビゲーション部分をスキップし本文へ移動します。 サイトマップ 文字サイズ・配色の変更 Foreign Language English portug"
"刈谷市","strong","75","地震対策【補助制度】","https://www.city.kariya.lg.jp/mokuteki/riyou/1007198/1007245.html","地震対策【補助制度】","地震対策【補助制度】｜刈谷市ホームページ 当ホームページではjavascriptを使用しています。 javascriptの使用を有効にしなければ、一部の機能が正確に動作しない恐れがあります。お手数ですがjavascriptの使用を有効にしてください。 エンターキーを押すと、ナビゲーション部分をスキップし本文へ移動します。 サイトマップ 文字サイズ・配色の変更 Foreign Language English portugues 한국어 "
"刈谷市","strong","75","合併処理浄化槽設置整備事業補助制度","https://www.city.kariya.lg.jp/mokuteki/riyou/1007199/1007247.html","合併処理浄化槽設置整備事業補助制度","合併処理浄化槽設置整備事業補助制度｜刈谷市ホームページ 当ホームページではjavascriptを使用しています。 javascriptの使用を有効にしなければ、一部の機能が正確に動作しない恐れがあります。お手数ですがjavascriptの使用を有効にしてください。 エンターキーを押すと、ナビゲーション部分をスキップし本文へ移動します。 サイトマップ 文字サイズ・配色の変更 Foreign Language English portugu"
"刈谷市","strong","75","長期優良住宅","https://www.city.kariya.lg.jp/kurashi/sumai/1003807.html","長期優良住宅","長期優良住宅｜刈谷市ホームページ 当ホームページではjavascriptを使用しています。 javascriptの使用を有効にしなければ、一部の機能が正確に動作しない恐れがあります。お手数ですがjavascriptの使用を有効にしてください。 エンターキーを押すと、ナビゲーション部分をスキップし本文へ移動します。 サイトマップ 文字サイズ・配色の変更 Foreign Language English portugues 한국어 中文（简"
"刈谷市","strong","75","信用保証料補助制度","https://www.city.kariya.lg.jp/sangyo/yushi/1011851/1006261.html","信用保証料補助制度","信用保証料補助制度｜刈谷市ホームページ 当ホームページではjavascriptを使用しています。 javascriptの使用を有効にしなければ、一部の機能が正確に動作しない恐れがあります。お手数ですがjavascriptの使用を有効にしてください。 エンターキーを押すと、ナビゲーション部分をスキップし本文へ移動します。 サイトマップ 文字サイズ・配色の変更 Foreign Language English portugues 한국어 中"
"刈谷市","strong","75","子育て推進課","https://www.city.kariya.lg.jp/shisei/soshiki/jisedai/1004442.html","子育て推進課","子育て推進課｜刈谷市ホームページ 当ホームページではjavascriptを使用しています。 javascriptの使用を有効にしなければ、一部の機能が正確に動作しない恐れがあります。お手数ですがjavascriptの使用を有効にしてください。 エンターキーを押すと、ナビゲーション部分をスキップし本文へ移動します。 サイトマップ 文字サイズ・配色の変更 Foreign Language English portugues 한국어 中文（简"
"刈谷市","strong","75","離婚届","https://www.city.kariya.lg.jp/lifeevent/l_kekkon/1007000/1007006.html","離婚届","離婚届｜刈谷市ホームページ 当ホームページではjavascriptを使用しています。 javascriptの使用を有効にしなければ、一部の機能が正確に動作しない恐れがあります。お手数ですがjavascriptの使用を有効にしてください。 エンターキーを押すと、ナビゲーション部分をスキップし本文へ移動します。 サイトマップ 文字サイズ・配色の変更 Foreign Language English portugues 한국어 中文（简化字）"
"刈谷市","strong","75","市営住宅の申込資格・方法","https://www.city.kariya.lg.jp/kurashi/sumai/shiei/1003801.html","市営住宅の申込資格・方法","市営住宅の申込資格・方法｜刈谷市ホームページ 当ホームページではjavascriptを使用しています。 javascriptの使用を有効にしなければ、一部の機能が正確に動作しない恐れがあります。お手数ですがjavascriptの使用を有効にしてください。 エンターキーを押すと、ナビゲーション部分をスキップし本文へ移動します。 サイトマップ 文字サイズ・配色の変更 Foreign Language English portugues 한국"
"刈谷市","strong","75","ブロック塀等撤去費補助制度","https://www.city.kariya.lg.jp/kurashi/sumai/jyosei/1003821.html","ブロック塀等撤去費補助制度","ブロック塀等撤去費補助制度｜刈谷市ホームページ 当ホームページではjavascriptを使用しています。 javascriptの使用を有効にしなければ、一部の機能が正確に動作しない恐れがあります。お手数ですがjavascriptの使用を有効にしてください。 エンターキーを押すと、ナビゲーション部分をスキップし本文へ移動します。 サイトマップ 文字サイズ・配色の変更 Foreign Language English portugues 한"
"豊田市","strong","75","災害弔慰金、災害障害見舞金の支給","https://www.city.toyota.aichi.jp/bosaianzen/bosai/1029983/1070809.html","災害弔慰金、災害障害見舞金の支給","災害弔慰金、災害障害見舞金の支給｜豊田市 当ホームページではjavascriptを使用しています。 javascriptの使用を有効にしなければ、一部の機能が正確に動作しない恐れがあります。お手数ですがjavascriptの使用を有効にしてください。 エンターキーを押すと、ナビゲーション部分をスキップし本文へ移動します。 豊田市 TOYOTA CITY サイト メニュー 庁舎案内 Select Language Afrikaans Al"
"豊田市","strong","75","障害基礎年金の請求","https://www.city.toyota.aichi.jp/zeihoken/nenkin/1073625/1003302.html","障害基礎年金の請求","障害基礎年金の請求｜豊田市 当ホームページではjavascriptを使用しています。 javascriptの使用を有効にしなければ、一部の機能が正確に動作しない恐れがあります。お手数ですがjavascriptの使用を有効にしてください。 エンターキーを押すと、ナビゲーション部分をスキップし本文へ移動します。 豊田市 TOYOTA CITY サイト メニュー 庁舎案内 Select Language Afrikaans Albanian "
"豊田市","strong","75","商業・サービス機能誘致奨励金に関する基本方針","https://www.city.toyota.aichi.jp/sangyo/sogyokeiei/1021793.html","商業・サービス機能誘致奨励金に関する基本方針","商業・サービス機能誘致奨励金に関する基本方針｜豊田市 当ホームページではjavascriptを使用しています。 javascriptの使用を有効にしなければ、一部の機能が正確に動作しない恐れがあります。お手数ですがjavascriptの使用を有効にしてください。 エンターキーを押すと、ナビゲーション部分をスキップし本文へ移動します。 豊田市 TOYOTA CITY サイト メニュー 庁舎案内 Select Language Afrika"
"豊田市","strong","75","ものづくり中小企業者実態調査報告書","https://www.city.toyota.aichi.jp/sangyo/sogyokeiei/1003952.html","ものづくり中小企業者実態調査報告書","ものづくり中小企業者実態調査報告書｜豊田市 当ホームページではjavascriptを使用しています。 javascriptの使用を有効にしなければ、一部の機能が正確に動作しない恐れがあります。お手数ですがjavascriptの使用を有効にしてください。 エンターキーを押すと、ナビゲーション部分をスキップし本文へ移動します。 豊田市 TOYOTA CITY サイト メニュー 庁舎案内 Select Language Afrikaans A"
"豊田市","strong","75","豊田市物流事業者実態調査報告書","https://www.city.toyota.aichi.jp/sangyo/sogyokeiei/1058913.html","豊田市物流事業者実態調査報告書","豊田市物流事業者実態調査報告書｜豊田市 当ホームページではjavascriptを使用しています。 javascriptの使用を有効にしなければ、一部の機能が正確に動作しない恐れがあります。お手数ですがjavascriptの使用を有効にしてください。 エンターキーを押すと、ナビゲーション部分をスキップし本文へ移動します。 豊田市 TOYOTA CITY サイト メニュー 庁舎案内 Select Language Afrikaans Alb"
"豊田市","strong","75","報道発表資料 令和8年度「豊田市ものづくり新事業展開補助金」の採択事業者が決定","https://www.city.toyota.aichi.jp/pressrelease/1077159/1077311.html","報道発表資料 令和8年度「豊田市ものづくり新事業展開補助金」の採択事業者が決定","報道発表資料 令和8年度「豊田市ものづくり新事業展開補助金」の採択事業者が決定｜豊田市 当ホームページではjavascriptを使用しています。 javascriptの使用を有効にしなければ、一部の機能が正確に動作しない恐れがあります。お手数ですがjavascriptの使用を有効にしてください。 エンターキーを押すと、ナビゲーション部分をスキップし本文へ移動します。 豊田市 TOYOTA CITY サイト メニュー 庁舎案内 Selec"
"豊田市","strong","75","報道発表資料 FCタクシー及びFCバスの導入補助金を創設受付を開始します","https://www.city.toyota.aichi.jp/pressrelease/1076558/1076856.html","報道発表資料 FCタクシー及びFCバスの導入補助金を創設受付を開始します","報道発表資料 FCタクシー及びFCバスの導入補助金を創設受付を開始します｜豊田市 当ホームページではjavascriptを使用しています。 javascriptの使用を有効にしなければ、一部の機能が正確に動作しない恐れがあります。お手数ですがjavascriptの使用を有効にしてください。 エンターキーを押すと、ナビゲーション部分をスキップし本文へ移動します。 豊田市 TOYOTA CITY サイト メニュー 庁舎案内 Select L"
"豊田市","strong","75","豊田市土地区画整理事業助成制度","https://www.city.toyota.aichi.jp/shisei/1073254/gyoseikeikaku/toshiseibi/kukakuseibi/1005207.html","豊田市土地区画整理事業助成制度","豊田市土地区画整理事業助成制度｜豊田市 当ホームページではjavascriptを使用しています。 javascriptの使用を有効にしなければ、一部の機能が正確に動作しない恐れがあります。お手数ですがjavascriptの使用を有効にしてください。 エンターキーを押すと、ナビゲーション部分をスキップし本文へ移動します。 豊田市 TOYOTA CITY サイト メニュー 庁舎案内 Select Language Afrikaans Alb"
"西尾市","strong","75","愛知県がん患者妊よう性温存治療費助成事業","https://www.city.nishio.aichi.jp/kosodate/teate/1005129/1006555.html","愛知県がん患者妊よう性温存治療費助成事業","愛知県がん患者妊よう性温存治療費助成事業｜西尾市公式ウェブサイト 当ホームページではjavascriptを使用しています。 javascriptの使用を有効にしなければ、一部の機能が正確に動作しない恐れがあります。お手数ですがjavascriptの使用を有効にしてください。 エンターキーを押すと、ナビゲーション部分をスキップし本文へ移動します。 サイトマップ Select Language English 中文（简体字） 中文（繁體字）"
"西尾市","strong","75","障害を理由とする差別の解消に関する相談","https://www.city.nishio.aichi.jp/kenkofukushi/shogai/1009997.html","障害を理由とする差別の解消に関する相談","障害を理由とする差別の解消に関する相談｜西尾市公式ウェブサイト 当ホームページではjavascriptを使用しています。 javascriptの使用を有効にしなければ、一部の機能が正確に動作しない恐れがあります。お手数ですがjavascriptの使用を有効にしてください。 エンターキーを押すと、ナビゲーション部分をスキップし本文へ移動します。 サイトマップ Select Language English 中文（简体字） 中文（繁體字） "
"西尾市","strong","75","西尾市民間木造住宅耐震改修費等補助事業補助金","https://www.city.nishio.aichi.jp/kurashi/bosai/1001366/1004494.html","西尾市民間木造住宅耐震改修費等補助事業補助金","西尾市民間木造住宅耐震改修費等補助事業補助金｜西尾市公式ウェブサイト 当ホームページではjavascriptを使用しています。 javascriptの使用を有効にしなければ、一部の機能が正確に動作しない恐れがあります。お手数ですがjavascriptの使用を有効にしてください。 エンターキーを押すと、ナビゲーション部分をスキップし本文へ移動します。 サイトマップ Select Language English 中文（简体字） 中文（繁體"
"刈谷市","strong","74","創業支援等事業計画","https://www.city.kariya.lg.jp/sangyo/shinkoku/1014343.html","創業支援等事業計画","創業支援等事業計画｜刈谷市ホームページ 当ホームページではjavascriptを使用しています。 javascriptの使用を有効にしなければ、一部の機能が正確に動作しない恐れがあります。お手数ですがjavascriptの使用を有効にしてください。 エンターキーを押すと、ナビゲーション部分をスキップし本文へ移動します。 サイトマップ 文字サイズ・配色の変更 Foreign Language English portugues 한국어 中"
"刈谷市","strong","74","健康診査","https://www.city.kariya.lg.jp/kurashi/kenkoiryo/kenkoshinsa/index.html","健康診査","健康診査｜刈谷市ホームページ 当ホームページではjavascriptを使用しています。 javascriptの使用を有効にしなければ、一部の機能が正確に動作しない恐れがあります。お手数ですがjavascriptの使用を有効にしてください。 エンターキーを押すと、ナビゲーション部分をスキップし本文へ移動します。 サイトマップ 文字サイズ・配色の変更 Foreign Language English portugues 한국어 中文（简化字"
"刈谷市","strong","74","令和8年度 個別予防接種（こども）指定医療機関一覧","https://www.city.kariya.lg.jp/kurashi/kenkoiryo/yobosessyu/1018597.html","令和8年度 個別予防接種（こども）指定医療機関一覧","令和8年度 個別予防接種（こども）指定医療機関一覧｜刈谷市ホームページ 当ホームページではjavascriptを使用しています。 javascriptの使用を有効にしなければ、一部の機能が正確に動作しない恐れがあります。お手数ですがjavascriptの使用を有効にしてください。 エンターキーを押すと、ナビゲーション部分をスキップし本文へ移動します。 サイトマップ 文字サイズ・配色の変更 Foreign Language English"
"豊田市","strong","74","後期高齢者医療制度","https://www.city.toyota.aichi.jp/zeihoken/koreishairyo/index.html","後期高齢者医療制度","後期高齢者医療制度｜豊田市 当ホームページではjavascriptを使用しています。 javascriptの使用を有効にしなければ、一部の機能が正確に動作しない恐れがあります。お手数ですがjavascriptの使用を有効にしてください。 エンターキーを押すと、ナビゲーション部分をスキップし本文へ移動します。 豊田市 TOYOTA CITY サイト メニュー 庁舎案内 Select Language Afrikaans Albanian "
"豊田市","strong","74","妊娠・出産の助成","https://www.city.toyota.aichi.jp/kosodategakko/ninshin/1073751/index.html","妊娠・出産の助成","妊娠・出産の助成｜豊田市 当ホームページではjavascriptを使用しています。 javascriptの使用を有効にしなければ、一部の機能が正確に動作しない恐れがあります。お手数ですがjavascriptの使用を有効にしてください。 エンターキーを押すと、ナビゲーション部分をスキップし本文へ移動します。 豊田市 TOYOTA CITY サイト メニュー 庁舎案内 Select Language Afrikaans Albanian A"
"豊田市","strong","74","後期高齢者医療に関する軽減・減免等","https://www.city.toyota.aichi.jp/zeihoken/koreishairyo/1073344/index.html","後期高齢者医療に関する軽減・減免等","後期高齢者医療に関する軽減・減免等｜豊田市 当ホームページではjavascriptを使用しています。 javascriptの使用を有効にしなければ、一部の機能が正確に動作しない恐れがあります。お手数ですがjavascriptの使用を有効にしてください。 エンターキーを押すと、ナビゲーション部分をスキップし本文へ移動します。 豊田市 TOYOTA CITY サイト メニュー 庁舎案内 Select Language Afrikaans A"
"豊田市","strong","74","定住・移住促進制度に関すること","https://www.city.toyota.aichi.jp/sumaikankyo/sumaitochi/teiju/1073798/index.html","定住・移住促進制度に関すること","定住・移住促進制度に関すること｜豊田市 当ホームページではjavascriptを使用しています。 javascriptの使用を有効にしなければ、一部の機能が正確に動作しない恐れがあります。お手数ですがjavascriptの使用を有効にしてください。 エンターキーを押すと、ナビゲーション部分をスキップし本文へ移動します。 豊田市 TOYOTA CITY サイト メニュー 庁舎案内 Select Language Afrikaans Alb"
"安城市","strong","74","安城市","https://www.city.anjo.aichi.jp/kurasu/fukushikaigo/iryo/kodomoiryosinseisyo.html","子ども医療に関する申請書","安城市／子ども医療に関する申請書 このサイトではJavaScriptを使用したコンテンツ・機能を提供しています。JavaScriptを有効にするとご利用いただけます。 本文へスキップします。 安城市 受け継ぐ想いを 未来へ届ける 望遠郷 サイト内検索 ページID検索 設定 文字サイズ・色合い変更 Language メニュー 閉じる 緊急 情報 緊急情報 閉じる ホーム 生活・サービス 教育・学習 観光・文化・スポーツ 産業・入札 市政情"
"安城市","strong","74","安城市","https://www.city.anjo.aichi.jp/kurasu/fukushikaigo/iryo/bosiiryosinseisyo.html","母子・父子家庭医療に関する申請書","安城市／母子・父子家庭医療に関する申請書 このサイトではJavaScriptを使用したコンテンツ・機能を提供しています。JavaScriptを有効にするとご利用いただけます。 本文へスキップします。 安城市 受け継ぐ想いを 未来へ届ける 望遠郷 サイト内検索 ページID検索 設定 文字サイズ・色合い変更 Language メニュー 閉じる 緊急 情報 緊急情報 閉じる ホーム 生活・サービス 教育・学習 観光・文化・スポーツ 産業・入札"
"安城市","strong","74","安城市","https://www.city.anjo.aichi.jp/kurasu/fukushikaigo/koureisya/hochouki.html","高齢者補聴器購入費助成金","安城市／安城市高齢者補聴器購入費助成事業 このサイトではJavaScriptを使用したコンテンツ・機能を提供しています。JavaScriptを有効にするとご利用いただけます。 本文へスキップします。 安城市 受け継ぐ想いを 未来へ届ける 望遠郷 サイト内検索 ページID検索 設定 文字サイズ・色合い変更 Language メニュー 閉じる 緊急 情報 緊急情報 閉じる ホーム 生活・サービス 教育・学習 観光・文化・スポーツ 産業・入札"
"安城市","strong","74","安城市","https://www.city.anjo.aichi.jp/manabu/gakko/shogaku/shyugakusyorei.html","就学奨励費","安城市／就学奨励費 このサイトではJavaScriptを使用したコンテンツ・機能を提供しています。JavaScriptを有効にするとご利用いただけます。 本文へスキップします。 安城市 受け継ぐ想いを 未来へ届ける 望遠郷 サイト内検索 ページID検索 設定 文字サイズ・色合い変更 Language メニュー 閉じる 緊急 情報 緊急情報 閉じる ホーム 生活・サービス 教育・学習 観光・文化・スポーツ 産業・入札 市政情報 ホーム >"
"安城市","strong","74","安城市","https://www.city.anjo.aichi.jp/shisei/jouhou-hassin/2013koe-kategori/2013hukusikaigoiryou.html","福祉・介護・医療","安城市／「市民の声：福祉・介護・医療」 このサイトではJavaScriptを使用したコンテンツ・機能を提供しています。JavaScriptを有効にするとご利用いただけます。 本文へスキップします。 安城市 受け継ぐ想いを 未来へ届ける 望遠郷 サイト内検索 ページID検索 設定 文字サイズ・色合い変更 Language メニュー 閉じる 緊急 情報 緊急情報 閉じる ホーム 生活・サービス 教育・学習 観光・文化・スポーツ 産業・入札 "
"安城市","strong","74","安城市","https://www.city.anjo.aichi.jp/kurasu/hokennenkin/nenkin/kyufukinr7.html","年金生活者支援給付金～9月より新規対象者に通知が届きます～","安城市／年金生活者支援給付金～9月より新規対象者に通知が届きます～ このサイトではJavaScriptを使用したコンテンツ・機能を提供しています。JavaScriptを有効にするとご利用いただけます。 本文へスキップします。 安城市 受け継ぐ想いを 未来へ届ける 望遠郷 サイト内検索 ページID検索 設定 文字サイズ・色合い変更 Language メニュー 閉じる 緊急 情報 緊急情報 閉じる ホーム 生活・サービス 教育・学習 観光・"
"西尾市","strong","74","ひとり親世帯への手当・助成","https://www.city.nishio.aichi.jp/kosodate/teate/1005128/index.html","ひとり親世帯への手当・助成","ひとり親世帯への手当・助成｜西尾市公式ウェブサイト 当ホームページではjavascriptを使用しています。 javascriptの使用を有効にしなければ、一部の機能が正確に動作しない恐れがあります。お手数ですがjavascriptの使用を有効にしてください。 エンターキーを押すと、ナビゲーション部分をスキップし本文へ移動します。 サイトマップ Select Language English 中文（简体字） 中文（繁體字） 한국어 Po"
"蒲郡市","strong","74","令和6年能登半島地震で被災された方への市営住宅の提供について - 建築住宅課 - 愛知県蒲郡市公式ホームページ","https://www.city.gamagori.lg.jp/site/kenchiku/siei-saigainyukyo.html","令和6年能登半島地震で被災された方への市営住宅の提供について","令和6年能登半島地震で被災された方への市営住宅の提供について - 建築住宅課 - 愛知県蒲郡市公式ホームページ ページの先頭です。 メニューを飛ばして本文へ メニュー 検索 JavaScriptが無効のため、文字の大きさ・背景色を変更する機能を使用できません。 本文へ Foreign language 音声読み上げ ふりがな 閲覧補助 文字サイズ 拡大 標準 背景色 白 黒 青 閉じる 休日・救急医療 安心・ひろめーる AED設置場所 "
"蒲郡市","strong","74","予防接種 - 子育てポータルサイト - 愛知県蒲郡市公式ホームページ","https://www.city.gamagori.lg.jp/site/kosodate/yobosessyu.html","予防接種","予防接種 - 子育てポータルサイト - 愛知県蒲郡市公式ホームページ ページの先頭です。 メニューを飛ばして本文へ メニュー 検索 JavaScriptが無効のため、文字の大きさ・背景色を変更する機能を使用できません。 本文へ Foreign language 音声読み上げ ふりがな 閲覧補助 文字サイズ 拡大 標準 背景色 白 黒 青 閉じる 休日・救急医療 安心・ひろめーる AED設置場所 緊急・防災情報 くらし・手続 防災・安全安"
"蒲郡市","strong","74","交通安全・防犯 - 愛知県蒲郡市公式ホームページ","https://www.city.gamagori.lg.jp/life/1/3/49/","交通安全・防犯","交通安全・防犯 - 愛知県蒲郡市公式ホームページ ページの先頭です。 メニューを飛ばして本文へ メニュー 検索 JavaScriptが無効のため、文字の大きさ・背景色を変更する機能を使用できません。 本文へ Foreign language 音声読み上げ ふりがな 閲覧補助 文字サイズ 拡大 標準 背景色 白 黒 青 閉じる 休日・救急医療 安心・ひろめーる AED設置場所 緊急・防災情報 くらし・手続 防災・安全安心 マイナンバーカー"
"刈谷市","strong","73","バリアフリー改修工事費補助制度（事業所向け）","https://www.city.kariya.lg.jp/mokuteki/riyou/1007198/1007238.html","バリアフリー改修工事費補助制度（事業所向け）","バリアフリー改修工事費補助制度（事業所向け）｜刈谷市ホームページ 当ホームページではjavascriptを使用しています。 javascriptの使用を有効にしなければ、一部の機能が正確に動作しない恐れがあります。お手数ですがjavascriptの使用を有効にしてください。 エンターキーを押すと、ナビゲーション部分をスキップし本文へ移動します。 サイトマップ 文字サイズ・配色の変更 Foreign Language English po"
"刈谷市","strong","73","アスベスト対策費補助制度","https://www.city.kariya.lg.jp/mokuteki/riyou/1007198/1007240.html","アスベスト対策費補助制度","アスベスト対策費補助制度｜刈谷市ホームページ 当ホームページではjavascriptを使用しています。 javascriptの使用を有効にしなければ、一部の機能が正確に動作しない恐れがあります。お手数ですがjavascriptの使用を有効にしてください。 エンターキーを押すと、ナビゲーション部分をスキップし本文へ移動します。 サイトマップ 文字サイズ・配色の変更 Foreign Language English portugues 한국"
"刈谷市","strong","73","住宅セーフティネット制度","https://www.city.kariya.lg.jp/kurashi/sumai/1011780.html","住宅セーフティネット制度","住宅セーフティネット制度｜刈谷市ホームページ 当ホームページではjavascriptを使用しています。 javascriptの使用を有効にしなければ、一部の機能が正確に動作しない恐れがあります。お手数ですがjavascriptの使用を有効にしてください。 エンターキーを押すと、ナビゲーション部分をスキップし本文へ移動します。 サイトマップ 文字サイズ・配色の変更 Foreign Language English portugues 한국"
"刈谷市","strong","73","アクセシブルライブラリー（視覚障害者向け電子図書館）","https://www.city.kariya.lg.jp/chuotosyokan/information/1017482.html","アクセシブルライブラリー（視覚障害者向け電子図書館）","アクセシブルライブラリー（視覚障害者向け電子図書館）｜刈谷市ホームページ 当ホームページではjavascriptを使用しています。 javascriptの使用を有効にしなければ、一部の機能が正確に動作しない恐れがあります。お手数ですがjavascriptの使用を有効にしてください。 エンターキーを押すと、ナビゲーション部分をスキップし本文へ移動します。 サイトマップ 文字サイズ・配色の変更 Foreign Language Englis"
"刈谷市","strong","73","刈谷市中小企業退職金共済制度加入促進補助金","https://www.city.kariya.lg.jp/sangyo/yushi/1011848/1006273.html","刈谷市中小企業退職金共済制度加入促進補助金","刈谷市中小企業退職金共済制度加入促進補助金｜刈谷市ホームページ 当ホームページではjavascriptを使用しています。 javascriptの使用を有効にしなければ、一部の機能が正確に動作しない恐れがあります。お手数ですがjavascriptの使用を有効にしてください。 エンターキーを押すと、ナビゲーション部分をスキップし本文へ移動します。 サイトマップ 文字サイズ・配色の変更 Foreign Language English por"
"刈谷市","strong","73","子育てガイドブック作成事業に関する業務委託事業者の公募について","https://www.city.kariya.lg.jp/kosodate/syussan/1020526.html","子育てガイドブック作成事業に関する業務委託事業者の公募について","子育てガイドブック作成事業に関する業務委託事業者の公募について｜刈谷市ホームページ 当ホームページではjavascriptを使用しています。 javascriptの使用を有効にしなければ、一部の機能が正確に動作しない恐れがあります。お手数ですがjavascriptの使用を有効にしてください。 エンターキーを押すと、ナビゲーション部分をスキップし本文へ移動します。 サイトマップ 文字サイズ・配色の変更 Foreign Language E"
"刈谷市","strong","73","申請書ダウンロード","https://www.city.kariya.lg.jp/shinseisho/index.html","","申請書ダウンロード｜刈谷市ホームページ 当ホームページではjavascriptを使用しています。 javascriptの使用を有効にしなければ、一部の機能が正確に動作しない恐れがあります。お手数ですがjavascriptの使用を有効にしてください。 エンターキーを押すと、ナビゲーション部分をスキップし本文へ移動します。 サイトマップ 文字サイズ・配色の変更 Foreign Language English portugues 한국어 中"
"刈谷市","strong","73","妊婦健康診査","https://www.city.kariya.lg.jp/kurashi/kenkoiryo/kenkoshinsa/1003349.html","妊婦健康診査","妊婦健康診査｜刈谷市ホームページ 当ホームページではjavascriptを使用しています。 javascriptの使用を有効にしなければ、一部の機能が正確に動作しない恐れがあります。お手数ですがjavascriptの使用を有効にしてください。 エンターキーを押すと、ナビゲーション部分をスキップし本文へ移動します。 サイトマップ 文字サイズ・配色の変更 Foreign Language English portugues 한국어 中文（简"
"刈谷市","strong","73","特定健康診査・がん検診等が受診できる医療機関はどこ？","https://www.city.kariya.lg.jp/kurashi/kenkoiryo/kenkoshinsa/1003359.html","特定健康診査・がん検診等が受診できる医療機関はどこ？","特定健康診査・がん検診等が受診できる医療機関はどこ？｜刈谷市ホームページ 当ホームページではjavascriptを使用しています。 javascriptの使用を有効にしなければ、一部の機能が正確に動作しない恐れがあります。お手数ですがjavascriptの使用を有効にしてください。 エンターキーを押すと、ナビゲーション部分をスキップし本文へ移動します。 サイトマップ 文字サイズ・配色の変更 Foreign Language Englis"
"刈谷市","strong","73","受診できる医療機関（歯科）","https://www.city.kariya.lg.jp/kurashi/kenkoiryo/kenkoshinsa/1003377.html","受診できる医療機関（歯科）","受診できる医療機関（歯科）｜刈谷市ホームページ 当ホームページではjavascriptを使用しています。 javascriptの使用を有効にしなければ、一部の機能が正確に動作しない恐れがあります。お手数ですがjavascriptの使用を有効にしてください。 エンターキーを押すと、ナビゲーション部分をスキップし本文へ移動します。 サイトマップ 文字サイズ・配色の変更 Foreign Language English portugues 한"
"刈谷市","strong","73","特定公共賃貸住宅入居者募集案内","https://www.city.kariya.lg.jp/kurashi/sumai/chintai/1003803.html","特定公共賃貸住宅入居者募集案内","特定公共賃貸住宅入居者募集案内｜刈谷市ホームページ 当ホームページではjavascriptを使用しています。 javascriptの使用を有効にしなければ、一部の機能が正確に動作しない恐れがあります。お手数ですがjavascriptの使用を有効にしてください。 エンターキーを押すと、ナビゲーション部分をスキップし本文へ移動します。 サイトマップ 文字サイズ・配色の変更 Foreign Language English portugues"
"刈谷市","strong","73","特定公共賃貸住宅の申込資格・方法","https://www.city.kariya.lg.jp/kurashi/sumai/chintai/1003805.html","特定公共賃貸住宅の申込資格・方法","特定公共賃貸住宅の申込資格・方法｜刈谷市ホームページ 当ホームページではjavascriptを使用しています。 javascriptの使用を有効にしなければ、一部の機能が正確に動作しない恐れがあります。お手数ですがjavascriptの使用を有効にしてください。 エンターキーを押すと、ナビゲーション部分をスキップし本文へ移動します。 サイトマップ 文字サイズ・配色の変更 Foreign Language English portugue"
"刈谷市","strong","73","民間住宅瓦屋根耐風診断・耐風改修補助","https://www.city.kariya.lg.jp/kurashi/sumai/jyosei/1017270.html","民間住宅瓦屋根耐風診断・耐風改修補助","民間住宅瓦屋根耐風診断・耐風改修補助｜刈谷市ホームページ 当ホームページではjavascriptを使用しています。 javascriptの使用を有効にしなければ、一部の機能が正確に動作しない恐れがあります。お手数ですがjavascriptの使用を有効にしてください。 エンターキーを押すと、ナビゲーション部分をスキップし本文へ移動します。 サイトマップ 文字サイズ・配色の変更 Foreign Language English portug"
"刈谷市","strong","73","緊急輸送道路等沿道建築物耐震診断費・耐震改修費等補助","https://www.city.kariya.lg.jp/kurashi/sumai/jyosei/1003820.html","緊急輸送道路等沿道建築物耐震診断費・耐震改修費等補助","緊急輸送道路等沿道建築物耐震診断費・耐震改修費等補助｜刈谷市ホームページ 当ホームページではjavascriptを使用しています。 javascriptの使用を有効にしなければ、一部の機能が正確に動作しない恐れがあります。お手数ですがjavascriptの使用を有効にしてください。 エンターキーを押すと、ナビゲーション部分をスキップし本文へ移動します。 サイトマップ 文字サイズ・配色の変更 Foreign Language Englis"
"刈谷市","strong","73","介護保険サービスご利用内容のお知らせ（介護給付費通知書）通知廃止について","https://www.city.kariya.lg.jp/kurashi/fukushikaigo/koureishafukushi/1003456/1018918.html","介護保険サービスご利用内容のお知らせ（介護給付費通知書）通知廃止について","介護保険サービスご利用内容のお知らせ（介護給付費通知書）通知廃止について｜刈谷市ホームページ 当ホームページではjavascriptを使用しています。 javascriptの使用を有効にしなければ、一部の機能が正確に動作しない恐れがあります。お手数ですがjavascriptの使用を有効にしてください。 エンターキーを押すと、ナビゲーション部分をスキップし本文へ移動します。 サイトマップ 文字サイズ・配色の変更 Foreign Langu"
"豊田市","strong","73","後期高齢者医療 葬祭費","https://www.city.toyota.aichi.jp/zeihoken/koreishairyo/1073343/1003286.html","後期高齢者医療 葬祭費","後期高齢者医療 葬祭費｜豊田市 当ホームページではjavascriptを使用しています。 javascriptの使用を有効にしなければ、一部の機能が正確に動作しない恐れがあります。お手数ですがjavascriptの使用を有効にしてください。 エンターキーを押すと、ナビゲーション部分をスキップし本文へ移動します。 豊田市 TOYOTA CITY サイト メニュー 庁舎案内 Select Language Afrikaans Albania"
"豊田市","strong","73","総合野外センター及び青少年センター使用料減免に関する審査基準","https://www.city.toyota.aichi.jp/kosodategakko/seishonen/1073330/1008247.html","総合野外センター及び青少年センター使用料減免に関する審査基準","総合野外センター及び青少年センター使用料減免に関する審査基準｜豊田市 当ホームページではjavascriptを使用しています。 javascriptの使用を有効にしなければ、一部の機能が正確に動作しない恐れがあります。お手数ですがjavascriptの使用を有効にしてください。 エンターキーを押すと、ナビゲーション部分をスキップし本文へ移動します。 豊田市 TOYOTA CITY サイト メニュー 庁舎案内 Select Languag"
"豊田市","strong","73","青少年育成団体を対象とする補助金制度","https://www.city.toyota.aichi.jp/kosodategakko/seishonen/1073330/1002783.html","青少年育成団体を対象とする補助金制度","青少年育成団体を対象とする補助金制度｜豊田市 当ホームページではjavascriptを使用しています。 javascriptの使用を有効にしなければ、一部の機能が正確に動作しない恐れがあります。お手数ですがjavascriptの使用を有効にしてください。 エンターキーを押すと、ナビゲーション部分をスキップし本文へ移動します。 豊田市 TOYOTA CITY サイト メニュー 庁舎案内 Select Language Afrikaans "
"豊田市","strong","73","令和8年度 自転車乗車用ヘルメット購入費補助金","https://www.city.toyota.aichi.jp/bosaianzen/bohan/anzen/1073313/1042386.html","令和8年度 自転車乗車用ヘルメット購入費補助金","令和8年度 自転車乗車用ヘルメット購入費補助金｜豊田市 当ホームページではjavascriptを使用しています。 javascriptの使用を有効にしなければ、一部の機能が正確に動作しない恐れがあります。お手数ですがjavascriptの使用を有効にしてください。 エンターキーを押すと、ナビゲーション部分をスキップし本文へ移動します。 豊田市 TOYOTA CITY サイト メニュー 庁舎案内 Select Language Afrik"
"豊田市","strong","73","豊田市校区交通安全推進事業補助金","https://www.city.toyota.aichi.jp/bosaianzen/bohan/anzen/1073313/1003723.html","豊田市校区交通安全推進事業補助金","豊田市校区交通安全推進事業補助金｜豊田市 当ホームページではjavascriptを使用しています。 javascriptの使用を有効にしなければ、一部の機能が正確に動作しない恐れがあります。お手数ですがjavascriptの使用を有効にしてください。 エンターキーを押すと、ナビゲーション部分をスキップし本文へ移動します。 豊田市 TOYOTA CITY サイト メニュー 庁舎案内 Select Language Afrikaans Al"
"豊田市","strong","73","令和8年度 特殊詐欺被害等防止機器購入費補助金","https://www.city.toyota.aichi.jp/bosaianzen/bohan/bouhan/1053196.html","令和8年度 特殊詐欺被害等防止機器購入費補助金","令和8年度 特殊詐欺被害等防止機器購入費補助金｜豊田市 当ホームページではjavascriptを使用しています。 javascriptの使用を有効にしなければ、一部の機能が正確に動作しない恐れがあります。お手数ですがjavascriptの使用を有効にしてください。 エンターキーを押すと、ナビゲーション部分をスキップし本文へ移動します。 豊田市 TOYOTA CITY サイト メニュー 庁舎案内 Select Language Afrik"
"豊田市","strong","73","自主防災会設置助成制度","https://www.city.toyota.aichi.jp/bosaianzen/bosai/1073249/bousaishien/1002559.html","自主防災会設置助成制度","自主防災会設置助成制度｜豊田市 当ホームページではjavascriptを使用しています。 javascriptの使用を有効にしなければ、一部の機能が正確に動作しない恐れがあります。お手数ですがjavascriptの使用を有効にしてください。 エンターキーを押すと、ナビゲーション部分をスキップし本文へ移動します。 豊田市 TOYOTA CITY サイト メニュー 庁舎案内 Select Language Afrikaans Albania"
"豊田市","strong","73","災害により被災された方への市税に係る支援措置について","https://www.city.toyota.aichi.jp/zeihoken/shizei/1035528.html","災害により被災された方への市税に係る支援措置について","災害により被災された方への市税に係る支援措置について｜豊田市 当ホームページではjavascriptを使用しています。 javascriptの使用を有効にしなければ、一部の機能が正確に動作しない恐れがあります。お手数ですがjavascriptの使用を有効にしてください。 エンターキーを押すと、ナビゲーション部分をスキップし本文へ移動します。 豊田市 TOYOTA CITY サイト メニュー 庁舎案内 Select Language Af"
"豊田市","strong","73","児童扶養手当","https://www.city.toyota.aichi.jp/kosodategakko/kosodate/1027167/1073648/1003497.html","児童扶養手当","児童扶養手当｜豊田市 当ホームページではjavascriptを使用しています。 javascriptの使用を有効にしなければ、一部の機能が正確に動作しない恐れがあります。お手数ですがjavascriptの使用を有効にしてください。 エンターキーを押すと、ナビゲーション部分をスキップし本文へ移動します。 豊田市 TOYOTA CITY サイト メニュー 庁舎案内 Select Language Afrikaans Albanian Amh"
"豊田市","strong","73","障がい基礎年金等を受給している場合の児童扶養手当の計算方法の変更について","https://www.city.toyota.aichi.jp/kosodategakko/kosodate/1027167/1073648/1042000.html","障がい基礎年金等を受給している場合の児童扶養手当の計算方法の変更について","障がい基礎年金等を受給している場合の児童扶養手当の計算方法の変更について｜豊田市 当ホームページではjavascriptを使用しています。 javascriptの使用を有効にしなければ、一部の機能が正確に動作しない恐れがあります。お手数ですがjavascriptの使用を有効にしてください。 エンターキーを押すと、ナビゲーション部分をスキップし本文へ移動します。 豊田市 TOYOTA CITY サイト メニュー 庁舎案内 Select L"
"豊田市","strong","73","愛知県遺児手当","https://www.city.toyota.aichi.jp/kosodategakko/kosodate/1027167/1073648/1003502.html","愛知県遺児手当","愛知県遺児手当｜豊田市 当ホームページではjavascriptを使用しています。 javascriptの使用を有効にしなければ、一部の機能が正確に動作しない恐れがあります。お手数ですがjavascriptの使用を有効にしてください。 エンターキーを押すと、ナビゲーション部分をスキップし本文へ移動します。 豊田市 TOYOTA CITY サイト メニュー 庁舎案内 Select Language Afrikaans Albanian Am"
"西尾市","strong","73","西尾市障害者虐待防止センター","https://www.city.nishio.aichi.jp/kenkofukushi/shogai/1002518.html","西尾市障害者虐待防止センター","西尾市障害者虐待防止センター｜西尾市公式ウェブサイト 当ホームページではjavascriptを使用しています。 javascriptの使用を有効にしなければ、一部の機能が正確に動作しない恐れがあります。お手数ですがjavascriptの使用を有効にしてください。 エンターキーを押すと、ナビゲーション部分をスキップし本文へ移動します。 サイトマップ Select Language English 中文（简体字） 中文（繁體字） 한국어 P"
"刈谷市","strong","72","水道","https://www.city.kariya.lg.jp/kurashi/suido/index.html","水道","水道｜刈谷市ホームページ 当ホームページではjavascriptを使用しています。 javascriptの使用を有効にしなければ、一部の機能が正確に動作しない恐れがあります。お手数ですがjavascriptの使用を有効にしてください。 エンターキーを押すと、ナビゲーション部分をスキップし本文へ移動します。 サイトマップ 文字サイズ・配色の変更 Foreign Language English portugues 한국어 中文（简化字） "
"刈谷市","strong","72","事業者の方へ","https://www.city.kariya.lg.jp/kurashi/suido/jigyosha/index.html","事業者の方へ","事業者の方へ｜刈谷市ホームページ 当ホームページではjavascriptを使用しています。 javascriptの使用を有効にしなければ、一部の機能が正確に動作しない恐れがあります。お手数ですがjavascriptの使用を有効にしてください。 エンターキーを押すと、ナビゲーション部分をスキップし本文へ移動します。 サイトマップ 文字サイズ・配色の変更 Foreign Language English portugues 한국어 中文（简"
"豊田市","strong","72","国民健康保険の給付","https://www.city.toyota.aichi.jp/zeihoken/kokuho/1073339/index.html","国民健康保険の給付","国民健康保険の給付｜豊田市 当ホームページではjavascriptを使用しています。 javascriptの使用を有効にしなければ、一部の機能が正確に動作しない恐れがあります。お手数ですがjavascriptの使用を有効にしてください。 エンターキーを押すと、ナビゲーション部分をスキップし本文へ移動します。 豊田市 TOYOTA CITY サイト メニュー 庁舎案内 Select Language Afrikaans Albanian "
"豊田市","strong","72","後期高齢者医療の給付","https://www.city.toyota.aichi.jp/zeihoken/koreishairyo/1073343/index.html","後期高齢者医療の給付","後期高齢者医療の給付｜豊田市 当ホームページではjavascriptを使用しています。 javascriptの使用を有効にしなければ、一部の機能が正確に動作しない恐れがあります。お手数ですがjavascriptの使用を有効にしてください。 エンターキーを押すと、ナビゲーション部分をスキップし本文へ移動します。 豊田市 TOYOTA CITY サイト メニュー 庁舎案内 Select Language Afrikaans Albanian"
"豊田市","strong","72","障がい者手帳・医療費申請","https://www.city.toyota.aichi.jp/kenkoiryo/shogai/1073266/index.html","障がい者手帳・医療費申請","障がい者手帳・医療費申請｜豊田市 当ホームページではjavascriptを使用しています。 javascriptの使用を有効にしなければ、一部の機能が正確に動作しない恐れがあります。お手数ですがjavascriptの使用を有効にしてください。 エンターキーを押すと、ナビゲーション部分をスキップし本文へ移動します。 豊田市 TOYOTA CITY サイト メニュー 庁舎案内 Select Language Afrikaans Albani"
"豊田市","strong","72","新着更新情報","https://www.city.toyota.aichi.jp/arrival.html","新着更新情報","新着更新情報｜豊田市 当ホームページではjavascriptを使用しています。 javascriptの使用を有効にしなければ、一部の機能が正確に動作しない恐れがあります。お手数ですがjavascriptの使用を有効にしてください。 エンターキーを押すと、ナビゲーション部分をスキップし本文へ移動します。 豊田市 TOYOTA CITY サイト メニュー 庁舎案内 Select Language Afrikaans Albanian Amh"
"豊田市","strong","72","給食にかかわる手当・助成","https://www.city.toyota.aichi.jp/kosodategakko/kosodate/teate/1073767/index.html","給食にかかわる手当・助成","給食にかかわる手当・助成｜豊田市 当ホームページではjavascriptを使用しています。 javascriptの使用を有効にしなければ、一部の機能が正確に動作しない恐れがあります。お手数ですがjavascriptの使用を有効にしてください。 エンターキーを押すと、ナビゲーション部分をスキップし本文へ移動します。 豊田市 TOYOTA CITY サイト メニュー 庁舎案内 Select Language Afrikaans Albani"
"安城市","strong","72","安城市","https://www.city.anjo.aichi.jp/zigyo/syoko/carbonneutral/202341carbonneutral.html","カーボンニュートラル推進事業補助金（設備導入等支援事業）","安城市／カーボンニュートラル推進事業補助金（設備導入等支援事業） このサイトではJavaScriptを使用したコンテンツ・機能を提供しています。JavaScriptを有効にするとご利用いただけます。 本文へスキップします。 安城市 受け継ぐ想いを 未来へ届ける 望遠郷 サイト内検索 ページID検索 設定 文字サイズ・色合い変更 Language メニュー 閉じる 緊急 情報 緊急情報 閉じる ホーム 生活・サービス 教育・学習 観光・文"
"西尾市","strong","72","医療費等の助成","https://www.city.nishio.aichi.jp/kenkofukushi/iryo/1005114/index.html","医療費等の助成","医療費等の助成｜西尾市公式ウェブサイト 当ホームページではjavascriptを使用しています。 javascriptの使用を有効にしなければ、一部の機能が正確に動作しない恐れがあります。お手数ですがjavascriptの使用を有効にしてください。 エンターキーを押すと、ナビゲーション部分をスキップし本文へ移動します。 サイトマップ Select Language English 中文（简体字） 中文（繁體字） 한국어 Portuguê"
"西尾市","strong","72","高齢者支援","https://www.city.nishio.aichi.jp/kenkofukushi/kourei/1001451/index.html","高齢者支援","高齢者支援｜西尾市公式ウェブサイト 当ホームページではjavascriptを使用しています。 javascriptの使用を有効にしなければ、一部の機能が正確に動作しない恐れがあります。お手数ですがjavascriptの使用を有効にしてください。 エンターキーを押すと、ナビゲーション部分をスキップし本文へ移動します。 サイトマップ Select Language English 中文（简体字） 中文（繁體字） 한국어 Português "
"蒲郡市","strong","72","健康・福祉 - 愛知県蒲郡市公式ホームページ","https://www.city.gamagori.lg.jp/life/13/","健康・福祉","健康・福祉 - 愛知県蒲郡市公式ホームページ ページの先頭です。 メニューを飛ばして本文へ メニュー 検索 JavaScriptが無効のため、文字の大きさ・背景色を変更する機能を使用できません。 本文へ Foreign language 音声読み上げ ふりがな 閲覧補助 文字サイズ 拡大 標準 背景色 白 黒 青 閉じる 休日・救急医療 安心・ひろめーる AED設置場所 緊急・防災情報 くらし・手続 防災・安全安心 マイナンバーカード・"
"蒲郡市","strong","72","障がい者歯科診療所 - 蒲郡市保健医療センター - 愛知県蒲郡市公式ホームページ","https://www.city.gamagori.lg.jp/site/hokencenter/syougaisyashika.html","障がい者歯科診療所","障がい者歯科診療所 - 蒲郡市保健医療センター - 愛知県蒲郡市公式ホームページ ページの先頭です。 メニューを飛ばして本文へ メニュー 検索 JavaScriptが無効のため、文字の大きさ・背景色を変更する機能を使用できません。 本文へ Foreign language 音声読み上げ ふりがな 閲覧補助 文字サイズ 拡大 標準 背景色 白 黒 青 閉じる 休日・救急医療 安心・ひろめーる AED設置場所 緊急・防災情報 くらし・手続 "
"蒲郡市","strong","72","空家 - 愛知県蒲郡市公式ホームページ","https://www.city.gamagori.lg.jp/life/1/37/327/","空家","空家 - 愛知県蒲郡市公式ホームページ ページの先頭です。 メニューを飛ばして本文へ メニュー 検索 JavaScriptが無効のため、文字の大きさ・背景色を変更する機能を使用できません。 本文へ Foreign language 音声読み上げ ふりがな 閲覧補助 文字サイズ 拡大 標準 背景色 白 黒 青 閉じる 休日・救急医療 安心・ひろめーる AED設置場所 緊急・防災情報 くらし・手続 防災・安全安心 マイナンバーカード・電子証"
"蒲郡市","strong","72","後期高齢者福祉医療費給付制度 - 愛知県蒲郡市公式ホームページ","https://www.city.gamagori.lg.jp/unit/nenkin/koukikourei007.html","後期高齢者福祉医療費給付制度","後期高齢者福祉医療費給付制度 - 愛知県蒲郡市公式ホームページ ページの先頭です。 メニューを飛ばして本文へ メニュー 検索 JavaScriptが無効のため、文字の大きさ・背景色を変更する機能を使用できません。 本文へ Foreign language 音声読み上げ ふりがな 閲覧補助 文字サイズ 拡大 標準 背景色 白 黒 青 閉じる 休日・救急医療 安心・ひろめーる AED設置場所 緊急・防災情報 くらし・手続 防災・安全安心 マ"
"蒲郡市","strong","72","家事支援事業〈のこのこ子育て支援事業〉 - こども家庭センター - 愛知県蒲郡市公式ホームページ","https://www.city.gamagori.lg.jp/site/uminoko/kazisien.html","家事支援事業〈のこのこ子育て支援事業〉","家事支援事業〈のこのこ子育て支援事業〉 - こども家庭センター - 愛知県蒲郡市公式ホームページ ページの先頭です。 メニューを飛ばして本文へ メニュー 検索 JavaScriptが無効のため、文字の大きさ・背景色を変更する機能を使用できません。 本文へ Foreign language 音声読み上げ ふりがな 閲覧補助 文字サイズ 拡大 標準 背景色 白 黒 青 閉じる 休日・救急医療 安心・ひろめーる AED設置場所 緊急・防災情報"
"蒲郡市","strong","72","助成金活用団体メッセージ - 愛知県蒲郡市公式ホームページ","https://www.city.gamagori.lg.jp/unit/kyodo/mess.html","助成金活用団体メッセージ","助成金活用団体メッセージ - 愛知県蒲郡市公式ホームページ ページの先頭です。 メニューを飛ばして本文へ メニュー 検索 JavaScriptが無効のため、文字の大きさ・背景色を変更する機能を使用できません。 本文へ Foreign language 音声読み上げ ふりがな 閲覧補助 文字サイズ 拡大 標準 背景色 白 黒 青 閉じる 休日・救急医療 安心・ひろめーる AED設置場所 緊急・防災情報 くらし・手続 防災・安全安心 マイナ"
"蒲郡市","strong","72","子ども子育て会議 - 子育て支援課 - 愛知県蒲郡市公式ホームページ","https://www.city.gamagori.lg.jp/site/subsite-kosodate/list621-2751.html","子ども子育て会議","子ども子育て会議 - 子育て支援課 - 愛知県蒲郡市公式ホームページ ページの先頭です。 メニューを飛ばして本文へ メニュー 検索 JavaScriptが無効のため、文字の大きさ・背景色を変更する機能を使用できません。 本文へ Foreign language 音声読み上げ ふりがな 閲覧補助 文字サイズ 拡大 標準 背景色 白 黒 青 閉じる 休日・救急医療 安心・ひろめーる AED設置場所 緊急・防災情報 くらし・手続 防災・安全安"
"刈谷市","strong","71","災害時の医療救護所","https://www.city.kariya.lg.jp/kurashi/anshin/1019745/1013954.html","災害時の医療救護所","災害時の医療救護所｜刈谷市ホームページ 当ホームページではjavascriptを使用しています。 javascriptの使用を有効にしなければ、一部の機能が正確に動作しない恐れがあります。お手数ですがjavascriptの使用を有効にしてください。 エンターキーを押すと、ナビゲーション部分をスキップし本文へ移動します。 サイトマップ 文字サイズ・配色の変更 Foreign Language English portugues 한국어 中"
"刈谷市","strong","71","住宅等の耐震啓発活動報償金交付制度","https://www.city.kariya.lg.jp/mokuteki/riyou/1007198/1020398.html","住宅等の耐震啓発活動報償金交付制度","住宅等の耐震啓発活動報償金交付制度｜刈谷市ホームページ 当ホームページではjavascriptを使用しています。 javascriptの使用を有効にしなければ、一部の機能が正確に動作しない恐れがあります。お手数ですがjavascriptの使用を有効にしてください。 エンターキーを押すと、ナビゲーション部分をスキップし本文へ移動します。 サイトマップ 文字サイズ・配色の変更 Foreign Language English portugu"
"刈谷市","strong","71","非木造住宅耐震改修費補助","https://www.city.kariya.lg.jp/mokuteki/riyou/1007198/1020399.html","非木造住宅耐震改修費補助","非木造住宅耐震改修費補助｜刈谷市ホームページ 当ホームページではjavascriptを使用しています。 javascriptの使用を有効にしなければ、一部の機能が正確に動作しない恐れがあります。お手数ですがjavascriptの使用を有効にしてください。 エンターキーを押すと、ナビゲーション部分をスキップし本文へ移動します。 サイトマップ 文字サイズ・配色の変更 Foreign Language English portugues 한국"
"刈谷市","strong","71","刈谷市民有地緑化補助事業のご案内","https://www.city.kariya.lg.jp/mokuteki/riyou/1007198/1007234.html","刈谷市民有地緑化補助事業のご案内","刈谷市民有地緑化補助事業のご案内｜刈谷市ホームページ 当ホームページではjavascriptを使用しています。 javascriptの使用を有効にしなければ、一部の機能が正確に動作しない恐れがあります。お手数ですがjavascriptの使用を有効にしてください。 エンターキーを押すと、ナビゲーション部分をスキップし本文へ移動します。 サイトマップ 文字サイズ・配色の変更 Foreign Language English portugue"
"刈谷市","strong","71","木造住宅無料耐震診断","https://www.city.kariya.lg.jp/mokuteki/riyou/1007198/1007236.html","木造住宅無料耐震診断","木造住宅無料耐震診断｜刈谷市ホームページ 当ホームページではjavascriptを使用しています。 javascriptの使用を有効にしなければ、一部の機能が正確に動作しない恐れがあります。お手数ですがjavascriptの使用を有効にしてください。 エンターキーを押すと、ナビゲーション部分をスキップし本文へ移動します。 サイトマップ 文字サイズ・配色の変更 Foreign Language English portugues 한국어 "
"刈谷市","strong","71","非木造住宅耐震診断費補助","https://www.city.kariya.lg.jp/mokuteki/riyou/1007198/1007237.html","非木造住宅耐震診断費補助","非木造住宅耐震診断費補助｜刈谷市ホームページ 当ホームページではjavascriptを使用しています。 javascriptの使用を有効にしなければ、一部の機能が正確に動作しない恐れがあります。お手数ですがjavascriptの使用を有効にしてください。 エンターキーを押すと、ナビゲーション部分をスキップし本文へ移動します。 サイトマップ 文字サイズ・配色の変更 Foreign Language English portugues 한국"
"刈谷市","strong","71","道路後退用地の寄附等に関する補助制度","https://www.city.kariya.lg.jp/mokuteki/riyou/1007198/1007242.html","道路後退用地の寄附等に関する補助制度","道路後退用地の寄附等に関する補助制度｜刈谷市ホームページ 当ホームページではjavascriptを使用しています。 javascriptの使用を有効にしなければ、一部の機能が正確に動作しない恐れがあります。お手数ですがjavascriptの使用を有効にしてください。 エンターキーを押すと、ナビゲーション部分をスキップし本文へ移動します。 サイトマップ 文字サイズ・配色の変更 Foreign Language English portug"
"刈谷市","strong","71","雨水貯留浸透施設設置事業補助制度（雨水タンク等）","https://www.city.kariya.lg.jp/mokuteki/riyou/1007198/1007244.html","雨水貯留浸透施設設置事業補助制度（雨水タンク等）","雨水貯留浸透施設設置事業補助制度（雨水タンク等）｜刈谷市ホームページ 当ホームページではjavascriptを使用しています。 javascriptの使用を有効にしなければ、一部の機能が正確に動作しない恐れがあります。お手数ですがjavascriptの使用を有効にしてください。 エンターキーを押すと、ナビゲーション部分をスキップし本文へ移動します。 サイトマップ 文字サイズ・配色の変更 Foreign Language English "
"刈谷市","strong","71","水洗便所設置費補助制度","https://www.city.kariya.lg.jp/kurashi/gesuido/assenn/1004345.html","水洗便所設置費補助制度","水洗便所設置費補助制度｜刈谷市ホームページ 当ホームページではjavascriptを使用しています。 javascriptの使用を有効にしなければ、一部の機能が正確に動作しない恐れがあります。お手数ですがjavascriptの使用を有効にしてください。 エンターキーを押すと、ナビゲーション部分をスキップし本文へ移動します。 サイトマップ 文字サイズ・配色の変更 Foreign Language English portugues 한국어"
"刈谷市","strong","71","雨水貯留浸透施設設置事業補助制度（浄化槽転用の場合）","https://www.city.kariya.lg.jp/kurashi/gesuido/assenn/1004346.html","雨水貯留浸透施設設置事業補助制度（浄化槽転用の場合）","雨水貯留浸透施設設置事業補助制度（浄化槽転用の場合）｜刈谷市ホームページ 当ホームページではjavascriptを使用しています。 javascriptの使用を有効にしなければ、一部の機能が正確に動作しない恐れがあります。お手数ですがjavascriptの使用を有効にしてください。 エンターキーを押すと、ナビゲーション部分をスキップし本文へ移動します。 サイトマップ 文字サイズ・配色の変更 Foreign Language Englis"
"刈谷市","strong","71","カリココKids Day","https://www.city.kariya.lg.jp/shisei/machizukuri/1022514/1019945/1019947.html","カリココKids Day","カリココKids Day｜刈谷市ホームページ 当ホームページではjavascriptを使用しています。 javascriptの使用を有効にしなければ、一部の機能が正確に動作しない恐れがあります。お手数ですがjavascriptの使用を有効にしてください。 エンターキーを押すと、ナビゲーション部分をスキップし本文へ移動します。 サイトマップ 文字サイズ・配色の変更 Foreign Language English portugues 한국"
"刈谷市","strong","71","おはなしひろば","https://www.city.kariya.lg.jp/chuotosyokan/1007263/ohanashievent/1009658.html","おはなしひろば","おはなしひろば｜刈谷市ホームページ 当ホームページではjavascriptを使用しています。 javascriptの使用を有効にしなければ、一部の機能が正確に動作しない恐れがあります。お手数ですがjavascriptの使用を有効にしてください。 エンターキーを押すと、ナビゲーション部分をスキップし本文へ移動します。 サイトマップ 文字サイズ・配色の変更 Foreign Language English portugues 한국어 中文（"
"刈谷市","strong","71","庁舎案内","https://www.city.kariya.lg.jp/shisetsu/shiyakusho/city_hall/1018585.html","庁舎案内","庁舎案内｜刈谷市ホームページ 当ホームページではjavascriptを使用しています。 javascriptの使用を有効にしなければ、一部の機能が正確に動作しない恐れがあります。お手数ですがjavascriptの使用を有効にしてください。 エンターキーを押すと、ナビゲーション部分をスキップし本文へ移動します。 サイトマップ 文字サイズ・配色の変更 Foreign Language English portugues 한국어 中文（简化字"
"刈谷市","strong","71","子育て講話","https://www.city.kariya.lg.jp/kurashi/kenkoiryo/soudan/1003383.html","子育て講話","子育て講話｜刈谷市ホームページ 当ホームページではjavascriptを使用しています。 javascriptの使用を有効にしなければ、一部の機能が正確に動作しない恐れがあります。お手数ですがjavascriptの使用を有効にしてください。 エンターキーを押すと、ナビゲーション部分をスキップし本文へ移動します。 サイトマップ 文字サイズ・配色の変更 Foreign Language English portugues 한국어 中文（简化"
"刈谷市","strong","71","目的地をマップで検索","https://www.city.kariya.lg.jp/shisei/koho/1011169/1011172.html","目的地をマップで検索","目的地をマップで検索｜刈谷市ホームページ 当ホームページではjavascriptを使用しています。 javascriptの使用を有効にしなければ、一部の機能が正確に動作しない恐れがあります。お手数ですがjavascriptの使用を有効にしてください。 エンターキーを押すと、ナビゲーション部分をスキップし本文へ移動します。 サイトマップ 文字サイズ・配色の変更 Foreign Language English portugues 한국어 "
"西尾市","strong","71","母子健康手帳交付、妊婦相談","https://www.city.nishio.aichi.jp/kosodate/ninshin/1002290.html","母子健康手帳交付、妊婦相談","母子健康手帳交付、妊婦相談｜西尾市公式ウェブサイト 当ホームページではjavascriptを使用しています。 javascriptの使用を有効にしなければ、一部の機能が正確に動作しない恐れがあります。お手数ですがjavascriptの使用を有効にしてください。 エンターキーを押すと、ナビゲーション部分をスキップし本文へ移動します。 サイトマップ Select Language English 中文（简体字） 中文（繁體字） 한국어 Po"
"西尾市","strong","71","西尾市特殊詐欺対策装置購入事業費補助金","https://www.city.nishio.aichi.jp/kurashi/bohan/1005123/1007648.html","西尾市特殊詐欺対策装置購入事業費補助金","西尾市特殊詐欺対策装置購入事業費補助金｜西尾市公式ウェブサイト 当ホームページではjavascriptを使用しています。 javascriptの使用を有効にしなければ、一部の機能が正確に動作しない恐れがあります。お手数ですがjavascriptの使用を有効にしてください。 エンターキーを押すと、ナビゲーション部分をスキップし本文へ移動します。 サイトマップ Select Language English 中文（简体字） 中文（繁體字） "
"西尾市","strong","71","西尾市民間木造住宅無料耐震診断","https://www.city.nishio.aichi.jp/kurashi/bosai/1001366/1004496.html","西尾市民間木造住宅無料耐震診断","西尾市民間木造住宅無料耐震診断｜西尾市公式ウェブサイト 当ホームページではjavascriptを使用しています。 javascriptの使用を有効にしなければ、一部の機能が正確に動作しない恐れがあります。お手数ですがjavascriptの使用を有効にしてください。 エンターキーを押すと、ナビゲーション部分をスキップし本文へ移動します。 サイトマップ Select Language English 中文（简体字） 中文（繁體字） 한국어 "
"西尾市","strong","71","【所有者・ご家族向け】空き家を「負動産」にしないために今できること","https://www.city.nishio.aichi.jp/kurashi/sumai/1001387/1001794.html","【所有者・ご家族向け】空き家を「負動産」にしないために今できること","【所有者・ご家族向け】空き家を「負動産」にしないために今できること｜西尾市公式ウェブサイト 当ホームページではjavascriptを使用しています。 javascriptの使用を有効にしなければ、一部の機能が正確に動作しない恐れがあります。お手数ですがjavascriptの使用を有効にしてください。 エンターキーを押すと、ナビゲーション部分をスキップし本文へ移動します。 サイトマップ Select Language English 中文"
"蒲郡市","strong","71","事業者向けの情報 - 愛知県蒲郡市公式ホームページ","https://www.city.gamagori.lg.jp/life/13/84/303/","事業者向けの情報","事業者向けの情報 - 愛知県蒲郡市公式ホームページ ページの先頭です。 メニューを飛ばして本文へ メニュー 検索 JavaScriptが無効のため、文字の大きさ・背景色を変更する機能を使用できません。 本文へ Foreign language 音声読み上げ ふりがな 閲覧補助 文字サイズ 拡大 標準 背景色 白 黒 青 閉じる 休日・救急医療 安心・ひろめーる AED設置場所 緊急・防災情報 くらし・手続 防災・安全安心 マイナンバーカ"
"蒲郡市","strong","71","サイトマップ - 愛知県蒲郡市公式ホームページ","https://www.city.gamagori.lg.jp/sitemap.html","サイトマップ","サイトマップ - 愛知県蒲郡市公式ホームページ ページの先頭です。 メニューを飛ばして本文へ メニュー 検索 JavaScriptが無効のため、文字の大きさ・背景色を変更する機能を使用できません。 本文へ Foreign language 音声読み上げ ふりがな 閲覧補助 文字サイズ 拡大 標準 背景色 白 黒 青 閉じる 休日・救急医療 安心・ひろめーる AED設置場所 緊急・防災情報 くらし・手続 防災・安全安心 マイナンバーカード"
"刈谷市","strong","70","下水道","https://www.city.kariya.lg.jp/kurashi/gesuido/index.html","下水道","下水道｜刈谷市ホームページ 当ホームページではjavascriptを使用しています。 javascriptの使用を有効にしなければ、一部の機能が正確に動作しない恐れがあります。お手数ですがjavascriptの使用を有効にしてください。 エンターキーを押すと、ナビゲーション部分をスキップし本文へ移動します。 サイトマップ 文字サイズ・配色の変更 Foreign Language English portugues 한국어 中文（简化字）"
"安城市","strong","70","安城市","https://www.city.anjo.aichi.jp/life-scene/syussan/index.html","出産","安城市／出産 このサイトではJavaScriptを使用したコンテンツ・機能を提供しています。JavaScriptを有効にするとご利用いただけます。 本文へスキップします。 安城市 受け継ぐ想いを 未来へ届ける 望遠郷 サイト内検索 ページID検索 設定 文字サイズ・色合い変更 Language メニュー 閉じる 緊急 情報 緊急情報 閉じる ホーム 生活・サービス 教育・学習 観光・文化・スポーツ 産業・入札 市政情報 ホーム > 生活"
"安城市","strong","70","安城市","https://www.city.anjo.aichi.jp/kurasu/hokennenkin/nenkin/nenkinjukyu.html","国民年金の受給・独自給付","安城市／国民年金の受給・独自給付 このサイトではJavaScriptを使用したコンテンツ・機能を提供しています。JavaScriptを有効にするとご利用いただけます。 本文へスキップします。 安城市 受け継ぐ想いを 未来へ届ける 望遠郷 サイト内検索 ページID検索 設定 文字サイズ・色合い変更 Language メニュー 閉じる 緊急 情報 緊急情報 閉じる ホーム 生活・サービス 教育・学習 観光・文化・スポーツ 産業・入札 市政情"
"安城市","strong","70","安城市","https://www.city.anjo.aichi.jp/zigyo/syoko/sinaiti2.html","安城市企業投資促進事業補助金","安城市／安城市企業投資促進事業補助金 このサイトではJavaScriptを使用したコンテンツ・機能を提供しています。JavaScriptを有効にするとご利用いただけます。 本文へスキップします。 安城市 受け継ぐ想いを 未来へ届ける 望遠郷 サイト内検索 ページID検索 設定 文字サイズ・色合い変更 Language メニュー 閉じる 緊急 情報 緊急情報 閉じる ホーム 生活・サービス 教育・学習 観光・文化・スポーツ 産業・入札 市"
"西尾市","strong","70","西尾市公式ウェブサイト","https://www.city.nishio.aichi.jp/","","西尾市公式ウェブサイト 当ホームページではjavascriptを使用しています。 javascriptの使用を有効にしなければ、一部の機能が正確に動作しない恐れがあります。お手数ですがjavascriptの使用を有効にしてください。 エンターキーを押すと、ナビゲーション部分をスキップし本文へ移動します。 サイトマップ Select Language English 中文（简体字） 中文（繁體字） 한국어 Português Tagalo"
"西尾市","strong","70","産業・ビジネス","https://www.city.nishio.aichi.jp/sangyo/index.html","産業・ビジネス","産業・ビジネス｜西尾市公式ウェブサイト 当ホームページではjavascriptを使用しています。 javascriptの使用を有効にしなければ、一部の機能が正確に動作しない恐れがあります。お手数ですがjavascriptの使用を有効にしてください。 エンターキーを押すと、ナビゲーション部分をスキップし本文へ移動します。 サイトマップ Select Language English 中文（简体字） 中文（繁體字） 한국어 Portuguê"
"蒲郡市","strong","70","住宅のバリアフリー改修に伴う固定資産税の減額の取り扱いについて - 愛知県蒲郡市公式ホームページ","https://www.city.gamagori.lg.jp/unit/zeimu/barrierfree.html","住宅のバリアフリー改修に伴う固定資産税の減額の取り扱いについて","住宅のバリアフリー改修に伴う固定資産税の減額の取り扱いについて - 愛知県蒲郡市公式ホームページ ページの先頭です。 メニューを飛ばして本文へ メニュー 検索 JavaScriptが無効のため、文字の大きさ・背景色を変更する機能を使用できません。 本文へ Foreign language 音声読み上げ ふりがな 閲覧補助 文字サイズ 拡大 標準 背景色 白 黒 青 閉じる 休日・救急医療 安心・ひろめーる AED設置場所 緊急・防災情報"
"蒲郡市","strong","70","市民活動・コミュニティ - 愛知県蒲郡市公式ホームページ","https://www.city.gamagori.lg.jp/life/1/46/","市民活動・コミュニティ","市民活動・コミュニティ - 愛知県蒲郡市公式ホームページ ページの先頭です。 メニューを飛ばして本文へ メニュー 検索 JavaScriptが無効のため、文字の大きさ・背景色を変更する機能を使用できません。 本文へ Foreign language 音声読み上げ ふりがな 閲覧補助 文字サイズ 拡大 標準 背景色 白 黒 青 閉じる 休日・救急医療 安心・ひろめーる AED設置場所 緊急・防災情報 くらし・手続 防災・安全安心 マイナン"
"蒲郡市","strong","70","子どもの予防接種 - 愛知県蒲郡市公式ホームページ","https://www.city.gamagori.lg.jp/life/13/93/366/","子どもの予防接種","子どもの予防接種 - 愛知県蒲郡市公式ホームページ ページの先頭です。 メニューを飛ばして本文へ メニュー 検索 JavaScriptが無効のため、文字の大きさ・背景色を変更する機能を使用できません。 本文へ Foreign language 音声読み上げ ふりがな 閲覧補助 文字サイズ 拡大 標準 背景色 白 黒 青 閉じる 休日・救急医療 安心・ひろめーる AED設置場所 緊急・防災情報 くらし・手続 防災・安全安心 マイナンバーカ"
"蒲郡市","strong","70","後期高齢者健診 - 愛知県蒲郡市公式ホームページ","https://www.city.gamagori.lg.jp/life/13/2/314/","後期高齢者健診","後期高齢者健診 - 愛知県蒲郡市公式ホームページ ページの先頭です。 メニューを飛ばして本文へ メニュー 検索 JavaScriptが無効のため、文字の大きさ・背景色を変更する機能を使用できません。 本文へ Foreign language 音声読み上げ ふりがな 閲覧補助 文字サイズ 拡大 標準 背景色 白 黒 青 閉じる 休日・救急医療 安心・ひろめーる AED設置場所 緊急・防災情報 くらし・手続 防災・安全安心 マイナンバーカー"
"蒲郡市","strong","70","【事業者の皆様へ】蒲郡市中小企業退職金共済制度加入促進補助金のご案内 - 愛知県蒲郡市公式ホームページ","https://www.city.gamagori.lg.jp/unit/sangyo/chuutaikyou.html","【事業者の皆様へ】蒲郡市中小企業退職金共済制度加入促進補助金のご案内","【事業者の皆様へ】蒲郡市中小企業退職金共済制度加入促進補助金のご案内 - 愛知県蒲郡市公式ホームページ ページの先頭です。 メニューを飛ばして本文へ メニュー 検索 JavaScriptが無効のため、文字の大きさ・背景色を変更する機能を使用できません。 本文へ Foreign language 音声読み上げ ふりがな 閲覧補助 文字サイズ 拡大 標準 背景色 白 黒 青 閉じる 休日・救急医療 安心・ひろめーる AED設置場所 緊急・防"
"蒲郡市","strong","70","【市内創業者・創業希望者向け】蒲郡市創業支援事業費補助金のご案内 - 愛知県蒲郡市公式ホームページ","https://www.city.gamagori.lg.jp/unit/sangyo/sougyou-shien-hojokin.html","【市内創業者・創業希望者向け】蒲郡市創業支援事業費補助金のご案内","【市内創業者・創業希望者向け】蒲郡市創業支援事業費補助金のご案内 - 愛知県蒲郡市公式ホームページ ページの先頭です。 メニューを飛ばして本文へ メニュー 検索 JavaScriptが無効のため、文字の大きさ・背景色を変更する機能を使用できません。 本文へ Foreign language 音声読み上げ ふりがな 閲覧補助 文字サイズ 拡大 標準 背景色 白 黒 青 閉じる 休日・救急医療 安心・ひろめーる AED設置場所 緊急・防災情"
"蒲郡市","strong","70","妊娠を予定されている女性およびその夫と同居者への助成（風しん予防接種） - 蒲郡市保健医療センター - 愛知県蒲郡市公式ホームページ","https://www.city.gamagori.lg.jp/site/hokencenter/fushin-josei-dokyo.html","風しんワクチン接種費用助成金","妊娠を予定されている女性およびその夫と同居者への助成（風しん予防接種） - 蒲郡市保健医療センター - 愛知県蒲郡市公式ホームページ ページの先頭です。 メニューを飛ばして本文へ メニュー 検索 JavaScriptが無効のため、文字の大きさ・背景色を変更する機能を使用できません。 本文へ Foreign language 音声読み上げ ふりがな 閲覧補助 文字サイズ 拡大 標準 背景色 白 黒 青 閉じる 休日・救急医療 安心・ひろめ"
"蒲郡市","strong","70","災害時医療等継続支援事業費補助金 - 蒲郡市保健医療センター - 愛知県蒲郡市公式ホームページ","https://www.city.gamagori.lg.jp/site/hokencenter/saigaiiryou.html","災害時医療等継続支援事業費補助金","災害時医療等継続支援事業費補助金 - 蒲郡市保健医療センター - 愛知県蒲郡市公式ホームページ ページの先頭です。 メニューを飛ばして本文へ メニュー 検索 JavaScriptが無効のため、文字の大きさ・背景色を変更する機能を使用できません。 本文へ Foreign language 音声読み上げ ふりがな 閲覧補助 文字サイズ 拡大 標準 背景色 白 黒 青 閉じる 休日・救急医療 安心・ひろめーる AED設置場所 緊急・防災情報 "
"蒲郡市","strong","70","耐震不適格木造住宅除却費補助金 - 愛知県蒲郡市公式ホームページ","https://www.city.gamagori.lg.jp/unit/kenchiku/jyokyaku.html","耐震不適格木造住宅除却費補助金","耐震不適格木造住宅除却費補助金 - 愛知県蒲郡市公式ホームページ ページの先頭です。 メニューを飛ばして本文へ メニュー 検索 JavaScriptが無効のため、文字の大きさ・背景色を変更する機能を使用できません。 本文へ Foreign language 音声読み上げ ふりがな 閲覧補助 文字サイズ 拡大 標準 背景色 白 黒 青 閉じる 休日・救急医療 安心・ひろめーる AED設置場所 緊急・防災情報 くらし・手続 防災・安全安心 "
"蒲郡市","strong","70","各種相談窓口のご案内 - 愛知県蒲郡市公式ホームページ","https://www.city.gamagori.lg.jp/unit/gyosei/top-soudan.html","各種相談窓口のご案内","各種相談窓口のご案内 - 愛知県蒲郡市公式ホームページ ページの先頭です。 メニューを飛ばして本文へ メニュー 検索 JavaScriptが無効のため、文字の大きさ・背景色を変更する機能を使用できません。 本文へ Foreign language 音声読み上げ ふりがな 閲覧補助 文字サイズ 拡大 標準 背景色 白 黒 青 閉じる 休日・救急医療 安心・ひろめーる AED設置場所 緊急・防災情報 くらし・手続 防災・安全安心 マイナンバ"
"蒲郡市","strong","70","多胎妊産婦サポーター事業〈うーみんサポーター〉 - こども家庭センター - 愛知県蒲郡市公式ホームページ","https://www.city.gamagori.lg.jp/site/uminoko/tataininnsanpu.html","多胎妊婦サポーター事業〈うーみんサポーター〉","多胎妊産婦サポーター事業〈うーみんサポーター〉 - こども家庭センター - 愛知県蒲郡市公式ホームページ ページの先頭です。 メニューを飛ばして本文へ メニュー 検索 JavaScriptが無効のため、文字の大きさ・背景色を変更する機能を使用できません。 本文へ Foreign language 音声読み上げ ふりがな 閲覧補助 文字サイズ 拡大 標準 背景色 白 黒 青 閉じる 休日・救急医療 安心・ひろめーる AED設置場所 緊急・"
"蒲郡市","strong","70","子育て世帯訪問支援事業 - こども家庭センター - 愛知県蒲郡市公式ホームページ","https://www.city.gamagori.lg.jp/site/uminoko/kosodatesetaihoumonsienjigyou.html","子育て世帯訪問支援事業","子育て世帯訪問支援事業 - こども家庭センター - 愛知県蒲郡市公式ホームページ ページの先頭です。 メニューを飛ばして本文へ メニュー 検索 JavaScriptが無効のため、文字の大きさ・背景色を変更する機能を使用できません。 本文へ Foreign language 音声読み上げ ふりがな 閲覧補助 文字サイズ 拡大 標準 背景色 白 黒 青 閉じる 休日・救急医療 安心・ひろめーる AED設置場所 緊急・防災情報 くらし・手続 "
"蒲郡市","strong","70","ごみ関連情報 - 愛知県蒲郡市公式ホームページ","https://www.city.gamagori.lg.jp/life/1/35/225/","ごみ関連情報","ごみ関連情報 - 愛知県蒲郡市公式ホームページ ページの先頭です。 メニューを飛ばして本文へ メニュー 検索 JavaScriptが無効のため、文字の大きさ・背景色を変更する機能を使用できません。 本文へ Foreign language 音声読み上げ ふりがな 閲覧補助 文字サイズ 拡大 標準 背景色 白 黒 青 閉じる 休日・救急医療 安心・ひろめーる AED設置場所 緊急・防災情報 くらし・手続 防災・安全安心 マイナンバーカード"
"蒲郡市","strong","70","衛生・墓 - 愛知県蒲郡市公式ホームページ","https://www.city.gamagori.lg.jp/life/1/35/20/","衛生・墓","衛生・墓 - 愛知県蒲郡市公式ホームページ ページの先頭です。 メニューを飛ばして本文へ メニュー 検索 JavaScriptが無効のため、文字の大きさ・背景色を変更する機能を使用できません。 本文へ Foreign language 音声読み上げ ふりがな 閲覧補助 文字サイズ 拡大 標準 背景色 白 黒 青 閉じる 休日・救急医療 安心・ひろめーる AED設置場所 緊急・防災情報 くらし・手続 防災・安全安心 マイナンバーカード・電"
"蒲郡市","strong","70","浄化槽・し尿 - 愛知県蒲郡市公式ホームページ","https://www.city.gamagori.lg.jp/life/1/35/221/","浄化槽・し尿","浄化槽・し尿 - 愛知県蒲郡市公式ホームページ ページの先頭です。 メニューを飛ばして本文へ メニュー 検索 JavaScriptが無効のため、文字の大きさ・背景色を変更する機能を使用できません。 本文へ Foreign language 音声読み上げ ふりがな 閲覧補助 文字サイズ 拡大 標準 背景色 白 黒 青 閉じる 休日・救急医療 安心・ひろめーる AED設置場所 緊急・防災情報 くらし・手続 防災・安全安心 マイナンバーカード"
"蒲郡市","strong","70","住民自治組織 - 愛知県蒲郡市公式ホームページ","https://www.city.gamagori.lg.jp/life/1/46/322/","住民自治組織","住民自治組織 - 愛知県蒲郡市公式ホームページ ページの先頭です。 メニューを飛ばして本文へ メニュー 検索 JavaScriptが無効のため、文字の大きさ・背景色を変更する機能を使用できません。 本文へ Foreign language 音声読み上げ ふりがな 閲覧補助 文字サイズ 拡大 標準 背景色 白 黒 青 閉じる 休日・救急医療 安心・ひろめーる AED設置場所 緊急・防災情報 くらし・手続 防災・安全安心 マイナンバーカード"
"刈谷市","strong","69","老朽空き家除却費補助金","https://www.city.kariya.lg.jp/mokuteki/riyou/1007198/1007232.html","老朽空き家除却費補助金","老朽空き家除却費補助金｜刈谷市ホームページ 当ホームページではjavascriptを使用しています。 javascriptの使用を有効にしなければ、一部の機能が正確に動作しない恐れがあります。お手数ですがjavascriptの使用を有効にしてください。 エンターキーを押すと、ナビゲーション部分をスキップし本文へ移動します。 サイトマップ 文字サイズ・配色の変更 Foreign Language English portugues 한국어"
"刈谷市","strong","69","木造住宅耐震改修費・耐震シェルター設置費・取壊し費補助","https://www.city.kariya.lg.jp/mokuteki/riyou/1007198/1007235.html","木造住宅耐震改修費・耐震シェルター設置費・取壊し費補助","木造住宅耐震改修費・耐震シェルター設置費・取壊し費補助｜刈谷市ホームページ 当ホームページではjavascriptを使用しています。 javascriptの使用を有効にしなければ、一部の機能が正確に動作しない恐れがあります。お手数ですがjavascriptの使用を有効にしてください。 エンターキーを押すと、ナビゲーション部分をスキップし本文へ移動します。 サイトマップ 文字サイズ・配色の変更 Foreign Language Engli"
"刈谷市","strong","69","中小企業向け海外展開支援","https://www.city.kariya.lg.jp/sangyo/sangyoshinko/1022198/1006296.html","中小企業向け海外展開支援","中小企業向け海外展開支援｜刈谷市ホームページ 当ホームページではjavascriptを使用しています。 javascriptの使用を有効にしなければ、一部の機能が正確に動作しない恐れがあります。お手数ですがjavascriptの使用を有効にしてください。 エンターキーを押すと、ナビゲーション部分をスキップし本文へ移動します。 サイトマップ 文字サイズ・配色の変更 Foreign Language English portugues 한국"
"刈谷市","strong","69","4種混合（ジフテリア、百日せき、破傷風、不活化ポリオ）予防接種","https://www.city.kariya.lg.jp/kurashi/kenkoiryo/yobosessyu/1015032.html","4種混合（ジフテリア、百日せき、破傷風、不活化ポリオ）予防接種","4種混合（ジフテリア、百日せき、破傷風、不活化ポリオ）予防接種｜刈谷市ホームページ 当ホームページではjavascriptを使用しています。 javascriptの使用を有効にしなければ、一部の機能が正確に動作しない恐れがあります。お手数ですがjavascriptの使用を有効にしてください。 エンターキーを押すと、ナビゲーション部分をスキップし本文へ移動します。 サイトマップ 文字サイズ・配色の変更 Foreign Language E"
"刈谷市","strong","69","妊婦支援給付金","https://www.city.kariya.lg.jp/kosodatenavi/1014911/1014913/1020341.html","妊婦支援給付金","妊婦支援給付金｜かりや子育て応援ナビ 当ホームページではjavascriptを使用しています。 javascriptの使用を有効にしなければ、一部の機能が正確に動作しない恐れがあります。お手数ですがjavascriptの使用を有効にしてください。 エンターキーを押すと、ナビゲーション部分をスキップし本文へ移動します。 救急のとき いざというときに 災害時の避難所 休日診療案内 防災・減災 気象情報 衣浦東部広域連合 閉じる メニュー 目"
"刈谷市","strong","69","子ども医療費の助成","https://www.city.kariya.lg.jp/kosodatenavi/1014911/1014913/1017166.html","子ども医療費の助成","子ども医療費の助成｜かりや子育て応援ナビ 当ホームページではjavascriptを使用しています。 javascriptの使用を有効にしなければ、一部の機能が正確に動作しない恐れがあります。お手数ですがjavascriptの使用を有効にしてください。 エンターキーを押すと、ナビゲーション部分をスキップし本文へ移動します。 救急のとき いざというときに 災害時の避難所 休日診療案内 防災・減災 気象情報 衣浦東部広域連合 閉じる メニュー"
"刈谷市","strong","69","子ども医療費の助成","https://www.city.kariya.lg.jp/kosodatenavi/1014911/1016830/1017167.html","子ども医療費の助成","子ども医療費の助成｜かりや子育て応援ナビ 当ホームページではjavascriptを使用しています。 javascriptの使用を有効にしなければ、一部の機能が正確に動作しない恐れがあります。お手数ですがjavascriptの使用を有効にしてください。 エンターキーを押すと、ナビゲーション部分をスキップし本文へ移動します。 救急のとき いざというときに 災害時の避難所 休日診療案内 防災・減災 気象情報 衣浦東部広域連合 閉じる メニュー"
"刈谷市","strong","69","子ども医療費の助成","https://www.city.kariya.lg.jp/kosodatenavi/1014911/1014915/1017168.html","子ども医療費の助成","子ども医療費の助成｜かりや子育て応援ナビ 当ホームページではjavascriptを使用しています。 javascriptの使用を有効にしなければ、一部の機能が正確に動作しない恐れがあります。お手数ですがjavascriptの使用を有効にしてください。 エンターキーを押すと、ナビゲーション部分をスキップし本文へ移動します。 救急のとき いざというときに 災害時の避難所 休日診療案内 防災・減災 気象情報 衣浦東部広域連合 閉じる メニュー"
"豊田市","strong","69","国民健康保険・国民年金・後期高齢者医療","https://www.city.toyota.aichi.jp/shisei/shinseisho/1008224.html","国民健康保険・国民年金・後期高齢者医療","国民健康保険・国民年金・後期高齢者医療｜豊田市 当ホームページではjavascriptを使用しています。 javascriptの使用を有効にしなければ、一部の機能が正確に動作しない恐れがあります。お手数ですがjavascriptの使用を有効にしてください。 エンターキーを押すと、ナビゲーション部分をスキップし本文へ移動します。 豊田市 TOYOTA CITY サイト メニュー 庁舎案内 Select Language Afrikaans"
"豊田市","strong","69","住宅・建築・開発","https://www.city.toyota.aichi.jp/shisei/shinseisho/1008232.html","住宅・建築・開発","住宅・建築・開発｜豊田市 当ホームページではjavascriptを使用しています。 javascriptの使用を有効にしなければ、一部の機能が正確に動作しない恐れがあります。お手数ですがjavascriptの使用を有効にしてください。 エンターキーを押すと、ナビゲーション部分をスキップし本文へ移動します。 豊田市 TOYOTA CITY サイト メニュー 庁舎案内 Select Language Afrikaans Albanian A"
"豊田市","strong","69","産業・中小企業補助","https://www.city.toyota.aichi.jp/shisei/shinseisho/1008233.html","産業・中小企業補助","産業・中小企業補助｜豊田市 当ホームページではjavascriptを使用しています。 javascriptの使用を有効にしなければ、一部の機能が正確に動作しない恐れがあります。お手数ですがjavascriptの使用を有効にしてください。 エンターキーを押すと、ナビゲーション部分をスキップし本文へ移動します。 豊田市 TOYOTA CITY サイト メニュー 庁舎案内 Select Language Afrikaans Albanian "
"西尾市","strong","69","寡婦福祉手当","https://www.city.nishio.aichi.jp/kosodate/teate/1005128/1002353.html","寡婦福祉手当","寡婦福祉手当｜西尾市公式ウェブサイト 当ホームページではjavascriptを使用しています。 javascriptの使用を有効にしなければ、一部の機能が正確に動作しない恐れがあります。お手数ですがjavascriptの使用を有効にしてください。 エンターキーを押すと、ナビゲーション部分をスキップし本文へ移動します。 サイトマップ Select Language English 中文（简体字） 中文（繁體字） 한국어 Português"
"西尾市","strong","69","福祉用具貸与","https://www.city.nishio.aichi.jp/kenkofukushi/kaigohoken/1001466/1001604/1002556.html","福祉用具貸与","福祉用具貸与｜西尾市公式ウェブサイト 当ホームページではjavascriptを使用しています。 javascriptの使用を有効にしなければ、一部の機能が正確に動作しない恐れがあります。お手数ですがjavascriptの使用を有効にしてください。 エンターキーを押すと、ナビゲーション部分をスキップし本文へ移動します。 サイトマップ Select Language English 中文（简体字） 中文（繁體字） 한국어 Português"
"西尾市","strong","69","西尾市自転車乗車用ヘルメット着用促進事業費補助金","https://www.city.nishio.aichi.jp/kurashi/bohan/1005122/1005626.html","西尾市自転車乗車用ヘルメット着用促進事業費補助金","西尾市自転車乗車用ヘルメット着用促進事業費補助金｜西尾市公式ウェブサイト 当ホームページではjavascriptを使用しています。 javascriptの使用を有効にしなければ、一部の機能が正確に動作しない恐れがあります。お手数ですがjavascriptの使用を有効にしてください。 エンターキーを押すと、ナビゲーション部分をスキップし本文へ移動します。 サイトマップ Select Language English 中文（简体字） 中文（"
"西尾市","strong","69","遺児手当","https://www.city.nishio.aichi.jp/kosodate/teate/1005128/1002352.html","遺児手当","遺児手当｜西尾市公式ウェブサイト 当ホームページではjavascriptを使用しています。 javascriptの使用を有効にしなければ、一部の機能が正確に動作しない恐れがあります。お手数ですがjavascriptの使用を有効にしてください。 エンターキーを押すと、ナビゲーション部分をスキップし本文へ移動します。 サイトマップ Select Language English 中文（简体字） 中文（繁體字） 한국어 Português T"
"西尾市","strong","69","工場等建設奨励金・雇用促進奨励金のご案内","https://www.city.nishio.aichi.jp/sangyo/kigyoyuchi/1003050.html","工場等建設奨励金・雇用促進奨励金のご案内","工場等建設奨励金・雇用促進奨励金のご案内｜西尾市公式ウェブサイト 当ホームページではjavascriptを使用しています。 javascriptの使用を有効にしなければ、一部の機能が正確に動作しない恐れがあります。お手数ですがjavascriptの使用を有効にしてください。 エンターキーを押すと、ナビゲーション部分をスキップし本文へ移動します。 サイトマップ Select Language English 中文（简体字） 中文（繁體字）"
"西尾市","strong","69","子ども医療（高校生世代までの方）","https://www.city.nishio.aichi.jp/kenkofukushi/iryo/1005114/1007026.html","子ども医療（高校生世代までの方）","子ども医療（高校生世代までの方）｜西尾市公式ウェブサイト 当ホームページではjavascriptを使用しています。 javascriptの使用を有効にしなければ、一部の機能が正確に動作しない恐れがあります。お手数ですがjavascriptの使用を有効にしてください。 エンターキーを押すと、ナビゲーション部分をスキップし本文へ移動します。 サイトマップ Select Language English 中文（简体字） 中文（繁體字） 한국어"
"西尾市","strong","69","上水道（開始・中止・所有権移転など）","https://www.city.nishio.aichi.jp/kurashi/suido/1001406/1001982.html","上水道（開始・中止・所有権移転など）","上水道（開始・中止・所有権移転など）｜西尾市公式ウェブサイト 当ホームページではjavascriptを使用しています。 javascriptの使用を有効にしなければ、一部の機能が正確に動作しない恐れがあります。お手数ですがjavascriptの使用を有効にしてください。 エンターキーを押すと、ナビゲーション部分をスキップし本文へ移動します。 サイトマップ Select Language English 中文（简体字） 中文（繁體字） 한"
"蒲郡市","strong","69","妊娠・出産・子育てに関する情報をまとめています - 愛知県蒲郡市公式ホームページ","https://www.city.gamagori.lg.jp/site/kosodate/","妊娠・出産・子育てに関する情報をまとめています","妊娠・出産・子育てに関する情報をまとめています - 愛知県蒲郡市公式ホームページ ページの先頭です。 メニューを飛ばして本文へ メニュー 検索 JavaScriptが無効のため、文字の大きさ・背景色を変更する機能を使用できません。 本文へ Foreign language 音声読み上げ ふりがな 閲覧補助 文字サイズ 拡大 標準 背景色 白 黒 青 閉じる 休日・救急医療 安心・ひろめーる AED設置場所 緊急・防災情報 くらし・手続 "
"蒲郡市","strong","69","妊娠・出産・子育てに関する情報をまとめています - 愛知県蒲郡市公式ホームページ","https://www.city.gamagori.lg.jp/site/kosodate/","子育てポータルサイト","妊娠・出産・子育てに関する情報をまとめています - 愛知県蒲郡市公式ホームページ ページの先頭です。 メニューを飛ばして本文へ メニュー 検索 JavaScriptが無効のため、文字の大きさ・背景色を変更する機能を使用できません。 本文へ Foreign language 音声読み上げ ふりがな 閲覧補助 文字サイズ 拡大 標準 背景色 白 黒 青 閉じる 休日・救急医療 安心・ひろめーる AED設置場所 緊急・防災情報 くらし・手続 "
"蒲郡市","strong","69","障がい児への支援 - 子育てポータルサイト - 愛知県蒲郡市公式ホームページ","https://www.city.gamagori.lg.jp/site/kosodate/syougaiziheno.html","障がい児への支援","障がい児への支援 - 子育てポータルサイト - 愛知県蒲郡市公式ホームページ ページの先頭です。 メニューを飛ばして本文へ メニュー 検索 JavaScriptが無効のため、文字の大きさ・背景色を変更する機能を使用できません。 本文へ Foreign language 音声読み上げ ふりがな 閲覧補助 文字サイズ 拡大 標準 背景色 白 黒 青 閉じる 休日・救急医療 安心・ひろめーる AED設置場所 緊急・防災情報 くらし・手続 防災"
"蒲郡市","strong","69","出産後から就学前 - 子育てポータルサイト - 愛知県蒲郡市公式ホームページ","https://www.city.gamagori.lg.jp/site/kosodate/syussanngosyuugakumae.html","出産後～就学前","出産後から就学前 - 子育てポータルサイト - 愛知県蒲郡市公式ホームページ ページの先頭です。 メニューを飛ばして本文へ メニュー 検索 JavaScriptが無効のため、文字の大きさ・背景色を変更する機能を使用できません。 本文へ Foreign language 音声読み上げ ふりがな 閲覧補助 文字サイズ 拡大 標準 背景色 白 黒 青 閉じる 休日・救急医療 安心・ひろめーる AED設置場所 緊急・防災情報 くらし・手続 防災"
"蒲郡市","strong","69","医療機関（困った時ときは） - 子育てポータルサイト - 愛知県蒲郡市公式ホームページ","https://www.city.gamagori.lg.jp/site/kosodate/iryoukikankomatta.html","医療機関","医療機関（困った時ときは） - 子育てポータルサイト - 愛知県蒲郡市公式ホームページ ページの先頭です。 メニューを飛ばして本文へ メニュー 検索 JavaScriptが無効のため、文字の大きさ・背景色を変更する機能を使用できません。 本文へ Foreign language 音声読み上げ ふりがな 閲覧補助 文字サイズ 拡大 標準 背景色 白 黒 青 閉じる 休日・救急医療 安心・ひろめーる AED設置場所 緊急・防災情報 くらし・"
"豊田市","strong","68","豊田市公式ホームページ","https://www.city.toyota.aichi.jp/index.html","豊田市TOYOTA CITY","豊田市公式ホームページ 当ホームページではjavascriptを使用しています。 javascriptの使用を有効にしなければ、一部の機能が正確に動作しない恐れがあります。お手数ですがjavascriptの使用を有効にしてください。 エンターキーを押すと、ナビゲーション部分をスキップし本文へ移動します。 豊田市 TOYOTA CITY サイト メニュー 庁舎案内 Select Language Afrikaans Albanian Am"
"安城市","strong","68","安城市","https://www.city.anjo.aichi.jp/kurasu/sumai/tasedai-hojyo.html","多世代住宅補助金（令和4年度で終了）","安城市／安城市多世代住宅補助金 このサイトではJavaScriptを使用したコンテンツ・機能を提供しています。JavaScriptを有効にするとご利用いただけます。 本文へスキップします。 安城市 受け継ぐ想いを 未来へ届ける 望遠郷 サイト内検索 ページID検索 設定 文字サイズ・色合い変更 Language メニュー 閉じる 緊急 情報 緊急情報 閉じる ホーム 生活・サービス 教育・学習 観光・文化・スポーツ 産業・入札 市政情報"
"安城市","strong","68","安城市","https://www.city.anjo.aichi.jp/kurasu/bosaibohan/shitorikumi/kansinbreaker.html","感震ブレーカー設置補助金制度","安城市／感震ブレーカー設置補助金制度 このサイトではJavaScriptを使用したコンテンツ・機能を提供しています。JavaScriptを有効にするとご利用いただけます。 本文へスキップします。 安城市 受け継ぐ想いを 未来へ届ける 望遠郷 サイト内検索 ページID検索 設定 文字サイズ・色合い変更 Language メニュー 閉じる 緊急 情報 緊急情報 閉じる ホーム 生活・サービス 教育・学習 観光・文化・スポーツ 産業・入札 市"
"西尾市","strong","68","福祉用具の支給・貸出","https://www.city.nishio.aichi.jp/kenkofukushi/shogai/1001456/index.html","福祉用具の支給・貸出","福祉用具の支給・貸出｜西尾市公式ウェブサイト 当ホームページではjavascriptを使用しています。 javascriptの使用を有効にしなければ、一部の機能が正確に動作しない恐れがあります。お手数ですがjavascriptの使用を有効にしてください。 エンターキーを押すと、ナビゲーション部分をスキップし本文へ移動します。 サイトマップ Select Language English 中文（简体字） 中文（繁體字） 한국어 Portu"
"西尾市","strong","68","交通への助成","https://www.city.nishio.aichi.jp/kenkofukushi/shogai/1001458/index.html","交通への助成","交通への助成｜西尾市公式ウェブサイト 当ホームページではjavascriptを使用しています。 javascriptの使用を有効にしなければ、一部の機能が正確に動作しない恐れがあります。お手数ですがjavascriptの使用を有効にしてください。 エンターキーを押すと、ナビゲーション部分をスキップし本文へ移動します。 サイトマップ Select Language English 中文（简体字） 中文（繁體字） 한국어 Português"
"蒲郡市","strong","68","自転車乗車用ヘルメット購入費補助金の申請を受け付けています - 愛知県蒲郡市公式ホームページ","https://www.city.gamagori.lg.jp/unit/kotsu/herumet-hojokin.html","自転車乗車用ヘルメット購入費補助金の申請を受け付けています","自転車乗車用ヘルメット購入費補助金の申請を受け付けています - 愛知県蒲郡市公式ホームページ ページの先頭です。 メニューを飛ばして本文へ メニュー 検索 JavaScriptが無効のため、文字の大きさ・背景色を変更する機能を使用できません。 本文へ Foreign language 音声読み上げ ふりがな 閲覧補助 文字サイズ 拡大 標準 背景色 白 黒 青 閉じる 休日・救急医療 安心・ひろめーる AED設置場所 緊急・防災情報 く"
"蒲郡市","strong","68","休日急病診療所 - 蒲郡市保健医療センター - 愛知県蒲郡市公式ホームページ","https://www.city.gamagori.lg.jp/site/hokencenter/kyuzitsu-.html","蒲郡市保健医療センターメニュー","休日急病診療所 - 蒲郡市保健医療センター - 愛知県蒲郡市公式ホームページ ページの先頭です。 メニューを飛ばして本文へ メニュー 検索 JavaScriptが無効のため、文字の大きさ・背景色を変更する機能を使用できません。 本文へ Foreign language 音声読み上げ ふりがな 閲覧補助 文字サイズ 拡大 標準 背景色 白 黒 青 閉じる 休日・救急医療 安心・ひろめーる AED設置場所 緊急・防災情報 くらし・手続 防災"
"蒲郡市","strong","68","保険・年金 - 愛知県蒲郡市公式ホームページ","https://www.city.gamagori.lg.jp/life/13/45/","保険・年金","保険・年金 - 愛知県蒲郡市公式ホームページ ページの先頭です。 メニューを飛ばして本文へ メニュー 検索 JavaScriptが無効のため、文字の大きさ・背景色を変更する機能を使用できません。 本文へ Foreign language 音声読み上げ ふりがな 閲覧補助 文字サイズ 拡大 標準 背景色 白 黒 青 閉じる 休日・救急医療 安心・ひろめーる AED設置場所 緊急・防災情報 くらし・手続 防災・安全安心 マイナンバーカード・"
"蒲郡市","strong","68","福祉医療制度をご利用の方へお願い - 愛知県蒲郡市公式ホームページ","https://www.city.gamagori.lg.jp/unit/nenkin/onegai1.html","福祉医療制度をご利用の方へお願い","福祉医療制度をご利用の方へお願い - 愛知県蒲郡市公式ホームページ ページの先頭です。 メニューを飛ばして本文へ メニュー 検索 JavaScriptが無効のため、文字の大きさ・背景色を変更する機能を使用できません。 本文へ Foreign language 音声読み上げ ふりがな 閲覧補助 文字サイズ 拡大 標準 背景色 白 黒 青 閉じる 休日・救急医療 安心・ひろめーる AED設置場所 緊急・防災情報 くらし・手続 防災・安全安心"
"蒲郡市","strong","68","移住定住促進 - 愛知県蒲郡市公式ホームページ","https://www.city.gamagori.lg.jp/life/3/62/393/","移住定住促進","移住定住促進 - 愛知県蒲郡市公式ホームページ ページの先頭です。 メニューを飛ばして本文へ メニュー 検索 JavaScriptが無効のため、文字の大きさ・背景色を変更する機能を使用できません。 本文へ Foreign language 音声読み上げ ふりがな 閲覧補助 文字サイズ 拡大 標準 背景色 白 黒 青 閉じる 休日・救急医療 安心・ひろめーる AED設置場所 緊急・防災情報 くらし・手続 防災・安全安心 マイナンバーカード"
"蒲郡市","strong","68","子育て・教育 - 愛知県蒲郡市公式ホームページ","https://www.city.gamagori.lg.jp/site/parenting/","子育て・教育 Parenting","子育て・教育 - 愛知県蒲郡市公式ホームページ ページの先頭です。 メニューを飛ばして本文へ メニュー JavaScriptが無効のため、文字の大きさ・背景色を変更する機能を使用できません。 本文へ Foreign Language 音声読み上げ ふりがなをつける 文字サイズ・色合い変更 背景色 白 黒 青 文字サイズ 標準 拡大 Googleカスタム検索 蒲郡市について Profile 子育て・教育 Parenting 移住者の声 V"
"蒲郡市","strong","68","妊産婦健康診査費用助成事業 - 蒲郡市保健医療センター - 愛知県蒲郡市公式ホームページ","https://www.city.gamagori.lg.jp/site/hokencenter/ninsannpuzyosei.html","妊産婦健康診査費用助成金","妊産婦健康診査費用助成事業 - 蒲郡市保健医療センター - 愛知県蒲郡市公式ホームページ ページの先頭です。 メニューを飛ばして本文へ メニュー 検索 JavaScriptが無効のため、文字の大きさ・背景色を変更する機能を使用できません。 本文へ Foreign language 音声読み上げ ふりがな 閲覧補助 文字サイズ 拡大 標準 背景色 白 黒 青 閉じる 休日・救急医療 安心・ひろめーる AED設置場所 緊急・防災情報 くらし"
"蒲郡市","strong","68","休日歯科診療所 - 蒲郡市保健医療センター - 愛知県蒲郡市公式ホームページ","https://www.city.gamagori.lg.jp/site/hokencenter/kyuzitsu-shika.html","蒲郡市保健医療センターメニュー","休日歯科診療所 - 蒲郡市保健医療センター - 愛知県蒲郡市公式ホームページ ページの先頭です。 メニューを飛ばして本文へ メニュー 検索 JavaScriptが無効のため、文字の大きさ・背景色を変更する機能を使用できません。 本文へ Foreign language 音声読み上げ ふりがな 閲覧補助 文字サイズ 拡大 標準 背景色 白 黒 青 閉じる 休日・救急医療 安心・ひろめーる AED設置場所 緊急・防災情報 くらし・手続 防災"
"蒲郡市","strong","68","骨髄移植等の医療行為により定期予防接種の免疫を失ったお子さまに対して予防接種の再接種費用を助成します - 蒲郡市保健医療センター - 愛知県蒲郡市公式ホームページ","https://www.city.gamagori.lg.jp/site/hokencenter/ninni-saisesshu.html","定期予防接種の免疫を失った お子さまに対して予防接種の再接種","骨髄移植等の医療行為により定期予防接種の免疫を失ったお子さまに対して予防接種の再接種費用を助成します - 蒲郡市保健医療センター - 愛知県蒲郡市公式ホームページ ページの先頭です。 メニューを飛ばして本文へ メニュー 検索 JavaScriptが無効のため、文字の大きさ・背景色を変更する機能を使用できません。 本文へ Foreign language 音声読み上げ ふりがな 閲覧補助 文字サイズ 拡大 標準 背景色 白 黒 青 閉じる"
"蒲郡市","strong","68","蒲郡市医療救護所看護師等登録募集のお知らせ - 蒲郡市保健医療センター - 愛知県蒲郡市公式ホームページ","https://www.city.gamagori.lg.jp/site/hokencenter/saigaikangotouroku.html","蒲郡市医療救護所看護師等登録募集のお知らせ","蒲郡市医療救護所看護師等登録募集のお知らせ - 蒲郡市保健医療センター - 愛知県蒲郡市公式ホームページ ページの先頭です。 メニューを飛ばして本文へ メニュー 検索 JavaScriptが無効のため、文字の大きさ・背景色を変更する機能を使用できません。 本文へ Foreign language 音声読み上げ ふりがな 閲覧補助 文字サイズ 拡大 標準 背景色 白 黒 青 閉じる 休日・救急医療 安心・ひろめーる AED設置場所 緊急・"
"蒲郡市","strong","68","個人市・県民税 - 愛知県蒲郡市公式ホームページ","https://www.city.gamagori.lg.jp/life/1/41/40/","個人市・県民税","個人市・県民税 - 愛知県蒲郡市公式ホームページ ページの先頭です。 メニューを飛ばして本文へ メニュー 検索 JavaScriptが無効のため、文字の大きさ・背景色を変更する機能を使用できません。 本文へ Foreign language 音声読み上げ ふりがな 閲覧補助 文字サイズ 拡大 標準 背景色 白 黒 青 閉じる 休日・救急医療 安心・ひろめーる AED設置場所 緊急・防災情報 くらし・手続 防災・安全安心 マイナンバーカー"
"蒲郡市","strong","68","医療費控除について - 愛知県蒲郡市公式ホームページ","https://www.city.gamagori.lg.jp/unit/zeimu/iryouhi.html","医療費控除について","医療費控除について - 愛知県蒲郡市公式ホームページ ページの先頭です。 メニューを飛ばして本文へ メニュー 検索 JavaScriptが無効のため、文字の大きさ・背景色を変更する機能を使用できません。 本文へ Foreign language 音声読み上げ ふりがな 閲覧補助 文字サイズ 拡大 標準 背景色 白 黒 青 閉じる 休日・救急医療 安心・ひろめーる AED設置場所 緊急・防災情報 くらし・手続 防災・安全安心 マイナンバー"
"蒲郡市","strong","68","国民健康保険税 【申請が必要な軽減・減免】【年度切替更新】 - 愛知県蒲郡市公式ホームページ","https://www.city.gamagori.lg.jp/unit/nenkin/kokuhozei010.html","国民健康保険税 【申請が必要な軽減・減免】【年度切替更新】","国民健康保険税 【申請が必要な軽減・減免】【年度切替更新】 - 愛知県蒲郡市公式ホームページ ページの先頭です。 メニューを飛ばして本文へ メニュー 検索 JavaScriptが無効のため、文字の大きさ・背景色を変更する機能を使用できません。 本文へ Foreign language 音声読み上げ ふりがな 閲覧補助 文字サイズ 拡大 標準 背景色 白 黒 青 閉じる 休日・救急医療 安心・ひろめーる AED設置場所 緊急・防災情報 く"
"蒲郡市","strong","68","令和７年度蒲郡市まちづくり事業助成金交付対象事業の選考結果 - 愛知県蒲郡市公式ホームページ","https://www.city.gamagori.lg.jp/unit/kyodo/7shinsa.html","令和７年度蒲郡市まちづくり事業助成金交付対象事業の選考結果","令和７年度蒲郡市まちづくり事業助成金交付対象事業の選考結果 - 愛知県蒲郡市公式ホームページ ページの先頭です。 メニューを飛ばして本文へ メニュー 検索 JavaScriptが無効のため、文字の大きさ・背景色を変更する機能を使用できません。 本文へ Foreign language 音声読み上げ ふりがな 閲覧補助 文字サイズ 拡大 標準 背景色 白 黒 青 閉じる 休日・救急医療 安心・ひろめーる AED設置場所 緊急・防災情報 く"
"刈谷市","strong","67","長期優良住宅","https://www.city.kariya.lg.jp/lifeevent/l_jyutaku/1007010/1007095.html","長期優良住宅","長期優良住宅｜刈谷市ホームページ 当ホームページではjavascriptを使用しています。 javascriptの使用を有効にしなければ、一部の機能が正確に動作しない恐れがあります。お手数ですがjavascriptの使用を有効にしてください。 エンターキーを押すと、ナビゲーション部分をスキップし本文へ移動します。 サイトマップ 文字サイズ・配色の変更 Foreign Language English portugues 한국어 中文（简"
"刈谷市","strong","67","ブロック塀等撤去費補助制度","https://www.city.kariya.lg.jp/mokuteki/riyou/1007198/1007239.html","ブロック塀等撤去費補助制度","ブロック塀等撤去費補助制度｜刈谷市ホームページ 当ホームページではjavascriptを使用しています。 javascriptの使用を有効にしなければ、一部の機能が正確に動作しない恐れがあります。お手数ですがjavascriptの使用を有効にしてください。 エンターキーを押すと、ナビゲーション部分をスキップし本文へ移動します。 サイトマップ 文字サイズ・配色の変更 Foreign Language English portugues 한"
"刈谷市","strong","67","多様な集団活動事業の利用支援補助制度（事業者向け）","https://www.city.kariya.lg.jp/kosodatenavi/1014911/1014913/1022550.html","多様な集団活動事業の利用支援補助制度（事業者向け）","多様な集団活動事業の利用支援補助制度（事業者向け）｜かりや子育て応援ナビ 当ホームページではjavascriptを使用しています。 javascriptの使用を有効にしなければ、一部の機能が正確に動作しない恐れがあります。お手数ですがjavascriptの使用を有効にしてください。 エンターキーを押すと、ナビゲーション部分をスキップし本文へ移動します。 救急のとき いざというときに 災害時の避難所 休日診療案内 防災・減災 気象情報 衣"
"刈谷市","strong","67","多様な集団活動事業の利用支援補助制度（事業者向け）","https://www.city.kariya.lg.jp/kosodatenavi/1014911/1016830/1022554.html","多様な集団活動事業の利用支援補助制度（事業者向け）","多様な集団活動事業の利用支援補助制度（事業者向け）｜かりや子育て応援ナビ 当ホームページではjavascriptを使用しています。 javascriptの使用を有効にしなければ、一部の機能が正確に動作しない恐れがあります。お手数ですがjavascriptの使用を有効にしてください。 エンターキーを押すと、ナビゲーション部分をスキップし本文へ移動します。 救急のとき いざというときに 災害時の避難所 休日診療案内 防災・減災 気象情報 衣"
"刈谷市","strong","67","粗大ごみの処理方法","https://www.city.kariya.lg.jp/lifeevent/l_hikkoshi/1007013/1007124.html","粗大ごみの処理方法","粗大ごみの処理方法｜刈谷市ホームページ 当ホームページではjavascriptを使用しています。 javascriptの使用を有効にしなければ、一部の機能が正確に動作しない恐れがあります。お手数ですがjavascriptの使用を有効にしてください。 エンターキーを押すと、ナビゲーション部分をスキップし本文へ移動します。 サイトマップ 文字サイズ・配色の変更 Foreign Language English portugues 한국어 中"
"豊田市","strong","67","妊産婦健康診査（医療機関・助産所委託）","https://www.city.toyota.aichi.jp/kosodategakko/ninshin/1073749/1003321.html","妊産婦健康診査（医療機関・助産所委託）","妊産婦健康診査（医療機関・助産所委託）｜豊田市 当ホームページではjavascriptを使用しています。 javascriptの使用を有効にしなければ、一部の機能が正確に動作しない恐れがあります。お手数ですがjavascriptの使用を有効にしてください。 エンターキーを押すと、ナビゲーション部分をスキップし本文へ移動します。 豊田市 TOYOTA CITY サイト メニュー 庁舎案内 Select Language Afrikaans"
"豊田市","strong","67","新築住宅に対する固定資産税の減額制度","https://www.city.toyota.aichi.jp/zeihoken/koteishisan/1073684/1002890.html","新築住宅に対する固定資産税の減額制度","新築住宅に対する固定資産税の減額制度｜豊田市 当ホームページではjavascriptを使用しています。 javascriptの使用を有効にしなければ、一部の機能が正確に動作しない恐れがあります。お手数ですがjavascriptの使用を有効にしてください。 エンターキーを押すと、ナビゲーション部分をスキップし本文へ移動します。 豊田市 TOYOTA CITY サイト メニュー 庁舎案内 Select Language Afrikaans "
"豊田市","strong","67","長期優良住宅に対する固定資産税の減額制度","https://www.city.toyota.aichi.jp/zeihoken/koteishisan/1073684/1002891.html","長期優良住宅に対する固定資産税の減額制度","長期優良住宅に対する固定資産税の減額制度｜豊田市 当ホームページではjavascriptを使用しています。 javascriptの使用を有効にしなければ、一部の機能が正確に動作しない恐れがあります。お手数ですがjavascriptの使用を有効にしてください。 エンターキーを押すと、ナビゲーション部分をスキップし本文へ移動します。 豊田市 TOYOTA CITY サイト メニュー 庁舎案内 Select Language Afrikaan"
"豊田市","strong","67","豊田市過疎地域持続的発展に係る固定資産税の課税免除の特例","https://www.city.toyota.aichi.jp/zeihoken/koteishisan/1073684/1046103.html","豊田市過疎地域持続的発展に係る固定資産税の課税免除の特例","豊田市過疎地域持続的発展に係る固定資産税の課税免除の特例｜豊田市 当ホームページではjavascriptを使用しています。 javascriptの使用を有効にしなければ、一部の機能が正確に動作しない恐れがあります。お手数ですがjavascriptの使用を有効にしてください。 エンターキーを押すと、ナビゲーション部分をスキップし本文へ移動します。 豊田市 TOYOTA CITY サイト メニュー 庁舎案内 Select Language "
"安城市","strong","67","安城市","https://www.city.anjo.aichi.jp/kurasu/kosodate/kousotuninntei.html","ひとり親家庭高等学校卒業程度認定試験合格支援給付金","安城市／ひとり親家庭高等学校卒業程度認定試験合格支援給付金 このサイトではJavaScriptを使用したコンテンツ・機能を提供しています。JavaScriptを有効にするとご利用いただけます。 本文へスキップします。 安城市 受け継ぐ想いを 未来へ届ける 望遠郷 サイト内検索 ページID検索 設定 文字サイズ・色合い変更 Language メニュー 閉じる 緊急 情報 緊急情報 閉じる ホーム 生活・サービス 教育・学習 観光・文化・ス"
"西尾市","strong","67","企業再投資促進補助金のご案内","https://www.city.nishio.aichi.jp/sangyo/kigyoyuchi/1003051.html","企業再投資促進補助金のご案内","企業再投資促進補助金のご案内｜西尾市公式ウェブサイト 当ホームページではjavascriptを使用しています。 javascriptの使用を有効にしなければ、一部の機能が正確に動作しない恐れがあります。お手数ですがjavascriptの使用を有効にしてください。 エンターキーを押すと、ナビゲーション部分をスキップし本文へ移動します。 サイトマップ Select Language English 中文（简体字） 中文（繁體字） 한국어 P"
"西尾市","strong","67","企業立地インフラ整備支援補助金ご案内","https://www.city.nishio.aichi.jp/sangyo/kigyoyuchi/1009588.html","企業立地インフラ整備支援補助金ご案内","企業立地インフラ整備支援補助金ご案内｜西尾市公式ウェブサイト 当ホームページではjavascriptを使用しています。 javascriptの使用を有効にしなければ、一部の機能が正確に動作しない恐れがあります。お手数ですがjavascriptの使用を有効にしてください。 エンターキーを押すと、ナビゲーション部分をスキップし本文へ移動します。 サイトマップ Select Language English 中文（简体字） 中文（繁體字） 한"
"西尾市","strong","67","下水道（使用料関係・減免等）","https://www.city.nishio.aichi.jp/kurashi/suido/1001406/1010679.html","下水道（使用料関係・減免等）","下水道（使用料関係・減免等）｜西尾市公式ウェブサイト 当ホームページではjavascriptを使用しています。 javascriptの使用を有効にしなければ、一部の機能が正確に動作しない恐れがあります。お手数ですがjavascriptの使用を有効にしてください。 エンターキーを押すと、ナビゲーション部分をスキップし本文へ移動します。 サイトマップ Select Language English 中文（简体字） 中文（繁體字） 한국어 P"
"西尾市","strong","67","下水道（雨水貯留浸透施設設置奨励補助金）","https://www.city.nishio.aichi.jp/kurashi/suido/1001406/1001985.html","下水道（雨水貯留浸透施設設置奨励補助金）","下水道（雨水貯留浸透施設設置奨励補助金）｜西尾市公式ウェブサイト 当ホームページではjavascriptを使用しています。 javascriptの使用を有効にしなければ、一部の機能が正確に動作しない恐れがあります。お手数ですがjavascriptの使用を有効にしてください。 エンターキーを押すと、ナビゲーション部分をスキップし本文へ移動します。 サイトマップ Select Language English 中文（简体字） 中文（繁體字）"
"蒲郡市","strong","67","結婚・出会いに関する情報をまとめています - 愛知県蒲郡市公式ホームページ","https://www.city.gamagori.lg.jp/site/kekkon/","結婚・出会いに関する情報をまとめています","結婚・出会いに関する情報をまとめています - 愛知県蒲郡市公式ホームページ ページの先頭です。 メニューを飛ばして本文へ メニュー 検索 JavaScriptが無効のため、文字の大きさ・背景色を変更する機能を使用できません。 本文へ Foreign language 音声読み上げ ふりがな 閲覧補助 文字サイズ 拡大 標準 背景色 白 黒 青 閉じる 休日・救急医療 安心・ひろめーる AED設置場所 緊急・防災情報 くらし・手続 防災・"
"刈谷市","strong","66","くらしの情報","https://www.city.kariya.lg.jp/kurashi/index.html","くらしの情報","くらしの情報｜刈谷市ホームページ 当ホームページではjavascriptを使用しています。 javascriptの使用を有効にしなければ、一部の機能が正確に動作しない恐れがあります。お手数ですがjavascriptの使用を有効にしてください。 エンターキーを押すと、ナビゲーション部分をスキップし本文へ移動します。 サイトマップ 文字サイズ・配色の変更 Foreign Language English portugues 한국어 中文（简"
"刈谷市","strong","66","よくある質問 高齢者や障害のある方、生活困窮されている方、社会福祉施設などに対する水道料金の減免制度や割引制度はありますか？","https://www.city.kariya.lg.jp/faq/q_kurashi/q_suido/1002492.html","高齢者や障害のある方、生活困窮されている方、社会福祉施設などに対する水道料金の減免制度や割引制度はありますか？","よくある質問 高齢者や障害のある方、生活困窮されている方、社会福祉施設などに対する水道料金の減免制度や割引制度はありますか？｜刈谷市ホームページ 当ホームページではjavascriptを使用しています。 javascriptの使用を有効にしなければ、一部の機能が正確に動作しない恐れがあります。お手数ですがjavascriptの使用を有効にしてください。 エンターキーを押すと、ナビゲーション部分をスキップし本文へ移動します。 サイトマップ"
"刈谷市","strong","66","事業者向け情報","https://www.city.kariya.lg.jp/kurashi/fukushikaigo/koureishafukushi/1003481/index.html","事業者向け情報","事業者向け情報｜刈谷市ホームページ 当ホームページではjavascriptを使用しています。 javascriptの使用を有効にしなければ、一部の機能が正確に動作しない恐れがあります。お手数ですがjavascriptの使用を有効にしてください。 エンターキーを押すと、ナビゲーション部分をスキップし本文へ移動します。 サイトマップ 文字サイズ・配色の変更 Foreign Language English portugues 한국어 中文（"
"安城市","strong","66","安城市","https://www.city.anjo.aichi.jp/kurasu/fukushikaigo/shogai/koutsu.html","身体障害者手帳、療育手帳、精神障害者保健福祉手帳をお持ちの方","安城市／自動車や交通費の助成 このサイトではJavaScriptを使用したコンテンツ・機能を提供しています。JavaScriptを有効にするとご利用いただけます。 本文へスキップします。 安城市 受け継ぐ想いを 未来へ届ける 望遠郷 サイト内検索 ページID検索 設定 文字サイズ・色合い変更 Language メニュー 閉じる 緊急 情報 緊急情報 閉じる ホーム 生活・サービス 教育・学習 観光・文化・スポーツ 産業・入札 市政情報 "
"蒲郡市","strong","66","国民健康保険【出産育児一時金・葬祭費】 - 愛知県蒲郡市公式ホームページ","https://www.city.gamagori.lg.jp/unit/nenkin/kokuhokyufu009.html","国民健康保険【出産育児一時金・葬祭費】","国民健康保険【出産育児一時金・葬祭費】 - 愛知県蒲郡市公式ホームページ ページの先頭です。 メニューを飛ばして本文へ メニュー 検索 JavaScriptが無効のため、文字の大きさ・背景色を変更する機能を使用できません。 本文へ Foreign language 音声読み上げ ふりがな 閲覧補助 文字サイズ 拡大 標準 背景色 白 黒 青 閉じる 休日・救急医療 安心・ひろめーる AED設置場所 緊急・防災情報 くらし・手続 防災・安"
"蒲郡市","strong","66","蒲郡市国民健康保険加入中の方の禁煙外来の治療費を助成します - 愛知県蒲郡市公式ホームページ","https://www.city.gamagori.lg.jp/unit/nenkin/kokuhokinen.html","国民健康保険禁煙外来治療費用助成金","蒲郡市国民健康保険加入中の方の禁煙外来の治療費を助成します - 愛知県蒲郡市公式ホームページ ページの先頭です。 メニューを飛ばして本文へ メニュー 検索 JavaScriptが無効のため、文字の大きさ・背景色を変更する機能を使用できません。 本文へ Foreign language 音声読み上げ ふりがな 閲覧補助 文字サイズ 拡大 標準 背景色 白 黒 青 閉じる 休日・救急医療 安心・ひろめーる AED設置場所 緊急・防災情報 く"
"蒲郡市","strong","66","後期高齢者医療制度〔令和８年度保険料の計算方法や納め方〕 - 愛知県蒲郡市公式ホームページ","https://www.city.gamagori.lg.jp/unit/nenkin/koukihokennryou02.html","後期高齢者医療保険料の減免","後期高齢者医療制度〔令和８年度保険料の計算方法や納め方〕 - 愛知県蒲郡市公式ホームページ ページの先頭です。 メニューを飛ばして本文へ メニュー 検索 JavaScriptが無効のため、文字の大きさ・背景色を変更する機能を使用できません。 本文へ Foreign language 音声読み上げ ふりがな 閲覧補助 文字サイズ 拡大 標準 背景色 白 黒 青 閉じる 休日・救急医療 安心・ひろめーる AED設置場所 緊急・防災情報 くら"
"蒲郡市","strong","66","後期高齢者医療保険料の改定(令和８年度改定) - 愛知県蒲郡市公式ホームページ","https://www.city.gamagori.lg.jp/unit/nenkin/koki-korei2024.html","後期高齢者医療保険料の改定(令和８年度改定)","後期高齢者医療保険料の改定(令和８年度改定) - 愛知県蒲郡市公式ホームページ ページの先頭です。 メニューを飛ばして本文へ メニュー 検索 JavaScriptが無効のため、文字の大きさ・背景色を変更する機能を使用できません。 本文へ Foreign language 音声読み上げ ふりがな 閲覧補助 文字サイズ 拡大 標準 背景色 白 黒 青 閉じる 休日・救急医療 安心・ひろめーる AED設置場所 緊急・防災情報 くらし・手続 防"
"蒲郡市","strong","66","高齢者割引タクシー制度 - 愛知県蒲郡市公式ホームページ","https://www.city.gamagori.lg.jp/unit/kotsu/koreishatakushik.html","高齢者タクシー運賃助成金","高齢者割引タクシー制度 - 愛知県蒲郡市公式ホームページ ページの先頭です。 メニューを飛ばして本文へ メニュー 検索 JavaScriptが無効のため、文字の大きさ・背景色を変更する機能を使用できません。 本文へ Foreign language 音声読み上げ ふりがな 閲覧補助 文字サイズ 拡大 標準 背景色 白 黒 青 閉じる 休日・救急医療 安心・ひろめーる AED設置場所 緊急・防災情報 くらし・手続 防災・安全安心 マイナン"
"蒲郡市","strong","66","新型コロナウイルス感染症の影響による緊急小口資金および総合支援資金特例貸付について - 愛知県蒲郡市公式ホームページ","https://www.city.gamagori.lg.jp/unit/fukushi/seikatufukushishikin.html","新型コロナウイルス感染症の影響による緊急小口資金および総合支援資金特例貸付について","新型コロナウイルス感染症の影響による緊急小口資金および総合支援資金特例貸付について - 愛知県蒲郡市公式ホームページ ページの先頭です。 メニューを飛ばして本文へ メニュー 検索 JavaScriptが無効のため、文字の大きさ・背景色を変更する機能を使用できません。 本文へ Foreign language 音声読み上げ ふりがな 閲覧補助 文字サイズ 拡大 標準 背景色 白 黒 青 閉じる 休日・救急医療 安心・ひろめーる AED設置"
"蒲郡市","strong","66","令和８年度帯状疱疹任意予防接種費用の一部助成を行います - 蒲郡市保健医療センター - 愛知県蒲郡市公式ホームページ","https://www.city.gamagori.lg.jp/site/hokencenter/taijouhoushin-vaccine.html","帯状疱疹予防接種費用助成金","令和８年度帯状疱疹任意予防接種費用の一部助成を行います - 蒲郡市保健医療センター - 愛知県蒲郡市公式ホームページ ページの先頭です。 メニューを飛ばして本文へ メニュー 検索 JavaScriptが無効のため、文字の大きさ・背景色を変更する機能を使用できません。 本文へ Foreign language 音声読み上げ ふりがな 閲覧補助 文字サイズ 拡大 標準 背景色 白 黒 青 閉じる 休日・救急医療 安心・ひろめーる AED設置"
"蒲郡市","strong","66","令和8年度脳ドック検査費用助成のお知らせ(蒲郡市国保・後期高齢者医療制度の方向け) - 愛知県蒲郡市公式ホームページ","https://www.city.gamagori.lg.jp/unit/nenkin/kokuhokyufu023.html","後期高齢者医療脳ドック検査費用助成金","令和8年度脳ドック検査費用助成のお知らせ(蒲郡市国保・後期高齢者医療制度の方向け) - 愛知県蒲郡市公式ホームページ ページの先頭です。 メニューを飛ばして本文へ メニュー 検索 JavaScriptが無効のため、文字の大きさ・背景色を変更する機能を使用できません。 本文へ Foreign language 音声読み上げ ふりがな 閲覧補助 文字サイズ 拡大 標準 背景色 白 黒 青 閉じる 休日・救急医療 安心・ひろめーる AED設置"
"蒲郡市","strong","66","令和８年度蒲郡市漁業用具整備事業費補助金のお知らせ - 愛知県蒲郡市公式ホームページ","https://www.city.gamagori.lg.jp/unit/norin/gyogyouyouguseibizigyou.html","令和８年度蒲郡市漁業用具整備事業費補助金のお知らせ","令和８年度蒲郡市漁業用具整備事業費補助金のお知らせ - 愛知県蒲郡市公式ホームページ ページの先頭です。 メニューを飛ばして本文へ メニュー 検索 JavaScriptが無効のため、文字の大きさ・背景色を変更する機能を使用できません。 本文へ Foreign language 音声読み上げ ふりがな 閲覧補助 文字サイズ 拡大 標準 背景色 白 黒 青 閉じる 休日・救急医療 安心・ひろめーる AED設置場所 緊急・防災情報 くらし・手"
"蒲郡市","strong","66","感震ブレーカー設置補助金 - 愛知県蒲郡市公式ホームページ","https://www.city.gamagori.lg.jp/unit/kikikanri/kansin.html","感震ブレーカー設置補助金","感震ブレーカー設置補助金 - 愛知県蒲郡市公式ホームページ ページの先頭です。 メニューを飛ばして本文へ メニュー 検索 JavaScriptが無効のため、文字の大きさ・背景色を変更する機能を使用できません。 本文へ Foreign language 音声読み上げ ふりがな 閲覧補助 文字サイズ 拡大 標準 背景色 白 黒 青 閉じる 休日・救急医療 安心・ひろめーる AED設置場所 緊急・防災情報 くらし・手続 防災・安全安心 マイナ"
"蒲郡市","strong","66","民間木造住宅耐震改修費補助金 - 建築住宅課 - 愛知県蒲郡市公式ホームページ","https://www.city.gamagori.lg.jp/site/kenchiku/taishinkaishu.html","民間木造住宅耐震改修費補助金","民間木造住宅耐震改修費補助金 - 建築住宅課 - 愛知県蒲郡市公式ホームページ ページの先頭です。 メニューを飛ばして本文へ メニュー 検索 JavaScriptが無効のため、文字の大きさ・背景色を変更する機能を使用できません。 本文へ Foreign language 音声読み上げ ふりがな 閲覧補助 文字サイズ 拡大 標準 背景色 白 黒 青 閉じる 休日・救急医療 安心・ひろめーる AED設置場所 緊急・防災情報 くらし・手続 防"
"蒲郡市","strong","66","特殊詐欺対策装置購入費補助金の申請受付を行っています - 愛知県蒲郡市公式ホームページ","https://www.city.gamagori.lg.jp/unit/kotsu/tokusyusagitaisakusouti.html","特殊詐欺対策装置購入費補助金","特殊詐欺対策装置購入費補助金の申請受付を行っています - 愛知県蒲郡市公式ホームページ ページの先頭です。 メニューを飛ばして本文へ メニュー 検索 JavaScriptが無効のため、文字の大きさ・背景色を変更する機能を使用できません。 本文へ Foreign language 音声読み上げ ふりがな 閲覧補助 文字サイズ 拡大 標準 背景色 白 黒 青 閉じる 休日・救急医療 安心・ひろめーる AED設置場所 緊急・防災情報 くらし・"
"蒲郡市","strong","66","井戸掘り事業助成金 - 愛知県蒲郡市公式ホームページ","https://www.city.gamagori.lg.jp/unit/suido/idohori.html","井戸掘り事業助成金","井戸掘り事業助成金 - 愛知県蒲郡市公式ホームページ ページの先頭です。 メニューを飛ばして本文へ メニュー 検索 JavaScriptが無効のため、文字の大きさ・背景色を変更する機能を使用できません。 本文へ Foreign language 音声読み上げ ふりがな 閲覧補助 文字サイズ 拡大 標準 背景色 白 黒 青 閉じる 休日・救急医療 安心・ひろめーる AED設置場所 緊急・防災情報 くらし・手続 防災・安全安心 マイナンバー"
"蒲郡市","strong","66","高齢・介護に関する情報をまとめています - 愛知県蒲郡市公式ホームページ","https://www.city.gamagori.lg.jp/site/senior/","高齢・介護に関する情報をまとめています","高齢・介護に関する情報をまとめています - 愛知県蒲郡市公式ホームページ ページの先頭です。 メニューを飛ばして本文へ メニュー 検索 JavaScriptが無効のため、文字の大きさ・背景色を変更する機能を使用できません。 本文へ Foreign language 音声読み上げ ふりがな 閲覧補助 文字サイズ 拡大 標準 背景色 白 黒 青 閉じる 休日・救急医療 安心・ひろめーる AED設置場所 緊急・防災情報 くらし・手続 防災・安"
"蒲郡市","strong","66","後期高齢者医療制度〔受けられる給付〕 - 愛知県蒲郡市公式ホームページ","https://www.city.gamagori.lg.jp/unit/nenkin/koukikourei014.html","受けられる給付","後期高齢者医療制度〔受けられる給付〕 - 愛知県蒲郡市公式ホームページ ページの先頭です。 メニューを飛ばして本文へ メニュー 検索 JavaScriptが無効のため、文字の大きさ・背景色を変更する機能を使用できません。 本文へ Foreign language 音声読み上げ ふりがな 閲覧補助 文字サイズ 拡大 標準 背景色 白 黒 青 閉じる 休日・救急医療 安心・ひろめーる AED設置場所 緊急・防災情報 くらし・手続 防災・安全"
"蒲郡市","strong","66","個人市県民税の減免について - 愛知県蒲郡市公式ホームページ","https://www.city.gamagori.lg.jp/unit/zeimu/genmen.html","個人市県民税の減免について","個人市県民税の減免について - 愛知県蒲郡市公式ホームページ ページの先頭です。 メニューを飛ばして本文へ メニュー 検索 JavaScriptが無効のため、文字の大きさ・背景色を変更する機能を使用できません。 本文へ Foreign language 音声読み上げ ふりがな 閲覧補助 文字サイズ 拡大 標準 背景色 白 黒 青 閉じる 休日・救急医療 安心・ひろめーる AED設置場所 緊急・防災情報 くらし・手続 防災・安全安心 マイ"
"刈谷市","strong","65","民間住宅瓦屋根耐風診断・耐風改修補助","https://www.city.kariya.lg.jp/mokuteki/riyou/1007198/1020397.html","民間住宅瓦屋根耐風診断・耐風改修補助","民間住宅瓦屋根耐風診断・耐風改修補助｜刈谷市ホームページ 当ホームページではjavascriptを使用しています。 javascriptの使用を有効にしなければ、一部の機能が正確に動作しない恐れがあります。お手数ですがjavascriptの使用を有効にしてください。 エンターキーを押すと、ナビゲーション部分をスキップし本文へ移動します。 サイトマップ 文字サイズ・配色の変更 Foreign Language English portug"
"刈谷市","strong","65","緊急輸送道路等沿道建築物耐震診断費・耐震改修費等補助","https://www.city.kariya.lg.jp/mokuteki/riyou/1007198/1020400.html","緊急輸送道路等沿道建築物耐震診断費・耐震改修費等補助","緊急輸送道路等沿道建築物耐震診断費・耐震改修費等補助｜刈谷市ホームページ 当ホームページではjavascriptを使用しています。 javascriptの使用を有効にしなければ、一部の機能が正確に動作しない恐れがあります。お手数ですがjavascriptの使用を有効にしてください。 エンターキーを押すと、ナビゲーション部分をスキップし本文へ移動します。 サイトマップ 文字サイズ・配色の変更 Foreign Language Englis"
"刈谷市","strong","65","中小企業退職金共済制度","https://www.city.kariya.lg.jp/sangyo/sangyoshinko/1022198/1022777.html","中小企業退職金共済制度","中小企業退職金共済制度｜刈谷市ホームページ 当ホームページではjavascriptを使用しています。 javascriptの使用を有効にしなければ、一部の機能が正確に動作しない恐れがあります。お手数ですがjavascriptの使用を有効にしてください。 エンターキーを押すと、ナビゲーション部分をスキップし本文へ移動します。 サイトマップ 文字サイズ・配色の変更 Foreign Language English portugues 한국어"
"刈谷市","strong","65","子育て支援課","https://www.city.kariya.lg.jp/shisei/soshiki/jisedai/1004444.html","子育て支援課","子育て支援課｜刈谷市ホームページ 当ホームページではjavascriptを使用しています。 javascriptの使用を有効にしなければ、一部の機能が正確に動作しない恐れがあります。お手数ですがjavascriptの使用を有効にしてください。 エンターキーを押すと、ナビゲーション部分をスキップし本文へ移動します。 サイトマップ 文字サイズ・配色の変更 Foreign Language English portugues 한국어 中文（简"
"刈谷市","strong","65","障害者雇用","https://www.city.kariya.lg.jp/sangyo/sangyoshinko/1022198/1015019.html","障害者雇用","障害者雇用｜刈谷市ホームページ 当ホームページではjavascriptを使用しています。 javascriptの使用を有効にしなければ、一部の機能が正確に動作しない恐れがあります。お手数ですがjavascriptの使用を有効にしてください。 エンターキーを押すと、ナビゲーション部分をスキップし本文へ移動します。 サイトマップ 文字サイズ・配色の変更 Foreign Language English portugues 한국어 中文（简化"
"刈谷市","strong","65","耐震性貯水槽","https://www.city.kariya.lg.jp/kurashi/anshin/1019751/1017349.html","耐震性貯水槽","耐震性貯水槽｜刈谷市ホームページ 当ホームページではjavascriptを使用しています。 javascriptの使用を有効にしなければ、一部の機能が正確に動作しない恐れがあります。お手数ですがjavascriptの使用を有効にしてください。 エンターキーを押すと、ナビゲーション部分をスキップし本文へ移動します。 サイトマップ 文字サイズ・配色の変更 Foreign Language English portugues 한국어 中文（简"
"刈谷市","strong","65","一時保育利用料補助制度","https://www.city.kariya.lg.jp/kosodatenavi/1014911/1014913/1022548.html","一時保育利用料補助制度","一時保育利用料補助制度｜かりや子育て応援ナビ 当ホームページではjavascriptを使用しています。 javascriptの使用を有効にしなければ、一部の機能が正確に動作しない恐れがあります。お手数ですがjavascriptの使用を有効にしてください。 エンターキーを押すと、ナビゲーション部分をスキップし本文へ移動します。 救急のとき いざというときに 災害時の避難所 休日診療案内 防災・減災 気象情報 衣浦東部広域連合 閉じる メニ"
"刈谷市","strong","65","認可外保育施設利用料補助制度","https://www.city.kariya.lg.jp/kosodatenavi/1014911/1014913/1016791.html","認可外保育施設利用料補助制度","認可外保育施設利用料補助制度｜かりや子育て応援ナビ 当ホームページではjavascriptを使用しています。 javascriptの使用を有効にしなければ、一部の機能が正確に動作しない恐れがあります。お手数ですがjavascriptの使用を有効にしてください。 エンターキーを押すと、ナビゲーション部分をスキップし本文へ移動します。 救急のとき いざというときに 災害時の避難所 休日診療案内 防災・減災 気象情報 衣浦東部広域連合 閉じる"
"刈谷市","strong","65","一時保育利用料補助制度","https://www.city.kariya.lg.jp/kosodatenavi/1014911/1016830/1022555.html","一時保育利用料補助制度","一時保育利用料補助制度｜かりや子育て応援ナビ 当ホームページではjavascriptを使用しています。 javascriptの使用を有効にしなければ、一部の機能が正確に動作しない恐れがあります。お手数ですがjavascriptの使用を有効にしてください。 エンターキーを押すと、ナビゲーション部分をスキップし本文へ移動します。 救急のとき いざというときに 災害時の避難所 休日診療案内 防災・減災 気象情報 衣浦東部広域連合 閉じる メニ"
"刈谷市","strong","65","建築確認申請","https://www.city.kariya.lg.jp/lifeevent/l_jyutaku/1007011/1007105.html","建築確認申請","建築確認申請｜刈谷市ホームページ 当ホームページではjavascriptを使用しています。 javascriptの使用を有効にしなければ、一部の機能が正確に動作しない恐れがあります。お手数ですがjavascriptの使用を有効にしてください。 エンターキーを押すと、ナビゲーション部分をスキップし本文へ移動します。 サイトマップ 文字サイズ・配色の変更 Foreign Language English portugues 한국어 中文（简"
"豊田市","strong","65","とよたで女性の起業できます.PROJECT（女性起業支援）","https://www.city.toyota.aichi.jp/sangyo/shogyo/1056108.html","とよたで女性の起業できます.PROJECT（女性起業支援）","とよたで女性の起業できます.PROJECT（女性起業支援）｜豊田市 当ホームページではjavascriptを使用しています。 javascriptの使用を有効にしなければ、一部の機能が正確に動作しない恐れがあります。お手数ですがjavascriptの使用を有効にしてください。 エンターキーを押すと、ナビゲーション部分をスキップし本文へ移動します。 豊田市 TOYOTA CITY サイト メニュー 庁舎案内 Select Language"
"豊田市","strong","65","商業・サービス事業者アンケート調査報告書","https://www.city.toyota.aichi.jp/sangyo/shogyo/1061089.html","商業・サービス事業者アンケート調査報告書","商業・サービス事業者アンケート調査報告書｜豊田市 当ホームページではjavascriptを使用しています。 javascriptの使用を有効にしなければ、一部の機能が正確に動作しない恐れがあります。お手数ですがjavascriptの使用を有効にしてください。 エンターキーを押すと、ナビゲーション部分をスキップし本文へ移動します。 豊田市 TOYOTA CITY サイト メニュー 庁舎案内 Select Language Afrikaan"
"豊田市","strong","65","特定疾患医療給付事業","https://www.city.toyota.aichi.jp/kenkoiryo/shogai/1073266/1073727/1003111.html","特定疾患医療給付事業","特定疾患医療給付事業｜豊田市 当ホームページではjavascriptを使用しています。 javascriptの使用を有効にしなければ、一部の機能が正確に動作しない恐れがあります。お手数ですがjavascriptの使用を有効にしてください。 エンターキーを押すと、ナビゲーション部分をスキップし本文へ移動します。 豊田市 TOYOTA CITY サイト メニュー 庁舎案内 Select Language Afrikaans Albanian"
"豊田市","strong","65","「交通安全委員」「高齢者交通安全アドバイザー」の大切な役割","https://www.city.toyota.aichi.jp/bosaianzen/bohan/anzen/1073313/1043997.html","「交通安全委員」「高齢者交通安全アドバイザー」の大切な役割","「交通安全委員」「高齢者交通安全アドバイザー」の大切な役割｜豊田市 当ホームページではjavascriptを使用しています。 javascriptの使用を有効にしなければ、一部の機能が正確に動作しない恐れがあります。お手数ですがjavascriptの使用を有効にしてください。 エンターキーを押すと、ナビゲーション部分をスキップし本文へ移動します。 豊田市 TOYOTA CITY サイト メニュー 庁舎案内 Select Language"
"豊田市","strong","65","「高齢者交通安全防犯推進員」が高齢者世帯を訪問します","https://www.city.toyota.aichi.jp/bosaianzen/bohan/anzen/1073313/1043214.html","「高齢者交通安全防犯推進員」が高齢者世帯を訪問します","「高齢者交通安全防犯推進員」が高齢者世帯を訪問します｜豊田市 当ホームページではjavascriptを使用しています。 javascriptの使用を有効にしなければ、一部の機能が正確に動作しない恐れがあります。お手数ですがjavascriptの使用を有効にしてください。 エンターキーを押すと、ナビゲーション部分をスキップし本文へ移動します。 豊田市 TOYOTA CITY サイト メニュー 庁舎案内 Select Language Af"
"豊田市","strong","65","子育て短期支援事業","https://www.city.toyota.aichi.jp/kosodategakko/kosodate/azukari/1003458.html","子育て短期支援事業","子育て短期支援事業｜豊田市 当ホームページではjavascriptを使用しています。 javascriptの使用を有効にしなければ、一部の機能が正確に動作しない恐れがあります。お手数ですがjavascriptの使用を有効にしてください。 エンターキーを押すと、ナビゲーション部分をスキップし本文へ移動します。 豊田市 TOYOTA CITY サイト メニュー 庁舎案内 Select Language Afrikaans Albanian "
"蒲郡市","strong","65","予防接種 - 愛知県蒲郡市公式ホームページ","https://www.city.gamagori.lg.jp/life/13/95/382/","予防接種","予防接種 - 愛知県蒲郡市公式ホームページ ページの先頭です。 メニューを飛ばして本文へ メニュー 検索 JavaScriptが無効のため、文字の大きさ・背景色を変更する機能を使用できません。 本文へ Foreign language 音声読み上げ ふりがな 閲覧補助 文字サイズ 拡大 標準 背景色 白 黒 青 閉じる 休日・救急医療 安心・ひろめーる AED設置場所 緊急・防災情報 くらし・手続 防災・安全安心 マイナンバーカード・電"
"蒲郡市","strong","65","第１１期高齢者福祉計画策定調査業務にかかる公募型プロポーザル実施結果について - 長寿課 - 愛知県蒲郡市公式ホームページ","https://www.city.gamagori.lg.jp/site/chojuka/koureishafukusikeikaku11senteikekka.html","第１１期高齢者福祉計画策定調査業務にかかる公募型プロポーザル実施結果について","第１１期高齢者福祉計画策定調査業務にかかる公募型プロポーザル実施結果について - 長寿課 - 愛知県蒲郡市公式ホームページ ページの先頭です。 メニューを飛ばして本文へ メニュー 検索 JavaScriptが無効のため、文字の大きさ・背景色を変更する機能を使用できません。 本文へ Foreign language 音声読み上げ ふりがな 閲覧補助 文字サイズ 拡大 標準 背景色 白 黒 青 閉じる 休日・救急医療 安心・ひろめーる AE"
"蒲郡市","strong","65","生活福祉資金の貸付について - 愛知県蒲郡市公式ホームページ","https://www.city.gamagori.lg.jp/unit/fukushi/fukushishikin.html","生活福祉資金の貸付について","生活福祉資金の貸付について - 愛知県蒲郡市公式ホームページ ページの先頭です。 メニューを飛ばして本文へ メニュー 検索 JavaScriptが無効のため、文字の大きさ・背景色を変更する機能を使用できません。 本文へ Foreign language 音声読み上げ ふりがな 閲覧補助 文字サイズ 拡大 標準 背景色 白 黒 青 閉じる 休日・救急医療 安心・ひろめーる AED設置場所 緊急・防災情報 くらし・手続 防災・安全安心 マイ"
"蒲郡市","strong","65","離婚の際に必要な情報をまとめています - 愛知県蒲郡市公式ホームページ","https://www.city.gamagori.lg.jp/site/rikon/","離婚の際に必要な情報をまとめています","離婚の際に必要な情報をまとめています - 愛知県蒲郡市公式ホームページ ページの先頭です。 メニューを飛ばして本文へ メニュー 検索 JavaScriptが無効のため、文字の大きさ・背景色を変更する機能を使用できません。 本文へ Foreign language 音声読み上げ ふりがな 閲覧補助 文字サイズ 拡大 標準 背景色 白 黒 青 閉じる 休日・救急医療 安心・ひろめーる AED設置場所 緊急・防災情報 くらし・手続 防災・安全"
"蒲郡市","strong","65","消費者保護 - 愛知県蒲郡市公式ホームページ","https://www.city.gamagori.lg.jp/life/1/3/30/","消費者保護","消費者保護 - 愛知県蒲郡市公式ホームページ ページの先頭です。 メニューを飛ばして本文へ メニュー 検索 JavaScriptが無効のため、文字の大きさ・背景色を変更する機能を使用できません。 本文へ Foreign language 音声読み上げ ふりがな 閲覧補助 文字サイズ 拡大 標準 背景色 白 黒 青 閉じる 休日・救急医療 安心・ひろめーる AED設置場所 緊急・防災情報 くらし・手続 防災・安全安心 マイナンバーカード・"
"刈谷市","strong","64","健康・医療","https://www.city.kariya.lg.jp/kurashi/kenkoiryo/index.html","健康・医療","健康・医療｜刈谷市ホームページ 当ホームページではjavascriptを使用しています。 javascriptの使用を有効にしなければ、一部の機能が正確に動作しない恐れがあります。お手数ですがjavascriptの使用を有効にしてください。 エンターキーを押すと、ナビゲーション部分をスキップし本文へ移動します。 サイトマップ 文字サイズ・配色の変更 Foreign Language English portugues 한국어 中文（简化"
"刈谷市","strong","64","住まいの助成・補助","https://www.city.kariya.lg.jp/kurashi/sumai/jyosei/index.html","住まいの助成・補助","住まいの助成・補助｜刈谷市ホームページ 当ホームページではjavascriptを使用しています。 javascriptの使用を有効にしなければ、一部の機能が正確に動作しない恐れがあります。お手数ですがjavascriptの使用を有効にしてください。 エンターキーを押すと、ナビゲーション部分をスキップし本文へ移動します。 サイトマップ 文字サイズ・配色の変更 Foreign Language English portugues 한국어 中"
"刈谷市","strong","64","健康・医療のお知らせ","https://www.city.kariya.lg.jp/kurashi/kenkoiryo/info_kenko/index.html","健康・医療のお知らせ","健康・医療のお知らせ｜刈谷市ホームページ 当ホームページではjavascriptを使用しています。 javascriptの使用を有効にしなければ、一部の機能が正確に動作しない恐れがあります。お手数ですがjavascriptの使用を有効にしてください。 エンターキーを押すと、ナビゲーション部分をスキップし本文へ移動します。 サイトマップ 文字サイズ・配色の変更 Foreign Language English portugues 한국어 "
"刈谷市","strong","64","ふるさと納税","https://www.city.kariya.lg.jp/kurashi/zeikin/furusato/index.html","ふるさと納税","ふるさと納税｜刈谷市ホームページ 当ホームページではjavascriptを使用しています。 javascriptの使用を有効にしなければ、一部の機能が正確に動作しない恐れがあります。お手数ですがjavascriptの使用を有効にしてください。 エンターキーを押すと、ナビゲーション部分をスキップし本文へ移動します。 サイトマップ 文字サイズ・配色の変更 Foreign Language English portugues 한국어 中文（简"
"刈谷市","strong","64","よくある質問 障害者手帳で割引になる公共施設がありますか？","https://www.city.kariya.lg.jp/faq/q_shisetsu/q_zenpan/1002639.html","障害者手帳で割引になる公共施設がありますか？","よくある質問 障害者手帳で割引になる公共施設がありますか？｜刈谷市ホームページ 当ホームページではjavascriptを使用しています。 javascriptの使用を有効にしなければ、一部の機能が正確に動作しない恐れがあります。お手数ですがjavascriptの使用を有効にしてください。 エンターキーを押すと、ナビゲーション部分をスキップし本文へ移動します。 サイトマップ 文字サイズ・配色の変更 Foreign Language Eng"
"刈谷市","strong","64","よくある質問 高齢者の施設入浴サービスはありますか。","https://www.city.kariya.lg.jp/faq/q_shisetsu/q_zenpan/1002640.html","高齢者の施設入浴サービスはありますか。","よくある質問 高齢者の施設入浴サービスはありますか。｜刈谷市ホームページ 当ホームページではjavascriptを使用しています。 javascriptの使用を有効にしなければ、一部の機能が正確に動作しない恐れがあります。お手数ですがjavascriptの使用を有効にしてください。 エンターキーを押すと、ナビゲーション部分をスキップし本文へ移動します。 サイトマップ 文字サイズ・配色の変更 Foreign Language Englis"
"刈谷市","strong","64","よくある質問 福祉事務所はどこですか？","https://www.city.kariya.lg.jp/faq/q_shisetsu/q_zenpan/1002647.html","福祉事務所はどこですか？","よくある質問 福祉事務所はどこですか？｜刈谷市ホームページ 当ホームページではjavascriptを使用しています。 javascriptの使用を有効にしなければ、一部の機能が正確に動作しない恐れがあります。お手数ですがjavascriptの使用を有効にしてください。 エンターキーを押すと、ナビゲーション部分をスキップし本文へ移動します。 サイトマップ 文字サイズ・配色の変更 Foreign Language English portu"
"刈谷市","strong","64","各種相談・講座","https://www.city.kariya.lg.jp/kurashi/kenkoiryo/soudan/index.html","各種相談・講座","各種相談・講座｜刈谷市ホームページ 当ホームページではjavascriptを使用しています。 javascriptの使用を有効にしなければ、一部の機能が正確に動作しない恐れがあります。お手数ですがjavascriptの使用を有効にしてください。 エンターキーを押すと、ナビゲーション部分をスキップし本文へ移動します。 サイトマップ 文字サイズ・配色の変更 Foreign Language English portugues 한국어 中文（"
"豊田市","strong","64","子育て・学校・若者支援","https://www.city.toyota.aichi.jp/kosodategakko/index.html","子育て・学校・若者支援","子育て・学校・若者支援｜豊田市 当ホームページではjavascriptを使用しています。 javascriptの使用を有効にしなければ、一部の機能が正確に動作しない恐れがあります。お手数ですがjavascriptの使用を有効にしてください。 エンターキーを押すと、ナビゲーション部分をスキップし本文へ移動します。 豊田市 TOYOTA CITY サイト メニュー 庁舎案内 Select Language Afrikaans Albania"
"豊田市","strong","64","医療機関・救急医療","https://www.city.toyota.aichi.jp/kenkoiryo/iryo/1073261/index.html","医療機関・救急医療","医療機関・救急医療｜豊田市 当ホームページではjavascriptを使用しています。 javascriptの使用を有効にしなければ、一部の機能が正確に動作しない恐れがあります。お手数ですがjavascriptの使用を有効にしてください。 エンターキーを押すと、ナビゲーション部分をスキップし本文へ移動します。 豊田市 TOYOTA CITY サイト メニュー 庁舎案内 Select Language Afrikaans Albanian "
"豊田市","strong","64","健康・医療","https://www.city.toyota.aichi.jp/sonotakurashi/interntional/1061095/index.html","健康・医療","健康・医療｜豊田市 当ホームページではjavascriptを使用しています。 javascriptの使用を有効にしなければ、一部の機能が正確に動作しない恐れがあります。お手数ですがjavascriptの使用を有効にしてください。 エンターキーを押すと、ナビゲーション部分をスキップし本文へ移動します。 豊田市 TOYOTA CITY サイト メニュー 庁舎案内 Select Language Afrikaans Albanian Amha"
"蒲郡市","strong","64","住まいの終活セミナー＆空家相談会を開催します - 建築住宅課 - 愛知県蒲郡市公式ホームページ","https://www.city.gamagori.lg.jp/site/kenchiku/akiyaseminar.html","住まいの終活セミナー＆空家相談会を開催します","住まいの終活セミナー＆空家相談会を開催します - 建築住宅課 - 愛知県蒲郡市公式ホームページ ページの先頭です。 メニューを飛ばして本文へ メニュー 検索 JavaScriptが無効のため、文字の大きさ・背景色を変更する機能を使用できません。 本文へ Foreign language 音声読み上げ ふりがな 閲覧補助 文字サイズ 拡大 標準 背景色 白 黒 青 閉じる 休日・救急医療 安心・ひろめーる AED設置場所 緊急・防災情報 "
"蒲郡市","strong","64","空家・空き店舗バンク（空き物件） - 建築住宅課 - 愛知県蒲郡市公式ホームページ","https://www.city.gamagori.lg.jp/site/kenchiku/akiyatourokubukken.html","空家・空き店舗バンク（空き物件）","空家・空き店舗バンク（空き物件） - 建築住宅課 - 愛知県蒲郡市公式ホームページ ページの先頭です。 メニューを飛ばして本文へ メニュー 検索 JavaScriptが無効のため、文字の大きさ・背景色を変更する機能を使用できません。 本文へ Foreign language 音声読み上げ ふりがな 閲覧補助 文字サイズ 拡大 標準 背景色 白 黒 青 閉じる 休日・救急医療 安心・ひろめーる AED設置場所 緊急・防災情報 くらし・手続"
"蒲郡市","strong","64","補助金・手当・助成 - 愛知県蒲郡市公式ホームページ","https://www.city.gamagori.lg.jp/life/sub/4/","手当・助成・補助金","補助金・手当・助成 - 愛知県蒲郡市公式ホームページ ページの先頭です。 メニューを飛ばして本文へ メニュー 検索 JavaScriptが無効のため、文字の大きさ・背景色を変更する機能を使用できません。 本文へ Foreign language 音声読み上げ ふりがな 閲覧補助 文字サイズ 拡大 標準 背景色 白 黒 青 閉じる 休日・救急医療 安心・ひろめーる AED設置場所 緊急・防災情報 くらし・手続 防災・安全安心 マイナンバー"
"蒲郡市","strong","64","くらし・手続 - 愛知県蒲郡市公式ホームページ","https://www.city.gamagori.lg.jp/life/1/index-2.html","くらし・手続","くらし・手続 - 愛知県蒲郡市公式ホームページ ページの先頭です。 メニューを飛ばして本文へ メニュー 検索 JavaScriptが無効のため、文字の大きさ・背景色を変更する機能を使用できません。 本文へ Foreign language 音声読み上げ ふりがな 閲覧補助 文字サイズ 拡大 標準 背景色 白 黒 青 閉じる 休日・救急医療 安心・ひろめーる AED設置場所 緊急・防災情報 くらし・手続 防災・安全安心 マイナンバーカード"
"蒲郡市","strong","64","ゼロカーボンシティ - 愛知県蒲郡市公式ホームページ","https://www.city.gamagori.lg.jp/life/1/36/326/","ゼロカーボンシティ","ゼロカーボンシティ - 愛知県蒲郡市公式ホームページ ページの先頭です。 メニューを飛ばして本文へ メニュー 検索 JavaScriptが無効のため、文字の大きさ・背景色を変更する機能を使用できません。 本文へ Foreign language 音声読み上げ ふりがな 閲覧補助 文字サイズ 拡大 標準 背景色 白 黒 青 閉じる 休日・救急医療 安心・ひろめーる AED設置場所 緊急・防災情報 くらし・手続 防災・安全安心 マイナンバー"
"蒲郡市","strong","64","地球温暖化対策 - 愛知県蒲郡市公式ホームページ","https://www.city.gamagori.lg.jp/life/1/36/226/","地球温暖化対策","地球温暖化対策 - 愛知県蒲郡市公式ホームページ ページの先頭です。 メニューを飛ばして本文へ メニュー 検索 JavaScriptが無効のため、文字の大きさ・背景色を変更する機能を使用できません。 本文へ Foreign language 音声読み上げ ふりがな 閲覧補助 文字サイズ 拡大 標準 背景色 白 黒 青 閉じる 休日・救急医療 安心・ひろめーる AED設置場所 緊急・防災情報 くらし・手続 防災・安全安心 マイナンバーカー"
"刈谷市","strong","63","災害時の指定避難所","https://www.city.kariya.lg.jp/kurashi/anshin/1019745/1002810.html","災害時の指定避難所","災害時の指定避難所｜刈谷市ホームページ 当ホームページではjavascriptを使用しています。 javascriptの使用を有効にしなければ、一部の機能が正確に動作しない恐れがあります。お手数ですがjavascriptの使用を有効にしてください。 エンターキーを押すと、ナビゲーション部分をスキップし本文へ移動します。 サイトマップ 文字サイズ・配色の変更 Foreign Language English portugues 한국어 中"
"刈谷市","strong","63","雨水貯留浸透施設設置事業補助制度（雨水タンク等）","https://www.city.kariya.lg.jp/lifeevent/l_jyutaku/1007010/1007097.html","雨水貯留浸透施設設置事業補助制度（雨水タンク等）","雨水貯留浸透施設設置事業補助制度（雨水タンク等）｜刈谷市ホームページ 当ホームページではjavascriptを使用しています。 javascriptの使用を有効にしなければ、一部の機能が正確に動作しない恐れがあります。お手数ですがjavascriptの使用を有効にしてください。 エンターキーを押すと、ナビゲーション部分をスキップし本文へ移動します。 サイトマップ 文字サイズ・配色の変更 Foreign Language English "
"刈谷市","strong","63","感震ブレーカー設置費補助制度","https://www.city.kariya.lg.jp/mokuteki/riyou/1007189/1007201.html","感震ブレーカー設置費補助制度","感震ブレーカー設置費補助制度｜刈谷市ホームページ 当ホームページではjavascriptを使用しています。 javascriptの使用を有効にしなければ、一部の機能が正確に動作しない恐れがあります。お手数ですがjavascriptの使用を有効にしてください。 エンターキーを押すと、ナビゲーション部分をスキップし本文へ移動します。 サイトマップ 文字サイズ・配色の変更 Foreign Language English portugues "
"刈谷市","strong","63","三世代同居等住宅取得等支援補助金","https://www.city.kariya.lg.jp/kurashi/sumai/jyosei/1007083.html","三世代同居等住宅取得等支援補助金","三世代同居等住宅取得等支援補助金｜刈谷市ホームページ 当ホームページではjavascriptを使用しています。 javascriptの使用を有効にしなければ、一部の機能が正確に動作しない恐れがあります。お手数ですがjavascriptの使用を有効にしてください。 エンターキーを押すと、ナビゲーション部分をスキップし本文へ移動します。 サイトマップ 文字サイズ・配色の変更 Foreign Language English portugue"
"刈谷市","strong","63","水洗便所設置費補助制度","https://www.city.kariya.lg.jp/mokuteki/riyou/1007200/1007253.html","水洗便所設置費補助制度","水洗便所設置費補助制度｜刈谷市ホームページ 当ホームページではjavascriptを使用しています。 javascriptの使用を有効にしなければ、一部の機能が正確に動作しない恐れがあります。お手数ですがjavascriptの使用を有効にしてください。 エンターキーを押すと、ナビゲーション部分をスキップし本文へ移動します。 サイトマップ 文字サイズ・配色の変更 Foreign Language English portugues 한국어"
"刈谷市","strong","63","雨水貯留浸透施設設置事業補助制度（浄化槽転用の場合）","https://www.city.kariya.lg.jp/mokuteki/riyou/1007200/1007254.html","雨水貯留浸透施設設置事業補助制度（浄化槽転用の場合）","雨水貯留浸透施設設置事業補助制度（浄化槽転用の場合）｜刈谷市ホームページ 当ホームページではjavascriptを使用しています。 javascriptの使用を有効にしなければ、一部の機能が正確に動作しない恐れがあります。お手数ですがjavascriptの使用を有効にしてください。 エンターキーを押すと、ナビゲーション部分をスキップし本文へ移動します。 サイトマップ 文字サイズ・配色の変更 Foreign Language Englis"
"刈谷市","strong","63","生活福祉課","https://www.city.kariya.lg.jp/shisei/soshiki/fukushikenko/1004437.html","生活福祉課","生活福祉課｜刈谷市ホームページ 当ホームページではjavascriptを使用しています。 javascriptの使用を有効にしなければ、一部の機能が正確に動作しない恐れがあります。お手数ですがjavascriptの使用を有効にしてください。 エンターキーを押すと、ナビゲーション部分をスキップし本文へ移動します。 サイトマップ 文字サイズ・配色の変更 Foreign Language English portugues 한국어 中文（简化"
"刈谷市","strong","63","令和8年度 かりや健康づくりチャレンジ宣言表彰式（令和8年6月24日開催）","https://www.city.kariya.lg.jp/kurashi/kenkoiryo/info_kenko/1022780/1022753.html","令和8年度 かりや健康づくりチャレンジ宣言表彰式（令和8年6月24日開催）","令和8年度 かりや健康づくりチャレンジ宣言表彰式（令和8年6月24日開催）｜刈谷市ホームページ 当ホームページではjavascriptを使用しています。 javascriptの使用を有効にしなければ、一部の機能が正確に動作しない恐れがあります。お手数ですがjavascriptの使用を有効にしてください。 エンターキーを押すと、ナビゲーション部分をスキップし本文へ移動します。 サイトマップ 文字サイズ・配色の変更 Foreign Lang"
"刈谷市","strong","63","リンク集","https://www.city.kariya.lg.jp/about/1001755.html","リンク集","リンク集｜刈谷市ホームページ 当ホームページではjavascriptを使用しています。 javascriptの使用を有効にしなければ、一部の機能が正確に動作しない恐れがあります。お手数ですがjavascriptの使用を有効にしてください。 エンターキーを押すと、ナビゲーション部分をスキップし本文へ移動します。 サイトマップ 文字サイズ・配色の変更 Foreign Language English portugues 한국어 中文（简化字"
"刈谷市","strong","63","その人に合ったオススメの設定","https://www.city.kariya.lg.jp/shisei/koho/1011169/1011176.html","その人に合ったオススメの設定","その人に合ったオススメの設定｜刈谷市ホームページ 当ホームページではjavascriptを使用しています。 javascriptの使用を有効にしなければ、一部の機能が正確に動作しない恐れがあります。お手数ですがjavascriptの使用を有効にしてください。 エンターキーを押すと、ナビゲーション部分をスキップし本文へ移動します。 サイトマップ 文字サイズ・配色の変更 Foreign Language English portugues "
"刈谷市","strong","63","中高生の居場所づくり事業","https://www.city.kariya.lg.jp/lifeevent/l_shugaku/1006983/1006994.html","中高生の居場所づくり事業","中高生の居場所づくり事業｜刈谷市ホームページ 当ホームページではjavascriptを使用しています。 javascriptの使用を有効にしなければ、一部の機能が正確に動作しない恐れがあります。お手数ですがjavascriptの使用を有効にしてください。 エンターキーを押すと、ナビゲーション部分をスキップし本文へ移動します。 サイトマップ 文字サイズ・配色の変更 Foreign Language English portugues 한국"
"刈谷市","strong","63","市営住宅募集予定","https://www.city.kariya.lg.jp/kurashi/sumai/shiei/1013765.html","市営住宅募集予定","市営住宅募集予定｜刈谷市ホームページ 当ホームページではjavascriptを使用しています。 javascriptの使用を有効にしなければ、一部の機能が正確に動作しない恐れがあります。お手数ですがjavascriptの使用を有効にしてください。 エンターキーを押すと、ナビゲーション部分をスキップし本文へ移動します。 サイトマップ 文字サイズ・配色の変更 Foreign Language English portugues 한국어 中文"
"豊田市","strong","63","国民健康保険税の減免","https://www.city.toyota.aichi.jp/zeihoken/kokuho/1009123/1053331.html","国民健康保険税の減免","国民健康保険税の減免｜豊田市 当ホームページではjavascriptを使用しています。 javascriptの使用を有効にしなければ、一部の機能が正確に動作しない恐れがあります。お手数ですがjavascriptの使用を有効にしてください。 エンターキーを押すと、ナビゲーション部分をスキップし本文へ移動します。 豊田市 TOYOTA CITY サイト メニュー 庁舎案内 Select Language Afrikaans Albanian"
"豊田市","strong","63","年金生活者支援給付金の請求","https://www.city.toyota.aichi.jp/zeihoken/nenkin/1073625/1060387.html","年金生活者支援給付金の請求","年金生活者支援給付金の請求｜豊田市 当ホームページではjavascriptを使用しています。 javascriptの使用を有効にしなければ、一部の機能が正確に動作しない恐れがあります。お手数ですがjavascriptの使用を有効にしてください。 エンターキーを押すと、ナビゲーション部分をスキップし本文へ移動します。 豊田市 TOYOTA CITY サイト メニュー 庁舎案内 Select Language Afrikaans Alban"
"豊田市","strong","63","自治区に対する補助制度","https://www.city.toyota.aichi.jp/shisei/jichiku/1004967.html","自治区に対する補助制度","自治区に対する補助制度｜豊田市 当ホームページではjavascriptを使用しています。 javascriptの使用を有効にしなければ、一部の機能が正確に動作しない恐れがあります。お手数ですがjavascriptの使用を有効にしてください。 エンターキーを押すと、ナビゲーション部分をスキップし本文へ移動します。 豊田市 TOYOTA CITY サイト メニュー 庁舎案内 Select Language Afrikaans Albania"
"豊田市","strong","63","報道発表資料 令和8年度「豊田市ものづくりイノベーション創出補助金（申請区分I・III）」の採択事業者が決定","https://www.city.toyota.aichi.jp/pressrelease/1077298/1077882.html","報道発表資料 令和8年度「豊田市ものづくりイノベーション創出補助金（申請区分I・III）」の採択事業者が決定","報道発表資料 令和8年度「豊田市ものづくりイノベーション創出補助金（申請区分I・III）」の採択事業者が決定｜豊田市 当ホームページではjavascriptを使用しています。 javascriptの使用を有効にしなければ、一部の機能が正確に動作しない恐れがあります。お手数ですがjavascriptの使用を有効にしてください。 エンターキーを押すと、ナビゲーション部分をスキップし本文へ移動します。 豊田市 TOYOTA CITY サイト "
"豊田市","strong","63","報道発表資料 市内企業者がスタートアップと連携して行う新規事業の補助金の申請受付開始","https://www.city.toyota.aichi.jp/pressrelease/1077298/1077854.html","報道発表資料 市内企業者がスタートアップと連携して行う新規事業の補助金の申請受付開始","報道発表資料 市内企業者がスタートアップと連携して行う新規事業の補助金の申請受付開始｜豊田市 当ホームページではjavascriptを使用しています。 javascriptの使用を有効にしなければ、一部の機能が正確に動作しない恐れがあります。お手数ですがjavascriptの使用を有効にしてください。 エンターキーを押すと、ナビゲーション部分をスキップし本文へ移動します。 豊田市 TOYOTA CITY サイト メニュー 庁舎案内 Se"
"豊田市","strong","63","感震ブレーカー設置等補助金について～令和8年5月7日から開始します～","https://www.city.toyota.aichi.jp/bosaianzen/shobokyukyu/boshu/1075541.html","感震ブレーカー設置等補助金について～令和8年5月7日から開始します～","感震ブレーカー設置等補助金について～令和8年5月7日から開始します～｜豊田市 当ホームページではjavascriptを使用しています。 javascriptの使用を有効にしなければ、一部の機能が正確に動作しない恐れがあります。お手数ですがjavascriptの使用を有効にしてください。 エンターキーを押すと、ナビゲーション部分をスキップし本文へ移動します。 豊田市 TOYOTA CITY サイト メニュー 庁舎案内 Select Lan"
"豊田市","strong","63","個人の市県民税の減免及び森林環境税の免除","https://www.city.toyota.aichi.jp/zeihoken/shikenmin/1073686/1047465.html","個人の市県民税の減免及び森林環境税の免除","個人の市県民税の減免及び森林環境税の免除｜豊田市 当ホームページではjavascriptを使用しています。 javascriptの使用を有効にしなければ、一部の機能が正確に動作しない恐れがあります。お手数ですがjavascriptの使用を有効にしてください。 エンターキーを押すと、ナビゲーション部分をスキップし本文へ移動します。 豊田市 TOYOTA CITY サイト メニュー 庁舎案内 Select Language Afrikaan"
"西尾市","strong","63","妊娠・出産・子育てを応援します","https://www.city.nishio.aichi.jp/kosodate/ninshin/1008238.html","妊娠・出産・子育てを応援します","妊娠・出産・子育てを応援します｜西尾市公式ウェブサイト 当ホームページではjavascriptを使用しています。 javascriptの使用を有効にしなければ、一部の機能が正確に動作しない恐れがあります。お手数ですがjavascriptの使用を有効にしてください。 エンターキーを押すと、ナビゲーション部分をスキップし本文へ移動します。 サイトマップ Select Language English 中文（简体字） 中文（繁體字） 한국어 "
"西尾市","strong","63","西尾市ブロック塀等撤去費補助金","https://www.city.nishio.aichi.jp/kurashi/bosai/1001366/1004495.html","西尾市ブロック塀等撤去費補助金","西尾市ブロック塀等撤去費補助金｜西尾市公式ウェブサイト 当ホームページではjavascriptを使用しています。 javascriptの使用を有効にしなければ、一部の機能が正確に動作しない恐れがあります。お手数ですがjavascriptの使用を有効にしてください。 エンターキーを押すと、ナビゲーション部分をスキップし本文へ移動します。 サイトマップ Select Language English 中文（简体字） 中文（繁體字） 한국어 "
"西尾市","strong","63","RSウイルス感染症予防接種","https://www.city.nishio.aichi.jp/kosodate/kenshin/1001445/1011496.html","RSウイルス感染症予防接種","RSウイルス感染症予防接種｜西尾市公式ウェブサイト 当ホームページではjavascriptを使用しています。 javascriptの使用を有効にしなければ、一部の機能が正確に動作しない恐れがあります。お手数ですがjavascriptの使用を有効にしてください。 エンターキーを押すと、ナビゲーション部分をスキップし本文へ移動します。 サイトマップ Select Language English 中文（简体字） 中文（繁體字） 한국어 Po"
"蒲郡市","strong","63","子育てファイル - こども家庭センター - 愛知県蒲郡市公式ホームページ","https://www.city.gamagori.lg.jp/site/uminoko/kosodate-file.html","子育てファイル","子育てファイル - こども家庭センター - 愛知県蒲郡市公式ホームページ ページの先頭です。 メニューを飛ばして本文へ メニュー 検索 JavaScriptが無効のため、文字の大きさ・背景色を変更する機能を使用できません。 本文へ Foreign language 音声読み上げ ふりがな 閲覧補助 文字サイズ 拡大 標準 背景色 白 黒 青 閉じる 休日・救急医療 安心・ひろめーる AED設置場所 緊急・防災情報 くらし・手続 防災・安"
"蒲郡市","strong","63","蒲郡市第10期高齢者福祉計画 - 長寿課 - 愛知県蒲郡市公式ホームページ","https://www.city.gamagori.lg.jp/site/chojuka/koureisyakeikaku10.html","第１０期高齢者福祉計画","蒲郡市第10期高齢者福祉計画 - 長寿課 - 愛知県蒲郡市公式ホームページ ページの先頭です。 メニューを飛ばして本文へ メニュー 検索 JavaScriptが無効のため、文字の大きさ・背景色を変更する機能を使用できません。 本文へ Foreign language 音声読み上げ ふりがな 閲覧補助 文字サイズ 拡大 標準 背景色 白 黒 青 閉じる 休日・救急医療 安心・ひろめーる AED設置場所 緊急・防災情報 くらし・手続 防災・"
"蒲郡市","strong","63","こども家庭センター - こども家庭センター - 愛知県蒲郡市公式ホームページ","https://www.city.gamagori.lg.jp/site/uminoko/kosodatesedai.html","子育て世代包括支援センター","こども家庭センター - こども家庭センター - 愛知県蒲郡市公式ホームページ ページの先頭です。 メニューを飛ばして本文へ メニュー 検索 JavaScriptが無効のため、文字の大きさ・背景色を変更する機能を使用できません。 本文へ Foreign language 音声読み上げ ふりがな 閲覧補助 文字サイズ 拡大 標準 背景色 白 黒 青 閉じる 休日・救急医療 安心・ひろめーる AED設置場所 緊急・防災情報 くらし・手続 防災"
"蒲郡市","strong","63","高齢者の健康づくりとフレイル予防 - 蒲郡市保健医療センター - 愛知県蒲郡市公式ホームページ","https://www.city.gamagori.lg.jp/site/hokencenter/koureisyanokennkoudukuritofureiruyobou.html","高齢者の健康づくりとフレイル予防","高齢者の健康づくりとフレイル予防 - 蒲郡市保健医療センター - 愛知県蒲郡市公式ホームページ ページの先頭です。 メニューを飛ばして本文へ メニュー 検索 JavaScriptが無効のため、文字の大きさ・背景色を変更する機能を使用できません。 本文へ Foreign language 音声読み上げ ふりがな 閲覧補助 文字サイズ 拡大 標準 背景色 白 黒 青 閉じる 休日・救急医療 安心・ひろめーる AED設置場所 緊急・防災情報 "
"蒲郡市","strong","63","子育て支援短期事業 - こども家庭センター - 愛知県蒲郡市公式ホームページ","https://www.city.gamagori.lg.jp/site/uminoko/syo-tosutei.html","子育て短期支援事業","子育て支援短期事業 - こども家庭センター - 愛知県蒲郡市公式ホームページ ページの先頭です。 メニューを飛ばして本文へ メニュー 検索 JavaScriptが無効のため、文字の大きさ・背景色を変更する機能を使用できません。 本文へ Foreign language 音声読み上げ ふりがな 閲覧補助 文字サイズ 拡大 標準 背景色 白 黒 青 閉じる 休日・救急医療 安心・ひろめーる AED設置場所 緊急・防災情報 くらし・手続 防災"
"刈谷市","strong","62","就学","https://www.city.kariya.lg.jp/lifeevent/l_shugaku/index.html","就学","就学｜刈谷市ホームページ 当ホームページではjavascriptを使用しています。 javascriptの使用を有効にしなければ、一部の機能が正確に動作しない恐れがあります。お手数ですがjavascriptの使用を有効にしてください。 エンターキーを押すと、ナビゲーション部分をスキップし本文へ移動します。 サイトマップ 文字サイズ・配色の変更 Foreign Language English portugues 한국어 中文（简化字） "
"刈谷市","strong","62","教育相談・就学援助","https://www.city.kariya.lg.jp/lifeevent/l_shugaku/1006982/index.html","教育相談・就学援助","教育相談・就学援助｜刈谷市ホームページ 当ホームページではjavascriptを使用しています。 javascriptの使用を有効にしなければ、一部の機能が正確に動作しない恐れがあります。お手数ですがjavascriptの使用を有効にしてください。 エンターキーを押すと、ナビゲーション部分をスキップし本文へ移動します。 サイトマップ 文字サイズ・配色の変更 Foreign Language English portugues 한국어 中"
"刈谷市","strong","62","住宅用地球温暖化対策設備設置費補助制度","https://www.city.kariya.lg.jp/kurashi/pet/1003920/1003924/index.html","住宅用地球温暖化対策設備設置費補助制度","住宅用地球温暖化対策設備設置費補助制度｜刈谷市ホームページ 当ホームページではjavascriptを使用しています。 javascriptの使用を有効にしなければ、一部の機能が正確に動作しない恐れがあります。お手数ですがjavascriptの使用を有効にしてください。 エンターキーを押すと、ナビゲーション部分をスキップし本文へ移動します。 サイトマップ 文字サイズ・配色の変更 Foreign Language English portu"
"刈谷市","strong","62","行政財産の貸付け","https://www.city.kariya.lg.jp/sangyo/nyusatsu/kashitsuke/index.html","行政財産の貸付け","行政財産の貸付け｜刈谷市ホームページ 当ホームページではjavascriptを使用しています。 javascriptの使用を有効にしなければ、一部の機能が正確に動作しない恐れがあります。お手数ですがjavascriptの使用を有効にしてください。 エンターキーを押すと、ナビゲーション部分をスキップし本文へ移動します。 サイトマップ 文字サイズ・配色の変更 Foreign Language English portugues 한국어 中文"
"刈谷市","strong","62","刈谷市中小企業振興基本条例が施行されました","https://www.city.kariya.lg.jp/sangyo/sangyoshinko/1006292.html","刈谷市中小企業振興基本条例が施行されました","刈谷市中小企業振興基本条例が施行されました｜刈谷市ホームページ 当ホームページではjavascriptを使用しています。 javascriptの使用を有効にしなければ、一部の機能が正確に動作しない恐れがあります。お手数ですがjavascriptの使用を有効にしてください。 エンターキーを押すと、ナビゲーション部分をスキップし本文へ移動します。 サイトマップ 文字サイズ・配色の変更 Foreign Language English por"
"刈谷市","strong","62","農業の助成・支援","https://www.city.kariya.lg.jp/sangyo/nougyo/nougyo_jyosei/index.html","農業の助成・支援","農業の助成・支援｜刈谷市ホームページ 当ホームページではjavascriptを使用しています。 javascriptの使用を有効にしなければ、一部の機能が正確に動作しない恐れがあります。お手数ですがjavascriptの使用を有効にしてください。 エンターキーを押すと、ナビゲーション部分をスキップし本文へ移動します。 サイトマップ 文字サイズ・配色の変更 Foreign Language English portugues 한국어 中文"
"豊田市","strong","62","国民年金","https://www.city.toyota.aichi.jp/zeihoken/nenkin/index.html","国民年金","国民年金｜豊田市 当ホームページではjavascriptを使用しています。 javascriptの使用を有効にしなければ、一部の機能が正確に動作しない恐れがあります。お手数ですがjavascriptの使用を有効にしてください。 エンターキーを押すと、ナビゲーション部分をスキップし本文へ移動します。 豊田市 TOYOTA CITY サイト メニュー 庁舎案内 Select Language Afrikaans Albanian Amhar"
"安城市","strong","62","安城市","https://www.city.anjo.aichi.jp/kurasu/kenko/techo/boshi.html","母子健康手帳交付と妊婦指導","安城市／母子健康手帳交付と妊婦指導 このサイトではJavaScriptを使用したコンテンツ・機能を提供しています。JavaScriptを有効にするとご利用いただけます。 本文へスキップします。 安城市 受け継ぐ想いを 未来へ届ける 望遠郷 サイト内検索 ページID検索 設定 文字サイズ・色合い変更 Language メニュー 閉じる 緊急 情報 緊急情報 閉じる ホーム 生活・サービス 教育・学習 観光・文化・スポーツ 産業・入札 市政"
"西尾市","strong","62","出産・妊婦への助成・支援","https://www.city.nishio.aichi.jp/kosodate/teate/1005129/index.html","出産・妊婦への助成・支援","出産・妊婦への助成・支援｜西尾市公式ウェブサイト 当ホームページではjavascriptを使用しています。 javascriptの使用を有効にしなければ、一部の機能が正確に動作しない恐れがあります。お手数ですがjavascriptの使用を有効にしてください。 エンターキーを押すと、ナビゲーション部分をスキップし本文へ移動します。 サイトマップ Select Language English 中文（简体字） 中文（繁體字） 한국어 Por"
"蒲郡市","strong","62","自然・環境・緑化 - 愛知県蒲郡市公式ホームページ","https://www.city.gamagori.lg.jp/life/1/36/","自然・環境・緑化","自然・環境・緑化 - 愛知県蒲郡市公式ホームページ ページの先頭です。 メニューを飛ばして本文へ メニュー 検索 JavaScriptが無効のため、文字の大きさ・背景色を変更する機能を使用できません。 本文へ Foreign language 音声読み上げ ふりがな 閲覧補助 文字サイズ 拡大 標準 背景色 白 黒 青 閉じる 休日・救急医療 安心・ひろめーる AED設置場所 緊急・防災情報 くらし・手続 防災・安全安心 マイナンバーカ"
"蒲郡市","strong","62","蒲郡市空家解体費補助金 - 建築住宅課 - 愛知県蒲郡市公式ホームページ","https://www.city.gamagori.lg.jp/site/kenchiku/akiyahozyo.html","蒲郡市空家解体費補助金","蒲郡市空家解体費補助金 - 建築住宅課 - 愛知県蒲郡市公式ホームページ ページの先頭です。 メニューを飛ばして本文へ メニュー 検索 JavaScriptが無効のため、文字の大きさ・背景色を変更する機能を使用できません。 本文へ Foreign language 音声読み上げ ふりがな 閲覧補助 文字サイズ 拡大 標準 背景色 白 黒 青 閉じる 休日・救急医療 安心・ひろめーる AED設置場所 緊急・防災情報 くらし・手続 防災・安"
"蒲郡市","strong","62","木造住宅耐震シェルター設置事業費補助金 - 愛知県蒲郡市公式ホームページ","https://www.city.gamagori.lg.jp/unit/kenchiku/taishinsyeruta.html","木造住宅耐震シェルター設置事業費補助金","木造住宅耐震シェルター設置事業費補助金 - 愛知県蒲郡市公式ホームページ ページの先頭です。 メニューを飛ばして本文へ メニュー 検索 JavaScriptが無効のため、文字の大きさ・背景色を変更する機能を使用できません。 本文へ Foreign language 音声読み上げ ふりがな 閲覧補助 文字サイズ 拡大 標準 背景色 白 黒 青 閉じる 休日・救急医療 安心・ひろめーる AED設置場所 緊急・防災情報 くらし・手続 防災・安"
"蒲郡市","strong","62","空き家問題110番（主催：愛知県弁護士会） - 建築住宅課 - 愛知県蒲郡市公式ホームページ","https://www.city.gamagori.lg.jp/site/kenchiku/bengoshikai110.html","空き家問題110番（主催：愛知県弁護士会）","空き家問題110番（主催：愛知県弁護士会） - 建築住宅課 - 愛知県蒲郡市公式ホームページ ページの先頭です。 メニューを飛ばして本文へ メニュー 検索 JavaScriptが無効のため、文字の大きさ・背景色を変更する機能を使用できません。 本文へ Foreign language 音声読み上げ ふりがな 閲覧補助 文字サイズ 拡大 標準 背景色 白 黒 青 閉じる 休日・救急医療 安心・ひろめーる AED設置場所 緊急・防災情報 く"
"蒲郡市","strong","62","応急危険度判定模擬訓練の実施 - 建築住宅課 - 愛知県蒲郡市公式ホームページ","https://www.city.gamagori.lg.jp/site/kenchiku/mogikunren.html","建築住宅課メニュー","応急危険度判定模擬訓練の実施 - 建築住宅課 - 愛知県蒲郡市公式ホームページ ページの先頭です。 メニューを飛ばして本文へ メニュー 検索 JavaScriptが無効のため、文字の大きさ・背景色を変更する機能を使用できません。 本文へ Foreign language 音声読み上げ ふりがな 閲覧補助 文字サイズ 拡大 標準 背景色 白 黒 青 閉じる 休日・救急医療 安心・ひろめーる AED設置場所 緊急・防災情報 くらし・手続 防"
"刈谷市","strong","61","子育て［よくある質問］","https://www.city.kariya.lg.jp/faq/q_kosodate/q_shussan/1002558/index.html","子育て［よくある質問］","子育て［よくある質問］｜刈谷市ホームページ 当ホームページではjavascriptを使用しています。 javascriptの使用を有効にしなければ、一部の機能が正確に動作しない恐れがあります。お手数ですがjavascriptの使用を有効にしてください。 エンターキーを押すと、ナビゲーション部分をスキップし本文へ移動します。 サイトマップ 文字サイズ・配色の変更 Foreign Language English portugues 한국어"
"刈谷市","strong","61","RSウイルス（母子免疫）予防接種","https://www.city.kariya.lg.jp/kosodatenavi/1014911/1014912/1022201.html","RSウイルス（母子免疫）予防接種","RSウイルス（母子免疫）予防接種｜かりや子育て応援ナビ 当ホームページではjavascriptを使用しています。 javascriptの使用を有効にしなければ、一部の機能が正確に動作しない恐れがあります。お手数ですがjavascriptの使用を有効にしてください。 エンターキーを押すと、ナビゲーション部分をスキップし本文へ移動します。 救急のとき いざというときに 災害時の避難所 休日診療案内 防災・減災 気象情報 衣浦東部広域連合 閉"
"豊田市","strong","61","難病法に基づく特定医療費助成制度","https://www.city.toyota.aichi.jp/kenkoiryo/shogai/1073266/1073727/1008326.html","難病法に基づく特定医療費助成制度","難病法に基づく特定医療費助成制度｜豊田市 当ホームページではjavascriptを使用しています。 javascriptの使用を有効にしなければ、一部の機能が正確に動作しない恐れがあります。お手数ですがjavascriptの使用を有効にしてください。 エンターキーを押すと、ナビゲーション部分をスキップし本文へ移動します。 豊田市 TOYOTA CITY サイト メニュー 庁舎案内 Select Language Afrikaans Al"
"豊田市","strong","61","国民健康保険 出産育児一時金","https://www.city.toyota.aichi.jp/kosodategakko/ninshin/1073751/1003333.html","国民健康保険 出産育児一時金","国民健康保険 出産育児一時金｜豊田市 当ホームページではjavascriptを使用しています。 javascriptの使用を有効にしなければ、一部の機能が正確に動作しない恐れがあります。お手数ですがjavascriptの使用を有効にしてください。 エンターキーを押すと、ナビゲーション部分をスキップし本文へ移動します。 豊田市 TOYOTA CITY サイト メニュー 庁舎案内 Select Language Afrikaans Alba"
"豊田市","strong","61","後期高齢者医療 保険料の算定","https://www.city.toyota.aichi.jp/zeihoken/koreishairyo/1073342/1003284.html","後期高齢者医療 保険料の算定","後期高齢者医療 保険料の算定｜豊田市 当ホームページではjavascriptを使用しています。 javascriptの使用を有効にしなければ、一部の機能が正確に動作しない恐れがあります。お手数ですがjavascriptの使用を有効にしてください。 エンターキーを押すと、ナビゲーション部分をスキップし本文へ移動します。 豊田市 TOYOTA CITY サイト メニュー 庁舎案内 Select Language Afrikaans Alba"
"豊田市","strong","61","後期高齢者医療の給付","https://www.city.toyota.aichi.jp/zeihoken/koreishairyo/1073343/1003282.html","後期高齢者医療の給付","後期高齢者医療の給付｜豊田市 当ホームページではjavascriptを使用しています。 javascriptの使用を有効にしなければ、一部の機能が正確に動作しない恐れがあります。お手数ですがjavascriptの使用を有効にしてください。 エンターキーを押すと、ナビゲーション部分をスキップし本文へ移動します。 豊田市 TOYOTA CITY サイト メニュー 庁舎案内 Select Language Afrikaans Albanian"
"豊田市","strong","61","【実施事業者向け】つながる応援プレミアム付き商品券発行事業費補助金・家計応援ポイント還元事業費補助金","https://www.city.toyota.aichi.jp/sangyo/shogyo/1072040.html","【実施事業者向け】つながる応援プレミアム付き商品券発行事業費補助金・家計応援ポイント還元事業費補助金","【実施事業者向け】つながる応援プレミアム付き商品券発行事業費補助金・家計応援ポイント還元事業費補助金｜豊田市 当ホームページではjavascriptを使用しています。 javascriptの使用を有効にしなければ、一部の機能が正確に動作しない恐れがあります。お手数ですがjavascriptの使用を有効にしてください。 エンターキーを押すと、ナビゲーション部分をスキップし本文へ移動します。 豊田市 TOYOTA CITY サイト メニュー"
"豊田市","strong","61","令和8年度 後付け安全運転支援装置設置費補助金","https://www.city.toyota.aichi.jp/bosaianzen/bohan/anzen/1073313/1037454.html","令和8年度 後付け安全運転支援装置設置費補助金","令和8年度 後付け安全運転支援装置設置費補助金｜豊田市 当ホームページではjavascriptを使用しています。 javascriptの使用を有効にしなければ、一部の機能が正確に動作しない恐れがあります。お手数ですがjavascriptの使用を有効にしてください。 エンターキーを押すと、ナビゲーション部分をスキップし本文へ移動します。 豊田市 TOYOTA CITY サイト メニュー 庁舎案内 Select Language Afrik"
"豊田市","strong","61","防犯カメラの設置を支援します。「豊田市防犯設備整備費補助金」","https://www.city.toyota.aichi.jp/bosaianzen/bohan/bouhan/1002351.html","防犯カメラの設置を支援します。「豊田市防犯設備整備費補助金」","防犯カメラの設置を支援します。「豊田市防犯設備整備費補助金」｜豊田市 当ホームページではjavascriptを使用しています。 javascriptの使用を有効にしなければ、一部の機能が正確に動作しない恐れがあります。お手数ですがjavascriptの使用を有効にしてください。 エンターキーを押すと、ナビゲーション部分をスキップし本文へ移動します。 豊田市 TOYOTA CITY サイト メニュー 庁舎案内 Select Languag"
"豊田市","strong","61","自主防災事業補助金交付制度","https://www.city.toyota.aichi.jp/bosaianzen/bosai/1073249/bousaishien/1002561.html","自主防災事業補助金交付制度","自主防災事業補助金交付制度｜豊田市 当ホームページではjavascriptを使用しています。 javascriptの使用を有効にしなければ、一部の機能が正確に動作しない恐れがあります。お手数ですがjavascriptの使用を有効にしてください。 エンターキーを押すと、ナビゲーション部分をスキップし本文へ移動します。 豊田市 TOYOTA CITY サイト メニュー 庁舎案内 Select Language Afrikaans Alban"
"豊田市","strong","61","雨水貯留浸透施設補助制度","https://www.city.toyota.aichi.jp/bosaianzen/bosai/1073249/bousaishien/1018284.html","雨水貯留浸透施設補助制度","雨水貯留浸透施設補助制度｜豊田市 当ホームページではjavascriptを使用しています。 javascriptの使用を有効にしなければ、一部の機能が正確に動作しない恐れがあります。お手数ですがjavascriptの使用を有効にしてください。 エンターキーを押すと、ナビゲーション部分をスキップし本文へ移動します。 豊田市 TOYOTA CITY サイト メニュー 庁舎案内 Select Language Afrikaans Albani"
"豊田市","strong","61","令和6年11月分以降の児童扶養手当制度の一部改正について","https://www.city.toyota.aichi.jp/kosodategakko/kosodate/1027167/1073648/1060843.html","令和6年11月分以降の児童扶養手当制度の一部改正について","令和6年11月分以降の児童扶養手当制度の一部改正について｜豊田市 当ホームページではjavascriptを使用しています。 javascriptの使用を有効にしなければ、一部の機能が正確に動作しない恐れがあります。お手数ですがjavascriptの使用を有効にしてください。 エンターキーを押すと、ナビゲーション部分をスキップし本文へ移動します。 豊田市 TOYOTA CITY サイト メニュー 庁舎案内 Select Language "
"豊田市","strong","61","豊田市ひとり親家庭等支援手当","https://www.city.toyota.aichi.jp/kosodategakko/kosodate/1027167/1073648/1003503.html","豊田市ひとり親家庭等支援手当","豊田市ひとり親家庭等支援手当｜豊田市 当ホームページではjavascriptを使用しています。 javascriptの使用を有効にしなければ、一部の機能が正確に動作しない恐れがあります。お手数ですがjavascriptの使用を有効にしてください。 エンターキーを押すと、ナビゲーション部分をスキップし本文へ移動します。 豊田市 TOYOTA CITY サイト メニュー 庁舎案内 Select Language Afrikaans Alba"
"安城市","strong","61","安城市","https://www.city.anjo.aichi.jp/kurasu/fukushikaigo/fukushi/boshifukushi.html","ひとり親家庭福祉","安城市／ひとり親家庭福祉 このサイトではJavaScriptを使用したコンテンツ・機能を提供しています。JavaScriptを有効にするとご利用いただけます。 本文へスキップします。 安城市 受け継ぐ想いを 未来へ届ける 望遠郷 サイト内検索 ページID検索 設定 文字サイズ・色合い変更 Language メニュー 閉じる 緊急 情報 緊急情報 閉じる ホーム 生活・サービス 教育・学習 観光・文化・スポーツ 産業・入札 市政情報 ホー"
"西尾市","strong","61","高齢者肺炎球菌定期接種","https://www.city.nishio.aichi.jp/kenkofukushi/kenshin/1004765/1002469.html","高齢者肺炎球菌定期接種","高齢者肺炎球菌定期接種｜西尾市公式ウェブサイト 当ホームページではjavascriptを使用しています。 javascriptの使用を有効にしなければ、一部の機能が正確に動作しない恐れがあります。お手数ですがjavascriptの使用を有効にしてください。 エンターキーを押すと、ナビゲーション部分をスキップし本文へ移動します。 サイトマップ Select Language English 中文（简体字） 中文（繁體字） 한국어 Port"
"西尾市","strong","61","「つなぐ」を応援！中小企業向け 事業承継個別相談窓口","https://www.city.nishio.aichi.jp/sangyo/shinko/1009756.html","「つなぐ」を応援！中小企業向け 事業承継個別相談窓口","「つなぐ」を応援！中小企業向け 事業承継個別相談窓口｜西尾市公式ウェブサイト 当ホームページではjavascriptを使用しています。 javascriptの使用を有効にしなければ、一部の機能が正確に動作しない恐れがあります。お手数ですがjavascriptの使用を有効にしてください。 エンターキーを押すと、ナビゲーション部分をスキップし本文へ移動します。 サイトマップ Select Language English 中文（简体字） 中"
"西尾市","strong","61","西尾市住まい・建築物の補助制度","https://www.city.nishio.aichi.jp/kurashi/bosai/1001366/1005258.html","西尾市住まい・建築物の補助制度","西尾市住まい・建築物の補助制度｜西尾市公式ウェブサイト 当ホームページではjavascriptを使用しています。 javascriptの使用を有効にしなければ、一部の機能が正確に動作しない恐れがあります。お手数ですがjavascriptの使用を有効にしてください。 エンターキーを押すと、ナビゲーション部分をスキップし本文へ移動します。 サイトマップ Select Language English 中文（简体字） 中文（繁體字） 한국어 "
"西尾市","strong","61","西尾市がけ地近接等危険住宅移転事業費補助金","https://www.city.nishio.aichi.jp/kurashi/bosai/1001366/1009590.html","西尾市がけ地近接等危険住宅移転事業費補助金","西尾市がけ地近接等危険住宅移転事業費補助金｜西尾市公式ウェブサイト 当ホームページではjavascriptを使用しています。 javascriptの使用を有効にしなければ、一部の機能が正確に動作しない恐れがあります。お手数ですがjavascriptの使用を有効にしてください。 エンターキーを押すと、ナビゲーション部分をスキップし本文へ移動します。 サイトマップ Select Language English 中文（简体字） 中文（繁體字"
"西尾市","strong","61","風しん予防接種","https://www.city.nishio.aichi.jp/kenkofukushi/kenshin/1004765/1002468.html","風しん予防接種","風しん予防接種｜西尾市公式ウェブサイト 当ホームページではjavascriptを使用しています。 javascriptの使用を有効にしなければ、一部の機能が正確に動作しない恐れがあります。お手数ですがjavascriptの使用を有効にしてください。 エンターキーを押すと、ナビゲーション部分をスキップし本文へ移動します。 サイトマップ Select Language English 中文（简体字） 中文（繁體字） 한국어 Portuguê"
"蒲郡市","strong","61","第三者の行為によるけがや病気（後期高齢者福祉医療費助成） - 愛知県蒲郡市公式ホームページ","https://www.city.gamagori.lg.jp/unit/nenkin/fukushiiryou019.html","第三者の行為によるけがや病気（後期高齢者福祉医療費助成）","第三者の行為によるけがや病気（後期高齢者福祉医療費助成） - 愛知県蒲郡市公式ホームページ ページの先頭です。 メニューを飛ばして本文へ メニュー 検索 JavaScriptが無効のため、文字の大きさ・背景色を変更する機能を使用できません。 本文へ Foreign language 音声読み上げ ふりがな 閲覧補助 文字サイズ 拡大 標準 背景色 白 黒 青 閉じる 休日・救急医療 安心・ひろめーる AED設置場所 緊急・防災情報 くら"
"蒲郡市","strong","61","固定資産税・都市計画税 - 愛知県蒲郡市公式ホームページ","https://www.city.gamagori.lg.jp/life/1/41/42/","固定資産税・都市計画税","固定資産税・都市計画税 - 愛知県蒲郡市公式ホームページ ページの先頭です。 メニューを飛ばして本文へ メニュー 検索 JavaScriptが無効のため、文字の大きさ・背景色を変更する機能を使用できません。 本文へ Foreign language 音声読み上げ ふりがな 閲覧補助 文字サイズ 拡大 標準 背景色 白 黒 青 閉じる 休日・救急医療 安心・ひろめーる AED設置場所 緊急・防災情報 くらし・手続 防災・安全安心 マイナン"
"刈谷市","strong","60","市ポータルアプリ「あいかり」","https://www.city.kariya.lg.jp/shisei/koho/1011169/index.html","市ポータルアプリ「あいかり」","市ポータルアプリ「あいかり」｜刈谷市ホームページ 当ホームページではjavascriptを使用しています。 javascriptの使用を有効にしなければ、一部の機能が正確に動作しない恐れがあります。お手数ですがjavascriptの使用を有効にしてください。 エンターキーを押すと、ナビゲーション部分をスキップし本文へ移動します。 サイトマップ 文字サイズ・配色の変更 Foreign Language English portugues "
"刈谷市","strong","60","第3次刈谷市耐震改修促進計画","https://www.city.kariya.lg.jp/kurashi/sumai/1003860.html","第3次刈谷市耐震改修促進計画","第3次刈谷市耐震改修促進計画｜刈谷市ホームページ 当ホームページではjavascriptを使用しています。 javascriptの使用を有効にしなければ、一部の機能が正確に動作しない恐れがあります。お手数ですがjavascriptの使用を有効にしてください。 エンターキーを押すと、ナビゲーション部分をスキップし本文へ移動します。 サイトマップ 文字サイズ・配色の変更 Foreign Language English portugues "
"刈谷市","strong","60","刈谷市中央図書館","https://www.city.kariya.lg.jp/chuotosyokan/index.html","","刈谷市中央図書館｜刈谷市ホームページ 当ホームページではjavascriptを使用しています。 javascriptの使用を有効にしなければ、一部の機能が正確に動作しない恐れがあります。お手数ですがjavascriptの使用を有効にしてください。 エンターキーを押すと、ナビゲーション部分をスキップし本文へ移動します。 サイトマップ 文字サイズ・配色の変更 Foreign Language English portugues 한국어 中文"
"豊田市","strong","60","児童手当","https://www.city.toyota.aichi.jp/kosodategakko/kosodate/teate/1073763/1003328/index.html","児童手当","児童手当｜豊田市 当ホームページではjavascriptを使用しています。 javascriptの使用を有効にしなければ、一部の機能が正確に動作しない恐れがあります。お手数ですがjavascriptの使用を有効にしてください。 エンターキーを押すと、ナビゲーション部分をスキップし本文へ移動します。 豊田市 TOYOTA CITY サイト メニュー 庁舎案内 Select Language Afrikaans Albanian Amhar"
"豊田市","strong","60","後期高齢者医療の保険料","https://www.city.toyota.aichi.jp/zeihoken/koreishairyo/1073342/index.html","後期高齢者医療の保険料","後期高齢者医療の保険料｜豊田市 当ホームページではjavascriptを使用しています。 javascriptの使用を有効にしなければ、一部の機能が正確に動作しない恐れがあります。お手数ですがjavascriptの使用を有効にしてください。 エンターキーを押すと、ナビゲーション部分をスキップし本文へ移動します。 豊田市 TOYOTA CITY サイト メニュー 庁舎案内 Select Language Afrikaans Albania"
"豊田市","strong","60","後期高齢者医療に関する各種申請書等","https://www.city.toyota.aichi.jp/zeihoken/koreishairyo/1073345/index.html","後期高齢者医療に関する各種申請書等","後期高齢者医療に関する各種申請書等｜豊田市 当ホームページではjavascriptを使用しています。 javascriptの使用を有効にしなければ、一部の機能が正確に動作しない恐れがあります。お手数ですがjavascriptの使用を有効にしてください。 エンターキーを押すと、ナビゲーション部分をスキップし本文へ移動します。 豊田市 TOYOTA CITY サイト メニュー 庁舎案内 Select Language Afrikaans A"
"豊田市","strong","60","青少年活動","https://www.city.toyota.aichi.jp/kosodategakko/seishonen/1073330/index.html","青少年活動","青少年活動｜豊田市 当ホームページではjavascriptを使用しています。 javascriptの使用を有効にしなければ、一部の機能が正確に動作しない恐れがあります。お手数ですがjavascriptの使用を有効にしてください。 エンターキーを押すと、ナビゲーション部分をスキップし本文へ移動します。 豊田市 TOYOTA CITY サイト メニュー 庁舎案内 Select Language Afrikaans Albanian Amha"
"安城市","strong","60","安城市","https://www.city.anjo.aichi.jp/manabu/gakko/shogaku/shiritsu.html","私立高等学校等授業料補助","安城市／私立高等学校等授業料補助 このサイトではJavaScriptを使用したコンテンツ・機能を提供しています。JavaScriptを有効にするとご利用いただけます。 本文へスキップします。 安城市 受け継ぐ想いを 未来へ届ける 望遠郷 サイト内検索 ページID検索 設定 文字サイズ・色合い変更 Language メニュー 閉じる 緊急 情報 緊急情報 閉じる ホーム 生活・サービス 教育・学習 観光・文化・スポーツ 産業・入札 市政情"
"安城市","strong","60","安城市","https://www.city.anjo.aichi.jp/kurasu/kenko/josei/index.html","助成制度","安城市／助成制度 このサイトではJavaScriptを使用したコンテンツ・機能を提供しています。JavaScriptを有効にするとご利用いただけます。 本文へスキップします。 安城市 受け継ぐ想いを 未来へ届ける 望遠郷 サイト内検索 ページID検索 設定 文字サイズ・色合い変更 Language メニュー 閉じる 緊急 情報 緊急情報 閉じる ホーム 生活・サービス 教育・学習 観光・文化・スポーツ 産業・入札 市政情報 ホーム > "
"安城市","strong","60","安城市","https://www.city.anjo.aichi.jp/kurasu/koyorodo/ijyuu.html","移住支援事業","安城市／首都圏人材確保支援事業補助金 このサイトではJavaScriptを使用したコンテンツ・機能を提供しています。JavaScriptを有効にするとご利用いただけます。 本文へスキップします。 安城市 受け継ぐ想いを 未来へ届ける 望遠郷 サイト内検索 ページID検索 設定 文字サイズ・色合い変更 Language メニュー 閉じる 緊急 情報 緊急情報 閉じる ホーム 生活・サービス 教育・学習 観光・文化・スポーツ 産業・入札 市"
"安城市","strong","60","安城市","https://www.city.anjo.aichi.jp/zigyo/syoko/chusho/shinyohosho.html","信用保証料補助事業補助金","安城市／信用保証料補助制度 このサイトではJavaScriptを使用したコンテンツ・機能を提供しています。JavaScriptを有効にするとご利用いただけます。 本文へスキップします。 安城市 受け継ぐ想いを 未来へ届ける 望遠郷 サイト内検索 ページID検索 設定 文字サイズ・色合い変更 Language メニュー 閉じる 緊急 情報 緊急情報 閉じる ホーム 生活・サービス 教育・学習 観光・文化・スポーツ 産業・入札 市政情報 ホ"
"西尾市","strong","60","交通安全・防犯","https://www.city.nishio.aichi.jp/kurashi/bohan/index.html","交通安全・防犯","交通安全・防犯｜西尾市公式ウェブサイト 当ホームページではjavascriptを使用しています。 javascriptの使用を有効にしなければ、一部の機能が正確に動作しない恐れがあります。お手数ですがjavascriptの使用を有効にしてください。 エンターキーを押すと、ナビゲーション部分をスキップし本文へ移動します。 サイトマップ Select Language English 中文（简体字） 中文（繁體字） 한국어 Portuguê"
"西尾市","strong","60","子育て世帯への手当","https://www.city.nishio.aichi.jp/kosodate/teate/1005127/index.html","子育て世帯への手当","子育て世帯への手当｜西尾市公式ウェブサイト 当ホームページではjavascriptを使用しています。 javascriptの使用を有効にしなければ、一部の機能が正確に動作しない恐れがあります。お手数ですがjavascriptの使用を有効にしてください。 エンターキーを押すと、ナビゲーション部分をスキップし本文へ移動します。 サイトマップ Select Language English 中文（简体字） 中文（繁體字） 한국어 Portug"
"西尾市","strong","60","お子さまに障害のある世帯への手当・助成","https://www.city.nishio.aichi.jp/kosodate/teate/1005130/index.html","お子さまに障害のある世帯への手当・助成","お子さまに障害のある世帯への手当・助成｜西尾市公式ウェブサイト 当ホームページではjavascriptを使用しています。 javascriptの使用を有効にしなければ、一部の機能が正確に動作しない恐れがあります。お手数ですがjavascriptの使用を有効にしてください。 エンターキーを押すと、ナビゲーション部分をスキップし本文へ移動します。 サイトマップ Select Language English 中文（简体字） 中文（繁體字） "
"西尾市","strong","60","子育て世帯に対する給付金","https://www.city.nishio.aichi.jp/kosodate/teate/1005775/index.html","子育て世帯に対する給付金","子育て世帯に対する給付金｜西尾市公式ウェブサイト 当ホームページではjavascriptを使用しています。 javascriptの使用を有効にしなければ、一部の機能が正確に動作しない恐れがあります。お手数ですがjavascriptの使用を有効にしてください。 エンターキーを押すと、ナビゲーション部分をスキップし本文へ移動します。 サイトマップ Select Language English 中文（简体字） 中文（繁體字） 한국어 Por"
"西尾市","strong","60","子どもの育成・奨学","https://www.city.nishio.aichi.jp/kosodate/ikusei/index.html","子どもの育成・奨学","子どもの育成・奨学｜西尾市公式ウェブサイト 当ホームページではjavascriptを使用しています。 javascriptの使用を有効にしなければ、一部の機能が正確に動作しない恐れがあります。お手数ですがjavascriptの使用を有効にしてください。 エンターキーを押すと、ナビゲーション部分をスキップし本文へ移動します。 サイトマップ Select Language English 中文（简体字） 中文（繁體字） 한국어 Portug"
"西尾市","strong","60","新着更新情報","https://www.city.nishio.aichi.jp/newslist.html","新着更新情報","新着更新情報｜西尾市公式ウェブサイト 当ホームページではjavascriptを使用しています。 javascriptの使用を有効にしなければ、一部の機能が正確に動作しない恐れがあります。お手数ですがjavascriptの使用を有効にしてください。 エンターキーを押すと、ナビゲーション部分をスキップし本文へ移動します。 サイトマップ Select Language English 中文（简体字） 中文（繁體字） 한국어 Português"
"蒲郡市","strong","60","住宅・土地 - 愛知県蒲郡市公式ホームページ","https://www.city.gamagori.lg.jp/life/1/37/","住宅・土地","住宅・土地 - 愛知県蒲郡市公式ホームページ ページの先頭です。 メニューを飛ばして本文へ メニュー 検索 JavaScriptが無効のため、文字の大きさ・背景色を変更する機能を使用できません。 本文へ Foreign language 音声読み上げ ふりがな 閲覧補助 文字サイズ 拡大 標準 背景色 白 黒 青 閉じる 休日・救急医療 安心・ひろめーる AED設置場所 緊急・防災情報 くらし・手続 防災・安全安心 マイナンバーカード・"
"蒲郡市","strong","60","蒲郡市住宅省エネ改修推進事業費補助金 - 建築住宅課 - 愛知県蒲郡市公式ホームページ","https://www.city.gamagori.lg.jp/site/kenchiku/zyuutakusyouene.html","蒲郡市住宅省エネ改修推進事業費補助金","蒲郡市住宅省エネ改修推進事業費補助金 - 建築住宅課 - 愛知県蒲郡市公式ホームページ ページの先頭です。 メニューを飛ばして本文へ メニュー 検索 JavaScriptが無効のため、文字の大きさ・背景色を変更する機能を使用できません。 本文へ Foreign language 音声読み上げ ふりがな 閲覧補助 文字サイズ 拡大 標準 背景色 白 黒 青 閉じる 休日・救急医療 安心・ひろめーる AED設置場所 緊急・防災情報 くらし・"
"蒲郡市","strong","60","空家・空き店舗バンク（空家登録制度） - 愛知県蒲郡市公式ホームページ","https://www.city.gamagori.lg.jp/unit/kenchiku/akiyabank.html","空家・空き店舗バンク（空家登録制度）","空家・空き店舗バンク（空家登録制度） - 愛知県蒲郡市公式ホームページ ページの先頭です。 メニューを飛ばして本文へ メニュー 検索 JavaScriptが無効のため、文字の大きさ・背景色を変更する機能を使用できません。 本文へ Foreign language 音声読み上げ ふりがな 閲覧補助 文字サイズ 拡大 標準 背景色 白 黒 青 閉じる 休日・救急医療 安心・ひろめーる AED設置場所 緊急・防災情報 くらし・手続 防災・安全"
"蒲郡市","strong","60","耐震診断義務化建築物耐震改修費等補助金 - 愛知県蒲郡市公式ホームページ","https://www.city.gamagori.lg.jp/unit/kenchiku/shindangimukahojo.html","耐震診断義務化建築物耐震改修費等補助金","耐震診断義務化建築物耐震改修費等補助金 - 愛知県蒲郡市公式ホームページ ページの先頭です。 メニューを飛ばして本文へ メニュー 検索 JavaScriptが無効のため、文字の大きさ・背景色を変更する機能を使用できません。 本文へ Foreign language 音声読み上げ ふりがな 閲覧補助 文字サイズ 拡大 標準 背景色 白 黒 青 閉じる 休日・救急医療 安心・ひろめーる AED設置場所 緊急・防災情報 くらし・手続 防災・安"
"蒲郡市","strong","60","融資等に係る各種補助制度 - 愛知県蒲郡市公式ホームページ","https://www.city.gamagori.lg.jp/unit/sangyo/hojo.html","創業等支援資金信用保証料補助金","融資等に係る各種補助制度 - 愛知県蒲郡市公式ホームページ ページの先頭です。 メニューを飛ばして本文へ メニュー 検索 JavaScriptが無効のため、文字の大きさ・背景色を変更する機能を使用できません。 本文へ Foreign language 音声読み上げ ふりがな 閲覧補助 文字サイズ 拡大 標準 背景色 白 黒 青 閉じる 休日・救急医療 安心・ひろめーる AED設置場所 緊急・防災情報 くらし・手続 防災・安全安心 マイナ"
"蒲郡市","strong","60","住宅・道路・土地 - - 愛知県蒲郡市公式ホームページ","https://www.city.gamagori.lg.jp/site/shinseisyo/citizen-jutaku-doro-tochi.html","住宅・道路・土地","住宅・道路・土地 - - 愛知県蒲郡市公式ホームページ ページの先頭です。 メニューを飛ばして本文へ メニュー 検索 JavaScriptが無効のため、文字の大きさ・背景色を変更する機能を使用できません。 本文へ Foreign language 音声読み上げ ふりがな 閲覧補助 文字サイズ 拡大 標準 背景色 白 黒 青 閉じる 休日・救急医療 安心・ひろめーる AED設置場所 緊急・防災情報 くらし・手続 防災・安全安心 マイナンバ"
"蒲郡市","strong","60","がん検診・各種健診 - 蒲郡市保健医療センター - 愛知県蒲郡市公式ホームページ","https://www.city.gamagori.lg.jp/site/hokencenter/list154-559.html","蒲郡市保健医療センターメニュー","がん検診・各種健診 - 蒲郡市保健医療センター - 愛知県蒲郡市公式ホームページ ページの先頭です。 メニューを飛ばして本文へ メニュー 検索 JavaScriptが無効のため、文字の大きさ・背景色を変更する機能を使用できません。 本文へ Foreign language 音声読み上げ ふりがな 閲覧補助 文字サイズ 拡大 標準 背景色 白 黒 青 閉じる 休日・救急医療 安心・ひろめーる AED設置場所 緊急・防災情報 くらし・手続 "
"蒲郡市","strong","60","こども家庭センター - 愛知県蒲郡市公式ホームページ","https://www.city.gamagori.lg.jp/site/uminoko/","こども家庭センター","こども家庭センター - 愛知県蒲郡市公式ホームページ ページの先頭です。 メニューを飛ばして本文へ メニュー 検索 JavaScriptが無効のため、文字の大きさ・背景色を変更する機能を使用できません。 本文へ Foreign language 音声読み上げ ふりがな 閲覧補助 文字サイズ 拡大 標準 背景色 白 黒 青 閉じる 休日・救急医療 安心・ひろめーる AED設置場所 緊急・防災情報 くらし・手続 防災・安全安心 マイナンバー"
"蒲郡市","strong","60","まちづくり事業助成金交付事業を紹介します！ - 愛知県蒲郡市公式ホームページ","https://www.city.gamagori.lg.jp/unit/kyodo/syokai.html","まちづくり事業助成金交付事業を紹介します！","まちづくり事業助成金交付事業を紹介します！ - 愛知県蒲郡市公式ホームページ ページの先頭です。 メニューを飛ばして本文へ メニュー 検索 JavaScriptが無効のため、文字の大きさ・背景色を変更する機能を使用できません。 本文へ Foreign language 音声読み上げ ふりがな 閲覧補助 文字サイズ 拡大 標準 背景色 白 黒 青 閉じる 休日・救急医療 安心・ひろめーる AED設置場所 緊急・防災情報 くらし・手続 防災"
"蒲郡市","strong","60","蒲郡市三世代同居・近居住宅支援補助金 - 建築住宅課 - 愛知県蒲郡市公式ホームページ","https://www.city.gamagori.lg.jp/site/kenchiku/3sedai-jutakushien.html","蒲郡市三世代同居・近居住宅支援補助金","蒲郡市三世代同居・近居住宅支援補助金 - 建築住宅課 - 愛知県蒲郡市公式ホームページ ページの先頭です。 メニューを飛ばして本文へ メニュー 検索 JavaScriptが無効のため、文字の大きさ・背景色を変更する機能を使用できません。 本文へ Foreign language 音声読み上げ ふりがな 閲覧補助 文字サイズ 拡大 標準 背景色 白 黒 青 閉じる 休日・救急医療 安心・ひろめーる AED設置場所 緊急・防災情報 くらし・"
"刈谷市","strong","59","事業者向け脱炭素経営セミナー","https://www.city.kariya.lg.jp/sangyo/sangyoshinko/1019894.html","事業者向け脱炭素経営セミナー","事業者向け脱炭素経営セミナー｜刈谷市ホームページ 当ホームページではjavascriptを使用しています。 javascriptの使用を有効にしなければ、一部の機能が正確に動作しない恐れがあります。お手数ですがjavascriptの使用を有効にしてください。 エンターキーを押すと、ナビゲーション部分をスキップし本文へ移動します。 サイトマップ 文字サイズ・配色の変更 Foreign Language English portugues "
"刈谷市","strong","59","水道［よくある質問］","https://www.city.kariya.lg.jp/faq/q_kurashi/q_suido/index.html","水道［よくある質問］","水道［よくある質問］｜刈谷市ホームページ 当ホームページではjavascriptを使用しています。 javascriptの使用を有効にしなければ、一部の機能が正確に動作しない恐れがあります。お手数ですがjavascriptの使用を有効にしてください。 エンターキーを押すと、ナビゲーション部分をスキップし本文へ移動します。 サイトマップ 文字サイズ・配色の変更 Foreign Language English portugues 한국어 "
"刈谷市","strong","59","未熟児養育医療費の給付","https://www.city.kariya.lg.jp/kosodatenavi/1014911/1014913/1016788.html","未熟児養育医療費の給付","未熟児養育医療費の給付｜かりや子育て応援ナビ 当ホームページではjavascriptを使用しています。 javascriptの使用を有効にしなければ、一部の機能が正確に動作しない恐れがあります。お手数ですがjavascriptの使用を有効にしてください。 エンターキーを押すと、ナビゲーション部分をスキップし本文へ移動します。 救急のとき いざというときに 災害時の避難所 休日診療案内 防災・減災 気象情報 衣浦東部広域連合 閉じる メニ"
"刈谷市","strong","59","刈谷市立刈谷特別支援学校","https://www.city.kariya.lg.jp/lifeevent/l_shugaku/1006981/1006988.html","刈谷市立刈谷特別支援学校","刈谷市立刈谷特別支援学校｜刈谷市ホームページ 当ホームページではjavascriptを使用しています。 javascriptの使用を有効にしなければ、一部の機能が正確に動作しない恐れがあります。お手数ですがjavascriptの使用を有効にしてください。 エンターキーを押すと、ナビゲーション部分をスキップし本文へ移動します。 サイトマップ 文字サイズ・配色の変更 Foreign Language English portugues 한국"
"刈谷市","strong","59","悩み相談","https://www.city.kariya.lg.jp/lifeevent/l_shugaku/1006982/1006990.html","悩み相談","悩み相談｜刈谷市ホームページ 当ホームページではjavascriptを使用しています。 javascriptの使用を有効にしなければ、一部の機能が正確に動作しない恐れがあります。お手数ですがjavascriptの使用を有効にしてください。 エンターキーを押すと、ナビゲーション部分をスキップし本文へ移動します。 サイトマップ 文字サイズ・配色の変更 Foreign Language English portugues 한국어 中文（简化字"
"安城市","strong","59","安城市","https://www.city.anjo.aichi.jp/shisei/kosodateouen.html","安城市の子育て応援メニュー","安城市／安城市の子育て応援メニュー このサイトではJavaScriptを使用したコンテンツ・機能を提供しています。JavaScriptを有効にするとご利用いただけます。 本文へスキップします。 安城市 受け継ぐ想いを 未来へ届ける 望遠郷 サイト内検索 ページID検索 設定 文字サイズ・色合い変更 Language メニュー 閉じる 緊急 情報 緊急情報 閉じる ホーム 生活・サービス 教育・学習 観光・文化・スポーツ 産業・入札 市政"
"西尾市","strong","59","西尾市通学路交通安全プログラム","https://www.city.nishio.aichi.jp/kurashi/bohan/1005122/1002401.html","西尾市通学路交通安全プログラム","西尾市通学路交通安全プログラム｜西尾市公式ウェブサイト 当ホームページではjavascriptを使用しています。 javascriptの使用を有効にしなければ、一部の機能が正確に動作しない恐れがあります。お手数ですがjavascriptの使用を有効にしてください。 エンターキーを押すと、ナビゲーション部分をスキップし本文へ移動します。 サイトマップ Select Language English 中文（简体字） 中文（繁體字） 한국어 "
"西尾市","strong","59","物価高対応子育て応援手当","https://www.city.nishio.aichi.jp/kosodate/teate/1005775/1011394.html","物価高対応子育て応援手当","物価高対応子育て応援手当｜西尾市公式ウェブサイト 当ホームページではjavascriptを使用しています。 javascriptの使用を有効にしなければ、一部の機能が正確に動作しない恐れがあります。お手数ですがjavascriptの使用を有効にしてください。 エンターキーを押すと、ナビゲーション部分をスキップし本文へ移動します。 サイトマップ Select Language English 中文（简体字） 中文（繁體字） 한국어 Por"
"西尾市","strong","59","令和6年度物価高騰対応重点支援給付金（こども加算分）","https://www.city.nishio.aichi.jp/kosodate/teate/1005775/1009845.html","令和6年度物価高騰対応重点支援給付金（こども加算分）","令和6年度物価高騰対応重点支援給付金（こども加算分）｜西尾市公式ウェブサイト 当ホームページではjavascriptを使用しています。 javascriptの使用を有効にしなければ、一部の機能が正確に動作しない恐れがあります。お手数ですがjavascriptの使用を有効にしてください。 エンターキーを押すと、ナビゲーション部分をスキップし本文へ移動します。 サイトマップ Select Language English 中文（简体字） 中"
"西尾市","strong","59","物価高騰対応重点支援給付金（こども加算分）","https://www.city.nishio.aichi.jp/kosodate/teate/1005775/1009472.html","物価高騰対応重点支援給付金（こども加算分）","物価高騰対応重点支援給付金（こども加算分）｜西尾市公式ウェブサイト 当ホームページではjavascriptを使用しています。 javascriptの使用を有効にしなければ、一部の機能が正確に動作しない恐れがあります。お手数ですがjavascriptの使用を有効にしてください。 エンターキーを押すと、ナビゲーション部分をスキップし本文へ移動します。 サイトマップ Select Language English 中文（简体字） 中文（繁體字"
"西尾市","strong","59","電子申請（西尾市住まい・建築物の補助制度）","https://www.city.nishio.aichi.jp/kurashi/bosai/1001366/1009594.html","電子申請（西尾市住まい・建築物の補助制度）","電子申請（西尾市住まい・建築物の補助制度）｜西尾市公式ウェブサイト 当ホームページではjavascriptを使用しています。 javascriptの使用を有効にしなければ、一部の機能が正確に動作しない恐れがあります。お手数ですがjavascriptの使用を有効にしてください。 エンターキーを押すと、ナビゲーション部分をスキップし本文へ移動します。 サイトマップ Select Language English 中文（简体字） 中文（繁體字"
"西尾市","strong","59","西尾市瓦屋根耐風対策費補助金","https://www.city.nishio.aichi.jp/kurashi/bosai/1001366/1009591.html","西尾市瓦屋根耐風対策費補助金","西尾市瓦屋根耐風対策費補助金｜西尾市公式ウェブサイト 当ホームページではjavascriptを使用しています。 javascriptの使用を有効にしなければ、一部の機能が正確に動作しない恐れがあります。お手数ですがjavascriptの使用を有効にしてください。 エンターキーを押すと、ナビゲーション部分をスキップし本文へ移動します。 サイトマップ Select Language English 中文（简体字） 中文（繁體字） 한국어 P"
"西尾市","strong","59","西尾市住宅等土砂災害対策改修費補助金","https://www.city.nishio.aichi.jp/kurashi/bosai/1001366/1009589.html","西尾市住宅等土砂災害対策改修費補助金","西尾市住宅等土砂災害対策改修費補助金｜西尾市公式ウェブサイト 当ホームページではjavascriptを使用しています。 javascriptの使用を有効にしなければ、一部の機能が正確に動作しない恐れがあります。お手数ですがjavascriptの使用を有効にしてください。 エンターキーを押すと、ナビゲーション部分をスキップし本文へ移動します。 サイトマップ Select Language English 中文（简体字） 中文（繁體字） 한"
"西尾市","strong","59","西尾市民間非木造住宅耐震診断費補助金","https://www.city.nishio.aichi.jp/kurashi/bosai/1001366/1005667.html","西尾市民間非木造住宅耐震診断費補助金","西尾市民間非木造住宅耐震診断費補助金｜西尾市公式ウェブサイト 当ホームページではjavascriptを使用しています。 javascriptの使用を有効にしなければ、一部の機能が正確に動作しない恐れがあります。お手数ですがjavascriptの使用を有効にしてください。 エンターキーを押すと、ナビゲーション部分をスキップし本文へ移動します。 サイトマップ Select Language English 中文（简体字） 中文（繁體字） 한"
"西尾市","strong","59","補助金代理受領制度","https://www.city.nishio.aichi.jp/kurashi/bosai/1001366/1007083.html","補助金代理受領制度","補助金代理受領制度｜西尾市公式ウェブサイト 当ホームページではjavascriptを使用しています。 javascriptの使用を有効にしなければ、一部の機能が正確に動作しない恐れがあります。お手数ですがjavascriptの使用を有効にしてください。 エンターキーを押すと、ナビゲーション部分をスキップし本文へ移動します。 サイトマップ Select Language English 中文（简体字） 中文（繁體字） 한국어 Portug"
"西尾市","strong","59","西尾市住宅浸水対策改修等工事費補助金","https://www.city.nishio.aichi.jp/kurashi/bosai/1001366/1004497.html","西尾市住宅浸水対策改修等工事費補助金","西尾市住宅浸水対策改修等工事費補助金｜西尾市公式ウェブサイト 当ホームページではjavascriptを使用しています。 javascriptの使用を有効にしなければ、一部の機能が正確に動作しない恐れがあります。お手数ですがjavascriptの使用を有効にしてください。 エンターキーを押すと、ナビゲーション部分をスキップし本文へ移動します。 サイトマップ Select Language English 中文（简体字） 中文（繁體字） 한"
"西尾市","strong","59","帯状疱疹ワクチンの任意接種費用の一部助成","https://www.city.nishio.aichi.jp/kenkofukushi/kenshin/1004765/1010483.html","帯状疱疹ワクチンの任意接種費用の一部助成","帯状疱疹ワクチンの任意接種費用の一部助成｜西尾市公式ウェブサイト 当ホームページではjavascriptを使用しています。 javascriptの使用を有効にしなければ、一部の機能が正確に動作しない恐れがあります。お手数ですがjavascriptの使用を有効にしてください。 エンターキーを押すと、ナビゲーション部分をスキップし本文へ移動します。 サイトマップ Select Language English 中文（简体字） 中文（繁體字）"
"西尾市","strong","59","妊産婦・乳児の健康診査","https://www.city.nishio.aichi.jp/kosodate/ninshin/1004712.html","妊産婦・乳児の健康診査","妊産婦・乳児の健康診査｜西尾市公式ウェブサイト 当ホームページではjavascriptを使用しています。 javascriptの使用を有効にしなければ、一部の機能が正確に動作しない恐れがあります。お手数ですがjavascriptの使用を有効にしてください。 エンターキーを押すと、ナビゲーション部分をスキップし本文へ移動します。 サイトマップ Select Language English 中文（简体字） 中文（繁體字） 한국어 Port"
"西尾市","strong","59","転出届","https://www.city.nishio.aichi.jp/kurashi/koseki/1001378/1001719.html","転出届","転出届｜西尾市公式ウェブサイト 当ホームページではjavascriptを使用しています。 javascriptの使用を有効にしなければ、一部の機能が正確に動作しない恐れがあります。お手数ですがjavascriptの使用を有効にしてください。 エンターキーを押すと、ナビゲーション部分をスキップし本文へ移動します。 サイトマップ Select Language English 中文（简体字） 中文（繁體字） 한국어 Português Ta"
"西尾市","strong","59","転居届","https://www.city.nishio.aichi.jp/kurashi/koseki/1001378/1001755.html","転居届","転居届｜西尾市公式ウェブサイト 当ホームページではjavascriptを使用しています。 javascriptの使用を有効にしなければ、一部の機能が正確に動作しない恐れがあります。お手数ですがjavascriptの使用を有効にしてください。 エンターキーを押すと、ナビゲーション部分をスキップし本文へ移動します。 サイトマップ Select Language English 中文（简体字） 中文（繁體字） 한국어 Português Ta"
"西尾市","strong","59","予防接種の受け方","https://www.city.nishio.aichi.jp/kosodate/kenshin/1001445/1002332.html","予防接種の受け方","予防接種の受け方｜西尾市公式ウェブサイト 当ホームページではjavascriptを使用しています。 javascriptの使用を有効にしなければ、一部の機能が正確に動作しない恐れがあります。お手数ですがjavascriptの使用を有効にしてください。 エンターキーを押すと、ナビゲーション部分をスキップし本文へ移動します。 サイトマップ Select Language English 中文（简体字） 中文（繁體字） 한국어 Portugu"
"刈谷市","strong","58","情報がみつからないときは","https://www.city.kariya.lg.jp/about/site/howtouse.html","情報がみつからないときは","情報がみつからないときは｜刈谷市ホームページ 当ホームページではjavascriptを使用しています。 javascriptの使用を有効にしなければ、一部の機能が正確に動作しない恐れがあります。お手数ですがjavascriptの使用を有効にしてください。 エンターキーを押すと、ナビゲーション部分をスキップし本文へ移動します。 サイトマップ 文字サイズ・配色の変更 Foreign Language English portugues 한국"
"刈谷市","strong","58","避難所","https://www.city.kariya.lg.jp/kurashi/anshin/1019745/index.html","避難所","避難所｜刈谷市ホームページ 当ホームページではjavascriptを使用しています。 javascriptの使用を有効にしなければ、一部の機能が正確に動作しない恐れがあります。お手数ですがjavascriptの使用を有効にしてください。 エンターキーを押すと、ナビゲーション部分をスキップし本文へ移動します。 サイトマップ 文字サイズ・配色の変更 Foreign Language English portugues 한국어 中文（简化字）"
"刈谷市","strong","58","エラーページ","https://www.city.kariya.lg.jp/cgi-bin/contacts/G105001","福祉総務課へのお問い合わせは専用フォームをご利用ください。","エラーページ｜刈谷市ホームページ 当ホームページではjavascriptを使用しています。 javascriptの使用を有効にしなければ、一部の機能が正確に動作しない恐れがあります。お手数ですがjavascriptの使用を有効にしてください。 エンターキーを押すと、ナビゲーション部分をスキップし本文へ移動します。 サイトマップ 文字サイズ・配色の変更 Foreign Language English portugues 한국어 中文（简"
"刈谷市","strong","58","エラーページ","https://www.city.kariya.lg.jp/cgi-bin/contacts/G106001","子育て推進課へのお問い合わせは専用フォームをご利用ください。","エラーページ｜刈谷市ホームページ 当ホームページではjavascriptを使用しています。 javascriptの使用を有効にしなければ、一部の機能が正確に動作しない恐れがあります。お手数ですがjavascriptの使用を有効にしてください。 エンターキーを押すと、ナビゲーション部分をスキップし本文へ移動します。 サイトマップ 文字サイズ・配色の変更 Foreign Language English portugues 한국어 中文（简"
"安城市","strong","58","安城市","https://www.city.anjo.aichi.jp/kurasu/bika/202004smarthouse.html","スマートハウス普及促進補助金制度(太陽光発電、燃料電池、蓄電池、充給電システム、HEMS)","安城市／スマートハウス普及促進補助金制度(太陽光発電、燃料電池、蓄電池、充給電システム、HEMS) このサイトではJavaScriptを使用したコンテンツ・機能を提供しています。JavaScriptを有効にするとご利用いただけます。 本文へスキップします。 安城市 受け継ぐ想いを 未来へ届ける 望遠郷 サイト内検索 ページID検索 設定 文字サイズ・色合い変更 Language メニュー 閉じる 緊急 情報 緊急情報 閉じる ホーム 生"
"安城市","strong","58","安城市","https://www.city.anjo.aichi.jp/kurasu/hokennenkin/index.html","保険・年金","安城市／保険・年金 このサイトではJavaScriptを使用したコンテンツ・機能を提供しています。JavaScriptを有効にするとご利用いただけます。 本文へスキップします。 安城市 受け継ぐ想いを 未来へ届ける 望遠郷 サイト内検索 ページID検索 設定 文字サイズ・色合い変更 Language メニュー 閉じる 緊急 情報 緊急情報 閉じる ホーム 生活・サービス 教育・学習 観光・文化・スポーツ 産業・入札 市政情報 ホーム >"
"安城市","strong","58","安城市","https://www.city.anjo.aichi.jp/zigyo/syoko/ganbaru.html","がんばる中小企業応援事業補助金","安城市／がんばる中小企業応援事業補助金 このサイトではJavaScriptを使用したコンテンツ・機能を提供しています。JavaScriptを有効にするとご利用いただけます。 本文へスキップします。 安城市 受け継ぐ想いを 未来へ届ける 望遠郷 サイト内検索 ページID検索 設定 文字サイズ・色合い変更 Language メニュー 閉じる 緊急 情報 緊急情報 閉じる ホーム 生活・サービス 教育・学習 観光・文化・スポーツ 産業・入札 "
"安城市","strong","58","安城市","https://www.city.anjo.aichi.jp/zigyo/syoko/sougyorishi.html","創業融資利子補給補助金","安城市／創業融資利子補給補助金 このサイトではJavaScriptを使用したコンテンツ・機能を提供しています。JavaScriptを有効にするとご利用いただけます。 本文へスキップします。 安城市 受け継ぐ想いを 未来へ届ける 望遠郷 サイト内検索 ページID検索 設定 文字サイズ・色合い変更 Language メニュー 閉じる 緊急 情報 緊急情報 閉じる ホーム 生活・サービス 教育・学習 観光・文化・スポーツ 産業・入札 市政情報"
"安城市","strong","58","安城市","https://www.city.anjo.aichi.jp/zigyo/syoko/syokodantai.html","商工団体等事業費補助金","安城市／商工団体等事業費補助金 このサイトではJavaScriptを使用したコンテンツ・機能を提供しています。JavaScriptを有効にするとご利用いただけます。 本文へスキップします。 安城市 受け継ぐ想いを 未来へ届ける 望遠郷 サイト内検索 ページID検索 設定 文字サイズ・色合い変更 Language メニュー 閉じる 緊急 情報 緊急情報 閉じる ホーム 生活・サービス 教育・学習 観光・文化・スポーツ 産業・入札 市政情報"
"安城市","strong","58","安城市","https://www.city.anjo.aichi.jp/zigyo/syoko/digital/annjousidigitalkasuisinnjigyo.html","ものづくりデジタル化推進事業補助金","安城市／安城市デジタル化推進事業補助金 このサイトではJavaScriptを使用したコンテンツ・機能を提供しています。JavaScriptを有効にするとご利用いただけます。 本文へスキップします。 安城市 受け継ぐ想いを 未来へ届ける 望遠郷 サイト内検索 ページID検索 設定 文字サイズ・色合い変更 Language メニュー 閉じる 緊急 情報 緊急情報 閉じる ホーム 生活・サービス 教育・学習 観光・文化・スポーツ 産業・入札 "
"西尾市","strong","58","障害者福祉","https://www.city.nishio.aichi.jp/kenkofukushi/shogai/index.html","障害者福祉","障害者福祉｜西尾市公式ウェブサイト 当ホームページではjavascriptを使用しています。 javascriptの使用を有効にしなければ、一部の機能が正確に動作しない恐れがあります。お手数ですがjavascriptの使用を有効にしてください。 エンターキーを押すと、ナビゲーション部分をスキップし本文へ移動します。 サイトマップ Select Language English 中文（简体字） 中文（繁體字） 한국어 Português "
"西尾市","strong","58","防災・災害","https://www.city.nishio.aichi.jp/kurashi/bosai/index.html","防災・災害","防災・災害｜西尾市公式ウェブサイト 当ホームページではjavascriptを使用しています。 javascriptの使用を有効にしなければ、一部の機能が正確に動作しない恐れがあります。お手数ですがjavascriptの使用を有効にしてください。 エンターキーを押すと、ナビゲーション部分をスキップし本文へ移動します。 サイトマップ Select Language English 中文（简体字） 中文（繁體字） 한국어 Português "
"西尾市","strong","58","障害福祉サービス","https://www.city.nishio.aichi.jp/kenkofukushi/shogai/1001454/index.html","障害福祉サービス","障害福祉サービス｜西尾市公式ウェブサイト 当ホームページではjavascriptを使用しています。 javascriptの使用を有効にしなければ、一部の機能が正確に動作しない恐れがあります。お手数ですがjavascriptの使用を有効にしてください。 エンターキーを押すと、ナビゲーション部分をスキップし本文へ移動します。 サイトマップ Select Language English 中文（简体字） 中文（繁體字） 한국어 Portugu"
"西尾市","strong","58","障害者福祉に関する相談","https://www.city.nishio.aichi.jp/kenkofukushi/shogai/1001455/index.html","障害者福祉に関する相談","障害者福祉に関する相談｜西尾市公式ウェブサイト 当ホームページではjavascriptを使用しています。 javascriptの使用を有効にしなければ、一部の機能が正確に動作しない恐れがあります。お手数ですがjavascriptの使用を有効にしてください。 エンターキーを押すと、ナビゲーション部分をスキップし本文へ移動します。 サイトマップ Select Language English 中文（简体字） 中文（繁體字） 한국어 Port"
"西尾市","strong","58","税の免除・軽減・手当など","https://www.city.nishio.aichi.jp/kenkofukushi/shogai/1001459/index.html","税の免除・軽減・手当など","税の免除・軽減・手当など｜西尾市公式ウェブサイト 当ホームページではjavascriptを使用しています。 javascriptの使用を有効にしなければ、一部の機能が正確に動作しない恐れがあります。お手数ですがjavascriptの使用を有効にしてください。 エンターキーを押すと、ナビゲーション部分をスキップし本文へ移動します。 サイトマップ Select Language English 中文（简体字） 中文（繁體字） 한국어 Por"
"西尾市","strong","58","保険・年金","https://www.city.nishio.aichi.jp/faq/hoken/index.html","保険・年金","保険・年金｜西尾市公式ウェブサイト 当ホームページではjavascriptを使用しています。 javascriptの使用を有効にしなければ、一部の機能が正確に動作しない恐れがあります。お手数ですがjavascriptの使用を有効にしてください。 エンターキーを押すと、ナビゲーション部分をスキップし本文へ移動します。 サイトマップ Select Language English 中文（简体字） 中文（繁體字） 한국어 Português "
"西尾市","strong","58","よくある質問 介護保険を使った住宅改修や福祉用具のことを教えてください。","https://www.city.nishio.aichi.jp/faq/fukushi/1004260.html","介護保険を使った住宅改修や福祉用具のことを教えてください。","よくある質問 介護保険を使った住宅改修や福祉用具のことを教えてください。｜西尾市公式ウェブサイト 当ホームページではjavascriptを使用しています。 javascriptの使用を有効にしなければ、一部の機能が正確に動作しない恐れがあります。お手数ですがjavascriptの使用を有効にしてください。 エンターキーを押すと、ナビゲーション部分をスキップし本文へ移動します。 サイトマップ Select Language English"
"蒲郡市","strong","58","住宅の熱損失防止（省エネ）改修に伴う固定資産税の減額の取り扱いについて - 愛知県蒲郡市公式ホームページ","https://www.city.gamagori.lg.jp/unit/zeimu/shoene.html","住宅の熱損失防止（省エネ）改修に伴う固定資産税の減額の取り扱いについて","住宅の熱損失防止（省エネ）改修に伴う固定資産税の減額の取り扱いについて - 愛知県蒲郡市公式ホームページ ページの先頭です。 メニューを飛ばして本文へ メニュー 検索 JavaScriptが無効のため、文字の大きさ・背景色を変更する機能を使用できません。 本文へ Foreign language 音声読み上げ ふりがな 閲覧補助 文字サイズ 拡大 標準 背景色 白 黒 青 閉じる 休日・救急医療 安心・ひろめーる AED設置場所 緊急・"
"蒲郡市","strong","58","【8/1に延期】蒲郡市地域包括ケア市民向け講座（「在宅医療と介護を知る」無料映画上映会） - 長寿課 - 愛知県蒲郡市公式ホームページ","https://www.city.gamagori.lg.jp/site/chojuka/chikihoukatukeakensyu.html","【8/1に延期】蒲郡市地域包括ケア市民向け講座（「在宅医療と介護を知る」無料映画上映会）","【8/1に延期】蒲郡市地域包括ケア市民向け講座（「在宅医療と介護を知る」無料映画上映会） - 長寿課 - 愛知県蒲郡市公式ホームページ ページの先頭です。 メニューを飛ばして本文へ メニュー 検索 JavaScriptが無効のため、文字の大きさ・背景色を変更する機能を使用できません。 本文へ Foreign language 音声読み上げ ふりがな 閲覧補助 文字サイズ 拡大 標準 背景色 白 黒 青 閉じる 休日・救急医療 安心・ひろ"
"蒲郡市","strong","58","災害時福祉避難所運営継続支援事業費補助金のご案内 - 愛知県蒲郡市公式ホームページ","https://www.city.gamagori.lg.jp/unit/fukushi/fukushihinanjohojo.html","災害時福祉避難所運営継続支援事業費補助金のご案内","災害時福祉避難所運営継続支援事業費補助金のご案内 - 愛知県蒲郡市公式ホームページ ページの先頭です。 メニューを飛ばして本文へ メニュー 検索 JavaScriptが無効のため、文字の大きさ・背景色を変更する機能を使用できません。 本文へ Foreign language 音声読み上げ ふりがな 閲覧補助 文字サイズ 拡大 標準 背景色 白 黒 青 閉じる 休日・救急医療 安心・ひろめーる AED設置場所 緊急・防災情報 くらし・手続"
"蒲郡市","strong","58","障害福祉サービス（自立支援給付） - 愛知県蒲郡市公式ホームページ","https://www.city.gamagori.lg.jp/site/shogaifukushi/syougaifukushisabisu.html","障害福祉サービス（自立支援給付）","障害福祉サービス（自立支援給付） - 愛知県蒲郡市公式ホームページ ページの先頭です。 メニューを飛ばして本文へ メニュー 検索 JavaScriptが無効のため、文字の大きさ・背景色を変更する機能を使用できません。 本文へ Foreign language 音声読み上げ ふりがな 閲覧補助 文字サイズ 拡大 標準 背景色 白 黒 青 閉じる 休日・救急医療 安心・ひろめーる AED設置場所 緊急・防災情報 くらし・手続 防災・安全安心"
"蒲郡市","strong","58","特別定額給付金出張受付を行います - 愛知県蒲郡市公式ホームページ","https://www.city.gamagori.lg.jp/unit/gyosei/tokubetuuketuke.html","特別定額給付金出張受付を行います","特別定額給付金出張受付を行います - 愛知県蒲郡市公式ホームページ ページの先頭です。 メニューを飛ばして本文へ メニュー 検索 JavaScriptが無効のため、文字の大きさ・背景色を変更する機能を使用できません。 本文へ Foreign language 音声読み上げ ふりがな 閲覧補助 文字サイズ 拡大 標準 背景色 白 黒 青 閉じる 休日・救急医療 安心・ひろめーる AED設置場所 緊急・防災情報 くらし・手続 防災・安全安心"
"蒲郡市","strong","58","【市内事業者の皆様へ】蒲郡市がんばる中小企業者応援補助金のご案内 - 愛知県蒲郡市公式ホームページ","https://www.city.gamagori.lg.jp/unit/sangyo/ganbaru-hojo.html","【市内事業者の皆様へ】蒲郡市がんばる中小企業者応援補助金のご案内","【市内事業者の皆様へ】蒲郡市がんばる中小企業者応援補助金のご案内 - 愛知県蒲郡市公式ホームページ ページの先頭です。 メニューを飛ばして本文へ メニュー 検索 JavaScriptが無効のため、文字の大きさ・背景色を変更する機能を使用できません。 本文へ Foreign language 音声読み上げ ふりがな 閲覧補助 文字サイズ 拡大 標準 背景色 白 黒 青 閉じる 休日・救急医療 安心・ひろめーる AED設置場所 緊急・防災情"
"蒲郡市","strong","58","中小企業者向け利子補給補助金制度のご案内 - 愛知県蒲郡市公式ホームページ","https://www.city.gamagori.lg.jp/unit/sangyo/yusi-hojyokin.html","中小企業者向け利子補給補助金制度のご案内","中小企業者向け利子補給補助金制度のご案内 - 愛知県蒲郡市公式ホームページ ページの先頭です。 メニューを飛ばして本文へ メニュー 検索 JavaScriptが無効のため、文字の大きさ・背景色を変更する機能を使用できません。 本文へ Foreign language 音声読み上げ ふりがな 閲覧補助 文字サイズ 拡大 標準 背景色 白 黒 青 閉じる 休日・救急医療 安心・ひろめーる AED設置場所 緊急・防災情報 くらし・手続 防災・"
"蒲郡市","strong","58","【5/12更新】蒲郡市移住相談窓口のご案内 - 愛知県蒲郡市公式ホームページ","https://www.city.gamagori.lg.jp/site/support/consultant.html","【5/12更新】蒲郡市移住相談窓口のご案内","【5/12更新】蒲郡市移住相談窓口のご案内 - 愛知県蒲郡市公式ホームページ ページの先頭です。 メニューを飛ばして本文へ メニュー JavaScriptが無効のため、文字の大きさ・背景色を変更する機能を使用できません。 本文へ Foreign Language 音声読み上げ ふりがなをつける 文字サイズ・色合い変更 背景色 白 黒 青 文字サイズ 標準 拡大 Googleカスタム検索 蒲郡市について Profile 子育て・教育 Pa"
"蒲郡市","strong","58","蒲郡市企業再投資促進補助金 - 愛知県蒲郡市公式ホームページ","https://www.city.gamagori.lg.jp/unit/sangyo/saitoushi2.html","企業再投資促進補助金","蒲郡市企業再投資促進補助金 - 愛知県蒲郡市公式ホームページ ページの先頭です。 メニューを飛ばして本文へ メニュー 検索 JavaScriptが無効のため、文字の大きさ・背景色を変更する機能を使用できません。 本文へ Foreign language 音声読み上げ ふりがな 閲覧補助 文字サイズ 拡大 標準 背景色 白 黒 青 閉じる 休日・救急医療 安心・ひろめーる AED設置場所 緊急・防災情報 くらし・手続 防災・安全安心 マイ"
"蒲郡市","strong","58","建築住宅課 - 愛知県蒲郡市公式ホームページ","https://www.city.gamagori.lg.jp/site/kenchiku/","建築住宅課","建築住宅課 - 愛知県蒲郡市公式ホームページ ページの先頭です。 メニューを飛ばして本文へ メニュー 検索 JavaScriptが無効のため、文字の大きさ・背景色を変更する機能を使用できません。 本文へ Foreign language 音声読み上げ ふりがな 閲覧補助 文字サイズ 拡大 標準 背景色 白 黒 青 閉じる 休日・救急医療 安心・ひろめーる AED設置場所 緊急・防災情報 くらし・手続 防災・安全安心 マイナンバーカード・"
"蒲郡市","strong","58","出産育児一時金支給申請書 - 愛知県蒲郡市公式ホームページ","https://www.city.gamagori.lg.jp/unit/nenkin/kokuhokyufu039.html","出産育児一時金支給申請書","出産育児一時金支給申請書 - 愛知県蒲郡市公式ホームページ ページの先頭です。 メニューを飛ばして本文へ メニュー 検索 JavaScriptが無効のため、文字の大きさ・背景色を変更する機能を使用できません。 本文へ Foreign language 音声読み上げ ふりがな 閲覧補助 文字サイズ 拡大 標準 背景色 白 黒 青 閉じる 休日・救急医療 安心・ひろめーる AED設置場所 緊急・防災情報 くらし・手続 防災・安全安心 マイナ"
"蒲郡市","strong","58","公共交通 - 愛知県蒲郡市公式ホームページ","https://www.city.gamagori.lg.jp/life/1/38/52/","公共交通","公共交通 - 愛知県蒲郡市公式ホームページ ページの先頭です。 メニューを飛ばして本文へ メニュー 検索 JavaScriptが無効のため、文字の大きさ・背景色を変更する機能を使用できません。 本文へ Foreign language 音声読み上げ ふりがな 閲覧補助 文字サイズ 拡大 標準 背景色 白 黒 青 閉じる 休日・救急医療 安心・ひろめーる AED設置場所 緊急・防災情報 くらし・手続 防災・安全安心 マイナンバーカード・電"
"蒲郡市","strong","58","公園緑地のご案内 - 施設管理 - 愛知県蒲郡市公式ホームページ","https://www.city.gamagori.lg.jp/site/kohen/info-pg.html","公園緑地のご案内","公園緑地のご案内 - 施設管理 - 愛知県蒲郡市公式ホームページ ページの先頭です。 メニューを飛ばして本文へ メニュー 検索 JavaScriptが無効のため、文字の大きさ・背景色を変更する機能を使用できません。 本文へ Foreign language 音声読み上げ ふりがな 閲覧補助 文字サイズ 拡大 標準 背景色 白 黒 青 閉じる 休日・救急医療 安心・ひろめーる AED設置場所 緊急・防災情報 くらし・手続 防災・安全安心 "
"蒲郡市","strong","58","転出（市外への引越し） - 愛知県蒲郡市公式ホームページ","https://www.city.gamagori.lg.jp/unit/shimin/tensyuttu.html","転出（市外への引越し）","転出（市外への引越し） - 愛知県蒲郡市公式ホームページ ページの先頭です。 メニューを飛ばして本文へ メニュー 検索 JavaScriptが無効のため、文字の大きさ・背景色を変更する機能を使用できません。 本文へ Foreign language 音声読み上げ ふりがな 閲覧補助 文字サイズ 拡大 標準 背景色 白 黒 青 閉じる 休日・救急医療 安心・ひろめーる AED設置場所 緊急・防災情報 くらし・手続 防災・安全安心 マイナン"
"蒲郡市","strong","58","転入（市外からの引っ越し） - 愛知県蒲郡市公式ホームページ","https://www.city.gamagori.lg.jp/unit/shimin/tennyu.html","転入（市外からの引っ越し）","転入（市外からの引っ越し） - 愛知県蒲郡市公式ホームページ ページの先頭です。 メニューを飛ばして本文へ メニュー 検索 JavaScriptが無効のため、文字の大きさ・背景色を変更する機能を使用できません。 本文へ Foreign language 音声読み上げ ふりがな 閲覧補助 文字サイズ 拡大 標準 背景色 白 黒 青 閉じる 休日・救急医療 安心・ひろめーる AED設置場所 緊急・防災情報 くらし・手続 防災・安全安心 マイ"
"刈谷市","strong","57","NOWかりや 起業家育成支援プロジェクトの成果発表＆MeetUpを開催しました","https://www.city.kariya.lg.jp/sangyo/sangyoshinko/1012617.html","NOWかりや 起業家育成支援プロジェクトの成果発表＆MeetUpを開催しました","NOWかりや 起業家育成支援プロジェクトの成果発表＆MeetUpを開催しました｜刈谷市ホームページ 当ホームページではjavascriptを使用しています。 javascriptの使用を有効にしなければ、一部の機能が正確に動作しない恐れがあります。お手数ですがjavascriptの使用を有効にしてください。 エンターキーを押すと、ナビゲーション部分をスキップし本文へ移動します。 サイトマップ 文字サイズ・配色の変更 Foreign La"
"刈谷市","strong","57","児童手当","https://www.city.kariya.lg.jp/kosodatenavi/1014911/1014913/1016784.html","児童手当","児童手当｜かりや子育て応援ナビ 当ホームページではjavascriptを使用しています。 javascriptの使用を有効にしなければ、一部の機能が正確に動作しない恐れがあります。お手数ですがjavascriptの使用を有効にしてください。 エンターキーを押すと、ナビゲーション部分をスキップし本文へ移動します。 救急のとき いざというときに 災害時の避難所 休日診療案内 防災・減災 気象情報 衣浦東部広域連合 閉じる メニュー 目的別で"
"刈谷市","strong","57","児童手当","https://www.city.kariya.lg.jp/kosodatenavi/1014911/1016830/1016858.html","児童手当","児童手当｜かりや子育て応援ナビ 当ホームページではjavascriptを使用しています。 javascriptの使用を有効にしなければ、一部の機能が正確に動作しない恐れがあります。お手数ですがjavascriptの使用を有効にしてください。 エンターキーを押すと、ナビゲーション部分をスキップし本文へ移動します。 救急のとき いざというときに 災害時の避難所 休日診療案内 防災・減災 気象情報 衣浦東部広域連合 閉じる メニュー 目的別で"
"刈谷市","strong","57","児童手当","https://www.city.kariya.lg.jp/kosodatenavi/1014911/1014915/1016916.html","児童手当","児童手当｜かりや子育て応援ナビ 当ホームページではjavascriptを使用しています。 javascriptの使用を有効にしなければ、一部の機能が正確に動作しない恐れがあります。お手数ですがjavascriptの使用を有効にしてください。 エンターキーを押すと、ナビゲーション部分をスキップし本文へ移動します。 救急のとき いざというときに 災害時の避難所 休日診療案内 防災・減災 気象情報 衣浦東部広域連合 閉じる メニュー 目的別で"
"刈谷市","strong","57","マイナポータルを通じたオンラインによる転出届・転入（転居）予約","https://www.city.kariya.lg.jp/lifeevent/l_hikkoshi/1007013/1022290.html","マイナポータルを通じたオンラインによる転出届・転入（転居）予約","マイナポータルを通じたオンラインによる転出届・転入（転居）予約｜刈谷市ホームページ 当ホームページではjavascriptを使用しています。 javascriptの使用を有効にしなければ、一部の機能が正確に動作しない恐れがあります。お手数ですがjavascriptの使用を有効にしてください。 エンターキーを押すと、ナビゲーション部分をスキップし本文へ移動します。 サイトマップ 文字サイズ・配色の変更 Foreign Language E"
"西尾市","strong","57","後期高齢者医療保険料","https://www.city.nishio.aichi.jp/kenkofukushi/iryo/1005113/1002492.html","後期高齢者医療保険料","後期高齢者医療保険料｜西尾市公式ウェブサイト 当ホームページではjavascriptを使用しています。 javascriptの使用を有効にしなければ、一部の機能が正確に動作しない恐れがあります。お手数ですがjavascriptの使用を有効にしてください。 エンターキーを押すと、ナビゲーション部分をスキップし本文へ移動します。 サイトマップ Select Language English 中文（简体字） 中文（繁體字） 한국어 Portu"
"西尾市","strong","57","防犯カメラ設置費補助","https://www.city.nishio.aichi.jp/kurashi/bohan/1005123/1004505.html","防犯カメラ設置費補助","防犯カメラ設置費補助｜西尾市公式ウェブサイト 当ホームページではjavascriptを使用しています。 javascriptの使用を有効にしなければ、一部の機能が正確に動作しない恐れがあります。お手数ですがjavascriptの使用を有効にしてください。 エンターキーを押すと、ナビゲーション部分をスキップし本文へ移動します。 サイトマップ Select Language English 中文（简体字） 中文（繁體字） 한국어 Portu"
"西尾市","strong","57","児童手当","https://www.city.nishio.aichi.jp/kosodate/teate/1005127/1002348.html","児童手当","児童手当｜西尾市公式ウェブサイト 当ホームページではjavascriptを使用しています。 javascriptの使用を有効にしなければ、一部の機能が正確に動作しない恐れがあります。お手数ですがjavascriptの使用を有効にしてください。 エンターキーを押すと、ナビゲーション部分をスキップし本文へ移動します。 サイトマップ Select Language English 中文（简体字） 中文（繁體字） 한국어 Português T"
"西尾市","strong","57","医療費についての大切なお知らせ","https://www.city.nishio.aichi.jp/kenkofukushi/iryo/1011350.html","医療費についての大切なお知らせ","医療費についての大切なお知らせ｜西尾市公式ウェブサイト 当ホームページではjavascriptを使用しています。 javascriptの使用を有効にしなければ、一部の機能が正確に動作しない恐れがあります。お手数ですがjavascriptの使用を有効にしてください。 エンターキーを押すと、ナビゲーション部分をスキップし本文へ移動します。 サイトマップ Select Language English 中文（简体字） 中文（繁體字） 한국어 "
"西尾市","strong","57","西尾市アスベスト対策費補助金","https://www.city.nishio.aichi.jp/kenkofukushi/kenshin/1001448/1002467.html","西尾市アスベスト対策費補助金","西尾市アスベスト対策費補助金｜西尾市公式ウェブサイト 当ホームページではjavascriptを使用しています。 javascriptの使用を有効にしなければ、一部の機能が正確に動作しない恐れがあります。お手数ですがjavascriptの使用を有効にしてください。 エンターキーを押すと、ナビゲーション部分をスキップし本文へ移動します。 サイトマップ Select Language English 中文（简体字） 中文（繁體字） 한국어 P"
"西尾市","strong","57","愛知県ファミリー・フレンドリー企業登録制度","https://www.city.nishio.aichi.jp/kurashi/koyo/1001426/1002200.html","愛知県ファミリー・フレンドリー企業登録制度","愛知県ファミリー・フレンドリー企業登録制度｜西尾市公式ウェブサイト 当ホームページではjavascriptを使用しています。 javascriptの使用を有効にしなければ、一部の機能が正確に動作しない恐れがあります。お手数ですがjavascriptの使用を有効にしてください。 エンターキーを押すと、ナビゲーション部分をスキップし本文へ移動します。 サイトマップ Select Language English 中文（简体字） 中文（繁體字"
"西尾市","strong","57","入居申し込み案内書","https://www.city.nishio.aichi.jp/kurashi/sumai/1001390/1001803.html","入居申し込み案内書","入居申し込み案内書｜西尾市公式ウェブサイト 当ホームページではjavascriptを使用しています。 javascriptの使用を有効にしなければ、一部の機能が正確に動作しない恐れがあります。お手数ですがjavascriptの使用を有効にしてください。 エンターキーを押すと、ナビゲーション部分をスキップし本文へ移動します。 サイトマップ Select Language English 中文（简体字） 中文（繁體字） 한국어 Portug"
"西尾市","strong","57","キッズドクター","https://www.city.nishio.aichi.jp/lifescene/byokikega/1005370/1011363.html","キッズドクター","キッズドクター｜西尾市公式ウェブサイト 当ホームページではjavascriptを使用しています。 javascriptの使用を有効にしなければ、一部の機能が正確に動作しない恐れがあります。お手数ですがjavascriptの使用を有効にしてください。 エンターキーを押すと、ナビゲーション部分をスキップし本文へ移動します。 サイトマップ Select Language English 中文（简体字） 中文（繁體字） 한국어 Portuguê"
"蒲郡市","strong","57","妊娠・出産・子育てに関する4つの助成事業が始まりました - 蒲郡市保健医療センター - 愛知県蒲郡市公式ホームページ","https://www.city.gamagori.lg.jp/site/hokencenter/hagukumi.html","妊娠・出産・子育てに関する4つの助成事業が始まりました","妊娠・出産・子育てに関する4つの助成事業が始まりました - 蒲郡市保健医療センター - 愛知県蒲郡市公式ホームページ ページの先頭です。 メニューを飛ばして本文へ メニュー 検索 JavaScriptが無効のため、文字の大きさ・背景色を変更する機能を使用できません。 本文へ Foreign language 音声読み上げ ふりがな 閲覧補助 文字サイズ 拡大 標準 背景色 白 黒 青 閉じる 休日・救急医療 安心・ひろめーる AED設置"
"刈谷市","strong","56","中小企業向け融資・助成","https://www.city.kariya.lg.jp/sangyo/yushi/index.html","中小企業向け融資・助成","中小企業向け融資・助成｜刈谷市ホームページ 当ホームページではjavascriptを使用しています。 javascriptの使用を有効にしなければ、一部の機能が正確に動作しない恐れがあります。お手数ですがjavascriptの使用を有効にしてください。 エンターキーを押すと、ナビゲーション部分をスキップし本文へ移動します。 サイトマップ 文字サイズ・配色の変更 Foreign Language English portugues 한국어"
"刈谷市","strong","56","高齢者福祉","https://www.city.kariya.lg.jp/kurashi/fukushikaigo/koureishafukushi/index.html","高齢者福祉","高齢者福祉｜刈谷市ホームページ 当ホームページではjavascriptを使用しています。 javascriptの使用を有効にしなければ、一部の機能が正確に動作しない恐れがあります。お手数ですがjavascriptの使用を有効にしてください。 エンターキーを押すと、ナビゲーション部分をスキップし本文へ移動します。 サイトマップ 文字サイズ・配色の変更 Foreign Language English portugues 한국어 中文（简化"
"刈谷市","strong","56","産業振興","https://www.city.kariya.lg.jp/sangyo/sangyoshinko/index.html","産業振興","産業振興｜刈谷市ホームページ 当ホームページではjavascriptを使用しています。 javascriptの使用を有効にしなければ、一部の機能が正確に動作しない恐れがあります。お手数ですがjavascriptの使用を有効にしてください。 エンターキーを押すと、ナビゲーション部分をスキップし本文へ移動します。 サイトマップ 文字サイズ・配色の変更 Foreign Language English portugues 한국어 中文（简化字"
"刈谷市","strong","56","刈谷市中小企業振興会議","https://www.city.kariya.lg.jp/sangyo/sangyoshinko/shinkokaigi/index.html","刈谷市中小企業振興会議","刈谷市中小企業振興会議｜刈谷市ホームページ 当ホームページではjavascriptを使用しています。 javascriptの使用を有効にしなければ、一部の機能が正確に動作しない恐れがあります。お手数ですがjavascriptの使用を有効にしてください。 エンターキーを押すと、ナビゲーション部分をスキップし本文へ移動します。 サイトマップ 文字サイズ・配色の変更 Foreign Language English portugues 한국어"
"刈谷市","strong","56","【創業支援に関すること】","https://www.city.kariya.lg.jp/sangyo/yushi/1022171/index.html","【創業支援に関すること】","【創業支援に関すること】｜刈谷市ホームページ 当ホームページではjavascriptを使用しています。 javascriptの使用を有効にしなければ、一部の機能が正確に動作しない恐れがあります。お手数ですがjavascriptの使用を有効にしてください。 エンターキーを押すと、ナビゲーション部分をスキップし本文へ移動します。 サイトマップ 文字サイズ・配色の変更 Foreign Language English portugues 한국"
"刈谷市","strong","56","市営住宅一覧表","https://www.city.kariya.lg.jp/kurashi/sumai/shiei/1003800.html","市営住宅一覧表","市営住宅一覧表｜刈谷市ホームページ 当ホームページではjavascriptを使用しています。 javascriptの使用を有効にしなければ、一部の機能が正確に動作しない恐れがあります。お手数ですがjavascriptの使用を有効にしてください。 エンターキーを押すと、ナビゲーション部分をスキップし本文へ移動します。 サイトマップ 文字サイズ・配色の変更 Foreign Language English portugues 한국어 中文（"
"刈谷市","strong","56","特定公共賃貸住宅一覧表","https://www.city.kariya.lg.jp/kurashi/sumai/chintai/1003804.html","特定公共賃貸住宅一覧表","特定公共賃貸住宅一覧表｜刈谷市ホームページ 当ホームページではjavascriptを使用しています。 javascriptの使用を有効にしなければ、一部の機能が正確に動作しない恐れがあります。お手数ですがjavascriptの使用を有効にしてください。 エンターキーを押すと、ナビゲーション部分をスキップし本文へ移動します。 サイトマップ 文字サイズ・配色の変更 Foreign Language English portugues 한국어"
"豊田市","strong","56","産業・事業支援","https://www.city.toyota.aichi.jp/sangyo/index.html","産業・事業支援","産業・事業支援｜豊田市 当ホームページではjavascriptを使用しています。 javascriptの使用を有効にしなければ、一部の機能が正確に動作しない恐れがあります。お手数ですがjavascriptの使用を有効にしてください。 エンターキーを押すと、ナビゲーション部分をスキップし本文へ移動します。 豊田市 TOYOTA CITY サイト メニュー 庁舎案内 Select Language Afrikaans Albanian Am"
"豊田市","strong","56","奨学金・補助","https://www.city.toyota.aichi.jp/kosodategakko/kyoikushien/hojo/index.html","奨学金・補助","奨学金・補助｜豊田市 当ホームページではjavascriptを使用しています。 javascriptの使用を有効にしなければ、一部の機能が正確に動作しない恐れがあります。お手数ですがjavascriptの使用を有効にしてください。 エンターキーを押すと、ナビゲーション部分をスキップし本文へ移動します。 豊田市 TOYOTA CITY サイト メニュー 庁舎案内 Select Language Afrikaans Albanian Amh"
"豊田市","strong","56","医療費助成・支援","https://www.city.toyota.aichi.jp/kenkoiryo/iryo/1073262/index.html","医療費助成・支援","医療費助成・支援｜豊田市 当ホームページではjavascriptを使用しています。 javascriptの使用を有効にしなければ、一部の機能が正確に動作しない恐れがあります。お手数ですがjavascriptの使用を有効にしてください。 エンターキーを押すと、ナビゲーション部分をスキップし本文へ移動します。 豊田市 TOYOTA CITY サイト メニュー 庁舎案内 Select Language Afrikaans Albanian A"
"豊田市","strong","56","住まい・環境","https://www.city.toyota.aichi.jp/sumaikankyo/index.html","住まい・環境","住まい・環境｜豊田市 当ホームページではjavascriptを使用しています。 javascriptの使用を有効にしなければ、一部の機能が正確に動作しない恐れがあります。お手数ですがjavascriptの使用を有効にしてください。 エンターキーを押すと、ナビゲーション部分をスキップし本文へ移動します。 豊田市 TOYOTA CITY サイト メニュー 庁舎案内 Select Language Afrikaans Albanian Amh"
"豊田市","strong","56","中小企業支援","https://www.city.toyota.aichi.jp/sangyo/sogyokeiei/1073279/index.html","中小企業支援","中小企業支援｜豊田市 当ホームページではjavascriptを使用しています。 javascriptの使用を有効にしなければ、一部の機能が正確に動作しない恐れがあります。お手数ですがjavascriptの使用を有効にしてください。 エンターキーを押すと、ナビゲーション部分をスキップし本文へ移動します。 豊田市 TOYOTA CITY サイト メニュー 庁舎案内 Select Language Afrikaans Albanian Amh"
"豊田市","strong","56","補助金","https://www.city.toyota.aichi.jp/sangyo/kigyoyuchi/1073384/index.html","補助金","補助金｜豊田市 当ホームページではjavascriptを使用しています。 javascriptの使用を有効にしなければ、一部の機能が正確に動作しない恐れがあります。お手数ですがjavascriptの使用を有効にしてください。 エンターキーを押すと、ナビゲーション部分をスキップし本文へ移動します。 豊田市 TOYOTA CITY サイト メニュー 庁舎案内 Select Language Afrikaans Albanian Amhari"
"豊田市","strong","56","防犯","https://www.city.toyota.aichi.jp/bosaianzen/bohan/bouhan/index.html","防犯","防犯｜豊田市 当ホームページではjavascriptを使用しています。 javascriptの使用を有効にしなければ、一部の機能が正確に動作しない恐れがあります。お手数ですがjavascriptの使用を有効にしてください。 エンターキーを押すと、ナビゲーション部分をスキップし本文へ移動します。 豊田市 TOYOTA CITY サイト メニュー 庁舎案内 Select Language Afrikaans Albanian Amharic"
"豊田市","strong","56","地震・土砂災害等に備える補助制度","https://www.city.toyota.aichi.jp/bosaianzen/bosai/1073249/bousaishien/1013899/index.html","地震・土砂災害等に備える補助制度","地震・土砂災害等に備える補助制度｜豊田市 当ホームページではjavascriptを使用しています。 javascriptの使用を有効にしなければ、一部の機能が正確に動作しない恐れがあります。お手数ですがjavascriptの使用を有効にしてください。 エンターキーを押すと、ナビゲーション部分をスキップし本文へ移動します。 豊田市 TOYOTA CITY サイト メニュー 庁舎案内 Select Language Afrikaans Al"
"安城市","strong","56","安城市","https://www.city.anjo.aichi.jp/kurasu/hokennenkin/nenkin/soudankai.html","令和7年10月5日（日）開催の福祉まつりで年金相談会を開催します","安城市／令和7年10月5日（日）開催の福祉まつりで年金相談会を開催します このサイトではJavaScriptを使用したコンテンツ・機能を提供しています。JavaScriptを有効にするとご利用いただけます。 本文へスキップします。 安城市 受け継ぐ想いを 未来へ届ける 望遠郷 サイト内検索 ページID検索 設定 文字サイズ・色合い変更 Language メニュー 閉じる 緊急 情報 緊急情報 閉じる ホーム 生活・サービス 教育・学習 "
"安城市","strong","56","安城市","https://www.city.anjo.aichi.jp/kurasu/hokennenkin/kokuho/kodomokosodatesienkin.html","子ども・子育て支援金制度について","安城市／子ども・子育て支援金制度について このサイトではJavaScriptを使用したコンテンツ・機能を提供しています。JavaScriptを有効にするとご利用いただけます。 本文へスキップします。 安城市 受け継ぐ想いを 未来へ届ける 望遠郷 サイト内検索 ページID検索 設定 文字サイズ・色合い変更 Language メニュー 閉じる 緊急 情報 緊急情報 閉じる ホーム 生活・サービス 教育・学習 観光・文化・スポーツ 産業・入札"
"安城市","strong","56","安城市","https://www.city.anjo.aichi.jp/zigyo/nogyo/hozyozigyo/ichiran.html","食料・農業・交流推進事業補助金一覧（安城市独自）","安城市／食料・農業・交流推進事業補助金一覧（安城市独自） このサイトではJavaScriptを使用したコンテンツ・機能を提供しています。JavaScriptを有効にするとご利用いただけます。 本文へスキップします。 安城市 受け継ぐ想いを 未来へ届ける 望遠郷 サイト内検索 ページID検索 設定 文字サイズ・色合い変更 Language メニュー 閉じる 緊急 情報 緊急情報 閉じる ホーム 生活・サービス 教育・学習 観光・文化・スポ"
"安城市","strong","56","安城市","https://www.city.anjo.aichi.jp/zigyo/syoko/carbonneutral/202441carbonneutral.html","カーボンニュートラル推進事業補助金（SBT認定取得支援事業）","安城市／カーボンニュートラル推進事業補助金（SBT認定取得支援事業） このサイトではJavaScriptを使用したコンテンツ・機能を提供しています。JavaScriptを有効にするとご利用いただけます。 本文へスキップします。 安城市 受け継ぐ想いを 未来へ届ける 望遠郷 サイト内検索 ページID検索 設定 文字サイズ・色合い変更 Language メニュー 閉じる 緊急 情報 緊急情報 閉じる ホーム 生活・サービス 教育・学習 観光"
"西尾市","strong","56","生活・住宅に関する支援","https://www.city.nishio.aichi.jp/kenkofukushi/shogai/1001457/index.html","生活・住宅に関する支援","生活・住宅に関する支援｜西尾市公式ウェブサイト 当ホームページではjavascriptを使用しています。 javascriptの使用を有効にしなければ、一部の機能が正確に動作しない恐れがあります。お手数ですがjavascriptの使用を有効にしてください。 エンターキーを押すと、ナビゲーション部分をスキップし本文へ移動します。 サイトマップ Select Language English 中文（简体字） 中文（繁體字） 한국어 Port"
"西尾市","strong","56","障害者手帳・マーク","https://www.city.nishio.aichi.jp/kenkofukushi/shogai/1001461/index.html","障害者手帳・マーク","障害者手帳・マーク｜西尾市公式ウェブサイト 当ホームページではjavascriptを使用しています。 javascriptの使用を有効にしなければ、一部の機能が正確に動作しない恐れがあります。お手数ですがjavascriptの使用を有効にしてください。 エンターキーを押すと、ナビゲーション部分をスキップし本文へ移動します。 サイトマップ Select Language English 中文（简体字） 中文（繁體字） 한국어 Portug"
"蒲郡市","strong","56","こどもの予防接種 - 蒲郡市保健医療センター - 愛知県蒲郡市公式ホームページ","https://www.city.gamagori.lg.jp/site/hokencenter/u20-vaccine.html","令和８年予防接種実施医療機関名簿","こどもの予防接種 - 蒲郡市保健医療センター - 愛知県蒲郡市公式ホームページ ページの先頭です。 メニューを飛ばして本文へ メニュー 検索 JavaScriptが無効のため、文字の大きさ・背景色を変更する機能を使用できません。 本文へ Foreign language 音声読み上げ ふりがな 閲覧補助 文字サイズ 拡大 標準 背景色 白 黒 青 閉じる 休日・救急医療 安心・ひろめーる AED設置場所 緊急・防災情報 くらし・手続 防"
"蒲郡市","strong","56","令和８年度成人用肺炎球菌ワクチン予防接種 - 蒲郡市保健医療センター - 愛知県蒲郡市公式ホームページ","https://www.city.gamagori.lg.jp/site/hokencenter/r2-seijinnyouhaiennkyuukinnwakutinn.html","令和８年度成人用肺炎球菌ワクチン予防接種","令和８年度成人用肺炎球菌ワクチン予防接種 - 蒲郡市保健医療センター - 愛知県蒲郡市公式ホームページ ページの先頭です。 メニューを飛ばして本文へ メニュー 検索 JavaScriptが無効のため、文字の大きさ・背景色を変更する機能を使用できません。 本文へ Foreign language 音声読み上げ ふりがな 閲覧補助 文字サイズ 拡大 標準 背景色 白 黒 青 閉じる 休日・救急医療 安心・ひろめーる AED設置場所 緊急・防"
"蒲郡市","strong","56","ごみ・衛生・動物 - 愛知県蒲郡市公式ホームページ","https://www.city.gamagori.lg.jp/life/1/35/","ごみ・衛生・動物","ごみ・衛生・動物 - 愛知県蒲郡市公式ホームページ ページの先頭です。 メニューを飛ばして本文へ メニュー 検索 JavaScriptが無効のため、文字の大きさ・背景色を変更する機能を使用できません。 本文へ Foreign language 音声読み上げ ふりがな 閲覧補助 文字サイズ 拡大 標準 背景色 白 黒 青 閉じる 休日・救急医療 安心・ひろめーる AED設置場所 緊急・防災情報 くらし・手続 防災・安全安心 マイナンバーカ"
"蒲郡市","strong","56","さくらねこ無料不妊手術チケット(行政枠) - 愛知県蒲郡市公式ホームページ","https://www.city.gamagori.lg.jp/unit/kankyo/sakuraneko.html","さくらねこ無料不妊手術チケット(行政枠)","さくらねこ無料不妊手術チケット(行政枠) - 愛知県蒲郡市公式ホームページ ページの先頭です。 メニューを飛ばして本文へ メニュー 検索 JavaScriptが無効のため、文字の大きさ・背景色を変更する機能を使用できません。 本文へ Foreign language 音声読み上げ ふりがな 閲覧補助 文字サイズ 拡大 標準 背景色 白 黒 青 閉じる 休日・救急医療 安心・ひろめーる AED設置場所 緊急・防災情報 くらし・手続 防災・"
"蒲郡市","strong","56","地域猫等不妊去勢手術費補助金 - 愛知県蒲郡市公式ホームページ","https://www.city.gamagori.lg.jp/unit/kankyo/tiikinekofuninkyoseisyujutuhihojokin.html","地域猫等不妊去勢手術費補助金","地域猫等不妊去勢手術費補助金 - 愛知県蒲郡市公式ホームページ ページの先頭です。 メニューを飛ばして本文へ メニュー 検索 JavaScriptが無効のため、文字の大きさ・背景色を変更する機能を使用できません。 本文へ Foreign language 音声読み上げ ふりがな 閲覧補助 文字サイズ 拡大 標準 背景色 白 黒 青 閉じる 休日・救急医療 安心・ひろめーる AED設置場所 緊急・防災情報 くらし・手続 防災・安全安心 マ"
"蒲郡市","strong","56","後期高齢者医療健康診査を受けられます(後期高齢者医療制度の方向け) - 愛知県蒲郡市公式ホームページ","https://www.city.gamagori.lg.jp/unit/nenkin/koki-kenshin.html","後期高齢者医療健康診査を受けられます(後期高齢者医療制度の方向け)","後期高齢者医療健康診査を受けられます(後期高齢者医療制度の方向け) - 愛知県蒲郡市公式ホームページ ページの先頭です。 メニューを飛ばして本文へ メニュー 検索 JavaScriptが無効のため、文字の大きさ・背景色を変更する機能を使用できません。 本文へ Foreign language 音声読み上げ ふりがな 閲覧補助 文字サイズ 拡大 標準 背景色 白 黒 青 閉じる 休日・救急医療 安心・ひろめーる AED設置場所 緊急・防災"
"蒲郡市","strong","56","令和８年度帯状疱疹定期予防接種 - 蒲郡市保健医療センター - 愛知県蒲郡市公式ホームページ","https://www.city.gamagori.lg.jp/site/hokencenter/taijyouhoushin-teiki.html","令和８年度帯状疱疹定期予防接種","令和８年度帯状疱疹定期予防接種 - 蒲郡市保健医療センター - 愛知県蒲郡市公式ホームページ ページの先頭です。 メニューを飛ばして本文へ メニュー 検索 JavaScriptが無効のため、文字の大きさ・背景色を変更する機能を使用できません。 本文へ Foreign language 音声読み上げ ふりがな 閲覧補助 文字サイズ 拡大 標準 背景色 白 黒 青 閉じる 休日・救急医療 安心・ひろめーる AED設置場所 緊急・防災情報 く"
"蒲郡市","strong","56","【農業者の皆様へ】蒲郡市農業経営者原油価格・物価高騰対策支援金について - 愛知県蒲郡市公式ホームページ","https://www.city.gamagori.lg.jp/unit/norin/nogyoshienkin.html","【農業者の皆様へ】蒲郡市農業経営者原油価格・物価高騰対策支援金について","【農業者の皆様へ】蒲郡市農業経営者原油価格・物価高騰対策支援金について - 愛知県蒲郡市公式ホームページ ページの先頭です。 メニューを飛ばして本文へ メニュー 検索 JavaScriptが無効のため、文字の大きさ・背景色を変更する機能を使用できません。 本文へ Foreign language 音声読み上げ ふりがな 閲覧補助 文字サイズ 拡大 標準 背景色 白 黒 青 閉じる 休日・救急医療 安心・ひろめーる AED設置場所 緊急・"
"蒲郡市","strong","56","蒲郡市民間建築物アスベスト含有分析調査費補助金 - 愛知県蒲郡市公式ホームページ","https://www.city.gamagori.lg.jp/unit/kenchiku/asubesuto.html","蒲郡市民間建築物アスベスト含有分析調査費補助金","蒲郡市民間建築物アスベスト含有分析調査費補助金 - 愛知県蒲郡市公式ホームページ ページの先頭です。 メニューを飛ばして本文へ メニュー 検索 JavaScriptが無効のため、文字の大きさ・背景色を変更する機能を使用できません。 本文へ Foreign language 音声読み上げ ふりがな 閲覧補助 文字サイズ 拡大 標準 背景色 白 黒 青 閉じる 休日・救急医療 安心・ひろめーる AED設置場所 緊急・防災情報 くらし・手続 "
"蒲郡市","strong","56","蒲郡市私立高等学校等授業料補助金 - 愛知県蒲郡市公式ホームページ","https://www.city.gamagori.lg.jp/unit/kyoikuseisaku/shiritsukoukou.html","私立高等学校等授業料補助金","蒲郡市私立高等学校等授業料補助金 - 愛知県蒲郡市公式ホームページ ページの先頭です。 メニューを飛ばして本文へ メニュー 検索 JavaScriptが無効のため、文字の大きさ・背景色を変更する機能を使用できません。 本文へ Foreign language 音声読み上げ ふりがな 閲覧補助 文字サイズ 拡大 標準 背景色 白 黒 青 閉じる 休日・救急医療 安心・ひろめーる AED設置場所 緊急・防災情報 くらし・手続 防災・安全安心"
"蒲郡市","strong","56","蒲郡市企業立地促進補助金 - 愛知県蒲郡市公式ホームページ","https://www.city.gamagori.lg.jp/unit/sangyo/sokushin.html","企業立地促進補助金","蒲郡市企業立地促進補助金 - 愛知県蒲郡市公式ホームページ ページの先頭です。 メニューを飛ばして本文へ メニュー 検索 JavaScriptが無効のため、文字の大きさ・背景色を変更する機能を使用できません。 本文へ Foreign language 音声読み上げ ふりがな 閲覧補助 文字サイズ 拡大 標準 背景色 白 黒 青 閉じる 休日・救急医療 安心・ひろめーる AED設置場所 緊急・防災情報 くらし・手続 防災・安全安心 マイナ"
"蒲郡市","strong","56","カルスポ蒲郡エンジョイクラブの会員募集について - 愛知県蒲郡市公式ホームページ","https://www.city.gamagori.lg.jp/unit/gakko/karusupogamagori.html","カルスポ蒲郡エンジョイクラブの会員募集について","カルスポ蒲郡エンジョイクラブの会員募集について - 愛知県蒲郡市公式ホームページ ページの先頭です。 メニューを飛ばして本文へ メニュー 検索 JavaScriptが無効のため、文字の大きさ・背景色を変更する機能を使用できません。 本文へ Foreign language 音声読み上げ ふりがな 閲覧補助 文字サイズ 拡大 標準 背景色 白 黒 青 閉じる 休日・救急医療 安心・ひろめーる AED設置場所 緊急・防災情報 くらし・手続 "
"蒲郡市","strong","56","令和８年度健康ガイドを発行しました - 蒲郡市保健医療センター - 愛知県蒲郡市公式ホームページ","https://www.city.gamagori.lg.jp/site/hokencenter/reiwa8kenkoguide.html","令和８年度健康ガイドを発行しました","令和８年度健康ガイドを発行しました - 蒲郡市保健医療センター - 愛知県蒲郡市公式ホームページ ページの先頭です。 メニューを飛ばして本文へ メニュー 検索 JavaScriptが無効のため、文字の大きさ・背景色を変更する機能を使用できません。 本文へ Foreign language 音声読み上げ ふりがな 閲覧補助 文字サイズ 拡大 標準 背景色 白 黒 青 閉じる 休日・救急医療 安心・ひろめーる AED設置場所 緊急・防災情報"
"蒲郡市","strong","56","不妊相談 - 蒲郡市保健医療センター - 愛知県蒲郡市公式ホームページ","https://www.city.gamagori.lg.jp/site/hokencenter/funinsodan.html","不妊相談","不妊相談 - 蒲郡市保健医療センター - 愛知県蒲郡市公式ホームページ ページの先頭です。 メニューを飛ばして本文へ メニュー 検索 JavaScriptが無効のため、文字の大きさ・背景色を変更する機能を使用できません。 本文へ Foreign language 音声読み上げ ふりがな 閲覧補助 文字サイズ 拡大 標準 背景色 白 黒 青 閉じる 休日・救急医療 安心・ひろめーる AED設置場所 緊急・防災情報 くらし・手続 防災・安全"
"蒲郡市","strong","56","固定資産税・都市計画税 - 愛知県蒲郡市公式ホームページ","https://www.city.gamagori.lg.jp/life/sub/4/41/42/","補助金・手当・助成の一覧","固定資産税・都市計画税 - 愛知県蒲郡市公式ホームページ ページの先頭です。 メニューを飛ばして本文へ メニュー 検索 JavaScriptが無効のため、文字の大きさ・背景色を変更する機能を使用できません。 本文へ Foreign language 音声読み上げ ふりがな 閲覧補助 文字サイズ 拡大 標準 背景色 白 黒 青 閉じる 休日・救急医療 安心・ひろめーる AED設置場所 緊急・防災情報 くらし・手続 防災・安全安心 マイナン"
"蒲郡市","strong","56","地域集会施設等事業費補助金などについて - 愛知県蒲郡市公式ホームページ","https://www.city.gamagori.lg.jp/unit/kyodo/shukaishisetsu-hojo.html","地域集会施設等事業費補助金などについて","地域集会施設等事業費補助金などについて - 愛知県蒲郡市公式ホームページ ページの先頭です。 メニューを飛ばして本文へ メニュー 検索 JavaScriptが無効のため、文字の大きさ・背景色を変更する機能を使用できません。 本文へ Foreign language 音声読み上げ ふりがな 閲覧補助 文字サイズ 拡大 標準 背景色 白 黒 青 閉じる 休日・救急医療 安心・ひろめーる AED設置場所 緊急・防災情報 くらし・手続 防災・安"
"蒲郡市","strong","56","蒲郡市建築住宅課の所管する補助金代理受領のご案内 - 愛知県蒲郡市公式ホームページ","https://www.city.gamagori.lg.jp/unit/kenchiku/dairijuryo.html","蒲郡市建築住宅課の所管する補助金代理受領のご案内","蒲郡市建築住宅課の所管する補助金代理受領のご案内 - 愛知県蒲郡市公式ホームページ ページの先頭です。 メニューを飛ばして本文へ メニュー 検索 JavaScriptが無効のため、文字の大きさ・背景色を変更する機能を使用できません。 本文へ Foreign language 音声読み上げ ふりがな 閲覧補助 文字サイズ 拡大 標準 背景色 白 黒 青 閉じる 休日・救急医療 安心・ひろめーる AED設置場所 緊急・防災情報 くらし・手続"
"蒲郡市","strong","56","漏水減免について - 水道課 - 愛知県蒲郡市公式ホームページ","https://www.city.gamagori.lg.jp/site/suido/rousuigennmen.html","漏水減免について","漏水減免について - 水道課 - 愛知県蒲郡市公式ホームページ ページの先頭です。 メニューを飛ばして本文へ メニュー 検索 JavaScriptが無効のため、文字の大きさ・背景色を変更する機能を使用できません。 本文へ Foreign language 音声読み上げ ふりがな 閲覧補助 文字サイズ 拡大 標準 背景色 白 黒 青 閉じる 休日・救急医療 安心・ひろめーる AED設置場所 緊急・防災情報 くらし・手続 防災・安全安心 マ"
"刈谷市","strong","55","刈谷市低所得妊婦初回産科受診費用助成金","https://www.city.kariya.lg.jp/kosodatenavi/1014911/1014912/1016755.html","刈谷市低所得妊婦初回産科受診費用助成金","刈谷市低所得妊婦初回産科受診費用助成金｜かりや子育て応援ナビ 当ホームページではjavascriptを使用しています。 javascriptの使用を有効にしなければ、一部の機能が正確に動作しない恐れがあります。お手数ですがjavascriptの使用を有効にしてください。 エンターキーを押すと、ナビゲーション部分をスキップし本文へ移動します。 救急のとき いざというときに 災害時の避難所 休日診療案内 防災・減災 気象情報 衣浦東部広域連"
"刈谷市","strong","55","民間住宅省エネ改修等補助金","https://www.city.kariya.lg.jp/kurashi/sumai/jyosei/1020054.html","民間住宅省エネ改修等補助金","民間住宅省エネ改修等補助金｜刈谷市ホームページ 当ホームページではjavascriptを使用しています。 javascriptの使用を有効にしなければ、一部の機能が正確に動作しない恐れがあります。お手数ですがjavascriptの使用を有効にしてください。 エンターキーを押すと、ナビゲーション部分をスキップし本文へ移動します。 サイトマップ 文字サイズ・配色の変更 Foreign Language English portugues 한"
"刈谷市","strong","55","住まいの相談窓口","https://www.city.kariya.lg.jp/lifeevent/l_jyutaku/1007010/1007096.html","住まいの相談窓口","住まいの相談窓口｜刈谷市ホームページ 当ホームページではjavascriptを使用しています。 javascriptの使用を有効にしなければ、一部の機能が正確に動作しない恐れがあります。お手数ですがjavascriptの使用を有効にしてください。 エンターキーを押すと、ナビゲーション部分をスキップし本文へ移動します。 サイトマップ 文字サイズ・配色の変更 Foreign Language English portugues 한국어 中文"
"豊田市","strong","55","住宅の耐震改修に伴う固定資産税の減額制度","https://www.city.toyota.aichi.jp/zeihoken/koteishisan/1073684/1002893.html","住宅の耐震改修に伴う固定資産税の減額制度","住宅の耐震改修に伴う固定資産税の減額制度｜豊田市 当ホームページではjavascriptを使用しています。 javascriptの使用を有効にしなければ、一部の機能が正確に動作しない恐れがあります。お手数ですがjavascriptの使用を有効にしてください。 エンターキーを押すと、ナビゲーション部分をスキップし本文へ移動します。 豊田市 TOYOTA CITY サイト メニュー 庁舎案内 Select Language Afrikaan"
"豊田市","strong","55","先天性血液凝固因子障害等治療研究事業","https://www.city.toyota.aichi.jp/kenkoiryo/shogai/1073266/1073727/1022892.html","先天性血液凝固因子障害等治療研究事業","先天性血液凝固因子障害等治療研究事業｜豊田市 当ホームページではjavascriptを使用しています。 javascriptの使用を有効にしなければ、一部の機能が正確に動作しない恐れがあります。お手数ですがjavascriptの使用を有効にしてください。 エンターキーを押すと、ナビゲーション部分をスキップし本文へ移動します。 豊田市 TOYOTA CITY サイト メニュー 庁舎案内 Select Language Afrikaans "
"安城市","strong","55","安城市","https://www.city.anjo.aichi.jp/kurasu/hojoseido/index.html","お得な制度","安城市／お得な制度 このサイトではJavaScriptを使用したコンテンツ・機能を提供しています。JavaScriptを有効にするとご利用いただけます。 本文へスキップします。 安城市 受け継ぐ想いを 未来へ届ける 望遠郷 サイト内検索 ページID検索 設定 文字サイズ・色合い変更 Language メニュー 閉じる 緊急 情報 緊急情報 閉じる ホーム 生活・サービス 教育・学習 観光・文化・スポーツ 産業・入札 市政情報 ホーム >"
"西尾市","strong","55","障害者の法定雇用率が引き上がります","https://www.city.nishio.aichi.jp/kurashi/koyo/1001426/1002198.html","障害者の法定雇用率が引き上がります(平成30年4月1日より）","障害者の法定雇用率が引き上がります｜西尾市公式ウェブサイト 当ホームページではjavascriptを使用しています。 javascriptの使用を有効にしなければ、一部の機能が正確に動作しない恐れがあります。お手数ですがjavascriptの使用を有効にしてください。 エンターキーを押すと、ナビゲーション部分をスキップし本文へ移動します。 サイトマップ Select Language English 中文（简体字） 中文（繁體字） 한국"
"西尾市","strong","55","令和6年度児童手当制度改正","https://www.city.nishio.aichi.jp/kosodate/teate/1005127/1010034.html","令和6年度児童手当制度改正","令和6年度児童手当制度改正｜西尾市公式ウェブサイト 当ホームページではjavascriptを使用しています。 javascriptの使用を有効にしなければ、一部の機能が正確に動作しない恐れがあります。お手数ですがjavascriptの使用を有効にしてください。 エンターキーを押すと、ナビゲーション部分をスキップし本文へ移動します。 サイトマップ Select Language English 中文（简体字） 中文（繁體字） 한국어 Po"
"西尾市","strong","55","特別児童扶養手当","https://www.city.nishio.aichi.jp/kosodate/teate/1005130/1002351.html","特別児童扶養手当","特別児童扶養手当｜西尾市公式ウェブサイト 当ホームページではjavascriptを使用しています。 javascriptの使用を有効にしなければ、一部の機能が正確に動作しない恐れがあります。お手数ですがjavascriptの使用を有効にしてください。 エンターキーを押すと、ナビゲーション部分をスキップし本文へ移動します。 サイトマップ Select Language English 中文（简体字） 中文（繁體字） 한국어 Portugu"
"西尾市","strong","55","防災関連各種申請書","https://www.city.nishio.aichi.jp/kurashi/bosai/1004503.html","防災関連各種申請書","防災関連各種申請書｜西尾市公式ウェブサイト 当ホームページではjavascriptを使用しています。 javascriptの使用を有効にしなければ、一部の機能が正確に動作しない恐れがあります。お手数ですがjavascriptの使用を有効にしてください。 エンターキーを押すと、ナビゲーション部分をスキップし本文へ移動します。 サイトマップ Select Language English 中文（简体字） 中文（繁體字） 한국어 Portug"
"西尾市","strong","55","人材開発支援助成金","https://www.city.nishio.aichi.jp/kurashi/koyo/1001426/1010017.html","人材開発支援助成金","人材開発支援助成金｜西尾市公式ウェブサイト 当ホームページではjavascriptを使用しています。 javascriptの使用を有効にしなければ、一部の機能が正確に動作しない恐れがあります。お手数ですがjavascriptの使用を有効にしてください。 エンターキーを押すと、ナビゲーション部分をスキップし本文へ移動します。 サイトマップ Select Language English 中文（简体字） 中文（繁體字） 한국어 Portug"
"蒲郡市","strong","55","未熟児養育医療 - 蒲郡市保健医療センター - 愛知県蒲郡市公式ホームページ","https://www.city.gamagori.lg.jp/site/hokencenter/list296-1456.html","未熟児養育医療","未熟児養育医療 - 蒲郡市保健医療センター - 愛知県蒲郡市公式ホームページ ページの先頭です。 メニューを飛ばして本文へ メニュー 検索 JavaScriptが無効のため、文字の大きさ・背景色を変更する機能を使用できません。 本文へ Foreign language 音声読み上げ ふりがな 閲覧補助 文字サイズ 拡大 標準 背景色 白 黒 青 閉じる 休日・救急医療 安心・ひろめーる AED設置場所 緊急・防災情報 くらし・手続 防災"
"蒲郡市","strong","55","家庭児童相談 - こども家庭センター - 愛知県蒲郡市公式ホームページ","https://www.city.gamagori.lg.jp/site/uminoko/zidouhukusisoudan.html","児童福祉：家庭児童相談","家庭児童相談 - こども家庭センター - 愛知県蒲郡市公式ホームページ ページの先頭です。 メニューを飛ばして本文へ メニュー 検索 JavaScriptが無効のため、文字の大きさ・背景色を変更する機能を使用できません。 本文へ Foreign language 音声読み上げ ふりがな 閲覧補助 文字サイズ 拡大 標準 背景色 白 黒 青 閉じる 休日・救急医療 安心・ひろめーる AED設置場所 緊急・防災情報 くらし・手続 防災・安全"
"刈谷市","strong","54","福祉・介護","https://www.city.kariya.lg.jp/kurashi/fukushikaigo/index.html","福祉・介護","福祉・介護｜刈谷市ホームページ 当ホームページではjavascriptを使用しています。 javascriptの使用を有効にしなければ、一部の機能が正確に動作しない恐れがあります。お手数ですがjavascriptの使用を有効にしてください。 エンターキーを押すと、ナビゲーション部分をスキップし本文へ移動します。 サイトマップ 文字サイズ・配色の変更 Foreign Language English portugues 한국어 中文（简化"
"刈谷市","strong","54","福祉・健康","https://www.city.kariya.lg.jp/shisetsu/fukushikenko/index.html","福祉・健康","福祉・健康｜刈谷市ホームページ 当ホームページではjavascriptを使用しています。 javascriptの使用を有効にしなければ、一部の機能が正確に動作しない恐れがあります。お手数ですがjavascriptの使用を有効にしてください。 エンターキーを押すと、ナビゲーション部分をスキップし本文へ移動します。 サイトマップ 文字サイズ・配色の変更 Foreign Language English portugues 한국어 中文（简化"
"刈谷市","strong","54","市営住宅","https://www.city.kariya.lg.jp/kurashi/sumai/shiei/index.html","市営住宅","市営住宅｜刈谷市ホームページ 当ホームページではjavascriptを使用しています。 javascriptの使用を有効にしなければ、一部の機能が正確に動作しない恐れがあります。お手数ですがjavascriptの使用を有効にしてください。 エンターキーを押すと、ナビゲーション部分をスキップし本文へ移動します。 サイトマップ 文字サイズ・配色の変更 Foreign Language English portugues 한국어 中文（简化字"
"刈谷市","strong","54","特定公共賃貸住宅","https://www.city.kariya.lg.jp/kurashi/sumai/chintai/index.html","特定公共賃貸住宅","特定公共賃貸住宅｜刈谷市ホームページ 当ホームページではjavascriptを使用しています。 javascriptの使用を有効にしなければ、一部の機能が正確に動作しない恐れがあります。お手数ですがjavascriptの使用を有効にしてください。 エンターキーを押すと、ナビゲーション部分をスキップし本文へ移動します。 サイトマップ 文字サイズ・配色の変更 Foreign Language English portugues 한국어 中文"
"刈谷市","strong","54","健康・医療","https://www.city.kariya.lg.jp/mokuteki/riyou/1007191/index.html","健康・医療","健康・医療｜刈谷市ホームページ 当ホームページではjavascriptを使用しています。 javascriptの使用を有効にしなければ、一部の機能が正確に動作しない恐れがあります。お手数ですがjavascriptの使用を有効にしてください。 エンターキーを押すと、ナビゲーション部分をスキップし本文へ移動します。 サイトマップ 文字サイズ・配色の変更 Foreign Language English portugues 한국어 中文（简化"
"刈谷市","strong","54","地域福祉","https://www.city.kariya.lg.jp/kurashi/fukushikaigo/chiikifukushi/index.html","地域福祉","地域福祉｜刈谷市ホームページ 当ホームページではjavascriptを使用しています。 javascriptの使用を有効にしなければ、一部の機能が正確に動作しない恐れがあります。お手数ですがjavascriptの使用を有効にしてください。 エンターキーを押すと、ナビゲーション部分をスキップし本文へ移動します。 サイトマップ 文字サイズ・配色の変更 Foreign Language English portugues 한국어 中文（简化字"
"刈谷市","strong","54","社会福祉法人","https://www.city.kariya.lg.jp/kurashi/fukushikaigo/fukushihoujin/index.html","社会福祉法人","社会福祉法人｜刈谷市ホームページ 当ホームページではjavascriptを使用しています。 javascriptの使用を有効にしなければ、一部の機能が正確に動作しない恐れがあります。お手数ですがjavascriptの使用を有効にしてください。 エンターキーを押すと、ナビゲーション部分をスキップし本文へ移動します。 サイトマップ 文字サイズ・配色の変更 Foreign Language English portugues 한국어 中文（简"
"刈谷市","strong","54","住まい","https://www.city.kariya.lg.jp/kurashi/sumai/index.html","住まい","住まい｜刈谷市ホームページ 当ホームページではjavascriptを使用しています。 javascriptの使用を有効にしなければ、一部の機能が正確に動作しない恐れがあります。お手数ですがjavascriptの使用を有効にしてください。 エンターキーを押すと、ナビゲーション部分をスキップし本文へ移動します。 サイトマップ 文字サイズ・配色の変更 Foreign Language English portugues 한국어 中文（简化字）"
"刈谷市","strong","54","建築物のエネルギー消費性能の向上等に関する法律（建築物省エネ法）について","https://www.city.kariya.lg.jp/kurashi/sumai/1019836/index.html","建築物のエネルギー消費性能の向上等に関する法律（建築物省エネ法）について","建築物のエネルギー消費性能の向上等に関する法律（建築物省エネ法）について｜刈谷市ホームページ 当ホームページではjavascriptを使用しています。 javascriptの使用を有効にしなければ、一部の機能が正確に動作しない恐れがあります。お手数ですがjavascriptの使用を有効にしてください。 エンターキーを押すと、ナビゲーション部分をスキップし本文へ移動します。 サイトマップ 文字サイズ・配色の変更 Foreign Langu"
"刈谷市","strong","54","一ツ木福祉センター","https://www.city.kariya.lg.jp/shisetsu/fukushikenko/itsugi/index.html","一ツ木福祉センター","一ツ木福祉センター｜刈谷市ホームページ 当ホームページではjavascriptを使用しています。 javascriptの使用を有効にしなければ、一部の機能が正確に動作しない恐れがあります。お手数ですがjavascriptの使用を有効にしてください。 エンターキーを押すと、ナビゲーション部分をスキップし本文へ移動します。 サイトマップ 文字サイズ・配色の変更 Foreign Language English portugues 한국어 中"
"刈谷市","strong","54","心身障害者福祉会館","https://www.city.kariya.lg.jp/shisetsu/fukushikenko/syogaishahukushi/index.html","心身障害者福祉会館","心身障害者福祉会館｜刈谷市ホームページ 当ホームページではjavascriptを使用しています。 javascriptの使用を有効にしなければ、一部の機能が正確に動作しない恐れがあります。お手数ですがjavascriptの使用を有効にしてください。 エンターキーを押すと、ナビゲーション部分をスキップし本文へ移動します。 サイトマップ 文字サイズ・配色の変更 Foreign Language English portugues 한국어 中"
"刈谷市","strong","54","高齢者交流プラザ","https://www.city.kariya.lg.jp/shisetsu/fukushikenko/kouryuuplaza/index.html","高齢者交流プラザ","高齢者交流プラザ｜刈谷市ホームページ 当ホームページではjavascriptを使用しています。 javascriptの使用を有効にしなければ、一部の機能が正確に動作しない恐れがあります。お手数ですがjavascriptの使用を有効にしてください。 エンターキーを押すと、ナビゲーション部分をスキップし本文へ移動します。 サイトマップ 文字サイズ・配色の変更 Foreign Language English portugues 한국어 中文"
"刈谷市","strong","54","中央子育て支援センター「つくしんぼ」（総合健康センター2階）","https://www.city.kariya.lg.jp/shisetsu/fukushikenko/tsukushinbo/index.html","中央子育て支援センター「つくしんぼ」（総合健康センター2階）","中央子育て支援センター「つくしんぼ」（総合健康センター2階）｜刈谷市ホームページ 当ホームページではjavascriptを使用しています。 javascriptの使用を有効にしなければ、一部の機能が正確に動作しない恐れがあります。お手数ですがjavascriptの使用を有効にしてください。 エンターキーを押すと、ナビゲーション部分をスキップし本文へ移動します。 サイトマップ 文字サイズ・配色の変更 Foreign Language En"
"刈谷市","strong","54","南部子育て支援センター「さくらんぼ」","https://www.city.kariya.lg.jp/shisetsu/fukushikenko/sakuranbo/index.html","南部子育て支援センター「さくらんぼ」","南部子育て支援センター「さくらんぼ」｜刈谷市ホームページ 当ホームページではjavascriptを使用しています。 javascriptの使用を有効にしなければ、一部の機能が正確に動作しない恐れがあります。お手数ですがjavascriptの使用を有効にしてください。 エンターキーを押すと、ナビゲーション部分をスキップし本文へ移動します。 サイトマップ 文字サイズ・配色の変更 Foreign Language English portug"
"刈谷市","strong","54","北部子育て支援センター「あかとんぼ」","https://www.city.kariya.lg.jp/shisetsu/fukushikenko/akatonbo/index.html","北部子育て支援センター「あかとんぼ」","北部子育て支援センター「あかとんぼ」｜刈谷市ホームページ 当ホームページではjavascriptを使用しています。 javascriptの使用を有効にしなければ、一部の機能が正確に動作しない恐れがあります。お手数ですがjavascriptの使用を有効にしてください。 エンターキーを押すと、ナビゲーション部分をスキップし本文へ移動します。 サイトマップ 文字サイズ・配色の変更 Foreign Language English portug"
"刈谷市","strong","54","かりがね子育て支援センター","https://www.city.kariya.lg.jp/shisetsu/fukushikenko/karigane/index.html","かりがね子育て支援センター","かりがね子育て支援センター｜刈谷市ホームページ 当ホームページではjavascriptを使用しています。 javascriptの使用を有効にしなければ、一部の機能が正確に動作しない恐れがあります。お手数ですがjavascriptの使用を有効にしてください。 エンターキーを押すと、ナビゲーション部分をスキップし本文へ移動します。 サイトマップ 文字サイズ・配色の変更 Foreign Language English portugues 한"
"刈谷市","strong","54","中小企業等経営強化法に基づく刈谷市の導入促進基本計画","https://www.city.kariya.lg.jp/sangyo/shinkoku/1006161.html","中小企業等経営強化法に基づく刈谷市の導入促進基本計画","中小企業等経営強化法に基づく刈谷市の導入促進基本計画｜刈谷市ホームページ 当ホームページではjavascriptを使用しています。 javascriptの使用を有効にしなければ、一部の機能が正確に動作しない恐れがあります。お手数ですがjavascriptの使用を有効にしてください。 エンターキーを押すと、ナビゲーション部分をスキップし本文へ移動します。 サイトマップ 文字サイズ・配色の変更 Foreign Language Englis"
"刈谷市","strong","54","補助・支援制度","https://www.city.kariya.lg.jp/kurashi/anshin/1019758/index.html","補助・支援制度","補助・支援制度｜刈谷市ホームページ 当ホームページではjavascriptを使用しています。 javascriptの使用を有効にしなければ、一部の機能が正確に動作しない恐れがあります。お手数ですがjavascriptの使用を有効にしてください。 エンターキーを押すと、ナビゲーション部分をスキップし本文へ移動します。 サイトマップ 文字サイズ・配色の変更 Foreign Language English portugues 한국어 中文（"
"刈谷市","strong","54","高齢者福祉のお知らせ","https://www.city.kariya.lg.jp/kurashi/fukushikaigo/koureishafukushi/1009113/index.html","高齢者福祉のお知らせ","高齢者福祉のお知らせ｜刈谷市ホームページ 当ホームページではjavascriptを使用しています。 javascriptの使用を有効にしなければ、一部の機能が正確に動作しない恐れがあります。お手数ですがjavascriptの使用を有効にしてください。 エンターキーを押すと、ナビゲーション部分をスキップし本文へ移動します。 サイトマップ 文字サイズ・配色の変更 Foreign Language English portugues 한국어 "
"豊田市","strong","54","創業・経営支援","https://www.city.toyota.aichi.jp/sangyo/sogyokeiei/index.html","創業・経営支援","創業・経営支援｜豊田市 当ホームページではjavascriptを使用しています。 javascriptの使用を有効にしなければ、一部の機能が正確に動作しない恐れがあります。お手数ですがjavascriptの使用を有効にしてください。 エンターキーを押すと、ナビゲーション部分をスキップし本文へ移動します。 豊田市 TOYOTA CITY サイト メニュー 庁舎案内 Select Language Afrikaans Albanian Am"
"豊田市","strong","54","減免・減額制度について","https://www.city.toyota.aichi.jp/zeihoken/koteishisan/1073684/index.html","減免・減額制度について","減免・減額制度について｜豊田市 当ホームページではjavascriptを使用しています。 javascriptの使用を有効にしなければ、一部の機能が正確に動作しない恐れがあります。お手数ですがjavascriptの使用を有効にしてください。 エンターキーを押すと、ナビゲーション部分をスキップし本文へ移動します。 豊田市 TOYOTA CITY サイト メニュー 庁舎案内 Select Language Afrikaans Albania"
"豊田市","strong","54","おいでんバス・地域バス","https://www.city.toyota.aichi.jp/sumaikankyo/dorokotsu/1073632/bus/index.html","おいでんバス・地域バス","おいでんバス・地域バス｜豊田市 当ホームページではjavascriptを使用しています。 javascriptの使用を有効にしなければ、一部の機能が正確に動作しない恐れがあります。お手数ですがjavascriptの使用を有効にしてください。 エンターキーを押すと、ナビゲーション部分をスキップし本文へ移動します。 豊田市 TOYOTA CITY サイト メニュー 庁舎案内 Select Language Afrikaans Albania"
"安城市","strong","54","安城市","https://www.city.anjo.aichi.jp/anshin/helmethojokin.html","自転車乗車用ヘルメット購入費補助金","安城市／自転車乗車用ヘルメット購入費補助金 このサイトではJavaScriptを使用したコンテンツ・機能を提供しています。JavaScriptを有効にするとご利用いただけます。 本文へスキップします。 安城市 受け継ぐ想いを 未来へ届ける 望遠郷 サイト内検索 ページID検索 設定 文字サイズ・色合い変更 Language メニュー 閉じる 緊急 情報 緊急情報 閉じる ホーム 生活・サービス 教育・学習 観光・文化・スポーツ 産業・入"
"安城市","strong","54","安城市","https://www.city.anjo.aichi.jp/kurasu/kenko/yobosessyu.html","予防接種","安城市／予防接種 このサイトではJavaScriptを使用したコンテンツ・機能を提供しています。JavaScriptを有効にするとご利用いただけます。 本文へスキップします。 安城市 受け継ぐ想いを 未来へ届ける 望遠郷 サイト内検索 ページID検索 設定 文字サイズ・色合い変更 Language メニュー 閉じる 緊急 情報 緊急情報 閉じる ホーム 生活・サービス 教育・学習 観光・文化・スポーツ 産業・入札 市政情報 ホーム > "
"西尾市","strong","54","ごみ・資源に関する助成・支援","https://www.city.nishio.aichi.jp/kurashi/gomi/1001394/index.html","ごみ・資源に関する助成・支援","ごみ・資源に関する助成・支援｜西尾市公式ウェブサイト 当ホームページではjavascriptを使用しています。 javascriptの使用を有効にしなければ、一部の機能が正確に動作しない恐れがあります。お手数ですがjavascriptの使用を有効にしてください。 エンターキーを押すと、ナビゲーション部分をスキップし本文へ移動します。 サイトマップ Select Language English 中文（简体字） 中文（繁體字） 한국어 P"
"蒲郡市","strong","54","高齢者・介護 - 愛知県蒲郡市公式ホームページ","https://www.city.gamagori.lg.jp/life/13/90/","高齢者・介護","高齢者・介護 - 愛知県蒲郡市公式ホームページ ページの先頭です。 メニューを飛ばして本文へ メニュー 検索 JavaScriptが無効のため、文字の大きさ・背景色を変更する機能を使用できません。 本文へ Foreign language 音声読み上げ ふりがな 閲覧補助 文字サイズ 拡大 標準 背景色 白 黒 青 閉じる 休日・救急医療 安心・ひろめーる AED設置場所 緊急・防災情報 くらし・手続 防災・安全安心 マイナンバーカード"
"蒲郡市","strong","54","令和8年度浄化槽整備事業費補助金の募集について - 愛知県蒲郡市公式ホームページ","https://www.city.gamagori.lg.jp/unit/kankyo/joukasohojo.html","令和8年度浄化槽整備事業費補助金の募集について","令和8年度浄化槽整備事業費補助金の募集について - 愛知県蒲郡市公式ホームページ ページの先頭です。 メニューを飛ばして本文へ メニュー 検索 JavaScriptが無効のため、文字の大きさ・背景色を変更する機能を使用できません。 本文へ Foreign language 音声読み上げ ふりがな 閲覧補助 文字サイズ 拡大 標準 背景色 白 黒 青 閉じる 休日・救急医療 安心・ひろめーる AED設置場所 緊急・防災情報 くらし・手続 "
"蒲郡市","strong","54","蒲郡国際交流協会補助金 - 愛知県蒲郡市公式ホームページ","https://www.city.gamagori.lg.jp/unit/kyodo/kokusaikouryuu-hozyokinn.html","蒲郡国際交流協会補助金","蒲郡国際交流協会補助金 - 愛知県蒲郡市公式ホームページ ページの先頭です。 メニューを飛ばして本文へ メニュー 検索 JavaScriptが無効のため、文字の大きさ・背景色を変更する機能を使用できません。 本文へ Foreign language 音声読み上げ ふりがな 閲覧補助 文字サイズ 拡大 標準 背景色 白 黒 青 閉じる 休日・救急医療 安心・ひろめーる AED設置場所 緊急・防災情報 くらし・手続 防災・安全安心 マイナン"
"蒲郡市","strong","54","令和８年度 住宅用地球温暖化対策設備導入費補助金の募集について - 愛知県蒲郡市公式ホームページ","https://www.city.gamagori.lg.jp/unit/kankyo/ondanhojo.html","令和８年度 住宅用地球温暖化対策設備導入費補助金の募集について","令和８年度 住宅用地球温暖化対策設備導入費補助金の募集について - 愛知県蒲郡市公式ホームページ ページの先頭です。 メニューを飛ばして本文へ メニュー 検索 JavaScriptが無効のため、文字の大きさ・背景色を変更する機能を使用できません。 本文へ Foreign language 音声読み上げ ふりがな 閲覧補助 文字サイズ 拡大 標準 背景色 白 黒 青 閉じる 休日・救急医療 安心・ひろめーる AED設置場所 緊急・防災情報"
"蒲郡市","strong","54","地域医療介護総合確保基金所要額調べ（コロナ感染防止対策支援事業分）について - 愛知県蒲郡市公式ホームページ","https://www.city.gamagori.lg.jp/unit/choju/sougou-kakuho-kikin.html","地域医療介護総合確保基金所要額調べ（コロナ感染防止対策支援事業分）について","地域医療介護総合確保基金所要額調べ（コロナ感染防止対策支援事業分）について - 愛知県蒲郡市公式ホームページ ページの先頭です。 メニューを飛ばして本文へ メニュー 検索 JavaScriptが無効のため、文字の大きさ・背景色を変更する機能を使用できません。 本文へ Foreign language 音声読み上げ ふりがな 閲覧補助 文字サイズ 拡大 標準 背景色 白 黒 青 閉じる 休日・救急医療 安心・ひろめーる AED設置場所 緊"
"蒲郡市","strong","54","令和6年度蒲郡市移住体験ツアー開催しました！ - 愛知県蒲郡市公式ホームページ","https://www.city.gamagori.lg.jp/site/support/iju-tours2024.html","令和6年度蒲郡市移住体験ツアー開催しました！","令和6年度蒲郡市移住体験ツアー開催しました！ - 愛知県蒲郡市公式ホームページ ページの先頭です。 メニューを飛ばして本文へ メニュー JavaScriptが無効のため、文字の大きさ・背景色を変更する機能を使用できません。 本文へ Foreign Language 音声読み上げ ふりがなをつける 文字サイズ・色合い変更 背景色 白 黒 青 文字サイズ 標準 拡大 Googleカスタム検索 蒲郡市について Profile 子育て・教育 P"
"蒲郡市","strong","54","愛知県蒲郡市定住促進サイト いいじゃん蒲郡 - 愛知県蒲郡市公式ホームページ","https://www.city.gamagori.lg.jp/site/iijangamagori/","","愛知県蒲郡市定住促進サイト いいじゃん蒲郡 - 愛知県蒲郡市公式ホームページ ページの先頭です。 メニューを飛ばして本文へ メニュー JavaScriptが無効のため、文字の大きさ・背景色を変更する機能を使用できません。 本文へ Foreign Language 音声読み上げ ふりがなをつける 文字サイズ・色合い変更 背景色 白 黒 青 文字サイズ 標準 拡大 Googleカスタム検索 蒲郡市について Profile 子育て・教育 Pa"
"蒲郡市","strong","54","ブロック塀等撤去補助事業 - 緊急情報 - 愛知県蒲郡市公式ホームページ","https://www.city.gamagori.lg.jp/site/kinkyu/block.html","ブロック塀等撤去補助事業","ブロック塀等撤去補助事業 - 緊急情報 - 愛知県蒲郡市公式ホームページ ページの先頭です。 メニューを飛ばして本文へ メニュー 検索 JavaScriptが無効のため、文字の大きさ・背景色を変更する機能を使用できません。 本文へ Foreign language 音声読み上げ ふりがな 閲覧補助 文字サイズ 拡大 標準 背景色 白 黒 青 閉じる 休日・救急医療 安心・ひろめーる AED設置場所 緊急・防災情報 くらし・手続 防災・安"
"蒲郡市","strong","54","里山林整備に要する経費に補助金を交付します - 蒲郡市の農業について - 愛知県蒲郡市公式ホームページ","https://www.city.gamagori.lg.jp/site/nougyou/r7satoyamarin.html","里山林整備事業費補助金","里山林整備に要する経費に補助金を交付します - 蒲郡市の農業について - 愛知県蒲郡市公式ホームページ ページの先頭です。 メニューを飛ばして本文へ メニュー 検索 JavaScriptが無効のため、文字の大きさ・背景色を変更する機能を使用できません。 本文へ Foreign language 音声読み上げ ふりがな 閲覧補助 文字サイズ 拡大 標準 背景色 白 黒 青 閉じる 休日・救急医療 安心・ひろめーる AED設置場所 緊急・防"
"蒲郡市","strong","54","防災士資格取得支援補助金 - 愛知県蒲郡市公式ホームページ","https://www.city.gamagori.lg.jp/unit/kikikanri/bousaisi.html","防災士資格取得支援補助金","防災士資格取得支援補助金 - 愛知県蒲郡市公式ホームページ ページの先頭です。 メニューを飛ばして本文へ メニュー 検索 JavaScriptが無効のため、文字の大きさ・背景色を変更する機能を使用できません。 本文へ Foreign language 音声読み上げ ふりがな 閲覧補助 文字サイズ 拡大 標準 背景色 白 黒 青 閉じる 休日・救急医療 安心・ひろめーる AED設置場所 緊急・防災情報 くらし・手続 防災・安全安心 マイナ"
"蒲郡市","strong","54","蒲郡市ワーケーション企業誘致促進事業費補助金 - 愛知県蒲郡市公式ホームページ","https://www.city.gamagori.lg.jp/unit/sangyo/wk-kigyoyuchi.html","ワーケーション企業誘致促進事業費補助金","蒲郡市ワーケーション企業誘致促進事業費補助金 - 愛知県蒲郡市公式ホームページ ページの先頭です。 メニューを飛ばして本文へ メニュー 検索 JavaScriptが無効のため、文字の大きさ・背景色を変更する機能を使用できません。 本文へ Foreign language 音声読み上げ ふりがな 閲覧補助 文字サイズ 拡大 標準 背景色 白 黒 青 閉じる 休日・救急医療 安心・ひろめーる AED設置場所 緊急・防災情報 くらし・手続 防"
"蒲郡市","strong","54","蒲郡市防犯カメラ設置費補助事業 - 愛知県蒲郡市公式ホームページ","https://www.city.gamagori.lg.jp/unit/kotsu/bohancamerahojo.html","防犯カメラ設置費補助金","蒲郡市防犯カメラ設置費補助事業 - 愛知県蒲郡市公式ホームページ ページの先頭です。 メニューを飛ばして本文へ メニュー 検索 JavaScriptが無効のため、文字の大きさ・背景色を変更する機能を使用できません。 本文へ Foreign language 音声読み上げ ふりがな 閲覧補助 文字サイズ 拡大 標準 背景色 白 黒 青 閉じる 休日・救急医療 安心・ひろめーる AED設置場所 緊急・防災情報 くらし・手続 防災・安全安心 "
"蒲郡市","strong","54","自主防災会各種書類・要綱 - 緊急情報 - 愛知県蒲郡市公式ホームページ","https://www.city.gamagori.lg.jp/site/kinkyu/setsumei17.html","自主防災会各種書類・要綱","自主防災会各種書類・要綱 - 緊急情報 - 愛知県蒲郡市公式ホームページ ページの先頭です。 メニューを飛ばして本文へ メニュー 検索 JavaScriptが無効のため、文字の大きさ・背景色を変更する機能を使用できません。 本文へ Foreign language 音声読み上げ ふりがな 閲覧補助 文字サイズ 拡大 標準 背景色 白 黒 青 閉じる 休日・救急医療 安心・ひろめーる AED設置場所 緊急・防災情報 くらし・手続 防災・安"
"蒲郡市","strong","54","災害 - 愛知県蒲郡市公式ホームページ","https://www.city.gamagori.lg.jp/life/1/3/206/","災害","災害 - 愛知県蒲郡市公式ホームページ ページの先頭です。 メニューを飛ばして本文へ メニュー 検索 JavaScriptが無効のため、文字の大きさ・背景色を変更する機能を使用できません。 本文へ Foreign language 音声読み上げ ふりがな 閲覧補助 文字サイズ 拡大 標準 背景色 白 黒 青 閉じる 休日・救急医療 安心・ひろめーる AED設置場所 緊急・防災情報 くらし・手続 防災・安全安心 マイナンバーカード・電子証"
"蒲郡市","strong","54","国民健康保険税 - 愛知県蒲郡市公式ホームページ","https://www.city.gamagori.lg.jp/life/1/41/46/","国民健康保険税","国民健康保険税 - 愛知県蒲郡市公式ホームページ ページの先頭です。 メニューを飛ばして本文へ メニュー 検索 JavaScriptが無効のため、文字の大きさ・背景色を変更する機能を使用できません。 本文へ Foreign language 音声読み上げ ふりがな 閲覧補助 文字サイズ 拡大 標準 背景色 白 黒 青 閉じる 休日・救急医療 安心・ひろめーる AED設置場所 緊急・防災情報 くらし・手続 防災・安全安心 マイナンバーカー"
"蒲郡市","strong","54","日本語能力試験受験料補助を行います - 愛知県蒲郡市公式ホームページ","https://www.city.gamagori.lg.jp/unit/kyodo/nihongonouryokushiken.html","日本語能力試験受験料補助を行います","日本語能力試験受験料補助を行います - 愛知県蒲郡市公式ホームページ ページの先頭です。 メニューを飛ばして本文へ メニュー 検索 JavaScriptが無効のため、文字の大きさ・背景色を変更する機能を使用できません。 本文へ Foreign language 音声読み上げ ふりがな 閲覧補助 文字サイズ 拡大 標準 背景色 白 黒 青 閉じる 休日・救急医療 安心・ひろめーる AED設置場所 緊急・防災情報 くらし・手続 防災・安全安"
"蒲郡市","strong","54","空家等管理活用支援法人 - 建築住宅課 - 愛知県蒲郡市公式ホームページ","https://www.city.gamagori.lg.jp/site/kenchiku/akiyakanrisien.html","空家等管理活用支援法人","空家等管理活用支援法人 - 建築住宅課 - 愛知県蒲郡市公式ホームページ ページの先頭です。 メニューを飛ばして本文へ メニュー 検索 JavaScriptが無効のため、文字の大きさ・背景色を変更する機能を使用できません。 本文へ Foreign language 音声読み上げ ふりがな 閲覧補助 文字サイズ 拡大 標準 背景色 白 黒 青 閉じる 休日・救急医療 安心・ひろめーる AED設置場所 緊急・防災情報 くらし・手続 防災・安"
"蒲郡市","strong","54","ベビーシート無料貸し出し事業の廃止について - 愛知県蒲郡市公式ホームページ","https://www.city.gamagori.lg.jp/unit/kotsu/babyseat.html","ベビーシート無料貸し出し事業の廃止について","ベビーシート無料貸し出し事業の廃止について - 愛知県蒲郡市公式ホームページ ページの先頭です。 メニューを飛ばして本文へ メニュー 検索 JavaScriptが無効のため、文字の大きさ・背景色を変更する機能を使用できません。 本文へ Foreign language 音声読み上げ ふりがな 閲覧補助 文字サイズ 拡大 標準 背景色 白 黒 青 閉じる 休日・救急医療 安心・ひろめーる AED設置場所 緊急・防災情報 くらし・手続 防災"
"蒲郡市","strong","54","住居表示 - 愛知県蒲郡市公式ホームページ","https://www.city.gamagori.lg.jp/unit/shimin/jyuukyohyouji2019.html","住居表示","住居表示 - 愛知県蒲郡市公式ホームページ ページの先頭です。 メニューを飛ばして本文へ メニュー 検索 JavaScriptが無効のため、文字の大きさ・背景色を変更する機能を使用できません。 本文へ Foreign language 音声読み上げ ふりがな 閲覧補助 文字サイズ 拡大 標準 背景色 白 黒 青 閉じる 休日・救急医療 安心・ひろめーる AED設置場所 緊急・防災情報 くらし・手続 防災・安全安心 マイナンバーカード・電"
"刈谷市","strong","53","刈谷市多胎児養育費支援金の支給について","https://www.city.kariya.lg.jp/kosodatenavi/1014911/1014913/1016892.html","刈谷市多胎児養育費支援金の支給について","刈谷市多胎児養育費支援金の支給について｜かりや子育て応援ナビ 当ホームページではjavascriptを使用しています。 javascriptの使用を有効にしなければ、一部の機能が正確に動作しない恐れがあります。お手数ですがjavascriptの使用を有効にしてください。 エンターキーを押すと、ナビゲーション部分をスキップし本文へ移動します。 救急のとき いざというときに 災害時の避難所 休日診療案内 防災・減災 気象情報 衣浦東部広域連"
"刈谷市","strong","53","刈谷市多胎児養育費支援金の支給について","https://www.city.kariya.lg.jp/kosodatenavi/1014911/1016830/1016893.html","刈谷市多胎児養育費支援金の支給について","刈谷市多胎児養育費支援金の支給について｜かりや子育て応援ナビ 当ホームページではjavascriptを使用しています。 javascriptの使用を有効にしなければ、一部の機能が正確に動作しない恐れがあります。お手数ですがjavascriptの使用を有効にしてください。 エンターキーを押すと、ナビゲーション部分をスキップし本文へ移動します。 救急のとき いざというときに 災害時の避難所 休日診療案内 防災・減災 気象情報 衣浦東部広域連"
"刈谷市","strong","53","刈谷市多胎児養育費支援金の支給について","https://www.city.kariya.lg.jp/kosodatenavi/1014911/1014915/1016918.html","刈谷市多胎児養育費支援金の支給について","刈谷市多胎児養育費支援金の支給について｜かりや子育て応援ナビ 当ホームページではjavascriptを使用しています。 javascriptの使用を有効にしなければ、一部の機能が正確に動作しない恐れがあります。お手数ですがjavascriptの使用を有効にしてください。 エンターキーを押すと、ナビゲーション部分をスキップし本文へ移動します。 救急のとき いざというときに 災害時の避難所 休日診療案内 防災・減災 気象情報 衣浦東部広域連"
"豊田市","strong","53","被災者生活再建支援金","https://www.city.toyota.aichi.jp/bosaianzen/bosai/1029983/1050917.html","被災者生活再建支援金","被災者生活再建支援金｜豊田市 当ホームページではjavascriptを使用しています。 javascriptの使用を有効にしなければ、一部の機能が正確に動作しない恐れがあります。お手数ですがjavascriptの使用を有効にしてください。 エンターキーを押すと、ナビゲーション部分をスキップし本文へ移動します。 豊田市 TOYOTA CITY サイト メニュー 庁舎案内 Select Language Afrikaans Albanian"
"豊田市","strong","53","キャッシュカードで後期高齢者医療保険料の口座振替の申し込みができます","https://www.city.toyota.aichi.jp/zeihoken/koreishairyo/1073342/1072168.html","キャッシュカードで後期高齢者医療保険料の口座振替の申し込みができます","キャッシュカードで後期高齢者医療保険料の口座振替の申し込みができます｜豊田市 当ホームページではjavascriptを使用しています。 javascriptの使用を有効にしなければ、一部の機能が正確に動作しない恐れがあります。お手数ですがjavascriptの使用を有効にしてください。 エンターキーを押すと、ナビゲーション部分をスキップし本文へ移動します。 豊田市 TOYOTA CITY サイト メニュー 庁舎案内 Select Lan"
"豊田市","strong","53","後期高齢者医療資格確認書等再交付電子申請","https://www.city.toyota.aichi.jp/zeihoken/koreishairyo/1073345/1061777.html","後期高齢者医療資格確認書等再交付電子申請","後期高齢者医療資格確認書等再交付電子申請｜豊田市 当ホームページではjavascriptを使用しています。 javascriptの使用を有効にしなければ、一部の機能が正確に動作しない恐れがあります。お手数ですがjavascriptの使用を有効にしてください。 エンターキーを押すと、ナビゲーション部分をスキップし本文へ移動します。 豊田市 TOYOTA CITY サイト メニュー 庁舎案内 Select Language Afrikaan"
"豊田市","strong","53","後期高齢者医療送付先変更・変更解除電子申請","https://www.city.toyota.aichi.jp/zeihoken/koreishairyo/1073345/1071773.html","後期高齢者医療送付先変更・変更解除電子申請","後期高齢者医療送付先変更・変更解除電子申請｜豊田市 当ホームページではjavascriptを使用しています。 javascriptの使用を有効にしなければ、一部の機能が正確に動作しない恐れがあります。お手数ですがjavascriptの使用を有効にしてください。 エンターキーを押すと、ナビゲーション部分をスキップし本文へ移動します。 豊田市 TOYOTA CITY サイト メニュー 庁舎案内 Select Language Afrikaa"
"豊田市","strong","53","（2026年7月14日公示：福祉医療課）令和7年度 後期高齢者医療保険料額決定通知書兼納入通知書","https://www.city.toyota.aichi.jp/shisei/joho/1009184/1061570/1078109.html","（2026年7月14日公示：福祉医療課）令和7年度 後期高齢者医療保険料額決定通知書兼納入通知書","（2026年7月14日公示：福祉医療課）令和7年度 後期高齢者医療保険料額決定通知書兼納入通知書｜豊田市 当ホームページではjavascriptを使用しています。 javascriptの使用を有効にしなければ、一部の機能が正確に動作しない恐れがあります。お手数ですがjavascriptの使用を有効にしてください。 エンターキーを押すと、ナビゲーション部分をスキップし本文へ移動します。 豊田市 TOYOTA CITY サイト メニュー 庁"
"豊田市","strong","53","豊田市災害見舞金","https://www.city.toyota.aichi.jp/bosaianzen/bosai/1029983/1041771.html","豊田市災害見舞金","豊田市災害見舞金｜豊田市 当ホームページではjavascriptを使用しています。 javascriptの使用を有効にしなければ、一部の機能が正確に動作しない恐れがあります。お手数ですがjavascriptの使用を有効にしてください。 エンターキーを押すと、ナビゲーション部分をスキップし本文へ移動します。 豊田市 TOYOTA CITY サイト メニュー 庁舎案内 Select Language Afrikaans Albanian A"
"豊田市","strong","53","豊田市旭地区空き家情報バンク登録奨励金","https://www.city.toyota.aichi.jp/sumaikankyo/sumaitochi/teiju/1074717.html","豊田市旭地区空き家情報バンク登録奨励金","豊田市旭地区空き家情報バンク登録奨励金｜豊田市 当ホームページではjavascriptを使用しています。 javascriptの使用を有効にしなければ、一部の機能が正確に動作しない恐れがあります。お手数ですがjavascriptの使用を有効にしてください。 エンターキーを押すと、ナビゲーション部分をスキップし本文へ移動します。 豊田市 TOYOTA CITY サイト メニュー 庁舎案内 Select Language Afrikaans"
"豊田市","strong","53","旭の空き家相談窓口","https://www.city.toyota.aichi.jp/sumaikankyo/sumaitochi/teiju/1074718.html","旭の空き家相談窓口","旭の空き家相談窓口｜豊田市 当ホームページではjavascriptを使用しています。 javascriptの使用を有効にしなければ、一部の機能が正確に動作しない恐れがあります。お手数ですがjavascriptの使用を有効にしてください。 エンターキーを押すと、ナビゲーション部分をスキップし本文へ移動します。 豊田市 TOYOTA CITY サイト メニュー 庁舎案内 Select Language Afrikaans Albanian "
"豊田市","strong","53","豊田市教育委員会名義後援及び賞交付申請書","https://www.city.toyota.aichi.jp/kosodategakko/kyoikuiinkai/1002741.html","豊田市教育委員会名義後援及び賞交付申請書","豊田市教育委員会名義後援及び賞交付申請書｜豊田市 当ホームページではjavascriptを使用しています。 javascriptの使用を有効にしなければ、一部の機能が正確に動作しない恐れがあります。お手数ですがjavascriptの使用を有効にしてください。 エンターキーを押すと、ナビゲーション部分をスキップし本文へ移動します。 豊田市 TOYOTA CITY サイト メニュー 庁舎案内 Select Language Afrikaan"
"蒲郡市","strong","53","妊婦さんや小さいお子様がいる家庭の防災対策について - 蒲郡市保健医療センター - 愛知県蒲郡市公式ホームページ","https://www.city.gamagori.lg.jp/site/hokencenter/ninpukodomobousai.html","妊婦さんや小さいお子様がいる家庭の防災対策について","妊婦さんや小さいお子様がいる家庭の防災対策について - 蒲郡市保健医療センター - 愛知県蒲郡市公式ホームページ ページの先頭です。 メニューを飛ばして本文へ メニュー 検索 JavaScriptが無効のため、文字の大きさ・背景色を変更する機能を使用できません。 本文へ Foreign language 音声読み上げ ふりがな 閲覧補助 文字サイズ 拡大 標準 背景色 白 黒 青 閉じる 休日・救急医療 安心・ひろめーる AED設置場所"
"刈谷市","strong","52","子育て","https://www.city.kariya.lg.jp/kosodate/index.html","子育て","子育て｜刈谷市ホームページ 当ホームページではjavascriptを使用しています。 javascriptの使用を有効にしなければ、一部の機能が正確に動作しない恐れがあります。お手数ですがjavascriptの使用を有効にしてください。 エンターキーを押すと、ナビゲーション部分をスキップし本文へ移動します。 サイトマップ 文字サイズ・配色の変更 Foreign Language English portugues 한국어 中文（简化字）"
"刈谷市","strong","52","妊娠・出産・子育て","https://www.city.kariya.lg.jp/kosodate/syussan/index.html","妊娠・出産・子育て","妊娠・出産・子育て｜刈谷市ホームページ 当ホームページではjavascriptを使用しています。 javascriptの使用を有効にしなければ、一部の機能が正確に動作しない恐れがあります。お手数ですがjavascriptの使用を有効にしてください。 エンターキーを押すと、ナビゲーション部分をスキップし本文へ移動します。 サイトマップ 文字サイズ・配色の変更 Foreign Language English portugues 한국어 中"
"刈谷市","strong","52","高齢・介護","https://www.city.kariya.lg.jp/lifeevent/l_koureisha/index.html","高齢・介護","高齢・介護｜刈谷市ホームページ 当ホームページではjavascriptを使用しています。 javascriptの使用を有効にしなければ、一部の機能が正確に動作しない恐れがあります。お手数ですがjavascriptの使用を有効にしてください。 エンターキーを押すと、ナビゲーション部分をスキップし本文へ移動します。 サイトマップ 文字サイズ・配色の変更 Foreign Language English portugues 한국어 中文（简化"
"刈谷市","strong","52","ごみ・資源・リサイクル","https://www.city.kariya.lg.jp/kurashi/gomi/index.html","ごみ・資源・リサイクル","ごみ・資源・リサイクル｜刈谷市ホームページ 当ホームページではjavascriptを使用しています。 javascriptの使用を有効にしなければ、一部の機能が正確に動作しない恐れがあります。お手数ですがjavascriptの使用を有効にしてください。 エンターキーを押すと、ナビゲーション部分をスキップし本文へ移動します。 サイトマップ 文字サイズ・配色の変更 Foreign Language English portugues 한국어"
"刈谷市","strong","52","事業者の方への情報","https://www.city.kariya.lg.jp/kurashi/gomi/syuusyuu/index.html","事業者の方への情報","事業者の方への情報｜刈谷市ホームページ 当ホームページではjavascriptを使用しています。 javascriptの使用を有効にしなければ、一部の機能が正確に動作しない恐れがあります。お手数ですがjavascriptの使用を有効にしてください。 エンターキーを押すと、ナビゲーション部分をスキップし本文へ移動します。 サイトマップ 文字サイズ・配色の変更 Foreign Language English portugues 한국어 中"
"刈谷市","strong","52","愛知県地域住宅整備計画（愛知県地域住宅計画）","https://www.city.kariya.lg.jp/kurashi/sumai/1003861.html","愛知県地域住宅整備計画（愛知県地域住宅計画）","愛知県地域住宅整備計画（愛知県地域住宅計画）｜刈谷市ホームページ 当ホームページではjavascriptを使用しています。 javascriptの使用を有効にしなければ、一部の機能が正確に動作しない恐れがあります。お手数ですがjavascriptの使用を有効にしてください。 エンターキーを押すと、ナビゲーション部分をスキップし本文へ移動します。 サイトマップ 文字サイズ・配色の変更 Foreign Language English po"
"刈谷市","strong","52","各種届出・申告","https://www.city.kariya.lg.jp/sangyo/shinkoku/index.html","各種届出・申告","各種届出・申告｜刈谷市ホームページ 当ホームページではjavascriptを使用しています。 javascriptの使用を有効にしなければ、一部の機能が正確に動作しない恐れがあります。お手数ですがjavascriptの使用を有効にしてください。 エンターキーを押すと、ナビゲーション部分をスキップし本文へ移動します。 サイトマップ 文字サイズ・配色の変更 Foreign Language English portugues 한국어 中文（"
"刈谷市","strong","52","人生の出来事から探す","https://www.city.kariya.lg.jp/lifeevent/index.html","人生の出来事から探す","人生の出来事から探す｜刈谷市ホームページ 当ホームページではjavascriptを使用しています。 javascriptの使用を有効にしなければ、一部の機能が正確に動作しない恐れがあります。お手数ですがjavascriptの使用を有効にしてください。 エンターキーを押すと、ナビゲーション部分をスキップし本文へ移動します。 サイトマップ 文字サイズ・配色の変更 Foreign Language English portugues 한국어 "
"刈谷市","strong","52","防災設備","https://www.city.kariya.lg.jp/kurashi/anshin/1019751/index.html","防災設備","防災設備｜刈谷市ホームページ 当ホームページではjavascriptを使用しています。 javascriptの使用を有効にしなければ、一部の機能が正確に動作しない恐れがあります。お手数ですがjavascriptの使用を有効にしてください。 エンターキーを押すと、ナビゲーション部分をスキップし本文へ移動します。 サイトマップ 文字サイズ・配色の変更 Foreign Language English portugues 한국어 中文（简化字"
"刈谷市","strong","52","ガイドブック・マニュアル","https://www.city.kariya.lg.jp/kurashi/anshin/1019754/index.html","ガイドブック・マニュアル","ガイドブック・マニュアル｜刈谷市ホームページ 当ホームページではjavascriptを使用しています。 javascriptの使用を有効にしなければ、一部の機能が正確に動作しない恐れがあります。お手数ですがjavascriptの使用を有効にしてください。 エンターキーを押すと、ナビゲーション部分をスキップし本文へ移動します。 サイトマップ 文字サイズ・配色の変更 Foreign Language English portugues 한국"
"豊田市","strong","52","防災に関する補助・支援","https://www.city.toyota.aichi.jp/bosaianzen/bosai/1073249/bousaishien/index.html","防災に関する補助・支援","防災に関する補助・支援｜豊田市 当ホームページではjavascriptを使用しています。 javascriptの使用を有効にしなければ、一部の機能が正確に動作しない恐れがあります。お手数ですがjavascriptの使用を有効にしてください。 エンターキーを押すと、ナビゲーション部分をスキップし本文へ移動します。 豊田市 TOYOTA CITY サイト メニュー 庁舎案内 Select Language Afrikaans Albania"
"豊田市","strong","52","商業振興","https://www.city.toyota.aichi.jp/sangyo/shogyo/index.html","商業振興","商業振興｜豊田市 当ホームページではjavascriptを使用しています。 javascriptの使用を有効にしなければ、一部の機能が正確に動作しない恐れがあります。お手数ですがjavascriptの使用を有効にしてください。 エンターキーを押すと、ナビゲーション部分をスキップし本文へ移動します。 豊田市 TOYOTA CITY サイト メニュー 庁舎案内 Select Language Afrikaans Albanian Amhar"
"豊田市","strong","52","補助・助成","https://www.city.toyota.aichi.jp/shisei/machizukuri/hojo/index.html","補助・助成","補助・助成｜豊田市 当ホームページではjavascriptを使用しています。 javascriptの使用を有効にしなければ、一部の機能が正確に動作しない恐れがあります。お手数ですがjavascriptの使用を有効にしてください。 エンターキーを押すと、ナビゲーション部分をスキップし本文へ移動します。 豊田市 TOYOTA CITY サイト メニュー 庁舎案内 Select Language Afrikaans Albanian Amha"
"豊田市","strong","52","医療にかかわる手当・助成","https://www.city.toyota.aichi.jp/kosodategakko/kosodate/teate/1073765/index.html","医療にかかわる手当・助成","医療にかかわる手当・助成｜豊田市 当ホームページではjavascriptを使用しています。 javascriptの使用を有効にしなければ、一部の機能が正確に動作しない恐れがあります。お手数ですがjavascriptの使用を有効にしてください。 エンターキーを押すと、ナビゲーション部分をスキップし本文へ移動します。 豊田市 TOYOTA CITY サイト メニュー 庁舎案内 Select Language Afrikaans Albani"
"刈谷市","strong","51","障害福祉［よくある質問］","https://www.city.kariya.lg.jp/faq/q_kurashi/q_fukushi/1002358/index.html","障害福祉［よくある質問］","障害福祉［よくある質問］｜刈谷市ホームページ 当ホームページではjavascriptを使用しています。 javascriptの使用を有効にしなければ、一部の機能が正確に動作しない恐れがあります。お手数ですがjavascriptの使用を有効にしてください。 エンターキーを押すと、ナビゲーション部分をスキップし本文へ移動します。 サイトマップ 文字サイズ・配色の変更 Foreign Language English portugues 한국"
"豊田市","strong","51","国民年金保険料の免除等の申請","https://www.city.toyota.aichi.jp/zeihoken/nenkin/1073624/1023711.html","国民年金保険料の免除等の申請","国民年金保険料の免除等の申請｜豊田市 当ホームページではjavascriptを使用しています。 javascriptの使用を有効にしなければ、一部の機能が正確に動作しない恐れがあります。お手数ですがjavascriptの使用を有効にしてください。 エンターキーを押すと、ナビゲーション部分をスキップし本文へ移動します。 豊田市 TOYOTA CITY サイト メニュー 庁舎案内 Select Language Afrikaans Alba"
"豊田市","strong","51","軽自動車税（種別割）の減免制度","https://www.city.toyota.aichi.jp/zeihoken/keizidosha/1073334/1002901.html","軽自動車税（種別割）の減免制度","軽自動車税（種別割）の減免制度｜豊田市 当ホームページではjavascriptを使用しています。 javascriptの使用を有効にしなければ、一部の機能が正確に動作しない恐れがあります。お手数ですがjavascriptの使用を有効にしてください。 エンターキーを押すと、ナビゲーション部分をスキップし本文へ移動します。 豊田市 TOYOTA CITY サイト メニュー 庁舎案内 Select Language Afrikaans Alb"
"豊田市","strong","51","豊田の保健福祉","https://www.city.toyota.aichi.jp/kenkoiryo/fukushikeikaku/1002972.html","豊田の保健福祉","豊田の保健福祉｜豊田市 当ホームページではjavascriptを使用しています。 javascriptの使用を有効にしなければ、一部の機能が正確に動作しない恐れがあります。お手数ですがjavascriptの使用を有効にしてください。 エンターキーを押すと、ナビゲーション部分をスキップし本文へ移動します。 豊田市 TOYOTA CITY サイト メニュー 庁舎案内 Select Language Afrikaans Albanian Am"
"豊田市","strong","51","おいでんバスの高齢者向け定期券「おでかけパス70」購入者に期間限定クーポン券を配布します","https://www.city.toyota.aichi.jp/sumaikankyo/dorokotsu/1073632/bus/1070077.html","おいでんバスの高齢者向け定期券「おでかけパス70」購入者に期間限定クーポン券を配布します","おいでんバスの高齢者向け定期券「おでかけパス70」購入者に期間限定クーポン券を配布します｜豊田市 当ホームページではjavascriptを使用しています。 javascriptの使用を有効にしなければ、一部の機能が正確に動作しない恐れがあります。お手数ですがjavascriptの使用を有効にしてください。 エンターキーを押すと、ナビゲーション部分をスキップし本文へ移動します。 豊田市 TOYOTA CITY サイト メニュー 庁舎案内 "
"豊田市","strong","51","【子育て中の保護者】⼦どもをのばす親になれる講座（2026年8月5日～2026年9月11日）","https://www.city.toyota.aichi.jp/kosodategakko/seishonen/1073330/1027171/1072724/1077895.html","【子育て中の保護者】⼦どもをのばす親になれる講座（2026年8月5日～2026年9月11日）","【子育て中の保護者】⼦どもをのばす親になれる講座（2026年8月5日～2026年9月11日）｜豊田市 当ホームページではjavascriptを使用しています。 javascriptの使用を有効にしなければ、一部の機能が正確に動作しない恐れがあります。お手数ですがjavascriptの使用を有効にしてください。 エンターキーを押すと、ナビゲーション部分をスキップし本文へ移動します。 豊田市 TOYOTA CITY サイト メニュー 庁舎案"
"豊田市","strong","51","報道発表資料 中小企業者向けに脱炭素経営に関する相談窓口及び個別コンサルティングを実施します","https://www.city.toyota.aichi.jp/pressrelease/1076558/1076635.html","報道発表資料 中小企業者向けに脱炭素経営に関する相談窓口及び個別コンサルティングを実施します","報道発表資料 中小企業者向けに脱炭素経営に関する相談窓口及び個別コンサルティングを実施します｜豊田市 当ホームページではjavascriptを使用しています。 javascriptの使用を有効にしなければ、一部の機能が正確に動作しない恐れがあります。お手数ですがjavascriptの使用を有効にしてください。 エンターキーを押すと、ナビゲーション部分をスキップし本文へ移動します。 豊田市 TOYOTA CITY サイト メニュー 庁舎案"
"豊田市","strong","51","証明書・閲覧の発行場所","https://www.city.toyota.aichi.jp/torokushomei/shomeisho/1011593.html","証明書・閲覧の発行場所","証明書・閲覧の発行場所｜豊田市 当ホームページではjavascriptを使用しています。 javascriptの使用を有効にしなければ、一部の機能が正確に動作しない恐れがあります。お手数ですがjavascriptの使用を有効にしてください。 エンターキーを押すと、ナビゲーション部分をスキップし本文へ移動します。 豊田市 TOYOTA CITY サイト メニュー 庁舎案内 Select Language Afrikaans Albania"
"豊田市","strong","51","住宅の敷地規模について","https://www.city.toyota.aichi.jp/sumaikankyo/sumaitochi/kaoku/1003649.html","住宅の敷地規模について","住宅の敷地規模について｜豊田市 当ホームページではjavascriptを使用しています。 javascriptの使用を有効にしなければ、一部の機能が正確に動作しない恐れがあります。お手数ですがjavascriptの使用を有効にしてください。 エンターキーを押すと、ナビゲーション部分をスキップし本文へ移動します。 豊田市 TOYOTA CITY サイト メニュー 庁舎案内 Select Language Afrikaans Albania"
"豊田市","strong","51","小学校就学前の子どもを対象とした多様な集団活動事業の利用支援事業の実施","https://www.city.toyota.aichi.jp/kosodategakko/kosodate/azukari/1046117.html","小学校就学前の子どもを対象とした多様な集団活動事業の利用支援事業の実施","小学校就学前の子どもを対象とした多様な集団活動事業の利用支援事業の実施｜豊田市 当ホームページではjavascriptを使用しています。 javascriptの使用を有効にしなければ、一部の機能が正確に動作しない恐れがあります。お手数ですがjavascriptの使用を有効にしてください。 エンターキーを押すと、ナビゲーション部分をスキップし本文へ移動します。 豊田市 TOYOTA CITY サイト メニュー 庁舎案内 Select La"
"豊田市","strong","51","2ndパパママ教室","https://www.city.toyota.aichi.jp/event/child/1009078.html","2ndマタニティ教室「2人目からの子育て」","2ndパパママ教室｜豊田市 当ホームページではjavascriptを使用しています。 javascriptの使用を有効にしなければ、一部の機能が正確に動作しない恐れがあります。お手数ですがjavascriptの使用を有効にしてください。 エンターキーを押すと、ナビゲーション部分をスキップし本文へ移動します。 豊田市 TOYOTA CITY サイト メニュー 庁舎案内 Select Language Afrikaans Albanian "
"豊田市","strong","51","多胎妊産婦等支援事業","https://www.city.toyota.aichi.jp/kosodategakko/ninshin/1073642/1054444.html","多胎妊産婦等支援事業","多胎妊産婦等支援事業｜豊田市 当ホームページではjavascriptを使用しています。 javascriptの使用を有効にしなければ、一部の機能が正確に動作しない恐れがあります。お手数ですがjavascriptの使用を有効にしてください。 エンターキーを押すと、ナビゲーション部分をスキップし本文へ移動します。 豊田市 TOYOTA CITY サイト メニュー 庁舎案内 Select Language Afrikaans Albanian"
"豊田市","strong","51","母子保健推進員","https://www.city.toyota.aichi.jp/kosodategakko/ninshin/1073642/1039312.html","母子保健推進員","母子保健推進員｜豊田市 当ホームページではjavascriptを使用しています。 javascriptの使用を有効にしなければ、一部の機能が正確に動作しない恐れがあります。お手数ですがjavascriptの使用を有効にしてください。 エンターキーを押すと、ナビゲーション部分をスキップし本文へ移動します。 豊田市 TOYOTA CITY サイト メニュー 庁舎案内 Select Language Afrikaans Albanian Am"
"西尾市","strong","51","予防接種による健康被害救済制度","https://www.city.nishio.aichi.jp/kenkofukushi/kenshin/1004765/1009720.html","予防接種による健康被害救済制度","予防接種による健康被害救済制度｜西尾市公式ウェブサイト 当ホームページではjavascriptを使用しています。 javascriptの使用を有効にしなければ、一部の機能が正確に動作しない恐れがあります。お手数ですがjavascriptの使用を有効にしてください。 エンターキーを押すと、ナビゲーション部分をスキップし本文へ移動します。 サイトマップ Select Language English 中文（简体字） 中文（繁體字） 한국어 "
"蒲郡市","strong","51","上記以外の方も医療機関で風しん抗体検査を受診できます - 蒲郡市保健医療センター - 愛知県蒲郡市公式ホームページ","https://www.city.gamagori.lg.jp/site/hokencenter/fushin-hoka.html","上記以外の方も医療機関で風しん抗体検査を受診できます","上記以外の方も医療機関で風しん抗体検査を受診できます - 蒲郡市保健医療センター - 愛知県蒲郡市公式ホームページ ページの先頭です。 メニューを飛ばして本文へ メニュー 検索 JavaScriptが無効のため、文字の大きさ・背景色を変更する機能を使用できません。 本文へ Foreign language 音声読み上げ ふりがな 閲覧補助 文字サイズ 拡大 標準 背景色 白 黒 青 閉じる 休日・救急医療 安心・ひろめーる AED設置場"
"蒲郡市","strong","51","蒲郡市運動サポートセンター - 蒲郡市保健医療センター - 愛知県蒲郡市公式ホームページ","https://www.city.gamagori.lg.jp/site/hokencenter/undo-support.html","蒲郡市保健医療センターメニュー","蒲郡市運動サポートセンター - 蒲郡市保健医療センター - 愛知県蒲郡市公式ホームページ ページの先頭です。 メニューを飛ばして本文へ メニュー 検索 JavaScriptが無効のため、文字の大きさ・背景色を変更する機能を使用できません。 本文へ Foreign language 音声読み上げ ふりがな 閲覧補助 文字サイズ 拡大 標準 背景色 白 黒 青 閉じる 休日・救急医療 安心・ひろめーる AED設置場所 緊急・防災情報 くらし"
"蒲郡市","strong","51","蒲郡腎臓病ネットワーク - 蒲郡市保健医療センター - 愛知県蒲郡市公式ホームページ","https://www.city.gamagori.lg.jp/site/hokencenter/jinzoubyo-network.html","蒲郡市保健医療センターメニュー","蒲郡腎臓病ネットワーク - 蒲郡市保健医療センター - 愛知県蒲郡市公式ホームページ ページの先頭です。 メニューを飛ばして本文へ メニュー 検索 JavaScriptが無効のため、文字の大きさ・背景色を変更する機能を使用できません。 本文へ Foreign language 音声読み上げ ふりがな 閲覧補助 文字サイズ 拡大 標準 背景色 白 黒 青 閉じる 休日・救急医療 安心・ひろめーる AED設置場所 緊急・防災情報 くらし・手"
"蒲郡市","strong","51","水道課 - 愛知県蒲郡市公式ホームページ","https://www.city.gamagori.lg.jp/site/suido/","水道課","水道課 - 愛知県蒲郡市公式ホームページ ページの先頭です。 メニューを飛ばして本文へ メニュー 検索 JavaScriptが無効のため、文字の大きさ・背景色を変更する機能を使用できません。 本文へ Foreign language 音声読み上げ ふりがな 閲覧補助 文字サイズ 拡大 標準 背景色 白 黒 青 閉じる 休日・救急医療 安心・ひろめーる AED設置場所 緊急・防災情報 くらし・手続 防災・安全安心 マイナンバーカード・電子"
"刈谷市","strong","50","住宅","https://www.city.kariya.lg.jp/lifeevent/l_jyutaku/index.html","住宅","住宅｜刈谷市ホームページ 当ホームページではjavascriptを使用しています。 javascriptの使用を有効にしなければ、一部の機能が正確に動作しない恐れがあります。お手数ですがjavascriptの使用を有効にしてください。 エンターキーを押すと、ナビゲーション部分をスキップし本文へ移動します。 サイトマップ 文字サイズ・配色の変更 Foreign Language English portugues 한국어 中文（简化字） "
"刈谷市","strong","50","妊娠・出産・子育て","https://www.city.kariya.lg.jp/lifeevent/l_shussan/index.html","妊娠・出産・子育て","妊娠・出産・子育て｜刈谷市ホームページ 当ホームページではjavascriptを使用しています。 javascriptの使用を有効にしなければ、一部の機能が正確に動作しない恐れがあります。お手数ですがjavascriptの使用を有効にしてください。 エンターキーを押すと、ナビゲーション部分をスキップし本文へ移動します。 サイトマップ 文字サイズ・配色の変更 Foreign Language English portugues 한국어 中"
"刈谷市","strong","50","住まいの助成・支援","https://www.city.kariya.lg.jp/lifeevent/l_jyutaku/1007010/index.html","住まいの助成・支援","住まいの助成・支援｜刈谷市ホームページ 当ホームページではjavascriptを使用しています。 javascriptの使用を有効にしなければ、一部の機能が正確に動作しない恐れがあります。お手数ですがjavascriptの使用を有効にしてください。 エンターキーを押すと、ナビゲーション部分をスキップし本文へ移動します。 サイトマップ 文字サイズ・配色の変更 Foreign Language English portugues 한국어 中"
"刈谷市","strong","50","妊娠・出産・子育て","https://www.city.kariya.lg.jp/mokuteki/riyou/1007193/index.html","妊娠・出産・子育て","妊娠・出産・子育て｜刈谷市ホームページ 当ホームページではjavascriptを使用しています。 javascriptの使用を有効にしなければ、一部の機能が正確に動作しない恐れがあります。お手数ですがjavascriptの使用を有効にしてください。 エンターキーを押すと、ナビゲーション部分をスキップし本文へ移動します。 サイトマップ 文字サイズ・配色の変更 Foreign Language English portugues 한국어 中"
"刈谷市","strong","50","各種補助・融資あっせん制度","https://www.city.kariya.lg.jp/kurashi/gesuido/assenn/index.html","各種補助・融資あっせん制度","各種補助・融資あっせん制度｜刈谷市ホームページ 当ホームページではjavascriptを使用しています。 javascriptの使用を有効にしなければ、一部の機能が正確に動作しない恐れがあります。お手数ですがjavascriptの使用を有効にしてください。 エンターキーを押すと、ナビゲーション部分をスキップし本文へ移動します。 サイトマップ 文字サイズ・配色の変更 Foreign Language English portugues 한"
"刈谷市","strong","50","地域・協働・国際多文化","https://www.city.kariya.lg.jp/kurashi/shiminkyodo/index.html","地域・協働・国際多文化","地域・協働・国際多文化｜刈谷市ホームページ 当ホームページではjavascriptを使用しています。 javascriptの使用を有効にしなければ、一部の機能が正確に動作しない恐れがあります。お手数ですがjavascriptの使用を有効にしてください。 エンターキーを押すと、ナビゲーション部分をスキップし本文へ移動します。 サイトマップ 文字サイズ・配色の変更 Foreign Language English portugues 한국어"
"刈谷市","strong","50","各種補助金について","https://www.city.kariya.lg.jp/kurashi/shiminkyodo/1004076/index.html","各種補助金について","各種補助金について｜刈谷市ホームページ 当ホームページではjavascriptを使用しています。 javascriptの使用を有効にしなければ、一部の機能が正確に動作しない恐れがあります。お手数ですがjavascriptの使用を有効にしてください。 エンターキーを押すと、ナビゲーション部分をスキップし本文へ移動します。 サイトマップ 文字サイズ・配色の変更 Foreign Language English portugues 한국어 中"
"刈谷市","strong","50","施設情報","https://www.city.kariya.lg.jp/shisetsu/index.html","施設情報","施設情報｜刈谷市ホームページ 当ホームページではjavascriptを使用しています。 javascriptの使用を有効にしなければ、一部の機能が正確に動作しない恐れがあります。お手数ですがjavascriptの使用を有効にしてください。 エンターキーを押すと、ナビゲーション部分をスキップし本文へ移動します。 サイトマップ 文字サイズ・配色の変更 Foreign Language English portugues 한국어 中文（简化字"
"刈谷市","strong","50","農業","https://www.city.kariya.lg.jp/sangyo/nougyo/index.html","農業","農業｜刈谷市ホームページ 当ホームページではjavascriptを使用しています。 javascriptの使用を有効にしなければ、一部の機能が正確に動作しない恐れがあります。お手数ですがjavascriptの使用を有効にしてください。 エンターキーを押すと、ナビゲーション部分をスキップし本文へ移動します。 サイトマップ 文字サイズ・配色の変更 Foreign Language English portugues 한국어 中文（简化字） "
"刈谷市","strong","50","林業","https://www.city.kariya.lg.jp/sangyo/ringyo/index.html","林業","林業｜刈谷市ホームページ 当ホームページではjavascriptを使用しています。 javascriptの使用を有効にしなければ、一部の機能が正確に動作しない恐れがあります。お手数ですがjavascriptの使用を有効にしてください。 エンターキーを押すと、ナビゲーション部分をスキップし本文へ移動します。 サイトマップ 文字サイズ・配色の変更 Foreign Language English portugues 한국어 中文（简化字） "
"刈谷市","strong","50","産業・ビジネス","https://www.city.kariya.lg.jp/sangyo/index.html","産業・ビジネス","産業・ビジネス｜刈谷市ホームページ 当ホームページではjavascriptを使用しています。 javascriptの使用を有効にしなければ、一部の機能が正確に動作しない恐れがあります。お手数ですがjavascriptの使用を有効にしてください。 エンターキーを押すと、ナビゲーション部分をスキップし本文へ移動します。 サイトマップ 文字サイズ・配色の変更 Foreign Language English portugues 한국어 中文（"
"刈谷市","strong","50","市の組織","https://www.city.kariya.lg.jp/shisei/soshiki/index.html","市の組織","市の組織｜刈谷市ホームページ 当ホームページではjavascriptを使用しています。 javascriptの使用を有効にしなければ、一部の機能が正確に動作しない恐れがあります。お手数ですがjavascriptの使用を有効にしてください。 エンターキーを押すと、ナビゲーション部分をスキップし本文へ移動します。 サイトマップ 文字サイズ・配色の変更 Foreign Language English portugues 한국어 中文（简化字"
"刈谷市","strong","50","福祉健康部","https://www.city.kariya.lg.jp/shisei/soshiki/fukushikenko/index.html","福祉健康部","福祉健康部｜刈谷市ホームページ 当ホームページではjavascriptを使用しています。 javascriptの使用を有効にしなければ、一部の機能が正確に動作しない恐れがあります。お手数ですがjavascriptの使用を有効にしてください。 エンターキーを押すと、ナビゲーション部分をスキップし本文へ移動します。 サイトマップ 文字サイズ・配色の変更 Foreign Language English portugues 한국어 中文（简化"
"刈谷市","strong","50","日常生活から探す","https://www.city.kariya.lg.jp/mokuteki/index.html","日常生活から探す","日常生活から探す｜刈谷市ホームページ 当ホームページではjavascriptを使用しています。 javascriptの使用を有効にしなければ、一部の機能が正確に動作しない恐れがあります。お手数ですがjavascriptの使用を有効にしてください。 エンターキーを押すと、ナビゲーション部分をスキップし本文へ移動します。 サイトマップ 文字サイズ・配色の変更 Foreign Language English portugues 한국어 中文"
"刈谷市","strong","50","まちづくり","https://www.city.kariya.lg.jp/faq/q_shisei/1021625/index.html","まちづくり","まちづくり｜刈谷市ホームページ 当ホームページではjavascriptを使用しています。 javascriptの使用を有効にしなければ、一部の機能が正確に動作しない恐れがあります。お手数ですがjavascriptの使用を有効にしてください。 エンターキーを押すと、ナビゲーション部分をスキップし本文へ移動します。 サイトマップ 文字サイズ・配色の変更 Foreign Language English portugues 한국어 中文（简化"
"刈谷市","strong","50","キッズクラブ","https://www.city.kariya.lg.jp/kurashi/syogaigakusyu/manabitai/1004153/index.html","キッズクラブ","キッズクラブ｜刈谷市ホームページ 当ホームページではjavascriptを使用しています。 javascriptの使用を有効にしなければ、一部の機能が正確に動作しない恐れがあります。お手数ですがjavascriptの使用を有効にしてください。 エンターキーを押すと、ナビゲーション部分をスキップし本文へ移動します。 サイトマップ 文字サイズ・配色の変更 Foreign Language English portugues 한국어 中文（简"
"豊田市","strong","50","妊婦等包括相談支援事業","https://www.city.toyota.aichi.jp/kosodategakko/ninshin/1073642/1068057/index.html","妊婦等包括相談支援事業／妊婦のための支援給付事業","妊婦等包括相談支援事業／妊婦のための支援給付事業｜豊田市 当ホームページではjavascriptを使用しています。 javascriptの使用を有効にしなければ、一部の機能が正確に動作しない恐れがあります。お手数ですがjavascriptの使用を有効にしてください。 エンターキーを押すと、ナビゲーション部分をスキップし本文へ移動します。 豊田市 TOYOTA CITY サイト メニュー 庁舎案内 Select Language Afri"
"豊田市","strong","50","令和8年度 豊田市人材活躍支援補助金","https://www.city.toyota.aichi.jp/sangyo/sogyokeiei/1073280/1074810/index.html","令和8年度 豊田市人材活躍支援補助金","令和8年度 豊田市人材活躍支援補助金｜豊田市 当ホームページではjavascriptを使用しています。 javascriptの使用を有効にしなければ、一部の機能が正確に動作しない恐れがあります。お手数ですがjavascriptの使用を有効にしてください。 エンターキーを押すと、ナビゲーション部分をスキップし本文へ移動します。 豊田市 TOYOTA CITY サイト メニュー 庁舎案内 Select Language Afrikaans "
"安城市","strong","50","安城市","https://www.city.anjo.aichi.jp/kurasu/kosodate/ninpunotamenoshienkyuhu.html","妊婦のための支援給付・妊婦等包括相談支援事業","安城市／妊婦のための支援給付 このサイトではJavaScriptを使用したコンテンツ・機能を提供しています。JavaScriptを有効にするとご利用いただけます。 本文へスキップします。 安城市 受け継ぐ想いを 未来へ届ける 望遠郷 サイト内検索 ページID検索 設定 文字サイズ・色合い変更 Language メニュー 閉じる 緊急 情報 緊急情報 閉じる ホーム 生活・サービス 教育・学習 観光・文化・スポーツ 産業・入札 市政情報 "
"安城市","strong","50","安城市","https://www.city.anjo.aichi.jp/kurasu/sumai/akiya-jokyaku.html","老朽空き家の除却費補助制度","安城市／空き家除却費補助金 このサイトではJavaScriptを使用したコンテンツ・機能を提供しています。JavaScriptを有効にするとご利用いただけます。 本文へスキップします。 安城市 受け継ぐ想いを 未来へ届ける 望遠郷 サイト内検索 ページID検索 設定 文字サイズ・色合い変更 Language メニュー 閉じる 緊急 情報 緊急情報 閉じる ホーム 生活・サービス 教育・学習 観光・文化・スポーツ 産業・入札 市政情報 ホ"
"安城市","strong","50","安城市","https://www.city.anjo.aichi.jp/kurasu/zeikin/kotei/barrier-freegengaku.html","住宅のバリアフリー改修に伴う固定資産税の減額措置","安城市／住宅のバリアフリー改修に係る固定資産税の減額 このサイトではJavaScriptを使用したコンテンツ・機能を提供しています。JavaScriptを有効にするとご利用いただけます。 本文へスキップします。 安城市 受け継ぐ想いを 未来へ届ける 望遠郷 サイト内検索 ページID検索 設定 文字サイズ・色合い変更 Language メニュー 閉じる 緊急 情報 緊急情報 閉じる ホーム 生活・サービス 教育・学習 観光・文化・スポーツ"
"安城市","strong","50","安城市","https://www.city.anjo.aichi.jp/kurasu/fukushikaigo/shogai/genmen.html","障害者の税金や公共料金の軽減","安城市／税金や公共料金の軽減 このサイトではJavaScriptを使用したコンテンツ・機能を提供しています。JavaScriptを有効にするとご利用いただけます。 本文へスキップします。 安城市 受け継ぐ想いを 未来へ届ける 望遠郷 サイト内検索 ページID検索 設定 文字サイズ・色合い変更 Language メニュー 閉じる 緊急 情報 緊急情報 閉じる ホーム 生活・サービス 教育・学習 観光・文化・スポーツ 産業・入札 市政情報 "
"西尾市","strong","50","病気・けが","https://www.city.nishio.aichi.jp/lifescene/byokikega/index.html","病気・けが","病気・けが｜西尾市公式ウェブサイト 当ホームページではjavascriptを使用しています。 javascriptの使用を有効にしなければ、一部の機能が正確に動作しない恐れがあります。お手数ですがjavascriptの使用を有効にしてください。 エンターキーを押すと、ナビゲーション部分をスキップし本文へ移動します。 サイトマップ Select Language English 中文（简体字） 中文（繁體字） 한국어 Português "
"西尾市","strong","50","介護保険事業者の皆さまへ","https://www.city.nishio.aichi.jp/kenkofukushi/kaigohoken/1001468/index.html","介護保険事業者の皆さまへ","介護保険事業者の皆さまへ｜西尾市公式ウェブサイト 当ホームページではjavascriptを使用しています。 javascriptの使用を有効にしなければ、一部の機能が正確に動作しない恐れがあります。お手数ですがjavascriptの使用を有効にしてください。 エンターキーを押すと、ナビゲーション部分をスキップし本文へ移動します。 サイトマップ Select Language English 中文（简体字） 中文（繁體字） 한국어 Por"
"西尾市","strong","50","よくある質問 国民年金が免除される制度があると聞いたのですが。","https://www.city.nishio.aichi.jp/faq/hoken/1004208.html","国民年金が免除される制度があると聞いたのですが。","よくある質問 国民年金が免除される制度があると聞いたのですが。｜西尾市公式ウェブサイト 当ホームページではjavascriptを使用しています。 javascriptの使用を有効にしなければ、一部の機能が正確に動作しない恐れがあります。お手数ですがjavascriptの使用を有効にしてください。 エンターキーを押すと、ナビゲーション部分をスキップし本文へ移動します。 サイトマップ Select Language English 中文（简"
"西尾市","strong","50","よくある質問 母子、父子家庭で資格を取得するための補助はありますか？","https://www.city.nishio.aichi.jp/faq/kosodae/1004238.html","母子、父子家庭で資格を取得するための補助はありますか？","よくある質問 母子、父子家庭で資格を取得するための補助はありますか？｜西尾市公式ウェブサイト 当ホームページではjavascriptを使用しています。 javascriptの使用を有効にしなければ、一部の機能が正確に動作しない恐れがあります。お手数ですがjavascriptの使用を有効にしてください。 エンターキーを押すと、ナビゲーション部分をスキップし本文へ移動します。 サイトマップ Select Language English 中"
"蒲郡市","strong","50","蒲郡市保健医療センター - 愛知県蒲郡市公式ホームページ","https://www.city.gamagori.lg.jp/site/hokencenter/","蒲郡市保健医療センター","蒲郡市保健医療センター - 愛知県蒲郡市公式ホームページ ページの先頭です。 メニューを飛ばして本文へ メニュー 検索 JavaScriptが無効のため、文字の大きさ・背景色を変更する機能を使用できません。 本文へ Foreign language 音声読み上げ ふりがな 閲覧補助 文字サイズ 拡大 標準 背景色 白 黒 青 閉じる 休日・救急医療 安心・ひろめーる AED設置場所 緊急・防災情報 くらし・手続 防災・安全安心 マイナン"
"蒲郡市","strong","50","愛知県中小企業男性育児休業取得促進奨励金のご案内 - 愛知県蒲郡市公式ホームページ","https://www.city.gamagori.lg.jp/unit/sangyo/dansei-ikuyuu-syoureikin.html","愛知県中小企業男性育児休業取得促進奨励金のご案内","愛知県中小企業男性育児休業取得促進奨励金のご案内 - 愛知県蒲郡市公式ホームページ ページの先頭です。 メニューを飛ばして本文へ メニュー 検索 JavaScriptが無効のため、文字の大きさ・背景色を変更する機能を使用できません。 本文へ Foreign language 音声読み上げ ふりがな 閲覧補助 文字サイズ 拡大 標準 背景色 白 黒 青 閉じる 休日・救急医療 安心・ひろめーる AED設置場所 緊急・防災情報 くらし・手続"
"蒲郡市","strong","50","日本脳炎予防接種 - 蒲郡市保健医療センター - 愛知県蒲郡市公式ホームページ","https://www.city.gamagori.lg.jp/site/hokencenter/nichinouo.html","日本脳炎予防接種","日本脳炎予防接種 - 蒲郡市保健医療センター - 愛知県蒲郡市公式ホームページ ページの先頭です。 メニューを飛ばして本文へ メニュー 検索 JavaScriptが無効のため、文字の大きさ・背景色を変更する機能を使用できません。 本文へ Foreign language 音声読み上げ ふりがな 閲覧補助 文字サイズ 拡大 標準 背景色 白 黒 青 閉じる 休日・救急医療 安心・ひろめーる AED設置場所 緊急・防災情報 くらし・手続 防"
"蒲郡市","strong","50","蒲郡市保健医療センター - 愛知県蒲郡市公式ホームページ","https://www.city.gamagori.lg.jp/site/hokencenter/","蒲郡市保健医療センター","蒲郡市保健医療センター - 愛知県蒲郡市公式ホームページ ページの先頭です。 メニューを飛ばして本文へ メニュー 検索 JavaScriptが無効のため、文字の大きさ・背景色を変更する機能を使用できません。 本文へ Foreign language 音声読み上げ ふりがな 閲覧補助 文字サイズ 拡大 標準 背景色 白 黒 青 閉じる 休日・救急医療 安心・ひろめーる AED設置場所 緊急・防災情報 くらし・手続 防災・安全安心 マイナン"
"蒲郡市","strong","50","教室 - 蒲郡市保健医療センター - 愛知県蒲郡市公式ホームページ","https://www.city.gamagori.lg.jp/site/hokencenter/list296-1140.html","蒲郡市保健医療センターメニュー","教室 - 蒲郡市保健医療センター - 愛知県蒲郡市公式ホームページ ページの先頭です。 メニューを飛ばして本文へ メニュー 検索 JavaScriptが無効のため、文字の大きさ・背景色を変更する機能を使用できません。 本文へ Foreign language 音声読み上げ ふりがな 閲覧補助 文字サイズ 拡大 標準 背景色 白 黒 青 閉じる 休日・救急医療 安心・ひろめーる AED設置場所 緊急・防災情報 くらし・手続 防災・安全安心"
"蒲郡市","strong","50","国際交流協会 - 愛知県蒲郡市公式ホームページ","https://www.city.gamagori.lg.jp/life/1/46/325/","国際交流協会","国際交流協会 - 愛知県蒲郡市公式ホームページ ページの先頭です。 メニューを飛ばして本文へ メニュー 検索 JavaScriptが無効のため、文字の大きさ・背景色を変更する機能を使用できません。 本文へ Foreign language 音声読み上げ ふりがな 閲覧補助 文字サイズ 拡大 標準 背景色 白 黒 青 閉じる 休日・救急医療 安心・ひろめーる AED設置場所 緊急・防災情報 くらし・手続 防災・安全安心 マイナンバーカード"
"刈谷市","strong","49","健康・医療全般［よくある質問］","https://www.city.kariya.lg.jp/faq/q_kurashi/q_kenko/1002306/index.html","健康・医療全般［よくある質問］","健康・医療全般［よくある質問］｜刈谷市ホームページ 当ホームページではjavascriptを使用しています。 javascriptの使用を有効にしなければ、一部の機能が正確に動作しない恐れがあります。お手数ですがjavascriptの使用を有効にしてください。 エンターキーを押すと、ナビゲーション部分をスキップし本文へ移動します。 サイトマップ 文字サイズ・配色の変更 Foreign Language English portugues"
"豊田市","strong","49","医療費や税金の還付をかたった振り込め詐欺にご注意ください！","https://www.city.toyota.aichi.jp/zeihoken/shizei/1002838.html","医療費や税金の還付をかたった振り込め詐欺にご注意ください！","医療費や税金の還付をかたった振り込め詐欺にご注意ください！｜豊田市 当ホームページではjavascriptを使用しています。 javascriptの使用を有効にしなければ、一部の機能が正確に動作しない恐れがあります。お手数ですがjavascriptの使用を有効にしてください。 エンターキーを押すと、ナビゲーション部分をスキップし本文へ移動します。 豊田市 TOYOTA CITY サイト メニュー 庁舎案内 Select Language"
"豊田市","strong","49","後期高齢者医療制度 適用区分について","https://www.city.toyota.aichi.jp/zeihoken/koreishairyo/1026097.html","後期高齢者医療制度 適用区分について","後期高齢者医療制度 適用区分について｜豊田市 当ホームページではjavascriptを使用しています。 javascriptの使用を有効にしなければ、一部の機能が正確に動作しない恐れがあります。お手数ですがjavascriptの使用を有効にしてください。 エンターキーを押すと、ナビゲーション部分をスキップし本文へ移動します。 豊田市 TOYOTA CITY サイト メニュー 庁舎案内 Select Language Afrikaans "
"豊田市","strong","49","国民年金の独自給付制度 付加年金","https://www.city.toyota.aichi.jp/zeihoken/nenkin/1073258/1003301.html","国民年金の独自給付制度 付加年金","国民年金の独自給付制度 付加年金｜豊田市 当ホームページではjavascriptを使用しています。 javascriptの使用を有効にしなければ、一部の機能が正確に動作しない恐れがあります。お手数ですがjavascriptの使用を有効にしてください。 エンターキーを押すと、ナビゲーション部分をスキップし本文へ移動します。 豊田市 TOYOTA CITY サイト メニュー 庁舎案内 Select Language Afrikaans Al"
"豊田市","strong","49","美術館 企画展「アンドリュー・ワイエス展」","https://www.city.toyota.aichi.jp/event/event/1077521.html","美術館 企画展「アンドリュー・ワイエス展」","美術館 企画展「アンドリュー・ワイエス展」｜豊田市 当ホームページではjavascriptを使用しています。 javascriptの使用を有効にしなければ、一部の機能が正確に動作しない恐れがあります。お手数ですがjavascriptの使用を有効にしてください。 エンターキーを押すと、ナビゲーション部分をスキップし本文へ移動します。 豊田市 TOYOTA CITY サイト メニュー 庁舎案内 Select Language Afrikaa"
"豊田市","strong","49","K-TEN.32（2026年8月25日～2026年8月30日）","https://www.city.toyota.aichi.jp/kosodategakko/seishonen/1073330/1027171/1072729/1078095.html","K-TEN.32（2026年8月25日～2026年8月30日）","K-TEN.32（2026年8月25日～2026年8月30日）｜豊田市 当ホームページではjavascriptを使用しています。 javascriptの使用を有効にしなければ、一部の機能が正確に動作しない恐れがあります。お手数ですがjavascriptの使用を有効にしてください。 エンターキーを押すと、ナビゲーション部分をスキップし本文へ移動します。 豊田市 TOYOTA CITY サイト メニュー 庁舎案内 Select Langua"
"豊田市","strong","49","報道発表資料 令和8年6月期賞与（期末・勤勉手当）を支給します","https://www.city.toyota.aichi.jp/pressrelease/1077159/1077845.html","報道発表資料 令和8年6月期賞与（期末・勤勉手当）を支給します","報道発表資料 令和8年6月期賞与（期末・勤勉手当）を支給します｜豊田市 当ホームページではjavascriptを使用しています。 javascriptの使用を有効にしなければ、一部の機能が正確に動作しない恐れがあります。お手数ですがjavascriptの使用を有効にしてください。 エンターキーを押すと、ナビゲーション部分をスキップし本文へ移動します。 豊田市 TOYOTA CITY サイト メニュー 庁舎案内 Select Langua"
"豊田市","strong","49","証明書コンビニ交付サービス（コンビニ交付）","https://www.city.toyota.aichi.jp/torokushomei/shomeisho/1073248/1015948.html","証明書コンビニ交付サービス（コンビニ交付）","証明書コンビニ交付サービス（コンビニ交付）｜豊田市 当ホームページではjavascriptを使用しています。 javascriptの使用を有効にしなければ、一部の機能が正確に動作しない恐れがあります。お手数ですがjavascriptの使用を有効にしてください。 エンターキーを押すと、ナビゲーション部分をスキップし本文へ移動します。 豊田市 TOYOTA CITY サイト メニュー 庁舎案内 Select Language Afrikaa"
"豊田市","strong","49","ふれあい子育て教室","https://www.city.toyota.aichi.jp/event/child/1037601.html","ふれあい子育て教室","ふれあい子育て教室｜豊田市 当ホームページではjavascriptを使用しています。 javascriptの使用を有効にしなければ、一部の機能が正確に動作しない恐れがあります。お手数ですがjavascriptの使用を有効にしてください。 エンターキーを押すと、ナビゲーション部分をスキップし本文へ移動します。 豊田市 TOYOTA CITY サイト メニュー 庁舎案内 Select Language Afrikaans Albanian "
"豊田市","strong","49","豊田市教育特区について","https://www.city.toyota.aichi.jp/kosodategakko/kyoikuiinkai/1002669.html","豊田市教育特区について","豊田市教育特区について｜豊田市 当ホームページではjavascriptを使用しています。 javascriptの使用を有効にしなければ、一部の機能が正確に動作しない恐れがあります。お手数ですがjavascriptの使用を有効にしてください。 エンターキーを押すと、ナビゲーション部分をスキップし本文へ移動します。 豊田市 TOYOTA CITY サイト メニュー 庁舎案内 Select Language Afrikaans Albania"
"豊田市","strong","49","教育委員会 点検・評価","https://www.city.toyota.aichi.jp/kosodategakko/kyoikuiinkai/1002670.html","教育委員会 点検・評価","教育委員会 点検・評価｜豊田市 当ホームページではjavascriptを使用しています。 javascriptの使用を有効にしなければ、一部の機能が正確に動作しない恐れがあります。お手数ですがjavascriptの使用を有効にしてください。 エンターキーを押すと、ナビゲーション部分をスキップし本文へ移動します。 豊田市 TOYOTA CITY サイト メニュー 庁舎案内 Select Language Afrikaans Albania"
"西尾市","strong","49","申請書ダウンロード検索","https://www.city.nishio.aichi.jp/cgi-list/download.cgi?category=110&ys=0&ms=0&ds=0&ye=0&me=0&de=0&text=&format=0&license=0&group=0&sort=1","子育て","申請書ダウンロード検索 当ホームページではjavascriptを使用しています。 javascriptの使用を有効にしなければ、一部の機能が正確に動作しない恐れがあります。お手数ですがjavascriptの使用を有効にしてください。 エンターキーを押すと、ナビゲーション部分をスキップし本文へ移動します。 サイトマップ Select Language English 中文（简体字） 中文（繁體字） 한국어 Português Tagalo"
"西尾市","strong","49","空き家等活用支援プラットフォーム「マチマッチ」","https://www.city.nishio.aichi.jp/shisei/machi/1008986/1011559.html","空き家等活用支援プラットフォーム「マチマッチ」","空き家等活用支援プラットフォーム「マチマッチ」｜西尾市公式ウェブサイト 当ホームページではjavascriptを使用しています。 javascriptの使用を有効にしなければ、一部の機能が正確に動作しない恐れがあります。お手数ですがjavascriptの使用を有効にしてください。 エンターキーを押すと、ナビゲーション部分をスキップし本文へ移動します。 サイトマップ Select Language English 中文（简体字） 中文（繁"
"西尾市","strong","49","西尾市総合福祉センター地中熱利用空調等設備更新事業を実施しました","https://www.city.nishio.aichi.jp/shisetsu/kenkofukushi/1003923.html","西尾市総合福祉センター地中熱利用空調等設備更新事業を実施しました","西尾市総合福祉センター地中熱利用空調等設備更新事業を実施しました｜西尾市公式ウェブサイト 当ホームページではjavascriptを使用しています。 javascriptの使用を有効にしなければ、一部の機能が正確に動作しない恐れがあります。お手数ですがjavascriptの使用を有効にしてください。 エンターキーを押すと、ナビゲーション部分をスキップし本文へ移動します。 サイトマップ Select Language English 中文（"
"西尾市","strong","49","転入届","https://www.city.nishio.aichi.jp/kurashi/koseki/1001378/1001718.html","転入届","転入届｜西尾市公式ウェブサイト 当ホームページではjavascriptを使用しています。 javascriptの使用を有効にしなければ、一部の機能が正確に動作しない恐れがあります。お手数ですがjavascriptの使用を有効にしてください。 エンターキーを押すと、ナビゲーション部分をスキップし本文へ移動します。 サイトマップ Select Language English 中文（简体字） 中文（繁體字） 한국어 Português Ta"
"西尾市","strong","49","おたふくかぜワクチン任意接種費用の一部助成","https://www.city.nishio.aichi.jp/kosodate/kenshin/1001445/1008361.html","おたふくかぜワクチン任意接種費用の一部助成","おたふくかぜワクチン任意接種費用の一部助成｜西尾市公式ウェブサイト 当ホームページではjavascriptを使用しています。 javascriptの使用を有効にしなければ、一部の機能が正確に動作しない恐れがあります。お手数ですがjavascriptの使用を有効にしてください。 エンターキーを押すと、ナビゲーション部分をスキップし本文へ移動します。 サイトマップ Select Language English 中文（简体字） 中文（繁體字"
"蒲郡市","strong","49","蒲郡市空家等適正管理条例 - 建築住宅課 - 愛知県蒲郡市公式ホームページ","https://www.city.gamagori.lg.jp/site/kenchiku/akiyajorei.html","蒲郡市空家等適正管理条例","蒲郡市空家等適正管理条例 - 建築住宅課 - 愛知県蒲郡市公式ホームページ ページの先頭です。 メニューを飛ばして本文へ メニュー 検索 JavaScriptが無効のため、文字の大きさ・背景色を変更する機能を使用できません。 本文へ Foreign language 音声読み上げ ふりがな 閲覧補助 文字サイズ 拡大 標準 背景色 白 黒 青 閉じる 休日・救急医療 安心・ひろめーる AED設置場所 緊急・防災情報 くらし・手続 防災・"
"蒲郡市","strong","49","就職・退職の際に必要な情報をまとめています - 愛知県蒲郡市公式ホームページ","https://www.city.gamagori.lg.jp/site/shigoto/","就職・退職の際に必要な情報をまとめています","就職・退職の際に必要な情報をまとめています - 愛知県蒲郡市公式ホームページ ページの先頭です。 メニューを飛ばして本文へ メニュー 検索 JavaScriptが無効のため、文字の大きさ・背景色を変更する機能を使用できません。 本文へ Foreign language 音声読み上げ ふりがな 閲覧補助 文字サイズ 拡大 標準 背景色 白 黒 青 閉じる 休日・救急医療 安心・ひろめーる AED設置場所 緊急・防災情報 くらし・手続 防災"
"蒲郡市","strong","49","地震・津波への備え - 緊急情報 - 愛知県蒲郡市公式ホームページ","https://www.city.gamagori.lg.jp/site/kinkyu/ji-saigai-sonae.html","地震・津波への備え","地震・津波への備え - 緊急情報 - 愛知県蒲郡市公式ホームページ ページの先頭です。 メニューを飛ばして本文へ メニュー 検索 JavaScriptが無効のため、文字の大きさ・背景色を変更する機能を使用できません。 本文へ Foreign language 音声読み上げ ふりがな 閲覧補助 文字サイズ 拡大 標準 背景色 白 黒 青 閉じる 休日・救急医療 安心・ひろめーる AED設置場所 緊急・防災情報 くらし・手続 防災・安全安心"
"蒲郡市","strong","49","日本赤十字「幼児安全法支援員」養成講習を開催します - 愛知県蒲郡市公式ホームページ","https://www.city.gamagori.lg.jp/unit/kikikanri/sekijyuujiyouji.html","日本赤十字「幼児安全法支援員」養成講習を開催します","日本赤十字「幼児安全法支援員」養成講習を開催します - 愛知県蒲郡市公式ホームページ ページの先頭です。 メニューを飛ばして本文へ メニュー 検索 JavaScriptが無効のため、文字の大きさ・背景色を変更する機能を使用できません。 本文へ Foreign language 音声読み上げ ふりがな 閲覧補助 文字サイズ 拡大 標準 背景色 白 黒 青 閉じる 休日・救急医療 安心・ひろめーる AED設置場所 緊急・防災情報 くらし・手"
"刈谷市","strong","48","先輩職員との交流会","https://www.city.kariya.lg.jp/shisei/jinji/shokuinboshu/1010014.html","先輩職員との交流会","先輩職員との交流会｜刈谷市ホームページ 当ホームページではjavascriptを使用しています。 javascriptの使用を有効にしなければ、一部の機能が正確に動作しない恐れがあります。お手数ですがjavascriptの使用を有効にしてください。 エンターキーを押すと、ナビゲーション部分をスキップし本文へ移動します。 サイトマップ 文字サイズ・配色の変更 Foreign Language English portugues 한국어 中"
"豊田市","strong","48","生活支援給付","https://www.city.toyota.aichi.jp/kenkoiryo/fukushi/1073269/index.html","生活支援給付","生活支援給付｜豊田市 当ホームページではjavascriptを使用しています。 javascriptの使用を有効にしなければ、一部の機能が正確に動作しない恐れがあります。お手数ですがjavascriptの使用を有効にしてください。 エンターキーを押すと、ナビゲーション部分をスキップし本文へ移動します。 豊田市 TOYOTA CITY サイト メニュー 庁舎案内 Select Language Afrikaans Albanian Amh"
"豊田市","strong","48","豊田市健康づくりつながり合い事業補助金","https://www.city.toyota.aichi.jp/sangyo/sogyokeiei/1073280/1062009/1065897/index.html","豊田市健康づくりつながり合い事業補助金","豊田市健康づくりつながり合い事業補助金｜豊田市 当ホームページではjavascriptを使用しています。 javascriptの使用を有効にしなければ、一部の機能が正確に動作しない恐れがあります。お手数ですがjavascriptの使用を有効にしてください。 エンターキーを押すと、ナビゲーション部分をスキップし本文へ移動します。 豊田市 TOYOTA CITY サイト メニュー 庁舎案内 Select Language Afrikaans"
"豊田市","strong","48","豊田市施策ガイド","https://www.city.toyota.aichi.jp/shisei/machizukuri/1062158/index.html","豊田市施策ガイド","豊田市施策ガイド｜豊田市 当ホームページではjavascriptを使用しています。 javascriptの使用を有効にしなければ、一部の機能が正確に動作しない恐れがあります。お手数ですがjavascriptの使用を有効にしてください。 エンターキーを押すと、ナビゲーション部分をスキップし本文へ移動します。 豊田市 TOYOTA CITY サイト メニュー 庁舎案内 Select Language Afrikaans Albanian A"
"安城市","strong","48","安城市","https://www.city.anjo.aichi.jp/kurasu/fukushikaigo/index.html","※満75歳以上の方は、後期高齢者医療制度のページをご覧ください。","安城市／福祉・介護・医療 このサイトではJavaScriptを使用したコンテンツ・機能を提供しています。JavaScriptを有効にするとご利用いただけます。 本文へスキップします。 安城市 受け継ぐ想いを 未来へ届ける 望遠郷 サイト内検索 ページID検索 設定 文字サイズ・色合い変更 Language メニュー 閉じる 緊急 情報 緊急情報 閉じる ホーム 生活・サービス 教育・学習 観光・文化・スポーツ 産業・入札 市政情報 ホー"
"安城市","strong","48","安城市","https://www.city.anjo.aichi.jp/kurasu/kosodate/teateshien/kenijiteate.html","愛知県遺児手当","安城市／愛知県遺児手当 このサイトではJavaScriptを使用したコンテンツ・機能を提供しています。JavaScriptを有効にするとご利用いただけます。 本文へスキップします。 安城市 受け継ぐ想いを 未来へ届ける 望遠郷 サイト内検索 ページID検索 設定 文字サイズ・色合い変更 Language メニュー 閉じる 緊急 情報 緊急情報 閉じる ホーム 生活・サービス 教育・学習 観光・文化・スポーツ 産業・入札 市政情報 ホーム"
"安城市","strong","48","安城市","https://www.city.anjo.aichi.jp/kurasu/kosodate/teateshien/shiijiteate.html","安城市遺児手当","安城市／安城市遺児手当 このサイトではJavaScriptを使用したコンテンツ・機能を提供しています。JavaScriptを有効にするとご利用いただけます。 本文へスキップします。 安城市 受け継ぐ想いを 未来へ届ける 望遠郷 サイト内検索 ページID検索 設定 文字サイズ・色合い変更 Language メニュー 閉じる 緊急 情報 緊急情報 閉じる ホーム 生活・サービス 教育・学習 観光・文化・スポーツ 産業・入札 市政情報 ホーム"
"安城市","strong","48","安城市","https://www.city.anjo.aichi.jp/manabu/gakko/shogaku/shogaku.html","奨学金制度","安城市／奨学金制度 このサイトではJavaScriptを使用したコンテンツ・機能を提供しています。JavaScriptを有効にするとご利用いただけます。 本文へスキップします。 安城市 受け継ぐ想いを 未来へ届ける 望遠郷 サイト内検索 ページID検索 設定 文字サイズ・色合い変更 Language メニュー 閉じる 緊急 情報 緊急情報 閉じる ホーム 生活・サービス 教育・学習 観光・文化・スポーツ 産業・入札 市政情報 ホーム >"
"安城市","strong","48","安城市","https://www.city.anjo.aichi.jp/kurasu/shinchaku/index.html","新着情報","安城市／新着情報 このサイトではJavaScriptを使用したコンテンツ・機能を提供しています。JavaScriptを有効にするとご利用いただけます。 本文へスキップします。 安城市 受け継ぐ想いを 未来へ届ける 望遠郷 サイト内検索 ページID検索 設定 文字サイズ・色合い変更 Language メニュー 閉じる 緊急 情報 緊急情報 閉じる ホーム 生活・サービス 教育・学習 観光・文化・スポーツ 産業・入札 市政情報 ホーム > "
"安城市","strong","48","安城市","https://www.city.anjo.aichi.jp/kurasu/fukushikaigo/koreifukushika4.html","事業者向け情報","安城市／事業者向け情報 このサイトではJavaScriptを使用したコンテンツ・機能を提供しています。JavaScriptを有効にするとご利用いただけます。 本文へスキップします。 安城市 受け継ぐ想いを 未来へ届ける 望遠郷 サイト内検索 ページID検索 設定 文字サイズ・色合い変更 Language メニュー 閉じる 緊急 情報 緊急情報 閉じる ホーム 生活・サービス 教育・学習 観光・文化・スポーツ 産業・入札 市政情報 ホーム"
"安城市","strong","48","安城市","https://www.city.anjo.aichi.jp/kurasu/bosaibohan/kawarayane.html","瓦屋根改修費等補助制度","安城市／瓦屋根改修費等補助制度 このサイトではJavaScriptを使用したコンテンツ・機能を提供しています。JavaScriptを有効にするとご利用いただけます。 本文へスキップします。 安城市 受け継ぐ想いを 未来へ届ける 望遠郷 サイト内検索 ページID検索 設定 文字サイズ・色合い変更 Language メニュー 閉じる 緊急 情報 緊急情報 閉じる ホーム 生活・サービス 教育・学習 観光・文化・スポーツ 産業・入札 市政情報"
"安城市","strong","48","安城市","https://www.city.anjo.aichi.jp/kurasu/bosaibohan/shitorikumi/mokuzo.html","木造住宅耐震改修費補助","安城市／木造住宅耐震改修費補助制度 このサイトではJavaScriptを使用したコンテンツ・機能を提供しています。JavaScriptを有効にするとご利用いただけます。 本文へスキップします。 安城市 受け継ぐ想いを 未来へ届ける 望遠郷 サイト内検索 ページID検索 設定 文字サイズ・色合い変更 Language メニュー 閉じる 緊急 情報 緊急情報 閉じる ホーム 生活・サービス 教育・学習 観光・文化・スポーツ 産業・入札 市政"
"西尾市","strong","48","よくある質問 医療機関で高額の医療費を支払うと国民健康保険から戻ってくると聞いたのですが。","https://www.city.nishio.aichi.jp/faq/hoken/1004202.html","医療機関で高額の医療費を支払うと国民健康保険から戻ってくると聞いたのですが。","よくある質問 医療機関で高額の医療費を支払うと国民健康保険から戻ってくると聞いたのですが。｜西尾市公式ウェブサイト 当ホームページではjavascriptを使用しています。 javascriptの使用を有効にしなければ、一部の機能が正確に動作しない恐れがあります。お手数ですがjavascriptの使用を有効にしてください。 エンターキーを押すと、ナビゲーション部分をスキップし本文へ移動します。 サイトマップ Select Languag"
"西尾市","strong","48","よくある質問 日本年金機構から委託された民間事業者があると聞いたのですが。","https://www.city.nishio.aichi.jp/faq/hoken/1004209.html","日本年金機構から委託された民間事業者があると聞いたのですが。","よくある質問 日本年金機構から委託された民間事業者があると聞いたのですが。｜西尾市公式ウェブサイト 当ホームページではjavascriptを使用しています。 javascriptの使用を有効にしなければ、一部の機能が正確に動作しない恐れがあります。お手数ですがjavascriptの使用を有効にしてください。 エンターキーを押すと、ナビゲーション部分をスキップし本文へ移動します。 サイトマップ Select Language Englis"
"西尾市","strong","48","よくある質問 後期高齢者医療制度とは何ですか？","https://www.city.nishio.aichi.jp/faq/hoken/1004210.html","後期高齢者医療制度とは何ですか？","よくある質問 後期高齢者医療制度とは何ですか？｜西尾市公式ウェブサイト 当ホームページではjavascriptを使用しています。 javascriptの使用を有効にしなければ、一部の機能が正確に動作しない恐れがあります。お手数ですがjavascriptの使用を有効にしてください。 エンターキーを押すと、ナビゲーション部分をスキップし本文へ移動します。 サイトマップ Select Language English 中文（简体字） 中文（繁"
"西尾市","strong","48","よくある質問 後期高齢者医療制度に加入するには、どのような手続きが必要ですか？","https://www.city.nishio.aichi.jp/faq/hoken/1004211.html","後期高齢者医療制度に加入するには、どのような手続きが必要ですか？","よくある質問 後期高齢者医療制度に加入するには、どのような手続きが必要ですか？｜西尾市公式ウェブサイト 当ホームページではjavascriptを使用しています。 javascriptの使用を有効にしなければ、一部の機能が正確に動作しない恐れがあります。お手数ですがjavascriptの使用を有効にしてください。 エンターキーを押すと、ナビゲーション部分をスキップし本文へ移動します。 サイトマップ Select Language Engl"
"西尾市","strong","48","よくある質問 後期高齢者医療制度の保険料は、どのように計算されますか？","https://www.city.nishio.aichi.jp/faq/hoken/1004212.html","後期高齢者医療制度の保険料は、どのように計算されますか？","よくある質問 後期高齢者医療制度の保険料は、どのように計算されますか？｜西尾市公式ウェブサイト 当ホームページではjavascriptを使用しています。 javascriptの使用を有効にしなければ、一部の機能が正確に動作しない恐れがあります。お手数ですがjavascriptの使用を有効にしてください。 エンターキーを押すと、ナビゲーション部分をスキップし本文へ移動します。 サイトマップ Select Language English "
"西尾市","strong","48","よくある質問 後期高齢者医療制度で高額療養費や療養費、葬祭費などの給付を受けるのに、申請が必要なのですか？","https://www.city.nishio.aichi.jp/faq/hoken/1004213.html","後期高齢者医療制度で高額療養費や療養費、葬祭費などの給付を受けるのに、申請が必要なのですか？","よくある質問 後期高齢者医療制度で高額療養費や療養費、葬祭費などの給付を受けるのに、申請が必要なのですか？｜西尾市公式ウェブサイト 当ホームページではjavascriptを使用しています。 javascriptの使用を有効にしなければ、一部の機能が正確に動作しない恐れがあります。お手数ですがjavascriptの使用を有効にしてください。 エンターキーを押すと、ナビゲーション部分をスキップし本文へ移動します。 サイトマップ Select"
"蒲郡市","strong","48","不妊治療の助成・相談 - 蒲郡市保健医療センター - 愛知県蒲郡市公式ホームページ","https://www.city.gamagori.lg.jp/site/hokencenter/list152-548.html","不妊治療の助成・相談","不妊治療の助成・相談 - 蒲郡市保健医療センター - 愛知県蒲郡市公式ホームページ ページの先頭です。 メニューを飛ばして本文へ メニュー 検索 JavaScriptが無効のため、文字の大きさ・背景色を変更する機能を使用できません。 本文へ Foreign language 音声読み上げ ふりがな 閲覧補助 文字サイズ 拡大 標準 背景色 白 黒 青 閉じる 休日・救急医療 安心・ひろめーる AED設置場所 緊急・防災情報 くらし・手続"
"蒲郡市","strong","48","帯状疱疹予防接種 - 蒲郡市保健医療センター - 愛知県蒲郡市公式ホームページ","https://www.city.gamagori.lg.jp/site/hokencenter/list153-3637.html","帯状疱疹予防接種","帯状疱疹予防接種 - 蒲郡市保健医療センター - 愛知県蒲郡市公式ホームページ ページの先頭です。 メニューを飛ばして本文へ メニュー 検索 JavaScriptが無効のため、文字の大きさ・背景色を変更する機能を使用できません。 本文へ Foreign language 音声読み上げ ふりがな 閲覧補助 文字サイズ 拡大 標準 背景色 白 黒 青 閉じる 休日・救急医療 安心・ひろめーる AED設置場所 緊急・防災情報 くらし・手続 防"
"蒲郡市","strong","48","くらし・手続 - 愛知県蒲郡市公式ホームページ","https://www.city.gamagori.lg.jp/life/1/","くらし・手続","くらし・手続 - 愛知県蒲郡市公式ホームページ ページの先頭です。 メニューを飛ばして本文へ メニュー 検索 JavaScriptが無効のため、文字の大きさ・背景色を変更する機能を使用できません。 本文へ Foreign language 音声読み上げ ふりがな 閲覧補助 文字サイズ 拡大 標準 背景色 白 黒 青 閉じる 休日・救急医療 安心・ひろめーる AED設置場所 緊急・防災情報 くらし・手続 防災・安全安心 マイナンバーカード"
"蒲郡市","strong","48","令和8年度 電動アシスト自転車購入費補助金の募集について（前期受付終了しました） - 愛知県蒲郡市公式ホームページ","https://www.city.gamagori.lg.jp/unit/kankyo/dendou-assist-jitensha.html","令和8年度 電動アシスト自転車購入費補助金の募集について（前期受付終了しました）","令和8年度 電動アシスト自転車購入費補助金の募集について（前期受付終了しました） - 愛知県蒲郡市公式ホームページ ページの先頭です。 メニューを飛ばして本文へ メニュー 検索 JavaScriptが無効のため、文字の大きさ・背景色を変更する機能を使用できません。 本文へ Foreign language 音声読み上げ ふりがな 閲覧補助 文字サイズ 拡大 標準 背景色 白 黒 青 閉じる 休日・救急医療 安心・ひろめーる AED設置場"
"蒲郡市","strong","48","令和８年度子育て相談 - 蒲郡市保健医療センター - 愛知県蒲郡市公式ホームページ","https://www.city.gamagori.lg.jp/site/hokencenter/r5-kosodatesoudan.html","令和８年度子育て相談","令和８年度子育て相談 - 蒲郡市保健医療センター - 愛知県蒲郡市公式ホームページ ページの先頭です。 メニューを飛ばして本文へ メニュー 検索 JavaScriptが無効のため、文字の大きさ・背景色を変更する機能を使用できません。 本文へ Foreign language 音声読み上げ ふりがな 閲覧補助 文字サイズ 拡大 標準 背景色 白 黒 青 閉じる 休日・救急医療 安心・ひろめーる AED設置場所 緊急・防災情報 くらし・手続"
"蒲郡市","strong","48","財政・財産 - 愛知県蒲郡市公式ホームページ","https://www.city.gamagori.lg.jp/life/3/68/","財政・財産","財政・財産 - 愛知県蒲郡市公式ホームページ ページの先頭です。 メニューを飛ばして本文へ メニュー 検索 JavaScriptが無効のため、文字の大きさ・背景色を変更する機能を使用できません。 本文へ Foreign language 音声読み上げ ふりがな 閲覧補助 文字サイズ 拡大 標準 背景色 白 黒 青 閉じる 休日・救急医療 安心・ひろめーる AED設置場所 緊急・防災情報 くらし・手続 防災・安全安心 マイナンバーカード・"
"蒲郡市","strong","48","蒲郡市小規模事業者経営改善資金利子補給補助金制度の実施 - 愛知県蒲郡市公式ホームページ","https://www.city.gamagori.lg.jp/unit/sangyo/risihokyuu.html","小規模事業者経営改善資金利子補給補助金","蒲郡市小規模事業者経営改善資金利子補給補助金制度の実施 - 愛知県蒲郡市公式ホームページ ページの先頭です。 メニューを飛ばして本文へ メニュー 検索 JavaScriptが無効のため、文字の大きさ・背景色を変更する機能を使用できません。 本文へ Foreign language 音声読み上げ ふりがな 閲覧補助 文字サイズ 拡大 標準 背景色 白 黒 青 閉じる 休日・救急医療 安心・ひろめーる AED設置場所 緊急・防災情報 くらし"
"蒲郡市","strong","48","蒲郡市","https://www.e-kdl.com/","蒲郡市｜不動産・土地・工務店・水まわりのトラブル・外構｜ケイディーエル","蒲郡市｜不動産・土地・工務店・水まわりのトラブル・外構｜ケイディーエル 本文へ移動 蒲郡市｜不動産・土地・工務店・水まわりのトラブル・外構｜ケイディーエル ～家づくりは夢づくり～ Build a house is to have a dream!! フリーアクセス Tel.0800-200-8852 新築・リフォーム ■家づくりは、夢づくり 家をつくる理由 家をつくる第一歩 家づくりの流れ ■KDLが創る「新築エコ住宅」 ZEH(ネット"
"蒲郡市","strong","48","ケイディーエル","https://www.e-kdl.com/pages/37/","リフォーム Reform 改築・耐震リフォーム・節約リフォーム・バリアフリーリフォームなど。 補助金申請も対応します。 More ","ケイディーエル｜リフォーム・リノベ | 蒲郡市 住宅、不動産・土地｜ＫＤＬ 本文へ移動 ケイディーエル｜リフォーム・リノベ | 蒲郡市 住宅、不動産・土地｜ＫＤＬ ～家づくりは夢づくり～ Build a house is to have a dream!! フリーアクセス Tel.0800-200-8852 新築・リフォーム ■家づくりは、夢づくり 家をつくる理由 家をつくる第一歩 家づくりの流れ ■KDLが創る「新築エコ住宅」 ZEH"
"蒲郡市","strong","48","感染症対策サイト - 愛知県蒲郡市公式ホームページ","https://www.city.gamagori.lg.jp/site/covid19/","感染症対策サイト","感染症対策サイト - 愛知県蒲郡市公式ホームページ ページの先頭です。 メニューを飛ばして本文へ メニュー 検索 JavaScriptが無効のため、文字の大きさ・背景色を変更する機能を使用できません。 本文へ Foreign language 音声読み上げ ふりがな 閲覧補助 文字サイズ 拡大 標準 背景色 白 黒 青 閉じる 休日・救急医療 安心・ひろめーる AED設置場所 緊急・防災情報 くらし・手続 防災・安全安心 マイナンバーカ"
"蒲郡市","strong","48","健康づくり・教室 - 蒲郡市保健医療センター - 愛知県蒲郡市公式ホームページ","https://www.city.gamagori.lg.jp/site/hokencenter/list483-560.html","蒲郡市保健医療センターメニュー","健康づくり・教室 - 蒲郡市保健医療センター - 愛知県蒲郡市公式ホームページ ページの先頭です。 メニューを飛ばして本文へ メニュー 検索 JavaScriptが無効のため、文字の大きさ・背景色を変更する機能を使用できません。 本文へ Foreign language 音声読み上げ ふりがな 閲覧補助 文字サイズ 拡大 標準 背景色 白 黒 青 閉じる 休日・救急医療 安心・ひろめーる AED設置場所 緊急・防災情報 くらし・手続 防"
"蒲郡市","strong","48","健康相談 - 蒲郡市保健医療センター - 愛知県蒲郡市公式ホームページ","https://www.city.gamagori.lg.jp/site/hokencenter/list154-1141.html","蒲郡市保健医療センターメニュー","健康相談 - 蒲郡市保健医療センター - 愛知県蒲郡市公式ホームページ ページの先頭です。 メニューを飛ばして本文へ メニュー 検索 JavaScriptが無効のため、文字の大きさ・背景色を変更する機能を使用できません。 本文へ Foreign language 音声読み上げ ふりがな 閲覧補助 文字サイズ 拡大 標準 背景色 白 黒 青 閉じる 休日・救急医療 安心・ひろめーる AED設置場所 緊急・防災情報 くらし・手続 防災・安全"
"蒲郡市","strong","48","医療機関の適正受診について〜かかりつけ医を持ちましょう〜 - 蒲郡市保健医療センター - 愛知県蒲郡市公式ホームページ","https://www.city.gamagori.lg.jp/site/hokencenter/kakaritukei.html","医療機関の適正受診について〜かかりつけ医を持ちましょう〜","医療機関の適正受診について〜かかりつけ医を持ちましょう〜 - 蒲郡市保健医療センター - 愛知県蒲郡市公式ホームページ ページの先頭です。 メニューを飛ばして本文へ メニュー 検索 JavaScriptが無効のため、文字の大きさ・背景色を変更する機能を使用できません。 本文へ Foreign language 音声読み上げ ふりがな 閲覧補助 文字サイズ 拡大 標準 背景色 白 黒 青 閉じる 休日・救急医療 安心・ひろめーる AED設"
"蒲郡市","strong","48","妊娠 - 蒲郡市保健医療センター - 愛知県蒲郡市公式ホームページ","https://www.city.gamagori.lg.jp/site/hokencenter/list152-1136.html","蒲郡市保健医療センターメニュー","妊娠 - 蒲郡市保健医療センター - 愛知県蒲郡市公式ホームページ ページの先頭です。 メニューを飛ばして本文へ メニュー 検索 JavaScriptが無効のため、文字の大きさ・背景色を変更する機能を使用できません。 本文へ Foreign language 音声読み上げ ふりがな 閲覧補助 文字サイズ 拡大 標準 背景色 白 黒 青 閉じる 休日・救急医療 安心・ひろめーる AED設置場所 緊急・防災情報 くらし・手続 防災・安全安心"
"蒲郡市","strong","48","出産 - 蒲郡市保健医療センター - 愛知県蒲郡市公式ホームページ","https://www.city.gamagori.lg.jp/site/hokencenter/list152-1135.html","蒲郡市保健医療センターメニュー","出産 - 蒲郡市保健医療センター - 愛知県蒲郡市公式ホームページ ページの先頭です。 メニューを飛ばして本文へ メニュー 検索 JavaScriptが無効のため、文字の大きさ・背景色を変更する機能を使用できません。 本文へ Foreign language 音声読み上げ ふりがな 閲覧補助 文字サイズ 拡大 標準 背景色 白 黒 青 閉じる 休日・救急医療 安心・ひろめーる AED設置場所 緊急・防災情報 くらし・手続 防災・安全安心"
"蒲郡市","strong","48","健診 - 蒲郡市保健医療センター - 愛知県蒲郡市公式ホームページ","https://www.city.gamagori.lg.jp/site/hokencenter/list296-547.html","蒲郡市保健医療センターメニュー","健診 - 蒲郡市保健医療センター - 愛知県蒲郡市公式ホームページ ページの先頭です。 メニューを飛ばして本文へ メニュー 検索 JavaScriptが無効のため、文字の大きさ・背景色を変更する機能を使用できません。 本文へ Foreign language 音声読み上げ ふりがな 閲覧補助 文字サイズ 拡大 標準 背景色 白 黒 青 閉じる 休日・救急医療 安心・ひろめーる AED設置場所 緊急・防災情報 くらし・手続 防災・安全安心"
"蒲郡市","strong","48","相談 - 蒲郡市保健医療センター - 愛知県蒲郡市公式ホームページ","https://www.city.gamagori.lg.jp/site/hokencenter/list296-1139.html","蒲郡市保健医療センターメニュー","相談 - 蒲郡市保健医療センター - 愛知県蒲郡市公式ホームページ ページの先頭です。 メニューを飛ばして本文へ メニュー 検索 JavaScriptが無効のため、文字の大きさ・背景色を変更する機能を使用できません。 本文へ Foreign language 音声読み上げ ふりがな 閲覧補助 文字サイズ 拡大 標準 背景色 白 黒 青 閉じる 休日・救急医療 安心・ひろめーる AED設置場所 緊急・防災情報 くらし・手続 防災・安全安心"
"蒲郡市","strong","48","がまごおりの保健 - 蒲郡市保健医療センター - 愛知県蒲郡市公式ホームページ","https://www.city.gamagori.lg.jp/site/hokencenter/list332-3264.html","蒲郡市保健医療センターメニュー","がまごおりの保健 - 蒲郡市保健医療センター - 愛知県蒲郡市公式ホームページ ページの先頭です。 メニューを飛ばして本文へ メニュー 検索 JavaScriptが無効のため、文字の大きさ・背景色を変更する機能を使用できません。 本文へ Foreign language 音声読み上げ ふりがな 閲覧補助 文字サイズ 拡大 標準 背景色 白 黒 青 閉じる 休日・救急医療 安心・ひろめーる AED設置場所 緊急・防災情報 くらし・手続 防"
"蒲郡市","strong","48","危機管理課 - 愛知県蒲郡市公式ホームページ","https://www.city.gamagori.lg.jp/unit/kikikanri/","危機管理課","危機管理課 - 愛知県蒲郡市公式ホームページ ページの先頭です。 メニューを飛ばして本文へ メニュー 検索 JavaScriptが無効のため、文字の大きさ・背景色を変更する機能を使用できません。 本文へ Foreign language 音声読み上げ ふりがな 閲覧補助 文字サイズ 拡大 標準 背景色 白 黒 青 閉じる 休日・救急医療 安心・ひろめーる AED設置場所 緊急・防災情報 くらし・手続 防災・安全安心 マイナンバーカード・"
"蒲郡市","strong","48","まちづくり助成金交付事業一覧 - 愛知県蒲郡市公式ホームページ","https://www.city.gamagori.lg.jp/unit/kyodo/jyoseiall.html","まちづくり助成金交付事業一覧","まちづくり助成金交付事業一覧 - 愛知県蒲郡市公式ホームページ ページの先頭です。 メニューを飛ばして本文へ メニュー 検索 JavaScriptが無効のため、文字の大きさ・背景色を変更する機能を使用できません。 本文へ Foreign language 音声読み上げ ふりがな 閲覧補助 文字サイズ 拡大 標準 背景色 白 黒 青 閉じる 休日・救急医療 安心・ひろめーる AED設置場所 緊急・防災情報 くらし・手続 防災・安全安心 マ"
"刈谷市","strong","47","民間住宅省エネ改修等補助金","https://www.city.kariya.lg.jp/mokuteki/riyou/1007198/1020396.html","民間住宅省エネ改修等補助金","民間住宅省エネ改修等補助金｜刈谷市ホームページ 当ホームページではjavascriptを使用しています。 javascriptの使用を有効にしなければ、一部の機能が正確に動作しない恐れがあります。お手数ですがjavascriptの使用を有効にしてください。 エンターキーを押すと、ナビゲーション部分をスキップし本文へ移動します。 サイトマップ 文字サイズ・配色の変更 Foreign Language English portugues 한"
"刈谷市","strong","47","入札・契約情報","https://www.city.kariya.lg.jp/sangyo/nyusatsu/index.html","入札・契約情報","入札・契約情報｜刈谷市ホームページ 当ホームページではjavascriptを使用しています。 javascriptの使用を有効にしなければ、一部の機能が正確に動作しない恐れがあります。お手数ですがjavascriptの使用を有効にしてください。 エンターキーを押すと、ナビゲーション部分をスキップし本文へ移動します。 サイトマップ 文字サイズ・配色の変更 Foreign Language English portugues 한국어 中文（"
"刈谷市","strong","47","パブリックコメント","https://www.city.kariya.lg.jp/shisei/kocho/publiccomment/index.html","パブリックコメント","パブリックコメント｜刈谷市ホームページ 当ホームページではjavascriptを使用しています。 javascriptの使用を有効にしなければ、一部の機能が正確に動作しない恐れがあります。お手数ですがjavascriptの使用を有効にしてください。 エンターキーを押すと、ナビゲーション部分をスキップし本文へ移動します。 サイトマップ 文字サイズ・配色の変更 Foreign Language English portugues 한국어 中"
"刈谷市","strong","47","健診・予防接種［よくある質問］","https://www.city.kariya.lg.jp/faq/q_kurashi/q_kenko/1002312/index.html","健診・予防接種［よくある質問］","健診・予防接種［よくある質問］｜刈谷市ホームページ 当ホームページではjavascriptを使用しています。 javascriptの使用を有効にしなければ、一部の機能が正確に動作しない恐れがあります。お手数ですがjavascriptの使用を有効にしてください。 エンターキーを押すと、ナビゲーション部分をスキップし本文へ移動します。 サイトマップ 文字サイズ・配色の変更 Foreign Language English portugues"
"刈谷市","strong","47","施設全般［よくある質問］","https://www.city.kariya.lg.jp/faq/q_shisetsu/q_zenpan/index.html","施設全般［よくある質問］","施設全般［よくある質問］｜刈谷市ホームページ 当ホームページではjavascriptを使用しています。 javascriptの使用を有効にしなければ、一部の機能が正確に動作しない恐れがあります。お手数ですがjavascriptの使用を有効にしてください。 エンターキーを押すと、ナビゲーション部分をスキップし本文へ移動します。 サイトマップ 文字サイズ・配色の変更 Foreign Language English portugues 한국"
"西尾市","strong","47","サイトマップ","https://www.city.nishio.aichi.jp/sitemap.html","サイトマップ","サイトマップ｜西尾市公式ウェブサイト 当ホームページではjavascriptを使用しています。 javascriptの使用を有効にしなければ、一部の機能が正確に動作しない恐れがあります。お手数ですがjavascriptの使用を有効にしてください。 エンターキーを押すと、ナビゲーション部分をスキップし本文へ移動します。 サイトマップ Select Language English 中文（简体字） 中文（繁體字） 한국어 Português"
"西尾市","strong","47","【受付終了】市民生活応援給付金","https://www.city.nishio.aichi.jp/kurashi/1011469/1011476.html","【受付終了】市民生活応援給付金","【受付終了】市民生活応援給付金｜西尾市公式ウェブサイト 当ホームページではjavascriptを使用しています。 javascriptの使用を有効にしなければ、一部の機能が正確に動作しない恐れがあります。お手数ですがjavascriptの使用を有効にしてください。 エンターキーを押すと、ナビゲーション部分をスキップし本文へ移動します。 サイトマップ Select Language English 中文（简体字） 中文（繁體字） 한국어 "
"西尾市","strong","47","新生児聴覚検査費用の助成","https://www.city.nishio.aichi.jp/kosodate/ninshin/1005716.html","新生児聴覚検査費用の助成","新生児聴覚検査費用の助成｜西尾市公式ウェブサイト 当ホームページではjavascriptを使用しています。 javascriptの使用を有効にしなければ、一部の機能が正確に動作しない恐れがあります。お手数ですがjavascriptの使用を有効にしてください。 エンターキーを押すと、ナビゲーション部分をスキップし本文へ移動します。 サイトマップ Select Language English 中文（简体字） 中文（繁體字） 한국어 Por"
"西尾市","strong","47","産後ケア事業","https://www.city.nishio.aichi.jp/kosodate/ninshin/1002287.html","産後ケア事業","産後ケア事業｜西尾市公式ウェブサイト 当ホームページではjavascriptを使用しています。 javascriptの使用を有効にしなければ、一部の機能が正確に動作しない恐れがあります。お手数ですがjavascriptの使用を有効にしてください。 エンターキーを押すと、ナビゲーション部分をスキップし本文へ移動します。 サイトマップ Select Language English 中文（简体字） 中文（繁體字） 한국어 Português"
"西尾市","strong","47","石綿による疾病の補償・救済","https://www.city.nishio.aichi.jp/kurashi/koyo/1001425/1002192.html","石綿による疾病の補償・救済","石綿による疾病の補償・救済｜西尾市公式ウェブサイト 当ホームページではjavascriptを使用しています。 javascriptの使用を有効にしなければ、一部の機能が正確に動作しない恐れがあります。お手数ですがjavascriptの使用を有効にしてください。 エンターキーを押すと、ナビゲーション部分をスキップし本文へ移動します。 サイトマップ Select Language English 中文（简体字） 中文（繁體字） 한국어 Po"
"西尾市","strong","47","子どもの定期接種実施医療機関","https://www.city.nishio.aichi.jp/kosodate/kenshin/1001445/1002345.html","子どもの定期接種実施医療機関","子どもの定期接種実施医療機関｜西尾市公式ウェブサイト 当ホームページではjavascriptを使用しています。 javascriptの使用を有効にしなければ、一部の機能が正確に動作しない恐れがあります。お手数ですがjavascriptの使用を有効にしてください。 エンターキーを押すと、ナビゲーション部分をスキップし本文へ移動します。 サイトマップ Select Language English 中文（简体字） 中文（繁體字） 한국어 P"
"西尾市","strong","47","ロタウイルス感染症予防接種","https://www.city.nishio.aichi.jp/kosodate/kenshin/1001445/1002346.html","ロタウイルス感染症予防接種","ロタウイルス感染症予防接種｜西尾市公式ウェブサイト 当ホームページではjavascriptを使用しています。 javascriptの使用を有効にしなければ、一部の機能が正確に動作しない恐れがあります。お手数ですがjavascriptの使用を有効にしてください。 エンターキーを押すと、ナビゲーション部分をスキップし本文へ移動します。 サイトマップ Select Language English 中文（简体字） 中文（繁體字） 한국어 Po"
"西尾市","strong","47","小児肺炎球菌感染症予防接種","https://www.city.nishio.aichi.jp/kosodate/kenshin/1001445/1002343.html","小児肺炎球菌感染症予防接種","小児肺炎球菌感染症予防接種｜西尾市公式ウェブサイト 当ホームページではjavascriptを使用しています。 javascriptの使用を有効にしなければ、一部の機能が正確に動作しない恐れがあります。お手数ですがjavascriptの使用を有効にしてください。 エンターキーを押すと、ナビゲーション部分をスキップし本文へ移動します。 サイトマップ Select Language English 中文（简体字） 中文（繁體字） 한국어 Po"
"西尾市","strong","47","B型肝炎予防接種","https://www.city.nishio.aichi.jp/kosodate/kenshin/1001445/1002344.html","B型肝炎予防接種","B型肝炎予防接種｜西尾市公式ウェブサイト 当ホームページではjavascriptを使用しています。 javascriptの使用を有効にしなければ、一部の機能が正確に動作しない恐れがあります。お手数ですがjavascriptの使用を有効にしてください。 エンターキーを押すと、ナビゲーション部分をスキップし本文へ移動します。 サイトマップ Select Language English 中文（简体字） 中文（繁體字） 한국어 Portugu"
"西尾市","strong","47","ジフテリア百日せき破傷風ポリオヒブ（5種混合）1期予防接種","https://www.city.nishio.aichi.jp/kosodate/kenshin/1001445/1002336.html","ジフテリア百日せき破傷風ポリオヒブ（5種混合）1期予防接種","ジフテリア百日せき破傷風ポリオヒブ（5種混合）1期予防接種｜西尾市公式ウェブサイト 当ホームページではjavascriptを使用しています。 javascriptの使用を有効にしなければ、一部の機能が正確に動作しない恐れがあります。お手数ですがjavascriptの使用を有効にしてください。 エンターキーを押すと、ナビゲーション部分をスキップし本文へ移動します。 サイトマップ Select Language English 中文（简体字"
"西尾市","strong","47","ジフテリア百日せき破傷風ポリオ（4種混合）1期予防接種","https://www.city.nishio.aichi.jp/kosodate/kenshin/1001445/1009599.html","ジフテリア百日せき破傷風ポリオ（4種混合）1期予防接種","ジフテリア百日せき破傷風ポリオ（4種混合）1期予防接種｜西尾市公式ウェブサイト 当ホームページではjavascriptを使用しています。 javascriptの使用を有効にしなければ、一部の機能が正確に動作しない恐れがあります。お手数ですがjavascriptの使用を有効にしてください。 エンターキーを押すと、ナビゲーション部分をスキップし本文へ移動します。 サイトマップ Select Language English 中文（简体字） "
"西尾市","strong","47","ヒブ（Hib)感染症予防接種","https://www.city.nishio.aichi.jp/kosodate/kenshin/1001445/1002342.html","ヒブ（Hib)感染症予防接種","ヒブ（Hib)感染症予防接種｜西尾市公式ウェブサイト 当ホームページではjavascriptを使用しています。 javascriptの使用を有効にしなければ、一部の機能が正確に動作しない恐れがあります。お手数ですがjavascriptの使用を有効にしてください。 エンターキーを押すと、ナビゲーション部分をスキップし本文へ移動します。 サイトマップ Select Language English 中文（简体字） 中文（繁體字） 한국어 P"
"西尾市","strong","47","BCG予防接種","https://www.city.nishio.aichi.jp/kosodate/kenshin/1001445/1002340.html","BCG予防接種","BCG予防接種｜西尾市公式ウェブサイト 当ホームページではjavascriptを使用しています。 javascriptの使用を有効にしなければ、一部の機能が正確に動作しない恐れがあります。お手数ですがjavascriptの使用を有効にしてください。 エンターキーを押すと、ナビゲーション部分をスキップし本文へ移動します。 サイトマップ Select Language English 中文（简体字） 中文（繁體字） 한국어 Portuguê"
"西尾市","strong","47","麻しん風しん（MR）予防接種","https://www.city.nishio.aichi.jp/kosodate/kenshin/1001445/1002337.html","麻しん風しん（MR）予防接種","麻しん風しん（MR）予防接種｜西尾市公式ウェブサイト 当ホームページではjavascriptを使用しています。 javascriptの使用を有効にしなければ、一部の機能が正確に動作しない恐れがあります。お手数ですがjavascriptの使用を有効にしてください。 エンターキーを押すと、ナビゲーション部分をスキップし本文へ移動します。 サイトマップ Select Language English 中文（简体字） 中文（繁體字） 한국어 P"
"西尾市","strong","47","水痘（水ぼうそう）予防接種","https://www.city.nishio.aichi.jp/kosodate/kenshin/1001445/1002341.html","水痘（水ぼうそう）予防接種","水痘（水ぼうそう）予防接種｜西尾市公式ウェブサイト 当ホームページではjavascriptを使用しています。 javascriptの使用を有効にしなければ、一部の機能が正確に動作しない恐れがあります。お手数ですがjavascriptの使用を有効にしてください。 エンターキーを押すと、ナビゲーション部分をスキップし本文へ移動します。 サイトマップ Select Language English 中文（简体字） 中文（繁體字） 한국어 Po"
"西尾市","strong","47","日本脳炎予防接種","https://www.city.nishio.aichi.jp/kosodate/kenshin/1001445/1002333.html","日本脳炎予防接種","日本脳炎予防接種｜西尾市公式ウェブサイト 当ホームページではjavascriptを使用しています。 javascriptの使用を有効にしなければ、一部の機能が正確に動作しない恐れがあります。お手数ですがjavascriptの使用を有効にしてください。 エンターキーを押すと、ナビゲーション部分をスキップし本文へ移動します。 サイトマップ Select Language English 中文（简体字） 中文（繁體字） 한국어 Portugu"
"西尾市","strong","47","ジフテリア破傷風（DT）2期予防接種","https://www.city.nishio.aichi.jp/kosodate/kenshin/1001445/1002338.html","ジフテリア破傷風（DT）2期予防接種","ジフテリア破傷風（DT）2期予防接種｜西尾市公式ウェブサイト 当ホームページではjavascriptを使用しています。 javascriptの使用を有効にしなければ、一部の機能が正確に動作しない恐れがあります。お手数ですがjavascriptの使用を有効にしてください。 エンターキーを押すと、ナビゲーション部分をスキップし本文へ移動します。 サイトマップ Select Language English 中文（简体字） 中文（繁體字） 한"
"西尾市","strong","47","ポリオ予防接種","https://www.city.nishio.aichi.jp/kosodate/kenshin/1001445/1002335.html","ポリオ予防接種","ポリオ予防接種｜西尾市公式ウェブサイト 当ホームページではjavascriptを使用しています。 javascriptの使用を有効にしなければ、一部の機能が正確に動作しない恐れがあります。お手数ですがjavascriptの使用を有効にしてください。 エンターキーを押すと、ナビゲーション部分をスキップし本文へ移動します。 サイトマップ Select Language English 中文（简体字） 中文（繁體字） 한국어 Portuguê"
"西尾市","strong","47","ヒトパピローマウイルス（HPV）感染症予防接種","https://www.city.nishio.aichi.jp/kosodate/kenshin/1001445/1010075.html","ヒトパピローマウイルス（HPV）感染症予防接種","ヒトパピローマウイルス（HPV）感染症予防接種｜西尾市公式ウェブサイト 当ホームページではjavascriptを使用しています。 javascriptの使用を有効にしなければ、一部の機能が正確に動作しない恐れがあります。お手数ですがjavascriptの使用を有効にしてください。 エンターキーを押すと、ナビゲーション部分をスキップし本文へ移動します。 サイトマップ Select Language English 中文（简体字） 中文（繁"
"西尾市","strong","47","外国人（がいこくじん）のための 子（こ）どもの 予防接種（よぼうせっしゅ）","https://www.city.nishio.aichi.jp/kosodate/kenshin/1001445/1010345.html","外国人（がいこくじん）のための 子（こ）どもの 予防接種（よぼうせっしゅ）","外国人（がいこくじん）のための 子（こ）どもの 予防接種（よぼうせっしゅ）｜西尾市公式ウェブサイト 当ホームページではjavascriptを使用しています。 javascriptの使用を有効にしなければ、一部の機能が正確に動作しない恐れがあります。お手数ですがjavascriptの使用を有効にしてください。 エンターキーを押すと、ナビゲーション部分をスキップし本文へ移動します。 サイトマップ Select Language Englis"
"西尾市","strong","47","予防接種予診票の再交付","https://www.city.nishio.aichi.jp/kosodate/kenshin/1001445/1002329.html","予防接種予診票の再交付","予防接種予診票の再交付｜西尾市公式ウェブサイト 当ホームページではjavascriptを使用しています。 javascriptの使用を有効にしなければ、一部の機能が正確に動作しない恐れがあります。お手数ですがjavascriptの使用を有効にしてください。 エンターキーを押すと、ナビゲーション部分をスキップし本文へ移動します。 サイトマップ Select Language English 中文（简体字） 中文（繁體字） 한국어 Port"
"蒲郡市","strong","47","建築・住宅 - - 愛知県蒲郡市公式ホームページ","https://www.city.gamagori.lg.jp/site/shinseisyo/business-kenchiku-jutaku.html","建築・住宅","建築・住宅 - - 愛知県蒲郡市公式ホームページ ページの先頭です。 メニューを飛ばして本文へ メニュー 検索 JavaScriptが無効のため、文字の大きさ・背景色を変更する機能を使用できません。 本文へ Foreign language 音声読み上げ ふりがな 閲覧補助 文字サイズ 拡大 標準 背景色 白 黒 青 閉じる 休日・救急医療 安心・ひろめーる AED設置場所 緊急・防災情報 くらし・手続 防災・安全安心 マイナンバーカー"
"蒲郡市","strong","47","蒲郡市空家等対策計画 - 建築住宅課 - 愛知県蒲郡市公式ホームページ","https://www.city.gamagori.lg.jp/site/kenchiku/akiyakeikaku.html","蒲郡市空家等対策計画","蒲郡市空家等対策計画 - 建築住宅課 - 愛知県蒲郡市公式ホームページ ページの先頭です。 メニューを飛ばして本文へ メニュー 検索 JavaScriptが無効のため、文字の大きさ・背景色を変更する機能を使用できません。 本文へ Foreign language 音声読み上げ ふりがな 閲覧補助 文字サイズ 拡大 標準 背景色 白 黒 青 閉じる 休日・救急医療 安心・ひろめーる AED設置場所 緊急・防災情報 くらし・手続 防災・安全"
"豊田市","strong","46","移住・定住支援","https://www.city.toyota.aichi.jp/sumaikankyo/sumaitochi/teiju/index.html","移住・定住支援","移住・定住支援｜豊田市 当ホームページではjavascriptを使用しています。 javascriptの使用を有効にしなければ、一部の機能が正確に動作しない恐れがあります。お手数ですがjavascriptの使用を有効にしてください。 エンターキーを押すと、ナビゲーション部分をスキップし本文へ移動します。 豊田市 TOYOTA CITY サイト メニュー 庁舎案内 Select Language Afrikaans Albanian Am"
"安城市","strong","46","安城市","https://www.city.anjo.aichi.jp/kurasu/kenko/josei/ninpukenshin.html","妊産婦・乳児健康診査費助成金支給申請書","安城市／安城市妊産婦・乳児健康診査費助成制度 このサイトではJavaScriptを使用したコンテンツ・機能を提供しています。JavaScriptを有効にするとご利用いただけます。 本文へスキップします。 安城市 受け継ぐ想いを 未来へ届ける 望遠郷 サイト内検索 ページID検索 設定 文字サイズ・色合い変更 Language メニュー 閉じる 緊急 情報 緊急情報 閉じる ホーム 生活・サービス 教育・学習 観光・文化・スポーツ 産業・"
"安城市","strong","46","安城市","https://www.city.anjo.aichi.jp/manabu/gakko/koumuhojoinboshu.html","校務補助員（障害者の方対象）","安城市／障害者を対象とした校務補助員の募集について このサイトではJavaScriptを使用したコンテンツ・機能を提供しています。JavaScriptを有効にするとご利用いただけます。 本文へスキップします。 安城市 受け継ぐ想いを 未来へ届ける 望遠郷 サイト内検索 ページID検索 設定 文字サイズ・色合い変更 Language メニュー 閉じる 緊急 情報 緊急情報 閉じる ホーム 生活・サービス 教育・学習 観光・文化・スポーツ "
"安城市","strong","46","安城市","https://www.city.anjo.aichi.jp/tanoshimu/bunka/koubojigyou/2025shiminkobomenu.html","市民公募文化事業","安城市／市民公募文化事業 このサイトではJavaScriptを使用したコンテンツ・機能を提供しています。JavaScriptを有効にするとご利用いただけます。 本文へスキップします。 安城市 受け継ぐ想いを 未来へ届ける 望遠郷 サイト内検索 ページID検索 設定 文字サイズ・色合い変更 Language メニュー 閉じる 緊急 情報 緊急情報 閉じる ホーム 生活・サービス 教育・学習 観光・文化・スポーツ 産業・入札 市政情報 ホー"
"安城市","strong","46","安城市","https://www.city.anjo.aichi.jp/kurasu/kenko/kenkoshinsa/maternityshika.html","妊産婦・乳児健康診査、妊婦歯科健康診査、産婦歯科健康診査ケア","安城市／妊産婦・乳児健康診査 このサイトではJavaScriptを使用したコンテンツ・機能を提供しています。JavaScriptを有効にするとご利用いただけます。 本文へスキップします。 安城市 受け継ぐ想いを 未来へ届ける 望遠郷 サイト内検索 ページID検索 設定 文字サイズ・色合い変更 Language メニュー 閉じる 緊急 情報 緊急情報 閉じる ホーム 生活・サービス 教育・学習 観光・文化・スポーツ 産業・入札 市政情報 "
"安城市","strong","46","安城市","https://www.city.anjo.aichi.jp/kurasu/bosaibohan/shitorikumi/kinkyuyusoudouro.html","緊急輸送道路沿道建築物の耐震診断費・耐震改修費補助制度","安城市／緊急輸送道路沿道建築物の耐震診断・改修設計・改修工事費補助制度 このサイトではJavaScriptを使用したコンテンツ・機能を提供しています。JavaScriptを有効にするとご利用いただけます。 本文へスキップします。 安城市 受け継ぐ想いを 未来へ届ける 望遠郷 サイト内検索 ページID検索 設定 文字サイズ・色合い変更 Language メニュー 閉じる 緊急 情報 緊急情報 閉じる ホーム 生活・サービス 教育・学習 観"
"安城市","strong","46","安城市","https://www.city.anjo.aichi.jp/kurasu/bika/jokaso/secchihojo.html","浄化槽設置補助金制度","安城市／浄化槽設置整備事業補助金制度 このサイトではJavaScriptを使用したコンテンツ・機能を提供しています。JavaScriptを有効にするとご利用いただけます。 本文へスキップします。 安城市 受け継ぐ想いを 未来へ届ける 望遠郷 サイト内検索 ページID検索 設定 文字サイズ・色合い変更 Language メニュー 閉じる 緊急 情報 緊急情報 閉じる ホーム 生活・サービス 教育・学習 観光・文化・スポーツ 産業・入札 市"
"安城市","strong","46","安城市","https://www.city.anjo.aichi.jp/kurasu/zeikin/kotei/syoenegengaku.html","住宅の省エネ改修に伴う固定資産税の減額措置","安城市／住宅の省エネ改修に係る固定資産税の減額 このサイトではJavaScriptを使用したコンテンツ・機能を提供しています。JavaScriptを有効にするとご利用いただけます。 本文へスキップします。 安城市 受け継ぐ想いを 未来へ届ける 望遠郷 サイト内検索 ページID検索 設定 文字サイズ・色合い変更 Language メニュー 閉じる 緊急 情報 緊急情報 閉じる ホーム 生活・サービス 教育・学習 観光・文化・スポーツ 産業"
"安城市","strong","46","安城市","https://www.city.anjo.aichi.jp/kurasu/bosaibohan/documents/sisuiban.html","止水板設置補助事業","安城市／建築物への浸水被害を防止する止水板の設置にかかる費用を補助します このサイトではJavaScriptを使用したコンテンツ・機能を提供しています。JavaScriptを有効にするとご利用いただけます。 本文へスキップします。 安城市 受け継ぐ想いを 未来へ届ける 望遠郷 サイト内検索 ページID検索 設定 文字サイズ・色合い変更 Language メニュー 閉じる 緊急 情報 緊急情報 閉じる ホーム 生活・サービス 教育・学習 "
"安城市","strong","46","安城市","https://www.city.anjo.aichi.jp/kurasu/sumai/akiya-taisaku2024.html","安城市空家等対策計画","安城市／安城市空家等対策計画（2024～2031） このサイトではJavaScriptを使用したコンテンツ・機能を提供しています。JavaScriptを有効にするとご利用いただけます。 本文へスキップします。 安城市 受け継ぐ想いを 未来へ届ける 望遠郷 サイト内検索 ページID検索 設定 文字サイズ・色合い変更 Language メニュー 閉じる 緊急 情報 緊急情報 閉じる ホーム 生活・サービス 教育・学習 観光・文化・スポーツ "
"西尾市","strong","46","生活福祉","https://www.city.nishio.aichi.jp/kenkofukushi/saigaishien/seikatsu/index.html","生活福祉","生活福祉｜西尾市公式ウェブサイト 当ホームページではjavascriptを使用しています。 javascriptの使用を有効にしなければ、一部の機能が正確に動作しない恐れがあります。お手数ですがjavascriptの使用を有効にしてください。 エンターキーを押すと、ナビゲーション部分をスキップし本文へ移動します。 サイトマップ Select Language English 中文（简体字） 中文（繁體字） 한국어 Português T"
"西尾市","strong","46","企業誘致","https://www.city.nishio.aichi.jp/sangyo/kigyoyuchi/index.html","企業誘致","企業誘致｜西尾市公式ウェブサイト 当ホームページではjavascriptを使用しています。 javascriptの使用を有効にしなければ、一部の機能が正確に動作しない恐れがあります。お手数ですがjavascriptの使用を有効にしてください。 エンターキーを押すと、ナビゲーション部分をスキップし本文へ移動します。 サイトマップ Select Language English 中文（简体字） 中文（繁體字） 한국어 Português T"
"西尾市","strong","46","平常時の備え","https://www.city.nishio.aichi.jp/kurashi/bosai/1001366/index.html","平常時の備え","平常時の備え｜西尾市公式ウェブサイト 当ホームページではjavascriptを使用しています。 javascriptの使用を有効にしなければ、一部の機能が正確に動作しない恐れがあります。お手数ですがjavascriptの使用を有効にしてください。 エンターキーを押すと、ナビゲーション部分をスキップし本文へ移動します。 サイトマップ Select Language English 中文（简体字） 中文（繁體字） 한국어 Português"
"蒲郡市","strong","46","予防接種 - 愛知県蒲郡市公式ホームページ","https://www.city.gamagori.lg.jp/life/13/93/","予防接種","予防接種 - 愛知県蒲郡市公式ホームページ ページの先頭です。 メニューを飛ばして本文へ メニュー 検索 JavaScriptが無効のため、文字の大きさ・背景色を変更する機能を使用できません。 本文へ Foreign language 音声読み上げ ふりがな 閲覧補助 文字サイズ 拡大 標準 背景色 白 黒 青 閉じる 休日・救急医療 安心・ひろめーる AED設置場所 緊急・防災情報 くらし・手続 防災・安全安心 マイナンバーカード・電"
"蒲郡市","strong","46","令和８年度 生ごみ処理機等購入費補助金の募集について - 愛知県蒲郡市公式ホームページ","https://www.city.gamagori.lg.jp/unit/kankyo/namagomi.html","令和８年度 生ごみ処理機等購入費補助金の募集について","令和８年度 生ごみ処理機等購入費補助金の募集について - 愛知県蒲郡市公式ホームページ ページの先頭です。 メニューを飛ばして本文へ メニュー 検索 JavaScriptが無効のため、文字の大きさ・背景色を変更する機能を使用できません。 本文へ Foreign language 音声読み上げ ふりがな 閲覧補助 文字サイズ 拡大 標準 背景色 白 黒 青 閉じる 休日・救急医療 安心・ひろめーる AED設置場所 緊急・防災情報 くらし・"
"蒲郡市","strong","46","令和８年度次世代自動車購入費補助金の募集について - 愛知県蒲郡市公式ホームページ","https://www.city.gamagori.lg.jp/unit/kankyo/jisedai-jidosha.html","令和８年度次世代自動車購入費補助金の募集について","令和８年度次世代自動車購入費補助金の募集について - 愛知県蒲郡市公式ホームページ ページの先頭です。 メニューを飛ばして本文へ メニュー 検索 JavaScriptが無効のため、文字の大きさ・背景色を変更する機能を使用できません。 本文へ Foreign language 音声読み上げ ふりがな 閲覧補助 文字サイズ 拡大 標準 背景色 白 黒 青 閉じる 休日・救急医療 安心・ひろめーる AED設置場所 緊急・防災情報 くらし・手続"
"蒲郡市","strong","46","民間木造住宅無料耐震診断 - 愛知県蒲郡市公式ホームページ","https://www.city.gamagori.lg.jp/unit/kenchiku/taishin.html","民間木造住宅無料耐震診断","民間木造住宅無料耐震診断 - 愛知県蒲郡市公式ホームページ ページの先頭です。 メニューを飛ばして本文へ メニュー 検索 JavaScriptが無効のため、文字の大きさ・背景色を変更する機能を使用できません。 本文へ Foreign language 音声読み上げ ふりがな 閲覧補助 文字サイズ 拡大 標準 背景色 白 黒 青 閉じる 休日・救急医療 安心・ひろめーる AED設置場所 緊急・防災情報 くらし・手続 防災・安全安心 マイナ"
"蒲郡市","strong","46","令和8年度人間ドック検査費用助成のお知らせ(蒲郡市国保・後期高齢者医療制度の方向け) - 愛知県蒲郡市公式ホームページ","https://www.city.gamagori.lg.jp/unit/nenkin/ningen-doc.html","後期高齢者医療人間ドック検査費用助成金","令和8年度人間ドック検査費用助成のお知らせ(蒲郡市国保・後期高齢者医療制度の方向け) - 愛知県蒲郡市公式ホームページ ページの先頭です。 メニューを飛ばして本文へ メニュー 検索 JavaScriptが無効のため、文字の大きさ・背景色を変更する機能を使用できません。 本文へ Foreign language 音声読み上げ ふりがな 閲覧補助 文字サイズ 拡大 標準 背景色 白 黒 青 閉じる 休日・救急医療 安心・ひろめーる AED設"
"蒲郡市","strong","46","特別定額給付金について - 愛知県蒲郡市公式ホームページ","https://www.city.gamagori.lg.jp/unit/gyosei/covid19-kyuhukin.html","特別定額給付金について","特別定額給付金について - 愛知県蒲郡市公式ホームページ ページの先頭です。 メニューを飛ばして本文へ メニュー 検索 JavaScriptが無効のため、文字の大きさ・背景色を変更する機能を使用できません。 本文へ Foreign language 音声読み上げ ふりがな 閲覧補助 文字サイズ 拡大 標準 背景色 白 黒 青 閉じる 休日・救急医療 安心・ひろめーる AED設置場所 緊急・防災情報 くらし・手続 防災・安全安心 マイナン"
"蒲郡市","strong","46","健康診断・検診 - 愛知県蒲郡市公式ホームページ","https://www.city.gamagori.lg.jp/life/13/2/","健康診断・検診","健康診断・検診 - 愛知県蒲郡市公式ホームページ ページの先頭です。 メニューを飛ばして本文へ メニュー 検索 JavaScriptが無効のため、文字の大きさ・背景色を変更する機能を使用できません。 本文へ Foreign language 音声読み上げ ふりがな 閲覧補助 文字サイズ 拡大 標準 背景色 白 黒 青 閉じる 休日・救急医療 安心・ひろめーる AED設置場所 緊急・防災情報 くらし・手続 防災・安全安心 マイナンバーカー"
"蒲郡市","strong","46","【経営者・後継者・創業希望者向け】「事業承継個別相談会」を実施しています - 愛知県蒲郡市公式ホームページ","https://www.city.gamagori.lg.jp/unit/sangyo/jigyosyoukei-soudan.html","【経営者・後継者・創業希望者向け】「事業承継個別相談会」を実施しています","【経営者・後継者・創業希望者向け】「事業承継個別相談会」を実施しています - 愛知県蒲郡市公式ホームページ ページの先頭です。 メニューを飛ばして本文へ メニュー 検索 JavaScriptが無効のため、文字の大きさ・背景色を変更する機能を使用できません。 本文へ Foreign language 音声読み上げ ふりがな 閲覧補助 文字サイズ 拡大 標準 背景色 白 黒 青 閉じる 休日・救急医療 安心・ひろめーる AED設置場所 緊急"
"蒲郡市","strong","46","資源回収奨励金制度 - 愛知県蒲郡市公式ホームページ","https://www.city.gamagori.lg.jp/unit/kankyo/shigenkaisyu.html","資源回収奨励金制度","資源回収奨励金制度 - 愛知県蒲郡市公式ホームページ ページの先頭です。 メニューを飛ばして本文へ メニュー 検索 JavaScriptが無効のため、文字の大きさ・背景色を変更する機能を使用できません。 本文へ Foreign language 音声読み上げ ふりがな 閲覧補助 文字サイズ 拡大 標準 背景色 白 黒 青 閉じる 休日・救急医療 安心・ひろめーる AED設置場所 緊急・防災情報 くらし・手続 防災・安全安心 マイナンバー"
"蒲郡市","strong","46","中小企業等経営強化法にかかる固定資産税の特例について - 愛知県蒲郡市公式ホームページ","https://www.city.gamagori.lg.jp/unit/zeimu/seisanseikouzyou.html","中小企業等経営強化法にかかる固定資産税の特例について","中小企業等経営強化法にかかる固定資産税の特例について - 愛知県蒲郡市公式ホームページ ページの先頭です。 メニューを飛ばして本文へ メニュー 検索 JavaScriptが無効のため、文字の大きさ・背景色を変更する機能を使用できません。 本文へ Foreign language 音声読み上げ ふりがな 閲覧補助 文字サイズ 拡大 標準 背景色 白 黒 青 閉じる 休日・救急医療 安心・ひろめーる AED設置場所 緊急・防災情報 くらし・"
"蒲郡市","strong","46","環境保全 - 愛知県蒲郡市公式ホームページ","https://www.city.gamagori.lg.jp/life/1/36/23/","環境保全","環境保全 - 愛知県蒲郡市公式ホームページ ページの先頭です。 メニューを飛ばして本文へ メニュー 検索 JavaScriptが無効のため、文字の大きさ・背景色を変更する機能を使用できません。 本文へ Foreign language 音声読み上げ ふりがな 閲覧補助 文字サイズ 拡大 標準 背景色 白 黒 青 閉じる 休日・救急医療 安心・ひろめーる AED設置場所 緊急・防災情報 くらし・手続 防災・安全安心 マイナンバーカード・電"
"蒲郡市","strong","46","蒲郡市空家等対策協力事業者情報登録制度 - 愛知県蒲郡市公式ホームページ","https://www.city.gamagori.lg.jp/unit/kenchiku/akiyazigyosyatoroku.html","蒲郡市空家等対策協力事業者情報登録制度","蒲郡市空家等対策協力事業者情報登録制度 - 愛知県蒲郡市公式ホームページ ページの先頭です。 メニューを飛ばして本文へ メニュー 検索 JavaScriptが無効のため、文字の大きさ・背景色を変更する機能を使用できません。 本文へ Foreign language 音声読み上げ ふりがな 閲覧補助 文字サイズ 拡大 標準 背景色 白 黒 青 閉じる 休日・救急医療 安心・ひろめーる AED設置場所 緊急・防災情報 くらし・手続 防災・安"
"蒲郡市","strong","46","【窓口】旅券（パスポート）申請必要書類（新規・切替・残存有効期間同一申請の場合） - 愛知県蒲郡市公式ホームページ","https://www.city.gamagori.lg.jp/unit/shimin/passport-shorui.html","【窓口】旅券（パスポート）申請必要書類（新規・切替・残存有効期間同一申請の場合）","【窓口】旅券（パスポート）申請必要書類（新規・切替・残存有効期間同一申請の場合） - 愛知県蒲郡市公式ホームページ ページの先頭です。 メニューを飛ばして本文へ メニュー 検索 JavaScriptが無効のため、文字の大きさ・背景色を変更する機能を使用できません。 本文へ Foreign language 音声読み上げ ふりがな 閲覧補助 文字サイズ 拡大 標準 背景色 白 黒 青 閉じる 休日・救急医療 安心・ひろめーる AED設置場"
"刈谷市","strong","45","HPV（ヒトパピローマウイルス感染症）予防接種","https://www.city.kariya.lg.jp/kurashi/kenkoiryo/yobosessyu/1015044.html","HPV（ヒトパピローマウイルス感染症）予防接種","HPV（ヒトパピローマウイルス感染症）予防接種｜刈谷市ホームページ 当ホームページではjavascriptを使用しています。 javascriptの使用を有効にしなければ、一部の機能が正確に動作しない恐れがあります。お手数ですがjavascriptの使用を有効にしてください。 エンターキーを押すと、ナビゲーション部分をスキップし本文へ移動します。 サイトマップ 文字サイズ・配色の変更 Foreign Language English p"
"安城市","strong","45","安城市","https://www.city.anjo.aichi.jp/kurasu/bika/ondankataisaku/shienseido.html","省エネルギー・地球温暖化対策に関する支援制度（市民向け）","安城市／省エネルギー・地球温暖化対策に関する補助金・支援制度（市民向け） このサイトではJavaScriptを使用したコンテンツ・機能を提供しています。JavaScriptを有効にするとご利用いただけます。 本文へスキップします。 安城市 受け継ぐ想いを 未来へ届ける 望遠郷 サイト内検索 ページID検索 設定 文字サイズ・色合い変更 Language メニュー 閉じる 緊急 情報 緊急情報 閉じる ホーム 生活・サービス 教育・学習 "
"西尾市","strong","45","妊婦歯科健康診査","https://www.city.nishio.aichi.jp/kosodate/ninshin/1002291.html","妊婦歯科健康診査","妊婦歯科健康診査｜西尾市公式ウェブサイト 当ホームページではjavascriptを使用しています。 javascriptの使用を有効にしなければ、一部の機能が正確に動作しない恐れがあります。お手数ですがjavascriptの使用を有効にしてください。 エンターキーを押すと、ナビゲーション部分をスキップし本文へ移動します。 サイトマップ Select Language English 中文（简体字） 中文（繁體字） 한국어 Portugu"
"西尾市","strong","45","後期高齢者医療特定疾病","https://www.city.nishio.aichi.jp/kenkofukushi/iryo/1005113/1002489.html","後期高齢者医療特定疾病","後期高齢者医療特定疾病｜西尾市公式ウェブサイト 当ホームページではjavascriptを使用しています。 javascriptの使用を有効にしなければ、一部の機能が正確に動作しない恐れがあります。お手数ですがjavascriptの使用を有効にしてください。 エンターキーを押すと、ナビゲーション部分をスキップし本文へ移動します。 サイトマップ Select Language English 中文（简体字） 中文（繁體字） 한국어 Port"
"西尾市","strong","45","後期高齢者医療高額療養費","https://www.city.nishio.aichi.jp/kenkofukushi/iryo/1005113/1002487.html","後期高齢者医療高額療養費","後期高齢者医療高額療養費｜西尾市公式ウェブサイト 当ホームページではjavascriptを使用しています。 javascriptの使用を有効にしなければ、一部の機能が正確に動作しない恐れがあります。お手数ですがjavascriptの使用を有効にしてください。 エンターキーを押すと、ナビゲーション部分をスキップし本文へ移動します。 サイトマップ Select Language English 中文（简体字） 中文（繁體字） 한국어 Por"
"西尾市","strong","45","子育て支援に関するアンケート調査を実施しました","https://www.city.nishio.aichi.jp/kosodate/shien/1009829.html","子育て支援に関するアンケート調査を実施しました","子育て支援に関するアンケート調査を実施しました｜西尾市公式ウェブサイト 当ホームページではjavascriptを使用しています。 javascriptの使用を有効にしなければ、一部の機能が正確に動作しない恐れがあります。お手数ですがjavascriptの使用を有効にしてください。 エンターキーを押すと、ナビゲーション部分をスキップし本文へ移動します。 サイトマップ Select Language English 中文（简体字） 中文（繁"
"西尾市","strong","45","一時保育","https://www.city.nishio.aichi.jp/kosodate/hoikuen/1005131/1007296.html","一時保育","一時保育｜西尾市公式ウェブサイト 当ホームページではjavascriptを使用しています。 javascriptの使用を有効にしなければ、一部の機能が正確に動作しない恐れがあります。お手数ですがjavascriptの使用を有効にしてください。 エンターキーを押すと、ナビゲーション部分をスキップし本文へ移動します。 サイトマップ Select Language English 中文（简体字） 中文（繁體字） 한국어 Português T"
"西尾市","strong","45","要配慮者に係る資格確認書の交付申請(後期高齢者医療制度）","https://www.city.nishio.aichi.jp/kenkofukushi/iryo/1005113/1010528.html","要配慮者に係る資格確認書の交付申請(後期高齢者医療制度）","要配慮者に係る資格確認書の交付申請(後期高齢者医療制度）｜西尾市公式ウェブサイト 当ホームページではjavascriptを使用しています。 javascriptの使用を有効にしなければ、一部の機能が正確に動作しない恐れがあります。お手数ですがjavascriptの使用を有効にしてください。 エンターキーを押すと、ナビゲーション部分をスキップし本文へ移動します。 サイトマップ Select Language English 中文（简体字）"
"蒲郡市","strong","45","休日・救急医療 - 蒲郡市保健医療センター - 愛知県蒲郡市公式ホームページ","https://www.city.gamagori.lg.jp/site/hokencenter/list245-1170.html","休日・救急医療","休日・救急医療 - 蒲郡市保健医療センター - 愛知県蒲郡市公式ホームページ ページの先頭です。 メニューを飛ばして本文へ メニュー 検索 JavaScriptが無効のため、文字の大きさ・背景色を変更する機能を使用できません。 本文へ Foreign language 音声読み上げ ふりがな 閲覧補助 文字サイズ 拡大 標準 背景色 白 黒 青 閉じる 休日・救急医療 安心・ひろめーる AED設置場所 緊急・防災情報 くらし・手続 防災"
"蒲郡市","strong","45","蒲郡市移住プロモーション動画 完成！ - 愛知県蒲郡市公式ホームページ","https://www.city.gamagori.lg.jp/site/support/iju-news14.html","蒲郡市移住プロモーション動画 完成！","蒲郡市移住プロモーション動画 完成！ - 愛知県蒲郡市公式ホームページ ページの先頭です。 メニューを飛ばして本文へ メニュー JavaScriptが無効のため、文字の大きさ・背景色を変更する機能を使用できません。 本文へ Foreign Language 音声読み上げ ふりがなをつける 文字サイズ・色合い変更 背景色 白 黒 青 文字サイズ 標準 拡大 Googleカスタム検索 蒲郡市について Profile 子育て・教育 Paren"
"刈谷市","strong","44","学校教育の助成・補助","https://www.city.kariya.lg.jp/kosodatenavi/1014910/1011895/1016325/index.html","学校教育の助成・補助","学校教育の助成・補助｜かりや子育て応援ナビ 当ホームページではjavascriptを使用しています。 javascriptの使用を有効にしなければ、一部の機能が正確に動作しない恐れがあります。お手数ですがjavascriptの使用を有効にしてください。 エンターキーを押すと、ナビゲーション部分をスキップし本文へ移動します。 救急のとき いざというときに 災害時の避難所 休日診療案内 防災・減災 気象情報 衣浦東部広域連合 閉じる メニュ"
"豊田市","strong","44","防災","https://www.city.toyota.aichi.jp/bosaianzen/bosai/index.html","防災","防災｜豊田市 当ホームページではjavascriptを使用しています。 javascriptの使用を有効にしなければ、一部の機能が正確に動作しない恐れがあります。お手数ですがjavascriptの使用を有効にしてください。 エンターキーを押すと、ナビゲーション部分をスキップし本文へ移動します。 豊田市 TOYOTA CITY サイト メニュー 庁舎案内 Select Language Afrikaans Albanian Amharic"
"豊田市","strong","44","地球温暖化防止のための補助金","https://www.city.toyota.aichi.jp/sumaikankyo/kankyo/hojokin/index.html","地球温暖化防止のための補助金","地球温暖化防止のための補助金｜豊田市 当ホームページではjavascriptを使用しています。 javascriptの使用を有効にしなければ、一部の機能が正確に動作しない恐れがあります。お手数ですがjavascriptの使用を有効にしてください。 エンターキーを押すと、ナビゲーション部分をスキップし本文へ移動します。 豊田市 TOYOTA CITY サイト メニュー 庁舎案内 Select Language Afrikaans Alba"
"豊田市","strong","44","中小企業等への融資・資金繰り支援","https://www.city.toyota.aichi.jp/sangyo/shogyo/1076532/index.html","中小企業等への融資・資金繰り支援","中小企業等への融資・資金繰り支援｜豊田市 当ホームページではjavascriptを使用しています。 javascriptの使用を有効にしなければ、一部の機能が正確に動作しない恐れがあります。お手数ですがjavascriptの使用を有効にしてください。 エンターキーを押すと、ナビゲーション部分をスキップし本文へ移動します。 豊田市 TOYOTA CITY サイト メニュー 庁舎案内 Select Language Afrikaans Al"
"豊田市","strong","44","商業振興に関する補助金・融資など","https://www.city.toyota.aichi.jp/sangyo/shogyo/1073403/index.html","商業振興に関する補助金・融資など","商業振興に関する補助金・融資など｜豊田市 当ホームページではjavascriptを使用しています。 javascriptの使用を有効にしなければ、一部の機能が正確に動作しない恐れがあります。お手数ですがjavascriptの使用を有効にしてください。 エンターキーを押すと、ナビゲーション部分をスキップし本文へ移動します。 豊田市 TOYOTA CITY サイト メニュー 庁舎案内 Select Language Afrikaans Al"
"豊田市","strong","44","豊田市起業・創業支援制度","https://www.city.toyota.aichi.jp/sangyo/shogyo/1072064/index.html","豊田市起業・創業支援制度","豊田市起業・創業支援制度｜豊田市 当ホームページではjavascriptを使用しています。 javascriptの使用を有効にしなければ、一部の機能が正確に動作しない恐れがあります。お手数ですがjavascriptの使用を有効にしてください。 エンターキーを押すと、ナビゲーション部分をスキップし本文へ移動します。 豊田市 TOYOTA CITY サイト メニュー 庁舎案内 Select Language Afrikaans Albani"
"豊田市","strong","44","家屋・土地","https://www.city.toyota.aichi.jp/sumaikankyo/sumaitochi/kaoku/index.html","家屋・土地","家屋・土地｜豊田市 当ホームページではjavascriptを使用しています。 javascriptの使用を有効にしなければ、一部の機能が正確に動作しない恐れがあります。お手数ですがjavascriptの使用を有効にしてください。 エンターキーを押すと、ナビゲーション部分をスキップし本文へ移動します。 豊田市 TOYOTA CITY サイト メニュー 庁舎案内 Select Language Afrikaans Albanian Amha"
"安城市","strong","44","安城市","https://www.city.anjo.aichi.jp/kurasu/gomi/recycl/namagomisyorikiki.html","生ごみ処理機器購入補助金制度","安城市／生ごみ処理機器購入補助制度 このサイトではJavaScriptを使用したコンテンツ・機能を提供しています。JavaScriptを有効にするとご利用いただけます。 本文へスキップします。 安城市 受け継ぐ想いを 未来へ届ける 望遠郷 サイト内検索 ページID検索 設定 文字サイズ・色合い変更 Language メニュー 閉じる 緊急 情報 緊急情報 閉じる ホーム 生活・サービス 教育・学習 観光・文化・スポーツ 産業・入札 市政"
"安城市","strong","44","安城市","https://www.city.anjo.aichi.jp/kurasu/kosodate/teateshien/kodomoteate.html","児童手当","安城市／児童手当 このサイトではJavaScriptを使用したコンテンツ・機能を提供しています。JavaScriptを有効にするとご利用いただけます。 本文へスキップします。 安城市 受け継ぐ想いを 未来へ届ける 望遠郷 サイト内検索 ページID検索 設定 文字サイズ・色合い変更 Language メニュー 閉じる 緊急 情報 緊急情報 閉じる ホーム 生活・サービス 教育・学習 観光・文化・スポーツ 産業・入札 市政情報 ホーム > "
"安城市","strong","44","安城市","https://www.city.anjo.aichi.jp/kurasu/kosodate/teateshien/shikinkashitsuke.html","母子父子寡婦福祉資金の貸付け","安城市／母子・父子・寡婦福祉資金の貸し付け このサイトではJavaScriptを使用したコンテンツ・機能を提供しています。JavaScriptを有効にするとご利用いただけます。 本文へスキップします。 安城市 受け継ぐ想いを 未来へ届ける 望遠郷 サイト内検索 ページID検索 設定 文字サイズ・色合い変更 Language メニュー 閉じる 緊急 情報 緊急情報 閉じる ホーム 生活・サービス 教育・学習 観光・文化・スポーツ 産業・入"
"安城市","strong","44","安城市","https://www.city.anjo.aichi.jp/kurasu/dorokotsu/sougoukoutuukaigi.html","安城市総合交通会議","安城市／安城市総合交通会議 このサイトではJavaScriptを使用したコンテンツ・機能を提供しています。JavaScriptを有効にするとご利用いただけます。 本文へスキップします。 安城市 受け継ぐ想いを 未来へ届ける 望遠郷 サイト内検索 ページID検索 設定 文字サイズ・色合い変更 Language メニュー 閉じる 緊急 情報 緊急情報 閉じる ホーム 生活・サービス 教育・学習 観光・文化・スポーツ 産業・入札 市政情報 ホ"
"安城市","strong","44","安城市","https://www.city.anjo.aichi.jp/kurasu/machidukuri/chonaikai/chonaikouminkan.html","町内公民館建設費等補助金（建設・改修）","安城市／町内公民館建設費等補助金（建設・改修） このサイトではJavaScriptを使用したコンテンツ・機能を提供しています。JavaScriptを有効にするとご利用いただけます。 本文へスキップします。 安城市 受け継ぐ想いを 未来へ届ける 望遠郷 サイト内検索 ページID検索 設定 文字サイズ・色合い変更 Language メニュー 閉じる 緊急 情報 緊急情報 閉じる ホーム 生活・サービス 教育・学習 観光・文化・スポーツ 産業"
"安城市","strong","44","安城市","https://www.city.anjo.aichi.jp/kurasu/kosodate/ninnsinnhanteizyusinnhiyouzyoseikinn.html","妊娠判定にかかる初回産科受診料助成金支援事業","安城市／妊娠判定受診費用助成金制度 このサイトではJavaScriptを使用したコンテンツ・機能を提供しています。JavaScriptを有効にするとご利用いただけます。 本文へスキップします。 安城市 受け継ぐ想いを 未来へ届ける 望遠郷 サイト内検索 ページID検索 設定 文字サイズ・色合い変更 Language メニュー 閉じる 緊急 情報 緊急情報 閉じる ホーム 生活・サービス 教育・学習 観光・文化・スポーツ 産業・入札 市政"
"安城市","strong","44","安城市","https://www.city.anjo.aichi.jp/kurasu/kenko/index.html","健康","安城市／健康 このサイトではJavaScriptを使用したコンテンツ・機能を提供しています。JavaScriptを有効にするとご利用いただけます。 本文へスキップします。 安城市 受け継ぐ想いを 未来へ届ける 望遠郷 サイト内検索 ページID検索 設定 文字サイズ・色合い変更 Language メニュー 閉じる 緊急 情報 緊急情報 閉じる ホーム 生活・サービス 教育・学習 観光・文化・スポーツ 産業・入札 市政情報 ホーム > 生活"
"安城市","strong","44","安城市","https://www.city.anjo.aichi.jp/kurasu/sumai/asbestos.html","アスベスト対策費補助制度","安城市／アスベスト対策費補助制度 このサイトではJavaScriptを使用したコンテンツ・機能を提供しています。JavaScriptを有効にするとご利用いただけます。 本文へスキップします。 安城市 受け継ぐ想いを 未来へ届ける 望遠郷 サイト内検索 ページID検索 設定 文字サイズ・色合い変更 Language メニュー 閉じる 緊急 情報 緊急情報 閉じる ホーム 生活・サービス 教育・学習 観光・文化・スポーツ 産業・入札 市政情"
"安城市","strong","44","安城市","https://www.city.anjo.aichi.jp/kurasu/pet/inu/hozyoken.html","身体障害者補助犬の手数料免除","安城市／身体障害者補助犬の手数料免除 このサイトではJavaScriptを使用したコンテンツ・機能を提供しています。JavaScriptを有効にするとご利用いただけます。 本文へスキップします。 安城市 受け継ぐ想いを 未来へ届ける 望遠郷 サイト内検索 ページID検索 設定 文字サイズ・色合い変更 Language メニュー 閉じる 緊急 情報 緊急情報 閉じる ホーム 生活・サービス 教育・学習 観光・文化・スポーツ 産業・入札 市"
"安城市","strong","44","安城市","https://www.city.anjo.aichi.jp/kurasu/hojoseido/ikegakihojo.html","生垣等設置奨励補助金制度","安城市／生垣等設置奨励補助金制度 このサイトではJavaScriptを使用したコンテンツ・機能を提供しています。JavaScriptを有効にするとご利用いただけます。 本文へスキップします。 安城市 受け継ぐ想いを 未来へ届ける 望遠郷 サイト内検索 ページID検索 設定 文字サイズ・色合い変更 Language メニュー 閉じる 緊急 情報 緊急情報 閉じる ホーム 生活・サービス 教育・学習 観光・文化・スポーツ 産業・入札 市政情"
"安城市","strong","44","安城市","https://www.city.anjo.aichi.jp/kurasu/machidukuri/siminkatudo/hisaichivolunteer/hisaichivolunter20250401.html","被災地ボランティア活動事業補助金","安城市／安城市被災地ボランティア活動事業補助金 このサイトではJavaScriptを使用したコンテンツ・機能を提供しています。JavaScriptを有効にするとご利用いただけます。 本文へスキップします。 安城市 受け継ぐ想いを 未来へ届ける 望遠郷 サイト内検索 ページID検索 設定 文字サイズ・色合い変更 Language メニュー 閉じる 緊急 情報 緊急情報 閉じる ホーム 生活・サービス 教育・学習 観光・文化・スポーツ 産業"
"安城市","strong","44","安城市","https://www.city.anjo.aichi.jp/kurasu/machidukuri/index.html","まちづくり","安城市／まちづくり このサイトではJavaScriptを使用したコンテンツ・機能を提供しています。JavaScriptを有効にするとご利用いただけます。 本文へスキップします。 安城市 受け継ぐ想いを 未来へ届ける 望遠郷 サイト内検索 ページID検索 設定 文字サイズ・色合い変更 Language メニュー 閉じる 緊急 情報 緊急情報 閉じる ホーム 生活・サービス 教育・学習 観光・文化・スポーツ 産業・入札 市政情報 ホーム >"
"安城市","strong","44","安城市","https://www.city.anjo.aichi.jp/zigyo/nogyo/shiminnouen/shiminnouentetudukinonagare.html","市民農園開設補助金の手続きの流れ","安城市／市民農園開設補助金の手続きの流れ このサイトではJavaScriptを使用したコンテンツ・機能を提供しています。JavaScriptを有効にするとご利用いただけます。 本文へスキップします。 安城市 受け継ぐ想いを 未来へ届ける 望遠郷 サイト内検索 ページID検索 設定 文字サイズ・色合い変更 Language メニュー 閉じる 緊急 情報 緊急情報 閉じる ホーム 生活・サービス 教育・学習 観光・文化・スポーツ 産業・入札"
"安城市","strong","44","安城市","https://www.city.anjo.aichi.jp/zigyo/syoko/kigyourittihojokin/kigyourittihojokin.html","安城市企業立地促進事業補助認定制度","安城市／安城市企業立地促進事業補助認定制度 このサイトではJavaScriptを使用したコンテンツ・機能を提供しています。JavaScriptを有効にするとご利用いただけます。 本文へスキップします。 安城市 受け継ぐ想いを 未来へ届ける 望遠郷 サイト内検索 ページID検索 設定 文字サイズ・色合い変更 Language メニュー 閉じる 緊急 情報 緊急情報 閉じる ホーム 生活・サービス 教育・学習 観光・文化・スポーツ 産業・入"
"安城市","strong","44","安城市","https://www.city.anjo.aichi.jp/zigyo/nogyo/saiseikyo/hozyozigyo.html","補助事業一覧","安城市／補助事業一覧 このサイトではJavaScriptを使用したコンテンツ・機能を提供しています。JavaScriptを有効にするとご利用いただけます。 本文へスキップします。 安城市 受け継ぐ想いを 未来へ届ける 望遠郷 サイト内検索 ページID検索 設定 文字サイズ・色合い変更 Language メニュー 閉じる 緊急 情報 緊急情報 閉じる ホーム 生活・サービス 教育・学習 観光・文化・スポーツ 産業・入札 市政情報 ホーム "
"西尾市","strong","44","入園・入学","https://www.city.nishio.aichi.jp/lifescene/nyuen/index.html","入園・入学","入園・入学｜西尾市公式ウェブサイト 当ホームページではjavascriptを使用しています。 javascriptの使用を有効にしなければ、一部の機能が正確に動作しない恐れがあります。お手数ですがjavascriptの使用を有効にしてください。 エンターキーを押すと、ナビゲーション部分をスキップし本文へ移動します。 サイトマップ Select Language English 中文（简体字） 中文（繁體字） 한국어 Português "
"西尾市","strong","44","保育園・認定こども園・幼稚園","https://www.city.nishio.aichi.jp/kosodate/hoikuen/index.html","保育園・認定こども園・幼稚園","保育園・認定こども園・幼稚園｜西尾市公式ウェブサイト 当ホームページではjavascriptを使用しています。 javascriptの使用を有効にしなければ、一部の機能が正確に動作しない恐れがあります。お手数ですがjavascriptの使用を有効にしてください。 エンターキーを押すと、ナビゲーション部分をスキップし本文へ移動します。 サイトマップ Select Language English 中文（简体字） 中文（繁體字） 한국어 P"
"西尾市","strong","44","西尾市中小企業振興基本条例","https://www.city.nishio.aichi.jp/sangyo/shinko/1010422.html","西尾市中小企業振興基本条例","西尾市中小企業振興基本条例｜西尾市公式ウェブサイト 当ホームページではjavascriptを使用しています。 javascriptの使用を有効にしなければ、一部の機能が正確に動作しない恐れがあります。お手数ですがjavascriptの使用を有効にしてください。 エンターキーを押すと、ナビゲーション部分をスキップし本文へ移動します。 サイトマップ Select Language English 中文（简体字） 中文（繁體字） 한국어 Po"
"西尾市","strong","44","中小企業等経営強化法に基づく「先端設備等導入計画」の認定申請受付","https://www.city.nishio.aichi.jp/sangyo/shinko/1003054.html","中小企業等経営強化法に基づく「先端設備等導入計画」の認定申請受付","中小企業等経営強化法に基づく「先端設備等導入計画」の認定申請受付｜西尾市公式ウェブサイト 当ホームページではjavascriptを使用しています。 javascriptの使用を有効にしなければ、一部の機能が正確に動作しない恐れがあります。お手数ですがjavascriptの使用を有効にしてください。 エンターキーを押すと、ナビゲーション部分をスキップし本文へ移動します。 サイトマップ Select Language English 中文（"
"蒲郡市","strong","44","蒲郡市メール配信サービス『安心ひろめーる』の登録をお願いします - 緊急情報 - 愛知県蒲郡市公式ホームページ","https://www.city.gamagori.lg.jp/site/kinkyu/anshin-hiromail.html","蒲郡市メール配信サービス『安心ひろめーる』の登録をお願いします","蒲郡市メール配信サービス『安心ひろめーる』の登録をお願いします - 緊急情報 - 愛知県蒲郡市公式ホームページ ページの先頭です。 メニューを飛ばして本文へ メニュー 検索 JavaScriptが無効のため、文字の大きさ・背景色を変更する機能を使用できません。 本文へ Foreign language 音声読み上げ ふりがな 閲覧補助 文字サイズ 拡大 標準 背景色 白 黒 青 閉じる 休日・救急医療 安心・ひろめーる AED設置場所 "
"蒲郡市","strong","44","蒲郡市空家等対策協議会 - 愛知県蒲郡市公式ホームページ","https://www.city.gamagori.lg.jp/unit/kenchiku/akiyakyougikai.html","蒲郡市空家等対策協議会","蒲郡市空家等対策協議会 - 愛知県蒲郡市公式ホームページ ページの先頭です。 メニューを飛ばして本文へ メニュー 検索 JavaScriptが無効のため、文字の大きさ・背景色を変更する機能を使用できません。 本文へ Foreign language 音声読み上げ ふりがな 閲覧補助 文字サイズ 拡大 標準 背景色 白 黒 青 閉じる 休日・救急医療 安心・ひろめーる AED設置場所 緊急・防災情報 くらし・手続 防災・安全安心 マイナン"
"蒲郡市","strong","44","集合住宅管理者様へ - 環境清掃課（クリーンセンター） - 愛知県蒲郡市公式ホームページ","https://www.city.gamagori.lg.jp/site/seiso/syugou.html","集合住宅管理者様へ","集合住宅管理者様へ - 環境清掃課（クリーンセンター） - 愛知県蒲郡市公式ホームページ ページの先頭です。 メニューを飛ばして本文へ メニュー 検索 JavaScriptが無効のため、文字の大きさ・背景色を変更する機能を使用できません。 本文へ Foreign language 音声読み上げ ふりがな 閲覧補助 文字サイズ 拡大 標準 背景色 白 黒 青 閉じる 休日・救急医療 安心・ひろめーる AED設置場所 緊急・防災情報 くらし"
"蒲郡市","strong","44","耐震改修住宅に対する固定資産税の減額の取り扱いについて - 愛知県蒲郡市公式ホームページ","https://www.city.gamagori.lg.jp/unit/zeimu/taishin.html","耐震改修住宅に対する固定資産税の減額の取り扱いについて","耐震改修住宅に対する固定資産税の減額の取り扱いについて - 愛知県蒲郡市公式ホームページ ページの先頭です。 メニューを飛ばして本文へ メニュー 検索 JavaScriptが無効のため、文字の大きさ・背景色を変更する機能を使用できません。 本文へ Foreign language 音声読み上げ ふりがな 閲覧補助 文字サイズ 拡大 標準 背景色 白 黒 青 閉じる 休日・救急医療 安心・ひろめーる AED設置場所 緊急・防災情報 くらし"
"蒲郡市","strong","44","市営住宅の申込み資格・条件 - 愛知県蒲郡市公式ホームページ","https://www.city.gamagori.lg.jp/unit/kenchiku/shieishikaku.html","市営住宅の申込み資格・条件","市営住宅の申込み資格・条件 - 愛知県蒲郡市公式ホームページ ページの先頭です。 メニューを飛ばして本文へ メニュー 検索 JavaScriptが無効のため、文字の大きさ・背景色を変更する機能を使用できません。 本文へ Foreign language 音声読み上げ ふりがな 閲覧補助 文字サイズ 拡大 標準 背景色 白 黒 青 閉じる 休日・救急医療 安心・ひろめーる AED設置場所 緊急・防災情報 くらし・手続 防災・安全安心 マイ"
"蒲郡市","strong","44","【1/5更新】蒲郡市公立学校ICT支援員配置業務の受託事業者が決まりました - 愛知県蒲郡市公式ホームページ","https://www.city.gamagori.lg.jp/unit/gakko/propo0304.html","【1/5更新】蒲郡市公立学校ICT支援員配置業務の受託事業者が決まりました","【1/5更新】蒲郡市公立学校ICT支援員配置業務の受託事業者が決まりました - 愛知県蒲郡市公式ホームページ ページの先頭です。 メニューを飛ばして本文へ メニュー 検索 JavaScriptが無効のため、文字の大きさ・背景色を変更する機能を使用できません。 本文へ Foreign language 音声読み上げ ふりがな 閲覧補助 文字サイズ 拡大 標準 背景色 白 黒 青 閉じる 休日・救急医療 安心・ひろめーる AED設置場所 緊"
"蒲郡市","strong","44","「蒲郡市通学路交通安全プログラム」について - 愛知県蒲郡市公式ホームページ","https://www.city.gamagori.lg.jp/unit/gakko/koutsuu0304.html","「蒲郡市通学路交通安全プログラム」について","「蒲郡市通学路交通安全プログラム」について - 愛知県蒲郡市公式ホームページ ページの先頭です。 メニューを飛ばして本文へ メニュー 検索 JavaScriptが無効のため、文字の大きさ・背景色を変更する機能を使用できません。 本文へ Foreign language 音声読み上げ ふりがな 閲覧補助 文字サイズ 拡大 標準 背景色 白 黒 青 閉じる 休日・救急医療 安心・ひろめーる AED設置場所 緊急・防災情報 くらし・手続 防災"
"蒲郡市","strong","44","RSウイルス予防接種 - 蒲郡市保健医療センター - 愛知県蒲郡市公式ホームページ","https://www.city.gamagori.lg.jp/site/hokencenter/rsvirusyobousessyu.html","RSウイルス予防接種","RSウイルス予防接種 - 蒲郡市保健医療センター - 愛知県蒲郡市公式ホームページ ページの先頭です。 メニューを飛ばして本文へ メニュー 検索 JavaScriptが無効のため、文字の大きさ・背景色を変更する機能を使用できません。 本文へ Foreign language 音声読み上げ ふりがな 閲覧補助 文字サイズ 拡大 標準 背景色 白 黒 青 閉じる 休日・救急医療 安心・ひろめーる AED設置場所 緊急・防災情報 くらし・手続"
"蒲郡市","strong","44","【事業者様向け】初めてのふるさと納税セミナー - 愛知県蒲郡市公式ホームページ","https://www.city.gamagori.lg.jp/unit/sangyo/hometowntax-seminar-r8.html","【事業者様向け】初めてのふるさと納税セミナー","【事業者様向け】初めてのふるさと納税セミナー - 愛知県蒲郡市公式ホームページ ページの先頭です。 メニューを飛ばして本文へ メニュー 検索 JavaScriptが無効のため、文字の大きさ・背景色を変更する機能を使用できません。 本文へ Foreign language 音声読み上げ ふりがな 閲覧補助 文字サイズ 拡大 標準 背景色 白 黒 青 閉じる 休日・救急医療 安心・ひろめーる AED設置場所 緊急・防災情報 くらし・手続 防"
"蒲郡市","strong","44","令和８年度 蒲郡市竹島ふ頭等発着旅客船運航事業社会実験の事業者募集について - 愛知県蒲郡市公式ホームページ","https://www.city.gamagori.lg.jp/unit/minato/ryokakusen.html","令和８年度 蒲郡市竹島ふ頭等発着旅客船運航事業社会実験の事業者募集について","令和８年度 蒲郡市竹島ふ頭等発着旅客船運航事業社会実験の事業者募集について - 愛知県蒲郡市公式ホームページ ページの先頭です。 メニューを飛ばして本文へ メニュー 検索 JavaScriptが無効のため、文字の大きさ・背景色を変更する機能を使用できません。 本文へ Foreign language 音声読み上げ ふりがな 閲覧補助 文字サイズ 拡大 標準 背景色 白 黒 青 閉じる 休日・救急医療 安心・ひろめーる AED設置場所 緊"
"蒲郡市","strong","44","事業者の皆様へ】令和８年度蒲郡市企業紹介パンフレット 掲載企業を募集します - 愛知県蒲郡市公式ホームページ","https://www.city.gamagori.lg.jp/unit/sangyo/r5-kigyo-pamphlet-boshu.html","事業者の皆様へ】令和８年度蒲郡市企業紹介パンフレット 掲載企業を募集します","事業者の皆様へ】令和８年度蒲郡市企業紹介パンフレット 掲載企業を募集します - 愛知県蒲郡市公式ホームページ ページの先頭です。 メニューを飛ばして本文へ メニュー 検索 JavaScriptが無効のため、文字の大きさ・背景色を変更する機能を使用できません。 本文へ Foreign language 音声読み上げ ふりがな 閲覧補助 文字サイズ 拡大 標準 背景色 白 黒 青 閉じる 休日・救急医療 安心・ひろめーる AED設置場所 緊"
"蒲郡市","strong","44","ふるさと蒲郡応援寄附金 返礼品提供事業者募集 - 愛知県蒲郡市公式ホームページ","https://www.city.gamagori.lg.jp/unit/sangyo/henreihinbosyu.html","ふるさと蒲郡応援寄附金 返礼品提供事業者募集","ふるさと蒲郡応援寄附金 返礼品提供事業者募集 - 愛知県蒲郡市公式ホームページ ページの先頭です。 メニューを飛ばして本文へ メニュー 検索 JavaScriptが無効のため、文字の大きさ・背景色を変更する機能を使用できません。 本文へ Foreign language 音声読み上げ ふりがな 閲覧補助 文字サイズ 拡大 標準 背景色 白 黒 青 閉じる 休日・救急医療 安心・ひろめーる AED設置場所 緊急・防災情報 くらし・手続 防"
"蒲郡市","strong","44","蒲郡市公式LINEアカウントをご利用ください - 愛知県蒲郡市公式ホームページ","https://www.city.gamagori.lg.jp/site/line/","蒲郡市公式LINEアカウントをご利用ください","蒲郡市公式LINEアカウントをご利用ください - 愛知県蒲郡市公式ホームページ ページの先頭です。 メニューを飛ばして本文へ メニュー 検索 JavaScriptが無効のため、文字の大きさ・背景色を変更する機能を使用できません。 本文へ Foreign language 音声読み上げ ふりがな 閲覧補助 文字サイズ 拡大 標準 背景色 白 黒 青 閉じる 休日・救急医療 安心・ひろめーる AED設置場所 緊急・防災情報 くらし・手続 防"
"蒲郡市","strong","44","精神障害者保健福祉手帳・自立支援医療（精神通院）受給者証の更新期限をLINEで通知 - 愛知県蒲郡市公式ホームページ","https://www.city.gamagori.lg.jp/unit/fukushi/seishinnkousinnannnai.html","精神障害者保健福祉手帳・自立支援医療（精神通院）受給者証の更新期限をLINEで受け取れるようになりました","精神障害者保健福祉手帳・自立支援医療（精神通院）受給者証の更新期限をLINEで通知 - 愛知県蒲郡市公式ホームページ ページの先頭です。 メニューを飛ばして本文へ メニュー 検索 JavaScriptが無効のため、文字の大きさ・背景色を変更する機能を使用できません。 本文へ Foreign language 音声読み上げ ふりがな 閲覧補助 文字サイズ 拡大 標準 背景色 白 黒 青 閉じる 休日・救急医療 安心・ひろめーる AED設置"
"蒲郡市","strong","44","家具等転倒防止事業 - 愛知県蒲郡市公式ホームページ","https://www.city.gamagori.lg.jp/unit/kikikanri/kagutoritsuke.html","家具等転倒防止事業","家具等転倒防止事業 - 愛知県蒲郡市公式ホームページ ページの先頭です。 メニューを飛ばして本文へ メニュー 検索 JavaScriptが無効のため、文字の大きさ・背景色を変更する機能を使用できません。 本文へ Foreign language 音声読み上げ ふりがな 閲覧補助 文字サイズ 拡大 標準 背景色 白 黒 青 閉じる 休日・救急医療 安心・ひろめーる AED設置場所 緊急・防災情報 くらし・手続 防災・安全安心 マイナンバー"
"蒲郡市","strong","44","空き家譲渡所得３０００万円控除（被相続人居住用家屋等確認書） - 愛知県蒲郡市公式ホームページ","https://www.city.gamagori.lg.jp/unit/kenchiku/akiya3000kouzyo.html","空き家譲渡所得３０００万円控除（被相続人居住用家屋等確認書）","空き家譲渡所得３０００万円控除（被相続人居住用家屋等確認書） - 愛知県蒲郡市公式ホームページ ページの先頭です。 メニューを飛ばして本文へ メニュー 検索 JavaScriptが無効のため、文字の大きさ・背景色を変更する機能を使用できません。 本文へ Foreign language 音声読み上げ ふりがな 閲覧補助 文字サイズ 拡大 標準 背景色 白 黒 青 閉じる 休日・救急医療 安心・ひろめーる AED設置場所 緊急・防災情報 "
"蒲郡市","strong","44","耐震改修補助に係る税の優遇 - 愛知県蒲郡市公式ホームページ","https://www.city.gamagori.lg.jp/unit/kenchiku/taishinkaisyuu-zeiyuuguu.html","耐震改修補助に係る税の優遇","耐震改修補助に係る税の優遇 - 愛知県蒲郡市公式ホームページ ページの先頭です。 メニューを飛ばして本文へ メニュー 検索 JavaScriptが無効のため、文字の大きさ・背景色を変更する機能を使用できません。 本文へ Foreign language 音声読み上げ ふりがな 閲覧補助 文字サイズ 拡大 標準 背景色 白 黒 青 閉じる 休日・救急医療 安心・ひろめーる AED設置場所 緊急・防災情報 くらし・手続 防災・安全安心 マイ"
"蒲郡市","strong","44","中高層共同住宅の水道等特別取扱いについて - 水道課 - 愛知県蒲郡市公式ホームページ","https://www.city.gamagori.lg.jp/site/suido/chukoso.html","中高層共同住宅について","中高層共同住宅の水道等特別取扱いについて - 水道課 - 愛知県蒲郡市公式ホームページ ページの先頭です。 メニューを飛ばして本文へ メニュー 検索 JavaScriptが無効のため、文字の大きさ・背景色を変更する機能を使用できません。 本文へ Foreign language 音声読み上げ ふりがな 閲覧補助 文字サイズ 拡大 標準 背景色 白 黒 青 閉じる 休日・救急医療 安心・ひろめーる AED設置場所 緊急・防災情報 くらし・"
"蒲郡市","strong","44","個人番号カード（マイナンバーカード）顔写真証明書とは - 愛知県蒲郡市公式ホームページ","https://www.city.gamagori.lg.jp/unit/shimin/kozinnbanngouka-dokaozyasinn.html","個人番号カード（マイナンバーカード）顔写真証明書とは","個人番号カード（マイナンバーカード）顔写真証明書とは - 愛知県蒲郡市公式ホームページ ページの先頭です。 メニューを飛ばして本文へ メニュー 検索 JavaScriptが無効のため、文字の大きさ・背景色を変更する機能を使用できません。 本文へ Foreign language 音声読み上げ ふりがな 閲覧補助 文字サイズ 拡大 標準 背景色 白 黒 青 閉じる 休日・救急医療 安心・ひろめーる AED設置場所 緊急・防災情報 くらし・"
"蒲郡市","strong","44","旅券(パスポート)の氏名・本籍に変更が生じた方について - 愛知県蒲郡市公式ホームページ","https://www.city.gamagori.lg.jp/unit/shimin/passport-teisei.html","旅券(パスポート)の氏名・本籍に変更が生じた方について","旅券(パスポート)の氏名・本籍に変更が生じた方について - 愛知県蒲郡市公式ホームページ ページの先頭です。 メニューを飛ばして本文へ メニュー 検索 JavaScriptが無効のため、文字の大きさ・背景色を変更する機能を使用できません。 本文へ Foreign language 音声読み上げ ふりがな 閲覧補助 文字サイズ 拡大 標準 背景色 白 黒 青 閉じる 休日・救急医療 安心・ひろめーる AED設置場所 緊急・防災情報 くらし"
"蒲郡市","strong","44","旅券（パスポート）電子申請について - 愛知県蒲郡市公式ホームページ","https://www.city.gamagori.lg.jp/unit/shimin/passport-denshishinsei.html","旅券（パスポート）電子申請について","旅券（パスポート）電子申請について - 愛知県蒲郡市公式ホームページ ページの先頭です。 メニューを飛ばして本文へ メニュー 検索 JavaScriptが無効のため、文字の大きさ・背景色を変更する機能を使用できません。 本文へ Foreign language 音声読み上げ ふりがな 閲覧補助 文字サイズ 拡大 標準 背景色 白 黒 青 閉じる 休日・救急医療 安心・ひろめーる AED設置場所 緊急・防災情報 くらし・手続 防災・安全安"
"刈谷市","strong","43","イベントカレンダー","https://www.city.kariya.lg.jp/event_calendar.html?c40=40","子育て","イベントカレンダー｜刈谷市ホームページ 当ホームページではjavascriptを使用しています。 javascriptの使用を有効にしなければ、一部の機能が正確に動作しない恐れがあります。お手数ですがjavascriptの使用を有効にしてください。 エンターキーを押すと、ナビゲーション部分をスキップし本文へ移動します。 サイトマップ 文字サイズ・配色の変更 Foreign Language English portugues 한국어 中"
"刈谷市","strong","43","イベントカレンダー","https://www.city.kariya.lg.jp/event_calendar.html?c50=50","福祉・介護","イベントカレンダー｜刈谷市ホームページ 当ホームページではjavascriptを使用しています。 javascriptの使用を有効にしなければ、一部の機能が正確に動作しない恐れがあります。お手数ですがjavascriptの使用を有効にしてください。 エンターキーを押すと、ナビゲーション部分をスキップし本文へ移動します。 サイトマップ 文字サイズ・配色の変更 Foreign Language English portugues 한국어 中"
"刈谷市","strong","43","イベントカレンダー","https://www.city.kariya.lg.jp/event_calendar.html?c60=60","健康・医療","イベントカレンダー｜刈谷市ホームページ 当ホームページではjavascriptを使用しています。 javascriptの使用を有効にしなければ、一部の機能が正確に動作しない恐れがあります。お手数ですがjavascriptの使用を有効にしてください。 エンターキーを押すと、ナビゲーション部分をスキップし本文へ移動します。 サイトマップ 文字サイズ・配色の変更 Foreign Language English portugues 한국어 中"
"刈谷市","strong","43","妊婦健康診査","https://www.city.kariya.lg.jp/kosodatenavi/1014911/1014912/1016751.html","妊婦健康診査","妊婦健康診査｜かりや子育て応援ナビ 当ホームページではjavascriptを使用しています。 javascriptの使用を有効にしなければ、一部の機能が正確に動作しない恐れがあります。お手数ですがjavascriptの使用を有効にしてください。 エンターキーを押すと、ナビゲーション部分をスキップし本文へ移動します。 救急のとき いざというときに 災害時の避難所 休日診療案内 防災・減災 気象情報 衣浦東部広域連合 閉じる メニュー 目的"
"刈谷市","strong","43","ショートステイ（子育て短期支援事業）","https://www.city.kariya.lg.jp/kosodatenavi/1014911/1014913/1016782.html","ショートステイ（子育て短期支援事業）","ショートステイ（子育て短期支援事業）｜かりや子育て応援ナビ 当ホームページではjavascriptを使用しています。 javascriptの使用を有効にしなければ、一部の機能が正確に動作しない恐れがあります。お手数ですがjavascriptの使用を有効にしてください。 エンターキーを押すと、ナビゲーション部分をスキップし本文へ移動します。 救急のとき いざというときに 災害時の避難所 休日診療案内 防災・減災 気象情報 衣浦東部広域連合"
"刈谷市","strong","43","ショートステイ（子育て短期支援事業）","https://www.city.kariya.lg.jp/kosodatenavi/1014911/1016830/1016846.html","ショートステイ（子育て短期支援事業）","ショートステイ（子育て短期支援事業）｜かりや子育て応援ナビ 当ホームページではjavascriptを使用しています。 javascriptの使用を有効にしなければ、一部の機能が正確に動作しない恐れがあります。お手数ですがjavascriptの使用を有効にしてください。 エンターキーを押すと、ナビゲーション部分をスキップし本文へ移動します。 救急のとき いざというときに 災害時の避難所 休日診療案内 防災・減災 気象情報 衣浦東部広域連合"
"刈谷市","strong","43","中央子育て支援センター「つくしんぼ」","https://www.city.kariya.lg.jp/kosodatenavi/1014910/1011899/1016613/1016614.html","中央子育て支援センター「つくしんぼ」","中央子育て支援センター「つくしんぼ」｜かりや子育て応援ナビ 当ホームページではjavascriptを使用しています。 javascriptの使用を有効にしなければ、一部の機能が正確に動作しない恐れがあります。お手数ですがjavascriptの使用を有効にしてください。 エンターキーを押すと、ナビゲーション部分をスキップし本文へ移動します。 救急のとき いざというときに 災害時の避難所 休日診療案内 防災・減災 気象情報 衣浦東部広域連合"
"豊田市","strong","43","報道発表資料 障がい福祉サービス事業所への行政処分について","https://www.city.toyota.aichi.jp/pressrelease/1077298/1078005.html","報道発表資料 障がい福祉サービス事業所への行政処分について","報道発表資料 障がい福祉サービス事業所への行政処分について｜豊田市 当ホームページではjavascriptを使用しています。 javascriptの使用を有効にしなければ、一部の機能が正確に動作しない恐れがあります。お手数ですがjavascriptの使用を有効にしてください。 エンターキーを押すと、ナビゲーション部分をスキップし本文へ移動します。 豊田市 TOYOTA CITY サイト メニュー 庁舎案内 Select Language"
"豊田市","strong","43","障がい者の当事者団体","https://www.city.toyota.aichi.jp/kenkoiryo/shogai/1073267/1030036/1077301.html","障がい者の当事者団体","障がい者の当事者団体｜豊田市 当ホームページではjavascriptを使用しています。 javascriptの使用を有効にしなければ、一部の機能が正確に動作しない恐れがあります。お手数ですがjavascriptの使用を有効にしてください。 エンターキーを押すと、ナビゲーション部分をスキップし本文へ移動します。 豊田市 TOYOTA CITY サイト メニュー 庁舎案内 Select Language Afrikaans Albanian"
"豊田市","strong","43","被相続人居住用家屋等確認書の発行（令和6年1月1日以降の譲渡）","https://www.city.toyota.aichi.jp/torokushomei/shomeisho/1073319/1057086.html","被相続人居住用家屋等確認書の発行（令和6年1月1日以降の譲渡）","被相続人居住用家屋等確認書の発行（令和6年1月1日以降の譲渡）｜豊田市 当ホームページではjavascriptを使用しています。 javascriptの使用を有効にしなければ、一部の機能が正確に動作しない恐れがあります。お手数ですがjavascriptの使用を有効にしてください。 エンターキーを押すと、ナビゲーション部分をスキップし本文へ移動します。 豊田市 TOYOTA CITY サイト メニュー 庁舎案内 Select Langua"
"豊田市","strong","43","マタニティマークのストラップ配布","https://www.city.toyota.aichi.jp/kosodategakko/ninshin/1073749/1003324.html","マタニティマークのストラップ配布","マタニティマークのストラップ配布｜豊田市 当ホームページではjavascriptを使用しています。 javascriptの使用を有効にしなければ、一部の機能が正確に動作しない恐れがあります。お手数ですがjavascriptの使用を有効にしてください。 エンターキーを押すと、ナビゲーション部分をスキップし本文へ移動します。 豊田市 TOYOTA CITY サイト メニュー 庁舎案内 Select Language Afrikaans Al"
"豊田市","strong","43","妊産婦歯科健康診査","https://www.city.toyota.aichi.jp/kosodategakko/ninshin/1073749/1003323.html","妊産婦歯科健康診査","妊産婦歯科健康診査｜豊田市 当ホームページではjavascriptを使用しています。 javascriptの使用を有効にしなければ、一部の機能が正確に動作しない恐れがあります。お手数ですがjavascriptの使用を有効にしてください。 エンターキーを押すと、ナビゲーション部分をスキップし本文へ移動します。 豊田市 TOYOTA CITY サイト メニュー 庁舎案内 Select Language Afrikaans Albanian "
"豊田市","strong","43","妊娠中の歯 よくあるQ＆A","https://www.city.toyota.aichi.jp/kosodategakko/ninshin/1073749/1003325.html","妊娠中の歯 よくあるQ＆A","妊娠中の歯 よくあるQ＆A｜豊田市 当ホームページではjavascriptを使用しています。 javascriptの使用を有効にしなければ、一部の機能が正確に動作しない恐れがあります。お手数ですがjavascriptの使用を有効にしてください。 エンターキーを押すと、ナビゲーション部分をスキップし本文へ移動します。 豊田市 TOYOTA CITY サイト メニュー 庁舎案内 Select Language Afrikaans Alban"
"豊田市","strong","43","あなたにあった出産施設を探せるサイト「出産なび」","https://www.city.toyota.aichi.jp/kosodategakko/ninshin/1073749/1061500.html","あなたにあった出産施設を探せるサイト「出産なび」","あなたにあった出産施設を探せるサイト「出産なび」｜豊田市 当ホームページではjavascriptを使用しています。 javascriptの使用を有効にしなければ、一部の機能が正確に動作しない恐れがあります。お手数ですがjavascriptの使用を有効にしてください。 エンターキーを押すと、ナビゲーション部分をスキップし本文へ移動します。 豊田市 TOYOTA CITY サイト メニュー 庁舎案内 Select Language Afri"
"豊田市","strong","43","家庭訪問","https://www.city.toyota.aichi.jp/kosodategakko/ninshin/1073642/1003326.html","家庭訪問","家庭訪問｜豊田市 当ホームページではjavascriptを使用しています。 javascriptの使用を有効にしなければ、一部の機能が正確に動作しない恐れがあります。お手数ですがjavascriptの使用を有効にしてください。 エンターキーを押すと、ナビゲーション部分をスキップし本文へ移動します。 豊田市 TOYOTA CITY サイト メニュー 庁舎案内 Select Language Afrikaans Albanian Amhar"
"安城市","strong","43","安城市","https://www.city.anjo.aichi.jp/kurasu/sumai/index.html","住まい・土地","安城市／住まい・土地 このサイトではJavaScriptを使用したコンテンツ・機能を提供しています。JavaScriptを有効にするとご利用いただけます。 本文へスキップします。 安城市 受け継ぐ想いを 未来へ届ける 望遠郷 サイト内検索 ページID検索 設定 文字サイズ・色合い変更 Language メニュー 閉じる 緊急 情報 緊急情報 閉じる ホーム 生活・サービス 教育・学習 観光・文化・スポーツ 産業・入札 市政情報 ホーム "
"西尾市","strong","43","東日本大震災の被災者に対する発行手数料免除のお知らせ","https://www.city.nishio.aichi.jp/kurashi/koseki/1001378/1001747.html","東日本大震災の被災者に対する発行手数料免除のお知らせ","東日本大震災の被災者に対する発行手数料免除のお知らせ｜西尾市公式ウェブサイト 当ホームページではjavascriptを使用しています。 javascriptの使用を有効にしなければ、一部の機能が正確に動作しない恐れがあります。お手数ですがjavascriptの使用を有効にしてください。 エンターキーを押すと、ナビゲーション部分をスキップし本文へ移動します。 サイトマップ Select Language English 中文（简体字） 中"
"西尾市","strong","43","幼児教育・保育の無償化","https://www.city.nishio.aichi.jp/kosodate/hoikuen/1005133/1002381.html","幼児教育・保育の無償化","幼児教育・保育の無償化｜西尾市公式ウェブサイト 当ホームページではjavascriptを使用しています。 javascriptの使用を有効にしなければ、一部の機能が正確に動作しない恐れがあります。お手数ですがjavascriptの使用を有効にしてください。 エンターキーを押すと、ナビゲーション部分をスキップし本文へ移動します。 サイトマップ Select Language English 中文（简体字） 中文（繁體字） 한국어 Port"
"蒲郡市","strong","43","医療・救急・相談 - 蒲郡市保健医療センター - 愛知県蒲郡市公式ホームページ","https://www.city.gamagori.lg.jp/site/hokencenter/list245.html","医療・救急・相談","医療・救急・相談 - 蒲郡市保健医療センター - 愛知県蒲郡市公式ホームページ ページの先頭です。 メニューを飛ばして本文へ メニュー 検索 JavaScriptが無効のため、文字の大きさ・背景色を変更する機能を使用できません。 本文へ Foreign language 音声読み上げ ふりがな 閲覧補助 文字サイズ 拡大 標準 背景色 白 黒 青 閉じる 休日・救急医療 安心・ひろめーる AED設置場所 緊急・防災情報 くらし・手続 防"
"蒲郡市","strong","43","受診できる医療機関の検索とこどもの救急相談について - 蒲郡市保健医療センター - 愛知県蒲郡市公式ホームページ","https://www.city.gamagori.lg.jp/site/hokencenter/kyukyu-.html","受診できる医療機関の検索とこどもの救急相談について","受診できる医療機関の検索とこどもの救急相談について - 蒲郡市保健医療センター - 愛知県蒲郡市公式ホームページ ページの先頭です。 メニューを飛ばして本文へ メニュー 検索 JavaScriptが無効のため、文字の大きさ・背景色を変更する機能を使用できません。 本文へ Foreign language 音声読み上げ ふりがな 閲覧補助 文字サイズ 拡大 標準 背景色 白 黒 青 閉じる 休日・救急医療 安心・ひろめーる AED設置場所"
"蒲郡市","strong","43","高齢者の健康づくり - 蒲郡市保健医療センター - 愛知県蒲郡市公式ホームページ","https://www.city.gamagori.lg.jp/site/hokencenter/list483-2544.html","高齢者の健康づくり","高齢者の健康づくり - 蒲郡市保健医療センター - 愛知県蒲郡市公式ホームページ ページの先頭です。 メニューを飛ばして本文へ メニュー 検索 JavaScriptが無効のため、文字の大きさ・背景色を変更する機能を使用できません。 本文へ Foreign language 音声読み上げ ふりがな 閲覧補助 文字サイズ 拡大 標準 背景色 白 黒 青 閉じる 休日・救急医療 安心・ひろめーる AED設置場所 緊急・防災情報 くらし・手続 "
"蒲郡市","strong","43","風しん抗体検査・予防接種の費用助成 - 蒲郡市保健医療センター - 愛知県蒲郡市公式ホームページ","https://www.city.gamagori.lg.jp/site/hokencenter/list153-1442.html","風しん抗体検査・予防接種の費用助成","風しん抗体検査・予防接種の費用助成 - 蒲郡市保健医療センター - 愛知県蒲郡市公式ホームページ ページの先頭です。 メニューを飛ばして本文へ メニュー 検索 JavaScriptが無効のため、文字の大きさ・背景色を変更する機能を使用できません。 本文へ Foreign language 音声読み上げ ふりがな 閲覧補助 文字サイズ 拡大 標準 背景色 白 黒 青 閉じる 休日・救急医療 安心・ひろめーる AED設置場所 緊急・防災情報"
"蒲郡市","strong","43","水ぼうそう（水痘）予防接種 - 蒲郡市保健医療センター - 愛知県蒲郡市公式ホームページ","https://www.city.gamagori.lg.jp/site/hokencenter/mizuboso-virus.html","水ぼうそう（水痘）予防接種","水ぼうそう（水痘）予防接種 - 蒲郡市保健医療センター - 愛知県蒲郡市公式ホームページ ページの先頭です。 メニューを飛ばして本文へ メニュー 検索 JavaScriptが無効のため、文字の大きさ・背景色を変更する機能を使用できません。 本文へ Foreign language 音声読み上げ ふりがな 閲覧補助 文字サイズ 拡大 標準 背景色 白 黒 青 閉じる 休日・救急医療 安心・ひろめーる AED設置場所 緊急・防災情報 くらし"
"蒲郡市","strong","43","医療機関マップ（50音順） - 蒲郡市保健医療センター - 愛知県蒲郡市公式ホームページ","https://www.city.gamagori.lg.jp/site/hokencenter/iryoukikanmap.html","蒲郡市内医療機関マップ","医療機関マップ（50音順） - 蒲郡市保健医療センター - 愛知県蒲郡市公式ホームページ ページの先頭です。 メニューを飛ばして本文へ メニュー 検索 JavaScriptが無効のため、文字の大きさ・背景色を変更する機能を使用できません。 本文へ Foreign language 音声読み上げ ふりがな 閲覧補助 文字サイズ 拡大 標準 背景色 白 黒 青 閉じる 休日・救急医療 安心・ひろめーる AED設置場所 緊急・防災情報 くらし"
"蒲郡市","strong","43","令和８年７月在宅当番医 - 蒲郡市保健医療センター - 愛知県蒲郡市公式ホームページ","https://www.city.gamagori.lg.jp/site/hokencenter/zaitakuh.html","蒲郡市保健医療センターメニュー","令和８年７月在宅当番医 - 蒲郡市保健医療センター - 愛知県蒲郡市公式ホームページ ページの先頭です。 メニューを飛ばして本文へ メニュー 検索 JavaScriptが無効のため、文字の大きさ・背景色を変更する機能を使用できません。 本文へ Foreign language 音声読み上げ ふりがな 閲覧補助 文字サイズ 拡大 標準 背景色 白 黒 青 閉じる 休日・救急医療 安心・ひろめーる AED設置場所 緊急・防災情報 くらし・手"
"蒲郡市","strong","43","健康化政策全庁的推進プロジェクト - 蒲郡市保健医療センター - 愛知県蒲郡市公式ホームページ","https://www.city.gamagori.lg.jp/site/hokencenter/list483-2181.html","蒲郡市保健医療センターメニュー","健康化政策全庁的推進プロジェクト - 蒲郡市保健医療センター - 愛知県蒲郡市公式ホームページ ページの先頭です。 メニューを飛ばして本文へ メニュー 検索 JavaScriptが無効のため、文字の大きさ・背景色を変更する機能を使用できません。 本文へ Foreign language 音声読み上げ ふりがな 閲覧補助 文字サイズ 拡大 標準 背景色 白 黒 青 閉じる 休日・救急医療 安心・ひろめーる AED設置場所 緊急・防災情報 "
"蒲郡市","strong","43","がまごおり健康マイレージ - 蒲郡市保健医療センター - 愛知県蒲郡市公式ホームページ","https://www.city.gamagori.lg.jp/site/hokencenter/list483-2122.html","蒲郡市保健医療センターメニュー","がまごおり健康マイレージ - 蒲郡市保健医療センター - 愛知県蒲郡市公式ホームページ ページの先頭です。 メニューを飛ばして本文へ メニュー 検索 JavaScriptが無効のため、文字の大きさ・背景色を変更する機能を使用できません。 本文へ Foreign language 音声読み上げ ふりがな 閲覧補助 文字サイズ 拡大 標準 背景色 白 黒 青 閉じる 休日・救急医療 安心・ひろめーる AED設置場所 緊急・防災情報 くらし・"
"蒲郡市","strong","43","食育・栄養 - 蒲郡市保健医療センター - 愛知県蒲郡市公式ホームページ","https://www.city.gamagori.lg.jp/site/hokencenter/list483-2182.html","蒲郡市保健医療センターメニュー","食育・栄養 - 蒲郡市保健医療センター - 愛知県蒲郡市公式ホームページ ページの先頭です。 メニューを飛ばして本文へ メニュー 検索 JavaScriptが無効のため、文字の大きさ・背景色を変更する機能を使用できません。 本文へ Foreign language 音声読み上げ ふりがな 閲覧補助 文字サイズ 拡大 標準 背景色 白 黒 青 閉じる 休日・救急医療 安心・ひろめーる AED設置場所 緊急・防災情報 くらし・手続 防災・安"
"蒲郡市","strong","43","けんこう処 - 蒲郡市保健医療センター - 愛知県蒲郡市公式ホームページ","https://www.city.gamagori.lg.jp/site/hokencenter/list483-2441.html","蒲郡市保健医療センターメニュー","けんこう処 - 蒲郡市保健医療センター - 愛知県蒲郡市公式ホームページ ページの先頭です。 メニューを飛ばして本文へ メニュー 検索 JavaScriptが無効のため、文字の大きさ・背景色を変更する機能を使用できません。 本文へ Foreign language 音声読み上げ ふりがな 閲覧補助 文字サイズ 拡大 標準 背景色 白 黒 青 閉じる 休日・救急医療 安心・ひろめーる AED設置場所 緊急・防災情報 くらし・手続 防災・安"
"蒲郡市","strong","43","受動喫煙対策 - 蒲郡市保健医療センター - 愛知県蒲郡市公式ホームページ","https://www.city.gamagori.lg.jp/site/hokencenter/list483-2485.html","蒲郡市保健医療センターメニュー","受動喫煙対策 - 蒲郡市保健医療センター - 愛知県蒲郡市公式ホームページ ページの先頭です。 メニューを飛ばして本文へ メニュー 検索 JavaScriptが無効のため、文字の大きさ・背景色を変更する機能を使用できません。 本文へ Foreign language 音声読み上げ ふりがな 閲覧補助 文字サイズ 拡大 標準 背景色 白 黒 青 閉じる 休日・救急医療 安心・ひろめーる AED設置場所 緊急・防災情報 くらし・手続 防災・"
"蒲郡市","strong","43","歯科検診 - 蒲郡市保健医療センター - 愛知県蒲郡市公式ホームページ","https://www.city.gamagori.lg.jp/site/hokencenter/list154-1774.html","蒲郡市保健医療センターメニュー","歯科検診 - 蒲郡市保健医療センター - 愛知県蒲郡市公式ホームページ ページの先頭です。 メニューを飛ばして本文へ メニュー 検索 JavaScriptが無効のため、文字の大きさ・背景色を変更する機能を使用できません。 本文へ Foreign language 音声読み上げ ふりがな 閲覧補助 文字サイズ 拡大 標準 背景色 白 黒 青 閉じる 休日・救急医療 安心・ひろめーる AED設置場所 緊急・防災情報 くらし・手続 防災・安全"
"蒲郡市","strong","43","家庭訪問 - 蒲郡市保健医療センター - 愛知県蒲郡市公式ホームページ","https://www.city.gamagori.lg.jp/site/hokencenter/list154-1142.html","蒲郡市保健医療センターメニュー","家庭訪問 - 蒲郡市保健医療センター - 愛知県蒲郡市公式ホームページ ページの先頭です。 メニューを飛ばして本文へ メニュー 検索 JavaScriptが無効のため、文字の大きさ・背景色を変更する機能を使用できません。 本文へ Foreign language 音声読み上げ ふりがな 閲覧補助 文字サイズ 拡大 標準 背景色 白 黒 青 閉じる 休日・救急医療 安心・ひろめーる AED設置場所 緊急・防災情報 くらし・手続 防災・安全"
"蒲郡市","strong","43","献血・骨髄提供 - 蒲郡市保健医療センター - 愛知県蒲郡市公式ホームページ","https://www.city.gamagori.lg.jp/site/hokencenter/list154-564.html","蒲郡市保健医療センターメニュー","献血・骨髄提供 - 蒲郡市保健医療センター - 愛知県蒲郡市公式ホームページ ページの先頭です。 メニューを飛ばして本文へ メニュー 検索 JavaScriptが無効のため、文字の大きさ・背景色を変更する機能を使用できません。 本文へ Foreign language 音声読み上げ ふりがな 閲覧補助 文字サイズ 拡大 標準 背景色 白 黒 青 閉じる 休日・救急医療 安心・ひろめーる AED設置場所 緊急・防災情報 くらし・手続 防災"
"蒲郡市","strong","43","その他 - 蒲郡市保健医療センター - 愛知県蒲郡市公式ホームページ","https://www.city.gamagori.lg.jp/site/hokencenter/list154-1368.html","蒲郡市保健医療センターメニュー","その他 - 蒲郡市保健医療センター - 愛知県蒲郡市公式ホームページ ページの先頭です。 メニューを飛ばして本文へ メニュー 検索 JavaScriptが無効のため、文字の大きさ・背景色を変更する機能を使用できません。 本文へ Foreign language 音声読み上げ ふりがな 閲覧補助 文字サイズ 拡大 標準 背景色 白 黒 青 閉じる 休日・救急医療 安心・ひろめーる AED設置場所 緊急・防災情報 くらし・手続 防災・安全安"
"蒲郡市","strong","43","相談 - 蒲郡市保健医療センター - 愛知県蒲郡市公式ホームページ","https://www.city.gamagori.lg.jp/site/hokencenter/list245-1146.html","蒲郡市保健医療センターメニュー","相談 - 蒲郡市保健医療センター - 愛知県蒲郡市公式ホームページ ページの先頭です。 メニューを飛ばして本文へ メニュー 検索 JavaScriptが無効のため、文字の大きさ・背景色を変更する機能を使用できません。 本文へ Foreign language 音声読み上げ ふりがな 閲覧補助 文字サイズ 拡大 標準 背景色 白 黒 青 閉じる 休日・救急医療 安心・ひろめーる AED設置場所 緊急・防災情報 くらし・手続 防災・安全安心"
"蒲郡市","strong","43","訪問診療（歯科） - 蒲郡市保健医療センター - 愛知県蒲郡市公式ホームページ","https://www.city.gamagori.lg.jp/site/hokencenter/list245-1666.html","蒲郡市保健医療センターメニュー","訪問診療（歯科） - 蒲郡市保健医療センター - 愛知県蒲郡市公式ホームページ ページの先頭です。 メニューを飛ばして本文へ メニュー 検索 JavaScriptが無効のため、文字の大きさ・背景色を変更する機能を使用できません。 本文へ Foreign language 音声読み上げ ふりがな 閲覧補助 文字サイズ 拡大 標準 背景色 白 黒 青 閉じる 休日・救急医療 安心・ひろめーる AED設置場所 緊急・防災情報 くらし・手続 防"
"蒲郡市","strong","43","家庭訪問 - 蒲郡市保健医療センター - 愛知県蒲郡市公式ホームページ","https://www.city.gamagori.lg.jp/site/hokencenter/list296-1138.html","蒲郡市保健医療センターメニュー","家庭訪問 - 蒲郡市保健医療センター - 愛知県蒲郡市公式ホームページ ページの先頭です。 メニューを飛ばして本文へ メニュー 検索 JavaScriptが無効のため、文字の大きさ・背景色を変更する機能を使用できません。 本文へ Foreign language 音声読み上げ ふりがな 閲覧補助 文字サイズ 拡大 標準 背景色 白 黒 青 閉じる 休日・救急医療 安心・ひろめーる AED設置場所 緊急・防災情報 くらし・手続 防災・安全"
"蒲郡市","strong","43","その他 - 蒲郡市保健医療センター - 愛知県蒲郡市公式ホームページ","https://www.city.gamagori.lg.jp/site/hokencenter/list296-3599.html","蒲郡市保健医療センターメニュー","その他 - 蒲郡市保健医療センター - 愛知県蒲郡市公式ホームページ ページの先頭です。 メニューを飛ばして本文へ メニュー 検索 JavaScriptが無効のため、文字の大きさ・背景色を変更する機能を使用できません。 本文へ Foreign language 音声読み上げ ふりがな 閲覧補助 文字サイズ 拡大 標準 背景色 白 黒 青 閉じる 休日・救急医療 安心・ひろめーる AED設置場所 緊急・防災情報 くらし・手続 防災・安全安"
"蒲郡市","strong","43","予防接種 - 蒲郡市保健医療センター - 愛知県蒲郡市公式ホームページ","https://www.city.gamagori.lg.jp/site/hokencenter/list153.html","予防接種","予防接種 - 蒲郡市保健医療センター - 愛知県蒲郡市公式ホームページ ページの先頭です。 メニューを飛ばして本文へ メニュー 検索 JavaScriptが無効のため、文字の大きさ・背景色を変更する機能を使用できません。 本文へ Foreign language 音声読み上げ ふりがな 閲覧補助 文字サイズ 拡大 標準 背景色 白 黒 青 閉じる 休日・救急医療 安心・ひろめーる AED設置場所 緊急・防災情報 くらし・手続 防災・安全"
"蒲郡市","strong","43","保健センターでの教室のご紹介 - 蒲郡市保健医療センター - 愛知県蒲郡市公式ホームページ","https://www.city.gamagori.lg.jp/site/hokencenter/list332-1391.html","蒲郡市保健医療センターメニュー","保健センターでの教室のご紹介 - 蒲郡市保健医療センター - 愛知県蒲郡市公式ホームページ ページの先頭です。 メニューを飛ばして本文へ メニュー 検索 JavaScriptが無効のため、文字の大きさ・背景色を変更する機能を使用できません。 本文へ Foreign language 音声読み上げ ふりがな 閲覧補助 文字サイズ 拡大 標準 背景色 白 黒 青 閉じる 休日・救急医療 安心・ひろめーる AED設置場所 緊急・防災情報 くら"
"刈谷市","strong","42","スポーツ","https://www.city.kariya.lg.jp/kankobunka/sports/index.html","スポーツ","スポーツ｜刈谷市ホームページ 当ホームページではjavascriptを使用しています。 javascriptの使用を有効にしなければ、一部の機能が正確に動作しない恐れがあります。お手数ですがjavascriptの使用を有効にしてください。 エンターキーを押すと、ナビゲーション部分をスキップし本文へ移動します。 サイトマップ 文字サイズ・配色の変更 Foreign Language English portugues 한국어 中文（简化字"
"刈谷市","strong","42","スポーツの助成・支援","https://www.city.kariya.lg.jp/kankobunka/sports/sports_jyosei/index.html","スポーツの助成・支援","スポーツの助成・支援｜刈谷市ホームページ 当ホームページではjavascriptを使用しています。 javascriptの使用を有効にしなければ、一部の機能が正確に動作しない恐れがあります。お手数ですがjavascriptの使用を有効にしてください。 エンターキーを押すと、ナビゲーション部分をスキップし本文へ移動します。 サイトマップ 文字サイズ・配色の変更 Foreign Language English portugues 한국어 "
"豊田市","strong","42","子どもの健康・医療","https://www.city.toyota.aichi.jp/kosodategakko/kosodate/kenkou/index.html","子どもの健康・医療","子どもの健康・医療｜豊田市 当ホームページではjavascriptを使用しています。 javascriptの使用を有効にしなければ、一部の機能が正確に動作しない恐れがあります。お手数ですがjavascriptの使用を有効にしてください。 エンターキーを押すと、ナビゲーション部分をスキップし本文へ移動します。 豊田市 TOYOTA CITY サイト メニュー 庁舎案内 Select Language Afrikaans Albanian "
"豊田市","strong","42","妊娠・出産","https://www.city.toyota.aichi.jp/kosodategakko/ninshin/index.html","妊娠・出産","妊娠・出産｜豊田市 当ホームページではjavascriptを使用しています。 javascriptの使用を有効にしなければ、一部の機能が正確に動作しない恐れがあります。お手数ですがjavascriptの使用を有効にしてください。 エンターキーを押すと、ナビゲーション部分をスキップし本文へ移動します。 豊田市 TOYOTA CITY サイト メニュー 庁舎案内 Select Language Afrikaans Albanian Amha"
"豊田市","strong","42","補助金受付状況及び補助対象車一覧追加状況","https://www.city.toyota.aichi.jp/sumaikankyo/kankyo/hojokin/1002034.html","補助金受付状況及び補助対象車一覧追加状況","補助金受付状況及び補助対象車一覧追加状況｜豊田市 当ホームページではjavascriptを使用しています。 javascriptの使用を有効にしなければ、一部の機能が正確に動作しない恐れがあります。お手数ですがjavascriptの使用を有効にしてください。 エンターキーを押すと、ナビゲーション部分をスキップし本文へ移動します。 豊田市 TOYOTA CITY サイト メニュー 庁舎案内 Select Language Afrikaan"
"豊田市","strong","42","2026年5月（報道発表資料）","https://www.city.toyota.aichi.jp/pressrelease/1076558/index.html","2026年5月（報道発表資料）","2026年5月（報道発表資料）｜豊田市 当ホームページではjavascriptを使用しています。 javascriptの使用を有効にしなければ、一部の機能が正確に動作しない恐れがあります。お手数ですがjavascriptの使用を有効にしてください。 エンターキーを押すと、ナビゲーション部分をスキップし本文へ移動します。 豊田市 TOYOTA CITY サイト メニュー 庁舎案内 Select Language Afrikaans Alb"
"豊田市","strong","42","妊娠・出産の支援","https://www.city.toyota.aichi.jp/kosodategakko/ninshin/1073642/index.html","妊娠・出産の支援","妊娠・出産の支援｜豊田市 当ホームページではjavascriptを使用しています。 javascriptの使用を有効にしなければ、一部の機能が正確に動作しない恐れがあります。お手数ですがjavascriptの使用を有効にしてください。 エンターキーを押すと、ナビゲーション部分をスキップし本文へ移動します。 豊田市 TOYOTA CITY サイト メニュー 庁舎案内 Select Language Afrikaans Albanian A"
"豊田市","strong","42","子どもを預ける","https://www.city.toyota.aichi.jp/kosodategakko/kosodate/azukari/index.html","子どもを預ける","子どもを預ける｜豊田市 当ホームページではjavascriptを使用しています。 javascriptの使用を有効にしなければ、一部の機能が正確に動作しない恐れがあります。お手数ですがjavascriptの使用を有効にしてください。 エンターキーを押すと、ナビゲーション部分をスキップし本文へ移動します。 豊田市 TOYOTA CITY サイト メニュー 庁舎案内 Select Language Afrikaans Albanian Am"
"安城市","strong","42","安城市","https://www.city.anjo.aichi.jp/kurasu/zeikin/shiminzei/genmen.html","市民税・県民税減免申請書・森林環境税免除申請書の配信","安城市／市民税・県民税の減免・森林環境税の免除 このサイトではJavaScriptを使用したコンテンツ・機能を提供しています。JavaScriptを有効にするとご利用いただけます。 本文へスキップします。 安城市 受け継ぐ想いを 未来へ届ける 望遠郷 サイト内検索 ページID検索 設定 文字サイズ・色合い変更 Language メニュー 閉じる 緊急 情報 緊急情報 閉じる ホーム 生活・サービス 教育・学習 観光・文化・スポーツ 産業"
"安城市","strong","42","安城市","https://www.city.anjo.aichi.jp/kurasu/kosodate/teateshien/jidofuyoteate.html","児童扶養手当","安城市／児童扶養手当 このサイトではJavaScriptを使用したコンテンツ・機能を提供しています。JavaScriptを有効にするとご利用いただけます。 本文へスキップします。 安城市 受け継ぐ想いを 未来へ届ける 望遠郷 サイト内検索 ページID検索 設定 文字サイズ・色合い変更 Language メニュー 閉じる 緊急 情報 緊急情報 閉じる ホーム 生活・サービス 教育・学習 観光・文化・スポーツ 産業・入札 市政情報 ホーム "
"安城市","strong","42","安城市","https://www.city.anjo.aichi.jp/manabu/gakko/kyusyoku/documents/documents/gakkokyusyokuhojyoinn.html","学校給食補助員の募集について","安城市／学校給食補助員の募集について このサイトではJavaScriptを使用したコンテンツ・機能を提供しています。JavaScriptを有効にするとご利用いただけます。 本文へスキップします。 安城市 受け継ぐ想いを 未来へ届ける 望遠郷 サイト内検索 ページID検索 設定 文字サイズ・色合い変更 Language メニュー 閉じる 緊急 情報 緊急情報 閉じる ホーム 生活・サービス 教育・学習 観光・文化・スポーツ 産業・入札 市"
"安城市","strong","42","安城市","https://www.city.anjo.aichi.jp/kurasu/suido/gesuido/gesuidosetsuzoku/usuichoryu.html","安城市雨水貯留施設補助金制度","安城市／雨水貯留浸透施設設置補助事業（既存浄化槽転用雨水貯留槽）について このサイトではJavaScriptを使用したコンテンツ・機能を提供しています。JavaScriptを有効にするとご利用いただけます。 本文へスキップします。 安城市 受け継ぐ想いを 未来へ届ける 望遠郷 サイト内検索 ページID検索 設定 文字サイズ・色合い変更 Language メニュー 閉じる 緊急 情報 緊急情報 閉じる ホーム 生活・サービス 教育・学習 "
"安城市","strong","42","安城市","https://www.city.anjo.aichi.jp/kurasu/hojoseido/tosiryokkokasuisinnhozyoseido.html","安城市都市緑化推進事業補助金制度","安城市／安城市都市緑化推進事業補助制度 このサイトではJavaScriptを使用したコンテンツ・機能を提供しています。JavaScriptを有効にするとご利用いただけます。 本文へスキップします。 安城市 受け継ぐ想いを 未来へ届ける 望遠郷 サイト内検索 ページID検索 設定 文字サイズ・色合い変更 Language メニュー 閉じる 緊急 情報 緊急情報 閉じる ホーム 生活・サービス 教育・学習 観光・文化・スポーツ 産業・入札 "
"安城市","strong","42","安城市","https://www.city.anjo.aichi.jp/kurasu/hojoseido/matukuihojo.html","松くい虫薬剤防除・松くい虫被害木自主駆除補助金制度","安城市／松くい虫薬剤防除・松くい虫被害木自主駆除補助金制度 このサイトではJavaScriptを使用したコンテンツ・機能を提供しています。JavaScriptを有効にするとご利用いただけます。 本文へスキップします。 安城市 受け継ぐ想いを 未来へ届ける 望遠郷 サイト内検索 ページID検索 設定 文字サイズ・色合い変更 Language メニュー 閉じる 緊急 情報 緊急情報 閉じる ホーム 生活・サービス 教育・学習 観光・文化・ス"
"安城市","strong","42","安城市","https://www.city.anjo.aichi.jp/kurasu/bosaibohan/shitorikumi/usui.html","雨水貯留浸透施設設置補助事業","安城市／雨水タンクなど雨水貯留・浸透施設の設置にかかる費用を補助します このサイトではJavaScriptを使用したコンテンツ・機能を提供しています。JavaScriptを有効にするとご利用いただけます。 本文へスキップします。 安城市 受け継ぐ想いを 未来へ届ける 望遠郷 サイト内検索 ページID検索 設定 文字サイズ・色合い変更 Language メニュー 閉じる 緊急 情報 緊急情報 閉じる ホーム 生活・サービス 教育・学習 観"
"安城市","strong","42","安城市","https://www.city.anjo.aichi.jp/kurasu/machidukuri/r6kokunaikouryu.html","国内交流事業補助金","安城市／国内交流事業補助金 このサイトではJavaScriptを使用したコンテンツ・機能を提供しています。JavaScriptを有効にするとご利用いただけます。 本文へスキップします。 安城市 受け継ぐ想いを 未来へ届ける 望遠郷 サイト内検索 ページID検索 設定 文字サイズ・色合い変更 Language メニュー 閉じる 緊急 情報 緊急情報 閉じる ホーム 生活・サービス 教育・学習 観光・文化・スポーツ 産業・入札 市政情報 ホ"
"安城市","strong","42","安城市","https://www.city.anjo.aichi.jp/shisei/kokusai/tabunkakyosei-hojokin.html","安城市多文化共生推進活動事業補助金","安城市／安城市多文化共生推進活動事業補助金 このサイトではJavaScriptを使用したコンテンツ・機能を提供しています。JavaScriptを有効にするとご利用いただけます。 本文へスキップします。 安城市 受け継ぐ想いを 未来へ届ける 望遠郷 サイト内検索 ページID検索 設定 文字サイズ・色合い変更 Language メニュー 閉じる 緊急 情報 緊急情報 閉じる ホーム 生活・サービス 教育・学習 観光・文化・スポーツ 産業・入"
"蒲郡市","strong","42","住宅用家屋証明書 - 愛知県蒲郡市公式ホームページ","https://www.city.gamagori.lg.jp/unit/zeimu/setsumei15.html","住宅用家屋証明書","住宅用家屋証明書 - 愛知県蒲郡市公式ホームページ ページの先頭です。 メニューを飛ばして本文へ メニュー 検索 JavaScriptが無効のため、文字の大きさ・背景色を変更する機能を使用できません。 本文へ Foreign language 音声読み上げ ふりがな 閲覧補助 文字サイズ 拡大 標準 背景色 白 黒 青 閉じる 休日・救急医療 安心・ひろめーる AED設置場所 緊急・防災情報 くらし・手続 防災・安全安心 マイナンバーカ"
"蒲郡市","strong","42","市営住宅入居者随時募集の実施 - 愛知県蒲郡市公式ホームページ","https://www.city.gamagori.lg.jp/unit/kenchiku/shieizuijiboshu.html","市営住宅入居者随時募集の実施","市営住宅入居者随時募集の実施 - 愛知県蒲郡市公式ホームページ ページの先頭です。 メニューを飛ばして本文へ メニュー 検索 JavaScriptが無効のため、文字の大きさ・背景色を変更する機能を使用できません。 本文へ Foreign language 音声読み上げ ふりがな 閲覧補助 文字サイズ 拡大 標準 背景色 白 黒 青 閉じる 休日・救急医療 安心・ひろめーる AED設置場所 緊急・防災情報 くらし・手続 防災・安全安心 マ"
"蒲郡市","strong","42","【蒲郡市国民健康保険の方が対象】出張特定健診のお知らせ(公民館や保健医療センターで特定健診を受けられます) - 愛知県蒲郡市公式ホームページ","https://www.city.gamagori.lg.jp/unit/nenkin/tokuteikensin.html","【蒲郡市国民健康保険の方が対象】出張特定健診のお知らせ(公民館や保健医療センターで特定健診を受けられます)","【蒲郡市国民健康保険の方が対象】出張特定健診のお知らせ(公民館や保健医療センターで特定健診を受けられます) - 愛知県蒲郡市公式ホームページ ページの先頭です。 メニューを飛ばして本文へ メニュー 検索 JavaScriptが無効のため、文字の大きさ・背景色を変更する機能を使用できません。 本文へ Foreign language 音声読み上げ ふりがな 閲覧補助 文字サイズ 拡大 標準 背景色 白 黒 青 閉じる 休日・救急医療 安心"
"蒲郡市","strong","42","【参加者募集中！】小学生向け再生医療体験講座 夢の医療のしくみとふしぎ 見の回りにいる再生生物を調べよう２０２６ - 愛知県蒲郡市公式ホームページ","https://www.city.gamagori.lg.jp/unit/sangyo/shogakusei07.html","【参加者募集中！】小学生向け再生医療体験講座 夢の医療のしくみとふしぎ 見の回りにいる再生生物を調べよう２０２６","【参加者募集中！】小学生向け再生医療体験講座 夢の医療のしくみとふしぎ 見の回りにいる再生生物を調べよう２０２６ - 愛知県蒲郡市公式ホームページ ページの先頭です。 メニューを飛ばして本文へ メニュー 検索 JavaScriptが無効のため、文字の大きさ・背景色を変更する機能を使用できません。 本文へ Foreign language 音声読み上げ ふりがな 閲覧補助 文字サイズ 拡大 標準 背景色 白 黒 青 閉じる 休日・救急医療"
"蒲郡市","strong","42","【中学１年生〜高校３年生対象！参加者募集中！】再生医療学会見学バスツアーを開催します - 愛知県蒲郡市公式ホームページ","https://www.city.gamagori.lg.jp/unit/sangyo/seito-r06.html","【中学１年生〜高校３年生対象！参加者募集中！】再生医療学会見学バスツアーを開催します","【中学１年生〜高校３年生対象！参加者募集中！】再生医療学会見学バスツアーを開催します - 愛知県蒲郡市公式ホームページ ページの先頭です。 メニューを飛ばして本文へ メニュー 検索 JavaScriptが無効のため、文字の大きさ・背景色を変更する機能を使用できません。 本文へ Foreign language 音声読み上げ ふりがな 閲覧補助 文字サイズ 拡大 標準 背景色 白 黒 青 閉じる 休日・救急医療 安心・ひろめーる AED設"
"蒲郡市","strong","42","【令和７年度事業】再生医療公開講座「もっと身近になる夢の医療〜白斑治療をはじめとする『再生医療』の今〜 - 愛知県蒲郡市公式ホームページ","https://www.city.gamagori.lg.jp/unit/sangyo/saiseiiryou-r6-seminar.html","【令和７年度事業】再生医療公開講座「もっと身近になる夢の医療〜白斑治療をはじめとする『再生医療』の今〜","【令和７年度事業】再生医療公開講座「もっと身近になる夢の医療〜白斑治療をはじめとする『再生医療』の今〜 - 愛知県蒲郡市公式ホームページ ページの先頭です。 メニューを飛ばして本文へ メニュー 検索 JavaScriptが無効のため、文字の大きさ・背景色を変更する機能を使用できません。 本文へ Foreign language 音声読み上げ ふりがな 閲覧補助 文字サイズ 拡大 標準 背景色 白 黒 青 閉じる 休日・救急医療 安心・ひ"
"蒲郡市","strong","42","ふるさと蒲郡応援寄附金（ふるさと納税） - 愛知県蒲郡市公式ホームページ","https://www.city.gamagori.lg.jp/unit/sangyo/hurusatogamagoori.html","ふるさと蒲郡応援寄附金（ふるさと納税）","ふるさと蒲郡応援寄附金（ふるさと納税） - 愛知県蒲郡市公式ホームページ ページの先頭です。 メニューを飛ばして本文へ メニュー 検索 JavaScriptが無効のため、文字の大きさ・背景色を変更する機能を使用できません。 本文へ Foreign language 音声読み上げ ふりがな 閲覧補助 文字サイズ 拡大 標準 背景色 白 黒 青 閉じる 休日・救急医療 安心・ひろめーる AED設置場所 緊急・防災情報 くらし・手続 防災・安"
"蒲郡市","strong","42","SL写真とミニチュア機関車展（７/１８〜７/２０） - 蒲郡市博物館 - 愛知県蒲郡市公式ホームページ","https://www.city.gamagori.lg.jp/site/museum/gamahakusl2026.html","SL写真とミニチュア機関車展（７/１８〜７/２０）","SL写真とミニチュア機関車展（７/１８〜７/２０） - 蒲郡市博物館 - 愛知県蒲郡市公式ホームページ ページの先頭です。 メニューを飛ばして本文へ メニュー 検索 JavaScriptが無効のため、文字の大きさ・背景色を変更する機能を使用できません。 本文へ Foreign language 音声読み上げ ふりがな 閲覧補助 文字サイズ 拡大 標準 背景色 白 黒 青 閉じる 休日・救急医療 安心・ひろめーる AED設置場所 緊急・防"
"蒲郡市","strong","42","企画展「蒲郡港開港60周年 海を埋める・海を拓く」 - 蒲郡市博物館 - 愛知県蒲郡市公式ホームページ","https://www.city.gamagori.lg.jp/site/museum/gamagoriport2026.html","企画展「蒲郡港開港60周年 海を埋める・海を拓く」","企画展「蒲郡港開港60周年 海を埋める・海を拓く」 - 蒲郡市博物館 - 愛知県蒲郡市公式ホームページ ページの先頭です。 メニューを飛ばして本文へ メニュー 検索 JavaScriptが無効のため、文字の大きさ・背景色を変更する機能を使用できません。 本文へ Foreign language 音声読み上げ ふりがな 閲覧補助 文字サイズ 拡大 標準 背景色 白 黒 青 閉じる 休日・救急医療 安心・ひろめーる AED設置場所 緊急・防"
"蒲郡市","strong","42","蒲郡市勤労福祉会館 - 愛知県蒲郡市公式ホームページ","https://www.city.gamagori.lg.jp/site/kinpuku/","勤労福祉会館","蒲郡市勤労福祉会館 - 愛知県蒲郡市公式ホームページ ページの先頭です。 メニューを飛ばして本文へ メニュー 検索 JavaScriptが無効のため、文字の大きさ・背景色を変更する機能を使用できません。 本文へ Foreign language 音声読み上げ ふりがな 閲覧補助 文字サイズ 拡大 標準 背景色 白 黒 青 閉じる 休日・救急医療 安心・ひろめーる AED設置場所 緊急・防災情報 くらし・手続 防災・安全安心 マイナンバー"
"蒲郡市","strong","42","再生医療のまちづくり - 愛知県蒲郡市公式ホームページ","https://www.city.gamagori.lg.jp/unit/sangyo/regenerative-medeicine.html","再生医療のまちづくり","再生医療のまちづくり - 愛知県蒲郡市公式ホームページ ページの先頭です。 メニューを飛ばして本文へ メニュー 検索 JavaScriptが無効のため、文字の大きさ・背景色を変更する機能を使用できません。 本文へ Foreign language 音声読み上げ ふりがな 閲覧補助 文字サイズ 拡大 標準 背景色 白 黒 青 閉じる 休日・救急医療 安心・ひろめーる AED設置場所 緊急・防災情報 くらし・手続 防災・安全安心 マイナンバ"
"蒲郡市","strong","42","蒲郡市公式ホームページアクセス数（総合計・施設別） - このサイトの使い方 - 愛知県蒲郡市公式ホームページ","https://www.city.gamagori.lg.jp/site/site/access-count.html","児童館・子育て支援センター","蒲郡市公式ホームページアクセス数（総合計・施設別） - このサイトの使い方 - 愛知県蒲郡市公式ホームページ ページの先頭です。 メニューを飛ばして本文へ メニュー 検索 JavaScriptが無効のため、文字の大きさ・背景色を変更する機能を使用できません。 本文へ Foreign language 音声読み上げ ふりがな 閲覧補助 文字サイズ 拡大 標準 背景色 白 黒 青 閉じる 休日・救急医療 安心・ひろめーる AED設置場所 緊"
"蒲郡市","strong","42","蒲郡市公式Webサイトバナー広告を募集しています - 愛知県蒲郡市公式ホームページ","https://www.city.gamagori.lg.jp/unit/digital/web-kokoku.html","蒲郡市公式Webサイトバナー広告を募集しています","蒲郡市公式Webサイトバナー広告を募集しています - 愛知県蒲郡市公式ホームページ ページの先頭です。 メニューを飛ばして本文へ メニュー 検索 JavaScriptが無効のため、文字の大きさ・背景色を変更する機能を使用できません。 本文へ Foreign language 音声読み上げ ふりがな 閲覧補助 文字サイズ 拡大 標準 背景色 白 黒 青 閉じる 休日・救急医療 安心・ひろめーる AED設置場所 緊急・防災情報 くらし・手続"
"蒲郡市","strong","42","保健センターからのお知らせ - 蒲郡市保健医療センター - 愛知県蒲郡市公式ホームページ","https://www.city.gamagori.lg.jp/site/hokencenter/list332-1544.html","蒲郡市保健医療センターメニュー","保健センターからのお知らせ - 蒲郡市保健医療センター - 愛知県蒲郡市公式ホームページ ページの先頭です。 メニューを飛ばして本文へ メニュー 検索 JavaScriptが無効のため、文字の大きさ・背景色を変更する機能を使用できません。 本文へ Foreign language 音声読み上げ ふりがな 閲覧補助 文字サイズ 拡大 標準 背景色 白 黒 青 閉じる 休日・救急医療 安心・ひろめーる AED設置場所 緊急・防災情報 くらし"
"蒲郡市","strong","42","オンライン子育て相談 - オンライン診療・服薬指導 検証について - 愛知県蒲郡市公式ホームページ","https://www.city.gamagori.lg.jp/site/medical-online/online-kosodatesoudan.html","子育てに関する相談","オンライン子育て相談 - オンライン診療・服薬指導 検証について - 愛知県蒲郡市公式ホームページ ページの先頭です。 メニューを飛ばして本文へ メニュー 検索 JavaScriptが無効のため、文字の大きさ・背景色を変更する機能を使用できません。 本文へ Foreign language 音声読み上げ ふりがな 閲覧補助 文字サイズ 拡大 標準 背景色 白 黒 青 閉じる 休日・救急医療 安心・ひろめーる AED設置場所 緊急・防災情"
"蒲郡市","strong","42","「土のう」の配布について - 緊急情報 - 愛知県蒲郡市公式ホームページ","https://www.city.gamagori.lg.jp/site/kinkyu/dono.html","「土のう」の配布について","「土のう」の配布について - 緊急情報 - 愛知県蒲郡市公式ホームページ ページの先頭です。 メニューを飛ばして本文へ メニュー 検索 JavaScriptが無効のため、文字の大きさ・背景色を変更する機能を使用できません。 本文へ Foreign language 音声読み上げ ふりがな 閲覧補助 文字サイズ 拡大 標準 背景色 白 黒 青 閉じる 休日・救急医療 安心・ひろめーる AED設置場所 緊急・防災情報 くらし・手続 防災・安"
"蒲郡市","strong","42","２８０MHｚデジタル防災行政ラジオを予約販売しています - 緊急情報 - 愛知県蒲郡市公式ホームページ","https://www.city.gamagori.lg.jp/site/kinkyu/radio.html","２８０MHｚデジタル防災行政ラジオを予約販売しています","２８０MHｚデジタル防災行政ラジオを予約販売しています - 緊急情報 - 愛知県蒲郡市公式ホームページ ページの先頭です。 メニューを飛ばして本文へ メニュー 検索 JavaScriptが無効のため、文字の大きさ・背景色を変更する機能を使用できません。 本文へ Foreign language 音声読み上げ ふりがな 閲覧補助 文字サイズ 拡大 標準 背景色 白 黒 青 閉じる 休日・救急医療 安心・ひろめーる AED設置場所 緊急・防"
"蒲郡市","strong","42","防災行政無線子局（屋外スピーカー）について - 緊急情報 - 愛知県蒲郡市公式ホームページ","https://www.city.gamagori.lg.jp/site/kinkyu/okugaikakuseiki.html","防災行政無線子局（屋外スピーカー）について","防災行政無線子局（屋外スピーカー）について - 緊急情報 - 愛知県蒲郡市公式ホームページ ページの先頭です。 メニューを飛ばして本文へ メニュー 検索 JavaScriptが無効のため、文字の大きさ・背景色を変更する機能を使用できません。 本文へ Foreign language 音声読み上げ ふりがな 閲覧補助 文字サイズ 拡大 標準 背景色 白 黒 青 閉じる 休日・救急医療 安心・ひろめーる AED設置場所 緊急・防災情報 くら"
"蒲郡市","strong","42","令和8年度 下水道ポスター募集 - 下水道 - 愛知県蒲郡市公式ホームページ","https://www.city.gamagori.lg.jp/site/gesui/r8-gesui-poster.html","令和8年度 下水道ポスター募集","令和8年度 下水道ポスター募集 - 下水道 - 愛知県蒲郡市公式ホームページ ページの先頭です。 メニューを飛ばして本文へ メニュー 検索 JavaScriptが無効のため、文字の大きさ・背景色を変更する機能を使用できません。 本文へ Foreign language 音声読み上げ ふりがな 閲覧補助 文字サイズ 拡大 標準 背景色 白 黒 青 閉じる 休日・救急医療 安心・ひろめーる AED設置場所 緊急・防災情報 くらし・手続 防災"
"蒲郡市","strong","42","野犬対策について - 愛知県蒲郡市公式ホームページ","https://www.city.gamagori.lg.jp/unit/kankyo/dobutsu-yaken.html","野犬対策について","野犬対策について - 愛知県蒲郡市公式ホームページ ページの先頭です。 メニューを飛ばして本文へ メニュー 検索 JavaScriptが無効のため、文字の大きさ・背景色を変更する機能を使用できません。 本文へ Foreign language 音声読み上げ ふりがな 閲覧補助 文字サイズ 拡大 標準 背景色 白 黒 青 閉じる 休日・救急医療 安心・ひろめーる AED設置場所 緊急・防災情報 くらし・手続 防災・安全安心 マイナンバーカ"
"蒲郡市","strong","42","第17回蒲郡市日本語スピーチコンテスト出場者を募集します - 愛知県蒲郡市公式ホームページ","https://www.city.gamagori.lg.jp/unit/kyodo/gia-r8japanese-speech-contest.html","第17回蒲郡市日本語スピーチコンテスト出場者を募集します","第17回蒲郡市日本語スピーチコンテスト出場者を募集します - 愛知県蒲郡市公式ホームページ ページの先頭です。 メニューを飛ばして本文へ メニュー 検索 JavaScriptが無効のため、文字の大きさ・背景色を変更する機能を使用できません。 本文へ Foreign language 音声読み上げ ふりがな 閲覧補助 文字サイズ 拡大 標準 背景色 白 黒 青 閉じる 休日・救急医療 安心・ひろめーる AED設置場所 緊急・防災情報 くら"
"蒲郡市","strong","42","蒲郡市高齢者運転免許自主返納支援事業 - 愛知県蒲郡市公式ホームページ","https://www.city.gamagori.lg.jp/unit/kotsu/menkyohenno.html","蒲郡市高齢者運転免許自主返納支援事業","蒲郡市高齢者運転免許自主返納支援事業 - 愛知県蒲郡市公式ホームページ ページの先頭です。 メニューを飛ばして本文へ メニュー 検索 JavaScriptが無効のため、文字の大きさ・背景色を変更する機能を使用できません。 本文へ Foreign language 音声読み上げ ふりがな 閲覧補助 文字サイズ 拡大 標準 背景色 白 黒 青 閉じる 休日・救急医療 安心・ひろめーる AED設置場所 緊急・防災情報 くらし・手続 防災・安全"
"蒲郡市","strong","42","住宅ローン控除 - 愛知県蒲郡市公式ホームページ","https://www.city.gamagori.lg.jp/unit/zeimu/jutakukoujo.html","住宅ローン控除","住宅ローン控除 - 愛知県蒲郡市公式ホームページ ページの先頭です。 メニューを飛ばして本文へ メニュー 検索 JavaScriptが無効のため、文字の大きさ・背景色を変更する機能を使用できません。 本文へ Foreign language 音声読み上げ ふりがな 閲覧補助 文字サイズ 拡大 標準 背景色 白 黒 青 閉じる 休日・救急医療 安心・ひろめーる AED設置場所 緊急・防災情報 くらし・手続 防災・安全安心 マイナンバーカー"
"蒲郡市","strong","42","交通死亡事故発生速報 - 愛知県蒲郡市公式ホームページ","https://www.city.gamagori.lg.jp/unit/kotsu/shibojiko.html","交通死亡事故発生速報","交通死亡事故発生速報 - 愛知県蒲郡市公式ホームページ ページの先頭です。 メニューを飛ばして本文へ メニュー 検索 JavaScriptが無効のため、文字の大きさ・背景色を変更する機能を使用できません。 本文へ Foreign language 音声読み上げ ふりがな 閲覧補助 文字サイズ 拡大 標準 背景色 白 黒 青 閉じる 休日・救急医療 安心・ひろめーる AED設置場所 緊急・防災情報 くらし・手続 防災・安全安心 マイナンバ"
"蒲郡市","strong","42","令和８年度 自主防災会リーダー研修について - 愛知県蒲郡市公式ホームページ","https://www.city.gamagori.lg.jp/unit/kikikanri/reiwa6nenndori-da-kennsyuu.html","令和８年度 自主防災会リーダー研修について","令和８年度 自主防災会リーダー研修について - 愛知県蒲郡市公式ホームページ ページの先頭です。 メニューを飛ばして本文へ メニュー 検索 JavaScriptが無効のため、文字の大きさ・背景色を変更する機能を使用できません。 本文へ Foreign language 音声読み上げ ふりがな 閲覧補助 文字サイズ 拡大 標準 背景色 白 黒 青 閉じる 休日・救急医療 安心・ひろめーる AED設置場所 緊急・防災情報 くらし・手続 防災"
"蒲郡市","strong","42","消費生活相談窓口 - 愛知県蒲郡市公式ホームページ","https://www.city.gamagori.lg.jp/unit/kotsu/madoguchi.html","消費生活相談窓口","消費生活相談窓口 - 愛知県蒲郡市公式ホームページ ページの先頭です。 メニューを飛ばして本文へ メニュー 検索 JavaScriptが無効のため、文字の大きさ・背景色を変更する機能を使用できません。 本文へ Foreign language 音声読み上げ ふりがな 閲覧補助 文字サイズ 拡大 標準 背景色 白 黒 青 閉じる 休日・救急医療 安心・ひろめーる AED設置場所 緊急・防災情報 くらし・手続 防災・安全安心 マイナンバーカ"
"蒲郡市","strong","42","クーリングオフ制度のご案内 - 愛知県蒲郡市公式ホームページ","https://www.city.gamagori.lg.jp/unit/kotsu/kaiyaku.html","クーリングオフ制度のご案内","クーリングオフ制度のご案内 - 愛知県蒲郡市公式ホームページ ページの先頭です。 メニューを飛ばして本文へ メニュー 検索 JavaScriptが無効のため、文字の大きさ・背景色を変更する機能を使用できません。 本文へ Foreign language 音声読み上げ ふりがな 閲覧補助 文字サイズ 拡大 標準 背景色 白 黒 青 閉じる 休日・救急医療 安心・ひろめーる AED設置場所 緊急・防災情報 くらし・手続 防災・安全安心 マイ"
"蒲郡市","strong","42","住民基本台帳カード - 愛知県蒲郡市公式ホームページ","https://www.city.gamagori.lg.jp/unit/shimin/jukinetto.html","住民基本台帳カード","住民基本台帳カード - 愛知県蒲郡市公式ホームページ ページの先頭です。 メニューを飛ばして本文へ メニュー 検索 JavaScriptが無効のため、文字の大きさ・背景色を変更する機能を使用できません。 本文へ Foreign language 音声読み上げ ふりがな 閲覧補助 文字サイズ 拡大 標準 背景色 白 黒 青 閉じる 休日・救急医療 安心・ひろめーる AED設置場所 緊急・防災情報 くらし・手続 防災・安全安心 マイナンバー"
"蒲郡市","strong","42","課税証明 - 愛知県蒲郡市公式ホームページ","https://www.city.gamagori.lg.jp/unit/zeimu/setsumei06.html","課税証明","課税証明 - 愛知県蒲郡市公式ホームページ ページの先頭です。 メニューを飛ばして本文へ メニュー 検索 JavaScriptが無効のため、文字の大きさ・背景色を変更する機能を使用できません。 本文へ Foreign language 音声読み上げ ふりがな 閲覧補助 文字サイズ 拡大 標準 背景色 白 黒 青 閉じる 休日・救急医療 安心・ひろめーる AED設置場所 緊急・防災情報 くらし・手続 防災・安全安心 マイナンバーカード・電"
"蒲郡市","strong","42","所得証明 - 愛知県蒲郡市公式ホームページ","https://www.city.gamagori.lg.jp/unit/zeimu/setsumei08.html","所得証明","所得証明 - 愛知県蒲郡市公式ホームページ ページの先頭です。 メニューを飛ばして本文へ メニュー 検索 JavaScriptが無効のため、文字の大きさ・背景色を変更する機能を使用できません。 本文へ Foreign language 音声読み上げ ふりがな 閲覧補助 文字サイズ 拡大 標準 背景色 白 黒 青 閉じる 休日・救急医療 安心・ひろめーる AED設置場所 緊急・防災情報 くらし・手続 防災・安全安心 マイナンバーカード・電"
"蒲郡市","strong","42","住民税決定証明 - 愛知県蒲郡市公式ホームページ","https://www.city.gamagori.lg.jp/unit/zeimu/setsumei09.html","住民税決定証明","住民税決定証明 - 愛知県蒲郡市公式ホームページ ページの先頭です。 メニューを飛ばして本文へ メニュー 検索 JavaScriptが無効のため、文字の大きさ・背景色を変更する機能を使用できません。 本文へ Foreign language 音声読み上げ ふりがな 閲覧補助 文字サイズ 拡大 標準 背景色 白 黒 青 閉じる 休日・救急医療 安心・ひろめーる AED設置場所 緊急・防災情報 くらし・手続 防災・安全安心 マイナンバーカー"
"蒲郡市","strong","42","市民カード（印鑑登録証）、印鑑を紛失した場合 - 愛知県蒲郡市公式ホームページ","https://www.city.gamagori.lg.jp/unit/shimin/bositu.html","市民カード（印鑑登録証）、印鑑を紛失した場合","市民カード（印鑑登録証）、印鑑を紛失した場合 - 愛知県蒲郡市公式ホームページ ページの先頭です。 メニューを飛ばして本文へ メニュー 検索 JavaScriptが無効のため、文字の大きさ・背景色を変更する機能を使用できません。 本文へ Foreign language 音声読み上げ ふりがな 閲覧補助 文字サイズ 拡大 標準 背景色 白 黒 青 閉じる 休日・救急医療 安心・ひろめーる AED設置場所 緊急・防災情報 くらし・手続 防"
"蒲郡市","strong","42","印鑑登録 - 愛知県蒲郡市公式ホームページ","https://www.city.gamagori.lg.jp/unit/shimin/inkan.html","印鑑登録","印鑑登録 - 愛知県蒲郡市公式ホームページ ページの先頭です。 メニューを飛ばして本文へ メニュー 検索 JavaScriptが無効のため、文字の大きさ・背景色を変更する機能を使用できません。 本文へ Foreign language 音声読み上げ ふりがな 閲覧補助 文字サイズ 拡大 標準 背景色 白 黒 青 閉じる 休日・救急医療 安心・ひろめーる AED設置場所 緊急・防災情報 くらし・手続 防災・安全安心 マイナンバーカード・電"
"蒲郡市","strong","42","戸籍、除籍、改製原戸籍、戸籍の附票の謄・抄本 - 愛知県蒲郡市公式ホームページ","https://www.city.gamagori.lg.jp/unit/shimin/toshohon.html","戸籍、除籍、改製原戸籍、戸籍の附票の謄・抄本","戸籍、除籍、改製原戸籍、戸籍の附票の謄・抄本 - 愛知県蒲郡市公式ホームページ ページの先頭です。 メニューを飛ばして本文へ メニュー 検索 JavaScriptが無効のため、文字の大きさ・背景色を変更する機能を使用できません。 本文へ Foreign language 音声読み上げ ふりがな 閲覧補助 文字サイズ 拡大 標準 背景色 白 黒 青 閉じる 休日・救急医療 安心・ひろめーる AED設置場所 緊急・防災情報 くらし・手続 防"
"蒲郡市","strong","42","市民カード（印鑑登録証）を破損したとき - 愛知県蒲郡市公式ホームページ","https://www.city.gamagori.lg.jp/unit/shimin/inkananshobango.html","市民カード（印鑑登録証）を破損したとき","市民カード（印鑑登録証）を破損したとき - 愛知県蒲郡市公式ホームページ ページの先頭です。 メニューを飛ばして本文へ メニュー 検索 JavaScriptが無効のため、文字の大きさ・背景色を変更する機能を使用できません。 本文へ Foreign language 音声読み上げ ふりがな 閲覧補助 文字サイズ 拡大 標準 背景色 白 黒 青 閉じる 休日・救急医療 安心・ひろめーる AED設置場所 緊急・防災情報 くらし・手続 防災・安"
"蒲郡市","strong","42","印鑑登録証明書 - 愛知県蒲郡市公式ホームページ","https://www.city.gamagori.lg.jp/unit/shimin/inkanshomei.html","印鑑登録証明書","印鑑登録証明書 - 愛知県蒲郡市公式ホームページ ページの先頭です。 メニューを飛ばして本文へ メニュー 検索 JavaScriptが無効のため、文字の大きさ・背景色を変更する機能を使用できません。 本文へ Foreign language 音声読み上げ ふりがな 閲覧補助 文字サイズ 拡大 標準 背景色 白 黒 青 閉じる 休日・救急医療 安心・ひろめーる AED設置場所 緊急・防災情報 くらし・手続 防災・安全安心 マイナンバーカー"
"蒲郡市","strong","42","休日市役所窓口センター - 愛知県蒲郡市公式ホームページ","https://www.city.gamagori.lg.jp/unit/shimin/kyujitsu.html","休日市役所窓口センター","休日市役所窓口センター - 愛知県蒲郡市公式ホームページ ページの先頭です。 メニューを飛ばして本文へ メニュー 検索 JavaScriptが無効のため、文字の大きさ・背景色を変更する機能を使用できません。 本文へ Foreign language 音声読み上げ ふりがな 閲覧補助 文字サイズ 拡大 標準 背景色 白 黒 青 閉じる 休日・救急医療 安心・ひろめーる AED設置場所 緊急・防災情報 くらし・手続 防災・安全安心 マイナン"
"蒲郡市","strong","42","旅券（パスポート）の申請・受取は市役所で行えます - 愛知県蒲郡市公式ホームページ","https://www.city.gamagori.lg.jp/unit/shimin/passport-pre.html","旅券（パスポート）の申請・受取は市役所で行えます","旅券（パスポート）の申請・受取は市役所で行えます - 愛知県蒲郡市公式ホームページ ページの先頭です。 メニューを飛ばして本文へ メニュー 検索 JavaScriptが無効のため、文字の大きさ・背景色を変更する機能を使用できません。 本文へ Foreign language 音声読み上げ ふりがな 閲覧補助 文字サイズ 拡大 標準 背景色 白 黒 青 閉じる 休日・救急医療 安心・ひろめーる AED設置場所 緊急・防災情報 くらし・手続"
"蒲郡市","strong","42","狂犬病予防注射 集合注射の日程について(令和８年度） - 愛知県蒲郡市公式ホームページ","https://www.city.gamagori.lg.jp/unit/kankyo/doubutu-tyusya.html","狂犬病予防注射 集合注射の日程について(令和８年度）","狂犬病予防注射 集合注射の日程について(令和８年度） - 愛知県蒲郡市公式ホームページ ページの先頭です。 メニューを飛ばして本文へ メニュー 検索 JavaScriptが無効のため、文字の大きさ・背景色を変更する機能を使用できません。 本文へ Foreign language 音声読み上げ ふりがな 閲覧補助 文字サイズ 拡大 標準 背景色 白 黒 青 閉じる 休日・救急医療 安心・ひろめーる AED設置場所 緊急・防災情報 くらし・"
"刈谷市","strong","41","子育てガイドブック","https://www.city.kariya.lg.jp/kosodatenavi/1014910/1015131.html","子育てガイドブック","子育てガイドブック｜かりや子育て応援ナビ 当ホームページではjavascriptを使用しています。 javascriptの使用を有効にしなければ、一部の機能が正確に動作しない恐れがあります。お手数ですがjavascriptの使用を有効にしてください。 エンターキーを押すと、ナビゲーション部分をスキップし本文へ移動します。 救急のとき いざというときに 災害時の避難所 休日診療案内 防災・減災 気象情報 衣浦東部広域連合 閉じる メニュー"
"刈谷市","strong","41","子育て講話","https://www.city.kariya.lg.jp/kosodatenavi/1014911/1014913/1016828.html","子育て講話","子育て講話｜かりや子育て応援ナビ 当ホームページではjavascriptを使用しています。 javascriptの使用を有効にしなければ、一部の機能が正確に動作しない恐れがあります。お手数ですがjavascriptの使用を有効にしてください。 エンターキーを押すと、ナビゲーション部分をスキップし本文へ移動します。 救急のとき いざというときに 災害時の避難所 休日診療案内 防災・減災 気象情報 衣浦東部広域連合 閉じる メニュー 目的別"
"刈谷市","strong","41","子育て講話","https://www.city.kariya.lg.jp/kosodatenavi/1014911/1016830/1016890.html","子育て講話","子育て講話｜かりや子育て応援ナビ 当ホームページではjavascriptを使用しています。 javascriptの使用を有効にしなければ、一部の機能が正確に動作しない恐れがあります。お手数ですがjavascriptの使用を有効にしてください。 エンターキーを押すと、ナビゲーション部分をスキップし本文へ移動します。 救急のとき いざというときに 災害時の避難所 休日診療案内 防災・減災 気象情報 衣浦東部広域連合 閉じる メニュー 目的別"
"豊田市","strong","41","救急診療 休日や夜間の診療","https://www.city.toyota.aichi.jp/kosodategakko/kosodate/kenkou/1073754/1003349.html","救急医療","救急診療 休日や夜間の診療｜豊田市 当ホームページではjavascriptを使用しています。 javascriptの使用を有効にしなければ、一部の機能が正確に動作しない恐れがあります。お手数ですがjavascriptの使用を有効にしてください。 エンターキーを押すと、ナビゲーション部分をスキップし本文へ移動します。 豊田市 TOYOTA CITY サイト メニュー 庁舎案内 Select Language Afrikaans Alban"
"豊田市","strong","41","耐震診断の結果報告が義務付けられた建築物の耐震診断結果","https://www.city.toyota.aichi.jp/bosaianzen/bosai/1031855/1018283.html","耐震診断の結果報告が義務付けられた建築物の耐震診断結果","耐震診断の結果報告が義務付けられた建築物の耐震診断結果｜豊田市 当ホームページではjavascriptを使用しています。 javascriptの使用を有効にしなければ、一部の機能が正確に動作しない恐れがあります。お手数ですがjavascriptの使用を有効にしてください。 エンターキーを押すと、ナビゲーション部分をスキップし本文へ移動します。 豊田市 TOYOTA CITY サイト メニュー 庁舎案内 Select Language A"
"豊田市","strong","41","申請書ダウンロード","https://www.city.toyota.aichi.jp/shisei/shinseisho/index.html","申請書ダウンロード","申請書ダウンロード｜豊田市 当ホームページではjavascriptを使用しています。 javascriptの使用を有効にしなければ、一部の機能が正確に動作しない恐れがあります。お手数ですがjavascriptの使用を有効にしてください。 エンターキーを押すと、ナビゲーション部分をスキップし本文へ移動します。 豊田市 TOYOTA CITY サイト メニュー 庁舎案内 Select Language Afrikaans Albanian "
"豊田市","strong","41","映像記録「うすれゆく戦中戦後の記憶～平和の尊さと家族を思いやる心の大切さを伝える～」","https://www.city.toyota.aichi.jp/kenkoiryo/fukushi/1078151.html","映像記録「うすれゆく戦中戦後の記憶～平和の尊さと家族を思いやる心の大切さを伝える～」","映像記録「うすれゆく戦中戦後の記憶～平和の尊さと家族を思いやる心の大切さを伝える～」｜豊田市 当ホームページではjavascriptを使用しています。 javascriptの使用を有効にしなければ、一部の機能が正確に動作しない恐れがあります。お手数ですがjavascriptの使用を有効にしてください。 エンターキーを押すと、ナビゲーション部分をスキップし本文へ移動します。 豊田市 TOYOTA CITY サイト メニュー 庁舎案内 Se"
"豊田市","strong","41","報道発表資料 中小企業者向け脱炭素経営セミナーへの参加者を募集します","https://www.city.toyota.aichi.jp/pressrelease/1077298/1078008.html","報道発表資料 中小企業者向け脱炭素経営セミナーへの参加者を募集します","報道発表資料 中小企業者向け脱炭素経営セミナーへの参加者を募集します｜豊田市 当ホームページではjavascriptを使用しています。 javascriptの使用を有効にしなければ、一部の機能が正確に動作しない恐れがあります。お手数ですがjavascriptの使用を有効にしてください。 エンターキーを押すと、ナビゲーション部分をスキップし本文へ移動します。 豊田市 TOYOTA CITY サイト メニュー 庁舎案内 Select Lan"
"豊田市","strong","41","報道発表資料 ビームス ジャパンのバイヤーが監修 産品開発・ブラッシュアップ事業の参加事業者を募集","https://www.city.toyota.aichi.jp/pressrelease/1077159/1077315.html","報道発表資料 ビームス ジャパンのバイヤーが監修 産品開発・ブラッシュアップ事業の参加事業者を募集","報道発表資料 ビームス ジャパンのバイヤーが監修 産品開発・ブラッシュアップ事業の参加事業者を募集｜豊田市 当ホームページではjavascriptを使用しています。 javascriptの使用を有効にしなければ、一部の機能が正確に動作しない恐れがあります。お手数ですがjavascriptの使用を有効にしてください。 エンターキーを押すと、ナビゲーション部分をスキップし本文へ移動します。 豊田市 TOYOTA CITY サイト メニュー "
"豊田市","strong","41","住民基本台帳ネットワークシステム","https://www.city.toyota.aichi.jp/torokushomei/network/1002825.html","住民基本台帳ネットワークシステム","住民基本台帳ネットワークシステム｜豊田市 当ホームページではjavascriptを使用しています。 javascriptの使用を有効にしなければ、一部の機能が正確に動作しない恐れがあります。お手数ですがjavascriptの使用を有効にしてください。 エンターキーを押すと、ナビゲーション部分をスキップし本文へ移動します。 豊田市 TOYOTA CITY サイト メニュー 庁舎案内 Select Language Afrikaans Al"
"豊田市","strong","41","古瀬間墓園墓所の利用","https://www.city.toyota.aichi.jp/sumaikankyo/sumaitochi/hakasho/1003711.html","古瀬間墓園墓所の利用","古瀬間墓園墓所の利用｜豊田市 当ホームページではjavascriptを使用しています。 javascriptの使用を有効にしなければ、一部の機能が正確に動作しない恐れがあります。お手数ですがjavascriptの使用を有効にしてください。 エンターキーを押すと、ナビゲーション部分をスキップし本文へ移動します。 豊田市 TOYOTA CITY サイト メニュー 庁舎案内 Select Language Afrikaans Albanian"
"豊田市","strong","41","教育委員会の組織","https://www.city.toyota.aichi.jp/kosodategakko/kyoikuiinkai/1002738.html","教育委員会の組織","教育委員会の組織｜豊田市 当ホームページではjavascriptを使用しています。 javascriptの使用を有効にしなければ、一部の機能が正確に動作しない恐れがあります。お手数ですがjavascriptの使用を有効にしてください。 エンターキーを押すと、ナビゲーション部分をスキップし本文へ移動します。 豊田市 TOYOTA CITY サイト メニュー 庁舎案内 Select Language Afrikaans Albanian A"
"豊田市","strong","41","教育委員会教育長及び委員","https://www.city.toyota.aichi.jp/kosodategakko/kyoikuiinkai/1002739.html","教育委員会教育長及び委員","教育委員会教育長及び委員｜豊田市 当ホームページではjavascriptを使用しています。 javascriptの使用を有効にしなければ、一部の機能が正確に動作しない恐れがあります。お手数ですがjavascriptの使用を有効にしてください。 エンターキーを押すと、ナビゲーション部分をスキップし本文へ移動します。 豊田市 TOYOTA CITY サイト メニュー 庁舎案内 Select Language Afrikaans Albani"
"豊田市","strong","41","教育委員会議予定と傍聴","https://www.city.toyota.aichi.jp/kosodategakko/kyoikuiinkai/1002740.html","教育委員会議予定と傍聴","教育委員会議予定と傍聴｜豊田市 当ホームページではjavascriptを使用しています。 javascriptの使用を有効にしなければ、一部の機能が正確に動作しない恐れがあります。お手数ですがjavascriptの使用を有効にしてください。 エンターキーを押すと、ナビゲーション部分をスキップし本文へ移動します。 豊田市 TOYOTA CITY サイト メニュー 庁舎案内 Select Language Afrikaans Albania"
"豊田市","strong","41","教育行政相談","https://www.city.toyota.aichi.jp/kosodategakko/kyoikuiinkai/1002676.html","教育行政相談","教育行政相談｜豊田市 当ホームページではjavascriptを使用しています。 javascriptの使用を有効にしなければ、一部の機能が正確に動作しない恐れがあります。お手数ですがjavascriptの使用を有効にしてください。 エンターキーを押すと、ナビゲーション部分をスキップし本文へ移動します。 豊田市 TOYOTA CITY サイト メニュー 庁舎案内 Select Language Afrikaans Albanian Amh"
"豊田市","strong","41","おめでとう訪問","https://www.city.toyota.aichi.jp/kosodategakko/ninshin/1073750/1003332.html","おめでとう訪問","おめでとう訪問｜豊田市 当ホームページではjavascriptを使用しています。 javascriptの使用を有効にしなければ、一部の機能が正確に動作しない恐れがあります。お手数ですがjavascriptの使用を有効にしてください。 エンターキーを押すと、ナビゲーション部分をスキップし本文へ移動します。 豊田市 TOYOTA CITY サイト メニュー 庁舎案内 Select Language Afrikaans Albanian Am"
"豊田市","strong","41","さんきゅうパパプロジェクト～パパが産休、家族にサンキュウ～","https://www.city.toyota.aichi.jp/kosodategakko/ninshin/1073750/1052279.html","さんきゅうパパプロジェクト～パパが産休、家族にサンキュウ～","さんきゅうパパプロジェクト～パパが産休、家族にサンキュウ～｜豊田市 当ホームページではjavascriptを使用しています。 javascriptの使用を有効にしなければ、一部の機能が正確に動作しない恐れがあります。お手数ですがjavascriptの使用を有効にしてください。 エンターキーを押すと、ナビゲーション部分をスキップし本文へ移動します。 豊田市 TOYOTA CITY サイト メニュー 庁舎案内 Select Language"
"安城市","strong","41","安城市","https://www.city.anjo.aichi.jp/kurasu/sumai/akiya-taisaku.html","空き家対策・相談窓口","安城市／空き家対策 このサイトではJavaScriptを使用したコンテンツ・機能を提供しています。JavaScriptを有効にするとご利用いただけます。 本文へスキップします。 安城市 受け継ぐ想いを 未来へ届ける 望遠郷 サイト内検索 ページID検索 設定 文字サイズ・色合い変更 Language メニュー 閉じる 緊急 情報 緊急情報 閉じる ホーム 生活・サービス 教育・学習 観光・文化・スポーツ 産業・入札 市政情報 ホーム >"
"安城市","strong","41","安城市","https://www.city.anjo.aichi.jp/kurasu/bosaibohan/shitorikumi/himokuzo.html","非木造住宅の耐震診断費・耐震改修費補助制度","安城市／非木造住宅の耐震診断・改修設計・改修工事費補助制度 このサイトではJavaScriptを使用したコンテンツ・機能を提供しています。JavaScriptを有効にするとご利用いただけます。 本文へスキップします。 安城市 受け継ぐ想いを 未来へ届ける 望遠郷 サイト内検索 ページID検索 設定 文字サイズ・色合い変更 Language メニュー 閉じる 緊急 情報 緊急情報 閉じる ホーム 生活・サービス 教育・学習 観光・文化・ス"
"西尾市","strong","41","企業見本市等出展支援事業補助金のご案内","https://www.city.nishio.aichi.jp/sangyo/shinko/1007006.html","企業見本市等出展支援事業補助金のご案内","企業見本市等出展支援事業補助金のご案内｜西尾市公式ウェブサイト 当ホームページではjavascriptを使用しています。 javascriptの使用を有効にしなければ、一部の機能が正確に動作しない恐れがあります。お手数ですがjavascriptの使用を有効にしてください。 エンターキーを押すと、ナビゲーション部分をスキップし本文へ移動します。 サイトマップ Select Language English 中文（简体字） 中文（繁體字） "
"西尾市","strong","41","高齢者インフルエンザ予防接種","https://www.city.nishio.aichi.jp/kenkofukushi/kenshin/1004765/1002472.html","高齢者インフルエンザ予防接種","高齢者インフルエンザ予防接種｜西尾市公式ウェブサイト 当ホームページではjavascriptを使用しています。 javascriptの使用を有効にしなければ、一部の機能が正確に動作しない恐れがあります。お手数ですがjavascriptの使用を有効にしてください。 エンターキーを押すと、ナビゲーション部分をスキップし本文へ移動します。 サイトマップ Select Language English 中文（简体字） 中文（繁體字） 한국어 P"
"西尾市","strong","41","新型コロナウイルス感染症予防接種","https://www.city.nishio.aichi.jp/kenkofukushi/kenshin/1004765/1010205.html","新型コロナウイルス感染症予防接種","新型コロナウイルス感染症予防接種｜西尾市公式ウェブサイト 当ホームページではjavascriptを使用しています。 javascriptの使用を有効にしなければ、一部の機能が正確に動作しない恐れがあります。お手数ですがjavascriptの使用を有効にしてください。 エンターキーを押すと、ナビゲーション部分をスキップし本文へ移動します。 サイトマップ Select Language English 中文（简体字） 中文（繁體字） 한국어"
"蒲郡市","strong","41","予防接種ひろば - アピタ協働事業サイト - 愛知県蒲郡市公式ホームページ","https://www.city.gamagori.lg.jp/site/apita/vaccine.html","予防接種ひろば","予防接種ひろば - アピタ協働事業サイト - 愛知県蒲郡市公式ホームページ ページの先頭です。 メニューを飛ばして本文へ メニュー 検索 JavaScriptが無効のため、文字の大きさ・背景色を変更する機能を使用できません。 本文へ Foreign language 音声読み上げ ふりがな 閲覧補助 文字サイズ 拡大 標準 背景色 白 黒 青 閉じる 休日・救急医療 安心・ひろめーる AED設置場所 緊急・防災情報 くらし・手続 防災・"
"蒲郡市","strong","41","家づくりのながれ | 蒲郡市 住宅、不動産","https://www.e-kdl.com/pages/149/","省エネ推進キャンペーン","家づくりのながれ | 蒲郡市 住宅、不動産｜ケイディーエル 本文へ移動 家づくりのながれ | 蒲郡市 住宅、不動産｜ケイディーエル ～家づくりは夢づくり～ Build a house is to have a dream!! フリーアクセス Tel.0800-200-8852 新築・リフォーム ■家づくりは、夢づくり 家をつくる理由 家をつくる第一歩 家づくりの流れ ■KDLが創る「新築エコ住宅」 ZEH(ネットゼロエネルギーハウス)と"
"蒲郡市","strong","41","蒲郡市未熟児養育医療費用助成金（おむつ代）支給要綱","https://www.city.gamagori.lg.jp/uploaded/attachment/105152.pdf","蒲郡市未熟児養育医療費用助成金（おむつ代）支給要綱",""
"蒲郡市","strong","41","自主防災会について - 緊急情報 - 愛知県蒲郡市公式ホームページ","https://www.city.gamagori.lg.jp/site/kinkyu/jishubo.html","自主防災会について","自主防災会について - 緊急情報 - 愛知県蒲郡市公式ホームページ ページの先頭です。 メニューを飛ばして本文へ メニュー 検索 JavaScriptが無効のため、文字の大きさ・背景色を変更する機能を使用できません。 本文へ Foreign language 音声読み上げ ふりがな 閲覧補助 文字サイズ 拡大 標準 背景色 白 黒 青 閉じる 休日・救急医療 安心・ひろめーる AED設置場所 緊急・防災情報 くらし・手続 防災・安全安心"
"蒲郡市","strong","41","自主防災動画 - 緊急情報 - 愛知県蒲郡市公式ホームページ","https://www.city.gamagori.lg.jp/site/kinkyu/bousai.html","自主防災動画","自主防災動画 - 緊急情報 - 愛知県蒲郡市公式ホームページ ページの先頭です。 メニューを飛ばして本文へ メニュー 検索 JavaScriptが無効のため、文字の大きさ・背景色を変更する機能を使用できません。 本文へ Foreign language 音声読み上げ ふりがな 閲覧補助 文字サイズ 拡大 標準 背景色 白 黒 青 閉じる 休日・救急医療 安心・ひろめーる AED設置場所 緊急・防災情報 くらし・手続 防災・安全安心 マイ"
"刈谷市","strong","40","よくある質問 農振地域内の農用地に農家住宅や分家住宅、農業施設を建築したいので、用途の変更したいが、どのような手続が必要ですか。","https://www.city.kariya.lg.jp/faq/q_sangyo/q_nogyo/1002628.html","農振地域内の農用地に農家住宅や分家住宅、農業施設を建築したいので、用途の変更したいが、どのような手続が必要ですか。","よくある質問 農振地域内の農用地に農家住宅や分家住宅、農業施設を建築したいので、用途の変更したいが、どのような手続が必要ですか。｜刈谷市ホームページ 当ホームページではjavascriptを使用しています。 javascriptの使用を有効にしなければ、一部の機能が正確に動作しない恐れがあります。お手数ですがjavascriptの使用を有効にしてください。 エンターキーを押すと、ナビゲーション部分をスキップし本文へ移動します。 サイトマ"
"刈谷市","strong","40","よくある質問 子育て支援センターについて教えてください。","https://www.city.kariya.lg.jp/faq/q_shisetsu/q_shimin/1002691.html","子育て支援センターについて教えてください。","よくある質問 子育て支援センターについて教えてください。｜刈谷市ホームページ 当ホームページではjavascriptを使用しています。 javascriptの使用を有効にしなければ、一部の機能が正確に動作しない恐れがあります。お手数ですがjavascriptの使用を有効にしてください。 エンターキーを押すと、ナビゲーション部分をスキップし本文へ移動します。 サイトマップ 文字サイズ・配色の変更 Foreign Language Engl"
"刈谷市","strong","40","よくある質問 図書館に住宅地図はありますか。","https://www.city.kariya.lg.jp/faq/q_shisetsu/q_toshokan/1002712.html","図書館に住宅地図はありますか。","よくある質問 図書館に住宅地図はありますか。｜刈谷市ホームページ 当ホームページではjavascriptを使用しています。 javascriptの使用を有効にしなければ、一部の機能が正確に動作しない恐れがあります。お手数ですがjavascriptの使用を有効にしてください。 エンターキーを押すと、ナビゲーション部分をスキップし本文へ移動します。 サイトマップ 文字サイズ・配色の変更 Foreign Language English po"
"刈谷市","strong","40","よくある質問 雨水貯留タンクの設置や透水性舗装を敷設したいが、補助金制度はありますか。","https://www.city.kariya.lg.jp/faq/q_shisei/1021625/1002765.html","雨水貯留タンクの設置や透水性舗装を敷設したいが、補助金制度はありますか。","よくある質問 雨水貯留タンクの設置や透水性舗装を敷設したいが、補助金制度はありますか。｜刈谷市ホームページ 当ホームページではjavascriptを使用しています。 javascriptの使用を有効にしなければ、一部の機能が正確に動作しない恐れがあります。お手数ですがjavascriptの使用を有効にしてください。 エンターキーを押すと、ナビゲーション部分をスキップし本文へ移動します。 サイトマップ 文字サイズ・配色の変更 Foreig"
"豊田市","strong","40","子育て支援","https://www.city.toyota.aichi.jp/kosodategakko/kosodate/index.html","子育て支援","子育て支援｜豊田市 当ホームページではjavascriptを使用しています。 javascriptの使用を有効にしなければ、一部の機能が正確に動作しない恐れがあります。お手数ですがjavascriptの使用を有効にしてください。 エンターキーを押すと、ナビゲーション部分をスキップし本文へ移動します。 豊田市 TOYOTA CITY サイト メニュー 庁舎案内 Select Language Afrikaans Albanian Amha"
"豊田市","strong","40","医療","https://www.city.toyota.aichi.jp/kenkoiryo/iryo/index.html","医療","医療｜豊田市 当ホームページではjavascriptを使用しています。 javascriptの使用を有効にしなければ、一部の機能が正確に動作しない恐れがあります。お手数ですがjavascriptの使用を有効にしてください。 エンターキーを押すと、ナビゲーション部分をスキップし本文へ移動します。 豊田市 TOYOTA CITY サイト メニュー 庁舎案内 Select Language Afrikaans Albanian Amharic"
"豊田市","strong","40","とよた子育て情報","https://www.city.toyota.aichi.jp/kosodategakko/kosodate/1060771/index.html","とよた子育て情報","とよた子育て情報｜豊田市 当ホームページではjavascriptを使用しています。 javascriptの使用を有効にしなければ、一部の機能が正確に動作しない恐れがあります。お手数ですがjavascriptの使用を有効にしてください。 エンターキーを押すと、ナビゲーション部分をスキップし本文へ移動します。 豊田市 TOYOTA CITY サイト メニュー 庁舎案内 Select Language Afrikaans Albanian A"
"豊田市","strong","40","子育てに関する手当・助成","https://www.city.toyota.aichi.jp/kosodategakko/kosodate/teate/index.html","子育てに関する手当・助成","子育てに関する手当・助成｜豊田市 当ホームページではjavascriptを使用しています。 javascriptの使用を有効にしなければ、一部の機能が正確に動作しない恐れがあります。お手数ですがjavascriptの使用を有効にしてください。 エンターキーを押すと、ナビゲーション部分をスキップし本文へ移動します。 豊田市 TOYOTA CITY サイト メニュー 庁舎案内 Select Language Afrikaans Albani"
"豊田市","strong","40","子育て相談・交流","https://www.city.toyota.aichi.jp/kosodategakko/kosodate/kouryu/index.html","子育て相談・交流","子育て相談・交流｜豊田市 当ホームページではjavascriptを使用しています。 javascriptの使用を有効にしなければ、一部の機能が正確に動作しない恐れがあります。お手数ですがjavascriptの使用を有効にしてください。 エンターキーを押すと、ナビゲーション部分をスキップし本文へ移動します。 豊田市 TOYOTA CITY サイト メニュー 庁舎案内 Select Language Afrikaans Albanian A"
"豊田市","strong","40","教室（妊娠期・子育て期）","https://www.city.toyota.aichi.jp/kosodategakko/kosodate/kyoshitsu/index.html","教室（妊娠期・子育て期）","教室（妊娠期・子育て期）｜豊田市 当ホームページではjavascriptを使用しています。 javascriptの使用を有効にしなければ、一部の機能が正確に動作しない恐れがあります。お手数ですがjavascriptの使用を有効にしてください。 エンターキーを押すと、ナビゲーション部分をスキップし本文へ移動します。 豊田市 TOYOTA CITY サイト メニュー 庁舎案内 Select Language Afrikaans Albani"
"豊田市","strong","40","教育支援","https://www.city.toyota.aichi.jp/kosodategakko/kyoikushien/index.html","教育支援","教育支援｜豊田市 当ホームページではjavascriptを使用しています。 javascriptの使用を有効にしなければ、一部の機能が正確に動作しない恐れがあります。お手数ですがjavascriptの使用を有効にしてください。 エンターキーを押すと、ナビゲーション部分をスキップし本文へ移動します。 豊田市 TOYOTA CITY サイト メニュー 庁舎案内 Select Language Afrikaans Albanian Amhar"
"豊田市","strong","40","献血・移植医療","https://www.city.toyota.aichi.jp/kenkoiryo/iryo/1073379/index.html","献血・移植医療","献血・移植医療｜豊田市 当ホームページではjavascriptを使用しています。 javascriptの使用を有効にしなければ、一部の機能が正確に動作しない恐れがあります。お手数ですがjavascriptの使用を有効にしてください。 エンターキーを押すと、ナビゲーション部分をスキップし本文へ移動します。 豊田市 TOYOTA CITY サイト メニュー 庁舎案内 Select Language Afrikaans Albanian Am"
"豊田市","strong","40","高齢者福祉に関する市民向け情報","https://www.city.toyota.aichi.jp/kenkoiryo/korei/1073713/index.html","高齢者福祉に関する市民向け情報","高齢者福祉に関する市民向け情報｜豊田市 当ホームページではjavascriptを使用しています。 javascriptの使用を有効にしなければ、一部の機能が正確に動作しない恐れがあります。お手数ですがjavascriptの使用を有効にしてください。 エンターキーを押すと、ナビゲーション部分をスキップし本文へ移動します。 豊田市 TOYOTA CITY サイト メニュー 庁舎案内 Select Language Afrikaans Alb"
"豊田市","strong","40","障がい福祉サービス","https://www.city.toyota.aichi.jp/kenkoiryo/shogai/1073265/index.html","障がい福祉サービス","障がい福祉サービス｜豊田市 当ホームページではjavascriptを使用しています。 javascriptの使用を有効にしなければ、一部の機能が正確に動作しない恐れがあります。お手数ですがjavascriptの使用を有効にしてください。 エンターキーを押すと、ナビゲーション部分をスキップし本文へ移動します。 豊田市 TOYOTA CITY サイト メニュー 庁舎案内 Select Language Afrikaans Albanian "
"豊田市","strong","40","環境・自然","https://www.city.toyota.aichi.jp/sumaikankyo/kankyo/index.html","環境・自然","環境・自然｜豊田市 当ホームページではjavascriptを使用しています。 javascriptの使用を有効にしなければ、一部の機能が正確に動作しない恐れがあります。お手数ですがjavascriptの使用を有効にしてください。 エンターキーを押すと、ナビゲーション部分をスキップし本文へ移動します。 豊田市 TOYOTA CITY サイト メニュー 庁舎案内 Select Language Afrikaans Albanian Amha"
"豊田市","strong","40","農業支援・補助金","https://www.city.toyota.aichi.jp/sangyo/nogyo/1073315/index.html","農業支援・補助金","農業支援・補助金｜豊田市 当ホームページではjavascriptを使用しています。 javascriptの使用を有効にしなければ、一部の機能が正確に動作しない恐れがあります。お手数ですがjavascriptの使用を有効にしてください。 エンターキーを押すと、ナビゲーション部分をスキップし本文へ移動します。 豊田市 TOYOTA CITY サイト メニュー 庁舎案内 Select Language Afrikaans Albanian A"
"豊田市","strong","40","事業者支援","https://www.city.toyota.aichi.jp/sangyo/kigyoyuchi/1073385/index.html","事業者支援","事業者支援｜豊田市 当ホームページではjavascriptを使用しています。 javascriptの使用を有効にしなければ、一部の機能が正確に動作しない恐れがあります。お手数ですがjavascriptの使用を有効にしてください。 エンターキーを押すと、ナビゲーション部分をスキップし本文へ移動します。 豊田市 TOYOTA CITY サイト メニュー 庁舎案内 Select Language Afrikaans Albanian Amha"
"豊田市","strong","40","農業・林業","https://www.city.toyota.aichi.jp/sangyo/nogyo/index.html","農業・林業","農業・林業｜豊田市 当ホームページではjavascriptを使用しています。 javascriptの使用を有効にしなければ、一部の機能が正確に動作しない恐れがあります。お手数ですがjavascriptの使用を有効にしてください。 エンターキーを押すと、ナビゲーション部分をスキップし本文へ移動します。 豊田市 TOYOTA CITY サイト メニュー 庁舎案内 Select Language Afrikaans Albanian Amha"
"豊田市","strong","40","企業誘致・立地","https://www.city.toyota.aichi.jp/sangyo/kigyoyuchi/index.html","企業誘致・立地","企業誘致・立地｜豊田市 当ホームページではjavascriptを使用しています。 javascriptの使用を有効にしなければ、一部の機能が正確に動作しない恐れがあります。お手数ですがjavascriptの使用を有効にしてください。 エンターキーを押すと、ナビゲーション部分をスキップし本文へ移動します。 豊田市 TOYOTA CITY サイト メニュー 庁舎案内 Select Language Afrikaans Albanian Am"
"豊田市","strong","40","市の運営・契約・施設","https://www.city.toyota.aichi.jp/shisei/index.html","市の運営・契約・施設","市の運営・契約・施設｜豊田市 当ホームページではjavascriptを使用しています。 javascriptの使用を有効にしなければ、一部の機能が正確に動作しない恐れがあります。お手数ですがjavascriptの使用を有効にしてください。 エンターキーを押すと、ナビゲーション部分をスキップし本文へ移動します。 豊田市 TOYOTA CITY サイト メニュー 庁舎案内 Select Language Afrikaans Albanian"
"豊田市","strong","40","福祉部","https://www.city.toyota.aichi.jp/shisei/soshiki/fukushi/index.html","福祉部","福祉部｜豊田市 当ホームページではjavascriptを使用しています。 javascriptの使用を有効にしなければ、一部の機能が正確に動作しない恐れがあります。お手数ですがjavascriptの使用を有効にしてください。 エンターキーを押すと、ナビゲーション部分をスキップし本文へ移動します。 豊田市 TOYOTA CITY サイト メニュー 庁舎案内 Select Language Afrikaans Albanian Amhari"
"豊田市","strong","40","まちづくり","https://www.city.toyota.aichi.jp/shisei/machizukuri/index.html","まちづくり","まちづくり｜豊田市 当ホームページではjavascriptを使用しています。 javascriptの使用を有効にしなければ、一部の機能が正確に動作しない恐れがあります。お手数ですがjavascriptの使用を有効にしてください。 エンターキーを押すと、ナビゲーション部分をスキップし本文へ移動します。 豊田市 TOYOTA CITY サイト メニュー 庁舎案内 Select Language Afrikaans Albanian Amha"
"豊田市","strong","40","地域・自治区","https://www.city.toyota.aichi.jp/shisei/jichiku/index.html","地域・自治区","地域・自治区｜豊田市 当ホームページではjavascriptを使用しています。 javascriptの使用を有効にしなければ、一部の機能が正確に動作しない恐れがあります。お手数ですがjavascriptの使用を有効にしてください。 エンターキーを押すと、ナビゲーション部分をスキップし本文へ移動します。 豊田市 TOYOTA CITY サイト メニュー 庁舎案内 Select Language Afrikaans Albanian Amh"
"豊田市","strong","40","消防・救急に関する募集・啓発","https://www.city.toyota.aichi.jp/bosaianzen/shobokyukyu/boshu/index.html","消防・救急に関する募集・啓発","消防・救急に関する募集・啓発｜豊田市 当ホームページではjavascriptを使用しています。 javascriptの使用を有効にしなければ、一部の機能が正確に動作しない恐れがあります。お手数ですがjavascriptの使用を有効にしてください。 エンターキーを押すと、ナビゲーション部分をスキップし本文へ移動します。 豊田市 TOYOTA CITY サイト メニュー 庁舎案内 Select Language Afrikaans Alba"
"豊田市","strong","40","物価高対応子育て応援手当","https://www.city.toyota.aichi.jp/kosodategakko/kosodate/teate/1073762/index.html","物価高対応子育て応援手当","物価高対応子育て応援手当｜豊田市 当ホームページではjavascriptを使用しています。 javascriptの使用を有効にしなければ、一部の機能が正確に動作しない恐れがあります。お手数ですがjavascriptの使用を有効にしてください。 エンターキーを押すと、ナビゲーション部分をスキップし本文へ移動します。 豊田市 TOYOTA CITY サイト メニュー 庁舎案内 Select Language Afrikaans Albani"
"豊田市","strong","40","児童手当に関する情報","https://www.city.toyota.aichi.jp/kosodategakko/kosodate/teate/1073763/index.html","児童手当に関する情報","児童手当に関する情報｜豊田市 当ホームページではjavascriptを使用しています。 javascriptの使用を有効にしなければ、一部の機能が正確に動作しない恐れがあります。お手数ですがjavascriptの使用を有効にしてください。 エンターキーを押すと、ナビゲーション部分をスキップし本文へ移動します。 豊田市 TOYOTA CITY サイト メニュー 庁舎案内 Select Language Afrikaans Albanian"
"豊田市","strong","40","ひとり親家庭への手当・助成","https://www.city.toyota.aichi.jp/kosodategakko/kosodate/teate/1073764/index.html","ひとり親家庭への手当・助成","ひとり親家庭への手当・助成｜豊田市 当ホームページではjavascriptを使用しています。 javascriptの使用を有効にしなければ、一部の機能が正確に動作しない恐れがあります。お手数ですがjavascriptの使用を有効にしてください。 エンターキーを押すと、ナビゲーション部分をスキップし本文へ移動します。 豊田市 TOYOTA CITY サイト メニュー 庁舎案内 Select Language Afrikaans Alban"
"豊田市","strong","40","子育て家庭優待事業（はぐみんカード）","https://www.city.toyota.aichi.jp/kosodategakko/kosodate/teate/hagumincard/index.html","子育て家庭優待事業（はぐみんカード）","子育て家庭優待事業（はぐみんカード）｜豊田市 当ホームページではjavascriptを使用しています。 javascriptの使用を有効にしなければ、一部の機能が正確に動作しない恐れがあります。お手数ですがjavascriptの使用を有効にしてください。 エンターキーを押すと、ナビゲーション部分をスキップし本文へ移動します。 豊田市 TOYOTA CITY サイト メニュー 庁舎案内 Select Language Afrikaans "
"安城市","strong","40","安城市","https://www.city.anjo.aichi.jp/kurasu/fukushikaigo/iryo/marufukusinseisyo.html","後期高齢者福祉医療に関する申請書","安城市／後期高齢者福祉医療に関する申請書 このサイトではJavaScriptを使用したコンテンツ・機能を提供しています。JavaScriptを有効にするとご利用いただけます。 本文へスキップします。 安城市 受け継ぐ想いを 未来へ届ける 望遠郷 サイト内検索 ページID検索 設定 文字サイズ・色合い変更 Language メニュー 閉じる 緊急 情報 緊急情報 閉じる ホーム 生活・サービス 教育・学習 観光・文化・スポーツ 産業・入札"
"安城市","strong","40","安城市","https://www.city.anjo.aichi.jp/shinseisho/kaigo/kaigojyuukai.html","介護保険居宅介護(介護予防)住宅改修費支給申請書の配信","安城市／介護保険居宅介護(介護予防)住宅改修費支給申請書の配信 このサイトではJavaScriptを使用したコンテンツ・機能を提供しています。JavaScriptを有効にするとご利用いただけます。 本文へスキップします。 安城市 受け継ぐ想いを 未来へ届ける 望遠郷 サイト内検索 ページID検索 設定 文字サイズ・色合い変更 Language メニュー 閉じる 緊急 情報 緊急情報 閉じる ホーム 生活・サービス 教育・学習 観光・文化"
"安城市","strong","40","安城市","https://www.city.anjo.aichi.jp/kurasu/bika/zyuutakusyouene.html","住宅省エネ改修促進補助金制度","安城市／住宅省エネ改修促進補助金制度 このサイトではJavaScriptを使用したコンテンツ・機能を提供しています。JavaScriptを有効にするとご利用いただけます。 本文へスキップします。 安城市 受け継ぐ想いを 未来へ届ける 望遠郷 サイト内検索 ページID検索 設定 文字サイズ・色合い変更 Language メニュー 閉じる 緊急 情報 緊急情報 閉じる ホーム 生活・サービス 教育・学習 観光・文化・スポーツ 産業・入札 市"
"西尾市","strong","40","子育て","https://www.city.nishio.aichi.jp/faq/kosodae/index.html","子育て","子育て｜西尾市公式ウェブサイト 当ホームページではjavascriptを使用しています。 javascriptの使用を有効にしなければ、一部の機能が正確に動作しない恐れがあります。お手数ですがjavascriptの使用を有効にしてください。 エンターキーを押すと、ナビゲーション部分をスキップし本文へ移動します。 サイトマップ Select Language English 中文（简体字） 中文（繁體字） 한국어 Português Ta"
"西尾市","strong","40","小学校・中学校","https://www.city.nishio.aichi.jp/kosodate/gakko/index.html","小学校・中学校","小学校・中学校｜西尾市公式ウェブサイト 当ホームページではjavascriptを使用しています。 javascriptの使用を有効にしなければ、一部の機能が正確に動作しない恐れがあります。お手数ですがjavascriptの使用を有効にしてください。 エンターキーを押すと、ナビゲーション部分をスキップし本文へ移動します。 サイトマップ Select Language English 中文（简体字） 中文（繁體字） 한국어 Portuguê"
"西尾市","strong","40","融資における補助制度","https://www.city.nishio.aichi.jp/sangyo/shinko/1008827/index.html","融資における補助制度","融資における補助制度｜西尾市公式ウェブサイト 当ホームページではjavascriptを使用しています。 javascriptの使用を有効にしなければ、一部の機能が正確に動作しない恐れがあります。お手数ですがjavascriptの使用を有効にしてください。 エンターキーを押すと、ナビゲーション部分をスキップし本文へ移動します。 サイトマップ Select Language English 中文（简体字） 中文（繁體字） 한국어 Portu"
"蒲郡市","strong","40","学校教育 - 愛知県蒲郡市公式ホームページ","https://www.city.gamagori.lg.jp/life/12/4/","学校教育","学校教育 - 愛知県蒲郡市公式ホームページ ページの先頭です。 メニューを飛ばして本文へ メニュー 検索 JavaScriptが無効のため、文字の大きさ・背景色を変更する機能を使用できません。 本文へ Foreign language 音声読み上げ ふりがな 閲覧補助 文字サイズ 拡大 標準 背景色 白 黒 青 閉じる 休日・救急医療 安心・ひろめーる AED設置場所 緊急・防災情報 くらし・手続 防災・安全安心 マイナンバーカード・電"
"蒲郡市","strong","40","住宅資金と補助金-(株)ケイディーエル KDL | 蒲郡市 住宅、不動産","https://www.e-kdl.com/pages/130/","■住宅資金と補助金","住宅資金と補助金-(株)ケイディーエル KDL | 蒲郡市 住宅、不動産 本文へ移動 住宅資金と補助金-(株)ケイディーエル KDL | 蒲郡市 住宅、不動産、リフォーム ～家づくりは夢づくり～ Build a house is to have a dream!! フリーアクセス Tel.0800-200-8852 新築・リフォーム ■家づくりは、夢づくり 家をつくる理由 家をつくる第一歩 家づくりの流れ ■KDLが創る「新築エコ住宅」"
"刈谷市","strong","39","福祉・介護［よくある質問］","https://www.city.kariya.lg.jp/faq/q_kurashi/q_fukushi/index.html","福祉・介護［よくある質問］","福祉・介護［よくある質問］｜刈谷市ホームページ 当ホームページではjavascriptを使用しています。 javascriptの使用を有効にしなければ、一部の機能が正確に動作しない恐れがあります。お手数ですがjavascriptの使用を有効にしてください。 エンターキーを押すと、ナビゲーション部分をスキップし本文へ移動します。 サイトマップ 文字サイズ・配色の変更 Foreign Language English portugues 한"
"刈谷市","strong","39","高齢者福祉［よくある質問］","https://www.city.kariya.lg.jp/faq/q_kurashi/q_fukushi/1002335/index.html","高齢者福祉［よくある質問］","高齢者福祉［よくある質問］｜刈谷市ホームページ 当ホームページではjavascriptを使用しています。 javascriptの使用を有効にしなければ、一部の機能が正確に動作しない恐れがあります。お手数ですがjavascriptの使用を有効にしてください。 エンターキーを押すと、ナビゲーション部分をスキップし本文へ移動します。 サイトマップ 文字サイズ・配色の変更 Foreign Language English portugues 한"
"刈谷市","strong","39","生活の福祉［よくある質問］","https://www.city.kariya.lg.jp/faq/q_kurashi/q_fukushi/1002402/index.html","生活の福祉［よくある質問］","生活の福祉［よくある質問］｜刈谷市ホームページ 当ホームページではjavascriptを使用しています。 javascriptの使用を有効にしなければ、一部の機能が正確に動作しない恐れがあります。お手数ですがjavascriptの使用を有効にしてください。 エンターキーを押すと、ナビゲーション部分をスキップし本文へ移動します。 サイトマップ 文字サイズ・配色の変更 Foreign Language English portugues 한"
"豊田市","strong","39","固定資産税・都市計画税","https://www.city.toyota.aichi.jp/zeihoken/koteishisan/index.html","固定資産税・都市計画税","固定資産税・都市計画税｜豊田市 当ホームページではjavascriptを使用しています。 javascriptの使用を有効にしなければ、一部の機能が正確に動作しない恐れがあります。お手数ですがjavascriptの使用を有効にしてください。 エンターキーを押すと、ナビゲーション部分をスキップし本文へ移動します。 豊田市 TOYOTA CITY サイト メニュー 庁舎案内 Select Language Afrikaans Albania"
"豊田市","strong","39","後期高齢者医療 保険料の納付（入）方法","https://www.city.toyota.aichi.jp/zeihoken/koreishairyo/1073342/1003283.html","後期高齢者医療 保険料の納付（入）方法","後期高齢者医療 保険料の納付（入）方法｜豊田市 当ホームページではjavascriptを使用しています。 javascriptの使用を有効にしなければ、一部の機能が正確に動作しない恐れがあります。お手数ですがjavascriptの使用を有効にしてください。 エンターキーを押すと、ナビゲーション部分をスキップし本文へ移動します。 豊田市 TOYOTA CITY サイト メニュー 庁舎案内 Select Language Afrikaans"
"豊田市","strong","39","重要文化財 旧鈴木家住宅保存修理工事現場見学ツアー","https://www.city.toyota.aichi.jp/sportsbunka/bunka/1009223/1067185.html","重要文化財 旧鈴木家住宅保存修理工事現場見学ツアー","重要文化財 旧鈴木家住宅保存修理工事現場見学ツアー｜豊田市 当ホームページではjavascriptを使用しています。 javascriptの使用を有効にしなければ、一部の機能が正確に動作しない恐れがあります。お手数ですがjavascriptの使用を有効にしてください。 エンターキーを押すと、ナビゲーション部分をスキップし本文へ移動します。 豊田市 TOYOTA CITY サイト メニュー 庁舎案内 Select Language Afr"
"豊田市","strong","39","空き家・相続に関する無料相談会","https://www.city.toyota.aichi.jp/sonotakurashi/sodan/1027689/1077464.html","空き家・相続に関する無料相談会","空き家・相続に関する無料相談会｜豊田市 当ホームページではjavascriptを使用しています。 javascriptの使用を有効にしなければ、一部の機能が正確に動作しない恐れがあります。お手数ですがjavascriptの使用を有効にしてください。 エンターキーを押すと、ナビゲーション部分をスキップし本文へ移動します。 豊田市 TOYOTA CITY サイト メニュー 庁舎案内 Select Language Afrikaans Alb"
"豊田市","strong","39","豊田おいでんまつり「スプラッシュおいでん」参加者を募集","https://www.city.toyota.aichi.jp/sportsbunka/kanko/1073820/1077503.html","豊田おいでんまつり「スプラッシュおいでん」参加者を募集","豊田おいでんまつり「スプラッシュおいでん」参加者を募集｜豊田市 当ホームページではjavascriptを使用しています。 javascriptの使用を有効にしなければ、一部の機能が正確に動作しない恐れがあります。お手数ですがjavascriptの使用を有効にしてください。 エンターキーを押すと、ナビゲーション部分をスキップし本文へ移動します。 豊田市 TOYOTA CITY サイト メニュー 庁舎案内 Select Language A"
"豊田市","strong","39","夏のアントレプレナーシッププログラム IDEA SWITCH2026～起業家体験×アントレプレナーシップ教育プログラム","https://www.city.toyota.aichi.jp/event/event/1077438.html","夏のアントレプレナーシッププログラム IDEA SWITCH2026～起業家体験×アントレプレナーシップ教育プログラム","夏のアントレプレナーシッププログラム IDEA SWITCH2026～起業家体験×アントレプレナーシップ教育プログラム｜豊田市 当ホームページではjavascriptを使用しています。 javascriptの使用を有効にしなければ、一部の機能が正確に動作しない恐れがあります。お手数ですがjavascriptの使用を有効にしてください。 エンターキーを押すと、ナビゲーション部分をスキップし本文へ移動します。 豊田市 TOYOTA CITY"
"豊田市","strong","39","【小学1年生～中学3年生】絵日記や自由研究の題材に！夏休み！保存修理工事エリア見学ツアー（2026年8月7日、21日）","https://www.city.toyota.aichi.jp/kosodategakko/seishonen/1073330/1027171/1072729/1078147.html","【小学1年生～中学3年生】絵日記や自由研究の題材に！夏休み！保存修理工事エリア見学ツアー（2026年8月7日、21日）","【小学1年生～中学3年生】絵日記や自由研究の題材に！夏休み！保存修理工事エリア見学ツアー（2026年8月7日、21日）｜豊田市 当ホームページではjavascriptを使用しています。 javascriptの使用を有効にしなければ、一部の機能が正確に動作しない恐れがあります。お手数ですがjavascriptの使用を有効にしてください。 エンターキーを押すと、ナビゲーション部分をスキップし本文へ移動します。 豊田市 TOYOTA CITY"
"豊田市","strong","39","【中学生～高校生】IDEA SWITCH2026 起業家体験×アントレプレナーシップ教育プログラム（2026年8月18日、19日、22日）","https://www.city.toyota.aichi.jp/kosodategakko/seishonen/1073330/1027171/1072724/1077932.html","【中学生～高校生】IDEA SWITCH2026 起業家体験×アントレプレナーシップ教育プログラム（2026年8月18日、19日、22日）","【中学生～高校生】IDEA SWITCH2026 起業家体験×アントレプレナーシップ教育プログラム（2026年8月18日、19日、22日）｜豊田市 当ホームページではjavascriptを使用しています。 javascriptの使用を有効にしなければ、一部の機能が正確に動作しない恐れがあります。お手数ですがjavascriptの使用を有効にしてください。 エンターキーを押すと、ナビゲーション部分をスキップし本文へ移動します。 豊田市 T"
"豊田市","strong","39","報道発表資料 中小企業者向けの脱炭素経営セミナーを開催します","https://www.city.toyota.aichi.jp/pressrelease/1076558/1077194.html","報道発表資料 中小企業者向けの脱炭素経営セミナーを開催します","報道発表資料 中小企業者向けの脱炭素経営セミナーを開催します｜豊田市 当ホームページではjavascriptを使用しています。 javascriptの使用を有効にしなければ、一部の機能が正確に動作しない恐れがあります。お手数ですがjavascriptの使用を有効にしてください。 エンターキーを押すと、ナビゲーション部分をスキップし本文へ移動します。 豊田市 TOYOTA CITY サイト メニュー 庁舎案内 Select Languag"
"豊田市","strong","39","報道発表資料 子育て家庭の1日を体験する「家族留学」の参加者及び受入れ家庭を募集します","https://www.city.toyota.aichi.jp/pressrelease/1076558/1076588.html","報道発表資料 子育て家庭の1日を体験する「家族留学」の参加者及び受入れ家庭を募集します","報道発表資料 子育て家庭の1日を体験する「家族留学」の参加者及び受入れ家庭を募集します｜豊田市 当ホームページではjavascriptを使用しています。 javascriptの使用を有効にしなければ、一部の機能が正確に動作しない恐れがあります。お手数ですがjavascriptの使用を有効にしてください。 エンターキーを押すと、ナビゲーション部分をスキップし本文へ移動します。 豊田市 TOYOTA CITY サイト メニュー 庁舎案内 S"
"豊田市","strong","39","障がい者差別解消法について","https://www.city.toyota.aichi.jp/kenkoiryo/shogai/1073267/1030036/1014965.html","障がい者差別解消法について","障がい者差別解消法について｜豊田市 当ホームページではjavascriptを使用しています。 javascriptの使用を有効にしなければ、一部の機能が正確に動作しない恐れがあります。お手数ですがjavascriptの使用を有効にしてください。 エンターキーを押すと、ナビゲーション部分をスキップし本文へ移動します。 豊田市 TOYOTA CITY サイト メニュー 庁舎案内 Select Language Afrikaans Alban"
"豊田市","strong","39","マイナポータル（ぴったりサービス）","https://www.city.toyota.aichi.jp/torokushomei/mynumber/1028530.html","マイナポータル（ぴったりサービス）","マイナポータル（ぴったりサービス）｜豊田市 当ホームページではjavascriptを使用しています。 javascriptの使用を有効にしなければ、一部の機能が正確に動作しない恐れがあります。お手数ですがjavascriptの使用を有効にしてください。 エンターキーを押すと、ナビゲーション部分をスキップし本文へ移動します。 豊田市 TOYOTA CITY サイト メニュー 庁舎案内 Select Language Afrikaans A"
"豊田市","strong","39","火災等の被災による一時的な市営住宅の使用","https://www.city.toyota.aichi.jp/sumaikankyo/sumaitochi/1073796/1041727.html","火災等の被災による一時的な市営住宅の使用","火災等の被災による一時的な市営住宅の使用｜豊田市 当ホームページではjavascriptを使用しています。 javascriptの使用を有効にしなければ、一部の機能が正確に動作しない恐れがあります。お手数ですがjavascriptの使用を有効にしてください。 エンターキーを押すと、ナビゲーション部分をスキップし本文へ移動します。 豊田市 TOYOTA CITY サイト メニュー 庁舎案内 Select Language Afrikaan"
"豊田市","strong","39","豊田市産前産後支援事業","https://www.city.toyota.aichi.jp/kosodategakko/ninshin/1073642/1031157.html","豊田市産前産後支援事業","豊田市産前産後支援事業｜豊田市 当ホームページではjavascriptを使用しています。 javascriptの使用を有効にしなければ、一部の機能が正確に動作しない恐れがあります。お手数ですがjavascriptの使用を有効にしてください。 エンターキーを押すと、ナビゲーション部分をスキップし本文へ移動します。 豊田市 TOYOTA CITY サイト メニュー 庁舎案内 Select Language Afrikaans Albania"
"安城市","strong","39","安城市","https://www.city.anjo.aichi.jp/life-scene/ninshin/index.html","妊娠","安城市／妊娠 このサイトではJavaScriptを使用したコンテンツ・機能を提供しています。JavaScriptを有効にするとご利用いただけます。 本文へスキップします。 安城市 受け継ぐ想いを 未来へ届ける 望遠郷 サイト内検索 ページID検索 設定 文字サイズ・色合い変更 Language メニュー 閉じる 緊急 情報 緊急情報 閉じる ホーム 生活・サービス 教育・学習 観光・文化・スポーツ 産業・入札 市政情報 ホーム > 生活"
"安城市","strong","39","安城市","https://www.city.anjo.aichi.jp/kurasu/pet/index.html","ペット・動物","安城市／ペット・動物 このサイトではJavaScriptを使用したコンテンツ・機能を提供しています。JavaScriptを有効にするとご利用いただけます。 本文へスキップします。 安城市 受け継ぐ想いを 未来へ届ける 望遠郷 サイト内検索 ページID検索 設定 文字サイズ・色合い変更 Language メニュー 閉じる 緊急 情報 緊急情報 閉じる ホーム 生活・サービス 教育・学習 観光・文化・スポーツ 産業・入札 市政情報 ホーム "
"安城市","strong","39","安城市","https://www.city.anjo.aichi.jp/kurasu/dorokotsu/index.html","道路・交通機関・駐車場","安城市／道路・交通機関・駐車場 このサイトではJavaScriptを使用したコンテンツ・機能を提供しています。JavaScriptを有効にするとご利用いただけます。 本文へスキップします。 安城市 受け継ぐ想いを 未来へ届ける 望遠郷 サイト内検索 ページID検索 設定 文字サイズ・色合い変更 Language メニュー 閉じる 緊急 情報 緊急情報 閉じる ホーム 生活・サービス 教育・学習 観光・文化・スポーツ 産業・入札 市政情報"
"西尾市","strong","39","公営住宅の概要","https://www.city.nishio.aichi.jp/kurashi/sumai/1001390/1001804.html","公営住宅の概要","公営住宅の概要｜西尾市公式ウェブサイト 当ホームページではjavascriptを使用しています。 javascriptの使用を有効にしなければ、一部の機能が正確に動作しない恐れがあります。お手数ですがjavascriptの使用を有効にしてください。 エンターキーを押すと、ナビゲーション部分をスキップし本文へ移動します。 サイトマップ Select Language English 中文（简体字） 中文（繁體字） 한국어 Portuguê"
"西尾市","strong","39","長期にわたる病気のため定期予防接種を受けられなかった方へ","https://www.city.nishio.aichi.jp/kosodate/kenshin/1001445/1002339.html","長期にわたる病気のため定期予防接種を受けられなかった方へ","長期にわたる病気のため定期予防接種を受けられなかった方へ｜西尾市公式ウェブサイト 当ホームページではjavascriptを使用しています。 javascriptの使用を有効にしなければ、一部の機能が正確に動作しない恐れがあります。お手数ですがjavascriptの使用を有効にしてください。 エンターキーを押すと、ナビゲーション部分をスキップし本文へ移動します。 サイトマップ Select Language English 中文（简体字）"
"西尾市","strong","39","令和7年度耐震改修無料相談会","https://www.city.nishio.aichi.jp/kurashi/bosai/1001366/1010938.html","令和7年度耐震改修無料相談会","令和7年度耐震改修無料相談会｜西尾市公式ウェブサイト 当ホームページではjavascriptを使用しています。 javascriptの使用を有効にしなければ、一部の機能が正確に動作しない恐れがあります。お手数ですがjavascriptの使用を有効にしてください。 エンターキーを押すと、ナビゲーション部分をスキップし本文へ移動します。 サイトマップ Select Language English 中文（简体字） 中文（繁體字） 한국어 P"
"西尾市","strong","39","インフルエンザワクチン任意接種費用の一部助成","https://www.city.nishio.aichi.jp/kosodate/kenshin/1001445/1010011.html","インフルエンザワクチン任意接種費用の一部助成","インフルエンザワクチン任意接種費用の一部助成｜西尾市公式ウェブサイト 当ホームページではjavascriptを使用しています。 javascriptの使用を有効にしなければ、一部の機能が正確に動作しない恐れがあります。お手数ですがjavascriptの使用を有効にしてください。 エンターキーを押すと、ナビゲーション部分をスキップし本文へ移動します。 サイトマップ Select Language English 中文（简体字） 中文（繁體"
"西尾市","strong","39","特別な理由による任意予防接種の助成","https://www.city.nishio.aichi.jp/kosodate/kenshin/1001445/1002347.html","特別な理由による任意予防接種の助成","特別な理由による任意予防接種の助成｜西尾市公式ウェブサイト 当ホームページではjavascriptを使用しています。 javascriptの使用を有効にしなければ、一部の機能が正確に動作しない恐れがあります。お手数ですがjavascriptの使用を有効にしてください。 エンターキーを押すと、ナビゲーション部分をスキップし本文へ移動します。 サイトマップ Select Language English 中文（简体字） 中文（繁體字） 한국"
"蒲郡市","strong","39","【大塚地区保育園設計業務業者選定プロポーザル】結果について（受託設計事業者決定） - 愛知県蒲郡市公式ホームページ","https://www.city.gamagori.lg.jp/unit/kosodate/otsuka-proposal-jutakushakettei.html","【大塚地区保育園設計業務業者選定プロポーザル】結果について（受託設計事業者決定）","【大塚地区保育園設計業務業者選定プロポーザル】結果について（受託設計事業者決定） - 愛知県蒲郡市公式ホームページ ページの先頭です。 メニューを飛ばして本文へ メニュー 検索 JavaScriptが無効のため、文字の大きさ・背景色を変更する機能を使用できません。 本文へ Foreign language 音声読み上げ ふりがな 閲覧補助 文字サイズ 拡大 標準 背景色 白 黒 青 閉じる 休日・救急医療 安心・ひろめーる AED設置場"
"蒲郡市","strong","39","第三者の行為によるけがや病気（福祉医療） - 愛知県蒲郡市公式ホームページ","https://www.city.gamagori.lg.jp/unit/nenkin/fukushiiryou015.html","第三者の行為によるけがや病気（福祉医療）","第三者の行為によるけがや病気（福祉医療） - 愛知県蒲郡市公式ホームページ ページの先頭です。 メニューを飛ばして本文へ メニュー 検索 JavaScriptが無効のため、文字の大きさ・背景色を変更する機能を使用できません。 本文へ Foreign language 音声読み上げ ふりがな 閲覧補助 文字サイズ 拡大 標準 背景色 白 黒 青 閉じる 休日・救急医療 安心・ひろめーる AED設置場所 緊急・防災情報 くらし・手続 防災・"
"蒲郡市","strong","39","障害福祉施設 - 愛知県蒲郡市公式ホームページ","https://www.city.gamagori.lg.jp/site/shogaifukushi/fuhkushishisetu.html","障害福祉施設","障害福祉施設 - 愛知県蒲郡市公式ホームページ ページの先頭です。 メニューを飛ばして本文へ メニュー 検索 JavaScriptが無効のため、文字の大きさ・背景色を変更する機能を使用できません。 本文へ Foreign language 音声読み上げ ふりがな 閲覧補助 文字サイズ 拡大 標準 背景色 白 黒 青 閉じる 休日・救急医療 安心・ひろめーる AED設置場所 緊急・防災情報 くらし・手続 防災・安全安心 マイナンバーカード"
"蒲郡市","strong","39","蒲郡市障害者ガイドブック しあわせ事典 - 愛知県蒲郡市公式ホームページ","https://www.city.gamagori.lg.jp/site/shogaifukushi/shiawase.html","蒲郡市障害者ガイドブック しあわせ事典","蒲郡市障害者ガイドブック しあわせ事典 - 愛知県蒲郡市公式ホームページ ページの先頭です。 メニューを飛ばして本文へ メニュー 検索 JavaScriptが無効のため、文字の大きさ・背景色を変更する機能を使用できません。 本文へ Foreign language 音声読み上げ ふりがな 閲覧補助 文字サイズ 拡大 標準 背景色 白 黒 青 閉じる 休日・救急医療 安心・ひろめーる AED設置場所 緊急・防災情報 くらし・手続 防災・安"
"蒲郡市","strong","39","蒲郡市公益通報の調査結果報告（職員給与における時間外手当の未払い）について - 愛知県蒲郡市公式ホームページ","https://www.city.gamagori.lg.jp/unit/jinji/koekitsuhochosa-jikangaiteatemibarai.html","蒲郡市公益通報の調査結果報告（職員給与における時間外手当の未払い）について","蒲郡市公益通報の調査結果報告（職員給与における時間外手当の未払い）について - 愛知県蒲郡市公式ホームページ ページの先頭です。 メニューを飛ばして本文へ メニュー 検索 JavaScriptが無効のため、文字の大きさ・背景色を変更する機能を使用できません。 本文へ Foreign language 音声読み上げ ふりがな 閲覧補助 文字サイズ 拡大 標準 背景色 白 黒 青 閉じる 休日・救急医療 安心・ひろめーる AED設置場所 緊"
"蒲郡市","strong","39","障害者結婚祝金 - 愛知県蒲郡市公式ホームページ","https://www.city.gamagori.lg.jp/site/shogaifukushi/kekkon.html","障害者結婚祝金","障害者結婚祝金 - 愛知県蒲郡市公式ホームページ ページの先頭です。 メニューを飛ばして本文へ メニュー 検索 JavaScriptが無効のため、文字の大きさ・背景色を変更する機能を使用できません。 本文へ Foreign language 音声読み上げ ふりがな 閲覧補助 文字サイズ 拡大 標準 背景色 白 黒 青 閉じる 休日・救急医療 安心・ひろめーる AED設置場所 緊急・防災情報 くらし・手続 防災・安全安心 マイナンバーカー"
"蒲郡市","strong","39","予防接種助成金申請書兼請求書（課税世帯） [PDFファイル／94KB] [PDFファイル／119KB]","https://www.city.gamagori.lg.jp/uploaded/attachment/111894.pdf","予防接種助成金申請書兼請求書（課税世帯） [PDFファイル／94KB] [PDFファイル／119KB]",""
"蒲郡市","strong","39","予防接種助成金申請書兼請求書（非課税世帯） [PDFファイル／93KB] [PDFファイル／117KB]","https://www.city.gamagori.lg.jp/uploaded/attachment/111895.pdf","予防接種助成金申請書兼請求書（非課税世帯） [PDFファイル／93KB] [PDFファイル／117KB]",""
"蒲郡市","strong","39","予防接種助成金申請書兼請求書（課税世帯） [PDFファイル／95KB] [PDFファイル／120KB]","https://www.city.gamagori.lg.jp/uploaded/attachment/111903.pdf","予防接種助成金申請書兼請求書（課税世帯） [PDFファイル／95KB] [PDFファイル／120KB]",""
"蒲郡市","strong","39","予防接種助成金申請書兼請求書（非課税世帯） [PDFファイル／94KB] [PDFファイル／118KB]","https://www.city.gamagori.lg.jp/uploaded/attachment/111904.pdf","予防接種助成金申請書兼請求書（非課税世帯） [PDFファイル／94KB] [PDFファイル／118KB]",""
"蒲郡市","strong","39","「安価な耐震改修工法」のご案内 - 愛知県蒲郡市公式ホームページ","https://www.city.gamagori.lg.jp/unit/kenchiku/shintaishinkaishu.html","「安価な耐震改修工法」のご案内","「安価な耐震改修工法」のご案内 - 愛知県蒲郡市公式ホームページ ページの先頭です。 メニューを飛ばして本文へ メニュー 検索 JavaScriptが無効のため、文字の大きさ・背景色を変更する機能を使用できません。 本文へ Foreign language 音声読み上げ ふりがな 閲覧補助 文字サイズ 拡大 標準 背景色 白 黒 青 閉じる 休日・救急医療 安心・ひろめーる AED設置場所 緊急・防災情報 くらし・手続 防災・安全安心 "
"蒲郡市","strong","39","蒲郡市消防本部危険物規制事務審査基準 - 蒲郡市消防本部 - 愛知県蒲郡市公式ホームページ","https://www.city.gamagori.lg.jp/site/shobo/kikenbutusidou.html","蒲郡市消防本部危険物規制事務審査基準","蒲郡市消防本部危険物規制事務審査基準 - 蒲郡市消防本部 - 愛知県蒲郡市公式ホームページ ページの先頭です。 メニューを飛ばして本文へ メニュー 検索 JavaScriptが無効のため、文字の大きさ・背景色を変更する機能を使用できません。 本文へ Foreign language 音声読み上げ ふりがな 閲覧補助 文字サイズ 拡大 標準 背景色 白 黒 青 閉じる 休日・救急医療 安心・ひろめーる AED設置場所 緊急・防災情報 くら"
"蒲郡市","strong","39","蒲郡市空家等対策計画（案）のパブリックコメントの結果の公表 - 建築住宅課 - 愛知県蒲郡市公式ホームページ","https://www.city.gamagori.lg.jp/site/kenchiku/public-akiyakeikaku.html","蒲郡市空家等対策計画（案）のパブリックコメントの結果","蒲郡市空家等対策計画（案）のパブリックコメントの結果の公表 - 建築住宅課 - 愛知県蒲郡市公式ホームページ ページの先頭です。 メニューを飛ばして本文へ メニュー 検索 JavaScriptが無効のため、文字の大きさ・背景色を変更する機能を使用できません。 本文へ Foreign language 音声読み上げ ふりがな 閲覧補助 文字サイズ 拡大 標準 背景色 白 黒 青 閉じる 休日・救急医療 安心・ひろめーる AED設置場所 緊"
"刈谷市","strong","38","妊娠中の人","https://www.city.kariya.lg.jp/kosodatenavi/1014911/1014912/index.html","妊娠中の人","妊娠中の人｜かりや子育て応援ナビ 当ホームページではjavascriptを使用しています。 javascriptの使用を有効にしなければ、一部の機能が正確に動作しない恐れがあります。お手数ですがjavascriptの使用を有効にしてください。 エンターキーを押すと、ナビゲーション部分をスキップし本文へ移動します。 救急のとき いざというときに 災害時の避難所 休日診療案内 防災・減災 気象情報 衣浦東部広域連合 閉じる メニュー 目的別"
"豊田市","strong","38","令和6年能登半島地震に係る豊田市の対応状況","https://www.city.toyota.aichi.jp/bosaianzen/bosai/1029983/1057416/index.html","令和6年能登半島地震に係る豊田市の対応状況","令和6年能登半島地震に係る豊田市の対応状況｜豊田市 当ホームページではjavascriptを使用しています。 javascriptの使用を有効にしなければ、一部の機能が正確に動作しない恐れがあります。お手数ですがjavascriptの使用を有効にしてください。 エンターキーを押すと、ナビゲーション部分をスキップし本文へ移動します。 豊田市 TOYOTA CITY サイト メニュー 庁舎案内 Select Language Afrikaa"
"安城市","strong","38","安城市","https://www.city.anjo.aichi.jp/kurasu/fukushikaigo/kaigo/hukusiyougusinnseisyo.html","介護保険居宅介護(介護予防)福祉用具購入費支給申請書の配信","安城市／介護保険居宅介護(介護予防)福祉用具購入費支給申請書の配信 このサイトではJavaScriptを使用したコンテンツ・機能を提供しています。JavaScriptを有効にするとご利用いただけます。 本文へスキップします。 安城市 受け継ぐ想いを 未来へ届ける 望遠郷 サイト内検索 ページID検索 設定 文字サイズ・色合い変更 Language メニュー 閉じる 緊急 情報 緊急情報 閉じる ホーム 生活・サービス 教育・学習 観光・"
"安城市","strong","38","安城市","https://www.city.anjo.aichi.jp/kurasu/zeikin/index.html","税金","安城市／税金 このサイトではJavaScriptを使用したコンテンツ・機能を提供しています。JavaScriptを有効にするとご利用いただけます。 本文へスキップします。 安城市 受け継ぐ想いを 未来へ届ける 望遠郷 サイト内検索 ページID検索 設定 文字サイズ・色合い変更 Language メニュー 閉じる 緊急 情報 緊急情報 閉じる ホーム 生活・サービス 教育・学習 観光・文化・スポーツ 産業・入札 市政情報 ホーム > 生活"
"安城市","strong","38","安城市","https://www.city.anjo.aichi.jp/kurasu/suido/index.html","水道・下水道","安城市／水道・下水道 このサイトではJavaScriptを使用したコンテンツ・機能を提供しています。JavaScriptを有効にするとご利用いただけます。 本文へスキップします。 安城市 受け継ぐ想いを 未来へ届ける 望遠郷 サイト内検索 ページID検索 設定 文字サイズ・色合い変更 Language メニュー 閉じる 緊急 情報 緊急情報 閉じる ホーム 生活・サービス 教育・学習 観光・文化・スポーツ 産業・入札 市政情報 ホーム "
"西尾市","strong","38","住まい・道路","https://www.city.nishio.aichi.jp/kurashi/sumai/index.html","住まい・道路","住まい・道路｜西尾市公式ウェブサイト 当ホームページではjavascriptを使用しています。 javascriptの使用を有効にしなければ、一部の機能が正確に動作しない恐れがあります。お手数ですがjavascriptの使用を有効にしてください。 エンターキーを押すと、ナビゲーション部分をスキップし本文へ移動します。 サイトマップ Select Language English 中文（简体字） 中文（繁體字） 한국어 Português"
"西尾市","strong","38","妊娠・出産・産後ケア","https://www.city.nishio.aichi.jp/kosodate/ninshin/index.html","妊娠・出産・産後ケア","妊娠・出産・産後ケア｜西尾市公式ウェブサイト 当ホームページではjavascriptを使用しています。 javascriptの使用を有効にしなければ、一部の機能が正確に動作しない恐れがあります。お手数ですがjavascriptの使用を有効にしてください。 エンターキーを押すと、ナビゲーション部分をスキップし本文へ移動します。 サイトマップ Select Language English 中文（简体字） 中文（繁體字） 한국어 Portu"
"西尾市","strong","38","介護保険","https://www.city.nishio.aichi.jp/kenkofukushi/kaigohoken/index.html","介護保険","介護保険｜西尾市公式ウェブサイト 当ホームページではjavascriptを使用しています。 javascriptの使用を有効にしなければ、一部の機能が正確に動作しない恐れがあります。お手数ですがjavascriptの使用を有効にしてください。 エンターキーを押すと、ナビゲーション部分をスキップし本文へ移動します。 サイトマップ Select Language English 中文（简体字） 中文（繁體字） 한국어 Português T"
"西尾市","strong","38","中小企業融資制度","https://www.city.nishio.aichi.jp/sangyo/shinko/1007312/index.html","中小企業融資制度","中小企業融資制度｜西尾市公式ウェブサイト 当ホームページではjavascriptを使用しています。 javascriptの使用を有効にしなければ、一部の機能が正確に動作しない恐れがあります。お手数ですがjavascriptの使用を有効にしてください。 エンターキーを押すと、ナビゲーション部分をスキップし本文へ移動します。 サイトマップ Select Language English 中文（简体字） 中文（繁體字） 한국어 Portugu"
"西尾市","strong","38","新規創業者支援制度","https://www.city.nishio.aichi.jp/sangyo/shinko/1004949/index.html","新規創業者支援制度","新規創業者支援制度｜西尾市公式ウェブサイト 当ホームページではjavascriptを使用しています。 javascriptの使用を有効にしなければ、一部の機能が正確に動作しない恐れがあります。お手数ですがjavascriptの使用を有効にしてください。 エンターキーを押すと、ナビゲーション部分をスキップし本文へ移動します。 サイトマップ Select Language English 中文（简体字） 中文（繁體字） 한국어 Portug"
"西尾市","strong","38","産業振興・支援","https://www.city.nishio.aichi.jp/sangyo/shinko/index.html","産業振興・支援","産業振興・支援｜西尾市公式ウェブサイト 当ホームページではjavascriptを使用しています。 javascriptの使用を有効にしなければ、一部の機能が正確に動作しない恐れがあります。お手数ですがjavascriptの使用を有効にしてください。 エンターキーを押すと、ナビゲーション部分をスキップし本文へ移動します。 サイトマップ Select Language English 中文（简体字） 中文（繁體字） 한국어 Portuguê"
"西尾市","strong","38","よくある質問 子育て支援センターは、利用料金がかかりますか？","https://www.city.nishio.aichi.jp/faq/kosodae/1004243.html","子育て支援センターは、利用料金がかかりますか？","よくある質問 子育て支援センターは、利用料金がかかりますか？｜西尾市公式ウェブサイト 当ホームページではjavascriptを使用しています。 javascriptの使用を有効にしなければ、一部の機能が正確に動作しない恐れがあります。お手数ですがjavascriptの使用を有効にしてください。 エンターキーを押すと、ナビゲーション部分をスキップし本文へ移動します。 サイトマップ Select Language English 中文（简体"
"西尾市","strong","38","よくある質問 工場などを建設する場合、奨励金などの優遇制度はありますか？","https://www.city.nishio.aichi.jp/faq/sangyo/1004288.html","工場などを建設する場合、奨励金などの優遇制度はありますか？","よくある質問 工場などを建設する場合、奨励金などの優遇制度はありますか？｜西尾市公式ウェブサイト 当ホームページではjavascriptを使用しています。 javascriptの使用を有効にしなければ、一部の機能が正確に動作しない恐れがあります。お手数ですがjavascriptの使用を有効にしてください。 エンターキーを押すと、ナビゲーション部分をスキップし本文へ移動します。 サイトマップ Select Language English"
"刈谷市","strong","37","健康・医療［よくある質問］","https://www.city.kariya.lg.jp/faq/q_kurashi/q_kenko/index.html","健康・医療［よくある質問］","健康・医療［よくある質問］｜刈谷市ホームページ 当ホームページではjavascriptを使用しています。 javascriptの使用を有効にしなければ、一部の機能が正確に動作しない恐れがあります。お手数ですがjavascriptの使用を有効にしてください。 エンターキーを押すと、ナビゲーション部分をスキップし本文へ移動します。 サイトマップ 文字サイズ・配色の変更 Foreign Language English portugues 한"
"刈谷市","strong","37","妊娠から出産、子育てまでをサポート！母子手帳アプリ「はぴかり」","https://www.city.kariya.lg.jp/kosodatenavi/1014911/1014912/1016745.html","妊娠から出産、子育てまでをサポート！母子手帳アプリ「はぴかり」","妊娠から出産、子育てまでをサポート！母子手帳アプリ「はぴかり」｜かりや子育て応援ナビ 当ホームページではjavascriptを使用しています。 javascriptの使用を有効にしなければ、一部の機能が正確に動作しない恐れがあります。お手数ですがjavascriptの使用を有効にしてください。 エンターキーを押すと、ナビゲーション部分をスキップし本文へ移動します。 救急のとき いざというときに 災害時の避難所 休日診療案内 防災・減災 "
"刈谷市","strong","37","刈谷市外から転入された人へ(妊婦・小さなお子さんを養育している方等）","https://www.city.kariya.lg.jp/kosodatenavi/1014910/1012421/1012296.html","刈谷市外から転入された人へ(妊婦・小さなお子さんを養育している方等）","刈谷市外から転入された人へ(妊婦・小さなお子さんを養育している方等）｜かりや子育て応援ナビ 当ホームページではjavascriptを使用しています。 javascriptの使用を有効にしなければ、一部の機能が正確に動作しない恐れがあります。お手数ですがjavascriptの使用を有効にしてください。 エンターキーを押すと、ナビゲーション部分をスキップし本文へ移動します。 救急のとき いざというときに 災害時の避難所 休日診療案内 防災・"
"豊田市","strong","37","保健福祉レポート（事業報告）","https://www.city.toyota.aichi.jp/kenkoiryo/fukushikeikaku/1002974.html","保健福祉レポート（事業報告）","保健福祉レポート（事業報告）｜豊田市 当ホームページではjavascriptを使用しています。 javascriptの使用を有効にしなければ、一部の機能が正確に動作しない恐れがあります。お手数ですがjavascriptの使用を有効にしてください。 エンターキーを押すと、ナビゲーション部分をスキップし本文へ移動します。 豊田市 TOYOTA CITY サイト メニュー 庁舎案内 Select Language Afrikaans Alba"
"豊田市","strong","37","第5次豊田市障がい者ライフサポートプラン","https://www.city.toyota.aichi.jp/shisei/1073254/gyoseikeikaku/kenkou/1042411.html","第5次豊田市障がい者ライフサポートプラン","第5次豊田市障がい者ライフサポートプラン｜豊田市 当ホームページではjavascriptを使用しています。 javascriptの使用を有効にしなければ、一部の機能が正確に動作しない恐れがあります。お手数ですがjavascriptの使用を有効にしてください。 エンターキーを押すと、ナビゲーション部分をスキップし本文へ移動します。 豊田市 TOYOTA CITY サイト メニュー 庁舎案内 Select Language Afrikaan"
"豊田市","strong","37","よりよい地域福祉のために－社会福祉法人による「地域における公益的な取組」について－","https://www.city.toyota.aichi.jp/shisei/joho/1044514.html","よりよい地域福祉のために－社会福祉法人による「地域における公益的な取組」について－","よりよい地域福祉のために－社会福祉法人による「地域における公益的な取組」について－｜豊田市 当ホームページではjavascriptを使用しています。 javascriptの使用を有効にしなければ、一部の機能が正確に動作しない恐れがあります。お手数ですがjavascriptの使用を有効にしてください。 エンターキーを押すと、ナビゲーション部分をスキップし本文へ移動します。 豊田市 TOYOTA CITY サイト メニュー 庁舎案内 Sel"
"豊田市","strong","37","【ビームス ジャパンのバイヤーが監修】産品開発・ブラッシュアップ参加事業者を募集します！","https://www.city.toyota.aichi.jp/shisei/sonotajigyo/1077238.html","【ビームス ジャパンのバイヤーが監修】産品開発・ブラッシュアップ参加事業者を募集します！","【ビームス ジャパンのバイヤーが監修】産品開発・ブラッシュアップ参加事業者を募集します！｜豊田市 当ホームページではjavascriptを使用しています。 javascriptの使用を有効にしなければ、一部の機能が正確に動作しない恐れがあります。お手数ですがjavascriptの使用を有効にしてください。 エンターキーを押すと、ナビゲーション部分をスキップし本文へ移動します。 豊田市 TOYOTA CITY サイト メニュー 庁舎案内 "
"豊田市","strong","37","結婚や出産を一緒にお祝いしていただける事業者を募集します！","https://www.city.toyota.aichi.jp/shisei/sonotajigyo/1076107.html","結婚や出産を一緒にお祝いしていただける事業者を募集します！","結婚や出産を一緒にお祝いしていただける事業者を募集します！｜豊田市 当ホームページではjavascriptを使用しています。 javascriptの使用を有効にしなければ、一部の機能が正確に動作しない恐れがあります。お手数ですがjavascriptの使用を有効にしてください。 エンターキーを押すと、ナビゲーション部分をスキップし本文へ移動します。 豊田市 TOYOTA CITY サイト メニュー 庁舎案内 Select Language"
"豊田市","strong","37","熱中症にご注意ください！","https://www.city.toyota.aichi.jp/kenkoiryo/kenko/1002986/1002989.html","熱中症にご注意ください！","熱中症にご注意ください！｜豊田市 当ホームページではjavascriptを使用しています。 javascriptの使用を有効にしなければ、一部の機能が正確に動作しない恐れがあります。お手数ですがjavascriptの使用を有効にしてください。 エンターキーを押すと、ナビゲーション部分をスキップし本文へ移動します。 豊田市 TOYOTA CITY サイト メニュー 庁舎案内 Select Language Afrikaans Albani"
"豊田市","strong","37","第20回アジア競技大会・第5回アジアパラ競技大会について","https://www.city.toyota.aichi.jp/sportsbunka/sports/1073276/1073617/1059941.html","第20回アジア競技大会・第5回アジアパラ競技大会について","第20回アジア競技大会・第5回アジアパラ競技大会について｜豊田市 当ホームページではjavascriptを使用しています。 javascriptの使用を有効にしなければ、一部の機能が正確に動作しない恐れがあります。お手数ですがjavascriptの使用を有効にしてください。 エンターキーを押すと、ナビゲーション部分をスキップし本文へ移動します。 豊田市 TOYOTA CITY サイト メニュー 庁舎案内 Select Language "
"豊田市","strong","37","とよた急病・子育てコール24～育救（いっきゅう）さんコール～","https://www.city.toyota.aichi.jp/kosodategakko/kosodate/kouryu/soudan/1015574.html","とよた急病・子育てコール24～育救（いっきゅう）さんコール～","とよた急病・子育てコール24～育救（いっきゅう）さんコール～｜豊田市 当ホームページではjavascriptを使用しています。 javascriptの使用を有効にしなければ、一部の機能が正確に動作しない恐れがあります。お手数ですがjavascriptの使用を有効にしてください。 エンターキーを押すと、ナビゲーション部分をスキップし本文へ移動します。 豊田市 TOYOTA CITY サイト メニュー 庁舎案内 Select Languag"
"豊田市","strong","37","読む救急箱 家庭の医療ガイドブック","https://www.city.toyota.aichi.jp/kosodategakko/kosodate/kenkou/1073754/1003352.html","読む救急箱 家庭の医療ガイドブック","読む救急箱 家庭の医療ガイドブック｜豊田市 当ホームページではjavascriptを使用しています。 javascriptの使用を有効にしなければ、一部の機能が正確に動作しない恐れがあります。お手数ですがjavascriptの使用を有効にしてください。 エンターキーを押すと、ナビゲーション部分をスキップし本文へ移動します。 豊田市 TOYOTA CITY サイト メニュー 庁舎案内 Select Language Afrikaans A"
"豊田市","strong","37","報道発表資料 環境の保全を推進する協定協議会がフードドライブで集めた食品を（社福）豊田市社会福祉協議会へ寄付します","https://www.city.toyota.aichi.jp/pressrelease/1077298/1078114.html","報道発表資料 環境の保全を推進する協定協議会がフードドライブで集めた食品を（社福）豊田市社会福祉協議会へ寄付します","報道発表資料 環境の保全を推進する協定協議会がフードドライブで集めた食品を（社福）豊田市社会福祉協議会へ寄付します｜豊田市 当ホームページではjavascriptを使用しています。 javascriptの使用を有効にしなければ、一部の機能が正確に動作しない恐れがあります。お手数ですがjavascriptの使用を有効にしてください。 エンターキーを押すと、ナビゲーション部分をスキップし本文へ移動します。 豊田市 TOYOTA CITY サ"
"豊田市","strong","37","報道発表資料 おいでんバス高齢者向け定期券の購入者に公共施設で使えるクーポン券を配布します","https://www.city.toyota.aichi.jp/pressrelease/1077159/1077209.html","報道発表資料 おいでんバス高齢者向け定期券の購入者に公共施設で使えるクーポン券を配布します","報道発表資料 おいでんバス高齢者向け定期券の購入者に公共施設で使えるクーポン券を配布します｜豊田市 当ホームページではjavascriptを使用しています。 javascriptの使用を有効にしなければ、一部の機能が正確に動作しない恐れがあります。お手数ですがjavascriptの使用を有効にしてください。 エンターキーを押すと、ナビゲーション部分をスキップし本文へ移動します。 豊田市 TOYOTA CITY サイト メニュー 庁舎案内"
"豊田市","strong","37","高次脳機能障がいのある人の家族の教室","https://www.city.toyota.aichi.jp/kenkoiryo/shogai/1073267/1030036/1066277.html","高次脳機能障がいのある人の家族の教室","高次脳機能障がいのある人の家族の教室｜豊田市 当ホームページではjavascriptを使用しています。 javascriptの使用を有効にしなければ、一部の機能が正確に動作しない恐れがあります。お手数ですがjavascriptの使用を有効にしてください。 エンターキーを押すと、ナビゲーション部分をスキップし本文へ移動します。 豊田市 TOYOTA CITY サイト メニュー 庁舎案内 Select Language Afrikaans "
"豊田市","strong","37","発達障がい 子育ておはなし会","https://www.city.toyota.aichi.jp/event/child/1030258.html","発達障がい 子育ておはなし会","発達障がい 子育ておはなし会｜豊田市 当ホームページではjavascriptを使用しています。 javascriptの使用を有効にしなければ、一部の機能が正確に動作しない恐れがあります。お手数ですがjavascriptの使用を有効にしてください。 エンターキーを押すと、ナビゲーション部分をスキップし本文へ移動します。 豊田市 TOYOTA CITY サイト メニュー 庁舎案内 Select Language Afrikaans Alba"
"豊田市","strong","37","高齢者交通安全サポート制度","https://www.city.toyota.aichi.jp/bosaianzen/bohan/anzen/1073313/1015879.html","高齢者交通安全サポート制度","高齢者交通安全サポート制度｜豊田市 当ホームページではjavascriptを使用しています。 javascriptの使用を有効にしなければ、一部の機能が正確に動作しない恐れがあります。お手数ですがjavascriptの使用を有効にしてください。 エンターキーを押すと、ナビゲーション部分をスキップし本文へ移動します。 豊田市 TOYOTA CITY サイト メニュー 庁舎案内 Select Language Afrikaans Alban"
"豊田市","strong","37","婚姻届（結婚するときの戸籍の届け）","https://www.city.toyota.aichi.jp/torokushomei/koseki/1002807.html","婚姻届（結婚するときの戸籍の届け）","婚姻届（結婚するときの戸籍の届け）｜豊田市 当ホームページではjavascriptを使用しています。 javascriptの使用を有効にしなければ、一部の機能が正確に動作しない恐れがあります。お手数ですがjavascriptの使用を有効にしてください。 エンターキーを押すと、ナビゲーション部分をスキップし本文へ移動します。 豊田市 TOYOTA CITY サイト メニュー 庁舎案内 Select Language Afrikaans A"
"豊田市","strong","37","お墓、お骨の移転に伴う改葬許可申請","https://www.city.toyota.aichi.jp/sumaikankyo/sumaitochi/hakasho/1002810.html","お墓、お骨の移転に伴う改葬許可申請","お墓、お骨の移転に伴う改葬許可申請｜豊田市 当ホームページではjavascriptを使用しています。 javascriptの使用を有効にしなければ、一部の機能が正確に動作しない恐れがあります。お手数ですがjavascriptの使用を有効にしてください。 エンターキーを押すと、ナビゲーション部分をスキップし本文へ移動します。 豊田市 TOYOTA CITY サイト メニュー 庁舎案内 Select Language Afrikaans A"
"豊田市","strong","37","ライフデザイン ～私の未来を考えよう～","https://www.city.toyota.aichi.jp/kosodategakko/seishonen/1074721.html","ライフデザイン ～私の未来を考えよう～","ライフデザイン ～私の未来を考えよう～｜豊田市 当ホームページではjavascriptを使用しています。 javascriptの使用を有効にしなければ、一部の機能が正確に動作しない恐れがあります。お手数ですがjavascriptの使用を有効にしてください。 エンターキーを押すと、ナビゲーション部分をスキップし本文へ移動します。 豊田市 TOYOTA CITY サイト メニュー 庁舎案内 Select Language Afrikaans"
"豊田市","strong","37","子育て支援バンク事業の概要","https://www.city.toyota.aichi.jp/kosodategakko/ninshin/1073642/1008492/1008493.html","子育て支援バンク事業の概要","子育て支援バンク事業の概要｜豊田市 当ホームページではjavascriptを使用しています。 javascriptの使用を有効にしなければ、一部の機能が正確に動作しない恐れがあります。お手数ですがjavascriptの使用を有効にしてください。 エンターキーを押すと、ナビゲーション部分をスキップし本文へ移動します。 豊田市 TOYOTA CITY サイト メニュー 庁舎案内 Select Language Afrikaans Alban"
"安城市","strong","37","令和7年度市民活動補助金審査に係る流れ（PDF：455KB）","https://www.city.anjo.aichi.jp/shisei/siminsankatokyodo/siminsanka/documents/1sinnsanonagare.pdf","令和7年度市民活動補助金審査に係る流れ（PDF：455KB）",""
"安城市","strong","37","令和7年度市民活動補助金審査に係る流れ（案）（PDF：453KB）","https://www.city.anjo.aichi.jp/shisei/siminsankatokyodo/siminsanka/documents/r6siryou70718.pdf","令和7年度市民活動補助金審査に係る流れ（案）（PDF：453KB）",""
"安城市","strong","37","令和6年度安城市市民活動補助金補助対象事業募集要項（PDF：878KB）","https://www.city.anjo.aichi.jp/shisei/siminsankatokyodo/siminsanka/documents/r6shiminnkatsudouhojokinn-boshuuyoukou.pdf","令和6年度安城市市民活動補助金補助対象事業募集要項（PDF：878KB）",""
"安城市","strong","37","4.令和6年度安城市市民活動補助金について（PDF：116KB）","https://www.city.anjo.aichi.jp/shisei/siminsankatokyodo/siminsanka/documents/r6siminnkatsudohojokinn.pdf","4.令和6年度安城市市民活動補助金について（PDF：116KB）",""
"安城市","strong","37","2.令和5年度市民活動補助金審査に係る流れ（PDF：79KB）","https://www.city.anjo.aichi.jp/shisei/siminsankatokyodo/siminsanka/documents/1107shiryo2.pdf","2.令和5年度市民活動補助金審査に係る流れ（PDF：79KB）",""
"安城市","strong","37","5.令和5年度安城市市民活動補助金について（PDF：117KB）","https://www.city.anjo.aichi.jp/shisei/siminsankatokyodo/siminsanka/documents/r40728shiryo5.pdf","5.令和5年度安城市市民活動補助金について（PDF：117KB）",""
"安城市","strong","37","6.令和4年度安城市市民活動補助金について（PDF：118KB）","https://www.city.anjo.aichi.jp/shisei/siminsankatokyodo/siminsanka/documents/r30727shiryo6.pdf","6.令和4年度安城市市民活動補助金について（PDF：118KB）",""
"安城市","strong","37","2.令和3年度安城市市民活動補助金補助対象事業募集要項（PDF：1,395KB）","https://www.city.anjo.aichi.jp/shisei/siminsankatokyodo/siminsanka/documents/r3katudobosyuyoukou.pdf","2.令和3年度安城市市民活動補助金補助対象事業募集要項（PDF：1,395KB）",""
"安城市","strong","37","3.令和3年度市民活動補助金審査に係る流れ（PDF：77KB）","https://www.city.anjo.aichi.jp/shisei/siminsankatokyodo/siminsanka/documents/r3shinsanagare.pdf","3.令和3年度市民活動補助金審査に係る流れ（PDF：77KB）",""
"安城市","strong","37","5.別紙（令和元年度市民活動補助金交付事業活動実績について）（PDF：427KB）","https://www.city.anjo.aichi.jp/shisei/siminsankatokyodo/siminsanka/documents/020729shiryou5besshi.pdf","5.別紙（令和元年度市民活動補助金交付事業活動実績について）（PDF：427KB）",""
"安城市","strong","37","令和2年度安城市市民活動補助金審査に係る流れ（PDF：450KB）","https://www.city.anjo.aichi.jp/shisei/siminsankatokyodo/siminsanka/documents/r2shiminnkatudohozyokinshinnsanikakarunagare.pdf","令和2年度安城市市民活動補助金審査に係る流れ（PDF：450KB）",""
"安城市","strong","37","安城市市民活動補助金募集要項（案）（PDF：520KB）","https://www.city.anjo.aichi.jp/shisei/siminsankatokyodo/siminsanka/documents/shiminkatudouhozyokinnbosyuuyoukou.pdf","安城市市民活動補助金募集要項（案）（PDF：520KB）",""
"安城市","strong","37","資料2「平成30年度安城市市民活動補助金対象事業募集要項（案）」（PDF：599KB）","https://www.city.anjo.aichi.jp/shisei/siminsankatokyodo/siminsanka/documents/04youkou.pdf","資料2「平成30年度安城市市民活動補助金対象事業募集要項（案）」（PDF：599KB）",""
"安城市","strong","37","資料5-1「市民活動補助金対象事業募集要項（案）追加募集用」（PDF：637KB）","https://www.city.anjo.aichi.jp/shisei/siminsankatokyodo/siminsanka/documents/5-1bosyuyoukou.pdf","資料5-1「市民活動補助金対象事業募集要項（案）追加募集用」（PDF：637KB）",""
"安城市","strong","37","(2)平成27年度市民活動補助金対象事業の募集について（PDF：106KB）","https://www.city.anjo.aichi.jp/shisei/siminsankatokyodo/siminsanka/documents/h26-02-02h27bosyuyoukou.pdf","(2)平成27年度市民活動補助金対象事業の募集について（PDF：106KB）",""
"安城市","strong","37","(2)平成26年度安城市市民活動補助金対象事業募集要項（追加募集）（PDF：119KB）","https://www.city.anjo.aichi.jp/shisei/siminsankatokyodo/siminsanka/documents/h26-01-02tuikabosyuyoukou.pdf","(2)平成26年度安城市市民活動補助金対象事業募集要項（追加募集）（PDF：119KB）",""
"安城市","strong","37","（1）平成25年度安城市市民活動補助金（試行）募集要項（PDF：101KB）","https://www.city.anjo.aichi.jp/shisei/siminsankatokyodo/siminsanka/documents/h25dai1kai-shiryou01.pdf","（1）平成25年度安城市市民活動補助金（試行）募集要項（PDF：101KB）",""
"安城市","strong","37","（3）平成25年度安城市市民活動補助金（試行）募集要項（追加募集）（PDF：93KB）","https://www.city.anjo.aichi.jp/shisei/siminsankatokyodo/siminsanka/documents/h25dai1kai-shiryou03.pdf","（3）平成25年度安城市市民活動補助金（試行）募集要項（追加募集）（PDF：93KB）",""
"西尾市","strong","37","「危険な空家」の相談窓口","https://www.city.nishio.aichi.jp/kurashi/sumai/1001387/1001792.html","「危険な空家」の相談窓口","「危険な空家」の相談窓口｜西尾市公式ウェブサイト 当ホームページではjavascriptを使用しています。 javascriptの使用を有効にしなければ、一部の機能が正確に動作しない恐れがあります。お手数ですがjavascriptの使用を有効にしてください。 エンターキーを押すと、ナビゲーション部分をスキップし本文へ移動します。 サイトマップ Select Language English 中文（简体字） 中文（繁體字） 한국어 Por"
"西尾市","strong","37","施設案内 西尾市障害者歯科診療所","https://www.city.nishio.aichi.jp/kenkofukushi/kenshin/1001450/1002476.html","施設案内 西尾市障害者歯科診療所","施設案内 西尾市障害者歯科診療所｜西尾市公式ウェブサイト 当ホームページではjavascriptを使用しています。 javascriptの使用を有効にしなければ、一部の機能が正確に動作しない恐れがあります。お手数ですがjavascriptの使用を有効にしてください。 エンターキーを押すと、ナビゲーション部分をスキップし本文へ移動します。 サイトマップ Select Language English 中文（简体字） 中文（繁體字） 한국어"
"西尾市","strong","37","応急手当","https://www.city.nishio.aichi.jp/kurashi/shobo/1001373/1004549.html","応急手当","応急手当｜西尾市公式ウェブサイト 当ホームページではjavascriptを使用しています。 javascriptの使用を有効にしなければ、一部の機能が正確に動作しない恐れがあります。お手数ですがjavascriptの使用を有効にしてください。 エンターキーを押すと、ナビゲーション部分をスキップし本文へ移動します。 サイトマップ Select Language English 中文（简体字） 中文（繁體字） 한국어 Português T"
"西尾市","strong","37","応急手当のうそ？ほんと！","https://www.city.nishio.aichi.jp/kurashi/shobo/1001373/1004551.html","応急手当のうそ？ほんと！","応急手当のうそ？ほんと！｜西尾市公式ウェブサイト 当ホームページではjavascriptを使用しています。 javascriptの使用を有効にしなければ、一部の機能が正確に動作しない恐れがあります。お手数ですがjavascriptの使用を有効にしてください。 エンターキーを押すと、ナビゲーション部分をスキップし本文へ移動します。 サイトマップ Select Language English 中文（简体字） 中文（繁體字） 한국어 Por"
"西尾市","strong","37","高齢者サポートセンターは高齢者の総合相談窓口です ※令和8年4月1日「地域包括支援センター」から名称変更","https://www.city.nishio.aichi.jp/kenkofukushi/kaigohoken/1001467/1002567.html","地域包括支援センターは高齢者の総合相談窓口です","高齢者サポートセンターは高齢者の総合相談窓口です ※令和8年4月1日「地域包括支援センター」から名称変更｜西尾市公式ウェブサイト 当ホームページではjavascriptを使用しています。 javascriptの使用を有効にしなければ、一部の機能が正確に動作しない恐れがあります。お手数ですがjavascriptの使用を有効にしてください。 エンターキーを押すと、ナビゲーション部分をスキップし本文へ移動します。 サイトマップ Select "
"西尾市","strong","37","在宅医療と介護に関する相談を受けます","https://www.city.nishio.aichi.jp/lifescene/kaigo/1011289/1011293.html","在宅医療と介護に関する相談を受けます","在宅医療と介護に関する相談を受けます｜西尾市公式ウェブサイト 当ホームページではjavascriptを使用しています。 javascriptの使用を有効にしなければ、一部の機能が正確に動作しない恐れがあります。お手数ですがjavascriptの使用を有効にしてください。 エンターキーを押すと、ナビゲーション部分をスキップし本文へ移動します。 サイトマップ Select Language English 中文（简体字） 中文（繁體字） 한"
"西尾市","strong","37","患者等搬送認定事業者","https://www.city.nishio.aichi.jp/kurashi/shobo/1001373/1011093.html","患者等搬送認定事業者","患者等搬送認定事業者｜西尾市公式ウェブサイト 当ホームページではjavascriptを使用しています。 javascriptの使用を有効にしなければ、一部の機能が正確に動作しない恐れがあります。お手数ですがjavascriptの使用を有効にしてください。 エンターキーを押すと、ナビゲーション部分をスキップし本文へ移動します。 サイトマップ Select Language English 中文（简体字） 中文（繁體字） 한국어 Portu"
"西尾市","strong","37","施設案内 西尾市休日診療所","https://www.city.nishio.aichi.jp/kenkofukushi/kenshin/1001450/1002475.html","施設案内 西尾市休日診療所","施設案内 西尾市休日診療所｜西尾市公式ウェブサイト 当ホームページではjavascriptを使用しています。 javascriptの使用を有効にしなければ、一部の機能が正確に動作しない恐れがあります。お手数ですがjavascriptの使用を有効にしてください。 エンターキーを押すと、ナビゲーション部分をスキップし本文へ移動します。 サイトマップ Select Language English 中文（简体字） 中文（繁體字） 한국어 Po"
"西尾市","strong","37","空き家の解体費用や解体後の土地の売却価格の相場を調べる","https://www.city.nishio.aichi.jp/kurashi/sumai/1001387/1008931.html","空き家の解体費用や解体後の土地の売却価格の相場を調べる","空き家の解体費用や解体後の土地の売却価格の相場を調べる｜西尾市公式ウェブサイト 当ホームページではjavascriptを使用しています。 javascriptの使用を有効にしなければ、一部の機能が正確に動作しない恐れがあります。お手数ですがjavascriptの使用を有効にしてください。 エンターキーを押すと、ナビゲーション部分をスキップし本文へ移動します。 サイトマップ Select Language English 中文（简体字） "
"西尾市","strong","37","空き家の発生を抑制するための特例措置（3,000万円控除）","https://www.city.nishio.aichi.jp/kurashi/sumai/1001387/1001793.html","空き家の発生を抑制するための特例措置（3,000万円控除）","空き家の発生を抑制するための特例措置（3,000万円控除）｜西尾市公式ウェブサイト 当ホームページではjavascriptを使用しています。 javascriptの使用を有効にしなければ、一部の機能が正確に動作しない恐れがあります。お手数ですがjavascriptの使用を有効にしてください。 エンターキーを押すと、ナビゲーション部分をスキップし本文へ移動します。 サイトマップ Select Language English 中文（简体字"
"蒲郡市","strong","37","再生医療のまち蒲郡の特集動画を作成しました。 - 愛知県蒲郡市公式ホームページ","https://www.city.gamagori.lg.jp/unit/sangyo/special-feature-video.html","再生医療のまち蒲郡の特集動画を作成しました。","再生医療のまち蒲郡の特集動画を作成しました。 - 愛知県蒲郡市公式ホームページ ページの先頭です。 メニューを飛ばして本文へ メニュー 検索 JavaScriptが無効のため、文字の大きさ・背景色を変更する機能を使用できません。 本文へ Foreign language 音声読み上げ ふりがな 閲覧補助 文字サイズ 拡大 標準 背景色 白 黒 青 閉じる 休日・救急医療 安心・ひろめーる AED設置場所 緊急・防災情報 くらし・手続 防"
"蒲郡市","strong","37","発熱や風邪症状のある方へ - 感染症対策サイト - 愛知県蒲郡市公式ホームページ","https://www.city.gamagori.lg.jp/site/covid19/hatsunetsu.html","発熱や風邪症状のある方へ","発熱や風邪症状のある方へ - 感染症対策サイト - 愛知県蒲郡市公式ホームページ ページの先頭です。 メニューを飛ばして本文へ メニュー 検索 JavaScriptが無効のため、文字の大きさ・背景色を変更する機能を使用できません。 本文へ Foreign language 音声読み上げ ふりがな 閲覧補助 文字サイズ 拡大 標準 背景色 白 黒 青 閉じる 休日・救急医療 安心・ひろめーる AED設置場所 緊急・防災情報 くらし・手続 "
"蒲郡市","strong","37","アピタ蒲郡店協働事業サイト - 愛知県蒲郡市公式ホームページ","https://www.city.gamagori.lg.jp/site/apita/","アピタ蒲郡店協働事業サイト","アピタ蒲郡店協働事業サイト - 愛知県蒲郡市公式ホームページ ページの先頭です。 メニューを飛ばして本文へ メニュー 検索 JavaScriptが無効のため、文字の大きさ・背景色を変更する機能を使用できません。 本文へ Foreign language 音声読み上げ ふりがな 閲覧補助 文字サイズ 拡大 標準 背景色 白 黒 青 閉じる 休日・救急医療 安心・ひろめーる AED設置場所 緊急・防災情報 くらし・手続 防災・安全安心 マイ"
"蒲郡市","strong","37","中央子育て支援センター - 愛知県蒲郡市公式ホームページ","https://www.city.gamagori.lg.jp/site/chuoukosodate/","中央子育て支援センター","中央子育て支援センター - 愛知県蒲郡市公式ホームページ ページの先頭です。 メニューを飛ばして本文へ メニュー 検索 JavaScriptが無効のため、文字の大きさ・背景色を変更する機能を使用できません。 本文へ Foreign language 音声読み上げ ふりがな 閲覧補助 文字サイズ 拡大 標準 背景色 白 黒 青 閉じる 休日・救急医療 安心・ひろめーる AED設置場所 緊急・防災情報 くらし・手続 防災・安全安心 マイナン"
"蒲郡市","strong","37","西部子育て支援センター - 愛知県蒲郡市公式ホームページ","https://www.city.gamagori.lg.jp/site/seibukosodate/","西部子育て支援センター","西部子育て支援センター - 愛知県蒲郡市公式ホームページ ページの先頭です。 メニューを飛ばして本文へ メニュー 検索 JavaScriptが無効のため、文字の大きさ・背景色を変更する機能を使用できません。 本文へ Foreign language 音声読み上げ ふりがな 閲覧補助 文字サイズ 拡大 標準 背景色 白 黒 青 閉じる 休日・救急医療 安心・ひろめーる AED設置場所 緊急・防災情報 くらし・手続 防災・安全安心 マイナン"
"蒲郡市","strong","37","市役所各階の配置図 - 愛知県蒲郡市公式ホームページ","https://www.city.gamagori.lg.jp/unit/gyosei/floor-1.html","市役所各階の配置図","市役所各階の配置図 - 愛知県蒲郡市公式ホームページ ページの先頭です。 メニューを飛ばして本文へ メニュー 検索 JavaScriptが無効のため、文字の大きさ・背景色を変更する機能を使用できません。 本文へ Foreign language 音声読み上げ ふりがな 閲覧補助 文字サイズ 拡大 標準 背景色 白 黒 青 閉じる 休日・救急医療 安心・ひろめーる AED設置場所 緊急・防災情報 くらし・手続 防災・安全安心 マイナンバー"
"蒲郡市","strong","37","がまごおり子育て応援アプリ「うーみんナビ」配信中！ - 愛知県蒲郡市公式ホームページ","https://www.city.gamagori.lg.jp/unit/hoken/u-minnavi.html","がまごおり子育て応援アプリ「うーみんナビ」配信中！","がまごおり子育て応援アプリ「うーみんナビ」配信中！ - 愛知県蒲郡市公式ホームページ ページの先頭です。 メニューを飛ばして本文へ メニュー 検索 JavaScriptが無効のため、文字の大きさ・背景色を変更する機能を使用できません。 本文へ Foreign language 音声読み上げ ふりがな 閲覧補助 文字サイズ 拡大 標準 背景色 白 黒 青 閉じる 休日・救急医療 安心・ひろめーる AED設置場所 緊急・防災情報 くらし・手"
"蒲郡市","strong","37","地域子育て相談窓口（たよりん） - 愛知県蒲郡市公式ホームページ","https://www.city.gamagori.lg.jp/unit/kosodatehoukatsu/tiikikosodatesoudanmadoguti.html","地域子育て相談窓口（たよりん）","地域子育て相談窓口（たよりん） - 愛知県蒲郡市公式ホームページ ページの先頭です。 メニューを飛ばして本文へ メニュー 検索 JavaScriptが無効のため、文字の大きさ・背景色を変更する機能を使用できません。 本文へ Foreign language 音声読み上げ ふりがな 閲覧補助 文字サイズ 拡大 標準 背景色 白 黒 青 閉じる 休日・救急医療 安心・ひろめーる AED設置場所 緊急・防災情報 くらし・手続 防災・安全安心 "
"蒲郡市","strong","37","災害時の徒歩帰宅支援 - 緊急情報 - 愛知県蒲郡市公式ホームページ","https://www.city.gamagori.lg.jp/site/kinkyu/tohokitakusienmap.html","災害時の徒歩帰宅支援","災害時の徒歩帰宅支援 - 緊急情報 - 愛知県蒲郡市公式ホームページ ページの先頭です。 メニューを飛ばして本文へ メニュー 検索 JavaScriptが無効のため、文字の大きさ・背景色を変更する機能を使用できません。 本文へ Foreign language 音声読み上げ ふりがな 閲覧補助 文字サイズ 拡大 標準 背景色 白 黒 青 閉じる 休日・救急医療 安心・ひろめーる AED設置場所 緊急・防災情報 くらし・手続 防災・安全安"
"蒲郡市","strong","37","土砂災害への備え - 緊急情報 - 愛知県蒲郡市公式ホームページ","https://www.city.gamagori.lg.jp/site/kinkyu/do-saigai-sonae.html","土砂災害への備え","土砂災害への備え - 緊急情報 - 愛知県蒲郡市公式ホームページ ページの先頭です。 メニューを飛ばして本文へ メニュー 検索 JavaScriptが無効のため、文字の大きさ・背景色を変更する機能を使用できません。 本文へ Foreign language 音声読み上げ ふりがな 閲覧補助 文字サイズ 拡大 標準 背景色 白 黒 青 閉じる 休日・救急医療 安心・ひろめーる AED設置場所 緊急・防災情報 くらし・手続 防災・安全安心 "
"蒲郡市","strong","37","災害時の下水道使用について - 下水道 - 愛知県蒲郡市公式ホームページ","https://www.city.gamagori.lg.jp/site/gesui/saigai.html","災害時の下水道使用について","災害時の下水道使用について - 下水道 - 愛知県蒲郡市公式ホームページ ページの先頭です。 メニューを飛ばして本文へ メニュー 検索 JavaScriptが無効のため、文字の大きさ・背景色を変更する機能を使用できません。 本文へ Foreign language 音声読み上げ ふりがな 閲覧補助 文字サイズ 拡大 標準 背景色 白 黒 青 閉じる 休日・救急医療 安心・ひろめーる AED設置場所 緊急・防災情報 くらし・手続 防災・安"
"蒲郡市","strong","37","愛知県南海トラフ地震被害予測調査（令和8（2026）年6月） - 緊急情報 - 愛知県蒲郡市公式ホームページ","https://www.city.gamagori.lg.jp/site/kinkyu/2026higaisoutei.html","愛知県南海トラフ地震被害予測調査（令和8（2026）年6月）","愛知県南海トラフ地震被害予測調査（令和8（2026）年6月） - 緊急情報 - 愛知県蒲郡市公式ホームページ ページの先頭です。 メニューを飛ばして本文へ メニュー 検索 JavaScriptが無効のため、文字の大きさ・背景色を変更する機能を使用できません。 本文へ Foreign language 音声読み上げ ふりがな 閲覧補助 文字サイズ 拡大 標準 背景色 白 黒 青 閉じる 休日・救急医療 安心・ひろめーる AED設置場所 緊"
"蒲郡市","strong","37","【Phiên bản Tiếng Việt ベトナム語対応版】BẢN ĐỒ DỰ BÁO THIÊN TAI THÀNH PHỐ GAMAGORI 蒲郡市ハザードマップ - 愛知県蒲郡市公式ホームページ","https://www.city.gamagori.lg.jp/unit/kikikanri/vetonamugo-map.html","【Phiên bản Tiếng Việt ベトナム語対応版】BẢN ĐỒ DỰ BÁO THIÊN TAI THÀNH PHỐ GAMAGORI 蒲郡市ハザードマップ","【Phiên bản Tiếng Việt ベトナム語対応版】BẢN ĐỒ DỰ BÁO THIÊN TAI THÀNH PHỐ GAMAGORI 蒲郡市ハザードマップ - 愛知県蒲郡市公式ホームページ ページの先頭です。 メニューを飛ばして本文へ メニュー 検索 JavaScriptが無効のため、文字の大きさ・背景色を変更する機能を使用できません。 本文へ Foreign language 音声読み上げ ふりがな 閲覧補助 文字サイズ"
"蒲郡市","strong","37","令和6年8月土砂災害の記録について - 愛知県蒲郡市公式ホームページ","https://www.city.gamagori.lg.jp/unit/kikikanri/r6dosyasaigai-kiroku.html","令和6年8月土砂災害の記録について","令和6年8月土砂災害の記録について - 愛知県蒲郡市公式ホームページ ページの先頭です。 メニューを飛ばして本文へ メニュー 検索 JavaScriptが無効のため、文字の大きさ・背景色を変更する機能を使用できません。 本文へ Foreign language 音声読み上げ ふりがな 閲覧補助 文字サイズ 拡大 標準 背景色 白 黒 青 閉じる 休日・救急医療 安心・ひろめーる AED設置場所 緊急・防災情報 くらし・手続 防災・安全安"
"蒲郡市","strong","37","ため池ハザードマップ - 蒲郡市の農業について - 愛知県蒲郡市公式ホームページ","https://www.city.gamagori.lg.jp/site/nougyou/ike.html","ため池ハザードマップ","ため池ハザードマップ - 蒲郡市の農業について - 愛知県蒲郡市公式ホームページ ページの先頭です。 メニューを飛ばして本文へ メニュー 検索 JavaScriptが無効のため、文字の大きさ・背景色を変更する機能を使用できません。 本文へ Foreign language 音声読み上げ ふりがな 閲覧補助 文字サイズ 拡大 標準 背景色 白 黒 青 閉じる 休日・救急医療 安心・ひろめーる AED設置場所 緊急・防災情報 くらし・手続 "
"蒲郡市","strong","37","市内小中及び義務教育学校の災害に関わる臨時休校の取り扱い - 愛知県蒲郡市公式ホームページ","https://www.city.gamagori.lg.jp/unit/gakko/saigairenraku002.html","市内小中及び義務教育学校の災害に関わる臨時休校の取り扱い","市内小中及び義務教育学校の災害に関わる臨時休校の取り扱い - 愛知県蒲郡市公式ホームページ ページの先頭です。 メニューを飛ばして本文へ メニュー 検索 JavaScriptが無効のため、文字の大きさ・背景色を変更する機能を使用できません。 本文へ Foreign language 音声読み上げ ふりがな 閲覧補助 文字サイズ 拡大 標準 背景色 白 黒 青 閉じる 休日・救急医療 安心・ひろめーる AED設置場所 緊急・防災情報 くら"
"蒲郡市","strong","37","火災発生時の初期対応、防火管理の重要性 - 蒲郡市消防本部 - 愛知県蒲郡市公式ホームページ","https://www.city.gamagori.lg.jp/site/shobo/boukakanri.html","火災発生時の初期対応、防火管理の重要性","火災発生時の初期対応、防火管理の重要性 - 蒲郡市消防本部 - 愛知県蒲郡市公式ホームページ ページの先頭です。 メニューを飛ばして本文へ メニュー 検索 JavaScriptが無効のため、文字の大きさ・背景色を変更する機能を使用できません。 本文へ Foreign language 音声読み上げ ふりがな 閲覧補助 文字サイズ 拡大 標準 背景色 白 黒 青 閉じる 休日・救急医療 安心・ひろめーる AED設置場所 緊急・防災情報 く"
"蒲郡市","strong","37","東京都北区の小学校の火災を踏まえて - 蒲郡市消防本部 - 愛知県蒲郡市公式ホームページ","https://www.city.gamagori.lg.jp/site/shobo/syougakoukasai.html","東京都北区の小学校の火災を踏まえて","東京都北区の小学校の火災を踏まえて - 蒲郡市消防本部 - 愛知県蒲郡市公式ホームページ ページの先頭です。 メニューを飛ばして本文へ メニュー 検索 JavaScriptが無効のため、文字の大きさ・背景色を変更する機能を使用できません。 本文へ Foreign language 音声読み上げ ふりがな 閲覧補助 文字サイズ 拡大 標準 背景色 白 黒 青 閉じる 休日・救急医療 安心・ひろめーる AED設置場所 緊急・防災情報 くらし"
"蒲郡市","strong","37","設置が義務です！！住宅用火災警報器 - 蒲郡市消防本部 - 愛知県蒲郡市公式ホームページ","https://www.city.gamagori.lg.jp/site/shobo/zyuukeiki-torituke.html","設置が義務です！！住宅用火災警報器（蒲郡市消防本部ホームページ）","設置が義務です！！住宅用火災警報器 - 蒲郡市消防本部 - 愛知県蒲郡市公式ホームページ ページの先頭です。 メニューを飛ばして本文へ メニュー 検索 JavaScriptが無効のため、文字の大きさ・背景色を変更する機能を使用できません。 本文へ Foreign language 音声読み上げ ふりがな 閲覧補助 文字サイズ 拡大 標準 背景色 白 黒 青 閉じる 休日・救急医療 安心・ひろめーる AED設置場所 緊急・防災情報 くらし"
"蒲郡市","strong","37","台風や豪雨等において農作物や農業用施設等が被災された農業者の皆様へ - 愛知県蒲郡市公式ホームページ","https://www.city.gamagori.lg.jp/unit/norin/nogyohisaishomei.html","台風や豪雨等において農作物や農業用施設等が被災された農業者の皆様へ","台風や豪雨等において農作物や農業用施設等が被災された農業者の皆様へ - 愛知県蒲郡市公式ホームページ ページの先頭です。 メニューを飛ばして本文へ メニュー 検索 JavaScriptが無効のため、文字の大きさ・背景色を変更する機能を使用できません。 本文へ Foreign language 音声読み上げ ふりがな 閲覧補助 文字サイズ 拡大 標準 背景色 白 黒 青 閉じる 休日・救急医療 安心・ひろめーる AED設置場所 緊急・防災"
"蒲郡市","strong","37","転居（市内での引越し） - 愛知県蒲郡市公式ホームページ","https://www.city.gamagori.lg.jp/unit/shimin/tenkyoo.html","転居（市内での引越し）","転居（市内での引越し） - 愛知県蒲郡市公式ホームページ ページの先頭です。 メニューを飛ばして本文へ メニュー 検索 JavaScriptが無効のため、文字の大きさ・背景色を変更する機能を使用できません。 本文へ Foreign language 音声読み上げ ふりがな 閲覧補助 文字サイズ 拡大 標準 背景色 白 黒 青 閉じる 休日・救急医療 安心・ひろめーる AED設置場所 緊急・防災情報 くらし・手続 防災・安全安心 マイナン"
"蒲郡市","strong","37","世帯変更（世帯主変更・世帯分離・世帯合併など） - 愛知県蒲郡市公式ホームページ","https://www.city.gamagori.lg.jp/unit/shimin/setai.html","世帯変更（世帯主変更・世帯分離・世帯合併など）","世帯変更（世帯主変更・世帯分離・世帯合併など） - 愛知県蒲郡市公式ホームページ ページの先頭です。 メニューを飛ばして本文へ メニュー 検索 JavaScriptが無効のため、文字の大きさ・背景色を変更する機能を使用できません。 本文へ Foreign language 音声読み上げ ふりがな 閲覧補助 文字サイズ 拡大 標準 背景色 白 黒 青 閉じる 休日・救急医療 安心・ひろめーる AED設置場所 緊急・防災情報 くらし・手続 "
"蒲郡市","strong","37","ごみ出し便利帳 - 愛知県蒲郡市公式ホームページ","https://www.city.gamagori.lg.jp/unit/kankyo/benricho.html","ごみ出し便利帳","ごみ出し便利帳 - 愛知県蒲郡市公式ホームページ ページの先頭です。 メニューを飛ばして本文へ メニュー 検索 JavaScriptが無効のため、文字の大きさ・背景色を変更する機能を使用できません。 本文へ Foreign language 音声読み上げ ふりがな 閲覧補助 文字サイズ 拡大 標準 背景色 白 黒 青 閉じる 休日・救急医療 安心・ひろめーる AED設置場所 緊急・防災情報 くらし・手続 防災・安全安心 マイナンバーカー"
"豊田市","strong","36","国民年金保険料の納付・免除","https://www.city.toyota.aichi.jp/zeihoken/nenkin/1073624/index.html","国民年金保険料の納付・免除","国民年金保険料の納付・免除｜豊田市 当ホームページではjavascriptを使用しています。 javascriptの使用を有効にしなければ、一部の機能が正確に動作しない恐れがあります。お手数ですがjavascriptの使用を有効にしてください。 エンターキーを押すと、ナビゲーション部分をスキップし本文へ移動します。 豊田市 TOYOTA CITY サイト メニュー 庁舎案内 Select Language Afrikaans Alban"
"豊田市","strong","36","税金に関するお知らせ","https://www.city.toyota.aichi.jp/zeihoken/zeikin/index.html","税金に関するお知らせ","税金に関するお知らせ｜豊田市 当ホームページではjavascriptを使用しています。 javascriptの使用を有効にしなければ、一部の機能が正確に動作しない恐れがあります。お手数ですがjavascriptの使用を有効にしてください。 エンターキーを押すと、ナビゲーション部分をスキップし本文へ移動します。 豊田市 TOYOTA CITY サイト メニュー 庁舎案内 Select Language Afrikaans Albanian"
"豊田市","strong","36","軽自動車税","https://www.city.toyota.aichi.jp/zeihoken/keizidosha/index.html","軽自動車税","軽自動車税｜豊田市 当ホームページではjavascriptを使用しています。 javascriptの使用を有効にしなければ、一部の機能が正確に動作しない恐れがあります。お手数ですがjavascriptの使用を有効にしてください。 エンターキーを押すと、ナビゲーション部分をスキップし本文へ移動します。 豊田市 TOYOTA CITY サイト メニュー 庁舎案内 Select Language Afrikaans Albanian Amha"
"豊田市","strong","36","市税の納付・証明","https://www.city.toyota.aichi.jp/zeihoken/shizei/index.html","市税の納付・証明","市税の納付・証明｜豊田市 当ホームページではjavascriptを使用しています。 javascriptの使用を有効にしなければ、一部の機能が正確に動作しない恐れがあります。お手数ですがjavascriptの使用を有効にしてください。 エンターキーを押すと、ナビゲーション部分をスキップし本文へ移動します。 豊田市 TOYOTA CITY サイト メニュー 庁舎案内 Select Language Afrikaans Albanian A"
"豊田市","strong","36","福祉センター","https://www.city.toyota.aichi.jp/shisei/shisetsu/shisetsuhoken/hukushicenter/index.html","福祉センター","福祉センター｜豊田市 当ホームページではjavascriptを使用しています。 javascriptの使用を有効にしなければ、一部の機能が正確に動作しない恐れがあります。お手数ですがjavascriptの使用を有効にしてください。 エンターキーを押すと、ナビゲーション部分をスキップし本文へ移動します。 豊田市 TOYOTA CITY サイト メニュー 庁舎案内 Select Language Afrikaans Albanian Amh"
"豊田市","strong","36","【体験イベント】乗ってみよう！ドキドキワクワクはたらくクルマ（2026年7月17日～2026年9月6日）","https://www.city.toyota.aichi.jp/kosodategakko/seishonen/1073330/1027171/1072724/1078102.html","【体験イベント】乗ってみよう！ドキドキワクワクはたらくクルマ（2026年7月17日～2026年9月6日）","【体験イベント】乗ってみよう！ドキドキワクワクはたらくクルマ（2026年7月17日～2026年9月6日）｜豊田市 当ホームページではjavascriptを使用しています。 javascriptの使用を有効にしなければ、一部の機能が正確に動作しない恐れがあります。お手数ですがjavascriptの使用を有効にしてください。 エンターキーを押すと、ナビゲーション部分をスキップし本文へ移動します。 豊田市 TOYOTA CITY サイト メニ"
"豊田市","strong","36","2026年6月（報道発表資料）","https://www.city.toyota.aichi.jp/pressrelease/1077159/index.html","2026年6月（報道発表資料）","2026年6月（報道発表資料）｜豊田市 当ホームページではjavascriptを使用しています。 javascriptの使用を有効にしなければ、一部の機能が正確に動作しない恐れがあります。お手数ですがjavascriptの使用を有効にしてください。 エンターキーを押すと、ナビゲーション部分をスキップし本文へ移動します。 豊田市 TOYOTA CITY サイト メニュー 庁舎案内 Select Language Afrikaans Alb"
"安城市","strong","36","安城市","https://www.city.anjo.aichi.jp/anshin/tokusagihojokin.html","特殊詐欺対策装置購入費補助金","安城市／安城市特殊詐欺対策装置購入費補助金について このサイトではJavaScriptを使用したコンテンツ・機能を提供しています。JavaScriptを有効にするとご利用いただけます。 本文へスキップします。 安城市 受け継ぐ想いを 未来へ届ける 望遠郷 サイト内検索 ページID検索 設定 文字サイズ・色合い変更 Language メニュー 閉じる 緊急 情報 緊急情報 閉じる ホーム 生活・サービス 教育・学習 観光・文化・スポーツ "
"安城市","strong","36","安城市","https://www.city.anjo.aichi.jp/anshin/bouhanyouguhojokin.html","防犯用具購入費補助金","安城市／防犯用具購入費補助金 このサイトではJavaScriptを使用したコンテンツ・機能を提供しています。JavaScriptを有効にするとご利用いただけます。 本文へスキップします。 安城市 受け継ぐ想いを 未来へ届ける 望遠郷 サイト内検索 ページID検索 設定 文字サイズ・色合い変更 Language メニュー 閉じる 緊急 情報 緊急情報 閉じる ホーム 生活・サービス 教育・学習 観光・文化・スポーツ 産業・入札 市政情報 "
"安城市","strong","36","安城市","https://www.city.anjo.aichi.jp/kurasu/kosodate/teateshien/teateshikyuitiran.html","手当支給日一覧（安城市版）","安城市／令和8年度 手当支給日一覧（安城市版） このサイトではJavaScriptを使用したコンテンツ・機能を提供しています。JavaScriptを有効にするとご利用いただけます。 本文へスキップします。 安城市 受け継ぐ想いを 未来へ届ける 望遠郷 サイト内検索 ページID検索 設定 文字サイズ・色合い変更 Language メニュー 閉じる 緊急 情報 緊急情報 閉じる ホーム 生活・サービス 教育・学習 観光・文化・スポーツ 産業"
"安城市","strong","36","安城市","https://www.city.anjo.aichi.jp/kurasu/kosodate/teateshien/chiikihahahojo.html","地域組織(母親クラブ等)活動補助金交付の申請について","安城市／安城市地域組織(母親クラブ等)活動補助金の申請について このサイトではJavaScriptを使用したコンテンツ・機能を提供しています。JavaScriptを有効にするとご利用いただけます。 本文へスキップします。 安城市 受け継ぐ想いを 未来へ届ける 望遠郷 サイト内検索 ページID検索 設定 文字サイズ・色合い変更 Language メニュー 閉じる 緊急 情報 緊急情報 閉じる ホーム 生活・サービス 教育・学習 観光・文化"
"安城市","strong","36","安城市","https://www.city.anjo.aichi.jp/kurasu/machidukuri/chonaikai/shinseisyo.html","町内会等活動関連補助金","安城市／町内会等活動関連補助金 このサイトではJavaScriptを使用したコンテンツ・機能を提供しています。JavaScriptを有効にするとご利用いただけます。 本文へスキップします。 安城市 受け継ぐ想いを 未来へ届ける 望遠郷 サイト内検索 ページID検索 設定 文字サイズ・色合い変更 Language メニュー 閉じる 緊急 情報 緊急情報 閉じる ホーム 生活・サービス 教育・学習 観光・文化・スポーツ 産業・入札 市政情報"
"西尾市","strong","36","子育て支援","https://www.city.nishio.aichi.jp/kosodate/shien/index.html","子育て支援","子育て支援｜西尾市公式ウェブサイト 当ホームページではjavascriptを使用しています。 javascriptの使用を有効にしなければ、一部の機能が正確に動作しない恐れがあります。お手数ですがjavascriptの使用を有効にしてください。 エンターキーを押すと、ナビゲーション部分をスキップし本文へ移動します。 サイトマップ Select Language English 中文（简体字） 中文（繁體字） 한국어 Português "
"西尾市","strong","36","子どもの健診・予防接種","https://www.city.nishio.aichi.jp/kosodate/kenshin/index.html","子どもの健診・予防接種","子どもの健診・予防接種｜西尾市公式ウェブサイト 当ホームページではjavascriptを使用しています。 javascriptの使用を有効にしなければ、一部の機能が正確に動作しない恐れがあります。お手数ですがjavascriptの使用を有効にしてください。 エンターキーを押すと、ナビゲーション部分をスキップし本文へ移動します。 サイトマップ Select Language English 中文（简体字） 中文（繁體字） 한국어 Port"
"西尾市","strong","36","医療","https://www.city.nishio.aichi.jp/kenkofukushi/iryo/index.html","医療","医療｜西尾市公式ウェブサイト 当ホームページではjavascriptを使用しています。 javascriptの使用を有効にしなければ、一部の機能が正確に動作しない恐れがあります。お手数ですがjavascriptの使用を有効にしてください。 エンターキーを押すと、ナビゲーション部分をスキップし本文へ移動します。 サイトマップ Select Language English 中文（简体字） 中文（繁體字） 한국어 Português Tag"
"西尾市","strong","36","結婚・離婚","https://www.city.nishio.aichi.jp/lifescene/kekkon/index.html","結婚・離婚","結婚・離婚｜西尾市公式ウェブサイト 当ホームページではjavascriptを使用しています。 javascriptの使用を有効にしなければ、一部の機能が正確に動作しない恐れがあります。お手数ですがjavascriptの使用を有効にしてください。 エンターキーを押すと、ナビゲーション部分をスキップし本文へ移動します。 サイトマップ Select Language English 中文（简体字） 中文（繁體字） 한국어 Português "
"西尾市","strong","36","後期高齢者医療制度","https://www.city.nishio.aichi.jp/kenkofukushi/iryo/1005113/index.html","後期高齢者医療制度","後期高齢者医療制度｜西尾市公式ウェブサイト 当ホームページではjavascriptを使用しています。 javascriptの使用を有効にしなければ、一部の機能が正確に動作しない恐れがあります。お手数ですがjavascriptの使用を有効にしてください。 エンターキーを押すと、ナビゲーション部分をスキップし本文へ移動します。 サイトマップ Select Language English 中文（简体字） 中文（繁體字） 한국어 Portug"
"西尾市","strong","36","研修受講料補助金","https://www.city.nishio.aichi.jp/kenkofukushi/kaigohoken/1009716/index.html","研修受講料補助金","研修受講料補助金｜西尾市公式ウェブサイト 当ホームページではjavascriptを使用しています。 javascriptの使用を有効にしなければ、一部の機能が正確に動作しない恐れがあります。お手数ですがjavascriptの使用を有効にしてください。 エンターキーを押すと、ナビゲーション部分をスキップし本文へ移動します。 サイトマップ Select Language English 中文（简体字） 中文（繁體字） 한국어 Portugu"
"西尾市","strong","36","成人の健康づくり","https://www.city.nishio.aichi.jp/kenkofukushi/kenshin/1001448/index.html","成人の健康づくり","成人の健康づくり｜西尾市公式ウェブサイト 当ホームページではjavascriptを使用しています。 javascriptの使用を有効にしなければ、一部の機能が正確に動作しない恐れがあります。お手数ですがjavascriptの使用を有効にしてください。 エンターキーを押すと、ナビゲーション部分をスキップし本文へ移動します。 サイトマップ Select Language English 中文（简体字） 中文（繁體字） 한국어 Portugu"
"蒲郡市","strong","36","閲覧補助機能 - このサイトの使い方 - 愛知県蒲郡市公式ホームページ","https://www.city.gamagori.lg.jp/site/site/site-support.html","閲覧補助機能","閲覧補助機能 - このサイトの使い方 - 愛知県蒲郡市公式ホームページ ページの先頭です。 メニューを飛ばして本文へ メニュー 検索 JavaScriptが無効のため、文字の大きさ・背景色を変更する機能を使用できません。 本文へ Foreign language 音声読み上げ ふりがな 閲覧補助 文字サイズ 拡大 標準 背景色 白 黒 青 閉じる 休日・救急医療 安心・ひろめーる AED設置場所 緊急・防災情報 くらし・手続 防災・安全"
"蒲郡市","strong","36","公営住宅 - 愛知県蒲郡市公式ホームページ","https://www.city.gamagori.lg.jp/life/1/37/25/","公営住宅","公営住宅 - 愛知県蒲郡市公式ホームページ ページの先頭です。 メニューを飛ばして本文へ メニュー 検索 JavaScriptが無効のため、文字の大きさ・背景色を変更する機能を使用できません。 本文へ Foreign language 音声読み上げ ふりがな 閲覧補助 文字サイズ 拡大 標準 背景色 白 黒 青 閉じる 休日・救急医療 安心・ひろめーる AED設置場所 緊急・防災情報 くらし・手続 防災・安全安心 マイナンバーカード・電"
"蒲郡市","strong","36","事業者の方の「電子帳簿保存」義務化について - 愛知県蒲郡市公式ホームページ","https://www.city.gamagori.lg.jp/unit/zeimu/denshichobo.html","事業者の方の「電子帳簿保存」義務化について","事業者の方の「電子帳簿保存」義務化について - 愛知県蒲郡市公式ホームページ ページの先頭です。 メニューを飛ばして本文へ メニュー 検索 JavaScriptが無効のため、文字の大きさ・背景色を変更する機能を使用できません。 本文へ Foreign language 音声読み上げ ふりがな 閲覧補助 文字サイズ 拡大 標準 背景色 白 黒 青 閉じる 休日・救急医療 安心・ひろめーる AED設置場所 緊急・防災情報 くらし・手続 防災"
"蒲郡市","strong","36","施設案内 - 愛知県蒲郡市公式ホームページ","https://www.city.gamagori.lg.jp/life/1/49/","施設案内","施設案内 - 愛知県蒲郡市公式ホームページ ページの先頭です。 メニューを飛ばして本文へ メニュー 検索 JavaScriptが無効のため、文字の大きさ・背景色を変更する機能を使用できません。 本文へ Foreign language 音声読み上げ ふりがな 閲覧補助 文字サイズ 拡大 標準 背景色 白 黒 青 閉じる 休日・救急医療 安心・ひろめーる AED設置場所 緊急・防災情報 くらし・手続 防災・安全安心 マイナンバーカード・電"
"蒲郡市","strong","36","就学時健康診断 - 愛知県蒲郡市公式ホームページ","https://www.city.gamagori.lg.jp/unit/gakko/syugakujikenshin.html","就学時健康診断","就学時健康診断 - 愛知県蒲郡市公式ホームページ ページの先頭です。 メニューを飛ばして本文へ メニュー 検索 JavaScriptが無効のため、文字の大きさ・背景色を変更する機能を使用できません。 本文へ Foreign language 音声読み上げ ふりがな 閲覧補助 文字サイズ 拡大 標準 背景色 白 黒 青 閉じる 休日・救急医療 安心・ひろめーる AED設置場所 緊急・防災情報 くらし・手続 防災・安全安心 マイナンバーカー"
"蒲郡市","strong","36","インフルエンザ定期予防接種について - 蒲郡市保健医療センター - 愛知県蒲郡市公式ホームページ","https://www.city.gamagori.lg.jp/site/hokencenter/inhulsessyu.html","インフルエンザ任意予防接種費用助成","インフルエンザ定期予防接種について - 蒲郡市保健医療センター - 愛知県蒲郡市公式ホームページ ページの先頭です。 メニューを飛ばして本文へ メニュー 検索 JavaScriptが無効のため、文字の大きさ・背景色を変更する機能を使用できません。 本文へ Foreign language 音声読み上げ ふりがな 閲覧補助 文字サイズ 拡大 標準 背景色 白 黒 青 閉じる 休日・救急医療 安心・ひろめーる AED設置場所 緊急・防災情報"
"蒲郡市","strong","36","市政情報 - 愛知県蒲郡市公式ホームページ","https://www.city.gamagori.lg.jp/life/3/","市政情報","市政情報 - 愛知県蒲郡市公式ホームページ ページの先頭です。 メニューを飛ばして本文へ メニュー 検索 JavaScriptが無効のため、文字の大きさ・背景色を変更する機能を使用できません。 本文へ Foreign language 音声読み上げ ふりがな 閲覧補助 文字サイズ 拡大 標準 背景色 白 黒 青 閉じる 休日・救急医療 安心・ひろめーる AED設置場所 緊急・防災情報 くらし・手続 防災・安全安心 マイナンバーカード・電"
"蒲郡市","strong","36","令和7年度蒲郡市移住体験ツアー開催します！ - 愛知県蒲郡市公式ホームページ","https://www.city.gamagori.lg.jp/site/support/iju-tours2025.html","令和7年度蒲郡市移住体験ツアー開催します！","令和7年度蒲郡市移住体験ツアー開催します！ - 愛知県蒲郡市公式ホームページ ページの先頭です。 メニューを飛ばして本文へ メニュー JavaScriptが無効のため、文字の大きさ・背景色を変更する機能を使用できません。 本文へ Foreign Language 音声読み上げ ふりがなをつける 文字サイズ・色合い変更 背景色 白 黒 青 文字サイズ 標準 拡大 Googleカスタム検索 蒲郡市について Profile 子育て・教育 Pa"
"蒲郡市","strong","36","【事業者の皆様へ】経済センサス-活動調査を実施します - 愛知県蒲郡市公式ホームページ","https://www.city.gamagori.lg.jp/unit/sangyo/2026keizai-census.html","【事業者の皆様へ】経済センサス-活動調査を実施します","【事業者の皆様へ】経済センサス-活動調査を実施します - 愛知県蒲郡市公式ホームページ ページの先頭です。 メニューを飛ばして本文へ メニュー 検索 JavaScriptが無効のため、文字の大きさ・背景色を変更する機能を使用できません。 本文へ Foreign language 音声読み上げ ふりがな 閲覧補助 文字サイズ 拡大 標準 背景色 白 黒 青 閉じる 休日・救急医療 安心・ひろめーる AED設置場所 緊急・防災情報 くらし・"
"蒲郡市","strong","36","移住者の声 - 愛知県蒲郡市公式ホームページ","https://www.city.gamagori.lg.jp/site/voice/","移住者の声 Voice","移住者の声 - 愛知県蒲郡市公式ホームページ ページの先頭です。 メニューを飛ばして本文へ メニュー JavaScriptが無効のため、文字の大きさ・背景色を変更する機能を使用できません。 本文へ Foreign Language 音声読み上げ ふりがなをつける 文字サイズ・色合い変更 背景色 白 黒 青 文字サイズ 標準 拡大 Googleカスタム検索 蒲郡市について Profile 子育て・教育 Parenting 移住者の声 Vo"
"蒲郡市","strong","36","非木造住宅耐震診断事業費補助金 - 愛知県蒲郡市公式ホームページ","https://www.city.gamagori.lg.jp/unit/kenchiku/himoku-taishin.html","非木造住宅耐震診断事業費補助金","非木造住宅耐震診断事業費補助金 - 愛知県蒲郡市公式ホームページ ページの先頭です。 メニューを飛ばして本文へ メニュー 検索 JavaScriptが無効のため、文字の大きさ・背景色を変更する機能を使用できません。 本文へ Foreign language 音声読み上げ ふりがな 閲覧補助 文字サイズ 拡大 標準 背景色 白 黒 青 閉じる 休日・救急医療 安心・ひろめーる AED設置場所 緊急・防災情報 くらし・手続 防災・安全安心 "
"蒲郡市","strong","36","蒲郡市ウェブサイトのサイトポリシー - このサイトの使い方 - 愛知県蒲郡市公式ホームページ","https://www.city.gamagori.lg.jp/site/site/info.html","蒲郡市ウェブサイトのサイトポリシー","蒲郡市ウェブサイトのサイトポリシー - このサイトの使い方 - 愛知県蒲郡市公式ホームページ ページの先頭です。 メニューを飛ばして本文へ メニュー 検索 JavaScriptが無効のため、文字の大きさ・背景色を変更する機能を使用できません。 本文へ Foreign language 音声読み上げ ふりがな 閲覧補助 文字サイズ 拡大 標準 背景色 白 黒 青 閉じる 休日・救急医療 安心・ひろめーる AED設置場所 緊急・防災情報 く"
"蒲郡市","strong","36","ウェブアクセシビリティへの取り組み - このサイトの使い方 - 愛知県蒲郡市公式ホームページ","https://www.city.gamagori.lg.jp/site/site/accessibility.html","ウェブアクセシビリティへの取り組み","ウェブアクセシビリティへの取り組み - このサイトの使い方 - 愛知県蒲郡市公式ホームページ ページの先頭です。 メニューを飛ばして本文へ メニュー 検索 JavaScriptが無効のため、文字の大きさ・背景色を変更する機能を使用できません。 本文へ Foreign language 音声読み上げ ふりがな 閲覧補助 文字サイズ 拡大 標準 背景色 白 黒 青 閉じる 休日・救急医療 安心・ひろめーる AED設置場所 緊急・防災情報 く"
"蒲郡市","strong","36","お客様に住民票の提出を求める事業者等の方へ - 愛知県蒲郡市公式ホームページ","https://www.city.gamagori.lg.jp/unit/shimin/jyuminhyo-teisyutu.html","お客様に住民票の提出を求める事業者等の方へ","お客様に住民票の提出を求める事業者等の方へ - 愛知県蒲郡市公式ホームページ ページの先頭です。 メニューを飛ばして本文へ メニュー 検索 JavaScriptが無効のため、文字の大きさ・背景色を変更する機能を使用できません。 本文へ Foreign language 音声読み上げ ふりがな 閲覧補助 文字サイズ 拡大 標準 背景色 白 黒 青 閉じる 休日・救急医療 安心・ひろめーる AED設置場所 緊急・防災情報 くらし・手続 防災"
"蒲郡市","strong","36","市営住宅入居資格審査に必要な書類 - 愛知県蒲郡市公式ホームページ","https://www.city.gamagori.lg.jp/unit/kenchiku/shieishorui.html","市営住宅入居資格審査に必要な書類","市営住宅入居資格審査に必要な書類 - 愛知県蒲郡市公式ホームページ ページの先頭です。 メニューを飛ばして本文へ メニュー 検索 JavaScriptが無効のため、文字の大きさ・背景色を変更する機能を使用できません。 本文へ Foreign language 音声読み上げ ふりがな 閲覧補助 文字サイズ 拡大 標準 背景色 白 黒 青 閉じる 休日・救急医療 安心・ひろめーる AED設置場所 緊急・防災情報 くらし・手続 防災・安全安心"
"蒲郡市","strong","36","県営住宅 - 愛知県蒲郡市公式ホームページ","https://www.city.gamagori.lg.jp/unit/kenchiku/kenei.html","県営住宅","県営住宅 - 愛知県蒲郡市公式ホームページ ページの先頭です。 メニューを飛ばして本文へ メニュー 検索 JavaScriptが無効のため、文字の大きさ・背景色を変更する機能を使用できません。 本文へ Foreign language 音声読み上げ ふりがな 閲覧補助 文字サイズ 拡大 標準 背景色 白 黒 青 閉じる 休日・救急医療 安心・ひろめーる AED設置場所 緊急・防災情報 くらし・手続 防災・安全安心 マイナンバーカード・電"
"蒲郡市","strong","36","土地区画整理事業 - 愛知県蒲郡市公式ホームページ","https://www.city.gamagori.lg.jp/life/1/37/239/","土地区画整理事業","土地区画整理事業 - 愛知県蒲郡市公式ホームページ ページの先頭です。 メニューを飛ばして本文へ メニュー 検索 JavaScriptが無効のため、文字の大きさ・背景色を変更する機能を使用できません。 本文へ Foreign language 音声読み上げ ふりがな 閲覧補助 文字サイズ 拡大 標準 背景色 白 黒 青 閉じる 休日・救急医療 安心・ひろめーる AED設置場所 緊急・防災情報 くらし・手続 防災・安全安心 マイナンバーカ"
"蒲郡市","strong","36","休日歯科・障がい者歯科診療所 - 愛知県蒲郡市公式ホームページ","https://www.city.gamagori.lg.jp/map/0212945.html","休日歯科・障がい者歯科診療所","休日歯科・障がい者歯科診療所 - 愛知県蒲郡市公式ホームページ ページの先頭です。 メニューを飛ばして本文へ メニュー 検索 JavaScriptが無効のため、文字の大きさ・背景色を変更する機能を使用できません。 本文へ Foreign language 音声読み上げ ふりがな 閲覧補助 文字サイズ 拡大 標準 背景色 白 黒 青 閉じる 休日・救急医療 安心・ひろめーる AED設置場所 緊急・防災情報 くらし・手続 防災・安全安心 マ"
"蒲郡市","strong","36","妊娠出産・子育て - 愛知県蒲郡市公式ホームページ","https://www.city.gamagori.lg.jp/life/sub/9/43/","妊娠出産・子育て","妊娠出産・子育て - 愛知県蒲郡市公式ホームページ ページの先頭です。 メニューを飛ばして本文へ メニュー 検索 JavaScriptが無効のため、文字の大きさ・背景色を変更する機能を使用できません。 本文へ Foreign language 音声読み上げ ふりがな 閲覧補助 文字サイズ 拡大 標準 背景色 白 黒 青 閉じる 休日・救急医療 安心・ひろめーる AED設置場所 緊急・防災情報 くらし・手続 防災・安全安心 マイナンバーカ"
"蒲郡市","strong","36","特定商取引法に基づく悪質業者情報の申出制度 - 愛知県蒲郡市公式ホームページ","https://www.city.gamagori.lg.jp/unit/kotsu/nihonsangyokyokai.html","特定商取引法に基づく悪質業者情報の申出制度","特定商取引法に基づく悪質業者情報の申出制度 - 愛知県蒲郡市公式ホームページ ページの先頭です。 メニューを飛ばして本文へ メニュー 検索 JavaScriptが無効のため、文字の大きさ・背景色を変更する機能を使用できません。 本文へ Foreign language 音声読み上げ ふりがな 閲覧補助 文字サイズ 拡大 標準 背景色 白 黒 青 閉じる 休日・救急医療 安心・ひろめーる AED設置場所 緊急・防災情報 くらし・手続 防災"
"刈谷市","strong","35","サイトマップ","https://www.city.kariya.lg.jp/sitemap.html","サイトマップ","サイトマップ｜刈谷市ホームページ 当ホームページではjavascriptを使用しています。 javascriptの使用を有効にしなければ、一部の機能が正確に動作しない恐れがあります。お手数ですがjavascriptの使用を有効にしてください。 エンターキーを押すと、ナビゲーション部分をスキップし本文へ移動します。 サイトマップ 文字サイズ・配色の変更 Foreign Language English portugues 한국어 中文（简"
"刈谷市","strong","35","子育て［よくある質問］","https://www.city.kariya.lg.jp/faq/q_kosodate/index.html","子育て［よくある質問］","子育て［よくある質問］｜刈谷市ホームページ 当ホームページではjavascriptを使用しています。 javascriptの使用を有効にしなければ、一部の機能が正確に動作しない恐れがあります。お手数ですがjavascriptの使用を有効にしてください。 エンターキーを押すと、ナビゲーション部分をスキップし本文へ移動します。 サイトマップ 文字サイズ・配色の変更 Foreign Language English portugues 한국어"
"刈谷市","strong","35","よくある質問","https://www.city.kariya.lg.jp/faq/index.html","よくある質問","よくある質問｜刈谷市ホームページ 当ホームページではjavascriptを使用しています。 javascriptの使用を有効にしなければ、一部の機能が正確に動作しない恐れがあります。お手数ですがjavascriptの使用を有効にしてください。 エンターキーを押すと、ナビゲーション部分をスキップし本文へ移動します。 サイトマップ 文字サイズ・配色の変更 Foreign Language English portugues 한국어 中文（简"
"刈谷市","strong","35","妊娠・出産・子育て［よくある質問］","https://www.city.kariya.lg.jp/faq/q_kosodate/q_shussan/index.html","妊娠・出産・子育て［よくある質問］","妊娠・出産・子育て［よくある質問］｜刈谷市ホームページ 当ホームページではjavascriptを使用しています。 javascriptの使用を有効にしなければ、一部の機能が正確に動作しない恐れがあります。お手数ですがjavascriptの使用を有効にしてください。 エンターキーを押すと、ナビゲーション部分をスキップし本文へ移動します。 サイトマップ 文字サイズ・配色の変更 Foreign Language English portugu"
"刈谷市","strong","35","中小企業向け融資・助成［よくある質問］","https://www.city.kariya.lg.jp/faq/q_sangyo/q_chusho/index.html","中小企業向け融資・助成［よくある質問］","中小企業向け融資・助成［よくある質問］｜刈谷市ホームページ 当ホームページではjavascriptを使用しています。 javascriptの使用を有効にしなければ、一部の機能が正確に動作しない恐れがあります。お手数ですがjavascriptの使用を有効にしてください。 エンターキーを押すと、ナビゲーション部分をスキップし本文へ移動します。 サイトマップ 文字サイズ・配色の変更 Foreign Language English portu"
"刈谷市","strong","35","イベント","https://www.city.kariya.lg.jp/event/index.html","イベント","イベント｜刈谷市ホームページ 当ホームページではjavascriptを使用しています。 javascriptの使用を有効にしなければ、一部の機能が正確に動作しない恐れがあります。お手数ですがjavascriptの使用を有効にしてください。 エンターキーを押すと、ナビゲーション部分をスキップし本文へ移動します。 サイトマップ 文字サイズ・配色の変更 Foreign Language English portugues 한국어 中文（简化字"
"刈谷市","strong","35","くらしの情報［よくある質問］","https://www.city.kariya.lg.jp/faq/q_kurashi/index.html","くらしの情報［よくある質問］","くらしの情報［よくある質問］｜刈谷市ホームページ 当ホームページではjavascriptを使用しています。 javascriptの使用を有効にしなければ、一部の機能が正確に動作しない恐れがあります。お手数ですがjavascriptの使用を有効にしてください。 エンターキーを押すと、ナビゲーション部分をスキップし本文へ移動します。 サイトマップ 文字サイズ・配色の変更 Foreign Language English portugues "
"刈谷市","strong","35","産業・ビジネス［よくある質問］","https://www.city.kariya.lg.jp/faq/q_sangyo/index.html","産業・ビジネス［よくある質問］","産業・ビジネス［よくある質問］｜刈谷市ホームページ 当ホームページではjavascriptを使用しています。 javascriptの使用を有効にしなければ、一部の機能が正確に動作しない恐れがあります。お手数ですがjavascriptの使用を有効にしてください。 エンターキーを押すと、ナビゲーション部分をスキップし本文へ移動します。 サイトマップ 文字サイズ・配色の変更 Foreign Language English portugues"
"刈谷市","strong","35","農業［よくある質問］","https://www.city.kariya.lg.jp/faq/q_sangyo/q_nogyo/index.html","農業［よくある質問］","農業［よくある質問］｜刈谷市ホームページ 当ホームページではjavascriptを使用しています。 javascriptの使用を有効にしなければ、一部の機能が正確に動作しない恐れがあります。お手数ですがjavascriptの使用を有効にしてください。 エンターキーを押すと、ナビゲーション部分をスキップし本文へ移動します。 サイトマップ 文字サイズ・配色の変更 Foreign Language English portugues 한국어 "
"刈谷市","strong","35","市民センター［よくある質問］","https://www.city.kariya.lg.jp/faq/q_shisetsu/q_shimin/index.html","市民センター［よくある質問］","市民センター［よくある質問］｜刈谷市ホームページ 当ホームページではjavascriptを使用しています。 javascriptの使用を有効にしなければ、一部の機能が正確に動作しない恐れがあります。お手数ですがjavascriptの使用を有効にしてください。 エンターキーを押すと、ナビゲーション部分をスキップし本文へ移動します。 サイトマップ 文字サイズ・配色の変更 Foreign Language English portugues "
"刈谷市","strong","35","図書館［よくある質問］","https://www.city.kariya.lg.jp/faq/q_shisetsu/q_toshokan/index.html","図書館［よくある質問］","図書館［よくある質問］｜刈谷市ホームページ 当ホームページではjavascriptを使用しています。 javascriptの使用を有効にしなければ、一部の機能が正確に動作しない恐れがあります。お手数ですがjavascriptの使用を有効にしてください。 エンターキーを押すと、ナビゲーション部分をスキップし本文へ移動します。 サイトマップ 文字サイズ・配色の変更 Foreign Language English portugues 한국어"
"刈谷市","strong","35","就学相談","https://www.city.kariya.lg.jp/kosodatenavi/1014911/1016830/1016897.html","就学相談","就学相談｜かりや子育て応援ナビ 当ホームページではjavascriptを使用しています。 javascriptの使用を有効にしなければ、一部の機能が正確に動作しない恐れがあります。お手数ですがjavascriptの使用を有効にしてください。 エンターキーを押すと、ナビゲーション部分をスキップし本文へ移動します。 救急のとき いざというときに 災害時の避難所 休日診療案内 防災・減災 気象情報 衣浦東部広域連合 閉じる メニュー 目的別で"
"刈谷市","strong","35","就学相談","https://www.city.kariya.lg.jp/kosodatenavi/1014911/1014915/1016930.html","就学相談","就学相談｜かりや子育て応援ナビ 当ホームページではjavascriptを使用しています。 javascriptの使用を有効にしなければ、一部の機能が正確に動作しない恐れがあります。お手数ですがjavascriptの使用を有効にしてください。 エンターキーを押すと、ナビゲーション部分をスキップし本文へ移動します。 救急のとき いざというときに 災害時の避難所 休日診療案内 防災・減災 気象情報 衣浦東部広域連合 閉じる メニュー 目的別で"
"豊田市","strong","35","豊田市教育委員会における「学区外就学」の許可基準","https://www.city.toyota.aichi.jp/kosodategakko/shochugakko/1002681/1002720.html","豊田市教育委員会における「学区外就学」の許可基準","豊田市教育委員会における「学区外就学」の許可基準｜豊田市 当ホームページではjavascriptを使用しています。 javascriptの使用を有効にしなければ、一部の機能が正確に動作しない恐れがあります。お手数ですがjavascriptの使用を有効にしてください。 エンターキーを押すと、ナビゲーション部分をスキップし本文へ移動します。 豊田市 TOYOTA CITY サイト メニュー 庁舎案内 Select Language Afri"
"安城市","strong","35","安城市","https://www.city.anjo.aichi.jp/shisei/koho/index2.html","広報あんじょう","安城市／広報あんじょう このサイトではJavaScriptを使用したコンテンツ・機能を提供しています。JavaScriptを有効にするとご利用いただけます。 本文へスキップします。 安城市 受け継ぐ想いを 未来へ届ける 望遠郷 サイト内検索 ページID検索 設定 文字サイズ・色合い変更 Language メニュー 閉じる 緊急 情報 緊急情報 閉じる ホーム 生活・サービス 教育・学習 観光・文化・スポーツ 産業・入札 市政情報 ホーム"
"安城市","strong","35","安城市","https://www.city.anjo.aichi.jp/kurasu/bosaibohan/yakudachi/hinanjo.html","福祉避難所","安城市／災害時の指定避難所 このサイトではJavaScriptを使用したコンテンツ・機能を提供しています。JavaScriptを有効にするとご利用いただけます。 本文へスキップします。 安城市 受け継ぐ想いを 未来へ届ける 望遠郷 サイト内検索 ページID検索 設定 文字サイズ・色合い変更 Language メニュー 閉じる 緊急 情報 緊急情報 閉じる ホーム 生活・サービス 教育・学習 観光・文化・スポーツ 産業・入札 市政情報 ホ"
"西尾市","strong","35","子育て応援アプリ にしMO（ニシモ）by母子モ","https://www.city.nishio.aichi.jp/lifescene/ninshin/1005328/1009024.html","子育て応援アプリ にしMO（ニシモ）by母子モ","子育て応援アプリ にしMO（ニシモ）by母子モ｜西尾市公式ウェブサイト 当ホームページではjavascriptを使用しています。 javascriptの使用を有効にしなければ、一部の機能が正確に動作しない恐れがあります。お手数ですがjavascriptの使用を有効にしてください。 エンターキーを押すと、ナビゲーション部分をスキップし本文へ移動します。 サイトマップ Select Language English 中文（简体字） 中文（繁"
"西尾市","strong","35","小中学校の通学区域","https://www.city.nishio.aichi.jp/kosodate/gakko/1002395.html","小中学校の通学区域","小中学校の通学区域｜西尾市公式ウェブサイト 当ホームページではjavascriptを使用しています。 javascriptの使用を有効にしなければ、一部の機能が正確に動作しない恐れがあります。お手数ですがjavascriptの使用を有効にしてください。 エンターキーを押すと、ナビゲーション部分をスキップし本文へ移動します。 サイトマップ Select Language English 中文（简体字） 中文（繁體字） 한국어 Portug"
"西尾市","strong","35","共同住宅のごみ収集","https://www.city.nishio.aichi.jp/kurashi/gomi/1001393/1001844.html","共同住宅のごみ収集","共同住宅のごみ収集｜西尾市公式ウェブサイト 当ホームページではjavascriptを使用しています。 javascriptの使用を有効にしなければ、一部の機能が正確に動作しない恐れがあります。お手数ですがjavascriptの使用を有効にしてください。 エンターキーを押すと、ナビゲーション部分をスキップし本文へ移動します。 サイトマップ Select Language English 中文（简体字） 中文（繁體字） 한국어 Portug"
"西尾市","strong","35","【終了】西尾市民病院医療情報システム更新事業業務の委託先を募集します。","https://www.city.nishio.aichi.jp/sangyo/nyusatsu/1001494/1011619.html","【終了】西尾市民病院医療情報システム更新事業業務の委託先を募集します。","【終了】西尾市民病院医療情報システム更新事業業務の委託先を募集します。｜西尾市公式ウェブサイト 当ホームページではjavascriptを使用しています。 javascriptの使用を有効にしなければ、一部の機能が正確に動作しない恐れがあります。お手数ですがjavascriptの使用を有効にしてください。 エンターキーを押すと、ナビゲーション部分をスキップし本文へ移動します。 サイトマップ Select Language English "
"西尾市","strong","35","【終了】西尾市小中学校等クラウドPBX及び携帯電話機導入業務の受託事業者を募集します","https://www.city.nishio.aichi.jp/sangyo/nyusatsu/1001494/1011680.html","【終了】西尾市小中学校等クラウドPBX及び携帯電話機導入業務の受託事業者を募集します","【終了】西尾市小中学校等クラウドPBX及び携帯電話機導入業務の受託事業者を募集します｜西尾市公式ウェブサイト 当ホームページではjavascriptを使用しています。 javascriptの使用を有効にしなければ、一部の機能が正確に動作しない恐れがあります。お手数ですがjavascriptの使用を有効にしてください。 エンターキーを押すと、ナビゲーション部分をスキップし本文へ移動します。 サイトマップ Select Language E"
"西尾市","strong","35","認知症図書館展示","https://www.city.nishio.aichi.jp/kenkofukushi/kourei/1001453/1011801.html","認知症図書館展示","認知症図書館展示｜西尾市公式ウェブサイト 当ホームページではjavascriptを使用しています。 javascriptの使用を有効にしなければ、一部の機能が正確に動作しない恐れがあります。お手数ですがjavascriptの使用を有効にしてください。 エンターキーを押すと、ナビゲーション部分をスキップし本文へ移動します。 サイトマップ Select Language English 中文（简体字） 中文（繁體字） 한국어 Portugu"
"西尾市","strong","35","【結果の公表】西尾市総合福祉センターの指定管理業務に関するサウンディング型市場調査（官民対話）","https://www.city.nishio.aichi.jp/shisetsu/kenkofukushi/1011127.html","【結果の公表】西尾市総合福祉センターの指定管理業務に関するサウンディング型市場調査（官民対話）","【結果の公表】西尾市総合福祉センターの指定管理業務に関するサウンディング型市場調査（官民対話）｜西尾市公式ウェブサイト 当ホームページではjavascriptを使用しています。 javascriptの使用を有効にしなければ、一部の機能が正確に動作しない恐れがあります。お手数ですがjavascriptの使用を有効にしてください。 エンターキーを押すと、ナビゲーション部分をスキップし本文へ移動します。 サイトマップ Select Langu"
"西尾市","strong","35","成人男性の風しんの抗体検査・予防接種（風しんの追加的対策）","https://www.city.nishio.aichi.jp/kenkofukushi/kenshin/1004765/1002471.html","成人男性の風しんの抗体検査・予防接種（風しんの追加的対策）","成人男性の風しんの抗体検査・予防接種（風しんの追加的対策）｜西尾市公式ウェブサイト 当ホームページではjavascriptを使用しています。 javascriptの使用を有効にしなければ、一部の機能が正確に動作しない恐れがあります。お手数ですがjavascriptの使用を有効にしてください。 エンターキーを押すと、ナビゲーション部分をスキップし本文へ移動します。 サイトマップ Select Language English 中文（简体字"
"西尾市","strong","35","小中学校の児童・生徒数","https://www.city.nishio.aichi.jp/kosodate/gakko/1002400.html","小中学校の児童・生徒数","小中学校の児童・生徒数｜西尾市公式ウェブサイト 当ホームページではjavascriptを使用しています。 javascriptの使用を有効にしなければ、一部の機能が正確に動作しない恐れがあります。お手数ですがjavascriptの使用を有効にしてください。 エンターキーを押すと、ナビゲーション部分をスキップし本文へ移動します。 サイトマップ Select Language English 中文（简体字） 中文（繁體字） 한국어 Port"
"西尾市","strong","35","西尾市空き家バンクを利用する","https://www.city.nishio.aichi.jp/kurashi/sumai/1001387/1001795.html","西尾市空き家バンクを利用する","西尾市空き家バンクを利用する｜西尾市公式ウェブサイト 当ホームページではjavascriptを使用しています。 javascriptの使用を有効にしなければ、一部の機能が正確に動作しない恐れがあります。お手数ですがjavascriptの使用を有効にしてください。 エンターキーを押すと、ナビゲーション部分をスキップし本文へ移動します。 サイトマップ Select Language English 中文（简体字） 中文（繁體字） 한국어 P"
"西尾市","strong","35","西尾市シルバー人材センターと「西尾市における空家等対策の推進に関する協定」を締結！","https://www.city.nishio.aichi.jp/kurashi/sumai/1001387/1001796.html","西尾市シルバー人材センターと「西尾市における空家等対策の推進に関する協定」を締結！","西尾市シルバー人材センターと「西尾市における空家等対策の推進に関する協定」を締結！｜西尾市公式ウェブサイト 当ホームページではjavascriptを使用しています。 javascriptの使用を有効にしなければ、一部の機能が正確に動作しない恐れがあります。お手数ですがjavascriptの使用を有効にしてください。 エンターキーを押すと、ナビゲーション部分をスキップし本文へ移動します。 サイトマップ Select Language En"
"西尾市","strong","35","西尾市障がい者相談支援業務指名型プロポーザル","https://www.city.nishio.aichi.jp/kenkofukushi/shogai/1001455/1011112.html","西尾市障がい者相談支援業務指名型プロポーザル","西尾市障がい者相談支援業務指名型プロポーザル｜西尾市公式ウェブサイト 当ホームページではjavascriptを使用しています。 javascriptの使用を有効にしなければ、一部の機能が正確に動作しない恐れがあります。お手数ですがjavascriptの使用を有効にしてください。 エンターキーを押すと、ナビゲーション部分をスキップし本文へ移動します。 サイトマップ Select Language English 中文（简体字） 中文（繁體"
"西尾市","strong","35","マイナンバーカードの保険証利用登録の解除(後期高齢者医療制度）","https://www.city.nishio.aichi.jp/kenkofukushi/iryo/1005113/1010333.html","マイナンバーカードの保険証利用登録の解除(後期高齢者医療制度）","マイナンバーカードの保険証利用登録の解除(後期高齢者医療制度）｜西尾市公式ウェブサイト 当ホームページではjavascriptを使用しています。 javascriptの使用を有効にしなければ、一部の機能が正確に動作しない恐れがあります。お手数ですがjavascriptの使用を有効にしてください。 エンターキーを押すと、ナビゲーション部分をスキップし本文へ移動します。 サイトマップ Select Language English 中文（简"
"蒲郡市","strong","35","障害者差別解消法について - 愛知県蒲郡市公式ホームページ","https://www.city.gamagori.lg.jp/site/shogaifukushi/shogaishasabetukaishohou.html","障害者差別解消法について","障害者差別解消法について - 愛知県蒲郡市公式ホームページ ページの先頭です。 メニューを飛ばして本文へ メニュー 検索 JavaScriptが無効のため、文字の大きさ・背景色を変更する機能を使用できません。 本文へ Foreign language 音声読み上げ ふりがな 閲覧補助 文字サイズ 拡大 標準 背景色 白 黒 青 閉じる 休日・救急医療 安心・ひろめーる AED設置場所 緊急・防災情報 くらし・手続 防災・安全安心 マイナ"
"蒲郡市","strong","35","省エネ住宅設備 | 蒲郡市 新築、不動産、リフォーム","https://www.e-kdl.com/pages/35/","省エネ設備","省エネ住宅設備 | 蒲郡市 新築、不動産、リフォーム｜ケイディーエル 本文へ移動 省エネ住宅設備 | 蒲郡市 新築、不動産、リフォーム｜ケイディーエル ～家づくりは夢づくり～ Build a house is to have a dream!! フリーアクセス Tel.0800-200-8852 新築・リフォーム ■家づくりは、夢づくり 家をつくる理由 家をつくる第一歩 家づくりの流れ ■KDLが創る「新築エコ住宅」 ZEH(ネットゼロ"
"豊田市","medium","34","健（検）診を受診できる医療機関一覧","https://www.city.toyota.aichi.jp/kenkoiryo/kenko/kenshin/1003094.html","健（検）診を受診できる医療機関一覧","健（検）診を受診できる医療機関一覧｜豊田市 当ホームページではjavascriptを使用しています。 javascriptの使用を有効にしなければ、一部の機能が正確に動作しない恐れがあります。お手数ですがjavascriptの使用を有効にしてください。 エンターキーを押すと、ナビゲーション部分をスキップし本文へ移動します。 豊田市 TOYOTA CITY サイト メニュー 庁舎案内 Select Language Afrikaans A"
"安城市","medium","34","安城市","https://www.city.anjo.aichi.jp/kurasu/kenko/kyukyu/kyujitsuyakan.html","あいち救急医療ガイド","安城市／休日・夜間の急病に このサイトではJavaScriptを使用したコンテンツ・機能を提供しています。JavaScriptを有効にするとご利用いただけます。 本文へスキップします。 安城市 受け継ぐ想いを 未来へ届ける 望遠郷 サイト内検索 ページID検索 設定 文字サイズ・色合い変更 Language メニュー 閉じる 緊急 情報 緊急情報 閉じる ホーム 生活・サービス 教育・学習 観光・文化・スポーツ 産業・入札 市政情報 ホ"
"安城市","medium","34","安城市","https://www.city.anjo.aichi.jp/manabu/gakko/index.html","学校・教育","安城市／学校・教育 このサイトではJavaScriptを使用したコンテンツ・機能を提供しています。JavaScriptを有効にするとご利用いただけます。 本文へスキップします。 安城市 受け継ぐ想いを 未来へ届ける 望遠郷 サイト内検索 ページID検索 設定 文字サイズ・色合い変更 Language メニュー 閉じる 緊急 情報 緊急情報 閉じる ホーム 生活・サービス 教育・学習 観光・文化・スポーツ 産業・入札 市政情報 ホーム >"
"安城市","medium","34","安城市","https://www.city.anjo.aichi.jp/kurasu/zeikin/keiji/genmen.html","軽自動車税の減免","安城市／軽自動車税の減免 このサイトではJavaScriptを使用したコンテンツ・機能を提供しています。JavaScriptを有効にするとご利用いただけます。 本文へスキップします。 安城市 受け継ぐ想いを 未来へ届ける 望遠郷 サイト内検索 ページID検索 設定 文字サイズ・色合い変更 Language メニュー 閉じる 緊急 情報 緊急情報 閉じる ホーム 生活・サービス 教育・学習 観光・文化・スポーツ 産業・入札 市政情報 ホー"
"安城市","medium","34","安城市","https://www.city.anjo.aichi.jp/kurasu/sumai/shindankaishu.html","住宅・建築物の耐震化について（補助制度）","安城市／住宅・建築物の耐震化について このサイトではJavaScriptを使用したコンテンツ・機能を提供しています。JavaScriptを有効にするとご利用いただけます。 本文へスキップします。 安城市 受け継ぐ想いを 未来へ届ける 望遠郷 サイト内検索 ページID検索 設定 文字サイズ・色合い変更 Language メニュー 閉じる 緊急 情報 緊急情報 閉じる ホーム 生活・サービス 教育・学習 観光・文化・スポーツ 産業・入札 市"
"安城市","medium","34","安城市","https://www.city.anjo.aichi.jp/kurasu/bika/202004jisedaijidosha.html","次世代自動車購入費等補助金制度","安城市／次世代自動車購入費等補助金制度 このサイトではJavaScriptを使用したコンテンツ・機能を提供しています。JavaScriptを有効にするとご利用いただけます。 本文へスキップします。 安城市 受け継ぐ想いを 未来へ届ける 望遠郷 サイト内検索 ページID検索 設定 文字サイズ・色合い変更 Language メニュー 閉じる 緊急 情報 緊急情報 閉じる ホーム 生活・サービス 教育・学習 観光・文化・スポーツ 産業・入札 "
"安城市","medium","34","安城市","https://www.city.anjo.aichi.jp/kurasu/bosaibohan/shitorikumi/moku-shindan.html","木造住宅の無料耐震診断","安城市／木造住宅の無料耐震診断（旧耐震） このサイトではJavaScriptを使用したコンテンツ・機能を提供しています。JavaScriptを有効にするとご利用いただけます。 本文へスキップします。 安城市 受け継ぐ想いを 未来へ届ける 望遠郷 サイト内検索 ページID検索 設定 文字サイズ・色合い変更 Language メニュー 閉じる 緊急 情報 緊急情報 閉じる ホーム 生活・サービス 教育・学習 観光・文化・スポーツ 産業・入札"
"安城市","medium","34","安城市","https://www.city.anjo.aichi.jp/zigyo/syoko/120220sieiooyamadahigasi.html","市営大山田東住宅の貸し店舗入居者募集","安城市／市営大山田東住宅の貸し店舗入居者募集 このサイトではJavaScriptを使用したコンテンツ・機能を提供しています。JavaScriptを有効にするとご利用いただけます。 本文へスキップします。 安城市 受け継ぐ想いを 未来へ届ける 望遠郷 サイト内検索 ページID検索 設定 文字サイズ・色合い変更 Language メニュー 閉じる 緊急 情報 緊急情報 閉じる ホーム 生活・サービス 教育・学習 観光・文化・スポーツ 産業・"
"安城市","medium","34","安城市","https://www.city.anjo.aichi.jp/shisei/siminsankatokyodo/siminsanka/siminkyodosuisinkaigi.html","市民協働推進会議","安城市／市民協働推進会議 このサイトではJavaScriptを使用したコンテンツ・機能を提供しています。JavaScriptを有効にするとご利用いただけます。 本文へスキップします。 安城市 受け継ぐ想いを 未来へ届ける 望遠郷 サイト内検索 ページID検索 設定 文字サイズ・色合い変更 Language メニュー 閉じる 緊急 情報 緊急情報 閉じる ホーム 生活・サービス 教育・学習 観光・文化・スポーツ 産業・入札 市政情報 ホー"
"西尾市","medium","34","健康・医療","https://www.city.nishio.aichi.jp/faq/kenko/index.html","健康・医療","健康・医療｜西尾市公式ウェブサイト 当ホームページではjavascriptを使用しています。 javascriptの使用を有効にしなければ、一部の機能が正確に動作しない恐れがあります。お手数ですがjavascriptの使用を有効にしてください。 エンターキーを押すと、ナビゲーション部分をスキップし本文へ移動します。 サイトマップ Select Language English 中文（简体字） 中文（繁體字） 한국어 Português "
"西尾市","medium","34","奨学金・授業料補助","https://www.city.nishio.aichi.jp/kosodate/ikusei/1005126/index.html","奨学金・授業料補助","奨学金・授業料補助｜西尾市公式ウェブサイト 当ホームページではjavascriptを使用しています。 javascriptの使用を有効にしなければ、一部の機能が正確に動作しない恐れがあります。お手数ですがjavascriptの使用を有効にしてください。 エンターキーを押すと、ナビゲーション部分をスキップし本文へ移動します。 サイトマップ Select Language English 中文（简体字） 中文（繁體字） 한국어 Portug"
"蒲郡市","medium","34","愛知県蒲郡市公式ホームページ ホーム","https://www.city.gamagori.lg.jp/","","愛知県蒲郡市公式ホームページ ホーム ページの先頭です。 メニューを飛ばして本文へ メニュー 検索 JavaScriptが無効のため、文字の大きさ・背景色を変更する機能を使用できません。 本文へ Foreign language 音声読み上げ ふりがな 閲覧補助 文字サイズ 拡大 標準 背景色 白 黒 青 閉じる 休日・救急医療 安心・ひろめーる AED設置場所 緊急・防災情報 くらし・手続 防災・安全安心 マイナンバーカード・電子証明"
"蒲郡市","medium","34","外国語への対応（Foreign language） - このサイトの使い方 - 愛知県蒲郡市公式ホームページ","https://www.city.gamagori.lg.jp/site/site/20200204.html","外国語への対応（Foreign language）","外国語への対応（Foreign language） - このサイトの使い方 - 愛知県蒲郡市公式ホームページ ページの先頭です。 メニューを飛ばして本文へ メニュー 検索 JavaScriptが無効のため、文字の大きさ・背景色を変更する機能を使用できません。 本文へ Foreign language 音声読み上げ ふりがな 閲覧補助 文字サイズ 拡大 標準 背景色 白 黒 青 閉じる 休日・救急医療 安心・ひろめーる AED設置場所 緊"
"蒲郡市","medium","34","住民票・戸籍・印鑑登録・パスポート - 愛知県蒲郡市公式ホームページ","https://www.city.gamagori.lg.jp/life/1/40/","住民票・戸籍・印鑑登録・パスポート","住民票・戸籍・印鑑登録・パスポート - 愛知県蒲郡市公式ホームページ ページの先頭です。 メニューを飛ばして本文へ メニュー 検索 JavaScriptが無効のため、文字の大きさ・背景色を変更する機能を使用できません。 本文へ Foreign language 音声読み上げ ふりがな 閲覧補助 文字サイズ 拡大 標準 背景色 白 黒 青 閉じる 休日・救急医療 安心・ひろめーる AED設置場所 緊急・防災情報 くらし・手続 防災・安全安"
"蒲郡市","medium","34","長期優良住宅に対する固定資産税減の減額の取り扱いについて - 愛知県蒲郡市公式ホームページ","https://www.city.gamagori.lg.jp/unit/zeimu/choki.html","長期優良住宅に対する固定資産税減の減額の取り扱いについて","長期優良住宅に対する固定資産税減の減額の取り扱いについて - 愛知県蒲郡市公式ホームページ ページの先頭です。 メニューを飛ばして本文へ メニュー 検索 JavaScriptが無効のため、文字の大きさ・背景色を変更する機能を使用できません。 本文へ Foreign language 音声読み上げ ふりがな 閲覧補助 文字サイズ 拡大 標準 背景色 白 黒 青 閉じる 休日・救急医療 安心・ひろめーる AED設置場所 緊急・防災情報 くら"
"蒲郡市","medium","34","蒲郡市国民健康保険税及び後期高齢者医療保険料コールセンターを実施しています【7月開催日を掲載しました】 - 愛知県蒲郡市公式ホームページ","https://www.city.gamagori.lg.jp/unit/nenkin/kokuhozei011.html","蒲郡市国民健康保険税及び後期高齢者医療保険料コールセンターを実施しています【7月開催日を掲載しました】","蒲郡市国民健康保険税及び後期高齢者医療保険料コールセンターを実施しています【7月開催日を掲載しました】 - 愛知県蒲郡市公式ホームページ ページの先頭です。 メニューを飛ばして本文へ メニュー 検索 JavaScriptが無効のため、文字の大きさ・背景色を変更する機能を使用できません。 本文へ Foreign language 音声読み上げ ふりがな 閲覧補助 文字サイズ 拡大 標準 背景色 白 黒 青 閉じる 休日・救急医療 安心・ひ"
"蒲郡市","medium","34","市営住宅 - 愛知県蒲郡市公式ホームページ","https://www.city.gamagori.lg.jp/unit/kenchiku/shiei.html","市営住宅","市営住宅 - 愛知県蒲郡市公式ホームページ ページの先頭です。 メニューを飛ばして本文へ メニュー 検索 JavaScriptが無効のため、文字の大きさ・背景色を変更する機能を使用できません。 本文へ Foreign language 音声読み上げ ふりがな 閲覧補助 文字サイズ 拡大 標準 背景色 白 黒 青 閉じる 休日・救急医療 安心・ひろめーる AED設置場所 緊急・防災情報 くらし・手続 防災・安全安心 マイナンバーカード・電"
"蒲郡市","medium","34","市営住宅の入居申込方法 - 愛知県蒲郡市公式ホームページ","https://www.city.gamagori.lg.jp/unit/kenchiku/nyuukyoflow.html","市営住宅の入居申込方法","市営住宅の入居申込方法 - 愛知県蒲郡市公式ホームページ ページの先頭です。 メニューを飛ばして本文へ メニュー 検索 JavaScriptが無効のため、文字の大きさ・背景色を変更する機能を使用できません。 本文へ Foreign language 音声読み上げ ふりがな 閲覧補助 文字サイズ 拡大 標準 背景色 白 黒 青 閉じる 休日・救急医療 安心・ひろめーる AED設置場所 緊急・防災情報 くらし・手続 防災・安全安心 マイナン"
"蒲郡市","medium","34","東部子育て支援センター - 愛知県蒲郡市公式ホームページ","https://www.city.gamagori.lg.jp/map/0213345.html","東部子育て支援センター","東部子育て支援センター - 愛知県蒲郡市公式ホームページ ページの先頭です。 メニューを飛ばして本文へ メニュー 検索 JavaScriptが無効のため、文字の大きさ・背景色を変更する機能を使用できません。 本文へ Foreign language 音声読み上げ ふりがな 閲覧補助 文字サイズ 拡大 標準 背景色 白 黒 青 閉じる 休日・救急医療 安心・ひろめーる AED設置場所 緊急・防災情報 くらし・手続 防災・安全安心 マイナン"
"蒲郡市","medium","34","西部子育て支援センター - 愛知県蒲郡市公式ホームページ","https://www.city.gamagori.lg.jp/map/0213344.html","西部子育て支援センター","西部子育て支援センター - 愛知県蒲郡市公式ホームページ ページの先頭です。 メニューを飛ばして本文へ メニュー 検索 JavaScriptが無効のため、文字の大きさ・背景色を変更する機能を使用できません。 本文へ Foreign language 音声読み上げ ふりがな 閲覧補助 文字サイズ 拡大 標準 背景色 白 黒 青 閉じる 休日・救急医療 安心・ひろめーる AED設置場所 緊急・防災情報 くらし・手続 防災・安全安心 マイナン"
"蒲郡市","medium","34","中央子育て支援センター - 愛知県蒲郡市公式ホームページ","https://www.city.gamagori.lg.jp/map/0213343.html","中央子育て支援センター","中央子育て支援センター - 愛知県蒲郡市公式ホームページ ページの先頭です。 メニューを飛ばして本文へ メニュー 検索 JavaScriptが無効のため、文字の大きさ・背景色を変更する機能を使用できません。 本文へ Foreign language 音声読み上げ ふりがな 閲覧補助 文字サイズ 拡大 標準 背景色 白 黒 青 閉じる 休日・救急医療 安心・ひろめーる AED設置場所 緊急・防災情報 くらし・手続 防災・安全安心 マイナン"
"蒲郡市","medium","34","家庭教育・青少年の健全育成 - 愛知県蒲郡市公式ホームページ","https://www.city.gamagori.lg.jp/life/12/86/","家庭教育・青少年の健全育成","家庭教育・青少年の健全育成 - 愛知県蒲郡市公式ホームページ ページの先頭です。 メニューを飛ばして本文へ メニュー 検索 JavaScriptが無効のため、文字の大きさ・背景色を変更する機能を使用できません。 本文へ Foreign language 音声読み上げ ふりがな 閲覧補助 文字サイズ 拡大 標準 背景色 白 黒 青 閉じる 休日・救急医療 安心・ひろめーる AED設置場所 緊急・防災情報 くらし・手続 防災・安全安心 マイ"
"蒲郡市","medium","34","蒲郡市子育て支援ネットワーク協議会 - 愛知県蒲郡市公式ホームページ","https://www.city.gamagori.lg.jp/site/kosodatenet/","蒲郡市子育て支援ネットワーク協議会","蒲郡市子育て支援ネットワーク協議会 - 愛知県蒲郡市公式ホームページ ページの先頭です。 メニューを飛ばして本文へ メニュー 検索 JavaScriptが無効のため、文字の大きさ・背景色を変更する機能を使用できません。 本文へ Foreign language 音声読み上げ ふりがな 閲覧補助 文字サイズ 拡大 標準 背景色 白 黒 青 閉じる 休日・救急医療 安心・ひろめーる AED設置場所 緊急・防災情報 くらし・手続 防災・安全安"
"蒲郡市","medium","34","生涯学習 - 愛知県蒲郡市公式ホームページ","https://www.city.gamagori.lg.jp/life/12/87/","生涯学習","生涯学習 - 愛知県蒲郡市公式ホームページ ページの先頭です。 メニューを飛ばして本文へ メニュー 検索 JavaScriptが無効のため、文字の大きさ・背景色を変更する機能を使用できません。 本文へ Foreign language 音声読み上げ ふりがな 閲覧補助 文字サイズ 拡大 標準 背景色 白 黒 青 閉じる 休日・救急医療 安心・ひろめーる AED設置場所 緊急・防災情報 くらし・手続 防災・安全安心 マイナンバーカード・電"
"蒲郡市","medium","34","歴史・文化 - 愛知県蒲郡市公式ホームページ","https://www.city.gamagori.lg.jp/life/12/77/","歴史・文化","歴史・文化 - 愛知県蒲郡市公式ホームページ ページの先頭です。 メニューを飛ばして本文へ メニュー 検索 JavaScriptが無効のため、文字の大きさ・背景色を変更する機能を使用できません。 本文へ Foreign language 音声読み上げ ふりがな 閲覧補助 文字サイズ 拡大 標準 背景色 白 黒 青 閉じる 休日・救急医療 安心・ひろめーる AED設置場所 緊急・防災情報 くらし・手続 防災・安全安心 マイナンバーカード・"
"蒲郡市","medium","34","スポーツ - 愛知県蒲郡市公式ホームページ","https://www.city.gamagori.lg.jp/life/12/88/","スポーツ","スポーツ - 愛知県蒲郡市公式ホームページ ページの先頭です。 メニューを飛ばして本文へ メニュー 検索 JavaScriptが無効のため、文字の大きさ・背景色を変更する機能を使用できません。 本文へ Foreign language 音声読み上げ ふりがな 閲覧補助 文字サイズ 拡大 標準 背景色 白 黒 青 閉じる 休日・救急医療 安心・ひろめーる AED設置場所 緊急・防災情報 くらし・手続 防災・安全安心 マイナンバーカード・電"
"蒲郡市","medium","34","その他の予防接種・感染症 - 愛知県蒲郡市公式ホームページ","https://www.city.gamagori.lg.jp/life/13/93/370/","その他の予防接種・感染症","その他の予防接種・感染症 - 愛知県蒲郡市公式ホームページ ページの先頭です。 メニューを飛ばして本文へ メニュー 検索 JavaScriptが無効のため、文字の大きさ・背景色を変更する機能を使用できません。 本文へ Foreign language 音声読み上げ ふりがな 閲覧補助 文字サイズ 拡大 標準 背景色 白 黒 青 閉じる 休日・救急医療 安心・ひろめーる AED設置場所 緊急・防災情報 くらし・手続 防災・安全安心 マイナ"
"蒲郡市","medium","34","健康づくり - 愛知県蒲郡市公式ホームページ","https://www.city.gamagori.lg.jp/life/13/94/","健康づくり","健康づくり - 愛知県蒲郡市公式ホームページ ページの先頭です。 メニューを飛ばして本文へ メニュー 検索 JavaScriptが無効のため、文字の大きさ・背景色を変更する機能を使用できません。 本文へ Foreign language 音声読み上げ ふりがな 閲覧補助 文字サイズ 拡大 標準 背景色 白 黒 青 閉じる 休日・救急医療 安心・ひろめーる AED設置場所 緊急・防災情報 くらし・手続 防災・安全安心 マイナンバーカード・"
"蒲郡市","medium","34","子ども - 愛知県蒲郡市公式ホームページ","https://www.city.gamagori.lg.jp/life/13/95/","子ども","子ども - 愛知県蒲郡市公式ホームページ ページの先頭です。 メニューを飛ばして本文へ メニュー 検索 JavaScriptが無効のため、文字の大きさ・背景色を変更する機能を使用できません。 本文へ Foreign language 音声読み上げ ふりがな 閲覧補助 文字サイズ 拡大 標準 背景色 白 黒 青 閉じる 休日・救急医療 安心・ひろめーる AED設置場所 緊急・防災情報 くらし・手続 防災・安全安心 マイナンバーカード・電子"
"蒲郡市","medium","34","産業・ビジネス - 愛知県蒲郡市公式ホームページ","https://www.city.gamagori.lg.jp/life/2/","産業・ビジネス","産業・ビジネス - 愛知県蒲郡市公式ホームページ ページの先頭です。 メニューを飛ばして本文へ メニュー 検索 JavaScriptが無効のため、文字の大きさ・背景色を変更する機能を使用できません。 本文へ Foreign language 音声読み上げ ふりがな 閲覧補助 文字サイズ 拡大 標準 背景色 白 黒 青 閉じる 休日・救急医療 安心・ひろめーる AED設置場所 緊急・防災情報 くらし・手続 防災・安全安心 マイナンバーカー"
"蒲郡市","medium","34","建築・開発 - 愛知県蒲郡市公式ホームページ","https://www.city.gamagori.lg.jp/life/2/58/","建築・開発","建築・開発 - 愛知県蒲郡市公式ホームページ ページの先頭です。 メニューを飛ばして本文へ メニュー 検索 JavaScriptが無効のため、文字の大きさ・背景色を変更する機能を使用できません。 本文へ Foreign language 音声読み上げ ふりがな 閲覧補助 文字サイズ 拡大 標準 背景色 白 黒 青 閉じる 休日・救急医療 安心・ひろめーる AED設置場所 緊急・防災情報 くらし・手続 防災・安全安心 マイナンバーカード・"
"蒲郡市","medium","34","広告事業 - 愛知県蒲郡市公式ホームページ","https://www.city.gamagori.lg.jp/life/2/55/","広告事業","広告事業 - 愛知県蒲郡市公式ホームページ ページの先頭です。 メニューを飛ばして本文へ メニュー 検索 JavaScriptが無効のため、文字の大きさ・背景色を変更する機能を使用できません。 本文へ Foreign language 音声読み上げ ふりがな 閲覧補助 文字サイズ 拡大 標準 背景色 白 黒 青 閉じる 休日・救急医療 安心・ひろめーる AED設置場所 緊急・防災情報 くらし・手続 防災・安全安心 マイナンバーカード・電"
"蒲郡市","medium","34","再生医療のまちづくり - 愛知県蒲郡市公式ホームページ","https://www.city.gamagori.lg.jp/life/3/80/396/","再生医療のまちづくり","再生医療のまちづくり - 愛知県蒲郡市公式ホームページ ページの先頭です。 メニューを飛ばして本文へ メニュー 検索 JavaScriptが無効のため、文字の大きさ・背景色を変更する機能を使用できません。 本文へ Foreign language 音声読み上げ ふりがな 閲覧補助 文字サイズ 拡大 標準 背景色 白 黒 青 閉じる 休日・救急医療 安心・ひろめーる AED設置場所 緊急・防災情報 くらし・手続 防災・安全安心 マイナンバ"
"蒲郡市","medium","34","蒲郡市について - 愛知県蒲郡市公式ホームページ","https://www.city.gamagori.lg.jp/life/3/61/","蒲郡市について","蒲郡市について - 愛知県蒲郡市公式ホームページ ページの先頭です。 メニューを飛ばして本文へ メニュー 検索 JavaScriptが無効のため、文字の大きさ・背景色を変更する機能を使用できません。 本文へ Foreign language 音声読み上げ ふりがな 閲覧補助 文字サイズ 拡大 標準 背景色 白 黒 青 閉じる 休日・救急医療 安心・ひろめーる AED設置場所 緊急・防災情報 くらし・手続 防災・安全安心 マイナンバーカー"
"蒲郡市","medium","34","行政改革 - 愛知県蒲郡市公式ホームページ","https://www.city.gamagori.lg.jp/life/3/67/","行政改革","行政改革 - 愛知県蒲郡市公式ホームページ ページの先頭です。 メニューを飛ばして本文へ メニュー 検索 JavaScriptが無効のため、文字の大きさ・背景色を変更する機能を使用できません。 本文へ Foreign language 音声読み上げ ふりがな 閲覧補助 文字サイズ 拡大 標準 背景色 白 黒 青 閉じる 休日・救急医療 安心・ひろめーる AED設置場所 緊急・防災情報 くらし・手続 防災・安全安心 マイナンバーカード・電"
"蒲郡市","medium","34","広域行政 - 愛知県蒲郡市公式ホームページ","https://www.city.gamagori.lg.jp/life/3/64/","広域行政","広域行政 - 愛知県蒲郡市公式ホームページ ページの先頭です。 メニューを飛ばして本文へ メニュー 検索 JavaScriptが無効のため、文字の大きさ・背景色を変更する機能を使用できません。 本文へ Foreign language 音声読み上げ ふりがな 閲覧補助 文字サイズ 拡大 標準 背景色 白 黒 青 閉じる 休日・救急医療 安心・ひろめーる AED設置場所 緊急・防災情報 くらし・手続 防災・安全安心 マイナンバーカード・電"
"蒲郡市","medium","34","観光情報 - 愛知県蒲郡市公式ホームページ","https://www.city.gamagori.lg.jp/life/4/","観光情報","観光情報 - 愛知県蒲郡市公式ホームページ ページの先頭です。 メニューを飛ばして本文へ メニュー 検索 JavaScriptが無効のため、文字の大きさ・背景色を変更する機能を使用できません。 本文へ Foreign language 音声読み上げ ふりがな 閲覧補助 文字サイズ 拡大 標準 背景色 白 黒 青 閉じる 休日・救急医療 安心・ひろめーる AED設置場所 緊急・防災情報 くらし・手続 防災・安全安心 マイナンバーカード・電"
"蒲郡市","medium","34","お探しのページを見つけることができませんでした。- 愛知県蒲郡市公式ホームページ","https://www.city.gamagori.lg.jp/site/parenting/0208336.html","医療・福祉","お探しのページを見つけることができませんでした。- 愛知県蒲郡市公式ホームページ ページの先頭です。 メニューを飛ばして本文へ メニュー 検索 JavaScriptが無効のため、文字の大きさ・背景色を変更する機能を使用できません。 本文へ Foreign language 音声読み上げ ふりがな 閲覧補助 文字サイズ 拡大 標準 背景色 白 黒 青 閉じる 休日・救急医療 安心・ひろめーる AED設置場所 緊急・防災情報 くらし・手続 "
"蒲郡市","medium","34","電子申請可能な手続きのご案内 - 愛知県蒲郡市公式ホームページ","https://www.city.gamagori.lg.jp/unit/digital/onlineshinsei.html","電子申請可能な手続きのご案内","電子申請可能な手続きのご案内 - 愛知県蒲郡市公式ホームページ ページの先頭です。 メニューを飛ばして本文へ メニュー 検索 JavaScriptが無効のため、文字の大きさ・背景色を変更する機能を使用できません。 本文へ Foreign language 音声読み上げ ふりがな 閲覧補助 文字サイズ 拡大 標準 背景色 白 黒 青 閉じる 休日・救急医療 安心・ひろめーる AED設置場所 緊急・防災情報 くらし・手続 防災・安全安心 マ"
"蒲郡市","medium","34","広告の掲載を検討されている方へ - 愛知県蒲郡市公式ホームページ","https://www.city.gamagori.lg.jp/unit/gyosei/kokoku.html","広告の掲載を検討されている方へ","広告の掲載を検討されている方へ - 愛知県蒲郡市公式ホームページ ページの先頭です。 メニューを飛ばして本文へ メニュー 検索 JavaScriptが無効のため、文字の大きさ・背景色を変更する機能を使用できません。 本文へ Foreign language 音声読み上げ ふりがな 閲覧補助 文字サイズ 拡大 標準 背景色 白 黒 青 閉じる 休日・救急医療 安心・ひろめーる AED設置場所 緊急・防災情報 くらし・手続 防災・安全安心 "
"蒲郡市","medium","34","蒲郡市ホームページのプライバシーポリシー - このサイトの使い方 - 愛知県蒲郡市公式ホームページ","https://www.city.gamagori.lg.jp/site/site/privacy.html","蒲郡市ホームページのプライバシーポリシー","蒲郡市ホームページのプライバシーポリシー - このサイトの使い方 - 愛知県蒲郡市公式ホームページ ページの先頭です。 メニューを飛ばして本文へ メニュー 検索 JavaScriptが無効のため、文字の大きさ・背景色を変更する機能を使用できません。 本文へ Foreign language 音声読み上げ ふりがな 閲覧補助 文字サイズ 拡大 標準 背景色 白 黒 青 閉じる 休日・救急医療 安心・ひろめーる AED設置場所 緊急・防災情"
"蒲郡市","medium","34","免責事項 - このサイトの使い方 - 愛知県蒲郡市公式ホームページ","https://www.city.gamagori.lg.jp/site/site/copyright.html","免責事項","免責事項 - このサイトの使い方 - 愛知県蒲郡市公式ホームページ ページの先頭です。 メニューを飛ばして本文へ メニュー 検索 JavaScriptが無効のため、文字の大きさ・背景色を変更する機能を使用できません。 本文へ Foreign language 音声読み上げ ふりがな 閲覧補助 文字サイズ 拡大 標準 背景色 白 黒 青 閉じる 休日・救急医療 安心・ひろめーる AED設置場所 緊急・防災情報 くらし・手続 防災・安全安心"
"蒲郡市","medium","34","著作権とリンク - このサイトの使い方 - 愛知県蒲郡市公式ホームページ","https://www.city.gamagori.lg.jp/site/site/copyright-etc.html","著作権とリンク","著作権とリンク - このサイトの使い方 - 愛知県蒲郡市公式ホームページ ページの先頭です。 メニューを飛ばして本文へ メニュー 検索 JavaScriptが無効のため、文字の大きさ・背景色を変更する機能を使用できません。 本文へ Foreign language 音声読み上げ ふりがな 閲覧補助 文字サイズ 拡大 標準 背景色 白 黒 青 閉じる 休日・救急医療 安心・ひろめーる AED設置場所 緊急・防災情報 くらし・手続 防災・安"
"蒲郡市","medium","34","広域予防接種予診票申請 - 愛知県蒲郡市公式ホームページ","https://www.city.gamagori.lg.jp/life/13/93/368/","広域予防接種予診票申請","広域予防接種予診票申請 - 愛知県蒲郡市公式ホームページ ページの先頭です。 メニューを飛ばして本文へ メニュー 検索 JavaScriptが無効のため、文字の大きさ・背景色を変更する機能を使用できません。 本文へ Foreign language 音声読み上げ ふりがな 閲覧補助 文字サイズ 拡大 標準 背景色 白 黒 青 閉じる 休日・救急医療 安心・ひろめーる AED設置場所 緊急・防災情報 くらし・手続 防災・安全安心 マイナン"
"蒲郡市","medium","34","蒲郡市公式ウェブサイト基本情報 - 愛知県蒲郡市公式ホームページ","https://www.city.gamagori.lg.jp/site/site/","蒲郡市公式ウェブサイト基本情報","蒲郡市公式ウェブサイト基本情報 - 愛知県蒲郡市公式ホームページ ページの先頭です。 メニューを飛ばして本文へ メニュー 検索 JavaScriptが無効のため、文字の大きさ・背景色を変更する機能を使用できません。 本文へ Foreign language 音声読み上げ ふりがな 閲覧補助 文字サイズ 拡大 標準 背景色 白 黒 青 閉じる 休日・救急医療 安心・ひろめーる AED設置場所 緊急・防災情報 くらし・手続 防災・安全安心 "
"蒲郡市","medium","34","RSS配信について - このサイトの使い方 - 愛知県蒲郡市公式ホームページ","https://www.city.gamagori.lg.jp/site/site/rss.html","RSS配信について","RSS配信について - このサイトの使い方 - 愛知県蒲郡市公式ホームページ ページの先頭です。 メニューを飛ばして本文へ メニュー 検索 JavaScriptが無効のため、文字の大きさ・背景色を変更する機能を使用できません。 本文へ Foreign language 音声読み上げ ふりがな 閲覧補助 文字サイズ 拡大 標準 背景色 白 黒 青 閉じる 休日・救急医療 安心・ひろめーる AED設置場所 緊急・防災情報 くらし・手続 防災"
"蒲郡市","medium","34","蒲郡市ウェブサイトのコンテンツページの構成 - このサイトの使い方 - 愛知県蒲郡市公式ホームページ","https://www.city.gamagori.lg.jp/site/site/site-contents.html","蒲郡市ウェブサイトのコンテンツページの構成","蒲郡市ウェブサイトのコンテンツページの構成 - このサイトの使い方 - 愛知県蒲郡市公式ホームページ ページの先頭です。 メニューを飛ばして本文へ メニュー 検索 JavaScriptが無効のため、文字の大きさ・背景色を変更する機能を使用できません。 本文へ Foreign language 音声読み上げ ふりがな 閲覧補助 文字サイズ 拡大 標準 背景色 白 黒 青 閉じる 休日・救急医療 安心・ひろめーる AED設置場所 緊急・防災"
"蒲郡市","medium","34","その他 - このサイトの使い方 - 愛知県蒲郡市公式ホームページ","https://www.city.gamagori.lg.jp/site/site/list912-4260.html","その他","その他 - このサイトの使い方 - 愛知県蒲郡市公式ホームページ ページの先頭です。 メニューを飛ばして本文へ メニュー 検索 JavaScriptが無効のため、文字の大きさ・背景色を変更する機能を使用できません。 本文へ Foreign language 音声読み上げ ふりがな 閲覧補助 文字サイズ 拡大 標準 背景色 白 黒 青 閉じる 休日・救急医療 安心・ひろめーる AED設置場所 緊急・防災情報 くらし・手続 防災・安全安心 "
"蒲郡市","medium","34","予防接種助成金申請書兼請求書（家族等申請、接種者口座振込の場合） [PDFファイル／97KB] [PDFファイル／123KB]","https://www.city.gamagori.lg.jp/uploaded/attachment/111902.pdf","予防接種助成金申請書兼請求書（家族等申請、接種者口座振込の場合） [PDFファイル／97KB] [PDFファイル／123KB]",""
"蒲郡市","medium","34","蒲郡市インフルエンザ予防接種助成金交付申請書兼請求書 [PDFファイル／88KB]","https://www.city.gamagori.lg.jp/uploaded/attachment/79737.pdf","蒲郡市インフルエンザ予防接種助成金交付申請書兼請求書 [PDFファイル／88KB]",""
"蒲郡市","medium","34","蒲郡市インフルエンザ予防接種助成金申請書兼請求書 個人用 [PDFファイル／168KB]","https://www.city.gamagori.lg.jp/uploaded/attachment/79734.pdf","蒲郡市インフルエンザ予防接種助成金申請書兼請求書 個人用 [PDFファイル／168KB]",""
"蒲郡市","medium","34","蒲郡市インフルエンザ予防接種助成金申請書兼請求書 複数用 [PDFファイル／176KB]","https://www.city.gamagori.lg.jp/uploaded/attachment/79735.pdf","蒲郡市インフルエンザ予防接種助成金申請書兼請求書 複数用 [PDFファイル／176KB]",""
"蒲郡市","medium","34","蒲郡市インフルエンザ予防接種助成金申請書兼請求書 代理人用 [PDFファイル／169KB]","https://www.city.gamagori.lg.jp/uploaded/attachment/79736.pdf","蒲郡市インフルエンザ予防接種助成金申請書兼請求書 代理人用 [PDFファイル／169KB]",""
"蒲郡市","medium","34","予防接種助成金申請書兼請求書（家族等申請、接種者口座振込の場合） [PDFファイル／98KB] [PDFファイル／125KB]","https://www.city.gamagori.lg.jp/uploaded/attachment/111905.pdf","予防接種助成金申請書兼請求書（家族等申請、接種者口座振込の場合） [PDFファイル／98KB] [PDFファイル／125KB]",""
"蒲郡市","medium","34","蒲郡市消防本部 - 愛知県蒲郡市公式ホームページ","https://www.city.gamagori.lg.jp/site/shobo/","蒲郡市消防本部","蒲郡市消防本部 - 愛知県蒲郡市公式ホームページ ページの先頭です。 メニューを飛ばして本文へ メニュー 検索 JavaScriptが無効のため、文字の大きさ・背景色を変更する機能を使用できません。 本文へ Foreign language 音声読み上げ ふりがな 閲覧補助 文字サイズ 拡大 標準 背景色 白 黒 青 閉じる 休日・救急医療 安心・ひろめーる AED設置場所 緊急・防災情報 くらし・手続 防災・安全安心 マイナンバーカー"
"蒲郡市","medium","34","防災行政無線（屋外スピーカー、防災行政ラジオ）の放送の基準について - 緊急情報 - 愛知県蒲郡市公式ホームページ","https://www.city.gamagori.lg.jp/site/kinkyu/musenkijun.html","防災行政無線（屋外スピーカー、防災行政ラジオ）の放送の基準について","防災行政無線（屋外スピーカー、防災行政ラジオ）の放送の基準について - 緊急情報 - 愛知県蒲郡市公式ホームページ ページの先頭です。 メニューを飛ばして本文へ メニュー 検索 JavaScriptが無効のため、文字の大きさ・背景色を変更する機能を使用できません。 本文へ Foreign language 音声読み上げ ふりがな 閲覧補助 文字サイズ 拡大 標準 背景色 白 黒 青 閉じる 休日・救急医療 安心・ひろめーる AED設置場"
"蒲郡市","medium","34","環境ニュース６月号の発行について - 愛知県蒲郡市公式ホームページ","https://www.city.gamagori.lg.jp/unit/kankyo/kankyo-news.html","環境ニュース６月号の発行について","環境ニュース６月号の発行について - 愛知県蒲郡市公式ホームページ ページの先頭です。 メニューを飛ばして本文へ メニュー 検索 JavaScriptが無効のため、文字の大きさ・背景色を変更する機能を使用できません。 本文へ Foreign language 音声読み上げ ふりがな 閲覧補助 文字サイズ 拡大 標準 背景色 白 黒 青 閉じる 休日・救急医療 安心・ひろめーる AED設置場所 緊急・防災情報 くらし・手続 防災・安全安心"
"蒲郡市","medium","34","ポーランドLUZ舞踊団受け入れホストファミリーを募集します - 愛知県蒲郡市公式ホームページ","https://www.city.gamagori.lg.jp/unit/kyodo/r8hostfamily.html","ポーランドLUZ舞踊団受け入れホストファミリーを募集します","ポーランドLUZ舞踊団受け入れホストファミリーを募集します - 愛知県蒲郡市公式ホームページ ページの先頭です。 メニューを飛ばして本文へ メニュー 検索 JavaScriptが無効のため、文字の大きさ・背景色を変更する機能を使用できません。 本文へ Foreign language 音声読み上げ ふりがな 閲覧補助 文字サイズ 拡大 標準 背景色 白 黒 青 閉じる 休日・救急医療 安心・ひろめーる AED設置場所 緊急・防災情報 く"
"蒲郡市","medium","34","マイナンバーカード - 愛知県蒲郡市公式ホームページ","https://www.city.gamagori.lg.jp/life/1/85/308/","マイナンバーカード","マイナンバーカード - 愛知県蒲郡市公式ホームページ ページの先頭です。 メニューを飛ばして本文へ メニュー 検索 JavaScriptが無効のため、文字の大きさ・背景色を変更する機能を使用できません。 本文へ Foreign language 音声読み上げ ふりがな 閲覧補助 文字サイズ 拡大 標準 背景色 白 黒 青 閉じる 休日・救急医療 安心・ひろめーる AED設置場所 緊急・防災情報 くらし・手続 防災・安全安心 マイナンバー"
"蒲郡市","medium","34","電子証明書 - 愛知県蒲郡市公式ホームページ","https://www.city.gamagori.lg.jp/life/1/85/309/","電子証明書","電子証明書 - 愛知県蒲郡市公式ホームページ ページの先頭です。 メニューを飛ばして本文へ メニュー 検索 JavaScriptが無効のため、文字の大きさ・背景色を変更する機能を使用できません。 本文へ Foreign language 音声読み上げ ふりがな 閲覧補助 文字サイズ 拡大 標準 背景色 白 黒 青 閉じる 休日・救急医療 安心・ひろめーる AED設置場所 緊急・防災情報 くらし・手続 防災・安全安心 マイナンバーカード・"
"蒲郡市","medium","34","住民基本台帳カード - 愛知県蒲郡市公式ホームページ","https://www.city.gamagori.lg.jp/life/1/85/310/","住民基本台帳カード","住民基本台帳カード - 愛知県蒲郡市公式ホームページ ページの先頭です。 メニューを飛ばして本文へ メニュー 検索 JavaScriptが無効のため、文字の大きさ・背景色を変更する機能を使用できません。 本文へ Foreign language 音声読み上げ ふりがな 閲覧補助 文字サイズ 拡大 標準 背景色 白 黒 青 閉じる 休日・救急医療 安心・ひろめーる AED設置場所 緊急・防災情報 くらし・手続 防災・安全安心 マイナンバー"
"蒲郡市","medium","34","引越し（転入・転居など） - 愛知県蒲郡市公式ホームページ","https://www.city.gamagori.lg.jp/life/1/40/32/","引越し（転入・転居など）","引越し（転入・転居など） - 愛知県蒲郡市公式ホームページ ページの先頭です。 メニューを飛ばして本文へ メニュー 検索 JavaScriptが無効のため、文字の大きさ・背景色を変更する機能を使用できません。 本文へ Foreign language 音声読み上げ ふりがな 閲覧補助 文字サイズ 拡大 標準 背景色 白 黒 青 閉じる 休日・救急医療 安心・ひろめーる AED設置場所 緊急・防災情報 くらし・手続 防災・安全安心 マイナ"
"蒲郡市","medium","34","印鑑登録 - 愛知県蒲郡市公式ホームページ","https://www.city.gamagori.lg.jp/life/1/40/34/","印鑑登録","印鑑登録 - 愛知県蒲郡市公式ホームページ ページの先頭です。 メニューを飛ばして本文へ メニュー 検索 JavaScriptが無効のため、文字の大きさ・背景色を変更する機能を使用できません。 本文へ Foreign language 音声読み上げ ふりがな 閲覧補助 文字サイズ 拡大 標準 背景色 白 黒 青 閉じる 休日・救急医療 安心・ひろめーる AED設置場所 緊急・防災情報 くらし・手続 防災・安全安心 マイナンバーカード・電"
"蒲郡市","medium","34","旅券（パスポート） - 愛知県蒲郡市公式ホームページ","https://www.city.gamagori.lg.jp/life/1/40/216/","旅券（パスポート）","旅券（パスポート） - 愛知県蒲郡市公式ホームページ ページの先頭です。 メニューを飛ばして本文へ メニュー 検索 JavaScriptが無効のため、文字の大きさ・背景色を変更する機能を使用できません。 本文へ Foreign language 音声読み上げ ふりがな 閲覧補助 文字サイズ 拡大 標準 背景色 白 黒 青 閉じる 休日・救急医療 安心・ひろめーる AED設置場所 緊急・防災情報 くらし・手続 防災・安全安心 マイナンバー"
"蒲郡市","medium","34","ごみの種類と出し方 - 愛知県蒲郡市公式ホームページ","https://www.city.gamagori.lg.jp/life/1/35/21/","ごみの種類と出し方","ごみの種類と出し方 - 愛知県蒲郡市公式ホームページ ページの先頭です。 メニューを飛ばして本文へ メニュー 検索 JavaScriptが無効のため、文字の大きさ・背景色を変更する機能を使用できません。 本文へ Foreign language 音声読み上げ ふりがな 閲覧補助 文字サイズ 拡大 標準 背景色 白 黒 青 閉じる 休日・救急医療 安心・ひろめーる AED設置場所 緊急・防災情報 くらし・手続 防災・安全安心 マイナンバー"
"蒲郡市","medium","34","法人市民税 - 愛知県蒲郡市公式ホームページ","https://www.city.gamagori.lg.jp/life/1/41/41/","法人市民税","法人市民税 - 愛知県蒲郡市公式ホームページ ページの先頭です。 メニューを飛ばして本文へ メニュー 検索 JavaScriptが無効のため、文字の大きさ・背景色を変更する機能を使用できません。 本文へ Foreign language 音声読み上げ ふりがな 閲覧補助 文字サイズ 拡大 標準 背景色 白 黒 青 閉じる 休日・救急医療 安心・ひろめーる AED設置場所 緊急・防災情報 くらし・手続 防災・安全安心 マイナンバーカード・"
"蒲郡市","medium","34","税関係証明書 - 愛知県蒲郡市公式ホームページ","https://www.city.gamagori.lg.jp/life/1/41/47/","税関係証明書","税関係証明書 - 愛知県蒲郡市公式ホームページ ページの先頭です。 メニューを飛ばして本文へ メニュー 検索 JavaScriptが無効のため、文字の大きさ・背景色を変更する機能を使用できません。 本文へ Foreign language 音声読み上げ ふりがな 閲覧補助 文字サイズ 拡大 標準 背景色 白 黒 青 閉じる 休日・救急医療 安心・ひろめーる AED設置場所 緊急・防災情報 くらし・手続 防災・安全安心 マイナンバーカード"
"蒲郡市","medium","34","納税方法 - 愛知県蒲郡市公式ホームページ","https://www.city.gamagori.lg.jp/life/1/41/48/","納税方法","納税方法 - 愛知県蒲郡市公式ホームページ ページの先頭です。 メニューを飛ばして本文へ メニュー 検索 JavaScriptが無効のため、文字の大きさ・背景色を変更する機能を使用できません。 本文へ Foreign language 音声読み上げ ふりがな 閲覧補助 文字サイズ 拡大 標準 背景色 白 黒 青 閉じる 休日・救急医療 安心・ひろめーる AED設置場所 緊急・防災情報 くらし・手続 防災・安全安心 マイナンバーカード・電"
"蒲郡市","medium","34","その他の税 - 愛知県蒲郡市公式ホームページ","https://www.city.gamagori.lg.jp/life/1/41/235/","その他の税","その他の税 - 愛知県蒲郡市公式ホームページ ページの先頭です。 メニューを飛ばして本文へ メニュー 検索 JavaScriptが無効のため、文字の大きさ・背景色を変更する機能を使用できません。 本文へ Foreign language 音声読み上げ ふりがな 閲覧補助 文字サイズ 拡大 標準 背景色 白 黒 青 閉じる 休日・救急医療 安心・ひろめーる AED設置場所 緊急・防災情報 くらし・手続 防災・安全安心 マイナンバーカード・"
"蒲郡市","medium","34","多文化共生 - 愛知県蒲郡市公式ホームページ","https://www.city.gamagori.lg.jp/life/1/46/323/","多文化共生","多文化共生 - 愛知県蒲郡市公式ホームページ ページの先頭です。 メニューを飛ばして本文へ メニュー 検索 JavaScriptが無効のため、文字の大きさ・背景色を変更する機能を使用できません。 本文へ Foreign language 音声読み上げ ふりがな 閲覧補助 文字サイズ 拡大 標準 背景色 白 黒 青 閉じる 休日・救急医療 安心・ひろめーる AED設置場所 緊急・防災情報 くらし・手続 防災・安全安心 マイナンバーカード・"
"蒲郡市","medium","34","外国人市民向け情報 - 愛知県蒲郡市公式ホームページ","https://www.city.gamagori.lg.jp/life/1/46/324/","外国人市民向け情報","外国人市民向け情報 - 愛知県蒲郡市公式ホームページ ページの先頭です。 メニューを飛ばして本文へ メニュー 検索 JavaScriptが無効のため、文字の大きさ・背景色を変更する機能を使用できません。 本文へ Foreign language 音声読み上げ ふりがな 閲覧補助 文字サイズ 拡大 標準 背景色 白 黒 青 閉じる 休日・救急医療 安心・ひろめーる AED設置場所 緊急・防災情報 くらし・手続 防災・安全安心 マイナンバー"
"蒲郡市","medium","34","下水道課 - 愛知県蒲郡市公式ホームページ","https://www.city.gamagori.lg.jp/site/gesui/","下水道課","下水道課 - 愛知県蒲郡市公式ホームページ ページの先頭です。 メニューを飛ばして本文へ メニュー 検索 JavaScriptが無効のため、文字の大きさ・背景色を変更する機能を使用できません。 本文へ Foreign language 音声読み上げ ふりがな 閲覧補助 文字サイズ 拡大 標準 背景色 白 黒 青 閉じる 休日・救急医療 安心・ひろめーる AED設置場所 緊急・防災情報 くらし・手続 防災・安全安心 マイナンバーカード・電"
"蒲郡市","medium","34","道路 - 愛知県蒲郡市公式ホームページ","https://www.city.gamagori.lg.jp/life/1/38/51/","道路","道路 - 愛知県蒲郡市公式ホームページ ページの先頭です。 メニューを飛ばして本文へ メニュー 検索 JavaScriptが無効のため、文字の大きさ・背景色を変更する機能を使用できません。 本文へ Foreign language 音声読み上げ ふりがな 閲覧補助 文字サイズ 拡大 標準 背景色 白 黒 青 閉じる 休日・救急医療 安心・ひろめーる AED設置場所 緊急・防災情報 くらし・手続 防災・安全安心 マイナンバーカード・電子証"
"蒲郡市","medium","34","老人福祉センター寿楽荘 - 愛知県蒲郡市公式ホームページ","https://www.city.gamagori.lg.jp/map/0212966.html","老人福祉センター寿楽荘","老人福祉センター寿楽荘 - 愛知県蒲郡市公式ホームページ ページの先頭です。 メニューを飛ばして本文へ メニュー 検索 JavaScriptが無効のため、文字の大きさ・背景色を変更する機能を使用できません。 本文へ Foreign language 音声読み上げ ふりがな 閲覧補助 文字サイズ 拡大 標準 背景色 白 黒 青 閉じる 休日・救急医療 安心・ひろめーる AED設置場所 緊急・防災情報 くらし・手続 防災・安全安心 マイナン"
"蒲郡市","medium","34","浜町福祉センター - 愛知県蒲郡市公式ホームページ","https://www.city.gamagori.lg.jp/map/0212956.html","浜町福祉センター","浜町福祉センター - 愛知県蒲郡市公式ホームページ ページの先頭です。 メニューを飛ばして本文へ メニュー 検索 JavaScriptが無効のため、文字の大きさ・背景色を変更する機能を使用できません。 本文へ Foreign language 音声読み上げ ふりがな 閲覧補助 文字サイズ 拡大 標準 背景色 白 黒 青 閉じる 休日・救急医療 安心・ひろめーる AED設置場所 緊急・防災情報 くらし・手続 防災・安全安心 マイナンバーカ"
"蒲郡市","medium","34","勤労福祉会館 - 愛知県蒲郡市公式ホームページ","https://www.city.gamagori.lg.jp/map/0212948.html","勤労福祉会館","勤労福祉会館 - 愛知県蒲郡市公式ホームページ ページの先頭です。 メニューを飛ばして本文へ メニュー 検索 JavaScriptが無効のため、文字の大きさ・背景色を変更する機能を使用できません。 本文へ Foreign language 音声読み上げ ふりがな 閲覧補助 文字サイズ 拡大 標準 背景色 白 黒 青 閉じる 休日・救急医療 安心・ひろめーる AED設置場所 緊急・防災情報 くらし・手続 防災・安全安心 マイナンバーカード"
"蒲郡市","medium","34","蒲郡市保健医療センター - 愛知県蒲郡市公式ホームページ","https://www.city.gamagori.lg.jp/map/0212785.html","蒲郡市保健医療センター","蒲郡市保健医療センター - 愛知県蒲郡市公式ホームページ ページの先頭です。 メニューを飛ばして本文へ メニュー 検索 JavaScriptが無効のため、文字の大きさ・背景色を変更する機能を使用できません。 本文へ Foreign language 音声読み上げ ふりがな 閲覧補助 文字サイズ 拡大 標準 背景色 白 黒 青 閉じる 休日・救急医療 安心・ひろめーる AED設置場所 緊急・防災情報 くらし・手続 防災・安全安心 マイナン"
"蒲郡市","medium","34","相談窓口 - 愛知県蒲郡市公式ホームページ","https://www.city.gamagori.lg.jp/life/sub/9/","相談窓口","相談窓口 - 愛知県蒲郡市公式ホームページ ページの先頭です。 メニューを飛ばして本文へ メニュー 検索 JavaScriptが無効のため、文字の大きさ・背景色を変更する機能を使用できません。 本文へ Foreign language 音声読み上げ ふりがな 閲覧補助 文字サイズ 拡大 標準 背景色 白 黒 青 閉じる 休日・救急医療 安心・ひろめーる AED設置場所 緊急・防災情報 くらし・手続 防災・安全安心 マイナンバーカード・電"
"蒲郡市","medium","34","高齢者・介護 - 愛知県蒲郡市公式ホームページ","https://www.city.gamagori.lg.jp/life/sub/9/90/","高齢者・介護","高齢者・介護 - 愛知県蒲郡市公式ホームページ ページの先頭です。 メニューを飛ばして本文へ メニュー 検索 JavaScriptが無効のため、文字の大きさ・背景色を変更する機能を使用できません。 本文へ Foreign language 音声読み上げ ふりがな 閲覧補助 文字サイズ 拡大 標準 背景色 白 黒 青 閉じる 休日・救急医療 安心・ひろめーる AED設置場所 緊急・防災情報 くらし・手続 防災・安全安心 マイナンバーカード"
"蒲郡市","medium","34","少年補導活動 - 青少年センター - 愛知県蒲郡市公式ホームページ","https://www.city.gamagori.lg.jp/site/seishonen/hodo.html","少年補導活動","少年補導活動 - 青少年センター - 愛知県蒲郡市公式ホームページ ページの先頭です。 メニューを飛ばして本文へ メニュー 検索 JavaScriptが無効のため、文字の大きさ・背景色を変更する機能を使用できません。 本文へ Foreign language 音声読み上げ ふりがな 閲覧補助 文字サイズ 拡大 標準 背景色 白 黒 青 閉じる 休日・救急医療 安心・ひろめーる AED設置場所 緊急・防災情報 くらし・手続 防災・安全安心"
"蒲郡市","medium","34","令和7年度地域安全・青少年健全育成市民大会を開催しました - 青少年センター - 愛知県蒲郡市公式ホームページ","https://www.city.gamagori.lg.jp/site/seishonen/shimintaikai07.html","令和7年度地域安全・青少年健全育成市民大会を開催しました","令和7年度地域安全・青少年健全育成市民大会を開催しました - 青少年センター - 愛知県蒲郡市公式ホームページ ページの先頭です。 メニューを飛ばして本文へ メニュー 検索 JavaScriptが無効のため、文字の大きさ・背景色を変更する機能を使用できません。 本文へ Foreign language 音声読み上げ ふりがな 閲覧補助 文字サイズ 拡大 標準 背景色 白 黒 青 閉じる 休日・救急医療 安心・ひろめーる AED設置場所 "
"蒲郡市","medium","34","引越し手続オンラインサービスについて - 愛知県蒲郡市公式ホームページ","https://www.city.gamagori.lg.jp/unit/shimin/hikkoshionestop.html","引越し手続オンラインサービスについて","引越し手続オンラインサービスについて - 愛知県蒲郡市公式ホームページ ページの先頭です。 メニューを飛ばして本文へ メニュー 検索 JavaScriptが無効のため、文字の大きさ・背景色を変更する機能を使用できません。 本文へ Foreign language 音声読み上げ ふりがな 閲覧補助 文字サイズ 拡大 標準 背景色 白 黒 青 閉じる 休日・救急医療 安心・ひろめーる AED設置場所 緊急・防災情報 くらし・手続 防災・安全"
"蒲郡市","medium","34","住民票・戸籍・印鑑登録・パスポート - 愛知県蒲郡市公式ホームページ","https://www.city.gamagori.lg.jp/life/1/40/index-2.html","住民票・戸籍・印鑑登録・パスポート","住民票・戸籍・印鑑登録・パスポート - 愛知県蒲郡市公式ホームページ ページの先頭です。 メニューを飛ばして本文へ メニュー 検索 JavaScriptが無効のため、文字の大きさ・背景色を変更する機能を使用できません。 本文へ Foreign language 音声読み上げ ふりがな 閲覧補助 文字サイズ 拡大 標準 背景色 白 黒 青 閉じる 休日・救急医療 安心・ひろめーる AED設置場所 緊急・防災情報 くらし・手続 防災・安全安"
"蒲郡市","medium","34","不受理申出 - 愛知県蒲郡市公式ホームページ","https://www.city.gamagori.lg.jp/unit/shimin/hujuri.html","不受理申出","不受理申出 - 愛知県蒲郡市公式ホームページ ページの先頭です。 メニューを飛ばして本文へ メニュー 検索 JavaScriptが無効のため、文字の大きさ・背景色を変更する機能を使用できません。 本文へ Foreign language 音声読み上げ ふりがな 閲覧補助 文字サイズ 拡大 標準 背景色 白 黒 青 閉じる 休日・救急医療 安心・ひろめーる AED設置場所 緊急・防災情報 くらし・手続 防災・安全安心 マイナンバーカード・"
"蒲郡市","medium","34","入籍届 - 愛知県蒲郡市公式ホームページ","https://www.city.gamagori.lg.jp/unit/shimin/nyuseki.html","入籍届","入籍届 - 愛知県蒲郡市公式ホームページ ページの先頭です。 メニューを飛ばして本文へ メニュー 検索 JavaScriptが無効のため、文字の大きさ・背景色を変更する機能を使用できません。 本文へ Foreign language 音声読み上げ ふりがな 閲覧補助 文字サイズ 拡大 標準 背景色 白 黒 青 閉じる 休日・救急医療 安心・ひろめーる AED設置場所 緊急・防災情報 くらし・手続 防災・安全安心 マイナンバーカード・電子"
"蒲郡市","medium","34","養子縁組届、養子離縁届 - 愛知県蒲郡市公式ホームページ","https://www.city.gamagori.lg.jp/unit/shimin/yoshiengumi-rien.html","養子縁組届、養子離縁届","養子縁組届、養子離縁届 - 愛知県蒲郡市公式ホームページ ページの先頭です。 メニューを飛ばして本文へ メニュー 検索 JavaScriptが無効のため、文字の大きさ・背景色を変更する機能を使用できません。 本文へ Foreign language 音声読み上げ ふりがな 閲覧補助 文字サイズ 拡大 標準 背景色 白 黒 青 閉じる 休日・救急医療 安心・ひろめーる AED設置場所 緊急・防災情報 くらし・手続 防災・安全安心 マイナン"
"蒲郡市","medium","34","死亡届 - 愛知県蒲郡市公式ホームページ","https://www.city.gamagori.lg.jp/unit/shimin/shibotodoke.html","死亡届","死亡届 - 愛知県蒲郡市公式ホームページ ページの先頭です。 メニューを飛ばして本文へ メニュー 検索 JavaScriptが無効のため、文字の大きさ・背景色を変更する機能を使用できません。 本文へ Foreign language 音声読み上げ ふりがな 閲覧補助 文字サイズ 拡大 標準 背景色 白 黒 青 閉じる 休日・救急医療 安心・ひろめーる AED設置場所 緊急・防災情報 くらし・手続 防災・安全安心 マイナンバーカード・電子"
"刈谷市","medium","33","妊娠・子育て応援室","https://www.city.kariya.lg.jp/kosodatenavi/1014911/1014912/1016747.html","妊娠・子育て応援室","妊娠・子育て応援室｜かりや子育て応援ナビ 当ホームページではjavascriptを使用しています。 javascriptの使用を有効にしなければ、一部の機能が正確に動作しない恐れがあります。お手数ですがjavascriptの使用を有効にしてください。 エンターキーを押すと、ナビゲーション部分をスキップし本文へ移動します。 救急のとき いざというときに 災害時の避難所 休日診療案内 防災・減災 気象情報 衣浦東部広域連合 閉じる メニュー"
"刈谷市","medium","33","がん患者妊よう性温存治療費助成事業","https://www.city.kariya.lg.jp/kosodatenavi/1014911/1014912/1016757.html","がん患者妊よう性温存治療費助成事業","がん患者妊よう性温存治療費助成事業｜かりや子育て応援ナビ 当ホームページではjavascriptを使用しています。 javascriptの使用を有効にしなければ、一部の機能が正確に動作しない恐れがあります。お手数ですがjavascriptの使用を有効にしてください。 エンターキーを押すと、ナビゲーション部分をスキップし本文へ移動します。 救急のとき いざというときに 災害時の避難所 休日診療案内 防災・減災 気象情報 衣浦東部広域連合 "
"刈谷市","medium","33","子育て広場","https://www.city.kariya.lg.jp/kosodatenavi/1014911/1014913/1016818.html","子育て広場","子育て広場｜かりや子育て応援ナビ 当ホームページではjavascriptを使用しています。 javascriptの使用を有効にしなければ、一部の機能が正確に動作しない恐れがあります。お手数ですがjavascriptの使用を有効にしてください。 エンターキーを押すと、ナビゲーション部分をスキップし本文へ移動します。 救急のとき いざというときに 災害時の避難所 休日診療案内 防災・減災 気象情報 衣浦東部広域連合 閉じる メニュー 目的別"
"刈谷市","medium","33","妊娠・子育て応援室","https://www.city.kariya.lg.jp/kosodatenavi/1014911/1014913/1016808.html","妊娠・子育て応援室","妊娠・子育て応援室｜かりや子育て応援ナビ 当ホームページではjavascriptを使用しています。 javascriptの使用を有効にしなければ、一部の機能が正確に動作しない恐れがあります。お手数ですがjavascriptの使用を有効にしてください。 エンターキーを押すと、ナビゲーション部分をスキップし本文へ移動します。 救急のとき いざというときに 災害時の避難所 休日診療案内 防災・減災 気象情報 衣浦東部広域連合 閉じる メニュー"
"刈谷市","medium","33","子育てサービスの案内人「子育てコンシェルジュ」","https://www.city.kariya.lg.jp/kosodatenavi/1014911/1014913/1016822.html","子育てサービスの案内人「子育てコンシェルジュ」","子育てサービスの案内人「子育てコンシェルジュ」｜かりや子育て応援ナビ 当ホームページではjavascriptを使用しています。 javascriptの使用を有効にしなければ、一部の機能が正確に動作しない恐れがあります。お手数ですがjavascriptの使用を有効にしてください。 エンターキーを押すと、ナビゲーション部分をスキップし本文へ移動します。 救急のとき いざというときに 災害時の避難所 休日診療案内 防災・減災 気象情報 衣浦東"
"刈谷市","medium","33","子育てサービスの案内人「子育てコンシェルジュ」","https://www.city.kariya.lg.jp/kosodatenavi/1014911/1016830/1016884.html","子育てサービスの案内人「子育てコンシェルジュ」","子育てサービスの案内人「子育てコンシェルジュ」｜かりや子育て応援ナビ 当ホームページではjavascriptを使用しています。 javascriptの使用を有効にしなければ、一部の機能が正確に動作しない恐れがあります。お手数ですがjavascriptの使用を有効にしてください。 エンターキーを押すと、ナビゲーション部分をスキップし本文へ移動します。 救急のとき いざというときに 災害時の避難所 休日診療案内 防災・減災 気象情報 衣浦東"
"刈谷市","medium","33","子育てサービスの案内人「子育てコンシェルジュ」","https://www.city.kariya.lg.jp/kosodatenavi/1014911/1014915/1016926.html","子育てサービスの案内人「子育てコンシェルジュ」","子育てサービスの案内人「子育てコンシェルジュ」｜かりや子育て応援ナビ 当ホームページではjavascriptを使用しています。 javascriptの使用を有効にしなければ、一部の機能が正確に動作しない恐れがあります。お手数ですがjavascriptの使用を有効にしてください。 エンターキーを押すと、ナビゲーション部分をスキップし本文へ移動します。 救急のとき いざというときに 災害時の避難所 休日診療案内 防災・減災 気象情報 衣浦東"
"豊田市","medium","33","国立・県立・私立の小・中学校に就学するときの届出","https://www.city.toyota.aichi.jp/kosodategakko/shochugakko/1002681/1070803.html","国立・県立・私立の小・中学校に就学するときの届出","国立・県立・私立の小・中学校に就学するときの届出｜豊田市 当ホームページではjavascriptを使用しています。 javascriptの使用を有効にしなければ、一部の機能が正確に動作しない恐れがあります。お手数ですがjavascriptの使用を有効にしてください。 エンターキーを押すと、ナビゲーション部分をスキップし本文へ移動します。 豊田市 TOYOTA CITY サイト メニュー 庁舎案内 Select Language Afri"
"豊田市","medium","33","特別支援教育に関する就学相談","https://www.city.toyota.aichi.jp/kosodategakko/shochugakko/1073332/1003388.html","特別支援教育に関する就学相談","特別支援教育に関する就学相談｜豊田市 当ホームページではjavascriptを使用しています。 javascriptの使用を有効にしなければ、一部の機能が正確に動作しない恐れがあります。お手数ですがjavascriptの使用を有効にしてください。 エンターキーを押すと、ナビゲーション部分をスキップし本文へ移動します。 豊田市 TOYOTA CITY サイト メニュー 庁舎案内 Select Language Afrikaans Alba"
"安城市","medium","33","安城市","https://www.city.anjo.aichi.jp/soshiki/hokenbu/syogai.html","障害福祉課","安城市／障害福祉課 このサイトではJavaScriptを使用したコンテンツ・機能を提供しています。JavaScriptを有効にするとご利用いただけます。 本文へスキップします。 安城市 受け継ぐ想いを 未来へ届ける 望遠郷 サイト内検索 ページID検索 設定 文字サイズ・色合い変更 Language メニュー 閉じる 緊急 情報 緊急情報 閉じる ホーム 生活・サービス 教育・学習 観光・文化・スポーツ 産業・入札 市政情報 ホーム >"
"西尾市","medium","33","休日の在宅医療機関","https://www.city.nishio.aichi.jp/kenkofukushi/kenshin/1001450/1002474.html","休日の在宅医療機関","休日の在宅医療機関｜西尾市公式ウェブサイト 当ホームページではjavascriptを使用しています。 javascriptの使用を有効にしなければ、一部の機能が正確に動作しない恐れがあります。お手数ですがjavascriptの使用を有効にしてください。 エンターキーを押すと、ナビゲーション部分をスキップし本文へ移動します。 サイトマップ Select Language English 中文（简体字） 中文（繁體字） 한국어 Portug"
"西尾市","medium","33","後期高齢者医療","https://www.city.nishio.aichi.jp/kenkofukushi/iryo/1005113/1002480.html","後期高齢者医療","後期高齢者医療｜西尾市公式ウェブサイト 当ホームページではjavascriptを使用しています。 javascriptの使用を有効にしなければ、一部の機能が正確に動作しない恐れがあります。お手数ですがjavascriptの使用を有効にしてください。 エンターキーを押すと、ナビゲーション部分をスキップし本文へ移動します。 サイトマップ Select Language English 中文（简体字） 中文（繁體字） 한국어 Portuguê"
"西尾市","medium","33","後期高齢者健康診査","https://www.city.nishio.aichi.jp/kenkofukushi/iryo/1005113/1002490.html","後期高齢者健康診査","後期高齢者健康診査｜西尾市公式ウェブサイト 当ホームページではjavascriptを使用しています。 javascriptの使用を有効にしなければ、一部の機能が正確に動作しない恐れがあります。お手数ですがjavascriptの使用を有効にしてください。 エンターキーを押すと、ナビゲーション部分をスキップし本文へ移動します。 サイトマップ Select Language English 中文（简体字） 中文（繁體字） 한국어 Portug"
"西尾市","medium","33","西尾市ふるさと応援寄附金返礼品提供事業者の募集","https://www.city.nishio.aichi.jp/kurashi/zeikin/1001422/1002153.html","西尾市ふるさと応援寄附金返礼品提供事業者の募集","西尾市ふるさと応援寄附金返礼品提供事業者の募集｜西尾市公式ウェブサイト 当ホームページではjavascriptを使用しています。 javascriptの使用を有効にしなければ、一部の機能が正確に動作しない恐れがあります。お手数ですがjavascriptの使用を有効にしてください。 エンターキーを押すと、ナビゲーション部分をスキップし本文へ移動します。 サイトマップ Select Language English 中文（简体字） 中文（繁"
"西尾市","medium","33","子育てガイド","https://www.city.nishio.aichi.jp/kosodate/shien/1002310.html","子育てガイド","子育てガイド｜西尾市公式ウェブサイト 当ホームページではjavascriptを使用しています。 javascriptの使用を有効にしなければ、一部の機能が正確に動作しない恐れがあります。お手数ですがjavascriptの使用を有効にしてください。 エンターキーを押すと、ナビゲーション部分をスキップし本文へ移動します。 サイトマップ Select Language English 中文（简体字） 中文（繁體字） 한국어 Português"
"西尾市","medium","33","ホームスタート(家庭訪問型子育て支援)","https://www.city.nishio.aichi.jp/kosodate/shien/1008362.html","ホームスタート(家庭訪問型子育て支援)","ホームスタート(家庭訪問型子育て支援)｜西尾市公式ウェブサイト 当ホームページではjavascriptを使用しています。 javascriptの使用を有効にしなければ、一部の機能が正確に動作しない恐れがあります。お手数ですがjavascriptの使用を有効にしてください。 エンターキーを押すと、ナビゲーション部分をスキップし本文へ移動します。 サイトマップ Select Language English 中文（简体字） 中文（繁體字） "
"西尾市","medium","33","2024西尾の福祉","https://www.city.nishio.aichi.jp/kenkofukushi/fukushi/1002447.html","2024西尾の福祉","2024西尾の福祉｜西尾市公式ウェブサイト 当ホームページではjavascriptを使用しています。 javascriptの使用を有効にしなければ、一部の機能が正確に動作しない恐れがあります。お手数ですがjavascriptの使用を有効にしてください。 エンターキーを押すと、ナビゲーション部分をスキップし本文へ移動します。 サイトマップ Select Language English 中文（简体字） 中文（繁體字） 한국어 Portug"
"西尾市","medium","33","マイナンバー制度 民間事業者の対応","https://www.city.nishio.aichi.jp/kurashi/koseki/1001383/1001772.html","マイナンバー制度 民間事業者の対応","マイナンバー制度 民間事業者の対応｜西尾市公式ウェブサイト 当ホームページではjavascriptを使用しています。 javascriptの使用を有効にしなければ、一部の機能が正確に動作しない恐れがあります。お手数ですがjavascriptの使用を有効にしてください。 エンターキーを押すと、ナビゲーション部分をスキップし本文へ移動します。 サイトマップ Select Language English 中文（简体字） 中文（繁體字） 한국"
"西尾市","medium","33","令和8年度 環境学習講座","https://www.city.nishio.aichi.jp/kurashi/gomi/1005103/1010838.html","令和8年度 環境学習講座","令和8年度 環境学習講座｜西尾市公式ウェブサイト 当ホームページではjavascriptを使用しています。 javascriptの使用を有効にしなければ、一部の機能が正確に動作しない恐れがあります。お手数ですがjavascriptの使用を有効にしてください。 エンターキーを押すと、ナビゲーション部分をスキップし本文へ移動します。 サイトマップ Select Language English 中文（简体字） 中文（繁體字） 한국어 Por"
"西尾市","medium","33","市営住宅募集状況（令和8年7月）","https://www.city.nishio.aichi.jp/kurashi/sumai/1001390/1005673.html","市営住宅募集状況（令和8年7月）","市営住宅募集状況（令和8年7月）｜西尾市公式ウェブサイト 当ホームページではjavascriptを使用しています。 javascriptの使用を有効にしなければ、一部の機能が正確に動作しない恐れがあります。お手数ですがjavascriptの使用を有効にしてください。 エンターキーを押すと、ナビゲーション部分をスキップし本文へ移動します。 サイトマップ Select Language English 中文（简体字） 中文（繁體字） 한국어"
"西尾市","medium","33","西尾市が抱える産廃処分場問題解説動画 （わかりやすく解説しています）","https://www.city.nishio.aichi.jp/kurashi/gomi/1005103/1001403/1001924.html","西尾市が抱える産廃処分場問題解説動画 （わかりやすく解説しています）","西尾市が抱える産廃処分場問題解説動画 （わかりやすく解説しています）｜西尾市公式ウェブサイト 当ホームページではjavascriptを使用しています。 javascriptの使用を有効にしなければ、一部の機能が正確に動作しない恐れがあります。お手数ですがjavascriptの使用を有効にしてください。 エンターキーを押すと、ナビゲーション部分をスキップし本文へ移動します。 サイトマップ Select Language English 中"
"西尾市","medium","33","施設案内 総合福祉センター","https://www.city.nishio.aichi.jp/shisetsu/kenkofukushi/1003924.html","総合福祉センター","施設案内 総合福祉センター｜西尾市公式ウェブサイト 当ホームページではjavascriptを使用しています。 javascriptの使用を有効にしなければ、一部の機能が正確に動作しない恐れがあります。お手数ですがjavascriptの使用を有効にしてください。 エンターキーを押すと、ナビゲーション部分をスキップし本文へ移動します。 サイトマップ Select Language English 中文（简体字） 中文（繁體字） 한국어 Po"
"西尾市","medium","33","妊娠で困っている人の相談窓口","https://www.city.nishio.aichi.jp/lifescene/ninshin/1005328/1005717.html","妊娠で困っている人の相談窓口","妊娠で困っている人の相談窓口｜西尾市公式ウェブサイト 当ホームページではjavascriptを使用しています。 javascriptの使用を有効にしなければ、一部の機能が正確に動作しない恐れがあります。お手数ですがjavascriptの使用を有効にしてください。 エンターキーを押すと、ナビゲーション部分をスキップし本文へ移動します。 サイトマップ Select Language English 中文（简体字） 中文（繁體字） 한국어 P"
"西尾市","medium","33","死亡届","https://www.city.nishio.aichi.jp/kurashi/koseki/1004988/1001744.html","死亡届","死亡届｜西尾市公式ウェブサイト 当ホームページではjavascriptを使用しています。 javascriptの使用を有効にしなければ、一部の機能が正確に動作しない恐れがあります。お手数ですがjavascriptの使用を有効にしてください。 エンターキーを押すと、ナビゲーション部分をスキップし本文へ移動します。 サイトマップ Select Language English 中文（简体字） 中文（繁體字） 한국어 Português Ta"
"西尾市","medium","33","民間賃貸住宅の活用","https://www.city.nishio.aichi.jp/kurashi/sumai/1001390/1001805.html","民間賃貸住宅の活用","民間賃貸住宅の活用｜西尾市公式ウェブサイト 当ホームページではjavascriptを使用しています。 javascriptの使用を有効にしなければ、一部の機能が正確に動作しない恐れがあります。お手数ですがjavascriptの使用を有効にしてください。 エンターキーを押すと、ナビゲーション部分をスキップし本文へ移動します。 サイトマップ Select Language English 中文（简体字） 中文（繁體字） 한국어 Portug"
"西尾市","medium","33","上下水道料金の支払い方法","https://www.city.nishio.aichi.jp/kurashi/suido/1001404/1001948.html","上下水道料金の支払い方法","上下水道料金の支払い方法｜西尾市公式ウェブサイト 当ホームページではjavascriptを使用しています。 javascriptの使用を有効にしなければ、一部の機能が正確に動作しない恐れがあります。お手数ですがjavascriptの使用を有効にしてください。 エンターキーを押すと、ナビゲーション部分をスキップし本文へ移動します。 サイトマップ Select Language English 中文（简体字） 中文（繁體字） 한국어 Por"
"西尾市","medium","33","西尾市指定給水装置工事事業者","https://www.city.nishio.aichi.jp/kurashi/suido/1001404/1001953.html","西尾市指定給水装置工事事業者","西尾市指定給水装置工事事業者｜西尾市公式ウェブサイト 当ホームページではjavascriptを使用しています。 javascriptの使用を有効にしなければ、一部の機能が正確に動作しない恐れがあります。お手数ですがjavascriptの使用を有効にしてください。 エンターキーを押すと、ナビゲーション部分をスキップし本文へ移動します。 サイトマップ Select Language English 中文（简体字） 中文（繁體字） 한국어 P"
"西尾市","medium","33","こんにちは赤ちゃん訪問","https://www.city.nishio.aichi.jp/kosodate/sodan/1002363.html","こんにちは赤ちゃん訪問","こんにちは赤ちゃん訪問｜西尾市公式ウェブサイト 当ホームページではjavascriptを使用しています。 javascriptの使用を有効にしなければ、一部の機能が正確に動作しない恐れがあります。お手数ですがjavascriptの使用を有効にしてください。 エンターキーを押すと、ナビゲーション部分をスキップし本文へ移動します。 サイトマップ Select Language English 中文（简体字） 中文（繁體字） 한국어 Port"
"西尾市","medium","33","施設案内 地域活動支援センター","https://www.city.nishio.aichi.jp/kenkofukushi/shogai/1001455/1002517.html","施設案内 地域活動支援センター","施設案内 地域活動支援センター｜西尾市公式ウェブサイト 当ホームページではjavascriptを使用しています。 javascriptの使用を有効にしなければ、一部の機能が正確に動作しない恐れがあります。お手数ですがjavascriptの使用を有効にしてください。 エンターキーを押すと、ナビゲーション部分をスキップし本文へ移動します。 サイトマップ Select Language English 中文（简体字） 中文（繁體字） 한국어 "
"西尾市","medium","33","マイナンバーカードが健康保険証として利用できます（後期高齢者医療制度）","https://www.city.nishio.aichi.jp/kenkofukushi/iryo/1005113/1010280.html","マイナンバーカードが健康保険証として利用できます（後期高齢者医療制度）","マイナンバーカードが健康保険証として利用できます（後期高齢者医療制度）｜西尾市公式ウェブサイト 当ホームページではjavascriptを使用しています。 javascriptの使用を有効にしなければ、一部の機能が正確に動作しない恐れがあります。お手数ですがjavascriptの使用を有効にしてください。 エンターキーを押すと、ナビゲーション部分をスキップし本文へ移動します。 サイトマップ Select Language English "
"蒲郡市","medium","33","健康と幸福のポータルサイト - 愛知県蒲郡市公式ホームページ","https://www.city.gamagori.lg.jp/site/health-happiness/","健康と幸福のポータルサイト","健康と幸福のポータルサイト - 愛知県蒲郡市公式ホームページ ページの先頭です。 メニューを飛ばして本文へ メニュー 検索 JavaScriptが無効のため、文字の大きさ・背景色を変更する機能を使用できません。 本文へ Foreign language 音声読み上げ ふりがな 閲覧補助 文字サイズ 拡大 標準 背景色 白 黒 青 閉じる 休日・救急医療 安心・ひろめーる AED設置場所 緊急・防災情報 くらし・手続 防災・安全安心 マイ"
"蒲郡市","medium","33","入学や転校の手続き - 愛知県蒲郡市公式ホームページ","https://www.city.gamagori.lg.jp/unit/gakko/h22tennyugaku.html","転入学通知書、就学通知書の発行 など","入学や転校の手続き - 愛知県蒲郡市公式ホームページ ページの先頭です。 メニューを飛ばして本文へ メニュー 検索 JavaScriptが無効のため、文字の大きさ・背景色を変更する機能を使用できません。 本文へ Foreign language 音声読み上げ ふりがな 閲覧補助 文字サイズ 拡大 標準 背景色 白 黒 青 閉じる 休日・救急医療 安心・ひろめーる AED設置場所 緊急・防災情報 くらし・手続 防災・安全安心 マイナンバー"
"蒲郡市","medium","33","蒲郡市における空家等の対策に関する協定 - 愛知県蒲郡市公式ホームページ","https://www.city.gamagori.lg.jp/unit/kenchiku/akiyakyoutei.html","蒲郡市における空家等の対策に関する協定","蒲郡市における空家等の対策に関する協定 - 愛知県蒲郡市公式ホームページ ページの先頭です。 メニューを飛ばして本文へ メニュー 検索 JavaScriptが無効のため、文字の大きさ・背景色を変更する機能を使用できません。 本文へ Foreign language 音声読み上げ ふりがな 閲覧補助 文字サイズ 拡大 標準 背景色 白 黒 青 閉じる 休日・救急医療 安心・ひろめーる AED設置場所 緊急・防災情報 くらし・手続 防災・安"
"蒲郡市","medium","33","住宅・土地 - 愛知県蒲郡市公式ホームページ","https://www.city.gamagori.lg.jp/life/sub/9/37/","住宅・土地","住宅・土地 - 愛知県蒲郡市公式ホームページ ページの先頭です。 メニューを飛ばして本文へ メニュー 検索 JavaScriptが無効のため、文字の大きさ・背景色を変更する機能を使用できません。 本文へ Foreign language 音声読み上げ ふりがな 閲覧補助 文字サイズ 拡大 標準 背景色 白 黒 青 閉じる 休日・救急医療 安心・ひろめーる AED設置場所 緊急・防災情報 くらし・手続 防災・安全安心 マイナンバーカード・"
"刈谷市","medium","32","雨水貯留浸透施設補助金（申請書類一式） （PDF 134.1KB）","https://www.city.kariya.lg.jp/_res/projects/default_project/_page_/001/004/732/hojyokinsinse-syo.pdf","雨水貯留浸透施設補助金（申請書類一式） （PDF 134.1KB）",""
"刈谷市","medium","32","補助金申請書等記入例・図面見本 （PDF 770.2KB）","https://www.city.kariya.lg.jp/_res/projects/default_project/_page_/001/004/732/kinyurei-zumenmihon.pdf","補助金申請書等記入例・図面見本 （PDF 770.2KB）",""
"豊田市","medium","32","墓所","https://www.city.toyota.aichi.jp/sumaikankyo/sumaitochi/hakasho/index.html","墓所","墓所｜豊田市 当ホームページではjavascriptを使用しています。 javascriptの使用を有効にしなければ、一部の機能が正確に動作しない恐れがあります。お手数ですがjavascriptの使用を有効にしてください。 エンターキーを押すと、ナビゲーション部分をスキップし本文へ移動します。 豊田市 TOYOTA CITY サイト メニュー 庁舎案内 Select Language Afrikaans Albanian Amharic"
"豊田市","medium","32","市営住宅に関すること","https://www.city.toyota.aichi.jp/sumaikankyo/sumaitochi/1073796/index.html","市営住宅に関すること","市営住宅に関すること｜豊田市 当ホームページではjavascriptを使用しています。 javascriptの使用を有効にしなければ、一部の機能が正確に動作しない恐れがあります。お手数ですがjavascriptの使用を有効にしてください。 エンターキーを押すと、ナビゲーション部分をスキップし本文へ移動します。 豊田市 TOYOTA CITY サイト メニュー 庁舎案内 Select Language Afrikaans Albanian"
"豊田市","medium","32","市有地情報（売却","https://www.city.toyota.aichi.jp/sumaikankyo/sumaitochi/1023259/index.html","市有地情報（売却／貸付／事業提案募集）","市有地情報（売却／貸付／事業提案募集）｜豊田市 当ホームページではjavascriptを使用しています。 javascriptの使用を有効にしなければ、一部の機能が正確に動作しない恐れがあります。お手数ですがjavascriptの使用を有効にしてください。 エンターキーを押すと、ナビゲーション部分をスキップし本文へ移動します。 豊田市 TOYOTA CITY サイト メニュー 庁舎案内 Select Language Afrikaans"
"豊田市","medium","32","予防接種","https://www.city.toyota.aichi.jp/kenkoiryo/kenko/yobousesshu/index.html","予防接種","予防接種｜豊田市 当ホームページではjavascriptを使用しています。 javascriptの使用を有効にしなければ、一部の機能が正確に動作しない恐れがあります。お手数ですがjavascriptの使用を有効にしてください。 エンターキーを押すと、ナビゲーション部分をスキップし本文へ移動します。 豊田市 TOYOTA CITY サイト メニュー 庁舎案内 Select Language Afrikaans Albanian Amhar"
"豊田市","medium","32","住まい・土地","https://www.city.toyota.aichi.jp/sumaikankyo/sumaitochi/index.html","住まい・土地","住まい・土地｜豊田市 当ホームページではjavascriptを使用しています。 javascriptの使用を有効にしなければ、一部の機能が正確に動作しない恐れがあります。お手数ですがjavascriptの使用を有効にしてください。 エンターキーを押すと、ナビゲーション部分をスキップし本文へ移動します。 豊田市 TOYOTA CITY サイト メニュー 庁舎案内 Select Language Afrikaans Albanian Amh"
"安城市","medium","32","安城市","https://www.city.anjo.aichi.jp/shinseisho/jidou/ryoshusho.html","施設等利用給付請求書及び領収証等の書式の配信","安城市／施設等利用給付請求書及び領収証等の書式の配信 このサイトではJavaScriptを使用したコンテンツ・機能を提供しています。JavaScriptを有効にするとご利用いただけます。 本文へスキップします。 安城市 受け継ぐ想いを 未来へ届ける 望遠郷 サイト内検索 ページID検索 設定 文字サイズ・色合い変更 Language メニュー 閉じる 緊急 情報 緊急情報 閉じる ホーム 生活・サービス 教育・学習 観光・文化・スポーツ"
"安城市","medium","32","安城市","https://www.city.anjo.aichi.jp/soshiki/hokenbu/fukushi.html","福祉部","安城市／福祉部 このサイトではJavaScriptを使用したコンテンツ・機能を提供しています。JavaScriptを有効にするとご利用いただけます。 本文へスキップします。 安城市 受け継ぐ想いを 未来へ届ける 望遠郷 サイト内検索 ページID検索 設定 文字サイズ・色合い変更 Language メニュー 閉じる 緊急 情報 緊急情報 閉じる ホーム 生活・サービス 教育・学習 観光・文化・スポーツ 産業・入札 市政情報 ホーム > 組"
"安城市","medium","32","安城市","https://www.city.anjo.aichi.jp/kurasu/kekkonshien/index.html","出会い・結婚","安城市／出会い・結婚 このサイトではJavaScriptを使用したコンテンツ・機能を提供しています。JavaScriptを有効にするとご利用いただけます。 本文へスキップします。 安城市 受け継ぐ想いを 未来へ届ける 望遠郷 サイト内検索 ページID検索 設定 文字サイズ・色合い変更 Language メニュー 閉じる 緊急 情報 緊急情報 閉じる ホーム 生活・サービス 教育・学習 観光・文化・スポーツ 産業・入札 市政情報 ホーム "
"安城市","medium","32","安城市","https://www.city.anjo.aichi.jp/kurasu/suido/menzyo.html","令和8年2月から5月まで水道料金の基本料金を免除します。","安城市／令和8年2月から5月まで水道料金の基本料金を免除します。 このサイトではJavaScriptを使用したコンテンツ・機能を提供しています。JavaScriptを有効にするとご利用いただけます。 本文へスキップします。 安城市 受け継ぐ想いを 未来へ届ける 望遠郷 サイト内検索 ページID検索 設定 文字サイズ・色合い変更 Language メニュー 閉じる 緊急 情報 緊急情報 閉じる ホーム 生活・サービス 教育・学習 観光・文"
"安城市","medium","32","安城市","https://www.city.anjo.aichi.jp/zigyo/syoko/sogyo/tokuteisogyo.html","特定創業支援等事業による支援を受けたことの証明書について","安城市／特定創業支援等事業による支援を受けたことの証明書について このサイトではJavaScriptを使用したコンテンツ・機能を提供しています。JavaScriptを有効にするとご利用いただけます。 本文へスキップします。 安城市 受け継ぐ想いを 未来へ届ける 望遠郷 サイト内検索 ページID検索 設定 文字サイズ・色合い変更 Language メニュー 閉じる 緊急 情報 緊急情報 閉じる ホーム 生活・サービス 教育・学習 観光・文"
"安城市","medium","32","安城市市民活動補助金の概要について（PDF：1,611KB）","https://www.city.anjo.aichi.jp/shisei/siminsankatokyodo/siminsanka/documents/20181114gidaihojyokinseidonogaiyou.pdf","安城市市民活動補助金の概要について（PDF：1,611KB）",""
"安城市","medium","32","平成31年度市民活動補助金審査に係る流れ（PDF：367KB）","https://www.city.anjo.aichi.jp/shisei/siminsankatokyodo/siminsanka/documents/20181114hojyokinnshinsanikakarunagare.pdf","平成31年度市民活動補助金審査に係る流れ（PDF：367KB）",""
"安城市","medium","32","資料3「平成30年度市民活動補助金審査に係る流れ」（PDF：358KB）","https://www.city.anjo.aichi.jp/shisei/siminsankatokyodo/siminsanka/documents/05schedule.pdf","資料3「平成30年度市民活動補助金審査に係る流れ」（PDF：358KB）",""
"安城市","medium","32","（3）平成29年度安城市市民活動補助金交付対象事業について（案）（PDF：609KB）","https://www.city.anjo.aichi.jp/shisei/siminsankatokyodo/siminsanka/documents/bosyu.pdf","（3）平成29年度安城市市民活動補助金交付対象事業について（案）（PDF：609KB）",""
"安城市","medium","32","（2）平成28年度安城市市民活動補助金交付対象事業について（案）（PDF：609KB）","https://www.city.anjo.aichi.jp/shisei/siminsankatokyodo/siminsanka/documents/youkouan.pdf","（2）平成28年度安城市市民活動補助金交付対象事業について（案）（PDF：609KB）",""
"安城市","medium","32","（3）平成28年度市民活動補助金審査にかかる流れ（案）（PDF：382KB）","https://www.city.anjo.aichi.jp/shisei/siminsankatokyodo/siminsanka/documents/hojokinnagarean.pdf","（3）平成28年度市民活動補助金審査にかかる流れ（案）（PDF：382KB）",""
"安城市","medium","32","(1)平成27年度市民活動補助金交付事業決定にかかる流れ（案）（PDF：67KB）","https://www.city.anjo.aichi.jp/shisei/siminsankatokyodo/siminsanka/documents/h26-02-01hojyokinketteinikakarunagare.pdf","(1)平成27年度市民活動補助金交付事業決定にかかる流れ（案）（PDF：67KB）",""
"安城市","medium","32","(1)平成26年度安城市市民活動補助金の審査について（PDF：59KB）","https://www.city.anjo.aichi.jp/library_documents/01shinsa.pdf","(1)平成26年度安城市市民活動補助金の審査について（PDF：59KB）",""
"安城市","medium","32","(1)市民活動補助金交付事業決定にかかる流れ(案)（PDF：163KB）","https://www.city.anjo.aichi.jp/shisei/siminsankatokyodo/siminsanka/documents/siryo1-1.pdf","(1)市民活動補助金交付事業決定にかかる流れ(案)（PDF：163KB）",""
"安城市","medium","32","(2)平成26年度安城市市民活動補助金について(案)（PDF：182KB）","https://www.city.anjo.aichi.jp/shisei/siminsankatokyodo/siminsanka/documents/siryo2-1.pdf","(2)平成26年度安城市市民活動補助金について(案)（PDF：182KB）",""
"安城市","medium","32","(1)市民活動補助金交付事業決定にかかる流れ（PDF：179KB）","https://www.city.anjo.aichi.jp/shisei/siminsankatokyodo/siminsanka/documents/siryo1.pdf","(1)市民活動補助金交付事業決定にかかる流れ（PDF：179KB）",""
"西尾市","medium","32","西尾市高齢者福祉計画・介護保険事業計画","https://www.city.nishio.aichi.jp/shisei/keikaku/1001513/1003235.html","西尾市高齢者福祉計画・介護保険事業計画","西尾市高齢者福祉計画・介護保険事業計画｜西尾市公式ウェブサイト 当ホームページではjavascriptを使用しています。 javascriptの使用を有効にしなければ、一部の機能が正確に動作しない恐れがあります。お手数ですがjavascriptの使用を有効にしてください。 エンターキーを押すと、ナビゲーション部分をスキップし本文へ移動します。 サイトマップ Select Language English 中文（简体字） 中文（繁體字） "
"西尾市","medium","32","よくある質問 子育て支援センターは、誰でも利用できるんですか？","https://www.city.nishio.aichi.jp/faq/kosodae/1004241.html","子育て支援センターは、誰でも利用できるんですか？","よくある質問 子育て支援センターは、誰でも利用できるんですか？｜西尾市公式ウェブサイト 当ホームページではjavascriptを使用しています。 javascriptの使用を有効にしなければ、一部の機能が正確に動作しない恐れがあります。お手数ですがjavascriptの使用を有効にしてください。 エンターキーを押すと、ナビゲーション部分をスキップし本文へ移動します。 サイトマップ Select Language English 中文（简"
"蒲郡市","medium","32","風しん抗体検査・予防接種（昭和37年4月2日から昭和54年4月1日生まれの男性の方対象） - 蒲郡市保健医療センター - 愛知県蒲郡市公式ホームページ","https://www.city.gamagori.lg.jp/site/hokencenter/fushintaisaku.html","風しん抗体検査・予防接種（昭和37年4月2日から昭和54年4月1日生まれの男性の方対象）","風しん抗体検査・予防接種（昭和37年4月2日から昭和54年4月1日生まれの男性の方対象） - 蒲郡市保健医療センター - 愛知県蒲郡市公式ホームページ ページの先頭です。 メニューを飛ばして本文へ メニュー 検索 JavaScriptが無効のため、文字の大きさ・背景色を変更する機能を使用できません。 本文へ Foreign language 音声読み上げ ふりがな 閲覧補助 文字サイズ 拡大 標準 背景色 白 黒 青 閉じる 休日・救急"
"蒲郡市","medium","32","（PDF）補助金交付申請書兼請求書 [PDFファイル／157KB]","https://www.city.gamagori.lg.jp/uploaded/attachment/115247.pdf","（PDF）補助金交付申請書兼請求書 [PDFファイル／157KB]",""
"蒲郡市","medium","32","令和８年度蒲郡市浄化槽設置整備費補助金のご案内 [PDFファイル／329KB]","https://www.city.gamagori.lg.jp/uploaded/attachment/114504.pdf","令和８年度蒲郡市浄化槽設置整備費補助金のご案内 [PDFファイル／329KB]",""
"豊田市","medium","31","豊田市での民泊（住宅宿泊事業）開業について","https://www.city.toyota.aichi.jp/shisei/sonotajigyo/1027853.html","豊田市での民泊（住宅宿泊事業）開業について","豊田市での民泊（住宅宿泊事業）開業について｜豊田市 当ホームページではjavascriptを使用しています。 javascriptの使用を有効にしなければ、一部の機能が正確に動作しない恐れがあります。お手数ですがjavascriptの使用を有効にしてください。 エンターキーを押すと、ナビゲーション部分をスキップし本文へ移動します。 豊田市 TOYOTA CITY サイト メニュー 庁舎案内 Select Language Afrikaa"
"豊田市","medium","31","豊田市LINE公式アカウントで子どもの成長に合わせた子育て情報が届きます！","https://www.city.toyota.aichi.jp/shisei/koho/1073583/1023956/1050987.html","豊田市LINE公式アカウント子育て情報","豊田市LINE公式アカウントで子どもの成長に合わせた子育て情報が届きます！｜豊田市 当ホームページではjavascriptを使用しています。 javascriptの使用を有効にしなければ、一部の機能が正確に動作しない恐れがあります。お手数ですがjavascriptの使用を有効にしてください。 エンターキーを押すと、ナビゲーション部分をスキップし本文へ移動します。 豊田市 TOYOTA CITY サイト メニュー 庁舎案内 Select "
"豊田市","medium","31","報道発表資料 障がい福祉サービス事業所におけるスポーツ特別講座を新たに実施します","https://www.city.toyota.aichi.jp/pressrelease/1077298/1078011.html","報道発表資料 障がい福祉サービス事業所におけるスポーツ特別講座を新たに実施します","報道発表資料 障がい福祉サービス事業所におけるスポーツ特別講座を新たに実施します｜豊田市 当ホームページではjavascriptを使用しています。 javascriptの使用を有効にしなければ、一部の機能が正確に動作しない恐れがあります。お手数ですがjavascriptの使用を有効にしてください。 エンターキーを押すと、ナビゲーション部分をスキップし本文へ移動します。 豊田市 TOYOTA CITY サイト メニュー 庁舎案内 Sele"
"豊田市","medium","31","報道発表資料 被災地における福祉避難所の開設・運営の実例を学ぶ「福祉避難所運営に関する講演会」を開催します","https://www.city.toyota.aichi.jp/pressrelease/1076558/1077162.html","報道発表資料 被災地における福祉避難所の開設・運営の実例を学ぶ「福祉避難所運営に関する講演会」を開催します","報道発表資料 被災地における福祉避難所の開設・運営の実例を学ぶ「福祉避難所運営に関する講演会」を開催します｜豊田市 当ホームページではjavascriptを使用しています。 javascriptの使用を有効にしなければ、一部の機能が正確に動作しない恐れがあります。お手数ですがjavascriptの使用を有効にしてください。 エンターキーを押すと、ナビゲーション部分をスキップし本文へ移動します。 豊田市 TOYOTA CITY サイト メ"
"豊田市","medium","31","報道発表資料 結婚や出産した人へ贈呈する「お祝いブック」に掲載するお祝い品の提供協力事業者を募集します","https://www.city.toyota.aichi.jp/pressrelease/1076558/1076570.html","報道発表資料 結婚や出産した人へ贈呈する「お祝いブック」に掲載するお祝い品の提供協力事業者を募集します","報道発表資料 結婚や出産した人へ贈呈する「お祝いブック」に掲載するお祝い品の提供協力事業者を募集します｜豊田市 当ホームページではjavascriptを使用しています。 javascriptの使用を有効にしなければ、一部の機能が正確に動作しない恐れがあります。お手数ですがjavascriptの使用を有効にしてください。 エンターキーを押すと、ナビゲーション部分をスキップし本文へ移動します。 豊田市 TOYOTA CITY サイト メニュ"
"豊田市","medium","31","豊田市障がい者相談支援事業所（障がい者相談支援に関する窓口）","https://www.city.toyota.aichi.jp/sonotakurashi/sodan/1031733/1059527.html","豊田市障がい者相談支援事業所（障がい者相談支援に関する窓口）","豊田市障がい者相談支援事業所（障がい者相談支援に関する窓口）｜豊田市 当ホームページではjavascriptを使用しています。 javascriptの使用を有効にしなければ、一部の機能が正確に動作しない恐れがあります。お手数ですがjavascriptの使用を有効にしてください。 エンターキーを押すと、ナビゲーション部分をスキップし本文へ移動します。 豊田市 TOYOTA CITY サイト メニュー 庁舎案内 Select Languag"
"豊田市","medium","31","豊田市役所 西庁舎のご案内","https://www.city.toyota.aichi.jp/shisei/shisetsu/madoguchi/shiyakusyo/1006730/1007477.html","豊田市役所 西庁舎のご案内","豊田市役所 西庁舎のご案内｜豊田市 当ホームページではjavascriptを使用しています。 javascriptの使用を有効にしなければ、一部の機能が正確に動作しない恐れがあります。お手数ですがjavascriptの使用を有効にしてください。 エンターキーを押すと、ナビゲーション部分をスキップし本文へ移動します。 豊田市 TOYOTA CITY サイト メニュー 庁舎案内 Select Language Afrikaans Alban"
"豊田市","medium","31","市営住宅概要・入居者募集","https://www.city.toyota.aichi.jp/sumaikankyo/sumaitochi/1073796/1003657.html","市営住宅概要・入居者募集","市営住宅概要・入居者募集｜豊田市 当ホームページではjavascriptを使用しています。 javascriptの使用を有効にしなければ、一部の機能が正確に動作しない恐れがあります。お手数ですがjavascriptの使用を有効にしてください。 エンターキーを押すと、ナビゲーション部分をスキップし本文へ移動します。 豊田市 TOYOTA CITY サイト メニュー 庁舎案内 Select Language Afrikaans Albani"
"豊田市","medium","31","母子健康手帳交付","https://www.city.toyota.aichi.jp/kosodategakko/ninshin/1073749/1003320.html","母子健康手帳交付","母子健康手帳交付｜豊田市 当ホームページではjavascriptを使用しています。 javascriptの使用を有効にしなければ、一部の機能が正確に動作しない恐れがあります。お手数ですがjavascriptの使用を有効にしてください。 エンターキーを押すと、ナビゲーション部分をスキップし本文へ移動します。 豊田市 TOYOTA CITY サイト メニュー 庁舎案内 Select Language Afrikaans Albanian A"
"安城市","medium","31","福祉医療費助成制度のご案内（PDF：2,431KB）","https://www.city.anjo.aichi.jp/shisei/koho/202607/documents/hukusiiryouhijoseiseidonogoannai.pdf","福祉医療費助成制度のご案内（PDF：2,431KB）",""
"安城市","medium","31","安城市","https://www.city.anjo.aichi.jp/kurasu/hokennenkin/nenkin/seikatsusienkyufukin.html","年金生活者生活支援給付金","安城市／年金生活者支援給付金 このサイトではJavaScriptを使用したコンテンツ・機能を提供しています。JavaScriptを有効にするとご利用いただけます。 本文へスキップします。 安城市 受け継ぐ想いを 未来へ届ける 望遠郷 サイト内検索 ページID検索 設定 文字サイズ・色合い変更 Language メニュー 閉じる 緊急 情報 緊急情報 閉じる ホーム 生活・サービス 教育・学習 観光・文化・スポーツ 産業・入札 市政情報 "
"西尾市","medium","31","特定子ども・子育て支援施設等の確認","https://www.city.nishio.aichi.jp/kosodate/hoikuen/1005133/1002382.html","特定子ども・子育て支援施設等の確認","特定子ども・子育て支援施設等の確認｜西尾市公式ウェブサイト 当ホームページではjavascriptを使用しています。 javascriptの使用を有効にしなければ、一部の機能が正確に動作しない恐れがあります。お手数ですがjavascriptの使用を有効にしてください。 エンターキーを押すと、ナビゲーション部分をスキップし本文へ移動します。 サイトマップ Select Language English 中文（简体字） 中文（繁體字） 한국"
"西尾市","medium","31","子育て短期支援事業","https://www.city.nishio.aichi.jp/kosodate/shien/1010358.html","子育て短期支援事業","子育て短期支援事業｜西尾市公式ウェブサイト 当ホームページではjavascriptを使用しています。 javascriptの使用を有効にしなければ、一部の機能が正確に動作しない恐れがあります。お手数ですがjavascriptの使用を有効にしてください。 エンターキーを押すと、ナビゲーション部分をスキップし本文へ移動します。 サイトマップ Select Language English 中文（简体字） 中文（繁體字） 한국어 Portug"
"西尾市","medium","31","施設案内 本庁舎案内","https://www.city.nishio.aichi.jp/shisetsu/shiyakusho/1001569/1003908.html","施設案内 本庁舎案内","施設案内 本庁舎案内｜西尾市公式ウェブサイト 当ホームページではjavascriptを使用しています。 javascriptの使用を有効にしなければ、一部の機能が正確に動作しない恐れがあります。お手数ですがjavascriptの使用を有効にしてください。 エンターキーを押すと、ナビゲーション部分をスキップし本文へ移動します。 サイトマップ Select Language English 中文（简体字） 中文（繁體字） 한국어 Portu"
"西尾市","medium","31","西尾市LINE公式アカウント","https://www.city.nishio.aichi.jp/shisei/koho/1001522/1008038/1004955.html","西尾市LINE公式アカウント","西尾市LINE公式アカウント｜西尾市公式ウェブサイト 当ホームページではjavascriptを使用しています。 javascriptの使用を有効にしなければ、一部の機能が正確に動作しない恐れがあります。お手数ですがjavascriptの使用を有効にしてください。 エンターキーを押すと、ナビゲーション部分をスキップし本文へ移動します。 サイトマップ Select Language English 中文（简体字） 中文（繁體字） 한국어 P"
"西尾市","medium","31","施設案内 子育て・多世代交流プラザ","https://www.city.nishio.aichi.jp/shisetsu/kosodate/1003932.html","子育て・多世代交流プラザ","施設案内 子育て・多世代交流プラザ｜西尾市公式ウェブサイト 当ホームページではjavascriptを使用しています。 javascriptの使用を有効にしなければ、一部の機能が正確に動作しない恐れがあります。お手数ですがjavascriptの使用を有効にしてください。 エンターキーを押すと、ナビゲーション部分をスキップし本文へ移動します。 サイトマップ Select Language English 中文（简体字） 中文（繁體字） 한국"
"西尾市","medium","31","認可外保育施設","https://www.city.nishio.aichi.jp/kosodate/hoikuen/1005134/1002374.html","認可外保育施設","認可外保育施設｜西尾市公式ウェブサイト 当ホームページではjavascriptを使用しています。 javascriptの使用を有効にしなければ、一部の機能が正確に動作しない恐れがあります。お手数ですがjavascriptの使用を有効にしてください。 エンターキーを押すと、ナビゲーション部分をスキップし本文へ移動します。 サイトマップ Select Language English 中文（简体字） 中文（繁體字） 한국어 Portuguê"
"西尾市","medium","31","人権相談","https://www.city.nishio.aichi.jp/kurashi/danjo/1005157/1002282.html","人権相談","人権相談｜西尾市公式ウェブサイト 当ホームページではjavascriptを使用しています。 javascriptの使用を有効にしなければ、一部の機能が正確に動作しない恐れがあります。お手数ですがjavascriptの使用を有効にしてください。 エンターキーを押すと、ナビゲーション部分をスキップし本文へ移動します。 サイトマップ Select Language English 中文（简体字） 中文（繁體字） 한국어 Português T"
"西尾市","medium","31","8020運動","https://www.city.nishio.aichi.jp/kenkofukushi/kenshin/1008281/1008283/1002454.html","8020運動","8020運動｜西尾市公式ウェブサイト 当ホームページではjavascriptを使用しています。 javascriptの使用を有効にしなければ、一部の機能が正確に動作しない恐れがあります。お手数ですがjavascriptの使用を有効にしてください。 エンターキーを押すと、ナビゲーション部分をスキップし本文へ移動します。 サイトマップ Select Language English 中文（简体字） 中文（繁體字） 한국어 Português"
"蒲郡市","medium","31","医療・保健・福祉施設 - 愛知県蒲郡市公式ホームページ","https://www.city.gamagori.lg.jp/life/1/49/82/","医療・保健・福祉施設","医療・保健・福祉施設 - 愛知県蒲郡市公式ホームページ ページの先頭です。 メニューを飛ばして本文へ メニュー 検索 JavaScriptが無効のため、文字の大きさ・背景色を変更する機能を使用できません。 本文へ Foreign language 音声読み上げ ふりがな 閲覧補助 文字サイズ 拡大 標準 背景色 白 黒 青 閉じる 休日・救急医療 安心・ひろめーる AED設置場所 緊急・防災情報 くらし・手続 防災・安全安心 マイナンバ"
"蒲郡市","medium","31","学校・保育園・子育て支援施設に関する情報 - 愛知県蒲郡市公式ホームページ","https://www.city.gamagori.lg.jp/life/13/84/304/","学校・保育園・子育て支援施設に関する情報","学校・保育園・子育て支援施設に関する情報 - 愛知県蒲郡市公式ホームページ ページの先頭です。 メニューを飛ばして本文へ メニュー 検索 JavaScriptが無効のため、文字の大きさ・背景色を変更する機能を使用できません。 本文へ Foreign language 音声読み上げ ふりがな 閲覧補助 文字サイズ 拡大 標準 背景色 白 黒 青 閉じる 休日・救急医療 安心・ひろめーる AED設置場所 緊急・防災情報 くらし・手続 防災・"
"蒲郡市","medium","31","障害年金 - 愛知県蒲郡市公式ホームページ","https://www.city.gamagori.lg.jp/site/shogaifukushi/kisonenkin.html","障害年金","障害年金 - 愛知県蒲郡市公式ホームページ ページの先頭です。 メニューを飛ばして本文へ メニュー 検索 JavaScriptが無効のため、文字の大きさ・背景色を変更する機能を使用できません。 本文へ Foreign language 音声読み上げ ふりがな 閲覧補助 文字サイズ 拡大 標準 背景色 白 黒 青 閉じる 休日・救急医療 安心・ひろめーる AED設置場所 緊急・防災情報 くらし・手続 防災・安全安心 マイナンバーカード・電"
"蒲郡市","medium","31","介護事業者向け新型コロナウイルス対応状況チェックリストについて - 愛知県蒲郡市公式ホームページ","https://www.city.gamagori.lg.jp/unit/choju/korona-check.html","介護事業者向け新型コロナウイルス対応状況チェックリストについて","介護事業者向け新型コロナウイルス対応状況チェックリストについて - 愛知県蒲郡市公式ホームページ ページの先頭です。 メニューを飛ばして本文へ メニュー 検索 JavaScriptが無効のため、文字の大きさ・背景色を変更する機能を使用できません。 本文へ Foreign language 音声読み上げ ふりがな 閲覧補助 文字サイズ 拡大 標準 背景色 白 黒 青 閉じる 休日・救急医療 安心・ひろめーる AED設置場所 緊急・防災情報"
"蒲郡市","medium","31","職員人事・採用 - 愛知県蒲郡市公式ホームページ","https://www.city.gamagori.lg.jp/life/3/63/","職員人事・採用","職員人事・採用 - 愛知県蒲郡市公式ホームページ ページの先頭です。 メニューを飛ばして本文へ メニュー 検索 JavaScriptが無効のため、文字の大きさ・背景色を変更する機能を使用できません。 本文へ Foreign language 音声読み上げ ふりがな 閲覧補助 文字サイズ 拡大 標準 背景色 白 黒 青 閉じる 休日・救急医療 安心・ひろめーる AED設置場所 緊急・防災情報 くらし・手続 防災・安全安心 マイナンバーカー"
"蒲郡市","medium","31","お探しのページを見つけることができませんでした。- 愛知県蒲郡市公式ホームページ","https://www.city.gamagori.lg.jp/site/living/akiya.html","空き家情報","お探しのページを見つけることができませんでした。- 愛知県蒲郡市公式ホームページ ページの先頭です。 メニューを飛ばして本文へ メニュー 検索 JavaScriptが無効のため、文字の大きさ・背景色を変更する機能を使用できません。 本文へ Foreign language 音声読み上げ ふりがな 閲覧補助 文字サイズ 拡大 標準 背景色 白 黒 青 閉じる 休日・救急医療 安心・ひろめーる AED設置場所 緊急・防災情報 くらし・手続 "
"蒲郡市","medium","31","お探しのページを見つけることができませんでした。- 愛知県蒲郡市公式ホームページ","https://www.city.gamagori.lg.jp/site/job/shigoto.html","就職・起業支援","お探しのページを見つけることができませんでした。- 愛知県蒲郡市公式ホームページ ページの先頭です。 メニューを飛ばして本文へ メニュー 検索 JavaScriptが無効のため、文字の大きさ・背景色を変更する機能を使用できません。 本文へ Foreign language 音声読み上げ ふりがな 閲覧補助 文字サイズ 拡大 標準 背景色 白 黒 青 閉じる 休日・救急医療 安心・ひろめーる AED設置場所 緊急・防災情報 くらし・手続 "
"蒲郡市","medium","31","イベント（トップページ） - 愛知県蒲郡市公式ホームページ","https://www.city.gamagori.lg.jp/unit/list6-1.html","イベント（トップページ）","イベント（トップページ） - 愛知県蒲郡市公式ホームページ ページの先頭です。 メニューを飛ばして本文へ メニュー 検索 JavaScriptが無効のため、文字の大きさ・背景色を変更する機能を使用できません。 本文へ Foreign language 音声読み上げ ふりがな 閲覧補助 文字サイズ 拡大 標準 背景色 白 黒 青 閉じる 休日・救急医療 安心・ひろめーる AED設置場所 緊急・防災情報 くらし・手続 防災・安全安心 マイナ"
"蒲郡市","medium","31","地図でさがす - 愛知県蒲郡市公式ホームページ","https://www.city.gamagori.lg.jp/map/list/list82.html","医療・保健・福祉施設","地図でさがす - 愛知県蒲郡市公式ホームページ ページの先頭です。 メニューを飛ばして本文へ メニュー 検索 JavaScriptが無効のため、文字の大きさ・背景色を変更する機能を使用できません。 本文へ Foreign language 音声読み上げ ふりがな 閲覧補助 文字サイズ 拡大 標準 背景色 白 黒 青 閉じる 休日・救急医療 安心・ひろめーる AED設置場所 緊急・防災情報 くらし・手続 防災・安全安心 マイナンバーカード"
"蒲郡市","medium","31","イベントカレンダー - 愛知県蒲郡市公式ホームページ","https://www.city.gamagori.lg.jp/calendar/","イベントカレンダー","イベントカレンダー - 愛知県蒲郡市公式ホームページ ページの先頭です。 メニューを飛ばして本文へ メニュー 検索 JavaScriptが無効のため、文字の大きさ・背景色を変更する機能を使用できません。 本文へ Foreign language 音声読み上げ ふりがな 閲覧補助 文字サイズ 拡大 標準 背景色 白 黒 青 閉じる 休日・救急医療 安心・ひろめーる AED設置場所 緊急・防災情報 くらし・手続 防災・安全安心 マイナンバー"
"蒲郡市","medium","31","住宅・土地 - 愛知県蒲郡市公式ホームページ","https://www.city.gamagori.lg.jp/life/sub/5/37/","住宅・土地","住宅・土地 - 愛知県蒲郡市公式ホームページ ページの先頭です。 メニューを飛ばして本文へ メニュー 検索 JavaScriptが無効のため、文字の大きさ・背景色を変更する機能を使用できません。 本文へ Foreign language 音声読み上げ ふりがな 閲覧補助 文字サイズ 拡大 標準 背景色 白 黒 青 閉じる 休日・救急医療 安心・ひろめーる AED設置場所 緊急・防災情報 くらし・手続 防災・安全安心 マイナンバーカード・"
"蒲郡市","medium","31","福祉 - 愛知県蒲郡市公式ホームページ","https://www.city.gamagori.lg.jp/life/sub/5/91/","福祉","福祉 - 愛知県蒲郡市公式ホームページ ページの先頭です。 メニューを飛ばして本文へ メニュー 検索 JavaScriptが無効のため、文字の大きさ・背景色を変更する機能を使用できません。 本文へ Foreign language 音声読み上げ ふりがな 閲覧補助 文字サイズ 拡大 標準 背景色 白 黒 青 閉じる 休日・救急医療 安心・ひろめーる AED設置場所 緊急・防災情報 くらし・手続 防災・安全安心 マイナンバーカード・電子証"
"蒲郡市","medium","31","通学区域 - 愛知県蒲郡市公式ホームページ","https://www.city.gamagori.lg.jp/life/12/4/321/","通学区域","通学区域 - 愛知県蒲郡市公式ホームページ ページの先頭です。 メニューを飛ばして本文へ メニュー 検索 JavaScriptが無効のため、文字の大きさ・背景色を変更する機能を使用できません。 本文へ Foreign language 音声読み上げ ふりがな 閲覧補助 文字サイズ 拡大 標準 背景色 白 黒 青 閉じる 休日・救急医療 安心・ひろめーる AED設置場所 緊急・防災情報 くらし・手続 防災・安全安心 マイナンバーカード・電"
"蒲郡市","medium","31","予防接種助成金申請書兼請求書 [Wordファイル／23KB]","https://www.city.gamagori.lg.jp/uploaded/attachment/72389.docx","予防接種助成金申請書兼請求書 [Wordファイル／23KB]","PK     ! �D���  -   [Content_Types].xml �(�                                                                                                                                                                    "
"蒲郡市","medium","31","東海地震警戒宣言時の対応（強化地域内） - 緊急情報 - 愛知県蒲郡市公式ホームページ","https://www.city.gamagori.lg.jp/site/kinkyu/keikaisengenji.html","東海地震警戒宣言時の対応（強化地域内）","東海地震警戒宣言時の対応（強化地域内） - 緊急情報 - 愛知県蒲郡市公式ホームページ ページの先頭です。 メニューを飛ばして本文へ メニュー 検索 JavaScriptが無効のため、文字の大きさ・背景色を変更する機能を使用できません。 本文へ Foreign language 音声読み上げ ふりがな 閲覧補助 文字サイズ 拡大 標準 背景色 白 黒 青 閉じる 休日・救急医療 安心・ひろめーる AED設置場所 緊急・防災情報 くらし・"
"蒲郡市","medium","31","東海地震・東南海・南海地震等の被害予測調査結果概要（平成２６年５月３０日発表） - 愛知県蒲郡市公式ホームページ","https://www.city.gamagori.lg.jp/unit/kikikanri/h260530soutei.html","東海地震・東南海・南海地震等の被害予測調査結果概要（平成２６年５月３０日発表）","東海地震・東南海・南海地震等の被害予測調査結果概要（平成２６年５月３０日発表） - 愛知県蒲郡市公式ホームページ ページの先頭です。 メニューを飛ばして本文へ メニュー 検索 JavaScriptが無効のため、文字の大きさ・背景色を変更する機能を使用できません。 本文へ Foreign language 音声読み上げ ふりがな 閲覧補助 文字サイズ 拡大 標準 背景色 白 黒 青 閉じる 休日・救急医療 安心・ひろめーる AED設置場所"
"蒲郡市","medium","31","南海トラフ地震臨時情報発表時の対応について - 緊急情報 - 愛知県蒲郡市公式ホームページ","https://www.city.gamagori.lg.jp/site/kinkyu/nankaitorahu-rinjijoho.html","南海トラフ地震臨時情報発表時の対応について","南海トラフ地震臨時情報発表時の対応について - 緊急情報 - 愛知県蒲郡市公式ホームページ ページの先頭です。 メニューを飛ばして本文へ メニュー 検索 JavaScriptが無効のため、文字の大きさ・背景色を変更する機能を使用できません。 本文へ Foreign language 音声読み上げ ふりがな 閲覧補助 文字サイズ 拡大 標準 背景色 白 黒 青 閉じる 休日・救急医療 安心・ひろめーる AED設置場所 緊急・防災情報 くら"
"蒲郡市","medium","31","耐震性貯水槽設置場所 - 愛知県蒲郡市公式ホームページ","https://www.city.gamagori.lg.jp/unit/kikikanri/taishin.html","耐震性貯水槽設置場所","耐震性貯水槽設置場所 - 愛知県蒲郡市公式ホームページ ページの先頭です。 メニューを飛ばして本文へ メニュー 検索 JavaScriptが無効のため、文字の大きさ・背景色を変更する機能を使用できません。 本文へ Foreign language 音声読み上げ ふりがな 閲覧補助 文字サイズ 拡大 標準 背景色 白 黒 青 閉じる 休日・救急医療 安心・ひろめーる AED設置場所 緊急・防災情報 くらし・手続 防災・安全安心 マイナンバ"
"蒲郡市","medium","31","あんしん住宅情報提供システム - 愛知県蒲郡市公式ホームページ","https://www.city.gamagori.lg.jp/unit/kenchiku/zyutakuzyohoteikyou.html","あんしん住宅情報提供システム","あんしん住宅情報提供システム - 愛知県蒲郡市公式ホームページ ページの先頭です。 メニューを飛ばして本文へ メニュー 検索 JavaScriptが無効のため、文字の大きさ・背景色を変更する機能を使用できません。 本文へ Foreign language 音声読み上げ ふりがな 閲覧補助 文字サイズ 拡大 標準 背景色 白 黒 青 閉じる 休日・救急医療 安心・ひろめーる AED設置場所 緊急・防災情報 くらし・手続 防災・安全安心 マ"
"蒲郡市","medium","31","蒲郡市指定給水装置工事事業者（地区別） - 水道課 - 愛知県蒲郡市公式ホームページ","https://www.city.gamagori.lg.jp/site/suido/kojiten.html","蒲郡市指定給水装置工事事業者","蒲郡市指定給水装置工事事業者（地区別） - 水道課 - 愛知県蒲郡市公式ホームページ ページの先頭です。 メニューを飛ばして本文へ メニュー 検索 JavaScriptが無効のため、文字の大きさ・背景色を変更する機能を使用できません。 本文へ Foreign language 音声読み上げ ふりがな 閲覧補助 文字サイズ 拡大 標準 背景色 白 黒 青 閉じる 休日・救急医療 安心・ひろめーる AED設置場所 緊急・防災情報 くらし・手"
"蒲郡市","medium","31","福祉 - 愛知県蒲郡市公式ホームページ","https://www.city.gamagori.lg.jp/life/sub/9/91/","福祉","福祉 - 愛知県蒲郡市公式ホームページ ページの先頭です。 メニューを飛ばして本文へ メニュー 検索 JavaScriptが無効のため、文字の大きさ・背景色を変更する機能を使用できません。 本文へ Foreign language 音声読み上げ ふりがな 閲覧補助 文字サイズ 拡大 標準 背景色 白 黒 青 閉じる 休日・救急医療 安心・ひろめーる AED設置場所 緊急・防災情報 くらし・手続 防災・安全安心 マイナンバーカード・電子証"
"蒲郡市","medium","31","医療・保健施設 - 愛知県蒲郡市公式ホームページ","https://www.city.gamagori.lg.jp/life/sub/9/96/","医療・保健施設","医療・保健施設 - 愛知県蒲郡市公式ホームページ ページの先頭です。 メニューを飛ばして本文へ メニュー 検索 JavaScriptが無効のため、文字の大きさ・背景色を変更する機能を使用できません。 本文へ Foreign language 音声読み上げ ふりがな 閲覧補助 文字サイズ 拡大 標準 背景色 白 黒 青 閉じる 休日・救急医療 安心・ひろめーる AED設置場所 緊急・防災情報 くらし・手続 防災・安全安心 マイナンバーカー"
"豊田市","medium","30","子育て支援バンク事業","https://www.city.toyota.aichi.jp/kosodategakko/ninshin/1073642/1008492/index.html","子育て支援バンク事業","子育て支援バンク事業｜豊田市 当ホームページではjavascriptを使用しています。 javascriptの使用を有効にしなければ、一部の機能が正確に動作しない恐れがあります。お手数ですがjavascriptの使用を有効にしてください。 エンターキーを押すと、ナビゲーション部分をスキップし本文へ移動します。 豊田市 TOYOTA CITY サイト メニュー 庁舎案内 Select Language Afrikaans Albanian"
"豊田市","medium","30","他自治体・地域・被災者等への災害支援","https://www.city.toyota.aichi.jp/bosaianzen/bosai/1029983/index.html","他自治体・地域・被災者等への災害支援","他自治体・地域・被災者等への災害支援｜豊田市 当ホームページではjavascriptを使用しています。 javascriptの使用を有効にしなければ、一部の機能が正確に動作しない恐れがあります。お手数ですがjavascriptの使用を有効にしてください。 エンターキーを押すと、ナビゲーション部分をスキップし本文へ移動します。 豊田市 TOYOTA CITY サイト メニュー 庁舎案内 Select Language Afrikaans "
"豊田市","medium","30","長期優良住宅認定制度","https://www.city.toyota.aichi.jp/sumaikankyo/sumaitochi/kaoku/1051413/index.html","長期優良住宅認定制度","長期優良住宅認定制度｜豊田市 当ホームページではjavascriptを使用しています。 javascriptの使用を有効にしなければ、一部の機能が正確に動作しない恐れがあります。お手数ですがjavascriptの使用を有効にしてください。 エンターキーを押すと、ナビゲーション部分をスキップし本文へ移動します。 豊田市 TOYOTA CITY サイト メニュー 庁舎案内 Select Language Afrikaans Albanian"
"豊田市","medium","30","妊娠したら","https://www.city.toyota.aichi.jp/kosodategakko/ninshin/1073749/index.html","妊娠したら","妊娠したら｜豊田市 当ホームページではjavascriptを使用しています。 javascriptの使用を有効にしなければ、一部の機能が正確に動作しない恐れがあります。お手数ですがjavascriptの使用を有効にしてください。 エンターキーを押すと、ナビゲーション部分をスキップし本文へ移動します。 豊田市 TOYOTA CITY サイト メニュー 庁舎案内 Select Language Afrikaans Albanian Amha"
"安城市","medium","30","安城市","https://www.city.anjo.aichi.jp/manabu/gakko/shogaku/index.html","奨学金・補助金","安城市／奨学金・補助金 このサイトではJavaScriptを使用したコンテンツ・機能を提供しています。JavaScriptを有効にするとご利用いただけます。 本文へスキップします。 安城市 受け継ぐ想いを 未来へ届ける 望遠郷 サイト内検索 ページID検索 設定 文字サイズ・色合い変更 Language メニュー 閉じる 緊急 情報 緊急情報 閉じる ホーム 生活・サービス 教育・学習 観光・文化・スポーツ 産業・入札 市政情報 ホーム"
"安城市","medium","30","安城市","https://www.city.anjo.aichi.jp/shisei/jouhou-hassin/koe-kohyo.html","「市民の声」の公表","安城市／「市民の声」の公表 このサイトではJavaScriptを使用したコンテンツ・機能を提供しています。JavaScriptを有効にするとご利用いただけます。 本文へスキップします。 安城市 受け継ぐ想いを 未来へ届ける 望遠郷 サイト内検索 ページID検索 設定 文字サイズ・色合い変更 Language メニュー 閉じる 緊急 情報 緊急情報 閉じる ホーム 生活・サービス 教育・学習 観光・文化・スポーツ 産業・入札 市政情報 ホ"
"安城市","medium","30","安城市","https://www.city.anjo.aichi.jp/kurasu/bika/index.html","環境保全・美化","安城市／環境保全・美化 このサイトではJavaScriptを使用したコンテンツ・機能を提供しています。JavaScriptを有効にするとご利用いただけます。 本文へスキップします。 安城市 受け継ぐ想いを 未来へ届ける 望遠郷 サイト内検索 ページID検索 設定 文字サイズ・色合い変更 Language メニュー 閉じる 緊急 情報 緊急情報 閉じる ホーム 生活・サービス 教育・学習 観光・文化・スポーツ 産業・入札 市政情報 ホーム"
"安城市","medium","30","安城市","https://www.city.anjo.aichi.jp/manabu/shinchaku/index.html","新着情報","安城市／新着情報 このサイトではJavaScriptを使用したコンテンツ・機能を提供しています。JavaScriptを有効にするとご利用いただけます。 本文へスキップします。 安城市 受け継ぐ想いを 未来へ届ける 望遠郷 サイト内検索 ページID検索 設定 文字サイズ・色合い変更 Language メニュー 閉じる 緊急 情報 緊急情報 閉じる ホーム 生活・サービス 教育・学習 観光・文化・スポーツ 産業・入札 市政情報 ホーム > "
"安城市","medium","30","安城市","https://www.city.anjo.aichi.jp/zigyo/syoko/kigyoricchi/index.html","企業立地推進","安城市／企業立地推進 このサイトではJavaScriptを使用したコンテンツ・機能を提供しています。JavaScriptを有効にするとご利用いただけます。 本文へスキップします。 安城市 受け継ぐ想いを 未来へ届ける 望遠郷 サイト内検索 ページID検索 設定 文字サイズ・色合い変更 Language メニュー 閉じる 緊急 情報 緊急情報 閉じる ホーム 生活・サービス 教育・学習 観光・文化・スポーツ 産業・入札 市政情報 ホーム "
"西尾市","medium","30","くらし・手続き","https://www.city.nishio.aichi.jp/kurashi/index.html","くらし・手続き","くらし・手続き｜西尾市公式ウェブサイト 当ホームページではjavascriptを使用しています。 javascriptの使用を有効にしなければ、一部の機能が正確に動作しない恐れがあります。お手数ですがjavascriptの使用を有効にしてください。 エンターキーを押すと、ナビゲーション部分をスキップし本文へ移動します。 サイトマップ Select Language English 中文（简体字） 中文（繁體字） 한국어 Portuguê"
"西尾市","medium","30","よくある質問 子どもの医療費受給者証をなくしてしまったのですが、再交付してもらえますか？","https://www.city.nishio.aichi.jp/faq/kosodae/1004224.html","子どもの医療費受給者証をなくしてしまったのですが、再交付してもらえますか？","よくある質問 子どもの医療費受給者証をなくしてしまったのですが、再交付してもらえますか？｜西尾市公式ウェブサイト 当ホームページではjavascriptを使用しています。 javascriptの使用を有効にしなければ、一部の機能が正確に動作しない恐れがあります。お手数ですがjavascriptの使用を有効にしてください。 エンターキーを押すと、ナビゲーション部分をスキップし本文へ移動します。 サイトマップ Select Language"
"西尾市","medium","30","よくある質問 母子健康手帳は、妊婦本人以外でも交付してもらえますか？","https://www.city.nishio.aichi.jp/faq/kosodae/1004227.html","母子健康手帳は、妊婦本人以外でも交付してもらえますか？","よくある質問 母子健康手帳は、妊婦本人以外でも交付してもらえますか？｜西尾市公式ウェブサイト 当ホームページではjavascriptを使用しています。 javascriptの使用を有効にしなければ、一部の機能が正確に動作しない恐れがあります。お手数ですがjavascriptの使用を有効にしてください。 エンターキーを押すと、ナビゲーション部分をスキップし本文へ移動します。 サイトマップ Select Language English 中"
"西尾市","medium","30","よくある質問 他市町村から転入してきました。小さい子どもがいますが、予防接種や健診に関して何か手続きをすることはありますか？","https://www.city.nishio.aichi.jp/faq/kosodae/1004229.html","他市町村から転入してきました。小さい子どもがいますが、予防接種や健診に関して何か手続きをすることはありますか？","よくある質問 他市町村から転入してきました。小さい子どもがいますが、予防接種や健診に関して何か手続きをすることはありますか？｜西尾市公式ウェブサイト 当ホームページではjavascriptを使用しています。 javascriptの使用を有効にしなければ、一部の機能が正確に動作しない恐れがあります。お手数ですがjavascriptの使用を有効にしてください。 エンターキーを押すと、ナビゲーション部分をスキップし本文へ移動します。 サイトマ"
"西尾市","medium","30","よくある質問 子どもの予防接種はどのような流れで受けられますか？","https://www.city.nishio.aichi.jp/faq/kosodae/1004230.html","子どもの予防接種はどのような流れで受けられますか？","よくある質問 子どもの予防接種はどのような流れで受けられますか？｜西尾市公式ウェブサイト 当ホームページではjavascriptを使用しています。 javascriptの使用を有効にしなければ、一部の機能が正確に動作しない恐れがあります。お手数ですがjavascriptの使用を有効にしてください。 エンターキーを押すと、ナビゲーション部分をスキップし本文へ移動します。 サイトマップ Select Language English 中文（"
"西尾市","medium","30","よくある質問 子どもの予防接種には何がありますか？","https://www.city.nishio.aichi.jp/faq/kosodae/1004231.html","子どもの予防接種には何がありますか？","よくある質問 子どもの予防接種には何がありますか？｜西尾市公式ウェブサイト 当ホームページではjavascriptを使用しています。 javascriptの使用を有効にしなければ、一部の機能が正確に動作しない恐れがあります。お手数ですがjavascriptの使用を有効にしてください。 エンターキーを押すと、ナビゲーション部分をスキップし本文へ移動します。 サイトマップ Select Language English 中文（简体字） 中文"
"西尾市","medium","30","よくある質問 子育てで困っていますが、どこへ相談すればいいですか？","https://www.city.nishio.aichi.jp/faq/kosodae/1004235.html","子育てで困っていますが、どこへ相談すればいいですか？","よくある質問 子育てで困っていますが、どこへ相談すればいいですか？｜西尾市公式ウェブサイト 当ホームページではjavascriptを使用しています。 javascriptの使用を有効にしなければ、一部の機能が正確に動作しない恐れがあります。お手数ですがjavascriptの使用を有効にしてください。 エンターキーを押すと、ナビゲーション部分をスキップし本文へ移動します。 サイトマップ Select Language English 中文"
"西尾市","medium","30","よくある質問 子育て支援センターは、市外の人でも利用できますか？","https://www.city.nishio.aichi.jp/faq/kosodae/1004242.html","子育て支援センターは、市外の人でも利用できますか？","よくある質問 子育て支援センターは、市外の人でも利用できますか？｜西尾市公式ウェブサイト 当ホームページではjavascriptを使用しています。 javascriptの使用を有効にしなければ、一部の機能が正確に動作しない恐れがあります。お手数ですがjavascriptの使用を有効にしてください。 エンターキーを押すと、ナビゲーション部分をスキップし本文へ移動します。 サイトマップ Select Language English 中文（"
"西尾市","medium","30","よくある質問 子育て支援センターは、生後何ヶ月くらいから利用できますか？","https://www.city.nishio.aichi.jp/faq/kosodae/1004244.html","子育て支援センターは、生後何ヶ月くらいから利用できますか？","よくある質問 子育て支援センターは、生後何ヶ月くらいから利用できますか？｜西尾市公式ウェブサイト 当ホームページではjavascriptを使用しています。 javascriptの使用を有効にしなければ、一部の機能が正確に動作しない恐れがあります。お手数ですがjavascriptの使用を有効にしてください。 エンターキーを押すと、ナビゲーション部分をスキップし本文へ移動します。 サイトマップ Select Language English"
"西尾市","medium","30","り災証明","https://www.city.nishio.aichi.jp/kurashi/shobo/1011521/index.html","り災証明","り災証明｜西尾市公式ウェブサイト 当ホームページではjavascriptを使用しています。 javascriptの使用を有効にしなければ、一部の機能が正確に動作しない恐れがあります。お手数ですがjavascriptの使用を有効にしてください。 エンターキーを押すと、ナビゲーション部分をスキップし本文へ移動します。 サイトマップ Select Language English 中文（简体字） 中文（繁體字） 한국어 Português T"
"蒲郡市","medium","30","省エネ新築住宅 | 蒲郡市 住宅、不動産","https://www.e-kdl.com/pages/28/","省エネ新築住宅","省エネ新築住宅 | 蒲郡市 住宅、不動産｜ケイディーエル 本文へ移動 省エネ新築住宅 | 蒲郡市 住宅、不動産｜ケイディーエル ～家づくりは夢づくり～ Build a house is to have a dream!! フリーアクセス Tel.0800-200-8852 新築・リフォーム ■家づくりは、夢づくり 家をつくる理由 家をつくる第一歩 家づくりの流れ ■KDLが創る「新築エコ住宅」 ZEH(ネットゼロエネルギーハウス)とは？"
"刈谷市","medium","29","雨水貯留浸透施設補助金（申請書類一式） （Word 29.7KB）","https://www.city.kariya.lg.jp/_res/projects/default_project/_page_/001/004/732/hojyokinsinse-syo.docx","雨水貯留浸透施設補助金（申請書類一式） （Word 29.7KB）","PK     ! ��v��  =    [Content_Types].xml �(�                                                                                                                                                                    "
"刈谷市","medium","29","補助金申請書等記入例・図面見本 （Word 119.2KB）","https://www.city.kariya.lg.jp/_res/projects/default_project/_page_/001/004/732/kinyurei-zumenmihon.docx","補助金申請書等記入例・図面見本 （Word 119.2KB）","PK     ! �l���  �    [Content_Types].xml �(�                                                                                                                                                                    "
"豊田市","medium","29","国民健康保険税・介護保険料・後期高齢者医療保険料の「納付済額（社会保険料控除額）」について","https://www.city.toyota.aichi.jp/zeihoken/kokuho/1009123/1033358.html","国民健康保険税・介護保険料・後期高齢者医療保険料の「納付済額（社会保険料控除額）」について","国民健康保険税・介護保険料・後期高齢者医療保険料の「納付済額（社会保険料控除額）」について｜豊田市 当ホームページではjavascriptを使用しています。 javascriptの使用を有効にしなければ、一部の機能が正確に動作しない恐れがあります。お手数ですがjavascriptの使用を有効にしてください。 エンターキーを押すと、ナビゲーション部分をスキップし本文へ移動します。 豊田市 TOYOTA CITY サイト メニュー 庁舎案内"
"豊田市","medium","29","後期高齢者医療 保険料の納期限・納付場所","https://www.city.toyota.aichi.jp/zeihoken/koreishairyo/1073342/1003285.html","後期高齢者医療 保険料の納期限・納付場所","後期高齢者医療 保険料の納期限・納付場所｜豊田市 当ホームページではjavascriptを使用しています。 javascriptの使用を有効にしなければ、一部の機能が正確に動作しない恐れがあります。お手数ですがjavascriptの使用を有効にしてください。 エンターキーを押すと、ナビゲーション部分をスキップし本文へ移動します。 豊田市 TOYOTA CITY サイト メニュー 庁舎案内 Select Language Afrikaan"
"豊田市","medium","29","介護保険サービス事業者等運営指導及び有料老人ホーム等立入検査 事前提出資料・業務管理体制点検表","https://www.city.toyota.aichi.jp/sangyo/tetsuzuki/1073633/hukushi/1054254.html","介護保険サービス事業者等運営指導及び有料老人ホーム等立入検査 事前提出資料・業務管理体制点検表","介護保険サービス事業者等運営指導及び有料老人ホーム等立入検査 事前提出資料・業務管理体制点検表｜豊田市 当ホームページではjavascriptを使用しています。 javascriptの使用を有効にしなければ、一部の機能が正確に動作しない恐れがあります。お手数ですがjavascriptの使用を有効にしてください。 エンターキーを押すと、ナビゲーション部分をスキップし本文へ移動します。 豊田市 TOYOTA CITY サイト メニュー 庁舎"
"豊田市","medium","29","生活保護法による指定医療・指定介護機関申請手続き（医療機関・介護事業所等専用）","https://www.city.toyota.aichi.jp/sangyo/tetsuzuki/1073634/iryou/1004160.html","生活保護法による指定医療・指定介護機関申請手続き（医療機関・介護事業所等専用）","生活保護法による指定医療・指定介護機関申請手続き（医療機関・介護事業所等専用）｜豊田市 当ホームページではjavascriptを使用しています。 javascriptの使用を有効にしなければ、一部の機能が正確に動作しない恐れがあります。お手数ですがjavascriptの使用を有効にしてください。 エンターキーを押すと、ナビゲーション部分をスキップし本文へ移動します。 豊田市 TOYOTA CITY サイト メニュー 庁舎案内 Selec"
"豊田市","medium","29","社会福祉法人の現況報告書等の提出及び公表について","https://www.city.toyota.aichi.jp/shisei/joho/1005131.html","社会福祉法人の現況報告書等の提出及び公表について","社会福祉法人の現況報告書等の提出及び公表について｜豊田市 当ホームページではjavascriptを使用しています。 javascriptの使用を有効にしなければ、一部の機能が正確に動作しない恐れがあります。お手数ですがjavascriptの使用を有効にしてください。 エンターキーを押すと、ナビゲーション部分をスキップし本文へ移動します。 豊田市 TOYOTA CITY サイト メニュー 庁舎案内 Select Language Afri"
"豊田市","medium","29","二十歳のつどい","https://www.city.toyota.aichi.jp/kosodategakko/seishonen/1073330/1002786.html","二十歳のつどい","二十歳のつどい｜豊田市 当ホームページではjavascriptを使用しています。 javascriptの使用を有効にしなければ、一部の機能が正確に動作しない恐れがあります。お手数ですがjavascriptの使用を有効にしてください。 エンターキーを押すと、ナビゲーション部分をスキップし本文へ移動します。 豊田市 TOYOTA CITY サイト メニュー 庁舎案内 Select Language Afrikaans Albanian Am"
"豊田市","medium","29","手話で市役所に電話ができる聴覚障がい者用サービス「手話リンク」","https://www.city.toyota.aichi.jp/kenkoiryo/shogai/1073267/1030036/1072042.html","手話で市役所に電話ができる聴覚障がい者用サービス「手話リンク」","手話で市役所に電話ができる聴覚障がい者用サービス「手話リンク」｜豊田市 当ホームページではjavascriptを使用しています。 javascriptの使用を有効にしなければ、一部の機能が正確に動作しない恐れがあります。お手数ですがjavascriptの使用を有効にしてください。 エンターキーを押すと、ナビゲーション部分をスキップし本文へ移動します。 豊田市 TOYOTA CITY サイト メニュー 庁舎案内 Select Langua"
"豊田市","medium","29","精神保健福祉相談","https://www.city.toyota.aichi.jp/kenkoiryo/shogai/1073267/1030036/1003064.html","精神保健福祉相談","精神保健福祉相談｜豊田市 当ホームページではjavascriptを使用しています。 javascriptの使用を有効にしなければ、一部の機能が正確に動作しない恐れがあります。お手数ですがjavascriptの使用を有効にしてください。 エンターキーを押すと、ナビゲーション部分をスキップし本文へ移動します。 豊田市 TOYOTA CITY サイト メニュー 庁舎案内 Select Language Afrikaans Albanian A"
"豊田市","medium","29","障がい者への虐待防止について","https://www.city.toyota.aichi.jp/kenkoiryo/shogai/1073267/1030036/1003223.html","障がい者への虐待防止について","障がい者への虐待防止について｜豊田市 当ホームページではjavascriptを使用しています。 javascriptの使用を有効にしなければ、一部の機能が正確に動作しない恐れがあります。お手数ですがjavascriptの使用を有効にしてください。 エンターキーを押すと、ナビゲーション部分をスキップし本文へ移動します。 豊田市 TOYOTA CITY サイト メニュー 庁舎案内 Select Language Afrikaans Alba"
"豊田市","medium","29","豊田市役所 東庁舎のご案内","https://www.city.toyota.aichi.jp/shisei/shisetsu/madoguchi/shiyakusyo/1006730/1007478.html","豊田市役所 東庁舎のご案内","豊田市役所 東庁舎のご案内｜豊田市 当ホームページではjavascriptを使用しています。 javascriptの使用を有効にしなければ、一部の機能が正確に動作しない恐れがあります。お手数ですがjavascriptの使用を有効にしてください。 エンターキーを押すと、ナビゲーション部分をスキップし本文へ移動します。 豊田市 TOYOTA CITY サイト メニュー 庁舎案内 Select Language Afrikaans Alban"
"豊田市","medium","29","バリアフリー ピクトグラム（絵文字）の説明","https://www.city.toyota.aichi.jp/shisei/shisetsu/1029261.html","バリアフリー ピクトグラム（絵文字）の説明","バリアフリー ピクトグラム（絵文字）の説明｜豊田市 当ホームページではjavascriptを使用しています。 javascriptの使用を有効にしなければ、一部の機能が正確に動作しない恐れがあります。お手数ですがjavascriptの使用を有効にしてください。 エンターキーを押すと、ナビゲーション部分をスキップし本文へ移動します。 豊田市 TOYOTA CITY サイト メニュー 庁舎案内 Select Language Afrikaa"
"豊田市","medium","29","災害時の給水","https://www.city.toyota.aichi.jp/bosaianzen/bosai/1073249/1031854/1002455.html","災害時の給水","災害時の給水｜豊田市 当ホームページではjavascriptを使用しています。 javascriptの使用を有効にしなければ、一部の機能が正確に動作しない恐れがあります。お手数ですがjavascriptの使用を有効にしてください。 エンターキーを押すと、ナビゲーション部分をスキップし本文へ移動します。 豊田市 TOYOTA CITY サイト メニュー 庁舎案内 Select Language Afrikaans Albanian Amh"
"豊田市","medium","29","低体重児出生届","https://www.city.toyota.aichi.jp/kosodategakko/ninshin/1073750/1003335.html","低体重児出生届","低体重児出生届｜豊田市 当ホームページではjavascriptを使用しています。 javascriptの使用を有効にしなければ、一部の機能が正確に動作しない恐れがあります。お手数ですがjavascriptの使用を有効にしてください。 エンターキーを押すと、ナビゲーション部分をスキップし本文へ移動します。 豊田市 TOYOTA CITY サイト メニュー 庁舎案内 Select Language Afrikaans Albanian Am"
"安城市","medium","29","安城市","https://www.city.anjo.aichi.jp/kurasu/fukushikaigo/iryo/index.html","医療助成制度","安城市／医療助成制度 このサイトではJavaScriptを使用したコンテンツ・機能を提供しています。JavaScriptを有効にするとご利用いただけます。 本文へスキップします。 安城市 受け継ぐ想いを 未来へ届ける 望遠郷 サイト内検索 ページID検索 設定 文字サイズ・色合い変更 Language メニュー 閉じる 緊急 情報 緊急情報 閉じる ホーム 生活・サービス 教育・学習 観光・文化・スポーツ 産業・入札 市政情報 ホーム "
"安城市","medium","29","安城市","https://www.city.anjo.aichi.jp/kurasu/hokennenkin/nenkin/nenkinsienkyuuhukin.html","国民年金の加入手続・保険料免除申請","安城市／マイナポータルによる国民年金の加入手続・保険料免除申請 このサイトではJavaScriptを使用したコンテンツ・機能を提供しています。JavaScriptを有効にするとご利用いただけます。 本文へスキップします。 安城市 受け継ぐ想いを 未来へ届ける 望遠郷 サイト内検索 ページID検索 設定 文字サイズ・色合い変更 Language メニュー 閉じる 緊急 情報 緊急情報 閉じる ホーム 生活・サービス 教育・学習 観光・文化"
"安城市","medium","29","安城市","https://www.city.anjo.aichi.jp/takarakuji/jyoseidantai.html","コミュニティ助成事業","安城市／宝くじ助成金（コミュニティ助成金） このサイトではJavaScriptを使用したコンテンツ・機能を提供しています。JavaScriptを有効にするとご利用いただけます。 本文へスキップします。 安城市 受け継ぐ想いを 未来へ届ける 望遠郷 サイト内検索 ページID検索 設定 文字サイズ・色合い変更 Language メニュー 閉じる 緊急 情報 緊急情報 閉じる ホーム 生活・サービス 教育・学習 観光・文化・スポーツ 産業・入"
"西尾市","medium","29","② 補助金交付申請書兼実績報告書 （Word 30.1KB）","https://www.city.nishio.aichi.jp/_res/projects/default_project/_page_/001/004/503/2026_2_hojyokinkoufusinseisyokenjissekihoukokusyo.docx","② 補助金交付申請書兼実績報告書 （Word 30.1KB）","PK     ! v��z�  �   [Content_Types].xml �(�                                                                                                                                                                    "
"西尾市","medium","29","小中学校への転入学手続き","https://www.city.nishio.aichi.jp/kosodate/gakko/1002396.html","小中学校への転入学手続き","小中学校への転入学手続き｜西尾市公式ウェブサイト 当ホームページではjavascriptを使用しています。 javascriptの使用を有効にしなければ、一部の機能が正確に動作しない恐れがあります。お手数ですがjavascriptの使用を有効にしてください。 エンターキーを押すと、ナビゲーション部分をスキップし本文へ移動します。 サイトマップ Select Language English 中文（简体字） 中文（繁體字） 한국어 Por"
"蒲郡市","medium","29","子育て・教育文化 - 愛知県蒲郡市公式ホームページ","https://www.city.gamagori.lg.jp/life/12/","子育て・教育文化","子育て・教育文化 - 愛知県蒲郡市公式ホームページ ページの先頭です。 メニューを飛ばして本文へ メニュー 検索 JavaScriptが無効のため、文字の大きさ・背景色を変更する機能を使用できません。 本文へ Foreign language 音声読み上げ ふりがな 閲覧補助 文字サイズ 拡大 標準 背景色 白 黒 青 閉じる 休日・救急医療 安心・ひろめーる AED設置場所 緊急・防災情報 くらし・手続 防災・安全安心 マイナンバーカ"
"蒲郡市","medium","29","緊急情報 - 愛知県蒲郡市公式ホームページ","https://www.city.gamagori.lg.jp/site/kinkyu/","緊急情報","緊急情報 - 愛知県蒲郡市公式ホームページ ページの先頭です。 メニューを飛ばして本文へ メニュー 検索 JavaScriptが無効のため、文字の大きさ・背景色を変更する機能を使用できません。 本文へ Foreign language 音声読み上げ ふりがな 閲覧補助 文字サイズ 拡大 標準 背景色 白 黒 青 閉じる 休日・救急医療 安心・ひろめーる AED設置場所 緊急・防災情報 くらし・手続 防災・安全安心 マイナンバーカード・電"
"蒲郡市","medium","29","マイナンバーカード・電子証明書 - 愛知県蒲郡市公式ホームページ","https://www.city.gamagori.lg.jp/life/1/85/","マイナンバーカード・電子証明書","マイナンバーカード・電子証明書 - 愛知県蒲郡市公式ホームページ ページの先頭です。 メニューを飛ばして本文へ メニュー 検索 JavaScriptが無効のため、文字の大きさ・背景色を変更する機能を使用できません。 本文へ Foreign language 音声読み上げ ふりがな 閲覧補助 文字サイズ 拡大 標準 背景色 白 黒 青 閉じる 休日・救急医療 安心・ひろめーる AED設置場所 緊急・防災情報 くらし・手続 防災・安全安心 "
"蒲郡市","medium","29","感染症対策 - 愛知県蒲郡市公式ホームページ","https://www.city.gamagori.lg.jp/life/13/92/","感染症対策","感染症対策 - 愛知県蒲郡市公式ホームページ ページの先頭です。 メニューを飛ばして本文へ メニュー 検索 JavaScriptが無効のため、文字の大きさ・背景色を変更する機能を使用できません。 本文へ Foreign language 音声読み上げ ふりがな 閲覧補助 文字サイズ 拡大 標準 背景色 白 黒 青 閉じる 休日・救急医療 安心・ひろめーる AED設置場所 緊急・防災情報 くらし・手続 防災・安全安心 マイナンバーカード・"
"蒲郡市","medium","29","子育て支援センター施設利用について - 中央子育て支援センター - 愛知県蒲郡市公式ホームページ","https://www.city.gamagori.lg.jp/site/chuoukosodate/kosodateshiensennta-shiseturiyounituite.html","子育て支援センター施設利用について","子育て支援センター施設利用について - 中央子育て支援センター - 愛知県蒲郡市公式ホームページ ページの先頭です。 メニューを飛ばして本文へ メニュー 検索 JavaScriptが無効のため、文字の大きさ・背景色を変更する機能を使用できません。 本文へ Foreign language 音声読み上げ ふりがな 閲覧補助 文字サイズ 拡大 標準 背景色 白 黒 青 閉じる 休日・救急医療 安心・ひろめーる AED設置場所 緊急・防災情報"
"蒲郡市","medium","29","蒲郡市庁舎空調省エネ設備設置業務委託に係る入札について - 愛知県蒲郡市公式ホームページ","https://www.city.gamagori.lg.jp/unit/gyosei/kuchoshoene.html","蒲郡市庁舎空調省エネ設備設置業務委託に係る入札について","蒲郡市庁舎空調省エネ設備設置業務委託に係る入札について - 愛知県蒲郡市公式ホームページ ページの先頭です。 メニューを飛ばして本文へ メニュー 検索 JavaScriptが無効のため、文字の大きさ・背景色を変更する機能を使用できません。 本文へ Foreign language 音声読み上げ ふりがな 閲覧補助 文字サイズ 拡大 標準 背景色 白 黒 青 閉じる 休日・救急医療 安心・ひろめーる AED設置場所 緊急・防災情報 くらし"
"蒲郡市","medium","29","広報・PR - 愛知県蒲郡市公式ホームページ","https://www.city.gamagori.lg.jp/life/3/62/","広報・PR","広報・PR - 愛知県蒲郡市公式ホームページ ページの先頭です。 メニューを飛ばして本文へ メニュー 検索 JavaScriptが無効のため、文字の大きさ・背景色を変更する機能を使用できません。 本文へ Foreign language 音声読み上げ ふりがな 閲覧補助 文字サイズ 拡大 標準 背景色 白 黒 青 閉じる 休日・救急医療 安心・ひろめーる AED設置場所 緊急・防災情報 くらし・手続 防災・安全安心 マイナンバーカード・"
"蒲郡市","medium","29","本庁に用意のある補助道具の紹介 - 愛知県蒲郡市公式ホームページ","https://www.city.gamagori.lg.jp/unit/gyosei/silvercar.html","本庁に用意のある補助道具の紹介","本庁に用意のある補助道具の紹介 - 愛知県蒲郡市公式ホームページ ページの先頭です。 メニューを飛ばして本文へ メニュー 検索 JavaScriptが無効のため、文字の大きさ・背景色を変更する機能を使用できません。 本文へ Foreign language 音声読み上げ ふりがな 閲覧補助 文字サイズ 拡大 標準 背景色 白 黒 青 閉じる 休日・救急医療 安心・ひろめーる AED設置場所 緊急・防災情報 くらし・手続 防災・安全安心 "
"蒲郡市","medium","29","観光ガイド - 愛知県蒲郡市公式ホームページ","https://www.city.gamagori.lg.jp/life/4/75/","観光ガイド","観光ガイド - 愛知県蒲郡市公式ホームページ ページの先頭です。 メニューを飛ばして本文へ メニュー 検索 JavaScriptが無効のため、文字の大きさ・背景色を変更する機能を使用できません。 本文へ Foreign language 音声読み上げ ふりがな 閲覧補助 文字サイズ 拡大 標準 背景色 白 黒 青 閉じる 休日・救急医療 安心・ひろめーる AED設置場所 緊急・防災情報 くらし・手続 防災・安全安心 マイナンバーカード・"
"蒲郡市","medium","29","蒲郡市立図書館 - 愛知県蒲郡市公式ホームページ","https://www.city.gamagori.lg.jp/site/toshokan/","蒲郡市立図書館","蒲郡市立図書館 - 愛知県蒲郡市公式ホームページ ページの先頭です。 メニューを飛ばして本文へ メニュー 検索 JavaScriptが無効のため、文字の大きさ・背景色を変更する機能を使用できません。 本文へ Foreign language 音声読み上げ ふりがな 閲覧補助 文字サイズ 拡大 標準 背景色 白 黒 青 閉じる 休日・救急医療 安心・ひろめーる AED設置場所 緊急・防災情報 くらし・手続 防災・安全安心 マイナンバーカー"
"蒲郡市","medium","29","名鉄西尾・蒲郡線 - 愛知県蒲郡市公式ホームページ","https://www.city.gamagori.lg.jp/site/meitetsunisiogamagori/","名鉄西尾・蒲郡線","名鉄西尾・蒲郡線 - 愛知県蒲郡市公式ホームページ ページの先頭です。 メニューを飛ばして本文へ メニュー 検索 JavaScriptが無効のため、文字の大きさ・背景色を変更する機能を使用できません。 本文へ Foreign language 音声読み上げ ふりがな 閲覧補助 文字サイズ 拡大 標準 背景色 白 黒 青 閉じる 休日・救急医療 安心・ひろめーる AED設置場所 緊急・防災情報 くらし・手続 防災・安全安心 マイナンバーカ"
"蒲郡市","medium","29","【7/13更新】蒲郡市生涯学習推進計画2027策定委託業務受託候補者選定のための公募型プロポーザルの結果について - 愛知県蒲郡市公式ホームページ","https://www.city.gamagori.lg.jp/unit/gakushu/gakushu-proposal.html","【7/13更新】蒲郡市生涯学習推進計画2027策定委託業務受託候補者選定のための公募型プロポーザルの結果について","【7/13更新】蒲郡市生涯学習推進計画2027策定委託業務受託候補者選定のための公募型プロポーザルの結果について - 愛知県蒲郡市公式ホームページ ページの先頭です。 メニューを飛ばして本文へ メニュー 検索 JavaScriptが無効のため、文字の大きさ・背景色を変更する機能を使用できません。 本文へ Foreign language 音声読み上げ ふりがな 閲覧補助 文字サイズ 拡大 標準 背景色 白 黒 青 閉じる 休日・救急医療"
"蒲郡市","medium","29","地図でさがす - 愛知県蒲郡市公式ホームページ","https://www.city.gamagori.lg.jp/map/","地図でさがす","地図でさがす - 愛知県蒲郡市公式ホームページ ページの先頭です。 メニューを飛ばして本文へ メニュー 検索 JavaScriptが無効のため、文字の大きさ・背景色を変更する機能を使用できません。 本文へ Foreign language 音声読み上げ ふりがな 閲覧補助 文字サイズ 拡大 標準 背景色 白 黒 青 閉じる 休日・救急医療 安心・ひろめーる AED設置場所 緊急・防災情報 くらし・手続 防災・安全安心 マイナンバーカード"
"蒲郡市","medium","29","組織でさがす - 愛知県蒲郡市公式ホームページ","https://www.city.gamagori.lg.jp/unit/","組織でさがす","組織でさがす - 愛知県蒲郡市公式ホームページ ページの先頭です。 メニューを飛ばして本文へ メニュー 検索 JavaScriptが無効のため、文字の大きさ・背景色を変更する機能を使用できません。 本文へ Foreign language 音声読み上げ ふりがな 閲覧補助 文字サイズ 拡大 標準 背景色 白 黒 青 閉じる 休日・救急医療 安心・ひろめーる AED設置場所 緊急・防災情報 くらし・手続 防災・安全安心 マイナンバーカード"
"蒲郡市","medium","29","ご不幸があった際に必要な情報をまとめています - 愛知県蒲郡市公式ホームページ","https://www.city.gamagori.lg.jp/site/okuyami/","ご不幸があった際に必要な情報をまとめています","ご不幸があった際に必要な情報をまとめています - 愛知県蒲郡市公式ホームページ ページの先頭です。 メニューを飛ばして本文へ メニュー 検索 JavaScriptが無効のため、文字の大きさ・背景色を変更する機能を使用できません。 本文へ Foreign language 音声読み上げ ふりがな 閲覧補助 文字サイズ 拡大 標準 背景色 白 黒 青 閉じる 休日・救急医療 安心・ひろめーる AED設置場所 緊急・防災情報 くらし・手続 防"
"蒲郡市","medium","29","お探しのページを見つけることができませんでした。- 愛知県蒲郡市公式ホームページ","https://www.city.gamagori.lg.jp/site/chojuka/koureisyakeikaku9.html","高齢者福祉計画","お探しのページを見つけることができませんでした。- 愛知県蒲郡市公式ホームページ ページの先頭です。 メニューを飛ばして本文へ メニュー 検索 JavaScriptが無効のため、文字の大きさ・背景色を変更する機能を使用できません。 本文へ Foreign language 音声読み上げ ふりがな 閲覧補助 文字サイズ 拡大 標準 背景色 白 黒 青 閉じる 休日・救急医療 安心・ひろめーる AED設置場所 緊急・防災情報 くらし・手続 "
"蒲郡市","medium","29","市長の部屋 - 愛知県蒲郡市公式ホームページ","https://www.city.gamagori.lg.jp/site/shicho/","市長の部屋","市長の部屋 - 愛知県蒲郡市公式ホームページ ページの先頭です。 メニューを飛ばして本文へ メニュー 検索 JavaScriptが無効のため、文字の大きさ・背景色を変更する機能を使用できません。 本文へ Foreign language 音声読み上げ ふりがな 閲覧補助 文字サイズ 拡大 標準 背景色 白 黒 青 閉じる 休日・救急医療 安心・ひろめーる AED設置場所 緊急・防災情報 くらし・手続 防災・安全安心 マイナンバーカード・"
"蒲郡市","medium","29","お問い合わせ - 愛知県蒲郡市公式ホームページ","https://www.city.gamagori.lg.jp/form/detail.php?sec_sec1=16&check","お問い合わせ","お問い合わせ - 愛知県蒲郡市公式ホームページ ページの先頭です。 メニューを飛ばして本文へ メニュー 検索 JavaScriptが無効のため、文字の大きさ・背景色を変更する機能を使用できません。 本文へ Foreign language 音声読み上げ ふりがな 閲覧補助 文字サイズ 拡大 標準 背景色 白 黒 青 閉じる 休日・救急医療 安心・ひろめーる AED設置場所 緊急・防災情報 くらし・手続 防災・安全安心 マイナンバーカード"
"蒲郡市","medium","29","蒲郡市役所について - 愛知県蒲郡市公式ホームページ","https://www.city.gamagori.lg.jp/unit/gyosei/access.html","蒲郡市役所について","蒲郡市役所について - 愛知県蒲郡市公式ホームページ ページの先頭です。 メニューを飛ばして本文へ メニュー 検索 JavaScriptが無効のため、文字の大きさ・背景色を変更する機能を使用できません。 本文へ Foreign language 音声読み上げ ふりがな 閲覧補助 文字サイズ 拡大 標準 背景色 白 黒 青 閉じる 休日・救急医療 安心・ひろめーる AED設置場所 緊急・防災情報 くらし・手続 防災・安全安心 マイナンバー"
"蒲郡市","medium","29","蒲郡市の紹介 - 愛知県蒲郡市公式ホームページ","https://www.city.gamagori.lg.jp/unit/gyosei/introduction.html","蒲郡市の紹介","蒲郡市の紹介 - 愛知県蒲郡市公式ホームページ ページの先頭です。 メニューを飛ばして本文へ メニュー 検索 JavaScriptが無効のため、文字の大きさ・背景色を変更する機能を使用できません。 本文へ Foreign language 音声読み上げ ふりがな 閲覧補助 文字サイズ 拡大 標準 背景色 白 黒 青 閉じる 休日・救急医療 安心・ひろめーる AED設置場所 緊急・防災情報 くらし・手続 防災・安全安心 マイナンバーカード"
"蒲郡市","medium","29","妊娠出産・子育て - 愛知県蒲郡市公式ホームページ","https://www.city.gamagori.lg.jp/life/sub/5/43/","妊娠出産・子育て","妊娠出産・子育て - 愛知県蒲郡市公式ホームページ ページの先頭です。 メニューを飛ばして本文へ メニュー 検索 JavaScriptが無効のため、文字の大きさ・背景色を変更する機能を使用できません。 本文へ Foreign language 音声読み上げ ふりがな 閲覧補助 文字サイズ 拡大 標準 背景色 白 黒 青 閉じる 休日・救急医療 安心・ひろめーる AED設置場所 緊急・防災情報 くらし・手続 防災・安全安心 マイナンバーカ"
"蒲郡市","medium","29","後期高齢者医療 - 愛知県蒲郡市公式ホームページ","https://www.city.gamagori.lg.jp/life/13/90/356/","後期高齢者医療","後期高齢者医療 - 愛知県蒲郡市公式ホームページ ページの先頭です。 メニューを飛ばして本文へ メニュー 検索 JavaScriptが無効のため、文字の大きさ・背景色を変更する機能を使用できません。 本文へ Foreign language 音声読み上げ ふりがな 閲覧補助 文字サイズ 拡大 標準 背景色 白 黒 青 閉じる 休日・救急医療 安心・ひろめーる AED設置場所 緊急・防災情報 くらし・手続 防災・安全安心 マイナンバーカー"
"蒲郡市","medium","29","お問い合わせ - 愛知県蒲郡市公式ホームページ","https://www.city.gamagori.lg.jp/form/detail.php?sec_sec1=153&lif_id=250612&check","お問い合わせ","お問い合わせ - 愛知県蒲郡市公式ホームページ ページの先頭です。 メニューを飛ばして本文へ メニュー 検索 JavaScriptが無効のため、文字の大きさ・背景色を変更する機能を使用できません。 本文へ Foreign language 音声読み上げ ふりがな 閲覧補助 文字サイズ 拡大 標準 背景色 白 黒 青 閉じる 休日・救急医療 安心・ひろめーる AED設置場所 緊急・防災情報 くらし・手続 防災・安全安心 マイナンバーカード"
"蒲郡市","medium","29","ウェブアクセシビリティの達成基準チェックリスト - このサイトの使い方 - 愛知県蒲郡市公式ホームページ","https://www.city.gamagori.lg.jp/site/site/accessibility4.html","ウェブアクセシビリティの達成基準チェックリスト","ウェブアクセシビリティの達成基準チェックリスト - このサイトの使い方 - 愛知県蒲郡市公式ホームページ ページの先頭です。 メニューを飛ばして本文へ メニュー 検索 JavaScriptが無効のため、文字の大きさ・背景色を変更する機能を使用できません。 本文へ Foreign language 音声読み上げ ふりがな 閲覧補助 文字サイズ 拡大 標準 背景色 白 黒 青 閉じる 休日・救急医療 安心・ひろめーる AED設置場所 緊急・"
"蒲郡市","medium","29","子育てコンシェルジュの部屋 - 愛知県蒲郡市公式ホームページ","https://www.city.gamagori.lg.jp/site/konnsyeruzyu/","子育てコンシェルジュ","子育てコンシェルジュの部屋 - 愛知県蒲郡市公式ホームページ ページの先頭です。 メニューを飛ばして本文へ メニュー 検索 JavaScriptが無効のため、文字の大きさ・背景色を変更する機能を使用できません。 本文へ Foreign language 音声読み上げ ふりがな 閲覧補助 文字サイズ 拡大 標準 背景色 白 黒 青 閉じる 休日・救急医療 安心・ひろめーる AED設置場所 緊急・防災情報 くらし・手続 防災・安全安心 マイ"
"蒲郡市","medium","29","蒲郡市任意予防接種費用助成金交付要綱.pdf [PDFファイル／80KB]","https://www.city.gamagori.lg.jp/uploaded/attachment/105169.pdf","蒲郡市任意予防接種費用助成金交付要綱.pdf [PDFファイル／80KB]",""
"蒲郡市","medium","29","蒲郡市インフルエンザ予防接種費用助成金交付要綱 [PDFファイル／77KB]","https://www.city.gamagori.lg.jp/uploaded/attachment/105161.pdf","蒲郡市インフルエンザ予防接種費用助成金交付要綱 [PDFファイル／77KB]",""
"蒲郡市","medium","29","オンライン診療・服薬指導 - 愛知県蒲郡市公式ホームページ","https://www.city.gamagori.lg.jp/site/medical-online/","オンライン診療・服薬指導","オンライン診療・服薬指導 - 愛知県蒲郡市公式ホームページ ページの先頭です。 メニューを飛ばして本文へ メニュー 検索 JavaScriptが無効のため、文字の大きさ・背景色を変更する機能を使用できません。 本文へ Foreign language 音声読み上げ ふりがな 閲覧補助 文字サイズ 拡大 標準 背景色 白 黒 青 閉じる 休日・救急医療 安心・ひろめーる AED設置場所 緊急・防災情報 くらし・手続 防災・安全安心 マイナ"
"蒲郡市","medium","29","蒲郡市任意予防接種費用助成金交付要綱","https://www.city.gamagori.lg.jp/uploaded/attachment/105154.pdf","蒲郡市任意予防接種費用助成金交付要綱",""
"蒲郡市","medium","29","蒲郡市インフルエンザ予防接種費用助成金交付要綱","https://www.city.gamagori.lg.jp/uploaded/attachment/105156.pdf","蒲郡市インフルエンザ予防接種費用助成金交付要綱",""
"蒲郡市","medium","29","蒲郡市災害時医療等継続支援事業費補助金交付要綱","https://www.city.gamagori.lg.jp/uploaded/attachment/111880.pdf","蒲郡市災害時医療等継続支援事業費補助金交付要綱",""
"蒲郡市","medium","29","過去の配信情報 - 緊急情報 - 愛知県蒲郡市公式ホームページ","https://www.city.gamagori.lg.jp/site/kinkyu/kakomail.html","過去の配信情報","過去の配信情報 - 緊急情報 - 愛知県蒲郡市公式ホームページ ページの先頭です。 メニューを飛ばして本文へ メニュー 検索 JavaScriptが無効のため、文字の大きさ・背景色を変更する機能を使用できません。 本文へ Foreign language 音声読み上げ ふりがな 閲覧補助 文字サイズ 拡大 標準 背景色 白 黒 青 閉じる 休日・救急医療 安心・ひろめーる AED設置場所 緊急・防災情報 くらし・手続 防災・安全安心 マ"
"蒲郡市","medium","29","蒲郡市災害対策本部 - 緊急情報 - 愛知県蒲郡市公式ホームページ","https://www.city.gamagori.lg.jp/site/kinkyu/saigaitaisakuhonbu.html","蒲郡市災害対策本部","蒲郡市災害対策本部 - 緊急情報 - 愛知県蒲郡市公式ホームページ ページの先頭です。 メニューを飛ばして本文へ メニュー 検索 JavaScriptが無効のため、文字の大きさ・背景色を変更する機能を使用できません。 本文へ Foreign language 音声読み上げ ふりがな 閲覧補助 文字サイズ 拡大 標準 背景色 白 黒 青 閉じる 休日・救急医療 安心・ひろめーる AED設置場所 緊急・防災情報 くらし・手続 防災・安全安心"
"蒲郡市","medium","29","誰もが使用できる街頭消火器 - 蒲郡市消防本部 - 愛知県蒲郡市公式ホームページ","https://www.city.gamagori.lg.jp/site/shobo/gaitousyukaki.html","誰もが使用できる街頭消火器","誰もが使用できる街頭消火器 - 蒲郡市消防本部 - 愛知県蒲郡市公式ホームページ ページの先頭です。 メニューを飛ばして本文へ メニュー 検索 JavaScriptが無効のため、文字の大きさ・背景色を変更する機能を使用できません。 本文へ Foreign language 音声読み上げ ふりがな 閲覧補助 文字サイズ 拡大 標準 背景色 白 黒 青 閉じる 休日・救急医療 安心・ひろめーる AED設置場所 緊急・防災情報 くらし・手続 "
"蒲郡市","medium","29","ＮＴＴ災害用伝言ダイヤル「１７１」及びブロードバンド伝言板（web171）の体験利用について - 緊急情報 - 愛知県蒲郡市公式ホームページ","https://www.city.gamagori.lg.jp/site/kinkyu/dengondaiyaru.html","ＮＴＴ災害用伝言ダイヤル「１７１」及びブロードバンド伝言板（web171）の体験利用について","ＮＴＴ災害用伝言ダイヤル「１７１」及びブロードバンド伝言板（web171）の体験利用について - 緊急情報 - 愛知県蒲郡市公式ホームページ ページの先頭です。 メニューを飛ばして本文へ メニュー 検索 JavaScriptが無効のため、文字の大きさ・背景色を変更する機能を使用できません。 本文へ Foreign language 音声読み上げ ふりがな 閲覧補助 文字サイズ 拡大 標準 背景色 白 黒 青 閉じる 休日・救急医療 安心"
"蒲郡市","medium","29","住まいが被害を受けたら - 緊急情報 - 愛知県蒲郡市公式ホームページ","https://www.city.gamagori.lg.jp/site/kinkyu/sumai-higai.html","住まいが被害を受けたら","住まいが被害を受けたら - 緊急情報 - 愛知県蒲郡市公式ホームページ ページの先頭です。 メニューを飛ばして本文へ メニュー 検索 JavaScriptが無効のため、文字の大きさ・背景色を変更する機能を使用できません。 本文へ Foreign language 音声読み上げ ふりがな 閲覧補助 文字サイズ 拡大 標準 背景色 白 黒 青 閉じる 休日・救急医療 安心・ひろめーる AED設置場所 緊急・防災情報 くらし・手続 防災・安全"
"蒲郡市","medium","29","洪水への備え - 緊急情報 - 愛知県蒲郡市公式ホームページ","https://www.city.gamagori.lg.jp/site/kinkyu/ko-saigai-sonae.html","洪水への備え","洪水への備え - 緊急情報 - 愛知県蒲郡市公式ホームページ ページの先頭です。 メニューを飛ばして本文へ メニュー 検索 JavaScriptが無効のため、文字の大きさ・背景色を変更する機能を使用できません。 本文へ Foreign language 音声読み上げ ふりがな 閲覧補助 文字サイズ 拡大 標準 背景色 白 黒 青 閉じる 休日・救急医療 安心・ひろめーる AED設置場所 緊急・防災情報 くらし・手続 防災・安全安心 マイ"
"蒲郡市","medium","29","台風への備え - 緊急情報 - 愛知県蒲郡市公式ホームページ","https://www.city.gamagori.lg.jp/site/kinkyu/tai-saigai-sonae.html","台風への備え","台風への備え - 緊急情報 - 愛知県蒲郡市公式ホームページ ページの先頭です。 メニューを飛ばして本文へ メニュー 検索 JavaScriptが無効のため、文字の大きさ・背景色を変更する機能を使用できません。 本文へ Foreign language 音声読み上げ ふりがな 閲覧補助 文字サイズ 拡大 標準 背景色 白 黒 青 閉じる 休日・救急医療 安心・ひろめーる AED設置場所 緊急・防災情報 くらし・手続 防災・安全安心 マイ"
"蒲郡市","medium","29","消防車出動情報について - 蒲郡市消防本部 - 愛知県蒲郡市公式ホームページ","https://www.city.gamagori.lg.jp/site/shobo/shutudoujouhou.html","消防車出動情報について","消防車出動情報について - 蒲郡市消防本部 - 愛知県蒲郡市公式ホームページ ページの先頭です。 メニューを飛ばして本文へ メニュー 検索 JavaScriptが無効のため、文字の大きさ・背景色を変更する機能を使用できません。 本文へ Foreign language 音声読み上げ ふりがな 閲覧補助 文字サイズ 拡大 標準 背景色 白 黒 青 閉じる 休日・救急医療 安心・ひろめーる AED設置場所 緊急・防災情報 くらし・手続 防災"
"蒲郡市","medium","29","災害関連情報 - 緊急情報 - 愛知県蒲郡市公式ホームページ","https://www.city.gamagori.lg.jp/site/kinkyu/saigaikanren.html","災害関連情報","災害関連情報 - 緊急情報 - 愛知県蒲郡市公式ホームページ ページの先頭です。 メニューを飛ばして本文へ メニュー 検索 JavaScriptが無効のため、文字の大きさ・背景色を変更する機能を使用できません。 本文へ Foreign language 音声読み上げ ふりがな 閲覧補助 文字サイズ 拡大 標準 背景色 白 黒 青 閉じる 休日・救急医療 安心・ひろめーる AED設置場所 緊急・防災情報 くらし・手続 防災・安全安心 マイ"
"蒲郡市","medium","29","国道・県道の通行止めに関する情報 - 緊急情報 - 愛知県蒲郡市公式ホームページ","https://www.city.gamagori.lg.jp/site/kinkyu/koku-ken-tsuukoudome.html","国道・県道の通行止めに関する情報","国道・県道の通行止めに関する情報 - 緊急情報 - 愛知県蒲郡市公式ホームページ ページの先頭です。 メニューを飛ばして本文へ メニュー 検索 JavaScriptが無効のため、文字の大きさ・背景色を変更する機能を使用できません。 本文へ Foreign language 音声読み上げ ふりがな 閲覧補助 文字サイズ 拡大 標準 背景色 白 黒 青 閉じる 休日・救急医療 安心・ひろめーる AED設置場所 緊急・防災情報 くらし・手続 "
"蒲郡市","medium","29","JR線・名鉄線の運行状況 - 緊急情報 - 愛知県蒲郡市公式ホームページ","https://www.city.gamagori.lg.jp/site/kinkyu/jr-meitetsu-jokyo.html","JR線・名鉄線の運行状況","JR線・名鉄線の運行状況 - 緊急情報 - 愛知県蒲郡市公式ホームページ ページの先頭です。 メニューを飛ばして本文へ メニュー 検索 JavaScriptが無効のため、文字の大きさ・背景色を変更する機能を使用できません。 本文へ Foreign language 音声読み上げ ふりがな 閲覧補助 文字サイズ 拡大 標準 背景色 白 黒 青 閉じる 休日・救急医療 安心・ひろめーる AED設置場所 緊急・防災情報 くらし・手続 防災・安"
"蒲郡市","medium","29","全国瞬時警報システム J-ALERT（ジェイ・アラート） - 緊急情報 - 愛知県蒲郡市公式ホームページ","https://www.city.gamagori.lg.jp/site/kinkyu/j-alert.html","全国瞬時警報システム J-ALERT（ジェイ・アラート）","全国瞬時警報システム J-ALERT（ジェイ・アラート） - 緊急情報 - 愛知県蒲郡市公式ホームページ ページの先頭です。 メニューを飛ばして本文へ メニュー 検索 JavaScriptが無効のため、文字の大きさ・背景色を変更する機能を使用できません。 本文へ Foreign language 音声読み上げ ふりがな 閲覧補助 文字サイズ 拡大 標準 背景色 白 黒 青 閉じる 休日・救急医療 安心・ひろめーる AED設置場所 緊急・"
"蒲郡市","medium","29","深溝断層図を見ることができます - 緊急情報 - 愛知県蒲郡市公式ホームページ","https://www.city.gamagori.lg.jp/site/kinkyu/hukozudanso.html","深溝断層図を見ることができます","深溝断層図を見ることができます - 緊急情報 - 愛知県蒲郡市公式ホームページ ページの先頭です。 メニューを飛ばして本文へ メニュー 検索 JavaScriptが無効のため、文字の大きさ・背景色を変更する機能を使用できません。 本文へ Foreign language 音声読み上げ ふりがな 閲覧補助 文字サイズ 拡大 標準 背景色 白 黒 青 閉じる 休日・救急医療 安心・ひろめーる AED設置場所 緊急・防災情報 くらし・手続 防"
"蒲郡市","medium","29","標高（海抜）を調べることができます - 緊急情報 - 愛知県蒲郡市公式ホームページ","https://www.city.gamagori.lg.jp/site/kinkyu/kaibatsu.html","標高（海抜）を調べることができます","標高（海抜）を調べることができます - 緊急情報 - 愛知県蒲郡市公式ホームページ ページの先頭です。 メニューを飛ばして本文へ メニュー 検索 JavaScriptが無効のため、文字の大きさ・背景色を変更する機能を使用できません。 本文へ Foreign language 音声読み上げ ふりがな 閲覧補助 文字サイズ 拡大 標準 背景色 白 黒 青 閉じる 休日・救急医療 安心・ひろめーる AED設置場所 緊急・防災情報 くらし・手続"
"蒲郡市","medium","29","お問い合わせ - 愛知県蒲郡市公式ホームページ","https://www.city.gamagori.lg.jp/form/detail.php?sec_sec1=133&lif_id=346609&check","お問い合わせ","お問い合わせ - 愛知県蒲郡市公式ホームページ ページの先頭です。 メニューを飛ばして本文へ メニュー 検索 JavaScriptが無効のため、文字の大きさ・背景色を変更する機能を使用できません。 本文へ Foreign language 音声読み上げ ふりがな 閲覧補助 文字サイズ 拡大 標準 背景色 白 黒 青 閉じる 休日・救急医療 安心・ひろめーる AED設置場所 緊急・防災情報 くらし・手続 防災・安全安心 マイナンバーカード"
"蒲郡市","medium","29","災害への備えについて - 愛知県蒲郡市公式ホームページ","https://www.city.gamagori.lg.jp/unit/kikikanri/saigai-sonae.html","災害への備えについて","災害への備えについて - 愛知県蒲郡市公式ホームページ ページの先頭です。 メニューを飛ばして本文へ メニュー 検索 JavaScriptが無効のため、文字の大きさ・背景色を変更する機能を使用できません。 本文へ Foreign language 音声読み上げ ふりがな 閲覧補助 文字サイズ 拡大 標準 背景色 白 黒 青 閉じる 休日・救急医療 安心・ひろめーる AED設置場所 緊急・防災情報 くらし・手続 防災・安全安心 マイナンバ"
"蒲郡市","medium","29","お問い合わせ - 愛知県蒲郡市公式ホームページ","https://www.city.gamagori.lg.jp/form/detail.php?sec_sec1=133&lif_id=349911&check","お問い合わせ","お問い合わせ - 愛知県蒲郡市公式ホームページ ページの先頭です。 メニューを飛ばして本文へ メニュー 検索 JavaScriptが無効のため、文字の大きさ・背景色を変更する機能を使用できません。 本文へ Foreign language 音声読み上げ ふりがな 閲覧補助 文字サイズ 拡大 標準 背景色 白 黒 青 閉じる 休日・救急医療 安心・ひろめーる AED設置場所 緊急・防災情報 くらし・手続 防災・安全安心 マイナンバーカード"
"蒲郡市","medium","29","分類でさがす - 愛知県蒲郡市公式ホームページ","https://www.city.gamagori.lg.jp/life/","分類でさがす","分類でさがす - 愛知県蒲郡市公式ホームページ ページの先頭です。 メニューを飛ばして本文へ メニュー 検索 JavaScriptが無効のため、文字の大きさ・背景色を変更する機能を使用できません。 本文へ Foreign language 音声読み上げ ふりがな 閲覧補助 文字サイズ 拡大 標準 背景色 白 黒 青 閉じる 休日・救急医療 安心・ひろめーる AED設置場所 緊急・防災情報 くらし・手続 防災・安全安心 マイナンバーカード"
"蒲郡市","medium","29","住宅用附属家の認定について - 愛知県蒲郡市公式ホームページ","https://www.city.gamagori.lg.jp/unit/zeimu/fuzokuya.html","住宅用附属家の認定について","住宅用附属家の認定について - 愛知県蒲郡市公式ホームページ ページの先頭です。 メニューを飛ばして本文へ メニュー 検索 JavaScriptが無効のため、文字の大きさ・背景色を変更する機能を使用できません。 本文へ Foreign language 音声読み上げ ふりがな 閲覧補助 文字サイズ 拡大 標準 背景色 白 黒 青 閉じる 休日・救急医療 安心・ひろめーる AED設置場所 緊急・防災情報 くらし・手続 防災・安全安心 マイ"
"蒲郡市","medium","29","公売 - 愛知県蒲郡市公式ホームページ","https://www.city.gamagori.lg.jp/life/1/41/238/","公売","公売 - 愛知県蒲郡市公式ホームページ ページの先頭です。 メニューを飛ばして本文へ メニュー 検索 JavaScriptが無効のため、文字の大きさ・背景色を変更する機能を使用できません。 本文へ Foreign language 音声読み上げ ふりがな 閲覧補助 文字サイズ 拡大 標準 背景色 白 黒 青 閉じる 休日・救急医療 安心・ひろめーる AED設置場所 緊急・防災情報 くらし・手続 防災・安全安心 マイナンバーカード・電子証"
"蒲郡市","medium","29","サービス付き高齢者向け住宅 - 愛知県蒲郡市公式ホームページ","https://www.city.gamagori.lg.jp/unit/kenchiku/sakoju.html","サービス付き高齢者向け住宅","サービス付き高齢者向け住宅 - 愛知県蒲郡市公式ホームページ ページの先頭です。 メニューを飛ばして本文へ メニュー 検索 JavaScriptが無効のため、文字の大きさ・背景色を変更する機能を使用できません。 本文へ Foreign language 音声読み上げ ふりがな 閲覧補助 文字サイズ 拡大 標準 背景色 白 黒 青 閉じる 休日・救急医療 安心・ひろめーる AED設置場所 緊急・防災情報 くらし・手続 防災・安全安心 マイ"
"蒲郡市","medium","29","小中学校 - 愛知県蒲郡市公式ホームページ","https://www.city.gamagori.lg.jp/life/1/49/79/","小中学校","小中学校 - 愛知県蒲郡市公式ホームページ ページの先頭です。 メニューを飛ばして本文へ メニュー 検索 JavaScriptが無効のため、文字の大きさ・背景色を変更する機能を使用できません。 本文へ Foreign language 音声読み上げ ふりがな 閲覧補助 文字サイズ 拡大 標準 背景色 白 黒 青 閉じる 休日・救急医療 安心・ひろめーる AED設置場所 緊急・防災情報 くらし・手続 防災・安全安心 マイナンバーカード・電"
"蒲郡市","medium","29","運動施設 - 愛知県蒲郡市公式ホームページ","https://www.city.gamagori.lg.jp/life/1/49/83/","運動施設","運動施設 - 愛知県蒲郡市公式ホームページ ページの先頭です。 メニューを飛ばして本文へ メニュー 検索 JavaScriptが無効のため、文字の大きさ・背景色を変更する機能を使用できません。 本文へ Foreign language 音声読み上げ ふりがな 閲覧補助 文字サイズ 拡大 標準 背景色 白 黒 青 閉じる 休日・救急医療 安心・ひろめーる AED設置場所 緊急・防災情報 くらし・手続 防災・安全安心 マイナンバーカード・電"
"蒲郡市","medium","29","補助金交付申請書兼請求書 [Wordファイル／35KB]","https://www.city.gamagori.lg.jp/uploaded/attachment/115245.docx","補助金交付申請書兼請求書 [Wordファイル／35KB]","PK     ! U(c�  �   [Content_Types].xml �(�                                                                                                                                                                    "
"蒲郡市","medium","29","（記載例）補助金交付申請書兼請求書 [Wordファイル／38KB]","https://www.city.gamagori.lg.jp/uploaded/attachment/115192.docx","（記載例）補助金交付申請書兼請求書 [Wordファイル／38KB]","PK     ! U(c�  �   [Content_Types].xml �(�                                                                                                                                                                    "
"蒲郡市","medium","29","ルールやマナーを守って 楽しい花火 - 蒲郡市消防本部 - 愛知県蒲郡市公式ホームページ","https://www.city.gamagori.lg.jp/site/shobo/tanosiihanabi.html","ルールやマナーを守って 楽しい花火","ルールやマナーを守って 楽しい花火 - 蒲郡市消防本部 - 愛知県蒲郡市公式ホームページ ページの先頭です。 メニューを飛ばして本文へ メニュー 検索 JavaScriptが無効のため、文字の大きさ・背景色を変更する機能を使用できません。 本文へ Foreign language 音声読み上げ ふりがな 閲覧補助 文字サイズ 拡大 標準 背景色 白 黒 青 閉じる 休日・救急医療 安心・ひろめーる AED設置場所 緊急・防災情報 くらし"
"蒲郡市","medium","29","エアコン火災を防ぎましょう！！ - 蒲郡市消防本部 - 愛知県蒲郡市公式ホームページ","https://www.city.gamagori.lg.jp/site/shobo/eakonjyusetu.html","エアコン火災を防ぎましょう！！","エアコン火災を防ぎましょう！！ - 蒲郡市消防本部 - 愛知県蒲郡市公式ホームページ ページの先頭です。 メニューを飛ばして本文へ メニュー 検索 JavaScriptが無効のため、文字の大きさ・背景色を変更する機能を使用できません。 本文へ Foreign language 音声読み上げ ふりがな 閲覧補助 文字サイズ 拡大 標準 背景色 白 黒 青 閉じる 休日・救急医療 安心・ひろめーる AED設置場所 緊急・防災情報 くらし・手"
"蒲郡市","medium","29","消費者安全確保地域協議会の設立について - 愛知県蒲郡市公式ホームページ","https://www.city.gamagori.lg.jp/unit/kotsu/annzennkakuho.html","消費者安全確保地域協議会の設立について","消費者安全確保地域協議会の設立について - 愛知県蒲郡市公式ホームページ ページの先頭です。 メニューを飛ばして本文へ メニュー 検索 JavaScriptが無効のため、文字の大きさ・背景色を変更する機能を使用できません。 本文へ Foreign language 音声読み上げ ふりがな 閲覧補助 文字サイズ 拡大 標準 背景色 白 黒 青 閉じる 休日・救急医療 安心・ひろめーる AED設置場所 緊急・防災情報 くらし・手続 防災・安"
"蒲郡市","medium","29","改正貸金業法完全施行に伴う消費者向け情報 - 愛知県蒲郡市公式ホームページ","https://www.city.gamagori.lg.jp/unit/kotsu/toraburu.html","改正貸金業法完全施行に伴う消費者向け情報","改正貸金業法完全施行に伴う消費者向け情報 - 愛知県蒲郡市公式ホームページ ページの先頭です。 メニューを飛ばして本文へ メニュー 検索 JavaScriptが無効のため、文字の大きさ・背景色を変更する機能を使用できません。 本文へ Foreign language 音声読み上げ ふりがな 閲覧補助 文字サイズ 拡大 標準 背景色 白 黒 青 閉じる 休日・救急医療 安心・ひろめーる AED設置場所 緊急・防災情報 くらし・手続 防災・"
"蒲郡市","medium","29","キャッシュレス決済が利用できるようになります - 愛知県蒲郡市公式ホームページ","https://www.city.gamagori.lg.jp/unit/shimin/kyasshuresuriyou.html","キャッシュレス決済が利用できるようになります","キャッシュレス決済が利用できるようになります - 愛知県蒲郡市公式ホームページ ページの先頭です。 メニューを飛ばして本文へ メニュー 検索 JavaScriptが無効のため、文字の大きさ・背景色を変更する機能を使用できません。 本文へ Foreign language 音声読み上げ ふりがな 閲覧補助 文字サイズ 拡大 標準 背景色 白 黒 青 閉じる 休日・救急医療 安心・ひろめーる AED設置場所 緊急・防災情報 くらし・手続 防"
"豊田市","medium","28","障がい者福祉","https://www.city.toyota.aichi.jp/kenkoiryo/shogai/index.html","障がい者福祉","障がい者福祉｜豊田市 当ホームページではjavascriptを使用しています。 javascriptの使用を有効にしなければ、一部の機能が正確に動作しない恐れがあります。お手数ですがjavascriptの使用を有効にしてください。 エンターキーを押すと、ナビゲーション部分をスキップし本文へ移動します。 豊田市 TOYOTA CITY サイト メニュー 庁舎案内 Select Language Afrikaans Albanian Amh"
"豊田市","medium","28","生活福祉・支援","https://www.city.toyota.aichi.jp/kenkoiryo/fukushi/index.html","生活福祉・支援","生活福祉・支援｜豊田市 当ホームページではjavascriptを使用しています。 javascriptの使用を有効にしなければ、一部の機能が正確に動作しない恐れがあります。お手数ですがjavascriptの使用を有効にしてください。 エンターキーを押すと、ナビゲーション部分をスキップし本文へ移動します。 豊田市 TOYOTA CITY サイト メニュー 庁舎案内 Select Language Afrikaans Albanian Am"
"豊田市","medium","28","山村地域活性化住宅の紹介と入居者募集","https://www.city.toyota.aichi.jp/sumaikankyo/sumaitochi/1073796/1043537/index.html","山村地域活性化住宅の紹介と入居者募集","山村地域活性化住宅の紹介と入居者募集｜豊田市 当ホームページではjavascriptを使用しています。 javascriptの使用を有効にしなければ、一部の機能が正確に動作しない恐れがあります。お手数ですがjavascriptの使用を有効にしてください。 エンターキーを押すと、ナビゲーション部分をスキップし本文へ移動します。 豊田市 TOYOTA CITY サイト メニュー 庁舎案内 Select Language Afrikaans "
"豊田市","medium","28","防災行動マニュアル","https://www.city.toyota.aichi.jp/bosaianzen/bosai/1073249/1031853/index.html","防災行動マニュアル","防災行動マニュアル｜豊田市 当ホームページではjavascriptを使用しています。 javascriptの使用を有効にしなければ、一部の機能が正確に動作しない恐れがあります。お手数ですがjavascriptの使用を有効にしてください。 エンターキーを押すと、ナビゲーション部分をスキップし本文へ移動します。 豊田市 TOYOTA CITY サイト メニュー 庁舎案内 Select Language Afrikaans Albanian "
"豊田市","medium","28","市有地貸付情報","https://www.city.toyota.aichi.jp/sumaikankyo/sumaitochi/1023259/1022696/index.html","市有地貸付情報","市有地貸付情報｜豊田市 当ホームページではjavascriptを使用しています。 javascriptの使用を有効にしなければ、一部の機能が正確に動作しない恐れがあります。お手数ですがjavascriptの使用を有効にしてください。 エンターキーを押すと、ナビゲーション部分をスキップし本文へ移動します。 豊田市 TOYOTA CITY サイト メニュー 庁舎案内 Select Language Afrikaans Albanian Am"
"安城市","medium","28","安城市","https://www.city.anjo.aichi.jp/kurasu/fukushikaigo/kokikoreimokuji.html","後期高齢者医療制度","安城市／後期高齢者医療制度 このサイトではJavaScriptを使用したコンテンツ・機能を提供しています。JavaScriptを有効にするとご利用いただけます。 本文へスキップします。 安城市 受け継ぐ想いを 未来へ届ける 望遠郷 サイト内検索 ページID検索 設定 文字サイズ・色合い変更 Language メニュー 閉じる 緊急 情報 緊急情報 閉じる ホーム 生活・サービス 教育・学習 観光・文化・スポーツ 産業・入札 市政情報 ホ"
"安城市","medium","28","安城市","https://www.city.anjo.aichi.jp/kurasu/hokennenkin/kokuho/kokuhokyufu.html","出産育児一時金（国民健康保険）","安城市／国保で受けられる給付とその手続き このサイトではJavaScriptを使用したコンテンツ・機能を提供しています。JavaScriptを有効にするとご利用いただけます。 本文へスキップします。 安城市 受け継ぐ想いを 未来へ届ける 望遠郷 サイト内検索 ページID検索 設定 文字サイズ・色合い変更 Language メニュー 閉じる 緊急 情報 緊急情報 閉じる ホーム 生活・サービス 教育・学習 観光・文化・スポーツ 産業・入札"
"安城市","medium","28","安城市","https://www.city.anjo.aichi.jp/kurasu/kenko/yobosessyu/tennyu.html","安城市に転入された方へ（予防接種）","安城市／安城市に転入された方へ（予防接種） このサイトではJavaScriptを使用したコンテンツ・機能を提供しています。JavaScriptを有効にするとご利用いただけます。 本文へスキップします。 安城市 受け継ぐ想いを 未来へ届ける 望遠郷 サイト内検索 ページID検索 設定 文字サイズ・色合い変更 Language メニュー 閉じる 緊急 情報 緊急情報 閉じる ホーム 生活・サービス 教育・学習 観光・文化・スポーツ 産業・入"
"安城市","medium","28","安城市","https://www.city.anjo.aichi.jp/eco/co2/datutansokeieisien.html","【事業者向け】電気代を削減しませんか？","安城市／【事業者向け】電気代を削減しませんか？ このサイトではJavaScriptを使用したコンテンツ・機能を提供しています。JavaScriptを有効にするとご利用いただけます。 本文へスキップします。 安城市 受け継ぐ想いを 未来へ届ける 望遠郷 サイト内検索 ページID検索 設定 文字サイズ・色合い変更 Language メニュー 閉じる 緊急 情報 緊急情報 閉じる ホーム 生活・サービス 教育・学習 観光・文化・スポーツ 産業"
"安城市","medium","28","安城市","https://www.city.anjo.aichi.jp/zigyo/shinchaku/index.html","新着情報","安城市／新着情報 このサイトではJavaScriptを使用したコンテンツ・機能を提供しています。JavaScriptを有効にするとご利用いただけます。 本文へスキップします。 安城市 受け継ぐ想いを 未来へ届ける 望遠郷 サイト内検索 ページID検索 設定 文字サイズ・色合い変更 Language メニュー 閉じる 緊急 情報 緊急情報 閉じる ホーム 生活・サービス 教育・学習 観光・文化・スポーツ 産業・入札 市政情報 ホーム > "
"安城市","medium","28","安城市","https://www.city.anjo.aichi.jp/zigyo/nogyo/index.html","農業","安城市／農業 このサイトではJavaScriptを使用したコンテンツ・機能を提供しています。JavaScriptを有効にするとご利用いただけます。 本文へスキップします。 安城市 受け継ぐ想いを 未来へ届ける 望遠郷 サイト内検索 ページID検索 設定 文字サイズ・色合い変更 Language メニュー 閉じる 緊急 情報 緊急情報 閉じる ホーム 生活・サービス 教育・学習 観光・文化・スポーツ 産業・入札 市政情報 ホーム > 農業"
"安城市","medium","28","安城市","https://www.city.anjo.aichi.jp/zigyo/syoko/index.html","商工業・工事","安城市／商工業・工事 このサイトではJavaScriptを使用したコンテンツ・機能を提供しています。JavaScriptを有効にするとご利用いただけます。 本文へスキップします。 安城市 受け継ぐ想いを 未来へ届ける 望遠郷 サイト内検索 ページID検索 設定 文字サイズ・色合い変更 Language メニュー 閉じる 緊急 情報 緊急情報 閉じる ホーム 生活・サービス 教育・学習 観光・文化・スポーツ 産業・入札 市政情報 ホーム "
"西尾市","medium","28","認知症啓発イベント「オレンジフェスタ」","https://www.city.nishio.aichi.jp/kenkofukushi/kourei/1001453/1008781.html","認知症啓発イベント「オレンジフェスタ」","認知症啓発イベント「オレンジフェスタ」｜西尾市公式ウェブサイト 当ホームページではjavascriptを使用しています。 javascriptの使用を有効にしなければ、一部の機能が正確に動作しない恐れがあります。お手数ですがjavascriptの使用を有効にしてください。 エンターキーを押すと、ナビゲーション部分をスキップし本文へ移動します。 サイトマップ Select Language English 中文（简体字） 中文（繁體字） "
"西尾市","medium","28","水道料金漏水減免申請書 （PDF 38.2KB）","https://www.city.nishio.aichi.jp/_res/projects/default_project/_page_/001/001/982/202502251.pdf","水道料金漏水減免申請書 （PDF 38.2KB）",""
"蒲郡市","medium","28","医療・保健施設 - 愛知県蒲郡市公式ホームページ","https://www.city.gamagori.lg.jp/life/13/96/","医療・保健施設","医療・保健施設 - 愛知県蒲郡市公式ホームページ ページの先頭です。 メニューを飛ばして本文へ メニュー 検索 JavaScriptが無効のため、文字の大きさ・背景色を変更する機能を使用できません。 本文へ Foreign language 音声読み上げ ふりがな 閲覧補助 文字サイズ 拡大 標準 背景色 白 黒 青 閉じる 休日・救急医療 安心・ひろめーる AED設置場所 緊急・防災情報 くらし・手続 防災・安全安心 マイナンバーカー"
"蒲郡市","medium","28","税金 - 愛知県蒲郡市公式ホームページ","https://www.city.gamagori.lg.jp/life/1/41/","税金","税金 - 愛知県蒲郡市公式ホームページ ページの先頭です。 メニューを飛ばして本文へ メニュー 検索 JavaScriptが無効のため、文字の大きさ・背景色を変更する機能を使用できません。 本文へ Foreign language 音声読み上げ ふりがな 閲覧補助 文字サイズ 拡大 標準 背景色 白 黒 青 閉じる 休日・救急医療 安心・ひろめーる AED設置場所 緊急・防災情報 くらし・手続 防災・安全安心 マイナンバーカード・電子証"
"蒲郡市","medium","28","KDLが創る新築エコ住宅-(株)ケイディーエル KDL | 蒲郡市 住宅、不動産","https://www.e-kdl.com/pages/129/","■KDLが創る「新築エコ住宅」","KDLが創る新築エコ住宅-(株)ケイディーエル KDL | 蒲郡市 住宅、不動産 本文へ移動 KDLが創る新築エコ住宅-(株)ケイディーエル KDL | 蒲郡市 住宅、不動産、リフォーム ～家づくりは夢づくり～ Build a house is to have a dream!! フリーアクセス Tel.0800-200-8852 新築・リフォーム ■家づくりは、夢づくり 家をつくる理由 家をつくる第一歩 家づくりの流れ ■KDLが創る"
"蒲郡市","medium","28","高断熱（省エネ）の家 | 蒲郡市 住宅、不動産、リフォーム","https://www.e-kdl.com/pages/39/","省エネ（高断熱）","高断熱（省エネ）の家 | 蒲郡市 住宅、不動産、リフォーム｜ケイディーエル 本文へ移動 高断熱（省エネ）の家 | 蒲郡市 住宅、不動産、リフォーム｜ケイディーエル ～家づくりは夢づくり～ Build a house is to have a dream!! フリーアクセス Tel.0800-200-8852 新築・リフォーム ■家づくりは、夢づくり 家をつくる理由 家をつくる第一歩 家づくりの流れ ■KDLが創る「新築エコ住宅」 ZEH"
"蒲郡市","medium","28","住宅の健康診断 | 蒲郡市 住宅、不動産、リフォーム","https://www.e-kdl.com/pages/47/","■住宅の健康診断","住宅の健康診断 | 蒲郡市 住宅、不動産、リフォーム 本文へ移動 住宅の健康診断 | 蒲郡市 住宅、不動産、リフォーム ～家づくりは夢づくり～ Build a house is to have a dream!! フリーアクセス Tel.0800-200-8852 新築・リフォーム ■家づくりは、夢づくり 家をつくる理由 家をつくる第一歩 家づくりの流れ ■KDLが創る「新築エコ住宅」 ZEH(ネットゼロエネルギーハウス)とは？ KDL"
"蒲郡市","medium","28","各課問い合わせ先一覧 - 愛知県蒲郡市公式ホームページ","https://www.city.gamagori.lg.jp/unit/digital/sosiki.html","福祉部","各課問い合わせ先一覧 - 愛知県蒲郡市公式ホームページ ページの先頭です。 メニューを飛ばして本文へ メニュー 検索 JavaScriptが無効のため、文字の大きさ・背景色を変更する機能を使用できません。 本文へ Foreign language 音声読み上げ ふりがな 閲覧補助 文字サイズ 拡大 標準 背景色 白 黒 青 閉じる 休日・救急医療 安心・ひろめーる AED設置場所 緊急・防災情報 くらし・手続 防災・安全安心 マイナンバ"
"蒲郡市","medium","28","健康がまごおり２１ - 蒲郡市保健医療センター - 愛知県蒲郡市公式ホームページ","https://www.city.gamagori.lg.jp/site/hokencenter/list483-1568.html","蒲郡市保健医療センターメニュー","健康がまごおり２１ - 蒲郡市保健医療センター - 愛知県蒲郡市公式ホームページ ページの先頭です。 メニューを飛ばして本文へ メニュー 検索 JavaScriptが無効のため、文字の大きさ・背景色を変更する機能を使用できません。 本文へ Foreign language 音声読み上げ ふりがな 閲覧補助 文字サイズ 拡大 標準 背景色 白 黒 青 閉じる 休日・救急医療 安心・ひろめーる AED設置場所 緊急・防災情報 くらし・手続 "
"蒲郡市","medium","28","イベント - 蒲郡市保健医療センター - 愛知県蒲郡市公式ホームページ","https://www.city.gamagori.lg.jp/site/hokencenter/list332-1292.html","蒲郡市保健医療センターメニュー","イベント - 蒲郡市保健医療センター - 愛知県蒲郡市公式ホームページ ページの先頭です。 メニューを飛ばして本文へ メニュー 検索 JavaScriptが無効のため、文字の大きさ・背景色を変更する機能を使用できません。 本文へ Foreign language 音声読み上げ ふりがな 閲覧補助 文字サイズ 拡大 標準 背景色 白 黒 青 閉じる 休日・救急医療 安心・ひろめーる AED設置場所 緊急・防災情報 くらし・手続 防災・安全"
"刈谷市","medium","27","雨水貯留浸透施設パンフレット3（補助金制度をご利用いただくには） （PDF 769.8KB）","https://www.city.kariya.lg.jp/_res/projects/default_project/_page_/001/004/732/usuicyoryu3.pdf","雨水貯留浸透施設パンフレット3（補助金制度をご利用いただくには） （PDF 769.8KB）",""
"刈谷市","medium","27","刈谷市雨水貯留浸透施設設置事業補助金交付要綱 （PDF 188.3KB）","https://www.city.kariya.lg.jp/_res/projects/default_project/_page_/001/004/732/hojyoyokou-r6.pdf","刈谷市雨水貯留浸透施設設置事業補助金交付要綱 （PDF 188.3KB）",""
"安城市","medium","27","(資料3)地域公共交通確保維持事業費補助金における事務手続き等の変更について（PDF：1,244KB）","https://www.city.anjo.aichi.jp/kurasu/dorokotsu/documents/20240112shiryo3.pdf","(資料3)地域公共交通確保維持事業費補助金における事務手続き等の変更について（PDF：1,244KB）",""
"安城市","medium","27","補助金交付事業に対する質問書（PDF：98KB）","https://www.city.anjo.aichi.jp/shisei/siminsankatokyodo/siminsanka/documents/20181114shitumonsyo.pdf","補助金交付事業に対する質問書（PDF：98KB）",""
"西尾市","medium","27","福祉情報提供・相談支援機関のご案内","https://www.city.nishio.aichi.jp/kenkofukushi/shogai/1001455/1002516.html","福祉情報提供・相談支援機関のご案内","福祉情報提供・相談支援機関のご案内｜西尾市公式ウェブサイト 当ホームページではjavascriptを使用しています。 javascriptの使用を有効にしなければ、一部の機能が正確に動作しない恐れがあります。お手数ですがjavascriptの使用を有効にしてください。 エンターキーを押すと、ナビゲーション部分をスキップし本文へ移動します。 サイトマップ Select Language English 中文（简体字） 中文（繁體字） 한국"
"西尾市","medium","27","【西尾市LINE公式アカウント】子育て情報のフォロー配信","https://www.city.nishio.aichi.jp/kosodate/shien/1008181.html","【西尾市LINE公式アカウント】子育て情報のフォロー配信","【西尾市LINE公式アカウント】子育て情報のフォロー配信｜西尾市公式ウェブサイト 当ホームページではjavascriptを使用しています。 javascriptの使用を有効にしなければ、一部の機能が正確に動作しない恐れがあります。お手数ですがjavascriptの使用を有効にしてください。 エンターキーを押すと、ナビゲーション部分をスキップし本文へ移動します。 サイトマップ Select Language English 中文（简体字）"
"蒲郡市","medium","27","職員採用候補者試験合格発表（令和８年６月２６日実施技術職SPI方式第１期受験者） - 愛知県蒲郡市公式ホームページ","https://www.city.gamagori.lg.jp/unit/jinji/gokaku-r080715.html","職員採用候補者試験合格発表（令和８年６月２６日実施技術職SPI方式第１期受験者）","職員採用候補者試験合格発表（令和８年６月２６日実施技術職SPI方式第１期受験者） - 愛知県蒲郡市公式ホームページ ページの先頭です。 メニューを飛ばして本文へ メニュー 検索 JavaScriptが無効のため、文字の大きさ・背景色を変更する機能を使用できません。 本文へ Foreign language 音声読み上げ ふりがな 閲覧補助 文字サイズ 拡大 標準 背景色 白 黒 青 閉じる 休日・救急医療 安心・ひろめーる AED設置場"
"蒲郡市","medium","27","広報がまごおり - 愛知県蒲郡市公式ホームページ","https://www.city.gamagori.lg.jp/site/kohogamagori/","広報がまごおり","広報がまごおり - 愛知県蒲郡市公式ホームページ ページの先頭です。 メニューを飛ばして本文へ メニュー 検索 JavaScriptが無効のため、文字の大きさ・背景色を変更する機能を使用できません。 本文へ Foreign language 音声読み上げ ふりがな 閲覧補助 文字サイズ 拡大 標準 背景色 白 黒 青 閉じる 休日・救急医療 安心・ひろめーる AED設置場所 緊急・防災情報 くらし・手続 防災・安全安心 マイナンバーカー"
"蒲郡市","medium","27","蒲郡市公式ホームページ トップページアクセス数 - このサイトの使い方 - 愛知県蒲郡市公式ホームページ","https://www.city.gamagori.lg.jp/site/site/access-top.html","蒲郡市公式ホームページ トップページアクセス数","蒲郡市公式ホームページ トップページアクセス数 - このサイトの使い方 - 愛知県蒲郡市公式ホームページ ページの先頭です。 メニューを飛ばして本文へ メニュー 検索 JavaScriptが無効のため、文字の大きさ・背景色を変更する機能を使用できません。 本文へ Foreign language 音声読み上げ ふりがな 閲覧補助 文字サイズ 拡大 標準 背景色 白 黒 青 閉じる 休日・救急医療 安心・ひろめーる AED設置場所 緊急・"
"蒲郡市","medium","27","蒲郡市介護予防サポーター運営費補助金交付要綱","https://www.city.gamagori.lg.jp/uploaded/attachment/90686.pdf","蒲郡市介護予防サポーター運営費補助金交付要綱",""
"蒲郡市","medium","27","蒲郡市風しんワクチン接種費用助成金交付要綱","https://www.city.gamagori.lg.jp/uploaded/attachment/105157.pdf","蒲郡市風しんワクチン接種費用助成金交付要綱",""
"蒲郡市","medium","27","蒲郡市骨髄提供者助成金交付要綱","https://www.city.gamagori.lg.jp/uploaded/attachment/111878.pdf","蒲郡市骨髄提供者助成金交付要綱",""
"蒲郡市","medium","27","蒲郡市在宅当番医制運営事業費補助金交付要綱","https://www.city.gamagori.lg.jp/uploaded/attachment/90730.pdf","蒲郡市在宅当番医制運営事業費補助金交付要綱",""
"蒲郡市","medium","27","蒲郡市がん患者アピアランスケア支援事業費補助金交付要綱","https://www.city.gamagori.lg.jp/uploaded/attachment/91376.pdf","蒲郡市がん患者アピアランスケア支援事業費補助金交付要綱",""
"蒲郡市","medium","27","蒲郡市妊産婦健診費用助成金支給要綱","https://www.city.gamagori.lg.jp/uploaded/attachment/105153.pdf","蒲郡市妊産婦健診費用助成金支給要綱",""
"蒲郡市","medium","27","蒲郡市ブロック塀等撤去補助金交付要綱 [PDFファイル／75KB]","https://www.city.gamagori.lg.jp/uploaded/attachment/109546.pdf","蒲郡市ブロック塀等撤去補助金交付要綱 [PDFファイル／75KB]",""
"蒲郡市","medium","27","蒲郡市地域防災計画・水防計画 - 緊急情報 - 愛知県蒲郡市公式ホームページ","https://www.city.gamagori.lg.jp/site/kinkyu/bosaikekaku.html","蒲郡市地域防災計画・水防計画","蒲郡市地域防災計画・水防計画 - 緊急情報 - 愛知県蒲郡市公式ホームページ ページの先頭です。 メニューを飛ばして本文へ メニュー 検索 JavaScriptが無効のため、文字の大きさ・背景色を変更する機能を使用できません。 本文へ Foreign language 音声読み上げ ふりがな 閲覧補助 文字サイズ 拡大 標準 背景色 白 黒 青 閉じる 休日・救急医療 安心・ひろめーる AED設置場所 緊急・防災情報 くらし・手続 防災"
"蒲郡市","medium","27","蒲郡市自転車乗車用ヘルメット着用促進事業費補助金交付要綱 [PDFファイル／151KB]","https://www.city.gamagori.lg.jp/uploaded/attachment/115719.pdf","蒲郡市自転車乗車用ヘルメット着用促進事業費補助金交付要綱 [PDFファイル／151KB]",""
"豊田市","medium","26","その他くらしのこと・相談窓口","https://www.city.toyota.aichi.jp/sonotakurashi/index.html","その他くらしのこと・相談窓口","その他くらしのこと・相談窓口｜豊田市 当ホームページではjavascriptを使用しています。 javascriptの使用を有効にしなければ、一部の機能が正確に動作しない恐れがあります。お手数ですがjavascriptの使用を有効にしてください。 エンターキーを押すと、ナビゲーション部分をスキップし本文へ移動します。 豊田市 TOYOTA CITY サイト メニュー 庁舎案内 Select Language Afrikaans Alba"
"豊田市","medium","26","税の証明書","https://www.city.toyota.aichi.jp/torokushomei/shomeisho/1073319/index.html","税の証明書","税の証明書｜豊田市 当ホームページではjavascriptを使用しています。 javascriptの使用を有効にしなければ、一部の機能が正確に動作しない恐れがあります。お手数ですがjavascriptの使用を有効にしてください。 エンターキーを押すと、ナビゲーション部分をスキップし本文へ移動します。 豊田市 TOYOTA CITY サイト メニュー 庁舎案内 Select Language Afrikaans Albanian Amha"
"豊田市","medium","26","土地区画整理事業","https://www.city.toyota.aichi.jp/shisei/1073254/gyoseikeikaku/toshiseibi/kukakuseibi/index.html","土地区画整理事業","土地区画整理事業｜豊田市 当ホームページではjavascriptを使用しています。 javascriptの使用を有効にしなければ、一部の機能が正確に動作しない恐れがあります。お手数ですがjavascriptの使用を有効にしてください。 エンターキーを押すと、ナビゲーション部分をスキップし本文へ移動します。 豊田市 TOYOTA CITY サイト メニュー 庁舎案内 Select Language Afrikaans Albanian A"
"豊田市","medium","26","豊田市建築物耐震改修促進計画","https://www.city.toyota.aichi.jp/shisei/1073254/gyoseikeikaku/toshiseibi/1007560.html","豊田市建築物耐震改修促進計画","豊田市建築物耐震改修促進計画｜豊田市 当ホームページではjavascriptを使用しています。 javascriptの使用を有効にしなければ、一部の機能が正確に動作しない恐れがあります。お手数ですがjavascriptの使用を有効にしてください。 エンターキーを押すと、ナビゲーション部分をスキップし本文へ移動します。 豊田市 TOYOTA CITY サイト メニュー 庁舎案内 Select Language Afrikaans Alba"
"安城市","medium","26","安城市","https://www.city.anjo.aichi.jp/kurasu/kosodate/teateshien/kosodateyutai.html","子育て家庭優待事業（はぐみん）","安城市／子育て家庭優待事業 このサイトではJavaScriptを使用したコンテンツ・機能を提供しています。JavaScriptを有効にするとご利用いただけます。 本文へスキップします。 安城市 受け継ぐ想いを 未来へ届ける 望遠郷 サイト内検索 ページID検索 設定 文字サイズ・色合い変更 Language メニュー 閉じる 緊急 情報 緊急情報 閉じる ホーム 生活・サービス 教育・学習 観光・文化・スポーツ 産業・入札 市政情報 ホ"
"安城市","medium","26","安城市","https://www.city.anjo.aichi.jp/kurasu/dorokotsu/ankurutakusi.html","あんくるタクシー","安城市／あんくるタクシー このサイトではJavaScriptを使用したコンテンツ・機能を提供しています。JavaScriptを有効にするとご利用いただけます。 本文へスキップします。 安城市 受け継ぐ想いを 未来へ届ける 望遠郷 サイト内検索 ページID検索 設定 文字サイズ・色合い変更 Language メニュー 閉じる 緊急 情報 緊急情報 閉じる ホーム 生活・サービス 教育・学習 観光・文化・スポーツ 産業・入札 市政情報 ホー"
"安城市","medium","26","安城市","https://www.city.anjo.aichi.jp/kurasu/hokennenkin/kokuho/kokuhotukautoki.html","医療機関等を受診するときは","安城市／医療機関等を受診するときは このサイトではJavaScriptを使用したコンテンツ・機能を提供しています。JavaScriptを有効にするとご利用いただけます。 本文へスキップします。 安城市 受け継ぐ想いを 未来へ届ける 望遠郷 サイト内検索 ページID検索 設定 文字サイズ・色合い変更 Language メニュー 閉じる 緊急 情報 緊急情報 閉じる ホーム 生活・サービス 教育・学習 観光・文化・スポーツ 産業・入札 市政"
"安城市","medium","26","安城市","https://www.city.anjo.aichi.jp/kurasu/hokennenkin/kokuho/kokuhoiryouhi.html","医療費のお知らせ（医療費通知）","安城市／医療費のお知らせ（医療費通知） このサイトではJavaScriptを使用したコンテンツ・機能を提供しています。JavaScriptを有効にするとご利用いただけます。 本文へスキップします。 安城市 受け継ぐ想いを 未来へ届ける 望遠郷 サイト内検索 ページID検索 設定 文字サイズ・色合い変更 Language メニュー 閉じる 緊急 情報 緊急情報 閉じる ホーム 生活・サービス 教育・学習 観光・文化・スポーツ 産業・入札 "
"安城市","medium","26","安城市","https://www.city.anjo.aichi.jp/kurasu/koyorodo/index.html","雇用と労働","安城市／雇用と労働 このサイトではJavaScriptを使用したコンテンツ・機能を提供しています。JavaScriptを有効にするとご利用いただけます。 本文へスキップします。 安城市 受け継ぐ想いを 未来へ届ける 望遠郷 サイト内検索 ページID検索 設定 文字サイズ・色合い変更 Language メニュー 閉じる 緊急 情報 緊急情報 閉じる ホーム 生活・サービス 教育・学習 観光・文化・スポーツ 産業・入札 市政情報 ホーム >"
"西尾市","medium","26","妊娠・出産","https://www.city.nishio.aichi.jp/lifescene/ninshin/index.html","妊娠・出産","妊娠・出産｜西尾市公式ウェブサイト 当ホームページではjavascriptを使用しています。 javascriptの使用を有効にしなければ、一部の機能が正確に動作しない恐れがあります。お手数ですがjavascriptの使用を有効にしてください。 エンターキーを押すと、ナビゲーション部分をスキップし本文へ移動します。 サイトマップ Select Language English 中文（简体字） 中文（繁體字） 한국어 Português "
"西尾市","medium","26","子どもの予防接種","https://www.city.nishio.aichi.jp/kosodate/kenshin/1001445/index.html","子どもの予防接種","子どもの予防接種｜西尾市公式ウェブサイト 当ホームページではjavascriptを使用しています。 javascriptの使用を有効にしなければ、一部の機能が正確に動作しない恐れがあります。お手数ですがjavascriptの使用を有効にしてください。 エンターキーを押すと、ナビゲーション部分をスキップし本文へ移動します。 サイトマップ Select Language English 中文（简体字） 中文（繁體字） 한국어 Portugu"
"西尾市","medium","26","成人の予防接種","https://www.city.nishio.aichi.jp/kenkofukushi/kenshin/1004765/index.html","成人の予防接種","成人の予防接種｜西尾市公式ウェブサイト 当ホームページではjavascriptを使用しています。 javascriptの使用を有効にしなければ、一部の機能が正確に動作しない恐れがあります。お手数ですがjavascriptの使用を有効にしてください。 エンターキーを押すと、ナビゲーション部分をスキップし本文へ移動します。 サイトマップ Select Language English 中文（简体字） 中文（繁體字） 한국어 Portuguê"
"西尾市","medium","26","消防・救急","https://www.city.nishio.aichi.jp/faq/shobo/index.html","消防・救急","消防・救急｜西尾市公式ウェブサイト 当ホームページではjavascriptを使用しています。 javascriptの使用を有効にしなければ、一部の機能が正確に動作しない恐れがあります。お手数ですがjavascriptの使用を有効にしてください。 エンターキーを押すと、ナビゲーション部分をスキップし本文へ移動します。 サイトマップ Select Language English 中文（简体字） 中文（繁體字） 한국어 Português "
"西尾市","medium","26","産業・ビジネス","https://www.city.nishio.aichi.jp/faq/sangyo/index.html","産業・ビジネス","産業・ビジネス｜西尾市公式ウェブサイト 当ホームページではjavascriptを使用しています。 javascriptの使用を有効にしなければ、一部の機能が正確に動作しない恐れがあります。お手数ですがjavascriptの使用を有効にしてください。 エンターキーを押すと、ナビゲーション部分をスキップし本文へ移動します。 サイトマップ Select Language English 中文（简体字） 中文（繁體字） 한국어 Portuguê"
"西尾市","medium","26","よくある質問 中小企業向けの融資について教えてください。","https://www.city.nishio.aichi.jp/faq/sangyo/1004289.html","中小企業向けの融資について教えてください。","よくある質問 中小企業向けの融資について教えてください。｜西尾市公式ウェブサイト 当ホームページではjavascriptを使用しています。 javascriptの使用を有効にしなければ、一部の機能が正確に動作しない恐れがあります。お手数ですがjavascriptの使用を有効にしてください。 エンターキーを押すと、ナビゲーション部分をスキップし本文へ移動します。 サイトマップ Select Language English 中文（简体字）"
"蒲郡市","medium","26","住環境整備促進事業費補助金（住宅リフォーム工事費補助） - 愛知県蒲郡市公式ホームページ","https://www.city.gamagori.lg.jp/unit/kenchiku/rifomur5.html","住環境整備促進事業費補助金（住宅リフォーム工事費補助）","住環境整備促進事業費補助金（住宅リフォーム工事費補助） - 愛知県蒲郡市公式ホームページ ページの先頭です。 メニューを飛ばして本文へ メニュー 検索 JavaScriptが無効のため、文字の大きさ・背景色を変更する機能を使用できません。 本文へ Foreign language 音声読み上げ ふりがな 閲覧補助 文字サイズ 拡大 標準 背景色 白 黒 青 閉じる 休日・救急医療 安心・ひろめーる AED設置場所 緊急・防災情報 くらし"
"蒲郡市","medium","26","蒲郡市ウェブサイトでの情報の探し方 - このサイトの使い方 - 愛知県蒲郡市公式ホームページ","https://www.city.gamagori.lg.jp/site/site/site-search.html","蒲郡市ウェブサイトでの情報の探し方","蒲郡市ウェブサイトでの情報の探し方 - このサイトの使い方 - 愛知県蒲郡市公式ホームページ ページの先頭です。 メニューを飛ばして本文へ メニュー 検索 JavaScriptが無効のため、文字の大きさ・背景色を変更する機能を使用できません。 本文へ Foreign language 音声読み上げ ふりがな 閲覧補助 文字サイズ 拡大 標準 背景色 白 黒 青 閉じる 休日・救急医療 安心・ひろめーる AED設置場所 緊急・防災情報 く"
"蒲郡市","medium","26","戸籍届出（出生・死亡など） - 愛知県蒲郡市公式ホームページ","https://www.city.gamagori.lg.jp/life/1/40/33/","戸籍届出（出生・死亡など）","戸籍届出（出生・死亡など） - 愛知県蒲郡市公式ホームページ ページの先頭です。 メニューを飛ばして本文へ メニュー 検索 JavaScriptが無効のため、文字の大きさ・背景色を変更する機能を使用できません。 本文へ Foreign language 音声読み上げ ふりがな 閲覧補助 文字サイズ 拡大 標準 背景色 白 黒 青 閉じる 休日・救急医療 安心・ひろめーる AED設置場所 緊急・防災情報 くらし・手続 防災・安全安心 マイ"
"刈谷市","medium","25","移動販売事業者を募集します！","https://www.city.kariya.lg.jp/rekihaku/riyoannai/1014439.html","移動販売事業者を募集します！","移動販売事業者を募集します！｜刈谷市歴史博物館 当ホームページではjavascriptを使用しています。 javascriptの使用を有効にしなければ、一部の機能が正確に動作しない恐れがあります。お手数ですがjavascriptの使用を有効にしてください。 エンターキーを押すと、ナビゲーション部分をスキップし本文へ移動します。 サイトマップ 文字サイズ・配色の変更 Foreign Language 刈谷市トップページ 展示 イベント 刈"
"豊田市","medium","25","子育て・学校・若者支援［よくある質問］","https://www.city.toyota.aichi.jp/faq/kosodateshien/index.html","子育て・学校・若者支援［よくある質問］","子育て・学校・若者支援［よくある質問］｜豊田市 当ホームページではjavascriptを使用しています。 javascriptの使用を有効にしなければ、一部の機能が正確に動作しない恐れがあります。お手数ですがjavascriptの使用を有効にしてください。 エンターキーを押すと、ナビゲーション部分をスキップし本文へ移動します。 豊田市 TOYOTA CITY サイト メニュー 庁舎案内 Select Language Afrikaans"
"安城市","medium","25","安城市","https://www.city.anjo.aichi.jp/shisei/koho/202607/index.html","広報あんじょう2026年(令和8年)7月号","安城市／広報あんじょう2026年(令和8年)7月号 このサイトではJavaScriptを使用したコンテンツ・機能を提供しています。JavaScriptを有効にするとご利用いただけます。 本文へスキップします。 安城市 受け継ぐ想いを 未来へ届ける 望遠郷 サイト内検索 ページID検索 設定 文字サイズ・色合い変更 Language メニュー 閉じる 緊急 情報 緊急情報 閉じる ホーム 生活・サービス 教育・学習 観光・文化・スポーツ "
"安城市","medium","25","安城市","https://www.city.anjo.aichi.jp/kurasu/sumai/shieijyutaku/index.html","市営住宅","安城市／市営住宅 このサイトではJavaScriptを使用したコンテンツ・機能を提供しています。JavaScriptを有効にするとご利用いただけます。 本文へスキップします。 安城市 受け継ぐ想いを 未来へ届ける 望遠郷 サイト内検索 ページID検索 設定 文字サイズ・色合い変更 Language メニュー 閉じる 緊急 情報 緊急情報 閉じる ホーム 生活・サービス 教育・学習 観光・文化・スポーツ 産業・入札 市政情報 ホーム > "
"西尾市","medium","25","西尾市社会福祉協議会","https://www.city.nishio.aichi.jp/kenkofukushi/shakaifukushi/1002444.html","西尾市社会福祉協議会","西尾市社会福祉協議会｜西尾市公式ウェブサイト 当ホームページではjavascriptを使用しています。 javascriptの使用を有効にしなければ、一部の機能が正確に動作しない恐れがあります。お手数ですがjavascriptの使用を有効にしてください。 エンターキーを押すと、ナビゲーション部分をスキップし本文へ移動します。 サイトマップ Select Language English 中文（简体字） 中文（繁體字） 한국어 Portu"
"西尾市","medium","25","定住・移住","https://www.city.nishio.aichi.jp/shisei/koho/1009106.html","定住・移住","定住・移住｜西尾市公式ウェブサイト 当ホームページではjavascriptを使用しています。 javascriptの使用を有効にしなければ、一部の機能が正確に動作しない恐れがあります。お手数ですがjavascriptの使用を有効にしてください。 エンターキーを押すと、ナビゲーション部分をスキップし本文へ移動します。 サイトマップ Select Language English 中文（简体字） 中文（繁體字） 한국어 Português "
"西尾市","medium","25","「2026 年ベネズエラ地震救援金」のご協力をお願いします","https://www.city.nishio.aichi.jp/kenkofukushi/saigaishien/gienkin/1012034.html","「2026 年ベネズエラ地震救援金」のご協力をお願いします","「2026 年ベネズエラ地震救援金」のご協力をお願いします｜西尾市公式ウェブサイト 当ホームページではjavascriptを使用しています。 javascriptの使用を有効にしなければ、一部の機能が正確に動作しない恐れがあります。お手数ですがjavascriptの使用を有効にしてください。 エンターキーを押すと、ナビゲーション部分をスキップし本文へ移動します。 サイトマップ Select Language English 中文（简体字"
"西尾市","medium","25","福祉避難所","https://www.city.nishio.aichi.jp/kurashi/bosai/1008160/1004474.html","福祉避難所","福祉避難所｜西尾市公式ウェブサイト 当ホームページではjavascriptを使用しています。 javascriptの使用を有効にしなければ、一部の機能が正確に動作しない恐れがあります。お手数ですがjavascriptの使用を有効にしてください。 エンターキーを押すと、ナビゲーション部分をスキップし本文へ移動します。 サイトマップ Select Language English 中文（简体字） 中文（繁體字） 한국어 Português "
"西尾市","medium","25","幼稚園とは","https://www.city.nishio.aichi.jp/kosodate/hoikuen/1005132/1002375.html","幼稚園とは","幼稚園とは｜西尾市公式ウェブサイト 当ホームページではjavascriptを使用しています。 javascriptの使用を有効にしなければ、一部の機能が正確に動作しない恐れがあります。お手数ですがjavascriptの使用を有効にしてください。 エンターキーを押すと、ナビゲーション部分をスキップし本文へ移動します。 サイトマップ Select Language English 中文（简体字） 中文（繁體字） 한국어 Português "
"西尾市","medium","25","市内企業紹介 農林業","https://www.city.nishio.aichi.jp/kurashi/koyo/1001427/1002202.html","市内企業紹介 農林業","市内企業紹介 農林業｜西尾市公式ウェブサイト 当ホームページではjavascriptを使用しています。 javascriptの使用を有効にしなければ、一部の機能が正確に動作しない恐れがあります。お手数ですがjavascriptの使用を有効にしてください。 エンターキーを押すと、ナビゲーション部分をスキップし本文へ移動します。 サイトマップ Select Language English 中文（简体字） 中文（繁體字） 한국어 Portu"
"西尾市","medium","25","市内企業紹介 医療、福祉","https://www.city.nishio.aichi.jp/kurashi/koyo/1001427/1002211.html","市内企業紹介 医療、福祉","市内企業紹介 医療、福祉｜西尾市公式ウェブサイト 当ホームページではjavascriptを使用しています。 javascriptの使用を有効にしなければ、一部の機能が正確に動作しない恐れがあります。お手数ですがjavascriptの使用を有効にしてください。 エンターキーを押すと、ナビゲーション部分をスキップし本文へ移動します。 サイトマップ Select Language English 中文（简体字） 中文（繁體字） 한국어 Por"
"西尾市","medium","25","インボイス制度における適格請求書発行事業者登録番号のお知らせ","https://www.city.nishio.aichi.jp/kurashi/suido/1001404/1008334.html","インボイス制度における適格請求書発行事業者登録番号のお知らせ","インボイス制度における適格請求書発行事業者登録番号のお知らせ｜西尾市公式ウェブサイト 当ホームページではjavascriptを使用しています。 javascriptの使用を有効にしなければ、一部の機能が正確に動作しない恐れがあります。お手数ですがjavascriptの使用を有効にしてください。 エンターキーを押すと、ナビゲーション部分をスキップし本文へ移動します。 サイトマップ Select Language English 中文（简体"
"西尾市","medium","25","水道料金漏水減免申請書 （Word 35.5KB）","https://www.city.nishio.aichi.jp/_res/projects/default_project/_page_/001/001/982/202502252.doc","水道料金漏水減免申請書 （Word 35.5KB）",""
"西尾市","medium","25","助産師相談","https://www.city.nishio.aichi.jp/kosodate/sodan/1002361.html","助産師相談","助産師相談｜西尾市公式ウェブサイト 当ホームページではjavascriptを使用しています。 javascriptの使用を有効にしなければ、一部の機能が正確に動作しない恐れがあります。お手数ですがjavascriptの使用を有効にしてください。 エンターキーを押すと、ナビゲーション部分をスキップし本文へ移動します。 サイトマップ Select Language English 中文（简体字） 中文（繁體字） 한국어 Português "
"蒲郡市","medium","25","申請書等様式ダウンロード - 愛知県蒲郡市公式ホームページ","https://www.city.gamagori.lg.jp/site/shinseisyo/index.html","申請書等様式ダウンロード","申請書等様式ダウンロード - 愛知県蒲郡市公式ホームページ ページの先頭です。 メニューを飛ばして本文へ メニュー 検索 JavaScriptが無効のため、文字の大きさ・背景色を変更する機能を使用できません。 本文へ Foreign language 音声読み上げ ふりがな 閲覧補助 文字サイズ 拡大 標準 背景色 白 黒 青 閉じる 休日・救急医療 安心・ひろめーる AED設置場所 緊急・防災情報 くらし・手続 防災・安全安心 マイナ"
"蒲郡市","medium","25","蒲郡市健康増進事業及び予防接種事業に関する一部負担金免除取扱要綱 [PDFファイル／75KB]","https://www.city.gamagori.lg.jp/uploaded/attachment/90781.pdf","蒲郡市健康増進事業及び予防接種事業に関する一部負担金免除取扱要綱 [PDFファイル／75KB]",""
"豊田市","medium","24","豊田市役所 本庁舎","https://www.city.toyota.aichi.jp/shisei/shisetsu/madoguchi/shiyakusyo/1006730/index.html","豊田市役所 本庁舎","豊田市役所 本庁舎｜豊田市 当ホームページではjavascriptを使用しています。 javascriptの使用を有効にしなければ、一部の機能が正確に動作しない恐れがあります。お手数ですがjavascriptの使用を有効にしてください。 エンターキーを押すと、ナビゲーション部分をスキップし本文へ移動します。 豊田市 TOYOTA CITY サイト メニュー 庁舎案内 Select Language Afrikaans Albanian "
"豊田市","medium","24","豊田市指定給水装置工事事業者及び豊田市排水設備指定工事店","https://www.city.toyota.aichi.jp/sangyo/tetsuzuki/suidou/1073841/1007685/index.html","豊田市指定給水装置工事事業者及び豊田市排水設備指定工事店","豊田市指定給水装置工事事業者及び豊田市排水設備指定工事店｜豊田市 当ホームページではjavascriptを使用しています。 javascriptの使用を有効にしなければ、一部の機能が正確に動作しない恐れがあります。お手数ですがjavascriptの使用を有効にしてください。 エンターキーを押すと、ナビゲーション部分をスキップし本文へ移動します。 豊田市 TOYOTA CITY サイト メニュー 庁舎案内 Select Language "
"豊田市","medium","24","豊田市東部給食センター次期運営事業の入札に向けて事業者を対象とした施設見学会を実施します","https://www.city.toyota.aichi.jp/shisei/sonotajigyo/1064258.html","豊田市東部給食センター次期運営事業の入札に向けて事業者を対象とした施設見学会を実施します","豊田市東部給食センター次期運営事業の入札に向けて事業者を対象とした施設見学会を実施します｜豊田市 当ホームページではjavascriptを使用しています。 javascriptの使用を有効にしなければ、一部の機能が正確に動作しない恐れがあります。お手数ですがjavascriptの使用を有効にしてください。 エンターキーを押すと、ナビゲーション部分をスキップし本文へ移動します。 豊田市 TOYOTA CITY サイト メニュー 庁舎案内 "
"豊田市","medium","24","農林漁家高齢者センター「ハウスポニー」","https://www.city.toyota.aichi.jp/shisei/shisetsu/shisetsunougyou/1056600/index.html","農林漁家高齢者センター「ハウスポニー」","農林漁家高齢者センター「ハウスポニー」｜豊田市 当ホームページではjavascriptを使用しています。 javascriptの使用を有効にしなければ、一部の機能が正確に動作しない恐れがあります。お手数ですがjavascriptの使用を有効にしてください。 エンターキーを押すと、ナビゲーション部分をスキップし本文へ移動します。 豊田市 TOYOTA CITY サイト メニュー 庁舎案内 Select Language Afrikaans"
"豊田市","medium","24","知らなきゃ損！？とよた子育て情報 ～子育てするならやっぱり豊田！～","https://www.city.toyota.aichi.jp/kosodategakko/kosodate/1060771/1060754/index.html","知らなきゃ損！？とよた子育て情報 ～子育てするならやっぱり豊田！～","知らなきゃ損！？とよた子育て情報 ～子育てするならやっぱり豊田！～｜豊田市 当ホームページではjavascriptを使用しています。 javascriptの使用を有効にしなければ、一部の機能が正確に動作しない恐れがあります。お手数ですがjavascriptの使用を有効にしてください。 エンターキーを押すと、ナビゲーション部分をスキップし本文へ移動します。 豊田市 TOYOTA CITY サイト メニュー 庁舎案内 Select Lang"
"豊田市","medium","24","豊田市子育て応援ポータル「とよたのコマド」","https://www.city.toyota.aichi.jp/kosodategakko/kosodate/1060771/1067688/index.html","豊田市子育て応援ポータル「とよたのコマド」","豊田市子育て応援ポータル「とよたのコマド」｜豊田市 当ホームページではjavascriptを使用しています。 javascriptの使用を有効にしなければ、一部の機能が正確に動作しない恐れがあります。お手数ですがjavascriptの使用を有効にしてください。 エンターキーを押すと、ナビゲーション部分をスキップし本文へ移動します。 豊田市 TOYOTA CITY サイト メニュー 庁舎案内 Select Language Afrikaa"
"豊田市","medium","24","豊田市営住宅ストック総合活用計画（兼 豊田市営住宅長寿命化計画）策定業務委託 公募型プロポーザル（結果）","https://www.city.toyota.aichi.jp/shisei/keiyaku/proposal/1030097/1076000.html","豊田市営住宅ストック総合活用計画（兼 豊田市営住宅長寿命化計画）策定業務委託 公募型プロポーザル（結果）","豊田市営住宅ストック総合活用計画（兼 豊田市営住宅長寿命化計画）策定業務委託 公募型プロポーザル（結果）｜豊田市 当ホームページではjavascriptを使用しています。 javascriptの使用を有効にしなければ、一部の機能が正確に動作しない恐れがあります。お手数ですがjavascriptの使用を有効にしてください。 エンターキーを押すと、ナビゲーション部分をスキップし本文へ移動します。 豊田市 TOYOTA CITY サイト メニ"
"豊田市","medium","24","関連リンク","https://www.city.toyota.aichi.jp/about/link.html","関連リンク","関連リンク｜豊田市 当ホームページではjavascriptを使用しています。 javascriptの使用を有効にしなければ、一部の機能が正確に動作しない恐れがあります。お手数ですがjavascriptの使用を有効にしてください。 エンターキーを押すと、ナビゲーション部分をスキップし本文へ移動します。 豊田市 TOYOTA CITY サイト メニュー 庁舎案内 Select Language Afrikaans Albanian Amha"
"豊田市","medium","24","市防災基本条例を公布しました","https://www.city.toyota.aichi.jp/bosaianzen/bosai/1031855/1002336.html","市防災基本条例を公布しました","市防災基本条例を公布しました｜豊田市 当ホームページではjavascriptを使用しています。 javascriptの使用を有効にしなければ、一部の機能が正確に動作しない恐れがあります。お手数ですがjavascriptの使用を有効にしてください。 エンターキーを押すと、ナビゲーション部分をスキップし本文へ移動します。 豊田市 TOYOTA CITY サイト メニュー 庁舎案内 Select Language Afrikaans Alba"
"豊田市","medium","24","住宅施策","https://www.city.toyota.aichi.jp/shisei/1073254/gyoseikeikaku/toshiseibi/1073360/index.html","住宅施策","住宅施策｜豊田市 当ホームページではjavascriptを使用しています。 javascriptの使用を有効にしなければ、一部の機能が正確に動作しない恐れがあります。お手数ですがjavascriptの使用を有効にしてください。 エンターキーを押すと、ナビゲーション部分をスキップし本文へ移動します。 豊田市 TOYOTA CITY サイト メニュー 庁舎案内 Select Language Afrikaans Albanian Amhar"
"豊田市","medium","24","子育て支援バンク事業 講師登録状況","https://www.city.toyota.aichi.jp/kosodategakko/ninshin/1073642/1008492/shienbank/index.html","子育て支援バンク事業 講師登録状況","子育て支援バンク事業 講師登録状況｜豊田市 当ホームページではjavascriptを使用しています。 javascriptの使用を有効にしなければ、一部の機能が正確に動作しない恐れがあります。お手数ですがjavascriptの使用を有効にしてください。 エンターキーを押すと、ナビゲーション部分をスキップし本文へ移動します。 豊田市 TOYOTA CITY サイト メニュー 庁舎案内 Select Language Afrikaans A"
"安城市","medium","24","安城市","https://www.city.anjo.aichi.jp/shinseisho/kodomo/kaigairyuugaku.html","児童手当に係る海外留学に関する申立書の配信","安城市／児童手当に係る海外留学に関する申立書の配信 このサイトではJavaScriptを使用したコンテンツ・機能を提供しています。JavaScriptを有効にするとご利用いただけます。 本文へスキップします。 安城市 受け継ぐ想いを 未来へ届ける 望遠郷 サイト内検索 ページID検索 設定 文字サイズ・色合い変更 Language メニュー 閉じる 緊急 情報 緊急情報 閉じる ホーム 生活・サービス 教育・学習 観光・文化・スポーツ "
"安城市","medium","24","安城市","https://www.city.anjo.aichi.jp/kurasu/kosodate/teatejyosei2/kosodateouenteate.html","【締切間近！】物価高対応子育て応援手当","安城市／【締切間近！】物価高対応子育て応援手当 このサイトではJavaScriptを使用したコンテンツ・機能を提供しています。JavaScriptを有効にするとご利用いただけます。 本文へスキップします。 安城市 受け継ぐ想いを 未来へ届ける 望遠郷 サイト内検索 ページID検索 設定 文字サイズ・色合い変更 Language メニュー 閉じる 緊急 情報 緊急情報 閉じる ホーム 生活・サービス 教育・学習 観光・文化・スポーツ 産業"
"安城市","medium","24","安城市","https://www.city.anjo.aichi.jp/shinseisho/kodomo/shinkinintei.html","児童手当認定請求書の配信","安城市／児童手当認定請求書の配信 このサイトではJavaScriptを使用したコンテンツ・機能を提供しています。JavaScriptを有効にするとご利用いただけます。 本文へスキップします。 安城市 受け継ぐ想いを 未来へ届ける 望遠郷 サイト内検索 ページID検索 設定 文字サイズ・色合い変更 Language メニュー 閉じる 緊急 情報 緊急情報 閉じる ホーム 生活・サービス 教育・学習 観光・文化・スポーツ 産業・入札 市政情"
"安城市","medium","24","安城市","https://www.city.anjo.aichi.jp/kurasu/bika/syugozyutakuevhozyokin.html","集合住宅向け電気自動車等充電設備普及促進補助金制度","安城市／集合住宅向け電気自動車等充電設備普及促進補助金制度 このサイトではJavaScriptを使用したコンテンツ・機能を提供しています。JavaScriptを有効にするとご利用いただけます。 本文へスキップします。 安城市 受け継ぐ想いを 未来へ届ける 望遠郷 サイト内検索 ページID検索 設定 文字サイズ・色合い変更 Language メニュー 閉じる 緊急 情報 緊急情報 閉じる ホーム 生活・サービス 教育・学習 観光・文化・ス"
"安城市","medium","24","安城市","https://www.city.anjo.aichi.jp/kurasu/zeikin/kotei/taishingengaku.html","住宅耐震改修に伴う固定資産税の減額措置","安城市／住宅の耐震改修に係る固定資産税の減額 このサイトではJavaScriptを使用したコンテンツ・機能を提供しています。JavaScriptを有効にするとご利用いただけます。 本文へスキップします。 安城市 受け継ぐ想いを 未来へ届ける 望遠郷 サイト内検索 ページID検索 設定 文字サイズ・色合い変更 Language メニュー 閉じる 緊急 情報 緊急情報 閉じる ホーム 生活・サービス 教育・学習 観光・文化・スポーツ 産業・"
"西尾市","medium","24","介護・高齢者","https://www.city.nishio.aichi.jp/lifescene/kaigo/index.html","介護・高齢者","介護・高齢者｜西尾市公式ウェブサイト 当ホームページではjavascriptを使用しています。 javascriptの使用を有効にしなければ、一部の機能が正確に動作しない恐れがあります。お手数ですがjavascriptの使用を有効にしてください。 エンターキーを押すと、ナビゲーション部分をスキップし本文へ移動します。 サイトマップ Select Language English 中文（简体字） 中文（繁體字） 한국어 Português"
"西尾市","medium","24","ごみの出し方","https://www.city.nishio.aichi.jp/kurashi/gomi/1001393/index.html","ごみの出し方","ごみの出し方｜西尾市公式ウェブサイト 当ホームページではjavascriptを使用しています。 javascriptの使用を有効にしなければ、一部の機能が正確に動作しない恐れがあります。お手数ですがjavascriptの使用を有効にしてください。 エンターキーを押すと、ナビゲーション部分をスキップし本文へ移動します。 サイトマップ Select Language English 中文（简体字） 中文（繁體字） 한국어 Português"
"西尾市","medium","24","空家対策","https://www.city.nishio.aichi.jp/kurashi/sumai/1001387/index.html","空家対策","空家対策｜西尾市公式ウェブサイト 当ホームページではjavascriptを使用しています。 javascriptの使用を有効にしなければ、一部の機能が正確に動作しない恐れがあります。お手数ですがjavascriptの使用を有効にしてください。 エンターキーを押すと、ナビゲーション部分をスキップし本文へ移動します。 サイトマップ Select Language English 中文（简体字） 中文（繁體字） 한국어 Português T"
"西尾市","medium","24","よくある質問 成人の予防接種で助成してもらえるものには、何がありますか？","https://www.city.nishio.aichi.jp/faq/kenko/1004248.html","成人の予防接種で助成してもらえるものには、何がありますか？","よくある質問 成人の予防接種で助成してもらえるものには、何がありますか？｜西尾市公式ウェブサイト 当ホームページではjavascriptを使用しています。 javascriptの使用を有効にしなければ、一部の機能が正確に動作しない恐れがあります。お手数ですがjavascriptの使用を有効にしてください。 エンターキーを押すと、ナビゲーション部分をスキップし本文へ移動します。 サイトマップ Select Language English"
"西尾市","medium","24","よくある質問 休日に診療してもらえる医療機関はどこで調べればよいですか？","https://www.city.nishio.aichi.jp/faq/kenko/1004249.html","休日に診療してもらえる医療機関はどこで調べればよいですか？","よくある質問 休日に診療してもらえる医療機関はどこで調べればよいですか？｜西尾市公式ウェブサイト 当ホームページではjavascriptを使用しています。 javascriptの使用を有効にしなければ、一部の機能が正確に動作しない恐れがあります。お手数ですがjavascriptの使用を有効にしてください。 エンターキーを押すと、ナビゲーション部分をスキップし本文へ移動します。 サイトマップ Select Language English"
"西尾市","medium","24","④ 補助金等交付請求書 （Word 23.7KB）","https://www.city.nishio.aichi.jp/_res/projects/default_project/_page_/001/004/503/2026_4_hojyokintoukoufuseikyuusyo.docx","④ 補助金等交付請求書 （Word 23.7KB）","PK     ! z!0:�  -   [Content_Types].xml �(�                                                                                                                                                                    "
"西尾市","medium","24","救急","https://www.city.nishio.aichi.jp/kurashi/shobo/1001373/index.html","救急","救急｜西尾市公式ウェブサイト 当ホームページではjavascriptを使用しています。 javascriptの使用を有効にしなければ、一部の機能が正確に動作しない恐れがあります。お手数ですがjavascriptの使用を有効にしてください。 エンターキーを押すと、ナビゲーション部分をスキップし本文へ移動します。 サイトマップ Select Language English 中文（简体字） 中文（繁體字） 한국어 Português Tag"
"西尾市","medium","24","医療機関","https://www.city.nishio.aichi.jp/lifescene/byokikega/1005370/index.html","医療機関","医療機関｜西尾市公式ウェブサイト 当ホームページではjavascriptを使用しています。 javascriptの使用を有効にしなければ、一部の機能が正確に動作しない恐れがあります。お手数ですがjavascriptの使用を有効にしてください。 エンターキーを押すと、ナビゲーション部分をスキップし本文へ移動します。 サイトマップ Select Language English 中文（简体字） 中文（繁體字） 한국어 Português T"
"蒲郡市","medium","24","新型コロナウイルス定期予防接種について - 蒲郡市保健医療センター - 愛知県蒲郡市公式ホームページ","https://www.city.gamagori.lg.jp/site/hokencenter/c-vaccinesessyu.html","愛知県広域予防接種協力医療機関での接種申請","新型コロナウイルス定期予防接種について - 蒲郡市保健医療センター - 愛知県蒲郡市公式ホームページ ページの先頭です。 メニューを飛ばして本文へ メニュー 検索 JavaScriptが無効のため、文字の大きさ・背景色を変更する機能を使用できません。 本文へ Foreign language 音声読み上げ ふりがな 閲覧補助 文字サイズ 拡大 標準 背景色 白 黒 青 閉じる 休日・救急医療 安心・ひろめーる AED設置場所 緊急・防災"
"蒲郡市","medium","24","デジタル行政推進課 - 愛知県蒲郡市公式ホームページ","https://www.city.gamagori.lg.jp/unit/digital/","デジタル行政推進課","デジタル行政推進課 - 愛知県蒲郡市公式ホームページ ページの先頭です。 メニューを飛ばして本文へ メニュー 検索 JavaScriptが無効のため、文字の大きさ・背景色を変更する機能を使用できません。 本文へ Foreign language 音声読み上げ ふりがな 閲覧補助 文字サイズ 拡大 標準 背景色 白 黒 青 閉じる 休日・救急医療 安心・ひろめーる AED設置場所 緊急・防災情報 くらし・手続 防災・安全安心 マイナンバー"
"蒲郡市","medium","24","蒲郡市耐震改修促進計画 - 愛知県蒲郡市公式ホームページ","https://www.city.gamagori.lg.jp/unit/kenchiku/taishinkeikaku.html","蒲郡市耐震改修促進計画","蒲郡市耐震改修促進計画 - 愛知県蒲郡市公式ホームページ ページの先頭です。 メニューを飛ばして本文へ メニュー 検索 JavaScriptが無効のため、文字の大きさ・背景色を変更する機能を使用できません。 本文へ Foreign language 音声読み上げ ふりがな 閲覧補助 文字サイズ 拡大 標準 背景色 白 黒 青 閉じる 休日・救急医療 安心・ひろめーる AED設置場所 緊急・防災情報 くらし・手続 防災・安全安心 マイナン"
"安城市","medium","23","安城市","https://www.city.anjo.aichi.jp/soshiki/hokenbu/korei.html","高齢福祉課","安城市／高齢福祉課 このサイトではJavaScriptを使用したコンテンツ・機能を提供しています。JavaScriptを有効にするとご利用いただけます。 本文へスキップします。 安城市 受け継ぐ想いを 未来へ届ける 望遠郷 サイト内検索 ページID検索 設定 文字サイズ・色合い変更 Language メニュー 閉じる 緊急 情報 緊急情報 閉じる ホーム 生活・サービス 教育・学習 観光・文化・スポーツ 産業・入札 市政情報 ホーム >"
"西尾市","medium","23","文化施設・福祉施設の予約","https://www.city.nishio.aichi.jp/shisetsu/yoyaku/1001567/1003890.html","文化施設・福祉施設の予約","文化施設・福祉施設の予約｜西尾市公式ウェブサイト 当ホームページではjavascriptを使用しています。 javascriptの使用を有効にしなければ、一部の機能が正確に動作しない恐れがあります。お手数ですがjavascriptの使用を有効にしてください。 エンターキーを押すと、ナビゲーション部分をスキップし本文へ移動します。 サイトマップ Select Language English 中文（简体字） 中文（繁體字） 한국어 Por"
"西尾市","medium","23","にしたんマップ 西尾市地図情報サービス","https://www.city.nishio.aichi.jp/kurashi/denshi/1001391/1001831.html","にしたんマップ 西尾市地図情報サービス","にしたんマップ 西尾市地図情報サービス｜西尾市公式ウェブサイト 当ホームページではjavascriptを使用しています。 javascriptの使用を有効にしなければ、一部の機能が正確に動作しない恐れがあります。お手数ですがjavascriptの使用を有効にしてください。 エンターキーを押すと、ナビゲーション部分をスキップし本文へ移動します。 サイトマップ Select Language English 中文（简体字） 中文（繁體字） "
"西尾市","medium","23","肥料価格高騰対策","https://www.city.nishio.aichi.jp/1008292/1008314.html","肥料価格高騰対策","肥料価格高騰対策｜西尾市公式ウェブサイト 当ホームページではjavascriptを使用しています。 javascriptの使用を有効にしなければ、一部の機能が正確に動作しない恐れがあります。お手数ですがjavascriptの使用を有効にしてください。 エンターキーを押すと、ナビゲーション部分をスキップし本文へ移動します。 サイトマップ Select Language English 中文（简体字） 中文（繁體字） 한국어 Portugu"
"西尾市","medium","23","年度途中入園の手続き","https://www.city.nishio.aichi.jp/kosodate/hoikuen/1005131/1002373.html","年度途中入園の手続き","年度途中入園の手続き｜西尾市公式ウェブサイト 当ホームページではjavascriptを使用しています。 javascriptの使用を有効にしなければ、一部の機能が正確に動作しない恐れがあります。お手数ですがjavascriptの使用を有効にしてください。 エンターキーを押すと、ナビゲーション部分をスキップし本文へ移動します。 サイトマップ Select Language English 中文（简体字） 中文（繁體字） 한국어 Portu"
"西尾市","medium","23","オンライン育児相談","https://www.city.nishio.aichi.jp/kosodate/sodan/1002362.html","オンライン育児相談","オンライン育児相談｜西尾市公式ウェブサイト 当ホームページではjavascriptを使用しています。 javascriptの使用を有効にしなければ、一部の機能が正確に動作しない恐れがあります。お手数ですがjavascriptの使用を有効にしてください。 エンターキーを押すと、ナビゲーション部分をスキップし本文へ移動します。 サイトマップ Select Language English 中文（简体字） 中文（繁體字） 한국어 Portug"
"西尾市","medium","23","育児相談","https://www.city.nishio.aichi.jp/kosodate/sodan/1002358.html","育児相談","育児相談｜西尾市公式ウェブサイト 当ホームページではjavascriptを使用しています。 javascriptの使用を有効にしなければ、一部の機能が正確に動作しない恐れがあります。お手数ですがjavascriptの使用を有効にしてください。 エンターキーを押すと、ナビゲーション部分をスキップし本文へ移動します。 サイトマップ Select Language English 中文（简体字） 中文（繁體字） 한국어 Português T"
"西尾市","medium","23","健康相談","https://www.city.nishio.aichi.jp/kenkofukushi/kenshin/1001448/1008286/1002451.html","健康相談","健康相談｜西尾市公式ウェブサイト 当ホームページではjavascriptを使用しています。 javascriptの使用を有効にしなければ、一部の機能が正確に動作しない恐れがあります。お手数ですがjavascriptの使用を有効にしてください。 エンターキーを押すと、ナビゲーション部分をスキップし本文へ移動します。 サイトマップ Select Language English 中文（简体字） 中文（繁體字） 한국어 Português T"
"西尾市","medium","23","農業制度資金","https://www.city.nishio.aichi.jp/sangyo/norinsuisan/1001501/1005695/1003063.html","農業制度資金","農業制度資金｜西尾市公式ウェブサイト 当ホームページではjavascriptを使用しています。 javascriptの使用を有効にしなければ、一部の機能が正確に動作しない恐れがあります。お手数ですがjavascriptの使用を有効にしてください。 エンターキーを押すと、ナビゲーション部分をスキップし本文へ移動します。 サイトマップ Select Language English 中文（简体字） 中文（繁體字） 한국어 Português"
"蒲郡市","medium","23","職員採用試験情報 - 愛知県蒲郡市公式ホームページ","https://www.city.gamagori.lg.jp/unit/jinji/saiyosiken.html","職員採用試験情報","職員採用試験情報 - 愛知県蒲郡市公式ホームページ ページの先頭です。 メニューを飛ばして本文へ メニュー 検索 JavaScriptが無効のため、文字の大きさ・背景色を変更する機能を使用できません。 本文へ Foreign language 音声読み上げ ふりがな 閲覧補助 文字サイズ 拡大 標準 背景色 白 黒 青 閉じる 休日・救急医療 安心・ひろめーる AED設置場所 緊急・防災情報 くらし・手続 防災・安全安心 マイナンバーカ"
"蒲郡市","medium","23","【終了しました】公募型プロポーザル実施情報（第８期障害福祉計画・第４期障害児等福祉計画策定業務）【6/29更新】 - 愛知県蒲郡市公式ホームページ","https://www.city.gamagori.lg.jp/unit/fukushi/dai8kisyougaihukusikeikakudai4kisyougaijitouhukusikeikakusakutei.html","【終了しました】公募型プロポーザル実施情報（第８期障害福祉計画・第４期障害児等福祉計画策定業務）【6/29更新】","【終了しました】公募型プロポーザル実施情報（第８期障害福祉計画・第４期障害児等福祉計画策定業務）【6/29更新】 - 愛知県蒲郡市公式ホームページ ページの先頭です。 メニューを飛ばして本文へ メニュー 検索 JavaScriptが無効のため、文字の大きさ・背景色を変更する機能を使用できません。 本文へ Foreign language 音声読み上げ ふりがな 閲覧補助 文字サイズ 拡大 標準 背景色 白 黒 青 閉じる 休日・救急医療"
"蒲郡市","medium","23","体重測定１００日チャレンジ！ - 蒲郡市保健医療センター - 愛知県蒲郡市公式ホームページ","https://www.city.gamagori.lg.jp/site/hokencenter/list483-1758.html","蒲郡市保健医療センターメニュー","体重測定１００日チャレンジ！ - 蒲郡市保健医療センター - 愛知県蒲郡市公式ホームページ ページの先頭です。 メニューを飛ばして本文へ メニュー 検索 JavaScriptが無効のため、文字の大きさ・背景色を変更する機能を使用できません。 本文へ Foreign language 音声読み上げ ふりがな 閲覧補助 文字サイズ 拡大 標準 背景色 白 黒 青 閉じる 休日・救急医療 安心・ひろめーる AED設置場所 緊急・防災情報 くら"
"刈谷市","medium","22","医療・健診・健康づくり","https://www.city.kariya.lg.jp/kosodatenavi/1014910/1011902/index.html","医療・健診・健康づくり","医療・健診・健康づくり｜かりや子育て応援ナビ 当ホームページではjavascriptを使用しています。 javascriptの使用を有効にしなければ、一部の機能が正確に動作しない恐れがあります。お手数ですがjavascriptの使用を有効にしてください。 エンターキーを押すと、ナビゲーション部分をスキップし本文へ移動します。 救急のとき いざというときに 災害時の避難所 休日診療案内 防災・減災 気象情報 衣浦東部広域連合 閉じる メニ"
"刈谷市","medium","22","夢と学びの科学体験館へのアクセス","https://www.city.kariya.lg.jp/yumemana/1001207.html","夢と学びの科学体験館へのアクセス","夢と学びの科学体験館へのアクセス｜夢と学びの科学体験館 当ホームページではjavascriptを使用しています。 javascriptの使用を有効にしなければ、一部の機能が正確に動作しない恐れがあります。お手数ですがjavascriptの使用を有効にしてください。 エンターキーを押すと、ナビゲーション部分をスキップし本文へ移動します。 サイトマップ 文字サイズ・配色の変更 Foreign Language English portugu"
"豊田市","medium","22","高齢者保健福祉計画・介護保険事業計画","https://www.city.toyota.aichi.jp/shisei/1073254/gyoseikeikaku/kenkou/1007637.html","高齢者保健福祉計画・介護保険事業計画","高齢者保健福祉計画・介護保険事業計画｜豊田市 当ホームページではjavascriptを使用しています。 javascriptの使用を有効にしなければ、一部の機能が正確に動作しない恐れがあります。お手数ですがjavascriptの使用を有効にしてください。 エンターキーを押すと、ナビゲーション部分をスキップし本文へ移動します。 豊田市 TOYOTA CITY サイト メニュー 庁舎案内 Select Language Afrikaans "
"安城市","medium","22","安城市","https://www.city.anjo.aichi.jp/shisei/siminsankatokyodo/kyodo/shiminkatsudohojyokin-taisyoujigyou/shiminkatsudohojyokin-top.html","安城市市民活動補助金","安城市／安城市市民活動補助金 このサイトではJavaScriptを使用したコンテンツ・機能を提供しています。JavaScriptを有効にするとご利用いただけます。 本文へスキップします。 安城市 受け継ぐ想いを 未来へ届ける 望遠郷 サイト内検索 ページID検索 設定 文字サイズ・色合い変更 Language メニュー 閉じる 緊急 情報 緊急情報 閉じる ホーム 生活・サービス 教育・学習 観光・文化・スポーツ 産業・入札 市政情報 "
"安城市","medium","22","安城市","https://www.city.anjo.aichi.jp/kurasu/kosodate/hattatsushien/soudan.html","発達相談・就学相談","安城市／発達相談・就学相談 このサイトではJavaScriptを使用したコンテンツ・機能を提供しています。JavaScriptを有効にするとご利用いただけます。 本文へスキップします。 安城市 受け継ぐ想いを 未来へ届ける 望遠郷 サイト内検索 ページID検索 設定 文字サイズ・色合い変更 Language メニュー 閉じる 緊急 情報 緊急情報 閉じる ホーム 生活・サービス 教育・学習 観光・文化・スポーツ 産業・入札 市政情報 ホ"
"安城市","medium","22","令和6年度市民活動補助金補助対象申請事業一覧（PDF：215KB）","https://www.city.anjo.aichi.jp/shisei/siminsankatokyodo/siminsanka/documents/2r6hojotaishoujigyouitiran.pdf","令和6年度市民活動補助金補助対象申請事業一覧（PDF：215KB）",""
"安城市","medium","22","令和7年度市民活動補助金申請団体一覧（PDF：542KB）","https://www.city.anjo.aichi.jp/shisei/siminsankatokyodo/siminsanka/documents/3r7sinnseidanntaiitiran.pdf","令和7年度市民活動補助金申請団体一覧（PDF：542KB）",""
"安城市","medium","22","令和6年度安城市市民活動補助金交付申請団体一覧（PDF：375KB）","https://www.city.anjo.aichi.jp/shisei/siminsankatokyodo/siminsanka/documents/r5-3siryou1.pdf","令和6年度安城市市民活動補助金交付申請団体一覧（PDF：375KB）",""
"安城市","medium","22","令和5年度市民活動補助金補助対象事業一覧（表）、令和6年度市民活動補助金審査に係る流れ（裏）（PDF：555KB）","https://www.city.anjo.aichi.jp/shisei/siminsankatokyodo/siminsanka/documents/051010siryou2.pdf","令和5年度市民活動補助金補助対象事業一覧（表）、令和6年度市民活動補助金審査に係る流れ（裏）（PDF：555KB）",""
"安城市","medium","22","3.令和4年度市民活動補助金交付申請事業一覧（PDF：118KB）","https://www.city.anjo.aichi.jp/shisei/siminsankatokyodo/siminsanka/documents/1107shiryo3.pdf","3.令和4年度市民活動補助金交付申請事業一覧（PDF：118KB）",""
"安城市","medium","22","(2)平成26年度安城市市民活動補助金交付申請一覧表（PDF：39KB）","https://www.city.anjo.aichi.jp/library_documents/02shinsei-ichiran.pdf","(2)平成26年度安城市市民活動補助金交付申請一覧表（PDF：39KB）",""
"西尾市","medium","22","総合福祉センターリニューアル業務指名型プロポーザル","https://www.city.nishio.aichi.jp/kenkofukushi/shakaifukushi/1010779/index.html","総合福祉センターリニューアル業務指名型プロポーザル","総合福祉センターリニューアル業務指名型プロポーザル｜西尾市公式ウェブサイト 当ホームページではjavascriptを使用しています。 javascriptの使用を有効にしなければ、一部の機能が正確に動作しない恐れがあります。お手数ですがjavascriptの使用を有効にしてください。 エンターキーを押すと、ナビゲーション部分をスキップし本文へ移動します。 サイトマップ Select Language English 中文（简体字） 中文"
"西尾市","medium","22","財産貸付情報","https://www.city.nishio.aichi.jp/sangyo/nyusatsu/1001499/index.html","財産貸付情報","財産貸付情報｜西尾市公式ウェブサイト 当ホームページではjavascriptを使用しています。 javascriptの使用を有効にしなければ、一部の機能が正確に動作しない恐れがあります。お手数ですがjavascriptの使用を有効にしてください。 エンターキーを押すと、ナビゲーション部分をスキップし本文へ移動します。 サイトマップ Select Language English 中文（简体字） 中文（繁體字） 한국어 Português"
"西尾市","medium","22","子育てのための施設等利用給付認定申請書 （PDF 98.4KB）","https://www.city.nishio.aichi.jp/_res/projects/default_project/_page_/001/002/381/ninnteikizyunn/sinnseisyo_r5.pdf","子育てのための施設等利用給付認定申請書 （PDF 98.4KB）",""
"西尾市","medium","22","子育てのための施設等利用給付認定申請書（記入例） （PDF 108.7KB）","https://www.city.nishio.aichi.jp/_res/projects/default_project/_page_/001/002/381/kinyuurei_r5.pdf","子育てのための施設等利用給付認定申請書（記入例） （PDF 108.7KB）",""
"蒲郡市","medium","22","上下水道・道路・河川・交通 - 愛知県蒲郡市公式ホームページ","https://www.city.gamagori.lg.jp/life/1/38/","上下水道・道路・河川・交通","上下水道・道路・河川・交通 - 愛知県蒲郡市公式ホームページ ページの先頭です。 メニューを飛ばして本文へ メニュー 検索 JavaScriptが無効のため、文字の大きさ・背景色を変更する機能を使用できません。 本文へ Foreign language 音声読み上げ ふりがな 閲覧補助 文字サイズ 拡大 標準 背景色 白 黒 青 閉じる 休日・救急医療 安心・ひろめーる AED設置場所 緊急・防災情報 くらし・手続 防災・安全安心 マイ"
"蒲郡市","medium","22","再生医療の日めくりカレンダーを作成しました - 愛知県蒲郡市公式ホームページ","https://www.city.gamagori.lg.jp/unit/sangyo/saisei-calendar.html","再生医療の日めくりカレンダーを作成しました","再生医療の日めくりカレンダーを作成しました - 愛知県蒲郡市公式ホームページ ページの先頭です。 メニューを飛ばして本文へ メニュー 検索 JavaScriptが無効のため、文字の大きさ・背景色を変更する機能を使用できません。 本文へ Foreign language 音声読み上げ ふりがな 閲覧補助 文字サイズ 拡大 標準 背景色 白 黒 青 閉じる 休日・救急医療 安心・ひろめーる AED設置場所 緊急・防災情報 くらし・手続 防災"
"蒲郡市","medium","22","平日予約制マイナンバー専用窓口が開設されます - 愛知県蒲郡市公式ホームページ","https://www.city.gamagori.lg.jp/unit/shimin/heijitsuyoyakusei.html","平日予約制マイナンバー専用窓口が開設されます","平日予約制マイナンバー専用窓口が開設されます - 愛知県蒲郡市公式ホームページ ページの先頭です。 メニューを飛ばして本文へ メニュー 検索 JavaScriptが無効のため、文字の大きさ・背景色を変更する機能を使用できません。 本文へ Foreign language 音声読み上げ ふりがな 閲覧補助 文字サイズ 拡大 標準 背景色 白 黒 青 閉じる 休日・救急医療 安心・ひろめーる AED設置場所 緊急・防災情報 くらし・手続 防"
"蒲郡市","medium","22","蒲郡サーキュラーシティイノベーションプログラムを募集します - サーキュラーシティ蒲郡","https://www.city.gamagori.lg.jp/site/circularcity/ce-shien.html","蒲郡サーキュラーシティイノベーションプログラムを募集します","蒲郡サーキュラーシティイノベーションプログラムを募集します - サーキュラーシティ蒲郡 ビジョン アクションプラン イベント プロジェクト お問合わせ 蒲郡サーキュラーシティイノベーションプログラムを募集します 蒲郡市はサーキュラーエコノミーを地域全体で積極的に推進する都市「サーキュラーシティ」を目指すことを表明しており、昨年度までの３年間で実証実験を１４件行いました。 今後、さらにサーキュラーシティの取組を加速し、イノベーションを創出"
"蒲郡市","medium","22","三河湾ネットワーク株式会社 | テレビ・ネット・電話 まかせて安心","https://www.sky-1.co.jp/","お問合せ・お申込み分からないことや、ご相談などお気軽にお電話ください。","三河湾ネットワーク株式会社 | テレビ・ネット・電話 まかせて安心 蒲郡市・幸田町のテレビ・ネット・デンワなら三河湾ネットワーク --> 蒲郡市・幸田町のテレビ・ネット・デンワなら 法人のお客様 採用情報 企業情報 ショップ案内 文字サイズ 標準 大 マイページ等 サイト内を検索 ウェブ全体から検索 トップページ サービス案内 料金案内 番組案内 お客様サポート ご相談・お申込み 組み合わせで楽しさ広がる「三河湾ネットワーク」サービス "
"蒲郡市","medium","22","各種お問い合わせ・障害受付 | 三河湾ネットワーク株式会社","https://www.sky-1.co.jp/contact_troble/","各種サービスお問い合わせ 故障・障害受付 各種サービスの操作に関する お問い合わせや故障・障害時の お問い合わせ窓口をご案内します。 ご加入中のお客様","各種お問い合わせ・障害受付 | 三河湾ネットワーク株式会社 蒲郡市・幸田町のテレビ・ネット・デンワなら三河湾ネットワーク --> 蒲郡市・幸田町のテレビ・ネット・デンワなら 法人のお客様 採用情報 企業情報 ショップ案内 文字サイズ 標準 大 マイページ等 サイト内を検索 ウェブ全体から検索 トップページ サービス案内 料金案内 番組案内 お客様サポート ご相談・お申込み 組み合わせで楽しさ広がる「三河湾ネットワーク」サービス サービス"
"蒲郡市","medium","22","戸建住宅にお住まいのお客様 | 三河湾ネットワーク株式会社","https://www.sky-1.co.jp/inquest/kodate/","戸建住宅にお住まいの方","戸建住宅にお住まいのお客様 | 三河湾ネットワーク株式会社 蒲郡市・幸田町のテレビ・ネット・デンワなら三河湾ネットワーク --> 蒲郡市・幸田町のテレビ・ネット・デンワなら 法人のお客様 採用情報 企業情報 ショップ案内 文字サイズ 標準 大 マイページ等 サイト内を検索 ウェブ全体から検索 トップページ サービス案内 料金案内 番組案内 お客様サポート ご相談・お申込み 組み合わせで楽しさ広がる「三河湾ネットワーク」サービス サービス"
"蒲郡市","medium","22","集合住宅にお住まいのお客様へ | 三河湾ネットワーク株式会社","https://www.sky-1.co.jp/select-guide/apartment/","集合住宅にお住まいの方","集合住宅にお住まいのお客様へ | 三河湾ネットワーク株式会社 蒲郡市・幸田町のテレビ・ネット・デンワなら三河湾ネットワーク --> 蒲郡市・幸田町のテレビ・ネット・デンワなら 法人のお客様 採用情報 企業情報 ショップ案内 文字サイズ 標準 大 マイページ等 サイト内を検索 ウェブ全体から検索 トップページ サービス案内 料金案内 番組案内 お客様サポート ご相談・お申込み 組み合わせで楽しさ広がる「三河湾ネットワーク」サービス サービ"
"蒲郡市","medium","22","各種ハザードマップ一覧 - 緊急情報 - 愛知県蒲郡市公式ホームページ","https://www.city.gamagori.lg.jp/site/kinkyu/allhazard.html","各種ハザードマップ一覧","各種ハザードマップ一覧 - 緊急情報 - 愛知県蒲郡市公式ホームページ ページの先頭です。 メニューを飛ばして本文へ メニュー 検索 JavaScriptが無効のため、文字の大きさ・背景色を変更する機能を使用できません。 本文へ Foreign language 音声読み上げ ふりがな 閲覧補助 文字サイズ 拡大 標準 背景色 白 黒 青 閉じる 休日・救急医療 安心・ひろめーる AED設置場所 緊急・防災情報 くらし・手続 防災・安全"
"蒲郡市","medium","22","蒲郡市営住宅長寿命化計画について - 愛知県蒲郡市公式ホームページ","https://www.city.gamagori.lg.jp/unit/kenchiku/chozyumyoka-keikaku.html","蒲郡市営住宅長寿命化計画","蒲郡市営住宅長寿命化計画について - 愛知県蒲郡市公式ホームページ ページの先頭です。 メニューを飛ばして本文へ メニュー 検索 JavaScriptが無効のため、文字の大きさ・背景色を変更する機能を使用できません。 本文へ Foreign language 音声読み上げ ふりがな 閲覧補助 文字サイズ 拡大 標準 背景色 白 黒 青 閉じる 休日・救急医療 安心・ひろめーる AED設置場所 緊急・防災情報 くらし・手続 防災・安全安心"
