municipality,code,score,status,title,url,snippet
"岩倉市","23228","60","200","ブロック塀等撤去補助金 [2022年4月1日]","https://www.city.iwakura.aichi.jp/0000000080.html","ブロック塀等撤去補助金 | 岩倉市 共通メニューなどをスキップして本文へ 岩倉市トップに戻る ふりがな やさしい日本語 文字サイズ変更 標準 拡大 色の反転 標準 反転 検索 文字サイズ変更機能を利用するにはJavaScript（アクティブスクリプト）を有効にしてください。JavaScript（アクティブスクリプト）を無効のまま文字サイズを変更する場合には，ご利用のブラウザの表示メニューから文字サイズを変更してください。文字サイズ変更以外にも，操作性向上の目的でJavaScript（アクティブスクリプト）を用いた機能を提供しています。可能であればJavaScript（アクティブスクリプト）を有"
"岩倉市","23228","60","200","生活保護と福祉援助 [2026年6月1日] 生活保護／生活自立支援相談室／住居確保給付金","https://www.city.iwakura.aichi.jp/0000000110.html","生活保護と福祉援助 | 岩倉市 共通メニューなどをスキップして本文へ 岩倉市トップに戻る ふりがな やさしい日本語 文字サイズ変更 標準 拡大 色の反転 標準 反転 検索 文字サイズ変更機能を利用するにはJavaScript（アクティブスクリプト）を有効にしてください。JavaScript（アクティブスクリプト）を無効のまま文字サイズを変更する場合には，ご利用のブラウザの表示メニューから文字サイズを変更してください。文字サイズ変更以外にも，操作性向上の目的でJavaScript（アクティブスクリプト）を用いた機能を提供しています。可能であればJavaScript（アクティブスクリプト）を有効に"
"岩倉市","23228","60","200","住宅用地球温暖化対策設備設置費補助金","https://www.city.iwakura.aichi.jp/0000000202.html","住宅用地球温暖化対策設備設置費補助金 | 岩倉市 共通メニューなどをスキップして本文へ 岩倉市トップに戻る ふりがな やさしい日本語 文字サイズ変更 標準 拡大 色の反転 標準 反転 検索 文字サイズ変更機能を利用するにはJavaScript（アクティブスクリプト）を有効にしてください。JavaScript（アクティブスクリプト）を無効のまま文字サイズを変更する場合には，ご利用のブラウザの表示メニューから文字サイズを変更してください。文字サイズ変更以外にも，操作性向上の目的でJavaScript（アクティブスクリプト）を用いた機能を提供しています。可能であればJavaScript（アクティブス"
"岩倉市","23228","60","200","木造住宅無料耐震診断と住宅耐震改修等補助金及び空き家除却補助金 [2022年4月1日]","https://www.city.iwakura.aichi.jp/0000000209.html","木造住宅無料耐震診断と住宅耐震改修等補助金及び空き家除却補助金 | 岩倉市 共通メニューなどをスキップして本文へ 岩倉市トップに戻る ふりがな やさしい日本語 文字サイズ変更 標準 拡大 色の反転 標準 反転 検索 文字サイズ変更機能を利用するにはJavaScript（アクティブスクリプト）を有効にしてください。JavaScript（アクティブスクリプト）を無効のまま文字サイズを変更する場合には，ご利用のブラウザの表示メニューから文字サイズを変更してください。文字サイズ変更以外にも，操作性向上の目的でJavaScript（アクティブスクリプト）を用いた機能を提供しています。可能であればJava"
"岩倉市","23228","60","200","人間ドック助成事業","https://www.city.iwakura.aichi.jp/0000000243.html","人間ドック助成事業 | 岩倉市 共通メニューなどをスキップして本文へ 岩倉市トップに戻る ふりがな やさしい日本語 文字サイズ変更 標準 拡大 色の反転 標準 反転 検索 文字サイズ変更機能を利用するにはJavaScript（アクティブスクリプト）を有効にしてください。JavaScript（アクティブスクリプト）を無効のまま文字サイズを変更する場合には，ご利用のブラウザの表示メニューから文字サイズを変更してください。文字サイズ変更以外にも，操作性向上の目的でJavaScript（アクティブスクリプト）を用いた機能を提供しています。可能であればJavaScript（アクティブスクリプト）を有効に"
"岩倉市","23228","60","200","緑化推進事業補助金 [2022年4月1日]","https://www.city.iwakura.aichi.jp/0000000361.html","緑化推進事業補助金 | 岩倉市 共通メニューなどをスキップして本文へ 岩倉市トップに戻る ふりがな やさしい日本語 文字サイズ変更 標準 拡大 色の反転 標準 反転 検索 文字サイズ変更機能を利用するにはJavaScript（アクティブスクリプト）を有効にしてください。JavaScript（アクティブスクリプト）を無効のまま文字サイズを変更する場合には，ご利用のブラウザの表示メニューから文字サイズを変更してください。文字サイズ変更以外にも，操作性向上の目的でJavaScript（アクティブスクリプト）を用いた機能を提供しています。可能であればJavaScript（アクティブスクリプト）を有効に"
"岩倉市","23228","60","200","国民健康保険税の減免","https://www.city.iwakura.aichi.jp/0000001982.html","国民健康保険税の減免 | 岩倉市 共通メニューなどをスキップして本文へ 岩倉市トップに戻る ふりがな やさしい日本語 文字サイズ変更 標準 拡大 色の反転 標準 反転 検索 文字サイズ変更機能を利用するにはJavaScript（アクティブスクリプト）を有効にしてください。JavaScript（アクティブスクリプト）を無効のまま文字サイズを変更する場合には，ご利用のブラウザの表示メニューから文字サイズを変更してください。文字サイズ変更以外にも，操作性向上の目的でJavaScript（アクティブスクリプト）を用いた機能を提供しています。可能であればJavaScript（アクティブスクリプト）を有効"
"岩倉市","23228","60","200","創業支援事業","https://www.city.iwakura.aichi.jp/0000002022.html","創業支援事業 | 岩倉市 共通メニューなどをスキップして本文へ 岩倉市トップに戻る ふりがな やさしい日本語 文字サイズ変更 標準 拡大 色の反転 標準 反転 検索 文字サイズ変更機能を利用するにはJavaScript（アクティブスクリプト）を有効にしてください。JavaScript（アクティブスクリプト）を無効のまま文字サイズを変更する場合には，ご利用のブラウザの表示メニューから文字サイズを変更してください。文字サイズ変更以外にも，操作性向上の目的でJavaScript（アクティブスクリプト）を用いた機能を提供しています。可能であればJavaScript（アクティブスクリプト）を有効にしてく"
"岩倉市","23228","60","200","出産育児一時金","https://www.city.iwakura.aichi.jp/0000002025.html","出産育児一時金 | 岩倉市 共通メニューなどをスキップして本文へ 岩倉市トップに戻る ふりがな やさしい日本語 文字サイズ変更 標準 拡大 色の反転 標準 反転 検索 文字サイズ変更機能を利用するにはJavaScript（アクティブスクリプト）を有効にしてください。JavaScript（アクティブスクリプト）を無効のまま文字サイズを変更する場合には，ご利用のブラウザの表示メニューから文字サイズを変更してください。文字サイズ変更以外にも，操作性向上の目的でJavaScript（アクティブスクリプト）を用いた機能を提供しています。可能であればJavaScript（アクティブスクリプト）を有効にして"
"岩倉市","23228","60","200","後期高齢者医療保険料","https://www.city.iwakura.aichi.jp/0000002038.html","後期高齢者医療保険料 | 岩倉市 共通メニューなどをスキップして本文へ 岩倉市トップに戻る ふりがな やさしい日本語 文字サイズ変更 標準 拡大 色の反転 標準 反転 検索 文字サイズ変更機能を利用するにはJavaScript（アクティブスクリプト）を有効にしてください。JavaScript（アクティブスクリプト）を無効のまま文字サイズを変更する場合には，ご利用のブラウザの表示メニューから文字サイズを変更してください。文字サイズ変更以外にも，操作性向上の目的でJavaScript（アクティブスクリプト）を用いた機能を提供しています。可能であればJavaScript（アクティブスクリプト）を有効"
"岩倉市","23228","60","200","一部負担金減免等","https://www.city.iwakura.aichi.jp/0000002042.html","一部負担金減免等 | 岩倉市 共通メニューなどをスキップして本文へ 岩倉市トップに戻る ふりがな やさしい日本語 文字サイズ変更 標準 拡大 色の反転 標準 反転 検索 文字サイズ変更機能を利用するにはJavaScript（アクティブスクリプト）を有効にしてください。JavaScript（アクティブスクリプト）を無効のまま文字サイズを変更する場合には，ご利用のブラウザの表示メニューから文字サイズを変更してください。文字サイズ変更以外にも，操作性向上の目的でJavaScript（アクティブスクリプト）を用いた機能を提供しています。可能であればJavaScript（アクティブスクリプト）を有効にし"
"岩倉市","23228","60","200","その他の給付","https://www.city.iwakura.aichi.jp/0000002044.html","その他の給付 | 岩倉市 共通メニューなどをスキップして本文へ 岩倉市トップに戻る ふりがな やさしい日本語 文字サイズ変更 標準 拡大 色の反転 標準 反転 検索 文字サイズ変更機能を利用するにはJavaScript（アクティブスクリプト）を有効にしてください。JavaScript（アクティブスクリプト）を無効のまま文字サイズを変更する場合には，ご利用のブラウザの表示メニューから文字サイズを変更してください。文字サイズ変更以外にも，操作性向上の目的でJavaScript（アクティブスクリプト）を用いた機能を提供しています。可能であればJavaScript（アクティブスクリプト）を有効にしてく"
"岩倉市","23228","60","200","「雇用促進奨励金」のご案内","https://www.city.iwakura.aichi.jp/0000002300.html","「雇用促進奨励金」のご案内 | 岩倉市 共通メニューなどをスキップして本文へ 岩倉市トップに戻る ふりがな やさしい日本語 文字サイズ変更 標準 拡大 色の反転 標準 反転 検索 文字サイズ変更機能を利用するにはJavaScript（アクティブスクリプト）を有効にしてください。JavaScript（アクティブスクリプト）を無効のまま文字サイズを変更する場合には，ご利用のブラウザの表示メニューから文字サイズを変更してください。文字サイズ変更以外にも，操作性向上の目的でJavaScript（アクティブスクリプト）を用いた機能を提供しています。可能であればJavaScript（アクティブスクリプト）"
"岩倉市","23228","60","200","脳ドック・脳検査助成事業（国民健康保険）","https://www.city.iwakura.aichi.jp/0000002523.html","脳ドック・脳検査助成事業（国民健康保険） | 岩倉市 共通メニューなどをスキップして本文へ 岩倉市トップに戻る ふりがな やさしい日本語 文字サイズ変更 標準 拡大 色の反転 標準 反転 検索 文字サイズ変更機能を利用するにはJavaScript（アクティブスクリプト）を有効にしてください。JavaScript（アクティブスクリプト）を無効のまま文字サイズを変更する場合には，ご利用のブラウザの表示メニューから文字サイズを変更してください。文字サイズ変更以外にも，操作性向上の目的でJavaScript（アクティブスクリプト）を用いた機能を提供しています。可能であればJavaScript（アクティ"
"岩倉市","23228","60","200","脳ドック・脳検査助成事業(後期高齢者医療)","https://www.city.iwakura.aichi.jp/0000002525.html","脳ドック・脳検査助成事業(後期高齢者医療) | 岩倉市 共通メニューなどをスキップして本文へ 岩倉市トップに戻る ふりがな やさしい日本語 文字サイズ変更 標準 拡大 色の反転 標準 反転 検索 文字サイズ変更機能を利用するにはJavaScript（アクティブスクリプト）を有効にしてください。JavaScript（アクティブスクリプト）を無効のまま文字サイズを変更する場合には，ご利用のブラウザの表示メニューから文字サイズを変更してください。文字サイズ変更以外にも，操作性向上の目的でJavaScript（アクティブスクリプト）を用いた機能を提供しています。可能であればJavaScript（アクテ"
"岩倉市","23228","60","200","空き家バンク [2021年7月27日]","https://www.city.iwakura.aichi.jp/0000002813.html","空き家バンク | 岩倉市 共通メニューなどをスキップして本文へ 岩倉市トップに戻る ふりがな やさしい日本語 文字サイズ変更 標準 拡大 色の反転 標準 反転 検索 文字サイズ変更機能を利用するにはJavaScript（アクティブスクリプト）を有効にしてください。JavaScript（アクティブスクリプト）を無効のまま文字サイズを変更する場合には，ご利用のブラウザの表示メニューから文字サイズを変更してください。文字サイズ変更以外にも，操作性向上の目的でJavaScript（アクティブスクリプト）を用いた機能を提供しています。可能であればJavaScript（アクティブスクリプト）を有効にしてく"
"岩倉市","23228","60","200","岩倉市子ども行動計画","https://www.city.iwakura.aichi.jp/0000002984.html","岩倉市子ども行動計画 | 岩倉市 共通メニューなどをスキップして本文へ 岩倉市トップに戻る ふりがな やさしい日本語 文字サイズ変更 標準 拡大 色の反転 標準 反転 検索 文字サイズ変更機能を利用するにはJavaScript（アクティブスクリプト）を有効にしてください。JavaScript（アクティブスクリプト）を無効のまま文字サイズを変更する場合には，ご利用のブラウザの表示メニューから文字サイズを変更してください。文字サイズ変更以外にも，操作性向上の目的でJavaScript（アクティブスクリプト）を用いた機能を提供しています。可能であればJavaScript（アクティブスクリプト）を有効"
"岩倉市","23228","60","200","医療費控除には「医療費控除の明細書」が必要です！","https://www.city.iwakura.aichi.jp/0000003436.html","医療費控除には「医療費控除の明細書」が必要です！ | 岩倉市 共通メニューなどをスキップして本文へ 岩倉市トップに戻る ふりがな やさしい日本語 文字サイズ変更 標準 拡大 色の反転 標準 反転 検索 文字サイズ変更機能を利用するにはJavaScript（アクティブスクリプト）を有効にしてください。JavaScript（アクティブスクリプト）を無効のまま文字サイズを変更する場合には，ご利用のブラウザの表示メニューから文字サイズを変更してください。文字サイズ変更以外にも，操作性向上の目的でJavaScript（アクティブスクリプト）を用いた機能を提供しています。可能であればJavaScript（"
"岩倉市","23228","60","200","災害時の支援制度について [2019年5月15日] 自然災害（地震、風水害など）や火災などの災害による被害を受けられた被災者の生活再建支援のための制度概要を記載します。","https://www.city.iwakura.aichi.jp/0000003674.html","災害時の支援制度について | 岩倉市 共通メニューなどをスキップして本文へ 岩倉市トップに戻る ふりがな やさしい日本語 文字サイズ変更 標準 拡大 色の反転 標準 反転 検索 文字サイズ変更機能を利用するにはJavaScript（アクティブスクリプト）を有効にしてください。JavaScript（アクティブスクリプト）を無効のまま文字サイズを変更する場合には，ご利用のブラウザの表示メニューから文字サイズを変更してください。文字サイズ変更以外にも，操作性向上の目的でJavaScript（アクティブスクリプト）を用いた機能を提供しています。可能であればJavaScript（アクティブスクリプト）を"
"岩倉市","23228","60","200","資源回収を行う団体に助成金を交付しています [2025年8月5日] 助成対象品目は、古紙類（新聞紙、雑誌、段ボール）と古布・古着類","https://www.city.iwakura.aichi.jp/0000003679.html","資源回収を行う団体に助成金を交付しています | 岩倉市 共通メニューなどをスキップして本文へ 岩倉市トップに戻る ふりがな やさしい日本語 文字サイズ変更 標準 拡大 色の反転 標準 反転 検索 文字サイズ変更機能を利用するにはJavaScript（アクティブスクリプト）を有効にしてください。JavaScript（アクティブスクリプト）を無効のまま文字サイズを変更する場合には，ご利用のブラウザの表示メニューから文字サイズを変更してください。文字サイズ変更以外にも，操作性向上の目的でJavaScript（アクティブスクリプト）を用いた機能を提供しています。可能であればJavaScript（アクテ"
"岩倉市","23228","60","200","電動式生ごみ処理機の購入補助は終了しました。 [2026年3月31日] 市内にお住いの人が、市内の販売登録店（指定店）から電動式生ごみ処理機を購入する場合、補助金があります。","https://www.city.iwakura.aichi.jp/0000003680.html","電動式生ごみ処理機の購入補助は終了しました。 | 岩倉市 共通メニューなどをスキップして本文へ 岩倉市トップに戻る ふりがな やさしい日本語 文字サイズ変更 標準 拡大 色の反転 標準 反転 検索 文字サイズ変更機能を利用するにはJavaScript（アクティブスクリプト）を有効にしてください。JavaScript（アクティブスクリプト）を無効のまま文字サイズを変更する場合には，ご利用のブラウザの表示メニューから文字サイズを変更してください。文字サイズ変更以外にも，操作性向上の目的でJavaScript（アクティブスクリプト）を用いた機能を提供しています。可能であればJavaScript（アク"
"岩倉市","23228","60","200","幼児教育・保育の無償化 [2026年5月27日] 幼児教育・保育の無償化について制度の概要や手続きのご案内です。","https://www.city.iwakura.aichi.jp/0000003795.html","幼児教育・保育の無償化 | 岩倉市 共通メニューなどをスキップして本文へ 岩倉市トップに戻る ふりがな やさしい日本語 文字サイズ変更 標準 拡大 色の反転 標準 反転 検索 文字サイズ変更機能を利用するにはJavaScript（アクティブスクリプト）を有効にしてください。JavaScript（アクティブスクリプト）を無効のまま文字サイズを変更する場合には，ご利用のブラウザの表示メニューから文字サイズを変更してください。文字サイズ変更以外にも，操作性向上の目的でJavaScript（アクティブスクリプト）を用いた機能を提供しています。可能であればJavaScript（アクティブスクリプト）を有"
"岩倉市","23228","60","200","岩倉市就業者移住支援事業","https://www.city.iwakura.aichi.jp/0000003998.html","岩倉市就業者移住支援事業 | 岩倉市 共通メニューなどをスキップして本文へ 岩倉市トップに戻る ふりがな やさしい日本語 文字サイズ変更 標準 拡大 色の反転 標準 反転 検索 文字サイズ変更機能を利用するにはJavaScript（アクティブスクリプト）を有効にしてください。JavaScript（アクティブスクリプト）を無効のまま文字サイズを変更する場合には，ご利用のブラウザの表示メニューから文字サイズを変更してください。文字サイズ変更以外にも，操作性向上の目的でJavaScript（アクティブスクリプト）を用いた機能を提供しています。可能であればJavaScript（アクティブスクリプト）を"
"岩倉市","23228","60","200","岩倉市高齢者保健福祉計画及び介護保険事業計画","https://www.city.iwakura.aichi.jp/0000004705.html","岩倉市高齢者保健福祉計画及び介護保険事業計画 | 岩倉市 共通メニューなどをスキップして本文へ 岩倉市トップに戻る ふりがな やさしい日本語 文字サイズ変更 標準 拡大 色の反転 標準 反転 検索 文字サイズ変更機能を利用するにはJavaScript（アクティブスクリプト）を有効にしてください。JavaScript（アクティブスクリプト）を無効のまま文字サイズを変更する場合には，ご利用のブラウザの表示メニューから文字サイズを変更してください。文字サイズ変更以外にも，操作性向上の目的でJavaScript（アクティブスクリプト）を用いた機能を提供しています。可能であればJavaScript（アク"
"岩倉市","23228","60","200","障害者差別解消法","https://www.city.iwakura.aichi.jp/0000004795.html","障害者差別解消法 | 岩倉市 共通メニューなどをスキップして本文へ 岩倉市トップに戻る ふりがな やさしい日本語 文字サイズ変更 標準 拡大 色の反転 標準 反転 検索 文字サイズ変更機能を利用するにはJavaScript（アクティブスクリプト）を有効にしてください。JavaScript（アクティブスクリプト）を無効のまま文字サイズを変更する場合には，ご利用のブラウザの表示メニューから文字サイズを変更してください。文字サイズ変更以外にも，操作性向上の目的でJavaScript（アクティブスクリプト）を用いた機能を提供しています。可能であればJavaScript（アクティブスクリプト）を有効にし"
"岩倉市","23228","60","200","耐震改修促進計画","https://www.city.iwakura.aichi.jp/0000004910.html","耐震改修促進計画 | 岩倉市 共通メニューなどをスキップして本文へ 岩倉市トップに戻る ふりがな やさしい日本語 文字サイズ変更 標準 拡大 色の反転 標準 反転 検索 文字サイズ変更機能を利用するにはJavaScript（アクティブスクリプト）を有効にしてください。JavaScript（アクティブスクリプト）を無効のまま文字サイズを変更する場合には，ご利用のブラウザの表示メニューから文字サイズを変更してください。文字サイズ変更以外にも，操作性向上の目的でJavaScript（アクティブスクリプト）を用いた機能を提供しています。可能であればJavaScript（アクティブスクリプト）を有効にし"
"岩倉市","23228","60","200","物価高騰の影響で生活にお困りの方を支援する給付金","https://www.city.iwakura.aichi.jp/0000005771.html","物価高騰の影響で生活にお困りの方を支援する給付金 | 岩倉市 共通メニューなどをスキップして本文へ 岩倉市トップに戻る ふりがな やさしい日本語 文字サイズ変更 標準 拡大 色の反転 標準 反転 検索 文字サイズ変更機能を利用するにはJavaScript（アクティブスクリプト）を有効にしてください。JavaScript（アクティブスクリプト）を無効のまま文字サイズを変更する場合には，ご利用のブラウザの表示メニューから文字サイズを変更してください。文字サイズ変更以外にも，操作性向上の目的でJavaScript（アクティブスクリプト）を用いた機能を提供しています。可能であればJavaScript（"
"岩倉市","23228","60","200","補助金代理受領制度 [2022年4月1日]","https://www.city.iwakura.aichi.jp/0000005862.html","補助金代理受領制度 | 岩倉市 共通メニューなどをスキップして本文へ 岩倉市トップに戻る ふりがな やさしい日本語 文字サイズ変更 標準 拡大 色の反転 標準 反転 検索 文字サイズ変更機能を利用するにはJavaScript（アクティブスクリプト）を有効にしてください。JavaScript（アクティブスクリプト）を無効のまま文字サイズを変更する場合には，ご利用のブラウザの表示メニューから文字サイズを変更してください。文字サイズ変更以外にも，操作性向上の目的でJavaScript（アクティブスクリプト）を用いた機能を提供しています。可能であればJavaScript（アクティブスクリプト）を有効に"
"岩倉市","23228","60","200","その他住まいに関する補助金 [2026年4月7日]","https://www.city.iwakura.aichi.jp/0000006017.html","その他住まいに関する補助金 | 岩倉市 共通メニューなどをスキップして本文へ 岩倉市トップに戻る ふりがな やさしい日本語 文字サイズ変更 標準 拡大 色の反転 標準 反転 検索 文字サイズ変更機能を利用するにはJavaScript（アクティブスクリプト）を有効にしてください。JavaScript（アクティブスクリプト）を無効のまま文字サイズを変更する場合には，ご利用のブラウザの表示メニューから文字サイズを変更してください。文字サイズ変更以外にも，操作性向上の目的でJavaScript（アクティブスクリプト）を用いた機能を提供しています。可能であればJavaScript（アクティブスクリプト）"
"岩倉市","23228","60","200","個人用次世代自動車購入促進補助金","https://www.city.iwakura.aichi.jp/0000006297.html","個人用次世代自動車購入促進補助金 | 岩倉市 共通メニューなどをスキップして本文へ 岩倉市トップに戻る ふりがな やさしい日本語 文字サイズ変更 標準 拡大 色の反転 標準 反転 検索 文字サイズ変更機能を利用するにはJavaScript（アクティブスクリプト）を有効にしてください。JavaScript（アクティブスクリプト）を無効のまま文字サイズを変更する場合には，ご利用のブラウザの表示メニューから文字サイズを変更してください。文字サイズ変更以外にも，操作性向上の目的でJavaScript（アクティブスクリプト）を用いた機能を提供しています。可能であればJavaScript（アクティブスクリ"
"岩倉市","23228","60","200","事業用次世代自動車購入促進補助金","https://www.city.iwakura.aichi.jp/0000006314.html","事業用次世代自動車購入促進補助金 | 岩倉市 共通メニューなどをスキップして本文へ 岩倉市トップに戻る ふりがな やさしい日本語 文字サイズ変更 標準 拡大 色の反転 標準 反転 検索 文字サイズ変更機能を利用するにはJavaScript（アクティブスクリプト）を有効にしてください。JavaScript（アクティブスクリプト）を無効のまま文字サイズを変更する場合には，ご利用のブラウザの表示メニューから文字サイズを変更してください。文字サイズ変更以外にも，操作性向上の目的でJavaScript（アクティブスクリプト）を用いた機能を提供しています。可能であればJavaScript（アクティブスクリ"
"岩倉市","23228","60","200","後期高齢者医療コールセンターについて","https://www.city.iwakura.aichi.jp/0000006320.html","後期高齢者医療コールセンターについて | 岩倉市 共通メニューなどをスキップして本文へ 岩倉市トップに戻る ふりがな やさしい日本語 文字サイズ変更 標準 拡大 色の反転 標準 反転 検索 文字サイズ変更機能を利用するにはJavaScript（アクティブスクリプト）を有効にしてください。JavaScript（アクティブスクリプト）を無効のまま文字サイズを変更する場合には，ご利用のブラウザの表示メニューから文字サイズを変更してください。文字サイズ変更以外にも，操作性向上の目的でJavaScript（アクティブスクリプト）を用いた機能を提供しています。可能であればJavaScript（アクティブス"
"岩倉市","23228","60","200","中小企業等経営強化法（旧法：生産性向上特別措置法）に基づく「導入促進基本計画」及び「先端設備等導入計画」について","https://www.city.iwakura.aichi.jp/0000006348.html","中小企業等経営強化法（旧法：生産性向上特別措置法）に基づく「導入促進基本計画」及び「先端設備等導入計画」について | 岩倉市 共通メニューなどをスキップして本文へ 岩倉市トップに戻る ふりがな やさしい日本語 文字サイズ変更 標準 拡大 色の反転 標準 反転 検索 文字サイズ変更機能を利用するにはJavaScript（アクティブスクリプト）を有効にしてください。JavaScript（アクティブスクリプト）を無効のまま文字サイズを変更する場合には，ご利用のブラウザの表示メニューから文字サイズを変更してください。文字サイズ変更以外にも，操作性向上の目的でJavaScript（アクティブスクリプト）"
"岩倉市","23228","60","200","ゼロカーボンシティの推進に向けた本市のこれまでの取組","https://www.city.iwakura.aichi.jp/0000006399.html","ゼロカーボンシティの推進に向けた本市のこれまでの取組 | 岩倉市 共通メニューなどをスキップして本文へ 岩倉市トップに戻る ふりがな やさしい日本語 文字サイズ変更 標準 拡大 色の反転 標準 反転 検索 文字サイズ変更機能を利用するにはJavaScript（アクティブスクリプト）を有効にしてください。JavaScript（アクティブスクリプト）を無効のまま文字サイズを変更する場合には，ご利用のブラウザの表示メニューから文字サイズを変更してください。文字サイズ変更以外にも，操作性向上の目的でJavaScript（アクティブスクリプト）を用いた機能を提供しています。可能であればJavaScrip"
"岩倉市","23228","60","200","空き家の管理 [2024年4月23日]","https://www.city.iwakura.aichi.jp/0000006849.html","空き家の管理 | 岩倉市 共通メニューなどをスキップして本文へ 岩倉市トップに戻る ふりがな やさしい日本語 文字サイズ変更 標準 拡大 色の反転 標準 反転 検索 文字サイズ変更機能を利用するにはJavaScript（アクティブスクリプト）を有効にしてください。JavaScript（アクティブスクリプト）を無効のまま文字サイズを変更する場合には，ご利用のブラウザの表示メニューから文字サイズを変更してください。文字サイズ変更以外にも，操作性向上の目的でJavaScript（アクティブスクリプト）を用いた機能を提供しています。可能であればJavaScript（アクティブスクリプト）を有効にしてく"
"岩倉市","23228","60","200","空き家除却補助金 [2024年4月23日]","https://www.city.iwakura.aichi.jp/0000006850.html","空き家除却補助金 | 岩倉市 共通メニューなどをスキップして本文へ 岩倉市トップに戻る ふりがな やさしい日本語 文字サイズ変更 標準 拡大 色の反転 標準 反転 検索 文字サイズ変更機能を利用するにはJavaScript（アクティブスクリプト）を有効にしてください。JavaScript（アクティブスクリプト）を無効のまま文字サイズを変更する場合には，ご利用のブラウザの表示メニューから文字サイズを変更してください。文字サイズ変更以外にも，操作性向上の目的でJavaScript（アクティブスクリプト）を用いた機能を提供しています。可能であればJavaScript（アクティブスクリプト）を有効にし"
"岩倉市","23228","60","200","定額減税補足給付金（調整給付）について","https://www.city.iwakura.aichi.jp/0000006881.html","定額減税補足給付金（調整給付）について | 岩倉市 共通メニューなどをスキップして本文へ 岩倉市トップに戻る ふりがな やさしい日本語 文字サイズ変更 標準 拡大 色の反転 標準 反転 検索 文字サイズ変更機能を利用するにはJavaScript（アクティブスクリプト）を有効にしてください。JavaScript（アクティブスクリプト）を無効のまま文字サイズを変更する場合には，ご利用のブラウザの表示メニューから文字サイズを変更してください。文字サイズ変更以外にも，操作性向上の目的でJavaScript（アクティブスクリプト）を用いた機能を提供しています。可能であればJavaScript（アクティブ"
"岩倉市","23228","60","200","いわくらゼロカーボン事業者認証制度について","https://www.city.iwakura.aichi.jp/0000006896.html","いわくらゼロカーボン事業者認証制度について | 岩倉市 共通メニューなどをスキップして本文へ 岩倉市トップに戻る ふりがな やさしい日本語 文字サイズ変更 標準 拡大 色の反転 標準 反転 検索 文字サイズ変更機能を利用するにはJavaScript（アクティブスクリプト）を有効にしてください。JavaScript（アクティブスクリプト）を無効のまま文字サイズを変更する場合には，ご利用のブラウザの表示メニューから文字サイズを変更してください。文字サイズ変更以外にも，操作性向上の目的でJavaScript（アクティブスクリプト）を用いた機能を提供しています。可能であればJavaScript（アクテ"
"岩倉市","23228","60","200","ゼロカーボン推進事業者向け懇話会","https://www.city.iwakura.aichi.jp/0000006904.html","ゼロカーボン推進事業者向け懇話会 | 岩倉市 共通メニューなどをスキップして本文へ 岩倉市トップに戻る ふりがな やさしい日本語 文字サイズ変更 標準 拡大 色の反転 標準 反転 検索 文字サイズ変更機能を利用するにはJavaScript（アクティブスクリプト）を有効にしてください。JavaScript（アクティブスクリプト）を無効のまま文字サイズを変更する場合には，ご利用のブラウザの表示メニューから文字サイズを変更してください。文字サイズ変更以外にも，操作性向上の目的でJavaScript（アクティブスクリプト）を用いた機能を提供しています。可能であればJavaScript（アクティブスクリ"
"岩倉市","23228","60","200","定額減税や給付金をかたった不審な電話やメール等にご注意ください！","https://www.city.iwakura.aichi.jp/0000006938.html","定額減税や給付金をかたった不審な電話やメール等にご注意ください！ | 岩倉市 共通メニューなどをスキップして本文へ 岩倉市トップに戻る ふりがな やさしい日本語 文字サイズ変更 標準 拡大 色の反転 標準 反転 検索 文字サイズ変更機能を利用するにはJavaScript（アクティブスクリプト）を有効にしてください。JavaScript（アクティブスクリプト）を無効のまま文字サイズを変更する場合には，ご利用のブラウザの表示メニューから文字サイズを変更してください。文字サイズ変更以外にも，操作性向上の目的でJavaScript（アクティブスクリプト）を用いた機能を提供しています。可能であればJav"
"岩倉市","23228","60","200","（終了しました）ゼロカーボン推進ショートムービーコンテスト","https://www.city.iwakura.aichi.jp/0000007021.html","（終了しました）ゼロカーボン推進ショートムービーコンテスト | 岩倉市 共通メニューなどをスキップして本文へ 岩倉市トップに戻る ふりがな やさしい日本語 文字サイズ変更 標準 拡大 色の反転 標準 反転 検索 文字サイズ変更機能を利用するにはJavaScript（アクティブスクリプト）を有効にしてください。JavaScript（アクティブスクリプト）を無効のまま文字サイズを変更する場合には，ご利用のブラウザの表示メニューから文字サイズを変更してください。文字サイズ変更以外にも，操作性向上の目的でJavaScript（アクティブスクリプト）を用いた機能を提供しています。可能であればJavaSc"
"岩倉市","23228","60","200","岩倉市ゼロカーボンチャレンジ2024","https://www.city.iwakura.aichi.jp/0000007063.html","岩倉市ゼロカーボンチャレンジ2024 | 岩倉市 共通メニューなどをスキップして本文へ 岩倉市トップに戻る ふりがな やさしい日本語 文字サイズ変更 標準 拡大 色の反転 標準 反転 検索 文字サイズ変更機能を利用するにはJavaScript（アクティブスクリプト）を有効にしてください。JavaScript（アクティブスクリプト）を無効のまま文字サイズを変更する場合には，ご利用のブラウザの表示メニューから文字サイズを変更してください。文字サイズ変更以外にも，操作性向上の目的でJavaScript（アクティブスクリプト）を用いた機能を提供しています。可能であればJavaScript（アクティブス"
"岩倉市","23228","60","200","後期高齢者医療制度におけるマイナ保険証への移行について","https://www.city.iwakura.aichi.jp/0000007123.html","後期高齢者医療制度におけるマイナ保険証への移行について 共通メニューなどをスキップして本文へ 岩倉市トップに戻る ふりがな やさしい日本語 文字サイズ変更 標準 拡大 色の反転 標準 反転 検索 文字サイズ変更機能を利用するにはJavaScript（アクティブスクリプト）を有効にしてください。JavaScript（アクティブスクリプト）を無効のまま文字サイズを変更する場合には，ご利用のブラウザの表示メニューから文字サイズを変更してください。文字サイズ変更以外にも，操作性向上の目的でJavaScript（アクティブスクリプト）を用いた機能を提供しています。可能であればJavaScript（アクテ"
"岩倉市","23228","60","200","岩倉市上下水道耐震化計画","https://www.city.iwakura.aichi.jp/0000007371.html","岩倉市上下水道耐震化計画 | 岩倉市 共通メニューなどをスキップして本文へ 岩倉市トップに戻る ふりがな やさしい日本語 文字サイズ変更 標準 拡大 色の反転 標準 反転 検索 文字サイズ変更機能を利用するにはJavaScript（アクティブスクリプト）を有効にしてください。JavaScript（アクティブスクリプト）を無効のまま文字サイズを変更する場合には，ご利用のブラウザの表示メニューから文字サイズを変更してください。文字サイズ変更以外にも，操作性向上の目的でJavaScript（アクティブスクリプト）を用いた機能を提供しています。可能であればJavaScript（アクティブスクリプト）を"
"岩倉市","23228","60","200","定額減税補足給付金（不足額給付）について","https://www.city.iwakura.aichi.jp/0000007374.html","定額減税補足給付金（不足額給付）について | 岩倉市 共通メニューなどをスキップして本文へ 岩倉市トップに戻る ふりがな やさしい日本語 文字サイズ変更 標準 拡大 色の反転 標準 反転 検索 文字サイズ変更機能を利用するにはJavaScript（アクティブスクリプト）を有効にしてください。JavaScript（アクティブスクリプト）を無効のまま文字サイズを変更する場合には，ご利用のブラウザの表示メニューから文字サイズを変更してください。文字サイズ変更以外にも，操作性向上の目的でJavaScript（アクティブスクリプト）を用いた機能を提供しています。可能であればJavaScript（アクティ"
"岩倉市","23228","60","200","愛知県中小企業人材確保奨学金返還支援事業補助金","https://www.city.iwakura.aichi.jp/0000007387.html","愛知県中小企業人材確保奨学金返還支援事業補助金 | 岩倉市 共通メニューなどをスキップして本文へ 岩倉市トップに戻る ふりがな やさしい日本語 文字サイズ変更 標準 拡大 色の反転 標準 反転 検索 文字サイズ変更機能を利用するにはJavaScript（アクティブスクリプト）を有効にしてください。JavaScript（アクティブスクリプト）を無効のまま文字サイズを変更する場合には，ご利用のブラウザの表示メニューから文字サイズを変更してください。文字サイズ変更以外にも，操作性向上の目的でJavaScript（アクティブスクリプト）を用いた機能を提供しています。可能であればJavaScript（ア"
"岩倉市","23228","60","200","事務事業・補助金等適正化検討評価のパブリックコメントについて","https://www.city.iwakura.aichi.jp/0000007480.html","事務事業・補助金等適正化検討評価のパブリックコメントについて | 岩倉市 共通メニューなどをスキップして本文へ 岩倉市トップに戻る ふりがな やさしい日本語 文字サイズ変更 標準 拡大 色の反転 標準 反転 検索 文字サイズ変更機能を利用するにはJavaScript（アクティブスクリプト）を有効にしてください。JavaScript（アクティブスクリプト）を無効のまま文字サイズを変更する場合には，ご利用のブラウザの表示メニューから文字サイズを変更してください。文字サイズ変更以外にも，操作性向上の目的でJavaScript（アクティブスクリプト）を用いた機能を提供しています。可能であればJavaS"
"岩倉市","23228","60","200","児童館母親クラブ行事「おこしものづくり」","https://www.city.iwakura.aichi.jp/0000007601.html","児童館母親クラブ行事「おこしものづくり」 | 岩倉市 共通メニューなどをスキップして本文へ 岩倉市トップに戻る ふりがな やさしい日本語 文字サイズ変更 標準 拡大 色の反転 標準 反転 検索 文字サイズ変更機能を利用するにはJavaScript（アクティブスクリプト）を有効にしてください。JavaScript（アクティブスクリプト）を無効のまま文字サイズを変更する場合には，ご利用のブラウザの表示メニューから文字サイズを変更してください。文字サイズ変更以外にも，操作性向上の目的でJavaScript（アクティブスクリプト）を用いた機能を提供しています。可能であればJavaScript（アクティ"
"岩倉市","23228","60","200","岩倉市×大野市 夏のゼロカーボン学習バスツアー","https://www.city.iwakura.aichi.jp/0000007911.html","岩倉市×大野市 夏のゼロカーボン学習バスツアー | 岩倉市 共通メニューなどをスキップして本文へ 岩倉市トップに戻る ふりがな やさしい日本語 文字サイズ変更 標準 拡大 色の反転 標準 反転 検索 文字サイズ変更機能を利用するにはJavaScript（アクティブスクリプト）を有効にしてください。JavaScript（アクティブスクリプト）を無効のまま文字サイズを変更する場合には，ご利用のブラウザの表示メニューから文字サイズを変更してください。文字サイズ変更以外にも，操作性向上の目的でJavaScript（アクティブスクリプト）を用いた機能を提供しています。可能であればJavaScript（ア"
"岩倉市","23228","60","200","省エネ家電製品購入促進補助金","https://www.city.iwakura.aichi.jp/0000007962.html","省エネ家電製品購入促進補助金 | 岩倉市 共通メニューなどをスキップして本文へ 岩倉市トップに戻る ふりがな やさしい日本語 文字サイズ変更 標準 拡大 色の反転 標準 反転 検索 文字サイズ変更機能を利用するにはJavaScript（アクティブスクリプト）を有効にしてください。JavaScript（アクティブスクリプト）を無効のまま文字サイズを変更する場合には，ご利用のブラウザの表示メニューから文字サイズを変更してください。文字サイズ変更以外にも，操作性向上の目的でJavaScript（アクティブスクリプト）を用いた機能を提供しています。可能であればJavaScript（アクティブスクリプト"
"岩倉市","23228","60","200","岩倉市放課後児童クラブ運営業務の受託事業者を募集します [2026年7月2日]","https://www.city.iwakura.aichi.jp/0000007982.html","岩倉市放課後児童クラブ運営業務の受託事業者を募集します | 岩倉市 共通メニューなどをスキップして本文へ 岩倉市トップに戻る ふりがな やさしい日本語 文字サイズ変更 標準 拡大 色の反転 標準 反転 検索 文字サイズ変更機能を利用するにはJavaScript（アクティブスクリプト）を有効にしてください。JavaScript（アクティブスクリプト）を無効のまま文字サイズを変更する場合には，ご利用のブラウザの表示メニューから文字サイズを変更してください。文字サイズ変更以外にも，操作性向上の目的でJavaScript（アクティブスクリプト）を用いた機能を提供しています。可能であればJavaScri"
"岩倉市","23228","60","200","証明書の申請・減免手続き","https://www.city.iwakura.aichi.jp/category/1-13-2-0-0-0-0-0-0-0.html","証明書の申請・減免手続き | 岩倉市 共通メニューなどをスキップして本文へ 岩倉市トップに戻る ふりがな やさしい日本語 文字サイズ変更 標準 拡大 色の反転 標準 反転 検索 文字サイズ変更機能を利用するにはJavaScript（アクティブスクリプト）を有効にしてください。JavaScript（アクティブスクリプト）を無効のまま文字サイズを変更する場合には，ご利用のブラウザの表示メニューから文字サイズを変更してください。文字サイズ変更以外にも，操作性向上の目的でJavaScript（アクティブスクリプト）を用いた機能を提供しています。可能であればJavaScript（アクティブスクリプト）を"
"岩倉市","23228","60","200","住まいに関する補助金","https://www.city.iwakura.aichi.jp/category/1-15-2-0-0-0-0-0-0-0.html","住まいに関する補助金 | 岩倉市 共通メニューなどをスキップして本文へ 岩倉市トップに戻る ふりがな やさしい日本語 文字サイズ変更 標準 拡大 色の反転 標準 反転 検索 文字サイズ変更機能を利用するにはJavaScript（アクティブスクリプト）を有効にしてください。JavaScript（アクティブスクリプト）を無効のまま文字サイズを変更する場合には，ご利用のブラウザの表示メニューから文字サイズを変更してください。文字サイズ変更以外にも，操作性向上の目的でJavaScript（アクティブスクリプト）を用いた機能を提供しています。可能であればJavaScript（アクティブスクリプト）を有効"
"岩倉市","23228","60","200","空き家","https://www.city.iwakura.aichi.jp/category/1-15-6-0-0-0-0-0-0-0.html","空き家 | 岩倉市 共通メニューなどをスキップして本文へ 岩倉市トップに戻る ふりがな やさしい日本語 文字サイズ変更 標準 拡大 色の反転 標準 反転 検索 文字サイズ変更機能を利用するにはJavaScript（アクティブスクリプト）を有効にしてください。JavaScript（アクティブスクリプト）を無効のまま文字サイズを変更する場合には，ご利用のブラウザの表示メニューから文字サイズを変更してください。文字サイズ変更以外にも，操作性向上の目的でJavaScript（アクティブスクリプト）を用いた機能を提供しています。可能であればJavaScript（アクティブスクリプト）を有効にしてください"
"高浜市","23227","60","200","医療費","https://www.city.takahama.lg.jp/life/1/7/42/","医療費 - 高浜市ホームページ ページの先頭です。 メニューを飛ばして本文へ メニュー JavaScriptが無効のため、文字の大きさ・背景色を変更する機能を使用できません。 本文へ Foreign language 文字サイズ 標準 拡大 背景色変更 白 黒 青 もしもの時は --> 生活に関する情報 Living information 住民票・戸籍 保険・年金 税金（くらしの情報） 消防・救急 防災 防犯・安全 医療・健康 福祉・介護 子育て 教育 上水道・下水道 ごみ・衛生 ペット・動植物 まちづくり・コミュニティ・協働 生涯学習・スポーツ 人権・男女平等・外国人 土地・住宅 道路・河"
"高浜市","23227","60","200","介護予防","https://www.city.takahama.lg.jp/life/1/8/54/","介護予防 - 高浜市ホームページ ページの先頭です。 メニューを飛ばして本文へ メニュー JavaScriptが無効のため、文字の大きさ・背景色を変更する機能を使用できません。 本文へ Foreign language 文字サイズ 標準 拡大 背景色変更 白 黒 青 もしもの時は --> 生活に関する情報 Living information 住民票・戸籍 保険・年金 税金（くらしの情報） 消防・救急 防災 防犯・安全 医療・健康 福祉・介護 子育て 教育 上水道・下水道 ごみ・衛生 ペット・動植物 まちづくり・コミュニティ・協働 生涯学習・スポーツ 人権・男女平等・外国人 土地・住宅 道路・"
"高浜市","23227","60","200","高浜市ふるさと応援交付金","https://www.city.takahama.lg.jp/site/furusato/26572.html","高浜市ふるさと応援交付金 - 高浜市ホームページ ページの先頭です。 メニューを飛ばして本文へ メニュー JavaScriptが無効のため、文字の大きさ・背景色を変更する機能を使用できません。 本文へ Foreign language 文字サイズ 標準 拡大 背景色変更 白 黒 青 もしもの時は --> 生活に関する情報 Living information 住民票・戸籍 保険・年金 税金（くらしの情報） 消防・救急 防災 防犯・安全 医療・健康 福祉・介護 子育て 教育 上水道・下水道 ごみ・衛生 ペット・動植物 まちづくり・コミュニティ・協働 生涯学習・スポーツ 人権・男女平等・外国人 土"
"高浜市","23227","60","200","家具転倒防止器具の取付補助","https://www.city.takahama.lg.jp/soshiki/bousai/1524.html","家具転倒防止器具の取付補助 - 高浜市ホームページ ページの先頭です。 メニューを飛ばして本文へ メニュー JavaScriptが無効のため、文字の大きさ・背景色を変更する機能を使用できません。 本文へ Foreign language 文字サイズ 標準 拡大 背景色変更 白 黒 青 もしもの時は --> 生活に関する情報 Living information 住民票・戸籍 保険・年金 税金（くらしの情報） 消防・救急 防災 防犯・安全 医療・健康 福祉・介護 子育て 教育 上水道・下水道 ごみ・衛生 ペット・動植物 まちづくり・コミュニティ・協働 生涯学習・スポーツ 人権・男女平等・外国人 "
"高浜市","23227","60","200","高浜市自転車用ヘルメット購入費補助制度のご案内","https://www.city.takahama.lg.jp/soshiki/bousai/19313.html","高浜市自転車用ヘルメット購入費補助制度のご案内 - 高浜市ホームページ ページの先頭です。 メニューを飛ばして本文へ メニュー JavaScriptが無効のため、文字の大きさ・背景色を変更する機能を使用できません。 本文へ Foreign language 文字サイズ 標準 拡大 背景色変更 白 黒 青 もしもの時は --> 生活に関する情報 Living information 住民票・戸籍 保険・年金 税金（くらしの情報） 消防・救急 防災 防犯・安全 医療・健康 福祉・介護 子育て 教育 上水道・下水道 ごみ・衛生 ペット・動植物 まちづくり・コミュニティ・協働 生涯学習・スポーツ 人権"
"高浜市","23227","60","200","高浜市全国大会等参加奨励金","https://www.city.takahama.lg.jp/soshiki/bunka/2079.html","高浜市全国大会等参加奨励金 - 高浜市ホームページ ページの先頭です。 メニューを飛ばして本文へ メニュー JavaScriptが無効のため、文字の大きさ・背景色を変更する機能を使用できません。 本文へ Foreign language 文字サイズ 標準 拡大 背景色変更 白 黒 青 もしもの時は --> 生活に関する情報 Living information 住民票・戸籍 保険・年金 税金（くらしの情報） 消防・救急 防災 防犯・安全 医療・健康 福祉・介護 子育て 教育 上水道・下水道 ごみ・衛生 ペット・動植物 まちづくり・コミュニティ・協働 生涯学習・スポーツ 人権・男女平等・外国人 "
"高浜市","23227","60","200","就学援助","https://www.city.takahama.lg.jp/soshiki/gakkou/1957.html","就学援助 - 高浜市ホームページ ページの先頭です。 メニューを飛ばして本文へ メニュー JavaScriptが無効のため、文字の大きさ・背景色を変更する機能を使用できません。 本文へ Foreign language 文字サイズ 標準 拡大 背景色変更 白 黒 青 もしもの時は --> 生活に関する情報 Living information 住民票・戸籍 保険・年金 税金（くらしの情報） 消防・救急 防災 防犯・安全 医療・健康 福祉・介護 子育て 教育 上水道・下水道 ごみ・衛生 ペット・動植物 まちづくり・コミュニティ・協働 生涯学習・スポーツ 人権・男女平等・外国人 土地・住宅 道路・"
"高浜市","23227","60","200","子ども市民憲章啓発冊子","https://www.city.takahama.lg.jp/soshiki/ikusei/1718.html","子ども市民憲章啓発冊子 - 高浜市ホームページ ページの先頭です。 メニューを飛ばして本文へ メニュー JavaScriptが無効のため、文字の大きさ・背景色を変更する機能を使用できません。 本文へ Foreign language 文字サイズ 標準 拡大 背景色変更 白 黒 青 もしもの時は --> 生活に関する情報 Living information 住民票・戸籍 保険・年金 税金（くらしの情報） 消防・救急 防災 防犯・安全 医療・健康 福祉・介護 子育て 教育 上水道・下水道 ごみ・衛生 ペット・動植物 まちづくり・コミュニティ・協働 生涯学習・スポーツ 人権・男女平等・外国人 土地"
"高浜市","23227","60","200","令和7年度税制改正に伴う令和8年度の介護保険料の特例措置","https://www.city.takahama.lg.jp/soshiki/kaigo/38995.html","令和7年度税制改正に伴う令和8年度の介護保険料の特例措置 - 高浜市ホームページ ページの先頭です。 メニューを飛ばして本文へ メニュー JavaScriptが無効のため、文字の大きさ・背景色を変更する機能を使用できません。 本文へ Foreign language 文字サイズ 標準 拡大 背景色変更 白 黒 青 もしもの時は --> 生活に関する情報 Living information 住民票・戸籍 保険・年金 税金（くらしの情報） 消防・救急 防災 防犯・安全 医療・健康 福祉・介護 子育て 教育 上水道・下水道 ごみ・衛生 ペット・動植物 まちづくり・コミュニティ・協働 生涯学習・スポ"
"高浜市","23227","60","200","合併処理浄化槽転換整備事業補助金","https://www.city.takahama.lg.jp/soshiki/keizai/857.html","合併処理浄化槽転換整備事業補助金 - 高浜市ホームページ ページの先頭です。 メニューを飛ばして本文へ メニュー JavaScriptが無効のため、文字の大きさ・背景色を変更する機能を使用できません。 本文へ Foreign language 文字サイズ 標準 拡大 背景色変更 白 黒 青 もしもの時は --> 生活に関する情報 Living information 住民票・戸籍 保険・年金 税金（くらしの情報） 消防・救急 防災 防犯・安全 医療・健康 福祉・介護 子育て 教育 上水道・下水道 ごみ・衛生 ペット・動植物 まちづくり・コミュニティ・協働 生涯学習・スポーツ 人権・男女平等・外"
"高浜市","23227","60","200","生ごみ減量化促進補助金のご案内","https://www.city.takahama.lg.jp/soshiki/keizai/865.html","生ごみ減量化促進補助金のご案内 - 高浜市ホームページ ページの先頭です。 メニューを飛ばして本文へ メニュー JavaScriptが無効のため、文字の大きさ・背景色を変更する機能を使用できません。 本文へ Foreign language 文字サイズ 標準 拡大 背景色変更 白 黒 青 もしもの時は --> 生活に関する情報 Living information 住民票・戸籍 保険・年金 税金（くらしの情報） 消防・救急 防災 防犯・安全 医療・健康 福祉・介護 子育て 教育 上水道・下水道 ごみ・衛生 ペット・動植物 まちづくり・コミュニティ・協働 生涯学習・スポーツ 人権・男女平等・外国"
"高浜市","23227","60","200","小児慢性特定疾病日常生活用具の給付","https://www.city.takahama.lg.jp/soshiki/kenko/1770.html","小児慢性特定疾病日常生活用具の給付 - 高浜市ホームページ ページの先頭です。 メニューを飛ばして本文へ メニュー JavaScriptが無効のため、文字の大きさ・背景色を変更する機能を使用できません。 本文へ Foreign language 文字サイズ 標準 拡大 背景色変更 白 黒 青 もしもの時は --> 生活に関する情報 Living information 住民票・戸籍 保険・年金 税金（くらしの情報） 消防・救急 防災 防犯・安全 医療・健康 福祉・介護 子育て 教育 上水道・下水道 ごみ・衛生 ペット・動植物 まちづくり・コミュニティ・協働 生涯学習・スポーツ 人権・男女平等・"
"高浜市","23227","60","200","成人予防接種－肺炎球菌定期","https://www.city.takahama.lg.jp/soshiki/kenko/1994.html","成人予防接種－肺炎球菌定期 - 高浜市ホームページ ページの先頭です。 メニューを飛ばして本文へ メニュー JavaScriptが無効のため、文字の大きさ・背景色を変更する機能を使用できません。 本文へ Foreign language 文字サイズ 標準 拡大 背景色変更 白 黒 青 もしもの時は --> 生活に関する情報 Living information 住民票・戸籍 保険・年金 税金（くらしの情報） 消防・救急 防災 防犯・安全 医療・健康 福祉・介護 子育て 教育 上水道・下水道 ごみ・衛生 ペット・動植物 まちづくり・コミュニティ・協働 生涯学習・スポーツ 人権・男女平等・外国人 "
"高浜市","23227","60","200","母子－不妊治療","https://www.city.takahama.lg.jp/soshiki/kenko/2377.html","母子－不妊治療 - 高浜市ホームページ ページの先頭です。 メニューを飛ばして本文へ メニュー JavaScriptが無効のため、文字の大きさ・背景色を変更する機能を使用できません。 本文へ Foreign language 文字サイズ 標準 拡大 背景色変更 白 黒 青 もしもの時は --> 生活に関する情報 Living information 住民票・戸籍 保険・年金 税金（くらしの情報） 消防・救急 防災 防犯・安全 医療・健康 福祉・介護 子育て 教育 上水道・下水道 ごみ・衛生 ペット・動植物 まちづくり・コミュニティ・協働 生涯学習・スポーツ 人権・男女平等・外国人 土地・住宅 "
"高浜市","23227","60","200","がん患者アピアランスケア支援事業補助金","https://www.city.takahama.lg.jp/soshiki/kenko/23854.html","がん患者アピアランスケア支援事業補助金 - 高浜市ホームページ ページの先頭です。 メニューを飛ばして本文へ メニュー JavaScriptが無効のため、文字の大きさ・背景色を変更する機能を使用できません。 本文へ Foreign language 文字サイズ 標準 拡大 背景色変更 白 黒 青 もしもの時は --> 生活に関する情報 Living information 住民票・戸籍 保険・年金 税金（くらしの情報） 消防・救急 防災 防犯・安全 医療・健康 福祉・介護 子育て 教育 上水道・下水道 ごみ・衛生 ペット・動植物 まちづくり・コミュニティ・協働 生涯学習・スポーツ 人権・男女平"
"高浜市","23227","60","200","成人予防接種－帯状疱疹","https://www.city.takahama.lg.jp/soshiki/kenko/32936.html","成人予防接種－帯状疱疹 - 高浜市ホームページ ページの先頭です。 メニューを飛ばして本文へ メニュー JavaScriptが無効のため、文字の大きさ・背景色を変更する機能を使用できません。 本文へ Foreign language 文字サイズ 標準 拡大 背景色変更 白 黒 青 もしもの時は --> 生活に関する情報 Living information 住民票・戸籍 保険・年金 税金（くらしの情報） 消防・救急 防災 防犯・安全 医療・健康 福祉・介護 子育て 教育 上水道・下水道 ごみ・衛生 ペット・動植物 まちづくり・コミュニティ・協働 生涯学習・スポーツ 人権・男女平等・外国人 土地"
"高浜市","23227","60","200","不妊治療費助成事業","https://www.city.takahama.lg.jp/soshiki/kenko/33085.html","不妊治療費助成事業 - 高浜市ホームページ ページの先頭です。 メニューを飛ばして本文へ メニュー JavaScriptが無効のため、文字の大きさ・背景色を変更する機能を使用できません。 本文へ Foreign language 文字サイズ 標準 拡大 背景色変更 白 黒 青 もしもの時は --> 生活に関する情報 Living information 住民票・戸籍 保険・年金 税金（くらしの情報） 消防・救急 防災 防犯・安全 医療・健康 福祉・介護 子育て 教育 上水道・下水道 ごみ・衛生 ペット・動植物 まちづくり・コミュニティ・協働 生涯学習・スポーツ 人権・男女平等・外国人 土地・住"
"高浜市","23227","60","200","定期予防接種（A類・B類）実施医療機関向け","https://www.city.takahama.lg.jp/soshiki/kenko/36422.html","定期予防接種（A類・B類）実施医療機関向け - 高浜市ホームページ ページの先頭です。 メニューを飛ばして本文へ メニュー JavaScriptが無効のため、文字の大きさ・背景色を変更する機能を使用できません。 本文へ Foreign language 文字サイズ 標準 拡大 背景色変更 白 黒 青 もしもの時は --> 生活に関する情報 Living information 住民票・戸籍 保険・年金 税金（くらしの情報） 消防・救急 防災 防犯・安全 医療・健康 福祉・介護 子育て 教育 上水道・下水道 ごみ・衛生 ペット・動植物 まちづくり・コミュニティ・協働 生涯学習・スポーツ 人権・男"
"高浜市","23227","60","200","年金生活者支援給付金","https://www.city.takahama.lg.jp/soshiki/shimin/11523.html","年金生活者支援給付金 - 高浜市ホームページ ページの先頭です。 メニューを飛ばして本文へ メニュー JavaScriptが無効のため、文字の大きさ・背景色を変更する機能を使用できません。 本文へ Foreign language 文字サイズ 標準 拡大 背景色変更 白 黒 青 もしもの時は --> 生活に関する情報 Living information 住民票・戸籍 保険・年金 税金（くらしの情報） 消防・救急 防災 防犯・安全 医療・健康 福祉・介護 子育て 教育 上水道・下水道 ごみ・衛生 ペット・動植物 まちづくり・コミュニティ・協働 生涯学習・スポーツ 人権・男女平等・外国人 土地・"
"高浜市","23227","60","200","国民年金の給付","https://www.city.takahama.lg.jp/soshiki/shimin/2472.html","国民年金の給付 - 高浜市ホームページ ページの先頭です。 メニューを飛ばして本文へ メニュー JavaScriptが無効のため、文字の大きさ・背景色を変更する機能を使用できません。 本文へ Foreign language 文字サイズ 標準 拡大 背景色変更 白 黒 青 もしもの時は --> 生活に関する情報 Living information 住民票・戸籍 保険・年金 税金（くらしの情報） 消防・救急 防災 防犯・安全 医療・健康 福祉・介護 子育て 教育 上水道・下水道 ごみ・衛生 ペット・動植物 まちづくり・コミュニティ・協働 生涯学習・スポーツ 人権・男女平等・外国人 土地・住宅 "
"高浜市","23227","60","200","国民年金保険料、保険料の免除など","https://www.city.takahama.lg.jp/soshiki/shimin/2474.html","国民年金保険料、保険料の免除など - 高浜市ホームページ ページの先頭です。 メニューを飛ばして本文へ メニュー JavaScriptが無効のため、文字の大きさ・背景色を変更する機能を使用できません。 本文へ Foreign language 文字サイズ 標準 拡大 背景色変更 白 黒 青 もしもの時は --> 生活に関する情報 Living information 住民票・戸籍 保険・年金 税金（くらしの情報） 消防・救急 防災 防犯・安全 医療・健康 福祉・介護 子育て 教育 上水道・下水道 ごみ・衛生 ペット・動植物 まちづくり・コミュニティ・協働 生涯学習・スポーツ 人権・男女平等・外"
"高浜市","23227","60","200","子ども医療費の助成","https://www.city.takahama.lg.jp/soshiki/shimin/2658.html","子ども医療費の助成 - 高浜市ホームページ ページの先頭です。 メニューを飛ばして本文へ メニュー JavaScriptが無効のため、文字の大きさ・背景色を変更する機能を使用できません。 本文へ Foreign language 文字サイズ 標準 拡大 背景色変更 白 黒 青 もしもの時は --> 生活に関する情報 Living information 住民票・戸籍 保険・年金 税金（くらしの情報） 消防・救急 防災 防犯・安全 医療・健康 福祉・介護 子育て 教育 上水道・下水道 ごみ・衛生 ペット・動植物 まちづくり・コミュニティ・協働 生涯学習・スポーツ 人権・男女平等・外国人 土地・住"
"高浜市","23227","60","200","母子家庭等医療費の助成","https://www.city.takahama.lg.jp/soshiki/shimin/2659.html","母子家庭等医療費の助成 - 高浜市ホームページ ページの先頭です。 メニューを飛ばして本文へ メニュー JavaScriptが無効のため、文字の大きさ・背景色を変更する機能を使用できません。 本文へ Foreign language 文字サイズ 標準 拡大 背景色変更 白 黒 青 もしもの時は --> 生活に関する情報 Living information 住民票・戸籍 保険・年金 税金（くらしの情報） 消防・救急 防災 防犯・安全 医療・健康 福祉・介護 子育て 教育 上水道・下水道 ごみ・衛生 ペット・動植物 まちづくり・コミュニティ・協働 生涯学習・スポーツ 人権・男女平等・外国人 土地"
"高浜市","23227","60","200","障害者医療費の助成","https://www.city.takahama.lg.jp/soshiki/shimin/2660.html","障害者医療費の助成 - 高浜市ホームページ ページの先頭です。 メニューを飛ばして本文へ メニュー JavaScriptが無効のため、文字の大きさ・背景色を変更する機能を使用できません。 本文へ Foreign language 文字サイズ 標準 拡大 背景色変更 白 黒 青 もしもの時は --> 生活に関する情報 Living information 住民票・戸籍 保険・年金 税金（くらしの情報） 消防・救急 防災 防犯・安全 医療・健康 福祉・介護 子育て 教育 上水道・下水道 ごみ・衛生 ペット・動植物 まちづくり・コミュニティ・協働 生涯学習・スポーツ 人権・男女平等・外国人 土地・住"
"高浜市","23227","60","200","精神障害者医療費の助成","https://www.city.takahama.lg.jp/soshiki/shimin/2661.html","精神障害者医療費の助成 - 高浜市ホームページ ページの先頭です。 メニューを飛ばして本文へ メニュー JavaScriptが無効のため、文字の大きさ・背景色を変更する機能を使用できません。 本文へ Foreign language 文字サイズ 標準 拡大 背景色変更 白 黒 青 もしもの時は --> 生活に関する情報 Living information 住民票・戸籍 保険・年金 税金（くらしの情報） 消防・救急 防災 防犯・安全 医療・健康 福祉・介護 子育て 教育 上水道・下水道 ごみ・衛生 ペット・動植物 まちづくり・コミュニティ・協働 生涯学習・スポーツ 人権・男女平等・外国人 土地"
"高浜市","23227","60","200","後期高齢者医療制度","https://www.city.takahama.lg.jp/soshiki/shimin/2667.html","後期高齢者医療制度 - 高浜市ホームページ ページの先頭です。 メニューを飛ばして本文へ メニュー JavaScriptが無効のため、文字の大きさ・背景色を変更する機能を使用できません。 本文へ Foreign language 文字サイズ 標準 拡大 背景色変更 白 黒 青 もしもの時は --> 生活に関する情報 Living information 住民票・戸籍 保険・年金 税金（くらしの情報） 消防・救急 防災 防犯・安全 医療・健康 福祉・介護 子育て 教育 上水道・下水道 ごみ・衛生 ペット・動植物 まちづくり・コミュニティ・協働 生涯学習・スポーツ 人権・男女平等・外国人 土地・住"
"高浜市","23227","60","200","後期高齢者医療保険料","https://www.city.takahama.lg.jp/soshiki/shimin/2668.html","後期高齢者医療保険料 - 高浜市ホームページ ページの先頭です。 メニューを飛ばして本文へ メニュー JavaScriptが無効のため、文字の大きさ・背景色を変更する機能を使用できません。 本文へ Foreign language 文字サイズ 標準 拡大 背景色変更 白 黒 青 もしもの時は --> 生活に関する情報 Living information 住民票・戸籍 保険・年金 税金（くらしの情報） 消防・救急 防災 防犯・安全 医療・健康 福祉・介護 子育て 教育 上水道・下水道 ごみ・衛生 ペット・動植物 まちづくり・コミュニティ・協働 生涯学習・スポーツ 人権・男女平等・外国人 土地・"
"高浜市","23227","60","200","後期高齢者医療制度の給付","https://www.city.takahama.lg.jp/soshiki/shimin/2669.html","後期高齢者医療制度の給付 - 高浜市ホームページ ページの先頭です。 メニューを飛ばして本文へ メニュー JavaScriptが無効のため、文字の大きさ・背景色を変更する機能を使用できません。 本文へ Foreign language 文字サイズ 標準 拡大 背景色変更 白 黒 青 もしもの時は --> 生活に関する情報 Living information 住民票・戸籍 保険・年金 税金（くらしの情報） 消防・救急 防災 防犯・安全 医療・健康 福祉・介護 子育て 教育 上水道・下水道 ごみ・衛生 ペット・動植物 まちづくり・コミュニティ・協働 生涯学習・スポーツ 人権・男女平等・外国人 土"
"高浜市","23227","60","200","子ども医療費 高校生世代の入院費助成","https://www.city.takahama.lg.jp/soshiki/shimin/32352.html","子ども医療費 高校生世代の入院費助成 - 高浜市ホームページ ページの先頭です。 メニューを飛ばして本文へ メニュー JavaScriptが無効のため、文字の大きさ・背景色を変更する機能を使用できません。 本文へ Foreign language 文字サイズ 標準 拡大 背景色変更 白 黒 青 もしもの時は --> 生活に関する情報 Living information 住民票・戸籍 保険・年金 税金（くらしの情報） 消防・救急 防災 防犯・安全 医療・健康 福祉・介護 子育て 教育 上水道・下水道 ごみ・衛生 ペット・動植物 まちづくり・コミュニティ・協働 生涯学習・スポーツ 人権・男女平等"
"高浜市","23227","60","200","高浜市国民健康保険 医療費のお知らせについて","https://www.city.takahama.lg.jp/soshiki/shimin/36965.html","高浜市国民健康保険 医療費のお知らせについて - 高浜市ホームページ ページの先頭です。 メニューを飛ばして本文へ メニュー JavaScriptが無効のため、文字の大きさ・背景色を変更する機能を使用できません。 本文へ Foreign language 文字サイズ 標準 拡大 背景色変更 白 黒 青 もしもの時は --> 生活に関する情報 Living information 住民票・戸籍 保険・年金 税金（くらしの情報） 消防・救急 防災 防犯・安全 医療・健康 福祉・介護 子育て 教育 上水道・下水道 ごみ・衛生 ペット・動植物 まちづくり・コミュニティ・協働 生涯学習・スポーツ 人権・"
"日進市","23230","60","200","デジタル商品券事業について（重点支援地方交付金）","https://www.city.nisshin.lg.jp/department/toshisangyo/kanko/6/2/4/18161.html","デジタル商品券事業について（重点支援地方交付金）／日進市 本文へ 文字サイズ 背景色変更 携帯サイト Other Language 部や課で選ぶ ご意見・お問い合わせ ホーム くらしの情報 行事・イベント 市役所・公共施設 市の政策・計画 サイト内検索 くらしの情報 行事・イベント 市役所・公共施設 市の政策・計画 Other Language 部や課で選ぶ ご意見・お問い合わせ 現在の位置 ホーム 部や課で選ぶ 都市産業部 産業観光課 暮らしの情報 産業・雇用・観光・まちづくり 商業・工業 デジタル商品券事業について（重点支援地方交付金） デジタル商品券事業について（重点支援地方交付金） I"
"日進市","23230","60","200","障害がある（と思われる）お子さんの学校卒業後の進路を考える障害福祉サービス説明会","https://www.city.nisshin.lg.jp/kurashi/seane/shougai/hukushi/18562.html","障害がある（と思われる）お子さんの学校卒業後の進路を考える障害福祉サービス説明会／日進市 本文へ 文字サイズ 背景色変更 携帯サイト Other Language 部や課で選ぶ ご意見・お問い合わせ ホーム くらしの情報 行事・イベント 市役所・公共施設 市の政策・計画 サイト内検索 くらしの情報 行事・イベント 市役所・公共施設 市の政策・計画 Other Language 部や課で選ぶ ご意見・お問い合わせ 現在の位置 ホーム 暮らしの情報 暮らしのシーンから探す 障害者 障害福祉サービス 障害がある（と思われる）お子さんの学校卒業後の進路を考える障害福祉サービス説明会 障害がある（と思わ"
"日進市","23230","60","200","障害福祉サービス","https://www.city.nisshin.lg.jp/kurashi/seane/shougai/hukushi/6983.html","障害福祉サービス／日進市 本文へ 文字サイズ 背景色変更 携帯サイト Other Language 部や課で選ぶ ご意見・お問い合わせ ホーム くらしの情報 行事・イベント 市役所・公共施設 市の政策・計画 サイト内検索 くらしの情報 行事・イベント 市役所・公共施設 市の政策・計画 Other Language 部や課で選ぶ ご意見・お問い合わせ 現在の位置 ホーム 暮らしの情報 暮らしのシーンから探す 障害者 障害福祉サービス 障害福祉サービス 障害福祉サービス ID番号 N6983 更新日：2026年04月27日 障害のある方が地域で自立した生活をおくるためのサービスを提供します。障害福"
"日進市","23230","60","200","障害福祉サービスの利用方法","https://www.city.nisshin.lg.jp/kurashi/seane/shougai/hukushi/6984.html","障害福祉サービスの利用方法／日進市 本文へ 文字サイズ 背景色変更 携帯サイト Other Language 部や課で選ぶ ご意見・お問い合わせ ホーム くらしの情報 行事・イベント 市役所・公共施設 市の政策・計画 サイト内検索 くらしの情報 行事・イベント 市役所・公共施設 市の政策・計画 Other Language 部や課で選ぶ ご意見・お問い合わせ 現在の位置 ホーム 暮らしの情報 暮らしのシーンから探す 障害者 障害福祉サービス 障害福祉サービスの利用方法 障害福祉サービスの利用方法 ID番号 N6984 更新日：2020年10月07日 障害福祉サービスを利用するためには、事前に手"
"日進市","23230","60","200","障害者","https://www.city.nisshin.lg.jp/kurashi/seane/shougai/index.html","障害者／日進市 本文へ 文字サイズ 背景色変更 携帯サイト Other Language 部や課で選ぶ ご意見・お問い合わせ ホーム くらしの情報 行事・イベント 市役所・公共施設 市の政策・計画 サイト内検索 くらしの情報 行事・イベント 市役所・公共施設 市の政策・計画 Other Language 部や課で選ぶ ご意見・お問い合わせ 現在の位置 ホーム 暮らしの情報 暮らしのシーンから探す 障害者 障害者 ID番号 N5541 更新日：2019年03月01日 障害者手帳 身体障害者手帳の交付 療育手帳(知的障害)の交付 精神障害者保健福祉手帳の交付 手帳に関する届け出 医療 障害者医療制"
"日進市","23230","60","200","障害者医療制度","https://www.city.nisshin.lg.jp/kurashi/seane/shougai/iryo/6969.html","障害者医療制度／日進市 本文へ 文字サイズ 背景色変更 携帯サイト Other Language 部や課で選ぶ ご意見・お問い合わせ ホーム くらしの情報 行事・イベント 市役所・公共施設 市の政策・計画 サイト内検索 くらしの情報 行事・イベント 市役所・公共施設 市の政策・計画 Other Language 部や課で選ぶ ご意見・お問い合わせ 現在の位置 ホーム 暮らしの情報 暮らしのシーンから探す 障害者 医療 障害者医療制度 障害者医療制度 ID番号 N6969 更新日：2026年04月02日 「対象者」について 市内に住所を有し、次のいずれかに該当し、健康保険に加入している方 1級か"
"日進市","23230","60","200","精神障害者の医療費助成制度","https://www.city.nisshin.lg.jp/kurashi/seane/shougai/iryo/6970.html","精神障害者の医療費助成制度／日進市 本文へ 文字サイズ 背景色変更 携帯サイト Other Language 部や課で選ぶ ご意見・お問い合わせ ホーム くらしの情報 行事・イベント 市役所・公共施設 市の政策・計画 サイト内検索 くらしの情報 行事・イベント 市役所・公共施設 市の政策・計画 Other Language 部や課で選ぶ ご意見・お問い合わせ 現在の位置 ホーム 暮らしの情報 暮らしのシーンから探す 障害者 医療 精神障害者の医療費助成制度 精神障害者の医療費助成制度 ID番号 N6970 更新日：2026年04月02日 対象者 精神障害者保健福祉手帳1級または2級の交付を受け"
"日進市","23230","60","200","精神通院医療費の助成制度","https://www.city.nisshin.lg.jp/kurashi/seane/shougai/iryo/6971.html","精神通院医療費の助成制度／日進市 本文へ 文字サイズ 背景色変更 携帯サイト Other Language 部や課で選ぶ ご意見・お問い合わせ ホーム くらしの情報 行事・イベント 市役所・公共施設 市の政策・計画 サイト内検索 くらしの情報 行事・イベント 市役所・公共施設 市の政策・計画 Other Language 部や課で選ぶ ご意見・お問い合わせ 現在の位置 ホーム 暮らしの情報 暮らしのシーンから探す 障害者 医療 精神通院医療費の助成制度 精神通院医療費の助成制度 ID番号 N6971 更新日：2026年04月01日 対象者 障害者自立支援法第54条第3項の自立支援医療受給者証（"
"日進市","23230","60","200","日進市障害者扶助料","https://www.city.nisshin.lg.jp/kurashi/seane/shougai/teate/6976.html","日進市障害者扶助料／日進市 本文へ 文字サイズ 背景色変更 携帯サイト Other Language 部や課で選ぶ ご意見・お問い合わせ ホーム くらしの情報 行事・イベント 市役所・公共施設 市の政策・計画 サイト内検索 くらしの情報 行事・イベント 市役所・公共施設 市の政策・計画 Other Language 部や課で選ぶ ご意見・お問い合わせ 現在の位置 ホーム 暮らしの情報 暮らしのシーンから探す 障害者 手当等 日進市障害者扶助料 日進市障害者扶助料 ID番号 N6976 更新日：2024年04月01日 市内に住民登録されている障害者の方に扶助料を支給いたします。 対象者 身体障害"
"日進市","23230","60","200","愛知県在宅重度障害者手当","https://www.city.nisshin.lg.jp/kurashi/seane/shougai/teate/6977.html","愛知県在宅重度障害者手当／日進市 本文へ 文字サイズ 背景色変更 携帯サイト Other Language 部や課で選ぶ ご意見・お問い合わせ ホーム くらしの情報 行事・イベント 市役所・公共施設 市の政策・計画 サイト内検索 くらしの情報 行事・イベント 市役所・公共施設 市の政策・計画 Other Language 部や課で選ぶ ご意見・お問い合わせ 現在の位置 ホーム 暮らしの情報 暮らしのシーンから探す 障害者 手当等 愛知県在宅重度障害者手当 愛知県在宅重度障害者手当 ID番号 N6977 更新日：2025年07月01日 在宅の重度障害者の方へ手当を支給します。 対象者 身体障害者"
"日進市","23230","60","200","特別障害者手当・障害児福祉手当","https://www.city.nisshin.lg.jp/kurashi/seane/shougai/teate/6978.html","特別障害者手当・障害児福祉手当／日進市 本文へ 文字サイズ 背景色変更 携帯サイト Other Language 部や課で選ぶ ご意見・お問い合わせ ホーム くらしの情報 行事・イベント 市役所・公共施設 市の政策・計画 サイト内検索 くらしの情報 行事・イベント 市役所・公共施設 市の政策・計画 Other Language 部や課で選ぶ ご意見・お問い合わせ 現在の位置 ホーム 暮らしの情報 暮らしのシーンから探す 障害者 手当等 特別障害者手当・障害児福祉手当 特別障害者手当・障害児福祉手当 ID番号 N6978 更新日：2026年04月01日 特別障害者手当について 20歳以上で心身に"
"日進市","23230","60","200","特別障害給付金","https://www.city.nisshin.lg.jp/kurashi/seane/shougai/teate/6980.html","特別障害給付金／日進市 本文へ 文字サイズ 背景色変更 携帯サイト Other Language 部や課で選ぶ ご意見・お問い合わせ ホーム くらしの情報 行事・イベント 市役所・公共施設 市の政策・計画 サイト内検索 くらしの情報 行事・イベント 市役所・公共施設 市の政策・計画 Other Language 部や課で選ぶ ご意見・お問い合わせ 現在の位置 ホーム 暮らしの情報 暮らしのシーンから探す 障害者 手当等 特別障害給付金 特別障害給付金 ID番号 N6980 更新日：2019年04月02日 国民年金の任意加入期間に加入しなかったことにより障害基礎年金等を受給していない障害者の方に"
"日進市","23230","60","200","日進市在日外国人福祉給付金","https://www.city.nisshin.lg.jp/kurashi/seane/shougai/teate/8845.html","日進市在日外国人福祉給付金／日進市 本文へ 文字サイズ 背景色変更 携帯サイト Other Language 部や課で選ぶ ご意見・お問い合わせ ホーム くらしの情報 行事・イベント 市役所・公共施設 市の政策・計画 サイト内検索 くらしの情報 行事・イベント 市役所・公共施設 市の政策・計画 Other Language 部や課で選ぶ ご意見・お問い合わせ 現在の位置 ホーム 暮らしの情報 暮らしのシーンから探す 障害者 手当等 日進市在日外国人福祉給付金 日進市在日外国人福祉給付金 ID番号 N8845 更新日：2025年05月28日 国民年金（厚生年金その他の公的年金など）を受けることが"
"日進市","23230","60","200","日進市原子爆弾被爆者健康管理手当","https://www.city.nisshin.lg.jp/kurashi/seane/shougai/teate/8847.html","日進市原子爆弾被爆者健康管理手当／日進市 本文へ 文字サイズ 背景色変更 携帯サイト Other Language 部や課で選ぶ ご意見・お問い合わせ ホーム くらしの情報 行事・イベント 市役所・公共施設 市の政策・計画 サイト内検索 くらしの情報 行事・イベント 市役所・公共施設 市の政策・計画 Other Language 部や課で選ぶ ご意見・お問い合わせ 現在の位置 ホーム 暮らしの情報 暮らしのシーンから探す 障害者 手当等 日進市原子爆弾被爆者健康管理手当 日進市原子爆弾被爆者健康管理手当 ID番号 N8847 更新日：2025年05月28日 被爆者の福祉向上を図るため、日進市原"
"日進市","23230","60","200","特別児童扶養手当","https://www.city.nisshin.lg.jp/kurashi/seane/shougai/teate/8892.html","特別児童扶養手当／日進市 本文へ 文字サイズ 背景色変更 携帯サイト Other Language 部や課で選ぶ ご意見・お問い合わせ ホーム くらしの情報 行事・イベント 市役所・公共施設 市の政策・計画 サイト内検索 くらしの情報 行事・イベント 市役所・公共施設 市の政策・計画 Other Language 部や課で選ぶ ご意見・お問い合わせ 現在の位置 ホーム 暮らしの情報 暮らしのシーンから探す 障害者 手当等 特別児童扶養手当 特別児童扶養手当 ID番号 N8894 更新日：2026年04月01日 身体・知的発達又は精神に中度・重度の障害（又は病状）を有する20歳未満の児童を監護・"
"日進市","23230","60","200","障害者紙おむつ購入助成券支給サービス","https://www.city.nisshin.lg.jp/kurashi/seane/shougai/yougu/13864.html","障害者紙おむつ購入助成券支給サービス／日進市 本文へ 文字サイズ 背景色変更 携帯サイト Other Language 部や課で選ぶ ご意見・お問い合わせ ホーム くらしの情報 行事・イベント 市役所・公共施設 市の政策・計画 サイト内検索 くらしの情報 行事・イベント 市役所・公共施設 市の政策・計画 Other Language 部や課で選ぶ ご意見・お問い合わせ 現在の位置 ホーム 暮らしの情報 暮らしのシーンから探す 障害者 福祉用具等 障害者紙おむつ購入助成券支給サービス 障害者紙おむつ購入助成券支給サービス ID番号 N13864 更新日：2025年03月01日 対象 次の1から3"
"日進市","23230","60","200","障害者日常生活用具の給付","https://www.city.nisshin.lg.jp/kurashi/seane/shougai/yougu/8838.html","障害者日常生活用具の給付／日進市 本文へ 文字サイズ 背景色変更 携帯サイト Other Language 部や課で選ぶ ご意見・お問い合わせ ホーム くらしの情報 行事・イベント 市役所・公共施設 市の政策・計画 サイト内検索 くらしの情報 行事・イベント 市役所・公共施設 市の政策・計画 Other Language 部や課で選ぶ ご意見・お問い合わせ 現在の位置 ホーム 暮らしの情報 暮らしのシーンから探す 障害者 福祉用具等 障害者日常生活用具の給付 障害者日常生活用具の給付 ID番号 N8838 更新日：2026年04月01日 重度の障害がある方に、日常生活の向上のための生活用具を給"
"尾張旭市","23226","60","200","福祉・介護","https://www.city.owariasahi.lg.jp/life/2/6/","福祉・介護 - 尾張旭市公式ホームページ ページの先頭です。 メニューを飛ばして本文へ メニュー 閉じる さがす 閉じる オンライン 手続き 本文へ ご利用ガイド サイトマップ language 文字サイズ 標準 拡大 背景色 白 黒 青 キーワード 検索 Googleカスタム検索 検索対象 すべて ページ PDF ページID 検索 ライフイベントでさがす 高齢者 妊娠・出産 子育て 入園・入学 就職・退職 結婚・離婚 引っ越し おくやみ 目的からさがす 申請書一覧 施設 ごみ・ リサイクル 入札・契約 相談窓口 よくある 質問 イベント 市営バス あさぴー号 組織でさがす カレンダーでさがす"
"尾張旭市","23226","60","200","福祉・介護","https://www.city.owariasahi.lg.jp/life/sub/3/6/","福祉・介護 - 尾張旭市公式ホームページ ページの先頭です。 メニューを飛ばして本文へ メニュー 閉じる さがす 閉じる オンライン 手続き 本文へ ご利用ガイド サイトマップ language 文字サイズ 標準 拡大 背景色 白 黒 青 キーワード 検索 Googleカスタム検索 検索対象 すべて ページ PDF ページID 検索 ライフイベントでさがす 高齢者 妊娠・出産 子育て 入園・入学 就職・退職 結婚・離婚 引っ越し おくやみ 目的からさがす 申請書一覧 施設 ごみ・ リサイクル 入札・契約 相談窓口 よくある 質問 イベント 市営バス あさぴー号 組織でさがす カレンダーでさがす"
"尾張旭市","23226","60","200","第8期尾張旭市高齢者保健福祉計画（令和3～5年度）の公表","https://www.city.owariasahi.lg.jp/page/1654.html","第8期尾張旭市高齢者保健福祉計画（令和3～5年度）の公表 - 尾張旭市公式ホームページ（長寿課） ページの先頭です。 メニューを飛ばして本文へ メニュー 閉じる さがす 閉じる オンライン 手続き 本文へ ご利用ガイド サイトマップ language 文字サイズ 標準 拡大 背景色 白 黒 青 キーワード 検索 Googleカスタム検索 検索対象 すべて ページ PDF ページID 検索 ライフイベントでさがす 高齢者 妊娠・出産 子育て 入園・入学 就職・退職 結婚・離婚 引っ越し おくやみ 目的からさがす 申請書一覧 施設 ごみ・ リサイクル 入札・契約 相談窓口 よくある 質問 イベント"
"尾張旭市","23226","60","200","尾張旭市定期予防接種再接種費用助成事業の概要","https://www.city.owariasahi.lg.jp/page/1864.html","尾張旭市定期予防接種再接種費用助成事業の概要 - 尾張旭市公式ホームページ（健康課） ページの先頭です。 メニューを飛ばして本文へ メニュー 閉じる さがす 閉じる オンライン 手続き 本文へ ご利用ガイド サイトマップ language 文字サイズ 標準 拡大 背景色 白 黒 青 キーワード 検索 Googleカスタム検索 検索対象 すべて ページ PDF ページID 検索 ライフイベントでさがす 高齢者 妊娠・出産 子育て 入園・入学 就職・退職 結婚・離婚 引っ越し おくやみ 目的からさがす 申請書一覧 施設 ごみ・ リサイクル 入札・契約 相談窓口 よくある 質問 イベント 市営バス "
"尾張旭市","23226","60","200","第9期尾張旭市高齢者保健福祉計画（令和6～8年度）の公表","https://www.city.owariasahi.lg.jp/page/24722.html","第9期尾張旭市高齢者保健福祉計画（令和6～8年度）の公表 - 尾張旭市公式ホームページ（長寿課） ページの先頭です。 メニューを飛ばして本文へ メニュー 閉じる さがす 閉じる オンライン 手続き 本文へ ご利用ガイド サイトマップ language 文字サイズ 標準 拡大 背景色 白 黒 青 キーワード 検索 Googleカスタム検索 検索対象 すべて ページ PDF ページID 検索 ライフイベントでさがす 高齢者 妊娠・出産 子育て 入園・入学 就職・退職 結婚・離婚 引っ越し おくやみ 目的からさがす 申請書一覧 施設 ごみ・ リサイクル 入札・契約 相談窓口 よくある 質問 イベント"
"尾張旭市","23226","60","200","子ども・子育て会議の概要","https://www.city.owariasahi.lg.jp/page/3077.html","子ども・子育て会議の概要 - 尾張旭市公式ホームページ（こども未来課） ページの先頭です。 メニューを飛ばして本文へ メニュー 閉じる さがす 閉じる オンライン 手続き 本文へ ご利用ガイド サイトマップ language 文字サイズ 標準 拡大 背景色 白 黒 青 キーワード 検索 Googleカスタム検索 検索対象 すべて ページ PDF ページID 検索 ライフイベントでさがす 高齢者 妊娠・出産 子育て 入園・入学 就職・退職 結婚・離婚 引っ越し おくやみ 目的からさがす 申請書一覧 施設 ごみ・ リサイクル 入札・契約 相談窓口 よくある 質問 イベント 市営バス あさぴー号 組"
"尾張旭市","23226","60","200","児童手当不支給証明書交付依頼","https://www.city.owariasahi.lg.jp/page/36164.html","児童手当不支給証明書交付依頼 - 尾張旭市公式ホームページ（こども未来課） ページの先頭です。 メニューを飛ばして本文へ メニュー 閉じる さがす 閉じる オンライン 手続き 本文へ ご利用ガイド サイトマップ language 文字サイズ 標準 拡大 背景色 白 黒 青 キーワード 検索 Googleカスタム検索 検索対象 すべて ページ PDF ページID 検索 ライフイベントでさがす 高齢者 妊娠・出産 子育て 入園・入学 就職・退職 結婚・離婚 引っ越し おくやみ 目的からさがす 申請書一覧 施設 ごみ・ リサイクル 入札・契約 相談窓口 よくある 質問 イベント 市営バス あさぴー号"
"尾張旭市","23226","60","200","折りたたみ式ごみボックス購入費補助金","https://www.city.owariasahi.lg.jp/site/gomi-recycle/32985.html","折りたたみ式ごみボックス購入費補助金 - ごみ・リサイクル - 尾張旭市公式ホームページ（環境事業センター） ページの先頭です。 メニューを飛ばして本文へ メニュー 閉じる さがす 閉じる オンライン 手続き 本文へ ご利用ガイド サイトマップ language 文字サイズ 標準 拡大 背景色 白 黒 青 キーワード 検索 Googleカスタム検索 検索対象 すべて ページ PDF ページID 検索 ライフイベントでさがす 高齢者 妊娠・出産 子育て 入園・入学 就職・退職 結婚・離婚 引っ越し おくやみ 目的からさがす 申請書一覧 施設 ごみ・ リサイクル 入札・契約 相談窓口 よくある 質"
"尾張旭市","23226","60","200","生ごみ処理機等購入補助金の申請","https://www.city.owariasahi.lg.jp/site/gomi-recycle/32988.html","生ごみ処理機等購入補助金の申請 - ごみ・リサイクル - 尾張旭市公式ホームページ（環境課） ページの先頭です。 メニューを飛ばして本文へ メニュー 閉じる さがす 閉じる オンライン 手続き 本文へ ご利用ガイド サイトマップ language 文字サイズ 標準 拡大 背景色 白 黒 青 キーワード 検索 Googleカスタム検索 検索対象 すべて ページ PDF ページID 検索 ライフイベントでさがす 高齢者 妊娠・出産 子育て 入園・入学 就職・退職 結婚・離婚 引っ越し おくやみ 目的からさがす 申請書一覧 施設 ごみ・ リサイクル 入札・契約 相談窓口 よくある 質問 イベント 市"
"尾張旭市","23226","60","200","妊婦のための支援給付（妊婦支援給付金）事業","https://www.city.owariasahi.lg.jp/site/kosodate-sukusuku/11211.html","妊婦のための支援給付（妊婦支援給付金）事業 - 子育てすくすくのびのび尾張旭市 - 尾張旭市公式ホームページ（こども家庭課） ページの先頭です。 メニューを飛ばして本文へ 検索 操作補助 JavaScriptが無効のため、文字の大きさ・背景色を変更する機能を使用できません。 本文へ ご利用ガイド サイトマップ language 文字サイズ 標準 拡大 背景色 白 黒 青 キーワード検索 Googleカスタム検索 検索対象 すべて ページ PDF ページID検索 現在地 トップページ > 分類でさがす > 子育て・教育・生涯学習 > 子育て > 給付金（子育て） > 子育てすくすくのびのび尾張旭"
"尾張旭市","23226","60","200","愛知県遺児手当の概要","https://www.city.owariasahi.lg.jp/site/kosodate-sukusuku/1619.html","愛知県遺児手当の概要 - 子育てすくすくのびのび尾張旭市 - 尾張旭市公式ホームページ（こども未来課） ページの先頭です。 メニューを飛ばして本文へ 検索 操作補助 JavaScriptが無効のため、文字の大きさ・背景色を変更する機能を使用できません。 本文へ ご利用ガイド サイトマップ language 文字サイズ 標準 拡大 背景色 白 黒 青 キーワード検索 Googleカスタム検索 検索対象 すべて ページ PDF ページID検索 現在地 トップページ > 分類でさがす > 子育て・教育・生涯学習 > 子育て > ひとり親 > 子育てすくすくのびのび尾張旭市 > 目的から探す > 手当"
"尾張旭市","23226","60","200","尾張旭市遺児就学手当の概要","https://www.city.owariasahi.lg.jp/site/kosodate-sukusuku/1621.html","尾張旭市遺児就学手当の概要 - 子育てすくすくのびのび尾張旭市 - 尾張旭市公式ホームページ（こども未来課） ページの先頭です。 メニューを飛ばして本文へ 検索 操作補助 JavaScriptが無効のため、文字の大きさ・背景色を変更する機能を使用できません。 本文へ ご利用ガイド サイトマップ language 文字サイズ 標準 拡大 背景色 白 黒 青 キーワード検索 Googleカスタム検索 検索対象 すべて ページ PDF ページID検索 現在地 トップページ > 分類でさがす > 子育て・教育・生涯学習 > 子育て > ひとり親 > 子育てすくすくのびのび尾張旭市 > 目的から探す >"
"尾張旭市","23226","60","200","児童手当の概要","https://www.city.owariasahi.lg.jp/site/kosodate-sukusuku/1623.html","児童手当の概要 - 子育てすくすくのびのび尾張旭市 - 尾張旭市公式ホームページ（こども未来課） ページの先頭です。 メニューを飛ばして本文へ 検索 操作補助 JavaScriptが無効のため、文字の大きさ・背景色を変更する機能を使用できません。 本文へ ご利用ガイド サイトマップ language 文字サイズ 標準 拡大 背景色 白 黒 青 キーワード検索 Googleカスタム検索 検索対象 すべて ページ PDF ページID検索 現在地 トップページ > 分類でさがす > 子育て・教育・生涯学習 > 子育て > 児童手当 > 子育てすくすくのびのび尾張旭市 > 目的から探す > 非表示 >"
"尾張旭市","23226","60","200","こども・中高生の予防接種（定期）","https://www.city.owariasahi.lg.jp/site/kosodate-sukusuku/1744.html","こども・中高生の予防接種（定期） - 子育てすくすくのびのび尾張旭市 - 尾張旭市公式ホームページ（健康課） ページの先頭です。 メニューを飛ばして本文へ 検索 操作補助 JavaScriptが無効のため、文字の大きさ・背景色を変更する機能を使用できません。 本文へ ご利用ガイド サイトマップ language 文字サイズ 標準 拡大 背景色 白 黒 青 キーワード検索 Googleカスタム検索 検索対象 すべて ページ PDF ページID検索 現在地 トップページ > 子育てすくすくのびのび尾張旭市 > 目的から探す > 予防接種 > こども・中高生の予防接種（定期） 本文 こども・中高生の"
"尾張旭市","23226","60","200","児童クラブ（公立）","https://www.city.owariasahi.lg.jp/site/kosodate-sukusuku/1812.html","児童クラブ（公立） - 子育てすくすくのびのび尾張旭市 - 尾張旭市公式ホームページ（こども未来課） ページの先頭です。 メニューを飛ばして本文へ 検索 操作補助 JavaScriptが無効のため、文字の大きさ・背景色を変更する機能を使用できません。 本文へ ご利用ガイド サイトマップ language 文字サイズ 標準 拡大 背景色 白 黒 青 キーワード検索 Googleカスタム検索 検索対象 すべて ページ PDF ページID検索 現在地 トップページ > 分類でさがす > 子育て・教育・生涯学習 > 子育て > 児童館・放課後児童クラブ > 子育てすくすくのびのび尾張旭市 > 目的から"
"尾張旭市","23226","60","200","妊婦・産婦・乳児健康診査","https://www.city.owariasahi.lg.jp/site/kosodate-sukusuku/1834.html","妊婦・産婦・乳児健康診査 - 子育てすくすくのびのび尾張旭市 - 尾張旭市公式ホームページ（こども家庭課） ページの先頭です。 メニューを飛ばして本文へ 検索 操作補助 JavaScriptが無効のため、文字の大きさ・背景色を変更する機能を使用できません。 本文へ ご利用ガイド サイトマップ language 文字サイズ 標準 拡大 背景色 白 黒 青 キーワード検索 Googleカスタム検索 検索対象 すべて ページ PDF ページID検索 現在地 トップページ > 分類でさがす > 健康・福祉・医療 > 健康・医療 > 妊娠・出産 > 子育てすくすくのびのび尾張旭市 > 目的から探す > "
"尾張旭市","23226","60","200","妊婦・産婦・乳児健康診査県外受診助成金関係","https://www.city.owariasahi.lg.jp/site/kosodate-sukusuku/2947.html","妊婦・産婦・乳児健康診査県外受診助成金関係 - 子育てすくすくのびのび尾張旭市 - 尾張旭市公式ホームページ（こども家庭課） ページの先頭です。 メニューを飛ばして本文へ 検索 操作補助 JavaScriptが無効のため、文字の大きさ・背景色を変更する機能を使用できません。 本文へ ご利用ガイド サイトマップ language 文字サイズ 標準 拡大 背景色 白 黒 青 キーワード検索 Googleカスタム検索 検索対象 すべて ページ PDF ページID検索 現在地 トップページ > 分類でさがす > 健康・福祉・医療 > 健康・医療 > 妊娠・出産 > 子育てすくすくのびのび尾張旭市 > "
"尾張旭市","23226","60","200","児童手当認定請求関係","https://www.city.owariasahi.lg.jp/site/kosodate-sukusuku/2949.html","児童手当認定請求関係 - 子育てすくすくのびのび尾張旭市 - 尾張旭市公式ホームページ（こども未来課） ページの先頭です。 メニューを飛ばして本文へ 検索 操作補助 JavaScriptが無効のため、文字の大きさ・背景色を変更する機能を使用できません。 本文へ ご利用ガイド サイトマップ language 文字サイズ 標準 拡大 背景色 白 黒 青 キーワード検索 Googleカスタム検索 検索対象 すべて ページ PDF ページID検索 現在地 トップページ > 分類でさがす > 子育て・教育・生涯学習 > 子育て > 児童手当 > 子育てすくすくのびのび尾張旭市 > 目的から探す > 手当"
"尾張旭市","23226","60","200","児童手当別居監護申立関係","https://www.city.owariasahi.lg.jp/site/kosodate-sukusuku/2952.html","児童手当別居監護申立関係 - 子育てすくすくのびのび尾張旭市 - 尾張旭市公式ホームページ（こども未来課） ページの先頭です。 メニューを飛ばして本文へ 検索 操作補助 JavaScriptが無効のため、文字の大きさ・背景色を変更する機能を使用できません。 本文へ ご利用ガイド サイトマップ language 文字サイズ 標準 拡大 背景色 白 黒 青 キーワード検索 Googleカスタム検索 検索対象 すべて ページ PDF ページID検索 現在地 トップページ > 分類でさがす > 子育て・教育・生涯学習 > 子育て > 児童手当 > 子育てすくすくのびのび尾張旭市 > 目的から探す > "
"尾張旭市","23226","60","200","児童手当額改定請求関係","https://www.city.owariasahi.lg.jp/site/kosodate-sukusuku/2954.html","児童手当額改定請求関係 - 子育てすくすくのびのび尾張旭市 - 尾張旭市公式ホームページ（こども未来課） ページの先頭です。 メニューを飛ばして本文へ 検索 操作補助 JavaScriptが無効のため、文字の大きさ・背景色を変更する機能を使用できません。 本文へ ご利用ガイド サイトマップ language 文字サイズ 標準 拡大 背景色 白 黒 青 キーワード検索 Googleカスタム検索 検索対象 すべて ページ PDF ページID検索 現在地 トップページ > 分類でさがす > 子育て・教育・生涯学習 > 子育て > 児童手当 > 子育てすくすくのびのび尾張旭市 > 目的から探す > 手"
"尾張旭市","23226","60","200","児童クラブ非常勤職員（会計年度任用職員）の募集","https://www.city.owariasahi.lg.jp/site/kosodate-sukusuku/31459.html","児童クラブ非常勤職員（会計年度任用職員）の募集 - 子育てすくすくのびのび尾張旭市 - 尾張旭市公式ホームページ（こども未来課） ページの先頭です。 メニューを飛ばして本文へ 検索 操作補助 JavaScriptが無効のため、文字の大きさ・背景色を変更する機能を使用できません。 本文へ ご利用ガイド サイトマップ language 文字サイズ 標準 拡大 背景色 白 黒 青 キーワード検索 Googleカスタム検索 検索対象 すべて ページ PDF ページID検索 現在地 トップページ > 分類でさがす > 子育て・教育・生涯学習 > 子育て > 児童館・放課後児童クラブ > 子育てすくすくの"
"尾張旭市","23226","60","200","令和8年度 児童クラブ入所申込","https://www.city.owariasahi.lg.jp/site/kosodate-sukusuku/47699.html","令和8年度 児童クラブ入所申込 - 子育てすくすくのびのび尾張旭市 - 尾張旭市公式ホームページ（こども未来課） ページの先頭です。 メニューを飛ばして本文へ 検索 操作補助 JavaScriptが無効のため、文字の大きさ・背景色を変更する機能を使用できません。 本文へ ご利用ガイド サイトマップ language 文字サイズ 標準 拡大 背景色 白 黒 青 キーワード検索 Googleカスタム検索 検索対象 すべて ページ PDF ページID検索 現在地 トップページ > 分類でさがす > 子育て・教育・生涯学習 > 子育て > 児童館・放課後児童クラブ > 子育てすくすくのびのび尾張旭市 "
"尾張旭市","23226","60","200","子ども食堂","https://www.city.owariasahi.lg.jp/site/kosodate-sukusuku/47921.html","子ども食堂 - 子育てすくすくのびのび尾張旭市 - 尾張旭市公式ホームページ（こども家庭課） ページの先頭です。 メニューを飛ばして本文へ 検索 操作補助 JavaScriptが無効のため、文字の大きさ・背景色を変更する機能を使用できません。 本文へ ご利用ガイド サイトマップ language 文字サイズ 標準 拡大 背景色 白 黒 青 キーワード検索 Googleカスタム検索 検索対象 すべて ページ PDF ページID検索 現在地 トップページ > 分類でさがす > 子育て・教育・生涯学習 > 子育て > 子育て支援・子育て相談 > 子育てすくすくのびのび尾張旭市 > 目的から探す > "
"尾張旭市","23226","60","200","高齢者外出支援事業の概要","https://www.city.owariasahi.lg.jp/site/koureisya-fukusi/1648.html","高齢者外出支援事業の概要 - 高齢者福祉 - 尾張旭市公式ホームページ（長寿課） ページの先頭です。 メニューを飛ばして本文へ メニュー 閉じる さがす 閉じる オンライン 手続き 本文へ ご利用ガイド サイトマップ language 文字サイズ 標準 拡大 背景色 白 黒 青 キーワード 検索 Googleカスタム検索 検索対象 すべて ページ PDF ページID 検索 ライフイベントでさがす 高齢者 妊娠・出産 子育て 入園・入学 就職・退職 結婚・離婚 引っ越し おくやみ 目的からさがす 申請書一覧 施設 ごみ・ リサイクル 入札・契約 相談窓口 よくある 質問 イベント 市営バス あさ"
"尾張旭市","23226","60","200","介護予防教室について","https://www.city.owariasahi.lg.jp/site/koureisya-fukusi/3120.html","介護予防教室について - 高齢者福祉 - 尾張旭市公式ホームページ（長寿課） ページの先頭です。 メニューを飛ばして本文へ メニュー 閉じる さがす 閉じる オンライン 手続き 本文へ ご利用ガイド サイトマップ language 文字サイズ 標準 拡大 背景色 白 黒 青 キーワード 検索 Googleカスタム検索 検索対象 すべて ページ PDF ページID 検索 ライフイベントでさがす 高齢者 妊娠・出産 子育て 入園・入学 就職・退職 結婚・離婚 引っ越し おくやみ 目的からさがす 申請書一覧 施設 ごみ・ リサイクル 入札・契約 相談窓口 よくある 質問 イベント 市営バス あさぴー"
"尾張旭市","23226","60","200","介護保険料に関するQ&A","https://www.city.owariasahi.lg.jp/site/koureisya-fukusi/45640.html","介護保険料に関するQ&A - 高齢者福祉 - 尾張旭市公式ホームページ（長寿課） ページの先頭です。 メニューを飛ばして本文へ メニュー 閉じる さがす 閉じる オンライン 手続き 本文へ ご利用ガイド サイトマップ language 文字サイズ 標準 拡大 背景色 白 黒 青 キーワード 検索 Googleカスタム検索 検索対象 すべて ページ PDF ページID 検索 ライフイベントでさがす 高齢者 妊娠・出産 子育て 入園・入学 就職・退職 結婚・離婚 引っ越し おくやみ 目的からさがす 申請書一覧 施設 ごみ・ リサイクル 入札・契約 相談窓口 よくある 質問 イベント 市営バス あさ"
"豊明市","23229","60","200","妊娠・出産","https://www.city.toyoake.lg.jp/1006.htm","妊娠・出産/豊明市 --> 本文へ移動 妊娠・出産 スマートフォン用ツール メニュー表示 自動翻訳 English 中文 Portgues Tiếng Việt Foreign language 背景変更 標準 黒 補助機能 ふりがな 文字拡大 元に戻す サイトマップ パソコン画面表示 ページの末尾へ くらし 妊娠・出産 子育て 学校教育 結婚・離婚 引越し・住まい 就職・退職 高齢者・介護 おくやみ 戸籍・住民票・印鑑登録 税 国民健康保険 国民年金 水道 交通 駐車・駐輪 都市計画 産業・事業 ごみ・環境保全 ペット 福祉 障がい者支援 消費生活 健康・医療 文化・スポーツ・生涯学習 市民"
"豊明市","23229","60","200","児童館","https://www.city.toyoake.lg.jp/1007.htm","子育て/豊明市 --> 本文へ移動 子育て スマートフォン用ツール メニュー表示 自動翻訳 English 中文 Portgues Tiếng Việt Foreign language 背景変更 標準 黒 補助機能 ふりがな 文字拡大 元に戻す サイトマップ パソコン画面表示 ページの末尾へ くらし 妊娠・出産 子育て 学校教育 結婚・離婚 引越し・住まい 就職・退職 高齢者・介護 おくやみ 戸籍・住民票・印鑑登録 税 国民健康保険 国民年金 水道 交通 駐車・駐輪 都市計画 産業・事業 ごみ・環境保全 ペット 福祉 障がい者支援 消費生活 健康・医療 文化・スポーツ・生涯学習 市民活動・コ"
"豊明市","23229","60","200","高齢者・介護","https://www.city.toyoake.lg.jp/1012.htm","高齢者・介護/豊明市 --> 本文へ移動 高齢者・介護 スマートフォン用ツール メニュー表示 自動翻訳 English 中文 Portgues Tiếng Việt Foreign language 背景変更 標準 黒 補助機能 ふりがな 文字拡大 元に戻す サイトマップ パソコン画面表示 ページの末尾へ くらし 妊娠・出産 子育て 学校教育 結婚・離婚 引越し・住まい 就職・退職 高齢者・介護 おくやみ 戸籍・住民票・印鑑登録 税 国民健康保険 国民年金 水道 交通 駐車・駐輪 都市計画 産業・事業 ごみ・環境保全 ペット 福祉 障がい者支援 消費生活 健康・医療 文化・スポーツ・生涯学習 "
"豊明市","23229","60","200","児童扶養手当所得制限","https://www.city.toyoake.lg.jp/1549.htm","児童扶養手当所得制限/豊明市 --> 本文へ移動 児童扶養手当所得制限 スマートフォン用ツール メニュー表示 自動翻訳 English 中文 Portgues Tiếng Việt Foreign language 背景変更 標準 黒 補助機能 ふりがな 文字拡大 元に戻す サイトマップ パソコン画面表示 ページの末尾へ くらし 妊娠・出産 子育て 学校教育 結婚・離婚 引越し・住まい 就職・退職 高齢者・介護 おくやみ 戸籍・住民票・印鑑登録 税 国民健康保険 国民年金 水道 交通 駐車・駐輪 都市計画 産業・事業 ごみ・環境保全 ペット 福祉 障がい者支援 消費生活 健康・医療 文化・スポ"
"豊明市","23229","60","200","遺児手当所得制限","https://www.city.toyoake.lg.jp/1550.htm","遺児手当所得制限/豊明市 --> 本文へ移動 遺児手当所得制限 スマートフォン用ツール メニュー表示 自動翻訳 English 中文 Portgues Tiếng Việt Foreign language 背景変更 標準 黒 補助機能 ふりがな 文字拡大 元に戻す サイトマップ パソコン画面表示 ページの末尾へ くらし 妊娠・出産 子育て 学校教育 結婚・離婚 引越し・住まい 就職・退職 高齢者・介護 おくやみ 戸籍・住民票・印鑑登録 税 国民健康保険 国民年金 水道 交通 駐車・駐輪 都市計画 産業・事業 ごみ・環境保全 ペット 福祉 障がい者支援 消費生活 健康・医療 文化・スポーツ・生"
"豊明市","23229","60","200","各種手当・助成事業","https://www.city.toyoake.lg.jp/1810.htm","各種手当・助成事業/豊明市 --> 本文へ移動 各種手当・助成事業 スマートフォン用ツール メニュー表示 自動翻訳 English 中文 Portgues Tiếng Việt Foreign language 背景変更 標準 黒 補助機能 ふりがな 文字拡大 元に戻す サイトマップ パソコン画面表示 ページの末尾へ くらし 妊娠・出産 子育て 学校教育 結婚・離婚 引越し・住まい 就職・退職 高齢者・介護 おくやみ 戸籍・住民票・印鑑登録 税 国民健康保険 国民年金 水道 交通 駐車・駐輪 都市計画 産業・事業 ごみ・環境保全 ペット 福祉 障がい者支援 消費生活 健康・医療 文化・スポーツ"
"豊明市","23229","60","200","出産時の届出","https://www.city.toyoake.lg.jp/1828.htm","出産時の届出/豊明市 --> 本文へ移動 出産時の届出 スマートフォン用ツール メニュー表示 自動翻訳 English 中文 Portgues Tiếng Việt Foreign language 背景変更 標準 黒 補助機能 ふりがな 文字拡大 元に戻す サイトマップ パソコン画面表示 ページの末尾へ くらし 妊娠・出産 子育て 学校教育 結婚・離婚 引越し・住まい 就職・退職 高齢者・介護 おくやみ 戸籍・住民票・印鑑登録 税 国民健康保険 国民年金 水道 交通 駐車・駐輪 都市計画 産業・事業 ごみ・環境保全 ペット 福祉 障がい者支援 消費生活 健康・医療 文化・スポーツ・生涯学習 "
"豊明市","23229","60","200","愛知県子育て応援給付金","https://www.city.toyoake.lg.jp/18531.htm","愛知県子育て応援給付金/豊明市 --> 本文へ移動 愛知県子育て応援給付金 スマートフォン用ツール メニュー表示 自動翻訳 English 中文 Portgues Tiếng Việt Foreign language 背景変更 標準 黒 補助機能 ふりがな 文字拡大 元に戻す サイトマップ パソコン画面表示 ページの末尾へ くらし 妊娠・出産 子育て 学校教育 結婚・離婚 引越し・住まい 就職・退職 高齢者・介護 おくやみ 戸籍・住民票・印鑑登録 税 国民健康保険 国民年金 水道 交通 駐車・駐輪 都市計画 産業・事業 ごみ・環境保全 ペット 福祉 障がい者支援 消費生活 健康・医療 文化・"
"豊明市","23229","60","200","豊明市出産子育て応援交付金","https://www.city.toyoake.lg.jp/18722.htm","豊明市出産子育て応援交付金/豊明市 --> 本文へ移動 豊明市出産子育て応援交付金 スマートフォン用ツール メニュー表示 自動翻訳 English 中文 Portgues Tiếng Việt Foreign language 背景変更 標準 黒 補助機能 ふりがな 文字拡大 元に戻す サイトマップ パソコン画面表示 ページの末尾へ くらし 妊娠・出産 子育て 学校教育 結婚・離婚 引越し・住まい 就職・退職 高齢者・介護 おくやみ 戸籍・住民票・印鑑登録 税 国民健康保険 国民年金 水道 交通 駐車・駐輪 都市計画 産業・事業 ごみ・環境保全 ペット 福祉 障がい者支援 消費生活 健康・医療"
"豊明市","23229","60","200","各種補助制度","https://www.city.toyoake.lg.jp/1885.htm","各種補助制度/豊明市 --> 本文へ移動 各種補助制度 スマートフォン用ツール メニュー表示 自動翻訳 English 中文 Portgues Tiếng Việt Foreign language 背景変更 標準 黒 補助機能 ふりがな 文字拡大 元に戻す サイトマップ パソコン画面表示 ページの末尾へ くらし 妊娠・出産 子育て 学校教育 結婚・離婚 引越し・住まい 就職・退職 高齢者・介護 おくやみ 戸籍・住民票・印鑑登録 税 国民健康保険 国民年金 水道 交通 駐車・駐輪 都市計画 産業・事業 ごみ・環境保全 ペット 福祉 障がい者支援 消費生活 健康・医療 文化・スポーツ・生涯学習 "
"豊明市","23229","60","200","社会保険や手当、名義変更等に関する手続き","https://www.city.toyoake.lg.jp/1904.htm","社会保険や手当、名義変更等に関する手続き/豊明市 --> 本文へ移動 社会保険や手当、名義変更等に関する手続き スマートフォン用ツール メニュー表示 自動翻訳 English 中文 Portgues Tiếng Việt Foreign language 背景変更 標準 黒 補助機能 ふりがな 文字拡大 元に戻す サイトマップ パソコン画面表示 ページの末尾へ くらし 妊娠・出産 子育て 学校教育 結婚・離婚 引越し・住まい 就職・退職 高齢者・介護 おくやみ 戸籍・住民票・印鑑登録 税 国民健康保険 国民年金 水道 交通 駐車・駐輪 都市計画 産業・事業 ごみ・環境保全 ペット 福祉 障がい"
"豊明市","23229","60","200","介護","https://www.city.toyoake.lg.jp/1960.htm","介護/豊明市 --> 本文へ移動 介護 スマートフォン用ツール メニュー表示 自動翻訳 English 中文 Portgues Tiếng Việt Foreign language 背景変更 標準 黒 補助機能 ふりがな 文字拡大 元に戻す サイトマップ パソコン画面表示 ページの末尾へ くらし 妊娠・出産 子育て 学校教育 結婚・離婚 引越し・住まい 就職・退職 高齢者・介護 おくやみ 戸籍・住民票・印鑑登録 税 国民健康保険 国民年金 水道 交通 駐車・駐輪 都市計画 産業・事業 ごみ・環境保全 ペット 福祉 障がい者支援 消費生活 健康・医療 文化・スポーツ・生涯学習 市民活動・コミュ"
"豊明市","23229","60","200","地域ぐるみの高齢者支援","https://www.city.toyoake.lg.jp/1961.htm","地域ぐるみの高齢者支援/豊明市 --> 本文へ移動 地域ぐるみの高齢者支援 スマートフォン用ツール メニュー表示 自動翻訳 English 中文 Portgues Tiếng Việt Foreign language 背景変更 標準 黒 補助機能 ふりがな 文字拡大 元に戻す サイトマップ パソコン画面表示 ページの末尾へ くらし 妊娠・出産 子育て 学校教育 結婚・離婚 引越し・住まい 就職・退職 高齢者・介護 おくやみ 戸籍・住民票・印鑑登録 税 国民健康保険 国民年金 水道 交通 駐車・駐輪 都市計画 産業・事業 ごみ・環境保全 ペット 福祉 障がい者支援 消費生活 健康・医療 文化・"
"豊明市","23229","60","200","低所得世帯の妊婦に対する初回産科受診料助成事業","https://www.city.toyoake.lg.jp/20572.htm","低所得世帯の妊婦に対する初回産科受診料助成事業/豊明市 --> 本文へ移動 低所得世帯の妊婦に対する初回産科受診料助成事業 スマートフォン用ツール メニュー表示 自動翻訳 English 中文 Portgues Tiếng Việt Foreign language 背景変更 標準 黒 補助機能 ふりがな 文字拡大 元に戻す サイトマップ パソコン画面表示 ページの末尾へ くらし 妊娠・出産 子育て 学校教育 結婚・離婚 引越し・住まい 就職・退職 高齢者・介護 おくやみ 戸籍・住民票・印鑑登録 税 国民健康保険 国民年金 水道 交通 駐車・駐輪 都市計画 産業・事業 ごみ・環境保全 ペット "
"豊明市","23229","60","200","児童手当制度","https://www.city.toyoake.lg.jp/20784.htm","児童手当制度/豊明市 --> 本文へ移動 児童手当制度 スマートフォン用ツール メニュー表示 自動翻訳 English 中文 Portgues Tiếng Việt Foreign language 背景変更 標準 黒 補助機能 ふりがな 文字拡大 元に戻す サイトマップ パソコン画面表示 ページの末尾へ くらし 妊娠・出産 子育て 学校教育 結婚・離婚 引越し・住まい 就職・退職 高齢者・介護 おくやみ 戸籍・住民票・印鑑登録 税 国民健康保険 国民年金 水道 交通 駐車・駐輪 都市計画 産業・事業 ごみ・環境保全 ペット 福祉 障がい者支援 消費生活 健康・医療 文化・スポーツ・生涯学習 "
"豊明市","23229","60","200","子どもの居場所支援（不登校支援）","https://www.city.toyoake.lg.jp/21728.htm","不登校支援 --> 本文へ移動 子どもの居場所支援（不登校支援） スマートフォン用ツール メニュー表示 自動翻訳 English 中文 Portgues Tiếng Việt Foreign language 背景変更 標準 黒 補助機能 ふりがな 文字拡大 元に戻す サイトマップ パソコン画面表示 ページの末尾へ くらし 妊娠・出産 子育て 学校教育 結婚・離婚 引越し・住まい 就職・退職 高齢者・介護 おくやみ 戸籍・住民票・印鑑登録 税 国民健康保険 国民年金 水道 交通 駐車・駐輪 都市計画 産業・事業 ごみ・環境保全 ペット 福祉 障がい者支援 消費生活 健康・医療 文化・スポーツ・"
"豊明市","23229","60","200","妊婦のための支援給付","https://www.city.toyoake.lg.jp/22026.htm","妊婦のための支援給付/豊明市 --> 本文へ移動 妊婦のための支援給付 スマートフォン用ツール メニュー表示 自動翻訳 English 中文 Portgues Tiếng Việt Foreign language 背景変更 標準 黒 補助機能 ふりがな 文字拡大 元に戻す サイトマップ パソコン画面表示 ページの末尾へ くらし 妊娠・出産 子育て 学校教育 結婚・離婚 引越し・住まい 就職・退職 高齢者・介護 おくやみ 戸籍・住民票・印鑑登録 税 国民健康保険 国民年金 水道 交通 駐車・駐輪 都市計画 産業・事業 ごみ・環境保全 ペット 福祉 障がい者支援 消費生活 健康・医療 文化・スポ"
"豊明市","23229","60","200","補助金","https://www.city.toyoake.lg.jp/2238.htm","補助金/豊明市 --> 本文へ移動 補助金 スマートフォン用ツール メニュー表示 自動翻訳 English 中文 Portgues Tiếng Việt Foreign language 背景変更 標準 黒 補助機能 ふりがな 文字拡大 元に戻す サイトマップ パソコン画面表示 ページの末尾へ くらし 妊娠・出産 子育て 学校教育 結婚・離婚 引越し・住まい 就職・退職 高齢者・介護 おくやみ 戸籍・住民票・印鑑登録 税 国民健康保険 国民年金 水道 交通 駐車・駐輪 都市計画 産業・事業 ごみ・環境保全 ペット 福祉 障がい者支援 消費生活 健康・医療 文化・スポーツ・生涯学習 市民活動・コ"
"豊明市","23229","60","200","ひとり親の方","https://www.city.toyoake.lg.jp/2284.htm","ひとり親の方/豊明市 --> 本文へ移動 ひとり親の方 スマートフォン用ツール メニュー表示 自動翻訳 English 中文 Portgues Tiếng Việt Foreign language 背景変更 標準 黒 補助機能 ふりがな 文字拡大 元に戻す サイトマップ パソコン画面表示 ページの末尾へ くらし 妊娠・出産 子育て 学校教育 結婚・離婚 引越し・住まい 就職・退職 高齢者・介護 おくやみ 戸籍・住民票・印鑑登録 税 国民健康保険 国民年金 水道 交通 駐車・駐輪 都市計画 産業・事業 ごみ・環境保全 ペット 福祉 障がい者支援 消費生活 健康・医療 文化・スポーツ・生涯学習 "
"豊明市","23229","60","200","民生委員・児童委員","https://www.city.toyoake.lg.jp/2289.htm","民生委員・児童委員/豊明市 --> 本文へ移動 民生委員・児童委員 スマートフォン用ツール メニュー表示 自動翻訳 English 中文 Portgues Tiếng Việt Foreign language 背景変更 標準 黒 補助機能 ふりがな 文字拡大 元に戻す サイトマップ パソコン画面表示 ページの末尾へ くらし 妊娠・出産 子育て 学校教育 結婚・離婚 引越し・住まい 就職・退職 高齢者・介護 おくやみ 戸籍・住民票・印鑑登録 税 国民健康保険 国民年金 水道 交通 駐車・駐輪 都市計画 産業・事業 ごみ・環境保全 ペット 福祉 障がい者支援 消費生活 健康・医療 文化・スポーツ"
"豊明市","23229","60","200","障害福祉サービス・訪問系サービス","https://www.city.toyoake.lg.jp/2300.htm","障害福祉サービス・訪問系サービス/豊明市 --> 本文へ移動 障害福祉サービス・訪問系サービス スマートフォン用ツール メニュー表示 自動翻訳 English 中文 Portgues Tiếng Việt Foreign language 背景変更 標準 黒 補助機能 ふりがな 文字拡大 元に戻す サイトマップ パソコン画面表示 ページの末尾へ くらし 妊娠・出産 子育て 学校教育 結婚・離婚 引越し・住まい 就職・退職 高齢者・介護 おくやみ 戸籍・住民票・印鑑登録 税 国民健康保険 国民年金 水道 交通 駐車・駐輪 都市計画 産業・事業 ごみ・環境保全 ペット 福祉 障がい者支援 消費生活"
"豊明市","23229","60","200","障害福祉サービス・日中系サービス","https://www.city.toyoake.lg.jp/2301.htm","障害福祉サービス・日中系サービス/豊明市 --> 本文へ移動 障害福祉サービス・日中系サービス スマートフォン用ツール メニュー表示 自動翻訳 English 中文 Portgues Tiếng Việt Foreign language 背景変更 標準 黒 補助機能 ふりがな 文字拡大 元に戻す サイトマップ パソコン画面表示 ページの末尾へ くらし 妊娠・出産 子育て 学校教育 結婚・離婚 引越し・住まい 就職・退職 高齢者・介護 おくやみ 戸籍・住民票・印鑑登録 税 国民健康保険 国民年金 水道 交通 駐車・駐輪 都市計画 産業・事業 ごみ・環境保全 ペット 福祉 障がい者支援 消費生活"
"豊明市","23229","60","200","障害者自立支援法による障害福祉サービス","https://www.city.toyoake.lg.jp/2303.htm","障害者自立支援法による障害福祉サービス/豊明市 --> 本文へ移動 障害者自立支援法による障害福祉サービス スマートフォン用ツール メニュー表示 自動翻訳 English 中文 Portgues Tiếng Việt Foreign language 背景変更 標準 黒 補助機能 ふりがな 文字拡大 元に戻す サイトマップ パソコン画面表示 ページの末尾へ くらし 妊娠・出産 子育て 学校教育 結婚・離婚 引越し・住まい 就職・退職 高齢者・介護 おくやみ 戸籍・住民票・印鑑登録 税 国民健康保険 国民年金 水道 交通 駐車・駐輪 都市計画 産業・事業 ごみ・環境保全 ペット 福祉 障がい者支"
"豊明市","23229","60","200","障害福祉サービス・日中計サービス","https://www.city.toyoake.lg.jp/2304.htm","障害福祉サービス・日中計サービス/豊明市 --> 本文へ移動 障害福祉サービス・日中計サービス スマートフォン用ツール メニュー表示 自動翻訳 English 中文 Portgues Tiếng Việt Foreign language 背景変更 標準 黒 補助機能 ふりがな 文字拡大 元に戻す サイトマップ パソコン画面表示 ページの末尾へ くらし 妊娠・出産 子育て 学校教育 結婚・離婚 引越し・住まい 就職・退職 高齢者・介護 おくやみ 戸籍・住民票・印鑑登録 税 国民健康保険 国民年金 水道 交通 駐車・駐輪 都市計画 産業・事業 ごみ・環境保全 ペット 福祉 障がい者支援 消費生活"
"豊明市","23229","60","200","障害福祉サービス・居住系サービス","https://www.city.toyoake.lg.jp/2308.htm","障害福祉サービス・居住系サービス/豊明市 --> 本文へ移動 障害福祉サービス・居住系サービス スマートフォン用ツール メニュー表示 自動翻訳 English 中文 Portgues Tiếng Việt Foreign language 背景変更 標準 黒 補助機能 ふりがな 文字拡大 元に戻す サイトマップ パソコン画面表示 ページの末尾へ くらし 妊娠・出産 子育て 学校教育 結婚・離婚 引越し・住まい 就職・退職 高齢者・介護 おくやみ 戸籍・住民票・印鑑登録 税 国民健康保険 国民年金 水道 交通 駐車・駐輪 都市計画 産業・事業 ごみ・環境保全 ペット 福祉 障がい者支援 消費生活"
"豊明市","23229","60","200","障害者暮らし体験事業","https://www.city.toyoake.lg.jp/2311.htm","障害者暮らし体験事業/豊明市 --> 本文へ移動 障害者暮らし体験事業 スマートフォン用ツール メニュー表示 自動翻訳 English 中文 Portgues Tiếng Việt Foreign language 背景変更 標準 黒 補助機能 ふりがな 文字拡大 元に戻す サイトマップ パソコン画面表示 ページの末尾へ くらし 妊娠・出産 子育て 学校教育 結婚・離婚 引越し・住まい 就職・退職 高齢者・介護 おくやみ 戸籍・住民票・印鑑登録 税 国民健康保険 国民年金 水道 交通 駐車・駐輪 都市計画 産業・事業 ごみ・環境保全 ペット 福祉 障がい者支援 消費生活 健康・医療 文化・スポ"
"豊明市","23229","60","200","手当・年金・給付金を受ける","https://www.city.toyoake.lg.jp/2315.htm","手当・年金・給付金を受ける/豊明市 --> 本文へ移動 手当・年金・給付金を受ける スマートフォン用ツール メニュー表示 自動翻訳 English 中文 Portgues Tiếng Việt Foreign language 背景変更 標準 黒 補助機能 ふりがな 文字拡大 元に戻す サイトマップ パソコン画面表示 ページの末尾へ くらし 妊娠・出産 子育て 学校教育 結婚・離婚 引越し・住まい 就職・退職 高齢者・介護 おくやみ 戸籍・住民票・印鑑登録 税 国民健康保険 国民年金 水道 交通 駐車・駐輪 都市計画 産業・事業 ごみ・環境保全 ペット 福祉 障がい者支援 消費生活 健康・医療"
"豊明市","23229","60","200","税金や公共料金の減免・免除を受ける","https://www.city.toyoake.lg.jp/2316.htm","税金や公共料金の減免・免除を受ける/豊明市 --> 本文へ移動 税金や公共料金の減免・免除を受ける スマートフォン用ツール メニュー表示 自動翻訳 English 中文 Portgues Tiếng Việt Foreign language 背景変更 標準 黒 補助機能 ふりがな 文字拡大 元に戻す サイトマップ パソコン画面表示 ページの末尾へ くらし 妊娠・出産 子育て 学校教育 結婚・離婚 引越し・住まい 就職・退職 高齢者・介護 おくやみ 戸籍・住民票・印鑑登録 税 国民健康保険 国民年金 水道 交通 駐車・駐輪 都市計画 産業・事業 ごみ・環境保全 ペット 福祉 障がい者支援 消費"
"豊明市","23229","60","200","妊活前ペア検査費用助成","https://www.city.toyoake.lg.jp/23842.htm","妊活前ペア検査費用助成/豊明市 --> 本文へ移動 妊活前ペア検査費用助成 スマートフォン用ツール メニュー表示 自動翻訳 English 中文 Portgues Tiếng Việt Foreign language 背景変更 標準 黒 補助機能 ふりがな 文字拡大 元に戻す サイトマップ パソコン画面表示 ページの末尾へ くらし 妊娠・出産 子育て 学校教育 結婚・離婚 引越し・住まい 就職・退職 高齢者・介護 おくやみ 戸籍・住民票・印鑑登録 税 国民健康保険 国民年金 水道 交通 駐車・駐輪 都市計画 産業・事業 ごみ・環境保全 ペット 福祉 障がい者支援 消費生活 健康・医療 文化・"
"豊明市","23229","60","200","不妊治療費用助成","https://www.city.toyoake.lg.jp/23843.htm","不妊治療費用助成/豊明市 --> 本文へ移動 不妊治療費用助成 スマートフォン用ツール メニュー表示 自動翻訳 English 中文 Portgues Tiếng Việt Foreign language 背景変更 標準 黒 補助機能 ふりがな 文字拡大 元に戻す サイトマップ パソコン画面表示 ページの末尾へ くらし 妊娠・出産 子育て 学校教育 結婚・離婚 引越し・住まい 就職・退職 高齢者・介護 おくやみ 戸籍・住民票・印鑑登録 税 国民健康保険 国民年金 水道 交通 駐車・駐輪 都市計画 産業・事業 ごみ・環境保全 ペット 福祉 障がい者支援 消費生活 健康・医療 文化・スポーツ・生"
"豊明市","23229","60","200","助産所及び愛知県外の医療機関で妊婦・乳児健康診査を受けられる方へ","https://www.city.toyoake.lg.jp/3070.htm","助産所及び愛知県外の医療機関で妊婦・乳児健康診査を受けられる方へ/豊明市 --> 本文へ移動 助産所及び愛知県外の医療機関で妊婦・乳児健康診査を受けられる方へ スマートフォン用ツール メニュー表示 自動翻訳 English 中文 Portgues Tiếng Việt Foreign language 背景変更 標準 黒 補助機能 ふりがな 文字拡大 元に戻す サイトマップ パソコン画面表示 ページの末尾へ くらし 妊娠・出産 子育て 学校教育 結婚・離婚 引越し・住まい 就職・退職 高齢者・介護 おくやみ 戸籍・住民票・印鑑登録 税 国民健康保険 国民年金 水道 交通 駐車・駐輪 都市計画 "
"豊明市","23229","60","200","各種手当・助成事業","https://www.city.toyoake.lg.jp/3770.htm","各種手当・助成事業/豊明市 --> 本文へ移動 各種手当・助成事業 スマートフォン用ツール メニュー表示 自動翻訳 English 中文 Portgues Tiếng Việt Foreign language 背景変更 標準 黒 補助機能 ふりがな 文字拡大 元に戻す サイトマップ パソコン画面表示 ページの末尾へ くらし 妊娠・出産 子育て 学校教育 結婚・離婚 引越し・住まい 就職・退職 高齢者・介護 おくやみ 戸籍・住民票・印鑑登録 税 国民健康保険 国民年金 水道 交通 駐車・駐輪 都市計画 産業・事業 ごみ・環境保全 ペット 福祉 障がい者支援 消費生活 健康・医療 文化・スポーツ"
"豊明市","23229","60","200","豊明市児童館","https://www.city.toyoake.lg.jp/3778.htm","豊明市児童館/豊明市 --> 本文へ移動 豊明市児童館 スマートフォン用ツール メニュー表示 自動翻訳 English 中文 Portgues Tiếng Việt Foreign language 背景変更 標準 黒 補助機能 ふりがな 文字拡大 元に戻す サイトマップ パソコン画面表示 ページの末尾へ くらし 妊娠・出産 子育て 学校教育 結婚・離婚 引越し・住まい 就職・退職 高齢者・介護 おくやみ 戸籍・住民票・印鑑登録 税 国民健康保険 国民年金 水道 交通 駐車・駐輪 都市計画 産業・事業 ごみ・環境保全 ペット 福祉 障がい者支援 消費生活 健康・医療 文化・スポーツ・生涯学習 "
"豊明市","23229","60","200","児童扶養手当制度","https://www.city.toyoake.lg.jp/3989.htm","児童扶養手当制度/豊明市 --> 本文へ移動 児童扶養手当制度 スマートフォン用ツール メニュー表示 自動翻訳 English 中文 Portgues Tiếng Việt Foreign language 背景変更 標準 黒 補助機能 ふりがな 文字拡大 元に戻す サイトマップ パソコン画面表示 ページの末尾へ くらし 妊娠・出産 子育て 学校教育 結婚・離婚 引越し・住まい 就職・退職 高齢者・介護 おくやみ 戸籍・住民票・印鑑登録 税 国民健康保険 国民年金 水道 交通 駐車・駐輪 都市計画 産業・事業 ごみ・環境保全 ペット 福祉 障がい者支援 消費生活 健康・医療 文化・スポーツ・生"
"豊明市","23229","60","200","温暖化対策に関する補助制度","https://www.city.toyoake.lg.jp/4310.htm","温暖化対策に関する補助制度/豊明市 --> 本文へ移動 温暖化対策に関する補助制度 スマートフォン用ツール メニュー表示 自動翻訳 English 中文 Portgues Tiếng Việt Foreign language 背景変更 標準 黒 補助機能 ふりがな 文字拡大 元に戻す サイトマップ パソコン画面表示 ページの末尾へ くらし 妊娠・出産 子育て 学校教育 結婚・離婚 引越し・住まい 就職・退職 高齢者・介護 おくやみ 戸籍・住民票・印鑑登録 税 国民健康保険 国民年金 水道 交通 駐車・駐輪 都市計画 産業・事業 ごみ・環境保全 ペット 福祉 障がい者支援 消費生活 健康・医療"
"豊明市","23229","60","200","し尿・浄化槽","https://www.city.toyoake.lg.jp/4793.htm","し尿・浄化槽/豊明市 --> 本文へ移動 し尿・浄化槽 スマートフォン用ツール メニュー表示 自動翻訳 English 中文 Portgues Tiếng Việt Foreign language 背景変更 標準 黒 補助機能 ふりがな 文字拡大 元に戻す サイトマップ パソコン画面表示 ページの末尾へ くらし 妊娠・出産 子育て 学校教育 結婚・離婚 引越し・住まい 就職・退職 高齢者・介護 おくやみ 戸籍・住民票・印鑑登録 税 国民健康保険 国民年金 水道 交通 駐車・駐輪 都市計画 産業・事業 ごみ・環境保全 ペット 福祉 障がい者支援 消費生活 健康・医療 文化・スポーツ・生涯学習 "
"豊明市","23229","60","200","後期高齢者医療","https://www.city.toyoake.lg.jp/5791.htm","後期高齢者医療/豊明市 --> 本文へ移動 後期高齢者医療 スマートフォン用ツール メニュー表示 自動翻訳 English 中文 Portgues Tiếng Việt Foreign language 背景変更 標準 黒 補助機能 ふりがな 文字拡大 元に戻す サイトマップ パソコン画面表示 ページの末尾へ くらし 妊娠・出産 子育て 学校教育 結婚・離婚 引越し・住まい 就職・退職 高齢者・介護 おくやみ 戸籍・住民票・印鑑登録 税 国民健康保険 国民年金 水道 交通 駐車・駐輪 都市計画 産業・事業 ごみ・環境保全 ペット 福祉 障がい者支援 消費生活 健康・医療 文化・スポーツ・生涯学"
"豊明市","23229","60","200","給付（高額療養費等）について","https://www.city.toyoake.lg.jp/5832.htm","給付（高額療養費等）について/豊明市 --> 本文へ移動 給付（高額療養費等）について スマートフォン用ツール メニュー表示 自動翻訳 English 中文 Portgues Tiếng Việt Foreign language 背景変更 標準 黒 補助機能 ふりがな 文字拡大 元に戻す サイトマップ パソコン画面表示 ページの末尾へ くらし 妊娠・出産 子育て 学校教育 結婚・離婚 引越し・住まい 就職・退職 高齢者・介護 おくやみ 戸籍・住民票・印鑑登録 税 国民健康保険 国民年金 水道 交通 駐車・駐輪 都市計画 産業・事業 ごみ・環境保全 ペット 福祉 障がい者支援 消費生活 健康・"
"豊明市","23229","60","200","児童クラブ","https://www.city.toyoake.lg.jp/6248.htm","児童クラブ/豊明市 --> 本文へ移動 児童クラブ スマートフォン用ツール メニュー表示 自動翻訳 English 中文 Portgues Tiếng Việt Foreign language 背景変更 標準 黒 補助機能 ふりがな 文字拡大 元に戻す サイトマップ パソコン画面表示 ページの末尾へ くらし 妊娠・出産 子育て 学校教育 結婚・離婚 引越し・住まい 就職・退職 高齢者・介護 おくやみ 戸籍・住民票・印鑑登録 税 国民健康保険 国民年金 水道 交通 駐車・駐輪 都市計画 産業・事業 ごみ・環境保全 ペット 福祉 障がい者支援 消費生活 健康・医療 文化・スポーツ・生涯学習 市民"
"豊明市","23229","60","200","豊明市子ども・子育て支援事業計画","https://www.city.toyoake.lg.jp/6261.htm","豊明市子ども・子育て支援事業計画/豊明市 --> 本文へ移動 豊明市子ども・子育て支援事業計画 スマートフォン用ツール メニュー表示 自動翻訳 English 中文 Portgues Tiếng Việt Foreign language 背景変更 標準 黒 補助機能 ふりがな 文字拡大 元に戻す サイトマップ パソコン画面表示 ページの末尾へ くらし 妊娠・出産 子育て 学校教育 結婚・離婚 引越し・住まい 就職・退職 高齢者・介護 おくやみ 戸籍・住民票・印鑑登録 税 国民健康保険 国民年金 水道 交通 駐車・駐輪 都市計画 産業・事業 ごみ・環境保全 ペット 福祉 障がい者支援 消費生活"
"豊明市","23229","60","200","特別児童扶養手当所得制限","https://www.city.toyoake.lg.jp/6579.htm","特別児童扶養手当所得制限/豊明市 --> 本文へ移動 特別児童扶養手当所得制限 スマートフォン用ツール メニュー表示 自動翻訳 English 中文 Portgues Tiếng Việt Foreign language 背景変更 標準 黒 補助機能 ふりがな 文字拡大 元に戻す サイトマップ パソコン画面表示 ページの末尾へ くらし 妊娠・出産 子育て 学校教育 結婚・離婚 引越し・住まい 就職・退職 高齢者・介護 おくやみ 戸籍・住民票・印鑑登録 税 国民健康保険 国民年金 水道 交通 駐車・駐輪 都市計画 産業・事業 ごみ・環境保全 ペット 福祉 障がい者支援 消費生活 健康・医療 文"
"豊明市","23229","60","200","幼児教育・保育無償化について","https://www.city.toyoake.lg.jp/9504.htm","幼児教育・保育無償化について/豊明市 --> 本文へ移動 幼児教育・保育無償化について スマートフォン用ツール メニュー表示 自動翻訳 English 中文 Portgues Tiếng Việt Foreign language 背景変更 標準 黒 補助機能 ふりがな 文字拡大 元に戻す サイトマップ パソコン画面表示 ページの末尾へ くらし 妊娠・出産 子育て 学校教育 結婚・離婚 引越し・住まい 就職・退職 高齢者・介護 おくやみ 戸籍・住民票・印鑑登録 税 国民健康保険 国民年金 水道 交通 駐車・駐輪 都市計画 産業・事業 ごみ・環境保全 ペット 福祉 障がい者支援 消費生活 健康・"
"豊明市","23229","60","200","令和7年度児童扶養手当・特別児童扶養手当等の現況届・所得状況届の提出について","https://www.city.toyoake.lg.jp/9578.htm","令和7年度児童扶養手当・特別児童扶養手当等の現況届・所得状況届の提出について/豊明市 --> 本文へ移動 令和7年度児童扶養手当・特別児童扶養手当等の現況届・所得状況届の提出について スマートフォン用ツール メニュー表示 自動翻訳 English 中文 Portgues Tiếng Việt Foreign language 背景変更 標準 黒 補助機能 ふりがな 文字拡大 元に戻す サイトマップ パソコン画面表示 ページの末尾へ くらし 妊娠・出産 子育て 学校教育 結婚・離婚 引越し・住まい 就職・退職 高齢者・介護 おくやみ 戸籍・住民票・印鑑登録 税 国民健康保険 国民年金 水道 交通"
"日進市","23230","57","200","障害福祉サービスの利用者負担上限額","https://www.city.nisshin.lg.jp/kurashi/seane/shougai/hukushi/6985.html","障害福祉サービスの利用者負担上限額／日進市 本文へ 文字サイズ 背景色変更 携帯サイト Other Language 部や課で選ぶ ご意見・お問い合わせ ホーム くらしの情報 行事・イベント 市役所・公共施設 市の政策・計画 サイト内検索 くらしの情報 行事・イベント 市役所・公共施設 市の政策・計画 Other Language 部や課で選ぶ ご意見・お問い合わせ 現在の位置 ホーム 暮らしの情報 暮らしのシーンから探す 障害者 障害福祉サービス 障害福祉サービスの利用者負担上限額 障害福祉サービスの利用者負担上限額 ID番号 N6985 更新日：2020年10月07日 障害福祉サービス利用"
"日進市","23230","57","200","障害福祉サービス","https://www.city.nisshin.lg.jp/kurashi/seane/shougai/hukushi/index.html","障害福祉サービス／日進市 本文へ 文字サイズ 背景色変更 携帯サイト Other Language 部や課で選ぶ ご意見・お問い合わせ ホーム くらしの情報 行事・イベント 市役所・公共施設 市の政策・計画 サイト内検索 くらしの情報 行事・イベント 市役所・公共施設 市の政策・計画 Other Language 部や課で選ぶ ご意見・お問い合わせ 現在の位置 ホーム 暮らしの情報 暮らしのシーンから探す 障害者 障害福祉サービス 障害福祉サービス ID番号 N6982 更新日：2019年03月01日 障害福祉サービス 障害福祉サービスの利用方法 障害福祉サービスの利用者負担上限額 地域生活支"
"岩倉市","23228","55","200","岩倉市子ども条例(平成21年1月1日施行)","https://www.city.iwakura.aichi.jp/0000000039.html","岩倉市子ども条例(平成21年1月1日施行) | 岩倉市 共通メニューなどをスキップして本文へ 岩倉市トップに戻る ふりがな やさしい日本語 文字サイズ変更 標準 拡大 色の反転 標準 反転 検索 文字サイズ変更機能を利用するにはJavaScript（アクティブスクリプト）を有効にしてください。JavaScript（アクティブスクリプト）を無効のまま文字サイズを変更する場合には，ご利用のブラウザの表示メニューから文字サイズを変更してください。文字サイズ変更以外にも，操作性向上の目的でJavaScript（アクティブスクリプト）を用いた機能を提供しています。可能であればJavaScript（アクテ"
"岩倉市","23228","55","200","し尿 [2026年5月22日] し尿の汲み取り 工事現場などで仮設トイレを使用する事業者の方へお知らせ 浄化槽の維持管理","https://www.city.iwakura.aichi.jp/0000000104.html","し尿 | 岩倉市 共通メニューなどをスキップして本文へ 岩倉市トップに戻る ふりがな やさしい日本語 文字サイズ変更 標準 拡大 色の反転 標準 反転 検索 文字サイズ変更機能を利用するにはJavaScript（アクティブスクリプト）を有効にしてください。JavaScript（アクティブスクリプト）を無効のまま文字サイズを変更する場合には，ご利用のブラウザの表示メニューから文字サイズを変更してください。文字サイズ変更以外にも，操作性向上の目的でJavaScript（アクティブスクリプト）を用いた機能を提供しています。可能であればJavaScript（アクティブスクリプト）を有効にしてください。"
"岩倉市","23228","55","200","障害福祉サービス [2016年8月30日] 介護給付（障害福祉サービス）・訓練等給付（障害福祉サービス）・障害児通所支援（障害福祉サービス）・地域生活支援事業について説明します。","https://www.city.iwakura.aichi.jp/0000000114.html","障害福祉サービス | 岩倉市 共通メニューなどをスキップして本文へ 岩倉市トップに戻る ふりがな やさしい日本語 文字サイズ変更 標準 拡大 色の反転 標準 反転 検索 文字サイズ変更機能を利用するにはJavaScript（アクティブスクリプト）を有効にしてください。JavaScript（アクティブスクリプト）を無効のまま文字サイズを変更する場合には，ご利用のブラウザの表示メニューから文字サイズを変更してください。文字サイズ変更以外にも，操作性向上の目的でJavaScript（アクティブスクリプト）を用いた機能を提供しています。可能であればJavaScript（アクティブスクリプト）を有効にし"
"岩倉市","23228","55","200","障がい者手帳 [2016年7月30日] 身体障害者手帳 療育手帳 精神障害者保健福祉手帳","https://www.city.iwakura.aichi.jp/0000000123.html","障がい者手帳 | 岩倉市 共通メニューなどをスキップして本文へ 岩倉市トップに戻る ふりがな やさしい日本語 文字サイズ変更 標準 拡大 色の反転 標準 反転 検索 文字サイズ変更機能を利用するにはJavaScript（アクティブスクリプト）を有効にしてください。JavaScript（アクティブスクリプト）を無効のまま文字サイズを変更する場合には，ご利用のブラウザの表示メニューから文字サイズを変更してください。文字サイズ変更以外にも，操作性向上の目的でJavaScript（アクティブスクリプト）を用いた機能を提供しています。可能であればJavaScript（アクティブスクリプト）を有効にしてく"
"岩倉市","23228","55","200","赤ちゃんが小さく生まれたら [2026年6月1日] 「1.低体重児出生届」「2.岩倉市未熟児養育医療費給付事業」","https://www.city.iwakura.aichi.jp/0000000161.html","赤ちゃんが小さく生まれたら | 岩倉市 共通メニューなどをスキップして本文へ 岩倉市トップに戻る ふりがな やさしい日本語 文字サイズ変更 標準 拡大 色の反転 標準 反転 検索 文字サイズ変更機能を利用するにはJavaScript（アクティブスクリプト）を有効にしてください。JavaScript（アクティブスクリプト）を無効のまま文字サイズを変更する場合には，ご利用のブラウザの表示メニューから文字サイズを変更してください。文字サイズ変更以外にも，操作性向上の目的でJavaScript（アクティブスクリプト）を用いた機能を提供しています。可能であればJavaScript（アクティブスクリプト）"
"岩倉市","23228","55","200","妊産婦さんの健康支援 [2026年6月1日] 「1. 母子健康手帳の交付」 「2. 妊婦・産後・乳児健康診査」 「3. 新生児聴覚検査」 「4. 育児に関する動画」 「5. 妊婦メール相談「マタニティほっとライン」 「6. マタニティマーク」 「7. 子育てハンドブック「お父さんダイスキ」アプリ」 「8. 低所得の妊婦に対する初回産科受診料支援事業」","https://www.city.iwakura.aichi.jp/0000000165.html","妊産婦さんの健康支援 | 岩倉市 共通メニューなどをスキップして本文へ 岩倉市トップに戻る ふりがな やさしい日本語 文字サイズ変更 標準 拡大 色の反転 標準 反転 検索 文字サイズ変更機能を利用するにはJavaScript（アクティブスクリプト）を有効にしてください。JavaScript（アクティブスクリプト）を無効のまま文字サイズを変更する場合には，ご利用のブラウザの表示メニューから文字サイズを変更してください。文字サイズ変更以外にも，操作性向上の目的でJavaScript（アクティブスクリプト）を用いた機能を提供しています。可能であればJavaScript（アクティブスクリプト）を有効"
"岩倉市","23228","55","200","介護保険制度 [2026年5月7日]","https://www.city.iwakura.aichi.jp/0000000189.html","介護保険制度 | 岩倉市 共通メニューなどをスキップして本文へ 岩倉市トップに戻る ふりがな やさしい日本語 文字サイズ変更 標準 拡大 色の反転 標準 反転 検索 文字サイズ変更機能を利用するにはJavaScript（アクティブスクリプト）を有効にしてください。JavaScript（アクティブスクリプト）を無効のまま文字サイズを変更する場合には，ご利用のブラウザの表示メニューから文字サイズを変更してください。文字サイズ変更以外にも，操作性向上の目的でJavaScript（アクティブスクリプト）を用いた機能を提供しています。可能であればJavaScript（アクティブスクリプト）を有効にしてく"
"岩倉市","23228","55","200","岩倉市子ども・子育て支援事業計画","https://www.city.iwakura.aichi.jp/0000000192.html","岩倉市子ども・子育て支援事業計画 | 岩倉市 共通メニューなどをスキップして本文へ 岩倉市トップに戻る ふりがな やさしい日本語 文字サイズ変更 標準 拡大 色の反転 標準 反転 検索 文字サイズ変更機能を利用するにはJavaScript（アクティブスクリプト）を有効にしてください。JavaScript（アクティブスクリプト）を無効のまま文字サイズを変更する場合には，ご利用のブラウザの表示メニューから文字サイズを変更してください。文字サイズ変更以外にも，操作性向上の目的でJavaScript（アクティブスクリプト）を用いた機能を提供しています。可能であればJavaScript（アクティブスクリ"
"岩倉市","23228","55","200","令和8年度 岩倉市一般不妊治療費助成制度について [2026年6月1日] 不妊症と診断され、人工授精(医療保険適用外のみ)を受けられたご夫婦に、負担した費用の一部を助成する制度です。","https://www.city.iwakura.aichi.jp/0000000214.html","令和8年度 岩倉市一般不妊治療費助成制度について | 岩倉市 共通メニューなどをスキップして本文へ 岩倉市トップに戻る ふりがな やさしい日本語 文字サイズ変更 標準 拡大 色の反転 標準 反転 検索 文字サイズ変更機能を利用するにはJavaScript（アクティブスクリプト）を有効にしてください。JavaScript（アクティブスクリプト）を無効のまま文字サイズを変更する場合には，ご利用のブラウザの表示メニューから文字サイズを変更してください。文字サイズ変更以外にも，操作性向上の目的でJavaScript（アクティブスクリプト）を用いた機能を提供しています。可能であればJavaScript（"
"岩倉市","23228","55","200","市税等の減免","https://www.city.iwakura.aichi.jp/0000000224.html","市税等の減免 | 岩倉市 共通メニューなどをスキップして本文へ 岩倉市トップに戻る ふりがな やさしい日本語 文字サイズ変更 標準 拡大 色の反転 標準 反転 検索 文字サイズ変更機能を利用するにはJavaScript（アクティブスクリプト）を有効にしてください。JavaScript（アクティブスクリプト）を無効のまま文字サイズを変更する場合には，ご利用のブラウザの表示メニューから文字サイズを変更してください。文字サイズ変更以外にも，操作性向上の目的でJavaScript（アクティブスクリプト）を用いた機能を提供しています。可能であればJavaScript（アクティブスクリプト）を有効にしてく"
"岩倉市","23228","55","200","NHK受信料の免除 [2016年6月30日] NHK受信料の免除","https://www.city.iwakura.aichi.jp/0000000232.html","NHK受信料の免除 | 岩倉市 共通メニューなどをスキップして本文へ 岩倉市トップに戻る ふりがな やさしい日本語 文字サイズ変更 標準 拡大 色の反転 標準 反転 検索 文字サイズ変更機能を利用するにはJavaScript（アクティブスクリプト）を有効にしてください。JavaScript（アクティブスクリプト）を無効のまま文字サイズを変更する場合には，ご利用のブラウザの表示メニューから文字サイズを変更してください。文字サイズ変更以外にも，操作性向上の目的でJavaScript（アクティブスクリプト）を用いた機能を提供しています。可能であればJavaScript（アクティブスクリプト）を有効に"
"岩倉市","23228","55","200","「工場等新設奨励金」および「工場等増設奨励金」のご案内","https://www.city.iwakura.aichi.jp/0000000264.html","「工場等新設奨励金」および「工場等増設奨励金」のご案内 | 岩倉市 共通メニューなどをスキップして本文へ 岩倉市トップに戻る ふりがな やさしい日本語 文字サイズ変更 標準 拡大 色の反転 標準 反転 検索 文字サイズ変更機能を利用するにはJavaScript（アクティブスクリプト）を有効にしてください。JavaScript（アクティブスクリプト）を無効のまま文字サイズを変更する場合には，ご利用のブラウザの表示メニューから文字サイズを変更してください。文字サイズ変更以外にも，操作性向上の目的でJavaScript（アクティブスクリプト）を用いた機能を提供しています。可能であればJavaScri"
"岩倉市","23228","55","200","市民活動助成金について [2024年11月1日] 岩倉市では、市民活動団体が取り組む地域課題を解決したり、市民の福祉向上やまちづくりに貢献するような事業に対して助成金を交付しています。","https://www.city.iwakura.aichi.jp/0000000296.html","市民活動助成金について | 岩倉市 共通メニューなどをスキップして本文へ 岩倉市トップに戻る ふりがな やさしい日本語 文字サイズ変更 標準 拡大 色の反転 標準 反転 検索 文字サイズ変更機能を利用するにはJavaScript（アクティブスクリプト）を有効にしてください。JavaScript（アクティブスクリプト）を無効のまま文字サイズを変更する場合には，ご利用のブラウザの表示メニューから文字サイズを変更してください。文字サイズ変更以外にも，操作性向上の目的でJavaScript（アクティブスクリプト）を用いた機能を提供しています。可能であればJavaScript（アクティブスクリプト）を有"
"岩倉市","23228","55","200","岩倉市公共交通実態調査報告書 [2016年5月30日] 岩倉市では、今後の超高齢社会の到来や地球温暖化問題への対応、まちの賑わいづくりという観点から、本市の総合的な交通対策のあり方を検討していくため、市内に在住の16歳以上の2,000人を対象に「岩倉市公共交通実態調査」を実施しましたので、調査結果を報告します。 今後、この調査結果を市の公共交通施策に活用してまいります。","https://www.city.iwakura.aichi.jp/0000001009.html","岩倉市公共交通実態調査報告書 | 岩倉市 共通メニューなどをスキップして本文へ 岩倉市トップに戻る ふりがな やさしい日本語 文字サイズ変更 標準 拡大 色の反転 標準 反転 検索 文字サイズ変更機能を利用するにはJavaScript（アクティブスクリプト）を有効にしてください。JavaScript（アクティブスクリプト）を無効のまま文字サイズを変更する場合には，ご利用のブラウザの表示メニューから文字サイズを変更してください。文字サイズ変更以外にも，操作性向上の目的でJavaScript（アクティブスクリプト）を用いた機能を提供しています。可能であればJavaScript（アクティブスクリプト"
"岩倉市","23228","55","200","児童手当 [2023年4月21日] 次代の社会を担う児童の健やかな成長のため手当を支給する制度です。","https://www.city.iwakura.aichi.jp/0000001855.html","児童手当 | 岩倉市 共通メニューなどをスキップして本文へ 岩倉市トップに戻る ふりがな やさしい日本語 文字サイズ変更 標準 拡大 色の反転 標準 反転 検索 文字サイズ変更機能を利用するにはJavaScript（アクティブスクリプト）を有効にしてください。JavaScript（アクティブスクリプト）を無効のまま文字サイズを変更する場合には，ご利用のブラウザの表示メニューから文字サイズを変更してください。文字サイズ変更以外にも，操作性向上の目的でJavaScript（アクティブスクリプト）を用いた機能を提供しています。可能であればJavaScript（アクティブスクリプト）を有効にしてくださ"
"岩倉市","23228","55","200","特別児童扶養手当 [2016年9月30日] 身体・知的発達または精神に障害のある児童の福祉の増進を図るため手当を支給します。","https://www.city.iwakura.aichi.jp/0000001865.html","特別児童扶養手当 | 岩倉市 共通メニューなどをスキップして本文へ 岩倉市トップに戻る ふりがな やさしい日本語 文字サイズ変更 標準 拡大 色の反転 標準 反転 検索 文字サイズ変更機能を利用するにはJavaScript（アクティブスクリプト）を有効にしてください。JavaScript（アクティブスクリプト）を無効のまま文字サイズを変更する場合には，ご利用のブラウザの表示メニューから文字サイズを変更してください。文字サイズ変更以外にも，操作性向上の目的でJavaScript（アクティブスクリプト）を用いた機能を提供しています。可能であればJavaScript（アクティブスクリプト）を有効にし"
"岩倉市","23228","55","200","心身障害者扶養共済制度 [2016年8月30日] 心身障害者扶養共済制度","https://www.city.iwakura.aichi.jp/0000001872.html","心身障害者扶養共済制度 | 岩倉市 共通メニューなどをスキップして本文へ 岩倉市トップに戻る ふりがな やさしい日本語 文字サイズ変更 標準 拡大 色の反転 標準 反転 検索 文字サイズ変更機能を利用するにはJavaScript（アクティブスクリプト）を有効にしてください。JavaScript（アクティブスクリプト）を無効のまま文字サイズを変更する場合には，ご利用のブラウザの表示メニューから文字サイズを変更してください。文字サイズ変更以外にも，操作性向上の目的でJavaScript（アクティブスクリプト）を用いた機能を提供しています。可能であればJavaScript（アクティブスクリプト）を有"
"岩倉市","23228","55","200","障がい者自動車運転免許取得費助成 [2016年8月30日] 普通自動車運転免許を取得した場合に必要な費用の一部を助成します","https://www.city.iwakura.aichi.jp/0000001873.html","障がい者自動車運転免許取得費助成 | 岩倉市 共通メニューなどをスキップして本文へ 岩倉市トップに戻る ふりがな やさしい日本語 文字サイズ変更 標準 拡大 色の反転 標準 反転 検索 文字サイズ変更機能を利用するにはJavaScript（アクティブスクリプト）を有効にしてください。JavaScript（アクティブスクリプト）を無効のまま文字サイズを変更する場合には，ご利用のブラウザの表示メニューから文字サイズを変更してください。文字サイズ変更以外にも，操作性向上の目的でJavaScript（アクティブスクリプト）を用いた機能を提供しています。可能であればJavaScript（アクティブスクリ"
"岩倉市","23228","55","200","身体障がい者用自動車改造費助成 [2016年9月30日] 自動車の改造に要する費用の一部を助成します。","https://www.city.iwakura.aichi.jp/0000001876.html","身体障がい者用自動車改造費助成 | 岩倉市 共通メニューなどをスキップして本文へ 岩倉市トップに戻る ふりがな やさしい日本語 文字サイズ変更 標準 拡大 色の反転 標準 反転 検索 文字サイズ変更機能を利用するにはJavaScript（アクティブスクリプト）を有効にしてください。JavaScript（アクティブスクリプト）を無効のまま文字サイズを変更する場合には，ご利用のブラウザの表示メニューから文字サイズを変更してください。文字サイズ変更以外にも，操作性向上の目的でJavaScript（アクティブスクリプト）を用いた機能を提供しています。可能であればJavaScript（アクティブスクリプ"
"岩倉市","23228","55","200","身体障がい者住宅改善費助成金 [2016年9月30日] 住宅改善に要する費用を助成します。","https://www.city.iwakura.aichi.jp/0000001877.html","身体障がい者住宅改善費助成金 | 岩倉市 共通メニューなどをスキップして本文へ 岩倉市トップに戻る ふりがな やさしい日本語 文字サイズ変更 標準 拡大 色の反転 標準 反転 検索 文字サイズ変更機能を利用するにはJavaScript（アクティブスクリプト）を有効にしてください。JavaScript（アクティブスクリプト）を無効のまま文字サイズを変更する場合には，ご利用のブラウザの表示メニューから文字サイズを変更してください。文字サイズ変更以外にも，操作性向上の目的でJavaScript（アクティブスクリプト）を用いた機能を提供しています。可能であればJavaScript（アクティブスクリプト"
"岩倉市","23228","55","200","岩倉市心身障害者扶助料 [2016年9月30日] 岩倉市心身障害者扶助料","https://www.city.iwakura.aichi.jp/0000001934.html","岩倉市心身障害者扶助料 | 岩倉市 共通メニューなどをスキップして本文へ 岩倉市トップに戻る ふりがな やさしい日本語 文字サイズ変更 標準 拡大 色の反転 標準 反転 検索 文字サイズ変更機能を利用するにはJavaScript（アクティブスクリプト）を有効にしてください。JavaScript（アクティブスクリプト）を無効のまま文字サイズを変更する場合には，ご利用のブラウザの表示メニューから文字サイズを変更してください。文字サイズ変更以外にも，操作性向上の目的でJavaScript（アクティブスクリプト）を用いた機能を提供しています。可能であればJavaScript（アクティブスクリプト）を有"
"岩倉市","23228","55","200","愛知県在宅重度障害者手当 [2016年9月30日] 愛知県在宅重度障害者手当","https://www.city.iwakura.aichi.jp/0000001935.html","愛知県在宅重度障害者手当 | 岩倉市 共通メニューなどをスキップして本文へ 岩倉市トップに戻る ふりがな やさしい日本語 文字サイズ変更 標準 拡大 色の反転 標準 反転 検索 文字サイズ変更機能を利用するにはJavaScript（アクティブスクリプト）を有効にしてください。JavaScript（アクティブスクリプト）を無効のまま文字サイズを変更する場合には，ご利用のブラウザの表示メニューから文字サイズを変更してください。文字サイズ変更以外にも，操作性向上の目的でJavaScript（アクティブスクリプト）を用いた機能を提供しています。可能であればJavaScript（アクティブスクリプト）を"
"岩倉市","23228","55","200","特別障害者手当・障害児福祉手当 [2026年4月1日] 特別障害者手当・障害児福祉手当","https://www.city.iwakura.aichi.jp/0000001936.html","特別障害者手当・障害児福祉手当 | 岩倉市 共通メニューなどをスキップして本文へ 岩倉市トップに戻る ふりがな やさしい日本語 文字サイズ変更 標準 拡大 色の反転 標準 反転 検索 文字サイズ変更機能を利用するにはJavaScript（アクティブスクリプト）を有効にしてください。JavaScript（アクティブスクリプト）を無効のまま文字サイズを変更する場合には，ご利用のブラウザの表示メニューから文字サイズを変更してください。文字サイズ変更以外にも，操作性向上の目的でJavaScript（アクティブスクリプト）を用いた機能を提供しています。可能であればJavaScript（アクティブスクリプ"
"岩倉市","23228","55","200","日常生活用具の給付 [2016年8月30日] 在宅で日常生活を営むのに支障のある重度の障がい者に対し、日常生活上の便宜を図るための用具を給付します。","https://www.city.iwakura.aichi.jp/0000001938.html","日常生活用具の給付 | 岩倉市 共通メニューなどをスキップして本文へ 岩倉市トップに戻る ふりがな やさしい日本語 文字サイズ変更 標準 拡大 色の反転 標準 反転 検索 文字サイズ変更機能を利用するにはJavaScript（アクティブスクリプト）を有効にしてください。JavaScript（アクティブスクリプト）を無効のまま文字サイズを変更する場合には，ご利用のブラウザの表示メニューから文字サイズを変更してください。文字サイズ変更以外にも，操作性向上の目的でJavaScript（アクティブスクリプト）を用いた機能を提供しています。可能であればJavaScript（アクティブスクリプト）を有効に"
"岩倉市","23228","55","200","自立支援医療（精神通院）の給付 [2016年9月30日] 自立支援医療（精神通院）の給付","https://www.city.iwakura.aichi.jp/0000001940.html","自立支援医療（精神通院）の給付 | 岩倉市 共通メニューなどをスキップして本文へ 岩倉市トップに戻る ふりがな やさしい日本語 文字サイズ変更 標準 拡大 色の反転 標準 反転 検索 文字サイズ変更機能を利用するにはJavaScript（アクティブスクリプト）を有効にしてください。JavaScript（アクティブスクリプト）を無効のまま文字サイズを変更する場合には，ご利用のブラウザの表示メニューから文字サイズを変更してください。文字サイズ変更以外にも，操作性向上の目的でJavaScript（アクティブスクリプト）を用いた機能を提供しています。可能であればJavaScript（アクティブスクリプ"
"岩倉市","23228","55","200","高齢者運転免許証自主返納支援事業 [2019年4月1日] 高齢者による交通事故の減少を目的に、運転免許証の自主返納に対して支援を行っています。","https://www.city.iwakura.aichi.jp/0000002007.html","高齢者運転免許証自主返納支援事業 | 岩倉市 共通メニューなどをスキップして本文へ 岩倉市トップに戻る ふりがな やさしい日本語 文字サイズ変更 標準 拡大 色の反転 標準 反転 検索 文字サイズ変更機能を利用するにはJavaScript（アクティブスクリプト）を有効にしてください。JavaScript（アクティブスクリプト）を無効のまま文字サイズを変更する場合には，ご利用のブラウザの表示メニューから文字サイズを変更してください。文字サイズ変更以外にも，操作性向上の目的でJavaScript（アクティブスクリプト）を用いた機能を提供しています。可能であればJavaScript（アクティブスクリ"
"岩倉市","23228","55","200","後期高齢者医療制度の対象者","https://www.city.iwakura.aichi.jp/0000002031.html","後期高齢者医療制度の対象者 | 岩倉市 共通メニューなどをスキップして本文へ 岩倉市トップに戻る ふりがな やさしい日本語 文字サイズ変更 標準 拡大 色の反転 標準 反転 検索 文字サイズ変更機能を利用するにはJavaScript（アクティブスクリプト）を有効にしてください。JavaScript（アクティブスクリプト）を無効のまま文字サイズを変更する場合には，ご利用のブラウザの表示メニューから文字サイズを変更してください。文字サイズ変更以外にも，操作性向上の目的でJavaScript（アクティブスクリプト）を用いた機能を提供しています。可能であればJavaScript（アクティブスクリプト）"
"岩倉市","23228","55","200","子ども医療費助成制度 [2016年9月1日]","https://www.city.iwakura.aichi.jp/0000002116.html","子ども医療費助成制度 | 岩倉市 共通メニューなどをスキップして本文へ 岩倉市トップに戻る ふりがな やさしい日本語 文字サイズ変更 標準 拡大 色の反転 標準 反転 検索 文字サイズ変更機能を利用するにはJavaScript（アクティブスクリプト）を有効にしてください。JavaScript（アクティブスクリプト）を無効のまま文字サイズを変更する場合には，ご利用のブラウザの表示メニューから文字サイズを変更してください。文字サイズ変更以外にも，操作性向上の目的でJavaScript（アクティブスクリプト）を用いた機能を提供しています。可能であればJavaScript（アクティブスクリプト）を有効"
"岩倉市","23228","55","200","「愛知県小規模企業等振興資金」融資制度利用者への助成のご案内 [2025年3月6日]","https://www.city.iwakura.aichi.jp/0000002199.html","「愛知県小規模企業等振興資金」融資制度利用者への助成のご案内 | 岩倉市 共通メニューなどをスキップして本文へ 岩倉市トップに戻る ふりがな やさしい日本語 文字サイズ変更 標準 拡大 色の反転 標準 反転 検索 文字サイズ変更機能を利用するにはJavaScript（アクティブスクリプト）を有効にしてください。JavaScript（アクティブスクリプト）を無効のまま文字サイズを変更する場合には，ご利用のブラウザの表示メニューから文字サイズを変更してください。文字サイズ変更以外にも，操作性向上の目的でJavaScript（アクティブスクリプト）を用いた機能を提供しています。可能であればJavaS"
"岩倉市","23228","55","200","介護保険で利用できるサービス [2017年8月9日]","https://www.city.iwakura.aichi.jp/0000002318.html","介護保険で利用できるサービス | 岩倉市 共通メニューなどをスキップして本文へ 岩倉市トップに戻る ふりがな やさしい日本語 文字サイズ変更 標準 拡大 色の反転 標準 反転 検索 文字サイズ変更機能を利用するにはJavaScript（アクティブスクリプト）を有効にしてください。JavaScript（アクティブスクリプト）を無効のまま文字サイズを変更する場合には，ご利用のブラウザの表示メニューから文字サイズを変更してください。文字サイズ変更以外にも，操作性向上の目的でJavaScript（アクティブスクリプト）を用いた機能を提供しています。可能であればJavaScript（アクティブスクリプト"
"岩倉市","23228","55","200","高額介護サービス費の支給 [2024年3月14日]","https://www.city.iwakura.aichi.jp/0000002331.html","高額介護サービス費の支給 | 岩倉市 共通メニューなどをスキップして本文へ 岩倉市トップに戻る ふりがな やさしい日本語 文字サイズ変更 標準 拡大 色の反転 標準 反転 検索 文字サイズ変更機能を利用するにはJavaScript（アクティブスクリプト）を有効にしてください。JavaScript（アクティブスクリプト）を無効のまま文字サイズを変更する場合には，ご利用のブラウザの表示メニューから文字サイズを変更してください。文字サイズ変更以外にも，操作性向上の目的でJavaScript（アクティブスクリプト）を用いた機能を提供しています。可能であればJavaScript（アクティブスクリプト）を"
"岩倉市","23228","55","200","岩倉市児童館地域活動クラブ「さくら」会員募集 [2026年5月13日]","https://www.city.iwakura.aichi.jp/0000002480.html","岩倉市児童館地域活動クラブ「さくら」会員募集 | 岩倉市 共通メニューなどをスキップして本文へ 岩倉市トップに戻る ふりがな やさしい日本語 文字サイズ変更 標準 拡大 色の反転 標準 反転 検索 文字サイズ変更機能を利用するにはJavaScript（アクティブスクリプト）を有効にしてください。JavaScript（アクティブスクリプト）を無効のまま文字サイズを変更する場合には，ご利用のブラウザの表示メニューから文字サイズを変更してください。文字サイズ変更以外にも，操作性向上の目的でJavaScript（アクティブスクリプト）を用いた機能を提供しています。可能であればJavaScript（アク"
"岩倉市","23228","55","200","介護・認知症に関する映画上映会を開催します [2026年6月22日]","https://www.city.iwakura.aichi.jp/0000002564.html","介護・認知症に関する映画上映会を開催します | 岩倉市 共通メニューなどをスキップして本文へ 岩倉市トップに戻る ふりがな やさしい日本語 文字サイズ変更 標準 拡大 色の反転 標準 反転 検索 文字サイズ変更機能を利用するにはJavaScript（アクティブスクリプト）を有効にしてください。JavaScript（アクティブスクリプト）を無効のまま文字サイズを変更する場合には，ご利用のブラウザの表示メニューから文字サイズを変更してください。文字サイズ変更以外にも，操作性向上の目的でJavaScript（アクティブスクリプト）を用いた機能を提供しています。可能であればJavaScript（アクテ"
"岩倉市","23228","55","200","スポーツ振興くじ助成金（toto）を活用した岩倉市の助成金事業","https://www.city.iwakura.aichi.jp/0000002687.html","スポーツ振興くじ助成金（toto）を活用した岩倉市の助成金事業 | 岩倉市 共通メニューなどをスキップして本文へ 岩倉市トップに戻る ふりがな やさしい日本語 文字サイズ変更 標準 拡大 色の反転 標準 反転 検索 文字サイズ変更機能を利用するにはJavaScript（アクティブスクリプト）を有効にしてください。JavaScript（アクティブスクリプト）を無効のまま文字サイズを変更する場合には，ご利用のブラウザの表示メニューから文字サイズを変更してください。文字サイズ変更以外にも，操作性向上の目的でJavaScript（アクティブスクリプト）を用いた機能を提供しています。可能であればJava"
"岩倉市","23228","55","200","岩倉市まちづくり文化振興事業助成制度 [2020年1月1日]","https://www.city.iwakura.aichi.jp/0000002708.html","岩倉市まちづくり文化振興事業助成制度 | 岩倉市 共通メニューなどをスキップして本文へ 岩倉市トップに戻る ふりがな やさしい日本語 文字サイズ変更 標準 拡大 色の反転 標準 反転 検索 文字サイズ変更機能を利用するにはJavaScript（アクティブスクリプト）を有効にしてください。JavaScript（アクティブスクリプト）を無効のまま文字サイズを変更する場合には，ご利用のブラウザの表示メニューから文字サイズを変更してください。文字サイズ変更以外にも，操作性向上の目的でJavaScript（アクティブスクリプト）を用いた機能を提供しています。可能であればJavaScript（アクティブス"
"岩倉市","23228","55","200","軽度・中等度難聴児支援事業 [2021年6月25日] 補聴器の購入費等を助成します。","https://www.city.iwakura.aichi.jp/0000002874.html","軽度・中等度難聴児支援事業 | 岩倉市 共通メニューなどをスキップして本文へ 岩倉市トップに戻る ふりがな やさしい日本語 文字サイズ変更 標準 拡大 色の反転 標準 反転 検索 文字サイズ変更機能を利用するにはJavaScript（アクティブスクリプト）を有効にしてください。JavaScript（アクティブスクリプト）を無効のまま文字サイズを変更する場合には，ご利用のブラウザの表示メニューから文字サイズを変更してください。文字サイズ変更以外にも，操作性向上の目的でJavaScript（アクティブスクリプト）を用いた機能を提供しています。可能であればJavaScript（アクティブスクリプト）"
"岩倉市","23228","55","200","放課後児童クラブの会計年度任用職員を募集しています","https://www.city.iwakura.aichi.jp/0000002919.html","放課後児童クラブの会計年度任用職員を募集しています | 岩倉市 共通メニューなどをスキップして本文へ 岩倉市トップに戻る ふりがな やさしい日本語 文字サイズ変更 標準 拡大 色の反転 標準 反転 検索 文字サイズ変更機能を利用するにはJavaScript（アクティブスクリプト）を有効にしてください。JavaScript（アクティブスクリプト）を無効のまま文字サイズを変更する場合には，ご利用のブラウザの表示メニューから文字サイズを変更してください。文字サイズ変更以外にも，操作性向上の目的でJavaScript（アクティブスクリプト）を用いた機能を提供しています。可能であればJavaScript"
"岩倉市","23228","55","200","第2期岩倉市中小企業・小規模企業活性化行動計画 [2022年5月9日]","https://www.city.iwakura.aichi.jp/0000002978.html","第2期岩倉市中小企業・小規模企業活性化行動計画 | 岩倉市 共通メニューなどをスキップして本文へ 岩倉市トップに戻る ふりがな やさしい日本語 文字サイズ変更 標準 拡大 色の反転 標準 反転 検索 文字サイズ変更機能を利用するにはJavaScript（アクティブスクリプト）を有効にしてください。JavaScript（アクティブスクリプト）を無効のまま文字サイズを変更する場合には，ご利用のブラウザの表示メニューから文字サイズを変更してください。文字サイズ変更以外にも，操作性向上の目的でJavaScript（アクティブスクリプト）を用いた機能を提供しています。可能であればJavaScript（ア"
"岩倉市","23228","55","200","住宅耐震改修に伴う減額について [2025年5月2日]","https://www.city.iwakura.aichi.jp/0000003541.html","住宅耐震改修に伴う減額について | 岩倉市 共通メニューなどをスキップして本文へ 岩倉市トップに戻る ふりがな やさしい日本語 文字サイズ変更 標準 拡大 色の反転 標準 反転 検索 文字サイズ変更機能を利用するにはJavaScript（アクティブスクリプト）を有効にしてください。JavaScript（アクティブスクリプト）を無効のまま文字サイズを変更する場合には，ご利用のブラウザの表示メニューから文字サイズを変更してください。文字サイズ変更以外にも，操作性向上の目的でJavaScript（アクティブスクリプト）を用いた機能を提供しています。可能であればJavaScript（アクティブスクリプ"
"岩倉市","23228","55","200","骨髄提供者等助成事業 [2026年6月1日]","https://www.city.iwakura.aichi.jp/0000003697.html","骨髄提供者等助成事業 | 岩倉市 共通メニューなどをスキップして本文へ 岩倉市トップに戻る ふりがな やさしい日本語 文字サイズ変更 標準 拡大 色の反転 標準 反転 検索 文字サイズ変更機能を利用するにはJavaScript（アクティブスクリプト）を有効にしてください。JavaScript（アクティブスクリプト）を無効のまま文字サイズを変更する場合には，ご利用のブラウザの表示メニューから文字サイズを変更してください。文字サイズ変更以外にも，操作性向上の目的でJavaScript（アクティブスクリプト）を用いた機能を提供しています。可能であればJavaScript（アクティブスクリプト）を有効"
"岩倉市","23228","55","200","ふれ愛タクシー [2025年2月6日] 高齢者、障がい者および子育て世帯の社会参加を促進するため、民間のタクシー事業者の空車車両を活用し、外出支援を行っています。","https://www.city.iwakura.aichi.jp/0000003818.html","ふれ愛タクシー | 岩倉市 共通メニューなどをスキップして本文へ 岩倉市トップに戻る ふりがな やさしい日本語 文字サイズ変更 標準 拡大 色の反転 標準 反転 検索 文字サイズ変更機能を利用するにはJavaScript（アクティブスクリプト）を有効にしてください。JavaScript（アクティブスクリプト）を無効のまま文字サイズを変更する場合には，ご利用のブラウザの表示メニューから文字サイズを変更してください。文字サイズ変更以外にも，操作性向上の目的でJavaScript（アクティブスクリプト）を用いた機能を提供しています。可能であればJavaScript（アクティブスクリプト）を有効にして"
"岩倉市","23228","55","200","岩倉市中小企業・小規模企業振興基本条例検討委員会 [2020年1月17日]","https://www.city.iwakura.aichi.jp/0000003859.html","岩倉市中小企業・小規模企業振興基本条例検討委員会 | 岩倉市 共通メニューなどをスキップして本文へ 岩倉市トップに戻る ふりがな やさしい日本語 文字サイズ変更 標準 拡大 色の反転 標準 反転 検索 文字サイズ変更機能を利用するにはJavaScript（アクティブスクリプト）を有効にしてください。JavaScript（アクティブスクリプト）を無効のまま文字サイズを変更する場合には，ご利用のブラウザの表示メニューから文字サイズを変更してください。文字サイズ変更以外にも，操作性向上の目的でJavaScript（アクティブスクリプト）を用いた機能を提供しています。可能であればJavaScript（"
"岩倉市","23228","55","200","障害者控除対象者認定書について [2024年11月14日]","https://www.city.iwakura.aichi.jp/0000003949.html","障害者控除対象者認定書について | 岩倉市 共通メニューなどをスキップして本文へ 岩倉市トップに戻る ふりがな やさしい日本語 文字サイズ変更 標準 拡大 色の反転 標準 反転 検索 文字サイズ変更機能を利用するにはJavaScript（アクティブスクリプト）を有効にしてください。JavaScript（アクティブスクリプト）を無効のまま文字サイズを変更する場合には，ご利用のブラウザの表示メニューから文字サイズを変更してください。文字サイズ変更以外にも，操作性向上の目的でJavaScript（アクティブスクリプト）を用いた機能を提供しています。可能であればJavaScript（アクティブスクリプ"
"岩倉市","23228","55","200","大人の定期予防接種について [2026年4月1日]","https://www.city.iwakura.aichi.jp/0000004111.html","大人の定期予防接種について | 岩倉市 共通メニューなどをスキップして本文へ 岩倉市トップに戻る ふりがな やさしい日本語 文字サイズ変更 標準 拡大 色の反転 標準 反転 検索 文字サイズ変更機能を利用するにはJavaScript（アクティブスクリプト）を有効にしてください。JavaScript（アクティブスクリプト）を無効のまま文字サイズを変更する場合には，ご利用のブラウザの表示メニューから文字サイズを変更してください。文字サイズ変更以外にも，操作性向上の目的でJavaScript（アクティブスクリプト）を用いた機能を提供しています。可能であればJavaScript（アクティブスクリプト）"
"岩倉市","23228","55","200","子どもの定期予防接種について [2023年4月1日]","https://www.city.iwakura.aichi.jp/0000004113.html","子どもの定期予防接種について | 岩倉市 共通メニューなどをスキップして本文へ 岩倉市トップに戻る ふりがな やさしい日本語 文字サイズ変更 標準 拡大 色の反転 標準 反転 検索 文字サイズ変更機能を利用するにはJavaScript（アクティブスクリプト）を有効にしてください。JavaScript（アクティブスクリプト）を無効のまま文字サイズを変更する場合には，ご利用のブラウザの表示メニューから文字サイズを変更してください。文字サイズ変更以外にも，操作性向上の目的でJavaScript（アクティブスクリプト）を用いた機能を提供しています。可能であればJavaScript（アクティブスクリプト"
"岩倉市","23228","55","200","大人の任意予防接種について [2026年4月1日]","https://www.city.iwakura.aichi.jp/0000004114.html","大人の任意予防接種について | 岩倉市 共通メニューなどをスキップして本文へ 岩倉市トップに戻る ふりがな やさしい日本語 文字サイズ変更 標準 拡大 色の反転 標準 反転 検索 文字サイズ変更機能を利用するにはJavaScript（アクティブスクリプト）を有効にしてください。JavaScript（アクティブスクリプト）を無効のまま文字サイズを変更する場合には，ご利用のブラウザの表示メニューから文字サイズを変更してください。文字サイズ変更以外にも，操作性向上の目的でJavaScript（アクティブスクリプト）を用いた機能を提供しています。可能であればJavaScript（アクティブスクリプト）"
"岩倉市","23228","55","200","予防接種費用の免除について [2026年3月27日]","https://www.city.iwakura.aichi.jp/0000004116.html","予防接種費用の免除について | 岩倉市 共通メニューなどをスキップして本文へ 岩倉市トップに戻る ふりがな やさしい日本語 文字サイズ変更 標準 拡大 色の反転 標準 反転 検索 文字サイズ変更機能を利用するにはJavaScript（アクティブスクリプト）を有効にしてください。JavaScript（アクティブスクリプト）を無効のまま文字サイズを変更する場合には，ご利用のブラウザの表示メニューから文字サイズを変更してください。文字サイズ変更以外にも，操作性向上の目的でJavaScript（アクティブスクリプト）を用いた機能を提供しています。可能であればJavaScript（アクティブスクリプト）"
"岩倉市","23228","55","200","岩倉市内で定期予防接種ができる医療機関 [2026年4月1日]","https://www.city.iwakura.aichi.jp/0000004117.html","岩倉市内で定期予防接種ができる医療機関 | 岩倉市 共通メニューなどをスキップして本文へ 岩倉市トップに戻る ふりがな やさしい日本語 文字サイズ変更 標準 拡大 色の反転 標準 反転 検索 文字サイズ変更機能を利用するにはJavaScript（アクティブスクリプト）を有効にしてください。JavaScript（アクティブスクリプト）を無効のまま文字サイズを変更する場合には，ご利用のブラウザの表示メニューから文字サイズを変更してください。文字サイズ変更以外にも，操作性向上の目的でJavaScript（アクティブスクリプト）を用いた機能を提供しています。可能であればJavaScript（アクティブ"
"岩倉市","23228","55","200","成人男性の風しん抗体検査及び予防接種について [2025年4月8日]","https://www.city.iwakura.aichi.jp/0000004120.html","成人男性の風しん抗体検査及び予防接種について | 岩倉市 共通メニューなどをスキップして本文へ 岩倉市トップに戻る ふりがな やさしい日本語 文字サイズ変更 標準 拡大 色の反転 標準 反転 検索 文字サイズ変更機能を利用するにはJavaScript（アクティブスクリプト）を有効にしてください。JavaScript（アクティブスクリプト）を無効のまま文字サイズを変更する場合には，ご利用のブラウザの表示メニューから文字サイズを変更してください。文字サイズ変更以外にも，操作性向上の目的でJavaScript（アクティブスクリプト）を用いた機能を提供しています。可能であればJavaScript（アク"
"岩倉市","23228","55","200","【指定期間は終了しました】セーフティネット保証制度4号：突発的災害の発生に起因する売上減少にかかる特定中小企業者の認定について [2024年7月23日]","https://www.city.iwakura.aichi.jp/0000004165.html","【指定期間は終了しました】セーフティネット保証制度4号：突発的災害の発生に起因する売上減少にかかる特定中小企業者の認定について | 岩倉市 共通メニューなどをスキップして本文へ 岩倉市トップに戻る ふりがな やさしい日本語 文字サイズ変更 標準 拡大 色の反転 標準 反転 検索 文字サイズ変更機能を利用するにはJavaScript（アクティブスクリプト）を有効にしてください。JavaScript（アクティブスクリプト）を無効のまま文字サイズを変更する場合には，ご利用のブラウザの表示メニューから文字サイズを変更してください。文字サイズ変更以外にも，操作性向上の目的でJavaScript（アクティ"
"岩倉市","23228","55","200","岩倉市中小企業・小規模企業振興基本条例 [2023年6月29日]","https://www.city.iwakura.aichi.jp/0000004220.html","岩倉市中小企業・小規模企業振興基本条例 | 岩倉市 共通メニューなどをスキップして本文へ 岩倉市トップに戻る ふりがな やさしい日本語 文字サイズ変更 標準 拡大 色の反転 標準 反転 検索 文字サイズ変更機能を利用するにはJavaScript（アクティブスクリプト）を有効にしてください。JavaScript（アクティブスクリプト）を無効のまま文字サイズを変更する場合には，ご利用のブラウザの表示メニューから文字サイズを変更してください。文字サイズ変更以外にも，操作性向上の目的でJavaScript（アクティブスクリプト）を用いた機能を提供しています。可能であればJavaScript（アクティブ"
"岩倉市","23228","55","200","ストレスを抱えている方へ [2026年3月30日] 「こころと体のセルフケア」「子どもとのかかわりについて」「DV（ドメスティック・バイオレンス）・児童虐待の相談窓口」","https://www.city.iwakura.aichi.jp/0000004290.html","ストレスを抱えている方へ | 岩倉市 共通メニューなどをスキップして本文へ 岩倉市トップに戻る ふりがな やさしい日本語 文字サイズ変更 標準 拡大 色の反転 標準 反転 検索 文字サイズ変更機能を利用するにはJavaScript（アクティブスクリプト）を有効にしてください。JavaScript（アクティブスクリプト）を無効のまま文字サイズを変更する場合には，ご利用のブラウザの表示メニューから文字サイズを変更してください。文字サイズ変更以外にも，操作性向上の目的でJavaScript（アクティブスクリプト）を用いた機能を提供しています。可能であればJavaScript（アクティブスクリプト）を"
"岩倉市","23228","55","200","要介護認定等の資料提供 [2026年5月20日]","https://www.city.iwakura.aichi.jp/0000004387.html","要介護認定等の資料提供 | 岩倉市 共通メニューなどをスキップして本文へ 岩倉市トップに戻る ふりがな やさしい日本語 文字サイズ変更 標準 拡大 色の反転 標準 反転 検索 文字サイズ変更機能を利用するにはJavaScript（アクティブスクリプト）を有効にしてください。JavaScript（アクティブスクリプト）を無効のまま文字サイズを変更する場合には，ご利用のブラウザの表示メニューから文字サイズを変更してください。文字サイズ変更以外にも，操作性向上の目的でJavaScript（アクティブスクリプト）を用いた機能を提供しています。可能であればJavaScript（アクティブスクリプト）を有"
"岩倉市","23228","55","200","放課後子ども教室","https://www.city.iwakura.aichi.jp/0000004521.html","放課後子ども教室 | 岩倉市 共通メニューなどをスキップして本文へ 岩倉市トップに戻る ふりがな やさしい日本語 文字サイズ変更 標準 拡大 色の反転 標準 反転 検索 文字サイズ変更機能を利用するにはJavaScript（アクティブスクリプト）を有効にしてください。JavaScript（アクティブスクリプト）を無効のまま文字サイズを変更する場合には，ご利用のブラウザの表示メニューから文字サイズを変更してください。文字サイズ変更以外にも，操作性向上の目的でJavaScript（アクティブスクリプト）を用いた機能を提供しています。可能であればJavaScript（アクティブスクリプト）を有効にし"
"岩倉市","23228","55","200","高齢者への住宅助成 [2020年7月9日]","https://www.city.iwakura.aichi.jp/0000004576.html","高齢者への住宅助成 | 岩倉市 共通メニューなどをスキップして本文へ 岩倉市トップに戻る ふりがな やさしい日本語 文字サイズ変更 標準 拡大 色の反転 標準 反転 検索 文字サイズ変更機能を利用するにはJavaScript（アクティブスクリプト）を有効にしてください。JavaScript（アクティブスクリプト）を無効のまま文字サイズを変更する場合には，ご利用のブラウザの表示メニューから文字サイズを変更してください。文字サイズ変更以外にも，操作性向上の目的でJavaScript（アクティブスクリプト）を用いた機能を提供しています。可能であればJavaScript（アクティブスクリプト）を有効に"
"岩倉市","23228","55","200","タクシー料金助成 [2024年12月3日]","https://www.city.iwakura.aichi.jp/0000004578.html","タクシー料金助成 | 岩倉市 共通メニューなどをスキップして本文へ 岩倉市トップに戻る ふりがな やさしい日本語 文字サイズ変更 標準 拡大 色の反転 標準 反転 検索 文字サイズ変更機能を利用するにはJavaScript（アクティブスクリプト）を有効にしてください。JavaScript（アクティブスクリプト）を無効のまま文字サイズを変更する場合には，ご利用のブラウザの表示メニューから文字サイズを変更してください。文字サイズ変更以外にも，操作性向上の目的でJavaScript（アクティブスクリプト）を用いた機能を提供しています。可能であればJavaScript（アクティブスクリプト）を有効にし"
"岩倉市","23228","55","200","高齢者等救命バトン配布事業 [2020年7月9日]","https://www.city.iwakura.aichi.jp/0000004579.html","高齢者等救命バトン配布事業 | 岩倉市 共通メニューなどをスキップして本文へ 岩倉市トップに戻る ふりがな やさしい日本語 文字サイズ変更 標準 拡大 色の反転 標準 反転 検索 文字サイズ変更機能を利用するにはJavaScript（アクティブスクリプト）を有効にしてください。JavaScript（アクティブスクリプト）を無効のまま文字サイズを変更する場合には，ご利用のブラウザの表示メニューから文字サイズを変更してください。文字サイズ変更以外にも，操作性向上の目的でJavaScript（アクティブスクリプト）を用いた機能を提供しています。可能であればJavaScript（アクティブスクリプト）"
"岩倉市","23228","55","200","岩倉市認知症高齢者等見守りSOSネットワーク事業・認知症高齢者等個人賠償責任保険事業について [2026年6月8日]","https://www.city.iwakura.aichi.jp/0000004580.html","岩倉市認知症高齢者等見守りSOSネットワーク事業・認知症高齢者等個人賠償責任保険事業について | 岩倉市 共通メニューなどをスキップして本文へ 岩倉市トップに戻る ふりがな やさしい日本語 文字サイズ変更 標準 拡大 色の反転 標準 反転 検索 文字サイズ変更機能を利用するにはJavaScript（アクティブスクリプト）を有効にしてください。JavaScript（アクティブスクリプト）を無効のまま文字サイズを変更する場合には，ご利用のブラウザの表示メニューから文字サイズを変更してください。文字サイズ変更以外にも，操作性向上の目的でJavaScript（アクティブスクリプト）を用いた機能を提供し"
"岩倉市","23228","55","200","熱損失防止（省エネ）改修工事等に伴う減額について [2025年5月2日]","https://www.city.iwakura.aichi.jp/0000004639.html","熱損失防止（省エネ）改修工事等に伴う減額について | 岩倉市 共通メニューなどをスキップして本文へ 岩倉市トップに戻る ふりがな やさしい日本語 文字サイズ変更 標準 拡大 色の反転 標準 反転 検索 文字サイズ変更機能を利用するにはJavaScript（アクティブスクリプト）を有効にしてください。JavaScript（アクティブスクリプト）を無効のまま文字サイズを変更する場合には，ご利用のブラウザの表示メニューから文字サイズを変更してください。文字サイズ変更以外にも，操作性向上の目的でJavaScript（アクティブスクリプト）を用いた機能を提供しています。可能であればJavaScript（"
"岩倉市","23228","55","200","岩倉子ども人権の歌","https://www.city.iwakura.aichi.jp/0000004767.html","岩倉子ども人権の歌 | 岩倉市 共通メニューなどをスキップして本文へ 岩倉市トップに戻る ふりがな やさしい日本語 文字サイズ変更 標準 拡大 色の反転 標準 反転 検索 文字サイズ変更機能を利用するにはJavaScript（アクティブスクリプト）を有効にしてください。JavaScript（アクティブスクリプト）を無効のまま文字サイズを変更する場合には，ご利用のブラウザの表示メニューから文字サイズを変更してください。文字サイズ変更以外にも，操作性向上の目的でJavaScript（アクティブスクリプト）を用いた機能を提供しています。可能であればJavaScript（アクティブスクリプト）を有効に"
"岩倉市","23228","55","200","小児慢性特定疾病児童日常生活用具 [2021年6月25日] 在宅の小児慢性特定疾病児童に対し、特殊寝台等の日常生活用具を給付します。","https://www.city.iwakura.aichi.jp/0000004784.html","小児慢性特定疾病児童日常生活用具 | 岩倉市 共通メニューなどをスキップして本文へ 岩倉市トップに戻る ふりがな やさしい日本語 文字サイズ変更 標準 拡大 色の反転 標準 反転 検索 文字サイズ変更機能を利用するにはJavaScript（アクティブスクリプト）を有効にしてください。JavaScript（アクティブスクリプト）を無効のまま文字サイズを変更する場合には，ご利用のブラウザの表示メニューから文字サイズを変更してください。文字サイズ変更以外にも，操作性向上の目的でJavaScript（アクティブスクリプト）を用いた機能を提供しています。可能であればJavaScript（アクティブスクリ"
"岩倉市","23228","55","200","サポートブック [2021年1月21日] 子どもの成長を確認するとともに、子どもに関わる関係機関と様子を分かり合い、成長に向けた支援を組み立てるためのツール（道具）です。","https://www.city.iwakura.aichi.jp/0000004907.html","サポートブック | 岩倉市 共通メニューなどをスキップして本文へ 岩倉市トップに戻る ふりがな やさしい日本語 文字サイズ変更 標準 拡大 色の反転 標準 反転 検索 文字サイズ変更機能を利用するにはJavaScript（アクティブスクリプト）を有効にしてください。JavaScript（アクティブスクリプト）を無効のまま文字サイズを変更する場合には，ご利用のブラウザの表示メニューから文字サイズを変更してください。文字サイズ変更以外にも，操作性向上の目的でJavaScript（アクティブスクリプト）を用いた機能を提供しています。可能であればJavaScript（アクティブスクリプト）を有効にして"
"岩倉市","23228","55","200","【愛知県】中小企業向け事業継続計画（BCP）策定について","https://www.city.iwakura.aichi.jp/0000004948.html","【愛知県】中小企業向け事業継続計画（BCP）策定について | 岩倉市 共通メニューなどをスキップして本文へ 岩倉市トップに戻る ふりがな やさしい日本語 文字サイズ変更 標準 拡大 色の反転 標準 反転 検索 文字サイズ変更機能を利用するにはJavaScript（アクティブスクリプト）を有効にしてください。JavaScript（アクティブスクリプト）を無効のまま文字サイズを変更する場合には，ご利用のブラウザの表示メニューから文字サイズを変更してください。文字サイズ変更以外にも，操作性向上の目的でJavaScript（アクティブスクリプト）を用いた機能を提供しています。可能であればJavaScr"
"岩倉市","23228","55","200","特殊詐欺対策電話機等購入費補助金 [2025年4月1日] 特殊詐欺の被害を軽減させることを目的として、特殊詐欺対策機能を備えた電話機等の購入に要する費用の一部を補助するものです。","https://www.city.iwakura.aichi.jp/0000005108.html","特殊詐欺対策電話機等購入費補助金 | 岩倉市 共通メニューなどをスキップして本文へ 岩倉市トップに戻る ふりがな やさしい日本語 文字サイズ変更 標準 拡大 色の反転 標準 反転 検索 文字サイズ変更機能を利用するにはJavaScript（アクティブスクリプト）を有効にしてください。JavaScript（アクティブスクリプト）を無効のまま文字サイズを変更する場合には，ご利用のブラウザの表示メニューから文字サイズを変更してください。文字サイズ変更以外にも，操作性向上の目的でJavaScript（アクティブスクリプト）を用いた機能を提供しています。可能であればJavaScript（アクティブスクリ"
"岩倉市","23228","55","200","岩倉市ひとり暮らし高齢者等生活支援型給食サービス事業の委託事業者の募集について 【募集期間は終了しましたが引き続き募集しています】 [2026年4月3日]","https://www.city.iwakura.aichi.jp/0000005144.html","岩倉市ひとり暮らし高齢者等生活支援型給食サービス事業の委託事業者の募集について 【募集期間は終了しましたが引き続き募集しています】 | 岩倉市 共通メニューなどをスキップして本文へ 岩倉市トップに戻る ふりがな やさしい日本語 文字サイズ変更 標準 拡大 色の反転 標準 反転 検索 文字サイズ変更機能を利用するにはJavaScript（アクティブスクリプト）を有効にしてください。JavaScript（アクティブスクリプト）を無効のまま文字サイズを変更する場合には，ご利用のブラウザの表示メニューから文字サイズを変更してください。文字サイズ変更以外にも，操作性向上の目的でJavaScript（アク"
"岩倉市","23228","55","200","不育症検査費助成事業 [2025年3月31日] 愛知県では、不育症検査に対する助成事業を行っています。 先進医療として実施された保険診療適用外の「流産検体を用いた染色体検査」を受けた場合、その費用を助成します。","https://www.city.iwakura.aichi.jp/0000005219.html","不育症検査費助成事業 | 岩倉市 共通メニューなどをスキップして本文へ 岩倉市トップに戻る ふりがな やさしい日本語 文字サイズ変更 標準 拡大 色の反転 標準 反転 検索 文字サイズ変更機能を利用するにはJavaScript（アクティブスクリプト）を有効にしてください。JavaScript（アクティブスクリプト）を無効のまま文字サイズを変更する場合には，ご利用のブラウザの表示メニューから文字サイズを変更してください。文字サイズ変更以外にも，操作性向上の目的でJavaScript（アクティブスクリプト）を用いた機能を提供しています。可能であればJavaScript（アクティブスクリプト）を有効"
"岩倉市","23228","55","200","【事業所向け】岩倉市がんばる中小企業等応援補助金のお知らせ [2026年4月1日]","https://www.city.iwakura.aichi.jp/0000005263.html","【事業所向け】岩倉市がんばる中小企業等応援補助金のお知らせ | 岩倉市 共通メニューなどをスキップして本文へ 岩倉市トップに戻る ふりがな やさしい日本語 文字サイズ変更 標準 拡大 色の反転 標準 反転 検索 文字サイズ変更機能を利用するにはJavaScript（アクティブスクリプト）を有効にしてください。JavaScript（アクティブスクリプト）を無効のまま文字サイズを変更する場合には，ご利用のブラウザの表示メニューから文字サイズを変更してください。文字サイズ変更以外にも，操作性向上の目的でJavaScript（アクティブスクリプト）を用いた機能を提供しています。可能であればJavaSc"
"岩倉市","23228","55","200","多面的機能支払交付金","https://www.city.iwakura.aichi.jp/0000005609.html","多面的機能支払交付金 | 岩倉市 共通メニューなどをスキップして本文へ 岩倉市トップに戻る ふりがな やさしい日本語 文字サイズ変更 標準 拡大 色の反転 標準 反転 検索 文字サイズ変更機能を利用するにはJavaScript（アクティブスクリプト）を有効にしてください。JavaScript（アクティブスクリプト）を無効のまま文字サイズを変更する場合には，ご利用のブラウザの表示メニューから文字サイズを変更してください。文字サイズ変更以外にも，操作性向上の目的でJavaScript（アクティブスクリプト）を用いた機能を提供しています。可能であればJavaScript（アクティブスクリプト）を有効"
"岩倉市","23228","55","200","特別な理由による任意予防接種費用の助成について [2026年4月1日]","https://www.city.iwakura.aichi.jp/0000005884.html","特別な理由による任意予防接種費用の助成について | 岩倉市 共通メニューなどをスキップして本文へ 岩倉市トップに戻る ふりがな やさしい日本語 文字サイズ変更 標準 拡大 色の反転 標準 反転 検索 文字サイズ変更機能を利用するにはJavaScript（アクティブスクリプト）を有効にしてください。JavaScript（アクティブスクリプト）を無効のまま文字サイズを変更する場合には，ご利用のブラウザの表示メニューから文字サイズを変更してください。文字サイズ変更以外にも，操作性向上の目的でJavaScript（アクティブスクリプト）を用いた機能を提供しています。可能であればJavaScript（ア"
"岩倉市","23228","55","200","がん患者医療用補整具（アピアランスケア用品）の購入費を補助します [2026年6月30日]","https://www.city.iwakura.aichi.jp/0000005989.html","がん患者医療用補整具（アピアランスケア用品）の購入費を補助します | 岩倉市 共通メニューなどをスキップして本文へ 岩倉市トップに戻る ふりがな やさしい日本語 文字サイズ変更 標準 拡大 色の反転 標準 反転 検索 文字サイズ変更機能を利用するにはJavaScript（アクティブスクリプト）を有効にしてください。JavaScript（アクティブスクリプト）を無効のまま文字サイズを変更する場合には，ご利用のブラウザの表示メニューから文字サイズを変更してください。文字サイズ変更以外にも，操作性向上の目的でJavaScript（アクティブスクリプト）を用いた機能を提供しています。可能であればJav"
"岩倉市","23228","55","200","物価高騰に対する支援として水道料金の基本料金を免除します。 [2026年5月1日]","https://www.city.iwakura.aichi.jp/0000006019.html","物価高騰に対する支援として水道料金の基本料金を免除します。 | 岩倉市 共通メニューなどをスキップして本文へ 岩倉市トップに戻る ふりがな やさしい日本語 文字サイズ変更 標準 拡大 色の反転 標準 反転 検索 文字サイズ変更機能を利用するにはJavaScript（アクティブスクリプト）を有効にしてください。JavaScript（アクティブスクリプト）を無効のまま文字サイズを変更する場合には，ご利用のブラウザの表示メニューから文字サイズを変更してください。文字サイズ変更以外にも，操作性向上の目的でJavaScript（アクティブスクリプト）を用いた機能を提供しています。可能であればJavaSc"
"岩倉市","23228","55","200","妊婦のための支援給付 [2025年4月1日]","https://www.city.iwakura.aichi.jp/0000006192.html","妊婦のための支援給付 | 岩倉市 共通メニューなどをスキップして本文へ 岩倉市トップに戻る ふりがな やさしい日本語 文字サイズ変更 標準 拡大 色の反転 標準 反転 検索 文字サイズ変更機能を利用するにはJavaScript（アクティブスクリプト）を有効にしてください。JavaScript（アクティブスクリプト）を無効のまま文字サイズを変更する場合には，ご利用のブラウザの表示メニューから文字サイズを変更してください。文字サイズ変更以外にも，操作性向上の目的でJavaScript（アクティブスクリプト）を用いた機能を提供しています。可能であればJavaScript（アクティブスクリプト）を有効"
"岩倉市","23228","55","200","ゼロカーボンシティ表明","https://www.city.iwakura.aichi.jp/0000006295.html","ゼロカーボンシティ表明 | 岩倉市 共通メニューなどをスキップして本文へ 岩倉市トップに戻る ふりがな やさしい日本語 文字サイズ変更 標準 拡大 色の反転 標準 反転 検索 文字サイズ変更機能を利用するにはJavaScript（アクティブスクリプト）を有効にしてください。JavaScript（アクティブスクリプト）を無効のまま文字サイズを変更する場合には，ご利用のブラウザの表示メニューから文字サイズを変更してください。文字サイズ変更以外にも，操作性向上の目的でJavaScript（アクティブスクリプト）を用いた機能を提供しています。可能であればJavaScript（アクティブスクリプト）を有"
"岩倉市","23228","55","200","岩倉市「ゼロカーボンシティ」ポータルサイト","https://www.city.iwakura.aichi.jp/0000006296.html","岩倉市「ゼロカーボンシティ」ポータルサイト | 岩倉市 共通メニューなどをスキップして本文へ 岩倉市トップに戻る ふりがな やさしい日本語 文字サイズ変更 標準 拡大 色の反転 標準 反転 検索 文字サイズ変更機能を利用するにはJavaScript（アクティブスクリプト）を有効にしてください。JavaScript（アクティブスクリプト）を無効のまま文字サイズを変更する場合には，ご利用のブラウザの表示メニューから文字サイズを変更してください。文字サイズ変更以外にも，操作性向上の目的でJavaScript（アクティブスクリプト）を用いた機能を提供しています。可能であればJavaScript（アクテ"
"岩倉市","23228","55","200","防犯対策に関する補助金 [2026年6月1日]","https://www.city.iwakura.aichi.jp/0000006409.html","防犯対策に関する補助金 | 岩倉市 共通メニューなどをスキップして本文へ 岩倉市トップに戻る ふりがな やさしい日本語 文字サイズ変更 標準 拡大 色の反転 標準 反転 検索 文字サイズ変更機能を利用するにはJavaScript（アクティブスクリプト）を有効にしてください。JavaScript（アクティブスクリプト）を無効のまま文字サイズを変更する場合には，ご利用のブラウザの表示メニューから文字サイズを変更してください。文字サイズ変更以外にも，操作性向上の目的でJavaScript（アクティブスクリプト）を用いた機能を提供しています。可能であればJavaScript（アクティブスクリプト）を有"
"岩倉市","23228","55","200","岩倉市中小企業・小規模企業振興基本条例に係る車座会議 [2026年7月3日]","https://www.city.iwakura.aichi.jp/0000006421.html","岩倉市中小企業・小規模企業振興基本条例に係る車座会議 | 岩倉市 共通メニューなどをスキップして本文へ 岩倉市トップに戻る ふりがな やさしい日本語 文字サイズ変更 標準 拡大 色の反転 標準 反転 検索 文字サイズ変更機能を利用するにはJavaScript（アクティブスクリプト）を有効にしてください。JavaScript（アクティブスクリプト）を無効のまま文字サイズを変更する場合には，ご利用のブラウザの表示メニューから文字サイズを変更してください。文字サイズ変更以外にも，操作性向上の目的でJavaScript（アクティブスクリプト）を用いた機能を提供しています。可能であればJavaScrip"
"岩倉市","23228","55","200","若年がん患者の在宅療養費を補助します [2023年6月30日]","https://www.city.iwakura.aichi.jp/0000006438.html","若年がん患者の在宅療養費を補助します | 岩倉市 共通メニューなどをスキップして本文へ 岩倉市トップに戻る ふりがな やさしい日本語 文字サイズ変更 標準 拡大 色の反転 標準 反転 検索 文字サイズ変更機能を利用するにはJavaScript（アクティブスクリプト）を有効にしてください。JavaScript（アクティブスクリプト）を無効のまま文字サイズを変更する場合には，ご利用のブラウザの表示メニューから文字サイズを変更してください。文字サイズ変更以外にも，操作性向上の目的でJavaScript（アクティブスクリプト）を用いた機能を提供しています。可能であればJavaScript（アクティブス"
"岩倉市","23228","55","200","仕事と介護の両立のための制度について [2023年11月17日]","https://www.city.iwakura.aichi.jp/0000006618.html","仕事と介護の両立のための制度について | 岩倉市 共通メニューなどをスキップして本文へ 岩倉市トップに戻る ふりがな やさしい日本語 文字サイズ変更 標準 拡大 色の反転 標準 反転 検索 文字サイズ変更機能を利用するにはJavaScript（アクティブスクリプト）を有効にしてください。JavaScript（アクティブスクリプト）を無効のまま文字サイズを変更する場合には，ご利用のブラウザの表示メニューから文字サイズを変更してください。文字サイズ変更以外にも，操作性向上の目的でJavaScript（アクティブスクリプト）を用いた機能を提供しています。可能であればJavaScript（アクティブス"
"岩倉市","23228","55","200","おたふくかぜワクチン予防接種費用の一部を助成します [2026年4月1日]","https://www.city.iwakura.aichi.jp/0000006784.html","おたふくかぜワクチン予防接種費用の一部を助成します | 岩倉市 共通メニューなどをスキップして本文へ 岩倉市トップに戻る ふりがな やさしい日本語 文字サイズ変更 標準 拡大 色の反転 標準 反転 検索 文字サイズ変更機能を利用するにはJavaScript（アクティブスクリプト）を有効にしてください。JavaScript（アクティブスクリプト）を無効のまま文字サイズを変更する場合には，ご利用のブラウザの表示メニューから文字サイズを変更してください。文字サイズ変更以外にも，操作性向上の目的でJavaScript（アクティブスクリプト）を用いた機能を提供しています。可能であればJavaScript"
"岩倉市","23228","55","200","児童発達支援センター","https://www.city.iwakura.aichi.jp/0000006827.html","児童発達支援センター | 岩倉市 共通メニューなどをスキップして本文へ 岩倉市トップに戻る ふりがな やさしい日本語 文字サイズ変更 標準 拡大 色の反転 標準 反転 検索 文字サイズ変更機能を利用するにはJavaScript（アクティブスクリプト）を有効にしてください。JavaScript（アクティブスクリプト）を無効のまま文字サイズを変更する場合には，ご利用のブラウザの表示メニューから文字サイズを変更してください。文字サイズ変更以外にも，操作性向上の目的でJavaScript（アクティブスクリプト）を用いた機能を提供しています。可能であればJavaScript（アクティブスクリプト）を有効"
"岩倉市","23228","55","200","令和6年度児童手当の抜本的拡充について [2025年4月7日] 次代の社会を担う児童の健やかな成長のため手当を支給する制度です。","https://www.city.iwakura.aichi.jp/0000006838.html","令和6年度児童手当の抜本的拡充について | 岩倉市 共通メニューなどをスキップして本文へ 岩倉市トップに戻る ふりがな やさしい日本語 文字サイズ変更 標準 拡大 色の反転 標準 反転 検索 文字サイズ変更機能を利用するにはJavaScript（アクティブスクリプト）を有効にしてください。JavaScript（アクティブスクリプト）を無効のまま文字サイズを変更する場合には，ご利用のブラウザの表示メニューから文字サイズを変更してください。文字サイズ変更以外にも，操作性向上の目的でJavaScript（アクティブスクリプト）を用いた機能を提供しています。可能であればJavaScript（アクティブ"
"岩倉市","23228","55","200","【募集終了】いわくらゼロカーボン川柳コンテスト","https://www.city.iwakura.aichi.jp/0000006920.html","【募集終了】いわくらゼロカーボン川柳コンテスト | 岩倉市 共通メニューなどをスキップして本文へ 岩倉市トップに戻る ふりがな やさしい日本語 文字サイズ変更 標準 拡大 色の反転 標準 反転 検索 文字サイズ変更機能を利用するにはJavaScript（アクティブスクリプト）を有効にしてください。JavaScript（アクティブスクリプト）を無効のまま文字サイズを変更する場合には，ご利用のブラウザの表示メニューから文字サイズを変更してください。文字サイズ変更以外にも，操作性向上の目的でJavaScript（アクティブスクリプト）を用いた機能を提供しています。可能であればJavaScript（ア"
"岩倉市","23228","55","200","「いわくらゼロカーボン川柳コンテスト」等協賛事業所募集","https://www.city.iwakura.aichi.jp/0000006924.html","「いわくらゼロカーボン川柳コンテスト」等協賛事業所募集 | 岩倉市 共通メニューなどをスキップして本文へ 岩倉市トップに戻る ふりがな やさしい日本語 文字サイズ変更 標準 拡大 色の反転 標準 反転 検索 文字サイズ変更機能を利用するにはJavaScript（アクティブスクリプト）を有効にしてください。JavaScript（アクティブスクリプト）を無効のまま文字サイズを変更する場合には，ご利用のブラウザの表示メニューから文字サイズを変更してください。文字サイズ変更以外にも，操作性向上の目的でJavaScript（アクティブスクリプト）を用いた機能を提供しています。可能であればJavaScri"
"岩倉市","23228","55","200","介護保険制度説明会（知って得する介護の話）について [2024年6月21日]","https://www.city.iwakura.aichi.jp/0000006954.html","介護保険制度説明会（知って得する介護の話）について | 岩倉市 共通メニューなどをスキップして本文へ 岩倉市トップに戻る ふりがな やさしい日本語 文字サイズ変更 標準 拡大 色の反転 標準 反転 検索 文字サイズ変更機能を利用するにはJavaScript（アクティブスクリプト）を有効にしてください。JavaScript（アクティブスクリプト）を無効のまま文字サイズを変更する場合には，ご利用のブラウザの表示メニューから文字サイズを変更してください。文字サイズ変更以外にも，操作性向上の目的でJavaScript（アクティブスクリプト）を用いた機能を提供しています。可能であればJavaScript"
"岩倉市","23228","55","200","子ども・妊婦のインフルエンザ予防接種費用の一部を助成します [2026年4月1日]","https://www.city.iwakura.aichi.jp/0000006979.html","子ども・妊婦のインフルエンザ予防接種費用の一部を助成します | 岩倉市 共通メニューなどをスキップして本文へ 岩倉市トップに戻る ふりがな やさしい日本語 文字サイズ変更 標準 拡大 色の反転 標準 反転 検索 文字サイズ変更機能を利用するにはJavaScript（アクティブスクリプト）を有効にしてください。JavaScript（アクティブスクリプト）を無効のまま文字サイズを変更する場合には，ご利用のブラウザの表示メニューから文字サイズを変更してください。文字サイズ変更以外にも，操作性向上の目的でJavaScript（アクティブスクリプト）を用いた機能を提供しています。可能であればJavaSc"
"岩倉市","23228","55","200","児童虐待についての相談","https://www.city.iwakura.aichi.jp/0000007093.html","児童虐待についての相談 | 岩倉市 共通メニューなどをスキップして本文へ 岩倉市トップに戻る ふりがな やさしい日本語 文字サイズ変更 標準 拡大 色の反転 標準 反転 検索 文字サイズ変更機能を利用するにはJavaScript（アクティブスクリプト）を有効にしてください。JavaScript（アクティブスクリプト）を無効のまま文字サイズを変更する場合には，ご利用のブラウザの表示メニューから文字サイズを変更してください。文字サイズ変更以外にも，操作性向上の目的でJavaScript（アクティブスクリプト）を用いた機能を提供しています。可能であればJavaScript（アクティブスクリプト）を有"
"岩倉市","23228","55","200","介護事業所の「電子申請届出システム」について [2024年12月1日]","https://www.city.iwakura.aichi.jp/0000007120.html","介護事業所の「電子申請届出システム」について | 岩倉市 共通メニューなどをスキップして本文へ 岩倉市トップに戻る ふりがな やさしい日本語 文字サイズ変更 標準 拡大 色の反転 標準 反転 検索 文字サイズ変更機能を利用するにはJavaScript（アクティブスクリプト）を有効にしてください。JavaScript（アクティブスクリプト）を無効のまま文字サイズを変更する場合には，ご利用のブラウザの表示メニューから文字サイズを変更してください。文字サイズ変更以外にも，操作性向上の目的でJavaScript（アクティブスクリプト）を用いた機能を提供しています。可能であればJavaScript（アク"
"岩倉市","23228","55","200","【受賞作品決定】令和7年度いわくらゼロカーボン川柳コンテスト","https://www.city.iwakura.aichi.jp/0000007122.html","【受賞作品決定】令和7年度いわくらゼロカーボン川柳コンテスト | 岩倉市 共通メニューなどをスキップして本文へ 岩倉市トップに戻る ふりがな やさしい日本語 文字サイズ変更 標準 拡大 色の反転 標準 反転 検索 文字サイズ変更機能を利用するにはJavaScript（アクティブスクリプト）を有効にしてください。JavaScript（アクティブスクリプト）を無効のまま文字サイズを変更する場合には，ご利用のブラウザの表示メニューから文字サイズを変更してください。文字サイズ変更以外にも，操作性向上の目的でJavaScript（アクティブスクリプト）を用いた機能を提供しています。可能であればJavaS"
"岩倉市","23228","55","200","【特選受賞!!】ゼロカーボン推進動画「ゼロカーボンのすゝめ ～市役所・事業所編～」","https://www.city.iwakura.aichi.jp/0000007135.html","【特選受賞!!】ゼロカーボン推進動画「ゼロカーボンのすゝめ ～市役所・事業所編～」 | 岩倉市 共通メニューなどをスキップして本文へ 岩倉市トップに戻る ふりがな やさしい日本語 文字サイズ変更 標準 拡大 色の反転 標準 反転 検索 文字サイズ変更機能を利用するにはJavaScript（アクティブスクリプト）を有効にしてください。JavaScript（アクティブスクリプト）を無効のまま文字サイズを変更する場合には，ご利用のブラウザの表示メニューから文字サイズを変更してください。文字サイズ変更以外にも，操作性向上の目的でJavaScript（アクティブスクリプト）を用いた機能を提供しています。"
"岩倉市","23228","55","200","介護保険サービスの医療費控除について [2024年12月23日]","https://www.city.iwakura.aichi.jp/0000007155.html","介護保険サービスの医療費控除について | 岩倉市 共通メニューなどをスキップして本文へ 岩倉市トップに戻る ふりがな やさしい日本語 文字サイズ変更 標準 拡大 色の反転 標準 反転 検索 文字サイズ変更機能を利用するにはJavaScript（アクティブスクリプト）を有効にしてください。JavaScript（アクティブスクリプト）を無効のまま文字サイズを変更する場合には，ご利用のブラウザの表示メニューから文字サイズを変更してください。文字サイズ変更以外にも，操作性向上の目的でJavaScript（アクティブスクリプト）を用いた機能を提供しています。可能であればJavaScript（アクティブス"
"岩倉市","23228","55","200","岩倉市×大野市 ゼロカーボン桜について","https://www.city.iwakura.aichi.jp/0000007159.html","岩倉市×大野市 ゼロカーボン桜について | 岩倉市 共通メニューなどをスキップして本文へ 岩倉市トップに戻る ふりがな やさしい日本語 文字サイズ変更 標準 拡大 色の反転 標準 反転 検索 文字サイズ変更機能を利用するにはJavaScript（アクティブスクリプト）を有効にしてください。JavaScript（アクティブスクリプト）を無効のまま文字サイズを変更する場合には，ご利用のブラウザの表示メニューから文字サイズを変更してください。文字サイズ変更以外にも，操作性向上の目的でJavaScript（アクティブスクリプト）を用いた機能を提供しています。可能であればJavaScript（アクティブ"
"岩倉市","23228","55","200","物価高騰対応重点支援地方創生臨時交付金","https://www.city.iwakura.aichi.jp/0000007193.html","物価高騰対応重点支援地方創生臨時交付金 | 岩倉市 共通メニューなどをスキップして本文へ 岩倉市トップに戻る ふりがな やさしい日本語 文字サイズ変更 標準 拡大 色の反転 標準 反転 検索 文字サイズ変更機能を利用するにはJavaScript（アクティブスクリプト）を有効にしてください。JavaScript（アクティブスクリプト）を無効のまま文字サイズを変更する場合には，ご利用のブラウザの表示メニューから文字サイズを変更してください。文字サイズ変更以外にも，操作性向上の目的でJavaScript（アクティブスクリプト）を用いた機能を提供しています。可能であればJavaScript（アクティブ"
"岩倉市","23228","55","200","【入賞作品決定‼】ゼロカーボン推進ショートムービーコンテスト","https://www.city.iwakura.aichi.jp/0000007273.html","【入賞作品決定‼】ゼロカーボン推進ショートムービーコンテスト | 岩倉市 共通メニューなどをスキップして本文へ 岩倉市トップに戻る ふりがな やさしい日本語 文字サイズ変更 標準 拡大 色の反転 標準 反転 検索 文字サイズ変更機能を利用するにはJavaScript（アクティブスクリプト）を有効にしてください。JavaScript（アクティブスクリプト）を無効のまま文字サイズを変更する場合には，ご利用のブラウザの表示メニューから文字サイズを変更してください。文字サイズ変更以外にも，操作性向上の目的でJavaScript（アクティブスクリプト）を用いた機能を提供しています。可能であればJavaS"
"岩倉市","23228","55","200","岩倉市産後ケア事業 [2026年4月1日] 出産後、自宅に帰っても手伝ってくれる人がいない、お産と育児の疲れから体調がよくないなど、支援が必要な人を対象に、産後ケア事業（宿泊型・通所型・訪問型）を実施しています。","https://www.city.iwakura.aichi.jp/0000007292.html","岩倉市産後ケア事業 | 岩倉市 共通メニューなどをスキップして本文へ 岩倉市トップに戻る ふりがな やさしい日本語 文字サイズ変更 標準 拡大 色の反転 標準 反転 検索 文字サイズ変更機能を利用するにはJavaScript（アクティブスクリプト）を有効にしてください。JavaScript（アクティブスクリプト）を無効のまま文字サイズを変更する場合には，ご利用のブラウザの表示メニューから文字サイズを変更してください。文字サイズ変更以外にも，操作性向上の目的でJavaScript（アクティブスクリプト）を用いた機能を提供しています。可能であればJavaScript（アクティブスクリプト）を有効に"
"岩倉市","23228","55","200","「愛知県経済環境適応資金 創業等支援資金」融資制度利用者への助成のご案内 [2025年3月26日]","https://www.city.iwakura.aichi.jp/0000007317.html","「愛知県経済環境適応資金 創業等支援資金」融資制度利用者への助成のご案内 | 岩倉市 共通メニューなどをスキップして本文へ 岩倉市トップに戻る ふりがな やさしい日本語 文字サイズ変更 標準 拡大 色の反転 標準 反転 検索 文字サイズ変更機能を利用するにはJavaScript（アクティブスクリプト）を有効にしてください。JavaScript（アクティブスクリプト）を無効のまま文字サイズを変更する場合には，ご利用のブラウザの表示メニューから文字サイズを変更してください。文字サイズ変更以外にも，操作性向上の目的でJavaScript（アクティブスクリプト）を用いた機能を提供しています。可能であれ"
"岩倉市","23228","55","200","岩倉市子ども未来応援計画","https://www.city.iwakura.aichi.jp/0000007381.html","岩倉市子ども未来応援計画 | 岩倉市 共通メニューなどをスキップして本文へ 岩倉市トップに戻る ふりがな やさしい日本語 文字サイズ変更 標準 拡大 色の反転 標準 反転 検索 文字サイズ変更機能を利用するにはJavaScript（アクティブスクリプト）を有効にしてください。JavaScript（アクティブスクリプト）を無効のまま文字サイズを変更する場合には，ご利用のブラウザの表示メニューから文字サイズを変更してください。文字サイズ変更以外にも，操作性向上の目的でJavaScript（アクティブスクリプト）を用いた機能を提供しています。可能であればJavaScript（アクティブスクリプト）を"
"岩倉市","23228","55","200","令和7年度児童館行事中学生企画を行います。","https://www.city.iwakura.aichi.jp/0000007405.html","令和7年度児童館行事中学生企画を行います。 | 岩倉市 共通メニューなどをスキップして本文へ 岩倉市トップに戻る ふりがな やさしい日本語 文字サイズ変更 標準 拡大 色の反転 標準 反転 検索 文字サイズ変更機能を利用するにはJavaScript（アクティブスクリプト）を有効にしてください。JavaScript（アクティブスクリプト）を無効のまま文字サイズを変更する場合には，ご利用のブラウザの表示メニューから文字サイズを変更してください。文字サイズ変更以外にも，操作性向上の目的でJavaScript（アクティブスクリプト）を用いた機能を提供しています。可能であればJavaScript（アクテ"
"岩倉市","23228","55","200","難聴高齢者補聴器購入費助成事業 [2025年7月1日]","https://www.city.iwakura.aichi.jp/0000007459.html","難聴高齢者補聴器購入費助成事業 | 岩倉市 共通メニューなどをスキップして本文へ 岩倉市トップに戻る ふりがな やさしい日本語 文字サイズ変更 標準 拡大 色の反転 標準 反転 検索 文字サイズ変更機能を利用するにはJavaScript（アクティブスクリプト）を有効にしてください。JavaScript（アクティブスクリプト）を無効のまま文字サイズを変更する場合には，ご利用のブラウザの表示メニューから文字サイズを変更してください。文字サイズ変更以外にも，操作性向上の目的でJavaScript（アクティブスクリプト）を用いた機能を提供しています。可能であればJavaScript（アクティブスクリプ"
"岩倉市","23228","55","200","居宅介護支援事業所および介護予防支援事業所の指定、加算等について [2026年6月22日]","https://www.city.iwakura.aichi.jp/0000007536.html","居宅介護支援事業所および介護予防支援事業所の指定、加算等について | 岩倉市 共通メニューなどをスキップして本文へ 岩倉市トップに戻る ふりがな やさしい日本語 文字サイズ変更 標準 拡大 色の反転 標準 反転 検索 文字サイズ変更機能を利用するにはJavaScript（アクティブスクリプト）を有効にしてください。JavaScript（アクティブスクリプト）を無効のまま文字サイズを変更する場合には，ご利用のブラウザの表示メニューから文字サイズを変更してください。文字サイズ変更以外にも，操作性向上の目的でJavaScript（アクティブスクリプト）を用いた機能を提供しています。可能であればJav"
"岩倉市","23228","55","200","令和7年度児童館母親クラブ行事「クリスマス寄せ植えづくり」 [2025年11月21日]","https://www.city.iwakura.aichi.jp/0000007561.html","令和7年度児童館母親クラブ行事「クリスマス寄せ植えづくり」 | 岩倉市 共通メニューなどをスキップして本文へ 岩倉市トップに戻る ふりがな やさしい日本語 文字サイズ変更 標準 拡大 色の反転 標準 反転 検索 文字サイズ変更機能を利用するにはJavaScript（アクティブスクリプト）を有効にしてください。JavaScript（アクティブスクリプト）を無効のまま文字サイズを変更する場合には，ご利用のブラウザの表示メニューから文字サイズを変更してください。文字サイズ変更以外にも，操作性向上の目的でJavaScript（アクティブスクリプト）を用いた機能を提供しています。可能であればJavaSc"
"岩倉市","23228","55","200","【募集終了しました】いわくらゼロカーボン「ポスター」コンテストを開催します","https://www.city.iwakura.aichi.jp/0000007599.html","【募集終了しました】いわくらゼロカーボン「ポスター」コンテストを開催します | 岩倉市 共通メニューなどをスキップして本文へ 岩倉市トップに戻る ふりがな やさしい日本語 文字サイズ変更 標準 拡大 色の反転 標準 反転 検索 文字サイズ変更機能を利用するにはJavaScript（アクティブスクリプト）を有効にしてください。JavaScript（アクティブスクリプト）を無効のまま文字サイズを変更する場合には，ご利用のブラウザの表示メニューから文字サイズを変更してください。文字サイズ変更以外にも，操作性向上の目的でJavaScript（アクティブスクリプト）を用いた機能を提供しています。可能であ"
"岩倉市","23228","55","200","児童館行事「百人一首大会」","https://www.city.iwakura.aichi.jp/0000007616.html","児童館行事「百人一首大会」 | 岩倉市 共通メニューなどをスキップして本文へ 岩倉市トップに戻る ふりがな やさしい日本語 文字サイズ変更 標準 拡大 色の反転 標準 反転 検索 文字サイズ変更機能を利用するにはJavaScript（アクティブスクリプト）を有効にしてください。JavaScript（アクティブスクリプト）を無効のまま文字サイズを変更する場合には，ご利用のブラウザの表示メニューから文字サイズを変更してください。文字サイズ変更以外にも，操作性向上の目的でJavaScript（アクティブスクリプト）を用いた機能を提供しています。可能であればJavaScript（アクティブスクリプト）"
"岩倉市","23228","55","200","令和8年度児童館行事おやこにこにこタイム～パパと一緒にあそぼう～","https://www.city.iwakura.aichi.jp/0000007641.html","令和8年度児童館行事おやこにこにこタイム～パパと一緒にあそぼう～ | 岩倉市 共通メニューなどをスキップして本文へ 岩倉市トップに戻る ふりがな やさしい日本語 文字サイズ変更 標準 拡大 色の反転 標準 反転 検索 文字サイズ変更機能を利用するにはJavaScript（アクティブスクリプト）を有効にしてください。JavaScript（アクティブスクリプト）を無効のまま文字サイズを変更する場合には，ご利用のブラウザの表示メニューから文字サイズを変更してください。文字サイズ変更以外にも，操作性向上の目的でJavaScript（アクティブスクリプト）を用いた機能を提供しています。可能であればJav"
"岩倉市","23228","55","200","令和8年度の医療費のお知らせ（医療費通知）について","https://www.city.iwakura.aichi.jp/0000007715.html","令和8年度の医療費のお知らせ（医療費通知）について | 岩倉市 共通メニューなどをスキップして本文へ 岩倉市トップに戻る ふりがな やさしい日本語 文字サイズ変更 標準 拡大 色の反転 標準 反転 検索 文字サイズ変更機能を利用するにはJavaScript（アクティブスクリプト）を有効にしてください。JavaScript（アクティブスクリプト）を無効のまま文字サイズを変更する場合には，ご利用のブラウザの表示メニューから文字サイズを変更してください。文字サイズ変更以外にも，操作性向上の目的でJavaScript（アクティブスクリプト）を用いた機能を提供しています。可能であればJavaScript"
"岩倉市","23228","55","200","【入賞作品決定！】令和7年度いわくらゼロカーボン「ポスター」コンテスト","https://www.city.iwakura.aichi.jp/0000007770.html","【入賞作品決定！】令和7年度いわくらゼロカーボン「ポスター」コンテスト | 岩倉市 共通メニューなどをスキップして本文へ 岩倉市トップに戻る ふりがな やさしい日本語 文字サイズ変更 標準 拡大 色の反転 標準 反転 検索 文字サイズ変更機能を利用するにはJavaScript（アクティブスクリプト）を有効にしてください。JavaScript（アクティブスクリプト）を無効のまま文字サイズを変更する場合には，ご利用のブラウザの表示メニューから文字サイズを変更してください。文字サイズ変更以外にも，操作性向上の目的でJavaScript（アクティブスクリプト）を用いた機能を提供しています。可能であれば"
"岩倉市","23228","55","200","妊婦の定期予防接種について [2026年4月1日]","https://www.city.iwakura.aichi.jp/0000007771.html","妊婦の定期予防接種について | 岩倉市 共通メニューなどをスキップして本文へ 岩倉市トップに戻る ふりがな やさしい日本語 文字サイズ変更 標準 拡大 色の反転 標準 反転 検索 文字サイズ変更機能を利用するにはJavaScript（アクティブスクリプト）を有効にしてください。JavaScript（アクティブスクリプト）を無効のまま文字サイズを変更する場合には，ご利用のブラウザの表示メニューから文字サイズを変更してください。文字サイズ変更以外にも，操作性向上の目的でJavaScript（アクティブスクリプト）を用いた機能を提供しています。可能であればJavaScript（アクティブスクリプト）"
"岩倉市","23228","55","200","【世界自閉症啓発デー・発達障害啓発週間】発達障がいについて考えてみませんか？","https://www.city.iwakura.aichi.jp/0000007820.html","【世界自閉症啓発デー・発達障害啓発週間】発達障がいについて考えてみませんか？ | 岩倉市 共通メニューなどをスキップして本文へ 岩倉市トップに戻る ふりがな やさしい日本語 文字サイズ変更 標準 拡大 色の反転 標準 反転 検索 文字サイズ変更機能を利用するにはJavaScript（アクティブスクリプト）を有効にしてください。JavaScript（アクティブスクリプト）を無効のまま文字サイズを変更する場合には，ご利用のブラウザの表示メニューから文字サイズを変更してください。文字サイズ変更以外にも，操作性向上の目的でJavaScript（アクティブスクリプト）を用いた機能を提供しています。可能で"
"岩倉市","23228","55","200","岩倉市合併処理浄化槽設置整備事業補助金は終了しました。","https://www.city.iwakura.aichi.jp/0000007854.html","岩倉市合併処理浄化槽設置整備事業補助金は終了しました。 | 岩倉市 共通メニューなどをスキップして本文へ 岩倉市トップに戻る ふりがな やさしい日本語 文字サイズ変更 標準 拡大 色の反転 標準 反転 検索 文字サイズ変更機能を利用するにはJavaScript（アクティブスクリプト）を有効にしてください。JavaScript（アクティブスクリプト）を無効のまま文字サイズを変更する場合には，ご利用のブラウザの表示メニューから文字サイズを変更してください。文字サイズ変更以外にも，操作性向上の目的でJavaScript（アクティブスクリプト）を用いた機能を提供しています。可能であればJavaScri"
"岩倉市","23228","55","200","児童館行事「にこにこシティいわくら2026」実行委員を募集します！","https://www.city.iwakura.aichi.jp/0000007897.html","児童館行事「にこにこシティいわくら2026」実行委員を募集します！ | 岩倉市 共通メニューなどをスキップして本文へ 岩倉市トップに戻る ふりがな やさしい日本語 文字サイズ変更 標準 拡大 色の反転 標準 反転 検索 文字サイズ変更機能を利用するにはJavaScript（アクティブスクリプト）を有効にしてください。JavaScript（アクティブスクリプト）を無効のまま文字サイズを変更する場合には，ご利用のブラウザの表示メニューから文字サイズを変更してください。文字サイズ変更以外にも，操作性向上の目的でJavaScript（アクティブスクリプト）を用いた機能を提供しています。可能であればJa"
"岩倉市","23228","55","200","地域障害児支援体制中核拠点について","https://www.city.iwakura.aichi.jp/0000007917.html","地域障害児支援体制中核拠点について | 岩倉市 共通メニューなどをスキップして本文へ 岩倉市トップに戻る ふりがな やさしい日本語 文字サイズ変更 標準 拡大 色の反転 標準 反転 検索 文字サイズ変更機能を利用するにはJavaScript（アクティブスクリプト）を有効にしてください。JavaScript（アクティブスクリプト）を無効のまま文字サイズを変更する場合には，ご利用のブラウザの表示メニューから文字サイズを変更してください。文字サイズ変更以外にも，操作性向上の目的でJavaScript（アクティブスクリプト）を用いた機能を提供しています。可能であればJavaScript（アクティブスク"
"岩倉市","23228","55","200","児童館行事「ハーモニーフレンズ ミニコンサート」の参加者を募集します [2026年6月4日]","https://www.city.iwakura.aichi.jp/0000007920.html","児童館行事「ハーモニーフレンズ ミニコンサート」の参加者を募集します 共通メニューなどをスキップして本文へ 岩倉市トップに戻る ふりがな やさしい日本語 文字サイズ変更 標準 拡大 色の反転 標準 反転 検索 文字サイズ変更機能を利用するにはJavaScript（アクティブスクリプト）を有効にしてください。JavaScript（アクティブスクリプト）を無効のまま文字サイズを変更する場合には，ご利用のブラウザの表示メニューから文字サイズを変更してください。文字サイズ変更以外にも，操作性向上の目的でJavaScript（アクティブスクリプト）を用いた機能を提供しています。可能であればJavaScr"
"岩倉市","23228","55","200","ケアマネジャー(介護支援専門員)の業務と役割 [2026年6月22日]","https://www.city.iwakura.aichi.jp/0000007967.html","ケアマネジャー(介護支援専門員)の業務と役割 | 岩倉市 共通メニューなどをスキップして本文へ 岩倉市トップに戻る ふりがな やさしい日本語 文字サイズ変更 標準 拡大 色の反転 標準 反転 検索 文字サイズ変更機能を利用するにはJavaScript（アクティブスクリプト）を有効にしてください。JavaScript（アクティブスクリプト）を無効のまま文字サイズを変更する場合には，ご利用のブラウザの表示メニューから文字サイズを変更してください。文字サイズ変更以外にも，操作性向上の目的でJavaScript（アクティブスクリプト）を用いた機能を提供しています。可能であればJavaScript（アク"
"岩倉市","23228","55","200","高齢者エアコン購入費等補助金 [2026年7月2日]","https://www.city.iwakura.aichi.jp/0000007972.html","高齢者エアコン購入費等補助金 | 岩倉市 共通メニューなどをスキップして本文へ 岩倉市トップに戻る ふりがな やさしい日本語 文字サイズ変更 標準 拡大 色の反転 標準 反転 検索 文字サイズ変更機能を利用するにはJavaScript（アクティブスクリプト）を有効にしてください。JavaScript（アクティブスクリプト）を無効のまま文字サイズを変更する場合には，ご利用のブラウザの表示メニューから文字サイズを変更してください。文字サイズ変更以外にも，操作性向上の目的でJavaScript（アクティブスクリプト）を用いた機能を提供しています。可能であればJavaScript（アクティブスクリプト"
"岩倉市","23228","55","200","後期高齢者医療","https://www.city.iwakura.aichi.jp/category/1-2-6-0-0-0-0-0-0-0.html","後期高齢者医療 | 岩倉市 共通メニューなどをスキップして本文へ 岩倉市トップに戻る ふりがな やさしい日本語 文字サイズ変更 標準 拡大 色の反転 標準 反転 検索 文字サイズ変更機能を利用するにはJavaScript（アクティブスクリプト）を有効にしてください。JavaScript（アクティブスクリプト）を無効のまま文字サイズを変更する場合には，ご利用のブラウザの表示メニューから文字サイズを変更してください。文字サイズ変更以外にも，操作性向上の目的でJavaScript（アクティブスクリプト）を用いた機能を提供しています。可能であればJavaScript（アクティブスクリプト）を有効にして"
"岩倉市","23228","55","200","し尿・浄化槽","https://www.city.iwakura.aichi.jp/category/1-3-2-0-0-0-0-0-0-0.html","し尿・浄化槽 | 岩倉市 共通メニューなどをスキップして本文へ 岩倉市トップに戻る ふりがな やさしい日本語 文字サイズ変更 標準 拡大 色の反転 標準 反転 検索 文字サイズ変更機能を利用するにはJavaScript（アクティブスクリプト）を有効にしてください。JavaScript（アクティブスクリプト）を無効のまま文字サイズを変更する場合には，ご利用のブラウザの表示メニューから文字サイズを変更してください。文字サイズ変更以外にも，操作性向上の目的でJavaScript（アクティブスクリプト）を用いた機能を提供しています。可能であればJavaScript（アクティブスクリプト）を有効にしてく"
"岩倉市","23228","55","200","後期高齢者医療","https://www.city.iwakura.aichi.jp/soshiki/10-2-0-0-0_20.html","市民窓口課 | 後期高齢者医療 | 岩倉市 共通メニューなどをスキップして本文へ 岩倉市トップに戻る ふりがな やさしい日本語 文字サイズ変更 標準 拡大 色の反転 標準 反転 検索 文字サイズ変更機能を利用するにはJavaScript（アクティブスクリプト）を有効にしてください。JavaScript（アクティブスクリプト）を無効のまま文字サイズを変更する場合には，ご利用のブラウザの表示メニューから文字サイズを変更してください。文字サイズ変更以外にも，操作性向上の目的でJavaScript（アクティブスクリプト）を用いた機能を提供しています。可能であればJavaScript（アクティブスクリプ"
"岩倉市","23228","55","200","し尿・浄化槽","https://www.city.iwakura.aichi.jp/soshiki/10-3-0-0-0_1.html","環境政策課 | し尿・浄化槽 | 岩倉市 共通メニューなどをスキップして本文へ 岩倉市トップに戻る ふりがな やさしい日本語 文字サイズ変更 標準 拡大 色の反転 標準 反転 検索 文字サイズ変更機能を利用するにはJavaScript（アクティブスクリプト）を有効にしてください。JavaScript（アクティブスクリプト）を無効のまま文字サイズを変更する場合には，ご利用のブラウザの表示メニューから文字サイズを変更してください。文字サイズ変更以外にも，操作性向上の目的でJavaScript（アクティブスクリプト）を用いた機能を提供しています。可能であればJavaScript（アクティブスクリプト"
"岩倉市","23228","55","200","一般不妊治療費助成制度","https://www.city.iwakura.aichi.jp/soshiki/11-1-0-0-0_12.html","健康課 | 一般不妊治療費助成制度 | 岩倉市 共通メニューなどをスキップして本文へ 岩倉市トップに戻る ふりがな やさしい日本語 文字サイズ変更 標準 拡大 色の反転 標準 反転 検索 文字サイズ変更機能を利用するにはJavaScript（アクティブスクリプト）を有効にしてください。JavaScript（アクティブスクリプト）を無効のまま文字サイズを変更する場合には，ご利用のブラウザの表示メニューから文字サイズを変更してください。文字サイズ変更以外にも，操作性向上の目的でJavaScript（アクティブスクリプト）を用いた機能を提供しています。可能であればJavaScript（アクティブスク"
"岩倉市","23228","55","200","各種助成事業","https://www.city.iwakura.aichi.jp/soshiki/11-1-0-0-0_24.html","健康課 | 各種助成事業 | 岩倉市 共通メニューなどをスキップして本文へ 岩倉市トップに戻る ふりがな やさしい日本語 文字サイズ変更 標準 拡大 色の反転 標準 反転 検索 文字サイズ変更機能を利用するにはJavaScript（アクティブスクリプト）を有効にしてください。JavaScript（アクティブスクリプト）を無効のまま文字サイズを変更する場合には，ご利用のブラウザの表示メニューから文字サイズを変更してください。文字サイズ変更以外にも，操作性向上の目的でJavaScript（アクティブスクリプト）を用いた機能を提供しています。可能であればJavaScript（アクティブスクリプト）を"
"岩倉市","23228","55","200","予防接種","https://www.city.iwakura.aichi.jp/soshiki/11-1-0-0-0_6.html","健康課 | 予防接種 | 岩倉市 共通メニューなどをスキップして本文へ 岩倉市トップに戻る ふりがな やさしい日本語 文字サイズ変更 標準 拡大 色の反転 標準 反転 検索 文字サイズ変更機能を利用するにはJavaScript（アクティブスクリプト）を有効にしてください。JavaScript（アクティブスクリプト）を無効のまま文字サイズを変更する場合には，ご利用のブラウザの表示メニューから文字サイズを変更してください。文字サイズ変更以外にも，操作性向上の目的でJavaScript（アクティブスクリプト）を用いた機能を提供しています。可能であればJavaScript（アクティブスクリプト）を有効"
"岩倉市","23228","55","200","予防接種のお知らせ","https://www.city.iwakura.aichi.jp/soshiki/11-1-0-0-0_8.html","健康課 | 予防接種のお知らせ | 岩倉市 共通メニューなどをスキップして本文へ 岩倉市トップに戻る ふりがな やさしい日本語 文字サイズ変更 標準 拡大 色の反転 標準 反転 検索 文字サイズ変更機能を利用するにはJavaScript（アクティブスクリプト）を有効にしてください。JavaScript（アクティブスクリプト）を無効のまま文字サイズを変更する場合には，ご利用のブラウザの表示メニューから文字サイズを変更してください。文字サイズ変更以外にも，操作性向上の目的でJavaScript（アクティブスクリプト）を用いた機能を提供しています。可能であればJavaScript（アクティブスクリプ"
"岩倉市","23228","55","200","妊娠・出産","https://www.city.iwakura.aichi.jp/soshiki/11-1-0-0-0_9.html","健康課 | 妊娠・出産 | 岩倉市 共通メニューなどをスキップして本文へ 岩倉市トップに戻る ふりがな やさしい日本語 文字サイズ変更 標準 拡大 色の反転 標準 反転 検索 文字サイズ変更機能を利用するにはJavaScript（アクティブスクリプト）を有効にしてください。JavaScript（アクティブスクリプト）を無効のまま文字サイズを変更する場合には，ご利用のブラウザの表示メニューから文字サイズを変更してください。文字サイズ変更以外にも，操作性向上の目的でJavaScript（アクティブスクリプト）を用いた機能を提供しています。可能であればJavaScript（アクティブスクリプト）を有"
"岩倉市","23228","55","200","障害者福祉","https://www.city.iwakura.aichi.jp/soshiki/8-5-0-0-0_1.html","福祉課 | 障害者福祉 | 岩倉市 共通メニューなどをスキップして本文へ 岩倉市トップに戻る ふりがな やさしい日本語 文字サイズ変更 標準 拡大 色の反転 標準 反転 検索 文字サイズ変更機能を利用するにはJavaScript（アクティブスクリプト）を有効にしてください。JavaScript（アクティブスクリプト）を無効のまま文字サイズを変更する場合には，ご利用のブラウザの表示メニューから文字サイズを変更してください。文字サイズ変更以外にも，操作性向上の目的でJavaScript（アクティブスクリプト）を用いた機能を提供しています。可能であればJavaScript（アクティブスクリプト）を有"
"日進市","23230","55","200","多胎妊娠に伴う妊婦健康診査費用の助成のお知らせ","http://www.city.nisshin.lg.jp/department/sougou/jouhou/hozyo_ichiran/zyoseikin/14939.html","多胎妊娠に伴う妊婦健康診査費用の助成のお知らせ／日進市 本文へ 文字サイズ 背景色変更 携帯サイト Other Language 部や課で選ぶ ご意見・お問い合わせ ホーム くらしの情報 行事・イベント 市役所・公共施設 市の政策・計画 サイト内検索 くらしの情報 行事・イベント 市役所・公共施設 市の政策・計画 Other Language 部や課で選ぶ ご意見・お問い合わせ 現在の位置 ホーム 部や課で選ぶ 総合政策部 情報広報課 補助金一覧 助成金 多胎妊娠に伴う妊婦健康診査費用の助成のお知らせ 多胎妊娠に伴う妊婦健康診査費用の助成のお知らせ ID番号 N14939 更新日：2023年0"
"日進市","23230","55","200","高齢者筋力トレーニング（岩崎台・香久山福祉会館）","https://www.city.nisshin.lg.jp/department/seikatu/fukushikaikan/2/2_1/2/17428.html","高齢者筋力トレーニング講座／日進市 本文へ 文字サイズ 背景色変更 携帯サイト Other Language 部や課で選ぶ ご意見・お問い合わせ ホーム くらしの情報 行事・イベント 市役所・公共施設 市の政策・計画 サイト内検索 くらしの情報 行事・イベント 市役所・公共施設 市の政策・計画 Other Language 部や課で選ぶ ご意見・お問い合わせ 現在の位置 ホーム 部や課で選ぶ 市民生活部 福祉会館 岩崎台・香久山福祉会館 イベント 催し 高齢者筋力トレーニング講座 高齢者筋力トレーニング講座 ID番号 N17428 更新日：2026年07月01日 高齢者筋力トレーニング講座 正"
"日進市","23230","55","200","大人も子どももみんなで食育！","https://www.city.nisshin.lg.jp/department/seikatu/kyousei/3/7/7-6/18775.html","令和8年度市民自治活動推進補助金事業大人も子どももみんなで食育！（Komeko with u）／日進市 本文へ 文字サイズ 背景色変更 携帯サイト Other Language 部や課で選ぶ ご意見・お問い合わせ ホーム くらしの情報 行事・イベント 市役所・公共施設 市の政策・計画 サイト内検索 くらしの情報 行事・イベント 市役所・公共施設 市の政策・計画 Other Language 部や課で選ぶ ご意見・お問い合わせ 現在の位置 ホーム 部や課で選ぶ 市民生活部 地域共生課 市の政策・計画 市民との協働 市民自治活動 令和8年度市民自治活動推進補助金事業大人も子どももみんなで食育！（K"
"日進市","23230","55","200","市民自治活動推進補助金事業について","https://www.city.nisshin.lg.jp/department/sougou/jouhou/hozyo_ichiran/hozyokin/14905.html","市民自治活動推進補助金事業について／日進市 本文へ 文字サイズ 背景色変更 携帯サイト Other Language 部や課で選ぶ ご意見・お問い合わせ ホーム くらしの情報 行事・イベント 市役所・公共施設 市の政策・計画 サイト内検索 くらしの情報 行事・イベント 市役所・公共施設 市の政策・計画 Other Language 部や課で選ぶ ご意見・お問い合わせ 現在の位置 ホーム 部や課で選ぶ 総合政策部 情報広報課 補助金一覧 補助金 市民自治活動推進補助金事業について 市民自治活動推進補助金事業について ID番号 N14905 更新日：2026年01月13日 市民自治活動推進補助金事"
"日進市","23230","55","200","後退道路拡幅に関する補助金(狭あい道路対策事業補助金)について","https://www.city.nisshin.lg.jp/department/sougou/jouhou/hozyo_ichiran/hozyokin/14906.html","後退道路拡幅に関する補助金(狭あい道路対策事業補助金)について／日進市 本文へ 文字サイズ 背景色変更 携帯サイト Other Language 部や課で選ぶ ご意見・お問い合わせ ホーム くらしの情報 行事・イベント 市役所・公共施設 市の政策・計画 サイト内検索 くらしの情報 行事・イベント 市役所・公共施設 市の政策・計画 Other Language 部や課で選ぶ ご意見・お問い合わせ 現在の位置 ホーム 部や課で選ぶ 総合政策部 情報広報課 補助金一覧 補助金 後退道路拡幅に関する補助金(狭あい道路対策事業補助金)について 後退道路拡幅に関する補助金(狭あい道路対策事業補助金)につい"
"日進市","23230","55","200","日進市不良空家除却促進補助金","https://www.city.nisshin.lg.jp/department/sougou/jouhou/hozyo_ichiran/hozyokin/14907.html","日進市不良空家除却促進補助金／日進市 本文へ 文字サイズ 背景色変更 携帯サイト Other Language 部や課で選ぶ ご意見・お問い合わせ ホーム くらしの情報 行事・イベント 市役所・公共施設 市の政策・計画 サイト内検索 くらしの情報 行事・イベント 市役所・公共施設 市の政策・計画 Other Language 部や課で選ぶ ご意見・お問い合わせ 現在の位置 ホーム 部や課で選ぶ 総合政策部 情報広報課 補助金一覧 補助金 日進市不良空家除却促進補助金 日進市不良空家除却促進補助金 ID番号 N14907 更新日：2026年02月01日 周辺の生活環境に影響を及ぼす空家の除却を促"
"日進市","23230","55","200","日進市介護人材資質向上事業補助金","https://www.city.nisshin.lg.jp/department/sougou/jouhou/hozyo_ichiran/hozyokin/14908.html","日進市介護人材資質向上事業補助金／日進市 本文へ 文字サイズ 背景色変更 携帯サイト Other Language 部や課で選ぶ ご意見・お問い合わせ ホーム くらしの情報 行事・イベント 市役所・公共施設 市の政策・計画 サイト内検索 くらしの情報 行事・イベント 市役所・公共施設 市の政策・計画 Other Language 部や課で選ぶ ご意見・お問い合わせ 現在の位置 ホーム 部や課で選ぶ 総合政策部 情報広報課 補助金一覧 補助金 日進市介護人材資質向上事業補助金 日進市介護人材資質向上事業補助金 ID番号 N14908 更新日：2026年04月15日 令和8年度日進市介護人材資質向"
"日進市","23230","55","200","日進市住民主体による介護予防・生活支援サービス事業補助金","https://www.city.nisshin.lg.jp/department/sougou/jouhou/hozyo_ichiran/hozyokin/14910.html","日進市住民主体による介護予防・生活支援サービス事業補助金／日進市 本文へ 文字サイズ 背景色変更 携帯サイト Other Language 部や課で選ぶ ご意見・お問い合わせ ホーム くらしの情報 行事・イベント 市役所・公共施設 市の政策・計画 サイト内検索 くらしの情報 行事・イベント 市役所・公共施設 市の政策・計画 Other Language 部や課で選ぶ ご意見・お問い合わせ 現在の位置 ホーム 部や課で選ぶ 総合政策部 情報広報課 補助金一覧 補助金 日進市住民主体による介護予防・生活支援サービス事業補助金 日進市住民主体による介護予防・生活支援サービス事業補助金 ID番号 N1"
"日進市","23230","55","200","日進市小規模企業等活性化補助金","https://www.city.nisshin.lg.jp/department/sougou/jouhou/hozyo_ichiran/hozyokin/14911.html","日進市小規模企業等活性化補助金／日進市 本文へ 文字サイズ 背景色変更 携帯サイト Other Language 部や課で選ぶ ご意見・お問い合わせ ホーム くらしの情報 行事・イベント 市役所・公共施設 市の政策・計画 サイト内検索 くらしの情報 行事・イベント 市役所・公共施設 市の政策・計画 Other Language 部や課で選ぶ ご意見・お問い合わせ 現在の位置 ホーム 部や課で選ぶ 総合政策部 情報広報課 補助金一覧 補助金 日進市小規模企業等活性化補助金 日進市小規模企業等活性化補助金 ID番号 N14911 更新日：2026年04月01日 市内の小規模企業等の振興を推進するた"
"日進市","23230","55","200","日進市空家バンク仲介手数料等補助金","https://www.city.nisshin.lg.jp/department/sougou/jouhou/hozyo_ichiran/hozyokin/14913.html","日進市空家バンク仲介手数料等補助金／日進市 本文へ 文字サイズ 背景色変更 携帯サイト Other Language 部や課で選ぶ ご意見・お問い合わせ ホーム くらしの情報 行事・イベント 市役所・公共施設 市の政策・計画 サイト内検索 くらしの情報 行事・イベント 市役所・公共施設 市の政策・計画 Other Language 部や課で選ぶ ご意見・お問い合わせ 現在の位置 ホーム 部や課で選ぶ 総合政策部 情報広報課 補助金一覧 補助金 日進市空家バンク仲介手数料等補助金 日進市空家バンク仲介手数料等補助金 ID番号 N14913 更新日：2021年05月26日 日進市空家バンクに登録さ"
"日進市","23230","55","200","日進市空家バンク子育て世帯定住促進補助金","https://www.city.nisshin.lg.jp/department/sougou/jouhou/hozyo_ichiran/hozyokin/14914.html","日進市空家バンク子育て世帯定住促進補助金／日進市 本文へ 文字サイズ 背景色変更 携帯サイト Other Language 部や課で選ぶ ご意見・お問い合わせ ホーム くらしの情報 行事・イベント 市役所・公共施設 市の政策・計画 サイト内検索 くらしの情報 行事・イベント 市役所・公共施設 市の政策・計画 Other Language 部や課で選ぶ ご意見・お問い合わせ 現在の位置 ホーム 部や課で選ぶ 総合政策部 情報広報課 補助金一覧 補助金 日進市空家バンク子育て世帯定住促進補助金 日進市空家バンク子育て世帯定住促進補助金 ID番号 N14914 更新日：2021年05月27日 市外に"
"日進市","23230","55","200","日進市空家バンク定住促進リフォーム補助金","https://www.city.nisshin.lg.jp/department/sougou/jouhou/hozyo_ichiran/hozyokin/14915.html","日進市空家バンク定住促進リフォーム補助金／日進市 本文へ 文字サイズ 背景色変更 携帯サイト Other Language 部や課で選ぶ ご意見・お問い合わせ ホーム くらしの情報 行事・イベント 市役所・公共施設 市の政策・計画 サイト内検索 くらしの情報 行事・イベント 市役所・公共施設 市の政策・計画 Other Language 部や課で選ぶ ご意見・お問い合わせ 現在の位置 ホーム 部や課で選ぶ 総合政策部 情報広報課 補助金一覧 補助金 日進市空家バンク定住促進リフォーム補助金 日進市空家バンク定住促進リフォーム補助金 ID番号 N14915 更新日：2021年05月27日 市外に"
"日進市","23230","55","200","日進市資源ごみ回収推進に関する補助金","https://www.city.nisshin.lg.jp/department/sougou/jouhou/hozyo_ichiran/hozyokin/14916.html","日進市資源ごみ回収推進に関する補助金／日進市 本文へ 文字サイズ 背景色変更 携帯サイト Other Language 部や課で選ぶ ご意見・お問い合わせ ホーム くらしの情報 行事・イベント 市役所・公共施設 市の政策・計画 サイト内検索 くらしの情報 行事・イベント 市役所・公共施設 市の政策・計画 Other Language 部や課で選ぶ ご意見・お問い合わせ 現在の位置 ホーム 部や課で選ぶ 総合政策部 情報広報課 補助金一覧 補助金 日進市資源ごみ回収推進に関する補助金 日進市資源ごみ回収推進に関する補助金 ID番号 N14916 更新日：2026年02月02日 日常生活で出るごみ"
"日進市","23230","55","200","日進市都市緑化推進事業補助金","https://www.city.nisshin.lg.jp/department/sougou/jouhou/hozyo_ichiran/hozyokin/14917.html","日進市都市緑化推進事業補助金／日進市 本文へ 文字サイズ 背景色変更 携帯サイト Other Language 部や課で選ぶ ご意見・お問い合わせ ホーム くらしの情報 行事・イベント 市役所・公共施設 市の政策・計画 サイト内検索 くらしの情報 行事・イベント 市役所・公共施設 市の政策・計画 Other Language 部や課で選ぶ ご意見・お問い合わせ 現在の位置 ホーム 部や課で選ぶ 総合政策部 情報広報課 補助金一覧 補助金 日進市都市緑化推進事業補助金 日進市都市緑化推進事業補助金 ID番号 N14917 更新日：2026年04月01日 交付申請書提出前の事前確認に1か月以上かか"
"日進市","23230","55","200","木造住宅耐震改修費補助金制度について","https://www.city.nisshin.lg.jp/department/sougou/jouhou/hozyo_ichiran/hozyokin/14918.html","木造住宅耐震改修費補助金制度について／日進市 本文へ 文字サイズ 背景色変更 携帯サイト Other Language 部や課で選ぶ ご意見・お問い合わせ ホーム くらしの情報 行事・イベント 市役所・公共施設 市の政策・計画 サイト内検索 くらしの情報 行事・イベント 市役所・公共施設 市の政策・計画 Other Language 部や課で選ぶ ご意見・お問い合わせ 現在の位置 ホーム 部や課で選ぶ 総合政策部 情報広報課 補助金一覧 補助金 木造住宅耐震改修費補助金制度について 木造住宅耐震改修費補助金制度について ID番号 N14918 更新日：2026年02月01日 耐震改修工事費補助"
"日進市","23230","55","200","民間の市民農園の開設を支援します（日進市ふれあい農園開設支援補助金）","https://www.city.nisshin.lg.jp/department/sougou/jouhou/hozyo_ichiran/hozyokin/14919.html","民間の市民農園の開設を支援します（日進市ふれあい農園開設支援補助金）／日進市 本文へ 文字サイズ 背景色変更 携帯サイト Other Language 部や課で選ぶ ご意見・お問い合わせ ホーム くらしの情報 行事・イベント 市役所・公共施設 市の政策・計画 サイト内検索 くらしの情報 行事・イベント 市役所・公共施設 市の政策・計画 Other Language 部や課で選ぶ ご意見・お問い合わせ 現在の位置 ホーム 部や課で選ぶ 総合政策部 情報広報課 補助金一覧 補助金 民間の市民農園の開設を支援します（日進市ふれあい農園開設支援補助金） 民間の市民農園の開設を支援します（日進市ふれあい"
"日進市","23230","55","200","非木造住宅耐震診断費補助金制度について","https://www.city.nisshin.lg.jp/department/sougou/jouhou/hozyo_ichiran/hozyokin/14926.html","非木造住宅耐震診断費補助金制度について／日進市 本文へ 文字サイズ 背景色変更 携帯サイト Other Language 部や課で選ぶ ご意見・お問い合わせ ホーム くらしの情報 行事・イベント 市役所・公共施設 市の政策・計画 サイト内検索 くらしの情報 行事・イベント 市役所・公共施設 市の政策・計画 Other Language 部や課で選ぶ ご意見・お問い合わせ 現在の位置 ホーム 部や課で選ぶ 総合政策部 情報広報課 補助金一覧 補助金 非木造住宅耐震診断費補助金制度について 非木造住宅耐震診断費補助金制度について ID番号 N14926 更新日：2026年02月01日 耐震診断費補"
"日進市","23230","55","200","不妊治療前ペア検査費用助成事業（妊活応援事業）","https://www.city.nisshin.lg.jp/department/sougou/jouhou/hozyo_ichiran/hozyokin/14935.html","不妊治療前ペア検査費用助成事業（妊活応援事業）／日進市 本文へ 文字サイズ 背景色変更 携帯サイト Other Language 部や課で選ぶ ご意見・お問い合わせ ホーム くらしの情報 行事・イベント 市役所・公共施設 市の政策・計画 サイト内検索 くらしの情報 行事・イベント 市役所・公共施設 市の政策・計画 Other Language 部や課で選ぶ ご意見・お問い合わせ 現在の位置 ホーム 部や課で選ぶ 総合政策部 情報広報課 補助金一覧 補助金 不妊治療前ペア検査費用助成事業（妊活応援事業） 不妊治療前ペア検査費用助成事業（妊活応援事業） ID番号 N15096 更新日：2025年0"
"日進市","23230","55","200","日進市骨髄バンクドナー等助成金","https://www.city.nisshin.lg.jp/department/sougou/jouhou/hozyo_ichiran/hozyokin/14944.html","日進市骨髄バンクドナー等助成金／日進市 本文へ 文字サイズ 背景色変更 携帯サイト Other Language 部や課で選ぶ ご意見・お問い合わせ ホーム くらしの情報 行事・イベント 市役所・公共施設 市の政策・計画 サイト内検索 くらしの情報 行事・イベント 市役所・公共施設 市の政策・計画 Other Language 部や課で選ぶ ご意見・お問い合わせ 現在の位置 ホーム 部や課で選ぶ 総合政策部 情報広報課 補助金一覧 補助金 日進市骨髄バンクドナー等助成金 日進市骨髄バンクドナー等助成金 ID番号 N15095 更新日：2026年04月01日 骨髄バンクドナー等助成金交付事業を実"
"日進市","23230","55","200","ブロック塀等撤去費補助事業について","https://www.city.nisshin.lg.jp/department/sougou/jouhou/hozyo_ichiran/hozyokin/14968.html","ブロック塀等撤去費補助事業について／日進市 本文へ 文字サイズ 背景色変更 携帯サイト Other Language 部や課で選ぶ ご意見・お問い合わせ ホーム くらしの情報 行事・イベント 市役所・公共施設 市の政策・計画 サイト内検索 くらしの情報 行事・イベント 市役所・公共施設 市の政策・計画 Other Language 部や課で選ぶ ご意見・お問い合わせ 現在の位置 ホーム 部や課で選ぶ 総合政策部 情報広報課 補助金一覧 補助金 ブロック塀等撤去費補助事業について ブロック塀等撤去費補助事業について ID番号 N14968 更新日：2026年02月01日 ブロック塀等撤去費補助金"
"日進市","23230","55","200","低所得妊婦初回産科受診費補助事業","https://www.city.nisshin.lg.jp/department/sougou/jouhou/hozyo_ichiran/hozyokin/14971.html","低所得妊婦初回産科受診費補助事業／日進市 本文へ 文字サイズ 背景色変更 携帯サイト Other Language 部や課で選ぶ ご意見・お問い合わせ ホーム くらしの情報 行事・イベント 市役所・公共施設 市の政策・計画 サイト内検索 くらしの情報 行事・イベント 市役所・公共施設 市の政策・計画 Other Language 部や課で選ぶ ご意見・お問い合わせ 現在の位置 ホーム 部や課で選ぶ 総合政策部 情報広報課 補助金一覧 補助金 低所得妊婦初回産科受診費補助事業 低所得妊婦初回産科受診費補助事業 ID番号 N14971 更新日：2026年06月01日 経済的な不安を持つ妊婦が安心し"
"日進市","23230","55","200","合併処理浄化槽設置補助事業","https://www.city.nisshin.lg.jp/department/sougou/jouhou/hozyo_ichiran/hozyokin/14972.html","合併処理浄化槽設置補助事業／日進市 本文へ 文字サイズ 背景色変更 携帯サイト Other Language 部や課で選ぶ ご意見・お問い合わせ ホーム くらしの情報 行事・イベント 市役所・公共施設 市の政策・計画 サイト内検索 くらしの情報 行事・イベント 市役所・公共施設 市の政策・計画 Other Language 部や課で選ぶ ご意見・お問い合わせ 現在の位置 ホーム 部や課で選ぶ 総合政策部 情報広報課 補助金一覧 補助金 合併処理浄化槽設置補助事業 合併処理浄化槽設置補助事業 ID番号 N14972 更新日：2026年06月09日 合併処理浄化槽は単独処理浄化槽に比べて浄化能力が"
"日進市","23230","55","200","日進市若年がん患者在宅療養費補助事業のご案内","https://www.city.nisshin.lg.jp/department/sougou/jouhou/hozyo_ichiran/hozyokin/14973.html","日進市若年がん患者在宅療養費補助事業のご案内／日進市 本文へ 文字サイズ 背景色変更 携帯サイト Other Language 部や課で選ぶ ご意見・お問い合わせ ホーム くらしの情報 行事・イベント 市役所・公共施設 市の政策・計画 サイト内検索 くらしの情報 行事・イベント 市役所・公共施設 市の政策・計画 Other Language 部や課で選ぶ ご意見・お問い合わせ 現在の位置 ホーム 部や課で選ぶ 総合政策部 情報広報課 補助金一覧 補助金 日進市若年がん患者在宅療養費補助事業のご案内 日進市若年がん患者在宅療養費補助事業のご案内 ID番号 N14973 更新日：2023年07月1"
"日進市","23230","55","200","木造住宅除却工事費補助について","https://www.city.nisshin.lg.jp/department/sougou/jouhou/hozyo_ichiran/hozyokin/14974.html","木造住宅除却工事費補助について／日進市 本文へ 文字サイズ 背景色変更 携帯サイト Other Language 部や課で選ぶ ご意見・お問い合わせ ホーム くらしの情報 行事・イベント 市役所・公共施設 市の政策・計画 サイト内検索 くらしの情報 行事・イベント 市役所・公共施設 市の政策・計画 Other Language 部や課で選ぶ ご意見・お問い合わせ 現在の位置 ホーム 部や課で選ぶ 総合政策部 情報広報課 補助金一覧 補助金 木造住宅除却工事費補助について 木造住宅除却工事費補助について ID番号 N14974 更新日：2026年02月01日 住宅を除却する際に補助金を交付します"
"日進市","23230","55","200","特殊詐欺対策装置（固定電話機等）の購入費を補助します","https://www.city.nisshin.lg.jp/department/sougou/jouhou/hozyo_ichiran/hozyokin/14975.html","特殊詐欺対策装置（固定電話機等）の購入費を補助します／日進市 本文へ 文字サイズ 背景色変更 携帯サイト Other Language 部や課で選ぶ ご意見・お問い合わせ ホーム くらしの情報 行事・イベント 市役所・公共施設 市の政策・計画 サイト内検索 くらしの情報 行事・イベント 市役所・公共施設 市の政策・計画 Other Language 部や課で選ぶ ご意見・お問い合わせ 現在の位置 ホーム 部や課で選ぶ 総合政策部 情報広報課 補助金一覧 補助金 特殊詐欺対策装置（固定電話機等）の購入費を補助します 特殊詐欺対策装置（固定電話機等）の購入費を補助します ID番号 N14975 更"
"日進市","23230","55","200","生ごみ処理機購入補助制度・電動生ごみ処理機貸出し制度","https://www.city.nisshin.lg.jp/department/sougou/jouhou/hozyo_ichiran/hozyokin/14977.html","生ごみ処理機購入補助制度・電動生ごみ処理機貸出し制度／日進市 本文へ 文字サイズ 背景色変更 携帯サイト Other Language 部や課で選ぶ ご意見・お問い合わせ ホーム くらしの情報 行事・イベント 市役所・公共施設 市の政策・計画 サイト内検索 くらしの情報 行事・イベント 市役所・公共施設 市の政策・計画 Other Language 部や課で選ぶ ご意見・お問い合わせ 現在の位置 ホーム 部や課で選ぶ 総合政策部 情報広報課 補助金一覧 補助金 生ごみ処理機購入補助制度・電動生ごみ処理機貸出し制度 生ごみ処理機購入補助制度・電動生ごみ処理機貸出し制度 ID番号 N14977 更"
"日進市","23230","55","200","耐震シェルター整備費補助について","https://www.city.nisshin.lg.jp/department/sougou/jouhou/hozyo_ichiran/hozyokin/14978.html","耐震シェルター整備費補助について／日進市 本文へ 文字サイズ 背景色変更 携帯サイト Other Language 部や課で選ぶ ご意見・お問い合わせ ホーム くらしの情報 行事・イベント 市役所・公共施設 市の政策・計画 サイト内検索 くらしの情報 行事・イベント 市役所・公共施設 市の政策・計画 Other Language 部や課で選ぶ ご意見・お問い合わせ 現在の位置 ホーム 部や課で選ぶ 総合政策部 情報広報課 補助金一覧 補助金 耐震シェルター整備費補助について 耐震シェルター整備費補助について ID番号 N14978 更新日：2026年02月01日 耐震シェルターを整備する際に補"
"日進市","23230","55","200","令和8年度自転車乗車用ヘルメット購入補助事業について","https://www.city.nisshin.lg.jp/department/sougou/jouhou/hozyo_ichiran/hozyokin/14979.html","令和8年度自転車乗車用ヘルメット購入補助事業について／日進市 本文へ 文字サイズ 背景色変更 携帯サイト Other Language 部や課で選ぶ ご意見・お問い合わせ ホーム くらしの情報 行事・イベント 市役所・公共施設 市の政策・計画 サイト内検索 くらしの情報 行事・イベント 市役所・公共施設 市の政策・計画 Other Language 部や課で選ぶ ご意見・お問い合わせ 現在の位置 ホーム 部や課で選ぶ 総合政策部 情報広報課 補助金一覧 補助金 令和8年度自転車乗車用ヘルメット購入補助事業について 令和8年度自転車乗車用ヘルメット購入補助事業について ID番号 N14979 更"
"日進市","23230","55","200","日進市障害者等レクリエーション文化活動等支援事業の募集について","https://www.city.nisshin.lg.jp/department/sougou/jouhou/hozyo_ichiran/hozyokin/15076.html","日進市障害者等レクリエーション文化活動等支援事業の募集について／日進市 本文へ 文字サイズ 背景色変更 携帯サイト Other Language 部や課で選ぶ ご意見・お問い合わせ ホーム くらしの情報 行事・イベント 市役所・公共施設 市の政策・計画 サイト内検索 くらしの情報 行事・イベント 市役所・公共施設 市の政策・計画 Other Language 部や課で選ぶ ご意見・お問い合わせ 現在の位置 ホーム 部や課で選ぶ 総合政策部 情報広報課 補助金一覧 補助金 日進市障害者等レクリエーション文化活動等支援事業の募集について 日進市障害者等レクリエーション文化活動等支援事業の募集につい"
"日進市","23230","55","200","日進市 出産・子育てまるっと応援事業のご案内（妊婦等包括相談支援事業・妊婦のための支援給付）","https://www.city.nisshin.lg.jp/department/sougou/jouhou/hozyo_ichiran/hozyokin/15097.html","日進市 出産・子育てまるっと応援事業のご案内（妊婦等包括相談支援事業・妊婦のための支援給付）／日進市 本文へ 文字サイズ 背景色変更 携帯サイト Other Language 部や課で選ぶ ご意見・お問い合わせ ホーム くらしの情報 行事・イベント 市役所・公共施設 市の政策・計画 サイト内検索 くらしの情報 行事・イベント 市役所・公共施設 市の政策・計画 Other Language 部や課で選ぶ ご意見・お問い合わせ 現在の位置 ホーム 部や課で選ぶ 総合政策部 情報広報課 補助金一覧 補助金 日進市 出産・子育てまるっと応援事業のご案内（妊婦等包括相談支援事業・妊婦のための支援給付） "
"日進市","23230","55","200","帯状疱疹ワクチン予防接種(任意接種)費用の補助について","https://www.city.nisshin.lg.jp/department/sougou/jouhou/hozyo_ichiran/hozyokin/15362.html","帯状疱疹ワクチン予防接種(任意接種)費用の補助について／日進市 本文へ 文字サイズ 背景色変更 携帯サイト Other Language 部や課で選ぶ ご意見・お問い合わせ ホーム くらしの情報 行事・イベント 市役所・公共施設 市の政策・計画 サイト内検索 くらしの情報 行事・イベント 市役所・公共施設 市の政策・計画 Other Language 部や課で選ぶ ご意見・お問い合わせ 現在の位置 ホーム 部や課で選ぶ 総合政策部 情報広報課 補助金一覧 補助金 帯状疱疹ワクチン予防接種(任意接種)費用の補助について 帯状疱疹ワクチン予防接種(任意接種)費用の補助について ID番号 N1536"
"日進市","23230","55","200","日進市新商品開発等支援事業補助金","https://www.city.nisshin.lg.jp/department/sougou/jouhou/hozyo_ichiran/hozyokin/16092.html","日進市新商品開発等支援事業補助金／日進市 本文へ 文字サイズ 背景色変更 携帯サイト Other Language 部や課で選ぶ ご意見・お問い合わせ ホーム くらしの情報 行事・イベント 市役所・公共施設 市の政策・計画 サイト内検索 くらしの情報 行事・イベント 市役所・公共施設 市の政策・計画 Other Language 部や課で選ぶ ご意見・お問い合わせ 現在の位置 ホーム 部や課で選ぶ 総合政策部 情報広報課 補助金一覧 補助金 日進市新商品開発等支援事業補助金 日進市新商品開発等支援事業補助金 ID番号 N16092 更新日：2026年04月01日 日進市の地域ブランド力向上のた"
"日進市","23230","55","200","【受付を終了しました】令和8年度次世代自動車購入費等補助事業","https://www.city.nisshin.lg.jp/department/sougou/jouhou/hozyo_ichiran/hozyokin/16552.html","【受付を終了しました】令和8年度次世代自動車購入費等補助事業／日進市 本文へ 文字サイズ 背景色変更 携帯サイト Other Language 部や課で選ぶ ご意見・お問い合わせ ホーム くらしの情報 行事・イベント 市役所・公共施設 市の政策・計画 サイト内検索 くらしの情報 行事・イベント 市役所・公共施設 市の政策・計画 Other Language 部や課で選ぶ ご意見・お問い合わせ 現在の位置 ホーム 部や課で選ぶ 総合政策部 情報広報課 補助金一覧 補助金 【受付を終了しました】令和8年度次世代自動車購入費等補助事業 【受付を終了しました】令和8年度次世代自動車購入費等補助事業 I"
"日進市","23230","55","200","令和8年度地球温暖化対策設備設置費補助事業","https://www.city.nisshin.lg.jp/department/sougou/jouhou/hozyo_ichiran/hozyokin/16840.html","令和8年度地球温暖化対策設備設置費補助事業／日進市 本文へ 文字サイズ 背景色変更 携帯サイト Other Language 部や課で選ぶ ご意見・お問い合わせ ホーム くらしの情報 行事・イベント 市役所・公共施設 市の政策・計画 サイト内検索 くらしの情報 行事・イベント 市役所・公共施設 市の政策・計画 Other Language 部や課で選ぶ ご意見・お問い合わせ 現在の位置 ホーム 部や課で選ぶ 総合政策部 情報広報課 補助金一覧 補助金 令和8年度地球温暖化対策設備設置費補助事業 令和8年度地球温暖化対策設備設置費補助事業 ID番号 N16840 更新日：2026年06月18日 "
"日進市","23230","55","200","愛知県移住支援事業・マッチング支援事業","https://www.city.nisshin.lg.jp/department/sougou/jouhou/hozyo_ichiran/hozyokin/17542.html","愛知県移住支援事業・マッチング支援事業／日進市 本文へ 文字サイズ 背景色変更 携帯サイト Other Language 部や課で選ぶ ご意見・お問い合わせ ホーム くらしの情報 行事・イベント 市役所・公共施設 市の政策・計画 サイト内検索 くらしの情報 行事・イベント 市役所・公共施設 市の政策・計画 Other Language 部や課で選ぶ ご意見・お問い合わせ 現在の位置 ホーム 部や課で選ぶ 総合政策部 情報広報課 補助金一覧 補助金 愛知県移住支援事業・マッチング支援事業 愛知県移住支援事業・マッチング支援事業 ID番号 N17542 更新日：2026年03月04日 移住支援事業"
"日進市","23230","55","200","地域少子化対策重点推進交付金を活用した事業について","https://www.city.nisshin.lg.jp/department/sougou/jouhou/hozyo_ichiran/kouhukin/14964.html","地域少子化対策重点推進交付金を活用した事業について／日進市 本文へ 文字サイズ 背景色変更 携帯サイト Other Language 部や課で選ぶ ご意見・お問い合わせ ホーム くらしの情報 行事・イベント 市役所・公共施設 市の政策・計画 サイト内検索 くらしの情報 行事・イベント 市役所・公共施設 市の政策・計画 Other Language 部や課で選ぶ ご意見・お問い合わせ 現在の位置 ホーム 部や課で選ぶ 総合政策部 情報広報課 補助金一覧 交付金 地域少子化対策重点推進交付金を活用した事業について 地域少子化対策重点推進交付金を活用した事業について ID番号 N14964 更新日："
"日進市","23230","55","200","タクシー料金助成","https://www.city.nisshin.lg.jp/department/sougou/jouhou/hozyo_ichiran/zyoseikin/14933.html","タクシー料金助成／日進市 本文へ 文字サイズ 背景色変更 携帯サイト Other Language 部や課で選ぶ ご意見・お問い合わせ ホーム くらしの情報 行事・イベント 市役所・公共施設 市の政策・計画 サイト内検索 くらしの情報 行事・イベント 市役所・公共施設 市の政策・計画 Other Language 部や課で選ぶ ご意見・お問い合わせ 現在の位置 ホーム 部や課で選ぶ 総合政策部 情報広報課 補助金一覧 助成金 タクシー料金助成 タクシー料金助成 ID番号 N14933 更新日：2026年05月15日 障害のある方がタクシーに乗るとき、運賃の一部を助成する「タクシー料金助成利用券"
"日進市","23230","55","200","住宅改修費の助成","https://www.city.nisshin.lg.jp/department/sougou/jouhou/hozyo_ichiran/zyoseikin/14936.html","住宅改修費の助成／日進市 本文へ 文字サイズ 背景色変更 携帯サイト Other Language 部や課で選ぶ ご意見・お問い合わせ ホーム くらしの情報 行事・イベント 市役所・公共施設 市の政策・計画 サイト内検索 くらしの情報 行事・イベント 市役所・公共施設 市の政策・計画 Other Language 部や課で選ぶ ご意見・お問い合わせ 現在の位置 ホーム 部や課で選ぶ 総合政策部 情報広報課 補助金一覧 助成金 住宅改修費の助成 住宅改修費の助成 ID番号 N14936 更新日：2024年08月14日 住宅改修費の助成について 現在お住まいの住宅で、より安全に生活できるように、手"
"日進市","23230","55","200","信用保証料助成金制度","https://www.city.nisshin.lg.jp/department/sougou/jouhou/hozyo_ichiran/zyoseikin/14937.html","信用保証料助成金制度／日進市 本文へ 文字サイズ 背景色変更 携帯サイト Other Language 部や課で選ぶ ご意見・お問い合わせ ホーム くらしの情報 行事・イベント 市役所・公共施設 市の政策・計画 サイト内検索 くらしの情報 行事・イベント 市役所・公共施設 市の政策・計画 Other Language 部や課で選ぶ ご意見・お問い合わせ 現在の位置 ホーム 部や課で選ぶ 総合政策部 情報広報課 補助金一覧 助成金 信用保証料助成金制度 信用保証料助成金制度 ID番号 N14937 更新日：2026年04月01日 下記の対象融資等を受けた中小企業者に信用保証料を助成する制度です。"
"日進市","23230","55","200","新生児聴覚検査費用の助成","https://www.city.nisshin.lg.jp/department/sougou/jouhou/hozyo_ichiran/zyoseikin/14942.html","新生児聴覚検査費用の助成／日進市 本文へ 文字サイズ 背景色変更 携帯サイト Other Language 部や課で選ぶ ご意見・お問い合わせ ホーム くらしの情報 行事・イベント 市役所・公共施設 市の政策・計画 サイト内検索 くらしの情報 行事・イベント 市役所・公共施設 市の政策・計画 Other Language 部や課で選ぶ ご意見・お問い合わせ 現在の位置 ホーム 部や課で選ぶ 総合政策部 情報広報課 補助金一覧 助成金 新生児聴覚検査費用の助成 新生児聴覚検査費用の助成 ID番号 N14942 更新日：2024年04月01日 生まれてくる赤ちゃんの1,000人に1～2人は、生まれ"
"日進市","23230","55","200","日進市がん患者アピアランスケア用品購入費助成事業のご案内（医療用ウィッグまたは乳房補整具の購入費助成）","https://www.city.nisshin.lg.jp/department/sougou/jouhou/hozyo_ichiran/zyoseikin/14943.html","日進市がん患者アピアランスケア用品購入費助成事業のご案内（医療用ウィッグまたは乳房補整具の購入費助成）／日進市 本文へ 文字サイズ 背景色変更 携帯サイト Other Language 部や課で選ぶ ご意見・お問い合わせ ホーム くらしの情報 行事・イベント 市役所・公共施設 市の政策・計画 サイト内検索 くらしの情報 行事・イベント 市役所・公共施設 市の政策・計画 Other Language 部や課で選ぶ ご意見・お問い合わせ 現在の位置 ホーム 部や課で選ぶ 総合政策部 情報広報課 補助金一覧 助成金 日進市がん患者アピアランスケア用品購入費助成事業のご案内（医療用ウィッグまたは乳房補"
"日進市","23230","55","200","日進市高等学校等修学助成金制度","https://www.city.nisshin.lg.jp/department/sougou/jouhou/hozyo_ichiran/zyoseikin/14945.html","日進市高等学校等修学助成金制度／日進市 本文へ 文字サイズ 背景色変更 携帯サイト Other Language 部や課で選ぶ ご意見・お問い合わせ ホーム くらしの情報 行事・イベント 市役所・公共施設 市の政策・計画 サイト内検索 くらしの情報 行事・イベント 市役所・公共施設 市の政策・計画 Other Language 部や課で選ぶ ご意見・お問い合わせ 現在の位置 ホーム 部や課で選ぶ 総合政策部 情報広報課 補助金一覧 助成金 日進市高等学校等修学助成金制度 日進市高等学校等修学助成金制度 ID番号 N14945 更新日：2026年02月19日 日進市高等学校等修学助成金制度とは "
"日進市","23230","55","200","特別の理由による任意予防接種費用の助成について","https://www.city.nisshin.lg.jp/department/sougou/jouhou/hozyo_ichiran/zyoseikin/14946.html","特別の理由による任意予防接種費用の助成について／日進市 本文へ 文字サイズ 背景色変更 携帯サイト Other Language 部や課で選ぶ ご意見・お問い合わせ ホーム くらしの情報 行事・イベント 市役所・公共施設 市の政策・計画 サイト内検索 くらしの情報 行事・イベント 市役所・公共施設 市の政策・計画 Other Language 部や課で選ぶ ご意見・お問い合わせ 現在の位置 ホーム 部や課で選ぶ 総合政策部 情報広報課 補助金一覧 助成金 特別の理由による任意予防接種費用の助成について 特別の理由による任意予防接種費用の助成について ID番号 N14946 更新日：2025年0"
"日進市","23230","55","200","犬・ねこの避妊・去勢手術費助成制度","https://www.city.nisshin.lg.jp/department/sougou/jouhou/hozyo_ichiran/zyoseikin/14947.html","犬・ねこの避妊・去勢手術費助成制度／日進市 本文へ 文字サイズ 背景色変更 携帯サイト Other Language 部や課で選ぶ ご意見・お問い合わせ ホーム くらしの情報 行事・イベント 市役所・公共施設 市の政策・計画 サイト内検索 くらしの情報 行事・イベント 市役所・公共施設 市の政策・計画 Other Language 部や課で選ぶ ご意見・お問い合わせ 現在の位置 ホーム 部や課で選ぶ 総合政策部 情報広報課 補助金一覧 助成金 犬・ねこの避妊・去勢手術費助成制度 犬・ねこの避妊・去勢手術費助成制度 ID番号 N14947 更新日：2025年03月31日 望まない繁殖による不幸な"
"日進市","23230","55","200","産婦健康診査の2回目の助成を開始します","https://www.city.nisshin.lg.jp/department/sougou/jouhou/hozyo_ichiran/zyoseikin/14948.html","産婦健康診査の2回目の助成を開始します／日進市 本文へ 文字サイズ 背景色変更 携帯サイト Other Language 部や課で選ぶ ご意見・お問い合わせ ホーム くらしの情報 行事・イベント 市役所・公共施設 市の政策・計画 サイト内検索 くらしの情報 行事・イベント 市役所・公共施設 市の政策・計画 Other Language 部や課で選ぶ ご意見・お問い合わせ 現在の位置 ホーム 部や課で選ぶ 総合政策部 情報広報課 補助金一覧 助成金 産婦健康診査の2回目の助成を開始します 産婦健康診査の2回目の助成を開始します ID番号 N14948 更新日：2023年04月01日 産後はホルモ"
"日進市","23230","55","200","福祉用具の購入助成","https://www.city.nisshin.lg.jp/department/sougou/jouhou/hozyo_ichiran/zyoseikin/14949.html","福祉用具の購入助成／日進市 本文へ 文字サイズ 背景色変更 携帯サイト Other Language 部や課で選ぶ ご意見・お問い合わせ ホーム くらしの情報 行事・イベント 市役所・公共施設 市の政策・計画 サイト内検索 くらしの情報 行事・イベント 市役所・公共施設 市の政策・計画 Other Language 部や課で選ぶ ご意見・お問い合わせ 現在の位置 ホーム 部や課で選ぶ 総合政策部 情報広報課 補助金一覧 助成金 福祉用具の購入助成 福祉用具の購入助成 ID番号 N14949 更新日：2020年12月11日 助成を受けるためには 介護保険を使って福祉用具を購入するには、まず要介護"
"日進市","23230","55","200","移送サービス費助成","https://www.city.nisshin.lg.jp/department/sougou/jouhou/hozyo_ichiran/zyoseikin/14950.html","移送サービス費助成／日進市 本文へ 文字サイズ 背景色変更 携帯サイト Other Language 部や課で選ぶ ご意見・お問い合わせ ホーム くらしの情報 行事・イベント 市役所・公共施設 市の政策・計画 サイト内検索 くらしの情報 行事・イベント 市役所・公共施設 市の政策・計画 Other Language 部や課で選ぶ ご意見・お問い合わせ 現在の位置 ホーム 部や課で選ぶ 総合政策部 情報広報課 補助金一覧 助成金 移送サービス費助成 移送サービス費助成 ID番号 N14950 更新日：2026年06月22日 住民票上の自宅を拠点とした、医療機関への通院及び入退院や、福祉施設への通"
"日進市","23230","55","200","精神通院医療費の助成制度","https://www.city.nisshin.lg.jp/department/sougou/jouhou/hozyo_ichiran/zyoseikin/14951.html","精神通院医療費の助成制度／日進市 本文へ 文字サイズ 背景色変更 携帯サイト Other Language 部や課で選ぶ ご意見・お問い合わせ ホーム くらしの情報 行事・イベント 市役所・公共施設 市の政策・計画 サイト内検索 くらしの情報 行事・イベント 市役所・公共施設 市の政策・計画 Other Language 部や課で選ぶ ご意見・お問い合わせ 現在の位置 ホーム 部や課で選ぶ 総合政策部 情報広報課 補助金一覧 助成金 精神通院医療費の助成制度 精神通院医療費の助成制度 ID番号 N14951 更新日：2026年04月01日 対象者 障害者自立支援法第54条第3項の自立支援医療受"
"日進市","23230","55","200","精神障害者の医療費助成制度","https://www.city.nisshin.lg.jp/department/sougou/jouhou/hozyo_ichiran/zyoseikin/14952.html","精神障害者の医療費助成制度／日進市 本文へ 文字サイズ 背景色変更 携帯サイト Other Language 部や課で選ぶ ご意見・お問い合わせ ホーム くらしの情報 行事・イベント 市役所・公共施設 市の政策・計画 サイト内検索 くらしの情報 行事・イベント 市役所・公共施設 市の政策・計画 Other Language 部や課で選ぶ ご意見・お問い合わせ 現在の位置 ホーム 部や課で選ぶ 総合政策部 情報広報課 補助金一覧 助成金 精神障害者の医療費助成制度 精神障害者の医療費助成制度 ID番号 N14952 更新日：2026年04月02日 対象者 精神障害者保健福祉手帳1級または2級の交"
"日進市","23230","55","200","紙おむつ購入助成券支給サービス","https://www.city.nisshin.lg.jp/department/sougou/jouhou/hozyo_ichiran/zyoseikin/14954.html","紙おむつ購入助成券支給サービス／日進市 本文へ 文字サイズ 背景色変更 携帯サイト Other Language 部や課で選ぶ ご意見・お問い合わせ ホーム くらしの情報 行事・イベント 市役所・公共施設 市の政策・計画 サイト内検索 くらしの情報 行事・イベント 市役所・公共施設 市の政策・計画 Other Language 部や課で選ぶ ご意見・お問い合わせ 現在の位置 ホーム 部や課で選ぶ 総合政策部 情報広報課 補助金一覧 助成金 紙おむつ購入助成券支給サービス 紙おむつ購入助成券支給サービス ID番号 N14954 更新日：2025年03月01日 介護保険の認定を受けた被保険者のうち"
"日進市","23230","55","200","身体障害者自動車改造費の助成","https://www.city.nisshin.lg.jp/department/sougou/jouhou/hozyo_ichiran/zyoseikin/14956.html","身体障害者自動車改造費の助成／日進市 本文へ 文字サイズ 背景色変更 携帯サイト Other Language 部や課で選ぶ ご意見・お問い合わせ ホーム くらしの情報 行事・イベント 市役所・公共施設 市の政策・計画 サイト内検索 くらしの情報 行事・イベント 市役所・公共施設 市の政策・計画 Other Language 部や課で選ぶ ご意見・お問い合わせ 現在の位置 ホーム 部や課で選ぶ 総合政策部 情報広報課 補助金一覧 助成金 身体障害者自動車改造費の助成 身体障害者自動車改造費の助成 ID番号 N14956 更新日：2026年06月19日 身体に障害のある方が自動車に乗る際、運転し"
"日進市","23230","55","200","身体障害者自動車運転免許取得費の助成","https://www.city.nisshin.lg.jp/department/sougou/jouhou/hozyo_ichiran/zyoseikin/14957.html","身体障害者自動車運転免許取得費の助成／日進市 本文へ 文字サイズ 背景色変更 携帯サイト Other Language 部や課で選ぶ ご意見・お問い合わせ ホーム くらしの情報 行事・イベント 市役所・公共施設 市の政策・計画 サイト内検索 くらしの情報 行事・イベント 市役所・公共施設 市の政策・計画 Other Language 部や課で選ぶ ご意見・お問い合わせ 現在の位置 ホーム 部や課で選ぶ 総合政策部 情報広報課 補助金一覧 助成金 身体障害者自動車運転免許取得費の助成 身体障害者自動車運転免許取得費の助成 ID番号 N14957 更新日：2026年06月19日 障害のある方が運転"
"日進市","23230","55","200","軽度・中等度難聴児補聴器購入費等助成事業","https://www.city.nisshin.lg.jp/department/sougou/jouhou/hozyo_ichiran/zyoseikin/14958.html","軽度・中等度難聴児補聴器購入費等助成事業／日進市 本文へ 文字サイズ 背景色変更 携帯サイト Other Language 部や課で選ぶ ご意見・お問い合わせ ホーム くらしの情報 行事・イベント 市役所・公共施設 市の政策・計画 サイト内検索 くらしの情報 行事・イベント 市役所・公共施設 市の政策・計画 Other Language 部や課で選ぶ ご意見・お問い合わせ 現在の位置 ホーム 部や課で選ぶ 総合政策部 情報広報課 補助金一覧 助成金 軽度・中等度難聴児補聴器購入費等助成事業 軽度・中等度難聴児補聴器購入費等助成事業 ID番号 N14958 更新日：2021年05月06日 身体障"
"日進市","23230","55","200","障害者紙おむつ購入助成券支給サービス","https://www.city.nisshin.lg.jp/department/sougou/jouhou/hozyo_ichiran/zyoseikin/14959.html","障害者紙おむつ購入助成券支給サービス／日進市 本文へ 文字サイズ 背景色変更 携帯サイト Other Language 部や課で選ぶ ご意見・お問い合わせ ホーム くらしの情報 行事・イベント 市役所・公共施設 市の政策・計画 サイト内検索 くらしの情報 行事・イベント 市役所・公共施設 市の政策・計画 Other Language 部や課で選ぶ ご意見・お問い合わせ 現在の位置 ホーム 部や課で選ぶ 総合政策部 情報広報課 補助金一覧 助成金 障害者紙おむつ購入助成券支給サービス 障害者紙おむつ購入助成券支給サービス ID番号 N14959 更新日：2025年03月01日 対象 次の1から3"
"日進市","23230","55","200","風しん予防接種の助成について","https://www.city.nisshin.lg.jp/department/sougou/jouhou/hozyo_ichiran/zyoseikin/14960.html","風しん予防接種の助成について／日進市 本文へ 文字サイズ 背景色変更 携帯サイト Other Language 部や課で選ぶ ご意見・お問い合わせ ホーム くらしの情報 行事・イベント 市役所・公共施設 市の政策・計画 サイト内検索 くらしの情報 行事・イベント 市役所・公共施設 市の政策・計画 Other Language 部や課で選ぶ ご意見・お問い合わせ 現在の位置 ホーム 部や課で選ぶ 総合政策部 情報広報課 補助金一覧 助成金 風しん予防接種の助成について 風しん予防接種の助成について ID番号 N14960 更新日：2026年04月01日 先天性風しん症候群の発生を防ぐために、妊娠"
"日進市","23230","55","200","飼い猫化促進活動助成制度","https://www.city.nisshin.lg.jp/department/sougou/jouhou/hozyo_ichiran/zyoseikin/14961.html","飼い猫化促進活動助成制度／日進市 本文へ 文字サイズ 背景色変更 携帯サイト Other Language 部や課で選ぶ ご意見・お問い合わせ ホーム くらしの情報 行事・イベント 市役所・公共施設 市の政策・計画 サイト内検索 くらしの情報 行事・イベント 市役所・公共施設 市の政策・計画 Other Language 部や課で選ぶ ご意見・お問い合わせ 現在の位置 ホーム 部や課で選ぶ 総合政策部 情報広報課 補助金一覧 助成金 飼い猫化促進活動助成制度 飼い猫化促進活動助成制度 ID番号 N14961 更新日：2024年04月05日 市民の良好な生活環境を確保し、望まない繁殖による不幸な"
"日進市","23230","55","200","高齢者用肺炎球菌予防接種(任意接種)費用の補助について","https://www.city.nisshin.lg.jp/department/sougou/jouhou/hozyo_ichiran/zyoseikin/14962.html","高齢者用肺炎球菌予防接種(任意接種)費用の補助について／日進市 本文へ 文字サイズ 背景色変更 携帯サイト Other Language 部や課で選ぶ ご意見・お問い合わせ ホーム くらしの情報 行事・イベント 市役所・公共施設 市の政策・計画 サイト内検索 くらしの情報 行事・イベント 市役所・公共施設 市の政策・計画 Other Language 部や課で選ぶ ご意見・お問い合わせ 現在の位置 ホーム 部や課で選ぶ 総合政策部 情報広報課 補助金一覧 助成金 高齢者用肺炎球菌予防接種(任意接種)費用の補助について 高齢者用肺炎球菌予防接種(任意接種)費用の補助について ID番号 N1496"
"日進市","23230","55","200","ハチ類に注意しましょう（助成金案内）","https://www.city.nisshin.lg.jp/department/sougou/jouhou/hozyo_ichiran/zyoseikin/15071.html","ハチ類に注意しましょう（助成金案内）／日進市 本文へ 文字サイズ 背景色変更 携帯サイト Other Language 部や課で選ぶ ご意見・お問い合わせ ホーム くらしの情報 行事・イベント 市役所・公共施設 市の政策・計画 サイト内検索 くらしの情報 行事・イベント 市役所・公共施設 市の政策・計画 Other Language 部や課で選ぶ ご意見・お問い合わせ 現在の位置 ホーム 部や課で選ぶ 総合政策部 情報広報課 補助金一覧 助成金 ハチ類に注意しましょう（助成金案内） ハチ類に注意しましょう（助成金案内） ID番号 N15071 更新日：2025年03月31日 春を迎え、暖かくな"
"日進市","23230","55","200","高齢者用肺炎球菌予防接種(定期接種)について","https://www.city.nisshin.lg.jp/department/sougou/jouhou/hozyo_ichiran/zyoseikin/15098.html","高齢者用肺炎球菌予防接種(定期接種)について／日進市 本文へ 文字サイズ 背景色変更 携帯サイト Other Language 部や課で選ぶ ご意見・お問い合わせ ホーム くらしの情報 行事・イベント 市役所・公共施設 市の政策・計画 サイト内検索 くらしの情報 行事・イベント 市役所・公共施設 市の政策・計画 Other Language 部や課で選ぶ ご意見・お問い合わせ 現在の位置 ホーム 部や課で選ぶ 総合政策部 情報広報課 補助金一覧 助成金 高齢者用肺炎球菌予防接種(定期接種)について 高齢者用肺炎球菌予防接種(定期接種)について ID番号 N15098 更新日：2026年04月0"
"日進市","23230","55","200","くるりんタクシー（高齢者少量輸送）","https://www.city.nisshin.lg.jp/department/toshisangyo/ido/2/index.html","くるりんタクシー（高齢者少量輸送）／日進市 本文へ 文字サイズ 背景色変更 携帯サイト Other Language 部や課で選ぶ ご意見・お問い合わせ ホーム くらしの情報 行事・イベント 市役所・公共施設 市の政策・計画 サイト内検索 くらしの情報 行事・イベント 市役所・公共施設 市の政策・計画 Other Language 部や課で選ぶ ご意見・お問い合わせ 現在の位置 ホーム 部や課で選ぶ 都市産業部 移動政策室 くるりんタクシー（高齢者少量輸送） くるりんタクシー（高齢者少量輸送） ID番号 N15120 更新日：2024年11月05日 令和8年度くるりんタクシー事業の実施について"
"日進市","23230","55","200","介護保険に関すること","https://www.city.nisshin.lg.jp/download/7559.html","介護保険に関すること／日進市 本文へ 文字サイズ 背景色変更 携帯サイト Other Language 部や課で選ぶ ご意見・お問い合わせ ホーム くらしの情報 行事・イベント 市役所・公共施設 市の政策・計画 サイト内検索 くらしの情報 行事・イベント 市役所・公共施設 市の政策・計画 Other Language 部や課で選ぶ ご意見・お問い合わせ 現在の位置 ホーム 申請書ダウンロード 介護保険に関すること 介護保険に関すること ID番号 N7559 更新日：2025年08月01日 介護保険各種申請等様式 介護保険要介護・要支援認定資料外部提供申請書 (PDFファイル: 125.2KB)"
"日進市","23230","55","200","障害者支援","https://www.city.nisshin.lg.jp/kurashi/fukushi/10/index.html","障害者支援／日進市 本文へ 文字サイズ 背景色変更 携帯サイト Other Language 部や課で選ぶ ご意見・お問い合わせ ホーム くらしの情報 行事・イベント 市役所・公共施設 市の政策・計画 サイト内検索 くらしの情報 行事・イベント 市役所・公共施設 市の政策・計画 Other Language 部や課で選ぶ ご意見・お問い合わせ 現在の位置 ホーム 暮らしの情報 福祉・健康・医療 障害者支援 障害者支援 ID番号 N5520 更新日：2019年03月01日 手帳について 身体障害者手帳の交付 療育手帳(知的障害)の交付 精神障害者保健福祉手帳の交付 手帳に関する届け出 障害者の支"
"日進市","23230","55","200","高齢者インフルエンザ予防接種・新型コロナウイルス予防接種（定期接種）について","https://www.city.nisshin.lg.jp/kurashi/seane/kourei/iryo/17593.html","高齢者インフルエンザ予防接種・新型コロナウイルス予防接種（定期接種）について／日進市 本文へ 文字サイズ 背景色変更 携帯サイト Other Language 部や課で選ぶ ご意見・お問い合わせ ホーム くらしの情報 行事・イベント 市役所・公共施設 市の政策・計画 サイト内検索 くらしの情報 行事・イベント 市役所・公共施設 市の政策・計画 Other Language 部や課で選ぶ ご意見・お問い合わせ 現在の位置 ホーム 暮らしの情報 暮らしのシーンから探す 高齢者 医療 高齢者インフルエンザ予防接種・新型コロナウイルス予防接種（定期接種）について 高齢者インフルエンザ予防接種・新型コロ"
"日進市","23230","55","200","帯状疱疹ワクチン予防接種(任意接種)費用の補助について","https://www.city.nisshin.lg.jp/kurashi/seane/kourei/iryo/17595.html","帯状疱疹ワクチン予防接種(任意接種)費用の補助について／日進市 本文へ 文字サイズ 背景色変更 携帯サイト Other Language 部や課で選ぶ ご意見・お問い合わせ ホーム くらしの情報 行事・イベント 市役所・公共施設 市の政策・計画 サイト内検索 くらしの情報 行事・イベント 市役所・公共施設 市の政策・計画 Other Language 部や課で選ぶ ご意見・お問い合わせ 現在の位置 ホーム 暮らしの情報 暮らしのシーンから探す 高齢者 医療 帯状疱疹ワクチン予防接種(任意接種)費用の補助について 帯状疱疹ワクチン予防接種(任意接種)費用の補助について ID番号 N17595 更"
"日進市","23230","55","200","高齢者用肺炎球菌予防接種(任意接種)費用の補助について","https://www.city.nisshin.lg.jp/kurashi/seane/kourei/iryo/6952.html","高齢者用肺炎球菌予防接種(任意接種)費用の補助について／日進市 本文へ 文字サイズ 背景色変更 携帯サイト Other Language 部や課で選ぶ ご意見・お問い合わせ ホーム くらしの情報 行事・イベント 市役所・公共施設 市の政策・計画 サイト内検索 くらしの情報 行事・イベント 市役所・公共施設 市の政策・計画 Other Language 部や課で選ぶ ご意見・お問い合わせ 現在の位置 ホーム 暮らしの情報 暮らしのシーンから探す 高齢者 医療 高齢者用肺炎球菌予防接種(任意接種)費用の補助について 高齢者用肺炎球菌予防接種(任意接種)費用の補助について ID番号 N6952 更新"
"日進市","23230","55","200","高齢者移動支援事業","https://www.city.nisshin.lg.jp/kurashi/seane/kourei/jutakushien/15241.html","高齢者移動支援事業／日進市 本文へ 文字サイズ 背景色変更 携帯サイト Other Language 部や課で選ぶ ご意見・お問い合わせ ホーム くらしの情報 行事・イベント 市役所・公共施設 市の政策・計画 サイト内検索 くらしの情報 行事・イベント 市役所・公共施設 市の政策・計画 Other Language 部や課で選ぶ ご意見・お問い合わせ 現在の位置 ホーム 暮らしの情報 暮らしのシーンから探す 高齢者 在宅支援のサービス 高齢者移動支援事業 高齢者移動支援事業 ID番号 N15241 更新日：2025年12月15日 住民が主体 地域での支え合い・助け合いの取組が進められています "
"日進市","23230","55","200","紙おむつ購入助成券支給サービス","https://www.city.nisshin.lg.jp/kurashi/seane/kourei/kaigo/12947.html","紙おむつ購入助成券支給サービス／日進市 本文へ 文字サイズ 背景色変更 携帯サイト Other Language 部や課で選ぶ ご意見・お問い合わせ ホーム くらしの情報 行事・イベント 市役所・公共施設 市の政策・計画 サイト内検索 くらしの情報 行事・イベント 市役所・公共施設 市の政策・計画 Other Language 部や課で選ぶ ご意見・お問い合わせ 現在の位置 ホーム 暮らしの情報 暮らしのシーンから探す 高齢者 介護保険のサービス 紙おむつ購入助成券支給サービス 紙おむつ購入助成券支給サービス ID番号 N12947 更新日：2025年03月01日 介護保険の認定を受けた被保険"
"日進市","23230","55","200","福祉用具の購入助成","https://www.city.nisshin.lg.jp/kurashi/seane/kourei/kaigo/6931.html","福祉用具の購入助成／日進市 本文へ 文字サイズ 背景色変更 携帯サイト Other Language 部や課で選ぶ ご意見・お問い合わせ ホーム くらしの情報 行事・イベント 市役所・公共施設 市の政策・計画 サイト内検索 くらしの情報 行事・イベント 市役所・公共施設 市の政策・計画 Other Language 部や課で選ぶ ご意見・お問い合わせ 現在の位置 ホーム 暮らしの情報 暮らしのシーンから探す 高齢者 介護保険のサービス 福祉用具の購入助成 福祉用具の購入助成 ID番号 N6931 更新日：2020年12月11日 助成を受けるためには 介護保険を使って福祉用具を購入するには、まず"
"日進市","23230","55","200","住宅改修費の助成","https://www.city.nisshin.lg.jp/kurashi/seane/kourei/kaigo/6932.html","住宅改修費の助成／日進市 本文へ 文字サイズ 背景色変更 携帯サイト Other Language 部や課で選ぶ ご意見・お問い合わせ ホーム くらしの情報 行事・イベント 市役所・公共施設 市の政策・計画 サイト内検索 くらしの情報 行事・イベント 市役所・公共施設 市の政策・計画 Other Language 部や課で選ぶ ご意見・お問い合わせ 現在の位置 ホーム 暮らしの情報 暮らしのシーンから探す 高齢者 介護保険のサービス 住宅改修費の助成 住宅改修費の助成 ID番号 N6932 更新日：2024年08月14日 住宅改修費の助成について 現在お住まいの住宅で、より安全に生活できるよう"
"日進市","23230","55","200","移送サービス費助成","https://www.city.nisshin.lg.jp/kurashi/seane/kourei/kaigo/6934.html","移送サービス費助成／日進市 本文へ 文字サイズ 背景色変更 携帯サイト Other Language 部や課で選ぶ ご意見・お問い合わせ ホーム くらしの情報 行事・イベント 市役所・公共施設 市の政策・計画 サイト内検索 くらしの情報 行事・イベント 市役所・公共施設 市の政策・計画 Other Language 部や課で選ぶ ご意見・お問い合わせ 現在の位置 ホーム 暮らしの情報 暮らしのシーンから探す 高齢者 介護保険のサービス 移送サービス費助成 移送サービス費助成 ID番号 N6934 更新日：2026年06月22日 住民票上の自宅を拠点とした、医療機関への通院及び入退院や、福祉施設"
"日進市","23230","55","200","特別な支援が必要な子どもの就学について","https://www.city.nisshin.lg.jp/kurashi/seane/shougai/hukushi/18565.html","特別な支援が必要な子どもの就学について／日進市 本文へ 文字サイズ 背景色変更 携帯サイト Other Language 部や課で選ぶ ご意見・お問い合わせ ホーム くらしの情報 行事・イベント 市役所・公共施設 市の政策・計画 サイト内検索 くらしの情報 行事・イベント 市役所・公共施設 市の政策・計画 Other Language 部や課で選ぶ ご意見・お問い合わせ 現在の位置 ホーム 暮らしの情報 暮らしのシーンから探す 障害者 障害福祉サービス 特別な支援が必要な子どもの就学について 特別な支援が必要な子どもの就学について ID番号 N18565 更新日：2026年04月10日 特別な"
"日進市","23230","55","200","日進市高齢者等地域見守り推進事業協力に関する協定","https://www.city.nisshin.lg.jp/kurashi/seane/shougai/kanren/10703.html","日進市高齢者等地域見守り推進事業協力に関する協定／日進市 本文へ 文字サイズ 背景色変更 携帯サイト Other Language 部や課で選ぶ ご意見・お問い合わせ ホーム くらしの情報 行事・イベント 市役所・公共施設 市の政策・計画 サイト内検索 くらしの情報 行事・イベント 市役所・公共施設 市の政策・計画 Other Language 部や課で選ぶ ご意見・お問い合わせ 現在の位置 ホーム 暮らしの情報 暮らしのシーンから探す 障害者 関連情報 日進市高齢者等地域見守り推進事業協力に関する協定 日進市高齢者等地域見守り推進事業協力に関する協定 ID番号 N10703 更新日：2022"
"日進市","23230","55","200","特別な支援が必要な子どもの就学について","https://www.city.nisshin.lg.jp/kurashi/seane/shougai/soudan/18566.html","特別な支援が必要な子どもの就学について／日進市 本文へ 文字サイズ 背景色変更 携帯サイト Other Language 部や課で選ぶ ご意見・お問い合わせ ホーム くらしの情報 行事・イベント 市役所・公共施設 市の政策・計画 サイト内検索 くらしの情報 行事・イベント 市役所・公共施設 市の政策・計画 Other Language 部や課で選ぶ ご意見・お問い合わせ 現在の位置 ホーム 暮らしの情報 暮らしのシーンから探す 障害者 相談 特別な支援が必要な子どもの就学について 特別な支援が必要な子どもの就学について ID番号 N18566 更新日：2026年04月10日 特別な支援が必要な"
"日進市","23230","55","200","身体障害者手帳の交付","https://www.city.nisshin.lg.jp/kurashi/seane/shougai/techou/6964.html","身体障害者手帳の交付／日進市 本文へ 文字サイズ 背景色変更 携帯サイト Other Language 部や課で選ぶ ご意見・お問い合わせ ホーム くらしの情報 行事・イベント 市役所・公共施設 市の政策・計画 サイト内検索 くらしの情報 行事・イベント 市役所・公共施設 市の政策・計画 Other Language 部や課で選ぶ ご意見・お問い合わせ 現在の位置 ホーム 暮らしの情報 暮らしのシーンから探す 障害者 障害者手帳 身体障害者手帳の交付 身体障害者手帳の交付 ID番号 N6964 更新日：2021年01月29日 身体に障害のある方に、障害の程度に応じて手帳(1から6級)を交付しま"
"日進市","23230","55","200","療育手帳(知的障害)の交付","https://www.city.nisshin.lg.jp/kurashi/seane/shougai/techou/6965.html","療育手帳(知的障害)の交付／日進市 本文へ 文字サイズ 背景色変更 携帯サイト Other Language 部や課で選ぶ ご意見・お問い合わせ ホーム くらしの情報 行事・イベント 市役所・公共施設 市の政策・計画 サイト内検索 くらしの情報 行事・イベント 市役所・公共施設 市の政策・計画 Other Language 部や課で選ぶ ご意見・お問い合わせ 現在の位置 ホーム 暮らしの情報 暮らしのシーンから探す 障害者 障害者手帳 療育手帳(知的障害)の交付 療育手帳(知的障害)の交付 ID番号 N6965 更新日：2021年01月29日 愛知県(名古屋市以外)では、知的障害の方に交付する"
"日進市","23230","55","200","精神障害者保健福祉手帳の交付","https://www.city.nisshin.lg.jp/kurashi/seane/shougai/techou/6966.html","精神障害者保健福祉手帳の交付／日進市 本文へ 文字サイズ 背景色変更 携帯サイト Other Language 部や課で選ぶ ご意見・お問い合わせ ホーム くらしの情報 行事・イベント 市役所・公共施設 市の政策・計画 サイト内検索 くらしの情報 行事・イベント 市役所・公共施設 市の政策・計画 Other Language 部や課で選ぶ ご意見・お問い合わせ 現在の位置 ホーム 暮らしの情報 暮らしのシーンから探す 障害者 障害者手帳 精神障害者保健福祉手帳の交付 精神障害者保健福祉手帳の交付 ID番号 N6966 更新日：2022年03月24日 正式名称は「精神障害者保健福祉手帳」ですが、"
"日進市","23230","55","200","定額減税しきれないと見込まれる人への給付について (注)10月31日をもって終了しました。","https://www.city.nisshin.lg.jp/kurashi/seane/zeikin/shiminzei/16042.html","定額減税しきれないと見込まれる人への給付について (注)10月31日をもって終了しました。／日進市 本文へ 文字サイズ 背景色変更 携帯サイト Other Language 部や課で選ぶ ご意見・お問い合わせ ホーム くらしの情報 行事・イベント 市役所・公共施設 市の政策・計画 サイト内検索 くらしの情報 行事・イベント 市役所・公共施設 市の政策・計画 Other Language 部や課で選ぶ ご意見・お問い合わせ 現在の位置 ホーム 暮らしの情報 暮らしのシーンから探す 税金 市民税 定額減税しきれないと見込まれる人への給付について (注)10月31日をもって終了しました。 定額減税し"
"日進市","23230","55","200","定額減税しきれないと見込まれる人への給付（不足額給付）（注）令和7年10月31日をもちまして終了しました","https://www.city.nisshin.lg.jp/kurashi/seane/zeikin/shiminzei/16627.html","定額減税しきれないと見込まれる人への給付（不足額給付）（注）令和7年10月31日をもちまして終了しました／日進市 本文へ 文字サイズ 背景色変更 携帯サイト Other Language 部や課で選ぶ ご意見・お問い合わせ ホーム くらしの情報 行事・イベント 市役所・公共施設 市の政策・計画 サイト内検索 くらしの情報 行事・イベント 市役所・公共施設 市の政策・計画 Other Language 部や課で選ぶ ご意見・お問い合わせ 現在の位置 ホーム 暮らしの情報 暮らしのシーンから探す 税金 市民税 定額減税しきれないと見込まれる人への給付（不足額給付）（注）令和7年10月31日をもちま"
"日進市","23230","55","200","市民自治活動推進補助金事業について","https://www.city.nisshin.lg.jp/seisaku/shimin_kyodo/7252.html","市民自治活動推進補助金事業について／日進市 本文へ 文字サイズ 背景色変更 携帯サイト Other Language 部や課で選ぶ ご意見・お問い合わせ ホーム くらしの情報 行事・イベント 市役所・公共施設 市の政策・計画 サイト内検索 くらしの情報 行事・イベント 市役所・公共施設 市の政策・計画 Other Language 部や課で選ぶ ご意見・お問い合わせ 現在の位置 ホーム 市の政策・計画 市民との協働 市民自治活動推進補助金事業について 市民自治活動推進補助金事業について ID番号 N7252 更新日：2026年01月13日 市民自治活動推進補助金事業とは 市民主体の自治の実現を"
"尾張旭市","23226","54","200","不妊症・不育症について悩んでいる方へ","https://www.city.owariasahi.lg.jp/site/kosodate-sukusuku/1811.html","不妊症・不育症について悩んでいる方へ - 子育てすくすくのびのび尾張旭市 - 尾張旭市公式ホームページ（こども家庭課） ページの先頭です。 メニューを飛ばして本文へ 検索 操作補助 JavaScriptが無効のため、文字の大きさ・背景色を変更する機能を使用できません。 本文へ ご利用ガイド サイトマップ language 文字サイズ 標準 拡大 背景色 白 黒 青 キーワード検索 Googleカスタム検索 検索対象 すべて ページ PDF ページID検索 現在地 トップページ > 分類でさがす > 健康・福祉・医療 > 健康・医療 > 妊娠・出産 > 子育てすくすくのびのび尾張旭市 > 目的か"
"日進市","23230","52","200","認知症高齢者等位置情報提供サービス費助成","https://www.city.nisshin.lg.jp/department/sougou/jouhou/hozyo_ichiran/zyoseikin/14955.html","認知症高齢者等位置情報提供サービス費助成／日進市 本文へ 文字サイズ 背景色変更 携帯サイト Other Language 部や課で選ぶ ご意見・お問い合わせ ホーム くらしの情報 行事・イベント 市役所・公共施設 市の政策・計画 サイト内検索 くらしの情報 行事・イベント 市役所・公共施設 市の政策・計画 Other Language 部や課で選ぶ ご意見・お問い合わせ 現在の位置 ホーム 部や課で選ぶ 総合政策部 情報広報課 補助金一覧 助成金 認知症高齢者等位置情報提供サービス費助成 認知症高齢者等位置情報提供サービス費助成 ID番号 N14955 更新日：2025年04月01日 認知症"
"日進市","23230","52","200","日常生活用具の給付","https://www.city.nisshin.lg.jp/kurashi/seane/kourei/jutakushien/6942.html","日常生活用具の給付／日進市 本文へ 文字サイズ 背景色変更 携帯サイト Other Language 部や課で選ぶ ご意見・お問い合わせ ホーム くらしの情報 行事・イベント 市役所・公共施設 市の政策・計画 サイト内検索 くらしの情報 行事・イベント 市役所・公共施設 市の政策・計画 Other Language 部や課で選ぶ ご意見・お問い合わせ 現在の位置 ホーム 暮らしの情報 暮らしのシーンから探す 高齢者 在宅支援のサービス 日常生活用具の給付 日常生活用具の給付 ID番号 N6942 更新日：2019年03月01日 ちょっとしたことから火の始末を忘れても、安心した生活が維持できるよ"
"日進市","23230","52","200","認知症高齢者等位置情報提供サービス費助成","https://www.city.nisshin.lg.jp/kurashi/seane/kourei/nintisyousien/11053.html","認知症高齢者等位置情報提供サービス費助成／日進市 本文へ 文字サイズ 背景色変更 携帯サイト Other Language 部や課で選ぶ ご意見・お問い合わせ ホーム くらしの情報 行事・イベント 市役所・公共施設 市の政策・計画 サイト内検索 くらしの情報 行事・イベント 市役所・公共施設 市の政策・計画 Other Language 部や課で選ぶ ご意見・お問い合わせ 現在の位置 ホーム 暮らしの情報 暮らしのシーンから探す 高齢者 認知症支援 認知症高齢者等位置情報提供サービス費助成 認知症高齢者等位置情報提供サービス費助成 ID番号 N11053 更新日：2025年04月01日 認知症"
"日進市","23230","52","200","児童手当","https://www.city.nisshin.lg.jp/kurashi/seane/nyuen/kanren/6797.html","児童手当／日進市 本文へ 文字サイズ 背景色変更 携帯サイト Other Language 部や課で選ぶ ご意見・お問い合わせ ホーム くらしの情報 行事・イベント 市役所・公共施設 市の政策・計画 サイト内検索 くらしの情報 行事・イベント 市役所・公共施設 市の政策・計画 Other Language 部や課で選ぶ ご意見・お問い合わせ 現在の位置 ホーム 暮らしの情報 暮らしのシーンから探す 入園・入学 関連情報 児童手当 児童手当 ID番号 N6797 更新日：2025年04月01日 児童手当について 令和6年10月（令和6年12月支給分）から、児童手当制度が一部変更されました。 1．"
"日進市","23230","52","200","子ども医療費制度について","https://www.city.nisshin.lg.jp/kurashi/seane/nyuen/kanren/6798.html","子ども医療費制度について／日進市 本文へ 文字サイズ 背景色変更 携帯サイト Other Language 部や課で選ぶ ご意見・お問い合わせ ホーム くらしの情報 行事・イベント 市役所・公共施設 市の政策・計画 サイト内検索 くらしの情報 行事・イベント 市役所・公共施設 市の政策・計画 Other Language 部や課で選ぶ ご意見・お問い合わせ 現在の位置 ホーム 暮らしの情報 暮らしのシーンから探す 入園・入学 関連情報 子ども医療費制度について 子ども医療費制度について ID番号 N6798 更新日：2026年04月02日 対象となる方 市内に住所を有し、健康保険に加入している"
"日進市","23230","52","200","子ども会","https://www.city.nisshin.lg.jp/kurashi/seane/nyuen/kanren/6802.html","子ども会／日進市 本文へ 文字サイズ 背景色変更 携帯サイト Other Language 部や課で選ぶ ご意見・お問い合わせ ホーム くらしの情報 行事・イベント 市役所・公共施設 市の政策・計画 サイト内検索 くらしの情報 行事・イベント 市役所・公共施設 市の政策・計画 Other Language 部や課で選ぶ ご意見・お問い合わせ 現在の位置 ホーム 暮らしの情報 暮らしのシーンから探す 入園・入学 関連情報 子ども会 子ども会 ID番号 N6802 更新日：2023年04月01日 児童の交流促進や健全育成を目的とし、歓送迎会や社会見学等の事業や地域の行事や高齢者との異世代交流等に参"
"日進市","23230","52","200","家庭児童相談窓口","https://www.city.nisshin.lg.jp/kurashi/seane/nyuen/kanren/6803.html","家庭児童相談窓口／日進市 本文へ 文字サイズ 背景色変更 携帯サイト Other Language 部や課で選ぶ ご意見・お問い合わせ ホーム くらしの情報 行事・イベント 市役所・公共施設 市の政策・計画 サイト内検索 くらしの情報 行事・イベント 市役所・公共施設 市の政策・計画 Other Language 部や課で選ぶ ご意見・お問い合わせ 現在の位置 ホーム 暮らしの情報 暮らしのシーンから探す 入園・入学 関連情報 家庭児童相談窓口 家庭児童相談窓口 ID番号 N6803 更新日：2025年07月08日 相談内容の秘密は固く守ります。 家庭相談員が無料で相談に応じます。 18歳未満"
"日進市","23230","52","200","要保護及び準要保護児童生徒就学援助制度","https://www.city.nisshin.lg.jp/kurashi/seane/nyuen/shouchugakkou/6791.html","要保護及び準要保護児童生徒就学援助制度／日進市 本文へ 文字サイズ 背景色変更 携帯サイト Other Language 部や課で選ぶ ご意見・お問い合わせ ホーム くらしの情報 行事・イベント 市役所・公共施設 市の政策・計画 サイト内検索 くらしの情報 行事・イベント 市役所・公共施設 市の政策・計画 Other Language 部や課で選ぶ ご意見・お問い合わせ 現在の位置 ホーム 暮らしの情報 暮らしのシーンから探す 入園・入学 小中学校 要保護及び準要保護児童生徒就学援助制度 要保護及び準要保護児童生徒就学援助制度 ID番号 N6791 更新日：2026年04月01日 日進市では、"
"日進市","23230","52","200","手話言語の普及及び障害の特性に応じたコミュニケーション手段の利用の促進について","https://www.city.nisshin.lg.jp/kurashi/seane/shougai/kanren/16979.html","手話言語の普及及び障害の特性に応じたコミュニケーション手段の利用の促進について／日進市 本文へ 文字サイズ 背景色変更 携帯サイト Other Language 部や課で選ぶ ご意見・お問い合わせ ホーム くらしの情報 行事・イベント 市役所・公共施設 市の政策・計画 サイト内検索 くらしの情報 行事・イベント 市役所・公共施設 市の政策・計画 Other Language 部や課で選ぶ ご意見・お問い合わせ 現在の位置 ホーム 暮らしの情報 暮らしのシーンから探す 障害者 関連情報 手話言語の普及及び障害の特性に応じたコミュニケーション手段の利用の促進について 手話言語の普及及び障害の特性に"
"日進市","23230","52","200","民生児童委員の役割","https://www.city.nisshin.lg.jp/kurashi/seane/shougai/kanren/6999.html","民生児童委員の役割／日進市 本文へ 文字サイズ 背景色変更 携帯サイト Other Language 部や課で選ぶ ご意見・お問い合わせ ホーム くらしの情報 行事・イベント 市役所・公共施設 市の政策・計画 サイト内検索 くらしの情報 行事・イベント 市役所・公共施設 市の政策・計画 Other Language 部や課で選ぶ ご意見・お問い合わせ 現在の位置 ホーム 暮らしの情報 暮らしのシーンから探す 障害者 関連情報 民生児童委員の役割 民生児童委員の役割 ID番号 N6999 更新日：2019年03月01日 地域福祉のキーパーソン 1.民生児童委員の役割について （1）民生委員として"
"日進市","23230","52","200","こころや障害に関する相談","https://www.city.nisshin.lg.jp/kurashi/seane/shougai/soudan/6994.html","こころや障害に関する相談／日進市 本文へ 文字サイズ 背景色変更 携帯サイト Other Language 部や課で選ぶ ご意見・お問い合わせ ホーム くらしの情報 行事・イベント 市役所・公共施設 市の政策・計画 サイト内検索 くらしの情報 行事・イベント 市役所・公共施設 市の政策・計画 Other Language 部や課で選ぶ ご意見・お問い合わせ 現在の位置 ホーム 暮らしの情報 暮らしのシーンから探す 障害者 相談 こころや障害に関する相談 こころや障害に関する相談 ID番号 N6994 更新日：2025年04月01日 相談支援事業所 下記の相談支援事業所では、障害のある方が必要と"
"日進市","23230","52","200","手当に関する届け出","https://www.city.nisshin.lg.jp/kurashi/seane/shougai/teate/6979.html","手当に関する届け出／日進市 本文へ 文字サイズ 背景色変更 携帯サイト Other Language 部や課で選ぶ ご意見・お問い合わせ ホーム くらしの情報 行事・イベント 市役所・公共施設 市の政策・計画 サイト内検索 くらしの情報 行事・イベント 市役所・公共施設 市の政策・計画 Other Language 部や課で選ぶ ご意見・お問い合わせ 現在の位置 ホーム 暮らしの情報 暮らしのシーンから探す 障害者 手当等 手当に関する届け出 手当に関する届け出 ID番号 N6979 更新日：2021年02月26日 手当を受けている人に、次のような異動がありましたら、ページ下段の問い合わせ先で"
"日進市","23230","52","200","手当等","https://www.city.nisshin.lg.jp/kurashi/seane/shougai/teate/index.html","手当等／日進市 本文へ 文字サイズ 背景色変更 携帯サイト Other Language 部や課で選ぶ ご意見・お問い合わせ ホーム くらしの情報 行事・イベント 市役所・公共施設 市の政策・計画 サイト内検索 くらしの情報 行事・イベント 市役所・公共施設 市の政策・計画 Other Language 部や課で選ぶ ご意見・お問い合わせ 現在の位置 ホーム 暮らしの情報 暮らしのシーンから探す 障害者 手当等 手当等 ID番号 N6975 更新日：2019年03月01日 日進市障害者扶助料 愛知県在宅重度障害者手当 特別障害者手当・障害児福祉手当 手当に関する届け出 特別障害給付金 特別支援"
"日進市","23230","52","200","障害者手帳","https://www.city.nisshin.lg.jp/kurashi/seane/shougai/techou/index.html","障害者手帳／日進市 本文へ 文字サイズ 背景色変更 携帯サイト Other Language 部や課で選ぶ ご意見・お問い合わせ ホーム くらしの情報 行事・イベント 市役所・公共施設 市の政策・計画 サイト内検索 くらしの情報 行事・イベント 市役所・公共施設 市の政策・計画 Other Language 部や課で選ぶ ご意見・お問い合わせ 現在の位置 ホーム 暮らしの情報 暮らしのシーンから探す 障害者 障害者手帳 障害者手帳 ID番号 N6963 更新日：2019年03月01日 身体障害者手帳の交付 療育手帳(知的障害)の交付 精神障害者保健福祉手帳の交付 手帳に関する届け出 サイト内検"
"日進市","23230","52","200","新生児聴覚検査費用の助成","https://www.city.nisshin.lg.jp/kurashi/seane/shussan/kenkoshinsa/12953.html","新生児聴覚検査費用の助成／日進市 本文へ 文字サイズ 背景色変更 携帯サイト Other Language 部や課で選ぶ ご意見・お問い合わせ ホーム くらしの情報 行事・イベント 市役所・公共施設 市の政策・計画 サイト内検索 くらしの情報 行事・イベント 市役所・公共施設 市の政策・計画 Other Language 部や課で選ぶ ご意見・お問い合わせ 現在の位置 ホーム 暮らしの情報 暮らしのシーンから探す 出産・子育 健康診査 新生児聴覚検査費用の助成 新生児聴覚検査費用の助成 ID番号 N12953 更新日：2024年04月01日 生まれてくる赤ちゃんの1,000人に1～2人は、生ま"
"日進市","23230","52","200","日進市 出産・子育てまるっと応援事業のご案内（妊婦等包括相談支援事業・妊婦のための支援給付）","https://www.city.nisshin.lg.jp/kurashi/seane/shussan/ninshin/13904.html","日進市 出産・子育てまるっと応援事業のご案内（妊婦等包括相談支援事業・妊婦のための支援給付）／日進市 本文へ 文字サイズ 背景色変更 携帯サイト Other Language 部や課で選ぶ ご意見・お問い合わせ ホーム くらしの情報 行事・イベント 市役所・公共施設 市の政策・計画 サイト内検索 くらしの情報 行事・イベント 市役所・公共施設 市の政策・計画 Other Language 部や課で選ぶ ご意見・お問い合わせ 現在の位置 ホーム 暮らしの情報 暮らしのシーンから探す 出産・子育 妊娠・出産 日進市 出産・子育てまるっと応援事業のご案内（妊婦等包括相談支援事業・妊婦のための支援給付"
"日進市","23230","52","200","家庭児童相談窓口","https://www.city.nisshin.lg.jp/kurashi/seane/shussan/soudan/6760.html","家庭児童相談窓口／日進市 本文へ 文字サイズ 背景色変更 携帯サイト Other Language 部や課で選ぶ ご意見・お問い合わせ ホーム くらしの情報 行事・イベント 市役所・公共施設 市の政策・計画 サイト内検索 くらしの情報 行事・イベント 市役所・公共施設 市の政策・計画 Other Language 部や課で選ぶ ご意見・お問い合わせ 現在の位置 ホーム 暮らしの情報 暮らしのシーンから探す 出産・子育 相談・訪問 家庭児童相談窓口 家庭児童相談窓口 ID番号 N6760 更新日：2025年07月08日 相談内容の秘密は固く守ります。 家庭相談員が無料で相談に応じます。 18歳未"
"日進市","23230","52","200","子どもの学習・生活支援事業について","https://www.city.nisshin.lg.jp/kurashi/seane/shussan/teate/10136.html","子どもの学習・生活支援事業について／日進市 本文へ 文字サイズ 背景色変更 携帯サイト Other Language 部や課で選ぶ ご意見・お問い合わせ ホーム くらしの情報 行事・イベント 市役所・公共施設 市の政策・計画 サイト内検索 くらしの情報 行事・イベント 市役所・公共施設 市の政策・計画 Other Language 部や課で選ぶ ご意見・お問い合わせ 現在の位置 ホーム 暮らしの情報 暮らしのシーンから探す 出産・子育 手当などのサービス 子どもの学習・生活支援事業について 子どもの学習・生活支援事業について ID番号 N10139 更新日：2026年03月25日 子どもの学習"
"日進市","23230","52","200","児童手当","https://www.city.nisshin.lg.jp/kurashi/seane/shussan/teate/6734.html","児童手当／日進市 本文へ 文字サイズ 背景色変更 携帯サイト Other Language 部や課で選ぶ ご意見・お問い合わせ ホーム くらしの情報 行事・イベント 市役所・公共施設 市の政策・計画 サイト内検索 くらしの情報 行事・イベント 市役所・公共施設 市の政策・計画 Other Language 部や課で選ぶ ご意見・お問い合わせ 現在の位置 ホーム 暮らしの情報 暮らしのシーンから探す 出産・子育 手当などのサービス 児童手当 児童手当 ID番号 N6734 更新日：2025年04月01日 児童手当について 令和6年10月（令和6年12月支給分）から、児童手当制度が一部変更されまし"
"日進市","23230","52","200","子ども医療費制度について","https://www.city.nisshin.lg.jp/kurashi/seane/shussan/teate/6735.html","子ども医療費制度について／日進市 本文へ 文字サイズ 背景色変更 携帯サイト Other Language 部や課で選ぶ ご意見・お問い合わせ ホーム くらしの情報 行事・イベント 市役所・公共施設 市の政策・計画 サイト内検索 くらしの情報 行事・イベント 市役所・公共施設 市の政策・計画 Other Language 部や課で選ぶ ご意見・お問い合わせ 現在の位置 ホーム 暮らしの情報 暮らしのシーンから探す 出産・子育 手当などのサービス 子ども医療費制度について 子ども医療費制度について ID番号 N6735 更新日：2026年04月02日 対象となる方 市内に住所を有し、健康保険に加"
"日進市","23230","52","200","児童扶養手当","https://www.city.nisshin.lg.jp/kurashi/seane/shussan/teate/6737.html","児童扶養手当／日進市 本文へ 文字サイズ 背景色変更 携帯サイト Other Language 部や課で選ぶ ご意見・お問い合わせ ホーム くらしの情報 行事・イベント 市役所・公共施設 市の政策・計画 サイト内検索 くらしの情報 行事・イベント 市役所・公共施設 市の政策・計画 Other Language 部や課で選ぶ ご意見・お問い合わせ 現在の位置 ホーム 暮らしの情報 暮らしのシーンから探す 出産・子育 手当などのサービス 児童扶養手当 児童扶養手当 ID番号 N6737 更新日：2026年03月25日 ひとり親家庭等の生活の安定と児童の健全育成のため手当を支給する制度です。 受給資"
"日進市","23230","52","200","日進市ひとり親家庭等手当・愛知県遺児手当","https://www.city.nisshin.lg.jp/kurashi/seane/shussan/teate/6738.html","日進市ひとり親家庭等手当・愛知県遺児手当／日進市 本文へ 文字サイズ 背景色変更 携帯サイト Other Language 部や課で選ぶ ご意見・お問い合わせ ホーム くらしの情報 行事・イベント 市役所・公共施設 市の政策・計画 サイト内検索 くらしの情報 行事・イベント 市役所・公共施設 市の政策・計画 Other Language 部や課で選ぶ ご意見・お問い合わせ 現在の位置 ホーム 暮らしの情報 暮らしのシーンから探す 出産・子育 手当などのサービス 日進市ひとり親家庭等手当・愛知県遺児手当 日進市ひとり親家庭等手当・愛知県遺児手当 ID番号 N6738 更新日：2026年02月27"
"日進市","23230","52","200","特別児童扶養手当","https://www.city.nisshin.lg.jp/kurashi/seane/shussan/teate/6740.html","特別児童扶養手当／日進市 本文へ 文字サイズ 背景色変更 携帯サイト Other Language 部や課で選ぶ ご意見・お問い合わせ ホーム くらしの情報 行事・イベント 市役所・公共施設 市の政策・計画 サイト内検索 くらしの情報 行事・イベント 市役所・公共施設 市の政策・計画 Other Language 部や課で選ぶ ご意見・お問い合わせ 現在の位置 ホーム 暮らしの情報 暮らしのシーンから探す 出産・子育 手当などのサービス 特別児童扶養手当 特別児童扶養手当 ID番号 N6740 更新日：2026年04月01日 身体・知的発達又は精神に中度・重度の障害（又は病状）を有する20歳未"
"日進市","23230","52","200","子どもの学習・生活支援事業について","https://www.city.nisshin.lg.jp/kurashi/seane/wedding/10138.html","子どもの学習・生活支援事業について／日進市 本文へ 文字サイズ 背景色変更 携帯サイト Other Language 部や課で選ぶ ご意見・お問い合わせ ホーム くらしの情報 行事・イベント 市役所・公共施設 市の政策・計画 サイト内検索 くらしの情報 行事・イベント 市役所・公共施設 市の政策・計画 Other Language 部や課で選ぶ ご意見・お問い合わせ 現在の位置 ホーム 暮らしの情報 暮らしのシーンから探す 結婚・離婚 子どもの学習・生活支援事業について 子どもの学習・生活支援事業について ID番号 N10138 更新日：2026年03月25日 子どもの学習・生活支援事業 ひと"
"日進市","23230","52","200","児童扶養手当","https://www.city.nisshin.lg.jp/kurashi/seane/wedding/kanren/6836.html","児童扶養手当／日進市 本文へ 文字サイズ 背景色変更 携帯サイト Other Language 部や課で選ぶ ご意見・お問い合わせ ホーム くらしの情報 行事・イベント 市役所・公共施設 市の政策・計画 サイト内検索 くらしの情報 行事・イベント 市役所・公共施設 市の政策・計画 Other Language 部や課で選ぶ ご意見・お問い合わせ 現在の位置 ホーム 暮らしの情報 暮らしのシーンから探す 結婚・離婚 関連情報 児童扶養手当 児童扶養手当 ID番号 N6836 更新日：2026年03月25日 ひとり親家庭等の生活の安定と児童の健全育成のため手当を支給する制度です。 受給資格 次の要"
"日進市","23230","52","200","日進市ひとり親家庭等手当・愛知県遺児手当","https://www.city.nisshin.lg.jp/kurashi/seane/wedding/kanren/6837.html","日進市ひとり親家庭等手当・愛知県遺児手当／日進市 本文へ 文字サイズ 背景色変更 携帯サイト Other Language 部や課で選ぶ ご意見・お問い合わせ ホーム くらしの情報 行事・イベント 市役所・公共施設 市の政策・計画 サイト内検索 くらしの情報 行事・イベント 市役所・公共施設 市の政策・計画 Other Language 部や課で選ぶ ご意見・お問い合わせ 現在の位置 ホーム 暮らしの情報 暮らしのシーンから探す 結婚・離婚 関連情報 日進市ひとり親家庭等手当・愛知県遺児手当 日進市ひとり親家庭等手当・愛知県遺児手当 ID番号 N6837 更新日：2026年02月27日 母子家"
"日進市","23230","52","200","母子家庭等自立支援給付金","https://www.city.nisshin.lg.jp/kurashi/seane/wedding/kanren/6838.html","母子家庭等自立支援給付金／日進市 本文へ 文字サイズ 背景色変更 携帯サイト Other Language 部や課で選ぶ ご意見・お問い合わせ ホーム くらしの情報 行事・イベント 市役所・公共施設 市の政策・計画 サイト内検索 くらしの情報 行事・イベント 市役所・公共施設 市の政策・計画 Other Language 部や課で選ぶ ご意見・お問い合わせ 現在の位置 ホーム 暮らしの情報 暮らしのシーンから探す 結婚・離婚 関連情報 母子家庭等自立支援給付金 母子家庭等自立支援給付金 ID番号 N6838 更新日：2021年05月06日 自立支援教育訓練給付金 日進市内にお住まいのひとり親家"
"日進市","23230","52","200","ひとり親家庭等医療のお知らせ","https://www.city.nisshin.lg.jp/kurashi/seane/wedding/kanren/6839.html","ひとり親家庭等医療のお知らせ／日進市 本文へ 文字サイズ 背景色変更 携帯サイト Other Language 部や課で選ぶ ご意見・お問い合わせ ホーム くらしの情報 行事・イベント 市役所・公共施設 市の政策・計画 サイト内検索 くらしの情報 行事・イベント 市役所・公共施設 市の政策・計画 Other Language 部や課で選ぶ ご意見・お問い合わせ 現在の位置 ホーム 暮らしの情報 暮らしのシーンから探す 結婚・離婚 関連情報 ひとり親家庭等医療のお知らせ ひとり親家庭等医療のお知らせ ID番号 N6839 更新日：2025年04月01日 ひとり親家庭等医療費受給者証の更新について"
"日進市","23230","51","200","日進市高等学校等修学助成金制度","https://www.city.nisshin.lg.jp/department/shogai/gakushu/5/2/3/2489.html","日進市高等学校等修学助成金制度／日進市 本文へ 文字サイズ 背景色変更 携帯サイト Other Language 部や課で選ぶ ご意見・お問い合わせ ホーム くらしの情報 行事・イベント 市役所・公共施設 市の政策・計画 サイト内検索 くらしの情報 行事・イベント 市役所・公共施設 市の政策・計画 Other Language 部や課で選ぶ ご意見・お問い合わせ 現在の位置 ホーム 部や課で選ぶ 生涯学習部 学習政策課 暮らしの情報 教育・文化 教育委員会 日進市高等学校等修学助成金制度 日進市高等学校等修学助成金制度 ID番号 N2489 更新日：2026年02月19日 日進市高等学校等修学"
"岩倉市","23228","50","200","児童遊園 [2016年9月30日]","https://www.city.iwakura.aichi.jp/0000000099.html","児童遊園 | 岩倉市 共通メニューなどをスキップして本文へ 岩倉市トップに戻る ふりがな やさしい日本語 文字サイズ変更 標準 拡大 色の反転 標準 反転 検索 文字サイズ変更機能を利用するにはJavaScript（アクティブスクリプト）を有効にしてください。JavaScript（アクティブスクリプト）を無効のまま文字サイズを変更する場合には，ご利用のブラウザの表示メニューから文字サイズを変更してください。文字サイズ変更以外にも，操作性向上の目的でJavaScript（アクティブスクリプト）を用いた機能を提供しています。可能であればJavaScript（アクティブスクリプト）を有効にしてくださ"
"岩倉市","23228","50","200","障害者手当 [2016年9月30日] 岩倉市心身障害者扶助料 愛知県在宅重度障害者手当 特別障害者手当・障害児福祉手当・経過的福祉手当","https://www.city.iwakura.aichi.jp/0000000128.html","障害者手当 | 岩倉市 共通メニューなどをスキップして本文へ 岩倉市トップに戻る ふりがな やさしい日本語 文字サイズ変更 標準 拡大 色の反転 標準 反転 検索 文字サイズ変更機能を利用するにはJavaScript（アクティブスクリプト）を有効にしてください。JavaScript（アクティブスクリプト）を無効のまま文字サイズを変更する場合には，ご利用のブラウザの表示メニューから文字サイズを変更してください。文字サイズ変更以外にも，操作性向上の目的でJavaScript（アクティブスクリプト）を用いた機能を提供しています。可能であればJavaScript（アクティブスクリプト）を有効にしてくだ"
"岩倉市","23228","50","200","高齢者の健康教室 [2020年4月22日]","https://www.city.iwakura.aichi.jp/0000000186.html","高齢者の健康教室 | 岩倉市 共通メニューなどをスキップして本文へ 岩倉市トップに戻る ふりがな やさしい日本語 文字サイズ変更 標準 拡大 色の反転 標準 反転 検索 文字サイズ変更機能を利用するにはJavaScript（アクティブスクリプト）を有効にしてください。JavaScript（アクティブスクリプト）を無効のまま文字サイズを変更する場合には，ご利用のブラウザの表示メニューから文字サイズを変更してください。文字サイズ変更以外にも，操作性向上の目的でJavaScript（アクティブスクリプト）を用いた機能を提供しています。可能であればJavaScript（アクティブスクリプト）を有効にし"
"岩倉市","23228","50","200","心身障がい者福祉タクシー料金助成 [2016年7月30日] タクシー料金を助成します","https://www.city.iwakura.aichi.jp/0000001871.html","心身障がい者福祉タクシー料金助成 | 岩倉市 共通メニューなどをスキップして本文へ 岩倉市トップに戻る ふりがな やさしい日本語 文字サイズ変更 標準 拡大 色の反転 標準 反転 検索 文字サイズ変更機能を利用するにはJavaScript（アクティブスクリプト）を有効にしてください。JavaScript（アクティブスクリプト）を無効のまま文字サイズを変更する場合には，ご利用のブラウザの表示メニューから文字サイズを変更してください。文字サイズ変更以外にも，操作性向上の目的でJavaScript（アクティブスクリプト）を用いた機能を提供しています。可能であればJavaScript（アクティブスクリ"
"岩倉市","23228","50","200","自立支援医療（育成医療・更生医療）の給付 [2016年7月30日] 自立支援医療（更生医療）の給付 自立支援医療（育成医療）の給付","https://www.city.iwakura.aichi.jp/0000001939.html","自立支援医療（育成医療・更生医療）の給付 | 岩倉市 共通メニューなどをスキップして本文へ 岩倉市トップに戻る ふりがな やさしい日本語 文字サイズ変更 標準 拡大 色の反転 標準 反転 検索 文字サイズ変更機能を利用するにはJavaScript（アクティブスクリプト）を有効にしてください。JavaScript（アクティブスクリプト）を無効のまま文字サイズを変更する場合には，ご利用のブラウザの表示メニューから文字サイズを変更してください。文字サイズ変更以外にも，操作性向上の目的でJavaScript（アクティブスクリプト）を用いた機能を提供しています。可能であればJavaScript（アクティ"
"岩倉市","23228","50","200","精神障害者医療費助成制度（自立支援医療受給者証のみ所持者） [2026年1月15日]","https://www.city.iwakura.aichi.jp/0000002117.html","精神障害者医療費助成制度（自立支援医療受給者証のみ所持者） | 岩倉市 共通メニューなどをスキップして本文へ 岩倉市トップに戻る ふりがな やさしい日本語 文字サイズ変更 標準 拡大 色の反転 標準 反転 検索 文字サイズ変更機能を利用するにはJavaScript（アクティブスクリプト）を有効にしてください。JavaScript（アクティブスクリプト）を無効のまま文字サイズを変更する場合には，ご利用のブラウザの表示メニューから文字サイズを変更してください。文字サイズ変更以外にも，操作性向上の目的でJavaScript（アクティブスクリプト）を用いた機能を提供しています。可能であればJavaSc"
"岩倉市","23228","50","200","精神障害者医療費助成制度（精神障害者保健福祉手帳1級または2級所持者） [2016年9月1日]","https://www.city.iwakura.aichi.jp/0000002118.html","精神障害者医療費助成制度（精神障害者保健福祉手帳1級または2級所持者） | 岩倉市 共通メニューなどをスキップして本文へ 岩倉市トップに戻る ふりがな やさしい日本語 文字サイズ変更 標準 拡大 色の反転 標準 反転 検索 文字サイズ変更機能を利用するにはJavaScript（アクティブスクリプト）を有効にしてください。JavaScript（アクティブスクリプト）を無効のまま文字サイズを変更する場合には，ご利用のブラウザの表示メニューから文字サイズを変更してください。文字サイズ変更以外にも，操作性向上の目的でJavaScript（アクティブスクリプト）を用いた機能を提供しています。可能であれば"
"岩倉市","23228","50","200","精神障害者医療費助成制度（診断書） [2016年9月1日]","https://www.city.iwakura.aichi.jp/0000002119.html","精神障害者医療費助成制度（診断書） | 岩倉市 共通メニューなどをスキップして本文へ 岩倉市トップに戻る ふりがな やさしい日本語 文字サイズ変更 標準 拡大 色の反転 標準 反転 検索 文字サイズ変更機能を利用するにはJavaScript（アクティブスクリプト）を有効にしてください。JavaScript（アクティブスクリプト）を無効のまま文字サイズを変更する場合には，ご利用のブラウザの表示メニューから文字サイズを変更してください。文字サイズ変更以外にも，操作性向上の目的でJavaScript（アクティブスクリプト）を用いた機能を提供しています。可能であればJavaScript（アクティブスク"
"岩倉市","23228","50","200","障害者医療費助成制度 [2026年1月15日]","https://www.city.iwakura.aichi.jp/0000002120.html","障害者医療費助成制度 | 岩倉市 共通メニューなどをスキップして本文へ 岩倉市トップに戻る ふりがな やさしい日本語 文字サイズ変更 標準 拡大 色の反転 標準 反転 検索 文字サイズ変更機能を利用するにはJavaScript（アクティブスクリプト）を有効にしてください。JavaScript（アクティブスクリプト）を無効のまま文字サイズを変更する場合には，ご利用のブラウザの表示メニューから文字サイズを変更してください。文字サイズ変更以外にも，操作性向上の目的でJavaScript（アクティブスクリプト）を用いた機能を提供しています。可能であればJavaScript（アクティブスクリプト）を有効"
"岩倉市","23228","50","200","後期高齢者福祉医療助成制度 [2016年9月1日]","https://www.city.iwakura.aichi.jp/0000002121.html","後期高齢者福祉医療助成制度 | 岩倉市 共通メニューなどをスキップして本文へ 岩倉市トップに戻る ふりがな やさしい日本語 文字サイズ変更 標準 拡大 色の反転 標準 反転 検索 文字サイズ変更機能を利用するにはJavaScript（アクティブスクリプト）を有効にしてください。JavaScript（アクティブスクリプト）を無効のまま文字サイズを変更する場合には，ご利用のブラウザの表示メニューから文字サイズを変更してください。文字サイズ変更以外にも，操作性向上の目的でJavaScript（アクティブスクリプト）を用いた機能を提供しています。可能であればJavaScript（アクティブスクリプト）"
"岩倉市","23228","50","200","母子・父子家庭医療費助成制度 [2026年1月15日]","https://www.city.iwakura.aichi.jp/0000002122.html","母子・父子家庭医療費助成制度 | 岩倉市 共通メニューなどをスキップして本文へ 岩倉市トップに戻る ふりがな やさしい日本語 文字サイズ変更 標準 拡大 色の反転 標準 反転 検索 文字サイズ変更機能を利用するにはJavaScript（アクティブスクリプト）を有効にしてください。JavaScript（アクティブスクリプト）を無効のまま文字サイズを変更する場合には，ご利用のブラウザの表示メニューから文字サイズを変更してください。文字サイズ変更以外にも，操作性向上の目的でJavaScript（アクティブスクリプト）を用いた機能を提供しています。可能であればJavaScript（アクティブスクリプト"
"岩倉市","23228","50","200","平和を考える会（児童館）戦争体験談を聞く会（小・中・高等学校）","https://www.city.iwakura.aichi.jp/0000002161.html","平和を考える会（児童館）戦争体験談を聞く会（小・中・高等学校） | 岩倉市 共通メニューなどをスキップして本文へ 岩倉市トップに戻る ふりがな やさしい日本語 文字サイズ変更 標準 拡大 色の反転 標準 反転 検索 文字サイズ変更機能を利用するにはJavaScript（アクティブスクリプト）を有効にしてください。JavaScript（アクティブスクリプト）を無効のまま文字サイズを変更する場合には，ご利用のブラウザの表示メニューから文字サイズを変更してください。文字サイズ変更以外にも，操作性向上の目的でJavaScript（アクティブスクリプト）を用いた機能を提供しています。可能であればJava"
"岩倉市","23228","50","200","介護保険の被保険者証について [2017年8月8日] 介護保険の被保険者証についての説明","https://www.city.iwakura.aichi.jp/0000002230.html","介護保険の被保険者証について | 岩倉市 共通メニューなどをスキップして本文へ 岩倉市トップに戻る ふりがな やさしい日本語 文字サイズ変更 標準 拡大 色の反転 標準 反転 検索 文字サイズ変更機能を利用するにはJavaScript（アクティブスクリプト）を有効にしてください。JavaScript（アクティブスクリプト）を無効のまま文字サイズを変更する場合には，ご利用のブラウザの表示メニューから文字サイズを変更してください。文字サイズ変更以外にも，操作性向上の目的でJavaScript（アクティブスクリプト）を用いた機能を提供しています。可能であればJavaScript（アクティブスクリプト"
"岩倉市","23228","50","200","要介護認定の申請 [2026年3月12日] 要介護認定申請の概要","https://www.city.iwakura.aichi.jp/0000002276.html","要介護認定の申請 | 岩倉市 共通メニューなどをスキップして本文へ 岩倉市トップに戻る ふりがな やさしい日本語 文字サイズ変更 標準 拡大 色の反転 標準 反転 検索 文字サイズ変更機能を利用するにはJavaScript（アクティブスクリプト）を有効にしてください。JavaScript（アクティブスクリプト）を無効のまま文字サイズを変更する場合には，ご利用のブラウザの表示メニューから文字サイズを変更してください。文字サイズ変更以外にも，操作性向上の目的でJavaScript（アクティブスクリプト）を用いた機能を提供しています。可能であればJavaScript（アクティブスクリプト）を有効にし"
"岩倉市","23228","50","200","居宅介護支援とは [2017年8月9日]","https://www.city.iwakura.aichi.jp/0000002315.html","居宅介護支援とは | 岩倉市 共通メニューなどをスキップして本文へ 岩倉市トップに戻る ふりがな やさしい日本語 文字サイズ変更 標準 拡大 色の反転 標準 反転 検索 文字サイズ変更機能を利用するにはJavaScript（アクティブスクリプト）を有効にしてください。JavaScript（アクティブスクリプト）を無効のまま文字サイズを変更する場合には，ご利用のブラウザの表示メニューから文字サイズを変更してください。文字サイズ変更以外にも，操作性向上の目的でJavaScript（アクティブスクリプト）を用いた機能を提供しています。可能であればJavaScript（アクティブスクリプト）を有効にし"
"岩倉市","23228","50","200","総合事業(介護予防・日常生活支援総合事業) [2017年8月9日]","https://www.city.iwakura.aichi.jp/0000002505.html","総合事業(介護予防・日常生活支援総合事業) | 岩倉市 共通メニューなどをスキップして本文へ 岩倉市トップに戻る ふりがな やさしい日本語 文字サイズ変更 標準 拡大 色の反転 標準 反転 検索 文字サイズ変更機能を利用するにはJavaScript（アクティブスクリプト）を有効にしてください。JavaScript（アクティブスクリプト）を無効のまま文字サイズを変更する場合には，ご利用のブラウザの表示メニューから文字サイズを変更してください。文字サイズ変更以外にも，操作性向上の目的でJavaScript（アクティブスクリプト）を用いた機能を提供しています。可能であればJavaScript（アクテ"
"岩倉市","23228","50","200","救命講習e-ラーニング [2024年7月25日] e-ラーニングとは応急手当の基礎的知識をご家庭などのパソコンやスマートフォンから映像を通して学ぶことができます。","https://www.city.iwakura.aichi.jp/0000002635.html","救命講習e-ラーニング | 岩倉市 共通メニューなどをスキップして本文へ 岩倉市トップに戻る ふりがな やさしい日本語 文字サイズ変更 標準 拡大 色の反転 標準 反転 検索 文字サイズ変更機能を利用するにはJavaScript（アクティブスクリプト）を有効にしてください。JavaScript（アクティブスクリプト）を無効のまま文字サイズを変更する場合には，ご利用のブラウザの表示メニューから文字サイズを変更してください。文字サイズ変更以外にも，操作性向上の目的でJavaScript（アクティブスクリプト）を用いた機能を提供しています。可能であればJavaScript（アクティブスクリプト）を有"
"岩倉市","23228","50","200","介護職員人材確保対策について [2026年6月17日]","https://www.city.iwakura.aichi.jp/0000003983.html","介護職員人材確保対策について | 岩倉市 共通メニューなどをスキップして本文へ 岩倉市トップに戻る ふりがな やさしい日本語 文字サイズ変更 標準 拡大 色の反転 標準 反転 検索 文字サイズ変更機能を利用するにはJavaScript（アクティブスクリプト）を有効にしてください。JavaScript（アクティブスクリプト）を無効のまま文字サイズを変更する場合には，ご利用のブラウザの表示メニューから文字サイズを変更してください。文字サイズ変更以外にも，操作性向上の目的でJavaScript（アクティブスクリプト）を用いた機能を提供しています。可能であればJavaScript（アクティブスクリプト"
"岩倉市","23228","50","200","予防接種について [2020年4月1日]","https://www.city.iwakura.aichi.jp/0000004112.html","予防接種について | 岩倉市 共通メニューなどをスキップして本文へ 岩倉市トップに戻る ふりがな やさしい日本語 文字サイズ変更 標準 拡大 色の反転 標準 反転 検索 文字サイズ変更機能を利用するにはJavaScript（アクティブスクリプト）を有効にしてください。JavaScript（アクティブスクリプト）を無効のまま文字サイズを変更する場合には，ご利用のブラウザの表示メニューから文字サイズを変更してください。文字サイズ変更以外にも，操作性向上の目的でJavaScript（アクティブスクリプト）を用いた機能を提供しています。可能であればJavaScript（アクティブスクリプト）を有効にし"
"岩倉市","23228","50","200","【令和6年12月1日更新】セーフティネット保証制度5号：指定不況業種にかかる特定中小企業者の認定について [2025年7月23日]","https://www.city.iwakura.aichi.jp/0000004176.html","【令和6年12月1日更新】セーフティネット保証制度5号：指定不況業種にかかる特定中小企業者の認定について | 岩倉市 共通メニューなどをスキップして本文へ 岩倉市トップに戻る ふりがな やさしい日本語 文字サイズ変更 標準 拡大 色の反転 標準 反転 検索 文字サイズ変更機能を利用するにはJavaScript（アクティブスクリプト）を有効にしてください。JavaScript（アクティブスクリプト）を無効のまま文字サイズを変更する場合には，ご利用のブラウザの表示メニューから文字サイズを変更してください。文字サイズ変更以外にも，操作性向上の目的でJavaScript（アクティブスクリプト）を用いた"
"岩倉市","23228","50","200","高齢者福祉の手続きは郵送でも可能です! [2025年7月1日]","https://www.city.iwakura.aichi.jp/0000004472.html","高齢者福祉の手続きは郵送でも可能です! | 岩倉市 共通メニューなどをスキップして本文へ 岩倉市トップに戻る ふりがな やさしい日本語 文字サイズ変更 標準 拡大 色の反転 標準 反転 検索 文字サイズ変更機能を利用するにはJavaScript（アクティブスクリプト）を有効にしてください。JavaScript（アクティブスクリプト）を無効のまま文字サイズを変更する場合には，ご利用のブラウザの表示メニューから文字サイズを変更してください。文字サイズ変更以外にも，操作性向上の目的でJavaScript（アクティブスクリプト）を用いた機能を提供しています。可能であればJavaScript（アクティブ"
"岩倉市","23228","50","200","お家でできる介護予防を紹介します [2023年9月15日]","https://www.city.iwakura.aichi.jp/0000004553.html","お家でできる介護予防を紹介します | 岩倉市 共通メニューなどをスキップして本文へ 岩倉市トップに戻る ふりがな やさしい日本語 文字サイズ変更 標準 拡大 色の反転 標準 反転 検索 文字サイズ変更機能を利用するにはJavaScript（アクティブスクリプト）を有効にしてください。JavaScript（アクティブスクリプト）を無効のまま文字サイズを変更する場合には，ご利用のブラウザの表示メニューから文字サイズを変更してください。文字サイズ変更以外にも，操作性向上の目的でJavaScript（アクティブスクリプト）を用いた機能を提供しています。可能であればJavaScript（アクティブスクリ"
"岩倉市","23228","50","200","日常生活用具給付 [2020年7月9日]","https://www.city.iwakura.aichi.jp/0000004573.html","日常生活用具給付 | 岩倉市 共通メニューなどをスキップして本文へ 岩倉市トップに戻る ふりがな やさしい日本語 文字サイズ変更 標準 拡大 色の反転 標準 反転 検索 文字サイズ変更機能を利用するにはJavaScript（アクティブスクリプト）を有効にしてください。JavaScript（アクティブスクリプト）を無効のまま文字サイズを変更する場合には，ご利用のブラウザの表示メニューから文字サイズを変更してください。文字サイズ変更以外にも，操作性向上の目的でJavaScript（アクティブスクリプト）を用いた機能を提供しています。可能であればJavaScript（アクティブスクリプト）を有効にし"
"岩倉市","23228","50","200","緑のカーテン [2026年5月12日] 市では事業所と協働で、地球温暖化防止の一環として、夏季の省エネルギー対策に有効な「緑のカーテン」を設置しています。","https://www.city.iwakura.aichi.jp/0000005176.html","緑のカーテン | 岩倉市 共通メニューなどをスキップして本文へ 岩倉市トップに戻る ふりがな やさしい日本語 文字サイズ変更 標準 拡大 色の反転 標準 反転 検索 文字サイズ変更機能を利用するにはJavaScript（アクティブスクリプト）を有効にしてください。JavaScript（アクティブスクリプト）を無効のまま文字サイズを変更する場合には，ご利用のブラウザの表示メニューから文字サイズを変更してください。文字サイズ変更以外にも，操作性向上の目的でJavaScript（アクティブスクリプト）を用いた機能を提供しています。可能であればJavaScript（アクティブスクリプト）を有効にしてく"
"岩倉市","23228","50","200","固定資産税・都市計画税の減免について知りたい。 [2022年5月2日]","https://www.city.iwakura.aichi.jp/0000005891.html","固定資産税・都市計画税の減免について知りたい。 | 岩倉市 共通メニューなどをスキップして本文へ 岩倉市トップに戻る ふりがな やさしい日本語 文字サイズ変更 標準 拡大 色の反転 標準 反転 検索 文字サイズ変更機能を利用するにはJavaScript（アクティブスクリプト）を有効にしてください。JavaScript（アクティブスクリプト）を無効のまま文字サイズを変更する場合には，ご利用のブラウザの表示メニューから文字サイズを変更してください。文字サイズ変更以外にも，操作性向上の目的でJavaScript（アクティブスクリプト）を用いた機能を提供しています。可能であればJavaScript（ア"
"岩倉市","23228","50","200","愛知県による不妊症・不育症ピアサポート活動事業について [2023年1月19日]","https://www.city.iwakura.aichi.jp/0000006131.html","愛知県による不妊症・不育症ピアサポート活動事業について | 岩倉市 共通メニューなどをスキップして本文へ 岩倉市トップに戻る ふりがな やさしい日本語 文字サイズ変更 標準 拡大 色の反転 標準 反転 検索 文字サイズ変更機能を利用するにはJavaScript（アクティブスクリプト）を有効にしてください。JavaScript（アクティブスクリプト）を無効のまま文字サイズを変更する場合には，ご利用のブラウザの表示メニューから文字サイズを変更してください。文字サイズ変更以外にも，操作性向上の目的でJavaScript（アクティブスクリプト）を用いた機能を提供しています。可能であればJavaScri"
"岩倉市","23228","50","200","予防接種健康被害救済制度について [2024年3月14日]","https://www.city.iwakura.aichi.jp/0000006783.html","予防接種健康被害救済制度について | 岩倉市 共通メニューなどをスキップして本文へ 岩倉市トップに戻る ふりがな やさしい日本語 文字サイズ変更 標準 拡大 色の反転 標準 反転 検索 文字サイズ変更機能を利用するにはJavaScript（アクティブスクリプト）を有効にしてください。JavaScript（アクティブスクリプト）を無効のまま文字サイズを変更する場合には，ご利用のブラウザの表示メニューから文字サイズを変更してください。文字サイズ変更以外にも，操作性向上の目的でJavaScript（アクティブスクリプト）を用いた機能を提供しています。可能であればJavaScript（アクティブスクリ"
"岩倉市","23228","50","200","介護職員等処遇改善加算の届出について [2026年4月30日]","https://www.city.iwakura.aichi.jp/0000006789.html","介護職員等処遇改善加算の届出について | 岩倉市 共通メニューなどをスキップして本文へ 岩倉市トップに戻る ふりがな やさしい日本語 文字サイズ変更 標準 拡大 色の反転 標準 反転 検索 文字サイズ変更機能を利用するにはJavaScript（アクティブスクリプト）を有効にしてください。JavaScript（アクティブスクリプト）を無効のまま文字サイズを変更する場合には，ご利用のブラウザの表示メニューから文字サイズを変更してください。文字サイズ変更以外にも，操作性向上の目的でJavaScript（アクティブスクリプト）を用いた機能を提供しています。可能であればJavaScript（アクティブス"
"岩倉市","23228","50","200","児童館行事「親子ドッヂビー大会」","https://www.city.iwakura.aichi.jp/0000006948.html","児童館行事「親子ドッヂビー大会」 | 岩倉市 共通メニューなどをスキップして本文へ 岩倉市トップに戻る ふりがな やさしい日本語 文字サイズ変更 標準 拡大 色の反転 標準 反転 検索 文字サイズ変更機能を利用するにはJavaScript（アクティブスクリプト）を有効にしてください。JavaScript（アクティブスクリプト）を無効のまま文字サイズを変更する場合には，ご利用のブラウザの表示メニューから文字サイズを変更してください。文字サイズ変更以外にも，操作性向上の目的でJavaScript（アクティブスクリプト）を用いた機能を提供しています。可能であればJavaScript（アクティブスクリ"
"岩倉市","23228","50","200","2025年岩倉市児童館行事「kajiiの日用品楽器コンサート～食器は歌う～」を開催します。","https://www.city.iwakura.aichi.jp/0000007375.html","2025年岩倉市児童館行事「kajiiの日用品楽器コンサート～食器は歌う～」を開催します。 共通メニューなどをスキップして本文へ 岩倉市トップに戻る ふりがな やさしい日本語 文字サイズ変更 標準 拡大 色の反転 標準 反転 検索 文字サイズ変更機能を利用するにはJavaScript（アクティブスクリプト）を有効にしてください。JavaScript（アクティブスクリプト）を無効のまま文字サイズを変更する場合には，ご利用のブラウザの表示メニューから文字サイズを変更してください。文字サイズ変更以外にも，操作性向上の目的でJavaScript（アクティブスクリプト）を用いた機能を提供しています。可能"
"岩倉市","23228","50","200","令和8年度 愛知県地域少子化対策重点推進事業費補助金実施計画書","https://www.city.iwakura.aichi.jp/0000007427.html","令和8年度 愛知県地域少子化対策重点推進事業費補助金実施計画書 | 岩倉市 共通メニューなどをスキップして本文へ 岩倉市トップに戻る ふりがな やさしい日本語 文字サイズ変更 標準 拡大 色の反転 標準 反転 検索 文字サイズ変更機能を利用するにはJavaScript（アクティブスクリプト）を有効にしてください。JavaScript（アクティブスクリプト）を無効のまま文字サイズを変更する場合には，ご利用のブラウザの表示メニューから文字サイズを変更してください。文字サイズ変更以外にも，操作性向上の目的でJavaScript（アクティブスクリプト）を用いた機能を提供しています。可能であればJava"
"岩倉市","23228","50","200","高齢者虐待の通報窓口 [2025年8月5日]","https://www.city.iwakura.aichi.jp/0000007495.html","高齢者虐待の通報窓口 | 岩倉市 共通メニューなどをスキップして本文へ 岩倉市トップに戻る ふりがな やさしい日本語 文字サイズ変更 標準 拡大 色の反転 標準 反転 検索 文字サイズ変更機能を利用するにはJavaScript（アクティブスクリプト）を有効にしてください。JavaScript（アクティブスクリプト）を無効のまま文字サイズを変更する場合には，ご利用のブラウザの表示メニューから文字サイズを変更してください。文字サイズ変更以外にも，操作性向上の目的でJavaScript（アクティブスクリプト）を用いた機能を提供しています。可能であればJavaScript（アクティブスクリプト）を有効"
"岩倉市","23228","50","200","第4次岩倉市子ども読書活動推進計画（案）のパブリックコメントについて [2026年3月30日]","https://www.city.iwakura.aichi.jp/0000007766.html","第4次岩倉市子ども読書活動推進計画（案）のパブリックコメントについて | 岩倉市 共通メニューなどをスキップして本文へ 岩倉市トップに戻る ふりがな やさしい日本語 文字サイズ変更 標準 拡大 色の反転 標準 反転 検索 文字サイズ変更機能を利用するにはJavaScript（アクティブスクリプト）を有効にしてください。JavaScript（アクティブスクリプト）を無効のまま文字サイズを変更する場合には，ご利用のブラウザの表示メニューから文字サイズを変更してください。文字サイズ変更以外にも，操作性向上の目的でJavaScript（アクティブスクリプト）を用いた機能を提供しています。可能であればJ"
"岩倉市","23228","50","200","市税等の減免","https://www.city.iwakura.aichi.jp/category/1-13-14-0-0-0-0-0-0-0.html","市税等の減免 | 岩倉市 共通メニューなどをスキップして本文へ 岩倉市トップに戻る ふりがな やさしい日本語 文字サイズ変更 標準 拡大 色の反転 標準 反転 検索 文字サイズ変更機能を利用するにはJavaScript（アクティブスクリプト）を有効にしてください。JavaScript（アクティブスクリプト）を無効のまま文字サイズを変更する場合には，ご利用のブラウザの表示メニューから文字サイズを変更してください。文字サイズ変更以外にも，操作性向上の目的でJavaScript（アクティブスクリプト）を用いた機能を提供しています。可能であればJavaScript（アクティブスクリプト）を有効にしてく"
"岩倉市","23228","50","200","国民年金 年金・手当などの情報です","https://www.city.iwakura.aichi.jp/category/1-2-3-0-0.html","国民年金 | 岩倉市 共通メニューなどをスキップして本文へ 岩倉市トップに戻る ふりがな やさしい日本語 文字サイズ変更 標準 拡大 色の反転 標準 反転 検索 文字サイズ変更機能を利用するにはJavaScript（アクティブスクリプト）を有効にしてください。JavaScript（アクティブスクリプト）を無効のまま文字サイズを変更する場合には，ご利用のブラウザの表示メニューから文字サイズを変更してください。文字サイズ変更以外にも，操作性向上の目的でJavaScript（アクティブスクリプト）を用いた機能を提供しています。可能であればJavaScript（アクティブスクリプト）を有効にしてくださ"
"岩倉市","23228","50","200","助成金・補助制度","https://www.city.iwakura.aichi.jp/category/1-3-6-6-0-0-0-0-0-0.html","助成金・補助制度 | 岩倉市 共通メニューなどをスキップして本文へ 岩倉市トップに戻る ふりがな やさしい日本語 文字サイズ変更 標準 拡大 色の反転 標準 反転 検索 文字サイズ変更機能を利用するにはJavaScript（アクティブスクリプト）を有効にしてください。JavaScript（アクティブスクリプト）を無効のまま文字サイズを変更する場合には，ご利用のブラウザの表示メニューから文字サイズを変更してください。文字サイズ変更以外にも，操作性向上の目的でJavaScript（アクティブスクリプト）を用いた機能を提供しています。可能であればJavaScript（アクティブスクリプト）を有効にし"
"岩倉市","23228","50","200","児童福祉","https://www.city.iwakura.aichi.jp/category/2-13-0-0-0-0-0-0-0-0.html","児童福祉 | 岩倉市 共通メニューなどをスキップして本文へ 岩倉市トップに戻る ふりがな やさしい日本語 文字サイズ変更 標準 拡大 色の反転 標準 反転 検索 文字サイズ変更機能を利用するにはJavaScript（アクティブスクリプト）を有効にしてください。JavaScript（アクティブスクリプト）を無効のまま文字サイズを変更する場合には，ご利用のブラウザの表示メニューから文字サイズを変更してください。文字サイズ変更以外にも，操作性向上の目的でJavaScript（アクティブスクリプト）を用いた機能を提供しています。可能であればJavaScript（アクティブスクリプト）を有効にしてくださ"
"岩倉市","23228","50","200","高齢者福祉","https://www.city.iwakura.aichi.jp/category/2-15-0-0-0-0-0-0-0-0.html","高齢者福祉 | 岩倉市 共通メニューなどをスキップして本文へ 岩倉市トップに戻る ふりがな やさしい日本語 文字サイズ変更 標準 拡大 色の反転 標準 反転 検索 文字サイズ変更機能を利用するにはJavaScript（アクティブスクリプト）を有効にしてください。JavaScript（アクティブスクリプト）を無効のまま文字サイズを変更する場合には，ご利用のブラウザの表示メニューから文字サイズを変更してください。文字サイズ変更以外にも，操作性向上の目的でJavaScript（アクティブスクリプト）を用いた機能を提供しています。可能であればJavaScript（アクティブスクリプト）を有効にしてくだ"
"岩倉市","23228","50","200","高齢者福祉 町内会活動やボランティア活動などの情報です","https://www.city.iwakura.aichi.jp/category/2-15-0-0-0.html","高齢者福祉 | 岩倉市 共通メニューなどをスキップして本文へ 岩倉市トップに戻る ふりがな やさしい日本語 文字サイズ変更 標準 拡大 色の反転 標準 反転 検索 文字サイズ変更機能を利用するにはJavaScript（アクティブスクリプト）を有効にしてください。JavaScript（アクティブスクリプト）を無効のまま文字サイズを変更する場合には，ご利用のブラウザの表示メニューから文字サイズを変更してください。文字サイズ変更以外にも，操作性向上の目的でJavaScript（アクティブスクリプト）を用いた機能を提供しています。可能であればJavaScript（アクティブスクリプト）を有効にしてくだ"
"岩倉市","23228","50","200","介護保険","https://www.city.iwakura.aichi.jp/category/2-16-0-0-0-0-0-0-0-0.html","介護保険 | 岩倉市 共通メニューなどをスキップして本文へ 岩倉市トップに戻る ふりがな やさしい日本語 文字サイズ変更 標準 拡大 色の反転 標準 反転 検索 文字サイズ変更機能を利用するにはJavaScript（アクティブスクリプト）を有効にしてください。JavaScript（アクティブスクリプト）を無効のまま文字サイズを変更する場合には，ご利用のブラウザの表示メニューから文字サイズを変更してください。文字サイズ変更以外にも，操作性向上の目的でJavaScript（アクティブスクリプト）を用いた機能を提供しています。可能であればJavaScript（アクティブスクリプト）を有効にしてくださ"
"岩倉市","23228","50","200","介護保険 介護申請や介護サービスについての情報です","https://www.city.iwakura.aichi.jp/category/2-16-0-0-0.html","介護保険 | 岩倉市 共通メニューなどをスキップして本文へ 岩倉市トップに戻る ふりがな やさしい日本語 文字サイズ変更 標準 拡大 色の反転 標準 反転 検索 文字サイズ変更機能を利用するにはJavaScript（アクティブスクリプト）を有効にしてください。JavaScript（アクティブスクリプト）を無効のまま文字サイズを変更する場合には，ご利用のブラウザの表示メニューから文字サイズを変更してください。文字サイズ変更以外にも，操作性向上の目的でJavaScript（アクティブスクリプト）を用いた機能を提供しています。可能であればJavaScript（アクティブスクリプト）を有効にしてくださ"
"岩倉市","23228","50","200","妊娠・出産","https://www.city.iwakura.aichi.jp/category/6-3-0-0-0-0-0-0-0-0.html","妊娠・出産 | 岩倉市 共通メニューなどをスキップして本文へ 岩倉市トップに戻る ふりがな やさしい日本語 文字サイズ変更 標準 拡大 色の反転 標準 反転 検索 文字サイズ変更機能を利用するにはJavaScript（アクティブスクリプト）を有効にしてください。JavaScript（アクティブスクリプト）を無効のまま文字サイズを変更する場合には，ご利用のブラウザの表示メニューから文字サイズを変更してください。文字サイズ変更以外にも，操作性向上の目的でJavaScript（アクティブスクリプト）を用いた機能を提供しています。可能であればJavaScript（アクティブスクリプト）を有効にしてくだ"
"岩倉市","23228","50","200","健診・予防接種・健康教室 健康診査や予防接種についての情報です","https://www.city.iwakura.aichi.jp/category/7-3-0-0-0.html","健診・予防接種・健康教室 | 岩倉市 共通メニューなどをスキップして本文へ 岩倉市トップに戻る ふりがな やさしい日本語 文字サイズ変更 標準 拡大 色の反転 標準 反転 検索 文字サイズ変更機能を利用するにはJavaScript（アクティブスクリプト）を有効にしてください。JavaScript（アクティブスクリプト）を無効のまま文字サイズを変更する場合には，ご利用のブラウザの表示メニューから文字サイズを変更してください。文字サイズ変更以外にも，操作性向上の目的でJavaScript（アクティブスクリプト）を用いた機能を提供しています。可能であればJavaScript（アクティブスクリプト）を"
"岩倉市","23228","50","200","医療・健康保険 国民健康保険・後期高齢者医療制度についての情報です","https://www.city.iwakura.aichi.jp/category/7-8-0-0-0.html","医療・健康保険 | 岩倉市 共通メニューなどをスキップして本文へ 岩倉市トップに戻る ふりがな やさしい日本語 文字サイズ変更 標準 拡大 色の反転 標準 反転 検索 文字サイズ変更機能を利用するにはJavaScript（アクティブスクリプト）を有効にしてください。JavaScript（アクティブスクリプト）を無効のまま文字サイズを変更する場合には，ご利用のブラウザの表示メニューから文字サイズを変更してください。文字サイズ変更以外にも，操作性向上の目的でJavaScript（アクティブスクリプト）を用いた機能を提供しています。可能であればJavaScript（アクティブスクリプト）を有効にして"
"岩倉市","23228","50","200","児童遊園","https://www.city.iwakura.aichi.jp/soshiki/5-3-0-0-0_4.html","維持管理課 | 児童遊園 | 岩倉市 共通メニューなどをスキップして本文へ 岩倉市トップに戻る ふりがな やさしい日本語 文字サイズ変更 標準 拡大 色の反転 標準 反転 検索 文字サイズ変更機能を利用するにはJavaScript（アクティブスクリプト）を有効にしてください。JavaScript（アクティブスクリプト）を無効のまま文字サイズを変更する場合には，ご利用のブラウザの表示メニューから文字サイズを変更してください。文字サイズ変更以外にも，操作性向上の目的でJavaScript（アクティブスクリプト）を用いた機能を提供しています。可能であればJavaScript（アクティブスクリプト）を"
"岩倉市","23228","50","200","介護保険について","https://www.city.iwakura.aichi.jp/soshiki/8-2-0-0-0_1.html","長寿介護課 | 介護保険について | 岩倉市 共通メニューなどをスキップして本文へ 岩倉市トップに戻る ふりがな やさしい日本語 文字サイズ変更 標準 拡大 色の反転 標準 反転 検索 文字サイズ変更機能を利用するにはJavaScript（アクティブスクリプト）を有効にしてください。JavaScript（アクティブスクリプト）を無効のまま文字サイズを変更する場合には，ご利用のブラウザの表示メニューから文字サイズを変更してください。文字サイズ変更以外にも，操作性向上の目的でJavaScript（アクティブスクリプト）を用いた機能を提供しています。可能であればJavaScript（アクティブスクリ"
"岩倉市","23228","50","200","要介護認定","https://www.city.iwakura.aichi.jp/soshiki/8-2-0-0-0_2.html","長寿介護課 | 要介護認定 | 岩倉市 共通メニューなどをスキップして本文へ 岩倉市トップに戻る ふりがな やさしい日本語 文字サイズ変更 標準 拡大 色の反転 標準 反転 検索 文字サイズ変更機能を利用するにはJavaScript（アクティブスクリプト）を有効にしてください。JavaScript（アクティブスクリプト）を無効のまま文字サイズを変更する場合には，ご利用のブラウザの表示メニューから文字サイズを変更してください。文字サイズ変更以外にも，操作性向上の目的でJavaScript（アクティブスクリプト）を用いた機能を提供しています。可能であればJavaScript（アクティブスクリプト）"
"岩倉市","23228","50","200","介護保険料","https://www.city.iwakura.aichi.jp/soshiki/8-2-0-0-0_3.html","長寿介護課 | 介護保険料 | 岩倉市 共通メニューなどをスキップして本文へ 岩倉市トップに戻る ふりがな やさしい日本語 文字サイズ変更 標準 拡大 色の反転 標準 反転 検索 文字サイズ変更機能を利用するにはJavaScript（アクティブスクリプト）を有効にしてください。JavaScript（アクティブスクリプト）を無効のまま文字サイズを変更する場合には，ご利用のブラウザの表示メニューから文字サイズを変更してください。文字サイズ変更以外にも，操作性向上の目的でJavaScript（アクティブスクリプト）を用いた機能を提供しています。可能であればJavaScript（アクティブスクリプト）"
"岩倉市","23228","50","200","介護サービス","https://www.city.iwakura.aichi.jp/soshiki/8-2-0-0-0_4.html","長寿介護課 | 介護サービス | 岩倉市 共通メニューなどをスキップして本文へ 岩倉市トップに戻る ふりがな やさしい日本語 文字サイズ変更 標準 拡大 色の反転 標準 反転 検索 文字サイズ変更機能を利用するにはJavaScript（アクティブスクリプト）を有効にしてください。JavaScript（アクティブスクリプト）を無効のまま文字サイズを変更する場合には，ご利用のブラウザの表示メニューから文字サイズを変更してください。文字サイズ変更以外にも，操作性向上の目的でJavaScript（アクティブスクリプト）を用いた機能を提供しています。可能であればJavaScript（アクティブスクリプト"
"岩倉市","23228","50","200","高齢福祉サービス","https://www.city.iwakura.aichi.jp/soshiki/8-2-0-0-0_7.html","長寿介護課 | 高齢福祉サービス | 岩倉市 共通メニューなどをスキップして本文へ 岩倉市トップに戻る ふりがな やさしい日本語 文字サイズ変更 標準 拡大 色の反転 標準 反転 検索 文字サイズ変更機能を利用するにはJavaScript（アクティブスクリプト）を有効にしてください。JavaScript（アクティブスクリプト）を無効のまま文字サイズを変更する場合には，ご利用のブラウザの表示メニューから文字サイズを変更してください。文字サイズ変更以外にも，操作性向上の目的でJavaScript（アクティブスクリプト）を用いた機能を提供しています。可能であればJavaScript（アクティブスクリ"
"岩倉市","23228","50","200","家族への支援制度","https://www.city.iwakura.aichi.jp/soshiki/8-2-0-0-0_9.html","長寿介護課 | 家族への支援制度 | 岩倉市 共通メニューなどをスキップして本文へ 岩倉市トップに戻る ふりがな やさしい日本語 文字サイズ変更 標準 拡大 色の反転 標準 反転 検索 文字サイズ変更機能を利用するにはJavaScript（アクティブスクリプト）を有効にしてください。JavaScript（アクティブスクリプト）を無効のまま文字サイズを変更する場合には，ご利用のブラウザの表示メニューから文字サイズを変更してください。文字サイズ変更以外にも，操作性向上の目的でJavaScript（アクティブスクリプト）を用いた機能を提供しています。可能であればJavaScript（アクティブスクリ"
"高浜市","23227","50","200","介護障がいグループにメールを送る","https://www.city.takahama.lg.jp/form/detail.php?sec_sec1=11","お問い合わせ - 高浜市ホームページ ページの先頭です。 メニューを飛ばして本文へ メニュー JavaScriptが無効のため、文字の大きさ・背景色を変更する機能を使用できません。 本文へ Foreign language 文字サイズ 標準 拡大 背景色変更 白 黒 青 もしもの時は --> 生活に関する情報 Living information 住民票・戸籍 保険・年金 税金（くらしの情報） 消防・救急 防災 防犯・安全 医療・健康 福祉・介護 子育て 教育 上水道・下水道 ごみ・衛生 ペット・動植物 まちづくり・コミュニティ・協働 生涯学習・スポーツ 人権・男女平等・外国人 土地・住宅 道"
"高浜市","23227","50","200","後期高齢者医療制度","https://www.city.takahama.lg.jp/life/1/2/14/","後期高齢者医療制度 - 高浜市ホームページ ページの先頭です。 メニューを飛ばして本文へ メニュー JavaScriptが無効のため、文字の大きさ・背景色を変更する機能を使用できません。 本文へ Foreign language 文字サイズ 標準 拡大 背景色変更 白 黒 青 もしもの時は --> 生活に関する情報 Living information 住民票・戸籍 保険・年金 税金（くらしの情報） 消防・救急 防災 防犯・安全 医療・健康 福祉・介護 子育て 教育 上水道・下水道 ごみ・衛生 ペット・動植物 まちづくり・コミュニティ・協働 生涯学習・スポーツ 人権・男女平等・外国人 土地・住"
"高浜市","23227","50","200","妊娠・出産","https://www.city.takahama.lg.jp/life/1/39/","妊娠・出産 - 高浜市ホームページ ページの先頭です。 メニューを飛ばして本文へ メニュー JavaScriptが無効のため、文字の大きさ・背景色を変更する機能を使用できません。 本文へ Foreign language 文字サイズ 標準 拡大 背景色変更 白 黒 青 もしもの時は --> 生活に関する情報 Living information 住民票・戸籍 保険・年金 税金（くらしの情報） 消防・救急 防災 防犯・安全 医療・健康 福祉・介護 子育て 教育 上水道・下水道 ごみ・衛生 ペット・動植物 まちづくり・コミュニティ・協働 生涯学習・スポーツ 人権・男女平等・外国人 土地・住宅 道路"
"高浜市","23227","50","200","出産","https://www.city.takahama.lg.jp/life/1/39/206/","出産 - 高浜市ホームページ ページの先頭です。 メニューを飛ばして本文へ メニュー JavaScriptが無効のため、文字の大きさ・背景色を変更する機能を使用できません。 本文へ Foreign language 文字サイズ 標準 拡大 背景色変更 白 黒 青 もしもの時は --> 生活に関する情報 Living information 住民票・戸籍 保険・年金 税金（くらしの情報） 消防・救急 防災 防犯・安全 医療・健康 福祉・介護 子育て 教育 上水道・下水道 ごみ・衛生 ペット・動植物 まちづくり・コミュニティ・協働 生涯学習・スポーツ 人権・男女平等・外国人 土地・住宅 道路・河川"
"高浜市","23227","50","200","補助関連事業","https://www.city.takahama.lg.jp/life/1/5/33/","補助関連事業 - 高浜市ホームページ ページの先頭です。 メニューを飛ばして本文へ メニュー JavaScriptが無効のため、文字の大きさ・背景色を変更する機能を使用できません。 本文へ Foreign language 文字サイズ 標準 拡大 背景色変更 白 黒 青 もしもの時は --> 生活に関する情報 Living information 住民票・戸籍 保険・年金 税金（くらしの情報） 消防・救急 防災 防犯・安全 医療・健康 福祉・介護 子育て 教育 上水道・下水道 ごみ・衛生 ペット・動植物 まちづくり・コミュニティ・協働 生涯学習・スポーツ 人権・男女平等・外国人 土地・住宅 道"
"高浜市","23227","50","200","妊娠・出産","https://www.city.takahama.lg.jp/life/1/7/39/","妊娠・出産 - 高浜市ホームページ ページの先頭です。 メニューを飛ばして本文へ メニュー JavaScriptが無効のため、文字の大きさ・背景色を変更する機能を使用できません。 本文へ Foreign language 文字サイズ 標準 拡大 背景色変更 白 黒 青 もしもの時は --> 生活に関する情報 Living information 住民票・戸籍 保険・年金 税金（くらしの情報） 消防・救急 防災 防犯・安全 医療・健康 福祉・介護 子育て 教育 上水道・下水道 ごみ・衛生 ペット・動植物 まちづくり・コミュニティ・協働 生涯学習・スポーツ 人権・男女平等・外国人 土地・住宅 道路"
"高浜市","23227","50","200","予防接種","https://www.city.takahama.lg.jp/life/1/7/46/","予防接種 - 高浜市ホームページ ページの先頭です。 メニューを飛ばして本文へ メニュー JavaScriptが無効のため、文字の大きさ・背景色を変更する機能を使用できません。 本文へ Foreign language 文字サイズ 標準 拡大 背景色変更 白 黒 青 もしもの時は --> 生活に関する情報 Living information 住民票・戸籍 保険・年金 税金（くらしの情報） 消防・救急 防災 防犯・安全 医療・健康 福祉・介護 子育て 教育 上水道・下水道 ごみ・衛生 ペット・動植物 まちづくり・コミュニティ・協働 生涯学習・スポーツ 人権・男女平等・外国人 土地・住宅 道路・"
"高浜市","23227","50","200","福祉・介護","https://www.city.takahama.lg.jp/life/1/8/","福祉・介護 - 高浜市ホームページ ページの先頭です。 メニューを飛ばして本文へ メニュー JavaScriptが無効のため、文字の大きさ・背景色を変更する機能を使用できません。 本文へ Foreign language 文字サイズ 標準 拡大 背景色変更 白 黒 青 もしもの時は --> 生活に関する情報 Living information 住民票・戸籍 保険・年金 税金（くらしの情報） 消防・救急 防災 防犯・安全 医療・健康 福祉・介護 子育て 教育 上水道・下水道 ごみ・衛生 ペット・動植物 まちづくり・コミュニティ・協働 生涯学習・スポーツ 人権・男女平等・外国人 土地・住宅 道路"
"高浜市","23227","50","200","高齢者","https://www.city.takahama.lg.jp/life/1/8/48/","高齢者 - 高浜市ホームページ ページの先頭です。 メニューを飛ばして本文へ メニュー JavaScriptが無効のため、文字の大きさ・背景色を変更する機能を使用できません。 本文へ Foreign language 文字サイズ 標準 拡大 背景色変更 白 黒 青 もしもの時は --> 生活に関する情報 Living information 住民票・戸籍 保険・年金 税金（くらしの情報） 消防・救急 防災 防犯・安全 医療・健康 福祉・介護 子育て 教育 上水道・下水道 ごみ・衛生 ペット・動植物 まちづくり・コミュニティ・協働 生涯学習・スポーツ 人権・男女平等・外国人 土地・住宅 道路・河"
"高浜市","23227","50","200","児童","https://www.city.takahama.lg.jp/life/1/8/50/","児童 - 高浜市ホームページ ページの先頭です。 メニューを飛ばして本文へ メニュー JavaScriptが無効のため、文字の大きさ・背景色を変更する機能を使用できません。 本文へ Foreign language 文字サイズ 標準 拡大 背景色変更 白 黒 青 もしもの時は --> 生活に関する情報 Living information 住民票・戸籍 保険・年金 税金（くらしの情報） 消防・救急 防災 防犯・安全 医療・健康 福祉・介護 子育て 教育 上水道・下水道 ごみ・衛生 ペット・動植物 まちづくり・コミュニティ・協働 生涯学習・スポーツ 人権・男女平等・外国人 土地・住宅 道路・河川"
"高浜市","23227","50","200","児童センター・児童クラブ・放課後居場所・東海会館","https://www.city.takahama.lg.jp/life/1/9/200/","児童センター・児童クラブ・放課後居場所・東海会館 - 高浜市ホームページ ページの先頭です。 メニューを飛ばして本文へ メニュー JavaScriptが無効のため、文字の大きさ・背景色を変更する機能を使用できません。 本文へ Foreign language 文字サイズ 標準 拡大 背景色変更 白 黒 青 もしもの時は --> 生活に関する情報 Living information 住民票・戸籍 保険・年金 税金（くらしの情報） 消防・救急 防災 防犯・安全 医療・健康 福祉・介護 子育て 教育 上水道・下水道 ごみ・衛生 ペット・動植物 まちづくり・コミュニティ・協働 生涯学習・スポーツ 人"
"高浜市","23227","50","200","乳幼児健診・予防接種","https://www.city.takahama.lg.jp/life/1/9/56/","乳幼児健診・予防接種 - 高浜市ホームページ ページの先頭です。 メニューを飛ばして本文へ メニュー JavaScriptが無効のため、文字の大きさ・背景色を変更する機能を使用できません。 本文へ Foreign language 文字サイズ 標準 拡大 背景色変更 白 黒 青 もしもの時は --> 生活に関する情報 Living information 住民票・戸籍 保険・年金 税金（くらしの情報） 消防・救急 防災 防犯・安全 医療・健康 福祉・介護 子育て 教育 上水道・下水道 ごみ・衛生 ペット・動植物 まちづくり・コミュニティ・協働 生涯学習・スポーツ 人権・男女平等・外国人 土地・"
"高浜市","23227","50","200","ひとり親","https://www.city.takahama.lg.jp/life/1/9/57/","ひとり親 - 高浜市ホームページ ページの先頭です。 メニューを飛ばして本文へ メニュー JavaScriptが無効のため、文字の大きさ・背景色を変更する機能を使用できません。 本文へ Foreign language 文字サイズ 標準 拡大 背景色変更 白 黒 青 もしもの時は --> 生活に関する情報 Living information 住民票・戸籍 保険・年金 税金（くらしの情報） 消防・救急 防災 防犯・安全 医療・健康 福祉・介護 子育て 教育 上水道・下水道 ごみ・衛生 ペット・動植物 まちづくり・コミュニティ・協働 生涯学習・スポーツ 人権・男女平等・外国人 土地・住宅 道路・"
"高浜市","23227","50","200","家庭児童相談室","https://www.city.takahama.lg.jp/soshiki/fmarugoto/1670.html","家庭児童相談室 - 高浜市ホームページ ページの先頭です。 メニューを飛ばして本文へ メニュー JavaScriptが無効のため、文字の大きさ・背景色を変更する機能を使用できません。 本文へ Foreign language 文字サイズ 標準 拡大 背景色変更 白 黒 青 もしもの時は --> 生活に関する情報 Living information 住民票・戸籍 保険・年金 税金（くらしの情報） 消防・救急 防災 防犯・安全 医療・健康 福祉・介護 子育て 教育 上水道・下水道 ごみ・衛生 ペット・動植物 まちづくり・コミュニティ・協働 生涯学習・スポーツ 人権・男女平等・外国人 土地・住宅 "
"高浜市","23227","50","200","児童虐待とは","https://www.city.takahama.lg.jp/soshiki/fmarugoto/1735.html","児童虐待とは - 高浜市ホームページ ページの先頭です。 メニューを飛ばして本文へ メニュー JavaScriptが無効のため、文字の大きさ・背景色を変更する機能を使用できません。 本文へ Foreign language 文字サイズ 標準 拡大 背景色変更 白 黒 青 もしもの時は --> 生活に関する情報 Living information 住民票・戸籍 保険・年金 税金（くらしの情報） 消防・救急 防災 防犯・安全 医療・健康 福祉・介護 子育て 教育 上水道・下水道 ごみ・衛生 ペット・動植物 まちづくり・コミュニティ・協働 生涯学習・スポーツ 人権・男女平等・外国人 土地・住宅 道"
"高浜市","23227","50","200","児童福祉","https://www.city.takahama.lg.jp/soshiki/fmarugoto/1741.html","児童福祉 - 高浜市ホームページ ページの先頭です。 メニューを飛ばして本文へ メニュー JavaScriptが無効のため、文字の大きさ・背景色を変更する機能を使用できません。 本文へ Foreign language 文字サイズ 標準 拡大 背景色変更 白 黒 青 もしもの時は --> 生活に関する情報 Living information 住民票・戸籍 保険・年金 税金（くらしの情報） 消防・救急 防災 防犯・安全 医療・健康 福祉・介護 子育て 教育 上水道・下水道 ごみ・衛生 ペット・動植物 まちづくり・コミュニティ・協働 生涯学習・スポーツ 人権・男女平等・外国人 土地・住宅 道路・"
"高浜市","23227","50","200","児童センター・児童クラブ・放課後居場所・東海会館","https://www.city.takahama.lg.jp/soshiki/ikusei/1732.html","児童センター・児童クラブ・放課後居場所・東海会館 - 高浜市ホームページ ページの先頭です。 メニューを飛ばして本文へ メニュー JavaScriptが無効のため、文字の大きさ・背景色を変更する機能を使用できません。 本文へ Foreign language 文字サイズ 標準 拡大 背景色変更 白 黒 青 もしもの時は --> 生活に関する情報 Living information 住民票・戸籍 保険・年金 税金（くらしの情報） 消防・救急 防災 防犯・安全 医療・健康 福祉・介護 子育て 教育 上水道・下水道 ごみ・衛生 ペット・動植物 まちづくり・コミュニティ・協働 生涯学習・スポーツ 人"
"高浜市","23227","50","200","予防接種－BCG","https://www.city.takahama.lg.jp/soshiki/kenko/2416.html","予防接種－BCG - 高浜市ホームページ ページの先頭です。 メニューを飛ばして本文へ メニュー JavaScriptが無効のため、文字の大きさ・背景色を変更する機能を使用できません。 本文へ Foreign language 文字サイズ 標準 拡大 背景色変更 白 黒 青 もしもの時は --> 生活に関する情報 Living information 住民票・戸籍 保険・年金 税金（くらしの情報） 消防・救急 防災 防犯・安全 医療・健康 福祉・介護 子育て 教育 上水道・下水道 ごみ・衛生 ペット・動植物 まちづくり・コミュニティ・協働 生涯学習・スポーツ 人権・男女平等・外国人 土地・住宅"
"高浜市","23227","50","200","予防接種－ヒブ","https://www.city.takahama.lg.jp/soshiki/kenko/2420.html","予防接種－ヒブ - 高浜市ホームページ ページの先頭です。 メニューを飛ばして本文へ メニュー JavaScriptが無効のため、文字の大きさ・背景色を変更する機能を使用できません。 本文へ Foreign language 文字サイズ 標準 拡大 背景色変更 白 黒 青 もしもの時は --> 生活に関する情報 Living information 住民票・戸籍 保険・年金 税金（くらしの情報） 消防・救急 防災 防犯・安全 医療・健康 福祉・介護 子育て 教育 上水道・下水道 ごみ・衛生 ペット・動植物 まちづくり・コミュニティ・協働 生涯学習・スポーツ 人権・男女平等・外国人 土地・住宅 "
"高浜市","23227","50","200","予防接種－HPVワクチン（ヒトパピローマウイルス感染症）","https://www.city.takahama.lg.jp/soshiki/kenko/2421.html","予防接種－HPVワクチン（ヒトパピローマウイルス感染症） - 高浜市ホームページ ページの先頭です。 メニューを飛ばして本文へ メニュー JavaScriptが無効のため、文字の大きさ・背景色を変更する機能を使用できません。 本文へ Foreign language 文字サイズ 標準 拡大 背景色変更 白 黒 青 もしもの時は --> 生活に関する情報 Living information 住民票・戸籍 保険・年金 税金（くらしの情報） 消防・救急 防災 防犯・安全 医療・健康 福祉・介護 子育て 教育 上水道・下水道 ごみ・衛生 ペット・動植物 まちづくり・コミュニティ・協働 生涯学習・スポ"
"高浜市","23227","50","200","子どもの予防接種","https://www.city.takahama.lg.jp/soshiki/kenko/2425.html","子どもの予防接種 - 高浜市ホームページ ページの先頭です。 メニューを飛ばして本文へ メニュー JavaScriptが無効のため、文字の大きさ・背景色を変更する機能を使用できません。 本文へ Foreign language 文字サイズ 標準 拡大 背景色変更 白 黒 青 もしもの時は --> 生活に関する情報 Living information 住民票・戸籍 保険・年金 税金（くらしの情報） 消防・救急 防災 防犯・安全 医療・健康 福祉・介護 子育て 教育 上水道・下水道 ごみ・衛生 ペット・動植物 まちづくり・コミュニティ・協働 生涯学習・スポーツ 人権・男女平等・外国人 土地・住宅"
"高浜市","23227","50","200","予防接種－5種混合","https://www.city.takahama.lg.jp/soshiki/kenko/28717.html","予防接種－5種混合 - 高浜市ホームページ ページの先頭です。 メニューを飛ばして本文へ メニュー JavaScriptが無効のため、文字の大きさ・背景色を変更する機能を使用できません。 本文へ Foreign language 文字サイズ 標準 拡大 背景色変更 白 黒 青 もしもの時は --> 生活に関する情報 Living information 住民票・戸籍 保険・年金 税金（くらしの情報） 消防・救急 防災 防犯・安全 医療・健康 福祉・介護 子育て 教育 上水道・下水道 ごみ・衛生 ペット・動植物 まちづくり・コミュニティ・協働 生涯学習・スポーツ 人権・男女平等・外国人 土地・住"
"日進市","23230","50","200","多胎児交流会（かるがもキッズ）","https://www.city.nisshin.lg.jp/department/kenko/kenko/2/2/2/2123.html","かるがもキッズ／日進市 本文へ 文字サイズ 背景色変更 携帯サイト Other Language 部や課で選ぶ ご意見・お問い合わせ ホーム くらしの情報 行事・イベント 市役所・公共施設 市の政策・計画 サイト内検索 くらしの情報 行事・イベント 市役所・公共施設 市の政策・計画 Other Language 部や課で選ぶ ご意見・お問い合わせ 現在の位置 ホーム 部や課で選ぶ 健康こども部 健康課 行事・イベント一覧 イベント 健康・福祉 かるがもキッズ かるがもキッズ ID番号 N2123 更新日：2026年06月09日 ふたご以上のお子さんと家族、および出産予定の人を対象とした交流会で"
"日進市","23230","50","200","子どもまつり（岩崎台・香久山福祉会館）","https://www.city.nisshin.lg.jp/department/seikatu/fukushikaikan/2/2_1/2/12092.html","子どもまつり（岩崎台・香久山福祉会館）／日進市 本文へ 文字サイズ 背景色変更 携帯サイト Other Language 部や課で選ぶ ご意見・お問い合わせ ホーム くらしの情報 行事・イベント 市役所・公共施設 市の政策・計画 サイト内検索 くらしの情報 行事・イベント 市役所・公共施設 市の政策・計画 Other Language 部や課で選ぶ ご意見・お問い合わせ 現在の位置 ホーム 部や課で選ぶ 市民生活部 福祉会館 岩崎台・香久山福祉会館 イベント 催し 子どもまつり（岩崎台・香久山福祉会館） 子どもまつり（岩崎台・香久山福祉会館） ID番号 N12092 更新日：2026年07月0"
"日進市","23230","50","200","夏休み 子ども書道教室","https://www.city.nisshin.lg.jp/department/shogai/manabi/2/2/3/16109.html","「夏休み子ども書道教室」の参加者募集について／日進市 本文へ 文字サイズ 背景色変更 携帯サイト Other Language 部や課で選ぶ ご意見・お問い合わせ ホーム くらしの情報 行事・イベント 市役所・公共施設 市の政策・計画 サイト内検索 くらしの情報 行事・イベント 市役所・公共施設 市の政策・計画 Other Language 部や課で選ぶ ご意見・お問い合わせ 現在の位置 ホーム 部や課で選ぶ 生涯学習部 学び支援課 行事・イベント一覧 イベント 文化 「夏休み子ども書道教室」の参加者募集について 「夏休み子ども書道教室」の参加者募集について ID番号 N16109 更新日：2"
"日進市","23230","50","200","夏休み 子ども絵画教室","https://www.city.nisshin.lg.jp/department/shogai/manabi/2/2/3/16110.html","「夏休み子ども絵画教室」の開催について／日進市 本文へ 文字サイズ 背景色変更 携帯サイト Other Language 部や課で選ぶ ご意見・お問い合わせ ホーム くらしの情報 行事・イベント 市役所・公共施設 市の政策・計画 サイト内検索 くらしの情報 行事・イベント 市役所・公共施設 市の政策・計画 Other Language 部や課で選ぶ ご意見・お問い合わせ 現在の位置 ホーム 部や課で選ぶ 生涯学習部 学び支援課 行事・イベント一覧 イベント 文化 「夏休み子ども絵画教室」の開催について 「夏休み子ども絵画教室」の開催について ID番号 N16110 更新日：2026年05月26"
"日進市","23230","50","200","日進生誕120周年記念事業にっしん子ども歴史教室「タイムトラベル！むかしのやきもの大発見」","https://www.city.nisshin.lg.jp/department/shogai/manabi/2/2/3/18797.html","にっしん子ども歴史教室「タイムトラベル！むかしのやきもの大発見」／日進市 本文へ 文字サイズ 背景色変更 携帯サイト Other Language 部や課で選ぶ ご意見・お問い合わせ ホーム くらしの情報 行事・イベント 市役所・公共施設 市の政策・計画 サイト内検索 くらしの情報 行事・イベント 市役所・公共施設 市の政策・計画 Other Language 部や課で選ぶ ご意見・お問い合わせ 現在の位置 ホーム 部や課で選ぶ 生涯学習部 学び支援課 行事・イベント一覧 イベント 文化 にっしん子ども歴史教室「タイムトラベル！むかしのやきもの大発見」 にっしん子ども歴史教室「タイムトラベル！"
"日進市","23230","50","200","事業再構築補助金について","https://www.city.nisshin.lg.jp/department/sougou/jouhou/hozyo_ichiran/hozyokin/14901.html","事業再構築補助金について／日進市 本文へ 文字サイズ 背景色変更 携帯サイト Other Language 部や課で選ぶ ご意見・お問い合わせ ホーム くらしの情報 行事・イベント 市役所・公共施設 市の政策・計画 サイト内検索 くらしの情報 行事・イベント 市役所・公共施設 市の政策・計画 Other Language 部や課で選ぶ ご意見・お問い合わせ 現在の位置 ホーム 部や課で選ぶ 総合政策部 情報広報課 補助金一覧 補助金 事業再構築補助金について 事業再構築補助金について ID番号 N14901 更新日：2024年04月19日 事業再構築補助金 ポストコロナ・ウィズコロナ時代の経済"
"日進市","23230","50","200","令和8年度市民自治活動推進補助金事業の審査結果","https://www.city.nisshin.lg.jp/department/sougou/jouhou/hozyo_ichiran/hozyokin/14902.html","令和8年度市民自治活動推進補助金事業の審査結果／日進市 本文へ 文字サイズ 背景色変更 携帯サイト Other Language 部や課で選ぶ ご意見・お問い合わせ ホーム くらしの情報 行事・イベント 市役所・公共施設 市の政策・計画 サイト内検索 くらしの情報 行事・イベント 市役所・公共施設 市の政策・計画 Other Language 部や課で選ぶ ご意見・お問い合わせ 現在の位置 ホーム 部や課で選ぶ 総合政策部 情報広報課 補助金一覧 補助金 令和8年度市民自治活動推進補助金事業の審査結果 令和8年度市民自治活動推進補助金事業の審査結果 ID番号 N14902 更新日：2026年0"
"日進市","23230","50","200","日進市企業再投資促進補助金","https://www.city.nisshin.lg.jp/department/sougou/jouhou/hozyo_ichiran/hozyokin/14909.html","日進市企業再投資促進補助金／日進市 本文へ 文字サイズ 背景色変更 携帯サイト Other Language 部や課で選ぶ ご意見・お問い合わせ ホーム くらしの情報 行事・イベント 市役所・公共施設 市の政策・計画 サイト内検索 くらしの情報 行事・イベント 市役所・公共施設 市の政策・計画 Other Language 部や課で選ぶ ご意見・お問い合わせ 現在の位置 ホーム 部や課で選ぶ 総合政策部 情報広報課 補助金一覧 補助金 日進市企業再投資促進補助金 日進市企業再投資促進補助金 ID番号 N14909 更新日：2025年04月01日 日進市では、愛知県と連携して、長年にわたり市内に"
"日進市","23230","50","200","日進市後期高齢者医療健康診査の費用にかかる補助金について","https://www.city.nisshin.lg.jp/department/sougou/jouhou/hozyo_ichiran/hozyokin/14912.html","日進市後期高齢者医療健康診査の費用にかかる補助金について／日進市 本文へ 文字サイズ 背景色変更 携帯サイト Other Language 部や課で選ぶ ご意見・お問い合わせ ホーム くらしの情報 行事・イベント 市役所・公共施設 市の政策・計画 サイト内検索 くらしの情報 行事・イベント 市役所・公共施設 市の政策・計画 Other Language 部や課で選ぶ ご意見・お問い合わせ 現在の位置 ホーム 部や課で選ぶ 総合政策部 情報広報課 補助金一覧 補助金 日進市後期高齢者医療健康診査の費用にかかる補助金について 日進市後期高齢者医療健康診査の費用にかかる補助金について ID番号 N1"
"日進市","23230","50","200","特定健診、特定保健指導の費用にかかる補助金について","https://www.city.nisshin.lg.jp/department/sougou/jouhou/hozyo_ichiran/hozyokin/14921.html","特定健診、特定保健指導の費用にかかる補助金について／日進市 本文へ 文字サイズ 背景色変更 携帯サイト Other Language 部や課で選ぶ ご意見・お問い合わせ ホーム くらしの情報 行事・イベント 市役所・公共施設 市の政策・計画 サイト内検索 くらしの情報 行事・イベント 市役所・公共施設 市の政策・計画 Other Language 部や課で選ぶ ご意見・お問い合わせ 現在の位置 ホーム 部や課で選ぶ 総合政策部 情報広報課 補助金一覧 補助金 特定健診、特定保健指導の費用にかかる補助金について 特定健診、特定保健指導の費用にかかる補助金について ID番号 N14921 更新日："
"日進市","23230","50","200","補助金","https://www.city.nisshin.lg.jp/department/sougou/jouhou/hozyo_ichiran/hozyokin/index.html","補助金／日進市 本文へ 文字サイズ 背景色変更 携帯サイト Other Language 部や課で選ぶ ご意見・お問い合わせ ホーム くらしの情報 行事・イベント 市役所・公共施設 市の政策・計画 サイト内検索 くらしの情報 行事・イベント 市役所・公共施設 市の政策・計画 Other Language 部や課で選ぶ ご意見・お問い合わせ 現在の位置 ホーム 部や課で選ぶ 総合政策部 情報広報課 補助金一覧 補助金 補助金 ID番号 N14897 更新日：2023年10月02日 令和8年度地球温暖化対策設備設置費補助事業 【太陽光発電システム・蓄電池・エネファームの補助申請をされる方へ】くらし"
"日進市","23230","50","200","助成金","https://www.city.nisshin.lg.jp/department/sougou/jouhou/hozyo_ichiran/zyoseikin/index.html","助成金／日進市 本文へ 文字サイズ 背景色変更 携帯サイト Other Language 部や課で選ぶ ご意見・お問い合わせ ホーム くらしの情報 行事・イベント 市役所・公共施設 市の政策・計画 サイト内検索 くらしの情報 行事・イベント 市役所・公共施設 市の政策・計画 Other Language 部や課で選ぶ ご意見・お問い合わせ 現在の位置 ホーム 部や課で選ぶ 総合政策部 情報広報課 補助金一覧 助成金 助成金 ID番号 N14898 更新日：2023年10月02日 友好自治体宿泊施設利用助成制度について 紙おむつ購入助成券支給サービス 日進市高等学校等修学助成金制度 高齢者用肺炎"
"日進市","23230","50","200","高齢者支援","https://www.city.nisshin.lg.jp/kurashi/fukushi/koureisya/index.html","高齢者支援／日進市 本文へ 文字サイズ 背景色変更 携帯サイト Other Language 部や課で選ぶ ご意見・お問い合わせ ホーム くらしの情報 行事・イベント 市役所・公共施設 市の政策・計画 サイト内検索 くらしの情報 行事・イベント 市役所・公共施設 市の政策・計画 Other Language 部や課で選ぶ ご意見・お問い合わせ 現在の位置 ホーム 暮らしの情報 福祉・健康・医療 高齢者支援 高齢者支援 ID番号 N6023 更新日：2019年03月01日 福祉有償運送支援事業 (事業者の方へ)福祉有償運送の相談・申請手続きについて 生活管理指導短期宿泊サービス 健やかにっしん・"
"日進市","23230","50","200","高齢者","https://www.city.nisshin.lg.jp/kurashi/seane/kourei/index.html","高齢者／日進市 本文へ 文字サイズ 背景色変更 携帯サイト Other Language 部や課で選ぶ ご意見・お問い合わせ ホーム くらしの情報 行事・イベント 市役所・公共施設 市の政策・計画 サイト内検索 くらしの情報 行事・イベント 市役所・公共施設 市の政策・計画 Other Language 部や課で選ぶ ご意見・お問い合わせ 現在の位置 ホーム 暮らしの情報 暮らしのシーンから探す 高齢者 高齢者 ID番号 N5540 更新日：2019年03月01日 介護保険のサービス 福祉用具の購入助成 住宅改修費の助成 移送サービス費助成 紙おむつ購入助成券支給サービス 在宅支援のサービス "
"日進市","23230","50","200","介護者のつどい・やさしい介護教室","https://www.city.nisshin.lg.jp/kurashi/seane/kourei/jutakushien/10673.html","介護者のつどい・やさしい介護教室／日進市 本文へ 文字サイズ 背景色変更 携帯サイト Other Language 部や課で選ぶ ご意見・お問い合わせ ホーム くらしの情報 行事・イベント 市役所・公共施設 市の政策・計画 サイト内検索 くらしの情報 行事・イベント 市役所・公共施設 市の政策・計画 Other Language 部や課で選ぶ ご意見・お問い合わせ 現在の位置 ホーム 暮らしの情報 暮らしのシーンから探す 高齢者 在宅支援のサービス 介護者のつどい・やさしい介護教室 介護者のつどい・やさしい介護教室 ID番号 N10673 更新日：2026年04月01日 介護者のつどい（ひだま"
"日進市","23230","50","200","介護マークを配布します","https://www.city.nisshin.lg.jp/kurashi/seane/kourei/jutakushien/10691.html","介護マークを配布します／日進市 本文へ 文字サイズ 背景色変更 携帯サイト Other Language 部や課で選ぶ ご意見・お問い合わせ ホーム くらしの情報 行事・イベント 市役所・公共施設 市の政策・計画 サイト内検索 くらしの情報 行事・イベント 市役所・公共施設 市の政策・計画 Other Language 部や課で選ぶ ご意見・お問い合わせ 現在の位置 ホーム 暮らしの情報 暮らしのシーンから探す 高齢者 在宅支援のサービス 介護マークを配布します 介護マークを配布します ID番号 N10691 更新日：2020年09月09日 「介護マーク」とは？ 認知症の人の介護は、他から見る"
"日進市","23230","50","200","介護予防教室（体操教室）","https://www.city.nisshin.lg.jp/kurashi/seane/kourei/kaigoyobou/11055.html","介護予防教室（体操教室）／日進市 本文へ 文字サイズ 背景色変更 携帯サイト Other Language 部や課で選ぶ ご意見・お問い合わせ ホーム くらしの情報 行事・イベント 市役所・公共施設 市の政策・計画 サイト内検索 くらしの情報 行事・イベント 市役所・公共施設 市の政策・計画 Other Language 部や課で選ぶ ご意見・お問い合わせ 現在の位置 ホーム 暮らしの情報 暮らしのシーンから探す 高齢者 介護予防 介護予防教室（体操教室） 介護予防教室（体操教室） ID番号 N11055 更新日：2025年10月27日 にこにこ体操教室 にこにこ体操教室の様子 市内在住の理学"
"日進市","23230","50","200","日進市高齢者等地域見守り推進事業協力に関する協定","https://www.city.nisshin.lg.jp/kurashi/seane/kourei/nintisyousien/11048.html","日進市高齢者等地域見守り推進事業協力に関する協定／日進市 本文へ 文字サイズ 背景色変更 携帯サイト Other Language 部や課で選ぶ ご意見・お問い合わせ ホーム くらしの情報 行事・イベント 市役所・公共施設 市の政策・計画 サイト内検索 くらしの情報 行事・イベント 市役所・公共施設 市の政策・計画 Other Language 部や課で選ぶ ご意見・お問い合わせ 現在の位置 ホーム 暮らしの情報 暮らしのシーンから探す 高齢者 認知症支援 日進市高齢者等地域見守り推進事業協力に関する協定 日進市高齢者等地域見守り推進事業協力に関する協定 ID番号 N11048 更新日：202"
"日進市","23230","50","200","軽自動車税の減免について","https://www.city.nisshin.lg.jp/kurashi/seane/zeikin/other/15308.html","軽自動車税の減免について／日進市 本文へ 文字サイズ 背景色変更 携帯サイト Other Language 部や課で選ぶ ご意見・お問い合わせ ホーム くらしの情報 行事・イベント 市役所・公共施設 市の政策・計画 サイト内検索 くらしの情報 行事・イベント 市役所・公共施設 市の政策・計画 Other Language 部や課で選ぶ ご意見・お問い合わせ 現在の位置 ホーム 暮らしの情報 暮らしのシーンから探す 税金 その他の税金 軽自動車税の減免について 軽自動車税の減免について ID番号 N15308 更新日：2026年04月01日 1 身体障害者の方等の減免 身体に障害があり、身体障害"
"日進市","23230","50","200","日進市小規模企業・中小企業振興基本条例（案）に対するパブリックコメントについて","https://www.city.nisshin.lg.jp/seisaku/3672/12410.html","日進市小規模企業・中小企業振興基本条例（案）に対するパブリックコメントについて／日進市 本文へ 文字サイズ 背景色変更 携帯サイト Other Language 部や課で選ぶ ご意見・お問い合わせ ホーム くらしの情報 行事・イベント 市役所・公共施設 市の政策・計画 サイト内検索 くらしの情報 行事・イベント 市役所・公共施設 市の政策・計画 Other Language 部や課で選ぶ ご意見・お問い合わせ 現在の位置 ホーム 市の政策・計画 条例・規則 日進市小規模企業・中小企業振興基本条例（案）に対するパブリックコメントについて 日進市小規模企業・中小企業振興基本条例（案）に対するパブリ"
"日進市","23230","50","200","日進市小規模企業・中小企業振興基本条例を施行しました","https://www.city.nisshin.lg.jp/seisaku/3672/12978.html","日進市小規模企業・中小企業振興基本条例を施行しました／日進市 本文へ 文字サイズ 背景色変更 携帯サイト Other Language 部や課で選ぶ ご意見・お問い合わせ ホーム くらしの情報 行事・イベント 市役所・公共施設 市の政策・計画 サイト内検索 くらしの情報 行事・イベント 市役所・公共施設 市の政策・計画 Other Language 部や課で選ぶ ご意見・お問い合わせ 現在の位置 ホーム 市の政策・計画 条例・規則 日進市小規模企業・中小企業振興基本条例を施行しました 日進市小規模企業・中小企業振興基本条例を施行しました ID番号 N12978 更新日：2022年05月24日 "
"日進市","23230","50","200","日進市予防接種健康被害調査委員会開催について","https://www.city.nisshin.lg.jp/seisaku/gyosei/kaisai/17195.html","日進市予防接種健康被害調査委員会開催について／日進市 本文へ 文字サイズ 背景色変更 携帯サイト Other Language 部や課で選ぶ ご意見・お問い合わせ ホーム くらしの情報 行事・イベント 市役所・公共施設 市の政策・計画 サイト内検索 くらしの情報 行事・イベント 市役所・公共施設 市の政策・計画 Other Language 部や課で選ぶ ご意見・お問い合わせ 現在の位置 ホーム 市の政策・計画 行政委員会・附属機関等 行政委員会・附属機関等開催予定 日進市予防接種健康被害調査委員会開催について 日進市予防接種健康被害調査委員会開催について ID番号 N17195 更新日：20"
"日進市","23230","50","200","令和8年度市民自治活動推進補助金事業の審査結果","https://www.city.nisshin.lg.jp/seisaku/shimin_kyodo/7253.html","令和8年度市民自治活動推進補助金事業の審査結果／日進市 本文へ 文字サイズ 背景色変更 携帯サイト Other Language 部や課で選ぶ ご意見・お問い合わせ ホーム くらしの情報 行事・イベント 市役所・公共施設 市の政策・計画 サイト内検索 くらしの情報 行事・イベント 市役所・公共施設 市の政策・計画 Other Language 部や課で選ぶ ご意見・お問い合わせ 現在の位置 ホーム 市の政策・計画 市民との協働 令和8年度市民自治活動推進補助金事業の審査結果 令和8年度市民自治活動推進補助金事業の審査結果 ID番号 N7253 更新日：2026年04月01日 令和8年度市民自治"
"尾張旭市","23226","50","200","妊娠・出産","https://www.city.owariasahi.lg.jp/life/2/4/20/","妊娠・出産 - 尾張旭市公式ホームページ ページの先頭です。 メニューを飛ばして本文へ メニュー 閉じる さがす 閉じる オンライン 手続き 本文へ ご利用ガイド サイトマップ language 文字サイズ 標準 拡大 背景色 白 黒 青 キーワード 検索 Googleカスタム検索 検索対象 すべて ページ PDF ページID 検索 ライフイベントでさがす 高齢者 妊娠・出産 子育て 入園・入学 就職・退職 結婚・離婚 引っ越し おくやみ 目的からさがす 申請書一覧 施設 ごみ・ リサイクル 入札・契約 相談窓口 よくある 質問 イベント 市営バス あさぴー号 組織でさがす カレンダーでさがす"
"尾張旭市","23226","50","200","児童館・放課後児童クラブ","https://www.city.owariasahi.lg.jp/life/3/7/45/","児童館・放課後児童クラブ - 尾張旭市公式ホームページ ページの先頭です。 メニューを飛ばして本文へ メニュー 閉じる さがす 閉じる オンライン 手続き 本文へ ご利用ガイド サイトマップ language 文字サイズ 標準 拡大 背景色 白 黒 青 キーワード 検索 Googleカスタム検索 検索対象 すべて ページ PDF ページID 検索 ライフイベントでさがす 高齢者 妊娠・出産 子育て 入園・入学 就職・退職 結婚・離婚 引っ越し おくやみ 目的からさがす 申請書一覧 施設 ごみ・ リサイクル 入札・契約 相談窓口 よくある 質問 イベント 市営バス あさぴー号 組織でさがす カレ"
"尾張旭市","23226","50","200","乳幼児健診・教室・予防接種","https://www.city.owariasahi.lg.jp/life/3/7/46/","乳幼児健診・教室・予防接種 - 尾張旭市公式ホームページ ページの先頭です。 メニューを飛ばして本文へ メニュー 閉じる さがす 閉じる オンライン 手続き 本文へ ご利用ガイド サイトマップ language 文字サイズ 標準 拡大 背景色 白 黒 青 キーワード 検索 Googleカスタム検索 検索対象 すべて ページ PDF ページID 検索 ライフイベントでさがす 高齢者 妊娠・出産 子育て 入園・入学 就職・退職 結婚・離婚 引っ越し おくやみ 目的からさがす 申請書一覧 施設 ごみ・ リサイクル 入札・契約 相談窓口 よくある 質問 イベント 市営バス あさぴー号 組織でさがす カ"
"尾張旭市","23226","50","200","ひとり親","https://www.city.owariasahi.lg.jp/life/3/7/47/","ひとり親 - 尾張旭市公式ホームページ ページの先頭です。 メニューを飛ばして本文へ メニュー 閉じる さがす 閉じる オンライン 手続き 本文へ ご利用ガイド サイトマップ language 文字サイズ 標準 拡大 背景色 白 黒 青 キーワード 検索 Googleカスタム検索 検索対象 すべて ページ PDF ページID 検索 ライフイベントでさがす 高齢者 妊娠・出産 子育て 入園・入学 就職・退職 結婚・離婚 引っ越し おくやみ 目的からさがす 申請書一覧 施設 ごみ・ リサイクル 入札・契約 相談窓口 よくある 質問 イベント 市営バス あさぴー号 組織でさがす カレンダーでさがす "
"尾張旭市","23226","50","200","子ども会","https://www.city.owariasahi.lg.jp/life/3/7/48/","子ども会 - 尾張旭市公式ホームページ ページの先頭です。 メニューを飛ばして本文へ メニュー 閉じる さがす 閉じる オンライン 手続き 本文へ ご利用ガイド サイトマップ language 文字サイズ 標準 拡大 背景色 白 黒 青 キーワード 検索 Googleカスタム検索 検索対象 すべて ページ PDF ページID 検索 ライフイベントでさがす 高齢者 妊娠・出産 子育て 入園・入学 就職・退職 結婚・離婚 引っ越し おくやみ 目的からさがす 申請書一覧 施設 ごみ・ リサイクル 入札・契約 相談窓口 よくある 質問 イベント 市営バス あさぴー号 組織でさがす カレンダーでさがす "
"尾張旭市","23226","50","200","給付金（子育て）","https://www.city.owariasahi.lg.jp/life/3/7/49/","給付金（子育て） - 尾張旭市公式ホームページ ページの先頭です。 メニューを飛ばして本文へ メニュー 閉じる さがす 閉じる オンライン 手続き 本文へ ご利用ガイド サイトマップ language 文字サイズ 標準 拡大 背景色 白 黒 青 キーワード 検索 Googleカスタム検索 検索対象 すべて ページ PDF ページID 検索 ライフイベントでさがす 高齢者 妊娠・出産 子育て 入園・入学 就職・退職 結婚・離婚 引っ越し おくやみ 目的からさがす 申請書一覧 施設 ごみ・ リサイクル 入札・契約 相談窓口 よくある 質問 イベント 市営バス あさぴー号 組織でさがす カレンダーで"
"尾張旭市","23226","50","200","児童館・児童クラブ","https://www.city.owariasahi.lg.jp/life/8/30/156/","児童館・児童クラブ - 尾張旭市公式ホームページ ページの先頭です。 メニューを飛ばして本文へ メニュー 閉じる さがす 閉じる オンライン 手続き 本文へ ご利用ガイド サイトマップ language 文字サイズ 標準 拡大 背景色 白 黒 青 キーワード 検索 Googleカスタム検索 検索対象 すべて ページ PDF ページID 検索 ライフイベントでさがす 高齢者 妊娠・出産 子育て 入園・入学 就職・退職 結婚・離婚 引っ越し おくやみ 目的からさがす 申請書一覧 施設 ごみ・ リサイクル 入札・契約 相談窓口 よくある 質問 イベント 市営バス あさぴー号 組織でさがす カレンダー"
"尾張旭市","23226","50","200","公有財産（市有地）貸付","https://www.city.owariasahi.lg.jp/page/48371.html","公有財産（市有地）貸付 - 尾張旭市公式ホームページ（財政課） ページの先頭です。 メニューを飛ばして本文へ メニュー 閉じる さがす 閉じる オンライン 手続き 本文へ ご利用ガイド サイトマップ language 文字サイズ 標準 拡大 背景色 白 黒 青 キーワード 検索 Googleカスタム検索 検索対象 すべて ページ PDF ページID 検索 ライフイベントでさがす 高齢者 妊娠・出産 子育て 入園・入学 就職・退職 結婚・離婚 引っ越し おくやみ 目的からさがす 申請書一覧 施設 ごみ・ リサイクル 入札・契約 相談窓口 よくある 質問 イベント 市営バス あさぴー号 組織でさが"
"尾張旭市","23226","50","200","高齢者福祉","https://www.city.owariasahi.lg.jp/site/koureisya-fukusi/","高齢者福祉 - 尾張旭市公式ホームページ（長寿課） ページの先頭です。 メニューを飛ばして本文へ メニュー 閉じる さがす 閉じる オンライン 手続き 本文へ ご利用ガイド サイトマップ language 文字サイズ 標準 拡大 背景色 白 黒 青 キーワード 検索 Googleカスタム検索 検索対象 すべて ページ PDF ページID 検索 ライフイベントでさがす 高齢者 妊娠・出産 子育て 入園・入学 就職・退職 結婚・離婚 引っ越し おくやみ 目的からさがす 申請書一覧 施設 ごみ・ リサイクル 入札・契約 相談窓口 よくある 質問 イベント 市営バス あさぴー号 組織でさがす カレンダ"
"尾張旭市","23226","50","200","高齢者の相談窓口","https://www.city.owariasahi.lg.jp/site/koureisya-fukusi/1674.html","高齢者の相談窓口 - 高齢者福祉 - 尾張旭市公式ホームページ（長寿課） ページの先頭です。 メニューを飛ばして本文へ メニュー 閉じる さがす 閉じる オンライン 手続き 本文へ ご利用ガイド サイトマップ language 文字サイズ 標準 拡大 背景色 白 黒 青 キーワード 検索 Googleカスタム検索 検索対象 すべて ページ PDF ページID 検索 ライフイベントでさがす 高齢者 妊娠・出産 子育て 入園・入学 就職・退職 結婚・離婚 引っ越し おくやみ 目的からさがす 申請書一覧 施設 ごみ・ リサイクル 入札・契約 相談窓口 よくある 質問 イベント 市営バス あさぴー号 "
"尾張旭市","23226","50","200","介護マーク","https://www.city.owariasahi.lg.jp/site/koureisya-fukusi/list66-285.html","介護マーク - 高齢者福祉 - 尾張旭市公式ホームページ ページの先頭です。 メニューを飛ばして本文へ メニュー 閉じる さがす 閉じる オンライン 手続き 本文へ ご利用ガイド サイトマップ language 文字サイズ 標準 拡大 背景色 白 黒 青 キーワード 検索 Googleカスタム検索 検索対象 すべて ページ PDF ページID 検索 ライフイベントでさがす 高齢者 妊娠・出産 子育て 入園・入学 就職・退職 結婚・離婚 引っ越し おくやみ 目的からさがす 申請書一覧 施設 ごみ・ リサイクル 入札・契約 相談窓口 よくある 質問 イベント 市営バス あさぴー号 組織でさがす カ"
"日進市","23230","49","200","ひとり親家庭等相談","https://www.city.nisshin.lg.jp/kurashi/seane/wedding/soudan/6832.html","ひとり親家庭等相談／日進市 本文へ 文字サイズ 背景色変更 携帯サイト Other Language 部や課で選ぶ ご意見・お問い合わせ ホーム くらしの情報 行事・イベント 市役所・公共施設 市の政策・計画 サイト内検索 くらしの情報 行事・イベント 市役所・公共施設 市の政策・計画 Other Language 部や課で選ぶ ご意見・お問い合わせ 現在の位置 ホーム 暮らしの情報 暮らしのシーンから探す 結婚・離婚 相談 ひとり親家庭等相談 ひとり親家庭等相談 ID番号 N6832 更新日：2025年07月08日 相談内容 ひとり親家庭等を対象とした生活資金等の貸付、資格取得、就業に関する"
"岩倉市","23228","48","200","自主防災組織について（自主防災組織に関する補助金や防災計画について） [2024年4月17日]","https://www.city.iwakura.aichi.jp/0000000269.html","自主防災組織について（自主防災組織に関する補助金や防災計画について） | 岩倉市 共通メニューなどをスキップして本文へ 岩倉市トップに戻る ふりがな やさしい日本語 文字サイズ変更 標準 拡大 色の反転 標準 反転 検索 文字サイズ変更機能を利用するにはJavaScript（アクティブスクリプト）を有効にしてください。JavaScript（アクティブスクリプト）を無効のまま文字サイズを変更する場合には，ご利用のブラウザの表示メニューから文字サイズを変更してください。文字サイズ変更以外にも，操作性向上の目的でJavaScript（アクティブスクリプト）を用いた機能を提供しています。可能であればJ"
"岩倉市","23228","48","200","保育園送迎ステーション [2024年3月1日] 岩倉駅前の送迎ステーションから各保育施設へ子どもを送迎します。","https://www.city.iwakura.aichi.jp/0000003244.html","保育園送迎ステーション | 岩倉市 共通メニューなどをスキップして本文へ 岩倉市トップに戻る ふりがな やさしい日本語 文字サイズ変更 標準 拡大 色の反転 標準 反転 検索 文字サイズ変更機能を利用するにはJavaScript（アクティブスクリプト）を有効にしてください。JavaScript（アクティブスクリプト）を無効のまま文字サイズを変更する場合には，ご利用のブラウザの表示メニューから文字サイズを変更してください。文字サイズ変更以外にも，操作性向上の目的でJavaScript（アクティブスクリプト）を用いた機能を提供しています。可能であればJavaScript（アクティブスクリプト）を有"
"岩倉市","23228","48","200","親子で一緒にやってみよう！「いわくらしゼロカーボンチャレンジシート」","https://www.city.iwakura.aichi.jp/0000006755.html","親子で一緒にやってみよう！「いわくらしゼロカーボンチャレンジシート」 | 岩倉市 共通メニューなどをスキップして本文へ 岩倉市トップに戻る ふりがな やさしい日本語 文字サイズ変更 標準 拡大 色の反転 標準 反転 検索 文字サイズ変更機能を利用するにはJavaScript（アクティブスクリプト）を有効にしてください。JavaScript（アクティブスクリプト）を無効のまま文字サイズを変更する場合には，ご利用のブラウザの表示メニューから文字サイズを変更してください。文字サイズ変更以外にも，操作性向上の目的でJavaScript（アクティブスクリプト）を用いた機能を提供しています。可能であればJ"
"岩倉市","23228","48","200","いわくらゼロカーボン事業者認証制度の認証事業者一覧","https://www.city.iwakura.aichi.jp/0000007468.html","いわくらゼロカーボン事業者認証制度の認証事業者一覧 | 岩倉市 共通メニューなどをスキップして本文へ 岩倉市トップに戻る ふりがな やさしい日本語 文字サイズ変更 標準 拡大 色の反転 標準 反転 検索 文字サイズ変更機能を利用するにはJavaScript（アクティブスクリプト）を有効にしてください。JavaScript（アクティブスクリプト）を無効のまま文字サイズを変更する場合には，ご利用のブラウザの表示メニューから文字サイズを変更してください。文字サイズ変更以外にも，操作性向上の目的でJavaScript（アクティブスクリプト）を用いた機能を提供しています。可能であればJavaScript"
"尾張旭市","23226","48","200","高齢者福祉のしおり（高齢者向け福祉サービス一覧）","https://www.city.owariasahi.lg.jp/site/koureisya-fukusi/1638.html","高齢者福祉のしおり（高齢者向け福祉サービス一覧） - 高齢者福祉 - 尾張旭市公式ホームページ（長寿課） ページの先頭です。 メニューを飛ばして本文へ メニュー 閉じる さがす 閉じる オンライン 手続き 本文へ ご利用ガイド サイトマップ language 文字サイズ 標準 拡大 背景色 白 黒 青 キーワード 検索 Googleカスタム検索 検索対象 すべて ページ PDF ページID 検索 ライフイベントでさがす 高齢者 妊娠・出産 子育て 入園・入学 就職・退職 結婚・離婚 引っ越し おくやみ 目的からさがす 申請書一覧 施設 ごみ・ リサイクル 入札・契約 相談窓口 よくある 質問 "
"豊明市","23229","48","200","医療費受給者証交付申請書","https://www.city.toyoake.lg.jp/2297.htm","医療費受給者証交付申請書/豊明市 --> 本文へ移動 医療費受給者証交付申請書 スマートフォン用ツール メニュー表示 自動翻訳 English 中文 Portgues Tiếng Việt Foreign language 背景変更 標準 黒 補助機能 ふりがな 文字拡大 元に戻す サイトマップ パソコン画面表示 ページの末尾へ くらし 妊娠・出産 子育て 学校教育 結婚・離婚 引越し・住まい 就職・退職 高齢者・介護 おくやみ 戸籍・住民票・印鑑登録 税 国民健康保険 国民年金 水道 交通 駐車・駐輪 都市計画 産業・事業 ごみ・環境保全 ペット 福祉 障がい者支援 消費生活 健康・医療 文"
"豊明市","23229","48","200","障害者地域デイケア施設","https://www.city.toyoake.lg.jp/2305.htm","障害者地域デイケア施設/豊明市 --> 本文へ移動 障害者地域デイケア施設 スマートフォン用ツール メニュー表示 自動翻訳 English 中文 Portgues Tiếng Việt Foreign language 背景変更 標準 黒 補助機能 ふりがな 文字拡大 元に戻す サイトマップ パソコン画面表示 ページの末尾へ くらし 妊娠・出産 子育て 学校教育 結婚・離婚 引越し・住まい 就職・退職 高齢者・介護 おくやみ 戸籍・住民票・印鑑登録 税 国民健康保険 国民年金 水道 交通 駐車・駐輪 都市計画 産業・事業 ごみ・環境保全 ペット 福祉 障がい者支援 消費生活 健康・医療 文化・"
"豊明市","23229","48","200","障害者生活ホーム","https://www.city.toyoake.lg.jp/2310.htm","障害者生活ホーム/豊明市 --> 本文へ移動 障害者生活ホーム スマートフォン用ツール メニュー表示 自動翻訳 English 中文 Portgues Tiếng Việt Foreign language 背景変更 標準 黒 補助機能 ふりがな 文字拡大 元に戻す サイトマップ パソコン画面表示 ページの末尾へ くらし 妊娠・出産 子育て 学校教育 結婚・離婚 引越し・住まい 就職・退職 高齢者・介護 おくやみ 戸籍・住民票・印鑑登録 税 国民健康保険 国民年金 水道 交通 駐車・駐輪 都市計画 産業・事業 ごみ・環境保全 ペット 福祉 障がい者支援 消費生活 健康・医療 文化・スポーツ・生"
"豊明市","23229","48","200","精神障害者のための施設","https://www.city.toyoake.lg.jp/2312.htm","精神障害者のための施設/豊明市 --> 本文へ移動 精神障害者のための施設 スマートフォン用ツール メニュー表示 自動翻訳 English 中文 Portgues Tiếng Việt Foreign language 背景変更 標準 黒 補助機能 ふりがな 文字拡大 元に戻す サイトマップ パソコン画面表示 ページの末尾へ くらし 妊娠・出産 子育て 学校教育 結婚・離婚 引越し・住まい 就職・退職 高齢者・介護 おくやみ 戸籍・住民票・印鑑登録 税 国民健康保険 国民年金 水道 交通 駐車・駐輪 都市計画 産業・事業 ごみ・環境保全 ペット 福祉 障がい者支援 消費生活 健康・医療 文化・"
"豊明市","23229","48","200","障害者地域デイケア施設","https://www.city.toyoake.lg.jp/2314.htm","障害者地域デイケア施設/豊明市 --> 本文へ移動 障害者地域デイケア施設 スマートフォン用ツール メニュー表示 自動翻訳 English 中文 Portgues Tiếng Việt Foreign language 背景変更 標準 黒 補助機能 ふりがな 文字拡大 元に戻す サイトマップ パソコン画面表示 ページの末尾へ くらし 妊娠・出産 子育て 学校教育 結婚・離婚 引越し・住まい 就職・退職 高齢者・介護 おくやみ 戸籍・住民票・印鑑登録 税 国民健康保険 国民年金 水道 交通 駐車・駐輪 都市計画 産業・事業 ごみ・環境保全 ペット 福祉 障がい者支援 消費生活 健康・医療 文化・"
"豊明市","23229","48","200","障害者向け施設の案内","https://www.city.toyoake.lg.jp/2320.htm","障害者向け施設の案内/豊明市 --> 本文へ移動 障害者向け施設の案内 スマートフォン用ツール メニュー表示 自動翻訳 English 中文 Portgues Tiếng Việt Foreign language 背景変更 標準 黒 補助機能 ふりがな 文字拡大 元に戻す サイトマップ パソコン画面表示 ページの末尾へ くらし 妊娠・出産 子育て 学校教育 結婚・離婚 引越し・住まい 就職・退職 高齢者・介護 おくやみ 戸籍・住民票・印鑑登録 税 国民健康保険 国民年金 水道 交通 駐車・駐輪 都市計画 産業・事業 ごみ・環境保全 ペット 福祉 障がい者支援 消費生活 健康・医療 文化・スポ"
"日進市","23230","47","200","2026年6月13日 やさしい介護教室","https://www.city.nisshin.lg.jp/department/sougou/jouhou/keikaku/koho_kocho/city_Promotion/4/202003/18796.html","2026年6月13日 やさしい介護教室／日進市 本文へ 文字サイズ 背景色変更 携帯サイト Other Language 部や課で選ぶ ご意見・お問い合わせ ホーム くらしの情報 行事・イベント 市役所・公共施設 市の政策・計画 サイト内検索 くらしの情報 行事・イベント 市役所・公共施設 市の政策・計画 Other Language 部や課で選ぶ ご意見・お問い合わせ 現在の位置 ホーム 部や課で選ぶ 総合政策部 情報広報課 市の政策･計画 広報・広聴 市の魅力発信 まちの話題 最近のニュース 2026年6月13日 やさしい介護教室 2026年6月13日 やさしい介護教室 ID番号 N187"
"日進市","23230","47","200","ひとり親家庭支援","https://www.city.nisshin.lg.jp/kurashi/fukushi/8719.html","ひとり親家庭支援／日進市 本文へ 文字サイズ 背景色変更 携帯サイト Other Language 部や課で選ぶ ご意見・お問い合わせ ホーム くらしの情報 行事・イベント 市役所・公共施設 市の政策・計画 サイト内検索 くらしの情報 行事・イベント 市役所・公共施設 市の政策・計画 Other Language 部や課で選ぶ ご意見・お問い合わせ 現在の位置 ホーム 暮らしの情報 福祉・健康・医療 ひとり親家庭支援 ひとり親家庭支援 ID番号 N8927 更新日：2021年02月26日 児童扶養手当 日進市ひとり親家庭等手当・愛知県遺児手当 ひとり親家庭等相談 母子家庭等自立支援給付金 ひと"
"日進市","23230","47","200","介護保険","https://www.city.nisshin.lg.jp/kurashi/fukushi/kaigo/index.html","介護保険／日進市 本文へ 文字サイズ 背景色変更 携帯サイト Other Language 部や課で選ぶ ご意見・お問い合わせ ホーム くらしの情報 行事・イベント 市役所・公共施設 市の政策・計画 サイト内検索 くらしの情報 行事・イベント 市役所・公共施設 市の政策・計画 Other Language 部や課で選ぶ ご意見・お問い合わせ 現在の位置 ホーム 暮らしの情報 福祉・健康・医療 介護保険 介護保険 ID番号 N6051 更新日：2021年04月09日 特定事業所集中減算の届出について 地域密着型通所介護事業所等における宿泊サービス(お泊りデイサービス)について 介護保険サービス事"
"日進市","23230","47","200","介護保険のサービス","https://www.city.nisshin.lg.jp/kurashi/seane/kourei/kaigo/index.html","介護保険のサービス／日進市 本文へ 文字サイズ 背景色変更 携帯サイト Other Language 部や課で選ぶ ご意見・お問い合わせ ホーム くらしの情報 行事・イベント 市役所・公共施設 市の政策・計画 サイト内検索 くらしの情報 行事・イベント 市役所・公共施設 市の政策・計画 Other Language 部や課で選ぶ ご意見・お問い合わせ 現在の位置 ホーム 暮らしの情報 暮らしのシーンから探す 高齢者 介護保険のサービス 介護保険のサービス ID番号 N6930 更新日：2019年03月01日 福祉用具の購入助成 住宅改修費の助成 移送サービス費助成 紙おむつ購入助成券支給サービ"
"日進市","23230","47","200","介護予防","https://www.city.nisshin.lg.jp/kurashi/seane/kourei/kaigoyobou/index.html","介護予防／日進市 本文へ 文字サイズ 背景色変更 携帯サイト Other Language 部や課で選ぶ ご意見・お問い合わせ ホーム くらしの情報 行事・イベント 市役所・公共施設 市の政策・計画 サイト内検索 くらしの情報 行事・イベント 市役所・公共施設 市の政策・計画 Other Language 部や課で選ぶ ご意見・お問い合わせ 現在の位置 ホーム 暮らしの情報 暮らしのシーンから探す 高齢者 介護予防 介護予防 ID番号 N11038 更新日：2020年11月30日 基本チェックリスト 介護予防教室（体操教室） 回想法 足腰おたっしゃクラブ サイト内検索 高齢者 部や課で選ぶ サ"
"日進市","23230","47","200","民生児童委員の役割","https://www.city.nisshin.lg.jp/kurashi/seane/kourei/kanren/6962.html","民生児童委員の役割／日進市 本文へ 文字サイズ 背景色変更 携帯サイト Other Language 部や課で選ぶ ご意見・お問い合わせ ホーム くらしの情報 行事・イベント 市役所・公共施設 市の政策・計画 サイト内検索 くらしの情報 行事・イベント 市役所・公共施設 市の政策・計画 Other Language 部や課で選ぶ ご意見・お問い合わせ 現在の位置 ホーム 暮らしの情報 暮らしのシーンから探す 高齢者 関連情報 民生児童委員の役割 民生児童委員の役割 ID番号 N6962 更新日：2019年03月01日 地域福祉のキーパーソン 1.民生児童委員の役割について （1）民生委員として"
"日進市","23230","47","200","介護医療院","https://www.city.nisshin.lg.jp/kurashi/seane/kourei/shisetsu/6957.html","介護医療院／日進市 本文へ 文字サイズ 背景色変更 携帯サイト Other Language 部や課で選ぶ ご意見・お問い合わせ ホーム くらしの情報 行事・イベント 市役所・公共施設 市の政策・計画 サイト内検索 くらしの情報 行事・イベント 市役所・公共施設 市の政策・計画 Other Language 部や課で選ぶ ご意見・お問い合わせ 現在の位置 ホーム 暮らしの情報 暮らしのシーンから探す 高齢者 施設等 介護医療院 介護医療院 ID番号 N6957 更新日：2022年08月23日 長期にわたり療養が必要な要介護者が対象で、医療のほか、日常生活上の介護を受けられます。 介護医療院一覧"
"日進市","23230","47","200","放課後児童健全育成事業(民間児童クラブ)","https://www.city.nisshin.lg.jp/kurashi/seane/nyuen/kanren/6801.html","放課後児童健全育成事業(民間児童クラブ)／日進市 本文へ 文字サイズ 背景色変更 携帯サイト Other Language 部や課で選ぶ ご意見・お問い合わせ ホーム くらしの情報 行事・イベント 市役所・公共施設 市の政策・計画 サイト内検索 くらしの情報 行事・イベント 市役所・公共施設 市の政策・計画 Other Language 部や課で選ぶ ご意見・お問い合わせ 現在の位置 ホーム 暮らしの情報 暮らしのシーンから探す 入園・入学 関連情報 放課後児童健全育成事業(民間児童クラブ) 放課後児童健全育成事業(民間児童クラブ) ID番号 N6801 更新日：2025年10月09日 目的 "
"日進市","23230","47","200","出産・子育","https://www.city.nisshin.lg.jp/kurashi/seane/shussan/index.html","出産・子育／日進市 本文へ 文字サイズ 背景色変更 携帯サイト Other Language 部や課で選ぶ ご意見・お問い合わせ ホーム くらしの情報 行事・イベント 市役所・公共施設 市の政策・計画 サイト内検索 くらしの情報 行事・イベント 市役所・公共施設 市の政策・計画 Other Language 部や課で選ぶ ご意見・お問い合わせ 現在の位置 ホーム 暮らしの情報 暮らしのシーンから探す 出産・子育 出産・子育 ID番号 N5534 更新日：2019年03月01日 妊娠・出産 戸籍届(出生届、婚姻届、離婚届、死亡届、転籍届) 子育て世代包括支援センターの愛称について 親子健康手帳（"
"日進市","23230","47","200","予防接種の種類と受け方","https://www.city.nisshin.lg.jp/kurashi/seane/shussan/yobousesshu/6754.html","予防接種の種類と受け方／日進市 本文へ 文字サイズ 背景色変更 携帯サイト Other Language 部や課で選ぶ ご意見・お問い合わせ ホーム くらしの情報 行事・イベント 市役所・公共施設 市の政策・計画 サイト内検索 くらしの情報 行事・イベント 市役所・公共施設 市の政策・計画 Other Language 部や課で選ぶ ご意見・お問い合わせ 現在の位置 ホーム 暮らしの情報 暮らしのシーンから探す 出産・子育 予防接種 予防接種の種類と受け方 予防接種の種類と受け方 ID番号 N6754 更新日：2025年04月01日 公費で接種できるもの 医療機関で接種 不活化ワクチン 種類 "
"日進市","23230","47","200","愛知県広域予防接種事業(乳幼児等)","https://www.city.nisshin.lg.jp/kurashi/seane/shussan/yobousesshu/6755.html","愛知県広域予防接種事業(乳幼児等)／日進市 本文へ 文字サイズ 背景色変更 携帯サイト Other Language 部や課で選ぶ ご意見・お問い合わせ ホーム くらしの情報 行事・イベント 市役所・公共施設 市の政策・計画 サイト内検索 くらしの情報 行事・イベント 市役所・公共施設 市の政策・計画 Other Language 部や課で選ぶ ご意見・お問い合わせ 現在の位置 ホーム 暮らしの情報 暮らしのシーンから探す 出産・子育 予防接種 愛知県広域予防接種事業(乳幼児等) 愛知県広域予防接種事業(乳幼児等) ID番号 N6755 更新日：2026年03月24日 愛知県広域予防接種事業が"
"日進市","23230","47","200","日進市障害者自立支援給付等支給審査会 開催予定","https://www.city.nisshin.lg.jp/seisaku/gyosei/kaisai/18226.html","日進市障害者自立支援給付等支給審査会 開催予定／日進市 本文へ 文字サイズ 背景色変更 携帯サイト Other Language 部や課で選ぶ ご意見・お問い合わせ ホーム くらしの情報 行事・イベント 市役所・公共施設 市の政策・計画 サイト内検索 くらしの情報 行事・イベント 市役所・公共施設 市の政策・計画 Other Language 部や課で選ぶ ご意見・お問い合わせ 現在の位置 ホーム 市の政策・計画 行政委員会・附属機関等 行政委員会・附属機関等開催予定 日進市障害者自立支援給付等支給審査会 開催予定 日進市障害者自立支援給付等支給審査会 開催予定 ID番号 N18226 更新日"
"日進市","23230","47","200","日進市障害者基本計画等策定・評価委員会","https://www.city.nisshin.lg.jp/seisaku/gyosei/kyukai/7522.html","日進市障害者基本計画等策定・評価委員会／日進市 本文へ 文字サイズ 背景色変更 携帯サイト Other Language 部や課で選ぶ ご意見・お問い合わせ ホーム くらしの情報 行事・イベント 市役所・公共施設 市の政策・計画 サイト内検索 くらしの情報 行事・イベント 市役所・公共施設 市の政策・計画 Other Language 部や課で選ぶ ご意見・お問い合わせ 現在の位置 ホーム 市の政策・計画 行政委員会・附属機関等 休会・廃止 日進市障害者基本計画等策定・評価委員会 日進市障害者基本計画等策定・評価委員会 ID番号 N7522 更新日：2019年03月01日 サイト内検索 休会・"
"日進市","23230","47","200","介護福祉課","https://www.city.nisshin.lg.jp/seisaku/keikaku/6465.html","介護福祉課／日進市 本文へ 文字サイズ 背景色変更 携帯サイト Other Language 部や課で選ぶ ご意見・お問い合わせ ホーム くらしの情報 行事・イベント 市役所・公共施設 市の政策・計画 サイト内検索 くらしの情報 行事・イベント 市役所・公共施設 市の政策・計画 Other Language 部や課で選ぶ ご意見・お問い合わせ 現在の位置 ホーム 市の政策・計画 計画 介護福祉課 介護福祉課 ID番号 N6466 更新日：2019年03月01日 にっしん高齢者ゆめプラン（日進市高齢者福祉・介護保険事業） サイト内検索 計画 部や課で選ぶ サイトについて プライバシーポリシー 免"
"日進市","23230","47","200","日進市児童館","https://www.city.nisshin.lg.jp/shisetu/fukushikaikan/17568.html","日進市児童館／日進市 本文へ 文字サイズ 背景色変更 携帯サイト Other Language 部や課で選ぶ ご意見・お問い合わせ ホーム くらしの情報 行事・イベント 市役所・公共施設 市の政策・計画 サイト内検索 くらしの情報 行事・イベント 市役所・公共施設 市の政策・計画 Other Language 部や課で選ぶ ご意見・お問い合わせ 現在の位置 ホーム 市役所・公共施設 福祉会館 日進市児童館 日進市児童館 ID番号 N17568 更新日：2025年07月28日 日進市児童館 日進市内の6つの福祉会館には、乳幼児や小学生が遊ぶことのできる児童館があります。市内在住の方はどなたでもご"
"日進市","23230","46","200","ごみ減量に関する補助金について","https://www.city.nisshin.lg.jp/department/sougou/jouhou/hozyo_ichiran/hozyokin/14924.html","ごみ減量に関する補助金について／日進市 本文へ 文字サイズ 背景色変更 携帯サイト Other Language 部や課で選ぶ ご意見・お問い合わせ ホーム くらしの情報 行事・イベント 市役所・公共施設 市の政策・計画 サイト内検索 くらしの情報 行事・イベント 市役所・公共施設 市の政策・計画 Other Language 部や課で選ぶ ご意見・お問い合わせ 現在の位置 ホーム 部や課で選ぶ 総合政策部 情報広報課 補助金一覧 補助金 ごみ減量に関する補助金について ごみ減量に関する補助金について ID番号 N14924 更新日：2026年02月02日 資源回収補助金(重量補助・回数補助)"
"日進市","23230","46","200","補助金等の適正交付について（令和2年度実施）","https://www.city.nisshin.lg.jp/department/sougou/jouhou/hozyo_ichiran/hozyokin/14925.html","補助金等の適正交付について（令和2年度実施）／日進市 本文へ 文字サイズ 背景色変更 携帯サイト Other Language 部や課で選ぶ ご意見・お問い合わせ ホーム くらしの情報 行事・イベント 市役所・公共施設 市の政策・計画 サイト内検索 くらしの情報 行事・イベント 市役所・公共施設 市の政策・計画 Other Language 部や課で選ぶ ご意見・お問い合わせ 現在の位置 ホーム 部や課で選ぶ 総合政策部 情報広報課 補助金一覧 補助金 補助金等の適正交付について（令和2年度実施） 補助金等の適正交付について（令和2年度実施） ID番号 N14925 更新日：2021年04月0"
"日進市","23230","46","200","一般不妊治療費助成事業","https://www.city.nisshin.lg.jp/department/sougou/jouhou/hozyo_ichiran/zyoseikin/14934.html","一般不妊治療費助成事業／日進市 本文へ 文字サイズ 背景色変更 携帯サイト Other Language 部や課で選ぶ ご意見・お問い合わせ ホーム くらしの情報 行事・イベント 市役所・公共施設 市の政策・計画 サイト内検索 くらしの情報 行事・イベント 市役所・公共施設 市の政策・計画 Other Language 部や課で選ぶ ご意見・お問い合わせ 現在の位置 ホーム 部や課で選ぶ 総合政策部 情報広報課 補助金一覧 助成金 一般不妊治療費助成事業 一般不妊治療費助成事業 ID番号 N14934 更新日：2023年12月25日 令和4年度をもちまして、本事業は終了いたしました。 令和4年"
"日進市","23230","46","200","補助金等の定期検証","https://www.city.nisshin.lg.jp/seisaku/1989/18488.html","補助金等の定期検証／日進市 本文へ 文字サイズ 背景色変更 携帯サイト Other Language 部や課で選ぶ ご意見・お問い合わせ ホーム くらしの情報 行事・イベント 市役所・公共施設 市の政策・計画 サイト内検索 くらしの情報 行事・イベント 市役所・公共施設 市の政策・計画 Other Language 部や課で選ぶ ご意見・お問い合わせ 現在の位置 ホーム 市の政策・計画 行政改革 補助金等の定期検証 補助金等の定期検証 ID番号 N18488 更新日：2026年03月27日 補助金等の定期検証（令和7年度実施） 補助金等の適正交付について（令和2年度実施） サイト内検索 行政改"
"日進市","23230","46","200","日進市介護認定審査会の開催について（月7回開催）","https://www.city.nisshin.lg.jp/seisaku/gyosei/kaisai/17171.html","日進市介護認定審査会の開催について（月7回開催）／日進市 本文へ 文字サイズ 背景色変更 携帯サイト Other Language 部や課で選ぶ ご意見・お問い合わせ ホーム くらしの情報 行事・イベント 市役所・公共施設 市の政策・計画 サイト内検索 くらしの情報 行事・イベント 市役所・公共施設 市の政策・計画 Other Language 部や課で選ぶ ご意見・お問い合わせ 現在の位置 ホーム 市の政策・計画 行政委員会・附属機関等 行政委員会・附属機関等開催予定 日進市介護認定審査会の開催について（月7回開催） 日進市介護認定審査会の開催について（月7回開催） ID番号 N17171 "
"日進市","23230","46","200","日進市子ども施策推進委員会の開催について（令和8年8月21日）","https://www.city.nisshin.lg.jp/seisaku/gyosei/kaisai/17403.html","日進市子ども施策推進委員会の開催について（令和8年8月21日）／日進市 本文へ 文字サイズ 背景色変更 携帯サイト Other Language 部や課で選ぶ ご意見・お問い合わせ ホーム くらしの情報 行事・イベント 市役所・公共施設 市の政策・計画 サイト内検索 くらしの情報 行事・イベント 市役所・公共施設 市の政策・計画 Other Language 部や課で選ぶ ご意見・お問い合わせ 現在の位置 ホーム 市の政策・計画 行政委員会・附属機関等 行政委員会・附属機関等開催予定 日進市子ども施策推進委員会の開催について（令和8年8月21日） 日進市子ども施策推進委員会の開催について（令和"
"日進市","23230","46","200","空家等対策計画の改訂（案）に対するパブリックコメントについて","https://www.city.nisshin.lg.jp/seisaku/paburikku/r7/18177.html","空家等対策計画の改訂（案）に対するパブリックコメントについて／日進市 本文へ 文字サイズ 背景色変更 携帯サイト Other Language 部や課で選ぶ ご意見・お問い合わせ ホーム くらしの情報 行事・イベント 市役所・公共施設 市の政策・計画 サイト内検索 くらしの情報 行事・イベント 市役所・公共施設 市の政策・計画 Other Language 部や課で選ぶ ご意見・お問い合わせ 現在の位置 ホーム 市の政策・計画 パブリックコメント制度 令和7年度パブリックコメント一覧 空家等対策計画の改訂（案）に対するパブリックコメントについて 空家等対策計画の改訂（案）に対するパブリックコメ"
"岩倉市","23228","44","200","小中学校の入学・転校手続き [2016年9月30日] 1. 小中学校の入学手続き 2. 小中学校の転校手続き","https://www.city.iwakura.aichi.jp/0000000025.html","小中学校の入学・転校手続き | 岩倉市 共通メニューなどをスキップして本文へ 岩倉市トップに戻る ふりがな やさしい日本語 文字サイズ変更 標準 拡大 色の反転 標準 反転 検索 文字サイズ変更機能を利用するにはJavaScript（アクティブスクリプト）を有効にしてください。JavaScript（アクティブスクリプト）を無効のまま文字サイズを変更する場合には，ご利用のブラウザの表示メニューから文字サイズを変更してください。文字サイズ変更以外にも，操作性向上の目的でJavaScript（アクティブスクリプト）を用いた機能を提供しています。可能であればJavaScript（アクティブスクリプト）"
"岩倉市","23228","44","200","年度別基金残高","https://www.city.iwakura.aichi.jp/0000000076.html","年度別基金残高 | 岩倉市 共通メニューなどをスキップして本文へ 岩倉市トップに戻る ふりがな やさしい日本語 文字サイズ変更 標準 拡大 色の反転 標準 反転 検索 文字サイズ変更機能を利用するにはJavaScript（アクティブスクリプト）を有効にしてください。JavaScript（アクティブスクリプト）を無効のまま文字サイズを変更する場合には，ご利用のブラウザの表示メニューから文字サイズを変更してください。文字サイズ変更以外にも，操作性向上の目的でJavaScript（アクティブスクリプト）を用いた機能を提供しています。可能であればJavaScript（アクティブスクリプト）を有効にして"
"岩倉市","23228","44","200","財政用語の説明","https://www.city.iwakura.aichi.jp/0000000079.html","財政用語の説明 | 岩倉市 共通メニューなどをスキップして本文へ 岩倉市トップに戻る ふりがな やさしい日本語 文字サイズ変更 標準 拡大 色の反転 標準 反転 検索 文字サイズ変更機能を利用するにはJavaScript（アクティブスクリプト）を有効にしてください。JavaScript（アクティブスクリプト）を無効のまま文字サイズを変更する場合には，ご利用のブラウザの表示メニューから文字サイズを変更してください。文字サイズ変更以外にも，操作性向上の目的でJavaScript（アクティブスクリプト）を用いた機能を提供しています。可能であればJavaScript（アクティブスクリプト）を有効にして"
"岩倉市","23228","44","200","教育委員会","https://www.city.iwakura.aichi.jp/0000000082.html","教育委員会 | 岩倉市 共通メニューなどをスキップして本文へ 岩倉市トップに戻る ふりがな やさしい日本語 文字サイズ変更 標準 拡大 色の反転 標準 反転 検索 文字サイズ変更機能を利用するにはJavaScript（アクティブスクリプト）を有効にしてください。JavaScript（アクティブスクリプト）を無効のまま文字サイズを変更する場合には，ご利用のブラウザの表示メニューから文字サイズを変更してください。文字サイズ変更以外にも，操作性向上の目的でJavaScript（アクティブスクリプト）を用いた機能を提供しています。可能であればJavaScript（アクティブスクリプト）を有効にしてくだ"
"岩倉市","23228","44","200","地方公営企業経営比較分析表","https://www.city.iwakura.aichi.jp/0000000084.html","地方公営企業経営比較分析表 | 岩倉市 共通メニューなどをスキップして本文へ 岩倉市トップに戻る ふりがな やさしい日本語 文字サイズ変更 標準 拡大 色の反転 標準 反転 検索 文字サイズ変更機能を利用するにはJavaScript（アクティブスクリプト）を有効にしてください。JavaScript（アクティブスクリプト）を無効のまま文字サイズを変更する場合には，ご利用のブラウザの表示メニューから文字サイズを変更してください。文字サイズ変更以外にも，操作性向上の目的でJavaScript（アクティブスクリプト）を用いた機能を提供しています。可能であればJavaScript（アクティブスクリプト）"
"岩倉市","23228","44","200","年度別市債残高","https://www.city.iwakura.aichi.jp/0000000086.html","年度別市債残高 | 岩倉市 共通メニューなどをスキップして本文へ 岩倉市トップに戻る ふりがな やさしい日本語 文字サイズ変更 標準 拡大 色の反転 標準 反転 検索 文字サイズ変更機能を利用するにはJavaScript（アクティブスクリプト）を有効にしてください。JavaScript（アクティブスクリプト）を無効のまま文字サイズを変更する場合には，ご利用のブラウザの表示メニューから文字サイズを変更してください。文字サイズ変更以外にも，操作性向上の目的でJavaScript（アクティブスクリプト）を用いた機能を提供しています。可能であればJavaScript（アクティブスクリプト）を有効にして"
"岩倉市","23228","44","200","令和4年度以前の決算","https://www.city.iwakura.aichi.jp/0000000090.html","令和4年度以前の決算 | 岩倉市 共通メニューなどをスキップして本文へ 岩倉市トップに戻る ふりがな やさしい日本語 文字サイズ変更 標準 拡大 色の反転 標準 反転 検索 文字サイズ変更機能を利用するにはJavaScript（アクティブスクリプト）を有効にしてください。JavaScript（アクティブスクリプト）を無効のまま文字サイズを変更する場合には，ご利用のブラウザの表示メニューから文字サイズを変更してください。文字サイズ変更以外にも，操作性向上の目的でJavaScript（アクティブスクリプト）を用いた機能を提供しています。可能であればJavaScript（アクティブスクリプト）を有効"
"岩倉市","23228","44","200","財政の健全化判断比率等の公表","https://www.city.iwakura.aichi.jp/0000000091.html","財政の健全化判断比率等の公表 | 岩倉市 共通メニューなどをスキップして本文へ 岩倉市トップに戻る ふりがな やさしい日本語 文字サイズ変更 標準 拡大 色の反転 標準 反転 検索 文字サイズ変更機能を利用するにはJavaScript（アクティブスクリプト）を有効にしてください。JavaScript（アクティブスクリプト）を無効のまま文字サイズを変更する場合には，ご利用のブラウザの表示メニューから文字サイズを変更してください。文字サイズ変更以外にも，操作性向上の目的でJavaScript（アクティブスクリプト）を用いた機能を提供しています。可能であればJavaScript（アクティブスクリプト"
"岩倉市","23228","44","200","レジ袋有料化 [2016年7月30日] 平成20年10月1日（水曜日）から、市内のレジ袋有料化取組参加店では、レジ袋の無料配布を行わず、希望する人に有料で販売しています。","https://www.city.iwakura.aichi.jp/0000000092.html","レジ袋有料化 | 岩倉市 共通メニューなどをスキップして本文へ 岩倉市トップに戻る ふりがな やさしい日本語 文字サイズ変更 標準 拡大 色の反転 標準 反転 検索 文字サイズ変更機能を利用するにはJavaScript（アクティブスクリプト）を有効にしてください。JavaScript（アクティブスクリプト）を無効のまま文字サイズを変更する場合には，ご利用のブラウザの表示メニューから文字サイズを変更してください。文字サイズ変更以外にも，操作性向上の目的でJavaScript（アクティブスクリプト）を用いた機能を提供しています。可能であればJavaScript（アクティブスクリプト）を有効にしてく"
"岩倉市","23228","44","200","財務書類4表の公表","https://www.city.iwakura.aichi.jp/0000000096.html","財務書類4表の公表 | 岩倉市 共通メニューなどをスキップして本文へ 岩倉市トップに戻る ふりがな やさしい日本語 文字サイズ変更 標準 拡大 色の反転 標準 反転 検索 文字サイズ変更機能を利用するにはJavaScript（アクティブスクリプト）を有効にしてください。JavaScript（アクティブスクリプト）を無効のまま文字サイズを変更する場合には，ご利用のブラウザの表示メニューから文字サイズを変更してください。文字サイズ変更以外にも，操作性向上の目的でJavaScript（アクティブスクリプト）を用いた機能を提供しています。可能であればJavaScript（アクティブスクリプト）を有効に"
"岩倉市","23228","44","200","岩倉市環境基本計画","https://www.city.iwakura.aichi.jp/0000000098.html","岩倉市環境基本計画 | 岩倉市 共通メニューなどをスキップして本文へ 岩倉市トップに戻る ふりがな やさしい日本語 文字サイズ変更 標準 拡大 色の反転 標準 反転 検索 文字サイズ変更機能を利用するにはJavaScript（アクティブスクリプト）を有効にしてください。JavaScript（アクティブスクリプト）を無効のまま文字サイズを変更する場合には，ご利用のブラウザの表示メニューから文字サイズを変更してください。文字サイズ変更以外にも，操作性向上の目的でJavaScript（アクティブスクリプト）を用いた機能を提供しています。可能であればJavaScript（アクティブスクリプト）を有効に"
"岩倉市","23228","44","200","保育園・認定こども園 [2026年7月1日]","https://www.city.iwakura.aichi.jp/0000000102.html","保育園・認定こども園 | 岩倉市 共通メニューなどをスキップして本文へ 岩倉市トップに戻る ふりがな やさしい日本語 文字サイズ変更 標準 拡大 色の反転 標準 反転 検索 文字サイズ変更機能を利用するにはJavaScript（アクティブスクリプト）を有効にしてください。JavaScript（アクティブスクリプト）を無効のまま文字サイズを変更する場合には，ご利用のブラウザの表示メニューから文字サイズを変更してください。文字サイズ変更以外にも，操作性向上の目的でJavaScript（アクティブスクリプト）を用いた機能を提供しています。可能であればJavaScript（アクティブスクリプト）を有効"
"岩倉市","23228","44","200","献血","https://www.city.iwakura.aichi.jp/0000000111.html","献血 | 岩倉市 共通メニューなどをスキップして本文へ 岩倉市トップに戻る ふりがな やさしい日本語 文字サイズ変更 標準 拡大 色の反転 標準 反転 検索 文字サイズ変更機能を利用するにはJavaScript（アクティブスクリプト）を有効にしてください。JavaScript（アクティブスクリプト）を無効のまま文字サイズを変更する場合には，ご利用のブラウザの表示メニューから文字サイズを変更してください。文字サイズ変更以外にも，操作性向上の目的でJavaScript（アクティブスクリプト）を用いた機能を提供しています。可能であればJavaScript（アクティブスクリプト）を有効にしてください。"
"岩倉市","23228","44","200","幼稚園 [2025年4月24日]","https://www.city.iwakura.aichi.jp/0000000116.html","幼稚園 | 岩倉市 共通メニューなどをスキップして本文へ 岩倉市トップに戻る ふりがな やさしい日本語 文字サイズ変更 標準 拡大 色の反転 標準 反転 検索 文字サイズ変更機能を利用するにはJavaScript（アクティブスクリプト）を有効にしてください。JavaScript（アクティブスクリプト）を無効のまま文字サイズを変更する場合には，ご利用のブラウザの表示メニューから文字サイズを変更してください。文字サイズ変更以外にも，操作性向上の目的でJavaScript（アクティブスクリプト）を用いた機能を提供しています。可能であればJavaScript（アクティブスクリプト）を有効にしてください"
"岩倉市","23228","44","200","法に基づくリサイクル事業 [2016年9月30日] 家電リサイクル法／家庭系パソコン","https://www.city.iwakura.aichi.jp/0000000124.html","法に基づくリサイクル事業 | 岩倉市 共通メニューなどをスキップして本文へ 岩倉市トップに戻る ふりがな やさしい日本語 文字サイズ変更 標準 拡大 色の反転 標準 反転 検索 文字サイズ変更機能を利用するにはJavaScript（アクティブスクリプト）を有効にしてください。JavaScript（アクティブスクリプト）を無効のまま文字サイズを変更する場合には，ご利用のブラウザの表示メニューから文字サイズを変更してください。文字サイズ変更以外にも，操作性向上の目的でJavaScript（アクティブスクリプト）を用いた機能を提供しています。可能であればJavaScript（アクティブスクリプト）を"
"岩倉市","23228","44","200","ごみと資源の収集日と分別収集集積場の場所 [2022年3月27日] ごみ出しの日と分別収集、日曜資源回収の日程と分別収集集積場の場所をお知らせします。","https://www.city.iwakura.aichi.jp/0000000158.html","ごみと資源の収集日と分別収集集積場の場所 | 岩倉市 共通メニューなどをスキップして本文へ 岩倉市トップに戻る ふりがな やさしい日本語 文字サイズ変更 標準 拡大 色の反転 標準 反転 検索 文字サイズ変更機能を利用するにはJavaScript（アクティブスクリプト）を有効にしてください。JavaScript（アクティブスクリプト）を無効のまま文字サイズを変更する場合には，ご利用のブラウザの表示メニューから文字サイズを変更してください。文字サイズ変更以外にも，操作性向上の目的でJavaScript（アクティブスクリプト）を用いた機能を提供しています。可能であればJavaScript（アクティ"
"岩倉市","23228","44","200","農業体験塾生を募集しています","https://www.city.iwakura.aichi.jp/0000000163.html","農業体験塾生を募集しています | 岩倉市 共通メニューなどをスキップして本文へ 岩倉市トップに戻る ふりがな やさしい日本語 文字サイズ変更 標準 拡大 色の反転 標準 反転 検索 文字サイズ変更機能を利用するにはJavaScript（アクティブスクリプト）を有効にしてください。JavaScript（アクティブスクリプト）を無効のまま文字サイズを変更する場合には，ご利用のブラウザの表示メニューから文字サイズを変更してください。文字サイズ変更以外にも，操作性向上の目的でJavaScript（アクティブスクリプト）を用いた機能を提供しています。可能であればJavaScript（アクティブスクリプト"
"岩倉市","23228","44","200","公共下水道の整備計画","https://www.city.iwakura.aichi.jp/0000000164.html","公共下水道の整備計画 | 岩倉市 共通メニューなどをスキップして本文へ 岩倉市トップに戻る ふりがな やさしい日本語 文字サイズ変更 標準 拡大 色の反転 標準 反転 検索 文字サイズ変更機能を利用するにはJavaScript（アクティブスクリプト）を有効にしてください。JavaScript（アクティブスクリプト）を無効のまま文字サイズを変更する場合には，ご利用のブラウザの表示メニューから文字サイズを変更してください。文字サイズ変更以外にも，操作性向上の目的でJavaScript（アクティブスクリプト）を用いた機能を提供しています。可能であればJavaScript（アクティブスクリプト）を有効"
"岩倉市","23228","44","200","e‐ライフプラザ（資源回収ステーション）をご利用ください [2021年4月1日] 資源回収ステーション「e‐ライフプラザ」／廃食用油の回収について／羽毛ふとんの回収について","https://www.city.iwakura.aichi.jp/0000000168.html","e‐ライフプラザ（資源回収ステーション）をご利用ください | 岩倉市 共通メニューなどをスキップして本文へ 岩倉市トップに戻る ふりがな やさしい日本語 文字サイズ変更 標準 拡大 色の反転 標準 反転 検索 文字サイズ変更機能を利用するにはJavaScript（アクティブスクリプト）を有効にしてください。JavaScript（アクティブスクリプト）を無効のまま文字サイズを変更する場合には，ご利用のブラウザの表示メニューから文字サイズを変更してください。文字サイズ変更以外にも，操作性向上の目的でJavaScript（アクティブスクリプト）を用いた機能を提供しています。可能であればJavaScr"
"岩倉市","23228","44","200","日曜資源回収を実施しています。 [2021年4月1日] 日曜資源回収ステーションを実施しています。","https://www.city.iwakura.aichi.jp/0000000171.html","日曜資源回収を実施しています。 | 岩倉市 共通メニューなどをスキップして本文へ 岩倉市トップに戻る ふりがな やさしい日本語 文字サイズ変更 標準 拡大 色の反転 標準 反転 検索 文字サイズ変更機能を利用するにはJavaScript（アクティブスクリプト）を有効にしてください。JavaScript（アクティブスクリプト）を無効のまま文字サイズを変更する場合には，ご利用のブラウザの表示メニューから文字サイズを変更してください。文字サイズ変更以外にも，操作性向上の目的でJavaScript（アクティブスクリプト）を用いた機能を提供しています。可能であればJavaScript（アクティブスクリプ"
"岩倉市","23228","44","200","岩倉市指定袋の製造等に関する承認申請を受付します [2016年9月30日] 岩倉市指定袋の製造等を行う方からの承認申請を受け付けています。","https://www.city.iwakura.aichi.jp/0000000178.html","岩倉市指定袋の製造等に関する承認申請を受付します | 岩倉市 共通メニューなどをスキップして本文へ 岩倉市トップに戻る ふりがな やさしい日本語 文字サイズ変更 標準 拡大 色の反転 標準 反転 検索 文字サイズ変更機能を利用するにはJavaScript（アクティブスクリプト）を有効にしてください。JavaScript（アクティブスクリプト）を無効のまま文字サイズを変更する場合には，ご利用のブラウザの表示メニューから文字サイズを変更してください。文字サイズ変更以外にも，操作性向上の目的でJavaScript（アクティブスクリプト）を用いた機能を提供しています。可能であればJavaScript（"
"岩倉市","23228","44","200","国民年金の手続き","https://www.city.iwakura.aichi.jp/0000000184.html","国民年金の手続き | 岩倉市 共通メニューなどをスキップして本文へ 岩倉市トップに戻る ふりがな やさしい日本語 文字サイズ変更 標準 拡大 色の反転 標準 反転 検索 文字サイズ変更機能を利用するにはJavaScript（アクティブスクリプト）を有効にしてください。JavaScript（アクティブスクリプト）を無効のまま文字サイズを変更する場合には，ご利用のブラウザの表示メニューから文字サイズを変更してください。文字サイズ変更以外にも，操作性向上の目的でJavaScript（アクティブスクリプト）を用いた機能を提供しています。可能であればJavaScript（アクティブスクリプト）を有効にし"
"岩倉市","23228","44","200","市税の証明と手続き","https://www.city.iwakura.aichi.jp/0000000196.html","市税の証明と手続き | 岩倉市 共通メニューなどをスキップして本文へ 岩倉市トップに戻る ふりがな やさしい日本語 文字サイズ変更 標準 拡大 色の反転 標準 反転 検索 文字サイズ変更機能を利用するにはJavaScript（アクティブスクリプト）を有効にしてください。JavaScript（アクティブスクリプト）を無効のまま文字サイズを変更する場合には，ご利用のブラウザの表示メニューから文字サイズを変更してください。文字サイズ変更以外にも，操作性向上の目的でJavaScript（アクティブスクリプト）を用いた機能を提供しています。可能であればJavaScript（アクティブスクリプト）を有効に"
"岩倉市","23228","44","200","ジェネリック医薬品(後発医薬品)","https://www.city.iwakura.aichi.jp/0000000197.html","ジェネリック医薬品(後発医薬品) | 岩倉市 共通メニューなどをスキップして本文へ 岩倉市トップに戻る ふりがな やさしい日本語 文字サイズ変更 標準 拡大 色の反転 標準 反転 検索 文字サイズ変更機能を利用するにはJavaScript（アクティブスクリプト）を有効にしてください。JavaScript（アクティブスクリプト）を無効のまま文字サイズを変更する場合には，ご利用のブラウザの表示メニューから文字サイズを変更してください。文字サイズ変更以外にも，操作性向上の目的でJavaScript（アクティブスクリプト）を用いた機能を提供しています。可能であればJavaScript（アクティブスクリ"
"岩倉市","23228","44","200","市税概要","https://www.city.iwakura.aichi.jp/0000000198.html","市税概要 | 岩倉市 共通メニューなどをスキップして本文へ 岩倉市トップに戻る ふりがな やさしい日本語 文字サイズ変更 標準 拡大 色の反転 標準 反転 検索 文字サイズ変更機能を利用するにはJavaScript（アクティブスクリプト）を有効にしてください。JavaScript（アクティブスクリプト）を無効のまま文字サイズを変更する場合には，ご利用のブラウザの表示メニューから文字サイズを変更してください。文字サイズ変更以外にも，操作性向上の目的でJavaScript（アクティブスクリプト）を用いた機能を提供しています。可能であればJavaScript（アクティブスクリプト）を有効にしてくださ"
"岩倉市","23228","44","200","住民票の写し","https://www.city.iwakura.aichi.jp/0000000201.html","住民票の写し | 岩倉市 共通メニューなどをスキップして本文へ 岩倉市トップに戻る ふりがな やさしい日本語 文字サイズ変更 標準 拡大 色の反転 標準 反転 検索 文字サイズ変更機能を利用するにはJavaScript（アクティブスクリプト）を有効にしてください。JavaScript（アクティブスクリプト）を無効のまま文字サイズを変更する場合には，ご利用のブラウザの表示メニューから文字サイズを変更してください。文字サイズ変更以外にも，操作性向上の目的でJavaScript（アクティブスクリプト）を用いた機能を提供しています。可能であればJavaScript（アクティブスクリプト）を有効にしてく"
"岩倉市","23228","44","200","インターネット公売","https://www.city.iwakura.aichi.jp/0000000204.html","インターネット公売 共通メニューなどをスキップして本文へ 岩倉市トップに戻る ふりがな やさしい日本語 文字サイズ変更 標準 拡大 色の反転 標準 反転 検索 文字サイズ変更機能を利用するにはJavaScript（アクティブスクリプト）を有効にしてください。JavaScript（アクティブスクリプト）を無効のまま文字サイズを変更する場合には，ご利用のブラウザの表示メニューから文字サイズを変更してください。文字サイズ変更以外にも，操作性向上の目的でJavaScript（アクティブスクリプト）を用いた機能を提供しています。可能であればJavaScript（アクティブスクリプト）を有効にしてください"
"岩倉市","23228","44","200","住所の異動に関する届出","https://www.city.iwakura.aichi.jp/0000000207.html","住所の異動に関する届出 | 岩倉市 共通メニューなどをスキップして本文へ 岩倉市トップに戻る ふりがな やさしい日本語 文字サイズ変更 標準 拡大 色の反転 標準 反転 検索 文字サイズ変更機能を利用するにはJavaScript（アクティブスクリプト）を有効にしてください。JavaScript（アクティブスクリプト）を無効のまま文字サイズを変更する場合には，ご利用のブラウザの表示メニューから文字サイズを変更してください。文字サイズ変更以外にも，操作性向上の目的でJavaScript（アクティブスクリプト）を用いた機能を提供しています。可能であればJavaScript（アクティブスクリプト）を有"
"岩倉市","23228","44","200","赤ちゃん誕生おめでとうございます","https://www.city.iwakura.aichi.jp/0000000208.html","赤ちゃん誕生おめでとうございます | 岩倉市 共通メニューなどをスキップして本文へ 岩倉市トップに戻る ふりがな やさしい日本語 文字サイズ変更 標準 拡大 色の反転 標準 反転 検索 文字サイズ変更機能を利用するにはJavaScript（アクティブスクリプト）を有効にしてください。JavaScript（アクティブスクリプト）を無効のまま文字サイズを変更する場合には，ご利用のブラウザの表示メニューから文字サイズを変更してください。文字サイズ変更以外にも，操作性向上の目的でJavaScript（アクティブスクリプト）を用いた機能を提供しています。可能であればJavaScript（アクティブスクリ"
"岩倉市","23228","44","200","印鑑登録と印鑑登録証明書","https://www.city.iwakura.aichi.jp/0000000212.html","印鑑登録と印鑑登録証明書 | 岩倉市 共通メニューなどをスキップして本文へ 岩倉市トップに戻る ふりがな やさしい日本語 文字サイズ変更 標準 拡大 色の反転 標準 反転 検索 文字サイズ変更機能を利用するにはJavaScript（アクティブスクリプト）を有効にしてください。JavaScript（アクティブスクリプト）を無効のまま文字サイズを変更する場合には，ご利用のブラウザの表示メニューから文字サイズを変更してください。文字サイズ変更以外にも，操作性向上の目的でJavaScript（アクティブスクリプト）を用いた機能を提供しています。可能であればJavaScript（アクティブスクリプト）を"
"岩倉市","23228","44","200","国土利用計画法に基づく土地取引の届出制度","https://www.city.iwakura.aichi.jp/0000000250.html","国土利用計画法に基づく土地取引の届出制度 | 岩倉市 共通メニューなどをスキップして本文へ 岩倉市トップに戻る ふりがな やさしい日本語 文字サイズ変更 標準 拡大 色の反転 標準 反転 検索 文字サイズ変更機能を利用するにはJavaScript（アクティブスクリプト）を有効にしてください。JavaScript（アクティブスクリプト）を無効のまま文字サイズを変更する場合には，ご利用のブラウザの表示メニューから文字サイズを変更してください。文字サイズ変更以外にも，操作性向上の目的でJavaScript（アクティブスクリプト）を用いた機能を提供しています。可能であればJavaScript（アクティ"
"岩倉市","23228","44","200","岩倉市災害時要配慮者支援体制マニュアル [2016年8月30日] 岩倉市災害時要配慮者支援体制マニュアルを策定しました。","https://www.city.iwakura.aichi.jp/0000000254.html","岩倉市災害時要配慮者支援体制マニュアル | 岩倉市 共通メニューなどをスキップして本文へ 岩倉市トップに戻る ふりがな やさしい日本語 文字サイズ変更 標準 拡大 色の反転 標準 反転 検索 文字サイズ変更機能を利用するにはJavaScript（アクティブスクリプト）を有効にしてください。JavaScript（アクティブスクリプト）を無効のまま文字サイズを変更する場合には，ご利用のブラウザの表示メニューから文字サイズを変更してください。文字サイズ変更以外にも，操作性向上の目的でJavaScript（アクティブスクリプト）を用いた機能を提供しています。可能であればJavaScript（アクティブ"
"岩倉市","23228","44","200","地域防災計画／業務継続計画／岩倉市国民保護計画 [2016年10月13日]","https://www.city.iwakura.aichi.jp/0000000258.html","地域防災計画／業務継続計画／岩倉市国民保護計画 | 岩倉市 共通メニューなどをスキップして本文へ 岩倉市トップに戻る ふりがな やさしい日本語 文字サイズ変更 標準 拡大 色の反転 標準 反転 検索 文字サイズ変更機能を利用するにはJavaScript（アクティブスクリプト）を有効にしてください。JavaScript（アクティブスクリプト）を無効のまま文字サイズを変更する場合には，ご利用のブラウザの表示メニューから文字サイズを変更してください。文字サイズ変更以外にも，操作性向上の目的でJavaScript（アクティブスクリプト）を用いた機能を提供しています。可能であればJavaScript（ア"
"岩倉市","23228","44","200","第2次岩倉市行政改革大綱・実施計画・行政改革集中プラン・実績検証結果","https://www.city.iwakura.aichi.jp/0000000263.html","第2次岩倉市行政改革大綱・実施計画・行政改革集中プラン・実績検証結果 | 岩倉市 共通メニューなどをスキップして本文へ 岩倉市トップに戻る ふりがな やさしい日本語 文字サイズ変更 標準 拡大 色の反転 標準 反転 検索 文字サイズ変更機能を利用するにはJavaScript（アクティブスクリプト）を有効にしてください。JavaScript（アクティブスクリプト）を無効のまま文字サイズを変更する場合には，ご利用のブラウザの表示メニューから文字サイズを変更してください。文字サイズ変更以外にも，操作性向上の目的でJavaScript（アクティブスクリプト）を用いた機能を提供しています。可能であればJ"
"岩倉市","23228","44","200","岩倉市タウンミーティング","https://www.city.iwakura.aichi.jp/0000000268.html","岩倉市タウンミーティング | 岩倉市 共通メニューなどをスキップして本文へ 岩倉市トップに戻る ふりがな やさしい日本語 文字サイズ変更 標準 拡大 色の反転 標準 反転 検索 文字サイズ変更機能を利用するにはJavaScript（アクティブスクリプト）を有効にしてください。JavaScript（アクティブスクリプト）を無効のまま文字サイズを変更する場合には，ご利用のブラウザの表示メニューから文字サイズを変更してください。文字サイズ変更以外にも，操作性向上の目的でJavaScript（アクティブスクリプト）を用いた機能を提供しています。可能であればJavaScript（アクティブスクリプト）を"
"岩倉市","23228","44","200","内水・洪水ハザードマップを作成しました（令和5年4月）","https://www.city.iwakura.aichi.jp/0000000273.html","内水・洪水ハザードマップを作成しました（令和5年4月） | 岩倉市 共通メニューなどをスキップして本文へ 岩倉市トップに戻る ふりがな やさしい日本語 文字サイズ変更 標準 拡大 色の反転 標準 反転 検索 文字サイズ変更機能を利用するにはJavaScript（アクティブスクリプト）を有効にしてください。JavaScript（アクティブスクリプト）を無効のまま文字サイズを変更する場合には，ご利用のブラウザの表示メニューから文字サイズを変更してください。文字サイズ変更以外にも，操作性向上の目的でJavaScript（アクティブスクリプト）を用いた機能を提供しています。可能であればJavaScri"
"岩倉市","23228","44","200","屋外広告物","https://www.city.iwakura.aichi.jp/0000000278.html","屋外広告物 | 岩倉市 共通メニューなどをスキップして本文へ 岩倉市トップに戻る ふりがな やさしい日本語 文字サイズ変更 標準 拡大 色の反転 標準 反転 検索 文字サイズ変更機能を利用するにはJavaScript（アクティブスクリプト）を有効にしてください。JavaScript（アクティブスクリプト）を無効のまま文字サイズを変更する場合には，ご利用のブラウザの表示メニューから文字サイズを変更してください。文字サイズ変更以外にも，操作性向上の目的でJavaScript（アクティブスクリプト）を用いた機能を提供しています。可能であればJavaScript（アクティブスクリプト）を有効にしてくだ"
"岩倉市","23228","44","200","法人市民税の届出書・納付書","https://www.city.iwakura.aichi.jp/0000000280.html","法人市民税の届出書・納付書 | 岩倉市 共通メニューなどをスキップして本文へ 岩倉市トップに戻る ふりがな やさしい日本語 文字サイズ変更 標準 拡大 色の反転 標準 反転 検索 文字サイズ変更機能を利用するにはJavaScript（アクティブスクリプト）を有効にしてください。JavaScript（アクティブスクリプト）を無効のまま文字サイズを変更する場合には，ご利用のブラウザの表示メニューから文字サイズを変更してください。文字サイズ変更以外にも，操作性向上の目的でJavaScript（アクティブスクリプト）を用いた機能を提供しています。可能であればJavaScript（アクティブスクリプト）"
"岩倉市","23228","44","200","地震のときは [2016年9月30日] 地震のときの注意事項をお知らせしています。","https://www.city.iwakura.aichi.jp/0000000285.html","地震のときは | 岩倉市 共通メニューなどをスキップして本文へ 岩倉市トップに戻る ふりがな やさしい日本語 文字サイズ変更 標準 拡大 色の反転 標準 反転 検索 文字サイズ変更機能を利用するにはJavaScript（アクティブスクリプト）を有効にしてください。JavaScript（アクティブスクリプト）を無効のまま文字サイズを変更する場合には，ご利用のブラウザの表示メニューから文字サイズを変更してください。文字サイズ変更以外にも，操作性向上の目的でJavaScript（アクティブスクリプト）を用いた機能を提供しています。可能であればJavaScript（アクティブスクリプト）を有効にしてく"
"岩倉市","23228","44","200","農業委員会からのお知らせ","https://www.city.iwakura.aichi.jp/0000000302.html","農業委員会からのお知らせ | 岩倉市 共通メニューなどをスキップして本文へ 岩倉市トップに戻る ふりがな やさしい日本語 文字サイズ変更 標準 拡大 色の反転 標準 反転 検索 文字サイズ変更機能を利用するにはJavaScript（アクティブスクリプト）を有効にしてください。JavaScript（アクティブスクリプト）を無効のまま文字サイズを変更する場合には，ご利用のブラウザの表示メニューから文字サイズを変更してください。文字サイズ変更以外にも，操作性向上の目的でJavaScript（アクティブスクリプト）を用いた機能を提供しています。可能であればJavaScript（アクティブスクリプト）を"
"岩倉市","23228","44","200","ふるさといわくら応援寄附金の申込と制度の説明について","https://www.city.iwakura.aichi.jp/0000000307.html","ふるさといわくら応援寄附金の申込と制度の説明について | 岩倉市 共通メニューなどをスキップして本文へ 岩倉市トップに戻る ふりがな やさしい日本語 文字サイズ変更 標準 拡大 色の反転 標準 反転 検索 文字サイズ変更機能を利用するにはJavaScript（アクティブスクリプト）を有効にしてください。JavaScript（アクティブスクリプト）を無効のまま文字サイズを変更する場合には，ご利用のブラウザの表示メニューから文字サイズを変更してください。文字サイズ変更以外にも，操作性向上の目的でJavaScript（アクティブスクリプト）を用いた機能を提供しています。可能であればJavaScrip"
"岩倉市","23228","44","200","東日本大震災に関する情報 [2016年9月30日] 平成23年3月11日に発生した東日本大震災で、お亡くなりになられました方々に心からお悔やみを申し上げるとともに、被害を受けました皆さんにお見舞いを申し上げます。","https://www.city.iwakura.aichi.jp/0000000308.html","東日本大震災に関する情報 | 岩倉市 共通メニューなどをスキップして本文へ 岩倉市トップに戻る ふりがな やさしい日本語 文字サイズ変更 標準 拡大 色の反転 標準 反転 検索 文字サイズ変更機能を利用するにはJavaScript（アクティブスクリプト）を有効にしてください。JavaScript（アクティブスクリプト）を無効のまま文字サイズを変更する場合には，ご利用のブラウザの表示メニューから文字サイズを変更してください。文字サイズ変更以外にも，操作性向上の目的でJavaScript（アクティブスクリプト）を用いた機能を提供しています。可能であればJavaScript（アクティブスクリプト）を"
"岩倉市","23228","44","200","都市浸水の想定","https://www.city.iwakura.aichi.jp/0000000341.html","都市浸水の想定 | 岩倉市 共通メニューなどをスキップして本文へ 岩倉市トップに戻る ふりがな やさしい日本語 文字サイズ変更 標準 拡大 色の反転 標準 反転 検索 文字サイズ変更機能を利用するにはJavaScript（アクティブスクリプト）を有効にしてください。JavaScript（アクティブスクリプト）を無効のまま文字サイズを変更する場合には，ご利用のブラウザの表示メニューから文字サイズを変更してください。文字サイズ変更以外にも，操作性向上の目的でJavaScript（アクティブスクリプト）を用いた機能を提供しています。可能であればJavaScript（アクティブスクリプト）を有効にして"
"岩倉市","23228","44","200","宅地開発等に関する指導要綱","https://www.city.iwakura.aichi.jp/0000000343.html","宅地開発等に関する指導要綱 | 岩倉市 共通メニューなどをスキップして本文へ 岩倉市トップに戻る ふりがな やさしい日本語 文字サイズ変更 標準 拡大 色の反転 標準 反転 検索 文字サイズ変更機能を利用するにはJavaScript（アクティブスクリプト）を有効にしてください。JavaScript（アクティブスクリプト）を無効のまま文字サイズを変更する場合には，ご利用のブラウザの表示メニューから文字サイズを変更してください。文字サイズ変更以外にも，操作性向上の目的でJavaScript（アクティブスクリプト）を用いた機能を提供しています。可能であればJavaScript（アクティブスクリプト）"
"岩倉市","23228","44","200","都市計画マスタープラン","https://www.city.iwakura.aichi.jp/0000000352.html","都市計画マスタープラン | 岩倉市 共通メニューなどをスキップして本文へ 岩倉市トップに戻る ふりがな やさしい日本語 文字サイズ変更 標準 拡大 色の反転 標準 反転 検索 文字サイズ変更機能を利用するにはJavaScript（アクティブスクリプト）を有効にしてください。JavaScript（アクティブスクリプト）を無効のまま文字サイズを変更する場合には，ご利用のブラウザの表示メニューから文字サイズを変更してください。文字サイズ変更以外にも，操作性向上の目的でJavaScript（アクティブスクリプト）を用いた機能を提供しています。可能であればJavaScript（アクティブスクリプト）を有"
"岩倉市","23228","44","200","緑の基本計画","https://www.city.iwakura.aichi.jp/0000000360.html","緑の基本計画 | 岩倉市 共通メニューなどをスキップして本文へ 岩倉市トップに戻る ふりがな やさしい日本語 文字サイズ変更 標準 拡大 色の反転 標準 反転 検索 文字サイズ変更機能を利用するにはJavaScript（アクティブスクリプト）を有効にしてください。JavaScript（アクティブスクリプト）を無効のまま文字サイズを変更する場合には，ご利用のブラウザの表示メニューから文字サイズを変更してください。文字サイズ変更以外にも，操作性向上の目的でJavaScript（アクティブスクリプト）を用いた機能を提供しています。可能であればJavaScript（アクティブスクリプト）を有効にしてく"
"岩倉市","23228","44","200","市税を滞納すると","https://www.city.iwakura.aichi.jp/0000000387.html","市税を滞納すると | 岩倉市 共通メニューなどをスキップして本文へ 岩倉市トップに戻る ふりがな やさしい日本語 文字サイズ変更 標準 拡大 色の反転 標準 反転 検索 文字サイズ変更機能を利用するにはJavaScript（アクティブスクリプト）を有効にしてください。JavaScript（アクティブスクリプト）を無効のまま文字サイズを変更する場合には，ご利用のブラウザの表示メニューから文字サイズを変更してください。文字サイズ変更以外にも，操作性向上の目的でJavaScript（アクティブスクリプト）を用いた機能を提供しています。可能であればJavaScript（アクティブスクリプト）を有効にし"
"岩倉市","23228","44","200","ユニバーサルデザイン","https://www.city.iwakura.aichi.jp/0000001853.html","ユニバーサルデザイン | 岩倉市 共通メニューなどをスキップして本文へ 岩倉市トップに戻る ふりがな やさしい日本語 文字サイズ変更 標準 拡大 色の反転 標準 反転 検索 文字サイズ変更機能を利用するにはJavaScript（アクティブスクリプト）を有効にしてください。JavaScript（アクティブスクリプト）を無効のまま文字サイズを変更する場合には，ご利用のブラウザの表示メニューから文字サイズを変更してください。文字サイズ変更以外にも，操作性向上の目的でJavaScript（アクティブスクリプト）を用いた機能を提供しています。可能であればJavaScript（アクティブスクリプト）を有効"
"岩倉市","23228","44","200","岩倉市まち・ひと・しごと創生総合戦略","https://www.city.iwakura.aichi.jp/0000001869.html","岩倉市まち・ひと・しごと創生総合戦略 | 岩倉市 共通メニューなどをスキップして本文へ 岩倉市トップに戻る ふりがな やさしい日本語 文字サイズ変更 標準 拡大 色の反転 標準 反転 検索 文字サイズ変更機能を利用するにはJavaScript（アクティブスクリプト）を有効にしてください。JavaScript（アクティブスクリプト）を無効のまま文字サイズを変更する場合には，ご利用のブラウザの表示メニューから文字サイズを変更してください。文字サイズ変更以外にも，操作性向上の目的でJavaScript（アクティブスクリプト）を用いた機能を提供しています。可能であればJavaScript（アクティブス"
"岩倉市","23228","44","200","ふるさといわくら応援寄附金の使い道と受入れ状況について","https://www.city.iwakura.aichi.jp/0000001870.html","ふるさといわくら応援寄附金の使い道と受入れ状況について | 岩倉市 共通メニューなどをスキップして本文へ 岩倉市トップに戻る ふりがな やさしい日本語 文字サイズ変更 標準 拡大 色の反転 標準 反転 検索 文字サイズ変更機能を利用するにはJavaScript（アクティブスクリプト）を有効にしてください。JavaScript（アクティブスクリプト）を無効のまま文字サイズを変更する場合には，ご利用のブラウザの表示メニューから文字サイズを変更してください。文字サイズ変更以外にも，操作性向上の目的でJavaScript（アクティブスクリプト）を用いた機能を提供しています。可能であればJavaScri"
"岩倉市","23228","44","200","岩倉市消費生活センター（消費生活相談）","https://www.city.iwakura.aichi.jp/0000001913.html","岩倉市消費生活センター（消費生活相談） | 岩倉市 共通メニューなどをスキップして本文へ 岩倉市トップに戻る ふりがな やさしい日本語 文字サイズ変更 標準 拡大 色の反転 標準 反転 検索 文字サイズ変更機能を利用するにはJavaScript（アクティブスクリプト）を有効にしてください。JavaScript（アクティブスクリプト）を無効のまま文字サイズを変更する場合には，ご利用のブラウザの表示メニューから文字サイズを変更してください。文字サイズ変更以外にも，操作性向上の目的でJavaScript（アクティブスクリプト）を用いた機能を提供しています。可能であればJavaScript（アクティブ"
"岩倉市","23228","44","200","市税の猶予制度について","https://www.city.iwakura.aichi.jp/0000001943.html","市税の猶予制度について | 岩倉市 共通メニューなどをスキップして本文へ 岩倉市トップに戻る ふりがな やさしい日本語 文字サイズ変更 標準 拡大 色の反転 標準 反転 検索 文字サイズ変更機能を利用するにはJavaScript（アクティブスクリプト）を有効にしてください。JavaScript（アクティブスクリプト）を無効のまま文字サイズを変更する場合には，ご利用のブラウザの表示メニューから文字サイズを変更してください。文字サイズ変更以外にも，操作性向上の目的でJavaScript（アクティブスクリプト）を用いた機能を提供しています。可能であればJavaScript（アクティブスクリプト）を有"
"岩倉市","23228","44","200","地震による被害予測について [2024年8月23日]","https://www.city.iwakura.aichi.jp/0000001988.html","地震による被害予測について | 岩倉市 共通メニューなどをスキップして本文へ 岩倉市トップに戻る ふりがな やさしい日本語 文字サイズ変更 標準 拡大 色の反転 標準 反転 検索 文字サイズ変更機能を利用するにはJavaScript（アクティブスクリプト）を有効にしてください。JavaScript（アクティブスクリプト）を無効のまま文字サイズを変更する場合には，ご利用のブラウザの表示メニューから文字サイズを変更してください。文字サイズ変更以外にも，操作性向上の目的でJavaScript（アクティブスクリプト）を用いた機能を提供しています。可能であればJavaScript（アクティブスクリプト）"
"岩倉市","23228","44","200","地震防災ガイドブックをご覧ください [2016年9月30日]","https://www.city.iwakura.aichi.jp/0000001989.html","地震防災ガイドブックをご覧ください | 岩倉市 共通メニューなどをスキップして本文へ 岩倉市トップに戻る ふりがな やさしい日本語 文字サイズ変更 標準 拡大 色の反転 標準 反転 検索 文字サイズ変更機能を利用するにはJavaScript（アクティブスクリプト）を有効にしてください。JavaScript（アクティブスクリプト）を無効のまま文字サイズを変更する場合には，ご利用のブラウザの表示メニューから文字サイズを変更してください。文字サイズ変更以外にも，操作性向上の目的でJavaScript（アクティブスクリプト）を用いた機能を提供しています。可能であればJavaScript（アクティブスク"
"岩倉市","23228","44","200","指定緊急避難場所および指定一般避難所、指定福祉避難所について","https://www.city.iwakura.aichi.jp/0000002029.html","指定緊急避難場所および指定一般避難所、指定福祉避難所について | 岩倉市 共通メニューなどをスキップして本文へ 岩倉市トップに戻る ふりがな やさしい日本語 文字サイズ変更 標準 拡大 色の反転 標準 反転 検索 文字サイズ変更機能を利用するにはJavaScript（アクティブスクリプト）を有効にしてください。JavaScript（アクティブスクリプト）を無効のまま文字サイズを変更する場合には，ご利用のブラウザの表示メニューから文字サイズを変更してください。文字サイズ変更以外にも，操作性向上の目的でJavaScript（アクティブスクリプト）を用いた機能を提供しています。可能であればJavaS"
"岩倉市","23228","44","200","葬祭費","https://www.city.iwakura.aichi.jp/0000002030.html","葬祭費 | 岩倉市 共通メニューなどをスキップして本文へ 岩倉市トップに戻る ふりがな やさしい日本語 文字サイズ変更 標準 拡大 色の反転 標準 反転 検索 文字サイズ変更機能を利用するにはJavaScript（アクティブスクリプト）を有効にしてください。JavaScript（アクティブスクリプト）を無効のまま文字サイズを変更する場合には，ご利用のブラウザの表示メニューから文字サイズを変更してください。文字サイズ変更以外にも，操作性向上の目的でJavaScript（アクティブスクリプト）を用いた機能を提供しています。可能であればJavaScript（アクティブスクリプト）を有効にしてください"
"岩倉市","23228","44","200","治療用装具を作ったときなど","https://www.city.iwakura.aichi.jp/0000002032.html","治療用装具を作ったときなど | 岩倉市 共通メニューなどをスキップして本文へ 岩倉市トップに戻る ふりがな やさしい日本語 文字サイズ変更 標準 拡大 色の反転 標準 反転 検索 文字サイズ変更機能を利用するにはJavaScript（アクティブスクリプト）を有効にしてください。JavaScript（アクティブスクリプト）を無効のまま文字サイズを変更する場合には，ご利用のブラウザの表示メニューから文字サイズを変更してください。文字サイズ変更以外にも，操作性向上の目的でJavaScript（アクティブスクリプト）を用いた機能を提供しています。可能であればJavaScript（アクティブスクリプト）"
"岩倉市","23228","44","200","高額療養費","https://www.city.iwakura.aichi.jp/0000002035.html","高額療養費 | 岩倉市 共通メニューなどをスキップして本文へ 岩倉市トップに戻る ふりがな やさしい日本語 文字サイズ変更 標準 拡大 色の反転 標準 反転 検索 文字サイズ変更機能を利用するにはJavaScript（アクティブスクリプト）を有効にしてください。JavaScript（アクティブスクリプト）を無効のまま文字サイズを変更する場合には，ご利用のブラウザの表示メニューから文字サイズを変更してください。文字サイズ変更以外にも，操作性向上の目的でJavaScript（アクティブスクリプト）を用いた機能を提供しています。可能であればJavaScript（アクティブスクリプト）を有効にしてくだ"
"岩倉市","23228","44","200","国民健康保険の加入と脱退","https://www.city.iwakura.aichi.jp/0000002037.html","国民健康保険の加入と脱退 | 岩倉市 共通メニューなどをスキップして本文へ 岩倉市トップに戻る ふりがな やさしい日本語 文字サイズ変更 標準 拡大 色の反転 標準 反転 検索 文字サイズ変更機能を利用するにはJavaScript（アクティブスクリプト）を有効にしてください。JavaScript（アクティブスクリプト）を無効のまま文字サイズを変更する場合には，ご利用のブラウザの表示メニューから文字サイズを変更してください。文字サイズ変更以外にも，操作性向上の目的でJavaScript（アクティブスクリプト）を用いた機能を提供しています。可能であればJavaScript（アクティブスクリプト）を"
"岩倉市","23228","44","200","交通事故にあったとき","https://www.city.iwakura.aichi.jp/0000002039.html","交通事故にあったとき | 岩倉市 共通メニューなどをスキップして本文へ 岩倉市トップに戻る ふりがな やさしい日本語 文字サイズ変更 標準 拡大 色の反転 標準 反転 検索 文字サイズ変更機能を利用するにはJavaScript（アクティブスクリプト）を有効にしてください。JavaScript（アクティブスクリプト）を無効のまま文字サイズを変更する場合には，ご利用のブラウザの表示メニューから文字サイズを変更してください。文字サイズ変更以外にも，操作性向上の目的でJavaScript（アクティブスクリプト）を用いた機能を提供しています。可能であればJavaScript（アクティブスクリプト）を有効"
"岩倉市","23228","44","200","保険料の納め方","https://www.city.iwakura.aichi.jp/0000002040.html","保険料の納め方 | 岩倉市 共通メニューなどをスキップして本文へ 岩倉市トップに戻る ふりがな やさしい日本語 文字サイズ変更 標準 拡大 色の反転 標準 反転 検索 文字サイズ変更機能を利用するにはJavaScript（アクティブスクリプト）を有効にしてください。JavaScript（アクティブスクリプト）を無効のまま文字サイズを変更する場合には，ご利用のブラウザの表示メニューから文字サイズを変更してください。文字サイズ変更以外にも，操作性向上の目的でJavaScript（アクティブスクリプト）を用いた機能を提供しています。可能であればJavaScript（アクティブスクリプト）を有効にして"
"岩倉市","23228","44","200","医療機関等にかかるとき","https://www.city.iwakura.aichi.jp/0000002049.html","医療機関等にかかるとき | 岩倉市 共通メニューなどをスキップして本文へ 岩倉市トップに戻る ふりがな やさしい日本語 文字サイズ変更 標準 拡大 色の反転 標準 反転 検索 文字サイズ変更機能を利用するにはJavaScript（アクティブスクリプト）を有効にしてください。JavaScript（アクティブスクリプト）を無効のまま文字サイズを変更する場合には，ご利用のブラウザの表示メニューから文字サイズを変更してください。文字サイズ変更以外にも，操作性向上の目的でJavaScript（アクティブスクリプト）を用いた機能を提供しています。可能であればJavaScript（アクティブスクリプト）を有"
"岩倉市","23228","44","200","国民健康保険税の計算","https://www.city.iwakura.aichi.jp/0000002057.html","国民健康保険税の計算 | 岩倉市 共通メニューなどをスキップして本文へ 岩倉市トップに戻る ふりがな やさしい日本語 文字サイズ変更 標準 拡大 色の反転 標準 反転 検索 文字サイズ変更機能を利用するにはJavaScript（アクティブスクリプト）を有効にしてください。JavaScript（アクティブスクリプト）を無効のまま文字サイズを変更する場合には，ご利用のブラウザの表示メニューから文字サイズを変更してください。文字サイズ変更以外にも，操作性向上の目的でJavaScript（アクティブスクリプト）を用いた機能を提供しています。可能であればJavaScript（アクティブスクリプト）を有効"
"岩倉市","23228","44","200","岩倉市職員人材育成基本方針","https://www.city.iwakura.aichi.jp/0000002062.html","岩倉市職員人材育成基本方針 | 岩倉市 共通メニューなどをスキップして本文へ 岩倉市トップに戻る ふりがな やさしい日本語 文字サイズ変更 標準 拡大 色の反転 標準 反転 検索 文字サイズ変更機能を利用するにはJavaScript（アクティブスクリプト）を有効にしてください。JavaScript（アクティブスクリプト）を無効のまま文字サイズを変更する場合には，ご利用のブラウザの表示メニューから文字サイズを変更してください。文字サイズ変更以外にも，操作性向上の目的でJavaScript（アクティブスクリプト）を用いた機能を提供しています。可能であればJavaScript（アクティブスクリプト）"
"岩倉市","23228","44","200","第1期岩倉市食育推進計画","https://www.city.iwakura.aichi.jp/0000002165.html","第1期岩倉市食育推進計画 | 岩倉市 共通メニューなどをスキップして本文へ 岩倉市トップに戻る ふりがな やさしい日本語 文字サイズ変更 標準 拡大 色の反転 標準 反転 検索 文字サイズ変更機能を利用するにはJavaScript（アクティブスクリプト）を有効にしてください。JavaScript（アクティブスクリプト）を無効のまま文字サイズを変更する場合には，ご利用のブラウザの表示メニューから文字サイズを変更してください。文字サイズ変更以外にも，操作性向上の目的でJavaScript（アクティブスクリプト）を用いた機能を提供しています。可能であればJavaScript（アクティブスクリプト）を"
"岩倉市","23228","44","200","第2期岩倉市食育推進計画","https://www.city.iwakura.aichi.jp/0000002167.html","第2期岩倉市食育推進計画 | 岩倉市 共通メニューなどをスキップして本文へ 岩倉市トップに戻る ふりがな やさしい日本語 文字サイズ変更 標準 拡大 色の反転 標準 反転 検索 文字サイズ変更機能を利用するにはJavaScript（アクティブスクリプト）を有効にしてください。JavaScript（アクティブスクリプト）を無効のまま文字サイズを変更する場合には，ご利用のブラウザの表示メニューから文字サイズを変更してください。文字サイズ変更以外にも，操作性向上の目的でJavaScript（アクティブスクリプト）を用いた機能を提供しています。可能であればJavaScript（アクティブスクリプト）を"
"岩倉市","23228","44","200","岩倉市スポーツ協会","https://www.city.iwakura.aichi.jp/0000002174.html","岩倉市スポーツ協会 | 岩倉市 共通メニューなどをスキップして本文へ 岩倉市トップに戻る ふりがな やさしい日本語 文字サイズ変更 標準 拡大 色の反転 標準 反転 検索 文字サイズ変更機能を利用するにはJavaScript（アクティブスクリプト）を有効にしてください。JavaScript（アクティブスクリプト）を無効のまま文字サイズを変更する場合には，ご利用のブラウザの表示メニューから文字サイズを変更してください。文字サイズ変更以外にも，操作性向上の目的でJavaScript（アクティブスクリプト）を用いた機能を提供しています。可能であればJavaScript（アクティブスクリプト）を有効に"
"岩倉市","23228","44","200","Jアラート受信機の復旧について（岩倉市同報系防災行政無線） [2025年9月19日] 平成26年4月1日より「岩倉市同報系防災行政無線」の運用を開始しました。","https://www.city.iwakura.aichi.jp/0000002194.html","Jアラート受信機の復旧について（岩倉市同報系防災行政無線） | 岩倉市 共通メニューなどをスキップして本文へ 岩倉市トップに戻る ふりがな やさしい日本語 文字サイズ変更 標準 拡大 色の反転 標準 反転 検索 文字サイズ変更機能を利用するにはJavaScript（アクティブスクリプト）を有効にしてください。JavaScript（アクティブスクリプト）を無効のまま文字サイズを変更する場合には，ご利用のブラウザの表示メニューから文字サイズを変更してください。文字サイズ変更以外にも，操作性向上の目的でJavaScript（アクティブスクリプト）を用いた機能を提供しています。可能であればJavaSc"
"岩倉市","23228","44","200","指名停止等措置状況 [2026年1月14日]","https://www.city.iwakura.aichi.jp/0000002195.html","指名停止等措置状況 | 岩倉市 共通メニューなどをスキップして本文へ 岩倉市トップに戻る ふりがな やさしい日本語 文字サイズ変更 標準 拡大 色の反転 標準 反転 検索 文字サイズ変更機能を利用するにはJavaScript（アクティブスクリプト）を有効にしてください。JavaScript（アクティブスクリプト）を無効のまま文字サイズを変更する場合には，ご利用のブラウザの表示メニューから文字サイズを変更してください。文字サイズ変更以外にも，操作性向上の目的でJavaScript（アクティブスクリプト）を用いた機能を提供しています。可能であればJavaScript（アクティブスクリプト）を有効に"
"岩倉市","23228","44","200","原動機付自転車、特定小型原動機付自転車、ミニカー、小型特殊自動車","https://www.city.iwakura.aichi.jp/0000002221.html","原動機付自転車、特定小型原動機付自転車、ミニカー、小型特殊自動車 | 岩倉市 共通メニューなどをスキップして本文へ 岩倉市トップに戻る ふりがな やさしい日本語 文字サイズ変更 標準 拡大 色の反転 標準 反転 検索 文字サイズ変更機能を利用するにはJavaScript（アクティブスクリプト）を有効にしてください。JavaScript（アクティブスクリプト）を無効のまま文字サイズを変更する場合には，ご利用のブラウザの表示メニューから文字サイズを変更してください。文字サイズ変更以外にも，操作性向上の目的でJavaScript（アクティブスクリプト）を用いた機能を提供しています。可能であればJav"
"岩倉市","23228","44","200","岩倉市地域福祉計画","https://www.city.iwakura.aichi.jp/0000002248.html","岩倉市地域福祉計画 | 岩倉市 共通メニューなどをスキップして本文へ 岩倉市トップに戻る ふりがな やさしい日本語 文字サイズ変更 標準 拡大 色の反転 標準 反転 検索 文字サイズ変更機能を利用するにはJavaScript（アクティブスクリプト）を有効にしてください。JavaScript（アクティブスクリプト）を無効のまま文字サイズを変更する場合には，ご利用のブラウザの表示メニューから文字サイズを変更してください。文字サイズ変更以外にも，操作性向上の目的でJavaScript（アクティブスクリプト）を用いた機能を提供しています。可能であればJavaScript（アクティブスクリプト）を有効に"
"岩倉市","23228","44","200","人権 ～すべての人が生まれながらにして持っている権利を守りましょう～","https://www.city.iwakura.aichi.jp/0000002267.html","人権 ～すべての人が生まれながらにして持っている権利を守りましょう～ | 岩倉市 共通メニューなどをスキップして本文へ 岩倉市トップに戻る ふりがな やさしい日本語 文字サイズ変更 標準 拡大 色の反転 標準 反転 検索 文字サイズ変更機能を利用するにはJavaScript（アクティブスクリプト）を有効にしてください。JavaScript（アクティブスクリプト）を無効のまま文字サイズを変更する場合には，ご利用のブラウザの表示メニューから文字サイズを変更してください。文字サイズ変更以外にも，操作性向上の目的でJavaScript（アクティブスクリプト）を用いた機能を提供しています。可能であればJ"
"岩倉市","23228","44","200","五条川自然再生整備等基本計画","https://www.city.iwakura.aichi.jp/0000002332.html","五条川自然再生整備等基本計画 | 岩倉市 共通メニューなどをスキップして本文へ 岩倉市トップに戻る ふりがな やさしい日本語 文字サイズ変更 標準 拡大 色の反転 標準 反転 検索 文字サイズ変更機能を利用するにはJavaScript（アクティブスクリプト）を有効にしてください。JavaScript（アクティブスクリプト）を無効のまま文字サイズを変更する場合には，ご利用のブラウザの表示メニューから文字サイズを変更してください。文字サイズ変更以外にも，操作性向上の目的でJavaScript（アクティブスクリプト）を用いた機能を提供しています。可能であればJavaScript（アクティブスクリプト"
"岩倉市","23228","44","200","自動車臨時運行許可（仮ナンバー）","https://www.city.iwakura.aichi.jp/0000002393.html","自動車臨時運行許可（仮ナンバー） | 岩倉市 共通メニューなどをスキップして本文へ 岩倉市トップに戻る ふりがな やさしい日本語 文字サイズ変更 標準 拡大 色の反転 標準 反転 検索 文字サイズ変更機能を利用するにはJavaScript（アクティブスクリプト）を有効にしてください。JavaScript（アクティブスクリプト）を無効のまま文字サイズを変更する場合には，ご利用のブラウザの表示メニューから文字サイズを変更してください。文字サイズ変更以外にも，操作性向上の目的でJavaScript（アクティブスクリプト）を用いた機能を提供しています。可能であればJavaScript（アクティブスクリ"
"岩倉市","23228","44","200","オープンカウンタ [2021年4月1日] 平成29年度からあいち電子調達共同システム（物品等）のオープンカウンタを実施しています。","https://www.city.iwakura.aichi.jp/0000002414.html","オープンカウンタ | 岩倉市 共通メニューなどをスキップして本文へ 岩倉市トップに戻る ふりがな やさしい日本語 文字サイズ変更 標準 拡大 色の反転 標準 反転 検索 文字サイズ変更機能を利用するにはJavaScript（アクティブスクリプト）を有効にしてください。JavaScript（アクティブスクリプト）を無効のまま文字サイズを変更する場合には，ご利用のブラウザの表示メニューから文字サイズを変更してください。文字サイズ変更以外にも，操作性向上の目的でJavaScript（アクティブスクリプト）を用いた機能を提供しています。可能であればJavaScript（アクティブスクリプト）を有効にし"
"岩倉市","23228","44","200","農業委員会委員等の募集状況の公表について（最終発表）","https://www.city.iwakura.aichi.jp/0000002415.html","農業委員会委員等の募集状況の公表について（最終発表） | 岩倉市 共通メニューなどをスキップして本文へ 岩倉市トップに戻る ふりがな やさしい日本語 文字サイズ変更 標準 拡大 色の反転 標準 反転 検索 文字サイズ変更機能を利用するにはJavaScript（アクティブスクリプト）を有効にしてください。JavaScript（アクティブスクリプト）を無効のまま文字サイズを変更する場合には，ご利用のブラウザの表示メニューから文字サイズを変更してください。文字サイズ変更以外にも，操作性向上の目的でJavaScript（アクティブスクリプト）を用いた機能を提供しています。可能であればJavaScrip"
"岩倉市","23228","44","200","教育大綱","https://www.city.iwakura.aichi.jp/0000002432.html","教育大綱 | 岩倉市 共通メニューなどをスキップして本文へ 岩倉市トップに戻る ふりがな やさしい日本語 文字サイズ変更 標準 拡大 色の反転 標準 反転 検索 文字サイズ変更機能を利用するにはJavaScript（アクティブスクリプト）を有効にしてください。JavaScript（アクティブスクリプト）を無効のまま文字サイズを変更する場合には，ご利用のブラウザの表示メニューから文字サイズを変更してください。文字サイズ変更以外にも，操作性向上の目的でJavaScript（アクティブスクリプト）を用いた機能を提供しています。可能であればJavaScript（アクティブスクリプト）を有効にしてくださ"
"岩倉市","23228","44","200","他国による弾道ミサイル発射等の武力攻撃災害について [2025年3月25日]","https://www.city.iwakura.aichi.jp/0000002442.html","他国による弾道ミサイル発射等の武力攻撃災害について | 岩倉市 共通メニューなどをスキップして本文へ 岩倉市トップに戻る ふりがな やさしい日本語 文字サイズ変更 標準 拡大 色の反転 標準 反転 検索 文字サイズ変更機能を利用するにはJavaScript（アクティブスクリプト）を有効にしてください。JavaScript（アクティブスクリプト）を無効のまま文字サイズを変更する場合には，ご利用のブラウザの表示メニューから文字サイズを変更してください。文字サイズ変更以外にも，操作性向上の目的でJavaScript（アクティブスクリプト）を用いた機能を提供しています。可能であればJavaScript"
"岩倉市","23228","44","200","稲づくり農業体験","https://www.city.iwakura.aichi.jp/0000002476.html","稲づくり農業体験 | 岩倉市 共通メニューなどをスキップして本文へ 岩倉市トップに戻る ふりがな やさしい日本語 文字サイズ変更 標準 拡大 色の反転 標準 反転 検索 文字サイズ変更機能を利用するにはJavaScript（アクティブスクリプト）を有効にしてください。JavaScript（アクティブスクリプト）を無効のまま文字サイズを変更する場合には，ご利用のブラウザの表示メニューから文字サイズを変更してください。文字サイズ変更以外にも，操作性向上の目的でJavaScript（アクティブスクリプト）を用いた機能を提供しています。可能であればJavaScript（アクティブスクリプト）を有効にし"
"岩倉市","23228","44","200","戸籍謄抄本等","https://www.city.iwakura.aichi.jp/0000002538.html","戸籍謄抄本等 | 岩倉市 共通メニューなどをスキップして本文へ 岩倉市トップに戻る ふりがな やさしい日本語 文字サイズ変更 標準 拡大 色の反転 標準 反転 検索 文字サイズ変更機能を利用するにはJavaScript（アクティブスクリプト）を有効にしてください。JavaScript（アクティブスクリプト）を無効のまま文字サイズを変更する場合には，ご利用のブラウザの表示メニューから文字サイズを変更してください。文字サイズ変更以外にも，操作性向上の目的でJavaScript（アクティブスクリプト）を用いた機能を提供しています。可能であればJavaScript（アクティブスクリプト）を有効にしてく"
"岩倉市","23228","44","200","戸籍の附票","https://www.city.iwakura.aichi.jp/0000002561.html","戸籍の附票 | 岩倉市 共通メニューなどをスキップして本文へ 岩倉市トップに戻る ふりがな やさしい日本語 文字サイズ変更 標準 拡大 色の反転 標準 反転 検索 文字サイズ変更機能を利用するにはJavaScript（アクティブスクリプト）を有効にしてください。JavaScript（アクティブスクリプト）を無効のまま文字サイズを変更する場合には，ご利用のブラウザの表示メニューから文字サイズを変更してください。文字サイズ変更以外にも，操作性向上の目的でJavaScript（アクティブスクリプト）を用いた機能を提供しています。可能であればJavaScript（アクティブスクリプト）を有効にしてくだ"
"岩倉市","23228","44","200","国民健康保険の制度が変わります","https://www.city.iwakura.aichi.jp/0000002600.html","国民健康保険の制度が変わります | 岩倉市 共通メニューなどをスキップして本文へ 岩倉市トップに戻る ふりがな やさしい日本語 文字サイズ変更 標準 拡大 色の反転 標準 反転 検索 文字サイズ変更機能を利用するにはJavaScript（アクティブスクリプト）を有効にしてください。JavaScript（アクティブスクリプト）を無効のまま文字サイズを変更する場合には，ご利用のブラウザの表示メニューから文字サイズを変更してください。文字サイズ変更以外にも，操作性向上の目的でJavaScript（アクティブスクリプト）を用いた機能を提供しています。可能であればJavaScript（アクティブスクリプ"
"岩倉市","23228","44","200","防火管理講習","https://www.city.iwakura.aichi.jp/0000002613.html","防火管理講習 | 岩倉市 共通メニューなどをスキップして本文へ 岩倉市トップに戻る ふりがな やさしい日本語 文字サイズ変更 標準 拡大 色の反転 標準 反転 検索 文字サイズ変更機能を利用するにはJavaScript（アクティブスクリプト）を有効にしてください。JavaScript（アクティブスクリプト）を無効のまま文字サイズを変更する場合には，ご利用のブラウザの表示メニューから文字サイズを変更してください。文字サイズ変更以外にも，操作性向上の目的でJavaScript（アクティブスクリプト）を用いた機能を提供しています。可能であればJavaScript（アクティブスクリプト）を有効にしてく"
"岩倉市","23228","44","200","ふるさといわくら応援寄附金のお礼の品の提供事業者を募集しています","https://www.city.iwakura.aichi.jp/0000002630.html","ふるさといわくら応援寄附金のお礼の品の提供事業者を募集しています | 岩倉市 共通メニューなどをスキップして本文へ 岩倉市トップに戻る ふりがな やさしい日本語 文字サイズ変更 標準 拡大 色の反転 標準 反転 検索 文字サイズ変更機能を利用するにはJavaScript（アクティブスクリプト）を有効にしてください。JavaScript（アクティブスクリプト）を無効のまま文字サイズを変更する場合には，ご利用のブラウザの表示メニューから文字サイズを変更してください。文字サイズ変更以外にも，操作性向上の目的でJavaScript（アクティブスクリプト）を用いた機能を提供しています。可能であればJav"
"岩倉市","23228","44","200","救命講習会","https://www.city.iwakura.aichi.jp/0000002631.html","救命講習会 | 岩倉市 共通メニューなどをスキップして本文へ 岩倉市トップに戻る ふりがな やさしい日本語 文字サイズ変更 標準 拡大 色の反転 標準 反転 検索 文字サイズ変更機能を利用するにはJavaScript（アクティブスクリプト）を有効にしてください。JavaScript（アクティブスクリプト）を無効のまま文字サイズを変更する場合には，ご利用のブラウザの表示メニューから文字サイズを変更してください。文字サイズ変更以外にも，操作性向上の目的でJavaScript（アクティブスクリプト）を用いた機能を提供しています。可能であればJavaScript（アクティブスクリプト）を有効にしてくだ"
"岩倉市","23228","44","200","NET119緊急通報システム","https://www.city.iwakura.aichi.jp/0000002634.html","NET119緊急通報システム | 岩倉市 共通メニューなどをスキップして本文へ 岩倉市トップに戻る ふりがな やさしい日本語 文字サイズ変更 標準 拡大 色の反転 標準 反転 検索 文字サイズ変更機能を利用するにはJavaScript（アクティブスクリプト）を有効にしてください。JavaScript（アクティブスクリプト）を無効のまま文字サイズを変更する場合には，ご利用のブラウザの表示メニューから文字サイズを変更してください。文字サイズ変更以外にも，操作性向上の目的でJavaScript（アクティブスクリプト）を用いた機能を提供しています。可能であればJavaScript（アクティブスクリプト"
"岩倉市","23228","44","200","平成29年度 市長との小学校区意見交換会","https://www.city.iwakura.aichi.jp/0000002658.html","平成29年度 市長との小学校区意見交換会 | 岩倉市 共通メニューなどをスキップして本文へ 岩倉市トップに戻る ふりがな やさしい日本語 文字サイズ変更 標準 拡大 色の反転 標準 反転 検索 文字サイズ変更機能を利用するにはJavaScript（アクティブスクリプト）を有効にしてください。JavaScript（アクティブスクリプト）を無効のまま文字サイズを変更する場合には，ご利用のブラウザの表示メニューから文字サイズを変更してください。文字サイズ変更以外にも，操作性向上の目的でJavaScript（アクティブスクリプト）を用いた機能を提供しています。可能であればJavaScript（アクティ"
"岩倉市","23228","44","200","市税の納税通知書送付用広告入り封筒無償提供者の募集","https://www.city.iwakura.aichi.jp/0000002688.html","市税の納税通知書送付用広告入り封筒無償提供者の募集 | 岩倉市 共通メニューなどをスキップして本文へ 岩倉市トップに戻る ふりがな やさしい日本語 文字サイズ変更 標準 拡大 色の反転 標準 反転 検索 文字サイズ変更機能を利用するにはJavaScript（アクティブスクリプト）を有効にしてください。JavaScript（アクティブスクリプト）を無効のまま文字サイズを変更する場合には，ご利用のブラウザの表示メニューから文字サイズを変更してください。文字サイズ変更以外にも，操作性向上の目的でJavaScript（アクティブスクリプト）を用いた機能を提供しています。可能であればJavaScript"
"岩倉市","23228","44","200","竜巻や雷のときは","https://www.city.iwakura.aichi.jp/0000002704.html","竜巻や雷のときは | 岩倉市 共通メニューなどをスキップして本文へ 岩倉市トップに戻る ふりがな やさしい日本語 文字サイズ変更 標準 拡大 色の反転 標準 反転 検索 文字サイズ変更機能を利用するにはJavaScript（アクティブスクリプト）を有効にしてください。JavaScript（アクティブスクリプト）を無効のまま文字サイズを変更する場合には，ご利用のブラウザの表示メニューから文字サイズを変更してください。文字サイズ変更以外にも，操作性向上の目的でJavaScript（アクティブスクリプト）を用いた機能を提供しています。可能であればJavaScript（アクティブスクリプト）を有効にし"
"岩倉市","23228","44","200","ペットボトルはラベルをはがしての分別にご協力ください [2025年4月1日] ペットボトルの分別方法は、キャップを外してラベルをはがしてください。","https://www.city.iwakura.aichi.jp/0000002725.html","ペットボトルはラベルをはがしての分別にご協力ください | 岩倉市 共通メニューなどをスキップして本文へ 岩倉市トップに戻る ふりがな やさしい日本語 文字サイズ変更 標準 拡大 色の反転 標準 反転 検索 文字サイズ変更機能を利用するにはJavaScript（アクティブスクリプト）を有効にしてください。JavaScript（アクティブスクリプト）を無効のまま文字サイズを変更する場合には，ご利用のブラウザの表示メニューから文字サイズを変更してください。文字サイズ変更以外にも，操作性向上の目的でJavaScript（アクティブスクリプト）を用いた機能を提供しています。可能であればJavaScrip"
"岩倉市","23228","44","200","土のうの無償提供に関するご案内について","https://www.city.iwakura.aichi.jp/0000002735.html","土のうの無償提供に関するご案内について | 岩倉市 共通メニューなどをスキップして本文へ 岩倉市トップに戻る ふりがな やさしい日本語 文字サイズ変更 標準 拡大 色の反転 標準 反転 検索 文字サイズ変更機能を利用するにはJavaScript（アクティブスクリプト）を有効にしてください。JavaScript（アクティブスクリプト）を無効のまま文字サイズを変更する場合には，ご利用のブラウザの表示メニューから文字サイズを変更してください。文字サイズ変更以外にも，操作性向上の目的でJavaScript（アクティブスクリプト）を用いた機能を提供しています。可能であればJavaScript（アクティブ"
"岩倉市","23228","44","200","こころの居場所あみ～ご","https://www.city.iwakura.aichi.jp/0000002795.html","こころの居場所あみ～ご | 岩倉市 共通メニューなどをスキップして本文へ 岩倉市トップに戻る ふりがな やさしい日本語 文字サイズ変更 標準 拡大 色の反転 標準 反転 検索 文字サイズ変更機能を利用するにはJavaScript（アクティブスクリプト）を有効にしてください。JavaScript（アクティブスクリプト）を無効のまま文字サイズを変更する場合には，ご利用のブラウザの表示メニューから文字サイズを変更してください。文字サイズ変更以外にも，操作性向上の目的でJavaScript（アクティブスクリプト）を用いた機能を提供しています。可能であればJavaScript（アクティブスクリプト）を有"
"岩倉市","23228","44","200","建築物の設計・工事監理の契約締結時における提出書類 [2024年4月1日] 建築物の設計・工事監理の契約締結時における提出書類等をご覧になれます。","https://www.city.iwakura.aichi.jp/0000002796.html","建築物の設計・工事監理の契約締結時における提出書類 | 岩倉市 共通メニューなどをスキップして本文へ 岩倉市トップに戻る ふりがな やさしい日本語 文字サイズ変更 標準 拡大 色の反転 標準 反転 検索 文字サイズ変更機能を利用するにはJavaScript（アクティブスクリプト）を有効にしてください。JavaScript（アクティブスクリプト）を無効のまま文字サイズを変更する場合には，ご利用のブラウザの表示メニューから文字サイズを変更してください。文字サイズ変更以外にも，操作性向上の目的でJavaScript（アクティブスクリプト）を用いた機能を提供しています。可能であればJavaScript"
"高浜市","23227","44","200","戸籍","https://www.city.takahama.lg.jp/life/1/1/2/","戸籍 - 高浜市ホームページ ページの先頭です。 メニューを飛ばして本文へ メニュー JavaScriptが無効のため、文字の大きさ・背景色を変更する機能を使用できません。 本文へ Foreign language 文字サイズ 標準 拡大 背景色変更 白 黒 青 もしもの時は --> 生活に関する情報 Living information 住民票・戸籍 保険・年金 税金（くらしの情報） 消防・救急 防災 防犯・安全 医療・健康 福祉・介護 子育て 教育 上水道・下水道 ごみ・衛生 ペット・動植物 まちづくり・コミュニティ・協働 生涯学習・スポーツ 人権・男女平等・外国人 土地・住宅 道路・河川"
"高浜市","23227","44","200","土地・住宅","https://www.city.takahama.lg.jp/life/1/17/","土地・住宅 - 高浜市ホームページ ページの先頭です。 メニューを飛ばして本文へ メニュー JavaScriptが無効のため、文字の大きさ・背景色を変更する機能を使用できません。 本文へ Foreign language 文字サイズ 標準 拡大 背景色変更 白 黒 青 もしもの時は --> 生活に関する情報 Living information 住民票・戸籍 保険・年金 税金（くらしの情報） 消防・救急 防災 防犯・安全 医療・健康 福祉・介護 子育て 教育 上水道・下水道 ごみ・衛生 ペット・動植物 まちづくり・コミュニティ・協働 生涯学習・スポーツ 人権・男女平等・外国人 土地・住宅 道路"
"高浜市","23227","44","200","国民健康保険","https://www.city.takahama.lg.jp/life/1/2/12/","国民健康保険 - 高浜市ホームページ ページの先頭です。 メニューを飛ばして本文へ メニュー JavaScriptが無効のため、文字の大きさ・背景色を変更する機能を使用できません。 本文へ Foreign language 文字サイズ 標準 拡大 背景色変更 白 黒 青 もしもの時は --> 生活に関する情報 Living information 住民票・戸籍 保険・年金 税金（くらしの情報） 消防・救急 防災 防犯・安全 医療・健康 福祉・介護 子育て 教育 上水道・下水道 ごみ・衛生 ペット・動植物 まちづくり・コミュニティ・協働 生涯学習・スポーツ 人権・男女平等・外国人 土地・住宅 道"
"高浜市","23227","44","200","地域福祉","https://www.city.takahama.lg.jp/life/1/8/51/","地域福祉 - 高浜市ホームページ ページの先頭です。 メニューを飛ばして本文へ メニュー JavaScriptが無効のため、文字の大きさ・背景色を変更する機能を使用できません。 本文へ Foreign language 文字サイズ 標準 拡大 背景色変更 白 黒 青 もしもの時は --> 生活に関する情報 Living information 住民票・戸籍 保険・年金 税金（くらしの情報） 消防・救急 防災 防犯・安全 医療・健康 福祉・介護 子育て 教育 上水道・下水道 ごみ・衛生 ペット・動植物 まちづくり・コミュニティ・協働 生涯学習・スポーツ 人権・男女平等・外国人 土地・住宅 道路・"
"高浜市","23227","44","200","保育園・認定こども園・幼稚園","https://www.city.takahama.lg.jp/life/1/9/58/","保育園・認定こども園・幼稚園 - 高浜市ホームページ ページの先頭です。 メニューを飛ばして本文へ メニュー JavaScriptが無効のため、文字の大きさ・背景色を変更する機能を使用できません。 本文へ Foreign language 文字サイズ 標準 拡大 背景色変更 白 黒 青 もしもの時は --> 生活に関する情報 Living information 住民票・戸籍 保険・年金 税金（くらしの情報） 消防・救急 防災 防犯・安全 医療・健康 福祉・介護 子育て 教育 上水道・下水道 ごみ・衛生 ペット・動植物 まちづくり・コミュニティ・協働 生涯学習・スポーツ 人権・男女平等・外国人"
"高浜市","23227","44","200","新型コロナワクチン接種証明書（ワクチンパスポート）の申請について","https://www.city.takahama.lg.jp/site/corona/20817.html","新型コロナワクチン接種証明書（ワクチンパスポート）の申請について - 高浜市ホームページ ページの先頭です。 メニューを飛ばして本文へ メニュー JavaScriptが無効のため、文字の大きさ・背景色を変更する機能を使用できません。 本文へ Foreign language 文字サイズ 標準 拡大 背景色変更 白 黒 青 もしもの時は --> 生活に関する情報 Living information 住民票・戸籍 保険・年金 税金（くらしの情報） 消防・救急 防災 防犯・安全 医療・健康 福祉・介護 子育て 教育 上水道・下水道 ごみ・衛生 ペット・動植物 まちづくり・コミュニティ・協働 生涯学"
"高浜市","23227","44","200","愛知県高浜市ふるさと納税","https://www.city.takahama.lg.jp/site/furusato/","愛知県高浜市ふるさと納税 - 高浜市ホームページ ページの先頭です。 メニューを飛ばして本文へ メニュー JavaScriptが無効のため、文字の大きさ・背景色を変更する機能を使用できません。 本文へ Foreign language 文字サイズ 標準 拡大 背景色変更 白 黒 青 もしもの時は --> 生活に関する情報 Living information 住民票・戸籍 保険・年金 税金（くらしの情報） 消防・救急 防災 防犯・安全 医療・健康 福祉・介護 子育て 教育 上水道・下水道 ごみ・衛生 ペット・動植物 まちづくり・コミュニティ・協働 生涯学習・スポーツ 人権・男女平等・外国人 土"
"高浜市","23227","44","200","返礼品提供事業者募集","https://www.city.takahama.lg.jp/site/furusato/14399.html","返礼品提供事業者募集 - 高浜市ホームページ ページの先頭です。 メニューを飛ばして本文へ メニュー JavaScriptが無効のため、文字の大きさ・背景色を変更する機能を使用できません。 本文へ Foreign language 文字サイズ 標準 拡大 背景色変更 白 黒 青 もしもの時は --> 生活に関する情報 Living information 住民票・戸籍 保険・年金 税金（くらしの情報） 消防・救急 防災 防犯・安全 医療・健康 福祉・介護 子育て 教育 上水道・下水道 ごみ・衛生 ペット・動植物 まちづくり・コミュニティ・協働 生涯学習・スポーツ 人権・男女平等・外国人 土地・"
"高浜市","23227","44","200","ふるさと納税手続きの流れ","https://www.city.takahama.lg.jp/site/furusato/14408.html","ふるさと納税手続きの流れ - 高浜市ホームページ ページの先頭です。 メニューを飛ばして本文へ メニュー JavaScriptが無効のため、文字の大きさ・背景色を変更する機能を使用できません。 本文へ Foreign language 文字サイズ 標準 拡大 背景色変更 白 黒 青 もしもの時は --> 生活に関する情報 Living information 住民票・戸籍 保険・年金 税金（くらしの情報） 消防・救急 防災 防犯・安全 医療・健康 福祉・介護 子育て 教育 上水道・下水道 ごみ・衛生 ペット・動植物 まちづくり・コミュニティ・協働 生涯学習・スポーツ 人権・男女平等・外国人 土"
"高浜市","23227","44","200","愛知県高浜市のふるさと納税使い道","https://www.city.takahama.lg.jp/site/furusato/19738.html","愛知県高浜市のふるさと納税使い道 - 高浜市ホームページ ページの先頭です。 メニューを飛ばして本文へ メニュー JavaScriptが無効のため、文字の大きさ・背景色を変更する機能を使用できません。 本文へ Foreign language 文字サイズ 標準 拡大 背景色変更 白 黒 青 もしもの時は --> 生活に関する情報 Living information 住民票・戸籍 保険・年金 税金（くらしの情報） 消防・救急 防災 防犯・安全 医療・健康 福祉・介護 子育て 教育 上水道・下水道 ごみ・衛生 ペット・動植物 まちづくり・コミュニティ・協働 生涯学習・スポーツ 人権・男女平等・外"
"高浜市","23227","44","200","高浜市標高サイン設置箇所図","https://www.city.takahama.lg.jp/soshiki/bousai/10956.html","高浜市標高サイン設置箇所図 - 高浜市ホームページ ページの先頭です。 メニューを飛ばして本文へ メニュー JavaScriptが無効のため、文字の大きさ・背景色を変更する機能を使用できません。 本文へ Foreign language 文字サイズ 標準 拡大 背景色変更 白 黒 青 もしもの時は --> 生活に関する情報 Living information 住民票・戸籍 保険・年金 税金（くらしの情報） 消防・救急 防災 防犯・安全 医療・健康 福祉・介護 子育て 教育 上水道・下水道 ごみ・衛生 ペット・動植物 まちづくり・コミュニティ・協働 生涯学習・スポーツ 人権・男女平等・外国人 "
"高浜市","23227","44","200","ポルトガル語版我が家の防災ガイド","https://www.city.takahama.lg.jp/soshiki/bousai/10957.html","ポルトガル語版我が家の防災ガイド - 高浜市ホームページ ページの先頭です。 メニューを飛ばして本文へ メニュー JavaScriptが無効のため、文字の大きさ・背景色を変更する機能を使用できません。 本文へ Foreign language 文字サイズ 標準 拡大 背景色変更 白 黒 青 もしもの時は --> 生活に関する情報 Living information 住民票・戸籍 保険・年金 税金（くらしの情報） 消防・救急 防災 防犯・安全 医療・健康 福祉・介護 子育て 教育 上水道・下水道 ごみ・衛生 ペット・動植物 まちづくり・コミュニティ・協働 生涯学習・スポーツ 人権・男女平等・外"
"高浜市","23227","44","200","緊急情報を同報無線設備でお届けします","https://www.city.takahama.lg.jp/soshiki/bousai/14618.html","緊急情報を同報無線設備でお届けします - 高浜市ホームページ ページの先頭です。 メニューを飛ばして本文へ メニュー JavaScriptが無効のため、文字の大きさ・背景色を変更する機能を使用できません。 本文へ Foreign language 文字サイズ 標準 拡大 背景色変更 白 黒 青 もしもの時は --> 生活に関する情報 Living information 住民票・戸籍 保険・年金 税金（くらしの情報） 消防・救急 防災 防犯・安全 医療・健康 福祉・介護 子育て 教育 上水道・下水道 ごみ・衛生 ペット・動植物 まちづくり・コミュニティ・協働 生涯学習・スポーツ 人権・男女平等"
"高浜市","23227","44","200","外国人向け防災ガイドブック","https://www.city.takahama.lg.jp/soshiki/bousai/1532.html","外国人向け防災ガイドブック - 高浜市ホームページ ページの先頭です。 メニューを飛ばして本文へ メニュー JavaScriptが無効のため、文字の大きさ・背景色を変更する機能を使用できません。 本文へ Foreign language 文字サイズ 標準 拡大 背景色変更 白 黒 青 もしもの時は --> 生活に関する情報 Living information 住民票・戸籍 保険・年金 税金（くらしの情報） 消防・救急 防災 防犯・安全 医療・健康 福祉・介護 子育て 教育 上水道・下水道 ごみ・衛生 ペット・動植物 まちづくり・コミュニティ・協働 生涯学習・スポーツ 人権・男女平等・外国人 "
"高浜市","23227","44","200","外国人向け防災メール","https://www.city.takahama.lg.jp/soshiki/bousai/1533.html","外国人向け防災メール - 高浜市ホームページ ページの先頭です。 メニューを飛ばして本文へ メニュー JavaScriptが無効のため、文字の大きさ・背景色を変更する機能を使用できません。 本文へ Foreign language 文字サイズ 標準 拡大 背景色変更 白 黒 青 もしもの時は --> 生活に関する情報 Living information 住民票・戸籍 保険・年金 税金（くらしの情報） 消防・救急 防災 防犯・安全 医療・健康 福祉・介護 子育て 教育 上水道・下水道 ごみ・衛生 ペット・動植物 まちづくり・コミュニティ・協働 生涯学習・スポーツ 人権・男女平等・外国人 土地・"
"高浜市","23227","44","200","避難情報が新しくなりました","https://www.city.takahama.lg.jp/soshiki/bousai/1568.html","避難情報が新しくなりました - 高浜市ホームページ ページの先頭です。 メニューを飛ばして本文へ メニュー JavaScriptが無効のため、文字の大きさ・背景色を変更する機能を使用できません。 本文へ Foreign language 文字サイズ 標準 拡大 背景色変更 白 黒 青 もしもの時は --> 生活に関する情報 Living information 住民票・戸籍 保険・年金 税金（くらしの情報） 消防・救急 防災 防犯・安全 医療・健康 福祉・介護 子育て 教育 上水道・下水道 ごみ・衛生 ペット・動植物 まちづくり・コミュニティ・協働 生涯学習・スポーツ 人権・男女平等・外国人 "
"高浜市","23227","44","200","交通安全対策","https://www.city.takahama.lg.jp/soshiki/bousai/1592.html","交通安全対策 - 高浜市ホームページ ページの先頭です。 メニューを飛ばして本文へ メニュー JavaScriptが無効のため、文字の大きさ・背景色を変更する機能を使用できません。 本文へ Foreign language 文字サイズ 標準 拡大 背景色変更 白 黒 青 もしもの時は --> 生活に関する情報 Living information 住民票・戸籍 保険・年金 税金（くらしの情報） 消防・救急 防災 防犯・安全 医療・健康 福祉・介護 子育て 教育 上水道・下水道 ごみ・衛生 ペット・動植物 まちづくり・コミュニティ・協働 生涯学習・スポーツ 人権・男女平等・外国人 土地・住宅 道"
"高浜市","23227","44","200","災害時における避難所での新型コロナウイルス感染症対策について","https://www.city.takahama.lg.jp/soshiki/bousai/16537.html","災害時における避難所での新型コロナウイルス感染症対策について - 高浜市ホームページ ページの先頭です。 メニューを飛ばして本文へ メニュー JavaScriptが無効のため、文字の大きさ・背景色を変更する機能を使用できません。 本文へ Foreign language 文字サイズ 標準 拡大 背景色変更 白 黒 青 もしもの時は --> 生活に関する情報 Living information 住民票・戸籍 保険・年金 税金（くらしの情報） 消防・救急 防災 防犯・安全 医療・健康 福祉・介護 子育て 教育 上水道・下水道 ごみ・衛生 ペット・動植物 まちづくり・コミュニティ・協働 生涯学習・"
"高浜市","23227","44","200","防犯啓発チラシ","https://www.city.takahama.lg.jp/soshiki/bousai/17624.html","防犯啓発チラシ - 高浜市ホームページ ページの先頭です。 メニューを飛ばして本文へ メニュー JavaScriptが無効のため、文字の大きさ・背景色を変更する機能を使用できません。 本文へ Foreign language 文字サイズ 標準 拡大 背景色変更 白 黒 青 もしもの時は --> 生活に関する情報 Living information 住民票・戸籍 保険・年金 税金（くらしの情報） 消防・救急 防災 防犯・安全 医療・健康 福祉・介護 子育て 教育 上水道・下水道 ごみ・衛生 ペット・動植物 まちづくり・コミュニティ・協働 生涯学習・スポーツ 人権・男女平等・外国人 土地・住宅 "
"高浜市","23227","44","200","高浜市国土強靱化地域計画","https://www.city.takahama.lg.jp/soshiki/bousai/17627.html","高浜市国土強靱化地域計画 - 高浜市ホームページ ページの先頭です。 メニューを飛ばして本文へ メニュー JavaScriptが無効のため、文字の大きさ・背景色を変更する機能を使用できません。 本文へ Foreign language 文字サイズ 標準 拡大 背景色変更 白 黒 青 もしもの時は --> 生活に関する情報 Living information 住民票・戸籍 保険・年金 税金（くらしの情報） 消防・救急 防災 防犯・安全 医療・健康 福祉・介護 子育て 教育 上水道・下水道 ごみ・衛生 ペット・動植物 まちづくり・コミュニティ・協働 生涯学習・スポーツ 人権・男女平等・外国人 土"
"高浜市","23227","44","200","高浜市避難所運営マニュアル","https://www.city.takahama.lg.jp/soshiki/bousai/1850.html","高浜市避難所運営マニュアル - 高浜市ホームページ ページの先頭です。 メニューを飛ばして本文へ メニュー JavaScriptが無効のため、文字の大きさ・背景色を変更する機能を使用できません。 本文へ Foreign language 文字サイズ 標準 拡大 背景色変更 白 黒 青 もしもの時は --> 生活に関する情報 Living information 住民票・戸籍 保険・年金 税金（くらしの情報） 消防・救急 防災 防犯・安全 医療・健康 福祉・介護 子育て 教育 上水道・下水道 ごみ・衛生 ペット・動植物 まちづくり・コミュニティ・協働 生涯学習・スポーツ 人権・男女平等・外国人 "
"高浜市","23227","44","200","災害時相互応援協定","https://www.city.takahama.lg.jp/soshiki/bousai/1909.html","災害時相互応援協定 - 高浜市ホームページ ページの先頭です。 メニューを飛ばして本文へ メニュー JavaScriptが無効のため、文字の大きさ・背景色を変更する機能を使用できません。 本文へ Foreign language 文字サイズ 標準 拡大 背景色変更 白 黒 青 もしもの時は --> 生活に関する情報 Living information 住民票・戸籍 保険・年金 税金（くらしの情報） 消防・救急 防災 防犯・安全 医療・健康 福祉・介護 子育て 教育 上水道・下水道 ごみ・衛生 ペット・動植物 まちづくり・コミュニティ・協働 生涯学習・スポーツ 人権・男女平等・外国人 土地・住"
"高浜市","23227","44","200","高浜市非常配備体制区分","https://www.city.takahama.lg.jp/soshiki/bousai/1911.html","高浜市非常配備体制区分 - 高浜市ホームページ ページの先頭です。 メニューを飛ばして本文へ メニュー JavaScriptが無効のため、文字の大きさ・背景色を変更する機能を使用できません。 本文へ Foreign language 文字サイズ 標準 拡大 背景色変更 白 黒 青 もしもの時は --> 生活に関する情報 Living information 住民票・戸籍 保険・年金 税金（くらしの情報） 消防・救急 防災 防犯・安全 医療・健康 福祉・介護 子育て 教育 上水道・下水道 ごみ・衛生 ペット・動植物 まちづくり・コミュニティ・協働 生涯学習・スポーツ 人権・男女平等・外国人 土地"
"高浜市","23227","44","200","避難場所・避難所","https://www.city.takahama.lg.jp/soshiki/bousai/2068.html","避難場所・避難所 - 高浜市ホームページ ページの先頭です。 メニューを飛ばして本文へ メニュー JavaScriptが無効のため、文字の大きさ・背景色を変更する機能を使用できません。 本文へ Foreign language 文字サイズ 標準 拡大 背景色変更 白 黒 青 もしもの時は --> 生活に関する情報 Living information 住民票・戸籍 保険・年金 税金（くらしの情報） 消防・救急 防災 防犯・安全 医療・健康 福祉・介護 子育て 教育 上水道・下水道 ごみ・衛生 ペット・動植物 まちづくり・コミュニティ・協働 生涯学習・スポーツ 人権・男女平等・外国人 土地・住宅"
"高浜市","23227","44","200","地域防災計画・水防計画・国民保護計画","https://www.city.takahama.lg.jp/soshiki/bousai/2385.html","地域防災計画・水防計画・国民保護計画 - 高浜市ホームページ ページの先頭です。 メニューを飛ばして本文へ メニュー JavaScriptが無効のため、文字の大きさ・背景色を変更する機能を使用できません。 本文へ Foreign language 文字サイズ 標準 拡大 背景色変更 白 黒 青 もしもの時は --> 生活に関する情報 Living information 住民票・戸籍 保険・年金 税金（くらしの情報） 消防・救急 防災 防犯・安全 医療・健康 福祉・介護 子育て 教育 上水道・下水道 ごみ・衛生 ペット・動植物 まちづくり・コミュニティ・協働 生涯学習・スポーツ 人権・男女平等"
"高浜市","23227","44","200","防災ネットきずこう会の取組み","https://www.city.takahama.lg.jp/soshiki/bousai/2386.html","防災ネットきずこう会の取組み - 高浜市ホームページ ページの先頭です。 メニューを飛ばして本文へ メニュー JavaScriptが無効のため、文字の大きさ・背景色を変更する機能を使用できません。 本文へ Foreign language 文字サイズ 標準 拡大 背景色変更 白 黒 青 もしもの時は --> 生活に関する情報 Living information 住民票・戸籍 保険・年金 税金（くらしの情報） 消防・救急 防災 防犯・安全 医療・健康 福祉・介護 子育て 教育 上水道・下水道 ごみ・衛生 ペット・動植物 まちづくり・コミュニティ・協働 生涯学習・スポーツ 人権・男女平等・外国人"
"高浜市","23227","44","200","高浜市防災マップ（ハザードマップ、マイ・タイムライン）","https://www.city.takahama.lg.jp/soshiki/bousai/2387.html","高浜市防災マップ（ハザードマップ、マイ・タイムライン） - 高浜市ホームページ ページの先頭です。 メニューを飛ばして本文へ メニュー JavaScriptが無効のため、文字の大きさ・背景色を変更する機能を使用できません。 本文へ Foreign language 文字サイズ 標準 拡大 背景色変更 白 黒 青 もしもの時は --> 生活に関する情報 Living information 住民票・戸籍 保険・年金 税金（くらしの情報） 消防・救急 防災 防犯・安全 医療・健康 福祉・介護 子育て 教育 上水道・下水道 ごみ・衛生 ペット・動植物 まちづくり・コミュニティ・協働 生涯学習・スポー"
"高浜市","23227","44","200","防災情報をメールで配信しています","https://www.city.takahama.lg.jp/soshiki/bousai/2388.html","防災情報をメールで配信しています - 高浜市ホームページ ページの先頭です。 メニューを飛ばして本文へ メニュー JavaScriptが無効のため、文字の大きさ・背景色を変更する機能を使用できません。 本文へ Foreign language 文字サイズ 標準 拡大 背景色変更 白 黒 青 もしもの時は --> 生活に関する情報 Living information 住民票・戸籍 保険・年金 税金（くらしの情報） 消防・救急 防災 防犯・安全 医療・健康 福祉・介護 子育て 教育 上水道・下水道 ごみ・衛生 ペット・動植物 まちづくり・コミュニティ・協働 生涯学習・スポーツ 人権・男女平等・外"
"高浜市","23227","44","200","防災ラジオを販売しています","https://www.city.takahama.lg.jp/soshiki/bousai/2389.html","防災ラジオを販売しています - 高浜市ホームページ ページの先頭です。 メニューを飛ばして本文へ メニュー JavaScriptが無効のため、文字の大きさ・背景色を変更する機能を使用できません。 本文へ Foreign language 文字サイズ 標準 拡大 背景色変更 白 黒 青 もしもの時は --> 生活に関する情報 Living information 住民票・戸籍 保険・年金 税金（くらしの情報） 消防・救急 防災 防犯・安全 医療・健康 福祉・介護 子育て 教育 上水道・下水道 ごみ・衛生 ペット・動植物 まちづくり・コミュニティ・協働 生涯学習・スポーツ 人権・男女平等・外国人 "
"高浜市","23227","44","200","防犯対策","https://www.city.takahama.lg.jp/soshiki/bousai/2391.html","防犯対策 - 高浜市ホームページ ページの先頭です。 メニューを飛ばして本文へ メニュー JavaScriptが無効のため、文字の大きさ・背景色を変更する機能を使用できません。 本文へ Foreign language 文字サイズ 標準 拡大 背景色変更 白 黒 青 もしもの時は --> 生活に関する情報 Living information 住民票・戸籍 保険・年金 税金（くらしの情報） 消防・救急 防災 防犯・安全 医療・健康 福祉・介護 子育て 教育 上水道・下水道 ごみ・衛生 ペット・動植物 まちづくり・コミュニティ・協働 生涯学習・スポーツ 人権・男女平等・外国人 土地・住宅 道路・"
"高浜市","23227","44","200","避難者登録票について","https://www.city.takahama.lg.jp/soshiki/bousai/27899.html","避難者登録票について - 高浜市ホームページ ページの先頭です。 メニューを飛ばして本文へ メニュー JavaScriptが無効のため、文字の大きさ・背景色を変更する機能を使用できません。 本文へ Foreign language 文字サイズ 標準 拡大 背景色変更 白 黒 青 もしもの時は --> 生活に関する情報 Living information 住民票・戸籍 保険・年金 税金（くらしの情報） 消防・救急 防災 防犯・安全 医療・健康 福祉・介護 子育て 教育 上水道・下水道 ごみ・衛生 ペット・動植物 まちづくり・コミュニティ・協働 生涯学習・スポーツ 人権・男女平等・外国人 土地・"
"高浜市","23227","44","200","身近な防災情報","https://www.city.takahama.lg.jp/soshiki/bousai/34197.html","身近な防災情報 - 高浜市ホームページ ページの先頭です。 メニューを飛ばして本文へ メニュー JavaScriptが無効のため、文字の大きさ・背景色を変更する機能を使用できません。 本文へ Foreign language 文字サイズ 標準 拡大 背景色変更 白 黒 青 もしもの時は --> 生活に関する情報 Living information 住民票・戸籍 保険・年金 税金（くらしの情報） 消防・救急 防災 防犯・安全 医療・健康 福祉・介護 子育て 教育 上水道・下水道 ごみ・衛生 ペット・動植物 まちづくり・コミュニティ・協働 生涯学習・スポーツ 人権・男女平等・外国人 土地・住宅 "
"高浜市","23227","44","200","高浜市漕艇（ボート）普及事業","https://www.city.takahama.lg.jp/soshiki/bunka/2087.html","高浜市漕艇（ボート）普及事業 - 高浜市ホームページ ページの先頭です。 メニューを飛ばして本文へ メニュー JavaScriptが無効のため、文字の大きさ・背景色を変更する機能を使用できません。 本文へ Foreign language 文字サイズ 標準 拡大 背景色変更 白 黒 青 もしもの時は --> 生活に関する情報 Living information 住民票・戸籍 保険・年金 税金（くらしの情報） 消防・救急 防災 防犯・安全 医療・健康 福祉・介護 子育て 教育 上水道・下水道 ごみ・衛生 ペット・動植物 まちづくり・コミュニティ・協働 生涯学習・スポーツ 人権・男女平等・外国人"
"高浜市","23227","44","200","高浜市地域包括支援センター","https://www.city.takahama.lg.jp/soshiki/fmarugoto/1822.html","高浜市地域包括支援センター - 高浜市ホームページ ページの先頭です。 メニューを飛ばして本文へ メニュー JavaScriptが無効のため、文字の大きさ・背景色を変更する機能を使用できません。 本文へ Foreign language 文字サイズ 標準 拡大 背景色変更 白 黒 青 もしもの時は --> 生活に関する情報 Living information 住民票・戸籍 保険・年金 税金（くらしの情報） 消防・救急 防災 防犯・安全 医療・健康 福祉・介護 子育て 教育 上水道・下水道 ごみ・衛生 ペット・動植物 まちづくり・コミュニティ・協働 生涯学習・スポーツ 人権・男女平等・外国人 "
"高浜市","23227","44","200","認知症について","https://www.city.takahama.lg.jp/soshiki/fmarugoto/2059.html","認知症について - 高浜市ホームページ ページの先頭です。 メニューを飛ばして本文へ メニュー JavaScriptが無効のため、文字の大きさ・背景色を変更する機能を使用できません。 本文へ Foreign language 文字サイズ 標準 拡大 背景色変更 白 黒 青 もしもの時は --> 生活に関する情報 Living information 住民票・戸籍 保険・年金 税金（くらしの情報） 消防・救急 防災 防犯・安全 医療・健康 福祉・介護 子育て 教育 上水道・下水道 ごみ・衛生 ペット・動植物 まちづくり・コミュニティ・協働 生涯学習・スポーツ 人権・男女平等・外国人 土地・住宅 "
"高浜市","23227","44","200","「高浜市第2次地域福祉計画」を策定しました","https://www.city.takahama.lg.jp/soshiki/fukushi/1618.html","「高浜市第2次地域福祉計画」を策定しました - 高浜市ホームページ ページの先頭です。 メニューを飛ばして本文へ メニュー JavaScriptが無効のため、文字の大きさ・背景色を変更する機能を使用できません。 本文へ Foreign language 文字サイズ 標準 拡大 背景色変更 白 黒 青 もしもの時は --> 生活に関する情報 Living information 住民票・戸籍 保険・年金 税金（くらしの情報） 消防・救急 防災 防犯・安全 医療・健康 福祉・介護 子育て 教育 上水道・下水道 ごみ・衛生 ペット・動植物 まちづくり・コミュニティ・協働 生涯学習・スポーツ 人権・男"
"高浜市","23227","44","200","ホール・会議室等の利用について","https://www.city.takahama.lg.jp/soshiki/fukushi/1650.html","ホール・会議室等の利用について - 高浜市ホームページ ページの先頭です。 メニューを飛ばして本文へ メニュー JavaScriptが無効のため、文字の大きさ・背景色を変更する機能を使用できません。 本文へ Foreign language 文字サイズ 標準 拡大 背景色変更 白 黒 青 もしもの時は --> 生活に関する情報 Living information 住民票・戸籍 保険・年金 税金（くらしの情報） 消防・救急 防災 防犯・安全 医療・健康 福祉・介護 子育て 教育 上水道・下水道 ごみ・衛生 ペット・動植物 まちづくり・コミュニティ・協働 生涯学習・スポーツ 人権・男女平等・外国"
"高浜市","23227","44","200","生活困窮者自立支援事業","https://www.city.takahama.lg.jp/soshiki/fukushi/1738.html","生活困窮者自立支援事業 - 高浜市ホームページ ページの先頭です。 メニューを飛ばして本文へ メニュー JavaScriptが無効のため、文字の大きさ・背景色を変更する機能を使用できません。 本文へ Foreign language 文字サイズ 標準 拡大 背景色変更 白 黒 青 もしもの時は --> 生活に関する情報 Living information 住民票・戸籍 保険・年金 税金（くらしの情報） 消防・救急 防災 防犯・安全 医療・健康 福祉・介護 子育て 教育 上水道・下水道 ごみ・衛生 ペット・動植物 まちづくり・コミュニティ・協働 生涯学習・スポーツ 人権・男女平等・外国人 土地"
"高浜市","23227","44","200","教育委員会","https://www.city.takahama.lg.jp/soshiki/gakkou/1560.html","教育委員会 - 高浜市ホームページ ページの先頭です。 メニューを飛ばして本文へ メニュー JavaScriptが無効のため、文字の大きさ・背景色を変更する機能を使用できません。 本文へ Foreign language 文字サイズ 標準 拡大 背景色変更 白 黒 青 もしもの時は --> 生活に関する情報 Living information 住民票・戸籍 保険・年金 税金（くらしの情報） 消防・救急 防災 防犯・安全 医療・健康 福祉・介護 子育て 教育 上水道・下水道 ごみ・衛生 ペット・動植物 まちづくり・コミュニティ・協働 生涯学習・スポーツ 人権・男女平等・外国人 土地・住宅 道路"
"高浜市","23227","44","200","高浜小学校等整備事業","https://www.city.takahama.lg.jp/soshiki/gakkou/1899.html","高浜小学校等整備事業 - 高浜市ホームページ ページの先頭です。 メニューを飛ばして本文へ メニュー JavaScriptが無効のため、文字の大きさ・背景色を変更する機能を使用できません。 本文へ Foreign language 文字サイズ 標準 拡大 背景色変更 白 黒 青 もしもの時は --> 生活に関する情報 Living information 住民票・戸籍 保険・年金 税金（くらしの情報） 消防・救急 防災 防犯・安全 医療・健康 福祉・介護 子育て 教育 上水道・下水道 ごみ・衛生 ペット・動植物 まちづくり・コミュニティ・協働 生涯学習・スポーツ 人権・男女平等・外国人 土地・"
"高浜市","23227","44","200","奨学金","https://www.city.takahama.lg.jp/soshiki/gakkou/1969.html","奨学金 - 高浜市ホームページ ページの先頭です。 メニューを飛ばして本文へ メニュー JavaScriptが無効のため、文字の大きさ・背景色を変更する機能を使用できません。 本文へ Foreign language 文字サイズ 標準 拡大 背景色変更 白 黒 青 もしもの時は --> 生活に関する情報 Living information 住民票・戸籍 保険・年金 税金（くらしの情報） 消防・救急 防災 防犯・安全 医療・健康 福祉・介護 子育て 教育 上水道・下水道 ごみ・衛生 ペット・動植物 まちづくり・コミュニティ・協働 生涯学習・スポーツ 人権・男女平等・外国人 土地・住宅 道路・河"
"高浜市","23227","44","200","教育委員会における学校の働き方改革のための取組状況調査結果について","https://www.city.takahama.lg.jp/soshiki/gakkou/25910.html","教育委員会における学校の働き方改革のための取組状況調査結果について - 高浜市ホームページ ページの先頭です。 メニューを飛ばして本文へ メニュー JavaScriptが無効のため、文字の大きさ・背景色を変更する機能を使用できません。 本文へ Foreign language 文字サイズ 標準 拡大 背景色変更 白 黒 青 もしもの時は --> 生活に関する情報 Living information 住民票・戸籍 保険・年金 税金（くらしの情報） 消防・救急 防災 防犯・安全 医療・健康 福祉・介護 子育て 教育 上水道・下水道 ごみ・衛生 ペット・動植物 まちづくり・コミュニティ・協働 生涯"
"高浜市","23227","44","200","保育サービス第三者評価","https://www.city.takahama.lg.jp/soshiki/ikusei/15756.html","保育サービス第三者評価 - 高浜市ホームページ ページの先頭です。 メニューを飛ばして本文へ メニュー JavaScriptが無効のため、文字の大きさ・背景色を変更する機能を使用できません。 本文へ Foreign language 文字サイズ 標準 拡大 背景色変更 白 黒 青 もしもの時は --> 生活に関する情報 Living information 住民票・戸籍 保険・年金 税金（くらしの情報） 消防・救急 防災 防犯・安全 医療・健康 福祉・介護 子育て 教育 上水道・下水道 ごみ・衛生 ペット・動植物 まちづくり・コミュニティ・協働 生涯学習・スポーツ 人権・男女平等・外国人 土地"
"高浜市","23227","44","200","こども食育推進事業（カワラッキー賞、食育ボランティア、カワラッキーフレンズの紹介）","https://www.city.takahama.lg.jp/soshiki/ikusei/1638.html","こども食育推進事業（カワラッキー賞、食育ボランティア、カワラッキーフレンズの紹介） - 高浜市ホームページ ページの先頭です。 メニューを飛ばして本文へ メニュー JavaScriptが無効のため、文字の大きさ・背景色を変更する機能を使用できません。 本文へ Foreign language 文字サイズ 標準 拡大 背景色変更 白 黒 青 もしもの時は --> 生活に関する情報 Living information 住民票・戸籍 保険・年金 税金（くらしの情報） 消防・救急 防災 防犯・安全 医療・健康 福祉・介護 子育て 教育 上水道・下水道 ごみ・衛生 ペット・動植物 まちづくり・コミュニ"
"高浜市","23227","44","200","食育協力隊カワラッキーフレンズ募集","https://www.city.takahama.lg.jp/soshiki/ikusei/1792.html","食育協力隊カワラッキーフレンズ募集 - 高浜市ホームページ ページの先頭です。 メニューを飛ばして本文へ メニュー JavaScriptが無効のため、文字の大きさ・背景色を変更する機能を使用できません。 本文へ Foreign language 文字サイズ 標準 拡大 背景色変更 白 黒 青 もしもの時は --> 生活に関する情報 Living information 住民票・戸籍 保険・年金 税金（くらしの情報） 消防・救急 防災 防犯・安全 医療・健康 福祉・介護 子育て 教育 上水道・下水道 ごみ・衛生 ペット・動植物 まちづくり・コミュニティ・協働 生涯学習・スポーツ 人権・男女平等・"
"高浜市","23227","44","200","東海会館","https://www.city.takahama.lg.jp/soshiki/ikusei/1835.html","東海会館 - 高浜市ホームページ ページの先頭です。 メニューを飛ばして本文へ メニュー JavaScriptが無効のため、文字の大きさ・背景色を変更する機能を使用できません。 本文へ Foreign language 文字サイズ 標準 拡大 背景色変更 白 黒 青 もしもの時は --> 生活に関する情報 Living information 住民票・戸籍 保険・年金 税金（くらしの情報） 消防・救急 防災 防犯・安全 医療・健康 福祉・介護 子育て 教育 上水道・下水道 ごみ・衛生 ペット・動植物 まちづくり・コミュニティ・協働 生涯学習・スポーツ 人権・男女平等・外国人 土地・住宅 道路・"
"高浜市","23227","44","200","保育園・認定こども園（保育園機能）","https://www.city.takahama.lg.jp/soshiki/ikusei/1857.html","保育園・認定こども園（保育園機能） - 高浜市ホームページ ページの先頭です。 メニューを飛ばして本文へ メニュー JavaScriptが無効のため、文字の大きさ・背景色を変更する機能を使用できません。 本文へ Foreign language 文字サイズ 標準 拡大 背景色変更 白 黒 青 もしもの時は --> 生活に関する情報 Living information 住民票・戸籍 保険・年金 税金（くらしの情報） 消防・救急 防災 防犯・安全 医療・健康 福祉・介護 子育て 教育 上水道・下水道 ごみ・衛生 ペット・動植物 まちづくり・コミュニティ・協働 生涯学習・スポーツ 人権・男女平等・"
"高浜市","23227","44","200","保育園・認定こども園（保育所）・家庭的保育・小規模保育への入園について","https://www.city.takahama.lg.jp/soshiki/ikusei/1858.html","保育園・認定こども園（保育所）・家庭的保育・小規模保育への入園について - 高浜市ホームページ ページの先頭です。 メニューを飛ばして本文へ メニュー JavaScriptが無効のため、文字の大きさ・背景色を変更する機能を使用できません。 本文へ Foreign language 文字サイズ 標準 拡大 背景色変更 白 黒 青 もしもの時は --> 生活に関する情報 Living information 住民票・戸籍 保険・年金 税金（くらしの情報） 消防・救急 防災 防犯・安全 医療・健康 福祉・介護 子育て 教育 上水道・下水道 ごみ・衛生 ペット・動植物 まちづくり・コミュニティ・協働 "
"高浜市","23227","44","200","令和９年度 保育園・認定こども園・家庭的保育・小規模保育 入園申込みについて","https://www.city.takahama.lg.jp/soshiki/ikusei/26843.html","令和９年度 保育園・認定こども園・家庭的保育・小規模保育 入園申込みについて - 高浜市ホームページ ページの先頭です。 メニューを飛ばして本文へ メニュー JavaScriptが無効のため、文字の大きさ・背景色を変更する機能を使用できません。 本文へ Foreign language 文字サイズ 標準 拡大 背景色変更 白 黒 青 もしもの時は --> 生活に関する情報 Living information 住民票・戸籍 保険・年金 税金（くらしの情報） 消防・救急 防災 防犯・安全 医療・健康 福祉・介護 子育て 教育 上水道・下水道 ごみ・衛生 ペット・動植物 まちづくり・コミュニティ・"
"高浜市","23227","44","200","令和8年度 公立幼稚園 入園申し込みについて","https://www.city.takahama.lg.jp/soshiki/ikusei/26903.html","令和8年度 公立幼稚園 入園申し込みについて - 高浜市ホームページ ページの先頭です。 メニューを飛ばして本文へ メニュー JavaScriptが無効のため、文字の大きさ・背景色を変更する機能を使用できません。 本文へ Foreign language 文字サイズ 標準 拡大 背景色変更 白 黒 青 もしもの時は --> 生活に関する情報 Living information 住民票・戸籍 保険・年金 税金（くらしの情報） 消防・救急 防災 防犯・安全 医療・健康 福祉・介護 子育て 教育 上水道・下水道 ごみ・衛生 ペット・動植物 まちづくり・コミュニティ・協働 生涯学習・スポーツ 人権・"
"高浜市","23227","44","200","令和８年度 保育園・認定こども園・家庭的保育・小規模保育 入園申込みについて","https://www.city.takahama.lg.jp/soshiki/ikusei/38134.html","令和８年度 保育園・認定こども園・家庭的保育・小規模保育 入園申込みについて - 高浜市ホームページ ページの先頭です。 メニューを飛ばして本文へ メニュー JavaScriptが無効のため、文字の大きさ・背景色を変更する機能を使用できません。 本文へ Foreign language 文字サイズ 標準 拡大 背景色変更 白 黒 青 もしもの時は --> 生活に関する情報 Living information 住民票・戸籍 保険・年金 税金（くらしの情報） 消防・救急 防災 防犯・安全 医療・健康 福祉・介護 子育て 教育 上水道・下水道 ごみ・衛生 ペット・動植物 まちづくり・コミュニティ・"
"高浜市","23227","44","200","いきいき号（刈谷市コース）","https://www.city.takahama.lg.jp/soshiki/keizai/21416.html","いきいき号（刈谷市コース） - 高浜市ホームページ ページの先頭です。 メニューを飛ばして本文へ メニュー JavaScriptが無効のため、文字の大きさ・背景色を変更する機能を使用できません。 本文へ Foreign language 文字サイズ 標準 拡大 背景色変更 白 黒 青 もしもの時は --> 生活に関する情報 Living information 住民票・戸籍 保険・年金 税金（くらしの情報） 消防・救急 防災 防犯・安全 医療・健康 福祉・介護 子育て 教育 上水道・下水道 ごみ・衛生 ペット・動植物 まちづくり・コミュニティ・協働 生涯学習・スポーツ 人権・男女平等・外国人 "
"高浜市","23227","44","200","狂犬病予防注射、犬の登録を忘れずに行いましょう","https://www.city.takahama.lg.jp/soshiki/keizai/23038.html","狂犬病予防注射、犬の登録を忘れずに行いましょう - 高浜市ホームページ ページの先頭です。 メニューを飛ばして本文へ メニュー JavaScriptが無効のため、文字の大きさ・背景色を変更する機能を使用できません。 本文へ Foreign language 文字サイズ 標準 拡大 背景色変更 白 黒 青 もしもの時は --> 生活に関する情報 Living information 住民票・戸籍 保険・年金 税金（くらしの情報） 消防・救急 防災 防犯・安全 医療・健康 福祉・介護 子育て 教育 上水道・下水道 ごみ・衛生 ペット・動植物 まちづくり・コミュニティ・協働 生涯学習・スポーツ 人権"
"高浜市","23227","44","200","令和8年度 油ヶ淵浄化デー","https://www.city.takahama.lg.jp/soshiki/keizai/26896.html","令和8年度 油ヶ淵浄化デー - 高浜市ホームページ ページの先頭です。 メニューを飛ばして本文へ メニュー JavaScriptが無効のため、文字の大きさ・背景色を変更する機能を使用できません。 本文へ Foreign language 文字サイズ 標準 拡大 背景色変更 白 黒 青 もしもの時は --> 生活に関する情報 Living information 住民票・戸籍 保険・年金 税金（くらしの情報） 消防・救急 防災 防犯・安全 医療・健康 福祉・介護 子育て 教育 上水道・下水道 ごみ・衛生 ペット・動植物 まちづくり・コミュニティ・協働 生涯学習・スポーツ 人権・男女平等・外国人 "
"高浜市","23227","44","200","ごみの収集日","https://www.city.takahama.lg.jp/soshiki/keizai/844.html","ごみの収集日 - 高浜市ホームページ ページの先頭です。 メニューを飛ばして本文へ メニュー JavaScriptが無効のため、文字の大きさ・背景色を変更する機能を使用できません。 本文へ Foreign language 文字サイズ 標準 拡大 背景色変更 白 黒 青 もしもの時は --> 生活に関する情報 Living information 住民票・戸籍 保険・年金 税金（くらしの情報） 消防・救急 防災 防犯・安全 医療・健康 福祉・介護 子育て 教育 上水道・下水道 ごみ・衛生 ペット・動植物 まちづくり・コミュニティ・協働 生涯学習・スポーツ 人権・男女平等・外国人 土地・住宅 道"
"高浜市","23227","44","200","ごみの出し方（経済環境グループ）","https://www.city.takahama.lg.jp/soshiki/keizai/845.html","ごみの出し方（経済環境グループ） - 高浜市ホームページ ページの先頭です。 メニューを飛ばして本文へ メニュー JavaScriptが無効のため、文字の大きさ・背景色を変更する機能を使用できません。 本文へ Foreign language 文字サイズ 標準 拡大 背景色変更 白 黒 青 もしもの時は --> 生活に関する情報 Living information 住民票・戸籍 保険・年金 税金（くらしの情報） 消防・救急 防災 防犯・安全 医療・健康 福祉・介護 子育て 教育 上水道・下水道 ごみ・衛生 ペット・動植物 まちづくり・コミュニティ・協働 生涯学習・スポーツ 人権・男女平等・外"
"高浜市","23227","44","200","家電リサイクル対象製品の処理方法","https://www.city.takahama.lg.jp/soshiki/keizai/869.html","家電リサイクル対象製品の処理方法 - 高浜市ホームページ ページの先頭です。 メニューを飛ばして本文へ メニュー JavaScriptが無効のため、文字の大きさ・背景色を変更する機能を使用できません。 本文へ Foreign language 文字サイズ 標準 拡大 背景色変更 白 黒 青 もしもの時は --> 生活に関する情報 Living information 住民票・戸籍 保険・年金 税金（くらしの情報） 消防・救急 防災 防犯・安全 医療・健康 福祉・介護 子育て 教育 上水道・下水道 ごみ・衛生 ペット・動植物 まちづくり・コミュニティ・協働 生涯学習・スポーツ 人権・男女平等・外"
"高浜市","23227","44","200","不法投棄対策","https://www.city.takahama.lg.jp/soshiki/keizai/870.html","不法投棄対策 - 高浜市ホームページ ページの先頭です。 メニューを飛ばして本文へ メニュー JavaScriptが無効のため、文字の大きさ・背景色を変更する機能を使用できません。 本文へ Foreign language 文字サイズ 標準 拡大 背景色変更 白 黒 青 もしもの時は --> 生活に関する情報 Living information 住民票・戸籍 保険・年金 税金（くらしの情報） 消防・救急 防災 防犯・安全 医療・健康 福祉・介護 子育て 教育 上水道・下水道 ごみ・衛生 ペット・動植物 まちづくり・コミュニティ・協働 生涯学習・スポーツ 人権・男女平等・外国人 土地・住宅 道"
"高浜市","23227","44","200","高浜豊田病院","https://www.city.takahama.lg.jp/soshiki/kenko/1900.html","高浜豊田病院 - 高浜市ホームページ ページの先頭です。 メニューを飛ばして本文へ メニュー JavaScriptが無効のため、文字の大きさ・背景色を変更する機能を使用できません。 本文へ Foreign language 文字サイズ 標準 拡大 背景色変更 白 黒 青 もしもの時は --> 生活に関する情報 Living information 住民票・戸籍 保険・年金 税金（くらしの情報） 消防・救急 防災 防犯・安全 医療・健康 福祉・介護 子育て 教育 上水道・下水道 ごみ・衛生 ペット・動植物 まちづくり・コミュニティ・協働 生涯学習・スポーツ 人権・男女平等・外国人 土地・住宅 道"
"高浜市","23227","44","200","宅老所・ものづくり工房あかおにどん・IT工房くりっくのご案内","https://www.city.takahama.lg.jp/soshiki/kenko/1904.html","宅老所・ものづくり工房あかおにどん・IT工房くりっくのご案内 - 高浜市ホームページ ページの先頭です。 メニューを飛ばして本文へ メニュー JavaScriptが無効のため、文字の大きさ・背景色を変更する機能を使用できません。 本文へ Foreign language 文字サイズ 標準 拡大 背景色変更 白 黒 青 もしもの時は --> 生活に関する情報 Living information 住民票・戸籍 保険・年金 税金（くらしの情報） 消防・救急 防災 防犯・安全 医療・健康 福祉・介護 子育て 教育 上水道・下水道 ごみ・衛生 ペット・動植物 まちづくり・コミュニティ・協働 生涯学習・"
"高浜市","23227","44","200","指定管理－くりっく","https://www.city.takahama.lg.jp/soshiki/kenko/1932.html","指定管理－くりっく - 高浜市ホームページ ページの先頭です。 メニューを飛ばして本文へ メニュー JavaScriptが無効のため、文字の大きさ・背景色を変更する機能を使用できません。 本文へ Foreign language 文字サイズ 標準 拡大 背景色変更 白 黒 青 もしもの時は --> 生活に関する情報 Living information 住民票・戸籍 保険・年金 税金（くらしの情報） 消防・救急 防災 防犯・安全 医療・健康 福祉・介護 子育て 教育 上水道・下水道 ごみ・衛生 ペット・動植物 まちづくり・コミュニティ・協働 生涯学習・スポーツ 人権・男女平等・外国人 土地・住"
"高浜市","23227","44","200","指定管理－くりっく","https://www.city.takahama.lg.jp/soshiki/kenko/1933.html","指定管理－くりっく - 高浜市ホームページ ページの先頭です。 メニューを飛ばして本文へ メニュー JavaScriptが無効のため、文字の大きさ・背景色を変更する機能を使用できません。 本文へ Foreign language 文字サイズ 標準 拡大 背景色変更 白 黒 青 もしもの時は --> 生活に関する情報 Living information 住民票・戸籍 保険・年金 税金（くらしの情報） 消防・救急 防災 防犯・安全 医療・健康 福祉・介護 子育て 教育 上水道・下水道 ごみ・衛生 ペット・動植物 まちづくり・コミュニティ・協働 生涯学習・スポーツ 人権・男女平等・外国人 土地・住"
"高浜市","23227","44","200","指定管理－全世代","https://www.city.takahama.lg.jp/soshiki/kenko/1937.html","指定管理－全世代 - 高浜市ホームページ ページの先頭です。 メニューを飛ばして本文へ メニュー JavaScriptが無効のため、文字の大きさ・背景色を変更する機能を使用できません。 本文へ Foreign language 文字サイズ 標準 拡大 背景色変更 白 黒 青 もしもの時は --> 生活に関する情報 Living information 住民票・戸籍 保険・年金 税金（くらしの情報） 消防・救急 防災 防犯・安全 医療・健康 福祉・介護 子育て 教育 上水道・下水道 ごみ・衛生 ペット・動植物 まちづくり・コミュニティ・協働 生涯学習・スポーツ 人権・男女平等・外国人 土地・住宅"
"高浜市","23227","44","200","指定管理－宅老所","https://www.city.takahama.lg.jp/soshiki/kenko/1939.html","指定管理－宅老所 - 高浜市ホームページ ページの先頭です。 メニューを飛ばして本文へ メニュー JavaScriptが無効のため、文字の大きさ・背景色を変更する機能を使用できません。 本文へ Foreign language 文字サイズ 標準 拡大 背景色変更 白 黒 青 もしもの時は --> 生活に関する情報 Living information 住民票・戸籍 保険・年金 税金（くらしの情報） 消防・救急 防災 防犯・安全 医療・健康 福祉・介護 子育て 教育 上水道・下水道 ごみ・衛生 ペット・動植物 まちづくり・コミュニティ・協働 生涯学習・スポーツ 人権・男女平等・外国人 土地・住宅"
"高浜市","23227","44","200","新型インフルエンザ等対策行動計画","https://www.city.takahama.lg.jp/soshiki/kenko/1980.html","新型インフルエンザ等対策行動計画 - 高浜市ホームページ ページの先頭です。 メニューを飛ばして本文へ メニュー JavaScriptが無効のため、文字の大きさ・背景色を変更する機能を使用できません。 本文へ Foreign language 文字サイズ 標準 拡大 背景色変更 白 黒 青 もしもの時は --> 生活に関する情報 Living information 住民票・戸籍 保険・年金 税金（くらしの情報） 消防・救急 防災 防犯・安全 医療・健康 福祉・介護 子育て 教育 上水道・下水道 ごみ・衛生 ペット・動植物 まちづくり・コミュニティ・協働 生涯学習・スポーツ 人権・男女平等・外"
"高浜市","23227","44","200","令和8年度 成人－健診","https://www.city.takahama.lg.jp/soshiki/kenko/1990.html","令和8年度 成人－健診 - 高浜市ホームページ ページの先頭です。 メニューを飛ばして本文へ メニュー JavaScriptが無効のため、文字の大きさ・背景色を変更する機能を使用できません。 本文へ Foreign language 文字サイズ 標準 拡大 背景色変更 白 黒 青 もしもの時は --> 生活に関する情報 Living information 住民票・戸籍 保険・年金 税金（くらしの情報） 消防・救急 防災 防犯・安全 医療・健康 福祉・介護 子育て 教育 上水道・下水道 ごみ・衛生 ペット・動植物 まちづくり・コミュニティ・協働 生涯学習・スポーツ 人権・男女平等・外国人 土地"
"高浜市","23227","44","200","成人－各種相談および講座","https://www.city.takahama.lg.jp/soshiki/kenko/1991.html","成人－各種相談および講座 - 高浜市ホームページ ページの先頭です。 メニューを飛ばして本文へ メニュー JavaScriptが無効のため、文字の大きさ・背景色を変更する機能を使用できません。 本文へ Foreign language 文字サイズ 標準 拡大 背景色変更 白 黒 青 もしもの時は --> 生活に関する情報 Living information 住民票・戸籍 保険・年金 税金（くらしの情報） 消防・救急 防災 防犯・安全 医療・健康 福祉・介護 子育て 教育 上水道・下水道 ごみ・衛生 ペット・動植物 まちづくり・コミュニティ・協働 生涯学習・スポーツ 人権・男女平等・外国人 土"
"高浜市","23227","44","200","妊娠届出書","https://www.city.takahama.lg.jp/soshiki/kenko/2056.html","妊娠届出書 - 高浜市ホームページ ページの先頭です。 メニューを飛ばして本文へ メニュー JavaScriptが無効のため、文字の大きさ・背景色を変更する機能を使用できません。 本文へ Foreign language 文字サイズ 標準 拡大 背景色変更 白 黒 青 もしもの時は --> 生活に関する情報 Living information 住民票・戸籍 保険・年金 税金（くらしの情報） 消防・救急 防災 防犯・安全 医療・健康 福祉・介護 子育て 教育 上水道・下水道 ごみ・衛生 ペット・動植物 まちづくり・コミュニティ・協働 生涯学習・スポーツ 人権・男女平等・外国人 土地・住宅 道路"
"高浜市","23227","44","200","母子－あかちゃんができたら","https://www.city.takahama.lg.jp/soshiki/kenko/2367.html","母子－あかちゃんができたら - 高浜市ホームページ ページの先頭です。 メニューを飛ばして本文へ メニュー JavaScriptが無効のため、文字の大きさ・背景色を変更する機能を使用できません。 本文へ Foreign language 文字サイズ 標準 拡大 背景色変更 白 黒 青 もしもの時は --> 生活に関する情報 Living information 住民票・戸籍 保険・年金 税金（くらしの情報） 消防・救急 防災 防犯・安全 医療・健康 福祉・介護 子育て 教育 上水道・下水道 ごみ・衛生 ペット・動植物 まちづくり・コミュニティ・協働 生涯学習・スポーツ 人権・男女平等・外国人 "
"高浜市","23227","44","200","こども家庭センターについて","https://www.city.takahama.lg.jp/soshiki/kenko/29110.html","こども家庭センターについて - 高浜市ホームページ ページの先頭です。 メニューを飛ばして本文へ メニュー JavaScriptが無効のため、文字の大きさ・背景色を変更する機能を使用できません。 本文へ Foreign language 文字サイズ 標準 拡大 背景色変更 白 黒 青 もしもの時は --> 生活に関する情報 Living information 住民票・戸籍 保険・年金 税金（くらしの情報） 消防・救急 防災 防犯・安全 医療・健康 福祉・介護 子育て 教育 上水道・下水道 ごみ・衛生 ペット・動植物 まちづくり・コミュニティ・協働 生涯学習・スポーツ 人権・男女平等・外国人 "
"高浜市","23227","44","200","こころの健康づくり（こども向け）","https://www.city.takahama.lg.jp/soshiki/kenko/34936.html","こころの健康づくり（こども向け） - 高浜市ホームページ ページの先頭です。 メニューを飛ばして本文へ メニュー JavaScriptが無効のため、文字の大きさ・背景色を変更する機能を使用できません。 本文へ Foreign language 文字サイズ 標準 拡大 背景色変更 白 黒 青 もしもの時は --> 生活に関する情報 Living information 住民票・戸籍 保険・年金 税金（くらしの情報） 消防・救急 防災 防犯・安全 医療・健康 福祉・介護 子育て 教育 上水道・下水道 ごみ・衛生 ペット・動植物 まちづくり・コミュニティ・協働 生涯学習・スポーツ 人権・男女平等・外"
"高浜市","23227","44","200","歯科健康診査","https://www.city.takahama.lg.jp/soshiki/kenko/36118.html","歯科健康診査 - 高浜市ホームページ ページの先頭です。 メニューを飛ばして本文へ メニュー JavaScriptが無効のため、文字の大きさ・背景色を変更する機能を使用できません。 本文へ Foreign language 文字サイズ 標準 拡大 背景色変更 白 黒 青 もしもの時は --> 生活に関する情報 Living information 住民票・戸籍 保険・年金 税金（くらしの情報） 消防・救急 防災 防犯・安全 医療・健康 福祉・介護 子育て 教育 上水道・下水道 ごみ・衛生 ペット・動植物 まちづくり・コミュニティ・協働 生涯学習・スポーツ 人権・男女平等・外国人 土地・住宅 道"
"高浜市","23227","44","200","ゆうすぽっと（こども家庭センター こどもの学びの場事業）","https://www.city.takahama.lg.jp/soshiki/kenko/38405.html","ゆうすぽっと（こども家庭センター こどもの学びの場事業） - 高浜市ホームページ ページの先頭です。 メニューを飛ばして本文へ メニュー JavaScriptが無効のため、文字の大きさ・背景色を変更する機能を使用できません。 本文へ Foreign language 文字サイズ 標準 拡大 背景色変更 白 黒 青 もしもの時は --> 生活に関する情報 Living information 住民票・戸籍 保険・年金 税金（くらしの情報） 消防・救急 防災 防犯・安全 医療・健康 福祉・介護 子育て 教育 上水道・下水道 ごみ・衛生 ペット・動植物 まちづくり・コミュニティ・協働 生涯学習・スポ"
"高浜市","23227","44","200","高浜市新型インフルエンザ等対策行動計画の改定（案）に対する意見募集【パブリックコメント】","https://www.city.takahama.lg.jp/soshiki/kenko/38908.html","高浜市新型インフルエンザ等対策行動計画の改定（案）に対する意見募集【パブリックコメント】 - 高浜市ホームページ ページの先頭です。 メニューを飛ばして本文へ メニュー JavaScriptが無効のため、文字の大きさ・背景色を変更する機能を使用できません。 本文へ Foreign language 文字サイズ 標準 拡大 背景色変更 白 黒 青 もしもの時は --> 生活に関する情報 Living information 住民票・戸籍 保険・年金 税金（くらしの情報） 消防・救急 防災 防犯・安全 医療・健康 福祉・介護 子育て 教育 上水道・下水道 ごみ・衛生 ペット・動植物 まちづくり・コ"
"高浜市","23227","44","200","たかはま健康チャレンジ","https://www.city.takahama.lg.jp/soshiki/kenko/885.html","たかはま健康チャレンジ - 高浜市ホームページ ページの先頭です。 メニューを飛ばして本文へ メニュー JavaScriptが無効のため、文字の大きさ・背景色を変更する機能を使用できません。 本文へ Foreign language 文字サイズ 標準 拡大 背景色変更 白 黒 青 もしもの時は --> 生活に関する情報 Living information 住民票・戸籍 保険・年金 税金（くらしの情報） 消防・救急 防災 防犯・安全 医療・健康 福祉・介護 子育て 教育 上水道・下水道 ごみ・衛生 ペット・動植物 まちづくり・コミュニティ・協働 生涯学習・スポーツ 人権・男女平等・外国人 土地"
"高浜市","23227","44","200","LINE公式アカウント","https://www.city.takahama.lg.jp/soshiki/seisaku/22348.html","LINE公式アカウント - 高浜市ホームページ ページの先頭です。 メニューを飛ばして本文へ メニュー JavaScriptが無効のため、文字の大きさ・背景色を変更する機能を使用できません。 本文へ Foreign language 文字サイズ 標準 拡大 背景色変更 白 黒 青 もしもの時は --> 生活に関する情報 Living information 住民票・戸籍 保険・年金 税金（くらしの情報） 消防・救急 防災 防犯・安全 医療・健康 福祉・介護 子育て 教育 上水道・下水道 ごみ・衛生 ペット・動植物 まちづくり・コミュニティ・協働 生涯学習・スポーツ 人権・男女平等・外国人 土地"
"高浜市","23227","44","200","第7次高浜市総合計画を策定しました","https://www.city.takahama.lg.jp/soshiki/seisaku/25583.html","第7次高浜市総合計画を策定しました - 高浜市ホームページ ページの先頭です。 メニューを飛ばして本文へ メニュー JavaScriptが無効のため、文字の大きさ・背景色を変更する機能を使用できません。 本文へ Foreign language 文字サイズ 標準 拡大 背景色変更 白 黒 青 もしもの時は --> 生活に関する情報 Living information 住民票・戸籍 保険・年金 税金（くらしの情報） 消防・救急 防災 防犯・安全 医療・健康 福祉・介護 子育て 教育 上水道・下水道 ごみ・衛生 ペット・動植物 まちづくり・コミュニティ・協働 生涯学習・スポーツ 人権・男女平等・"
"高浜市","23227","44","200","市民意識調査の結果","https://www.city.takahama.lg.jp/soshiki/seisaku/2679.html","市民意識調査の結果 - 高浜市ホームページ ページの先頭です。 メニューを飛ばして本文へ メニュー JavaScriptが無効のため、文字の大きさ・背景色を変更する機能を使用できません。 本文へ Foreign language 文字サイズ 標準 拡大 背景色変更 白 黒 青 もしもの時は --> 生活に関する情報 Living information 住民票・戸籍 保険・年金 税金（くらしの情報） 消防・救急 防災 防犯・安全 医療・健康 福祉・介護 子育て 教育 上水道・下水道 ごみ・衛生 ペット・動植物 まちづくり・コミュニティ・協働 生涯学習・スポーツ 人権・男女平等・外国人 土地・住"
"高浜市","23227","44","200","高浜市の市民憲章・市のシンボル","https://www.city.takahama.lg.jp/soshiki/seisaku/2701.html","高浜市の市民憲章・市のシンボル - 高浜市ホームページ ページの先頭です。 メニューを飛ばして本文へ メニュー JavaScriptが無効のため、文字の大きさ・背景色を変更する機能を使用できません。 本文へ Foreign language 文字サイズ 標準 拡大 背景色変更 白 黒 青 もしもの時は --> 生活に関する情報 Living information 住民票・戸籍 保険・年金 税金（くらしの情報） 消防・救急 防災 防犯・安全 医療・健康 福祉・介護 子育て 教育 上水道・下水道 ごみ・衛生 ペット・動植物 まちづくり・コミュニティ・協働 生涯学習・スポーツ 人権・男女平等・外国"
"高浜市","23227","44","200","市民予算枠事業（協働推進型若者応援版）","https://www.city.takahama.lg.jp/soshiki/seisaku/28275.html","市民予算枠事業（協働推進型若者応援版） - 高浜市ホームページ ページの先頭です。 メニューを飛ばして本文へ メニュー JavaScriptが無効のため、文字の大きさ・背景色を変更する機能を使用できません。 本文へ Foreign language 文字サイズ 標準 拡大 背景色変更 白 黒 青 もしもの時は --> 生活に関する情報 Living information 住民票・戸籍 保険・年金 税金（くらしの情報） 消防・救急 防災 防犯・安全 医療・健康 福祉・介護 子育て 教育 上水道・下水道 ごみ・衛生 ペット・動植物 まちづくり・コミュニティ・協働 生涯学習・スポーツ 人権・男女平"
"高浜市","23227","44","200","市民予算枠事業（地域一括交付型）","https://www.city.takahama.lg.jp/soshiki/seisaku/28609.html","市民予算枠事業（地域一括交付型） - 高浜市ホームページ ページの先頭です。 メニューを飛ばして本文へ メニュー JavaScriptが無効のため、文字の大きさ・背景色を変更する機能を使用できません。 本文へ Foreign language 文字サイズ 標準 拡大 背景色変更 白 黒 青 もしもの時は --> 生活に関する情報 Living information 住民票・戸籍 保険・年金 税金（くらしの情報） 消防・救急 防災 防犯・安全 医療・健康 福祉・介護 子育て 教育 上水道・下水道 ごみ・衛生 ペット・動植物 まちづくり・コミュニティ・協働 生涯学習・スポーツ 人権・男女平等・外"
"高浜市","23227","44","200","市民予算枠事業（協働推進型）","https://www.city.takahama.lg.jp/soshiki/seisaku/28611.html","市民予算枠事業（協働推進型） - 高浜市ホームページ ページの先頭です。 メニューを飛ばして本文へ メニュー JavaScriptが無効のため、文字の大きさ・背景色を変更する機能を使用できません。 本文へ Foreign language 文字サイズ 標準 拡大 背景色変更 白 黒 青 もしもの時は --> 生活に関する情報 Living information 住民票・戸籍 保険・年金 税金（くらしの情報） 消防・救急 防災 防犯・安全 医療・健康 福祉・介護 子育て 教育 上水道・下水道 ごみ・衛生 ペット・動植物 まちづくり・コミュニティ・協働 生涯学習・スポーツ 人権・男女平等・外国人"
"高浜市","23227","44","200","高浜ふれあいプラザ","https://www.city.takahama.lg.jp/soshiki/seisaku/3084.html","高浜ふれあいプラザ - 高浜市ホームページ ページの先頭です。 メニューを飛ばして本文へ メニュー JavaScriptが無効のため、文字の大きさ・背景色を変更する機能を使用できません。 本文へ Foreign language 文字サイズ 標準 拡大 背景色変更 白 黒 青 もしもの時は --> 生活に関する情報 Living information 住民票・戸籍 保険・年金 税金（くらしの情報） 消防・救急 防災 防犯・安全 医療・健康 福祉・介護 子育て 教育 上水道・下水道 ごみ・衛生 ペット・動植物 まちづくり・コミュニティ・協働 生涯学習・スポーツ 人権・男女平等・外国人 土地・住"
"高浜市","23227","44","200","「高浜市×バイザー自治会町内会運営に関する実証実験」","https://www.city.takahama.lg.jp/soshiki/seisaku/30988.html","「高浜市×バイザー自治会町内会運営に関する実証実験」 - 高浜市ホームページ ページの先頭です。 メニューを飛ばして本文へ メニュー JavaScriptが無効のため、文字の大きさ・背景色を変更する機能を使用できません。 本文へ Foreign language 文字サイズ 標準 拡大 背景色変更 白 黒 青 もしもの時は --> 生活に関する情報 Living information 住民票・戸籍 保険・年金 税金（くらしの情報） 消防・救急 防災 防犯・安全 医療・健康 福祉・介護 子育て 教育 上水道・下水道 ごみ・衛生 ペット・動植物 まちづくり・コミュニティ・協働 生涯学習・スポーツ"
"高浜市","23227","44","200","","https://www.city.takahama.lg.jp/soshiki/seisaku/30992.html","高浜市公式Instagram - 高浜市ホームページ ページの先頭です。 メニューを飛ばして本文へ メニュー JavaScriptが無効のため、文字の大きさ・背景色を変更する機能を使用できません。 本文へ Foreign language 文字サイズ 標準 拡大 背景色変更 白 黒 青 もしもの時は --> 生活に関する情報 Living information 住民票・戸籍 保険・年金 税金（くらしの情報） 消防・救急 防災 防犯・安全 医療・健康 福祉・介護 子育て 教育 上水道・下水道 ごみ・衛生 ペット・動植物 まちづくり・コミュニティ・協働 生涯学習・スポーツ 人権・男女平等・外国人"
"高浜市","23227","44","200","市内マップ","https://www.city.takahama.lg.jp/soshiki/seisaku/3117.html","市内マップ - 高浜市ホームページ ページの先頭です。 メニューを飛ばして本文へ メニュー JavaScriptが無効のため、文字の大きさ・背景色を変更する機能を使用できません。 本文へ Foreign language 文字サイズ 標準 拡大 背景色変更 白 黒 青 もしもの時は --> 生活に関する情報 Living information 住民票・戸籍 保険・年金 税金（くらしの情報） 消防・救急 防災 防犯・安全 医療・健康 福祉・介護 子育て 教育 上水道・下水道 ごみ・衛生 ペット・動植物 まちづくり・コミュニティ・協働 生涯学習・スポーツ 人権・男女平等・外国人 土地・住宅 道路"
"高浜市","23227","44","200","市民予算枠事業","https://www.city.takahama.lg.jp/soshiki/seisaku/3122.html","市民予算枠事業 - 高浜市ホームページ ページの先頭です。 メニューを飛ばして本文へ メニュー JavaScriptが無効のため、文字の大きさ・背景色を変更する機能を使用できません。 本文へ Foreign language 文字サイズ 標準 拡大 背景色変更 白 黒 青 もしもの時は --> 生活に関する情報 Living information 住民票・戸籍 保険・年金 税金（くらしの情報） 消防・救急 防災 防犯・安全 医療・健康 福祉・介護 子育て 教育 上水道・下水道 ごみ・衛生 ペット・動植物 まちづくり・コミュニティ・協働 生涯学習・スポーツ 人権・男女平等・外国人 土地・住宅 "
"高浜市","23227","44","200","町内会について","https://www.city.takahama.lg.jp/soshiki/seisaku/3140.html","町内会について - 高浜市ホームページ ページの先頭です。 メニューを飛ばして本文へ メニュー JavaScriptが無効のため、文字の大きさ・背景色を変更する機能を使用できません。 本文へ Foreign language 文字サイズ 標準 拡大 背景色変更 白 黒 青 もしもの時は --> 生活に関する情報 Living information 住民票・戸籍 保険・年金 税金（くらしの情報） 消防・救急 防災 防犯・安全 医療・健康 福祉・介護 子育て 教育 上水道・下水道 ごみ・衛生 ペット・動植物 まちづくり・コミュニティ・協働 生涯学習・スポーツ 人権・男女平等・外国人 土地・住宅 "
"高浜市","23227","44","200","南部ふれあいプラザ","https://www.city.takahama.lg.jp/soshiki/seisaku/3144.html","南部ふれあいプラザ - 高浜市ホームページ ページの先頭です。 メニューを飛ばして本文へ メニュー JavaScriptが無効のため、文字の大きさ・背景色を変更する機能を使用できません。 本文へ Foreign language 文字サイズ 標準 拡大 背景色変更 白 黒 青 もしもの時は --> 生活に関する情報 Living information 住民票・戸籍 保険・年金 税金（くらしの情報） 消防・救急 防災 防犯・安全 医療・健康 福祉・介護 子育て 教育 上水道・下水道 ごみ・衛生 ペット・動植物 まちづくり・コミュニティ・協働 生涯学習・スポーツ 人権・男女平等・外国人 土地・住"
"高浜市","23227","44","200","南部第2ふれあいプラザ","https://www.city.takahama.lg.jp/soshiki/seisaku/3145.html","南部第2ふれあいプラザ - 高浜市ホームページ ページの先頭です。 メニューを飛ばして本文へ メニュー JavaScriptが無効のため、文字の大きさ・背景色を変更する機能を使用できません。 本文へ Foreign language 文字サイズ 標準 拡大 背景色変更 白 黒 青 もしもの時は --> 生活に関する情報 Living information 住民票・戸籍 保険・年金 税金（くらしの情報） 消防・救急 防災 防犯・安全 医療・健康 福祉・介護 子育て 教育 上水道・下水道 ごみ・衛生 ペット・動植物 まちづくり・コミュニティ・協働 生涯学習・スポーツ 人権・男女平等・外国人 土地"
"高浜市","23227","44","200","高浜市準公式サイト「かわらんど」について","https://www.city.takahama.lg.jp/soshiki/seisaku/34828.html","高浜市準公式サイト「かわらんど」について - 高浜市ホームページ ページの先頭です。 メニューを飛ばして本文へ メニュー JavaScriptが無効のため、文字の大きさ・背景色を変更する機能を使用できません。 本文へ Foreign language 文字サイズ 標準 拡大 背景色変更 白 黒 青 もしもの時は --> 生活に関する情報 Living information 住民票・戸籍 保険・年金 税金（くらしの情報） 消防・救急 防災 防犯・安全 医療・健康 福祉・介護 子育て 教育 上水道・下水道 ごみ・衛生 ペット・動植物 まちづくり・コミュニティ・協働 生涯学習・スポーツ 人権・男女"
"高浜市","23227","44","200","株式会社フューチャーインとの連携・協力に関する包括協定","https://www.city.takahama.lg.jp/soshiki/seisaku/39127.html","株式会社フューチャーインとの連携・協力に関する包括協定 - 高浜市ホームページ ページの先頭です。 メニューを飛ばして本文へ メニュー JavaScriptが無効のため、文字の大きさ・背景色を変更する機能を使用できません。 本文へ Foreign language 文字サイズ 標準 拡大 背景色変更 白 黒 青 もしもの時は --> 生活に関する情報 Living information 住民票・戸籍 保険・年金 税金（くらしの情報） 消防・救急 防災 防犯・安全 医療・健康 福祉・介護 子育て 教育 上水道・下水道 ごみ・衛生 ペット・動植物 まちづくり・コミュニティ・協働 生涯学習・スポー"
"高浜市","23227","44","200","未熟児養育医療制度","https://www.city.takahama.lg.jp/soshiki/shimin/15370.html","未熟児養育医療制度 - 高浜市ホームページ ページの先頭です。 メニューを飛ばして本文へ メニュー JavaScriptが無効のため、文字の大きさ・背景色を変更する機能を使用できません。 本文へ Foreign language 文字サイズ 標準 拡大 背景色変更 白 黒 青 もしもの時は --> 生活に関する情報 Living information 住民票・戸籍 保険・年金 税金（くらしの情報） 消防・救急 防災 防犯・安全 医療・健康 福祉・介護 子育て 教育 上水道・下水道 ごみ・衛生 ペット・動植物 まちづくり・コミュニティ・協働 生涯学習・スポーツ 人権・男女平等・外国人 土地・住"
"高浜市","23227","44","200","マイナンバーカードによる健康保険証利用及び特定健康診査・薬剤情報の閲覧、提供について","https://www.city.takahama.lg.jp/soshiki/shimin/21982.html","マイナンバーカードによる健康保険証利用及び特定健康診査・薬剤情報の閲覧、提供について - 高浜市ホームページ ページの先頭です。 メニューを飛ばして本文へ メニュー JavaScriptが無効のため、文字の大きさ・背景色を変更する機能を使用できません。 本文へ Foreign language 文字サイズ 標準 拡大 背景色変更 白 黒 青 もしもの時は --> 生活に関する情報 Living information 住民票・戸籍 保険・年金 税金（くらしの情報） 消防・救急 防災 防犯・安全 医療・健康 福祉・介護 子育て 教育 上水道・下水道 ごみ・衛生 ペット・動植物 まちづくり・コミュ"
"高浜市","23227","44","200","パスポート申請","https://www.city.takahama.lg.jp/soshiki/shimin/2449.html","パスポート申請 - 高浜市ホームページ ページの先頭です。 メニューを飛ばして本文へ メニュー JavaScriptが無効のため、文字の大きさ・背景色を変更する機能を使用できません。 本文へ Foreign language 文字サイズ 標準 拡大 背景色変更 白 黒 青 もしもの時は --> 生活に関する情報 Living information 住民票・戸籍 保険・年金 税金（くらしの情報） 消防・救急 防災 防犯・安全 医療・健康 福祉・介護 子育て 教育 上水道・下水道 ごみ・衛生 ペット・動植物 まちづくり・コミュニティ・協働 生涯学習・スポーツ 人権・男女平等・外国人 土地・住宅 "
"高浜市","23227","44","200","マイナンバー（個人番号）","https://www.city.takahama.lg.jp/soshiki/shimin/2450.html","マイナンバー（個人番号） - 高浜市ホームページ ページの先頭です。 メニューを飛ばして本文へ メニュー JavaScriptが無効のため、文字の大きさ・背景色を変更する機能を使用できません。 本文へ Foreign language 文字サイズ 標準 拡大 背景色変更 白 黒 青 もしもの時は --> 生活に関する情報 Living information 住民票・戸籍 保険・年金 税金（くらしの情報） 消防・救急 防災 防犯・安全 医療・健康 福祉・介護 子育て 教育 上水道・下水道 ごみ・衛生 ペット・動植物 まちづくり・コミュニティ・協働 生涯学習・スポーツ 人権・男女平等・外国人 土"
"高浜市","23227","44","200","印鑑登録","https://www.city.takahama.lg.jp/soshiki/shimin/2457.html","印鑑登録 - 高浜市ホームページ ページの先頭です。 メニューを飛ばして本文へ メニュー JavaScriptが無効のため、文字の大きさ・背景色を変更する機能を使用できません。 本文へ Foreign language 文字サイズ 標準 拡大 背景色変更 白 黒 青 もしもの時は --> 生活に関する情報 Living information 住民票・戸籍 保険・年金 税金（くらしの情報） 消防・救急 防災 防犯・安全 医療・健康 福祉・介護 子育て 教育 上水道・下水道 ごみ・衛生 ペット・動植物 まちづくり・コミュニティ・協働 生涯学習・スポーツ 人権・男女平等・外国人 土地・住宅 道路・"
"高浜市","23227","44","200","各種証明書の交付","https://www.city.takahama.lg.jp/soshiki/shimin/2461.html","各種証明書の交付 - 高浜市ホームページ ページの先頭です。 メニューを飛ばして本文へ メニュー JavaScriptが無効のため、文字の大きさ・背景色を変更する機能を使用できません。 本文へ Foreign language 文字サイズ 標準 拡大 背景色変更 白 黒 青 もしもの時は --> 生活に関する情報 Living information 住民票・戸籍 保険・年金 税金（くらしの情報） 消防・救急 防災 防犯・安全 医療・健康 福祉・介護 子育て 教育 上水道・下水道 ごみ・衛生 ペット・動植物 まちづくり・コミュニティ・協働 生涯学習・スポーツ 人権・男女平等・外国人 土地・住宅"
"高浜市","23227","44","200","国民健康保険税","https://www.city.takahama.lg.jp/soshiki/shimin/2469.html","国民健康保険税 - 高浜市ホームページ ページの先頭です。 メニューを飛ばして本文へ メニュー JavaScriptが無効のため、文字の大きさ・背景色を変更する機能を使用できません。 本文へ Foreign language 文字サイズ 標準 拡大 背景色変更 白 黒 青 もしもの時は --> 生活に関する情報 Living information 住民票・戸籍 保険・年金 税金（くらしの情報） 消防・救急 防災 防犯・安全 医療・健康 福祉・介護 子育て 教育 上水道・下水道 ごみ・衛生 ペット・動植物 まちづくり・コミュニティ・協働 生涯学習・スポーツ 人権・男女平等・外国人 土地・住宅 "
"高浜市","23227","44","200","国民年金に加入する人","https://www.city.takahama.lg.jp/soshiki/shimin/2471.html","国民年金に加入する人 - 高浜市ホームページ ページの先頭です。 メニューを飛ばして本文へ メニュー JavaScriptが無効のため、文字の大きさ・背景色を変更する機能を使用できません。 本文へ Foreign language 文字サイズ 標準 拡大 背景色変更 白 黒 青 もしもの時は --> 生活に関する情報 Living information 住民票・戸籍 保険・年金 税金（くらしの情報） 消防・救急 防災 防犯・安全 医療・健康 福祉・介護 子育て 教育 上水道・下水道 ごみ・衛生 ペット・動植物 まちづくり・コミュニティ・協働 生涯学習・スポーツ 人権・男女平等・外国人 土地・"
"高浜市","23227","44","200","市民相談","https://www.city.takahama.lg.jp/soshiki/shimin/2476.html","市民相談 - 高浜市ホームページ ページの先頭です。 メニューを飛ばして本文へ メニュー JavaScriptが無効のため、文字の大きさ・背景色を変更する機能を使用できません。 本文へ Foreign language 文字サイズ 標準 拡大 背景色変更 白 黒 青 もしもの時は --> 生活に関する情報 Living information 住民票・戸籍 保険・年金 税金（くらしの情報） 消防・救急 防災 防犯・安全 医療・健康 福祉・介護 子育て 教育 上水道・下水道 ごみ・衛生 ペット・動植物 まちづくり・コミュニティ・協働 生涯学習・スポーツ 人権・男女平等・外国人 土地・住宅 道路・"
"高浜市","23227","44","200","住所異動の届出","https://www.city.takahama.lg.jp/soshiki/shimin/2480.html","住所異動の届出 - 高浜市ホームページ ページの先頭です。 メニューを飛ばして本文へ メニュー JavaScriptが無効のため、文字の大きさ・背景色を変更する機能を使用できません。 本文へ Foreign language 文字サイズ 標準 拡大 背景色変更 白 黒 青 もしもの時は --> 生活に関する情報 Living information 住民票・戸籍 保険・年金 税金（くらしの情報） 消防・救急 防災 防犯・安全 医療・健康 福祉・介護 子育て 教育 上水道・下水道 ごみ・衛生 ペット・動植物 まちづくり・コミュニティ・協働 生涯学習・スポーツ 人権・男女平等・外国人 土地・住宅 "
"高浜市","23227","44","200","住民基本台帳の閲覧","https://www.city.takahama.lg.jp/soshiki/shimin/2483.html","住民基本台帳の閲覧 - 高浜市ホームページ ページの先頭です。 メニューを飛ばして本文へ メニュー JavaScriptが無効のため、文字の大きさ・背景色を変更する機能を使用できません。 本文へ Foreign language 文字サイズ 標準 拡大 背景色変更 白 黒 青 もしもの時は --> 生活に関する情報 Living information 住民票・戸籍 保険・年金 税金（くらしの情報） 消防・救急 防災 防犯・安全 医療・健康 福祉・介護 子育て 教育 上水道・下水道 ごみ・衛生 ペット・動植物 まちづくり・コミュニティ・協働 生涯学習・スポーツ 人権・男女平等・外国人 土地・住"
"高浜市","23227","44","200","証明書コンビニ交付サービス","https://www.city.takahama.lg.jp/soshiki/shimin/2487.html","証明書コンビニ交付サービス - 高浜市ホームページ ページの先頭です。 メニューを飛ばして本文へ メニュー JavaScriptが無効のため、文字の大きさ・背景色を変更する機能を使用できません。 本文へ Foreign language 文字サイズ 標準 拡大 背景色変更 白 黒 青 もしもの時は --> 生活に関する情報 Living information 住民票・戸籍 保険・年金 税金（くらしの情報） 消防・救急 防災 防犯・安全 医療・健康 福祉・介護 子育て 教育 上水道・下水道 ごみ・衛生 ペット・動植物 まちづくり・コミュニティ・協働 生涯学習・スポーツ 人権・男女平等・外国人 "
"高浜市","23227","44","200","本人通知制度","https://www.city.takahama.lg.jp/soshiki/shimin/2656.html","本人通知制度 - 高浜市ホームページ ページの先頭です。 メニューを飛ばして本文へ メニュー JavaScriptが無効のため、文字の大きさ・背景色を変更する機能を使用できません。 本文へ Foreign language 文字サイズ 標準 拡大 背景色変更 白 黒 青 もしもの時は --> 生活に関する情報 Living information 住民票・戸籍 保険・年金 税金（くらしの情報） 消防・救急 防災 防犯・安全 医療・健康 福祉・介護 子育て 教育 上水道・下水道 ごみ・衛生 ペット・動植物 まちづくり・コミュニティ・協働 生涯学習・スポーツ 人権・男女平等・外国人 土地・住宅 道"
"高浜市","23227","44","200","入院時食事療養費・入院時生活療養費について","https://www.city.takahama.lg.jp/soshiki/shimin/37962.html","入院時食事療養費・入院時生活療養費について - 高浜市ホームページ ページの先頭です。 メニューを飛ばして本文へ メニュー JavaScriptが無効のため、文字の大きさ・背景色を変更する機能を使用できません。 本文へ Foreign language 文字サイズ 標準 拡大 背景色変更 白 黒 青 もしもの時は --> 生活に関する情報 Living information 住民票・戸籍 保険・年金 税金（くらしの情報） 消防・救急 防災 防犯・安全 医療・健康 福祉・介護 子育て 教育 上水道・下水道 ごみ・衛生 ペット・動植物 まちづくり・コミュニティ・協働 生涯学習・スポーツ 人権・男"
"高浜市","23227","44","200","資格確認書・資格情報のお知らせの更新について","https://www.city.takahama.lg.jp/soshiki/shimin/38174.html","資格確認書・資格情報のお知らせの更新について - 高浜市ホームページ ページの先頭です。 メニューを飛ばして本文へ メニュー JavaScriptが無効のため、文字の大きさ・背景色を変更する機能を使用できません。 本文へ Foreign language 文字サイズ 標準 拡大 背景色変更 白 黒 青 もしもの時は --> 生活に関する情報 Living information 住民票・戸籍 保険・年金 税金（くらしの情報） 消防・救急 防災 防犯・安全 医療・健康 福祉・介護 子育て 教育 上水道・下水道 ごみ・衛生 ペット・動植物 まちづくり・コミュニティ・協働 生涯学習・スポーツ 人権・"
"高浜市","23227","44","200","給水装置所有権変更届","https://www.city.takahama.lg.jp/soshiki/suido/1555.html","給水装置所有権変更届 - 高浜市ホームページ ページの先頭です。 メニューを飛ばして本文へ メニュー JavaScriptが無効のため、文字の大きさ・背景色を変更する機能を使用できません。 本文へ Foreign language 文字サイズ 標準 拡大 背景色変更 白 黒 青 もしもの時は --> 生活に関する情報 Living information 住民票・戸籍 保険・年金 税金（くらしの情報） 消防・救急 防災 防犯・安全 医療・健康 福祉・介護 子育て 教育 上水道・下水道 ごみ・衛生 ペット・動植物 まちづくり・コミュニティ・協働 生涯学習・スポーツ 人権・男女平等・外国人 土地・"
"高浜市","23227","44","200","下水道の使用できる区域","https://www.city.takahama.lg.jp/soshiki/suido/1685.html","下水道の使用できる区域 - 高浜市ホームページ ページの先頭です。 メニューを飛ばして本文へ メニュー JavaScriptが無効のため、文字の大きさ・背景色を変更する機能を使用できません。 本文へ Foreign language 文字サイズ 標準 拡大 背景色変更 白 黒 青 もしもの時は --> 生活に関する情報 Living information 住民票・戸籍 保険・年金 税金（くらしの情報） 消防・救急 防災 防犯・安全 医療・健康 福祉・介護 子育て 教育 上水道・下水道 ごみ・衛生 ペット・動植物 まちづくり・コミュニティ・協働 生涯学習・スポーツ 人権・男女平等・外国人 土地"
"高浜市","23227","44","200","排水設備指定工事店指定等に係る各種届出について","https://www.city.takahama.lg.jp/soshiki/suido/18255.html","排水設備指定工事店指定等に係る各種届出について - 高浜市ホームページ ページの先頭です。 メニューを飛ばして本文へ メニュー JavaScriptが無効のため、文字の大きさ・背景色を変更する機能を使用できません。 本文へ Foreign language 文字サイズ 標準 拡大 背景色変更 白 黒 青 もしもの時は --> 生活に関する情報 Living information 住民票・戸籍 保険・年金 税金（くらしの情報） 消防・救急 防災 防犯・安全 医療・健康 福祉・介護 子育て 教育 上水道・下水道 ごみ・衛生 ペット・動植物 まちづくり・コミュニティ・協働 生涯学習・スポーツ 人権"
"高浜市","23227","44","200","排水設備等に係る手続き","https://www.city.takahama.lg.jp/soshiki/suido/19350.html","排水設備等に係る手続き - 高浜市ホームページ ページの先頭です。 メニューを飛ばして本文へ メニュー JavaScriptが無効のため、文字の大きさ・背景色を変更する機能を使用できません。 本文へ Foreign language 文字サイズ 標準 拡大 背景色変更 白 黒 青 もしもの時は --> 生活に関する情報 Living information 住民票・戸籍 保険・年金 税金（くらしの情報） 消防・救急 防災 防犯・安全 医療・健康 福祉・介護 子育て 教育 上水道・下水道 ごみ・衛生 ペット・動植物 まちづくり・コミュニティ・協働 生涯学習・スポーツ 人権・男女平等・外国人 土地"
"高浜市","23227","44","200","水道の届出について","https://www.city.takahama.lg.jp/soshiki/suido/1983.html","水道の届出について - 高浜市ホームページ ページの先頭です。 メニューを飛ばして本文へ メニュー JavaScriptが無効のため、文字の大きさ・背景色を変更する機能を使用できません。 本文へ Foreign language 文字サイズ 標準 拡大 背景色変更 白 黒 青 もしもの時は --> 生活に関する情報 Living information 住民票・戸籍 保険・年金 税金（くらしの情報） 消防・救急 防災 防犯・安全 医療・健康 福祉・介護 子育て 教育 上水道・下水道 ごみ・衛生 ペット・動植物 まちづくり・コミュニティ・協働 生涯学習・スポーツ 人権・男女平等・外国人 土地・住"
"高浜市","23227","44","200","水道使用者変更届","https://www.city.takahama.lg.jp/soshiki/suido/1984.html","水道使用者変更届 - 高浜市ホームページ ページの先頭です。 メニューを飛ばして本文へ メニュー JavaScriptが無効のため、文字の大きさ・背景色を変更する機能を使用できません。 本文へ Foreign language 文字サイズ 標準 拡大 背景色変更 白 黒 青 もしもの時は --> 生活に関する情報 Living information 住民票・戸籍 保険・年金 税金（くらしの情報） 消防・救急 防災 防犯・安全 医療・健康 福祉・介護 子育て 教育 上水道・下水道 ごみ・衛生 ペット・動植物 まちづくり・コミュニティ・協働 生涯学習・スポーツ 人権・男女平等・外国人 土地・住宅"
"高浜市","23227","44","200","小中学生でもわかりやすい財政資料","https://www.city.takahama.lg.jp/soshiki/zaimu/22887.html","小中学生でもわかりやすい財政資料 - 高浜市ホームページ ページの先頭です。 メニューを飛ばして本文へ メニュー JavaScriptが無効のため、文字の大きさ・背景色を変更する機能を使用できません。 本文へ Foreign language 文字サイズ 標準 拡大 背景色変更 白 黒 青 もしもの時は --> 生活に関する情報 Living information 住民票・戸籍 保険・年金 税金（くらしの情報） 消防・救急 防災 防犯・安全 医療・健康 福祉・介護 子育て 教育 上水道・下水道 ごみ・衛生 ペット・動植物 まちづくり・コミュニティ・協働 生涯学習・スポーツ 人権・男女平等・外"
"日進市","23230","44","200","運転免許自主返納支援事業","https://www.city.nisshin.lg.jp/department/soumu/bousai/2_1/5080.html","運転免許自主返納支援事業／日進市 本文へ 文字サイズ 背景色変更 携帯サイト Other Language 部や課で選ぶ ご意見・お問い合わせ ホーム くらしの情報 行事・イベント 市役所・公共施設 市の政策・計画 サイト内検索 くらしの情報 行事・イベント 市役所・公共施設 市の政策・計画 Other Language 部や課で選ぶ ご意見・お問い合わせ 現在の位置 ホーム 部や課で選ぶ 総務部 防災安全課 交通安全 運転免許自主返納支援事業 運転免許自主返納支援事業 ID番号 N5080 更新日：2025年07月01日 高齢者による交通事故を減少させることを目的に、運転免許証を自主返納され"
"日進市","23230","44","200","地方創生応援税制（企業版ふるさと納税）を募集しています","https://www.city.nisshin.lg.jp/department/soumu/zaimu/furusato/11965.html","地方創生応援税制（企業版ふるさと納税）を募集しています／日進市 本文へ 文字サイズ 背景色変更 携帯サイト Other Language 部や課で選ぶ ご意見・お問い合わせ ホーム くらしの情報 行事・イベント 市役所・公共施設 市の政策・計画 サイト内検索 くらしの情報 行事・イベント 市役所・公共施設 市の政策・計画 Other Language 部や課で選ぶ ご意見・お問い合わせ 現在の位置 ホーム 部や課で選ぶ 総務部 財務政策課 企業版ふるさと納税 地方創生応援税制（企業版ふるさと納税）を募集しています 地方創生応援税制（企業版ふるさと納税）を募集しています ID番号 N11965 "
"日進市","23230","44","200","くるりんばす車内有料広告の募集について","https://www.city.nisshin.lg.jp/department/toshisangyo/ido/1/4987.html","くるりんばす車内有料広告の募集について／日進市 本文へ 文字サイズ 背景色変更 携帯サイト Other Language 部や課で選ぶ ご意見・お問い合わせ ホーム くらしの情報 行事・イベント 市役所・公共施設 市の政策・計画 サイト内検索 くらしの情報 行事・イベント 市役所・公共施設 市の政策・計画 Other Language 部や課で選ぶ ご意見・お問い合わせ 現在の位置 ホーム 部や課で選ぶ 都市産業部 移動政策室 くるりんばす（日進市内巡回バス） くるりんばす車内有料広告の募集について くるりんばす車内有料広告の募集について ID番号 N4987 更新日：2025年04月01日 "
"日進市","23230","44","200","くるりんばす(日進市内巡回バス)","https://www.city.nisshin.lg.jp/department/toshisangyo/ido/1/4999.html","くるりんばす(日進市内巡回バス)／日進市 本文へ 文字サイズ 背景色変更 携帯サイト Other Language 部や課で選ぶ ご意見・お問い合わせ ホーム くらしの情報 行事・イベント 市役所・公共施設 市の政策・計画 サイト内検索 くらしの情報 行事・イベント 市役所・公共施設 市の政策・計画 Other Language 部や課で選ぶ ご意見・お問い合わせ 現在の位置 ホーム 部や課で選ぶ 都市産業部 移動政策室 くるりんばす（日進市内巡回バス） くるりんばす(日進市内巡回バス) くるりんばす(日進市内巡回バス) ID番号 N4999 更新日：2026年05月18日 最新のトピックス "
"日進市","23230","44","200","よくある質問","https://www.city.nisshin.lg.jp/department/toshisangyo/ido/1/kanren/4991.html","よくある質問／日進市 本文へ 文字サイズ 背景色変更 携帯サイト Other Language 部や課で選ぶ ご意見・お問い合わせ ホーム くらしの情報 行事・イベント 市役所・公共施設 市の政策・計画 サイト内検索 くらしの情報 行事・イベント 市役所・公共施設 市の政策・計画 Other Language 部や課で選ぶ ご意見・お問い合わせ 現在の位置 ホーム 部や課で選ぶ 都市産業部 移動政策室 くるりんばす（日進市内巡回バス） 関連情報 よくある質問 よくある質問 ID番号 N4991 更新日：2026年03月31日 くるりんばすとは？ 日進市内を巡回するコミュニティバスの愛称です。平"
"日進市","23230","44","200","令和7年度くるりんタクシー事業の実施について","https://www.city.nisshin.lg.jp/department/toshisangyo/ido/2/17055.html","令和7年度くるりんタクシー事業の実施について／日進市 本文へ 文字サイズ 背景色変更 携帯サイト Other Language 部や課で選ぶ ご意見・お問い合わせ ホーム くらしの情報 行事・イベント 市役所・公共施設 市の政策・計画 サイト内検索 くらしの情報 行事・イベント 市役所・公共施設 市の政策・計画 Other Language 部や課で選ぶ ご意見・お問い合わせ 現在の位置 ホーム 部や課で選ぶ 都市産業部 移動政策室 くるりんタクシー（高齢者少量輸送） 令和7年度くるりんタクシー事業の実施について 令和7年度くるりんタクシー事業の実施について ID番号 N17055 更新日：2"
"日進市","23230","44","200","日進市「ふるさと納税」について","https://www.city.nisshin.lg.jp/department/toshisangyo/kanko/furusato/2085.html","日進市「ふるさと納税」について／日進市 本文へ 文字サイズ 背景色変更 携帯サイト Other Language 部や課で選ぶ ご意見・お問い合わせ ホーム くらしの情報 行事・イベント 市役所・公共施設 市の政策・計画 サイト内検索 くらしの情報 行事・イベント 市役所・公共施設 市の政策・計画 Other Language 部や課で選ぶ ご意見・お問い合わせ 現在の位置 ホーム 部や課で選ぶ 都市産業部 産業観光課 ふるさと納税 日進市「ふるさと納税」について 日進市「ふるさと納税」について ID番号 N2085 更新日：2026年05月01日 愛知県日進市にたくさんのご支援をいただきあり"
"日進市","23230","44","200","民生児童委員の役割","https://www.city.nisshin.lg.jp/kurashi/seane/nyuen/kanren/6804.html","民生児童委員の役割／日進市 本文へ 文字サイズ 背景色変更 携帯サイト Other Language 部や課で選ぶ ご意見・お問い合わせ ホーム くらしの情報 行事・イベント 市役所・公共施設 市の政策・計画 サイト内検索 くらしの情報 行事・イベント 市役所・公共施設 市の政策・計画 Other Language 部や課で選ぶ ご意見・お問い合わせ 現在の位置 ホーム 暮らしの情報 暮らしのシーンから探す 入園・入学 関連情報 民生児童委員の役割 民生児童委員の役割 ID番号 N6804 更新日：2019年03月01日 地域福祉のキーパーソン 1.民生児童委員の役割について （1）民生委員と"
"日進市","23230","44","200","小学生の個別予防接種","https://www.city.nisshin.lg.jp/kurashi/seane/nyuen/shouchugakkou/6787.html","小学生の個別予防接種／日進市 本文へ 文字サイズ 背景色変更 携帯サイト Other Language 部や課で選ぶ ご意見・お問い合わせ ホーム くらしの情報 行事・イベント 市役所・公共施設 市の政策・計画 サイト内検索 くらしの情報 行事・イベント 市役所・公共施設 市の政策・計画 Other Language 部や課で選ぶ ご意見・お問い合わせ 現在の位置 ホーム 暮らしの情報 暮らしのシーンから探す 入園・入学 小中学校 小学生の個別予防接種 小学生の個別予防接種 ID番号 N6787 更新日：2025年04月01日 公費で接種できるもの 1．日本脳炎2期 9歳から13歳未満 日本脳"
"日進市","23230","44","200","地域生活支援事業","https://www.city.nisshin.lg.jp/kurashi/seane/shougai/hukushi/6986.html","地域生活支援事業／日進市 本文へ 文字サイズ 背景色変更 携帯サイト Other Language 部や課で選ぶ ご意見・お問い合わせ ホーム くらしの情報 行事・イベント 市役所・公共施設 市の政策・計画 サイト内検索 くらしの情報 行事・イベント 市役所・公共施設 市の政策・計画 Other Language 部や課で選ぶ ご意見・お問い合わせ 現在の位置 ホーム 暮らしの情報 暮らしのシーンから探す 障害者 障害福祉サービス 地域生活支援事業 地域生活支援事業 ID番号 N6986 更新日：2026年04月01日 「障害者の日常生活及び社会生活を総合的に支援するための法律（障害者総合支援"
"日進市","23230","44","200","自立支援医療のお知らせ","https://www.city.nisshin.lg.jp/kurashi/seane/shougai/iryo/6972.html","自立支援医療のお知らせ／日進市 本文へ 文字サイズ 背景色変更 携帯サイト Other Language 部や課で選ぶ ご意見・お問い合わせ ホーム くらしの情報 行事・イベント 市役所・公共施設 市の政策・計画 サイト内検索 くらしの情報 行事・イベント 市役所・公共施設 市の政策・計画 Other Language 部や課で選ぶ ご意見・お問い合わせ 現在の位置 ホーム 暮らしの情報 暮らしのシーンから探す 障害者 医療 自立支援医療のお知らせ 自立支援医療のお知らせ ID番号 N6972 更新日：2026年04月01日 自立支援医療の給付 指定医療機関でなければ利用できません。 原則とし"
"日進市","23230","44","200","特別支援教育就学奨励費","https://www.city.nisshin.lg.jp/kurashi/seane/shougai/teate/6981.html","特別支援教育就学奨励費／日進市 本文へ 文字サイズ 背景色変更 携帯サイト Other Language 部や課で選ぶ ご意見・お問い合わせ ホーム くらしの情報 行事・イベント 市役所・公共施設 市の政策・計画 サイト内検索 くらしの情報 行事・イベント 市役所・公共施設 市の政策・計画 Other Language 部や課で選ぶ ご意見・お問い合わせ 現在の位置 ホーム 暮らしの情報 暮らしのシーンから探す 障害者 手当等 特別支援教育就学奨励費 特別支援教育就学奨励費 ID番号 N6981 更新日：2023年08月02日 日進市では、特別支援学級に在籍している児童生徒の保護者で、その世帯"
"日進市","23230","44","200","補装具費の支給","https://www.city.nisshin.lg.jp/kurashi/seane/shougai/yougu/6988.html","補装具費の支給／日進市 本文へ 文字サイズ 背景色変更 携帯サイト Other Language 部や課で選ぶ ご意見・お問い合わせ ホーム くらしの情報 行事・イベント 市役所・公共施設 市の政策・計画 サイト内検索 くらしの情報 行事・イベント 市役所・公共施設 市の政策・計画 Other Language 部や課で選ぶ ご意見・お問い合わせ 現在の位置 ホーム 暮らしの情報 暮らしのシーンから探す 障害者 福祉用具等 補装具費の支給 補装具費の支給 ID番号 N6988 更新日：2022年11月02日 障害により失われたり低下した身体機能を補うための用具を交付・修理するための費用を支給い"
"日進市","23230","44","200","意思疎通支援事業","https://www.city.nisshin.lg.jp/kurashi/seane/shougai/yougu/6990.html","意思疎通支援事業／日進市 本文へ 文字サイズ 背景色変更 携帯サイト Other Language 部や課で選ぶ ご意見・お問い合わせ ホーム くらしの情報 行事・イベント 市役所・公共施設 市の政策・計画 サイト内検索 くらしの情報 行事・イベント 市役所・公共施設 市の政策・計画 Other Language 部や課で選ぶ ご意見・お問い合わせ 現在の位置 ホーム 暮らしの情報 暮らしのシーンから探す 障害者 福祉用具等 意思疎通支援事業 意思疎通支援事業 ID番号 N6990 更新日：2026年04月01日 意思疎通支援事業 手話通訳者または要約筆記者の派遣を利用することにより、聴覚障害"
"日進市","23230","44","200","リフォームヘルパー及び住宅改修について","https://www.city.nisshin.lg.jp/kurashi/seane/shougai/yougu/6992.html","リフォームヘルパー及び住宅改修について／日進市 本文へ 文字サイズ 背景色変更 携帯サイト Other Language 部や課で選ぶ ご意見・お問い合わせ ホーム くらしの情報 行事・イベント 市役所・公共施設 市の政策・計画 サイト内検索 くらしの情報 行事・イベント 市役所・公共施設 市の政策・計画 Other Language 部や課で選ぶ ご意見・お問い合わせ 現在の位置 ホーム 暮らしの情報 暮らしのシーンから探す 障害者 福祉用具等 リフォームヘルパー及び住宅改修について リフォームヘルパー及び住宅改修について ID番号 N6992 更新日：2019年03月01日 リフォームヘル"
"日進市","23230","44","200","妊娠・出産","https://www.city.nisshin.lg.jp/kurashi/seane/shussan/ninshin/index.html","妊娠・出産／日進市 本文へ 文字サイズ 背景色変更 携帯サイト Other Language 部や課で選ぶ ご意見・お問い合わせ ホーム くらしの情報 行事・イベント 市役所・公共施設 市の政策・計画 サイト内検索 くらしの情報 行事・イベント 市役所・公共施設 市の政策・計画 Other Language 部や課で選ぶ ご意見・お問い合わせ 現在の位置 ホーム 暮らしの情報 暮らしのシーンから探す 出産・子育 妊娠・出産 妊娠・出産 ID番号 N6722 更新日：2019年03月01日 戸籍届(出生届、婚姻届、離婚届、死亡届、転籍届) 子育て世代包括支援センターの愛称について 親子健康手帳（"
"日進市","23230","44","200","手当などのサービス","https://www.city.nisshin.lg.jp/kurashi/seane/shussan/teate/index.html","手当などのサービス／日進市 本文へ 文字サイズ 背景色変更 携帯サイト Other Language 部や課で選ぶ ご意見・お問い合わせ ホーム くらしの情報 行事・イベント 市役所・公共施設 市の政策・計画 サイト内検索 くらしの情報 行事・イベント 市役所・公共施設 市の政策・計画 Other Language 部や課で選ぶ ご意見・お問い合わせ 現在の位置 ホーム 暮らしの情報 暮らしのシーンから探す 出産・子育 手当などのサービス 手当などのサービス ID番号 N6733 更新日：2019年03月01日 児童手当 子ども医療費制度について 保育サービス 児童扶養手当 日進市ひとり親家庭"
"日進市","23230","44","200","小学生の個別予防接種","https://www.city.nisshin.lg.jp/kurashi/seane/shussan/yobousesshu/6756.html","小学生の個別予防接種／日進市 本文へ 文字サイズ 背景色変更 携帯サイト Other Language 部や課で選ぶ ご意見・お問い合わせ ホーム くらしの情報 行事・イベント 市役所・公共施設 市の政策・計画 サイト内検索 くらしの情報 行事・イベント 市役所・公共施設 市の政策・計画 Other Language 部や課で選ぶ ご意見・お問い合わせ 現在の位置 ホーム 暮らしの情報 暮らしのシーンから探す 出産・子育 予防接種 小学生の個別予防接種 小学生の個別予防接種 ID番号 N6756 更新日：2025年04月01日 公費で接種できるもの 1．日本脳炎2期 9歳から13歳未満 日本脳"
"日進市","23230","44","200","民生児童委員の役割","https://www.city.nisshin.lg.jp/kurashi/seane/wedding/soudan/6833.html","民生児童委員の役割／日進市 本文へ 文字サイズ 背景色変更 携帯サイト Other Language 部や課で選ぶ ご意見・お問い合わせ ホーム くらしの情報 行事・イベント 市役所・公共施設 市の政策・計画 サイト内検索 くらしの情報 行事・イベント 市役所・公共施設 市の政策・計画 Other Language 部や課で選ぶ ご意見・お問い合わせ 現在の位置 ホーム 暮らしの情報 暮らしのシーンから探す 結婚・離婚 相談 民生児童委員の役割 民生児童委員の役割 ID番号 N6833 更新日：2019年03月01日 地域福祉のキーパーソン 1.民生児童委員の役割について （1）民生委員として"
"尾張旭市","23226","44","200","","https://www.city.owariasahi.lg.jp/index2.html","尾張旭市公式ホームページ トップページ ページの先頭です。 メニューを飛ばして本文へ メニュー 閉じる さがす 閉じる オンライン 手続き 閉じる 本文へ ご利用ガイド サイトマップ language 文字サイズ 標準 拡大 背景色 白 黒 青 キーワード 検索 Googleカスタム検索 検索対象 すべて ページ PDF ページID 検索 ライフイベントでさがす 高齢者 妊娠・出産 子育て 入園・入学 就職・退職 結婚・離婚 引っ越し おくやみ 目的からさがす 申請書一覧 施設 ごみ・ リサイクル 入札・契約 相談窓口 よくある 質問 イベント 市営バス あさぴー号 組織でさがす カレンダーで"
"尾張旭市","23226","44","200","税金","https://www.city.owariasahi.lg.jp/life/1/2/","税金 - 尾張旭市公式ホームページ ページの先頭です。 メニューを飛ばして本文へ メニュー 閉じる さがす 閉じる オンライン 手続き 本文へ ご利用ガイド サイトマップ language 文字サイズ 標準 拡大 背景色 白 黒 青 キーワード 検索 Googleカスタム検索 検索対象 すべて ページ PDF ページID 検索 ライフイベントでさがす 高齢者 妊娠・出産 子育て 入園・入学 就職・退職 結婚・離婚 引っ越し おくやみ 目的からさがす 申請書一覧 施設 ごみ・ リサイクル 入札・契約 相談窓口 よくある 質問 イベント 市営バス あさぴー号 組織でさがす カレンダーでさがす 地図"
"尾張旭市","23226","44","200","子育て支援・子育て相談","https://www.city.owariasahi.lg.jp/life/3/7/43/","子育て支援・子育て相談 - 尾張旭市公式ホームページ ページの先頭です。 メニューを飛ばして本文へ メニュー 閉じる さがす 閉じる オンライン 手続き 本文へ ご利用ガイド サイトマップ language 文字サイズ 標準 拡大 背景色 白 黒 青 キーワード 検索 Googleカスタム検索 検索対象 すべて ページ PDF ページID 検索 ライフイベントでさがす 高齢者 妊娠・出産 子育て 入園・入学 就職・退職 結婚・離婚 引っ越し おくやみ 目的からさがす 申請書一覧 施設 ごみ・ リサイクル 入札・契約 相談窓口 よくある 質問 イベント 市営バス あさぴー号 組織でさがす カレン"
"尾張旭市","23226","44","200","よくある質問","https://www.city.owariasahi.lg.jp/life/sub/1/","よくある質問 - 尾張旭市公式ホームページ ページの先頭です。 メニューを飛ばして本文へ メニュー 閉じる さがす 閉じる オンライン 手続き 本文へ ご利用ガイド サイトマップ language 文字サイズ 標準 拡大 背景色 白 黒 青 キーワード 検索 Googleカスタム検索 検索対象 すべて ページ PDF ページID 検索 ライフイベントでさがす 高齢者 妊娠・出産 子育て 入園・入学 就職・退職 結婚・離婚 引っ越し おくやみ 目的からさがす 申請書一覧 施設 ごみ・ リサイクル 入札・契約 相談窓口 よくある 質問 イベント 市営バス あさぴー号 組織でさがす カレンダーでさが"
"尾張旭市","23226","44","200","住まい","https://www.city.owariasahi.lg.jp/life/sub/3/10/","住まい - 尾張旭市公式ホームページ ページの先頭です。 メニューを飛ばして本文へ メニュー 閉じる さがす 閉じる オンライン 手続き 本文へ ご利用ガイド サイトマップ language 文字サイズ 標準 拡大 背景色 白 黒 青 キーワード 検索 Googleカスタム検索 検索対象 すべて ページ PDF ページID 検索 ライフイベントでさがす 高齢者 妊娠・出産 子育て 入園・入学 就職・退職 結婚・離婚 引っ越し おくやみ 目的からさがす 申請書一覧 施設 ごみ・ リサイクル 入札・契約 相談窓口 よくある 質問 イベント 市営バス あさぴー号 組織でさがす カレンダーでさがす 地"
"尾張旭市","23226","44","200","環境・墓","https://www.city.owariasahi.lg.jp/life/sub/3/19/","環境・墓 - 尾張旭市公式ホームページ ページの先頭です。 メニューを飛ばして本文へ メニュー 閉じる さがす 閉じる オンライン 手続き 本文へ ご利用ガイド サイトマップ language 文字サイズ 標準 拡大 背景色 白 黒 青 キーワード 検索 Googleカスタム検索 検索対象 すべて ページ PDF ページID 検索 ライフイベントでさがす 高齢者 妊娠・出産 子育て 入園・入学 就職・退職 結婚・離婚 引っ越し おくやみ 目的からさがす 申請書一覧 施設 ごみ・ リサイクル 入札・契約 相談窓口 よくある 質問 イベント 市営バス あさぴー号 組織でさがす カレンダーでさがす "
"尾張旭市","23226","44","200","ふれあい会館の使用方法","https://www.city.owariasahi.lg.jp/page/1460.html","ふれあい会館の使用方法 - 尾張旭市公式ホームページ（暮らし政策課） ページの先頭です。 メニューを飛ばして本文へ メニュー 閉じる さがす 閉じる オンライン 手続き 本文へ ご利用ガイド サイトマップ language 文字サイズ 標準 拡大 背景色 白 黒 青 キーワード 検索 Googleカスタム検索 検索対象 すべて ページ PDF ページID 検索 ライフイベントでさがす 高齢者 妊娠・出産 子育て 入園・入学 就職・退職 結婚・離婚 引っ越し おくやみ 目的からさがす 申請書一覧 施設 ごみ・ リサイクル 入札・契約 相談窓口 よくある 質問 イベント 市営バス あさぴー号 組織"
"尾張旭市","23226","44","200","渋川福祉センターの概要","https://www.city.owariasahi.lg.jp/page/1476.html","渋川福祉センターの概要 - 尾張旭市公式ホームページ（暮らし政策課） ページの先頭です。 メニューを飛ばして本文へ メニュー 閉じる さがす 閉じる オンライン 手続き 本文へ ご利用ガイド サイトマップ language 文字サイズ 標準 拡大 背景色 白 黒 青 キーワード 検索 Googleカスタム検索 検索対象 すべて ページ PDF ページID 検索 ライフイベントでさがす 高齢者 妊娠・出産 子育て 入園・入学 就職・退職 結婚・離婚 引っ越し おくやみ 目的からさがす 申請書一覧 施設 ごみ・ リサイクル 入札・契約 相談窓口 よくある 質問 イベント 市営バス あさぴー号 組織"
"尾張旭市","23226","44","200","新池交流館・ふらっとの概要","https://www.city.owariasahi.lg.jp/page/1477.html","新池交流館・ふらっとの概要 - 尾張旭市公式ホームページ（暮らし政策課） ページの先頭です。 メニューを飛ばして本文へ メニュー 閉じる さがす 閉じる オンライン 手続き 本文へ ご利用ガイド サイトマップ language 文字サイズ 標準 拡大 背景色 白 黒 青 キーワード 検索 Googleカスタム検索 検索対象 すべて ページ PDF ページID 検索 ライフイベントでさがす 高齢者 妊娠・出産 子育て 入園・入学 就職・退職 結婚・離婚 引っ越し おくやみ 目的からさがす 申請書一覧 施設 ごみ・ リサイクル 入札・契約 相談窓口 よくある 質問 イベント 市営バス あさぴー号 "
"尾張旭市","23226","44","200","城山コミュニティセンターの概要","https://www.city.owariasahi.lg.jp/page/1479.html","城山コミュニティセンターの概要 - 尾張旭市公式ホームページ（暮らし政策課） ページの先頭です。 メニューを飛ばして本文へ メニュー 閉じる さがす 閉じる オンライン 手続き 本文へ ご利用ガイド サイトマップ language 文字サイズ 標準 拡大 背景色 白 黒 青 キーワード 検索 Googleカスタム検索 検索対象 すべて ページ PDF ページID 検索 ライフイベントでさがす 高齢者 妊娠・出産 子育て 入園・入学 就職・退職 結婚・離婚 引っ越し おくやみ 目的からさがす 申請書一覧 施設 ごみ・ リサイクル 入札・契約 相談窓口 よくある 質問 イベント 市営バス あさぴー"
"尾張旭市","23226","44","200","東部市民センターの概要","https://www.city.owariasahi.lg.jp/page/1486.html","東部市民センターの概要 - 尾張旭市公式ホームページ（暮らし政策課） ページの先頭です。 メニューを飛ばして本文へ メニュー 閉じる さがす 閉じる オンライン 手続き 本文へ ご利用ガイド サイトマップ language 文字サイズ 標準 拡大 背景色 白 黒 青 キーワード 検索 Googleカスタム検索 検索対象 すべて ページ PDF ページID 検索 ライフイベントでさがす 高齢者 妊娠・出産 子育て 入園・入学 就職・退職 結婚・離婚 引っ越し おくやみ 目的からさがす 申請書一覧 施設 ごみ・ リサイクル 入札・契約 相談窓口 よくある 質問 イベント 市営バス あさぴー号 組織"
"尾張旭市","23226","44","200","ファミリーサッカーフェスティバル㏌尾張旭","https://www.city.owariasahi.lg.jp/page/15307.html","ファミリーサッカーフェスティバル㏌尾張旭 - 尾張旭市公式ホームページ（市民活動支援センター） ページの先頭です。 メニューを飛ばして本文へ メニュー 閉じる さがす 閉じる オンライン 手続き 本文へ ご利用ガイド サイトマップ language 文字サイズ 標準 拡大 背景色 白 黒 青 キーワード 検索 Googleカスタム検索 検索対象 すべて ページ PDF ページID 検索 ライフイベントでさがす 高齢者 妊娠・出産 子育て 入園・入学 就職・退職 結婚・離婚 引っ越し おくやみ 目的からさがす 申請書一覧 施設 ごみ・ リサイクル 入札・契約 相談窓口 よくある 質問 イベント "
"尾張旭市","23226","44","200","デートDVについて","https://www.city.owariasahi.lg.jp/page/15657.html","デートDVについて - 尾張旭市公式ホームページ（暮らし政策課） ページの先頭です。 メニューを飛ばして本文へ メニュー 閉じる さがす 閉じる オンライン 手続き 本文へ ご利用ガイド サイトマップ language 文字サイズ 標準 拡大 背景色 白 黒 青 キーワード 検索 Googleカスタム検索 検索対象 すべて ページ PDF ページID 検索 ライフイベントでさがす 高齢者 妊娠・出産 子育て 入園・入学 就職・退職 結婚・離婚 引っ越し おくやみ 目的からさがす 申請書一覧 施設 ごみ・ リサイクル 入札・契約 相談窓口 よくある 質問 イベント 市営バス あさぴー号 組織でさ"
"尾張旭市","23226","44","200","住民票・除票の写し・住民票記載事項証明書","https://www.city.owariasahi.lg.jp/page/1764.html","住民票・除票の写し・住民票記載事項証明書 - 尾張旭市公式ホームページ（市民課） ページの先頭です。 メニューを飛ばして本文へ メニュー 閉じる さがす 閉じる オンライン 手続き 本文へ ご利用ガイド サイトマップ language 文字サイズ 標準 拡大 背景色 白 黒 青 キーワード 検索 Googleカスタム検索 検索対象 すべて ページ PDF ページID 検索 ライフイベントでさがす 高齢者 妊娠・出産 子育て 入園・入学 就職・退職 結婚・離婚 引っ越し おくやみ 目的からさがす 申請書一覧 施設 ごみ・ リサイクル 入札・契約 相談窓口 よくある 質問 イベント 市営バス あさ"
"尾張旭市","23226","44","200","戸籍の届","https://www.city.owariasahi.lg.jp/page/1767.html","戸籍の届 - 尾張旭市公式ホームページ（市民課） ページの先頭です。 メニューを飛ばして本文へ メニュー 閉じる さがす 閉じる オンライン 手続き 本文へ ご利用ガイド サイトマップ language 文字サイズ 標準 拡大 背景色 白 黒 青 キーワード 検索 Googleカスタム検索 検索対象 すべて ページ PDF ページID 検索 ライフイベントでさがす 高齢者 妊娠・出産 子育て 入園・入学 就職・退職 結婚・離婚 引っ越し おくやみ 目的からさがす 申請書一覧 施設 ごみ・ リサイクル 入札・契約 相談窓口 よくある 質問 イベント 市営バス あさぴー号 組織でさがす カレンダー"
"尾張旭市","23226","44","200","建物名称の新規・変更登録について（方書登録）","https://www.city.owariasahi.lg.jp/page/1769.html","建物名称の新規・変更登録について（方書登録） - 尾張旭市公式ホームページ（市民課） ページの先頭です。 メニューを飛ばして本文へ メニュー 閉じる さがす 閉じる オンライン 手続き 本文へ ご利用ガイド サイトマップ language 文字サイズ 標準 拡大 背景色 白 黒 青 キーワード 検索 Googleカスタム検索 検索対象 すべて ページ PDF ページID 検索 ライフイベントでさがす 高齢者 妊娠・出産 子育て 入園・入学 就職・退職 結婚・離婚 引っ越し おくやみ 目的からさがす 申請書一覧 施設 ごみ・ リサイクル 入札・契約 相談窓口 よくある 質問 イベント 市営バス "
"尾張旭市","23226","44","200","住民異動届（転入、転出など）","https://www.city.owariasahi.lg.jp/page/18251.html","住民異動届（転入、転出など） - 尾張旭市公式ホームページ（市民課） ページの先頭です。 メニューを飛ばして本文へ メニュー 閉じる さがす 閉じる オンライン 手続き 本文へ ご利用ガイド サイトマップ language 文字サイズ 標準 拡大 背景色 白 黒 青 キーワード 検索 Googleカスタム検索 検索対象 すべて ページ PDF ページID 検索 ライフイベントでさがす 高齢者 妊娠・出産 子育て 入園・入学 就職・退職 結婚・離婚 引っ越し おくやみ 目的からさがす 申請書一覧 施設 ごみ・ リサイクル 入札・契約 相談窓口 よくある 質問 イベント 市営バス あさぴー号 組織"
"尾張旭市","23226","44","200","歴史民俗フロア","https://www.city.owariasahi.lg.jp/page/1873.html","歴史民俗フロア - 尾張旭市公式ホームページ（生涯学習課） ページの先頭です。 メニューを飛ばして本文へ メニュー 閉じる さがす 閉じる オンライン 手続き 本文へ ご利用ガイド サイトマップ language 文字サイズ 標準 拡大 背景色 白 黒 青 キーワード 検索 Googleカスタム検索 検索対象 すべて ページ PDF ページID 検索 ライフイベントでさがす 高齢者 妊娠・出産 子育て 入園・入学 就職・退職 結婚・離婚 引っ越し おくやみ 目的からさがす 申請書一覧 施設 ごみ・ リサイクル 入札・契約 相談窓口 よくある 質問 イベント 市営バス あさぴー号 組織でさがす "
"尾張旭市","23226","44","200","小中学校の通学区域","https://www.city.owariasahi.lg.jp/page/2007.html","小中学校の通学区域 - 尾張旭市公式ホームページ（教育政策課） ページの先頭です。 メニューを飛ばして本文へ メニュー 閉じる さがす 閉じる オンライン 手続き 本文へ ご利用ガイド サイトマップ language 文字サイズ 標準 拡大 背景色 白 黒 青 キーワード 検索 Googleカスタム検索 検索対象 すべて ページ PDF ページID 検索 ライフイベントでさがす 高齢者 妊娠・出産 子育て 入園・入学 就職・退職 結婚・離婚 引っ越し おくやみ 目的からさがす 申請書一覧 施設 ごみ・ リサイクル 入札・契約 相談窓口 よくある 質問 イベント 市営バス あさぴー号 組織でさが"
"尾張旭市","23226","44","200","令和8年度旭平和墓園一般墓地使用者募集の抽選結果","https://www.city.owariasahi.lg.jp/page/20118.html","令和8年度旭平和墓園一般墓地使用者募集の抽選結果 - 尾張旭市公式ホームページ（環境課） ページの先頭です。 メニューを飛ばして本文へ メニュー 閉じる さがす 閉じる オンライン 手続き 本文へ ご利用ガイド サイトマップ language 文字サイズ 標準 拡大 背景色 白 黒 青 キーワード 検索 Googleカスタム検索 検索対象 すべて ページ PDF ページID 検索 ライフイベントでさがす 高齢者 妊娠・出産 子育て 入園・入学 就職・退職 結婚・離婚 引っ越し おくやみ 目的からさがす 申請書一覧 施設 ごみ・ リサイクル 入札・契約 相談窓口 よくある 質問 イベント 市営バ"
"尾張旭市","23226","44","200","公民館まつり・作品展の概要","https://www.city.owariasahi.lg.jp/page/2015.html","公民館まつり・作品展の概要 - 尾張旭市公式ホームページ（生涯学習課） ページの先頭です。 メニューを飛ばして本文へ メニュー 閉じる さがす 閉じる オンライン 手続き 本文へ ご利用ガイド サイトマップ language 文字サイズ 標準 拡大 背景色 白 黒 青 キーワード 検索 Googleカスタム検索 検索対象 すべて ページ PDF ページID 検索 ライフイベントでさがす 高齢者 妊娠・出産 子育て 入園・入学 就職・退職 結婚・離婚 引っ越し おくやみ 目的からさがす 申請書一覧 施設 ごみ・ リサイクル 入札・契約 相談窓口 よくある 質問 イベント 市営バス あさぴー号 組"
"尾張旭市","23226","44","200","尾張旭市消費生活センター","https://www.city.owariasahi.lg.jp/page/20169.html","尾張旭市消費生活センター - 尾張旭市公式ホームページ（市民活動課） ページの先頭です。 メニューを飛ばして本文へ メニュー 閉じる さがす 閉じる オンライン 手続き 本文へ ご利用ガイド サイトマップ language 文字サイズ 標準 拡大 背景色 白 黒 青 キーワード 検索 Googleカスタム検索 検索対象 すべて ページ PDF ページID 検索 ライフイベントでさがす 高齢者 妊娠・出産 子育て 入園・入学 就職・退職 結婚・離婚 引っ越し おくやみ 目的からさがす 申請書一覧 施設 ごみ・ リサイクル 入札・契約 相談窓口 よくある 質問 イベント 市営バス あさぴー号 組織"
"尾張旭市","23226","44","200","おくやみ手続支援のご案内","https://www.city.owariasahi.lg.jp/page/20215.html","おくやみ手続支援のご案内 - 尾張旭市公式ホームページ（市民課） ページの先頭です。 メニューを飛ばして本文へ メニュー 閉じる さがす 閉じる オンライン 手続き 本文へ ご利用ガイド サイトマップ language 文字サイズ 標準 拡大 背景色 白 黒 青 キーワード 検索 Googleカスタム検索 検索対象 すべて ページ PDF ページID 検索 ライフイベントでさがす 高齢者 妊娠・出産 子育て 入園・入学 就職・退職 結婚・離婚 引っ越し おくやみ 目的からさがす 申請書一覧 施設 ごみ・ リサイクル 入札・契約 相談窓口 よくある 質問 イベント 市営バス あさぴー号 組織でさ"
"尾張旭市","23226","44","200","宮浦公民館の概要","https://www.city.owariasahi.lg.jp/page/2022.html","宮浦公民館の概要 - 尾張旭市公式ホームページ（生涯学習課） ページの先頭です。 メニューを飛ばして本文へ メニュー 閉じる さがす 閉じる オンライン 手続き 本文へ ご利用ガイド サイトマップ language 文字サイズ 標準 拡大 背景色 白 黒 青 キーワード 検索 Googleカスタム検索 検索対象 すべて ページ PDF ページID 検索 ライフイベントでさがす 高齢者 妊娠・出産 子育て 入園・入学 就職・退職 結婚・離婚 引っ越し おくやみ 目的からさがす 申請書一覧 施設 ごみ・ リサイクル 入札・契約 相談窓口 よくある 質問 イベント 市営バス あさぴー号 組織でさがす"
"尾張旭市","23226","44","200","三郷公民館の概要","https://www.city.owariasahi.lg.jp/page/2023.html","三郷公民館の概要 - 尾張旭市公式ホームページ（生涯学習課） ページの先頭です。 メニューを飛ばして本文へ メニュー 閉じる さがす 閉じる オンライン 手続き 本文へ ご利用ガイド サイトマップ language 文字サイズ 標準 拡大 背景色 白 黒 青 キーワード 検索 Googleカスタム検索 検索対象 すべて ページ PDF ページID 検索 ライフイベントでさがす 高齢者 妊娠・出産 子育て 入園・入学 就職・退職 結婚・離婚 引っ越し おくやみ 目的からさがす 申請書一覧 施設 ごみ・ リサイクル 入札・契約 相談窓口 よくある 質問 イベント 市営バス あさぴー号 組織でさがす"
"尾張旭市","23226","44","200","中央公民館の概要","https://www.city.owariasahi.lg.jp/page/2025.html","中央公民館の概要 - 尾張旭市公式ホームページ（生涯学習課） ページの先頭です。 メニューを飛ばして本文へ メニュー 閉じる さがす 閉じる オンライン 手続き 本文へ ご利用ガイド サイトマップ language 文字サイズ 標準 拡大 背景色 白 黒 青 キーワード 検索 Googleカスタム検索 検索対象 すべて ページ PDF ページID 検索 ライフイベントでさがす 高齢者 妊娠・出産 子育て 入園・入学 就職・退職 結婚・離婚 引っ越し おくやみ 目的からさがす 申請書一覧 施設 ごみ・ リサイクル 入札・契約 相談窓口 よくある 質問 イベント 市営バス あさぴー号 組織でさがす"
"尾張旭市","23226","44","200","あなたの話を聴かせてください（傾聴プチサロン）","https://www.city.owariasahi.lg.jp/page/2056.html","あなたの話を聴かせてください（傾聴プチサロン） - 尾張旭市公式ホームページ（市民活動支援センター） ページの先頭です。 メニューを飛ばして本文へ メニュー 閉じる さがす 閉じる オンライン 手続き 本文へ ご利用ガイド サイトマップ language 文字サイズ 標準 拡大 背景色 白 黒 青 キーワード 検索 Googleカスタム検索 検索対象 すべて ページ PDF ページID 検索 ライフイベントでさがす 高齢者 妊娠・出産 子育て 入園・入学 就職・退職 結婚・離婚 引っ越し おくやみ 目的からさがす 申請書一覧 施設 ごみ・ リサイクル 入札・契約 相談窓口 よくある 質問 イベ"
"尾張旭市","23226","44","200","親子教室「すきっぷ」","https://www.city.owariasahi.lg.jp/page/2058.html","親子教室「すきっぷ」 - 尾張旭市公式ホームページ（市民活動支援センター） ページの先頭です。 メニューを飛ばして本文へ メニュー 閉じる さがす 閉じる オンライン 手続き 本文へ ご利用ガイド サイトマップ language 文字サイズ 標準 拡大 背景色 白 黒 青 キーワード 検索 Googleカスタム検索 検索対象 すべて ページ PDF ページID 検索 ライフイベントでさがす 高齢者 妊娠・出産 子育て 入園・入学 就職・退職 結婚・離婚 引っ越し おくやみ 目的からさがす 申請書一覧 施設 ごみ・ リサイクル 入札・契約 相談窓口 よくある 質問 イベント 市営バス あさぴー号"
"尾張旭市","23226","44","200","市民活動・NPO相談","https://www.city.owariasahi.lg.jp/page/2142.html","市民活動・NPO相談 - 尾張旭市公式ホームページ（市民活動支援センター） ページの先頭です。 メニューを飛ばして本文へ メニュー 閉じる さがす 閉じる オンライン 手続き 本文へ ご利用ガイド サイトマップ language 文字サイズ 標準 拡大 背景色 白 黒 青 キーワード 検索 Googleカスタム検索 検索対象 すべて ページ PDF ページID 検索 ライフイベントでさがす 高齢者 妊娠・出産 子育て 入園・入学 就職・退職 結婚・離婚 引っ越し おくやみ 目的からさがす 申請書一覧 施設 ごみ・ リサイクル 入札・契約 相談窓口 よくある 質問 イベント 市営バス あさぴー号"
"尾張旭市","23226","44","200","地域の就職相談窓口","https://www.city.owariasahi.lg.jp/page/2208.html","地域の就職相談窓口 - 尾張旭市公式ホームページ（産業課） ページの先頭です。 メニューを飛ばして本文へ メニュー 閉じる さがす 閉じる オンライン 手続き 本文へ ご利用ガイド サイトマップ language 文字サイズ 標準 拡大 背景色 白 黒 青 キーワード 検索 Googleカスタム検索 検索対象 すべて ページ PDF ページID 検索 ライフイベントでさがす 高齢者 妊娠・出産 子育て 入園・入学 就職・退職 結婚・離婚 引っ越し おくやみ 目的からさがす 申請書一覧 施設 ごみ・ リサイクル 入札・契約 相談窓口 よくある 質問 イベント 市営バス あさぴー号 組織でさがす "
"尾張旭市","23226","44","200","クーリング・オフについて","https://www.city.owariasahi.lg.jp/page/2209.html","クーリング・オフについて - 尾張旭市公式ホームページ（市民活動課） ページの先頭です。 メニューを飛ばして本文へ メニュー 閉じる さがす 閉じる オンライン 手続き 本文へ ご利用ガイド サイトマップ language 文字サイズ 標準 拡大 背景色 白 黒 青 キーワード 検索 Googleカスタム検索 検索対象 すべて ページ PDF ページID 検索 ライフイベントでさがす 高齢者 妊娠・出産 子育て 入園・入学 就職・退職 結婚・離婚 引っ越し おくやみ 目的からさがす 申請書一覧 施設 ごみ・ リサイクル 入札・契約 相談窓口 よくある 質問 イベント 市営バス あさぴー号 組織"
"尾張旭市","23226","44","200","18歳から大人","https://www.city.owariasahi.lg.jp/page/2214.html","18歳から大人 - 尾張旭市公式ホームページ（市民活動課） ページの先頭です。 メニューを飛ばして本文へ メニュー 閉じる さがす 閉じる オンライン 手続き 本文へ ご利用ガイド サイトマップ language 文字サイズ 標準 拡大 背景色 白 黒 青 キーワード 検索 Googleカスタム検索 検索対象 すべて ページ PDF ページID 検索 ライフイベントでさがす 高齢者 妊娠・出産 子育て 入園・入学 就職・退職 結婚・離婚 引っ越し おくやみ 目的からさがす 申請書一覧 施設 ごみ・ リサイクル 入札・契約 相談窓口 よくある 質問 イベント 市営バス あさぴー号 組織でさがす "
"尾張旭市","23226","44","200","旭平和墓園の案内","https://www.city.owariasahi.lg.jp/page/2228.html","旭平和墓園の案内 - 尾張旭市公式ホームページ（環境課） ページの先頭です。 メニューを飛ばして本文へ メニュー 閉じる さがす 閉じる オンライン 手続き 本文へ ご利用ガイド サイトマップ language 文字サイズ 標準 拡大 背景色 白 黒 青 キーワード 検索 Googleカスタム検索 検索対象 すべて ページ PDF ページID 検索 ライフイベントでさがす 高齢者 妊娠・出産 子育て 入園・入学 就職・退職 結婚・離婚 引っ越し おくやみ 目的からさがす 申請書一覧 施設 ごみ・ リサイクル 入札・契約 相談窓口 よくある 質問 イベント 市営バス あさぴー号 組織でさがす カ"
"尾張旭市","23226","44","200","自治会・町内会ハンドブック","https://www.city.owariasahi.lg.jp/page/2299.html","自治会・町内会ハンドブック - 尾張旭市公式ホームページ（市民活動課） ページの先頭です。 メニューを飛ばして本文へ メニュー 閉じる さがす 閉じる オンライン 手続き 本文へ ご利用ガイド サイトマップ language 文字サイズ 標準 拡大 背景色 白 黒 青 キーワード 検索 Googleカスタム検索 検索対象 すべて ページ PDF ページID 検索 ライフイベントでさがす 高齢者 妊娠・出産 子育て 入園・入学 就職・退職 結婚・離婚 引っ越し おくやみ 目的からさがす 申請書一覧 施設 ごみ・ リサイクル 入札・契約 相談窓口 よくある 質問 イベント 市営バス あさぴー号 組"
"尾張旭市","23226","44","200","相続・遺言手続相談","https://www.city.owariasahi.lg.jp/page/2604.html","相続・遺言手続相談 - 尾張旭市公式ホームページ（暮らし政策課） ページの先頭です。 メニューを飛ばして本文へ メニュー 閉じる さがす 閉じる オンライン 手続き 本文へ ご利用ガイド サイトマップ language 文字サイズ 標準 拡大 背景色 白 黒 青 キーワード 検索 Googleカスタム検索 検索対象 すべて ページ PDF ページID 検索 ライフイベントでさがす 高齢者 妊娠・出産 子育て 入園・入学 就職・退職 結婚・離婚 引っ越し おくやみ 目的からさがす 申請書一覧 施設 ごみ・ リサイクル 入札・契約 相談窓口 よくある 質問 イベント 市営バス あさぴー号 組織でさ"
"尾張旭市","23226","44","200","法律相談","https://www.city.owariasahi.lg.jp/page/2605.html","法律相談 - 尾張旭市公式ホームページ（暮らし政策課） ページの先頭です。 メニューを飛ばして本文へ メニュー 閉じる さがす 閉じる オンライン 手続き 本文へ ご利用ガイド サイトマップ language 文字サイズ 標準 拡大 背景色 白 黒 青 キーワード 検索 Googleカスタム検索 検索対象 すべて ページ PDF ページID 検索 ライフイベントでさがす 高齢者 妊娠・出産 子育て 入園・入学 就職・退職 結婚・離婚 引っ越し おくやみ 目的からさがす 申請書一覧 施設 ごみ・ リサイクル 入札・契約 相談窓口 よくある 質問 イベント 市営バス あさぴー号 組織でさがす カレ"
"尾張旭市","23226","44","200","不動産相談","https://www.city.owariasahi.lg.jp/page/2606.html","不動産相談 - 尾張旭市公式ホームページ（暮らし政策課） ページの先頭です。 メニューを飛ばして本文へ メニュー 閉じる さがす 閉じる オンライン 手続き 本文へ ご利用ガイド サイトマップ language 文字サイズ 標準 拡大 背景色 白 黒 青 キーワード 検索 Googleカスタム検索 検索対象 すべて ページ PDF ページID 検索 ライフイベントでさがす 高齢者 妊娠・出産 子育て 入園・入学 就職・退職 結婚・離婚 引っ越し おくやみ 目的からさがす 申請書一覧 施設 ごみ・ リサイクル 入札・契約 相談窓口 よくある 質問 イベント 市営バス あさぴー号 組織でさがす カ"
"尾張旭市","23226","44","200","登記相談","https://www.city.owariasahi.lg.jp/page/2608.html","登記相談 - 尾張旭市公式ホームページ（暮らし政策課） ページの先頭です。 メニューを飛ばして本文へ メニュー 閉じる さがす 閉じる オンライン 手続き 本文へ ご利用ガイド サイトマップ language 文字サイズ 標準 拡大 背景色 白 黒 青 キーワード 検索 Googleカスタム検索 検索対象 すべて ページ PDF ページID 検索 ライフイベントでさがす 高齢者 妊娠・出産 子育て 入園・入学 就職・退職 結婚・離婚 引っ越し おくやみ 目的からさがす 申請書一覧 施設 ごみ・ リサイクル 入札・契約 相談窓口 よくある 質問 イベント 市営バス あさぴー号 組織でさがす カレ"
"尾張旭市","23226","44","200","市民参加ミュージカルを作ろう！参加者募集","https://www.city.owariasahi.lg.jp/page/26741.html","市民参加ミュージカルを作ろう！参加者募集 - 尾張旭市公式ホームページ（市民活動支援センター） ページの先頭です。 メニューを飛ばして本文へ メニュー 閉じる さがす 閉じる オンライン 手続き 本文へ ご利用ガイド サイトマップ language 文字サイズ 標準 拡大 背景色 白 黒 青 キーワード 検索 Googleカスタム検索 検索対象 すべて ページ PDF ページID 検索 ライフイベントでさがす 高齢者 妊娠・出産 子育て 入園・入学 就職・退職 結婚・離婚 引っ越し おくやみ 目的からさがす 申請書一覧 施設 ごみ・ リサイクル 入札・契約 相談窓口 よくある 質問 イベント "
"尾張旭市","23226","44","200","尾張旭市に本籍地がある間の住所の変遷を確認したい。","https://www.city.owariasahi.lg.jp/page/2713.html","尾張旭市に本籍地がある間の住所の変遷を確認したい。 - 尾張旭市公式ホームページ（市民課） ページの先頭です。 メニューを飛ばして本文へ メニュー 閉じる さがす 閉じる オンライン 手続き 本文へ ご利用ガイド サイトマップ language 文字サイズ 標準 拡大 背景色 白 黒 青 キーワード 検索 Googleカスタム検索 検索対象 すべて ページ PDF ページID 検索 ライフイベントでさがす 高齢者 妊娠・出産 子育て 入園・入学 就職・退職 結婚・離婚 引っ越し おくやみ 目的からさがす 申請書一覧 施設 ごみ・ リサイクル 入札・契約 相談窓口 よくある 質問 イベント 市営"
"尾張旭市","23226","44","200","小学校、中学校の転校の手続きは、どうすればよいのですか。","https://www.city.owariasahi.lg.jp/page/2741.html","小学校、中学校の転校の手続きは、どうすればよいのですか。 - 尾張旭市公式ホームページ（学校教育課） ページの先頭です。 メニューを飛ばして本文へ メニュー 閉じる さがす 閉じる オンライン 手続き 本文へ ご利用ガイド サイトマップ language 文字サイズ 標準 拡大 背景色 白 黒 青 キーワード 検索 Googleカスタム検索 検索対象 すべて ページ PDF ページID 検索 ライフイベントでさがす 高齢者 妊娠・出産 子育て 入園・入学 就職・退職 結婚・離婚 引っ越し おくやみ 目的からさがす 申請書一覧 施設 ごみ・ リサイクル 入札・契約 相談窓口 よくある 質問 イベ"
"尾張旭市","23226","44","200","第17回 じいじとあそぼ 親子でわくわくチャレンジ","https://www.city.owariasahi.lg.jp/page/28456.html","第17回 じいじとあそぼ 親子でわくわくチャレンジ - 尾張旭市公式ホームページ（市民活動支援センター） ページの先頭です。 メニューを飛ばして本文へ メニュー 閉じる さがす 閉じる オンライン 手続き 本文へ ご利用ガイド サイトマップ language 文字サイズ 標準 拡大 背景色 白 黒 青 キーワード 検索 Googleカスタム検索 検索対象 すべて ページ PDF ページID 検索 ライフイベントでさがす 高齢者 妊娠・出産 子育て 入園・入学 就職・退職 結婚・離婚 引っ越し おくやみ 目的からさがす 申請書一覧 施設 ごみ・ リサイクル 入札・契約 相談窓口 よくある 質問 "
"尾張旭市","23226","44","200","Resident registration（じゅうみんとうろく）","https://www.city.owariasahi.lg.jp/page/2860.html","Resident registration（じゅうみんとうろく） - 尾張旭市公式ホームページ（市民課） ページの先頭です。 メニューを飛ばして本文へ メニュー 閉じる さがす 閉じる オンライン 手続き 本文へ ご利用ガイド サイトマップ language 文字サイズ 標準 拡大 背景色 白 黒 青 キーワード 検索 Googleカスタム検索 検索対象 すべて ページ PDF ページID 検索 ライフイベントでさがす 高齢者 妊娠・出産 子育て 入園・入学 就職・退職 結婚・離婚 引っ越し おくやみ 目的からさがす 申請書一覧 施設 ごみ・ リサイクル 入札・契約 相談窓口 よくある 質問 "
"尾張旭市","23226","44","200","市民活動支援センター利用登録関係","https://www.city.owariasahi.lg.jp/page/2973.html","市民活動支援センター利用登録関係 - 尾張旭市公式ホームページ（市民活動支援センター） ページの先頭です。 メニューを飛ばして本文へ メニュー 閉じる さがす 閉じる オンライン 手続き 本文へ ご利用ガイド サイトマップ language 文字サイズ 標準 拡大 背景色 白 黒 青 キーワード 検索 Googleカスタム検索 検索対象 すべて ページ PDF ページID 検索 ライフイベントでさがす 高齢者 妊娠・出産 子育て 入園・入学 就職・退職 結婚・離婚 引っ越し おくやみ 目的からさがす 申請書一覧 施設 ごみ・ リサイクル 入札・契約 相談窓口 よくある 質問 イベント 市営バス"
"尾張旭市","23226","44","200","国・地方共通相談チャットボット Govbot（ガボット）をご活用ください","https://www.city.owariasahi.lg.jp/page/31082.html","国・地方共通相談チャットボット Govbot（ガボット）をご活用ください - 尾張旭市公式ホームページ（暮らし政策課） ページの先頭です。 メニューを飛ばして本文へ メニュー 閉じる さがす 閉じる オンライン 手続き 本文へ ご利用ガイド サイトマップ language 文字サイズ 標準 拡大 背景色 白 黒 青 キーワード 検索 Googleカスタム検索 検索対象 すべて ページ PDF ページID 検索 ライフイベントでさがす 高齢者 妊娠・出産 子育て 入園・入学 就職・退職 結婚・離婚 引っ越し おくやみ 目的からさがす 申請書一覧 施設 ごみ・ リサイクル 入札・契約 相談窓口 よ"
"尾張旭市","23226","44","200","令和8年度旭平和墓園一般墓地使用者の募集【終了】","https://www.city.owariasahi.lg.jp/page/3647.html","令和8年度旭平和墓園一般墓地使用者の募集【終了】 - 尾張旭市公式ホームページ（環境課） ページの先頭です。 メニューを飛ばして本文へ メニュー 閉じる さがす 閉じる オンライン 手続き 本文へ ご利用ガイド サイトマップ language 文字サイズ 標準 拡大 背景色 白 黒 青 キーワード 検索 Googleカスタム検索 検索対象 すべて ページ PDF ページID 検索 ライフイベントでさがす 高齢者 妊娠・出産 子育て 入園・入学 就職・退職 結婚・離婚 引っ越し おくやみ 目的からさがす 申請書一覧 施設 ごみ・ リサイクル 入札・契約 相談窓口 よくある 質問 イベント 市営バ"
"尾張旭市","23226","44","200","令和8年度旭平和墓園合葬式墓地使用者の募集【終了】","https://www.city.owariasahi.lg.jp/page/3648.html","令和8年度旭平和墓園合葬式墓地使用者の募集【終了】 - 尾張旭市公式ホームページ（環境課） ページの先頭です。 メニューを飛ばして本文へ メニュー 閉じる さがす 閉じる オンライン 手続き 本文へ ご利用ガイド サイトマップ language 文字サイズ 標準 拡大 背景色 白 黒 青 キーワード 検索 Googleカスタム検索 検索対象 すべて ページ PDF ページID 検索 ライフイベントでさがす 高齢者 妊娠・出産 子育て 入園・入学 就職・退職 結婚・離婚 引っ越し おくやみ 目的からさがす 申請書一覧 施設 ごみ・ リサイクル 入札・契約 相談窓口 よくある 質問 イベント 市営"
"尾張旭市","23226","44","200","第5回 聖ルカ教会クラシックサロン「コントラバス×4」","https://www.city.owariasahi.lg.jp/page/44198.html","第5回 聖ルカ教会クラシックサロン「コントラバス×4」 - 尾張旭市公式ホームページ（市民活動支援センター） ページの先頭です。 メニューを飛ばして本文へ メニュー 閉じる さがす 閉じる オンライン 手続き 本文へ ご利用ガイド サイトマップ language 文字サイズ 標準 拡大 背景色 白 黒 青 キーワード 検索 Googleカスタム検索 検索対象 すべて ページ PDF ページID 検索 ライフイベントでさがす 高齢者 妊娠・出産 子育て 入園・入学 就職・退職 結婚・離婚 引っ越し おくやみ 目的からさがす 申請書一覧 施設 ごみ・ リサイクル 入札・契約 相談窓口 よくある 質"
"尾張旭市","23226","44","200","事業承継個別相談会を開催します","https://www.city.owariasahi.lg.jp/page/48699.html","事業承継個別相談会を開催します - 尾張旭市公式ホームページ（産業課） ページの先頭です。 メニューを飛ばして本文へ メニュー 閉じる さがす 閉じる オンライン 手続き 本文へ ご利用ガイド サイトマップ language 文字サイズ 標準 拡大 背景色 白 黒 青 キーワード 検索 Googleカスタム検索 検索対象 すべて ページ PDF ページID 検索 ライフイベントでさがす 高齢者 妊娠・出産 子育て 入園・入学 就職・退職 結婚・離婚 引っ越し おくやみ 目的からさがす 申請書一覧 施設 ごみ・ リサイクル 入札・契約 相談窓口 よくある 質問 イベント 市営バス あさぴー号 組"
"尾張旭市","23226","44","200","市民活動支援センター登録団体状況調査 集計結果","https://www.city.owariasahi.lg.jp/page/55922.html","市民活動支援センター登録団体状況調査 集計結果 - 尾張旭市公式ホームページ（市民活動支援センター） ページの先頭です。 メニューを飛ばして本文へ メニュー 閉じる さがす 閉じる オンライン 手続き 本文へ ご利用ガイド サイトマップ language 文字サイズ 標準 拡大 背景色 白 黒 青 キーワード 検索 Googleカスタム検索 検索対象 すべて ページ PDF ページID 検索 ライフイベントでさがす 高齢者 妊娠・出産 子育て 入園・入学 就職・退職 結婚・離婚 引っ越し おくやみ 目的からさがす 申請書一覧 施設 ごみ・ リサイクル 入札・契約 相談窓口 よくある 質問 イベ"
"尾張旭市","23226","44","200","マイケル先生の日常英会話（あさひ健康マイスター対象事業）","https://www.city.owariasahi.lg.jp/page/56330.html","マイケル先生の日常英会話（あさひ健康マイスター対象事業） - 尾張旭市公式ホームページ（市民活動支援センター） ページの先頭です。 メニューを飛ばして本文へ メニュー 閉じる さがす 閉じる オンライン 手続き 本文へ ご利用ガイド サイトマップ language 文字サイズ 標準 拡大 背景色 白 黒 青 キーワード 検索 Googleカスタム検索 検索対象 すべて ページ PDF ページID 検索 ライフイベントでさがす 高齢者 妊娠・出産 子育て 入園・入学 就職・退職 結婚・離婚 引っ越し おくやみ 目的からさがす 申請書一覧 施設 ごみ・ リサイクル 入札・契約 相談窓口 よくある "
"尾張旭市","23226","44","200","天体観測室","https://www.city.owariasahi.lg.jp/site/asahi-miryoku/3656.html","天体観測室 - あさひの魅力サイト - 尾張旭市公式ホームページ（生涯学習課） ページの先頭です。 メニューを飛ばして本文へ JavaScriptが無効のため、文字の大きさ・背景色を変更する機能を使用できません。 本文へ ご利用ガイド サイトマップ language 文字サイズ 標準 拡大 背景色 白 黒 青 キーワード検索 Googleカスタム検索 検索対象 すべて ページ PDF ページID検索 尾張旭って どんなところ？ あさひの魅力 あさひの軌跡 あさひをのぞく 見どころマップ 現在地 トップページ > 分類でさがす > 子育て・教育・生涯学習 > 生涯学習・文化・スポーツ > 生涯学"
"尾張旭市","23226","44","200","尾張旭市営バスあさぴー号","https://www.city.owariasahi.lg.jp/site/asapy-bus/","尾張旭市営バスあさぴー号 - 尾張旭市公式ホームページ（都市計画課） ページの先頭です。 メニューを飛ばして本文へ メニュー 閉じる さがす 閉じる オンライン 手続き 本文へ ご利用ガイド サイトマップ language 文字サイズ 標準 拡大 背景色 白 黒 青 キーワード 検索 Googleカスタム検索 検索対象 すべて ページ PDF ページID 検索 ライフイベントでさがす 高齢者 妊娠・出産 子育て 入園・入学 就職・退職 結婚・離婚 引っ越し おくやみ 目的からさがす 申請書一覧 施設 ごみ・ リサイクル 入札・契約 相談窓口 よくある 質問 イベント 市営バス あさぴー号 組織"
"尾張旭市","23226","44","200","地域避難所について","https://www.city.owariasahi.lg.jp/site/bousai/39858.html","地域避難所について - 防災 - 尾張旭市公式ホームページ（危機管理課） ページの先頭です。 メニューを飛ばして本文へ メニュー 閉じる さがす 閉じる オンライン 手続き 本文へ ご利用ガイド サイトマップ language 文字サイズ 標準 拡大 背景色 白 黒 青 キーワード 検索 Googleカスタム検索 検索対象 すべて ページ PDF ページID 検索 ライフイベントでさがす 高齢者 妊娠・出産 子育て 入園・入学 就職・退職 結婚・離婚 引っ越し おくやみ 目的からさがす 申請書一覧 施設 ごみ・ リサイクル 入札・契約 相談窓口 よくある 質問 イベント 市営バス あさぴー号 "
"尾張旭市","23226","44","200","指定避難所について","https://www.city.owariasahi.lg.jp/site/bousai/39859.html","指定避難所について - 防災 - 尾張旭市公式ホームページ（危機管理課） ページの先頭です。 メニューを飛ばして本文へ メニュー 閉じる さがす 閉じる オンライン 手続き 本文へ ご利用ガイド サイトマップ language 文字サイズ 標準 拡大 背景色 白 黒 青 キーワード 検索 Googleカスタム検索 検索対象 すべて ページ PDF ページID 検索 ライフイベントでさがす 高齢者 妊娠・出産 子育て 入園・入学 就職・退職 結婚・離婚 引っ越し おくやみ 目的からさがす 申請書一覧 施設 ごみ・ リサイクル 入札・契約 相談窓口 よくある 質問 イベント 市営バス あさぴー号 "
"尾張旭市","23226","44","200","ごみの種類や出し方","https://www.city.owariasahi.lg.jp/site/gomi-recycle/32944.html","ごみの種類や出し方 - ごみ・リサイクル - 尾張旭市公式ホームページ（環境課） ページの先頭です。 メニューを飛ばして本文へ メニュー 閉じる さがす 閉じる オンライン 手続き 本文へ ご利用ガイド サイトマップ language 文字サイズ 標準 拡大 背景色 白 黒 青 キーワード 検索 Googleカスタム検索 検索対象 すべて ページ PDF ページID 検索 ライフイベントでさがす 高齢者 妊娠・出産 子育て 入園・入学 就職・退職 結婚・離婚 引っ越し おくやみ 目的からさがす 申請書一覧 施設 ごみ・ リサイクル 入札・契約 相談窓口 よくある 質問 イベント 市営バス あさ"
"尾張旭市","23226","44","200","ごみ分別アプリ「さんあ～る」","https://www.city.owariasahi.lg.jp/site/gomi-recycle/32949.html","ごみ分別アプリ「さんあ～る」 - ごみ・リサイクル - 尾張旭市公式ホームページ（環境課） ページの先頭です。 メニューを飛ばして本文へ メニュー 閉じる さがす 閉じる オンライン 手続き 本文へ ご利用ガイド サイトマップ language 文字サイズ 標準 拡大 背景色 白 黒 青 キーワード 検索 Googleカスタム検索 検索対象 すべて ページ PDF ページID 検索 ライフイベントでさがす 高齢者 妊娠・出産 子育て 入園・入学 就職・退職 結婚・離婚 引っ越し おくやみ 目的からさがす 申請書一覧 施設 ごみ・ リサイクル 入札・契約 相談窓口 よくある 質問 イベント 市営"
"尾張旭市","23226","44","200","小型家電（パソコン、電子レンジなど）の排出方法","https://www.city.owariasahi.lg.jp/site/gomi-recycle/32961.html","小型家電（パソコン、電子レンジなど）の排出方法 - ごみ・リサイクル - 尾張旭市公式ホームページ（環境課） ページの先頭です。 メニューを飛ばして本文へ メニュー 閉じる さがす 閉じる オンライン 手続き 本文へ ご利用ガイド サイトマップ language 文字サイズ 標準 拡大 背景色 白 黒 青 キーワード 検索 Googleカスタム検索 検索対象 すべて ページ PDF ページID 検索 ライフイベントでさがす 高齢者 妊娠・出産 子育て 入園・入学 就職・退職 結婚・離婚 引っ越し おくやみ 目的からさがす 申請書一覧 施設 ごみ・ リサイクル 入札・契約 相談窓口 よくある 質"
"尾張旭市","23226","44","200","リサイクルひろば クルクル","https://www.city.owariasahi.lg.jp/site/gomi-recycle/32973.html","リサイクルひろば クルクル - ごみ・リサイクル - 尾張旭市公式ホームページ（環境課） ページの先頭です。 メニューを飛ばして本文へ メニュー 閉じる さがす 閉じる オンライン 手続き 本文へ ご利用ガイド サイトマップ language 文字サイズ 標準 拡大 背景色 白 黒 青 キーワード 検索 Googleカスタム検索 検索対象 すべて ページ PDF ページID 検索 ライフイベントでさがす 高齢者 妊娠・出産 子育て 入園・入学 就職・退職 結婚・離婚 引っ越し おくやみ 目的からさがす 申請書一覧 施設 ごみ・ リサイクル 入札・契約 相談窓口 よくある 質問 イベント 市営バ"
"尾張旭市","23226","44","200","旬の地元野菜を使って地産地消・3キリ・エコクッキング（あさひ健康マイスター対象事業）","https://www.city.owariasahi.lg.jp/site/gomi-recycle/32978.html","旬の地元野菜を使って地産地消・3キリ・エコクッキング（あさひ健康マイスター対象事業） - ごみ・リサイクル - 尾張旭市公式ホームページ（環境課） ページの先頭です。 メニューを飛ばして本文へ メニュー 閉じる さがす 閉じる オンライン 手続き 本文へ ご利用ガイド サイトマップ language 文字サイズ 標準 拡大 背景色 白 黒 青 キーワード 検索 Googleカスタム検索 検索対象 すべて ページ PDF ページID 検索 ライフイベントでさがす 高齢者 妊娠・出産 子育て 入園・入学 就職・退職 結婚・離婚 引っ越し おくやみ 目的からさがす 申請書一覧 施設 ごみ・ リサイク"
"尾張旭市","23226","44","200","資源ごみ回収団体活動奨励制度の申請","https://www.city.owariasahi.lg.jp/site/gomi-recycle/32986.html","資源ごみ回収団体活動奨励制度の申請 - ごみ・リサイクル - 尾張旭市公式ホームページ（環境課） ページの先頭です。 メニューを飛ばして本文へ メニュー 閉じる さがす 閉じる オンライン 手続き 本文へ ご利用ガイド サイトマップ language 文字サイズ 標準 拡大 背景色 白 黒 青 キーワード 検索 Googleカスタム検索 検索対象 すべて ページ PDF ページID 検索 ライフイベントでさがす 高齢者 妊娠・出産 子育て 入園・入学 就職・退職 結婚・離婚 引っ越し おくやみ 目的からさがす 申請書一覧 施設 ごみ・ リサイクル 入札・契約 相談窓口 よくある 質問 イベント"
"尾張旭市","23226","44","200","クルクルごみ減量通信","https://www.city.owariasahi.lg.jp/site/gomi-recycle/45372.html","クルクルごみ減量通信 - ごみ・リサイクル - 尾張旭市公式ホームページ（環境課） ページの先頭です。 メニューを飛ばして本文へ メニュー 閉じる さがす 閉じる オンライン 手続き 本文へ ご利用ガイド サイトマップ language 文字サイズ 標準 拡大 背景色 白 黒 青 キーワード 検索 Googleカスタム検索 検索対象 すべて ページ PDF ページID 検索 ライフイベントでさがす 高齢者 妊娠・出産 子育て 入園・入学 就職・退職 結婚・離婚 引っ越し おくやみ 目的からさがす 申請書一覧 施設 ごみ・ リサイクル 入札・契約 相談窓口 よくある 質問 イベント 市営バス あ"
"尾張旭市","23226","44","200","無許可の廃品回収業者に注意！","https://www.city.owariasahi.lg.jp/site/gomi-recycle/56456.html","無許可の廃品回収業者に注意！ - ごみ・リサイクル - 尾張旭市公式ホームページ（環境課） ページの先頭です。 メニューを飛ばして本文へ メニュー 閉じる さがす 閉じる オンライン 手続き 本文へ ご利用ガイド サイトマップ language 文字サイズ 標準 拡大 背景色 白 黒 青 キーワード 検索 Googleカスタム検索 検索対象 すべて ページ PDF ページID 検索 ライフイベントでさがす 高齢者 妊娠・出産 子育て 入園・入学 就職・退職 結婚・離婚 引っ越し おくやみ 目的からさがす 申請書一覧 施設 ごみ・ リサイクル 入札・契約 相談窓口 よくある 質問 イベント 市営"
"尾張旭市","23226","44","200","ひとり親家庭支援制度のご案内","https://www.city.owariasahi.lg.jp/site/kosodate-sukusuku/1614.html","ひとり親家庭支援制度のご案内 - 子育てすくすくのびのび尾張旭市 - 尾張旭市公式ホームページ（こども未来課） ページの先頭です。 メニューを飛ばして本文へ 検索 操作補助 JavaScriptが無効のため、文字の大きさ・背景色を変更する機能を使用できません。 本文へ ご利用ガイド サイトマップ language 文字サイズ 標準 拡大 背景色 白 黒 青 キーワード検索 Googleカスタム検索 検索対象 すべて ページ PDF ページID検索 現在地 トップページ > 分類でさがす > 子育て・教育・生涯学習 > 子育て > ひとり親 > 子育てすくすくのびのび尾張旭市 > 目的から探す "
"尾張旭市","23226","44","200","子どもに関する手当","https://www.city.owariasahi.lg.jp/site/kosodate-sukusuku/1618.html","子どもに関する手当 - 子育てすくすくのびのび尾張旭市 - 尾張旭市公式ホームページ（こども未来課） ページの先頭です。 メニューを飛ばして本文へ 検索 操作補助 JavaScriptが無効のため、文字の大きさ・背景色を変更する機能を使用できません。 本文へ ご利用ガイド サイトマップ language 文字サイズ 標準 拡大 背景色 白 黒 青 キーワード検索 Googleカスタム検索 検索対象 すべて ページ PDF ページID検索 現在地 トップページ > 分類でさがす > 子育て・教育・生涯学習 > 子育て > 子育て支援・子育て相談 > 子育てすくすくのびのび尾張旭市 > 目的から探"
"尾張旭市","23226","44","200","保育所・小規模保育事業所（特別保育等含む）の利用方法等","https://www.city.owariasahi.lg.jp/site/kosodate-sukusuku/1776.html","保育所・小規模保育事業所（特別保育等含む）の利用方法等 - 子育てすくすくのびのび尾張旭市 - 尾張旭市公式ホームページ（保育課） ページの先頭です。 メニューを飛ばして本文へ 検索 操作補助 JavaScriptが無効のため、文字の大きさ・背景色を変更する機能を使用できません。 本文へ ご利用ガイド サイトマップ language 文字サイズ 標準 拡大 背景色 白 黒 青 キーワード検索 Googleカスタム検索 検索対象 すべて ページ PDF ページID検索 現在地 トップページ > 分類でさがす > 子育て・教育・生涯学習 > 子育て > 保育園・幼稚園 > 子育てすくすくのびのび尾"
"尾張旭市","23226","44","200","保育所の給食献立","https://www.city.owariasahi.lg.jp/site/kosodate-sukusuku/1781.html","保育所の給食献立 - 子育てすくすくのびのび尾張旭市 - 尾張旭市公式ホームページ（保育課） ページの先頭です。 メニューを飛ばして本文へ 検索 操作補助 JavaScriptが無効のため、文字の大きさ・背景色を変更する機能を使用できません。 本文へ ご利用ガイド サイトマップ language 文字サイズ 標準 拡大 背景色 白 黒 青 キーワード検索 Googleカスタム検索 検索対象 すべて ページ PDF ページID検索 現在地 トップページ > 分類でさがす > 子育て・教育・生涯学習 > 子育て > 保育園・幼稚園 > 子育てすくすくのびのび尾張旭市 > 目的から探す > 保育園・"
"尾張旭市","23226","44","200","保育園非常勤職員（会計年度任用職員）の募集","https://www.city.owariasahi.lg.jp/site/kosodate-sukusuku/1810.html","保育園非常勤職員（会計年度任用職員）の募集 - 子育てすくすくのびのび尾張旭市 - 尾張旭市公式ホームページ（保育課） ページの先頭です。 メニューを飛ばして本文へ 検索 操作補助 JavaScriptが無効のため、文字の大きさ・背景色を変更する機能を使用できません。 本文へ ご利用ガイド サイトマップ language 文字サイズ 標準 拡大 背景色 白 黒 青 キーワード検索 Googleカスタム検索 検索対象 すべて ページ PDF ページID検索 現在地 トップページ > 分類でさがす > 子育て・教育・生涯学習 > 子育て > 保育園・幼稚園 > 子育てすくすくのびのび尾張旭市 > "
"尾張旭市","23226","44","200","平子児童館","https://www.city.owariasahi.lg.jp/site/kosodate-sukusuku/1815.html","平子児童館 - 子育てすくすくのびのび尾張旭市 - 尾張旭市公式ホームページ（こども未来課） ページの先頭です。 メニューを飛ばして本文へ 検索 操作補助 JavaScriptが無効のため、文字の大きさ・背景色を変更する機能を使用できません。 本文へ ご利用ガイド サイトマップ language 文字サイズ 標準 拡大 背景色 白 黒 青 キーワード検索 Googleカスタム検索 検索対象 すべて ページ PDF ページID検索 現在地 トップページ > 子育てすくすくのびのび尾張旭市 > 目的から探す > 非表示 > 平子児童館 本文 平子児童館 ページID：0001815 更新日：2023"
"尾張旭市","23226","44","200","中部児童館","https://www.city.owariasahi.lg.jp/site/kosodate-sukusuku/1820.html","中部児童館 - 子育てすくすくのびのび尾張旭市 - 尾張旭市公式ホームページ（こども未来課） ページの先頭です。 メニューを飛ばして本文へ 検索 操作補助 JavaScriptが無効のため、文字の大きさ・背景色を変更する機能を使用できません。 本文へ ご利用ガイド サイトマップ language 文字サイズ 標準 拡大 背景色 白 黒 青 キーワード検索 Googleカスタム検索 検索対象 すべて ページ PDF ページID検索 現在地 トップページ > 子育てすくすくのびのび尾張旭市 > 目的から探す > 非表示 > 中部児童館 本文 中部児童館 ページID：0001820 更新日：2023"
"尾張旭市","23226","44","200","女性の悩みごと相談","https://www.city.owariasahi.lg.jp/site/kosodate-sukusuku/1824.html","女性の悩みごと相談 - 子育てすくすくのびのび尾張旭市 - 尾張旭市公式ホームページ（こども家庭課） ページの先頭です。 メニューを飛ばして本文へ 検索 操作補助 JavaScriptが無効のため、文字の大きさ・背景色を変更する機能を使用できません。 本文へ ご利用ガイド サイトマップ language 文字サイズ 標準 拡大 背景色 白 黒 青 キーワード検索 Googleカスタム検索 検索対象 すべて ページ PDF ページID検索 現在地 トップページ > 分類でさがす > 子育て・教育・生涯学習 > 子育て > 子育て支援・子育て相談 > 子育てすくすくのびのび尾張旭市 > 目的から探"
"尾張旭市","23226","44","200","妊産婦栄養教室「だし活のすすめ～おうちで和食～」","https://www.city.owariasahi.lg.jp/site/kosodate-sukusuku/1825.html","妊産婦栄養教室「だし活のすすめ～おうちで和食～」 - 子育てすくすくのびのび尾張旭市 - 尾張旭市公式ホームページ（こども家庭課） ページの先頭です。 メニューを飛ばして本文へ 検索 操作補助 JavaScriptが無効のため、文字の大きさ・背景色を変更する機能を使用できません。 本文へ ご利用ガイド サイトマップ language 文字サイズ 標準 拡大 背景色 白 黒 青 キーワード検索 Googleカスタム検索 検索対象 すべて ページ PDF ページID検索 現在地 トップページ > 分類でさがす > 子育て・教育・生涯学習 > 子育て > 乳幼児健診・教室・予防接種 > 子育てすくす"
"尾張旭市","23226","44","200","乳幼児健診","https://www.city.owariasahi.lg.jp/site/kosodate-sukusuku/1826.html","乳幼児健診 - 子育てすくすくのびのび尾張旭市 - 尾張旭市公式ホームページ（こども家庭課） ページの先頭です。 メニューを飛ばして本文へ 検索 操作補助 JavaScriptが無効のため、文字の大きさ・背景色を変更する機能を使用できません。 本文へ ご利用ガイド サイトマップ language 文字サイズ 標準 拡大 背景色 白 黒 青 キーワード検索 Googleカスタム検索 検索対象 すべて ページ PDF ページID検索 現在地 トップページ > 分類でさがす > 健康・福祉・医療 > 健康・医療 > 妊娠・出産 > 子育てすくすくのびのび尾張旭市 > 目的から探す > 健康診査 > "
"尾張旭市","23226","44","200","パパママ教室","https://www.city.owariasahi.lg.jp/site/kosodate-sukusuku/1835.html","パパママ教室 - 子育てすくすくのびのび尾張旭市 - 尾張旭市公式ホームページ（こども家庭課） ページの先頭です。 メニューを飛ばして本文へ 検索 操作補助 JavaScriptが無効のため、文字の大きさ・背景色を変更する機能を使用できません。 本文へ ご利用ガイド サイトマップ language 文字サイズ 標準 拡大 背景色 白 黒 青 キーワード検索 Googleカスタム検索 検索対象 すべて ページ PDF ページID検索 現在地 トップページ > 分類でさがす > 子育て・教育・生涯学習 > 子育て > 乳幼児健診・教室・予防接種 > 子育てすくすくのびのび尾張旭市 > 目的から探す"
"尾張旭市","23226","44","200","こどもの発達センターにこにこの概要","https://www.city.owariasahi.lg.jp/site/kosodate-sukusuku/1846.html","こどもの発達センターにこにこの概要 - 子育てすくすくのびのび尾張旭市 - 尾張旭市公式ホームページ（こどもの発達センターにこにこ） ページの先頭です。 メニューを飛ばして本文へ 検索 操作補助 JavaScriptが無効のため、文字の大きさ・背景色を変更する機能を使用できません。 本文へ ご利用ガイド サイトマップ language 文字サイズ 標準 拡大 背景色 白 黒 青 キーワード検索 Googleカスタム検索 検索対象 すべて ページ PDF ページID検索 現在地 トップページ > 分類でさがす > 子育て・教育・生涯学習 > 子育て > 子育て支援・子育て相談 > 子育てすくすく"
"尾張旭市","23226","44","200","子育て情報の提供","https://www.city.owariasahi.lg.jp/site/kosodate-sukusuku/1848.html","子育て情報の提供 - 子育てすくすくのびのび尾張旭市 - 尾張旭市公式ホームページ（こども家庭課） ページの先頭です。 メニューを飛ばして本文へ 検索 操作補助 JavaScriptが無効のため、文字の大きさ・背景色を変更する機能を使用できません。 本文へ ご利用ガイド サイトマップ language 文字サイズ 標準 拡大 背景色 白 黒 青 キーワード検索 Googleカスタム検索 検索対象 すべて ページ PDF ページID検索 現在地 トップページ > 分類でさがす > 子育て・教育・生涯学習 > 子育て > 子育て支援・子育て相談 > 子育てすくすくのびのび尾張旭市 > 目的から探す"
"尾張旭市","23226","44","200","尾張旭市子育て支援センター","https://www.city.owariasahi.lg.jp/site/kosodate-sukusuku/1857.html","尾張旭市子育て支援センター - 子育てすくすくのびのび尾張旭市 - 尾張旭市公式ホームページ（こども家庭課） ページの先頭です。 メニューを飛ばして本文へ 検索 操作補助 JavaScriptが無効のため、文字の大きさ・背景色を変更する機能を使用できません。 本文へ ご利用ガイド サイトマップ language 文字サイズ 標準 拡大 背景色 白 黒 青 キーワード検索 Googleカスタム検索 検索対象 すべて ページ PDF ページID検索 現在地 トップページ > 分類でさがす > 子育て・教育・生涯学習 > 子育て > 子育て支援・子育て相談 > 子育てすくすくのびのび尾張旭市 > 目"
"尾張旭市","23226","44","200","産後ケア事業","https://www.city.owariasahi.lg.jp/site/kosodate-sukusuku/28293.html","産後ケア事業 - 子育てすくすくのびのび尾張旭市 - 尾張旭市公式ホームページ（こども家庭課） ページの先頭です。 メニューを飛ばして本文へ 検索 操作補助 JavaScriptが無効のため、文字の大きさ・背景色を変更する機能を使用できません。 本文へ ご利用ガイド サイトマップ language 文字サイズ 標準 拡大 背景色 白 黒 青 キーワード検索 Googleカスタム検索 検索対象 すべて ページ PDF ページID検索 現在地 トップページ > 分類でさがす > 子育て・教育・生涯学習 > 子育て > 子育て支援・子育て相談 > 子育てすくすくのびのび尾張旭市 > 目的から探す >"
"尾張旭市","23226","44","200","じどうかんフェス","https://www.city.owariasahi.lg.jp/site/kosodate-sukusuku/29284.html","じどうかんフェス - 子育てすくすくのびのび尾張旭市 - 尾張旭市公式ホームページ（こども未来課） ページの先頭です。 メニューを飛ばして本文へ 検索 操作補助 JavaScriptが無効のため、文字の大きさ・背景色を変更する機能を使用できません。 本文へ ご利用ガイド サイトマップ language 文字サイズ 標準 拡大 背景色 白 黒 青 キーワード検索 Googleカスタム検索 検索対象 すべて ページ PDF ページID検索 現在地 トップページ > 分類でさがす > 子育て・教育・生涯学習 > 子育て > 児童館・放課後児童クラブ > 子育てすくすくのびのび尾張旭市 > 年齢別でさ"
"尾張旭市","23226","44","200","ひとり親家庭等就業支援講習会","https://www.city.owariasahi.lg.jp/site/kosodate-sukusuku/36601.html","ひとり親家庭等就業支援講習会 - 子育てすくすくのびのび尾張旭市 - 尾張旭市公式ホームページ（こども未来課） ページの先頭です。 メニューを飛ばして本文へ 検索 操作補助 JavaScriptが無効のため、文字の大きさ・背景色を変更する機能を使用できません。 本文へ ご利用ガイド サイトマップ language 文字サイズ 標準 拡大 背景色 白 黒 青 キーワード検索 Googleカスタム検索 検索対象 すべて ページ PDF ページID検索 現在地 トップページ > 分類でさがす > 子育て・教育・生涯学習 > 子育て > ひとり親 > 子育てすくすくのびのび尾張旭市 > 目的から探す "
"尾張旭市","23226","44","200","「こども家庭センター」をご利用ください","https://www.city.owariasahi.lg.jp/site/kosodate-sukusuku/40034.html","「こども家庭センター」をご利用ください - 子育てすくすくのびのび尾張旭市 - 尾張旭市公式ホームページ（こども家庭課） ページの先頭です。 メニューを飛ばして本文へ 検索 操作補助 JavaScriptが無効のため、文字の大きさ・背景色を変更する機能を使用できません。 本文へ ご利用ガイド サイトマップ language 文字サイズ 標準 拡大 背景色 白 黒 青 キーワード検索 Googleカスタム検索 検索対象 すべて ページ PDF ページID検索 現在地 トップページ > 分類でさがす > 子育て・教育・生涯学習 > 子育て > 子育て支援・子育て相談 > 子育てすくすくのびのび尾張"
"尾張旭市","23226","44","200","こども誰でも通園制度","https://www.city.owariasahi.lg.jp/site/kosodate-sukusuku/49230.html","こども誰でも通園制度 - 子育てすくすくのびのび尾張旭市 - 尾張旭市公式ホームページ（保育課） ページの先頭です。 メニューを飛ばして本文へ 検索 操作補助 JavaScriptが無効のため、文字の大きさ・背景色を変更する機能を使用できません。 本文へ ご利用ガイド サイトマップ language 文字サイズ 標準 拡大 背景色 白 黒 青 キーワード検索 Googleカスタム検索 検索対象 すべて ページ PDF ページID検索 現在地 トップページ > 分類でさがす > 子育て・教育・生涯学習 > 子育て > 保育園・幼稚園 > 子育てすくすくのびのび尾張旭市 > 目的から探す > 保育"
"尾張旭市","23226","44","200","老人いこいの家及び老人いこいの部屋","https://www.city.owariasahi.lg.jp/site/koureisya-fukusi/1671.html","老人いこいの家及び老人いこいの部屋 - 高齢者福祉 - 尾張旭市公式ホームページ（長寿課） ページの先頭です。 メニューを飛ばして本文へ メニュー 閉じる さがす 閉じる オンライン 手続き 本文へ ご利用ガイド サイトマップ language 文字サイズ 標準 拡大 背景色 白 黒 青 キーワード 検索 Googleカスタム検索 検索対象 すべて ページ PDF ページID 検索 ライフイベントでさがす 高齢者 妊娠・出産 子育て 入園・入学 就職・退職 結婚・離婚 引っ越し おくやみ 目的からさがす 申請書一覧 施設 ごみ・ リサイクル 入札・契約 相談窓口 よくある 質問 イベント 市営"
"尾張旭市","23226","44","200","多世代交流館いきいきの概要","https://www.city.owariasahi.lg.jp/site/koureisya-fukusi/1672.html","多世代交流館いきいきの概要 - 高齢者福祉 - 尾張旭市公式ホームページ（長寿課） ページの先頭です。 メニューを飛ばして本文へ メニュー 閉じる さがす 閉じる オンライン 手続き 本文へ ご利用ガイド サイトマップ language 文字サイズ 標準 拡大 背景色 白 黒 青 キーワード 検索 Googleカスタム検索 検索対象 すべて ページ PDF ページID 検索 ライフイベントでさがす 高齢者 妊娠・出産 子育て 入園・入学 就職・退職 結婚・離婚 引っ越し おくやみ 目的からさがす 申請書一覧 施設 ごみ・ リサイクル 入札・契約 相談窓口 よくある 質問 イベント 市営バス あ"
"尾張旭市","23226","44","200","尾張旭市自立支援型地域ケア会議","https://www.city.owariasahi.lg.jp/site/koureisya-fukusi/1676.html","尾張旭市自立支援型地域ケア会議 - 高齢者福祉 - 尾張旭市公式ホームページ（長寿課） ページの先頭です。 メニューを飛ばして本文へ メニュー 閉じる さがす 閉じる オンライン 手続き 本文へ ご利用ガイド サイトマップ language 文字サイズ 標準 拡大 背景色 白 黒 青 キーワード 検索 Googleカスタム検索 検索対象 すべて ページ PDF ページID 検索 ライフイベントでさがす 高齢者 妊娠・出産 子育て 入園・入学 就職・退職 結婚・離婚 引っ越し おくやみ 目的からさがす 申請書一覧 施設 ごみ・ リサイクル 入札・契約 相談窓口 よくある 質問 イベント 市営バス"
"尾張旭市","23226","44","200","完全週休2日制・週休2日制工事の試行について","https://www.city.owariasahi.lg.jp/site/nyusatsu-keiyaku/26212.html","完全週休2日制・週休2日制工事の試行について - 入札・契約 - 尾張旭市公式ホームページ（総務課） ページの先頭です。 メニューを飛ばして本文へ メニュー 閉じる さがす 閉じる オンライン 手続き 本文へ ご利用ガイド サイトマップ language 文字サイズ 標準 拡大 背景色 白 黒 青 キーワード 検索 Googleカスタム検索 検索対象 すべて ページ PDF ページID 検索 ライフイベントでさがす 高齢者 妊娠・出産 子育て 入園・入学 就職・退職 結婚・離婚 引っ越し おくやみ 目的からさがす 申請書一覧 施設 ごみ・ リサイクル 入札・契約 相談窓口 よくある 質問 イベ"
"尾張旭市","23226","44","200","指名停止措置","https://www.city.owariasahi.lg.jp/site/nyusatsu-keiyaku/3326.html","指名停止措置 - 入札・契約 - 尾張旭市公式ホームページ（総務課） ページの先頭です。 メニューを飛ばして本文へ メニュー 閉じる さがす 閉じる オンライン 手続き 本文へ ご利用ガイド サイトマップ language 文字サイズ 標準 拡大 背景色 白 黒 青 キーワード 検索 Googleカスタム検索 検索対象 すべて ページ PDF ページID 検索 ライフイベントでさがす 高齢者 妊娠・出産 子育て 入園・入学 就職・退職 結婚・離婚 引っ越し おくやみ 目的からさがす 申請書一覧 施設 ごみ・ リサイクル 入札・契約 相談窓口 よくある 質問 イベント 市営バス あさぴー号 組織"
"尾張旭市","23226","44","200","公共工事等の発注見通し","https://www.city.owariasahi.lg.jp/site/nyusatsu-keiyaku/3329.html","公共工事等の発注見通し - 入札・契約 - 尾張旭市公式ホームページ（総務課） ページの先頭です。 メニューを飛ばして本文へ メニュー 閉じる さがす 閉じる オンライン 手続き 本文へ ご利用ガイド サイトマップ language 文字サイズ 標準 拡大 背景色 白 黒 青 キーワード 検索 Googleカスタム検索 検索対象 すべて ページ PDF ページID 検索 ライフイベントでさがす 高齢者 妊娠・出産 子育て 入園・入学 就職・退職 結婚・離婚 引っ越し おくやみ 目的からさがす 申請書一覧 施設 ごみ・ リサイクル 入札・契約 相談窓口 よくある 質問 イベント 市営バス あさぴ"
"尾張旭市","23226","44","200","尾張旭市公契約条例","https://www.city.owariasahi.lg.jp/site/nyusatsu-keiyaku/3333.html","尾張旭市公契約条例 - 入札・契約 - 尾張旭市公式ホームページ（総務課） ページの先頭です。 メニューを飛ばして本文へ メニュー 閉じる さがす 閉じる オンライン 手続き 本文へ ご利用ガイド サイトマップ language 文字サイズ 標準 拡大 背景色 白 黒 青 キーワード 検索 Googleカスタム検索 検索対象 すべて ページ PDF ページID 検索 ライフイベントでさがす 高齢者 妊娠・出産 子育て 入園・入学 就職・退職 結婚・離婚 引っ越し おくやみ 目的からさがす 申請書一覧 施設 ごみ・ リサイクル 入札・契約 相談窓口 よくある 質問 イベント 市営バス あさぴー号"
"尾張旭市","23226","44","200","随意契約の公表","https://www.city.owariasahi.lg.jp/site/nyusatsu-keiyaku/3346.html","随意契約の公表 - 入札・契約 - 尾張旭市公式ホームページ（総務課） ページの先頭です。 メニューを飛ばして本文へ メニュー 閉じる さがす 閉じる オンライン 手続き 本文へ ご利用ガイド サイトマップ language 文字サイズ 標準 拡大 背景色 白 黒 青 キーワード 検索 Googleカスタム検索 検索対象 すべて ページ PDF ページID 検索 ライフイベントでさがす 高齢者 妊娠・出産 子育て 入園・入学 就職・退職 結婚・離婚 引っ越し おくやみ 目的からさがす 申請書一覧 施設 ごみ・ リサイクル 入札・契約 相談窓口 よくある 質問 イベント 市営バス あさぴー号 組"
"尾張旭市","23226","44","200","最低制限価格の設定について","https://www.city.owariasahi.lg.jp/site/nyusatsu-keiyaku/37876.html","最低制限価格の設定について - 入札・契約 - 尾張旭市公式ホームページ（総務課） ページの先頭です。 メニューを飛ばして本文へ メニュー 閉じる さがす 閉じる オンライン 手続き 本文へ ご利用ガイド サイトマップ language 文字サイズ 標準 拡大 背景色 白 黒 青 キーワード 検索 Googleカスタム検索 検索対象 すべて ページ PDF ページID 検索 ライフイベントでさがす 高齢者 妊娠・出産 子育て 入園・入学 就職・退職 結婚・離婚 引っ越し おくやみ 目的からさがす 申請書一覧 施設 ごみ・ リサイクル 入札・契約 相談窓口 よくある 質問 イベント 市営バス あ"
"尾張旭市","23226","44","200","検査関連要領・基準","https://www.city.owariasahi.lg.jp/site/nyusatsu-keiyaku/46931.html","検査関連要領・基準 - 入札・契約 - 尾張旭市公式ホームページ（検査室） ページの先頭です。 メニューを飛ばして本文へ メニュー 閉じる さがす 閉じる オンライン 手続き 本文へ ご利用ガイド サイトマップ language 文字サイズ 標準 拡大 背景色 白 黒 青 キーワード 検索 Googleカスタム検索 検索対象 すべて ページ PDF ページID 検索 ライフイベントでさがす 高齢者 妊娠・出産 子育て 入園・入学 就職・退職 結婚・離婚 引っ越し おくやみ 目的からさがす 申請書一覧 施設 ごみ・ リサイクル 入札・契約 相談窓口 よくある 質問 イベント 市営バス あさぴー号"
"尾張旭市","23226","44","200","消防・救急","https://www.city.owariasahi.lg.jp/site/syoubou/","消防・救急 - 尾張旭市公式ホームページ（消防総務課） ページの先頭です。 メニューを飛ばして本文へ メニュー 閉じる さがす 閉じる オンライン 手続き 本文へ ご利用ガイド サイトマップ language 文字サイズ 標準 拡大 背景色 白 黒 青 キーワード 検索 Googleカスタム検索 検索対象 すべて ページ PDF ページID 検索 ライフイベントでさがす 高齢者 妊娠・出産 子育て 入園・入学 就職・退職 結婚・離婚 引っ越し おくやみ 目的からさがす 申請書一覧 施設 ごみ・ リサイクル 入札・契約 相談窓口 よくある 質問 イベント 市営バス あさぴー号 組織でさがす カレ"
"豊明市","23229","44","200","こども・教育","https://www.city.toyoake.lg.jp/1002.htm","こども・教育/豊明市 --> 本文へ移動 こども・教育 スマートフォン用ツール メニュー表示 自動翻訳 English 中文 Portgues Tiếng Việt Foreign language 背景変更 標準 黒 補助機能 ふりがな 文字拡大 元に戻す サイトマップ パソコン画面表示 ページの末尾へ くらし 妊娠・出産 子育て 学校教育 結婚・離婚 引越し・住まい 就職・退職 高齢者・介護 おくやみ 戸籍・住民票・印鑑登録 税 国民健康保険 国民年金 水道 交通 駐車・駐輪 都市計画 産業・事業 ごみ・環境保全 ペット 福祉 障がい者支援 消費生活 健康・医療 文化・スポーツ・生涯学習 "
"豊明市","23229","44","200","事業者向け","https://www.city.toyoake.lg.jp/1003.htm","事業者向け/豊明市 --> 本文へ移動 事業者向け スマートフォン用ツール メニュー表示 自動翻訳 English 中文 Portgues Tiếng Việt Foreign language 背景変更 標準 黒 補助機能 ふりがな 文字拡大 元に戻す サイトマップ パソコン画面表示 ページの末尾へ くらし 妊娠・出産 子育て 学校教育 結婚・離婚 引越し・住まい 就職・退職 高齢者・介護 おくやみ 戸籍・住民票・印鑑登録 税 国民健康保険 国民年金 水道 交通 駐車・駐輪 都市計画 産業・事業 ごみ・環境保全 ペット 福祉 障がい者支援 消費生活 健康・医療 文化・スポーツ・生涯学習 市民"
"豊明市","23229","44","200","市政情報","https://www.city.toyoake.lg.jp/1004.htm","市政情報/豊明市 --> 本文へ移動 市政情報 スマートフォン用ツール メニュー表示 自動翻訳 English 中文 Portgues Tiếng Việt Foreign language 背景変更 標準 黒 補助機能 ふりがな 文字拡大 元に戻す サイトマップ パソコン画面表示 ページの末尾へ くらし 妊娠・出産 子育て 学校教育 結婚・離婚 引越し・住まい 就職・退職 高齢者・介護 おくやみ 戸籍・住民票・印鑑登録 税 国民健康保険 国民年金 水道 交通 駐車・駐輪 都市計画 産業・事業 ごみ・環境保全 ペット 福祉 障がい者支援 消費生活 健康・医療 文化・スポーツ・生涯学習 市民活動"
"豊明市","23229","44","200","学校教育","https://www.city.toyoake.lg.jp/1008.htm","学校教育/豊明市 --> 本文へ移動 学校教育 スマートフォン用ツール メニュー表示 自動翻訳 English 中文 Portgues Tiếng Việt Foreign language 背景変更 標準 黒 補助機能 ふりがな 文字拡大 元に戻す サイトマップ パソコン画面表示 ページの末尾へ くらし 妊娠・出産 子育て 学校教育 結婚・離婚 引越し・住まい 就職・退職 高齢者・介護 おくやみ 戸籍・住民票・印鑑登録 税 国民健康保険 国民年金 水道 交通 駐車・駐輪 都市計画 産業・事業 ごみ・環境保全 ペット 福祉 障がい者支援 消費生活 健康・医療 文化・スポーツ・生涯学習 市民活動"
"豊明市","23229","44","200","結婚・離婚","https://www.city.toyoake.lg.jp/1009.htm","結婚・離婚/豊明市 --> 本文へ移動 結婚・離婚 スマートフォン用ツール メニュー表示 自動翻訳 English 中文 Portgues Tiếng Việt Foreign language 背景変更 標準 黒 補助機能 ふりがな 文字拡大 元に戻す サイトマップ パソコン画面表示 ページの末尾へ くらし 妊娠・出産 子育て 学校教育 結婚・離婚 引越し・住まい 就職・退職 高齢者・介護 おくやみ 戸籍・住民票・印鑑登録 税 国民健康保険 国民年金 水道 交通 駐車・駐輪 都市計画 産業・事業 ごみ・環境保全 ペット 福祉 障がい者支援 消費生活 健康・医療 文化・スポーツ・生涯学習 市民"
"豊明市","23229","44","200","引越し・住まい","https://www.city.toyoake.lg.jp/1010.htm","引越し・住まい/豊明市 --> 本文へ移動 引越し・住まい スマートフォン用ツール メニュー表示 自動翻訳 English 中文 Portgues Tiếng Việt Foreign language 背景変更 標準 黒 補助機能 ふりがな 文字拡大 元に戻す サイトマップ パソコン画面表示 ページの末尾へ くらし 妊娠・出産 子育て 学校教育 結婚・離婚 引越し・住まい 就職・退職 高齢者・介護 おくやみ 戸籍・住民票・印鑑登録 税 国民健康保険 国民年金 水道 交通 駐車・駐輪 都市計画 産業・事業 ごみ・環境保全 ペット 福祉 障がい者支援 消費生活 健康・医療 文化・スポーツ・生涯学"
"豊明市","23229","44","200","就職・退職","https://www.city.toyoake.lg.jp/1011.htm","就職・退職/豊明市 --> 本文へ移動 就職・退職 スマートフォン用ツール メニュー表示 自動翻訳 English 中文 Portgues Tiếng Việt Foreign language 背景変更 標準 黒 補助機能 ふりがな 文字拡大 元に戻す サイトマップ パソコン画面表示 ページの末尾へ くらし 妊娠・出産 子育て 学校教育 結婚・離婚 引越し・住まい 就職・退職 高齢者・介護 おくやみ 戸籍・住民票・印鑑登録 税 国民健康保険 国民年金 水道 交通 駐車・駐輪 都市計画 産業・事業 ごみ・環境保全 ペット 福祉 障がい者支援 消費生活 健康・医療 文化・スポーツ・生涯学習 市民"
"豊明市","23229","44","200","おくやみ","https://www.city.toyoake.lg.jp/1013.htm","おくやみ/豊明市 --> 本文へ移動 おくやみ スマートフォン用ツール メニュー表示 自動翻訳 English 中文 Portgues Tiếng Việt Foreign language 背景変更 標準 黒 補助機能 ふりがな 文字拡大 元に戻す サイトマップ パソコン画面表示 ページの末尾へ くらし 妊娠・出産 子育て 学校教育 結婚・離婚 引越し・住まい 就職・退職 高齢者・介護 おくやみ 戸籍・住民票・印鑑登録 税 国民健康保険 国民年金 水道 交通 駐車・駐輪 都市計画 産業・事業 ごみ・環境保全 ペット 福祉 障がい者支援 消費生活 健康・医療 文化・スポーツ・生涯学習 市民活動"
"豊明市","23229","44","200","各課連絡先","https://www.city.toyoake.lg.jp/1014.htm","各課連絡先/豊明市 --> 本文へ移動 各課連絡先 スマートフォン用ツール メニュー表示 自動翻訳 English 中文 Portgues Tiếng Việt Foreign language 背景変更 標準 黒 補助機能 ふりがな 文字拡大 元に戻す サイトマップ パソコン画面表示 ページの末尾へ くらし 妊娠・出産 子育て 学校教育 結婚・離婚 引越し・住まい 就職・退職 高齢者・介護 おくやみ 戸籍・住民票・印鑑登録 税 国民健康保険 国民年金 水道 交通 駐車・駐輪 都市計画 産業・事業 ごみ・環境保全 ペット 福祉 障がい者支援 消費生活 健康・医療 文化・スポーツ・生涯学習 市民"
"豊明市","23229","44","200","行政経営部","https://www.city.toyoake.lg.jp/1015.htm","行政経営部/豊明市 --> 本文へ移動 行政経営部 スマートフォン用ツール メニュー表示 自動翻訳 English 中文 Portgues Tiếng Việt Foreign language 背景変更 標準 黒 補助機能 ふりがな 文字拡大 元に戻す サイトマップ パソコン画面表示 ページの末尾へ くらし 妊娠・出産 子育て 学校教育 結婚・離婚 引越し・住まい 就職・退職 高齢者・介護 おくやみ 戸籍・住民票・印鑑登録 税 国民健康保険 国民年金 水道 交通 駐車・駐輪 都市計画 産業・事業 ごみ・環境保全 ペット 福祉 障がい者支援 消費生活 健康・医療 文化・スポーツ・生涯学習 市民"
"豊明市","23229","44","200","プライバシーポリシー","https://www.city.toyoake.lg.jp/1035.htm","プライバシーポリシー/豊明市 --> 本文へ移動 プライバシーポリシー スマートフォン用ツール メニュー表示 自動翻訳 English 中文 Portgues Tiếng Việt Foreign language 背景変更 標準 黒 補助機能 ふりがな 文字拡大 元に戻す サイトマップ パソコン画面表示 ページの末尾へ くらし 妊娠・出産 子育て 学校教育 結婚・離婚 引越し・住まい 就職・退職 高齢者・介護 おくやみ 戸籍・住民票・印鑑登録 税 国民健康保険 国民年金 水道 交通 駐車・駐輪 都市計画 産業・事業 ごみ・環境保全 ペット 福祉 障がい者支援 消費生活 健康・医療 文化・スポ"
"豊明市","23229","44","200","免責事項・著作権","https://www.city.toyoake.lg.jp/1036.htm","免責事項・著作権/豊明市 --> 本文へ移動 免責事項・著作権 スマートフォン用ツール メニュー表示 自動翻訳 English 中文 Portgues Tiếng Việt Foreign language 背景変更 標準 黒 補助機能 ふりがな 文字拡大 元に戻す サイトマップ パソコン画面表示 ページの末尾へ くらし 妊娠・出産 子育て 学校教育 結婚・離婚 引越し・住まい 就職・退職 高齢者・介護 おくやみ 戸籍・住民票・印鑑登録 税 国民健康保険 国民年金 水道 交通 駐車・駐輪 都市計画 産業・事業 ごみ・環境保全 ペット 福祉 障がい者支援 消費生活 健康・医療 文化・スポーツ・生"
"豊明市","23229","44","200","リンクについて","https://www.city.toyoake.lg.jp/1037.htm","リンクについて/豊明市 --> 本文へ移動 リンクについて スマートフォン用ツール メニュー表示 自動翻訳 English 中文 Portgues Tiếng Việt Foreign language 背景変更 標準 黒 補助機能 ふりがな 文字拡大 元に戻す サイトマップ パソコン画面表示 ページの末尾へ くらし 妊娠・出産 子育て 学校教育 結婚・離婚 引越し・住まい 就職・退職 高齢者・介護 おくやみ 戸籍・住民票・印鑑登録 税 国民健康保険 国民年金 水道 交通 駐車・駐輪 都市計画 産業・事業 ごみ・環境保全 ペット 福祉 障がい者支援 消費生活 健康・医療 文化・スポーツ・生涯学"
"豊明市","23229","44","200","サイトの使い方","https://www.city.toyoake.lg.jp/1038.htm","サイトの使い方/豊明市 --> 本文へ移動 サイトの使い方 スマートフォン用ツール メニュー表示 自動翻訳 English 中文 Portgues Tiếng Việt Foreign language 背景変更 標準 黒 補助機能 ふりがな 文字拡大 元に戻す サイトマップ パソコン画面表示 ページの末尾へ くらし 妊娠・出産 子育て 学校教育 結婚・離婚 引越し・住まい 就職・退職 高齢者・介護 おくやみ 戸籍・住民票・印鑑登録 税 国民健康保険 国民年金 水道 交通 駐車・駐輪 都市計画 産業・事業 ごみ・環境保全 ペット 福祉 障がい者支援 消費生活 健康・医療 文化・スポーツ・生涯学"
"豊明市","23229","44","200","サイトの考え方","https://www.city.toyoake.lg.jp/1039.htm","サイトの考え方/豊明市 --> 本文へ移動 サイトの考え方 スマートフォン用ツール メニュー表示 自動翻訳 English 中文 Portgues Tiếng Việt Foreign language 背景変更 標準 黒 補助機能 ふりがな 文字拡大 元に戻す サイトマップ パソコン画面表示 ページの末尾へ くらし 妊娠・出産 子育て 学校教育 結婚・離婚 引越し・住まい 就職・退職 高齢者・介護 おくやみ 戸籍・住民票・印鑑登録 税 国民健康保険 国民年金 水道 交通 駐車・駐輪 都市計画 産業・事業 ごみ・環境保全 ペット 福祉 障がい者支援 消費生活 健康・医療 文化・スポーツ・生涯学"
"豊明市","23229","44","200","戸籍・住民票・印鑑登録","https://www.city.toyoake.lg.jp/1044.htm","戸籍・住民票・印鑑登録/豊明市 --> 本文へ移動 戸籍・住民票・印鑑登録 スマートフォン用ツール メニュー表示 自動翻訳 English 中文 Portgues Tiếng Việt Foreign language 背景変更 標準 黒 補助機能 ふりがな 文字拡大 元に戻す サイトマップ パソコン画面表示 ページの末尾へ くらし 妊娠・出産 子育て 学校教育 結婚・離婚 引越し・住まい 就職・退職 高齢者・介護 おくやみ 戸籍・住民票・印鑑登録 税 国民健康保険 国民年金 水道 交通 駐車・駐輪 都市計画 産業・事業 ごみ・環境保全 ペット 福祉 障がい者支援 消費生活 健康・医療 文化・"
"豊明市","23229","44","200","税","https://www.city.toyoake.lg.jp/1045.htm","税/豊明市 --> 本文へ移動 税 スマートフォン用ツール メニュー表示 自動翻訳 English 中文 Portgues Tiếng Việt Foreign language 背景変更 標準 黒 補助機能 ふりがな 文字拡大 元に戻す サイトマップ パソコン画面表示 ページの末尾へ くらし 妊娠・出産 子育て 学校教育 結婚・離婚 引越し・住まい 就職・退職 高齢者・介護 おくやみ 戸籍・住民票・印鑑登録 税 国民健康保険 国民年金 水道 交通 駐車・駐輪 都市計画 産業・事業 ごみ・環境保全 ペット 福祉 障がい者支援 消費生活 健康・医療 文化・スポーツ・生涯学習 市民活動・コミュニテ"
"豊明市","23229","44","200","国民健康保険","https://www.city.toyoake.lg.jp/1046.htm","国民健康保険/豊明市 --> 本文へ移動 国民健康保険 スマートフォン用ツール メニュー表示 自動翻訳 English 中文 Portgues Tiếng Việt Foreign language 背景変更 標準 黒 補助機能 ふりがな 文字拡大 元に戻す サイトマップ パソコン画面表示 ページの末尾へ くらし 妊娠・出産 子育て 学校教育 結婚・離婚 引越し・住まい 就職・退職 高齢者・介護 おくやみ 戸籍・住民票・印鑑登録 税 国民健康保険 国民年金 水道 交通 駐車・駐輪 都市計画 産業・事業 ごみ・環境保全 ペット 福祉 障がい者支援 消費生活 健康・医療 文化・スポーツ・生涯学習 "
"豊明市","23229","44","200","国民年金","https://www.city.toyoake.lg.jp/1047.htm","国民年金/豊明市 --> 本文へ移動 国民年金 スマートフォン用ツール メニュー表示 自動翻訳 English 中文 Portgues Tiếng Việt Foreign language 背景変更 標準 黒 補助機能 ふりがな 文字拡大 元に戻す サイトマップ パソコン画面表示 ページの末尾へ くらし 妊娠・出産 子育て 学校教育 結婚・離婚 引越し・住まい 就職・退職 高齢者・介護 おくやみ 戸籍・住民票・印鑑登録 税 国民健康保険 国民年金 水道 交通 駐車・駐輪 都市計画 産業・事業 ごみ・環境保全 ペット 福祉 障がい者支援 消費生活 健康・医療 文化・スポーツ・生涯学習 市民活動"
"豊明市","23229","44","200","水道","https://www.city.toyoake.lg.jp/1048.htm","水道/豊明市 --> 本文へ移動 水道 スマートフォン用ツール メニュー表示 自動翻訳 English 中文 Portgues Tiếng Việt Foreign language 背景変更 標準 黒 補助機能 ふりがな 文字拡大 元に戻す サイトマップ パソコン画面表示 ページの末尾へ くらし 妊娠・出産 子育て 学校教育 結婚・離婚 引越し・住まい 就職・退職 高齢者・介護 おくやみ 戸籍・住民票・印鑑登録 税 国民健康保険 国民年金 水道 交通 駐車・駐輪 都市計画 産業・事業 ごみ・環境保全 ペット 福祉 障がい者支援 消費生活 健康・医療 文化・スポーツ・生涯学習 市民活動・コミュ"
"豊明市","23229","44","200","交通","https://www.city.toyoake.lg.jp/1049.htm","交通/豊明市 --> 本文へ移動 交通 スマートフォン用ツール メニュー表示 自動翻訳 English 中文 Portgues Tiếng Việt Foreign language 背景変更 標準 黒 補助機能 ふりがな 文字拡大 元に戻す サイトマップ パソコン画面表示 ページの末尾へ くらし 妊娠・出産 子育て 学校教育 結婚・離婚 引越し・住まい 就職・退職 高齢者・介護 おくやみ 戸籍・住民票・印鑑登録 税 国民健康保険 国民年金 水道 交通 駐車・駐輪 都市計画 産業・事業 ごみ・環境保全 ペット 福祉 障がい者支援 消費生活 健康・医療 文化・スポーツ・生涯学習 市民活動・コミュ"
"豊明市","23229","44","200","駐車・駐輪","https://www.city.toyoake.lg.jp/1050.htm","駐車・駐輪/豊明市 --> 本文へ移動 駐車・駐輪 スマートフォン用ツール メニュー表示 自動翻訳 English 中文 Portgues Tiếng Việt Foreign language 背景変更 標準 黒 補助機能 ふりがな 文字拡大 元に戻す サイトマップ パソコン画面表示 ページの末尾へ くらし 妊娠・出産 子育て 学校教育 結婚・離婚 引越し・住まい 就職・退職 高齢者・介護 おくやみ 戸籍・住民票・印鑑登録 税 国民健康保険 国民年金 水道 交通 駐車・駐輪 都市計画 産業・事業 ごみ・環境保全 ペット 福祉 障がい者支援 消費生活 健康・医療 文化・スポーツ・生涯学習 市民"
"豊明市","23229","44","200","都市計画","https://www.city.toyoake.lg.jp/1051.htm","都市計画/豊明市 --> 本文へ移動 都市計画 スマートフォン用ツール メニュー表示 自動翻訳 English 中文 Portgues Tiếng Việt Foreign language 背景変更 標準 黒 補助機能 ふりがな 文字拡大 元に戻す サイトマップ パソコン画面表示 ページの末尾へ くらし 妊娠・出産 子育て 学校教育 結婚・離婚 引越し・住まい 就職・退職 高齢者・介護 おくやみ 戸籍・住民票・印鑑登録 税 国民健康保険 国民年金 水道 交通 駐車・駐輪 都市計画 産業・事業 ごみ・環境保全 ペット 福祉 障がい者支援 消費生活 健康・医療 文化・スポーツ・生涯学習 市民活動"
"豊明市","23229","44","200","ごみ・環境保全","https://www.city.toyoake.lg.jp/1052.htm","ごみ・環境保全/豊明市 --> 本文へ移動 ごみ・環境保全 スマートフォン用ツール メニュー表示 自動翻訳 English 中文 Portgues Tiếng Việt Foreign language 背景変更 標準 黒 補助機能 ふりがな 文字拡大 元に戻す サイトマップ パソコン画面表示 ページの末尾へ くらし 妊娠・出産 子育て 学校教育 結婚・離婚 引越し・住まい 就職・退職 高齢者・介護 おくやみ 戸籍・住民票・印鑑登録 税 国民健康保険 国民年金 水道 交通 駐車・駐輪 都市計画 産業・事業 ごみ・環境保全 ペット 福祉 障がい者支援 消費生活 健康・医療 文化・スポーツ・生涯学"
"豊明市","23229","44","200","ペット","https://www.city.toyoake.lg.jp/1054.htm","ペット/豊明市 --> 本文へ移動 ペット スマートフォン用ツール メニュー表示 自動翻訳 English 中文 Portgues Tiếng Việt Foreign language 背景変更 標準 黒 補助機能 ふりがな 文字拡大 元に戻す サイトマップ パソコン画面表示 ページの末尾へ くらし 妊娠・出産 子育て 学校教育 結婚・離婚 引越し・住まい 就職・退職 高齢者・介護 おくやみ 戸籍・住民票・印鑑登録 税 国民健康保険 国民年金 水道 交通 駐車・駐輪 都市計画 産業・事業 ごみ・環境保全 ペット 福祉 障がい者支援 消費生活 健康・医療 文化・スポーツ・生涯学習 市民活動・コ"
"豊明市","23229","44","200","福祉","https://www.city.toyoake.lg.jp/1055.htm","福祉/豊明市 --> 本文へ移動 福祉 スマートフォン用ツール メニュー表示 自動翻訳 English 中文 Portgues Tiếng Việt Foreign language 背景変更 標準 黒 補助機能 ふりがな 文字拡大 元に戻す サイトマップ パソコン画面表示 ページの末尾へ くらし 妊娠・出産 子育て 学校教育 結婚・離婚 引越し・住まい 就職・退職 高齢者・介護 おくやみ 戸籍・住民票・印鑑登録 税 国民健康保険 国民年金 水道 交通 駐車・駐輪 都市計画 産業・事業 ごみ・環境保全 ペット 福祉 障がい者支援 消費生活 健康・医療 文化・スポーツ・生涯学習 市民活動・コミュ"
"豊明市","23229","44","200","障がい者支援","https://www.city.toyoake.lg.jp/1056.htm","障がい者支援/豊明市 --> 本文へ移動 障がい者支援 スマートフォン用ツール メニュー表示 自動翻訳 English 中文 Portgues Tiếng Việt Foreign language 背景変更 標準 黒 補助機能 ふりがな 文字拡大 元に戻す サイトマップ パソコン画面表示 ページの末尾へ くらし 妊娠・出産 子育て 学校教育 結婚・離婚 引越し・住まい 就職・退職 高齢者・介護 おくやみ 戸籍・住民票・印鑑登録 税 国民健康保険 国民年金 水道 交通 駐車・駐輪 都市計画 産業・事業 ごみ・環境保全 ペット 福祉 障がい者支援 消費生活 健康・医療 文化・スポーツ・生涯学習 "
"豊明市","23229","44","200","消費生活","https://www.city.toyoake.lg.jp/1057.htm","消費生活/豊明市 --> 本文へ移動 消費生活 スマートフォン用ツール メニュー表示 自動翻訳 English 中文 Portgues Tiếng Việt Foreign language 背景変更 標準 黒 補助機能 ふりがな 文字拡大 元に戻す サイトマップ パソコン画面表示 ページの末尾へ くらし 妊娠・出産 子育て 学校教育 結婚・離婚 引越し・住まい 就職・退職 高齢者・介護 おくやみ 戸籍・住民票・印鑑登録 税 国民健康保険 国民年金 水道 交通 駐車・駐輪 都市計画 産業・事業 ごみ・環境保全 ペット 福祉 障がい者支援 消費生活 健康・医療 文化・スポーツ・生涯学習 市民活動"
"豊明市","23229","44","200","健康・医療","https://www.city.toyoake.lg.jp/1058.htm","健康・医療/豊明市 --> 本文へ移動 健康・医療 スマートフォン用ツール メニュー表示 自動翻訳 English 中文 Portgues Tiếng Việt Foreign language 背景変更 標準 黒 補助機能 ふりがな 文字拡大 元に戻す サイトマップ パソコン画面表示 ページの末尾へ くらし 妊娠・出産 子育て 学校教育 結婚・離婚 引越し・住まい 就職・退職 高齢者・介護 おくやみ 戸籍・住民票・印鑑登録 税 国民健康保険 国民年金 水道 交通 駐車・駐輪 都市計画 産業・事業 ごみ・環境保全 ペット 福祉 障がい者支援 消費生活 健康・医療 文化・スポーツ・生涯学習 市民"
"豊明市","23229","44","200","文化・スポーツ・生涯学習","https://www.city.toyoake.lg.jp/1059.htm","文化・スポーツ・生涯学習/豊明市 --> 本文へ移動 文化・スポーツ・生涯学習 スマートフォン用ツール メニュー表示 自動翻訳 English 中文 Portgues Tiếng Việt Foreign language 背景変更 標準 黒 補助機能 ふりがな 文字拡大 元に戻す サイトマップ パソコン画面表示 ページの末尾へ くらし 妊娠・出産 子育て 学校教育 結婚・離婚 引越し・住まい 就職・退職 高齢者・介護 おくやみ 戸籍・住民票・印鑑登録 税 国民健康保険 国民年金 水道 交通 駐車・駐輪 都市計画 産業・事業 ごみ・環境保全 ペット 福祉 障がい者支援 消費生活 健康・医療 文"
"豊明市","23229","44","200","市民活動・コミュニティ","https://www.city.toyoake.lg.jp/1060.htm","市民活動・コミュニティ/豊明市 --> 本文へ移動 市民活動・コミュニティ スマートフォン用ツール メニュー表示 自動翻訳 English 中文 Portgues Tiếng Việt Foreign language 背景変更 標準 黒 補助機能 ふりがな 文字拡大 元に戻す サイトマップ パソコン画面表示 ページの末尾へ くらし 妊娠・出産 子育て 学校教育 結婚・離婚 引越し・住まい 就職・退職 高齢者・介護 おくやみ 戸籍・住民票・印鑑登録 税 国民健康保険 国民年金 水道 交通 駐車・駐輪 都市計画 産業・事業 ごみ・環境保全 ペット 福祉 障がい者支援 消費生活 健康・医療 文化・"
"豊明市","23229","44","200","防災","https://www.city.toyoake.lg.jp/1061.htm","防災/豊明市 --> 本文へ移動 防災 スマートフォン用ツール メニュー表示 自動翻訳 English 中文 Portgues Tiếng Việt Foreign language 背景変更 標準 黒 補助機能 ふりがな 文字拡大 元に戻す サイトマップ パソコン画面表示 ページの末尾へ くらし 妊娠・出産 子育て 学校教育 結婚・離婚 引越し・住まい 就職・退職 高齢者・介護 おくやみ 戸籍・住民票・印鑑登録 税 国民健康保険 国民年金 水道 交通 駐車・駐輪 都市計画 産業・事業 ごみ・環境保全 ペット 福祉 障がい者支援 消費生活 健康・医療 文化・スポーツ・生涯学習 市民活動・コミュ"
"豊明市","23229","44","200","防犯","https://www.city.toyoake.lg.jp/1062.htm","防犯/豊明市 --> 本文へ移動 防犯 スマートフォン用ツール メニュー表示 自動翻訳 English 中文 Portgues Tiếng Việt Foreign language 背景変更 標準 黒 補助機能 ふりがな 文字拡大 元に戻す サイトマップ パソコン画面表示 ページの末尾へ くらし 妊娠・出産 子育て 学校教育 結婚・離婚 引越し・住まい 就職・退職 高齢者・介護 おくやみ 戸籍・住民票・印鑑登録 税 国民健康保険 国民年金 水道 交通 駐車・駐輪 都市計画 産業・事業 ごみ・環境保全 ペット 福祉 障がい者支援 消費生活 健康・医療 文化・スポーツ・生涯学習 市民活動・コミュ"
"豊明市","23229","44","200","救急・消防","https://www.city.toyoake.lg.jp/1063.htm","救急・消防/豊明市 --> 本文へ移動 救急・消防 スマートフォン用ツール メニュー表示 自動翻訳 English 中文 Portgues Tiếng Việt Foreign language 背景変更 標準 黒 補助機能 ふりがな 文字拡大 元に戻す サイトマップ パソコン画面表示 ページの末尾へ くらし 妊娠・出産 子育て 学校教育 結婚・離婚 引越し・住まい 就職・退職 高齢者・介護 おくやみ 戸籍・住民票・印鑑登録 税 国民健康保険 国民年金 水道 交通 駐車・駐輪 都市計画 産業・事業 ごみ・環境保全 ペット 福祉 障がい者支援 消費生活 健康・医療 文化・スポーツ・生涯学習 市民"
"豊明市","23229","44","200","市民生活部","https://www.city.toyoake.lg.jp/1066.htm","市民生活部/豊明市 --> 本文へ移動 市民生活部 スマートフォン用ツール メニュー表示 自動翻訳 English 中文 Portgues Tiếng Việt Foreign language 背景変更 標準 黒 補助機能 ふりがな 文字拡大 元に戻す サイトマップ パソコン画面表示 ページの末尾へ くらし 妊娠・出産 子育て 学校教育 結婚・離婚 引越し・住まい 就職・退職 高齢者・介護 おくやみ 戸籍・住民票・印鑑登録 税 国民健康保険 国民年金 水道 交通 駐車・駐輪 都市計画 産業・事業 ごみ・環境保全 ペット 福祉 障がい者支援 消費生活 健康・医療 文化・スポーツ・生涯学習 市民"
"豊明市","23229","44","200","健康福祉部","https://www.city.toyoake.lg.jp/1067.htm","健康福祉部/豊明市 --> 本文へ移動 健康福祉部 スマートフォン用ツール メニュー表示 自動翻訳 English 中文 Portgues Tiếng Việt Foreign language 背景変更 標準 黒 補助機能 ふりがな 文字拡大 元に戻す サイトマップ パソコン画面表示 ページの末尾へ くらし 妊娠・出産 子育て 学校教育 結婚・離婚 引越し・住まい 就職・退職 高齢者・介護 おくやみ 戸籍・住民票・印鑑登録 税 国民健康保険 国民年金 水道 交通 駐車・駐輪 都市計画 産業・事業 ごみ・環境保全 ペット 福祉 障がい者支援 消費生活 健康・医療 文化・スポーツ・生涯学習 市民"
"豊明市","23229","44","200","経済建設部","https://www.city.toyoake.lg.jp/1068.htm","経済建設部/豊明市 --> 本文へ移動 経済建設部 スマートフォン用ツール メニュー表示 自動翻訳 English 中文 Portgues Tiếng Việt Foreign language 背景変更 標準 黒 補助機能 ふりがな 文字拡大 元に戻す サイトマップ パソコン画面表示 ページの末尾へ くらし 妊娠・出産 子育て 学校教育 結婚・離婚 引越し・住まい 就職・退職 高齢者・介護 おくやみ 戸籍・住民票・印鑑登録 税 国民健康保険 国民年金 水道 交通 駐車・駐輪 都市計画 産業・事業 ごみ・環境保全 ペット 福祉 障がい者支援 消費生活 健康・医療 文化・スポーツ・生涯学習 市民"
"豊明市","23229","44","200","出納室","https://www.city.toyoake.lg.jp/1069.htm","出納室/豊明市 --> 本文へ移動 出納室 スマートフォン用ツール メニュー表示 自動翻訳 English 中文 Portgues Tiếng Việt Foreign language 背景変更 標準 黒 補助機能 ふりがな 文字拡大 元に戻す サイトマップ パソコン画面表示 ページの末尾へ くらし 妊娠・出産 子育て 学校教育 結婚・離婚 引越し・住まい 就職・退職 高齢者・介護 おくやみ 戸籍・住民票・印鑑登録 税 国民健康保険 国民年金 水道 交通 駐車・駐輪 都市計画 産業・事業 ごみ・環境保全 ペット 福祉 障がい者支援 消費生活 健康・医療 文化・スポーツ・生涯学習 市民活動・コ"
"豊明市","23229","44","200","教育部","https://www.city.toyoake.lg.jp/1072.htm","教育部/豊明市 --> 本文へ移動 教育部 スマートフォン用ツール メニュー表示 自動翻訳 English 中文 Portgues Tiếng Việt Foreign language 背景変更 標準 黒 補助機能 ふりがな 文字拡大 元に戻す サイトマップ パソコン画面表示 ページの末尾へ くらし 妊娠・出産 子育て 学校教育 結婚・離婚 引越し・住まい 就職・退職 高齢者・介護 おくやみ 戸籍・住民票・印鑑登録 税 国民健康保険 国民年金 水道 交通 駐車・駐輪 都市計画 産業・事業 ごみ・環境保全 ペット 福祉 障がい者支援 消費生活 健康・医療 文化・スポーツ・生涯学習 市民活動・コ"
"豊明市","23229","44","200","監査委員事務局","https://www.city.toyoake.lg.jp/1073.htm","監査委員事務局/豊明市 --> 本文へ移動 監査委員事務局 スマートフォン用ツール メニュー表示 自動翻訳 English 中文 Portgues Tiếng Việt Foreign language 背景変更 標準 黒 補助機能 ふりがな 文字拡大 元に戻す サイトマップ パソコン画面表示 ページの末尾へ くらし 妊娠・出産 子育て 学校教育 結婚・離婚 引越し・住まい 就職・退職 高齢者・介護 おくやみ 戸籍・住民票・印鑑登録 税 国民健康保険 国民年金 水道 交通 駐車・駐輪 都市計画 産業・事業 ごみ・環境保全 ペット 福祉 障がい者支援 消費生活 健康・医療 文化・スポーツ・生涯学"
"豊明市","23229","44","200","選挙管理委員会","https://www.city.toyoake.lg.jp/1074.htm","選挙管理委員会/豊明市 --> 本文へ移動 選挙管理委員会 スマートフォン用ツール メニュー表示 自動翻訳 English 中文 Portgues Tiếng Việt Foreign language 背景変更 標準 黒 補助機能 ふりがな 文字拡大 元に戻す サイトマップ パソコン画面表示 ページの末尾へ くらし 妊娠・出産 子育て 学校教育 結婚・離婚 引越し・住まい 就職・退職 高齢者・介護 おくやみ 戸籍・住民票・印鑑登録 税 国民健康保険 国民年金 水道 交通 駐車・駐輪 都市計画 産業・事業 ごみ・環境保全 ペット 福祉 障がい者支援 消費生活 健康・医療 文化・スポーツ・生涯学"
"豊明市","23229","44","200","農業委員会","https://www.city.toyoake.lg.jp/1075.htm","農業委員会/豊明市 --> 本文へ移動 農業委員会 スマートフォン用ツール メニュー表示 自動翻訳 English 中文 Portgues Tiếng Việt Foreign language 背景変更 標準 黒 補助機能 ふりがな 文字拡大 元に戻す サイトマップ パソコン画面表示 ページの末尾へ くらし 妊娠・出産 子育て 学校教育 結婚・離婚 引越し・住まい 就職・退職 高齢者・介護 おくやみ 戸籍・住民票・印鑑登録 税 国民健康保険 国民年金 水道 交通 駐車・駐輪 都市計画 産業・事業 ごみ・環境保全 ペット 福祉 障がい者支援 消費生活 健康・医療 文化・スポーツ・生涯学習 市民"
"豊明市","23229","44","200","図書館","https://www.city.toyoake.lg.jp/1104.htm","図書館/豊明市 --> 本文へ移動 図書館 スマートフォン用ツール メニュー表示 自動翻訳 English 中文 Portgues Tiếng Việt Foreign language 背景変更 標準 黒 補助機能 ふりがな 文字拡大 元に戻す サイトマップ パソコン画面表示 ページの末尾へ くらし 妊娠・出産 子育て 学校教育 結婚・離婚 引越し・住まい 就職・退職 高齢者・介護 おくやみ 戸籍・住民票・印鑑登録 税 国民健康保険 国民年金 水道 交通 駐車・駐輪 都市計画 産業・事業 ごみ・環境保全 ペット 福祉 障がい者支援 消費生活 健康・医療 文化・スポーツ・生涯学習 市民活動・コ"
"豊明市","23229","44","200","農業委員会事務局","https://www.city.toyoake.lg.jp/1107.htm","農業委員会事務局/豊明市 --> 本文へ移動 農業委員会事務局 スマートフォン用ツール メニュー表示 自動翻訳 English 中文 Portgues Tiếng Việt Foreign language 背景変更 標準 黒 補助機能 ふりがな 文字拡大 元に戻す サイトマップ パソコン画面表示 ページの末尾へ くらし 妊娠・出産 子育て 学校教育 結婚・離婚 引越し・住まい 就職・退職 高齢者・介護 おくやみ 戸籍・住民票・印鑑登録 税 国民健康保険 国民年金 水道 交通 駐車・駐輪 都市計画 産業・事業 ごみ・環境保全 ペット 福祉 障がい者支援 消費生活 健康・医療 文化・スポーツ・生"
"豊明市","23229","44","200","著作権とリンクについて","https://www.city.toyoake.lg.jp/1112.htm","著作権とリンクについて/豊明市 --> 本文へ移動 著作権とリンクについて スマートフォン用ツール メニュー表示 自動翻訳 English 中文 Portgues Tiếng Việt Foreign language 背景変更 標準 黒 補助機能 ふりがな 文字拡大 元に戻す サイトマップ パソコン画面表示 ページの末尾へ くらし 妊娠・出産 子育て 学校教育 結婚・離婚 引越し・住まい 就職・退職 高齢者・介護 おくやみ 戸籍・住民票・印鑑登録 税 国民健康保険 国民年金 水道 交通 駐車・駐輪 都市計画 産業・事業 ごみ・環境保全 ペット 福祉 障がい者支援 消費生活 健康・医療 文化・"
"豊明市","23229","44","200","有料広告を募集しています","https://www.city.toyoake.lg.jp/1120.htm","有料広告を募集しています/豊明市 --> 本文へ移動 有料広告を募集しています スマートフォン用ツール メニュー表示 自動翻訳 English 中文 Portgues Tiếng Việt Foreign language 背景変更 標準 黒 補助機能 ふりがな 文字拡大 元に戻す サイトマップ パソコン画面表示 ページの末尾へ くらし 妊娠・出産 子育て 学校教育 結婚・離婚 引越し・住まい 就職・退職 高齢者・介護 おくやみ 戸籍・住民票・印鑑登録 税 国民健康保険 国民年金 水道 交通 駐車・駐輪 都市計画 産業・事業 ごみ・環境保全 ペット 福祉 障がい者支援 消費生活 健康・医療 文"
"豊明市","23229","44","200","出生に関する手続き","https://www.city.toyoake.lg.jp/1131.htm","出生に関する手続き/豊明市 --> 本文へ移動 出生に関する手続き スマートフォン用ツール メニュー表示 自動翻訳 English 中文 Portgues Tiếng Việt Foreign language 背景変更 標準 黒 補助機能 ふりがな 文字拡大 元に戻す サイトマップ パソコン画面表示 ページの末尾へ くらし 妊娠・出産 子育て 学校教育 結婚・離婚 引越し・住まい 就職・退職 高齢者・介護 おくやみ 戸籍・住民票・印鑑登録 税 国民健康保険 国民年金 水道 交通 駐車・駐輪 都市計画 産業・事業 ごみ・環境保全 ペット 福祉 障がい者支援 消費生活 健康・医療 文化・スポーツ"
"豊明市","23229","44","200","私立幼稚園について","https://www.city.toyoake.lg.jp/11465.htm","私立幼稚園について/豊明市 --> 本文へ移動 私立幼稚園について スマートフォン用ツール メニュー表示 自動翻訳 English 中文 Portgues Tiếng Việt Foreign language 背景変更 標準 黒 補助機能 ふりがな 文字拡大 元に戻す サイトマップ パソコン画面表示 ページの末尾へ くらし 妊娠・出産 子育て 学校教育 結婚・離婚 引越し・住まい 就職・退職 高齢者・介護 おくやみ 戸籍・住民票・印鑑登録 税 国民健康保険 国民年金 水道 交通 駐車・駐輪 都市計画 産業・事業 ごみ・環境保全 ペット 福祉 障がい者支援 消費生活 健康・医療 文化・スポーツ"
"豊明市","23229","44","200","とよあけ子育てアプリ","https://www.city.toyoake.lg.jp/14270.htm","とよあけ子育てアプリ/豊明市 --> 本文へ移動 とよあけ子育てアプリ スマートフォン用ツール メニュー表示 自動翻訳 English 中文 Portgues Tiếng Việt Foreign language 背景変更 標準 黒 補助機能 ふりがな 文字拡大 元に戻す サイトマップ パソコン画面表示 ページの末尾へ くらし 妊娠・出産 子育て 学校教育 結婚・離婚 引越し・住まい 就職・退職 高齢者・介護 おくやみ 戸籍・住民票・印鑑登録 税 国民健康保険 国民年金 水道 交通 駐車・駐輪 都市計画 産業・事業 ごみ・環境保全 ペット 福祉 障がい者支援 消費生活 健康・医療 文化・スポ"
"豊明市","23229","44","200","豊明市役所庁舎案内","https://www.city.toyoake.lg.jp/1491.htm","豊明市役所庁舎案内/豊明市 --> 本文へ移動 豊明市役所庁舎案内 スマートフォン用ツール メニュー表示 自動翻訳 English 中文 Portgues Tiếng Việt Foreign language 背景変更 標準 黒 補助機能 ふりがな 文字拡大 元に戻す サイトマップ パソコン画面表示 ページの末尾へ くらし 妊娠・出産 子育て 学校教育 結婚・離婚 引越し・住まい 就職・退職 高齢者・介護 おくやみ 戸籍・住民票・印鑑登録 税 国民健康保険 国民年金 水道 交通 駐車・駐輪 都市計画 産業・事業 ごみ・環境保全 ペット 福祉 障がい者支援 消費生活 健康・医療 文化・スポーツ"
"豊明市","23229","44","200","南部（前後駅前）公民館","https://www.city.toyoake.lg.jp/15370.htm","南部（前後駅前）公民館/豊明市 --> 本文へ移動 南部（前後駅前）公民館 スマートフォン用ツール メニュー表示 自動翻訳 English 中文 Portgues Tiếng Việt Foreign language 背景変更 標準 黒 補助機能 ふりがな 文字拡大 元に戻す サイトマップ パソコン画面表示 ページの末尾へ くらし 妊娠・出産 子育て 学校教育 結婚・離婚 引越し・住まい 就職・退職 高齢者・介護 おくやみ 戸籍・住民票・印鑑登録 税 国民健康保険 国民年金 水道 交通 駐車・駐輪 都市計画 産業・事業 ごみ・環境保全 ペット 福祉 障がい者支援 消費生活 健康・医療 文化・"
"豊明市","23229","44","200","保育所等の空き状況","https://www.city.toyoake.lg.jp/15663.htm","保育所等の空き状況/豊明市 --> 本文へ移動 保育所等の空き状況 スマートフォン用ツール メニュー表示 自動翻訳 English 中文 Portgues Tiếng Việt Foreign language 背景変更 標準 黒 補助機能 ふりがな 文字拡大 元に戻す サイトマップ パソコン画面表示 ページの末尾へ くらし 妊娠・出産 子育て 学校教育 結婚・離婚 引越し・住まい 就職・退職 高齢者・介護 おくやみ 戸籍・住民票・印鑑登録 税 国民健康保険 国民年金 水道 交通 駐車・駐輪 都市計画 産業・事業 ごみ・環境保全 ペット 福祉 障がい者支援 消費生活 健康・医療 文化・スポーツ"
"豊明市","23229","44","200","保育所等の事業者公募","https://www.city.toyoake.lg.jp/15976.htm","保育所等の事業者公募/豊明市 --> 本文へ移動 保育所等の事業者公募 スマートフォン用ツール メニュー表示 自動翻訳 English 中文 Portgues Tiếng Việt Foreign language 背景変更 標準 黒 補助機能 ふりがな 文字拡大 元に戻す サイトマップ パソコン画面表示 ページの末尾へ くらし 妊娠・出産 子育て 学校教育 結婚・離婚 引越し・住まい 就職・退職 高齢者・介護 おくやみ 戸籍・住民票・印鑑登録 税 国民健康保険 国民年金 水道 交通 駐車・駐輪 都市計画 産業・事業 ごみ・環境保全 ペット 福祉 障がい者支援 消費生活 健康・医療 文化・スポ"
"豊明市","23229","44","200","教育委員会","https://www.city.toyoake.lg.jp/1638.htm","教育委員会/豊明市 --> 本文へ移動 教育委員会 スマートフォン用ツール メニュー表示 自動翻訳 English 中文 Portgues Tiếng Việt Foreign language 背景変更 標準 黒 補助機能 ふりがな 文字拡大 元に戻す サイトマップ パソコン画面表示 ページの末尾へ くらし 妊娠・出産 子育て 学校教育 結婚・離婚 引越し・住まい 就職・退職 高齢者・介護 おくやみ 戸籍・住民票・印鑑登録 税 国民健康保険 国民年金 水道 交通 駐車・駐輪 都市計画 産業・事業 ごみ・環境保全 ペット 福祉 障がい者支援 消費生活 健康・医療 文化・スポーツ・生涯学習 市民"
"豊明市","23229","44","200","愛知教育大学との連携に関する覚書","https://www.city.toyoake.lg.jp/1641.htm","愛知教育大学との連携に関する覚書/豊明市 --> 本文へ移動 愛知教育大学との連携に関する覚書 スマートフォン用ツール メニュー表示 自動翻訳 English 中文 Portgues Tiếng Việt Foreign language 背景変更 標準 黒 補助機能 ふりがな 文字拡大 元に戻す サイトマップ パソコン画面表示 ページの末尾へ くらし 妊娠・出産 子育て 学校教育 結婚・離婚 引越し・住まい 就職・退職 高齢者・介護 おくやみ 戸籍・住民票・印鑑登録 税 国民健康保険 国民年金 水道 交通 駐車・駐輪 都市計画 産業・事業 ごみ・環境保全 ペット 福祉 障がい者支援 消費生活"
"豊明市","23229","44","200","教育機関リンク","https://www.city.toyoake.lg.jp/1642.htm","教育機関リンク/豊明市 --> 本文へ移動 教育機関リンク スマートフォン用ツール メニュー表示 自動翻訳 English 中文 Portgues Tiếng Việt Foreign language 背景変更 標準 黒 補助機能 ふりがな 文字拡大 元に戻す サイトマップ パソコン画面表示 ページの末尾へ くらし 妊娠・出産 子育て 学校教育 結婚・離婚 引越し・住まい 就職・退職 高齢者・介護 おくやみ 戸籍・住民票・印鑑登録 税 国民健康保険 国民年金 水道 交通 駐車・駐輪 都市計画 産業・事業 ごみ・環境保全 ペット 福祉 障がい者支援 消費生活 健康・医療 文化・スポーツ・生涯学"
"豊明市","23229","44","200","産業・事業","https://www.city.toyoake.lg.jp/1807.htm","産業・事業/豊明市 --> 本文へ移動 産業・事業 スマートフォン用ツール メニュー表示 自動翻訳 English 中文 Portgues Tiếng Việt Foreign language 背景変更 標準 黒 補助機能 ふりがな 文字拡大 元に戻す サイトマップ パソコン画面表示 ページの末尾へ くらし 妊娠・出産 子育て 学校教育 結婚・離婚 引越し・住まい 就職・退職 高齢者・介護 おくやみ 戸籍・住民票・印鑑登録 税 国民健康保険 国民年金 水道 交通 駐車・駐輪 都市計画 産業・事業 ごみ・環境保全 ペット 福祉 障がい者支援 消費生活 健康・医療 文化・スポーツ・生涯学習 市民"
"豊明市","23229","44","200","届出・手続き","https://www.city.toyoake.lg.jp/1808.htm","届出・手続き/豊明市 --> 本文へ移動 届出・手続き スマートフォン用ツール メニュー表示 自動翻訳 English 中文 Portgues Tiếng Việt Foreign language 背景変更 標準 黒 補助機能 ふりがな 文字拡大 元に戻す サイトマップ パソコン画面表示 ページの末尾へ くらし 妊娠・出産 子育て 学校教育 結婚・離婚 引越し・住まい 就職・退職 高齢者・介護 おくやみ 戸籍・住民票・印鑑登録 税 国民健康保険 国民年金 水道 交通 駐車・駐輪 都市計画 産業・事業 ごみ・環境保全 ペット 福祉 障がい者支援 消費生活 健康・医療 文化・スポーツ・生涯学習 "
"豊明市","23229","44","200","保育所・保育サービス","https://www.city.toyoake.lg.jp/1811.htm","保育所・保育サービス/豊明市 --> 本文へ移動 保育所・保育サービス スマートフォン用ツール メニュー表示 自動翻訳 English 中文 Portgues Tiếng Việt Foreign language 背景変更 標準 黒 補助機能 ふりがな 文字拡大 元に戻す サイトマップ パソコン画面表示 ページの末尾へ くらし 妊娠・出産 子育て 学校教育 結婚・離婚 引越し・住まい 就職・退職 高齢者・介護 おくやみ 戸籍・住民票・印鑑登録 税 国民健康保険 国民年金 水道 交通 駐車・駐輪 都市計画 産業・事業 ごみ・環境保全 ペット 福祉 障がい者支援 消費生活 健康・医療 文化・スポ"
"豊明市","23229","44","200","魅力発信","https://www.city.toyoake.lg.jp/1817.htm","魅力発信/豊明市 --> 本文へ移動 魅力発信 スマートフォン用ツール メニュー表示 自動翻訳 English 中文 Portgues Tiếng Việt Foreign language 背景変更 標準 黒 補助機能 ふりがな 文字拡大 元に戻す サイトマップ パソコン画面表示 ページの末尾へ くらし 妊娠・出産 子育て 学校教育 結婚・離婚 引越し・住まい 就職・退職 高齢者・介護 おくやみ 戸籍・住民票・印鑑登録 税 国民健康保険 国民年金 水道 交通 駐車・駐輪 都市計画 産業・事業 ごみ・環境保全 ペット 福祉 障がい者支援 消費生活 健康・医療 文化・スポーツ・生涯学習 市民活動"
"豊明市","23229","44","200","市内の保育所・保育サービス","https://www.city.toyoake.lg.jp/1839.htm","市内の保育所・保育サービス/豊明市 --> 本文へ移動 市内の保育所・保育サービス スマートフォン用ツール メニュー表示 自動翻訳 English 中文 Portgues Tiếng Việt Foreign language 背景変更 標準 黒 補助機能 ふりがな 文字拡大 元に戻す サイトマップ パソコン画面表示 ページの末尾へ くらし 妊娠・出産 子育て 学校教育 結婚・離婚 引越し・住まい 就職・退職 高齢者・介護 おくやみ 戸籍・住民票・印鑑登録 税 国民健康保険 国民年金 水道 交通 駐車・駐輪 都市計画 産業・事業 ごみ・環境保全 ペット 福祉 障がい者支援 消費生活 健康・医療"
"豊明市","23229","44","200","一時的な保育サービス","https://www.city.toyoake.lg.jp/1842.htm","一時的な保育サービス/豊明市 --> 本文へ移動 一時的な保育サービス スマートフォン用ツール メニュー表示 自動翻訳 English 中文 Portgues Tiếng Việt Foreign language 背景変更 標準 黒 補助機能 ふりがな 文字拡大 元に戻す サイトマップ パソコン画面表示 ページの末尾へ くらし 妊娠・出産 子育て 学校教育 結婚・離婚 引越し・住まい 就職・退職 高齢者・介護 おくやみ 戸籍・住民票・印鑑登録 税 国民健康保険 国民年金 水道 交通 駐車・駐輪 都市計画 産業・事業 ごみ・環境保全 ペット 福祉 障がい者支援 消費生活 健康・医療 文化・スポ"
"豊明市","23229","44","200","病院・救急の時の連絡先","https://www.city.toyoake.lg.jp/1855.htm","病院・救急の時の連絡先/豊明市 --> 本文へ移動 病院・救急の時の連絡先 スマートフォン用ツール メニュー表示 自動翻訳 English 中文 Portgues Tiếng Việt Foreign language 背景変更 標準 黒 補助機能 ふりがな 文字拡大 元に戻す サイトマップ パソコン画面表示 ページの末尾へ くらし 妊娠・出産 子育て 学校教育 結婚・離婚 引越し・住まい 就職・退職 高齢者・介護 おくやみ 戸籍・住民票・印鑑登録 税 国民健康保険 国民年金 水道 交通 駐車・駐輪 都市計画 産業・事業 ごみ・環境保全 ペット 福祉 障がい者支援 消費生活 健康・医療 文化・"
"豊明市","23229","44","200","相談・問合せ","https://www.city.toyoake.lg.jp/1856.htm","相談・問合せ/豊明市 --> 本文へ移動 相談・問合せ スマートフォン用ツール メニュー表示 自動翻訳 English 中文 Portgues Tiếng Việt Foreign language 背景変更 標準 黒 補助機能 ふりがな 文字拡大 元に戻す サイトマップ パソコン画面表示 ページの末尾へ くらし 妊娠・出産 子育て 学校教育 結婚・離婚 引越し・住まい 就職・退職 高齢者・介護 おくやみ 戸籍・住民票・印鑑登録 税 国民健康保険 国民年金 水道 交通 駐車・駐輪 都市計画 産業・事業 ごみ・環境保全 ペット 福祉 障がい者支援 消費生活 健康・医療 文化・スポーツ・生涯学習 "
"豊明市","23229","44","200","災害情報・防災情報の提供","https://www.city.toyoake.lg.jp/18632.htm","災害情報・防災情報の提供/豊明市 --> 本文へ移動 災害情報・防災情報の提供 スマートフォン用ツール メニュー表示 自動翻訳 English 中文 Portgues Tiếng Việt Foreign language 背景変更 標準 黒 補助機能 ふりがな 文字拡大 元に戻す サイトマップ パソコン画面表示 ページの末尾へ くらし 妊娠・出産 子育て 学校教育 結婚・離婚 引越し・住まい 就職・退職 高齢者・介護 おくやみ 戸籍・住民票・印鑑登録 税 国民健康保険 国民年金 水道 交通 駐車・駐輪 都市計画 産業・事業 ごみ・環境保全 ペット 福祉 障がい者支援 消費生活 健康・医療 文"
"豊明市","23229","44","200","学校給食","https://www.city.toyoake.lg.jp/1878.htm","学校給食/豊明市 --> 本文へ移動 学校給食 スマートフォン用ツール メニュー表示 自動翻訳 English 中文 Portgues Tiếng Việt Foreign language 背景変更 標準 黒 補助機能 ふりがな 文字拡大 元に戻す サイトマップ パソコン画面表示 ページの末尾へ くらし 妊娠・出産 子育て 学校教育 結婚・離婚 引越し・住まい 就職・退職 高齢者・介護 おくやみ 戸籍・住民票・印鑑登録 税 国民健康保険 国民年金 水道 交通 駐車・駐輪 都市計画 産業・事業 ごみ・環境保全 ペット 福祉 障がい者支援 消費生活 健康・医療 文化・スポーツ・生涯学習 市民活動"
"豊明市","23229","44","200","市の取り組み","https://www.city.toyoake.lg.jp/1880.htm","市の取り組み/豊明市 --> 本文へ移動 市の取り組み スマートフォン用ツール メニュー表示 自動翻訳 English 中文 Portgues Tiếng Việt Foreign language 背景変更 標準 黒 補助機能 ふりがな 文字拡大 元に戻す サイトマップ パソコン画面表示 ページの末尾へ くらし 妊娠・出産 子育て 学校教育 結婚・離婚 引越し・住まい 就職・退職 高齢者・介護 おくやみ 戸籍・住民票・印鑑登録 税 国民健康保険 国民年金 水道 交通 駐車・駐輪 都市計画 産業・事業 ごみ・環境保全 ペット 福祉 障がい者支援 消費生活 健康・医療 文化・スポーツ・生涯学習 "
"豊明市","23229","44","200","転校の手続き","https://www.city.toyoake.lg.jp/1882.htm","転校の手続き/豊明市 --> 本文へ移動 転校の手続き スマートフォン用ツール メニュー表示 自動翻訳 English 中文 Portgues Tiếng Việt Foreign language 背景変更 標準 黒 補助機能 ふりがな 文字拡大 元に戻す サイトマップ パソコン画面表示 ページの末尾へ くらし 妊娠・出産 子育て 学校教育 結婚・離婚 引越し・住まい 就職・退職 高齢者・介護 おくやみ 戸籍・住民票・印鑑登録 税 国民健康保険 国民年金 水道 交通 駐車・駐輪 都市計画 産業・事業 ごみ・環境保全 ペット 福祉 障がい者支援 消費生活 健康・医療 文化・スポーツ・生涯学習 "
"豊明市","23229","44","200","就学児の健康","https://www.city.toyoake.lg.jp/1883.htm","就学児の健康/豊明市 --> 本文へ移動 就学児の健康 スマートフォン用ツール メニュー表示 自動翻訳 English 中文 Portgues Tiếng Việt Foreign language 背景変更 標準 黒 補助機能 ふりがな 文字拡大 元に戻す サイトマップ パソコン画面表示 ページの末尾へ くらし 妊娠・出産 子育て 学校教育 結婚・離婚 引越し・住まい 就職・退職 高齢者・介護 おくやみ 戸籍・住民票・印鑑登録 税 国民健康保険 国民年金 水道 交通 駐車・駐輪 都市計画 産業・事業 ごみ・環境保全 ペット 福祉 障がい者支援 消費生活 健康・医療 文化・スポーツ・生涯学習 "
"豊明市","23229","44","200","相談・問合せ","https://www.city.toyoake.lg.jp/1886.htm","相談・問合せ/豊明市 --> 本文へ移動 相談・問合せ スマートフォン用ツール メニュー表示 自動翻訳 English 中文 Portgues Tiếng Việt Foreign language 背景変更 標準 黒 補助機能 ふりがな 文字拡大 元に戻す サイトマップ パソコン画面表示 ページの末尾へ くらし 妊娠・出産 子育て 学校教育 結婚・離婚 引越し・住まい 就職・退職 高齢者・介護 おくやみ 戸籍・住民票・印鑑登録 税 国民健康保険 国民年金 水道 交通 駐車・駐輪 都市計画 産業・事業 ごみ・環境保全 ペット 福祉 障がい者支援 消費生活 健康・医療 文化・スポーツ・生涯学習 "
"豊明市","23229","44","200","非常勤一般職・講師登録","https://www.city.toyoake.lg.jp/1887.htm","非常勤一般職・講師登録/豊明市 --> 本文へ移動 非常勤一般職・講師登録 スマートフォン用ツール メニュー表示 自動翻訳 English 中文 Portgues Tiếng Việt Foreign language 背景変更 標準 黒 補助機能 ふりがな 文字拡大 元に戻す サイトマップ パソコン画面表示 ページの末尾へ くらし 妊娠・出産 子育て 学校教育 結婚・離婚 引越し・住まい 就職・退職 高齢者・介護 おくやみ 戸籍・住民票・印鑑登録 税 国民健康保険 国民年金 水道 交通 駐車・駐輪 都市計画 産業・事業 ごみ・環境保全 ペット 福祉 障がい者支援 消費生活 健康・医療 文化・"
"豊明市","23229","44","200","その他","https://www.city.toyoake.lg.jp/1888.htm","その他/豊明市 --> 本文へ移動 その他 スマートフォン用ツール メニュー表示 自動翻訳 English 中文 Portgues Tiếng Việt Foreign language 背景変更 標準 黒 補助機能 ふりがな 文字拡大 元に戻す サイトマップ パソコン画面表示 ページの末尾へ くらし 妊娠・出産 子育て 学校教育 結婚・離婚 引越し・住まい 就職・退職 高齢者・介護 おくやみ 戸籍・住民票・印鑑登録 税 国民健康保険 国民年金 水道 交通 駐車・駐輪 都市計画 産業・事業 ごみ・環境保全 ペット 福祉 障がい者支援 消費生活 健康・医療 文化・スポーツ・生涯学習 市民活動・コ"
"豊明市","23229","44","200","戸籍などの届出","https://www.city.toyoake.lg.jp/1901.htm","戸籍などの届出/豊明市 --> 本文へ移動 戸籍などの届出 スマートフォン用ツール メニュー表示 自動翻訳 English 中文 Portgues Tiếng Việt Foreign language 背景変更 標準 黒 補助機能 ふりがな 文字拡大 元に戻す サイトマップ パソコン画面表示 ページの末尾へ くらし 妊娠・出産 子育て 学校教育 結婚・離婚 引越し・住まい 就職・退職 高齢者・介護 おくやみ 戸籍・住民票・印鑑登録 税 国民健康保険 国民年金 水道 交通 駐車・駐輪 都市計画 産業・事業 ごみ・環境保全 ペット 福祉 障がい者支援 消費生活 健康・医療 文化・スポーツ・生涯学"
"豊明市","23229","44","200","相談・問合せ","https://www.city.toyoake.lg.jp/1911.htm","相談・問合せ/豊明市 --> 本文へ移動 相談・問合せ スマートフォン用ツール メニュー表示 自動翻訳 English 中文 Portgues Tiếng Việt Foreign language 背景変更 標準 黒 補助機能 ふりがな 文字拡大 元に戻す サイトマップ パソコン画面表示 ページの末尾へ くらし 妊娠・出産 子育て 学校教育 結婚・離婚 引越し・住まい 就職・退職 高齢者・介護 おくやみ 戸籍・住民票・印鑑登録 税 国民健康保険 国民年金 水道 交通 駐車・駐輪 都市計画 産業・事業 ごみ・環境保全 ペット 福祉 障がい者支援 消費生活 健康・医療 文化・スポーツ・生涯学習 "
"豊明市","23229","44","200","引越し","https://www.city.toyoake.lg.jp/1914.htm","引越し/豊明市 --> 本文へ移動 引越し スマートフォン用ツール メニュー表示 自動翻訳 English 中文 Portgues Tiếng Việt Foreign language 背景変更 標準 黒 補助機能 ふりがな 文字拡大 元に戻す サイトマップ パソコン画面表示 ページの末尾へ くらし 妊娠・出産 子育て 学校教育 結婚・離婚 引越し・住まい 就職・退職 高齢者・介護 おくやみ 戸籍・住民票・印鑑登録 税 国民健康保険 国民年金 水道 交通 駐車・駐輪 都市計画 産業・事業 ごみ・環境保全 ペット 福祉 障がい者支援 消費生活 健康・医療 文化・スポーツ・生涯学習 市民活動・コ"
"豊明市","23229","44","200","住まい","https://www.city.toyoake.lg.jp/1915.htm","住まい/豊明市 --> 本文へ移動 住まい スマートフォン用ツール メニュー表示 自動翻訳 English 中文 Portgues Tiếng Việt Foreign language 背景変更 標準 黒 補助機能 ふりがな 文字拡大 元に戻す サイトマップ パソコン画面表示 ページの末尾へ くらし 妊娠・出産 子育て 学校教育 結婚・離婚 引越し・住まい 就職・退職 高齢者・介護 おくやみ 戸籍・住民票・印鑑登録 税 国民健康保険 国民年金 水道 交通 駐車・駐輪 都市計画 産業・事業 ごみ・環境保全 ペット 福祉 障がい者支援 消費生活 健康・医療 文化・スポーツ・生涯学習 市民活動・コ"
"豊明市","23229","44","200","求職者向けの職業相談・職業紹介","https://www.city.toyoake.lg.jp/1942.htm","求職者向けの職業相談・職業紹介/豊明市 --> 本文へ移動 求職者向けの職業相談・職業紹介 スマートフォン用ツール メニュー表示 自動翻訳 English 中文 Portgues Tiếng Việt Foreign language 背景変更 標準 黒 補助機能 ふりがな 文字拡大 元に戻す サイトマップ パソコン画面表示 ページの末尾へ くらし 妊娠・出産 子育て 学校教育 結婚・離婚 引越し・住まい 就職・退職 高齢者・介護 おくやみ 戸籍・住民票・印鑑登録 税 国民健康保険 国民年金 水道 交通 駐車・駐輪 都市計画 産業・事業 ごみ・環境保全 ペット 福祉 障がい者支援 消費生活 健"
"豊明市","23229","44","200","働いている方向けの相談窓口","https://www.city.toyoake.lg.jp/1943.htm","働いている方向けの相談窓口/豊明市 --> 本文へ移動 働いている方向けの相談窓口 スマートフォン用ツール メニュー表示 自動翻訳 English 中文 Portgues Tiếng Việt Foreign language 背景変更 標準 黒 補助機能 ふりがな 文字拡大 元に戻す サイトマップ パソコン画面表示 ページの末尾へ くらし 妊娠・出産 子育て 学校教育 結婚・離婚 引越し・住まい 就職・退職 高齢者・介護 おくやみ 戸籍・住民票・印鑑登録 税 国民健康保険 国民年金 水道 交通 駐車・駐輪 都市計画 産業・事業 ごみ・環境保全 ペット 福祉 障がい者支援 消費生活 健康・医療"
"豊明市","23229","44","200","セミナーやスキルアップ講習","https://www.city.toyoake.lg.jp/1944.htm","セミナーやスキルアップ講習/豊明市 --> 本文へ移動 セミナーやスキルアップ講習 スマートフォン用ツール メニュー表示 自動翻訳 English 中文 Portgues Tiếng Việt Foreign language 背景変更 標準 黒 補助機能 ふりがな 文字拡大 元に戻す サイトマップ パソコン画面表示 ページの末尾へ くらし 妊娠・出産 子育て 学校教育 結婚・離婚 引越し・住まい 就職・退職 高齢者・介護 おくやみ 戸籍・住民票・印鑑登録 税 国民健康保険 国民年金 水道 交通 駐車・駐輪 都市計画 産業・事業 ごみ・環境保全 ペット 福祉 障がい者支援 消費生活 健康・医療"
"豊明市","23229","44","200","就職・退職に関する経済的支援","https://www.city.toyoake.lg.jp/1945.htm","就職・退職に関する経済的支援/豊明市 --> 本文へ移動 就職・退職に関する経済的支援 スマートフォン用ツール メニュー表示 自動翻訳 English 中文 Portgues Tiếng Việt Foreign language 背景変更 標準 黒 補助機能 ふりがな 文字拡大 元に戻す サイトマップ パソコン画面表示 ページの末尾へ くらし 妊娠・出産 子育て 学校教育 結婚・離婚 引越し・住まい 就職・退職 高齢者・介護 おくやみ 戸籍・住民票・印鑑登録 税 国民健康保険 国民年金 水道 交通 駐車・駐輪 都市計画 産業・事業 ごみ・環境保全 ペット 福祉 障がい者支援 消費生活 健康・"
"豊明市","23229","44","200","起業をしたい方・起業をしてまもない方","https://www.city.toyoake.lg.jp/1946.htm","起業をしたい方・起業をしてまもない方/豊明市 --> 本文へ移動 起業をしたい方・起業をしてまもない方 スマートフォン用ツール メニュー表示 自動翻訳 English 中文 Portgues Tiếng Việt Foreign language 背景変更 標準 黒 補助機能 ふりがな 文字拡大 元に戻す サイトマップ パソコン画面表示 ページの末尾へ くらし 妊娠・出産 子育て 学校教育 結婚・離婚 引越し・住まい 就職・退職 高齢者・介護 おくやみ 戸籍・住民票・印鑑登録 税 国民健康保険 国民年金 水道 交通 駐車・駐輪 都市計画 産業・事業 ごみ・環境保全 ペット 福祉 障がい者支援 "
"豊明市","23229","44","200","農林水産業の新規参入・再チャレンジ","https://www.city.toyoake.lg.jp/1947.htm","農林水産業の新規参入・再チャレンジ/豊明市 --> 本文へ移動 農林水産業の新規参入・再チャレンジ スマートフォン用ツール メニュー表示 自動翻訳 English 中文 Portgues Tiếng Việt Foreign language 背景変更 標準 黒 補助機能 ふりがな 文字拡大 元に戻す サイトマップ パソコン画面表示 ページの末尾へ くらし 妊娠・出産 子育て 学校教育 結婚・離婚 引越し・住まい 就職・退職 高齢者・介護 おくやみ 戸籍・住民票・印鑑登録 税 国民健康保険 国民年金 水道 交通 駐車・駐輪 都市計画 産業・事業 ごみ・環境保全 ペット 福祉 障がい者支援 消費"
"豊明市","23229","44","200","経済・交通・住まいなどの多様なサポート","https://www.city.toyoake.lg.jp/1966.htm","経済・交通・住まいなどの多様なサポート/豊明市 --> 本文へ移動 経済・交通・住まいなどの多様なサポート スマートフォン用ツール メニュー表示 自動翻訳 English 中文 Portgues Tiếng Việt Foreign language 背景変更 標準 黒 補助機能 ふりがな 文字拡大 元に戻す サイトマップ パソコン画面表示 ページの末尾へ くらし 妊娠・出産 子育て 学校教育 結婚・離婚 引越し・住まい 就職・退職 高齢者・介護 おくやみ 戸籍・住民票・印鑑登録 税 国民健康保険 国民年金 水道 交通 駐車・駐輪 都市計画 産業・事業 ごみ・環境保全 ペット 福祉 障がい者支"
"豊明市","23229","44","200","財産管理などが心配な方へ","https://www.city.toyoake.lg.jp/1967.htm","財産管理などが心配な方へ/豊明市 --> 本文へ移動 財産管理などが心配な方へ スマートフォン用ツール メニュー表示 自動翻訳 English 中文 Portgues Tiếng Việt Foreign language 背景変更 標準 黒 補助機能 ふりがな 文字拡大 元に戻す サイトマップ パソコン画面表示 ページの末尾へ くらし 妊娠・出産 子育て 学校教育 結婚・離婚 引越し・住まい 就職・退職 高齢者・介護 おくやみ 戸籍・住民票・印鑑登録 税 国民健康保険 国民年金 水道 交通 駐車・駐輪 都市計画 産業・事業 ごみ・環境保全 ペット 福祉 障がい者支援 消費生活 健康・医療 文"
"豊明市","23229","44","200","その他","https://www.city.toyoake.lg.jp/1968.htm","その他/豊明市 --> 本文へ移動 その他 スマートフォン用ツール メニュー表示 自動翻訳 English 中文 Portgues Tiếng Việt Foreign language 背景変更 標準 黒 補助機能 ふりがな 文字拡大 元に戻す サイトマップ パソコン画面表示 ページの末尾へ くらし 妊娠・出産 子育て 学校教育 結婚・離婚 引越し・住まい 就職・退職 高齢者・介護 おくやみ 戸籍・住民票・印鑑登録 税 国民健康保険 国民年金 水道 交通 駐車・駐輪 都市計画 産業・事業 ごみ・環境保全 ペット 福祉 障がい者支援 消費生活 健康・医療 文化・スポーツ・生涯学習 市民活動・コ"
"豊明市","23229","44","200","パートタイム会計年度任用職員募集","https://www.city.toyoake.lg.jp/19986.htm","パートタイム会計年度任用職員募集/豊明市 --> 本文へ移動 パートタイム会計年度任用職員募集 スマートフォン用ツール メニュー表示 自動翻訳 English 中文 Portgues Tiếng Việt Foreign language 背景変更 標準 黒 補助機能 ふりがな 文字拡大 元に戻す サイトマップ パソコン画面表示 ページの末尾へ くらし 妊娠・出産 子育て 学校教育 結婚・離婚 引越し・住まい 就職・退職 高齢者・介護 おくやみ 戸籍・住民票・印鑑登録 税 国民健康保険 国民年金 水道 交通 駐車・駐輪 都市計画 産業・事業 ごみ・環境保全 ペット 福祉 障がい者支援 消費生活"
"豊明市","23229","44","200","とよあけ こどもまんなか まちづくり","https://www.city.toyoake.lg.jp/20320.htm","とよあけ こどもまんなか まちづくり/豊明市 --> 本文へ移動 とよあけ こどもまんなか まちづくり スマートフォン用ツール メニュー表示 自動翻訳 English 中文 Portgues Tiếng Việt Foreign language 背景変更 標準 黒 補助機能 ふりがな 文字拡大 元に戻す サイトマップ パソコン画面表示 ページの末尾へ くらし 妊娠・出産 子育て 学校教育 結婚・離婚 引越し・住まい 就職・退職 高齢者・介護 おくやみ 戸籍・住民票・印鑑登録 税 国民健康保険 国民年金 水道 交通 駐車・駐輪 都市計画 産業・事業 ごみ・環境保全 ペット 福祉 障がい者支援 "
"豊明市","23229","44","200","消費生活相談","https://www.city.toyoake.lg.jp/21713.htm","消費生活相談/豊明市 --> 本文へ移動 消費生活相談 スマートフォン用ツール メニュー表示 自動翻訳 English 中文 Portgues Tiếng Việt Foreign language 背景変更 標準 黒 補助機能 ふりがな 文字拡大 元に戻す サイトマップ パソコン画面表示 ページの末尾へ くらし 妊娠・出産 子育て 学校教育 結婚・離婚 引越し・住まい 就職・退職 高齢者・介護 おくやみ 戸籍・住民票・印鑑登録 税 国民健康保険 国民年金 水道 交通 駐車・駐輪 都市計画 産業・事業 ごみ・環境保全 ペット 福祉 障がい者支援 消費生活 健康・医療 文化・スポーツ・生涯学習 "
"豊明市","23229","44","200","戸籍などの届出","https://www.city.toyoake.lg.jp/2180.htm","戸籍などの届出/豊明市 --> 本文へ移動 戸籍などの届出 スマートフォン用ツール メニュー表示 自動翻訳 English 中文 Portgues Tiếng Việt Foreign language 背景変更 標準 黒 補助機能 ふりがな 文字拡大 元に戻す サイトマップ パソコン画面表示 ページの末尾へ くらし 妊娠・出産 子育て 学校教育 結婚・離婚 引越し・住まい 就職・退職 高齢者・介護 おくやみ 戸籍・住民票・印鑑登録 税 国民健康保険 国民年金 水道 交通 駐車・駐輪 都市計画 産業・事業 ごみ・環境保全 ペット 福祉 障がい者支援 消費生活 健康・医療 文化・スポーツ・生涯学"
"豊明市","23229","44","200","社会保険や税に関する手続き","https://www.city.toyoake.lg.jp/2182.htm","社会保険や税に関する手続き/豊明市 --> 本文へ移動 社会保険や税に関する手続き スマートフォン用ツール メニュー表示 自動翻訳 English 中文 Portgues Tiếng Việt Foreign language 背景変更 標準 黒 補助機能 ふりがな 文字拡大 元に戻す サイトマップ パソコン画面表示 ページの末尾へ くらし 妊娠・出産 子育て 学校教育 結婚・離婚 引越し・住まい 就職・退職 高齢者・介護 おくやみ 戸籍・住民票・印鑑登録 税 国民健康保険 国民年金 水道 交通 駐車・駐輪 都市計画 産業・事業 ごみ・環境保全 ペット 福祉 障がい者支援 消費生活 健康・医療"
"豊明市","23229","44","200","豊明市勅使墓園","https://www.city.toyoake.lg.jp/2187.htm","豊明市勅使墓園/豊明市 --> 本文へ移動 豊明市勅使墓園 スマートフォン用ツール メニュー表示 自動翻訳 English 中文 Portgues Tiếng Việt Foreign language 背景変更 標準 黒 補助機能 ふりがな 文字拡大 元に戻す サイトマップ パソコン画面表示 ページの末尾へ くらし 妊娠・出産 子育て 学校教育 結婚・離婚 引越し・住まい 就職・退職 高齢者・介護 おくやみ 戸籍・住民票・印鑑登録 税 国民健康保険 国民年金 水道 交通 駐車・駐輪 都市計画 産業・事業 ごみ・環境保全 ペット 福祉 障がい者支援 消費生活 健康・医療 文化・スポーツ・生涯学"
"豊明市","23229","44","200","電子申請・住基に関すること","https://www.city.toyoake.lg.jp/2192.htm","電子申請・住基に関すること/豊明市 --> 本文へ移動 電子申請・住基に関すること スマートフォン用ツール メニュー表示 自動翻訳 English 中文 Portgues Tiếng Việt Foreign language 背景変更 標準 黒 補助機能 ふりがな 文字拡大 元に戻す サイトマップ パソコン画面表示 ページの末尾へ くらし 妊娠・出産 子育て 学校教育 結婚・離婚 引越し・住まい 就職・退職 高齢者・介護 おくやみ 戸籍・住民票・印鑑登録 税 国民健康保険 国民年金 水道 交通 駐車・駐輪 都市計画 産業・事業 ごみ・環境保全 ペット 福祉 障がい者支援 消費生活 健康・医療"
"豊明市","23229","44","200","納税","https://www.city.toyoake.lg.jp/2205.htm","納税/豊明市 --> 本文へ移動 納税 スマートフォン用ツール メニュー表示 自動翻訳 English 中文 Portgues Tiếng Việt Foreign language 背景変更 標準 黒 補助機能 ふりがな 文字拡大 元に戻す サイトマップ パソコン画面表示 ページの末尾へ くらし 妊娠・出産 子育て 学校教育 結婚・離婚 引越し・住まい 就職・退職 高齢者・介護 おくやみ 戸籍・住民票・印鑑登録 税 国民健康保険 国民年金 水道 交通 駐車・駐輪 都市計画 産業・事業 ごみ・環境保全 ペット 福祉 障がい者支援 消費生活 健康・医療 文化・スポーツ・生涯学習 市民活動・コミュ"
"豊明市","23229","44","200","国民年金についてのお知らせ","https://www.city.toyoake.lg.jp/2220.htm","国民年金についてのお知らせ/豊明市 --> 本文へ移動 国民年金についてのお知らせ スマートフォン用ツール メニュー表示 自動翻訳 English 中文 Portgues Tiếng Việt Foreign language 背景変更 標準 黒 補助機能 ふりがな 文字拡大 元に戻す サイトマップ パソコン画面表示 ページの末尾へ くらし 妊娠・出産 子育て 学校教育 結婚・離婚 引越し・住まい 就職・退職 高齢者・介護 おくやみ 戸籍・住民票・印鑑登録 税 国民健康保険 国民年金 水道 交通 駐車・駐輪 都市計画 産業・事業 ごみ・環境保全 ペット 福祉 障がい者支援 消費生活 健康・医療"
"豊明市","23229","44","200","国民年金制度のしくみ","https://www.city.toyoake.lg.jp/2221.htm","国民年金制度のしくみ/豊明市 --> 本文へ移動 国民年金制度のしくみ スマートフォン用ツール メニュー表示 自動翻訳 English 中文 Portgues Tiếng Việt Foreign language 背景変更 標準 黒 補助機能 ふりがな 文字拡大 元に戻す サイトマップ パソコン画面表示 ページの末尾へ くらし 妊娠・出産 子育て 学校教育 結婚・離婚 引越し・住まい 就職・退職 高齢者・介護 おくやみ 戸籍・住民票・印鑑登録 税 国民健康保険 国民年金 水道 交通 駐車・駐輪 都市計画 産業・事業 ごみ・環境保全 ペット 福祉 障がい者支援 消費生活 健康・医療 文化・スポ"
"豊明市","23229","44","200","国民年金の届け出","https://www.city.toyoake.lg.jp/2222.htm","国民年金の届け出/豊明市 --> 本文へ移動 国民年金の届け出 スマートフォン用ツール メニュー表示 自動翻訳 English 中文 Portgues Tiếng Việt Foreign language 背景変更 標準 黒 補助機能 ふりがな 文字拡大 元に戻す サイトマップ パソコン画面表示 ページの末尾へ くらし 妊娠・出産 子育て 学校教育 結婚・離婚 引越し・住まい 就職・退職 高齢者・介護 おくやみ 戸籍・住民票・印鑑登録 税 国民健康保険 国民年金 水道 交通 駐車・駐輪 都市計画 産業・事業 ごみ・環境保全 ペット 福祉 障がい者支援 消費生活 健康・医療 文化・スポーツ・生"
"豊明市","23229","44","200","受給について","https://www.city.toyoake.lg.jp/2223.htm","受給について/豊明市 --> 本文へ移動 受給について スマートフォン用ツール メニュー表示 自動翻訳 English 中文 Portgues Tiếng Việt Foreign language 背景変更 標準 黒 補助機能 ふりがな 文字拡大 元に戻す サイトマップ パソコン画面表示 ページの末尾へ くらし 妊娠・出産 子育て 学校教育 結婚・離婚 引越し・住まい 就職・退職 高齢者・介護 おくやみ 戸籍・住民票・印鑑登録 税 国民健康保険 国民年金 水道 交通 駐車・駐輪 都市計画 産業・事業 ごみ・環境保全 ペット 福祉 障がい者支援 消費生活 健康・医療 文化・スポーツ・生涯学習 "
"豊明市","23229","44","200","保険料について","https://www.city.toyoake.lg.jp/2224.htm","保険料について/豊明市 --> 本文へ移動 保険料について スマートフォン用ツール メニュー表示 自動翻訳 English 中文 Portgues Tiếng Việt Foreign language 背景変更 標準 黒 補助機能 ふりがな 文字拡大 元に戻す サイトマップ パソコン画面表示 ページの末尾へ くらし 妊娠・出産 子育て 学校教育 結婚・離婚 引越し・住まい 就職・退職 高齢者・介護 おくやみ 戸籍・住民票・印鑑登録 税 国民健康保険 国民年金 水道 交通 駐車・駐輪 都市計画 産業・事業 ごみ・環境保全 ペット 福祉 障がい者支援 消費生活 健康・医療 文化・スポーツ・生涯学"
"豊明市","23229","44","200","その他","https://www.city.toyoake.lg.jp/2225.htm","その他/豊明市 --> 本文へ移動 その他 スマートフォン用ツール メニュー表示 自動翻訳 English 中文 Portgues Tiếng Việt Foreign language 背景変更 標準 黒 補助機能 ふりがな 文字拡大 元に戻す サイトマップ パソコン画面表示 ページの末尾へ くらし 妊娠・出産 子育て 学校教育 結婚・離婚 引越し・住まい 就職・退職 高齢者・介護 おくやみ 戸籍・住民票・印鑑登録 税 国民健康保険 国民年金 水道 交通 駐車・駐輪 都市計画 産業・事業 ごみ・環境保全 ペット 福祉 障がい者支援 消費生活 健康・医療 文化・スポーツ・生涯学習 市民活動・コ"
"豊明市","23229","44","200","お知らせ","https://www.city.toyoake.lg.jp/2232.htm","お知らせ/豊明市 --> 本文へ移動 お知らせ スマートフォン用ツール メニュー表示 自動翻訳 English 中文 Portgues Tiếng Việt Foreign language 背景変更 標準 黒 補助機能 ふりがな 文字拡大 元に戻す サイトマップ パソコン画面表示 ページの末尾へ くらし 妊娠・出産 子育て 学校教育 結婚・離婚 引越し・住まい 就職・退職 高齢者・介護 おくやみ 戸籍・住民票・印鑑登録 税 国民健康保険 国民年金 水道 交通 駐車・駐輪 都市計画 産業・事業 ごみ・環境保全 ペット 福祉 障がい者支援 消費生活 健康・医療 文化・スポーツ・生涯学習 市民活動"
"豊明市","23229","44","200","交通計画","https://www.city.toyoake.lg.jp/2235.htm","交通計画/豊明市 --> 本文へ移動 交通計画 スマートフォン用ツール メニュー表示 自動翻訳 English 中文 Portgues Tiếng Việt Foreign language 背景変更 標準 黒 補助機能 ふりがな 文字拡大 元に戻す サイトマップ パソコン画面表示 ページの末尾へ くらし 妊娠・出産 子育て 学校教育 結婚・離婚 引越し・住まい 就職・退職 高齢者・介護 おくやみ 戸籍・住民票・印鑑登録 税 国民健康保険 国民年金 水道 交通 駐車・駐輪 都市計画 産業・事業 ごみ・環境保全 ペット 福祉 障がい者支援 消費生活 健康・医療 文化・スポーツ・生涯学習 市民活動"
"豊明市","23229","44","200","特殊車両の通行許可","https://www.city.toyoake.lg.jp/2236.htm","特殊車両の通行許可/豊明市 --> 本文へ移動 特殊車両の通行許可 スマートフォン用ツール メニュー表示 自動翻訳 English 中文 Portgues Tiếng Việt Foreign language 背景変更 標準 黒 補助機能 ふりがな 文字拡大 元に戻す サイトマップ パソコン画面表示 ページの末尾へ くらし 妊娠・出産 子育て 学校教育 結婚・離婚 引越し・住まい 就職・退職 高齢者・介護 おくやみ 戸籍・住民票・印鑑登録 税 国民健康保険 国民年金 水道 交通 駐車・駐輪 都市計画 産業・事業 ごみ・環境保全 ペット 福祉 障がい者支援 消費生活 健康・医療 文化・スポーツ"
"豊明市","23229","44","200","放置自転車対策","https://www.city.toyoake.lg.jp/2244.htm","放置自転車対策/豊明市 --> 本文へ移動 放置自転車対策 スマートフォン用ツール メニュー表示 自動翻訳 English 中文 Portgues Tiếng Việt Foreign language 背景変更 標準 黒 補助機能 ふりがな 文字拡大 元に戻す サイトマップ パソコン画面表示 ページの末尾へ くらし 妊娠・出産 子育て 学校教育 結婚・離婚 引越し・住まい 就職・退職 高齢者・介護 おくやみ 戸籍・住民票・印鑑登録 税 国民健康保険 国民年金 水道 交通 駐車・駐輪 都市計画 産業・事業 ごみ・環境保全 ペット 福祉 障がい者支援 消費生活 健康・医療 文化・スポーツ・生涯学"
"豊明市","23229","44","200","相談窓口","https://www.city.toyoake.lg.jp/22609.htm","相談窓口/豊明市 --> 本文へ移動 相談窓口 スマートフォン用ツール メニュー表示 自動翻訳 English 中文 Portgues Tiếng Việt Foreign language 背景変更 標準 黒 補助機能 ふりがな 文字拡大 元に戻す サイトマップ パソコン画面表示 ページの末尾へ くらし 妊娠・出産 子育て 学校教育 結婚・離婚 引越し・住まい 就職・退職 高齢者・介護 おくやみ 戸籍・住民票・印鑑登録 税 国民健康保険 国民年金 水道 交通 駐車・駐輪 都市計画 産業・事業 ごみ・環境保全 ペット 福祉 障がい者支援 消費生活 健康・医療 文化・スポーツ・生涯学習 市民活動"
"豊明市","23229","44","200","豊明全市民参加型 物価高対策事業（とよあ券）","https://www.city.toyoake.lg.jp/22726.htm","豊明全市民参加型 物価高対策事業（とよあ券）/豊明市 --> 本文へ移動 豊明全市民参加型 物価高対策事業（とよあ券） スマートフォン用ツール メニュー表示 自動翻訳 English 中文 Portgues Tiếng Việt Foreign language 背景変更 標準 黒 補助機能 ふりがな 文字拡大 元に戻す サイトマップ パソコン画面表示 ページの末尾へ くらし 妊娠・出産 子育て 学校教育 結婚・離婚 引越し・住まい 就職・退職 高齢者・介護 おくやみ 戸籍・住民票・印鑑登録 税 国民健康保険 国民年金 水道 交通 駐車・駐輪 都市計画 産業・事業 ごみ・環境保全 ペット 福祉"
"豊明市","23229","44","200","勤労者の方","https://www.city.toyoake.lg.jp/2282.htm","勤労者の方/豊明市 --> 本文へ移動 勤労者の方 スマートフォン用ツール メニュー表示 自動翻訳 English 中文 Portgues Tiếng Việt Foreign language 背景変更 標準 黒 補助機能 ふりがな 文字拡大 元に戻す サイトマップ パソコン画面表示 ページの末尾へ くらし 妊娠・出産 子育て 学校教育 結婚・離婚 引越し・住まい 就職・退職 高齢者・介護 おくやみ 戸籍・住民票・印鑑登録 税 国民健康保険 国民年金 水道 交通 駐車・駐輪 都市計画 産業・事業 ごみ・環境保全 ペット 福祉 障がい者支援 消費生活 健康・医療 文化・スポーツ・生涯学習 市民"
"豊明市","23229","44","200","国保・年金","https://www.city.toyoake.lg.jp/2288.htm","国保・年金/豊明市 --> 本文へ移動 国保・年金 スマートフォン用ツール メニュー表示 自動翻訳 English 中文 Portgues Tiếng Việt Foreign language 背景変更 標準 黒 補助機能 ふりがな 文字拡大 元に戻す サイトマップ パソコン画面表示 ページの末尾へ くらし 妊娠・出産 子育て 学校教育 結婚・離婚 引越し・住まい 就職・退職 高齢者・介護 おくやみ 戸籍・住民票・印鑑登録 税 国民健康保険 国民年金 水道 交通 駐車・駐輪 都市計画 産業・事業 ごみ・環境保全 ペット 福祉 障がい者支援 消費生活 健康・医療 文化・スポーツ・生涯学習 市民"
"豊明市","23229","44","200","福祉政策、地域福祉（自治体の計画関連）","https://www.city.toyoake.lg.jp/2291.htm","福祉政策、地域福祉（自治体の計画関連）/豊明市 --> 本文へ移動 福祉政策、地域福祉（自治体の計画関連） スマートフォン用ツール メニュー表示 自動翻訳 English 中文 Portgues Tiếng Việt Foreign language 背景変更 標準 黒 補助機能 ふりがな 文字拡大 元に戻す サイトマップ パソコン画面表示 ページの末尾へ くらし 妊娠・出産 子育て 学校教育 結婚・離婚 引越し・住まい 就職・退職 高齢者・介護 おくやみ 戸籍・住民票・印鑑登録 税 国民健康保険 国民年金 水道 交通 駐車・駐輪 都市計画 産業・事業 ごみ・環境保全 ペット 福祉 障がい者支"
"豊明市","23229","44","200","手帳の交付・各種サービスを受ける","https://www.city.toyoake.lg.jp/2295.htm","手帳の交付・各種サービスを受ける/豊明市 --> 本文へ移動 手帳の交付・各種サービスを受ける スマートフォン用ツール メニュー表示 自動翻訳 English 中文 Portgues Tiếng Việt Foreign language 背景変更 標準 黒 補助機能 ふりがな 文字拡大 元に戻す サイトマップ パソコン画面表示 ページの末尾へ くらし 妊娠・出産 子育て 学校教育 結婚・離婚 引越し・住まい 就職・退職 高齢者・介護 おくやみ 戸籍・住民票・印鑑登録 税 国民健康保険 国民年金 水道 交通 駐車・駐輪 都市計画 産業・事業 ごみ・環境保全 ペット 福祉 障がい者支援 消費生活"
"豊明市","23229","44","200","医療を受ける","https://www.city.toyoake.lg.jp/2296.htm","医療を受ける/豊明市 --> 本文へ移動 医療を受ける スマートフォン用ツール メニュー表示 自動翻訳 English 中文 Portgues Tiếng Việt Foreign language 背景変更 標準 黒 補助機能 ふりがな 文字拡大 元に戻す サイトマップ パソコン画面表示 ページの末尾へ くらし 妊娠・出産 子育て 学校教育 結婚・離婚 引越し・住まい 就職・退職 高齢者・介護 おくやみ 戸籍・住民票・印鑑登録 税 国民健康保険 国民年金 水道 交通 駐車・駐輪 都市計画 産業・事業 ごみ・環境保全 ペット 福祉 障がい者支援 消費生活 健康・医療 文化・スポーツ・生涯学習 "
"豊明市","23229","44","200","日常生活のお手伝いを受ける","https://www.city.toyoake.lg.jp/2298.htm","日常生活のお手伝いを受ける/豊明市 --> 本文へ移動 日常生活のお手伝いを受ける スマートフォン用ツール メニュー表示 自動翻訳 English 中文 Portgues Tiếng Việt Foreign language 背景変更 標準 黒 補助機能 ふりがな 文字拡大 元に戻す サイトマップ パソコン画面表示 ページの末尾へ くらし 妊娠・出産 子育て 学校教育 結婚・離婚 引越し・住まい 就職・退職 高齢者・介護 おくやみ 戸籍・住民票・印鑑登録 税 国民健康保険 国民年金 水道 交通 駐車・駐輪 都市計画 産業・事業 ごみ・環境保全 ペット 福祉 障がい者支援 消費生活 健康・医療"
"豊明市","23229","44","200","自立に向けて訓練を受ける","https://www.city.toyoake.lg.jp/2302.htm","自立に向けて訓練を受ける/豊明市 --> 本文へ移動 自立に向けて訓練を受ける スマートフォン用ツール メニュー表示 自動翻訳 English 中文 Portgues Tiếng Việt Foreign language 背景変更 標準 黒 補助機能 ふりがな 文字拡大 元に戻す サイトマップ パソコン画面表示 ページの末尾へ くらし 妊娠・出産 子育て 学校教育 結婚・離婚 引越し・住まい 就職・退職 高齢者・介護 おくやみ 戸籍・住民票・印鑑登録 税 国民健康保険 国民年金 水道 交通 駐車・駐輪 都市計画 産業・事業 ごみ・環境保全 ペット 福祉 障がい者支援 消費生活 健康・医療 文"
"豊明市","23229","44","200","社会参加のお手伝いを受ける","https://www.city.toyoake.lg.jp/2317.htm","社会参加のお手伝いを受ける/豊明市 --> 本文へ移動 社会参加のお手伝いを受ける スマートフォン用ツール メニュー表示 自動翻訳 English 中文 Portgues Tiếng Việt Foreign language 背景変更 標準 黒 補助機能 ふりがな 文字拡大 元に戻す サイトマップ パソコン画面表示 ページの末尾へ くらし 妊娠・出産 子育て 学校教育 結婚・離婚 引越し・住まい 就職・退職 高齢者・介護 おくやみ 戸籍・住民票・印鑑登録 税 国民健康保険 国民年金 水道 交通 駐車・駐輪 都市計画 産業・事業 ごみ・環境保全 ペット 福祉 障がい者支援 消費生活 健康・医療"
"豊明市","23229","44","200","働きたい","https://www.city.toyoake.lg.jp/2318.htm","働きたい/豊明市 --> 本文へ移動 働きたい スマートフォン用ツール メニュー表示 自動翻訳 English 中文 Portgues Tiếng Việt Foreign language 背景変更 標準 黒 補助機能 ふりがな 文字拡大 元に戻す サイトマップ パソコン画面表示 ページの末尾へ くらし 妊娠・出産 子育て 学校教育 結婚・離婚 引越し・住まい 就職・退職 高齢者・介護 おくやみ 戸籍・住民票・印鑑登録 税 国民健康保険 国民年金 水道 交通 駐車・駐輪 都市計画 産業・事業 ごみ・環境保全 ペット 福祉 障がい者支援 消費生活 健康・医療 文化・スポーツ・生涯学習 市民活動"
"豊明市","23229","44","200","出かけたい","https://www.city.toyoake.lg.jp/2319.htm","出かけたい/豊明市 --> 本文へ移動 出かけたい スマートフォン用ツール メニュー表示 自動翻訳 English 中文 Portgues Tiếng Việt Foreign language 背景変更 標準 黒 補助機能 ふりがな 文字拡大 元に戻す サイトマップ パソコン画面表示 ページの末尾へ くらし 妊娠・出産 子育て 学校教育 結婚・離婚 引越し・住まい 就職・退職 高齢者・介護 おくやみ 戸籍・住民票・印鑑登録 税 国民健康保険 国民年金 水道 交通 駐車・駐輪 都市計画 産業・事業 ごみ・環境保全 ペット 福祉 障がい者支援 消費生活 健康・医療 文化・スポーツ・生涯学習 市民"
"豊明市","23229","44","200","消費生活情報","https://www.city.toyoake.lg.jp/2325.htm","消費生活情報/豊明市 --> 本文へ移動 消費生活情報 スマートフォン用ツール メニュー表示 自動翻訳 English 中文 Portgues Tiếng Việt Foreign language 背景変更 標準 黒 補助機能 ふりがな 文字拡大 元に戻す サイトマップ パソコン画面表示 ページの末尾へ くらし 妊娠・出産 子育て 学校教育 結婚・離婚 引越し・住まい 就職・退職 高齢者・介護 おくやみ 戸籍・住民票・印鑑登録 税 国民健康保険 国民年金 水道 交通 駐車・駐輪 都市計画 産業・事業 ごみ・環境保全 ペット 福祉 障がい者支援 消費生活 健康・医療 文化・スポーツ・生涯学習 "
"豊明市","23229","44","200","お知らせ","https://www.city.toyoake.lg.jp/2329.htm","お知らせ/豊明市 --> 本文へ移動 お知らせ スマートフォン用ツール メニュー表示 自動翻訳 English 中文 Portgues Tiếng Việt Foreign language 背景変更 標準 黒 補助機能 ふりがな 文字拡大 元に戻す サイトマップ パソコン画面表示 ページの末尾へ くらし 妊娠・出産 子育て 学校教育 結婚・離婚 引越し・住まい 就職・退職 高齢者・介護 おくやみ 戸籍・住民票・印鑑登録 税 国民健康保険 国民年金 水道 交通 駐車・駐輪 都市計画 産業・事業 ごみ・環境保全 ペット 福祉 障がい者支援 消費生活 健康・医療 文化・スポーツ・生涯学習 市民活動"
"豊明市","23229","44","200","国民健康保険","https://www.city.toyoake.lg.jp/2335.htm","国民健康保険/豊明市 --> 本文へ移動 国民健康保険 スマートフォン用ツール メニュー表示 自動翻訳 English 中文 Portgues Tiếng Việt Foreign language 背景変更 標準 黒 補助機能 ふりがな 文字拡大 元に戻す サイトマップ パソコン画面表示 ページの末尾へ くらし 妊娠・出産 子育て 学校教育 結婚・離婚 引越し・住まい 就職・退職 高齢者・介護 おくやみ 戸籍・住民票・印鑑登録 税 国民健康保険 国民年金 水道 交通 駐車・駐輪 都市計画 産業・事業 ごみ・環境保全 ペット 福祉 障がい者支援 消費生活 健康・医療 文化・スポーツ・生涯学習 "
"豊明市","23229","44","200","相談","https://www.city.toyoake.lg.jp/2338.htm","相談/豊明市 --> 本文へ移動 相談 スマートフォン用ツール メニュー表示 自動翻訳 English 中文 Portgues Tiếng Việt Foreign language 背景変更 標準 黒 補助機能 ふりがな 文字拡大 元に戻す サイトマップ パソコン画面表示 ページの末尾へ くらし 妊娠・出産 子育て 学校教育 結婚・離婚 引越し・住まい 就職・退職 高齢者・介護 おくやみ 戸籍・住民票・印鑑登録 税 国民健康保険 国民年金 水道 交通 駐車・駐輪 都市計画 産業・事業 ごみ・環境保全 ペット 福祉 障がい者支援 消費生活 健康・医療 文化・スポーツ・生涯学習 市民活動・コミュ"
"豊明市","23229","44","200","各種講座","https://www.city.toyoake.lg.jp/2346.htm","各種講座/豊明市 --> 本文へ移動 各種講座 スマートフォン用ツール メニュー表示 自動翻訳 English 中文 Portgues Tiếng Việt Foreign language 背景変更 標準 黒 補助機能 ふりがな 文字拡大 元に戻す サイトマップ パソコン画面表示 ページの末尾へ くらし 妊娠・出産 子育て 学校教育 結婚・離婚 引越し・住まい 就職・退職 高齢者・介護 おくやみ 戸籍・住民票・印鑑登録 税 国民健康保険 国民年金 水道 交通 駐車・駐輪 都市計画 産業・事業 ごみ・環境保全 ペット 福祉 障がい者支援 消費生活 健康・医療 文化・スポーツ・生涯学習 市民活動"
"豊明市","23229","44","200","トピックス（お知らせ）","https://www.city.toyoake.lg.jp/2357.htm","トピックス（お知らせ）/豊明市 --> 本文へ移動 トピックス（お知らせ） スマートフォン用ツール メニュー表示 自動翻訳 English 中文 Portgues Tiếng Việt Foreign language 背景変更 標準 黒 補助機能 ふりがな 文字拡大 元に戻す サイトマップ パソコン画面表示 ページの末尾へ くらし 妊娠・出産 子育て 学校教育 結婚・離婚 引越し・住まい 就職・退職 高齢者・介護 おくやみ 戸籍・住民票・印鑑登録 税 国民健康保険 国民年金 水道 交通 駐車・駐輪 都市計画 産業・事業 ごみ・環境保全 ペット 福祉 障がい者支援 消費生活 健康・医療 文化・"
"豊明市","23229","44","200","各種届出等","https://www.city.toyoake.lg.jp/2367.htm","各種届出等/豊明市 --> 本文へ移動 各種届出等 スマートフォン用ツール メニュー表示 自動翻訳 English 中文 Portgues Tiếng Việt Foreign language 背景変更 標準 黒 補助機能 ふりがな 文字拡大 元に戻す サイトマップ パソコン画面表示 ページの末尾へ くらし 妊娠・出産 子育て 学校教育 結婚・離婚 引越し・住まい 就職・退職 高齢者・介護 おくやみ 戸籍・住民票・印鑑登録 税 国民健康保険 国民年金 水道 交通 駐車・駐輪 都市計画 産業・事業 ごみ・環境保全 ペット 福祉 障がい者支援 消費生活 健康・医療 文化・スポーツ・生涯学習 市民"
"豊明市","23229","44","200","市役所本庁舎の開庁時間の変更について","https://www.city.toyoake.lg.jp/23839.htm","市役所本庁舎の開庁時間の変更について/豊明市 --> 本文へ移動 市役所本庁舎の開庁時間の変更について スマートフォン用ツール メニュー表示 自動翻訳 English 中文 Portgues Tiếng Việt Foreign language 背景変更 標準 黒 補助機能 ふりがな 文字拡大 元に戻す サイトマップ パソコン画面表示 ページの末尾へ くらし 妊娠・出産 子育て 学校教育 結婚・離婚 引越し・住まい 就職・退職 高齢者・介護 おくやみ 戸籍・住民票・印鑑登録 税 国民健康保険 国民年金 水道 交通 駐車・駐輪 都市計画 産業・事業 ごみ・環境保全 ペット 福祉 障がい者支援 "
"豊明市","23229","44","200","雇用・労働","https://www.city.toyoake.lg.jp/2387.htm","雇用・労働/豊明市 --> 本文へ移動 雇用・労働 スマートフォン用ツール メニュー表示 自動翻訳 English 中文 Portgues Tiếng Việt Foreign language 背景変更 標準 黒 補助機能 ふりがな 文字拡大 元に戻す サイトマップ パソコン画面表示 ページの末尾へ くらし 妊娠・出産 子育て 学校教育 結婚・離婚 引越し・住まい 就職・退職 高齢者・介護 おくやみ 戸籍・住民票・印鑑登録 税 国民健康保険 国民年金 水道 交通 駐車・駐輪 都市計画 産業・事業 ごみ・環境保全 ペット 福祉 障がい者支援 消費生活 健康・医療 文化・スポーツ・生涯学習 市民"
"豊明市","23229","44","200","産業振興","https://www.city.toyoake.lg.jp/2388.htm","産業振興/豊明市 --> 本文へ移動 産業振興 スマートフォン用ツール メニュー表示 自動翻訳 English 中文 Portgues Tiếng Việt Foreign language 背景変更 標準 黒 補助機能 ふりがな 文字拡大 元に戻す サイトマップ パソコン画面表示 ページの末尾へ くらし 妊娠・出産 子育て 学校教育 結婚・離婚 引越し・住まい 就職・退職 高齢者・介護 おくやみ 戸籍・住民票・印鑑登録 税 国民健康保険 国民年金 水道 交通 駐車・駐輪 都市計画 産業・事業 ごみ・環境保全 ペット 福祉 障がい者支援 消費生活 健康・医療 文化・スポーツ・生涯学習 市民活動"
"豊明市","23229","44","200","農業振興","https://www.city.toyoake.lg.jp/2389.htm","農業振興/豊明市 --> 本文へ移動 農業振興 スマートフォン用ツール メニュー表示 自動翻訳 English 中文 Portgues Tiếng Việt Foreign language 背景変更 標準 黒 補助機能 ふりがな 文字拡大 元に戻す サイトマップ パソコン画面表示 ページの末尾へ くらし 妊娠・出産 子育て 学校教育 結婚・離婚 引越し・住まい 就職・退職 高齢者・介護 おくやみ 戸籍・住民票・印鑑登録 税 国民健康保険 国民年金 水道 交通 駐車・駐輪 都市計画 産業・事業 ごみ・環境保全 ペット 福祉 障がい者支援 消費生活 健康・医療 文化・スポーツ・生涯学習 市民活動"
"豊明市","23229","44","200","事業所系ごみ","https://www.city.toyoake.lg.jp/2390.htm","事業所系ごみ/豊明市 --> 本文へ移動 事業所系ごみ スマートフォン用ツール メニュー表示 自動翻訳 English 中文 Portgues Tiếng Việt Foreign language 背景変更 標準 黒 補助機能 ふりがな 文字拡大 元に戻す サイトマップ パソコン画面表示 ページの末尾へ くらし 妊娠・出産 子育て 学校教育 結婚・離婚 引越し・住まい 就職・退職 高齢者・介護 おくやみ 戸籍・住民票・印鑑登録 税 国民健康保険 国民年金 水道 交通 駐車・駐輪 都市計画 産業・事業 ごみ・環境保全 ペット 福祉 障がい者支援 消費生活 健康・医療 文化・スポーツ・生涯学習 "
"豊明市","23229","44","200","豊明市の紹介","https://www.city.toyoake.lg.jp/2403.htm","豊明市の紹介/豊明市 --> 本文へ移動 豊明市の紹介 スマートフォン用ツール メニュー表示 自動翻訳 English 中文 Portgues Tiếng Việt Foreign language 背景変更 標準 黒 補助機能 ふりがな 文字拡大 元に戻す サイトマップ パソコン画面表示 ページの末尾へ くらし 妊娠・出産 子育て 学校教育 結婚・離婚 引越し・住まい 就職・退職 高齢者・介護 おくやみ 戸籍・住民票・印鑑登録 税 国民健康保険 国民年金 水道 交通 駐車・駐輪 都市計画 産業・事業 ごみ・環境保全 ペット 福祉 障がい者支援 消費生活 健康・医療 文化・スポーツ・生涯学習 "
"豊明市","23229","44","200","公示送達","https://www.city.toyoake.lg.jp/24416.htm","公示送達/豊明市 --> 本文へ移動 公示送達 スマートフォン用ツール メニュー表示 自動翻訳 English 中文 Portgues Tiếng Việt Foreign language 背景変更 標準 黒 補助機能 ふりがな 文字拡大 元に戻す サイトマップ パソコン画面表示 ページの末尾へ くらし 妊娠・出産 子育て 学校教育 結婚・離婚 引越し・住まい 就職・退職 高齢者・介護 おくやみ 戸籍・住民票・印鑑登録 税 国民健康保険 国民年金 水道 交通 駐車・駐輪 都市計画 産業・事業 ごみ・環境保全 ペット 福祉 障がい者支援 消費生活 健康・医療 文化・スポーツ・生涯学習 市民活動"
"豊明市","23229","44","200","広聴","https://www.city.toyoake.lg.jp/2822.htm","広聴/豊明市 --> 本文へ移動 広聴 スマートフォン用ツール メニュー表示 自動翻訳 English 中文 Portgues Tiếng Việt Foreign language 背景変更 標準 黒 補助機能 ふりがな 文字拡大 元に戻す サイトマップ パソコン画面表示 ページの末尾へ くらし 妊娠・出産 子育て 学校教育 結婚・離婚 引越し・住まい 就職・退職 高齢者・介護 おくやみ 戸籍・住民票・印鑑登録 税 国民健康保険 国民年金 水道 交通 駐車・駐輪 都市計画 産業・事業 ごみ・環境保全 ペット 福祉 障がい者支援 消費生活 健康・医療 文化・スポーツ・生涯学習 市民活動・コミュ"
"豊明市","23229","44","200","施策・計画","https://www.city.toyoake.lg.jp/2824.htm","施策・計画/豊明市 --> 本文へ移動 施策・計画 スマートフォン用ツール メニュー表示 自動翻訳 English 中文 Portgues Tiếng Việt Foreign language 背景変更 標準 黒 補助機能 ふりがな 文字拡大 元に戻す サイトマップ パソコン画面表示 ページの末尾へ くらし 妊娠・出産 子育て 学校教育 結婚・離婚 引越し・住まい 就職・退職 高齢者・介護 おくやみ 戸籍・住民票・印鑑登録 税 国民健康保険 国民年金 水道 交通 駐車・駐輪 都市計画 産業・事業 ごみ・環境保全 ペット 福祉 障がい者支援 消費生活 健康・医療 文化・スポーツ・生涯学習 市民"
"豊明市","23229","44","200","総合計画","https://www.city.toyoake.lg.jp/2841.htm","総合計画/豊明市 --> 本文へ移動 総合計画 スマートフォン用ツール メニュー表示 自動翻訳 English 中文 Portgues Tiếng Việt Foreign language 背景変更 標準 黒 補助機能 ふりがな 文字拡大 元に戻す サイトマップ パソコン画面表示 ページの末尾へ くらし 妊娠・出産 子育て 学校教育 結婚・離婚 引越し・住まい 就職・退職 高齢者・介護 おくやみ 戸籍・住民票・印鑑登録 税 国民健康保険 国民年金 水道 交通 駐車・駐輪 都市計画 産業・事業 ごみ・環境保全 ペット 福祉 障がい者支援 消費生活 健康・医療 文化・スポーツ・生涯学習 市民活動"
"豊明市","23229","44","200","オープンデータライブラリー","https://www.city.toyoake.lg.jp/2919.htm","オープンデータライブラリー/豊明市 --> 本文へ移動 オープンデータライブラリー スマートフォン用ツール メニュー表示 自動翻訳 English 中文 Portgues Tiếng Việt Foreign language 背景変更 標準 黒 補助機能 ふりがな 文字拡大 元に戻す サイトマップ パソコン画面表示 ページの末尾へ くらし 妊娠・出産 子育て 学校教育 結婚・離婚 引越し・住まい 就職・退職 高齢者・介護 おくやみ 戸籍・住民票・印鑑登録 税 国民健康保険 国民年金 水道 交通 駐車・駐輪 都市計画 産業・事業 ごみ・環境保全 ペット 福祉 障がい者支援 消費生活 健康・医療"
"豊明市","23229","44","200","メール配信サービス","https://www.city.toyoake.lg.jp/2922.htm","メール配信サービス/豊明市 --> 本文へ移動 メール配信サービス スマートフォン用ツール メニュー表示 自動翻訳 English 中文 Portgues Tiếng Việt Foreign language 背景変更 標準 黒 補助機能 ふりがな 文字拡大 元に戻す サイトマップ パソコン画面表示 ページの末尾へ くらし 妊娠・出産 子育て 学校教育 結婚・離婚 引越し・住まい 就職・退職 高齢者・介護 おくやみ 戸籍・住民票・印鑑登録 税 国民健康保険 国民年金 水道 交通 駐車・駐輪 都市計画 産業・事業 ごみ・環境保全 ペット 福祉 障がい者支援 消費生活 健康・医療 文化・スポーツ"
"豊明市","23229","44","200","財政","https://www.city.toyoake.lg.jp/2928.htm","財政/豊明市 --> 本文へ移動 財政 スマートフォン用ツール メニュー表示 自動翻訳 English 中文 Portgues Tiếng Việt Foreign language 背景変更 標準 黒 補助機能 ふりがな 文字拡大 元に戻す サイトマップ パソコン画面表示 ページの末尾へ くらし 妊娠・出産 子育て 学校教育 結婚・離婚 引越し・住まい 就職・退職 高齢者・介護 おくやみ 戸籍・住民票・印鑑登録 税 国民健康保険 国民年金 水道 交通 駐車・駐輪 都市計画 産業・事業 ごみ・環境保全 ペット 福祉 障がい者支援 消費生活 健康・医療 文化・スポーツ・生涯学習 市民活動・コミュ"
"豊明市","23229","44","200","市職員","https://www.city.toyoake.lg.jp/2953.htm","市職員/豊明市 --> 本文へ移動 市職員 スマートフォン用ツール メニュー表示 自動翻訳 English 中文 Portgues Tiếng Việt Foreign language 背景変更 標準 黒 補助機能 ふりがな 文字拡大 元に戻す サイトマップ パソコン画面表示 ページの末尾へ くらし 妊娠・出産 子育て 学校教育 結婚・離婚 引越し・住まい 就職・退職 高齢者・介護 おくやみ 戸籍・住民票・印鑑登録 税 国民健康保険 国民年金 水道 交通 駐車・駐輪 都市計画 産業・事業 ごみ・環境保全 ペット 福祉 障がい者支援 消費生活 健康・医療 文化・スポーツ・生涯学習 市民活動・コ"
"豊明市","23229","44","200","会議の公開","https://www.city.toyoake.lg.jp/3177.htm","会議の公開/豊明市 --> 本文へ移動 会議の公開 スマートフォン用ツール メニュー表示 自動翻訳 English 中文 Portgues Tiếng Việt Foreign language 背景変更 標準 黒 補助機能 ふりがな 文字拡大 元に戻す サイトマップ パソコン画面表示 ページの末尾へ くらし 妊娠・出産 子育て 学校教育 結婚・離婚 引越し・住まい 就職・退職 高齢者・介護 おくやみ 戸籍・住民票・印鑑登録 税 国民健康保険 国民年金 水道 交通 駐車・駐輪 都市計画 産業・事業 ごみ・環境保全 ペット 福祉 障がい者支援 消費生活 健康・医療 文化・スポーツ・生涯学習 市民"
"豊明市","23229","44","200","市長の部屋","https://www.city.toyoake.lg.jp/3191.htm","市長の部屋/豊明市 --> 本文へ移動 市長の部屋 スマートフォン用ツール メニュー表示 自動翻訳 English 中文 Portgues Tiếng Việt Foreign language 背景変更 標準 黒 補助機能 ふりがな 文字拡大 元に戻す サイトマップ パソコン画面表示 ページの末尾へ くらし 妊娠・出産 子育て 学校教育 結婚・離婚 引越し・住まい 就職・退職 高齢者・介護 おくやみ 戸籍・住民票・印鑑登録 税 国民健康保険 国民年金 水道 交通 駐車・駐輪 都市計画 産業・事業 ごみ・環境保全 ペット 福祉 障がい者支援 消費生活 健康・医療 文化・スポーツ・生涯学習 市民"
"豊明市","23229","44","200","電子申請・届出システム","https://www.city.toyoake.lg.jp/3193.htm","電子申請・届出システム/豊明市 --> 本文へ移動 電子申請・届出システム スマートフォン用ツール メニュー表示 自動翻訳 English 中文 Portgues Tiếng Việt Foreign language 背景変更 標準 黒 補助機能 ふりがな 文字拡大 元に戻す サイトマップ パソコン画面表示 ページの末尾へ くらし 妊娠・出産 子育て 学校教育 結婚・離婚 引越し・住まい 就職・退職 高齢者・介護 おくやみ 戸籍・住民票・印鑑登録 税 国民健康保険 国民年金 水道 交通 駐車・駐輪 都市計画 産業・事業 ごみ・環境保全 ペット 福祉 障がい者支援 消費生活 健康・医療 文化・"
"豊明市","23229","44","200","建築・開発","https://www.city.toyoake.lg.jp/3198.htm","建築・開発/豊明市 --> 本文へ移動 建築・開発 スマートフォン用ツール メニュー表示 自動翻訳 English 中文 Portgues Tiếng Việt Foreign language 背景変更 標準 黒 補助機能 ふりがな 文字拡大 元に戻す サイトマップ パソコン画面表示 ページの末尾へ くらし 妊娠・出産 子育て 学校教育 結婚・離婚 引越し・住まい 就職・退職 高齢者・介護 おくやみ 戸籍・住民票・印鑑登録 税 国民健康保険 国民年金 水道 交通 駐車・駐輪 都市計画 産業・事業 ごみ・環境保全 ペット 福祉 障がい者支援 消費生活 健康・医療 文化・スポーツ・生涯学習 市民"
"豊明市","23229","44","200","法人市民税","https://www.city.toyoake.lg.jp/3200.htm","法人市民税/豊明市 --> 本文へ移動 法人市民税 スマートフォン用ツール メニュー表示 自動翻訳 English 中文 Portgues Tiếng Việt Foreign language 背景変更 標準 黒 補助機能 ふりがな 文字拡大 元に戻す サイトマップ パソコン画面表示 ページの末尾へ くらし 妊娠・出産 子育て 学校教育 結婚・離婚 引越し・住まい 就職・退職 高齢者・介護 おくやみ 戸籍・住民票・印鑑登録 税 国民健康保険 国民年金 水道 交通 駐車・駐輪 都市計画 産業・事業 ごみ・環境保全 ペット 福祉 障がい者支援 消費生活 健康・医療 文化・スポーツ・生涯学習 市民"
"豊明市","23229","44","200","文化財","https://www.city.toyoake.lg.jp/3206.htm","文化財/豊明市 --> 本文へ移動 文化財 スマートフォン用ツール メニュー表示 自動翻訳 English 中文 Portgues Tiếng Việt Foreign language 背景変更 標準 黒 補助機能 ふりがな 文字拡大 元に戻す サイトマップ パソコン画面表示 ページの末尾へ くらし 妊娠・出産 子育て 学校教育 結婚・離婚 引越し・住まい 就職・退職 高齢者・介護 おくやみ 戸籍・住民票・印鑑登録 税 国民健康保険 国民年金 水道 交通 駐車・駐輪 都市計画 産業・事業 ごみ・環境保全 ペット 福祉 障がい者支援 消費生活 健康・医療 文化・スポーツ・生涯学習 市民活動・コ"
"豊明市","23229","44","200","歴史","https://www.city.toyoake.lg.jp/3207.htm","歴史/豊明市 --> 本文へ移動 歴史 スマートフォン用ツール メニュー表示 自動翻訳 English 中文 Portgues Tiếng Việt Foreign language 背景変更 標準 黒 補助機能 ふりがな 文字拡大 元に戻す サイトマップ パソコン画面表示 ページの末尾へ くらし 妊娠・出産 子育て 学校教育 結婚・離婚 引越し・住まい 就職・退職 高齢者・介護 おくやみ 戸籍・住民票・印鑑登録 税 国民健康保険 国民年金 水道 交通 駐車・駐輪 都市計画 産業・事業 ごみ・環境保全 ペット 福祉 障がい者支援 消費生活 健康・医療 文化・スポーツ・生涯学習 市民活動・コミュ"
"豊明市","23229","44","200","防犯","https://www.city.toyoake.lg.jp/3261.htm","防犯/豊明市 --> 本文へ移動 防犯 スマートフォン用ツール メニュー表示 自動翻訳 English 中文 Portgues Tiếng Việt Foreign language 背景変更 標準 黒 補助機能 ふりがな 文字拡大 元に戻す サイトマップ パソコン画面表示 ページの末尾へ くらし 妊娠・出産 子育て 学校教育 結婚・離婚 引越し・住まい 就職・退職 高齢者・介護 おくやみ 戸籍・住民票・印鑑登録 税 国民健康保険 国民年金 水道 交通 駐車・駐輪 都市計画 産業・事業 ごみ・環境保全 ペット 福祉 障がい者支援 消費生活 健康・医療 文化・スポーツ・生涯学習 市民活動・コミュ"
"豊明市","23229","44","200","小中学校","https://www.city.toyoake.lg.jp/3263.htm","小中学校/豊明市 --> 本文へ移動 小中学校 スマートフォン用ツール メニュー表示 自動翻訳 English 中文 Portgues Tiếng Việt Foreign language 背景変更 標準 黒 補助機能 ふりがな 文字拡大 元に戻す サイトマップ パソコン画面表示 ページの末尾へ くらし 妊娠・出産 子育て 学校教育 結婚・離婚 引越し・住まい 就職・退職 高齢者・介護 おくやみ 戸籍・住民票・印鑑登録 税 国民健康保険 国民年金 水道 交通 駐車・駐輪 都市計画 産業・事業 ごみ・環境保全 ペット 福祉 障がい者支援 消費生活 健康・医療 文化・スポーツ・生涯学習 市民活動"
"豊明市","23229","44","200","豊明市女性防火クラブ","https://www.city.toyoake.lg.jp/3338.htm","豊明市女性防火クラブ/豊明市 --> 本文へ移動 豊明市女性防火クラブ スマートフォン用ツール メニュー表示 自動翻訳 English 中文 Portgues Tiếng Việt Foreign language 背景変更 標準 黒 補助機能 ふりがな 文字拡大 元に戻す サイトマップ パソコン画面表示 ページの末尾へ くらし 妊娠・出産 子育て 学校教育 結婚・離婚 引越し・住まい 就職・退職 高齢者・介護 おくやみ 戸籍・住民票・印鑑登録 税 国民健康保険 国民年金 水道 交通 駐車・駐輪 都市計画 産業・事業 ごみ・環境保全 ペット 福祉 障がい者支援 消費生活 健康・医療 文化・スポ"
"豊明市","23229","44","200","市長へのEメール・手紙・ファックス","https://www.city.toyoake.lg.jp/3434.htm","市長へのEメール・手紙・ファックス/豊明市 --> 本文へ移動 市長へのEメール・手紙・ファックス スマートフォン用ツール メニュー表示 自動翻訳 English 中文 Portgues Tiếng Việt Foreign language 背景変更 標準 黒 補助機能 ふりがな 文字拡大 元に戻す サイトマップ パソコン画面表示 ページの末尾へ くらし 妊娠・出産 子育て 学校教育 結婚・離婚 引越し・住まい 就職・退職 高齢者・介護 おくやみ 戸籍・住民票・印鑑登録 税 国民健康保険 国民年金 水道 交通 駐車・駐輪 都市計画 産業・事業 ごみ・環境保全 ペット 福祉 障がい者支援 消費"
"豊明市","23229","44","200","交通安全","https://www.city.toyoake.lg.jp/3463.htm","交通安全/豊明市 --> 本文へ移動 交通安全 スマートフォン用ツール メニュー表示 自動翻訳 English 中文 Portgues Tiếng Việt Foreign language 背景変更 標準 黒 補助機能 ふりがな 文字拡大 元に戻す サイトマップ パソコン画面表示 ページの末尾へ くらし 妊娠・出産 子育て 学校教育 結婚・離婚 引越し・住まい 就職・退職 高齢者・介護 おくやみ 戸籍・住民票・印鑑登録 税 国民健康保険 国民年金 水道 交通 駐車・駐輪 都市計画 産業・事業 ごみ・環境保全 ペット 福祉 障がい者支援 消費生活 健康・医療 文化・スポーツ・生涯学習 市民活動"
"豊明市","23229","44","200","桜花学園大学・名古屋短期大学との連携事業","https://www.city.toyoake.lg.jp/3585.htm","桜花学園大学・名古屋短期大学との連携事業/豊明市 --> 本文へ移動 桜花学園大学・名古屋短期大学との連携事業 スマートフォン用ツール メニュー表示 自動翻訳 English 中文 Portgues Tiếng Việt Foreign language 背景変更 標準 黒 補助機能 ふりがな 文字拡大 元に戻す サイトマップ パソコン画面表示 ページの末尾へ くらし 妊娠・出産 子育て 学校教育 結婚・離婚 引越し・住まい 就職・退職 高齢者・介護 おくやみ 戸籍・住民票・印鑑登録 税 国民健康保険 国民年金 水道 交通 駐車・駐輪 都市計画 産業・事業 ごみ・環境保全 ペット 福祉 障がい"
"豊明市","23229","44","200","とよあけの自然","https://www.city.toyoake.lg.jp/3633.htm","とよあけの自然/豊明市 --> 本文へ移動 とよあけの自然 スマートフォン用ツール メニュー表示 自動翻訳 English 中文 Portgues Tiếng Việt Foreign language 背景変更 標準 黒 補助機能 ふりがな 文字拡大 元に戻す サイトマップ パソコン画面表示 ページの末尾へ くらし 妊娠・出産 子育て 学校教育 結婚・離婚 引越し・住まい 就職・退職 高齢者・介護 おくやみ 戸籍・住民票・印鑑登録 税 国民健康保険 国民年金 水道 交通 駐車・駐輪 都市計画 産業・事業 ごみ・環境保全 ペット 福祉 障がい者支援 消費生活 健康・医療 文化・スポーツ・生涯学"
"豊明市","23229","44","200","豊明市循環バス ひまわりバス","https://www.city.toyoake.lg.jp/3650.htm","豊明市循環バス ひまわりバス/豊明市 --> 本文へ移動 豊明市循環バス ひまわりバス スマートフォン用ツール メニュー表示 自動翻訳 English 中文 Portgues Tiếng Việt Foreign language 背景変更 標準 黒 補助機能 ふりがな 文字拡大 元に戻す サイトマップ パソコン画面表示 ページの末尾へ くらし 妊娠・出産 子育て 学校教育 結婚・離婚 引越し・住まい 就職・退職 高齢者・介護 おくやみ 戸籍・住民票・印鑑登録 税 国民健康保険 国民年金 水道 交通 駐車・駐輪 都市計画 産業・事業 ごみ・環境保全 ペット 福祉 障がい者支援 消費生活 健康・"
"豊明市","23229","44","200","医療機関","https://www.city.toyoake.lg.jp/3668.htm","医療機関/豊明市 --> 本文へ移動 医療機関 スマートフォン用ツール メニュー表示 自動翻訳 English 中文 Portgues Tiếng Việt Foreign language 背景変更 標準 黒 補助機能 ふりがな 文字拡大 元に戻す サイトマップ パソコン画面表示 ページの末尾へ くらし 妊娠・出産 子育て 学校教育 結婚・離婚 引越し・住まい 就職・退職 高齢者・介護 おくやみ 戸籍・住民票・印鑑登録 税 国民健康保険 国民年金 水道 交通 駐車・駐輪 都市計画 産業・事業 ごみ・環境保全 ペット 福祉 障がい者支援 消費生活 健康・医療 文化・スポーツ・生涯学習 市民活動"
"豊明市","23229","44","200","監査","https://www.city.toyoake.lg.jp/3706.htm","監査/豊明市 --> 本文へ移動 監査 スマートフォン用ツール メニュー表示 自動翻訳 English 中文 Portgues Tiếng Việt Foreign language 背景変更 標準 黒 補助機能 ふりがな 文字拡大 元に戻す サイトマップ パソコン画面表示 ページの末尾へ くらし 妊娠・出産 子育て 学校教育 結婚・離婚 引越し・住まい 就職・退職 高齢者・介護 おくやみ 戸籍・住民票・印鑑登録 税 国民健康保険 国民年金 水道 交通 駐車・駐輪 都市計画 産業・事業 ごみ・環境保全 ペット 福祉 障がい者支援 消費生活 健康・医療 文化・スポーツ・生涯学習 市民活動・コミュ"
"豊明市","23229","44","200","豊明市立保育園","https://www.city.toyoake.lg.jp/3709.htm","豊明市立保育園/豊明市 --> 本文へ移動 豊明市立保育園 スマートフォン用ツール メニュー表示 自動翻訳 English 中文 Portgues Tiếng Việt Foreign language 背景変更 標準 黒 補助機能 ふりがな 文字拡大 元に戻す サイトマップ パソコン画面表示 ページの末尾へ くらし 妊娠・出産 子育て 学校教育 結婚・離婚 引越し・住まい 就職・退職 高齢者・介護 おくやみ 戸籍・住民票・印鑑登録 税 国民健康保険 国民年金 水道 交通 駐車・駐輪 都市計画 産業・事業 ごみ・環境保全 ペット 福祉 障がい者支援 消費生活 健康・医療 文化・スポーツ・生涯学"
"豊明市","23229","44","200","保育所への入所","https://www.city.toyoake.lg.jp/3777.htm","保育所への入所/豊明市 --> 本文へ移動 保育所への入所 スマートフォン用ツール メニュー表示 自動翻訳 English 中文 Portgues Tiếng Việt Foreign language 背景変更 標準 黒 補助機能 ふりがな 文字拡大 元に戻す サイトマップ パソコン画面表示 ページの末尾へ くらし 妊娠・出産 子育て 学校教育 結婚・離婚 引越し・住まい 就職・退職 高齢者・介護 おくやみ 戸籍・住民票・印鑑登録 税 国民健康保険 国民年金 水道 交通 駐車・駐輪 都市計画 産業・事業 ごみ・環境保全 ペット 福祉 障がい者支援 消費生活 健康・医療 文化・スポーツ・生涯学"
"豊明市","23229","44","200","AED","https://www.city.toyoake.lg.jp/3799.htm","AED/豊明市 --> 本文へ移動 AED スマートフォン用ツール メニュー表示 自動翻訳 English 中文 Portgues Tiếng Việt Foreign language 背景変更 標準 黒 補助機能 ふりがな 文字拡大 元に戻す サイトマップ パソコン画面表示 ページの末尾へ くらし 妊娠・出産 子育て 学校教育 結婚・離婚 引越し・住まい 就職・退職 高齢者・介護 おくやみ 戸籍・住民票・印鑑登録 税 国民健康保険 国民年金 水道 交通 駐車・駐輪 都市計画 産業・事業 ごみ・環境保全 ペット 福祉 障がい者支援 消費生活 健康・医療 文化・スポーツ・生涯学習 市民活動・コ"
"豊明市","23229","44","200","農地関係","https://www.city.toyoake.lg.jp/3827.htm","農地関係/豊明市 --> 本文へ移動 農地関係 スマートフォン用ツール メニュー表示 自動翻訳 English 中文 Portgues Tiếng Việt Foreign language 背景変更 標準 黒 補助機能 ふりがな 文字拡大 元に戻す サイトマップ パソコン画面表示 ページの末尾へ くらし 妊娠・出産 子育て 学校教育 結婚・離婚 引越し・住まい 就職・退職 高齢者・介護 おくやみ 戸籍・住民票・印鑑登録 税 国民健康保険 国民年金 水道 交通 駐車・駐輪 都市計画 産業・事業 ごみ・環境保全 ペット 福祉 障がい者支援 消費生活 健康・医療 文化・スポーツ・生涯学習 市民活動"
"豊明市","23229","44","200","各種計画・マニュアル等(防災関係）","https://www.city.toyoake.lg.jp/3828.htm","各種計画・マニュアル等(防災関係）/豊明市 --> 本文へ移動 各種計画・マニュアル等(防災関係） スマートフォン用ツール メニュー表示 自動翻訳 English 中文 Portgues Tiếng Việt Foreign language 背景変更 標準 黒 補助機能 ふりがな 文字拡大 元に戻す サイトマップ パソコン画面表示 ページの末尾へ くらし 妊娠・出産 子育て 学校教育 結婚・離婚 引越し・住まい 就職・退職 高齢者・介護 おくやみ 戸籍・住民票・印鑑登録 税 国民健康保険 国民年金 水道 交通 駐車・駐輪 都市計画 産業・事業 ごみ・環境保全 ペット 福祉 障がい者支援 消費"
"豊明市","23229","44","200","市民と行政の協働","https://www.city.toyoake.lg.jp/3832.htm","市民と行政の協働/豊明市 --> 本文へ移動 市民と行政の協働 スマートフォン用ツール メニュー表示 自動翻訳 English 中文 Portgues Tiếng Việt Foreign language 背景変更 標準 黒 補助機能 ふりがな 文字拡大 元に戻す サイトマップ パソコン画面表示 ページの末尾へ くらし 妊娠・出産 子育て 学校教育 結婚・離婚 引越し・住まい 就職・退職 高齢者・介護 おくやみ 戸籍・住民票・印鑑登録 税 国民健康保険 国民年金 水道 交通 駐車・駐輪 都市計画 産業・事業 ごみ・環境保全 ペット 福祉 障がい者支援 消費生活 健康・医療 文化・スポーツ・生"
"豊明市","23229","44","200","市民活動、区・町内会活動支援","https://www.city.toyoake.lg.jp/3834.htm","市民活動、区・町内会活動支援/豊明市 --> 本文へ移動 市民活動、区・町内会活動支援 スマートフォン用ツール メニュー表示 自動翻訳 English 中文 Portgues Tiếng Việt Foreign language 背景変更 標準 黒 補助機能 ふりがな 文字拡大 元に戻す サイトマップ パソコン画面表示 ページの末尾へ くらし 妊娠・出産 子育て 学校教育 結婚・離婚 引越し・住まい 就職・退職 高齢者・介護 おくやみ 戸籍・住民票・印鑑登録 税 国民健康保険 国民年金 水道 交通 駐車・駐輪 都市計画 産業・事業 ごみ・環境保全 ペット 福祉 障がい者支援 消費生活 健康・"
"豊明市","23229","44","200","災害に備える","https://www.city.toyoake.lg.jp/3873.htm","災害に備える/豊明市 --> 本文へ移動 災害に備える スマートフォン用ツール メニュー表示 自動翻訳 English 中文 Portgues Tiếng Việt Foreign language 背景変更 標準 黒 補助機能 ふりがな 文字拡大 元に戻す サイトマップ パソコン画面表示 ページの末尾へ くらし 妊娠・出産 子育て 学校教育 結婚・離婚 引越し・住まい 就職・退職 高齢者・介護 おくやみ 戸籍・住民票・印鑑登録 税 国民健康保険 国民年金 水道 交通 駐車・駐輪 都市計画 産業・事業 ごみ・環境保全 ペット 福祉 障がい者支援 消費生活 健康・医療 文化・スポーツ・生涯学習 "
"豊明市","23229","44","200","消防団","https://www.city.toyoake.lg.jp/3877.htm","消防団/豊明市 --> 本文へ移動 消防団 スマートフォン用ツール メニュー表示 自動翻訳 English 中文 Portgues Tiếng Việt Foreign language 背景変更 標準 黒 補助機能 ふりがな 文字拡大 元に戻す サイトマップ パソコン画面表示 ページの末尾へ くらし 妊娠・出産 子育て 学校教育 結婚・離婚 引越し・住まい 就職・退職 高齢者・介護 おくやみ 戸籍・住民票・印鑑登録 税 国民健康保険 国民年金 水道 交通 駐車・駐輪 都市計画 産業・事業 ごみ・環境保全 ペット 福祉 障がい者支援 消費生活 健康・医療 文化・スポーツ・生涯学習 市民活動・コ"
"豊明市","23229","44","200","妊娠された方へ","https://www.city.toyoake.lg.jp/3885.htm","妊娠された方へ/豊明市 --> 本文へ移動 妊娠された方へ スマートフォン用ツール メニュー表示 自動翻訳 English 中文 Portgues Tiếng Việt Foreign language 背景変更 標準 黒 補助機能 ふりがな 文字拡大 元に戻す サイトマップ パソコン画面表示 ページの末尾へ くらし 妊娠・出産 子育て 学校教育 結婚・離婚 引越し・住まい 就職・退職 高齢者・介護 おくやみ 戸籍・住民票・印鑑登録 税 国民健康保険 国民年金 水道 交通 駐車・駐輪 都市計画 産業・事業 ごみ・環境保全 ペット 福祉 障がい者支援 消費生活 健康・医療 文化・スポーツ・生涯学"
"豊明市","23229","44","200","公共工事の情報広場","https://www.city.toyoake.lg.jp/3908.htm","公共工事の情報広場/豊明市 --> 本文へ移動 公共工事の情報広場 スマートフォン用ツール メニュー表示 自動翻訳 English 中文 Portgues Tiếng Việt Foreign language 背景変更 標準 黒 補助機能 ふりがな 文字拡大 元に戻す サイトマップ パソコン画面表示 ページの末尾へ くらし 妊娠・出産 子育て 学校教育 結婚・離婚 引越し・住まい 就職・退職 高齢者・介護 おくやみ 戸籍・住民票・印鑑登録 税 国民健康保険 国民年金 水道 交通 駐車・駐輪 都市計画 産業・事業 ごみ・環境保全 ペット 福祉 障がい者支援 消費生活 健康・医療 文化・スポーツ"
"豊明市","23229","44","200","よくある質問","https://www.city.toyoake.lg.jp/4075.htm","よくある質問/豊明市 --> 本文へ移動 よくある質問 スマートフォン用ツール メニュー表示 自動翻訳 English 中文 Portgues Tiếng Việt Foreign language 背景変更 標準 黒 補助機能 ふりがな 文字拡大 元に戻す サイトマップ パソコン画面表示 ページの末尾へ くらし 妊娠・出産 子育て 学校教育 結婚・離婚 引越し・住まい 就職・退職 高齢者・介護 おくやみ 戸籍・住民票・印鑑登録 税 国民健康保険 国民年金 水道 交通 駐車・駐輪 都市計画 産業・事業 ごみ・環境保全 ペット 福祉 障がい者支援 消費生活 健康・医療 文化・スポーツ・生涯学習 "
"豊明市","23229","44","200","市営駐輪場","https://www.city.toyoake.lg.jp/4158.htm","市営駐輪場/豊明市 --> 本文へ移動 市営駐輪場 スマートフォン用ツール メニュー表示 自動翻訳 English 中文 Portgues Tiếng Việt Foreign language 背景変更 標準 黒 補助機能 ふりがな 文字拡大 元に戻す サイトマップ パソコン画面表示 ページの末尾へ くらし 妊娠・出産 子育て 学校教育 結婚・離婚 引越し・住まい 就職・退職 高齢者・介護 おくやみ 戸籍・住民票・印鑑登録 税 国民健康保険 国民年金 水道 交通 駐車・駐輪 都市計画 産業・事業 ごみ・環境保全 ペット 福祉 障がい者支援 消費生活 健康・医療 文化・スポーツ・生涯学習 市民"
"豊明市","23229","44","200","戸籍の証明に関すること","https://www.city.toyoake.lg.jp/4213.htm","戸籍の証明に関すること/豊明市 --> 本文へ移動 戸籍の証明に関すること スマートフォン用ツール メニュー表示 自動翻訳 English 中文 Portgues Tiếng Việt Foreign language 背景変更 標準 黒 補助機能 ふりがな 文字拡大 元に戻す サイトマップ パソコン画面表示 ページの末尾へ くらし 妊娠・出産 子育て 学校教育 結婚・離婚 引越し・住まい 就職・退職 高齢者・介護 おくやみ 戸籍・住民票・印鑑登録 税 国民健康保険 国民年金 水道 交通 駐車・駐輪 都市計画 産業・事業 ごみ・環境保全 ペット 福祉 障がい者支援 消費生活 健康・医療 文化・"
"豊明市","23229","44","200","住民票の交付請求に関すること","https://www.city.toyoake.lg.jp/4214.htm","住民票の交付請求に関すること/豊明市 --> 本文へ移動 住民票の交付請求に関すること スマートフォン用ツール メニュー表示 自動翻訳 English 中文 Portgues Tiếng Việt Foreign language 背景変更 標準 黒 補助機能 ふりがな 文字拡大 元に戻す サイトマップ パソコン画面表示 ページの末尾へ くらし 妊娠・出産 子育て 学校教育 結婚・離婚 引越し・住まい 就職・退職 高齢者・介護 おくやみ 戸籍・住民票・印鑑登録 税 国民健康保険 国民年金 水道 交通 駐車・駐輪 都市計画 産業・事業 ごみ・環境保全 ペット 福祉 障がい者支援 消費生活 健康・"
"豊明市","23229","44","200","印鑑登録に関すること","https://www.city.toyoake.lg.jp/4216.htm","印鑑登録に関すること/豊明市 --> 本文へ移動 印鑑登録に関すること スマートフォン用ツール メニュー表示 自動翻訳 English 中文 Portgues Tiếng Việt Foreign language 背景変更 標準 黒 補助機能 ふりがな 文字拡大 元に戻す サイトマップ パソコン画面表示 ページの末尾へ くらし 妊娠・出産 子育て 学校教育 結婚・離婚 引越し・住まい 就職・退職 高齢者・介護 おくやみ 戸籍・住民票・印鑑登録 税 国民健康保険 国民年金 水道 交通 駐車・駐輪 都市計画 産業・事業 ごみ・環境保全 ペット 福祉 障がい者支援 消費生活 健康・医療 文化・スポ"
"豊明市","23229","44","200","外国人住民に関すること","https://www.city.toyoake.lg.jp/4217.htm","外国人住民に関すること/豊明市 --> 本文へ移動 外国人住民に関すること スマートフォン用ツール メニュー表示 自動翻訳 English 中文 Portgues Tiếng Việt Foreign language 背景変更 標準 黒 補助機能 ふりがな 文字拡大 元に戻す サイトマップ パソコン画面表示 ページの末尾へ くらし 妊娠・出産 子育て 学校教育 結婚・離婚 引越し・住まい 就職・退職 高齢者・介護 おくやみ 戸籍・住民票・印鑑登録 税 国民健康保険 国民年金 水道 交通 駐車・駐輪 都市計画 産業・事業 ごみ・環境保全 ペット 福祉 障がい者支援 消費生活 健康・医療 文化・"
"豊明市","23229","44","200","マイナンバー制度","https://www.city.toyoake.lg.jp/4218.htm","マイナンバー制度/豊明市 --> 本文へ移動 マイナンバー制度 スマートフォン用ツール メニュー表示 自動翻訳 English 中文 Portgues Tiếng Việt Foreign language 背景変更 標準 黒 補助機能 ふりがな 文字拡大 元に戻す サイトマップ パソコン画面表示 ページの末尾へ くらし 妊娠・出産 子育て 学校教育 結婚・離婚 引越し・住まい 就職・退職 高齢者・介護 おくやみ 戸籍・住民票・印鑑登録 税 国民健康保険 国民年金 水道 交通 駐車・駐輪 都市計画 産業・事業 ごみ・環境保全 ペット 福祉 障がい者支援 消費生活 健康・医療 文化・スポーツ・生"
"豊明市","23229","44","200","その他","https://www.city.toyoake.lg.jp/4219.htm","その他/豊明市 --> 本文へ移動 その他 スマートフォン用ツール メニュー表示 自動翻訳 English 中文 Portgues Tiếng Việt Foreign language 背景変更 標準 黒 補助機能 ふりがな 文字拡大 元に戻す サイトマップ パソコン画面表示 ページの末尾へ くらし 妊娠・出産 子育て 学校教育 結婚・離婚 引越し・住まい 就職・退職 高齢者・介護 おくやみ 戸籍・住民票・印鑑登録 税 国民健康保険 国民年金 水道 交通 駐車・駐輪 都市計画 産業・事業 ごみ・環境保全 ペット 福祉 障がい者支援 消費生活 健康・医療 文化・スポーツ・生涯学習 市民活動・コ"
"豊明市","23229","44","200","共通","https://www.city.toyoake.lg.jp/4232.htm","共通/豊明市 --> 本文へ移動 共通 スマートフォン用ツール メニュー表示 自動翻訳 English 中文 Portgues Tiếng Việt Foreign language 背景変更 標準 黒 補助機能 ふりがな 文字拡大 元に戻す サイトマップ パソコン画面表示 ページの末尾へ くらし 妊娠・出産 子育て 学校教育 結婚・離婚 引越し・住まい 就職・退職 高齢者・介護 おくやみ 戸籍・住民票・印鑑登録 税 国民健康保険 国民年金 水道 交通 駐車・駐輪 都市計画 産業・事業 ごみ・環境保全 ペット 福祉 障がい者支援 消費生活 健康・医療 文化・スポーツ・生涯学習 市民活動・コミュ"
"豊明市","23229","44","200","個人市民税","https://www.city.toyoake.lg.jp/4236.htm","個人市民税/豊明市 --> 本文へ移動 個人市民税 スマートフォン用ツール メニュー表示 自動翻訳 English 中文 Portgues Tiếng Việt Foreign language 背景変更 標準 黒 補助機能 ふりがな 文字拡大 元に戻す サイトマップ パソコン画面表示 ページの末尾へ くらし 妊娠・出産 子育て 学校教育 結婚・離婚 引越し・住まい 就職・退職 高齢者・介護 おくやみ 戸籍・住民票・印鑑登録 税 国民健康保険 国民年金 水道 交通 駐車・駐輪 都市計画 産業・事業 ごみ・環境保全 ペット 福祉 障がい者支援 消費生活 健康・医療 文化・スポーツ・生涯学習 市民"
"豊明市","23229","44","200","固定資産税・都市計画税","https://www.city.toyoake.lg.jp/4238.htm","固定資産税・都市計画税/豊明市 --> 本文へ移動 固定資産税・都市計画税 スマートフォン用ツール メニュー表示 自動翻訳 English 中文 Portgues Tiếng Việt Foreign language 背景変更 標準 黒 補助機能 ふりがな 文字拡大 元に戻す サイトマップ パソコン画面表示 ページの末尾へ くらし 妊娠・出産 子育て 学校教育 結婚・離婚 引越し・住まい 就職・退職 高齢者・介護 おくやみ 戸籍・住民票・印鑑登録 税 国民健康保険 国民年金 水道 交通 駐車・駐輪 都市計画 産業・事業 ごみ・環境保全 ペット 福祉 障がい者支援 消費生活 健康・医療 文化・"
"豊明市","23229","44","200","軽自動車税","https://www.city.toyoake.lg.jp/4244.htm","軽自動車税/豊明市 --> 本文へ移動 軽自動車税 スマートフォン用ツール メニュー表示 自動翻訳 English 中文 Portgues Tiếng Việt Foreign language 背景変更 標準 黒 補助機能 ふりがな 文字拡大 元に戻す サイトマップ パソコン画面表示 ページの末尾へ くらし 妊娠・出産 子育て 学校教育 結婚・離婚 引越し・住まい 就職・退職 高齢者・介護 おくやみ 戸籍・住民票・印鑑登録 税 国民健康保険 国民年金 水道 交通 駐車・駐輪 都市計画 産業・事業 ごみ・環境保全 ペット 福祉 障がい者支援 消費生活 健康・医療 文化・スポーツ・生涯学習 市民"
"豊明市","23229","44","200","たばこ税","https://www.city.toyoake.lg.jp/4245.htm","たばこ税/豊明市 --> 本文へ移動 たばこ税 スマートフォン用ツール メニュー表示 自動翻訳 English 中文 Portgues Tiếng Việt Foreign language 背景変更 標準 黒 補助機能 ふりがな 文字拡大 元に戻す サイトマップ パソコン画面表示 ページの末尾へ くらし 妊娠・出産 子育て 学校教育 結婚・離婚 引越し・住まい 就職・退職 高齢者・介護 おくやみ 戸籍・住民票・印鑑登録 税 国民健康保険 国民年金 水道 交通 駐車・駐輪 都市計画 産業・事業 ごみ・環境保全 ペット 福祉 障がい者支援 消費生活 健康・医療 文化・スポーツ・生涯学習 市民活動"
"豊明市","23229","44","200","下水道","https://www.city.toyoake.lg.jp/4265.htm","下水道/豊明市 --> 本文へ移動 下水道 スマートフォン用ツール メニュー表示 自動翻訳 English 中文 Portgues Tiếng Việt Foreign language 背景変更 標準 黒 補助機能 ふりがな 文字拡大 元に戻す サイトマップ パソコン画面表示 ページの末尾へ くらし 妊娠・出産 子育て 学校教育 結婚・離婚 引越し・住まい 就職・退職 高齢者・介護 おくやみ 戸籍・住民票・印鑑登録 税 国民健康保険 国民年金 水道 交通 駐車・駐輪 都市計画 産業・事業 ごみ・環境保全 ペット 福祉 障がい者支援 消費生活 健康・医療 文化・スポーツ・生涯学習 市民活動・コ"
"豊明市","23229","44","200","公共交通","https://www.city.toyoake.lg.jp/4267.htm","公共交通/豊明市 --> 本文へ移動 公共交通 スマートフォン用ツール メニュー表示 自動翻訳 English 中文 Portgues Tiếng Việt Foreign language 背景変更 標準 黒 補助機能 ふりがな 文字拡大 元に戻す サイトマップ パソコン画面表示 ページの末尾へ くらし 妊娠・出産 子育て 学校教育 結婚・離婚 引越し・住まい 就職・退職 高齢者・介護 おくやみ 戸籍・住民票・印鑑登録 税 国民健康保険 国民年金 水道 交通 駐車・駐輪 都市計画 産業・事業 ごみ・環境保全 ペット 福祉 障がい者支援 消費生活 健康・医療 文化・スポーツ・生涯学習 市民活動"
"豊明市","23229","44","200","市営月ぎめ駐車場","https://www.city.toyoake.lg.jp/4273.htm","市営月ぎめ駐車場/豊明市 --> 本文へ移動 市営月ぎめ駐車場 スマートフォン用ツール メニュー表示 自動翻訳 English 中文 Portgues Tiếng Việt Foreign language 背景変更 標準 黒 補助機能 ふりがな 文字拡大 元に戻す サイトマップ パソコン画面表示 ページの末尾へ くらし 妊娠・出産 子育て 学校教育 結婚・離婚 引越し・住まい 就職・退職 高齢者・介護 おくやみ 戸籍・住民票・印鑑登録 税 国民健康保険 国民年金 水道 交通 駐車・駐輪 都市計画 産業・事業 ごみ・環境保全 ペット 福祉 障がい者支援 消費生活 健康・医療 文化・スポーツ・生"
"豊明市","23229","44","200","河川","https://www.city.toyoake.lg.jp/4275.htm","河川/豊明市 --> 本文へ移動 河川 スマートフォン用ツール メニュー表示 自動翻訳 English 中文 Portgues Tiếng Việt Foreign language 背景変更 標準 黒 補助機能 ふりがな 文字拡大 元に戻す サイトマップ パソコン画面表示 ページの末尾へ くらし 妊娠・出産 子育て 学校教育 結婚・離婚 引越し・住まい 就職・退職 高齢者・介護 おくやみ 戸籍・住民票・印鑑登録 税 国民健康保険 国民年金 水道 交通 駐車・駐輪 都市計画 産業・事業 ごみ・環境保全 ペット 福祉 障がい者支援 消費生活 健康・医療 文化・スポーツ・生涯学習 市民活動・コミュ"
"豊明市","23229","44","200","道路","https://www.city.toyoake.lg.jp/4276.htm","道路/豊明市 --> 本文へ移動 道路 スマートフォン用ツール メニュー表示 自動翻訳 English 中文 Portgues Tiếng Việt Foreign language 背景変更 標準 黒 補助機能 ふりがな 文字拡大 元に戻す サイトマップ パソコン画面表示 ページの末尾へ くらし 妊娠・出産 子育て 学校教育 結婚・離婚 引越し・住まい 就職・退職 高齢者・介護 おくやみ 戸籍・住民票・印鑑登録 税 国民健康保険 国民年金 水道 交通 駐車・駐輪 都市計画 産業・事業 ごみ・環境保全 ペット 福祉 障がい者支援 消費生活 健康・医療 文化・スポーツ・生涯学習 市民活動・コミュ"
"豊明市","23229","44","200","公園・緑地","https://www.city.toyoake.lg.jp/4277.htm","公園・緑地/豊明市 --> 本文へ移動 公園・緑地 スマートフォン用ツール メニュー表示 自動翻訳 English 中文 Portgues Tiếng Việt Foreign language 背景変更 標準 黒 補助機能 ふりがな 文字拡大 元に戻す サイトマップ パソコン画面表示 ページの末尾へ くらし 妊娠・出産 子育て 学校教育 結婚・離婚 引越し・住まい 就職・退職 高齢者・介護 おくやみ 戸籍・住民票・印鑑登録 税 国民健康保険 国民年金 水道 交通 駐車・駐輪 都市計画 産業・事業 ごみ・環境保全 ペット 福祉 障がい者支援 消費生活 健康・医療 文化・スポーツ・生涯学習 市民"
"豊明市","23229","44","200","まちづくり","https://www.city.toyoake.lg.jp/4278.htm","まちづくり/豊明市 --> 本文へ移動 まちづくり スマートフォン用ツール メニュー表示 自動翻訳 English 中文 Portgues Tiếng Việt Foreign language 背景変更 標準 黒 補助機能 ふりがな 文字拡大 元に戻す サイトマップ パソコン画面表示 ページの末尾へ くらし 妊娠・出産 子育て 学校教育 結婚・離婚 引越し・住まい 就職・退職 高齢者・介護 おくやみ 戸籍・住民票・印鑑登録 税 国民健康保険 国民年金 水道 交通 駐車・駐輪 都市計画 産業・事業 ごみ・環境保全 ペット 福祉 障がい者支援 消費生活 健康・医療 文化・スポーツ・生涯学習 市民"
"豊明市","23229","44","200","農業者関係","https://www.city.toyoake.lg.jp/4302.htm","農業者関係/豊明市 --> 本文へ移動 農業者関係 スマートフォン用ツール メニュー表示 自動翻訳 English 中文 Portgues Tiếng Việt Foreign language 背景変更 標準 黒 補助機能 ふりがな 文字拡大 元に戻す サイトマップ パソコン画面表示 ページの末尾へ くらし 妊娠・出産 子育て 学校教育 結婚・離婚 引越し・住まい 就職・退職 高齢者・介護 おくやみ 戸籍・住民票・印鑑登録 税 国民健康保険 国民年金 水道 交通 駐車・駐輪 都市計画 産業・事業 ごみ・環境保全 ペット 福祉 障がい者支援 消費生活 健康・医療 文化・スポーツ・生涯学習 市民"
"豊明市","23229","44","200","森林関係","https://www.city.toyoake.lg.jp/4303.htm","森林関係/豊明市 --> 本文へ移動 森林関係 スマートフォン用ツール メニュー表示 自動翻訳 English 中文 Portgues Tiếng Việt Foreign language 背景変更 標準 黒 補助機能 ふりがな 文字拡大 元に戻す サイトマップ パソコン画面表示 ページの末尾へ くらし 妊娠・出産 子育て 学校教育 結婚・離婚 引越し・住まい 就職・退職 高齢者・介護 おくやみ 戸籍・住民票・印鑑登録 税 国民健康保険 国民年金 水道 交通 駐車・駐輪 都市計画 産業・事業 ごみ・環境保全 ペット 福祉 障がい者支援 消費生活 健康・医療 文化・スポーツ・生涯学習 市民活動"
"豊明市","23229","44","200","ごみとリサイクル","https://www.city.toyoake.lg.jp/4306.htm","ごみとリサイクル/豊明市 --> 本文へ移動 ごみとリサイクル スマートフォン用ツール メニュー表示 自動翻訳 English 中文 Portgues Tiếng Việt Foreign language 背景変更 標準 黒 補助機能 ふりがな 文字拡大 元に戻す サイトマップ パソコン画面表示 ページの末尾へ くらし 妊娠・出産 子育て 学校教育 結婚・離婚 引越し・住まい 就職・退職 高齢者・介護 おくやみ 戸籍・住民票・印鑑登録 税 国民健康保険 国民年金 水道 交通 駐車・駐輪 都市計画 産業・事業 ごみ・環境保全 ペット 福祉 障がい者支援 消費生活 健康・医療 文化・スポーツ・生"
"豊明市","23229","44","200","職場で出るごみ","https://www.city.toyoake.lg.jp/4307.htm","職場で出るごみ/豊明市 --> 本文へ移動 職場で出るごみ スマートフォン用ツール メニュー表示 自動翻訳 English 中文 Portgues Tiếng Việt Foreign language 背景変更 標準 黒 補助機能 ふりがな 文字拡大 元に戻す サイトマップ パソコン画面表示 ページの末尾へ くらし 妊娠・出産 子育て 学校教育 結婚・離婚 引越し・住まい 就職・退職 高齢者・介護 おくやみ 戸籍・住民票・印鑑登録 税 国民健康保険 国民年金 水道 交通 駐車・駐輪 都市計画 産業・事業 ごみ・環境保全 ペット 福祉 障がい者支援 消費生活 健康・医療 文化・スポーツ・生涯学"
"豊明市","23229","44","200","ご家庭で出るごみ","https://www.city.toyoake.lg.jp/4308.htm","ご家庭で出るごみ/豊明市 --> 本文へ移動 ご家庭で出るごみ スマートフォン用ツール メニュー表示 自動翻訳 English 中文 Portgues Tiếng Việt Foreign language 背景変更 標準 黒 補助機能 ふりがな 文字拡大 元に戻す サイトマップ パソコン画面表示 ページの末尾へ くらし 妊娠・出産 子育て 学校教育 結婚・離婚 引越し・住まい 就職・退職 高齢者・介護 おくやみ 戸籍・住民票・印鑑登録 税 国民健康保険 国民年金 水道 交通 駐車・駐輪 都市計画 産業・事業 ごみ・環境保全 ペット 福祉 障がい者支援 消費生活 健康・医療 文化・スポーツ・生"
"豊明市","23229","44","200","環境保全","https://www.city.toyoake.lg.jp/4309.htm","環境保全/豊明市 --> 本文へ移動 環境保全 スマートフォン用ツール メニュー表示 自動翻訳 English 中文 Portgues Tiếng Việt Foreign language 背景変更 標準 黒 補助機能 ふりがな 文字拡大 元に戻す サイトマップ パソコン画面表示 ページの末尾へ くらし 妊娠・出産 子育て 学校教育 結婚・離婚 引越し・住まい 就職・退職 高齢者・介護 おくやみ 戸籍・住民票・印鑑登録 税 国民健康保険 国民年金 水道 交通 駐車・駐輪 都市計画 産業・事業 ごみ・環境保全 ペット 福祉 障がい者支援 消費生活 健康・医療 文化・スポーツ・生涯学習 市民活動"
"豊明市","23229","44","200","温暖化対策","https://www.city.toyoake.lg.jp/4311.htm","温暖化対策/豊明市 --> 本文へ移動 温暖化対策 スマートフォン用ツール メニュー表示 自動翻訳 English 中文 Portgues Tiếng Việt Foreign language 背景変更 標準 黒 補助機能 ふりがな 文字拡大 元に戻す サイトマップ パソコン画面表示 ページの末尾へ くらし 妊娠・出産 子育て 学校教育 結婚・離婚 引越し・住まい 就職・退職 高齢者・介護 おくやみ 戸籍・住民票・印鑑登録 税 国民健康保険 国民年金 水道 交通 駐車・駐輪 都市計画 産業・事業 ごみ・環境保全 ペット 福祉 障がい者支援 消費生活 健康・医療 文化・スポーツ・生涯学習 市民"
"豊明市","23229","44","200","新エネルギー普及促進","https://www.city.toyoake.lg.jp/4314.htm","新エネルギー普及促進/豊明市 --> 本文へ移動 新エネルギー普及促進 スマートフォン用ツール メニュー表示 自動翻訳 English 中文 Portgues Tiếng Việt Foreign language 背景変更 標準 黒 補助機能 ふりがな 文字拡大 元に戻す サイトマップ パソコン画面表示 ページの末尾へ くらし 妊娠・出産 子育て 学校教育 結婚・離婚 引越し・住まい 就職・退職 高齢者・介護 おくやみ 戸籍・住民票・印鑑登録 税 国民健康保険 国民年金 水道 交通 駐車・駐輪 都市計画 産業・事業 ごみ・環境保全 ペット 福祉 障がい者支援 消費生活 健康・医療 文化・スポ"
"豊明市","23229","44","200","ペットを飼い始めた方へ","https://www.city.toyoake.lg.jp/4327.htm","ペットを飼い始めた方へ/豊明市 --> 本文へ移動 ペットを飼い始めた方へ スマートフォン用ツール メニュー表示 自動翻訳 English 中文 Portgues Tiếng Việt Foreign language 背景変更 標準 黒 補助機能 ふりがな 文字拡大 元に戻す サイトマップ パソコン画面表示 ページの末尾へ くらし 妊娠・出産 子育て 学校教育 結婚・離婚 引越し・住まい 就職・退職 高齢者・介護 おくやみ 戸籍・住民票・印鑑登録 税 国民健康保険 国民年金 水道 交通 駐車・駐輪 都市計画 産業・事業 ごみ・環境保全 ペット 福祉 障がい者支援 消費生活 健康・医療 文化・"
"豊明市","23229","44","200","災害等義援金（日本赤十字社）","https://www.city.toyoake.lg.jp/4332.htm","災害等義援金（日本赤十字社）/豊明市 --> 本文へ移動 災害等義援金（日本赤十字社） スマートフォン用ツール メニュー表示 自動翻訳 English 中文 Portgues Tiếng Việt Foreign language 背景変更 標準 黒 補助機能 ふりがな 文字拡大 元に戻す サイトマップ パソコン画面表示 ページの末尾へ くらし 妊娠・出産 子育て 学校教育 結婚・離婚 引越し・住まい 就職・退職 高齢者・介護 おくやみ 戸籍・住民票・印鑑登録 税 国民健康保険 国民年金 水道 交通 駐車・駐輪 都市計画 産業・事業 ごみ・環境保全 ペット 福祉 障がい者支援 消費生活 健康・"
"豊明市","23229","44","200","障がいのある方","https://www.city.toyoake.lg.jp/4333.htm","障がいのある方/豊明市 --> 本文へ移動 障がいのある方 スマートフォン用ツール メニュー表示 自動翻訳 English 中文 Portgues Tiếng Việt Foreign language 背景変更 標準 黒 補助機能 ふりがな 文字拡大 元に戻す サイトマップ パソコン画面表示 ページの末尾へ くらし 妊娠・出産 子育て 学校教育 結婚・離婚 引越し・住まい 就職・退職 高齢者・介護 おくやみ 戸籍・住民票・印鑑登録 税 国民健康保険 国民年金 水道 交通 駐車・駐輪 都市計画 産業・事業 ごみ・環境保全 ペット 福祉 障がい者支援 消費生活 健康・医療 文化・スポーツ・生涯学"
"豊明市","23229","44","200","生活にお困りの方","https://www.city.toyoake.lg.jp/4334.htm","生活にお困りの方/豊明市 --> 本文へ移動 生活にお困りの方 スマートフォン用ツール メニュー表示 自動翻訳 English 中文 Portgues Tiếng Việt Foreign language 背景変更 標準 黒 補助機能 ふりがな 文字拡大 元に戻す サイトマップ パソコン画面表示 ページの末尾へ くらし 妊娠・出産 子育て 学校教育 結婚・離婚 引越し・住まい 就職・退職 高齢者・介護 おくやみ 戸籍・住民票・印鑑登録 税 国民健康保険 国民年金 水道 交通 駐車・駐輪 都市計画 産業・事業 ごみ・環境保全 ペット 福祉 障がい者支援 消費生活 健康・医療 文化・スポーツ・生"
"豊明市","23229","44","200","相談窓口","https://www.city.toyoake.lg.jp/4335.htm","相談窓口/豊明市 --> 本文へ移動 相談窓口 スマートフォン用ツール メニュー表示 自動翻訳 English 中文 Portgues Tiếng Việt Foreign language 背景変更 標準 黒 補助機能 ふりがな 文字拡大 元に戻す サイトマップ パソコン画面表示 ページの末尾へ くらし 妊娠・出産 子育て 学校教育 結婚・離婚 引越し・住まい 就職・退職 高齢者・介護 おくやみ 戸籍・住民票・印鑑登録 税 国民健康保険 国民年金 水道 交通 駐車・駐輪 都市計画 産業・事業 ごみ・環境保全 ペット 福祉 障がい者支援 消費生活 健康・医療 文化・スポーツ・生涯学習 市民活動"
"豊明市","23229","44","200","その他","https://www.city.toyoake.lg.jp/4359.htm","その他/豊明市 --> 本文へ移動 その他 スマートフォン用ツール メニュー表示 自動翻訳 English 中文 Portgues Tiếng Việt Foreign language 背景変更 標準 黒 補助機能 ふりがな 文字拡大 元に戻す サイトマップ パソコン画面表示 ページの末尾へ くらし 妊娠・出産 子育て 学校教育 結婚・離婚 引越し・住まい 就職・退職 高齢者・介護 おくやみ 戸籍・住民票・印鑑登録 税 国民健康保険 国民年金 水道 交通 駐車・駐輪 都市計画 産業・事業 ごみ・環境保全 ペット 福祉 障がい者支援 消費生活 健康・医療 文化・スポーツ・生涯学習 市民活動・コ"
"豊明市","23229","44","200","食育","https://www.city.toyoake.lg.jp/4363.htm","食育/豊明市 --> 本文へ移動 食育 スマートフォン用ツール メニュー表示 自動翻訳 English 中文 Portgues Tiếng Việt Foreign language 背景変更 標準 黒 補助機能 ふりがな 文字拡大 元に戻す サイトマップ パソコン画面表示 ページの末尾へ くらし 妊娠・出産 子育て 学校教育 結婚・離婚 引越し・住まい 就職・退職 高齢者・介護 おくやみ 戸籍・住民票・印鑑登録 税 国民健康保険 国民年金 水道 交通 駐車・駐輪 都市計画 産業・事業 ごみ・環境保全 ペット 福祉 障がい者支援 消費生活 健康・医療 文化・スポーツ・生涯学習 市民活動・コミュ"
"豊明市","23229","44","200","とよあけヘルシーレシピ","https://www.city.toyoake.lg.jp/4364.htm","とよあけヘルシーレシピ/豊明市 --> 本文へ移動 とよあけヘルシーレシピ スマートフォン用ツール メニュー表示 自動翻訳 English 中文 Portgues Tiếng Việt Foreign language 背景変更 標準 黒 補助機能 ふりがな 文字拡大 元に戻す サイトマップ パソコン画面表示 ページの末尾へ くらし 妊娠・出産 子育て 学校教育 結婚・離婚 引越し・住まい 就職・退職 高齢者・介護 おくやみ 戸籍・住民票・印鑑登録 税 国民健康保険 国民年金 水道 交通 駐車・駐輪 都市計画 産業・事業 ごみ・環境保全 ペット 福祉 障がい者支援 消費生活 健康・医療 文化・"
"豊明市","23229","44","200","成人の健康（ウオーキング、プラス10、食生活、健康手帳、更年期について）","https://www.city.toyoake.lg.jp/4365.htm","成人の健康（ウオーキング、プラス10、食生活、健康手帳、更年期について）/豊明市 --> 本文へ移動 成人の健康（ウオーキング、プラス10、食生活、健康手帳、更年期について） スマートフォン用ツール メニュー表示 自動翻訳 English 中文 Portgues Tiếng Việt Foreign language 背景変更 標準 黒 補助機能 ふりがな 文字拡大 元に戻す サイトマップ パソコン画面表示 ページの末尾へ くらし 妊娠・出産 子育て 学校教育 結婚・離婚 引越し・住まい 就職・退職 高齢者・介護 おくやみ 戸籍・住民票・印鑑登録 税 国民健康保険 国民年金 水道 交通 駐車・"
"豊明市","23229","44","200","乳幼児健診","https://www.city.toyoake.lg.jp/4366.htm","乳幼児健診/豊明市 --> 本文へ移動 乳幼児健診 スマートフォン用ツール メニュー表示 自動翻訳 English 中文 Portgues Tiếng Việt Foreign language 背景変更 標準 黒 補助機能 ふりがな 文字拡大 元に戻す サイトマップ パソコン画面表示 ページの末尾へ くらし 妊娠・出産 子育て 学校教育 結婚・離婚 引越し・住まい 就職・退職 高齢者・介護 おくやみ 戸籍・住民票・印鑑登録 税 国民健康保険 国民年金 水道 交通 駐車・駐輪 都市計画 産業・事業 ごみ・環境保全 ペット 福祉 障がい者支援 消費生活 健康・医療 文化・スポーツ・生涯学習 市民"
"豊明市","23229","44","200","とよあけ健康大金星マイレージ","https://www.city.toyoake.lg.jp/4367.htm","とよあけ健康大金星マイレージ/豊明市 --> 本文へ移動 とよあけ健康大金星マイレージ スマートフォン用ツール メニュー表示 自動翻訳 English 中文 Portgues Tiếng Việt Foreign language 背景変更 標準 黒 補助機能 ふりがな 文字拡大 元に戻す サイトマップ パソコン画面表示 ページの末尾へ くらし 妊娠・出産 子育て 学校教育 結婚・離婚 引越し・住まい 就職・退職 高齢者・介護 おくやみ 戸籍・住民票・印鑑登録 税 国民健康保険 国民年金 水道 交通 駐車・駐輪 都市計画 産業・事業 ごみ・環境保全 ペット 福祉 障がい者支援 消費生活 健康・"
"豊明市","23229","44","200","生涯学習","https://www.city.toyoake.lg.jp/4375.htm","生涯学習/豊明市 --> 本文へ移動 生涯学習 スマートフォン用ツール メニュー表示 自動翻訳 English 中文 Portgues Tiếng Việt Foreign language 背景変更 標準 黒 補助機能 ふりがな 文字拡大 元に戻す サイトマップ パソコン画面表示 ページの末尾へ くらし 妊娠・出産 子育て 学校教育 結婚・離婚 引越し・住まい 就職・退職 高齢者・介護 おくやみ 戸籍・住民票・印鑑登録 税 国民健康保険 国民年金 水道 交通 駐車・駐輪 都市計画 産業・事業 ごみ・環境保全 ペット 福祉 障がい者支援 消費生活 健康・医療 文化・スポーツ・生涯学習 市民活動"
"豊明市","23229","44","200","スポーツに関する取り組み","https://www.city.toyoake.lg.jp/4377.htm","スポーツに関する取り組み/豊明市 --> 本文へ移動 スポーツに関する取り組み スマートフォン用ツール メニュー表示 自動翻訳 English 中文 Portgues Tiếng Việt Foreign language 背景変更 標準 黒 補助機能 ふりがな 文字拡大 元に戻す サイトマップ パソコン画面表示 ページの末尾へ くらし 妊娠・出産 子育て 学校教育 結婚・離婚 引越し・住まい 就職・退職 高齢者・介護 おくやみ 戸籍・住民票・印鑑登録 税 国民健康保険 国民年金 水道 交通 駐車・駐輪 都市計画 産業・事業 ごみ・環境保全 ペット 福祉 障がい者支援 消費生活 健康・医療 文"
"豊明市","23229","44","200","スポーツに関するお知らせ","https://www.city.toyoake.lg.jp/4378.htm","スポーツに関するお知らせ/豊明市 --> 本文へ移動 スポーツに関するお知らせ スマートフォン用ツール メニュー表示 自動翻訳 English 中文 Portgues Tiếng Việt Foreign language 背景変更 標準 黒 補助機能 ふりがな 文字拡大 元に戻す サイトマップ パソコン画面表示 ページの末尾へ くらし 妊娠・出産 子育て 学校教育 結婚・離婚 引越し・住まい 就職・退職 高齢者・介護 おくやみ 戸籍・住民票・印鑑登録 税 国民健康保険 国民年金 水道 交通 駐車・駐輪 都市計画 産業・事業 ごみ・環境保全 ペット 福祉 障がい者支援 消費生活 健康・医療 文"
"豊明市","23229","44","200","市民活動","https://www.city.toyoake.lg.jp/4384.htm","市民活動/豊明市 --> 本文へ移動 市民活動 スマートフォン用ツール メニュー表示 自動翻訳 English 中文 Portgues Tiếng Việt Foreign language 背景変更 標準 黒 補助機能 ふりがな 文字拡大 元に戻す サイトマップ パソコン画面表示 ページの末尾へ くらし 妊娠・出産 子育て 学校教育 結婚・離婚 引越し・住まい 就職・退職 高齢者・介護 おくやみ 戸籍・住民票・印鑑登録 税 国民健康保険 国民年金 水道 交通 駐車・駐輪 都市計画 産業・事業 ごみ・環境保全 ペット 福祉 障がい者支援 消費生活 健康・医療 文化・スポーツ・生涯学習 市民活動"
"豊明市","23229","44","200","区・町内会活動","https://www.city.toyoake.lg.jp/4386.htm","区・町内会活動/豊明市 --> 本文へ移動 区・町内会活動 スマートフォン用ツール メニュー表示 自動翻訳 English 中文 Portgues Tiếng Việt Foreign language 背景変更 標準 黒 補助機能 ふりがな 文字拡大 元に戻す サイトマップ パソコン画面表示 ページの末尾へ くらし 妊娠・出産 子育て 学校教育 結婚・離婚 引越し・住まい 就職・退職 高齢者・介護 おくやみ 戸籍・住民票・印鑑登録 税 国民健康保険 国民年金 水道 交通 駐車・駐輪 都市計画 産業・事業 ごみ・環境保全 ペット 福祉 障がい者支援 消費生活 健康・医療 文化・スポーツ・生涯学"
"豊明市","23229","44","200","がいこくじんのみなさまへ","https://www.city.toyoake.lg.jp/4610.htm","がいこくじんのみなさまへ/豊明市 --> 本文へ移動 がいこくじんのみなさまへ スマートフォン用ツール メニュー表示 自動翻訳 English 中文 Portgues Tiếng Việt Foreign language 背景変更 標準 黒 補助機能 ふりがな 文字拡大 元に戻す サイトマップ パソコン画面表示 ページの末尾へ くらし 妊娠・出産 子育て 学校教育 結婚・離婚 引越し・住まい 就職・退職 高齢者・介護 おくやみ 戸籍・住民票・印鑑登録 税 国民健康保険 国民年金 水道 交通 駐車・駐輪 都市計画 産業・事業 ごみ・環境保全 ペット 福祉 障がい者支援 消費生活 健康・医療 文"
"豊明市","23229","44","200","行政活動情報","https://www.city.toyoake.lg.jp/4799.htm","行政活動情報/豊明市 --> 本文へ移動 行政活動情報 スマートフォン用ツール メニュー表示 自動翻訳 English 中文 Portgues Tiếng Việt Foreign language 背景変更 標準 黒 補助機能 ふりがな 文字拡大 元に戻す サイトマップ パソコン画面表示 ページの末尾へ くらし 妊娠・出産 子育て 学校教育 結婚・離婚 引越し・住まい 就職・退職 高齢者・介護 おくやみ 戸籍・住民票・印鑑登録 税 国民健康保険 国民年金 水道 交通 駐車・駐輪 都市計画 産業・事業 ごみ・環境保全 ペット 福祉 障がい者支援 消費生活 健康・医療 文化・スポーツ・生涯学習 "
"豊明市","23229","44","200","豊明市公式SNS","https://www.city.toyoake.lg.jp/5105.htm","豊明市公式SNS/豊明市 --> 本文へ移動 豊明市公式SNS スマートフォン用ツール メニュー表示 自動翻訳 English 中文 Portgues Tiếng Việt Foreign language 背景変更 標準 黒 補助機能 ふりがな 文字拡大 元に戻す サイトマップ パソコン画面表示 ページの末尾へ くらし 妊娠・出産 子育て 学校教育 結婚・離婚 引越し・住まい 就職・退職 高齢者・介護 おくやみ 戸籍・住民票・印鑑登録 税 国民健康保険 国民年金 水道 交通 駐車・駐輪 都市計画 産業・事業 ごみ・環境保全 ペット 福祉 障がい者支援 消費生活 健康・医療 文化・スポーツ・生"
"豊明市","23229","44","200","豊明市河川水位情報","https://www.city.toyoake.lg.jp/5134.htm","豊明市河川水位情報/豊明市 --> 本文へ移動 豊明市河川水位情報 スマートフォン用ツール メニュー表示 自動翻訳 English 中文 Portgues Tiếng Việt Foreign language 背景変更 標準 黒 補助機能 ふりがな 文字拡大 元に戻す サイトマップ パソコン画面表示 ページの末尾へ くらし 妊娠・出産 子育て 学校教育 結婚・離婚 引越し・住まい 就職・退職 高齢者・介護 おくやみ 戸籍・住民票・印鑑登録 税 国民健康保険 国民年金 水道 交通 駐車・駐輪 都市計画 産業・事業 ごみ・環境保全 ペット 福祉 障がい者支援 消費生活 健康・医療 文化・スポーツ"
"豊明市","23229","44","200","こども・教育","https://www.city.toyoake.lg.jp/5608.htm","こども・教育/豊明市 --> 本文へ移動 こども・教育 スマートフォン用ツール メニュー表示 自動翻訳 English 中文 Portgues Tiếng Việt Foreign language 背景変更 標準 黒 補助機能 ふりがな 文字拡大 元に戻す サイトマップ パソコン画面表示 ページの末尾へ くらし 妊娠・出産 子育て 学校教育 結婚・離婚 引越し・住まい 就職・退職 高齢者・介護 おくやみ 戸籍・住民票・印鑑登録 税 国民健康保険 国民年金 水道 交通 駐車・駐輪 都市計画 産業・事業 ごみ・環境保全 ペット 福祉 障がい者支援 消費生活 健康・医療 文化・スポーツ・生涯学習 "
"豊明市","23229","44","200","事業者向け","https://www.city.toyoake.lg.jp/5610.htm","事業者向け/豊明市 --> 本文へ移動 事業者向け スマートフォン用ツール メニュー表示 自動翻訳 English 中文 Portgues Tiếng Việt Foreign language 背景変更 標準 黒 補助機能 ふりがな 文字拡大 元に戻す サイトマップ パソコン画面表示 ページの末尾へ くらし 妊娠・出産 子育て 学校教育 結婚・離婚 引越し・住まい 就職・退職 高齢者・介護 おくやみ 戸籍・住民票・印鑑登録 税 国民健康保険 国民年金 水道 交通 駐車・駐輪 都市計画 産業・事業 ごみ・環境保全 ペット 福祉 障がい者支援 消費生活 健康・医療 文化・スポーツ・生涯学習 市民"
"豊明市","23229","44","200","市政情報","https://www.city.toyoake.lg.jp/5611.htm","市政情報/豊明市 --> 本文へ移動 市政情報 スマートフォン用ツール メニュー表示 自動翻訳 English 中文 Portgues Tiếng Việt Foreign language 背景変更 標準 黒 補助機能 ふりがな 文字拡大 元に戻す サイトマップ パソコン画面表示 ページの末尾へ くらし 妊娠・出産 子育て 学校教育 結婚・離婚 引越し・住まい 就職・退職 高齢者・介護 おくやみ 戸籍・住民票・印鑑登録 税 国民健康保険 国民年金 水道 交通 駐車・駐輪 都市計画 産業・事業 ごみ・環境保全 ペット 福祉 障がい者支援 消費生活 健康・医療 文化・スポーツ・生涯学習 市民活動"
"豊明市","23229","44","200","福祉医療","https://www.city.toyoake.lg.jp/5790.htm","福祉医療/豊明市 --> 本文へ移動 福祉医療 スマートフォン用ツール メニュー表示 自動翻訳 English 中文 Portgues Tiếng Việt Foreign language 背景変更 標準 黒 補助機能 ふりがな 文字拡大 元に戻す サイトマップ パソコン画面表示 ページの末尾へ くらし 妊娠・出産 子育て 学校教育 結婚・離婚 引越し・住まい 就職・退職 高齢者・介護 おくやみ 戸籍・住民票・印鑑登録 税 国民健康保険 国民年金 水道 交通 駐車・駐輪 都市計画 産業・事業 ごみ・環境保全 ペット 福祉 障がい者支援 消費生活 健康・医療 文化・スポーツ・生涯学習 市民活動"
"豊明市","23229","44","200","国民年金","https://www.city.toyoake.lg.jp/5792.htm","国民年金/豊明市 --> 本文へ移動 国民年金 スマートフォン用ツール メニュー表示 自動翻訳 English 中文 Portgues Tiếng Việt Foreign language 背景変更 標準 黒 補助機能 ふりがな 文字拡大 元に戻す サイトマップ パソコン画面表示 ページの末尾へ くらし 妊娠・出産 子育て 学校教育 結婚・離婚 引越し・住まい 就職・退職 高齢者・介護 おくやみ 戸籍・住民票・印鑑登録 税 国民健康保険 国民年金 水道 交通 駐車・駐輪 都市計画 産業・事業 ごみ・環境保全 ペット 福祉 障がい者支援 消費生活 健康・医療 文化・スポーツ・生涯学習 市民活動"
"豊明市","23229","44","200","国民健康保険からのお知らせ","https://www.city.toyoake.lg.jp/5821.htm","国民健康保険からのお知らせ/豊明市 --> 本文へ移動 国民健康保険からのお知らせ スマートフォン用ツール メニュー表示 自動翻訳 English 中文 Portgues Tiếng Việt Foreign language 背景変更 標準 黒 補助機能 ふりがな 文字拡大 元に戻す サイトマップ パソコン画面表示 ページの末尾へ くらし 妊娠・出産 子育て 学校教育 結婚・離婚 引越し・住まい 就職・退職 高齢者・介護 おくやみ 戸籍・住民票・印鑑登録 税 国民健康保険 国民年金 水道 交通 駐車・駐輪 都市計画 産業・事業 ごみ・環境保全 ペット 福祉 障がい者支援 消費生活 健康・医療"
"豊明市","23229","44","200","国民健康保険のしくみ","https://www.city.toyoake.lg.jp/5826.htm","国民健康保険のしくみ/豊明市 --> 本文へ移動 国民健康保険のしくみ スマートフォン用ツール メニュー表示 自動翻訳 English 中文 Portgues Tiếng Việt Foreign language 背景変更 標準 黒 補助機能 ふりがな 文字拡大 元に戻す サイトマップ パソコン画面表示 ページの末尾へ くらし 妊娠・出産 子育て 学校教育 結婚・離婚 引越し・住まい 就職・退職 高齢者・介護 おくやみ 戸籍・住民票・印鑑登録 税 国民健康保険 国民年金 水道 交通 駐車・駐輪 都市計画 産業・事業 ごみ・環境保全 ペット 福祉 障がい者支援 消費生活 健康・医療 文化・スポ"
"豊明市","23229","44","200","保険税について","https://www.city.toyoake.lg.jp/5840.htm","保険税について/豊明市 --> 本文へ移動 保険税について スマートフォン用ツール メニュー表示 自動翻訳 English 中文 Portgues Tiếng Việt Foreign language 背景変更 標準 黒 補助機能 ふりがな 文字拡大 元に戻す サイトマップ パソコン画面表示 ページの末尾へ くらし 妊娠・出産 子育て 学校教育 結婚・離婚 引越し・住まい 就職・退職 高齢者・介護 おくやみ 戸籍・住民票・印鑑登録 税 国民健康保険 国民年金 水道 交通 駐車・駐輪 都市計画 産業・事業 ごみ・環境保全 ペット 福祉 障がい者支援 消費生活 健康・医療 文化・スポーツ・生涯学"
"豊明市","23229","44","200","保険資格（マイナ保険証等）について","https://www.city.toyoake.lg.jp/5849.htm","保険資格（マイナ保険証等）について/豊明市 --> 本文へ移動 保険資格（マイナ保険証等）について スマートフォン用ツール メニュー表示 自動翻訳 English 中文 Portgues Tiếng Việt Foreign language 背景変更 標準 黒 補助機能 ふりがな 文字拡大 元に戻す サイトマップ パソコン画面表示 ページの末尾へ くらし 妊娠・出産 子育て 学校教育 結婚・離婚 引越し・住まい 就職・退職 高齢者・介護 おくやみ 戸籍・住民票・印鑑登録 税 国民健康保険 国民年金 水道 交通 駐車・駐輪 都市計画 産業・事業 ごみ・環境保全 ペット 福祉 障がい者支援 消費"
"豊明市","23229","44","200","文化会館","https://www.city.toyoake.lg.jp/6154.htm","文化会館/豊明市 --> 本文へ移動 文化会館 スマートフォン用ツール メニュー表示 自動翻訳 English 中文 Portgues Tiếng Việt Foreign language 背景変更 標準 黒 補助機能 ふりがな 文字拡大 元に戻す サイトマップ パソコン画面表示 ページの末尾へ くらし 妊娠・出産 子育て 学校教育 結婚・離婚 引越し・住まい 就職・退職 高齢者・介護 おくやみ 戸籍・住民票・印鑑登録 税 国民健康保険 国民年金 水道 交通 駐車・駐輪 都市計画 産業・事業 ごみ・環境保全 ペット 福祉 障がい者支援 消費生活 健康・医療 文化・スポーツ・生涯学習 市民活動"
"豊明市","23229","44","200","健診・検診について","https://www.city.toyoake.lg.jp/6156.htm","健診・検診について/豊明市 --> 本文へ移動 健診・検診について スマートフォン用ツール メニュー表示 自動翻訳 English 中文 Portgues Tiếng Việt Foreign language 背景変更 標準 黒 補助機能 ふりがな 文字拡大 元に戻す サイトマップ パソコン画面表示 ページの末尾へ くらし 妊娠・出産 子育て 学校教育 結婚・離婚 引越し・住まい 就職・退職 高齢者・介護 おくやみ 戸籍・住民票・印鑑登録 税 国民健康保険 国民年金 水道 交通 駐車・駐輪 都市計画 産業・事業 ごみ・環境保全 ペット 福祉 障がい者支援 消費生活 健康・医療 文化・スポーツ"
"豊明市","23229","44","200","お知らせ","https://www.city.toyoake.lg.jp/6226.htm","お知らせ/豊明市 --> 本文へ移動 お知らせ スマートフォン用ツール メニュー表示 自動翻訳 English 中文 Portgues Tiếng Việt Foreign language 背景変更 標準 黒 補助機能 ふりがな 文字拡大 元に戻す サイトマップ パソコン画面表示 ページの末尾へ くらし 妊娠・出産 子育て 学校教育 結婚・離婚 引越し・住まい 就職・退職 高齢者・介護 おくやみ 戸籍・住民票・印鑑登録 税 国民健康保険 国民年金 水道 交通 駐車・駐輪 都市計画 産業・事業 ごみ・環境保全 ペット 福祉 障がい者支援 消費生活 健康・医療 文化・スポーツ・生涯学習 市民活動"
"豊明市","23229","44","200","子育て支援センター","https://www.city.toyoake.lg.jp/6250.htm","子育て支援センター/豊明市 --> 本文へ移動 子育て支援センター スマートフォン用ツール メニュー表示 自動翻訳 English 中文 Portgues Tiếng Việt Foreign language 背景変更 標準 黒 補助機能 ふりがな 文字拡大 元に戻す サイトマップ パソコン画面表示 ページの末尾へ くらし 妊娠・出産 子育て 学校教育 結婚・離婚 引越し・住まい 就職・退職 高齢者・介護 おくやみ 戸籍・住民票・印鑑登録 税 国民健康保険 国民年金 水道 交通 駐車・駐輪 都市計画 産業・事業 ごみ・環境保全 ペット 福祉 障がい者支援 消費生活 健康・医療 文化・スポーツ"
"豊明市","23229","44","200","実施計画","https://www.city.toyoake.lg.jp/6292.htm","実施計画/豊明市 --> 本文へ移動 実施計画 スマートフォン用ツール メニュー表示 自動翻訳 English 中文 Portgues Tiếng Việt Foreign language 背景変更 標準 黒 補助機能 ふりがな 文字拡大 元に戻す サイトマップ パソコン画面表示 ページの末尾へ くらし 妊娠・出産 子育て 学校教育 結婚・離婚 引越し・住まい 就職・退職 高齢者・介護 おくやみ 戸籍・住民票・印鑑登録 税 国民健康保険 国民年金 水道 交通 駐車・駐輪 都市計画 産業・事業 ごみ・環境保全 ペット 福祉 障がい者支援 消費生活 健康・医療 文化・スポーツ・生涯学習 市民活動"
"豊明市","23229","44","200","セミナー","https://www.city.toyoake.lg.jp/6340.htm","セミナー/豊明市 --> 本文へ移動 セミナー スマートフォン用ツール メニュー表示 自動翻訳 English 中文 Portgues Tiếng Việt Foreign language 背景変更 標準 黒 補助機能 ふりがな 文字拡大 元に戻す サイトマップ パソコン画面表示 ページの末尾へ くらし 妊娠・出産 子育て 学校教育 結婚・離婚 引越し・住まい 就職・退職 高齢者・介護 おくやみ 戸籍・住民票・印鑑登録 税 国民健康保険 国民年金 水道 交通 駐車・駐輪 都市計画 産業・事業 ごみ・環境保全 ペット 福祉 障がい者支援 消費生活 健康・医療 文化・スポーツ・生涯学習 市民活動"
"豊明市","23229","44","200","福祉体育館","https://www.city.toyoake.lg.jp/6549.htm","福祉体育館/豊明市 --> 本文へ移動 福祉体育館 スマートフォン用ツール メニュー表示 自動翻訳 English 中文 Portgues Tiếng Việt Foreign language 背景変更 標準 黒 補助機能 ふりがな 文字拡大 元に戻す サイトマップ パソコン画面表示 ページの末尾へ くらし 妊娠・出産 子育て 学校教育 結婚・離婚 引越し・住まい 就職・退職 高齢者・介護 おくやみ 戸籍・住民票・印鑑登録 税 国民健康保険 国民年金 水道 交通 駐車・駐輪 都市計画 産業・事業 ごみ・環境保全 ペット 福祉 障がい者支援 消費生活 健康・医療 文化・スポーツ・生涯学習 市民"
"豊明市","23229","44","200","各種届出窓口のご案内","https://www.city.toyoake.lg.jp/9085.htm","各種届出窓口のご案内/豊明市 --> 本文へ移動 各種届出窓口のご案内 スマートフォン用ツール メニュー表示 自動翻訳 English 中文 Portgues Tiếng Việt Foreign language 背景変更 標準 黒 補助機能 ふりがな 文字拡大 元に戻す サイトマップ パソコン画面表示 ページの末尾へ くらし 妊娠・出産 子育て 学校教育 結婚・離婚 引越し・住まい 就職・退職 高齢者・介護 おくやみ 戸籍・住民票・印鑑登録 税 国民健康保険 国民年金 水道 交通 駐車・駐輪 都市計画 産業・事業 ごみ・環境保全 ペット 福祉 障がい者支援 消費生活 健康・医療 文化・スポ"
"豊明市","23229","44","200","ウェブアクセシビリティ方針","https://www.city.toyoake.lg.jp/9236.htm","ウェブアクセシビリティ方針/豊明市 --> 本文へ移動 ウェブアクセシビリティ方針 スマートフォン用ツール メニュー表示 自動翻訳 English 中文 Portgues Tiếng Việt Foreign language 背景変更 標準 黒 補助機能 ふりがな 文字拡大 元に戻す サイトマップ パソコン画面表示 ページの末尾へ くらし 妊娠・出産 子育て 学校教育 結婚・離婚 引越し・住まい 就職・退職 高齢者・介護 おくやみ 戸籍・住民票・印鑑登録 税 国民健康保険 国民年金 水道 交通 駐車・駐輪 都市計画 産業・事業 ごみ・環境保全 ペット 福祉 障がい者支援 消費生活 健康・医療"
"豊明市","23229","44","200","企業支援","https://www.city.toyoake.lg.jp/9639.htm","企業支援/豊明市 --> 本文へ移動 企業支援 スマートフォン用ツール メニュー表示 自動翻訳 English 中文 Portgues Tiếng Việt Foreign language 背景変更 標準 黒 補助機能 ふりがな 文字拡大 元に戻す サイトマップ パソコン画面表示 ページの末尾へ くらし 妊娠・出産 子育て 学校教育 結婚・離婚 引越し・住まい 就職・退職 高齢者・介護 おくやみ 戸籍・住民票・印鑑登録 税 国民健康保険 国民年金 水道 交通 駐車・駐輪 都市計画 産業・事業 ごみ・環境保全 ペット 福祉 障がい者支援 消費生活 健康・医療 文化・スポーツ・生涯学習 市民活動"
"豊明市","23229","44","200","【好評につき申込みは終了しました】ピックルボール体験会を開催します","https://www.city.toyoake.lg.jp/item/16030.htm","【好評につき申込みは終了しました】ピックルボール体験会を開催します/豊明市 --> 本文へ移動 【好評につき申込みは終了しました】ピックルボール体験会を開催します スマートフォン用ツール メニュー表示 自動翻訳 English 中文 Portgues Tiếng Việt Foreign language 背景変更 標準 黒 補助機能 ふりがな 文字拡大 元に戻す サイトマップ パソコン画面表示 ページの末尾へ くらし 妊娠・出産 子育て 学校教育 結婚・離婚 引越し・住まい 就職・退職 高齢者・介護 おくやみ 戸籍・住民票・印鑑登録 税 国民健康保険 国民年金 水道 交通 駐車・駐輪 都市計"
"豊明市","23229","44","200","がいこくじんのみなさまへ","https://www.city.toyoake.lg.jp/item/16073.htm","Tiếng Việt（ベトナム語）/豊明市 --> 本文へ移動 がいこくじんのみなさまへ スマートフォン用ツール メニュー表示 自動翻訳 English 中文 Portgues Tiếng Việt Foreign language 背景変更 標準 黒 補助機能 ふりがな 文字拡大 元に戻す サイトマップ パソコン画面表示 ページの末尾へ くらし 妊娠・出産 子育て 学校教育 結婚・離婚 引越し・住まい 就職・退職 高齢者・介護 おくやみ 戸籍・住民票・印鑑登録 税 国民健康保険 国民年金 水道 交通 駐車・駐輪 都市計画 産業・事業 ごみ・環境保全 ペット 福祉 障がい者支援 消費生活 健康"
"豊明市","23229","44","200","不用品の回収を行います","https://www.city.toyoake.lg.jp/item/22847.htm","不用品の回収を行います/豊明市 --> 本文へ移動 不用品の回収を行います スマートフォン用ツール メニュー表示 自動翻訳 English 中文 Portgues Tiếng Việt Foreign language 背景変更 標準 黒 補助機能 ふりがな 文字拡大 元に戻す サイトマップ パソコン画面表示 ページの末尾へ くらし 妊娠・出産 子育て 学校教育 結婚・離婚 引越し・住まい 就職・退職 高齢者・介護 おくやみ 戸籍・住民票・印鑑登録 税 国民健康保険 国民年金 水道 交通 駐車・駐輪 都市計画 産業・事業 ごみ・環境保全 ペット 福祉 障がい者支援 消費生活 健康・医療 文化・"
"豊明市","23229","44","200","各種証明書のコンビニ交付について","https://www.city.toyoake.lg.jp/item/26129.htm","各種証明書のコンビニ交付について/豊明市 --> 本文へ移動 各種証明書のコンビニ交付について スマートフォン用ツール メニュー表示 自動翻訳 English 中文 Portgues Tiếng Việt Foreign language 背景変更 標準 黒 補助機能 ふりがな 文字拡大 元に戻す サイトマップ パソコン画面表示 ページの末尾へ くらし 妊娠・出産 子育て 学校教育 結婚・離婚 引越し・住まい 就職・退職 高齢者・介護 おくやみ 戸籍・住民票・印鑑登録 税 国民健康保険 国民年金 水道 交通 駐車・駐輪 都市計画 産業・事業 ごみ・環境保全 ペット 福祉 障がい者支援 消費生活"
"豊明市","23229","44","200","「おいくら」を活用して、リユースを検討してみませんか？","https://www.city.toyoake.lg.jp/item/28215.htm","「おいくら」を活用して、リユースを検討してみませんか？/豊明市 --> 本文へ移動 「おいくら」を活用して、リユースを検討してみませんか？ スマートフォン用ツール メニュー表示 自動翻訳 English 中文 Portgues Tiếng Việt Foreign language 背景変更 標準 黒 補助機能 ふりがな 文字拡大 元に戻す サイトマップ パソコン画面表示 ページの末尾へ くらし 妊娠・出産 子育て 学校教育 結婚・離婚 引越し・住まい 就職・退職 高齢者・介護 おくやみ 戸籍・住民票・印鑑登録 税 国民健康保険 国民年金 水道 交通 駐車・駐輪 都市計画 産業・事業 ごみ・環"
"豊明市","23229","44","200","市有財産(土地)を売払います","https://www.city.toyoake.lg.jp/item/29473.htm","市有財産(土地)を売払います/豊明市 --> 本文へ移動 市有財産(土地)を売払います スマートフォン用ツール メニュー表示 自動翻訳 English 中文 Portgues Tiếng Việt Foreign language 背景変更 標準 黒 補助機能 ふりがな 文字拡大 元に戻す サイトマップ パソコン画面表示 ページの末尾へ くらし 妊娠・出産 子育て 学校教育 結婚・離婚 引越し・住まい 就職・退職 高齢者・介護 おくやみ 戸籍・住民票・印鑑登録 税 国民健康保険 国民年金 水道 交通 駐車・駐輪 都市計画 産業・事業 ごみ・環境保全 ペット 福祉 障がい者支援 消費生活 健康・"
"豊明市","23229","44","200","市民課","https://www.city.toyoake.lg.jp/item/31214.htm","市民課窓口の混雑情報配信サイト/豊明市 --> 本文へ移動 市民課 スマートフォン用ツール メニュー表示 自動翻訳 English 中文 Portgues Tiếng Việt Foreign language 背景変更 標準 黒 補助機能 ふりがな 文字拡大 元に戻す サイトマップ パソコン画面表示 ページの末尾へ くらし 妊娠・出産 子育て 学校教育 結婚・離婚 引越し・住まい 就職・退職 高齢者・介護 おくやみ 戸籍・住民票・印鑑登録 税 国民健康保険 国民年金 水道 交通 駐車・駐輪 都市計画 産業・事業 ごみ・環境保全 ペット 福祉 障がい者支援 消費生活 健康・医療 文化・スポーツ"
"豊明市","23229","44","200","市役所本庁舎の開庁時間の変更について","https://www.city.toyoake.lg.jp/item/33787.htm","市役所本庁舎の開庁時間変更について/豊明市 --> 本文へ移動 市役所本庁舎の開庁時間の変更について スマートフォン用ツール メニュー表示 自動翻訳 English 中文 Portgues Tiếng Việt Foreign language 背景変更 標準 黒 補助機能 ふりがな 文字拡大 元に戻す サイトマップ パソコン画面表示 ページの末尾へ くらし 妊娠・出産 子育て 学校教育 結婚・離婚 引越し・住まい 就職・退職 高齢者・介護 おくやみ 戸籍・住民票・印鑑登録 税 国民健康保険 国民年金 水道 交通 駐車・駐輪 都市計画 産業・事業 ごみ・環境保全 ペット 福祉 障がい者支援 消"
"豊明市","23229","44","200","令和8年9月からの休日部活動地域展開について","https://www.city.toyoake.lg.jp/item/33846.htm","休日部活動の地域展開について/豊明市 --> 本文へ移動 令和8年9月からの休日部活動地域展開について スマートフォン用ツール メニュー表示 自動翻訳 English 中文 Portgues Tiếng Việt Foreign language 背景変更 標準 黒 補助機能 ふりがな 文字拡大 元に戻す サイトマップ パソコン画面表示 ページの末尾へ くらし 妊娠・出産 子育て 学校教育 結婚・離婚 引越し・住まい 就職・退職 高齢者・介護 おくやみ 戸籍・住民票・印鑑登録 税 国民健康保険 国民年金 水道 交通 駐車・駐輪 都市計画 産業・事業 ごみ・環境保全 ペット 福祉 障がい者支援 "
"豊明市","23229","44","200","産業支援課","https://www.city.toyoake.lg.jp/item/34444.htm","注意喚起 重点支援地方交付金に係る詐欺電話について/豊明市 --> 本文へ移動 産業支援課 スマートフォン用ツール メニュー表示 自動翻訳 English 中文 Portgues Tiếng Việt Foreign language 背景変更 標準 黒 補助機能 ふりがな 文字拡大 元に戻す サイトマップ パソコン画面表示 ページの末尾へ くらし 妊娠・出産 子育て 学校教育 結婚・離婚 引越し・住まい 就職・退職 高齢者・介護 おくやみ 戸籍・住民票・印鑑登録 税 国民健康保険 国民年金 水道 交通 駐車・駐輪 都市計画 産業・事業 ごみ・環境保全 ペット 福祉 障がい者支援 消費生活 健"
"豊明市","23229","44","200","産業支援課","https://www.city.toyoake.lg.jp/item/34471.htm","「とよあ券」取扱店舗を掲載しています/豊明市 --> 本文へ移動 産業支援課 スマートフォン用ツール メニュー表示 自動翻訳 English 中文 Portgues Tiếng Việt Foreign language 背景変更 標準 黒 補助機能 ふりがな 文字拡大 元に戻す サイトマップ パソコン画面表示 ページの末尾へ くらし 妊娠・出産 子育て 学校教育 結婚・離婚 引越し・住まい 就職・退職 高齢者・介護 おくやみ 戸籍・住民票・印鑑登録 税 国民健康保険 国民年金 水道 交通 駐車・駐輪 都市計画 産業・事業 ごみ・環境保全 ペット 福祉 障がい者支援 消費生活 健康・医療 文化"
"豊明市","23229","44","200","環境課","https://www.city.toyoake.lg.jp/item/34533.htm","指定ごみ袋の買い占めはお控えください/豊明市 --> 本文へ移動 環境課 スマートフォン用ツール メニュー表示 自動翻訳 English 中文 Portgues Tiếng Việt Foreign language 背景変更 標準 黒 補助機能 ふりがな 文字拡大 元に戻す サイトマップ パソコン画面表示 ページの末尾へ くらし 妊娠・出産 子育て 学校教育 結婚・離婚 引越し・住まい 就職・退職 高齢者・介護 おくやみ 戸籍・住民票・印鑑登録 税 国民健康保険 国民年金 水道 交通 駐車・駐輪 都市計画 産業・事業 ごみ・環境保全 ペット 福祉 障がい者支援 消費生活 健康・医療 文化・ス"
"豊明市","23229","44","200","豊明まつり","https://www.city.toyoake.lg.jp/item/34625.htm","2026豊明秋まつり開催決定/豊明市 --> 本文へ移動 豊明まつり スマートフォン用ツール メニュー表示 自動翻訳 English 中文 Portgues Tiếng Việt Foreign language 背景変更 標準 黒 補助機能 ふりがな 文字拡大 元に戻す サイトマップ パソコン画面表示 ページの末尾へ くらし 妊娠・出産 子育て 学校教育 結婚・離婚 引越し・住まい 就職・退職 高齢者・介護 おくやみ 戸籍・住民票・印鑑登録 税 国民健康保険 国民年金 水道 交通 駐車・駐輪 都市計画 産業・事業 ごみ・環境保全 ペット 福祉 障がい者支援 消費生活 健康・医療 文化・スポー"
"豊明市","23229","44","200","通年軽装勤務（とよあけさわやかビズ）について","https://www.city.toyoake.lg.jp/item/34642.htm","通年軽装勤務（とよあけさわやかビズ）/豊明市 --> 本文へ移動 通年軽装勤務（とよあけさわやかビズ）について スマートフォン用ツール メニュー表示 自動翻訳 English 中文 Portgues Tiếng Việt Foreign language 背景変更 標準 黒 補助機能 ふりがな 文字拡大 元に戻す サイトマップ パソコン画面表示 ページの末尾へ くらし 妊娠・出産 子育て 学校教育 結婚・離婚 引越し・住まい 就職・退職 高齢者・介護 おくやみ 戸籍・住民票・印鑑登録 税 国民健康保険 国民年金 水道 交通 駐車・駐輪 都市計画 産業・事業 ごみ・環境保全 ペット 福祉 障がい"
"豊明市","23229","44","200","とよあけ農学校","https://www.city.toyoake.lg.jp/item/34920.htm","【7月10日から】とよあけ農学校 参加者募集中！/豊明市 --> 本文へ移動 とよあけ農学校 スマートフォン用ツール メニュー表示 自動翻訳 English 中文 Portgues Tiếng Việt Foreign language 背景変更 標準 黒 補助機能 ふりがな 文字拡大 元に戻す サイトマップ パソコン画面表示 ページの末尾へ くらし 妊娠・出産 子育て 学校教育 結婚・離婚 引越し・住まい 就職・退職 高齢者・介護 おくやみ 戸籍・住民票・印鑑登録 税 国民健康保険 国民年金 水道 交通 駐車・駐輪 都市計画 産業・事業 ごみ・環境保全 ペット 福祉 障がい者支援 消費生活 "
"豊明市","23229","44","200","地域福祉課","https://www.city.toyoake.lg.jp/item/34925.htm","【7月31日】親なきあと勉強会～障がいのある方の大切な想いをつなぐ～/豊明市 --> 本文へ移動 地域福祉課 スマートフォン用ツール メニュー表示 自動翻訳 English 中文 Portgues Tiếng Việt Foreign language 背景変更 標準 黒 補助機能 ふりがな 文字拡大 元に戻す サイトマップ パソコン画面表示 ページの末尾へ くらし 妊娠・出産 子育て 学校教育 結婚・離婚 引越し・住まい 就職・退職 高齢者・介護 おくやみ 戸籍・住民票・印鑑登録 税 国民健康保険 国民年金 水道 交通 駐車・駐輪 都市計画 産業・事業 ごみ・環境保全 ペット 福祉 障がい者"
"豊明市","23229","44","200","共生交流プラザ 指定管理者募集について","https://www.city.toyoake.lg.jp/item/34954.htm","共生交流プラザ 指定管理者募集について/豊明市 --> 本文へ移動 共生交流プラザ 指定管理者募集について スマートフォン用ツール メニュー表示 自動翻訳 English 中文 Portgues Tiếng Việt Foreign language 背景変更 標準 黒 補助機能 ふりがな 文字拡大 元に戻す サイトマップ パソコン画面表示 ページの末尾へ くらし 妊娠・出産 子育て 学校教育 結婚・離婚 引越し・住まい 就職・退職 高齢者・介護 おくやみ 戸籍・住民票・印鑑登録 税 国民健康保険 国民年金 水道 交通 駐車・駐輪 都市計画 産業・事業 ごみ・環境保全 ペット 福祉 障がい者支"
"豊明市","23229","44","200","2025年10月1日「豊明市スマートフォン等の適正使用の推進に関する条例」施行","https://www.city.toyoake.lg.jp/item/34956.htm","スマホ条例をふまえた、16歳以上80歳までの市民を対象とした年齢層別アンケート結果の公表/豊明市 --> 本文へ移動 2025年10月1日「豊明市スマートフォン等の適正使用の推進に関する条例」施行 スマートフォン用ツール メニュー表示 自動翻訳 English 中文 Portgues Tiếng Việt Foreign language 背景変更 標準 黒 補助機能 ふりがな 文字拡大 元に戻す サイトマップ パソコン画面表示 ページの末尾へ くらし 妊娠・出産 子育て 学校教育 結婚・離婚 引越し・住まい 就職・退職 高齢者・介護 おくやみ 戸籍・住民票・印鑑登録 税 国民健康保険 国民年"
"豊明市","23229","44","200","令和8年度スポーツクラブの募集について","https://www.city.toyoake.lg.jp/item/4348.htm","令和8年度スポーツクラブの募集について/豊明市 --> 本文へ移動 令和8年度スポーツクラブの募集について スマートフォン用ツール メニュー表示 自動翻訳 English 中文 Portgues Tiếng Việt Foreign language 背景変更 標準 黒 補助機能 ふりがな 文字拡大 元に戻す サイトマップ パソコン画面表示 ページの末尾へ くらし 妊娠・出産 子育て 学校教育 結婚・離婚 引越し・住まい 就職・退職 高齢者・介護 おくやみ 戸籍・住民票・印鑑登録 税 国民健康保険 国民年金 水道 交通 駐車・駐輪 都市計画 産業・事業 ごみ・環境保全 ペット 福祉 障がい者支"
"豊明市","23229","44","200","がいこくじんのみなさまへ","https://www.city.toyoake.lg.jp/item/4849.htm","Português(ポルトガル語)/豊明市 --> 本文へ移動 がいこくじんのみなさまへ スマートフォン用ツール メニュー表示 自動翻訳 English 中文 Portgues Tiếng Việt Foreign language 背景変更 標準 黒 補助機能 ふりがな 文字拡大 元に戻す サイトマップ パソコン画面表示 ページの末尾へ くらし 妊娠・出産 子育て 学校教育 結婚・離婚 引越し・住まい 就職・退職 高齢者・介護 おくやみ 戸籍・住民票・印鑑登録 税 国民健康保険 国民年金 水道 交通 駐車・駐輪 都市計画 産業・事業 ごみ・環境保全 ペット 福祉 障がい者支援 消費生活 健康"
"豊明市","23229","44","200","がいこくじんのみなさまへ","https://www.city.toyoake.lg.jp/item/4850.htm","簡体中文/豊明市 --> 本文へ移動 がいこくじんのみなさまへ スマートフォン用ツール メニュー表示 自動翻訳 English 中文 Portgues Tiếng Việt Foreign language 背景変更 標準 黒 補助機能 ふりがな 文字拡大 元に戻す サイトマップ パソコン画面表示 ページの末尾へ くらし 妊娠・出産 子育て 学校教育 結婚・離婚 引越し・住まい 就職・退職 高齢者・介護 おくやみ 戸籍・住民票・印鑑登録 税 国民健康保険 国民年金 水道 交通 駐車・駐輪 都市計画 産業・事業 ごみ・環境保全 ペット 福祉 障がい者支援 消費生活 健康・医療 文化・スポーツ・生"
"豊明市","23229","44","200","がいこくじんのみなさまへ","https://www.city.toyoake.lg.jp/item/4851.htm","English(英語)/豊明市 --> 本文へ移動 がいこくじんのみなさまへ スマートフォン用ツール メニュー表示 自動翻訳 English 中文 Portgues Tiếng Việt Foreign language 背景変更 標準 黒 補助機能 ふりがな 文字拡大 元に戻す サイトマップ パソコン画面表示 ページの末尾へ くらし 妊娠・出産 子育て 学校教育 結婚・離婚 引越し・住まい 就職・退職 高齢者・介護 おくやみ 戸籍・住民票・印鑑登録 税 国民健康保険 国民年金 水道 交通 駐車・駐輪 都市計画 産業・事業 ごみ・環境保全 ペット 福祉 障がい者支援 消費生活 健康・医療 文化"
"豊明市","23229","44","200","第19回愛知駅伝豊明市代表選手募集","https://www.city.toyoake.lg.jp/item/7730.htm","第19回愛知駅伝豊明市代表選手募集/豊明市 --> 本文へ移動 第19回愛知駅伝豊明市代表選手募集 スマートフォン用ツール メニュー表示 自動翻訳 English 中文 Portgues Tiếng Việt Foreign language 背景変更 標準 黒 補助機能 ふりがな 文字拡大 元に戻す サイトマップ パソコン画面表示 ページの末尾へ くらし 妊娠・出産 子育て 学校教育 結婚・離婚 引越し・住まい 就職・退職 高齢者・介護 おくやみ 戸籍・住民票・印鑑登録 税 国民健康保険 国民年金 水道 交通 駐車・駐輪 都市計画 産業・事業 ごみ・環境保全 ペット 福祉 障がい者支援 消費"
"岩倉市","23228","43","200","雨水貯留施設等設置費補助金制度について","https://www.city.iwakura.aichi.jp/soshiki/5-2-0-0-0_16.html","上下水道課 | 雨水貯留施設等設置費補助金制度について | 岩倉市 共通メニューなどをスキップして本文へ 岩倉市トップに戻る ふりがな やさしい日本語 文字サイズ変更 標準 拡大 色の反転 標準 反転 検索 文字サイズ変更機能を利用するにはJavaScript（アクティブスクリプト）を有効にしてください。JavaScript（アクティブスクリプト）を無効のまま文字サイズを変更する場合には，ご利用のブラウザの表示メニューから文字サイズを変更してください。文字サイズ変更以外にも，操作性向上の目的でJavaScript（アクティブスクリプト）を用いた機能を提供しています。可能であればJavaScri"
"日進市","23230","43","200","浄化槽雨水貯留施設転用費補助金制度","https://www.city.nisshin.lg.jp/department/sougou/jouhou/hozyo_ichiran/hozyokin/14920.html","浄化槽雨水貯留施設転用費補助金制度／日進市 本文へ 文字サイズ 背景色変更 携帯サイト Other Language 部や課で選ぶ ご意見・お問い合わせ ホーム くらしの情報 行事・イベント 市役所・公共施設 市の政策・計画 サイト内検索 くらしの情報 行事・イベント 市役所・公共施設 市の政策・計画 Other Language 部や課で選ぶ ご意見・お問い合わせ 現在の位置 ホーム 部や課で選ぶ 総合政策部 情報広報課 補助金一覧 補助金 浄化槽雨水貯留施設転用費補助金制度 浄化槽雨水貯留施設転用費補助金制度 ID番号 N14920 更新日：2023年03月31日 1.制度の内容 公共下水"
"日進市","23230","43","200","狩猟免許取得支援補助","https://www.city.nisshin.lg.jp/department/sougou/jouhou/hozyo_ichiran/hozyokin/14976.html","狩猟免許取得支援補助／日進市 本文へ 文字サイズ 背景色変更 携帯サイト Other Language 部や課で選ぶ ご意見・お問い合わせ ホーム くらしの情報 行事・イベント 市役所・公共施設 市の政策・計画 サイト内検索 くらしの情報 行事・イベント 市役所・公共施設 市の政策・計画 Other Language 部や課で選ぶ ご意見・お問い合わせ 現在の位置 ホーム 部や課で選ぶ 総合政策部 情報広報課 補助金一覧 補助金 狩猟免許取得支援補助 狩猟免許取得支援補助 ID番号 N14976 更新日：2020年06月09日 日進市狩猟免許取得支援事業補助金交付要綱 日進市狩猟免許取得支援事"
"日進市","23230","43","200","交付金","https://www.city.nisshin.lg.jp/department/sougou/jouhou/hozyo_ichiran/kouhukin/index.html","交付金／日進市 本文へ 文字サイズ 背景色変更 携帯サイト Other Language 部や課で選ぶ ご意見・お問い合わせ ホーム くらしの情報 行事・イベント 市役所・公共施設 市の政策・計画 サイト内検索 くらしの情報 行事・イベント 市役所・公共施設 市の政策・計画 Other Language 部や課で選ぶ ご意見・お問い合わせ 現在の位置 ホーム 部や課で選ぶ 総合政策部 情報広報課 補助金一覧 交付金 交付金 ID番号 N14899 更新日：2023年10月02日 地域少子化対策重点推進交付金を活用した事業について サイト内検索 補助金一覧 部や課で選ぶ サイトについて プライバ"
"日進市","23230","43","200","友好自治体宿泊施設利用助成制度について","https://www.city.nisshin.lg.jp/department/sougou/jouhou/hozyo_ichiran/zyoseikin/14938.html","友好自治体宿泊施設利用助成制度について／日進市 本文へ 文字サイズ 背景色変更 携帯サイト Other Language 部や課で選ぶ ご意見・お問い合わせ ホーム くらしの情報 行事・イベント 市役所・公共施設 市の政策・計画 サイト内検索 くらしの情報 行事・イベント 市役所・公共施設 市の政策・計画 Other Language 部や課で選ぶ ご意見・お問い合わせ 現在の位置 ホーム 部や課で選ぶ 総合政策部 情報広報課 補助金一覧 助成金 友好自治体宿泊施設利用助成制度について 友好自治体宿泊施設利用助成制度について ID番号 N14938 更新日：2026年03月26日 概要 この制"
"日進市","23230","43","200","特別な支援が必要な子どもの就学について","https://www.city.nisshin.lg.jp/kurashi/seane/nyuen/kanren/18565.html","特別な支援が必要な子どもの就学について／日進市 本文へ 文字サイズ 背景色変更 携帯サイト Other Language 部や課で選ぶ ご意見・お問い合わせ ホーム くらしの情報 行事・イベント 市役所・公共施設 市の政策・計画 サイト内検索 くらしの情報 行事・イベント 市役所・公共施設 市の政策・計画 Other Language 部や課で選ぶ ご意見・お問い合わせ 現在の位置 ホーム 暮らしの情報 暮らしのシーンから探す 入園・入学 関連情報 特別な支援が必要な子どもの就学について 特別な支援が必要な子どもの就学について ID番号 N18614 更新日：2026年04月10日 特別な支援"
"日進市","23230","43","200","一般不妊治療費助成事業","https://www.city.nisshin.lg.jp/kurashi/seane/shussan/kanren/6778.html","一般不妊治療費助成事業／日進市 本文へ 文字サイズ 背景色変更 携帯サイト Other Language 部や課で選ぶ ご意見・お問い合わせ ホーム くらしの情報 行事・イベント 市役所・公共施設 市の政策・計画 サイト内検索 くらしの情報 行事・イベント 市役所・公共施設 市の政策・計画 Other Language 部や課で選ぶ ご意見・お問い合わせ 現在の位置 ホーム 暮らしの情報 暮らしのシーンから探す 出産・子育 関連情報 一般不妊治療費助成事業 一般不妊治療費助成事業 ID番号 N6778 更新日：2023年12月25日 令和4年度をもちまして、本事業は終了いたしました。 令和4年"
"日進市","23230","43","200","介護福祉課","https://www.city.nisshin.lg.jp/seisaku/gyosei/fuzoku_kikan/kaigo_fukushi/index.html","介護福祉課／日進市 本文へ 文字サイズ 背景色変更 携帯サイト Other Language 部や課で選ぶ ご意見・お問い合わせ ホーム くらしの情報 行事・イベント 市役所・公共施設 市の政策・計画 サイト内検索 くらしの情報 行事・イベント 市役所・公共施設 市の政策・計画 Other Language 部や課で選ぶ ご意見・お問い合わせ 現在の位置 ホーム 市の政策・計画 行政委員会・附属機関等 附属機関等 介護福祉課 介護福祉課 ID番号 N7469 更新日：2019年03月02日 日進市介護認定審査会 サイト内検索 附属機関等 部や課で選ぶ サイトについて プライバシーポリシー 免責"
"日進市","23230","40","200","任意の予防接種","https://www.city.nisshin.lg.jp/kurashi/seane/shussan/yobousesshu/6758.html","任意の予防接種／日進市 本文へ 文字サイズ 背景色変更 携帯サイト Other Language 部や課で選ぶ ご意見・お問い合わせ ホーム くらしの情報 行事・イベント 市役所・公共施設 市の政策・計画 サイト内検索 くらしの情報 行事・イベント 市役所・公共施設 市の政策・計画 Other Language 部や課で選ぶ ご意見・お問い合わせ 現在の位置 ホーム 暮らしの情報 暮らしのシーンから探す 出産・子育 予防接種 任意の予防接種 任意の予防接種 ID番号 N6758 更新日：2021年04月01日 任意で接種するもの 下記の予防接種は自費（有料）で接種ができます。かかりつけ医へご相"
"日進市","23230","40","200","予防接種","https://www.city.nisshin.lg.jp/kurashi/seane/shussan/yobousesshu/index.html","予防接種／日進市 本文へ 文字サイズ 背景色変更 携帯サイト Other Language 部や課で選ぶ ご意見・お問い合わせ ホーム くらしの情報 行事・イベント 市役所・公共施設 市の政策・計画 サイト内検索 くらしの情報 行事・イベント 市役所・公共施設 市の政策・計画 Other Language 部や課で選ぶ ご意見・お問い合わせ 現在の位置 ホーム 暮らしの情報 暮らしのシーンから探す 出産・子育 予防接種 予防接種 ID番号 N6753 更新日：2019年03月01日 予防接種の種類と受け方 愛知県広域予防接種事業(乳幼児等) 小学生の個別予防接種 日本脳炎ワクチンのお知らせ 任"
"日進市","23230","40","200","ひとり親家庭等のお知らせ","https://www.city.nisshin.lg.jp/kurashi/seane/wedding/kanren/6840.html","ひとり親家庭等のお知らせ／日進市 本文へ 文字サイズ 背景色変更 携帯サイト Other Language 部や課で選ぶ ご意見・お問い合わせ ホーム くらしの情報 行事・イベント 市役所・公共施設 市の政策・計画 サイト内検索 くらしの情報 行事・イベント 市役所・公共施設 市の政策・計画 Other Language 部や課で選ぶ ご意見・お問い合わせ 現在の位置 ホーム 暮らしの情報 暮らしのシーンから探す 結婚・離婚 関連情報 ひとり親家庭等のお知らせ ひとり親家庭等のお知らせ ID番号 N6840 更新日：2023年03月31日 ひとり親家庭等を応援します ひとり親家庭等の福祉向上を"
"岩倉市","23228","39","200","再生可能エネルギー等導入推進基金事業／太陽光発電屋根貸し事業","https://www.city.iwakura.aichi.jp/0000000026.html","再生可能エネルギー等導入推進基金事業／太陽光発電屋根貸し事業 | 岩倉市 共通メニューなどをスキップして本文へ 岩倉市トップに戻る ふりがな やさしい日本語 文字サイズ変更 標準 拡大 色の反転 標準 反転 検索 文字サイズ変更機能を利用するにはJavaScript（アクティブスクリプト）を有効にしてください。JavaScript（アクティブスクリプト）を無効のまま文字サイズを変更する場合には，ご利用のブラウザの表示メニューから文字サイズを変更してください。文字サイズ変更以外にも，操作性向上の目的でJavaScript（アクティブスクリプト）を用いた機能を提供しています。可能であればJavaS"
"岩倉市","23228","39","200","教育振興基本計画","https://www.city.iwakura.aichi.jp/0000000056.html","教育振興基本計画 | 岩倉市 共通メニューなどをスキップして本文へ 岩倉市トップに戻る ふりがな やさしい日本語 文字サイズ変更 標準 拡大 色の反転 標準 反転 検索 文字サイズ変更機能を利用するにはJavaScript（アクティブスクリプト）を有効にしてください。JavaScript（アクティブスクリプト）を無効のまま文字サイズを変更する場合には，ご利用のブラウザの表示メニューから文字サイズを変更してください。文字サイズ変更以外にも，操作性向上の目的でJavaScript（アクティブスクリプト）を用いた機能を提供しています。可能であればJavaScript（アクティブスクリプト）を有効にし"
"岩倉市","23228","39","200","ハローワーク犬山","https://www.city.iwakura.aichi.jp/0000000075.html","ハローワーク犬山 | 岩倉市 共通メニューなどをスキップして本文へ 岩倉市トップに戻る ふりがな やさしい日本語 文字サイズ変更 標準 拡大 色の反転 標準 反転 検索 文字サイズ変更機能を利用するにはJavaScript（アクティブスクリプト）を有効にしてください。JavaScript（アクティブスクリプト）を無効のまま文字サイズを変更する場合には，ご利用のブラウザの表示メニューから文字サイズを変更してください。文字サイズ変更以外にも，操作性向上の目的でJavaScript（アクティブスクリプト）を用いた機能を提供しています。可能であればJavaScript（アクティブスクリプト）を有効にし"
"岩倉市","23228","39","200","財政状況資料集","https://www.city.iwakura.aichi.jp/0000000101.html","財政状況資料集 | 岩倉市 共通メニューなどをスキップして本文へ 岩倉市トップに戻る ふりがな やさしい日本語 文字サイズ変更 標準 拡大 色の反転 標準 反転 検索 文字サイズ変更機能を利用するにはJavaScript（アクティブスクリプト）を有効にしてください。JavaScript（アクティブスクリプト）を無効のまま文字サイズを変更する場合には，ご利用のブラウザの表示メニューから文字サイズを変更してください。文字サイズ変更以外にも，操作性向上の目的でJavaScript（アクティブスクリプト）を用いた機能を提供しています。可能であればJavaScript（アクティブスクリプト）を有効にして"
"岩倉市","23228","39","200","国民年金の受給","https://www.city.iwakura.aichi.jp/0000000188.html","国民年金の受給 | 岩倉市 共通メニューなどをスキップして本文へ 岩倉市トップに戻る ふりがな やさしい日本語 文字サイズ変更 標準 拡大 色の反転 標準 反転 検索 文字サイズ変更機能を利用するにはJavaScript（アクティブスクリプト）を有効にしてください。JavaScript（アクティブスクリプト）を無効のまま文字サイズを変更する場合には，ご利用のブラウザの表示メニューから文字サイズを変更してください。文字サイズ変更以外にも，操作性向上の目的でJavaScript（アクティブスクリプト）を用いた機能を提供しています。可能であればJavaScript（アクティブスクリプト）を有効にして"
"岩倉市","23228","39","200","マイナンバー（社会保障・税番号）制度について","https://www.city.iwakura.aichi.jp/0000000205.html","マイナンバー（社会保障・税番号）制度について | 岩倉市 共通メニューなどをスキップして本文へ 岩倉市トップに戻る ふりがな やさしい日本語 文字サイズ変更 標準 拡大 色の反転 標準 反転 検索 文字サイズ変更機能を利用するにはJavaScript（アクティブスクリプト）を有効にしてください。JavaScript（アクティブスクリプト）を無効のまま文字サイズを変更する場合には，ご利用のブラウザの表示メニューから文字サイズを変更してください。文字サイズ変更以外にも，操作性向上の目的でJavaScript（アクティブスクリプト）を用いた機能を提供しています。可能であればJavaScript（アク"
"岩倉市","23228","39","200","死亡届","https://www.city.iwakura.aichi.jp/0000000206.html","死亡届 | 岩倉市 共通メニューなどをスキップして本文へ 岩倉市トップに戻る ふりがな やさしい日本語 文字サイズ変更 標準 拡大 色の反転 標準 反転 検索 文字サイズ変更機能を利用するにはJavaScript（アクティブスクリプト）を有効にしてください。JavaScript（アクティブスクリプト）を無効のまま文字サイズを変更する場合には，ご利用のブラウザの表示メニューから文字サイズを変更してください。文字サイズ変更以外にも，操作性向上の目的でJavaScript（アクティブスクリプト）を用いた機能を提供しています。可能であればJavaScript（アクティブスクリプト）を有効にしてください"
"岩倉市","23228","39","200","出生届","https://www.city.iwakura.aichi.jp/0000000210.html","出生届 | 岩倉市 共通メニューなどをスキップして本文へ 岩倉市トップに戻る ふりがな やさしい日本語 文字サイズ変更 標準 拡大 色の反転 標準 反転 検索 文字サイズ変更機能を利用するにはJavaScript（アクティブスクリプト）を有効にしてください。JavaScript（アクティブスクリプト）を無効のまま文字サイズを変更する場合には，ご利用のブラウザの表示メニューから文字サイズを変更してください。文字サイズ変更以外にも，操作性向上の目的でJavaScript（アクティブスクリプト）を用いた機能を提供しています。可能であればJavaScript（アクティブスクリプト）を有効にしてください"
"岩倉市","23228","39","200","婚姻届","https://www.city.iwakura.aichi.jp/0000000211.html","婚姻届 | 岩倉市 共通メニューなどをスキップして本文へ 岩倉市トップに戻る ふりがな やさしい日本語 文字サイズ変更 標準 拡大 色の反転 標準 反転 検索 文字サイズ変更機能を利用するにはJavaScript（アクティブスクリプト）を有効にしてください。JavaScript（アクティブスクリプト）を無効のまま文字サイズを変更する場合には，ご利用のブラウザの表示メニューから文字サイズを変更してください。文字サイズ変更以外にも，操作性向上の目的でJavaScript（アクティブスクリプト）を用いた機能を提供しています。可能であればJavaScript（アクティブスクリプト）を有効にしてください"
"岩倉市","23228","39","200","公的個人認証サービス・電子証明書","https://www.city.iwakura.aichi.jp/0000000213.html","公的個人認証サービス・電子証明書 | 岩倉市 共通メニューなどをスキップして本文へ 岩倉市トップに戻る ふりがな やさしい日本語 文字サイズ変更 標準 拡大 色の反転 標準 反転 検索 文字サイズ変更機能を利用するにはJavaScript（アクティブスクリプト）を有効にしてください。JavaScript（アクティブスクリプト）を無効のまま文字サイズを変更する場合には，ご利用のブラウザの表示メニューから文字サイズを変更してください。文字サイズ変更以外にも，操作性向上の目的でJavaScript（アクティブスクリプト）を用いた機能を提供しています。可能であればJavaScript（アクティブスクリ"
"岩倉市","23228","39","200","戸籍の届出をする時は","https://www.city.iwakura.aichi.jp/0000000215.html","戸籍の届出をする時は | 岩倉市 共通メニューなどをスキップして本文へ 岩倉市トップに戻る ふりがな やさしい日本語 文字サイズ変更 標準 拡大 色の反転 標準 反転 検索 文字サイズ変更機能を利用するにはJavaScript（アクティブスクリプト）を有効にしてください。JavaScript（アクティブスクリプト）を無効のまま文字サイズを変更する場合には，ご利用のブラウザの表示メニューから文字サイズを変更してください。文字サイズ変更以外にも，操作性向上の目的でJavaScript（アクティブスクリプト）を用いた機能を提供しています。可能であればJavaScript（アクティブスクリプト）を有効"
"岩倉市","23228","39","200","転出手続きは全てお済みですか","https://www.city.iwakura.aichi.jp/0000000216.html","転出手続きは全てお済みですか | 岩倉市 共通メニューなどをスキップして本文へ 岩倉市トップに戻る ふりがな やさしい日本語 文字サイズ変更 標準 拡大 色の反転 標準 反転 検索 文字サイズ変更機能を利用するにはJavaScript（アクティブスクリプト）を有効にしてください。JavaScript（アクティブスクリプト）を無効のまま文字サイズを変更する場合には，ご利用のブラウザの表示メニューから文字サイズを変更してください。文字サイズ変更以外にも，操作性向上の目的でJavaScript（アクティブスクリプト）を用いた機能を提供しています。可能であればJavaScript（アクティブスクリプト"
"岩倉市","23228","39","200","外国人住民","https://www.city.iwakura.aichi.jp/0000000217.html","外国人住民 | 岩倉市 共通メニューなどをスキップして本文へ 岩倉市トップに戻る ふりがな やさしい日本語 文字サイズ変更 標準 拡大 色の反転 標準 反転 検索 文字サイズ変更機能を利用するにはJavaScript（アクティブスクリプト）を有効にしてください。JavaScript（アクティブスクリプト）を無効のまま文字サイズを変更する場合には，ご利用のブラウザの表示メニューから文字サイズを変更してください。文字サイズ変更以外にも，操作性向上の目的でJavaScript（アクティブスクリプト）を用いた機能を提供しています。可能であればJavaScript（アクティブスクリプト）を有効にしてくだ"
"岩倉市","23228","39","200","世帯変更届","https://www.city.iwakura.aichi.jp/0000000218.html","世帯変更届 | 岩倉市 共通メニューなどをスキップして本文へ 岩倉市トップに戻る ふりがな やさしい日本語 文字サイズ変更 標準 拡大 色の反転 標準 反転 検索 文字サイズ変更機能を利用するにはJavaScript（アクティブスクリプト）を有効にしてください。JavaScript（アクティブスクリプト）を無効のまま文字サイズを変更する場合には，ご利用のブラウザの表示メニューから文字サイズを変更してください。文字サイズ変更以外にも，操作性向上の目的でJavaScript（アクティブスクリプト）を用いた機能を提供しています。可能であればJavaScript（アクティブスクリプト）を有効にしてくだ"
"岩倉市","23228","39","200","転入・転居されるかたへ","https://www.city.iwakura.aichi.jp/0000000220.html","転入・転居されるかたへ | 岩倉市 共通メニューなどをスキップして本文へ 岩倉市トップに戻る ふりがな やさしい日本語 文字サイズ変更 標準 拡大 色の反転 標準 反転 検索 文字サイズ変更機能を利用するにはJavaScript（アクティブスクリプト）を有効にしてください。JavaScript（アクティブスクリプト）を無効のまま文字サイズを変更する場合には，ご利用のブラウザの表示メニューから文字サイズを変更してください。文字サイズ変更以外にも，操作性向上の目的でJavaScript（アクティブスクリプト）を用いた機能を提供しています。可能であればJavaScript（アクティブスクリプト）を有"
"岩倉市","23228","39","200","住民基本台帳カード","https://www.city.iwakura.aichi.jp/0000000225.html","住民基本台帳カード | 岩倉市 共通メニューなどをスキップして本文へ 岩倉市トップに戻る ふりがな やさしい日本語 文字サイズ変更 標準 拡大 色の反転 標準 反転 検索 文字サイズ変更機能を利用するにはJavaScript（アクティブスクリプト）を有効にしてください。JavaScript（アクティブスクリプト）を無効のまま文字サイズを変更する場合には，ご利用のブラウザの表示メニューから文字サイズを変更してください。文字サイズ変更以外にも，操作性向上の目的でJavaScript（アクティブスクリプト）を用いた機能を提供しています。可能であればJavaScript（アクティブスクリプト）を有効に"
"岩倉市","23228","39","200","災害・気象情報について [2026年5月29日] 出されている警報や気象情報、五条川の水位を掲載します。","https://www.city.iwakura.aichi.jp/0000000251.html","災害・気象情報について | 岩倉市 共通メニューなどをスキップして本文へ 岩倉市トップに戻る ふりがな やさしい日本語 文字サイズ変更 標準 拡大 色の反転 標準 反転 検索 文字サイズ変更機能を利用するにはJavaScript（アクティブスクリプト）を有効にしてください。JavaScript（アクティブスクリプト）を無効のまま文字サイズを変更する場合には，ご利用のブラウザの表示メニューから文字サイズを変更してください。文字サイズ変更以外にも，操作性向上の目的でJavaScript（アクティブスクリプト）を用いた機能を提供しています。可能であればJavaScript（アクティブスクリプト）を有"
"岩倉市","23228","39","200","小児救急の上手なかかり方","https://www.city.iwakura.aichi.jp/0000000289.html","小児救急の上手なかかり方 | 岩倉市 共通メニューなどをスキップして本文へ 岩倉市トップに戻る ふりがな やさしい日本語 文字サイズ変更 標準 拡大 色の反転 標準 反転 検索 文字サイズ変更機能を利用するにはJavaScript（アクティブスクリプト）を有効にしてください。JavaScript（アクティブスクリプト）を無効のまま文字サイズを変更する場合には，ご利用のブラウザの表示メニューから文字サイズを変更してください。文字サイズ変更以外にも，操作性向上の目的でJavaScript（アクティブスクリプト）を用いた機能を提供しています。可能であればJavaScript（アクティブスクリプト）を"
"岩倉市","23228","39","200","農地中間管理事業","https://www.city.iwakura.aichi.jp/0000000300.html","農地中間管理事業 | 岩倉市 共通メニューなどをスキップして本文へ 岩倉市トップに戻る ふりがな やさしい日本語 文字サイズ変更 標準 拡大 色の反転 標準 反転 検索 文字サイズ変更機能を利用するにはJavaScript（アクティブスクリプト）を有効にしてください。JavaScript（アクティブスクリプト）を無効のまま文字サイズを変更する場合には，ご利用のブラウザの表示メニューから文字サイズを変更してください。文字サイズ変更以外にも，操作性向上の目的でJavaScript（アクティブスクリプト）を用いた機能を提供しています。可能であればJavaScript（アクティブスクリプト）を有効にし"
"岩倉市","23228","39","200","土地・農地","https://www.city.iwakura.aichi.jp/0000000309.html","土地・農地 | 岩倉市 共通メニューなどをスキップして本文へ 岩倉市トップに戻る ふりがな やさしい日本語 文字サイズ変更 標準 拡大 色の反転 標準 反転 検索 文字サイズ変更機能を利用するにはJavaScript（アクティブスクリプト）を有効にしてください。JavaScript（アクティブスクリプト）を無効のまま文字サイズを変更する場合には，ご利用のブラウザの表示メニューから文字サイズを変更してください。文字サイズ変更以外にも，操作性向上の目的でJavaScript（アクティブスクリプト）を用いた機能を提供しています。可能であればJavaScript（アクティブスクリプト）を有効にしてくだ"
"岩倉市","23228","39","200","下水道の整備効果・公共用水域の水質保全","https://www.city.iwakura.aichi.jp/0000000311.html","下水道の整備効果・公共用水域の水質保全 | 岩倉市 共通メニューなどをスキップして本文へ 岩倉市トップに戻る ふりがな やさしい日本語 文字サイズ変更 標準 拡大 色の反転 標準 反転 検索 文字サイズ変更機能を利用するにはJavaScript（アクティブスクリプト）を有効にしてください。JavaScript（アクティブスクリプト）を無効のまま文字サイズを変更する場合には，ご利用のブラウザの表示メニューから文字サイズを変更してください。文字サイズ変更以外にも，操作性向上の目的でJavaScript（アクティブスクリプト）を用いた機能を提供しています。可能であればJavaScript（アクティブ"
"岩倉市","23228","39","200","都市計画法に基づく開発行為等の許可の基準に関する条例（愛知県条例 平成23年7月19日 条例第37号）に基づく区域の指定","https://www.city.iwakura.aichi.jp/0000000354.html","都市計画法に基づく開発行為等の許可の基準に関する条例（愛知県条例 平成23年7月19日 条例第37号）に基づく区域の指定 | 岩倉市 共通メニューなどをスキップして本文へ 岩倉市トップに戻る ふりがな やさしい日本語 文字サイズ変更 標準 拡大 色の反転 標準 反転 検索 文字サイズ変更機能を利用するにはJavaScript（アクティブスクリプト）を有効にしてください。JavaScript（アクティブスクリプト）を無効のまま文字サイズを変更する場合には，ご利用のブラウザの表示メニューから文字サイズを変更してください。文字サイズ変更以外にも，操作性向上の目的でJavaScript（アクティブスク"
"岩倉市","23228","39","200","市税等が口座振替で納付できます","https://www.city.iwakura.aichi.jp/0000001946.html","市税等が口座振替で納付できます | 岩倉市 共通メニューなどをスキップして本文へ 岩倉市トップに戻る ふりがな やさしい日本語 文字サイズ変更 標準 拡大 色の反転 標準 反転 検索 文字サイズ変更機能を利用するにはJavaScript（アクティブスクリプト）を有効にしてください。JavaScript（アクティブスクリプト）を無効のまま文字サイズを変更する場合には，ご利用のブラウザの表示メニューから文字サイズを変更してください。文字サイズ変更以外にも，操作性向上の目的でJavaScript（アクティブスクリプト）を用いた機能を提供しています。可能であればJavaScript（アクティブスクリプ"
"岩倉市","23228","39","200","国民健康保険税の納付方法","https://www.city.iwakura.aichi.jp/0000001986.html","国民健康保険税の納付方法 | 岩倉市 共通メニューなどをスキップして本文へ 岩倉市トップに戻る ふりがな やさしい日本語 文字サイズ変更 標準 拡大 色の反転 標準 反転 検索 文字サイズ変更機能を利用するにはJavaScript（アクティブスクリプト）を有効にしてください。JavaScript（アクティブスクリプト）を無効のまま文字サイズを変更する場合には，ご利用のブラウザの表示メニューから文字サイズを変更してください。文字サイズ変更以外にも，操作性向上の目的でJavaScript（アクティブスクリプト）を用いた機能を提供しています。可能であればJavaScript（アクティブスクリプト）を"
"岩倉市","23228","39","200","非自発的失業者の国民健康保険税の軽減措置について","https://www.city.iwakura.aichi.jp/0000001990.html","非自発的失業者の国民健康保険税の軽減措置について | 岩倉市 共通メニューなどをスキップして本文へ 岩倉市トップに戻る ふりがな やさしい日本語 文字サイズ変更 標準 拡大 色の反転 標準 反転 検索 文字サイズ変更機能を利用するにはJavaScript（アクティブスクリプト）を有効にしてください。JavaScript（アクティブスクリプト）を無効のまま文字サイズを変更する場合には，ご利用のブラウザの表示メニューから文字サイズを変更してください。文字サイズ変更以外にも，操作性向上の目的でJavaScript（アクティブスクリプト）を用いた機能を提供しています。可能であればJavaScript（"
"岩倉市","23228","39","200","特定事業主行動計画","https://www.city.iwakura.aichi.jp/0000002014.html","特定事業主行動計画 | 岩倉市 共通メニューなどをスキップして本文へ 岩倉市トップに戻る ふりがな やさしい日本語 文字サイズ変更 標準 拡大 色の反転 標準 反転 検索 文字サイズ変更機能を利用するにはJavaScript（アクティブスクリプト）を有効にしてください。JavaScript（アクティブスクリプト）を無効のまま文字サイズを変更する場合には，ご利用のブラウザの表示メニューから文字サイズを変更してください。文字サイズ変更以外にも，操作性向上の目的でJavaScript（アクティブスクリプト）を用いた機能を提供しています。可能であればJavaScript（アクティブスクリプト）を有効に"
"岩倉市","23228","39","200","国民年金保険料の支払い方法","https://www.city.iwakura.aichi.jp/0000002033.html","国民年金保険料の支払い方法 | 岩倉市 共通メニューなどをスキップして本文へ 岩倉市トップに戻る ふりがな やさしい日本語 文字サイズ変更 標準 拡大 色の反転 標準 反転 検索 文字サイズ変更機能を利用するにはJavaScript（アクティブスクリプト）を有効にしてください。JavaScript（アクティブスクリプト）を無効のまま文字サイズを変更する場合には，ご利用のブラウザの表示メニューから文字サイズを変更してください。文字サイズ変更以外にも，操作性向上の目的でJavaScript（アクティブスクリプト）を用いた機能を提供しています。可能であればJavaScript（アクティブスクリプト）"
"岩倉市","23228","39","200","消費生活情報","https://www.city.iwakura.aichi.jp/0000002210.html","消費生活情報 | 岩倉市 共通メニューなどをスキップして本文へ 岩倉市トップに戻る ふりがな やさしい日本語 文字サイズ変更 標準 拡大 色の反転 標準 反転 検索 文字サイズ変更機能を利用するにはJavaScript（アクティブスクリプト）を有効にしてください。JavaScript（アクティブスクリプト）を無効のまま文字サイズを変更する場合には，ご利用のブラウザの表示メニューから文字サイズを変更してください。文字サイズ変更以外にも，操作性向上の目的でJavaScript（アクティブスクリプト）を用いた機能を提供しています。可能であればJavaScript（アクティブスクリプト）を有効にしてく"
"岩倉市","23228","39","200","離婚届","https://www.city.iwakura.aichi.jp/0000002258.html","離婚届 | 岩倉市 共通メニューなどをスキップして本文へ 岩倉市トップに戻る ふりがな やさしい日本語 文字サイズ変更 標準 拡大 色の反転 標準 反転 検索 文字サイズ変更機能を利用するにはJavaScript（アクティブスクリプト）を有効にしてください。JavaScript（アクティブスクリプト）を無効のまま文字サイズを変更する場合には，ご利用のブラウザの表示メニューから文字サイズを変更してください。文字サイズ変更以外にも，操作性向上の目的でJavaScript（アクティブスクリプト）を用いた機能を提供しています。可能であればJavaScript（アクティブスクリプト）を有効にしてください"
"岩倉市","23228","39","200","日曜市役所","https://www.city.iwakura.aichi.jp/0000002259.html","日曜市役所 | 岩倉市 共通メニューなどをスキップして本文へ 岩倉市トップに戻る ふりがな やさしい日本語 文字サイズ変更 標準 拡大 色の反転 標準 反転 検索 文字サイズ変更機能を利用するにはJavaScript（アクティブスクリプト）を有効にしてください。JavaScript（アクティブスクリプト）を無効のまま文字サイズを変更する場合には，ご利用のブラウザの表示メニューから文字サイズを変更してください。文字サイズ変更以外にも，操作性向上の目的でJavaScript（アクティブスクリプト）を用いた機能を提供しています。可能であればJavaScript（アクティブスクリプト）を有効にしてくだ"
"岩倉市","23228","39","200","東海農政局からのお知らせ","https://www.city.iwakura.aichi.jp/0000002307.html","東海農政局からのお知らせ | 岩倉市 共通メニューなどをスキップして本文へ 岩倉市トップに戻る ふりがな やさしい日本語 文字サイズ変更 標準 拡大 色の反転 標準 反転 検索 文字サイズ変更機能を利用するにはJavaScript（アクティブスクリプト）を有効にしてください。JavaScript（アクティブスクリプト）を無効のまま文字サイズを変更する場合には，ご利用のブラウザの表示メニューから文字サイズを変更してください。文字サイズ変更以外にも，操作性向上の目的でJavaScript（アクティブスクリプト）を用いた機能を提供しています。可能であればJavaScript（アクティブスクリプト）を"
"岩倉市","23228","39","200","岩倉市指定納品請求書 [2023年9月29日]","https://www.city.iwakura.aichi.jp/0000002558.html","岩倉市指定納品請求書 | 岩倉市 共通メニューなどをスキップして本文へ 岩倉市トップに戻る ふりがな やさしい日本語 文字サイズ変更 標準 拡大 色の反転 標準 反転 検索 文字サイズ変更機能を利用するにはJavaScript（アクティブスクリプト）を有効にしてください。JavaScript（アクティブスクリプト）を無効のまま文字サイズを変更する場合には，ご利用のブラウザの表示メニューから文字サイズを変更してください。文字サイズ変更以外にも，操作性向上の目的でJavaScript（アクティブスクリプト）を用いた機能を提供しています。可能であればJavaScript（アクティブスクリプト）を有効"
"岩倉市","23228","39","200","消防本部の事業","https://www.city.iwakura.aichi.jp/0000002622.html","消防本部の事業 | 岩倉市 共通メニューなどをスキップして本文へ 岩倉市トップに戻る ふりがな やさしい日本語 文字サイズ変更 標準 拡大 色の反転 標準 反転 検索 文字サイズ変更機能を利用するにはJavaScript（アクティブスクリプト）を有効にしてください。JavaScript（アクティブスクリプト）を無効のまま文字サイズを変更する場合には，ご利用のブラウザの表示メニューから文字サイズを変更してください。文字サイズ変更以外にも，操作性向上の目的でJavaScript（アクティブスクリプト）を用いた機能を提供しています。可能であればJavaScript（アクティブスクリプト）を有効にして"
"岩倉市","23228","39","200","救急車の呼び方について","https://www.city.iwakura.aichi.jp/0000002679.html","救急車の呼び方について | 岩倉市 共通メニューなどをスキップして本文へ 岩倉市トップに戻る ふりがな やさしい日本語 文字サイズ変更 標準 拡大 色の反転 標準 反転 検索 文字サイズ変更機能を利用するにはJavaScript（アクティブスクリプト）を有効にしてください。JavaScript（アクティブスクリプト）を無効のまま文字サイズを変更する場合には，ご利用のブラウザの表示メニューから文字サイズを変更してください。文字サイズ変更以外にも，操作性向上の目的でJavaScript（アクティブスクリプト）を用いた機能を提供しています。可能であればJavaScript（アクティブスクリプト）を有"
"高浜市","23227","39","200","","https://www.city.takahama.lg.jp/","高浜市ホームページ トップページ ページの先頭です。 メニューを飛ばして本文へ メニュー JavaScriptが無効のため、文字の大きさ・背景色を変更する機能を使用できません。 本文へ Foreign language 文字サイズ 標準 拡大 背景色変更 白 黒 青 もしもの時は --> 生活に関する情報 Living information 住民票・戸籍 保険・年金 税金（くらしの情報） 消防・救急 防災 防犯・安全 医療・健康 福祉・介護 子育て 教育 上水道・下水道 ごみ・衛生 ペット・動植物 まちづくり・コミュニティ・協働 生涯学習・スポーツ 人権・男女平等・外国人 土地・住宅 道路・"
"高浜市","23227","39","200","もっと見る","https://www.city.takahama.lg.jp/soshiki/list1-1.html","新着情報 - 高浜市ホームページ ページの先頭です。 メニューを飛ばして本文へ メニュー JavaScriptが無効のため、文字の大きさ・背景色を変更する機能を使用できません。 本文へ Foreign language 文字サイズ 標準 拡大 背景色変更 白 黒 青 もしもの時は --> 生活に関する情報 Living information 住民票・戸籍 保険・年金 税金（くらしの情報） 消防・救急 防災 防犯・安全 医療・健康 福祉・介護 子育て 教育 上水道・下水道 ごみ・衛生 ペット・動植物 まちづくり・コミュニティ・協働 生涯学習・スポーツ 人権・男女平等・外国人 土地・住宅 道路・"
"高浜市","23227","39","200","2026年07月07日 がんばれ！ シーホース三河","https://www.city.takahama.lg.jp/soshiki/seisaku/18052.html","がんばれ！ シーホース三河 - 高浜市ホームページ ページの先頭です。 メニューを飛ばして本文へ メニュー JavaScriptが無効のため、文字の大きさ・背景色を変更する機能を使用できません。 本文へ Foreign language 文字サイズ 標準 拡大 背景色変更 白 黒 青 もしもの時は --> 生活に関する情報 Living information 住民票・戸籍 保険・年金 税金（くらしの情報） 消防・救急 防災 防犯・安全 医療・健康 福祉・介護 子育て 教育 上水道・下水道 ごみ・衛生 ペット・動植物 まちづくり・コミュニティ・協働 生涯学習・スポーツ 人権・男女平等・外国人 "
"日進市","23230","39","200","食×健康のプロから学んで食育デビューしませんか！「日進市食生活サポーター養成講座」","https://www.city.nisshin.lg.jp/department/kenko/kenko/2/3/2040.html","食×健康のプロから学んで食育デビューしませんか！「日進市食生活サポーター養成講座」／日進市 本文へ 文字サイズ 背景色変更 携帯サイト Other Language 部や課で選ぶ ご意見・お問い合わせ ホーム くらしの情報 行事・イベント 市役所・公共施設 市の政策・計画 サイト内検索 くらしの情報 行事・イベント 市役所・公共施設 市の政策・計画 Other Language 部や課で選ぶ ご意見・お問い合わせ 現在の位置 ホーム 部や課で選ぶ 健康こども部 健康課 行事・イベント一覧 募集情報 食×健康のプロから学んで食育デビューしませんか！「日進市食生活サポーター養成講座」 食×健康のプ"
"日進市","23230","39","200","ラミネートでしおりをつくろう（北部福祉会館）","https://www.city.nisshin.lg.jp/department/seikatu/fukushikaikan/11/2/2/3/17325.html","ラミネートでしおりをつくろう（北部福祉会館）／日進市 本文へ 文字サイズ 背景色変更 携帯サイト Other Language 部や課で選ぶ ご意見・お問い合わせ ホーム くらしの情報 行事・イベント 市役所・公共施設 市の政策・計画 サイト内検索 くらしの情報 行事・イベント 市役所・公共施設 市の政策・計画 Other Language 部や課で選ぶ ご意見・お問い合わせ 現在の位置 ホーム 部や課で選ぶ 市民生活部 福祉会館 北部福祉会館 行事・イベント一覧 イベント 催し ラミネートでしおりをつくろう（北部福祉会館） ラミネートでしおりをつくろう（北部福祉会館） ID番号 N17325"
"日進市","23230","39","200","きらきらサンキャッチャーをつくろう（北部福祉会館）","https://www.city.nisshin.lg.jp/department/seikatu/fukushikaikan/11/2/2/3/17326.html","きらきらサンキャッチャーをつくろう（北部福祉会館）／日進市 本文へ 文字サイズ 背景色変更 携帯サイト Other Language 部や課で選ぶ ご意見・お問い合わせ ホーム くらしの情報 行事・イベント 市役所・公共施設 市の政策・計画 サイト内検索 くらしの情報 行事・イベント 市役所・公共施設 市の政策・計画 Other Language 部や課で選ぶ ご意見・お問い合わせ 現在の位置 ホーム 部や課で選ぶ 市民生活部 福祉会館 北部福祉会館 行事・イベント一覧 イベント 催し きらきらサンキャッチャーをつくろう（北部福祉会館） きらきらサンキャッチャーをつくろう（北部福祉会館） ID"
"日進市","23230","39","200","夏の夜の親子ネイチャーゲーム（岩崎台・香久山福祉会館）","https://www.city.nisshin.lg.jp/department/seikatu/fukushikaikan/2/2_1/2/18692.html","夏の夜の親子ネイチャーゲーム／日進市 本文へ 文字サイズ 背景色変更 携帯サイト Other Language 部や課で選ぶ ご意見・お問い合わせ ホーム くらしの情報 行事・イベント 市役所・公共施設 市の政策・計画 サイト内検索 くらしの情報 行事・イベント 市役所・公共施設 市の政策・計画 Other Language 部や課で選ぶ ご意見・お問い合わせ 現在の位置 ホーム 部や課で選ぶ 市民生活部 福祉会館 岩崎台・香久山福祉会館 イベント 催し 夏の夜の親子ネイチャーゲーム 夏の夜の親子ネイチャーゲーム ID番号 N18692 更新日：2026年07月01日 夏の夜の親子ネイチャーゲ"
"日進市","23230","39","200","ビリビリンピック＆エコフォトフレームづくり（東部福祉会館）","https://www.city.nisshin.lg.jp/department/seikatu/fukushikaikan/8/2/2/3/18720.html","ビリビリンピック＆エコフォトフレームづくり（主催：サンゲツ）(東部福祉会館)／日進市 本文へ 文字サイズ 背景色変更 携帯サイト Other Language 部や課で選ぶ ご意見・お問い合わせ ホーム くらしの情報 行事・イベント 市役所・公共施設 市の政策・計画 サイト内検索 くらしの情報 行事・イベント 市役所・公共施設 市の政策・計画 Other Language 部や課で選ぶ ご意見・お問い合わせ 現在の位置 ホーム 部や課で選ぶ 市民生活部 福祉会館 東部福祉会館 行事・イベント一覧 イベント 催し ビリビリンピック＆エコフォトフレームづくり（主催：サンゲツ）(東部福祉会館) ビリ"
"日進市","23230","39","200","親子でパソコン分解教室","https://www.city.nisshin.lg.jp/department/seikatu/kankyou/6/2/2/nisshinesd/18684.html","親子でパソコン分解教室／日進市 本文へ 文字サイズ 背景色変更 携帯サイト Other Language 部や課で選ぶ ご意見・お問い合わせ ホーム くらしの情報 行事・イベント 市役所・公共施設 市の政策・計画 サイト内検索 くらしの情報 行事・イベント 市役所・公共施設 市の政策・計画 Other Language 部や課で選ぶ ご意見・お問い合わせ 現在の位置 ホーム 部や課で選ぶ 市民生活部 環境課 暮らしの情報 住まい・環境 環境まちづくり施策 にっしんESD講座 親子でパソコン分解教室 親子でパソコン分解教室 ID番号 N18684 更新日：2026年06月19日 講座概要 親子で"
"日進市","23230","39","200","親子でリサイクル探検","https://www.city.nisshin.lg.jp/department/seikatu/kankyou/6/2/2/nisshinesd/18685.html","親子でリサイクル探検／日進市 本文へ 文字サイズ 背景色変更 携帯サイト Other Language 部や課で選ぶ ご意見・お問い合わせ ホーム くらしの情報 行事・イベント 市役所・公共施設 市の政策・計画 サイト内検索 くらしの情報 行事・イベント 市役所・公共施設 市の政策・計画 Other Language 部や課で選ぶ ご意見・お問い合わせ 現在の位置 ホーム 部や課で選ぶ 市民生活部 環境課 暮らしの情報 住まい・環境 環境まちづくり施策 にっしんESD講座 親子でリサイクル探検 親子でリサイクル探検 ID番号 N18685 更新日：2026年06月22日 講座概要 親子でリサイ"
"日進市","23230","39","200","お父さんと一緒にレッツ！クッキング！","https://www.city.nisshin.lg.jp/department/seikatu/kyousei/2/3/17206.html","お父さんと一緒にレッツ！クッキング！参加者募集／日進市 本文へ 文字サイズ 背景色変更 携帯サイト Other Language 部や課で選ぶ ご意見・お問い合わせ ホーム くらしの情報 行事・イベント 市役所・公共施設 市の政策・計画 サイト内検索 くらしの情報 行事・イベント 市役所・公共施設 市の政策・計画 Other Language 部や課で選ぶ ご意見・お問い合わせ 現在の位置 ホーム 部や課で選ぶ 市民生活部 地域共生課 行事・イベント一覧 募集情報 お父さんと一緒にレッツ！クッキング！参加者募集 お父さんと一緒にレッツ！クッキング！参加者募集 ID番号 N17206 更新日：2"
"日進市","23230","39","200","女性の理工系進出応援！地デジが映る「うちわアンテナ」をつくろう！","https://www.city.nisshin.lg.jp/department/seikatu/kyousei/2/3/18776.html","女性の理工系進出応援！地デジが映る「うちわアンテナ」をつくろう！ 参加者募集／日進市 本文へ 文字サイズ 背景色変更 携帯サイト Other Language 部や課で選ぶ ご意見・お問い合わせ ホーム くらしの情報 行事・イベント 市役所・公共施設 市の政策・計画 サイト内検索 くらしの情報 行事・イベント 市役所・公共施設 市の政策・計画 Other Language 部や課で選ぶ ご意見・お問い合わせ 現在の位置 ホーム 部や課で選ぶ 市民生活部 地域共生課 行事・イベント一覧 募集情報 女性の理工系進出応援！地デジが映る「うちわアンテナ」をつくろう！ 参加者募集 女性の理工系進出応援！"
"日進市","23230","39","200","木祖村フェア","https://www.city.nisshin.lg.jp/department/seikatu/kyousei/3/8/3/7/18728.html","木祖村フェアを開催します！／日進市 本文へ 文字サイズ 背景色変更 携帯サイト Other Language 部や課で選ぶ ご意見・お問い合わせ ホーム くらしの情報 行事・イベント 市役所・公共施設 市の政策・計画 サイト内検索 くらしの情報 行事・イベント 市役所・公共施設 市の政策・計画 Other Language 部や課で選ぶ ご意見・お問い合わせ 現在の位置 ホーム 部や課で選ぶ 市民生活部 地域共生課 市の政策・計画 自治体との連携 友好自治体提携 長野県木祖村 木祖村フェアを開催します！ 木祖村フェアを開催します！ ID番号 N18728 更新日：2026年06月19日 木祖村"
"日進市","23230","39","200","感震ブレーカーを設置しましょう","https://www.city.nisshin.lg.jp/department/sougou/jouhou/hozyo_ichiran/hozyokin/15075.html","感震ブレーカーを設置しましょう／日進市 本文へ 文字サイズ 背景色変更 携帯サイト Other Language 部や課で選ぶ ご意見・お問い合わせ ホーム くらしの情報 行事・イベント 市役所・公共施設 市の政策・計画 サイト内検索 くらしの情報 行事・イベント 市役所・公共施設 市の政策・計画 Other Language 部や課で選ぶ ご意見・お問い合わせ 現在の位置 ホーム 部や課で選ぶ 総合政策部 情報広報課 補助金一覧 補助金 感震ブレーカーを設置しましょう 感震ブレーカーを設置しましょう ID番号 N15075 更新日：2026年04月01日 過去の大震災における火災の原因の過半"
"日進市","23230","39","200","妊産婦及び乳児健康診査","https://www.city.nisshin.lg.jp/department/sougou/jouhou/hozyo_ichiran/zyoseikin/15100.html","妊産婦及び乳児健康診査／日進市 本文へ 文字サイズ 背景色変更 携帯サイト Other Language 部や課で選ぶ ご意見・お問い合わせ ホーム くらしの情報 行事・イベント 市役所・公共施設 市の政策・計画 サイト内検索 くらしの情報 行事・イベント 市役所・公共施設 市の政策・計画 Other Language 部や課で選ぶ ご意見・お問い合わせ 現在の位置 ホーム 部や課で選ぶ 総合政策部 情報広報課 補助金一覧 助成金 妊産婦及び乳児健康診査 妊産婦及び乳児健康診査 ID番号 N15100 更新日：2026年03月24日 妊産婦及び乳児健康診査受診票の使用について 親子健康手帳（母"
"日進市","23230","39","200","商業・工業","https://www.city.nisshin.lg.jp/department/toshisangyo/kanko/6/2/4/index.html","商業・工業／日進市 本文へ 文字サイズ 背景色変更 携帯サイト Other Language 部や課で選ぶ ご意見・お問い合わせ ホーム くらしの情報 行事・イベント 市役所・公共施設 市の政策・計画 サイト内検索 くらしの情報 行事・イベント 市役所・公共施設 市の政策・計画 Other Language 部や課で選ぶ ご意見・お問い合わせ 現在の位置 ホーム 部や課で選ぶ 都市産業部 産業観光課 暮らしの情報 産業・雇用・観光・まちづくり 商業・工業 商業・工業 ID番号 N1122 更新日：2019年03月01日 セーフティネット（中小企業信用保険法）保証制度 日進市新商品開発等支援事業"
"日進市","23230","39","200","郵送による戸籍・住民票に関する証明の申請","https://www.city.nisshin.lg.jp/download/18411.html","郵送による戸籍・住民票に関する証明の申請／日進市 本文へ 文字サイズ 背景色変更 携帯サイト Other Language 部や課で選ぶ ご意見・お問い合わせ ホーム くらしの情報 行事・イベント 市役所・公共施設 市の政策・計画 サイト内検索 くらしの情報 行事・イベント 市役所・公共施設 市の政策・計画 Other Language 部や課で選ぶ ご意見・お問い合わせ 現在の位置 ホーム 申請書ダウンロード 郵送による戸籍・住民票に関する証明の申請 郵送による戸籍・住民票に関する証明の申請 ID番号 N18411 更新日：2024年09月19日 戸籍（日進市に本籍のある方）や住民票（日進市"
"日進市","23230","39","200","医療に関すること","https://www.city.nisshin.lg.jp/download/7562.html","医療に関すること／日進市 本文へ 文字サイズ 背景色変更 携帯サイト Other Language 部や課で選ぶ ご意見・お問い合わせ ホーム くらしの情報 行事・イベント 市役所・公共施設 市の政策・計画 サイト内検索 くらしの情報 行事・イベント 市役所・公共施設 市の政策・計画 Other Language 部や課で選ぶ ご意見・お問い合わせ 現在の位置 ホーム 申請書ダウンロード 医療に関すること 医療に関すること ID番号 N7562 更新日：2024年12月02日 集団がん検診申込書 (PDFファイル: 345.1KB) 30代さわやか検診申込書 (PDFファイル: 236.6KB"
"日進市","23230","39","200","暮らしの情報","https://www.city.nisshin.lg.jp/kurashi/index.html","暮らしの情報／日進市 本文へ 文字サイズ 背景色変更 携帯サイト Other Language 部や課で選ぶ ご意見・お問い合わせ ホーム くらしの情報 行事・イベント 市役所・公共施設 市の政策・計画 サイト内検索 くらしの情報 行事・イベント 市役所・公共施設 市の政策・計画 Other Language 部や課で選ぶ ご意見・お問い合わせ 現在の位置 ホーム 暮らしの情報 暮らしの情報 ID番号 N3 更新日：2023年04月01日 新着情報 NEW! 現在、新着情報はございません。 住まい・環境 戸籍・住民登録 上・下水道 ごみ・リサイクル ペット・動物・植物 墓地 環境まちづくり施策"
"日進市","23230","39","200","自立支援医療の届出や申請には、マイナンバーが必要です","https://www.city.nisshin.lg.jp/kurashi/seane/shougai/iryo/6973.html","自立支援医療の届出や申請には、マイナンバーが必要です／日進市 本文へ 文字サイズ 背景色変更 携帯サイト Other Language 部や課で選ぶ ご意見・お問い合わせ ホーム くらしの情報 行事・イベント 市役所・公共施設 市の政策・計画 サイト内検索 くらしの情報 行事・イベント 市役所・公共施設 市の政策・計画 Other Language 部や課で選ぶ ご意見・お問い合わせ 現在の位置 ホーム 暮らしの情報 暮らしのシーンから探す 障害者 医療 自立支援医療の届出や申請には、マイナンバーが必要です 自立支援医療の届出や申請には、マイナンバーが必要です ID番号 N6973 更新日：2"
"日進市","23230","39","200","未熟児養育医療の届出や申請には、平成29年10月からマイナンバーが必要です","https://www.city.nisshin.lg.jp/kurashi/seane/shougai/iryo/6974.html","未熟児養育医療の届出や申請には、平成29年10月からマイナンバーが必要です／日進市 本文へ 文字サイズ 背景色変更 携帯サイト Other Language 部や課で選ぶ ご意見・お問い合わせ ホーム くらしの情報 行事・イベント 市役所・公共施設 市の政策・計画 サイト内検索 くらしの情報 行事・イベント 市役所・公共施設 市の政策・計画 Other Language 部や課で選ぶ ご意見・お問い合わせ 現在の位置 ホーム 暮らしの情報 暮らしのシーンから探す 障害者 医療 未熟児養育医療の届出や申請には、平成29年10月からマイナンバーが必要です 未熟児養育医療の届出や申請には、平成29年"
"日進市","23230","39","200","医療","https://www.city.nisshin.lg.jp/kurashi/seane/shougai/iryo/index.html","医療／日進市 本文へ 文字サイズ 背景色変更 携帯サイト Other Language 部や課で選ぶ ご意見・お問い合わせ ホーム くらしの情報 行事・イベント 市役所・公共施設 市の政策・計画 サイト内検索 くらしの情報 行事・イベント 市役所・公共施設 市の政策・計画 Other Language 部や課で選ぶ ご意見・お問い合わせ 現在の位置 ホーム 暮らしの情報 暮らしのシーンから探す 障害者 医療 医療 ID番号 N6968 更新日：2019年03月01日 障害者医療制度 精神障害者の医療費助成制度 精神通院医療費の助成制度 自立支援医療のお知らせ 自立支援医療の届出や申請には、マイ"
"日進市","23230","39","200","市の政策・計画","https://www.city.nisshin.lg.jp/seisaku/index.html","市の政策・計画／日進市 本文へ 文字サイズ 背景色変更 携帯サイト Other Language 部や課で選ぶ ご意見・お問い合わせ ホーム くらしの情報 行事・イベント 市役所・公共施設 市の政策・計画 サイト内検索 くらしの情報 行事・イベント 市役所・公共施設 市の政策・計画 Other Language 部や課で選ぶ ご意見・お問い合わせ 現在の位置 ホーム 市の政策・計画 市の政策・計画 ID番号 N5 更新日：2023年04月01日 新着情報 NEW! 現在、新着情報はございません。 組織と業務 計画 企画政策課 人事課 防災安全課 地域共生課 環境課 地域福祉課 介護福祉課 健康"
"尾張旭市","23226","39","200","ご意見・ご提案","https://www.city.owariasahi.lg.jp/form/detail.php?sec_sec1=30","お問い合わせ - 尾張旭市公式ホームページ ページの先頭です。 メニューを飛ばして本文へ メニュー 閉じる さがす 閉じる オンライン 手続き 本文へ ご利用ガイド サイトマップ language 文字サイズ 標準 拡大 背景色 白 黒 青 キーワード 検索 Googleカスタム検索 検索対象 すべて ページ PDF ページID 検索 ライフイベントでさがす 高齢者 妊娠・出産 子育て 入園・入学 就職・退職 結婚・離婚 引っ越し おくやみ 目的からさがす 申請書一覧 施設 ごみ・ リサイクル 入札・契約 相談窓口 よくある 質問 イベント 市営バス あさぴー号 組織でさがす カレンダーでさが"
"尾張旭市","23226","39","200","ご意見・ご提案","https://www.city.owariasahi.lg.jp/form/detail.php?sec_sec1=6","お問い合わせ - 尾張旭市公式ホームページ ページの先頭です。 メニューを飛ばして本文へ メニュー 閉じる さがす 閉じる オンライン 手続き 本文へ ご利用ガイド サイトマップ language 文字サイズ 標準 拡大 背景色 白 黒 青 キーワード 検索 Googleカスタム検索 検索対象 すべて ページ PDF ページID 検索 ライフイベントでさがす 高齢者 妊娠・出産 子育て 入園・入学 就職・退職 結婚・離婚 引っ越し おくやみ 目的からさがす 申請書一覧 施設 ごみ・ リサイクル 入札・契約 相談窓口 よくある 質問 イベント 市営バス あさぴー号 組織でさがす カレンダーでさが"
"豊明市","23229","39","200","豊明市公式SNS","http://www.city.toyoake.lg.jp/5105.htm","豊明市公式SNS/豊明市 --> 本文へ移動 豊明市公式SNS スマートフォン用ツール メニュー表示 自動翻訳 English 中文 Portgues Tiếng Việt Foreign language 背景変更 標準 黒 補助機能 ふりがな 文字拡大 元に戻す サイトマップ パソコン画面表示 ページの末尾へ くらし 妊娠・出産 子育て 学校教育 結婚・離婚 引越し・住まい 就職・退職 高齢者・介護 おくやみ 戸籍・住民票・印鑑登録 税 国民健康保険 国民年金 水道 交通 駐車・駐輪 都市計画 産業・事業 ごみ・環境保全 ペット 福祉 障がい者支援 消費生活 健康・医療 文化・スポーツ・生"
"豊明市","23229","39","200","スマートフォンサイトで資料を探す","https://tosho.city.toyoake.lg.jp/csp/opw/OPS/OPSINDEX.CSP","トップ 豊明市立図書館 資料検索 利用者のページ 新着案内 貸出ベスト 予約ベスト 所蔵一覧 雑誌タイトル一覧 図書館からのお知らせ 休館日カレンダー ∟ ログアウト中 ログイン 蔵書検索のページ 利用者のページ 休館日カレンダー 資料検索 詳細検索 相互貸借 一般 児童 ﾏﾝｶﾞ 紙芝居 郷土 参考 雑誌 ＡＶ 複製 検索 イベント イベント 【8/1(土)開催・追加募集中!!】クイズでぜいきん！(2026/07/13) 【7/22(水)】図書館にキッチンカーが来ます！(2026/07/08) 【8/2(日)開催・要申込】夏休みプログラミング教室(2026/07/01) 【7/29(水)開催"
"日進市","23230","38","200","【太陽光発電システム・蓄電池・エネファームの補助申請をされる方へ】くらしカーボンニュートラルクラブ入会の案内","https://www.city.nisshin.lg.jp/department/sougou/jouhou/hozyo_ichiran/hozyokin/15700.html","【太陽光発電システム・蓄電池・エネファームの補助申請をされる方へ】くらしカーボンニュートラルクラブ入会の案内／日進市 本文へ 文字サイズ 背景色変更 携帯サイト Other Language 部や課で選ぶ ご意見・お問い合わせ ホーム くらしの情報 行事・イベント 市役所・公共施設 市の政策・計画 サイト内検索 くらしの情報 行事・イベント 市役所・公共施設 市の政策・計画 Other Language 部や課で選ぶ ご意見・お問い合わせ 現在の位置 ホーム 部や課で選ぶ 総合政策部 情報広報課 補助金一覧 補助金 【太陽光発電システム・蓄電池・エネファームの補助申請をされる方へ】くらしカーボ"
"日進市","23230","38","200","補助金一覧","https://www.city.nisshin.lg.jp/department/sougou/jouhou/hozyo_ichiran/index.html","補助金一覧／日進市 本文へ 文字サイズ 背景色変更 携帯サイト Other Language 部や課で選ぶ ご意見・お問い合わせ ホーム くらしの情報 行事・イベント 市役所・公共施設 市の政策・計画 サイト内検索 くらしの情報 行事・イベント 市役所・公共施設 市の政策・計画 Other Language 部や課で選ぶ ご意見・お問い合わせ 現在の位置 ホーム 部や課で選ぶ 総合政策部 情報広報課 補助金一覧 補助金一覧 ID番号 N14896 更新日：2023年12月25日 補助金 令和8年度地球温暖化対策設備設置費補助事業 【太陽光発電システム・蓄電池・エネファームの補助申請をされる方へ"
"日進市","23230","38","200","補助金一覧","https://www.city.nisshin.lg.jp/kurashi/15033.html","補助金一覧／日進市 本文へ 文字サイズ 背景色変更 携帯サイト Other Language 部や課で選ぶ ご意見・お問い合わせ ホーム くらしの情報 行事・イベント 市役所・公共施設 市の政策・計画 サイト内検索 くらしの情報 行事・イベント 市役所・公共施設 市の政策・計画 Other Language 部や課で選ぶ ご意見・お問い合わせ 現在の位置 ホーム 暮らしの情報 補助金一覧 補助金一覧 ID番号 N15033 更新日：2023年12月25日 補助金 令和8年度地球温暖化対策設備設置費補助事業 【太陽光発電システム・蓄電池・エネファームの補助申請をされる方へ】くらしカーボンニュート"
"日進市","23230","38","200","日進市高齢者福祉・介護保険事業運営協議会 開催予定（令和8年8月3日）","https://www.city.nisshin.lg.jp/seisaku/gyosei/kaisai/17748.html","日進市高齢者福祉・介護保険事業運営協議会 開催予定（令和8年8月3日）／日進市 本文へ 文字サイズ 背景色変更 携帯サイト Other Language 部や課で選ぶ ご意見・お問い合わせ ホーム くらしの情報 行事・イベント 市役所・公共施設 市の政策・計画 サイト内検索 くらしの情報 行事・イベント 市役所・公共施設 市の政策・計画 Other Language 部や課で選ぶ ご意見・お問い合わせ 現在の位置 ホーム 市の政策・計画 行政委員会・附属機関等 行政委員会・附属機関等開催予定 日進市高齢者福祉・介護保険事業運営協議会 開催予定（令和8年8月3日） 日進市高齢者福祉・介護保険事業"
"日進市","23230","38","200","日進市障害者自立支援協議会 開催予定（令和8年7月2日）","https://www.city.nisshin.lg.jp/seisaku/gyosei/kaisai/18095.html","日進市障害者自立支援協議会 開催予定（令和8年7月2日）／日進市 本文へ 文字サイズ 背景色変更 携帯サイト Other Language 部や課で選ぶ ご意見・お問い合わせ ホーム くらしの情報 行事・イベント 市役所・公共施設 市の政策・計画 サイト内検索 くらしの情報 行事・イベント 市役所・公共施設 市の政策・計画 Other Language 部や課で選ぶ ご意見・お問い合わせ 現在の位置 ホーム 市の政策・計画 行政委員会・附属機関等 行政委員会・附属機関等開催予定 日進市障害者自立支援協議会 開催予定（令和8年7月2日） 日進市障害者自立支援協議会 開催予定（令和8年7月2日） "
"尾張旭市","23226","38","200","小中学校への体験入学","https://www.city.owariasahi.lg.jp/site/kosodate-sukusuku/1176.html","小中学校への体験入学 - 子育てすくすくのびのび尾張旭市 - 尾張旭市公式ホームページ（学校教育課） ページの先頭です。 メニューを飛ばして本文へ 検索 操作補助 JavaScriptが無効のため、文字の大きさ・背景色を変更する機能を使用できません。 本文へ ご利用ガイド サイトマップ language 文字サイズ 標準 拡大 背景色 白 黒 青 キーワード検索 Googleカスタム検索 検索対象 すべて ページ PDF ページID検索 現在地 トップページ > 分類でさがす > 子育て・教育・生涯学習 > 教育 > 入園・入学 > 子育てすくすくのびのび尾張旭市 > 年齢別でさがす > 小学"
"尾張旭市","23226","38","200","ピンポンパン教室の概要","https://www.city.owariasahi.lg.jp/site/kosodate-sukusuku/1809.html","ピンポンパン教室の概要 - 子育てすくすくのびのび尾張旭市 - 尾張旭市公式ホームページ（こどもの発達センターにこにこ） ページの先頭です。 メニューを飛ばして本文へ 検索 操作補助 JavaScriptが無効のため、文字の大きさ・背景色を変更する機能を使用できません。 本文へ ご利用ガイド サイトマップ language 文字サイズ 標準 拡大 背景色 白 黒 青 キーワード検索 Googleカスタム検索 検索対象 すべて ページ PDF ページID検索 現在地 トップページ > 分類でさがす > 子育て・教育・生涯学習 > 子育て > 子育て支援・子育て相談 > 子育てすくすくのびのび尾張"
"尾張旭市","23226","38","200","小学校、中学校の新入学の手続きは、どうすればよいのですか。","https://www.city.owariasahi.lg.jp/site/kosodate-sukusuku/2731.html","小学校、中学校の新入学の手続きは、どうすればよいのですか。 - 子育てすくすくのびのび尾張旭市 - 尾張旭市公式ホームページ（学校教育課） ページの先頭です。 メニューを飛ばして本文へ 検索 操作補助 JavaScriptが無効のため、文字の大きさ・背景色を変更する機能を使用できません。 本文へ ご利用ガイド サイトマップ language 文字サイズ 標準 拡大 背景色 白 黒 青 キーワード検索 Googleカスタム検索 検索対象 すべて ページ PDF ページID検索 現在地 トップページ > 分類でさがす > 子育て・教育・生涯学習 > 教育 > 小学校・中学校 > 子育てすくすくのび"
"尾張旭市","23226","38","200","こども・若者相談","https://www.city.owariasahi.lg.jp/site/kosodate-sukusuku/51054.html","こども・若者相談 - 子育てすくすくのびのび尾張旭市 - 尾張旭市公式ホームページ（こども家庭課） ページの先頭です。 メニューを飛ばして本文へ 検索 操作補助 JavaScriptが無効のため、文字の大きさ・背景色を変更する機能を使用できません。 本文へ ご利用ガイド サイトマップ language 文字サイズ 標準 拡大 背景色 白 黒 青 キーワード検索 Googleカスタム検索 検索対象 すべて ページ PDF ページID検索 現在地 トップページ > 分類でさがす > 子育て・教育・生涯学習 > 子育て > 子育て支援・子育て相談 > 子育てすくすくのびのび尾張旭市 > 目的から探す"
"日進市","23230","36","200","移動政策室","https://www.city.nisshin.lg.jp/department/toshisangyo/ido/index.html","移動政策室／日進市 本文へ 文字サイズ 背景色変更 携帯サイト Other Language 部や課で選ぶ ご意見・お問い合わせ ホーム くらしの情報 行事・イベント 市役所・公共施設 市の政策・計画 サイト内検索 くらしの情報 行事・イベント 市役所・公共施設 市の政策・計画 Other Language 部や課で選ぶ ご意見・お問い合わせ 現在の位置 ホーム 部や課で選ぶ 都市産業部 移動政策室 移動政策室 ID番号 N9379 更新日：2025年04月01日 市の政策・計画 くるりんばす（日進市内巡回バス） くるりんタクシー（高齢者少量輸送） 新しい移動手段 行事・イベント一覧 サイト内"
"日進市","23230","36","200","リンク集","https://www.city.nisshin.lg.jp/gaiyo/link.html","リンク集／日進市 本文へ 文字サイズ 背景色変更 携帯サイト Other Language 部や課で選ぶ ご意見・お問い合わせ ホーム くらしの情報 行事・イベント 市役所・公共施設 市の政策・計画 サイト内検索 くらしの情報 行事・イベント 市役所・公共施設 市の政策・計画 Other Language 部や課で選ぶ ご意見・お問い合わせ 現在の位置 ホーム サイトについて リンク集 リンク集 ID番号 N5527 更新日：2026年04月01日 リンク集に掲載されているリンク先は全て外部リンクになっています。 区・自治会 浅田区 折戸区 米野木区 藤島区 岩崎区 五色園自治会 香久山自治会"
"日進市","23230","36","200","暮らしのシーンから探す","https://www.city.nisshin.lg.jp/kurashi/seane/index.html","暮らしのシーンから探す／日進市 本文へ 文字サイズ 背景色変更 携帯サイト Other Language 部や課で選ぶ ご意見・お問い合わせ ホーム くらしの情報 行事・イベント 市役所・公共施設 市の政策・計画 サイト内検索 くらしの情報 行事・イベント 市役所・公共施設 市の政策・計画 Other Language 部や課で選ぶ ご意見・お問い合わせ 現在の位置 ホーム 暮らしの情報 暮らしのシーンから探す 暮らしのシーンから探す ID番号 N15 更新日：2021年04月01日 出産・子育 入園・入学 就職・退職 結婚・離婚 税金 ごみ 高齢者 障害者 引越 死亡・相続 サイト内検索 暮"
"日進市","23230","36","200","認知症になっても安心して暮らせる地域づくり連携協定","https://www.city.nisshin.lg.jp/kurashi/seane/shougai/kanren/10706.html","認知症になっても安心して暮らせる地域づくり連携協定／日進市 本文へ 文字サイズ 背景色変更 携帯サイト Other Language 部や課で選ぶ ご意見・お問い合わせ ホーム くらしの情報 行事・イベント 市役所・公共施設 市の政策・計画 サイト内検索 くらしの情報 行事・イベント 市役所・公共施設 市の政策・計画 Other Language 部や課で選ぶ ご意見・お問い合わせ 現在の位置 ホーム 暮らしの情報 暮らしのシーンから探す 障害者 関連情報 認知症になっても安心して暮らせる地域づくり連携協定 認知症になっても安心して暮らせる地域づくり連携協定 ID番号 N10706 更新日：2"
"日進市","23230","36","200","関連情報","https://www.city.nisshin.lg.jp/kurashi/seane/shougai/kanren/index.html","関連情報／日進市 本文へ 文字サイズ 背景色変更 携帯サイト Other Language 部や課で選ぶ ご意見・お問い合わせ ホーム くらしの情報 行事・イベント 市役所・公共施設 市の政策・計画 サイト内検索 くらしの情報 行事・イベント 市役所・公共施設 市の政策・計画 Other Language 部や課で選ぶ ご意見・お問い合わせ 現在の位置 ホーム 暮らしの情報 暮らしのシーンから探す 障害者 関連情報 関連情報 ID番号 N6995 更新日：2019年03月01日 日進市高齢者等地域見守り推進事業協力に関する協定 認知症になっても安心して暮らせる地域づくり連携協定 民生児童委員の"
"日進市","23230","36","200","相談","https://www.city.nisshin.lg.jp/kurashi/seane/shougai/soudan/index.html","相談／日進市 本文へ 文字サイズ 背景色変更 携帯サイト Other Language 部や課で選ぶ ご意見・お問い合わせ ホーム くらしの情報 行事・イベント 市役所・公共施設 市の政策・計画 サイト内検索 くらしの情報 行事・イベント 市役所・公共施設 市の政策・計画 Other Language 部や課で選ぶ ご意見・お問い合わせ 現在の位置 ホーム 暮らしの情報 暮らしのシーンから探す 障害者 相談 相談 ID番号 N6993 更新日：2019年03月01日 こころや障害に関する相談 特別な支援が必要な子どもの就学について サイト内検索 障害者 部や課で選ぶ サイトについて プライバシ"
"日進市","23230","36","200","手帳に関する届け出","https://www.city.nisshin.lg.jp/kurashi/seane/shougai/techou/6967.html","手帳に関する届け出／日進市 本文へ 文字サイズ 背景色変更 携帯サイト Other Language 部や課で選ぶ ご意見・お問い合わせ ホーム くらしの情報 行事・イベント 市役所・公共施設 市の政策・計画 サイト内検索 くらしの情報 行事・イベント 市役所・公共施設 市の政策・計画 Other Language 部や課で選ぶ ご意見・お問い合わせ 現在の位置 ホーム 暮らしの情報 暮らしのシーンから探す 障害者 障害者手帳 手帳に関する届け出 手帳に関する届け出 ID番号 N6967 更新日：2022年03月24日 手帳の交付を受けている人に、次のような異動がありましたら、ページ下段の問い"
"日進市","23230","36","200","福祉用具等","https://www.city.nisshin.lg.jp/kurashi/seane/shougai/yougu/index.html","福祉用具等／日進市 本文へ 文字サイズ 背景色変更 携帯サイト Other Language 部や課で選ぶ ご意見・お問い合わせ ホーム くらしの情報 行事・イベント 市役所・公共施設 市の政策・計画 サイト内検索 くらしの情報 行事・イベント 市役所・公共施設 市の政策・計画 Other Language 部や課で選ぶ ご意見・お問い合わせ 現在の位置 ホーム 暮らしの情報 暮らしのシーンから探す 障害者 福祉用具等 福祉用具等 ID番号 N6987 更新日：2019年03月01日 補装具費の支給 意思疎通支援事業 リフォームヘルパー及び住宅改修について 障害者日常生活用具の給付 障害者紙お"
"日進市","23230","35","200","介護老人福祉施設(特別養護老人ホーム)","https://www.city.nisshin.lg.jp/kurashi/seane/kourei/shisetsu/6955.html","介護老人福祉施設(特別養護老人ホーム)／日進市 本文へ 文字サイズ 背景色変更 携帯サイト Other Language 部や課で選ぶ ご意見・お問い合わせ ホーム くらしの情報 行事・イベント 市役所・公共施設 市の政策・計画 サイト内検索 くらしの情報 行事・イベント 市役所・公共施設 市の政策・計画 Other Language 部や課で選ぶ ご意見・お問い合わせ 現在の位置 ホーム 暮らしの情報 暮らしのシーンから探す 高齢者 施設等 介護老人福祉施設(特別養護老人ホーム) 介護老人福祉施設(特別養護老人ホーム) ID番号 N6955 更新日：2022年08月23日 身体上または精神上"
"日進市","23230","35","200","介護老人保健施設(老人保健施設)","https://www.city.nisshin.lg.jp/kurashi/seane/kourei/shisetsu/6956.html","介護老人保健施設(老人保健施設)／日進市 本文へ 文字サイズ 背景色変更 携帯サイト Other Language 部や課で選ぶ ご意見・お問い合わせ ホーム くらしの情報 行事・イベント 市役所・公共施設 市の政策・計画 サイト内検索 くらしの情報 行事・イベント 市役所・公共施設 市の政策・計画 Other Language 部や課で選ぶ ご意見・お問い合わせ 現在の位置 ホーム 暮らしの情報 暮らしのシーンから探す 高齢者 施設等 介護老人保健施設(老人保健施設) 介護老人保健施設(老人保健施設) ID番号 N6956 更新日：2022年08月23日 病状が安定しており、入院する必要はな"
"日進市","23230","35","200","有料老人ホーム・サービス付き高齢者向け住宅","https://www.city.nisshin.lg.jp/kurashi/seane/kourei/shisetsu/6959.html","有料老人ホーム・サービス付き高齢者向け住宅／日進市 本文へ 文字サイズ 背景色変更 携帯サイト Other Language 部や課で選ぶ ご意見・お問い合わせ ホーム くらしの情報 行事・イベント 市役所・公共施設 市の政策・計画 サイト内検索 くらしの情報 行事・イベント 市役所・公共施設 市の政策・計画 Other Language 部や課で選ぶ ご意見・お問い合わせ 現在の位置 ホーム 暮らしの情報 暮らしのシーンから探す 高齢者 施設等 有料老人ホーム・サービス付き高齢者向け住宅 有料老人ホーム・サービス付き高齢者向け住宅 ID番号 N6959 更新日：2022年08月23日 有料老"
"高浜市","23227","34","200","地域福祉グループにメールを送る","https://www.city.takahama.lg.jp/form/detail.php?sec_sec1=10","お問い合わせ - 高浜市ホームページ ページの先頭です。 メニューを飛ばして本文へ メニュー JavaScriptが無効のため、文字の大きさ・背景色を変更する機能を使用できません。 本文へ Foreign language 文字サイズ 標準 拡大 背景色変更 白 黒 青 もしもの時は --> 生活に関する情報 Living information 住民票・戸籍 保険・年金 税金（くらしの情報） 消防・救急 防災 防犯・安全 医療・健康 福祉・介護 子育て 教育 上水道・下水道 ごみ・衛生 ペット・動植物 まちづくり・コミュニティ・協働 生涯学習・スポーツ 人権・男女平等・外国人 土地・住宅 道"
"高浜市","23227","34","200","福祉まるごと相談グループにメールを送る","https://www.city.takahama.lg.jp/form/detail.php?sec_sec1=12","お問い合わせ - 高浜市ホームページ ページの先頭です。 メニューを飛ばして本文へ メニュー JavaScriptが無効のため、文字の大きさ・背景色を変更する機能を使用できません。 本文へ Foreign language 文字サイズ 標準 拡大 背景色変更 白 黒 青 もしもの時は --> 生活に関する情報 Living information 住民票・戸籍 保険・年金 税金（くらしの情報） 消防・救急 防災 防犯・安全 医療・健康 福祉・介護 子育て 教育 上水道・下水道 ごみ・衛生 ペット・動植物 まちづくり・コミュニティ・協働 生涯学習・スポーツ 人権・男女平等・外国人 土地・住宅 道"
"高浜市","23227","34","200","健康推進グループにメールを送る","https://www.city.takahama.lg.jp/form/detail.php?sec_sec1=13","お問い合わせ - 高浜市ホームページ ページの先頭です。 メニューを飛ばして本文へ メニュー JavaScriptが無効のため、文字の大きさ・背景色を変更する機能を使用できません。 本文へ Foreign language 文字サイズ 標準 拡大 背景色変更 白 黒 青 もしもの時は --> 生活に関する情報 Living information 住民票・戸籍 保険・年金 税金（くらしの情報） 消防・救急 防災 防犯・安全 医療・健康 福祉・介護 子育て 教育 上水道・下水道 ごみ・衛生 ペット・動植物 まちづくり・コミュニティ・協働 生涯学習・スポーツ 人権・男女平等・外国人 土地・住宅 道"
"高浜市","23227","34","200","こども育成グループにメールを送る","https://www.city.takahama.lg.jp/form/detail.php?sec_sec1=14","お問い合わせ - 高浜市ホームページ ページの先頭です。 メニューを飛ばして本文へ メニュー JavaScriptが無効のため、文字の大きさ・背景色を変更する機能を使用できません。 本文へ Foreign language 文字サイズ 標準 拡大 背景色変更 白 黒 青 もしもの時は --> 生活に関する情報 Living information 住民票・戸籍 保険・年金 税金（くらしの情報） 消防・救急 防災 防犯・安全 医療・健康 福祉・介護 子育て 教育 上水道・下水道 ごみ・衛生 ペット・動植物 まちづくり・コミュニティ・協働 生涯学習・スポーツ 人権・男女平等・外国人 土地・住宅 道"
"高浜市","23227","34","200","文化スポーツグループにメールを送る","https://www.city.takahama.lg.jp/form/detail.php?sec_sec1=15","お問い合わせ - 高浜市ホームページ ページの先頭です。 メニューを飛ばして本文へ メニュー JavaScriptが無効のため、文字の大きさ・背景色を変更する機能を使用できません。 本文へ Foreign language 文字サイズ 標準 拡大 背景色変更 白 黒 青 もしもの時は --> 生活に関する情報 Living information 住民票・戸籍 保険・年金 税金（くらしの情報） 消防・救急 防災 防犯・安全 医療・健康 福祉・介護 子育て 教育 上水道・下水道 ごみ・衛生 ペット・動植物 まちづくり・コミュニティ・協働 生涯学習・スポーツ 人権・男女平等・外国人 土地・住宅 道"
"高浜市","23227","34","200","土木グループにメールを送る","https://www.city.takahama.lg.jp/form/detail.php?sec_sec1=16","お問い合わせ - 高浜市ホームページ ページの先頭です。 メニューを飛ばして本文へ メニュー JavaScriptが無効のため、文字の大きさ・背景色を変更する機能を使用できません。 本文へ Foreign language 文字サイズ 標準 拡大 背景色変更 白 黒 青 もしもの時は --> 生活に関する情報 Living information 住民票・戸籍 保険・年金 税金（くらしの情報） 消防・救急 防災 防犯・安全 医療・健康 福祉・介護 子育て 教育 上水道・下水道 ごみ・衛生 ペット・動植物 まちづくり・コミュニティ・協働 生涯学習・スポーツ 人権・男女平等・外国人 土地・住宅 道"
"高浜市","23227","34","200","都市計画グループにメールを送る","https://www.city.takahama.lg.jp/form/detail.php?sec_sec1=17","お問い合わせ - 高浜市ホームページ ページの先頭です。 メニューを飛ばして本文へ メニュー JavaScriptが無効のため、文字の大きさ・背景色を変更する機能を使用できません。 本文へ Foreign language 文字サイズ 標準 拡大 背景色変更 白 黒 青 もしもの時は --> 生活に関する情報 Living information 住民票・戸籍 保険・年金 税金（くらしの情報） 消防・救急 防災 防犯・安全 医療・健康 福祉・介護 子育て 教育 上水道・下水道 ごみ・衛生 ペット・動植物 まちづくり・コミュニティ・協働 生涯学習・スポーツ 人権・男女平等・外国人 土地・住宅 道"
"高浜市","23227","34","200","防災防犯グループにメールを送る","https://www.city.takahama.lg.jp/form/detail.php?sec_sec1=18","お問い合わせ - 高浜市ホームページ ページの先頭です。 メニューを飛ばして本文へ メニュー JavaScriptが無効のため、文字の大きさ・背景色を変更する機能を使用できません。 本文へ Foreign language 文字サイズ 標準 拡大 背景色変更 白 黒 青 もしもの時は --> 生活に関する情報 Living information 住民票・戸籍 保険・年金 税金（くらしの情報） 消防・救急 防災 防犯・安全 医療・健康 福祉・介護 子育て 教育 上水道・下水道 ごみ・衛生 ペット・動植物 まちづくり・コミュニティ・協働 生涯学習・スポーツ 人権・男女平等・外国人 土地・住宅 道"
"高浜市","23227","34","200","上下水道グループにメールを送る","https://www.city.takahama.lg.jp/form/detail.php?sec_sec1=19","お問い合わせ - 高浜市ホームページ ページの先頭です。 メニューを飛ばして本文へ メニュー JavaScriptが無効のため、文字の大きさ・背景色を変更する機能を使用できません。 本文へ Foreign language 文字サイズ 標準 拡大 背景色変更 白 黒 青 もしもの時は --> 生活に関する情報 Living information 住民票・戸籍 保険・年金 税金（くらしの情報） 消防・救急 防災 防犯・安全 医療・健康 福祉・介護 子育て 教育 上水道・下水道 ごみ・衛生 ペット・動植物 まちづくり・コミュニティ・協働 生涯学習・スポーツ 人権・男女平等・外国人 土地・住宅 道"
"高浜市","23227","34","200","総合政策グループにメールを送る","https://www.city.takahama.lg.jp/form/detail.php?sec_sec1=2","お問い合わせ - 高浜市ホームページ ページの先頭です。 メニューを飛ばして本文へ メニュー JavaScriptが無効のため、文字の大きさ・背景色を変更する機能を使用できません。 本文へ Foreign language 文字サイズ 標準 拡大 背景色変更 白 黒 青 もしもの時は --> 生活に関する情報 Living information 住民票・戸籍 保険・年金 税金（くらしの情報） 消防・救急 防災 防犯・安全 医療・健康 福祉・介護 子育て 教育 上水道・下水道 ごみ・衛生 ペット・動植物 まちづくり・コミュニティ・協働 生涯学習・スポーツ 人権・男女平等・外国人 土地・住宅 道"
"高浜市","23227","34","200","会計グループにメールを送る","https://www.city.takahama.lg.jp/form/detail.php?sec_sec1=20","お問い合わせ - 高浜市ホームページ ページの先頭です。 メニューを飛ばして本文へ メニュー JavaScriptが無効のため、文字の大きさ・背景色を変更する機能を使用できません。 本文へ Foreign language 文字サイズ 標準 拡大 背景色変更 白 黒 青 もしもの時は --> 生活に関する情報 Living information 住民票・戸籍 保険・年金 税金（くらしの情報） 消防・救急 防災 防犯・安全 医療・健康 福祉・介護 子育て 教育 上水道・下水道 ごみ・衛生 ペット・動植物 まちづくり・コミュニティ・協働 生涯学習・スポーツ 人権・男女平等・外国人 土地・住宅 道"
"高浜市","23227","34","200","学校経営グループにメールを送る","https://www.city.takahama.lg.jp/form/detail.php?sec_sec1=21","お問い合わせ - 高浜市ホームページ ページの先頭です。 メニューを飛ばして本文へ メニュー JavaScriptが無効のため、文字の大きさ・背景色を変更する機能を使用できません。 本文へ Foreign language 文字サイズ 標準 拡大 背景色変更 白 黒 青 もしもの時は --> 生活に関する情報 Living information 住民票・戸籍 保険・年金 税金（くらしの情報） 消防・救急 防災 防犯・安全 医療・健康 福祉・介護 子育て 教育 上水道・下水道 ごみ・衛生 ペット・動植物 まちづくり・コミュニティ・協働 生涯学習・スポーツ 人権・男女平等・外国人 土地・住宅 道"
"高浜市","23227","34","200","教育センターグループにメールを送る","https://www.city.takahama.lg.jp/form/detail.php?sec_sec1=22","お問い合わせ - 高浜市ホームページ ページの先頭です。 メニューを飛ばして本文へ メニュー JavaScriptが無効のため、文字の大きさ・背景色を変更する機能を使用できません。 本文へ Foreign language 文字サイズ 標準 拡大 背景色変更 白 黒 青 もしもの時は --> 生活に関する情報 Living information 住民票・戸籍 保険・年金 税金（くらしの情報） 消防・救急 防災 防犯・安全 医療・健康 福祉・介護 子育て 教育 上水道・下水道 ごみ・衛生 ペット・動植物 まちづくり・コミュニティ・協働 生涯学習・スポーツ 人権・男女平等・外国人 土地・住宅 道"
"高浜市","23227","34","200","監査グループにメールを送る","https://www.city.takahama.lg.jp/form/detail.php?sec_sec1=24","お問い合わせ - 高浜市ホームページ ページの先頭です。 メニューを飛ばして本文へ メニュー JavaScriptが無効のため、文字の大きさ・背景色を変更する機能を使用できません。 本文へ Foreign language 文字サイズ 標準 拡大 背景色変更 白 黒 青 もしもの時は --> 生活に関する情報 Living information 住民票・戸籍 保険・年金 税金（くらしの情報） 消防・救急 防災 防犯・安全 医療・健康 福祉・介護 子育て 教育 上水道・下水道 ごみ・衛生 ペット・動植物 まちづくり・コミュニティ・協働 生涯学習・スポーツ 人権・男女平等・外国人 土地・住宅 道"
"高浜市","23227","34","200","共生推進グループにメールを送る","https://www.city.takahama.lg.jp/form/detail.php?sec_sec1=25","お問い合わせ - 高浜市ホームページ ページの先頭です。 メニューを飛ばして本文へ メニュー JavaScriptが無効のため、文字の大きさ・背景色を変更する機能を使用できません。 本文へ Foreign language 文字サイズ 標準 拡大 背景色変更 白 黒 青 もしもの時は --> 生活に関する情報 Living information 住民票・戸籍 保険・年金 税金（くらしの情報） 消防・救急 防災 防犯・安全 医療・健康 福祉・介護 子育て 教育 上水道・下水道 ごみ・衛生 ペット・動植物 まちづくり・コミュニティ・協働 生涯学習・スポーツ 人権・男女平等・外国人 土地・住宅 道"
"高浜市","23227","34","200","秘書人事グループにメールを送る","https://www.city.takahama.lg.jp/form/detail.php?sec_sec1=3","お問い合わせ - 高浜市ホームページ ページの先頭です。 メニューを飛ばして本文へ メニュー JavaScriptが無効のため、文字の大きさ・背景色を変更する機能を使用できません。 本文へ Foreign language 文字サイズ 標準 拡大 背景色変更 白 黒 青 もしもの時は --> 生活に関する情報 Living information 住民票・戸籍 保険・年金 税金（くらしの情報） 消防・救急 防災 防犯・安全 医療・健康 福祉・介護 子育て 教育 上水道・下水道 ごみ・衛生 ペット・動植物 まちづくり・コミュニティ・協働 生涯学習・スポーツ 人権・男女平等・外国人 土地・住宅 道"
"高浜市","23227","34","200","DX推進グループにメールを送る","https://www.city.takahama.lg.jp/form/detail.php?sec_sec1=4","お問い合わせ - 高浜市ホームページ ページの先頭です。 メニューを飛ばして本文へ メニュー JavaScriptが無効のため、文字の大きさ・背景色を変更する機能を使用できません。 本文へ Foreign language 文字サイズ 標準 拡大 背景色変更 白 黒 青 もしもの時は --> 生活に関する情報 Living information 住民票・戸籍 保険・年金 税金（くらしの情報） 消防・救急 防災 防犯・安全 医療・健康 福祉・介護 子育て 教育 上水道・下水道 ごみ・衛生 ペット・動植物 まちづくり・コミュニティ・協働 生涯学習・スポーツ 人権・男女平等・外国人 土地・住宅 道"
"高浜市","23227","34","200","行政グループにメールを送る","https://www.city.takahama.lg.jp/form/detail.php?sec_sec1=5","お問い合わせ - 高浜市ホームページ ページの先頭です。 メニューを飛ばして本文へ メニュー JavaScriptが無効のため、文字の大きさ・背景色を変更する機能を使用できません。 本文へ Foreign language 文字サイズ 標準 拡大 背景色変更 白 黒 青 もしもの時は --> 生活に関する情報 Living information 住民票・戸籍 保険・年金 税金（くらしの情報） 消防・救急 防災 防犯・安全 医療・健康 福祉・介護 子育て 教育 上水道・下水道 ごみ・衛生 ペット・動植物 まちづくり・コミュニティ・協働 生涯学習・スポーツ 人権・男女平等・外国人 土地・住宅 道"
"高浜市","23227","34","200","財務グループにメールを送る","https://www.city.takahama.lg.jp/form/detail.php?sec_sec1=6","お問い合わせ - 高浜市ホームページ ページの先頭です。 メニューを飛ばして本文へ メニュー JavaScriptが無効のため、文字の大きさ・背景色を変更する機能を使用できません。 本文へ Foreign language 文字サイズ 標準 拡大 背景色変更 白 黒 青 もしもの時は --> 生活に関する情報 Living information 住民票・戸籍 保険・年金 税金（くらしの情報） 消防・救急 防災 防犯・安全 医療・健康 福祉・介護 子育て 教育 上水道・下水道 ごみ・衛生 ペット・動植物 まちづくり・コミュニティ・協働 生涯学習・スポーツ 人権・男女平等・外国人 土地・住宅 道"
"高浜市","23227","34","200","市民窓口グループにメールを送る","https://www.city.takahama.lg.jp/form/detail.php?sec_sec1=7","お問い合わせ - 高浜市ホームページ ページの先頭です。 メニューを飛ばして本文へ メニュー JavaScriptが無効のため、文字の大きさ・背景色を変更する機能を使用できません。 本文へ Foreign language 文字サイズ 標準 拡大 背景色変更 白 黒 青 もしもの時は --> 生活に関する情報 Living information 住民票・戸籍 保険・年金 税金（くらしの情報） 消防・救急 防災 防犯・安全 医療・健康 福祉・介護 子育て 教育 上水道・下水道 ごみ・衛生 ペット・動植物 まちづくり・コミュニティ・協働 生涯学習・スポーツ 人権・男女平等・外国人 土地・住宅 道"
"高浜市","23227","34","200","経済環境グループにメールを送る","https://www.city.takahama.lg.jp/form/detail.php?sec_sec1=8","お問い合わせ - 高浜市ホームページ ページの先頭です。 メニューを飛ばして本文へ メニュー JavaScriptが無効のため、文字の大きさ・背景色を変更する機能を使用できません。 本文へ Foreign language 文字サイズ 標準 拡大 背景色変更 白 黒 青 もしもの時は --> 生活に関する情報 Living information 住民票・戸籍 保険・年金 税金（くらしの情報） 消防・救急 防災 防犯・安全 医療・健康 福祉・介護 子育て 教育 上水道・下水道 ごみ・衛生 ペット・動植物 まちづくり・コミュニティ・協働 生涯学習・スポーツ 人権・男女平等・外国人 土地・住宅 道"
"高浜市","23227","34","200","税務グループにメールを送る","https://www.city.takahama.lg.jp/form/detail.php?sec_sec1=9","お問い合わせ - 高浜市ホームページ ページの先頭です。 メニューを飛ばして本文へ メニュー JavaScriptが無効のため、文字の大きさ・背景色を変更する機能を使用できません。 本文へ Foreign language 文字サイズ 標準 拡大 背景色変更 白 黒 青 もしもの時は --> 生活に関する情報 Living information 住民票・戸籍 保険・年金 税金（くらしの情報） 消防・救急 防災 防犯・安全 医療・健康 福祉・介護 子育て 教育 上水道・下水道 ごみ・衛生 ペット・動植物 まちづくり・コミュニティ・協働 生涯学習・スポーツ 人権・男女平等・外国人 土地・住宅 道"
"高浜市","23227","34","200","生活に関する情報","https://www.city.takahama.lg.jp/life/1/","生活に関する情報 - 高浜市ホームページ ページの先頭です。 メニューを飛ばして本文へ メニュー JavaScriptが無効のため、文字の大きさ・背景色を変更する機能を使用できません。 本文へ Foreign language 文字サイズ 標準 拡大 背景色変更 白 黒 青 もしもの時は --> 生活に関する情報 Living information 住民票・戸籍 保険・年金 税金（くらしの情報） 消防・救急 防災 防犯・安全 医療・健康 福祉・介護 子育て 教育 上水道・下水道 ごみ・衛生 ペット・動植物 まちづくり・コミュニティ・協働 生涯学習・スポーツ 人権・男女平等・外国人 土地・住宅"
"高浜市","23227","34","200","住民票・戸籍","https://www.city.takahama.lg.jp/life/1/1/","住民票・戸籍 - 高浜市ホームページ ページの先頭です。 メニューを飛ばして本文へ メニュー JavaScriptが無効のため、文字の大きさ・背景色を変更する機能を使用できません。 本文へ Foreign language 文字サイズ 標準 拡大 背景色変更 白 黒 青 もしもの時は --> 生活に関する情報 Living information 住民票・戸籍 保険・年金 税金（くらしの情報） 消防・救急 防災 防犯・安全 医療・健康 福祉・介護 子育て 教育 上水道・下水道 ごみ・衛生 ペット・動植物 まちづくり・コミュニティ・協働 生涯学習・スポーツ 人権・男女平等・外国人 土地・住宅 道"
"高浜市","23227","34","200","住民票","https://www.city.takahama.lg.jp/life/1/1/1/","住民票 - 高浜市ホームページ ページの先頭です。 メニューを飛ばして本文へ メニュー JavaScriptが無効のため、文字の大きさ・背景色を変更する機能を使用できません。 本文へ Foreign language 文字サイズ 標準 拡大 背景色変更 白 黒 青 もしもの時は --> 生活に関する情報 Living information 住民票・戸籍 保険・年金 税金（くらしの情報） 消防・救急 防災 防犯・安全 医療・健康 福祉・介護 子育て 教育 上水道・下水道 ごみ・衛生 ペット・動植物 まちづくり・コミュニティ・協働 生涯学習・スポーツ 人権・男女平等・外国人 土地・住宅 道路・河"
"高浜市","23227","34","200","引越・住まい","https://www.city.takahama.lg.jp/life/1/1/10/","引越・住まい - 高浜市ホームページ ページの先頭です。 メニューを飛ばして本文へ メニュー JavaScriptが無効のため、文字の大きさ・背景色を変更する機能を使用できません。 本文へ Foreign language 文字サイズ 標準 拡大 背景色変更 白 黒 青 もしもの時は --> 生活に関する情報 Living information 住民票・戸籍 保険・年金 税金（くらしの情報） 消防・救急 防災 防犯・安全 医療・健康 福祉・介護 子育て 教育 上水道・下水道 ごみ・衛生 ペット・動植物 まちづくり・コミュニティ・協働 生涯学習・スポーツ 人権・男女平等・外国人 土地・住宅 道"
"高浜市","23227","34","200","マイナンバー","https://www.city.takahama.lg.jp/life/1/1/3/","マイナンバー - 高浜市ホームページ ページの先頭です。 メニューを飛ばして本文へ メニュー JavaScriptが無効のため、文字の大きさ・背景色を変更する機能を使用できません。 本文へ Foreign language 文字サイズ 標準 拡大 背景色変更 白 黒 青 もしもの時は --> 生活に関する情報 Living information 住民票・戸籍 保険・年金 税金（くらしの情報） 消防・救急 防災 防犯・安全 医療・健康 福祉・介護 子育て 教育 上水道・下水道 ごみ・衛生 ペット・動植物 まちづくり・コミュニティ・協働 生涯学習・スポーツ 人権・男女平等・外国人 土地・住宅 道"
"高浜市","23227","34","200","住民基本台帳","https://www.city.takahama.lg.jp/life/1/1/4/","住民基本台帳 - 高浜市ホームページ ページの先頭です。 メニューを飛ばして本文へ メニュー JavaScriptが無効のため、文字の大きさ・背景色を変更する機能を使用できません。 本文へ Foreign language 文字サイズ 標準 拡大 背景色変更 白 黒 青 もしもの時は --> 生活に関する情報 Living information 住民票・戸籍 保険・年金 税金（くらしの情報） 消防・救急 防災 防犯・安全 医療・健康 福祉・介護 子育て 教育 上水道・下水道 ごみ・衛生 ペット・動植物 まちづくり・コミュニティ・協働 生涯学習・スポーツ 人権・男女平等・外国人 土地・住宅 道"
"高浜市","23227","34","200","印鑑登録","https://www.city.takahama.lg.jp/life/1/1/5/","印鑑登録 - 高浜市ホームページ ページの先頭です。 メニューを飛ばして本文へ メニュー JavaScriptが無効のため、文字の大きさ・背景色を変更する機能を使用できません。 本文へ Foreign language 文字サイズ 標準 拡大 背景色変更 白 黒 青 もしもの時は --> 生活に関する情報 Living information 住民票・戸籍 保険・年金 税金（くらしの情報） 消防・救急 防災 防犯・安全 医療・健康 福祉・介護 子育て 教育 上水道・下水道 ごみ・衛生 ペット・動植物 まちづくり・コミュニティ・協働 生涯学習・スポーツ 人権・男女平等・外国人 土地・住宅 道路・"
"高浜市","23227","34","200","外国人住民","https://www.city.takahama.lg.jp/life/1/1/6/","外国人住民 - 高浜市ホームページ ページの先頭です。 メニューを飛ばして本文へ メニュー JavaScriptが無効のため、文字の大きさ・背景色を変更する機能を使用できません。 本文へ Foreign language 文字サイズ 標準 拡大 背景色変更 白 黒 青 もしもの時は --> 生活に関する情報 Living information 住民票・戸籍 保険・年金 税金（くらしの情報） 消防・救急 防災 防犯・安全 医療・健康 福祉・介護 子育て 教育 上水道・下水道 ごみ・衛生 ペット・動植物 まちづくり・コミュニティ・協働 生涯学習・スポーツ 人権・男女平等・外国人 土地・住宅 道路"
"高浜市","23227","34","200","パスポート","https://www.city.takahama.lg.jp/life/1/1/7/","パスポート - 高浜市ホームページ ページの先頭です。 メニューを飛ばして本文へ メニュー JavaScriptが無効のため、文字の大きさ・背景色を変更する機能を使用できません。 本文へ Foreign language 文字サイズ 標準 拡大 背景色変更 白 黒 青 もしもの時は --> 生活に関する情報 Living information 住民票・戸籍 保険・年金 税金（くらしの情報） 消防・救急 防災 防犯・安全 医療・健康 福祉・介護 子育て 教育 上水道・下水道 ごみ・衛生 ペット・動植物 まちづくり・コミュニティ・協働 生涯学習・スポーツ 人権・男女平等・外国人 土地・住宅 道路"
"高浜市","23227","34","200","教育","https://www.city.takahama.lg.jp/life/1/10/","教育 - 高浜市ホームページ ページの先頭です。 メニューを飛ばして本文へ メニュー JavaScriptが無効のため、文字の大きさ・背景色を変更する機能を使用できません。 本文へ Foreign language 文字サイズ 標準 拡大 背景色変更 白 黒 青 もしもの時は --> 生活に関する情報 Living information 住民票・戸籍 保険・年金 税金（くらしの情報） 消防・救急 防災 防犯・安全 医療・健康 福祉・介護 子育て 教育 上水道・下水道 ごみ・衛生 ペット・動植物 まちづくり・コミュニティ・協働 生涯学習・スポーツ 人権・男女平等・外国人 土地・住宅 道路・河川"
"高浜市","23227","34","200","入園・入学","https://www.city.takahama.lg.jp/life/1/10/59/","入園・入学 - 高浜市ホームページ ページの先頭です。 メニューを飛ばして本文へ メニュー JavaScriptが無効のため、文字の大きさ・背景色を変更する機能を使用できません。 本文へ Foreign language 文字サイズ 標準 拡大 背景色変更 白 黒 青 もしもの時は --> 生活に関する情報 Living information 住民票・戸籍 保険・年金 税金（くらしの情報） 消防・救急 防災 防犯・安全 医療・健康 福祉・介護 子育て 教育 上水道・下水道 ごみ・衛生 ペット・動植物 まちづくり・コミュニティ・協働 生涯学習・スポーツ 人権・男女平等・外国人 土地・住宅 道路"
"高浜市","23227","34","200","小学校・中学校","https://www.city.takahama.lg.jp/life/1/10/60/","小学校・中学校 - 高浜市ホームページ ページの先頭です。 メニューを飛ばして本文へ メニュー JavaScriptが無効のため、文字の大きさ・背景色を変更する機能を使用できません。 本文へ Foreign language 文字サイズ 標準 拡大 背景色変更 白 黒 青 もしもの時は --> 生活に関する情報 Living information 住民票・戸籍 保険・年金 税金（くらしの情報） 消防・救急 防災 防犯・安全 医療・健康 福祉・介護 子育て 教育 上水道・下水道 ごみ・衛生 ペット・動植物 まちづくり・コミュニティ・協働 生涯学習・スポーツ 人権・男女平等・外国人 土地・住宅 "
"高浜市","23227","34","200","総合教育会議","https://www.city.takahama.lg.jp/life/1/10/63/","総合教育会議 - 高浜市ホームページ ページの先頭です。 メニューを飛ばして本文へ メニュー JavaScriptが無効のため、文字の大きさ・背景色を変更する機能を使用できません。 本文へ Foreign language 文字サイズ 標準 拡大 背景色変更 白 黒 青 もしもの時は --> 生活に関する情報 Living information 住民票・戸籍 保険・年金 税金（くらしの情報） 消防・救急 防災 防犯・安全 医療・健康 福祉・介護 子育て 教育 上水道・下水道 ごみ・衛生 ペット・動植物 まちづくり・コミュニティ・協働 生涯学習・スポーツ 人権・男女平等・外国人 土地・住宅 道"
"高浜市","23227","34","200","上水道・下水道","https://www.city.takahama.lg.jp/life/1/11/","上水道・下水道 - 高浜市ホームページ ページの先頭です。 メニューを飛ばして本文へ メニュー JavaScriptが無効のため、文字の大きさ・背景色を変更する機能を使用できません。 本文へ Foreign language 文字サイズ 標準 拡大 背景色変更 白 黒 青 もしもの時は --> 生活に関する情報 Living information 住民票・戸籍 保険・年金 税金（くらしの情報） 消防・救急 防災 防犯・安全 医療・健康 福祉・介護 子育て 教育 上水道・下水道 ごみ・衛生 ペット・動植物 まちづくり・コミュニティ・協働 生涯学習・スポーツ 人権・男女平等・外国人 土地・住宅 "
"高浜市","23227","34","200","上水道","https://www.city.takahama.lg.jp/life/1/11/64/","上水道 - 高浜市ホームページ ページの先頭です。 メニューを飛ばして本文へ メニュー JavaScriptが無効のため、文字の大きさ・背景色を変更する機能を使用できません。 本文へ Foreign language 文字サイズ 標準 拡大 背景色変更 白 黒 青 もしもの時は --> 生活に関する情報 Living information 住民票・戸籍 保険・年金 税金（くらしの情報） 消防・救急 防災 防犯・安全 医療・健康 福祉・介護 子育て 教育 上水道・下水道 ごみ・衛生 ペット・動植物 まちづくり・コミュニティ・協働 生涯学習・スポーツ 人権・男女平等・外国人 土地・住宅 道路・河"
"高浜市","23227","34","200","下水道","https://www.city.takahama.lg.jp/life/1/11/65/","下水道 - 高浜市ホームページ ページの先頭です。 メニューを飛ばして本文へ メニュー JavaScriptが無効のため、文字の大きさ・背景色を変更する機能を使用できません。 本文へ Foreign language 文字サイズ 標準 拡大 背景色変更 白 黒 青 もしもの時は --> 生活に関する情報 Living information 住民票・戸籍 保険・年金 税金（くらしの情報） 消防・救急 防災 防犯・安全 医療・健康 福祉・介護 子育て 教育 上水道・下水道 ごみ・衛生 ペット・動植物 まちづくり・コミュニティ・協働 生涯学習・スポーツ 人権・男女平等・外国人 土地・住宅 道路・河"
"高浜市","23227","34","200","ごみ・衛生","https://www.city.takahama.lg.jp/life/1/12/","ごみ・衛生 - 高浜市ホームページ ページの先頭です。 メニューを飛ばして本文へ メニュー JavaScriptが無効のため、文字の大きさ・背景色を変更する機能を使用できません。 本文へ Foreign language 文字サイズ 標準 拡大 背景色変更 白 黒 青 もしもの時は --> 生活に関する情報 Living information 住民票・戸籍 保険・年金 税金（くらしの情報） 消防・救急 防災 防犯・安全 医療・健康 福祉・介護 子育て 教育 上水道・下水道 ごみ・衛生 ペット・動植物 まちづくり・コミュニティ・協働 生涯学習・スポーツ 人権・男女平等・外国人 土地・住宅 道路"
"高浜市","23227","34","200","ごみ・リサイクル","https://www.city.takahama.lg.jp/life/1/12/66/","ごみ・リサイクル - 高浜市ホームページ ページの先頭です。 メニューを飛ばして本文へ メニュー JavaScriptが無効のため、文字の大きさ・背景色を変更する機能を使用できません。 本文へ Foreign language 文字サイズ 標準 拡大 背景色変更 白 黒 青 もしもの時は --> 生活に関する情報 Living information 住民票・戸籍 保険・年金 税金（くらしの情報） 消防・救急 防災 防犯・安全 医療・健康 福祉・介護 子育て 教育 上水道・下水道 ごみ・衛生 ペット・動植物 まちづくり・コミュニティ・協働 生涯学習・スポーツ 人権・男女平等・外国人 土地・住宅"
"高浜市","23227","34","200","生活衛生","https://www.city.takahama.lg.jp/life/1/12/67/","生活衛生 - 高浜市ホームページ ページの先頭です。 メニューを飛ばして本文へ メニュー JavaScriptが無効のため、文字の大きさ・背景色を変更する機能を使用できません。 本文へ Foreign language 文字サイズ 標準 拡大 背景色変更 白 黒 青 もしもの時は --> 生活に関する情報 Living information 住民票・戸籍 保険・年金 税金（くらしの情報） 消防・救急 防災 防犯・安全 医療・健康 福祉・介護 子育て 教育 上水道・下水道 ごみ・衛生 ペット・動植物 まちづくり・コミュニティ・協働 生涯学習・スポーツ 人権・男女平等・外国人 土地・住宅 道路・"
"高浜市","23227","34","200","ペット・動植物","https://www.city.takahama.lg.jp/life/1/13/","ペット・動植物 - 高浜市ホームページ ページの先頭です。 メニューを飛ばして本文へ メニュー JavaScriptが無効のため、文字の大きさ・背景色を変更する機能を使用できません。 本文へ Foreign language 文字サイズ 標準 拡大 背景色変更 白 黒 青 もしもの時は --> 生活に関する情報 Living information 住民票・戸籍 保険・年金 税金（くらしの情報） 消防・救急 防災 防犯・安全 医療・健康 福祉・介護 子育て 教育 上水道・下水道 ごみ・衛生 ペット・動植物 まちづくり・コミュニティ・協働 生涯学習・スポーツ 人権・男女平等・外国人 土地・住宅 "
"高浜市","23227","34","200","犬・ねこ","https://www.city.takahama.lg.jp/life/1/13/70/","犬・ねこ - 高浜市ホームページ ページの先頭です。 メニューを飛ばして本文へ メニュー JavaScriptが無効のため、文字の大きさ・背景色を変更する機能を使用できません。 本文へ Foreign language 文字サイズ 標準 拡大 背景色変更 白 黒 青 もしもの時は --> 生活に関する情報 Living information 住民票・戸籍 保険・年金 税金（くらしの情報） 消防・救急 防災 防犯・安全 医療・健康 福祉・介護 子育て 教育 上水道・下水道 ごみ・衛生 ペット・動植物 まちづくり・コミュニティ・協働 生涯学習・スポーツ 人権・男女平等・外国人 土地・住宅 道路・"
"高浜市","23227","34","200","まちづくり・コミュニティ・協働","https://www.city.takahama.lg.jp/life/1/14/","まちづくり・コミュニティ・協働 - 高浜市ホームページ ページの先頭です。 メニューを飛ばして本文へ メニュー JavaScriptが無効のため、文字の大きさ・背景色を変更する機能を使用できません。 本文へ Foreign language 文字サイズ 標準 拡大 背景色変更 白 黒 青 もしもの時は --> 生活に関する情報 Living information 住民票・戸籍 保険・年金 税金（くらしの情報） 消防・救急 防災 防犯・安全 医療・健康 福祉・介護 子育て 教育 上水道・下水道 ごみ・衛生 ペット・動植物 まちづくり・コミュニティ・協働 生涯学習・スポーツ 人権・男女平等・外国"
"高浜市","23227","34","200","町内会","https://www.city.takahama.lg.jp/life/1/14/73/","町内会 - 高浜市ホームページ ページの先頭です。 メニューを飛ばして本文へ メニュー JavaScriptが無効のため、文字の大きさ・背景色を変更する機能を使用できません。 本文へ Foreign language 文字サイズ 標準 拡大 背景色変更 白 黒 青 もしもの時は --> 生活に関する情報 Living information 住民票・戸籍 保険・年金 税金（くらしの情報） 消防・救急 防災 防犯・安全 医療・健康 福祉・介護 子育て 教育 上水道・下水道 ごみ・衛生 ペット・動植物 まちづくり・コミュニティ・協働 生涯学習・スポーツ 人権・男女平等・外国人 土地・住宅 道路・河"
"高浜市","23227","34","200","地域活性化","https://www.city.takahama.lg.jp/life/1/14/75/","地域活性化 - 高浜市ホームページ ページの先頭です。 メニューを飛ばして本文へ メニュー JavaScriptが無効のため、文字の大きさ・背景色を変更する機能を使用できません。 本文へ Foreign language 文字サイズ 標準 拡大 背景色変更 白 黒 青 もしもの時は --> 生活に関する情報 Living information 住民票・戸籍 保険・年金 税金（くらしの情報） 消防・救急 防災 防犯・安全 医療・健康 福祉・介護 子育て 教育 上水道・下水道 ごみ・衛生 ペット・動植物 まちづくり・コミュニティ・協働 生涯学習・スポーツ 人権・男女平等・外国人 土地・住宅 道路"
"高浜市","23227","34","200","ボランティア・NPO","https://www.city.takahama.lg.jp/life/1/14/76/","ボランティア・NPO - 高浜市ホームページ ページの先頭です。 メニューを飛ばして本文へ メニュー JavaScriptが無効のため、文字の大きさ・背景色を変更する機能を使用できません。 本文へ Foreign language 文字サイズ 標準 拡大 背景色変更 白 黒 青 もしもの時は --> 生活に関する情報 Living information 住民票・戸籍 保険・年金 税金（くらしの情報） 消防・救急 防災 防犯・安全 医療・健康 福祉・介護 子育て 教育 上水道・下水道 ごみ・衛生 ペット・動植物 まちづくり・コミュニティ・協働 生涯学習・スポーツ 人権・男女平等・外国人 土地・"
"高浜市","23227","34","200","生涯学習・スポーツ","https://www.city.takahama.lg.jp/life/1/15/","生涯学習・スポーツ - 高浜市ホームページ ページの先頭です。 メニューを飛ばして本文へ メニュー JavaScriptが無効のため、文字の大きさ・背景色を変更する機能を使用できません。 本文へ Foreign language 文字サイズ 標準 拡大 背景色変更 白 黒 青 もしもの時は --> 生活に関する情報 Living information 住民票・戸籍 保険・年金 税金（くらしの情報） 消防・救急 防災 防犯・安全 医療・健康 福祉・介護 子育て 教育 上水道・下水道 ごみ・衛生 ペット・動植物 まちづくり・コミュニティ・協働 生涯学習・スポーツ 人権・男女平等・外国人 土地・住"
"高浜市","23227","34","200","生涯学習","https://www.city.takahama.lg.jp/life/1/15/77/","生涯学習 - 高浜市ホームページ ページの先頭です。 メニューを飛ばして本文へ メニュー JavaScriptが無効のため、文字の大きさ・背景色を変更する機能を使用できません。 本文へ Foreign language 文字サイズ 標準 拡大 背景色変更 白 黒 青 もしもの時は --> 生活に関する情報 Living information 住民票・戸籍 保険・年金 税金（くらしの情報） 消防・救急 防災 防犯・安全 医療・健康 福祉・介護 子育て 教育 上水道・下水道 ごみ・衛生 ペット・動植物 まちづくり・コミュニティ・協働 生涯学習・スポーツ 人権・男女平等・外国人 土地・住宅 道路・"
"高浜市","23227","34","200","スポーツ","https://www.city.takahama.lg.jp/life/1/15/78/","スポーツ - 高浜市ホームページ ページの先頭です。 メニューを飛ばして本文へ メニュー JavaScriptが無効のため、文字の大きさ・背景色を変更する機能を使用できません。 本文へ Foreign language 文字サイズ 標準 拡大 背景色変更 白 黒 青 もしもの時は --> 生活に関する情報 Living information 住民票・戸籍 保険・年金 税金（くらしの情報） 消防・救急 防災 防犯・安全 医療・健康 福祉・介護 子育て 教育 上水道・下水道 ごみ・衛生 ペット・動植物 まちづくり・コミュニティ・協働 生涯学習・スポーツ 人権・男女平等・外国人 土地・住宅 道路・"
"高浜市","23227","34","200","人権・男女平等・外国人","https://www.city.takahama.lg.jp/life/1/16/","人権・男女平等・外国人 - 高浜市ホームページ ページの先頭です。 メニューを飛ばして本文へ メニュー JavaScriptが無効のため、文字の大きさ・背景色を変更する機能を使用できません。 本文へ Foreign language 文字サイズ 標準 拡大 背景色変更 白 黒 青 もしもの時は --> 生活に関する情報 Living information 住民票・戸籍 保険・年金 税金（くらしの情報） 消防・救急 防災 防犯・安全 医療・健康 福祉・介護 子育て 教育 上水道・下水道 ごみ・衛生 ペット・動植物 まちづくり・コミュニティ・協働 生涯学習・スポーツ 人権・男女平等・外国人 土地"
"高浜市","23227","34","200","男女共同参画（男女平等政策）","https://www.city.takahama.lg.jp/life/1/16/80/","男女共同参画（男女平等政策） - 高浜市ホームページ ページの先頭です。 メニューを飛ばして本文へ メニュー JavaScriptが無効のため、文字の大きさ・背景色を変更する機能を使用できません。 本文へ Foreign language 文字サイズ 標準 拡大 背景色変更 白 黒 青 もしもの時は --> 生活に関する情報 Living information 住民票・戸籍 保険・年金 税金（くらしの情報） 消防・救急 防災 防犯・安全 医療・健康 福祉・介護 子育て 教育 上水道・下水道 ごみ・衛生 ペット・動植物 まちづくり・コミュニティ・協働 生涯学習・スポーツ 人権・男女平等・外国人"
"高浜市","23227","34","200","市営住宅","https://www.city.takahama.lg.jp/life/1/17/83/","市営住宅 - 高浜市ホームページ ページの先頭です。 メニューを飛ばして本文へ メニュー JavaScriptが無効のため、文字の大きさ・背景色を変更する機能を使用できません。 本文へ Foreign language 文字サイズ 標準 拡大 背景色変更 白 黒 青 もしもの時は --> 生活に関する情報 Living information 住民票・戸籍 保険・年金 税金（くらしの情報） 消防・救急 防災 防犯・安全 医療・健康 福祉・介護 子育て 教育 上水道・下水道 ごみ・衛生 ペット・動植物 まちづくり・コミュニティ・協働 生涯学習・スポーツ 人権・男女平等・外国人 土地・住宅 道路・"
"高浜市","23227","34","200","土地","https://www.city.takahama.lg.jp/life/1/17/84/","土地 - 高浜市ホームページ ページの先頭です。 メニューを飛ばして本文へ メニュー JavaScriptが無効のため、文字の大きさ・背景色を変更する機能を使用できません。 本文へ Foreign language 文字サイズ 標準 拡大 背景色変更 白 黒 青 もしもの時は --> 生活に関する情報 Living information 住民票・戸籍 保険・年金 税金（くらしの情報） 消防・救急 防災 防犯・安全 医療・健康 福祉・介護 子育て 教育 上水道・下水道 ごみ・衛生 ペット・動植物 まちづくり・コミュニティ・協働 生涯学習・スポーツ 人権・男女平等・外国人 土地・住宅 道路・河川"
"高浜市","23227","34","200","道路・河川・交通機関","https://www.city.takahama.lg.jp/life/1/18/","道路・河川・交通機関 - 高浜市ホームページ ページの先頭です。 メニューを飛ばして本文へ メニュー JavaScriptが無効のため、文字の大きさ・背景色を変更する機能を使用できません。 本文へ Foreign language 文字サイズ 標準 拡大 背景色変更 白 黒 青 もしもの時は --> 生活に関する情報 Living information 住民票・戸籍 保険・年金 税金（くらしの情報） 消防・救急 防災 防犯・安全 医療・健康 福祉・介護 子育て 教育 上水道・下水道 ごみ・衛生 ペット・動植物 まちづくり・コミュニティ・協働 生涯学習・スポーツ 人権・男女平等・外国人 土地・"
"高浜市","23227","34","200","道路","https://www.city.takahama.lg.jp/life/1/18/86/","道路 - 高浜市ホームページ ページの先頭です。 メニューを飛ばして本文へ メニュー JavaScriptが無効のため、文字の大きさ・背景色を変更する機能を使用できません。 本文へ Foreign language 文字サイズ 標準 拡大 背景色変更 白 黒 青 もしもの時は --> 生活に関する情報 Living information 住民票・戸籍 保険・年金 税金（くらしの情報） 消防・救急 防災 防犯・安全 医療・健康 福祉・介護 子育て 教育 上水道・下水道 ごみ・衛生 ペット・動植物 まちづくり・コミュニティ・協働 生涯学習・スポーツ 人権・男女平等・外国人 土地・住宅 道路・河川"
"高浜市","23227","34","200","河川・橋梁","https://www.city.takahama.lg.jp/life/1/18/87/","河川・橋梁 - 高浜市ホームページ ページの先頭です。 メニューを飛ばして本文へ メニュー JavaScriptが無効のため、文字の大きさ・背景色を変更する機能を使用できません。 本文へ Foreign language 文字サイズ 標準 拡大 背景色変更 白 黒 青 もしもの時は --> 生活に関する情報 Living information 住民票・戸籍 保険・年金 税金（くらしの情報） 消防・救急 防災 防犯・安全 医療・健康 福祉・介護 子育て 教育 上水道・下水道 ごみ・衛生 ペット・動植物 まちづくり・コミュニティ・協働 生涯学習・スポーツ 人権・男女平等・外国人 土地・住宅 道路"
"高浜市","23227","34","200","市内循環バス「いきいき号」","https://www.city.takahama.lg.jp/life/1/18/89/","市内循環バス「いきいき号」 - 高浜市ホームページ ページの先頭です。 メニューを飛ばして本文へ メニュー JavaScriptが無効のため、文字の大きさ・背景色を変更する機能を使用できません。 本文へ Foreign language 文字サイズ 標準 拡大 背景色変更 白 黒 青 もしもの時は --> 生活に関する情報 Living information 住民票・戸籍 保険・年金 税金（くらしの情報） 消防・救急 防災 防犯・安全 医療・健康 福祉・介護 子育て 教育 上水道・下水道 ごみ・衛生 ペット・動植物 まちづくり・コミュニティ・協働 生涯学習・スポーツ 人権・男女平等・外国人 "
"高浜市","23227","34","200","自然・環境・公園","https://www.city.takahama.lg.jp/life/1/19/","自然・環境・公園 - 高浜市ホームページ ページの先頭です。 メニューを飛ばして本文へ メニュー JavaScriptが無効のため、文字の大きさ・背景色を変更する機能を使用できません。 本文へ Foreign language 文字サイズ 標準 拡大 背景色変更 白 黒 青 もしもの時は --> 生活に関する情報 Living information 住民票・戸籍 保険・年金 税金（くらしの情報） 消防・救急 防災 防犯・安全 医療・健康 福祉・介護 子育て 教育 上水道・下水道 ごみ・衛生 ペット・動植物 まちづくり・コミュニティ・協働 生涯学習・スポーツ 人権・男女平等・外国人 土地・住宅"
"高浜市","23227","34","200","自然・環境・景観","https://www.city.takahama.lg.jp/life/1/19/90/","自然・環境・景観 - 高浜市ホームページ ページの先頭です。 メニューを飛ばして本文へ メニュー JavaScriptが無効のため、文字の大きさ・背景色を変更する機能を使用できません。 本文へ Foreign language 文字サイズ 標準 拡大 背景色変更 白 黒 青 もしもの時は --> 生活に関する情報 Living information 住民票・戸籍 保険・年金 税金（くらしの情報） 消防・救急 防災 防犯・安全 医療・健康 福祉・介護 子育て 教育 上水道・下水道 ごみ・衛生 ペット・動植物 まちづくり・コミュニティ・協働 生涯学習・スポーツ 人権・男女平等・外国人 土地・住宅"
"高浜市","23227","34","200","騒音・公害・汚染","https://www.city.takahama.lg.jp/life/1/19/91/","騒音・公害・汚染 - 高浜市ホームページ ページの先頭です。 メニューを飛ばして本文へ メニュー JavaScriptが無効のため、文字の大きさ・背景色を変更する機能を使用できません。 本文へ Foreign language 文字サイズ 標準 拡大 背景色変更 白 黒 青 もしもの時は --> 生活に関する情報 Living information 住民票・戸籍 保険・年金 税金（くらしの情報） 消防・救急 防災 防犯・安全 医療・健康 福祉・介護 子育て 教育 上水道・下水道 ごみ・衛生 ペット・動植物 まちづくり・コミュニティ・協働 生涯学習・スポーツ 人権・男女平等・外国人 土地・住宅"
"高浜市","23227","34","200","保険・年金","https://www.city.takahama.lg.jp/life/1/2/","保険・年金 - 高浜市ホームページ ページの先頭です。 メニューを飛ばして本文へ メニュー JavaScriptが無効のため、文字の大きさ・背景色を変更する機能を使用できません。 本文へ Foreign language 文字サイズ 標準 拡大 背景色変更 白 黒 青 もしもの時は --> 生活に関する情報 Living information 住民票・戸籍 保険・年金 税金（くらしの情報） 消防・救急 防災 防犯・安全 医療・健康 福祉・介護 子育て 教育 上水道・下水道 ごみ・衛生 ペット・動植物 まちづくり・コミュニティ・協働 生涯学習・スポーツ 人権・男女平等・外国人 土地・住宅 道路"
"高浜市","23227","34","200","国民年金","https://www.city.takahama.lg.jp/life/1/2/13/","国民年金 - 高浜市ホームページ ページの先頭です。 メニューを飛ばして本文へ メニュー JavaScriptが無効のため、文字の大きさ・背景色を変更する機能を使用できません。 本文へ Foreign language 文字サイズ 標準 拡大 背景色変更 白 黒 青 もしもの時は --> 生活に関する情報 Living information 住民票・戸籍 保険・年金 税金（くらしの情報） 消防・救急 防災 防犯・安全 医療・健康 福祉・介護 子育て 教育 上水道・下水道 ごみ・衛生 ペット・動植物 まちづくり・コミュニティ・協働 生涯学習・スポーツ 人権・男女平等・外国人 土地・住宅 道路・"
"高浜市","23227","34","200","妊娠","https://www.city.takahama.lg.jp/life/1/39/205/","妊娠 - 高浜市ホームページ ページの先頭です。 メニューを飛ばして本文へ メニュー JavaScriptが無効のため、文字の大きさ・背景色を変更する機能を使用できません。 本文へ Foreign language 文字サイズ 標準 拡大 背景色変更 白 黒 青 もしもの時は --> 生活に関する情報 Living information 住民票・戸籍 保険・年金 税金（くらしの情報） 消防・救急 防災 防犯・安全 医療・健康 福祉・介護 子育て 教育 上水道・下水道 ごみ・衛生 ペット・動植物 まちづくり・コミュニティ・協働 生涯学習・スポーツ 人権・男女平等・外国人 土地・住宅 道路・河川"
"高浜市","23227","34","200","消防・救急","https://www.city.takahama.lg.jp/life/1/4/","消防・救急 - 高浜市ホームページ ページの先頭です。 メニューを飛ばして本文へ メニュー JavaScriptが無効のため、文字の大きさ・背景色を変更する機能を使用できません。 本文へ Foreign language 文字サイズ 標準 拡大 背景色変更 白 黒 青 もしもの時は --> 生活に関する情報 Living information 住民票・戸籍 保険・年金 税金（くらしの情報） 消防・救急 防災 防犯・安全 医療・健康 福祉・介護 子育て 教育 上水道・下水道 ごみ・衛生 ペット・動植物 まちづくり・コミュニティ・協働 生涯学習・スポーツ 人権・男女平等・外国人 土地・住宅 道路"
"高浜市","23227","34","200","消防","https://www.city.takahama.lg.jp/life/1/4/23/","消防 - 高浜市ホームページ ページの先頭です。 メニューを飛ばして本文へ メニュー JavaScriptが無効のため、文字の大きさ・背景色を変更する機能を使用できません。 本文へ Foreign language 文字サイズ 標準 拡大 背景色変更 白 黒 青 もしもの時は --> 生活に関する情報 Living information 住民票・戸籍 保険・年金 税金（くらしの情報） 消防・救急 防災 防犯・安全 医療・健康 福祉・介護 子育て 教育 上水道・下水道 ごみ・衛生 ペット・動植物 まちづくり・コミュニティ・協働 生涯学習・スポーツ 人権・男女平等・外国人 土地・住宅 道路・河川"
"高浜市","23227","34","200","結婚・離婚","https://www.city.takahama.lg.jp/life/1/40/","結婚・離婚 - 高浜市ホームページ ページの先頭です。 メニューを飛ばして本文へ メニュー JavaScriptが無効のため、文字の大きさ・背景色を変更する機能を使用できません。 本文へ Foreign language 文字サイズ 標準 拡大 背景色変更 白 黒 青 もしもの時は --> 生活に関する情報 Living information 住民票・戸籍 保険・年金 税金（くらしの情報） 消防・救急 防災 防犯・安全 医療・健康 福祉・介護 子育て 教育 上水道・下水道 ごみ・衛生 ペット・動植物 まちづくり・コミュニティ・協働 生涯学習・スポーツ 人権・男女平等・外国人 土地・住宅 道路"
"高浜市","23227","34","200","結婚","https://www.city.takahama.lg.jp/life/1/40/203/","結婚 - 高浜市ホームページ ページの先頭です。 メニューを飛ばして本文へ メニュー JavaScriptが無効のため、文字の大きさ・背景色を変更する機能を使用できません。 本文へ Foreign language 文字サイズ 標準 拡大 背景色変更 白 黒 青 もしもの時は --> 生活に関する情報 Living information 住民票・戸籍 保険・年金 税金（くらしの情報） 消防・救急 防災 防犯・安全 医療・健康 福祉・介護 子育て 教育 上水道・下水道 ごみ・衛生 ペット・動植物 まちづくり・コミュニティ・協働 生涯学習・スポーツ 人権・男女平等・外国人 土地・住宅 道路・河川"
"高浜市","23227","34","200","離婚","https://www.city.takahama.lg.jp/life/1/40/204/","離婚 - 高浜市ホームページ ページの先頭です。 メニューを飛ばして本文へ メニュー JavaScriptが無効のため、文字の大きさ・背景色を変更する機能を使用できません。 本文へ Foreign language 文字サイズ 標準 拡大 背景色変更 白 黒 青 もしもの時は --> 生活に関する情報 Living information 住民票・戸籍 保険・年金 税金（くらしの情報） 消防・救急 防災 防犯・安全 医療・健康 福祉・介護 子育て 教育 上水道・下水道 ごみ・衛生 ペット・動植物 まちづくり・コミュニティ・協働 生涯学習・スポーツ 人権・男女平等・外国人 土地・住宅 道路・河川"
"高浜市","23227","34","200","引越し","https://www.city.takahama.lg.jp/life/1/41/","引越し - 高浜市ホームページ ページの先頭です。 メニューを飛ばして本文へ メニュー JavaScriptが無効のため、文字の大きさ・背景色を変更する機能を使用できません。 本文へ Foreign language 文字サイズ 標準 拡大 背景色変更 白 黒 青 もしもの時は --> 生活に関する情報 Living information 住民票・戸籍 保険・年金 税金（くらしの情報） 消防・救急 防災 防犯・安全 医療・健康 福祉・介護 子育て 教育 上水道・下水道 ごみ・衛生 ペット・動植物 まちづくり・コミュニティ・協働 生涯学習・スポーツ 人権・男女平等・外国人 土地・住宅 道路・河"
"高浜市","23227","34","200","引越し","https://www.city.takahama.lg.jp/life/1/41/207/","引越し - 高浜市ホームページ ページの先頭です。 メニューを飛ばして本文へ メニュー JavaScriptが無効のため、文字の大きさ・背景色を変更する機能を使用できません。 本文へ Foreign language 文字サイズ 標準 拡大 背景色変更 白 黒 青 もしもの時は --> 生活に関する情報 Living information 住民票・戸籍 保険・年金 税金（くらしの情報） 消防・救急 防災 防犯・安全 医療・健康 福祉・介護 子育て 教育 上水道・下水道 ごみ・衛生 ペット・動植物 まちづくり・コミュニティ・協働 生涯学習・スポーツ 人権・男女平等・外国人 土地・住宅 道路・河"
"高浜市","23227","34","200","おくやみ","https://www.city.takahama.lg.jp/life/1/42/","おくやみ - 高浜市ホームページ ページの先頭です。 メニューを飛ばして本文へ メニュー JavaScriptが無効のため、文字の大きさ・背景色を変更する機能を使用できません。 本文へ Foreign language 文字サイズ 標準 拡大 背景色変更 白 黒 青 もしもの時は --> 生活に関する情報 Living information 住民票・戸籍 保険・年金 税金（くらしの情報） 消防・救急 防災 防犯・安全 医療・健康 福祉・介護 子育て 教育 上水道・下水道 ごみ・衛生 ペット・動植物 まちづくり・コミュニティ・協働 生涯学習・スポーツ 人権・男女平等・外国人 土地・住宅 道路・"
"高浜市","23227","34","200","届出・申請","https://www.city.takahama.lg.jp/life/1/42/208/","届出・申請 - 高浜市ホームページ ページの先頭です。 メニューを飛ばして本文へ メニュー JavaScriptが無効のため、文字の大きさ・背景色を変更する機能を使用できません。 本文へ Foreign language 文字サイズ 標準 拡大 背景色変更 白 黒 青 もしもの時は --> 生活に関する情報 Living information 住民票・戸籍 保険・年金 税金（くらしの情報） 消防・救急 防災 防犯・安全 医療・健康 福祉・介護 子育て 教育 上水道・下水道 ごみ・衛生 ペット・動植物 まちづくり・コミュニティ・協働 生涯学習・スポーツ 人権・男女平等・外国人 土地・住宅 道路"
"高浜市","23227","34","200","公示送達","https://www.city.takahama.lg.jp/life/1/43/","公示送達 - 高浜市ホームページ ページの先頭です。 メニューを飛ばして本文へ メニュー JavaScriptが無効のため、文字の大きさ・背景色を変更する機能を使用できません。 本文へ Foreign language 文字サイズ 標準 拡大 背景色変更 白 黒 青 もしもの時は --> 生活に関する情報 Living information 住民票・戸籍 保険・年金 税金（くらしの情報） 消防・救急 防災 防犯・安全 医療・健康 福祉・介護 子育て 教育 上水道・下水道 ごみ・衛生 ペット・動植物 まちづくり・コミュニティ・協働 生涯学習・スポーツ 人権・男女平等・外国人 土地・住宅 道路・"
"高浜市","23227","34","200","公示送達","https://www.city.takahama.lg.jp/life/1/43/209/","公示送達 - 高浜市ホームページ ページの先頭です。 メニューを飛ばして本文へ メニュー JavaScriptが無効のため、文字の大きさ・背景色を変更する機能を使用できません。 本文へ Foreign language 文字サイズ 標準 拡大 背景色変更 白 黒 青 もしもの時は --> 生活に関する情報 Living information 住民票・戸籍 保険・年金 税金（くらしの情報） 消防・救急 防災 防犯・安全 医療・健康 福祉・介護 子育て 教育 上水道・下水道 ごみ・衛生 ペット・動植物 まちづくり・コミュニティ・協働 生涯学習・スポーツ 人権・男女平等・外国人 土地・住宅 道路・"
"高浜市","23227","34","200","防災","https://www.city.takahama.lg.jp/life/1/5/","防災 - 高浜市ホームページ ページの先頭です。 メニューを飛ばして本文へ メニュー JavaScriptが無効のため、文字の大きさ・背景色を変更する機能を使用できません。 本文へ Foreign language 文字サイズ 標準 拡大 背景色変更 白 黒 青 もしもの時は --> 生活に関する情報 Living information 住民票・戸籍 保険・年金 税金（くらしの情報） 消防・救急 防災 防犯・安全 医療・健康 福祉・介護 子育て 教育 上水道・下水道 ごみ・衛生 ペット・動植物 まちづくり・コミュニティ・協働 生涯学習・スポーツ 人権・男女平等・外国人 土地・住宅 道路・河川"
"高浜市","23227","34","200","高浜市国土強靱化地域計画","https://www.city.takahama.lg.jp/life/1/5/201/","高浜市国土強靱化地域計画 - 高浜市ホームページ ページの先頭です。 メニューを飛ばして本文へ メニュー JavaScriptが無効のため、文字の大きさ・背景色を変更する機能を使用できません。 本文へ Foreign language 文字サイズ 標準 拡大 背景色変更 白 黒 青 もしもの時は --> 生活に関する情報 Living information 住民票・戸籍 保険・年金 税金（くらしの情報） 消防・救急 防災 防犯・安全 医療・健康 福祉・介護 子育て 教育 上水道・下水道 ごみ・衛生 ペット・動植物 まちづくり・コミュニティ・協働 生涯学習・スポーツ 人権・男女平等・外国人 土"
"高浜市","23227","34","200","緊急情報を入手する","https://www.city.takahama.lg.jp/life/1/5/25/","緊急情報を入手する - 高浜市ホームページ ページの先頭です。 メニューを飛ばして本文へ メニュー JavaScriptが無効のため、文字の大きさ・背景色を変更する機能を使用できません。 本文へ Foreign language 文字サイズ 標準 拡大 背景色変更 白 黒 青 もしもの時は --> 生活に関する情報 Living information 住民票・戸籍 保険・年金 税金（くらしの情報） 消防・救急 防災 防犯・安全 医療・健康 福祉・介護 子育て 教育 上水道・下水道 ごみ・衛生 ペット・動植物 まちづくり・コミュニティ・協働 生涯学習・スポーツ 人権・男女平等・外国人 土地・住"
"高浜市","23227","34","200","ハザードマップ","https://www.city.takahama.lg.jp/life/1/5/26/","ハザードマップ - 高浜市ホームページ ページの先頭です。 メニューを飛ばして本文へ メニュー JavaScriptが無効のため、文字の大きさ・背景色を変更する機能を使用できません。 本文へ Foreign language 文字サイズ 標準 拡大 背景色変更 白 黒 青 もしもの時は --> 生活に関する情報 Living information 住民票・戸籍 保険・年金 税金（くらしの情報） 消防・救急 防災 防犯・安全 医療・健康 福祉・介護 子育て 教育 上水道・下水道 ごみ・衛生 ペット・動植物 まちづくり・コミュニティ・協働 生涯学習・スポーツ 人権・男女平等・外国人 土地・住宅 "
"高浜市","23227","34","200","避難先・避難方法","https://www.city.takahama.lg.jp/life/1/5/27/","避難先・避難方法 - 高浜市ホームページ ページの先頭です。 メニューを飛ばして本文へ メニュー JavaScriptが無効のため、文字の大きさ・背景色を変更する機能を使用できません。 本文へ Foreign language 文字サイズ 標準 拡大 背景色変更 白 黒 青 もしもの時は --> 生活に関する情報 Living information 住民票・戸籍 保険・年金 税金（くらしの情報） 消防・救急 防災 防犯・安全 医療・健康 福祉・介護 子育て 教育 上水道・下水道 ごみ・衛生 ペット・動植物 まちづくり・コミュニティ・協働 生涯学習・スポーツ 人権・男女平等・外国人 土地・住宅"
"高浜市","23227","34","200","防災訓練と防災学習","https://www.city.takahama.lg.jp/life/1/5/28/","防災訓練と防災学習 - 高浜市ホームページ ページの先頭です。 メニューを飛ばして本文へ メニュー JavaScriptが無効のため、文字の大きさ・背景色を変更する機能を使用できません。 本文へ Foreign language 文字サイズ 標準 拡大 背景色変更 白 黒 青 もしもの時は --> 生活に関する情報 Living information 住民票・戸籍 保険・年金 税金（くらしの情報） 消防・救急 防災 防犯・安全 医療・健康 福祉・介護 子育て 教育 上水道・下水道 ごみ・衛生 ペット・動植物 まちづくり・コミュニティ・協働 生涯学習・スポーツ 人権・男女平等・外国人 土地・住"
"高浜市","23227","34","200","防災に関する計画と体制","https://www.city.takahama.lg.jp/life/1/5/29/","防災に関する計画と体制 - 高浜市ホームページ ページの先頭です。 メニューを飛ばして本文へ メニュー JavaScriptが無効のため、文字の大きさ・背景色を変更する機能を使用できません。 本文へ Foreign language 文字サイズ 標準 拡大 背景色変更 白 黒 青 もしもの時は --> 生活に関する情報 Living information 住民票・戸籍 保険・年金 税金（くらしの情報） 消防・救急 防災 防犯・安全 医療・健康 福祉・介護 子育て 教育 上水道・下水道 ごみ・衛生 ペット・動植物 まちづくり・コミュニティ・協働 生涯学習・スポーツ 人権・男女平等・外国人 土地"
"高浜市","23227","34","200","外国人住民向け防災","https://www.city.takahama.lg.jp/life/1/5/32/","外国人住民向け防災 - 高浜市ホームページ ページの先頭です。 メニューを飛ばして本文へ メニュー JavaScriptが無効のため、文字の大きさ・背景色を変更する機能を使用できません。 本文へ Foreign language 文字サイズ 標準 拡大 背景色変更 白 黒 青 もしもの時は --> 生活に関する情報 Living information 住民票・戸籍 保険・年金 税金（くらしの情報） 消防・救急 防災 防犯・安全 医療・健康 福祉・介護 子育て 教育 上水道・下水道 ごみ・衛生 ペット・動植物 まちづくり・コミュニティ・協働 生涯学習・スポーツ 人権・男女平等・外国人 土地・住"
"高浜市","23227","34","200","防犯・安全","https://www.city.takahama.lg.jp/life/1/6/","防犯・安全 - 高浜市ホームページ ページの先頭です。 メニューを飛ばして本文へ メニュー JavaScriptが無効のため、文字の大きさ・背景色を変更する機能を使用できません。 本文へ Foreign language 文字サイズ 標準 拡大 背景色変更 白 黒 青 もしもの時は --> 生活に関する情報 Living information 住民票・戸籍 保険・年金 税金（くらしの情報） 消防・救急 防災 防犯・安全 医療・健康 福祉・介護 子育て 教育 上水道・下水道 ごみ・衛生 ペット・動植物 まちづくり・コミュニティ・協働 生涯学習・スポーツ 人権・男女平等・外国人 土地・住宅 道路"
"高浜市","23227","34","200","防犯","https://www.city.takahama.lg.jp/life/1/6/34/","防犯 - 高浜市ホームページ ページの先頭です。 メニューを飛ばして本文へ メニュー JavaScriptが無効のため、文字の大きさ・背景色を変更する機能を使用できません。 本文へ Foreign language 文字サイズ 標準 拡大 背景色変更 白 黒 青 もしもの時は --> 生活に関する情報 Living information 住民票・戸籍 保険・年金 税金（くらしの情報） 消防・救急 防災 防犯・安全 医療・健康 福祉・介護 子育て 教育 上水道・下水道 ごみ・衛生 ペット・動植物 まちづくり・コミュニティ・協働 生涯学習・スポーツ 人権・男女平等・外国人 土地・住宅 道路・河川"
"高浜市","23227","34","200","交通安全","https://www.city.takahama.lg.jp/life/1/6/35/","交通安全 - 高浜市ホームページ ページの先頭です。 メニューを飛ばして本文へ メニュー JavaScriptが無効のため、文字の大きさ・背景色を変更する機能を使用できません。 本文へ Foreign language 文字サイズ 標準 拡大 背景色変更 白 黒 青 もしもの時は --> 生活に関する情報 Living information 住民票・戸籍 保険・年金 税金（くらしの情報） 消防・救急 防災 防犯・安全 医療・健康 福祉・介護 子育て 教育 上水道・下水道 ごみ・衛生 ペット・動植物 まちづくり・コミュニティ・協働 生涯学習・スポーツ 人権・男女平等・外国人 土地・住宅 道路・"
"高浜市","23227","34","200","医療・健康","https://www.city.takahama.lg.jp/life/1/7/","医療・健康 - 高浜市ホームページ ページの先頭です。 メニューを飛ばして本文へ メニュー JavaScriptが無効のため、文字の大きさ・背景色を変更する機能を使用できません。 本文へ Foreign language 文字サイズ 標準 拡大 背景色変更 白 黒 青 もしもの時は --> 生活に関する情報 Living information 住民票・戸籍 保険・年金 税金（くらしの情報） 消防・救急 防災 防犯・安全 医療・健康 福祉・介護 子育て 教育 上水道・下水道 ごみ・衛生 ペット・動植物 まちづくり・コミュニティ・協働 生涯学習・スポーツ 人権・男女平等・外国人 土地・住宅 道路"
"高浜市","23227","34","200","夜間・休日診療","https://www.city.takahama.lg.jp/life/1/7/40/","夜間・休日診療 - 高浜市ホームページ ページの先頭です。 メニューを飛ばして本文へ メニュー JavaScriptが無効のため、文字の大きさ・背景色を変更する機能を使用できません。 本文へ Foreign language 文字サイズ 標準 拡大 背景色変更 白 黒 青 もしもの時は --> 生活に関する情報 Living information 住民票・戸籍 保険・年金 税金（くらしの情報） 消防・救急 防災 防犯・安全 医療・健康 福祉・介護 子育て 教育 上水道・下水道 ごみ・衛生 ペット・動植物 まちづくり・コミュニティ・協働 生涯学習・スポーツ 人権・男女平等・外国人 土地・住宅 "
"高浜市","23227","34","200","地域医療","https://www.city.takahama.lg.jp/life/1/7/43/","地域医療 - 高浜市ホームページ ページの先頭です。 メニューを飛ばして本文へ メニュー JavaScriptが無効のため、文字の大きさ・背景色を変更する機能を使用できません。 本文へ Foreign language 文字サイズ 標準 拡大 背景色変更 白 黒 青 もしもの時は --> 生活に関する情報 Living information 住民票・戸籍 保険・年金 税金（くらしの情報） 消防・救急 防災 防犯・安全 医療・健康 福祉・介護 子育て 教育 上水道・下水道 ごみ・衛生 ペット・動植物 まちづくり・コミュニティ・協働 生涯学習・スポーツ 人権・男女平等・外国人 土地・住宅 道路・"
"高浜市","23227","34","200","感染症・特定疾患","https://www.city.takahama.lg.jp/life/1/7/44/","感染症・特定疾患 - 高浜市ホームページ ページの先頭です。 メニューを飛ばして本文へ メニュー JavaScriptが無効のため、文字の大きさ・背景色を変更する機能を使用できません。 本文へ Foreign language 文字サイズ 標準 拡大 背景色変更 白 黒 青 もしもの時は --> 生活に関する情報 Living information 住民票・戸籍 保険・年金 税金（くらしの情報） 消防・救急 防災 防犯・安全 医療・健康 福祉・介護 子育て 教育 上水道・下水道 ごみ・衛生 ペット・動植物 まちづくり・コミュニティ・協働 生涯学習・スポーツ 人権・男女平等・外国人 土地・住宅"
"高浜市","23227","34","200","健康診査・がん検診","https://www.city.takahama.lg.jp/life/1/7/45/","健康診査・がん検診 - 高浜市ホームページ ページの先頭です。 メニューを飛ばして本文へ メニュー JavaScriptが無効のため、文字の大きさ・背景色を変更する機能を使用できません。 本文へ Foreign language 文字サイズ 標準 拡大 背景色変更 白 黒 青 もしもの時は --> 生活に関する情報 Living information 住民票・戸籍 保険・年金 税金（くらしの情報） 消防・救急 防災 防犯・安全 医療・健康 福祉・介護 子育て 教育 上水道・下水道 ごみ・衛生 ペット・動植物 まちづくり・コミュニティ・協働 生涯学習・スポーツ 人権・男女平等・外国人 土地・住"
"高浜市","23227","34","200","健康づくり・食育","https://www.city.takahama.lg.jp/life/1/7/47/","健康づくり・食育 - 高浜市ホームページ ページの先頭です。 メニューを飛ばして本文へ メニュー JavaScriptが無効のため、文字の大きさ・背景色を変更する機能を使用できません。 本文へ Foreign language 文字サイズ 標準 拡大 背景色変更 白 黒 青 もしもの時は --> 生活に関する情報 Living information 住民票・戸籍 保険・年金 税金（くらしの情報） 消防・救急 防災 防犯・安全 医療・健康 福祉・介護 子育て 教育 上水道・下水道 ごみ・衛生 ペット・動植物 まちづくり・コミュニティ・協働 生涯学習・スポーツ 人権・男女平等・外国人 土地・住宅"
"高浜市","23227","34","200","障がい者","https://www.city.takahama.lg.jp/life/1/8/49/","障がい者 - 高浜市ホームページ ページの先頭です。 メニューを飛ばして本文へ メニュー JavaScriptが無効のため、文字の大きさ・背景色を変更する機能を使用できません。 本文へ Foreign language 文字サイズ 標準 拡大 背景色変更 白 黒 青 もしもの時は --> 生活に関する情報 Living information 住民票・戸籍 保険・年金 税金（くらしの情報） 消防・救急 防災 防犯・安全 医療・健康 福祉・介護 子育て 教育 上水道・下水道 ごみ・衛生 ペット・動植物 まちづくり・コミュニティ・協働 生涯学習・スポーツ 人権・男女平等・外国人 土地・住宅 道路・"
"高浜市","23227","34","200","生活保護","https://www.city.takahama.lg.jp/life/1/8/52/","生活保護 - 高浜市ホームページ ページの先頭です。 メニューを飛ばして本文へ メニュー JavaScriptが無効のため、文字の大きさ・背景色を変更する機能を使用できません。 本文へ Foreign language 文字サイズ 標準 拡大 背景色変更 白 黒 青 もしもの時は --> 生活に関する情報 Living information 住民票・戸籍 保険・年金 税金（くらしの情報） 消防・救急 防災 防犯・安全 医療・健康 福祉・介護 子育て 教育 上水道・下水道 ごみ・衛生 ペット・動植物 まちづくり・コミュニティ・協働 生涯学習・スポーツ 人権・男女平等・外国人 土地・住宅 道路・"
"高浜市","23227","34","200","子育て","https://www.city.takahama.lg.jp/life/1/9/","子育て - 高浜市ホームページ ページの先頭です。 メニューを飛ばして本文へ メニュー JavaScriptが無効のため、文字の大きさ・背景色を変更する機能を使用できません。 本文へ Foreign language 文字サイズ 標準 拡大 背景色変更 白 黒 青 もしもの時は --> 生活に関する情報 Living information 住民票・戸籍 保険・年金 税金（くらしの情報） 消防・救急 防災 防犯・安全 医療・健康 福祉・介護 子育て 教育 上水道・下水道 ごみ・衛生 ペット・動植物 まちづくり・コミュニティ・協働 生涯学習・スポーツ 人権・男女平等・外国人 土地・住宅 道路・河"
"高浜市","23227","34","200","子育て支援","https://www.city.takahama.lg.jp/life/1/9/55/","子育て支援 - 高浜市ホームページ ページの先頭です。 メニューを飛ばして本文へ メニュー JavaScriptが無効のため、文字の大きさ・背景色を変更する機能を使用できません。 本文へ Foreign language 文字サイズ 標準 拡大 背景色変更 白 黒 青 もしもの時は --> 生活に関する情報 Living information 住民票・戸籍 保険・年金 税金（くらしの情報） 消防・救急 防災 防犯・安全 医療・健康 福祉・介護 子育て 教育 上水道・下水道 ごみ・衛生 ペット・動植物 まちづくり・コミュニティ・協働 生涯学習・スポーツ 人権・男女平等・外国人 土地・住宅 道路"
"高浜市","23227","34","200","事業者向け情報","https://www.city.takahama.lg.jp/life/2/","事業者向け情報 - 高浜市ホームページ ページの先頭です。 メニューを飛ばして本文へ メニュー JavaScriptが無効のため、文字の大きさ・背景色を変更する機能を使用できません。 本文へ Foreign language 文字サイズ 標準 拡大 背景色変更 白 黒 青 もしもの時は --> 生活に関する情報 Living information 住民票・戸籍 保険・年金 税金（くらしの情報） 消防・救急 防災 防犯・安全 医療・健康 福祉・介護 子育て 教育 上水道・下水道 ごみ・衛生 ペット・動植物 まちづくり・コミュニティ・協働 生涯学習・スポーツ 人権・男女平等・外国人 土地・住宅 "
"高浜市","23227","34","200","環境","https://www.city.takahama.lg.jp/life/2/20/","環境 - 高浜市ホームページ ページの先頭です。 メニューを飛ばして本文へ メニュー JavaScriptが無効のため、文字の大きさ・背景色を変更する機能を使用できません。 本文へ Foreign language 文字サイズ 標準 拡大 背景色変更 白 黒 青 もしもの時は --> 生活に関する情報 Living information 住民票・戸籍 保険・年金 税金（くらしの情報） 消防・救急 防災 防犯・安全 医療・健康 福祉・介護 子育て 教育 上水道・下水道 ごみ・衛生 ペット・動植物 まちづくり・コミュニティ・協働 生涯学習・スポーツ 人権・男女平等・外国人 土地・住宅 道路・河川"
"高浜市","23227","34","200","産業振興","https://www.city.takahama.lg.jp/life/2/21/","産業振興 - 高浜市ホームページ ページの先頭です。 メニューを飛ばして本文へ メニュー JavaScriptが無効のため、文字の大きさ・背景色を変更する機能を使用できません。 本文へ Foreign language 文字サイズ 標準 拡大 背景色変更 白 黒 青 もしもの時は --> 生活に関する情報 Living information 住民票・戸籍 保険・年金 税金（くらしの情報） 消防・救急 防災 防犯・安全 医療・健康 福祉・介護 子育て 教育 上水道・下水道 ごみ・衛生 ペット・動植物 まちづくり・コミュニティ・協働 生涯学習・スポーツ 人権・男女平等・外国人 土地・住宅 道路・"
"高浜市","23227","34","200","雇用・労働","https://www.city.takahama.lg.jp/life/2/22/","雇用・労働 - 高浜市ホームページ ページの先頭です。 メニューを飛ばして本文へ メニュー JavaScriptが無効のため、文字の大きさ・背景色を変更する機能を使用できません。 本文へ Foreign language 文字サイズ 標準 拡大 背景色変更 白 黒 青 もしもの時は --> 生活に関する情報 Living information 住民票・戸籍 保険・年金 税金（くらしの情報） 消防・救急 防災 防犯・安全 医療・健康 福祉・介護 子育て 教育 上水道・下水道 ごみ・衛生 ペット・動植物 まちづくり・コミュニティ・協働 生涯学習・スポーツ 人権・男女平等・外国人 土地・住宅 道路"
"高浜市","23227","34","200","税金（しごとの情報）","https://www.city.takahama.lg.jp/life/2/23/","税金（しごとの情報） - 高浜市ホームページ ページの先頭です。 メニューを飛ばして本文へ メニュー JavaScriptが無効のため、文字の大きさ・背景色を変更する機能を使用できません。 本文へ Foreign language 文字サイズ 標準 拡大 背景色変更 白 黒 青 もしもの時は --> 生活に関する情報 Living information 住民票・戸籍 保険・年金 税金（くらしの情報） 消防・救急 防災 防犯・安全 医療・健康 福祉・介護 子育て 教育 上水道・下水道 ごみ・衛生 ペット・動植物 まちづくり・コミュニティ・協働 生涯学習・スポーツ 人権・男女平等・外国人 土地・"
"高浜市","23227","34","200","市政情報","https://www.city.takahama.lg.jp/life/4/","市政情報 - 高浜市ホームページ ページの先頭です。 メニューを飛ばして本文へ メニュー JavaScriptが無効のため、文字の大きさ・背景色を変更する機能を使用できません。 本文へ Foreign language 文字サイズ 標準 拡大 背景色変更 白 黒 青 もしもの時は --> 生活に関する情報 Living information 住民票・戸籍 保険・年金 税金（くらしの情報） 消防・救急 防災 防犯・安全 医療・健康 福祉・介護 子育て 教育 上水道・下水道 ごみ・衛生 ペット・動植物 まちづくり・コミュニティ・協働 生涯学習・スポーツ 人権・男女平等・外国人 土地・住宅 道路・"
"高浜市","23227","34","200","市の概要","https://www.city.takahama.lg.jp/life/4/33/","市の概要 - 高浜市ホームページ ページの先頭です。 メニューを飛ばして本文へ メニュー JavaScriptが無効のため、文字の大きさ・背景色を変更する機能を使用できません。 本文へ Foreign language 文字サイズ 標準 拡大 背景色変更 白 黒 青 もしもの時は --> 生活に関する情報 Living information 住民票・戸籍 保険・年金 税金（くらしの情報） 消防・救急 防災 防犯・安全 医療・健康 福祉・介護 子育て 教育 上水道・下水道 ごみ・衛生 ペット・動植物 まちづくり・コミュニティ・協働 生涯学習・スポーツ 人権・男女平等・外国人 土地・住宅 道路・"
"高浜市","23227","34","200","統計情報","https://www.city.takahama.lg.jp/life/4/33/151/","統計情報 - 高浜市ホームページ ページの先頭です。 メニューを飛ばして本文へ メニュー JavaScriptが無効のため、文字の大きさ・背景色を変更する機能を使用できません。 本文へ Foreign language 文字サイズ 標準 拡大 背景色変更 白 黒 青 もしもの時は --> 生活に関する情報 Living information 住民票・戸籍 保険・年金 税金（くらしの情報） 消防・救急 防災 防犯・安全 医療・健康 福祉・介護 子育て 教育 上水道・下水道 ごみ・衛生 ペット・動植物 まちづくり・コミュニティ・協働 生涯学習・スポーツ 人権・男女平等・外国人 土地・住宅 道路・"
"高浜市","23227","34","200","市政運営・行政改革","https://www.city.takahama.lg.jp/life/4/34/","市政運営・行政改革 - 高浜市ホームページ ページの先頭です。 メニューを飛ばして本文へ メニュー JavaScriptが無効のため、文字の大きさ・背景色を変更する機能を使用できません。 本文へ Foreign language 文字サイズ 標準 拡大 背景色変更 白 黒 青 もしもの時は --> 生活に関する情報 Living information 住民票・戸籍 保険・年金 税金（くらしの情報） 消防・救急 防災 防犯・安全 医療・健康 福祉・介護 子育て 教育 上水道・下水道 ごみ・衛生 ペット・動植物 まちづくり・コミュニティ・協働 生涯学習・スポーツ 人権・男女平等・外国人 土地・住"
"高浜市","23227","34","200","市の取り組み","https://www.city.takahama.lg.jp/life/4/35/","市の取り組み - 高浜市ホームページ ページの先頭です。 メニューを飛ばして本文へ メニュー JavaScriptが無効のため、文字の大きさ・背景色を変更する機能を使用できません。 本文へ Foreign language 文字サイズ 標準 拡大 背景色変更 白 黒 青 もしもの時は --> 生活に関する情報 Living information 住民票・戸籍 保険・年金 税金（くらしの情報） 消防・救急 防災 防犯・安全 医療・健康 福祉・介護 子育て 教育 上水道・下水道 ごみ・衛生 ペット・動植物 まちづくり・コミュニティ・協働 生涯学習・スポーツ 人権・男女平等・外国人 土地・住宅 道"
"高浜市","23227","34","200","市政への参加","https://www.city.takahama.lg.jp/life/4/36/","市政への参加 - 高浜市ホームページ ページの先頭です。 メニューを飛ばして本文へ メニュー JavaScriptが無効のため、文字の大きさ・背景色を変更する機能を使用できません。 本文へ Foreign language 文字サイズ 標準 拡大 背景色変更 白 黒 青 もしもの時は --> 生活に関する情報 Living information 住民票・戸籍 保険・年金 税金（くらしの情報） 消防・救急 防災 防犯・安全 医療・健康 福祉・介護 子育て 教育 上水道・下水道 ごみ・衛生 ペット・動植物 まちづくり・コミュニティ・協働 生涯学習・スポーツ 人権・男女平等・外国人 土地・住宅 道"
"高浜市","23227","34","200","申請・届出","https://www.city.takahama.lg.jp/life/sub/3/","申請・届出 - 高浜市ホームページ ページの先頭です。 メニューを飛ばして本文へ メニュー JavaScriptが無効のため、文字の大きさ・背景色を変更する機能を使用できません。 本文へ Foreign language 文字サイズ 標準 拡大 背景色変更 白 黒 青 もしもの時は --> 生活に関する情報 Living information 住民票・戸籍 保険・年金 税金（くらしの情報） 消防・救急 防災 防犯・安全 医療・健康 福祉・介護 子育て 教育 上水道・下水道 ごみ・衛生 ペット・動植物 まちづくり・コミュニティ・協働 生涯学習・スポーツ 人権・男女平等・外国人 土地・住宅 道路"
"高浜市","23227","34","200","高浜市デジタル窓口","https://www.city.takahama.lg.jp/site/digital/","高浜市デジタル窓口 - 高浜市ホームページ ページの先頭です。 メニューを飛ばして本文へ メニュー JavaScriptが無効のため、文字の大きさ・背景色を変更する機能を使用できません。 本文へ Foreign language 文字サイズ 標準 拡大 背景色変更 白 黒 青 もしもの時は --> 生活に関する情報 Living information 住民票・戸籍 保険・年金 税金（くらしの情報） 消防・救急 防災 防犯・安全 医療・健康 福祉・介護 子育て 教育 上水道・下水道 ごみ・衛生 ペット・動植物 まちづくり・コミュニティ・協働 生涯学習・スポーツ 人権・男女平等・外国人 土地・住"
"高浜市","23227","34","200","市長室へようこそ","https://www.city.takahama.lg.jp/site/shicho/","市長室へようこそ - 高浜市ホームページ ページの先頭です。 メニューを飛ばして本文へ メニュー JavaScriptが無効のため、文字の大きさ・背景色を変更する機能を使用できません。 本文へ Foreign language 文字サイズ 標準 拡大 背景色変更 白 黒 青 もしもの時は --> 生活に関する情報 Living information 住民票・戸籍 保険・年金 税金（くらしの情報） 消防・救急 防災 防犯・安全 医療・健康 福祉・介護 子育て 教育 上水道・下水道 ごみ・衛生 ペット・動植物 まちづくり・コミュニティ・協働 生涯学習・スポーツ 人権・男女平等・外国人 土地・住宅"
"高浜市","23227","34","200","液状化現象とはどのようなものなのか。","https://www.city.takahama.lg.jp/soshiki/bousai/1097.html","液状化現象とはどのようなものなのか。 - 高浜市ホームページ ページの先頭です。 メニューを飛ばして本文へ メニュー JavaScriptが無効のため、文字の大きさ・背景色を変更する機能を使用できません。 本文へ Foreign language 文字サイズ 標準 拡大 背景色変更 白 黒 青 もしもの時は --> 生活に関する情報 Living information 住民票・戸籍 保険・年金 税金（くらしの情報） 消防・救急 防災 防犯・安全 医療・健康 福祉・介護 子育て 教育 上水道・下水道 ごみ・衛生 ペット・動植物 まちづくり・コミュニティ・協働 生涯学習・スポーツ 人権・男女平等"
"高浜市","23227","34","200","火災にあわれた方へ","https://www.city.takahama.lg.jp/soshiki/bousai/1525.html","火災にあわれた方へ - 高浜市ホームページ ページの先頭です。 メニューを飛ばして本文へ メニュー JavaScriptが無効のため、文字の大きさ・背景色を変更する機能を使用できません。 本文へ Foreign language 文字サイズ 標準 拡大 背景色変更 白 黒 青 もしもの時は --> 生活に関する情報 Living information 住民票・戸籍 保険・年金 税金（くらしの情報） 消防・救急 防災 防犯・安全 医療・健康 福祉・介護 子育て 教育 上水道・下水道 ごみ・衛生 ペット・動植物 まちづくり・コミュニティ・協働 生涯学習・スポーツ 人権・男女平等・外国人 土地・住"
"高浜市","23227","34","200","「旧大山会館」は引き続き避難所として使用できます","https://www.city.takahama.lg.jp/soshiki/bousai/15777.html","「旧大山会館」は引き続き避難所として使用できます - 高浜市ホームページ ページの先頭です。 メニューを飛ばして本文へ メニュー JavaScriptが無効のため、文字の大きさ・背景色を変更する機能を使用できません。 本文へ Foreign language 文字サイズ 標準 拡大 背景色変更 白 黒 青 もしもの時は --> 生活に関する情報 Living information 住民票・戸籍 保険・年金 税金（くらしの情報） 消防・救急 防災 防犯・安全 医療・健康 福祉・介護 子育て 教育 上水道・下水道 ごみ・衛生 ペット・動植物 まちづくり・コミュニティ・協働 生涯学習・スポーツ 人"
"高浜市","23227","34","200","災害情報の関連リンク","https://www.city.takahama.lg.jp/soshiki/bousai/1910.html","災害情報の関連リンク - 高浜市ホームページ ページの先頭です。 メニューを飛ばして本文へ メニュー JavaScriptが無効のため、文字の大きさ・背景色を変更する機能を使用できません。 本文へ Foreign language 文字サイズ 標準 拡大 背景色変更 白 黒 青 もしもの時は --> 生活に関する情報 Living information 住民票・戸籍 保険・年金 税金（くらしの情報） 消防・救急 防災 防犯・安全 医療・健康 福祉・介護 子育て 教育 上水道・下水道 ごみ・衛生 ペット・動植物 まちづくり・コミュニティ・協働 生涯学習・スポーツ 人権・男女平等・外国人 土地・"
"高浜市","23227","34","200","防災学習・防災ガイド（愛知県）・AED設置場所","https://www.city.takahama.lg.jp/soshiki/bousai/2390.html","防災学習・防災ガイド（愛知県）・AED設置場所 - 高浜市ホームページ ページの先頭です。 メニューを飛ばして本文へ メニュー JavaScriptが無効のため、文字の大きさ・背景色を変更する機能を使用できません。 本文へ Foreign language 文字サイズ 標準 拡大 背景色変更 白 黒 青 もしもの時は --> 生活に関する情報 Living information 住民票・戸籍 保険・年金 税金（くらしの情報） 消防・救急 防災 防犯・安全 医療・健康 福祉・介護 子育て 教育 上水道・下水道 ごみ・衛生 ペット・動植物 まちづくり・コミュニティ・協働 生涯学習・スポーツ 人権"
"高浜市","23227","34","200","高浜市総合防災訓練","https://www.city.takahama.lg.jp/soshiki/bousai/755.html","高浜市総合防災訓練 - 高浜市ホームページ ページの先頭です。 メニューを飛ばして本文へ メニュー JavaScriptが無効のため、文字の大きさ・背景色を変更する機能を使用できません。 本文へ Foreign language 文字サイズ 標準 拡大 背景色変更 白 黒 青 もしもの時は --> 生活に関する情報 Living information 住民票・戸籍 保険・年金 税金（くらしの情報） 消防・救急 防災 防犯・安全 医療・健康 福祉・介護 子育て 教育 上水道・下水道 ごみ・衛生 ペット・動植物 まちづくり・コミュニティ・協働 生涯学習・スポーツ 人権・男女平等・外国人 土地・住"
"高浜市","23227","34","200","生涯学習・スポーツのひろば","https://www.city.takahama.lg.jp/soshiki/bunka/1997.html","生涯学習・スポーツのひろば - 高浜市ホームページ ページの先頭です。 メニューを飛ばして本文へ メニュー JavaScriptが無効のため、文字の大きさ・背景色を変更する機能を使用できません。 本文へ Foreign language 文字サイズ 標準 拡大 背景色変更 白 黒 青 もしもの時は --> 生活に関する情報 Living information 住民票・戸籍 保険・年金 税金（くらしの情報） 消防・救急 防災 防犯・安全 医療・健康 福祉・介護 子育て 教育 上水道・下水道 ごみ・衛生 ペット・動植物 まちづくり・コミュニティ・協働 生涯学習・スポーツ 人権・男女平等・外国人 "
"高浜市","23227","34","200","高浜市20歳（はたち）のつどい","https://www.city.takahama.lg.jp/soshiki/bunka/2271.html","高浜市20歳（はたち）のつどい - 高浜市ホームページ ページの先頭です。 メニューを飛ばして本文へ メニュー JavaScriptが無効のため、文字の大きさ・背景色を変更する機能を使用できません。 本文へ Foreign language 文字サイズ 標準 拡大 背景色変更 白 黒 青 もしもの時は --> 生活に関する情報 Living information 住民票・戸籍 保険・年金 税金（くらしの情報） 消防・救急 防災 防犯・安全 医療・健康 福祉・介護 子育て 教育 上水道・下水道 ごみ・衛生 ペット・動植物 まちづくり・コミュニティ・協働 生涯学習・スポーツ 人権・男女平等・外国"
"高浜市","23227","34","200","吉浜交流館","https://www.city.takahama.lg.jp/soshiki/bunka/768.html","吉浜交流館 - 高浜市ホームページ ページの先頭です。 メニューを飛ばして本文へ メニュー JavaScriptが無効のため、文字の大きさ・背景色を変更する機能を使用できません。 本文へ Foreign language 文字サイズ 標準 拡大 背景色変更 白 黒 青 もしもの時は --> 生活に関する情報 Living information 住民票・戸籍 保険・年金 税金（くらしの情報） 消防・救急 防災 防犯・安全 医療・健康 福祉・介護 子育て 教育 上水道・下水道 ごみ・衛生 ペット・動植物 まちづくり・コミュニティ・協働 生涯学習・スポーツ 人権・男女平等・外国人 土地・住宅 道路"
"高浜市","23227","34","200","DV（ドメスティック・バイオレンス）とは","https://www.city.takahama.lg.jp/soshiki/fmarugoto/1619.html","DV（ドメスティック・バイオレンス）とは - 高浜市ホームページ ページの先頭です。 メニューを飛ばして本文へ メニュー JavaScriptが無効のため、文字の大きさ・背景色を変更する機能を使用できません。 本文へ Foreign language 文字サイズ 標準 拡大 背景色変更 白 黒 青 もしもの時は --> 生活に関する情報 Living information 住民票・戸籍 保険・年金 税金（くらしの情報） 消防・救急 防災 防犯・安全 医療・健康 福祉・介護 子育て 教育 上水道・下水道 ごみ・衛生 ペット・動植物 まちづくり・コミュニティ・協働 生涯学習・スポーツ 人権・男女"
"高浜市","23227","34","200","入学の手続き","https://www.city.takahama.lg.jp/soshiki/gakkou/1958.html","入学の手続き - 高浜市ホームページ ページの先頭です。 メニューを飛ばして本文へ メニュー JavaScriptが無効のため、文字の大きさ・背景色を変更する機能を使用できません。 本文へ Foreign language 文字サイズ 標準 拡大 背景色変更 白 黒 青 もしもの時は --> 生活に関する情報 Living information 住民票・戸籍 保険・年金 税金（くらしの情報） 消防・救急 防災 防犯・安全 医療・健康 福祉・介護 子育て 教育 上水道・下水道 ごみ・衛生 ペット・動植物 まちづくり・コミュニティ・協働 生涯学習・スポーツ 人権・男女平等・外国人 土地・住宅 道"
"高浜市","23227","34","200","総合教育会議","https://www.city.takahama.lg.jp/soshiki/gakkou/2019.html","総合教育会議 - 高浜市ホームページ ページの先頭です。 メニューを飛ばして本文へ メニュー JavaScriptが無効のため、文字の大きさ・背景色を変更する機能を使用できません。 本文へ Foreign language 文字サイズ 標準 拡大 背景色変更 白 黒 青 もしもの時は --> 生活に関する情報 Living information 住民票・戸籍 保険・年金 税金（くらしの情報） 消防・救急 防災 防犯・安全 医療・健康 福祉・介護 子育て 教育 上水道・下水道 ごみ・衛生 ペット・動植物 まちづくり・コミュニティ・協働 生涯学習・スポーツ 人権・男女平等・外国人 土地・住宅 道"
"高浜市","23227","34","200","高浜市AIチャットボット","https://www.city.takahama.lg.jp/soshiki/ict/20020.html","高浜市AIチャットボット - 高浜市ホームページ ページの先頭です。 メニューを飛ばして本文へ メニュー JavaScriptが無効のため、文字の大きさ・背景色を変更する機能を使用できません。 本文へ Foreign language 文字サイズ 標準 拡大 背景色変更 白 黒 青 もしもの時は --> 生活に関する情報 Living information 住民票・戸籍 保険・年金 税金（くらしの情報） 消防・救急 防災 防犯・安全 医療・健康 福祉・介護 子育て 教育 上水道・下水道 ごみ・衛生 ペット・動植物 まちづくり・コミュニティ・協働 生涯学習・スポーツ 人権・男女平等・外国人 土"
"高浜市","23227","34","200","高浜市役所1階窓口混雑状況","https://www.city.takahama.lg.jp/soshiki/ict/36455.html","高浜市役所1階窓口混雑状況 - 高浜市ホームページ ページの先頭です。 メニューを飛ばして本文へ メニュー JavaScriptが無効のため、文字の大きさ・背景色を変更する機能を使用できません。 本文へ Foreign language 文字サイズ 標準 拡大 背景色変更 白 黒 青 もしもの時は --> 生活に関する情報 Living information 住民票・戸籍 保険・年金 税金（くらしの情報） 消防・救急 防災 防犯・安全 医療・健康 福祉・介護 子育て 教育 上水道・下水道 ごみ・衛生 ペット・動植物 まちづくり・コミュニティ・協働 生涯学習・スポーツ 人権・男女平等・外国人 "
"高浜市","23227","34","200","市役所・いきいき広場の開庁時間・電話受付時間を変更します。","https://www.city.takahama.lg.jp/soshiki/jinji/36879.html","市役所・いきいき広場の開庁時間・電話受付時間を変更します。 - 高浜市ホームページ ページの先頭です。 メニューを飛ばして本文へ メニュー JavaScriptが無効のため、文字の大きさ・背景色を変更する機能を使用できません。 本文へ Foreign language 文字サイズ 標準 拡大 背景色変更 白 黒 青 もしもの時は --> 生活に関する情報 Living information 住民票・戸籍 保険・年金 税金（くらしの情報） 消防・救急 防災 防犯・安全 医療・健康 福祉・介護 子育て 教育 上水道・下水道 ごみ・衛生 ペット・動植物 まちづくり・コミュニティ・協働 生涯学習・ス"
"高浜市","23227","34","200","在宅当番医","https://www.city.takahama.lg.jp/soshiki/kenko/1912.html","在宅当番医 - 高浜市ホームページ ページの先頭です。 メニューを飛ばして本文へ メニュー JavaScriptが無効のため、文字の大きさ・背景色を変更する機能を使用できません。 本文へ Foreign language 文字サイズ 標準 拡大 背景色変更 白 黒 青 もしもの時は --> 生活に関する情報 Living information 住民票・戸籍 保険・年金 税金（くらしの情報） 消防・救急 防災 防犯・安全 医療・健康 福祉・介護 子育て 教育 上水道・下水道 ごみ・衛生 ペット・動植物 まちづくり・コミュニティ・協働 生涯学習・スポーツ 人権・男女平等・外国人 土地・住宅 道路"
"高浜市","23227","34","200","こころの健康づくり","https://www.city.takahama.lg.jp/soshiki/kenko/1949.html","こころの健康づくり - 高浜市ホームページ ページの先頭です。 メニューを飛ばして本文へ メニュー JavaScriptが無効のため、文字の大きさ・背景色を変更する機能を使用できません。 本文へ Foreign language 文字サイズ 標準 拡大 背景色変更 白 黒 青 もしもの時は --> 生活に関する情報 Living information 住民票・戸籍 保険・年金 税金（くらしの情報） 消防・救急 防災 防犯・安全 医療・健康 福祉・介護 子育て 教育 上水道・下水道 ごみ・衛生 ペット・動植物 まちづくり・コミュニティ・協働 生涯学習・スポーツ 人権・男女平等・外国人 土地・住"
"高浜市","23227","34","200","地域医療ネットワーク","https://www.city.takahama.lg.jp/soshiki/kenko/2033.html","地域医療ネットワーク - 高浜市ホームページ ページの先頭です。 メニューを飛ばして本文へ メニュー JavaScriptが無効のため、文字の大きさ・背景色を変更する機能を使用できません。 本文へ Foreign language 文字サイズ 標準 拡大 背景色変更 白 黒 青 もしもの時は --> 生活に関する情報 Living information 住民票・戸籍 保険・年金 税金（くらしの情報） 消防・救急 防災 防犯・安全 医療・健康 福祉・介護 子育て 教育 上水道・下水道 ごみ・衛生 ペット・動植物 まちづくり・コミュニティ・協働 生涯学習・スポーツ 人権・男女平等・外国人 土地・"
"高浜市","23227","34","200","脳脊髄液減少症","https://www.city.takahama.lg.jp/soshiki/kenko/2063.html","脳脊髄液減少症 - 高浜市ホームページ ページの先頭です。 メニューを飛ばして本文へ メニュー JavaScriptが無効のため、文字の大きさ・背景色を変更する機能を使用できません。 本文へ Foreign language 文字サイズ 標準 拡大 背景色変更 白 黒 青 もしもの時は --> 生活に関する情報 Living information 住民票・戸籍 保険・年金 税金（くらしの情報） 消防・救急 防災 防犯・安全 医療・健康 福祉・介護 子育て 教育 上水道・下水道 ごみ・衛生 ペット・動植物 まちづくり・コミュニティ・協働 生涯学習・スポーツ 人権・男女平等・外国人 土地・住宅 "
"高浜市","23227","34","200","母子－不育症","https://www.city.takahama.lg.jp/soshiki/kenko/2376.html","母子－不育症 - 高浜市ホームページ ページの先頭です。 メニューを飛ばして本文へ メニュー JavaScriptが無効のため、文字の大きさ・背景色を変更する機能を使用できません。 本文へ Foreign language 文字サイズ 標準 拡大 背景色変更 白 黒 青 もしもの時は --> 生活に関する情報 Living information 住民票・戸籍 保険・年金 税金（くらしの情報） 消防・救急 防災 防犯・安全 医療・健康 福祉・介護 子育て 教育 上水道・下水道 ごみ・衛生 ペット・動植物 まちづくり・コミュニティ・協働 生涯学習・スポーツ 人権・男女平等・外国人 土地・住宅 道"
"高浜市","23227","34","200","健康自生地申請 認定要件Ｑ＆Ａ","https://www.city.takahama.lg.jp/soshiki/kyosei/34840.html","健康自生地申請 認定要件Ｑ＆Ａ - 高浜市ホームページ ページの先頭です。 メニューを飛ばして本文へ メニュー JavaScriptが無効のため、文字の大きさ・背景色を変更する機能を使用できません。 本文へ Foreign language 文字サイズ 標準 拡大 背景色変更 白 黒 青 もしもの時は --> 生活に関する情報 Living information 住民票・戸籍 保険・年金 税金（くらしの情報） 消防・救急 防災 防犯・安全 医療・健康 福祉・介護 子育て 教育 上水道・下水道 ごみ・衛生 ペット・動植物 まちづくり・コミュニティ・協働 生涯学習・スポーツ 人権・男女平等・外国"
"高浜市","23227","34","200","トピックス","https://www.city.takahama.lg.jp/soshiki/list6-1.html","トピックス - 高浜市ホームページ ページの先頭です。 メニューを飛ばして本文へ メニュー JavaScriptが無効のため、文字の大きさ・背景色を変更する機能を使用できません。 本文へ Foreign language 文字サイズ 標準 拡大 背景色変更 白 黒 青 もしもの時は --> 生活に関する情報 Living information 住民票・戸籍 保険・年金 税金（くらしの情報） 消防・救急 防災 防犯・安全 医療・健康 福祉・介護 子育て 教育 上水道・下水道 ごみ・衛生 ペット・動植物 まちづくり・コミュニティ・協働 生涯学習・スポーツ 人権・男女平等・外国人 土地・住宅 道路"
"高浜市","23227","34","200","総合政策グループ","https://www.city.takahama.lg.jp/soshiki/seisaku/","総合政策グループ - 高浜市ホームページ ページの先頭です。 メニューを飛ばして本文へ メニュー JavaScriptが無効のため、文字の大きさ・背景色を変更する機能を使用できません。 本文へ Foreign language 文字サイズ 標準 拡大 背景色変更 白 黒 青 もしもの時は --> 生活に関する情報 Living information 住民票・戸籍 保険・年金 税金（くらしの情報） 消防・救急 防災 防犯・安全 医療・健康 福祉・介護 子育て 教育 上水道・下水道 ごみ・衛生 ペット・動植物 まちづくり・コミュニティ・協働 生涯学習・スポーツ 人権・男女平等・外国人 土地・住宅"
"高浜市","23227","34","200","アクセシビリティ","https://www.city.takahama.lg.jp/soshiki/seisaku/13316.html","アクセシビリティ - 高浜市ホームページ ページの先頭です。 メニューを飛ばして本文へ メニュー JavaScriptが無効のため、文字の大きさ・背景色を変更する機能を使用できません。 本文へ Foreign language 文字サイズ 標準 拡大 背景色変更 白 黒 青 もしもの時は --> 生活に関する情報 Living information 住民票・戸籍 保険・年金 税金（くらしの情報） 消防・救急 防災 防犯・安全 医療・健康 福祉・介護 子育て 教育 上水道・下水道 ごみ・衛生 ペット・動植物 まちづくり・コミュニティ・協働 生涯学習・スポーツ 人権・男女平等・外国人 土地・住宅"
"高浜市","23227","34","200","著作権とリンク","https://www.city.takahama.lg.jp/soshiki/seisaku/13317.html","著作権とリンク - 高浜市ホームページ ページの先頭です。 メニューを飛ばして本文へ メニュー JavaScriptが無効のため、文字の大きさ・背景色を変更する機能を使用できません。 本文へ Foreign language 文字サイズ 標準 拡大 背景色変更 白 黒 青 もしもの時は --> 生活に関する情報 Living information 住民票・戸籍 保険・年金 税金（くらしの情報） 消防・救急 防災 防犯・安全 医療・健康 福祉・介護 子育て 教育 上水道・下水道 ごみ・衛生 ペット・動植物 まちづくり・コミュニティ・協働 生涯学習・スポーツ 人権・男女平等・外国人 土地・住宅 "
"高浜市","23227","34","200","外国語への対応（Foreign language）","https://www.city.takahama.lg.jp/soshiki/seisaku/14563.html","外国語への対応（Foreign language） - 高浜市ホームページ ページの先頭です。 メニューを飛ばして本文へ メニュー JavaScriptが無効のため、文字の大きさ・背景色を変更する機能を使用できません。 本文へ Foreign language 文字サイズ 標準 拡大 背景色変更 白 黒 青 もしもの時は --> 生活に関する情報 Living information 住民票・戸籍 保険・年金 税金（くらしの情報） 消防・救急 防災 防犯・安全 医療・健康 福祉・介護 子育て 教育 上水道・下水道 ごみ・衛生 ペット・動植物 まちづくり・コミュニティ・協働 生涯学習・スポーツ "
"高浜市","23227","34","200","高浜市の位置と地勢","https://www.city.takahama.lg.jp/soshiki/seisaku/2700.html","高浜市の位置と地勢 - 高浜市ホームページ ページの先頭です。 メニューを飛ばして本文へ メニュー JavaScriptが無効のため、文字の大きさ・背景色を変更する機能を使用できません。 本文へ Foreign language 文字サイズ 標準 拡大 背景色変更 白 黒 青 もしもの時は --> 生活に関する情報 Living information 住民票・戸籍 保険・年金 税金（くらしの情報） 消防・救急 防災 防犯・安全 医療・健康 福祉・介護 子育て 教育 上水道・下水道 ごみ・衛生 ペット・動植物 まちづくり・コミュニティ・協働 生涯学習・スポーツ 人権・男女平等・外国人 土地・住"
"高浜市","23227","34","200","バナー広告の募集","https://www.city.takahama.lg.jp/soshiki/seisaku/2749.html","バナー広告の募集 - 高浜市ホームページ ページの先頭です。 メニューを飛ばして本文へ メニュー JavaScriptが無効のため、文字の大きさ・背景色を変更する機能を使用できません。 本文へ Foreign language 文字サイズ 標準 拡大 背景色変更 白 黒 青 もしもの時は --> 生活に関する情報 Living information 住民票・戸籍 保険・年金 税金（くらしの情報） 消防・救急 防災 防犯・安全 医療・健康 福祉・介護 子育て 教育 上水道・下水道 ごみ・衛生 ペット・動植物 まちづくり・コミュニティ・協働 生涯学習・スポーツ 人権・男女平等・外国人 土地・住宅"
"高浜市","23227","34","200","高浜のあゆみ","https://www.city.takahama.lg.jp/soshiki/seisaku/3083.html","高浜のあゆみ - 高浜市ホームページ ページの先頭です。 メニューを飛ばして本文へ メニュー JavaScriptが無効のため、文字の大きさ・背景色を変更する機能を使用できません。 本文へ Foreign language 文字サイズ 標準 拡大 背景色変更 白 黒 青 もしもの時は --> 生活に関する情報 Living information 住民票・戸籍 保険・年金 税金（くらしの情報） 消防・救急 防災 防犯・安全 医療・健康 福祉・介護 子育て 教育 上水道・下水道 ごみ・衛生 ペット・動植物 まちづくり・コミュニティ・協働 生涯学習・スポーツ 人権・男女平等・外国人 土地・住宅 道"
"高浜市","23227","34","200","高浜市とシーホース三河株式会社は、地域活性化に向けた連携協力の協定を締結しました","https://www.city.takahama.lg.jp/soshiki/seisaku/3148.html","高浜市とシーホース三河株式会社は、地域活性化に向けた連携協力の協定を締結しました - 高浜市ホームページ ページの先頭です。 メニューを飛ばして本文へ メニュー JavaScriptが無効のため、文字の大きさ・背景色を変更する機能を使用できません。 本文へ Foreign language 文字サイズ 標準 拡大 背景色変更 白 黒 青 もしもの時は --> 生活に関する情報 Living information 住民票・戸籍 保険・年金 税金（くらしの情報） 消防・救急 防災 防犯・安全 医療・健康 福祉・介護 子育て 教育 上水道・下水道 ごみ・衛生 ペット・動植物 まちづくり・コミュニテ"
"高浜市","23227","34","200","高浜市LINE公式アカウント受信設定方法","https://www.city.takahama.lg.jp/soshiki/seisaku/31890.html","高浜市LINE公式アカウント受信設定方法 - 高浜市ホームページ ページの先頭です。 メニューを飛ばして本文へ メニュー JavaScriptが無効のため、文字の大きさ・背景色を変更する機能を使用できません。 本文へ Foreign language 文字サイズ 標準 拡大 背景色変更 白 黒 青 もしもの時は --> 生活に関する情報 Living information 住民票・戸籍 保険・年金 税金（くらしの情報） 消防・救急 防災 防犯・安全 医療・健康 福祉・介護 子育て 教育 上水道・下水道 ごみ・衛生 ペット・動植物 まちづくり・コミュニティ・協働 生涯学習・スポーツ 人権・男女"
"高浜市","23227","34","200","町内会電子回覧板","https://www.city.takahama.lg.jp/soshiki/seisaku/35202.html","町内会電子回覧板 - 高浜市ホームページ ページの先頭です。 メニューを飛ばして本文へ メニュー JavaScriptが無効のため、文字の大きさ・背景色を変更する機能を使用できません。 本文へ Foreign language 文字サイズ 標準 拡大 背景色変更 白 黒 青 もしもの時は --> 生活に関する情報 Living information 住民票・戸籍 保険・年金 税金（くらしの情報） 消防・救急 防災 防犯・安全 医療・健康 福祉・介護 子育て 教育 上水道・下水道 ごみ・衛生 ペット・動植物 まちづくり・コミュニティ・協働 生涯学習・スポーツ 人権・男女平等・外国人 土地・住宅"
"高浜市","23227","34","200","トライデントコンピュータ専門学校との官学連携プロジェクト","https://www.city.takahama.lg.jp/soshiki/seisaku/35429.html","トライデントコンピュータ専門学校との官学連携プロジェクト - 高浜市ホームページ ページの先頭です。 メニューを飛ばして本文へ メニュー JavaScriptが無効のため、文字の大きさ・背景色を変更する機能を使用できません。 本文へ Foreign language 文字サイズ 標準 拡大 背景色変更 白 黒 青 もしもの時は --> 生活に関する情報 Living information 住民票・戸籍 保険・年金 税金（くらしの情報） 消防・救急 防災 防犯・安全 医療・健康 福祉・介護 子育て 教育 上水道・下水道 ごみ・衛生 ペット・動植物 まちづくり・コミュニティ・協働 生涯学習・スポ"
"高浜市","23227","34","200","町内会掲示板","https://www.city.takahama.lg.jp/soshiki/seisaku/35466.html","町内会掲示板 - 高浜市ホームページ ページの先頭です。 メニューを飛ばして本文へ メニュー JavaScriptが無効のため、文字の大きさ・背景色を変更する機能を使用できません。 本文へ Foreign language 文字サイズ 標準 拡大 背景色変更 白 黒 青 もしもの時は --> 生活に関する情報 Living information 住民票・戸籍 保険・年金 税金（くらしの情報） 消防・救急 防災 防犯・安全 医療・健康 福祉・介護 子育て 教育 上水道・下水道 ごみ・衛生 ペット・動植物 まちづくり・コミュニティ・協働 生涯学習・スポーツ 人権・男女平等・外国人 土地・住宅 道"
"高浜市","23227","34","200","日本赤十字社愛知県支部との包括連携協定","https://www.city.takahama.lg.jp/soshiki/seisaku/39115.html","日本赤十字社愛知県支部との包括連携協定 - 高浜市ホームページ ページの先頭です。 メニューを飛ばして本文へ メニュー JavaScriptが無効のため、文字の大きさ・背景色を変更する機能を使用できません。 本文へ Foreign language 文字サイズ 標準 拡大 背景色変更 白 黒 青 もしもの時は --> 生活に関する情報 Living information 住民票・戸籍 保険・年金 税金（くらしの情報） 消防・救急 防災 防犯・安全 医療・健康 福祉・介護 子育て 教育 上水道・下水道 ごみ・衛生 ペット・動植物 まちづくり・コミュニティ・協働 生涯学習・スポーツ 人権・男女平"
"高浜市","23227","34","200","通知カード廃止について","https://www.city.takahama.lg.jp/soshiki/shimin/16603.html","通知カード廃止について - 高浜市ホームページ ページの先頭です。 メニューを飛ばして本文へ メニュー JavaScriptが無効のため、文字の大きさ・背景色を変更する機能を使用できません。 本文へ Foreign language 文字サイズ 標準 拡大 背景色変更 白 黒 青 もしもの時は --> 生活に関する情報 Living information 住民票・戸籍 保険・年金 税金（くらしの情報） 消防・救急 防災 防犯・安全 医療・健康 福祉・介護 子育て 教育 上水道・下水道 ごみ・衛生 ペット・動植物 まちづくり・コミュニティ・協働 生涯学習・スポーツ 人権・男女平等・外国人 土地"
"高浜市","23227","34","200","外国人住民","https://www.city.takahama.lg.jp/soshiki/shimin/2460.html","外国人住民 - 高浜市ホームページ ページの先頭です。 メニューを飛ばして本文へ メニュー JavaScriptが無効のため、文字の大きさ・背景色を変更する機能を使用できません。 本文へ Foreign language 文字サイズ 標準 拡大 背景色変更 白 黒 青 もしもの時は --> 生活に関する情報 Living information 住民票・戸籍 保険・年金 税金（くらしの情報） 消防・救急 防災 防犯・安全 医療・健康 福祉・介護 子育て 教育 上水道・下水道 ごみ・衛生 ペット・動植物 まちづくり・コミュニティ・協働 生涯学習・スポーツ 人権・男女平等・外国人 土地・住宅 道路"
"高浜市","23227","34","200","高浜市の人口","https://www.city.takahama.lg.jp/soshiki/shimin/2463.html","高浜市の人口 - 高浜市ホームページ ページの先頭です。 メニューを飛ばして本文へ メニュー JavaScriptが無効のため、文字の大きさ・背景色を変更する機能を使用できません。 本文へ Foreign language 文字サイズ 標準 拡大 背景色変更 白 黒 青 もしもの時は --> 生活に関する情報 Living information 住民票・戸籍 保険・年金 税金（くらしの情報） 消防・救急 防災 防犯・安全 医療・健康 福祉・介護 子育て 教育 上水道・下水道 ごみ・衛生 ペット・動植物 まちづくり・コミュニティ・協働 生涯学習・スポーツ 人権・男女平等・外国人 土地・住宅 道"
"高浜市","23227","34","200","国民年金の相談など","https://www.city.takahama.lg.jp/soshiki/shimin/2473.html","国民年金の相談など - 高浜市ホームページ ページの先頭です。 メニューを飛ばして本文へ メニュー JavaScriptが無効のため、文字の大きさ・背景色を変更する機能を使用できません。 本文へ Foreign language 文字サイズ 標準 拡大 背景色変更 白 黒 青 もしもの時は --> 生活に関する情報 Living information 住民票・戸籍 保険・年金 税金（くらしの情報） 消防・救急 防災 防犯・安全 医療・健康 福祉・介護 子育て 教育 上水道・下水道 ごみ・衛生 ペット・動植物 まちづくり・コミュニティ・協働 生涯学習・スポーツ 人権・男女平等・外国人 土地・住"
"高浜市","23227","34","200","婚姻届","https://www.city.takahama.lg.jp/soshiki/shimin/2475.html","婚姻届 - 高浜市ホームページ ページの先頭です。 メニューを飛ばして本文へ メニュー JavaScriptが無効のため、文字の大きさ・背景色を変更する機能を使用できません。 本文へ Foreign language 文字サイズ 標準 拡大 背景色変更 白 黒 青 もしもの時は --> 生活に関する情報 Living information 住民票・戸籍 保険・年金 税金（くらしの情報） 消防・救急 防災 防犯・安全 医療・健康 福祉・介護 子育て 教育 上水道・下水道 ごみ・衛生 ペット・動植物 まちづくり・コミュニティ・協働 生涯学習・スポーツ 人権・男女平等・外国人 土地・住宅 道路・河"
"高浜市","23227","34","200","死亡届","https://www.city.takahama.lg.jp/soshiki/shimin/2478.html","死亡届 - 高浜市ホームページ ページの先頭です。 メニューを飛ばして本文へ メニュー JavaScriptが無効のため、文字の大きさ・背景色を変更する機能を使用できません。 本文へ Foreign language 文字サイズ 標準 拡大 背景色変更 白 黒 青 もしもの時は --> 生活に関する情報 Living information 住民票・戸籍 保険・年金 税金（くらしの情報） 消防・救急 防災 防犯・安全 医療・健康 福祉・介護 子育て 教育 上水道・下水道 ごみ・衛生 ペット・動植物 まちづくり・コミュニティ・協働 生涯学習・スポーツ 人権・男女平等・外国人 土地・住宅 道路・河"
"高浜市","23227","34","200","住所や氏名に変更のある方へ","https://www.city.takahama.lg.jp/soshiki/shimin/2479.html","住所や氏名に変更のある方へ - 高浜市ホームページ ページの先頭です。 メニューを飛ばして本文へ メニュー JavaScriptが無効のため、文字の大きさ・背景色を変更する機能を使用できません。 本文へ Foreign language 文字サイズ 標準 拡大 背景色変更 白 黒 青 もしもの時は --> 生活に関する情報 Living information 住民票・戸籍 保険・年金 税金（くらしの情報） 消防・救急 防災 防犯・安全 医療・健康 福祉・介護 子育て 教育 上水道・下水道 ごみ・衛生 ペット・動植物 まちづくり・コミュニティ・協働 生涯学習・スポーツ 人権・男女平等・外国人 "
"高浜市","23227","34","200","住民基本台帳ネットワークシステム","https://www.city.takahama.lg.jp/soshiki/shimin/2482.html","住民基本台帳ネットワークシステム - 高浜市ホームページ ページの先頭です。 メニューを飛ばして本文へ メニュー JavaScriptが無効のため、文字の大きさ・背景色を変更する機能を使用できません。 本文へ Foreign language 文字サイズ 標準 拡大 背景色変更 白 黒 青 もしもの時は --> 生活に関する情報 Living information 住民票・戸籍 保険・年金 税金（くらしの情報） 消防・救急 防災 防犯・安全 医療・健康 福祉・介護 子育て 教育 上水道・下水道 ごみ・衛生 ペット・動植物 まちづくり・コミュニティ・協働 生涯学習・スポーツ 人権・男女平等・外"
"高浜市","23227","34","200","出生届","https://www.city.takahama.lg.jp/soshiki/shimin/2486.html","出生届 - 高浜市ホームページ ページの先頭です。 メニューを飛ばして本文へ メニュー JavaScriptが無効のため、文字の大きさ・背景色を変更する機能を使用できません。 本文へ Foreign language 文字サイズ 標準 拡大 背景色変更 白 黒 青 もしもの時は --> 生活に関する情報 Living information 住民票・戸籍 保険・年金 税金（くらしの情報） 消防・救急 防災 防犯・安全 医療・健康 福祉・介護 子育て 教育 上水道・下水道 ごみ・衛生 ペット・動植物 まちづくり・コミュニティ・協働 生涯学習・スポーツ 人権・男女平等・外国人 土地・住宅 道路・河"
"高浜市","23227","34","200","証明書申請時の本人確認","https://www.city.takahama.lg.jp/soshiki/shimin/2488.html","証明書申請時の本人確認 - 高浜市ホームページ ページの先頭です。 メニューを飛ばして本文へ メニュー JavaScriptが無効のため、文字の大きさ・背景色を変更する機能を使用できません。 本文へ Foreign language 文字サイズ 標準 拡大 背景色変更 白 黒 青 もしもの時は --> 生活に関する情報 Living information 住民票・戸籍 保険・年金 税金（くらしの情報） 消防・救急 防災 防犯・安全 医療・健康 福祉・介護 子育て 教育 上水道・下水道 ごみ・衛生 ペット・動植物 まちづくり・コミュニティ・協働 生涯学習・スポーツ 人権・男女平等・外国人 土地"
"高浜市","23227","34","200","転籍届","https://www.city.takahama.lg.jp/soshiki/shimin/2613.html","転籍届 - 高浜市ホームページ ページの先頭です。 メニューを飛ばして本文へ メニュー JavaScriptが無効のため、文字の大きさ・背景色を変更する機能を使用できません。 本文へ Foreign language 文字サイズ 標準 拡大 背景色変更 白 黒 青 もしもの時は --> 生活に関する情報 Living information 住民票・戸籍 保険・年金 税金（くらしの情報） 消防・救急 防災 防犯・安全 医療・健康 福祉・介護 子育て 教育 上水道・下水道 ごみ・衛生 ペット・動植物 まちづくり・コミュニティ・協働 生涯学習・スポーツ 人権・男女平等・外国人 土地・住宅 道路・河"
"高浜市","23227","34","200","離婚届","https://www.city.takahama.lg.jp/soshiki/shimin/2657.html","離婚届 - 高浜市ホームページ ページの先頭です。 メニューを飛ばして本文へ メニュー JavaScriptが無効のため、文字の大きさ・背景色を変更する機能を使用できません。 本文へ Foreign language 文字サイズ 標準 拡大 背景色変更 白 黒 青 もしもの時は --> 生活に関する情報 Living information 住民票・戸籍 保険・年金 税金（くらしの情報） 消防・救急 防災 防犯・安全 医療・健康 福祉・介護 子育て 教育 上水道・下水道 ごみ・衛生 ペット・動植物 まちづくり・コミュニティ・協働 生涯学習・スポーツ 人権・男女平等・外国人 土地・住宅 道路・河"
"高浜市","23227","34","200","下水道の工事および維持修繕について","https://www.city.takahama.lg.jp/soshiki/suido/1516.html","下水道の工事および維持修繕について - 高浜市ホームページ ページの先頭です。 メニューを飛ばして本文へ メニュー JavaScriptが無効のため、文字の大きさ・背景色を変更する機能を使用できません。 本文へ Foreign language 文字サイズ 標準 拡大 背景色変更 白 黒 青 もしもの時は --> 生活に関する情報 Living information 住民票・戸籍 保険・年金 税金（くらしの情報） 消防・救急 防災 防犯・安全 医療・健康 福祉・介護 子育て 教育 上水道・下水道 ごみ・衛生 ペット・動植物 まちづくり・コミュニティ・協働 生涯学習・スポーツ 人権・男女平等・"
"高浜市","23227","34","200","検針（水の使用量測定）と水道メーターについて","https://www.city.takahama.lg.jp/soshiki/suido/1583.html","検針（水の使用量測定）と水道メーターについて - 高浜市ホームページ ページの先頭です。 メニューを飛ばして本文へ メニュー JavaScriptが無効のため、文字の大きさ・背景色を変更する機能を使用できません。 本文へ Foreign language 文字サイズ 標準 拡大 背景色変更 白 黒 青 もしもの時は --> 生活に関する情報 Living information 住民票・戸籍 保険・年金 税金（くらしの情報） 消防・救急 防災 防犯・安全 医療・健康 福祉・介護 子育て 教育 上水道・下水道 ごみ・衛生 ペット・動植物 まちづくり・コミュニティ・協働 生涯学習・スポーツ 人権・"
"日進市","23230","34","200","アカウントの登録と連携の手順はこちらからご確認ください。","http://www.city.nisshin.lg.jp/department/kenko/kenko/6/2/2/boshi/6/16189.html","NぴよとxID（クロスアイディ）の登録と連携手順／日進市 本文へ 文字サイズ 背景色変更 携帯サイト Other Language 部や課で選ぶ ご意見・お問い合わせ ホーム くらしの情報 行事・イベント 市役所・公共施設 市の政策・計画 サイト内検索 くらしの情報 行事・イベント 市役所・公共施設 市の政策・計画 Other Language 部や課で選ぶ ご意見・お問い合わせ 現在の位置 ホーム 部や課で選ぶ 健康こども部 健康課 暮らしの情報 福祉・健康・医療 保健・医療 母子保健 6.その他 NぴよとxID（クロスアイディ）の登録と連携手順 NぴよとxID（クロスアイディ）の登録と連携"
"日進市","23230","34","200","子育てアプリ「Nぴよ」","https://www.city.nisshin.lg.jp/department/kenko/kenko/6/2/2/boshi/6/15447.html","子育てアプリ「Nぴよ」／日進市 本文へ 文字サイズ 背景色変更 携帯サイト Other Language 部や課で選ぶ ご意見・お問い合わせ ホーム くらしの情報 行事・イベント 市役所・公共施設 市の政策・計画 サイト内検索 くらしの情報 行事・イベント 市役所・公共施設 市の政策・計画 Other Language 部や課で選ぶ ご意見・お問い合わせ 現在の位置 ホーム 部や課で選ぶ 健康こども部 健康課 暮らしの情報 福祉・健康・医療 保健・医療 母子保健 6.その他 子育てアプリ「Nぴよ」 子育てアプリ「Nぴよ」 ID番号 N15447 更新日：2025年04月01日 子育てアプリ「N"
"日進市","23230","34","200","6.その他","https://www.city.nisshin.lg.jp/department/kenko/kenko/6/2/2/boshi/6/index.html","6.その他／日進市 本文へ 文字サイズ 背景色変更 携帯サイト Other Language 部や課で選ぶ ご意見・お問い合わせ ホーム くらしの情報 行事・イベント 市役所・公共施設 市の政策・計画 サイト内検索 くらしの情報 行事・イベント 市役所・公共施設 市の政策・計画 Other Language 部や課で選ぶ ご意見・お問い合わせ 現在の位置 ホーム 部や課で選ぶ 健康こども部 健康課 暮らしの情報 福祉・健康・医療 保健・医療 母子保健 6.その他 6.その他 ID番号 N5830 更新日：2023年04月01日 日進市産後ケア事業のご案内 ブックスタート 一般不妊治療費助成事業"
"日進市","23230","34","200","令和元（2019）年度のニュース","https://www.city.nisshin.lg.jp/department/sougou/jouhou/keikaku/koho_kocho/city_Promotion/4/2019/index.html","令和元（2019）年度のニュース／日進市 本文へ 文字サイズ 背景色変更 携帯サイト Other Language 部や課で選ぶ ご意見・お問い合わせ ホーム くらしの情報 行事・イベント 市役所・公共施設 市の政策・計画 サイト内検索 くらしの情報 行事・イベント 市役所・公共施設 市の政策・計画 Other Language 部や課で選ぶ ご意見・お問い合わせ 現在の位置 ホーム 部や課で選ぶ 総合政策部 情報広報課 市の政策･計画 広報・広聴 市の魅力発信 まちの話題 令和元（2019）年度のニュース 令和元（2019）年度のニュース ID番号 N9689 更新日：2021年04月01日"
"日進市","23230","34","200","令和2（2020）年度のニュース","https://www.city.nisshin.lg.jp/department/sougou/jouhou/keikaku/koho_kocho/city_Promotion/4/2020/index.html","令和2（2020）年度のニュース／日進市 本文へ 文字サイズ 背景色変更 携帯サイト Other Language 部や課で選ぶ ご意見・お問い合わせ ホーム くらしの情報 行事・イベント 市役所・公共施設 市の政策・計画 サイト内検索 くらしの情報 行事・イベント 市役所・公共施設 市の政策・計画 Other Language 部や課で選ぶ ご意見・お問い合わせ 現在の位置 ホーム 部や課で選ぶ 総合政策部 情報広報課 市の政策･計画 広報・広聴 市の魅力発信 まちの話題 令和2（2020）年度のニュース 令和2（2020）年度のニュース ID番号 N11794 更新日：2021年04月01"
"日進市","23230","34","200","2026年5月12日 小学生のやってみよう教室日進 第1期バレーボール","https://www.city.nisshin.lg.jp/department/sougou/jouhou/keikaku/koho_kocho/city_Promotion/4/202003/18722.html","2026年5月12日 小学生のやってみよう教室日進 第1期バレーボール／日進市 本文へ 文字サイズ 背景色変更 携帯サイト Other Language 部や課で選ぶ ご意見・お問い合わせ ホーム くらしの情報 行事・イベント 市役所・公共施設 市の政策・計画 サイト内検索 くらしの情報 行事・イベント 市役所・公共施設 市の政策・計画 Other Language 部や課で選ぶ ご意見・お問い合わせ 現在の位置 ホーム 部や課で選ぶ 総合政策部 情報広報課 市の政策･計画 広報・広聴 市の魅力発信 まちの話題 最近のニュース 2026年5月12日 小学生のやってみよう教室日進 第1期バレーボ"
"日進市","23230","34","200","令和4（2022）年度のニュース","https://www.city.nisshin.lg.jp/department/sougou/jouhou/keikaku/koho_kocho/city_Promotion/4/2021_1/index.html","令和4（2022）年度のニュース／日進市 本文へ 文字サイズ 背景色変更 携帯サイト Other Language 部や課で選ぶ ご意見・お問い合わせ ホーム くらしの情報 行事・イベント 市役所・公共施設 市の政策・計画 サイト内検索 くらしの情報 行事・イベント 市役所・公共施設 市の政策・計画 Other Language 部や課で選ぶ ご意見・お問い合わせ 現在の位置 ホーム 部や課で選ぶ 総合政策部 情報広報課 市の政策･計画 広報・広聴 市の魅力発信 まちの話題 令和4（2022）年度のニュース 令和4（2022）年度のニュース ID番号 N14515 更新日：2023年05月23"
"日進市","23230","34","200","令和3（2021）年度のニュース","https://www.city.nisshin.lg.jp/department/sougou/jouhou/keikaku/koho_kocho/city_Promotion/4/2021/index.html","令和3（2021）年度のニュース／日進市 本文へ 文字サイズ 背景色変更 携帯サイト Other Language 部や課で選ぶ ご意見・お問い合わせ ホーム くらしの情報 行事・イベント 市役所・公共施設 市の政策・計画 サイト内検索 くらしの情報 行事・イベント 市役所・公共施設 市の政策・計画 Other Language 部や課で選ぶ ご意見・お問い合わせ 現在の位置 ホーム 部や課で選ぶ 総合政策部 情報広報課 市の政策･計画 広報・広聴 市の魅力発信 まちの話題 令和3（2021）年度のニュース 令和3（2021）年度のニュース ID番号 N12954 更新日：2022年04月04"
"日進市","23230","34","200","令和5（2023）年度のニュース","https://www.city.nisshin.lg.jp/department/sougou/jouhou/keikaku/koho_kocho/city_Promotion/4/2023/index.html","令和5（2023）年度のニュース／日進市 本文へ 文字サイズ 背景色変更 携帯サイト Other Language 部や課で選ぶ ご意見・お問い合わせ ホーム くらしの情報 行事・イベント 市役所・公共施設 市の政策・計画 サイト内検索 くらしの情報 行事・イベント 市役所・公共施設 市の政策・計画 Other Language 部や課で選ぶ ご意見・お問い合わせ 現在の位置 ホーム 部や課で選ぶ 総合政策部 情報広報課 市の政策･計画 広報・広聴 市の魅力発信 まちの話題 令和5（2023）年度のニュース 令和5（2023）年度のニュース ID番号 N15994 更新日：2024年05月10"
"日進市","23230","34","200","令和6（2024）年度のニュース","https://www.city.nisshin.lg.jp/department/sougou/jouhou/keikaku/koho_kocho/city_Promotion/4/2024/index.html","令和6（2024）年度のニュース／日進市 本文へ 文字サイズ 背景色変更 携帯サイト Other Language 部や課で選ぶ ご意見・お問い合わせ ホーム くらしの情報 行事・イベント 市役所・公共施設 市の政策・計画 サイト内検索 くらしの情報 行事・イベント 市役所・公共施設 市の政策・計画 Other Language 部や課で選ぶ ご意見・お問い合わせ 現在の位置 ホーム 部や課で選ぶ 総合政策部 情報広報課 市の政策･計画 広報・広聴 市の魅力発信 まちの話題 令和6（2024）年度のニュース 令和6（2024）年度のニュース ID番号 N17108 更新日：2025年04月21"
"日進市","23230","34","200","まちの話題","https://www.city.nisshin.lg.jp/department/sougou/jouhou/keikaku/koho_kocho/city_Promotion/4/index.html","まちの話題／日進市 本文へ 文字サイズ 背景色変更 携帯サイト Other Language 部や課で選ぶ ご意見・お問い合わせ ホーム くらしの情報 行事・イベント 市役所・公共施設 市の政策・計画 サイト内検索 くらしの情報 行事・イベント 市役所・公共施設 市の政策・計画 Other Language 部や課で選ぶ ご意見・お問い合わせ 現在の位置 ホーム 部や課で選ぶ 総合政策部 情報広報課 市の政策･計画 広報・広聴 市の魅力発信 まちの話題 まちの話題 ID番号 N925 更新日：2025年04月04日 最近のニュース 2026年6月13日 竹炭を作ってみよう ＜市民スタッフ 中根"
"日進市","23230","34","200","にっしんテレビ","https://www.city.nisshin.lg.jp/department/sougou/jouhou/keikaku/koho_kocho/city_Promotion/nisshin_tv/nisshintv.html","にっしんテレビ／日進市 本文へ 文字サイズ 背景色変更 携帯サイト Other Language 部や課で選ぶ ご意見・お問い合わせ ホーム くらしの情報 行事・イベント 市役所・公共施設 市の政策・計画 サイト内検索 くらしの情報 行事・イベント 市役所・公共施設 市の政策・計画 Other Language 部や課で選ぶ ご意見・お問い合わせ 現在の位置 ホーム 部や課で選ぶ 総合政策部 情報広報課 市の政策･計画 広報・広聴 市の魅力発信 にっしんテレビ にっしんテレビ にっしんテレビ ID番号 N3089 更新日：2026年07月01日 市のイベント情報や行政情報など身近な話題を毎月お"
"日進市","23230","34","200","バナー広告について","https://www.city.nisshin.lg.jp/department/sougou/jouhou/keikaku/koho_kocho/recruitment_Information/2053.html","バナー広告を募集します／日進市 本文へ 文字サイズ 背景色変更 携帯サイト Other Language 部や課で選ぶ ご意見・お問い合わせ ホーム くらしの情報 行事・イベント 市役所・公共施設 市の政策・計画 サイト内検索 くらしの情報 行事・イベント 市役所・公共施設 市の政策・計画 Other Language 部や課で選ぶ ご意見・お問い合わせ 現在の位置 ホーム 部や課で選ぶ 総合政策部 情報広報課 市の政策･計画 広報・広聴 募集情報 バナー広告を募集します バナー広告を募集します ID番号 N2053 更新日：2025年09月01日 募集について 日進市では、自主財源確保のため"
"日進市","23230","34","200","「にっしんシニアパス75」事業について","https://www.city.nisshin.lg.jp/department/toshisangyo/ido/1/seniorpass75.html","「にっしんシニアパス75」事業について／日進市 本文へ 文字サイズ 背景色変更 携帯サイト Other Language 部や課で選ぶ ご意見・お問い合わせ ホーム くらしの情報 行事・イベント 市役所・公共施設 市の政策・計画 サイト内検索 くらしの情報 行事・イベント 市役所・公共施設 市の政策・計画 Other Language 部や課で選ぶ ご意見・お問い合わせ 現在の位置 ホーム 部や課で選ぶ 都市産業部 移動政策室 くるりんばす（日進市内巡回バス） 「にっしんシニアパス75」事業について 「にっしんシニアパス75」事業について ID番号 N16258 更新日：2025年04月01日"
"日進市","23230","34","200","コチラ","https://www.city.nisshin.lg.jp/department/toshisangyo/kanko/6/2/4/18236.html","デジタル商品券事業について（事業者募集）／日進市 本文へ 文字サイズ 背景色変更 携帯サイト Other Language 部や課で選ぶ ご意見・お問い合わせ ホーム くらしの情報 行事・イベント 市役所・公共施設 市の政策・計画 サイト内検索 くらしの情報 行事・イベント 市役所・公共施設 市の政策・計画 Other Language 部や課で選ぶ ご意見・お問い合わせ 現在の位置 ホーム 部や課で選ぶ 都市産業部 産業観光課 暮らしの情報 産業・雇用・観光・まちづくり 商業・工業 デジタル商品券事業について（事業者募集） デジタル商品券事業について（事業者募集） ID番号 N18236 更"
"日進市","23230","34","200","税金に関すること","https://www.city.nisshin.lg.jp/download/8167.html","税金に関すること／日進市 本文へ 文字サイズ 背景色変更 携帯サイト Other Language 部や課で選ぶ ご意見・お問い合わせ ホーム くらしの情報 行事・イベント 市役所・公共施設 市の政策・計画 サイト内検索 くらしの情報 行事・イベント 市役所・公共施設 市の政策・計画 Other Language 部や課で選ぶ ご意見・お問い合わせ 現在の位置 ホーム 申請書ダウンロード 税金に関すること 税金に関すること ID番号 N8167 更新日：2026年05月13日 税証明関係 1 税証明等交付申請書（市民税・軽自動車税等用） (PDFファイル: 163.8KB) 2 税証明等交付申"
"日進市","23230","34","200","","https://www.city.nisshin.lg.jp/download/index.html","申請書ダウンロード／日進市 本文へ 文字サイズ 背景色変更 携帯サイト Other Language 部や課で選ぶ ご意見・お問い合わせ ホーム くらしの情報 行事・イベント 市役所・公共施設 市の政策・計画 サイト内検索 くらしの情報 行事・イベント 市役所・公共施設 市の政策・計画 Other Language 部や課で選ぶ ご意見・お問い合わせ 現在の位置 ホーム 申請書ダウンロード 申請書ダウンロード ID番号 N1444 更新日：2019年03月01日 介護保険に関すること 生涯学習・市民活動・NPOに関すること 医療に関すること 住宅や土地・環境に関すること 会社(法人)に関するこ"
"日進市","23230","34","200","教育委員会に関すること","https://www.city.nisshin.lg.jp/download/kyouikuiinkai/index.html","教育委員会に関すること／日進市 本文へ 文字サイズ 背景色変更 携帯サイト Other Language 部や課で選ぶ ご意見・お問い合わせ ホーム くらしの情報 行事・イベント 市役所・公共施設 市の政策・計画 サイト内検索 くらしの情報 行事・イベント 市役所・公共施設 市の政策・計画 Other Language 部や課で選ぶ ご意見・お問い合わせ 現在の位置 ホーム 申請書ダウンロード 教育委員会に関すること 教育委員会に関すること ID番号 N9919 更新日：2020年04月20日 日進市高等学校等修学助成金制度 教育委員会の後援名義使用について 小・中学校施設等の地域開放事業 要"
"日進市","23230","34","200","にっしんインフォメーション","https://www.city.nisshin.lg.jp/event/17480.html","にっしんインフォメーション／日進市 本文へ 文字サイズ 背景色変更 携帯サイト Other Language 部や課で選ぶ ご意見・お問い合わせ ホーム くらしの情報 行事・イベント 市役所・公共施設 市の政策・計画 サイト内検索 くらしの情報 行事・イベント 市役所・公共施設 市の政策・計画 Other Language 部や課で選ぶ ご意見・お問い合わせ 現在の位置 ホーム 行事・イベント一覧 にっしんインフォメーション にっしんインフォメーション ID番号 N17480 更新日：2026年07月15日 日進市の開催・共催するイベント情報を集約し、日付順で掲載しています。記事の詳細・お問い"
"日進市","23230","34","200","市民との協働","https://www.city.nisshin.lg.jp/kurashi/7173.html","市民との協働／日進市 本文へ 文字サイズ 背景色変更 携帯サイト Other Language 部や課で選ぶ ご意見・お問い合わせ ホーム くらしの情報 行事・イベント 市役所・公共施設 市の政策・計画 サイト内検索 くらしの情報 行事・イベント 市役所・公共施設 市の政策・計画 Other Language 部や課で選ぶ ご意見・お問い合わせ 現在の位置 ホーム 暮らしの情報 市民との協働 市民との協働 ID番号 N7173 更新日：2019年03月01日 市民自治活動推進補助金事業について 令和8年度市民自治活動推進補助金事業の審査結果 公園等愛護会 サイト内検索 暮らしの情報 部や課で選"
"尾張旭市","23226","34","200","","https://www.city.owariasahi.lg.jp/","尾張旭市公式ホームページ ページの先頭です。 メニューを飛ばして本文へ ライフイベントでさがす 高齢者 妊娠・出産 子育て 入園・入学 就職・退職 結婚・離婚 引っ越し おくやみ 目的からさがす 申請書一覧 施設 ごみ・ リサイクル 入札・契約 相談窓口 よくある 質問 イベント 市営バス あさぴー号 組織でさがす カレンダーでさがす 地図でさがす 閉じる 1 くらし・手続き 2 健康・福祉・ 医療 3 子育て・教育・ 生涯学習 4 都市基盤・ 住まい 5 防災・救急・ 安全 6 ごみ・環境 7 しごと・産業・ コミュニティ 8 市政情報 閉じる English 中文（簡体字） 中文（繁体字）"
"尾張旭市","23226","34","200","住民票・戸籍","https://www.city.owariasahi.lg.jp/life/1/1/","住民票・戸籍 - 尾張旭市公式ホームページ ページの先頭です。 メニューを飛ばして本文へ メニュー 閉じる さがす 閉じる オンライン 手続き 本文へ ご利用ガイド サイトマップ language 文字サイズ 標準 拡大 背景色 白 黒 青 キーワード 検索 Googleカスタム検索 検索対象 すべて ページ PDF ページID 検索 ライフイベントでさがす 高齢者 妊娠・出産 子育て 入園・入学 就職・退職 結婚・離婚 引っ越し おくやみ 目的からさがす 申請書一覧 施設 ごみ・ リサイクル 入札・契約 相談窓口 よくある 質問 イベント 市営バス あさぴー号 組織でさがす カレンダーでさが"
"尾張旭市","23226","34","200","おくやみ","https://www.city.owariasahi.lg.jp/life/1/1/10/","おくやみ - 尾張旭市公式ホームページ ページの先頭です。 メニューを飛ばして本文へ メニュー 閉じる さがす 閉じる オンライン 手続き 本文へ ご利用ガイド サイトマップ language 文字サイズ 標準 拡大 背景色 白 黒 青 キーワード 検索 Googleカスタム検索 検索対象 すべて ページ PDF ページID 検索 ライフイベントでさがす 高齢者 妊娠・出産 子育て 入園・入学 就職・退職 結婚・離婚 引っ越し おくやみ 目的からさがす 申請書一覧 施設 ごみ・ リサイクル 入札・契約 相談窓口 よくある 質問 イベント 市営バス あさぴー号 組織でさがす カレンダーでさがす "
"尾張旭市","23226","34","200","結婚・離婚","https://www.city.owariasahi.lg.jp/life/1/1/7/","結婚・離婚 - 尾張旭市公式ホームページ ページの先頭です。 メニューを飛ばして本文へ メニュー 閉じる さがす 閉じる オンライン 手続き 本文へ ご利用ガイド サイトマップ language 文字サイズ 標準 拡大 背景色 白 黒 青 キーワード 検索 Googleカスタム検索 検索対象 すべて ページ PDF ページID 検索 ライフイベントでさがす 高齢者 妊娠・出産 子育て 入園・入学 就職・退職 結婚・離婚 引っ越し おくやみ 目的からさがす 申請書一覧 施設 ごみ・ リサイクル 入札・契約 相談窓口 よくある 質問 イベント 市営バス あさぴー号 組織でさがす カレンダーでさがす"
"尾張旭市","23226","34","200","引っ越し","https://www.city.owariasahi.lg.jp/life/1/1/8/","引っ越し - 尾張旭市公式ホームページ ページの先頭です。 メニューを飛ばして本文へ メニュー 閉じる さがす 閉じる オンライン 手続き 本文へ ご利用ガイド サイトマップ language 文字サイズ 標準 拡大 背景色 白 黒 青 キーワード 検索 Googleカスタム検索 検索対象 すべて ページ PDF ページID 検索 ライフイベントでさがす 高齢者 妊娠・出産 子育て 入園・入学 就職・退職 結婚・離婚 引っ越し おくやみ 目的からさがす 申請書一覧 施設 ごみ・ リサイクル 入札・契約 相談窓口 よくある 質問 イベント 市営バス あさぴー号 組織でさがす カレンダーでさがす "
"尾張旭市","23226","34","200","相談・消費生活","https://www.city.owariasahi.lg.jp/life/1/3/","相談・消費生活 - 尾張旭市公式ホームページ ページの先頭です。 メニューを飛ばして本文へ メニュー 閉じる さがす 閉じる オンライン 手続き 本文へ ご利用ガイド サイトマップ language 文字サイズ 標準 拡大 背景色 白 黒 青 キーワード 検索 Googleカスタム検索 検索対象 すべて ページ PDF ページID 検索 ライフイベントでさがす 高齢者 妊娠・出産 子育て 入園・入学 就職・退職 結婚・離婚 引っ越し おくやみ 目的からさがす 申請書一覧 施設 ごみ・ リサイクル 入札・契約 相談窓口 よくある 質問 イベント 市営バス あさぴー号 組織でさがす カレンダーでさ"
"尾張旭市","23226","34","200","相談窓口","https://www.city.owariasahi.lg.jp/life/1/3/18/","相談窓口 - 尾張旭市公式ホームページ ページの先頭です。 メニューを飛ばして本文へ メニュー 閉じる さがす 閉じる オンライン 手続き 本文へ ご利用ガイド サイトマップ language 文字サイズ 標準 拡大 背景色 白 黒 青 キーワード 検索 Googleカスタム検索 検索対象 すべて ページ PDF ページID 検索 ライフイベントでさがす 高齢者 妊娠・出産 子育て 入園・入学 就職・退職 結婚・離婚 引っ越し おくやみ 目的からさがす 申請書一覧 施設 ごみ・ リサイクル 入札・契約 相談窓口 よくある 質問 イベント 市営バス あさぴー号 組織でさがす カレンダーでさがす "
"尾張旭市","23226","34","200","健康・福祉・医療","https://www.city.owariasahi.lg.jp/life/2/","健康・福祉・医療 - 尾張旭市公式ホームページ ページの先頭です。 メニューを飛ばして本文へ メニュー 閉じる さがす 閉じる オンライン 手続き 本文へ ご利用ガイド サイトマップ language 文字サイズ 標準 拡大 背景色 白 黒 青 キーワード 検索 Googleカスタム検索 検索対象 すべて ページ PDF ページID 検索 ライフイベントでさがす 高齢者 妊娠・出産 子育て 入園・入学 就職・退職 結婚・離婚 引っ越し おくやみ 目的からさがす 申請書一覧 施設 ごみ・ リサイクル 入札・契約 相談窓口 よくある 質問 イベント 市営バス あさぴー号 組織でさがす カレンダーで"
"尾張旭市","23226","34","200","健康・医療","https://www.city.owariasahi.lg.jp/life/2/4/","健康・医療 - 尾張旭市公式ホームページ ページの先頭です。 メニューを飛ばして本文へ メニュー 閉じる さがす 閉じる オンライン 手続き 本文へ ご利用ガイド サイトマップ language 文字サイズ 標準 拡大 背景色 白 黒 青 キーワード 検索 Googleカスタム検索 検索対象 すべて ページ PDF ページID 検索 ライフイベントでさがす 高齢者 妊娠・出産 子育て 入園・入学 就職・退職 結婚・離婚 引っ越し おくやみ 目的からさがす 申請書一覧 施設 ごみ・ リサイクル 入札・契約 相談窓口 よくある 質問 イベント 市営バス あさぴー号 組織でさがす カレンダーでさがす"
"尾張旭市","23226","34","200","保険・年金","https://www.city.owariasahi.lg.jp/life/2/5/","保険・年金 - 尾張旭市公式ホームページ ページの先頭です。 メニューを飛ばして本文へ メニュー 閉じる さがす 閉じる オンライン 手続き 本文へ ご利用ガイド サイトマップ language 文字サイズ 標準 拡大 背景色 白 黒 青 キーワード 検索 Googleカスタム検索 検索対象 すべて ページ PDF ページID 検索 ライフイベントでさがす 高齢者 妊娠・出産 子育て 入園・入学 就職・退職 結婚・離婚 引っ越し おくやみ 目的からさがす 申請書一覧 施設 ごみ・ リサイクル 入札・契約 相談窓口 よくある 質問 イベント 市営バス あさぴー号 組織でさがす カレンダーでさがす"
"尾張旭市","23226","34","200","子育て・教育・生涯学習","https://www.city.owariasahi.lg.jp/life/3/","子育て・教育・生涯学習 - 尾張旭市公式ホームページ ページの先頭です。 メニューを飛ばして本文へ メニュー 閉じる さがす 閉じる オンライン 手続き 本文へ ご利用ガイド サイトマップ language 文字サイズ 標準 拡大 背景色 白 黒 青 キーワード 検索 Googleカスタム検索 検索対象 すべて ページ PDF ページID 検索 ライフイベントでさがす 高齢者 妊娠・出産 子育て 入園・入学 就職・退職 結婚・離婚 引っ越し おくやみ 目的からさがす 申請書一覧 施設 ごみ・ リサイクル 入札・契約 相談窓口 よくある 質問 イベント 市営バス あさぴー号 組織でさがす カレン"
"尾張旭市","23226","34","200","子育て","https://www.city.owariasahi.lg.jp/life/3/7/","子育て - 尾張旭市公式ホームページ ページの先頭です。 メニューを飛ばして本文へ メニュー 閉じる さがす 閉じる オンライン 手続き 本文へ ご利用ガイド サイトマップ language 文字サイズ 標準 拡大 背景色 白 黒 青 キーワード 検索 Googleカスタム検索 検索対象 すべて ページ PDF ページID 検索 ライフイベントでさがす 高齢者 妊娠・出産 子育て 入園・入学 就職・退職 結婚・離婚 引っ越し おくやみ 目的からさがす 申請書一覧 施設 ごみ・ リサイクル 入札・契約 相談窓口 よくある 質問 イベント 市営バス あさぴー号 組織でさがす カレンダーでさがす 地"
"尾張旭市","23226","34","200","保育園・幼稚園","https://www.city.owariasahi.lg.jp/life/3/7/44/","保育園・幼稚園 - 尾張旭市公式ホームページ ページの先頭です。 メニューを飛ばして本文へ メニュー 閉じる さがす 閉じる オンライン 手続き 本文へ ご利用ガイド サイトマップ language 文字サイズ 標準 拡大 背景色 白 黒 青 キーワード 検索 Googleカスタム検索 検索対象 すべて ページ PDF ページID 検索 ライフイベントでさがす 高齢者 妊娠・出産 子育て 入園・入学 就職・退職 結婚・離婚 引っ越し おくやみ 目的からさがす 申請書一覧 施設 ごみ・ リサイクル 入札・契約 相談窓口 よくある 質問 イベント 市営バス あさぴー号 組織でさがす カレンダーでさ"
"尾張旭市","23226","34","200","子育て","https://www.city.owariasahi.lg.jp/life/3/7/index-2.html","子育て - 尾張旭市公式ホームページ ページの先頭です。 メニューを飛ばして本文へ メニュー 閉じる さがす 閉じる オンライン 手続き 本文へ ご利用ガイド サイトマップ language 文字サイズ 標準 拡大 背景色 白 黒 青 キーワード 検索 Googleカスタム検索 検索対象 すべて ページ PDF ページID 検索 ライフイベントでさがす 高齢者 妊娠・出産 子育て 入園・入学 就職・退職 結婚・離婚 引っ越し おくやみ 目的からさがす 申請書一覧 施設 ごみ・ リサイクル 入札・契約 相談窓口 よくある 質問 イベント 市営バス あさぴー号 組織でさがす カレンダーでさがす 地"
"尾張旭市","23226","34","200","教育","https://www.city.owariasahi.lg.jp/life/3/8/","教育 - 尾張旭市公式ホームページ ページの先頭です。 メニューを飛ばして本文へ メニュー 閉じる さがす 閉じる オンライン 手続き 本文へ ご利用ガイド サイトマップ language 文字サイズ 標準 拡大 背景色 白 黒 青 キーワード 検索 Googleカスタム検索 検索対象 すべて ページ PDF ページID 検索 ライフイベントでさがす 高齢者 妊娠・出産 子育て 入園・入学 就職・退職 結婚・離婚 引っ越し おくやみ 目的からさがす 申請書一覧 施設 ごみ・ リサイクル 入札・契約 相談窓口 よくある 質問 イベント 市営バス あさぴー号 組織でさがす カレンダーでさがす 地図"
"尾張旭市","23226","34","200","入園・入学","https://www.city.owariasahi.lg.jp/life/3/8/51/","入園・入学 - 尾張旭市公式ホームページ ページの先頭です。 メニューを飛ばして本文へ メニュー 閉じる さがす 閉じる オンライン 手続き 本文へ ご利用ガイド サイトマップ language 文字サイズ 標準 拡大 背景色 白 黒 青 キーワード 検索 Googleカスタム検索 検索対象 すべて ページ PDF ページID 検索 ライフイベントでさがす 高齢者 妊娠・出産 子育て 入園・入学 就職・退職 結婚・離婚 引っ越し おくやみ 目的からさがす 申請書一覧 施設 ごみ・ リサイクル 入札・契約 相談窓口 よくある 質問 イベント 市営バス あさぴー号 組織でさがす カレンダーでさがす"
"尾張旭市","23226","34","200","生涯学習・文化・スポーツ","https://www.city.owariasahi.lg.jp/life/3/9/","生涯学習・文化・スポーツ - 尾張旭市公式ホームページ ページの先頭です。 メニューを飛ばして本文へ メニュー 閉じる さがす 閉じる オンライン 手続き 本文へ ご利用ガイド サイトマップ language 文字サイズ 標準 拡大 背景色 白 黒 青 キーワード 検索 Googleカスタム検索 検索対象 すべて ページ PDF ページID 検索 ライフイベントでさがす 高齢者 妊娠・出産 子育て 入園・入学 就職・退職 結婚・離婚 引っ越し おくやみ 目的からさがす 申請書一覧 施設 ごみ・ リサイクル 入札・契約 相談窓口 よくある 質問 イベント 市営バス あさぴー号 組織でさがす カレ"
"尾張旭市","23226","34","200","都市基盤・住まい","https://www.city.owariasahi.lg.jp/life/4/","都市基盤・住まい - 尾張旭市公式ホームページ ページの先頭です。 メニューを飛ばして本文へ メニュー 閉じる さがす 閉じる オンライン 手続き 本文へ ご利用ガイド サイトマップ language 文字サイズ 標準 拡大 背景色 白 黒 青 キーワード 検索 Googleカスタム検索 検索対象 すべて ページ PDF ページID 検索 ライフイベントでさがす 高齢者 妊娠・出産 子育て 入園・入学 就職・退職 結婚・離婚 引っ越し おくやみ 目的からさがす 申請書一覧 施設 ごみ・ リサイクル 入札・契約 相談窓口 よくある 質問 イベント 市営バス あさぴー号 組織でさがす カレンダーで"
"尾張旭市","23226","34","200","住まい","https://www.city.owariasahi.lg.jp/life/4/10/","住まい - 尾張旭市公式ホームページ ページの先頭です。 メニューを飛ばして本文へ メニュー 閉じる さがす 閉じる オンライン 手続き 本文へ ご利用ガイド サイトマップ language 文字サイズ 標準 拡大 背景色 白 黒 青 キーワード 検索 Googleカスタム検索 検索対象 すべて ページ PDF ページID 検索 ライフイベントでさがす 高齢者 妊娠・出産 子育て 入園・入学 就職・退職 結婚・離婚 引っ越し おくやみ 目的からさがす 申請書一覧 施設 ごみ・ リサイクル 入札・契約 相談窓口 よくある 質問 イベント 市営バス あさぴー号 組織でさがす カレンダーでさがす 地"
"尾張旭市","23226","34","200","道路・河川","https://www.city.owariasahi.lg.jp/life/4/11/","道路・河川 - 尾張旭市公式ホームページ ページの先頭です。 メニューを飛ばして本文へ メニュー 閉じる さがす 閉じる オンライン 手続き 本文へ ご利用ガイド サイトマップ language 文字サイズ 標準 拡大 背景色 白 黒 青 キーワード 検索 Googleカスタム検索 検索対象 すべて ページ PDF ページID 検索 ライフイベントでさがす 高齢者 妊娠・出産 子育て 入園・入学 就職・退職 結婚・離婚 引っ越し おくやみ 目的からさがす 申請書一覧 施設 ごみ・ リサイクル 入札・契約 相談窓口 よくある 質問 イベント 市営バス あさぴー号 組織でさがす カレンダーでさがす"
"尾張旭市","23226","34","200","交通機関","https://www.city.owariasahi.lg.jp/life/4/12/","交通機関 - 尾張旭市公式ホームページ ページの先頭です。 メニューを飛ばして本文へ メニュー 閉じる さがす 閉じる オンライン 手続き 本文へ ご利用ガイド サイトマップ language 文字サイズ 標準 拡大 背景色 白 黒 青 キーワード 検索 Googleカスタム検索 検索対象 すべて ページ PDF ページID 検索 ライフイベントでさがす 高齢者 妊娠・出産 子育て 入園・入学 就職・退職 結婚・離婚 引っ越し おくやみ 目的からさがす 申請書一覧 施設 ごみ・ リサイクル 入札・契約 相談窓口 よくある 質問 イベント 市営バス あさぴー号 組織でさがす カレンダーでさがす "
"尾張旭市","23226","34","200","上水道・下水道","https://www.city.owariasahi.lg.jp/life/4/13/","上水道・下水道 - 尾張旭市公式ホームページ ページの先頭です。 メニューを飛ばして本文へ メニュー 閉じる さがす 閉じる オンライン 手続き 本文へ ご利用ガイド サイトマップ language 文字サイズ 標準 拡大 背景色 白 黒 青 キーワード 検索 Googleカスタム検索 検索対象 すべて ページ PDF ページID 検索 ライフイベントでさがす 高齢者 妊娠・出産 子育て 入園・入学 就職・退職 結婚・離婚 引っ越し おくやみ 目的からさがす 申請書一覧 施設 ごみ・ リサイクル 入札・契約 相談窓口 よくある 質問 イベント 市営バス あさぴー号 組織でさがす カレンダーでさ"
"尾張旭市","23226","34","200","都市計画","https://www.city.owariasahi.lg.jp/life/4/14/","都市計画 - 尾張旭市公式ホームページ ページの先頭です。 メニューを飛ばして本文へ メニュー 閉じる さがす 閉じる オンライン 手続き 本文へ ご利用ガイド サイトマップ language 文字サイズ 標準 拡大 背景色 白 黒 青 キーワード 検索 Googleカスタム検索 検索対象 すべて ページ PDF ページID 検索 ライフイベントでさがす 高齢者 妊娠・出産 子育て 入園・入学 就職・退職 結婚・離婚 引っ越し おくやみ 目的からさがす 申請書一覧 施設 ごみ・ リサイクル 入札・契約 相談窓口 よくある 質問 イベント 市営バス あさぴー号 組織でさがす カレンダーでさがす "
"尾張旭市","23226","34","200","防災・救急・安全","https://www.city.owariasahi.lg.jp/life/5/","防災・救急・安全 - 尾張旭市公式ホームページ ページの先頭です。 メニューを飛ばして本文へ メニュー 閉じる さがす 閉じる オンライン 手続き 本文へ ご利用ガイド サイトマップ language 文字サイズ 標準 拡大 背景色 白 黒 青 キーワード 検索 Googleカスタム検索 検索対象 すべて ページ PDF ページID 検索 ライフイベントでさがす 高齢者 妊娠・出産 子育て 入園・入学 就職・退職 結婚・離婚 引っ越し おくやみ 目的からさがす 申請書一覧 施設 ごみ・ リサイクル 入札・契約 相談窓口 よくある 質問 イベント 市営バス あさぴー号 組織でさがす カレンダーで"
"尾張旭市","23226","34","200","防災","https://www.city.owariasahi.lg.jp/life/5/15/","防災 - 尾張旭市公式ホームページ ページの先頭です。 メニューを飛ばして本文へ メニュー 閉じる さがす 閉じる オンライン 手続き 本文へ ご利用ガイド サイトマップ language 文字サイズ 標準 拡大 背景色 白 黒 青 キーワード 検索 Googleカスタム検索 検索対象 すべて ページ PDF ページID 検索 ライフイベントでさがす 高齢者 妊娠・出産 子育て 入園・入学 就職・退職 結婚・離婚 引っ越し おくやみ 目的からさがす 申請書一覧 施設 ごみ・ リサイクル 入札・契約 相談窓口 よくある 質問 イベント 市営バス あさぴー号 組織でさがす カレンダーでさがす 地図"
"尾張旭市","23226","34","200","防犯・安全","https://www.city.owariasahi.lg.jp/life/5/17/","防犯・安全 - 尾張旭市公式ホームページ ページの先頭です。 メニューを飛ばして本文へ メニュー 閉じる さがす 閉じる オンライン 手続き 本文へ ご利用ガイド サイトマップ language 文字サイズ 標準 拡大 背景色 白 黒 青 キーワード 検索 Googleカスタム検索 検索対象 すべて ページ PDF ページID 検索 ライフイベントでさがす 高齢者 妊娠・出産 子育て 入園・入学 就職・退職 結婚・離婚 引っ越し おくやみ 目的からさがす 申請書一覧 施設 ごみ・ リサイクル 入札・契約 相談窓口 よくある 質問 イベント 市営バス あさぴー号 組織でさがす カレンダーでさがす"
"尾張旭市","23226","34","200","ごみ・環境","https://www.city.owariasahi.lg.jp/life/6/","ごみ・環境 - 尾張旭市公式ホームページ ページの先頭です。 メニューを飛ばして本文へ メニュー 閉じる さがす 閉じる オンライン 手続き 本文へ ご利用ガイド サイトマップ language 文字サイズ 標準 拡大 背景色 白 黒 青 キーワード 検索 Googleカスタム検索 検索対象 すべて ページ PDF ページID 検索 ライフイベントでさがす 高齢者 妊娠・出産 子育て 入園・入学 就職・退職 結婚・離婚 引っ越し おくやみ 目的からさがす 申請書一覧 施設 ごみ・ リサイクル 入札・契約 相談窓口 よくある 質問 イベント 市営バス あさぴー号 組織でさがす カレンダーでさがす"
"尾張旭市","23226","34","200","ごみ・し尿","https://www.city.owariasahi.lg.jp/life/6/18/","ごみ・し尿 - 尾張旭市公式ホームページ ページの先頭です。 メニューを飛ばして本文へ メニュー 閉じる さがす 閉じる オンライン 手続き 本文へ ご利用ガイド サイトマップ language 文字サイズ 標準 拡大 背景色 白 黒 青 キーワード 検索 Googleカスタム検索 検索対象 すべて ページ PDF ページID 検索 ライフイベントでさがす 高齢者 妊娠・出産 子育て 入園・入学 就職・退職 結婚・離婚 引っ越し おくやみ 目的からさがす 申請書一覧 施設 ごみ・ リサイクル 入札・契約 相談窓口 よくある 質問 イベント 市営バス あさぴー号 組織でさがす カレンダーでさがす"
"尾張旭市","23226","34","200","環境・墓","https://www.city.owariasahi.lg.jp/life/6/19/","環境・墓 - 尾張旭市公式ホームページ ページの先頭です。 メニューを飛ばして本文へ メニュー 閉じる さがす 閉じる オンライン 手続き 本文へ ご利用ガイド サイトマップ language 文字サイズ 標準 拡大 背景色 白 黒 青 キーワード 検索 Googleカスタム検索 検索対象 すべて ページ PDF ページID 検索 ライフイベントでさがす 高齢者 妊娠・出産 子育て 入園・入学 就職・退職 結婚・離婚 引っ越し おくやみ 目的からさがす 申請書一覧 施設 ごみ・ リサイクル 入札・契約 相談窓口 よくある 質問 イベント 市営バス あさぴー号 組織でさがす カレンダーでさがす "
"尾張旭市","23226","34","200","動物・植物","https://www.city.owariasahi.lg.jp/life/6/20/","動物・植物 - 尾張旭市公式ホームページ ページの先頭です。 メニューを飛ばして本文へ メニュー 閉じる さがす 閉じる オンライン 手続き 本文へ ご利用ガイド サイトマップ language 文字サイズ 標準 拡大 背景色 白 黒 青 キーワード 検索 Googleカスタム検索 検索対象 すべて ページ PDF ページID 検索 ライフイベントでさがす 高齢者 妊娠・出産 子育て 入園・入学 就職・退職 結婚・離婚 引っ越し おくやみ 目的からさがす 申請書一覧 施設 ごみ・ リサイクル 入札・契約 相談窓口 よくある 質問 イベント 市営バス あさぴー号 組織でさがす カレンダーでさがす"
"尾張旭市","23226","34","200","しごと・産業・コミュニティ","https://www.city.owariasahi.lg.jp/life/7/","しごと・産業・コミュニティ - 尾張旭市公式ホームページ ページの先頭です。 メニューを飛ばして本文へ メニュー 閉じる さがす 閉じる オンライン 手続き 本文へ ご利用ガイド サイトマップ language 文字サイズ 標準 拡大 背景色 白 黒 青 キーワード 検索 Googleカスタム検索 検索対象 すべて ページ PDF ページID 検索 ライフイベントでさがす 高齢者 妊娠・出産 子育て 入園・入学 就職・退職 結婚・離婚 引っ越し おくやみ 目的からさがす 申請書一覧 施設 ごみ・ リサイクル 入札・契約 相談窓口 よくある 質問 イベント 市営バス あさぴー号 組織でさがす カ"
"尾張旭市","23226","34","200","就職・退職","https://www.city.owariasahi.lg.jp/life/7/21/105/","就職・退職 - 尾張旭市公式ホームページ ページの先頭です。 メニューを飛ばして本文へ メニュー 閉じる さがす 閉じる オンライン 手続き 本文へ ご利用ガイド サイトマップ language 文字サイズ 標準 拡大 背景色 白 黒 青 キーワード 検索 Googleカスタム検索 検索対象 すべて ページ PDF ページID 検索 ライフイベントでさがす 高齢者 妊娠・出産 子育て 入園・入学 就職・退職 結婚・離婚 引っ越し おくやみ 目的からさがす 申請書一覧 施設 ごみ・ リサイクル 入札・契約 相談窓口 よくある 質問 イベント 市営バス あさぴー号 組織でさがす カレンダーでさがす"
"尾張旭市","23226","34","200","コミュニティ・協働","https://www.city.owariasahi.lg.jp/life/7/23/","コミュニティ・協働 - 尾張旭市公式ホームページ ページの先頭です。 メニューを飛ばして本文へ メニュー 閉じる さがす 閉じる オンライン 手続き 本文へ ご利用ガイド サイトマップ language 文字サイズ 標準 拡大 背景色 白 黒 青 キーワード 検索 Googleカスタム検索 検索対象 すべて ページ PDF ページID 検索 ライフイベントでさがす 高齢者 妊娠・出産 子育て 入園・入学 就職・退職 結婚・離婚 引っ越し おくやみ 目的からさがす 申請書一覧 施設 ごみ・ リサイクル 入札・契約 相談窓口 よくある 質問 イベント 市営バス あさぴー号 組織でさがす カレンダー"
"尾張旭市","23226","34","200","多様性・男女共同参画","https://www.city.owariasahi.lg.jp/life/7/24/","多様性・男女共同参画 - 尾張旭市公式ホームページ ページの先頭です。 メニューを飛ばして本文へ メニュー 閉じる さがす 閉じる オンライン 手続き 本文へ ご利用ガイド サイトマップ language 文字サイズ 標準 拡大 背景色 白 黒 青 キーワード 検索 Googleカスタム検索 検索対象 すべて ページ PDF ページID 検索 ライフイベントでさがす 高齢者 妊娠・出産 子育て 入園・入学 就職・退職 結婚・離婚 引っ越し おくやみ 目的からさがす 申請書一覧 施設 ごみ・ リサイクル 入札・契約 相談窓口 よくある 質問 イベント 市営バス あさぴー号 組織でさがす カレンダ"
"尾張旭市","23226","34","200","市政情報","https://www.city.owariasahi.lg.jp/life/8/","市政情報 - 尾張旭市公式ホームページ ページの先頭です。 メニューを飛ばして本文へ メニュー 閉じる さがす 閉じる オンライン 手続き 本文へ ご利用ガイド サイトマップ language 文字サイズ 標準 拡大 背景色 白 黒 青 キーワード 検索 Googleカスタム検索 検索対象 すべて ページ PDF ページID 検索 ライフイベントでさがす 高齢者 妊娠・出産 子育て 入園・入学 就職・退職 結婚・離婚 引っ越し おくやみ 目的からさがす 申請書一覧 施設 ごみ・ リサイクル 入札・契約 相談窓口 よくある 質問 イベント 市営バス あさぴー号 組織でさがす カレンダーでさがす "
"尾張旭市","23226","34","200","市の概要","https://www.city.owariasahi.lg.jp/life/8/25/","市の概要 - 尾張旭市公式ホームページ ページの先頭です。 メニューを飛ばして本文へ メニュー 閉じる さがす 閉じる オンライン 手続き 本文へ ご利用ガイド サイトマップ language 文字サイズ 標準 拡大 背景色 白 黒 青 キーワード 検索 Googleカスタム検索 検索対象 すべて ページ PDF ページID 検索 ライフイベントでさがす 高齢者 妊娠・出産 子育て 入園・入学 就職・退職 結婚・離婚 引っ越し おくやみ 目的からさがす 申請書一覧 施設 ごみ・ リサイクル 入札・契約 相談窓口 よくある 質問 イベント 市営バス あさぴー号 組織でさがす カレンダーでさがす "
"尾張旭市","23226","34","200","市政への参加","https://www.city.owariasahi.lg.jp/life/8/26/","市政への参加 - 尾張旭市公式ホームページ ページの先頭です。 メニューを飛ばして本文へ メニュー 閉じる さがす 閉じる オンライン 手続き 本文へ ご利用ガイド サイトマップ language 文字サイズ 標準 拡大 背景色 白 黒 青 キーワード 検索 Googleカスタム検索 検索対象 すべて ページ PDF ページID 検索 ライフイベントでさがす 高齢者 妊娠・出産 子育て 入園・入学 就職・退職 結婚・離婚 引っ越し おくやみ 目的からさがす 申請書一覧 施設 ごみ・ リサイクル 入札・契約 相談窓口 よくある 質問 イベント 市営バス あさぴー号 組織でさがす カレンダーでさが"
"尾張旭市","23226","34","200","市の取り組み","https://www.city.owariasahi.lg.jp/life/8/27/","市の取り組み - 尾張旭市公式ホームページ ページの先頭です。 メニューを飛ばして本文へ メニュー 閉じる さがす 閉じる オンライン 手続き 本文へ ご利用ガイド サイトマップ language 文字サイズ 標準 拡大 背景色 白 黒 青 キーワード 検索 Googleカスタム検索 検索対象 すべて ページ PDF ページID 検索 ライフイベントでさがす 高齢者 妊娠・出産 子育て 入園・入学 就職・退職 結婚・離婚 引っ越し おくやみ 目的からさがす 申請書一覧 施設 ごみ・ リサイクル 入札・契約 相談窓口 よくある 質問 イベント 市営バス あさぴー号 組織でさがす カレンダーでさが"
"尾張旭市","23226","34","200","市政運営","https://www.city.owariasahi.lg.jp/life/8/28/","市政運営 - 尾張旭市公式ホームページ ページの先頭です。 メニューを飛ばして本文へ メニュー 閉じる さがす 閉じる オンライン 手続き 本文へ ご利用ガイド サイトマップ language 文字サイズ 標準 拡大 背景色 白 黒 青 キーワード 検索 Googleカスタム検索 検索対象 すべて ページ PDF ページID 検索 ライフイベントでさがす 高齢者 妊娠・出産 子育て 入園・入学 就職・退職 結婚・離婚 引っ越し おくやみ 目的からさがす 申請書一覧 施設 ごみ・ リサイクル 入札・契約 相談窓口 よくある 質問 イベント 市営バス あさぴー号 組織でさがす カレンダーでさがす "
"尾張旭市","23226","34","200","子育て支援センター","https://www.city.owariasahi.lg.jp/life/8/30/157/","子育て支援センター - 尾張旭市公式ホームページ ページの先頭です。 メニューを飛ばして本文へ メニュー 閉じる さがす 閉じる オンライン 手続き 本文へ ご利用ガイド サイトマップ language 文字サイズ 標準 拡大 背景色 白 黒 青 キーワード 検索 Googleカスタム検索 検索対象 すべて ページ PDF ページID 検索 ライフイベントでさがす 高齢者 妊娠・出産 子育て 入園・入学 就職・退職 結婚・離婚 引っ越し おくやみ 目的からさがす 申請書一覧 施設 ごみ・ リサイクル 入札・契約 相談窓口 よくある 質問 イベント 市営バス あさぴー号 組織でさがす カレンダー"
"尾張旭市","23226","34","200","小学校・中学校・高校・大学","https://www.city.owariasahi.lg.jp/life/8/30/158/","小学校・中学校・高校・大学 - 尾張旭市公式ホームページ ページの先頭です。 メニューを飛ばして本文へ メニュー 閉じる さがす 閉じる オンライン 手続き 本文へ ご利用ガイド サイトマップ language 文字サイズ 標準 拡大 背景色 白 黒 青 キーワード 検索 Googleカスタム検索 検索対象 すべて ページ PDF ページID 検索 ライフイベントでさがす 高齢者 妊娠・出産 子育て 入園・入学 就職・退職 結婚・離婚 引っ越し おくやみ 目的からさがす 申請書一覧 施設 ごみ・ リサイクル 入札・契約 相談窓口 よくある 質問 イベント 市営バス あさぴー号 組織でさがす カ"
"尾張旭市","23226","34","200","公民館","https://www.city.owariasahi.lg.jp/life/8/30/159/","公民館 - 尾張旭市公式ホームページ ページの先頭です。 メニューを飛ばして本文へ メニュー 閉じる さがす 閉じる オンライン 手続き 本文へ ご利用ガイド サイトマップ language 文字サイズ 標準 拡大 背景色 白 黒 青 キーワード 検索 Googleカスタム検索 検索対象 すべて ページ PDF ページID 検索 ライフイベントでさがす 高齢者 妊娠・出産 子育て 入園・入学 就職・退職 結婚・離婚 引っ越し おくやみ 目的からさがす 申請書一覧 施設 ごみ・ リサイクル 入札・契約 相談窓口 よくある 質問 イベント 市営バス あさぴー号 組織でさがす カレンダーでさがす 地"
"尾張旭市","23226","34","200","老人いこいの家","https://www.city.owariasahi.lg.jp/life/8/30/161/","老人いこいの家 - 尾張旭市公式ホームページ ページの先頭です。 メニューを飛ばして本文へ メニュー 閉じる さがす 閉じる オンライン 手続き 本文へ ご利用ガイド サイトマップ language 文字サイズ 標準 拡大 背景色 白 黒 青 キーワード 検索 Googleカスタム検索 検索対象 すべて ページ PDF ページID 検索 ライフイベントでさがす 高齢者 妊娠・出産 子育て 入園・入学 就職・退職 結婚・離婚 引っ越し おくやみ 目的からさがす 申請書一覧 施設 ごみ・ リサイクル 入札・契約 相談窓口 よくある 質問 イベント 市営バス あさぴー号 組織でさがす カレンダーでさ"
"尾張旭市","23226","34","200","避難所","https://www.city.owariasahi.lg.jp/life/8/30/164/","避難所 - 尾張旭市公式ホームページ ページの先頭です。 メニューを飛ばして本文へ メニュー 閉じる さがす 閉じる オンライン 手続き 本文へ ご利用ガイド サイトマップ language 文字サイズ 標準 拡大 背景色 白 黒 青 キーワード 検索 Googleカスタム検索 検索対象 すべて ページ PDF ページID 検索 ライフイベントでさがす 高齢者 妊娠・出産 子育て 入園・入学 就職・退職 結婚・離婚 引っ越し おくやみ 目的からさがす 申請書一覧 施設 ごみ・ リサイクル 入札・契約 相談窓口 よくある 質問 イベント 市営バス あさぴー号 組織でさがす カレンダーでさがす 地"
"尾張旭市","23226","34","200","一時避難場所","https://www.city.owariasahi.lg.jp/life/8/30/166/","一時避難場所 - 尾張旭市公式ホームページ ページの先頭です。 メニューを飛ばして本文へ メニュー 閉じる さがす 閉じる オンライン 手続き 本文へ ご利用ガイド サイトマップ language 文字サイズ 標準 拡大 背景色 白 黒 青 キーワード 検索 Googleカスタム検索 検索対象 すべて ページ PDF ページID 検索 ライフイベントでさがす 高齢者 妊娠・出産 子育て 入園・入学 就職・退職 結婚・離婚 引っ越し おくやみ 目的からさがす 申請書一覧 施設 ごみ・ リサイクル 入札・契約 相談窓口 よくある 質問 イベント 市営バス あさぴー号 組織でさがす カレンダーでさが"
"尾張旭市","23226","34","200","相談窓口","https://www.city.owariasahi.lg.jp/life/sub/2/3/18/","相談窓口 - 尾張旭市公式ホームページ ページの先頭です。 メニューを飛ばして本文へ メニュー 閉じる さがす 閉じる オンライン 手続き 本文へ ご利用ガイド サイトマップ language 文字サイズ 標準 拡大 背景色 白 黒 青 キーワード 検索 Googleカスタム検索 検索対象 すべて ページ PDF ページID 検索 ライフイベントでさがす 高齢者 妊娠・出産 子育て 入園・入学 就職・退職 結婚・離婚 引っ越し おくやみ 目的からさがす 申請書一覧 施設 ごみ・ リサイクル 入札・契約 相談窓口 よくある 質問 イベント 市営バス あさぴー号 組織でさがす カレンダーでさがす "
"尾張旭市","23226","34","200","申請・届出","https://www.city.owariasahi.lg.jp/life/sub/3/","申請・届出 - 尾張旭市公式ホームページ ページの先頭です。 メニューを飛ばして本文へ メニュー 閉じる さがす 閉じる オンライン 手続き 本文へ ご利用ガイド サイトマップ language 文字サイズ 標準 拡大 背景色 白 黒 青 キーワード 検索 Googleカスタム検索 検索対象 すべて ページ PDF ページID 検索 ライフイベントでさがす 高齢者 妊娠・出産 子育て 入園・入学 就職・退職 結婚・離婚 引っ越し おくやみ 目的からさがす 申請書一覧 施設 ごみ・ リサイクル 入札・契約 相談窓口 よくある 質問 イベント 市営バス あさぴー号 組織でさがす カレンダーでさがす"
"尾張旭市","23226","34","200","住民票・戸籍","https://www.city.owariasahi.lg.jp/life/sub/3/1/","住民票・戸籍 - 尾張旭市公式ホームページ ページの先頭です。 メニューを飛ばして本文へ メニュー 閉じる さがす 閉じる オンライン 手続き 本文へ ご利用ガイド サイトマップ language 文字サイズ 標準 拡大 背景色 白 黒 青 キーワード 検索 Googleカスタム検索 検索対象 すべて ページ PDF ページID 検索 ライフイベントでさがす 高齢者 妊娠・出産 子育て 入園・入学 就職・退職 結婚・離婚 引っ越し おくやみ 目的からさがす 申請書一覧 施設 ごみ・ リサイクル 入札・契約 相談窓口 よくある 質問 イベント 市営バス あさぴー号 組織でさがす カレンダーでさが"
"尾張旭市","23226","34","200","引っ越し","https://www.city.owariasahi.lg.jp/life/sub/3/1/8/","引っ越し - 尾張旭市公式ホームページ ページの先頭です。 メニューを飛ばして本文へ メニュー 閉じる さがす 閉じる オンライン 手続き 本文へ ご利用ガイド サイトマップ language 文字サイズ 標準 拡大 背景色 白 黒 青 キーワード 検索 Googleカスタム検索 検索対象 すべて ページ PDF ページID 検索 ライフイベントでさがす 高齢者 妊娠・出産 子育て 入園・入学 就職・退職 結婚・離婚 引っ越し おくやみ 目的からさがす 申請書一覧 施設 ごみ・ リサイクル 入札・契約 相談窓口 よくある 質問 イベント 市営バス あさぴー号 組織でさがす カレンダーでさがす "
"尾張旭市","23226","34","200","道路・河川","https://www.city.owariasahi.lg.jp/life/sub/3/11/","道路・河川 - 尾張旭市公式ホームページ ページの先頭です。 メニューを飛ばして本文へ メニュー 閉じる さがす 閉じる オンライン 手続き 本文へ ご利用ガイド サイトマップ language 文字サイズ 標準 拡大 背景色 白 黒 青 キーワード 検索 Googleカスタム検索 検索対象 すべて ページ PDF ページID 検索 ライフイベントでさがす 高齢者 妊娠・出産 子育て 入園・入学 就職・退職 結婚・離婚 引っ越し おくやみ 目的からさがす 申請書一覧 施設 ごみ・ リサイクル 入札・契約 相談窓口 よくある 質問 イベント 市営バス あさぴー号 組織でさがす カレンダーでさがす"
"尾張旭市","23226","34","200","交通機関","https://www.city.owariasahi.lg.jp/life/sub/3/12/","交通機関 - 尾張旭市公式ホームページ ページの先頭です。 メニューを飛ばして本文へ メニュー 閉じる さがす 閉じる オンライン 手続き 本文へ ご利用ガイド サイトマップ language 文字サイズ 標準 拡大 背景色 白 黒 青 キーワード 検索 Googleカスタム検索 検索対象 すべて ページ PDF ページID 検索 ライフイベントでさがす 高齢者 妊娠・出産 子育て 入園・入学 就職・退職 結婚・離婚 引っ越し おくやみ 目的からさがす 申請書一覧 施設 ごみ・ リサイクル 入札・契約 相談窓口 よくある 質問 イベント 市営バス あさぴー号 組織でさがす カレンダーでさがす "
"尾張旭市","23226","34","200","上水道・下水道","https://www.city.owariasahi.lg.jp/life/sub/3/13/","上水道・下水道 - 尾張旭市公式ホームページ ページの先頭です。 メニューを飛ばして本文へ メニュー 閉じる さがす 閉じる オンライン 手続き 本文へ ご利用ガイド サイトマップ language 文字サイズ 標準 拡大 背景色 白 黒 青 キーワード 検索 Googleカスタム検索 検索対象 すべて ページ PDF ページID 検索 ライフイベントでさがす 高齢者 妊娠・出産 子育て 入園・入学 就職・退職 結婚・離婚 引っ越し おくやみ 目的からさがす 申請書一覧 施設 ごみ・ リサイクル 入札・契約 相談窓口 よくある 質問 イベント 市営バス あさぴー号 組織でさがす カレンダーでさ"
"尾張旭市","23226","34","200","都市計画","https://www.city.owariasahi.lg.jp/life/sub/3/14/","都市計画 - 尾張旭市公式ホームページ ページの先頭です。 メニューを飛ばして本文へ メニュー 閉じる さがす 閉じる オンライン 手続き 本文へ ご利用ガイド サイトマップ language 文字サイズ 標準 拡大 背景色 白 黒 青 キーワード 検索 Googleカスタム検索 検索対象 すべて ページ PDF ページID 検索 ライフイベントでさがす 高齢者 妊娠・出産 子育て 入園・入学 就職・退職 結婚・離婚 引っ越し おくやみ 目的からさがす 申請書一覧 施設 ごみ・ リサイクル 入札・契約 相談窓口 よくある 質問 イベント 市営バス あさぴー号 組織でさがす カレンダーでさがす "
"尾張旭市","23226","34","200","防災","https://www.city.owariasahi.lg.jp/life/sub/3/15/","防災 - 尾張旭市公式ホームページ ページの先頭です。 メニューを飛ばして本文へ メニュー 閉じる さがす 閉じる オンライン 手続き 本文へ ご利用ガイド サイトマップ language 文字サイズ 標準 拡大 背景色 白 黒 青 キーワード 検索 Googleカスタム検索 検索対象 すべて ページ PDF ページID 検索 ライフイベントでさがす 高齢者 妊娠・出産 子育て 入園・入学 就職・退職 結婚・離婚 引っ越し おくやみ 目的からさがす 申請書一覧 施設 ごみ・ リサイクル 入札・契約 相談窓口 よくある 質問 イベント 市営バス あさぴー号 組織でさがす カレンダーでさがす 地図"
"尾張旭市","23226","34","200","防犯・安全","https://www.city.owariasahi.lg.jp/life/sub/3/17/","防犯・安全 - 尾張旭市公式ホームページ ページの先頭です。 メニューを飛ばして本文へ メニュー 閉じる さがす 閉じる オンライン 手続き 本文へ ご利用ガイド サイトマップ language 文字サイズ 標準 拡大 背景色 白 黒 青 キーワード 検索 Googleカスタム検索 検索対象 すべて ページ PDF ページID 検索 ライフイベントでさがす 高齢者 妊娠・出産 子育て 入園・入学 就職・退職 結婚・離婚 引っ越し おくやみ 目的からさがす 申請書一覧 施設 ごみ・ リサイクル 入札・契約 相談窓口 よくある 質問 イベント 市営バス あさぴー号 組織でさがす カレンダーでさがす"
"尾張旭市","23226","34","200","ごみ・し尿","https://www.city.owariasahi.lg.jp/life/sub/3/18/","ごみ・し尿 - 尾張旭市公式ホームページ ページの先頭です。 メニューを飛ばして本文へ メニュー 閉じる さがす 閉じる オンライン 手続き 本文へ ご利用ガイド サイトマップ language 文字サイズ 標準 拡大 背景色 白 黒 青 キーワード 検索 Googleカスタム検索 検索対象 すべて ページ PDF ページID 検索 ライフイベントでさがす 高齢者 妊娠・出産 子育て 入園・入学 就職・退職 結婚・離婚 引っ越し おくやみ 目的からさがす 申請書一覧 施設 ごみ・ リサイクル 入札・契約 相談窓口 よくある 質問 イベント 市営バス あさぴー号 組織でさがす カレンダーでさがす"
"尾張旭市","23226","34","200","税金","https://www.city.owariasahi.lg.jp/life/sub/3/2/","税金 - 尾張旭市公式ホームページ ページの先頭です。 メニューを飛ばして本文へ メニュー 閉じる さがす 閉じる オンライン 手続き 本文へ ご利用ガイド サイトマップ language 文字サイズ 標準 拡大 背景色 白 黒 青 キーワード 検索 Googleカスタム検索 検索対象 すべて ページ PDF ページID 検索 ライフイベントでさがす 高齢者 妊娠・出産 子育て 入園・入学 就職・退職 結婚・離婚 引っ越し おくやみ 目的からさがす 申請書一覧 施設 ごみ・ リサイクル 入札・契約 相談窓口 よくある 質問 イベント 市営バス あさぴー号 組織でさがす カレンダーでさがす 地図"
"尾張旭市","23226","34","200","動物・植物","https://www.city.owariasahi.lg.jp/life/sub/3/20/","動物・植物 - 尾張旭市公式ホームページ ページの先頭です。 メニューを飛ばして本文へ メニュー 閉じる さがす 閉じる オンライン 手続き 本文へ ご利用ガイド サイトマップ language 文字サイズ 標準 拡大 背景色 白 黒 青 キーワード 検索 Googleカスタム検索 検索対象 すべて ページ PDF ページID 検索 ライフイベントでさがす 高齢者 妊娠・出産 子育て 入園・入学 就職・退職 結婚・離婚 引っ越し おくやみ 目的からさがす 申請書一覧 施設 ごみ・ リサイクル 入札・契約 相談窓口 よくある 質問 イベント 市営バス あさぴー号 組織でさがす カレンダーでさがす"
"尾張旭市","23226","34","200","コミュニティ・協働","https://www.city.owariasahi.lg.jp/life/sub/3/23/","コミュニティ・協働 - 尾張旭市公式ホームページ ページの先頭です。 メニューを飛ばして本文へ メニュー 閉じる さがす 閉じる オンライン 手続き 本文へ ご利用ガイド サイトマップ language 文字サイズ 標準 拡大 背景色 白 黒 青 キーワード 検索 Googleカスタム検索 検索対象 すべて ページ PDF ページID 検索 ライフイベントでさがす 高齢者 妊娠・出産 子育て 入園・入学 就職・退職 結婚・離婚 引っ越し おくやみ 目的からさがす 申請書一覧 施設 ごみ・ リサイクル 入札・契約 相談窓口 よくある 質問 イベント 市営バス あさぴー号 組織でさがす カレンダー"
"尾張旭市","23226","34","200","市の取り組み","https://www.city.owariasahi.lg.jp/life/sub/3/27/","市の取り組み - 尾張旭市公式ホームページ ページの先頭です。 メニューを飛ばして本文へ メニュー 閉じる さがす 閉じる オンライン 手続き 本文へ ご利用ガイド サイトマップ language 文字サイズ 標準 拡大 背景色 白 黒 青 キーワード 検索 Googleカスタム検索 検索対象 すべて ページ PDF ページID 検索 ライフイベントでさがす 高齢者 妊娠・出産 子育て 入園・入学 就職・退職 結婚・離婚 引っ越し おくやみ 目的からさがす 申請書一覧 施設 ごみ・ リサイクル 入札・契約 相談窓口 よくある 質問 イベント 市営バス あさぴー号 組織でさがす カレンダーでさが"
"尾張旭市","23226","34","200","市政運営","https://www.city.owariasahi.lg.jp/life/sub/3/28/","市政運営 - 尾張旭市公式ホームページ ページの先頭です。 メニューを飛ばして本文へ メニュー 閉じる さがす 閉じる オンライン 手続き 本文へ ご利用ガイド サイトマップ language 文字サイズ 標準 拡大 背景色 白 黒 青 キーワード 検索 Googleカスタム検索 検索対象 すべて ページ PDF ページID 検索 ライフイベントでさがす 高齢者 妊娠・出産 子育て 入園・入学 就職・退職 結婚・離婚 引っ越し おくやみ 目的からさがす 申請書一覧 施設 ごみ・ リサイクル 入札・契約 相談窓口 よくある 質問 イベント 市営バス あさぴー号 組織でさがす カレンダーでさがす "
"尾張旭市","23226","34","200","健康・医療","https://www.city.owariasahi.lg.jp/life/sub/3/4/","健康・医療 - 尾張旭市公式ホームページ ページの先頭です。 メニューを飛ばして本文へ メニュー 閉じる さがす 閉じる オンライン 手続き 本文へ ご利用ガイド サイトマップ language 文字サイズ 標準 拡大 背景色 白 黒 青 キーワード 検索 Googleカスタム検索 検索対象 すべて ページ PDF ページID 検索 ライフイベントでさがす 高齢者 妊娠・出産 子育て 入園・入学 就職・退職 結婚・離婚 引っ越し おくやみ 目的からさがす 申請書一覧 施設 ごみ・ リサイクル 入札・契約 相談窓口 よくある 質問 イベント 市営バス あさぴー号 組織でさがす カレンダーでさがす"
"尾張旭市","23226","34","200","保険・年金","https://www.city.owariasahi.lg.jp/life/sub/3/5/","保険・年金 - 尾張旭市公式ホームページ ページの先頭です。 メニューを飛ばして本文へ メニュー 閉じる さがす 閉じる オンライン 手続き 本文へ ご利用ガイド サイトマップ language 文字サイズ 標準 拡大 背景色 白 黒 青 キーワード 検索 Googleカスタム検索 検索対象 すべて ページ PDF ページID 検索 ライフイベントでさがす 高齢者 妊娠・出産 子育て 入園・入学 就職・退職 結婚・離婚 引っ越し おくやみ 目的からさがす 申請書一覧 施設 ごみ・ リサイクル 入札・契約 相談窓口 よくある 質問 イベント 市営バス あさぴー号 組織でさがす カレンダーでさがす"
"尾張旭市","23226","34","200","子育て","https://www.city.owariasahi.lg.jp/life/sub/3/7/","子育て - 尾張旭市公式ホームページ ページの先頭です。 メニューを飛ばして本文へ メニュー 閉じる さがす 閉じる オンライン 手続き 本文へ ご利用ガイド サイトマップ language 文字サイズ 標準 拡大 背景色 白 黒 青 キーワード 検索 Googleカスタム検索 検索対象 すべて ページ PDF ページID 検索 ライフイベントでさがす 高齢者 妊娠・出産 子育て 入園・入学 就職・退職 結婚・離婚 引っ越し おくやみ 目的からさがす 申請書一覧 施設 ごみ・ リサイクル 入札・契約 相談窓口 よくある 質問 イベント 市営バス あさぴー号 組織でさがす カレンダーでさがす 地"
"尾張旭市","23226","34","200","教育","https://www.city.owariasahi.lg.jp/life/sub/3/8/","教育 - 尾張旭市公式ホームページ ページの先頭です。 メニューを飛ばして本文へ メニュー 閉じる さがす 閉じる オンライン 手続き 本文へ ご利用ガイド サイトマップ language 文字サイズ 標準 拡大 背景色 白 黒 青 キーワード 検索 Googleカスタム検索 検索対象 すべて ページ PDF ページID 検索 ライフイベントでさがす 高齢者 妊娠・出産 子育て 入園・入学 就職・退職 結婚・離婚 引っ越し おくやみ 目的からさがす 申請書一覧 施設 ごみ・ リサイクル 入札・契約 相談窓口 よくある 質問 イベント 市営バス あさぴー号 組織でさがす カレンダーでさがす 地図"
"尾張旭市","23226","34","200","生涯学習・文化・スポーツ","https://www.city.owariasahi.lg.jp/life/sub/3/9/","生涯学習・文化・スポーツ - 尾張旭市公式ホームページ ページの先頭です。 メニューを飛ばして本文へ メニュー 閉じる さがす 閉じる オンライン 手続き 本文へ ご利用ガイド サイトマップ language 文字サイズ 標準 拡大 背景色 白 黒 青 キーワード 検索 Googleカスタム検索 検索対象 すべて ページ PDF ページID 検索 ライフイベントでさがす 高齢者 妊娠・出産 子育て 入園・入学 就職・退職 結婚・離婚 引っ越し おくやみ 目的からさがす 申請書一覧 施設 ごみ・ リサイクル 入札・契約 相談窓口 よくある 質問 イベント 市営バス あさぴー号 組織でさがす カレ"
"尾張旭市","23226","34","200","申請・届出","https://www.city.owariasahi.lg.jp/life/sub/3/index-2.html","申請・届出 - 尾張旭市公式ホームページ ページの先頭です。 メニューを飛ばして本文へ メニュー 閉じる さがす 閉じる オンライン 手続き 本文へ ご利用ガイド サイトマップ language 文字サイズ 標準 拡大 背景色 白 黒 青 キーワード 検索 Googleカスタム検索 検索対象 すべて ページ PDF ページID 検索 ライフイベントでさがす 高齢者 妊娠・出産 子育て 入園・入学 就職・退職 結婚・離婚 引っ越し おくやみ 目的からさがす 申請書一覧 施設 ごみ・ リサイクル 入札・契約 相談窓口 よくある 質問 イベント 市営バス あさぴー号 組織でさがす カレンダーでさがす"
"尾張旭市","23226","34","200","動画","https://www.city.owariasahi.lg.jp/life/sub/7/","動画 - 尾張旭市公式ホームページ ページの先頭です。 メニューを飛ばして本文へ メニュー 閉じる さがす 閉じる オンライン 手続き 本文へ ご利用ガイド サイトマップ language 文字サイズ 標準 拡大 背景色 白 黒 青 キーワード 検索 Googleカスタム検索 検索対象 すべて ページ PDF ページID 検索 ライフイベントでさがす 高齢者 妊娠・出産 子育て 入園・入学 就職・退職 結婚・離婚 引っ越し おくやみ 目的からさがす 申請書一覧 施設 ごみ・ リサイクル 入札・契約 相談窓口 よくある 質問 イベント 市営バス あさぴー号 組織でさがす カレンダーでさがす 地図"
"尾張旭市","23226","34","200","地図でさがす","https://www.city.owariasahi.lg.jp/map/","地図でさがす - 尾張旭市公式ホームページ ページの先頭です。 メニューを飛ばして本文へ メニュー 閉じる さがす 閉じる オンライン 手続き 本文へ ご利用ガイド サイトマップ language 文字サイズ 標準 拡大 背景色 白 黒 青 キーワード 検索 Googleカスタム検索 検索対象 すべて ページ PDF ページID 検索 ライフイベントでさがす 高齢者 妊娠・出産 子育て 入園・入学 就職・退職 結婚・離婚 引っ越し おくやみ 目的からさがす 申請書一覧 施設 ごみ・ リサイクル 入札・契約 相談窓口 よくある 質問 イベント 市営バス あさぴー号 組織でさがす カレンダーでさが"
"尾張旭市","23226","34","200","尾張旭市役所","https://www.city.owariasahi.lg.jp/map/6421.html","尾張旭市役所 - 尾張旭市公式ホームページ（広報戦略課） ページの先頭です。 メニューを飛ばして本文へ メニュー 閉じる さがす 閉じる オンライン 手続き 本文へ ご利用ガイド サイトマップ language 文字サイズ 標準 拡大 背景色 白 黒 青 キーワード 検索 Googleカスタム検索 検索対象 すべて ページ PDF ページID 検索 ライフイベントでさがす 高齢者 妊娠・出産 子育て 入園・入学 就職・退職 結婚・離婚 引っ越し おくやみ 目的からさがす 申請書一覧 施設 ごみ・ リサイクル 入札・契約 相談窓口 よくある 質問 イベント 市営バス あさぴー号 組織でさがす カ"
"尾張旭市","23226","34","200","こどもの発達センター にこにこ","https://www.city.owariasahi.lg.jp/map/6492.html","こどもの発達センター にこにこ - 尾張旭市公式ホームページ（広報戦略課） ページの先頭です。 メニューを飛ばして本文へ メニュー 閉じる さがす 閉じる オンライン 手続き 本文へ ご利用ガイド サイトマップ language 文字サイズ 標準 拡大 背景色 白 黒 青 キーワード 検索 Googleカスタム検索 検索対象 すべて ページ PDF ページID 検索 ライフイベントでさがす 高齢者 妊娠・出産 子育て 入園・入学 就職・退職 結婚・離婚 引っ越し おくやみ 目的からさがす 申請書一覧 施設 ごみ・ リサイクル 入札・契約 相談窓口 よくある 質問 イベント 市営バス あさぴー号"
"尾張旭市","23226","34","200","マイナポータルからオンラインで転出届を提出できます","https://www.city.owariasahi.lg.jp/page/12734.html","マイナポータルからオンラインで転出届を提出できます - 尾張旭市公式ホームページ（市民課） ページの先頭です。 メニューを飛ばして本文へ メニュー 閉じる さがす 閉じる オンライン 手続き 本文へ ご利用ガイド サイトマップ language 文字サイズ 標準 拡大 背景色 白 黒 青 キーワード 検索 Googleカスタム検索 検索対象 すべて ページ PDF ページID 検索 ライフイベントでさがす 高齢者 妊娠・出産 子育て 入園・入学 就職・退職 結婚・離婚 引っ越し おくやみ 目的からさがす 申請書一覧 施設 ごみ・ リサイクル 入札・契約 相談窓口 よくある 質問 イベント 市営"
"尾張旭市","23226","34","200","少年センターでメール相談、電話相談を行っています","https://www.city.owariasahi.lg.jp/page/14319.html","少年センターでメール相談、電話相談を行っています - 尾張旭市公式ホームページ（少年センター） ページの先頭です。 メニューを飛ばして本文へ メニュー 閉じる さがす 閉じる オンライン 手続き 本文へ ご利用ガイド サイトマップ language 文字サイズ 標準 拡大 背景色 白 黒 青 キーワード 検索 Googleカスタム検索 検索対象 すべて ページ PDF ページID 検索 ライフイベントでさがす 高齢者 妊娠・出産 子育て 入園・入学 就職・退職 結婚・離婚 引っ越し おくやみ 目的からさがす 申請書一覧 施設 ごみ・ リサイクル 入札・契約 相談窓口 よくある 質問 イベント "
"尾張旭市","23226","34","200","税務職員をかたる不審者の電話にご注意ください","https://www.city.owariasahi.lg.jp/page/1491.html","税務職員をかたる不審者の電話にご注意ください - 尾張旭市公式ホームページ（税務課） ページの先頭です。 メニューを飛ばして本文へ メニュー 閉じる さがす 閉じる オンライン 手続き 本文へ ご利用ガイド サイトマップ language 文字サイズ 標準 拡大 背景色 白 黒 青 キーワード 検索 Googleカスタム検索 検索対象 すべて ページ PDF ページID 検索 ライフイベントでさがす 高齢者 妊娠・出産 子育て 入園・入学 就職・退職 結婚・離婚 引っ越し おくやみ 目的からさがす 申請書一覧 施設 ごみ・ リサイクル 入札・契約 相談窓口 よくある 質問 イベント 市営バス "
"尾張旭市","23226","34","200","日曜窓口のご案内","https://www.city.owariasahi.lg.jp/page/1754.html","日曜窓口のご案内 - 尾張旭市公式ホームページ（市民課） ページの先頭です。 メニューを飛ばして本文へ メニュー 閉じる さがす 閉じる オンライン 手続き 本文へ ご利用ガイド サイトマップ language 文字サイズ 標準 拡大 背景色 白 黒 青 キーワード 検索 Googleカスタム検索 検索対象 すべて ページ PDF ページID 検索 ライフイベントでさがす 高齢者 妊娠・出産 子育て 入園・入学 就職・退職 結婚・離婚 引っ越し おくやみ 目的からさがす 申請書一覧 施設 ごみ・ リサイクル 入札・契約 相談窓口 よくある 質問 イベント 市営バス あさぴー号 組織でさがす カ"
"尾張旭市","23226","34","200","国外からの転入","https://www.city.owariasahi.lg.jp/page/1765.html","国外からの転入 - 尾張旭市公式ホームページ（市民課） ページの先頭です。 メニューを飛ばして本文へ メニュー 閉じる さがす 閉じる オンライン 手続き 本文へ ご利用ガイド サイトマップ language 文字サイズ 標準 拡大 背景色 白 黒 青 キーワード 検索 Googleカスタム検索 検索対象 すべて ページ PDF ページID 検索 ライフイベントでさがす 高齢者 妊娠・出産 子育て 入園・入学 就職・退職 結婚・離婚 引っ越し おくやみ 目的からさがす 申請書一覧 施設 ごみ・ リサイクル 入札・契約 相談窓口 よくある 質問 イベント 市営バス あさぴー号 組織でさがす カレ"
"尾張旭市","23226","34","200","復元古民家について","https://www.city.owariasahi.lg.jp/page/1896.html","復元古民家について - 尾張旭市公式ホームページ（生涯学習課） ページの先頭です。 メニューを飛ばして本文へ メニュー 閉じる さがす 閉じる オンライン 手続き 本文へ ご利用ガイド サイトマップ language 文字サイズ 標準 拡大 背景色 白 黒 青 キーワード 検索 Googleカスタム検索 検索対象 すべて ページ PDF ページID 検索 ライフイベントでさがす 高齢者 妊娠・出産 子育て 入園・入学 就職・退職 結婚・離婚 引っ越し おくやみ 目的からさがす 申請書一覧 施設 ごみ・ リサイクル 入札・契約 相談窓口 よくある 質問 イベント 市営バス あさぴー号 組織でさが"
"尾張旭市","23226","34","200","市民課窓口業務の一部が事業者委託に変わりました","https://www.city.owariasahi.lg.jp/page/20566.html","市民課窓口業務の一部が事業者委託に変わりました - 尾張旭市公式ホームページ（市民課） ページの先頭です。 メニューを飛ばして本文へ メニュー 閉じる さがす 閉じる オンライン 手続き 本文へ ご利用ガイド サイトマップ language 文字サイズ 標準 拡大 背景色 白 黒 青 キーワード 検索 Googleカスタム検索 検索対象 すべて ページ PDF ページID 検索 ライフイベントでさがす 高齢者 妊娠・出産 子育て 入園・入学 就職・退職 結婚・離婚 引っ越し おくやみ 目的からさがす 申請書一覧 施設 ごみ・ リサイクル 入札・契約 相談窓口 よくある 質問 イベント 市営バス"
"尾張旭市","23226","34","200","公的機関を装った架空請求にご注意を","https://www.city.owariasahi.lg.jp/page/2212.html","公的機関を装った架空請求にご注意を - 尾張旭市公式ホームページ（市民活動課） ページの先頭です。 メニューを飛ばして本文へ メニュー 閉じる さがす 閉じる オンライン 手続き 本文へ ご利用ガイド サイトマップ language 文字サイズ 標準 拡大 背景色 白 黒 青 キーワード 検索 Googleカスタム検索 検索対象 すべて ページ PDF ページID 検索 ライフイベントでさがす 高齢者 妊娠・出産 子育て 入園・入学 就職・退職 結婚・離婚 引っ越し おくやみ 目的からさがす 申請書一覧 施設 ごみ・ リサイクル 入札・契約 相談窓口 よくある 質問 イベント 市営バス あさぴ"
"尾張旭市","23226","34","200","浄化センターの概要","https://www.city.owariasahi.lg.jp/page/2256.html","浄化センターの概要 - 尾張旭市公式ホームページ（浄化センター） ページの先頭です。 メニューを飛ばして本文へ メニュー 閉じる さがす 閉じる オンライン 手続き 本文へ ご利用ガイド サイトマップ language 文字サイズ 標準 拡大 背景色 白 黒 青 キーワード 検索 Googleカスタム検索 検索対象 すべて ページ PDF ページID 検索 ライフイベントでさがす 高齢者 妊娠・出産 子育て 入園・入学 就職・退職 結婚・離婚 引っ越し おくやみ 目的からさがす 申請書一覧 施設 ごみ・ リサイクル 入札・契約 相談窓口 よくある 質問 イベント 市営バス あさぴー号 組織でさ"
"尾張旭市","23226","34","200","行政相談","https://www.city.owariasahi.lg.jp/page/2603.html","行政相談 - 尾張旭市公式ホームページ（総務課） ページの先頭です。 メニューを飛ばして本文へ メニュー 閉じる さがす 閉じる オンライン 手続き 本文へ ご利用ガイド サイトマップ language 文字サイズ 標準 拡大 背景色 白 黒 青 キーワード 検索 Googleカスタム検索 検索対象 すべて ページ PDF ページID 検索 ライフイベントでさがす 高齢者 妊娠・出産 子育て 入園・入学 就職・退職 結婚・離婚 引っ越し おくやみ 目的からさがす 申請書一覧 施設 ごみ・ リサイクル 入札・契約 相談窓口 よくある 質問 イベント 市営バス あさぴー号 組織でさがす カレンダー"
"尾張旭市","23226","34","200","人権こまりごと相談","https://www.city.owariasahi.lg.jp/page/2607.html","人権こまりごと相談 - 尾張旭市公式ホームページ（暮らし政策課） ページの先頭です。 メニューを飛ばして本文へ メニュー 閉じる さがす 閉じる オンライン 手続き 本文へ ご利用ガイド サイトマップ language 文字サイズ 標準 拡大 背景色 白 黒 青 キーワード 検索 Googleカスタム検索 検索対象 すべて ページ PDF ページID 検索 ライフイベントでさがす 高齢者 妊娠・出産 子育て 入園・入学 就職・退職 結婚・離婚 引っ越し おくやみ 目的からさがす 申請書一覧 施設 ごみ・ リサイクル 入札・契約 相談窓口 よくある 質問 イベント 市営バス あさぴー号 組織でさ"
"尾張旭市","23226","34","200","国外から転入する届出について教えてください。","https://www.city.owariasahi.lg.jp/page/2714.html","国外から転入する届出について教えてください。 - 尾張旭市公式ホームページ（市民課） ページの先頭です。 メニューを飛ばして本文へ メニュー 閉じる さがす 閉じる オンライン 手続き 本文へ ご利用ガイド サイトマップ language 文字サイズ 標準 拡大 背景色 白 黒 青 キーワード 検索 Googleカスタム検索 検索対象 すべて ページ PDF ページID 検索 ライフイベントでさがす 高齢者 妊娠・出産 子育て 入園・入学 就職・退職 結婚・離婚 引っ越し おくやみ 目的からさがす 申請書一覧 施設 ごみ・ リサイクル 入札・契約 相談窓口 よくある 質問 イベント 市営バス "
"尾張旭市","23226","34","200","市外から転入しましたが、前住所地の印鑑登録カードは使用できますか？","https://www.city.owariasahi.lg.jp/page/2715.html","市外から転入しましたが、前住所地の印鑑登録カードは使用できますか？ - 尾張旭市公式ホームページ（市民課） ページの先頭です。 メニューを飛ばして本文へ メニュー 閉じる さがす 閉じる オンライン 手続き 本文へ ご利用ガイド サイトマップ language 文字サイズ 標準 拡大 背景色 白 黒 青 キーワード 検索 Googleカスタム検索 検索対象 すべて ページ PDF ページID 検索 ライフイベントでさがす 高齢者 妊娠・出産 子育て 入園・入学 就職・退職 結婚・離婚 引っ越し おくやみ 目的からさがす 申請書一覧 施設 ごみ・ リサイクル 入札・契約 相談窓口 よくある 質問"
"尾張旭市","23226","34","200","転入時に必要な書類等を教えてください。","https://www.city.owariasahi.lg.jp/page/2721.html","転入時に必要な書類等を教えてください。 - 尾張旭市公式ホームページ（市民課） ページの先頭です。 メニューを飛ばして本文へ メニュー 閉じる さがす 閉じる オンライン 手続き 本文へ ご利用ガイド サイトマップ language 文字サイズ 標準 拡大 背景色 白 黒 青 キーワード 検索 Googleカスタム検索 検索対象 すべて ページ PDF ページID 検索 ライフイベントでさがす 高齢者 妊娠・出産 子育て 入園・入学 就職・退職 結婚・離婚 引っ越し おくやみ 目的からさがす 申請書一覧 施設 ごみ・ リサイクル 入札・契約 相談窓口 よくある 質問 イベント 市営バス あさぴ"
"尾張旭市","23226","34","200","転出時に必要な書類等を教えてください。","https://www.city.owariasahi.lg.jp/page/2722.html","転出時に必要な書類等を教えてください。 - 尾張旭市公式ホームページ（市民課） ページの先頭です。 メニューを飛ばして本文へ メニュー 閉じる さがす 閉じる オンライン 手続き 本文へ ご利用ガイド サイトマップ language 文字サイズ 標準 拡大 背景色 白 黒 青 キーワード 検索 Googleカスタム検索 検索対象 すべて ページ PDF ページID 検索 ライフイベントでさがす 高齢者 妊娠・出産 子育て 入園・入学 就職・退職 結婚・離婚 引っ越し おくやみ 目的からさがす 申請書一覧 施設 ごみ・ リサイクル 入札・契約 相談窓口 よくある 質問 イベント 市営バス あさぴ"
"尾張旭市","23226","34","200","婚姻届はどこで出せますか？","https://www.city.owariasahi.lg.jp/page/2723.html","婚姻届はどこで出せますか？ - 尾張旭市公式ホームページ（市民課） ページの先頭です。 メニューを飛ばして本文へ メニュー 閉じる さがす 閉じる オンライン 手続き 本文へ ご利用ガイド サイトマップ language 文字サイズ 標準 拡大 背景色 白 黒 青 キーワード 検索 Googleカスタム検索 検索対象 すべて ページ PDF ページID 検索 ライフイベントでさがす 高齢者 妊娠・出産 子育て 入園・入学 就職・退職 結婚・離婚 引っ越し おくやみ 目的からさがす 申請書一覧 施設 ごみ・ リサイクル 入札・契約 相談窓口 よくある 質問 イベント 市営バス あさぴー号 組織で"
"尾張旭市","23226","34","200","妊娠しました。どのような手続きが必要ですか？","https://www.city.owariasahi.lg.jp/page/2724.html","妊娠しました。どのような手続きが必要ですか？ - 尾張旭市公式ホームページ（こども家庭課） ページの先頭です。 メニューを飛ばして本文へ メニュー 閉じる さがす 閉じる オンライン 手続き 本文へ ご利用ガイド サイトマップ language 文字サイズ 標準 拡大 背景色 白 黒 青 キーワード 検索 Googleカスタム検索 検索対象 すべて ページ PDF ページID 検索 ライフイベントでさがす 高齢者 妊娠・出産 子育て 入園・入学 就職・退職 結婚・離婚 引っ越し おくやみ 目的からさがす 申請書一覧 施設 ごみ・ リサイクル 入札・契約 相談窓口 よくある 質問 イベント 市営"
"尾張旭市","23226","34","200","戸籍証明書の広域交付","https://www.city.owariasahi.lg.jp/page/28517.html","戸籍証明書の広域交付 - 尾張旭市公式ホームページ（市民課） ページの先頭です。 メニューを飛ばして本文へ メニュー 閉じる さがす 閉じる オンライン 手続き 本文へ ご利用ガイド サイトマップ language 文字サイズ 標準 拡大 背景色 白 黒 青 キーワード 検索 Googleカスタム検索 検索対象 すべて ページ PDF ページID 検索 ライフイベントでさがす 高齢者 妊娠・出産 子育て 入園・入学 就職・退職 結婚・離婚 引っ越し おくやみ 目的からさがす 申請書一覧 施設 ごみ・ リサイクル 入札・契約 相談窓口 よくある 質問 イベント 市営バス あさぴー号 組織でさがす"
"尾張旭市","23226","34","200","公有財産売却","https://www.city.owariasahi.lg.jp/page/29028.html","公有財産売却 - 尾張旭市公式ホームページ（総務課） ページの先頭です。 メニューを飛ばして本文へ メニュー 閉じる さがす 閉じる オンライン 手続き 本文へ ご利用ガイド サイトマップ language 文字サイズ 標準 拡大 背景色 白 黒 青 キーワード 検索 Googleカスタム検索 検索対象 すべて ページ PDF ページID 検索 ライフイベントでさがす 高齢者 妊娠・出産 子育て 入園・入学 就職・退職 結婚・離婚 引っ越し おくやみ 目的からさがす 申請書一覧 施設 ごみ・ リサイクル 入札・契約 相談窓口 よくある 質問 イベント 市営バス あさぴー号 組織でさがす カレン"
"尾張旭市","23226","34","200","公有財産（市有地）売却","https://www.city.owariasahi.lg.jp/page/3291.html","公有財産（市有地）売却 - 尾張旭市公式ホームページ（財政課） ページの先頭です。 メニューを飛ばして本文へ メニュー 閉じる さがす 閉じる オンライン 手続き 本文へ ご利用ガイド サイトマップ language 文字サイズ 標準 拡大 背景色 白 黒 青 キーワード 検索 Googleカスタム検索 検索対象 すべて ページ PDF ページID 検索 ライフイベントでさがす 高齢者 妊娠・出産 子育て 入園・入学 就職・退職 結婚・離婚 引っ越し おくやみ 目的からさがす 申請書一覧 施設 ごみ・ リサイクル 入札・契約 相談窓口 よくある 質問 イベント 市営バス あさぴー号 組織でさが"
"尾張旭市","23226","34","200","インターネット市有財産売却","https://www.city.owariasahi.lg.jp/page/3294.html","インターネット市有財産売却 - 尾張旭市公式ホームページ（財政課） ページの先頭です。 メニューを飛ばして本文へ メニュー 閉じる さがす 閉じる オンライン 手続き 本文へ ご利用ガイド サイトマップ language 文字サイズ 標準 拡大 背景色 白 黒 青 キーワード 検索 Googleカスタム検索 検索対象 すべて ページ PDF ページID 検索 ライフイベントでさがす 高齢者 妊娠・出産 子育て 入園・入学 就職・退職 結婚・離婚 引っ越し おくやみ 目的からさがす 申請書一覧 施設 ごみ・ リサイクル 入札・契約 相談窓口 よくある 質問 イベント 市営バス あさぴー号 組織で"
"尾張旭市","23226","34","200","女性の健康について","https://www.city.owariasahi.lg.jp/page/51255.html","女性の健康について - 尾張旭市公式ホームページ（暮らし政策課） ページの先頭です。 メニューを飛ばして本文へ メニュー 閉じる さがす 閉じる オンライン 手続き 本文へ ご利用ガイド サイトマップ language 文字サイズ 標準 拡大 背景色 白 黒 青 キーワード 検索 Googleカスタム検索 検索対象 すべて ページ PDF ページID 検索 ライフイベントでさがす 高齢者 妊娠・出産 子育て 入園・入学 就職・退職 結婚・離婚 引っ越し おくやみ 目的からさがす 申請書一覧 施設 ごみ・ リサイクル 入札・契約 相談窓口 よくある 質問 イベント 市営バス あさぴー号 組織でさ"
"尾張旭市","23226","34","200","尾張旭を盛り上げる市民団体","https://www.city.owariasahi.lg.jp/site/asahi-miryoku/15563.html","尾張旭を盛り上げる市民団体 - あさひの魅力サイト - 尾張旭市公式ホームページ（広報戦略課） ページの先頭です。 メニューを飛ばして本文へ JavaScriptが無効のため、文字の大きさ・背景色を変更する機能を使用できません。 本文へ ご利用ガイド サイトマップ language 文字サイズ 標準 拡大 背景色 白 黒 青 キーワード検索 Googleカスタム検索 検索対象 すべて ページ PDF ページID検索 尾張旭って どんなところ？ あさひの魅力 あさひの軌跡 あさひをのぞく 見どころマップ 現在地 トップページ > あさひの魅力サイト > あさひの軌跡 > あさひの芽 > 尾張旭を"
"尾張旭市","23226","34","200","一時避難場所について","https://www.city.owariasahi.lg.jp/site/bousai/39856.html","一時避難場所について - 防災 - 尾張旭市公式ホームページ（危機管理課） ページの先頭です。 メニューを飛ばして本文へ メニュー 閉じる さがす 閉じる オンライン 手続き 本文へ ご利用ガイド サイトマップ language 文字サイズ 標準 拡大 背景色 白 黒 青 キーワード 検索 Googleカスタム検索 検索対象 すべて ページ PDF ページID 検索 ライフイベントでさがす 高齢者 妊娠・出産 子育て 入園・入学 就職・退職 結婚・離婚 引っ越し おくやみ 目的からさがす 申請書一覧 施設 ごみ・ リサイクル 入札・契約 相談窓口 よくある 質問 イベント 市営バス あさぴー号"
"尾張旭市","23226","34","200","福祉避難所について","https://www.city.owariasahi.lg.jp/site/bousai/39860.html","福祉避難所について - 防災 - 尾張旭市公式ホームページ（危機管理課） ページの先頭です。 メニューを飛ばして本文へ メニュー 閉じる さがす 閉じる オンライン 手続き 本文へ ご利用ガイド サイトマップ language 文字サイズ 標準 拡大 背景色 白 黒 青 キーワード 検索 Googleカスタム検索 検索対象 すべて ページ PDF ページID 検索 ライフイベントでさがす 高齢者 妊娠・出産 子育て 入園・入学 就職・退職 結婚・離婚 引っ越し おくやみ 目的からさがす 申請書一覧 施設 ごみ・ リサイクル 入札・契約 相談窓口 よくある 質問 イベント 市営バス あさぴー号 "
"尾張旭市","23226","34","200","ごみ・リサイクル","https://www.city.owariasahi.lg.jp/site/gomi-recycle/","ごみ・リサイクル - 尾張旭市公式ホームページ（環境課） ページの先頭です。 メニューを飛ばして本文へ メニュー 閉じる さがす 閉じる オンライン 手続き 本文へ ご利用ガイド サイトマップ language 文字サイズ 標準 拡大 背景色 白 黒 青 キーワード 検索 Googleカスタム検索 検索対象 すべて ページ PDF ページID 検索 ライフイベントでさがす 高齢者 妊娠・出産 子育て 入園・入学 就職・退職 結婚・離婚 引っ越し おくやみ 目的からさがす 申請書一覧 施設 ごみ・ リサイクル 入札・契約 相談窓口 よくある 質問 イベント 市営バス あさぴー号 組織でさがす カ"
"尾張旭市","23226","34","200","荒天時のごみ収集","https://www.city.owariasahi.lg.jp/site/gomi-recycle/32954.html","荒天時のごみ収集 - ごみ・リサイクル - 尾張旭市公式ホームページ（環境事業センター） ページの先頭です。 メニューを飛ばして本文へ メニュー 閉じる さがす 閉じる オンライン 手続き 本文へ ご利用ガイド サイトマップ language 文字サイズ 標準 拡大 背景色 白 黒 青 キーワード 検索 Googleカスタム検索 検索対象 すべて ページ PDF ページID 検索 ライフイベントでさがす 高齢者 妊娠・出産 子育て 入園・入学 就職・退職 結婚・離婚 引っ越し おくやみ 目的からさがす 申請書一覧 施設 ごみ・ リサイクル 入札・契約 相談窓口 よくある 質問 イベント 市営バ"
"尾張旭市","23226","34","200","尾張旭市一般廃棄物収集運搬業許可業者","https://www.city.owariasahi.lg.jp/site/gomi-recycle/32955.html","尾張旭市一般廃棄物収集運搬業許可業者 - ごみ・リサイクル - 尾張旭市公式ホームページ（環境課） ページの先頭です。 メニューを飛ばして本文へ メニュー 閉じる さがす 閉じる オンライン 手続き 本文へ ご利用ガイド サイトマップ language 文字サイズ 標準 拡大 背景色 白 黒 青 キーワード 検索 Googleカスタム検索 検索対象 すべて ページ PDF ページID 検索 ライフイベントでさがす 高齢者 妊娠・出産 子育て 入園・入学 就職・退職 結婚・離婚 引っ越し おくやみ 目的からさがす 申請書一覧 施設 ごみ・ リサイクル 入札・契約 相談窓口 よくある 質問 イベン"
"尾張旭市","23226","34","200","燃えるごみの排出方法","https://www.city.owariasahi.lg.jp/site/gomi-recycle/32956.html","燃えるごみの排出方法 - ごみ・リサイクル - 尾張旭市公式ホームページ（環境課） ページの先頭です。 メニューを飛ばして本文へ メニュー 閉じる さがす 閉じる オンライン 手続き 本文へ ご利用ガイド サイトマップ language 文字サイズ 標準 拡大 背景色 白 黒 青 キーワード 検索 Googleカスタム検索 検索対象 すべて ページ PDF ページID 検索 ライフイベントでさがす 高齢者 妊娠・出産 子育て 入園・入学 就職・退職 結婚・離婚 引っ越し おくやみ 目的からさがす 申請書一覧 施設 ごみ・ リサイクル 入札・契約 相談窓口 よくある 質問 イベント 市営バス あ"
"尾張旭市","23226","34","200","燃えないごみの排出方法","https://www.city.owariasahi.lg.jp/site/gomi-recycle/32957.html","燃えないごみの排出方法 - ごみ・リサイクル - 尾張旭市公式ホームページ（環境課） ページの先頭です。 メニューを飛ばして本文へ メニュー 閉じる さがす 閉じる オンライン 手続き 本文へ ご利用ガイド サイトマップ language 文字サイズ 標準 拡大 背景色 白 黒 青 キーワード 検索 Googleカスタム検索 検索対象 すべて ページ PDF ページID 検索 ライフイベントでさがす 高齢者 妊娠・出産 子育て 入園・入学 就職・退職 結婚・離婚 引っ越し おくやみ 目的からさがす 申請書一覧 施設 ごみ・ リサイクル 入札・契約 相談窓口 よくある 質問 イベント 市営バス "
"尾張旭市","23226","34","200","市では収集しないごみ","https://www.city.owariasahi.lg.jp/site/gomi-recycle/32970.html","市では収集しないごみ - ごみ・リサイクル - 尾張旭市公式ホームページ（環境課） ページの先頭です。 メニューを飛ばして本文へ メニュー 閉じる さがす 閉じる オンライン 手続き 本文へ ご利用ガイド サイトマップ language 文字サイズ 標準 拡大 背景色 白 黒 青 キーワード 検索 Googleカスタム検索 検索対象 すべて ページ PDF ページID 検索 ライフイベントでさがす 高齢者 妊娠・出産 子育て 入園・入学 就職・退職 結婚・離婚 引っ越し おくやみ 目的からさがす 申請書一覧 施設 ごみ・ リサイクル 入札・契約 相談窓口 よくある 質問 イベント 市営バス あ"
"尾張旭市","23226","34","200","リユース品（ベビーカー、チャイルドシート）受渡し情報","https://www.city.owariasahi.lg.jp/site/gomi-recycle/32983.html","リユース品（ベビーカー、チャイルドシート）受渡し情報 - ごみ・リサイクル - 尾張旭市公式ホームページ（環境課） ページの先頭です。 メニューを飛ばして本文へ メニュー 閉じる さがす 閉じる オンライン 手続き 本文へ ご利用ガイド サイトマップ language 文字サイズ 標準 拡大 背景色 白 黒 青 キーワード 検索 Googleカスタム検索 検索対象 すべて ページ PDF ページID 検索 ライフイベントでさがす 高齢者 妊娠・出産 子育て 入園・入学 就職・退職 結婚・離婚 引っ越し おくやみ 目的からさがす 申請書一覧 施設 ごみ・ リサイクル 入札・契約 相談窓口 よくあ"
"尾張旭市","23226","34","200","ごみ収集時の作業員の熱中症対策について","https://www.city.owariasahi.lg.jp/site/gomi-recycle/33848.html","ごみ収集時の作業員の熱中症対策について - ごみ・リサイクル - 尾張旭市公式ホームページ（環境事業センター） ページの先頭です。 メニューを飛ばして本文へ メニュー 閉じる さがす 閉じる オンライン 手続き 本文へ ご利用ガイド サイトマップ language 文字サイズ 標準 拡大 背景色 白 黒 青 キーワード 検索 Googleカスタム検索 検索対象 すべて ページ PDF ページID 検索 ライフイベントでさがす 高齢者 妊娠・出産 子育て 入園・入学 就職・退職 結婚・離婚 引っ越し おくやみ 目的からさがす 申請書一覧 施設 ごみ・ リサイクル 入札・契約 相談窓口 よくある "
"尾張旭市","23226","34","200","【期間延長】指定ごみ袋に関する臨時措置について","https://www.city.owariasahi.lg.jp/site/gomi-recycle/54862.html","【期間延長】指定ごみ袋に関する臨時措置について - ごみ・リサイクル - 尾張旭市公式ホームページ（環境課） ページの先頭です。 メニューを飛ばして本文へ メニュー 閉じる さがす 閉じる オンライン 手続き 本文へ ご利用ガイド サイトマップ language 文字サイズ 標準 拡大 背景色 白 黒 青 キーワード 検索 Googleカスタム検索 検索対象 すべて ページ PDF ページID 検索 ライフイベントでさがす 高齢者 妊娠・出産 子育て 入園・入学 就職・退職 結婚・離婚 引っ越し おくやみ 目的からさがす 申請書一覧 施設 ごみ・ リサイクル 入札・契約 相談窓口 よくある 質"
"尾張旭市","23226","34","200","ごみ・リサイクル","https://www.city.owariasahi.lg.jp/site/gomi-recycle/index-2.html","ごみ・リサイクル - 尾張旭市公式ホームページ（環境課） ページの先頭です。 メニューを飛ばして本文へ メニュー 閉じる さがす 閉じる オンライン 手続き 本文へ ご利用ガイド サイトマップ language 文字サイズ 標準 拡大 背景色 白 黒 青 キーワード 検索 Googleカスタム検索 検索対象 すべて ページ PDF ページID 検索 ライフイベントでさがす 高齢者 妊娠・出産 子育て 入園・入学 就職・退職 結婚・離婚 引っ越し おくやみ 目的からさがす 申請書一覧 施設 ごみ・ リサイクル 入札・契約 相談窓口 よくある 質問 イベント 市営バス あさぴー号 組織でさがす カ"
"尾張旭市","23226","34","200","ごみの出し方","https://www.city.owariasahi.lg.jp/site/gomi-recycle/list186-674.html","ごみの出し方 - ごみ・リサイクル - 尾張旭市公式ホームページ ページの先頭です。 メニューを飛ばして本文へ メニュー 閉じる さがす 閉じる オンライン 手続き 本文へ ご利用ガイド サイトマップ language 文字サイズ 標準 拡大 背景色 白 黒 青 キーワード 検索 Googleカスタム検索 検索対象 すべて ページ PDF ページID 検索 ライフイベントでさがす 高齢者 妊娠・出産 子育て 入園・入学 就職・退職 結婚・離婚 引っ越し おくやみ 目的からさがす 申請書一覧 施設 ごみ・ リサイクル 入札・契約 相談窓口 よくある 質問 イベント 市営バス あさぴー号 組織でさ"
"尾張旭市","23226","34","200","ごみの分別","https://www.city.owariasahi.lg.jp/site/gomi-recycle/list186-675.html","ごみの分別 - ごみ・リサイクル - 尾張旭市公式ホームページ ページの先頭です。 メニューを飛ばして本文へ メニュー 閉じる さがす 閉じる オンライン 手続き 本文へ ご利用ガイド サイトマップ language 文字サイズ 標準 拡大 背景色 白 黒 青 キーワード 検索 Googleカスタム検索 検索対象 すべて ページ PDF ページID 検索 ライフイベントでさがす 高齢者 妊娠・出産 子育て 入園・入学 就職・退職 結婚・離婚 引っ越し おくやみ 目的からさがす 申請書一覧 施設 ごみ・ リサイクル 入札・契約 相談窓口 よくある 質問 イベント 市営バス あさぴー号 組織でさが"
"尾張旭市","23226","34","200","ごみの収集","https://www.city.owariasahi.lg.jp/site/gomi-recycle/list186-677.html","ごみの収集 - ごみ・リサイクル - 尾張旭市公式ホームページ ページの先頭です。 メニューを飛ばして本文へ メニュー 閉じる さがす 閉じる オンライン 手続き 本文へ ご利用ガイド サイトマップ language 文字サイズ 標準 拡大 背景色 白 黒 青 キーワード 検索 Googleカスタム検索 検索対象 すべて ページ PDF ページID 検索 ライフイベントでさがす 高齢者 妊娠・出産 子育て 入園・入学 就職・退職 結婚・離婚 引っ越し おくやみ 目的からさがす 申請書一覧 施設 ごみ・ リサイクル 入札・契約 相談窓口 よくある 質問 イベント 市営バス あさぴー号 組織でさが"
"尾張旭市","23226","34","200","募集","https://www.city.owariasahi.lg.jp/site/gomi-recycle/list188-682.html","募集 - ごみ・リサイクル - 尾張旭市公式ホームページ ページの先頭です。 メニューを飛ばして本文へ メニュー 閉じる さがす 閉じる オンライン 手続き 本文へ ご利用ガイド サイトマップ language 文字サイズ 標準 拡大 背景色 白 黒 青 キーワード 検索 Googleカスタム検索 検索対象 すべて ページ PDF ページID 検索 ライフイベントでさがす 高齢者 妊娠・出産 子育て 入園・入学 就職・退職 結婚・離婚 引っ越し おくやみ 目的からさがす 申請書一覧 施設 ごみ・ リサイクル 入札・契約 相談窓口 よくある 質問 イベント 市営バス あさぴー号 組織でさがす カ"
"尾張旭市","23226","34","200","計画・統計","https://www.city.owariasahi.lg.jp/site/gomi-recycle/list189-687.html","計画・統計 - ごみ・リサイクル - 尾張旭市公式ホームページ ページの先頭です。 メニューを飛ばして本文へ メニュー 閉じる さがす 閉じる オンライン 手続き 本文へ ご利用ガイド サイトマップ language 文字サイズ 標準 拡大 背景色 白 黒 青 キーワード 検索 Googleカスタム検索 検索対象 すべて ページ PDF ページID 検索 ライフイベントでさがす 高齢者 妊娠・出産 子育て 入園・入学 就職・退職 結婚・離婚 引っ越し おくやみ 目的からさがす 申請書一覧 施設 ごみ・ リサイクル 入札・契約 相談窓口 よくある 質問 イベント 市営バス あさぴー号 組織でさが"
"尾張旭市","23226","34","200","協定","https://www.city.owariasahi.lg.jp/site/gomi-recycle/list189-689.html","協定 - ごみ・リサイクル - 尾張旭市公式ホームページ ページの先頭です。 メニューを飛ばして本文へ メニュー 閉じる さがす 閉じる オンライン 手続き 本文へ ご利用ガイド サイトマップ language 文字サイズ 標準 拡大 背景色 白 黒 青 キーワード 検索 Googleカスタム検索 検索対象 すべて ページ PDF ページID 検索 ライフイベントでさがす 高齢者 妊娠・出産 子育て 入園・入学 就職・退職 結婚・離婚 引っ越し おくやみ 目的からさがす 申請書一覧 施設 ごみ・ リサイクル 入札・契約 相談窓口 よくある 質問 イベント 市営バス あさぴー号 組織でさがす カ"
"尾張旭市","23226","34","200","施策","https://www.city.owariasahi.lg.jp/site/gomi-recycle/list189-690.html","施策 - ごみ・リサイクル - 尾張旭市公式ホームページ ページの先頭です。 メニューを飛ばして本文へ メニュー 閉じる さがす 閉じる オンライン 手続き 本文へ ご利用ガイド サイトマップ language 文字サイズ 標準 拡大 背景色 白 黒 青 キーワード 検索 Googleカスタム検索 検索対象 すべて ページ PDF ページID 検索 ライフイベントでさがす 高齢者 妊娠・出産 子育て 入園・入学 就職・退職 結婚・離婚 引っ越し おくやみ 目的からさがす 申請書一覧 施設 ごみ・ リサイクル 入札・契約 相談窓口 よくある 質問 イベント 市営バス あさぴー号 組織でさがす カ"
"尾張旭市","23226","34","200","お願い・ご案内","https://www.city.owariasahi.lg.jp/site/gomi-recycle/list190-692.html","お願い・ご案内 - ごみ・リサイクル - 尾張旭市公式ホームページ ページの先頭です。 メニューを飛ばして本文へ メニュー 閉じる さがす 閉じる オンライン 手続き 本文へ ご利用ガイド サイトマップ language 文字サイズ 標準 拡大 背景色 白 黒 青 キーワード 検索 Googleカスタム検索 検索対象 すべて ページ PDF ページID 検索 ライフイベントでさがす 高齢者 妊娠・出産 子育て 入園・入学 就職・退職 結婚・離婚 引っ越し おくやみ 目的からさがす 申請書一覧 施設 ごみ・ リサイクル 入札・契約 相談窓口 よくある 質問 イベント 市営バス あさぴー号 組織で"
"尾張旭市","23226","34","200","可燃ごみ・不燃ごみ","https://www.city.owariasahi.lg.jp/site/gomi-recycle/list192-694.html","可燃ごみ・不燃ごみ - ごみ・リサイクル - 尾張旭市公式ホームページ ページの先頭です。 メニューを飛ばして本文へ メニュー 閉じる さがす 閉じる オンライン 手続き 本文へ ご利用ガイド サイトマップ language 文字サイズ 標準 拡大 背景色 白 黒 青 キーワード 検索 Googleカスタム検索 検索対象 すべて ページ PDF ページID 検索 ライフイベントでさがす 高齢者 妊娠・出産 子育て 入園・入学 就職・退職 結婚・離婚 引っ越し おくやみ 目的からさがす 申請書一覧 施設 ごみ・ リサイクル 入札・契約 相談窓口 よくある 質問 イベント 市営バス あさぴー号 組"
"尾張旭市","23226","34","200","資源ごみ","https://www.city.owariasahi.lg.jp/site/gomi-recycle/list192-696.html","資源ごみ - ごみ・リサイクル - 尾張旭市公式ホームページ ページの先頭です。 メニューを飛ばして本文へ メニュー 閉じる さがす 閉じる オンライン 手続き 本文へ ご利用ガイド サイトマップ language 文字サイズ 標準 拡大 背景色 白 黒 青 キーワード 検索 Googleカスタム検索 検索対象 すべて ページ PDF ページID 検索 ライフイベントでさがす 高齢者 妊娠・出産 子育て 入園・入学 就職・退職 結婚・離婚 引っ越し おくやみ 目的からさがす 申請書一覧 施設 ごみ・ リサイクル 入札・契約 相談窓口 よくある 質問 イベント 市営バス あさぴー号 組織でさがす"
"尾張旭市","23226","34","200","発火性危険物（電池、スプレー缶など）","https://www.city.owariasahi.lg.jp/site/gomi-recycle/list192-697.html","発火性危険物（電池、スプレー缶など） - ごみ・リサイクル - 尾張旭市公式ホームページ ページの先頭です。 メニューを飛ばして本文へ メニュー 閉じる さがす 閉じる オンライン 手続き 本文へ ご利用ガイド サイトマップ language 文字サイズ 標準 拡大 背景色 白 黒 青 キーワード 検索 Googleカスタム検索 検索対象 すべて ページ PDF ページID 検索 ライフイベントでさがす 高齢者 妊娠・出産 子育て 入園・入学 就職・退職 結婚・離婚 引っ越し おくやみ 目的からさがす 申請書一覧 施設 ごみ・ リサイクル 入札・契約 相談窓口 よくある 質問 イベント 市営バ"
"尾張旭市","23226","34","200","母子健康手帳・父子健康手帳","https://www.city.owariasahi.lg.jp/site/kosodate-sukusuku/1836.html","母子健康手帳・父子健康手帳 - 子育てすくすくのびのび尾張旭市 - 尾張旭市公式ホームページ（こども家庭課） ページの先頭です。 メニューを飛ばして本文へ 検索 操作補助 JavaScriptが無効のため、文字の大きさ・背景色を変更する機能を使用できません。 本文へ ご利用ガイド サイトマップ language 文字サイズ 標準 拡大 背景色 白 黒 青 キーワード検索 Googleカスタム検索 検索対象 すべて ページ PDF ページID検索 現在地 トップページ > 分類でさがす > 健康・福祉・医療 > 健康・医療 > 妊娠・出産 > 子育てすくすくのびのび尾張旭市 > 目的から探す >"
"尾張旭市","23226","34","200","誕生報告・すくすく赤ちゃん訪問（乳児家庭全戸訪問事業）","https://www.city.owariasahi.lg.jp/site/kosodate-sukusuku/1841.html","誕生報告・すくすく赤ちゃん訪問（乳児家庭全戸訪問事業） - 子育てすくすくのびのび尾張旭市 - 尾張旭市公式ホームページ（こども家庭課） ページの先頭です。 メニューを飛ばして本文へ 検索 操作補助 JavaScriptが無効のため、文字の大きさ・背景色を変更する機能を使用できません。 本文へ ご利用ガイド サイトマップ language 文字サイズ 標準 拡大 背景色 白 黒 青 キーワード検索 Googleカスタム検索 検索対象 すべて ページ PDF ページID検索 現在地 トップページ > 分類でさがす > 健康・福祉・医療 > 健康・医療 > 妊娠・出産 > 子育てすくすくのびのび尾"
"尾張旭市","23226","34","200","あさぴー子育てコンシェルジュ","https://www.city.owariasahi.lg.jp/site/kosodate-sukusuku/26847.html","あさぴー子育てコンシェルジュ - 子育てすくすくのびのび尾張旭市 - 尾張旭市公式ホームページ（こども家庭課） ページの先頭です。 メニューを飛ばして本文へ 検索 操作補助 JavaScriptが無効のため、文字の大きさ・背景色を変更する機能を使用できません。 本文へ ご利用ガイド サイトマップ language 文字サイズ 標準 拡大 背景色 白 黒 青 キーワード検索 Googleカスタム検索 検索対象 すべて ページ PDF ページID検索 現在地 トップページ > 分類でさがす > 健康・福祉・医療 > 健康・医療 > 妊娠・出産 > 子育てすくすくのびのび尾張旭市 > 目的から探す "
"尾張旭市","23226","34","200","コグニサイズ","https://www.city.owariasahi.lg.jp/site/koureisya-fukusi/1724.html","コグニサイズ - 高齢者福祉 - 尾張旭市公式ホームページ（長寿課） ページの先頭です。 メニューを飛ばして本文へ メニュー 閉じる さがす 閉じる オンライン 手続き 本文へ ご利用ガイド サイトマップ language 文字サイズ 標準 拡大 背景色 白 黒 青 キーワード 検索 Googleカスタム検索 検索対象 すべて ページ PDF ページID 検索 ライフイベントでさがす 高齢者 妊娠・出産 子育て 入園・入学 就職・退職 結婚・離婚 引っ越し おくやみ 目的からさがす 申請書一覧 施設 ごみ・ リサイクル 入札・契約 相談窓口 よくある 質問 イベント 市営バス あさぴー号 組織"
"尾張旭市","23226","34","200","在宅福祉サービス","https://www.city.owariasahi.lg.jp/site/koureisya-fukusi/list66-206.html","在宅福祉サービス - 高齢者福祉 - 尾張旭市公式ホームページ ページの先頭です。 メニューを飛ばして本文へ メニュー 閉じる さがす 閉じる オンライン 手続き 本文へ ご利用ガイド サイトマップ language 文字サイズ 標準 拡大 背景色 白 黒 青 キーワード 検索 Googleカスタム検索 検索対象 すべて ページ PDF ページID 検索 ライフイベントでさがす 高齢者 妊娠・出産 子育て 入園・入学 就職・退職 結婚・離婚 引っ越し おくやみ 目的からさがす 申請書一覧 施設 ごみ・ リサイクル 入札・契約 相談窓口 よくある 質問 イベント 市営バス あさぴー号 組織でさが"
"尾張旭市","23226","34","200","権利擁護支援","https://www.city.owariasahi.lg.jp/site/koureisya-fukusi/list66-274.html","権利擁護支援 - 高齢者福祉 - 尾張旭市公式ホームページ ページの先頭です。 メニューを飛ばして本文へ メニュー 閉じる さがす 閉じる オンライン 手続き 本文へ ご利用ガイド サイトマップ language 文字サイズ 標準 拡大 背景色 白 黒 青 キーワード 検索 Googleカスタム検索 検索対象 すべて ページ PDF ページID 検索 ライフイベントでさがす 高齢者 妊娠・出産 子育て 入園・入学 就職・退職 結婚・離婚 引っ越し おくやみ 目的からさがす 申請書一覧 施設 ごみ・ リサイクル 入札・契約 相談窓口 よくある 質問 イベント 市営バス あさぴー号 組織でさがす "
"尾張旭市","23226","34","200","生きがいづくり","https://www.city.owariasahi.lg.jp/site/koureisya-fukusi/list66-276.html","生きがいづくり - 高齢者福祉 - 尾張旭市公式ホームページ ページの先頭です。 メニューを飛ばして本文へ メニュー 閉じる さがす 閉じる オンライン 手続き 本文へ ご利用ガイド サイトマップ language 文字サイズ 標準 拡大 背景色 白 黒 青 キーワード 検索 Googleカスタム検索 検索対象 すべて ページ PDF ページID 検索 ライフイベントでさがす 高齢者 妊娠・出産 子育て 入園・入学 就職・退職 結婚・離婚 引っ越し おくやみ 目的からさがす 申請書一覧 施設 ごみ・ リサイクル 入札・契約 相談窓口 よくある 質問 イベント 市営バス あさぴー号 組織でさがす"
"尾張旭市","23226","34","200","地域活動","https://www.city.owariasahi.lg.jp/site/koureisya-fukusi/list66-277.html","地域活動 - 高齢者福祉 - 尾張旭市公式ホームページ ページの先頭です。 メニューを飛ばして本文へ メニュー 閉じる さがす 閉じる オンライン 手続き 本文へ ご利用ガイド サイトマップ language 文字サイズ 標準 拡大 背景色 白 黒 青 キーワード 検索 Googleカスタム検索 検索対象 すべて ページ PDF ページID 検索 ライフイベントでさがす 高齢者 妊娠・出産 子育て 入園・入学 就職・退職 結婚・離婚 引っ越し おくやみ 目的からさがす 申請書一覧 施設 ごみ・ リサイクル 入札・契約 相談窓口 よくある 質問 イベント 市営バス あさぴー号 組織でさがす カレ"
"尾張旭市","23226","34","200","耳の聞こえ","https://www.city.owariasahi.lg.jp/site/koureisya-fukusi/list66-876.html","耳の聞こえ - 高齢者福祉 - 尾張旭市公式ホームページ ページの先頭です。 メニューを飛ばして本文へ メニュー 閉じる さがす 閉じる オンライン 手続き 本文へ ご利用ガイド サイトマップ language 文字サイズ 標準 拡大 背景色 白 黒 青 キーワード 検索 Googleカスタム検索 検索対象 すべて ページ PDF ページID 検索 ライフイベントでさがす 高齢者 妊娠・出産 子育て 入園・入学 就職・退職 結婚・離婚 引っ越し おくやみ 目的からさがす 申請書一覧 施設 ごみ・ リサイクル 入札・契約 相談窓口 よくある 質問 イベント 市営バス あさぴー号 組織でさがす カ"
"尾張旭市","23226","34","200","認知症について","https://www.city.owariasahi.lg.jp/site/koureisya-fukusi/list83-250.html","認知症について - 高齢者福祉 - 尾張旭市公式ホームページ ページの先頭です。 メニューを飛ばして本文へ メニュー 閉じる さがす 閉じる オンライン 手続き 本文へ ご利用ガイド サイトマップ language 文字サイズ 標準 拡大 背景色 白 黒 青 キーワード 検索 Googleカスタム検索 検索対象 すべて ページ PDF ページID 検索 ライフイベントでさがす 高齢者 妊娠・出産 子育て 入園・入学 就職・退職 結婚・離婚 引っ越し おくやみ 目的からさがす 申請書一覧 施設 ごみ・ リサイクル 入札・契約 相談窓口 よくある 質問 イベント 市営バス あさぴー号 組織でさがす"
"尾張旭市","23226","34","200","各種サービス","https://www.city.owariasahi.lg.jp/site/koureisya-fukusi/list83-295.html","各種サービス - 高齢者福祉 - 尾張旭市公式ホームページ ページの先頭です。 メニューを飛ばして本文へ メニュー 閉じる さがす 閉じる オンライン 手続き 本文へ ご利用ガイド サイトマップ language 文字サイズ 標準 拡大 背景色 白 黒 青 キーワード 検索 Googleカスタム検索 検索対象 すべて ページ PDF ページID 検索 ライフイベントでさがす 高齢者 妊娠・出産 子育て 入園・入学 就職・退職 結婚・離婚 引っ越し おくやみ 目的からさがす 申請書一覧 施設 ごみ・ リサイクル 入札・契約 相談窓口 よくある 質問 イベント 市営バス あさぴー号 組織でさがす "
"尾張旭市","23226","34","200","プロポーザル情報","https://www.city.owariasahi.lg.jp/site/nyusatsu-keiyaku/10706.html","プロポーザル情報 - 入札・契約 - 尾張旭市公式ホームページ（総務課） ページの先頭です。 メニューを飛ばして本文へ メニュー 閉じる さがす 閉じる オンライン 手続き 本文へ ご利用ガイド サイトマップ language 文字サイズ 標準 拡大 背景色 白 黒 青 キーワード 検索 Googleカスタム検索 検索対象 すべて ページ PDF ページID 検索 ライフイベントでさがす 高齢者 妊娠・出産 子育て 入園・入学 就職・退職 結婚・離婚 引っ越し おくやみ 目的からさがす 申請書一覧 施設 ごみ・ リサイクル 入札・契約 相談窓口 よくある 質問 イベント 市営バス あさぴー号 "
"尾張旭市","23226","34","200","インターネット公売・不動産の共同公売","https://www.city.owariasahi.lg.jp/site/nyusatsu-keiyaku/3293.html","インターネット公売・不動産の共同公売 - 入札・契約 - 尾張旭市公式ホームページ（収納課） ページの先頭です。 メニューを飛ばして本文へ メニュー 閉じる さがす 閉じる オンライン 手続き 本文へ ご利用ガイド サイトマップ language 文字サイズ 標準 拡大 背景色 白 黒 青 キーワード 検索 Googleカスタム検索 検索対象 すべて ページ PDF ページID 検索 ライフイベントでさがす 高齢者 妊娠・出産 子育て 入園・入学 就職・退職 結婚・離婚 引っ越し おくやみ 目的からさがす 申請書一覧 施設 ごみ・ リサイクル 入札・契約 相談窓口 よくある 質問 イベント 市"
"尾張旭市","23226","34","200","水道工事における積算に関する予定価格等の誤りについて","https://www.city.owariasahi.lg.jp/site/nyusatsu-keiyaku/45705.html","水道工事における積算に関する予定価格等の誤りについて - 入札・契約 - 尾張旭市公式ホームページ（総務課） ページの先頭です。 メニューを飛ばして本文へ メニュー 閉じる さがす 閉じる オンライン 手続き 本文へ ご利用ガイド サイトマップ language 文字サイズ 標準 拡大 背景色 白 黒 青 キーワード 検索 Googleカスタム検索 検索対象 すべて ページ PDF ページID 検索 ライフイベントでさがす 高齢者 妊娠・出産 子育て 入園・入学 就職・退職 結婚・離婚 引っ越し おくやみ 目的からさがす 申請書一覧 施設 ごみ・ リサイクル 入札・契約 相談窓口 よくある 質"
"尾張旭市","23226","34","200","各種制度・取組","https://www.city.owariasahi.lg.jp/site/nyusatsu-keiyaku/list106-362.html","各種制度・取組 - 入札・契約 - 尾張旭市公式ホームページ ページの先頭です。 メニューを飛ばして本文へ メニュー 閉じる さがす 閉じる オンライン 手続き 本文へ ご利用ガイド サイトマップ language 文字サイズ 標準 拡大 背景色 白 黒 青 キーワード 検索 Googleカスタム検索 検索対象 すべて ページ PDF ページID 検索 ライフイベントでさがす 高齢者 妊娠・出産 子育て 入園・入学 就職・退職 結婚・離婚 引っ越し おくやみ 目的からさがす 申請書一覧 施設 ごみ・ リサイクル 入札・契約 相談窓口 よくある 質問 イベント 市営バス あさぴー号 組織でさがす"
"尾張旭市","23226","34","200","各種制度・取組","https://www.city.owariasahi.lg.jp/site/nyusatsu-keiyaku/list107-425.html","各種制度・取組 - 入札・契約 - 尾張旭市公式ホームページ ページの先頭です。 メニューを飛ばして本文へ メニュー 閉じる さがす 閉じる オンライン 手続き 本文へ ご利用ガイド サイトマップ language 文字サイズ 標準 拡大 背景色 白 黒 青 キーワード 検索 Googleカスタム検索 検索対象 すべて ページ PDF ページID 検索 ライフイベントでさがす 高齢者 妊娠・出産 子育て 入園・入学 就職・退職 結婚・離婚 引っ越し おくやみ 目的からさがす 申請書一覧 施設 ごみ・ リサイクル 入札・契約 相談窓口 よくある 質問 イベント 市営バス あさぴー号 組織でさがす"
"尾張旭市","23226","34","200","オンライン 手続き","https://www.city.owariasahi.lg.jp/site/on-line/","オンライン手続きポータルトップページ - 尾張旭市公式ホームページ（情報政策課） ページの先頭です。 メニューを飛ばして本文へ 操作補助 閉じる さがす 閉じる topへ JavaScriptが無効のため、文字の大きさ・背景色を変更する機能を使用できません。 ご利用ガイド サイトマップ language 文字サイズ 標準 拡大 背景色 白 黒 青 キーワード検索 Googleカスタム検索 検索対象 すべて ページ PDF ページID 検索 電子申請 申請書 ダウンロード 入札・契約 施設予約 （外部サイト） ＜外部リンク＞ 図書館蔵書 検索予約 （外部サイト） ＜外部リンク＞ 粗大ごみ 回収予"
"尾張旭市","23226","34","200","こころの健康相談","https://www.city.owariasahi.lg.jp/site/syougai-fukusi/1699.html","こころの健康相談 - 障がい福祉 - 尾張旭市公式ホームページ（地域福祉課） ページの先頭です。 メニューを飛ばして本文へ メニュー 閉じる さがす 閉じる オンライン 手続き 本文へ ご利用ガイド サイトマップ language 文字サイズ 標準 拡大 背景色 白 黒 青 キーワード 検索 Googleカスタム検索 検索対象 すべて ページ PDF ページID 検索 ライフイベントでさがす 高齢者 妊娠・出産 子育て 入園・入学 就職・退職 結婚・離婚 引っ越し おくやみ 目的からさがす 申請書一覧 施設 ごみ・ リサイクル 入札・契約 相談窓口 よくある 質問 イベント 市営バス あさぴー"
"尾張旭市","23226","34","200","ご利用ガイド","https://www.city.owariasahi.lg.jp/site/userguide/","ウェルカムページ・トップページの概要 - 尾張旭市公式ホームページ（広報戦略課） ページの先頭です。 メニューを飛ばして本文へ メニュー 閉じる さがす 閉じる オンライン 手続き 本文へ ご利用ガイド サイトマップ language 文字サイズ 標準 拡大 背景色 白 黒 青 キーワード 検索 Googleカスタム検索 検索対象 すべて ページ PDF ページID 検索 ライフイベントでさがす 高齢者 妊娠・出産 子育て 入園・入学 就職・退職 結婚・離婚 引っ越し おくやみ 目的からさがす 申請書一覧 施設 ごみ・ リサイクル 入札・契約 相談窓口 よくある 質問 イベント 市営バス あさ"
"尾張旭市","23226","34","200","AI自動翻訳について（foreign language）","https://www.city.owariasahi.lg.jp/site/userguide/11129.html","AI自動翻訳について（foreign language） - サイト利用案内 - 尾張旭市公式ホームページ（広報戦略課） ページの先頭です。 メニューを飛ばして本文へ メニュー 閉じる さがす 閉じる オンライン 手続き 本文へ ご利用ガイド サイトマップ language 文字サイズ 標準 拡大 背景色 白 黒 青 キーワード 検索 Googleカスタム検索 検索対象 すべて ページ PDF ページID 検索 ライフイベントでさがす 高齢者 妊娠・出産 子育て 入園・入学 就職・退職 結婚・離婚 引っ越し おくやみ 目的からさがす 申請書一覧 施設 ごみ・ リサイクル 入札・契約 相談窓口 "
"尾張旭市","23226","34","200","著作権について","https://www.city.owariasahi.lg.jp/site/userguide/11131.html","著作権について - サイト利用案内 - 尾張旭市公式ホームページ（広報戦略課） ページの先頭です。 メニューを飛ばして本文へ メニュー 閉じる さがす 閉じる オンライン 手続き 本文へ ご利用ガイド サイトマップ language 文字サイズ 標準 拡大 背景色 白 黒 青 キーワード 検索 Googleカスタム検索 検索対象 すべて ページ PDF ページID 検索 ライフイベントでさがす 高齢者 妊娠・出産 子育て 入園・入学 就職・退職 結婚・離婚 引っ越し おくやみ 目的からさがす 申請書一覧 施設 ごみ・ リサイクル 入札・契約 相談窓口 よくある 質問 イベント 市営バス あさぴ"
"尾張旭市","23226","34","200","アクセシビリティ","https://www.city.owariasahi.lg.jp/site/userguide/11136.html","アクセシビリティ - サイト利用案内 - 尾張旭市公式ホームページ（広報戦略課） ページの先頭です。 メニューを飛ばして本文へ メニュー 閉じる さがす 閉じる オンライン 手続き 本文へ ご利用ガイド サイトマップ language 文字サイズ 標準 拡大 背景色 白 黒 青 キーワード 検索 Googleカスタム検索 検索対象 すべて ページ PDF ページID 検索 ライフイベントでさがす 高齢者 妊娠・出産 子育て 入園・入学 就職・退職 結婚・離婚 引っ越し おくやみ 目的からさがす 申請書一覧 施設 ごみ・ リサイクル 入札・契約 相談窓口 よくある 質問 イベント 市営バス あさ"
"尾張旭市","23226","34","200","リンク集","https://www.city.owariasahi.lg.jp/site/userguide/2647.html","リンク集 - サイト利用案内 - 尾張旭市公式ホームページ（広報戦略課） ページの先頭です。 メニューを飛ばして本文へ メニュー 閉じる さがす 閉じる オンライン 手続き 本文へ ご利用ガイド サイトマップ language 文字サイズ 標準 拡大 背景色 白 黒 青 キーワード 検索 Googleカスタム検索 検索対象 すべて ページ PDF ページID 検索 ライフイベントでさがす 高齢者 妊娠・出産 子育て 入園・入学 就職・退職 結婚・離婚 引っ越し おくやみ 目的からさがす 申請書一覧 施設 ごみ・ リサイクル 入札・契約 相談窓口 よくある 質問 イベント 市営バス あさぴー号 "
"尾張旭市","23226","34","200","環境課","https://www.city.owariasahi.lg.jp/soshiki/22/","環境課 - 尾張旭市公式ホームページ ページの先頭です。 メニューを飛ばして本文へ メニュー 閉じる さがす 閉じる オンライン 手続き 本文へ ご利用ガイド サイトマップ language 文字サイズ 標準 拡大 背景色 白 黒 青 キーワード 検索 Googleカスタム検索 検索対象 すべて ページ PDF ページID 検索 ライフイベントでさがす 高齢者 妊娠・出産 子育て 入園・入学 就職・退職 結婚・離婚 引っ越し おくやみ 目的からさがす 申請書一覧 施設 ごみ・ リサイクル 入札・契約 相談窓口 よくある 質問 イベント 市営バス あさぴー号 組織でさがす カレンダーでさがす 地"
"豊明市","23229","34","200","医療従事者ありがとう寄附金","https://www.city.toyoake.lg.jp/14026.htm","医療従事者ありがとう寄附金/豊明市 --> 本文へ移動 医療従事者ありがとう寄附金 スマートフォン用ツール メニュー表示 自動翻訳 English 中文 Portgues Tiếng Việt Foreign language 背景変更 標準 黒 補助機能 ふりがな 文字拡大 元に戻す サイトマップ パソコン画面表示 ページの末尾へ くらし 妊娠・出産 子育て 学校教育 結婚・離婚 引越し・住まい 就職・退職 高齢者・介護 おくやみ 戸籍・住民票・印鑑登録 税 国民健康保険 国民年金 水道 交通 駐車・駐輪 都市計画 産業・事業 ごみ・環境保全 ペット 福祉 障がい者支援 消費生活 健康・医療"
"豊明市","23229","34","200","パブリックコメント","https://www.city.toyoake.lg.jp/2847.htm","パブリックコメント/豊明市 --> 本文へ移動 パブリックコメント スマートフォン用ツール メニュー表示 自動翻訳 English 中文 Portgues Tiếng Việt Foreign language 背景変更 標準 黒 補助機能 ふりがな 文字拡大 元に戻す サイトマップ パソコン画面表示 ページの末尾へ くらし 妊娠・出産 子育て 学校教育 結婚・離婚 引越し・住まい 就職・退職 高齢者・介護 おくやみ 戸籍・住民票・印鑑登録 税 国民健康保険 国民年金 水道 交通 駐車・駐輪 都市計画 産業・事業 ごみ・環境保全 ペット 福祉 障がい者支援 消費生活 健康・医療 文化・スポーツ"
"豊明市","23229","34","200","ふるさと豊明応援寄附","https://www.city.toyoake.lg.jp/3574.htm","ふるさと豊明応援寄附/豊明市 --> 本文へ移動 ふるさと豊明応援寄附 スマートフォン用ツール メニュー表示 自動翻訳 English 中文 Portgues Tiếng Việt Foreign language 背景変更 標準 黒 補助機能 ふりがな 文字拡大 元に戻す サイトマップ パソコン画面表示 ページの末尾へ くらし 妊娠・出産 子育て 学校教育 結婚・離婚 引越し・住まい 就職・退職 高齢者・介護 おくやみ 戸籍・住民票・印鑑登録 税 国民健康保険 国民年金 水道 交通 駐車・駐輪 都市計画 産業・事業 ごみ・環境保全 ペット 福祉 障がい者支援 消費生活 健康・医療 文化・スポ"
"豊明市","23229","32","200","くらし","https://www.city.toyoake.lg.jp/1000.htm","くらし/豊明市 --> 本文へ移動 くらし スマートフォン用ツール メニュー表示 自動翻訳 English 中文 Portgues Tiếng Việt Foreign language 背景変更 標準 黒 補助機能 ふりがな 文字拡大 元に戻す サイトマップ パソコン画面表示 ページの末尾へ くらし 妊娠・出産 子育て 学校教育 結婚・離婚 引越し・住まい 就職・退職 高齢者・介護 おくやみ 戸籍・住民票・印鑑登録 税 国民健康保険 国民年金 水道 交通 駐車・駐輪 都市計画 産業・事業 ごみ・環境保全 ペット 福祉 障がい者支援 消費生活 健康・医療 文化・スポーツ・生涯学習 市民活動・コ"
"豊明市","23229","32","200","観光・イベント","https://www.city.toyoake.lg.jp/1001.htm","観光・イベント/豊明市 --> 本文へ移動 観光・イベント スマートフォン用ツール メニュー表示 自動翻訳 English 中文 Portgues Tiếng Việt Foreign language 背景変更 標準 黒 補助機能 ふりがな 文字拡大 元に戻す サイトマップ パソコン画面表示 ページの末尾へ くらし 妊娠・出産 子育て 学校教育 結婚・離婚 引越し・住まい 就職・退職 高齢者・介護 おくやみ 戸籍・住民票・印鑑登録 税 国民健康保険 国民年金 水道 交通 駐車・駐輪 都市計画 産業・事業 ごみ・環境保全 ペット 福祉 障がい者支援 消費生活 健康・医療 文化・スポーツ・生涯学"
"豊明市","23229","32","200","市の組織","https://www.city.toyoake.lg.jp/1005.htm","市の組織/豊明市 --> 本文へ移動 市の組織 スマートフォン用ツール メニュー表示 自動翻訳 English 中文 Portgues Tiếng Việt Foreign language 背景変更 標準 黒 補助機能 ふりがな 文字拡大 元に戻す サイトマップ パソコン画面表示 ページの末尾へ くらし 妊娠・出産 子育て 学校教育 結婚・離婚 引越し・住まい 就職・退職 高齢者・介護 おくやみ 戸籍・住民票・印鑑登録 税 国民健康保険 国民年金 水道 交通 駐車・駐輪 都市計画 産業・事業 ごみ・環境保全 ペット 福祉 障がい者支援 消費生活 健康・医療 文化・スポーツ・生涯学習 市民活動"
"豊明市","23229","32","200","議会事務局","https://www.city.toyoake.lg.jp/1071.htm","議会事務局/豊明市 --> 本文へ移動 議会事務局 スマートフォン用ツール メニュー表示 自動翻訳 English 中文 Portgues Tiếng Việt Foreign language 背景変更 標準 黒 補助機能 ふりがな 文字拡大 元に戻す サイトマップ パソコン画面表示 ページの末尾へ くらし 妊娠・出産 子育て 学校教育 結婚・離婚 引越し・住まい 就職・退職 高齢者・介護 おくやみ 戸籍・住民票・印鑑登録 税 国民健康保険 国民年金 水道 交通 駐車・駐輪 都市計画 産業・事業 ごみ・環境保全 ペット 福祉 障がい者支援 消費生活 健康・医療 文化・スポーツ・生涯学習 市民"
"豊明市","23229","32","200","豊明市へのアクセス","https://www.city.toyoake.lg.jp/1121.htm","豊明市へのアクセス/豊明市 --> 本文へ移動 豊明市へのアクセス スマートフォン用ツール メニュー表示 自動翻訳 English 中文 Portgues Tiếng Việt Foreign language 背景変更 標準 黒 補助機能 ふりがな 文字拡大 元に戻す サイトマップ パソコン画面表示 ページの末尾へ くらし 妊娠・出産 子育て 学校教育 結婚・離婚 引越し・住まい 就職・退職 高齢者・介護 おくやみ 戸籍・住民票・印鑑登録 税 国民健康保険 国民年金 水道 交通 駐車・駐輪 都市計画 産業・事業 ごみ・環境保全 ペット 福祉 障がい者支援 消費生活 健康・医療 文化・スポーツ"
"豊明市","23229","32","200","サポート・施設・コミュニティ","https://www.city.toyoake.lg.jp/1812.htm","サポート・施設・コミュニティ/豊明市 --> 本文へ移動 サポート・施設・コミュニティ スマートフォン用ツール メニュー表示 自動翻訳 English 中文 Portgues Tiếng Việt Foreign language 背景変更 標準 黒 補助機能 ふりがな 文字拡大 元に戻す サイトマップ パソコン画面表示 ページの末尾へ くらし 妊娠・出産 子育て 学校教育 結婚・離婚 引越し・住まい 就職・退職 高齢者・介護 おくやみ 戸籍・住民票・印鑑登録 税 国民健康保険 国民年金 水道 交通 駐車・駐輪 都市計画 産業・事業 ごみ・環境保全 ペット 福祉 障がい者支援 消費生活 健康・"
"豊明市","23229","32","200","観光・イベント情報","https://www.city.toyoake.lg.jp/1818.htm","観光・イベント情報/豊明市 --> 本文へ移動 観光・イベント情報 スマートフォン用ツール メニュー表示 自動翻訳 English 中文 Portgues Tiếng Việt Foreign language 背景変更 標準 黒 補助機能 ふりがな 文字拡大 元に戻す サイトマップ パソコン画面表示 ページの末尾へ くらし 妊娠・出産 子育て 学校教育 結婚・離婚 引越し・住まい 就職・退職 高齢者・介護 おくやみ 戸籍・住民票・印鑑登録 税 国民健康保険 国民年金 水道 交通 駐車・駐輪 都市計画 産業・事業 ごみ・環境保全 ペット 福祉 障がい者支援 消費生活 健康・医療 文化・スポーツ"
"豊明市","23229","32","200","サポート・施設・コミュニティ","https://www.city.toyoake.lg.jp/1854.htm","サポート・施設・コミュニティ/豊明市 --> 本文へ移動 サポート・施設・コミュニティ スマートフォン用ツール メニュー表示 自動翻訳 English 中文 Portgues Tiếng Việt Foreign language 背景変更 標準 黒 補助機能 ふりがな 文字拡大 元に戻す サイトマップ パソコン画面表示 ページの末尾へ くらし 妊娠・出産 子育て 学校教育 結婚・離婚 引越し・住まい 就職・退職 高齢者・介護 おくやみ 戸籍・住民票・印鑑登録 税 国民健康保険 国民年金 水道 交通 駐車・駐輪 都市計画 産業・事業 ごみ・環境保全 ペット 福祉 障がい者支援 消費生活 健康・"
"豊明市","23229","32","200","施設","https://www.city.toyoake.lg.jp/1884.htm","施設/豊明市 --> 本文へ移動 施設 スマートフォン用ツール メニュー表示 自動翻訳 English 中文 Portgues Tiếng Việt Foreign language 背景変更 標準 黒 補助機能 ふりがな 文字拡大 元に戻す サイトマップ パソコン画面表示 ページの末尾へ くらし 妊娠・出産 子育て 学校教育 結婚・離婚 引越し・住まい 就職・退職 高齢者・介護 おくやみ 戸籍・住民票・印鑑登録 税 国民健康保険 国民年金 水道 交通 駐車・駐輪 都市計画 産業・事業 ごみ・環境保全 ペット 福祉 障がい者支援 消費生活 健康・医療 文化・スポーツ・生涯学習 市民活動・コミュ"
"豊明市","23229","32","200","職業紹介所一覧","https://www.city.toyoake.lg.jp/1941.htm","職業紹介所一覧/豊明市 --> 本文へ移動 職業紹介所一覧 スマートフォン用ツール メニュー表示 自動翻訳 English 中文 Portgues Tiếng Việt Foreign language 背景変更 標準 黒 補助機能 ふりがな 文字拡大 元に戻す サイトマップ パソコン画面表示 ページの末尾へ くらし 妊娠・出産 子育て 学校教育 結婚・離婚 引越し・住まい 就職・退職 高齢者・介護 おくやみ 戸籍・住民票・印鑑登録 税 国民健康保険 国民年金 水道 交通 駐車・駐輪 都市計画 産業・事業 ごみ・環境保全 ペット 福祉 障がい者支援 消費生活 健康・医療 文化・スポーツ・生涯学"
"豊明市","23229","32","200","相談窓口一覧","https://www.city.toyoake.lg.jp/1949.htm","相談窓口一覧/豊明市 --> 本文へ移動 相談窓口一覧 スマートフォン用ツール メニュー表示 自動翻訳 English 中文 Portgues Tiếng Việt Foreign language 背景変更 標準 黒 補助機能 ふりがな 文字拡大 元に戻す サイトマップ パソコン画面表示 ページの末尾へ くらし 妊娠・出産 子育て 学校教育 結婚・離婚 引越し・住まい 就職・退職 高齢者・介護 おくやみ 戸籍・住民票・印鑑登録 税 国民健康保険 国民年金 水道 交通 駐車・駐輪 都市計画 産業・事業 ごみ・環境保全 ペット 福祉 障がい者支援 消費生活 健康・医療 文化・スポーツ・生涯学習 "
"豊明市","23229","32","200","在宅・施設の福祉サービス","https://www.city.toyoake.lg.jp/1965.htm","在宅・施設の福祉サービス/豊明市 --> 本文へ移動 在宅・施設の福祉サービス スマートフォン用ツール メニュー表示 自動翻訳 English 中文 Portgues Tiếng Việt Foreign language 背景変更 標準 黒 補助機能 ふりがな 文字拡大 元に戻す サイトマップ パソコン画面表示 ページの末尾へ くらし 妊娠・出産 子育て 学校教育 結婚・離婚 引越し・住まい 就職・退職 高齢者・介護 おくやみ 戸籍・住民票・印鑑登録 税 国民健康保険 国民年金 水道 交通 駐車・駐輪 都市計画 産業・事業 ごみ・環境保全 ペット 福祉 障がい者支援 消費生活 健康・医療 文"
"豊明市","23229","32","200","相談窓口一覧","https://www.city.toyoake.lg.jp/2219.htm","相談窓口一覧/豊明市 --> 本文へ移動 相談窓口一覧 スマートフォン用ツール メニュー表示 自動翻訳 English 中文 Portgues Tiếng Việt Foreign language 背景変更 標準 黒 補助機能 ふりがな 文字拡大 元に戻す サイトマップ パソコン画面表示 ページの末尾へ くらし 妊娠・出産 子育て 学校教育 結婚・離婚 引越し・住まい 就職・退職 高齢者・介護 おくやみ 戸籍・住民票・印鑑登録 税 国民健康保険 国民年金 水道 交通 駐車・駐輪 都市計画 産業・事業 ごみ・環境保全 ペット 福祉 障がい者支援 消費生活 健康・医療 文化・スポーツ・生涯学習 "
"豊明市","23229","32","200","相談窓口一覧","https://www.city.toyoake.lg.jp/2239.htm","相談窓口一覧/豊明市 --> 本文へ移動 相談窓口一覧 スマートフォン用ツール メニュー表示 自動翻訳 English 中文 Portgues Tiếng Việt Foreign language 背景変更 標準 黒 補助機能 ふりがな 文字拡大 元に戻す サイトマップ パソコン画面表示 ページの末尾へ くらし 妊娠・出産 子育て 学校教育 結婚・離婚 引越し・住まい 就職・退職 高齢者・介護 おくやみ 戸籍・住民票・印鑑登録 税 国民健康保険 国民年金 水道 交通 駐車・駐輪 都市計画 産業・事業 ごみ・環境保全 ペット 福祉 障がい者支援 消費生活 健康・医療 文化・スポーツ・生涯学習 "
"豊明市","23229","32","200","施設・コミュニティ","https://www.city.toyoake.lg.jp/2264.htm","施設・コミュニティ/豊明市 --> 本文へ移動 施設・コミュニティ スマートフォン用ツール メニュー表示 自動翻訳 English 中文 Portgues Tiếng Việt Foreign language 背景変更 標準 黒 補助機能 ふりがな 文字拡大 元に戻す サイトマップ パソコン画面表示 ページの末尾へ くらし 妊娠・出産 子育て 学校教育 結婚・離婚 引越し・住まい 就職・退職 高齢者・介護 おくやみ 戸籍・住民票・印鑑登録 税 国民健康保険 国民年金 水道 交通 駐車・駐輪 都市計画 産業・事業 ごみ・環境保全 ペット 福祉 障がい者支援 消費生活 健康・医療 文化・スポーツ"
"豊明市","23229","32","200","施設で日常生活のお手伝いを受ける","https://www.city.toyoake.lg.jp/2306.htm","施設で日常生活のお手伝いを受ける/豊明市 --> 本文へ移動 施設で日常生活のお手伝いを受ける スマートフォン用ツール メニュー表示 自動翻訳 English 中文 Portgues Tiếng Việt Foreign language 背景変更 標準 黒 補助機能 ふりがな 文字拡大 元に戻す サイトマップ パソコン画面表示 ページの末尾へ くらし 妊娠・出産 子育て 学校教育 結婚・離婚 引越し・住まい 就職・退職 高齢者・介護 おくやみ 戸籍・住民票・印鑑登録 税 国民健康保険 国民年金 水道 交通 駐車・駐輪 都市計画 産業・事業 ごみ・環境保全 ペット 福祉 障がい者支援 消費生活"
"豊明市","23229","32","200","旧法施設支援","https://www.city.toyoake.lg.jp/2309.htm","旧法施設支援/豊明市 --> 本文へ移動 旧法施設支援 スマートフォン用ツール メニュー表示 自動翻訳 English 中文 Portgues Tiếng Việt Foreign language 背景変更 標準 黒 補助機能 ふりがな 文字拡大 元に戻す サイトマップ パソコン画面表示 ページの末尾へ くらし 妊娠・出産 子育て 学校教育 結婚・離婚 引越し・住まい 就職・退職 高齢者・介護 おくやみ 戸籍・住民票・印鑑登録 税 国民健康保険 国民年金 水道 交通 駐車・駐輪 都市計画 産業・事業 ごみ・環境保全 ペット 福祉 障がい者支援 消費生活 健康・医療 文化・スポーツ・生涯学習 "
"豊明市","23229","32","200","広報とよあけ","https://www.city.toyoake.lg.jp/23848.htm","広報とよあけ/豊明市 --> 本文へ移動 広報とよあけ スマートフォン用ツール メニュー表示 自動翻訳 English 中文 Portgues Tiếng Việt Foreign language 背景変更 標準 黒 補助機能 ふりがな 文字拡大 元に戻す サイトマップ パソコン画面表示 ページの末尾へ くらし 妊娠・出産 子育て 学校教育 結婚・離婚 引越し・住まい 就職・退職 高齢者・介護 おくやみ 戸籍・住民票・印鑑登録 税 国民健康保険 国民年金 水道 交通 駐車・駐輪 都市計画 産業・事業 ごみ・環境保全 ペット 福祉 障がい者支援 消費生活 健康・医療 文化・スポーツ・生涯学習 "
"豊明市","23229","32","200","広報とよあけ","https://www.city.toyoake.lg.jp/2821.htm","広報とよあけ/豊明市 --> 本文へ移動 広報とよあけ スマートフォン用ツール メニュー表示 自動翻訳 English 中文 Portgues Tiếng Việt Foreign language 背景変更 標準 黒 補助機能 ふりがな 文字拡大 元に戻す サイトマップ パソコン画面表示 ページの末尾へ くらし 妊娠・出産 子育て 学校教育 結婚・離婚 引越し・住まい 就職・退職 高齢者・介護 おくやみ 戸籍・住民票・印鑑登録 税 国民健康保険 国民年金 水道 交通 駐車・駐輪 都市計画 産業・事業 ごみ・環境保全 ペット 福祉 障がい者支援 消費生活 健康・医療 文化・スポーツ・生涯学習 "
"豊明市","23229","32","200","施設予約システムについてのお知らせ","https://www.city.toyoake.lg.jp/2926.htm","施設予約システムについてのお知らせ/豊明市 --> 本文へ移動 施設予約システムについてのお知らせ スマートフォン用ツール メニュー表示 自動翻訳 English 中文 Portgues Tiếng Việt Foreign language 背景変更 標準 黒 補助機能 ふりがな 文字拡大 元に戻す サイトマップ パソコン画面表示 ページの末尾へ くらし 妊娠・出産 子育て 学校教育 結婚・離婚 引越し・住まい 就職・退職 高齢者・介護 おくやみ 戸籍・住民票・印鑑登録 税 国民健康保険 国民年金 水道 交通 駐車・駐輪 都市計画 産業・事業 ごみ・環境保全 ペット 福祉 障がい者支援 消費"
"豊明市","23229","32","200","職員採用関係情報","https://www.city.toyoake.lg.jp/2956.htm","職員採用関係情報/豊明市 --> 本文へ移動 職員採用関係情報 スマートフォン用ツール メニュー表示 自動翻訳 English 中文 Portgues Tiếng Việt Foreign language 背景変更 標準 黒 補助機能 ふりがな 文字拡大 元に戻す サイトマップ パソコン画面表示 ページの末尾へ くらし 妊娠・出産 子育て 学校教育 結婚・離婚 引越し・住まい 就職・退職 高齢者・介護 おくやみ 戸籍・住民票・印鑑登録 税 国民健康保険 国民年金 水道 交通 駐車・駐輪 都市計画 産業・事業 ごみ・環境保全 ペット 福祉 障がい者支援 消費生活 健康・医療 文化・スポーツ・生"
"豊明市","23229","32","200","市議会・選挙","https://www.city.toyoake.lg.jp/2966.htm","市議会・選挙/豊明市 --> 本文へ移動 市議会・選挙 スマートフォン用ツール メニュー表示 自動翻訳 English 中文 Portgues Tiếng Việt Foreign language 背景変更 標準 黒 補助機能 ふりがな 文字拡大 元に戻す サイトマップ パソコン画面表示 ページの末尾へ くらし 妊娠・出産 子育て 学校教育 結婚・離婚 引越し・住まい 就職・退職 高齢者・介護 おくやみ 戸籍・住民票・印鑑登録 税 国民健康保険 国民年金 水道 交通 駐車・駐輪 都市計画 産業・事業 ごみ・環境保全 ペット 福祉 障がい者支援 消費生活 健康・医療 文化・スポーツ・生涯学習 "
"豊明市","23229","32","200","審議会・委員会","https://www.city.toyoake.lg.jp/3151.htm","審議会・委員会/豊明市 --> 本文へ移動 審議会・委員会 スマートフォン用ツール メニュー表示 自動翻訳 English 中文 Portgues Tiếng Việt Foreign language 背景変更 標準 黒 補助機能 ふりがな 文字拡大 元に戻す サイトマップ パソコン画面表示 ページの末尾へ くらし 妊娠・出産 子育て 学校教育 結婚・離婚 引越し・住まい 就職・退職 高齢者・介護 おくやみ 戸籍・住民票・印鑑登録 税 国民健康保険 国民年金 水道 交通 駐車・駐輪 都市計画 産業・事業 ごみ・環境保全 ペット 福祉 障がい者支援 消費生活 健康・医療 文化・スポーツ・生涯学"
"豊明市","23229","32","200","市議会","https://www.city.toyoake.lg.jp/3172.htm","市議会/豊明市 --> 本文へ移動 市議会 スマートフォン用ツール メニュー表示 自動翻訳 English 中文 Portgues Tiếng Việt Foreign language 背景変更 標準 黒 補助機能 ふりがな 文字拡大 元に戻す サイトマップ パソコン画面表示 ページの末尾へ くらし 妊娠・出産 子育て 学校教育 結婚・離婚 引越し・住まい 就職・退職 高齢者・介護 おくやみ 戸籍・住民票・印鑑登録 税 国民健康保険 国民年金 水道 交通 駐車・駐輪 都市計画 産業・事業 ごみ・環境保全 ペット 福祉 障がい者支援 消費生活 健康・医療 文化・スポーツ・生涯学習 市民活動・コ"
"豊明市","23229","32","200","入札・契約","https://www.city.toyoake.lg.jp/3204.htm","入札・契約/豊明市 --> 本文へ移動 入札・契約 スマートフォン用ツール メニュー表示 自動翻訳 English 中文 Portgues Tiếng Việt Foreign language 背景変更 標準 黒 補助機能 ふりがな 文字拡大 元に戻す サイトマップ パソコン画面表示 ページの末尾へ くらし 妊娠・出産 子育て 学校教育 結婚・離婚 引越し・住まい 就職・退職 高齢者・介護 おくやみ 戸籍・住民票・印鑑登録 税 国民健康保険 国民年金 水道 交通 駐車・駐輪 都市計画 産業・事業 ごみ・環境保全 ペット 福祉 障がい者支援 消費生活 健康・医療 文化・スポーツ・生涯学習 市民"
"豊明市","23229","32","200","申請書ダウンロードサービス","https://www.city.toyoake.lg.jp/3451.htm","申請書ダウンロードサービス/豊明市 --> 本文へ移動 申請書ダウンロードサービス スマートフォン用ツール メニュー表示 自動翻訳 English 中文 Portgues Tiếng Việt Foreign language 背景変更 標準 黒 補助機能 ふりがな 文字拡大 元に戻す サイトマップ パソコン画面表示 ページの末尾へ くらし 妊娠・出産 子育て 学校教育 結婚・離婚 引越し・住まい 就職・退職 高齢者・介護 おくやみ 戸籍・住民票・印鑑登録 税 国民健康保険 国民年金 水道 交通 駐車・駐輪 都市計画 産業・事業 ごみ・環境保全 ペット 福祉 障がい者支援 消費生活 健康・医療"
"豊明市","23229","32","200","申請書","https://www.city.toyoake.lg.jp/4301.htm","申請書/豊明市 --> 本文へ移動 申請書 スマートフォン用ツール メニュー表示 自動翻訳 English 中文 Portgues Tiếng Việt Foreign language 背景変更 標準 黒 補助機能 ふりがな 文字拡大 元に戻す サイトマップ パソコン画面表示 ページの末尾へ くらし 妊娠・出産 子育て 学校教育 結婚・離婚 引越し・住まい 就職・退職 高齢者・介護 おくやみ 戸籍・住民票・印鑑登録 税 国民健康保険 国民年金 水道 交通 駐車・駐輪 都市計画 産業・事業 ごみ・環境保全 ペット 福祉 障がい者支援 消費生活 健康・医療 文化・スポーツ・生涯学習 市民活動・コ"
"豊明市","23229","32","200","施設（休日診療所、保健センター）","https://www.city.toyoake.lg.jp/4368.htm","施設（休日診療所、保健センター）/豊明市 --> 本文へ移動 施設（休日診療所、保健センター） スマートフォン用ツール メニュー表示 自動翻訳 English 中文 Portgues Tiếng Việt Foreign language 背景変更 標準 黒 補助機能 ふりがな 文字拡大 元に戻す サイトマップ パソコン画面表示 ページの末尾へ くらし 妊娠・出産 子育て 学校教育 結婚・離婚 引越し・住まい 就職・退職 高齢者・介護 おくやみ 戸籍・住民票・印鑑登録 税 国民健康保険 国民年金 水道 交通 駐車・駐輪 都市計画 産業・事業 ごみ・環境保全 ペット 福祉 障がい者支援 消費生活"
"豊明市","23229","32","200","スポーツ施設","https://www.city.toyoake.lg.jp/4376.htm","スポーツ施設/豊明市 --> 本文へ移動 スポーツ施設 スマートフォン用ツール メニュー表示 自動翻訳 English 中文 Portgues Tiếng Việt Foreign language 背景変更 標準 黒 補助機能 ふりがな 文字拡大 元に戻す サイトマップ パソコン画面表示 ページの末尾へ くらし 妊娠・出産 子育て 学校教育 結婚・離婚 引越し・住まい 就職・退職 高齢者・介護 おくやみ 戸籍・住民票・印鑑登録 税 国民健康保険 国民年金 水道 交通 駐車・駐輪 都市計画 産業・事業 ごみ・環境保全 ペット 福祉 障がい者支援 消費生活 健康・医療 文化・スポーツ・生涯学習 "
"豊明市","23229","32","200","広報とよあけ（外国語版）","https://www.city.toyoake.lg.jp/4669.htm","広報とよあけ（外国語版）/豊明市 --> 本文へ移動 広報とよあけ（外国語版） スマートフォン用ツール メニュー表示 自動翻訳 English 中文 Portgues Tiếng Việt Foreign language 背景変更 標準 黒 補助機能 ふりがな 文字拡大 元に戻す サイトマップ パソコン画面表示 ページの末尾へ くらし 妊娠・出産 子育て 学校教育 結婚・離婚 引越し・住まい 就職・退職 高齢者・介護 おくやみ 戸籍・住民票・印鑑登録 税 国民健康保険 国民年金 水道 交通 駐車・駐輪 都市計画 産業・事業 ごみ・環境保全 ペット 福祉 障がい者支援 消費生活 健康・医療 文"
"豊明市","23229","32","200","くらし","https://www.city.toyoake.lg.jp/5607.htm","くらし/豊明市 --> 本文へ移動 くらし スマートフォン用ツール メニュー表示 自動翻訳 English 中文 Portgues Tiếng Việt Foreign language 背景変更 標準 黒 補助機能 ふりがな 文字拡大 元に戻す サイトマップ パソコン画面表示 ページの末尾へ くらし 妊娠・出産 子育て 学校教育 結婚・離婚 引越し・住まい 就職・退職 高齢者・介護 おくやみ 戸籍・住民票・印鑑登録 税 国民健康保険 国民年金 水道 交通 駐車・駐輪 都市計画 産業・事業 ごみ・環境保全 ペット 福祉 障がい者支援 消費生活 健康・医療 文化・スポーツ・生涯学習 市民活動・コ"
"豊明市","23229","32","200","観光・イベント","https://www.city.toyoake.lg.jp/5609.htm","観光・イベント/豊明市 --> 本文へ移動 観光・イベント スマートフォン用ツール メニュー表示 自動翻訳 English 中文 Portgues Tiếng Việt Foreign language 背景変更 標準 黒 補助機能 ふりがな 文字拡大 元に戻す サイトマップ パソコン画面表示 ページの末尾へ くらし 妊娠・出産 子育て 学校教育 結婚・離婚 引越し・住まい 就職・退職 高齢者・介護 おくやみ 戸籍・住民票・印鑑登録 税 国民健康保険 国民年金 水道 交通 駐車・駐輪 都市計画 産業・事業 ごみ・環境保全 ペット 福祉 障がい者支援 消費生活 健康・医療 文化・スポーツ・生涯学"
"豊明市","23229","32","200","運営協議会","https://www.city.toyoake.lg.jp/5856.htm","運営協議会/豊明市 --> 本文へ移動 運営協議会 スマートフォン用ツール メニュー表示 自動翻訳 English 中文 Portgues Tiếng Việt Foreign language 背景変更 標準 黒 補助機能 ふりがな 文字拡大 元に戻す サイトマップ パソコン画面表示 ページの末尾へ くらし 妊娠・出産 子育て 学校教育 結婚・離婚 引越し・住まい 就職・退職 高齢者・介護 おくやみ 戸籍・住民票・印鑑登録 税 国民健康保険 国民年金 水道 交通 駐車・駐輪 都市計画 産業・事業 ごみ・環境保全 ペット 福祉 障がい者支援 消費生活 健康・医療 文化・スポーツ・生涯学習 市民"
"豊明市","23229","32","200","会議・審議会","https://www.city.toyoake.lg.jp/6246.htm","会議・審議会/豊明市 --> 本文へ移動 会議・審議会 スマートフォン用ツール メニュー表示 自動翻訳 English 中文 Portgues Tiếng Việt Foreign language 背景変更 標準 黒 補助機能 ふりがな 文字拡大 元に戻す サイトマップ パソコン画面表示 ページの末尾へ くらし 妊娠・出産 子育て 学校教育 結婚・離婚 引越し・住まい 就職・退職 高齢者・介護 おくやみ 戸籍・住民票・印鑑登録 税 国民健康保険 国民年金 水道 交通 駐車・駐輪 都市計画 産業・事業 ごみ・環境保全 ペット 福祉 障がい者支援 消費生活 健康・医療 文化・スポーツ・生涯学習 "
"豊明市","23229","32","200","公共施設包括的指定管理等更新に係るサウンディング型市場調査について（追加対話）","https://www.city.toyoake.lg.jp/item/32544.htm","公共施設包括的指定管理等更新に係るサウンディング型市場調査について（追加対話）/豊明市 --> 本文へ移動 公共施設包括的指定管理等更新に係るサウンディング型市場調査について（追加対話） スマートフォン用ツール メニュー表示 自動翻訳 English 中文 Portgues Tiếng Việt Foreign language 背景変更 標準 黒 補助機能 ふりがな 文字拡大 元に戻す サイトマップ パソコン画面表示 ページの末尾へ くらし 妊娠・出産 子育て 学校教育 結婚・離婚 引越し・住まい 就職・退職 高齢者・介護 おくやみ 戸籍・住民票・印鑑登録 税 国民健康保険 国民年金 水道 "
"日進市","23230","31","200","manaca(マナカ)等の利用について","https://www.city.nisshin.lg.jp/department/toshisangyo/ido/1/kanren/4992.html","manaca(マナカ)等の利用について／日進市 本文へ 文字サイズ 背景色変更 携帯サイト Other Language 部や課で選ぶ ご意見・お問い合わせ ホーム くらしの情報 行事・イベント 市役所・公共施設 市の政策・計画 サイト内検索 くらしの情報 行事・イベント 市役所・公共施設 市の政策・計画 Other Language 部や課で選ぶ ご意見・お問い合わせ 現在の位置 ホーム 部や課で選ぶ 都市産業部 移動政策室 くるりんばす（日進市内巡回バス） 関連情報 manaca(マナカ)等の利用について manaca(マナカ)等の利用について ID番号 N4992 更新日：2025年03"
"尾張旭市","23226","31","200","","https://www.city.owariasahi.lg.jp/site/asahi-miryoku/","あさひの魅力トップページ - 尾張旭市公式ホームページ（広報戦略課） ページの先頭です。 メニューを飛ばして本文へ JavaScriptが無効のため、文字の大きさ・背景色を変更する機能を使用できません。 本文へ ご利用ガイド サイトマップ language 文字サイズ 標準 拡大 背景色 白 黒 青 キーワード検索 Googleカスタム検索 検索対象 すべて ページ PDF ページID検索 本文 「健康都市 尾張旭」では市民が健康になることでまちが健康になり、健康な町に生まれて市民がより一層健康になる。そんな素敵な循環が生まれています。 市の花「ひまわり」はまちの輝く未来と豊かな生命力を象徴し"
"日進市","23230","30","200","名古屋商科大学スクールバス（途中停車便）のご案内","https://www.city.nisshin.lg.jp/department/toshisangyo/ido/new_mobility/16893.html","名古屋商科大学スクールバス（途中停車便）のご案内／日進市 本文へ 文字サイズ 背景色変更 携帯サイト Other Language 部や課で選ぶ ご意見・お問い合わせ ホーム くらしの情報 行事・イベント 市役所・公共施設 市の政策・計画 サイト内検索 くらしの情報 行事・イベント 市役所・公共施設 市の政策・計画 Other Language 部や課で選ぶ ご意見・お問い合わせ 現在の位置 ホーム 部や課で選ぶ 都市産業部 移動政策室 新しい移動手段 名古屋商科大学スクールバス（途中停車便）のご案内 名古屋商科大学スクールバス（途中停車便）のご案内 ID番号 N16893 更新日：2026年"
"日進市","23230","30","200","住宅や土地・環境に関すること","https://www.city.nisshin.lg.jp/download/jutaku/index.html","住宅や土地・環境に関すること／日進市 本文へ 文字サイズ 背景色変更 携帯サイト Other Language 部や課で選ぶ ご意見・お問い合わせ ホーム くらしの情報 行事・イベント 市役所・公共施設 市の政策・計画 サイト内検索 くらしの情報 行事・イベント 市役所・公共施設 市の政策・計画 Other Language 部や課で選ぶ ご意見・お問い合わせ 現在の位置 ホーム 申請書ダウンロード 住宅や土地・環境に関すること 住宅や土地・環境に関すること ID番号 N7564 更新日：2019年03月04日 犬・猫の避妊去勢手術に関すること 住宅や土地に関すること(区画整理関係) 道路・水"
"日進市","23230","29","200","★プラ板でつくろう（相野山福祉会館）","http://www.city.nisshin.lg.jp/department/seikatu/fukushikaikan/7/2/2/3/3019.html","「プラ板でつくろう」(相野山福祉会館)／日進市 本文へ 文字サイズ 背景色変更 携帯サイト Other Language 部や課で選ぶ ご意見・お問い合わせ ホーム くらしの情報 行事・イベント 市役所・公共施設 市の政策・計画 サイト内検索 くらしの情報 行事・イベント 市役所・公共施設 市の政策・計画 Other Language 部や課で選ぶ ご意見・お問い合わせ 現在の位置 ホーム 部や課で選ぶ 市民生活部 福祉会館 相野山福祉会館 行事・イベント一覧 イベント 催し 「プラ板でつくろう」(相野山福祉会館) 「プラ板でつくろう」(相野山福祉会館) ID番号 N3019 更新日：2026"
"日進市","23230","29","200","（東部福祉会館）","http://www.city.nisshin.lg.jp/department/seikatu/fukushikaikan/8/2/2/3/18591.html","紙コップタワーあそび＆工作（輪ゴム鉄砲）(東部福祉会館)／日進市 本文へ 文字サイズ 背景色変更 携帯サイト Other Language 部や課で選ぶ ご意見・お問い合わせ ホーム くらしの情報 行事・イベント 市役所・公共施設 市の政策・計画 サイト内検索 くらしの情報 行事・イベント 市役所・公共施設 市の政策・計画 Other Language 部や課で選ぶ ご意見・お問い合わせ 現在の位置 ホーム 部や課で選ぶ 市民生活部 福祉会館 東部福祉会館 行事・イベント一覧 イベント 催し 紙コップタワーあそび＆工作（輪ゴム鉄砲）(東部福祉会館) 紙コップタワーあそび＆工作（輪ゴム鉄砲）(東"
"日進市","23230","29","200","竹で水鉄砲をつくろう！","http://www.city.nisshin.lg.jp/department/seikatu/kankyou/6/2/2/nisshinesd/17256.html","竹で水鉄砲をつくろう！（にっしんESD講座）／日進市 本文へ 文字サイズ 背景色変更 携帯サイト Other Language 部や課で選ぶ ご意見・お問い合わせ ホーム くらしの情報 行事・イベント 市役所・公共施設 市の政策・計画 サイト内検索 くらしの情報 行事・イベント 市役所・公共施設 市の政策・計画 Other Language 部や課で選ぶ ご意見・お問い合わせ 現在の位置 ホーム 部や課で選ぶ 市民生活部 環境課 暮らしの情報 住まい・環境 環境まちづくり施策 にっしんESD講座 竹で水鉄砲をつくろう！（にっしんESD講座） 竹で水鉄砲をつくろう！（にっしんESD講座） ID番"
"日進市","23230","29","200","あかりのエコ教室～これからの”あかり”～","http://www.city.nisshin.lg.jp/department/seikatu/kankyou/6/2/2/nisshinesd/17265.html","あかりのエコ教室～これからの”あかり”～（にっしんESD講座）／日進市 本文へ 文字サイズ 背景色変更 携帯サイト Other Language 部や課で選ぶ ご意見・お問い合わせ ホーム くらしの情報 行事・イベント 市役所・公共施設 市の政策・計画 サイト内検索 くらしの情報 行事・イベント 市役所・公共施設 市の政策・計画 Other Language 部や課で選ぶ ご意見・お問い合わせ 現在の位置 ホーム 部や課で選ぶ 市民生活部 環境課 暮らしの情報 住まい・環境 環境まちづくり施策 にっしんESD講座 あかりのエコ教室～これからの”あかり”～（にっしんESD講座） あかりのエコ教室"
"日進市","23230","29","200","親子里山体験～「里山」ってなに？ 体験してみよう?","http://www.city.nisshin.lg.jp/department/seikatu/kankyou/6/2/2/nisshinesd/17465.html","親子里山体験～里山ってなに？体験してみよう！！～（にっしんESD講座）／日進市 本文へ 文字サイズ 背景色変更 携帯サイト Other Language 部や課で選ぶ ご意見・お問い合わせ ホーム くらしの情報 行事・イベント 市役所・公共施設 市の政策・計画 サイト内検索 くらしの情報 行事・イベント 市役所・公共施設 市の政策・計画 Other Language 部や課で選ぶ ご意見・お問い合わせ 現在の位置 ホーム 部や課で選ぶ 市民生活部 環境課 暮らしの情報 住まい・環境 環境まちづくり施策 にっしんESD講座 親子里山体験～里山ってなに？体験してみよう！！～（にっしんESD講座） "
"日進市","23230","29","200","地球温暖化を学ぶ科学実験教室","http://www.city.nisshin.lg.jp/department/seikatu/kankyou/6/2/2/nisshinesd/18792.html","地球温暖化を学ぶ科学実験教室（にっしんESD講座）／日進市 本文へ 文字サイズ 背景色変更 携帯サイト Other Language 部や課で選ぶ ご意見・お問い合わせ ホーム くらしの情報 行事・イベント 市役所・公共施設 市の政策・計画 サイト内検索 くらしの情報 行事・イベント 市役所・公共施設 市の政策・計画 Other Language 部や課で選ぶ ご意見・お問い合わせ 現在の位置 ホーム 部や課で選ぶ 市民生活部 環境課 暮らしの情報 住まい・環境 環境まちづくり施策 にっしんESD講座 地球温暖化を学ぶ科学実験教室（にっしんESD講座） 地球温暖化を学ぶ科学実験教室（にっしんE"
"日進市","23230","29","200","にっしん水生生物調査","http://www.city.nisshin.lg.jp/department/seikatu/kankyou/6/2/2/nisshinesd/18807.html","にっしん水生生物調査（にっしんESD講座）／日進市 本文へ 文字サイズ 背景色変更 携帯サイト Other Language 部や課で選ぶ ご意見・お問い合わせ ホーム くらしの情報 行事・イベント 市役所・公共施設 市の政策・計画 サイト内検索 くらしの情報 行事・イベント 市役所・公共施設 市の政策・計画 Other Language 部や課で選ぶ ご意見・お問い合わせ 現在の位置 ホーム 部や課で選ぶ 市民生活部 環境課 暮らしの情報 住まい・環境 環境まちづくり施策 にっしんESD講座 にっしん水生生物調査（にっしんESD講座） にっしん水生生物調査（にっしんESD講座） ID番号 N"
"日進市","23230","29","200","★夏休み親子料理研究隊「親子でチャレンジ 手作りパン」","https://www.city.nisshin.lg.jp/department/kenko/kenko/2/2/2/17251.html","夏休み親子料理研究隊「親子でチャレンジ 手作りパン」／日進市 本文へ 文字サイズ 背景色変更 携帯サイト Other Language 部や課で選ぶ ご意見・お問い合わせ ホーム くらしの情報 行事・イベント 市役所・公共施設 市の政策・計画 サイト内検索 くらしの情報 行事・イベント 市役所・公共施設 市の政策・計画 Other Language 部や課で選ぶ ご意見・お問い合わせ 現在の位置 ホーム 部や課で選ぶ 健康こども部 健康課 行事・イベント一覧 イベント 健康・福祉 夏休み親子料理研究隊「親子でチャレンジ 手作りパン」 夏休み親子料理研究隊「親子でチャレンジ 手作りパン」 ID番"
"日進市","23230","29","200","★食育たんけん隊「カフェランチ～ロコモコ丼～を作ろう」","https://www.city.nisshin.lg.jp/department/kenko/kenko/2/2/2/17252.html","食育たんけん隊「カフェランチ～ロコモコ丼～を作ろう」／日進市 本文へ 文字サイズ 背景色変更 携帯サイト Other Language 部や課で選ぶ ご意見・お問い合わせ ホーム くらしの情報 行事・イベント 市役所・公共施設 市の政策・計画 サイト内検索 くらしの情報 行事・イベント 市役所・公共施設 市の政策・計画 Other Language 部や課で選ぶ ご意見・お問い合わせ 現在の位置 ホーム 部や課で選ぶ 健康こども部 健康課 行事・イベント一覧 イベント 健康・福祉 食育たんけん隊「カフェランチ～ロコモコ丼～を作ろう」 食育たんけん隊「カフェランチ～ロコモコ丼～を作ろう」 ID番"
"日進市","23230","29","200","にっしん子育て総合支援センター出張講座「親子でわらべうたあそび」","https://www.city.nisshin.lg.jp/department/kenko/kosodate/gyouji/kosodateibento/18595.html","にっしん子育て総合支援センター出張講座「親子でわらべうたあそび」／日進市 本文へ 文字サイズ 背景色変更 携帯サイト Other Language 部や課で選ぶ ご意見・お問い合わせ ホーム くらしの情報 行事・イベント 市役所・公共施設 市の政策・計画 サイト内検索 くらしの情報 行事・イベント 市役所・公共施設 市の政策・計画 Other Language 部や課で選ぶ ご意見・お問い合わせ 現在の位置 ホーム 部や課で選ぶ 健康こども部 子育て支援課 行事・イベント一覧 イベント案内 にっしん子育て総合支援センター出張講座「親子でわらべうたあそび」 にっしん子育て総合支援センター出張講座"
"日進市","23230","29","200","プレママ・プレパパの日","https://www.city.nisshin.lg.jp/department/kenko/kosodate/gyouji/kosodateibento/18596.html","にっしん子育て総合支援センター「プレママ・プレパパの日」／日進市 本文へ 文字サイズ 背景色変更 携帯サイト Other Language 部や課で選ぶ ご意見・お問い合わせ ホーム くらしの情報 行事・イベント 市役所・公共施設 市の政策・計画 サイト内検索 くらしの情報 行事・イベント 市役所・公共施設 市の政策・計画 Other Language 部や課で選ぶ ご意見・お問い合わせ 現在の位置 ホーム 部や課で選ぶ 健康こども部 子育て支援課 行事・イベント一覧 イベント案内 にっしん子育て総合支援センター「プレママ・プレパパの日」 にっしん子育て総合支援センター「プレママ・プレパパの日"
"日進市","23230","29","200","親子ケーキ講座（岩崎台・香久山福祉会館）","https://www.city.nisshin.lg.jp/department/seikatu/fukushikaikan/2/2_1/2/18575.html","親子ケーキ講座／日進市 本文へ 文字サイズ 背景色変更 携帯サイト Other Language 部や課で選ぶ ご意見・お問い合わせ ホーム くらしの情報 行事・イベント 市役所・公共施設 市の政策・計画 サイト内検索 くらしの情報 行事・イベント 市役所・公共施設 市の政策・計画 Other Language 部や課で選ぶ ご意見・お問い合わせ 現在の位置 ホーム 部や課で選ぶ 市民生活部 福祉会館 岩崎台・香久山福祉会館 イベント 催し 親子ケーキ講座 親子ケーキ講座 ID番号 N18575 更新日：2026年06月01日 親子ケーキ講座 日時 ：令和8年8月2日（日曜日）午後1時～3時3"
"日進市","23230","29","200","小学生理科教室（岩崎台・香久山福祉会館）","https://www.city.nisshin.lg.jp/department/seikatu/fukushikaikan/2/2_1/2/18576.html","小学生理科教室／日進市 本文へ 文字サイズ 背景色変更 携帯サイト Other Language 部や課で選ぶ ご意見・お問い合わせ ホーム くらしの情報 行事・イベント 市役所・公共施設 市の政策・計画 サイト内検索 くらしの情報 行事・イベント 市役所・公共施設 市の政策・計画 Other Language 部や課で選ぶ ご意見・お問い合わせ 現在の位置 ホーム 部や課で選ぶ 市民生活部 福祉会館 岩崎台・香久山福祉会館 イベント 催し 小学生理科教室 小学生理科教室 ID番号 N18576 更新日：2026年06月01日 小学生理科教室 日時 ：令和8年8月9日（日曜日）午前10時～12"
"日進市","23230","29","200","紙コップタワー＆カラオケ開放(岩崎台・香久山福祉会館)","https://www.city.nisshin.lg.jp/department/seikatu/fukushikaikan/2/2_1/2/18577.html","紙コップタワー＆カラオケ開放（岩崎台・香久山福祉会館）／日進市 本文へ 文字サイズ 背景色変更 携帯サイト Other Language 部や課で選ぶ ご意見・お問い合わせ ホーム くらしの情報 行事・イベント 市役所・公共施設 市の政策・計画 サイト内検索 くらしの情報 行事・イベント 市役所・公共施設 市の政策・計画 Other Language 部や課で選ぶ ご意見・お問い合わせ 現在の位置 ホーム 部や課で選ぶ 市民生活部 福祉会館 岩崎台・香久山福祉会館 イベント 催し 紙コップタワー＆カラオケ開放（岩崎台・香久山福祉会館） 紙コップタワー＆カラオケ開放（岩崎台・香久山福祉会館） I"
"日進市","23230","29","200","スライムをつくろう（岩崎台・香久山福祉会館）","https://www.city.nisshin.lg.jp/department/seikatu/fukushikaikan/2/2_1/2/18578.html","スライムをつくろう（岩崎台・香久山福祉会館）／日進市 本文へ 文字サイズ 背景色変更 携帯サイト Other Language 部や課で選ぶ ご意見・お問い合わせ ホーム くらしの情報 行事・イベント 市役所・公共施設 市の政策・計画 サイト内検索 くらしの情報 行事・イベント 市役所・公共施設 市の政策・計画 Other Language 部や課で選ぶ ご意見・お問い合わせ 現在の位置 ホーム 部や課で選ぶ 市民生活部 福祉会館 岩崎台・香久山福祉会館 イベント 催し スライムをつくろう（岩崎台・香久山福祉会館） スライムをつくろう（岩崎台・香久山福祉会館） ID番号 N18578 更新日："
"日進市","23230","29","200","親子バルーンアート（岩崎台・香久山福祉会館）","https://www.city.nisshin.lg.jp/department/seikatu/fukushikaikan/2/2_1/2/18691.html","親子バルーンアート／日進市 本文へ 文字サイズ 背景色変更 携帯サイト Other Language 部や課で選ぶ ご意見・お問い合わせ ホーム くらしの情報 行事・イベント 市役所・公共施設 市の政策・計画 サイト内検索 くらしの情報 行事・イベント 市役所・公共施設 市の政策・計画 Other Language 部や課で選ぶ ご意見・お問い合わせ 現在の位置 ホーム 部や課で選ぶ 市民生活部 福祉会館 岩崎台・香久山福祉会館 イベント 催し 親子バルーンアート 親子バルーンアート ID番号 N18691 更新日：2026年07月01日 親子バルーンアート 風船でいろいろな形を作って、親子で"
"日進市","23230","29","200","オリジナルキーホルダーをつくろう（岩崎台・香久山福祉会館）","https://www.city.nisshin.lg.jp/department/seikatu/fukushikaikan/2/2_1/2/18697.html","オリジナルキーホルダーをつくろう（岩崎台・香久山福祉会館）／日進市 本文へ 文字サイズ 背景色変更 携帯サイト Other Language 部や課で選ぶ ご意見・お問い合わせ ホーム くらしの情報 行事・イベント 市役所・公共施設 市の政策・計画 サイト内検索 くらしの情報 行事・イベント 市役所・公共施設 市の政策・計画 Other Language 部や課で選ぶ ご意見・お問い合わせ 現在の位置 ホーム 部や課で選ぶ 市民生活部 福祉会館 岩崎台・香久山福祉会館 イベント 催し オリジナルキーホルダーをつくろう（岩崎台・香久山福祉会館） オリジナルキーホルダーをつくろう（岩崎台・香久山福"
"日進市","23230","29","200","ボードゲームであそぼう（西部福祉会館）","https://www.city.nisshin.lg.jp/department/seikatu/fukushikaikan/6/2/2/3/18747.html","ボードゲームであそぼう!（西部福祉会館）／日進市 本文へ 文字サイズ 背景色変更 携帯サイト Other Language 部や課で選ぶ ご意見・お問い合わせ ホーム くらしの情報 行事・イベント 市役所・公共施設 市の政策・計画 サイト内検索 くらしの情報 行事・イベント 市役所・公共施設 市の政策・計画 Other Language 部や課で選ぶ ご意見・お問い合わせ 現在の位置 ホーム 部や課で選ぶ 市民生活部 福祉会館 西部福祉会館 行事・イベント一覧 イベント 催し ボードゲームであそぼう!（西部福祉会館） ボードゲームであそぼう!（西部福祉会館） ID番号 N18747 更新日：2"
"日進市","23230","29","200","プラ板キーホルダーをつくろう","https://www.city.nisshin.lg.jp/department/seikatu/fukushikaikan/6/2/2/3/18749.html","ブラバンキーホルダーをつくろう！（西部福祉会館）／日進市 本文へ 文字サイズ 背景色変更 携帯サイト Other Language 部や課で選ぶ ご意見・お問い合わせ ホーム くらしの情報 行事・イベント 市役所・公共施設 市の政策・計画 サイト内検索 くらしの情報 行事・イベント 市役所・公共施設 市の政策・計画 Other Language 部や課で選ぶ ご意見・お問い合わせ 現在の位置 ホーム 部や課で選ぶ 市民生活部 福祉会館 西部福祉会館 行事・イベント一覧 イベント 催し ブラバンキーホルダーをつくろう！（西部福祉会館） ブラバンキーホルダーをつくろう！（西部福祉会館） ID番号 "
"日進市","23230","29","200","カラオケ＆みんなでアート（相野山福祉会館）","https://www.city.nisshin.lg.jp/department/seikatu/fukushikaikan/7/2/2/3/12041.html","カラオケ＆みんなでアート(相野山福祉会館)／日進市 本文へ 文字サイズ 背景色変更 携帯サイト Other Language 部や課で選ぶ ご意見・お問い合わせ ホーム くらしの情報 行事・イベント 市役所・公共施設 市の政策・計画 サイト内検索 くらしの情報 行事・イベント 市役所・公共施設 市の政策・計画 Other Language 部や課で選ぶ ご意見・お問い合わせ 現在の位置 ホーム 部や課で選ぶ 市民生活部 福祉会館 相野山福祉会館 行事・イベント一覧 イベント 催し カラオケ＆みんなでアート(相野山福祉会館) カラオケ＆みんなでアート(相野山福祉会館) ID番号 N12041 更"
"日進市","23230","29","200","ひんやりスライムを作ろう(相野山福祉会館)","https://www.city.nisshin.lg.jp/department/seikatu/fukushikaikan/7/2/2/3/3021.html","「ひんやりスライム」をつくろう(相野山福祉会館)／日進市 本文へ 文字サイズ 背景色変更 携帯サイト Other Language 部や課で選ぶ ご意見・お問い合わせ ホーム くらしの情報 行事・イベント 市役所・公共施設 市の政策・計画 サイト内検索 くらしの情報 行事・イベント 市役所・公共施設 市の政策・計画 Other Language 部や課で選ぶ ご意見・お問い合わせ 現在の位置 ホーム 部や課で選ぶ 市民生活部 福祉会館 相野山福祉会館 行事・イベント一覧 イベント 催し 「ひんやりスライム」をつくろう(相野山福祉会館) 「ひんやりスライム」をつくろう(相野山福祉会館) ID番号"
"日進市","23230","29","200","新聞ボールであそぼう（相野山福祉会館）","https://www.city.nisshin.lg.jp/department/seikatu/fukushikaikan/7/2/2/3/9191.html","新聞ボールであそぼう(相野山福祉会館)／日進市 本文へ 文字サイズ 背景色変更 携帯サイト Other Language 部や課で選ぶ ご意見・お問い合わせ ホーム くらしの情報 行事・イベント 市役所・公共施設 市の政策・計画 サイト内検索 くらしの情報 行事・イベント 市役所・公共施設 市の政策・計画 Other Language 部や課で選ぶ ご意見・お問い合わせ 現在の位置 ホーム 部や課で選ぶ 市民生活部 福祉会館 相野山福祉会館 行事・イベント一覧 イベント 催し 新聞ボールであそぼう(相野山福祉会館) 新聞ボールであそぼう(相野山福祉会館) ID番号 N9191 更新日：2026"
"日進市","23230","29","200","紙コップタワーあそび＆工作（輪ゴム鉄砲）","https://www.city.nisshin.lg.jp/department/seikatu/fukushikaikan/8/2/2/3/18591.html","紙コップタワーあそび＆工作（輪ゴム鉄砲）(東部福祉会館)／日進市 本文へ 文字サイズ 背景色変更 携帯サイト Other Language 部や課で選ぶ ご意見・お問い合わせ ホーム くらしの情報 行事・イベント 市役所・公共施設 市の政策・計画 サイト内検索 くらしの情報 行事・イベント 市役所・公共施設 市の政策・計画 Other Language 部や課で選ぶ ご意見・お問い合わせ 現在の位置 ホーム 部や課で選ぶ 市民生活部 福祉会館 東部福祉会館 行事・イベント一覧 イベント 催し 紙コップタワーあそび＆工作（輪ゴム鉄砲）(東部福祉会館) 紙コップタワーあそび＆工作（輪ゴム鉄砲）(東"
"日進市","23230","29","200","スライムをつくってあそぼう（東部福祉会館）","https://www.city.nisshin.lg.jp/department/seikatu/fukushikaikan/8/2/2/3/18718.html","スライムをつくってあそぼう(東部福祉会館)／日進市 本文へ 文字サイズ 背景色変更 携帯サイト Other Language 部や課で選ぶ ご意見・お問い合わせ ホーム くらしの情報 行事・イベント 市役所・公共施設 市の政策・計画 サイト内検索 くらしの情報 行事・イベント 市役所・公共施設 市の政策・計画 Other Language 部や課で選ぶ ご意見・お問い合わせ 現在の位置 ホーム 部や課で選ぶ 市民生活部 福祉会館 東部福祉会館 行事・イベント一覧 イベント 催し スライムをつくってあそぼう(東部福祉会館) スライムをつくってあそぼう(東部福祉会館) ID番号 N18718 更新"
"日進市","23230","29","200","カラオケ＆工作（ソルトアート）（東部福祉会館）","https://www.city.nisshin.lg.jp/department/seikatu/fukushikaikan/8/2/2/3/18719.html","カラオケ＆工作（ソルトアート）(東部福祉会館)／日進市 本文へ 文字サイズ 背景色変更 携帯サイト Other Language 部や課で選ぶ ご意見・お問い合わせ ホーム くらしの情報 行事・イベント 市役所・公共施設 市の政策・計画 サイト内検索 くらしの情報 行事・イベント 市役所・公共施設 市の政策・計画 Other Language 部や課で選ぶ ご意見・お問い合わせ 現在の位置 ホーム 部や課で選ぶ 市民生活部 福祉会館 東部福祉会館 行事・イベント一覧 イベント 催し カラオケ＆工作（ソルトアート）(東部福祉会館) カラオケ＆工作（ソルトアート）(東部福祉会館) ID番号 N18"
"日進市","23230","29","200","★集団遊び「おさかな紙コップでつくる！みんなのタワーあそび」","https://www.city.nisshin.lg.jp/department/seikatu/fukushikaikan/9/2/2/3/15932.html","集団遊び「おさかな紙コップでつくる！みんなのタワーあそび」（南部福祉会館）／日進市 本文へ 文字サイズ 背景色変更 携帯サイト Other Language 部や課で選ぶ ご意見・お問い合わせ ホーム くらしの情報 行事・イベント 市役所・公共施設 市の政策・計画 サイト内検索 くらしの情報 行事・イベント 市役所・公共施設 市の政策・計画 Other Language 部や課で選ぶ ご意見・お問い合わせ 現在の位置 ホーム 部や課で選ぶ 市民生活部 福祉会館 南部福祉会館 行事・イベント一覧 イベント 催し 集団遊び「おさかな紙コップでつくる！みんなのタワーあそび」（南部福祉会館） 集団遊び"
"日進市","23230","29","200","★きらきらスライムをつくろう（南部福祉会館）","https://www.city.nisshin.lg.jp/department/seikatu/fukushikaikan/9/2/2/3/17316.html","きらきらスライムをつくろう（南部福祉会館）／日進市 本文へ 文字サイズ 背景色変更 携帯サイト Other Language 部や課で選ぶ ご意見・お問い合わせ ホーム くらしの情報 行事・イベント 市役所・公共施設 市の政策・計画 サイト内検索 くらしの情報 行事・イベント 市役所・公共施設 市の政策・計画 Other Language 部や課で選ぶ ご意見・お問い合わせ 現在の位置 ホーム 部や課で選ぶ 市民生活部 福祉会館 南部福祉会館 行事・イベント一覧 イベント 催し きらきらスライムをつくろう（南部福祉会館） きらきらスライムをつくろう（南部福祉会館） ID番号 N17316 更新"
"日進市","23230","29","200","★お買い物が楽しくなる！サスティナブルな買い物教室","https://www.city.nisshin.lg.jp/department/seikatu/kyousei/2/3/17233.html","お買い物が楽しくなる！サスティナブルな買い物教室 参加者募集／日進市 本文へ 文字サイズ 背景色変更 携帯サイト Other Language 部や課で選ぶ ご意見・お問い合わせ ホーム くらしの情報 行事・イベント 市役所・公共施設 市の政策・計画 サイト内検索 くらしの情報 行事・イベント 市役所・公共施設 市の政策・計画 Other Language 部や課で選ぶ ご意見・お問い合わせ 現在の位置 ホーム 部や課で選ぶ 市民生活部 地域共生課 行事・イベント一覧 募集情報 お買い物が楽しくなる！サスティナブルな買い物教室 参加者募集 お買い物が楽しくなる！サスティナブルな買い物教室 参加"
"日進市","23230","29","200","はじめてのポルトガル語講座","https://www.city.nisshin.lg.jp/department/seikatu/kyousei/3/6/18573.html","日進市国際交流協会の事業～はじめてのポルトガル語講座～／日進市 本文へ 文字サイズ 背景色変更 携帯サイト Other Language 部や課で選ぶ ご意見・お問い合わせ ホーム くらしの情報 行事・イベント 市役所・公共施設 市の政策・計画 サイト内検索 くらしの情報 行事・イベント 市役所・公共施設 市の政策・計画 Other Language 部や課で選ぶ ご意見・お問い合わせ 現在の位置 ホーム 部や課で選ぶ 市民生活部 地域共生課 市の政策・計画 国際交流 日進市国際交流協会の事業～はじめてのポルトガル語講座～ 日進市国際交流協会の事業～はじめてのポルトガル語講座～ ID番号 N1"
"日進市","23230","29","200","にっしん平和のつどい2026","https://www.city.nisshin.lg.jp/department/seikatu/kyousei/6/2_1/9290.html","にっしん平和のつどい2026を開催します／日進市 本文へ 文字サイズ 背景色変更 携帯サイト Other Language 部や課で選ぶ ご意見・お問い合わせ ホーム くらしの情報 行事・イベント 市役所・公共施設 市の政策・計画 サイト内検索 くらしの情報 行事・イベント 市役所・公共施設 市の政策・計画 Other Language 部や課で選ぶ ご意見・お問い合わせ 現在の位置 ホーム 部や課で選ぶ 市民生活部 地域共生課 暮らしの情報 平和事業 にっしん平和のつどい2026を開催します にっしん平和のつどい2026を開催します ID番号 N9290 更新日：2026年07月08日 非核"
"日進市","23230","29","200","ママさんバレーボール教室","https://www.city.nisshin.lg.jp/department/shogai/manabi/2/2/2/sportsevent/17495.html","ママさんバレーボール教室／日進市 本文へ 文字サイズ 背景色変更 携帯サイト Other Language 部や課で選ぶ ご意見・お問い合わせ ホーム くらしの情報 行事・イベント 市役所・公共施設 市の政策・計画 サイト内検索 くらしの情報 行事・イベント 市役所・公共施設 市の政策・計画 Other Language 部や課で選ぶ ご意見・お問い合わせ 現在の位置 ホーム 部や課で選ぶ 生涯学習部 学び支援課 行事・イベント一覧 イベント スポーツ スポーツ関連団体イベント ママさんバレーボール教室 ママさんバレーボール教室 ID番号 N17495 更新日：2026年06月08日 初心者で"
"日進市","23230","29","200","交流杯争奪少年野球大会","https://www.city.nisshin.lg.jp/department/shogai/manabi/2/2/2/sportsevent/17508.html","交流杯争奪少年野球大会／日進市 本文へ 文字サイズ 背景色変更 携帯サイト Other Language 部や課で選ぶ ご意見・お問い合わせ ホーム くらしの情報 行事・イベント 市役所・公共施設 市の政策・計画 サイト内検索 くらしの情報 行事・イベント 市役所・公共施設 市の政策・計画 Other Language 部や課で選ぶ ご意見・お問い合わせ 現在の位置 ホーム 部や課で選ぶ 生涯学習部 学び支援課 行事・イベント一覧 イベント スポーツ スポーツ関連団体イベント 交流杯争奪少年野球大会 交流杯争奪少年野球大会 ID番号 N17508 更新日：2026年06月08日 市内の全所属チ"
"日進市","23230","29","200","2026年度日進市少年少女空手道教室","https://www.city.nisshin.lg.jp/department/shogai/manabi/2/2/2/sportsevent/17911.html","2026年度日進市少年少女空手道教室／日進市 本文へ 文字サイズ 背景色変更 携帯サイト Other Language 部や課で選ぶ ご意見・お問い合わせ ホーム くらしの情報 行事・イベント 市役所・公共施設 市の政策・計画 サイト内検索 くらしの情報 行事・イベント 市役所・公共施設 市の政策・計画 Other Language 部や課で選ぶ ご意見・お問い合わせ 現在の位置 ホーム 部や課で選ぶ 生涯学習部 学び支援課 行事・イベント一覧 イベント スポーツ スポーツ関連団体イベント 2026年度日進市少年少女空手道教室 2026年度日進市少年少女空手道教室 ID番号 N17911 更新"
"日進市","23230","29","200","健康ポイントラリー・レクリエーション講座","https://www.city.nisshin.lg.jp/department/shogai/manabi/2/2/2/sportsevent/18420.html","健康ポイントラリー・レクリエーション講座／日進市 本文へ 文字サイズ 背景色変更 携帯サイト Other Language 部や課で選ぶ ご意見・お問い合わせ ホーム くらしの情報 行事・イベント 市役所・公共施設 市の政策・計画 サイト内検索 くらしの情報 行事・イベント 市役所・公共施設 市の政策・計画 Other Language 部や課で選ぶ ご意見・お問い合わせ 現在の位置 ホーム 部や課で選ぶ 生涯学習部 学び支援課 行事・イベント一覧 イベント スポーツ スポーツ関連団体イベント 健康ポイントラリー・レクリエーション講座 健康ポイントラリー・レクリエーション講座 ID番号 N18"
"日進市","23230","29","200","少人数制ゴルフ教室","https://www.city.nisshin.lg.jp/department/shogai/manabi/2/2/2/sportsevent/18510.html","少人数制ゴルフ教室／日進市 本文へ 文字サイズ 背景色変更 携帯サイト Other Language 部や課で選ぶ ご意見・お問い合わせ ホーム くらしの情報 行事・イベント 市役所・公共施設 市の政策・計画 サイト内検索 くらしの情報 行事・イベント 市役所・公共施設 市の政策・計画 Other Language 部や課で選ぶ ご意見・お問い合わせ 現在の位置 ホーム 部や課で選ぶ 生涯学習部 学び支援課 行事・イベント一覧 イベント スポーツ スポーツ関連団体イベント 少人数制ゴルフ教室 少人数制ゴルフ教室 ID番号 N18510 更新日：2026年04月16日 少人数制ゴルフ教室 日時："
"日進市","23230","29","200","日進生誕120周年記念にっしん婚活応援事業","https://www.city.nisshin.lg.jp/department/shogai/manabi/7/2/2/16170.html","日進生誕120周年記念 にっしん婚活応援事業／日進市 本文へ 文字サイズ 背景色変更 携帯サイト Other Language 部や課で選ぶ ご意見・お問い合わせ ホーム くらしの情報 行事・イベント 市役所・公共施設 市の政策・計画 サイト内検索 くらしの情報 行事・イベント 市役所・公共施設 市の政策・計画 Other Language 部や課で選ぶ ご意見・お問い合わせ 現在の位置 ホーム 部や課で選ぶ 生涯学習部 学び支援課 暮らしの情報 教育・文化 学び支援課 日進生誕120周年記念 にっしん婚活応援事業 日進生誕120周年記念 にっしん婚活応援事業 ID番号 N16170 更新日："
"日進市","23230","29","200","くるりんばす（日進市内巡回バス）","https://www.city.nisshin.lg.jp/department/toshisangyo/ido/1/index.html","くるりんばす（日進市内巡回バス）／日進市 本文へ 文字サイズ 背景色変更 携帯サイト Other Language 部や課で選ぶ ご意見・お問い合わせ ホーム くらしの情報 行事・イベント 市役所・公共施設 市の政策・計画 サイト内検索 くらしの情報 行事・イベント 市役所・公共施設 市の政策・計画 Other Language 部や課で選ぶ ご意見・お問い合わせ 現在の位置 ホーム 部や課で選ぶ 都市産業部 移動政策室 くるりんばす（日進市内巡回バス） くるりんばす（日進市内巡回バス） ID番号 N887 更新日：2024年03月14日 くるりんばす(日進市内巡回バス) くるりんばすの路線見"
"日進市","23230","29","200","市内出身の有名声優による「くるりんばす車内音声案内」を実施中！","https://www.city.nisshin.lg.jp/department/toshisangyo/ido/1/kururin_specialvoice.html","市内出身の有名声優による「くるりんばす車内音声案内」を実施中！／日進市 本文へ 文字サイズ 背景色変更 携帯サイト Other Language 部や課で選ぶ ご意見・お問い合わせ ホーム くらしの情報 行事・イベント 市役所・公共施設 市の政策・計画 サイト内検索 くらしの情報 行事・イベント 市役所・公共施設 市の政策・計画 Other Language 部や課で選ぶ ご意見・お問い合わせ 現在の位置 ホーム 部や課で選ぶ 都市産業部 移動政策室 くるりんばす（日進市内巡回バス） 市内出身の有名声優による「くるりんばす車内音声案内」を実施中！ 市内出身の有名声優による「くるりんばす車内音声"
"日進市","23230","29","200","新しい移動手段","https://www.city.nisshin.lg.jp/department/toshisangyo/ido/1/new_mobility/index.html","新しい移動手段／日進市 本文へ 文字サイズ 背景色変更 携帯サイト Other Language 部や課で選ぶ ご意見・お問い合わせ ホーム くらしの情報 行事・イベント 市役所・公共施設 市の政策・計画 サイト内検索 くらしの情報 行事・イベント 市役所・公共施設 市の政策・計画 Other Language 部や課で選ぶ ご意見・お問い合わせ 現在の位置 ホーム 部や課で選ぶ 都市産業部 移動政策室 くるりんばす（日進市内巡回バス） 新しい移動手段 新しい移動手段 ID番号 N13878 更新日：2022年12月28日 自動運転バス実証実験を実施しています！ 「にっしんアルマ」に登録して、"
"日進市","23230","29","200","くるりんばすの路線見直しを行います（令和7年10月1日）","https://www.city.nisshin.lg.jp/department/toshisangyo/ido/1/R6kururinbus-kaisei.html","くるりんばすの路線見直しを行います（令和7年10月1日）／日進市 本文へ 文字サイズ 背景色変更 携帯サイト Other Language 部や課で選ぶ ご意見・お問い合わせ ホーム くらしの情報 行事・イベント 市役所・公共施設 市の政策・計画 サイト内検索 くらしの情報 行事・イベント 市役所・公共施設 市の政策・計画 Other Language 部や課で選ぶ ご意見・お問い合わせ 現在の位置 ホーム 部や課で選ぶ 都市産業部 移動政策室 くるりんばす（日進市内巡回バス） くるりんばすの路線見直しを行います（令和7年10月1日） くるりんばすの路線見直しを行います（令和7年10月1日） "
"日進市","23230","29","200","くるりんばす路線図・時刻表（令和7年10月1日以降）","https://www.city.nisshin.lg.jp/department/toshisangyo/ido/1/zikoku_2/index.html","くるりんばす路線図・時刻表（令和7年10月1日以降）／日進市 本文へ 文字サイズ 背景色変更 携帯サイト Other Language 部や課で選ぶ ご意見・お問い合わせ ホーム くらしの情報 行事・イベント 市役所・公共施設 市の政策・計画 サイト内検索 くらしの情報 行事・イベント 市役所・公共施設 市の政策・計画 Other Language 部や課で選ぶ ご意見・お問い合わせ 現在の位置 ホーム 部や課で選ぶ 都市産業部 移動政策室 くるりんばす（日進市内巡回バス） くるりんばす路線図・時刻表（令和7年10月1日以降） くるりんばす路線図・時刻表（令和7年10月1日以降） ID番号 N"
"日進市","23230","29","200","くるりんばす時刻表（令和7年10月1日以降）よみあげ用","https://www.city.nisshin.lg.jp/department/toshisangyo/ido/1/zikoku_3/index.html","くるりんばす時刻表（令和7年10月1日以降）よみあげ用／日進市 本文へ 文字サイズ 背景色変更 携帯サイト Other Language 部や課で選ぶ ご意見・お問い合わせ ホーム くらしの情報 行事・イベント 市役所・公共施設 市の政策・計画 サイト内検索 くらしの情報 行事・イベント 市役所・公共施設 市の政策・計画 Other Language 部や課で選ぶ ご意見・お問い合わせ 現在の位置 ホーム 部や課で選ぶ 都市産業部 移動政策室 くるりんばす（日進市内巡回バス） くるりんばす時刻表（令和7年10月1日以降）よみあげ用 くるりんばす時刻表（令和7年10月1日以降）よみあげ用 ID番"
"日進市","23230","29","200","道の駅整備事業","https://www.city.nisshin.lg.jp/department/toshisangyo/kanko/6/2/2_1/3/index.html","道の駅整備事業／日進市 本文へ 文字サイズ 背景色変更 携帯サイト Other Language 部や課で選ぶ ご意見・お問い合わせ ホーム くらしの情報 行事・イベント 市役所・公共施設 市の政策・計画 サイト内検索 くらしの情報 行事・イベント 市役所・公共施設 市の政策・計画 Other Language 部や課で選ぶ ご意見・お問い合わせ 現在の位置 ホーム 部や課で選ぶ 都市産業部 産業観光課 暮らしの情報 産業・雇用・観光・まちづくり 観光・シティプロモーション 道の駅整備事業 道の駅整備事業 ID番号 N1383 更新日：2024年03月26日 道の駅マチテラス日進は令和7年8月"
"高浜市","23227","27","200","メールでのお問い合わせはこちら","https://www.city.takahama.lg.jp/form/detail.php?sec_sec1=10&amp;inq=03&lif_id=32893","お問い合わせ - 高浜市ホームページ ページの先頭です。 メニューを飛ばして本文へ メニュー JavaScriptが無効のため、文字の大きさ・背景色を変更する機能を使用できません。 本文へ Foreign language 文字サイズ 標準 拡大 背景色変更 白 黒 青 もしもの時は --> 生活に関する情報 Living information 住民票・戸籍 保険・年金 税金（くらしの情報） 消防・救急 防災 防犯・安全 医療・健康 福祉・介護 子育て 教育 上水道・下水道 ごみ・衛生 ペット・動植物 まちづくり・コミュニティ・協働 生涯学習・スポーツ 人権・男女平等・外国人 土地・住宅 道"
"高浜市","23227","27","200","メールでのお問い合わせはこちら","https://www.city.takahama.lg.jp/form/detail.php?sec_sec1=10&lif_id=2618","お問い合わせ - 高浜市ホームページ ページの先頭です。 メニューを飛ばして本文へ メニュー JavaScriptが無効のため、文字の大きさ・背景色を変更する機能を使用できません。 本文へ Foreign language 文字サイズ 標準 拡大 背景色変更 白 黒 青 もしもの時は --> 生活に関する情報 Living information 住民票・戸籍 保険・年金 税金（くらしの情報） 消防・救急 防災 防犯・安全 医療・健康 福祉・介護 子育て 教育 上水道・下水道 ごみ・衛生 ペット・動植物 まちづくり・コミュニティ・協働 生涯学習・スポーツ 人権・男女平等・外国人 土地・住宅 道"
"高浜市","23227","27","200","メールでのお問い合わせはこちら","https://www.city.takahama.lg.jp/form/detail.php?sec_sec1=10&lif_id=38914","お問い合わせ - 高浜市ホームページ ページの先頭です。 メニューを飛ばして本文へ メニュー JavaScriptが無効のため、文字の大きさ・背景色を変更する機能を使用できません。 本文へ Foreign language 文字サイズ 標準 拡大 背景色変更 白 黒 青 もしもの時は --> 生活に関する情報 Living information 住民票・戸籍 保険・年金 税金（くらしの情報） 消防・救急 防災 防犯・安全 医療・健康 福祉・介護 子育て 教育 上水道・下水道 ごみ・衛生 ペット・動植物 まちづくり・コミュニティ・協働 生涯学習・スポーツ 人権・男女平等・外国人 土地・住宅 道"
"高浜市","23227","27","200","メールでのお問い合わせはこちら","https://www.city.takahama.lg.jp/form/detail.php?sec_sec1=11&lif_id=38995","お問い合わせ - 高浜市ホームページ ページの先頭です。 メニューを飛ばして本文へ メニュー JavaScriptが無効のため、文字の大きさ・背景色を変更する機能を使用できません。 本文へ Foreign language 文字サイズ 標準 拡大 背景色変更 白 黒 青 もしもの時は --> 生活に関する情報 Living information 住民票・戸籍 保険・年金 税金（くらしの情報） 消防・救急 防災 防犯・安全 医療・健康 福祉・介護 子育て 教育 上水道・下水道 ごみ・衛生 ペット・動植物 まちづくり・コミュニティ・協働 生涯学習・スポーツ 人権・男女平等・外国人 土地・住宅 道"
"高浜市","23227","27","200","メールでのお問い合わせはこちら","https://www.city.takahama.lg.jp/form/detail.php?sec_sec1=12&amp;inq=02&lif_id=38629","お問い合わせ - 高浜市ホームページ ページの先頭です。 メニューを飛ばして本文へ メニュー JavaScriptが無効のため、文字の大きさ・背景色を変更する機能を使用できません。 本文へ Foreign language 文字サイズ 標準 拡大 背景色変更 白 黒 青 もしもの時は --> 生活に関する情報 Living information 住民票・戸籍 保険・年金 税金（くらしの情報） 消防・救急 防災 防犯・安全 医療・健康 福祉・介護 子育て 教育 上水道・下水道 ごみ・衛生 ペット・動植物 まちづくり・コミュニティ・協働 生涯学習・スポーツ 人権・男女平等・外国人 土地・住宅 道"
"高浜市","23227","27","200","メールでのお問い合わせはこちら","https://www.city.takahama.lg.jp/form/detail.php?sec_sec1=12&lif_id=38962","お問い合わせ - 高浜市ホームページ ページの先頭です。 メニューを飛ばして本文へ メニュー JavaScriptが無効のため、文字の大きさ・背景色を変更する機能を使用できません。 本文へ Foreign language 文字サイズ 標準 拡大 背景色変更 白 黒 青 もしもの時は --> 生活に関する情報 Living information 住民票・戸籍 保険・年金 税金（くらしの情報） 消防・救急 防災 防犯・安全 医療・健康 福祉・介護 子育て 教育 上水道・下水道 ごみ・衛生 ペット・動植物 まちづくり・コミュニティ・協働 生涯学習・スポーツ 人権・男女平等・外国人 土地・住宅 道"
"高浜市","23227","27","200","メールでのお問い合わせはこちら","https://www.city.takahama.lg.jp/form/detail.php?sec_sec1=13&amp;inq=02&lif_id=38405","お問い合わせ - 高浜市ホームページ ページの先頭です。 メニューを飛ばして本文へ メニュー JavaScriptが無効のため、文字の大きさ・背景色を変更する機能を使用できません。 本文へ Foreign language 文字サイズ 標準 拡大 背景色変更 白 黒 青 もしもの時は --> 生活に関する情報 Living information 住民票・戸籍 保険・年金 税金（くらしの情報） 消防・救急 防災 防犯・安全 医療・健康 福祉・介護 子育て 教育 上水道・下水道 ごみ・衛生 ペット・動植物 まちづくり・コミュニティ・協働 生涯学習・スポーツ 人権・男女平等・外国人 土地・住宅 道"
"高浜市","23227","27","200","メールでのお問い合わせはこちら","https://www.city.takahama.lg.jp/form/detail.php?sec_sec1=13&amp;inq=02&lif_id=38822","お問い合わせ - 高浜市ホームページ ページの先頭です。 メニューを飛ばして本文へ メニュー JavaScriptが無効のため、文字の大きさ・背景色を変更する機能を使用できません。 本文へ Foreign language 文字サイズ 標準 拡大 背景色変更 白 黒 青 もしもの時は --> 生活に関する情報 Living information 住民票・戸籍 保険・年金 税金（くらしの情報） 消防・救急 防災 防犯・安全 医療・健康 福祉・介護 子育て 教育 上水道・下水道 ごみ・衛生 ペット・動植物 まちづくり・コミュニティ・協働 生涯学習・スポーツ 人権・男女平等・外国人 土地・住宅 道"
"高浜市","23227","27","200","メールでのお問い合わせはこちら","https://www.city.takahama.lg.jp/form/detail.php?sec_sec1=13&amp;inq=03&lif_id=2932","お問い合わせ - 高浜市ホームページ ページの先頭です。 メニューを飛ばして本文へ メニュー JavaScriptが無効のため、文字の大きさ・背景色を変更する機能を使用できません。 本文へ Foreign language 文字サイズ 標準 拡大 背景色変更 白 黒 青 もしもの時は --> 生活に関する情報 Living information 住民票・戸籍 保険・年金 税金（くらしの情報） 消防・救急 防災 防犯・安全 医療・健康 福祉・介護 子育て 教育 上水道・下水道 ごみ・衛生 ペット・動植物 まちづくり・コミュニティ・協働 生涯学習・スポーツ 人権・男女平等・外国人 土地・住宅 道"
"高浜市","23227","27","200","メールでのお問い合わせはこちら","https://www.city.takahama.lg.jp/form/detail.php?sec_sec1=13&amp;inq=03&lif_id=2933","お問い合わせ - 高浜市ホームページ ページの先頭です。 メニューを飛ばして本文へ メニュー JavaScriptが無効のため、文字の大きさ・背景色を変更する機能を使用できません。 本文へ Foreign language 文字サイズ 標準 拡大 背景色変更 白 黒 青 もしもの時は --> 生活に関する情報 Living information 住民票・戸籍 保険・年金 税金（くらしの情報） 消防・救急 防災 防犯・安全 医療・健康 福祉・介護 子育て 教育 上水道・下水道 ごみ・衛生 ペット・動植物 まちづくり・コミュニティ・協働 生涯学習・スポーツ 人権・男女平等・外国人 土地・住宅 道"
"高浜市","23227","27","200","メールでのお問い合わせはこちら","https://www.city.takahama.lg.jp/form/detail.php?sec_sec1=13&amp;inq=03&lif_id=35337","お問い合わせ - 高浜市ホームページ ページの先頭です。 メニューを飛ばして本文へ メニュー JavaScriptが無効のため、文字の大きさ・背景色を変更する機能を使用できません。 本文へ Foreign language 文字サイズ 標準 拡大 背景色変更 白 黒 青 もしもの時は --> 生活に関する情報 Living information 住民票・戸籍 保険・年金 税金（くらしの情報） 消防・救急 防災 防犯・安全 医療・健康 福祉・介護 子育て 教育 上水道・下水道 ごみ・衛生 ペット・動植物 まちづくり・コミュニティ・協働 生涯学習・スポーツ 人権・男女平等・外国人 土地・住宅 道"
"高浜市","23227","27","200","メールでのお問い合わせはこちら","https://www.city.takahama.lg.jp/form/detail.php?sec_sec1=13&amp;inq=03&lif_id=38187","お問い合わせ - 高浜市ホームページ ページの先頭です。 メニューを飛ばして本文へ メニュー JavaScriptが無効のため、文字の大きさ・背景色を変更する機能を使用できません。 本文へ Foreign language 文字サイズ 標準 拡大 背景色変更 白 黒 青 もしもの時は --> 生活に関する情報 Living information 住民票・戸籍 保険・年金 税金（くらしの情報） 消防・救急 防災 防犯・安全 医療・健康 福祉・介護 子育て 教育 上水道・下水道 ごみ・衛生 ペット・動植物 まちづくり・コミュニティ・協働 生涯学習・スポーツ 人権・男女平等・外国人 土地・住宅 道"
"高浜市","23227","27","200","メールでのお問い合わせはこちら","https://www.city.takahama.lg.jp/form/detail.php?sec_sec1=13&lif_id=2980","お問い合わせ - 高浜市ホームページ ページの先頭です。 メニューを飛ばして本文へ メニュー JavaScriptが無効のため、文字の大きさ・背景色を変更する機能を使用できません。 本文へ Foreign language 文字サイズ 標準 拡大 背景色変更 白 黒 青 もしもの時は --> 生活に関する情報 Living information 住民票・戸籍 保険・年金 税金（くらしの情報） 消防・救急 防災 防犯・安全 医療・健康 福祉・介護 子育て 教育 上水道・下水道 ごみ・衛生 ペット・動植物 まちづくり・コミュニティ・協働 生涯学習・スポーツ 人権・男女平等・外国人 土地・住宅 道"
"高浜市","23227","27","200","メールでのお問い合わせはこちら","https://www.city.takahama.lg.jp/form/detail.php?sec_sec1=13&lif_id=31164","お問い合わせ - 高浜市ホームページ ページの先頭です。 メニューを飛ばして本文へ メニュー JavaScriptが無効のため、文字の大きさ・背景色を変更する機能を使用できません。 本文へ Foreign language 文字サイズ 標準 拡大 背景色変更 白 黒 青 もしもの時は --> 生活に関する情報 Living information 住民票・戸籍 保険・年金 税金（くらしの情報） 消防・救急 防災 防犯・安全 医療・健康 福祉・介護 子育て 教育 上水道・下水道 ごみ・衛生 ペット・動植物 まちづくり・コミュニティ・協働 生涯学習・スポーツ 人権・男女平等・外国人 土地・住宅 道"
"高浜市","23227","27","200","メールでのお問い合わせはこちら","https://www.city.takahama.lg.jp/form/detail.php?sec_sec1=13&lif_id=34936","お問い合わせ - 高浜市ホームページ ページの先頭です。 メニューを飛ばして本文へ メニュー JavaScriptが無効のため、文字の大きさ・背景色を変更する機能を使用できません。 本文へ Foreign language 文字サイズ 標準 拡大 背景色変更 白 黒 青 もしもの時は --> 生活に関する情報 Living information 住民票・戸籍 保険・年金 税金（くらしの情報） 消防・救急 防災 防犯・安全 医療・健康 福祉・介護 子育て 教育 上水道・下水道 ごみ・衛生 ペット・動植物 まちづくり・コミュニティ・協働 生涯学習・スポーツ 人権・男女平等・外国人 土地・住宅 道"
"高浜市","23227","27","200","メールでのお問い合わせはこちら","https://www.city.takahama.lg.jp/form/detail.php?sec_sec1=13&lif_id=36118","お問い合わせ - 高浜市ホームページ ページの先頭です。 メニューを飛ばして本文へ メニュー JavaScriptが無効のため、文字の大きさ・背景色を変更する機能を使用できません。 本文へ Foreign language 文字サイズ 標準 拡大 背景色変更 白 黒 青 もしもの時は --> 生活に関する情報 Living information 住民票・戸籍 保険・年金 税金（くらしの情報） 消防・救急 防災 防犯・安全 医療・健康 福祉・介護 子育て 教育 上水道・下水道 ごみ・衛生 ペット・動植物 まちづくり・コミュニティ・協働 生涯学習・スポーツ 人権・男女平等・外国人 土地・住宅 道"
"高浜市","23227","27","200","メールでのお問い合わせはこちら","https://www.city.takahama.lg.jp/form/detail.php?sec_sec1=13&lif_id=36422","お問い合わせ - 高浜市ホームページ ページの先頭です。 メニューを飛ばして本文へ メニュー JavaScriptが無効のため、文字の大きさ・背景色を変更する機能を使用できません。 本文へ Foreign language 文字サイズ 標準 拡大 背景色変更 白 黒 青 もしもの時は --> 生活に関する情報 Living information 住民票・戸籍 保険・年金 税金（くらしの情報） 消防・救急 防災 防犯・安全 医療・健康 福祉・介護 子育て 教育 上水道・下水道 ごみ・衛生 ペット・動植物 まちづくり・コミュニティ・協働 生涯学習・スポーツ 人権・男女平等・外国人 土地・住宅 道"
"高浜市","23227","27","200","メールでのお問い合わせはこちら","https://www.city.takahama.lg.jp/form/detail.php?sec_sec1=13&lif_id=37052","お問い合わせ - 高浜市ホームページ ページの先頭です。 メニューを飛ばして本文へ メニュー JavaScriptが無効のため、文字の大きさ・背景色を変更する機能を使用できません。 本文へ Foreign language 文字サイズ 標準 拡大 背景色変更 白 黒 青 もしもの時は --> 生活に関する情報 Living information 住民票・戸籍 保険・年金 税金（くらしの情報） 消防・救急 防災 防犯・安全 医療・健康 福祉・介護 子育て 教育 上水道・下水道 ごみ・衛生 ペット・動植物 まちづくり・コミュニティ・協働 生涯学習・スポーツ 人権・男女平等・外国人 土地・住宅 道"
"高浜市","23227","27","200","メールでのお問い合わせはこちら","https://www.city.takahama.lg.jp/form/detail.php?sec_sec1=13&lif_id=37941","お問い合わせ - 高浜市ホームページ ページの先頭です。 メニューを飛ばして本文へ メニュー JavaScriptが無効のため、文字の大きさ・背景色を変更する機能を使用できません。 本文へ Foreign language 文字サイズ 標準 拡大 背景色変更 白 黒 青 もしもの時は --> 生活に関する情報 Living information 住民票・戸籍 保険・年金 税金（くらしの情報） 消防・救急 防災 防犯・安全 医療・健康 福祉・介護 子育て 教育 上水道・下水道 ごみ・衛生 ペット・動植物 まちづくり・コミュニティ・協働 生涯学習・スポーツ 人権・男女平等・外国人 土地・住宅 道"
"高浜市","23227","27","200","メールでのお問い合わせはこちら","https://www.city.takahama.lg.jp/form/detail.php?sec_sec1=13&lif_id=38042","お問い合わせ - 高浜市ホームページ ページの先頭です。 メニューを飛ばして本文へ メニュー JavaScriptが無効のため、文字の大きさ・背景色を変更する機能を使用できません。 本文へ Foreign language 文字サイズ 標準 拡大 背景色変更 白 黒 青 もしもの時は --> 生活に関する情報 Living information 住民票・戸籍 保険・年金 税金（くらしの情報） 消防・救急 防災 防犯・安全 医療・健康 福祉・介護 子育て 教育 上水道・下水道 ごみ・衛生 ペット・動植物 まちづくり・コミュニティ・協働 生涯学習・スポーツ 人権・男女平等・外国人 土地・住宅 道"
"高浜市","23227","27","200","メールでのお問い合わせはこちら","https://www.city.takahama.lg.jp/form/detail.php?sec_sec1=13&lif_id=38043","お問い合わせ - 高浜市ホームページ ページの先頭です。 メニューを飛ばして本文へ メニュー JavaScriptが無効のため、文字の大きさ・背景色を変更する機能を使用できません。 本文へ Foreign language 文字サイズ 標準 拡大 背景色変更 白 黒 青 もしもの時は --> 生活に関する情報 Living information 住民票・戸籍 保険・年金 税金（くらしの情報） 消防・救急 防災 防犯・安全 医療・健康 福祉・介護 子育て 教育 上水道・下水道 ごみ・衛生 ペット・動植物 まちづくり・コミュニティ・協働 生涯学習・スポーツ 人権・男女平等・外国人 土地・住宅 道"
"高浜市","23227","27","200","メールでのお問い合わせはこちら","https://www.city.takahama.lg.jp/form/detail.php?sec_sec1=13&lif_id=38357","お問い合わせ - 高浜市ホームページ ページの先頭です。 メニューを飛ばして本文へ メニュー JavaScriptが無効のため、文字の大きさ・背景色を変更する機能を使用できません。 本文へ Foreign language 文字サイズ 標準 拡大 背景色変更 白 黒 青 もしもの時は --> 生活に関する情報 Living information 住民票・戸籍 保険・年金 税金（くらしの情報） 消防・救急 防災 防犯・安全 医療・健康 福祉・介護 子育て 教育 上水道・下水道 ごみ・衛生 ペット・動植物 まちづくり・コミュニティ・協働 生涯学習・スポーツ 人権・男女平等・外国人 土地・住宅 道"
"高浜市","23227","27","200","メールでのお問い合わせはこちら","https://www.city.takahama.lg.jp/form/detail.php?sec_sec1=13&lif_id=38392","お問い合わせ - 高浜市ホームページ ページの先頭です。 メニューを飛ばして本文へ メニュー JavaScriptが無効のため、文字の大きさ・背景色を変更する機能を使用できません。 本文へ Foreign language 文字サイズ 標準 拡大 背景色変更 白 黒 青 もしもの時は --> 生活に関する情報 Living information 住民票・戸籍 保険・年金 税金（くらしの情報） 消防・救急 防災 防犯・安全 医療・健康 福祉・介護 子育て 教育 上水道・下水道 ごみ・衛生 ペット・動植物 まちづくり・コミュニティ・協働 生涯学習・スポーツ 人権・男女平等・外国人 土地・住宅 道"
"高浜市","23227","27","200","メールでのお問い合わせはこちら","https://www.city.takahama.lg.jp/form/detail.php?sec_sec1=13&lif_id=38686","お問い合わせ - 高浜市ホームページ ページの先頭です。 メニューを飛ばして本文へ メニュー JavaScriptが無効のため、文字の大きさ・背景色を変更する機能を使用できません。 本文へ Foreign language 文字サイズ 標準 拡大 背景色変更 白 黒 青 もしもの時は --> 生活に関する情報 Living information 住民票・戸籍 保険・年金 税金（くらしの情報） 消防・救急 防災 防犯・安全 医療・健康 福祉・介護 子育て 教育 上水道・下水道 ごみ・衛生 ペット・動植物 まちづくり・コミュニティ・協働 生涯学習・スポーツ 人権・男女平等・外国人 土地・住宅 道"
"高浜市","23227","27","200","メールでのお問い合わせはこちら","https://www.city.takahama.lg.jp/form/detail.php?sec_sec1=13&lif_id=38838","お問い合わせ - 高浜市ホームページ ページの先頭です。 メニューを飛ばして本文へ メニュー JavaScriptが無効のため、文字の大きさ・背景色を変更する機能を使用できません。 本文へ Foreign language 文字サイズ 標準 拡大 背景色変更 白 黒 青 もしもの時は --> 生活に関する情報 Living information 住民票・戸籍 保険・年金 税金（くらしの情報） 消防・救急 防災 防犯・安全 医療・健康 福祉・介護 子育て 教育 上水道・下水道 ごみ・衛生 ペット・動植物 まちづくり・コミュニティ・協働 生涯学習・スポーツ 人権・男女平等・外国人 土地・住宅 道"
"高浜市","23227","27","200","メールでのお問い合わせはこちら","https://www.city.takahama.lg.jp/form/detail.php?sec_sec1=13&lif_id=38983","お問い合わせ - 高浜市ホームページ ページの先頭です。 メニューを飛ばして本文へ メニュー JavaScriptが無効のため、文字の大きさ・背景色を変更する機能を使用できません。 本文へ Foreign language 文字サイズ 標準 拡大 背景色変更 白 黒 青 もしもの時は --> 生活に関する情報 Living information 住民票・戸籍 保険・年金 税金（くらしの情報） 消防・救急 防災 防犯・安全 医療・健康 福祉・介護 子育て 教育 上水道・下水道 ごみ・衛生 ペット・動植物 まちづくり・コミュニティ・協働 生涯学習・スポーツ 人権・男女平等・外国人 土地・住宅 道"
"高浜市","23227","27","200","メールでのお問い合わせはこちら","https://www.city.takahama.lg.jp/form/detail.php?sec_sec1=14&amp;inq=03&lif_id=2792","お問い合わせ - 高浜市ホームページ ページの先頭です。 メニューを飛ばして本文へ メニュー JavaScriptが無効のため、文字の大きさ・背景色を変更する機能を使用できません。 本文へ Foreign language 文字サイズ 標準 拡大 背景色変更 白 黒 青 もしもの時は --> 生活に関する情報 Living information 住民票・戸籍 保険・年金 税金（くらしの情報） 消防・救急 防災 防犯・安全 医療・健康 福祉・介護 子育て 教育 上水道・下水道 ごみ・衛生 ペット・動植物 まちづくり・コミュニティ・協働 生涯学習・スポーツ 人権・男女平等・外国人 土地・住宅 道"
"高浜市","23227","27","200","メールでのお問い合わせはこちら","https://www.city.takahama.lg.jp/form/detail.php?sec_sec1=14&amp;inq=03&lif_id=36453","お問い合わせ - 高浜市ホームページ ページの先頭です。 メニューを飛ばして本文へ メニュー JavaScriptが無効のため、文字の大きさ・背景色を変更する機能を使用できません。 本文へ Foreign language 文字サイズ 標準 拡大 背景色変更 白 黒 青 もしもの時は --> 生活に関する情報 Living information 住民票・戸籍 保険・年金 税金（くらしの情報） 消防・救急 防災 防犯・安全 医療・健康 福祉・介護 子育て 教育 上水道・下水道 ごみ・衛生 ペット・動植物 まちづくり・コミュニティ・協働 生涯学習・スポーツ 人権・男女平等・外国人 土地・住宅 道"
"高浜市","23227","27","200","メールでのお問い合わせはこちら","https://www.city.takahama.lg.jp/form/detail.php?sec_sec1=14&amp;inq=04&lif_id=2718","お問い合わせ - 高浜市ホームページ ページの先頭です。 メニューを飛ばして本文へ メニュー JavaScriptが無効のため、文字の大きさ・背景色を変更する機能を使用できません。 本文へ Foreign language 文字サイズ 標準 拡大 背景色変更 白 黒 青 もしもの時は --> 生活に関する情報 Living information 住民票・戸籍 保険・年金 税金（くらしの情報） 消防・救急 防災 防犯・安全 医療・健康 福祉・介護 子育て 教育 上水道・下水道 ごみ・衛生 ペット・動植物 まちづくり・コミュニティ・協働 生涯学習・スポーツ 人権・男女平等・外国人 土地・住宅 道"
"高浜市","23227","27","200","メールでのお問い合わせはこちら","https://www.city.takahama.lg.jp/form/detail.php?sec_sec1=14&amp;inq=04&lif_id=33194","お問い合わせ - 高浜市ホームページ ページの先頭です。 メニューを飛ばして本文へ メニュー JavaScriptが無効のため、文字の大きさ・背景色を変更する機能を使用できません。 本文へ Foreign language 文字サイズ 標準 拡大 背景色変更 白 黒 青 もしもの時は --> 生活に関する情報 Living information 住民票・戸籍 保険・年金 税金（くらしの情報） 消防・救急 防災 防犯・安全 医療・健康 福祉・介護 子育て 教育 上水道・下水道 ごみ・衛生 ペット・動植物 まちづくり・コミュニティ・協働 生涯学習・スポーツ 人権・男女平等・外国人 土地・住宅 道"
"高浜市","23227","27","200","メールでのお問い合わせはこちら","https://www.city.takahama.lg.jp/form/detail.php?sec_sec1=14&amp;inq=05&lif_id=2835","お問い合わせ - 高浜市ホームページ ページの先頭です。 メニューを飛ばして本文へ メニュー JavaScriptが無効のため、文字の大きさ・背景色を変更する機能を使用できません。 本文へ Foreign language 文字サイズ 標準 拡大 背景色変更 白 黒 青 もしもの時は --> 生活に関する情報 Living information 住民票・戸籍 保険・年金 税金（くらしの情報） 消防・救急 防災 防犯・安全 医療・健康 福祉・介護 子育て 教育 上水道・下水道 ごみ・衛生 ペット・動植物 まちづくり・コミュニティ・協働 生涯学習・スポーツ 人権・男女平等・外国人 土地・住宅 道"
"高浜市","23227","27","200","メールでのお問い合わせはこちら","https://www.city.takahama.lg.jp/form/detail.php?sec_sec1=14&lif_id=30608","お問い合わせ - 高浜市ホームページ ページの先頭です。 メニューを飛ばして本文へ メニュー JavaScriptが無効のため、文字の大きさ・背景色を変更する機能を使用できません。 本文へ Foreign language 文字サイズ 標準 拡大 背景色変更 白 黒 青 もしもの時は --> 生活に関する情報 Living information 住民票・戸籍 保険・年金 税金（くらしの情報） 消防・救急 防災 防犯・安全 医療・健康 福祉・介護 子育て 教育 上水道・下水道 ごみ・衛生 ペット・動植物 まちづくり・コミュニティ・協働 生涯学習・スポーツ 人権・男女平等・外国人 土地・住宅 道"
"日進市","23230","27","200","母子保健","https://www.city.nisshin.lg.jp/department/kenko/kenko/6/2/2/boshi/index.html","母子保健／日進市 本文へ 文字サイズ 背景色変更 携帯サイト Other Language 部や課で選ぶ ご意見・お問い合わせ ホーム くらしの情報 行事・イベント 市役所・公共施設 市の政策・計画 サイト内検索 くらしの情報 行事・イベント 市役所・公共施設 市の政策・計画 Other Language 部や課で選ぶ ご意見・お問い合わせ 現在の位置 ホーム 部や課で選ぶ 健康こども部 健康課 暮らしの情報 福祉・健康・医療 保健・医療 母子保健 母子保健 ID番号 N5816 更新日：2025年03月12日 1.健診 2.教室 3.予防接種 4.相談 5.訪問 6.その他 サイト内検索 保"
"尾張旭市","23226","27","200","メールでのお問い合わせはこちら","https://www.city.owariasahi.lg.jp/form/detail.php?sec_sec1=10&lif_id=50156","お問い合わせ - 尾張旭市公式ホームページ ページの先頭です。 メニューを飛ばして本文へ メニュー 閉じる さがす 閉じる オンライン 手続き 本文へ ご利用ガイド サイトマップ language 文字サイズ 標準 拡大 背景色 白 黒 青 キーワード 検索 Googleカスタム検索 検索対象 すべて ページ PDF ページID 検索 ライフイベントでさがす 高齢者 妊娠・出産 子育て 入園・入学 就職・退職 結婚・離婚 引っ越し おくやみ 目的からさがす 申請書一覧 施設 ごみ・ リサイクル 入札・契約 相談窓口 よくある 質問 イベント 市営バス あさぴー号 組織でさがす カレンダーでさが"
"尾張旭市","23226","27","200","メールでのお問い合わせはこちら","https://www.city.owariasahi.lg.jp/form/detail.php?sec_sec1=10&lif_id=51559","お問い合わせ - 尾張旭市公式ホームページ ページの先頭です。 メニューを飛ばして本文へ メニュー 閉じる さがす 閉じる オンライン 手続き 本文へ ご利用ガイド サイトマップ language 文字サイズ 標準 拡大 背景色 白 黒 青 キーワード 検索 Googleカスタム検索 検索対象 すべて ページ PDF ページID 検索 ライフイベントでさがす 高齢者 妊娠・出産 子育て 入園・入学 就職・退職 結婚・離婚 引っ越し おくやみ 目的からさがす 申請書一覧 施設 ごみ・ リサイクル 入札・契約 相談窓口 よくある 質問 イベント 市営バス あさぴー号 組織でさがす カレンダーでさが"
"尾張旭市","23226","27","200","メールでのお問い合わせはこちら","https://www.city.owariasahi.lg.jp/form/detail.php?sec_sec1=14&amp;inq=02&lif_id=49598","お問い合わせ - 尾張旭市公式ホームページ ページの先頭です。 メニューを飛ばして本文へ メニュー 閉じる さがす 閉じる オンライン 手続き 本文へ ご利用ガイド サイトマップ language 文字サイズ 標準 拡大 背景色 白 黒 青 キーワード 検索 Googleカスタム検索 検索対象 すべて ページ PDF ページID 検索 ライフイベントでさがす 高齢者 妊娠・出産 子育て 入園・入学 就職・退職 結婚・離婚 引っ越し おくやみ 目的からさがす 申請書一覧 施設 ごみ・ リサイクル 入札・契約 相談窓口 よくある 質問 イベント 市営バス あさぴー号 組織でさがす カレンダーでさが"
"尾張旭市","23226","27","200","メールでのお問い合わせはこちら","https://www.city.owariasahi.lg.jp/form/detail.php?sec_sec1=14&amp;inq=02&lif_id=50087","お問い合わせ - 尾張旭市公式ホームページ ページの先頭です。 メニューを飛ばして本文へ メニュー 閉じる さがす 閉じる オンライン 手続き 本文へ ご利用ガイド サイトマップ language 文字サイズ 標準 拡大 背景色 白 黒 青 キーワード 検索 Googleカスタム検索 検索対象 すべて ページ PDF ページID 検索 ライフイベントでさがす 高齢者 妊娠・出産 子育て 入園・入学 就職・退職 結婚・離婚 引っ越し おくやみ 目的からさがす 申請書一覧 施設 ごみ・ リサイクル 入札・契約 相談窓口 よくある 質問 イベント 市営バス あさぴー号 組織でさがす カレンダーでさが"
"尾張旭市","23226","27","200","メールでのお問い合わせはこちら","https://www.city.owariasahi.lg.jp/form/detail.php?sec_sec1=14&amp;inq=02&lif_id=53046","お問い合わせ - 尾張旭市公式ホームページ ページの先頭です。 メニューを飛ばして本文へ メニュー 閉じる さがす 閉じる オンライン 手続き 本文へ ご利用ガイド サイトマップ language 文字サイズ 標準 拡大 背景色 白 黒 青 キーワード 検索 Googleカスタム検索 検索対象 すべて ページ PDF ページID 検索 ライフイベントでさがす 高齢者 妊娠・出産 子育て 入園・入学 就職・退職 結婚・離婚 引っ越し おくやみ 目的からさがす 申請書一覧 施設 ごみ・ リサイクル 入札・契約 相談窓口 よくある 質問 イベント 市営バス あさぴー号 組織でさがす カレンダーでさが"
"尾張旭市","23226","27","200","メールでのお問い合わせはこちら","https://www.city.owariasahi.lg.jp/form/detail.php?sec_sec1=14&amp;inq=02&lif_id=53047","お問い合わせ - 尾張旭市公式ホームページ ページの先頭です。 メニューを飛ばして本文へ メニュー 閉じる さがす 閉じる オンライン 手続き 本文へ ご利用ガイド サイトマップ language 文字サイズ 標準 拡大 背景色 白 黒 青 キーワード 検索 Googleカスタム検索 検索対象 すべて ページ PDF ページID 検索 ライフイベントでさがす 高齢者 妊娠・出産 子育て 入園・入学 就職・退職 結婚・離婚 引っ越し おくやみ 目的からさがす 申請書一覧 施設 ごみ・ リサイクル 入札・契約 相談窓口 よくある 質問 イベント 市営バス あさぴー号 組織でさがす カレンダーでさが"
"尾張旭市","23226","27","200","メールでのお問い合わせはこちら","https://www.city.owariasahi.lg.jp/form/detail.php?sec_sec1=14&amp;inq=02&lif_id=53049","お問い合わせ - 尾張旭市公式ホームページ ページの先頭です。 メニューを飛ばして本文へ メニュー 閉じる さがす 閉じる オンライン 手続き 本文へ ご利用ガイド サイトマップ language 文字サイズ 標準 拡大 背景色 白 黒 青 キーワード 検索 Googleカスタム検索 検索対象 すべて ページ PDF ページID 検索 ライフイベントでさがす 高齢者 妊娠・出産 子育て 入園・入学 就職・退職 結婚・離婚 引っ越し おくやみ 目的からさがす 申請書一覧 施設 ごみ・ リサイクル 入札・契約 相談窓口 よくある 質問 イベント 市営バス あさぴー号 組織でさがす カレンダーでさが"
"尾張旭市","23226","27","200","メールでのお問い合わせはこちら","https://www.city.owariasahi.lg.jp/form/detail.php?sec_sec1=14&amp;inq=02&lif_id=53050","お問い合わせ - 尾張旭市公式ホームページ ページの先頭です。 メニューを飛ばして本文へ メニュー 閉じる さがす 閉じる オンライン 手続き 本文へ ご利用ガイド サイトマップ language 文字サイズ 標準 拡大 背景色 白 黒 青 キーワード 検索 Googleカスタム検索 検索対象 すべて ページ PDF ページID 検索 ライフイベントでさがす 高齢者 妊娠・出産 子育て 入園・入学 就職・退職 結婚・離婚 引っ越し おくやみ 目的からさがす 申請書一覧 施設 ごみ・ リサイクル 入札・契約 相談窓口 よくある 質問 イベント 市営バス あさぴー号 組織でさがす カレンダーでさが"
"尾張旭市","23226","27","200","メールでのお問い合わせはこちら","https://www.city.owariasahi.lg.jp/form/detail.php?sec_sec1=14&lif_id=26890","お問い合わせ - 尾張旭市公式ホームページ ページの先頭です。 メニューを飛ばして本文へ メニュー 閉じる さがす 閉じる オンライン 手続き 本文へ ご利用ガイド サイトマップ language 文字サイズ 標準 拡大 背景色 白 黒 青 キーワード 検索 Googleカスタム検索 検索対象 すべて ページ PDF ページID 検索 ライフイベントでさがす 高齢者 妊娠・出産 子育て 入園・入学 就職・退職 結婚・離婚 引っ越し おくやみ 目的からさがす 申請書一覧 施設 ごみ・ リサイクル 入札・契約 相談窓口 よくある 質問 イベント 市営バス あさぴー号 組織でさがす カレンダーでさが"
"尾張旭市","23226","27","200","メールでのお問い合わせはこちら","https://www.city.owariasahi.lg.jp/form/detail.php?sec_sec1=14&lif_id=52049","お問い合わせ - 尾張旭市公式ホームページ ページの先頭です。 メニューを飛ばして本文へ メニュー 閉じる さがす 閉じる オンライン 手続き 本文へ ご利用ガイド サイトマップ language 文字サイズ 標準 拡大 背景色 白 黒 青 キーワード 検索 Googleカスタム検索 検索対象 すべて ページ PDF ページID 検索 ライフイベントでさがす 高齢者 妊娠・出産 子育て 入園・入学 就職・退職 結婚・離婚 引っ越し おくやみ 目的からさがす 申請書一覧 施設 ごみ・ リサイクル 入札・契約 相談窓口 よくある 質問 イベント 市営バス あさぴー号 組織でさがす カレンダーでさが"
"尾張旭市","23226","27","200","メールでのお問い合わせはこちら","https://www.city.owariasahi.lg.jp/form/detail.php?sec_sec1=14&lif_id=52050","お問い合わせ - 尾張旭市公式ホームページ ページの先頭です。 メニューを飛ばして本文へ メニュー 閉じる さがす 閉じる オンライン 手続き 本文へ ご利用ガイド サイトマップ language 文字サイズ 標準 拡大 背景色 白 黒 青 キーワード 検索 Googleカスタム検索 検索対象 すべて ページ PDF ページID 検索 ライフイベントでさがす 高齢者 妊娠・出産 子育て 入園・入学 就職・退職 結婚・離婚 引っ越し おくやみ 目的からさがす 申請書一覧 施設 ごみ・ リサイクル 入札・契約 相談窓口 よくある 質問 イベント 市営バス あさぴー号 組織でさがす カレンダーでさが"
"尾張旭市","23226","27","200","メールでのお問い合わせはこちら","https://www.city.owariasahi.lg.jp/form/detail.php?sec_sec1=14&lif_id=52052","お問い合わせ - 尾張旭市公式ホームページ ページの先頭です。 メニューを飛ばして本文へ メニュー 閉じる さがす 閉じる オンライン 手続き 本文へ ご利用ガイド サイトマップ language 文字サイズ 標準 拡大 背景色 白 黒 青 キーワード 検索 Googleカスタム検索 検索対象 すべて ページ PDF ページID 検索 ライフイベントでさがす 高齢者 妊娠・出産 子育て 入園・入学 就職・退職 結婚・離婚 引っ越し おくやみ 目的からさがす 申請書一覧 施設 ごみ・ リサイクル 入札・契約 相談窓口 よくある 質問 イベント 市営バス あさぴー号 組織でさがす カレンダーでさが"
"尾張旭市","23226","27","200","メールでのお問い合わせはこちら","https://www.city.owariasahi.lg.jp/form/detail.php?sec_sec1=14&lif_id=53674","お問い合わせ - 尾張旭市公式ホームページ ページの先頭です。 メニューを飛ばして本文へ メニュー 閉じる さがす 閉じる オンライン 手続き 本文へ ご利用ガイド サイトマップ language 文字サイズ 標準 拡大 背景色 白 黒 青 キーワード 検索 Googleカスタム検索 検索対象 すべて ページ PDF ページID 検索 ライフイベントでさがす 高齢者 妊娠・出産 子育て 入園・入学 就職・退職 結婚・離婚 引っ越し おくやみ 目的からさがす 申請書一覧 施設 ごみ・ リサイクル 入札・契約 相談窓口 よくある 質問 イベント 市営バス あさぴー号 組織でさがす カレンダーでさが"
"尾張旭市","23226","27","200","メールでのお問い合わせはこちら","https://www.city.owariasahi.lg.jp/form/detail.php?sec_sec1=15&amp;inq=02&lif_id=40460","お問い合わせ - 尾張旭市公式ホームページ ページの先頭です。 メニューを飛ばして本文へ メニュー 閉じる さがす 閉じる オンライン 手続き 本文へ ご利用ガイド サイトマップ language 文字サイズ 標準 拡大 背景色 白 黒 青 キーワード 検索 Googleカスタム検索 検索対象 すべて ページ PDF ページID 検索 ライフイベントでさがす 高齢者 妊娠・出産 子育て 入園・入学 就職・退職 結婚・離婚 引っ越し おくやみ 目的からさがす 申請書一覧 施設 ごみ・ リサイクル 入札・契約 相談窓口 よくある 質問 イベント 市営バス あさぴー号 組織でさがす カレンダーでさが"
"尾張旭市","23226","27","200","メールでのお問い合わせはこちら","https://www.city.owariasahi.lg.jp/form/detail.php?sec_sec1=15&amp;inq=02&lif_id=40466","お問い合わせ - 尾張旭市公式ホームページ ページの先頭です。 メニューを飛ばして本文へ メニュー 閉じる さがす 閉じる オンライン 手続き 本文へ ご利用ガイド サイトマップ language 文字サイズ 標準 拡大 背景色 白 黒 青 キーワード 検索 Googleカスタム検索 検索対象 すべて ページ PDF ページID 検索 ライフイベントでさがす 高齢者 妊娠・出産 子育て 入園・入学 就職・退職 結婚・離婚 引っ越し おくやみ 目的からさがす 申請書一覧 施設 ごみ・ リサイクル 入札・契約 相談窓口 よくある 質問 イベント 市営バス あさぴー号 組織でさがす カレンダーでさが"
"尾張旭市","23226","27","200","メールでのお問い合わせはこちら","https://www.city.owariasahi.lg.jp/form/detail.php?sec_sec1=15&amp;inq=02&lif_id=56162","お問い合わせ - 尾張旭市公式ホームページ ページの先頭です。 メニューを飛ばして本文へ メニュー 閉じる さがす 閉じる オンライン 手続き 本文へ ご利用ガイド サイトマップ language 文字サイズ 標準 拡大 背景色 白 黒 青 キーワード 検索 Googleカスタム検索 検索対象 すべて ページ PDF ページID 検索 ライフイベントでさがす 高齢者 妊娠・出産 子育て 入園・入学 就職・退職 結婚・離婚 引っ越し おくやみ 目的からさがす 申請書一覧 施設 ごみ・ リサイクル 入札・契約 相談窓口 よくある 質問 イベント 市営バス あさぴー号 組織でさがす カレンダーでさが"
"尾張旭市","23226","27","200","メールでのお問い合わせはこちら","https://www.city.owariasahi.lg.jp/form/detail.php?sec_sec1=15&lif_id=54332","お問い合わせ - 尾張旭市公式ホームページ ページの先頭です。 メニューを飛ばして本文へ メニュー 閉じる さがす 閉じる オンライン 手続き 本文へ ご利用ガイド サイトマップ language 文字サイズ 標準 拡大 背景色 白 黒 青 キーワード 検索 Googleカスタム検索 検索対象 すべて ページ PDF ページID 検索 ライフイベントでさがす 高齢者 妊娠・出産 子育て 入園・入学 就職・退職 結婚・離婚 引っ越し おくやみ 目的からさがす 申請書一覧 施設 ごみ・ リサイクル 入札・契約 相談窓口 よくある 質問 イベント 市営バス あさぴー号 組織でさがす カレンダーでさが"
"尾張旭市","23226","27","200","メールでのお問い合わせはこちら","https://www.city.owariasahi.lg.jp/form/detail.php?sec_sec1=16&lif_id=19902","お問い合わせ - 尾張旭市公式ホームページ ページの先頭です。 メニューを飛ばして本文へ メニュー 閉じる さがす 閉じる オンライン 手続き 本文へ ご利用ガイド サイトマップ language 文字サイズ 標準 拡大 背景色 白 黒 青 キーワード 検索 Googleカスタム検索 検索対象 すべて ページ PDF ページID 検索 ライフイベントでさがす 高齢者 妊娠・出産 子育て 入園・入学 就職・退職 結婚・離婚 引っ越し おくやみ 目的からさがす 申請書一覧 施設 ごみ・ リサイクル 入札・契約 相談窓口 よくある 質問 イベント 市営バス あさぴー号 組織でさがす カレンダーでさが"
"尾張旭市","23226","27","200","メールでのお問い合わせはこちら","https://www.city.owariasahi.lg.jp/form/detail.php?sec_sec1=16&lif_id=28456","お問い合わせ - 尾張旭市公式ホームページ ページの先頭です。 メニューを飛ばして本文へ メニュー 閉じる さがす 閉じる オンライン 手続き 本文へ ご利用ガイド サイトマップ language 文字サイズ 標準 拡大 背景色 白 黒 青 キーワード 検索 Googleカスタム検索 検索対象 すべて ページ PDF ページID 検索 ライフイベントでさがす 高齢者 妊娠・出産 子育て 入園・入学 就職・退職 結婚・離婚 引っ越し おくやみ 目的からさがす 申請書一覧 施設 ごみ・ リサイクル 入札・契約 相談窓口 よくある 質問 イベント 市営バス あさぴー号 組織でさがす カレンダーでさが"
"尾張旭市","23226","27","200","メールでのお問い合わせはこちら","https://www.city.owariasahi.lg.jp/form/detail.php?sec_sec1=16&lif_id=38812","お問い合わせ - 尾張旭市公式ホームページ ページの先頭です。 メニューを飛ばして本文へ メニュー 閉じる さがす 閉じる オンライン 手続き 本文へ ご利用ガイド サイトマップ language 文字サイズ 標準 拡大 背景色 白 黒 青 キーワード 検索 Googleカスタム検索 検索対象 すべて ページ PDF ページID 検索 ライフイベントでさがす 高齢者 妊娠・出産 子育て 入園・入学 就職・退職 結婚・離婚 引っ越し おくやみ 目的からさがす 申請書一覧 施設 ごみ・ リサイクル 入札・契約 相談窓口 よくある 質問 イベント 市営バス あさぴー号 組織でさがす カレンダーでさが"
"尾張旭市","23226","27","200","メールでのお問い合わせはこちら","https://www.city.owariasahi.lg.jp/form/detail.php?sec_sec1=16&lif_id=44198","お問い合わせ - 尾張旭市公式ホームページ ページの先頭です。 メニューを飛ばして本文へ メニュー 閉じる さがす 閉じる オンライン 手続き 本文へ ご利用ガイド サイトマップ language 文字サイズ 標準 拡大 背景色 白 黒 青 キーワード 検索 Googleカスタム検索 検索対象 すべて ページ PDF ページID 検索 ライフイベントでさがす 高齢者 妊娠・出産 子育て 入園・入学 就職・退職 結婚・離婚 引っ越し おくやみ 目的からさがす 申請書一覧 施設 ごみ・ リサイクル 入札・契約 相談窓口 よくある 質問 イベント 市営バス あさぴー号 組織でさがす カレンダーでさが"
"尾張旭市","23226","27","200","メールでのお問い合わせはこちら","https://www.city.owariasahi.lg.jp/form/detail.php?sec_sec1=16&lif_id=48489","お問い合わせ - 尾張旭市公式ホームページ ページの先頭です。 メニューを飛ばして本文へ メニュー 閉じる さがす 閉じる オンライン 手続き 本文へ ご利用ガイド サイトマップ language 文字サイズ 標準 拡大 背景色 白 黒 青 キーワード 検索 Googleカスタム検索 検索対象 すべて ページ PDF ページID 検索 ライフイベントでさがす 高齢者 妊娠・出産 子育て 入園・入学 就職・退職 結婚・離婚 引っ越し おくやみ 目的からさがす 申請書一覧 施設 ごみ・ リサイクル 入札・契約 相談窓口 よくある 質問 イベント 市営バス あさぴー号 組織でさがす カレンダーでさが"
"尾張旭市","23226","27","200","メールでのお問い合わせはこちら","https://www.city.owariasahi.lg.jp/form/detail.php?sec_sec1=16&lif_id=54737","お問い合わせ - 尾張旭市公式ホームページ ページの先頭です。 メニューを飛ばして本文へ メニュー 閉じる さがす 閉じる オンライン 手続き 本文へ ご利用ガイド サイトマップ language 文字サイズ 標準 拡大 背景色 白 黒 青 キーワード 検索 Googleカスタム検索 検索対象 すべて ページ PDF ページID 検索 ライフイベントでさがす 高齢者 妊娠・出産 子育て 入園・入学 就職・退職 結婚・離婚 引っ越し おくやみ 目的からさがす 申請書一覧 施設 ごみ・ リサイクル 入札・契約 相談窓口 よくある 質問 イベント 市営バス あさぴー号 組織でさがす カレンダーでさが"
"尾張旭市","23226","27","200","メールでのお問い合わせはこちら","https://www.city.owariasahi.lg.jp/form/detail.php?sec_sec1=16&lif_id=55734","お問い合わせ - 尾張旭市公式ホームページ ページの先頭です。 メニューを飛ばして本文へ メニュー 閉じる さがす 閉じる オンライン 手続き 本文へ ご利用ガイド サイトマップ language 文字サイズ 標準 拡大 背景色 白 黒 青 キーワード 検索 Googleカスタム検索 検索対象 すべて ページ PDF ページID 検索 ライフイベントでさがす 高齢者 妊娠・出産 子育て 入園・入学 就職・退職 結婚・離婚 引っ越し おくやみ 目的からさがす 申請書一覧 施設 ごみ・ リサイクル 入札・契約 相談窓口 よくある 質問 イベント 市営バス あさぴー号 組織でさがす カレンダーでさが"
"尾張旭市","23226","27","200","メールでのお問い合わせはこちら","https://www.city.owariasahi.lg.jp/form/detail.php?sec_sec1=16&lif_id=55922","お問い合わせ - 尾張旭市公式ホームページ ページの先頭です。 メニューを飛ばして本文へ メニュー 閉じる さがす 閉じる オンライン 手続き 本文へ ご利用ガイド サイトマップ language 文字サイズ 標準 拡大 背景色 白 黒 青 キーワード 検索 Googleカスタム検索 検索対象 すべて ページ PDF ページID 検索 ライフイベントでさがす 高齢者 妊娠・出産 子育て 入園・入学 就職・退職 結婚・離婚 引っ越し おくやみ 目的からさがす 申請書一覧 施設 ごみ・ リサイクル 入札・契約 相談窓口 よくある 質問 イベント 市営バス あさぴー号 組織でさがす カレンダーでさが"
"尾張旭市","23226","27","200","メールでのお問い合わせはこちら","https://www.city.owariasahi.lg.jp/form/detail.php?sec_sec1=16&lif_id=56330","お問い合わせ - 尾張旭市公式ホームページ ページの先頭です。 メニューを飛ばして本文へ メニュー 閉じる さがす 閉じる オンライン 手続き 本文へ ご利用ガイド サイトマップ language 文字サイズ 標準 拡大 背景色 白 黒 青 キーワード 検索 Googleカスタム検索 検索対象 すべて ページ PDF ページID 検索 ライフイベントでさがす 高齢者 妊娠・出産 子育て 入園・入学 就職・退職 結婚・離婚 引っ越し おくやみ 目的からさがす 申請書一覧 施設 ごみ・ リサイクル 入札・契約 相談窓口 よくある 質問 イベント 市営バス あさぴー号 組織でさがす カレンダーでさが"
"尾張旭市","23226","27","200","メールでのお問い合わせはこちら","https://www.city.owariasahi.lg.jp/form/detail.php?sec_sec1=16&lif_id=56498","お問い合わせ - 尾張旭市公式ホームページ ページの先頭です。 メニューを飛ばして本文へ メニュー 閉じる さがす 閉じる オンライン 手続き 本文へ ご利用ガイド サイトマップ language 文字サイズ 標準 拡大 背景色 白 黒 青 キーワード 検索 Googleカスタム検索 検索対象 すべて ページ PDF ページID 検索 ライフイベントでさがす 高齢者 妊娠・出産 子育て 入園・入学 就職・退職 結婚・離婚 引っ越し おくやみ 目的からさがす 申請書一覧 施設 ごみ・ リサイクル 入札・契約 相談窓口 よくある 質問 イベント 市営バス あさぴー号 組織でさがす カレンダーでさが"
"尾張旭市","23226","27","200","メールでのお問い合わせはこちら","https://www.city.owariasahi.lg.jp/form/detail.php?sec_sec1=19&amp;inq=02&lif_id=2713","お問い合わせ - 尾張旭市公式ホームページ ページの先頭です。 メニューを飛ばして本文へ メニュー 閉じる さがす 閉じる オンライン 手続き 本文へ ご利用ガイド サイトマップ language 文字サイズ 標準 拡大 背景色 白 黒 青 キーワード 検索 Googleカスタム検索 検索対象 すべて ページ PDF ページID 検索 ライフイベントでさがす 高齢者 妊娠・出産 子育て 入園・入学 就職・退職 結婚・離婚 引っ越し おくやみ 目的からさがす 申請書一覧 施設 ごみ・ リサイクル 入札・契約 相談窓口 よくある 質問 イベント 市営バス あさぴー号 組織でさがす カレンダーでさが"
"尾張旭市","23226","27","200","メールでのお問い合わせはこちら","https://www.city.owariasahi.lg.jp/form/detail.php?sec_sec1=19&amp;inq=02&lif_id=54575","お問い合わせ - 尾張旭市公式ホームページ ページの先頭です。 メニューを飛ばして本文へ メニュー 閉じる さがす 閉じる オンライン 手続き 本文へ ご利用ガイド サイトマップ language 文字サイズ 標準 拡大 背景色 白 黒 青 キーワード 検索 Googleカスタム検索 検索対象 すべて ページ PDF ページID 検索 ライフイベントでさがす 高齢者 妊娠・出産 子育て 入園・入学 就職・退職 結婚・離婚 引っ越し おくやみ 目的からさがす 申請書一覧 施設 ごみ・ リサイクル 入札・契約 相談窓口 よくある 質問 イベント 市営バス あさぴー号 組織でさがす カレンダーでさが"
"尾張旭市","23226","27","200","メールでのお問い合わせはこちら","https://www.city.owariasahi.lg.jp/form/detail.php?sec_sec1=19&amp;inq=02&lif_id=54606","お問い合わせ - 尾張旭市公式ホームページ ページの先頭です。 メニューを飛ばして本文へ メニュー 閉じる さがす 閉じる オンライン 手続き 本文へ ご利用ガイド サイトマップ language 文字サイズ 標準 拡大 背景色 白 黒 青 キーワード 検索 Googleカスタム検索 検索対象 すべて ページ PDF ページID 検索 ライフイベントでさがす 高齢者 妊娠・出産 子育て 入園・入学 就職・退職 結婚・離婚 引っ越し おくやみ 目的からさがす 申請書一覧 施設 ごみ・ リサイクル 入札・契約 相談窓口 よくある 質問 イベント 市営バス あさぴー号 組織でさがす カレンダーでさが"
"尾張旭市","23226","27","200","メールでのお問い合わせはこちら","https://www.city.owariasahi.lg.jp/form/detail.php?sec_sec1=19&lif_id=1764","お問い合わせ - 尾張旭市公式ホームページ ページの先頭です。 メニューを飛ばして本文へ メニュー 閉じる さがす 閉じる オンライン 手続き 本文へ ご利用ガイド サイトマップ language 文字サイズ 標準 拡大 背景色 白 黒 青 キーワード 検索 Googleカスタム検索 検索対象 すべて ページ PDF ページID 検索 ライフイベントでさがす 高齢者 妊娠・出産 子育て 入園・入学 就職・退職 結婚・離婚 引っ越し おくやみ 目的からさがす 申請書一覧 施設 ごみ・ リサイクル 入札・契約 相談窓口 よくある 質問 イベント 市営バス あさぴー号 組織でさがす カレンダーでさが"
"尾張旭市","23226","27","200","メールでのお問い合わせはこちら","https://www.city.owariasahi.lg.jp/form/detail.php?sec_sec1=19&lif_id=2860","お問い合わせ - 尾張旭市公式ホームページ ページの先頭です。 メニューを飛ばして本文へ メニュー 閉じる さがす 閉じる オンライン 手続き 本文へ ご利用ガイド サイトマップ language 文字サイズ 標準 拡大 背景色 白 黒 青 キーワード 検索 Googleカスタム検索 検索対象 すべて ページ PDF ページID 検索 ライフイベントでさがす 高齢者 妊娠・出産 子育て 入園・入学 就職・退職 結婚・離婚 引っ越し おくやみ 目的からさがす 申請書一覧 施設 ごみ・ リサイクル 入札・契約 相談窓口 よくある 質問 イベント 市営バス あさぴー号 組織でさがす カレンダーでさが"
"尾張旭市","23226","27","200","メールでのお問い合わせはこちら","https://www.city.owariasahi.lg.jp/form/detail.php?sec_sec1=19&lif_id=50509","お問い合わせ - 尾張旭市公式ホームページ ページの先頭です。 メニューを飛ばして本文へ メニュー 閉じる さがす 閉じる オンライン 手続き 本文へ ご利用ガイド サイトマップ language 文字サイズ 標準 拡大 背景色 白 黒 青 キーワード 検索 Googleカスタム検索 検索対象 すべて ページ PDF ページID 検索 ライフイベントでさがす 高齢者 妊娠・出産 子育て 入園・入学 就職・退職 結婚・離婚 引っ越し おくやみ 目的からさがす 申請書一覧 施設 ごみ・ リサイクル 入札・契約 相談窓口 よくある 質問 イベント 市営バス あさぴー号 組織でさがす カレンダーでさが"
"尾張旭市","23226","27","200","メールでのお問い合わせはこちら","https://www.city.owariasahi.lg.jp/form/detail.php?sec_sec1=19&lif_id=54451","お問い合わせ - 尾張旭市公式ホームページ ページの先頭です。 メニューを飛ばして本文へ メニュー 閉じる さがす 閉じる オンライン 手続き 本文へ ご利用ガイド サイトマップ language 文字サイズ 標準 拡大 背景色 白 黒 青 キーワード 検索 Googleカスタム検索 検索対象 すべて ページ PDF ページID 検索 ライフイベントでさがす 高齢者 妊娠・出産 子育て 入園・入学 就職・退職 結婚・離婚 引っ越し おくやみ 目的からさがす 申請書一覧 施設 ごみ・ リサイクル 入札・契約 相談窓口 よくある 質問 イベント 市営バス あさぴー号 組織でさがす カレンダーでさが"
"尾張旭市","23226","27","200","メールでのお問い合わせはこちら","https://www.city.owariasahi.lg.jp/form/detail.php?sec_sec1=19&lif_id=56501","お問い合わせ - 尾張旭市公式ホームページ ページの先頭です。 メニューを飛ばして本文へ メニュー 閉じる さがす 閉じる オンライン 手続き 本文へ ご利用ガイド サイトマップ language 文字サイズ 標準 拡大 背景色 白 黒 青 キーワード 検索 Googleカスタム検索 検索対象 すべて ページ PDF ページID 検索 ライフイベントでさがす 高齢者 妊娠・出産 子育て 入園・入学 就職・退職 結婚・離婚 引っ越し おくやみ 目的からさがす 申請書一覧 施設 ごみ・ リサイクル 入札・契約 相談窓口 よくある 質問 イベント 市営バス あさぴー号 組織でさがす カレンダーでさが"
"尾張旭市","23226","27","200","メールでのお問い合わせはこちら","https://www.city.owariasahi.lg.jp/form/detail.php?sec_sec1=20&amp;inq=02&lif_id=48699","お問い合わせ - 尾張旭市公式ホームページ ページの先頭です。 メニューを飛ばして本文へ メニュー 閉じる さがす 閉じる オンライン 手続き 本文へ ご利用ガイド サイトマップ language 文字サイズ 標準 拡大 背景色 白 黒 青 キーワード 検索 Googleカスタム検索 検索対象 すべて ページ PDF ページID 検索 ライフイベントでさがす 高齢者 妊娠・出産 子育て 入園・入学 就職・退職 結婚・離婚 引っ越し おくやみ 目的からさがす 申請書一覧 施設 ごみ・ リサイクル 入札・契約 相談窓口 よくある 質問 イベント 市営バス あさぴー号 組織でさがす カレンダーでさが"
"尾張旭市","23226","27","200","メールでのお問い合わせはこちら","https://www.city.owariasahi.lg.jp/form/detail.php?sec_sec1=20&amp;inq=02&lif_id=49003","お問い合わせ - 尾張旭市公式ホームページ ページの先頭です。 メニューを飛ばして本文へ メニュー 閉じる さがす 閉じる オンライン 手続き 本文へ ご利用ガイド サイトマップ language 文字サイズ 標準 拡大 背景色 白 黒 青 キーワード 検索 Googleカスタム検索 検索対象 すべて ページ PDF ページID 検索 ライフイベントでさがす 高齢者 妊娠・出産 子育て 入園・入学 就職・退職 結婚・離婚 引っ越し おくやみ 目的からさがす 申請書一覧 施設 ごみ・ リサイクル 入札・契約 相談窓口 よくある 質問 イベント 市営バス あさぴー号 組織でさがす カレンダーでさが"
"尾張旭市","23226","27","200","メールでのお問い合わせはこちら","https://www.city.owariasahi.lg.jp/form/detail.php?sec_sec1=22&amp;inq=03&lif_id=33165","お問い合わせ - 尾張旭市公式ホームページ ページの先頭です。 メニューを飛ばして本文へ メニュー 閉じる さがす 閉じる オンライン 手続き 本文へ ご利用ガイド サイトマップ language 文字サイズ 標準 拡大 背景色 白 黒 青 キーワード 検索 Googleカスタム検索 検索対象 すべて ページ PDF ページID 検索 ライフイベントでさがす 高齢者 妊娠・出産 子育て 入園・入学 就職・退職 結婚・離婚 引っ越し おくやみ 目的からさがす 申請書一覧 施設 ごみ・ リサイクル 入札・契約 相談窓口 よくある 質問 イベント 市営バス あさぴー号 組織でさがす カレンダーでさが"
"尾張旭市","23226","27","200","メールでのお問い合わせはこちら","https://www.city.owariasahi.lg.jp/form/detail.php?sec_sec1=22&amp;inq=03&lif_id=34512","お問い合わせ - 尾張旭市公式ホームページ ページの先頭です。 メニューを飛ばして本文へ メニュー 閉じる さがす 閉じる オンライン 手続き 本文へ ご利用ガイド サイトマップ language 文字サイズ 標準 拡大 背景色 白 黒 青 キーワード 検索 Googleカスタム検索 検索対象 すべて ページ PDF ページID 検索 ライフイベントでさがす 高齢者 妊娠・出産 子育て 入園・入学 就職・退職 結婚・離婚 引っ越し おくやみ 目的からさがす 申請書一覧 施設 ごみ・ リサイクル 入札・契約 相談窓口 よくある 質問 イベント 市営バス あさぴー号 組織でさがす カレンダーでさが"
"尾張旭市","23226","27","200","メールでのお問い合わせはこちら","https://www.city.owariasahi.lg.jp/form/detail.php?sec_sec1=22&amp;inq=03&lif_id=38133","お問い合わせ - 尾張旭市公式ホームページ ページの先頭です。 メニューを飛ばして本文へ メニュー 閉じる さがす 閉じる オンライン 手続き 本文へ ご利用ガイド サイトマップ language 文字サイズ 標準 拡大 背景色 白 黒 青 キーワード 検索 Googleカスタム検索 検索対象 すべて ページ PDF ページID 検索 ライフイベントでさがす 高齢者 妊娠・出産 子育て 入園・入学 就職・退職 結婚・離婚 引っ越し おくやみ 目的からさがす 申請書一覧 施設 ごみ・ リサイクル 入札・契約 相談窓口 よくある 質問 イベント 市営バス あさぴー号 組織でさがす カレンダーでさが"
"尾張旭市","23226","27","200","メールでのお問い合わせはこちら","https://www.city.owariasahi.lg.jp/form/detail.php?sec_sec1=22&amp;inq=03&lif_id=46795","お問い合わせ - 尾張旭市公式ホームページ ページの先頭です。 メニューを飛ばして本文へ メニュー 閉じる さがす 閉じる オンライン 手続き 本文へ ご利用ガイド サイトマップ language 文字サイズ 標準 拡大 背景色 白 黒 青 キーワード 検索 Googleカスタム検索 検索対象 すべて ページ PDF ページID 検索 ライフイベントでさがす 高齢者 妊娠・出産 子育て 入園・入学 就職・退職 結婚・離婚 引っ越し おくやみ 目的からさがす 申請書一覧 施設 ごみ・ リサイクル 入札・契約 相談窓口 よくある 質問 イベント 市営バス あさぴー号 組織でさがす カレンダーでさが"
"尾張旭市","23226","27","200","メールでのお問い合わせはこちら","https://www.city.owariasahi.lg.jp/form/detail.php?sec_sec1=22&amp;inq=03&lif_id=50714","お問い合わせ - 尾張旭市公式ホームページ ページの先頭です。 メニューを飛ばして本文へ メニュー 閉じる さがす 閉じる オンライン 手続き 本文へ ご利用ガイド サイトマップ language 文字サイズ 標準 拡大 背景色 白 黒 青 キーワード 検索 Googleカスタム検索 検索対象 すべて ページ PDF ページID 検索 ライフイベントでさがす 高齢者 妊娠・出産 子育て 入園・入学 就職・退職 結婚・離婚 引っ越し おくやみ 目的からさがす 申請書一覧 施設 ごみ・ リサイクル 入札・契約 相談窓口 よくある 質問 イベント 市営バス あさぴー号 組織でさがす カレンダーでさが"
"尾張旭市","23226","27","200","メールでのお問い合わせはこちら","https://www.city.owariasahi.lg.jp/form/detail.php?sec_sec1=22&amp;inq=03&lif_id=52010","お問い合わせ - 尾張旭市公式ホームページ ページの先頭です。 メニューを飛ばして本文へ メニュー 閉じる さがす 閉じる オンライン 手続き 本文へ ご利用ガイド サイトマップ language 文字サイズ 標準 拡大 背景色 白 黒 青 キーワード 検索 Googleカスタム検索 検索対象 すべて ページ PDF ページID 検索 ライフイベントでさがす 高齢者 妊娠・出産 子育て 入園・入学 就職・退職 結婚・離婚 引っ越し おくやみ 目的からさがす 申請書一覧 施設 ごみ・ リサイクル 入札・契約 相談窓口 よくある 質問 イベント 市営バス あさぴー号 組織でさがす カレンダーでさが"
"尾張旭市","23226","27","200","メールでのお問い合わせはこちら","https://www.city.owariasahi.lg.jp/form/detail.php?sec_sec1=22&amp;inq=03&lif_id=54729","お問い合わせ - 尾張旭市公式ホームページ ページの先頭です。 メニューを飛ばして本文へ メニュー 閉じる さがす 閉じる オンライン 手続き 本文へ ご利用ガイド サイトマップ language 文字サイズ 標準 拡大 背景色 白 黒 青 キーワード 検索 Googleカスタム検索 検索対象 すべて ページ PDF ページID 検索 ライフイベントでさがす 高齢者 妊娠・出産 子育て 入園・入学 就職・退職 結婚・離婚 引っ越し おくやみ 目的からさがす 申請書一覧 施設 ごみ・ リサイクル 入札・契約 相談窓口 よくある 質問 イベント 市営バス あさぴー号 組織でさがす カレンダーでさが"
"尾張旭市","23226","27","200","メールでのお問い合わせはこちら","https://www.city.owariasahi.lg.jp/form/detail.php?sec_sec1=22&amp;inq=03&lif_id=55169","お問い合わせ - 尾張旭市公式ホームページ ページの先頭です。 メニューを飛ばして本文へ メニュー 閉じる さがす 閉じる オンライン 手続き 本文へ ご利用ガイド サイトマップ language 文字サイズ 標準 拡大 背景色 白 黒 青 キーワード 検索 Googleカスタム検索 検索対象 すべて ページ PDF ページID 検索 ライフイベントでさがす 高齢者 妊娠・出産 子育て 入園・入学 就職・退職 結婚・離婚 引っ越し おくやみ 目的からさがす 申請書一覧 施設 ごみ・ リサイクル 入札・契約 相談窓口 よくある 質問 イベント 市営バス あさぴー号 組織でさがす カレンダーでさが"
"尾張旭市","23226","27","200","メールでのお問い合わせはこちら","https://www.city.owariasahi.lg.jp/form/detail.php?sec_sec1=22&amp;inq=03&lif_id=55360","お問い合わせ - 尾張旭市公式ホームページ ページの先頭です。 メニューを飛ばして本文へ メニュー 閉じる さがす 閉じる オンライン 手続き 本文へ ご利用ガイド サイトマップ language 文字サイズ 標準 拡大 背景色 白 黒 青 キーワード 検索 Googleカスタム検索 検索対象 すべて ページ PDF ページID 検索 ライフイベントでさがす 高齢者 妊娠・出産 子育て 入園・入学 就職・退職 結婚・離婚 引っ越し おくやみ 目的からさがす 申請書一覧 施設 ごみ・ リサイクル 入札・契約 相談窓口 よくある 質問 イベント 市営バス あさぴー号 組織でさがす カレンダーでさが"
"尾張旭市","23226","27","200","メールでのお問い合わせはこちら","https://www.city.owariasahi.lg.jp/form/detail.php?sec_sec1=22&amp;inq=03&lif_id=55749","お問い合わせ - 尾張旭市公式ホームページ ページの先頭です。 メニューを飛ばして本文へ メニュー 閉じる さがす 閉じる オンライン 手続き 本文へ ご利用ガイド サイトマップ language 文字サイズ 標準 拡大 背景色 白 黒 青 キーワード 検索 Googleカスタム検索 検索対象 すべて ページ PDF ページID 検索 ライフイベントでさがす 高齢者 妊娠・出産 子育て 入園・入学 就職・退職 結婚・離婚 引っ越し おくやみ 目的からさがす 申請書一覧 施設 ごみ・ リサイクル 入札・契約 相談窓口 よくある 質問 イベント 市営バス あさぴー号 組織でさがす カレンダーでさが"
"尾張旭市","23226","27","200","メールでのお問い合わせはこちら","https://www.city.owariasahi.lg.jp/form/detail.php?sec_sec1=22&amp;inq=03&lif_id=56456","お問い合わせ - 尾張旭市公式ホームページ ページの先頭です。 メニューを飛ばして本文へ メニュー 閉じる さがす 閉じる オンライン 手続き 本文へ ご利用ガイド サイトマップ language 文字サイズ 標準 拡大 背景色 白 黒 青 キーワード 検索 Googleカスタム検索 検索対象 すべて ページ PDF ページID 検索 ライフイベントでさがす 高齢者 妊娠・出産 子育て 入園・入学 就職・退職 結婚・離婚 引っ越し おくやみ 目的からさがす 申請書一覧 施設 ごみ・ リサイクル 入札・契約 相談窓口 よくある 質問 イベント 市営バス あさぴー号 組織でさがす カレンダーでさが"
"尾張旭市","23226","27","200","メールでのお問い合わせはこちら","https://www.city.owariasahi.lg.jp/form/detail.php?sec_sec1=22&lif_id=49499","お問い合わせ - 尾張旭市公式ホームページ ページの先頭です。 メニューを飛ばして本文へ メニュー 閉じる さがす 閉じる オンライン 手続き 本文へ ご利用ガイド サイトマップ language 文字サイズ 標準 拡大 背景色 白 黒 青 キーワード 検索 Googleカスタム検索 検索対象 すべて ページ PDF ページID 検索 ライフイベントでさがす 高齢者 妊娠・出産 子育て 入園・入学 就職・退職 結婚・離婚 引っ越し おくやみ 目的からさがす 申請書一覧 施設 ごみ・ リサイクル 入札・契約 相談窓口 よくある 質問 イベント 市営バス あさぴー号 組織でさがす カレンダーでさが"
"尾張旭市","23226","27","200","メールでのお問い合わせはこちら","https://www.city.owariasahi.lg.jp/form/detail.php?sec_sec1=22&lif_id=55632","お問い合わせ - 尾張旭市公式ホームページ ページの先頭です。 メニューを飛ばして本文へ メニュー 閉じる さがす 閉じる オンライン 手続き 本文へ ご利用ガイド サイトマップ language 文字サイズ 標準 拡大 背景色 白 黒 青 キーワード 検索 Googleカスタム検索 検索対象 すべて ページ PDF ページID 検索 ライフイベントでさがす 高齢者 妊娠・出産 子育て 入園・入学 就職・退職 結婚・離婚 引っ越し おくやみ 目的からさがす 申請書一覧 施設 ごみ・ リサイクル 入札・契約 相談窓口 よくある 質問 イベント 市営バス あさぴー号 組織でさがす カレンダーでさが"
"尾張旭市","23226","27","200","メールでのお問い合わせはこちら","https://www.city.owariasahi.lg.jp/form/detail.php?sec_sec1=22&lif_id=55633","お問い合わせ - 尾張旭市公式ホームページ ページの先頭です。 メニューを飛ばして本文へ メニュー 閉じる さがす 閉じる オンライン 手続き 本文へ ご利用ガイド サイトマップ language 文字サイズ 標準 拡大 背景色 白 黒 青 キーワード 検索 Googleカスタム検索 検索対象 すべて ページ PDF ページID 検索 ライフイベントでさがす 高齢者 妊娠・出産 子育て 入園・入学 就職・退職 結婚・離婚 引っ越し おくやみ 目的からさがす 申請書一覧 施設 ごみ・ リサイクル 入札・契約 相談窓口 よくある 質問 イベント 市営バス あさぴー号 組織でさがす カレンダーでさが"
"尾張旭市","23226","27","200","メールでのお問い合わせはこちら","https://www.city.owariasahi.lg.jp/form/detail.php?sec_sec1=22&lif_id=55634","お問い合わせ - 尾張旭市公式ホームページ ページの先頭です。 メニューを飛ばして本文へ メニュー 閉じる さがす 閉じる オンライン 手続き 本文へ ご利用ガイド サイトマップ language 文字サイズ 標準 拡大 背景色 白 黒 青 キーワード 検索 Googleカスタム検索 検索対象 すべて ページ PDF ページID 検索 ライフイベントでさがす 高齢者 妊娠・出産 子育て 入園・入学 就職・退職 結婚・離婚 引っ越し おくやみ 目的からさがす 申請書一覧 施設 ごみ・ リサイクル 入札・契約 相談窓口 よくある 質問 イベント 市営バス あさぴー号 組織でさがす カレンダーでさが"
"尾張旭市","23226","27","200","メールでのお問い合わせはこちら","https://www.city.owariasahi.lg.jp/form/detail.php?sec_sec1=23&lif_id=45109","お問い合わせ - 尾張旭市公式ホームページ ページの先頭です。 メニューを飛ばして本文へ メニュー 閉じる さがす 閉じる オンライン 手続き 本文へ ご利用ガイド サイトマップ language 文字サイズ 標準 拡大 背景色 白 黒 青 キーワード 検索 Googleカスタム検索 検索対象 すべて ページ PDF ページID 検索 ライフイベントでさがす 高齢者 妊娠・出産 子育て 入園・入学 就職・退職 結婚・離婚 引っ越し おくやみ 目的からさがす 申請書一覧 施設 ごみ・ リサイクル 入札・契約 相談窓口 よくある 質問 イベント 市営バス あさぴー号 組織でさがす カレンダーでさが"
"尾張旭市","23226","27","200","メールでのお問い合わせはこちら","https://www.city.owariasahi.lg.jp/form/detail.php?sec_sec1=26&amp;inq=03&lif_id=36358","お問い合わせ - 尾張旭市公式ホームページ ページの先頭です。 メニューを飛ばして本文へ メニュー 閉じる さがす 閉じる オンライン 手続き 本文へ ご利用ガイド サイトマップ language 文字サイズ 標準 拡大 背景色 白 黒 青 キーワード 検索 Googleカスタム検索 検索対象 すべて ページ PDF ページID 検索 ライフイベントでさがす 高齢者 妊娠・出産 子育て 入園・入学 就職・退職 結婚・離婚 引っ越し おくやみ 目的からさがす 申請書一覧 施設 ごみ・ リサイクル 入札・契約 相談窓口 よくある 質問 イベント 市営バス あさぴー号 組織でさがす カレンダーでさが"
"尾張旭市","23226","27","200","メールでのお問い合わせはこちら","https://www.city.owariasahi.lg.jp/form/detail.php?sec_sec1=26&amp;inq=03&lif_id=46829","お問い合わせ - 尾張旭市公式ホームページ ページの先頭です。 メニューを飛ばして本文へ メニュー 閉じる さがす 閉じる オンライン 手続き 本文へ ご利用ガイド サイトマップ language 文字サイズ 標準 拡大 背景色 白 黒 青 キーワード 検索 Googleカスタム検索 検索対象 すべて ページ PDF ページID 検索 ライフイベントでさがす 高齢者 妊娠・出産 子育て 入園・入学 就職・退職 結婚・離婚 引っ越し おくやみ 目的からさがす 申請書一覧 施設 ごみ・ リサイクル 入札・契約 相談窓口 よくある 質問 イベント 市営バス あさぴー号 組織でさがす カレンダーでさが"
"尾張旭市","23226","27","200","メールでのお問い合わせはこちら","https://www.city.owariasahi.lg.jp/form/detail.php?sec_sec1=26&amp;inq=03&lif_id=53798","お問い合わせ - 尾張旭市公式ホームページ ページの先頭です。 メニューを飛ばして本文へ メニュー 閉じる さがす 閉じる オンライン 手続き 本文へ ご利用ガイド サイトマップ language 文字サイズ 標準 拡大 背景色 白 黒 青 キーワード 検索 Googleカスタム検索 検索対象 すべて ページ PDF ページID 検索 ライフイベントでさがす 高齢者 妊娠・出産 子育て 入園・入学 就職・退職 結婚・離婚 引っ越し おくやみ 目的からさがす 申請書一覧 施設 ごみ・ リサイクル 入札・契約 相談窓口 よくある 質問 イベント 市営バス あさぴー号 組織でさがす カレンダーでさが"
"尾張旭市","23226","27","200","メールでのお問い合わせはこちら","https://www.city.owariasahi.lg.jp/form/detail.php?sec_sec1=26&lif_id=52936","お問い合わせ - 尾張旭市公式ホームページ ページの先頭です。 メニューを飛ばして本文へ メニュー 閉じる さがす 閉じる オンライン 手続き 本文へ ご利用ガイド サイトマップ language 文字サイズ 標準 拡大 背景色 白 黒 青 キーワード 検索 Googleカスタム検索 検索対象 すべて ページ PDF ページID 検索 ライフイベントでさがす 高齢者 妊娠・出産 子育て 入園・入学 就職・退職 結婚・離婚 引っ越し おくやみ 目的からさがす 申請書一覧 施設 ごみ・ リサイクル 入札・契約 相談窓口 よくある 質問 イベント 市営バス あさぴー号 組織でさがす カレンダーでさが"
"尾張旭市","23226","27","200","メールでのお問い合わせはこちら","https://www.city.owariasahi.lg.jp/form/detail.php?sec_sec1=26&lif_id=53696","お問い合わせ - 尾張旭市公式ホームページ ページの先頭です。 メニューを飛ばして本文へ メニュー 閉じる さがす 閉じる オンライン 手続き 本文へ ご利用ガイド サイトマップ language 文字サイズ 標準 拡大 背景色 白 黒 青 キーワード 検索 Googleカスタム検索 検索対象 すべて ページ PDF ページID 検索 ライフイベントでさがす 高齢者 妊娠・出産 子育て 入園・入学 就職・退職 結婚・離婚 引っ越し おくやみ 目的からさがす 申請書一覧 施設 ごみ・ リサイクル 入札・契約 相談窓口 よくある 質問 イベント 市営バス あさぴー号 組織でさがす カレンダーでさが"
"尾張旭市","23226","27","200","メールでのお問い合わせはこちら","https://www.city.owariasahi.lg.jp/form/detail.php?sec_sec1=26&lif_id=53901","お問い合わせ - 尾張旭市公式ホームページ ページの先頭です。 メニューを飛ばして本文へ メニュー 閉じる さがす 閉じる オンライン 手続き 本文へ ご利用ガイド サイトマップ language 文字サイズ 標準 拡大 背景色 白 黒 青 キーワード 検索 Googleカスタム検索 検索対象 すべて ページ PDF ページID 検索 ライフイベントでさがす 高齢者 妊娠・出産 子育て 入園・入学 就職・退職 結婚・離婚 引っ越し おくやみ 目的からさがす 申請書一覧 施設 ごみ・ リサイクル 入札・契約 相談窓口 よくある 質問 イベント 市営バス あさぴー号 組織でさがす カレンダーでさが"
"尾張旭市","23226","27","200","メールでのお問い合わせはこちら","https://www.city.owariasahi.lg.jp/form/detail.php?sec_sec1=26&lif_id=54173","お問い合わせ - 尾張旭市公式ホームページ ページの先頭です。 メニューを飛ばして本文へ メニュー 閉じる さがす 閉じる オンライン 手続き 本文へ ご利用ガイド サイトマップ language 文字サイズ 標準 拡大 背景色 白 黒 青 キーワード 検索 Googleカスタム検索 検索対象 すべて ページ PDF ページID 検索 ライフイベントでさがす 高齢者 妊娠・出産 子育て 入園・入学 就職・退職 結婚・離婚 引っ越し おくやみ 目的からさがす 申請書一覧 施設 ごみ・ リサイクル 入札・契約 相談窓口 よくある 質問 イベント 市営バス あさぴー号 組織でさがす カレンダーでさが"
"尾張旭市","23226","27","200","メールでのお問い合わせはこちら","https://www.city.owariasahi.lg.jp/form/detail.php?sec_sec1=26&lif_id=55089","お問い合わせ - 尾張旭市公式ホームページ ページの先頭です。 メニューを飛ばして本文へ メニュー 閉じる さがす 閉じる オンライン 手続き 本文へ ご利用ガイド サイトマップ language 文字サイズ 標準 拡大 背景色 白 黒 青 キーワード 検索 Googleカスタム検索 検索対象 すべて ページ PDF ページID 検索 ライフイベントでさがす 高齢者 妊娠・出産 子育て 入園・入学 就職・退職 結婚・離婚 引っ越し おくやみ 目的からさがす 申請書一覧 施設 ごみ・ リサイクル 入札・契約 相談窓口 よくある 質問 イベント 市営バス あさぴー号 組織でさがす カレンダーでさが"
"尾張旭市","23226","27","200","メールでのお問い合わせはこちら","https://www.city.owariasahi.lg.jp/form/detail.php?sec_sec1=26&lif_id=56248","お問い合わせ - 尾張旭市公式ホームページ ページの先頭です。 メニューを飛ばして本文へ メニュー 閉じる さがす 閉じる オンライン 手続き 本文へ ご利用ガイド サイトマップ language 文字サイズ 標準 拡大 背景色 白 黒 青 キーワード 検索 Googleカスタム検索 検索対象 すべて ページ PDF ページID 検索 ライフイベントでさがす 高齢者 妊娠・出産 子育て 入園・入学 就職・退職 結婚・離婚 引っ越し おくやみ 目的からさがす 申請書一覧 施設 ごみ・ リサイクル 入札・契約 相談窓口 よくある 質問 イベント 市営バス あさぴー号 組織でさがす カレンダーでさが"
"尾張旭市","23226","27","200","メールでのお問い合わせはこちら","https://www.city.owariasahi.lg.jp/form/detail.php?sec_sec1=27&amp;inq=02&lif_id=53904","お問い合わせ - 尾張旭市公式ホームページ ページの先頭です。 メニューを飛ばして本文へ メニュー 閉じる さがす 閉じる オンライン 手続き 本文へ ご利用ガイド サイトマップ language 文字サイズ 標準 拡大 背景色 白 黒 青 キーワード 検索 Googleカスタム検索 検索対象 すべて ページ PDF ページID 検索 ライフイベントでさがす 高齢者 妊娠・出産 子育て 入園・入学 就職・退職 結婚・離婚 引っ越し おくやみ 目的からさがす 申請書一覧 施設 ごみ・ リサイクル 入札・契約 相談窓口 よくある 質問 イベント 市営バス あさぴー号 組織でさがす カレンダーでさが"
"尾張旭市","23226","27","200","メールでのお問い合わせはこちら","https://www.city.owariasahi.lg.jp/form/detail.php?sec_sec1=27&amp;inq=02&lif_id=56331","お問い合わせ - 尾張旭市公式ホームページ ページの先頭です。 メニューを飛ばして本文へ メニュー 閉じる さがす 閉じる オンライン 手続き 本文へ ご利用ガイド サイトマップ language 文字サイズ 標準 拡大 背景色 白 黒 青 キーワード 検索 Googleカスタム検索 検索対象 すべて ページ PDF ページID 検索 ライフイベントでさがす 高齢者 妊娠・出産 子育て 入園・入学 就職・退職 結婚・離婚 引っ越し おくやみ 目的からさがす 申請書一覧 施設 ごみ・ リサイクル 入札・契約 相談窓口 よくある 質問 イベント 市営バス あさぴー号 組織でさがす カレンダーでさが"
"尾張旭市","23226","27","200","メールでのお問い合わせはこちら","https://www.city.owariasahi.lg.jp/form/detail.php?sec_sec1=30&amp;inq=02&lif_id=55996","お問い合わせ - 尾張旭市公式ホームページ ページの先頭です。 メニューを飛ばして本文へ メニュー 閉じる さがす 閉じる オンライン 手続き 本文へ ご利用ガイド サイトマップ language 文字サイズ 標準 拡大 背景色 白 黒 青 キーワード 検索 Googleカスタム検索 検索対象 すべて ページ PDF ページID 検索 ライフイベントでさがす 高齢者 妊娠・出産 子育て 入園・入学 就職・退職 結婚・離婚 引っ越し おくやみ 目的からさがす 申請書一覧 施設 ごみ・ リサイクル 入札・契約 相談窓口 よくある 質問 イベント 市営バス あさぴー号 組織でさがす カレンダーでさが"
"尾張旭市","23226","27","200","メールでのお問い合わせはこちら","https://www.city.owariasahi.lg.jp/form/detail.php?sec_sec1=30&amp;inq=03&lif_id=35872","お問い合わせ - 尾張旭市公式ホームページ ページの先頭です。 メニューを飛ばして本文へ メニュー 閉じる さがす 閉じる オンライン 手続き 本文へ ご利用ガイド サイトマップ language 文字サイズ 標準 拡大 背景色 白 黒 青 キーワード 検索 Googleカスタム検索 検索対象 すべて ページ PDF ページID 検索 ライフイベントでさがす 高齢者 妊娠・出産 子育て 入園・入学 就職・退職 結婚・離婚 引っ越し おくやみ 目的からさがす 申請書一覧 施設 ごみ・ リサイクル 入札・契約 相談窓口 よくある 質問 イベント 市営バス あさぴー号 組織でさがす カレンダーでさが"
"尾張旭市","23226","27","200","メールでのお問い合わせはこちら","https://www.city.owariasahi.lg.jp/form/detail.php?sec_sec1=30&amp;inq=03&lif_id=35877","お問い合わせ - 尾張旭市公式ホームページ ページの先頭です。 メニューを飛ばして本文へ メニュー 閉じる さがす 閉じる オンライン 手続き 本文へ ご利用ガイド サイトマップ language 文字サイズ 標準 拡大 背景色 白 黒 青 キーワード 検索 Googleカスタム検索 検索対象 すべて ページ PDF ページID 検索 ライフイベントでさがす 高齢者 妊娠・出産 子育て 入園・入学 就職・退職 結婚・離婚 引っ越し おくやみ 目的からさがす 申請書一覧 施設 ごみ・ リサイクル 入札・契約 相談窓口 よくある 質問 イベント 市営バス あさぴー号 組織でさがす カレンダーでさが"
"尾張旭市","23226","27","200","メールでのお問い合わせはこちら","https://www.city.owariasahi.lg.jp/form/detail.php?sec_sec1=30&amp;inq=03&lif_id=43755","お問い合わせ - 尾張旭市公式ホームページ ページの先頭です。 メニューを飛ばして本文へ メニュー 閉じる さがす 閉じる オンライン 手続き 本文へ ご利用ガイド サイトマップ language 文字サイズ 標準 拡大 背景色 白 黒 青 キーワード 検索 Googleカスタム検索 検索対象 すべて ページ PDF ページID 検索 ライフイベントでさがす 高齢者 妊娠・出産 子育て 入園・入学 就職・退職 結婚・離婚 引っ越し おくやみ 目的からさがす 申請書一覧 施設 ごみ・ リサイクル 入札・契約 相談窓口 よくある 質問 イベント 市営バス あさぴー号 組織でさがす カレンダーでさが"
"尾張旭市","23226","27","200","メールでのお問い合わせはこちら","https://www.city.owariasahi.lg.jp/form/detail.php?sec_sec1=30&amp;inq=03&lif_id=44825","お問い合わせ - 尾張旭市公式ホームページ ページの先頭です。 メニューを飛ばして本文へ メニュー 閉じる さがす 閉じる オンライン 手続き 本文へ ご利用ガイド サイトマップ language 文字サイズ 標準 拡大 背景色 白 黒 青 キーワード 検索 Googleカスタム検索 検索対象 すべて ページ PDF ページID 検索 ライフイベントでさがす 高齢者 妊娠・出産 子育て 入園・入学 就職・退職 結婚・離婚 引っ越し おくやみ 目的からさがす 申請書一覧 施設 ごみ・ リサイクル 入札・契約 相談窓口 よくある 質問 イベント 市営バス あさぴー号 組織でさがす カレンダーでさが"
"尾張旭市","23226","27","200","メールでのお問い合わせはこちら","https://www.city.owariasahi.lg.jp/form/detail.php?sec_sec1=30&amp;inq=03&lif_id=53624","お問い合わせ - 尾張旭市公式ホームページ ページの先頭です。 メニューを飛ばして本文へ メニュー 閉じる さがす 閉じる オンライン 手続き 本文へ ご利用ガイド サイトマップ language 文字サイズ 標準 拡大 背景色 白 黒 青 キーワード 検索 Googleカスタム検索 検索対象 すべて ページ PDF ページID 検索 ライフイベントでさがす 高齢者 妊娠・出産 子育て 入園・入学 就職・退職 結婚・離婚 引っ越し おくやみ 目的からさがす 申請書一覧 施設 ごみ・ リサイクル 入札・契約 相談窓口 よくある 質問 イベント 市営バス あさぴー号 組織でさがす カレンダーでさが"
"尾張旭市","23226","27","200","メールでのお問い合わせはこちら","https://www.city.owariasahi.lg.jp/form/detail.php?sec_sec1=30&amp;inq=03&lif_id=53625","お問い合わせ - 尾張旭市公式ホームページ ページの先頭です。 メニューを飛ばして本文へ メニュー 閉じる さがす 閉じる オンライン 手続き 本文へ ご利用ガイド サイトマップ language 文字サイズ 標準 拡大 背景色 白 黒 青 キーワード 検索 Googleカスタム検索 検索対象 すべて ページ PDF ページID 検索 ライフイベントでさがす 高齢者 妊娠・出産 子育て 入園・入学 就職・退職 結婚・離婚 引っ越し おくやみ 目的からさがす 申請書一覧 施設 ごみ・ リサイクル 入札・契約 相談窓口 よくある 質問 イベント 市営バス あさぴー号 組織でさがす カレンダーでさが"
"尾張旭市","23226","27","200","メールでのお問い合わせはこちら","https://www.city.owariasahi.lg.jp/form/detail.php?sec_sec1=30&amp;inq=03&lif_id=53667","お問い合わせ - 尾張旭市公式ホームページ ページの先頭です。 メニューを飛ばして本文へ メニュー 閉じる さがす 閉じる オンライン 手続き 本文へ ご利用ガイド サイトマップ language 文字サイズ 標準 拡大 背景色 白 黒 青 キーワード 検索 Googleカスタム検索 検索対象 すべて ページ PDF ページID 検索 ライフイベントでさがす 高齢者 妊娠・出産 子育て 入園・入学 就職・退職 結婚・離婚 引っ越し おくやみ 目的からさがす 申請書一覧 施設 ごみ・ リサイクル 入札・契約 相談窓口 よくある 質問 イベント 市営バス あさぴー号 組織でさがす カレンダーでさが"
"尾張旭市","23226","27","200","メールでのお問い合わせはこちら","https://www.city.owariasahi.lg.jp/form/detail.php?sec_sec1=30&lif_id=53866","お問い合わせ - 尾張旭市公式ホームページ ページの先頭です。 メニューを飛ばして本文へ メニュー 閉じる さがす 閉じる オンライン 手続き 本文へ ご利用ガイド サイトマップ language 文字サイズ 標準 拡大 背景色 白 黒 青 キーワード 検索 Googleカスタム検索 検索対象 すべて ページ PDF ページID 検索 ライフイベントでさがす 高齢者 妊娠・出産 子育て 入園・入学 就職・退職 結婚・離婚 引っ越し おくやみ 目的からさがす 申請書一覧 施設 ごみ・ リサイクル 入札・契約 相談窓口 よくある 質問 イベント 市営バス あさぴー号 組織でさがす カレンダーでさが"
"尾張旭市","23226","27","200","メールでのお問い合わせはこちら","https://www.city.owariasahi.lg.jp/form/detail.php?sec_sec1=30&lif_id=54323","お問い合わせ - 尾張旭市公式ホームページ ページの先頭です。 メニューを飛ばして本文へ メニュー 閉じる さがす 閉じる オンライン 手続き 本文へ ご利用ガイド サイトマップ language 文字サイズ 標準 拡大 背景色 白 黒 青 キーワード 検索 Googleカスタム検索 検索対象 すべて ページ PDF ページID 検索 ライフイベントでさがす 高齢者 妊娠・出産 子育て 入園・入学 就職・退職 結婚・離婚 引っ越し おくやみ 目的からさがす 申請書一覧 施設 ごみ・ リサイクル 入札・契約 相談窓口 よくある 質問 イベント 市営バス あさぴー号 組織でさがす カレンダーでさが"
"尾張旭市","23226","27","200","メールでのお問い合わせはこちら","https://www.city.owariasahi.lg.jp/form/detail.php?sec_sec1=30&lif_id=54667","お問い合わせ - 尾張旭市公式ホームページ ページの先頭です。 メニューを飛ばして本文へ メニュー 閉じる さがす 閉じる オンライン 手続き 本文へ ご利用ガイド サイトマップ language 文字サイズ 標準 拡大 背景色 白 黒 青 キーワード 検索 Googleカスタム検索 検索対象 すべて ページ PDF ページID 検索 ライフイベントでさがす 高齢者 妊娠・出産 子育て 入園・入学 就職・退職 結婚・離婚 引っ越し おくやみ 目的からさがす 申請書一覧 施設 ごみ・ リサイクル 入札・契約 相談窓口 よくある 質問 イベント 市営バス あさぴー号 組織でさがす カレンダーでさが"
"尾張旭市","23226","27","200","メールでのお問い合わせはこちら","https://www.city.owariasahi.lg.jp/form/detail.php?sec_sec1=30&lif_id=55216","お問い合わせ - 尾張旭市公式ホームページ ページの先頭です。 メニューを飛ばして本文へ メニュー 閉じる さがす 閉じる オンライン 手続き 本文へ ご利用ガイド サイトマップ language 文字サイズ 標準 拡大 背景色 白 黒 青 キーワード 検索 Googleカスタム検索 検索対象 すべて ページ PDF ページID 検索 ライフイベントでさがす 高齢者 妊娠・出産 子育て 入園・入学 就職・退職 結婚・離婚 引っ越し おくやみ 目的からさがす 申請書一覧 施設 ごみ・ リサイクル 入札・契約 相談窓口 よくある 質問 イベント 市営バス あさぴー号 組織でさがす カレンダーでさが"
"尾張旭市","23226","27","200","メールでのお問い合わせはこちら","https://www.city.owariasahi.lg.jp/form/detail.php?sec_sec1=31&amp;inq=02&lif_id=52700","お問い合わせ - 尾張旭市公式ホームページ ページの先頭です。 メニューを飛ばして本文へ メニュー 閉じる さがす 閉じる オンライン 手続き 本文へ ご利用ガイド サイトマップ language 文字サイズ 標準 拡大 背景色 白 黒 青 キーワード 検索 Googleカスタム検索 検索対象 すべて ページ PDF ページID 検索 ライフイベントでさがす 高齢者 妊娠・出産 子育て 入園・入学 就職・退職 結婚・離婚 引っ越し おくやみ 目的からさがす 申請書一覧 施設 ごみ・ リサイクル 入札・契約 相談窓口 よくある 質問 イベント 市営バス あさぴー号 組織でさがす カレンダーでさが"
"尾張旭市","23226","27","200","メールでのお問い合わせはこちら","https://www.city.owariasahi.lg.jp/form/detail.php?sec_sec1=31&amp;inq=02&lif_id=55686","お問い合わせ - 尾張旭市公式ホームページ ページの先頭です。 メニューを飛ばして本文へ メニュー 閉じる さがす 閉じる オンライン 手続き 本文へ ご利用ガイド サイトマップ language 文字サイズ 標準 拡大 背景色 白 黒 青 キーワード 検索 Googleカスタム検索 検索対象 すべて ページ PDF ページID 検索 ライフイベントでさがす 高齢者 妊娠・出産 子育て 入園・入学 就職・退職 結婚・離婚 引っ越し おくやみ 目的からさがす 申請書一覧 施設 ごみ・ リサイクル 入札・契約 相談窓口 よくある 質問 イベント 市営バス あさぴー号 組織でさがす カレンダーでさが"
"尾張旭市","23226","27","200","メールでのお問い合わせはこちら","https://www.city.owariasahi.lg.jp/form/detail.php?sec_sec1=31&lif_id=56062","お問い合わせ - 尾張旭市公式ホームページ ページの先頭です。 メニューを飛ばして本文へ メニュー 閉じる さがす 閉じる オンライン 手続き 本文へ ご利用ガイド サイトマップ language 文字サイズ 標準 拡大 背景色 白 黒 青 キーワード 検索 Googleカスタム検索 検索対象 すべて ページ PDF ページID 検索 ライフイベントでさがす 高齢者 妊娠・出産 子育て 入園・入学 就職・退職 結婚・離婚 引っ越し おくやみ 目的からさがす 申請書一覧 施設 ごみ・ リサイクル 入札・契約 相談窓口 よくある 質問 イベント 市営バス あさぴー号 組織でさがす カレンダーでさが"
"日進市","23230","26","200","部や課で選ぶ","https://www.city.nisshin.lg.jp/department/index.html","部や課で選ぶ／日進市 本文へ 文字サイズ 背景色変更 携帯サイト Other Language 部や課で選ぶ ご意見・お問い合わせ ホーム くらしの情報 行事・イベント 市役所・公共施設 市の政策・計画 サイト内検索 くらしの情報 行事・イベント 市役所・公共施設 市の政策・計画 Other Language 部や課で選ぶ ご意見・お問い合わせ 現在の位置 ホーム 部や課で選ぶ 部や課で選ぶ ID番号 N23 更新日：2020年07月28日 総合政策部 総務部 市民生活部 福祉部 健康こども部 建設部 都市産業部 会計管理者 生涯学習部 学校教育部 議会事務局 監査委員事務局 日進市役所 サイ"
"日進市","23230","26","200","ピックルボール体験会","https://www.city.nisshin.lg.jp/department/shogai/manabi/2/2/2/sportsevent/18088.html","ピックルボール体験会／日進市 本文へ 文字サイズ 背景色変更 携帯サイト Other Language 部や課で選ぶ ご意見・お問い合わせ ホーム くらしの情報 行事・イベント 市役所・公共施設 市の政策・計画 サイト内検索 くらしの情報 行事・イベント 市役所・公共施設 市の政策・計画 Other Language 部や課で選ぶ ご意見・お問い合わせ 現在の位置 ホーム 部や課で選ぶ 生涯学習部 学び支援課 行事・イベント一覧 イベント スポーツ スポーツ関連団体イベント ピックルボール体験会 ピックルボール体験会 ID番号 N18088 更新日：2026年06月18日 ピックルボールの体験"
"日進市","23230","26","200","2026年5月16日 健康ポイントラリー・レクリエーション講座","https://www.city.nisshin.lg.jp/department/sougou/jouhou/keikaku/koho_kocho/city_Promotion/4/202003/18726.html","2026年5月16日 健康ポイントラリー・レクリエーション講座／日進市 本文へ 文字サイズ 背景色変更 携帯サイト Other Language 部や課で選ぶ ご意見・お問い合わせ ホーム くらしの情報 行事・イベント 市役所・公共施設 市の政策・計画 サイト内検索 くらしの情報 行事・イベント 市役所・公共施設 市の政策・計画 Other Language 部や課で選ぶ ご意見・お問い合わせ 現在の位置 ホーム 部や課で選ぶ 総合政策部 情報広報課 市の政策･計画 広報・広聴 市の魅力発信 まちの話題 最近のニュース 2026年5月16日 健康ポイントラリー・レクリエーション講座 2026年"
"日進市","23230","26","200","2026年5月30日 市川家に木曽馬がやってくる！","https://www.city.nisshin.lg.jp/department/sougou/jouhou/keikaku/koho_kocho/city_Promotion/4/202003/18741.html","2026年5月30日 市川家に木曽馬がやってくる！／日進市 本文へ 文字サイズ 背景色変更 携帯サイト Other Language 部や課で選ぶ ご意見・お問い合わせ ホーム くらしの情報 行事・イベント 市役所・公共施設 市の政策・計画 サイト内検索 くらしの情報 行事・イベント 市役所・公共施設 市の政策・計画 Other Language 部や課で選ぶ ご意見・お問い合わせ 現在の位置 ホーム 部や課で選ぶ 総合政策部 情報広報課 市の政策･計画 広報・広聴 市の魅力発信 まちの話題 最近のニュース 2026年5月30日 市川家に木曽馬がやってくる！ 2026年5月30日 市川家に木曽"
"日進市","23230","26","200","2026年6月13日 名古屋商科大学吹奏楽部コンサート","https://www.city.nisshin.lg.jp/department/sougou/jouhou/keikaku/koho_kocho/city_Promotion/4/202003/18854.html","2026年6月13日 名古屋商科大学吹奏楽部コンサート／日進市 本文へ 文字サイズ 背景色変更 携帯サイト Other Language 部や課で選ぶ ご意見・お問い合わせ ホーム くらしの情報 行事・イベント 市役所・公共施設 市の政策・計画 サイト内検索 くらしの情報 行事・イベント 市役所・公共施設 市の政策・計画 Other Language 部や課で選ぶ ご意見・お問い合わせ 現在の位置 ホーム 部や課で選ぶ 総合政策部 情報広報課 市の政策･計画 広報・広聴 市の魅力発信 まちの話題 最近のニュース 2026年6月13日 名古屋商科大学吹奏楽部コンサート 2026年6月13日 名古"
"日進市","23230","26","200","財務政策課","https://www.city.nisshin.lg.jp/department/soumu/zaimu/index.html","財務政策課／日進市 本文へ 文字サイズ 背景色変更 携帯サイト Other Language 部や課で選ぶ ご意見・お問い合わせ ホーム くらしの情報 行事・イベント 市役所・公共施設 市の政策・計画 サイト内検索 くらしの情報 行事・イベント 市役所・公共施設 市の政策・計画 Other Language 部や課で選ぶ ご意見・お問い合わせ 現在の位置 ホーム 部や課で選ぶ 総務部 財務政策課 財務政策課 ID番号 N9385 更新日：2025年03月31日 市の政策・計画 企業版ふるさと納税 インボイス制度の適格請求書発行事業者登録番号について ネーミングライツ事業について サイト内検索 "
"日進市","23230","26","200","災害時（台風、積雪、地震等）のくるりんばす運行について（現在該当はありません）","https://www.city.nisshin.lg.jp/department/toshisangyo/ido/1/18111.html","災害時（台風、積雪、地震等）のくるりんばす運行について（現在該当はありません）／日進市 本文へ 文字サイズ 背景色変更 携帯サイト Other Language 部や課で選ぶ ご意見・お問い合わせ ホーム くらしの情報 行事・イベント 市役所・公共施設 市の政策・計画 サイト内検索 くらしの情報 行事・イベント 市役所・公共施設 市の政策・計画 Other Language 部や課で選ぶ ご意見・お問い合わせ 現在の位置 ホーム 部や課で選ぶ 都市産業部 移動政策室 くるりんばす（日進市内巡回バス） 災害時（台風、積雪、地震等）のくるりんばす運行について（現在該当はありません） 災害時（台風、"
"日進市","23230","26","200","道路工事等に伴う臨時的なバス停の休止、移設及びバスの迂回運行に関する情報(現在該当する情報はありません)","https://www.city.nisshin.lg.jp/department/toshisangyo/ido/1/18112.html","道路工事等に伴う臨時的なバス停の休止、移設及びバスの迂回運行に関する情報(現在該当する情報はありません)／日進市 本文へ 文字サイズ 背景色変更 携帯サイト Other Language 部や課で選ぶ ご意見・お問い合わせ ホーム くらしの情報 行事・イベント 市役所・公共施設 市の政策・計画 サイト内検索 くらしの情報 行事・イベント 市役所・公共施設 市の政策・計画 Other Language 部や課で選ぶ ご意見・お問い合わせ 現在の位置 ホーム 部や課で選ぶ 都市産業部 移動政策室 くるりんばす（日進市内巡回バス） 道路工事等に伴う臨時的なバス停の休止、移設及びバスの迂回運行に関する"
"日進市","23230","26","200","日進市プロフィール","https://www.city.nisshin.lg.jp/purofuiru/index.html","日進市プロフィール／日進市 本文へ 文字サイズ 背景色変更 携帯サイト Other Language 部や課で選ぶ ご意見・お問い合わせ ホーム くらしの情報 行事・イベント 市役所・公共施設 市の政策・計画 サイト内検索 くらしの情報 行事・イベント 市役所・公共施設 市の政策・計画 Other Language 部や課で選ぶ ご意見・お問い合わせ 現在の位置 ホーム 日進市プロフィール 日進市プロフィール ID番号 N469 更新日：2019年03月01日 地勢・人口・市章 交通アクセス 歴史 市の花・市の木 日進市シンボルマーク 市民憲章 健やか にっしん宣言 非核平和都市宣言 名誉市民"
"日進市","23230","25","200","企業版ふるさと納税","https://www.city.nisshin.lg.jp/department/soumu/zaimu/furusato/index.html","企業版ふるさと納税／日進市 本文へ 文字サイズ 背景色変更 携帯サイト Other Language 部や課で選ぶ ご意見・お問い合わせ ホーム くらしの情報 行事・イベント 市役所・公共施設 市の政策・計画 サイト内検索 くらしの情報 行事・イベント 市役所・公共施設 市の政策・計画 Other Language 部や課で選ぶ ご意見・お問い合わせ 現在の位置 ホーム 部や課で選ぶ 総務部 財務政策課 企業版ふるさと納税 企業版ふるさと納税 ID番号 N12960 更新日：2026年04月03日 地方創生応援税制（企業版ふるさと納税）を募集しています 日進市企業版ふるさと納税マッチング支援業"
"日進市","23230","25","200","ご寄附いただいた企業様のご紹介","https://www.city.nisshin.lg.jp/department/soumu/zaimu/furusato/kifu_shoukai/index.html","ご寄附いただいた企業様のご紹介／日進市 本文へ 文字サイズ 背景色変更 携帯サイト Other Language 部や課で選ぶ ご意見・お問い合わせ ホーム くらしの情報 行事・イベント 市役所・公共施設 市の政策・計画 サイト内検索 くらしの情報 行事・イベント 市役所・公共施設 市の政策・計画 Other Language 部や課で選ぶ ご意見・お問い合わせ 現在の位置 ホーム 部や課で選ぶ 総務部 財務政策課 企業版ふるさと納税 ご寄附いただいた企業様のご紹介 ご寄附いただいた企業様のご紹介 ID番号 N17043 更新日：2025年06月30日 令和8年度 令和7年度 令和6年度 令和"
"日進市","23230","25","200","ジブリパークまでの直通便のご案内","https://www.city.nisshin.lg.jp/department/toshisangyo/ido/new_mobility/16892.html","ジブリパークまでの直通便のご案内／日進市 本文へ 文字サイズ 背景色変更 携帯サイト Other Language 部や課で選ぶ ご意見・お問い合わせ ホーム くらしの情報 行事・イベント 市役所・公共施設 市の政策・計画 サイト内検索 くらしの情報 行事・イベント 市役所・公共施設 市の政策・計画 Other Language 部や課で選ぶ ご意見・お問い合わせ 現在の位置 ホーム 部や課で選ぶ 都市産業部 移動政策室 新しい移動手段 ジブリパークまでの直通便のご案内 ジブリパークまでの直通便のご案内 ID番号 N16892 更新日：2026年01月13日 ジブリパークをイメージしたラッピン"
"日進市","23230","25","200","クラウドファンディングを活用した取組について","https://www.city.nisshin.lg.jp/department/toshisangyo/kanko/furusato/13386.html","クラウドファンディングを活用した取組について／日進市 本文へ 文字サイズ 背景色変更 携帯サイト Other Language 部や課で選ぶ ご意見・お問い合わせ ホーム くらしの情報 行事・イベント 市役所・公共施設 市の政策・計画 サイト内検索 くらしの情報 行事・イベント 市役所・公共施設 市の政策・計画 Other Language 部や課で選ぶ ご意見・お問い合わせ 現在の位置 ホーム 部や課で選ぶ 都市産業部 産業観光課 ふるさと納税 クラウドファンディングを活用した取組について クラウドファンディングを活用した取組について ID番号 N13386 更新日：2026年03月01日 "
"日進市","23230","25","200","ふるさと納税","https://www.city.nisshin.lg.jp/department/toshisangyo/kanko/furusato/index.html","ふるさと納税／日進市 本文へ 文字サイズ 背景色変更 携帯サイト Other Language 部や課で選ぶ ご意見・お問い合わせ ホーム くらしの情報 行事・イベント 市役所・公共施設 市の政策・計画 サイト内検索 くらしの情報 行事・イベント 市役所・公共施設 市の政策・計画 Other Language 部や課で選ぶ ご意見・お問い合わせ 現在の位置 ホーム 部や課で選ぶ 都市産業部 産業観光課 ふるさと納税 ふるさと納税 ID番号 N17016 更新日：2025年03月31日 日進市「ふるさと納税」について 新規ふるさと納税パートナー企業募集 クラウドファンディングを活用した取組につい"
"日進市","23230","25","200","市の後援名義使用申請に関すること","https://www.city.nisshin.lg.jp/download/7578.html","市の後援名義使用申請に関すること／日進市 本文へ 文字サイズ 背景色変更 携帯サイト Other Language 部や課で選ぶ ご意見・お問い合わせ ホーム くらしの情報 行事・イベント 市役所・公共施設 市の政策・計画 サイト内検索 くらしの情報 行事・イベント 市役所・公共施設 市の政策・計画 Other Language 部や課で選ぶ ご意見・お問い合わせ 現在の位置 ホーム 申請書ダウンロード 市の後援名義使用申請に関すること 市の後援名義使用申請に関すること ID番号 N7578 更新日：2025年04月08日 申請方法 事業実施日の6か月前から30日前までに申請書類を提出してくだ"
"日進市","23230","24","200","オープンガーデン（PWディスプレイガーデン）","https://www.city.nisshin.lg.jp/department/kensetu/shigaichi/4/2/2/2_1/13997.html","2026年度にっしんオープンガーデンを開催します／日進市 本文へ 文字サイズ 背景色変更 携帯サイト Other Language 部や課で選ぶ ご意見・お問い合わせ ホーム くらしの情報 行事・イベント 市役所・公共施設 市の政策・計画 サイト内検索 くらしの情報 行事・イベント 市役所・公共施設 市の政策・計画 Other Language 部や課で選ぶ ご意見・お問い合わせ 現在の位置 ホーム 部や課で選ぶ 建設部 市街地整備課 暮らしの情報 産業・雇用・観光・まちづくり 道路・公園・都市計画 にっしんオープンガーデン 2026年度にっしんオープンガーデンを開催します 2026年度にっし"
"日進市","23230","24","200","音の出るしおりをつくろう（西部福祉会館）","https://www.city.nisshin.lg.jp/department/seikatu/fukushikaikan/6/2/2/3/18832.html","西部福祉会館なつやすみのイベント(令和8年度)／日進市 本文へ 文字サイズ 背景色変更 携帯サイト Other Language 部や課で選ぶ ご意見・お問い合わせ ホーム くらしの情報 行事・イベント 市役所・公共施設 市の政策・計画 サイト内検索 くらしの情報 行事・イベント 市役所・公共施設 市の政策・計画 Other Language 部や課で選ぶ ご意見・お問い合わせ 現在の位置 ホーム 部や課で選ぶ 市民生活部 福祉会館 西部福祉会館 行事・イベント一覧 イベント 催し 西部福祉会館なつやすみのイベント(令和8年度) 西部福祉会館なつやすみのイベント(令和8年度) ID番号 N18"
"日進市","23230","24","200","★プラ板でつくろう（南部福祉会館）","https://www.city.nisshin.lg.jp/department/seikatu/fukushikaikan/9/2/2/3/17317.html","プラ板でつくろう（南部福祉会館）／日進市 本文へ 文字サイズ 背景色変更 携帯サイト Other Language 部や課で選ぶ ご意見・お問い合わせ ホーム くらしの情報 行事・イベント 市役所・公共施設 市の政策・計画 サイト内検索 くらしの情報 行事・イベント 市役所・公共施設 市の政策・計画 Other Language 部や課で選ぶ ご意見・お問い合わせ 現在の位置 ホーム 部や課で選ぶ 市民生活部 福祉会館 南部福祉会館 行事・イベント一覧 イベント 催し プラ板でつくろう（南部福祉会館） プラ板でつくろう（南部福祉会館） ID番号 N17317 更新日：2026年05月14日 プ"
"日進市","23230","24","200","令和8年度第1回陸上競技記録会","https://www.city.nisshin.lg.jp/department/shogai/manabi/2/2/2/8618.html","第1回日進市陸上競技記録会／日進市 本文へ 文字サイズ 背景色変更 携帯サイト Other Language 部や課で選ぶ ご意見・お問い合わせ ホーム くらしの情報 行事・イベント 市役所・公共施設 市の政策・計画 サイト内検索 くらしの情報 行事・イベント 市役所・公共施設 市の政策・計画 Other Language 部や課で選ぶ ご意見・お問い合わせ 現在の位置 ホーム 部や課で選ぶ 生涯学習部 学び支援課 行事・イベント一覧 イベント スポーツ 第1回日進市陸上競技記録会 第1回日進市陸上競技記録会 ID番号 N8618 更新日：2026年05月27日 第1回日進市陸上競技記録会 （"
"日進市","23230","24","200","2026年5月10日 一から学ぶ日進の歴史～日進生誕120周年～","https://www.city.nisshin.lg.jp/department/sougou/jouhou/keikaku/koho_kocho/city_Promotion/4/202003/18680.html","2026年5月10日 一から学ぶ日進の歴史～日進生誕120周年～／日進市 本文へ 文字サイズ 背景色変更 携帯サイト Other Language 部や課で選ぶ ご意見・お問い合わせ ホーム くらしの情報 行事・イベント 市役所・公共施設 市の政策・計画 サイト内検索 くらしの情報 行事・イベント 市役所・公共施設 市の政策・計画 Other Language 部や課で選ぶ ご意見・お問い合わせ 現在の位置 ホーム 部や課で選ぶ 総合政策部 情報広報課 市の政策･計画 広報・広聴 市の魅力発信 まちの話題 最近のニュース 2026年5月10日 一から学ぶ日進の歴史～日進生誕120周年～ 202"
"日進市","23230","24","200","2026年5月8日～10日 ICC男子T20ワールドカップ東アジア太平洋予選","https://www.city.nisshin.lg.jp/department/sougou/jouhou/keikaku/koho_kocho/city_Promotion/4/202003/18706.html","2026年5月8日～10日 ICC男子T20ワールドカップ東アジア太平洋予選／日進市 本文へ 文字サイズ 背景色変更 携帯サイト Other Language 部や課で選ぶ ご意見・お問い合わせ ホーム くらしの情報 行事・イベント 市役所・公共施設 市の政策・計画 サイト内検索 くらしの情報 行事・イベント 市役所・公共施設 市の政策・計画 Other Language 部や課で選ぶ ご意見・お問い合わせ 現在の位置 ホーム 部や課で選ぶ 総合政策部 情報広報課 市の政策･計画 広報・広聴 市の魅力発信 まちの話題 最近のニュース 2026年5月8日～10日 ICC男子T20ワールドカップ東"
"日進市","23230","24","200","2026年6月4日 梅干しづくり講習会","https://www.city.nisshin.lg.jp/department/sougou/jouhou/keikaku/koho_kocho/city_Promotion/4/202003/18784.html","2026年6月4日 梅干しづくり講習会／日進市 本文へ 文字サイズ 背景色変更 携帯サイト Other Language 部や課で選ぶ ご意見・お問い合わせ ホーム くらしの情報 行事・イベント 市役所・公共施設 市の政策・計画 サイト内検索 くらしの情報 行事・イベント 市役所・公共施設 市の政策・計画 Other Language 部や課で選ぶ ご意見・お問い合わせ 現在の位置 ホーム 部や課で選ぶ 総合政策部 情報広報課 市の政策･計画 広報・広聴 市の魅力発信 まちの話題 最近のニュース 2026年6月4日 梅干しづくり講習会 2026年6月4日 梅干しづくり講習会 ID番号 N187"
"日進市","23230","24","200","2026年6月24日 おいしい給食体験会（アジア競技大会記念）","https://www.city.nisshin.lg.jp/department/sougou/jouhou/keikaku/koho_kocho/city_Promotion/4/202003/18842.html","2026年6月24日 おいしい給食体験会（アジア競技大会記念）／日進市 本文へ 文字サイズ 背景色変更 携帯サイト Other Language 部や課で選ぶ ご意見・お問い合わせ ホーム くらしの情報 行事・イベント 市役所・公共施設 市の政策・計画 サイト内検索 くらしの情報 行事・イベント 市役所・公共施設 市の政策・計画 Other Language 部や課で選ぶ ご意見・お問い合わせ 現在の位置 ホーム 部や課で選ぶ 総合政策部 情報広報課 市の政策･計画 広報・広聴 市の魅力発信 まちの話題 最近のニュース 2026年6月24日 おいしい給食体験会（アジア競技大会記念） 2026年"
"日進市","23230","24","200","令和7（2025）年度のニュース","https://www.city.nisshin.lg.jp/department/sougou/jouhou/keikaku/koho_kocho/city_Promotion/4/2024_1/index.html","令和7（2025）年度のニュース／日進市 本文へ 文字サイズ 背景色変更 携帯サイト Other Language 部や課で選ぶ ご意見・お問い合わせ ホーム くらしの情報 行事・イベント 市役所・公共施設 市の政策・計画 サイト内検索 くらしの情報 行事・イベント 市役所・公共施設 市の政策・計画 Other Language 部や課で選ぶ ご意見・お問い合わせ 現在の位置 ホーム 部や課で選ぶ 総合政策部 情報広報課 市の政策･計画 広報・広聴 市の魅力発信 まちの話題 令和7（2025）年度のニュース 令和7（2025）年度のニュース ID番号 N18619 更新日：2026年03月30"
"日進市","23230","24","200","日進市市民参加及び市民自治活動条例について","https://www.city.nisshin.lg.jp/department/sougou/kikaku/4/3323.html","日進市市民参加及び市民自治活動条例について／日進市 本文へ 文字サイズ 背景色変更 携帯サイト Other Language 部や課で選ぶ ご意見・お問い合わせ ホーム くらしの情報 行事・イベント 市役所・公共施設 市の政策・計画 サイト内検索 くらしの情報 行事・イベント 市役所・公共施設 市の政策・計画 Other Language 部や課で選ぶ ご意見・お問い合わせ 現在の位置 ホーム 部や課で選ぶ 総合政策部 企画政策課 市の政策・計画 日進市市民参加及び市民自治活動条例について 日進市市民参加及び市民自治活動条例について ID番号 N3323 更新日：2025年06月27日 本市で"
"日進市","23230","24","200","生涯学習・市民活動・NPOに関すること","https://www.city.nisshin.lg.jp/download/7561.html","生涯学習・市民活動・NPOに関すること／日進市 本文へ 文字サイズ 背景色変更 携帯サイト Other Language 部や課で選ぶ ご意見・お問い合わせ ホーム くらしの情報 行事・イベント 市役所・公共施設 市の政策・計画 サイト内検索 くらしの情報 行事・イベント 市役所・公共施設 市の政策・計画 Other Language 部や課で選ぶ ご意見・お問い合わせ 現在の位置 ホーム 申請書ダウンロード 生涯学習・市民活動・NPOに関すること 生涯学習・市民活動・NPOに関すること ID番号 N7561 更新日：2019年03月01日 「生涯学習出前講座」申込書 (PDFファイル: 68"
"日進市","23230","24","200","会社(法人)に関すること","https://www.city.nisshin.lg.jp/download/7576.html","会社(法人)に関すること／日進市 本文へ 文字サイズ 背景色変更 携帯サイト Other Language 部や課で選ぶ ご意見・お問い合わせ ホーム くらしの情報 行事・イベント 市役所・公共施設 市の政策・計画 サイト内検索 くらしの情報 行事・イベント 市役所・公共施設 市の政策・計画 Other Language 部や課で選ぶ ご意見・お問い合わせ 現在の位置 ホーム 申請書ダウンロード 会社(法人)に関すること 会社(法人)に関すること ID番号 N7576 更新日：2025年12月16日 法人設立（新設）・廃止申告書 (PDFファイル: 188.4KB) 法人異動申告書 (PDFフ"
"日進市","23230","24","200","日進市マスコットキャラクターの使用に関すること","https://www.city.nisshin.lg.jp/download/7579.html","日進市マスコットキャラクターの使用に関すること／日進市 本文へ 文字サイズ 背景色変更 携帯サイト Other Language 部や課で選ぶ ご意見・お問い合わせ ホーム くらしの情報 行事・イベント 市役所・公共施設 市の政策・計画 サイト内検索 くらしの情報 行事・イベント 市役所・公共施設 市の政策・計画 Other Language 部や課で選ぶ ご意見・お問い合わせ 現在の位置 ホーム 申請書ダウンロード 日進市マスコットキャラクターの使用に関すること 日進市マスコットキャラクターの使用に関すること ID番号 N7579 更新日：2025年04月01日 日進市マスコットキャラクター"
"日進市","23230","22","200","Other Language","https://www.city.nisshin.lg.jp/department/sougou/jouhou/2/1991.html","外国語翻訳(英語 English・中国語 Chinese・韓国語 Korean)／日進市 本文へ 文字サイズ 背景色変更 携帯サイト Other Language 部や課で選ぶ ご意見・お問い合わせ ホーム くらしの情報 行事・イベント 市役所・公共施設 市の政策・計画 サイト内検索 くらしの情報 行事・イベント 市役所・公共施設 市の政策・計画 Other Language 部や課で選ぶ ご意見・お問い合わせ 現在の位置 ホーム 部や課で選ぶ 総合政策部 情報広報課 サイトについて 外国語翻訳(英語 English・中国語 Chinese・韓国語 Korean) 外国語翻訳(英語 Engli"
"日進市","23230","22","200","コチラ","https://www.city.nisshin.lg.jp/department/sougou/jouhou/keikaku/koho_kocho/koho/social_media/line/index.html","日進市LINE公式アカウント／日進市 本文へ 文字サイズ 背景色変更 携帯サイト Other Language 部や課で選ぶ ご意見・お問い合わせ ホーム くらしの情報 行事・イベント 市役所・公共施設 市の政策・計画 サイト内検索 くらしの情報 行事・イベント 市役所・公共施設 市の政策・計画 Other Language 部や課で選ぶ ご意見・お問い合わせ 現在の位置 ホーム 部や課で選ぶ 総合政策部 情報広報課 市の政策･計画 広報・広聴 市の広報 ソーシャルメディア 日進市LINE公式アカウント 日進市LINE公式アカウント ID番号 N15380 更新日：2024年03月04日 日進"
"日進市","23230","22","200","第2期日進市人口ビジョン・まち・ひと・しごと創生総合戦略","https://www.city.nisshin.lg.jp/department/sougou/kikaku/4/4/4/2/index.html","第2期日進市人口ビジョン・まち・ひと・しごと創生総合戦略／日進市 本文へ 文字サイズ 背景色変更 携帯サイト Other Language 部や課で選ぶ ご意見・お問い合わせ ホーム くらしの情報 行事・イベント 市役所・公共施設 市の政策・計画 サイト内検索 くらしの情報 行事・イベント 市役所・公共施設 市の政策・計画 Other Language 部や課で選ぶ ご意見・お問い合わせ 現在の位置 ホーム 部や課で選ぶ 総合政策部 企画政策課 市の政策・計画 計画 日進市人口ビジョン・総合戦略 第2期日進市人口ビジョン・まち・ひと・しごと創生総合戦略 第2期日進市人口ビジョン・まち・ひと・し"
"日進市","23230","22","200","総務部","https://www.city.nisshin.lg.jp/department/soumu/index.html","総務部／日進市 本文へ 文字サイズ 背景色変更 携帯サイト Other Language 部や課で選ぶ ご意見・お問い合わせ ホーム くらしの情報 行事・イベント 市役所・公共施設 市の政策・計画 サイト内検索 くらしの情報 行事・イベント 市役所・公共施設 市の政策・計画 Other Language 部や課で選ぶ ご意見・お問い合わせ 現在の位置 ホーム 部や課で選ぶ 総務部 総務部 ID番号 N28 更新日：2019年03月01日 財務政策課 行政課 財産運営課 防災安全課 サイト内検索 部や課で選ぶ 部や課で選ぶ サイトについて プライバシーポリシー 免責事項 著作権 リンク集 ページ"
"日進市","23230","22","200","都市産業部","https://www.city.nisshin.lg.jp/department/toshisangyo/index.html","都市産業部／日進市 本文へ 文字サイズ 背景色変更 携帯サイト Other Language 部や課で選ぶ ご意見・お問い合わせ ホーム くらしの情報 行事・イベント 市役所・公共施設 市の政策・計画 サイト内検索 くらしの情報 行事・イベント 市役所・公共施設 市の政策・計画 Other Language 部や課で選ぶ ご意見・お問い合わせ 現在の位置 ホーム 部や課で選ぶ 都市産業部 都市産業部 ID番号 N9304 更新日：2025年03月31日 都市計画課 移動政策室 産業観光課 農政課 サイト内検索 部や課で選ぶ 部や課で選ぶ サイトについて プライバシーポリシー 免責事項 著作権 "
"日進市","23230","22","200","暮らしの情報","https://www.city.nisshin.lg.jp/department/toshisangyo/kanko/6/index.html","暮らしの情報／日進市 本文へ 文字サイズ 背景色変更 携帯サイト Other Language 部や課で選ぶ ご意見・お問い合わせ ホーム くらしの情報 行事・イベント 市役所・公共施設 市の政策・計画 サイト内検索 くらしの情報 行事・イベント 市役所・公共施設 市の政策・計画 Other Language 部や課で選ぶ ご意見・お問い合わせ 現在の位置 ホーム 部や課で選ぶ 都市産業部 産業観光課 暮らしの情報 暮らしの情報 ID番号 N593 更新日：2019年03月01日 産業・雇用・観光・まちづくり 農業・林業 サイト内検索 産業観光課 部や課で選ぶ サイトについて プライバシーポリ"
"日進市","23230","22","200","著作権","https://www.city.nisshin.lg.jp/gaiyo/copyright.html","著作権／日進市 本文へ 文字サイズ 背景色変更 携帯サイト Other Language 部や課で選ぶ ご意見・お問い合わせ ホーム くらしの情報 行事・イベント 市役所・公共施設 市の政策・計画 サイト内検索 くらしの情報 行事・イベント 市役所・公共施設 市の政策・計画 Other Language 部や課で選ぶ ご意見・お問い合わせ 現在の位置 ホーム サイトについて 著作権 著作権 ID番号 N5526 更新日：2019年03月01日 日進市公式 Web サイトに掲載している個々の情報（文章、写真、イラストなど）に関する著作権は、原則として日進市に帰属します。ただし、一部の画像等の著作"
"日進市","23230","22","200","サイトについて","https://www.city.nisshin.lg.jp/gaiyo/index.html","サイトについて／日進市 本文へ 文字サイズ 背景色変更 携帯サイト Other Language 部や課で選ぶ ご意見・お問い合わせ ホーム くらしの情報 行事・イベント 市役所・公共施設 市の政策・計画 サイト内検索 くらしの情報 行事・イベント 市役所・公共施設 市の政策・計画 Other Language 部や課で選ぶ ご意見・お問い合わせ 現在の位置 ホーム サイトについて サイトについて ID番号 N1440 更新日：2019年03月01日 プライバシーポリシー 免責事項 著作権 リンク集 外国語翻訳(英語 English・中国語 Chinese・韓国語 Korean) RSSについ"
"日進市","23230","22","200","免責事項","https://www.city.nisshin.lg.jp/gaiyo/menseki.html","免責事項／日進市 本文へ 文字サイズ 背景色変更 携帯サイト Other Language 部や課で選ぶ ご意見・お問い合わせ ホーム くらしの情報 行事・イベント 市役所・公共施設 市の政策・計画 サイト内検索 くらしの情報 行事・イベント 市役所・公共施設 市の政策・計画 Other Language 部や課で選ぶ ご意見・お問い合わせ 現在の位置 ホーム サイトについて 免責事項 免責事項 ID番号 N5525 更新日：2019年03月01日 日進市は、日進市公式 Web サイトの利用者に対し、市の責任範囲を明確にするために以下の規定を明示します。また当サイトの利用者は、以下の内容に同意"
"日進市","23230","22","200","プライバシーポリシー","https://www.city.nisshin.lg.jp/gaiyo/privacy.html","プライバシーポリシー／日進市 本文へ 文字サイズ 背景色変更 携帯サイト Other Language 部や課で選ぶ ご意見・お問い合わせ ホーム くらしの情報 行事・イベント 市役所・公共施設 市の政策・計画 サイト内検索 くらしの情報 行事・イベント 市役所・公共施設 市の政策・計画 Other Language 部や課で選ぶ ご意見・お問い合わせ 現在の位置 ホーム サイトについて プライバシーポリシー プライバシーポリシー ID番号 N5524 更新日：2025年04月01日 日進市は、インターネットを通じて提供するサービスにおいて、住所、氏名、電話番号、メールアドレス等の個人情報の保"
"日進市","23230","22","200","携帯サイト","https://www.city.nisshin.lg.jp/mobile/index.html","�g�уT�C�g �g�уT�C�g į���߰�ނ֖߂� Copyright (c) 2019 Nisshin city. All Rights Reserved."
"日進市","23230","22","200","日進市地域公共交通会議","https://www.city.nisshin.lg.jp/seisaku/gyosei/fuzoku_kikan/toshi_keikaku/17064.html","日進市地域公共交通会議／日進市 本文へ 文字サイズ 背景色変更 携帯サイト Other Language 部や課で選ぶ ご意見・お問い合わせ ホーム くらしの情報 行事・イベント 市役所・公共施設 市の政策・計画 サイト内検索 くらしの情報 行事・イベント 市役所・公共施設 市の政策・計画 Other Language 部や課で選ぶ ご意見・お問い合わせ 現在の位置 ホーム 市の政策・計画 行政委員会・附属機関等 附属機関等 都市計画課 日進市地域公共交通会議 日進市地域公共交通会議 ID番号 N17064 更新日：2019年03月01日 日進市地域公共交通会議 概要 日進市地域公共交通会議 "
"尾張旭市","23226","22","200","","https://www.city.owariasahi.lg.jp/site/asapi-osanpo/","あさぴーとおさんぽトップページ - 尾張旭市公式ホームページ（広報戦略課） ページの先頭です。 メニューを飛ばして本文へ JavaScriptが無効のため、文字の大きさ・背景色を変更する機能を使用できません。 本文へ ご利用ガイド サイトマップ language 文字サイズ 標準 拡大 背景色 白 黒 青 キーワード検索 Googleカスタム検索 ＜外部リンク＞ ＜外部リンク＞ プロフィール グッズ イラスト あさぴー あさぴーSNS 本文 プロフィール グッズ イラストあさぴー お知らせ 2026年5月18日更新 あさぴーのSNS風クリアカードが誕生！ 2026年5月18日更新 あさぴーのア"
"豊明市","23229","22","200","サイトマップ用/豊明市","http://www.city.toyoake.lg.jp/sitemap/","サイトマップ用/豊明市 --> サイトの情報 プライバシーポリシー 著作権とリンクについて 免責事項・著作権 リンクについて サイトの使い方 サイトの考え方 各課連絡先 がいこくじんのみなさまへ ウェブアクセシビリティ方針 ホーム くらし 妊娠・出産 子育て 学校教育 結婚・離婚 引越し・住まい 就職・退職 高齢者・介護 おくやみ 戸籍・住民票・印鑑登録 税 国民健康保険 国民年金 水道 交通 駐車・駐輪 都市計画 産業・事業 ごみ・環境保全 ペット 福祉 障がい者支援 消費生活 健康・医療 文化・スポーツ・生涯学習 市民活動・コミュニティ 防災 防犯 救急・消防 相談窓口 観光・イベント 魅"
"豊明市","23229","22","200","","https://tosho.city.toyoake.lg.jp/csp/opw/OPS/OPSUSER.CSP","ログイン認証 豊明市立図書館 資料検索 利用者のページ 新着案内 貸出ベスト 予約ベスト 所蔵一覧 雑誌タイトル一覧 図書館からのお知らせ 休館日カレンダー ログイン認証 利用券番号とパスワードを入力し、ログインボタンを押してください。 利用券番号 パスワード ログイン 初めての方 図書館の利用券番号をお持ちの方は、下の新規パスワード登録ボタンから、パスワードを登録できます。 新規パスワード登録 豊明市立図書館"
"豊明市","23229","22","200","予約ベスト","https://tosho.city.toyoake.lg.jp/csp/opw/OPW/OPWBESTORDER.CSP?DB=LIB&amp;MODE=1","ＥＬＣＩＥＬＯ ＥＲＲＯＲ ＤＩＳＰＬＡＹ お知らせ 処理中にエラーが発生しました。 お手数ですが、もう一度最初からやり直しをお願いします。 トップページにもどる。"
"豊明市","23229","22","200","貸出ベスト","https://tosho.city.toyoake.lg.jp/csp/opw/OPW/OPWBESTREAD.CSP?DB=LIB&amp;MODE=1","ＥＬＣＩＥＬＯ ＥＲＲＯＲ ＤＩＳＰＬＡＹ お知らせ 処理中にエラーが発生しました。 お手数ですが、もう一度最初からやり直しをお願いします。 トップページにもどる。"
"豊明市","23229","22","200","おすすめ本","https://tosho.city.toyoake.lg.jp/csp/opw/OPW/OPWCATEGLIST2.CSP?DB=LIB&amp;MODE=1","ＥＬＣＩＥＬＯ ＥＲＲＯＲ ＤＩＳＰＬＡＹ お知らせ 処理中にエラーが発生しました。 お手数ですが、もう一度最初からやり直しをお願いします。 トップページにもどる。"
"豊明市","23229","22","200","資料を探す","https://tosho.city.toyoake.lg.jp/csp/opw/OPW/OPWSRCH1.CSP?DB=LIB&amp;MODE=1","ＥＬＣＩＥＬＯ ＥＲＲＯＲ ＤＩＳＰＬＡＹ お知らせ 処理中にエラーが発生しました。 お手数ですが、もう一度最初からやり直しをお願いします。 トップページにもどる。"
"豊明市","23229","22","200","","https://tosho.city.toyoake.lg.jp/csp/opw/OPW/OPWSRCH1.CSP?ReloginFlag=1&amp;DB=LIB&amp;MODE=1","ＥＬＣＩＥＬＯ ＥＲＲＯＲ ＤＩＳＰＬＡＹ お知らせ 処理中にエラーが発生しました。 お手数ですが、もう一度最初からやり直しをお願いします。 トップページにもどる。"
"豊明市","23229","22","200","利用者のページ（予約・貸出状況の確認）","https://tosho.city.toyoake.lg.jp/csp/opw/OPW/OPWUSERCONF.CSP?HPFLG=1&amp;DB=LIB&amp;NEXT=OPWUSERINFO","ＥＬＣＩＥＬＯ ＥＲＲＯＲ ＤＩＳＰＬＡＹ お知らせ 処理中にエラーが発生しました。 お手数ですが、もう一度最初からやり直しをお願いします。 トップページにもどる。"
"豊明市","23229","22","200","","https://tosho.city.toyoake.lg.jp/csp/opw/OPW/OPWUSERCONF.CSP?ReloginFlag=1&amp;DB=LIB","ＥＬＣＩＥＬＯ ＥＲＲＯＲ ＤＩＳＰＬＡＹ お知らせ 処理中にエラーが発生しました。 お手数ですが、もう一度最初からやり直しをお願いします。 トップページにもどる。"
"豊明市","23229","22","200","豊明市ホーム","https://www.city.toyoake.lg.jp/","ホーム/豊明市 --> 本文へ移動 豊明市ホーム スマートフォン用ツール メニュー表示 自動翻訳 English 中文 Portgues Tiếng Việt Foreign language 背景変更 標準 黒 補助機能 ふりがな 文字拡大 元に戻す サイトマップ パソコン画面表示 ページの末尾へ くらし 妊娠・出産 子育て 学校教育 結婚・離婚 引越し・住まい 就職・退職 高齢者・介護 おくやみ 戸籍・住民票・印鑑登録 税 国民健康保険 国民年金 水道 交通 駐車・駐輪 都市計画 産業・事業 ごみ・環境保全 ペット 福祉 障がい者支援 消費生活 健康・医療 文化・スポーツ・生涯学習 市民活"
"豊明市","23229","22","200","施設情報","https://www.city.toyoake.lg.jp/1018.htm","施設情報/豊明市 --> 本文へ移動 施設情報 スマートフォン用ツール メニュー表示 自動翻訳 English 中文 Portgues Tiếng Việt Foreign language 背景変更 標準 黒 補助機能 ふりがな 文字拡大 元に戻す サイトマップ パソコン画面表示 ページの末尾へ くらし 妊娠・出産 子育て 学校教育 結婚・離婚 引越し・住まい 就職・退職 高齢者・介護 おくやみ 戸籍・住民票・印鑑登録 税 国民健康保険 国民年金 水道 交通 駐車・駐輪 都市計画 産業・事業 ごみ・環境保全 ペット 福祉 障がい者支援 消費生活 健康・医療 文化・スポーツ・生涯学習 市民活動"
"豊明市","23229","22","200","豊明市ホーム","https://www.city.toyoake.lg.jp/dd.aspx?moduleid=1035&amp;_PickUp_para=15","ホーム/豊明市 --> 本文へ移動 豊明市ホーム スマートフォン用ツール メニュー表示 自動翻訳 English 中文 Portgues Tiếng Việt Foreign language 背景変更 標準 黒 補助機能 ふりがな 文字拡大 元に戻す サイトマップ パソコン画面表示 ページの末尾へ くらし 妊娠・出産 子育て 学校教育 結婚・離婚 引越し・住まい 就職・退職 高齢者・介護 おくやみ 戸籍・住民票・印鑑登録 税 国民健康保険 国民年金 水道 交通 駐車・駐輪 都市計画 産業・事業 ごみ・環境保全 ペット 福祉 障がい者支援 消費生活 健康・医療 文化・スポーツ・生涯学習 市民活"
"豊明市","23229","22","200","豊明市ホーム","https://www.city.toyoake.lg.jp/dd.aspx?moduleid=1036&amp;_PickUp_para=15","ホーム/豊明市 --> 本文へ移動 豊明市ホーム スマートフォン用ツール メニュー表示 自動翻訳 English 中文 Portgues Tiếng Việt Foreign language 背景変更 標準 黒 補助機能 ふりがな 文字拡大 元に戻す サイトマップ パソコン画面表示 ページの末尾へ くらし 妊娠・出産 子育て 学校教育 結婚・離婚 引越し・住まい 就職・退職 高齢者・介護 おくやみ 戸籍・住民票・印鑑登録 税 国民健康保険 国民年金 水道 交通 駐車・駐輪 都市計画 産業・事業 ごみ・環境保全 ペット 福祉 障がい者支援 消費生活 健康・医療 文化・スポーツ・生涯学習 市民活"
"豊明市","23229","22","200","豊明市ホーム","https://www.city.toyoake.lg.jp/dd.aspx?moduleid=1037&amp;_PickUp_para=15","ホーム/豊明市 --> 本文へ移動 豊明市ホーム スマートフォン用ツール メニュー表示 自動翻訳 English 中文 Portgues Tiếng Việt Foreign language 背景変更 標準 黒 補助機能 ふりがな 文字拡大 元に戻す サイトマップ パソコン画面表示 ページの末尾へ くらし 妊娠・出産 子育て 学校教育 結婚・離婚 引越し・住まい 就職・退職 高齢者・介護 おくやみ 戸籍・住民票・印鑑登録 税 国民健康保険 国民年金 水道 交通 駐車・駐輪 都市計画 産業・事業 ごみ・環境保全 ペット 福祉 障がい者支援 消費生活 健康・医療 文化・スポーツ・生涯学習 市民活"
"日進市","23230","21","200","市の政策･計画","https://www.city.nisshin.lg.jp/department/sougou/jouhou/keikaku/index.html","市の政策･計画／日進市 本文へ 文字サイズ 背景色変更 携帯サイト Other Language 部や課で選ぶ ご意見・お問い合わせ ホーム くらしの情報 行事・イベント 市役所・公共施設 市の政策・計画 サイト内検索 くらしの情報 行事・イベント 市役所・公共施設 市の政策・計画 Other Language 部や課で選ぶ ご意見・お問い合わせ 現在の位置 ホーム 部や課で選ぶ 総合政策部 情報広報課 市の政策･計画 市の政策･計画 ID番号 N9731 更新日：2020年03月17日 計画 社会保障・税番号制度 市民意識調査 連携協定 広報・広聴 オープンデータ サイト内検索 情報広報課 "
"日進市","23230","21","200","2026年5月17日 第31回日進市消防操法大会","https://www.city.nisshin.lg.jp/department/sougou/jouhou/keikaku/koho_kocho/city_Promotion/4/202003/18711.html","2026年5月17日 第31回日進市消防操法大会／日進市 本文へ 文字サイズ 背景色変更 携帯サイト Other Language 部や課で選ぶ ご意見・お問い合わせ ホーム くらしの情報 行事・イベント 市役所・公共施設 市の政策・計画 サイト内検索 くらしの情報 行事・イベント 市役所・公共施設 市の政策・計画 Other Language 部や課で選ぶ ご意見・お問い合わせ 現在の位置 ホーム 部や課で選ぶ 総合政策部 情報広報課 市の政策･計画 広報・広聴 市の魅力発信 まちの話題 最近のニュース 2026年5月17日 第31回日進市消防操法大会 2026年5月17日 第31回日進市消"
"日進市","23230","21","200","2026年5月16日 風薫る5月、新緑の北高上緑地を散歩しませんか","https://www.city.nisshin.lg.jp/department/sougou/jouhou/keikaku/koho_kocho/city_Promotion/4/202003/18769.html","2026年5月16日 風薫る5月、新緑の北高上緑地を散歩しませんか／日進市 本文へ 文字サイズ 背景色変更 携帯サイト Other Language 部や課で選ぶ ご意見・お問い合わせ ホーム くらしの情報 行事・イベント 市役所・公共施設 市の政策・計画 サイト内検索 くらしの情報 行事・イベント 市役所・公共施設 市の政策・計画 Other Language 部や課で選ぶ ご意見・お問い合わせ 現在の位置 ホーム 部や課で選ぶ 総合政策部 情報広報課 市の政策･計画 広報・広聴 市の魅力発信 まちの話題 最近のニュース 2026年5月16日 風薫る5月、新緑の北高上緑地を散歩しませんか 2"
"日進市","23230","21","200","2026年6月13日 竹炭を作ってみよう","https://www.city.nisshin.lg.jp/department/sougou/jouhou/keikaku/koho_kocho/city_Promotion/4/202003/18861.html","2026年6月13日 竹炭を作ってみよう／日進市 本文へ 文字サイズ 背景色変更 携帯サイト Other Language 部や課で選ぶ ご意見・お問い合わせ ホーム くらしの情報 行事・イベント 市役所・公共施設 市の政策・計画 サイト内検索 くらしの情報 行事・イベント 市役所・公共施設 市の政策・計画 Other Language 部や課で選ぶ ご意見・お問い合わせ 現在の位置 ホーム 部や課で選ぶ 総合政策部 情報広報課 市の政策･計画 広報・広聴 市の魅力発信 まちの話題 最近のニュース 2026年6月13日 竹炭を作ってみよう 2026年6月13日 竹炭を作ってみよう ID番号 N"
"日進市","23230","20","200","その他","https://www.city.nisshin.lg.jp/download/7580.html","その他／日進市 本文へ 文字サイズ 背景色変更 携帯サイト Other Language 部や課で選ぶ ご意見・お問い合わせ ホーム くらしの情報 行事・イベント 市役所・公共施設 市の政策・計画 サイト内検索 くらしの情報 行事・イベント 市役所・公共施設 市の政策・計画 Other Language 部や課で選ぶ ご意見・お問い合わせ 現在の位置 ホーム 申請書ダウンロード その他 その他 ID番号 N7580 更新日：2020年11月12日 勤務証明書 (PDFファイル: 18.7KB) 広報にっしん「みんなの伝言板掲載依頼書」 (PDFファイル: 186.6KB) 名称地番変更に伴う住"