org	detailScore	title	url	snippet
久山町	38	国民健康保険の給付	https://www.town.hisayama.fukuoka.jp/gyosei/iryo_kenko_fukushi/iryo_kenok/kenko_hoken/1790.html	国民健康保険の給付／久山町 スマートフォン版を表示 本文へ くらし・行政トップ くらし・手続き 医療・健康・ 福祉 子育て・教育 観光・文化・ スポーツ しごと・産業 行政情報 Select Language 組織から探す くらし・行政トップページ 久山町公式トップページ くらし・手続き 医療・健康・福祉 子育て・教育 観光・文化・スポーツ しごと・産業 行政情報 文字サイズ 背景色変更 メニューを閉じる Select Language 組織から探す くらし・行政トップページ 久山町公式トップページ くらし・手続き 医療・健康 ・福祉 子育て・教育 観光・文化・ スポーツ しごと・産業 行政情報 文字サイズ 背景色変更 PCサイトを表示 メニューを閉じる 現在の位置 ホーム くらし・行政 医療・健康・福祉 医療
久山町	26	妊婦のための支援給付事業	https://www.town.hisayama.fukuoka.jp/gyosei/kosodate_kyoiku/ninshin_shussan/support_ninshin/4438.html	妊婦のための支援給付事業／久山町 スマートフォン版を表示 本文へ くらし・行政トップ くらし・手続き 医療・健康・ 福祉 子育て・教育 観光・文化・ スポーツ しごと・産業 行政情報 Select Language 組織から探す くらし・行政トップページ 久山町公式トップページ くらし・手続き 医療・健康・福祉 子育て・教育 観光・文化・スポーツ しごと・産業 行政情報 文字サイズ 背景色変更 メニューを閉じる Select Language 組織から探す くらし・行政トップページ 久山町公式トップページ くらし・手続き 医療・健康 ・福祉 子育て・教育 観光・文化・ スポーツ しごと・産業 行政情報 文字サイズ 背景色変更 PCサイトを表示 メニューを閉じる 現在の位置 ホーム くらし・行政 子育て・教育 妊
久山町	26	出産・子育て応援給付金事業について	https://www.town.hisayama.fukuoka.jp/gyosei/kosodate_kyoiku/ninshin_shussan/support_ninshin/3100.html	出産・子育て応援給付金事業について／久山町 スマートフォン版を表示 本文へ くらし・行政トップ くらし・手続き 医療・健康・ 福祉 子育て・教育 観光・文化・ スポーツ しごと・産業 行政情報 Select Language 組織から探す くらし・行政トップページ 久山町公式トップページ くらし・手続き 医療・健康・福祉 子育て・教育 観光・文化・スポーツ しごと・産業 行政情報 文字サイズ 背景色変更 メニューを閉じる Select Language 組織から探す くらし・行政トップページ 久山町公式トップページ くらし・手続き 医療・健康 ・福祉 子育て・教育 観光・文化・ スポーツ しごと・産業 行政情報 文字サイズ 背景色変更 PCサイトを表示 メニューを閉じる 現在の位置 ホーム くらし・行政 子育て
久山町	26	産後ケア事業	https://www.town.hisayama.fukuoka.jp/gyosei/kosodate_kyoiku/ninshin_shussan/support_ninshin/2641.html	産後ケア事業／久山町 スマートフォン版を表示 本文へ くらし・行政トップ くらし・手続き 医療・健康・ 福祉 子育て・教育 観光・文化・ スポーツ しごと・産業 行政情報 Select Language 組織から探す くらし・行政トップページ 久山町公式トップページ くらし・手続き 医療・健康・福祉 子育て・教育 観光・文化・スポーツ しごと・産業 行政情報 文字サイズ 背景色変更 メニューを閉じる Select Language 組織から探す くらし・行政トップページ 久山町公式トップページ くらし・手続き 医療・健康 ・福祉 子育て・教育 観光・文化・ スポーツ しごと・産業 行政情報 文字サイズ 背景色変更 PCサイトを表示 メニューを閉じる 現在の位置 ホーム くらし・行政 子育て・教育 妊娠・出産 サ
久山町	26	久山町景観づくり助成事業	https://www.town.hisayama.fukuoka.jp/gyosei/kurashi/jumin_katsudo/4/1701.html	久山町景観づくり助成事業／久山町 スマートフォン版を表示 本文へ くらし・行政トップ くらし・手続き 医療・健康・ 福祉 子育て・教育 観光・文化・ スポーツ しごと・産業 行政情報 Select Language 組織から探す くらし・行政トップページ 久山町公式トップページ くらし・手続き 医療・健康・福祉 子育て・教育 観光・文化・スポーツ しごと・産業 行政情報 文字サイズ 背景色変更 メニューを閉じる Select Language 組織から探す くらし・行政トップページ 久山町公式トップページ くらし・手続き 医療・健康 ・福祉 子育て・教育 観光・文化・ スポーツ しごと・産業 行政情報 文字サイズ 背景色変更 PCサイトを表示 メニューを閉じる 現在の位置 ホーム くらし・行政 くらし・手続き
久山町	26	特別児童扶養手当	https://www.town.hisayama.fukuoka.jp/gyosei/iryo_kenko_fukushi/shogai_fukushi/zyosei_kyosai/1957.html	特別児童扶養手当／久山町 スマートフォン版を表示 本文へ くらし・行政トップ くらし・手続き 医療・健康・ 福祉 子育て・教育 観光・文化・ スポーツ しごと・産業 行政情報 Select Language 組織から探す くらし・行政トップページ 久山町公式トップページ くらし・手続き 医療・健康・福祉 子育て・教育 観光・文化・スポーツ しごと・産業 行政情報 文字サイズ 背景色変更 メニューを閉じる Select Language 組織から探す くらし・行政トップページ 久山町公式トップページ くらし・手続き 医療・健康 ・福祉 子育て・教育 観光・文化・ スポーツ しごと・産業 行政情報 文字サイズ 背景色変更 PCサイトを表示 メニューを閉じる 現在の位置 ホーム くらし・行政 医療・健康・福祉 障がい
久山町	26	自動車運転免許取得費助成の申請	https://www.town.hisayama.fukuoka.jp/gyosei/iryo_kenko_fukushi/shogai_fukushi/sonota/2348.html	自動車運転免許取得費助成の申請／久山町 スマートフォン版を表示 本文へ くらし・行政トップ くらし・手続き 医療・健康・ 福祉 子育て・教育 観光・文化・ スポーツ しごと・産業 行政情報 Select Language 組織から探す くらし・行政トップページ 久山町公式トップページ くらし・手続き 医療・健康・福祉 子育て・教育 観光・文化・スポーツ しごと・産業 行政情報 文字サイズ 背景色変更 メニューを閉じる Select Language 組織から探す くらし・行政トップページ 久山町公式トップページ くらし・手続き 医療・健康 ・福祉 子育て・教育 観光・文化・ スポーツ しごと・産業 行政情報 文字サイズ 背景色変更 PCサイトを表示 メニューを閉じる 現在の位置 ホーム くらし・行政 医療・健康
久山町	26	自動車改造費助成の申請	https://www.town.hisayama.fukuoka.jp/gyosei/iryo_kenko_fukushi/shogai_fukushi/sonota/2346.html	自動車改造費助成の申請／久山町 スマートフォン版を表示 本文へ くらし・行政トップ くらし・手続き 医療・健康・ 福祉 子育て・教育 観光・文化・ スポーツ しごと・産業 行政情報 Select Language 組織から探す くらし・行政トップページ 久山町公式トップページ くらし・手続き 医療・健康・福祉 子育て・教育 観光・文化・スポーツ しごと・産業 行政情報 文字サイズ 背景色変更 メニューを閉じる Select Language 組織から探す くらし・行政トップページ 久山町公式トップページ くらし・手続き 医療・健康 ・福祉 子育て・教育 観光・文化・ スポーツ しごと・産業 行政情報 文字サイズ 背景色変更 PCサイトを表示 メニューを閉じる 現在の位置 ホーム くらし・行政 医療・健康・福祉
久山町	26	久山町意思疎通支援事業のお知らせ	https://www.town.hisayama.fukuoka.jp/gyosei/iryo_kenko_fukushi/shogai_fukushi/sonota/1686.html	久山町意思疎通支援事業のお知らせ／久山町 スマートフォン版を表示 本文へ くらし・行政トップ くらし・手続き 医療・健康・ 福祉 子育て・教育 観光・文化・ スポーツ しごと・産業 行政情報 Select Language 組織から探す くらし・行政トップページ 久山町公式トップページ くらし・手続き 医療・健康・福祉 子育て・教育 観光・文化・スポーツ しごと・産業 行政情報 文字サイズ 背景色変更 メニューを閉じる Select Language 組織から探す くらし・行政トップページ 久山町公式トップページ くらし・手続き 医療・健康 ・福祉 子育て・教育 観光・文化・ スポーツ しごと・産業 行政情報 文字サイズ 背景色変更 PCサイトを表示 メニューを閉じる 現在の位置 ホーム くらし・行政 医療・健
久山町	26	まちづくり活動助成制度	https://www.town.hisayama.fukuoka.jp/gyosei/kurashi/jumin_katsudo/volunteer_1/1595.html	まちづくり活動助成制度／久山町 スマートフォン版を表示 本文へ くらし・行政トップ くらし・手続き 医療・健康・ 福祉 子育て・教育 観光・文化・ スポーツ しごと・産業 行政情報 Select Language 組織から探す くらし・行政トップページ 久山町公式トップページ くらし・手続き 医療・健康・福祉 子育て・教育 観光・文化・スポーツ しごと・産業 行政情報 文字サイズ 背景色変更 メニューを閉じる Select Language 組織から探す くらし・行政トップページ 久山町公式トップページ くらし・手続き 医療・健康 ・福祉 子育て・教育 観光・文化・ スポーツ しごと・産業 行政情報 文字サイズ 背景色変更 PCサイトを表示 メニューを閉じる 現在の位置 ホーム くらし・行政 くらし・手続き 住
久山町	26	おたふくかぜワクチン予防接種費用を助成します	https://www.town.hisayama.fukuoka.jp/gyosei/iryo_kenko_fukushi/iryo_kenok/yobosesshu/3210.html	おたふくかぜワクチン予防接種費用を助成します／久山町 スマートフォン版を表示 本文へ くらし・行政トップ くらし・手続き 医療・健康・ 福祉 子育て・教育 観光・文化・ スポーツ しごと・産業 行政情報 Select Language 組織から探す くらし・行政トップページ 久山町公式トップページ くらし・手続き 医療・健康・福祉 子育て・教育 観光・文化・スポーツ しごと・産業 行政情報 文字サイズ 背景色変更 メニューを閉じる Select Language 組織から探す くらし・行政トップページ 久山町公式トップページ くらし・手続き 医療・健康 ・福祉 子育て・教育 観光・文化・ スポーツ しごと・産業 行政情報 文字サイズ 背景色変更 PCサイトを表示 メニューを閉じる 現在の位置 ホーム くらし・行
久山町	26	造血細胞移植等医療行為後の任意予防接種費用を助成します	https://www.town.hisayama.fukuoka.jp/gyosei/iryo_kenko_fukushi/iryo_kenok/yobosesshu/3206.html	造血細胞移植等医療行為後の任意予防接種費用を助成します／久山町 スマートフォン版を表示 本文へ くらし・行政トップ くらし・手続き 医療・健康・ 福祉 子育て・教育 観光・文化・ スポーツ しごと・産業 行政情報 Select Language 組織から探す くらし・行政トップページ 久山町公式トップページ くらし・手続き 医療・健康・福祉 子育て・教育 観光・文化・スポーツ しごと・産業 行政情報 文字サイズ 背景色変更 メニューを閉じる Select Language 組織から探す くらし・行政トップページ 久山町公式トップページ くらし・手続き 医療・健康 ・福祉 子育て・教育 観光・文化・ スポーツ しごと・産業 行政情報 文字サイズ 背景色変更 PCサイトを表示 メニューを閉じる 現在の位置 ホーム
久山町	26	妊娠希望者の風しん予防接種費用を助成します	https://www.town.hisayama.fukuoka.jp/gyosei/iryo_kenko_fukushi/iryo_kenok/yobosesshu/2112.html	妊娠希望者の風しん予防接種費用を助成します／久山町 スマートフォン版を表示 本文へ くらし・行政トップ くらし・手続き 医療・健康・ 福祉 子育て・教育 観光・文化・ スポーツ しごと・産業 行政情報 Select Language 組織から探す くらし・行政トップページ 久山町公式トップページ くらし・手続き 医療・健康・福祉 子育て・教育 観光・文化・スポーツ しごと・産業 行政情報 文字サイズ 背景色変更 メニューを閉じる Select Language 組織から探す くらし・行政トップページ 久山町公式トップページ くらし・手続き 医療・健康 ・福祉 子育て・教育 観光・文化・ スポーツ しごと・産業 行政情報 文字サイズ 背景色変更 PCサイトを表示 メニューを閉じる 現在の位置 ホーム くらし・行政
久山町	26	令和8年度久山町高校生等通学定期券購入費補助金のお知らせ	https://www.town.hisayama.fukuoka.jp/gyosei/kurashi/doro_kotsu/kokyo_kotsu/3420.html	令和8年度久山町高校生等通学定期券購入費補助金のお知らせ／久山町 スマートフォン版を表示 本文へ くらし・行政トップ くらし・手続き 医療・健康・ 福祉 子育て・教育 観光・文化・ スポーツ しごと・産業 行政情報 Select Language 組織から探す くらし・行政トップページ 久山町公式トップページ くらし・手続き 医療・健康・福祉 子育て・教育 観光・文化・スポーツ しごと・産業 行政情報 文字サイズ 背景色変更 メニューを閉じる Select Language 組織から探す くらし・行政トップページ 久山町公式トップページ くらし・手続き 医療・健康 ・福祉 子育て・教育 観光・文化・ スポーツ しごと・産業 行政情報 文字サイズ 背景色変更 PCサイトを表示 メニューを閉じる 現在の位置 ホーム
久山町	26	久山町在宅福祉サービス(概要)	https://www.town.hisayama.fukuoka.jp/gyosei/iryo_kenko_fukushi/kourei_fukushi_kaigo/support_koreisha/1704.html	久山町在宅福祉サービス(概要)／久山町 スマートフォン版を表示 本文へ くらし・行政トップ くらし・手続き 医療・健康・ 福祉 子育て・教育 観光・文化・ スポーツ しごと・産業 行政情報 Select Language 組織から探す くらし・行政トップページ 久山町公式トップページ くらし・手続き 医療・健康・福祉 子育て・教育 観光・文化・スポーツ しごと・産業 行政情報 文字サイズ 背景色変更 メニューを閉じる Select Language 組織から探す くらし・行政トップページ 久山町公式トップページ くらし・手続き 医療・健康 ・福祉 子育て・教育 観光・文化・ スポーツ しごと・産業 行政情報 文字サイズ 背景色変更 PCサイトを表示 メニューを閉じる 現在の位置 ホーム くらし・行政 医療・健康
久山町	26	こども誰でも通園制度（乳児等通園支援事業）	https://www.town.hisayama.fukuoka.jp/gyosei/kosodate_kyoiku/ikuji_mishugakuji/hoikusho_youchien/4631.html	こども誰でも通園制度（乳児等通園支援事業）／久山町 スマートフォン版を表示 本文へ くらし・行政トップ くらし・手続き 医療・健康・ 福祉 子育て・教育 観光・文化・ スポーツ しごと・産業 行政情報 Select Language 組織から探す くらし・行政トップページ 久山町公式トップページ くらし・手続き 医療・健康・福祉 子育て・教育 観光・文化・スポーツ しごと・産業 行政情報 文字サイズ 背景色変更 メニューを閉じる Select Language 組織から探す くらし・行政トップページ 久山町公式トップページ くらし・手続き 医療・健康 ・福祉 子育て・教育 観光・文化・ スポーツ しごと・産業 行政情報 文字サイズ 背景色変更 PCサイトを表示 メニューを閉じる 現在の位置 ホーム くらし・行政
久山町	26	第3子以降保育料無償化について	https://www.town.hisayama.fukuoka.jp/gyosei/kosodate_kyoiku/ikuji_mishugakuji/hoikusho_youchien/4322.html	第3子以降保育料無償化について／久山町 スマートフォン版を表示 本文へ くらし・行政トップ くらし・手続き 医療・健康・ 福祉 子育て・教育 観光・文化・ スポーツ しごと・産業 行政情報 Select Language 組織から探す くらし・行政トップページ 久山町公式トップページ くらし・手続き 医療・健康・福祉 子育て・教育 観光・文化・スポーツ しごと・産業 行政情報 文字サイズ 背景色変更 メニューを閉じる Select Language 組織から探す くらし・行政トップページ 久山町公式トップページ くらし・手続き 医療・健康 ・福祉 子育て・教育 観光・文化・ スポーツ しごと・産業 行政情報 文字サイズ 背景色変更 PCサイトを表示 メニューを閉じる 現在の位置 ホーム くらし・行政 子育て・教
久山町	26	久山町届出保育施設等保育料助成事業	https://www.town.hisayama.fukuoka.jp/gyosei/kosodate_kyoiku/ikuji_mishugakuji/hoikusho_youchien/3982.html	久山町届出保育施設等保育料助成事業／久山町 スマートフォン版を表示 本文へ くらし・行政トップ くらし・手続き 医療・健康・ 福祉 子育て・教育 観光・文化・ スポーツ しごと・産業 行政情報 Select Language 組織から探す くらし・行政トップページ 久山町公式トップページ くらし・手続き 医療・健康・福祉 子育て・教育 観光・文化・スポーツ しごと・産業 行政情報 文字サイズ 背景色変更 メニューを閉じる Select Language 組織から探す くらし・行政トップページ 久山町公式トップページ くらし・手続き 医療・健康 ・福祉 子育て・教育 観光・文化・ スポーツ しごと・産業 行政情報 文字サイズ 背景色変更 PCサイトを表示 メニューを閉じる 現在の位置 ホーム くらし・行政 子育て
久山町	26	教育・保育無償化に関する申込みについて	https://www.town.hisayama.fukuoka.jp/gyosei/kosodate_kyoiku/ikuji_mishugakuji/hoikusho_youchien/1749.html	教育・保育無償化に関する申込みについて／久山町 スマートフォン版を表示 本文へ くらし・行政トップ くらし・手続き 医療・健康・ 福祉 子育て・教育 観光・文化・ スポーツ しごと・産業 行政情報 Select Language 組織から探す くらし・行政トップページ 久山町公式トップページ くらし・手続き 医療・健康・福祉 子育て・教育 観光・文化・スポーツ しごと・産業 行政情報 文字サイズ 背景色変更 メニューを閉じる Select Language 組織から探す くらし・行政トップページ 久山町公式トップページ くらし・手続き 医療・健康 ・福祉 子育て・教育 観光・文化・ スポーツ しごと・産業 行政情報 文字サイズ 背景色変更 PCサイトを表示 メニューを閉じる 現在の位置 ホーム くらし・行政 子
久山町	24	子ども医療	https://www.town.hisayama.fukuoka.jp/gyosei/kosodate_kyoiku/ikuji_student/support_student/2580.html	子ども医療／久山町 スマートフォン版を表示 本文へ くらし・行政トップ くらし・手続き 医療・健康・ 福祉 子育て・教育 観光・文化・ スポーツ しごと・産業 行政情報 Select Language 組織から探す くらし・行政トップページ 久山町公式トップページ くらし・手続き 医療・健康・福祉 子育て・教育 観光・文化・スポーツ しごと・産業 行政情報 文字サイズ 背景色変更 メニューを閉じる Select Language 組織から探す くらし・行政トップページ 久山町公式トップページ くらし・手続き 医療・健康 ・福祉 子育て・教育 観光・文化・ スポーツ しごと・産業 行政情報 文字サイズ 背景色変更 PCサイトを表示 メニューを閉じる 現在の位置 ホーム くらし・行政 子育て・教育 育児（小中学生）
久山町	24	子ども医療	https://www.town.hisayama.fukuoka.jp/gyosei/kosodate_kyoiku/ikuji_mishugakuji/support_mishugakuji/2581.html	子ども医療／久山町 スマートフォン版を表示 本文へ くらし・行政トップ くらし・手続き 医療・健康・ 福祉 子育て・教育 観光・文化・ スポーツ しごと・産業 行政情報 Select Language 組織から探す くらし・行政トップページ 久山町公式トップページ くらし・手続き 医療・健康・福祉 子育て・教育 観光・文化・スポーツ しごと・産業 行政情報 文字サイズ 背景色変更 メニューを閉じる Select Language 組織から探す くらし・行政トップページ 久山町公式トップページ くらし・手続き 医療・健康 ・福祉 子育て・教育 観光・文化・ スポーツ しごと・産業 行政情報 文字サイズ 背景色変更 PCサイトを表示 メニューを閉じる 現在の位置 ホーム くらし・行政 子育て・教育 育児（未就学児）
久山町	22	子どもが生まれたとき	https://www.town.hisayama.fukuoka.jp/gyosei/kosodate_kyoiku/ninshin_shussan/tetsuzuki_ninshin/1830.html	子どもが生まれたとき／久山町 スマートフォン版を表示 本文へ くらし・行政トップ くらし・手続き 医療・健康・ 福祉 子育て・教育 観光・文化・ スポーツ しごと・産業 行政情報 Select Language 組織から探す くらし・行政トップページ 久山町公式トップページ くらし・手続き 医療・健康・福祉 子育て・教育 観光・文化・スポーツ しごと・産業 行政情報 文字サイズ 背景色変更 メニューを閉じる Select Language 組織から探す くらし・行政トップページ 久山町公式トップページ くらし・手続き 医療・健康 ・福祉 子育て・教育 観光・文化・ スポーツ しごと・産業 行政情報 文字サイズ 背景色変更 PCサイトを表示 メニューを閉じる 現在の位置 ホーム くらし・行政 子育て・教育 妊娠・
久山町	22	医療的ケア児等レスパイト事業	https://www.town.hisayama.fukuoka.jp/gyosei/iryo_kenko_fukushi/shogai_fukushi/sonota/3198.html	医療的ケア児等レスパイト事業／久山町 スマートフォン版を表示 本文へ くらし・行政トップ くらし・手続き 医療・健康・ 福祉 子育て・教育 観光・文化・ スポーツ しごと・産業 行政情報 Select Language 組織から探す くらし・行政トップページ 久山町公式トップページ くらし・手続き 医療・健康・福祉 子育て・教育 観光・文化・スポーツ しごと・産業 行政情報 文字サイズ 背景色変更 メニューを閉じる Select Language 組織から探す くらし・行政トップページ 久山町公式トップページ くらし・手続き 医療・健康 ・福祉 子育て・教育 観光・文化・ スポーツ しごと・産業 行政情報 文字サイズ 背景色変更 PCサイトを表示 メニューを閉じる 現在の位置 ホーム くらし・行政 医療・健康・
久山町	21	令和6年度物価高騰対策給付金（1世帯当たり3万円）の給付	https://www.town.hisayama.fukuoka.jp/soshiki/fukushi/gyomu/3996.html	令和6年度物価高騰対策給付金（1世帯当たり3万円）の給付／久山町 スマートフォン版を表示 本文へ くらし・行政トップ くらし・手続き 医療・健康・ 福祉 子育て・教育 観光・文化・ スポーツ しごと・産業 行政情報 Select Language 組織から探す くらし・行政トップページ 久山町公式トップページ くらし・手続き 医療・健康・福祉 子育て・教育 観光・文化・スポーツ しごと・産業 行政情報 文字サイズ 背景色変更 メニューを閉じる Select Language 組織から探す くらし・行政トップページ 久山町公式トップページ くらし・手続き 医療・健康 ・福祉 子育て・教育 観光・文化・ スポーツ しごと・産業 行政情報 文字サイズ 背景色変更 PCサイトを表示 メニューを閉じる 現在の位置 ホーム
久山町	21	児童手当	https://www.town.hisayama.fukuoka.jp/soshiki/fukushi/gyomu/3763.html	児童手当／久山町 スマートフォン版を表示 本文へ くらし・行政トップ くらし・手続き 医療・健康・ 福祉 子育て・教育 観光・文化・ スポーツ しごと・産業 行政情報 Select Language 組織から探す くらし・行政トップページ 久山町公式トップページ くらし・手続き 医療・健康・福祉 子育て・教育 観光・文化・スポーツ しごと・産業 行政情報 文字サイズ 背景色変更 メニューを閉じる Select Language 組織から探す くらし・行政トップページ 久山町公式トップページ くらし・手続き 医療・健康 ・福祉 子育て・教育 観光・文化・ スポーツ しごと・産業 行政情報 文字サイズ 背景色変更 PCサイトを表示 メニューを閉じる 現在の位置 ホーム 組織から探す 福祉課 業務案内 児童手当 児童
久山町	21	久山町福祉団体等活動促進補助事業（マイクロバス利用補助）	https://www.town.hisayama.fukuoka.jp/soshiki/fukushi/gyomu/3205.html	久山町福祉団体等活動促進補助事業（マイクロバス利用補助）／久山町 スマートフォン版を表示 本文へ くらし・行政トップ くらし・手続き 医療・健康・ 福祉 子育て・教育 観光・文化・ スポーツ しごと・産業 行政情報 Select Language 組織から探す くらし・行政トップページ 久山町公式トップページ くらし・手続き 医療・健康・福祉 子育て・教育 観光・文化・スポーツ しごと・産業 行政情報 文字サイズ 背景色変更 メニューを閉じる Select Language 組織から探す くらし・行政トップページ 久山町公式トップページ くらし・手続き 医療・健康 ・福祉 子育て・教育 観光・文化・ スポーツ しごと・産業 行政情報 文字サイズ 背景色変更 PCサイトを表示 メニューを閉じる 現在の位置 ホーム
久山町	21	物価高対応子育て応援手当を支給します	https://www.town.hisayama.fukuoka.jp/soshiki/fukushi/oshirase/4467.html	物価高対応子育て応援手当を支給します／久山町 スマートフォン版を表示 本文へ くらし・行政トップ くらし・手続き 医療・健康・ 福祉 子育て・教育 観光・文化・ スポーツ しごと・産業 行政情報 Select Language 組織から探す くらし・行政トップページ 久山町公式トップページ くらし・手続き 医療・健康・福祉 子育て・教育 観光・文化・スポーツ しごと・産業 行政情報 文字サイズ 背景色変更 メニューを閉じる Select Language 組織から探す くらし・行政トップページ 久山町公式トップページ くらし・手続き 医療・健康 ・福祉 子育て・教育 観光・文化・ スポーツ しごと・産業 行政情報 文字サイズ 背景色変更 PCサイトを表示 メニューを閉じる 現在の位置 ホーム 組織から探す 福祉
久山町	21	特別児童扶養手当	https://www.town.hisayama.fukuoka.jp/soshiki/fukushi/gyomu/shogai_fukushi/441.html	特別児童扶養手当／久山町 スマートフォン版を表示 本文へ くらし・行政トップ くらし・手続き 医療・健康・ 福祉 子育て・教育 観光・文化・ スポーツ しごと・産業 行政情報 Select Language 組織から探す くらし・行政トップページ 久山町公式トップページ くらし・手続き 医療・健康・福祉 子育て・教育 観光・文化・スポーツ しごと・産業 行政情報 文字サイズ 背景色変更 メニューを閉じる Select Language 組織から探す くらし・行政トップページ 久山町公式トップページ くらし・手続き 医療・健康 ・福祉 子育て・教育 観光・文化・ スポーツ しごと・産業 行政情報 文字サイズ 背景色変更 PCサイトを表示 メニューを閉じる 現在の位置 ホーム 組織から探す 福祉課 業務案内 障がい
久山町	21	国民年金の給付	https://www.town.hisayama.fukuoka.jp/soshiki/chomin_seikatsu/gyomu/kokumin_nenkin/526.html	国民年金の給付／久山町 スマートフォン版を表示 本文へ くらし・行政トップ くらし・手続き 医療・健康・ 福祉 子育て・教育 観光・文化・ スポーツ しごと・産業 行政情報 Select Language 組織から探す くらし・行政トップページ 久山町公式トップページ くらし・手続き 医療・健康・福祉 子育て・教育 観光・文化・スポーツ しごと・産業 行政情報 文字サイズ 背景色変更 メニューを閉じる Select Language 組織から探す くらし・行政トップページ 久山町公式トップページ くらし・手続き 医療・健康 ・福祉 子育て・教育 観光・文化・ スポーツ しごと・産業 行政情報 文字サイズ 背景色変更 PCサイトを表示 メニューを閉じる 現在の位置 ホーム 組織から探す 町民生活課 業務案内 国民
久山町	21	久山町アピアランスケア推進事業	https://www.town.hisayama.fukuoka.jp/soshiki/kenko/gyomu/cancer/3184.html	久山町アピアランスケア推進事業／久山町 スマートフォン版を表示 本文へ くらし・行政トップ くらし・手続き 医療・健康・ 福祉 子育て・教育 観光・文化・ スポーツ しごと・産業 行政情報 Select Language 組織から探す くらし・行政トップページ 久山町公式トップページ くらし・手続き 医療・健康・福祉 子育て・教育 観光・文化・スポーツ しごと・産業 行政情報 文字サイズ 背景色変更 メニューを閉じる Select Language 組織から探す くらし・行政トップページ 久山町公式トップページ くらし・手続き 医療・健康 ・福祉 子育て・教育 観光・文化・ スポーツ しごと・産業 行政情報 文字サイズ 背景色変更 PCサイトを表示 メニューを閉じる 現在の位置 ホーム 組織から探す 健康課 業
久山町	21	久山町小児・AYA世代がん患者在宅療養生活支援事業	https://www.town.hisayama.fukuoka.jp/soshiki/kenko/gyomu/cancer/2514.html	久山町小児・AYA世代がん患者在宅療養生活支援事業／久山町 スマートフォン版を表示 本文へ くらし・行政トップ くらし・手続き 医療・健康・ 福祉 子育て・教育 観光・文化・ スポーツ しごと・産業 行政情報 Select Language 組織から探す くらし・行政トップページ 久山町公式トップページ くらし・手続き 医療・健康・福祉 子育て・教育 観光・文化・スポーツ しごと・産業 行政情報 文字サイズ 背景色変更 メニューを閉じる Select Language 組織から探す くらし・行政トップページ 久山町公式トップページ くらし・手続き 医療・健康 ・福祉 子育て・教育 観光・文化・ スポーツ しごと・産業 行政情報 文字サイズ 背景色変更 PCサイトを表示 メニューを閉じる 現在の位置 ホーム 組織
久山町	21	児童扶養手当とは	https://www.town.hisayama.fukuoka.jp/soshiki/fukushi/gyomu/jidofukushi/432.html	児童扶養手当とは／久山町 スマートフォン版を表示 本文へ くらし・行政トップ くらし・手続き 医療・健康・ 福祉 子育て・教育 観光・文化・ スポーツ しごと・産業 行政情報 Select Language 組織から探す くらし・行政トップページ 久山町公式トップページ くらし・手続き 医療・健康・福祉 子育て・教育 観光・文化・スポーツ しごと・産業 行政情報 文字サイズ 背景色変更 メニューを閉じる Select Language 組織から探す くらし・行政トップページ 久山町公式トップページ くらし・手続き 医療・健康 ・福祉 子育て・教育 観光・文化・ スポーツ しごと・産業 行政情報 文字サイズ 背景色変更 PCサイトを表示 メニューを閉じる 現在の位置 ホーム 組織から探す 福祉課 業務案内 児童福
久山町	21	一時預かり保育	https://www.town.hisayama.fukuoka.jp/soshiki/fukushi/gyomu/kosodate_shisetsu/4104.html	一時預かり保育／久山町 スマートフォン版を表示 本文へ くらし・行政トップ くらし・手続き 医療・健康・ 福祉 子育て・教育 観光・文化・ スポーツ しごと・産業 行政情報 Select Language 組織から探す くらし・行政トップページ 久山町公式トップページ くらし・手続き 医療・健康・福祉 子育て・教育 観光・文化・スポーツ しごと・産業 行政情報 文字サイズ 背景色変更 メニューを閉じる Select Language 組織から探す くらし・行政トップページ 久山町公式トップページ くらし・手続き 医療・健康 ・福祉 子育て・教育 観光・文化・ スポーツ しごと・産業 行政情報 文字サイズ 背景色変更 PCサイトを表示 メニューを閉じる 現在の位置 ホーム 組織から探す 福祉課 業務案内 子育て支
久山町	21	子育て応援ヘルパー（子育て世帯訪問支援事業）	https://www.town.hisayama.fukuoka.jp/soshiki/fukushi/gyomu/kosodate_shisetsu/3564.html	子育て応援ヘルパー（子育て世帯訪問支援事業）／久山町 スマートフォン版を表示 本文へ くらし・行政トップ くらし・手続き 医療・健康・ 福祉 子育て・教育 観光・文化・ スポーツ しごと・産業 行政情報 Select Language 組織から探す くらし・行政トップページ 久山町公式トップページ くらし・手続き 医療・健康・福祉 子育て・教育 観光・文化・スポーツ しごと・産業 行政情報 文字サイズ 背景色変更 メニューを閉じる Select Language 組織から探す くらし・行政トップページ 久山町公式トップページ くらし・手続き 医療・健康 ・福祉 子育て・教育 観光・文化・ スポーツ しごと・産業 行政情報 文字サイズ 背景色変更 PCサイトを表示 メニューを閉じる 現在の位置 ホーム 組織から探
久山町	21	子育て短期支援事業（ショートステイ事業）	https://www.town.hisayama.fukuoka.jp/soshiki/fukushi/gyomu/kosodate_shisetsu/4612.html	子育て短期支援事業（ショートステイ事業）／久山町 スマートフォン版を表示 本文へ くらし・行政トップ くらし・手続き 医療・健康・ 福祉 子育て・教育 観光・文化・ スポーツ しごと・産業 行政情報 Select Language 組織から探す くらし・行政トップページ 久山町公式トップページ くらし・手続き 医療・健康・福祉 子育て・教育 観光・文化・スポーツ しごと・産業 行政情報 文字サイズ 背景色変更 メニューを閉じる Select Language 組織から探す くらし・行政トップページ 久山町公式トップページ くらし・手続き 医療・健康 ・福祉 子育て・教育 観光・文化・ スポーツ しごと・産業 行政情報 文字サイズ 背景色変更 PCサイトを表示 メニューを閉じる 現在の位置 ホーム 組織から探す
久山町	21	総合支援法に係る福祉サービスの受給者証交付申請	https://www.town.hisayama.fukuoka.jp/gyosei/iryo_kenko_fukushi/shogai_fukushi/shogaihukusi/2318.html	総合支援法に係る福祉サービスの受給者証交付申請／久山町 スマートフォン版を表示 本文へ くらし・行政トップ くらし・手続き 医療・健康・ 福祉 子育て・教育 観光・文化・ スポーツ しごと・産業 行政情報 Select Language 組織から探す くらし・行政トップページ 久山町公式トップページ くらし・手続き 医療・健康・福祉 子育て・教育 観光・文化・スポーツ しごと・産業 行政情報 文字サイズ 背景色変更 メニューを閉じる Select Language 組織から探す くらし・行政トップページ 久山町公式トップページ くらし・手続き 医療・健康 ・福祉 子育て・教育 観光・文化・ スポーツ しごと・産業 行政情報 文字サイズ 背景色変更 PCサイトを表示 メニューを閉じる 現在の位置 ホーム くらし・
久山町	21	日常生活用具の給付申請	https://www.town.hisayama.fukuoka.jp/gyosei/iryo_kenko_fukushi/shogai_fukushi/fukushiyougu/2476.html	日常生活用具の給付申請／久山町 スマートフォン版を表示 本文へ くらし・行政トップ くらし・手続き 医療・健康・ 福祉 子育て・教育 観光・文化・ スポーツ しごと・産業 行政情報 Select Language 組織から探す くらし・行政トップページ 久山町公式トップページ くらし・手続き 医療・健康・福祉 子育て・教育 観光・文化・スポーツ しごと・産業 行政情報 文字サイズ 背景色変更 メニューを閉じる Select Language 組織から探す くらし・行政トップページ 久山町公式トップページ くらし・手続き 医療・健康 ・福祉 子育て・教育 観光・文化・ スポーツ しごと・産業 行政情報 文字サイズ 背景色変更 PCサイトを表示 メニューを閉じる 現在の位置 ホーム くらし・行政 医療・健康・福祉
久山町	21	心身障がい者扶養共済制度支給申請	https://www.town.hisayama.fukuoka.jp/gyosei/iryo_kenko_fukushi/shogai_fukushi/zyosei_kyosai/2344.html	心身障がい者扶養共済制度支給申請／久山町 スマートフォン版を表示 本文へ くらし・行政トップ くらし・手続き 医療・健康・ 福祉 子育て・教育 観光・文化・ スポーツ しごと・産業 行政情報 Select Language 組織から探す くらし・行政トップページ 久山町公式トップページ くらし・手続き 医療・健康・福祉 子育て・教育 観光・文化・スポーツ しごと・産業 行政情報 文字サイズ 背景色変更 メニューを閉じる Select Language 組織から探す くらし・行政トップページ 久山町公式トップページ くらし・手続き 医療・健康 ・福祉 子育て・教育 観光・文化・ スポーツ しごと・産業 行政情報 文字サイズ 背景色変更 PCサイトを表示 メニューを閉じる 現在の位置 ホーム くらし・行政 医療・健
久山町	21	福祉タクシー料金補助の申請	https://www.town.hisayama.fukuoka.jp/gyosei/iryo_kenko_fukushi/shogai_fukushi/sonota/2474.html	福祉タクシー料金補助の申請／久山町 スマートフォン版を表示 本文へ くらし・行政トップ くらし・手続き 医療・健康・ 福祉 子育て・教育 観光・文化・ スポーツ しごと・産業 行政情報 Select Language 組織から探す くらし・行政トップページ 久山町公式トップページ くらし・手続き 医療・健康・福祉 子育て・教育 観光・文化・スポーツ しごと・産業 行政情報 文字サイズ 背景色変更 メニューを閉じる Select Language 組織から探す くらし・行政トップページ 久山町公式トップページ くらし・手続き 医療・健康 ・福祉 子育て・教育 観光・文化・ スポーツ しごと・産業 行政情報 文字サイズ 背景色変更 PCサイトを表示 メニューを閉じる 現在の位置 ホーム くらし・行政 医療・健康・福
久山町	21	障がい福祉	https://www.town.hisayama.fukuoka.jp/gyosei/kurashi_menu/fukushi_kaigo/2509.html	障がい福祉／久山町 スマートフォン版を表示 本文へ くらし・行政トップ くらし・手続き 医療・健康・ 福祉 子育て・教育 観光・文化・ スポーツ しごと・産業 行政情報 Select Language 組織から探す くらし・行政トップページ 久山町公式トップページ くらし・手続き 医療・健康・福祉 子育て・教育 観光・文化・スポーツ しごと・産業 行政情報 文字サイズ 背景色変更 メニューを閉じる Select Language 組織から探す くらし・行政トップページ 久山町公式トップページ くらし・手続き 医療・健康 ・福祉 子育て・教育 観光・文化・ スポーツ しごと・産業 行政情報 文字サイズ 背景色変更 PCサイトを表示 メニューを閉じる 現在の位置 ホーム くらし・行政 くらしのメニュー 福祉・介護
久山町	21	施政方針	https://www.town.hisayama.fukuoka.jp/soshiki/keiei_design/gyomu/chocho/563.html	施政方針／久山町 スマートフォン版を表示 本文へ くらし・行政トップ くらし・手続き 医療・健康・ 福祉 子育て・教育 観光・文化・ スポーツ しごと・産業 行政情報 Select Language 組織から探す くらし・行政トップページ 久山町公式トップページ くらし・手続き 医療・健康・福祉 子育て・教育 観光・文化・スポーツ しごと・産業 行政情報 文字サイズ 背景色変更 メニューを閉じる Select Language 組織から探す くらし・行政トップページ 久山町公式トップページ くらし・手続き 医療・健康 ・福祉 子育て・教育 観光・文化・ スポーツ しごと・産業 行政情報 文字サイズ 背景色変更 PCサイトを表示 メニューを閉じる 現在の位置 ホーム 組織から探す 経営デザイン課 業務案内 町長の
久山町	21	久山町在宅福祉サービス(概要)	https://www.town.hisayama.fukuoka.jp/soshiki/fukushi/gyomu/kourei_fukushi_kaigo/426.html	久山町在宅福祉サービス(概要)／久山町 スマートフォン版を表示 本文へ くらし・行政トップ くらし・手続き 医療・健康・ 福祉 子育て・教育 観光・文化・ スポーツ しごと・産業 行政情報 Select Language 組織から探す くらし・行政トップページ 久山町公式トップページ くらし・手続き 医療・健康・福祉 子育て・教育 観光・文化・スポーツ しごと・産業 行政情報 文字サイズ 背景色変更 メニューを閉じる Select Language 組織から探す くらし・行政トップページ 久山町公式トップページ くらし・手続き 医療・健康 ・福祉 子育て・教育 観光・文化・ スポーツ しごと・産業 行政情報 文字サイズ 背景色変更 PCサイトを表示 メニューを閉じる 現在の位置 ホーム 組織から探す 福祉課 業
久山町	21	自動車運転免許取得費助成の申請	https://www.town.hisayama.fukuoka.jp/soshiki/fukushi/gyomu/shogai_fukushi/2347.html	自動車運転免許取得費助成の申請／久山町 スマートフォン版を表示 本文へ くらし・行政トップ くらし・手続き 医療・健康・ 福祉 子育て・教育 観光・文化・ スポーツ しごと・産業 行政情報 Select Language 組織から探す くらし・行政トップページ 久山町公式トップページ くらし・手続き 医療・健康・福祉 子育て・教育 観光・文化・スポーツ しごと・産業 行政情報 文字サイズ 背景色変更 メニューを閉じる Select Language 組織から探す くらし・行政トップページ 久山町公式トップページ くらし・手続き 医療・健康 ・福祉 子育て・教育 観光・文化・ スポーツ しごと・産業 行政情報 文字サイズ 背景色変更 PCサイトを表示 メニューを閉じる 現在の位置 ホーム 組織から探す 福祉課 業
久山町	21	自動車改造費助成の申請	https://www.town.hisayama.fukuoka.jp/soshiki/fukushi/gyomu/shogai_fukushi/2345.html	自動車改造費助成の申請／久山町 スマートフォン版を表示 本文へ くらし・行政トップ くらし・手続き 医療・健康・ 福祉 子育て・教育 観光・文化・ スポーツ しごと・産業 行政情報 Select Language 組織から探す くらし・行政トップページ 久山町公式トップページ くらし・手続き 医療・健康・福祉 子育て・教育 観光・文化・スポーツ しごと・産業 行政情報 文字サイズ 背景色変更 メニューを閉じる Select Language 組織から探す くらし・行政トップページ 久山町公式トップページ くらし・手続き 医療・健康 ・福祉 子育て・教育 観光・文化・ スポーツ しごと・産業 行政情報 文字サイズ 背景色変更 PCサイトを表示 メニューを閉じる 現在の位置 ホーム 組織から探す 福祉課 業務案内
久山町	21	久山町意思疎通支援事業のお知らせ	https://www.town.hisayama.fukuoka.jp/soshiki/fukushi/gyomu/shogai_fukushi/419.html	久山町意思疎通支援事業のお知らせ／久山町 スマートフォン版を表示 本文へ くらし・行政トップ くらし・手続き 医療・健康・ 福祉 子育て・教育 観光・文化・ スポーツ しごと・産業 行政情報 Select Language 組織から探す くらし・行政トップページ 久山町公式トップページ くらし・手続き 医療・健康・福祉 子育て・教育 観光・文化・スポーツ しごと・産業 行政情報 文字サイズ 背景色変更 メニューを閉じる Select Language 組織から探す くらし・行政トップページ 久山町公式トップページ くらし・手続き 医療・健康 ・福祉 子育て・教育 観光・文化・ スポーツ しごと・産業 行政情報 文字サイズ 背景色変更 PCサイトを表示 メニューを閉じる 現在の位置 ホーム 組織から探す 福祉課
久山町	21	令和6年度物価高騰支援給付金（こども加算分）	https://www.town.hisayama.fukuoka.jp/soshiki/fukushi/gyomu/seikatsu_fukushi/3760.html	令和6年度物価高騰支援給付金（こども加算分）／久山町 スマートフォン版を表示 本文へ くらし・行政トップ くらし・手続き 医療・健康・ 福祉 子育て・教育 観光・文化・ スポーツ しごと・産業 行政情報 Select Language 組織から探す くらし・行政トップページ 久山町公式トップページ くらし・手続き 医療・健康・福祉 子育て・教育 観光・文化・スポーツ しごと・産業 行政情報 文字サイズ 背景色変更 メニューを閉じる Select Language 組織から探す くらし・行政トップページ 久山町公式トップページ くらし・手続き 医療・健康 ・福祉 子育て・教育 観光・文化・ スポーツ しごと・産業 行政情報 文字サイズ 背景色変更 PCサイトを表示 メニューを閉じる 現在の位置 ホーム 組織から探
久山町	21	令和6年度物価高騰対策支援給付金（1世帯当たり10万円）の給付	https://www.town.hisayama.fukuoka.jp/soshiki/fukushi/gyomu/seikatsu_fukushi/3706.html	令和6年度物価高騰対策支援給付金（1世帯当たり10万円）の給付／久山町 スマートフォン版を表示 本文へ くらし・行政トップ くらし・手続き 医療・健康・ 福祉 子育て・教育 観光・文化・ スポーツ しごと・産業 行政情報 Select Language 組織から探す くらし・行政トップページ 久山町公式トップページ くらし・手続き 医療・健康・福祉 子育て・教育 観光・文化・スポーツ しごと・産業 行政情報 文字サイズ 背景色変更 メニューを閉じる Select Language 組織から探す くらし・行政トップページ 久山町公式トップページ くらし・手続き 医療・健康 ・福祉 子育て・教育 観光・文化・ スポーツ しごと・産業 行政情報 文字サイズ 背景色変更 PCサイトを表示 メニューを閉じる 現在の位置
久山町	21	高校生・大学生海外語学留学支援	https://www.town.hisayama.fukuoka.jp/soshiki/kyoiku/gyomu/kyoiku_iinkai/Miraipasupoto/4174.html	高校生・大学生海外語学留学支援／久山町 スマートフォン版を表示 本文へ くらし・行政トップ くらし・手続き 医療・健康・ 福祉 子育て・教育 観光・文化・ スポーツ しごと・産業 行政情報 Select Language 組織から探す くらし・行政トップページ 久山町公式トップページ くらし・手続き 医療・健康・福祉 子育て・教育 観光・文化・スポーツ しごと・産業 行政情報 文字サイズ 背景色変更 メニューを閉じる Select Language 組織から探す くらし・行政トップページ 久山町公式トップページ くらし・手続き 医療・健康 ・福祉 子育て・教育 観光・文化・ スポーツ しごと・産業 行政情報 文字サイズ 背景色変更 PCサイトを表示 メニューを閉じる 現在の位置 ホーム 組織から探す 教育課 業
久山町	20	障がい者手帳をお持ちの方への優遇措置	https://www.town.hisayama.fukuoka.jp/gyosei/iryo_kenko_fukushi/shogai_fukushi/techo/2482.html	障がい者手帳をお持ちの方への優遇措置／久山町 スマートフォン版を表示 本文へ くらし・行政トップ くらし・手続き 医療・健康・ 福祉 子育て・教育 観光・文化・ スポーツ しごと・産業 行政情報 Select Language 組織から探す くらし・行政トップページ 久山町公式トップページ くらし・手続き 医療・健康・福祉 子育て・教育 観光・文化・スポーツ しごと・産業 行政情報 文字サイズ 背景色変更 メニューを閉じる Select Language 組織から探す くらし・行政トップページ 久山町公式トップページ くらし・手続き 医療・健康 ・福祉 子育て・教育 観光・文化・ スポーツ しごと・産業 行政情報 文字サイズ 背景色変更 PCサイトを表示 メニューを閉じる 現在の位置 ホーム くらし・行政 医療
久山町	20	自立支援医療（精神通院）の申請	https://www.town.hisayama.fukuoka.jp/gyosei/iryo_kenko_fukushi/shogai_fukushi/iryou/2505.html	自立支援医療（精神通院）の申請／久山町 スマートフォン版を表示 本文へ くらし・行政トップ くらし・手続き 医療・健康・ 福祉 子育て・教育 観光・文化・ スポーツ しごと・産業 行政情報 Select Language 組織から探す くらし・行政トップページ 久山町公式トップページ くらし・手続き 医療・健康・福祉 子育て・教育 観光・文化・スポーツ しごと・産業 行政情報 文字サイズ 背景色変更 メニューを閉じる Select Language 組織から探す くらし・行政トップページ 久山町公式トップページ くらし・手続き 医療・健康 ・福祉 子育て・教育 観光・文化・ スポーツ しごと・産業 行政情報 文字サイズ 背景色変更 PCサイトを表示 メニューを閉じる 現在の位置 ホーム くらし・行政 医療・健康
久山町	20	重度障がい者医療	https://www.town.hisayama.fukuoka.jp/gyosei/iryo_kenko_fukushi/shogai_fukushi/iryou/1857.html	重度障がい者医療／久山町 スマートフォン版を表示 本文へ くらし・行政トップ くらし・手続き 医療・健康・ 福祉 子育て・教育 観光・文化・ スポーツ しごと・産業 行政情報 Select Language 組織から探す くらし・行政トップページ 久山町公式トップページ くらし・手続き 医療・健康・福祉 子育て・教育 観光・文化・スポーツ しごと・産業 行政情報 文字サイズ 背景色変更 メニューを閉じる Select Language 組織から探す くらし・行政トップページ 久山町公式トップページ くらし・手続き 医療・健康 ・福祉 子育て・教育 観光・文化・ スポーツ しごと・産業 行政情報 文字サイズ 背景色変更 PCサイトを表示 メニューを閉じる 現在の位置 ホーム くらし・行政 医療・健康・福祉 障がい
久山町	19	病児保育ルーム コスモス	https://www.town.hisayama.fukuoka.jp/soshiki/fukushi/gyomu/kosodate_shisetsu/564.html	病児保育ルーム コスモス／久山町 スマートフォン版を表示 本文へ くらし・行政トップ くらし・手続き 医療・健康・ 福祉 子育て・教育 観光・文化・ スポーツ しごと・産業 行政情報 Select Language 組織から探す くらし・行政トップページ 久山町公式トップページ くらし・手続き 医療・健康・福祉 子育て・教育 観光・文化・スポーツ しごと・産業 行政情報 文字サイズ 背景色変更 メニューを閉じる Select Language 組織から探す くらし・行政トップページ 久山町公式トップページ くらし・手続き 医療・健康 ・福祉 子育て・教育 観光・文化・ スポーツ しごと・産業 行政情報 文字サイズ 背景色変更 PCサイトを表示 メニューを閉じる 現在の位置 ホーム 組織から探す 福祉課 業務案内
久山町	18	地域活動支援センターの利用	https://www.town.hisayama.fukuoka.jp/gyosei/iryo_kenko_fukushi/shogai_fukushi/shogaihukusi/2333.html	地域活動支援センターの利用／久山町 スマートフォン版を表示 本文へ くらし・行政トップ くらし・手続き 医療・健康・ 福祉 子育て・教育 観光・文化・ スポーツ しごと・産業 行政情報 Select Language 組織から探す くらし・行政トップページ 久山町公式トップページ くらし・手続き 医療・健康・福祉 子育て・教育 観光・文化・スポーツ しごと・産業 行政情報 文字サイズ 背景色変更 メニューを閉じる Select Language 組織から探す くらし・行政トップページ 久山町公式トップページ くらし・手続き 医療・健康 ・福祉 子育て・教育 観光・文化・ スポーツ しごと・産業 行政情報 文字サイズ 背景色変更 PCサイトを表示 メニューを閉じる 現在の位置 ホーム くらし・行政 医療・健康・福
久山町	18	高齢者インフルエンザ予防接種のご案内	https://www.town.hisayama.fukuoka.jp/gyosei/iryo_kenko_fukushi/iryo_kenok/yobosesshu/4036.html	高齢者インフルエンザ予防接種のご案内／久山町 スマートフォン版を表示 本文へ くらし・行政トップ くらし・手続き 医療・健康・ 福祉 子育て・教育 観光・文化・ スポーツ しごと・産業 行政情報 Select Language 組織から探す くらし・行政トップページ 久山町公式トップページ くらし・手続き 医療・健康・福祉 子育て・教育 観光・文化・スポーツ しごと・産業 行政情報 文字サイズ 背景色変更 メニューを閉じる Select Language 組織から探す くらし・行政トップページ 久山町公式トップページ くらし・手続き 医療・健康 ・福祉 子育て・教育 観光・文化・ スポーツ しごと・産業 行政情報 文字サイズ 背景色変更 PCサイトを表示 メニューを閉じる 現在の位置 ホーム くらし・行政 医療
久山町	18	高齢者新型コロナワクチン予防接種のご案内	https://www.town.hisayama.fukuoka.jp/gyosei/iryo_kenko_fukushi/iryo_kenok/yobosesshu/3724.html	高齢者新型コロナワクチン予防接種のご案内／久山町 スマートフォン版を表示 本文へ くらし・行政トップ くらし・手続き 医療・健康・ 福祉 子育て・教育 観光・文化・ スポーツ しごと・産業 行政情報 Select Language 組織から探す くらし・行政トップページ 久山町公式トップページ くらし・手続き 医療・健康・福祉 子育て・教育 観光・文化・スポーツ しごと・産業 行政情報 文字サイズ 背景色変更 メニューを閉じる Select Language 組織から探す くらし・行政トップページ 久山町公式トップページ くらし・手続き 医療・健康 ・福祉 子育て・教育 観光・文化・ スポーツ しごと・産業 行政情報 文字サイズ 背景色変更 PCサイトを表示 メニューを閉じる 現在の位置 ホーム くらし・行政
久山町	18	子どもの定期予防接種のご案内	https://www.town.hisayama.fukuoka.jp/gyosei/iryo_kenko_fukushi/iryo_kenok/yobosesshu/3214.html	子どもの定期予防接種のご案内／久山町 スマートフォン版を表示 本文へ くらし・行政トップ くらし・手続き 医療・健康・ 福祉 子育て・教育 観光・文化・ スポーツ しごと・産業 行政情報 Select Language 組織から探す くらし・行政トップページ 久山町公式トップページ くらし・手続き 医療・健康・福祉 子育て・教育 観光・文化・スポーツ しごと・産業 行政情報 文字サイズ 背景色変更 メニューを閉じる Select Language 組織から探す くらし・行政トップページ 久山町公式トップページ くらし・手続き 医療・健康 ・福祉 子育て・教育 観光・文化・ スポーツ しごと・産業 行政情報 文字サイズ 背景色変更 PCサイトを表示 メニューを閉じる 現在の位置 ホーム くらし・行政 医療・健康・
久山町	18	高齢者肺炎球菌定期予防接種のご案内	https://www.town.hisayama.fukuoka.jp/gyosei/iryo_kenko_fukushi/iryo_kenok/yobosesshu/3213.html	高齢者肺炎球菌定期予防接種のご案内／久山町 スマートフォン版を表示 本文へ くらし・行政トップ くらし・手続き 医療・健康・ 福祉 子育て・教育 観光・文化・ スポーツ しごと・産業 行政情報 Select Language 組織から探す くらし・行政トップページ 久山町公式トップページ くらし・手続き 医療・健康・福祉 子育て・教育 観光・文化・スポーツ しごと・産業 行政情報 文字サイズ 背景色変更 メニューを閉じる Select Language 組織から探す くらし・行政トップページ 久山町公式トップページ くらし・手続き 医療・健康 ・福祉 子育て・教育 観光・文化・ スポーツ しごと・産業 行政情報 文字サイズ 背景色変更 PCサイトを表示 メニューを閉じる 現在の位置 ホーム くらし・行政 医療・
久山町	18	子育て支援事業	https://www.town.hisayama.fukuoka.jp/gyosei/kurashi_menu/ninshin_shussan/2176.html	子育て支援事業／久山町 スマートフォン版を表示 本文へ くらし・行政トップ くらし・手続き 医療・健康・ 福祉 子育て・教育 観光・文化・ スポーツ しごと・産業 行政情報 Select Language 組織から探す くらし・行政トップページ 久山町公式トップページ くらし・手続き 医療・健康・福祉 子育て・教育 観光・文化・スポーツ しごと・産業 行政情報 文字サイズ 背景色変更 メニューを閉じる Select Language 組織から探す くらし・行政トップページ 久山町公式トップページ くらし・手続き 医療・健康 ・福祉 子育て・教育 観光・文化・ スポーツ しごと・産業 行政情報 文字サイズ 背景色変更 PCサイトを表示 メニューを閉じる 現在の位置 ホーム くらし・行政 くらしのメニュー 妊娠・出
久山町	18	久山町地域応援お買い物券を配付しています	https://www.town.hisayama.fukuoka.jp/gyosei/shigoto_sangyo/sangyo_shinko/shokogyo/4535.html	久山町地域応援お買い物券を配付しています／久山町 スマートフォン版を表示 本文へ くらし・行政トップ くらし・手続き 医療・健康・ 福祉 子育て・教育 観光・文化・ スポーツ しごと・産業 行政情報 Select Language 組織から探す くらし・行政トップページ 久山町公式トップページ くらし・手続き 医療・健康・福祉 子育て・教育 観光・文化・スポーツ しごと・産業 行政情報 文字サイズ 背景色変更 メニューを閉じる Select Language 組織から探す くらし・行政トップページ 久山町公式トップページ くらし・手続き 医療・健康 ・福祉 子育て・教育 観光・文化・ スポーツ しごと・産業 行政情報 文字サイズ 背景色変更 PCサイトを表示 メニューを閉じる 現在の位置 ホーム くらし・行政
久山町	17	生活福祉	https://www.town.hisayama.fukuoka.jp/soshiki/fukushi/gyomu/seikatsu_fukushi/index.html	生活福祉／久山町 スマートフォン版を表示 本文へ くらし・行政トップ くらし・手続き 医療・健康・ 福祉 子育て・教育 観光・文化・ スポーツ しごと・産業 行政情報 Select Language 組織から探す くらし・行政トップページ 久山町公式トップページ くらし・手続き 医療・健康・福祉 子育て・教育 観光・文化・スポーツ しごと・産業 行政情報 文字サイズ 背景色変更 メニューを閉じる Select Language 組織から探す くらし・行政トップページ 久山町公式トップページ くらし・手続き 医療・健康 ・福祉 子育て・教育 観光・文化・ スポーツ しごと・産業 行政情報 文字サイズ 背景色変更 PCサイトを表示 メニューを閉じる 現在の位置 ホーム 組織から探す 福祉課 業務案内 生活福祉 生活
久山町	17	不妊症・不育症の助成について	https://www.town.hisayama.fukuoka.jp/soshiki/kenko/gyomu/ninshin_shussan/498.html	不妊症・不育症の助成について／久山町 スマートフォン版を表示 本文へ くらし・行政トップ くらし・手続き 医療・健康・ 福祉 子育て・教育 観光・文化・ スポーツ しごと・産業 行政情報 Select Language 組織から探す くらし・行政トップページ 久山町公式トップページ くらし・手続き 医療・健康・福祉 子育て・教育 観光・文化・スポーツ しごと・産業 行政情報 文字サイズ 背景色変更 メニューを閉じる Select Language 組織から探す くらし・行政トップページ 久山町公式トップページ くらし・手続き 医療・健康 ・福祉 子育て・教育 観光・文化・ スポーツ しごと・産業 行政情報 文字サイズ 背景色変更 PCサイトを表示 メニューを閉じる 現在の位置 ホーム 組織から探す 健康課 業務
久山町	17	養育医療	https://www.town.hisayama.fukuoka.jp/soshiki/kenko/gyomu/ninshin_shussan/447.html	養育医療／久山町 スマートフォン版を表示 本文へ くらし・行政トップ くらし・手続き 医療・健康・ 福祉 子育て・教育 観光・文化・ スポーツ しごと・産業 行政情報 Select Language 組織から探す くらし・行政トップページ 久山町公式トップページ くらし・手続き 医療・健康・福祉 子育て・教育 観光・文化・スポーツ しごと・産業 行政情報 文字サイズ 背景色変更 メニューを閉じる Select Language 組織から探す くらし・行政トップページ 久山町公式トップページ くらし・手続き 医療・健康 ・福祉 子育て・教育 観光・文化・ スポーツ しごと・産業 行政情報 文字サイズ 背景色変更 PCサイトを表示 メニューを閉じる 現在の位置 ホーム 組織から探す 健康課 業務案内 妊娠・出産 養
久山町	17	骨髄等移植ドナー助成	https://www.town.hisayama.fukuoka.jp/gyosei/iryo_kenko_fukushi/iryo_kenok/kenshin/3203.html	骨髄等移植ドナー助成／久山町 スマートフォン版を表示 本文へ くらし・行政トップ くらし・手続き 医療・健康・ 福祉 子育て・教育 観光・文化・ スポーツ しごと・産業 行政情報 Select Language 組織から探す くらし・行政トップページ 久山町公式トップページ くらし・手続き 医療・健康・福祉 子育て・教育 観光・文化・スポーツ しごと・産業 行政情報 文字サイズ 背景色変更 メニューを閉じる Select Language 組織から探す くらし・行政トップページ 久山町公式トップページ くらし・手続き 医療・健康 ・福祉 子育て・教育 観光・文化・ スポーツ しごと・産業 行政情報 文字サイズ 背景色変更 PCサイトを表示 メニューを閉じる 現在の位置 ホーム くらし・行政 医療・健康・福祉 医
久山町	17	医療的ケア児等レスパイト事業	https://www.town.hisayama.fukuoka.jp/soshiki/fukushi/gyomu/shogai_fukushi/3197.html	医療的ケア児等レスパイト事業／久山町 スマートフォン版を表示 本文へ くらし・行政トップ くらし・手続き 医療・健康・ 福祉 子育て・教育 観光・文化・ スポーツ しごと・産業 行政情報 Select Language 組織から探す くらし・行政トップページ 久山町公式トップページ くらし・手続き 医療・健康・福祉 子育て・教育 観光・文化・スポーツ しごと・産業 行政情報 文字サイズ 背景色変更 メニューを閉じる Select Language 組織から探す くらし・行政トップページ 久山町公式トップページ くらし・手続き 医療・健康 ・福祉 子育て・教育 観光・文化・ スポーツ しごと・産業 行政情報 文字サイズ 背景色変更 PCサイトを表示 メニューを閉じる 現在の位置 ホーム 組織から探す 福祉課 業務
久山町	16	障がい福祉	https://www.town.hisayama.fukuoka.jp/soshiki/fukushi/gyomu/shogai_fukushi/index.html	障がい福祉／久山町 スマートフォン版を表示 本文へ くらし・行政トップ くらし・手続き 医療・健康・ 福祉 子育て・教育 観光・文化・ スポーツ しごと・産業 行政情報 Select Language 組織から探す くらし・行政トップページ 久山町公式トップページ くらし・手続き 医療・健康・福祉 子育て・教育 観光・文化・スポーツ しごと・産業 行政情報 文字サイズ 背景色変更 メニューを閉じる Select Language 組織から探す くらし・行政トップページ 久山町公式トップページ くらし・手続き 医療・健康 ・福祉 子育て・教育 観光・文化・ スポーツ しごと・産業 行政情報 文字サイズ 背景色変更 PCサイトを表示 メニューを閉じる 現在の位置 ホーム 組織から探す 福祉課 業務案内 障がい福祉
久山町	16	日常生活用具の給付申請	https://www.town.hisayama.fukuoka.jp/soshiki/fukushi/gyomu/shogai_fukushi/2475.html	日常生活用具の給付申請／久山町 スマートフォン版を表示 本文へ くらし・行政トップ くらし・手続き 医療・健康・ 福祉 子育て・教育 観光・文化・ スポーツ しごと・産業 行政情報 Select Language 組織から探す くらし・行政トップページ 久山町公式トップページ くらし・手続き 医療・健康・福祉 子育て・教育 観光・文化・スポーツ しごと・産業 行政情報 文字サイズ 背景色変更 メニューを閉じる Select Language 組織から探す くらし・行政トップページ 久山町公式トップページ くらし・手続き 医療・健康 ・福祉 子育て・教育 観光・文化・ スポーツ しごと・産業 行政情報 文字サイズ 背景色変更 PCサイトを表示 メニューを閉じる 現在の位置 ホーム 組織から探す 福祉課 業務案内
久山町	16	福祉タクシー料金補助の申請	https://www.town.hisayama.fukuoka.jp/soshiki/fukushi/gyomu/shogai_fukushi/2473.html	福祉タクシー料金補助の申請／久山町 スマートフォン版を表示 本文へ くらし・行政トップ くらし・手続き 医療・健康・ 福祉 子育て・教育 観光・文化・ スポーツ しごと・産業 行政情報 Select Language 組織から探す くらし・行政トップページ 久山町公式トップページ くらし・手続き 医療・健康・福祉 子育て・教育 観光・文化・スポーツ しごと・産業 行政情報 文字サイズ 背景色変更 メニューを閉じる Select Language 組織から探す くらし・行政トップページ 久山町公式トップページ くらし・手続き 医療・健康 ・福祉 子育て・教育 観光・文化・ スポーツ しごと・産業 行政情報 文字サイズ 背景色変更 PCサイトを表示 メニューを閉じる 現在の位置 ホーム 組織から探す 福祉課 業務案
久山町	16	総合支援法に係る福祉サービスの受給者証交付申請	https://www.town.hisayama.fukuoka.jp/soshiki/fukushi/gyomu/shogai_fukushi/2317.html	総合支援法に係る福祉サービスの受給者証交付申請／久山町 スマートフォン版を表示 本文へ くらし・行政トップ くらし・手続き 医療・健康・ 福祉 子育て・教育 観光・文化・ スポーツ しごと・産業 行政情報 Select Language 組織から探す くらし・行政トップページ 久山町公式トップページ くらし・手続き 医療・健康・福祉 子育て・教育 観光・文化・スポーツ しごと・産業 行政情報 文字サイズ 背景色変更 メニューを閉じる Select Language 組織から探す くらし・行政トップページ 久山町公式トップページ くらし・手続き 医療・健康 ・福祉 子育て・教育 観光・文化・ スポーツ しごと・産業 行政情報 文字サイズ 背景色変更 PCサイトを表示 メニューを閉じる 現在の位置 ホーム 組織から
久山町	15	花植え活動写真募集中!	https://www.town.hisayama.fukuoka.jp/gyosei/kurashi/jumin_katsudo/4/1620.html	花植え活動写真募集中!／久山町 スマートフォン版を表示 本文へ くらし・行政トップ くらし・手続き 医療・健康・ 福祉 子育て・教育 観光・文化・ スポーツ しごと・産業 行政情報 Select Language 組織から探す くらし・行政トップページ 久山町公式トップページ くらし・手続き 医療・健康・福祉 子育て・教育 観光・文化・スポーツ しごと・産業 行政情報 文字サイズ 背景色変更 メニューを閉じる Select Language 組織から探す くらし・行政トップページ 久山町公式トップページ くらし・手続き 医療・健康 ・福祉 子育て・教育 観光・文化・ スポーツ しごと・産業 行政情報 文字サイズ 背景色変更 PCサイトを表示 メニューを閉じる 現在の位置 ホーム くらし・行政 くらし・手続き 住
久山町	15	児童育成支援拠点事業	https://www.town.hisayama.fukuoka.jp/soshiki/fukushi/gyomu/kosodate_shisetsu/4611.html	児童育成支援拠点事業／久山町 スマートフォン版を表示 本文へ くらし・行政トップ くらし・手続き 医療・健康・ 福祉 子育て・教育 観光・文化・ スポーツ しごと・産業 行政情報 Select Language 組織から探す くらし・行政トップページ 久山町公式トップページ くらし・手続き 医療・健康・福祉 子育て・教育 観光・文化・スポーツ しごと・産業 行政情報 文字サイズ 背景色変更 メニューを閉じる Select Language 組織から探す くらし・行政トップページ 久山町公式トップページ くらし・手続き 医療・健康 ・福祉 子育て・教育 観光・文化・ スポーツ しごと・産業 行政情報 文字サイズ 背景色変更 PCサイトを表示 メニューを閉じる 現在の位置 ホーム 組織から探す 福祉課 業務案内 子
久山町	15	久山町子育て支援センター「木子里(きっこり)」	https://www.town.hisayama.fukuoka.jp/soshiki/fukushi/gyomu/kosodate_shisetsu/427.html	久山町子育て支援センター「木子里(きっこり)」／久山町 スマートフォン版を表示 本文へ くらし・行政トップ くらし・手続き 医療・健康・ 福祉 子育て・教育 観光・文化・ スポーツ しごと・産業 行政情報 Select Language 組織から探す くらし・行政トップページ 久山町公式トップページ くらし・手続き 医療・健康・福祉 子育て・教育 観光・文化・スポーツ しごと・産業 行政情報 文字サイズ 背景色変更 メニューを閉じる Select Language 組織から探す くらし・行政トップページ 久山町公式トップページ くらし・手続き 医療・健康 ・福祉 子育て・教育 観光・文化・ スポーツ しごと・産業 行政情報 文字サイズ 背景色変更 PCサイトを表示 メニューを閉じる 現在の位置 ホーム 組織から
久山町	15	篠栗・久山広域ファミリー・サポート・センター	https://www.town.hisayama.fukuoka.jp/soshiki/fukushi/gyomu/kosodate_shisetsu/433.html	篠栗・久山広域ファミリー・サポート・センター／久山町 スマートフォン版を表示 本文へ くらし・行政トップ くらし・手続き 医療・健康・ 福祉 子育て・教育 観光・文化・ スポーツ しごと・産業 行政情報 Select Language 組織から探す くらし・行政トップページ 久山町公式トップページ くらし・手続き 医療・健康・福祉 子育て・教育 観光・文化・スポーツ しごと・産業 行政情報 文字サイズ 背景色変更 メニューを閉じる Select Language 組織から探す くらし・行政トップページ 久山町公式トップページ くらし・手続き 医療・健康 ・福祉 子育て・教育 観光・文化・ スポーツ しごと・産業 行政情報 文字サイズ 背景色変更 PCサイトを表示 メニューを閉じる 現在の位置 ホーム 組織から探
久山町	15	地域包括支援センター	https://www.town.hisayama.fukuoka.jp/gyosei/iryo_kenko_fukushi/kourei_fukushi_kaigo/chiikihokatsu_center/1924.html	地域包括支援センター／久山町 スマートフォン版を表示 本文へ くらし・行政トップ くらし・手続き 医療・健康・ 福祉 子育て・教育 観光・文化・ スポーツ しごと・産業 行政情報 Select Language 組織から探す くらし・行政トップページ 久山町公式トップページ くらし・手続き 医療・健康・福祉 子育て・教育 観光・文化・スポーツ しごと・産業 行政情報 文字サイズ 背景色変更 メニューを閉じる Select Language 組織から探す くらし・行政トップページ 久山町公式トップページ くらし・手続き 医療・健康 ・福祉 子育て・教育 観光・文化・ スポーツ しごと・産業 行政情報 文字サイズ 背景色変更 PCサイトを表示 メニューを閉じる 現在の位置 ホーム くらし・行政 医療・健康・福祉 高
久山町	15	障がい者手帳をお持ちの方への優遇措置	https://www.town.hisayama.fukuoka.jp/soshiki/fukushi/gyomu/shogai_fukushi/2481.html	障がい者手帳をお持ちの方への優遇措置／久山町 スマートフォン版を表示 本文へ くらし・行政トップ くらし・手続き 医療・健康・ 福祉 子育て・教育 観光・文化・ スポーツ しごと・産業 行政情報 Select Language 組織から探す くらし・行政トップページ 久山町公式トップページ くらし・手続き 医療・健康・福祉 子育て・教育 観光・文化・スポーツ しごと・産業 行政情報 文字サイズ 背景色変更 メニューを閉じる Select Language 組織から探す くらし・行政トップページ 久山町公式トップページ くらし・手続き 医療・健康 ・福祉 子育て・教育 観光・文化・ スポーツ しごと・産業 行政情報 文字サイズ 背景色変更 PCサイトを表示 メニューを閉じる 現在の位置 ホーム 組織から探す 福祉
久山町	14	妊娠・出産	https://www.town.hisayama.fukuoka.jp/gyosei/kurashi_menu/ninshin_shussan/2269.html	妊娠・出産／久山町 スマートフォン版を表示 本文へ くらし・行政トップ くらし・手続き 医療・健康・ 福祉 子育て・教育 観光・文化・ スポーツ しごと・産業 行政情報 Select Language 組織から探す くらし・行政トップページ 久山町公式トップページ くらし・手続き 医療・健康・福祉 子育て・教育 観光・文化・スポーツ しごと・産業 行政情報 文字サイズ 背景色変更 メニューを閉じる Select Language 組織から探す くらし・行政トップページ 久山町公式トップページ くらし・手続き 医療・健康 ・福祉 子育て・教育 観光・文化・ スポーツ しごと・産業 行政情報 文字サイズ 背景色変更 PCサイトを表示 メニューを閉じる 現在の位置 ホーム くらし・行政 くらしのメニュー 妊娠・出産・
久山町	13	国民年金の相談について	https://www.town.hisayama.fukuoka.jp/gyosei/iryo_kenko_fukushi/kokumin_nenkin/1796.html	国民年金の相談について／久山町 スマートフォン版を表示 本文へ くらし・行政トップ くらし・手続き 医療・健康・ 福祉 子育て・教育 観光・文化・ スポーツ しごと・産業 行政情報 Select Language 組織から探す くらし・行政トップページ 久山町公式トップページ くらし・手続き 医療・健康・福祉 子育て・教育 観光・文化・スポーツ しごと・産業 行政情報 文字サイズ 背景色変更 メニューを閉じる Select Language 組織から探す くらし・行政トップページ 久山町公式トップページ くらし・手続き 医療・健康 ・福祉 子育て・教育 観光・文化・ スポーツ しごと・産業 行政情報 文字サイズ 背景色変更 PCサイトを表示 メニューを閉じる 現在の位置 ホーム くらし・行政 医療・健康・福祉
久山町	13	政策・計画	https://www.town.hisayama.fukuoka.jp/gyosei/shigoto_sangyo/seisaku_keikaku/2594.html	政策・計画／久山町 スマートフォン版を表示 本文へ くらし・行政トップ くらし・手続き 医療・健康・ 福祉 子育て・教育 観光・文化・ スポーツ しごと・産業 行政情報 Select Language 組織から探す くらし・行政トップページ 久山町公式トップページ くらし・手続き 医療・健康・福祉 子育て・教育 観光・文化・スポーツ しごと・産業 行政情報 文字サイズ 背景色変更 メニューを閉じる Select Language 組織から探す くらし・行政トップページ 久山町公式トップページ くらし・手続き 医療・健康 ・福祉 子育て・教育 観光・文化・ スポーツ しごと・産業 行政情報 文字サイズ 背景色変更 PCサイトを表示 メニューを閉じる 現在の位置 ホーム くらし・行政 しごと・産業 政策・計画 政策
久山町	13	子育て支援事業	https://www.town.hisayama.fukuoka.jp/soshiki/fukushi/gyomu/kosodate_shisetsu/index.html	子育て支援事業／久山町 スマートフォン版を表示 本文へ くらし・行政トップ くらし・手続き 医療・健康・ 福祉 子育て・教育 観光・文化・ スポーツ しごと・産業 行政情報 Select Language 組織から探す くらし・行政トップページ 久山町公式トップページ くらし・手続き 医療・健康・福祉 子育て・教育 観光・文化・スポーツ しごと・産業 行政情報 文字サイズ 背景色変更 メニューを閉じる Select Language 組織から探す くらし・行政トップページ 久山町公式トップページ くらし・手続き 医療・健康 ・福祉 子育て・教育 観光・文化・ スポーツ しごと・産業 行政情報 文字サイズ 背景色変更 PCサイトを表示 メニューを閉じる 現在の位置 ホーム 組織から探す 福祉課 業務案内 子育て支
久山町	13	子育て支援情報	https://www.town.hisayama.fukuoka.jp/gyosei/kosodate_kyoiku/kosodate_shiennzigyou/3376.html	子育て支援情報／久山町 スマートフォン版を表示 本文へ くらし・行政トップ くらし・手続き 医療・健康・ 福祉 子育て・教育 観光・文化・ スポーツ しごと・産業 行政情報 Select Language 組織から探す くらし・行政トップページ 久山町公式トップページ くらし・手続き 医療・健康・福祉 子育て・教育 観光・文化・スポーツ しごと・産業 行政情報 文字サイズ 背景色変更 メニューを閉じる Select Language 組織から探す くらし・行政トップページ 久山町公式トップページ くらし・手続き 医療・健康 ・福祉 子育て・教育 観光・文化・ スポーツ しごと・産業 行政情報 文字サイズ 背景色変更 PCサイトを表示 メニューを閉じる 現在の位置 ホーム くらし・行政 子育て・教育 子育て支援事
久山町	13	国民年金の保険料	https://www.town.hisayama.fukuoka.jp/soshiki/chomin_seikatsu/gyomu/kokumin_nenkin/530.html	国民年金の保険料／久山町 スマートフォン版を表示 本文へ くらし・行政トップ くらし・手続き 医療・健康・ 福祉 子育て・教育 観光・文化・ スポーツ しごと・産業 行政情報 Select Language 組織から探す くらし・行政トップページ 久山町公式トップページ くらし・手続き 医療・健康・福祉 子育て・教育 観光・文化・スポーツ しごと・産業 行政情報 文字サイズ 背景色変更 メニューを閉じる Select Language 組織から探す くらし・行政トップページ 久山町公式トップページ くらし・手続き 医療・健康 ・福祉 子育て・教育 観光・文化・ スポーツ しごと・産業 行政情報 文字サイズ 背景色変更 PCサイトを表示 メニューを閉じる 現在の位置 ホーム 組織から探す 町民生活課 業務案内 国
久山町	13	申請書ダウンロード(税金)	https://www.town.hisayama.fukuoka.jp/gyosei/kurashi/shinsei_dl/2076.html	申請書ダウンロード(税金)／久山町 スマートフォン版を表示 本文へ くらし・行政トップ くらし・手続き 医療・健康・ 福祉 子育て・教育 観光・文化・ スポーツ しごと・産業 行政情報 Select Language 組織から探す くらし・行政トップページ 久山町公式トップページ くらし・手続き 医療・健康・福祉 子育て・教育 観光・文化・スポーツ しごと・産業 行政情報 文字サイズ 背景色変更 メニューを閉じる Select Language 組織から探す くらし・行政トップページ 久山町公式トップページ くらし・手続き 医療・健康 ・福祉 子育て・教育 観光・文化・ スポーツ しごと・産業 行政情報 文字サイズ 背景色変更 PCサイトを表示 メニューを閉じる 現在の位置 ホーム くらし・行政 くらし・手続き
久山町	13	補助金・助成金	https://www.town.hisayama.fukuoka.jp/gyosei/shigoto_sangyo/sangyo_shinko/kigyo_shien/hojo_josei/index.html	補助金・助成金／久山町 スマートフォン版を表示 本文へ くらし・行政トップ くらし・手続き 医療・健康・ 福祉 子育て・教育 観光・文化・ スポーツ しごと・産業 行政情報 Select Language 組織から探す くらし・行政トップページ 久山町公式トップページ くらし・手続き 医療・健康・福祉 子育て・教育 観光・文化・スポーツ しごと・産業 行政情報 文字サイズ 背景色変更 メニューを閉じる Select Language 組織から探す くらし・行政トップページ 久山町公式トップページ くらし・手続き 医療・健康 ・福祉 子育て・教育 観光・文化・ スポーツ しごと・産業 行政情報 文字サイズ 背景色変更 PCサイトを表示 メニューを閉じる 現在の位置 ホーム くらし・行政 しごと・産業 産業振興 中
久山町	13	生産性向上特別措置法に基づく先端設備等導入計画の申請	https://www.town.hisayama.fukuoka.jp/gyosei/shigoto_sangyo/sangyo_shinko/kigyo_shien/1903.html	生産性向上特別措置法に基づく先端設備等導入計画の申請／久山町 スマートフォン版を表示 本文へ くらし・行政トップ くらし・手続き 医療・健康・ 福祉 子育て・教育 観光・文化・ スポーツ しごと・産業 行政情報 Select Language 組織から探す くらし・行政トップページ 久山町公式トップページ くらし・手続き 医療・健康・福祉 子育て・教育 観光・文化・スポーツ しごと・産業 行政情報 文字サイズ 背景色変更 メニューを閉じる Select Language 組織から探す くらし・行政トップページ 久山町公式トップページ くらし・手続き 医療・健康 ・福祉 子育て・教育 観光・文化・ スポーツ しごと・産業 行政情報 文字サイズ 背景色変更 PCサイトを表示 メニューを閉じる 現在の位置 ホーム く
久山町	13	地域活動支援センターの利用	https://www.town.hisayama.fukuoka.jp/soshiki/fukushi/gyomu/shogai_fukushi/2332.html	地域活動支援センターの利用／久山町 スマートフォン版を表示 本文へ くらし・行政トップ くらし・手続き 医療・健康・ 福祉 子育て・教育 観光・文化・ スポーツ しごと・産業 行政情報 Select Language 組織から探す くらし・行政トップページ 久山町公式トップページ くらし・手続き 医療・健康・福祉 子育て・教育 観光・文化・スポーツ しごと・産業 行政情報 文字サイズ 背景色変更 メニューを閉じる Select Language 組織から探す くらし・行政トップページ 久山町公式トップページ くらし・手続き 医療・健康 ・福祉 子育て・教育 観光・文化・ スポーツ しごと・産業 行政情報 文字サイズ 背景色変更 PCサイトを表示 メニューを閉じる 現在の位置 ホーム 組織から探す 福祉課 業務案
久山町	12	申請書ダウンロード(福祉)	https://www.town.hisayama.fukuoka.jp/soshiki/fukushi/shinsei_dl/346.html	申請書ダウンロード(福祉)／久山町 スマートフォン版を表示 本文へ くらし・行政トップ くらし・手続き 医療・健康・ 福祉 子育て・教育 観光・文化・ スポーツ しごと・産業 行政情報 Select Language 組織から探す くらし・行政トップページ 久山町公式トップページ くらし・手続き 医療・健康・福祉 子育て・教育 観光・文化・スポーツ しごと・産業 行政情報 文字サイズ 背景色変更 メニューを閉じる Select Language 組織から探す くらし・行政トップページ 久山町公式トップページ くらし・手続き 医療・健康 ・福祉 子育て・教育 観光・文化・ スポーツ しごと・産業 行政情報 文字サイズ 背景色変更 PCサイトを表示 メニューを閉じる 現在の位置 ホーム 組織から探す 福祉課 申請書
久山町	12	自立支援医療	https://www.town.hisayama.fukuoka.jp/gyosei/iryo_kenko_fukushi/shogai_fukushi/iryou/3108.html	自立支援医療／久山町 スマートフォン版を表示 本文へ くらし・行政トップ くらし・手続き 医療・健康・ 福祉 子育て・教育 観光・文化・ スポーツ しごと・産業 行政情報 Select Language 組織から探す くらし・行政トップページ 久山町公式トップページ くらし・手続き 医療・健康・福祉 子育て・教育 観光・文化・スポーツ しごと・産業 行政情報 文字サイズ 背景色変更 メニューを閉じる Select Language 組織から探す くらし・行政トップページ 久山町公式トップページ くらし・手続き 医療・健康 ・福祉 子育て・教育 観光・文化・ スポーツ しごと・産業 行政情報 文字サイズ 背景色変更 PCサイトを表示 メニューを閉じる 現在の位置 ホーム くらし・行政 医療・健康・福祉 障がい福祉
久山町	12	国民年金のしくみ	https://www.town.hisayama.fukuoka.jp/soshiki/chomin_seikatsu/gyomu/kokumin_nenkin/525.html	国民年金のしくみ／久山町 スマートフォン版を表示 本文へ くらし・行政トップ くらし・手続き 医療・健康・ 福祉 子育て・教育 観光・文化・ スポーツ しごと・産業 行政情報 Select Language 組織から探す くらし・行政トップページ 久山町公式トップページ くらし・手続き 医療・健康・福祉 子育て・教育 観光・文化・スポーツ しごと・産業 行政情報 文字サイズ 背景色変更 メニューを閉じる Select Language 組織から探す くらし・行政トップページ 久山町公式トップページ くらし・手続き 医療・健康 ・福祉 子育て・教育 観光・文化・ スポーツ しごと・産業 行政情報 文字サイズ 背景色変更 PCサイトを表示 メニューを閉じる 現在の位置 ホーム 組織から探す 町民生活課 業務案内 国
久山町	12	育児（未就学児）	https://www.town.hisayama.fukuoka.jp/gyosei/kurashi_menu/ninshin_shussan/2172.html	育児（未就学児）／久山町 スマートフォン版を表示 本文へ くらし・行政トップ くらし・手続き 医療・健康・ 福祉 子育て・教育 観光・文化・ スポーツ しごと・産業 行政情報 Select Language 組織から探す くらし・行政トップページ 久山町公式トップページ くらし・手続き 医療・健康・福祉 子育て・教育 観光・文化・スポーツ しごと・産業 行政情報 文字サイズ 背景色変更 メニューを閉じる Select Language 組織から探す くらし・行政トップページ 久山町公式トップページ くらし・手続き 医療・健康 ・福祉 子育て・教育 観光・文化・ スポーツ しごと・産業 行政情報 文字サイズ 背景色変更 PCサイトを表示 メニューを閉じる 現在の位置 ホーム くらし・行政 くらしのメニュー 妊娠・
久山町	12	心身障がい者扶養共済制度支給申請	https://www.town.hisayama.fukuoka.jp/soshiki/fukushi/gyomu/shogai_fukushi/2343.html	心身障がい者扶養共済制度支給申請／久山町 スマートフォン版を表示 本文へ くらし・行政トップ くらし・手続き 医療・健康・ 福祉 子育て・教育 観光・文化・ スポーツ しごと・産業 行政情報 Select Language 組織から探す くらし・行政トップページ 久山町公式トップページ くらし・手続き 医療・健康・福祉 子育て・教育 観光・文化・スポーツ しごと・産業 行政情報 文字サイズ 背景色変更 メニューを閉じる Select Language 組織から探す くらし・行政トップページ 久山町公式トップページ くらし・手続き 医療・健康 ・福祉 子育て・教育 観光・文化・ スポーツ しごと・産業 行政情報 文字サイズ 背景色変更 PCサイトを表示 メニューを閉じる 現在の位置 ホーム 組織から探す 福祉課
志免町	26	新生児聴覚検査のお知らせ	https://www.town.shime.lg.jp/site/kouhou/sinnseijityoukakukennsa.html	新生児聴覚検査のお知らせ - 志免町ホームページ ページの先頭です。 メニューを飛ばして本文へ メニュー パソコン表示 スマートフォン表示 背景色 白 黒 青 文字サイズ 標準 拡大 サイトマップ はじめての方へ Multilingual（English・中文・&#54620;&#44544;） 分類でさがす 組織でさがす 目的でさがす カレンダーでさがす Googleカスタム検索 志免町で暮らす 志免町で働く 志免町を知る 企業・事業者の方 トップページ 分類でさがす 志免町で暮らす ライフステージ 妊娠・出産 > 広報しめまち 新生児聴覚検査のお知らせ 広報しめまち バックナンバー 2014年8月号以降 特集 2026年6月号 2026年5月号 2026年4月号 2026年3月号 2026年2月号 特集の一
志免町	26	特別障害者手当について	https://www.town.shime.lg.jp/site/kouhou/tokubetsushoushogaishateate-r7.html	特別障害者手当について - 志免町ホームページ ページの先頭です。 メニューを飛ばして本文へ メニュー パソコン表示 スマートフォン表示 背景色 白 黒 青 文字サイズ 標準 拡大 サイトマップ はじめての方へ Multilingual（English・中文・&#54620;&#44544;） 分類でさがす 組織でさがす 目的でさがす カレンダーでさがす Googleカスタム検索 志免町で暮らす 志免町で働く 志免町を知る 企業・事業者の方 トップページ 広報しめまち 特別障害者手当について 広報しめまち バックナンバー 2014年8月号以降 特集 2026年6月号 2026年5月号 2026年4月号 2026年3月号 2026年2月号 特集の一覧を見る カレンダー 2026年6月号 2026年5月号 2026
志免町	26	志免町子ども未来プラン 第2期子ども・子育て支援事業計画（案）についてのパブリックコメント実施結果	https://www.town.shime.lg.jp/site/pubcomment/kodomo-mirai-plan-iken.html	志免町子ども未来プラン 第2期子ども・子育て支援事業計画（案）についてのパブリックコメント実施結果 - 志免町ホームページ ページの先頭です。 メニューを飛ばして本文へ メニュー パソコン表示 スマートフォン表示 背景色 白 黒 青 文字サイズ 標準 拡大 サイトマップ はじめての方へ Multilingual（English・中文・&#54620;&#44544;） 分類でさがす 組織でさがす 目的でさがす カレンダーでさがす Googleカスタム検索 志免町で暮らす 志免町で働く 志免町を知る 企業・事業者の方 トップページ 分類でさがす 志免町で暮らす ライフステージ 子ども・子育て > パブリック・コメント 志免町子ども未来プラン 第2期子ども・子育て支援事業計画（案）についてのパブリックコメント実施結
志免町	26	集団資源回収奨励補助金制度のご案内	https://www.town.shime.lg.jp/site/zerocarboncityshime/syuudannsigennkaisyuu.html	集団資源回収奨励補助金制度のご案内 - 志免町ホームページ ページの先頭です。 メニューを飛ばして本文へ メニュー パソコン表示 スマートフォン表示 背景色 白 黒 青 文字サイズ 標準 拡大 サイトマップ はじめての方へ Multilingual（English・中文・&#54620;&#44544;） 分類でさがす 組織でさがす 目的でさがす カレンダーでさがす Googleカスタム検索 志免町で暮らす 志免町で働く 志免町を知る 企業・事業者の方 トップページ 分類でさがす 志免町で暮らす ライフステージ ごみの出し方 > 脱炭素ポータルサイト 集団資源回収奨励補助金制度のご案内 脱炭素ポータルサイト 脱炭素に関するお知らせ 志免町からのお知らせ 福岡県からのお知らせ 国からのお知らせ 脱炭素に関する普及
志免町	26	「福岡県脱炭素経営はじめの一歩。応援プログラム」のご案内	https://www.town.shime.lg.jp/site/zerocarboncityshime/datsutanso-seminar.html	「福岡県脱炭素経営はじめの一歩。応援プログラム」のご案内 - 志免町ホームページ ページの先頭です。 メニューを飛ばして本文へ メニュー パソコン表示 スマートフォン表示 背景色 白 黒 青 文字サイズ 標準 拡大 サイトマップ はじめての方へ Multilingual（English・中文・&#54620;&#44544;） 分類でさがす 組織でさがす 目的でさがす カレンダーでさがす Googleカスタム検索 志免町で暮らす 志免町で働く 志免町を知る 企業・事業者の方 トップページ 分類でさがす 志免町からのおしらせ おしらせ 募集 > 脱炭素ポータルサイト 「福岡県脱炭素経営はじめの一歩。応援プログラム」のご案内 脱炭素ポータルサイト 脱炭素に関するお知らせ 志免町からのお知らせ 福岡県からのお知らせ
志免町	26	生ごみ処理容器設置費用の補助	https://www.town.shime.lg.jp/site/zerocarboncityshime/namagomisyoriyoukihettihinohojo.html	生ごみ処理容器設置費用の補助 - 志免町ホームページ ページの先頭です。 メニューを飛ばして本文へ メニュー パソコン表示 スマートフォン表示 背景色 白 黒 青 文字サイズ 標準 拡大 サイトマップ はじめての方へ Multilingual（English・中文・&#54620;&#44544;） 分類でさがす 組織でさがす 目的でさがす カレンダーでさがす Googleカスタム検索 志免町で暮らす 志免町で働く 志免町を知る 企業・事業者の方 トップページ 分類でさがす 志免町で暮らす ライフステージ 生活環境 > 脱炭素ポータルサイト 生ごみ処理容器設置費用の補助 脱炭素ポータルサイト 脱炭素に関するお知らせ 志免町からのお知らせ 福岡県からのお知らせ 国からのお知らせ 脱炭素に関する普及啓発動画 ゼロカ
志免町	24	空き家対策	https://www.town.shime.lg.jp/site/shimeakiya/index-2.html	空き家対策 - 志免町ホームページ ページの先頭です。 メニューを飛ばして本文へ メニュー パソコン表示 スマートフォン表示 背景色 白 黒 青 文字サイズ 標準 拡大 サイトマップ はじめての方へ Multilingual（English・中文・&#54620;&#44544;） 分類でさがす 組織でさがす 目的でさがす カレンダーでさがす Googleカスタム検索 志免町で暮らす 志免町で働く 志免町を知る 企業・事業者の方 トップページ 分類でさがす 志免町からのおしらせ おしらせ おしらせ > 空き家対策 空き家対策 お知らせ お知らせ イエカツ 相続手続き 空き家の活用 3,000万特別控除 老朽危険空き家除却費補助金 老朽空き家除却後の土地に対する固定資産税の減免 空家等所有者等情報の提供 空家等対
志免町	24	志免町学童保育所	https://www.town.shime.lg.jp/site/gakudou-annnai/	志免町学童保育所 - 志免町ホームページ ページの先頭です。 メニューを飛ばして本文へ メニュー パソコン表示 スマートフォン表示 背景色 白 黒 青 文字サイズ 標準 拡大 サイトマップ はじめての方へ Multilingual（English・中文・&#54620;&#44544;） 分類でさがす 組織でさがす 目的でさがす カレンダーでさがす Googleカスタム検索 志免町で暮らす 志免町で働く 志免町を知る 企業・事業者の方 トップページ 分類でさがす 志免町で暮らす ライフステージ 子ども・子育て > 志免町学童保育所のご案内 志免町学童保育所のご案内 学童保育所 利用申込（随時） 本文 志免町学童保育所 印刷用ページを表示する 掲載日：2021年5月7日更新 新着情報 現在、掲載されている情報はあ
志免町	22	空き家対策	https://www.town.shime.lg.jp/site/shimeakiya/	空き家対策 - 志免町ホームページ ページの先頭です。 メニューを飛ばして本文へ メニュー パソコン表示 スマートフォン表示 背景色 白 黒 青 文字サイズ 標準 拡大 サイトマップ はじめての方へ Multilingual（English・中文・&#54620;&#44544;） 分類でさがす 組織でさがす 目的でさがす カレンダーでさがす Googleカスタム検索 志免町で暮らす 志免町で働く 志免町を知る 企業・事業者の方 トップページ 分類でさがす 志免町からのおしらせ おしらせ おしらせ > 空き家対策 空き家対策 お知らせ お知らせ イエカツ 相続手続き 空き家の活用 3,000万特別控除 老朽危険空き家除却費補助金 老朽空き家除却後の土地に対する固定資産税の減免 空家等所有者等情報の提供 空家等対
志免町	21	志免町骨髄等移植ドナー助成金を交付します	https://www.town.shime.lg.jp/soshiki/6/shime-kotsuzuidonor-josei.html	志免町骨髄等移植ドナー助成金を交付します - 志免町ホームページ ページの先頭です。 メニューを飛ばして本文へ メニュー パソコン表示 スマートフォン表示 背景色 白 黒 青 文字サイズ 標準 拡大 サイトマップ はじめての方へ Multilingual（English・中文・&#54620;&#44544;） 分類でさがす 組織でさがす 目的でさがす カレンダーでさがす Googleカスタム検索 志免町で暮らす 志免町で働く 志免町を知る 企業・事業者の方 トップページ 分類でさがす 志免町で暮らす ライフステージ 医療と健康 > 志免町骨髄等移植ドナー助成金を交付します 本文 志免町骨髄等移植ドナー助成金を交付します 印刷用ページを表示する 掲載日：2023年4月1日更新 Tweet ＜外部リンク＞ 骨髄等
志免町	21	ライフステージ	https://www.town.shime.lg.jp/life/sub/6/1/	ライフステージ - 志免町ホームページ ページの先頭です。 メニューを飛ばして本文へ メニュー パソコン表示 スマートフォン表示 背景色 白 黒 青 文字サイズ 標準 拡大 サイトマップ はじめての方へ Multilingual（English・中文・&#54620;&#44544;） 分類でさがす 組織でさがす 目的でさがす カレンダーでさがす Googleカスタム検索 志免町で暮らす 志免町で働く 志免町を知る 企業・事業者の方 トップページ 助成・手当など ライフステージ 本文 ライフステージ 結婚・離婚・ご不幸 2026年4月1日更新 ひとり親家庭等医療制度 （ 住民課 ） 結婚・離婚・ご不幸の情報を全て見る 妊娠・出産 2023年6月8日更新 特定の不妊治療・不育症検査で費用の一部助成があります（福岡
志免町	21	未熟児養育医療について	https://www.town.shime.lg.jp/soshiki/4/mijukuji.html	未熟児養育医療について - 志免町ホームページ ページの先頭です。 メニューを飛ばして本文へ メニュー パソコン表示 スマートフォン表示 背景色 白 黒 青 文字サイズ 標準 拡大 サイトマップ はじめての方へ Multilingual（English・中文・&#54620;&#44544;） 分類でさがす 組織でさがす 目的でさがす カレンダーでさがす Googleカスタム検索 志免町で暮らす 志免町で働く 志免町を知る 企業・事業者の方 トップページ 分類でさがす 志免町で暮らす ライフステージ 保険・年金 > 未熟児養育医療について トップページ 分類でさがす 志免町で暮らす ライフステージ 妊娠・出産 > 未熟児養育医療について トップページ 分類でさがす 志免町で暮らす ライフステージ 医療と健康 >
志免町	21	国民健康保険 ～受けられる給付～	https://www.town.shime.lg.jp/soshiki/4/hokenkyufu.html	国民健康保険 ～受けられる給付～ - 志免町ホームページ ページの先頭です。 メニューを飛ばして本文へ メニュー パソコン表示 スマートフォン表示 背景色 白 黒 青 文字サイズ 標準 拡大 サイトマップ はじめての方へ Multilingual（English・中文・&#54620;&#44544;） 分類でさがす 組織でさがす 目的でさがす カレンダーでさがす Googleカスタム検索 志免町で暮らす 志免町で働く 志免町を知る 企業・事業者の方 トップページ 分類でさがす 志免町で暮らす ライフステージ 保険・年金 > 国民健康保険 ～受けられる給付～ トップページ 分類でさがす 志免町で暮らす ライフステージ 妊娠・出産 > 国民健康保険 ～受けられる給付～ トップページ 分類でさがす 志免町で暮らす
志免町	21	特定の不妊治療・不育症検査で費用の一部助成があります（福岡県）	https://www.town.shime.lg.jp/soshiki/7/hukuokaken-huikusyou-kensahiyou-jyosei.html	特定の不妊治療・不育症検査で費用の一部助成があります（福岡県） - 志免町ホームページ ページの先頭です。 メニューを飛ばして本文へ メニュー パソコン表示 スマートフォン表示 背景色 白 黒 青 文字サイズ 標準 拡大 サイトマップ はじめての方へ Multilingual（English・中文・&#54620;&#44544;） 分類でさがす 組織でさがす 目的でさがす カレンダーでさがす Googleカスタム検索 志免町で暮らす 志免町で働く 志免町を知る 企業・事業者の方 トップページ 分類でさがす 志免町で暮らす ライフステージ 妊娠・出産 > 特定の不妊治療・不育症検査で費用の一部助成があります（福岡県） 本文 特定の不妊治療・不育症検査で費用の一部助成があります（福岡県） 印刷用ページを表示する
志免町	21	里帰り先などで妊婦健診の費用を自己負担したときは・・・	https://www.town.shime.lg.jp/soshiki/7/ninpu-kensin-satogaeri-syoukanbarai.html	里帰り先などで妊婦健診の費用を自己負担したときは・・・ - 志免町ホームページ ページの先頭です。 メニューを飛ばして本文へ メニュー パソコン表示 スマートフォン表示 背景色 白 黒 青 文字サイズ 標準 拡大 サイトマップ はじめての方へ Multilingual（English・中文・&#54620;&#44544;） 分類でさがす 組織でさがす 目的でさがす カレンダーでさがす Googleカスタム検索 志免町で暮らす 志免町で働く 志免町を知る 企業・事業者の方 トップページ 分類でさがす 志免町で暮らす ライフステージ 妊娠・出産 > 里帰り先などで妊婦健診の費用を自己負担したときは・・・ 本文 里帰り先などで妊婦健診の費用を自己負担したときは・・・ 印刷用ページを表示する 掲載日：2022年4月1
志免町	21	重度障がい者医療制度	https://www.town.shime.lg.jp/soshiki/4/kouhi-shougaisha.html	重度障がい者医療制度 - 志免町ホームページ ページの先頭です。 メニューを飛ばして本文へ メニュー パソコン表示 スマートフォン表示 背景色 白 黒 青 文字サイズ 標準 拡大 サイトマップ はじめての方へ Multilingual（English・中文・&#54620;&#44544;） 分類でさがす 組織でさがす 目的でさがす カレンダーでさがす Googleカスタム検索 志免町で暮らす 志免町で働く 志免町を知る 企業・事業者の方 トップページ 分類でさがす 志免町で暮らす ライフステージ 医療と健康 > 重度障がい者医療制度 トップページ 分類でさがす 志免町で暮らす ライフステージ 保険・年金 > 重度障がい者医療制度 本文 重度障がい者医療制度 印刷用ページを表示する 掲載日：2026年4月1日更
志免町	21	ひとり親家庭等医療制度	https://www.town.shime.lg.jp/soshiki/4/hitorioya.html	ひとり親家庭等医療制度 - 志免町ホームページ ページの先頭です。 メニューを飛ばして本文へ メニュー パソコン表示 スマートフォン表示 背景色 白 黒 青 文字サイズ 標準 拡大 サイトマップ はじめての方へ Multilingual（English・中文・&#54620;&#44544;） 分類でさがす 組織でさがす 目的でさがす カレンダーでさがす Googleカスタム検索 志免町で暮らす 志免町で働く 志免町を知る 企業・事業者の方 トップページ 分類でさがす 志免町で暮らす ライフステージ 医療と健康 > ひとり親家庭等医療制度 トップページ 分類でさがす 志免町で暮らす ライフステージ 結婚・離婚・ご不幸 > ひとり親家庭等医療制度 トップページ 分類でさがす 志免町で暮らす ライフステージ 保険・
志免町	21	子ども医療制度	https://www.town.shime.lg.jp/soshiki/4/kodomoiryo.html	子ども医療制度 - 志免町ホームページ ページの先頭です。 メニューを飛ばして本文へ メニュー パソコン表示 スマートフォン表示 背景色 白 黒 青 文字サイズ 標準 拡大 サイトマップ はじめての方へ Multilingual（English・中文・&#54620;&#44544;） 分類でさがす 組織でさがす 目的でさがす カレンダーでさがす Googleカスタム検索 志免町で暮らす 志免町で働く 志免町を知る 企業・事業者の方 トップページ 分類でさがす 志免町で暮らす ライフステージ 子ども・子育て > 子ども医療制度 トップページ 分類でさがす 志免町で暮らす ライフステージ 医療と健康 > 子ども医療制度 本文 子ども医療制度 印刷用ページを表示する 掲載日：2026年4月1日更新 Tweet ＜外
志免町	21	児童扶養手当と障害基礎年金等の併給調整ができるようになります	https://www.town.shime.lg.jp/soshiki/4/zidoufuyouteate.html	児童扶養手当と障害基礎年金等の併給調整ができるようになります - 志免町ホームページ ページの先頭です。 メニューを飛ばして本文へ メニュー パソコン表示 スマートフォン表示 背景色 白 黒 青 文字サイズ 標準 拡大 サイトマップ はじめての方へ Multilingual（English・中文・&#54620;&#44544;） 分類でさがす 組織でさがす 目的でさがす カレンダーでさがす Googleカスタム検索 志免町で暮らす 志免町で働く 志免町を知る 企業・事業者の方 トップページ 組織でさがす 住民課 児童扶養手当と障害基礎年金等の併給調整ができるようになります 本文 児童扶養手当と障害基礎年金等の併給調整ができるようになります 印刷用ページを表示する 掲載日：2021年2月17日更新 Tweet
志免町	21	国民健康保険 ～保険税を納めなかったとき～	https://www.town.shime.lg.jp/soshiki/4/kokuhozeitainou.html	国民健康保険 ～保険税を納めなかったとき～ - 志免町ホームページ ページの先頭です。 メニューを飛ばして本文へ メニュー パソコン表示 スマートフォン表示 背景色 白 黒 青 文字サイズ 標準 拡大 サイトマップ はじめての方へ Multilingual（English・中文・&#54620;&#44544;） 分類でさがす 組織でさがす 目的でさがす カレンダーでさがす Googleカスタム検索 志免町で暮らす 志免町で働く 志免町を知る 企業・事業者の方 トップページ 分類でさがす 志免町で暮らす ライフステージ 保険・年金 > 国民健康保険 ～保険税を納めなかったとき～ トップページ 分類でさがす 志免町で暮らす ライフステージ 医療と健康 > 国民健康保険 ～保険税を納めなかったとき～ 本文 国民健康
志免町	21	補聴助成制度について	https://www.town.shime.lg.jp/site/goiken/hotyouki.html	補聴助成制度について - 志免町ホームページ ページの先頭です。 メニューを飛ばして本文へ メニュー パソコン表示 スマートフォン表示 背景色 白 黒 青 文字サイズ 標準 拡大 サイトマップ はじめての方へ Multilingual（English・中文・&#54620;&#44544;） 分類でさがす 組織でさがす 目的でさがす カレンダーでさがす Googleカスタム検索 志免町で暮らす 志免町で働く 志免町を知る 企業・事業者の方 トップページ ご意見箱 補聴助成制度について ご意見箱 ご意見・回答 引越しと住まい 結婚・離婚・ご不幸 妊娠・出産 子ども・子育て 保育園 学校教育 医療と健康 福祉・介護 税・保険・社会保障 生活環境 ごみの出し方 防災・防犯 交通安全 都市基盤 道路・歩道 公園 のるー
志免町	21	志免町在宅人工呼吸器使用者非常用電源導入助成事業	https://www.town.shime.lg.jp/soshiki/5/jinko-kokyuki.html	志免町在宅人工呼吸器使用者非常用電源導入助成事業 - 志免町ホームページ ページの先頭です。 メニューを飛ばして本文へ メニュー パソコン表示 スマートフォン表示 背景色 白 黒 青 文字サイズ 標準 拡大 サイトマップ はじめての方へ Multilingual（English・中文・&#54620;&#44544;） 分類でさがす 組織でさがす 目的でさがす カレンダーでさがす Googleカスタム検索 志免町で暮らす 志免町で働く 志免町を知る 企業・事業者の方 トップページ 分類でさがす 志免町で暮らす ライフステージ 福祉・介護 > 志免町在宅人工呼吸器使用者非常用電源導入助成事業 本文 志免町在宅人工呼吸器使用者非常用電源導入助成事業 印刷用ページを表示する 掲載日：2026年4月1日更新 Tweet
志免町	21	補聴器補助金について	https://www.town.shime.lg.jp/site/goiken/hocyokihojokin.html	補聴器補助金について - 志免町ホームページ ページの先頭です。 メニューを飛ばして本文へ メニュー パソコン表示 スマートフォン表示 背景色 白 黒 青 文字サイズ 標準 拡大 サイトマップ はじめての方へ Multilingual（English・中文・&#54620;&#44544;） 分類でさがす 組織でさがす 目的でさがす カレンダーでさがす Googleカスタム検索 志免町で暮らす 志免町で働く 志免町を知る 企業・事業者の方 トップページ ご意見箱 補聴器補助金について ご意見箱 ご意見・回答 引越しと住まい 結婚・離婚・ご不幸 妊娠・出産 子ども・子育て 保育園 学校教育 医療と健康 福祉・介護 税・保険・社会保障 生活環境 ごみの出し方 防災・防犯 交通安全 都市基盤 道路・歩道 公園 のるー
志免町	21	医療的ケア児等在宅レスパイト事業	https://www.town.shime.lg.jp/soshiki/5/ikeaziresupite.html	医療的ケア児等在宅レスパイト事業 - 志免町ホームページ ページの先頭です。 メニューを飛ばして本文へ メニュー パソコン表示 スマートフォン表示 背景色 白 黒 青 文字サイズ 標準 拡大 サイトマップ はじめての方へ Multilingual（English・中文・&#54620;&#44544;） 分類でさがす 組織でさがす 目的でさがす カレンダーでさがす Googleカスタム検索 志免町で暮らす 志免町で働く 志免町を知る 企業・事業者の方 トップページ 分類でさがす 志免町で暮らす ライフステージ 福祉・介護 > 医療的ケア児等在宅レスパイト事業 トップページ 分類でさがす 志免町からのおしらせ おしらせ おしらせ > 医療的ケア児等在宅レスパイト事業 本文 医療的ケア児等在宅レスパイト事業 印刷用
志免町	21	小児慢性特定疾病児童等日常生活用具給付事業について	https://www.town.shime.lg.jp/soshiki/5/shoni-nisseigu-jigyou.html	小児慢性特定疾病児童等日常生活用具給付事業について - 志免町ホームページ ページの先頭です。 メニューを飛ばして本文へ メニュー パソコン表示 スマートフォン表示 背景色 白 黒 青 文字サイズ 標準 拡大 サイトマップ はじめての方へ Multilingual（English・中文・&#54620;&#44544;） 分類でさがす 組織でさがす 目的でさがす カレンダーでさがす Googleカスタム検索 志免町で暮らす 志免町で働く 志免町を知る 企業・事業者の方 トップページ 分類でさがす 志免町からのおしらせ おしらせ おしらせ > 小児慢性特定疾病児童等日常生活用具給付事業について 本文 小児慢性特定疾病児童等日常生活用具給付事業について 印刷用ページを表示する 掲載日：2020年4月10日更新 Tw
志免町	21	障がい者の公共交通機関運賃の割引等について	https://www.town.shime.lg.jp/soshiki/5/syougaisya31nendo.html	障がい者の公共交通機関運賃の割引等について - 志免町ホームページ ページの先頭です。 メニューを飛ばして本文へ メニュー パソコン表示 スマートフォン表示 背景色 白 黒 青 文字サイズ 標準 拡大 サイトマップ はじめての方へ Multilingual（English・中文・&#54620;&#44544;） 分類でさがす 組織でさがす 目的でさがす カレンダーでさがす Googleカスタム検索 志免町で暮らす 志免町で働く 志免町を知る 企業・事業者の方 トップページ 組織でさがす 福祉課 障がい者の公共交通機関運賃の割引等について 本文 障がい者の公共交通機関運賃の割引等について 印刷用ページを表示する 掲載日：2019年1月15日更新 Tweet ＜外部リンク＞ 志免町タクシー料金助成 在宅の障がい者
志免町	21	障がい者の日常生活を便利にするために	https://www.town.shime.lg.jp/soshiki/5/shogai-daily.html	障がい者の日常生活を便利にするために - 志免町ホームページ ページの先頭です。 メニューを飛ばして本文へ メニュー パソコン表示 スマートフォン表示 背景色 白 黒 青 文字サイズ 標準 拡大 サイトマップ はじめての方へ Multilingual（English・中文・&#54620;&#44544;） 分類でさがす 組織でさがす 目的でさがす カレンダーでさがす Googleカスタム検索 志免町で暮らす 志免町で働く 志免町を知る 企業・事業者の方 トップページ 組織でさがす 福祉課 障がい者の日常生活を便利にするために 本文 障がい者の日常生活を便利にするために 印刷用ページを表示する 掲載日：2016年12月26日更新 Tweet ＜外部リンク＞ 補装具の交付・修理 身体障がい者（児）、または難病患者
志免町	21	軽度・中等度難聴児の方への補聴器購入を助成します	https://www.town.shime.lg.jp/soshiki/5/nantyou.html	軽度・中等度難聴児の方への補聴器購入を助成します - 志免町ホームページ ページの先頭です。 メニューを飛ばして本文へ メニュー パソコン表示 スマートフォン表示 背景色 白 黒 青 文字サイズ 標準 拡大 サイトマップ はじめての方へ Multilingual（English・中文・&#54620;&#44544;） 分類でさがす 組織でさがす 目的でさがす カレンダーでさがす Googleカスタム検索 志免町で暮らす 志免町で働く 志免町を知る 企業・事業者の方 トップページ 組織でさがす 福祉課 軽度・中等度難聴児の方への補聴器購入を助成します 本文 軽度・中等度難聴児の方への補聴器購入を助成します 印刷用ページを表示する 掲載日：2016年12月26日更新 Tweet ＜外部リンク＞ 志免町では、福岡県
志免町	21	福岡県腎臓疾患患者福祉給付金について	https://www.town.shime.lg.jp/soshiki/5/hukuokakennjinnzoushikkkann.html	福岡県腎臓疾患患者福祉給付金について - 志免町ホームページ ページの先頭です。 メニューを飛ばして本文へ メニュー パソコン表示 スマートフォン表示 背景色 白 黒 青 文字サイズ 標準 拡大 サイトマップ はじめての方へ Multilingual（English・中文・&#54620;&#44544;） 分類でさがす 組織でさがす 目的でさがす カレンダーでさがす Googleカスタム検索 志免町で暮らす 志免町で働く 志免町を知る 企業・事業者の方 トップページ 組織でさがす 福祉課 福岡県腎臓疾患患者福祉給付金について 本文 福岡県腎臓疾患患者福祉給付金について 印刷用ページを表示する 掲載日：2016年12月26日更新 Tweet ＜外部リンク＞ 福岡県腎臓疾患患者福祉給付金について 福岡県が行う事業
志免町	21	おたふくかぜ予防接種の費用助成について	https://www.town.shime.lg.jp/soshiki/6/vaccine-subsidies02.html	おたふくかぜ予防接種の費用助成について - 志免町ホームページ ページの先頭です。 メニューを飛ばして本文へ メニュー パソコン表示 スマートフォン表示 背景色 白 黒 青 文字サイズ 標準 拡大 サイトマップ はじめての方へ Multilingual（English・中文・&#54620;&#44544;） 分類でさがす 組織でさがす 目的でさがす カレンダーでさがす Googleカスタム検索 志免町で暮らす 志免町で働く 志免町を知る 企業・事業者の方 トップページ 分類でさがす 志免町で暮らす ライフステージ 医療と健康 > おたふくかぜ予防接種の費用助成について トップページ 分類でさがす 志免町で暮らす ライフステージ 子ども・子育て > おたふくかぜ予防接種の費用助成について 本文 おたふくかぜ予防
志免町	21	風しん予防接種の費用助成について（妊娠希望者等）	https://www.town.shime.lg.jp/soshiki/6/adult-rubella-vaccination2021.html	風しん予防接種の費用助成について（妊娠希望者等） - 志免町ホームページ ページの先頭です。 メニューを飛ばして本文へ メニュー パソコン表示 スマートフォン表示 背景色 白 黒 青 文字サイズ 標準 拡大 サイトマップ はじめての方へ Multilingual（English・中文・&#54620;&#44544;） 分類でさがす 組織でさがす 目的でさがす カレンダーでさがす Googleカスタム検索 志免町で暮らす 志免町で働く 志免町を知る 企業・事業者の方 トップページ 分類でさがす 志免町で暮らす ライフステージ 医療と健康 > 風しん予防接種の費用助成について（妊娠希望者等） 本文 風しん予防接種の費用助成について（妊娠希望者等） 印刷用ページを表示する 掲載日：2024年4月10日更新 Twee
志免町	21	がん患者のアピアランスケア購入費用の助成を行います	https://www.town.shime.lg.jp/soshiki/6/shime-apiarannsukeasuisinnjigyou.html	がん患者のアピアランスケア購入費用の助成を行います - 志免町ホームページ ページの先頭です。 メニューを飛ばして本文へ メニュー パソコン表示 スマートフォン表示 背景色 白 黒 青 文字サイズ 標準 拡大 サイトマップ はじめての方へ Multilingual（English・中文・&#54620;&#44544;） 分類でさがす 組織でさがす 目的でさがす カレンダーでさがす Googleカスタム検索 志免町で暮らす 志免町で働く 志免町を知る 企業・事業者の方 トップページ 分類でさがす 志免町で暮らす ライフステージ 医療と健康 > がん患者のアピアランスケア購入費用の助成を行います トップページ 分類でさがす 志免町で暮らす ライフステージ 子ども・子育て > がん患者のアピアランスケア購入費用の助
志免町	21	小児・AYA世代がん患者への在宅療養生活支援事業のお知らせ	https://www.town.shime.lg.jp/soshiki/6/shime-syouni-ayasedai-gannkannjyazaitakuryouyouseikatushienn.html	小児・AYA世代がん患者への在宅療養生活支援事業のお知らせ - 志免町ホームページ ページの先頭です。 メニューを飛ばして本文へ メニュー パソコン表示 スマートフォン表示 背景色 白 黒 青 文字サイズ 標準 拡大 サイトマップ はじめての方へ Multilingual（English・中文・&#54620;&#44544;） 分類でさがす 組織でさがす 目的でさがす カレンダーでさがす Googleカスタム検索 志免町で暮らす 志免町で働く 志免町を知る 企業・事業者の方 トップページ 分類でさがす 志免町で暮らす ライフステージ 医療と健康 > 小児・AYA世代がん患者への在宅療養生活支援事業のお知らせ トップページ 分類でさがす 志免町で暮らす ライフステージ 子ども・子育て > 小児・AYA世代がん患
志免町	21	造血細胞移植等医療行為後の予防接種再接種費用助成のお知らせ	https://www.town.shime.lg.jp/soshiki/6/zouketsusaibouisyoku-vaccine.html	造血細胞移植等医療行為後の予防接種再接種費用助成のお知らせ - 志免町ホームページ ページの先頭です。 メニューを飛ばして本文へ メニュー パソコン表示 スマートフォン表示 背景色 白 黒 青 文字サイズ 標準 拡大 サイトマップ はじめての方へ Multilingual（English・中文・&#54620;&#44544;） 分類でさがす 組織でさがす 目的でさがす カレンダーでさがす Googleカスタム検索 志免町で暮らす 志免町で働く 志免町を知る 企業・事業者の方 トップページ 分類でさがす 志免町で暮らす ライフステージ 医療と健康 > 造血細胞移植等医療行為後の予防接種再接種費用助成のお知らせ トップページ 分類でさがす 志免町で暮らす ライフステージ 子ども・子育て > 造血細胞移植等医療行為
志免町	21	志免町内の保育園・幼稚園	https://www.town.shime.lg.jp/soshiki/7/shime-hoikusisetu.html	志免町内の保育園・幼稚園 - 志免町ホームページ ページの先頭です。 メニューを飛ばして本文へ メニュー パソコン表示 スマートフォン表示 背景色 白 黒 青 文字サイズ 標準 拡大 サイトマップ はじめての方へ Multilingual（English・中文・&#54620;&#44544;） 分類でさがす 組織でさがす 目的でさがす カレンダーでさがす Googleカスタム検索 志免町で暮らす 志免町で働く 志免町を知る 企業・事業者の方 トップページ 分類でさがす 志免町で暮らす ライフステージ 子ども・子育て > 志免町内の保育園・幼稚園 本文 志免町内の保育園・幼稚園 印刷用ページを表示する 掲載日：2026年4月23日更新 Tweet ＜外部リンク＞ 志免町の保育園・幼稚園等一覧 ここdeサーチ（保
志免町	21	無償化の手続きについて 届出保育施設等をご利用の方へ	https://www.town.shime.lg.jp/soshiki/7/todokedehoikuenn.html	無償化の手続きについて 届出保育施設等をご利用の方へ - 志免町ホームページ ページの先頭です。 メニューを飛ばして本文へ メニュー パソコン表示 スマートフォン表示 背景色 白 黒 青 文字サイズ 標準 拡大 サイトマップ はじめての方へ Multilingual（English・中文・&#54620;&#44544;） 分類でさがす 組織でさがす 目的でさがす カレンダーでさがす Googleカスタム検索 志免町で暮らす 志免町で働く 志免町を知る 企業・事業者の方 トップページ 分類でさがす 志免町で暮らす ライフステージ 子ども・子育て > 無償化の手続きについて 届出保育施設等をご利用の方へ 本文 無償化の手続きについて 届出保育施設等をご利用の方へ 印刷用ページを表示する 掲載日：2023年12月1
志免町	21	保育料3歳児無償化	https://www.town.shime.lg.jp/site/goiken/musyouka20231108.html	保育料3歳児無償化 - 志免町ホームページ ページの先頭です。 メニューを飛ばして本文へ メニュー パソコン表示 スマートフォン表示 背景色 白 黒 青 文字サイズ 標準 拡大 サイトマップ はじめての方へ Multilingual（English・中文・&#54620;&#44544;） 分類でさがす 組織でさがす 目的でさがす カレンダーでさがす Googleカスタム検索 志免町で暮らす 志免町で働く 志免町を知る 企業・事業者の方 トップページ ご意見箱 保育料3歳児無償化 ご意見箱 ご意見・回答 引越しと住まい 結婚・離婚・ご不幸 妊娠・出産 子ども・子育て 保育園 学校教育 医療と健康 福祉・介護 税・保険・社会保障 生活環境 ごみの出し方 防災・防犯 交通安全 都市基盤 道路・歩道 公園 のるーと（
志免町	21	保育施設事業者向け	https://www.town.shime.lg.jp/soshiki/7/hoikusho-kyuushokusienn.html	保育施設事業者向け - 志免町ホームページ ページの先頭です。 メニューを飛ばして本文へ メニュー パソコン表示 スマートフォン表示 背景色 白 黒 青 文字サイズ 標準 拡大 サイトマップ はじめての方へ Multilingual（English・中文・&#54620;&#44544;） 分類でさがす 組織でさがす 目的でさがす カレンダーでさがす Googleカスタム検索 志免町で暮らす 志免町で働く 志免町を知る 企業・事業者の方 トップページ 分類でさがす 志免町で暮らす ライフステージ 子ども・子育て > 保育施設事業者向け トップページ 分類でさがす 企業・事業者の方へ 手続き・申請など その他の手続きなど > 保育施設事業者向け 本文 保育施設事業者向け 印刷用ページを表示する 掲載日：2022年
志免町	21	ひとり親の方の養育費確保を支援します	https://www.town.shime.lg.jp/soshiki/7/youikuhikakuho2022.html	ひとり親の方の養育費確保を支援します - 志免町ホームページ ページの先頭です。 メニューを飛ばして本文へ メニュー パソコン表示 スマートフォン表示 背景色 白 黒 青 文字サイズ 標準 拡大 サイトマップ はじめての方へ Multilingual（English・中文・&#54620;&#44544;） 分類でさがす 組織でさがす 目的でさがす カレンダーでさがす Googleカスタム検索 志免町で暮らす 志免町で働く 志免町を知る 企業・事業者の方 トップページ 分類でさがす 志免町からのおしらせ おしらせ おしらせ > ひとり親の方の養育費確保を支援します トップページ 分類でさがす 志免町で暮らす ライフステージ 子ども・子育て > ひとり親の方の養育費確保を支援します 本文 ひとり親の方の養育費確保
志免町	21	子育て世帯訪問支援事業	https://www.town.shime.lg.jp/soshiki/7/kosodatesetaihoumonnsiennjigyou.html	子育て世帯訪問支援事業 - 志免町ホームページ ページの先頭です。 メニューを飛ばして本文へ メニュー パソコン表示 スマートフォン表示 背景色 白 黒 青 文字サイズ 標準 拡大 サイトマップ はじめての方へ Multilingual（English・中文・&#54620;&#44544;） 分類でさがす 組織でさがす 目的でさがす カレンダーでさがす Googleカスタム検索 志免町で暮らす 志免町で働く 志免町を知る 企業・事業者の方 トップページ 組織でさがす 子育て支援課 子育て世帯訪問支援事業 本文 子育て世帯訪問支援事業 印刷用ページを表示する 掲載日：2025年5月8日更新 Tweet ＜外部リンク＞ １．事業内容 家事・育児等に対して不安や負担を抱えた子育て家庭や妊産婦等がいる家庭に、志免町が
志免町	21	志免町子ども未来プラン（第2期子ども・子育て支援事業計画）	https://www.town.shime.lg.jp/soshiki/7/kodomo-mirai-plan2.html	志免町子ども未来プラン（第2期子ども・子育て支援事業計画） - 志免町ホームページ ページの先頭です。 メニューを飛ばして本文へ メニュー パソコン表示 スマートフォン表示 背景色 白 黒 青 文字サイズ 標準 拡大 サイトマップ はじめての方へ Multilingual（English・中文・&#54620;&#44544;） 分類でさがす 組織でさがす 目的でさがす カレンダーでさがす Googleカスタム検索 志免町で暮らす 志免町で働く 志免町を知る 企業・事業者の方 トップページ 分類でさがす 志免町を知る 志免町の計画 子ども子育て支援事業計画 > 志免町子ども未来プラン（第2期子ども・子育て支援事業計画） 本文 志免町子ども未来プラン（第2期子ども・子育て支援事業計画） 印刷用ページを表示する 掲
志免町	21	志免町子ども未来プラン（子ども・子育て支援事業計画）	https://www.town.shime.lg.jp/soshiki/7/kodomokosodatesiennkeikaku1.html	志免町子ども未来プラン（子ども・子育て支援事業計画） - 志免町ホームページ ページの先頭です。 メニューを飛ばして本文へ メニュー パソコン表示 スマートフォン表示 背景色 白 黒 青 文字サイズ 標準 拡大 サイトマップ はじめての方へ Multilingual（English・中文・&#54620;&#44544;） 分類でさがす 組織でさがす 目的でさがす カレンダーでさがす Googleカスタム検索 志免町で暮らす 志免町で働く 志免町を知る 企業・事業者の方 トップページ 組織でさがす 子育て支援課 志免町子ども未来プラン（子ども・子育て支援事業計画） 本文 志免町子ども未来プラン（子ども・子育て支援事業計画） 印刷用ページを表示する 掲載日：2017年7月13日更新 Tweet ＜外部リンク＞ 子
志免町	21	子育て短期支援事業（ショートステイ事業）	https://www.town.shime.lg.jp/soshiki/7/kosodatesy-tosutei.html	子育て短期支援事業（ショートステイ事業） - 志免町ホームページ ページの先頭です。 メニューを飛ばして本文へ メニュー パソコン表示 スマートフォン表示 背景色 白 黒 青 文字サイズ 標準 拡大 サイトマップ はじめての方へ Multilingual（English・中文・&#54620;&#44544;） 分類でさがす 組織でさがす 目的でさがす カレンダーでさがす Googleカスタム検索 志免町で暮らす 志免町で働く 志免町を知る 企業・事業者の方 トップページ 組織でさがす 子育て支援課 子育て短期支援事業（ショートステイ事業） 本文 子育て短期支援事業（ショートステイ事業） 印刷用ページを表示する 掲載日：2016年12月26日更新 Tweet ＜外部リンク＞ 子育て短期支援事業（ショートステイ事
志免町	21	省エネ家電購入補助金について	https://www.town.shime.lg.jp/site/goiken/shouene.html	省エネ家電購入補助金について - 志免町ホームページ ページの先頭です。 メニューを飛ばして本文へ メニュー パソコン表示 スマートフォン表示 背景色 白 黒 青 文字サイズ 標準 拡大 サイトマップ はじめての方へ Multilingual（English・中文・&#54620;&#44544;） 分類でさがす 組織でさがす 目的でさがす カレンダーでさがす Googleカスタム検索 志免町で暮らす 志免町で働く 志免町を知る 企業・事業者の方 トップページ ご意見箱 省エネ家電購入補助金について ご意見箱 ご意見・回答 引越しと住まい 結婚・離婚・ご不幸 妊娠・出産 子ども・子育て 保育園 学校教育 医療と健康 福祉・介護 税・保険・社会保障 生活環境 ごみの出し方 防災・防犯 交通安全 都市基盤 道路・歩
志免町	21	野良猫への不妊去勢手術費用を支援します	https://www.town.shime.lg.jp/soshiki/8/chiikinekosien.html	野良猫への不妊去勢手術費用を支援します - 志免町ホームページ ページの先頭です。 メニューを飛ばして本文へ メニュー パソコン表示 スマートフォン表示 背景色 白 黒 青 文字サイズ 標準 拡大 サイトマップ はじめての方へ Multilingual（English・中文・&#54620;&#44544;） 分類でさがす 組織でさがす 目的でさがす カレンダーでさがす Googleカスタム検索 志免町で暮らす 志免町で働く 志免町を知る 企業・事業者の方 トップページ 分類でさがす 志免町で暮らす ライフステージ 生活環境 > 野良猫への不妊去勢手術費用を支援します 本文 野良猫への不妊去勢手術費用を支援します 印刷用ページを表示する 掲載日：2025年1月21日更新 Tweet ＜外部リンク＞ 野良猫（飼い
志免町	21	【受付終了】住民税非課税世帯を対象とした給付金（3万円）について【物価高騰支援追加給付金】	https://www.town.shime.lg.jp/soshiki/5/3-kyufukin.html	【受付終了】住民税非課税世帯を対象とした給付金（3万円）について【物価高騰支援追加給付金】 - 志免町ホームページ ページの先頭です。 メニューを飛ばして本文へ メニュー パソコン表示 スマートフォン表示 背景色 白 黒 青 文字サイズ 標準 拡大 サイトマップ はじめての方へ Multilingual（English・中文・&#54620;&#44544;） 分類でさがす 組織でさがす 目的でさがす カレンダーでさがす Googleカスタム検索 志免町で暮らす 志免町で働く 志免町を知る 企業・事業者の方 トップページ 分類でさがす 志免町からのおしらせ おしらせ おしらせ > 【受付終了】住民税非課税世帯を対象とした給付金（3万円）について【物価高騰支援追加給付金】 本文 【受付終了】住民税非課税世帯を対象
志免町	21	【受付終了】令和6年度新たに住民税所得割が非課税となる世帯への給付金	https://www.town.shime.lg.jp/soshiki/5/new-kyufukin.html	【受付終了】令和6年度新たに住民税所得割が非課税となる世帯への給付金 - 志免町ホームページ ページの先頭です。 メニューを飛ばして本文へ メニュー パソコン表示 スマートフォン表示 背景色 白 黒 青 文字サイズ 標準 拡大 サイトマップ はじめての方へ Multilingual（English・中文・&#54620;&#44544;） 分類でさがす 組織でさがす 目的でさがす カレンダーでさがす Googleカスタム検索 志免町で暮らす 志免町で働く 志免町を知る 企業・事業者の方 トップページ 分類でさがす 志免町からのおしらせ おしらせ おしらせ > 【受付終了】令和6年度新たに住民税所得割が非課税となる世帯への給付金 本文 【受付終了】令和6年度新たに住民税所得割が非課税となる世帯への給付金 印刷用ペ
志免町	21	住民税均等割のみ課税世帯への物価高騰に対する10万円の給付について【受付終了】	https://www.town.shime.lg.jp/soshiki/5/bukkakoutou10.html	住民税均等割のみ課税世帯への物価高騰に対する10万円の給付について【受付終了】 - 志免町ホームページ ページの先頭です。 メニューを飛ばして本文へ メニュー パソコン表示 スマートフォン表示 背景色 白 黒 青 文字サイズ 標準 拡大 サイトマップ はじめての方へ Multilingual（English・中文・&#54620;&#44544;） 分類でさがす 組織でさがす 目的でさがす カレンダーでさがす Googleカスタム検索 志免町で暮らす 志免町で働く 志免町を知る 企業・事業者の方 トップページ 分類でさがす 志免町からのおしらせ おしらせ おしらせ > 住民税均等割のみ課税世帯への物価高騰に対する10万円の給付について【受付終了】 本文 住民税均等割のみ課税世帯への物価高騰に対する10万円の給付
志免町	21	低所得世帯への子ども加算給付金の給付について	https://www.town.shime.lg.jp/soshiki/5/kodomo-kasan.html	低所得世帯への子ども加算給付金の給付について - 志免町ホームページ ページの先頭です。 メニューを飛ばして本文へ メニュー パソコン表示 スマートフォン表示 背景色 白 黒 青 文字サイズ 標準 拡大 サイトマップ はじめての方へ Multilingual（English・中文・&#54620;&#44544;） 分類でさがす 組織でさがす 目的でさがす カレンダーでさがす Googleカスタム検索 志免町で暮らす 志免町で働く 志免町を知る 企業・事業者の方 トップページ 分類でさがす 志免町からのおしらせ おしらせ おしらせ > 低所得世帯への子ども加算給付金の給付について 本文 低所得世帯への子ども加算給付金の給付について 印刷用ページを表示する 掲載日：2024年3月11日更新 Tweet ＜外部リン
志免町	21	おしらせ	https://www.town.shime.lg.jp/life/sub/8/14/57/	おしらせ - 志免町ホームページ ページの先頭です。 メニューを飛ばして本文へ メニュー パソコン表示 スマートフォン表示 背景色 白 黒 青 文字サイズ 標準 拡大 サイトマップ はじめての方へ Multilingual（English・中文・&#54620;&#44544;） 分類でさがす 組織でさがす 目的でさがす カレンダーでさがす Googleカスタム検索 志免町で暮らす 志免町で働く 志免町を知る 企業・事業者の方 トップページ 各種支援 おしらせ おしらせ 本文 おしらせ 2025年8月5日更新 FUKUOKA IS OPEN センター （ 社会教育課 ） 2025年2月21日更新 【受付終了】住民税非課税世帯を対象とした給付金（3万円）について【物価高騰支援追加給付金】 （ 福祉課 ） 2024
志免町	21	令和8年度 英語検定料助成金のご案内	https://www.town.shime.lg.jp/soshiki/11/eigokenteiryoujyosei2026.html	令和8年度 英語検定料助成金のご案内 - 志免町ホームページ ページの先頭です。 メニューを飛ばして本文へ メニュー パソコン表示 スマートフォン表示 背景色 白 黒 青 文字サイズ 標準 拡大 サイトマップ はじめての方へ Multilingual（English・中文・&#54620;&#44544;） 分類でさがす 組織でさがす 目的でさがす カレンダーでさがす Googleカスタム検索 志免町で暮らす 志免町で働く 志免町を知る 企業・事業者の方 トップページ 分類でさがす 志免町で暮らす ライフステージ 学校教育 > 令和8年度 英語検定料助成金のご案内 トップページ 分類でさがす 志免町からのおしらせ おしらせ おしらせ > 令和8年度 英語検定料助成金のご案内 本文 令和8年度 英語検定料助成金の
志免町	20	子育てガイド（令和8年度版）ができました	https://www.town.shime.lg.jp/site/kosodateshien/kosodategaido.html	子育てガイド（令和8年度版）ができました - 志免町ホームページ ページの先頭です。 メニューを飛ばして本文へ メニュー パソコン表示 スマートフォン表示 背景色 白 黒 青 文字サイズ 標準 拡大 サイトマップ はじめての方へ Multilingual（English・中文・&#54620;&#44544;） 分類でさがす 組織でさがす 目的でさがす カレンダーでさがす Googleカスタム検索 志免町で暮らす 志免町で働く 志免町を知る 企業・事業者の方 トップページ 分類でさがす 志免町で暮らす ライフステージ 妊娠・出産 > 志免町子育て支援センター 子育てガイド（令和8年度版）ができました トップページ 分類でさがす 志免町で暮らす ライフステージ 子ども・子育て > 志免町子育て支援センター 子育て
志免町	20	福岡県空き家活用サポートセンター（イエカツ）	https://www.town.shime.lg.jp/site/shimeakiya/20230911akiyakatuyousapo-to.html	福岡県空き家活用サポートセンター（イエカツ） - 志免町ホームページ ページの先頭です。 メニューを飛ばして本文へ メニュー パソコン表示 スマートフォン表示 背景色 白 黒 青 文字サイズ 標準 拡大 サイトマップ はじめての方へ Multilingual（English・中文・&#54620;&#44544;） 分類でさがす 組織でさがす 目的でさがす カレンダーでさがす Googleカスタム検索 志免町で暮らす 志免町で働く 志免町を知る 企業・事業者の方 トップページ 分類でさがす 志免町からのおしらせ おしらせ おしらせ > 空き家対策 福岡県空き家活用サポートセンター（イエカツ） 空き家対策 お知らせ お知らせ イエカツ 相続手続き 空き家の活用 3,000万特別控除 老朽危険空き家除却費補助金 老
志免町	20	相続手続きをしましょう	https://www.town.shime.lg.jp/site/shimeakiya/20230911akiyasouzoku.html	相続手続きをしましょう - 志免町ホームページ ページの先頭です。 メニューを飛ばして本文へ メニュー パソコン表示 スマートフォン表示 背景色 白 黒 青 文字サイズ 標準 拡大 サイトマップ はじめての方へ Multilingual（English・中文・&#54620;&#44544;） 分類でさがす 組織でさがす 目的でさがす カレンダーでさがす Googleカスタム検索 志免町で暮らす 志免町で働く 志免町を知る 企業・事業者の方 トップページ 分類でさがす 志免町からのおしらせ おしらせ おしらせ > 空き家対策 相続手続きをしましょう 空き家対策 お知らせ お知らせ イエカツ 相続手続き 空き家の活用 3,000万特別控除 老朽危険空き家除却費補助金 老朽空き家除却後の土地に対する固定資産税の減免
志免町	20	空き家の発生を抑制するための特別措置（譲渡所得の3,000万円特別控除）	https://www.town.shime.lg.jp/site/shimeakiya/20230911akiyakouzyo.html	空き家の発生を抑制するための特別措置（譲渡所得の3,000万円特別控除） - 志免町ホームページ ページの先頭です。 メニューを飛ばして本文へ メニュー パソコン表示 スマートフォン表示 背景色 白 黒 青 文字サイズ 標準 拡大 サイトマップ はじめての方へ Multilingual（English・中文・&#54620;&#44544;） 分類でさがす 組織でさがす 目的でさがす カレンダーでさがす Googleカスタム検索 志免町で暮らす 志免町で働く 志免町を知る 企業・事業者の方 トップページ 分類でさがす 志免町からのおしらせ おしらせ おしらせ > 空き家対策 空き家の発生を抑制するための特別措置（譲渡所得の3,000万円特別控除） 空き家対策 お知らせ お知らせ イエカツ 相続手続き 空き家の活
志免町	20	空き家の所有者等情報の提供について	https://www.town.shime.lg.jp/site/shimeakiya/akiya-providing-information.html	空き家の所有者等情報の提供について - 志免町ホームページ ページの先頭です。 メニューを飛ばして本文へ メニュー パソコン表示 スマートフォン表示 背景色 白 黒 青 文字サイズ 標準 拡大 サイトマップ はじめての方へ Multilingual（English・中文・&#54620;&#44544;） 分類でさがす 組織でさがす 目的でさがす カレンダーでさがす Googleカスタム検索 志免町で暮らす 志免町で働く 志免町を知る 企業・事業者の方 トップページ 分類でさがす 志免町からのおしらせ おしらせ おしらせ > 空き家対策 空き家の所有者等情報の提供について 空き家対策 お知らせ お知らせ イエカツ 相続手続き 空き家の活用 3,000万特別控除 老朽危険空き家除却費補助金 老朽空き家除却後の土地
志免町	20	志免町空家等対策計画を策定しました	https://www.town.shime.lg.jp/site/shimeakiya/20230327akiya-plan.html	志免町空家等対策計画を策定しました - 志免町ホームページ ページの先頭です。 メニューを飛ばして本文へ メニュー パソコン表示 スマートフォン表示 背景色 白 黒 青 文字サイズ 標準 拡大 サイトマップ はじめての方へ Multilingual（English・中文・&#54620;&#44544;） 分類でさがす 組織でさがす 目的でさがす カレンダーでさがす Googleカスタム検索 志免町で暮らす 志免町で働く 志免町を知る 企業・事業者の方 トップページ 分類でさがす 志免町を知る 志免町の計画 その他の計画 > 空き家対策 志免町空家等対策計画を策定しました 空き家対策 お知らせ お知らせ イエカツ 相続手続き 空き家の活用 3,000万特別控除 老朽危険空き家除却費補助金 老朽空き家除却後の土地
志免町	20	空き家の適切な維持管理をお願いします	https://www.town.shime.lg.jp/site/shimeakiya/202111akiyatounotekisetunaizikannrinituite.html	空き家の適切な維持管理をお願いします - 志免町ホームページ ページの先頭です。 メニューを飛ばして本文へ メニュー パソコン表示 スマートフォン表示 背景色 白 黒 青 文字サイズ 標準 拡大 サイトマップ はじめての方へ Multilingual（English・中文・&#54620;&#44544;） 分類でさがす 組織でさがす 目的でさがす カレンダーでさがす Googleカスタム検索 志免町で暮らす 志免町で働く 志免町を知る 企業・事業者の方 トップページ 分類でさがす 志免町からのおしらせ おしらせ おしらせ > 空き家対策 空き家の適切な維持管理をお願いします 空き家対策 お知らせ お知らせ イエカツ 相続手続き 空き家の活用 3,000万特別控除 老朽危険空き家除却費補助金 老朽空き家除却後の
志免町	20	空家法の改正（令和5年12月13日施行）	https://www.town.shime.lg.jp/site/shimeakiya/20231213akiya.html	空家法の改正（令和5年12月13日施行） - 志免町ホームページ ページの先頭です。 メニューを飛ばして本文へ メニュー パソコン表示 スマートフォン表示 背景色 白 黒 青 文字サイズ 標準 拡大 サイトマップ はじめての方へ Multilingual（English・中文・&#54620;&#44544;） 分類でさがす 組織でさがす 目的でさがす カレンダーでさがす Googleカスタム検索 志免町で暮らす 志免町で働く 志免町を知る 企業・事業者の方 トップページ 分類でさがす 志免町からのおしらせ おしらせ おしらせ > 空き家対策 空家法の改正（令和5年12月13日施行） 空き家対策 お知らせ お知らせ イエカツ 相続手続き 空き家の活用 3,000万特別控除 老朽危険空き家除却費補助金 老朽空き家
志免町	19	母子健康手帳交付	https://www.town.shime.lg.jp/soshiki/7/bosikenkoutetyoukouhu.html	母子健康手帳交付 - 志免町ホームページ ページの先頭です。 メニューを飛ばして本文へ メニュー パソコン表示 スマートフォン表示 背景色 白 黒 青 文字サイズ 標準 拡大 サイトマップ はじめての方へ Multilingual（English・中文・&#54620;&#44544;） 分類でさがす 組織でさがす 目的でさがす カレンダーでさがす Googleカスタム検索 志免町で暮らす 志免町で働く 志免町を知る 企業・事業者の方 トップページ 分類でさがす 志免町で暮らす ライフステージ 妊娠・出産 > 母子健康手帳交付 本文 母子健康手帳交付 印刷用ページを表示する 掲載日：2024年4月1日更新 Tweet ＜外部リンク＞ 母子健康手帳交付のお知らせ 対象 志免町に住民票のある妊婦 ※代理の方でも交付
志免町	19	介護保険サービスを利用するまでの手続き	https://www.town.shime.lg.jp/soshiki/5/kaigohokentetuzuki.html	介護保険サービスを利用するまでの手続き - 志免町ホームページ ページの先頭です。 メニューを飛ばして本文へ メニュー パソコン表示 スマートフォン表示 背景色 白 黒 青 文字サイズ 標準 拡大 サイトマップ はじめての方へ Multilingual（English・中文・&#54620;&#44544;） 分類でさがす 組織でさがす 目的でさがす カレンダーでさがす Googleカスタム検索 志免町で暮らす 志免町で働く 志免町を知る 企業・事業者の方 トップページ 分類でさがす 志免町で暮らす ライフステージ 福祉・介護 > 介護保険サービスを利用するまでの手続き 本文 介護保険サービスを利用するまでの手続き 印刷用ページを表示する 掲載日：2017年2月17日更新 Tweet ＜外部リンク＞ 介護保険制
志免町	19	就労系障害福祉サービスにおける在宅利用ついて	https://www.town.shime.lg.jp/soshiki/5/r7shurouzaitaku-fukushi.html	就労系障害福祉サービスにおける在宅利用ついて - 志免町ホームページ ページの先頭です。 メニューを飛ばして本文へ メニュー パソコン表示 スマートフォン表示 背景色 白 黒 青 文字サイズ 標準 拡大 サイトマップ はじめての方へ Multilingual（English・中文・&#54620;&#44544;） 分類でさがす 組織でさがす 目的でさがす カレンダーでさがす Googleカスタム検索 志免町で暮らす 志免町で働く 志免町を知る 企業・事業者の方 トップページ 組織でさがす 福祉課 就労系障害福祉サービスにおける在宅利用ついて 本文 就労系障害福祉サービスにおける在宅利用ついて 印刷用ページを表示する 掲載日：2025年4月1日更新 Tweet ＜外部リンク＞ 就労系障害福祉サービスにおける在宅
志免町	19	自立支援医療(更生医療・育成医療）について	https://www.town.shime.lg.jp/soshiki/5/shimemachikouseiikuseiiryo.html	自立支援医療(更生医療・育成医療）について - 志免町ホームページ ページの先頭です。 メニューを飛ばして本文へ メニュー パソコン表示 スマートフォン表示 背景色 白 黒 青 文字サイズ 標準 拡大 サイトマップ はじめての方へ Multilingual（English・中文・&#54620;&#44544;） 分類でさがす 組織でさがす 目的でさがす カレンダーでさがす Googleカスタム検索 志免町で暮らす 志免町で働く 志免町を知る 企業・事業者の方 トップページ 分類でさがす 志免町で暮らす ライフステージ 福祉・介護 > 自立支援医療(更生医療・育成医療）について 本文 自立支援医療(更生医療・育成医療）について 印刷用ページを表示する 掲載日：2023年12月1日更新 Tweet ＜外部リンク＞
志免町	19	企業主導型保育事業について	https://www.town.shime.lg.jp/soshiki/7/kigyoushudou.html	企業主導型保育事業について - 志免町ホームページ ページの先頭です。 メニューを飛ばして本文へ メニュー パソコン表示 スマートフォン表示 背景色 白 黒 青 文字サイズ 標準 拡大 サイトマップ はじめての方へ Multilingual（English・中文・&#54620;&#44544;） 分類でさがす 組織でさがす 目的でさがす カレンダーでさがす Googleカスタム検索 志免町で暮らす 志免町で働く 志免町を知る 企業・事業者の方 トップページ 分類でさがす 企業・事業者の方へ 手続き・申請など その他の手続きなど > 企業主導型保育事業について 本文 企業主導型保育事業について 印刷用ページを表示する 掲載日：2023年7月10日更新 Tweet ＜外部リンク＞ 新規で事業の実施を検討されている
志免町	19	おしらせ	https://www.town.shime.lg.jp/life/sub/2/14/57/	おしらせ - 志免町ホームページ ページの先頭です。 メニューを飛ばして本文へ メニュー パソコン表示 スマートフォン表示 背景色 白 黒 青 文字サイズ 標準 拡大 サイトマップ はじめての方へ Multilingual（English・中文・&#54620;&#44544;） 分類でさがす 組織でさがす 目的でさがす カレンダーでさがす Googleカスタム検索 志免町で暮らす 志免町で働く 志免町を知る 企業・事業者の方 トップページ お知らせ おしらせ おしらせ 本文 おしらせ 2026年7月13日更新 渇水対策本部解散のお知らせ（令和8年7月13日（月曜日）、14日（火曜日）放送分） （ 上下水道課 ） 2026年7月1日更新 【受付終了】志免町物価高騰対応生活支援給付金（1人1万円） （ 総務課 ）
志免町	18	【福岡県】「福岡カーボンクレジット俱楽部」参加者募集	https://www.town.shime.lg.jp/site/zerocarboncityshime/fukuokaken-carbonclub.html	【福岡県】「福岡カーボンクレジット俱楽部」参加者募集 - 志免町ホームページ ページの先頭です。 メニューを飛ばして本文へ メニュー パソコン表示 スマートフォン表示 背景色 白 黒 青 文字サイズ 標準 拡大 サイトマップ はじめての方へ Multilingual（English・中文・&#54620;&#44544;） 分類でさがす 組織でさがす 目的でさがす カレンダーでさがす Googleカスタム検索 志免町で暮らす 志免町で働く 志免町を知る 企業・事業者の方 トップページ 分類でさがす 志免町からのおしらせ おしらせ 募集 > 脱炭素ポータルサイト 【福岡県】「福岡カーボンクレジット俱楽部」参加者募集 脱炭素ポータルサイト 脱炭素に関するお知らせ 志免町からのお知らせ 福岡県からのお知らせ 国からの
志免町	17	国民健康保険税の計算方法や納め方など	https://www.town.shime.lg.jp/soshiki/4/kokuho-keisan.html	国民健康保険税の計算方法や納め方など - 志免町ホームページ ページの先頭です。 メニューを飛ばして本文へ メニュー パソコン表示 スマートフォン表示 背景色 白 黒 青 文字サイズ 標準 拡大 サイトマップ はじめての方へ Multilingual（English・中文・&#54620;&#44544;） 分類でさがす 組織でさがす 目的でさがす カレンダーでさがす Googleカスタム検索 志免町で暮らす 志免町で働く 志免町を知る 企業・事業者の方 トップページ 分類でさがす 志免町で暮らす ライフステージ 保険・年金 > 国民健康保険税の計算方法や納め方など トップページ 分類でさがす 志免町で暮らす ライフステージ 医療と健康 > 国民健康保険税の計算方法や納め方など 本文 国民健康保険税の計算方法や
志免町	17	産前産後期間の国民健康保険税を免除します	https://www.town.shime.lg.jp/soshiki/4/kokuho-sanzensangomenjyo.html	産前産後期間の国民健康保険税を免除します - 志免町ホームページ ページの先頭です。 メニューを飛ばして本文へ メニュー パソコン表示 スマートフォン表示 背景色 白 黒 青 文字サイズ 標準 拡大 サイトマップ はじめての方へ Multilingual（English・中文・&#54620;&#44544;） 分類でさがす 組織でさがす 目的でさがす カレンダーでさがす Googleカスタム検索 志免町で暮らす 志免町で働く 志免町を知る 企業・事業者の方 トップページ 分類でさがす 志免町で暮らす ライフステージ 保険・年金 > 産前産後期間の国民健康保険税を免除します 本文 産前産後期間の国民健康保険税を免除します 印刷用ページを表示する 掲載日：2024年1月1日更新 Tweet ＜外部リンク＞ 志免町
志免町	17	生活保護	https://www.town.shime.lg.jp/soshiki/5/hogo.html	生活保護 - 志免町ホームページ ページの先頭です。 メニューを飛ばして本文へ メニュー パソコン表示 スマートフォン表示 背景色 白 黒 青 文字サイズ 標準 拡大 サイトマップ はじめての方へ Multilingual（English・中文・&#54620;&#44544;） 分類でさがす 組織でさがす 目的でさがす カレンダーでさがす Googleカスタム検索 志免町で暮らす 志免町で働く 志免町を知る 企業・事業者の方 トップページ 分類でさがす 志免町で暮らす ライフステージ 福祉・介護 > 生活保護 本文 生活保護 印刷用ページを表示する 掲載日：2017年10月13日更新 Tweet ＜外部リンク＞ 生活保護制度 さまざまな事情から生活に困窮したときに、生活を援助する仕組みとして生活保護制度があり
志免町	17	明石市、福岡市のような子育て支援をして欲しいです。	https://www.town.shime.lg.jp/site/goiken/kosodate-sien.html	明石市、福岡市のような子育て支援をして欲しいです。 - 志免町ホームページ ページの先頭です。 メニューを飛ばして本文へ メニュー パソコン表示 スマートフォン表示 背景色 白 黒 青 文字サイズ 標準 拡大 サイトマップ はじめての方へ Multilingual（English・中文・&#54620;&#44544;） 分類でさがす 組織でさがす 目的でさがす カレンダーでさがす Googleカスタム検索 志免町で暮らす 志免町で働く 志免町を知る 企業・事業者の方 トップページ ご意見箱 明石市、福岡市のような子育て支援をして欲しいです。 ご意見箱 ご意見・回答 引越しと住まい 結婚・離婚・ご不幸 妊娠・出産 子ども・子育て 保育園 学校教育 医療と健康 福祉・介護 税・保険・社会保障 生活環境 ごみの出し
志免町	16	助成・手当など	https://www.town.shime.lg.jp/life/sub/6/index-2.html	助成・手当など - 志免町ホームページ ページの先頭です。 メニューを飛ばして本文へ メニュー パソコン表示 スマートフォン表示 背景色 白 黒 青 文字サイズ 標準 拡大 サイトマップ はじめての方へ Multilingual（English・中文・&#54620;&#44544;） 分類でさがす 組織でさがす 目的でさがす カレンダーでさがす Googleカスタム検索 志免町で暮らす 志免町で働く 志免町を知る 企業・事業者の方 トップページ 助成・手当など 本文 助成・手当など 情報ピックアップ 2026年5月1日更新 自転車用ヘルメット購入費の補助 2026年4月1日更新 空き家解体後の土地の固定資産税を減免します 2025年8月1日更新 高齢者補聴器購入費助成 2025年8月1日更新 児童手当 202
志免町	16	おしらせ	https://www.town.shime.lg.jp/life/sub/6/14/	おしらせ - 志免町ホームページ ページの先頭です。 メニューを飛ばして本文へ メニュー パソコン表示 スマートフォン表示 背景色 白 黒 青 文字サイズ 標準 拡大 サイトマップ はじめての方へ Multilingual（English・中文・&#54620;&#44544;） 分類でさがす 組織でさがす 目的でさがす カレンダーでさがす Googleカスタム検索 志免町で暮らす 志免町で働く 志免町を知る 企業・事業者の方 トップページ 助成・手当など おしらせ 本文 おしらせ おしらせ 2026年6月8日更新 令和8年度 英語検定料助成金のご案内 （ 学校教育課 ） 2026年5月1日更新 自転車用ヘルメット購入費の補助 （ 生活安全課 ） 2026年4月1日更新 空き家解体後の土地の固定資産税を減免しま
志免町	16	児童扶養手当と公的年金給付等との併給制限の見直しについて	https://www.town.shime.lg.jp/soshiki/4/jifuheikyu.html	児童扶養手当と公的年金給付等との併給制限の見直しについて - 志免町ホームページ ページの先頭です。 メニューを飛ばして本文へ メニュー パソコン表示 スマートフォン表示 背景色 白 黒 青 文字サイズ 標準 拡大 サイトマップ はじめての方へ Multilingual（English・中文・&#54620;&#44544;） 分類でさがす 組織でさがす 目的でさがす カレンダーでさがす Googleカスタム検索 志免町で暮らす 志免町で働く 志免町を知る 企業・事業者の方 トップページ 組織でさがす 住民課 児童扶養手当と公的年金給付等との併給制限の見直しについて 本文 児童扶養手当と公的年金給付等との併給制限の見直しについて 印刷用ページを表示する 掲載日：2020年5月7日更新 Tweet ＜外部リンク＞
志免町	16	（国土交通省事業）自動車事故被害者に対する支援制度について	https://www.town.shime.lg.jp/soshiki/5/jidousyajikohigaisyasien.html	（国土交通省事業）自動車事故被害者に対する支援制度について - 志免町ホームページ ページの先頭です。 メニューを飛ばして本文へ メニュー パソコン表示 スマートフォン表示 背景色 白 黒 青 文字サイズ 標準 拡大 サイトマップ はじめての方へ Multilingual（English・中文・&#54620;&#44544;） 分類でさがす 組織でさがす 目的でさがす カレンダーでさがす Googleカスタム検索 志免町で暮らす 志免町で働く 志免町を知る 企業・事業者の方 トップページ 組織でさがす 福祉課 （国土交通省事業）自動車事故被害者に対する支援制度について 本文 （国土交通省事業）自動車事故被害者に対する支援制度について 印刷用ページを表示する 掲載日：2022年1月27日更新 Tweet ＜外部
志免町	16	日常生活自立支援事業のご相談は社会福祉協議会へ	https://www.town.shime.lg.jp/soshiki/5/nitijouseikatu.html	日常生活自立支援事業のご相談は社会福祉協議会へ - 志免町ホームページ ページの先頭です。 メニューを飛ばして本文へ メニュー パソコン表示 スマートフォン表示 背景色 白 黒 青 文字サイズ 標準 拡大 サイトマップ はじめての方へ Multilingual（English・中文・&#54620;&#44544;） 分類でさがす 組織でさがす 目的でさがす カレンダーでさがす Googleカスタム検索 志免町で暮らす 志免町で働く 志免町を知る 企業・事業者の方 トップページ 組織でさがす 福祉課 日常生活自立支援事業のご相談は社会福祉協議会へ 本文 日常生活自立支援事業のご相談は社会福祉協議会へ 印刷用ページを表示する 掲載日：2016年12月26日更新 Tweet ＜外部リンク＞ 日常生活自立支援事業 認
志免町	16	母子父子寡婦福祉資金貸付について	https://www.town.shime.lg.jp/soshiki/7/boshifushi-kasituke.html	母子父子寡婦福祉資金貸付について - 志免町ホームページ ページの先頭です。 メニューを飛ばして本文へ メニュー パソコン表示 スマートフォン表示 背景色 白 黒 青 文字サイズ 標準 拡大 サイトマップ はじめての方へ Multilingual（English・中文・&#54620;&#44544;） 分類でさがす 組織でさがす 目的でさがす カレンダーでさがす Googleカスタム検索 志免町で暮らす 志免町で働く 志免町を知る 企業・事業者の方 トップページ 分類でさがす 志免町からのおしらせ おしらせ おしらせ > 母子父子寡婦福祉資金貸付について 本文 母子父子寡婦福祉資金貸付について 印刷用ページを表示する 掲載日：2022年12月1日更新 Tweet ＜外部リンク＞ ひとり親家庭の生活資金、就学資
志免町	16	志免町子ども子育て支援事業の平成27年度実施状況	https://www.town.shime.lg.jp/soshiki/7/kodomokosodate.html	志免町子ども子育て支援事業の平成27年度実施状況 - 志免町ホームページ ページの先頭です。 メニューを飛ばして本文へ メニュー パソコン表示 スマートフォン表示 背景色 白 黒 青 文字サイズ 標準 拡大 サイトマップ はじめての方へ Multilingual（English・中文・&#54620;&#44544;） 分類でさがす 組織でさがす 目的でさがす カレンダーでさがす Googleカスタム検索 志免町で暮らす 志免町で働く 志免町を知る 企業・事業者の方 トップページ 組織でさがす 子育て支援課 志免町子ども子育て支援事業の平成27年度実施状況 本文 志免町子ども子育て支援事業の平成27年度実施状況 印刷用ページを表示する 掲載日：2016年12月26日更新 Tweet ＜外部リンク＞ 本町では、「
志免町	16	福岡空港周辺（騒音指定区域内のみ）の住宅防音工事の助成について	https://www.town.shime.lg.jp/soshiki/8/kuukousyuuhensouonbousikouji.html	福岡空港周辺（騒音指定区域内のみ）の住宅防音工事の助成について - 志免町ホームページ ページの先頭です。 メニューを飛ばして本文へ メニュー パソコン表示 スマートフォン表示 背景色 白 黒 青 文字サイズ 標準 拡大 サイトマップ はじめての方へ Multilingual（English・中文・&#54620;&#44544;） 分類でさがす 組織でさがす 目的でさがす カレンダーでさがす Googleカスタム検索 志免町で暮らす 志免町で働く 志免町を知る 企業・事業者の方 トップページ 分類でさがす 志免町で暮らす ライフステージ 生活環境 > 福岡空港周辺（騒音指定区域内のみ）の住宅防音工事の助成について 本文 福岡空港周辺（騒音指定区域内のみ）の住宅防音工事の助成について 印刷用ページを表示する 掲
志免町	16	医療と健康	https://www.town.shime.lg.jp/life/sub/6/1/8/	医療と健康 - 志免町ホームページ ページの先頭です。 メニューを飛ばして本文へ メニュー パソコン表示 スマートフォン表示 背景色 白 黒 青 文字サイズ 標準 拡大 サイトマップ はじめての方へ Multilingual（English・中文・&#54620;&#44544;） 分類でさがす 組織でさがす 目的でさがす カレンダーでさがす Googleカスタム検索 志免町で暮らす 志免町で働く 志免町を知る 企業・事業者の方 トップページ 助成・手当など ライフステージ 医療と健康 本文 医療と健康 2026年4月1日更新 重度障がい者医療制度 （ 住民課 ） 2026年4月1日更新 ひとり親家庭等医療制度 （ 住民課 ） 2026年4月1日更新 子ども医療制度 （ 住民課 ） 2023年4月1日更新 志免
志免町	16	おしらせ	https://www.town.shime.lg.jp/life/sub/6/14/57/	おしらせ - 志免町ホームページ ページの先頭です。 メニューを飛ばして本文へ メニュー パソコン表示 スマートフォン表示 背景色 白 黒 青 文字サイズ 標準 拡大 サイトマップ はじめての方へ Multilingual（English・中文・&#54620;&#44544;） 分類でさがす 組織でさがす 目的でさがす カレンダーでさがす Googleカスタム検索 志免町で暮らす 志免町で働く 志免町を知る 企業・事業者の方 トップページ 助成・手当など おしらせ おしらせ 本文 おしらせ 2026年6月8日更新 令和8年度 英語検定料助成金のご案内 （ 学校教育課 ） 2026年5月1日更新 自転車用ヘルメット購入費の補助 （ 生活安全課 ） 2026年4月1日更新 空き家解体後の土地の固定資産税を減免しま
志免町	15	志免町からのお知らせ	https://www.town.shime.lg.jp/site/zerocarboncityshime/list247-790.html	志免町からのお知らせ - 脱炭素ポータルサイト - 志免町ホームページ ページの先頭です。 メニューを飛ばして本文へ メニュー パソコン表示 スマートフォン表示 背景色 白 黒 青 文字サイズ 標準 拡大 サイトマップ はじめての方へ Multilingual（English・中文・&#54620;&#44544;） 分類でさがす 組織でさがす 目的でさがす カレンダーでさがす Googleカスタム検索 志免町で暮らす 志免町で働く 志免町を知る 企業・事業者の方 トップページ 脱炭素ポータルサイト 志免町からのお知らせ 脱炭素ポータルサイト 脱炭素に関するお知らせ 志免町からのお知らせ 福岡県からのお知らせ 国からのお知らせ 脱炭素に関する普及啓発動画 ゼロカーボンシティ宣言 地球温暖化対策実行計画（区域施策
志免町	15	福岡県からのお知らせ	https://www.town.shime.lg.jp/site/zerocarboncityshime/list247-791.html	福岡県からのお知らせ - 脱炭素ポータルサイト - 志免町ホームページ ページの先頭です。 メニューを飛ばして本文へ メニュー パソコン表示 スマートフォン表示 背景色 白 黒 青 文字サイズ 標準 拡大 サイトマップ はじめての方へ Multilingual（English・中文・&#54620;&#44544;） 分類でさがす 組織でさがす 目的でさがす カレンダーでさがす Googleカスタム検索 志免町で暮らす 志免町で働く 志免町を知る 企業・事業者の方 トップページ 脱炭素ポータルサイト 福岡県からのお知らせ 脱炭素ポータルサイト 脱炭素に関するお知らせ 志免町からのお知らせ 福岡県からのお知らせ 国からのお知らせ 脱炭素に関する普及啓発動画 ゼロカーボンシティ宣言 地球温暖化対策実行計画（区域施策
志免町	15	脱炭素ポータルサイト	https://www.town.shime.lg.jp/site/zerocarboncityshime/index-2.html	脱炭素ポータルサイト - 志免町ホームページ ページの先頭です。 メニューを飛ばして本文へ メニュー パソコン表示 スマートフォン表示 背景色 白 黒 青 文字サイズ 標準 拡大 サイトマップ はじめての方へ Multilingual（English・中文・&#54620;&#44544;） 分類でさがす 組織でさがす 目的でさがす カレンダーでさがす Googleカスタム検索 志免町で暮らす 志免町で働く 志免町を知る 企業・事業者の方 トップページ 脱炭素ポータルサイト 脱炭素ポータルサイト 脱炭素に関するお知らせ 志免町からのお知らせ 福岡県からのお知らせ 国からのお知らせ 脱炭素に関する普及啓発動画 ゼロカーボンシティ宣言 地球温暖化対策実行計画（区域施策編） 策定について（リンク） 実施状況の公表 地
志免町	15	お知らせ	https://www.town.shime.lg.jp/site/shimeakiya/list253-803.html	お知らせ - 空き家対策 - 志免町ホームページ ページの先頭です。 メニューを飛ばして本文へ メニュー パソコン表示 スマートフォン表示 背景色 白 黒 青 文字サイズ 標準 拡大 サイトマップ はじめての方へ Multilingual（English・中文・&#54620;&#44544;） 分類でさがす 組織でさがす 目的でさがす カレンダーでさがす Googleカスタム検索 志免町で暮らす 志免町で働く 志免町を知る 企業・事業者の方 トップページ 分類でさがす 志免町からのおしらせ おしらせ おしらせ > 空き家対策 お知らせ 空き家対策 お知らせ お知らせ イエカツ 相続手続き 空き家の活用 3,000万特別控除 老朽危険空き家除却費補助金 老朽空き家除却後の土地に対する固定資産税の減免 空家等所有
志免町	15	死亡届	https://www.town.shime.lg.jp/soshiki/4/sibou.html	死亡届 - 志免町ホームページ ページの先頭です。 メニューを飛ばして本文へ メニュー パソコン表示 スマートフォン表示 背景色 白 黒 青 文字サイズ 標準 拡大 サイトマップ はじめての方へ Multilingual（English・中文・&#54620;&#44544;） 分類でさがす 組織でさがす 目的でさがす カレンダーでさがす Googleカスタム検索 志免町で暮らす 志免町で働く 志免町を知る 企業・事業者の方 トップページ 組織でさがす 住民課 死亡届 本文 死亡届 印刷用ページを表示する 掲載日：2024年7月4日更新 Tweet ＜外部リンク＞ 死亡届（お亡くなりになったとき） 死亡届により、戸籍や住民票に死亡の記載がされます。 ※死亡届を提出されると、火葬許可証が発行されます。既に火葬が終
志免町	15	身体障害者手帳について	https://www.town.shime.lg.jp/soshiki/5/shimemachishinntaisyougaisyatecyou.html	身体障害者手帳について - 志免町ホームページ ページの先頭です。 メニューを飛ばして本文へ メニュー パソコン表示 スマートフォン表示 背景色 白 黒 青 文字サイズ 標準 拡大 サイトマップ はじめての方へ Multilingual（English・中文・&#54620;&#44544;） 分類でさがす 組織でさがす 目的でさがす カレンダーでさがす Googleカスタム検索 志免町で暮らす 志免町で働く 志免町を知る 企業・事業者の方 トップページ 分類でさがす 志免町で暮らす ライフステージ 福祉・介護 > 身体障害者手帳について 本文 身体障害者手帳について 印刷用ページを表示する 掲載日：2026年4月1日更新 Tweet ＜外部リンク＞ 身体障害者手帳とは 身体障害者手帳は、身体障害者福祉法に定め
志免町	15	療育手帳について	https://www.town.shime.lg.jp/soshiki/5/shimemachiryouikutecyou.html	療育手帳について - 志免町ホームページ ページの先頭です。 メニューを飛ばして本文へ メニュー パソコン表示 スマートフォン表示 背景色 白 黒 青 文字サイズ 標準 拡大 サイトマップ はじめての方へ Multilingual（English・中文・&#54620;&#44544;） 分類でさがす 組織でさがす 目的でさがす カレンダーでさがす Googleカスタム検索 志免町で暮らす 志免町で働く 志免町を知る 企業・事業者の方 トップページ 分類でさがす 志免町で暮らす ライフステージ 福祉・介護 > 療育手帳について 本文 療育手帳について 印刷用ページを表示する 掲載日：2023年12月1日更新 Tweet ＜外部リンク＞ 療育手帳とは 療育手帳は、福岡県療育手帳要綱に基づいて交付される手帳です。
志免町	15	なくそう！望まない受動喫煙	https://www.town.shime.lg.jp/soshiki/6/kituennbousi.html	なくそう！望まない受動喫煙 - 志免町ホームページ ページの先頭です。 メニューを飛ばして本文へ メニュー パソコン表示 スマートフォン表示 背景色 白 黒 青 文字サイズ 標準 拡大 サイトマップ はじめての方へ Multilingual（English・中文・&#54620;&#44544;） 分類でさがす 組織でさがす 目的でさがす カレンダーでさがす Googleカスタム検索 志免町で暮らす 志免町で働く 志免町を知る 企業・事業者の方 トップページ 分類でさがす 志免町からのおしらせ おしらせ おしらせ > なくそう！望まない受動喫煙 トップページ 分類でさがす 志免町で暮らす ライフステージ 医療と健康 > なくそう！望まない受動喫煙 本文 なくそう！望まない受動喫煙 印刷用ページを表示する 掲載日
志免町	15	志免町立保育園の紹介	https://www.town.shime.lg.jp/soshiki/7/tyourituhoikuen.html	志免町立保育園の紹介 - 志免町ホームページ ページの先頭です。 メニューを飛ばして本文へ メニュー パソコン表示 スマートフォン表示 背景色 白 黒 青 文字サイズ 標準 拡大 サイトマップ はじめての方へ Multilingual（English・中文・&#54620;&#44544;） 分類でさがす 組織でさがす 目的でさがす カレンダーでさがす Googleカスタム検索 志免町で暮らす 志免町で働く 志免町を知る 企業・事業者の方 トップページ 分類でさがす 志免町で暮らす ライフステージ 子ども・子育て > 志免町立保育園の紹介 本文 志免町立保育園の紹介 印刷用ページを表示する 掲載日：2025年3月24日更新 Tweet ＜外部リンク＞ ​志免町立保育園は、志免町が設置・運営する認可保育園です。
志免町	15	母子・父子自立支援プログラムのご案内	https://www.town.shime.lg.jp/soshiki/7/bosifusijiritusien.html	母子・父子自立支援プログラムのご案内 - 志免町ホームページ ページの先頭です。 メニューを飛ばして本文へ メニュー パソコン表示 スマートフォン表示 背景色 白 黒 青 文字サイズ 標準 拡大 サイトマップ はじめての方へ Multilingual（English・中文・&#54620;&#44544;） 分類でさがす 組織でさがす 目的でさがす カレンダーでさがす Googleカスタム検索 志免町で暮らす 志免町で働く 志免町を知る 企業・事業者の方 トップページ 分類でさがす 志免町で暮らす ライフステージ 子ども・子育て > 母子・父子自立支援プログラムのご案内 本文 母子・父子自立支援プログラムのご案内 印刷用ページを表示する 掲載日：2026年2月20日更新 Tweet ＜外部リンク＞ ひとり親家庭
志免町	15	病児保育事業新規開設のお知らせ	https://www.town.shime.lg.jp/soshiki/7/byoujihoiku.html	病児保育事業新規開設のお知らせ - 志免町ホームページ ページの先頭です。 メニューを飛ばして本文へ メニュー パソコン表示 スマートフォン表示 背景色 白 黒 青 文字サイズ 標準 拡大 サイトマップ はじめての方へ Multilingual（English・中文・&#54620;&#44544;） 分類でさがす 組織でさがす 目的でさがす カレンダーでさがす Googleカスタム検索 志免町で暮らす 志免町で働く 志免町を知る 企業・事業者の方 トップページ 分類でさがす 志免町で暮らす ライフステージ 子ども・子育て > 病児保育事業新規開設のお知らせ 本文 病児保育事業新規開設のお知らせ 印刷用ページを表示する 掲載日：2025年11月25日更新 Tweet ＜外部リンク＞ ​病児保育事業について 令和
志免町	15	高齢者運転免許証自主返納支援を行っています	https://www.town.shime.lg.jp/soshiki/8/shimematikoureishajishuhennousien20250401.html	高齢者運転免許証自主返納支援を行っています - 志免町ホームページ ページの先頭です。 メニューを飛ばして本文へ メニュー パソコン表示 スマートフォン表示 背景色 白 黒 青 文字サイズ 標準 拡大 サイトマップ はじめての方へ Multilingual（English・中文・&#54620;&#44544;） 分類でさがす 組織でさがす 目的でさがす カレンダーでさがす Googleカスタム検索 志免町で暮らす 志免町で働く 志免町を知る 企業・事業者の方 トップページ 分類でさがす 志免町からのおしらせ おしらせ おしらせ > 高齢者運転免許証自主返納支援を行っています 本文 高齢者運転免許証自主返納支援を行っています 印刷用ページを表示する 掲載日：2025年4月1日更新 Tweet ＜外部リンク＞ 高
志免町	15	医療と健康	https://www.town.shime.lg.jp/life/sub/2/1/8/	医療と健康 - 志免町ホームページ ページの先頭です。 メニューを飛ばして本文へ メニュー パソコン表示 スマートフォン表示 背景色 白 黒 青 文字サイズ 標準 拡大 サイトマップ はじめての方へ Multilingual（English・中文・&#54620;&#44544;） 分類でさがす 組織でさがす 目的でさがす カレンダーでさがす Googleカスタム検索 志免町で暮らす 志免町で働く 志免町を知る 企業・事業者の方 トップページ お知らせ ライフステージ 医療と健康 本文 医療と健康 2026年7月1日更新 しめまちスポーツフェスタ2026健康増進ブース出展者募集 （ 健康課 ） 2026年7月1日更新 7月28日は「日本肝炎デー」です （ 健康課 ） 2026年7月1日更新 令和8年度 後期高齢
志免町	14	出生届	https://www.town.shime.lg.jp/soshiki/4/syussyou.html	出生届 - 志免町ホームページ ページの先頭です。 メニューを飛ばして本文へ メニュー パソコン表示 スマートフォン表示 背景色 白 黒 青 文字サイズ 標準 拡大 サイトマップ はじめての方へ Multilingual（English・中文・&#54620;&#44544;） 分類でさがす 組織でさがす 目的でさがす カレンダーでさがす Googleカスタム検索 志免町で暮らす 志免町で働く 志免町を知る 企業・事業者の方 トップページ 組織でさがす 住民課 出生届 本文 出生届 印刷用ページを表示する 掲載日：2025年12月18日更新 Tweet ＜外部リンク＞ 出生届（お子さまが生まれたとき） お子さまが誕生したら、届出が必要です。出生届により、戸籍や住民票に記載されます。 届出期間 生まれた日を含め、
志免町	14	確認した特定子ども・子育て支援施設等（幼児教育・保育無償化対象施設）を公示します	https://www.town.shime.lg.jp/soshiki/7/sisetunokakuninn.html	確認した特定子ども・子育て支援施設等（幼児教育・保育無償化対象施設）を公示します - 志免町ホームページ ページの先頭です。 メニューを飛ばして本文へ メニュー パソコン表示 スマートフォン表示 背景色 白 黒 青 文字サイズ 標準 拡大 サイトマップ はじめての方へ Multilingual（English・中文・&#54620;&#44544;） 分類でさがす 組織でさがす 目的でさがす カレンダーでさがす Googleカスタム検索 志免町で暮らす 志免町で働く 志免町を知る 企業・事業者の方 トップページ 組織でさがす 子育て支援課 確認した特定子ども・子育て支援施設等（幼児教育・保育無償化対象施設）を公示します 本文 確認した特定子ども・子育て支援施設等（幼児教育・保育無償化対象施設）を公示します 印刷
志免町	14	医療と健康	https://www.town.shime.lg.jp/life/sub/44/1/8/	医療と健康 - 志免町ホームページ ページの先頭です。 メニューを飛ばして本文へ メニュー パソコン表示 スマートフォン表示 背景色 白 黒 青 文字サイズ 標準 拡大 サイトマップ はじめての方へ Multilingual（English・中文・&#54620;&#44544;） 分類でさがす 組織でさがす 目的でさがす カレンダーでさがす Googleカスタム検索 志免町で暮らす 志免町で働く 志免町を知る 企業・事業者の方 トップページ 予防接種 ライフステージ 医療と健康 本文 医療と健康 2026年6月22日更新 子どもの定期予防接種 （ 健康課 ） 2026年4月16日更新 妊婦の定期予防接種 （ 健康課 ） 2026年4月3日更新 高齢者定期予防接種 （ 健康課 ） 2026年4月1日更新 帯状疱
志免町	13	脱炭素ポータルサイト	https://www.town.shime.lg.jp/site/zerocarboncityshime/	脱炭素ポータルサイト - 志免町ホームページ ページの先頭です。 メニューを飛ばして本文へ メニュー パソコン表示 スマートフォン表示 背景色 白 黒 青 文字サイズ 標準 拡大 サイトマップ はじめての方へ Multilingual（English・中文・&#54620;&#44544;） 分類でさがす 組織でさがす 目的でさがす カレンダーでさがす Googleカスタム検索 志免町で暮らす 志免町で働く 志免町を知る 企業・事業者の方 トップページ 脱炭素ポータルサイト 脱炭素ポータルサイト 脱炭素に関するお知らせ 志免町からのお知らせ 福岡県からのお知らせ 国からのお知らせ 脱炭素に関する普及啓発動画 ゼロカーボンシティ宣言 地球温暖化対策実行計画（区域施策編） 策定について（リンク） 実施状況の公表 地
志免町	13	全国の年金事務所の窓口・コールセンターでは、通訳サービスを利用した相談が可能です	https://www.town.shime.lg.jp/soshiki/4/nenkikn-tuyaku.html	全国の年金事務所の窓口・コールセンターでは、通訳サービスを利用した相談が可能です - 志免町ホームページ ページの先頭です。 メニューを飛ばして本文へ メニュー パソコン表示 スマートフォン表示 背景色 白 黒 青 文字サイズ 標準 拡大 サイトマップ はじめての方へ Multilingual（English・中文・&#54620;&#44544;） 分類でさがす 組織でさがす 目的でさがす カレンダーでさがす Googleカスタム検索 志免町で暮らす 志免町で働く 志免町を知る 企業・事業者の方 トップページ 分類でさがす 志免町で暮らす ライフステージ 保険・年金 > 全国の年金事務所の窓口・コールセンターでは、通訳サービスを利用した相談が可能です 本文 全国の年金事務所の窓口・コールセンターでは、通訳サー
志免町	13	障害基礎年金について	https://www.town.shime.lg.jp/soshiki/4/shougai-kiso.html	障害基礎年金について - 志免町ホームページ ページの先頭です。 メニューを飛ばして本文へ メニュー パソコン表示 スマートフォン表示 背景色 白 黒 青 文字サイズ 標準 拡大 サイトマップ はじめての方へ Multilingual（English・中文・&#54620;&#44544;） 分類でさがす 組織でさがす 目的でさがす カレンダーでさがす Googleカスタム検索 志免町で暮らす 志免町で働く 志免町を知る 企業・事業者の方 トップページ 分類でさがす 志免町で暮らす ライフステージ 保険・年金 > 障害基礎年金について 本文 障害基礎年金について 印刷用ページを表示する 掲載日：2025年4月1日更新 Tweet ＜外部リンク＞ 国民年金には、老齢基礎年金だけでなく、国民年金加入中など65歳まで
志免町	13	過去2年間に国民年金保険料の未納期間がある方へ	https://www.town.shime.lg.jp/soshiki/4/kakoninenn.html	過去2年間に国民年金保険料の未納期間がある方へ - 志免町ホームページ ページの先頭です。 メニューを飛ばして本文へ メニュー パソコン表示 スマートフォン表示 背景色 白 黒 青 文字サイズ 標準 拡大 サイトマップ はじめての方へ Multilingual（English・中文・&#54620;&#44544;） 分類でさがす 組織でさがす 目的でさがす カレンダーでさがす Googleカスタム検索 志免町で暮らす 志免町で働く 志免町を知る 企業・事業者の方 トップページ 分類でさがす 志免町で暮らす ライフステージ 保険・年金 > 過去2年間に国民年金保険料の未納期間がある方へ 本文 過去2年間に国民年金保険料の未納期間がある方へ 印刷用ページを表示する 掲載日：2025年4月1日更新 Tweet ＜外
志免町	13	国民年金保険料学生納付特例制度のご案内	https://www.town.shime.lg.jp/soshiki/4/gakuseisan.html	国民年金保険料学生納付特例制度のご案内 - 志免町ホームページ ページの先頭です。 メニューを飛ばして本文へ メニュー パソコン表示 スマートフォン表示 背景色 白 黒 青 文字サイズ 標準 拡大 サイトマップ はじめての方へ Multilingual（English・中文・&#54620;&#44544;） 分類でさがす 組織でさがす 目的でさがす カレンダーでさがす Googleカスタム検索 志免町で暮らす 志免町で働く 志免町を知る 企業・事業者の方 トップページ 分類でさがす 志免町で暮らす ライフステージ 保険・年金 > 国民年金保険料学生納付特例制度のご案内 本文 国民年金保険料学生納付特例制度のご案内 印刷用ページを表示する 掲載日：2025年4月1日更新 Tweet ＜外部リンク＞ 国民年金保険
志免町	13	柔道整復師（整骨院・接骨院）の正しいかかり方	https://www.town.shime.lg.jp/soshiki/4/juusei-kakarikata.html	柔道整復師（整骨院・接骨院）の正しいかかり方 - 志免町ホームページ ページの先頭です。 メニューを飛ばして本文へ メニュー パソコン表示 スマートフォン表示 背景色 白 黒 青 文字サイズ 標準 拡大 サイトマップ はじめての方へ Multilingual（English・中文・&#54620;&#44544;） 分類でさがす 組織でさがす 目的でさがす カレンダーでさがす Googleカスタム検索 志免町で暮らす 志免町で働く 志免町を知る 企業・事業者の方 トップページ 分類でさがす 志免町で暮らす ライフステージ 保険・年金 > 柔道整復師（整骨院・接骨院）の正しいかかり方 トップページ 分類でさがす 志免町で暮らす ライフステージ 医療と健康 > 柔道整復師（整骨院・接骨院）の正しいかかり方 本文 柔
志免町	13	国民健康保険 ～資格と届け出～	https://www.town.shime.lg.jp/soshiki/4/sikaku-todokede.html	国民健康保険 ～資格と届け出～ - 志免町ホームページ ページの先頭です。 メニューを飛ばして本文へ メニュー パソコン表示 スマートフォン表示 背景色 白 黒 青 文字サイズ 標準 拡大 サイトマップ はじめての方へ Multilingual（English・中文・&#54620;&#44544;） 分類でさがす 組織でさがす 目的でさがす カレンダーでさがす Googleカスタム検索 志免町で暮らす 志免町で働く 志免町を知る 企業・事業者の方 トップページ 分類でさがす 志免町で暮らす ライフステージ 保険・年金 > 国民健康保険 ～資格と届け出～ トップページ 分類でさがす 志免町で暮らす ライフステージ 医療と健康 > 国民健康保険 ～資格と届け出～ 本文 国民健康保険 ～資格と届け出～ 印刷用ページ
志免町	13	保育園に入園出来ず育児休業延長した際の在園児退園について	https://www.town.shime.lg.jp/site/goiken/ikujikyugyouencho-zaienjitaien.html	保育園に入園出来ず育児休業延長した際の在園児退園について - 志免町ホームページ ページの先頭です。 メニューを飛ばして本文へ メニュー パソコン表示 スマートフォン表示 背景色 白 黒 青 文字サイズ 標準 拡大 サイトマップ はじめての方へ Multilingual（English・中文・&#54620;&#44544;） 分類でさがす 組織でさがす 目的でさがす カレンダーでさがす Googleカスタム検索 志免町で暮らす 志免町で働く 志免町を知る 企業・事業者の方 トップページ ご意見箱 保育園に入園出来ず育児休業延長した際の在園児退園について ご意見箱 ご意見・回答 引越しと住まい 結婚・離婚・ご不幸 妊娠・出産 子ども・子育て 保育園 学校教育 医療と健康 福祉・介護 税・保険・社会保障 生活環境
志免町	13	町立保育園における3歳以上児への主食の提供の実施について	https://www.town.shime.lg.jp/soshiki/7/shushokuteikyoukaishi.html	町立保育園における3歳以上児への主食の提供の実施について - 志免町ホームページ ページの先頭です。 メニューを飛ばして本文へ メニュー パソコン表示 スマートフォン表示 背景色 白 黒 青 文字サイズ 標準 拡大 サイトマップ はじめての方へ Multilingual（English・中文・&#54620;&#44544;） 分類でさがす 組織でさがす 目的でさがす カレンダーでさがす Googleカスタム検索 志免町で暮らす 志免町で働く 志免町を知る 企業・事業者の方 トップページ 分類でさがす 志免町からのおしらせ おしらせ おしらせ > 町立保育園における3歳以上児への主食の提供の実施について トップページ 分類でさがす 志免町で暮らす ライフステージ 子ども・子育て > 町立保育園における3歳以上児
志免町	13	119番通報のしかた	https://www.town.shime.lg.jp/site/bousai-bouhan/ititikyuu.html	119番通報のしかた - 志免町ホームページ ページの先頭です。 メニューを飛ばして本文へ メニュー パソコン表示 スマートフォン表示 背景色 白 黒 青 文字サイズ 標準 拡大 サイトマップ はじめての方へ Multilingual（English・中文・&#54620;&#44544;） 分類でさがす 組織でさがす 目的でさがす カレンダーでさがす Googleカスタム検索 志免町で暮らす 志免町で働く 志免町を知る 企業・事業者の方 トップページ 防災・防犯情報 119番通報のしかた 防災・防犯情報 お知らせ お知らせ 災害支援情報 防災無線 防災無線の放送内容 ハザードマップ 志免町防災ハザードマップ 避難所一覧表 土砂災害警戒区域 5段階の警戒レベル（避難情報） 防災に関する計画 防災に関する計画 避
志免町	13	地域猫活動とは？	https://www.town.shime.lg.jp/soshiki/8/tiikineko.html	地域猫活動とは？ - 志免町ホームページ ページの先頭です。 メニューを飛ばして本文へ メニュー パソコン表示 スマートフォン表示 背景色 白 黒 青 文字サイズ 標準 拡大 サイトマップ はじめての方へ Multilingual（English・中文・&#54620;&#44544;） 分類でさがす 組織でさがす 目的でさがす カレンダーでさがす Googleカスタム検索 志免町で暮らす 志免町で働く 志免町を知る 企業・事業者の方 トップページ 分類でさがす 志免町で暮らす ライフステージ 生活環境 > 地域猫活動とは？ 本文 地域猫活動とは？ 印刷用ページを表示する 掲載日：2026年4月21日更新 Tweet ＜外部リンク＞ 飼い主のいない猫によるフンや尿、鳴き声などの被害を地域の問題として捉え、地域住
志免町	13	家庭ごみの正しい出し方	https://www.town.shime.lg.jp/soshiki/8/kateigominotadasiidasikata.html	家庭ごみの正しい出し方 - 志免町ホームページ ページの先頭です。 メニューを飛ばして本文へ メニュー パソコン表示 スマートフォン表示 背景色 白 黒 青 文字サイズ 標準 拡大 サイトマップ はじめての方へ Multilingual（English・中文・&#54620;&#44544;） 分類でさがす 組織でさがす 目的でさがす カレンダーでさがす Googleカスタム検索 志免町で暮らす 志免町で働く 志免町を知る 企業・事業者の方 トップページ 分類でさがす 志免町で暮らす ライフステージ ごみの出し方 > 家庭ごみの正しい出し方 本文 家庭ごみの正しい出し方 印刷用ページを表示する 掲載日：2026年2月6日更新 Tweet ＜外部リンク＞ 分ければ「資源」！混ぜれば「ごみ」！分別収集にご協力くださ
志免町	13	ペダル付き原動機付自転車について	https://www.town.shime.lg.jp/soshiki/3/pedarutuki.html	ペダル付き原動機付自転車について - 志免町ホームページ ページの先頭です。 メニューを飛ばして本文へ メニュー パソコン表示 スマートフォン表示 背景色 白 黒 青 文字サイズ 標準 拡大 サイトマップ はじめての方へ Multilingual（English・中文・&#54620;&#44544;） 分類でさがす 組織でさがす 目的でさがす カレンダーでさがす Googleカスタム検索 志免町で暮らす 志免町で働く 志免町を知る 企業・事業者の方 トップページ 分類でさがす 志免町からのおしらせ おしらせ おしらせ > ペダル付き原動機付自転車について トップページ 分類でさがす 志免町で暮らす ライフステージ 税金 > ペダル付き原動機付自転車について 本文 ペダル付き原動機付自転車について 印刷用ページ
志免町	12	まちづくり	https://www.town.shime.lg.jp/life/sub/6/4/	まちづくり - 志免町ホームページ ページの先頭です。 メニューを飛ばして本文へ メニュー パソコン表示 スマートフォン表示 背景色 白 黒 青 文字サイズ 標準 拡大 サイトマップ はじめての方へ Multilingual（English・中文・&#54620;&#44544;） 分類でさがす 組織でさがす 目的でさがす カレンダーでさがす Googleカスタム検索 志免町で暮らす 志免町で働く 志免町を知る 企業・事業者の方 トップページ 助成・手当など まちづくり 本文 まちづくり まちづくり支援室 2025年3月25日更新 助成金情報 （ まちの魅力推進課 ） まちづくり支援室の情報を全て見る 前のページに戻る このページのトップへ 個人情報の取り扱いについて 免責事項 このホームページについて RSS
篠栗町	38	子ども医療費支給制度	https://www.town.sasaguri.fukuoka.jp/kosodate/kosodate_site/kosodate_sien/kosodate_index/kosodate_teate/2318.html	子ども医療費支給制度／篠栗町 本文へ 文字サイズ 子育て支援情報 施設を探す ささぐりまち子育て情報サイト イベントを探す 急病・緊急 現在の位置 ホーム 子育て・教育 子育てサイト 子育て支援情報 ジャンルで探す 手当・助成 子ども医療費支給制度 子ども医療費支給制度 町内にお住まいのお子さんを対象に、病気やケガで病院にかかったときの医療費の一部を、篠栗町と福岡県が負担（支給）する制度です。 下記受給要件に該当する方は、お子さんの氏名が載ったマイナ保険証や資格確認書等と、生計維持者とお子さんの個人番号が分かるもの（マイナンバーカード等）をご持参のうえ、住民課 高齢者・公費医療係へ申請をしてください。 子ども医療証の受給要件 子どもとその保護者が篠栗町の住民であること（住民票に記録されていること） 子どもが健康
篠栗町	38	ひとり親家庭等医療費支給制度	https://www.town.sasaguri.fukuoka.jp/kosodate/kosodate_site/kosodate_sien/kosodate_index/kosodate_teate/2319.html	ひとり親家庭等医療費支給制度／篠栗町 本文へ 文字サイズ 子育て支援情報 施設を探す ささぐりまち子育て情報サイト イベントを探す 急病・緊急 現在の位置 ホーム 子育て・教育 子育てサイト 子育て支援情報 ジャンルで探す 手当・助成 ひとり親家庭等医療費支給制度 ひとり親家庭等医療費支給制度 町内にお住まいの母子家庭の母及び児童、父子家庭の父及び児童、父母のない児童などが、病気やけがで病院などにかかったときの医療費の一部を、篠栗町と福岡県が負担（支給）する制度です。 ひとり親家庭等医療の受給要件 篠栗町の住民であること（住民票に記録されていること） 健康保険の被保険者または被扶養者であること 下記の要件のいずれかに該当すること 要件詳細 母子家庭の母及び父子家庭の父 配偶者（婚姻の届出はしていないが、事実上婚
篠栗町	38	ひとり親家庭への支援	https://www.town.sasaguri.fukuoka.jp/kosodate/kosodate_site/kosodate_sien/kosodate_index/kosodate_teate/2322.html	ひとり親家庭への支援／篠栗町 本文へ 文字サイズ 子育て支援情報 施設を探す ささぐりまち子育て情報サイト イベントを探す 急病・緊急 現在の位置 ホーム 子育て・教育 子育てサイト 子育て支援情報 ジャンルで探す 手当・助成 ひとり親家庭への支援 ひとり親家庭への支援 ひとり親家庭等日常生活支援事業 母子家庭、父子家庭及び寡婦が、就職活動や疾病、就業上の理由などによって生活援助、保育サービスを必要とする場合に、支援員の派遣をしています。 支援員の派遣を希望する世帯は登録が必要ですので、登録申請書をこども育成課に提出してください。 支援の対象 技能習得のための通学、就職活動等自立促進のために一時的に利用する方 疾病、出産、看護、事故、災害、冠婚葬祭、失踪、残業、転勤、出張、学校等の公式行事の参加等のために一時的
篠栗町	38	重度障がい者医療費支給制度	https://www.town.sasaguri.fukuoka.jp/kosodate/kosodate_site/kosodate_sien/kosodate_index/kosodate_teate/2323.html	重度障がい者医療費支給制度／篠栗町 本文へ 文字サイズ 子育て支援情報 施設を探す ささぐりまち子育て情報サイト イベントを探す 急病・緊急 現在の位置 ホーム 子育て・教育 子育てサイト 子育て支援情報 ジャンルで探す 手当・助成 重度障がい者医療費支給制度 重度障がい者医療費支給制度 町内にお住まいの重度障がい者の方が、病気やけがで病院などにかかったときの医療費の一部を、篠栗町と福岡県が負担（支給）する制度です。 重度障がい者医療の受給要件 篠栗町の住民であること（住民票に記録されていること） 重度障がい者が健康保険の被保険者または被扶養者であること 下記の障害要件のいずれかに該当する重度障がい者であること 障害要件 身体障がい者 身体障害者手帳1級または2級の方 知的障がい者 療養手帳A（IQ35以下）の
篠栗町	38	未熟児養育医療給付事業	https://www.town.sasaguri.fukuoka.jp/kosodate/kosodate_site/kosodate_sien/kosodate_index/kosodate_teate/2324.html	未熟児養育医療給付事業／篠栗町 本文へ 文字サイズ 子育て支援情報 施設を探す ささぐりまち子育て情報サイト イベントを探す 急病・緊急 現在の位置 ホーム 子育て・教育 子育てサイト 子育て支援情報 ジャンルで探す 手当・助成 未熟児養育医療給付事業 未熟児養育医療給付事業 出生時の体重が2,000グラム以下または身体の発育が未熟のまま出生したお子さんで、指定医療機関へ入院し、養育を行う必要のあるお子さんに対して、医療の給付を行う制度です。 ただし、世帯の収入に応じて自己負担があります。 申請担当窓口は、健康課 母子保健係（オアシス篠栗内）です。 医療機関から「養育医療意見書」受領後、すみやかに他の必要な書類をそろえて申請を行ってください。 対象者 篠栗町に居住する乳児（1歳に満たないお子様）で、次に掲げるい
篠栗町	38	児童手当	https://www.town.sasaguri.fukuoka.jp/kosodate/kosodate_site/kosodate_sien/kosodate_index/kosodate_teate/2325.html	児童手当／篠栗町 本文へ 文字サイズ 子育て支援情報 施設を探す ささぐりまち子育て情報サイト イベントを探す 急病・緊急 現在の位置 ホーム 子育て・教育 子育てサイト 子育て支援情報 ジャンルで探す 手当・助成 児童手当 児童手当 児童手当とは 児童手当とは、家庭などにおける生活の安定に寄与するとともに、次代の社会を担う児童の健やかな成長に資するため、児童を養育している方に手当を支給する制度です。 児童手当を受けられる人 児童手当は、日本国内に住所があって、高校生年代（18歳になる年度の3月末まで）の児童を養育している方に支給されます。 児童手当の申請 児童手当は、手当を受けようとする人の認定請求に基づいて支給しますので、出生や転入などで受給資格が生じた場合は、住所地の役所窓口で次の書類を持参のうえ手続きを
篠栗町	38	特別児童扶養手当	https://www.town.sasaguri.fukuoka.jp/kosodate/kosodate_site/kosodate_sien/kosodate_index/kosodate_teate/2326.html	特別児童扶養手当／篠栗町 本文へ 文字サイズ 子育て支援情報 施設を探す ささぐりまち子育て情報サイト イベントを探す 急病・緊急 現在の位置 ホーム 子育て・教育 子育てサイト 子育て支援情報 ジャンルで探す 手当・助成 特別児童扶養手当 特別児童扶養手当 特別児童扶養手当とは 特別児童扶養手当とは、精神や身体に一定の障がいがある20歳未満の児童について、児童の福祉の増進を図ることを目的として手当を支給する制度です。 特別児童扶養手当を受けられる人 日本国内に住所があり、精神または身体に重度または中度以上の障がいのある児童を監護している父もしくは母、または父母に変わってその児童を養育している方に支給されます。 次のいずれかに該当するときは手当を受給できません 対象児童が、日本国内に住所を有しないとき。 対象児
篠栗町	38	未熟児養育医療給付事業	https://www.town.sasaguri.fukuoka.jp/kosodate/kosodate_site/kosodate_sien/kosodate_nenrei/kosodate_zero/2339.html	未熟児養育医療給付事業／篠栗町 本文へ 文字サイズ 子育て支援情報 施設を探す ささぐりまち子育て情報サイト イベントを探す 急病・緊急 現在の位置 ホーム 子育て・教育 子育てサイト 子育て支援情報 年齢別で探す 0歳 未熟児養育医療給付事業 未熟児養育医療給付事業 出生時の体重が2,000グラム以下または身体の発育が未熟のまま出生したお子さんで、指定医療機関へ入院し、養育を行う必要のあるお子さんに対して、医療の給付を行う制度です。 ただし、世帯の収入に応じて自己負担があります。 申請担当窓口は、健康課 母子保健係（オアシス篠栗内）です。 医療機関から「養育医療意見書」受領後、すみやかに他の必要な書類をそろえて申請を行ってください。 対象者 篠栗町に居住する乳児（1歳に満たないお子様）で、次に掲げるいずれかの
篠栗町	38	児童手当	https://www.town.sasaguri.fukuoka.jp/kosodate/kosodate_site/kosodate_sien/kosodate_nenrei/kosodate_zero/2345.html	児童手当／篠栗町 本文へ 文字サイズ 子育て支援情報 施設を探す ささぐりまち子育て情報サイト イベントを探す 急病・緊急 現在の位置 ホーム 子育て・教育 子育てサイト 子育て支援情報 年齢別で探す 0歳 児童手当 児童手当 児童手当とは 児童手当とは、家庭などにおける生活の安定に寄与するとともに、次代の社会を担う児童の健やかな成長に資するため、児童を養育している方に手当を支給する制度です。 児童手当を受けられる人 児童手当は、日本国内に住所があって、高校生年代（18歳になる年度の3月末まで）の児童を養育している方に支給されます。 児童手当の申請 児童手当は、手当を受けようとする人の認定請求に基づいて支給しますので、出生や転入などで受給資格が生じた場合は、住所地の役所窓口で次の書類を持参のうえ手続きをしてくだ
篠栗町	38	特別児童扶養手当	https://www.town.sasaguri.fukuoka.jp/kosodate/kosodate_site/kosodate_sien/kosodate_nenrei/kosodate_zero/2346.html	特別児童扶養手当／篠栗町 本文へ 文字サイズ 子育て支援情報 施設を探す ささぐりまち子育て情報サイト イベントを探す 急病・緊急 現在の位置 ホーム 子育て・教育 子育てサイト 子育て支援情報 年齢別で探す 0歳 特別児童扶養手当 特別児童扶養手当 特別児童扶養手当とは 特別児童扶養手当とは、精神や身体に一定の障がいがある20歳未満の児童について、児童の福祉の増進を図ることを目的として手当を支給する制度です。 特別児童扶養手当を受けられる人 日本国内に住所があり、精神または身体に重度または中度以上の障がいのある児童を監護している父もしくは母、または父母に変わってその児童を養育している方に支給されます。 次のいずれかに該当するときは手当を受給できません 対象児童が、日本国内に住所を有しないとき。 対象児童が、障
篠栗町	38	児童手当	https://www.town.sasaguri.fukuoka.jp/kosodate/kosodate_site/kosodate_sien/kosodate_nenrei/kosodate_shou/2377.html	児童手当／篠栗町 本文へ 文字サイズ 子育て支援情報 施設を探す ささぐりまち子育て情報サイト イベントを探す 急病・緊急 現在の位置 ホーム 子育て・教育 子育てサイト 子育て支援情報 年齢別で探す 小学生以上 児童手当 児童手当 児童手当とは 児童手当とは、家庭などにおける生活の安定に寄与するとともに、次代の社会を担う児童の健やかな成長に資するため、児童を養育している方に手当を支給する制度です。 児童手当を受けられる人 児童手当は、日本国内に住所があって、高校生年代（18歳になる年度の3月末まで）の児童を養育している方に支給されます。 児童手当の申請 児童手当は、手当を受けようとする人の認定請求に基づいて支給しますので、出生や転入などで受給資格が生じた場合は、住所地の役所窓口で次の書類を持参のうえ手続きをし
篠栗町	38	特別児童扶養手当	https://www.town.sasaguri.fukuoka.jp/kosodate/kosodate_site/kosodate_sien/kosodate_nenrei/kosodate_shou/2379.html	特別児童扶養手当／篠栗町 本文へ 文字サイズ 子育て支援情報 施設を探す ささぐりまち子育て情報サイト イベントを探す 急病・緊急 現在の位置 ホーム 子育て・教育 子育てサイト 子育て支援情報 年齢別で探す 小学生以上 特別児童扶養手当 特別児童扶養手当 特別児童扶養手当とは 特別児童扶養手当とは、精神や身体に一定の障がいがある20歳未満の児童について、児童の福祉の増進を図ることを目的として手当を支給する制度です。 特別児童扶養手当を受けられる人 日本国内に住所があり、精神または身体に重度または中度以上の障がいのある児童を監護している父もしくは母、または父母に変わってその児童を養育している方に支給されます。 次のいずれかに該当するときは手当を受給できません 対象児童が、日本国内に住所を有しないとき。 対象児童
篠栗町	38	児童手当	https://www.town.sasaguri.fukuoka.jp/kosodate/kosodate_site/kosodate_sien/kosodate_nenrei/kosodate_one/2358.html	児童手当／篠栗町 本文へ 文字サイズ 子育て支援情報 施設を探す ささぐりまち子育て情報サイト イベントを探す 急病・緊急 現在の位置 ホーム 子育て・教育 子育てサイト 子育て支援情報 年齢別で探す 1~5歳 児童手当 児童手当 児童手当とは 児童手当とは、家庭などにおける生活の安定に寄与するとともに、次代の社会を担う児童の健やかな成長に資するため、児童を養育している方に手当を支給する制度です。 児童手当を受けられる人 児童手当は、日本国内に住所があって、高校生年代（18歳になる年度の3月末まで）の児童を養育している方に支給されます。 児童手当の申請 児童手当は、手当を受けようとする人の認定請求に基づいて支給しますので、出生や転入などで受給資格が生じた場合は、住所地の役所窓口で次の書類を持参のうえ手続きをして
篠栗町	38	特別児童扶養手当	https://www.town.sasaguri.fukuoka.jp/kosodate/kosodate_site/kosodate_sien/kosodate_nenrei/kosodate_one/2359.html	特別児童扶養手当／篠栗町 本文へ 文字サイズ 子育て支援情報 施設を探す ささぐりまち子育て情報サイト イベントを探す 急病・緊急 現在の位置 ホーム 子育て・教育 子育てサイト 子育て支援情報 年齢別で探す 1~5歳 特別児童扶養手当 特別児童扶養手当 特別児童扶養手当とは 特別児童扶養手当とは、精神や身体に一定の障がいがある20歳未満の児童について、児童の福祉の増進を図ることを目的として手当を支給する制度です。 特別児童扶養手当を受けられる人 日本国内に住所があり、精神または身体に重度または中度以上の障がいのある児童を監護している父もしくは母、または父母に変わってその児童を養育している方に支給されます。 次のいずれかに該当するときは手当を受給できません 対象児童が、日本国内に住所を有しないとき。 対象児童が
篠栗町	36	出産育児一時金	https://www.town.sasaguri.fukuoka.jp/kosodate/kosodate_site/kosodate_sien/kosodate_index/kosodate_teate/2327.html	出産育児一時金／篠栗町 本文へ 文字サイズ 子育て支援情報 施設を探す ささぐりまち子育て情報サイト イベントを探す 急病・緊急 現在の位置 ホーム 子育て・教育 子育てサイト 子育て支援情報 ジャンルで探す 手当・助成 出産育児一時金 出産育児一時金 国民健康保険の加入者が出産した場合、出産育児一時金が支給されます。 ただし、他の健康保険等から支給を受けられる場合は、国民健康保険からは支給されません。 （2年を経過すると支給されなくなりますのでご注意ください。） 支給額 出産育児一時金の金額 出産日 出産育児一時金 産科医療補償制度に加入の分娩機関の場合 令和5年4月1日以降 48.8万円 50万円 令和5年3月31日まで 40.8万円 42万円 この記事に関するお問い合わせ先 住民課 国保・年金係 〒811
篠栗町	33	就学援助について	https://www.town.sasaguri.fukuoka.jp/kosodate/kosodate_site/kosodate_sien/kosodate_index/kosodate_teate/2321.html	就学援助について／篠栗町 本文へ 文字サイズ 子育て支援情報 施設を探す ささぐりまち子育て情報サイト イベントを探す 急病・緊急 現在の位置 ホーム 子育て・教育 子育てサイト 子育て支援情報 ジャンルで探す 手当・助成 就学援助について 就学援助について 就学援助とは 就学援助とは、経済的な理由で小学校・中学校への就学に支障をきたすと認められる児童や生徒の保護者に対して、学用品や給食費など、学校で必要な費用の一部を援助する制度です。 就学援助の申請は、毎年行う必要があります。 申請期間1．6月の第一月曜日～6月の最終金曜日（申請年度の4月分から支給） 申請期間2．7月～12月（申請した月から支給） ※4月、5月は申請を受け付けていません ※1月～3月に転入や家計の急変などの事情で申請を希望される場合はご相談
篠栗町	33	JR特定者用定期乗車券割引制度	https://www.town.sasaguri.fukuoka.jp/kosodate/kosodate_site/kosodate_sien/kosodate_index/kosodate_teate/5864.html	JR特定者用定期乗車券割引制度／篠栗町 本文へ 文字サイズ 子育て支援情報 施設を探す ささぐりまち子育て情報サイト イベントを探す 急病・緊急 現在の位置 ホーム 子育て・教育 子育てサイト 子育て支援情報 ジャンルで探す 手当・助成 JR特定者用定期乗車券割引制度 JR特定者用定期乗車券割引制度 JR特定者用定期乗車券割引制度とは 児童扶養手当の支給を受けている人およびその世帯員が、通勤に伴うJR通勤定期券を購入する際に、各市町村で発行する「特定者資格証明書」と「特定者用定期乗車券購入証明書」を提示することにより3割引で購入できます。 （注意）割引の対象は「通勤」定期券のみです。「通学」定期券は対象外となりますのでご注意ください。なお、他の割引制度の方が安価に購入できる場合がありますのでご注意ください。（実
篠栗町	33	就学援助について	https://www.town.sasaguri.fukuoka.jp/kosodate/kosodate_site/kosodate_sien/kosodate_nenrei/kosodate_shou/2370.html	就学援助について／篠栗町 本文へ 文字サイズ 子育て支援情報 施設を探す ささぐりまち子育て情報サイト イベントを探す 急病・緊急 現在の位置 ホーム 子育て・教育 子育てサイト 子育て支援情報 年齢別で探す 小学生以上 就学援助について 就学援助について 就学援助とは 就学援助とは、経済的な理由で小学校・中学校への就学に支障をきたすと認められる児童や生徒の保護者に対して、学用品や給食費など、学校で必要な費用の一部を援助する制度です。 就学援助の申請は、毎年行う必要があります。 申請期間1．6月の第一月曜日～6月の最終金曜日（申請年度の4月分から支給） 申請期間2．7月～12月（申請した月から支給） ※4月、5月は申請を受け付けていません ※1月～3月に転入や家計の急変などの事情で申請を希望される場合はご相談く
篠栗町	32	産前・産後支援ヘルパー事業	https://www.town.sasaguri.fukuoka.jp/kosodate/kosodate_site/kosodate_sien/kosodate_nenrei/kosodate_zero/2335.html	産前・産後支援ヘルパー事業／篠栗町 本文へ 文字サイズ 子育て支援情報 施設を探す ささぐりまち子育て情報サイト イベントを探す 急病・緊急 現在の位置 ホーム 子育て・教育 子育てサイト 子育て支援情報 年齢別で探す 0歳 産前・産後支援ヘルパー事業 産前・産後支援ヘルパー事業 出産前後、体調不良などの理由で家事・育児などの援助を必要とする家庭に、ヘルパーの利用にかかる費用を助成します。（事前申請が必要です） 利用者 篠栗町に住所を有する産前から生後1年未満の乳児がおり、次の1～3のいずれかに該当する家庭が対象です。 （ただし、産前の場合は医師の所見が必要です。） 昼間、家事や育児などを手伝ってくれる人がいない核家族等の家庭 多胎児（双子以上）の乳児がいる家庭 身内は近くにいるが（または同居している）が、高齢
篠栗町	32	子ども医療費支給制度	https://www.town.sasaguri.fukuoka.jp/kosodate/kosodate_site/kosodate_sien/kosodate_nenrei/kosodate_zero/2340.html	子ども医療費支給制度／篠栗町 本文へ 文字サイズ 子育て支援情報 施設を探す ささぐりまち子育て情報サイト イベントを探す 急病・緊急 現在の位置 ホーム 子育て・教育 子育てサイト 子育て支援情報 年齢別で探す 0歳 子ども医療費支給制度 子ども医療費支給制度 町内にお住まいのお子さんを対象に、病気やケガで病院にかかったときの医療費の一部を、篠栗町と福岡県が負担（支給）する制度です。 下記受給要件に該当する方は、お子さんの氏名が載ったマイナ保険証や資格確認書等と、生計維持者とお子さんの個人番号が分かるもの（マイナンバーカード等）をご持参のうえ、住民課 高齢者・公費医療係へ申請をしてください。 子ども医療証の受給要件 子どもとその保護者が篠栗町の住民であること（住民票に記録されていること） 子どもが健康保険の被
篠栗町	32	ひとり親家庭等医療費支給制度	https://www.town.sasaguri.fukuoka.jp/kosodate/kosodate_site/kosodate_sien/kosodate_nenrei/kosodate_zero/2341.html	ひとり親家庭等医療費支給制度／篠栗町 本文へ 文字サイズ 子育て支援情報 施設を探す ささぐりまち子育て情報サイト イベントを探す 急病・緊急 現在の位置 ホーム 子育て・教育 子育てサイト 子育て支援情報 年齢別で探す 0歳 ひとり親家庭等医療費支給制度 ひとり親家庭等医療費支給制度 町内にお住まいの母子家庭の母及び児童、父子家庭の父及び児童、父母のない児童などが、病気やけがで病院などにかかったときの医療費の一部を、篠栗町と福岡県が負担（支給）する制度です。 ひとり親家庭等医療の受給要件 篠栗町の住民であること（住民票に記録されていること） 健康保険の被保険者または被扶養者であること 下記の要件のいずれかに該当すること 要件詳細 母子家庭の母及び父子家庭の父 配偶者（婚姻の届出はしていないが、事実上婚姻関係と
篠栗町	32	ひとり親家庭への支援	https://www.town.sasaguri.fukuoka.jp/kosodate/kosodate_site/kosodate_sien/kosodate_nenrei/kosodate_zero/2343.html	ひとり親家庭への支援／篠栗町 本文へ 文字サイズ 子育て支援情報 施設を探す ささぐりまち子育て情報サイト イベントを探す 急病・緊急 現在の位置 ホーム 子育て・教育 子育てサイト 子育て支援情報 年齢別で探す 0歳 ひとり親家庭への支援 ひとり親家庭への支援 ひとり親家庭等日常生活支援事業 母子家庭、父子家庭及び寡婦が、就職活動や疾病、就業上の理由などによって生活援助、保育サービスを必要とする場合に、支援員の派遣をしています。 支援員の派遣を希望する世帯は登録が必要ですので、登録申請書をこども育成課に提出してください。 支援の対象 技能習得のための通学、就職活動等自立促進のために一時的に利用する方 疾病、出産、看護、事故、災害、冠婚葬祭、失踪、残業、転勤、出張、学校等の公式行事の参加等のために一時的に利用す
篠栗町	32	重度障がい者医療費支給制度	https://www.town.sasaguri.fukuoka.jp/kosodate/kosodate_site/kosodate_sien/kosodate_nenrei/kosodate_zero/2344.html	重度障がい者医療費支給制度／篠栗町 本文へ 文字サイズ 子育て支援情報 施設を探す ささぐりまち子育て情報サイト イベントを探す 急病・緊急 現在の位置 ホーム 子育て・教育 子育てサイト 子育て支援情報 年齢別で探す 0歳 重度障がい者医療費支給制度 重度障がい者医療費支給制度 町内にお住まいの重度障がい者の方が、病気やけがで病院などにかかったときの医療費の一部を、篠栗町と福岡県が負担（支給）する制度です。 重度障がい者医療の受給要件 篠栗町の住民であること（住民票に記録されていること） 重度障がい者が健康保険の被保険者または被扶養者であること 下記の障害要件のいずれかに該当する重度障がい者であること 障害要件 身体障がい者 身体障害者手帳1級または2級の方 知的障がい者 療養手帳A（IQ35以下）の方 重複
篠栗町	32	子ども医療費支給制度	https://www.town.sasaguri.fukuoka.jp/kosodate/kosodate_site/kosodate_sien/kosodate_nenrei/kosodate_shou/2371.html	子ども医療費支給制度／篠栗町 本文へ 文字サイズ 子育て支援情報 施設を探す ささぐりまち子育て情報サイト イベントを探す 急病・緊急 現在の位置 ホーム 子育て・教育 子育てサイト 子育て支援情報 年齢別で探す 小学生以上 子ども医療費支給制度 子ども医療費支給制度 町内にお住まいのお子さんを対象に、病気やケガで病院にかかったときの医療費の一部を、篠栗町と福岡県が負担（支給）する制度です。 下記受給要件に該当する方は、お子さんの氏名が載ったマイナ保険証や資格確認書等と、生計維持者とお子さんの個人番号が分かるもの（マイナンバーカード等）をご持参のうえ、住民課 高齢者・公費医療係へ申請をしてください。 子ども医療証の受給要件 子どもとその保護者が篠栗町の住民であること（住民票に記録されていること） 子どもが健康保
篠栗町	32	ひとり親家庭等医療費支給制度	https://www.town.sasaguri.fukuoka.jp/kosodate/kosodate_site/kosodate_sien/kosodate_nenrei/kosodate_shou/2372.html	ひとり親家庭等医療費支給制度／篠栗町 本文へ 文字サイズ 子育て支援情報 施設を探す ささぐりまち子育て情報サイト イベントを探す 急病・緊急 現在の位置 ホーム 子育て・教育 子育てサイト 子育て支援情報 年齢別で探す 小学生以上 ひとり親家庭等医療費支給制度 ひとり親家庭等医療費支給制度 町内にお住まいの母子家庭の母及び児童、父子家庭の父及び児童、父母のない児童などが、病気やけがで病院などにかかったときの医療費の一部を、篠栗町と福岡県が負担（支給）する制度です。 ひとり親家庭等医療の受給要件 篠栗町の住民であること（住民票に記録されていること） 健康保険の被保険者または被扶養者であること 下記の要件のいずれかに該当すること 要件詳細 母子家庭の母及び父子家庭の父 配偶者（婚姻の届出はしていないが、事実上婚姻
篠栗町	32	ひとり親家庭への支援	https://www.town.sasaguri.fukuoka.jp/kosodate/kosodate_site/kosodate_sien/kosodate_nenrei/kosodate_shou/2375.html	ひとり親家庭への支援／篠栗町 本文へ 文字サイズ 子育て支援情報 施設を探す ささぐりまち子育て情報サイト イベントを探す 急病・緊急 現在の位置 ホーム 子育て・教育 子育てサイト 子育て支援情報 年齢別で探す 小学生以上 ひとり親家庭への支援 ひとり親家庭への支援 ひとり親家庭等日常生活支援事業 母子家庭、父子家庭及び寡婦が、就職活動や疾病、就業上の理由などによって生活援助、保育サービスを必要とする場合に、支援員の派遣をしています。 支援員の派遣を希望する世帯は登録が必要ですので、登録申請書をこども育成課に提出してください。 支援の対象 技能習得のための通学、就職活動等自立促進のために一時的に利用する方 疾病、出産、看護、事故、災害、冠婚葬祭、失踪、残業、転勤、出張、学校等の公式行事の参加等のために一時的に
篠栗町	32	重度障がい者医療費支給制度	https://www.town.sasaguri.fukuoka.jp/kosodate/kosodate_site/kosodate_sien/kosodate_nenrei/kosodate_shou/2376.html	重度障がい者医療費支給制度／篠栗町 本文へ 文字サイズ 子育て支援情報 施設を探す ささぐりまち子育て情報サイト イベントを探す 急病・緊急 現在の位置 ホーム 子育て・教育 子育てサイト 子育て支援情報 年齢別で探す 小学生以上 重度障がい者医療費支給制度 重度障がい者医療費支給制度 町内にお住まいの重度障がい者の方が、病気やけがで病院などにかかったときの医療費の一部を、篠栗町と福岡県が負担（支給）する制度です。 重度障がい者医療の受給要件 篠栗町の住民であること（住民票に記録されていること） 重度障がい者が健康保険の被保険者または被扶養者であること 下記の障害要件のいずれかに該当する重度障がい者であること 障害要件 身体障がい者 身体障害者手帳1級または2級の方 知的障がい者 療養手帳A（IQ35以下）の方
篠栗町	32	子ども医療費支給制度	https://www.town.sasaguri.fukuoka.jp/kosodate/kosodate_site/kosodate_sien/kosodate_nenrei/kosodate_one/2352.html	子ども医療費支給制度／篠栗町 本文へ 文字サイズ 子育て支援情報 施設を探す ささぐりまち子育て情報サイト イベントを探す 急病・緊急 現在の位置 ホーム 子育て・教育 子育てサイト 子育て支援情報 年齢別で探す 1~5歳 子ども医療費支給制度 子ども医療費支給制度 町内にお住まいのお子さんを対象に、病気やケガで病院にかかったときの医療費の一部を、篠栗町と福岡県が負担（支給）する制度です。 下記受給要件に該当する方は、お子さんの氏名が載ったマイナ保険証や資格確認書等と、生計維持者とお子さんの個人番号が分かるもの（マイナンバーカード等）をご持参のうえ、住民課 高齢者・公費医療係へ申請をしてください。 子ども医療証の受給要件 子どもとその保護者が篠栗町の住民であること（住民票に記録されていること） 子どもが健康保険
篠栗町	32	ひとり親家庭等医療費支給制度	https://www.town.sasaguri.fukuoka.jp/kosodate/kosodate_site/kosodate_sien/kosodate_nenrei/kosodate_one/2353.html	ひとり親家庭等医療費支給制度／篠栗町 本文へ 文字サイズ 子育て支援情報 施設を探す ささぐりまち子育て情報サイト イベントを探す 急病・緊急 現在の位置 ホーム 子育て・教育 子育てサイト 子育て支援情報 年齢別で探す 1~5歳 ひとり親家庭等医療費支給制度 ひとり親家庭等医療費支給制度 町内にお住まいの母子家庭の母及び児童、父子家庭の父及び児童、父母のない児童などが、病気やけがで病院などにかかったときの医療費の一部を、篠栗町と福岡県が負担（支給）する制度です。 ひとり親家庭等医療の受給要件 篠栗町の住民であること（住民票に記録されていること） 健康保険の被保険者または被扶養者であること 下記の要件のいずれかに該当すること 要件詳細 母子家庭の母及び父子家庭の父 配偶者（婚姻の届出はしていないが、事実上婚姻関
篠栗町	32	ひとり親家庭への支援	https://www.town.sasaguri.fukuoka.jp/kosodate/kosodate_site/kosodate_sien/kosodate_nenrei/kosodate_one/2356.html	ひとり親家庭への支援／篠栗町 本文へ 文字サイズ 子育て支援情報 施設を探す ささぐりまち子育て情報サイト イベントを探す 急病・緊急 現在の位置 ホーム 子育て・教育 子育てサイト 子育て支援情報 年齢別で探す 1~5歳 ひとり親家庭への支援 ひとり親家庭への支援 ひとり親家庭等日常生活支援事業 母子家庭、父子家庭及び寡婦が、就職活動や疾病、就業上の理由などによって生活援助、保育サービスを必要とする場合に、支援員の派遣をしています。 支援員の派遣を希望する世帯は登録が必要ですので、登録申請書をこども育成課に提出してください。 支援の対象 技能習得のための通学、就職活動等自立促進のために一時的に利用する方 疾病、出産、看護、事故、災害、冠婚葬祭、失踪、残業、転勤、出張、学校等の公式行事の参加等のために一時的に利
篠栗町	32	重度障がい者医療費支給制度	https://www.town.sasaguri.fukuoka.jp/kosodate/kosodate_site/kosodate_sien/kosodate_nenrei/kosodate_one/2357.html	重度障がい者医療費支給制度／篠栗町 本文へ 文字サイズ 子育て支援情報 施設を探す ささぐりまち子育て情報サイト イベントを探す 急病・緊急 現在の位置 ホーム 子育て・教育 子育てサイト 子育て支援情報 年齢別で探す 1~5歳 重度障がい者医療費支給制度 重度障がい者医療費支給制度 町内にお住まいの重度障がい者の方が、病気やけがで病院などにかかったときの医療費の一部を、篠栗町と福岡県が負担（支給）する制度です。 重度障がい者医療の受給要件 篠栗町の住民であること（住民票に記録されていること） 重度障がい者が健康保険の被保険者または被扶養者であること 下記の障害要件のいずれかに該当する重度障がい者であること 障害要件 身体障がい者 身体障害者手帳1級または2級の方 知的障がい者 療養手帳A（IQ35以下）の方
篠栗町	31	JR特定者用定期乗車券割引制度	https://www.town.sasaguri.fukuoka.jp/kosodate/kosodate_site/kosodate_sien/kosodate_nenrei/kosodate_zero/5867.html	JR特定者用定期乗車券割引制度／篠栗町 本文へ 文字サイズ 子育て支援情報 施設を探す ささぐりまち子育て情報サイト イベントを探す 急病・緊急 現在の位置 ホーム 子育て・教育 子育てサイト 子育て支援情報 年齢別で探す 0歳 JR特定者用定期乗車券割引制度 JR特定者用定期乗車券割引制度 JR特定者用定期乗車券割引制度とは 児童扶養手当の支給を受けている人およびその世帯員が、通勤に伴うJR通勤定期券を購入する際に、各市町村で発行する「特定者資格証明書」と「特定者用定期乗車券購入証明書」を提示することにより3割引で購入できます。 （注意）割引の対象は「通勤」定期券のみです。「通学」定期券は対象外となりますのでご注意ください。なお、他の割引制度の方が安価に購入できる場合がありますのでご注意ください。（実際の定期
篠栗町	31	JR特定者用定期乗車券割引制度	https://www.town.sasaguri.fukuoka.jp/kosodate/kosodate_site/kosodate_sien/kosodate_nenrei/kosodate_shou/5869.html	JR特定者用定期乗車券割引制度／篠栗町 本文へ 文字サイズ 子育て支援情報 施設を探す ささぐりまち子育て情報サイト イベントを探す 急病・緊急 現在の位置 ホーム 子育て・教育 子育てサイト 子育て支援情報 年齢別で探す 小学生以上 JR特定者用定期乗車券割引制度 JR特定者用定期乗車券割引制度 JR特定者用定期乗車券割引制度とは 児童扶養手当の支給を受けている人およびその世帯員が、通勤に伴うJR通勤定期券を購入する際に、各市町村で発行する「特定者資格証明書」と「特定者用定期乗車券購入証明書」を提示することにより3割引で購入できます。 （注意）割引の対象は「通勤」定期券のみです。「通学」定期券は対象外となりますのでご注意ください。なお、他の割引制度の方が安価に購入できる場合がありますのでご注意ください。（実際
篠栗町	31	JR特定者用定期乗車券割引制度	https://www.town.sasaguri.fukuoka.jp/kosodate/kosodate_site/kosodate_sien/kosodate_nenrei/kosodate_one/5868.html	JR特定者用定期乗車券割引制度／篠栗町 本文へ 文字サイズ 子育て支援情報 施設を探す ささぐりまち子育て情報サイト イベントを探す 急病・緊急 現在の位置 ホーム 子育て・教育 子育てサイト 子育て支援情報 年齢別で探す 1~5歳 JR特定者用定期乗車券割引制度 JR特定者用定期乗車券割引制度 JR特定者用定期乗車券割引制度とは 児童扶養手当の支給を受けている人およびその世帯員が、通勤に伴うJR通勤定期券を購入する際に、各市町村で発行する「特定者資格証明書」と「特定者用定期乗車券購入証明書」を提示することにより3割引で購入できます。 （注意）割引の対象は「通勤」定期券のみです。「通学」定期券は対象外となりますのでご注意ください。なお、他の割引制度の方が安価に購入できる場合がありますのでご注意ください。（実際の
篠栗町	30	病児保育ルーム	https://www.town.sasaguri.fukuoka.jp/kosodate/kosodate_site/kosodate_sien/kosodate_nenrei/kosodate_zero/2336.html	病児保育ルーム／篠栗町 本文へ 文字サイズ 子育て支援情報 施設を探す ささぐりまち子育て情報サイト イベントを探す 急病・緊急 現在の位置 ホーム 子育て・教育 子育てサイト 子育て支援情報 年齢別で探す 0歳 病児保育ルーム 病児保育ルーム 病児保育ルーム「コスモス」では、病気の治療や回復期のため、保育所や学童保育所で預かることのできないお子さんを対象に病児保育事業（預かり）を行っています。この事業は、粕屋町・久山町・篠栗町の糟屋中部3町の合同による広域事業です。 平成27年度より、対象が小学6年生までに拡大されました。 病児保育ルーム「コスモス」リーフレット (PDFファイル: 2.7MB) 病児保育ルーム「コスモス」の概要 実施施設 大坪医院（住所：福岡県糟屋郡粕屋町若宮2丁目9番5号） ［JR福北ゆた
篠栗町	30	病児保育ルーム	https://www.town.sasaguri.fukuoka.jp/kosodate/kosodate_site/kosodate_sien/kosodate_nenrei/kosodate_shou/2369.html	病児保育ルーム／篠栗町 本文へ 文字サイズ 子育て支援情報 施設を探す ささぐりまち子育て情報サイト イベントを探す 急病・緊急 現在の位置 ホーム 子育て・教育 子育てサイト 子育て支援情報 年齢別で探す 小学生以上 病児保育ルーム 病児保育ルーム 病児保育ルーム「コスモス」では、病気の治療や回復期のため、保育所や学童保育所で預かることのできないお子さんを対象に病児保育事業（預かり）を行っています。この事業は、粕屋町・久山町・篠栗町の糟屋中部3町の合同による広域事業です。 平成27年度より、対象が小学6年生までに拡大されました。 病児保育ルーム「コスモス」リーフレット (PDFファイル: 2.7MB) 病児保育ルーム「コスモス」の概要 実施施設 大坪医院（住所：福岡県糟屋郡粕屋町若宮2丁目9番5号） ［JR福
篠栗町	30	病児保育ルーム	https://www.town.sasaguri.fukuoka.jp/kosodate/kosodate_site/kosodate_sien/kosodate_nenrei/kosodate_one/2349.html	病児保育ルーム／篠栗町 本文へ 文字サイズ 子育て支援情報 施設を探す ささぐりまち子育て情報サイト イベントを探す 急病・緊急 現在の位置 ホーム 子育て・教育 子育てサイト 子育て支援情報 年齢別で探す 1~5歳 病児保育ルーム 病児保育ルーム 病児保育ルーム「コスモス」では、病気の治療や回復期のため、保育所や学童保育所で預かることのできないお子さんを対象に病児保育事業（預かり）を行っています。この事業は、粕屋町・久山町・篠栗町の糟屋中部3町の合同による広域事業です。 平成27年度より、対象が小学6年生までに拡大されました。 病児保育ルーム「コスモス」リーフレット (PDFファイル: 2.7MB) 病児保育ルーム「コスモス」の概要 実施施設 大坪医院（住所：福岡県糟屋郡粕屋町若宮2丁目9番5号） ［JR福北
篠栗町	28	第3子以降の保育料無償化について	https://www.town.sasaguri.fukuoka.jp/soshiki/kodomo_ikusei/1/1_1/6008.html	第3子以降の保育料無償化について／篠栗町 スマートフォン版を表示 本文へ キーワードで検索できます 組織から探す 閲覧補助・翻訳 背景色変更 文字サイズ変更 Select Language English &#32321;&#39636;&#20013;&#25991; &#31616;&#20307;&#20013;&#25991; &#54620;&#44397;&#50612; GO 閉じる くらしの情報 くらしの情報 ふるさと納税 ふるさと納税 子育て・教育 子育て・教育 健康・福祉 健康・福祉 観光情報 観光情報 町政情報 町政情報 企業・事業者 企業・事業者 背景色変更 文字サイズ変更 Select Language English &#32321;&#39636;&#20013;&#25991;
篠栗町	26	児童扶養手当	https://www.town.sasaguri.fukuoka.jp/kosodate/kosodate_site/kosodate_sien/kosodate_index/kosodate_teate/2320.html	児童扶養手当／篠栗町 本文へ 文字サイズ 子育て支援情報 施設を探す ささぐりまち子育て情報サイト イベントを探す 急病・緊急 現在の位置 ホーム 子育て・教育 子育てサイト 子育て支援情報 ジャンルで探す 手当・助成 児童扶養手当 児童扶養手当 児童扶養手当とは 児童扶養手当とは、父母の離婚や父または母の死亡などによって、父または母と生計を同じくしていない児童について、母子・父子世帯などの生活の安定と自立を促進し、児童の福祉の増進を図るために支給する手当です。 児童扶養手当を受けられる人 次の1.～8.のいずれかに該当する児童（18歳に達する日以後の最初の3月31日までの間にある児童、障がい児については20歳未満）を監護している父または母、父または母に代わってその児童を養育している方に支給されます。 父母が婚
篠栗町	26	児童手当	https://www.town.sasaguri.fukuoka.jp/kurashi/kekkonrikon/2/2446.html	児童手当／篠栗町 スマートフォン版を表示 本文へ キーワードで検索できます 組織から探す 閲覧補助・翻訳 背景色変更 文字サイズ変更 Select Language English &#32321;&#39636;&#20013;&#25991; &#31616;&#20307;&#20013;&#25991; &#54620;&#44397;&#50612; GO 閉じる くらしの情報 くらしの情報 ふるさと納税 ふるさと納税 子育て・教育 子育て・教育 健康・福祉 健康・福祉 観光情報 観光情報 町政情報 町政情報 企業・事業者 企業・事業者 背景色変更 文字サイズ変更 Select Language English &#32321;&#39636;&#20013;&#25991; &#31616;&#20
篠栗町	26	児童扶養手当	https://www.town.sasaguri.fukuoka.jp/kurashi/kekkonrikon/2/2447.html	児童扶養手当／篠栗町 スマートフォン版を表示 本文へ キーワードで検索できます 組織から探す 閲覧補助・翻訳 背景色変更 文字サイズ変更 Select Language English &#32321;&#39636;&#20013;&#25991; &#31616;&#20307;&#20013;&#25991; &#54620;&#44397;&#50612; GO 閉じる くらしの情報 くらしの情報 ふるさと納税 ふるさと納税 子育て・教育 子育て・教育 健康・福祉 健康・福祉 観光情報 観光情報 町政情報 町政情報 企業・事業者 企業・事業者 背景色変更 文字サイズ変更 Select Language English &#32321;&#39636;&#20013;&#25991; &#31616;&#
篠栗町	26	ひとり親家庭への支援	https://www.town.sasaguri.fukuoka.jp/kurashi/kekkonrikon/2/2448.html	ひとり親家庭への支援／篠栗町 スマートフォン版を表示 本文へ キーワードで検索できます 組織から探す 閲覧補助・翻訳 背景色変更 文字サイズ変更 Select Language English &#32321;&#39636;&#20013;&#25991; &#31616;&#20307;&#20013;&#25991; &#54620;&#44397;&#50612; GO 閉じる くらしの情報 くらしの情報 ふるさと納税 ふるさと納税 子育て・教育 子育て・教育 健康・福祉 健康・福祉 観光情報 観光情報 町政情報 町政情報 企業・事業者 企業・事業者 背景色変更 文字サイズ変更 Select Language English &#32321;&#39636;&#20013;&#25991; &#3161
篠栗町	26	出産育児一時金	https://www.town.sasaguri.fukuoka.jp/kosodate/ninshinsyusan/3/2485.html	出産育児一時金／篠栗町 スマートフォン版を表示 本文へ キーワードで検索できます 組織から探す 閲覧補助・翻訳 背景色変更 文字サイズ変更 Select Language English &#32321;&#39636;&#20013;&#25991; &#31616;&#20307;&#20013;&#25991; &#54620;&#44397;&#50612; GO 閉じる くらしの情報 くらしの情報 ふるさと納税 ふるさと納税 子育て・教育 子育て・教育 健康・福祉 健康・福祉 観光情報 観光情報 町政情報 町政情報 企業・事業者 企業・事業者 背景色変更 文字サイズ変更 Select Language English &#32321;&#39636;&#20013;&#25991; &#31616;&
篠栗町	26	妊婦健康診査	https://www.town.sasaguri.fukuoka.jp/kosodate/ninshinsyusan/3/5317.html	妊婦健康診査／篠栗町 スマートフォン版を表示 本文へ キーワードで検索できます 組織から探す 閲覧補助・翻訳 背景色変更 文字サイズ変更 Select Language English &#32321;&#39636;&#20013;&#25991; &#31616;&#20307;&#20013;&#25991; &#54620;&#44397;&#50612; GO 閉じる くらしの情報 くらしの情報 ふるさと納税 ふるさと納税 子育て・教育 子育て・教育 健康・福祉 健康・福祉 観光情報 観光情報 町政情報 町政情報 企業・事業者 企業・事業者 背景色変更 文字サイズ変更 Select Language English &#32321;&#39636;&#20013;&#25991; &#31616;&#
篠栗町	26	新生児聴覚検査費用助成事業	https://www.town.sasaguri.fukuoka.jp/kosodate/ninshinsyusan/3/5318.html	新生児聴覚検査費用助成事業／篠栗町 スマートフォン版を表示 本文へ キーワードで検索できます 組織から探す 閲覧補助・翻訳 背景色変更 文字サイズ変更 Select Language English &#32321;&#39636;&#20013;&#25991; &#31616;&#20307;&#20013;&#25991; &#54620;&#44397;&#50612; GO 閉じる くらしの情報 くらしの情報 ふるさと納税 ふるさと納税 子育て・教育 子育て・教育 健康・福祉 健康・福祉 観光情報 観光情報 町政情報 町政情報 企業・事業者 企業・事業者 背景色変更 文字サイズ変更 Select Language English &#32321;&#39636;&#20013;&#25991; &#3
篠栗町	26	子ども医療費支給制度	https://www.town.sasaguri.fukuoka.jp/kosodate/kosodate/2/2467.html	子ども医療費支給制度／篠栗町 スマートフォン版を表示 本文へ キーワードで検索できます 組織から探す 閲覧補助・翻訳 背景色変更 文字サイズ変更 Select Language English &#32321;&#39636;&#20013;&#25991; &#31616;&#20307;&#20013;&#25991; &#54620;&#44397;&#50612; GO 閉じる くらしの情報 くらしの情報 ふるさと納税 ふるさと納税 子育て・教育 子育て・教育 健康・福祉 健康・福祉 観光情報 観光情報 町政情報 町政情報 企業・事業者 企業・事業者 背景色変更 文字サイズ変更 Select Language English &#32321;&#39636;&#20013;&#25991; &#3161
篠栗町	26	重度障がい者医療費支給制度	https://www.town.sasaguri.fukuoka.jp/kosodate/kosodate/2/2468.html	重度障がい者医療費支給制度／篠栗町 スマートフォン版を表示 本文へ キーワードで検索できます 組織から探す 閲覧補助・翻訳 背景色変更 文字サイズ変更 Select Language English &#32321;&#39636;&#20013;&#25991; &#31616;&#20307;&#20013;&#25991; &#54620;&#44397;&#50612; GO 閉じる くらしの情報 くらしの情報 ふるさと納税 ふるさと納税 子育て・教育 子育て・教育 健康・福祉 健康・福祉 観光情報 観光情報 町政情報 町政情報 企業・事業者 企業・事業者 背景色変更 文字サイズ変更 Select Language English &#32321;&#39636;&#20013;&#25991; &#3
篠栗町	26	ひとり親家庭等医療費支給制度	https://www.town.sasaguri.fukuoka.jp/kosodate/kosodate/2/2469.html	ひとり親家庭等医療費支給制度／篠栗町 スマートフォン版を表示 本文へ キーワードで検索できます 組織から探す 閲覧補助・翻訳 背景色変更 文字サイズ変更 Select Language English &#32321;&#39636;&#20013;&#25991; &#31616;&#20307;&#20013;&#25991; &#54620;&#44397;&#50612; GO 閉じる くらしの情報 くらしの情報 ふるさと納税 ふるさと納税 子育て・教育 子育て・教育 健康・福祉 健康・福祉 観光情報 観光情報 町政情報 町政情報 企業・事業者 企業・事業者 背景色変更 文字サイズ変更 Select Language English &#32321;&#39636;&#20013;&#25991; &#
篠栗町	26	未熟児養育医療給付事業	https://www.town.sasaguri.fukuoka.jp/kosodate/kosodate/2/2470.html	未熟児養育医療給付事業／篠栗町 スマートフォン版を表示 本文へ キーワードで検索できます 組織から探す 閲覧補助・翻訳 背景色変更 文字サイズ変更 Select Language English &#32321;&#39636;&#20013;&#25991; &#31616;&#20307;&#20013;&#25991; &#54620;&#44397;&#50612; GO 閉じる くらしの情報 くらしの情報 ふるさと納税 ふるさと納税 子育て・教育 子育て・教育 健康・福祉 健康・福祉 観光情報 観光情報 町政情報 町政情報 企業・事業者 企業・事業者 背景色変更 文字サイズ変更 Select Language English &#32321;&#39636;&#20013;&#25991; &#316
篠栗町	26	児童手当	https://www.town.sasaguri.fukuoka.jp/kosodate/kosodate/2/2471.html	児童手当／篠栗町 スマートフォン版を表示 本文へ キーワードで検索できます 組織から探す 閲覧補助・翻訳 背景色変更 文字サイズ変更 Select Language English &#32321;&#39636;&#20013;&#25991; &#31616;&#20307;&#20013;&#25991; &#54620;&#44397;&#50612; GO 閉じる くらしの情報 くらしの情報 ふるさと納税 ふるさと納税 子育て・教育 子育て・教育 健康・福祉 健康・福祉 観光情報 観光情報 町政情報 町政情報 企業・事業者 企業・事業者 背景色変更 文字サイズ変更 Select Language English &#32321;&#39636;&#20013;&#25991; &#31616;&#20
篠栗町	26	児童扶養手当	https://www.town.sasaguri.fukuoka.jp/kosodate/kosodate/2/2472.html	児童扶養手当／篠栗町 スマートフォン版を表示 本文へ キーワードで検索できます 組織から探す 閲覧補助・翻訳 背景色変更 文字サイズ変更 Select Language English &#32321;&#39636;&#20013;&#25991; &#31616;&#20307;&#20013;&#25991; &#54620;&#44397;&#50612; GO 閉じる くらしの情報 くらしの情報 ふるさと納税 ふるさと納税 子育て・教育 子育て・教育 健康・福祉 健康・福祉 観光情報 観光情報 町政情報 町政情報 企業・事業者 企業・事業者 背景色変更 文字サイズ変更 Select Language English &#32321;&#39636;&#20013;&#25991; &#31616;&#
篠栗町	26	特別児童扶養手当	https://www.town.sasaguri.fukuoka.jp/kosodate/kosodate/2/2473.html	特別児童扶養手当／篠栗町 スマートフォン版を表示 本文へ キーワードで検索できます 組織から探す 閲覧補助・翻訳 背景色変更 文字サイズ変更 Select Language English &#32321;&#39636;&#20013;&#25991; &#31616;&#20307;&#20013;&#25991; &#54620;&#44397;&#50612; GO 閉じる くらしの情報 くらしの情報 ふるさと納税 ふるさと納税 子育て・教育 子育て・教育 健康・福祉 健康・福祉 観光情報 観光情報 町政情報 町政情報 企業・事業者 企業・事業者 背景色変更 文字サイズ変更 Select Language English &#32321;&#39636;&#20013;&#25991; &#31616;
篠栗町	26	ひとり親家庭への支援	https://www.town.sasaguri.fukuoka.jp/kosodate/kosodate/2/2474.html	ひとり親家庭への支援／篠栗町 スマートフォン版を表示 本文へ キーワードで検索できます 組織から探す 閲覧補助・翻訳 背景色変更 文字サイズ変更 Select Language English &#32321;&#39636;&#20013;&#25991; &#31616;&#20307;&#20013;&#25991; &#54620;&#44397;&#50612; GO 閉じる くらしの情報 くらしの情報 ふるさと納税 ふるさと納税 子育て・教育 子育て・教育 健康・福祉 健康・福祉 観光情報 観光情報 町政情報 町政情報 企業・事業者 企業・事業者 背景色変更 文字サイズ変更 Select Language English &#32321;&#39636;&#20013;&#25991; &#3161
篠栗町	26	ひとり親家庭等医療費支給制度	https://www.town.sasaguri.fukuoka.jp/kenko/iryohi/1972.html	ひとり親家庭等医療費支給制度／篠栗町 スマートフォン版を表示 本文へ キーワードで検索できます 組織から探す 閲覧補助・翻訳 背景色変更 文字サイズ変更 Select Language English &#32321;&#39636;&#20013;&#25991; &#31616;&#20307;&#20013;&#25991; &#54620;&#44397;&#50612; GO 閉じる くらしの情報 くらしの情報 ふるさと納税 ふるさと納税 子育て・教育 子育て・教育 健康・福祉 健康・福祉 観光情報 観光情報 町政情報 町政情報 企業・事業者 企業・事業者 背景色変更 文字サイズ変更 Select Language English &#32321;&#39636;&#20013;&#25991; &#
篠栗町	26	子ども医療費支給制度	https://www.town.sasaguri.fukuoka.jp/kenko/iryohi/1971.html	子ども医療費支給制度／篠栗町 スマートフォン版を表示 本文へ キーワードで検索できます 組織から探す 閲覧補助・翻訳 背景色変更 文字サイズ変更 Select Language English &#32321;&#39636;&#20013;&#25991; &#31616;&#20307;&#20013;&#25991; &#54620;&#44397;&#50612; GO 閉じる くらしの情報 くらしの情報 ふるさと納税 ふるさと納税 子育て・教育 子育て・教育 健康・福祉 健康・福祉 観光情報 観光情報 町政情報 町政情報 企業・事業者 企業・事業者 背景色変更 文字サイズ変更 Select Language English &#32321;&#39636;&#20013;&#25991; &#3161
篠栗町	26	重度障がい者医療費支給制度	https://www.town.sasaguri.fukuoka.jp/kenko/iryohi/1973.html	重度障がい者医療費支給制度／篠栗町 スマートフォン版を表示 本文へ キーワードで検索できます 組織から探す 閲覧補助・翻訳 背景色変更 文字サイズ変更 Select Language English &#32321;&#39636;&#20013;&#25991; &#31616;&#20307;&#20013;&#25991; &#54620;&#44397;&#50612; GO 閉じる くらしの情報 くらしの情報 ふるさと納税 ふるさと納税 子育て・教育 子育て・教育 健康・福祉 健康・福祉 観光情報 観光情報 町政情報 町政情報 企業・事業者 企業・事業者 背景色変更 文字サイズ変更 Select Language English &#32321;&#39636;&#20013;&#25991; &#3
篠栗町	26	未熟児養育医療給付事業	https://www.town.sasaguri.fukuoka.jp/kenko/iryohi/1976.html	未熟児養育医療給付事業／篠栗町 スマートフォン版を表示 本文へ キーワードで検索できます 組織から探す 閲覧補助・翻訳 背景色変更 文字サイズ変更 Select Language English &#32321;&#39636;&#20013;&#25991; &#31616;&#20307;&#20013;&#25991; &#54620;&#44397;&#50612; GO 閉じる くらしの情報 くらしの情報 ふるさと納税 ふるさと納税 子育て・教育 子育て・教育 健康・福祉 健康・福祉 観光情報 観光情報 町政情報 町政情報 企業・事業者 企業・事業者 背景色変更 文字サイズ変更 Select Language English &#32321;&#39636;&#20013;&#25991; &#316
篠栗町	26	児童扶養手当	https://www.town.sasaguri.fukuoka.jp/kosodate/kosodate_site/kosodate_sien/kosodate_nenrei/kosodate_zero/2342.html	児童扶養手当／篠栗町 本文へ 文字サイズ 子育て支援情報 施設を探す ささぐりまち子育て情報サイト イベントを探す 急病・緊急 現在の位置 ホーム 子育て・教育 子育てサイト 子育て支援情報 年齢別で探す 0歳 児童扶養手当 児童扶養手当 児童扶養手当とは 児童扶養手当とは、父母の離婚や父または母の死亡などによって、父または母と生計を同じくしていない児童について、母子・父子世帯などの生活の安定と自立を促進し、児童の福祉の増進を図るために支給する手当です。 児童扶養手当を受けられる人 次の1.～8.のいずれかに該当する児童（18歳に達する日以後の最初の3月31日までの間にある児童、障がい児については20歳未満）を監護している父または母、父または母に代わってその児童を養育している方に支給されます。 父母が婚姻（事実
篠栗町	26	児童扶養手当	https://www.town.sasaguri.fukuoka.jp/kosodate/kosodate_site/kosodate_sien/kosodate_nenrei/kosodate_shou/2373.html	児童扶養手当／篠栗町 本文へ 文字サイズ 子育て支援情報 施設を探す ささぐりまち子育て情報サイト イベントを探す 急病・緊急 現在の位置 ホーム 子育て・教育 子育てサイト 子育て支援情報 年齢別で探す 小学生以上 児童扶養手当 児童扶養手当 児童扶養手当とは 児童扶養手当とは、父母の離婚や父または母の死亡などによって、父または母と生計を同じくしていない児童について、母子・父子世帯などの生活の安定と自立を促進し、児童の福祉の増進を図るために支給する手当です。 児童扶養手当を受けられる人 次の1.～8.のいずれかに該当する児童（18歳に達する日以後の最初の3月31日までの間にある児童、障がい児については20歳未満）を監護している父または母、父または母に代わってその児童を養育している方に支給されます。 父母が婚姻
篠栗町	26	児童扶養手当	https://www.town.sasaguri.fukuoka.jp/kosodate/kosodate_site/kosodate_sien/kosodate_nenrei/kosodate_one/2355.html	児童扶養手当／篠栗町 本文へ 文字サイズ 子育て支援情報 施設を探す ささぐりまち子育て情報サイト イベントを探す 急病・緊急 現在の位置 ホーム 子育て・教育 子育てサイト 子育て支援情報 年齢別で探す 1~5歳 児童扶養手当 児童扶養手当 児童扶養手当とは 児童扶養手当とは、父母の離婚や父または母の死亡などによって、父または母と生計を同じくしていない児童について、母子・父子世帯などの生活の安定と自立を促進し、児童の福祉の増進を図るために支給する手当です。 児童扶養手当を受けられる人 次の1.～8.のいずれかに該当する児童（18歳に達する日以後の最初の3月31日までの間にある児童、障がい児については20歳未満）を監護している父または母、父または母に代わってその児童を養育している方に支給されます。 父母が婚姻（
篠栗町	23	小児慢性特定疾患治療研究事業（難病の子どもに対する医療費助成）	https://www.town.sasaguri.fukuoka.jp/kenko/iryohi/2115.html	小児慢性特定疾患治療研究事業（難病の子どもに対する医療費助成）／篠栗町 スマートフォン版を表示 本文へ キーワードで検索できます 組織から探す 閲覧補助・翻訳 背景色変更 文字サイズ変更 Select Language English &#32321;&#39636;&#20013;&#25991; &#31616;&#20307;&#20013;&#25991; &#54620;&#44397;&#50612; GO 閉じる くらしの情報 くらしの情報 ふるさと納税 ふるさと納税 子育て・教育 子育て・教育 健康・福祉 健康・福祉 観光情報 観光情報 町政情報 町政情報 企業・事業者 企業・事業者 背景色変更 文字サイズ変更 Select Language English &#32321;&#39636;&#
篠栗町	23	保育施設等	https://www.town.sasaguri.fukuoka.jp/kosodate/kosodate_site/kosodate_sien/kosodate_nenrei/kosodate_zero/5464.html	保育施設等／篠栗町 本文へ 文字サイズ 子育て支援情報 施設を探す ささぐりまち子育て情報サイト イベントを探す 急病・緊急 現在の位置 ホーム 子育て・教育 子育てサイト 子育て支援情報 年齢別で探す 0歳 保育施設等 保育施設等 保育施設等の利用について 幼児教育・保育の無償化について 保育の必要性等の認定及び証明書類について 令和8年度 保育施設等入所申込について 令和8年度 保育施設等入所申込について（年度途中入所） お子様が感染症に罹患した場合は 第3子以降の保育料無償化について 篠栗町で一緒に働きませんか！ 0歳 篠栗町役場 〒811-2492 福岡県糟屋郡篠栗町中央一丁目1番1号 開庁時間：8時30分から17時 （土曜日、日曜日、祝日及び年末年始を除く） 電話番号：092-947-1111（代表番
篠栗町	23	保育施設等	https://www.town.sasaguri.fukuoka.jp/kosodate/kosodate_site/kosodate_sien/kosodate_nenrei/kosodate_one/5465.html	保育施設等／篠栗町 本文へ 文字サイズ 子育て支援情報 施設を探す ささぐりまち子育て情報サイト イベントを探す 急病・緊急 現在の位置 ホーム 子育て・教育 子育てサイト 子育て支援情報 年齢別で探す 1~5歳 保育施設等 保育施設等 保育施設等の利用について 幼児教育・保育の無償化について 保育の必要性等の認定及び証明書類について 令和8年度 保育施設等入所申込について 令和8年度 保育施設等入所申込について（年度途中入所） お子様が感染症に罹患した場合は 第3子以降の保育料無償化について 篠栗町で一緒に働きませんか！ 1~5歳 篠栗町役場 〒811-2492 福岡県糟屋郡篠栗町中央一丁目1番1号 開庁時間：8時30分から17時 （土曜日、日曜日、祝日及び年末年始を除く） 電話番号：092-947-1111
篠栗町	22	子ども医療費支給制度	https://www.town.sasaguri.fukuoka.jp/kosodate/ninshinsyusan/2/2482.html	子ども医療費支給制度／篠栗町 スマートフォン版を表示 本文へ キーワードで検索できます 組織から探す 閲覧補助・翻訳 背景色変更 文字サイズ変更 Select Language English &#32321;&#39636;&#20013;&#25991; &#31616;&#20307;&#20013;&#25991; &#54620;&#44397;&#50612; GO 閉じる くらしの情報 くらしの情報 ふるさと納税 ふるさと納税 子育て・教育 子育て・教育 健康・福祉 健康・福祉 観光情報 観光情報 町政情報 町政情報 企業・事業者 企業・事業者 背景色変更 文字サイズ変更 Select Language English &#32321;&#39636;&#20013;&#25991; &#3161
篠栗町	21	児童手当	https://www.town.sasaguri.fukuoka.jp/soshiki/kodomo_ikusei/2/840.html	児童手当／篠栗町 スマートフォン版を表示 本文へ キーワードで検索できます 組織から探す 閲覧補助・翻訳 背景色変更 文字サイズ変更 Select Language English &#32321;&#39636;&#20013;&#25991; &#31616;&#20307;&#20013;&#25991; &#54620;&#44397;&#50612; GO 閉じる くらしの情報 くらしの情報 ふるさと納税 ふるさと納税 子育て・教育 子育て・教育 健康・福祉 健康・福祉 観光情報 観光情報 町政情報 町政情報 企業・事業者 企業・事業者 背景色変更 文字サイズ変更 Select Language English &#32321;&#39636;&#20013;&#25991; &#31616;&#20
篠栗町	21	特別児童扶養手当	https://www.town.sasaguri.fukuoka.jp/soshiki/kodomo_ikusei/2/1082.html	特別児童扶養手当／篠栗町 スマートフォン版を表示 本文へ キーワードで検索できます 組織から探す 閲覧補助・翻訳 背景色変更 文字サイズ変更 Select Language English &#32321;&#39636;&#20013;&#25991; &#31616;&#20307;&#20013;&#25991; &#54620;&#44397;&#50612; GO 閉じる くらしの情報 くらしの情報 ふるさと納税 ふるさと納税 子育て・教育 子育て・教育 健康・福祉 健康・福祉 観光情報 観光情報 町政情報 町政情報 企業・事業者 企業・事業者 背景色変更 文字サイズ変更 Select Language English &#32321;&#39636;&#20013;&#25991; &#31616;
篠栗町	21	介護保険料	https://www.town.sasaguri.fukuoka.jp/soshiki/fukushi/1/1/1049.html	介護保険料／篠栗町 スマートフォン版を表示 本文へ キーワードで検索できます 組織から探す 閲覧補助・翻訳 背景色変更 文字サイズ変更 Select Language English &#32321;&#39636;&#20013;&#25991; &#31616;&#20307;&#20013;&#25991; &#54620;&#44397;&#50612; GO 閉じる くらしの情報 くらしの情報 ふるさと納税 ふるさと納税 子育て・教育 子育て・教育 健康・福祉 健康・福祉 観光情報 観光情報 町政情報 町政情報 企業・事業者 企業・事業者 背景色変更 文字サイズ変更 Select Language English &#32321;&#39636;&#20013;&#25991; &#31616;&#2
篠栗町	21	リサイクルに関する補助事業	https://www.town.sasaguri.fukuoka.jp/soshiki/toshi_seibi/1/1_1/1065.html	リサイクルに関する補助事業／篠栗町 スマートフォン版を表示 本文へ キーワードで検索できます 組織から探す 閲覧補助・翻訳 背景色変更 文字サイズ変更 Select Language English &#32321;&#39636;&#20013;&#25991; &#31616;&#20307;&#20013;&#25991; &#54620;&#44397;&#50612; GO 閉じる くらしの情報 くらしの情報 ふるさと納税 ふるさと納税 子育て・教育 子育て・教育 健康・福祉 健康・福祉 観光情報 観光情報 町政情報 町政情報 企業・事業者 企業・事業者 背景色変更 文字サイズ変更 Select Language English &#32321;&#39636;&#20013;&#25991; &#3
篠栗町	21	浄化槽	https://www.town.sasaguri.fukuoka.jp/soshiki/toshi_seibi/1/1_1/1232.html	浄化槽／篠栗町 スマートフォン版を表示 本文へ キーワードで検索できます 組織から探す 閲覧補助・翻訳 背景色変更 文字サイズ変更 Select Language English &#32321;&#39636;&#20013;&#25991; &#31616;&#20307;&#20013;&#25991; &#54620;&#44397;&#50612; GO 閉じる くらしの情報 くらしの情報 ふるさと納税 ふるさと納税 子育て・教育 子育て・教育 健康・福祉 健康・福祉 観光情報 観光情報 町政情報 町政情報 企業・事業者 企業・事業者 背景色変更 文字サイズ変更 Select Language English &#32321;&#39636;&#20013;&#25991; &#31616;&#203
篠栗町	21	ブロック塀等撤去費補助事業	https://www.town.sasaguri.fukuoka.jp/soshiki/toshi_seibi/2/1495.html	ブロック塀等撤去費補助事業／篠栗町 スマートフォン版を表示 本文へ キーワードで検索できます 組織から探す 閲覧補助・翻訳 背景色変更 文字サイズ変更 Select Language English &#32321;&#39636;&#20013;&#25991; &#31616;&#20307;&#20013;&#25991; &#54620;&#44397;&#50612; GO 閉じる くらしの情報 くらしの情報 ふるさと納税 ふるさと納税 子育て・教育 子育て・教育 健康・福祉 健康・福祉 観光情報 観光情報 町政情報 町政情報 企業・事業者 企業・事業者 背景色変更 文字サイズ変更 Select Language English &#32321;&#39636;&#20013;&#25991; &#3
篠栗町	21	産婦健康診査費用助成事業	https://www.town.sasaguri.fukuoka.jp/soshiki/kenko/1_1/5702.html	産婦健康診査費用助成事業／篠栗町 スマートフォン版を表示 本文へ キーワードで検索できます 組織から探す 閲覧補助・翻訳 背景色変更 文字サイズ変更 Select Language English &#32321;&#39636;&#20013;&#25991; &#31616;&#20307;&#20013;&#25991; &#54620;&#44397;&#50612; GO 閉じる くらしの情報 くらしの情報 ふるさと納税 ふるさと納税 子育て・教育 子育て・教育 健康・福祉 健康・福祉 観光情報 観光情報 町政情報 町政情報 企業・事業者 企業・事業者 背景色変更 文字サイズ変更 Select Language English &#32321;&#39636;&#20013;&#25991; &#31
篠栗町	21	1か月児健康診査費用助成事業	https://www.town.sasaguri.fukuoka.jp/soshiki/kenko/1_1/5703.html	1か月児健康診査費用助成事業／篠栗町 スマートフォン版を表示 本文へ キーワードで検索できます 組織から探す 閲覧補助・翻訳 背景色変更 文字サイズ変更 Select Language English &#32321;&#39636;&#20013;&#25991; &#31616;&#20307;&#20013;&#25991; &#54620;&#44397;&#50612; GO 閉じる くらしの情報 くらしの情報 ふるさと納税 ふるさと納税 子育て・教育 子育て・教育 健康・福祉 健康・福祉 観光情報 観光情報 町政情報 町政情報 企業・事業者 企業・事業者 背景色変更 文字サイズ変更 Select Language English &#32321;&#39636;&#20013;&#25991; &#
篠栗町	21	児童扶養手当	https://www.town.sasaguri.fukuoka.jp/soshiki/kodomo_ikusei/2/841.html	児童扶養手当／篠栗町 スマートフォン版を表示 本文へ キーワードで検索できます 組織から探す 閲覧補助・翻訳 背景色変更 文字サイズ変更 Select Language English &#32321;&#39636;&#20013;&#25991; &#31616;&#20307;&#20013;&#25991; &#54620;&#44397;&#50612; GO 閉じる くらしの情報 くらしの情報 ふるさと納税 ふるさと納税 子育て・教育 子育て・教育 健康・福祉 健康・福祉 観光情報 観光情報 町政情報 町政情報 企業・事業者 企業・事業者 背景色変更 文字サイズ変更 Select Language English &#32321;&#39636;&#20013;&#25991; &#31616;&#
篠栗町	21	福岡県外等で予防接種を受けるときの手続き	https://www.town.sasaguri.fukuoka.jp/soshiki/kenko/6/6499.html	福岡県外等で予防接種を受けるときの手続き／篠栗町 スマートフォン版を表示 本文へ キーワードで検索できます 組織から探す 閲覧補助・翻訳 背景色変更 文字サイズ変更 Select Language English &#32321;&#39636;&#20013;&#25991; &#31616;&#20307;&#20013;&#25991; &#54620;&#44397;&#50612; GO 閉じる くらしの情報 くらしの情報 ふるさと納税 ふるさと納税 子育て・教育 子育て・教育 健康・福祉 健康・福祉 観光情報 観光情報 町政情報 町政情報 企業・事業者 企業・事業者 背景色変更 文字サイズ変更 Select Language English &#32321;&#39636;&#20013;&#259
篠栗町	21	帯状疱疹予防接種	https://www.town.sasaguri.fukuoka.jp/soshiki/kenko/6/4652.html	帯状疱疹予防接種／篠栗町 スマートフォン版を表示 本文へ キーワードで検索できます 組織から探す 閲覧補助・翻訳 背景色変更 文字サイズ変更 Select Language English &#32321;&#39636;&#20013;&#25991; &#31616;&#20307;&#20013;&#25991; &#54620;&#44397;&#50612; GO 閉じる くらしの情報 くらしの情報 ふるさと納税 ふるさと納税 子育て・教育 子育て・教育 健康・福祉 健康・福祉 観光情報 観光情報 町政情報 町政情報 企業・事業者 企業・事業者 背景色変更 文字サイズ変更 Select Language English &#32321;&#39636;&#20013;&#25991; &#31616;
篠栗町	21	おたふくかぜワクチン予防接種費用助成事業	https://www.town.sasaguri.fukuoka.jp/soshiki/kenko/6/3465.html	おたふくかぜワクチン予防接種費用助成事業／篠栗町 スマートフォン版を表示 本文へ キーワードで検索できます 組織から探す 閲覧補助・翻訳 背景色変更 文字サイズ変更 Select Language English &#32321;&#39636;&#20013;&#25991; &#31616;&#20307;&#20013;&#25991; &#54620;&#44397;&#50612; GO 閉じる くらしの情報 くらしの情報 ふるさと納税 ふるさと納税 子育て・教育 子育て・教育 健康・福祉 健康・福祉 観光情報 観光情報 町政情報 町政情報 企業・事業者 企業・事業者 背景色変更 文字サイズ変更 Select Language English &#32321;&#39636;&#20013;&#259
篠栗町	21	大人の風しん予防接種費用助成事業	https://www.town.sasaguri.fukuoka.jp/soshiki/kenko/6/1140.html	大人の風しん予防接種費用助成事業／篠栗町 スマートフォン版を表示 本文へ キーワードで検索できます 組織から探す 閲覧補助・翻訳 背景色変更 文字サイズ変更 Select Language English &#32321;&#39636;&#20013;&#25991; &#31616;&#20307;&#20013;&#25991; &#54620;&#44397;&#50612; GO 閉じる くらしの情報 くらしの情報 ふるさと納税 ふるさと納税 子育て・教育 子育て・教育 健康・福祉 健康・福祉 観光情報 観光情報 町政情報 町政情報 企業・事業者 企業・事業者 背景色変更 文字サイズ変更 Select Language English &#32321;&#39636;&#20013;&#25991;
篠栗町	21	造血細胞移植後の予防接種再接種の費用を助成します	https://www.town.sasaguri.fukuoka.jp/soshiki/kenko/6/4272.html	造血細胞移植後の予防接種再接種の費用を助成します／篠栗町 スマートフォン版を表示 本文へ キーワードで検索できます 組織から探す 閲覧補助・翻訳 背景色変更 文字サイズ変更 Select Language English &#32321;&#39636;&#20013;&#25991; &#31616;&#20307;&#20013;&#25991; &#54620;&#44397;&#50612; GO 閉じる くらしの情報 くらしの情報 ふるさと納税 ふるさと納税 子育て・教育 子育て・教育 健康・福祉 健康・福祉 観光情報 観光情報 町政情報 町政情報 企業・事業者 企業・事業者 背景色変更 文字サイズ変更 Select Language English &#32321;&#39636;&#20013;&
篠栗町	21	腎臓疾患患者福祉給付金・障害者（児）手当・タクシー料金補助について	https://www.town.sasaguri.fukuoka.jp/soshiki/fukushi/2/1087.html	腎臓疾患患者福祉給付金・障害者（児）手当・タクシー料金補助について／篠栗町 スマートフォン版を表示 本文へ キーワードで検索できます 組織から探す 閲覧補助・翻訳 背景色変更 文字サイズ変更 Select Language English &#32321;&#39636;&#20013;&#25991; &#31616;&#20307;&#20013;&#25991; &#54620;&#44397;&#50612; GO 閉じる くらしの情報 くらしの情報 ふるさと納税 ふるさと納税 子育て・教育 子育て・教育 健康・福祉 健康・福祉 観光情報 観光情報 町政情報 町政情報 企業・事業者 企業・事業者 背景色変更 文字サイズ変更 Select Language English &#32321;&#39636;
篠栗町	21	【補装具・日常生活用具・手話通訳】	https://www.town.sasaguri.fukuoka.jp/soshiki/fukushi/2/1446.html	【補装具・日常生活用具・手話通訳】／篠栗町 スマートフォン版を表示 本文へ キーワードで検索できます 組織から探す 閲覧補助・翻訳 背景色変更 文字サイズ変更 Select Language English &#32321;&#39636;&#20013;&#25991; &#31616;&#20307;&#20013;&#25991; &#54620;&#44397;&#50612; GO 閉じる くらしの情報 くらしの情報 ふるさと納税 ふるさと納税 子育て・教育 子育て・教育 健康・福祉 健康・福祉 観光情報 観光情報 町政情報 町政情報 企業・事業者 企業・事業者 背景色変更 文字サイズ変更 Select Language English &#32321;&#39636;&#20013;&#25991;
篠栗町	21	障害者手帳による減免・割引	https://www.town.sasaguri.fukuoka.jp/soshiki/fukushi/2/1143.html	障害者手帳による減免・割引／篠栗町 スマートフォン版を表示 本文へ キーワードで検索できます 組織から探す 閲覧補助・翻訳 背景色変更 文字サイズ変更 Select Language English &#32321;&#39636;&#20013;&#25991; &#31616;&#20307;&#20013;&#25991; &#54620;&#44397;&#50612; GO 閉じる くらしの情報 くらしの情報 ふるさと納税 ふるさと納税 子育て・教育 子育て・教育 健康・福祉 健康・福祉 観光情報 観光情報 町政情報 町政情報 企業・事業者 企業・事業者 背景色変更 文字サイズ変更 Select Language English &#32321;&#39636;&#20013;&#25991; &#3
篠栗町	21	障がい福祉サービス・児童福祉法によるサービス	https://www.town.sasaguri.fukuoka.jp/soshiki/fukushi/2/1229.html	障がい福祉サービス・児童福祉法によるサービス／篠栗町 スマートフォン版を表示 本文へ キーワードで検索できます 組織から探す 閲覧補助・翻訳 背景色変更 文字サイズ変更 Select Language English &#32321;&#39636;&#20013;&#25991; &#31616;&#20307;&#20013;&#25991; &#54620;&#44397;&#50612; GO 閉じる くらしの情報 くらしの情報 ふるさと納税 ふるさと納税 子育て・教育 子育て・教育 健康・福祉 健康・福祉 観光情報 観光情報 町政情報 町政情報 企業・事業者 企業・事業者 背景色変更 文字サイズ変更 Select Language English &#32321;&#39636;&#20013;&#2
篠栗町	21	各種申請書類ダウンロード	https://www.town.sasaguri.fukuoka.jp/soshiki/fukushi/2/2978.html	各種申請書類ダウンロード／篠栗町 スマートフォン版を表示 本文へ キーワードで検索できます 組織から探す 閲覧補助・翻訳 背景色変更 文字サイズ変更 Select Language English &#32321;&#39636;&#20013;&#25991; &#31616;&#20307;&#20013;&#25991; &#54620;&#44397;&#50612; GO 閉じる くらしの情報 くらしの情報 ふるさと納税 ふるさと納税 子育て・教育 子育て・教育 健康・福祉 健康・福祉 観光情報 観光情報 町政情報 町政情報 企業・事業者 企業・事業者 背景色変更 文字サイズ変更 Select Language English &#32321;&#39636;&#20013;&#25991; &#31
篠栗町	21	自立支援医療（精神通院医療、更生医療、育成医療）	https://www.town.sasaguri.fukuoka.jp/soshiki/fukushi/2/3391.html	自立支援医療（精神通院医療、更生医療、育成医療）／篠栗町 スマートフォン版を表示 本文へ キーワードで検索できます 組織から探す 閲覧補助・翻訳 背景色変更 文字サイズ変更 Select Language English &#32321;&#39636;&#20013;&#25991; &#31616;&#20307;&#20013;&#25991; &#54620;&#44397;&#50612; GO 閉じる くらしの情報 くらしの情報 ふるさと納税 ふるさと納税 子育て・教育 子育て・教育 健康・福祉 健康・福祉 観光情報 観光情報 町政情報 町政情報 企業・事業者 企業・事業者 背景色変更 文字サイズ変更 Select Language English &#32321;&#39636;&#20013;&
篠栗町	21	妊婦健康診査	https://www.town.sasaguri.fukuoka.jp/soshiki/kenko/1_1/5015.html	妊婦健康診査／篠栗町 スマートフォン版を表示 本文へ キーワードで検索できます 組織から探す 閲覧補助・翻訳 背景色変更 文字サイズ変更 Select Language English &#32321;&#39636;&#20013;&#25991; &#31616;&#20307;&#20013;&#25991; &#54620;&#44397;&#50612; GO 閉じる くらしの情報 くらしの情報 ふるさと納税 ふるさと納税 子育て・教育 子育て・教育 健康・福祉 健康・福祉 観光情報 観光情報 町政情報 町政情報 企業・事業者 企業・事業者 背景色変更 文字サイズ変更 Select Language English &#32321;&#39636;&#20013;&#25991; &#31616;&#
篠栗町	21	就学援助について	https://www.town.sasaguri.fukuoka.jp/kosodate/ikuji_shien/4/2117.html	就学援助について／篠栗町 スマートフォン版を表示 本文へ キーワードで検索できます 組織から探す 閲覧補助・翻訳 背景色変更 文字サイズ変更 Select Language English &#32321;&#39636;&#20013;&#25991; &#31616;&#20307;&#20013;&#25991; &#54620;&#44397;&#50612; GO 閉じる くらしの情報 くらしの情報 ふるさと納税 ふるさと納税 子育て・教育 子育て・教育 健康・福祉 健康・福祉 観光情報 観光情報 町政情報 町政情報 企業・事業者 企業・事業者 背景色変更 文字サイズ変更 Select Language English &#32321;&#39636;&#20013;&#25991; &#31616;
篠栗町	21	令和8年度就学援助 申請の受付について	https://www.town.sasaguri.fukuoka.jp/kosodate/ikuji_shien/4/1995.html	令和8年度就学援助 申請の受付について／篠栗町 スマートフォン版を表示 本文へ キーワードで検索できます 組織から探す 閲覧補助・翻訳 背景色変更 文字サイズ変更 Select Language English &#32321;&#39636;&#20013;&#25991; &#31616;&#20307;&#20013;&#25991; &#54620;&#44397;&#50612; GO 閉じる くらしの情報 くらしの情報 ふるさと納税 ふるさと納税 子育て・教育 子育て・教育 健康・福祉 健康・福祉 観光情報 観光情報 町政情報 町政情報 企業・事業者 企業・事業者 背景色変更 文字サイズ変更 Select Language English &#32321;&#39636;&#20013;&#2599
篠栗町	21	（7月10日まで）篠栗町防災士育成事業助成金の申請を受け付けます	https://www.town.sasaguri.fukuoka.jp/soshiki/somu/3/bousaisi.html	（7月10日まで）篠栗町防災士育成事業助成金の申請を受け付けます／篠栗町 スマートフォン版を表示 本文へ キーワードで検索できます 組織から探す 閲覧補助・翻訳 背景色変更 文字サイズ変更 Select Language English &#32321;&#39636;&#20013;&#25991; &#31616;&#20307;&#20013;&#25991; &#54620;&#44397;&#50612; GO 閉じる くらしの情報 ふるさと納税 子育て・教育 健康・福祉 観光情報 町政情報 企業・事業者 背景色変更 文字サイズ変更 Select Language English &#32321;&#39636;&#20013;&#25991; &#31616;&#20307;&#20013;&#25
篠栗町	21	高齢者運転免許証自主返納支援事業について	https://www.town.sasaguri.fukuoka.jp/soshiki/somu/3/5855.html	高齢者運転免許証自主返納支援事業について／篠栗町 スマートフォン版を表示 本文へ キーワードで検索できます 組織から探す 閲覧補助・翻訳 背景色変更 文字サイズ変更 Select Language English &#32321;&#39636;&#20013;&#25991; &#31616;&#20307;&#20013;&#25991; &#54620;&#44397;&#50612; GO 閉じる くらしの情報 くらしの情報 ふるさと納税 ふるさと納税 子育て・教育 子育て・教育 健康・福祉 健康・福祉 観光情報 観光情報 町政情報 町政情報 企業・事業者 企業・事業者 背景色変更 文字サイズ変更 Select Language English &#32321;&#39636;&#20013;&#259
篠栗町	21	JR特定者用定期乗車券割引制度	https://www.town.sasaguri.fukuoka.jp/kurashi/kekkonrikon/2/5866.html	JR特定者用定期乗車券割引制度／篠栗町 スマートフォン版を表示 本文へ キーワードで検索できます 組織から探す 閲覧補助・翻訳 背景色変更 文字サイズ変更 Select Language English &#32321;&#39636;&#20013;&#25991; &#31616;&#20307;&#20013;&#25991; &#54620;&#44397;&#50612; GO 閉じる くらしの情報 くらしの情報 ふるさと納税 ふるさと納税 子育て・教育 子育て・教育 健康・福祉 健康・福祉 観光情報 観光情報 町政情報 町政情報 企業・事業者 企業・事業者 背景色変更 文字サイズ変更 Select Language English &#32321;&#39636;&#20013;&#25991; &
篠栗町	21	就学援助	https://www.town.sasaguri.fukuoka.jp/kosodate/kosodate/2/2475.html	就学援助／篠栗町 スマートフォン版を表示 本文へ キーワードで検索できます 組織から探す 閲覧補助・翻訳 背景色変更 文字サイズ変更 Select Language English &#32321;&#39636;&#20013;&#25991; &#31616;&#20307;&#20013;&#25991; &#54620;&#44397;&#50612; GO 閉じる くらしの情報 くらしの情報 ふるさと納税 ふるさと納税 子育て・教育 子育て・教育 健康・福祉 健康・福祉 観光情報 観光情報 町政情報 町政情報 企業・事業者 企業・事業者 背景色変更 文字サイズ変更 Select Language English &#32321;&#39636;&#20013;&#25991; &#31616;&#20
篠栗町	21	JR特定者用定期乗車券割引制度	https://www.town.sasaguri.fukuoka.jp/kosodate/kosodate/2/5870.html	JR特定者用定期乗車券割引制度／篠栗町 スマートフォン版を表示 本文へ キーワードで検索できます 組織から探す 閲覧補助・翻訳 背景色変更 文字サイズ変更 Select Language English &#32321;&#39636;&#20013;&#25991; &#31616;&#20307;&#20013;&#25991; &#54620;&#44397;&#50612; GO 閉じる くらしの情報 くらしの情報 ふるさと納税 ふるさと納税 子育て・教育 子育て・教育 健康・福祉 健康・福祉 観光情報 観光情報 町政情報 町政情報 企業・事業者 企業・事業者 背景色変更 文字サイズ変更 Select Language English &#32321;&#39636;&#20013;&#25991; &
篠栗町	21	篠栗町水田活用支援補助金	https://www.town.sasaguri.fukuoka.jp/soshiki/sangyo/3/4672.html	篠栗町水田活用支援補助金／篠栗町 スマートフォン版を表示 本文へ キーワードで検索できます 組織から探す 閲覧補助・翻訳 背景色変更 文字サイズ変更 Select Language English &#32321;&#39636;&#20013;&#25991; &#31616;&#20307;&#20013;&#25991; &#54620;&#44397;&#50612; GO 閉じる くらしの情報 くらしの情報 ふるさと納税 ふるさと納税 子育て・教育 子育て・教育 健康・福祉 健康・福祉 観光情報 観光情報 町政情報 町政情報 企業・事業者 企業・事業者 背景色変更 文字サイズ変更 Select Language English &#32321;&#39636;&#20013;&#25991; &#31
篠栗町	21	子育て短期支援事業（ショートステイ）	https://www.town.sasaguri.fukuoka.jp/soshiki/kodomo_ikusei/4/5406.html	子育て短期支援事業（ショートステイ）／篠栗町 スマートフォン版を表示 本文へ キーワードで検索できます 組織から探す 閲覧補助・翻訳 背景色変更 文字サイズ変更 Select Language English &#32321;&#39636;&#20013;&#25991; &#31616;&#20307;&#20013;&#25991; &#54620;&#44397;&#50612; GO 閉じる くらしの情報 くらしの情報 ふるさと納税 ふるさと納税 子育て・教育 子育て・教育 健康・福祉 健康・福祉 観光情報 観光情報 町政情報 町政情報 企業・事業者 企業・事業者 背景色変更 文字サイズ変更 Select Language English &#32321;&#39636;&#20013;&#25991
篠栗町	21	産後ケア事業	https://www.town.sasaguri.fukuoka.jp/soshiki/kenko/1_1/4646.html	産後ケア事業／篠栗町 スマートフォン版を表示 本文へ キーワードで検索できます 組織から探す 閲覧補助・翻訳 背景色変更 文字サイズ変更 Select Language English &#32321;&#39636;&#20013;&#25991; &#31616;&#20307;&#20013;&#25991; &#54620;&#44397;&#50612; GO 閉じる くらしの情報 くらしの情報 ふるさと納税 ふるさと納税 子育て・教育 子育て・教育 健康・福祉 健康・福祉 観光情報 観光情報 町政情報 町政情報 企業・事業者 企業・事業者 背景色変更 文字サイズ変更 Select Language English &#32321;&#39636;&#20013;&#25991; &#31616;&#
篠栗町	21	新生児聴覚検査費用助成事業	https://www.town.sasaguri.fukuoka.jp/soshiki/kenko/1_1/5161.html	新生児聴覚検査費用助成事業／篠栗町 スマートフォン版を表示 本文へ キーワードで検索できます 組織から探す 閲覧補助・翻訳 背景色変更 文字サイズ変更 Select Language English &#32321;&#39636;&#20013;&#25991; &#31616;&#20307;&#20013;&#25991; &#54620;&#44397;&#50612; GO 閉じる くらしの情報 くらしの情報 ふるさと納税 ふるさと納税 子育て・教育 子育て・教育 健康・福祉 健康・福祉 観光情報 観光情報 町政情報 町政情報 企業・事業者 企業・事業者 背景色変更 文字サイズ変更 Select Language English &#32321;&#39636;&#20013;&#25991; &#3
篠栗町	21	妊婦のための支援給付	https://www.town.sasaguri.fukuoka.jp/soshiki/kenko/1_1/5799.html	妊婦のための支援給付／篠栗町 スマートフォン版を表示 本文へ キーワードで検索できます 組織から探す 閲覧補助・翻訳 背景色変更 文字サイズ変更 Select Language English &#32321;&#39636;&#20013;&#25991; &#31616;&#20307;&#20013;&#25991; &#54620;&#44397;&#50612; GO 閉じる くらしの情報 くらしの情報 ふるさと納税 ふるさと納税 子育て・教育 子育て・教育 健康・福祉 健康・福祉 観光情報 観光情報 町政情報 町政情報 企業・事業者 企業・事業者 背景色変更 文字サイズ変更 Select Language English &#32321;&#39636;&#20013;&#25991; &#3161
篠栗町	21	生活福祉資金貸付制度	https://www.town.sasaguri.fukuoka.jp/soshiki/fukushi/5/3893.html	生活福祉資金貸付制度／篠栗町 スマートフォン版を表示 本文へ キーワードで検索できます 組織から探す 閲覧補助・翻訳 背景色変更 文字サイズ変更 Select Language English &#32321;&#39636;&#20013;&#25991; &#31616;&#20307;&#20013;&#25991; &#54620;&#44397;&#50612; GO 閉じる くらしの情報 くらしの情報 ふるさと納税 ふるさと納税 子育て・教育 子育て・教育 健康・福祉 健康・福祉 観光情報 観光情報 町政情報 町政情報 企業・事業者 企業・事業者 背景色変更 文字サイズ変更 Select Language English &#32321;&#39636;&#20013;&#25991; &#3161
篠栗町	21	生活保護	https://www.town.sasaguri.fukuoka.jp/soshiki/fukushi/5/5689.html	生活保護／篠栗町 スマートフォン版を表示 本文へ キーワードで検索できます 組織から探す 閲覧補助・翻訳 背景色変更 文字サイズ変更 Select Language English &#32321;&#39636;&#20013;&#25991; &#31616;&#20307;&#20013;&#25991; &#54620;&#44397;&#50612; GO 閉じる くらしの情報 くらしの情報 ふるさと納税 ふるさと納税 子育て・教育 子育て・教育 健康・福祉 健康・福祉 観光情報 観光情報 町政情報 町政情報 企業・事業者 企業・事業者 背景色変更 文字サイズ変更 Select Language English &#32321;&#39636;&#20013;&#25991; &#31616;&#20
篠栗町	21	令和8年4月から乳児等通園支援事業（こども誰でも通園制度）が始まります	https://www.town.sasaguri.fukuoka.jp/soshiki/kodomo_ikusei/1/6455.html	令和8年4月から乳児等通園支援事業（こども誰でも通園制度）が始まります／篠栗町 スマートフォン版を表示 本文へ キーワードで検索できます 組織から探す 閲覧補助・翻訳 背景色変更 文字サイズ変更 Select Language English &#32321;&#39636;&#20013;&#25991; &#31616;&#20307;&#20013;&#25991; &#54620;&#44397;&#50612; GO 閉じる くらしの情報 くらしの情報 ふるさと納税 ふるさと納税 子育て・教育 子育て・教育 健康・福祉 健康・福祉 観光情報 観光情報 町政情報 町政情報 企業・事業者 企業・事業者 背景色変更 文字サイズ変更 Select Language English &#32321;&#3963
篠栗町	21	「食」の自立支援事業（配食サービス）	https://www.town.sasaguri.fukuoka.jp/soshiki/fukushi/1/3_1/3810.html	「食」の自立支援事業（配食サービス）／篠栗町 スマートフォン版を表示 本文へ キーワードで検索できます 組織から探す 閲覧補助・翻訳 背景色変更 文字サイズ変更 Select Language English &#32321;&#39636;&#20013;&#25991; &#31616;&#20307;&#20013;&#25991; &#54620;&#44397;&#50612; GO 閉じる くらしの情報 くらしの情報 ふるさと納税 ふるさと納税 子育て・教育 子育て・教育 健康・福祉 健康・福祉 観光情報 観光情報 町政情報 町政情報 企業・事業者 企業・事業者 背景色変更 文字サイズ変更 Select Language English &#32321;&#39636;&#20013;&#25991
篠栗町	21	紙おむつ給付サービス事業	https://www.town.sasaguri.fukuoka.jp/soshiki/fukushi/1/3_1/3814.html	紙おむつ給付サービス事業／篠栗町 スマートフォン版を表示 本文へ キーワードで検索できます 組織から探す 閲覧補助・翻訳 背景色変更 文字サイズ変更 Select Language English &#32321;&#39636;&#20013;&#25991; &#31616;&#20307;&#20013;&#25991; &#54620;&#44397;&#50612; GO 閉じる くらしの情報 くらしの情報 ふるさと納税 ふるさと納税 子育て・教育 子育て・教育 健康・福祉 健康・福祉 観光情報 観光情報 町政情報 町政情報 企業・事業者 企業・事業者 背景色変更 文字サイズ変更 Select Language English &#32321;&#39636;&#20013;&#25991; &#31
篠栗町	21	幼児教育・保育の無償化について	https://www.town.sasaguri.fukuoka.jp/soshiki/kodomo_ikusei/1/1_1/2642.html	幼児教育・保育の無償化について／篠栗町 スマートフォン版を表示 本文へ キーワードで検索できます 組織から探す 閲覧補助・翻訳 背景色変更 文字サイズ変更 Select Language English &#32321;&#39636;&#20013;&#25991; &#31616;&#20307;&#20013;&#25991; &#54620;&#44397;&#50612; GO 閉じる くらしの情報 くらしの情報 ふるさと納税 ふるさと納税 子育て・教育 子育て・教育 健康・福祉 健康・福祉 観光情報 観光情報 町政情報 町政情報 企業・事業者 企業・事業者 背景色変更 文字サイズ変更 Select Language English &#32321;&#39636;&#20013;&#25991; &
篠栗町	21	木造戸建て住宅性能改修補助金事業	https://www.town.sasaguri.fukuoka.jp/soshiki/toshi_seibi/2/4578.html	木造戸建て住宅性能改修補助金事業／篠栗町 スマートフォン版を表示 本文へ キーワードで検索できます 組織から探す 閲覧補助・翻訳 背景色変更 文字サイズ変更 Select Language English &#32321;&#39636;&#20013;&#25991; &#31616;&#20307;&#20013;&#25991; &#54620;&#44397;&#50612; GO 閉じる くらしの情報 くらしの情報 ふるさと納税 ふるさと納税 子育て・教育 子育て・教育 健康・福祉 健康・福祉 観光情報 観光情報 町政情報 町政情報 企業・事業者 企業・事業者 背景色変更 文字サイズ変更 Select Language English &#32321;&#39636;&#20013;&#25991;
篠栗町	21	篠栗町介護支援ボランティア制度	https://www.town.sasaguri.fukuoka.jp/soshiki/fukushi/1/1240.html	篠栗町介護支援ボランティア制度／篠栗町 スマートフォン版を表示 本文へ キーワードで検索できます 組織から探す 閲覧補助・翻訳 背景色変更 文字サイズ変更 Select Language English &#32321;&#39636;&#20013;&#25991; &#31616;&#20307;&#20013;&#25991; &#54620;&#44397;&#50612; GO 閉じる くらしの情報 くらしの情報 ふるさと納税 ふるさと納税 子育て・教育 子育て・教育 健康・福祉 健康・福祉 観光情報 観光情報 町政情報 町政情報 企業・事業者 企業・事業者 背景色変更 文字サイズ変更 Select Language English &#32321;&#39636;&#20013;&#25991; &
篠栗町	21	母子健康手帳の発行	https://www.town.sasaguri.fukuoka.jp/kosodate/ninshinsyusan/1/2479.html	母子健康手帳の発行／篠栗町 スマートフォン版を表示 本文へ キーワードで検索できます 組織から探す 閲覧補助・翻訳 背景色変更 文字サイズ変更 Select Language English &#32321;&#39636;&#20013;&#25991; &#31616;&#20307;&#20013;&#25991; &#54620;&#44397;&#50612; GO 閉じる くらしの情報 くらしの情報 ふるさと納税 ふるさと納税 子育て・教育 子育て・教育 健康・福祉 健康・福祉 観光情報 観光情報 町政情報 町政情報 企業・事業者 企業・事業者 背景色変更 文字サイズ変更 Select Language English &#32321;&#39636;&#20013;&#25991; &#31616
篠栗町	19	飲用井戸等水質検査	https://www.town.sasaguri.fukuoka.jp/soshiki/toshi_seibi/1/1457.html	飲用井戸等水質検査／篠栗町 スマートフォン版を表示 本文へ キーワードで検索できます 組織から探す 閲覧補助・翻訳 背景色変更 文字サイズ変更 Select Language English &#32321;&#39636;&#20013;&#25991; &#31616;&#20307;&#20013;&#25991; &#54620;&#44397;&#50612; GO 閉じる くらしの情報 くらしの情報 ふるさと納税 ふるさと納税 子育て・教育 子育て・教育 健康・福祉 健康・福祉 観光情報 観光情報 町政情報 町政情報 企業・事業者 企業・事業者 背景色変更 文字サイズ変更 Select Language English &#32321;&#39636;&#20013;&#25991; &#31616
篠栗町	19	保育の必要性等の認定及び証明書類について	https://www.town.sasaguri.fukuoka.jp/soshiki/kodomo_ikusei/1/1_1/2643.html	保育の必要性等の認定及び証明書類について／篠栗町 スマートフォン版を表示 本文へ キーワードで検索できます 組織から探す 閲覧補助・翻訳 背景色変更 文字サイズ変更 Select Language English &#32321;&#39636;&#20013;&#25991; &#31616;&#20307;&#20013;&#25991; &#54620;&#44397;&#50612; GO 閉じる くらしの情報 くらしの情報 ふるさと納税 ふるさと納税 子育て・教育 子育て・教育 健康・福祉 健康・福祉 観光情報 観光情報 町政情報 町政情報 企業・事業者 企業・事業者 背景色変更 文字サイズ変更 Select Language English &#32321;&#39636;&#20013;&#259
篠栗町	19	戸籍に関する届出	https://www.town.sasaguri.fukuoka.jp/kurashi/kekkonrikon/1/2442.html	戸籍に関する届出／篠栗町 スマートフォン版を表示 本文へ キーワードで検索できます 組織から探す 閲覧補助・翻訳 背景色変更 文字サイズ変更 Select Language English &#32321;&#39636;&#20013;&#25991; &#31616;&#20307;&#20013;&#25991; &#54620;&#44397;&#50612; GO 閉じる くらしの情報 くらしの情報 ふるさと納税 ふるさと納税 子育て・教育 子育て・教育 健康・福祉 健康・福祉 観光情報 観光情報 町政情報 町政情報 企業・事業者 企業・事業者 背景色変更 文字サイズ変更 Select Language English &#32321;&#39636;&#20013;&#25991; &#31616;
篠栗町	19	戸籍に関する届出	https://www.town.sasaguri.fukuoka.jp/kosodate/ninshinsyusan/1/2480.html	戸籍に関する届出／篠栗町 スマートフォン版を表示 本文へ キーワードで検索できます 組織から探す 閲覧補助・翻訳 背景色変更 文字サイズ変更 Select Language English &#32321;&#39636;&#20013;&#25991; &#31616;&#20307;&#20013;&#25991; &#54620;&#44397;&#50612; GO 閉じる くらしの情報 くらしの情報 ふるさと納税 ふるさと納税 子育て・教育 子育て・教育 健康・福祉 健康・福祉 観光情報 観光情報 町政情報 町政情報 企業・事業者 企業・事業者 背景色変更 文字サイズ変更 Select Language English &#32321;&#39636;&#20013;&#25991; &#31616;
篠栗町	18	障がいに関する相談	https://www.town.sasaguri.fukuoka.jp/soshiki/fukushi/2/1430.html	障がいに関する相談／篠栗町 スマートフォン版を表示 本文へ キーワードで検索できます 組織から探す 閲覧補助・翻訳 背景色変更 文字サイズ変更 Select Language English &#32321;&#39636;&#20013;&#25991; &#31616;&#20307;&#20013;&#25991; &#54620;&#44397;&#50612; GO 閉じる くらしの情報 くらしの情報 ふるさと納税 ふるさと納税 子育て・教育 子育て・教育 健康・福祉 健康・福祉 観光情報 観光情報 町政情報 町政情報 企業・事業者 企業・事業者 背景色変更 文字サイズ変更 Select Language English &#32321;&#39636;&#20013;&#25991; &#31616
篠栗町	18	児童に関する手当	https://www.town.sasaguri.fukuoka.jp/kosodate/ninshinsyusan/3/2486.html	児童に関する手当／篠栗町 スマートフォン版を表示 本文へ キーワードで検索できます 組織から探す 閲覧補助・翻訳 背景色変更 文字サイズ変更 Select Language English &#32321;&#39636;&#20013;&#25991; &#31616;&#20307;&#20013;&#25991; &#54620;&#44397;&#50612; GO 閉じる くらしの情報 くらしの情報 ふるさと納税 ふるさと納税 子育て・教育 子育て・教育 健康・福祉 健康・福祉 観光情報 観光情報 町政情報 町政情報 企業・事業者 企業・事業者 背景色変更 文字サイズ変更 Select Language English &#32321;&#39636;&#20013;&#25991; &#31616;
篠栗町	18	ヘルプマーク・カードの配布について	https://www.town.sasaguri.fukuoka.jp/kenko/3680.html	ヘルプマーク・カードの配布について／篠栗町 スマートフォン版を表示 本文へ キーワードで検索できます 組織から探す 閲覧補助・翻訳 背景色変更 文字サイズ変更 Select Language English &#32321;&#39636;&#20013;&#25991; &#31616;&#20307;&#20013;&#25991; &#54620;&#44397;&#50612; GO 閉じる くらしの情報 くらしの情報 ふるさと納税 ふるさと納税 子育て・教育 子育て・教育 健康・福祉 健康・福祉 観光情報 観光情報 町政情報 町政情報 企業・事業者 企業・事業者 背景色変更 文字サイズ変更 Select Language English &#32321;&#39636;&#20013;&#25991;
篠栗町	18	歯の健診	https://www.town.sasaguri.fukuoka.jp/kenko/6541.html	歯の健診／篠栗町 スマートフォン版を表示 本文へ キーワードで検索できます 組織から探す 閲覧補助・翻訳 背景色変更 文字サイズ変更 Select Language English &#32321;&#39636;&#20013;&#25991; &#31616;&#20307;&#20013;&#25991; &#54620;&#44397;&#50612; GO 閉じる くらしの情報 くらしの情報 ふるさと納税 ふるさと納税 子育て・教育 子育て・教育 健康・福祉 健康・福祉 観光情報 観光情報 町政情報 町政情報 企業・事業者 企業・事業者 背景色変更 文字サイズ変更 Select Language English &#32321;&#39636;&#20013;&#25991; &#31616;&#20
篠栗町	18	犬の登録、狂犬病予防注射について	https://www.town.sasaguri.fukuoka.jp/kurashi/kankyo/1/2046.html	犬の登録、狂犬病予防注射について／篠栗町 スマートフォン版を表示 本文へ キーワードで検索できます 組織から探す 閲覧補助・翻訳 背景色変更 文字サイズ変更 Select Language English &#32321;&#39636;&#20013;&#25991; &#31616;&#20307;&#20013;&#25991; &#54620;&#44397;&#50612; GO 閉じる くらしの情報 くらしの情報 ふるさと納税 ふるさと納税 子育て・教育 子育て・教育 健康・福祉 健康・福祉 観光情報 観光情報 町政情報 町政情報 企業・事業者 企業・事業者 背景色変更 文字サイズ変更 Select Language English &#32321;&#39636;&#20013;&#25991;
篠栗町	18	介護保険に係る確定申告時の添付資料について	https://www.town.sasaguri.fukuoka.jp/kenko/kaigo/1760.html	介護保険に係る確定申告時の添付資料について／篠栗町 スマートフォン版を表示 本文へ キーワードで検索できます 組織から探す 閲覧補助・翻訳 背景色変更 文字サイズ変更 Select Language English &#32321;&#39636;&#20013;&#25991; &#31616;&#20307;&#20013;&#25991; &#54620;&#44397;&#50612; GO 閉じる くらしの情報 くらしの情報 ふるさと納税 ふるさと納税 子育て・教育 子育て・教育 健康・福祉 健康・福祉 観光情報 観光情報 町政情報 町政情報 企業・事業者 企業・事業者 背景色変更 文字サイズ変更 Select Language English &#32321;&#39636;&#20013;&#25
篠栗町	18	福岡県介護保険広域連合	https://www.town.sasaguri.fukuoka.jp/kenko/kaigo/1759.html	福岡県介護保険広域連合／篠栗町 スマートフォン版を表示 本文へ キーワードで検索できます 組織から探す 閲覧補助・翻訳 背景色変更 文字サイズ変更 Select Language English &#32321;&#39636;&#20013;&#25991; &#31616;&#20307;&#20013;&#25991; &#54620;&#44397;&#50612; GO 閉じる くらしの情報 くらしの情報 ふるさと納税 ふるさと納税 子育て・教育 子育て・教育 健康・福祉 健康・福祉 観光情報 観光情報 町政情報 町政情報 企業・事業者 企業・事業者 背景色変更 文字サイズ変更 Select Language English &#32321;&#39636;&#20013;&#25991; &#316
篠栗町	17	高齢者インフルエンザ予防接種	https://www.town.sasaguri.fukuoka.jp/soshiki/kenko/6/857.html	高齢者インフルエンザ予防接種／篠栗町 スマートフォン版を表示 本文へ キーワードで検索できます 組織から探す 閲覧補助・翻訳 背景色変更 文字サイズ変更 Select Language English &#32321;&#39636;&#20013;&#25991; &#31616;&#20307;&#20013;&#25991; &#54620;&#44397;&#50612; GO 閉じる くらしの情報 くらしの情報 ふるさと納税 ふるさと納税 子育て・教育 子育て・教育 健康・福祉 健康・福祉 観光情報 観光情報 町政情報 町政情報 企業・事業者 企業・事業者 背景色変更 文字サイズ変更 Select Language English &#32321;&#39636;&#20013;&#25991; &#
篠栗町	17	高齢者肺炎球菌ワクチン予防接種	https://www.town.sasaguri.fukuoka.jp/soshiki/kenko/6/1397.html	高齢者肺炎球菌ワクチン予防接種／篠栗町 スマートフォン版を表示 本文へ キーワードで検索できます 組織から探す 閲覧補助・翻訳 背景色変更 文字サイズ変更 Select Language English &#32321;&#39636;&#20013;&#25991; &#31616;&#20307;&#20013;&#25991; &#54620;&#44397;&#50612; GO 閉じる くらしの情報 くらしの情報 ふるさと納税 ふるさと納税 子育て・教育 子育て・教育 健康・福祉 健康・福祉 観光情報 観光情報 町政情報 町政情報 企業・事業者 企業・事業者 背景色変更 文字サイズ変更 Select Language English &#32321;&#39636;&#20013;&#25991; &
篠栗町	17	ひとり親家庭への支援	https://www.town.sasaguri.fukuoka.jp/soshiki/kodomo_ikusei/2/1085.html	ひとり親家庭への支援／篠栗町 スマートフォン版を表示 本文へ キーワードで検索できます 組織から探す 閲覧補助・翻訳 背景色変更 文字サイズ変更 Select Language English &#32321;&#39636;&#20013;&#25991; &#31616;&#20307;&#20013;&#25991; &#54620;&#44397;&#50612; GO 閉じる くらしの情報 くらしの情報 ふるさと納税 ふるさと納税 子育て・教育 子育て・教育 健康・福祉 健康・福祉 観光情報 観光情報 町政情報 町政情報 企業・事業者 企業・事業者 背景色変更 文字サイズ変更 Select Language English &#32321;&#39636;&#20013;&#25991; &#3161
篠栗町	17	産前・産後支援ヘルパー事業	https://www.town.sasaguri.fukuoka.jp/soshiki/kenko/1_1/1069.html	産前・産後支援ヘルパー事業／篠栗町 スマートフォン版を表示 本文へ キーワードで検索できます 組織から探す 閲覧補助・翻訳 背景色変更 文字サイズ変更 Select Language English &#32321;&#39636;&#20013;&#25991; &#31616;&#20307;&#20013;&#25991; &#54620;&#44397;&#50612; GO 閉じる くらしの情報 くらしの情報 ふるさと納税 ふるさと納税 子育て・教育 子育て・教育 健康・福祉 健康・福祉 観光情報 観光情報 町政情報 町政情報 企業・事業者 企業・事業者 背景色変更 文字サイズ変更 Select Language English &#32321;&#39636;&#20013;&#25991; &#3
篠栗町	17	夏休み拡大児童クラブ（学童保育）入所児童を募集します！	https://www.town.sasaguri.fukuoka.jp/soshiki/kodomo_ikusei/2/1/3870.html	夏休み拡大児童クラブ（学童保育）入所児童を募集します！／篠栗町 スマートフォン版を表示 本文へ キーワードで検索できます 組織から探す 閲覧補助・翻訳 背景色変更 文字サイズ変更 Select Language English &#32321;&#39636;&#20013;&#25991; &#31616;&#20307;&#20013;&#25991; &#54620;&#44397;&#50612; GO 閉じる くらしの情報 くらしの情報 ふるさと納税 ふるさと納税 子育て・教育 子育て・教育 健康・福祉 健康・福祉 観光情報 観光情報 町政情報 町政情報 企業・事業者 企業・事業者 背景色変更 文字サイズ変更 Select Language English &#32321;&#39636;&#2001
篠栗町	16	障害基礎年金等を受給しているひとり親のご家庭の皆様へ	https://www.town.sasaguri.fukuoka.jp/soshiki/kodomo_ikusei/2/5238.html	障害基礎年金等を受給しているひとり親のご家庭の皆様へ／篠栗町 スマートフォン版を表示 本文へ キーワードで検索できます 組織から探す 閲覧補助・翻訳 背景色変更 文字サイズ変更 Select Language English &#32321;&#39636;&#20013;&#25991; &#31616;&#20307;&#20013;&#25991; &#54620;&#44397;&#50612; GO 閉じる くらしの情報 くらしの情報 ふるさと納税 ふるさと納税 子育て・教育 子育て・教育 健康・福祉 健康・福祉 観光情報 観光情報 町政情報 町政情報 企業・事業者 企業・事業者 背景色変更 文字サイズ変更 Select Language English &#32321;&#39636;&#20013
篠栗町	16	就学援助	https://www.town.sasaguri.fukuoka.jp/soshiki/gakko_kyoiku/1/1/index.html	就学援助／篠栗町 スマートフォン版を表示 本文へ キーワードで検索できます 組織から探す 閲覧補助・翻訳 背景色変更 文字サイズ変更 Select Language English &#32321;&#39636;&#20013;&#25991; &#31616;&#20307;&#20013;&#25991; &#54620;&#44397;&#50612; GO 閉じる くらしの情報 くらしの情報 ふるさと納税 ふるさと納税 子育て・教育 子育て・教育 健康・福祉 健康・福祉 観光情報 観光情報 町政情報 町政情報 企業・事業者 企業・事業者 背景色変更 文字サイズ変更 Select Language English &#32321;&#39636;&#20013;&#25991; &#31616;&#20
篠栗町	16	就学援助について	https://www.town.sasaguri.fukuoka.jp/soshiki/gakko_kyoiku/1/1/1079.html	就学援助について／篠栗町 スマートフォン版を表示 本文へ キーワードで検索できます 組織から探す 閲覧補助・翻訳 背景色変更 文字サイズ変更 Select Language English &#32321;&#39636;&#20013;&#25991; &#31616;&#20307;&#20013;&#25991; &#54620;&#44397;&#50612; GO 閉じる くらしの情報 くらしの情報 ふるさと納税 ふるさと納税 子育て・教育 子育て・教育 健康・福祉 健康・福祉 観光情報 観光情報 町政情報 町政情報 企業・事業者 企業・事業者 背景色変更 文字サイズ変更 Select Language English &#32321;&#39636;&#20013;&#25991; &#31616;
篠栗町	16	令和8年度就学援助 申請の受付について	https://www.town.sasaguri.fukuoka.jp/soshiki/gakko_kyoiku/1/1/1035.html	令和8年度就学援助 申請の受付について／篠栗町 スマートフォン版を表示 本文へ キーワードで検索できます 組織から探す 閲覧補助・翻訳 背景色変更 文字サイズ変更 Select Language English &#32321;&#39636;&#20013;&#25991; &#31616;&#20307;&#20013;&#25991; &#54620;&#44397;&#50612; GO 閉じる くらしの情報 くらしの情報 ふるさと納税 ふるさと納税 子育て・教育 子育て・教育 健康・福祉 健康・福祉 観光情報 観光情報 町政情報 町政情報 企業・事業者 企業・事業者 背景色変更 文字サイズ変更 Select Language English &#32321;&#39636;&#20013;&#2599
篠栗町	16	母子健康手帳の発行	https://www.town.sasaguri.fukuoka.jp/soshiki/kenko/1_1/957.html	母子健康手帳の発行／篠栗町 スマートフォン版を表示 本文へ キーワードで検索できます 組織から探す 閲覧補助・翻訳 背景色変更 文字サイズ変更 Select Language English &#32321;&#39636;&#20013;&#25991; &#31616;&#20307;&#20013;&#25991; &#54620;&#44397;&#50612; GO 閉じる くらしの情報 くらしの情報 ふるさと納税 ふるさと納税 子育て・教育 子育て・教育 健康・福祉 健康・福祉 観光情報 観光情報 町政情報 町政情報 企業・事業者 企業・事業者 背景色変更 文字サイズ変更 Select Language English &#32321;&#39636;&#20013;&#25991; &#31616
篠栗町	16	JR特定者用定期乗車券割引制度	https://www.town.sasaguri.fukuoka.jp/soshiki/kodomo_ikusei/2/5863.html	JR特定者用定期乗車券割引制度／篠栗町 スマートフォン版を表示 本文へ キーワードで検索できます 組織から探す 閲覧補助・翻訳 背景色変更 文字サイズ変更 Select Language English &#32321;&#39636;&#20013;&#25991; &#31616;&#20307;&#20013;&#25991; &#54620;&#44397;&#50612; GO 閉じる くらしの情報 くらしの情報 ふるさと納税 ふるさと納税 子育て・教育 子育て・教育 健康・福祉 健康・福祉 観光情報 観光情報 町政情報 町政情報 企業・事業者 企業・事業者 背景色変更 文字サイズ変更 Select Language English &#32321;&#39636;&#20013;&#25991; &
篠栗町	16	篠栗町女性消防隊による応急手当講習会のご案内	https://www.town.sasaguri.fukuoka.jp/soshiki/somu/3/5685.html	篠栗町女性消防隊による応急手当講習会のご案内／篠栗町 スマートフォン版を表示 本文へ キーワードで検索できます 組織から探す 閲覧補助・翻訳 背景色変更 文字サイズ変更 Select Language English &#32321;&#39636;&#20013;&#25991; &#31616;&#20307;&#20013;&#25991; &#54620;&#44397;&#50612; GO 閉じる くらしの情報 くらしの情報 ふるさと納税 ふるさと納税 子育て・教育 子育て・教育 健康・福祉 健康・福祉 観光情報 観光情報 町政情報 町政情報 企業・事業者 企業・事業者 背景色変更 文字サイズ変更 Select Language English &#32321;&#39636;&#20013;&#2
篠栗町	16	リサイクル回収情報	https://www.town.sasaguri.fukuoka.jp/soshiki/toshi_seibi/1/1_1/1417.html	リサイクル回収情報／篠栗町 スマートフォン版を表示 本文へ キーワードで検索できます 組織から探す 閲覧補助・翻訳 背景色変更 文字サイズ変更 Select Language English &#32321;&#39636;&#20013;&#25991; &#31616;&#20307;&#20013;&#25991; &#54620;&#44397;&#50612; GO 閉じる くらしの情報 くらしの情報 ふるさと納税 ふるさと納税 子育て・教育 子育て・教育 健康・福祉 健康・福祉 観光情報 観光情報 町政情報 町政情報 企業・事業者 企業・事業者 背景色変更 文字サイズ変更 Select Language English &#32321;&#39636;&#20013;&#25991; &#31616
篠栗町	16	地域再生計画(地方創生道整備交付金)事後評価	https://www.town.sasaguri.fukuoka.jp/soshiki/sangyo/3/4099.html	地域再生計画(地方創生道整備交付金)事後評価／篠栗町 スマートフォン版を表示 本文へ キーワードで検索できます 組織から探す 閲覧補助・翻訳 背景色変更 文字サイズ変更 Select Language English &#32321;&#39636;&#20013;&#25991; &#31616;&#20307;&#20013;&#25991; &#54620;&#44397;&#50612; GO 閉じる くらしの情報 くらしの情報 ふるさと納税 ふるさと納税 子育て・教育 子育て・教育 健康・福祉 健康・福祉 観光情報 観光情報 町政情報 町政情報 企業・事業者 企業・事業者 背景色変更 文字サイズ変更 Select Language English &#32321;&#39636;&#20013;&#2
篠栗町	16	子育て世帯訪問支援事業 業務委託事業者を募集します	https://www.town.sasaguri.fukuoka.jp/soshiki/kodomo_ikusei/4/4941.html	子育て世帯訪問支援事業 業務委託事業者を募集します／篠栗町 スマートフォン版を表示 本文へ キーワードで検索できます 組織から探す 閲覧補助・翻訳 背景色変更 文字サイズ変更 Select Language English &#32321;&#39636;&#20013;&#25991; &#31616;&#20307;&#20013;&#25991; &#54620;&#44397;&#50612; GO 閉じる くらしの情報 くらしの情報 ふるさと納税 ふるさと納税 子育て・教育 子育て・教育 健康・福祉 健康・福祉 観光情報 観光情報 町政情報 町政情報 企業・事業者 企業・事業者 背景色変更 文字サイズ変更 Select Language English &#32321;&#39636;&#20013;
篠栗町	16	学校施設環境改善交付金に係る事後評価について	https://www.town.sasaguri.fukuoka.jp/soshiki/gakko_kyoiku/kyouikushisetsu/5935.html	学校施設環境改善交付金に係る事後評価について／篠栗町 スマートフォン版を表示 本文へ キーワードで検索できます 組織から探す 閲覧補助・翻訳 背景色変更 文字サイズ変更 Select Language English &#32321;&#39636;&#20013;&#25991; &#31616;&#20307;&#20013;&#25991; &#54620;&#44397;&#50612; GO 閉じる くらしの情報 くらしの情報 ふるさと納税 ふるさと納税 子育て・教育 子育て・教育 健康・福祉 健康・福祉 観光情報 観光情報 町政情報 町政情報 企業・事業者 企業・事業者 背景色変更 文字サイズ変更 Select Language English &#32321;&#39636;&#20013;&#2
篠栗町	16	出前講座（地域介護予防活動支援事業）	https://www.town.sasaguri.fukuoka.jp/soshiki/fukushi/1/3_1/6017.html	出前講座（地域介護予防活動支援事業）／篠栗町 スマートフォン版を表示 本文へ キーワードで検索できます 組織から探す 閲覧補助・翻訳 背景色変更 文字サイズ変更 Select Language English &#32321;&#39636;&#20013;&#25991; &#31616;&#20307;&#20013;&#25991; &#54620;&#44397;&#50612; GO 閉じる くらしの情報 くらしの情報 ふるさと納税 ふるさと納税 子育て・教育 子育て・教育 健康・福祉 健康・福祉 観光情報 観光情報 町政情報 町政情報 企業・事業者 企業・事業者 背景色変更 文字サイズ変更 Select Language English &#32321;&#39636;&#20013;&#25991
篠栗町	16	ひとり親の方の養育費確保を支援します	https://www.town.sasaguri.fukuoka.jp/soshiki/kodomo_ikusei/2/4294.html	ひとり親の方の養育費確保を支援します／篠栗町 スマートフォン版を表示 本文へ キーワードで検索できます 組織から探す 閲覧補助・翻訳 背景色変更 文字サイズ変更 Select Language English &#32321;&#39636;&#20013;&#25991; &#31616;&#20307;&#20013;&#25991; &#54620;&#44397;&#50612; GO 閉じる くらしの情報 くらしの情報 ふるさと納税 ふるさと納税 子育て・教育 子育て・教育 健康・福祉 健康・福祉 観光情報 観光情報 町政情報 町政情報 企業・事業者 企業・事業者 背景色変更 文字サイズ変更 Select Language English &#32321;&#39636;&#20013;&#25991
篠栗町	16	ひとり親家庭の生活資金、修学資金を支援します	https://www.town.sasaguri.fukuoka.jp/soshiki/kodomo_ikusei/2/4444.html	ひとり親家庭の生活資金、修学資金を支援します／篠栗町 スマートフォン版を表示 本文へ キーワードで検索できます 組織から探す 閲覧補助・翻訳 背景色変更 文字サイズ変更 Select Language English &#32321;&#39636;&#20013;&#25991; &#31616;&#20307;&#20013;&#25991; &#54620;&#44397;&#50612; GO 閉じる くらしの情報 くらしの情報 ふるさと納税 ふるさと納税 子育て・教育 子育て・教育 健康・福祉 健康・福祉 観光情報 観光情報 町政情報 町政情報 企業・事業者 企業・事業者 背景色変更 文字サイズ変更 Select Language English &#32321;&#39636;&#20013;&#2
篠栗町	16	保育施設等の利用について	https://www.town.sasaguri.fukuoka.jp/soshiki/kodomo_ikusei/1/1_1/1212.html	保育施設等の利用について／篠栗町 スマートフォン版を表示 本文へ キーワードで検索できます 組織から探す 閲覧補助・翻訳 背景色変更 文字サイズ変更 Select Language English &#32321;&#39636;&#20013;&#25991; &#31616;&#20307;&#20013;&#25991; &#54620;&#44397;&#50612; GO 閉じる くらしの情報 くらしの情報 ふるさと納税 ふるさと納税 子育て・教育 子育て・教育 健康・福祉 健康・福祉 観光情報 観光情報 町政情報 町政情報 企業・事業者 企業・事業者 背景色変更 文字サイズ変更 Select Language English &#32321;&#39636;&#20013;&#25991; &#31
篠栗町	16	障がい者支援	https://www.town.sasaguri.fukuoka.jp/kenko/shogai/index.html	障がい者支援／篠栗町 スマートフォン版を表示 本文へ キーワードで検索できます 組織から探す 閲覧補助・翻訳 背景色変更 文字サイズ変更 Select Language English &#32321;&#39636;&#20013;&#25991; &#31616;&#20307;&#20013;&#25991; &#54620;&#44397;&#50612; GO 閉じる くらしの情報 くらしの情報 ふるさと納税 ふるさと納税 子育て・教育 子育て・教育 健康・福祉 健康・福祉 観光情報 観光情報 町政情報 町政情報 企業・事業者 企業・事業者 背景色変更 文字サイズ変更 Select Language English &#32321;&#39636;&#20013;&#25991; &#31616;&#
篠栗町	15	新型コロナウイルス定期予防接種	https://www.town.sasaguri.fukuoka.jp/soshiki/kenko/6/5232.html	新型コロナウイルス定期予防接種／篠栗町 スマートフォン版を表示 本文へ キーワードで検索できます 組織から探す 閲覧補助・翻訳 背景色変更 文字サイズ変更 Select Language English &#32321;&#39636;&#20013;&#25991; &#31616;&#20307;&#20013;&#25991; &#54620;&#44397;&#50612; GO 閉じる くらしの情報 くらしの情報 ふるさと納税 ふるさと納税 子育て・教育 子育て・教育 健康・福祉 健康・福祉 観光情報 観光情報 町政情報 町政情報 企業・事業者 企業・事業者 背景色変更 文字サイズ変更 Select Language English &#32321;&#39636;&#20013;&#25991; &
篠栗町	15	病児保育ルーム	https://www.town.sasaguri.fukuoka.jp/soshiki/kodomo_ikusei/1/1117.html	病児保育ルーム／篠栗町 スマートフォン版を表示 本文へ キーワードで検索できます 組織から探す 閲覧補助・翻訳 背景色変更 文字サイズ変更 Select Language English &#32321;&#39636;&#20013;&#25991; &#31616;&#20307;&#20013;&#25991; &#54620;&#44397;&#50612; GO 閉じる くらしの情報 くらしの情報 ふるさと納税 ふるさと納税 子育て・教育 子育て・教育 健康・福祉 健康・福祉 観光情報 観光情報 町政情報 町政情報 企業・事業者 企業・事業者 背景色変更 文字サイズ変更 Select Language English &#32321;&#39636;&#20013;&#25991; &#31616;&
篠栗町	15	ジャンルで探す	https://www.town.sasaguri.fukuoka.jp/kosodate/kosodate_site/kosodate_sien/kosodate_index/index.html	ジャンルで探す／篠栗町 本文へ 文字サイズ 子育て支援情報 施設を探す ささぐりまち子育て情報サイト イベントを探す 急病・緊急 現在の位置 ホーム 子育て・教育 子育てサイト 子育て支援情報 ジャンルで探す ジャンルで探す 妊娠したら 赤ちゃんが生まれたら 幼稚園・保育園 小・中学生になったら 子育て支援・相談 保育サービス 手当・助成 健康・医療 子育て支援情報 篠栗町役場 〒811-2492 福岡県糟屋郡篠栗町中央一丁目1番1号 開庁時間：8時30分から17時 （土曜日、日曜日、祝日及び年末年始を除く） 電話番号：092-947-1111（代表番号） Copyright &copy; Sasaguri Town, All rights reserved.
篠栗町	15	困りごと相談室（福岡県 自立相談支援事務所）	https://www.town.sasaguri.fukuoka.jp/soshiki/fukushi/5/1126.html	困りごと相談室（福岡県 自立相談支援事務所）／篠栗町 スマートフォン版を表示 本文へ キーワードで検索できます 組織から探す 閲覧補助・翻訳 背景色変更 文字サイズ変更 Select Language English &#32321;&#39636;&#20013;&#25991; &#31616;&#20307;&#20013;&#25991; &#54620;&#44397;&#50612; GO 閉じる くらしの情報 くらしの情報 ふるさと納税 ふるさと納税 子育て・教育 子育て・教育 健康・福祉 健康・福祉 観光情報 観光情報 町政情報 町政情報 企業・事業者 企業・事業者 背景色変更 文字サイズ変更 Select Language English &#32321;&#39636;&#20013;&#2
篠栗町	15	ごみの分け方	https://www.town.sasaguri.fukuoka.jp/kurashi/gomi/2/1726.html	ごみの分け方／篠栗町 スマートフォン版を表示 本文へ キーワードで検索できます 組織から探す 閲覧補助・翻訳 背景色変更 文字サイズ変更 Select Language English &#32321;&#39636;&#20013;&#25991; &#31616;&#20307;&#20013;&#25991; &#54620;&#44397;&#50612; GO 閉じる くらしの情報 くらしの情報 ふるさと納税 ふるさと納税 子育て・教育 子育て・教育 健康・福祉 健康・福祉 観光情報 観光情報 町政情報 町政情報 企業・事業者 企業・事業者 背景色変更 文字サイズ変更 Select Language English &#32321;&#39636;&#20013;&#25991; &#31616;&#
篠栗町	15	介護保険料の還付等をかたる詐欺にご注意ください！！	https://www.town.sasaguri.fukuoka.jp/kenko/kaigo/4351.html	介護保険料の還付等をかたる詐欺にご注意ください！！／篠栗町 スマートフォン版を表示 本文へ キーワードで検索できます 組織から探す 閲覧補助・翻訳 背景色変更 文字サイズ変更 Select Language English &#32321;&#39636;&#20013;&#25991; &#31616;&#20307;&#20013;&#25991; &#54620;&#44397;&#50612; GO 閉じる くらしの情報 くらしの情報 ふるさと納税 ふるさと納税 子育て・教育 子育て・教育 健康・福祉 健康・福祉 観光情報 観光情報 町政情報 町政情報 企業・事業者 企業・事業者 背景色変更 文字サイズ変更 Select Language English &#32321;&#39636;&#20013;
篠栗町	14	出産育児一時金	https://www.town.sasaguri.fukuoka.jp/kosodate/kosodate_site/kosodate_sien/kosodate_nenrei/kosodate_zero/2338.html	出産育児一時金／篠栗町 本文へ 文字サイズ 子育て支援情報 施設を探す ささぐりまち子育て情報サイト イベントを探す 急病・緊急 現在の位置 ホーム 子育て・教育 子育てサイト 子育て支援情報 年齢別で探す 0歳 出産育児一時金 出産育児一時金 国民健康保険の加入者が出産した場合、出産育児一時金が支給されます。 ただし、他の健康保険等から支給を受けられる場合は、国民健康保険からは支給されません。 （2年を経過すると支給されなくなりますのでご注意ください。） 支給額 出産育児一時金の金額 出産日 出産育児一時金 産科医療補償制度に加入の分娩機関の場合 令和5年4月1日以降 48.8万円 50万円 令和5年3月31日まで 40.8万円 42万円 この記事に関するお問い合わせ先 住民課 国保・年金係 〒811-249
篠栗町	13	パパ・ママ・お子さんのための教室	https://www.town.sasaguri.fukuoka.jp/kosodate/boshi/2040.html	パパ・ママ・お子さんのための教室／篠栗町 スマートフォン版を表示 本文へ キーワードで検索できます 組織から探す 閲覧補助・翻訳 背景色変更 文字サイズ変更 Select Language English &#32321;&#39636;&#20013;&#25991; &#31616;&#20307;&#20013;&#25991; &#54620;&#44397;&#50612; GO 閉じる くらしの情報 くらしの情報 ふるさと納税 ふるさと納税 子育て・教育 子育て・教育 健康・福祉 健康・福祉 観光情報 観光情報 町政情報 町政情報 企業・事業者 企業・事業者 背景色変更 文字サイズ変更 Select Language English &#32321;&#39636;&#20013;&#25991;
篠栗町	13	ごみの出し方	https://www.town.sasaguri.fukuoka.jp/kurashi/gomi/1725.html	ごみの出し方／篠栗町 スマートフォン版を表示 本文へ キーワードで検索できます 組織から探す 閲覧補助・翻訳 背景色変更 文字サイズ変更 Select Language English &#32321;&#39636;&#20013;&#25991; &#31616;&#20307;&#20013;&#25991; &#54620;&#44397;&#50612; GO 閉じる くらしの情報 くらしの情報 ふるさと納税 ふるさと納税 子育て・教育 子育て・教育 健康・福祉 健康・福祉 観光情報 観光情報 町政情報 町政情報 企業・事業者 企業・事業者 背景色変更 文字サイズ変更 Select Language English &#32321;&#39636;&#20013;&#25991; &#31616;&#
篠栗町	13	資源回収専用ストックヤード	https://www.town.sasaguri.fukuoka.jp/kurashi/gomi/2134.html	資源回収専用ストックヤード／篠栗町 スマートフォン版を表示 本文へ キーワードで検索できます 組織から探す 閲覧補助・翻訳 背景色変更 文字サイズ変更 Select Language English &#32321;&#39636;&#20013;&#25991; &#31616;&#20307;&#20013;&#25991; &#54620;&#44397;&#50612; GO 閉じる くらしの情報 くらしの情報 ふるさと納税 ふるさと納税 子育て・教育 子育て・教育 健康・福祉 健康・福祉 観光情報 観光情報 町政情報 町政情報 企業・事業者 企業・事業者 背景色変更 文字サイズ変更 Select Language English &#32321;&#39636;&#20013;&#25991; &#3
篠栗町	13	今月のごみカレンダー（今月のごみ収集日）	https://www.town.sasaguri.fukuoka.jp/kurashi/gomi/1685.html	今月のごみカレンダー（今月のごみ収集日）／篠栗町 スマートフォン版を表示 本文へ キーワードで検索できます 組織から探す 閲覧補助・翻訳 背景色変更 文字サイズ変更 Select Language English &#32321;&#39636;&#20013;&#25991; &#31616;&#20307;&#20013;&#25991; &#54620;&#44397;&#50612; GO 閉じる くらしの情報 くらしの情報 ふるさと納税 ふるさと納税 子育て・教育 子育て・教育 健康・福祉 健康・福祉 観光情報 観光情報 町政情報 町政情報 企業・事業者 企業・事業者 背景色変更 文字サイズ変更 Select Language English &#32321;&#39636;&#20013;&#259
篠栗町	13	来月のごみカレンダー（来月のごみ収集日）	https://www.town.sasaguri.fukuoka.jp/kurashi/gomi/1686.html	来月のごみカレンダー（来月のごみ収集日）／篠栗町 スマートフォン版を表示 本文へ キーワードで検索できます 組織から探す 閲覧補助・翻訳 背景色変更 文字サイズ変更 Select Language English &#32321;&#39636;&#20013;&#25991; &#31616;&#20307;&#20013;&#25991; &#54620;&#44397;&#50612; GO 閉じる くらしの情報 くらしの情報 ふるさと納税 ふるさと納税 子育て・教育 子育て・教育 健康・福祉 健康・福祉 観光情報 観光情報 町政情報 町政情報 企業・事業者 企業・事業者 背景色変更 文字サイズ変更 Select Language English &#32321;&#39636;&#20013;&#259
篠栗町	13	RSウイルス母子免疫ワクチン定期予防接種	https://www.town.sasaguri.fukuoka.jp/soshiki/kenko/6/6481.html	RSウイルス母子免疫ワクチン定期予防接種／篠栗町 スマートフォン版を表示 本文へ キーワードで検索できます 組織から探す 閲覧補助・翻訳 背景色変更 文字サイズ変更 Select Language English &#32321;&#39636;&#20013;&#25991; &#31616;&#20307;&#20013;&#25991; &#54620;&#44397;&#50612; GO 閉じる くらしの情報 くらしの情報 ふるさと納税 ふるさと納税 子育て・教育 子育て・教育 健康・福祉 健康・福祉 観光情報 観光情報 町政情報 町政情報 企業・事業者 企業・事業者 背景色変更 文字サイズ変更 Select Language English &#32321;&#39636;&#20013;&#259
篠栗町	13	ヘルプマーク・カードの配布について	https://www.town.sasaguri.fukuoka.jp/soshiki/fukushi/2/3232.html	ヘルプマーク・カードの配布について／篠栗町 スマートフォン版を表示 本文へ キーワードで検索できます 組織から探す 閲覧補助・翻訳 背景色変更 文字サイズ変更 Select Language English &#32321;&#39636;&#20013;&#25991; &#31616;&#20307;&#20013;&#25991; &#54620;&#44397;&#50612; GO 閉じる くらしの情報 くらしの情報 ふるさと納税 ふるさと納税 子育て・教育 子育て・教育 健康・福祉 健康・福祉 観光情報 観光情報 町政情報 町政情報 企業・事業者 企業・事業者 背景色変更 文字サイズ変更 Select Language English &#32321;&#39636;&#20013;&#25991;
篠栗町	13	無戸籍の相談	https://www.town.sasaguri.fukuoka.jp/soshiki/jumin/2/1356.html	無戸籍の相談／篠栗町 スマートフォン版を表示 本文へ キーワードで検索できます 組織から探す 閲覧補助・翻訳 背景色変更 文字サイズ変更 Select Language English &#32321;&#39636;&#20013;&#25991; &#31616;&#20307;&#20013;&#25991; &#54620;&#44397;&#50612; GO 閉じる くらしの情報 くらしの情報 ふるさと納税 ふるさと納税 子育て・教育 子育て・教育 健康・福祉 健康・福祉 観光情報 観光情報 町政情報 町政情報 企業・事業者 企業・事業者 背景色変更 文字サイズ変更 Select Language English &#32321;&#39636;&#20013;&#25991; &#31616;&#
篠栗町	13	法人町民税の計算	https://www.town.sasaguri.fukuoka.jp/soshiki/zeimu/2/houjinjuminzei/892.html	法人町民税の計算／篠栗町 スマートフォン版を表示 本文へ キーワードで検索できます 組織から探す 閲覧補助・翻訳 背景色変更 文字サイズ変更 Select Language English &#32321;&#39636;&#20013;&#25991; &#31616;&#20307;&#20013;&#25991; &#54620;&#44397;&#50612; GO 閉じる くらしの情報 くらしの情報 ふるさと納税 ふるさと納税 子育て・教育 子育て・教育 健康・福祉 健康・福祉 観光情報 観光情報 町政情報 町政情報 企業・事業者 企業・事業者 背景色変更 文字サイズ変更 Select Language English &#32321;&#39636;&#20013;&#25991; &#31616;
篠栗町	13	介護保険のサービス	https://www.town.sasaguri.fukuoka.jp/soshiki/fukushi/1/1/1374.html	介護保険のサービス／篠栗町 スマートフォン版を表示 本文へ キーワードで検索できます 組織から探す 閲覧補助・翻訳 背景色変更 文字サイズ変更 Select Language English &#32321;&#39636;&#20013;&#25991; &#31616;&#20307;&#20013;&#25991; &#54620;&#44397;&#50612; GO 閉じる くらしの情報 くらしの情報 ふるさと納税 ふるさと納税 子育て・教育 子育て・教育 健康・福祉 健康・福祉 観光情報 観光情報 町政情報 町政情報 企業・事業者 企業・事業者 背景色変更 文字サイズ変更 Select Language English &#32321;&#39636;&#20013;&#25991; &#31616
篠栗町	13	住居表示実施後の手続きについて	https://www.town.sasaguri.fukuoka.jp/soshiki/jumin/1_1/921.html	住居表示実施後の手続きについて／篠栗町 スマートフォン版を表示 本文へ キーワードで検索できます 組織から探す 閲覧補助・翻訳 背景色変更 文字サイズ変更 Select Language English &#32321;&#39636;&#20013;&#25991; &#31616;&#20307;&#20013;&#25991; &#54620;&#44397;&#50612; GO 閉じる くらしの情報 くらしの情報 ふるさと納税 ふるさと納税 子育て・教育 子育て・教育 健康・福祉 健康・福祉 観光情報 観光情報 町政情報 町政情報 企業・事業者 企業・事業者 背景色変更 文字サイズ変更 Select Language English &#32321;&#39636;&#20013;&#25991; &
篠栗町	13	住居表示変更証明書・本籍変更証明書の無料交付	https://www.town.sasaguri.fukuoka.jp/soshiki/jumin/1_1/2789.html	住居表示変更証明書・本籍変更証明書の無料交付／篠栗町 スマートフォン版を表示 本文へ キーワードで検索できます 組織から探す 閲覧補助・翻訳 背景色変更 文字サイズ変更 Select Language English &#32321;&#39636;&#20013;&#25991; &#31616;&#20307;&#20013;&#25991; &#54620;&#44397;&#50612; GO 閉じる くらしの情報 くらしの情報 ふるさと納税 ふるさと納税 子育て・教育 子育て・教育 健康・福祉 健康・福祉 観光情報 観光情報 町政情報 町政情報 企業・事業者 企業・事業者 背景色変更 文字サイズ変更 Select Language English &#32321;&#39636;&#20013;&#2
篠栗町	13	住居表示について(全体図等)	https://www.town.sasaguri.fukuoka.jp/kurashi/4/3856.html	住居表示について(全体図等)／篠栗町 スマートフォン版を表示 本文へ キーワードで検索できます 組織から探す 閲覧補助・翻訳 背景色変更 文字サイズ変更 Select Language English &#32321;&#39636;&#20013;&#25991; &#31616;&#20307;&#20013;&#25991; &#54620;&#44397;&#50612; GO 閉じる くらしの情報 くらしの情報 ふるさと納税 ふるさと納税 子育て・教育 子育て・教育 健康・福祉 健康・福祉 観光情報 観光情報 町政情報 町政情報 企業・事業者 企業・事業者 背景色変更 文字サイズ変更 Select Language English &#32321;&#39636;&#20013;&#25991; &#
篠栗町	13	住居表示の実施状況(新旧対照表等)	https://www.town.sasaguri.fukuoka.jp/kurashi/4/3857.html	住居表示の実施状況(新旧対照表等)／篠栗町 スマートフォン版を表示 本文へ キーワードで検索できます 組織から探す 閲覧補助・翻訳 背景色変更 文字サイズ変更 Select Language English &#32321;&#39636;&#20013;&#25991; &#31616;&#20307;&#20013;&#25991; &#54620;&#44397;&#50612; GO 閉じる くらしの情報 くらしの情報 ふるさと納税 ふるさと納税 子育て・教育 子育て・教育 健康・福祉 健康・福祉 観光情報 観光情報 町政情報 町政情報 企業・事業者 企業・事業者 背景色変更 文字サイズ変更 Select Language English &#32321;&#39636;&#20013;&#25991;
篠栗町	13	住居表示実施区域内の新築や取り壊しについて(住居番号設定届出等)	https://www.town.sasaguri.fukuoka.jp/kurashi/4/2782.html	住居表示実施区域内の新築や取り壊しについて(住居番号設定届出等)／篠栗町 スマートフォン版を表示 本文へ キーワードで検索できます 組織から探す 閲覧補助・翻訳 背景色変更 文字サイズ変更 Select Language English &#32321;&#39636;&#20013;&#25991; &#31616;&#20307;&#20013;&#25991; &#54620;&#44397;&#50612; GO 閉じる くらしの情報 くらしの情報 ふるさと納税 ふるさと納税 子育て・教育 子育て・教育 健康・福祉 健康・福祉 観光情報 観光情報 町政情報 町政情報 企業・事業者 企業・事業者 背景色変更 文字サイズ変更 Select Language English &#32321;&#39636;&
篠栗町	13	令和7年度及び令和8年度の実施区域について（主に大字尾仲の区域）	https://www.town.sasaguri.fukuoka.jp/kurashi/4/5614.html	令和7年度及び令和8年度の実施区域について（主に大字尾仲の区域）／篠栗町 スマートフォン版を表示 本文へ キーワードで検索できます 組織から探す 閲覧補助・翻訳 背景色変更 文字サイズ変更 Select Language English &#32321;&#39636;&#20013;&#25991; &#31616;&#20307;&#20013;&#25991; &#54620;&#44397;&#50612; GO 閉じる くらしの情報 くらしの情報 ふるさと納税 ふるさと納税 子育て・教育 子育て・教育 健康・福祉 健康・福祉 観光情報 観光情報 町政情報 町政情報 企業・事業者 企業・事業者 背景色変更 文字サイズ変更 Select Language English &#32321;&#39636;&
篠栗町	13	届出書・申請書ダウンロード（住民票・戸籍・印鑑登録など）	https://www.town.sasaguri.fukuoka.jp/kurashi/todokede/1571.html	届出書・申請書ダウンロード（住民票・戸籍・印鑑登録など）／篠栗町 スマートフォン版を表示 本文へ キーワードで検索できます 組織から探す 閲覧補助・翻訳 背景色変更 文字サイズ変更 Select Language English &#32321;&#39636;&#20013;&#25991; &#31616;&#20307;&#20013;&#25991; &#54620;&#44397;&#50612; GO 閉じる くらしの情報 くらしの情報 ふるさと納税 ふるさと納税 子育て・教育 子育て・教育 健康・福祉 健康・福祉 観光情報 観光情報 町政情報 町政情報 企業・事業者 企業・事業者 背景色変更 文字サイズ変更 Select Language English &#32321;&#39636;&#200
篠栗町	13	篠栗町こども家庭センター	https://www.town.sasaguri.fukuoka.jp/soshiki/kodomo_ikusei/4/4334.html	篠栗町こども家庭センター／篠栗町 スマートフォン版を表示 本文へ キーワードで検索できます 組織から探す 閲覧補助・翻訳 背景色変更 文字サイズ変更 Select Language English &#32321;&#39636;&#20013;&#25991; &#31616;&#20307;&#20013;&#25991; &#54620;&#44397;&#50612; GO 閉じる くらしの情報 くらしの情報 ふるさと納税 ふるさと納税 子育て・教育 子育て・教育 健康・福祉 健康・福祉 観光情報 観光情報 町政情報 町政情報 企業・事業者 企業・事業者 背景色変更 文字サイズ変更 Select Language English &#32321;&#39636;&#20013;&#25991; &#31
篠栗町	13	糟屋中部3町居住支援協議会について	https://www.town.sasaguri.fukuoka.jp/soshiki/fukushi/5/6212.html	糟屋中部3町居住支援協議会について／篠栗町 スマートフォン版を表示 本文へ キーワードで検索できます 組織から探す 閲覧補助・翻訳 背景色変更 文字サイズ変更 Select Language English &#32321;&#39636;&#20013;&#25991; &#31616;&#20307;&#20013;&#25991; &#54620;&#44397;&#50612; GO 閉じる くらしの情報 くらしの情報 ふるさと納税 ふるさと納税 子育て・教育 子育て・教育 健康・福祉 健康・福祉 観光情報 観光情報 町政情報 町政情報 企業・事業者 企業・事業者 背景色変更 文字サイズ変更 Select Language English &#32321;&#39636;&#20013;&#25991;
篠栗町	13	小学校高効率照明化リース事業公募型プロポーザルの実施について	https://www.town.sasaguri.fukuoka.jp/soshiki/gakko_kyoiku/kyouikushisetsu/6508.html	小学校高効率照明化リース事業公募型プロポーザルの実施について／篠栗町 スマートフォン版を表示 本文へ キーワードで検索できます 組織から探す 閲覧補助・翻訳 背景色変更 文字サイズ変更 Select Language English &#32321;&#39636;&#20013;&#25991; &#31616;&#20307;&#20013;&#25991; &#54620;&#44397;&#50612; GO 閉じる くらしの情報 くらしの情報 ふるさと納税 ふるさと納税 子育て・教育 子育て・教育 健康・福祉 健康・福祉 観光情報 観光情報 町政情報 町政情報 企業・事業者 企業・事業者 背景色変更 文字サイズ変更 Select Language English &#32321;&#39636;&#2
篠栗町	13	緊急通報装置貸与事業	https://www.town.sasaguri.fukuoka.jp/soshiki/fukushi/1/3_1/3818.html	緊急通報装置貸与事業／篠栗町 スマートフォン版を表示 本文へ キーワードで検索できます 組織から探す 閲覧補助・翻訳 背景色変更 文字サイズ変更 Select Language English &#32321;&#39636;&#20013;&#25991; &#31616;&#20307;&#20013;&#25991; &#54620;&#44397;&#50612; GO 閉じる くらしの情報 くらしの情報 ふるさと納税 ふるさと納税 子育て・教育 子育て・教育 健康・福祉 健康・福祉 観光情報 観光情報 町政情報 町政情報 企業・事業者 企業・事業者 背景色変更 文字サイズ変更 Select Language English &#32321;&#39636;&#20013;&#25991; &#3161
篠栗町	13	令和8年度 保育施設等入所申込について	https://www.town.sasaguri.fukuoka.jp/soshiki/kodomo_ikusei/1/1_1/1353.html	令和8年度 保育施設等入所申込について／篠栗町 スマートフォン版を表示 本文へ キーワードで検索できます 組織から探す 閲覧補助・翻訳 背景色変更 文字サイズ変更 Select Language English &#32321;&#39636;&#20013;&#25991; &#31616;&#20307;&#20013;&#25991; &#54620;&#44397;&#50612; GO 閉じる くらしの情報 くらしの情報 ふるさと納税 ふるさと納税 子育て・教育 子育て・教育 健康・福祉 健康・福祉 観光情報 観光情報 町政情報 町政情報 企業・事業者 企業・事業者 背景色変更 文字サイズ変更 Select Language English &#32321;&#39636;&#20013;&#2599
篠栗町	13	令和8年度 保育施設等入所申込について（年度途中入所）	https://www.town.sasaguri.fukuoka.jp/soshiki/kodomo_ikusei/1/1_1/5603.html	令和8年度 保育施設等入所申込について（年度途中入所）／篠栗町 スマートフォン版を表示 本文へ キーワードで検索できます 組織から探す 閲覧補助・翻訳 背景色変更 文字サイズ変更 Select Language English &#32321;&#39636;&#20013;&#25991; &#31616;&#20307;&#20013;&#25991; &#54620;&#44397;&#50612; GO 閉じる くらしの情報 くらしの情報 ふるさと納税 ふるさと納税 子育て・教育 子育て・教育 健康・福祉 健康・福祉 観光情報 観光情報 町政情報 町政情報 企業・事業者 企業・事業者 背景色変更 文字サイズ変更 Select Language English &#32321;&#39636;&#2001
篠栗町	13	福岡県 子育て応援宣言企業登録制度	https://www.town.sasaguri.fukuoka.jp/kosodate/ikuji_shien/1852.html	福岡県 子育て応援宣言企業登録制度／篠栗町 スマートフォン版を表示 本文へ キーワードで検索できます 組織から探す 閲覧補助・翻訳 背景色変更 文字サイズ変更 Select Language English &#32321;&#39636;&#20013;&#25991; &#31616;&#20307;&#20013;&#25991; &#54620;&#44397;&#50612; GO 閉じる くらしの情報 くらしの情報 ふるさと納税 ふるさと納税 子育て・教育 子育て・教育 健康・福祉 健康・福祉 観光情報 観光情報 町政情報 町政情報 企業・事業者 企業・事業者 背景色変更 文字サイズ変更 Select Language English &#32321;&#39636;&#20013;&#25991;
篠栗町	13	屋外広告物の許可について	https://www.town.sasaguri.fukuoka.jp/soshiki/toshi_seibi/2/5528.html	屋外広告物の許可について／篠栗町 スマートフォン版を表示 本文へ キーワードで検索できます 組織から探す 閲覧補助・翻訳 背景色変更 文字サイズ変更 Select Language English &#32321;&#39636;&#20013;&#25991; &#31616;&#20307;&#20013;&#25991; &#54620;&#44397;&#50612; GO 閉じる くらしの情報 くらしの情報 ふるさと納税 ふるさと納税 子育て・教育 子育て・教育 健康・福祉 健康・福祉 観光情報 観光情報 町政情報 町政情報 企業・事業者 企業・事業者 背景色変更 文字サイズ変更 Select Language English &#32321;&#39636;&#20013;&#25991; &#31
篠栗町	13	引越しワンストップサービスについて	https://www.town.sasaguri.fukuoka.jp/kurashi/5283.html	引越しワンストップサービスについて／篠栗町 スマートフォン版を表示 本文へ キーワードで検索できます 組織から探す 閲覧補助・翻訳 背景色変更 文字サイズ変更 Select Language English &#32321;&#39636;&#20013;&#25991; &#31616;&#20307;&#20013;&#25991; &#54620;&#44397;&#50612; GO 閉じる くらしの情報 くらしの情報 ふるさと納税 ふるさと納税 子育て・教育 子育て・教育 健康・福祉 健康・福祉 観光情報 観光情報 町政情報 町政情報 企業・事業者 企業・事業者 背景色変更 文字サイズ変更 Select Language English &#32321;&#39636;&#20013;&#25991;
篠栗町	13	篠栗町暮らしの便利帳を発行しました	https://www.town.sasaguri.fukuoka.jp/kurashi/5730.html	篠栗町暮らしの便利帳を発行しました／篠栗町 スマートフォン版を表示 本文へ キーワードで検索できます 組織から探す 閲覧補助・翻訳 背景色変更 文字サイズ変更 Select Language English &#32321;&#39636;&#20013;&#25991; &#31616;&#20307;&#20013;&#25991; &#54620;&#44397;&#50612; GO 閉じる くらしの情報 くらしの情報 ふるさと納税 ふるさと納税 子育て・教育 子育て・教育 健康・福祉 健康・福祉 観光情報 観光情報 町政情報 町政情報 企業・事業者 企業・事業者 背景色変更 文字サイズ変更 Select Language English &#32321;&#39636;&#20013;&#25991;
篠栗町	13	献血	https://www.town.sasaguri.fukuoka.jp/kenko/1536.html	献血／篠栗町 スマートフォン版を表示 本文へ キーワードで検索できます 組織から探す 閲覧補助・翻訳 背景色変更 文字サイズ変更 Select Language English &#32321;&#39636;&#20013;&#25991; &#31616;&#20307;&#20013;&#25991; &#54620;&#44397;&#50612; GO 閉じる くらしの情報 くらしの情報 ふるさと納税 ふるさと納税 子育て・教育 子育て・教育 健康・福祉 健康・福祉 観光情報 観光情報 町政情報 町政情報 企業・事業者 企業・事業者 背景色変更 文字サイズ変更 Select Language English &#32321;&#39636;&#20013;&#25991; &#31616;&#2030
篠栗町	13	篠栗町福祉総合計画	https://www.town.sasaguri.fukuoka.jp/kenko/3614.html	篠栗町福祉総合計画／篠栗町 スマートフォン版を表示 本文へ キーワードで検索できます 組織から探す 閲覧補助・翻訳 背景色変更 文字サイズ変更 Select Language English &#32321;&#39636;&#20013;&#25991; &#31616;&#20307;&#20013;&#25991; &#54620;&#44397;&#50612; GO 閉じる くらしの情報 くらしの情報 ふるさと納税 ふるさと納税 子育て・教育 子育て・教育 健康・福祉 健康・福祉 観光情報 観光情報 町政情報 町政情報 企業・事業者 企業・事業者 背景色変更 文字サイズ変更 Select Language English &#32321;&#39636;&#20013;&#25991; &#31616
篠栗町	13	病院けんしん（個別）	https://www.town.sasaguri.fukuoka.jp/soshiki/kenko/4/1249.html	病院けんしん（個別）／篠栗町 スマートフォン版を表示 本文へ キーワードで検索できます 組織から探す 閲覧補助・翻訳 背景色変更 文字サイズ変更 Select Language English &#32321;&#39636;&#20013;&#25991; &#31616;&#20307;&#20013;&#25991; &#54620;&#44397;&#50612; GO 閉じる くらしの情報 くらしの情報 ふるさと納税 ふるさと納税 子育て・教育 子育て・教育 健康・福祉 健康・福祉 観光情報 観光情報 町政情報 町政情報 企業・事業者 企業・事業者 背景色変更 文字サイズ変更 Select Language English &#32321;&#39636;&#20013;&#25991; &#3161
篠栗町	13	子宮頸がん・乳がん検診無料クーポン券のご案内	https://www.town.sasaguri.fukuoka.jp/soshiki/kenko/4/3888.html	子宮頸がん・乳がん検診無料クーポン券のご案内／篠栗町 スマートフォン版を表示 本文へ キーワードで検索できます 組織から探す 閲覧補助・翻訳 背景色変更 文字サイズ変更 Select Language English &#32321;&#39636;&#20013;&#25991; &#31616;&#20307;&#20013;&#25991; &#54620;&#44397;&#50612; GO 閉じる くらしの情報 くらしの情報 ふるさと納税 ふるさと納税 子育て・教育 子育て・教育 健康・福祉 健康・福祉 観光情報 観光情報 町政情報 町政情報 企業・事業者 企業・事業者 背景色変更 文字サイズ変更 Select Language English &#32321;&#39636;&#20013;&#2
篠栗町	13	歯の健診	https://www.town.sasaguri.fukuoka.jp/soshiki/kenko/4/6534.html	歯の健診／篠栗町 スマートフォン版を表示 本文へ キーワードで検索できます 組織から探す 閲覧補助・翻訳 背景色変更 文字サイズ変更 Select Language English &#32321;&#39636;&#20013;&#25991; &#31616;&#20307;&#20013;&#25991; &#54620;&#44397;&#50612; GO 閉じる くらしの情報 くらしの情報 ふるさと納税 ふるさと納税 子育て・教育 子育て・教育 健康・福祉 健康・福祉 観光情報 観光情報 町政情報 町政情報 企業・事業者 企業・事業者 背景色変更 文字サイズ変更 Select Language English &#32321;&#39636;&#20013;&#25991; &#31616;&#20
篠栗町	13	オアシス篠栗の施設予約について	https://www.town.sasaguri.fukuoka.jp/soshiki/kenko/1_2/5776.html	オアシス篠栗の施設予約について／篠栗町 スマートフォン版を表示 本文へ キーワードで検索できます 組織から探す 閲覧補助・翻訳 背景色変更 文字サイズ変更 Select Language English &#32321;&#39636;&#20013;&#25991; &#31616;&#20307;&#20013;&#25991; &#54620;&#44397;&#50612; GO 閉じる くらしの情報 くらしの情報 ふるさと納税 ふるさと納税 子育て・教育 子育て・教育 健康・福祉 健康・福祉 観光情報 観光情報 町政情報 町政情報 企業・事業者 企業・事業者 背景色変更 文字サイズ変更 Select Language English &#32321;&#39636;&#20013;&#25991; &
篠栗町	13	資源ごみ （缶・びん）	https://www.town.sasaguri.fukuoka.jp/kurashi/gomi/2/1728.html	資源ごみ （缶・びん）／篠栗町 スマートフォン版を表示 本文へ キーワードで検索できます 組織から探す 閲覧補助・翻訳 背景色変更 文字サイズ変更 Select Language English &#32321;&#39636;&#20013;&#25991; &#31616;&#20307;&#20013;&#25991; &#54620;&#44397;&#50612; GO 閉じる くらしの情報 くらしの情報 ふるさと納税 ふるさと納税 子育て・教育 子育て・教育 健康・福祉 健康・福祉 観光情報 観光情報 町政情報 町政情報 企業・事業者 企業・事業者 背景色変更 文字サイズ変更 Select Language English &#32321;&#39636;&#20013;&#25991; &#316
篠栗町	13	特定外来生物「セアカゴケグモ」にご注意ください	https://www.town.sasaguri.fukuoka.jp/kurashi/kankyo/3/1879.html	特定外来生物「セアカゴケグモ」にご注意ください／篠栗町 スマートフォン版を表示 本文へ キーワードで検索できます 組織から探す 閲覧補助・翻訳 背景色変更 文字サイズ変更 Select Language English &#32321;&#39636;&#20013;&#25991; &#31616;&#20307;&#20013;&#25991; &#54620;&#44397;&#50612; GO 閉じる くらしの情報 くらしの情報 ふるさと納税 ふるさと納税 子育て・教育 子育て・教育 健康・福祉 健康・福祉 観光情報 観光情報 町政情報 町政情報 企業・事業者 企業・事業者 背景色変更 文字サイズ変更 Select Language English &#32321;&#39636;&#20013;&#
篠栗町	13	介護保険サービス利用の流れ	https://www.town.sasaguri.fukuoka.jp/kenko/kaigo/2023.html	介護保険サービス利用の流れ／篠栗町 スマートフォン版を表示 本文へ キーワードで検索できます 組織から探す 閲覧補助・翻訳 背景色変更 文字サイズ変更 Select Language English &#32321;&#39636;&#20013;&#25991; &#31616;&#20307;&#20013;&#25991; &#54620;&#44397;&#50612; GO 閉じる くらしの情報 くらしの情報 ふるさと納税 ふるさと納税 子育て・教育 子育て・教育 健康・福祉 健康・福祉 観光情報 観光情報 町政情報 町政情報 企業・事業者 企業・事業者 背景色変更 文字サイズ変更 Select Language English &#32321;&#39636;&#20013;&#25991; &#3
篠栗町	13	介護保険に関する届出	https://www.town.sasaguri.fukuoka.jp/kenko/kaigo/2015.html	介護保険に関する届出／篠栗町 スマートフォン版を表示 本文へ キーワードで検索できます 組織から探す 閲覧補助・翻訳 背景色変更 文字サイズ変更 Select Language English &#32321;&#39636;&#20013;&#25991; &#31616;&#20307;&#20013;&#25991; &#54620;&#44397;&#50612; GO 閉じる くらしの情報 くらしの情報 ふるさと納税 ふるさと納税 子育て・教育 子育て・教育 健康・福祉 健康・福祉 観光情報 観光情報 町政情報 町政情報 企業・事業者 企業・事業者 背景色変更 文字サイズ変更 Select Language English &#32321;&#39636;&#20013;&#25991; &#3161
篠栗町	13	水道事業・下水道事業の適格請求書（インボイス）発行事業者登録番号について	https://www.town.sasaguri.fukuoka.jp/kurashi/jogesui/4936.html	水道事業・下水道事業の適格請求書（インボイス）発行事業者登録番号について／篠栗町 スマートフォン版を表示 本文へ キーワードで検索できます 組織から探す 閲覧補助・翻訳 背景色変更 文字サイズ変更 Select Language English &#32321;&#39636;&#20013;&#25991; &#31616;&#20307;&#20013;&#25991; &#54620;&#44397;&#50612; GO 閉じる くらしの情報 くらしの情報 ふるさと納税 ふるさと納税 子育て・教育 子育て・教育 健康・福祉 健康・福祉 観光情報 観光情報 町政情報 町政情報 企業・事業者 企業・事業者 背景色変更 文字サイズ変更 Select Language English &#32321;&#396
篠栗町	13	届出書・申請書ダウンロード（税）	https://www.town.sasaguri.fukuoka.jp/kurashi/zei/3077.html	届出書・申請書ダウンロード（税）／篠栗町 スマートフォン版を表示 本文へ キーワードで検索できます 組織から探す 閲覧補助・翻訳 背景色変更 文字サイズ変更 Select Language English &#32321;&#39636;&#20013;&#25991; &#31616;&#20307;&#20013;&#25991; &#54620;&#44397;&#50612; GO 閉じる くらしの情報 くらしの情報 ふるさと納税 ふるさと納税 子育て・教育 子育て・教育 健康・福祉 健康・福祉 観光情報 観光情報 町政情報 町政情報 企業・事業者 企業・事業者 背景色変更 文字サイズ変更 Select Language English &#32321;&#39636;&#20013;&#25991;
篠栗町	13	税の納期	https://www.town.sasaguri.fukuoka.jp/kurashi/zei/2043.html	税の納期／篠栗町 スマートフォン版を表示 本文へ キーワードで検索できます 組織から探す 閲覧補助・翻訳 背景色変更 文字サイズ変更 Select Language English &#32321;&#39636;&#20013;&#25991; &#31616;&#20307;&#20013;&#25991; &#54620;&#44397;&#50612; GO 閉じる くらしの情報 くらしの情報 ふるさと納税 ふるさと納税 子育て・教育 子育て・教育 健康・福祉 健康・福祉 観光情報 観光情報 町政情報 町政情報 企業・事業者 企業・事業者 背景色変更 文字サイズ変更 Select Language English &#32321;&#39636;&#20013;&#25991; &#31616;&#20
篠栗町	13	収納方法	https://www.town.sasaguri.fukuoka.jp/kurashi/zei/5842.html	収納方法／篠栗町 スマートフォン版を表示 本文へ キーワードで検索できます 組織から探す 閲覧補助・翻訳 背景色変更 文字サイズ変更 Select Language English &#32321;&#39636;&#20013;&#25991; &#31616;&#20307;&#20013;&#25991; &#54620;&#44397;&#50612; GO 閉じる くらしの情報 くらしの情報 ふるさと納税 ふるさと納税 子育て・教育 子育て・教育 健康・福祉 健康・福祉 観光情報 観光情報 町政情報 町政情報 企業・事業者 企業・事業者 背景色変更 文字サイズ変更 Select Language English &#32321;&#39636;&#20013;&#25991; &#31616;&#20
篠栗町	13	住居表示に関する質問	https://www.town.sasaguri.fukuoka.jp/soshiki/jumin/1_1/jukyohyoji/920.html	住居表示に関する質問／篠栗町 スマートフォン版を表示 本文へ キーワードで検索できます 組織から探す 閲覧補助・翻訳 背景色変更 文字サイズ変更 Select Language English &#32321;&#39636;&#20013;&#25991; &#31616;&#20307;&#20013;&#25991; &#54620;&#44397;&#50612; GO 閉じる くらしの情報 くらしの情報 ふるさと納税 ふるさと納税 子育て・教育 子育て・教育 健康・福祉 健康・福祉 観光情報 観光情報 町政情報 町政情報 企業・事業者 企業・事業者 背景色変更 文字サイズ変更 Select Language English &#32321;&#39636;&#20013;&#25991; &#3161
篠栗町	13	農業委員会	https://www.town.sasaguri.fukuoka.jp/soshiki/sangyo/3/3/1111.html	農業委員会／篠栗町 スマートフォン版を表示 本文へ キーワードで検索できます 組織から探す 閲覧補助・翻訳 背景色変更 文字サイズ変更 Select Language English &#32321;&#39636;&#20013;&#25991; &#31616;&#20307;&#20013;&#25991; &#54620;&#44397;&#50612; GO 閉じる くらしの情報 くらしの情報 ふるさと納税 ふるさと納税 子育て・教育 子育て・教育 健康・福祉 健康・福祉 観光情報 観光情報 町政情報 町政情報 企業・事業者 企業・事業者 背景色変更 文字サイズ変更 Select Language English &#32321;&#39636;&#20013;&#25991; &#31616;&#2
篠栗町	13	小動物用箱わな貸出について	https://www.town.sasaguri.fukuoka.jp/soshiki/sangyo/3/yuugaityoujuu/hakowanakasidasi.html	小動物用箱わな貸出について／篠栗町 スマートフォン版を表示 本文へ キーワードで検索できます 組織から探す 閲覧補助・翻訳 背景色変更 文字サイズ変更 Select Language English &#32321;&#39636;&#20013;&#25991; &#31616;&#20307;&#20013;&#25991; &#54620;&#44397;&#50612; GO 閉じる くらしの情報 くらしの情報 ふるさと納税 ふるさと納税 子育て・教育 子育て・教育 健康・福祉 健康・福祉 観光情報 観光情報 町政情報 町政情報 企業・事業者 企業・事業者 背景色変更 文字サイズ変更 Select Language English &#32321;&#39636;&#20013;&#25991; &#3
篠栗町	13	預かり保育	https://www.town.sasaguri.fukuoka.jp/soshiki/gakko_kyoiku/1/6/835.html	預かり保育／篠栗町 スマートフォン版を表示 本文へ キーワードで検索できます 組織から探す 閲覧補助・翻訳 背景色変更 文字サイズ変更 Select Language English &#32321;&#39636;&#20013;&#25991; &#31616;&#20307;&#20013;&#25991; &#54620;&#44397;&#50612; GO 閉じる くらしの情報 くらしの情報 ふるさと納税 ふるさと納税 子育て・教育 子育て・教育 健康・福祉 健康・福祉 観光情報 観光情報 町政情報 町政情報 企業・事業者 企業・事業者 背景色変更 文字サイズ変更 Select Language English &#32321;&#39636;&#20013;&#25991; &#31616;&#2
篠栗町	13	日曜日一時預かり事業	https://www.town.sasaguri.fukuoka.jp/soshiki/kodomo_ikusei/2/1_1/3905.html	日曜日一時預かり事業／篠栗町 スマートフォン版を表示 本文へ キーワードで検索できます 組織から探す 閲覧補助・翻訳 背景色変更 文字サイズ変更 Select Language English &#32321;&#39636;&#20013;&#25991; &#31616;&#20307;&#20013;&#25991; &#54620;&#44397;&#50612; GO 閉じる くらしの情報 くらしの情報 ふるさと納税 ふるさと納税 子育て・教育 子育て・教育 健康・福祉 健康・福祉 観光情報 観光情報 町政情報 町政情報 企業・事業者 企業・事業者 背景色変更 文字サイズ変更 Select Language English &#32321;&#39636;&#20013;&#25991; &#3161
篠栗町	13	放課後児童クラブ（学童保育）	https://www.town.sasaguri.fukuoka.jp/soshiki/kodomo_ikusei/2/1/1142.html	放課後児童クラブ（学童保育）／篠栗町 スマートフォン版を表示 本文へ キーワードで検索できます 組織から探す 閲覧補助・翻訳 背景色変更 文字サイズ変更 Select Language English &#32321;&#39636;&#20013;&#25991; &#31616;&#20307;&#20013;&#25991; &#54620;&#44397;&#50612; GO 閉じる くらしの情報 くらしの情報 ふるさと納税 ふるさと納税 子育て・教育 子育て・教育 健康・福祉 健康・福祉 観光情報 観光情報 町政情報 町政情報 企業・事業者 企業・事業者 背景色変更 文字サイズ変更 Select Language English &#32321;&#39636;&#20013;&#25991; &#
篠栗町	13	住民票に関する届出	https://www.town.sasaguri.fukuoka.jp/kurashi/kekkonrikon/1/2443.html	住民票に関する届出／篠栗町 スマートフォン版を表示 本文へ キーワードで検索できます 組織から探す 閲覧補助・翻訳 背景色変更 文字サイズ変更 Select Language English &#32321;&#39636;&#20013;&#25991; &#31616;&#20307;&#20013;&#25991; &#54620;&#44397;&#50612; GO 閉じる くらしの情報 くらしの情報 ふるさと納税 ふるさと納税 子育て・教育 子育て・教育 健康・福祉 健康・福祉 観光情報 観光情報 町政情報 町政情報 企業・事業者 企業・事業者 背景色変更 文字サイズ変更 Select Language English &#32321;&#39636;&#20013;&#25991; &#31616
篠栗町	13	住民票に関する届出	https://www.town.sasaguri.fukuoka.jp/kurashi/kekkonrikon/3/2449.html	住民票に関する届出／篠栗町 スマートフォン版を表示 本文へ キーワードで検索できます 組織から探す 閲覧補助・翻訳 背景色変更 文字サイズ変更 Select Language English &#32321;&#39636;&#20013;&#25991; &#31616;&#20307;&#20013;&#25991; &#54620;&#44397;&#50612; GO 閉じる くらしの情報 くらしの情報 ふるさと納税 ふるさと納税 子育て・教育 子育て・教育 健康・福祉 健康・福祉 観光情報 観光情報 町政情報 町政情報 企業・事業者 企業・事業者 背景色変更 文字サイズ変更 Select Language English &#32321;&#39636;&#20013;&#25991; &#31616
篠栗町	13	小学校・中学校に関する手続き	https://www.town.sasaguri.fukuoka.jp/kosodate/yoji_kyoiku/1579.html	小学校・中学校に関する手続き／篠栗町 スマートフォン版を表示 本文へ キーワードで検索できます 組織から探す 閲覧補助・翻訳 背景色変更 文字サイズ変更 Select Language English &#32321;&#39636;&#20013;&#25991; &#31616;&#20307;&#20013;&#25991; &#54620;&#44397;&#50612; GO 閉じる くらしの情報 くらしの情報 ふるさと納税 ふるさと納税 子育て・教育 子育て・教育 健康・福祉 健康・福祉 観光情報 観光情報 町政情報 町政情報 企業・事業者 企業・事業者 背景色変更 文字サイズ変更 Select Language English &#32321;&#39636;&#20013;&#25991; &#
篠栗町	13	篠栗町教育大綱について	https://www.town.sasaguri.fukuoka.jp/kosodate/yoji_kyoiku/5929.html	篠栗町教育大綱について／篠栗町 スマートフォン版を表示 本文へ キーワードで検索できます 組織から探す 閲覧補助・翻訳 背景色変更 文字サイズ変更 Select Language English &#32321;&#39636;&#20013;&#25991; &#31616;&#20307;&#20013;&#25991; &#54620;&#44397;&#50612; GO 閉じる くらしの情報 くらしの情報 ふるさと納税 ふるさと納税 子育て・教育 子育て・教育 健康・福祉 健康・福祉 観光情報 観光情報 町政情報 町政情報 企業・事業者 企業・事業者 背景色変更 文字サイズ変更 Select Language English &#32321;&#39636;&#20013;&#25991; &#316
篠栗町	13	令和8年度篠栗町立小中学校共育研修会について	https://www.town.sasaguri.fukuoka.jp/kosodate/yoji_kyoiku/6014.html	令和8年度篠栗町立小中学校共育研修会について／篠栗町 スマートフォン版を表示 本文へ キーワードで検索できます 組織から探す 閲覧補助・翻訳 背景色変更 文字サイズ変更 Select Language English &#32321;&#39636;&#20013;&#25991; &#31616;&#20307;&#20013;&#25991; &#54620;&#44397;&#50612; GO 閉じる くらしの情報 くらしの情報 ふるさと納税 ふるさと納税 子育て・教育 子育て・教育 健康・福祉 健康・福祉 観光情報 観光情報 町政情報 町政情報 企業・事業者 企業・事業者 背景色変更 文字サイズ変更 Select Language English &#32321;&#39636;&#20013;&#2
篠栗町	13	乳幼児健診	https://www.town.sasaguri.fukuoka.jp/kosodate/ninshinsyusan/2/2483.html	乳幼児健診／篠栗町 スマートフォン版を表示 本文へ キーワードで検索できます 組織から探す 閲覧補助・翻訳 背景色変更 文字サイズ変更 Select Language English &#32321;&#39636;&#20013;&#25991; &#31616;&#20307;&#20013;&#25991; &#54620;&#44397;&#50612; GO 閉じる くらしの情報 くらしの情報 ふるさと納税 ふるさと納税 子育て・教育 子育て・教育 健康・福祉 健康・福祉 観光情報 観光情報 町政情報 町政情報 企業・事業者 企業・事業者 背景色変更 文字サイズ変更 Select Language English &#32321;&#39636;&#20013;&#25991; &#31616;&#2
篠栗町	12	ささぐり母子健康手帳アプリ「くりっこ」	https://www.town.sasaguri.fukuoka.jp/soshiki/kenko/1_1/5525.html	ささぐり母子健康手帳アプリ「くりっこ」／篠栗町 スマートフォン版を表示 本文へ キーワードで検索できます 組織から探す 閲覧補助・翻訳 背景色変更 文字サイズ変更 Select Language English &#32321;&#39636;&#20013;&#25991; &#31616;&#20307;&#20013;&#25991; &#54620;&#44397;&#50612; GO 閉じる くらしの情報 くらしの情報 ふるさと納税 ふるさと納税 子育て・教育 子育て・教育 健康・福祉 健康・福祉 観光情報 観光情報 町政情報 町政情報 企業・事業者 企業・事業者 背景色変更 文字サイズ変更 Select Language English &#32321;&#39636;&#20013;&#2599
篠栗町	12	保育施設等	https://www.town.sasaguri.fukuoka.jp/soshiki/kodomo_ikusei/1/1_1/index.html	保育施設等／篠栗町 スマートフォン版を表示 本文へ キーワードで検索できます 組織から探す 閲覧補助・翻訳 背景色変更 文字サイズ変更 Select Language English &#32321;&#39636;&#20013;&#25991; &#31616;&#20307;&#20013;&#25991; &#54620;&#44397;&#50612; GO 閉じる くらしの情報 くらしの情報 ふるさと納税 ふるさと納税 子育て・教育 子育て・教育 健康・福祉 健康・福祉 観光情報 観光情報 町政情報 町政情報 企業・事業者 企業・事業者 背景色変更 文字サイズ変更 Select Language English &#32321;&#39636;&#20013;&#25991; &#31616;&#2
篠栗町	12	健康づくり・予防	https://www.town.sasaguri.fukuoka.jp/kenko/kenko/index.html	健康づくり・予防／篠栗町 スマートフォン版を表示 本文へ キーワードで検索できます 組織から探す 閲覧補助・翻訳 背景色変更 文字サイズ変更 Select Language English &#32321;&#39636;&#20013;&#25991; &#31616;&#20307;&#20013;&#25991; &#54620;&#44397;&#50612; GO 閉じる くらしの情報 くらしの情報 ふるさと納税 ふるさと納税 子育て・教育 子育て・教育 健康・福祉 健康・福祉 観光情報 観光情報 町政情報 町政情報 企業・事業者 企業・事業者 背景色変更 文字サイズ変更 Select Language English &#32321;&#39636;&#20013;&#25991; &#31616;
篠栗町	12	篠栗町LINE公式アカウント友だち募集中！	https://www.town.sasaguri.fukuoka.jp/soshiki/machidukuri/2/3860.html	篠栗町LINE公式アカウント友だち募集中！／篠栗町 スマートフォン版を表示 本文へ キーワードで検索できます 組織から探す 閲覧補助・翻訳 背景色変更 文字サイズ変更 Select Language English &#32321;&#39636;&#20013;&#25991; &#31616;&#20307;&#20013;&#25991; &#54620;&#44397;&#50612; GO 閉じる くらしの情報 くらしの情報 ふるさと納税 ふるさと納税 子育て・教育 子育て・教育 健康・福祉 健康・福祉 観光情報 観光情報 町政情報 町政情報 企業・事業者 企業・事業者 背景色変更 文字サイズ変更 Select Language English &#32321;&#39636;&#20013;&#25
篠栗町	12	JIS X 8341-3:2016に基づく試験結果表示（2025年度版）	https://www.town.sasaguri.fukuoka.jp/soshiki/machidukuri/2/0331001/6027.html	JIS X 8341-3:2016に基づく試験結果表示（2025年度版）／篠栗町 スマートフォン版を表示 本文へ キーワードで検索できます 組織から探す 閲覧補助・翻訳 背景色変更 文字サイズ変更 Select Language English &#32321;&#39636;&#20013;&#25991; &#31616;&#20307;&#20013;&#25991; &#54620;&#44397;&#50612; GO 閉じる くらしの情報 くらしの情報 ふるさと納税 ふるさと納税 子育て・教育 子育て・教育 健康・福祉 健康・福祉 観光情報 観光情報 町政情報 町政情報 企業・事業者 企業・事業者 背景色変更 文字サイズ変更 Select Language English &#32321;&#396
新宮町	33	こどもの予防接種	https://www.town.shingu.fukuoka.jp/soshiki/kosodate/3/2/1302.html	こどもの予防接種／新宮町 スマートフォン版を表示 本文へ 文字サイズ 背景色 Select Language English &#54620;&#44397;&#50612; &#31616;&#20307;&#20013;&#25991; &#32321;&#39636;&#20013;&#25991; 日本語 翻訳 組織から探す お問い合わせ くらし・手続き 子育て・教育 健康・福祉 しごと・産業 町政情報 安心・安全 渡船・バス くらし・手続き 子育て・教育 健康・福祉 しごと・産業 町政情報 安心・安全 渡船・バス 利用ガイド キーワード検索 ページID検索 キーワード検索 ページID検索 よくある質問 お問い合わせ 組織から探す 背景色変更 文字サイズ変更 Select Language Englis
新宮町	33	妊婦のRSウイルスワクチンの定期接種化	https://www.town.shingu.fukuoka.jp/soshiki/kosodate/3/2/8063.html	妊婦のRSウイルスワクチンの定期接種化／新宮町 スマートフォン版を表示 本文へ 文字サイズ 背景色 Select Language English &#54620;&#44397;&#50612; &#31616;&#20307;&#20013;&#25991; &#32321;&#39636;&#20013;&#25991; 日本語 翻訳 組織から探す お問い合わせ くらし・手続き 子育て・教育 健康・福祉 しごと・産業 町政情報 安心・安全 渡船・バス くらし・手続き 子育て・教育 健康・福祉 しごと・産業 町政情報 安心・安全 渡船・バス 利用ガイド キーワード検索 ページID検索 キーワード検索 ページID検索 よくある質問 お問い合わせ 組織から探す 背景色変更 文字サイズ変更 Select Lang
新宮町	26	給付金を騙った電子メールやサイトにご注意ください	https://www.town.shingu.fukuoka.jp/kurashi/kyufukin/5055.html	給付金を騙った電子メールやサイトにご注意ください／新宮町 スマートフォン版を表示 本文へ 文字サイズ 背景色 Select Language English &#54620;&#44397;&#50612; &#31616;&#20307;&#20013;&#25991; &#32321;&#39636;&#20013;&#25991; 日本語 翻訳 組織から探す お問い合わせ くらし・手続き 子育て・教育 健康・福祉 しごと・産業 町政情報 安心・安全 渡船・バス くらし・手続き 子育て・教育 健康・福祉 しごと・産業 町政情報 安心・安全 渡船・バス 利用ガイド キーワード検索 ページID検索 キーワード検索 ページID検索 よくある質問 お問い合わせ 組織から探す 背景色変更 文字サイズ変更 Select
新宮町	26	新宮町物価高騰対応 主な支援内容（定額給付金など）	https://www.town.shingu.fukuoka.jp/kurashi/kyufukin/8152.html	新宮町物価高騰対応 主な支援内容（定額給付金など）／新宮町 スマートフォン版を表示 本文へ 文字サイズ 背景色 Select Language English &#54620;&#44397;&#50612; &#31616;&#20307;&#20013;&#25991; &#32321;&#39636;&#20013;&#25991; 日本語 翻訳 組織から探す お問い合わせ くらし・手続き 子育て・教育 健康・福祉 しごと・産業 町政情報 安心・安全 渡船・バス くらし・手続き 子育て・教育 健康・福祉 しごと・産業 町政情報 安心・安全 渡船・バス 利用ガイド キーワード検索 ページID検索 キーワード検索 ページID検索 よくある質問 お問い合わせ 組織から探す 背景色変更 文字サイズ変更 Selec
新宮町	26	令和8年度就学援助の申請	https://www.town.shingu.fukuoka.jp/navi/kosodate/kyouiku/3795.html	令和8年度就学援助の申請／新宮町 スマートフォン版を表示 本文へ 文字サイズ 背景色 Select Language English &#54620;&#44397;&#50612; &#31616;&#20307;&#20013;&#25991; &#32321;&#39636;&#20013;&#25991; 日本語 翻訳 組織から探す お問い合わせ くらし・手続き 子育て・教育 健康・福祉 しごと・産業 町政情報 安心・安全 渡船・バス くらし・手続き 子育て・教育 健康・福祉 しごと・産業 町政情報 安心・安全 渡船・バス 利用ガイド キーワード検索 ページID検索 キーワード検索 ページID検索 よくある質問 お問い合わせ 組織から探す 背景色変更 文字サイズ変更 Select Language En
新宮町	26	ふるさと応援寄附金の使い道	https://www.town.shingu.fukuoka.jp/gyosei/furusato/3068.html	ふるさと応援寄附金の使い道／新宮町 スマートフォン版を表示 本文へ 文字サイズ 背景色 Select Language English &#54620;&#44397;&#50612; &#31616;&#20307;&#20013;&#25991; &#32321;&#39636;&#20013;&#25991; 日本語 翻訳 組織から探す お問い合わせ くらし・手続き 子育て・教育 健康・福祉 しごと・産業 町政情報 安心・安全 渡船・バス くらし・手続き 子育て・教育 健康・福祉 しごと・産業 町政情報 安心・安全 渡船・バス 利用ガイド キーワード検索 ページID検索 キーワード検索 ページID検索 よくある質問 お問い合わせ 組織から探す 背景色変更 文字サイズ変更 Select Language E
新宮町	21	子ども医療費支給制度（令和6年4月から変わりました）	https://www.town.shingu.fukuoka.jp/soshiki/juumin/11/1573.html	子ども医療費支給制度（令和6年4月から変わりました）／新宮町 スマートフォン版を表示 本文へ 文字サイズ 背景色 Select Language English &#54620;&#44397;&#50612; &#31616;&#20307;&#20013;&#25991; &#32321;&#39636;&#20013;&#25991; 日本語 翻訳 組織から探す お問い合わせ くらし・手続き 子育て・教育 健康・福祉 しごと・産業 町政情報 安心・安全 渡船・バス くらし・手続き 子育て・教育 健康・福祉 しごと・産業 町政情報 安心・安全 渡船・バス 利用ガイド キーワード検索 ページID検索 キーワード検索 ページID検索 よくある質問 お問い合わせ 組織から探す 背景色変更 文字サイズ変更 Sele
新宮町	21	高齢者食事サービス事業補助金	https://www.town.shingu.fukuoka.jp/soshiki/fukushi_kenkofukushi/3/2/8472.html	高齢者食事サービス事業補助金／新宮町 スマートフォン版を表示 本文へ 文字サイズ 背景色 Select Language English &#54620;&#44397;&#50612; &#31616;&#20307;&#20013;&#25991; &#32321;&#39636;&#20013;&#25991; 日本語 翻訳 組織から探す お問い合わせ くらし・手続き 子育て・教育 健康・福祉 しごと・産業 町政情報 安心・安全 渡船・バス くらし・手続き 子育て・教育 健康・福祉 しごと・産業 町政情報 安心・安全 渡船・バス 利用ガイド キーワード検索 ページID検索 キーワード検索 ページID検索 よくある質問 お問い合わせ 組織から探す 背景色変更 文字サイズ変更 Select Language
新宮町	21	乳児等通園支援事業（こども誰でも通園制度）	https://www.town.shingu.fukuoka.jp/soshiki/kosodate/10/8350.html	乳児等通園支援事業（こども誰でも通園制度）／新宮町 スマートフォン版を表示 本文へ 文字サイズ 背景色 Select Language English &#54620;&#44397;&#50612; &#31616;&#20307;&#20013;&#25991; &#32321;&#39636;&#20013;&#25991; 日本語 翻訳 組織から探す お問い合わせ くらし・手続き 子育て・教育 健康・福祉 しごと・産業 町政情報 安心・安全 渡船・バス くらし・手続き 子育て・教育 健康・福祉 しごと・産業 町政情報 安心・安全 渡船・バス 利用ガイド キーワード検索 ページID検索 キーワード検索 ページID検索 よくある質問 お問い合わせ 組織から探す 背景色変更 文字サイズ変更 Select La
新宮町	21	旧優生保護法による優生手術・人工妊娠中絶などを受けた人とご家族へ	https://www.town.shingu.fukuoka.jp/kurashi/kyufukin/6829.html	旧優生保護法による優生手術・人工妊娠中絶などを受けた人とご家族へ／新宮町 スマートフォン版を表示 本文へ 文字サイズ 背景色 Select Language English &#54620;&#44397;&#50612; &#31616;&#20307;&#20013;&#25991; &#32321;&#39636;&#20013;&#25991; 日本語 翻訳 組織から探す お問い合わせ くらし・手続き 子育て・教育 健康・福祉 しごと・産業 町政情報 安心・安全 渡船・バス くらし・手続き 子育て・教育 健康・福祉 しごと・産業 町政情報 安心・安全 渡船・バス 利用ガイド キーワード検索 ページID検索 キーワード検索 ページID検索 よくある質問 お問い合わせ 組織から探す 背景色変更 文字サイズ変
新宮町	21	おたふくかぜワクチン費用の助成	https://www.town.shingu.fukuoka.jp/soshiki/kosodate/3/2/6815.html	おたふくかぜワクチン費用の助成／新宮町 スマートフォン版を表示 本文へ 文字サイズ 背景色 Select Language English &#54620;&#44397;&#50612; &#31616;&#20307;&#20013;&#25991; &#32321;&#39636;&#20013;&#25991; 日本語 翻訳 組織から探す お問い合わせ くらし・手続き 子育て・教育 健康・福祉 しごと・産業 町政情報 安心・安全 渡船・バス くらし・手続き 子育て・教育 健康・福祉 しごと・産業 町政情報 安心・安全 渡船・バス 利用ガイド キーワード検索 ページID検索 キーワード検索 ページID検索 よくある質問 お問い合わせ 組織から探す 背景色変更 文字サイズ変更 Select Language
新宮町	21	造血細胞移植等により免疫が失われた小児への予防接種再接種費用助成	https://www.town.shingu.fukuoka.jp/soshiki/kosodate/3/2/3656.html	造血細胞移植等により免疫が失われた小児への予防接種再接種費用助成／新宮町 スマートフォン版を表示 本文へ 文字サイズ 背景色 Select Language English &#54620;&#44397;&#50612; &#31616;&#20307;&#20013;&#25991; &#32321;&#39636;&#20013;&#25991; 日本語 翻訳 組織から探す お問い合わせ くらし・手続き 子育て・教育 健康・福祉 しごと・産業 町政情報 安心・安全 渡船・バス くらし・手続き 子育て・教育 健康・福祉 しごと・産業 町政情報 安心・安全 渡船・バス 利用ガイド キーワード検索 ページID検索 キーワード検索 ページID検索 よくある質問 お問い合わせ 組織から探す 背景色変更 文字サイズ変
新宮町	21	出産・子育て応援給付金	https://www.town.shingu.fukuoka.jp/soshiki/kosodate/9/3616.html	出産・子育て応援給付金／新宮町 スマートフォン版を表示 本文へ 文字サイズ 背景色 Select Language English &#54620;&#44397;&#50612; &#31616;&#20307;&#20013;&#25991; &#32321;&#39636;&#20013;&#25991; 日本語 翻訳 組織から探す お問い合わせ くらし・手続き 子育て・教育 健康・福祉 しごと・産業 町政情報 安心・安全 渡船・バス くらし・手続き 子育て・教育 健康・福祉 しごと・産業 町政情報 安心・安全 渡船・バス 利用ガイド キーワード検索 ページID検索 キーワード検索 ページID検索 よくある質問 お問い合わせ 組織から探す 背景色変更 文字サイズ変更 Select Language Eng
新宮町	21	妊婦のための支援給付金	https://www.town.shingu.fukuoka.jp/soshiki/kosodate/9/7095.html	妊婦のための支援給付金／新宮町 スマートフォン版を表示 本文へ 文字サイズ 背景色 Select Language English &#54620;&#44397;&#50612; &#31616;&#20307;&#20013;&#25991; &#32321;&#39636;&#20013;&#25991; 日本語 翻訳 組織から探す お問い合わせ くらし・手続き 子育て・教育 健康・福祉 しごと・産業 町政情報 安心・安全 渡船・バス くらし・手続き 子育て・教育 健康・福祉 しごと・産業 町政情報 安心・安全 渡船・バス 利用ガイド キーワード検索 ページID検索 キーワード検索 ページID検索 よくある質問 お問い合わせ 組織から探す 背景色変更 文字サイズ変更 Select Language Eng
新宮町	21	町立幼稚園の通園補助制度	https://www.town.shingu.fukuoka.jp/soshiki/gakko_kyoiku/7/2/7844.html	町立幼稚園の通園補助制度／新宮町 スマートフォン版を表示 本文へ 文字サイズ 背景色 Select Language English &#54620;&#44397;&#50612; &#31616;&#20307;&#20013;&#25991; &#32321;&#39636;&#20013;&#25991; 日本語 翻訳 組織から探す お問い合わせ くらし・手続き 子育て・教育 健康・福祉 しごと・産業 町政情報 安心・安全 渡船・バス くらし・手続き 子育て・教育 健康・福祉 しごと・産業 町政情報 安心・安全 渡船・バス 利用ガイド キーワード検索 ページID検索 キーワード検索 ページID検索 よくある質問 お問い合わせ 組織から探す 背景色変更 文字サイズ変更 Select Language En
新宮町	21	番号法第9条第2項の条例で定める事務の情報連携に係る届出事項の公表について	https://www.town.shingu.fukuoka.jp/kurashi/todokede_shomei/1/3150.html	番号法第9条第2項の条例で定める事務の情報連携に係る届出事項の公表について／新宮町 スマートフォン版を表示 本文へ 文字サイズ 背景色 Select Language English &#54620;&#44397;&#50612; &#31616;&#20307;&#20013;&#25991; &#32321;&#39636;&#20013;&#25991; 日本語 翻訳 組織から探す お問い合わせ くらし・手続き 子育て・教育 健康・福祉 しごと・産業 町政情報 安心・安全 渡船・バス くらし・手続き 子育て・教育 健康・福祉 しごと・産業 町政情報 安心・安全 渡船・バス 利用ガイド キーワード検索 ページID検索 キーワード検索 ページID検索 よくある質問 お問い合わせ 組織から探す 背景色変更 文
新宮町	21	特別児童扶養手当	https://www.town.shingu.fukuoka.jp/soshiki/kenko_fukushi/3/735.html	特別児童扶養手当／新宮町 スマートフォン版を表示 本文へ 文字サイズ 背景色 Select Language English &#54620;&#44397;&#50612; &#31616;&#20307;&#20013;&#25991; &#32321;&#39636;&#20013;&#25991; 日本語 翻訳 組織から探す お問い合わせ くらし・手続き 子育て・教育 健康・福祉 しごと・産業 町政情報 安心・安全 渡船・バス くらし・手続き 子育て・教育 健康・福祉 しごと・産業 町政情報 安心・安全 渡船・バス 利用ガイド キーワード検索 ページID検索 キーワード検索 ページID検索 よくある質問 お問い合わせ 組織から探す 背景色変更 文字サイズ変更 Select Language Englis
新宮町	21	給付金を騙った電子メールやサイトにご注意ください	https://www.town.shingu.fukuoka.jp/soshiki/kenko_fukushi/9/5045.html	給付金を騙った電子メールやサイトにご注意ください／新宮町 スマートフォン版を表示 本文へ 文字サイズ 背景色 Select Language English &#54620;&#44397;&#50612; &#31616;&#20307;&#20013;&#25991; &#32321;&#39636;&#20013;&#25991; 日本語 翻訳 組織から探す お問い合わせ くらし・手続き 子育て・教育 健康・福祉 しごと・産業 町政情報 安心・安全 渡船・バス くらし・手続き 子育て・教育 健康・福祉 しごと・産業 町政情報 安心・安全 渡船・バス 利用ガイド キーワード検索 ページID検索 キーワード検索 ページID検索 よくある質問 お問い合わせ 組織から探す 背景色変更 文字サイズ変更 Select
新宮町	21	令和7年度新宮町物価高騰対応定額給付金のお知らせ	https://www.town.shingu.fukuoka.jp/soshiki/kenko_fukushi/9/8200.html	令和7年度新宮町物価高騰対応定額給付金のお知らせ／新宮町 スマートフォン版を表示 本文へ 文字サイズ 背景色 Select Language English &#54620;&#44397;&#50612; &#31616;&#20307;&#20013;&#25991; &#32321;&#39636;&#20013;&#25991; 日本語 翻訳 組織から探す お問い合わせ くらし・手続き 子育て・教育 健康・福祉 しごと・産業 町政情報 安心・安全 渡船・バス くらし・手続き 子育て・教育 健康・福祉 しごと・産業 町政情報 安心・安全 渡船・バス 利用ガイド キーワード検索 ページID検索 キーワード検索 ページID検索 よくある質問 お問い合わせ 組織から探す 背景色変更 文字サイズ変更 Select
新宮町	21	新宮町物価高騰対応 主な支援内容（定額給付金など）	https://www.town.shingu.fukuoka.jp/soshiki/seisaku_keiei/8150.html	新宮町物価高騰対応 主な支援内容（定額給付金など）／新宮町 スマートフォン版を表示 本文へ 文字サイズ 背景色 Select Language English &#54620;&#44397;&#50612; &#31616;&#20307;&#20013;&#25991; &#32321;&#39636;&#20013;&#25991; 日本語 翻訳 組織から探す お問い合わせ くらし・手続き 子育て・教育 健康・福祉 しごと・産業 町政情報 安心・安全 渡船・バス くらし・手続き 子育て・教育 健康・福祉 しごと・産業 町政情報 安心・安全 渡船・バス 利用ガイド キーワード検索 ページID検索 キーワード検索 ページID検索 よくある質問 お問い合わせ 組織から探す 背景色変更 文字サイズ変更 Selec
新宮町	21	定額減税や調整給付金をかたったメールやショートメッセージにご注意ください	https://www.town.shingu.fukuoka.jp/kurashi/zeikin/5957.html	定額減税や調整給付金をかたったメールやショートメッセージにご注意ください／新宮町 スマートフォン版を表示 本文へ 文字サイズ 背景色 Select Language English &#54620;&#44397;&#50612; &#31616;&#20307;&#20013;&#25991; &#32321;&#39636;&#20013;&#25991; 日本語 翻訳 組織から探す お問い合わせ くらし・手続き 子育て・教育 健康・福祉 しごと・産業 町政情報 安心・安全 渡船・バス くらし・手続き 子育て・教育 健康・福祉 しごと・産業 町政情報 安心・安全 渡船・バス 利用ガイド キーワード検索 ページID検索 キーワード検索 ページID検索 よくある質問 お問い合わせ 組織から探す 背景色変更 文字
新宮町	21	【スポーツ振興くじ助成】緑ケ浜テニスコート照明LED化の工事完了について	https://www.town.shingu.fukuoka.jp/kurashi/juumin_kyodo/2008.html	【スポーツ振興くじ助成】緑ケ浜テニスコート照明LED化の工事完了について／新宮町 スマートフォン版を表示 本文へ 文字サイズ 背景色 Select Language English &#54620;&#44397;&#50612; &#31616;&#20307;&#20013;&#25991; &#32321;&#39636;&#20013;&#25991; 日本語 翻訳 組織から探す お問い合わせ くらし・手続き 子育て・教育 健康・福祉 しごと・産業 町政情報 安心・安全 渡船・バス くらし・手続き 子育て・教育 健康・福祉 しごと・産業 町政情報 安心・安全 渡船・バス 利用ガイド キーワード検索 ページID検索 キーワード検索 ページID検索 よくある質問 お問い合わせ 組織から探す 背景色変更 文字
新宮町	21	物価高騰対応重点支援地方創生臨時交付金実施計画	https://www.town.shingu.fukuoka.jp/gyosei/gyozaisei/8518.html	物価高騰対応重点支援地方創生臨時交付金実施計画／新宮町 スマートフォン版を表示 本文へ 文字サイズ 背景色 Select Language English &#54620;&#44397;&#50612; &#31616;&#20307;&#20013;&#25991; &#32321;&#39636;&#20013;&#25991; 日本語 翻訳 組織から探す お問い合わせ くらし・手続き 子育て・教育 健康・福祉 しごと・産業 町政情報 安心・安全 渡船・バス くらし・手続き 子育て・教育 健康・福祉 しごと・産業 町政情報 安心・安全 渡船・バス 利用ガイド キーワード検索 ページID検索 キーワード検索 ページID検索 よくある質問 お問い合わせ 組織から探す 背景色変更 文字サイズ変更 Select
新宮町	20	マイナンバーカードの特急発行が始まりました	https://www.town.shingu.fukuoka.jp/kurashi/todokede_shomei/1/6658.html	マイナンバーカードの特急発行が始まりました／新宮町 スマートフォン版を表示 本文へ 文字サイズ 背景色 Select Language English &#54620;&#44397;&#50612; &#31616;&#20307;&#20013;&#25991; &#32321;&#39636;&#20013;&#25991; 日本語 翻訳 組織から探す お問い合わせ くらし・手続き 子育て・教育 健康・福祉 しごと・産業 町政情報 安心・安全 渡船・バス くらし・手続き 子育て・教育 健康・福祉 しごと・産業 町政情報 安心・安全 渡船・バス 利用ガイド キーワード検索 ページID検索 キーワード検索 ページID検索 よくある質問 お問い合わせ 組織から探す 背景色変更 文字サイズ変更 Select La
新宮町	20	ふれあい交流館	https://www.town.shingu.fukuoka.jp/kurashi/shisetsu/6702.html	ふれあい交流館／新宮町 スマートフォン版を表示 本文へ 文字サイズ 背景色 Select Language English &#54620;&#44397;&#50612; &#31616;&#20307;&#20013;&#25991; &#32321;&#39636;&#20013;&#25991; 日本語 翻訳 組織から探す お問い合わせ くらし・手続き 子育て・教育 健康・福祉 しごと・産業 町政情報 安心・安全 渡船・バス くらし・手続き 子育て・教育 健康・福祉 しごと・産業 町政情報 安心・安全 渡船・バス 利用ガイド キーワード検索 ページID検索 キーワード検索 ページID検索 よくある質問 お問い合わせ 組織から探す 背景色変更 文字サイズ変更 Select Language English
新宮町	19	国民健康保険、国民年金、子ども医療にかかる郵送などによる手続き	https://www.town.shingu.fukuoka.jp/soshiki/juumin/1/1776.html	国民健康保険、国民年金、子ども医療にかかる郵送などによる手続き／新宮町 スマートフォン版を表示 本文へ 文字サイズ 背景色 Select Language English &#54620;&#44397;&#50612; &#31616;&#20307;&#20013;&#25991; &#32321;&#39636;&#20013;&#25991; 日本語 翻訳 組織から探す お問い合わせ くらし・手続き 子育て・教育 健康・福祉 しごと・産業 町政情報 安心・安全 渡船・バス くらし・手続き 子育て・教育 健康・福祉 しごと・産業 町政情報 安心・安全 渡船・バス 利用ガイド キーワード検索 ページID検索 キーワード検索 ページID検索 よくある質問 お問い合わせ 組織から探す 背景色変更 文字サイズ変更
新宮町	19	ひとり親家庭等医療費支給制度	https://www.town.shingu.fukuoka.jp/soshiki/juumin/3/738.html	ひとり親家庭等医療費支給制度／新宮町 スマートフォン版を表示 本文へ 文字サイズ 背景色 Select Language English &#54620;&#44397;&#50612; &#31616;&#20307;&#20013;&#25991; &#32321;&#39636;&#20013;&#25991; 日本語 翻訳 組織から探す お問い合わせ くらし・手続き 子育て・教育 健康・福祉 しごと・産業 町政情報 安心・安全 渡船・バス くらし・手続き 子育て・教育 健康・福祉 しごと・産業 町政情報 安心・安全 渡船・バス 利用ガイド キーワード検索 ページID検索 キーワード検索 ページID検索 よくある質問 お問い合わせ 組織から探す 背景色変更 文字サイズ変更 Select Language
新宮町	19	不登校・ひきこもりサポート事業	https://www.town.shingu.fukuoka.jp/soshiki/kosodate/4/3_1/7016.html	不登校・ひきこもりサポート事業／新宮町 スマートフォン版を表示 本文へ 文字サイズ 背景色 Select Language English &#54620;&#44397;&#50612; &#31616;&#20307;&#20013;&#25991; &#32321;&#39636;&#20013;&#25991; 日本語 翻訳 組織から探す お問い合わせ くらし・手続き 子育て・教育 健康・福祉 しごと・産業 町政情報 安心・安全 渡船・バス くらし・手続き 子育て・教育 健康・福祉 しごと・産業 町政情報 安心・安全 渡船・バス 利用ガイド キーワード検索 ページID検索 キーワード検索 ページID検索 よくある質問 お問い合わせ 組織から探す 背景色変更 文字サイズ変更 Select Language
新宮町	19	高度無線環境整備推進事業の事後評価（中間評価）	https://www.town.shingu.fukuoka.jp/gyosei/seisaku_keikaku/7375.html	高度無線環境整備推進事業の事後評価（中間評価）／新宮町 スマートフォン版を表示 本文へ 文字サイズ 背景色 Select Language English &#54620;&#44397;&#50612; &#31616;&#20307;&#20013;&#25991; &#32321;&#39636;&#20013;&#25991; 日本語 翻訳 組織から探す お問い合わせ くらし・手続き 子育て・教育 健康・福祉 しごと・産業 町政情報 安心・安全 渡船・バス くらし・手続き 子育て・教育 健康・福祉 しごと・産業 町政情報 安心・安全 渡船・バス 利用ガイド キーワード検索 ページID検索 キーワード検索 ページID検索 よくある質問 お問い合わせ 組織から探す 背景色変更 文字サイズ変更 Select
新宮町	18	令和8年度学童保育所入所案内	https://www.town.shingu.fukuoka.jp/navi/kosodate/gakudo_hoiku/7963.html	令和8年度学童保育所入所案内／新宮町 スマートフォン版を表示 本文へ 文字サイズ 背景色 Select Language English &#54620;&#44397;&#50612; &#31616;&#20307;&#20013;&#25991; &#32321;&#39636;&#20013;&#25991; 日本語 翻訳 組織から探す お問い合わせ くらし・手続き 子育て・教育 健康・福祉 しごと・産業 町政情報 安心・安全 渡船・バス くらし・手続き 子育て・教育 健康・福祉 しごと・産業 町政情報 安心・安全 渡船・バス 利用ガイド キーワード検索 ページID検索 キーワード検索 ページID検索 よくある質問 お問い合わせ 組織から探す 背景色変更 文字サイズ変更 Select Language
新宮町	18	社会保障・税番号(マイナンバー)制度	https://www.town.shingu.fukuoka.jp/kurashi/todokede_shomei/1/3151.html	社会保障・税番号(マイナンバー)制度／新宮町 スマートフォン版を表示 本文へ 文字サイズ 背景色 Select Language English &#54620;&#44397;&#50612; &#31616;&#20307;&#20013;&#25991; &#32321;&#39636;&#20013;&#25991; 日本語 翻訳 組織から探す お問い合わせ くらし・手続き 子育て・教育 健康・福祉 しごと・産業 町政情報 安心・安全 渡船・バス くらし・手続き 子育て・教育 健康・福祉 しごと・産業 町政情報 安心・安全 渡船・バス 利用ガイド キーワード検索 ページID検索 キーワード検索 ページID検索 よくある質問 お問い合わせ 組織から探す 背景色変更 文字サイズ変更 Select Langu
新宮町	18	公共施設の使用料	https://www.town.shingu.fukuoka.jp/kurashi/shisetsu/6705.html	公共施設の使用料／新宮町 スマートフォン版を表示 本文へ 文字サイズ 背景色 Select Language English &#54620;&#44397;&#50612; &#31616;&#20307;&#20013;&#25991; &#32321;&#39636;&#20013;&#25991; 日本語 翻訳 組織から探す お問い合わせ くらし・手続き 子育て・教育 健康・福祉 しごと・産業 町政情報 安心・安全 渡船・バス くらし・手続き 子育て・教育 健康・福祉 しごと・産業 町政情報 安心・安全 渡船・バス 利用ガイド キーワード検索 ページID検索 キーワード検索 ページID検索 よくある質問 お問い合わせ 組織から探す 背景色変更 文字サイズ変更 Select Language Englis
新宮町	17	不登校・ひきこもりサポート事業	https://www.town.shingu.fukuoka.jp/soshiki/kosodate/soudanmadoguti/7040.html	不登校・ひきこもりサポート事業／新宮町 スマートフォン版を表示 本文へ 文字サイズ 背景色 Select Language English &#54620;&#44397;&#50612; &#31616;&#20307;&#20013;&#25991; &#32321;&#39636;&#20013;&#25991; 日本語 翻訳 組織から探す お問い合わせ くらし・手続き 子育て・教育 健康・福祉 しごと・産業 町政情報 安心・安全 渡船・バス くらし・手続き 子育て・教育 健康・福祉 しごと・産業 町政情報 安心・安全 渡船・バス 利用ガイド キーワード検索 ページID検索 キーワード検索 ページID検索 よくある質問 お問い合わせ 組織から探す 背景色変更 文字サイズ変更 Select Language
新宮町	17	新宮町子ども・子育て支援事業計画【平成27年度―平成31年度】	https://www.town.shingu.fukuoka.jp/soshiki/kosodate/8/1/1505.html	新宮町子ども・子育て支援事業計画【平成27年度―平成31年度】／新宮町 スマートフォン版を表示 本文へ 文字サイズ 背景色 Select Language English &#54620;&#44397;&#50612; &#31616;&#20307;&#20013;&#25991; &#32321;&#39636;&#20013;&#25991; 日本語 翻訳 組織から探す お問い合わせ くらし・手続き 子育て・教育 健康・福祉 しごと・産業 町政情報 安心・安全 渡船・バス くらし・手続き 子育て・教育 健康・福祉 しごと・産業 町政情報 安心・安全 渡船・バス 利用ガイド キーワード検索 ページID検索 キーワード検索 ページID検索 よくある質問 お問い合わせ 組織から探す 背景色変更 文字サイズ変更
新宮町	17	地域未来交付金	https://www.town.shingu.fukuoka.jp/gyosei/seisaku_keikaku/8780.html	地域未来交付金／新宮町 スマートフォン版を表示 本文へ 文字サイズ 背景色 Select Language English &#54620;&#44397;&#50612; &#31616;&#20307;&#20013;&#25991; &#32321;&#39636;&#20013;&#25991; 日本語 翻訳 組織から探す お問い合わせ くらし・手続き 子育て・教育 健康・福祉 しごと・産業 町政情報 安心・安全 渡船・バス くらし・手続き 子育て・教育 健康・福祉 しごと・産業 町政情報 安心・安全 渡船・バス 利用ガイド キーワード検索 ページID検索 キーワード検索 ページID検索 よくある質問 お問い合わせ 組織から探す 背景色変更 文字サイズ変更 Select Language English
新宮町	16	新宮町こども家庭センター「はぐうる」のご案内	https://www.town.shingu.fukuoka.jp/soshiki/kosodate/9/3607.html	新宮町こども家庭センター「はぐうる」のご案内／新宮町 スマートフォン版を表示 本文へ 文字サイズ 背景色 Select Language English &#54620;&#44397;&#50612; &#31616;&#20307;&#20013;&#25991; &#32321;&#39636;&#20013;&#25991; 日本語 翻訳 組織から探す お問い合わせ くらし・手続き 子育て・教育 健康・福祉 しごと・産業 町政情報 安心・安全 渡船・バス くらし・手続き 子育て・教育 健康・福祉 しごと・産業 町政情報 安心・安全 渡船・バス 利用ガイド キーワード検索 ページID検索 キーワード検索 ページID検索 よくある質問 お問い合わせ 組織から探す 背景色変更 文字サイズ変更 Select L
新宮町	16	福岡県被災者生活再建支援金のご案内	https://www.town.shingu.fukuoka.jp/soshiki/kenko_fukushi/syakai-fukushi/7758.html	福岡県被災者生活再建支援金のご案内／新宮町 スマートフォン版を表示 本文へ 文字サイズ 背景色 Select Language English &#54620;&#44397;&#50612; &#31616;&#20307;&#20013;&#25991; &#32321;&#39636;&#20013;&#25991; 日本語 翻訳 組織から探す お問い合わせ くらし・手続き 子育て・教育 健康・福祉 しごと・産業 町政情報 安心・安全 渡船・バス くらし・手続き 子育て・教育 健康・福祉 しごと・産業 町政情報 安心・安全 渡船・バス 利用ガイド キーワード検索 ページID検索 キーワード検索 ページID検索 よくある質問 お問い合わせ 組織から探す 背景色変更 文字サイズ変更 Select Langua
新宮町	16	新宮町こども家庭センター「はぐうる」のご案内	https://www.town.shingu.fukuoka.jp/soshiki/kosodate/soudanmadoguti/6545.html	新宮町こども家庭センター「はぐうる」のご案内／新宮町 スマートフォン版を表示 本文へ 文字サイズ 背景色 Select Language English &#54620;&#44397;&#50612; &#31616;&#20307;&#20013;&#25991; &#32321;&#39636;&#20013;&#25991; 日本語 翻訳 組織から探す お問い合わせ くらし・手続き 子育て・教育 健康・福祉 しごと・産業 町政情報 安心・安全 渡船・バス くらし・手続き 子育て・教育 健康・福祉 しごと・産業 町政情報 安心・安全 渡船・バス 利用ガイド キーワード検索 ページID検索 キーワード検索 ページID検索 よくある質問 お問い合わせ 組織から探す 背景色変更 文字サイズ変更 Select L
新宮町	16	SDGs債への投資を実施しました	https://www.town.shingu.fukuoka.jp/gyosei/gyozaisei/6643.html	SDGs債への投資を実施しました／新宮町 スマートフォン版を表示 本文へ 文字サイズ 背景色 Select Language English &#54620;&#44397;&#50612; &#31616;&#20307;&#20013;&#25991; &#32321;&#39636;&#20013;&#25991; 日本語 翻訳 組織から探す お問い合わせ くらし・手続き 子育て・教育 健康・福祉 しごと・産業 町政情報 安心・安全 渡船・バス くらし・手続き 子育て・教育 健康・福祉 しごと・産業 町政情報 安心・安全 渡船・バス 利用ガイド キーワード検索 ページID検索 キーワード検索 ページID検索 よくある質問 お問い合わせ 組織から探す 背景色変更 文字サイズ変更 Select Languag
新宮町	15	国民健康保険	https://www.town.shingu.fukuoka.jp/kurashi/hoken_nenkin/1947.html	国民健康保険／新宮町 スマートフォン版を表示 本文へ 文字サイズ 背景色 Select Language English &#54620;&#44397;&#50612; &#31616;&#20307;&#20013;&#25991; &#32321;&#39636;&#20013;&#25991; 日本語 翻訳 組織から探す お問い合わせ くらし・手続き 子育て・教育 健康・福祉 しごと・産業 町政情報 安心・安全 渡船・バス くらし・手続き 子育て・教育 健康・福祉 しごと・産業 町政情報 安心・安全 渡船・バス 利用ガイド キーワード検索 ページID検索 キーワード検索 ページID検索 よくある質問 お問い合わせ 組織から探す 背景色変更 文字サイズ変更 Select Language English
新宮町	15	後期高齢者医療制度	https://www.town.shingu.fukuoka.jp/kurashi/hoken_nenkin/1950.html	後期高齢者医療制度／新宮町 スマートフォン版を表示 本文へ 文字サイズ 背景色 Select Language English &#54620;&#44397;&#50612; &#31616;&#20307;&#20013;&#25991; &#32321;&#39636;&#20013;&#25991; 日本語 翻訳 組織から探す お問い合わせ くらし・手続き 子育て・教育 健康・福祉 しごと・産業 町政情報 安心・安全 渡船・バス くらし・手続き 子育て・教育 健康・福祉 しごと・産業 町政情報 安心・安全 渡船・バス 利用ガイド キーワード検索 ページID検索 キーワード検索 ページID検索 よくある質問 お問い合わせ 組織から探す 背景色変更 文字サイズ変更 Select Language Engli
新宮町	13	カンガルー講座「フリフリふりかけづくり」参加者募集	https://www.town.shingu.fukuoka.jp/soshiki/sopia/syogaku/7269.html	カンガルー講座「フリフリふりかけづくり」参加者募集／新宮町 スマートフォン版を表示 本文へ 文字サイズ 背景色 Select Language English &#54620;&#44397;&#50612; &#31616;&#20307;&#20013;&#25991; &#32321;&#39636;&#20013;&#25991; 日本語 翻訳 組織から探す お問い合わせ くらし・手続き 子育て・教育 健康・福祉 しごと・産業 町政情報 安心・安全 渡船・バス くらし・手続き 子育て・教育 健康・福祉 しごと・産業 町政情報 安心・安全 渡船・バス 利用ガイド キーワード検索 ページID検索 キーワード検索 ページID検索 よくある質問 お問い合わせ 組織から探す 背景色変更 文字サイズ変更 Selec
新宮町	13	旧優生保護法による優生手術・人工妊娠中絶などを受けた人とご家族へ	https://www.town.shingu.fukuoka.jp/navi/kaigo_korei/6830.html	旧優生保護法による優生手術・人工妊娠中絶などを受けた人とご家族へ／新宮町 スマートフォン版を表示 本文へ 文字サイズ 背景色 Select Language English &#54620;&#44397;&#50612; &#31616;&#20307;&#20013;&#25991; &#32321;&#39636;&#20013;&#25991; 日本語 翻訳 組織から探す お問い合わせ くらし・手続き 子育て・教育 健康・福祉 しごと・産業 町政情報 安心・安全 渡船・バス くらし・手続き 子育て・教育 健康・福祉 しごと・産業 町政情報 安心・安全 渡船・バス 利用ガイド キーワード検索 ページID検索 キーワード検索 ページID検索 よくある質問 お問い合わせ 組織から探す 背景色変更 文字サイズ変
新宮町	13	出産・産後	https://www.town.shingu.fukuoka.jp/soshiki/kosodate/9/sango/index.html	出産・産後／新宮町 スマートフォン版を表示 本文へ 文字サイズ 背景色 Select Language English &#54620;&#44397;&#50612; &#31616;&#20307;&#20013;&#25991; &#32321;&#39636;&#20013;&#25991; 日本語 翻訳 組織から探す お問い合わせ くらし・手続き 子育て・教育 健康・福祉 しごと・産業 町政情報 安心・安全 渡船・バス くらし・手続き 子育て・教育 健康・福祉 しごと・産業 町政情報 安心・安全 渡船・バス 利用ガイド キーワード検索 ページID検索 キーワード検索 ページID検索 よくある質問 お問い合わせ 組織から探す 背景色変更 文字サイズ変更 Select Language English &
新宮町	13	マイナンバーの通知カードが廃止されました	https://www.town.shingu.fukuoka.jp/kurashi/todokede_shomei/1/3148.html	マイナンバーの通知カードが廃止されました／新宮町 スマートフォン版を表示 本文へ 文字サイズ 背景色 Select Language English &#54620;&#44397;&#50612; &#31616;&#20307;&#20013;&#25991; &#32321;&#39636;&#20013;&#25991; 日本語 翻訳 組織から探す お問い合わせ くらし・手続き 子育て・教育 健康・福祉 しごと・産業 町政情報 安心・安全 渡船・バス くらし・手続き 子育て・教育 健康・福祉 しごと・産業 町政情報 安心・安全 渡船・バス 利用ガイド キーワード検索 ページID検索 キーワード検索 ページID検索 よくある質問 お問い合わせ 組織から探す 背景色変更 文字サイズ変更 Select Lan
新宮町	13	シーオーレ新宮	https://www.town.shingu.fukuoka.jp/kurashi/shisetsu/7479.html	シーオーレ新宮／新宮町 スマートフォン版を表示 本文へ 文字サイズ 背景色 Select Language English &#54620;&#44397;&#50612; &#31616;&#20307;&#20013;&#25991; &#32321;&#39636;&#20013;&#25991; 日本語 翻訳 組織から探す お問い合わせ くらし・手続き 子育て・教育 健康・福祉 しごと・産業 町政情報 安心・安全 渡船・バス くらし・手続き 子育て・教育 健康・福祉 しごと・産業 町政情報 安心・安全 渡船・バス 利用ガイド キーワード検索 ページID検索 キーワード検索 ページID検索 よくある質問 お問い合わせ 組織から探す 背景色変更 文字サイズ変更 Select Language English
新宮町	12	令和8年度認可保育所・認定こども園（保育所部分）年度途中の申し込み	https://www.town.shingu.fukuoka.jp/soshiki/kosodate/10/6742.html	令和8年度認可保育所・認定こども園（保育所部分）年度途中の申し込み／新宮町 スマートフォン版を表示 本文へ 文字サイズ 背景色 Select Language English &#54620;&#44397;&#50612; &#31616;&#20307;&#20013;&#25991; &#32321;&#39636;&#20013;&#25991; 日本語 翻訳 組織から探す お問い合わせ くらし・手続き 子育て・教育 健康・福祉 しごと・産業 町政情報 安心・安全 渡船・バス くらし・手続き 子育て・教育 健康・福祉 しごと・産業 町政情報 安心・安全 渡船・バス 利用ガイド キーワード検索 ページID検索 キーワード検索 ページID検索 よくある質問 お問い合わせ 組織から探す 背景色変更 文字サイズ
新宮町	12	給付金・支援金情報	https://www.town.shingu.fukuoka.jp/soshiki/kenko_fukushi/9/index.html	給付金・支援金情報／新宮町 スマートフォン版を表示 本文へ 文字サイズ 背景色 Select Language English &#54620;&#44397;&#50612; &#31616;&#20307;&#20013;&#25991; &#32321;&#39636;&#20013;&#25991; 日本語 翻訳 組織から探す お問い合わせ くらし・手続き 子育て・教育 健康・福祉 しごと・産業 町政情報 安心・安全 渡船・バス くらし・手続き 子育て・教育 健康・福祉 しごと・産業 町政情報 安心・安全 渡船・バス 利用ガイド キーワード検索 ページID検索 キーワード検索 ページID検索 よくある質問 お問い合わせ 組織から探す 背景色変更 文字サイズ変更 Select Language Engli
新宮町	12	妊娠・出産	https://www.town.shingu.fukuoka.jp/navi/1965.html	妊娠・出産／新宮町 スマートフォン版を表示 本文へ 文字サイズ 背景色 Select Language English &#54620;&#44397;&#50612; &#31616;&#20307;&#20013;&#25991; &#32321;&#39636;&#20013;&#25991; 日本語 翻訳 組織から探す お問い合わせ くらし・手続き 子育て・教育 健康・福祉 しごと・産業 町政情報 安心・安全 渡船・バス くらし・手続き 子育て・教育 健康・福祉 しごと・産業 町政情報 安心・安全 渡船・バス 利用ガイド キーワード検索 ページID検索 キーワード検索 ページID検索 よくある質問 お問い合わせ 組織から探す 背景色変更 文字サイズ変更 Select Language English &
新宮町	12	健康・医療	https://www.town.shingu.fukuoka.jp/navi/1975.html	健康・医療／新宮町 スマートフォン版を表示 本文へ 文字サイズ 背景色 Select Language English &#54620;&#44397;&#50612; &#31616;&#20307;&#20013;&#25991; &#32321;&#39636;&#20013;&#25991; 日本語 翻訳 組織から探す お問い合わせ くらし・手続き 子育て・教育 健康・福祉 しごと・産業 町政情報 安心・安全 渡船・バス くらし・手続き 子育て・教育 健康・福祉 しごと・産業 町政情報 安心・安全 渡船・バス 利用ガイド キーワード検索 ページID検索 キーワード検索 ページID検索 よくある質問 お問い合わせ 組織から探す 背景色変更 文字サイズ変更 Select Language English &
新宮町	12	新宮町が実施する事業	https://www.town.shingu.fukuoka.jp/soshiki/kenko_fukushi/4/1609.html	新宮町が実施する事業／新宮町 スマートフォン版を表示 本文へ 文字サイズ 背景色 Select Language English &#54620;&#44397;&#50612; &#31616;&#20307;&#20013;&#25991; &#32321;&#39636;&#20013;&#25991; 日本語 翻訳 組織から探す お問い合わせ くらし・手続き 子育て・教育 健康・福祉 しごと・産業 町政情報 安心・安全 渡船・バス くらし・手続き 子育て・教育 健康・福祉 しごと・産業 町政情報 安心・安全 渡船・バス 利用ガイド キーワード検索 ページID検索 キーワード検索 ページID検索 よくある質問 お問い合わせ 組織から探す 背景色変更 文字サイズ変更 Select Language Engl
新宮町	12	新宮町こども計画【令和7年度から令和11年度まで】を策定しました	https://www.town.shingu.fukuoka.jp/soshiki/kosodate/8/1/7093.html	新宮町こども計画【令和7年度から令和11年度まで】を策定しました／新宮町 スマートフォン版を表示 本文へ 文字サイズ 背景色 Select Language English &#54620;&#44397;&#50612; &#31616;&#20307;&#20013;&#25991; &#32321;&#39636;&#20013;&#25991; 日本語 翻訳 組織から探す お問い合わせ くらし・手続き 子育て・教育 健康・福祉 しごと・産業 町政情報 安心・安全 渡船・バス くらし・手続き 子育て・教育 健康・福祉 しごと・産業 町政情報 安心・安全 渡船・バス 利用ガイド キーワード検索 ページID検索 キーワード検索 ページID検索 よくある質問 お問い合わせ 組織から探す 背景色変更 文字サイズ変
新宮町	12	第2期新宮町子ども・子育て支援事業計画【令和2年度―令和6年度】	https://www.town.shingu.fukuoka.jp/soshiki/kosodate/8/1/1504.html	第2期新宮町子ども・子育て支援事業計画【令和2年度―令和6年度】／新宮町 スマートフォン版を表示 本文へ 文字サイズ 背景色 Select Language English &#54620;&#44397;&#50612; &#31616;&#20307;&#20013;&#25991; &#32321;&#39636;&#20013;&#25991; 日本語 翻訳 組織から探す お問い合わせ くらし・手続き 子育て・教育 健康・福祉 しごと・産業 町政情報 安心・安全 渡船・バス くらし・手続き 子育て・教育 健康・福祉 しごと・産業 町政情報 安心・安全 渡船・バス 利用ガイド キーワード検索 ページID検索 キーワード検索 ページID検索 よくある質問 お問い合わせ 組織から探す 背景色変更 文字サイズ変
新宮町	12	地域未来交付金	https://www.town.shingu.fukuoka.jp/soshiki/kosodate/8/1/8779.html	地域未来交付金／新宮町 スマートフォン版を表示 本文へ 文字サイズ 背景色 Select Language English &#54620;&#44397;&#50612; &#31616;&#20307;&#20013;&#25991; &#32321;&#39636;&#20013;&#25991; 日本語 翻訳 組織から探す お問い合わせ くらし・手続き 子育て・教育 健康・福祉 しごと・産業 町政情報 安心・安全 渡船・バス くらし・手続き 子育て・教育 健康・福祉 しごと・産業 町政情報 安心・安全 渡船・バス 利用ガイド キーワード検索 ページID検索 キーワード検索 ページID検索 よくある質問 お問い合わせ 組織から探す 背景色変更 文字サイズ変更 Select Language English
須恵町	33	後期高齢者医療制度の概要について	https://www.town.sue.fukuoka.jp/soshiki/juminka/iryo_kenko/1307.html	後期高齢者医療制度の概要について／須恵町 スマートフォン版を表示 本文へ 文字サイズ 背景色変更 組織から探す Select Language キーワードから検索できます くらし・手続き 医療・健康・福祉 子育て・教育 観光・文化・スポーツ しごと・産業 行政情報 くらし・手続き 医療・健康・福祉 子育て・教育 観光・文化・スポーツ しごと・産業 行政情報 文字サイズ変更 背景色変更 組織から探す Select Language PC版で見る メニューを閉じる 現在のページ ホーム 組織から探す 住民課 医療・健康 後期高齢者医療制度の概要について 後期高齢者医療制度の概要について Tweet 更新日：2022年04月25日 運営のしくみ 後期高齢者医療制度は平成20年4月1日から始まりました。都道府県ごとに設
須恵町	26	届出保育施設保育料助成	https://www.town.sue.fukuoka.jp/kosodate_kyoiku/teate_josei_kyuhu/josei/2922.html	届出保育施設保育料助成／須恵町 スマートフォン版を表示 本文へ 文字サイズ 背景色変更 組織から探す Select Language キーワードから検索できます くらし・手続き 医療・健康・福祉 子育て・教育 観光・文化・スポーツ しごと・産業 行政情報 くらし・手続き 医療・健康・福祉 子育て・教育 観光・文化・スポーツ しごと・産業 行政情報 文字サイズ変更 背景色変更 組織から探す Select Language PC版で見る メニューを閉じる 現在のページ ホーム 子育て・教育 児童扶養手当・各種助成・給付金 各種助成 届出保育施設保育料助成 届出保育施設保育料助成 Tweet 更新日：2022年04月01日 待機児童の届出保育施設保育料を助成 認可保育所の待機児童のうち、届出保育施設を利用する人の保育
須恵町	26	チャイルドシート購入補助とレンタルについて	https://www.town.sue.fukuoka.jp/kosodate_kyoiku/teate_josei_kyuhu/josei/2944.html	チャイルドシート購入補助とレンタルについて／須恵町 スマートフォン版を表示 本文へ 文字サイズ 背景色変更 組織から探す Select Language キーワードから検索できます くらし・手続き 医療・健康・福祉 子育て・教育 観光・文化・スポーツ しごと・産業 行政情報 くらし・手続き 医療・健康・福祉 子育て・教育 観光・文化・スポーツ しごと・産業 行政情報 文字サイズ変更 背景色変更 組織から探す Select Language PC版で見る メニューを閉じる 現在のページ ホーム 子育て・教育 児童扶養手当・各種助成・給付金 各種助成 チャイルドシート購入補助とレンタルについて チャイルドシート購入補助とレンタルについて Tweet 更新日：2026年04月01日 須恵町ではチャイルドシート購入補助
須恵町	26	社会資本整備総合交付金の整備計画について	https://www.town.sue.fukuoka.jp/gyosei/seisaku_keikaku/toshikeikaku/2676.html	社会資本整備総合交付金の整備計画について／須恵町 スマートフォン版を表示 本文へ 文字サイズ 背景色変更 組織から探す Select Language キーワードから検索できます くらし・手続き 医療・健康・福祉 子育て・教育 観光・文化・スポーツ しごと・産業 行政情報 くらし・手続き 医療・健康・福祉 子育て・教育 観光・文化・スポーツ しごと・産業 行政情報 文字サイズ変更 背景色変更 組織から探す Select Language PC版で見る メニューを閉じる 現在のページ ホーム 行政情報 政策・計画 都市計画 社会資本整備総合交付金の整備計画について 社会資本整備総合交付金の整備計画について Tweet 更新日：2026年03月16日 社会資本整備総合交付金の概要 社会資本整備総合交付金は、国土交通
須恵町	21	JR特定者用定期乗車券割引制度	https://www.town.sue.fukuoka.jp/kosodate_kyoiku/teate_josei_kyuhu/josei/4529.html	JR特定者用定期乗車券割引制度／須恵町 スマートフォン版を表示 本文へ 文字サイズ 背景色変更 組織から探す Select Language キーワードから検索できます くらし・手続き 医療・健康・福祉 子育て・教育 観光・文化・スポーツ しごと・産業 行政情報 くらし・手続き 医療・健康・福祉 子育て・教育 観光・文化・スポーツ しごと・産業 行政情報 文字サイズ変更 背景色変更 組織から探す Select Language PC版で見る メニューを閉じる 現在のページ ホーム 子育て・教育 児童扶養手当・各種助成・給付金 各種助成 JR特定者用定期乗車券割引制度 JR特定者用定期乗車券割引制度 Tweet 更新日：2025年02月01日 JR特定者用定期乗車券割引制度とは 児童扶養手当の支給を受けている人お
須恵町	21	児童手当について	https://www.town.sue.fukuoka.jp/soshiki/kodomokosodateka/kosodate/1427.html	児童手当について／須恵町 スマートフォン版を表示 本文へ 文字サイズ 背景色変更 組織から探す Select Language キーワードから検索できます くらし・手続き 医療・健康・福祉 子育て・教育 観光・文化・スポーツ しごと・産業 行政情報 くらし・手続き 医療・健康・福祉 子育て・教育 観光・文化・スポーツ しごと・産業 行政情報 文字サイズ変更 背景色変更 組織から探す Select Language PC版で見る メニューを閉じる 現在のページ ホーム 組織から探す こども子育て課 子育て 児童手当について 児童手当について Tweet 更新日：2025年03月13日 児童手当 児童手当とは 児童を養育している家庭などの生活の安定や、次代の社会を担う児童の健やかな成長に役立つことを目的とした制度で
須恵町	21	児童扶養手当の手続きについて	https://www.town.sue.fukuoka.jp/soshiki/kodomokosodateka/kosodate/1429.html	児童扶養手当の手続きについて／須恵町 スマートフォン版を表示 本文へ 文字サイズ 背景色変更 組織から探す Select Language キーワードから検索できます くらし・手続き 医療・健康・福祉 子育て・教育 観光・文化・スポーツ しごと・産業 行政情報 くらし・手続き 医療・健康・福祉 子育て・教育 観光・文化・スポーツ しごと・産業 行政情報 文字サイズ変更 背景色変更 組織から探す Select Language PC版で見る メニューを閉じる 現在のページ ホーム 組織から探す こども子育て課 子育て 児童扶養手当の手続きについて 児童扶養手当の手続きについて Tweet 更新日：2026年07月01日 児童扶養手当 令和8年度児童扶養手当 現況届について 児童扶養手当を受けている人（支給停止中の
須恵町	21	母子健康手帳、妊婦健康診査受診券について	https://www.town.sue.fukuoka.jp/soshiki/kodomokateika/ninsinsyussan/1255.html	母子健康手帳、妊婦健康診査受診券について／須恵町 スマートフォン版を表示 本文へ 文字サイズ 背景色変更 組織から探す Select Language キーワードから検索できます くらし・手続き 医療・健康・福祉 子育て・教育 観光・文化・スポーツ しごと・産業 行政情報 くらし・手続き 医療・健康・福祉 子育て・教育 観光・文化・スポーツ しごと・産業 行政情報 文字サイズ変更 背景色変更 組織から探す Select Language PC版で見る メニューを閉じる 現在のページ ホーム 組織から探す こども家庭課 妊娠出産 母子健康手帳、妊婦健康診査受診券について 母子健康手帳、妊婦健康診査受診券について Tweet 更新日：2026年06月17日 目次 母子健康手帳の交付について 妊婦健康診査受診券につい
須恵町	21	産後ケア費用の助成について	https://www.town.sue.fukuoka.jp/soshiki/kodomokateika/ninsinsyussan/5663.html	産後ケア費用の助成について／須恵町 スマートフォン版を表示 本文へ 文字サイズ 背景色変更 組織から探す Select Language キーワードから検索できます くらし・手続き 医療・健康・福祉 子育て・教育 観光・文化・スポーツ しごと・産業 行政情報 くらし・手続き 医療・健康・福祉 子育て・教育 観光・文化・スポーツ しごと・産業 行政情報 文字サイズ変更 背景色変更 組織から探す Select Language PC版で見る メニューを閉じる 現在のページ ホーム 組織から探す こども家庭課 妊娠出産 産後ケア費用の助成について 産後ケア費用の助成について Tweet 更新日：2026年05月01日 産後ケア費用助成事業のご案内 出産後は、体が妊娠前の状態に戻ろうとしている時期で、母親は心身ともに不
須恵町	21	1か月児健康診査費用を助成します	https://www.town.sue.fukuoka.jp/soshiki/kodomokateika/sien/kensin/8886.html	1か月児健康診査費用を助成します／須恵町 スマートフォン版を表示 本文へ 文字サイズ 背景色変更 組織から探す Select Language キーワードから検索できます くらし・手続き 医療・健康・福祉 子育て・教育 観光・文化・スポーツ しごと・産業 行政情報 くらし・手続き 医療・健康・福祉 子育て・教育 観光・文化・スポーツ しごと・産業 行政情報 文字サイズ変更 背景色変更 組織から探す Select Language PC版で見る メニューを閉じる 現在のページ ホーム 組織から探す こども家庭課 子育て支援 健診 1か月児健康診査費用を助成します 1か月児健康診査費用を助成します Tweet 更新日：2025年03月24日 1か月児健康診査を受けましょう 1か月児健康診査とは、生後1か月前後の乳児
須恵町	21	新生児の聴覚検査費用を助成します	https://www.town.sue.fukuoka.jp/soshiki/kodomokateika/sien/kensin/6939.html	新生児の聴覚検査費用を助成します／須恵町 スマートフォン版を表示 本文へ 文字サイズ 背景色変更 組織から探す Select Language キーワードから検索できます くらし・手続き 医療・健康・福祉 子育て・教育 観光・文化・スポーツ しごと・産業 行政情報 くらし・手続き 医療・健康・福祉 子育て・教育 観光・文化・スポーツ しごと・産業 行政情報 文字サイズ変更 背景色変更 組織から探す Select Language PC版で見る メニューを閉じる 現在のページ ホーム 組織から探す こども家庭課 子育て支援 健診 新生児の聴覚検査費用を助成します 新生児の聴覚検査費用を助成します Tweet 更新日：2026年04月01日 聴覚検査を 受けましょう 生まれつき耳の聞こえにくさがある赤ちゃんは、およ
須恵町	21	子育て短期支援事業(ショートステイ事業)	https://www.town.sue.fukuoka.jp/soshiki/kodomokateika/sien/5243.html	子育て短期支援事業(ショートステイ事業)／須恵町 スマートフォン版を表示 本文へ 文字サイズ 背景色変更 組織から探す Select Language キーワードから検索できます くらし・手続き 医療・健康・福祉 子育て・教育 観光・文化・スポーツ しごと・産業 行政情報 くらし・手続き 医療・健康・福祉 子育て・教育 観光・文化・スポーツ しごと・産業 行政情報 文字サイズ変更 背景色変更 組織から探す Select Language PC版で見る メニューを閉じる 現在のページ ホーム 組織から探す こども家庭課 子育て支援 子育て短期支援事業(ショートステイ事業) 子育て短期支援事業(ショートステイ事業) Tweet 更新日：2026年04月01日 子育て短期支援事業とは・・・ さまざまな理由により児童の
須恵町	21	給付金	https://www.town.sue.fukuoka.jp/life_scene/kosodate/teate_josei_kyuhu/7578.html	給付金／須恵町 スマートフォン版を表示 本文へ 文字サイズ 背景色変更 組織から探す Select Language キーワードから検索できます くらし・手続き 医療・健康・福祉 子育て・教育 観光・文化・スポーツ しごと・産業 行政情報 くらし・手続き 医療・健康・福祉 子育て・教育 観光・文化・スポーツ しごと・産業 行政情報 文字サイズ変更 背景色変更 組織から探す Select Language PC版で見る メニューを閉じる 現在のページ ホーム ライフシーンから探す 子育て 児童扶養手当・各種助成・給付金 給付金 給付金 妊婦のための支援給付金について 令和7年度物価高対応子育て応援手当を支給します 児童扶養手当・各種助成・給付金 このホームページについて 個人情報の取り扱いについて 免責事項 ウェ
須恵町	21	第2期 須恵町子ども・子育て支援事業計画	https://www.town.sue.fukuoka.jp/gyosei/seisaku_keikaku/kosodate/6829.html	第2期 須恵町子ども・子育て支援事業計画／須恵町 スマートフォン版を表示 本文へ 文字サイズ 背景色変更 組織から探す Select Language キーワードから検索できます くらし・手続き 医療・健康・福祉 子育て・教育 観光・文化・スポーツ しごと・産業 行政情報 くらし・手続き 医療・健康・福祉 子育て・教育 観光・文化・スポーツ しごと・産業 行政情報 文字サイズ変更 背景色変更 組織から探す Select Language PC版で見る メニューを閉じる 現在のページ ホーム 行政情報 政策・計画 子育て 第2期 須恵町子ども・子育て支援事業計画 第2期 須恵町子ども・子育て支援事業計画 Tweet 更新日：2022年05月31日 子ども・子育て関連3法に基づく「子ども・子育て支援新制度」により、
須恵町	21	特定個人情報保護評価書(基礎項目評価書)の公表	https://www.town.sue.fukuoka.jp/gyosei/seisaku_keikaku/99/2513.html	特定個人情報保護評価書(基礎項目評価書)の公表／須恵町 スマートフォン版を表示 本文へ 文字サイズ 背景色変更 組織から探す Select Language キーワードから検索できます くらし・手続き 医療・健康・福祉 子育て・教育 観光・文化・スポーツ しごと・産業 行政情報 くらし・手続き 医療・健康・福祉 子育て・教育 観光・文化・スポーツ しごと・産業 行政情報 文字サイズ変更 背景色変更 組織から探す Select Language PC版で見る メニューを閉じる 現在のページ ホーム 行政情報 政策・計画 その他 特定個人情報保護評価書(基礎項目評価書)の公表 特定個人情報保護評価書(基礎項目評価書)の公表 Tweet 更新日：2026年03月19日 特定個人情報保護評価書（基礎項目評価書）住民基本
須恵町	21	子ども医療費助成に係る適正受診のお願い	https://www.town.sue.fukuoka.jp/soshiki/juminka/8833.html	子ども医療費助成に係る適正受診のお願い／須恵町 スマートフォン版を表示 本文へ 文字サイズ 背景色変更 組織から探す Select Language キーワードから検索できます くらし・手続き 医療・健康・福祉 子育て・教育 観光・文化・スポーツ しごと・産業 行政情報 くらし・手続き 医療・健康・福祉 子育て・教育 観光・文化・スポーツ しごと・産業 行政情報 文字サイズ変更 背景色変更 組織から探す Select Language PC版で見る メニューを閉じる 現在のページ ホーム 組織から探す 住民課 子ども医療費助成に係る適正受診のお願い 子ども医療費助成に係る適正受診のお願い Tweet 更新日：2026年03月05日 上手な医療のかかり方 （適正受診・適正服薬）のお願い 子ども医療費助成制度は、医
須恵町	21	令和8年度国民健康保険税について	https://www.town.sue.fukuoka.jp/soshiki/juminka/iryo_kenko/7044.html	令和8年度国民健康保険税について／須恵町 スマートフォン版を表示 本文へ 文字サイズ 背景色変更 組織から探す Select Language キーワードから検索できます くらし・手続き 医療・健康・福祉 子育て・教育 観光・文化・スポーツ しごと・産業 行政情報 くらし・手続き 医療・健康・福祉 子育て・教育 観光・文化・スポーツ しごと・産業 行政情報 文字サイズ変更 背景色変更 組織から探す Select Language PC版で見る メニューを閉じる 現在のページ ホーム 組織から探す 住民課 医療・健康 令和8年度国民健康保険税について 令和8年度国民健康保険税について Tweet 更新日：2026年06月01日 国民健康保険（国保）制度は、いざという時に安心して医療をうけることができるように、加入
須恵町	19	医療助成	https://www.town.sue.fukuoka.jp/soshiki/juminka/iryo_kenko/iryojosei/index.html	医療助成／須恵町 スマートフォン版を表示 本文へ 文字サイズ 背景色変更 組織から探す Select Language キーワードから検索できます くらし・手続き 医療・健康・福祉 子育て・教育 観光・文化・スポーツ しごと・産業 行政情報 くらし・手続き 医療・健康・福祉 子育て・教育 観光・文化・スポーツ しごと・産業 行政情報 文字サイズ変更 背景色変更 組織から探す Select Language PC版で見る メニューを閉じる 現在のページ ホーム 組織から探す 住民課 医療・健康 医療助成 医療助成 介護保険適用除外施設に入所したら 療養費の支給 高額療養費と自己負担限度額 所得区分と自己負担割合 限度額適用・標準負担額減額認定証 葬祭費 出産育児一時金 高額療養費支給申請手続きの簡素化について 医
須恵町	18	児童扶養手当	https://www.town.sue.fukuoka.jp/life_scene/kosodate/teate_josei_kyuhu/7576.html	児童扶養手当／須恵町 スマートフォン版を表示 本文へ 文字サイズ 背景色変更 組織から探す Select Language キーワードから検索できます くらし・手続き 医療・健康・福祉 子育て・教育 観光・文化・スポーツ しごと・産業 行政情報 くらし・手続き 医療・健康・福祉 子育て・教育 観光・文化・スポーツ しごと・産業 行政情報 文字サイズ変更 背景色変更 組織から探す Select Language PC版で見る メニューを閉じる 現在のページ ホーム ライフシーンから探す 子育て 児童扶養手当・各種助成・給付金 児童扶養手当 児童扶養手当 児童手当について 児童扶養手当の手続きについて 特別児童扶養手当の手続きについて 児童扶養手当・各種助成・給付金 このホームページについて 個人情報の取り扱いにつ
須恵町	18	各種助成	https://www.town.sue.fukuoka.jp/life_scene/kosodate/teate_josei_kyuhu/7577.html	各種助成／須恵町 スマートフォン版を表示 本文へ 文字サイズ 背景色変更 組織から探す Select Language キーワードから検索できます くらし・手続き 医療・健康・福祉 子育て・教育 観光・文化・スポーツ しごと・産業 行政情報 くらし・手続き 医療・健康・福祉 子育て・教育 観光・文化・スポーツ しごと・産業 行政情報 文字サイズ変更 背景色変更 組織から探す Select Language PC版で見る メニューを閉じる 現在のページ ホーム ライフシーンから探す 子育て 児童扶養手当・各種助成・給付金 各種助成 各種助成 JR特定者用定期乗車券割引制度 届出保育施設保育料助成 チャイルドシート購入補助とレンタルについて 児童扶養手当・各種助成・給付金 このホームページについて 個人情報の取り扱
須恵町	17	企業版ふるさと納税 寄附実績	https://www.town.sue.fukuoka.jp/soshiki/furusatoouenka/kigyoubanfurusatonouzei/6606.html	企業版ふるさと納税 寄附実績／須恵町 スマートフォン版を表示 本文へ 文字サイズ 背景色変更 組織から探す Select Language キーワードから検索できます くらし・手続き 医療・健康・福祉 子育て・教育 観光・文化・スポーツ しごと・産業 行政情報 くらし・手続き 医療・健康・福祉 子育て・教育 観光・文化・スポーツ しごと・産業 行政情報 文字サイズ変更 背景色変更 組織から探す Select Language PC版で見る メニューを閉じる 現在のページ ホーム 組織から探す ふるさと応援課 企業版ふるさと納税 企業版ふるさと納税 寄附実績 企業版ふるさと納税 寄附実績 Tweet 更新日：2026年02月18日 これまでにご寄附をいただいた企業様を紹介します。 当町の取り組みにご賛同いただき、
須恵町	17	お知らせ	https://www.town.sue.fukuoka.jp/life_scene/kosodate/misyugakuji/7565.html	お知らせ／須恵町 スマートフォン版を表示 本文へ 文字サイズ 背景色変更 組織から探す Select Language キーワードから検索できます くらし・手続き 医療・健康・福祉 子育て・教育 観光・文化・スポーツ しごと・産業 行政情報 くらし・手続き 医療・健康・福祉 子育て・教育 観光・文化・スポーツ しごと・産業 行政情報 文字サイズ変更 背景色変更 組織から探す Select Language PC版で見る メニューを閉じる 現在のページ ホーム ライフシーンから探す 子育て 育児（未就学児） お知らせ お知らせ 幼児教育・保育の無償化について(お知らせ) 転入・転出時の幼児教育・保育の無償化の申請について 令和7年度福岡県立特別支援学校幼稚部入学者選考日程について 行政区チャットルームのお知らせに
須恵町	17	下水道整備に関する社会資本総合整備計画	https://www.town.sue.fukuoka.jp/gyosei/seisaku_keikaku/suido/2909.html	下水道整備に関する社会資本総合整備計画／須恵町 スマートフォン版を表示 本文へ 文字サイズ 背景色変更 組織から探す Select Language キーワードから検索できます くらし・手続き 医療・健康・福祉 子育て・教育 観光・文化・スポーツ しごと・産業 行政情報 くらし・手続き 医療・健康・福祉 子育て・教育 観光・文化・スポーツ しごと・産業 行政情報 文字サイズ変更 背景色変更 組織から探す Select Language PC版で見る メニューを閉じる 現在のページ ホーム 行政情報 政策・計画 上下水道 下水道整備に関する社会資本総合整備計画 下水道整備に関する社会資本総合整備計画 Tweet 更新日：2023年04月13日 須恵町では、下水道施設の整備に社会資本整備総合交付金を利用しています。
須恵町	17	第3期 須恵町子ども・子育て支援事業計画	https://www.town.sue.fukuoka.jp/gyosei/seisaku_keikaku/kosodate/9096.html	第3期 須恵町子ども・子育て支援事業計画／須恵町 スマートフォン版を表示 本文へ 文字サイズ 背景色変更 組織から探す Select Language キーワードから検索できます くらし・手続き 医療・健康・福祉 子育て・教育 観光・文化・スポーツ しごと・産業 行政情報 くらし・手続き 医療・健康・福祉 子育て・教育 観光・文化・スポーツ しごと・産業 行政情報 文字サイズ変更 背景色変更 組織から探す Select Language PC版で見る メニューを閉じる 現在のページ ホーム 行政情報 政策・計画 子育て 第3期 須恵町子ども・子育て支援事業計画 第3期 須恵町子ども・子育て支援事業計画 Tweet 更新日：2025年05月12日 令和2年3月に「子どもと家族の笑顔輝く 未来へつなぐまりづくり」を
須恵町	16	妊婦のための支援給付金について	https://www.town.sue.fukuoka.jp/soshiki/kodomokateika/ninsinsyussan/5442.html	妊婦のための支援給付金について／須恵町 スマートフォン版を表示 本文へ 文字サイズ 背景色変更 組織から探す Select Language キーワードから検索できます くらし・手続き 医療・健康・福祉 子育て・教育 観光・文化・スポーツ しごと・産業 行政情報 くらし・手続き 医療・健康・福祉 子育て・教育 観光・文化・スポーツ しごと・産業 行政情報 文字サイズ変更 背景色変更 組織から探す Select Language PC版で見る メニューを閉じる 現在のページ ホーム 組織から探す こども家庭課 妊娠出産 妊婦のための支援給付金について 妊婦のための支援給付金について Tweet 更新日：2026年04月01日 お知らせ 令和7年4月より、子ども・子育て支援法に「妊婦のための支援給付」が創設され、認
須恵町	16	母子父子寡婦福祉資金貸付について	https://www.town.sue.fukuoka.jp/soshiki/kodomokosodateka/kosodate/jidouteate/5154.html	母子父子寡婦福祉資金貸付について／須恵町 スマートフォン版を表示 本文へ 文字サイズ 背景色変更 組織から探す Select Language キーワードから検索できます くらし・手続き 医療・健康・福祉 子育て・教育 観光・文化・スポーツ しごと・産業 行政情報 くらし・手続き 医療・健康・福祉 子育て・教育 観光・文化・スポーツ しごと・産業 行政情報 文字サイズ変更 背景色変更 組織から探す Select Language PC版で見る メニューを閉じる 現在のページ ホーム 組織から探す こども子育て課 子育て 児童手当等 母子父子寡婦福祉資金貸付について 母子父子寡婦福祉資金貸付について Tweet 更新日：2022年11月22日 母子家庭のお母さんや、父子家庭のお父さん、寡婦の人の生活安定とその家庭
須恵町	16	第2期 須恵町子ども・子育て支援事業計画	https://www.town.sue.fukuoka.jp/soshiki/kodomokosodateka/kosodate/4538.html	第2期 須恵町子ども・子育て支援事業計画／須恵町 スマートフォン版を表示 本文へ 文字サイズ 背景色変更 組織から探す Select Language キーワードから検索できます くらし・手続き 医療・健康・福祉 子育て・教育 観光・文化・スポーツ しごと・産業 行政情報 くらし・手続き 医療・健康・福祉 子育て・教育 観光・文化・スポーツ しごと・産業 行政情報 文字サイズ変更 背景色変更 組織から探す Select Language PC版で見る メニューを閉じる 現在のページ ホーム 組織から探す こども子育て課 子育て 第2期 須恵町子ども・子育て支援事業計画 第2期 須恵町子ども・子育て支援事業計画 Tweet 更新日：2022年05月31日 子ども・子育て関連3法に基づく「子ども・子育て支援新制度」
須恵町	16	地方創生臨時交付金について	https://www.town.sue.fukuoka.jp/soshiki/keieiseisakuka/4929.html	地方創生臨時交付金について／須恵町 スマートフォン版を表示 本文へ 文字サイズ 背景色変更 組織から探す Select Language キーワードから検索できます くらし・手続き 医療・健康・福祉 子育て・教育 観光・文化・スポーツ しごと・産業 行政情報 くらし・手続き 医療・健康・福祉 子育て・教育 観光・文化・スポーツ しごと・産業 行政情報 文字サイズ変更 背景色変更 組織から探す Select Language PC版で見る メニューを閉じる 現在のページ ホーム 組織から探す 経営政策課 地方創生臨時交付金について 地方創生臨時交付金について Tweet 更新日：2025年03月24日 新型コロナウイルス感染症対応地方創生臨時交付金とは 新型コロナウイルス感染症の拡大を防止するとともに、感染拡大の
須恵町	16	子育て	https://www.town.sue.fukuoka.jp/soshiki/kodomokosodateka/kosodate/index.html	子育て／須恵町 スマートフォン版を表示 本文へ 文字サイズ 背景色変更 組織から探す Select Language キーワードから検索できます くらし・手続き 医療・健康・福祉 子育て・教育 観光・文化・スポーツ しごと・産業 行政情報 くらし・手続き 医療・健康・福祉 子育て・教育 観光・文化・スポーツ しごと・産業 行政情報 文字サイズ変更 背景色変更 組織から探す Select Language PC版で見る メニューを閉じる 現在のページ ホーム 組織から探す こども子育て課 子育て 子育て 児童手当等 幼稚園・保育所・幼児園 学童保育 子育て支援 第2期 須恵町子ども・子育て支援事業計画 第3期須恵町子ども・子育て支援事業計画（案）に関する意見募集（パブリックコメント）の結果について 第3期 須恵町
須恵町	15	企業版ふるさと納税	https://www.town.sue.fukuoka.jp/soshiki/furusatoouenka/kigyoubanfurusatonouzei/index.html	企業版ふるさと納税／須恵町 スマートフォン版を表示 本文へ 文字サイズ 背景色変更 組織から探す Select Language キーワードから検索できます くらし・手続き 医療・健康・福祉 子育て・教育 観光・文化・スポーツ しごと・産業 行政情報 くらし・手続き 医療・健康・福祉 子育て・教育 観光・文化・スポーツ しごと・産業 行政情報 文字サイズ変更 背景色変更 組織から探す Select Language PC版で見る メニューを閉じる 現在のページ ホーム 組織から探す ふるさと応援課 企業版ふるさと納税 企業版ふるさと納税 企業版ふるさと納税 寄附実績 制度の概要 国は、全国各地の地方創生の取組の実効性を高めていくためには、従来の施策に加えて、地方創生事業に対して、民間企業のみなさまから積極的に寄
須恵町	15	監査基準および監査計画	https://www.town.sue.fukuoka.jp/soshiki/kansaiinjimukyoku/4850.html	監査基準および監査計画／須恵町 スマートフォン版を表示 本文へ 文字サイズ 背景色変更 組織から探す Select Language キーワードから検索できます くらし・手続き 医療・健康・福祉 子育て・教育 観光・文化・スポーツ しごと・産業 行政情報 くらし・手続き 医療・健康・福祉 子育て・教育 観光・文化・スポーツ しごと・産業 行政情報 文字サイズ変更 背景色変更 組織から探す Select Language PC版で見る メニューを閉じる 現在のページ ホーム 組織から探す 監査委員事務局 監査基準および監査計画 監査基準および監査計画 Tweet 更新日：2025年09月05日 監査とは 監査委員が行うこととされている監査、検査、審査その他の行為は、町の事務の管理及び執行等について、法令に適合し、
須恵町	15	高齢者運転免許証自主返納の支援について	https://www.town.sue.fukuoka.jp/soshiki/chiikikomyunityka_1/6543.html	高齢者運転免許証自主返納の支援について／須恵町 スマートフォン版を表示 本文へ 文字サイズ 背景色変更 組織から探す Select Language キーワードから検索できます くらし・手続き 医療・健康・福祉 子育て・教育 観光・文化・スポーツ しごと・産業 行政情報 くらし・手続き 医療・健康・福祉 子育て・教育 観光・文化・スポーツ しごと・産業 行政情報 文字サイズ変更 背景色変更 組織から探す Select Language PC版で見る メニューを閉じる 現在のページ ホーム 組織から探す 地域コミュニティ課 高齢者運転免許証自主返納の支援について 高齢者運転免許証自主返納の支援について Tweet 更新日：2023年12月12日 高齢者運転免許証の自主返納を支援します 須恵町は自らの運転免許証を返
須恵町	15	代理投票	https://www.town.sue.fukuoka.jp/gyosei/senkyo/3/2226.html	代理投票／須恵町 スマートフォン版を表示 本文へ 文字サイズ 背景色変更 組織から探す Select Language キーワードから検索できます くらし・手続き 医療・健康・福祉 子育て・教育 観光・文化・スポーツ しごと・産業 行政情報 くらし・手続き 医療・健康・福祉 子育て・教育 観光・文化・スポーツ しごと・産業 行政情報 文字サイズ変更 背景色変更 組織から探す Select Language PC版で見る メニューを閉じる 現在のページ ホーム 行政情報 選挙 投票について 代理投票 代理投票 Tweet 更新日：2021年10月29日 投票は、選挙人が自分で投票用紙に記載する方式が原則ですが、投票用紙に字を書くことができない選挙人についても選挙権の行使を保障するため、例外として代理投票や点字投票
須恵町	13	町からのお知らせ	https://www.town.sue.fukuoka.jp/life_scene/kosodate/syotyugakusei/7572.html	町からのお知らせ／須恵町 スマートフォン版を表示 本文へ 文字サイズ 背景色変更 組織から探す Select Language キーワードから検索できます くらし・手続き 医療・健康・福祉 子育て・教育 観光・文化・スポーツ しごと・産業 行政情報 くらし・手続き 医療・健康・福祉 子育て・教育 観光・文化・スポーツ しごと・産業 行政情報 文字サイズ変更 背景色変更 組織から探す Select Language PC版で見る メニューを閉じる 現在のページ ホーム ライフシーンから探す 子育て 育児（小中学生） 町からのお知らせ 町からのお知らせ 就学援助について 学童保育所について ひとり親の方へ 1人1台端末の利活用について 耐震診断結果一覧表 令和8年度 学童保育所新規利用申込のご案内 令和8年度就学義
須恵町	13	児童扶養手当・各種助成・給付金	https://www.town.sue.fukuoka.jp/life_scene/kosodate/teate_josei_kyuhu/index.html	児童扶養手当・各種助成・給付金／須恵町 スマートフォン版を表示 本文へ 文字サイズ 背景色変更 組織から探す Select Language キーワードから検索できます くらし・手続き 医療・健康・福祉 子育て・教育 観光・文化・スポーツ しごと・産業 行政情報 くらし・手続き 医療・健康・福祉 子育て・教育 観光・文化・スポーツ しごと・産業 行政情報 文字サイズ変更 背景色変更 組織から探す Select Language PC版で見る メニューを閉じる 現在のページ ホーム ライフシーンから探す 子育て 児童扶養手当・各種助成・給付金 児童扶養手当・各種助成・給付金 児童扶養手当 各種助成 給付金 子育て このホームページについて 個人情報の取り扱いについて 免責事項 ウェブアクセシビリティ サイトマップ
須恵町	13	「須恵町地域公共交通計画」を改訂しました	https://www.town.sue.fukuoka.jp/gyosei/seisaku_keikaku/toshikeikaku/6972.html	「須恵町地域公共交通計画」を改訂しました／須恵町 スマートフォン版を表示 本文へ 文字サイズ 背景色変更 組織から探す Select Language キーワードから検索できます くらし・手続き 医療・健康・福祉 子育て・教育 観光・文化・スポーツ しごと・産業 行政情報 くらし・手続き 医療・健康・福祉 子育て・教育 観光・文化・スポーツ しごと・産業 行政情報 文字サイズ変更 背景色変更 組織から探す Select Language PC版で見る メニューを閉じる 現在のページ ホーム 行政情報 政策・計画 都市計画 「須恵町地域公共交通計画」を改訂しました 「須恵町地域公共交通計画」を改訂しました Tweet 更新日：2026年03月04日 須恵町では、民間事業者が運行する路線バスのほか、7路線のコミュニ
須恵町	12	医療	https://www.town.sue.fukuoka.jp/life_scene/kosodate/iryou/7582.html	医療／須恵町 スマートフォン版を表示 本文へ 文字サイズ 背景色変更 組織から探す Select Language キーワードから検索できます くらし・手続き 医療・健康・福祉 子育て・教育 観光・文化・スポーツ しごと・産業 行政情報 くらし・手続き 医療・健康・福祉 子育て・教育 観光・文化・スポーツ しごと・産業 行政情報 文字サイズ変更 背景色変更 組織から探す Select Language PC版で見る メニューを閉じる 現在のページ ホーム ライフシーンから探す 子育て 医療 医療 医療 Tweet 乳幼児健診 未熟児養育医療制度について 福岡県乳幼児聴覚支援センターでお子さんの聞こえについて相談ができます 急な病気・けがをしたときの対応について 新生児の聴覚検査費用を助成します ヒトパピローマウ
須恵町	12	障害者福祉	https://www.town.sue.fukuoka.jp/soshiki/fukushika/shogaisha_fukushi/index.html	障害者福祉／須恵町 スマートフォン版を表示 本文へ 文字サイズ 背景色変更 組織から探す Select Language キーワードから検索できます くらし・手続き 医療・健康・福祉 子育て・教育 観光・文化・スポーツ しごと・産業 行政情報 くらし・手続き 医療・健康・福祉 子育て・教育 観光・文化・スポーツ しごと・産業 行政情報 文字サイズ変更 背景色変更 組織から探す Select Language PC版で見る メニューを閉じる 現在のページ ホーム 組織から探す 福祉課 障害者福祉 障害者福祉 若年性認知症サポートセンターのご案内 障害者相談支援事業のお知らせ 自立支援医療制度 福岡県自立相談支援事務所について 軽度・中等度難聴児の補聴器購入費を助成します 障害福祉サービス 身体障害者手帳の交付につ
須恵町	12	宝くじの助成金で校区コミュニティ備品を整備しました！	https://www.town.sue.fukuoka.jp/soshiki/sukoyakakomyunitei/8144.html	宝くじの助成金で校区コミュニティ備品を整備しました！／須恵町 スマートフォン版を表示 本文へ 文字サイズ 背景色変更 組織から探す Select Language キーワードから検索できます くらし・手続き 医療・健康・福祉 子育て・教育 観光・文化・スポーツ しごと・産業 行政情報 くらし・手続き 医療・健康・福祉 子育て・教育 観光・文化・スポーツ しごと・産業 行政情報 文字サイズ変更 背景色変更 組織から探す Select Language PC版で見る メニューを閉じる 現在のページ ホーム 組織から探す すこやかコミュニティ 宝くじの助成金で校区コミュニティ備品を整備しました！ 宝くじの助成金で校区コミュニティ備品を整備しました！ Tweet 更新日：2024年10月22日 一般財団法人 自治総合セ
