score	organization	title	url	evidence
30	玉東町		https://www.town.gyokuto.kumamoto.jp/kiji003159/index.html	玉東町 空き家バンク / 玉東町 ヘッダーをスキップ 本文へジャンプ くらし・手続き・生活環境 教育・スポーツ・文化 健康・福祉・子育て 農林水産・商工業 町政 お問い合わせ Foreign Language English 中文(简化字) 中文(繁體字) 한국어 日本語 アクセシビリティ 文字サイズ 背景色 close 新型コロナウイルス感染症 住民登録・戸籍・申請書関係 税金・保険料 住宅・水道・浄化槽 ごみ・環境・動物 交通・道路・河川 暮らしの便利帳 安心・安全 回覧・配布物 玉東クラブ(部活動地域移行) イベント 公民館・体育施設案内 オレンジはあとクラブ（地域スポーツ・文化クラブ） 中央公民館図書室 スポーツ 生涯学習
30	玉東町		https://www.town.gyokuto.kumamoto.jp/kiji0031831/index.html	LPガスを使用している生活者の皆さんへの支援金(第5弾)について / 玉東町 ヘッダーをスキップ 本文へジャンプ くらし・手続き・生活環境 教育・スポーツ・文化 健康・福祉・子育て 農林水産・商工業 町政 お問い合わせ Foreign Language English 中文(简化字) 中文(繁體字) 한국어 日本語 アクセシビリティ 文字サイズ 背景色 close 新型コロナウイルス感染症 住民登録・戸籍・申請書関係 税金・保険料 住宅・水道・浄化槽 ごみ・環境・動物 交通・道路・河川 暮らしの便利帳 安心・安全 回覧・配布物 玉東クラブ(部活動地域移行) イベント 公民館・体育施設案内 オレンジはあとクラブ（地域スポーツ・文化クラ
30	玉東町		https://www.town.gyokuto.kumamoto.jp/kiji0031805/index.html	18才以下の自転車用ヘルメットの購入を補助します / 玉東町 ヘッダーをスキップ 本文へジャンプ くらし・手続き・生活環境 教育・スポーツ・文化 健康・福祉・子育て 農林水産・商工業 町政 お問い合わせ Foreign Language English 中文(简化字) 中文(繁體字) 한국어 日本語 アクセシビリティ 文字サイズ 背景色 close 新型コロナウイルス感染症 住民登録・戸籍・申請書関係 税金・保険料 住宅・水道・浄化槽 ごみ・環境・動物 交通・道路・河川 暮らしの便利帳 安心・安全 回覧・配布物 玉東クラブ(部活動地域移行) イベント 公民館・体育施設案内 オレンジはあとクラブ（地域スポーツ・文化クラブ） 中央公民館
30	玉東町		https://www.town.gyokuto.kumamoto.jp/kiji0031289/index.html	子育て・移住定住施策一覧 / 玉東町 ヘッダーをスキップ 本文へジャンプ くらし・手続き・生活環境 教育・スポーツ・文化 健康・福祉・子育て 農林水産・商工業 町政 お問い合わせ Foreign Language English 中文(简化字) 中文(繁體字) 한국어 日本語 アクセシビリティ 文字サイズ 背景色 close 新型コロナウイルス感染症 住民登録・戸籍・申請書関係 税金・保険料 住宅・水道・浄化槽 ごみ・環境・動物 交通・道路・河川 安心・安全 回覧・配布物 玉東クラブ(部活動地域移行) イベント 公民館・体育施設案内 オレンジはあとクラブ（地域スポーツ・文化クラブ） 中央公民館図書室 スポーツ 生涯学習 文化財・歴史
30	玉東町		https://www.town.gyokuto.kumamoto.jp/kiji003305/index.html	令和8年度合併処理浄化槽設置費補助金制度について / 玉東町 ヘッダーをスキップ 本文へジャンプ くらし・手続き・生活環境 教育・スポーツ・文化 健康・福祉・子育て 農林水産・商工業 町政 お問い合わせ Foreign Language English 中文(简化字) 中文(繁體字) 한국어 日本語 アクセシビリティ 文字サイズ 背景色 close 新型コロナウイルス感染症 住民登録・戸籍・申請書関係 税金・保険料 住宅・水道・浄化槽 ごみ・環境・動物 交通・道路・河川 暮らしの便利帳 安心・安全 回覧・配布物 玉東クラブ(部活動地域移行) イベント 公民館・体育施設案内 オレンジはあとクラブ（地域スポーツ・文化クラブ） 中央公民館
30	玉東町		https://www.town.gyokuto.kumamoto.jp/kiji0031524/index.html	令和6年度低所得世帯に対する物価高騰対策支援給付金（不足額含む） / 玉東町 ヘッダーをスキップ 本文へジャンプ くらし・手続き・生活環境 教育・スポーツ・文化 健康・福祉・子育て 農林水産・商工業 町政 お問い合わせ Foreign Language English 中文(简化字) 中文(繁體字) 한국어 日本語 アクセシビリティ 文字サイズ 背景色 close 新型コロナウイルス感染症 住民登録・戸籍・申請書関係 税金・保険料 住宅・水道・浄化槽 ごみ・環境・動物 交通・道路・河川 暮らしの便利帳 安心・安全 回覧・配布物 玉東クラブ(部活動地域移行) イベント 公民館・体育施設案内 オレンジはあとクラブ（地域スポーツ・文化クラ
30	玉東町		https://www.town.gyokuto.kumamoto.jp/kiji003151/index.html	漏水による水道料金の軽減制度について / 玉東町 ヘッダーをスキップ 本文へジャンプ くらし・手続き・生活環境 教育・スポーツ・文化 健康・福祉・子育て 農林水産・商工業 町政 お問い合わせ Foreign Language English 中文(简化字) 中文(繁體字) 한국어 日本語 アクセシビリティ 文字サイズ 背景色 close 新型コロナウイルス感染症 住民登録・戸籍・申請書関係 税金・保険料 住宅・水道・浄化槽 ごみ・環境・動物 交通・道路・河川 暮らしの便利帳 安心・安全 回覧・配布物 玉東クラブ(部活動地域移行) イベント 公民館・体育施設案内 オレンジはあとクラブ（地域スポーツ・文化クラブ） 中央公民館図書室 スポ
30	玉東町		https://www.town.gyokuto.kumamoto.jp/kiji0031772/index.html	住宅に係る耐震化事業について / 玉東町 ヘッダーをスキップ 本文へジャンプ くらし・手続き・生活環境 教育・スポーツ・文化 健康・福祉・子育て 農林水産・商工業 町政 お問い合わせ Foreign Language English 中文(简化字) 中文(繁體字) 한국어 日本語 アクセシビリティ 文字サイズ 背景色 close 新型コロナウイルス感染症 住民登録・戸籍・申請書関係 税金・保険料 住宅・水道・浄化槽 ごみ・環境・動物 交通・道路・河川 暮らしの便利帳 安心・安全 回覧・配布物 玉東クラブ(部活動地域移行) イベント 公民館・体育施設案内 オレンジはあとクラブ（地域スポーツ・文化クラブ） 中央公民館図書室 スポーツ 生
30	玉東町		https://www.town.gyokuto.kumamoto.jp/kiji0031672/index.html	インフルエンザ・新型コロナウイルス予防接種のお知らせ / 玉東町 ヘッダーをスキップ 本文へジャンプ くらし・手続き・生活環境 教育・スポーツ・文化 健康・福祉・子育て 農林水産・商工業 町政 お問い合わせ Foreign Language English 中文(简化字) 中文(繁體字) 한국어 日本語 アクセシビリティ 文字サイズ 背景色 close 新型コロナウイルス感染症 住民登録・戸籍・申請書関係 税金・保険料 住宅・水道・浄化槽 ごみ・環境・動物 交通・道路・河川 暮らしの便利帳 安心・安全 回覧・配布物 玉東クラブ(部活動地域移行) イベント 公民館・体育施設案内 オレンジはあとクラブ（地域スポーツ・文化クラブ） 中央公
30	玉東町		https://www.town.gyokuto.kumamoto.jp/kiji0031665/index.html	8月豪雨支援補助金【電気柵・ワイヤーメッシュ】 / 玉東町 ヘッダーをスキップ 本文へジャンプ くらし・手続き・生活環境 教育・スポーツ・文化 健康・福祉・子育て 農林水産・商工業 町政 お問い合わせ Foreign Language English 中文(简化字) 中文(繁體字) 한국어 日本語 アクセシビリティ 文字サイズ 背景色 close 新型コロナウイルス感染症 住民登録・戸籍・申請書関係 税金・保険料 住宅・水道・浄化槽 ごみ・環境・動物 交通・道路・河川 暮らしの便利帳 安心・安全 回覧・配布物 玉東クラブ(部活動地域移行) イベント 公民館・体育施設案内 オレンジはあとクラブ（地域スポーツ・文化クラブ） 中央公民館図
30	玉東町		https://www.town.gyokuto.kumamoto.jp/kiji003107/index.html	申請書一覧 町民生活課 / 玉東町 ヘッダーをスキップ 本文へジャンプ くらし・手続き・生活環境 教育・スポーツ・文化 健康・福祉・子育て 農林水産・商工業 町政 お問い合わせ Foreign Language English 中文(简化字) 中文(繁體字) 한국어 日本語 アクセシビリティ 文字サイズ 背景色 close 新型コロナウイルス感染症 住民登録・戸籍・申請書関係 税金・保険料 住宅・水道・浄化槽 ごみ・環境・動物 交通・道路・河川 安心・安全 回覧・配布物 イベント 公民館・体育施設案内 オレンジはあとクラブ（地域スポーツ・文化クラブ） 中央公民館図書室 スポーツ 生涯学習 文化財・歴史 小学校・中学校 健康・医療 年
30	玉東町		https://www.town.gyokuto.kumamoto.jp/kiji0031723/index.html	町税・保険料等の減免制度について / 玉東町 ヘッダーをスキップ 本文へジャンプ くらし・手続き・生活環境 教育・スポーツ・文化 健康・福祉・子育て 農林水産・商工業 町政 お問い合わせ Foreign Language English 中文(简化字) 中文(繁體字) 한국어 日本語 アクセシビリティ 文字サイズ 背景色 close 新型コロナウイルス感染症 住民登録・戸籍・申請書関係 税金・保険料 住宅・水道・浄化槽 ごみ・環境・動物 交通・道路・河川 暮らしの便利帳 安心・安全 回覧・配布物 玉東クラブ(部活動地域移行) イベント 公民館・体育施設案内 オレンジはあとクラブ（地域スポーツ・文化クラブ） 中央公民館図書室 スポーツ
30	玉東町		https://www.town.gyokuto.kumamoto.jp/kiji00326/index.html	新型コロナウイルス感染症に不安をかかえる妊婦の方へ / 玉東町 ヘッダーをスキップ 本文へジャンプ くらし・手続き・生活環境 教育・スポーツ・文化 健康・福祉・子育て 農林水産・商工業 町政 お問い合わせ Foreign Language English 中文(简化字) 中文(繁體字) 한국어 日本語 アクセシビリティ 文字サイズ 背景色 close 新型コロナウイルス感染症 住民登録・戸籍 税金・保険料 住まい ごみ・環境 交通 安心・安全 まちづくり 回覧・配布物 イベント 公民館・体育施設案内 オレンジはあとクラブ（地域スポーツ・文化クラブ） 中央公民館図書室 スポーツ 生涯学習 文化財・歴史 小学校・中学校 健康・医療 年金
28	玉東町		https://www.town.gyokuto.kumamoto.jp/kiji0031346/index.html	令和7年度 玉東町農業機械等整備事業 / 玉東町 ヘッダーをスキップ 本文へジャンプ くらし・手続き・生活環境 教育・スポーツ・文化 健康・福祉・子育て 農林水産・商工業 町政 お問い合わせ Foreign Language English 中文(简化字) 中文(繁體字) 한국어 日本語 アクセシビリティ 文字サイズ 背景色 close 新型コロナウイルス感染症 住民登録・戸籍・申請書関係 税金・保険料 住宅・水道・浄化槽 ごみ・環境・動物 交通・道路・河川 安心・安全 回覧・配布物 玉東クラブ(部活動地域移行) イベント 公民館・体育施設案内 オレンジはあとクラブ（地域スポーツ・文化クラブ） 中央公民館図書室 スポーツ 生涯学習
26	玉東町		https://www.town.gyokuto.kumamoto.jp/kiji0031497/index.html	農業者年金について / 玉東町 ヘッダーをスキップ 本文へジャンプ くらし・手続き・生活環境 教育・スポーツ・文化 健康・福祉・子育て 農林水産・商工業 町政 お問い合わせ Foreign Language English 中文(简化字) 中文(繁體字) 한국어 日本語 アクセシビリティ 文字サイズ 背景色 close 新型コロナウイルス感染症 住民登録・戸籍・申請書関係 税金・保険料 住宅・水道・浄化槽 ごみ・環境・動物 交通・道路・河川 暮らしの便利帳 安心・安全 回覧・配布物 玉東クラブ(部活動地域移行) イベント 公民館・体育施設案内 オレンジはあとクラブ（地域スポーツ・文化クラブ） 中央公民館図書室 スポーツ 生涯学習 文
25	玉東町		https://www.town.gyokuto.kumamoto.jp/kiji0031174/index.html	臨時交付金を活用した事業の実施状況及びその効果に関する公表 / 玉東町 ヘッダーをスキップ 本文へジャンプ くらし・手続き・生活環境 教育・スポーツ・文化 健康・福祉・子育て 農林水産・商工業 町政 お問い合わせ Foreign Language English 中文(简化字) 中文(繁體字) 한국어 日本語 アクセシビリティ 文字サイズ 背景色 close 新型コロナウイルス感染症 住民登録・戸籍・申請書関係 税金・保険料 住宅・水道・浄化槽 ごみ・環境・動物 交通・道路・河川 暮らしの便利帳 安心・安全 回覧・配布物 玉東クラブ(部活動地域移行) イベント 公民館・体育施設案内 オレンジはあとクラブ（地域スポーツ・文化クラブ）
25	玉東町		https://www.town.gyokuto.kumamoto.jp/kiji003244/index.html	独自利用事務について / 玉東町 ヘッダーをスキップ 本文へジャンプ くらし・手続き・生活環境 教育・スポーツ・文化 健康・福祉・子育て 農林水産・商工業 町政 お問い合わせ Foreign Language English 中文(简化字) 中文(繁體字) 한국어 日本語 アクセシビリティ 文字サイズ 背景色 close 新型コロナウイルス感染症 住民登録・戸籍 税金・保険料 住まい ごみ・環境 交通 安心・安全 まちづくり 回覧・配布物 イベント 公民館・体育施設案内 オレンジはあとクラブ（地域スポーツ・文化クラブ） 中央公民館図書室 スポーツ 生涯学習 文化財・歴史 小学校・中学校 健康・医療 年金・健康保険 高齢者福祉 障害者
24	玉東町		https://www.town.gyokuto.kumamoto.jp/kiji0031614/index.html	木葉駅前活性化施設の指定管理者の公募について / 玉東町 ヘッダーをスキップ 本文へジャンプ くらし・手続き・生活環境 教育・スポーツ・文化 健康・福祉・子育て 農林水産・商工業 町政 お問い合わせ Foreign Language English 中文(简化字) 中文(繁體字) 한국어 日本語 アクセシビリティ 文字サイズ 背景色 close 新型コロナウイルス感染症 住民登録・戸籍・申請書関係 税金・保険料 住宅・水道・浄化槽 ごみ・環境・動物 交通・道路・河川 暮らしの便利帳 安心・安全 回覧・配布物 玉東クラブ(部活動地域移行) イベント 公民館・体育施設案内 オレンジはあとクラブ（地域スポーツ・文化クラブ） 中央公民館図書
24	玉東町		https://www.town.gyokuto.kumamoto.jp/kiji0031775/index.html	玉東町こども誰でも通園制度の利用申請を受け付けます / 玉東町 ヘッダーをスキップ 本文へジャンプ くらし・手続き・生活環境 教育・スポーツ・文化 健康・福祉・子育て 農林水産・商工業 町政 お問い合わせ Foreign Language English 中文(简化字) 中文(繁體字) 한국어 日本語 アクセシビリティ 文字サイズ 背景色 close 新型コロナウイルス感染症 住民登録・戸籍・申請書関係 税金・保険料 住宅・水道・浄化槽 ごみ・環境・動物 交通・道路・河川 暮らしの便利帳 安心・安全 回覧・配布物 玉東クラブ(部活動地域移行) イベント 公民館・体育施設案内 オレンジはあとクラブ（地域スポーツ・文化クラブ） 中央公民
22	玉東町		https://www.town.gyokuto.kumamoto.jp/kiji0031044/index.html	新型コロナ全数届出見直しに伴う療養者フォローアップ体制について / 玉東町 ヘッダーをスキップ 本文へジャンプ くらし・手続き・生活環境 教育・スポーツ・文化 健康・福祉・子育て 農林水産・商工業 町政 お問い合わせ Foreign Language English 中文(简化字) 中文(繁體字) 한국어 日本語 アクセシビリティ 文字サイズ 背景色 close 新型コロナウイルス感染症 住民登録・戸籍 税金・保険料 住まい ごみ・環境 交通 安心・安全 まちづくり 回覧・配布物 イベント 公民館・体育施設案内 オレンジはあとクラブ（地域スポーツ・文化クラブ） 中央公民館図書室 スポーツ 生涯学習 文化財・歴史 小学校・中学校 健康
20	玉東町		https://www.town.gyokuto.kumamoto.jp/kiji0031323/index.html	玉東町の概要 / 玉東町 ヘッダーをスキップ 本文へジャンプ くらし・手続き・生活環境 教育・スポーツ・文化 健康・福祉・子育て 農林水産・商工業 町政 お問い合わせ Foreign Language English 中文(简化字) 中文(繁體字) 한국어 日本語 アクセシビリティ 文字サイズ 背景色 close 新型コロナウイルス感染症 住民登録・戸籍・申請書関係 税金・保険料 住宅・水道・浄化槽 ごみ・環境・動物 交通・道路・河川 暮らしの便利帳 安心・安全 回覧・配布物 玉東クラブ(部活動地域移行) イベント 公民館・体育施設案内 オレンジはあとクラブ（地域スポーツ・文化クラブ） 中央公民館図書室 スポーツ 生涯学習 文化財・
20	玉東町		https://www.town.gyokuto.kumamoto.jp/kiji003631/index.html	ふれあいの丘交流センター / 玉東町 ヘッダーをスキップ 本文へジャンプ くらし・手続き・生活環境 教育・スポーツ・文化 健康・福祉・子育て 農林水産・商工業 町政 お問い合わせ Foreign Language English 中文(简化字) 中文(繁體字) 한국어 日本語 アクセシビリティ 文字サイズ 背景色 close 新型コロナウイルス感染症 住民登録・戸籍・申請書関係 税金・保険料 住宅・水道・浄化槽 ごみ・環境・動物 交通・道路・河川 暮らしの便利帳 安心・安全 回覧・配布物 玉東クラブ(部活動地域移行) イベント 公民館・体育施設案内 オレンジはあとクラブ（地域スポーツ・文化クラブ） 中央公民館図書室 スポーツ 生涯学
20	玉東町		https://www.town.gyokuto.kumamoto.jp/kiji0031500/index.html	玉東町（ぎょくとうまち）外国人相談窓口（がいこくじんそうだんまどぐち） / 玉東町 ヘッダーをスキップ 本文へジャンプ くらし・手続き・生活環境 教育・スポーツ・文化 健康・福祉・子育て 農林水産・商工業 町政 お問い合わせ Foreign Language English 中文(简化字) 中文(繁體字) 한국어 日本語 アクセシビリティ 文字サイズ 背景色 close 新型コロナウイルス感染症 住民登録・戸籍・申請書関係 税金・保険料 住宅・水道・浄化槽 ごみ・環境・動物 交通・道路・河川 暮らしの便利帳 安心・安全 回覧・配布物 玉東クラブ(部活動地域移行) イベント 公民館・体育施設案内 オレンジはあとクラブ（地域スポーツ・文
20	玉東町		https://www.town.gyokuto.kumamoto.jp/kiji0031490/index.html	企業版ふるさと納税にご協力ください。 / 玉東町 ヘッダーをスキップ 本文へジャンプ くらし・手続き・生活環境 教育・スポーツ・文化 健康・福祉・子育て 農林水産・商工業 町政 お問い合わせ Foreign Language English 中文(简化字) 中文(繁體字) 한국어 日本語 アクセシビリティ 文字サイズ 背景色 close 新型コロナウイルス感染症 住民登録・戸籍・申請書関係 税金・保険料 住宅・水道・浄化槽 ごみ・環境・動物 交通・道路・河川 暮らしの便利帳 安心・安全 回覧・配布物 玉東クラブ(部活動地域移行) イベント 公民館・体育施設案内 オレンジはあとクラブ（地域スポーツ・文化クラブ） 中央公民館図書室 スポ
20	玉東町		https://www.town.gyokuto.kumamoto.jp/kiji0031609/index.html	企業版ふるさと納税寄附一覧 / 玉東町 ヘッダーをスキップ 本文へジャンプ くらし・手続き・生活環境 教育・スポーツ・文化 健康・福祉・子育て 農林水産・商工業 町政 お問い合わせ Foreign Language English 中文(简化字) 中文(繁體字) 한국어 日本語 アクセシビリティ 文字サイズ 背景色 close 新型コロナウイルス感染症 住民登録・戸籍・申請書関係 税金・保険料 住宅・水道・浄化槽 ごみ・環境・動物 交通・道路・河川 暮らしの便利帳 安心・安全 回覧・配布物 玉東クラブ(部活動地域移行) イベント 公民館・体育施設案内 オレンジはあとクラブ（地域スポーツ・文化クラブ） 中央公民館図書室 スポーツ 生涯
20	玉東町		https://www.town.gyokuto.kumamoto.jp/kiji003116/index.html	玉東町ふるさと納税について / 玉東町 ヘッダーをスキップ 本文へジャンプ くらし・手続き・生活環境 教育・スポーツ・文化 健康・福祉・子育て 農林水産・商工業 町政 お問い合わせ Foreign Language English 中文(简化字) 中文(繁體字) 한국어 日本語 アクセシビリティ 文字サイズ 背景色 close 新型コロナウイルス感染症 住民登録・戸籍・申請書関係 税金・保険料 住宅・水道・浄化槽 ごみ・環境・動物 交通・道路・河川 暮らしの便利帳 安心・安全 回覧・配布物 玉東クラブ(部活動地域移行) イベント 公民館・体育施設案内 オレンジはあとクラブ（地域スポーツ・文化クラブ） 中央公民館図書室 スポーツ 生涯
20	玉東町		https://www.town.gyokuto.kumamoto.jp/kiji003962/index.html	放置自転車の撤去及び保管について / 玉東町 ヘッダーをスキップ 本文へジャンプ くらし・手続き・生活環境 教育・スポーツ・文化 健康・福祉・子育て 農林水産・商工業 町政 お問い合わせ Foreign Language English 中文(简化字) 中文(繁體字) 한국어 日本語 アクセシビリティ 文字サイズ 背景色 close 新型コロナウイルス感染症 住民登録・戸籍・申請書関係 税金・保険料 住宅・水道・浄化槽 ごみ・環境・動物 交通・道路・河川 暮らしの便利帳 安心・安全 回覧・配布物 玉東クラブ(部活動地域移行) イベント 公民館・体育施設案内 オレンジはあとクラブ（地域スポーツ・文化クラブ） 中央公民館図書室 スポーツ
20	玉東町		https://www.town.gyokuto.kumamoto.jp/kiji0031373/index.html	オレンジはあとクラブ（地域スポーツ・文化クラブ) / 玉東町 ヘッダーをスキップ 本文へジャンプ くらし・手続き・生活環境 教育・スポーツ・文化 健康・福祉・子育て 農林水産・商工業 町政 お問い合わせ Foreign Language English 中文(简化字) 中文(繁體字) 한국어 日本語 アクセシビリティ 文字サイズ 背景色 close 新型コロナウイルス感染症 住民登録・戸籍・申請書関係 税金・保険料 住宅・水道・浄化槽 ごみ・環境・動物 交通・道路・河川 暮らしの便利帳 安心・安全 回覧・配布物 玉東クラブ(部活動地域移行) イベント 公民館・体育施設案内 オレンジはあとクラブ（地域スポーツ・文化クラブ） 中央公民館
20	玉東町		https://www.town.gyokuto.kumamoto.jp/kiji0031057/index.html	マイナンバーカードの休日窓口 / 玉東町 ヘッダーをスキップ 本文へジャンプ くらし・手続き・生活環境 教育・スポーツ・文化 健康・福祉・子育て 農林水産・商工業 町政 お問い合わせ Foreign Language English 中文(简化字) 中文(繁體字) 한국어 日本語 アクセシビリティ 文字サイズ 背景色 close 新型コロナウイルス感染症 住民登録・戸籍・申請書関係 税金・保険料 住宅・水道・浄化槽 ごみ・環境・動物 交通・道路・河川 暮らしの便利帳 安心・安全 回覧・配布物 玉東クラブ(部活動地域移行) イベント 公民館・体育施設案内 オレンジはあとクラブ（地域スポーツ・文化クラブ） 中央公民館図書室 スポーツ 生
20	玉東町		https://www.town.gyokuto.kumamoto.jp/kiji003772/index.html	給水装置工事の手続き / 玉東町 ヘッダーをスキップ 本文へジャンプ くらし・手続き・生活環境 教育・スポーツ・文化 健康・福祉・子育て 農林水産・商工業 町政 お問い合わせ Foreign Language English 中文(简化字) 中文(繁體字) 한국어 日本語 アクセシビリティ 文字サイズ 背景色 close 新型コロナウイルス感染症 住民登録・戸籍・申請書関係 税金・保険料 住宅・水道・浄化槽 ごみ・環境・動物 交通・道路・河川 暮らしの便利帳 安心・安全 回覧・配布物 玉東クラブ(部活動地域移行) イベント 公民館・体育施設案内 オレンジはあとクラブ（地域スポーツ・文化クラブ） 中央公民館図書室 スポーツ 生涯学習
20	玉東町		https://www.town.gyokuto.kumamoto.jp/kiji0031865/index.html	スポーツ経験のある高校生向けキャリアイベント参加者募集のお知らせ / 玉東町 ヘッダーをスキップ 本文へジャンプ くらし・手続き・生活環境 教育・スポーツ・文化 健康・福祉・子育て 農林水産・商工業 町政 お問い合わせ Foreign Language English 中文(简化字) 中文(繁體字) 한국어 日本語 アクセシビリティ 文字サイズ 背景色 close 新型コロナウイルス感染症 住民登録・戸籍・申請書関係 税金・保険料 住宅・水道・浄化槽 ごみ・環境・動物 交通・道路・河川 暮らしの便利帳 安心・安全 回覧・配布物 玉東クラブ(部活動地域移行) イベント 公民館・体育施設案内 オレンジはあとクラブ（地域スポーツ・文化クラ
20	玉東町		https://www.town.gyokuto.kumamoto.jp/kiji0031829/index.html	ハンセン病元患者家族に対する補償金制度について / 玉東町 ヘッダーをスキップ 本文へジャンプ くらし・手続き・生活環境 教育・スポーツ・文化 健康・福祉・子育て 農林水産・商工業 町政 お問い合わせ Foreign Language English 中文(简化字) 中文(繁體字) 한국어 日本語 アクセシビリティ 文字サイズ 背景色 close 新型コロナウイルス感染症 住民登録・戸籍・申請書関係 税金・保険料 住宅・水道・浄化槽 ごみ・環境・動物 交通・道路・河川 暮らしの便利帳 安心・安全 回覧・配布物 玉東クラブ(部活動地域移行) イベント 公民館・体育施設案内 オレンジはあとクラブ（地域スポーツ・文化クラブ） 中央公民館図
20	玉東町		https://www.town.gyokuto.kumamoto.jp/kiji0031840/index.html	やさしい地域のまなざし講座開催のお知らせ / 玉東町 ヘッダーをスキップ 本文へジャンプ くらし・手続き・生活環境 教育・スポーツ・文化 健康・福祉・子育て 農林水産・商工業 町政 お問い合わせ Foreign Language English 中文(简化字) 中文(繁體字) 한국어 日本語 アクセシビリティ 文字サイズ 背景色 close 新型コロナウイルス感染症 住民登録・戸籍・申請書関係 税金・保険料 住宅・水道・浄化槽 ごみ・環境・動物 交通・道路・河川 暮らしの便利帳 安心・安全 回覧・配布物 玉東クラブ(部活動地域移行) イベント 公民館・体育施設案内 オレンジはあとクラブ（地域スポーツ・文化クラブ） 中央公民館図書室
20	玉東町		https://www.town.gyokuto.kumamoto.jp/kiji0031759/index.html	こども誰でも通園制度について / 玉東町 ヘッダーをスキップ 本文へジャンプ くらし・手続き・生活環境 教育・スポーツ・文化 健康・福祉・子育て 農林水産・商工業 町政 お問い合わせ Foreign Language English 中文(简化字) 中文(繁體字) 한국어 日本語 アクセシビリティ 文字サイズ 背景色 close 新型コロナウイルス感染症 住民登録・戸籍・申請書関係 税金・保険料 住宅・水道・浄化槽 ごみ・環境・動物 交通・道路・河川 暮らしの便利帳 安心・安全 回覧・配布物 玉東クラブ(部活動地域移行) イベント 公民館・体育施設案内 オレンジはあとクラブ（地域スポーツ・文化クラブ） 中央公民館図書室 スポーツ 生
20	玉東町		https://www.town.gyokuto.kumamoto.jp/kiji0031736/index.html	みかん食堂について / 玉東町 ヘッダーをスキップ 本文へジャンプ くらし・手続き・生活環境 教育・スポーツ・文化 健康・福祉・子育て 農林水産・商工業 町政 お問い合わせ Foreign Language English 中文(简化字) 中文(繁體字) 한국어 日本語 アクセシビリティ 文字サイズ 背景色 close 新型コロナウイルス感染症 住民登録・戸籍・申請書関係 税金・保険料 住宅・水道・浄化槽 ごみ・環境・動物 交通・道路・河川 暮らしの便利帳 安心・安全 回覧・配布物 玉東クラブ(部活動地域移行) イベント 公民館・体育施設案内 オレンジはあとクラブ（地域スポーツ・文化クラブ） 中央公民館図書室 スポーツ 生涯学習 文
20	玉東町		https://www.town.gyokuto.kumamoto.jp/kiji0031719/index.html	令和7年度 大腸がん検診のご案内 / 玉東町 ヘッダーをスキップ 本文へジャンプ くらし・手続き・生活環境 教育・スポーツ・文化 健康・福祉・子育て 農林水産・商工業 町政 お問い合わせ Foreign Language English 中文(简化字) 中文(繁體字) 한국어 日本語 アクセシビリティ 文字サイズ 背景色 close 新型コロナウイルス感染症 住民登録・戸籍・申請書関係 税金・保険料 住宅・水道・浄化槽 ごみ・環境・動物 交通・道路・河川 暮らしの便利帳 安心・安全 回覧・配布物 玉東クラブ(部活動地域移行) イベント 公民館・体育施設案内 オレンジはあとクラブ（地域スポーツ・文化クラブ） 中央公民館図書室 スポーツ
20	玉東町		https://www.town.gyokuto.kumamoto.jp/kiji0031777/index.html	農業者年金地域別普及推進セミナー / 玉東町 ヘッダーをスキップ 本文へジャンプ くらし・手続き・生活環境 教育・スポーツ・文化 健康・福祉・子育て 農林水産・商工業 町政 お問い合わせ Foreign Language English 中文(简化字) 中文(繁體字) 한국어 日本語 アクセシビリティ 文字サイズ 背景色 close 新型コロナウイルス感染症 住民登録・戸籍・申請書関係 税金・保険料 住宅・水道・浄化槽 ごみ・環境・動物 交通・道路・河川 暮らしの便利帳 安心・安全 回覧・配布物 玉東クラブ(部活動地域移行) イベント 公民館・体育施設案内 オレンジはあとクラブ（地域スポーツ・文化クラブ） 中央公民館図書室 スポーツ
20	玉東町		https://www.town.gyokuto.kumamoto.jp/kiji0031592/index.html	先端設備等導入計画について / 玉東町 ヘッダーをスキップ 本文へジャンプ くらし・手続き・生活環境 教育・スポーツ・文化 健康・福祉・子育て 農林水産・商工業 町政 お問い合わせ Foreign Language English 中文(简化字) 中文(繁體字) 한국어 日本語 アクセシビリティ 文字サイズ 背景色 close 新型コロナウイルス感染症 住民登録・戸籍・申請書関係 税金・保険料 住宅・水道・浄化槽 ごみ・環境・動物 交通・道路・河川 安心・安全 回覧・配布物 イベント 公民館・体育施設案内 オレンジはあとクラブ（地域スポーツ・文化クラブ） 中央公民館図書室 スポーツ 生涯学習 文化財・歴史 小学校・中学校 健康・医療
20	玉東町		https://www.town.gyokuto.kumamoto.jp/kiji0031573/index.html	農地の相続等に係る届出について / 玉東町 ヘッダーをスキップ 本文へジャンプ くらし・手続き・生活環境 教育・スポーツ・文化 健康・福祉・子育て 農林水産・商工業 町政 お問い合わせ Foreign Language English 中文(简化字) 中文(繁體字) 한국어 日本語 アクセシビリティ 文字サイズ 背景色 close 新型コロナウイルス感染症 住民登録・戸籍・申請書関係 税金・保険料 住宅・水道・浄化槽 ごみ・環境・動物 交通・道路・河川 安心・安全 回覧・配布物 イベント 公民館・体育施設案内 オレンジはあとクラブ（地域スポーツ・文化クラブ） 中央公民館図書室 スポーツ 生涯学習 文化財・歴史 小学校・中学校 健康・
20	玉東町		https://www.town.gyokuto.kumamoto.jp/kiji0031006/index.html	地域の医療を守る取り組みにご協力をお願いします / 玉東町 ヘッダーをスキップ 本文へジャンプ くらし・手続き・生活環境 教育・スポーツ・文化 健康・福祉・子育て 農林水産・商工業 町政 お問い合わせ Foreign Language English 中文(简化字) 中文(繁體字) 한국어 日本語 アクセシビリティ 文字サイズ 背景色 close 新型コロナウイルス感染症 住民登録・戸籍 税金・保険料 住まい ごみ・環境 交通 安心・安全 まちづくり 回覧・配布物 イベント 公民館・体育施設案内 オレンジはあとクラブ（地域スポーツ・文化クラブ） 中央公民館図書室 スポーツ 生涯学習 文化財・歴史 小学校・中学校 健康・医療 年金・健
20	玉東町		https://www.town.gyokuto.kumamoto.jp/kiji003873/index.html	小児(5～11歳)の新型コロナワクチン接種のお知らせ / 玉東町 ヘッダーをスキップ 本文へジャンプ くらし・手続き・生活環境 教育・スポーツ・文化 健康・福祉・子育て 農林水産・商工業 町政 お問い合わせ Foreign Language English 中文(简化字) 中文(繁體字) 한국어 日本語 アクセシビリティ 文字サイズ 背景色 close 新型コロナウイルス感染症 住民登録・戸籍 税金・保険料 住まい ごみ・環境 交通 安心・安全 まちづくり 回覧・配布物 イベント 公民館・体育施設案内 オレンジはあとクラブ（地域スポーツ・文化クラブ） 中央公民館図書室 スポーツ 生涯学習 文化財・歴史 小学校・中学校 健康・医療 年
20	玉東町		https://www.town.gyokuto.kumamoto.jp/kiji003194/index.html	パスポートの申請受付・交付のご案内お持ちのパスポートの氏名・本籍が変更になった時 / 玉東町 ヘッダーをスキップ 本文へジャンプ くらし・手続き・生活環境 教育・スポーツ・文化 健康・福祉・子育て 農林水産・商工業 町政 お問い合わせ Foreign Language English 中文(简化字) 中文(繁體字) 한국어 日本語 アクセシビリティ 文字サイズ 背景色 close 新型コロナウイルス感染症 住民登録・戸籍・申請書関係 税金・保険料 住宅・水道・浄化槽 ごみ・環境・動物 交通・道路・河川 安心・安全 回覧・配布物 イベント 公民館・体育施設案内 オレンジはあとクラブ（地域スポーツ・文化クラブ） 中央公民館図書室 スポー
20	玉東町		https://www.town.gyokuto.kumamoto.jp/kiji00311/index.html	マイナポイント予約（マイキーID設定）及び申請の支援窓口について / 玉東町 ヘッダーをスキップ 本文へジャンプ くらし・手続き・生活環境 教育・スポーツ・文化 健康・福祉・子育て 農林水産・商工業 町政 お問い合わせ Foreign Language English 中文(简化字) 中文(繁體字) 한국어 日本語 アクセシビリティ 文字サイズ 背景色 close 新型コロナウイルス感染症 住民登録・戸籍・申請書関係 税金・保険料 住宅・水道・浄化槽 ごみ・環境・動物 交通・道路・河川 暮らしの便利帳 安心・安全 回覧・配布物 玉東クラブ(部活動地域移行) イベント 公民館・体育施設案内 オレンジはあとクラブ（地域スポーツ・文化クラ
20	玉東町		https://www.town.gyokuto.kumamoto.jp/kiji003834/index.html	町税等は口座振替で簡単＆便利に / 玉東町 ヘッダーをスキップ 本文へジャンプ くらし・手続き・生活環境 教育・スポーツ・文化 健康・福祉・子育て 農林水産・商工業 町政 お問い合わせ Foreign Language English 中文(简化字) 中文(繁體字) 한국어 日本語 アクセシビリティ 文字サイズ 背景色 close 新型コロナウイルス感染症 住民登録・戸籍・申請書関係 税金・保険料 住宅・水道・浄化槽 ごみ・環境・動物 交通・道路・河川 安心・安全 回覧・配布物 イベント 公民館・体育施設案内 オレンジはあとクラブ（地域スポーツ・文化クラブ） 中央公民館図書室 スポーツ 生涯学習 文化財・歴史 小学校・中学校 健康・
20	玉東町		https://www.town.gyokuto.kumamoto.jp/kiji0031351/index.html	法務局からのお知らせ「相続登記はお済みですか？」 / 玉東町 ヘッダーをスキップ 本文へジャンプ くらし・手続き・生活環境 教育・スポーツ・文化 健康・福祉・子育て 農林水産・商工業 町政 お問い合わせ Foreign Language English 中文(简化字) 中文(繁體字) 한국어 日本語 アクセシビリティ 文字サイズ 背景色 close 新型コロナウイルス感染症 住民登録・戸籍・申請書関係 税金・保険料 住宅・水道・浄化槽 ごみ・環境・動物 交通・道路・河川 安心・安全 回覧・配布物 イベント 公民館・体育施設案内 オレンジはあとクラブ（地域スポーツ・文化クラブ） 中央公民館図書室 スポーツ 生涯学習 文化財・歴史 小学
20	玉東町		https://www.town.gyokuto.kumamoto.jp/kiji0031435/index.html	2026年版熊本県民手帳の申込み受付中 / 玉東町 ヘッダーをスキップ 本文へジャンプ くらし・手続き・生活環境 教育・スポーツ・文化 健康・福祉・子育て 農林水産・商工業 町政 お問い合わせ Foreign Language English 中文(简化字) 中文(繁體字) 한국어 日本語 アクセシビリティ 文字サイズ 背景色 close 新型コロナウイルス感染症 住民登録・戸籍・申請書関係 税金・保険料 住宅・水道・浄化槽 ごみ・環境・動物 交通・道路・河川 暮らしの便利帳 安心・安全 回覧・配布物 玉東クラブ(部活動地域移行) イベント 公民館・体育施設案内 オレンジはあとクラブ（地域スポーツ・文化クラブ） 中央公民館図書室 ス
19	玉東町		https://www.town.gyokuto.kumamoto.jp/kiji0031325/index.html	玉東町役場1階民間テナント事業者を募集しています / 玉東町 ヘッダーをスキップ 本文へジャンプ くらし・手続き・生活環境 教育・スポーツ・文化 健康・福祉・子育て 農林水産・商工業 町政 お問い合わせ Foreign Language English 中文(简化字) 中文(繁體字) 한국어 日本語 アクセシビリティ 文字サイズ 背景色 close 新型コロナウイルス感染症 住民登録・戸籍・申請書関係 税金・保険料 住宅・水道・浄化槽 ごみ・環境・動物 交通・道路・河川 暮らしの便利帳 安心・安全 回覧・配布物 玉東クラブ(部活動地域移行) イベント 公民館・体育施設案内 オレンジはあとクラブ（地域スポーツ・文化クラブ） 中央公民館
19	玉東町		https://www.town.gyokuto.kumamoto.jp/kiji0031668/index.html	セーフティネット保証4号について / 玉東町 ヘッダーをスキップ 本文へジャンプ くらし・手続き・生活環境 教育・スポーツ・文化 健康・福祉・子育て 農林水産・商工業 町政 お問い合わせ Foreign Language English 中文(简化字) 中文(繁體字) 한국어 日本語 アクセシビリティ 文字サイズ 背景色 close 新型コロナウイルス感染症 住民登録・戸籍・申請書関係 税金・保険料 住宅・水道・浄化槽 ごみ・環境・動物 交通・道路・河川 暮らしの便利帳 安心・安全 回覧・配布物 玉東クラブ(部活動地域移行) イベント 公民館・体育施設案内 オレンジはあとクラブ（地域スポーツ・文化クラブ） 中央公民館図書室 スポーツ
19	玉東町		https://www.town.gyokuto.kumamoto.jp/kiji003245/index.html	マイナンバー（社会保障・税番号）制度が始まります / 玉東町 ヘッダーをスキップ 本文へジャンプ くらし・手続き・生活環境 教育・スポーツ・文化 健康・福祉・子育て 農林水産・商工業 町政 お問い合わせ Foreign Language English 中文(简化字) 中文(繁體字) 한국어 日本語 アクセシビリティ 文字サイズ 背景色 close 新型コロナウイルス感染症 住民登録・戸籍 税金・保険料 住まい ごみ・環境 交通 安心・安全 まちづくり 回覧・配布物 イベント 公民館・体育施設案内 オレンジはあとクラブ（地域スポーツ・文化クラブ） 中央公民館図書室 スポーツ 生涯学習 文化財・歴史 小学校・中学校 健康・医療 年金・
17	玉東町		https://www.town.gyokuto.kumamoto.jp/default.html	玉東町 ヘッダーをスキップ 本文へジャンプ グローバルナビゲーションをスキップ くらし・手続き・生活環境 教育・スポーツ・文化 健康・福祉・子育て 農林水産・商工業 町政 新型コロナウイルス感染症 町の状況、お知らせ 個人向け支援情報 事業者向け支援情報 感染予防対策 イベント・施設への影響 新型コロナ相談窓口 住民登録・戸籍・申請書関係 申請書ダウンロード 戸籍・住民登録 証明書の発行 印鑑登録 住基・マイナンバーカード パスポート 税金・保険料 税等に関するお知らせ 税等の各種証明書・様式 滞納処分・公売 国民健康保険税 個人住民税(町県民税) 固定資産税 法人住民税 軽自動車税 後期高齢者保険料 介護保険料 住宅・水道・浄化槽
17	玉東町		https://www.town.gyokuto.kumamoto.jp/kiji003972/index.html	令和7年度水田収益力強化ビジョンの公表について / 玉東町 ヘッダーをスキップ 本文へジャンプ くらし・手続き・生活環境 教育・スポーツ・文化 健康・福祉・子育て 農林水産・商工業 町政 お問い合わせ Foreign Language English 中文(简化字) 中文(繁體字) 한국어 日本語 アクセシビリティ 文字サイズ 背景色 close 新型コロナウイルス感染症 住民登録・戸籍・申請書関係 税金・保険料 住宅・水道・浄化槽 ごみ・環境・動物 交通・道路・河川 暮らしの便利帳 安心・安全 回覧・配布物 玉東クラブ(部活動地域移行) イベント 公民館・体育施設案内 オレンジはあとクラブ（地域スポーツ・文化クラブ） 中央公民館図
17	玉東町		https://www.town.gyokuto.kumamoto.jp/kiji003217/index.html	社会保障・税番号（マイナンバー）制度に係る特定個人情報保護評価書を公表しました / 玉東町 ヘッダーをスキップ 本文へジャンプ くらし・手続き・生活環境 教育・スポーツ・文化 健康・福祉・子育て 農林水産・商工業 町政 お問い合わせ Foreign Language English 中文(简化字) 中文(繁體字) 한국어 日本語 アクセシビリティ 文字サイズ 背景色 close 新型コロナウイルス感染症 住民登録・戸籍 税金・保険料 住まい ごみ・環境 交通 安心・安全 まちづくり 回覧・配布物 イベント 公民館・体育施設案内 オレンジはあとクラブ（地域スポーツ・文化クラブ） 中央公民館図書室 スポーツ 生涯学習 文化財・歴史 小学
35	大津町	子どもを預ける	https://www.town.ozu.kumamoto.jp/site/kosodate/list24-70.html	子どもを預ける - あつまれ！大津っ子 - 大津町ホームページ ページの先頭です。 メニューを飛ばして本文へ Ozu pick up メニュー ページ先頭に戻る 検索 大津町公式ホームページ Foreign language 文字サイズ・背景色変更 文字サイズ 標準 拡大 背景色変更 白 黒 青 閉じる ページ保存 大津町公式ホームページ Googleカスタム検索 検索対象 すべて ページ PDF ＜外部リンク＞ 現在地 ホーム > あつまれ！大津っ子 > 目的でさがす > 子どもを預ける 本文 子どもを預ける 2026年6月1日更新 大津町内保育園・認定こども園等一覧 2026年4月1日更新 こども誰でも通園制度 2026年4月1
35	大津町	手当・助成	https://www.town.ozu.kumamoto.jp/site/kosodate/list24-72.html	手当・助成 - あつまれ！大津っ子 - 大津町ホームページ ページの先頭です。 メニューを飛ばして本文へ Ozu pick up メニュー ページ先頭に戻る 検索 大津町公式ホームページ Foreign language 文字サイズ・背景色変更 文字サイズ 標準 拡大 背景色変更 白 黒 青 閉じる ページ保存 大津町公式ホームページ Googleカスタム検索 検索対象 すべて ページ PDF ＜外部リンク＞ 現在地 ホーム > あつまれ！大津っ子 > 目的でさがす > 手当・助成 本文 手当・助成 2026年6月25日更新 おおづまち子育てハンドブック 2026年5月1日更新 就学援助 2026年5月1日更新 英語検定受験料の一部
35	大津町	0歳	https://www.town.ozu.kumamoto.jp/site/kosodate/list25-166.html	0歳 - あつまれ！大津っ子 - 大津町ホームページ ページの先頭です。 メニューを飛ばして本文へ Ozu pick up メニュー ページ先頭に戻る 検索 大津町公式ホームページ Foreign language 文字サイズ・背景色変更 文字サイズ 標準 拡大 背景色変更 白 黒 青 閉じる ページ保存 大津町公式ホームページ Googleカスタム検索 検索対象 すべて ページ PDF ＜外部リンク＞ 現在地 ホーム > あつまれ！大津っ子 > 年齢でさがす > 0歳 本文 0歳 2026年6月25日更新 あいあい（子育てイベント情報チラシ） 2026年6月25日更新 おおづまち子育てハンドブック 2026年4月27日更新 新生児
35	大津町	1歳から2歳	https://www.town.ozu.kumamoto.jp/site/kosodate/list25-77.html	1歳から2歳 - あつまれ！大津っ子 - 大津町ホームページ ページの先頭です。 メニューを飛ばして本文へ Ozu pick up メニュー ページ先頭に戻る 検索 大津町公式ホームページ Foreign language 文字サイズ・背景色変更 文字サイズ 標準 拡大 背景色変更 白 黒 青 閉じる ページ保存 大津町公式ホームページ Googleカスタム検索 検索対象 すべて ページ PDF ＜外部リンク＞ 現在地 ホーム > あつまれ！大津っ子 > 年齢でさがす > 1歳から2歳 本文 1歳から2歳 2026年6月25日更新 あいあい（子育てイベント情報チラシ） 2026年6月25日更新 おおづまち子育てハンドブック 2026
35	大津町	3歳から5歳	https://www.town.ozu.kumamoto.jp/site/kosodate/list25-78.html	3歳から5歳 - あつまれ！大津っ子 - 大津町ホームページ ページの先頭です。 メニューを飛ばして本文へ Ozu pick up メニュー ページ先頭に戻る 検索 大津町公式ホームページ Foreign language 文字サイズ・背景色変更 文字サイズ 標準 拡大 背景色変更 白 黒 青 閉じる ページ保存 大津町公式ホームページ Googleカスタム検索 検索対象 すべて ページ PDF ＜外部リンク＞ 現在地 ホーム > あつまれ！大津っ子 > 年齢でさがす > 3歳から5歳 本文 3歳から5歳 2026年6月25日更新 あいあい（子育てイベント情報チラシ） 2026年6月25日更新 おおづまち子育てハンドブック 2026
35	大津町	小・中学生	https://www.town.ozu.kumamoto.jp/site/kosodate/list25-79.html	小・中学生 - あつまれ！大津っ子 - 大津町ホームページ ページの先頭です。 メニューを飛ばして本文へ Ozu pick up メニュー ページ先頭に戻る 検索 大津町公式ホームページ Foreign language 文字サイズ・背景色変更 文字サイズ 標準 拡大 背景色変更 白 黒 青 閉じる ページ保存 大津町公式ホームページ Googleカスタム検索 検索対象 すべて ページ PDF ＜外部リンク＞ 現在地 ホーム > あつまれ！大津っ子 > 年齢でさがす > 小・中学生 本文 小・中学生 2026年6月25日更新 おおづまち子育てハンドブック 2026年5月1日更新 就学援助 2026年5月1日更新 英語検定受験料の一部
35	大津町	高校生	https://www.town.ozu.kumamoto.jp/site/kosodate/list25-80.html	高校生 - あつまれ！大津っ子 - 大津町ホームページ ページの先頭です。 メニューを飛ばして本文へ Ozu pick up メニュー ページ先頭に戻る 検索 大津町公式ホームページ Foreign language 文字サイズ・背景色変更 文字サイズ 標準 拡大 背景色変更 白 黒 青 閉じる ページ保存 大津町公式ホームページ Googleカスタム検索 検索対象 すべて ページ PDF ＜外部リンク＞ 現在地 ホーム > あつまれ！大津っ子 > 年齢でさがす > 高校生 本文 高校生 2025年11月5日更新 子育て支援短期利用支援事業（ショートステイ・トワイライトステイ） 2025年5月20日更新 児童手当 2025年4月1日
30	大津町	令和8年7月の給食献立カレンダー	https://www.town.ozu.kumamoto.jp/site/kosodate/26284.html	令和8年7月の給食献立カレンダー - あつまれ！大津っ子 - 大津町ホームページ（学校給食センター） ページの先頭です。 メニューを飛ばして本文へ Ozu pick up メニュー ページ先頭に戻る 検索 大津町公式ホームページ Foreign language 文字サイズ・背景色変更 文字サイズ 標準 拡大 背景色変更 白 黒 青 閉じる ページ保存 大津町公式ホームページ Googleカスタム検索 検索対象 すべて ページ PDF ＜外部リンク＞ 現在地 ホーム > あつまれ！大津っ子 > 令和8年7月の給食献立カレンダー 本文 令和8年7月の給食献立カレンダー ページID：0026284 更新日：2026年7月1日更新 印刷ペ
30	大津町	大津町中小企業省力化機器等導入支援補助金のご案内	https://www.town.ozu.kumamoto.jp/page/24589.html	大津町中小企業省力化機器等導入支援補助金のご案内 - 大津町ホームページ（商業観光課） ページの先頭です。 メニューを飛ばして本文へ Ozu pick up メニュー Top 検索 ホームへ 本文へ Foreign language 閲覧補助 文字サイズ 標準 拡大 背景色変更 白 黒 青 閉じる お気に入り 防災 情報 くらし・ 手続き 子育て・ 教育 健康・福祉 しごと・ 産業 町政 もっとさがす もっと 知りたい情報をさがす キーワードでさがす Googleカスタム検索 検索対象 すべて ページ PDF ページID検索 ページID 検索とは？ 注目ワード 大津町運動公園 昭和園 ＜外部リンク＞ 広報おおづ 空港ライナー ＜外部
30	大津町	母子手帳アプリ「大津町おやこ手帳 からいもっ子」の運用を始めました	https://www.town.ozu.kumamoto.jp/site/kosodate/25580.html	母子手帳アプリ「大津町おやこ手帳 からいもっ子」の運用を始めました - あつまれ！大津っ子 - 大津町ホームページ（健康保険課） ページの先頭です。 メニューを飛ばして本文へ Ozu pick up メニュー ページ先頭に戻る 検索 大津町公式ホームページ Foreign language 文字サイズ・背景色変更 文字サイズ 標準 拡大 背景色変更 白 黒 青 閉じる ページ保存 大津町公式ホームページ Googleカスタム検索 検索対象 すべて ページ PDF ＜外部リンク＞ 現在地 ホーム > 分類でさがす > 子育て・教育 > 子ども > 妊娠・出産・産後 > あつまれ！大津っ子 > 母子手帳アプリ「大津町おやこ手帳 からいも
30	大津町	子どもの救急	https://www.town.ozu.kumamoto.jp/site/kosodate/13377.html	子どもの救急 - あつまれ！大津っ子 - 大津町ホームページ（健康保険課） ページの先頭です。 メニューを飛ばして本文へ Ozu pick up メニュー ページ先頭に戻る 検索 大津町公式ホームページ Foreign language 文字サイズ・背景色変更 文字サイズ 標準 拡大 背景色変更 白 黒 青 閉じる ページ保存 大津町公式ホームページ Googleカスタム検索 検索対象 すべて ページ PDF ＜外部リンク＞ 現在地 ホーム > 分類でさがす > 子育て・教育 > 子ども > 子どもの健康・健診 > あつまれ！大津っ子 > 子どもの救急 本文 子どもの救急 ページID：0013377 更新日：2024年5月21日更新
30	大津町	あいあい（子育てイベント情報チラシ）	https://www.town.ozu.kumamoto.jp/site/kosodate/18389.html	あいあい（子育てイベント情報チラシ） - あつまれ！大津っ子 - 大津町ホームページ（子育て支援課） ページの先頭です。 メニューを飛ばして本文へ Ozu pick up メニュー ページ先頭に戻る 検索 大津町公式ホームページ Foreign language 文字サイズ・背景色変更 文字サイズ 標準 拡大 背景色変更 白 黒 青 閉じる ページ保存 大津町公式ホームページ Googleカスタム検索 検索対象 すべて ページ PDF ＜外部リンク＞ 現在地 ホーム > あつまれ！大津っ子 > あいあい（子育てイベント情報チラシ） 本文 あいあい（子育てイベント情報チラシ） ページID：0018389 更新日：2026年6月25日更
30	大津町	おおづまち子育てハンドブック	https://www.town.ozu.kumamoto.jp/site/kosodate/12057.html	おおづまち子育てハンドブック - あつまれ！大津っ子 - 大津町ホームページ（子育て支援課） ページの先頭です。 メニューを飛ばして本文へ Ozu pick up メニュー ページ先頭に戻る 検索 大津町公式ホームページ Foreign language 文字サイズ・背景色変更 文字サイズ 標準 拡大 背景色変更 白 黒 青 閉じる ページ保存 大津町公式ホームページ Googleカスタム検索 検索対象 すべて ページ PDF ＜外部リンク＞ 現在地 ホーム > 分類でさがす > 子育て・教育 > 子ども > 子育て支援・相談 > あつまれ！大津っ子 > おおづまち子育てハンドブック 本文 おおづまち子育てハンドブック ページID：
30	大津町	罹災証明書の発行	https://www.town.ozu.kumamoto.jp/page/2564.html	罹災証明書の発行 - 大津町ホームページ（防災交通課） ページの先頭です。 メニューを飛ばして本文へ Ozu pick up メニュー Top 検索 ホームへ 本文へ Foreign language 閲覧補助 文字サイズ 標準 拡大 背景色変更 白 黒 青 閉じる お気に入り 防災 情報 くらし・ 手続き 子育て・ 教育 健康・福祉 しごと・ 産業 町政 もっとさがす もっと 知りたい情報をさがす キーワードでさがす Googleカスタム検索 検索対象 すべて ページ PDF ページID検索 ページID 検索とは？ 注目ワード 大津町運動公園 昭和園 ＜外部リンク＞ 広報おおづ 空港ライナー ＜外部リンク＞ ごみ収集 保育園 ライ
29	大津町	ひとり親支援	https://www.town.ozu.kumamoto.jp/site/kosodate/list24-74.html	ひとり親支援 - あつまれ！大津っ子 - 大津町ホームページ ページの先頭です。 メニューを飛ばして本文へ Ozu pick up メニュー ページ先頭に戻る 検索 大津町公式ホームページ Foreign language 文字サイズ・背景色変更 文字サイズ 標準 拡大 背景色変更 白 黒 青 閉じる ページ保存 大津町公式ホームページ Googleカスタム検索 検索対象 すべて ページ PDF ＜外部リンク＞ 現在地 ホーム > あつまれ！大津っ子 > 目的でさがす > ひとり親支援 本文 ひとり親支援 2024年6月20日更新 大津町ひとり親家庭等医療費助成の内容が変わります（現物給付方式を導入） 2024年3月26日更新 ひと
29	大津町	生まれる前	https://www.town.ozu.kumamoto.jp/site/kosodate/list25-76.html	生まれる前 - あつまれ！大津っ子 - 大津町ホームページ ページの先頭です。 メニューを飛ばして本文へ Ozu pick up メニュー ページ先頭に戻る 検索 大津町公式ホームページ Foreign language 文字サイズ・背景色変更 文字サイズ 標準 拡大 背景色変更 白 黒 青 閉じる ページ保存 大津町公式ホームページ Googleカスタム検索 検索対象 すべて ページ PDF ＜外部リンク＞ 現在地 ホーム > あつまれ！大津っ子 > 年齢でさがす > 生まれる前 本文 生まれる前 2026年6月25日更新 おおづまち子育てハンドブック 2026年4月27日更新 新生児聴覚検査費助成事業 2026年3月16日更新
28	大津町	国民健康保険	https://www.town.ozu.kumamoto.jp/life/1/3/13/	国民健康保険 - 大津町ホームページ ページの先頭です。 メニューを飛ばして本文へ Ozu pick up メニュー Top 検索 ホームへ 本文へ Foreign language 閲覧補助 文字サイズ 標準 拡大 背景色変更 白 黒 青 閉じる お気に入り 防災 情報 くらし・ 手続き 子育て・ 教育 健康・福祉 しごと・ 産業 町政 もっとさがす もっと 知りたい情報をさがす キーワードでさがす Googleカスタム検索 検索対象 すべて ページ PDF ページID検索 ページID 検索とは？ 注目ワード 大津町運動公園 昭和園 ＜外部リンク＞ 広報おおづ 空港ライナー ＜外部リンク＞ ごみ収集 保育園 ライフイベントからさが
26	大津町	下水道	https://www.town.ozu.kumamoto.jp/life/1/6/27/	下水道 - 大津町ホームページ ページの先頭です。 メニューを飛ばして本文へ Ozu pick up メニュー Top 検索 ホームへ 本文へ Foreign language 閲覧補助 文字サイズ 標準 拡大 背景色変更 白 黒 青 閉じる お気に入り 防災 情報 くらし・ 手続き 子育て・ 教育 健康・福祉 しごと・ 産業 町政 もっとさがす もっと 知りたい情報をさがす キーワードでさがす Googleカスタム検索 検索対象 すべて ページ PDF ページID検索 ページID 検索とは？ 注目ワード 大津町運動公園 昭和園 ＜外部リンク＞ 広報おおづ 空港ライナー ＜外部リンク＞ ごみ収集 保育園 ライフイベントからさがす 出
25	大津町	妊娠・出産	https://www.town.ozu.kumamoto.jp/site/kosodate/list24-167.html	妊娠・出産 - あつまれ！大津っ子 - 大津町ホームページ ページの先頭です。 メニューを飛ばして本文へ Ozu pick up メニュー ページ先頭に戻る 検索 大津町公式ホームページ Foreign language 文字サイズ・背景色変更 文字サイズ 標準 拡大 背景色変更 白 黒 青 閉じる ページ保存 大津町公式ホームページ Googleカスタム検索 検索対象 すべて ページ PDF ＜外部リンク＞ 現在地 ホーム > あつまれ！大津っ子 > 目的でさがす > 妊娠・出産 本文 妊娠・出産 2026年6月25日更新 おおづまち子育てハンドブック 2025年9月22日更新 令和８年度 大津町産後ケア事業のお知らせ 2025年
25	大津町	健康・健診・予防接種	https://www.town.ozu.kumamoto.jp/site/kosodate/list24-71.html	健康・健診・予防接種 - あつまれ！大津っ子 - 大津町ホームページ ページの先頭です。 メニューを飛ばして本文へ Ozu pick up メニュー ページ先頭に戻る 検索 大津町公式ホームページ Foreign language 文字サイズ・背景色変更 文字サイズ 標準 拡大 背景色変更 白 黒 青 閉じる ページ保存 大津町公式ホームページ Googleカスタム検索 検索対象 すべて ページ PDF ＜外部リンク＞ 現在地 ホーム > あつまれ！大津っ子 > 目的でさがす > 健康・健診・予防接種 本文 健康・健診・予防接種 2026年4月27日更新 新生児聴覚検査費助成事業 2026年4月1日更新 母子手帳アプリ「大津町おやこ
25	大津町	発達支援	https://www.town.ozu.kumamoto.jp/site/kosodate/list24-73.html	発達支援 - あつまれ！大津っ子 - 大津町ホームページ ページの先頭です。 メニューを飛ばして本文へ Ozu pick up メニュー ページ先頭に戻る 検索 大津町公式ホームページ Foreign language 文字サイズ・背景色変更 文字サイズ 標準 拡大 背景色変更 白 黒 青 閉じる ページ保存 大津町公式ホームページ Googleカスタム検索 検索対象 すべて ページ PDF ＜外部リンク＞ 現在地 ホーム > あつまれ！大津っ子 > 目的でさがす > 発達支援 本文 発達支援 2025年4月1日更新 特別支援教育 2025年4月1日更新 特別障害者手当等 2024年9月20日更新 相談窓口一覧 2024年2月1日更
25	大津町	（第二よろこび保育園）7月の園庭開放	https://www.town.ozu.kumamoto.jp/site/kosodate/26060.html	（第二よろこび保育園）7月の園庭開放 - あつまれ！大津っ子 - 大津町ホームページ（子育て支援課） ページの先頭です。 メニューを飛ばして本文へ Ozu pick up メニュー ページ先頭に戻る 検索 大津町公式ホームページ Foreign language 文字サイズ・背景色変更 文字サイズ 標準 拡大 背景色変更 白 黒 青 閉じる ページ保存 大津町公式ホームページ Googleカスタム検索 検索対象 すべて ページ PDF ＜外部リンク＞ 現在地 ホーム > 分類でさがす > 子育て・教育 > 子ども > 子育てイベント > あつまれ！大津っ子 > （第二よろこび保育園）7月の園庭開放 本文 （第二よろこび保育園）7月の
25	大津町	（白川サークル）7月の園庭開放	https://www.town.ozu.kumamoto.jp/site/kosodate/26058.html	（白川サークル）7月の園庭開放 - あつまれ！大津っ子 - 大津町ホームページ（子育て支援課） ページの先頭です。 メニューを飛ばして本文へ Ozu pick up メニュー ページ先頭に戻る 検索 大津町公式ホームページ Foreign language 文字サイズ・背景色変更 文字サイズ 標準 拡大 背景色変更 白 黒 青 閉じる ページ保存 大津町公式ホームページ Googleカスタム検索 検索対象 すべて ページ PDF ＜外部リンク＞ 現在地 ホーム > 分類でさがす > 子育て・教育 > 子ども > 子育てイベント > あつまれ！大津っ子 > （白川サークル）7月の園庭開放 本文 （白川サークル）7月の園庭開放 ページI
25	大津町	（はとぽっぽクラブ）英語で遊ぼう	https://www.town.ozu.kumamoto.jp/site/kosodate/26057.html	（はとぽっぽクラブ）英語で遊ぼう - あつまれ！大津っ子 - 大津町ホームページ（子育て支援課） ページの先頭です。 メニューを飛ばして本文へ Ozu pick up メニュー ページ先頭に戻る 検索 大津町公式ホームページ Foreign language 文字サイズ・背景色変更 文字サイズ 標準 拡大 背景色変更 白 黒 青 閉じる ページ保存 大津町公式ホームページ Googleカスタム検索 検索対象 すべて ページ PDF ＜外部リンク＞ 現在地 ホーム > 分類でさがす > 子育て・教育 > 子ども > 子育てイベント > あつまれ！大津っ子 > （はとぽっぽクラブ）英語で遊ぼう 本文 （はとぽっぽクラブ）英語で遊ぼう ペ
25	大津町	健康福祉部	https://www.town.ozu.kumamoto.jp/soshiki/4.html	健康福祉部 - 大津町ホームページ ページの先頭です。 メニューを飛ばして本文へ Ozu pick up メニュー Top 検索 ホームへ 本文へ Foreign language 閲覧補助 文字サイズ 標準 拡大 背景色変更 白 黒 青 閉じる お気に入り 防災 情報 くらし・ 手続き 子育て・ 教育 健康・福祉 しごと・ 産業 町政 もっとさがす もっと 知りたい情報をさがす キーワードでさがす Googleカスタム検索 検索対象 すべて ページ PDF ページID検索 ページID 検索とは？ 注目ワード 大津町運動公園 昭和園 ＜外部リンク＞ 広報おおづ 空港ライナー ＜外部リンク＞ ごみ収集 保育園 ライフイベントからさがす
24	大津町	環境・ごみ・動物	https://www.town.ozu.kumamoto.jp/life/1/4/	環境・ごみ・動物 - 大津町ホームページ ページの先頭です。 メニューを飛ばして本文へ Ozu pick up メニュー Top 検索 ホームへ 本文へ Foreign language 閲覧補助 文字サイズ 標準 拡大 背景色変更 白 黒 青 閉じる お気に入り 防災 情報 くらし・ 手続き 子育て・ 教育 健康・福祉 しごと・ 産業 町政 もっとさがす もっと 知りたい情報をさがす キーワードでさがす Googleカスタム検索 検索対象 すべて ページ PDF ページID検索 ページID 検索とは？ 注目ワード 大津町運動公園 昭和園 ＜外部リンク＞ 広報おおづ 空港ライナー ＜外部リンク＞ ごみ収集 保育園 ライフイベントから
24	大津町	動物・ペット・衛生	https://www.town.ozu.kumamoto.jp/life/1/4/20/	動物・ペット・衛生 - 大津町ホームページ ページの先頭です。 メニューを飛ばして本文へ Ozu pick up メニュー Top 検索 ホームへ 本文へ Foreign language 閲覧補助 文字サイズ 標準 拡大 背景色変更 白 黒 青 閉じる お気に入り 防災 情報 くらし・ 手続き 子育て・ 教育 健康・福祉 しごと・ 産業 町政 もっとさがす もっと 知りたい情報をさがす キーワードでさがす Googleカスタム検索 検索対象 すべて ページ PDF ページID検索 ページID 検索とは？ 注目ワード 大津町運動公園 昭和園 ＜外部リンク＞ 広報おおづ 空港ライナー ＜外部リンク＞ ごみ収集 保育園 ライフイベントか
23	大津町		https://www.town.ozu.kumamoto.jp/site/kosodate/	あつまれ！大津っ子 - 大津町ホームページ ページの先頭です。 メニューを飛ばして本文へ Ozu pick up メニュー ページ先頭に戻る 検索 大津町公式ホームページ Foreign language 文字サイズ・背景色変更 文字サイズ 標準 拡大 背景色変更 白 黒 青 閉じる ページ保存 Googleカスタム検索 検索対象 すべて ページ PDF 目的でさがす 年齢でさがす イベント 給食 ＜外部リンク＞ 本文 大津で子どもと行くならココ！ 詳しく見る 目的でさがす 妊娠・出産 健康・健診・予防接種 子どもを預ける 手当・助成 教育・学校 発達支援 ひとり親支援 相談・その他支援 年齢でさがす 生まれる前 0歳 1歳から2歳
23	大津町	保育	https://www.town.ozu.kumamoto.jp/life/2/10/44/	保育 - 大津町ホームページ ページの先頭です。 メニューを飛ばして本文へ Ozu pick up メニュー Top 検索 ホームへ 本文へ Foreign language 閲覧補助 文字サイズ 標準 拡大 背景色変更 白 黒 青 閉じる お気に入り 防災 情報 くらし・ 手続き 子育て・ 教育 健康・福祉 しごと・ 産業 町政 もっとさがす もっと 知りたい情報をさがす キーワードでさがす Googleカスタム検索 検索対象 すべて ページ PDF ページID検索 ページID 検索とは？ 注目ワード 大津町運動公園 昭和園 ＜外部リンク＞ 広報おおづ 空港ライナー ＜外部リンク＞ ごみ収集 保育園 ライフイベントからさがす 出産
23	大津町	妊娠・出産・産後	https://www.town.ozu.kumamoto.jp/life/2/10/40/	妊娠・出産・産後 - 大津町ホームページ ページの先頭です。 メニューを飛ばして本文へ Ozu pick up メニュー Top 検索 ホームへ 本文へ Foreign language 閲覧補助 文字サイズ 標準 拡大 背景色変更 白 黒 青 閉じる お気に入り 防災 情報 くらし・ 手続き 子育て・ 教育 健康・福祉 しごと・ 産業 町政 もっとさがす もっと 知りたい情報をさがす キーワードでさがす Googleカスタム検索 検索対象 すべて ページ PDF ページID検索 ページID 検索とは？ 注目ワード 大津町運動公園 昭和園 ＜外部リンク＞ 広報おおづ 空港ライナー ＜外部リンク＞ ごみ収集 保育園 ライフイベントから
23	大津町	補助金・助成金	https://www.town.ozu.kumamoto.jp/life/sub/5/	補助金・助成金 - 大津町ホームページ ページの先頭です。 メニューを飛ばして本文へ Ozu pick up メニュー Top 検索 ホームへ 本文へ Foreign language 閲覧補助 文字サイズ 標準 拡大 背景色変更 白 黒 青 閉じる お気に入り 防災 情報 くらし・ 手続き 子育て・ 教育 健康・福祉 しごと・ 産業 町政 もっとさがす もっと 知りたい情報をさがす キーワードでさがす Googleカスタム検索 検索対象 すべて ページ PDF ページID検索 ページID 検索とは？ 注目ワード 大津町運動公園 昭和園 ＜外部リンク＞ 広報おおづ 空港ライナー ＜外部リンク＞ ごみ収集 保育園 ライフイベントからさ
23	大津町	保険・年金	https://www.town.ozu.kumamoto.jp/life/1/3/	保険・年金 - 大津町ホームページ ページの先頭です。 メニューを飛ばして本文へ Ozu pick up メニュー Top 検索 ホームへ 本文へ Foreign language 閲覧補助 文字サイズ 標準 拡大 背景色変更 白 黒 青 閉じる お気に入り 防災 情報 くらし・ 手続き 子育て・ 教育 健康・福祉 しごと・ 産業 町政 もっとさがす もっと 知りたい情報をさがす キーワードでさがす Googleカスタム検索 検索対象 すべて ページ PDF ページID検索 ページID 検索とは？ 注目ワード 大津町運動公園 昭和園 ＜外部リンク＞ 広報おおづ 空港ライナー ＜外部リンク＞ ごみ収集 保育園 ライフイベントからさがす
23	大津町	子ども	https://www.town.ozu.kumamoto.jp/life/2/10/	子ども - 大津町ホームページ ページの先頭です。 メニューを飛ばして本文へ Ozu pick up メニュー Top 検索 ホームへ 本文へ Foreign language 閲覧補助 文字サイズ 標準 拡大 背景色変更 白 黒 青 閉じる お気に入り 防災 情報 くらし・ 手続き 子育て・ 教育 健康・福祉 しごと・ 産業 町政 もっとさがす もっと 知りたい情報をさがす キーワードでさがす Googleカスタム検索 検索対象 すべて ページ PDF ページID検索 ページID 検索とは？ 注目ワード 大津町運動公園 昭和園 ＜外部リンク＞ 広報おおづ 空港ライナー ＜外部リンク＞ ごみ収集 保育園 ライフイベントからさがす 出
23	大津町	社会福祉	https://www.town.ozu.kumamoto.jp/life/3/15/	社会福祉 - 大津町ホームページ ページの先頭です。 メニューを飛ばして本文へ Ozu pick up メニュー Top 検索 ホームへ 本文へ Foreign language 閲覧補助 文字サイズ 標準 拡大 背景色変更 白 黒 青 閉じる お気に入り 防災 情報 くらし・ 手続き 子育て・ 教育 健康・福祉 しごと・ 産業 町政 もっとさがす もっと 知りたい情報をさがす キーワードでさがす Googleカスタム検索 検索対象 すべて ページ PDF ページID検索 ページID 検索とは？ 注目ワード 大津町運動公園 昭和園 ＜外部リンク＞ 広報おおづ 空港ライナー ＜外部リンク＞ ごみ収集 保育園 ライフイベントからさがす
23	大津町	障がい福祉	https://www.town.ozu.kumamoto.jp/life/3/17/	障がい福祉 - 大津町ホームページ ページの先頭です。 メニューを飛ばして本文へ Ozu pick up メニュー Top 検索 ホームへ 本文へ Foreign language 閲覧補助 文字サイズ 標準 拡大 背景色変更 白 黒 青 閉じる お気に入り 防災 情報 くらし・ 手続き 子育て・ 教育 健康・福祉 しごと・ 産業 町政 もっとさがす もっと 知りたい情報をさがす キーワードでさがす Googleカスタム検索 検索対象 すべて ページ PDF ページID検索 ページID 検索とは？ 注目ワード 大津町運動公園 昭和園 ＜外部リンク＞ 広報おおづ 空港ライナー ＜外部リンク＞ ごみ収集 保育園 ライフイベントからさがす
23	大津町	産業振興	https://www.town.ozu.kumamoto.jp/life/4/19/	産業振興 - 大津町ホームページ ページの先頭です。 メニューを飛ばして本文へ Ozu pick up メニュー Top 検索 ホームへ 本文へ Foreign language 閲覧補助 文字サイズ 標準 拡大 背景色変更 白 黒 青 閉じる お気に入り 防災 情報 くらし・ 手続き 子育て・ 教育 健康・福祉 しごと・ 産業 町政 もっとさがす もっと 知りたい情報をさがす キーワードでさがす Googleカスタム検索 検索対象 すべて ページ PDF ページID検索 ページID 検索とは？ 注目ワード 大津町運動公園 昭和園 ＜外部リンク＞ 広報おおづ 空港ライナー ＜外部リンク＞ ごみ収集 保育園 ライフイベントからさがす
23	大津町	まちづくり	https://www.town.ozu.kumamoto.jp/life/5/24/	まちづくり - 大津町ホームページ ページの先頭です。 メニューを飛ばして本文へ Ozu pick up メニュー Top 検索 ホームへ 本文へ Foreign language 閲覧補助 文字サイズ 標準 拡大 背景色変更 白 黒 青 閉じる お気に入り 防災 情報 くらし・ 手続き 子育て・ 教育 健康・福祉 しごと・ 産業 町政 もっとさがす もっと 知りたい情報をさがす キーワードでさがす Googleカスタム検索 検索対象 すべて ページ PDF ページID検索 ページID 検索とは？ 注目ワード 大津町運動公園 昭和園 ＜外部リンク＞ 広報おおづ 空港ライナー ＜外部リンク＞ ごみ収集 保育園 ライフイベントからさがす
23	大津町	後期高齢者医療	https://www.town.ozu.kumamoto.jp/life/1/3/14/	後期高齢者医療 - 大津町ホームページ ページの先頭です。 メニューを飛ばして本文へ Ozu pick up メニュー Top 検索 ホームへ 本文へ Foreign language 閲覧補助 文字サイズ 標準 拡大 背景色変更 白 黒 青 閉じる お気に入り 防災 情報 くらし・ 手続き 子育て・ 教育 健康・福祉 しごと・ 産業 町政 もっとさがす もっと 知りたい情報をさがす キーワードでさがす Googleカスタム検索 検索対象 すべて ページ PDF ページID検索 ページID 検索とは？ 注目ワード 大津町運動公園 昭和園 ＜外部リンク＞ 広報おおづ 空港ライナー ＜外部リンク＞ ごみ収集 保育園 ライフイベントからさ
23	大津町	助成	https://www.town.ozu.kumamoto.jp/life/2/9/38/	助成 - 大津町ホームページ ページの先頭です。 メニューを飛ばして本文へ Ozu pick up メニュー Top 検索 ホームへ 本文へ Foreign language 閲覧補助 文字サイズ 標準 拡大 背景色変更 白 黒 青 閉じる お気に入り 防災 情報 くらし・ 手続き 子育て・ 教育 健康・福祉 しごと・ 産業 町政 もっとさがす もっと 知りたい情報をさがす キーワードでさがす Googleカスタム検索 検索対象 すべて ページ PDF ページID検索 ページID 検索とは？ 注目ワード 大津町運動公園 昭和園 ＜外部リンク＞ 広報おおづ 空港ライナー ＜外部リンク＞ ごみ収集 保育園 ライフイベントからさがす 出産
23	大津町	手当・助成	https://www.town.ozu.kumamoto.jp/life/2/10/43/	手当・助成 - 大津町ホームページ ページの先頭です。 メニューを飛ばして本文へ Ozu pick up メニュー Top 検索 ホームへ 本文へ Foreign language 閲覧補助 文字サイズ 標準 拡大 背景色変更 白 黒 青 閉じる お気に入り 防災 情報 くらし・ 手続き 子育て・ 教育 健康・福祉 しごと・ 産業 町政 もっとさがす もっと 知りたい情報をさがす キーワードでさがす Googleカスタム検索 検索対象 すべて ページ PDF ページID検索 ページID 検索とは？ 注目ワード 大津町運動公園 昭和園 ＜外部リンク＞ 広報おおづ 空港ライナー ＜外部リンク＞ ごみ収集 保育園 ライフイベントからさがす
23	大津町	手当・給付金	https://www.town.ozu.kumamoto.jp/life/3/15/64/	手当・給付金 - 大津町ホームページ ページの先頭です。 メニューを飛ばして本文へ Ozu pick up メニュー Top 検索 ホームへ 本文へ Foreign language 閲覧補助 文字サイズ 標準 拡大 背景色変更 白 黒 青 閉じる お気に入り 防災 情報 くらし・ 手続き 子育て・ 教育 健康・福祉 しごと・ 産業 町政 もっとさがす もっと 知りたい情報をさがす キーワードでさがす Googleカスタム検索 検索対象 すべて ページ PDF ページID検索 ページID 検索とは？ 注目ワード 大津町運動公園 昭和園 ＜外部リンク＞ 広報おおづ 空港ライナー ＜外部リンク＞ ごみ収集 保育園 ライフイベントからさが
23	大津町	医療費助成（重心障がい者）	https://www.town.ozu.kumamoto.jp/life/3/17/74/	医療費助成（重心障がい者） - 大津町ホームページ ページの先頭です。 メニューを飛ばして本文へ Ozu pick up メニュー Top 検索 ホームへ 本文へ Foreign language 閲覧補助 文字サイズ 標準 拡大 背景色変更 白 黒 青 閉じる お気に入り 防災 情報 くらし・ 手続き 子育て・ 教育 健康・福祉 しごと・ 産業 町政 もっとさがす もっと 知りたい情報をさがす キーワードでさがす Googleカスタム検索 検索対象 すべて ページ PDF ページID検索 ページID 検索とは？ 注目ワード 大津町運動公園 昭和園 ＜外部リンク＞ 広報おおづ 空港ライナー ＜外部リンク＞ ごみ収集 保育園 ライフイ
23	大津町	商工業	https://www.town.ozu.kumamoto.jp/life/4/19/79/	商工業 - 大津町ホームページ ページの先頭です。 メニューを飛ばして本文へ Ozu pick up メニュー Top 検索 ホームへ 本文へ Foreign language 閲覧補助 文字サイズ 標準 拡大 背景色変更 白 黒 青 閉じる お気に入り 防災 情報 くらし・ 手続き 子育て・ 教育 健康・福祉 しごと・ 産業 町政 もっとさがす もっと 知りたい情報をさがす キーワードでさがす Googleカスタム検索 検索対象 すべて ページ PDF ページID検索 ページID 検索とは？ 注目ワード 大津町運動公園 昭和園 ＜外部リンク＞ 広報おおづ 空港ライナー ＜外部リンク＞ ごみ収集 保育園 ライフイベントからさがす 出
23	大津町	融資・補助・助成	https://www.town.ozu.kumamoto.jp/life/4/19/83/	融資・補助・助成 - 大津町ホームページ ページの先頭です。 メニューを飛ばして本文へ Ozu pick up メニュー Top 検索 ホームへ 本文へ Foreign language 閲覧補助 文字サイズ 標準 拡大 背景色変更 白 黒 青 閉じる お気に入り 防災 情報 くらし・ 手続き 子育て・ 教育 健康・福祉 しごと・ 産業 町政 もっとさがす もっと 知りたい情報をさがす キーワードでさがす Googleカスタム検索 検索対象 すべて ページ PDF ページID検索 ページID 検索とは？ 注目ワード 大津町運動公園 昭和園 ＜外部リンク＞ 広報おおづ 空港ライナー ＜外部リンク＞ ごみ収集 保育園 ライフイベントから
23	大津町	地域づくり	https://www.town.ozu.kumamoto.jp/life/5/24/106/	地域づくり - 大津町ホームページ ページの先頭です。 メニューを飛ばして本文へ Ozu pick up メニュー Top 検索 ホームへ 本文へ Foreign language 閲覧補助 文字サイズ 標準 拡大 背景色変更 白 黒 青 閉じる お気に入り 防災 情報 くらし・ 手続き 子育て・ 教育 健康・福祉 しごと・ 産業 町政 もっとさがす もっと 知りたい情報をさがす キーワードでさがす Googleカスタム検索 検索対象 すべて ページ PDF ページID検索 ページID 検索とは？ 注目ワード 大津町運動公園 昭和園 ＜外部リンク＞ 広報おおづ 空港ライナー ＜外部リンク＞ ごみ収集 保育園 ライフイベントからさがす
23	大津町	助成金	https://www.town.ozu.kumamoto.jp/life/5/24/110/	助成金 - 大津町ホームページ ページの先頭です。 メニューを飛ばして本文へ Ozu pick up メニュー Top 検索 ホームへ 本文へ Foreign language 閲覧補助 文字サイズ 標準 拡大 背景色変更 白 黒 青 閉じる お気に入り 防災 情報 くらし・ 手続き 子育て・ 教育 健康・福祉 しごと・ 産業 町政 もっとさがす もっと 知りたい情報をさがす キーワードでさがす Googleカスタム検索 検索対象 すべて ページ PDF ページID検索 ページID 検索とは？ 注目ワード 大津町運動公園 昭和園 ＜外部リンク＞ 広報おおづ 空港ライナー ＜外部リンク＞ ごみ収集 保育園 ライフイベントからさがす 出
23	大津町	教育・学校	https://www.town.ozu.kumamoto.jp/site/kosodate/list24-168.html	教育・学校 - あつまれ！大津っ子 - 大津町ホームページ ページの先頭です。 メニューを飛ばして本文へ Ozu pick up メニュー ページ先頭に戻る 検索 大津町公式ホームページ Foreign language 文字サイズ・背景色変更 文字サイズ 標準 拡大 背景色変更 白 黒 青 閉じる ページ保存 大津町公式ホームページ Googleカスタム検索 検索対象 すべて ページ PDF ＜外部リンク＞ 現在地 ホーム > あつまれ！大津っ子 > 目的でさがす > 教育・学校 本文 教育・学校 2025年8月6日更新 児童生徒・保護者の電話相談窓口 2025年8月6日更新 こどもSOSダイヤル 2025年4月4日更新 「大津町
23	大津町	相談・その他支援	https://www.town.ozu.kumamoto.jp/site/kosodate/list24-75.html	相談・その他支援 - あつまれ！大津っ子 - 大津町ホームページ ページの先頭です。 メニューを飛ばして本文へ Ozu pick up メニュー ページ先頭に戻る 検索 大津町公式ホームページ Foreign language 文字サイズ・背景色変更 文字サイズ 標準 拡大 背景色変更 白 黒 青 閉じる ページ保存 大津町公式ホームページ Googleカスタム検索 検索対象 すべて ページ PDF ＜外部リンク＞ 現在地 ホーム > あつまれ！大津っ子 > 目的でさがす > 相談・その他支援 本文 相談・その他支援 2026年4月20日更新 おおづ子育て応援団事業について 2026年4月20日更新 おおづ子育て応援団店舗一覧 20
23	大津町		https://www.town.ozu.kumamoto.jp/site/kosodate/index-2.html	あつまれ！大津っ子 - 大津町ホームページ ページの先頭です。 メニューを飛ばして本文へ Ozu pick up メニュー ページ先頭に戻る 検索 大津町公式ホームページ Foreign language 文字サイズ・背景色変更 文字サイズ 標準 拡大 背景色変更 白 黒 青 閉じる ページ保存 Googleカスタム検索 検索対象 すべて ページ PDF 目的でさがす 年齢でさがす イベント 給食 ＜外部リンク＞ 本文 大津で子どもと行くならココ！ 詳しく見る 目的でさがす 妊娠・出産 健康・健診・予防接種 子どもを預ける 手当・助成 教育・学校 発達支援 ひとり親支援 相談・その他支援 年齢でさがす 生まれる前 0歳 1歳から2歳
23	大津町	子育て支援課	https://www.town.ozu.kumamoto.jp/soshiki/13/	子育て支援課 - 大津町ホームページ ページの先頭です。 メニューを飛ばして本文へ Ozu pick up メニュー Top 検索 ホームへ 本文へ Foreign language 閲覧補助 文字サイズ 標準 拡大 背景色変更 白 黒 青 閉じる お気に入り 防災 情報 くらし・ 手続き 子育て・ 教育 健康・福祉 しごと・ 産業 町政 もっとさがす もっと 知りたい情報をさがす キーワードでさがす Googleカスタム検索 検索対象 すべて ページ PDF ページID検索 ページID 検索とは？ 注目ワード 大津町運動公園 昭和園 ＜外部リンク＞ 広報おおづ 空港ライナー ＜外部リンク＞ ごみ収集 保育園 ライフイベントからさが
23	大津町	健康保険課	https://www.town.ozu.kumamoto.jp/soshiki/18/	健康保険課 - 大津町ホームページ ページの先頭です。 メニューを飛ばして本文へ Ozu pick up メニュー Top 検索 ホームへ 本文へ Foreign language 閲覧補助 文字サイズ 標準 拡大 背景色変更 白 黒 青 閉じる お気に入り 防災 情報 くらし・ 手続き 子育て・ 教育 健康・福祉 しごと・ 産業 町政 もっとさがす もっと 知りたい情報をさがす キーワードでさがす Googleカスタム検索 検索対象 すべて ページ PDF ページID検索 ページID 検索とは？ 注目ワード 大津町運動公園 昭和園 ＜外部リンク＞ 広報おおづ 空港ライナー ＜外部リンク＞ ごみ収集 保育園 ライフイベントからさがす
22	大津町	防災士資格取得（令和8年熊本県火の国ぼうさい塾）	https://www.town.ozu.kumamoto.jp/page/26357.html	防災士資格取得（令和8年熊本県火の国ぼうさい塾） - 大津町ホームページ（防災交通課） ページの先頭です。 メニューを飛ばして本文へ Ozu pick up メニュー Top 検索 ホームへ 本文へ Foreign language 閲覧補助 文字サイズ 標準 拡大 背景色変更 白 黒 青 閉じる お気に入り 防災 情報 くらし・ 手続き 子育て・ 教育 健康・福祉 しごと・ 産業 町政 もっとさがす もっと 知りたい情報をさがす キーワードでさがす Googleカスタム検索 検索対象 すべて ページ PDF ページID検索 ページID 検索とは？ 注目ワード 大津町運動公園 昭和園 ＜外部リンク＞ 広報おおづ 空港ライナー ＜外部
22	大津町	介護保険	https://www.town.ozu.kumamoto.jp/life/3/16/66/	介護保険 - 大津町ホームページ ページの先頭です。 メニューを飛ばして本文へ Ozu pick up メニュー Top 検索 ホームへ 本文へ Foreign language 閲覧補助 文字サイズ 標準 拡大 背景色変更 白 黒 青 閉じる お気に入り 防災 情報 くらし・ 手続き 子育て・ 教育 健康・福祉 しごと・ 産業 町政 もっとさがす もっと 知りたい情報をさがす キーワードでさがす Googleカスタム検索 検索対象 すべて ページ PDF ページID検索 ページID 検索とは？ 注目ワード 大津町運動公園 昭和園 ＜外部リンク＞ 広報おおづ 空港ライナー ＜外部リンク＞ ごみ収集 保育園 ライフイベントからさがす
22	大津町	大津町くらし重点支援商品券（終了しました）	https://www.town.ozu.kumamoto.jp/page/23775.html	大津町くらし重点支援商品券（終了しました） - 大津町ホームページ（商業観光課） ページの先頭です。 メニューを飛ばして本文へ Ozu pick up メニュー Top 検索 ホームへ 本文へ Foreign language 閲覧補助 文字サイズ 標準 拡大 背景色変更 白 黒 青 閉じる お気に入り 防災 情報 くらし・ 手続き 子育て・ 教育 健康・福祉 しごと・ 産業 町政 もっとさがす もっと 知りたい情報をさがす キーワードでさがす Googleカスタム検索 検索対象 すべて ページ PDF ページID検索 ページID 検索とは？ 注目ワード 大津町運動公園 昭和園 ＜外部リンク＞ 広報おおづ 空港ライナー ＜外部リンク
22	大津町	広報おおづ 2026年7月号	https://www.town.ozu.kumamoto.jp/site/kouhouozu/26079.html	広報おおづ 2026年7月号 - まるごと！広報おおづ - 大津町ホームページ（総合政策課） ページの先頭です。 メニューを飛ばして本文へ Ozu pick up メニュー Top 検索 ホームへ 本文へ Foreign language 閲覧補助 文字サイズ 標準 拡大 背景色変更 白 黒 青 閉じる お気に入り 防災 情報 くらし・ 手続き 子育て・ 教育 健康・福祉 しごと・ 産業 町政 もっとさがす もっと 知りたい情報をさがす キーワードでさがす Googleカスタム検索 検索対象 すべて ページ PDF ページID検索 ページID 検索とは？ 注目ワード 大津町運動公園 昭和園 ＜外部リンク＞ 広報おおづ 空港ライナー
22	大津町	大津町立 陣内幼稚園	https://www.town.ozu.kumamoto.jp/site/kosodate/12969.html	大津町立 陣内幼稚園 - あつまれ！大津っ子 - 大津町ホームページ（陣内幼稚園） ページの先頭です。 メニューを飛ばして本文へ Ozu pick up メニュー ページ先頭に戻る 検索 大津町公式ホームページ Foreign language 文字サイズ・背景色変更 文字サイズ 標準 拡大 背景色変更 白 黒 青 閉じる ページ保存 大津町公式ホームページ Googleカスタム検索 検索対象 すべて ページ PDF ＜外部リンク＞ 現在地 ホーム > 分類でさがす > 子育て・教育 > 学校・教育 > 幼稚園・保育園 > あつまれ！大津っ子 > 大津町立 陣内幼稚園 現在地 ホーム > 分類でさがす > 子育て・教育 > 子ども
21	大津町	しごと・産業	https://www.town.ozu.kumamoto.jp/life/4/	しごと・産業 - 大津町ホームページ ページの先頭です。 メニューを飛ばして本文へ Ozu pick up メニュー Top 検索 ホームへ 本文へ Foreign language 閲覧補助 文字サイズ 標準 拡大 背景色変更 白 黒 青 閉じる お気に入り 防災 情報 くらし・ 手続き 子育て・ 教育 健康・福祉 しごと・ 産業 町政 もっとさがす もっと 知りたい情報をさがす キーワードでさがす Googleカスタム検索 検索対象 すべて ページ PDF ページID検索 ページID 検索とは？ 注目ワード 大津町運動公園 昭和園 ＜外部リンク＞ 広報おおづ 空港ライナー ＜外部リンク＞ ごみ収集 保育園 ライフイベントからさが
21	大津町	学校・教育	https://www.town.ozu.kumamoto.jp/life/2/9/	学校・教育 - 大津町ホームページ ページの先頭です。 メニューを飛ばして本文へ Ozu pick up メニュー Top 検索 ホームへ 本文へ Foreign language 閲覧補助 文字サイズ 標準 拡大 背景色変更 白 黒 青 閉じる お気に入り 防災 情報 くらし・ 手続き 子育て・ 教育 健康・福祉 しごと・ 産業 町政 もっとさがす もっと 知りたい情報をさがす キーワードでさがす Googleカスタム検索 検索対象 すべて ページ PDF ページID検索 ページID 検索とは？ 注目ワード 大津町運動公園 昭和園 ＜外部リンク＞ 広報おおづ 空港ライナー ＜外部リンク＞ ごみ収集 保育園 ライフイベントからさがす
21	大津町	ひとり親	https://www.town.ozu.kumamoto.jp/life/2/10/45/	ひとり親 - 大津町ホームページ ページの先頭です。 メニューを飛ばして本文へ Ozu pick up メニュー Top 検索 ホームへ 本文へ Foreign language 閲覧補助 文字サイズ 標準 拡大 背景色変更 白 黒 青 閉じる お気に入り 防災 情報 くらし・ 手続き 子育て・ 教育 健康・福祉 しごと・ 産業 町政 もっとさがす もっと 知りたい情報をさがす キーワードでさがす Googleカスタム検索 検索対象 すべて ページ PDF ページID検索 ページID 検索とは？ 注目ワード 大津町運動公園 昭和園 ＜外部リンク＞ 広報おおづ 空港ライナー ＜外部リンク＞ ごみ収集 保育園 ライフイベントからさがす
21	大津町	からだの健康	https://www.town.ozu.kumamoto.jp/life/3/14/58/	からだの健康 - 大津町ホームページ ページの先頭です。 メニューを飛ばして本文へ Ozu pick up メニュー Top 検索 ホームへ 本文へ Foreign language 閲覧補助 文字サイズ 標準 拡大 背景色変更 白 黒 青 閉じる お気に入り 防災 情報 くらし・ 手続き 子育て・ 教育 健康・福祉 しごと・ 産業 町政 もっとさがす もっと 知りたい情報をさがす キーワードでさがす Googleカスタム検索 検索対象 すべて ページ PDF ページID検索 ページID 検索とは？ 注目ワード 大津町運動公園 昭和園 ＜外部リンク＞ 広報おおづ 空港ライナー ＜外部リンク＞ ごみ収集 保育園 ライフイベントからさが
21	大津町	しごと・産業	https://www.town.ozu.kumamoto.jp/life/4/index-2.html	しごと・産業 - 大津町ホームページ ページの先頭です。 メニューを飛ばして本文へ Ozu pick up メニュー Top 検索 ホームへ 本文へ Foreign language 閲覧補助 文字サイズ 標準 拡大 背景色変更 白 黒 青 閉じる お気に入り 防災 情報 くらし・ 手続き 子育て・ 教育 健康・福祉 しごと・ 産業 町政 もっとさがす もっと 知りたい情報をさがす キーワードでさがす Googleカスタム検索 検索対象 すべて ページ PDF ページID検索 ページID 検索とは？ 注目ワード 大津町運動公園 昭和園 ＜外部リンク＞ 広報おおづ 空港ライナー ＜外部リンク＞ ごみ収集 保育園 ライフイベントからさが
21	大津町	町民活動・コミュニティ	https://www.town.ozu.kumamoto.jp/life/5/24/116/	町民活動・コミュニティ - 大津町ホームページ ページの先頭です。 メニューを飛ばして本文へ Ozu pick up メニュー Top 検索 ホームへ 本文へ Foreign language 閲覧補助 文字サイズ 標準 拡大 背景色変更 白 黒 青 閉じる お気に入り 防災 情報 くらし・ 手続き 子育て・ 教育 健康・福祉 しごと・ 産業 町政 もっとさがす もっと 知りたい情報をさがす キーワードでさがす Googleカスタム検索 検索対象 すべて ページ PDF ページID検索 ページID 検索とは？ 注目ワード 大津町運動公園 昭和園 ＜外部リンク＞ 広報おおづ 空港ライナー ＜外部リンク＞ ごみ収集 保育園 ライフイベン
21	大津町	介護保険課	https://www.town.ozu.kumamoto.jp/soshiki/17/	介護保険課 - 大津町ホームページ ページの先頭です。 メニューを飛ばして本文へ Ozu pick up メニュー Top 検索 ホームへ 本文へ Foreign language 閲覧補助 文字サイズ 標準 拡大 背景色変更 白 黒 青 閉じる お気に入り 防災 情報 くらし・ 手続き 子育て・ 教育 健康・福祉 しごと・ 産業 町政 もっとさがす もっと 知りたい情報をさがす キーワードでさがす Googleカスタム検索 検索対象 すべて ページ PDF ページID検索 ページID 検索とは？ 注目ワード 大津町運動公園 昭和園 ＜外部リンク＞ 広報おおづ 空港ライナー ＜外部リンク＞ ごみ収集 保育園 ライフイベントからさがす
21	大津町	商業観光課	https://www.town.ozu.kumamoto.jp/soshiki/20/	商業観光課 - 大津町ホームページ ページの先頭です。 メニューを飛ばして本文へ Ozu pick up メニュー Top 検索 ホームへ 本文へ Foreign language 閲覧補助 文字サイズ 標準 拡大 背景色変更 白 黒 青 閉じる お気に入り 防災 情報 くらし・ 手続き 子育て・ 教育 健康・福祉 しごと・ 産業 町政 もっとさがす もっと 知りたい情報をさがす キーワードでさがす Googleカスタム検索 検索対象 すべて ページ PDF ページID検索 ページID 検索とは？ 注目ワード 大津町運動公園 昭和園 ＜外部リンク＞ 広報おおづ 空港ライナー ＜外部リンク＞ ごみ収集 保育園 ライフイベントからさがす
20	大津町	Foreign Language（外国語への対応）	https://www.town.ozu.kumamoto.jp/page/7570.html	Foreign Language（外国語への対応） - 大津町ホームページ（総務課） ページの先頭です。 メニューを飛ばして本文へ Ozu pick up メニュー Top 検索 ホームへ 本文へ Foreign language 閲覧補助 文字サイズ 標準 拡大 背景色変更 白 黒 青 閉じる お気に入り 防災 情報 くらし・ 手続き 子育て・ 教育 健康・福祉 しごと・ 産業 町政 もっとさがす もっと 知りたい情報をさがす キーワードでさがす Googleカスタム検索 検索対象 すべて ページ PDF ページID検索 ページID 検索とは？ 注目ワード 大津町運動公園 昭和園 ＜外部リンク＞ 広報おおづ 空港ライナー ＜外部リ
20	大津町	大津町運動公園（スポーツの森・大津）	https://www.town.ozu.kumamoto.jp/page/1341.html	大津町運動公園（スポーツの森・大津） - 大津町ホームページ（生涯学習課） ページの先頭です。 メニューを飛ばして本文へ Ozu pick up メニュー Top 検索 ホームへ 本文へ Foreign language 閲覧補助 文字サイズ 標準 拡大 背景色変更 白 黒 青 閉じる お気に入り 防災 情報 くらし・ 手続き 子育て・ 教育 健康・福祉 しごと・ 産業 町政 もっとさがす もっと 知りたい情報をさがす キーワードでさがす Googleカスタム検索 検索対象 すべて ページ PDF ページID検索 ページID 検索とは？ 注目ワード 大津町運動公園 昭和園 ＜外部リンク＞ 広報おおづ 空港ライナー ＜外部リンク＞ ご
20	大津町	大津町平成28年熊本地震記録誌	https://www.town.ozu.kumamoto.jp/site/bousai/2565.html	大津町平成28年熊本地震記録誌 - 防災情報 - 大津町ホームページ（防災交通課） ページの先頭です。 メニューを飛ばして本文へ Ozu pick up メニュー Top 検索 ホームへ 本文へ Foreign language 閲覧補助 文字サイズ 標準 拡大 背景色変更 白 黒 青 閉じる お気に入り 防災 情報 くらし・ 手続き 子育て・ 教育 健康・福祉 しごと・ 産業 町政 もっとさがす もっと 知りたい情報をさがす キーワードでさがす Googleカスタム検索 検索対象 すべて ページ PDF ページID検索 ページID 検索とは？ 注目ワード 大津町運動公園 昭和園 ＜外部リンク＞ 広報おおづ 空港ライナー ＜外部リン
20	大津町	パスポートはオンライン申請がオトク！！	https://www.town.ozu.kumamoto.jp/page/18825.html	パスポートはオンライン申請がオトク！！ - 大津町ホームページ（住民課） ページの先頭です。 メニューを飛ばして本文へ Ozu pick up メニュー Top 検索 ホームへ 本文へ Foreign language 閲覧補助 文字サイズ 標準 拡大 背景色変更 白 黒 青 閉じる お気に入り 防災 情報 くらし・ 手続き 子育て・ 教育 健康・福祉 しごと・ 産業 町政 もっとさがす もっと 知りたい情報をさがす キーワードでさがす Googleカスタム検索 検索対象 すべて ページ PDF ページID検索 ページID 検索とは？ 注目ワード 大津町運動公園 昭和園 ＜外部リンク＞ 広報おおづ 空港ライナー ＜外部リンク＞ ごみ
20	大津町	【追加募集】大津町町村合併70周年記念事業「真風 涼帆 特別公演」を開催します	https://www.town.ozu.kumamoto.jp/page/25538.html	【追加募集】大津町町村合併70周年記念事業「真風 涼帆 特別公演」を開催します - 大津町ホームページ（総務課） ページの先頭です。 メニューを飛ばして本文へ Ozu pick up メニュー Top 検索 ホームへ 本文へ Foreign language 閲覧補助 文字サイズ 標準 拡大 背景色変更 白 黒 青 閉じる お気に入り 防災 情報 くらし・ 手続き 子育て・ 教育 健康・福祉 しごと・ 産業 町政 もっとさがす もっと 知りたい情報をさがす キーワードでさがす Googleカスタム検索 検索対象 すべて ページ PDF ページID検索 ページID 検索とは？ 注目ワード 大津町運動公園 昭和園 ＜外部リンク＞ 広報お
20	大津町	大津町書かない窓口システム（窓口DXSaaS）導入業務委託に係る 公募型プロポーザルを実施します	https://www.town.ozu.kumamoto.jp/page/25525.html	大津町書かない窓口システム（窓口DXSaaS）導入業務委託に係る 公募型プロポーザルを実施します - 大津町ホームページ（総合政策課） ページの先頭です。 メニューを飛ばして本文へ Ozu pick up メニュー Top 検索 ホームへ 本文へ Foreign language 閲覧補助 文字サイズ 標準 拡大 背景色変更 白 黒 青 閉じる お気に入り 防災 情報 くらし・ 手続き 子育て・ 教育 健康・福祉 しごと・ 産業 町政 もっとさがす もっと 知りたい情報をさがす キーワードでさがす Googleカスタム検索 検索対象 すべて ページ PDF ページID検索 ページID 検索とは？ 注目ワード 大津町運動公園 昭和園
20	大津町	大津町乗合タクシー	https://www.town.ozu.kumamoto.jp/page/1196.html	大津町乗合タクシー - 大津町ホームページ（総合政策課） ページの先頭です。 メニューを飛ばして本文へ Ozu pick up メニュー Top 検索 ホームへ 本文へ Foreign language 閲覧補助 文字サイズ 標準 拡大 背景色変更 白 黒 青 閉じる お気に入り 防災 情報 くらし・ 手続き 子育て・ 教育 健康・福祉 しごと・ 産業 町政 もっとさがす もっと 知りたい情報をさがす キーワードでさがす Googleカスタム検索 検索対象 すべて ページ PDF ページID検索 ページID 検索とは？ 注目ワード 大津町運動公園 昭和園 ＜外部リンク＞ 広報おおづ 空港ライナー ＜外部リンク＞ ごみ収集 保育園 ラ
20	大津町	大津町ふるさと納税	https://www.town.ozu.kumamoto.jp/page/1274.html	大津町ふるさと納税 - 大津町ホームページ（総合政策課） ページの先頭です。 メニューを飛ばして本文へ Ozu pick up メニュー Top 検索 ホームへ 本文へ Foreign language 閲覧補助 文字サイズ 標準 拡大 背景色変更 白 黒 青 閉じる お気に入り 防災 情報 くらし・ 手続き 子育て・ 教育 健康・福祉 しごと・ 産業 町政 もっとさがす もっと 知りたい情報をさがす キーワードでさがす Googleカスタム検索 検索対象 すべて ページ PDF ページID検索 ページID 検索とは？ 注目ワード 大津町運動公園 昭和園 ＜外部リンク＞ 広報おおづ 空港ライナー ＜外部リンク＞ ごみ収集 保育園 ラ
20	大津町	町の情報をあなたに直接お届けします！ 大津町公式LINE	https://www.town.ozu.kumamoto.jp/page/1971.html	町の情報をあなたに直接お届けします！ 大津町公式LINE - 大津町ホームページ（総合政策課） ページの先頭です。 メニューを飛ばして本文へ Ozu pick up メニュー Top 検索 ホームへ 本文へ Foreign language 閲覧補助 文字サイズ 標準 拡大 背景色変更 白 黒 青 閉じる お気に入り 防災 情報 くらし・ 手続き 子育て・ 教育 健康・福祉 しごと・ 産業 町政 もっとさがす もっと 知りたい情報をさがす キーワードでさがす Googleカスタム検索 検索対象 すべて ページ PDF ページID検索 ページID 検索とは？ 注目ワード 大津町運動公園 昭和園 ＜外部リンク＞ 広報おおづ 空港ライナー
20	大津町	大津町役場までの交通アクセス	https://www.town.ozu.kumamoto.jp/page/1718.html	大津町役場までの交通アクセス - 大津町ホームページ（総合政策課） ページの先頭です。 メニューを飛ばして本文へ Ozu pick up メニュー Top 検索 ホームへ 本文へ Foreign language 閲覧補助 文字サイズ 標準 拡大 背景色変更 白 黒 青 閉じる お気に入り 防災 情報 くらし・ 手続き 子育て・ 教育 健康・福祉 しごと・ 産業 町政 もっとさがす もっと 知りたい情報をさがす キーワードでさがす Googleカスタム検索 検索対象 すべて ページ PDF ページID検索 ページID 検索とは？ 注目ワード 大津町運動公園 昭和園 ＜外部リンク＞ 広報おおづ 空港ライナー ＜外部リンク＞ ごみ収集
20	大津町	消費生活相談窓口	https://www.town.ozu.kumamoto.jp/page/23213.html	消費生活相談窓口 - 大津町ホームページ（総務課） ページの先頭です。 メニューを飛ばして本文へ Ozu pick up メニュー Top 検索 ホームへ 本文へ Foreign language 閲覧補助 文字サイズ 標準 拡大 背景色変更 白 黒 青 閉じる お気に入り 防災 情報 くらし・ 手続き 子育て・ 教育 健康・福祉 しごと・ 産業 町政 もっとさがす もっと 知りたい情報をさがす キーワードでさがす Googleカスタム検索 検索対象 すべて ページ PDF ページID検索 ページID 検索とは？ 注目ワード 大津町運動公園 昭和園 ＜外部リンク＞ 広報おおづ 空港ライナー ＜外部リンク＞ ごみ収集 保育園 ライフイ
20	大津町	(7月25日)樹木粉砕車での枝木収集の実施	https://www.town.ozu.kumamoto.jp/page/20199.html	(7月25日)樹木粉砕車での枝木収集の実施 - 大津町ホームページ（環境保全課） ページの先頭です。 メニューを飛ばして本文へ Ozu pick up メニュー Top 検索 ホームへ 本文へ Foreign language 閲覧補助 文字サイズ 標準 拡大 背景色変更 白 黒 青 閉じる お気に入り 防災 情報 くらし・ 手続き 子育て・ 教育 健康・福祉 しごと・ 産業 町政 もっとさがす もっと 知りたい情報をさがす キーワードでさがす Googleカスタム検索 検索対象 すべて ページ PDF ページID検索 ページID 検索とは？ 注目ワード 大津町運動公園 昭和園 ＜外部リンク＞ 広報おおづ 空港ライナー ＜外部リンク
20	大津町	大津町新型インフルエンザ等対策行動計画について	https://www.town.ozu.kumamoto.jp/page/25637.html	大津町新型インフルエンザ等対策行動計画について - 大津町ホームページ（健康保険課） ページの先頭です。 メニューを飛ばして本文へ Ozu pick up メニュー Top 検索 ホームへ 本文へ Foreign language 閲覧補助 文字サイズ 標準 拡大 背景色変更 白 黒 青 閉じる お気に入り 防災 情報 くらし・ 手続き 子育て・ 教育 健康・福祉 しごと・ 産業 町政 もっとさがす もっと 知りたい情報をさがす キーワードでさがす Googleカスタム検索 検索対象 すべて ページ PDF ページID検索 ページID 検索とは？ 注目ワード 大津町運動公園 昭和園 ＜外部リンク＞ 広報おおづ 空港ライナー ＜外部リ
20	大津町	7月28日は「世界・日本肝炎デー」です	https://www.town.ozu.kumamoto.jp/page/25952.html	7月28日は「世界・日本肝炎デー」です - 大津町ホームページ（健康保険課） ページの先頭です。 メニューを飛ばして本文へ Ozu pick up メニュー Top 検索 ホームへ 本文へ Foreign language 閲覧補助 文字サイズ 標準 拡大 背景色変更 白 黒 青 閉じる お気に入り 防災 情報 くらし・ 手続き 子育て・ 教育 健康・福祉 しごと・ 産業 町政 もっとさがす もっと 知りたい情報をさがす キーワードでさがす Googleカスタム検索 検索対象 すべて ページ PDF ページID検索 ページID 検索とは？ 注目ワード 大津町運動公園 昭和園 ＜外部リンク＞ 広報おおづ 空港ライナー ＜外部リンク＞
20	大津町	第10期大津町高齢者福祉計画及び介護保険事業計画策定業務委託に係る公募型プロポーザルの実施について	https://www.town.ozu.kumamoto.jp/page/25282.html	第10期大津町高齢者福祉計画及び介護保険事業計画策定業務委託に係る公募型プロポーザルの実施について - 大津町ホームページ（介護保険課） ページの先頭です。 メニューを飛ばして本文へ Ozu pick up メニュー Top 検索 ホームへ 本文へ Foreign language 閲覧補助 文字サイズ 標準 拡大 背景色変更 白 黒 青 閉じる お気に入り 防災 情報 くらし・ 手続き 子育て・ 教育 健康・福祉 しごと・ 産業 町政 もっとさがす もっと 知りたい情報をさがす キーワードでさがす Googleカスタム検索 検索対象 すべて ページ PDF ページID検索 ページID 検索とは？ 注目ワード 大津町運動公園 昭和園
20	大津町	公共工事の発注見通しに関する事項を公表します	https://www.town.ozu.kumamoto.jp/page/12653.html	公共工事の発注見通しに関する事項を公表します - 大津町ホームページ（財政課） ページの先頭です。 メニューを飛ばして本文へ Ozu pick up メニュー Top 検索 ホームへ 本文へ Foreign language 閲覧補助 文字サイズ 標準 拡大 背景色変更 白 黒 青 閉じる お気に入り 防災 情報 くらし・ 手続き 子育て・ 教育 健康・福祉 しごと・ 産業 町政 もっとさがす もっと 知りたい情報をさがす キーワードでさがす Googleカスタム検索 検索対象 すべて ページ PDF ページID検索 ページID 検索とは？ 注目ワード 大津町運動公園 昭和園 ＜外部リンク＞ 広報おおづ 空港ライナー ＜外部リンク＞
20	大津町	大津町観光ビジョン（案）に対するパブリックコメント（意見募集）について	https://www.town.ozu.kumamoto.jp/page/26001.html	大津町観光ビジョン（案）に対するパブリックコメント（意見募集）について - 大津町ホームページ（商業観光課） ページの先頭です。 メニューを飛ばして本文へ Ozu pick up メニュー Top 検索 ホームへ 本文へ Foreign language 閲覧補助 文字サイズ 標準 拡大 背景色変更 白 黒 青 閉じる お気に入り 防災 情報 くらし・ 手続き 子育て・ 教育 健康・福祉 しごと・ 産業 町政 もっとさがす もっと 知りたい情報をさがす キーワードでさがす Googleカスタム検索 検索対象 すべて ページ PDF ページID検索 ページID 検索とは？ 注目ワード 大津町運動公園 昭和園 ＜外部リンク＞ 広報おおづ
20	大津町	懲戒処分等の公表	https://www.town.ozu.kumamoto.jp/page/26322.html	懲戒処分等の公表 - 大津町ホームページ（総務課） ページの先頭です。 メニューを飛ばして本文へ Ozu pick up メニュー Top 検索 ホームへ 本文へ Foreign language 閲覧補助 文字サイズ 標準 拡大 背景色変更 白 黒 青 閉じる お気に入り 防災 情報 くらし・ 手続き 子育て・ 教育 健康・福祉 しごと・ 産業 町政 もっとさがす もっと 知りたい情報をさがす キーワードでさがす Googleカスタム検索 検索対象 すべて ページ PDF ページID検索 ページID 検索とは？ 注目ワード 大津町運動公園 昭和園 ＜外部リンク＞ 広報おおづ 空港ライナー ＜外部リンク＞ ごみ収集 保育園 ライフイ
20	大津町	委員会政策提言を町へ提出しました	https://www.town.ozu.kumamoto.jp/site/ozugikai/26331.html	委員会政策提言を町へ提出しました - 大津町議会 - 大津町ホームページ（議会事務局） ページの先頭です。 メニューを飛ばして本文へ Ozu pick up メニュー Top 検索 ホームへ 本文へ Foreign language 閲覧補助 文字サイズ 標準 拡大 背景色変更 白 黒 青 閉じる お気に入り 防災 情報 くらし・ 手続き 子育て・ 教育 健康・福祉 しごと・ 産業 町政 もっとさがす もっと 知りたい情報をさがす キーワードでさがす Googleカスタム検索 検索対象 すべて ページ PDF ページID検索 ページID 検索とは？ 注目ワード 大津町運動公園 昭和園 ＜外部リンク＞ 広報おおづ 空港ライナー ＜外部
20	大津町	令和8年度大津町職員採用試験案内（令和９年４月採用）	https://www.town.ozu.kumamoto.jp/page/25570.html	令和8年度大津町職員採用試験案内（令和９年４月採用） - 大津町ホームページ（総務課） ページの先頭です。 メニューを飛ばして本文へ Ozu pick up メニュー Top 検索 ホームへ 本文へ Foreign language 閲覧補助 文字サイズ 標準 拡大 背景色変更 白 黒 青 閉じる お気に入り 防災 情報 くらし・ 手続き 子育て・ 教育 健康・福祉 しごと・ 産業 町政 もっとさがす もっと 知りたい情報をさがす キーワードでさがす Googleカスタム検索 検索対象 すべて ページ PDF ページID検索 ページID 検索とは？ 注目ワード 大津町運動公園 昭和園 ＜外部リンク＞ 広報おおづ 空港ライナー ＜外部
20	大津町	令和８年度大津町地域防災計画等	https://www.town.ozu.kumamoto.jp/site/bousai/25807.html	令和８年度大津町地域防災計画等 - 防災情報 - 大津町ホームページ（防災交通課） ページの先頭です。 メニューを飛ばして本文へ Ozu pick up メニュー Top 検索 ホームへ 本文へ Foreign language 閲覧補助 文字サイズ 標準 拡大 背景色変更 白 黒 青 閉じる お気に入り 防災 情報 くらし・ 手続き 子育て・ 教育 健康・福祉 しごと・ 産業 町政 もっとさがす もっと 知りたい情報をさがす キーワードでさがす Googleカスタム検索 検索対象 すべて ページ PDF ページID検索 ページID 検索とは？ 注目ワード 大津町運動公園 昭和園 ＜外部リンク＞ 広報おおづ 空港ライナー ＜外部リン
20	大津町	過去の大津町地域防災計画	https://www.town.ozu.kumamoto.jp/site/bousai/2562.html	過去の大津町地域防災計画 - 防災情報 - 大津町ホームページ（防災交通課） ページの先頭です。 メニューを飛ばして本文へ Ozu pick up メニュー Top 検索 ホームへ 本文へ Foreign language 閲覧補助 文字サイズ 標準 拡大 背景色変更 白 黒 青 閉じる お気に入り 防災 情報 くらし・ 手続き 子育て・ 教育 健康・福祉 しごと・ 産業 町政 もっとさがす もっと 知りたい情報をさがす キーワードでさがす Googleカスタム検索 検索対象 すべて ページ PDF ページID検索 ページID 検索とは？ 注目ワード 大津町運動公園 昭和園 ＜外部リンク＞ 広報おおづ 空港ライナー ＜外部リンク＞
20	大津町	大津町備蓄計画の改正（令和7年3月）	https://www.town.ozu.kumamoto.jp/site/bousai/19021.html	大津町備蓄計画の改正（令和7年3月） - 防災情報 - 大津町ホームページ（防災交通課） ページの先頭です。 メニューを飛ばして本文へ Ozu pick up メニュー Top 検索 ホームへ 本文へ Foreign language 閲覧補助 文字サイズ 標準 拡大 背景色変更 白 黒 青 閉じる お気に入り 防災 情報 くらし・ 手続き 子育て・ 教育 健康・福祉 しごと・ 産業 町政 もっとさがす もっと 知りたい情報をさがす キーワードでさがす Googleカスタム検索 検索対象 すべて ページ PDF ページID検索 ページID 検索とは？ 注目ワード 大津町運動公園 昭和園 ＜外部リンク＞ 広報おおづ 空港ライナー ＜外
20	大津町	大津町業務継続計画	https://www.town.ozu.kumamoto.jp/site/bousai/19006.html	大津町業務継続計画 - 防災情報 - 大津町ホームページ（防災交通課） ページの先頭です。 メニューを飛ばして本文へ Ozu pick up メニュー Top 検索 ホームへ 本文へ Foreign language 閲覧補助 文字サイズ 標準 拡大 背景色変更 白 黒 青 閉じる お気に入り 防災 情報 くらし・ 手続き 子育て・ 教育 健康・福祉 しごと・ 産業 町政 もっとさがす もっと 知りたい情報をさがす キーワードでさがす Googleカスタム検索 検索対象 すべて ページ PDF ページID検索 ページID 検索とは？ 注目ワード 大津町運動公園 昭和園 ＜外部リンク＞ 広報おおづ 空港ライナー ＜外部リンク＞ ごみ収
20	大津町	外国人のための防災情報	https://www.town.ozu.kumamoto.jp/site/bousai/14623.html	外国人のための防災情報 - 防災情報 - 大津町ホームページ（防災交通課） ページの先頭です。 メニューを飛ばして本文へ Ozu pick up メニュー Top 検索 ホームへ 本文へ Foreign language 閲覧補助 文字サイズ 標準 拡大 背景色変更 白 黒 青 閉じる お気に入り 防災 情報 くらし・ 手続き 子育て・ 教育 健康・福祉 しごと・ 産業 町政 もっとさがす もっと 知りたい情報をさがす キーワードでさがす Googleカスタム検索 検索対象 すべて ページ PDF ページID検索 ページID 検索とは？ 注目ワード 大津町運動公園 昭和園 ＜外部リンク＞ 広報おおづ 空港ライナー ＜外部リンク＞ ご
20	大津町	大津町洪水・土砂災害ハザードマップ	https://www.town.ozu.kumamoto.jp/site/bousai/2556.html	大津町洪水・土砂災害ハザードマップ - 防災情報 - 大津町ホームページ（防災交通課） ページの先頭です。 メニューを飛ばして本文へ Ozu pick up メニュー Top 検索 ホームへ 本文へ Foreign language 閲覧補助 文字サイズ 標準 拡大 背景色変更 白 黒 青 閉じる お気に入り 防災 情報 くらし・ 手続き 子育て・ 教育 健康・福祉 しごと・ 産業 町政 もっとさがす もっと 知りたい情報をさがす キーワードでさがす Googleカスタム検索 検索対象 すべて ページ PDF ページID検索 ページID 検索とは？ 注目ワード 大津町運動公園 昭和園 ＜外部リンク＞ 広報おおづ 空港ライナー ＜外部
20	大津町	町の各種災害時における避難所	https://www.town.ozu.kumamoto.jp/site/bousai/2557.html	町の各種災害時における避難所 - 防災情報 - 大津町ホームページ（防災交通課） ページの先頭です。 メニューを飛ばして本文へ Ozu pick up メニュー Top 検索 ホームへ 本文へ Foreign language 閲覧補助 文字サイズ 標準 拡大 背景色変更 白 黒 青 閉じる お気に入り 防災 情報 くらし・ 手続き 子育て・ 教育 健康・福祉 しごと・ 産業 町政 もっとさがす もっと 知りたい情報をさがす キーワードでさがす Googleカスタム検索 検索対象 すべて ページ PDF ページID検索 ページID 検索とは？ 注目ワード 大津町運動公園 昭和園 ＜外部リンク＞ 広報おおづ 空港ライナー ＜外部リンク
19	大津町	子育て・教育	https://www.town.ozu.kumamoto.jp/life/2/	子育て・教育 - 大津町ホームページ ページの先頭です。 メニューを飛ばして本文へ Ozu pick up メニュー Top 検索 ホームへ 本文へ Foreign language 閲覧補助 文字サイズ 標準 拡大 背景色変更 白 黒 青 閉じる お気に入り 防災 情報 くらし・ 手続き 子育て・ 教育 健康・福祉 しごと・ 産業 町政 もっとさがす もっと 知りたい情報をさがす キーワードでさがす Googleカスタム検索 検索対象 すべて ページ PDF ページID検索 ページID 検索とは？ 注目ワード 大津町運動公園 昭和園 ＜外部リンク＞ 広報おおづ 空港ライナー ＜外部リンク＞ ごみ収集 保育園 ライフイベントからさが
19	大津町	健康・福祉	https://www.town.ozu.kumamoto.jp/life/3/	健康・福祉 - 大津町ホームページ ページの先頭です。 メニューを飛ばして本文へ Ozu pick up メニュー Top 検索 ホームへ 本文へ Foreign language 閲覧補助 文字サイズ 標準 拡大 背景色変更 白 黒 青 閉じる お気に入り 防災 情報 くらし・ 手続き 子育て・ 教育 健康・福祉 しごと・ 産業 町政 もっとさがす もっと 知りたい情報をさがす キーワードでさがす Googleカスタム検索 検索対象 すべて ページ PDF ページID検索 ページID 検索とは？ 注目ワード 大津町運動公園 昭和園 ＜外部リンク＞ 広報おおづ 空港ライナー ＜外部リンク＞ ごみ収集 保育園 ライフイベントからさがす
19	大津町	子育て・教育	https://www.town.ozu.kumamoto.jp/life/2/index-2.html	子育て・教育 - 大津町ホームページ ページの先頭です。 メニューを飛ばして本文へ Ozu pick up メニュー Top 検索 ホームへ 本文へ Foreign language 閲覧補助 文字サイズ 標準 拡大 背景色変更 白 黒 青 閉じる お気に入り 防災 情報 くらし・ 手続き 子育て・ 教育 健康・福祉 しごと・ 産業 町政 もっとさがす もっと 知りたい情報をさがす キーワードでさがす Googleカスタム検索 検索対象 すべて ページ PDF ページID検索 ページID 検索とは？ 注目ワード 大津町運動公園 昭和園 ＜外部リンク＞ 広報おおづ 空港ライナー ＜外部リンク＞ ごみ収集 保育園 ライフイベントからさが
19	大津町	健康・福祉	https://www.town.ozu.kumamoto.jp/life/3/index-2.html	健康・福祉 - 大津町ホームページ ページの先頭です。 メニューを飛ばして本文へ Ozu pick up メニュー Top 検索 ホームへ 本文へ Foreign language 閲覧補助 文字サイズ 標準 拡大 背景色変更 白 黒 青 閉じる お気に入り 防災 情報 くらし・ 手続き 子育て・ 教育 健康・福祉 しごと・ 産業 町政 もっとさがす もっと 知りたい情報をさがす キーワードでさがす Googleカスタム検索 検索対象 すべて ページ PDF ページID検索 ページID 検索とは？ 注目ワード 大津町運動公園 昭和園 ＜外部リンク＞ 広報おおづ 空港ライナー ＜外部リンク＞ ごみ収集 保育園 ライフイベントからさがす
19	大津町	総務課	https://www.town.ozu.kumamoto.jp/soshiki/2/	総務課 - 大津町ホームページ ページの先頭です。 メニューを飛ばして本文へ Ozu pick up メニュー Top 検索 ホームへ 本文へ Foreign language 閲覧補助 文字サイズ 標準 拡大 背景色変更 白 黒 青 閉じる お気に入り 防災 情報 くらし・ 手続き 子育て・ 教育 健康・福祉 しごと・ 産業 町政 もっとさがす もっと 知りたい情報をさがす キーワードでさがす Googleカスタム検索 検索対象 すべて ページ PDF ページID検索 ページID 検索とは？ 注目ワード 大津町運動公園 昭和園 ＜外部リンク＞ 広報おおづ 空港ライナー ＜外部リンク＞ ごみ収集 保育園 ライフイベントからさがす 出
19	大津町	福祉課	https://www.town.ozu.kumamoto.jp/soshiki/12/	福祉課 - 大津町ホームページ ページの先頭です。 メニューを飛ばして本文へ Ozu pick up メニュー Top 検索 ホームへ 本文へ Foreign language 閲覧補助 文字サイズ 標準 拡大 背景色変更 白 黒 青 閉じる お気に入り 防災 情報 くらし・ 手続き 子育て・ 教育 健康・福祉 しごと・ 産業 町政 もっとさがす もっと 知りたい情報をさがす キーワードでさがす Googleカスタム検索 検索対象 すべて ページ PDF ページID検索 ページID 検索とは？ 注目ワード 大津町運動公園 昭和園 ＜外部リンク＞ 広報おおづ 空港ライナー ＜外部リンク＞ ごみ収集 保育園 ライフイベントからさがす 出
19	大津町	都市整備部	https://www.town.ozu.kumamoto.jp/soshiki/6.html	都市整備部 - 大津町ホームページ ページの先頭です。 メニューを飛ばして本文へ Ozu pick up メニュー Top 検索 ホームへ 本文へ Foreign language 閲覧補助 文字サイズ 標準 拡大 背景色変更 白 黒 青 閉じる お気に入り 防災 情報 くらし・ 手続き 子育て・ 教育 健康・福祉 しごと・ 産業 町政 もっとさがす もっと 知りたい情報をさがす キーワードでさがす Googleカスタム検索 検索対象 すべて ページ PDF ページID検索 ページID 検索とは？ 注目ワード 大津町運動公園 昭和園 ＜外部リンク＞ 広報おおづ 空港ライナー ＜外部リンク＞ ごみ収集 保育園 ライフイベントからさがす
18	大津町	税務課	https://www.town.ozu.kumamoto.jp/soshiki/10/	税務課 - 大津町ホームページ ページの先頭です。 メニューを飛ばして本文へ Ozu pick up メニュー Top 検索 ホームへ 本文へ Foreign language 閲覧補助 文字サイズ 標準 拡大 背景色変更 白 黒 青 閉じる お気に入り 防災 情報 くらし・ 手続き 子育て・ 教育 健康・福祉 しごと・ 産業 町政 もっとさがす もっと 知りたい情報をさがす キーワードでさがす Googleカスタム検索 検索対象 すべて ページ PDF ページID検索 ページID 検索とは？ 注目ワード 大津町運動公園 昭和園 ＜外部リンク＞ 広報おおづ 空港ライナー ＜外部リンク＞ ごみ収集 保育園 ライフイベントからさがす 出
17	大津町	健康	https://www.town.ozu.kumamoto.jp/life/3/14/	健康 - 大津町ホームページ ページの先頭です。 メニューを飛ばして本文へ Ozu pick up メニュー Top 検索 ホームへ 本文へ Foreign language 閲覧補助 文字サイズ 標準 拡大 背景色変更 白 黒 青 閉じる お気に入り 防災 情報 くらし・ 手続き 子育て・ 教育 健康・福祉 しごと・ 産業 町政 もっとさがす もっと 知りたい情報をさがす キーワードでさがす Googleカスタム検索 検索対象 すべて ページ PDF ページID検索 ページID 検索とは？ 注目ワード 大津町運動公園 昭和園 ＜外部リンク＞ 広報おおづ 空港ライナー ＜外部リンク＞ ごみ収集 保育園 ライフイベントからさがす 出産
17	大津町	マイナンバー	https://www.town.ozu.kumamoto.jp/life/1/1/5/	マイナンバー - 大津町ホームページ ページの先頭です。 メニューを飛ばして本文へ Ozu pick up メニュー Top 検索 ホームへ 本文へ Foreign language 閲覧補助 文字サイズ 標準 拡大 背景色変更 白 黒 青 閉じる お気に入り 防災 情報 くらし・ 手続き 子育て・ 教育 健康・福祉 しごと・ 産業 町政 もっとさがす もっと 知りたい情報をさがす キーワードでさがす Googleカスタム検索 検索対象 すべて ページ PDF ページID検索 ページID 検索とは？ 注目ワード 大津町運動公園 昭和園 ＜外部リンク＞ 広報おおづ 空港ライナー ＜外部リンク＞ ごみ収集 保育園 ライフイベントからさが
17	大津町	ごみ・リサイクル	https://www.town.ozu.kumamoto.jp/life/1/4/19/	ごみ・リサイクル - 大津町ホームページ ページの先頭です。 メニューを飛ばして本文へ Ozu pick up メニュー Top 検索 ホームへ 本文へ Foreign language 閲覧補助 文字サイズ 標準 拡大 背景色変更 白 黒 青 閉じる お気に入り 防災 情報 くらし・ 手続き 子育て・ 教育 健康・福祉 しごと・ 産業 町政 もっとさがす もっと 知りたい情報をさがす キーワードでさがす Googleカスタム検索 検索対象 すべて ページ PDF ページID検索 ページID 検索とは？ 注目ワード 大津町運動公園 昭和園 ＜外部リンク＞ 広報おおづ 空港ライナー ＜外部リンク＞ ごみ収集 保育園 ライフイベントから
17	大津町	農林業	https://www.town.ozu.kumamoto.jp/life/4/19/80/	農林業 - 大津町ホームページ ページの先頭です。 メニューを飛ばして本文へ Ozu pick up メニュー Top 検索 ホームへ 本文へ Foreign language 閲覧補助 文字サイズ 標準 拡大 背景色変更 白 黒 青 閉じる お気に入り 防災 情報 くらし・ 手続き 子育て・ 教育 健康・福祉 しごと・ 産業 町政 もっとさがす もっと 知りたい情報をさがす キーワードでさがす Googleカスタム検索 検索対象 すべて ページ PDF ページID検索 ページID 検索とは？ 注目ワード 大津町運動公園 昭和園 ＜外部リンク＞ 広報おおづ 空港ライナー ＜外部リンク＞ ごみ収集 保育園 ライフイベントからさがす 出
17	大津町	企業誘致	https://www.town.ozu.kumamoto.jp/life/4/19/82/	企業誘致 - 大津町ホームページ ページの先頭です。 メニューを飛ばして本文へ Ozu pick up メニュー Top 検索 ホームへ 本文へ Foreign language 閲覧補助 文字サイズ 標準 拡大 背景色変更 白 黒 青 閉じる お気に入り 防災 情報 くらし・ 手続き 子育て・ 教育 健康・福祉 しごと・ 産業 町政 もっとさがす もっと 知りたい情報をさがす キーワードでさがす Googleカスタム検索 検索対象 すべて ページ PDF ページID検索 ページID 検索とは？ 注目ワード 大津町運動公園 昭和園 ＜外部リンク＞ 広報おおづ 空港ライナー ＜外部リンク＞ ごみ収集 保育園 ライフイベントからさがす
17	大津町	町議会	https://www.town.ozu.kumamoto.jp/soshiki/9.html	町議会 - 大津町ホームページ ページの先頭です。 メニューを飛ばして本文へ Ozu pick up メニュー Top 検索 ホームへ 本文へ Foreign language 閲覧補助 文字サイズ 標準 拡大 背景色変更 白 黒 青 閉じる お気に入り 防災 情報 くらし・ 手続き 子育て・ 教育 健康・福祉 しごと・ 産業 町政 もっとさがす もっと 知りたい情報をさがす キーワードでさがす Googleカスタム検索 検索対象 すべて ページ PDF ページID検索 ページID 検索とは？ 注目ワード 大津町運動公園 昭和園 ＜外部リンク＞ 広報おおづ 空港ライナー ＜外部リンク＞ ごみ収集 保育園 ライフイベントからさがす 出
30	長洲町	就職した若者の長洲町での新生活を応援します！！ ～長洲町若者定住就職奨励金～	https://www.town.nagasu.lg.jp/soshiki/machizukuri/teiju/kiji0032012	就職した若者の長洲町での新生活を応援します！！ ～長洲町若者定住就職奨励金～｜定住促進係｜まちづくり課｜担当課から探す｜長洲町 文字サイズ 背景色 ふりがな --> 検索 翻訳 新着情報 コンテンツ 標準 大 最大 白 青 黒 担当課から探す 行事カレンダー くらし・手続き 健康・医療・福祉 子育て・教育 産業・しごと 行政情報 メニュー 文字サイズ 標準 大 最大 背景色 白 青 黒 ふりがな --> 検索 担当課から探す 行事カレンダー 翻訳 新着情報 コンテンツ くらし・手続き 健康・医療・福祉 子育て・教育 産業・しごと 行政情報 閉じる ホーム 担当課から探す まちづくり課 定住促進係 就職した若者の長洲町での新生活を応援
30	長洲町	【入居者募集！】地域優良賃貸住宅「レインボーみやの」	https://www.town.nagasu.lg.jp/soshiki/machizukuri/teiju/kiji0035321/	【入居者募集！】地域優良賃貸住宅「レインボーみやの」｜定住促進係｜まちづくり課｜担当課から探す｜長洲町 文字サイズ 背景色 ふりがな --> 検索 翻訳 新着情報 コンテンツ 標準 大 最大 白 青 黒 担当課から探す 行事カレンダー くらし・手続き 健康・医療・福祉 子育て・教育 産業・しごと 行政情報 メニュー 文字サイズ 標準 大 最大 背景色 白 青 黒 ふりがな --> 検索 担当課から探す 行事カレンダー 翻訳 新着情報 コンテンツ くらし・手続き 健康・医療・福祉 子育て・教育 産業・しごと 行政情報 閉じる ホーム 担当課から探す まちづくり課 定住促進係 【入居者募集！】地域優良賃貸住宅「レインボーみやの」 【入居
30	長洲町	まちの不動産屋	https://www.town.nagasu.lg.jp/soshiki/machizukuri/teiju/kiji0037691/	まちの不動産屋｜定住促進係｜まちづくり課｜担当課から探す｜長洲町 文字サイズ 背景色 ふりがな --> 検索 翻訳 新着情報 コンテンツ 標準 大 最大 白 青 黒 担当課から探す 行事カレンダー くらし・手続き 健康・医療・福祉 子育て・教育 産業・しごと 行政情報 メニュー 文字サイズ 標準 大 最大 背景色 白 青 黒 ふりがな --> 検索 担当課から探す 行事カレンダー 翻訳 新着情報 コンテンツ くらし・手続き 健康・医療・福祉 子育て・教育 産業・しごと 行政情報 閉じる ホーム 担当課から探す まちづくり課 定住促進係 まちの不動産屋 まちの不動産屋 最終更新日：2025年08月13日 Tweet シェア --> -
30	長洲町	新婚さんの新生活を応援します！ ～長洲町結婚新生活支援事業補助金のご案内～	https://www.town.nagasu.lg.jp/soshiki/machizukuri/teiju/kiji0036958/	新婚さんの新生活を応援します！ ～長洲町結婚新生活支援事業補助金のご案内～｜定住促進係｜まちづくり課｜担当課から探す｜長洲町 文字サイズ 背景色 ふりがな --> 検索 翻訳 新着情報 コンテンツ 標準 大 最大 白 青 黒 担当課から探す 行事カレンダー くらし・手続き 健康・医療・福祉 子育て・教育 産業・しごと 行政情報 メニュー 文字サイズ 標準 大 最大 背景色 白 青 黒 ふりがな --> 検索 担当課から探す 行事カレンダー 翻訳 新着情報 コンテンツ くらし・手続き 健康・医療・福祉 子育て・教育 産業・しごと 行政情報 閉じる ホーム 担当課から探す まちづくり課 定住促進係 新婚さんの新生活を応援します！ ～長洲
30	長洲町	空き家の解体費用を補助します！	https://www.town.nagasu.lg.jp/soshiki/machizukuri/teiju/kiji0032064/	空き家の解体費用を補助します！｜定住促進係｜まちづくり課｜担当課から探す｜長洲町 文字サイズ 背景色 ふりがな --> 検索 翻訳 新着情報 コンテンツ 標準 大 最大 白 青 黒 担当課から探す 行事カレンダー くらし・手続き 健康・医療・福祉 子育て・教育 産業・しごと 行政情報 メニュー 文字サイズ 標準 大 最大 背景色 白 青 黒 ふりがな --> 検索 担当課から探す 行事カレンダー 翻訳 新着情報 コンテンツ くらし・手続き 健康・医療・福祉 子育て・教育 産業・しごと 行政情報 閉じる ホーム 担当課から探す まちづくり課 定住促進係 空き家の解体費用を補助します！ 空き家の解体費用を補助します！ 最終更新日：202
30	長洲町	就職した若者の長洲町での新生活を応援します！！ ～長洲町若者定住就職奨励金～	https://www.town.nagasu.lg.jp/soshiki/machizukuri/teiju/kiji0032012/	就職した若者の長洲町での新生活を応援します！！ ～長洲町若者定住就職奨励金～｜定住促進係｜まちづくり課｜担当課から探す｜長洲町 文字サイズ 背景色 ふりがな --> 検索 翻訳 新着情報 コンテンツ 標準 大 最大 白 青 黒 担当課から探す 行事カレンダー くらし・手続き 健康・医療・福祉 子育て・教育 産業・しごと 行政情報 メニュー 文字サイズ 標準 大 最大 背景色 白 青 黒 ふりがな --> 検索 担当課から探す 行事カレンダー 翻訳 新着情報 コンテンツ くらし・手続き 健康・医療・福祉 子育て・教育 産業・しごと 行政情報 閉じる ホーム 担当課から探す まちづくり課 定住促進係 就職した若者の長洲町での新生活を応援
30	長洲町	空き家バンクにより成約に至った空き家の所有者に奨励金を交付します（長洲町空家等成約奨励金）	https://www.town.nagasu.lg.jp/soshiki/machizukuri/teiju/kiji0037439/	空き家バンクにより成約に至った空き家の所有者に奨励金を交付します（長洲町空家等成約奨励金）｜定住促進係｜まちづくり課｜担当課から探す｜長洲町 文字サイズ 背景色 ふりがな --> 検索 翻訳 新着情報 コンテンツ 標準 大 最大 白 青 黒 担当課から探す 行事カレンダー くらし・手続き 健康・医療・福祉 子育て・教育 産業・しごと 行政情報 メニュー 文字サイズ 標準 大 最大 背景色 白 青 黒 ふりがな --> 検索 担当課から探す 行事カレンダー 翻訳 新着情報 コンテンツ くらし・手続き 健康・医療・福祉 子育て・教育 産業・しごと 行政情報 閉じる ホーム 担当課から探す まちづくり課 定住促進係 空き家バンクにより成約
30	長洲町	空き家の改修費などを補助します（長洲町空家改修費等補助金）	https://www.town.nagasu.lg.jp/soshiki/machizukuri/teiju/kiji0037437/	空き家の改修費などを補助します（長洲町空家改修費等補助金）｜定住促進係｜まちづくり課｜担当課から探す｜長洲町 文字サイズ 背景色 ふりがな --> 検索 翻訳 新着情報 コンテンツ 標準 大 最大 白 青 黒 担当課から探す 行事カレンダー くらし・手続き 健康・医療・福祉 子育て・教育 産業・しごと 行政情報 メニュー 文字サイズ 標準 大 最大 背景色 白 青 黒 ふりがな --> 検索 担当課から探す 行事カレンダー 翻訳 新着情報 コンテンツ くらし・手続き 健康・医療・福祉 子育て・教育 産業・しごと 行政情報 閉じる ホーム 担当課から探す まちづくり課 定住促進係 空き家の改修費などを補助します（長洲町空家改修費等補助
30	長洲町	空き家の家財道具の処分経費を補助します（長洲町空家家財道具等撤去促進事業補助金）	https://www.town.nagasu.lg.jp/soshiki/machizukuri/teiju/kiji0037438/	空き家の家財道具の処分経費を補助します（長洲町空家家財道具等撤去促進事業補助金）｜定住促進係｜まちづくり課｜担当課から探す｜長洲町 文字サイズ 背景色 ふりがな --> 検索 翻訳 新着情報 コンテンツ 標準 大 最大 白 青 黒 担当課から探す 行事カレンダー くらし・手続き 健康・医療・福祉 子育て・教育 産業・しごと 行政情報 メニュー 文字サイズ 標準 大 最大 背景色 白 青 黒 ふりがな --> 検索 担当課から探す 行事カレンダー 翻訳 新着情報 コンテンツ くらし・手続き 健康・医療・福祉 子育て・教育 産業・しごと 行政情報 閉じる ホーム 担当課から探す まちづくり課 定住促進係 空き家の家財道具の処分経費を補助
30	長洲町	空家・空地バンク登録物件	https://www.town.nagasu.lg.jp/soshiki/machizukuri/teiju/kiji0035591/	空家・空地バンク登録物件｜定住促進係｜まちづくり課｜担当課から探す｜長洲町 文字サイズ 背景色 ふりがな --> 検索 翻訳 新着情報 コンテンツ 標準 大 最大 白 青 黒 担当課から探す 行事カレンダー くらし・手続き 健康・医療・福祉 子育て・教育 産業・しごと 行政情報 メニュー 文字サイズ 標準 大 最大 背景色 白 青 黒 ふりがな --> 検索 担当課から探す 行事カレンダー 翻訳 新着情報 コンテンツ くらし・手続き 健康・医療・福祉 子育て・教育 産業・しごと 行政情報 閉じる ホーム 担当課から探す まちづくり課 定住促進係 空家・空地バンク登録物件 空家・空地バンク登録物件 最終更新日：2026年07月10日
30	長洲町	空家・空地バンク事業	https://www.town.nagasu.lg.jp/soshiki/machizukuri/teiju/kiji0032164/	空家・空地バンク事業｜定住促進係｜まちづくり課｜担当課から探す｜長洲町 文字サイズ 背景色 ふりがな --> 検索 翻訳 新着情報 コンテンツ 標準 大 最大 白 青 黒 担当課から探す 行事カレンダー くらし・手続き 健康・医療・福祉 子育て・教育 産業・しごと 行政情報 メニュー 文字サイズ 標準 大 最大 背景色 白 青 黒 ふりがな --> 検索 担当課から探す 行事カレンダー 翻訳 新着情報 コンテンツ くらし・手続き 健康・医療・福祉 子育て・教育 産業・しごと 行政情報 閉じる ホーム 担当課から探す まちづくり課 定住促進係 空家・空地バンク事業 空家・空地バンク事業 最終更新日：2025年08月20日 Tweet
30	長洲町	空家に関するお悩み、お困りごとはありませんか	https://www.town.nagasu.lg.jp/soshiki/machizukuri/teiju/kiji0036456/	空家に関するお悩み、お困りごとはありませんか｜定住促進係｜まちづくり課｜担当課から探す｜長洲町 文字サイズ 背景色 ふりがな --> 検索 翻訳 新着情報 コンテンツ 標準 大 最大 白 青 黒 担当課から探す 行事カレンダー くらし・手続き 健康・医療・福祉 子育て・教育 産業・しごと 行政情報 メニュー 文字サイズ 標準 大 最大 背景色 白 青 黒 ふりがな --> 検索 担当課から探す 行事カレンダー 翻訳 新着情報 コンテンツ くらし・手続き 健康・医療・福祉 子育て・教育 産業・しごと 行政情報 閉じる ホーム 担当課から探す まちづくり課 定住促進係 空家に関するお悩み、お困りごとはありませんか 空家に関するお悩み、お
30	長洲町	10月は土地月間です	https://www.town.nagasu.lg.jp/soshiki/machizukuri/teiju/kiji0035093/	10月は土地月間です｜定住促進係｜まちづくり課｜担当課から探す｜長洲町 文字サイズ 背景色 ふりがな --> 検索 翻訳 新着情報 コンテンツ 標準 大 最大 白 青 黒 担当課から探す 行事カレンダー くらし・手続き 健康・医療・福祉 子育て・教育 産業・しごと 行政情報 メニュー 文字サイズ 標準 大 最大 背景色 白 青 黒 ふりがな --> 検索 担当課から探す 行事カレンダー 翻訳 新着情報 コンテンツ くらし・手続き 健康・医療・福祉 子育て・教育 産業・しごと 行政情報 閉じる ホーム 担当課から探す まちづくり課 定住促進係 10月は土地月間です 10月は土地月間です 最終更新日：2025年06月03日 Tweet
30	長洲町	東京圏から長洲町へ移住し、対象求人への就業などをした人に移住支援金を交付します	https://www.town.nagasu.lg.jp/soshiki/machizukuri/teiju/kiji0035709/	東京圏から長洲町へ移住し、対象求人への就業などをした人に移住支援金を交付します｜定住促進係｜まちづくり課｜担当課から探す｜長洲町 文字サイズ 背景色 ふりがな --> 検索 翻訳 新着情報 コンテンツ 標準 大 最大 白 青 黒 担当課から探す 行事カレンダー くらし・手続き 健康・医療・福祉 子育て・教育 産業・しごと 行政情報 メニュー 文字サイズ 標準 大 最大 背景色 白 青 黒 ふりがな --> 検索 担当課から探す 行事カレンダー 翻訳 新着情報 コンテンツ くらし・手続き 健康・医療・福祉 子育て・教育 産業・しごと 行政情報 閉じる ホーム 担当課から探す まちづくり課 定住促進係 東京圏から長洲町へ移住し、対象求人
28	長洲町	子育て・新婚さんのマイホームの夢、応援します！ ～長洲町子育て住宅ローン利子補給金のご案内～	https://www.town.nagasu.lg.jp/soshiki/machizukuri/teiju/177612827427765/	子育て・新婚さんのマイホームの夢、応援します！ ～長洲町子育て住宅ローン利子補給金のご案内～｜定住促進係｜まちづくり課｜担当課から探す｜長洲町 文字サイズ 背景色 ふりがな --> 検索 翻訳 新着情報 コンテンツ 標準 大 最大 白 青 黒 担当課から探す 行事カレンダー くらし・手続き 健康・医療・福祉 子育て・教育 産業・しごと 行政情報 メニュー 文字サイズ 標準 大 最大 背景色 白 青 黒 ふりがな --> 検索 担当課から探す 行事カレンダー 翻訳 新着情報 コンテンツ くらし・手続き 健康・医療・福祉 子育て・教育 産業・しごと 行政情報 閉じる ホーム 担当課から探す まちづくり課 定住促進係 子育て・新婚さんのマ
28	長洲町	長洲町の子育て支援の取り組みを紹介します	https://www.town.nagasu.lg.jp/soshiki/machizukuri/kikaku/174367649723394/	長洲町の子育て支援の取り組みを紹介します｜企画係｜まちづくり課｜担当課から探す｜長洲町 文字サイズ 背景色 ふりがな --> 検索 翻訳 新着情報 コンテンツ 標準 大 最大 白 青 黒 担当課から探す 行事カレンダー くらし・手続き 健康・医療・福祉 子育て・教育 産業・しごと 行政情報 メニュー 文字サイズ 標準 大 最大 背景色 白 青 黒 ふりがな --> 検索 担当課から探す 行事カレンダー 翻訳 新着情報 コンテンツ くらし・手続き 健康・医療・福祉 子育て・教育 産業・しごと 行政情報 閉じる ホーム 担当課から探す まちづくり課 企画係 長洲町の子育て支援の取り組みを紹介します 長洲町の子育て支援の取り組みを紹介しま
28	長洲町	民間タクシーの利用料金の助成します！ ～買い物や通院等のお出かけをサポート～	https://www.town.nagasu.lg.jp/soshiki/machizukuri/kikaku/17506612599555/	民間タクシーの利用料金の助成します！ ～買い物や通院等のお出かけをサポート～｜企画係｜まちづくり課｜担当課から探す｜長洲町 文字サイズ 背景色 ふりがな --> 検索 翻訳 新着情報 コンテンツ 標準 大 最大 白 青 黒 担当課から探す 行事カレンダー くらし・手続き 健康・医療・福祉 子育て・教育 産業・しごと 行政情報 メニュー 文字サイズ 標準 大 最大 背景色 白 青 黒 ふりがな --> 検索 担当課から探す 行事カレンダー 翻訳 新着情報 コンテンツ くらし・手続き 健康・医療・福祉 子育て・教育 産業・しごと 行政情報 閉じる ホーム 担当課から探す まちづくり課 企画係 民間タクシーの利用料金の助成します！ ～買い
28	長洲町	補助・助成・手続	https://www.town.nagasu.lg.jp/kosodate/kosodate/josei/	補助・助成・手続｜子育て｜子育て・教育｜長洲町 文字サイズ 背景色 ふりがな --> 検索 翻訳 新着情報 コンテンツ 標準 大 最大 白 青 黒 担当課から探す 行事カレンダー くらし・手続き 健康・医療・福祉 子育て・教育 産業・しごと 行政情報 メニュー 文字サイズ 標準 大 最大 背景色 白 青 黒 ふりがな --> 検索 担当課から探す 行事カレンダー 翻訳 新着情報 コンテンツ くらし・手続き 健康・医療・福祉 子育て・教育 産業・しごと 行政情報 閉じる ホーム 子育て・教育 子育て 補助・助成・手続 補助・助成・手続 児童扶養手当について こどもの眼鏡の購入費を助成します！ 長洲町ひとり親家庭等医療費助成について 各
28	長洲町	定住促進係	https://www.town.nagasu.lg.jp/soshiki/machizukuri/teiju/	定住促進係｜まちづくり課｜担当課から探す｜長洲町 文字サイズ 背景色 ふりがな --> 検索 翻訳 新着情報 コンテンツ 標準 大 最大 白 青 黒 担当課から探す 行事カレンダー くらし・手続き 健康・医療・福祉 子育て・教育 産業・しごと 行政情報 メニュー 文字サイズ 標準 大 最大 背景色 白 青 黒 ふりがな --> 検索 担当課から探す 行事カレンダー 翻訳 新着情報 コンテンツ くらし・手続き 健康・医療・福祉 子育て・教育 産業・しごと 行政情報 閉じる ホーム 担当課から探す まちづくり課 定住促進係 定住促進係 地域優良賃貸住宅「レインボーみやの」内覧会を開催します！ ～見て、感じて、理想の住まいを～ 【入居者募
28	長洲町	お知らせ	https://www.town.nagasu.lg.jp/soshiki/kosodate/oshirase/	お知らせ｜子育て支援課｜担当課から探す｜長洲町 文字サイズ 背景色 ふりがな --> 検索 翻訳 新着情報 コンテンツ 標準 大 最大 白 青 黒 担当課から探す 行事カレンダー くらし・手続き 健康・医療・福祉 子育て・教育 産業・しごと 行政情報 メニュー 文字サイズ 標準 大 最大 背景色 白 青 黒 ふりがな --> 検索 担当課から探す 行事カレンダー 翻訳 新着情報 コンテンツ くらし・手続き 健康・医療・福祉 子育て・教育 産業・しごと 行政情報 閉じる ホーム 担当課から探す 子育て支援課 お知らせ お知らせ こども誰でも通園制度を利用しませんか？ 子ども医療費受給者証をスマホで利用できます！ 長洲中学校で「思春期教
28	長洲町	補助・助成	https://www.town.nagasu.lg.jp/soshiki/kosodate/hojo/	補助・助成｜子育て支援課｜担当課から探す｜長洲町 文字サイズ 背景色 ふりがな --> 検索 翻訳 新着情報 コンテンツ 標準 大 最大 白 青 黒 担当課から探す 行事カレンダー くらし・手続き 健康・医療・福祉 子育て・教育 産業・しごと 行政情報 メニュー 文字サイズ 標準 大 最大 背景色 白 青 黒 ふりがな --> 検索 担当課から探す 行事カレンダー 翻訳 新着情報 コンテンツ くらし・手続き 健康・医療・福祉 子育て・教育 産業・しごと 行政情報 閉じる ホーム 担当課から探す 子育て支援課 補助・助成 補助・助成 児童扶養手当について 物価高対応子育て応援手当 こどもの眼鏡の購入費を助成します！ パパの育児休業を応
28	長洲町	福祉係	https://www.town.nagasu.lg.jp/soshiki/fukushi/fukushi/	福祉係｜福祉介護課｜担当課から探す｜長洲町 文字サイズ 背景色 ふりがな --> 検索 翻訳 新着情報 コンテンツ 標準 大 最大 白 青 黒 担当課から探す 行事カレンダー くらし・手続き 健康・医療・福祉 子育て・教育 産業・しごと 行政情報 メニュー 文字サイズ 標準 大 最大 背景色 白 青 黒 ふりがな --> 検索 担当課から探す 行事カレンダー 翻訳 新着情報 コンテンツ くらし・手続き 健康・医療・福祉 子育て・教育 産業・しごと 行政情報 閉じる ホーム 担当課から探す 福祉介護課 福祉係 福祉係 精神障害者手帳の返還届は、オンラインで手続きができます 死亡に伴う身体障害者手帳の返還届は、オンラインで手続きができま
28	長洲町	保健予防係	https://www.town.nagasu.lg.jp/soshiki/kenkouzukuri/hoken/	保健予防係｜健康づくり課｜担当課から探す｜長洲町 文字サイズ 背景色 ふりがな --> 検索 翻訳 新着情報 コンテンツ 標準 大 最大 白 青 黒 担当課から探す 行事カレンダー くらし・手続き 健康・医療・福祉 子育て・教育 産業・しごと 行政情報 メニュー 文字サイズ 標準 大 最大 背景色 白 青 黒 ふりがな --> 検索 担当課から探す 行事カレンダー 翻訳 新着情報 コンテンツ くらし・手続き 健康・医療・福祉 子育て・教育 産業・しごと 行政情報 閉じる ホーム 担当課から探す 健康づくり課 保健予防係 保健予防係 食中毒警報が発令されました！ 役場献血のお知らせ 食中毒注意報発令中！ 世界禁煙デー・禁煙週間(202
28	長洲町	地域優良賃貸住宅「レインボーみやの」内覧会を開催します！ ～見て、感じて、理想の住まいを～	https://www.town.nagasu.lg.jp/soshiki/machizukuri/teiju/178356493123830/	地域優良賃貸住宅「レインボーみやの」内覧会を開催します！ ～見て、感じて、理想の住まいを～｜定住促進係｜まちづくり課｜担当課から探す｜長洲町 文字サイズ 背景色 ふりがな --> 検索 翻訳 新着情報 コンテンツ 標準 大 最大 白 青 黒 担当課から探す 行事カレンダー くらし・手続き 健康・医療・福祉 子育て・教育 産業・しごと 行政情報 メニュー 文字サイズ 標準 大 最大 背景色 白 青 黒 ふりがな --> 検索 担当課から探す 行事カレンダー 翻訳 新着情報 コンテンツ くらし・手続き 健康・医療・福祉 子育て・教育 産業・しごと 行政情報 閉じる ホーム 担当課から探す まちづくり課 定住促進係 地域優良賃貸住宅「レイ
28	長洲町	まちの未来をつくる宅地開発を応援します！ ～長洲町民間宅地開発事業補助金・土地提供奨励金のご案内～	https://www.town.nagasu.lg.jp/soshiki/machizukuri/teiju/177613396332688/	まちの未来をつくる宅地開発を応援します！ ～長洲町民間宅地開発事業補助金・土地提供奨励金のご案内～｜定住促進係｜まちづくり課｜担当課から探す｜長洲町 文字サイズ 背景色 ふりがな --> 検索 翻訳 新着情報 コンテンツ 標準 大 最大 白 青 黒 担当課から探す 行事カレンダー くらし・手続き 健康・医療・福祉 子育て・教育 産業・しごと 行政情報 メニュー 文字サイズ 標準 大 最大 背景色 白 青 黒 ふりがな --> 検索 担当課から探す 行事カレンダー 翻訳 新着情報 コンテンツ くらし・手続き 健康・医療・福祉 子育て・教育 産業・しごと 行政情報 閉じる ホーム 担当課から探す まちづくり課 定住促進係 まちの未来をつ
28	長洲町	若者の奨学金の返済をサポートします！ ～長洲町若者奨学金返済サポート事業補助金のご案内～	https://www.town.nagasu.lg.jp/soshiki/machizukuri/teiju/177614108426880/	若者の奨学金の返済をサポートします！ ～長洲町若者奨学金返済サポート事業補助金のご案内～｜定住促進係｜まちづくり課｜担当課から探す｜長洲町 文字サイズ 背景色 ふりがな --> 検索 翻訳 新着情報 コンテンツ 標準 大 最大 白 青 黒 担当課から探す 行事カレンダー くらし・手続き 健康・医療・福祉 子育て・教育 産業・しごと 行政情報 メニュー 文字サイズ 標準 大 最大 背景色 白 青 黒 ふりがな --> 検索 担当課から探す 行事カレンダー 翻訳 新着情報 コンテンツ くらし・手続き 健康・医療・福祉 子育て・教育 産業・しごと 行政情報 閉じる ホーム 担当課から探す まちづくり課 定住促進係 若者の奨学金の返済をサポ
28	長洲町	住宅リフォーム工事費用を補助します！	https://www.town.nagasu.lg.jp/soshiki/machizukuri/teiju/175677286914918/	住宅リフォーム工事費用を補助します！｜定住促進係｜まちづくり課｜担当課から探す｜長洲町 文字サイズ 背景色 ふりがな --> 検索 翻訳 新着情報 コンテンツ 標準 大 最大 白 青 黒 担当課から探す 行事カレンダー くらし・手続き 健康・医療・福祉 子育て・教育 産業・しごと 行政情報 メニュー 文字サイズ 標準 大 最大 背景色 白 青 黒 ふりがな --> 検索 担当課から探す 行事カレンダー 翻訳 新着情報 コンテンツ くらし・手続き 健康・医療・福祉 子育て・教育 産業・しごと 行政情報 閉じる ホーム 担当課から探す まちづくり課 定住促進係 住宅リフォーム工事費用を補助します！ 住宅リフォーム工事費用を補助します！
28	長洲町	「住まいのエンディングノート」について	https://www.town.nagasu.lg.jp/soshiki/machizukuri/teiju/175576396522907/	「住まいのエンディングノート」について｜定住促進係｜まちづくり課｜担当課から探す｜長洲町 文字サイズ 背景色 ふりがな --> 検索 翻訳 新着情報 コンテンツ 標準 大 最大 白 青 黒 担当課から探す 行事カレンダー くらし・手続き 健康・医療・福祉 子育て・教育 産業・しごと 行政情報 メニュー 文字サイズ 標準 大 最大 背景色 白 青 黒 ふりがな --> 検索 担当課から探す 行事カレンダー 翻訳 新着情報 コンテンツ くらし・手続き 健康・医療・福祉 子育て・教育 産業・しごと 行政情報 閉じる ホーム 担当課から探す まちづくり課 定住促進係 「住まいのエンディングノート」について 「住まいのエンディングノート」につ
28	長洲町	移住定住	https://www.town.nagasu.lg.jp/soshiki/machizukuri/teiju/176587650514184/	移住定住｜定住促進係｜まちづくり課｜担当課から探す｜長洲町 文字サイズ 背景色 ふりがな --> 検索 翻訳 新着情報 コンテンツ 標準 大 最大 白 青 黒 担当課から探す 行事カレンダー くらし・手続き 健康・医療・福祉 子育て・教育 産業・しごと 行政情報 メニュー 文字サイズ 標準 大 最大 背景色 白 青 黒 ふりがな --> 検索 担当課から探す 行事カレンダー 翻訳 新着情報 コンテンツ くらし・手続き 健康・医療・福祉 子育て・教育 産業・しごと 行政情報 閉じる ホーム 担当課から探す まちづくり課 定住促進係 移住定住 移住定住 最終更新日：2026年05月07日 Tweet シェア --> --> 長洲町ってこ
28	長洲町	長洲町空き家ガイドブックを作成しました	https://www.town.nagasu.lg.jp/soshiki/machizukuri/teiju/176224277012734/	長洲町空き家ガイドブックを作成しました｜定住促進係｜まちづくり課｜担当課から探す｜長洲町 文字サイズ 背景色 ふりがな --> 検索 翻訳 新着情報 コンテンツ 標準 大 最大 白 青 黒 担当課から探す 行事カレンダー くらし・手続き 健康・医療・福祉 子育て・教育 産業・しごと 行政情報 メニュー 文字サイズ 標準 大 最大 背景色 白 青 黒 ふりがな --> 検索 担当課から探す 行事カレンダー 翻訳 新着情報 コンテンツ くらし・手続き 健康・医療・福祉 子育て・教育 産業・しごと 行政情報 閉じる ホーム 担当課から探す まちづくり課 定住促進係 長洲町空き家ガイドブックを作成しました 長洲町空き家ガイドブックを作成しま
26	長洲町	空家・空地	https://www.town.nagasu.lg.jp/kurashi/sumai/akiya/	空家・空地｜住まい・道路・上下水道｜くらし・手続き｜長洲町 文字サイズ 背景色 ふりがな --> 検索 翻訳 新着情報 コンテンツ 標準 大 最大 白 青 黒 担当課から探す 行事カレンダー くらし・手続き 健康・医療・福祉 子育て・教育 産業・しごと 行政情報 メニュー 文字サイズ 標準 大 最大 背景色 白 青 黒 ふりがな --> 検索 担当課から探す 行事カレンダー 翻訳 新着情報 コンテンツ くらし・手続き 健康・医療・福祉 子育て・教育 産業・しごと 行政情報 閉じる ホーム くらし・手続き 住まい・道路・上下水道 空家・空地 空家・空地 空き家の解体費用を補助します！ 「住まいのエンディングノート」について 長洲町空き
23	長洲町	子育て支援係	https://www.town.nagasu.lg.jp/soshiki/kosodate/kosodate_shien/	子育て支援係｜子育て支援課｜担当課から探す｜長洲町 文字サイズ 背景色 ふりがな --> 検索 翻訳 新着情報 コンテンツ 標準 大 最大 白 青 黒 担当課から探す 行事カレンダー くらし・手続き 健康・医療・福祉 子育て・教育 産業・しごと 行政情報 メニュー 文字サイズ 標準 大 最大 背景色 白 青 黒 ふりがな --> 検索 担当課から探す 行事カレンダー 翻訳 新着情報 コンテンツ くらし・手続き 健康・医療・福祉 子育て・教育 産業・しごと 行政情報 閉じる ホーム 担当課から探す 子育て支援課 子育て支援係 子育て支援係 児童扶養手当について 物価高対応子育て応援手当 子育て世帯向け医療相談アプリ「リーバー（LEBE
22	長洲町	住宅・建築	https://www.town.nagasu.lg.jp/kurashi/sumai/juutaku/	住宅・建築｜住まい・道路・上下水道｜くらし・手続き｜長洲町 文字サイズ 背景色 ふりがな --> 検索 翻訳 新着情報 コンテンツ 標準 大 最大 白 青 黒 担当課から探す 行事カレンダー くらし・手続き 健康・医療・福祉 子育て・教育 産業・しごと 行政情報 メニュー 文字サイズ 標準 大 最大 背景色 白 青 黒 ふりがな --> 検索 担当課から探す 行事カレンダー 翻訳 新着情報 コンテンツ くらし・手続き 健康・医療・福祉 子育て・教育 産業・しごと 行政情報 閉じる ホーム くらし・手続き 住まい・道路・上下水道 住宅・建築 住宅・建築 地域優良賃貸住宅「レインボーみやの」内覧会を開催します！ ～見て、感じて、理想の住
22	長洲町	お知らせ	https://www.town.nagasu.lg.jp/kosodate/kosodate/oshirase/	お知らせ｜子育て｜子育て・教育｜長洲町 文字サイズ 背景色 ふりがな --> 検索 翻訳 新着情報 コンテンツ 標準 大 最大 白 青 黒 担当課から探す 行事カレンダー くらし・手続き 健康・医療・福祉 子育て・教育 産業・しごと 行政情報 メニュー 文字サイズ 標準 大 最大 背景色 白 青 黒 ふりがな --> 検索 担当課から探す 行事カレンダー 翻訳 新着情報 コンテンツ くらし・手続き 健康・医療・福祉 子育て・教育 産業・しごと 行政情報 閉じる ホーム 子育て・教育 子育て お知らせ お知らせ 長洲町の子育て支援の取り組みを紹介します 長洲町中央児童館「新春書初め大会」を開催！ 「い～ばしょ で～きた！」 長洲町多世
21	長洲町	育児支援	https://www.town.nagasu.lg.jp/soshiki/kosodate/ikujishien/	育児支援｜子育て支援課｜担当課から探す｜長洲町 文字サイズ 背景色 ふりがな --> 検索 翻訳 新着情報 コンテンツ 標準 大 最大 白 青 黒 担当課から探す 行事カレンダー くらし・手続き 健康・医療・福祉 子育て・教育 産業・しごと 行政情報 メニュー 文字サイズ 標準 大 最大 背景色 白 青 黒 ふりがな --> 検索 担当課から探す 行事カレンダー 翻訳 新着情報 コンテンツ くらし・手続き 健康・医療・福祉 子育て・教育 産業・しごと 行政情報 閉じる ホーム 担当課から探す 子育て支援課 育児支援 育児支援 物価高対応子育て応援手当 子育て世帯向け医療相談アプリ「リーバー（LEBER）」について 「い～ばしょ で～
20	長洲町	交通アクセス	https://www.town.nagasu.lg.jp/soshiki/soumu/oshirase/kiji0033886/	交通アクセス｜お知らせ｜総務課｜担当課から探す｜長洲町 文字サイズ 背景色 ふりがな --> 検索 翻訳 新着情報 コンテンツ 標準 大 最大 白 青 黒 担当課から探す 行事カレンダー くらし・手続き 健康・医療・福祉 子育て・教育 産業・しごと 行政情報 メニュー 文字サイズ 標準 大 最大 背景色 白 青 黒 ふりがな --> 検索 担当課から探す 行事カレンダー 翻訳 新着情報 コンテンツ くらし・手続き 健康・医療・福祉 子育て・教育 産業・しごと 行政情報 閉じる ホーム 担当課から探す 総務課 お知らせ 交通アクセス 交通アクセス 最終更新日：2025年03月10日 Tweet シェア --> --> JR利用 JR鹿
20	長洲町	企画係	https://www.town.nagasu.lg.jp/soshiki/machizukuri/kikaku/	企画係｜まちづくり課｜担当課から探す｜長洲町 文字サイズ 背景色 ふりがな --> 検索 翻訳 新着情報 コンテンツ 標準 大 最大 白 青 黒 担当課から探す 行事カレンダー くらし・手続き 健康・医療・福祉 子育て・教育 産業・しごと 行政情報 メニュー 文字サイズ 標準 大 最大 背景色 白 青 黒 ふりがな --> 検索 担当課から探す 行事カレンダー 翻訳 新着情報 コンテンツ くらし・手続き 健康・医療・福祉 子育て・教育 産業・しごと 行政情報 閉じる ホーム 担当課から探す まちづくり課 企画係 企画係 きんぎょタクシー利用状況 「長洲町企業紹介冊子」に掲載する新規企業を募集します！ 環境整備協力費 ～ボートレースチ
18	長洲町	町有地を売ります（先着順）	https://www.town.nagasu.lg.jp/soshiki/soumu/zaimu/175245896217182	町有地を売ります（先着順）｜財務係｜総務課｜担当課から探す｜長洲町 文字サイズ 背景色 ふりがな --> 検索 翻訳 新着情報 コンテンツ 標準 大 最大 白 青 黒 担当課から探す 行事カレンダー くらし・手続き 健康・医療・福祉 子育て・教育 産業・しごと 行政情報 メニュー 文字サイズ 標準 大 最大 背景色 白 青 黒 ふりがな --> 検索 担当課から探す 行事カレンダー 翻訳 新着情報 コンテンツ くらし・手続き 健康・医療・福祉 子育て・教育 産業・しごと 行政情報 閉じる ホーム 担当課から探す 総務課 財務係 町有地を売ります（先着順） 町有地を売ります（先着順） 最終更新日：2026年07月08日 Tweet シ
18	長洲町	各課へのお問い合わせ	https://www.town.nagasu.lg.jp/soshiki/soumu/oshirase/173805889321439/	各課へのお問合せ｜お知らせ｜総務課｜担当課から探す｜長洲町 文字サイズ 背景色 ふりがな --> 検索 翻訳 新着情報 コンテンツ 標準 大 最大 白 青 黒 担当課から探す 行事カレンダー くらし・手続き 健康・医療・福祉 子育て・教育 産業・しごと 行政情報 メニュー 文字サイズ 標準 大 最大 背景色 白 青 黒 ふりがな --> 検索 担当課から探す 行事カレンダー 翻訳 新着情報 コンテンツ くらし・手続き 健康・医療・福祉 子育て・教育 産業・しごと 行政情報 閉じる ホーム 担当課から探す 総務課 お知らせ 各課へのお問合せ 各課へのお問合せ 最終更新日：2026年06月15日 Tweet シェア --> --> 各課
18	長洲町	お知らせ	https://www.town.nagasu.lg.jp/soshiki/soumu/oshirase/	お知らせ｜総務課｜担当課から探す｜長洲町 文字サイズ 背景色 ふりがな --> 検索 翻訳 新着情報 コンテンツ 標準 大 最大 白 青 黒 担当課から探す 行事カレンダー くらし・手続き 健康・医療・福祉 子育て・教育 産業・しごと 行政情報 メニュー 文字サイズ 標準 大 最大 背景色 白 青 黒 ふりがな --> 検索 担当課から探す 行事カレンダー 翻訳 新着情報 コンテンツ くらし・手続き 健康・医療・福祉 子育て・教育 産業・しごと 行政情報 閉じる ホーム 担当課から探す 総務課 お知らせ お知らせ 自主避難所の閉鎖について LPガス価格高騰対応生活者支援金（第5弾）について 【 叙勲受章報告 】元長洲町長 中逸博光さ
18	長洲町	財務係	https://www.town.nagasu.lg.jp/soshiki/soumu/zaimu/	財務係｜総務課｜担当課から探す｜長洲町 文字サイズ 背景色 ふりがな --> 検索 翻訳 新着情報 コンテンツ 標準 大 最大 白 青 黒 担当課から探す 行事カレンダー くらし・手続き 健康・医療・福祉 子育て・教育 産業・しごと 行政情報 メニュー 文字サイズ 標準 大 最大 背景色 白 青 黒 ふりがな --> 検索 担当課から探す 行事カレンダー 翻訳 新着情報 コンテンツ くらし・手続き 健康・医療・福祉 子育て・教育 産業・しごと 行政情報 閉じる ホーム 担当課から探す 総務課 財務係 財務係 町有地を売ります（先着順） LPガス価格高騰対応生活者支援金（第5弾）について 長洲町総合スポーツセンター指定管理候補者の選定
18	長洲町	保育	https://www.town.nagasu.lg.jp/soshiki/kosodate/hoiku/	保育｜子育て支援課｜担当課から探す｜長洲町 文字サイズ 背景色 ふりがな --> 検索 翻訳 新着情報 コンテンツ 標準 大 最大 白 青 黒 担当課から探す 行事カレンダー くらし・手続き 健康・医療・福祉 子育て・教育 産業・しごと 行政情報 メニュー 文字サイズ 標準 大 最大 背景色 白 青 黒 ふりがな --> 検索 担当課から探す 行事カレンダー 翻訳 新着情報 コンテンツ くらし・手続き 健康・医療・福祉 子育て・教育 産業・しごと 行政情報 閉じる ホーム 担当課から探す 子育て支援課 保育 保育 こども誰でも通園制度を利用しませんか？ 保育園・認定こども園の入園のご案内 各種保育サービス 児童手当について 保育所等
16	長洲町	担当課から探す	https://www.town.nagasu.lg.jp/soshiki/	担当課から探す｜長洲町 文字サイズ 背景色 ふりがな --> 検索 翻訳 新着情報 コンテンツ 標準 大 最大 白 青 黒 担当課から探す 行事カレンダー くらし・手続き 健康・医療・福祉 子育て・教育 産業・しごと 行政情報 メニュー 文字サイズ 標準 大 最大 背景色 白 青 黒 ふりがな --> 検索 担当課から探す 行事カレンダー 翻訳 新着情報 コンテンツ くらし・手続き 健康・医療・福祉 子育て・教育 産業・しごと 行政情報 閉じる ホーム 担当課から探す 担当課から探す カテゴリ選択 総務課 危機管理対策室 まちづくり課 住民環境課 子育て支援課 福祉介護課 健康づくり課 税務課 建設課 農林水産課 上下水道課（水道事
16	長洲町	プライバシーポリシー	https://www.town.nagasu.lg.jp/soshiki/machizukuri/oshirase/kiji0033896/	プライバシーポリシー｜お知らせ｜まちづくり課｜担当課から探す｜長洲町 文字サイズ 背景色 ふりがな --> 検索 翻訳 新着情報 コンテンツ 標準 大 最大 白 青 黒 担当課から探す 行事カレンダー くらし・手続き 健康・医療・福祉 子育て・教育 産業・しごと 行政情報 メニュー 文字サイズ 標準 大 最大 背景色 白 青 黒 ふりがな --> 検索 担当課から探す 行事カレンダー 翻訳 新着情報 コンテンツ くらし・手続き 健康・医療・福祉 子育て・教育 産業・しごと 行政情報 閉じる ホーム 担当課から探す まちづくり課 お知らせ プライバシーポリシー プライバシーポリシー 最終更新日：2025年03月10日 Tweet シェ
16	長洲町	バナー広告について	https://www.town.nagasu.lg.jp/soshiki/machizukuri/oshirase/kiji0033908/	バナー広告について｜お知らせ｜まちづくり課｜担当課から探す｜長洲町 文字サイズ 背景色 ふりがな --> 検索 翻訳 新着情報 コンテンツ 標準 大 最大 白 青 黒 担当課から探す 行事カレンダー くらし・手続き 健康・医療・福祉 子育て・教育 産業・しごと 行政情報 メニュー 文字サイズ 標準 大 最大 背景色 白 青 黒 ふりがな --> 検索 担当課から探す 行事カレンダー 翻訳 新着情報 コンテンツ くらし・手続き 健康・医療・福祉 子育て・教育 産業・しごと 行政情報 閉じる ホーム 担当課から探す まちづくり課 お知らせ バナー広告について バナー広告について 最終更新日：2025年03月10日 Tweet シェア -
16	長洲町	日本体育大学自治体連携協定事業「記念講演会」を開催します!	https://www.town.nagasu.lg.jp/kosodate/sonota/oshirase/178167413531082/	日本体育大学自治体連携協定事業「記念講演会」を開催します!｜お知らせ｜その他｜子育て・教育｜長洲町 文字サイズ 背景色 ふりがな --> 検索 翻訳 新着情報 コンテンツ 標準 大 最大 白 青 黒 担当課から探す 行事カレンダー くらし・手続き 健康・医療・福祉 子育て・教育 産業・しごと 行政情報 メニュー 文字サイズ 標準 大 最大 背景色 白 青 黒 ふりがな --> 検索 担当課から探す 行事カレンダー 翻訳 新着情報 コンテンツ くらし・手続き 健康・医療・福祉 子育て・教育 産業・しごと 行政情報 閉じる ホーム 子育て・教育 その他 お知らせ 日本体育大学自治体連携協定事業「記念講演会」を開催します! 日本体育大学自
16	長洲町	長年にわたり教育振興に尽力～坂本裕文さんが全国市町村教育委員会連合会表彰を受賞	https://www.town.nagasu.lg.jp/kosodate/sonota/oshirase/178124040529019/	長年にわたり教育振興に尽力～坂本裕文さんが全国市町村教育委員会連合会表彰を受賞｜お知らせ｜その他｜子育て・教育｜長洲町 文字サイズ 背景色 ふりがな --> 検索 翻訳 新着情報 コンテンツ 標準 大 最大 白 青 黒 担当課から探す 行事カレンダー くらし・手続き 健康・医療・福祉 子育て・教育 産業・しごと 行政情報 メニュー 文字サイズ 標準 大 最大 背景色 白 青 黒 ふりがな --> 検索 担当課から探す 行事カレンダー 翻訳 新着情報 コンテンツ くらし・手続き 健康・医療・福祉 子育て・教育 産業・しごと 行政情報 閉じる ホーム 子育て・教育 その他 お知らせ 長年にわたり教育振興に尽力～坂本裕文さんが全国市町村教
16	長洲町	お知らせ	https://www.town.nagasu.lg.jp/soshiki/kiki/oshirase/	お知らせ｜危機管理対策室｜担当課から探す｜長洲町 文字サイズ 背景色 ふりがな --> 検索 翻訳 新着情報 コンテンツ 標準 大 最大 白 青 黒 担当課から探す 行事カレンダー くらし・手続き 健康・医療・福祉 子育て・教育 産業・しごと 行政情報 メニュー 文字サイズ 標準 大 最大 背景色 白 青 黒 ふりがな --> 検索 担当課から探す 行事カレンダー 翻訳 新着情報 コンテンツ くらし・手続き 健康・医療・福祉 子育て・教育 産業・しごと 行政情報 閉じる ホーム 担当課から探す 危機管理対策室 お知らせ お知らせ 家庭用消火器の購入費用を助成します 家庭用防犯カメラ購入費用の一部を助成します 【スマート防災ポータル-
16	長洲町	地域支援係	https://www.town.nagasu.lg.jp/soshiki/fukushi/chiikishien/	地域支援係｜福祉介護課｜担当課から探す｜長洲町 文字サイズ 背景色 ふりがな --> 検索 翻訳 新着情報 コンテンツ 標準 大 最大 白 青 黒 担当課から探す 行事カレンダー くらし・手続き 健康・医療・福祉 子育て・教育 産業・しごと 行政情報 メニュー 文字サイズ 標準 大 最大 背景色 白 青 黒 ふりがな --> 検索 担当課から探す 行事カレンダー 翻訳 新着情報 コンテンツ くらし・手続き 健康・医療・福祉 子育て・教育 産業・しごと 行政情報 閉じる ホーム 担当課から探す 福祉介護課 地域支援係 地域支援係 長洲町介護予防ポイントアプリ導入業務委託に係る公募型プロポーザル審査結果について 介護予防・日常生活支援総
16	長洲町	お知らせ	https://www.town.nagasu.lg.jp/soshiki/kensetsu/oshirase/	お知らせ｜建設課｜担当課から探す｜長洲町 文字サイズ 背景色 ふりがな --> 検索 翻訳 新着情報 コンテンツ 標準 大 最大 白 青 黒 担当課から探す 行事カレンダー くらし・手続き 健康・医療・福祉 子育て・教育 産業・しごと 行政情報 メニュー 文字サイズ 標準 大 最大 背景色 白 青 黒 ふりがな --> 検索 担当課から探す 行事カレンダー 翻訳 新着情報 コンテンツ くらし・手続き 健康・医療・福祉 子育て・教育 産業・しごと 行政情報 閉じる ホーム 担当課から探す 建設課 お知らせ お知らせ 有明海沿岸道路（長洲町～玉名市）の道路計画に関するアンケートにご協力ください 町営住宅随時募集のご案内 危険ブロック塀の
35	南関町	補助金・助成金 - 南関町	https://www.town.nankan.lg.jp/oshirase/tyosei/hojokinjoseikin/rss.xml	補助金・助成金 - 南関町 https://www.town.nankan.lg.jp/oshirase/tyosei/hojokinjoseikin/ 補助金・助成金 ja 高等学校等通学応援金 https://www.town.nankan.lg.jp/kurashi/todokede/4833.html Wed, 20 May 2026 18:31:45 +0900 2026-05-20T18:31:45+09:00 南関町定住住宅取得等補助金における取扱事業者登録について https://www.town.nankan.lg.jp/kurashi/kurashisodan/2203.html Wed, 22 Apr 2026
31	南関町	申請書のダウンロード - 南関町	https://www.town.nankan.lg.jp/oshirase/tyosei/shinseisho/rss.xml	申請書のダウンロード - 南関町 https://www.town.nankan.lg.jp/oshirase/tyosei/shinseisho/ 申請書のダウンロード ja 高等学校等通学応援金 https://www.town.nankan.lg.jp/kurashi/todokede/4833.html Wed, 20 May 2026 18:31:45 +0900 2026-05-20T18:31:45+09:00 南関町定住住宅取得等補助金における取扱事業者登録について https://www.town.nankan.lg.jp/kurashi/kurashisodan/2203.html Wed, 22 Apr 202
30	南関町	高等学校等通学応援金	https://www.town.nankan.lg.jp/kurashi/todokede/4833.html	高等学校等通学応援金 - 南関町 --> 本文へスキップします。 --> くらしの情報 くらしの手続き ごみ出し 相談窓口 施設情報 各種様式 補助金申請 --> 補助金申請 もしもの時は その他の情報 メインメニュー くらし 健康 子育て・学び 仕事 町政情報 防災・防犯 南関MOVIE 観光情報 ふるさと納税 南関MOVIE 南関フォトギャラリー 法人番号 8000020433675 〒861-0898 熊本県玉名郡南関町大字関町64 Tel:0968-53-1111 Fax:0968-53-2351 開庁時間 月曜日から金曜日 8時30分から17時15分まで（祝日・休日・年末年始を除く） ※水曜日は税務住民課と福祉課（一部業務
30	南関町	南関町空家等家財処分等支援事業補助金	https://www.town.nankan.lg.jp/kurashi/kurashisodan/3111.html	南関町空家等家財処分等支援事業補助金 - 南関町 --> 本文へスキップします。 --> くらしの情報 くらしの手続き ごみ出し 相談窓口 施設情報 各種様式 補助金申請 --> 補助金申請 もしもの時は その他の情報 メインメニュー くらし 健康 子育て・学び 仕事 町政情報 防災・防犯 南関MOVIE 観光情報 ふるさと納税 南関MOVIE 南関フォトギャラリー 法人番号 8000020433675 〒861-0898 熊本県玉名郡南関町大字関町64 Tel:0968-53-1111 Fax:0968-53-2351 開庁時間 月曜日から金曜日 8時30分から17時15分まで（祝日・休日・年末年始を除く） ※水曜日は税務住民課と
30	南関町	こども医療費助成制度の運用変更について	https://www.town.nankan.lg.jp/kenko/iryo/4533.html	こども医療費助成制度の運用変更について - 南関町 --> 本文へスキップします。 --> くらしの情報 くらしの手続き ごみ出し 相談窓口 施設情報 各種様式 補助金申請 --> 補助金申請 もしもの時は その他の情報 メインメニュー くらし 健康 子育て・学び 仕事 町政情報 防災・防犯 南関MOVIE 観光情報 ふるさと納税 南関MOVIE 南関フォトギャラリー 法人番号 8000020433675 〒861-0898 熊本県玉名郡南関町大字関町64 Tel:0968-53-1111 Fax:0968-53-2351 開庁時間 月曜日から金曜日 8時30分から17時15分まで（祝日・休日・年末年始を除く） ※水曜日は税務住民課
30	南関町	南関町こども医療費助成制度について	https://www.town.nankan.lg.jp/kenko/iryo/3447.html	南関町こども医療費助成制度について - 南関町 --> 本文へスキップします。 --> くらしの情報 くらしの手続き ごみ出し 相談窓口 施設情報 各種様式 補助金申請 --> 補助金申請 もしもの時は その他の情報 メインメニュー くらし 健康 子育て・学び 仕事 町政情報 防災・防犯 南関MOVIE 観光情報 ふるさと納税 南関MOVIE 南関フォトギャラリー 法人番号 8000020433675 〒861-0898 熊本県玉名郡南関町大字関町64 Tel:0968-53-1111 Fax:0968-53-2351 開庁時間 月曜日から金曜日 8時30分から17時15分まで（祝日・休日・年末年始を除く） ※水曜日は税務住民課と福
30	南関町	南関町空家等除却促進事業補助金	https://www.town.nankan.lg.jp/kurashi/kurashisodan/3120.html	南関町空家等除却促進事業補助金 - 南関町 --> 本文へスキップします。 --> くらしの情報 くらしの手続き ごみ出し 相談窓口 施設情報 各種様式 補助金申請 --> 補助金申請 もしもの時は その他の情報 メインメニュー くらし 健康 子育て・学び 仕事 町政情報 防災・防犯 南関MOVIE 観光情報 ふるさと納税 南関MOVIE 南関フォトギャラリー 法人番号 8000020433675 〒861-0898 熊本県玉名郡南関町大字関町64 Tel:0968-53-1111 Fax:0968-53-2351 開庁時間 月曜日から金曜日 8時30分から17時15分まで（祝日・休日・年末年始を除く） ※水曜日は税務住民課と福祉課
30	南関町	南関町家庭用再生可能エネルギー導入促進事業	https://www.town.nankan.lg.jp/sangyo/sundeyokatta/2780.html	南関町家庭用再生可能エネルギー導入促進事業 - 南関町 --> 本文へスキップします。 --> くらしの情報 くらしの手続き ごみ出し 相談窓口 施設情報 各種様式 補助金申請 --> 補助金申請 もしもの時は その他の情報 メインメニュー くらし 健康 子育て・学び 仕事 町政情報 防災・防犯 南関MOVIE 観光情報 ふるさと納税 南関MOVIE 南関フォトギャラリー 法人番号 8000020433675 〒861-0898 熊本県玉名郡南関町大字関町64 Tel:0968-53-1111 Fax:0968-53-2351 開庁時間 月曜日から金曜日 8時30分から17時15分まで（祝日・休日・年末年始を除く） ※水曜日は税務住
30	南関町	南関町空き店舗等活用開業支援事業助成金の活用について	https://www.town.nankan.lg.jp/sangyo/chiikishinko/4400.html	南関町空き店舗等活用開業支援事業助成金の活用について - 南関町 --> 本文へスキップします。 --> くらしの情報 くらしの手続き ごみ出し 相談窓口 施設情報 各種様式 補助金申請 --> 補助金申請 もしもの時は その他の情報 メインメニュー くらし 健康 子育て・学び 仕事 町政情報 防災・防犯 南関MOVIE 観光情報 ふるさと納税 南関MOVIE 南関フォトギャラリー 法人番号 8000020433675 〒861-0898 熊本県玉名郡南関町大字関町64 Tel:0968-53-1111 Fax:0968-53-2351 開庁時間 月曜日から金曜日 8時30分から17時15分まで（祝日・休日・年末年始を除く） ※水曜
30	南関町	南関町マルシェ開催事業募集について	https://www.town.nankan.lg.jp/sangyo/chiikishinko/3135.html	南関町マルシェ開催事業募集について - 南関町 --> 本文へスキップします。 --> くらしの情報 くらしの手続き ごみ出し 相談窓口 施設情報 各種様式 補助金申請 --> 補助金申請 もしもの時は その他の情報 メインメニュー くらし 健康 子育て・学び 仕事 町政情報 防災・防犯 南関MOVIE 観光情報 ふるさと納税 南関MOVIE 南関フォトギャラリー 法人番号 8000020433675 〒861-0898 熊本県玉名郡南関町大字関町64 Tel:0968-53-1111 Fax:0968-53-2351 開庁時間 月曜日から金曜日 8時30分から17時15分まで（祝日・休日・年末年始を除く） ※水曜日は税務住民課と福
30	南関町	南関町空き店舗等活用開業支援事業助成金の活用について	https://www.town.nankan.lg.jp/sangyo/chiikishinko/3243.html	南関町空き店舗等活用開業支援事業助成金の活用について - 南関町 --> 本文へスキップします。 --> くらしの情報 くらしの手続き ごみ出し 相談窓口 施設情報 各種様式 補助金申請 --> 補助金申請 もしもの時は その他の情報 メインメニュー くらし 健康 子育て・学び 仕事 町政情報 防災・防犯 南関MOVIE 観光情報 ふるさと納税 南関MOVIE 南関フォトギャラリー 法人番号 8000020433675 〒861-0898 熊本県玉名郡南関町大字関町64 Tel:0968-53-1111 Fax:0968-53-2351 開庁時間 月曜日から金曜日 8時30分から17時15分まで（祝日・休日・年末年始を除く） ※水曜
30	南関町	令和８年度から子ども・子育て支援金が始まります	https://www.town.nankan.lg.jp/kenko/nenkinkenkohoken/kenkohoken/4761.html	令和８年度から子ども・子育て支援金が始まります - 南関町 --> 本文へスキップします。 --> くらしの情報 くらしの手続き ごみ出し 相談窓口 施設情報 各種様式 補助金申請 --> 補助金申請 もしもの時は その他の情報 メインメニュー くらし 健康 子育て・学び 仕事 町政情報 防災・防犯 南関MOVIE 観光情報 ふるさと納税 南関MOVIE 南関フォトギャラリー 法人番号 8000020433675 〒861-0898 熊本県玉名郡南関町大字関町64 Tel:0968-53-1111 Fax:0968-53-2351 開庁時間 月曜日から金曜日 8時30分から17時15分まで（祝日・休日・年末年始を除く） ※水曜日は税
30	南関町	確定申告および住民税申告について	https://www.town.nankan.lg.jp/kurashi/zeikin/kojinchominzei/3538.html	確定申告および住民税申告について - 南関町 --> 本文へスキップします。 --> くらしの情報 くらしの手続き ごみ出し 相談窓口 施設情報 各種様式 補助金申請 --> 補助金申請 もしもの時は その他の情報 メインメニュー くらし 健康 子育て・学び 仕事 町政情報 防災・防犯 南関MOVIE 観光情報 ふるさと納税 南関MOVIE 南関フォトギャラリー 法人番号 8000020433675 〒861-0898 熊本県玉名郡南関町大字関町64 Tel:0968-53-1111 Fax:0968-53-2351 開庁時間 月曜日から金曜日 8時30分から17時15分まで（祝日・休日・年末年始を除く） ※水曜日は税務住民課と福祉
30	南関町	帯状疱疹予防接種のお知らせ	https://www.town.nankan.lg.jp/kenko/iryo/yobosesshu/3993.html	帯状疱疹予防接種のお知らせ - 南関町 --> 本文へスキップします。 --> くらしの情報 くらしの手続き ごみ出し 相談窓口 施設情報 各種様式 補助金申請 --> 補助金申請 もしもの時は その他の情報 メインメニュー くらし 健康 子育て・学び 仕事 町政情報 防災・防犯 南関MOVIE 観光情報 ふるさと納税 南関MOVIE 南関フォトギャラリー 法人番号 8000020433675 〒861-0898 熊本県玉名郡南関町大字関町64 Tel:0968-53-1111 Fax:0968-53-2351 開庁時間 月曜日から金曜日 8時30分から17時15分まで（祝日・休日・年末年始を除く） ※水曜日は税務住民課と福祉課（一
30	南関町	若年がん患者在宅療養生活支援事業	https://www.town.nankan.lg.jp/kenko/iryo/sonota/3974.html	若年がん患者在宅療養生活支援事業 - 南関町 --> 本文へスキップします。 --> くらしの情報 くらしの手続き ごみ出し 相談窓口 施設情報 各種様式 補助金申請 --> 補助金申請 もしもの時は その他の情報 メインメニュー くらし 健康 子育て・学び 仕事 町政情報 防災・防犯 南関MOVIE 観光情報 ふるさと納税 南関MOVIE 南関フォトギャラリー 法人番号 8000020433675 〒861-0898 熊本県玉名郡南関町大字関町64 Tel:0968-53-1111 Fax:0968-53-2351 開庁時間 月曜日から金曜日 8時30分から17時15分まで（祝日・休日・年末年始を除く） ※水曜日は税務住民課と福祉
30	南関町	南関町１か月児健康診査費用助成について	https://www.town.nankan.lg.jp/kosodate/kosodateshien/4888.html	南関町１か月児健康診査費用助成について - 南関町 --> 本文へスキップします。 --> くらしの情報 くらしの手続き ごみ出し 相談窓口 施設情報 各種様式 補助金申請 --> 補助金申請 もしもの時は その他の情報 メインメニュー くらし 健康 子育て・学び 仕事 町政情報 防災・防犯 南関MOVIE 観光情報 ふるさと納税 南関MOVIE 南関フォトギャラリー 法人番号 8000020433675 〒861-0898 熊本県玉名郡南関町大字関町64 Tel:0968-53-1111 Fax:0968-53-2351 開庁時間 月曜日から金曜日 8時30分から17時15分まで（祝日・休日・年末年始を除く） ※水曜日は税務住民課
30	南関町	南関町産婦健康診査費用助成事業について	https://www.town.nankan.lg.jp/kosodate/kosodateshien/4873.html	南関町産婦健康診査費用助成事業について - 南関町 --> 本文へスキップします。 --> くらしの情報 くらしの手続き ごみ出し 相談窓口 施設情報 各種様式 補助金申請 --> 補助金申請 もしもの時は その他の情報 メインメニュー くらし 健康 子育て・学び 仕事 町政情報 防災・防犯 南関MOVIE 観光情報 ふるさと納税 南関MOVIE 南関フォトギャラリー 法人番号 8000020433675 〒861-0898 熊本県玉名郡南関町大字関町64 Tel:0968-53-1111 Fax:0968-53-2351 開庁時間 月曜日から金曜日 8時30分から17時15分まで（祝日・休日・年末年始を除く） ※水曜日は税務住民課
30	南関町	有害鳥獣から農作物を守る電気防護柵等の購入費を補助します	https://www.town.nankan.lg.jp/sangyo/noringyo/tyouju/4153.html	有害鳥獣から農作物を守る電気防護柵等の購入費を補助します - 南関町 --> 本文へスキップします。 --> くらしの情報 くらしの手続き ごみ出し 相談窓口 施設情報 各種様式 補助金申請 --> 補助金申請 もしもの時は その他の情報 メインメニュー くらし 健康 子育て・学び 仕事 町政情報 防災・防犯 南関MOVIE 観光情報 ふるさと納税 南関MOVIE 南関フォトギャラリー 法人番号 8000020433675 〒861-0898 熊本県玉名郡南関町大字関町64 Tel:0968-53-1111 Fax:0968-53-2351 開庁時間 月曜日から金曜日 8時30分から17時15分まで（祝日・休日・年末年始を除く） ※
30	南関町	町税に関する証明書等の交付申請書	https://www.town.nankan.lg.jp/kurashi/zeikin/shomeishokofu/3342.html	町税に関する証明書等の交付申請書 - 南関町 --> 本文へスキップします。 --> くらしの情報 くらしの手続き ごみ出し 相談窓口 施設情報 各種様式 補助金申請 --> 補助金申請 もしもの時は その他の情報 メインメニュー くらし 健康 子育て・学び 仕事 町政情報 防災・防犯 南関MOVIE 観光情報 ふるさと納税 南関MOVIE 南関フォトギャラリー 法人番号 8000020433675 〒861-0898 熊本県玉名郡南関町大字関町64 Tel:0968-53-1111 Fax:0968-53-2351 開庁時間 月曜日から金曜日 8時30分から17時15分まで（祝日・休日・年末年始を除く） ※水曜日は税務住民課と福祉
30	南関町	南関町生ごみ処理機器等設置補助金交付事業	https://www.town.nankan.lg.jp/kurashi/kankyo/2396.html	南関町生ごみ処理機器等設置補助金交付事業 - 南関町 --> 本文へスキップします。 --> くらしの情報 くらしの手続き ごみ出し 相談窓口 施設情報 各種様式 補助金申請 --> 補助金申請 もしもの時は その他の情報 メインメニュー くらし 健康 子育て・学び 仕事 町政情報 防災・防犯 南関MOVIE 観光情報 ふるさと納税 南関MOVIE 南関フォトギャラリー 法人番号 8000020433675 〒861-0898 熊本県玉名郡南関町大字関町64 Tel:0968-53-1111 Fax:0968-53-2351 開庁時間 月曜日から金曜日 8時30分から17時15分まで（祝日・休日・年末年始を除く） ※水曜日は税務住民
30	南関町	南関町水質浄化処理器具設置補助金交付事業	https://www.town.nankan.lg.jp/kurashi/kankyo/2557.html	南関町水質浄化処理器具設置補助金交付事業 - 南関町 --> 本文へスキップします。 --> くらしの情報 くらしの手続き ごみ出し 相談窓口 施設情報 各種様式 補助金申請 --> 補助金申請 もしもの時は その他の情報 メインメニュー くらし 健康 子育て・学び 仕事 町政情報 防災・防犯 南関MOVIE 観光情報 ふるさと納税 南関MOVIE 南関フォトギャラリー 法人番号 8000020433675 〒861-0898 熊本県玉名郡南関町大字関町64 Tel:0968-53-1111 Fax:0968-53-2351 開庁時間 月曜日から金曜日 8時30分から17時15分まで（祝日・休日・年末年始を除く） ※水曜日は税務住民
30	南関町	資源回収事業奨励金交付事業	https://www.town.nankan.lg.jp/kurashi/kankyo/2504.html	資源回収事業奨励金交付事業 - 南関町 --> 本文へスキップします。 --> くらしの情報 くらしの手続き ごみ出し 相談窓口 施設情報 各種様式 補助金申請 --> 補助金申請 もしもの時は その他の情報 メインメニュー くらし 健康 子育て・学び 仕事 町政情報 防災・防犯 南関MOVIE 観光情報 ふるさと納税 南関MOVIE 南関フォトギャラリー 法人番号 8000020433675 〒861-0898 熊本県玉名郡南関町大字関町64 Tel:0968-53-1111 Fax:0968-53-2351 開庁時間 月曜日から金曜日 8時30分から17時15分まで（祝日・休日・年末年始を除く） ※水曜日は税務住民課と福祉課（一
30	南関町	令和６年度新たに住民税非課税等となる世帯への給付金	https://www.town.nankan.lg.jp/kurashi/kurashisodan/shohisodan/3228.html	令和６年度新たに住民税非課税等となる世帯への給付金 - 南関町 --> 本文へスキップします。 --> くらしの情報 くらしの手続き ごみ出し 相談窓口 施設情報 各種様式 補助金申請 --> 補助金申請 もしもの時は その他の情報 メインメニュー くらし 健康 子育て・学び 仕事 町政情報 防災・防犯 南関MOVIE 観光情報 ふるさと納税 南関MOVIE 南関フォトギャラリー 法人番号 8000020433675 〒861-0898 熊本県玉名郡南関町大字関町64 Tel:0968-53-1111 Fax:0968-53-2351 開庁時間 月曜日から金曜日 8時30分から17時15分まで（祝日・休日・年末年始を除く） ※水曜日
30	南関町	【町長室】令和８年６月定例会挨拶	https://www.town.nankan.lg.jp/tyosei/chochoshitsu/goaisatsu/5002.html	【町長室】令和８年６月定例会挨拶 - 南関町 --> 本文へスキップします。 --> くらしの情報 くらしの手続き ごみ出し 相談窓口 施設情報 各種様式 補助金申請 --> 補助金申請 もしもの時は その他の情報 メインメニュー くらし 健康 子育て・学び 仕事 町政情報 防災・防犯 南関MOVIE 観光情報 ふるさと納税 南関MOVIE 南関フォトギャラリー 法人番号 8000020433675 〒861-0898 熊本県玉名郡南関町大字関町64 Tel:0968-53-1111 Fax:0968-53-2351 開庁時間 月曜日から金曜日 8時30分から17時15分まで（祝日・休日・年末年始を除く） ※水曜日は税務住民課と福祉
30	南関町	広報なんかん 2026年6月号（第399号）	https://www.town.nankan.lg.jp/tyosei/kohokocho/kohonankan/4985.html	広報なんかん 2026年6月号（第399号） - 南関町 --> 本文へスキップします。 --> くらしの情報 くらしの手続き ごみ出し 相談窓口 施設情報 各種様式 補助金申請 --> 補助金申請 もしもの時は その他の情報 メインメニュー くらし 健康 子育て・学び 仕事 町政情報 防災・防犯 南関MOVIE 観光情報 ふるさと納税 南関MOVIE 南関フォトギャラリー 法人番号 8000020433675 〒861-0898 熊本県玉名郡南関町大字関町64 Tel:0968-53-1111 Fax:0968-53-2351 開庁時間 月曜日から金曜日 8時30分から17時15分まで（祝日・休日・年末年始を除く） ※水曜日は税務
30	南関町	応急手当講習会について	https://www.town.nankan.lg.jp/oshirase/bosai/2745.html	応急手当講習会について - 南関町 --> 本文へスキップします。 --> くらしの情報 くらしの手続き ごみ出し 相談窓口 施設情報 各種様式 補助金申請 --> 補助金申請 もしもの時は その他の情報 メインメニュー くらし 健康 子育て・学び 仕事 町政情報 防災・防犯 南関MOVIE 観光情報 ふるさと納税 南関MOVIE 南関フォトギャラリー 法人番号 8000020433675 〒861-0898 熊本県玉名郡南関町大字関町64 Tel:0968-53-1111 Fax:0968-53-2351 開庁時間 月曜日から金曜日 8時30分から17時15分まで（祝日・休日・年末年始を除く） ※水曜日は税務住民課と福祉課（一部業
28	南関町	ごみ	https://www.town.nankan.lg.jp/kurashi/gomi/	ごみ - 南関町 --> 本文へスキップします。 --> くらしの情報 くらしの手続き ごみ出し 相談窓口 施設情報 各種様式 補助金申請 --> 補助金申請 もしもの時は その他の情報 メインメニュー くらし 健康 子育て・学び 仕事 町政情報 防災・防犯 南関MOVIE 観光情報 ふるさと納税 南関MOVIE 南関フォトギャラリー 法人番号 8000020433675 〒861-0898 熊本県玉名郡南関町大字関町64 Tel:0968-53-1111 Fax:0968-53-2351 開庁時間 月曜日から金曜日 8時30分から17時15分まで（祝日・休日・年末年始を除く） ※水曜日は税務住民課と福祉課（一部業務のみ）19時まで
28	南関町	子育て・学び	https://www.town.nankan.lg.jp/kosodate/	子育て・学び - 南関町 --> 本文へスキップします。 --> くらしの情報 くらしの手続き ごみ出し 相談窓口 施設情報 各種様式 補助金申請 --> 補助金申請 もしもの時は その他の情報 メインメニュー くらし 健康 子育て・学び 仕事 町政情報 防災・防犯 南関MOVIE 観光情報 ふるさと納税 南関MOVIE 南関フォトギャラリー 法人番号 8000020433675 〒861-0898 熊本県玉名郡南関町大字関町64 Tel:0968-53-1111 Fax:0968-53-2351 開庁時間 月曜日から金曜日 8時30分から17時15分まで（祝日・休日・年末年始を除く） ※水曜日は税務住民課と福祉課（一部業務のみ）1
28	南関町	住んでよかったプロジェクト	https://www.town.nankan.lg.jp/sangyo/sundeyokatta/	住んでよかったプロジェクト - 南関町 --> 本文へスキップします。 --> くらしの情報 くらしの手続き ごみ出し 相談窓口 施設情報 各種様式 補助金申請 --> 補助金申請 もしもの時は その他の情報 メインメニュー くらし 健康 子育て・学び 仕事 町政情報 防災・防犯 南関MOVIE 観光情報 ふるさと納税 南関MOVIE 南関フォトギャラリー 法人番号 8000020433675 〒861-0898 熊本県玉名郡南関町大字関町64 Tel:0968-53-1111 Fax:0968-53-2351 開庁時間 月曜日から金曜日 8時30分から17時15分まで（祝日・休日・年末年始を除く） ※水曜日は税務住民課と福祉課（一
28	南関町	広報なんかん 2026年7月号（第400号）	https://www.town.nankan.lg.jp/tyosei/kohokocho/kohonankan/5045.html	広報なんかん 2026年7月号（第400号） - 南関町 --> 本文へスキップします。 --> くらしの情報 くらしの手続き ごみ出し 相談窓口 施設情報 各種様式 補助金申請 --> 補助金申請 もしもの時は その他の情報 メインメニュー くらし 健康 子育て・学び 仕事 町政情報 防災・防犯 南関MOVIE 観光情報 ふるさと納税 南関MOVIE 南関フォトギャラリー 法人番号 8000020433675 〒861-0898 熊本県玉名郡南関町大字関町64 Tel:0968-53-1111 Fax:0968-53-2351 開庁時間 月曜日から金曜日 8時30分から17時15分まで（祝日・休日・年末年始を除く） ※水曜日は税務
28	南関町	定住住宅取得等補助金	https://www.town.nankan.lg.jp/kurashi/kurashisodan/page2764.html	定住住宅取得等補助金 - 南関町 --> 本文へスキップします。 --> くらしの情報 くらしの手続き ごみ出し 相談窓口 施設情報 各種様式 補助金申請 --> 補助金申請 もしもの時は その他の情報 メインメニュー くらし 健康 子育て・学び 仕事 町政情報 防災・防犯 南関MOVIE 観光情報 ふるさと納税 南関MOVIE 南関フォトギャラリー 法人番号 8000020433675 〒861-0898 熊本県玉名郡南関町大字関町64 Tel:0968-53-1111 Fax:0968-53-2351 開庁時間 月曜日から金曜日 8時30分から17時15分まで（祝日・休日・年末年始を除く） ※水曜日は税務住民課と福祉課（一部業務
28	南関町	関所っ子応援金	https://www.town.nankan.lg.jp/kurashi/todokede/page2765.html	関所っ子応援金 - 南関町 --> 本文へスキップします。 --> くらしの情報 くらしの手続き ごみ出し 相談窓口 施設情報 各種様式 補助金申請 --> 補助金申請 もしもの時は その他の情報 メインメニュー くらし 健康 子育て・学び 仕事 町政情報 防災・防犯 南関MOVIE 観光情報 ふるさと納税 南関MOVIE 南関フォトギャラリー 法人番号 8000020433675 〒861-0898 熊本県玉名郡南関町大字関町64 Tel:0968-53-1111 Fax:0968-53-2351 開庁時間 月曜日から金曜日 8時30分から17時15分まで（祝日・休日・年末年始を除く） ※水曜日は税務住民課と福祉課（一部業務のみ）
28	南関町	南関町家庭内保育世帯応援金	https://www.town.nankan.lg.jp/kosodate/kosodateshien/page1295.html	南関町家庭内保育世帯応援金 - 南関町 --> 本文へスキップします。 --> くらしの情報 くらしの手続き ごみ出し 相談窓口 施設情報 各種様式 補助金申請 --> 補助金申請 もしもの時は その他の情報 メインメニュー くらし 健康 子育て・学び 仕事 町政情報 防災・防犯 南関MOVIE 観光情報 ふるさと納税 南関MOVIE 南関フォトギャラリー 法人番号 8000020433675 〒861-0898 熊本県玉名郡南関町大字関町64 Tel:0968-53-1111 Fax:0968-53-2351 開庁時間 月曜日から金曜日 8時30分から17時15分まで（祝日・休日・年末年始を除く） ※水曜日は税務住民課と福祉課（一
28	南関町	南関町定住新築住宅固定資産補助金交付事業	https://www.town.nankan.lg.jp/tyosei/hojokinjoseikin/page1285.html	南関町定住新築住宅固定資産補助金交付事業 - 南関町 --> 本文へスキップします。 --> くらしの情報 くらしの手続き ごみ出し 相談窓口 施設情報 各種様式 補助金申請 --> 補助金申請 もしもの時は その他の情報 メインメニュー くらし 健康 子育て・学び 仕事 町政情報 防災・防犯 南関MOVIE 観光情報 ふるさと納税 南関MOVIE 南関フォトギャラリー 法人番号 8000020433675 〒861-0898 熊本県玉名郡南関町大字関町64 Tel:0968-53-1111 Fax:0968-53-2351 開庁時間 月曜日から金曜日 8時30分から17時15分まで（祝日・休日・年末年始を除く） ※水曜日は税務住民
28	南関町	【フラット35】地域連携型について（南関町定住住宅取得等補助金の申請をお考えの方へ）	https://www.town.nankan.lg.jp/sangyo/sundeyokatta/shugyoshien/page2763.html	【フラット35】地域連携型について（南関町定住住宅取得等補助金の申請をお考えの方へ） - 南関町 --> 本文へスキップします。 --> くらしの情報 くらしの手続き ごみ出し 相談窓口 施設情報 各種様式 補助金申請 --> 補助金申請 もしもの時は その他の情報 メインメニュー くらし 健康 子育て・学び 仕事 町政情報 防災・防犯 南関MOVIE 観光情報 ふるさと納税 南関MOVIE 南関フォトギャラリー 法人番号 8000020433675 〒861-0898 熊本県玉名郡南関町大字関町64 Tel:0968-53-1111 Fax:0968-53-2351 開庁時間 月曜日から金曜日 8時30分から17時15分まで（祝日
28	南関町	南関町空き店舗等活用開業支援事業助成金	https://www.town.nankan.lg.jp/tyosei/shinseisho/page2772.html	南関町空き店舗等活用開業支援事業助成金 - 南関町 --> 本文へスキップします。 --> くらしの情報 くらしの手続き ごみ出し 相談窓口 施設情報 各種様式 補助金申請 --> 補助金申請 もしもの時は その他の情報 メインメニュー くらし 健康 子育て・学び 仕事 町政情報 防災・防犯 南関MOVIE 観光情報 ふるさと納税 南関MOVIE 南関フォトギャラリー 法人番号 8000020433675 〒861-0898 熊本県玉名郡南関町大字関町64 Tel:0968-53-1111 Fax:0968-53-2351 開庁時間 月曜日から金曜日 8時30分から17時15分まで（祝日・休日・年末年始を除く） ※水曜日は税務住民課
28	南関町	令和5年度コミュニティ助成事業の募集について	https://www.town.nankan.lg.jp/tyosei/hojokinjoseikin/page3235.html	令和5年度コミュニティ助成事業の募集について - 南関町 --> 本文へスキップします。 --> くらしの情報 くらしの手続き ごみ出し 相談窓口 施設情報 各種様式 補助金申請 --> 補助金申請 もしもの時は その他の情報 メインメニュー くらし 健康 子育て・学び 仕事 町政情報 防災・防犯 南関MOVIE 観光情報 ふるさと納税 南関MOVIE 南関フォトギャラリー 法人番号 8000020433675 〒861-0898 熊本県玉名郡南関町大字関町64 Tel:0968-53-1111 Fax:0968-53-2351 開庁時間 月曜日から金曜日 8時30分から17時15分まで（祝日・休日・年末年始を除く） ※水曜日は税務
28	南関町	南関町保育料助成金	https://www.town.nankan.lg.jp/kosodate/kosodateshien/page1288.html	南関町保育料助成金 - 南関町 --> 本文へスキップします。 --> くらしの情報 くらしの手続き ごみ出し 相談窓口 施設情報 各種様式 補助金申請 --> 補助金申請 もしもの時は その他の情報 メインメニュー くらし 健康 子育て・学び 仕事 町政情報 防災・防犯 南関MOVIE 観光情報 ふるさと納税 南関MOVIE 南関フォトギャラリー 法人番号 8000020433675 〒861-0898 熊本県玉名郡南関町大字関町64 Tel:0968-53-1111 Fax:0968-53-2351 開庁時間 月曜日から金曜日 8時30分から17時15分まで（祝日・休日・年末年始を除く） ※水曜日は税務住民課と福祉課（一部業務の
28	南関町	くらし・手続き	https://www.town.nankan.lg.jp/oshirase/kurashi/	くらし・手続き - 南関町 --> 本文へスキップします。 --> くらしの情報 くらしの手続き ごみ出し 相談窓口 施設情報 各種様式 補助金申請 --> 補助金申請 もしもの時は その他の情報 メインメニュー くらし 健康 子育て・学び 仕事 町政情報 防災・防犯 南関MOVIE 観光情報 ふるさと納税 南関MOVIE 南関フォトギャラリー 法人番号 8000020433675 〒861-0898 熊本県玉名郡南関町大字関町64 Tel:0968-53-1111 Fax:0968-53-2351 開庁時間 月曜日から金曜日 8時30分から17時15分まで（祝日・休日・年末年始を除く） ※水曜日は税務住民課と福祉課（一部業務のみ）
28	南関町	税金	https://www.town.nankan.lg.jp/kurashi/zeikin/	税金 - 南関町 --> 本文へスキップします。 --> くらしの情報 くらしの手続き ごみ出し 相談窓口 施設情報 各種様式 補助金申請 --> 補助金申請 もしもの時は その他の情報 メインメニュー くらし 健康 子育て・学び 仕事 町政情報 防災・防犯 南関MOVIE 観光情報 ふるさと納税 南関MOVIE 南関フォトギャラリー 法人番号 8000020433675 〒861-0898 熊本県玉名郡南関町大字関町64 Tel:0968-53-1111 Fax:0968-53-2351 開庁時間 月曜日から金曜日 8時30分から17時15分まで（祝日・休日・年末年始を除く） ※水曜日は税務住民課と福祉課（一部業務のみ）19時まで
28	南関町	環境	https://www.town.nankan.lg.jp/kurashi/kankyo/	環境 - 南関町 --> 本文へスキップします。 --> くらしの情報 くらしの手続き ごみ出し 相談窓口 施設情報 各種様式 補助金申請 --> 補助金申請 もしもの時は その他の情報 メインメニュー くらし 健康 子育て・学び 仕事 町政情報 防災・防犯 南関MOVIE 観光情報 ふるさと納税 南関MOVIE 南関フォトギャラリー 法人番号 8000020433675 〒861-0898 熊本県玉名郡南関町大字関町64 Tel:0968-53-1111 Fax:0968-53-2351 開庁時間 月曜日から金曜日 8時30分から17時15分まで（祝日・休日・年末年始を除く） ※水曜日は税務住民課と福祉課（一部業務のみ）19時まで
28	南関町	子育て・学び	https://www.town.nankan.lg.jp/oshirase/kosodate/	子育て・学び - 南関町 --> 本文へスキップします。 --> くらしの情報 くらしの手続き ごみ出し 相談窓口 施設情報 各種様式 補助金申請 --> 補助金申請 もしもの時は その他の情報 メインメニュー くらし 健康 子育て・学び 仕事 町政情報 防災・防犯 南関MOVIE 観光情報 ふるさと納税 南関MOVIE 南関フォトギャラリー 法人番号 8000020433675 〒861-0898 熊本県玉名郡南関町大字関町64 Tel:0968-53-1111 Fax:0968-53-2351 開庁時間 月曜日から金曜日 8時30分から17時15分まで（祝日・休日・年末年始を除く） ※水曜日は税務住民課と福祉課（一部業務のみ）1
28	南関町	放課後児童健全育成事業（放課後児童クラブ）について	https://www.town.nankan.lg.jp/kosodate/kosodateshien/page2666.html	放課後児童健全育成事業（放課後児童クラブ）について - 南関町 --> 本文へスキップします。 --> くらしの情報 くらしの手続き ごみ出し 相談窓口 施設情報 各種様式 補助金申請 --> 補助金申請 もしもの時は その他の情報 メインメニュー くらし 健康 子育て・学び 仕事 町政情報 防災・防犯 南関MOVIE 観光情報 ふるさと納税 南関MOVIE 南関フォトギャラリー 法人番号 8000020433675 〒861-0898 熊本県玉名郡南関町大字関町64 Tel:0968-53-1111 Fax:0968-53-2351 開庁時間 月曜日から金曜日 8時30分から17時15分まで（祝日・休日・年末年始を除く） ※水曜日
28	南関町	児童扶養手当について	https://www.town.nankan.lg.jp/kosodate/hitorioyashien/page2835.html	児童扶養手当について - 南関町 --> 本文へスキップします。 --> くらしの情報 くらしの手続き ごみ出し 相談窓口 施設情報 各種様式 補助金申請 --> 補助金申請 もしもの時は その他の情報 メインメニュー くらし 健康 子育て・学び 仕事 町政情報 防災・防犯 南関MOVIE 観光情報 ふるさと納税 南関MOVIE 南関フォトギャラリー 法人番号 8000020433675 〒861-0898 熊本県玉名郡南関町大字関町64 Tel:0968-53-1111 Fax:0968-53-2351 開庁時間 月曜日から金曜日 8時30分から17時15分まで（祝日・休日・年末年始を除く） ※水曜日は税務住民課と福祉課（一部業務
28	南関町	南関町不妊治療費等助成事業について	https://www.town.nankan.lg.jp/kosodate/kodomokatei/page2410.html	南関町不妊治療費等助成事業について - 南関町 --> 本文へスキップします。 --> くらしの情報 くらしの手続き ごみ出し 相談窓口 施設情報 各種様式 補助金申請 --> 補助金申請 もしもの時は その他の情報 メインメニュー くらし 健康 子育て・学び 仕事 町政情報 防災・防犯 南関MOVIE 観光情報 ふるさと納税 南関MOVIE 南関フォトギャラリー 法人番号 8000020433675 〒861-0898 熊本県玉名郡南関町大字関町64 Tel:0968-53-1111 Fax:0968-53-2351 開庁時間 月曜日から金曜日 8時30分から17時15分まで（祝日・休日・年末年始を除く） ※水曜日は税務住民課と福
28	南関町	子育て・学び - 南関町	https://www.town.nankan.lg.jp/oshirase/kosodate/rss.xml	子育て・学び - 南関町 https://www.town.nankan.lg.jp/oshirase/kosodate/ 子育て・学び ja 教育長だより https://www.town.nankan.lg.jp/kosodate/kyoiku/iinkai/3295.html Wed, 01 Jul 2026 16:16:55 +0900 2026-07-01T16:16:55+09:00 南関町こども家庭センターだより https://www.town.nankan.lg.jp/kosodate/kodomokatei/3754.html Wed, 01 Jul 2026 13:00:35 +0900 2026-07-01T
28	南関町	ひとり親家庭支援	https://www.town.nankan.lg.jp/kosodate/hitorioyashien/	ひとり親家庭支援 - 南関町 --> 本文へスキップします。 --> くらしの情報 くらしの手続き ごみ出し 相談窓口 施設情報 各種様式 補助金申請 --> 補助金申請 もしもの時は その他の情報 メインメニュー くらし 健康 子育て・学び 仕事 町政情報 防災・防犯 南関MOVIE 観光情報 ふるさと納税 南関MOVIE 南関フォトギャラリー 法人番号 8000020433675 〒861-0898 熊本県玉名郡南関町大字関町64 Tel:0968-53-1111 Fax:0968-53-2351 開庁時間 月曜日から金曜日 8時30分から17時15分まで（祝日・休日・年末年始を除く） ※水曜日は税務住民課と福祉課（一部業務のみ
28	南関町	地域振興	https://www.town.nankan.lg.jp/sangyo/chiikishinko/	地域振興 - 南関町 --> 本文へスキップします。 --> くらしの情報 くらしの手続き ごみ出し 相談窓口 施設情報 各種様式 補助金申請 --> 補助金申請 もしもの時は その他の情報 メインメニュー くらし 健康 子育て・学び 仕事 町政情報 防災・防犯 南関MOVIE 観光情報 ふるさと納税 南関MOVIE 南関フォトギャラリー 法人番号 8000020433675 〒861-0898 熊本県玉名郡南関町大字関町64 Tel:0968-53-1111 Fax:0968-53-2351 開庁時間 月曜日から金曜日 8時30分から17時15分まで（祝日・休日・年末年始を除く） ※水曜日は税務住民課と福祉課（一部業務のみ）19時
28	南関町	目的別に探す	https://www.town.nankan.lg.jp/mokutekibetsu/	目的別に探す - 南関町 --> 本文へスキップします。 --> くらしの情報 くらしの手続き ごみ出し 相談窓口 施設情報 各種様式 補助金申請 --> 補助金申請 もしもの時は その他の情報 メインメニュー くらし 健康 子育て・学び 仕事 町政情報 防災・防犯 南関MOVIE 観光情報 ふるさと納税 南関MOVIE 南関フォトギャラリー 法人番号 8000020433675 〒861-0898 熊本県玉名郡南関町大字関町64 Tel:0968-53-1111 Fax:0968-53-2351 開庁時間 月曜日から金曜日 8時30分から17時15分まで（祝日・休日・年末年始を除く） ※水曜日は税務住民課と福祉課（一部業務のみ）1
28	南関町	ごみ	https://www.town.nankan.lg.jp/oshirase/kurashi/gomi/	ごみ - 南関町 --> 本文へスキップします。 --> くらしの情報 くらしの手続き ごみ出し 相談窓口 施設情報 各種様式 補助金申請 --> 補助金申請 もしもの時は その他の情報 メインメニュー くらし 健康 子育て・学び 仕事 町政情報 防災・防犯 南関MOVIE 観光情報 ふるさと納税 南関MOVIE 南関フォトギャラリー 法人番号 8000020433675 〒861-0898 熊本県玉名郡南関町大字関町64 Tel:0968-53-1111 Fax:0968-53-2351 開庁時間 月曜日から金曜日 8時30分から17時15分まで（祝日・休日・年末年始を除く） ※水曜日は税務住民課と福祉課（一部業務のみ）19時まで
28	南関町	空き家バンク制度のご案内	https://www.town.nankan.lg.jp/kurashi/kurashisodan/jutaku/page1283.html	空き家バンク制度のご案内 - 南関町 --> 本文へスキップします。 --> くらしの情報 くらしの手続き ごみ出し 相談窓口 施設情報 各種様式 補助金申請 --> 補助金申請 もしもの時は その他の情報 メインメニュー くらし 健康 子育て・学び 仕事 町政情報 防災・防犯 南関MOVIE 観光情報 ふるさと納税 南関MOVIE 南関フォトギャラリー 法人番号 8000020433675 〒861-0898 熊本県玉名郡南関町大字関町64 Tel:0968-53-1111 Fax:0968-53-2351 開庁時間 月曜日から金曜日 8時30分から17時15分まで（祝日・休日・年末年始を除く） ※水曜日は税務住民課と福祉課（一部
28	南関町	タクシー料金助成事業	https://www.town.nankan.lg.jp/kurashi/kurashisodan/page1289.html	タクシー料金助成事業 - 南関町 --> 本文へスキップします。 --> くらしの情報 くらしの手続き ごみ出し 相談窓口 施設情報 各種様式 補助金申請 --> 補助金申請 もしもの時は その他の情報 メインメニュー くらし 健康 子育て・学び 仕事 町政情報 防災・防犯 南関MOVIE 観光情報 ふるさと納税 南関MOVIE 南関フォトギャラリー 法人番号 8000020433675 〒861-0898 熊本県玉名郡南関町大字関町64 Tel:0968-53-1111 Fax:0968-53-2351 開庁時間 月曜日から金曜日 8時30分から17時15分まで（祝日・休日・年末年始を除く） ※水曜日は税務住民課と福祉課（一部業務
28	南関町	物価高騰対応重点支援給付金のご案内	https://www.town.nankan.lg.jp/kurashi/kurashisodan/shohisodan/page3308.html	物価高騰対応重点支援給付金のご案内 - 南関町 --> 本文へスキップします。 --> くらしの情報 くらしの手続き ごみ出し 相談窓口 施設情報 各種様式 補助金申請 --> 補助金申請 もしもの時は その他の情報 メインメニュー くらし 健康 子育て・学び 仕事 町政情報 防災・防犯 南関MOVIE 観光情報 ふるさと納税 南関MOVIE 南関フォトギャラリー 法人番号 8000020433675 〒861-0898 熊本県玉名郡南関町大字関町64 Tel:0968-53-1111 Fax:0968-53-2351 開庁時間 月曜日から金曜日 8時30分から17時15分まで（祝日・休日・年末年始を除く） ※水曜日は税務住民課と福
26	南関町	令和８年度土地・家屋価格等帳簿の縦覧ができます	https://www.town.nankan.lg.jp/kurashi/zeikin/koteishisanzei/4828.html	令和８年度土地・家屋価格等帳簿の縦覧ができます - 南関町 --> 本文へスキップします。 --> くらしの情報 くらしの手続き ごみ出し 相談窓口 施設情報 各種様式 補助金申請 --> 補助金申請 もしもの時は その他の情報 メインメニュー くらし 健康 子育て・学び 仕事 町政情報 防災・防犯 南関MOVIE 観光情報 ふるさと納税 南関MOVIE 南関フォトギャラリー 法人番号 8000020433675 〒861-0898 熊本県玉名郡南関町大字関町64 Tel:0968-53-1111 Fax:0968-53-2351 開庁時間 月曜日から金曜日 8時30分から17時15分まで（祝日・休日・年末年始を除く） ※水曜日は税
26	南関町	戸籍証明書等交付申請書（郵送用）	https://www.town.nankan.lg.jp/tyosei/shinseisho/page1341.html	戸籍証明書等交付申請書（郵送用） - 南関町 --> 本文へスキップします。 --> くらしの情報 くらしの手続き ごみ出し 相談窓口 施設情報 各種様式 補助金申請 --> 補助金申請 もしもの時は その他の情報 メインメニュー くらし 健康 子育て・学び 仕事 町政情報 防災・防犯 南関MOVIE 観光情報 ふるさと納税 南関MOVIE 南関フォトギャラリー 法人番号 8000020433675 〒861-0898 熊本県玉名郡南関町大字関町64 Tel:0968-53-1111 Fax:0968-53-2351 開庁時間 月曜日から金曜日 8時30分から17時15分まで（祝日・休日・年末年始を除く） ※水曜日は税務住民課と福祉
26	南関町	公園使用許可申請書	https://www.town.nankan.lg.jp/tyosei/shinseisho/page1333.html	公園使用許可申請書 - 南関町 --> 本文へスキップします。 --> くらしの情報 くらしの手続き ごみ出し 相談窓口 施設情報 各種様式 補助金申請 --> 補助金申請 もしもの時は その他の情報 メインメニュー くらし 健康 子育て・学び 仕事 町政情報 防災・防犯 南関MOVIE 観光情報 ふるさと納税 南関MOVIE 南関フォトギャラリー 法人番号 8000020433675 〒861-0898 熊本県玉名郡南関町大字関町64 Tel:0968-53-1111 Fax:0968-53-2351 開庁時間 月曜日から金曜日 8時30分から17時15分まで（祝日・休日・年末年始を除く） ※水曜日は税務住民課と福祉課（一部業務の
26	南関町	軽自動車税納税証明書の交付について	https://www.town.nankan.lg.jp/tyosei/shinseisho/page1352.html	軽自動車税納税証明書の交付について - 南関町 --> 本文へスキップします。 --> くらしの情報 くらしの手続き ごみ出し 相談窓口 施設情報 各種様式 補助金申請 --> 補助金申請 もしもの時は その他の情報 メインメニュー くらし 健康 子育て・学び 仕事 町政情報 防災・防犯 南関MOVIE 観光情報 ふるさと納税 南関MOVIE 南関フォトギャラリー 法人番号 8000020433675 〒861-0898 熊本県玉名郡南関町大字関町64 Tel:0968-53-1111 Fax:0968-53-2351 開庁時間 月曜日から金曜日 8時30分から17時15分まで（祝日・休日・年末年始を除く） ※水曜日は税務住民課と福
26	南関町	住民票等交付申請書（郵送用）	https://www.town.nankan.lg.jp/tyosei/shinseisho/page1340.html	住民票等交付申請書（郵送用） - 南関町 --> 本文へスキップします。 --> くらしの情報 くらしの手続き ごみ出し 相談窓口 施設情報 各種様式 補助金申請 --> 補助金申請 もしもの時は その他の情報 メインメニュー くらし 健康 子育て・学び 仕事 町政情報 防災・防犯 南関MOVIE 観光情報 ふるさと納税 南関MOVIE 南関フォトギャラリー 法人番号 8000020433675 〒861-0898 熊本県玉名郡南関町大字関町64 Tel:0968-53-1111 Fax:0968-53-2351 開庁時間 月曜日から金曜日 8時30分から17時15分まで（祝日・休日・年末年始を除く） ※水曜日は税務住民課と福祉課（
26	南関町	転出証明書交付申請書(郵送用）	https://www.town.nankan.lg.jp/tyosei/shinseisho/page1331.html	転出証明書交付申請書(郵送用） - 南関町 --> 本文へスキップします。 --> くらしの情報 くらしの手続き ごみ出し 相談窓口 施設情報 各種様式 補助金申請 --> 補助金申請 もしもの時は その他の情報 メインメニュー くらし 健康 子育て・学び 仕事 町政情報 防災・防犯 南関MOVIE 観光情報 ふるさと納税 南関MOVIE 南関フォトギャラリー 法人番号 8000020433675 〒861-0898 熊本県玉名郡南関町大字関町64 Tel:0968-53-1111 Fax:0968-53-2351 開庁時間 月曜日から金曜日 8時30分から17時15分まで（祝日・休日・年末年始を除く） ※水曜日は税務住民課と福祉課
26	南関町	ごみ - 南関町	https://www.town.nankan.lg.jp/oshirase/kurashi/gomi/rss.xml	ごみ - 南関町 https://www.town.nankan.lg.jp/oshirase/kurashi/gomi/ ごみ ja 南関町生ごみ処理機器等設置補助金交付事業 https://www.town.nankan.lg.jp/kurashi/kankyo/2396.html Wed, 01 Apr 2026 13:30:59 +0900 2026-04-01T13:30:59+09:00 南関町水質浄化処理器具設置補助金交付事業 https://www.town.nankan.lg.jp/kurashi/kankyo/2557.html Wed, 01 Apr 2026 13:30:10 +0900 2026-04-01
26	南関町	南関町農業就業改善センター	https://www.town.nankan.lg.jp/tyosei/machigaiyo/shisetsu/page1266.html	南関町農業就業改善センター - 南関町 --> 本文へスキップします。 --> くらしの情報 くらしの手続き ごみ出し 相談窓口 施設情報 各種様式 補助金申請 --> 補助金申請 もしもの時は その他の情報 メインメニュー くらし 健康 子育て・学び 仕事 町政情報 防災・防犯 南関MOVIE 観光情報 ふるさと納税 南関MOVIE 南関フォトギャラリー 法人番号 8000020433675 〒861-0898 熊本県玉名郡南関町大字関町64 Tel:0968-53-1111 Fax:0968-53-2351 開庁時間 月曜日から金曜日 8時30分から17時15分まで（祝日・休日・年末年始を除く） ※水曜日は税務住民課と福祉課（一
26	南関町	後期高齢者医療制度	https://www.town.nankan.lg.jp/kenko/nenkinkenkohoken/kokikoreisha/	後期高齢者医療制度 - 南関町 --> 本文へスキップします。 --> くらしの情報 くらしの手続き ごみ出し 相談窓口 施設情報 各種様式 補助金申請 --> 補助金申請 もしもの時は その他の情報 メインメニュー くらし 健康 子育て・学び 仕事 町政情報 防災・防犯 南関MOVIE 観光情報 ふるさと納税 南関MOVIE 南関フォトギャラリー 法人番号 8000020433675 〒861-0898 熊本県玉名郡南関町大字関町64 Tel:0968-53-1111 Fax:0968-53-2351 開庁時間 月曜日から金曜日 8時30分から17時15分まで（祝日・休日・年末年始を除く） ※水曜日は税務住民課と福祉課（一部業務の
25	南関町	物価高騰対応重点支援地方創生臨時交付金について	https://www.town.nankan.lg.jp/tyosei/gyosei/shisaku/3771.html	物価高騰対応重点支援地方創生臨時交付金について - 南関町 --> 本文へスキップします。 --> くらしの情報 くらしの手続き ごみ出し 相談窓口 施設情報 各種様式 補助金申請 --> 補助金申請 もしもの時は その他の情報 メインメニュー くらし 健康 子育て・学び 仕事 町政情報 防災・防犯 南関MOVIE 観光情報 ふるさと納税 南関MOVIE 南関フォトギャラリー 法人番号 8000020433675 〒861-0898 熊本県玉名郡南関町大字関町64 Tel:0968-53-1111 Fax:0968-53-2351 開庁時間 月曜日から金曜日 8時30分から17時15分まで（祝日・休日・年末年始を除く） ※水曜日は税
25	南関町	南関町定住住宅取得等補助金における取扱事業者登録について	https://www.town.nankan.lg.jp/kurashi/kurashisodan/2203.html	南関町定住住宅取得等補助金における取扱事業者登録について - 南関町 --> 本文へスキップします。 --> くらしの情報 くらしの手続き ごみ出し 相談窓口 施設情報 各種様式 補助金申請 --> 補助金申請 もしもの時は その他の情報 メインメニュー くらし 健康 子育て・学び 仕事 町政情報 防災・防犯 南関MOVIE 観光情報 ふるさと納税 南関MOVIE 南関フォトギャラリー 法人番号 8000020433675 〒861-0898 熊本県玉名郡南関町大字関町64 Tel:0968-53-1111 Fax:0968-53-2351 開庁時間 月曜日から金曜日 8時30分から17時15分まで（祝日・休日・年末年始を除く） ※
25	南関町	地元での就職を応援します ～有明圏域定住自立圏就職支援情報発信連携事業～	https://www.town.nankan.lg.jp/sangyo/shokogyo/koyo/3387.html	地元での就職を応援します ～有明圏域定住自立圏就職支援情報発信連携事業～ - 南関町 --> 本文へスキップします。 --> くらしの情報 くらしの手続き ごみ出し 相談窓口 施設情報 各種様式 補助金申請 --> 補助金申請 もしもの時は その他の情報 メインメニュー くらし 健康 子育て・学び 仕事 町政情報 防災・防犯 南関MOVIE 観光情報 ふるさと納税 南関MOVIE 南関フォトギャラリー 法人番号 8000020433675 〒861-0898 熊本県玉名郡南関町大字関町64 Tel:0968-53-1111 Fax:0968-53-2351 開庁時間 月曜日から金曜日 8時30分から17時15分まで（祝日・休日・年末
25	南関町	地域少子化対策重点推進交付金活用事業	https://www.town.nankan.lg.jp/sangyo/sundeyokatta/shugyoshien/5022.html	地域少子化対策重点推進交付金活用事業 - 南関町 --> 本文へスキップします。 --> くらしの情報 くらしの手続き ごみ出し 相談窓口 施設情報 各種様式 補助金申請 --> 補助金申請 もしもの時は その他の情報 メインメニュー くらし 健康 子育て・学び 仕事 町政情報 防災・防犯 南関MOVIE 観光情報 ふるさと納税 南関MOVIE 南関フォトギャラリー 法人番号 8000020433675 〒861-0898 熊本県玉名郡南関町大字関町64 Tel:0968-53-1111 Fax:0968-53-2351 開庁時間 月曜日から金曜日 8時30分から17時15分まで（祝日・休日・年末年始を除く） ※水曜日は税務住民課と
25	南関町	広報なんかん 2026年5月号（第398号）	https://www.town.nankan.lg.jp/tyosei/kohokocho/kohonankan/4933.html	広報なんかん 2026年5月号（第398号） - 南関町 --> 本文へスキップします。 --> くらしの情報 くらしの手続き ごみ出し 相談窓口 施設情報 各種様式 補助金申請 --> 補助金申請 もしもの時は その他の情報 メインメニュー くらし 健康 子育て・学び 仕事 町政情報 防災・防犯 南関MOVIE 観光情報 ふるさと納税 南関MOVIE 南関フォトギャラリー 法人番号 8000020433675 〒861-0898 熊本県玉名郡南関町大字関町64 Tel:0968-53-1111 Fax:0968-53-2351 開庁時間 月曜日から金曜日 8時30分から17時15分まで（祝日・休日・年末年始を除く） ※水曜日は税務
24	南関町	マイナンバーカード休日臨時窓口（令和8年7月）を開設します	https://www.town.nankan.lg.jp/kurashi/todokede/mynumber/4924.html	マイナンバーカード休日臨時窓口（令和8年7月）を開設します - 南関町 --> 本文へスキップします。 --> くらしの情報 くらしの手続き ごみ出し 相談窓口 施設情報 各種様式 補助金申請 --> 補助金申請 もしもの時は その他の情報 メインメニュー くらし 健康 子育て・学び 仕事 町政情報 防災・防犯 南関MOVIE 観光情報 ふるさと納税 南関MOVIE 南関フォトギャラリー 法人番号 8000020433675 〒861-0898 熊本県玉名郡南関町大字関町64 Tel:0968-53-1111 Fax:0968-53-2351 開庁時間 月曜日から金曜日 8時30分から17時15分まで（祝日・休日・年末年始を除く）
24	南関町	子育て支援センターメイプル	https://www.town.nankan.lg.jp/kosodate/kosodateshien/2293.html	子育て支援センターメイプル - 南関町 --> 本文へスキップします。 --> くらしの情報 くらしの手続き ごみ出し 相談窓口 施設情報 各種様式 補助金申請 --> 補助金申請 もしもの時は その他の情報 メインメニュー くらし 健康 子育て・学び 仕事 町政情報 防災・防犯 南関MOVIE 観光情報 ふるさと納税 南関MOVIE 南関フォトギャラリー 法人番号 8000020433675 〒861-0898 熊本県玉名郡南関町大字関町64 Tel:0968-53-1111 Fax:0968-53-2351 開庁時間 月曜日から金曜日 8時30分から17時15分まで（祝日・休日・年末年始を除く） ※水曜日は税務住民課と福祉課（一
24	南関町	乗合タクシー「南関ふれあい号」のご案内	https://www.town.nankan.lg.jp/sangyo/chiikishinko/noriaitakushi/page342.html	乗合タクシー「南関ふれあい号」のご案内 - 南関町 --> 本文へスキップします。 --> くらしの情報 くらしの手続き ごみ出し 相談窓口 施設情報 各種様式 補助金申請 --> 補助金申請 もしもの時は その他の情報 メインメニュー くらし 健康 子育て・学び 仕事 町政情報 防災・防犯 南関MOVIE 観光情報 ふるさと納税 南関MOVIE 南関フォトギャラリー 法人番号 8000020433675 〒861-0898 熊本県玉名郡南関町大字関町64 Tel:0968-53-1111 Fax:0968-53-2351 開庁時間 月曜日から金曜日 8時30分から17時15分まで（祝日・休日・年末年始を除く） ※水曜日は税務住民課
24	南関町	困ったら一人で悩まず 行政相談（令和8年度）	https://www.town.nankan.lg.jp/kurashi/kurashisodan/gyoseisodan/4614.html	困ったら一人で悩まず 行政相談（令和8年度） - 南関町 --> 本文へスキップします。 --> くらしの情報 くらしの手続き ごみ出し 相談窓口 施設情報 各種様式 補助金申請 --> 補助金申請 もしもの時は その他の情報 メインメニュー くらし 健康 子育て・学び 仕事 町政情報 防災・防犯 南関MOVIE 観光情報 ふるさと納税 南関MOVIE 南関フォトギャラリー 法人番号 8000020433675 〒861-0898 熊本県玉名郡南関町大字関町64 Tel:0968-53-1111 Fax:0968-53-2351 開庁時間 月曜日から金曜日 8時30分から17時15分まで（祝日・休日・年末年始を除く） ※水曜日は税務
24	南関町	くらし・手続き - 南関町	https://www.town.nankan.lg.jp/oshirase/kurashi/rss.xml	くらし・手続き - 南関町 https://www.town.nankan.lg.jp/oshirase/kurashi/ くらし・手続き ja マイナンバーカード休日臨時窓口を開設します https://www.town.nankan.lg.jp/kurashi/todokede/mynumber/4924.html Wed, 01 Jul 2026 13:00:00 +0900 2026-07-01T13:00:00+09:00 南関町定住住宅取得等補助金における取扱事業者登録について https://www.town.nankan.lg.jp/kurashi/kurashisodan/2203.html Wed, 22 Apr
24	南関町	マイナ保険証を使いましょう	https://www.town.nankan.lg.jp/kenko/fukushi/kenkohoken/3188.html	マイナ保険証を使いましょう - 南関町 --> 本文へスキップします。 --> くらしの情報 くらしの手続き ごみ出し 相談窓口 施設情報 各種様式 補助金申請 --> 補助金申請 もしもの時は その他の情報 メインメニュー くらし 健康 子育て・学び 仕事 町政情報 防災・防犯 南関MOVIE 観光情報 ふるさと納税 南関MOVIE 南関フォトギャラリー 法人番号 8000020433675 〒861-0898 熊本県玉名郡南関町大字関町64 Tel:0968-53-1111 Fax:0968-53-2351 開庁時間 月曜日から金曜日 8時30分から17時15分まで（祝日・休日・年末年始を除く） ※水曜日は税務住民課と福祉課（一
24	南関町	健康ポイント事業－熊本健康アプリ「もっと健康！げんき！アップ くまもと」	https://www.town.nankan.lg.jp/kenko/iryo/oshirase/3906.html	健康ポイント事業－熊本健康アプリ「もっと健康！げんき！アップ くまもと」 - 南関町 --> 本文へスキップします。 --> くらしの情報 くらしの手続き ごみ出し 相談窓口 施設情報 各種様式 補助金申請 --> 補助金申請 もしもの時は その他の情報 メインメニュー くらし 健康 子育て・学び 仕事 町政情報 防災・防犯 南関MOVIE 観光情報 ふるさと納税 南関MOVIE 南関フォトギャラリー 法人番号 8000020433675 〒861-0898 熊本県玉名郡南関町大字関町64 Tel:0968-53-1111 Fax:0968-53-2351 開庁時間 月曜日から金曜日 8時30分から17時15分まで（祝日・休日・年末
24	南関町	「性と健康のオンライン相談事業」及び「プレコンセプションケア普及啓発動画」について	https://www.town.nankan.lg.jp/kosodate/kodomokatei/4984.html	「性と健康のオンライン相談事業」及び「プレコンセプションケア普及啓発動画」について - 南関町 --> 本文へスキップします。 --> くらしの情報 くらしの手続き ごみ出し 相談窓口 施設情報 各種様式 補助金申請 --> 補助金申請 もしもの時は その他の情報 メインメニュー くらし 健康 子育て・学び 仕事 町政情報 防災・防犯 南関MOVIE 観光情報 ふるさと納税 南関MOVIE 南関フォトギャラリー 法人番号 8000020433675 〒861-0898 熊本県玉名郡南関町大字関町64 Tel:0968-53-1111 Fax:0968-53-2351 開庁時間 月曜日から金曜日 8時30分から17時15分まで（祝日・
24	南関町	充電式電池（リチウムイオン電池など）の無料回収を行っています。	https://www.town.nankan.lg.jp/kurashi/kankyo/3637.html	充電式電池（リチウムイオン電池など）の無料回収を行っています。 - 南関町 --> 本文へスキップします。 --> くらしの情報 くらしの手続き ごみ出し 相談窓口 施設情報 各種様式 補助金申請 --> 補助金申請 もしもの時は その他の情報 メインメニュー くらし 健康 子育て・学び 仕事 町政情報 防災・防犯 南関MOVIE 観光情報 ふるさと納税 南関MOVIE 南関フォトギャラリー 法人番号 8000020433675 〒861-0898 熊本県玉名郡南関町大字関町64 Tel:0968-53-1111 Fax:0968-53-2351 開庁時間 月曜日から金曜日 8時30分から17時15分まで（祝日・休日・年末年始を除く
24	南関町	家庭用パソコンのリサイクルについて	https://www.town.nankan.lg.jp/kurashi/kankyo/3652.html	家庭用パソコンのリサイクルについて - 南関町 --> 本文へスキップします。 --> くらしの情報 くらしの手続き ごみ出し 相談窓口 施設情報 各種様式 補助金申請 --> 補助金申請 もしもの時は その他の情報 メインメニュー くらし 健康 子育て・学び 仕事 町政情報 防災・防犯 南関MOVIE 観光情報 ふるさと納税 南関MOVIE 南関フォトギャラリー 法人番号 8000020433675 〒861-0898 熊本県玉名郡南関町大字関町64 Tel:0968-53-1111 Fax:0968-53-2351 開庁時間 月曜日から金曜日 8時30分から17時15分まで（祝日・休日・年末年始を除く） ※水曜日は税務住民課と福
24	南関町	南関町下水道排水設備指定工事店の指定申請について	https://www.town.nankan.lg.jp/kurashi/kurashisodan/suido/2819.html	南関町下水道排水設備指定工事店の指定申請について - 南関町 --> 本文へスキップします。 --> くらしの情報 くらしの手続き ごみ出し 相談窓口 施設情報 各種様式 補助金申請 --> 補助金申請 もしもの時は その他の情報 メインメニュー くらし 健康 子育て・学び 仕事 町政情報 防災・防犯 南関MOVIE 観光情報 ふるさと納税 南関MOVIE 南関フォトギャラリー 法人番号 8000020433675 〒861-0898 熊本県玉名郡南関町大字関町64 Tel:0968-53-1111 Fax:0968-53-2351 開庁時間 月曜日から金曜日 8時30分から17時15分まで（祝日・休日・年末年始を除く） ※水曜日は
24	南関町	広報なんかん 2026年5月号（第398号）の訂正とお詫び	https://www.town.nankan.lg.jp/tyosei/kohokocho/kohonankan/4959.html	広報なんかん 2026年5月号（第398号）の訂正とお詫び - 南関町 --> 本文へスキップします。 --> くらしの情報 くらしの手続き ごみ出し 相談窓口 施設情報 各種様式 補助金申請 --> 補助金申請 もしもの時は その他の情報 メインメニュー くらし 健康 子育て・学び 仕事 町政情報 防災・防犯 南関MOVIE 観光情報 ふるさと納税 南関MOVIE 南関フォトギャラリー 法人番号 8000020433675 〒861-0898 熊本県玉名郡南関町大字関町64 Tel:0968-53-1111 Fax:0968-53-2351 開庁時間 月曜日から金曜日 8時30分から17時15分まで（祝日・休日・年末年始を除く）
24	南関町	令和８年４月から自転車にも「青切符制度」が導入されます	https://www.town.nankan.lg.jp/oshirase/bosai/4422.html	令和８年４月から自転車にも「青切符制度」が導入されます - 南関町 --> 本文へスキップします。 --> くらしの情報 くらしの手続き ごみ出し 相談窓口 施設情報 各種様式 補助金申請 --> 補助金申請 もしもの時は その他の情報 メインメニュー くらし 健康 子育て・学び 仕事 町政情報 防災・防犯 南関MOVIE 観光情報 ふるさと納税 南関MOVIE 南関フォトギャラリー 法人番号 8000020433675 〒861-0898 熊本県玉名郡南関町大字関町64 Tel:0968-53-1111 Fax:0968-53-2351 開庁時間 月曜日から金曜日 8時30分から17時15分まで（祝日・休日・年末年始を除く） ※水
23	南関町	くらしの情報・相談	https://www.town.nankan.lg.jp/kurashi/kurashisodan/	くらしの情報・相談 - 南関町 --> 本文へスキップします。 --> くらしの情報 くらしの手続き ごみ出し 相談窓口 施設情報 各種様式 補助金申請 --> 補助金申請 もしもの時は その他の情報 メインメニュー くらし 健康 子育て・学び 仕事 町政情報 防災・防犯 南関MOVIE 観光情報 ふるさと納税 南関MOVIE 南関フォトギャラリー 法人番号 8000020433675 〒861-0898 熊本県玉名郡南関町大字関町64 Tel:0968-53-1111 Fax:0968-53-2351 開庁時間 月曜日から金曜日 8時30分から17時15分まで（祝日・休日・年末年始を除く） ※水曜日は税務住民課と福祉課（一部業務の
23	南関町	申請書のダウンロード	https://www.town.nankan.lg.jp/tyosei/shinseisho/	申請書のダウンロード - 南関町 --> 本文へスキップします。 --> くらしの情報 くらしの手続き ごみ出し 相談窓口 施設情報 各種様式 補助金申請 --> 補助金申請 もしもの時は その他の情報 メインメニュー くらし 健康 子育て・学び 仕事 町政情報 防災・防犯 南関MOVIE 観光情報 ふるさと納税 南関MOVIE 南関フォトギャラリー 法人番号 8000020433675 〒861-0898 熊本県玉名郡南関町大字関町64 Tel:0968-53-1111 Fax:0968-53-2351 開庁時間 月曜日から金曜日 8時30分から17時15分まで（祝日・休日・年末年始を除く） ※水曜日は税務住民課と福祉課（一部業務
23	南関町	補助金・助成金	https://www.town.nankan.lg.jp/tyosei/hojokinjoseikin/	補助金・助成金 - 南関町 --> 本文へスキップします。 --> くらしの情報 くらしの手続き ごみ出し 相談窓口 施設情報 各種様式 補助金申請 --> 補助金申請 もしもの時は その他の情報 メインメニュー くらし 健康 子育て・学び 仕事 町政情報 防災・防犯 南関MOVIE 観光情報 ふるさと納税 南関MOVIE 南関フォトギャラリー 法人番号 8000020433675 〒861-0898 熊本県玉名郡南関町大字関町64 Tel:0968-53-1111 Fax:0968-53-2351 開庁時間 月曜日から金曜日 8時30分から17時15分まで（祝日・休日・年末年始を除く） ※水曜日は税務住民課と福祉課（一部業務のみ）
23	南関町	町政情報	https://www.town.nankan.lg.jp/tyosei/	町政情報 - 南関町 --> 本文へスキップします。 --> くらしの情報 くらしの手続き ごみ出し 相談窓口 施設情報 各種様式 補助金申請 --> 補助金申請 もしもの時は その他の情報 メインメニュー くらし 健康 子育て・学び 仕事 町政情報 防災・防犯 南関MOVIE 観光情報 ふるさと納税 南関MOVIE 南関フォトギャラリー 法人番号 8000020433675 〒861-0898 熊本県玉名郡南関町大字関町64 Tel:0968-53-1111 Fax:0968-53-2351 開庁時間 月曜日から金曜日 8時30分から17時15分まで（祝日・休日・年末年始を除く） ※水曜日は税務住民課と福祉課（一部業務のみ）19時
23	南関町	財政	https://www.town.nankan.lg.jp/tyosei/zaisei/	財政 - 南関町 --> 本文へスキップします。 --> くらしの情報 くらしの手続き ごみ出し 相談窓口 施設情報 各種様式 補助金申請 --> 補助金申請 もしもの時は その他の情報 メインメニュー くらし 健康 子育て・学び 仕事 町政情報 防災・防犯 南関MOVIE 観光情報 ふるさと納税 南関MOVIE 南関フォトギャラリー 法人番号 8000020433675 〒861-0898 熊本県玉名郡南関町大字関町64 Tel:0968-53-1111 Fax:0968-53-2351 開庁時間 月曜日から金曜日 8時30分から17時15分まで（祝日・休日・年末年始を除く） ※水曜日は税務住民課と福祉課（一部業務のみ）19時まで
23	南関町	教育長だより	https://www.town.nankan.lg.jp/kosodate/kyoiku/iinkai/3295.html	教育長だより - 南関町 --> 本文へスキップします。 --> くらしの情報 くらしの手続き ごみ出し 相談窓口 施設情報 各種様式 補助金申請 --> 補助金申請 もしもの時は その他の情報 メインメニュー くらし 健康 子育て・学び 仕事 町政情報 防災・防犯 南関MOVIE 観光情報 ふるさと納税 南関MOVIE 南関フォトギャラリー 法人番号 8000020433675 〒861-0898 熊本県玉名郡南関町大字関町64 Tel:0968-53-1111 Fax:0968-53-2351 開庁時間 月曜日から金曜日 8時30分から17時15分まで（祝日・休日・年末年始を除く） ※水曜日は税務住民課と福祉課（一部業務のみ）1
23	南関町	リンク集	https://www.town.nankan.lg.jp/tyosei/sonota/1961.html	リンク集 - 南関町 --> 本文へスキップします。 --> くらしの情報 くらしの手続き ごみ出し 相談窓口 施設情報 各種様式 補助金申請 --> 補助金申請 もしもの時は その他の情報 メインメニュー くらし 健康 子育て・学び 仕事 町政情報 防災・防犯 南関MOVIE 観光情報 ふるさと納税 南関MOVIE 南関フォトギャラリー 法人番号 8000020433675 〒861-0898 熊本県玉名郡南関町大字関町64 Tel:0968-53-1111 Fax:0968-53-2351 開庁時間 月曜日から金曜日 8時30分から17時15分まで（祝日・休日・年末年始を除く） ※水曜日は税務住民課と福祉課（一部業務のみ）19時
23	南関町	補助金・助成金	https://www.town.nankan.lg.jp/oshirase/tyosei/hojokinjoseikin/	補助金・助成金 - 南関町 --> 本文へスキップします。 --> くらしの情報 くらしの手続き ごみ出し 相談窓口 施設情報 各種様式 補助金申請 --> 補助金申請 もしもの時は その他の情報 メインメニュー くらし 健康 子育て・学び 仕事 町政情報 防災・防犯 南関MOVIE 観光情報 ふるさと納税 南関MOVIE 南関フォトギャラリー 法人番号 8000020433675 〒861-0898 熊本県玉名郡南関町大字関町64 Tel:0968-53-1111 Fax:0968-53-2351 開庁時間 月曜日から金曜日 8時30分から17時15分まで（祝日・休日・年末年始を除く） ※水曜日は税務住民課と福祉課（一部業務のみ）
23	南関町	町内小中学校学校給食費の無償化について	https://www.town.nankan.lg.jp/sangyo/sundeyokatta/kosodateshien/page1287.html	町内小中学校学校給食費の無償化について - 南関町 --> 本文へスキップします。 --> くらしの情報 くらしの手続き ごみ出し 相談窓口 施設情報 各種様式 補助金申請 --> 補助金申請 もしもの時は その他の情報 メインメニュー くらし 健康 子育て・学び 仕事 町政情報 防災・防犯 南関MOVIE 観光情報 ふるさと納税 南関MOVIE 南関フォトギャラリー 法人番号 8000020433675 〒861-0898 熊本県玉名郡南関町大字関町64 Tel:0968-53-1111 Fax:0968-53-2351 開庁時間 月曜日から金曜日 8時30分から17時15分まで（祝日・休日・年末年始を除く） ※水曜日は税務住民課
23	南関町	ヤマチク短編映画「いただきます」８月４日箸の日に公開！	https://www.town.nankan.lg.jp/sangyo/chiikishinko/3372.html	ヤマチク短編映画「いただきます」８月４日箸の日に公開！ - 南関町 --> 本文へスキップします。 --> くらしの情報 くらしの手続き ごみ出し 相談窓口 施設情報 各種様式 補助金申請 --> 補助金申請 もしもの時は その他の情報 メインメニュー くらし 健康 子育て・学び 仕事 町政情報 防災・防犯 南関MOVIE 観光情報 ふるさと納税 南関MOVIE 南関フォトギャラリー 法人番号 8000020433675 〒861-0898 熊本県玉名郡南関町大字関町64 Tel:0968-53-1111 Fax:0968-53-2351 開庁時間 月曜日から金曜日 8時30分から17時15分まで（祝日・休日・年末年始を除く） ※水
23	南関町	あらたま花めぐりMapのリーフレット・ポスターができました	https://www.town.nankan.lg.jp/sangyo/chiikishinko/3869.html	あらたま花めぐりMapのリーフレット・ポスターができました - 南関町 --> 本文へスキップします。 --> くらしの情報 くらしの手続き ごみ出し 相談窓口 施設情報 各種様式 補助金申請 --> 補助金申請 もしもの時は その他の情報 メインメニュー くらし 健康 子育て・学び 仕事 町政情報 防災・防犯 南関MOVIE 観光情報 ふるさと納税 南関MOVIE 南関フォトギャラリー 法人番号 8000020433675 〒861-0898 熊本県玉名郡南関町大字関町64 Tel:0968-53-1111 Fax:0968-53-2351 開庁時間 月曜日から金曜日 8時30分から17時15分まで（祝日・休日・年末年始を除く）
23	南関町	「南関そうめん」が100年フードに認定されました	https://www.town.nankan.lg.jp/sangyo/chiikishinko/3918.html	「南関そうめん」が100年フードに認定されました - 南関町 --> 本文へスキップします。 --> くらしの情報 くらしの手続き ごみ出し 相談窓口 施設情報 各種様式 補助金申請 --> 補助金申請 もしもの時は その他の情報 メインメニュー くらし 健康 子育て・学び 仕事 町政情報 防災・防犯 南関MOVIE 観光情報 ふるさと納税 南関MOVIE 南関フォトギャラリー 法人番号 8000020433675 〒861-0898 熊本県玉名郡南関町大字関町64 Tel:0968-53-1111 Fax:0968-53-2351 開庁時間 月曜日から金曜日 8時30分から17時15分まで（祝日・休日・年末年始を除く） ※水曜日は
23	南関町	「なんかん大陶器まつり」開催について	https://www.town.nankan.lg.jp/sangyo/chiikishinko/3580.html	「なんかん大陶器まつり」開催について - 南関町 --> 本文へスキップします。 --> くらしの情報 くらしの手続き ごみ出し 相談窓口 施設情報 各種様式 補助金申請 --> 補助金申請 もしもの時は その他の情報 メインメニュー くらし 健康 子育て・学び 仕事 町政情報 防災・防犯 南関MOVIE 観光情報 ふるさと納税 南関MOVIE 南関フォトギャラリー 法人番号 8000020433675 〒861-0898 熊本県玉名郡南関町大字関町64 Tel:0968-53-1111 Fax:0968-53-2351 開庁時間 月曜日から金曜日 8時30分から17時15分まで（祝日・休日・年末年始を除く） ※水曜日は税務住民課と
23	南関町	第4回「あらたま 窯元めぐり」	https://www.town.nankan.lg.jp/sangyo/chiikishinko/3448.html	第4回「あらたま 窯元めぐり」 - 南関町 --> 本文へスキップします。 --> くらしの情報 くらしの手続き ごみ出し 相談窓口 施設情報 各種様式 補助金申請 --> 補助金申請 もしもの時は その他の情報 メインメニュー くらし 健康 子育て・学び 仕事 町政情報 防災・防犯 南関MOVIE 観光情報 ふるさと納税 南関MOVIE 南関フォトギャラリー 法人番号 8000020433675 〒861-0898 熊本県玉名郡南関町大字関町64 Tel:0968-53-1111 Fax:0968-53-2351 開庁時間 月曜日から金曜日 8時30分から17時15分まで（祝日・休日・年末年始を除く） ※水曜日は税務住民課と福祉課
23	南関町	【南の関うから館】施設改修工事による長期休館予定のお知らせ	https://www.town.nankan.lg.jp/sangyo/chiikishinko/3203.html	【南の関うから館】施設改修工事による長期休館予定のお知らせ - 南関町 --> 本文へスキップします。 --> くらしの情報 くらしの手続き ごみ出し 相談窓口 施設情報 各種様式 補助金申請 --> 補助金申請 もしもの時は その他の情報 メインメニュー くらし 健康 子育て・学び 仕事 町政情報 防災・防犯 南関MOVIE 観光情報 ふるさと納税 南関MOVIE 南関フォトギャラリー 法人番号 8000020433675 〒861-0898 熊本県玉名郡南関町大字関町64 Tel:0968-53-1111 Fax:0968-53-2351 開庁時間 月曜日から金曜日 8時30分から17時15分まで（祝日・休日・年末年始を除く）
23	南関町	各種補助金等の申請受付時間について	https://www.town.nankan.lg.jp/sangyo/sundeyokatta/page3165.html	各種補助金等の申請受付時間について - 南関町 --> 本文へスキップします。 --> くらしの情報 くらしの手続き ごみ出し 相談窓口 施設情報 各種様式 補助金申請 --> 補助金申請 もしもの時は その他の情報 メインメニュー くらし 健康 子育て・学び 仕事 町政情報 防災・防犯 南関MOVIE 観光情報 ふるさと納税 南関MOVIE 南関フォトギャラリー 法人番号 8000020433675 〒861-0898 熊本県玉名郡南関町大字関町64 Tel:0968-53-1111 Fax:0968-53-2351 開庁時間 月曜日から金曜日 8時30分から17時15分まで（祝日・休日・年末年始を除く） ※水曜日は税務住民課と福
23	南関町	子ども用品リユース事業	https://www.town.nankan.lg.jp/kosodate/kosodateshien/page2752.html	子ども用品リユース事業 - 南関町 --> 本文へスキップします。 --> くらしの情報 くらしの手続き ごみ出し 相談窓口 施設情報 各種様式 補助金申請 --> 補助金申請 もしもの時は その他の情報 メインメニュー くらし 健康 子育て・学び 仕事 町政情報 防災・防犯 南関MOVIE 観光情報 ふるさと納税 南関MOVIE 南関フォトギャラリー 法人番号 8000020433675 〒861-0898 熊本県玉名郡南関町大字関町64 Tel:0968-53-1111 Fax:0968-53-2351 開庁時間 月曜日から金曜日 8時30分から17時15分まで（祝日・休日・年末年始を除く） ※水曜日は税務住民課と福祉課（一部業
23	南関町	人材育成基金	https://www.town.nankan.lg.jp/tyosei/hojokinjoseikin/page1862.html	人材育成基金 - 南関町 --> 本文へスキップします。 --> くらしの情報 くらしの手続き ごみ出し 相談窓口 施設情報 各種様式 補助金申請 --> 補助金申請 もしもの時は その他の情報 メインメニュー くらし 健康 子育て・学び 仕事 町政情報 防災・防犯 南関MOVIE 観光情報 ふるさと納税 南関MOVIE 南関フォトギャラリー 法人番号 8000020433675 〒861-0898 熊本県玉名郡南関町大字関町64 Tel:0968-53-1111 Fax:0968-53-2351 開庁時間 月曜日から金曜日 8時30分から17時15分まで（祝日・休日・年末年始を除く） ※水曜日は税務住民課と福祉課（一部業務のみ）1
23	南関町	行政	https://www.town.nankan.lg.jp/tyosei/gyosei/	行政 - 南関町 --> 本文へスキップします。 --> くらしの情報 くらしの手続き ごみ出し 相談窓口 施設情報 各種様式 補助金申請 --> 補助金申請 もしもの時は その他の情報 メインメニュー くらし 健康 子育て・学び 仕事 町政情報 防災・防犯 南関MOVIE 観光情報 ふるさと納税 南関MOVIE 南関フォトギャラリー 法人番号 8000020433675 〒861-0898 熊本県玉名郡南関町大字関町64 Tel:0968-53-1111 Fax:0968-53-2351 開庁時間 月曜日から金曜日 8時30分から17時15分まで（祝日・休日・年末年始を除く） ※水曜日は税務住民課と福祉課（一部業務のみ）19時まで
23	南関町	医療・健康・福祉	https://www.town.nankan.lg.jp/oshirase/kenko/	医療・健康・福祉 - 南関町 --> 本文へスキップします。 --> くらしの情報 くらしの手続き ごみ出し 相談窓口 施設情報 各種様式 補助金申請 --> 補助金申請 もしもの時は その他の情報 メインメニュー くらし 健康 子育て・学び 仕事 町政情報 防災・防犯 南関MOVIE 観光情報 ふるさと納税 南関MOVIE 南関フォトギャラリー 法人番号 8000020433675 〒861-0898 熊本県玉名郡南関町大字関町64 Tel:0968-53-1111 Fax:0968-53-2351 開庁時間 月曜日から金曜日 8時30分から17時15分まで（祝日・休日・年末年始を除く） ※水曜日は税務住民課と福祉課（一部業務のみ
23	南関町	健康・医療	https://www.town.nankan.lg.jp/kenko/iryo/	健康・医療 - 南関町 --> 本文へスキップします。 --> くらしの情報 くらしの手続き ごみ出し 相談窓口 施設情報 各種様式 補助金申請 --> 補助金申請 もしもの時は その他の情報 メインメニュー くらし 健康 子育て・学び 仕事 町政情報 防災・防犯 南関MOVIE 観光情報 ふるさと納税 南関MOVIE 南関フォトギャラリー 法人番号 8000020433675 〒861-0898 熊本県玉名郡南関町大字関町64 Tel:0968-53-1111 Fax:0968-53-2351 開庁時間 月曜日から金曜日 8時30分から17時15分まで（祝日・休日・年末年始を除く） ※水曜日は税務住民課と福祉課（一部業務のみ）19
23	南関町	こども家庭センター	https://www.town.nankan.lg.jp/kosodate/kodomokatei/	こども家庭センター - 南関町 --> 本文へスキップします。 --> くらしの情報 くらしの手続き ごみ出し 相談窓口 施設情報 各種様式 補助金申請 --> 補助金申請 もしもの時は その他の情報 メインメニュー くらし 健康 子育て・学び 仕事 町政情報 防災・防犯 南関MOVIE 観光情報 ふるさと納税 南関MOVIE 南関フォトギャラリー 法人番号 8000020433675 〒861-0898 熊本県玉名郡南関町大字関町64 Tel:0968-53-1111 Fax:0968-53-2351 開庁時間 月曜日から金曜日 8時30分から17時15分まで（祝日・休日・年末年始を除く） ※水曜日は税務住民課と福祉課（一部業務の
23	南関町	子育て支援	https://www.town.nankan.lg.jp/kosodate/kosodateshien/	子育て支援 - 南関町 --> 本文へスキップします。 --> くらしの情報 くらしの手続き ごみ出し 相談窓口 施設情報 各種様式 補助金申請 --> 補助金申請 もしもの時は その他の情報 メインメニュー くらし 健康 子育て・学び 仕事 町政情報 防災・防犯 南関MOVIE 観光情報 ふるさと納税 南関MOVIE 南関フォトギャラリー 法人番号 8000020433675 〒861-0898 熊本県玉名郡南関町大字関町64 Tel:0968-53-1111 Fax:0968-53-2351 開庁時間 月曜日から金曜日 8時30分から17時15分まで（祝日・休日・年末年始を除く） ※水曜日は税務住民課と福祉課（一部業務のみ）19
23	南関町	生涯学習	https://www.town.nankan.lg.jp/kosodate/shogaigakushu/	生涯学習 - 南関町 --> 本文へスキップします。 --> くらしの情報 くらしの手続き ごみ出し 相談窓口 施設情報 各種様式 補助金申請 --> 補助金申請 もしもの時は その他の情報 メインメニュー くらし 健康 子育て・学び 仕事 町政情報 防災・防犯 南関MOVIE 観光情報 ふるさと納税 南関MOVIE 南関フォトギャラリー 法人番号 8000020433675 〒861-0898 熊本県玉名郡南関町大字関町64 Tel:0968-53-1111 Fax:0968-53-2351 開庁時間 月曜日から金曜日 8時30分から17時15分まで（祝日・休日・年末年始を除く） ※水曜日は税務住民課と福祉課（一部業務のみ）19時
23	南関町	農林業	https://www.town.nankan.lg.jp/sangyo/noringyo/	農林業 - 南関町 --> 本文へスキップします。 --> くらしの情報 くらしの手続き ごみ出し 相談窓口 施設情報 各種様式 補助金申請 --> 補助金申請 もしもの時は その他の情報 メインメニュー くらし 健康 子育て・学び 仕事 町政情報 防災・防犯 南関MOVIE 観光情報 ふるさと納税 南関MOVIE 南関フォトギャラリー 法人番号 8000020433675 〒861-0898 熊本県玉名郡南関町大字関町64 Tel:0968-53-1111 Fax:0968-53-2351 開庁時間 月曜日から金曜日 8時30分から17時15分まで（祝日・休日・年末年始を除く） ※水曜日は税務住民課と福祉課（一部業務のみ）19時ま
23	南関町	商工業	https://www.town.nankan.lg.jp/sangyo/shokogyo/	商工業 - 南関町 --> 本文へスキップします。 --> くらしの情報 くらしの手続き ごみ出し 相談窓口 施設情報 各種様式 補助金申請 --> 補助金申請 もしもの時は その他の情報 メインメニュー くらし 健康 子育て・学び 仕事 町政情報 防災・防犯 南関MOVIE 観光情報 ふるさと納税 南関MOVIE 南関フォトギャラリー 法人番号 8000020433675 〒861-0898 熊本県玉名郡南関町大字関町64 Tel:0968-53-1111 Fax:0968-53-2351 開庁時間 月曜日から金曜日 8時30分から17時15分まで（祝日・休日・年末年始を除く） ※水曜日は税務住民課と福祉課（一部業務のみ）19時ま
23	南関町	申請書のダウンロード	https://www.town.nankan.lg.jp/oshirase/tyosei/shinseisho/	申請書のダウンロード - 南関町 --> 本文へスキップします。 --> くらしの情報 くらしの手続き ごみ出し 相談窓口 施設情報 各種様式 補助金申請 --> 補助金申請 もしもの時は その他の情報 メインメニュー くらし 健康 子育て・学び 仕事 町政情報 防災・防犯 南関MOVIE 観光情報 ふるさと納税 南関MOVIE 南関フォトギャラリー 法人番号 8000020433675 〒861-0898 熊本県玉名郡南関町大字関町64 Tel:0968-53-1111 Fax:0968-53-2351 開庁時間 月曜日から金曜日 8時30分から17時15分まで（祝日・休日・年末年始を除く） ※水曜日は税務住民課と福祉課（一部業務
23	南関町	引越し・住まい	https://www.town.nankan.lg.jp/mokutekibetsu/2059.html	引越し・住まい - 南関町 --> 本文へスキップします。 --> くらしの情報 くらしの手続き ごみ出し 相談窓口 施設情報 各種様式 補助金申請 --> 補助金申請 もしもの時は その他の情報 メインメニュー くらし 健康 子育て・学び 仕事 町政情報 防災・防犯 南関MOVIE 観光情報 ふるさと納税 南関MOVIE 南関フォトギャラリー 法人番号 8000020433675 〒861-0898 熊本県玉名郡南関町大字関町64 Tel:0968-53-1111 Fax:0968-53-2351 開庁時間 月曜日から金曜日 8時30分から17時15分まで（祝日・休日・年末年始を除く） ※水曜日は税務住民課と福祉課（一部業務のみ）
23	南関町	消費生活相談	https://www.town.nankan.lg.jp/kurashi/kurashisodan/shohisodan/	消費生活相談 - 南関町 --> 本文へスキップします。 --> くらしの情報 くらしの手続き ごみ出し 相談窓口 施設情報 各種様式 補助金申請 --> 補助金申請 もしもの時は その他の情報 メインメニュー くらし 健康 子育て・学び 仕事 町政情報 防災・防犯 南関MOVIE 観光情報 ふるさと納税 南関MOVIE 南関フォトギャラリー 法人番号 8000020433675 〒861-0898 熊本県玉名郡南関町大字関町64 Tel:0968-53-1111 Fax:0968-53-2351 開庁時間 月曜日から金曜日 8時30分から17時15分まで（祝日・休日・年末年始を除く） ※水曜日は税務住民課と福祉課（一部業務のみ）1
23	南関町	住宅	https://www.town.nankan.lg.jp/kurashi/kurashisodan/jutaku/	住宅 - 南関町 --> 本文へスキップします。 --> くらしの情報 くらしの手続き ごみ出し 相談窓口 施設情報 各種様式 補助金申請 --> 補助金申請 もしもの時は その他の情報 メインメニュー くらし 健康 子育て・学び 仕事 町政情報 防災・防犯 南関MOVIE 観光情報 ふるさと納税 南関MOVIE 南関フォトギャラリー 法人番号 8000020433675 〒861-0898 熊本県玉名郡南関町大字関町64 Tel:0968-53-1111 Fax:0968-53-2351 開庁時間 月曜日から金曜日 8時30分から17時15分まで（祝日・休日・年末年始を除く） ※水曜日は税務住民課と福祉課（一部業務のみ）19時まで
23	南関町	生活福祉資金貸付制度における緊急小口資金等の特例貸付に係るコールセンターの開設について	https://www.town.nankan.lg.jp/kurashi/kurashisodan/page2498.html	生活福祉資金貸付制度における緊急小口資金等の特例貸付に係るコールセンターの開設について - 南関町 --> 本文へスキップします。 --> くらしの情報 くらしの手続き ごみ出し 相談窓口 施設情報 各種様式 補助金申請 --> 補助金申請 もしもの時は その他の情報 メインメニュー くらし 健康 子育て・学び 仕事 町政情報 防災・防犯 南関MOVIE 観光情報 ふるさと納税 南関MOVIE 南関フォトギャラリー 法人番号 8000020433675 〒861-0898 熊本県玉名郡南関町大字関町64 Tel:0968-53-1111 Fax:0968-53-2351 開庁時間 月曜日から金曜日 8時30分から17時15分まで（祝
23	南関町	新型コロナウイルス特例貸付（休業、失業中の人）	https://www.town.nankan.lg.jp/kurashi/kurashisodan/page2473.html	新型コロナウイルス特例貸付（休業、失業中の人） - 南関町 --> 本文へスキップします。 --> くらしの情報 くらしの手続き ごみ出し 相談窓口 施設情報 各種様式 補助金申請 --> 補助金申請 もしもの時は その他の情報 メインメニュー くらし 健康 子育て・学び 仕事 町政情報 防災・防犯 南関MOVIE 観光情報 ふるさと納税 南関MOVIE 南関フォトギャラリー 法人番号 8000020433675 〒861-0898 熊本県玉名郡南関町大字関町64 Tel:0968-53-1111 Fax:0968-53-2351 開庁時間 月曜日から金曜日 8時30分から17時15分まで（祝日・休日・年末年始を除く） ※水曜日は税
23	南関町	南関町オープンデータサイト	https://www.town.nankan.lg.jp/tyosei/sonota/2876.html	南関町オープンデータサイト - 南関町 --> 本文へスキップします。 --> くらしの情報 くらしの手続き ごみ出し 相談窓口 施設情報 各種様式 補助金申請 --> 補助金申請 もしもの時は その他の情報 メインメニュー くらし 健康 子育て・学び 仕事 町政情報 防災・防犯 南関MOVIE 観光情報 ふるさと納税 南関MOVIE 南関フォトギャラリー 法人番号 8000020433675 〒861-0898 熊本県玉名郡南関町大字関町64 Tel:0968-53-1111 Fax:0968-53-2351 開庁時間 月曜日から金曜日 8時30分から17時15分まで（祝日・休日・年末年始を除く） ※水曜日は税務住民課と福祉課（一
22	南関町	庁舎マップ	https://www.town.nankan.lg.jp/tyosei/machigaiyo/choshamap/page2891.html	庁舎マップ - 南関町 --> 本文へスキップします。 --> くらしの情報 くらしの手続き ごみ出し 相談窓口 施設情報 各種様式 補助金申請 --> 補助金申請 もしもの時は その他の情報 メインメニュー くらし 健康 子育て・学び 仕事 町政情報 防災・防犯 南関MOVIE 観光情報 ふるさと納税 南関MOVIE 南関フォトギャラリー 法人番号 8000020433675 〒861-0898 熊本県玉名郡南関町大字関町64 Tel:0968-53-1111 Fax:0968-53-2351 開庁時間 月曜日から金曜日 8時30分から17時15分まで（祝日・休日・年末年始を除く） ※水曜日は税務住民課と福祉課（一部業務のみ）19
22	南関町	南関御茶屋跡「七夕まつり」	https://www.town.nankan.lg.jp/bunkakanko/gyouji-cal/5048.html	南関御茶屋跡「七夕まつり」 - 南関町 本文へスキップします。 --> くらしの情報 くらしの手続き ごみ出し 相談窓口 施設情報 各種様式 補助金申請 --> 補助金申請 もしもの時は その他の情報 メインメニュー くらし 健康 子育て・学び 仕事 町政情報 防災・防犯 南関MOVIE 観光情報 ふるさと納税 南関MOVIE 南関フォトギャラリー 法人番号 8000020433675 〒861-0898 熊本県玉名郡南関町大字関町64 Tel:0968-53-1111 Fax:0968-53-2351 開庁時間 月曜日から金曜日 8時30分から17時15分まで（祝日・休日・年末年始を除く） ※水曜日は税務住民課と福祉課（一部業務の
22	南関町	銀座熊本館「南関フェア」	https://www.town.nankan.lg.jp/bunkakanko/gyouji-cal/5004.html	銀座熊本館「南関フェア」 - 南関町 本文へスキップします。 --> くらしの情報 くらしの手続き ごみ出し 相談窓口 施設情報 各種様式 補助金申請 --> 補助金申請 もしもの時は その他の情報 メインメニュー くらし 健康 子育て・学び 仕事 町政情報 防災・防犯 南関MOVIE 観光情報 ふるさと納税 南関MOVIE 南関フォトギャラリー 法人番号 8000020433675 〒861-0898 熊本県玉名郡南関町大字関町64 Tel:0968-53-1111 Fax:0968-53-2351 開庁時間 月曜日から金曜日 8時30分から17時15分まで（祝日・休日・年末年始を除く） ※水曜日は税務住民課と福祉課（一部業務のみ
22	南関町	年金	https://www.town.nankan.lg.jp/kurashi/nenkin/	年金 - 南関町 --> 本文へスキップします。 --> くらしの情報 くらしの手続き ごみ出し 相談窓口 施設情報 各種様式 補助金申請 --> 補助金申請 もしもの時は その他の情報 メインメニュー くらし 健康 子育て・学び 仕事 町政情報 防災・防犯 南関MOVIE 観光情報 ふるさと納税 南関MOVIE 南関フォトギャラリー 法人番号 8000020433675 〒861-0898 熊本県玉名郡南関町大字関町64 Tel:0968-53-1111 Fax:0968-53-2351 開庁時間 月曜日から金曜日 8時30分から17時15分まで（祝日・休日・年末年始を除く） ※水曜日は税務住民課と福祉課（一部業務のみ）19時まで
22	南関町	ペット・動物	https://www.town.nankan.lg.jp/kurashi/pet/	ペット・動物 - 南関町 --> 本文へスキップします。 --> くらしの情報 くらしの手続き ごみ出し 相談窓口 施設情報 各種様式 補助金申請 --> 補助金申請 もしもの時は その他の情報 メインメニュー くらし 健康 子育て・学び 仕事 町政情報 防災・防犯 南関MOVIE 観光情報 ふるさと納税 南関MOVIE 南関フォトギャラリー 法人番号 8000020433675 〒861-0898 熊本県玉名郡南関町大字関町64 Tel:0968-53-1111 Fax:0968-53-2351 開庁時間 月曜日から金曜日 8時30分から17時15分まで（祝日・休日・年末年始を除く） ※水曜日は税務住民課と福祉課（一部業務のみ）1
22	南関町	介護保険制度における住宅改修	https://www.town.nankan.lg.jp/kenko/fukushi/kaigosemmonin/page2258.html	介護保険制度における住宅改修 - 南関町 --> 本文へスキップします。 --> くらしの情報 くらしの手続き ごみ出し 相談窓口 施設情報 各種様式 補助金申請 --> 補助金申請 もしもの時は その他の情報 メインメニュー くらし 健康 子育て・学び 仕事 町政情報 防災・防犯 南関MOVIE 観光情報 ふるさと納税 南関MOVIE 南関フォトギャラリー 法人番号 8000020433675 〒861-0898 熊本県玉名郡南関町大字関町64 Tel:0968-53-1111 Fax:0968-53-2351 開庁時間 月曜日から金曜日 8時30分から17時15分まで（祝日・休日・年末年始を除く） ※水曜日は税務住民課と福祉課（
22	南関町	南関町ひとり暮らし高齢者等見守りネットワーク事業について	https://www.town.nankan.lg.jp/tyosei/gyosei/gyoseijoho/page1150.html	南関町ひとり暮らし高齢者等見守りネットワーク事業について - 南関町 --> 本文へスキップします。 --> くらしの情報 くらしの手続き ごみ出し 相談窓口 施設情報 各種様式 補助金申請 --> 補助金申請 もしもの時は その他の情報 メインメニュー くらし 健康 子育て・学び 仕事 町政情報 防災・防犯 南関MOVIE 観光情報 ふるさと納税 南関MOVIE 南関フォトギャラリー 法人番号 8000020433675 〒861-0898 熊本県玉名郡南関町大字関町64 Tel:0968-53-1111 Fax:0968-53-2351 開庁時間 月曜日から金曜日 8時30分から17時15分まで（祝日・休日・年末年始を除く） ※
22	南関町	引越しの際の手続きについて	https://www.town.nankan.lg.jp/kurashi/todokede/jushohenko/page332.html	引越しの際の手続きについて - 南関町 --> 本文へスキップします。 --> くらしの情報 くらしの手続き ごみ出し 相談窓口 施設情報 各種様式 補助金申請 --> 補助金申請 もしもの時は その他の情報 メインメニュー くらし 健康 子育て・学び 仕事 町政情報 防災・防犯 南関MOVIE 観光情報 ふるさと納税 南関MOVIE 南関フォトギャラリー 法人番号 8000020433675 〒861-0898 熊本県玉名郡南関町大字関町64 Tel:0968-53-1111 Fax:0968-53-2351 開庁時間 月曜日から金曜日 8時30分から17時15分まで（祝日・休日・年末年始を除く） ※水曜日は税務住民課と福祉課（一
22	南関町	不法投棄は犯罪です	https://www.town.nankan.lg.jp/kurashi/kankyo/page107.html	不法投棄は犯罪です - 南関町 --> 本文へスキップします。 --> くらしの情報 くらしの手続き ごみ出し 相談窓口 施設情報 各種様式 補助金申請 --> 補助金申請 もしもの時は その他の情報 メインメニュー くらし 健康 子育て・学び 仕事 町政情報 防災・防犯 南関MOVIE 観光情報 ふるさと納税 南関MOVIE 南関フォトギャラリー 法人番号 8000020433675 〒861-0898 熊本県玉名郡南関町大字関町64 Tel:0968-53-1111 Fax:0968-53-2351 開庁時間 月曜日から金曜日 8時30分から17時15分まで（祝日・休日・年末年始を除く） ※水曜日は税務住民課と福祉課（一部業務の
22	南関町	気をつけよう！消費者トラブル	https://www.town.nankan.lg.jp/kurashi/kurashisodan/shohisodan/syohisya.html	気をつけよう！消費者トラブル - 南関町 --> 本文へスキップします。 --> くらしの情報 くらしの手続き ごみ出し 相談窓口 施設情報 各種様式 補助金申請 --> 補助金申請 もしもの時は その他の情報 メインメニュー くらし 健康 子育て・学び 仕事 町政情報 防災・防犯 南関MOVIE 観光情報 ふるさと納税 南関MOVIE 南関フォトギャラリー 法人番号 8000020433675 〒861-0898 熊本県玉名郡南関町大字関町64 Tel:0968-53-1111 Fax:0968-53-2351 開庁時間 月曜日から金曜日 8時30分から17時15分まで（祝日・休日・年末年始を除く） ※水曜日は税務住民課と福祉課（
22	南関町	浄化槽について	https://www.town.nankan.lg.jp/kurashi/kurashisodan/page2954.html	浄化槽について - 南関町 --> 本文へスキップします。 --> くらしの情報 くらしの手続き ごみ出し 相談窓口 施設情報 各種様式 補助金申請 --> 補助金申請 もしもの時は その他の情報 メインメニュー くらし 健康 子育て・学び 仕事 町政情報 防災・防犯 南関MOVIE 観光情報 ふるさと納税 南関MOVIE 南関フォトギャラリー 法人番号 8000020433675 〒861-0898 熊本県玉名郡南関町大字関町64 Tel:0968-53-1111 Fax:0968-53-2351 開庁時間 月曜日から金曜日 8時30分から17時15分まで（祝日・休日・年末年始を除く） ※水曜日は税務住民課と福祉課（一部業務のみ）
22	南関町	南関町交流センター	https://www.town.nankan.lg.jp/tyosei/machigaiyo/shisetsu/page1262.html	南関町交流センター - 南関町 --> 本文へスキップします。 --> くらしの情報 くらしの手続き ごみ出し 相談窓口 施設情報 各種様式 補助金申請 --> 補助金申請 もしもの時は その他の情報 メインメニュー くらし 健康 子育て・学び 仕事 町政情報 防災・防犯 南関MOVIE 観光情報 ふるさと納税 南関MOVIE 南関フォトギャラリー 法人番号 8000020433675 〒861-0898 熊本県玉名郡南関町大字関町64 Tel:0968-53-1111 Fax:0968-53-2351 開庁時間 月曜日から金曜日 8時30分から17時15分まで（祝日・休日・年末年始を除く） ※水曜日は税務住民課と福祉課（一部業務の
22	南関町	南関町旧延寿荘施設及び敷地活用に係る事業者選定結果【選考終了】	https://www.town.nankan.lg.jp/tyosei/machigaiyo/shisetsu/page3388.html	南関町旧延寿荘施設及び敷地活用に係る事業者選定結果【選考終了】 - 南関町 --> 本文へスキップします。 --> くらしの情報 くらしの手続き ごみ出し 相談窓口 施設情報 各種様式 補助金申請 --> 補助金申請 もしもの時は その他の情報 メインメニュー くらし 健康 子育て・学び 仕事 町政情報 防災・防犯 南関MOVIE 観光情報 ふるさと納税 南関MOVIE 南関フォトギャラリー 法人番号 8000020433675 〒861-0898 熊本県玉名郡南関町大字関町64 Tel:0968-53-1111 Fax:0968-53-2351 開庁時間 月曜日から金曜日 8時30分から17時15分まで（祝日・休日・年末年始を除く
22	南関町	介護(利用者向け)	https://www.town.nankan.lg.jp/kenko/fukushi/kaigo/	介護(利用者向け) - 南関町 --> 本文へスキップします。 --> くらしの情報 くらしの手続き ごみ出し 相談窓口 施設情報 各種様式 補助金申請 --> 補助金申請 もしもの時は その他の情報 メインメニュー くらし 健康 子育て・学び 仕事 町政情報 防災・防犯 南関MOVIE 観光情報 ふるさと納税 南関MOVIE 南関フォトギャラリー 法人番号 8000020433675 〒861-0898 熊本県玉名郡南関町大字関町64 Tel:0968-53-1111 Fax:0968-53-2351 開庁時間 月曜日から金曜日 8時30分から17時15分まで（祝日・休日・年末年始を除く） ※水曜日は税務住民課と福祉課（一部業務の
21	南関町	くらし・手続き	https://www.town.nankan.lg.jp/kurashi/	くらし・手続き - 南関町 --> 本文へスキップします。 --> くらしの情報 くらしの手続き ごみ出し 相談窓口 施設情報 各種様式 補助金申請 --> 補助金申請 もしもの時は その他の情報 メインメニュー くらし 健康 子育て・学び 仕事 町政情報 防災・防犯 南関MOVIE 観光情報 ふるさと納税 南関MOVIE 南関フォトギャラリー 法人番号 8000020433675 〒861-0898 熊本県玉名郡南関町大字関町64 Tel:0968-53-1111 Fax:0968-53-2351 開庁時間 月曜日から金曜日 8時30分から17時15分まで（祝日・休日・年末年始を除く） ※水曜日は税務住民課と福祉課（一部業務のみ）
21	南関町	医療・福祉・健康	https://www.town.nankan.lg.jp/kenko/	医療・福祉・健康 - 南関町 --> 本文へスキップします。 --> くらしの情報 くらしの手続き ごみ出し 相談窓口 施設情報 各種様式 補助金申請 --> 補助金申請 もしもの時は その他の情報 メインメニュー くらし 健康 子育て・学び 仕事 町政情報 防災・防犯 南関MOVIE 観光情報 ふるさと納税 南関MOVIE 南関フォトギャラリー 法人番号 8000020433675 〒861-0898 熊本県玉名郡南関町大字関町64 Tel:0968-53-1111 Fax:0968-53-2351 開庁時間 月曜日から金曜日 8時30分から17時15分まで（祝日・休日・年末年始を除く） ※水曜日は税務住民課と福祉課（一部業務のみ
21	南関町	高齢者・介護	https://www.town.nankan.lg.jp/mokutekibetsu/2057.html	高齢者・介護 - 南関町 --> 本文へスキップします。 --> くらしの情報 くらしの手続き ごみ出し 相談窓口 施設情報 各種様式 補助金申請 --> 補助金申請 もしもの時は その他の情報 メインメニュー くらし 健康 子育て・学び 仕事 町政情報 防災・防犯 南関MOVIE 観光情報 ふるさと納税 南関MOVIE 南関フォトギャラリー 法人番号 8000020433675 〒861-0898 熊本県玉名郡南関町大字関町64 Tel:0968-53-1111 Fax:0968-53-2351 開庁時間 月曜日から金曜日 8時30分から17時15分まで（祝日・休日・年末年始を除く） ※水曜日は税務住民課と福祉課（一部業務のみ）1
21	南関町	町長室	https://www.town.nankan.lg.jp/tyosei/chochoshitsu/	町長室 - 南関町 --> 本文へスキップします。 --> くらしの情報 くらしの手続き ごみ出し 相談窓口 施設情報 各種様式 補助金申請 --> 補助金申請 もしもの時は その他の情報 メインメニュー くらし 健康 子育て・学び 仕事 町政情報 防災・防犯 南関MOVIE 観光情報 ふるさと納税 南関MOVIE 南関フォトギャラリー 法人番号 8000020433675 〒861-0898 熊本県玉名郡南関町大字関町64 Tel:0968-53-1111 Fax:0968-53-2351 開庁時間 月曜日から金曜日 8時30分から17時15分まで（祝日・休日・年末年始を除く） ※水曜日は税務住民課と福祉課（一部業務のみ）19時ま
21	南関町	例規集	https://www.town.nankan.lg.jp/tyosei/reikishu/	例規集 - 南関町 --> 本文へスキップします。 --> くらしの情報 くらしの手続き ごみ出し 相談窓口 施設情報 各種様式 補助金申請 --> 補助金申請 もしもの時は その他の情報 メインメニュー くらし 健康 子育て・学び 仕事 町政情報 防災・防犯 南関MOVIE 観光情報 ふるさと納税 南関MOVIE 南関フォトギャラリー 法人番号 8000020433675 〒861-0898 熊本県玉名郡南関町大字関町64 Tel:0968-53-1111 Fax:0968-53-2351 開庁時間 月曜日から金曜日 8時30分から17時15分まで（祝日・休日・年末年始を除く） ※水曜日は税務住民課と福祉課（一部業務のみ）19時ま
21	南関町	施策・計画	https://www.town.nankan.lg.jp/tyosei/gyosei/shisaku/	施策・計画 - 南関町 --> 本文へスキップします。 --> くらしの情報 くらしの手続き ごみ出し 相談窓口 施設情報 各種様式 補助金申請 --> 補助金申請 もしもの時は その他の情報 メインメニュー くらし 健康 子育て・学び 仕事 町政情報 防災・防犯 南関MOVIE 観光情報 ふるさと納税 南関MOVIE 南関フォトギャラリー 法人番号 8000020433675 〒861-0898 熊本県玉名郡南関町大字関町64 Tel:0968-53-1111 Fax:0968-53-2351 開庁時間 月曜日から金曜日 8時30分から17時15分まで（祝日・休日・年末年始を除く） ※水曜日は税務住民課と福祉課（一部業務のみ）19
21	南関町	プライバシーポリシー	https://www.town.nankan.lg.jp/tyosei/sonota/page80.html	プライバシーポリシー - 南関町 --> 本文へスキップします。 --> くらしの情報 くらしの手続き ごみ出し 相談窓口 施設情報 各種様式 補助金申請 --> 補助金申請 もしもの時は その他の情報 メインメニュー くらし 健康 子育て・学び 仕事 町政情報 防災・防犯 南関MOVIE 観光情報 ふるさと納税 南関MOVIE 南関フォトギャラリー 法人番号 8000020433675 〒861-0898 熊本県玉名郡南関町大字関町64 Tel:0968-53-1111 Fax:0968-53-2351 開庁時間 月曜日から金曜日 8時30分から17時15分まで（祝日・休日・年末年始を除く） ※水曜日は税務住民課と福祉課（一部業務
21	南関町	町の概要	https://www.town.nankan.lg.jp/tyosei/machigaiyo/	町の概要 - 南関町 --> 本文へスキップします。 --> くらしの情報 くらしの手続き ごみ出し 相談窓口 施設情報 各種様式 補助金申請 --> 補助金申請 もしもの時は その他の情報 メインメニュー くらし 健康 子育て・学び 仕事 町政情報 防災・防犯 南関MOVIE 観光情報 ふるさと納税 南関MOVIE 南関フォトギャラリー 法人番号 8000020433675 〒861-0898 熊本県玉名郡南関町大字関町64 Tel:0968-53-1111 Fax:0968-53-2351 開庁時間 月曜日から金曜日 8時30分から17時15分まで（祝日・休日・年末年始を除く） ※水曜日は税務住民課と福祉課（一部業務のみ）19時
21	南関町	広報・広聴	https://www.town.nankan.lg.jp/tyosei/kohokocho/	広報・広聴 - 南関町 --> 本文へスキップします。 --> くらしの情報 くらしの手続き ごみ出し 相談窓口 施設情報 各種様式 補助金申請 --> 補助金申請 もしもの時は その他の情報 メインメニュー くらし 健康 子育て・学び 仕事 町政情報 防災・防犯 南関MOVIE 観光情報 ふるさと納税 南関MOVIE 南関フォトギャラリー 法人番号 8000020433675 〒861-0898 熊本県玉名郡南関町大字関町64 Tel:0968-53-1111 Fax:0968-53-2351 開庁時間 月曜日から金曜日 8時30分から17時15分まで（祝日・休日・年末年始を除く） ※水曜日は税務住民課と福祉課（一部業務のみ）19
21	南関町	選挙	https://www.town.nankan.lg.jp/tyosei/senkyo/	選挙 - 南関町 --> 本文へスキップします。 --> くらしの情報 くらしの手続き ごみ出し 相談窓口 施設情報 各種様式 補助金申請 --> 補助金申請 もしもの時は その他の情報 メインメニュー くらし 健康 子育て・学び 仕事 町政情報 防災・防犯 南関MOVIE 観光情報 ふるさと納税 南関MOVIE 南関フォトギャラリー 法人番号 8000020433675 〒861-0898 熊本県玉名郡南関町大字関町64 Tel:0968-53-1111 Fax:0968-53-2351 開庁時間 月曜日から金曜日 8時30分から17時15分まで（祝日・休日・年末年始を除く） ※水曜日は税務住民課と福祉課（一部業務のみ）19時まで
21	南関町	監査	https://www.town.nankan.lg.jp/tyosei/kansa/	監査 - 南関町 --> 本文へスキップします。 --> くらしの情報 くらしの手続き ごみ出し 相談窓口 施設情報 各種様式 補助金申請 --> 補助金申請 もしもの時は その他の情報 メインメニュー くらし 健康 子育て・学び 仕事 町政情報 防災・防犯 南関MOVIE 観光情報 ふるさと納税 南関MOVIE 南関フォトギャラリー 法人番号 8000020433675 〒861-0898 熊本県玉名郡南関町大字関町64 Tel:0968-53-1111 Fax:0968-53-2351 開庁時間 月曜日から金曜日 8時30分から17時15分まで（祝日・休日・年末年始を除く） ※水曜日は税務住民課と福祉課（一部業務のみ）19時まで
21	南関町	入札契約	https://www.town.nankan.lg.jp/tyosei/nyusatsu/	入札契約 - 南関町 --> 本文へスキップします。 --> くらしの情報 くらしの手続き ごみ出し 相談窓口 施設情報 各種様式 補助金申請 --> 補助金申請 もしもの時は その他の情報 メインメニュー くらし 健康 子育て・学び 仕事 町政情報 防災・防犯 南関MOVIE 観光情報 ふるさと納税 南関MOVIE 南関フォトギャラリー 法人番号 8000020433675 〒861-0898 熊本県玉名郡南関町大字関町64 Tel:0968-53-1111 Fax:0968-53-2351 開庁時間 月曜日から金曜日 8時30分から17時15分まで（祝日・休日・年末年始を除く） ※水曜日は税務住民課と福祉課（一部業務のみ）19時
21	南関町	インターネット公売	https://www.town.nankan.lg.jp/tyosei/internetkobai/	インターネット公売 - 南関町 --> 本文へスキップします。 --> くらしの情報 くらしの手続き ごみ出し 相談窓口 施設情報 各種様式 補助金申請 --> 補助金申請 もしもの時は その他の情報 メインメニュー くらし 健康 子育て・学び 仕事 町政情報 防災・防犯 南関MOVIE 観光情報 ふるさと納税 南関MOVIE 南関フォトギャラリー 法人番号 8000020433675 〒861-0898 熊本県玉名郡南関町大字関町64 Tel:0968-53-1111 Fax:0968-53-2351 開庁時間 月曜日から金曜日 8時30分から17時15分まで（祝日・休日・年末年始を除く） ※水曜日は税務住民課と福祉課（一部業務の
21	南関町	その他	https://www.town.nankan.lg.jp/tyosei/sonota/	その他 - 南関町 --> 本文へスキップします。 --> くらしの情報 くらしの手続き ごみ出し 相談窓口 施設情報 各種様式 補助金申請 --> 補助金申請 もしもの時は その他の情報 メインメニュー くらし 健康 子育て・学び 仕事 町政情報 防災・防犯 南関MOVIE 観光情報 ふるさと納税 南関MOVIE 南関フォトギャラリー 法人番号 8000020433675 〒861-0898 熊本県玉名郡南関町大字関町64 Tel:0968-53-1111 Fax:0968-53-2351 開庁時間 月曜日から金曜日 8時30分から17時15分まで（祝日・休日・年末年始を除く） ※水曜日は税務住民課と福祉課（一部業務のみ）19時ま
21	南関町	福祉・介護	https://www.town.nankan.lg.jp/kenko/fukushi/	福祉・介護 - 南関町 --> 本文へスキップします。 --> くらしの情報 くらしの手続き ごみ出し 相談窓口 施設情報 各種様式 補助金申請 --> 補助金申請 もしもの時は その他の情報 メインメニュー くらし 健康 子育て・学び 仕事 町政情報 防災・防犯 南関MOVIE 観光情報 ふるさと納税 南関MOVIE 南関フォトギャラリー 法人番号 8000020433675 〒861-0898 熊本県玉名郡南関町大字関町64 Tel:0968-53-1111 Fax:0968-53-2351 開庁時間 月曜日から金曜日 8時30分から17時15分まで（祝日・休日・年末年始を除く） ※水曜日は税務住民課と福祉課（一部業務のみ）19
21	南関町	国民健康保険	https://www.town.nankan.lg.jp/kenko/nenkinkenkohoken/	国民健康保険 - 南関町 --> 本文へスキップします。 --> くらしの情報 くらしの手続き ごみ出し 相談窓口 施設情報 各種様式 補助金申請 --> 補助金申請 もしもの時は その他の情報 メインメニュー くらし 健康 子育て・学び 仕事 町政情報 防災・防犯 南関MOVIE 観光情報 ふるさと納税 南関MOVIE 南関フォトギャラリー 法人番号 8000020433675 〒861-0898 熊本県玉名郡南関町大字関町64 Tel:0968-53-1111 Fax:0968-53-2351 開庁時間 月曜日から金曜日 8時30分から17時15分まで（祝日・休日・年末年始を除く） ※水曜日は税務住民課と福祉課（一部業務のみ）1
21	南関町	保育園・認定こども園	https://www.town.nankan.lg.jp/kosodate/hoikuen/	保育園・認定こども園 - 南関町 --> 本文へスキップします。 --> くらしの情報 くらしの手続き ごみ出し 相談窓口 施設情報 各種様式 補助金申請 --> 補助金申請 もしもの時は その他の情報 メインメニュー くらし 健康 子育て・学び 仕事 町政情報 防災・防犯 南関MOVIE 観光情報 ふるさと納税 南関MOVIE 南関フォトギャラリー 法人番号 8000020433675 〒861-0898 熊本県玉名郡南関町大字関町64 Tel:0968-53-1111 Fax:0968-53-2351 開庁時間 月曜日から金曜日 8時30分から17時15分まで（祝日・休日・年末年始を除く） ※水曜日は税務住民課と福祉課（一部業務
21	南関町	教育・学校	https://www.town.nankan.lg.jp/kosodate/kyoiku/	教育・学校 - 南関町 --> 本文へスキップします。 --> くらしの情報 くらしの手続き ごみ出し 相談窓口 施設情報 各種様式 補助金申請 --> 補助金申請 もしもの時は その他の情報 メインメニュー くらし 健康 子育て・学び 仕事 町政情報 防災・防犯 南関MOVIE 観光情報 ふるさと納税 南関MOVIE 南関フォトギャラリー 法人番号 8000020433675 〒861-0898 熊本県玉名郡南関町大字関町64 Tel:0968-53-1111 Fax:0968-53-2351 開庁時間 月曜日から金曜日 8時30分から17時15分まで（祝日・休日・年末年始を除く） ※水曜日は税務住民課と福祉課（一部業務のみ）19
21	南関町	ふるさとなんかん応援寄附金	https://www.town.nankan.lg.jp/sangyo/furusatoen/	ふるさとなんかん応援寄附金 - 南関町 --> 本文へスキップします。 --> くらしの情報 くらしの手続き ごみ出し 相談窓口 施設情報 各種様式 補助金申請 --> 補助金申請 もしもの時は その他の情報 メインメニュー くらし 健康 子育て・学び 仕事 町政情報 防災・防犯 南関MOVIE 観光情報 ふるさと納税 南関MOVIE 南関フォトギャラリー 法人番号 8000020433675 〒861-0898 熊本県玉名郡南関町大字関町64 Tel:0968-53-1111 Fax:0968-53-2351 開庁時間 月曜日から金曜日 8時30分から17時15分まで（祝日・休日・年末年始を除く） ※水曜日は税務住民課と福祉課（一
21	南関町	改葬許可申請書	https://www.town.nankan.lg.jp/tyosei/shinseisho/page1354.html	改葬許可申請書 - 南関町 --> 本文へスキップします。 --> くらしの情報 くらしの手続き ごみ出し 相談窓口 施設情報 各種様式 補助金申請 --> 補助金申請 もしもの時は その他の情報 メインメニュー くらし 健康 子育て・学び 仕事 町政情報 防災・防犯 南関MOVIE 観光情報 ふるさと納税 南関MOVIE 南関フォトギャラリー 法人番号 8000020433675 〒861-0898 熊本県玉名郡南関町大字関町64 Tel:0968-53-1111 Fax:0968-53-2351 開庁時間 月曜日から金曜日 8時30分から17時15分まで（祝日・休日・年末年始を除く） ※水曜日は税務住民課と福祉課（一部業務のみ）
21	南関町	住民票・戸籍・税証明等の申請に係る委任状	https://www.town.nankan.lg.jp/tyosei/shinseisho/page1342.html	住民票・戸籍・税証明等の申請に係る委任状 - 南関町 --> 本文へスキップします。 --> くらしの情報 くらしの手続き ごみ出し 相談窓口 施設情報 各種様式 補助金申請 --> 補助金申請 もしもの時は その他の情報 メインメニュー くらし 健康 子育て・学び 仕事 町政情報 防災・防犯 南関MOVIE 観光情報 ふるさと納税 南関MOVIE 南関フォトギャラリー 法人番号 8000020433675 〒861-0898 熊本県玉名郡南関町大字関町64 Tel:0968-53-1111 Fax:0968-53-2351 開庁時間 月曜日から金曜日 8時30分から17時15分まで（祝日・休日・年末年始を除く） ※水曜日は税務住民
21	南関町	各種証明・届出申請書（窓口用）	https://www.town.nankan.lg.jp/tyosei/shinseisho/page1343.html	各種証明・届出申請書（窓口用） - 南関町 --> 本文へスキップします。 --> くらしの情報 くらしの手続き ごみ出し 相談窓口 施設情報 各種様式 補助金申請 --> 補助金申請 もしもの時は その他の情報 メインメニュー くらし 健康 子育て・学び 仕事 町政情報 防災・防犯 南関MOVIE 観光情報 ふるさと納税 南関MOVIE 南関フォトギャラリー 法人番号 8000020433675 〒861-0898 熊本県玉名郡南関町大字関町64 Tel:0968-53-1111 Fax:0968-53-2351 開庁時間 月曜日から金曜日 8時30分から17時15分まで（祝日・休日・年末年始を除く） ※水曜日は税務住民課と福祉課
21	南関町	法人町民税に関する様式	https://www.town.nankan.lg.jp/tyosei/shinseisho/page2103.html	法人町民税に関する様式 - 南関町 --> 本文へスキップします。 --> くらしの情報 くらしの手続き ごみ出し 相談窓口 施設情報 各種様式 補助金申請 --> 補助金申請 もしもの時は その他の情報 メインメニュー くらし 健康 子育て・学び 仕事 町政情報 防災・防犯 南関MOVIE 観光情報 ふるさと納税 南関MOVIE 南関フォトギャラリー 法人番号 8000020433675 〒861-0898 熊本県玉名郡南関町大字関町64 Tel:0968-53-1111 Fax:0968-53-2351 開庁時間 月曜日から金曜日 8時30分から17時15分まで（祝日・休日・年末年始を除く） ※水曜日は税務住民課と福祉課（一部業
21	南関町	ふるさとなんかん応援寄附金申出書	https://www.town.nankan.lg.jp/tyosei/shinseisho/page1338.html	ふるさとなんかん応援寄附金申出書 - 南関町 --> 本文へスキップします。 --> くらしの情報 くらしの手続き ごみ出し 相談窓口 施設情報 各種様式 補助金申請 --> 補助金申請 もしもの時は その他の情報 メインメニュー くらし 健康 子育て・学び 仕事 町政情報 防災・防犯 南関MOVIE 観光情報 ふるさと納税 南関MOVIE 南関フォトギャラリー 法人番号 8000020433675 〒861-0898 熊本県玉名郡南関町大字関町64 Tel:0968-53-1111 Fax:0968-53-2351 開庁時間 月曜日から金曜日 8時30分から17時15分まで（祝日・休日・年末年始を除く） ※水曜日は税務住民課と福祉
21	南関町	妊娠・出産	https://www.town.nankan.lg.jp/mokutekibetsu/2053.html	妊娠・出産 - 南関町 --> 本文へスキップします。 --> くらしの情報 くらしの手続き ごみ出し 相談窓口 施設情報 各種様式 補助金申請 --> 補助金申請 もしもの時は その他の情報 メインメニュー くらし 健康 子育て・学び 仕事 町政情報 防災・防犯 南関MOVIE 観光情報 ふるさと納税 南関MOVIE 南関フォトギャラリー 法人番号 8000020433675 〒861-0898 熊本県玉名郡南関町大字関町64 Tel:0968-53-1111 Fax:0968-53-2351 開庁時間 月曜日から金曜日 8時30分から17時15分まで（祝日・休日・年末年始を除く） ※水曜日は税務住民課と福祉課（一部業務のみ）19
21	南関町	就職・離職	https://www.town.nankan.lg.jp/mokutekibetsu/2055.html	就職・離職 - 南関町 --> 本文へスキップします。 --> くらしの情報 くらしの手続き ごみ出し 相談窓口 施設情報 各種様式 補助金申請 --> 補助金申請 もしもの時は その他の情報 メインメニュー くらし 健康 子育て・学び 仕事 町政情報 防災・防犯 南関MOVIE 観光情報 ふるさと納税 南関MOVIE 南関フォトギャラリー 法人番号 8000020433675 〒861-0898 熊本県玉名郡南関町大字関町64 Tel:0968-53-1111 Fax:0968-53-2351 開庁時間 月曜日から金曜日 8時30分から17時15分まで（祝日・休日・年末年始を除く） ※水曜日は税務住民課と福祉課（一部業務のみ）19
21	南関町	町政情報	https://www.town.nankan.lg.jp/oshirase/tyosei/	町政情報 - 南関町 --> 本文へスキップします。 --> くらしの情報 くらしの手続き ごみ出し 相談窓口 施設情報 各種様式 補助金申請 --> 補助金申請 もしもの時は その他の情報 メインメニュー くらし 健康 子育て・学び 仕事 町政情報 防災・防犯 南関MOVIE 観光情報 ふるさと納税 南関MOVIE 南関フォトギャラリー 法人番号 8000020433675 〒861-0898 熊本県玉名郡南関町大字関町64 Tel:0968-53-1111 Fax:0968-53-2351 開庁時間 月曜日から金曜日 8時30分から17時15分まで（祝日・休日・年末年始を除く） ※水曜日は税務住民課と福祉課（一部業務のみ）19時
20	南関町	あなたの『想い』を南関町に ふるさとなんかん応援寄附金 - 南関町	https://www.town.nankan.lg.jp/sangyo/furusatoen/page81.html	あなたの『想い』を南関町に ふるさとなんかん応援寄附金 - 南関町 --> 本文へスキップします。 --> くらしの情報 くらしの手続き ごみ出し 相談窓口 施設情報 各種様式 補助金申請 --> 補助金申請 もしもの時は その他の情報 メインメニュー くらし 健康 子育て・学び 仕事 町政情報 防災・防犯 南関MOVIE 観光情報 ふるさと納税 南関MOVIE 南関フォトギャラリー 法人番号 8000020433675 〒861-0898 熊本県玉名郡南関町大字関町64 Tel:0968-53-1111 Fax:0968-53-2351 開庁時間 月曜日から金曜日 8時30分から17時15分まで（祝日・休日・年末年始を除く） ※水
20	南関町	家庭ごみの分け方・出し方	https://www.town.nankan.lg.jp/kurashi/gomi/page63.html	家庭ごみの分け方・出し方 - 南関町 --> 本文へスキップします。 --> くらしの情報 くらしの手続き ごみ出し 相談窓口 施設情報 各種様式 補助金申請 --> 補助金申請 もしもの時は その他の情報 メインメニュー くらし 健康 子育て・学び 仕事 町政情報 防災・防犯 南関MOVIE 観光情報 ふるさと納税 南関MOVIE 南関フォトギャラリー 法人番号 8000020433675 〒861-0898 熊本県玉名郡南関町大字関町64 Tel:0968-53-1111 Fax:0968-53-2351 開庁時間 月曜日から金曜日 8時30分から17時15分まで（祝日・休日・年末年始を除く） ※水曜日は税務住民課と福祉課（一部
19	南関町	産業・まちづくり	https://www.town.nankan.lg.jp/sangyo/	産業・まちづくり - 南関町 --> 本文へスキップします。 --> くらしの情報 くらしの手続き ごみ出し 相談窓口 施設情報 各種様式 補助金申請 --> 補助金申請 もしもの時は その他の情報 メインメニュー くらし 健康 子育て・学び 仕事 町政情報 防災・防犯 南関MOVIE 観光情報 ふるさと納税 南関MOVIE 南関フォトギャラリー 法人番号 8000020433675 〒861-0898 熊本県玉名郡南関町大字関町64 Tel:0968-53-1111 Fax:0968-53-2351 開庁時間 月曜日から金曜日 8時30分から17時15分まで（祝日・休日・年末年始を除く） ※水曜日は税務住民課と福祉課（一部業務のみ
19	南関町	防災・防犯	https://www.town.nankan.lg.jp/bosai/	防災・防犯 - 南関町 --> 本文へスキップします。 --> くらしの情報 くらしの手続き ごみ出し 相談窓口 施設情報 各種様式 補助金申請 --> 補助金申請 もしもの時は その他の情報 メインメニュー くらし 健康 子育て・学び 仕事 町政情報 防災・防犯 南関MOVIE 観光情報 ふるさと納税 南関MOVIE 南関フォトギャラリー 法人番号 8000020433675 〒861-0898 熊本県玉名郡南関町大字関町64 Tel:0968-53-1111 Fax:0968-53-2351 開庁時間 月曜日から金曜日 8時30分から17時15分まで（祝日・休日・年末年始を除く） ※水曜日は税務住民課と福祉課（一部業務のみ）19
19	南関町	子育て・教育	https://www.town.nankan.lg.jp/mokutekibetsu/2054.html	子育て・教育 - 南関町 --> 本文へスキップします。 --> くらしの情報 くらしの手続き ごみ出し 相談窓口 施設情報 各種様式 補助金申請 --> 補助金申請 もしもの時は その他の情報 メインメニュー くらし 健康 子育て・学び 仕事 町政情報 防災・防犯 南関MOVIE 観光情報 ふるさと納税 南関MOVIE 南関フォトギャラリー 法人番号 8000020433675 〒861-0898 熊本県玉名郡南関町大字関町64 Tel:0968-53-1111 Fax:0968-53-2351 開庁時間 月曜日から金曜日 8時30分から17時15分まで（祝日・休日・年末年始を除く） ※水曜日は税務住民課と福祉課（一部業務のみ）1
19	南関町	障がい者	https://www.town.nankan.lg.jp/mokutekibetsu/2139.html	障がい者 - 南関町 --> 本文へスキップします。 --> くらしの情報 くらしの手続き ごみ出し 相談窓口 施設情報 各種様式 補助金申請 --> 補助金申請 もしもの時は その他の情報 メインメニュー くらし 健康 子育て・学び 仕事 町政情報 防災・防犯 南関MOVIE 観光情報 ふるさと納税 南関MOVIE 南関フォトギャラリー 法人番号 8000020433675 〒861-0898 熊本県玉名郡南関町大字関町64 Tel:0968-53-1111 Fax:0968-53-2351 開庁時間 月曜日から金曜日 8時30分から17時15分まで（祝日・休日・年末年始を除く） ※水曜日は税務住民課と福祉課（一部業務のみ）19時
19	南関町	外国人	https://www.town.nankan.lg.jp/mokutekibetsu/2138.html	外国人 - 南関町 --> 本文へスキップします。 --> くらしの情報 くらしの手続き ごみ出し 相談窓口 施設情報 各種様式 補助金申請 --> 補助金申請 もしもの時は その他の情報 メインメニュー くらし 健康 子育て・学び 仕事 町政情報 防災・防犯 南関MOVIE 観光情報 ふるさと納税 南関MOVIE 南関フォトギャラリー 法人番号 8000020433675 〒861-0898 熊本県玉名郡南関町大字関町64 Tel:0968-53-1111 Fax:0968-53-2351 開庁時間 月曜日から金曜日 8時30分から17時15分まで（祝日・休日・年末年始を除く） ※水曜日は税務住民課と福祉課（一部業務のみ）19時ま
19	南関町	事業者	https://www.town.nankan.lg.jp/mokutekibetsu/2137.html	事業者 - 南関町 --> 本文へスキップします。 --> くらしの情報 くらしの手続き ごみ出し 相談窓口 施設情報 各種様式 補助金申請 --> 補助金申請 もしもの時は その他の情報 メインメニュー くらし 健康 子育て・学び 仕事 町政情報 防災・防犯 南関MOVIE 観光情報 ふるさと納税 南関MOVIE 南関フォトギャラリー 法人番号 8000020433675 〒861-0898 熊本県玉名郡南関町大字関町64 Tel:0968-53-1111 Fax:0968-53-2351 開庁時間 月曜日から金曜日 8時30分から17時15分まで（祝日・休日・年末年始を除く） ※水曜日は税務住民課と福祉課（一部業務のみ）19時ま
19	南関町	令和８年度南関町職員採用試験（２次募集）の第1次試験の合格者について	https://www.town.nankan.lg.jp/tyosei/gyosei/shokuinsaiyo/5089.html	令和８年度南関町職員採用試験（２次募集）の第1次試験の合格者について - 南関町 --> 本文へスキップします。 --> くらしの情報 くらしの手続き ごみ出し 相談窓口 施設情報 各種様式 補助金申請 --> 補助金申請 もしもの時は その他の情報 メインメニュー くらし 健康 子育て・学び 仕事 町政情報 防災・防犯 南関MOVIE 観光情報 ふるさと納税 南関MOVIE 南関フォトギャラリー 法人番号 8000020433675 〒861-0898 熊本県玉名郡南関町大字関町64 Tel:0968-53-1111 Fax:0968-53-2351 開庁時間 月曜日から金曜日 8時30分から17時15分まで（祝日・休日・年末年始
19	南関町	【7月21日(火)】役場献血にご協力ください	https://www.town.nankan.lg.jp/kenko/iryo/oshirase/5073.html	【7月21日(火)】役場献血にご協力ください - 南関町 --> 本文へスキップします。 --> くらしの情報 くらしの手続き ごみ出し 相談窓口 施設情報 各種様式 補助金申請 --> 補助金申請 もしもの時は その他の情報 メインメニュー くらし 健康 子育て・学び 仕事 町政情報 防災・防犯 南関MOVIE 観光情報 ふるさと納税 南関MOVIE 南関フォトギャラリー 法人番号 8000020433675 〒861-0898 熊本県玉名郡南関町大字関町64 Tel:0968-53-1111 Fax:0968-53-2351 開庁時間 月曜日から金曜日 8時30分から17時15分まで（祝日・休日・年末年始を除く） ※水曜日は税務
19	南関町	第4期 住んでよかったプロジェクト推進事業（令和8年4月～令和13年3月）	https://www.town.nankan.lg.jp/sangyo/sundeyokatta/4906.html	第4期 住んでよかったプロジェクト推進事業（令和8年4月～令和13年3月） - 南関町 --> 本文へスキップします。 --> くらしの情報 くらしの手続き ごみ出し 相談窓口 施設情報 各種様式 補助金申請 --> 補助金申請 もしもの時は その他の情報 メインメニュー くらし 健康 子育て・学び 仕事 町政情報 防災・防犯 南関MOVIE 観光情報 ふるさと納税 南関MOVIE 南関フォトギャラリー 法人番号 8000020433675 〒861-0898 熊本県玉名郡南関町大字関町64 Tel:0968-53-1111 Fax:0968-53-2351 開庁時間 月曜日から金曜日 8時30分から17時15分まで（祝日・休日・年
19	南関町	令和8年度町長交際費	https://www.town.nankan.lg.jp/tyosei/chochoshitsu/kosaihi/4925.html	令和8年度町長交際費 - 南関町 --> 本文へスキップします。 --> くらしの情報 くらしの手続き ごみ出し 相談窓口 施設情報 各種様式 補助金申請 --> 補助金申請 もしもの時は その他の情報 メインメニュー くらし 健康 子育て・学び 仕事 町政情報 防災・防犯 南関MOVIE 観光情報 ふるさと納税 南関MOVIE 南関フォトギャラリー 法人番号 8000020433675 〒861-0898 熊本県玉名郡南関町大字関町64 Tel:0968-53-1111 Fax:0968-53-2351 開庁時間 月曜日から金曜日 8時30分から17時15分まで（祝日・休日・年末年始を除く） ※水曜日は税務住民課と福祉課（一部業務
19	南関町	南関町こども家庭センターだより	https://www.town.nankan.lg.jp/kosodate/kodomokatei/3754.html	南関町こども家庭センターだより - 南関町 --> 本文へスキップします。 --> くらしの情報 くらしの手続き ごみ出し 相談窓口 施設情報 各種様式 補助金申請 --> 補助金申請 もしもの時は その他の情報 メインメニュー くらし 健康 子育て・学び 仕事 町政情報 防災・防犯 南関MOVIE 観光情報 ふるさと納税 南関MOVIE 南関フォトギャラリー 法人番号 8000020433675 〒861-0898 熊本県玉名郡南関町大字関町64 Tel:0968-53-1111 Fax:0968-53-2351 開庁時間 月曜日から金曜日 8時30分から17時15分まで（祝日・休日・年末年始を除く） ※水曜日は税務住民課と福祉課
19	南関町	職員の給与の男女の差異の情報公表（令和7年度）	https://www.town.nankan.lg.jp/tyosei/gyosei/gyoseijoho/5058.html	職員の給与の男女の差異の情報公表（令和7年度） - 南関町 --> 本文へスキップします。 --> くらしの情報 くらしの手続き ごみ出し 相談窓口 施設情報 各種様式 補助金申請 --> 補助金申請 もしもの時は その他の情報 メインメニュー くらし 健康 子育て・学び 仕事 町政情報 防災・防犯 南関MOVIE 観光情報 ふるさと納税 南関MOVIE 南関フォトギャラリー 法人番号 8000020433675 〒861-0898 熊本県玉名郡南関町大字関町64 Tel:0968-53-1111 Fax:0968-53-2351 開庁時間 月曜日から金曜日 8時30分から17時15分まで（祝日・休日・年末年始を除く） ※水曜日は税
19	南関町	発雷時の教育活動及び登下校についての対応指針の策定について（R8.6.25改訂）	https://www.town.nankan.lg.jp/tyosei/gyosei/gyoseijoho/4080.html	発雷時の教育活動及び登下校についての対応指針の策定について（R8.6.25改訂） - 南関町 --> 本文へスキップします。 --> くらしの情報 くらしの手続き ごみ出し 相談窓口 施設情報 各種様式 補助金申請 --> 補助金申請 もしもの時は その他の情報 メインメニュー くらし 健康 子育て・学び 仕事 町政情報 防災・防犯 南関MOVIE 観光情報 ふるさと納税 南関MOVIE 南関フォトギャラリー 法人番号 8000020433675 〒861-0898 熊本県玉名郡南関町大字関町64 Tel:0968-53-1111 Fax:0968-53-2351 開庁時間 月曜日から金曜日 8時30分から17時15分まで（祝日・休
19	南関町	令和8年 第4回６月定例会のお知らせ	https://www.town.nankan.lg.jp/tyosei/gikai/gikai-oshirase/4970.html	令和8年 第4回６月定例会のお知らせ - 南関町 --> 本文へスキップします。 --> くらしの情報 くらしの手続き ごみ出し 相談窓口 施設情報 各種様式 補助金申請 --> 補助金申請 もしもの時は その他の情報 メインメニュー くらし 健康 子育て・学び 仕事 町政情報 防災・防犯 南関MOVIE 観光情報 ふるさと納税 南関MOVIE 南関フォトギャラリー 法人番号 8000020433675 〒861-0898 熊本県玉名郡南関町大字関町64 Tel:0968-53-1111 Fax:0968-53-2351 開庁時間 月曜日から金曜日 8時30分から17時15分まで（祝日・休日・年末年始を除く） ※水曜日は税務住民課と
19	南関町	音楽マルシェ in South gate	https://www.town.nankan.lg.jp/bunkakanko/gyouji-cal/4892.html	音楽マルシェ in South gate - 南関町 本文へスキップします。 --> くらしの情報 くらしの手続き ごみ出し 相談窓口 施設情報 各種様式 補助金申請 --> 補助金申請 もしもの時は その他の情報 メインメニュー くらし 健康 子育て・学び 仕事 町政情報 防災・防犯 南関MOVIE 観光情報 ふるさと納税 南関MOVIE 南関フォトギャラリー 法人番号 8000020433675 〒861-0898 熊本県玉名郡南関町大字関町64 Tel:0968-53-1111 Fax:0968-53-2351 開庁時間 月曜日から金曜日 8時30分から17時15分まで（祝日・休日・年末年始を除く） ※水曜日は税務住民課と福祉
19	南関町	良久良久マルシェ えん vol.5	https://www.town.nankan.lg.jp/bunkakanko/gyouji-cal/4885.html	良久良久マルシェ えん vol.5 - 南関町 本文へスキップします。 --> くらしの情報 くらしの手続き ごみ出し 相談窓口 施設情報 各種様式 補助金申請 --> 補助金申請 もしもの時は その他の情報 メインメニュー くらし 健康 子育て・学び 仕事 町政情報 防災・防犯 南関MOVIE 観光情報 ふるさと納税 南関MOVIE 南関フォトギャラリー 法人番号 8000020433675 〒861-0898 熊本県玉名郡南関町大字関町64 Tel:0968-53-1111 Fax:0968-53-2351 開庁時間 月曜日から金曜日 8時30分から17時15分まで（祝日・休日・年末年始を除く） ※水曜日は税務住民課と福祉課（一
19	南関町	Life Market	https://www.town.nankan.lg.jp/bunkakanko/gyouji-cal/4861.html	Life Market - 南関町 本文へスキップします。 --> くらしの情報 くらしの手続き ごみ出し 相談窓口 施設情報 各種様式 補助金申請 --> 補助金申請 もしもの時は その他の情報 メインメニュー くらし 健康 子育て・学び 仕事 町政情報 防災・防犯 南関MOVIE 観光情報 ふるさと納税 南関MOVIE 南関フォトギャラリー 法人番号 8000020433675 〒861-0898 熊本県玉名郡南関町大字関町64 Tel:0968-53-1111 Fax:0968-53-2351 開庁時間 月曜日から金曜日 8時30分から17時15分まで（祝日・休日・年末年始を除く） ※水曜日は税務住民課と福祉課（一部業務のみ）
19	南関町	コンビニ交付サービスの一時停止について	https://www.town.nankan.lg.jp/kurashi/todokede/mynumber/2803.html	コンビニ交付サービスの一時停止について - 南関町 --> 本文へスキップします。 --> くらしの情報 くらしの手続き ごみ出し 相談窓口 施設情報 各種様式 補助金申請 --> 補助金申請 もしもの時は その他の情報 メインメニュー くらし 健康 子育て・学び 仕事 町政情報 防災・防犯 南関MOVIE 観光情報 ふるさと納税 南関MOVIE 南関フォトギャラリー 法人番号 8000020433675 〒861-0898 熊本県玉名郡南関町大字関町64 Tel:0968-53-1111 Fax:0968-53-2351 開庁時間 月曜日から金曜日 8時30分から17時15分まで（祝日・休日・年末年始を除く） ※水曜日は税務住民課
19	南関町	マイナンバーカード関係手続きのシステム停止について	https://www.town.nankan.lg.jp/kurashi/todokede/mynumber/1927.html	マイナンバーカード関係手続きのシステム停止について - 南関町 --> 本文へスキップします。 --> くらしの情報 くらしの手続き ごみ出し 相談窓口 施設情報 各種様式 補助金申請 --> 補助金申請 もしもの時は その他の情報 メインメニュー くらし 健康 子育て・学び 仕事 町政情報 防災・防犯 南関MOVIE 観光情報 ふるさと納税 南関MOVIE 南関フォトギャラリー 法人番号 8000020433675 〒861-0898 熊本県玉名郡南関町大字関町64 Tel:0968-53-1111 Fax:0968-53-2351 開庁時間 月曜日から金曜日 8時30分から17時15分まで（祝日・休日・年末年始を除く） ※水曜日
19	南関町	届出・証明	https://www.town.nankan.lg.jp/kurashi/todokede/	届出・証明 - 南関町 --> 本文へスキップします。 --> くらしの情報 くらしの手続き ごみ出し 相談窓口 施設情報 各種様式 補助金申請 --> 補助金申請 もしもの時は その他の情報 メインメニュー くらし 健康 子育て・学び 仕事 町政情報 防災・防犯 南関MOVIE 観光情報 ふるさと納税 南関MOVIE 南関フォトギャラリー 法人番号 8000020433675 〒861-0898 熊本県玉名郡南関町大字関町64 Tel:0968-53-1111 Fax:0968-53-2351 開庁時間 月曜日から金曜日 8時30分から17時15分まで（祝日・休日・年末年始を除く） ※水曜日は税務住民課と福祉課（一部業務のみ）19
19	南関町	「南関町新型インフルエンザ等対策行動計画」を改定しました	https://www.town.nankan.lg.jp/kenko/iryo/oshirase/5011.html	「南関町新型インフルエンザ等対策行動計画」を改定しました - 南関町 --> 本文へスキップします。 --> くらしの情報 くらしの手続き ごみ出し 相談窓口 施設情報 各種様式 補助金申請 --> 補助金申請 もしもの時は その他の情報 メインメニュー くらし 健康 子育て・学び 仕事 町政情報 防災・防犯 南関MOVIE 観光情報 ふるさと納税 南関MOVIE 南関フォトギャラリー 法人番号 8000020433675 〒861-0898 熊本県玉名郡南関町大字関町64 Tel:0968-53-1111 Fax:0968-53-2351 開庁時間 月曜日から金曜日 8時30分から17時15分まで（祝日・休日・年末年始を除く） ※
19	南関町	第4次南関町健康増進計画、第3次南関町食育推進計画	https://www.town.nankan.lg.jp/kenko/iryo/sonota/4006.html	第4次南関町健康増進計画、第3次南関町食育推進計画 - 南関町 --> 本文へスキップします。 --> くらしの情報 くらしの手続き ごみ出し 相談窓口 施設情報 各種様式 補助金申請 --> 補助金申請 もしもの時は その他の情報 メインメニュー くらし 健康 子育て・学び 仕事 町政情報 防災・防犯 南関MOVIE 観光情報 ふるさと納税 南関MOVIE 南関フォトギャラリー 法人番号 8000020433675 〒861-0898 熊本県玉名郡南関町大字関町64 Tel:0968-53-1111 Fax:0968-53-2351 開庁時間 月曜日から金曜日 8時30分から17時15分まで（祝日・休日・年末年始を除く） ※水曜日
19	南関町	第2次南関町自殺対策計画～人と人がつながり命を支える～	https://www.town.nankan.lg.jp/kenko/iryo/sonota/3955.html	第2次南関町自殺対策計画～人と人がつながり命を支える～ - 南関町 --> 本文へスキップします。 --> くらしの情報 くらしの手続き ごみ出し 相談窓口 施設情報 各種様式 補助金申請 --> 補助金申請 もしもの時は その他の情報 メインメニュー くらし 健康 子育て・学び 仕事 町政情報 防災・防犯 南関MOVIE 観光情報 ふるさと納税 南関MOVIE 南関フォトギャラリー 法人番号 8000020433675 〒861-0898 熊本県玉名郡南関町大字関町64 Tel:0968-53-1111 Fax:0968-53-2351 開庁時間 月曜日から金曜日 8時30分から17時15分まで（祝日・休日・年末年始を除く） ※水
19	南関町	仕事	https://www.town.nankan.lg.jp/oshirase/sangyo/	仕事 - 南関町 --> 本文へスキップします。 --> くらしの情報 くらしの手続き ごみ出し 相談窓口 施設情報 各種様式 補助金申請 --> 補助金申請 もしもの時は その他の情報 メインメニュー くらし 健康 子育て・学び 仕事 町政情報 防災・防犯 南関MOVIE 観光情報 ふるさと納税 南関MOVIE 南関フォトギャラリー 法人番号 8000020433675 〒861-0898 熊本県玉名郡南関町大字関町64 Tel:0968-53-1111 Fax:0968-53-2351 開庁時間 月曜日から金曜日 8時30分から17時15分まで（祝日・休日・年末年始を除く） ※水曜日は税務住民課と福祉課（一部業務のみ）19時まで
19	南関町	令和8年度狩猟免許試験等のお知らせ	https://www.town.nankan.lg.jp/sangyo/noringyo/tyouju/2297.html	令和8年度狩猟免許試験等のお知らせ - 南関町 --> 本文へスキップします。 --> くらしの情報 くらしの手続き ごみ出し 相談窓口 施設情報 各種様式 補助金申請 --> 補助金申請 もしもの時は その他の情報 メインメニュー くらし 健康 子育て・学び 仕事 町政情報 防災・防犯 南関MOVIE 観光情報 ふるさと納税 南関MOVIE 南関フォトギャラリー 法人番号 8000020433675 〒861-0898 熊本県玉名郡南関町大字関町64 Tel:0968-53-1111 Fax:0968-53-2351 開庁時間 月曜日から金曜日 8時30分から17時15分まで（祝日・休日・年末年始を除く） ※水曜日は税務住民課と福
19	南関町	玉名地域広域鳥獣被害防止計画について	https://www.town.nankan.lg.jp/sangyo/noringyo/tyouju/2516.html	玉名地域広域鳥獣被害防止計画について - 南関町 --> 本文へスキップします。 --> くらしの情報 くらしの手続き ごみ出し 相談窓口 施設情報 各種様式 補助金申請 --> 補助金申請 もしもの時は その他の情報 メインメニュー くらし 健康 子育て・学び 仕事 町政情報 防災・防犯 南関MOVIE 観光情報 ふるさと納税 南関MOVIE 南関フォトギャラリー 法人番号 8000020433675 〒861-0898 熊本県玉名郡南関町大字関町64 Tel:0968-53-1111 Fax:0968-53-2351 開庁時間 月曜日から金曜日 8時30分から17時15分まで（祝日・休日・年末年始を除く） ※水曜日は税務住民課と
19	南関町	新規就農者の紹介（熊本県南関町）	https://www.town.nankan.lg.jp/sangyo/noringyo/nogyo/2406.html	新規就農者の紹介（熊本県南関町） - 南関町 --> 本文へスキップします。 --> くらしの情報 くらしの手続き ごみ出し 相談窓口 施設情報 各種様式 補助金申請 --> 補助金申請 もしもの時は その他の情報 メインメニュー くらし 健康 子育て・学び 仕事 町政情報 防災・防犯 南関MOVIE 観光情報 ふるさと納税 南関MOVIE 南関フォトギャラリー 法人番号 8000020433675 〒861-0898 熊本県玉名郡南関町大字関町64 Tel:0968-53-1111 Fax:0968-53-2351 開庁時間 月曜日から金曜日 8時30分から17時15分まで（祝日・休日・年末年始を除く） ※水曜日は税務住民課と福祉
19	南関町	南関町事業承継連携支援に関する協定書締結式	https://www.town.nankan.lg.jp/sangyo/chiikishinko/3925.html	南関町事業承継連携支援に関する協定書締結式 - 南関町 --> 本文へスキップします。 --> くらしの情報 くらしの手続き ごみ出し 相談窓口 施設情報 各種様式 補助金申請 --> 補助金申請 もしもの時は その他の情報 メインメニュー くらし 健康 子育て・学び 仕事 町政情報 防災・防犯 南関MOVIE 観光情報 ふるさと納税 南関MOVIE 南関フォトギャラリー 法人番号 8000020433675 〒861-0898 熊本県玉名郡南関町大字関町64 Tel:0968-53-1111 Fax:0968-53-2351 開庁時間 月曜日から金曜日 8時30分から17時15分まで（祝日・休日・年末年始を除く） ※水曜日は税務住
19	南関町	農機具等マッチング事業の開始について	https://www.town.nankan.lg.jp/sangyo/noringyo/nogyo/3175.html	農機具等マッチング事業の開始について - 南関町 --> 本文へスキップします。 --> くらしの情報 くらしの手続き ごみ出し 相談窓口 施設情報 各種様式 補助金申請 --> 補助金申請 もしもの時は その他の情報 メインメニュー くらし 健康 子育て・学び 仕事 町政情報 防災・防犯 南関MOVIE 観光情報 ふるさと納税 南関MOVIE 南関フォトギャラリー 法人番号 8000020433675 〒861-0898 熊本県玉名郡南関町大字関町64 Tel:0968-53-1111 Fax:0968-53-2351 開庁時間 月曜日から金曜日 8時30分から17時15分まで（祝日・休日・年末年始を除く） ※水曜日は税務住民課と
19	南関町	農地・農業用施設及び公共施設の災害報告について	https://www.town.nankan.lg.jp/bosai/bosaijoho/3286.html	農地・農業用施設及び公共施設の災害報告について - 南関町 --> 本文へスキップします。 --> くらしの情報 くらしの手続き ごみ出し 相談窓口 施設情報 各種様式 補助金申請 --> 補助金申請 もしもの時は その他の情報 メインメニュー くらし 健康 子育て・学び 仕事 町政情報 防災・防犯 南関MOVIE 観光情報 ふるさと納税 南関MOVIE 南関フォトギャラリー 法人番号 8000020433675 〒861-0898 熊本県玉名郡南関町大字関町64 Tel:0968-53-1111 Fax:0968-53-2351 開庁時間 月曜日から金曜日 8時30分から17時15分まで（祝日・休日・年末年始を除く） ※水曜日は税
19	南関町	結婚・離婚	https://www.town.nankan.lg.jp/mokutekibetsu/kekkon-rikon.html	結婚・離婚 - 南関町 --> 本文へスキップします。 --> くらしの情報 くらしの手続き ごみ出し 相談窓口 施設情報 各種様式 補助金申請 --> 補助金申請 もしもの時は その他の情報 メインメニュー くらし 健康 子育て・学び 仕事 町政情報 防災・防犯 南関MOVIE 観光情報 ふるさと納税 南関MOVIE 南関フォトギャラリー 法人番号 8000020433675 〒861-0898 熊本県玉名郡南関町大字関町64 Tel:0968-53-1111 Fax:0968-53-2351 開庁時間 月曜日から金曜日 8時30分から17時15分まで（祝日・休日・年末年始を除く） ※水曜日は税務住民課と福祉課（一部業務のみ）19
19	南関町	死亡	https://www.town.nankan.lg.jp/mokutekibetsu/2058.html	死亡 - 南関町 --> 本文へスキップします。 --> くらしの情報 くらしの手続き ごみ出し 相談窓口 施設情報 各種様式 補助金申請 --> 補助金申請 もしもの時は その他の情報 メインメニュー くらし 健康 子育て・学び 仕事 町政情報 防災・防犯 南関MOVIE 観光情報 ふるさと納税 南関MOVIE 南関フォトギャラリー 法人番号 8000020433675 〒861-0898 熊本県玉名郡南関町大字関町64 Tel:0968-53-1111 Fax:0968-53-2351 開庁時間 月曜日から金曜日 8時30分から17時15分まで（祝日・休日・年末年始を除く） ※水曜日は税務住民課と福祉課（一部業務のみ）19時まで
19	南関町	病気・事故	https://www.town.nankan.lg.jp/mokutekibetsu/2056.html	病気・事故 - 南関町 --> 本文へスキップします。 --> くらしの情報 くらしの手続き ごみ出し 相談窓口 施設情報 各種様式 補助金申請 --> 補助金申請 もしもの時は その他の情報 メインメニュー くらし 健康 子育て・学び 仕事 町政情報 防災・防犯 南関MOVIE 観光情報 ふるさと納税 南関MOVIE 南関フォトギャラリー 法人番号 8000020433675 〒861-0898 熊本県玉名郡南関町大字関町64 Tel:0968-53-1111 Fax:0968-53-2351 開庁時間 月曜日から金曜日 8時30分から17時15分まで（祝日・休日・年末年始を除く） ※水曜日は税務住民課と福祉課（一部業務のみ）19
19	南関町	熊本連携中枢都市圏で資源物等の持ち去り物買取拒否宣言店制度を実施しています	https://www.town.nankan.lg.jp/kurashi/kankyo/4294.html	熊本連携中枢都市圏で資源物等の持ち去り物買取拒否宣言店制度を実施しています - 南関町 --> 本文へスキップします。 --> くらしの情報 くらしの手続き ごみ出し 相談窓口 施設情報 各種様式 補助金申請 --> 補助金申請 もしもの時は その他の情報 メインメニュー くらし 健康 子育て・学び 仕事 町政情報 防災・防犯 南関MOVIE 観光情報 ふるさと納税 南関MOVIE 南関フォトギャラリー 法人番号 8000020433675 〒861-0898 熊本県玉名郡南関町大字関町64 Tel:0968-53-1111 Fax:0968-53-2351 開庁時間 月曜日から金曜日 8時30分から17時15分まで（祝日・休日・年
19	南関町	事業所から排出される廃棄物(ごみ)の適正な処理について	https://www.town.nankan.lg.jp/kurashi/kankyo/3695.html	事業所から排出される廃棄物(ごみ)の適正な処理について - 南関町 --> 本文へスキップします。 --> くらしの情報 くらしの手続き ごみ出し 相談窓口 施設情報 各種様式 補助金申請 --> 補助金申請 もしもの時は その他の情報 メインメニュー くらし 健康 子育て・学び 仕事 町政情報 防災・防犯 南関MOVIE 観光情報 ふるさと納税 南関MOVIE 南関フォトギャラリー 法人番号 8000020433675 〒861-0898 熊本県玉名郡南関町大字関町64 Tel:0968-53-1111 Fax:0968-53-2351 開庁時間 月曜日から金曜日 8時30分から17時15分まで（祝日・休日・年末年始を除く） ※水
19	南関町	食品用トレイの拠点回収	https://www.town.nankan.lg.jp/kurashi/kankyo/2520.html	食品用トレイの拠点回収 - 南関町 --> 本文へスキップします。 --> くらしの情報 くらしの手続き ごみ出し 相談窓口 施設情報 各種様式 補助金申請 --> 補助金申請 もしもの時は その他の情報 メインメニュー くらし 健康 子育て・学び 仕事 町政情報 防災・防犯 南関MOVIE 観光情報 ふるさと納税 南関MOVIE 南関フォトギャラリー 法人番号 8000020433675 〒861-0898 熊本県玉名郡南関町大字関町64 Tel:0968-53-1111 Fax:0968-53-2351 開庁時間 月曜日から金曜日 8時30分から17時15分まで（祝日・休日・年末年始を除く） ※水曜日は税務住民課と福祉課（一部業
19	南関町	天ぷら油(家庭用廃食用油)を回収しています！	https://www.town.nankan.lg.jp/kurashi/kankyo/2913.html	天ぷら油(家庭用廃食用油)を回収しています！ - 南関町 --> 本文へスキップします。 --> くらしの情報 くらしの手続き ごみ出し 相談窓口 施設情報 各種様式 補助金申請 --> 補助金申請 もしもの時は その他の情報 メインメニュー くらし 健康 子育て・学び 仕事 町政情報 防災・防犯 南関MOVIE 観光情報 ふるさと納税 南関MOVIE 南関フォトギャラリー 法人番号 8000020433675 〒861-0898 熊本県玉名郡南関町大字関町64 Tel:0968-53-1111 Fax:0968-53-2351 開庁時間 月曜日から金曜日 8時30分から17時15分まで（祝日・休日・年末年始を除く） ※水曜日は税務
19	南関町	ごみ出しカレンダー	https://www.town.nankan.lg.jp/kurashi/gomi/gomicalendar/	ごみ出しカレンダー - 南関町 --> 本文へスキップします。 --> くらしの情報 くらしの手続き ごみ出し 相談窓口 施設情報 各種様式 補助金申請 --> 補助金申請 もしもの時は その他の情報 メインメニュー くらし 健康 子育て・学び 仕事 町政情報 防災・防犯 南関MOVIE 観光情報 ふるさと納税 南関MOVIE 南関フォトギャラリー 法人番号 8000020433675 〒861-0898 熊本県玉名郡南関町大字関町64 Tel:0968-53-1111 Fax:0968-53-2351 開庁時間 月曜日から金曜日 8時30分から17時15分まで（祝日・休日・年末年始を除く） ※水曜日は税務住民課と福祉課（一部業務の
19	南関町	一般廃棄物処理業の許可業者について	https://www.town.nankan.lg.jp/kurashi/kankyo/2674.html	一般廃棄物処理業の許可業者について - 南関町 --> 本文へスキップします。 --> くらしの情報 くらしの手続き ごみ出し 相談窓口 施設情報 各種様式 補助金申請 --> 補助金申請 もしもの時は その他の情報 メインメニュー くらし 健康 子育て・学び 仕事 町政情報 防災・防犯 南関MOVIE 観光情報 ふるさと納税 南関MOVIE 南関フォトギャラリー 法人番号 8000020433675 〒861-0898 熊本県玉名郡南関町大字関町64 Tel:0968-53-1111 Fax:0968-53-2351 開庁時間 月曜日から金曜日 8時30分から17時15分まで（祝日・休日・年末年始を除く） ※水曜日は税務住民課と福
19	南関町	くらしの情報・相談	https://www.town.nankan.lg.jp/oshirase/kurashi/kurashisodan/	くらしの情報・相談 - 南関町 --> 本文へスキップします。 --> くらしの情報 くらしの手続き ごみ出し 相談窓口 施設情報 各種様式 補助金申請 --> 補助金申請 もしもの時は その他の情報 メインメニュー くらし 健康 子育て・学び 仕事 町政情報 防災・防犯 南関MOVIE 観光情報 ふるさと納税 南関MOVIE 南関フォトギャラリー 法人番号 8000020433675 〒861-0898 熊本県玉名郡南関町大字関町64 Tel:0968-53-1111 Fax:0968-53-2351 開庁時間 月曜日から金曜日 8時30分から17時15分まで（祝日・休日・年末年始を除く） ※水曜日は税務住民課と福祉課（一部業務の
19	南関町	消費者行政について （令和7年1月）	https://www.town.nankan.lg.jp/kurashi/kurashisodan/shohisodan/3670.html	消費者行政について （令和7年1月） - 南関町 --> 本文へスキップします。 --> くらしの情報 くらしの手続き ごみ出し 相談窓口 施設情報 各種様式 補助金申請 --> 補助金申請 もしもの時は その他の情報 メインメニュー くらし 健康 子育て・学び 仕事 町政情報 防災・防犯 南関MOVIE 観光情報 ふるさと納税 南関MOVIE 南関フォトギャラリー 法人番号 8000020433675 〒861-0898 熊本県玉名郡南関町大字関町64 Tel:0968-53-1111 Fax:0968-53-2351 開庁時間 月曜日から金曜日 8時30分から17時15分まで（祝日・休日・年末年始を除く） ※水曜日は税務住民課と
19	南関町	「南関町消費生活安心条例」と「訪問販売お断りステッカー」について	https://www.town.nankan.lg.jp/kurashi/kurashisodan/shohisodan/3529.html	「南関町消費生活安心条例」と「訪問販売お断りステッカー」について - 南関町 --> 本文へスキップします。 --> くらしの情報 くらしの手続き ごみ出し 相談窓口 施設情報 各種様式 補助金申請 --> 補助金申請 もしもの時は その他の情報 メインメニュー くらし 健康 子育て・学び 仕事 町政情報 防災・防犯 南関MOVIE 観光情報 ふるさと納税 南関MOVIE 南関フォトギャラリー 法人番号 8000020433675 〒861-0898 熊本県玉名郡南関町大字関町64 Tel:0968-53-1111 Fax:0968-53-2351 開庁時間 月曜日から金曜日 8時30分から17時15分まで（祝日・休日・年末年始を除
19	南関町	悪質な通販サイトにご注意ください！	https://www.town.nankan.lg.jp/kurashi/kurashisodan/shohisodan/3180.html	悪質な通販サイトにご注意ください！ - 南関町 --> 本文へスキップします。 --> くらしの情報 くらしの手続き ごみ出し 相談窓口 施設情報 各種様式 補助金申請 --> 補助金申請 もしもの時は その他の情報 メインメニュー くらし 健康 子育て・学び 仕事 町政情報 防災・防犯 南関MOVIE 観光情報 ふるさと納税 南関MOVIE 南関フォトギャラリー 法人番号 8000020433675 〒861-0898 熊本県玉名郡南関町大字関町64 Tel:0968-53-1111 Fax:0968-53-2351 開庁時間 月曜日から金曜日 8時30分から17時15分まで（祝日・休日・年末年始を除く） ※水曜日は税務住民課と福
19	南関町	水質検査計画について	https://www.town.nankan.lg.jp/kurashi/kurashisodan/suido/2194.html	水質検査計画について - 南関町 --> 本文へスキップします。 --> くらしの情報 くらしの手続き ごみ出し 相談窓口 施設情報 各種様式 補助金申請 --> 補助金申請 もしもの時は その他の情報 メインメニュー くらし 健康 子育て・学び 仕事 町政情報 防災・防犯 南関MOVIE 観光情報 ふるさと納税 南関MOVIE 南関フォトギャラリー 法人番号 8000020433675 〒861-0898 熊本県玉名郡南関町大字関町64 Tel:0968-53-1111 Fax:0968-53-2351 開庁時間 月曜日から金曜日 8時30分から17時15分まで（祝日・休日・年末年始を除く） ※水曜日は税務住民課と福祉課（一部業務
19	南関町	南関町上下水道事業の経営戦略の改訂について	https://www.town.nankan.lg.jp/kurashi/kurashisodan/suido/4829.html	南関町上下水道事業の経営戦略の改訂について - 南関町 --> 本文へスキップします。 --> くらしの情報 くらしの手続き ごみ出し 相談窓口 施設情報 各種様式 補助金申請 --> 補助金申請 もしもの時は その他の情報 メインメニュー くらし 健康 子育て・学び 仕事 町政情報 防災・防犯 南関MOVIE 観光情報 ふるさと納税 南関MOVIE 南関フォトギャラリー 法人番号 8000020433675 〒861-0898 熊本県玉名郡南関町大字関町64 Tel:0968-53-1111 Fax:0968-53-2351 開庁時間 月曜日から金曜日 8時30分から17時15分まで（祝日・休日・年末年始を除く） ※水曜日は税務住
19	南関町	南関町下水道事業に関する経営比較分析表について	https://www.town.nankan.lg.jp/kurashi/kurashisodan/suido/4779.html	南関町下水道事業に関する経営比較分析表について - 南関町 --> 本文へスキップします。 --> くらしの情報 くらしの手続き ごみ出し 相談窓口 施設情報 各種様式 補助金申請 --> 補助金申請 もしもの時は その他の情報 メインメニュー くらし 健康 子育て・学び 仕事 町政情報 防災・防犯 南関MOVIE 観光情報 ふるさと納税 南関MOVIE 南関フォトギャラリー 法人番号 8000020433675 〒861-0898 熊本県玉名郡南関町大字関町64 Tel:0968-53-1111 Fax:0968-53-2351 開庁時間 月曜日から金曜日 8時30分から17時15分まで（祝日・休日・年末年始を除く） ※水曜日は税
19	南関町	南関町上下水道事業に関する経営比較分析表について	https://www.town.nankan.lg.jp/kurashi/kurashisodan/suido/2932.html	南関町上下水道事業に関する経営比較分析表について - 南関町 --> 本文へスキップします。 --> くらしの情報 くらしの手続き ごみ出し 相談窓口 施設情報 各種様式 補助金申請 --> 補助金申請 もしもの時は その他の情報 メインメニュー くらし 健康 子育て・学び 仕事 町政情報 防災・防犯 南関MOVIE 観光情報 ふるさと納税 南関MOVIE 南関フォトギャラリー 法人番号 8000020433675 〒861-0898 熊本県玉名郡南関町大字関町64 Tel:0968-53-1111 Fax:0968-53-2351 開庁時間 月曜日から金曜日 8時30分から17時15分まで（祝日・休日・年末年始を除く） ※水曜日は
19	南関町	「南関町暮らしの便利帳」電子書籍版について	https://www.town.nankan.lg.jp/kurashi/kurashisodan/1832.html	「南関町暮らしの便利帳」電子書籍版について - 南関町 --> 本文へスキップします。 --> くらしの情報 くらしの手続き ごみ出し 相談窓口 施設情報 各種様式 補助金申請 --> 補助金申請 もしもの時は その他の情報 メインメニュー くらし 健康 子育て・学び 仕事 町政情報 防災・防犯 南関MOVIE 観光情報 ふるさと納税 南関MOVIE 南関フォトギャラリー 法人番号 8000020433675 〒861-0898 熊本県玉名郡南関町大字関町64 Tel:0968-53-1111 Fax:0968-53-2351 開庁時間 月曜日から金曜日 8時30分から17時15分まで（祝日・休日・年末年始を除く） ※水曜日は税務住
19	南関町	南関町ukaraのカフェスペース運営事業者選定結果のお知らせ	https://www.town.nankan.lg.jp/tyosei/machigaiyo/shisetsu/3505.html	南関町ukaraのカフェスペース運営事業者選定結果のお知らせ - 南関町 --> 本文へスキップします。 --> くらしの情報 くらしの手続き ごみ出し 相談窓口 施設情報 各種様式 補助金申請 --> 補助金申請 もしもの時は その他の情報 メインメニュー くらし 健康 子育て・学び 仕事 町政情報 防災・防犯 南関MOVIE 観光情報 ふるさと納税 南関MOVIE 南関フォトギャラリー 法人番号 8000020433675 〒861-0898 熊本県玉名郡南関町大字関町64 Tel:0968-53-1111 Fax:0968-53-2351 開庁時間 月曜日から金曜日 8時30分から17時15分まで（祝日・休日・年末年始を除く）
19	南関町	令和７年度南関町職員の給与・定員管理等の公表	https://www.town.nankan.lg.jp/tyosei/gyosei/gyoseijoho/4995.html	令和７年度南関町職員の給与・定員管理等の公表 - 南関町 --> 本文へスキップします。 --> くらしの情報 くらしの手続き ごみ出し 相談窓口 施設情報 各種様式 補助金申請 --> 補助金申請 もしもの時は その他の情報 メインメニュー くらし 健康 子育て・学び 仕事 町政情報 防災・防犯 南関MOVIE 観光情報 ふるさと納税 南関MOVIE 南関フォトギャラリー 法人番号 8000020433675 〒861-0898 熊本県玉名郡南関町大字関町64 Tel:0968-53-1111 Fax:0968-53-2351 開庁時間 月曜日から金曜日 8時30分から17時15分まで（祝日・休日・年末年始を除く） ※水曜日は税務
19	南関町	南関町の等級及び職制上の段階ごとの職員数の公表（令和８年４月１日現在）	https://www.town.nankan.lg.jp/tyosei/gyosei/gyoseijoho/4978.html	南関町の等級及び職制上の段階ごとの職員数の公表（令和８年４月１日現在） - 南関町 --> 本文へスキップします。 --> くらしの情報 くらしの手続き ごみ出し 相談窓口 施設情報 各種様式 補助金申請 --> 補助金申請 もしもの時は その他の情報 メインメニュー くらし 健康 子育て・学び 仕事 町政情報 防災・防犯 南関MOVIE 観光情報 ふるさと納税 南関MOVIE 南関フォトギャラリー 法人番号 8000020433675 〒861-0898 熊本県玉名郡南関町大字関町64 Tel:0968-53-1111 Fax:0968-53-2351 開庁時間 月曜日から金曜日 8時30分から17時15分まで（祝日・休日・年末年
19	南関町	防災・防犯	https://www.town.nankan.lg.jp/oshirase/bosai/	防災・防犯 - 南関町 --> 本文へスキップします。 --> くらしの情報 くらしの手続き ごみ出し 相談窓口 施設情報 各種様式 補助金申請 --> 補助金申請 もしもの時は その他の情報 メインメニュー くらし 健康 子育て・学び 仕事 町政情報 防災・防犯 南関MOVIE 観光情報 ふるさと納税 南関MOVIE 南関フォトギャラリー 法人番号 8000020433675 〒861-0898 熊本県玉名郡南関町大字関町64 Tel:0968-53-1111 Fax:0968-53-2351 開庁時間 月曜日から金曜日 8時30分から17時15分まで（祝日・休日・年末年始を除く） ※水曜日は税務住民課と福祉課（一部業務のみ）19
19	南関町	令和8年度 南関町地域防災計画	https://www.town.nankan.lg.jp/bosai/bosaijoho/4999.html	令和8年度 南関町地域防災計画 - 南関町 --> 本文へスキップします。 --> くらしの情報 くらしの手続き ごみ出し 相談窓口 施設情報 各種様式 補助金申請 --> 補助金申請 もしもの時は その他の情報 メインメニュー くらし 健康 子育て・学び 仕事 町政情報 防災・防犯 南関MOVIE 観光情報 ふるさと納税 南関MOVIE 南関フォトギャラリー 法人番号 8000020433675 〒861-0898 熊本県玉名郡南関町大字関町64 Tel:0968-53-1111 Fax:0968-53-2351 開庁時間 月曜日から金曜日 8時30分から17時15分まで（祝日・休日・年末年始を除く） ※水曜日は税務住民課と福祉課
19	南関町	林野火災注意報・林野火災警報の運用開始について	https://www.town.nankan.lg.jp/bosai/bosaijoho/4524.html	林野火災注意報・林野火災警報の運用開始について - 南関町 --> 本文へスキップします。 --> くらしの情報 くらしの手続き ごみ出し 相談窓口 施設情報 各種様式 補助金申請 --> 補助金申請 もしもの時は その他の情報 メインメニュー くらし 健康 子育て・学び 仕事 町政情報 防災・防犯 南関MOVIE 観光情報 ふるさと納税 南関MOVIE 南関フォトギャラリー 法人番号 8000020433675 〒861-0898 熊本県玉名郡南関町大字関町64 Tel:0968-53-1111 Fax:0968-53-2351 開庁時間 月曜日から金曜日 8時30分から17時15分まで（祝日・休日・年末年始を除く） ※水曜日は税
19	南関町	運転免許関係手続の取扱日時の変更について	https://www.town.nankan.lg.jp/oshirase/bosai/2567.html	運転免許関係手続の取扱日時の変更について - 南関町 --> 本文へスキップします。 --> くらしの情報 くらしの手続き ごみ出し 相談窓口 施設情報 各種様式 補助金申請 --> 補助金申請 もしもの時は その他の情報 メインメニュー くらし 健康 子育て・学び 仕事 町政情報 防災・防犯 南関MOVIE 観光情報 ふるさと納税 南関MOVIE 南関フォトギャラリー 法人番号 8000020433675 〒861-0898 熊本県玉名郡南関町大字関町64 Tel:0968-53-1111 Fax:0968-53-2351 開庁時間 月曜日から金曜日 8時30分から17時15分まで（祝日・休日・年末年始を除く） ※水曜日は税務住民
17	南関町	くらしの手続き	https://www.town.nankan.lg.jp/mokutekibetsu/kurashinotetsuduki.html	くらしの手続き - 南関町 --> 本文へスキップします。 --> くらしの情報 くらしの手続き ごみ出し 相談窓口 施設情報 各種様式 補助金申請 --> 補助金申請 もしもの時は その他の情報 メインメニュー くらし 健康 子育て・学び 仕事 町政情報 防災・防犯 南関MOVIE 観光情報 ふるさと納税 南関MOVIE 南関フォトギャラリー 法人番号 8000020433675 〒861-0898 熊本県玉名郡南関町大字関町64 Tel:0968-53-1111 Fax:0968-53-2351 開庁時間 月曜日から金曜日 8時30分から17時15分まで（祝日・休日・年末年始を除く） ※水曜日は税務住民課と福祉課（一部業務のみ）
17	南関町	施設情報	https://www.town.nankan.lg.jp/tyosei/machigaiyo/shisetsu/	施設情報 - 南関町 --> 本文へスキップします。 --> くらしの情報 くらしの手続き ごみ出し 相談窓口 施設情報 各種様式 補助金申請 --> 補助金申請 もしもの時は その他の情報 メインメニュー くらし 健康 子育て・学び 仕事 町政情報 防災・防犯 南関MOVIE 観光情報 ふるさと納税 南関MOVIE 南関フォトギャラリー 法人番号 8000020433675 〒861-0898 熊本県玉名郡南関町大字関町64 Tel:0968-53-1111 Fax:0968-53-2351 開庁時間 月曜日から金曜日 8時30分から17時15分まで（祝日・休日・年末年始を除く） ※水曜日は税務住民課と福祉課（一部業務のみ）19時
17	南関町	もしもの時は	https://www.town.nankan.lg.jp/mokutekibetsu/moshimonotokiha.html	もしもの時は - 南関町 --> 本文へスキップします。 --> くらしの情報 くらしの手続き ごみ出し 相談窓口 施設情報 各種様式 補助金申請 --> 補助金申請 もしもの時は その他の情報 メインメニュー くらし 健康 子育て・学び 仕事 町政情報 防災・防犯 南関MOVIE 観光情報 ふるさと納税 南関MOVIE 南関フォトギャラリー 法人番号 8000020433675 〒861-0898 熊本県玉名郡南関町大字関町64 Tel:0968-53-1111 Fax:0968-53-2351 開庁時間 月曜日から金曜日 8時30分から17時15分まで（祝日・休日・年末年始を除く） ※水曜日は税務住民課と福祉課（一部業務のみ）1
17	南関町	その他の情報	https://www.town.nankan.lg.jp/mokutekibetsu/sonotanojoho.html	その他の情報 - 南関町 --> 本文へスキップします。 --> くらしの情報 くらしの手続き ごみ出し 相談窓口 施設情報 各種様式 補助金申請 --> 補助金申請 もしもの時は その他の情報 メインメニュー くらし 健康 子育て・学び 仕事 町政情報 防災・防犯 南関MOVIE 観光情報 ふるさと納税 南関MOVIE 南関フォトギャラリー 法人番号 8000020433675 〒861-0898 熊本県玉名郡南関町大字関町64 Tel:0968-53-1111 Fax:0968-53-2351 開庁時間 月曜日から金曜日 8時30分から17時15分まで（祝日・休日・年末年始を除く） ※水曜日は税務住民課と福祉課（一部業務のみ）1
17	南関町	相談窓口	https://www.town.nankan.lg.jp/mokutekibetsu/soudanmadoguchi.html	相談窓口 - 南関町 --> 本文へスキップします。 --> くらしの情報 くらしの手続き ごみ出し 相談窓口 施設情報 各種様式 補助金申請 --> 補助金申請 もしもの時は その他の情報 メインメニュー くらし 健康 子育て・学び 仕事 町政情報 防災・防犯 南関MOVIE 観光情報 ふるさと納税 南関MOVIE 南関フォトギャラリー 法人番号 8000020433675 〒861-0898 熊本県玉名郡南関町大字関町64 Tel:0968-53-1111 Fax:0968-53-2351 開庁時間 月曜日から金曜日 8時30分から17時15分まで（祝日・休日・年末年始を除く） ※水曜日は税務住民課と福祉課（一部業務のみ）19時
17	南関町	町の概要	https://www.town.nankan.lg.jp/tyosei/machigaiyo/gaiyo/page99.html	町の概要 - 南関町 --> 本文へスキップします。 --> くらしの情報 くらしの手続き ごみ出し 相談窓口 施設情報 各種様式 補助金申請 --> 補助金申請 もしもの時は その他の情報 メインメニュー くらし 健康 子育て・学び 仕事 町政情報 防災・防犯 南関MOVIE 観光情報 ふるさと納税 南関MOVIE 南関フォトギャラリー 法人番号 8000020433675 〒861-0898 熊本県玉名郡南関町大字関町64 Tel:0968-53-1111 Fax:0968-53-2351 開庁時間 月曜日から金曜日 8時30分から17時15分まで（祝日・休日・年末年始を除く） ※水曜日は税務住民課と福祉課（一部業務のみ）19時
17	南関町	交通アクセス	https://www.town.nankan.lg.jp/tyosei/machigaiyo/access/	交通アクセス - 南関町 --> 本文へスキップします。 --> くらしの情報 くらしの手続き ごみ出し 相談窓口 施設情報 各種様式 補助金申請 --> 補助金申請 もしもの時は その他の情報 メインメニュー くらし 健康 子育て・学び 仕事 町政情報 防災・防犯 南関MOVIE 観光情報 ふるさと納税 南関MOVIE 南関フォトギャラリー 法人番号 8000020433675 〒861-0898 熊本県玉名郡南関町大字関町64 Tel:0968-53-1111 Fax:0968-53-2351 開庁時間 月曜日から金曜日 8時30分から17時15分まで（祝日・休日・年末年始を除く） ※水曜日は税務住民課と福祉課（一部業務のみ）1
17	南関町	統計情報	https://www.town.nankan.lg.jp/tyosei/machigaiyo/tokei/	統計情報 - 南関町 --> 本文へスキップします。 --> くらしの情報 くらしの手続き ごみ出し 相談窓口 施設情報 各種様式 補助金申請 --> 補助金申請 もしもの時は その他の情報 メインメニュー くらし 健康 子育て・学び 仕事 町政情報 防災・防犯 南関MOVIE 観光情報 ふるさと納税 南関MOVIE 南関フォトギャラリー 法人番号 8000020433675 〒861-0898 熊本県玉名郡南関町大字関町64 Tel:0968-53-1111 Fax:0968-53-2351 開庁時間 月曜日から金曜日 8時30分から17時15分まで（祝日・休日・年末年始を除く） ※水曜日は税務住民課と福祉課（一部業務のみ）19時
17	南関町	町のあゆみ	https://www.town.nankan.lg.jp/tyosei/machigaiyo/ayumi/	町のあゆみ - 南関町 --> 本文へスキップします。 --> くらしの情報 くらしの手続き ごみ出し 相談窓口 施設情報 各種様式 補助金申請 --> 補助金申請 もしもの時は その他の情報 メインメニュー くらし 健康 子育て・学び 仕事 町政情報 防災・防犯 南関MOVIE 観光情報 ふるさと納税 南関MOVIE 南関フォトギャラリー 法人番号 8000020433675 〒861-0898 熊本県玉名郡南関町大字関町64 Tel:0968-53-1111 Fax:0968-53-2351 開庁時間 月曜日から金曜日 8時30分から17時15分まで（祝日・休日・年末年始を除く） ※水曜日は税務住民課と福祉課（一部業務のみ）19
17	南関町	学校応援団	https://www.town.nankan.lg.jp/kosodate/chiikigakkokyodohombu/oendan/	学校応援団 - 南関町 --> 本文へスキップします。 --> くらしの情報 くらしの手続き ごみ出し 相談窓口 施設情報 各種様式 補助金申請 --> 補助金申請 もしもの時は その他の情報 メインメニュー くらし 健康 子育て・学び 仕事 町政情報 防災・防犯 南関MOVIE 観光情報 ふるさと納税 南関MOVIE 南関フォトギャラリー 法人番号 8000020433675 〒861-0898 熊本県玉名郡南関町大字関町64 Tel:0968-53-1111 Fax:0968-53-2351 開庁時間 月曜日から金曜日 8時30分から17時15分まで（祝日・休日・年末年始を除く） ※水曜日は税務住民課と福祉課（一部業務のみ）19
17	南関町	子育て情報	https://www.town.nankan.lg.jp/mokutekibetsu/kosodatejoho.html	子育て情報 - 南関町 --> 本文へスキップします。 --> くらしの情報 くらしの手続き ごみ出し 相談窓口 施設情報 各種様式 補助金申請 --> 補助金申請 もしもの時は その他の情報 メインメニュー くらし 健康 子育て・学び 仕事 町政情報 防災・防犯 南関MOVIE 観光情報 ふるさと納税 南関MOVIE 南関フォトギャラリー 法人番号 8000020433675 〒861-0898 熊本県玉名郡南関町大字関町64 Tel:0968-53-1111 Fax:0968-53-2351 開庁時間 月曜日から金曜日 8時30分から17時15分まで（祝日・休日・年末年始を除く） ※水曜日は税務住民課と福祉課（一部業務のみ）19
17	南関町	なんかん夏まつり ぎおんさん	https://www.town.nankan.lg.jp/bunkakanko/gyouji-cal/5039.html	なんかん夏まつり ぎおんさん - 南関町 本文へスキップします。 --> くらしの情報 くらしの手続き ごみ出し 相談窓口 施設情報 各種様式 補助金申請 --> 補助金申請 もしもの時は その他の情報 メインメニュー くらし 健康 子育て・学び 仕事 町政情報 防災・防犯 南関MOVIE 観光情報 ふるさと納税 南関MOVIE 南関フォトギャラリー 法人番号 8000020433675 〒861-0898 熊本県玉名郡南関町大字関町64 Tel:0968-53-1111 Fax:0968-53-2351 開庁時間 月曜日から金曜日 8時30分から17時15分まで（祝日・休日・年末年始を除く） ※水曜日は税務住民課と福祉課（一部業務
17	南関町	第42回 関所健康マラソン	https://www.town.nankan.lg.jp/bunkakanko/gyouji-cal/4886.html	第42回 関所健康マラソン - 南関町 本文へスキップします。 --> くらしの情報 くらしの手続き ごみ出し 相談窓口 施設情報 各種様式 補助金申請 --> 補助金申請 もしもの時は その他の情報 メインメニュー くらし 健康 子育て・学び 仕事 町政情報 防災・防犯 南関MOVIE 観光情報 ふるさと納税 南関MOVIE 南関フォトギャラリー 法人番号 8000020433675 〒861-0898 熊本県玉名郡南関町大字関町64 Tel:0968-53-1111 Fax:0968-53-2351 開庁時間 月曜日から金曜日 8時30分から17時15分まで（祝日・休日・年末年始を除く） ※水曜日は税務住民課と福祉課（一部業務の
17	南関町	oto-marche	https://www.town.nankan.lg.jp/bunkakanko/gyouji-cal/4913.html	oto-marche - 南関町 本文へスキップします。 --> くらしの情報 くらしの手続き ごみ出し 相談窓口 施設情報 各種様式 補助金申請 --> 補助金申請 もしもの時は その他の情報 メインメニュー くらし 健康 子育て・学び 仕事 町政情報 防災・防犯 南関MOVIE 観光情報 ふるさと納税 南関MOVIE 南関フォトギャラリー 法人番号 8000020433675 〒861-0898 熊本県玉名郡南関町大字関町64 Tel:0968-53-1111 Fax:0968-53-2351 開庁時間 月曜日から金曜日 8時30分から17時15分まで（祝日・休日・年末年始を除く） ※水曜日は税務住民課と福祉課（一部業務のみ）1
17	南関町	防災情報	https://www.town.nankan.lg.jp/bosai/bosaijoho/	防災情報 - 南関町 --> 本文へスキップします。 --> くらしの情報 くらしの手続き ごみ出し 相談窓口 施設情報 各種様式 補助金申請 --> 補助金申請 もしもの時は その他の情報 メインメニュー くらし 健康 子育て・学び 仕事 町政情報 防災・防犯 南関MOVIE 観光情報 ふるさと納税 南関MOVIE 南関フォトギャラリー 法人番号 8000020433675 〒861-0898 熊本県玉名郡南関町大字関町64 Tel:0968-53-1111 Fax:0968-53-2351 開庁時間 月曜日から金曜日 8時30分から17時15分まで（祝日・休日・年末年始を除く） ※水曜日は税務住民課と福祉課（一部業務のみ）19時
17	南関町	広報なんかん	https://www.town.nankan.lg.jp/tyosei/kohokocho/kohonankan/	広報なんかん - 南関町 --> 本文へスキップします。 --> くらしの情報 くらしの手続き ごみ出し 相談窓口 施設情報 各種様式 補助金申請 --> 補助金申請 もしもの時は その他の情報 メインメニュー くらし 健康 子育て・学び 仕事 町政情報 防災・防犯 南関MOVIE 観光情報 ふるさと納税 南関MOVIE 南関フォトギャラリー 法人番号 8000020433675 〒861-0898 熊本県玉名郡南関町大字関町64 Tel:0968-53-1111 Fax:0968-53-2351 開庁時間 月曜日から金曜日 8時30分から17時15分まで（祝日・休日・年末年始を除く） ※水曜日は税務住民課と福祉課（一部業務のみ）1
17	南関町	ひとのうごき	https://www.town.nankan.lg.jp/tyosei/machigaiyo/hitonougoki/	ひとのうごき - 南関町 --> 本文へスキップします。 --> くらしの情報 くらしの手続き ごみ出し 相談窓口 施設情報 各種様式 補助金申請 --> 補助金申請 もしもの時は その他の情報 メインメニュー くらし 健康 子育て・学び 仕事 町政情報 防災・防犯 南関MOVIE 観光情報 ふるさと納税 南関MOVIE 南関フォトギャラリー 法人番号 8000020433675 〒861-0898 熊本県玉名郡南関町大字関町64 Tel:0968-53-1111 Fax:0968-53-2351 開庁時間 月曜日から金曜日 8時30分から17時15分まで（祝日・休日・年末年始を除く） ※水曜日は税務住民課と福祉課（一部業務のみ）1
17	南関町	南関町の小学校・中学校	https://www.town.nankan.lg.jp/kosodate/kyoiku/page1207.html	南関町の小学校・中学校 - 南関町 --> 本文へスキップします。 --> くらしの情報 くらしの手続き ごみ出し 相談窓口 施設情報 各種様式 補助金申請 --> 補助金申請 もしもの時は その他の情報 メインメニュー くらし 健康 子育て・学び 仕事 町政情報 防災・防犯 南関MOVIE 観光情報 ふるさと納税 南関MOVIE 南関フォトギャラリー 法人番号 8000020433675 〒861-0898 熊本県玉名郡南関町大字関町64 Tel:0968-53-1111 Fax:0968-53-2351 開庁時間 月曜日から金曜日 8時30分から17時15分まで（祝日・休日・年末年始を除く） ※水曜日は税務住民課と福祉課（一部業
17	南関町	スポーツ	https://www.town.nankan.lg.jp/kenko/sports/	スポーツ - 南関町 --> 本文へスキップします。 --> くらしの情報 くらしの手続き ごみ出し 相談窓口 施設情報 各種様式 補助金申請 --> 補助金申請 もしもの時は その他の情報 メインメニュー くらし 健康 子育て・学び 仕事 町政情報 防災・防犯 南関MOVIE 観光情報 ふるさと納税 南関MOVIE 南関フォトギャラリー 法人番号 8000020433675 〒861-0898 熊本県玉名郡南関町大字関町64 Tel:0968-53-1111 Fax:0968-53-2351 開庁時間 月曜日から金曜日 8時30分から17時15分まで（祝日・休日・年末年始を除く） ※水曜日は税務住民課と福祉課（一部業務のみ）19時
17	南関町	新型コロナウイルス	https://www.town.nankan.lg.jp/kenko/covid-19/	新型コロナウイルス - 南関町 --> 本文へスキップします。 --> くらしの情報 くらしの手続き ごみ出し 相談窓口 施設情報 各種様式 補助金申請 --> 補助金申請 もしもの時は その他の情報 メインメニュー くらし 健康 子育て・学び 仕事 町政情報 防災・防犯 南関MOVIE 観光情報 ふるさと納税 南関MOVIE 南関フォトギャラリー 法人番号 8000020433675 〒861-0898 熊本県玉名郡南関町大字関町64 Tel:0968-53-1111 Fax:0968-53-2351 開庁時間 月曜日から金曜日 8時30分から17時15分まで（祝日・休日・年末年始を除く） ※水曜日は税務住民課と福祉課（一部業務の
17	南関町	図書館	https://www.town.nankan.lg.jp/kosodate/toshokan/	図書館 - 南関町 --> 本文へスキップします。 --> くらしの情報 くらしの手続き ごみ出し 相談窓口 施設情報 各種様式 補助金申請 --> 補助金申請 もしもの時は その他の情報 メインメニュー くらし 健康 子育て・学び 仕事 町政情報 防災・防犯 南関MOVIE 観光情報 ふるさと納税 南関MOVIE 南関フォトギャラリー 法人番号 8000020433675 〒861-0898 熊本県玉名郡南関町大字関町64 Tel:0968-53-1111 Fax:0968-53-2351 開庁時間 月曜日から金曜日 8時30分から17時15分まで（祝日・休日・年末年始を除く） ※水曜日は税務住民課と福祉課（一部業務のみ）19時ま
17	南関町	文化	https://www.town.nankan.lg.jp/kosodate/bunkazai/	文化 - 南関町 --> 本文へスキップします。 --> くらしの情報 くらしの手続き ごみ出し 相談窓口 施設情報 各種様式 補助金申請 --> 補助金申請 もしもの時は その他の情報 メインメニュー くらし 健康 子育て・学び 仕事 町政情報 防災・防犯 南関MOVIE 観光情報 ふるさと納税 南関MOVIE 南関フォトギャラリー 法人番号 8000020433675 〒861-0898 熊本県玉名郡南関町大字関町64 Tel:0968-53-1111 Fax:0968-53-2351 開庁時間 月曜日から金曜日 8時30分から17時15分まで（祝日・休日・年末年始を除く） ※水曜日は税務住民課と福祉課（一部業務のみ）19時まで
17	南関町	地域学校協働本部	https://www.town.nankan.lg.jp/kosodate/chiikigakkokyodohombu/	地域学校協働本部 - 南関町 --> 本文へスキップします。 --> くらしの情報 くらしの手続き ごみ出し 相談窓口 施設情報 各種様式 補助金申請 --> 補助金申請 もしもの時は その他の情報 メインメニュー くらし 健康 子育て・学び 仕事 町政情報 防災・防犯 南関MOVIE 観光情報 ふるさと納税 南関MOVIE 南関フォトギャラリー 法人番号 8000020433675 〒861-0898 熊本県玉名郡南関町大字関町64 Tel:0968-53-1111 Fax:0968-53-2351 開庁時間 月曜日から金曜日 8時30分から17時15分まで（祝日・休日・年末年始を除く） ※水曜日は税務住民課と福祉課（一部業務のみ
17	南関町	学校給食	https://www.town.nankan.lg.jp/kosodate/kyushoku/	学校給食 - 南関町 --> 本文へスキップします。 --> くらしの情報 くらしの手続き ごみ出し 相談窓口 施設情報 各種様式 補助金申請 --> 補助金申請 もしもの時は その他の情報 メインメニュー くらし 健康 子育て・学び 仕事 町政情報 防災・防犯 南関MOVIE 観光情報 ふるさと納税 南関MOVIE 南関フォトギャラリー 法人番号 8000020433675 〒861-0898 熊本県玉名郡南関町大字関町64 Tel:0968-53-1111 Fax:0968-53-2351 開庁時間 月曜日から金曜日 8時30分から17時15分まで（祝日・休日・年末年始を除く） ※水曜日は税務住民課と福祉課（一部業務のみ）19時
17	南関町	令和８年度鳥獣被害防止総合対策事業 一般競争入札について	https://www.town.nankan.lg.jp/sangyo/noringyo/tyouju/page3090.html	令和８年度鳥獣被害防止総合対策事業 一般競争入札について - 南関町 --> 本文へスキップします。 --> くらしの情報 くらしの手続き ごみ出し 相談窓口 施設情報 各種様式 補助金申請 --> 補助金申請 もしもの時は その他の情報 メインメニュー くらし 健康 子育て・学び 仕事 町政情報 防災・防犯 南関MOVIE 観光情報 ふるさと納税 南関MOVIE 南関フォトギャラリー 法人番号 8000020433675 〒861-0898 熊本県玉名郡南関町大字関町64 Tel:0968-53-1111 Fax:0968-53-2351 開庁時間 月曜日から金曜日 8時30分から17時15分まで（祝日・休日・年末年始を除く） ※
17	南関町	農業委員会	https://www.town.nankan.lg.jp/sangyo/nogyoiinkai/	農業委員会 - 南関町 --> 本文へスキップします。 --> くらしの情報 くらしの手続き ごみ出し 相談窓口 施設情報 各種様式 補助金申請 --> 補助金申請 もしもの時は その他の情報 メインメニュー くらし 健康 子育て・学び 仕事 町政情報 防災・防犯 南関MOVIE 観光情報 ふるさと納税 南関MOVIE 南関フォトギャラリー 法人番号 8000020433675 〒861-0898 熊本県玉名郡南関町大字関町64 Tel:0968-53-1111 Fax:0968-53-2351 開庁時間 月曜日から金曜日 8時30分から17時15分まで（祝日・休日・年末年始を除く） ※水曜日は税務住民課と福祉課（一部業務のみ）19
17	南関町	マイナンバー	https://www.town.nankan.lg.jp/kurashi/todokede/mynumber/	マイナンバー - 南関町 --> 本文へスキップします。 --> くらしの情報 くらしの手続き ごみ出し 相談窓口 施設情報 各種様式 補助金申請 --> 補助金申請 もしもの時は その他の情報 メインメニュー くらし 健康 子育て・学び 仕事 町政情報 防災・防犯 南関MOVIE 観光情報 ふるさと納税 南関MOVIE 南関フォトギャラリー 法人番号 8000020433675 〒861-0898 熊本県玉名郡南関町大字関町64 Tel:0968-53-1111 Fax:0968-53-2351 開庁時間 月曜日から金曜日 8時30分から17時15分まで（祝日・休日・年末年始を除く） ※水曜日は税務住民課と福祉課（一部業務のみ）1
17	南関町	パスポート	https://www.town.nankan.lg.jp/kurashi/todokede/passport/	パスポート - 南関町 --> 本文へスキップします。 --> くらしの情報 くらしの手続き ごみ出し 相談窓口 施設情報 各種様式 補助金申請 --> 補助金申請 もしもの時は その他の情報 メインメニュー くらし 健康 子育て・学び 仕事 町政情報 防災・防犯 南関MOVIE 観光情報 ふるさと納税 南関MOVIE 南関フォトギャラリー 法人番号 8000020433675 〒861-0898 熊本県玉名郡南関町大字関町64 Tel:0968-53-1111 Fax:0968-53-2351 開庁時間 月曜日から金曜日 8時30分から17時15分まで（祝日・休日・年末年始を除く） ※水曜日は税務住民課と福祉課（一部業務のみ）19
17	南関町	注意！！コードレス掃除機用非純正バッテリーパックについて	https://www.town.nankan.lg.jp/kurashi/gomi/page2951.html	注意！！コードレス掃除機用非純正バッテリーパックについて - 南関町 --> 本文へスキップします。 --> くらしの情報 くらしの手続き ごみ出し 相談窓口 施設情報 各種様式 補助金申請 --> 補助金申請 もしもの時は その他の情報 メインメニュー くらし 健康 子育て・学び 仕事 町政情報 防災・防犯 南関MOVIE 観光情報 ふるさと納税 南関MOVIE 南関フォトギャラリー 法人番号 8000020433675 〒861-0898 熊本県玉名郡南関町大字関町64 Tel:0968-53-1111 Fax:0968-53-2351 開庁時間 月曜日から金曜日 8時30分から17時15分まで（祝日・休日・年末年始を除く） ※
17	南関町	玉名市、大牟田市、荒尾市、長洲町でも消費者相談を受け付けます。	https://www.town.nankan.lg.jp/kurashi/kurashisodan/shohisodan/page2276.html	玉名市、大牟田市、荒尾市、長洲町でも消費者相談を受け付けます。 - 南関町 --> 本文へスキップします。 --> くらしの情報 くらしの手続き ごみ出し 相談窓口 施設情報 各種様式 補助金申請 --> 補助金申請 もしもの時は その他の情報 メインメニュー くらし 健康 子育て・学び 仕事 町政情報 防災・防犯 南関MOVIE 観光情報 ふるさと納税 南関MOVIE 南関フォトギャラリー 法人番号 8000020433675 〒861-0898 熊本県玉名郡南関町大字関町64 Tel:0968-53-1111 Fax:0968-53-2351 開庁時間 月曜日から金曜日 8時30分から17時15分まで（祝日・休日・年末年始を除く
17	南関町	行政相談	https://www.town.nankan.lg.jp/kurashi/kurashisodan/gyoseisodan/	行政相談 - 南関町 --> 本文へスキップします。 --> くらしの情報 くらしの手続き ごみ出し 相談窓口 施設情報 各種様式 補助金申請 --> 補助金申請 もしもの時は その他の情報 メインメニュー くらし 健康 子育て・学び 仕事 町政情報 防災・防犯 南関MOVIE 観光情報 ふるさと納税 南関MOVIE 南関フォトギャラリー 法人番号 8000020433675 〒861-0898 熊本県玉名郡南関町大字関町64 Tel:0968-53-1111 Fax:0968-53-2351 開庁時間 月曜日から金曜日 8時30分から17時15分まで（祝日・休日・年末年始を除く） ※水曜日は税務住民課と福祉課（一部業務のみ）19時
17	南関町	水道・浄化槽・下水道	https://www.town.nankan.lg.jp/kurashi/kurashisodan/suido/	水道・浄化槽・下水道 - 南関町 --> 本文へスキップします。 --> くらしの情報 くらしの手続き ごみ出し 相談窓口 施設情報 各種様式 補助金申請 --> 補助金申請 もしもの時は その他の情報 メインメニュー くらし 健康 子育て・学び 仕事 町政情報 防災・防犯 南関MOVIE 観光情報 ふるさと納税 南関MOVIE 南関フォトギャラリー 法人番号 8000020433675 〒861-0898 熊本県玉名郡南関町大字関町64 Tel:0968-53-1111 Fax:0968-53-2351 開庁時間 月曜日から金曜日 8時30分から17時15分まで（祝日・休日・年末年始を除く） ※水曜日は税務住民課と福祉課（一部業務
17	南関町	交通・安全	https://www.town.nankan.lg.jp/kurashi/kurashisodan/kotsu/	交通・安全 - 南関町 --> 本文へスキップします。 --> くらしの情報 くらしの手続き ごみ出し 相談窓口 施設情報 各種様式 補助金申請 --> 補助金申請 もしもの時は その他の情報 メインメニュー くらし 健康 子育て・学び 仕事 町政情報 防災・防犯 南関MOVIE 観光情報 ふるさと納税 南関MOVIE 南関フォトギャラリー 法人番号 8000020433675 〒861-0898 熊本県玉名郡南関町大字関町64 Tel:0968-53-1111 Fax:0968-53-2351 開庁時間 月曜日から金曜日 8時30分から17時15分まで（祝日・休日・年末年始を除く） ※水曜日は税務住民課と福祉課（一部業務のみ）19
17	南関町	道路・橋梁	https://www.town.nankan.lg.jp/kurashi/kurashisodan/doro/	道路・橋梁 - 南関町 --> 本文へスキップします。 --> くらしの情報 くらしの手続き ごみ出し 相談窓口 施設情報 各種様式 補助金申請 --> 補助金申請 もしもの時は その他の情報 メインメニュー くらし 健康 子育て・学び 仕事 町政情報 防災・防犯 南関MOVIE 観光情報 ふるさと納税 南関MOVIE 南関フォトギャラリー 法人番号 8000020433675 〒861-0898 熊本県玉名郡南関町大字関町64 Tel:0968-53-1111 Fax:0968-53-2351 開庁時間 月曜日から金曜日 8時30分から17時15分まで（祝日・休日・年末年始を除く） ※水曜日は税務住民課と福祉課（一部業務のみ）19
17	南関町	南関町橋梁及びトンネル個別施設計画について	https://www.town.nankan.lg.jp/kurashi/kurashisodan/doro/page3347.html	南関町橋梁及びトンネル個別施設計画について - 南関町 --> 本文へスキップします。 --> くらしの情報 くらしの手続き ごみ出し 相談窓口 施設情報 各種様式 補助金申請 --> 補助金申請 もしもの時は その他の情報 メインメニュー くらし 健康 子育て・学び 仕事 町政情報 防災・防犯 南関MOVIE 観光情報 ふるさと納税 南関MOVIE 南関フォトギャラリー 法人番号 8000020433675 〒861-0898 熊本県玉名郡南関町大字関町64 Tel:0968-53-1111 Fax:0968-53-2351 開庁時間 月曜日から金曜日 8時30分から17時15分まで（祝日・休日・年末年始を除く） ※水曜日は税務住
17	南関町	荒尾・玉名結婚サポートセンター	https://www.town.nankan.lg.jp/kurashi/kurashisodan/page2653.html	荒尾・玉名結婚サポートセンター - 南関町 --> 本文へスキップします。 --> くらしの情報 くらしの手続き ごみ出し 相談窓口 施設情報 各種様式 補助金申請 --> 補助金申請 もしもの時は その他の情報 メインメニュー くらし 健康 子育て・学び 仕事 町政情報 防災・防犯 南関MOVIE 観光情報 ふるさと納税 南関MOVIE 南関フォトギャラリー 法人番号 8000020433675 〒861-0898 熊本県玉名郡南関町大字関町64 Tel:0968-53-1111 Fax:0968-53-2351 開庁時間 月曜日から金曜日 8時30分から17時15分まで（祝日・休日・年末年始を除く） ※水曜日は税務住民課と福祉課
17	南関町	南関町役場にペッパー君が来ました！	https://www.town.nankan.lg.jp/kurashi/kurashisodan/page3103.html	南関町役場にペッパー君が来ました！ - 南関町 --> 本文へスキップします。 --> くらしの情報 くらしの手続き ごみ出し 相談窓口 施設情報 各種様式 補助金申請 --> 補助金申請 もしもの時は その他の情報 メインメニュー くらし 健康 子育て・学び 仕事 町政情報 防災・防犯 南関MOVIE 観光情報 ふるさと納税 南関MOVIE 南関フォトギャラリー 法人番号 8000020433675 〒861-0898 熊本県玉名郡南関町大字関町64 Tel:0968-53-1111 Fax:0968-53-2351 開庁時間 月曜日から金曜日 8時30分から17時15分まで（祝日・休日・年末年始を除く） ※水曜日は税務住民課と福
17	南関町	路線バス【南関山鹿線】の路線再編（2路線→1路線）について（R3.10.1～）	https://www.town.nankan.lg.jp/kurashi/kurashisodan/page2915.html	路線バス【南関山鹿線】の路線再編（2路線→1路線）について（R3.10.1～） - 南関町 --> 本文へスキップします。 --> くらしの情報 くらしの手続き ごみ出し 相談窓口 施設情報 各種様式 補助金申請 --> 補助金申請 もしもの時は その他の情報 メインメニュー くらし 健康 子育て・学び 仕事 町政情報 防災・防犯 南関MOVIE 観光情報 ふるさと納税 南関MOVIE 南関フォトギャラリー 法人番号 8000020433675 〒861-0898 熊本県玉名郡南関町大字関町64 Tel:0968-53-1111 Fax:0968-53-2351 開庁時間 月曜日から金曜日 8時30分から17時15分まで（祝日・休日
17	南関町	光ブロードバンド整備状況について	https://www.town.nankan.lg.jp/kurashi/kurashisodan/page1129.html	光ブロードバンド整備状況について - 南関町 --> 本文へスキップします。 --> くらしの情報 くらしの手続き ごみ出し 相談窓口 施設情報 各種様式 補助金申請 --> 補助金申請 もしもの時は その他の情報 メインメニュー くらし 健康 子育て・学び 仕事 町政情報 防災・防犯 南関MOVIE 観光情報 ふるさと納税 南関MOVIE 南関フォトギャラリー 法人番号 8000020433675 〒861-0898 熊本県玉名郡南関町大字関町64 Tel:0968-53-1111 Fax:0968-53-2351 開庁時間 月曜日から金曜日 8時30分から17時15分まで（祝日・休日・年末年始を除く） ※水曜日は税務住民課と福祉
17	南関町	農作業中の熱中症対策について	https://www.town.nankan.lg.jp/kurashi/kurashisodan/page2296.html	農作業中の熱中症対策について - 南関町 --> 本文へスキップします。 --> くらしの情報 くらしの手続き ごみ出し 相談窓口 施設情報 各種様式 補助金申請 --> 補助金申請 もしもの時は その他の情報 メインメニュー くらし 健康 子育て・学び 仕事 町政情報 防災・防犯 南関MOVIE 観光情報 ふるさと納税 南関MOVIE 南関フォトギャラリー 法人番号 8000020433675 〒861-0898 熊本県玉名郡南関町大字関町64 Tel:0968-53-1111 Fax:0968-53-2351 開庁時間 月曜日から金曜日 8時30分から17時15分まで（祝日・休日・年末年始を除く） ※水曜日は税務住民課と福祉課（
17	南関町	国土交通省からの通知に基づく吹付けアスベスト等の使用実態について	https://www.town.nankan.lg.jp/kurashi/kurashisodan/page1931.html	国土交通省からの通知に基づく吹付けアスベスト等の使用実態について - 南関町 --> 本文へスキップします。 --> くらしの情報 くらしの手続き ごみ出し 相談窓口 施設情報 各種様式 補助金申請 --> 補助金申請 もしもの時は その他の情報 メインメニュー くらし 健康 子育て・学び 仕事 町政情報 防災・防犯 南関MOVIE 観光情報 ふるさと納税 南関MOVIE 南関フォトギャラリー 法人番号 8000020433675 〒861-0898 熊本県玉名郡南関町大字関町64 Tel:0968-53-1111 Fax:0968-53-2351 開庁時間 月曜日から金曜日 8時30分から17時15分まで（祝日・休日・年末年始を除
17	南関町	南関町の地上デジタル放送の視聴状況について	https://www.town.nankan.lg.jp/kurashi/kurashisodan/page1144.html	南関町の地上デジタル放送の視聴状況について - 南関町 --> 本文へスキップします。 --> くらしの情報 くらしの手続き ごみ出し 相談窓口 施設情報 各種様式 補助金申請 --> 補助金申請 もしもの時は その他の情報 メインメニュー くらし 健康 子育て・学び 仕事 町政情報 防災・防犯 南関MOVIE 観光情報 ふるさと納税 南関MOVIE 南関フォトギャラリー 法人番号 8000020433675 〒861-0898 熊本県玉名郡南関町大字関町64 Tel:0968-53-1111 Fax:0968-53-2351 開庁時間 月曜日から金曜日 8時30分から17時15分まで（祝日・休日・年末年始を除く） ※水曜日は税務住
17	南関町	南関町役場	https://www.town.nankan.lg.jp/tyosei/machigaiyo/shisetsu/page1253.html	南関町役場 - 南関町 --> 本文へスキップします。 --> くらしの情報 くらしの手続き ごみ出し 相談窓口 施設情報 各種様式 補助金申請 --> 補助金申請 もしもの時は その他の情報 メインメニュー くらし 健康 子育て・学び 仕事 町政情報 防災・防犯 南関MOVIE 観光情報 ふるさと納税 南関MOVIE 南関フォトギャラリー 法人番号 8000020433675 〒861-0898 熊本県玉名郡南関町大字関町64 Tel:0968-53-1111 Fax:0968-53-2351 開庁時間 月曜日から金曜日 8時30分から17時15分まで（祝日・休日・年末年始を除く） ※水曜日は税務住民課と福祉課（一部業務のみ）19
17	南関町	南関第一小学校	https://www.town.nankan.lg.jp/tyosei/machigaiyo/shisetsu/page1256.html	南関第一小学校 - 南関町 --> 本文へスキップします。 --> くらしの情報 くらしの手続き ごみ出し 相談窓口 施設情報 各種様式 補助金申請 --> 補助金申請 もしもの時は その他の情報 メインメニュー くらし 健康 子育て・学び 仕事 町政情報 防災・防犯 南関MOVIE 観光情報 ふるさと納税 南関MOVIE 南関フォトギャラリー 法人番号 8000020433675 〒861-0898 熊本県玉名郡南関町大字関町64 Tel:0968-53-1111 Fax:0968-53-2351 開庁時間 月曜日から金曜日 8時30分から17時15分まで（祝日・休日・年末年始を除く） ※水曜日は税務住民課と福祉課（一部業務のみ）
17	南関町	南関第二小学校	https://www.town.nankan.lg.jp/tyosei/machigaiyo/shisetsu/page1257.html	南関第二小学校 - 南関町 --> 本文へスキップします。 --> くらしの情報 くらしの手続き ごみ出し 相談窓口 施設情報 各種様式 補助金申請 --> 補助金申請 もしもの時は その他の情報 メインメニュー くらし 健康 子育て・学び 仕事 町政情報 防災・防犯 南関MOVIE 観光情報 ふるさと納税 南関MOVIE 南関フォトギャラリー 法人番号 8000020433675 〒861-0898 熊本県玉名郡南関町大字関町64 Tel:0968-53-1111 Fax:0968-53-2351 開庁時間 月曜日から金曜日 8時30分から17時15分まで（祝日・休日・年末年始を除く） ※水曜日は税務住民課と福祉課（一部業務のみ）
17	南関町	南関第三小学校	https://www.town.nankan.lg.jp/tyosei/machigaiyo/shisetsu/page1258.html	南関第三小学校 - 南関町 --> 本文へスキップします。 --> くらしの情報 くらしの手続き ごみ出し 相談窓口 施設情報 各種様式 補助金申請 --> 補助金申請 もしもの時は その他の情報 メインメニュー くらし 健康 子育て・学び 仕事 町政情報 防災・防犯 南関MOVIE 観光情報 ふるさと納税 南関MOVIE 南関フォトギャラリー 法人番号 8000020433675 〒861-0898 熊本県玉名郡南関町大字関町64 Tel:0968-53-1111 Fax:0968-53-2351 開庁時間 月曜日から金曜日 8時30分から17時15分まで（祝日・休日・年末年始を除く） ※水曜日は税務住民課と福祉課（一部業務のみ）
17	南関町	南関第四小学校	https://www.town.nankan.lg.jp/tyosei/machigaiyo/shisetsu/page1259.html	南関第四小学校 - 南関町 --> 本文へスキップします。 --> くらしの情報 くらしの手続き ごみ出し 相談窓口 施設情報 各種様式 補助金申請 --> 補助金申請 もしもの時は その他の情報 メインメニュー くらし 健康 子育て・学び 仕事 町政情報 防災・防犯 南関MOVIE 観光情報 ふるさと納税 南関MOVIE 南関フォトギャラリー 法人番号 8000020433675 〒861-0898 熊本県玉名郡南関町大字関町64 Tel:0968-53-1111 Fax:0968-53-2351 開庁時間 月曜日から金曜日 8時30分から17時15分まで（祝日・休日・年末年始を除く） ※水曜日は税務住民課と福祉課（一部業務のみ）
17	南関町	南関中学校	https://www.town.nankan.lg.jp/tyosei/machigaiyo/shisetsu/page1260.html	南関中学校 - 南関町 --> 本文へスキップします。 --> くらしの情報 くらしの手続き ごみ出し 相談窓口 施設情報 各種様式 補助金申請 --> 補助金申請 もしもの時は その他の情報 メインメニュー くらし 健康 子育て・学び 仕事 町政情報 防災・防犯 南関MOVIE 観光情報 ふるさと納税 南関MOVIE 南関フォトギャラリー 法人番号 8000020433675 〒861-0898 熊本県玉名郡南関町大字関町64 Tel:0968-53-1111 Fax:0968-53-2351 開庁時間 月曜日から金曜日 8時30分から17時15分まで（祝日・休日・年末年始を除く） ※水曜日は税務住民課と福祉課（一部業務のみ）19
17	南関町	南関町保健センター・地域包括支援センター	https://www.town.nankan.lg.jp/tyosei/machigaiyo/shisetsu/page1263.html	南関町保健センター・地域包括支援センター - 南関町 --> 本文へスキップします。 --> くらしの情報 くらしの手続き ごみ出し 相談窓口 施設情報 各種様式 補助金申請 --> 補助金申請 もしもの時は その他の情報 メインメニュー くらし 健康 子育て・学び 仕事 町政情報 防災・防犯 南関MOVIE 観光情報 ふるさと納税 南関MOVIE 南関フォトギャラリー 法人番号 8000020433675 〒861-0898 熊本県玉名郡南関町大字関町64 Tel:0968-53-1111 Fax:0968-53-2351 開庁時間 月曜日から金曜日 8時30分から17時15分まで（祝日・休日・年末年始を除く） ※水曜日は税務住民
17	南関町	南関町南町民センター	https://www.town.nankan.lg.jp/tyosei/machigaiyo/shisetsu/page1264.html	南関町南町民センター - 南関町 --> 本文へスキップします。 --> くらしの情報 くらしの手続き ごみ出し 相談窓口 施設情報 各種様式 補助金申請 --> 補助金申請 もしもの時は その他の情報 メインメニュー くらし 健康 子育て・学び 仕事 町政情報 防災・防犯 南関MOVIE 観光情報 ふるさと納税 南関MOVIE 南関フォトギャラリー 法人番号 8000020433675 〒861-0898 熊本県玉名郡南関町大字関町64 Tel:0968-53-1111 Fax:0968-53-2351 開庁時間 月曜日から金曜日 8時30分から17時15分まで（祝日・休日・年末年始を除く） ※水曜日は税務住民課と福祉課（一部業務
17	南関町	南関町学校給食センター	https://www.town.nankan.lg.jp/tyosei/machigaiyo/shisetsu/page1265.html	南関町学校給食センター - 南関町 --> 本文へスキップします。 --> くらしの情報 くらしの手続き ごみ出し 相談窓口 施設情報 各種様式 補助金申請 --> 補助金申請 もしもの時は その他の情報 メインメニュー くらし 健康 子育て・学び 仕事 町政情報 防災・防犯 南関MOVIE 観光情報 ふるさと納税 南関MOVIE 南関フォトギャラリー 法人番号 8000020433675 〒861-0898 熊本県玉名郡南関町大字関町64 Tel:0968-53-1111 Fax:0968-53-2351 開庁時間 月曜日から金曜日 8時30分から17時15分まで（祝日・休日・年末年始を除く） ※水曜日は税務住民課と福祉課（一部業
17	南関町	南関町ふれあい広場	https://www.town.nankan.lg.jp/tyosei/machigaiyo/shisetsu/page1268.html	南関町ふれあい広場 - 南関町 --> 本文へスキップします。 --> くらしの情報 くらしの手続き ごみ出し 相談窓口 施設情報 各種様式 補助金申請 --> 補助金申請 もしもの時は その他の情報 メインメニュー くらし 健康 子育て・学び 仕事 町政情報 防災・防犯 南関MOVIE 観光情報 ふるさと納税 南関MOVIE 南関フォトギャラリー 法人番号 8000020433675 〒861-0898 熊本県玉名郡南関町大字関町64 Tel:0968-53-1111 Fax:0968-53-2351 開庁時間 月曜日から金曜日 8時30分から17時15分まで（祝日・休日・年末年始を除く） ※水曜日は税務住民課と福祉課（一部業務の
17	南関町	南関町ふるさとセンター	https://www.town.nankan.lg.jp/tyosei/machigaiyo/shisetsu/page1269.html	南関町ふるさとセンター - 南関町 --> 本文へスキップします。 --> くらしの情報 くらしの手続き ごみ出し 相談窓口 施設情報 各種様式 補助金申請 --> 補助金申請 もしもの時は その他の情報 メインメニュー くらし 健康 子育て・学び 仕事 町政情報 防災・防犯 南関MOVIE 観光情報 ふるさと納税 南関MOVIE 南関フォトギャラリー 法人番号 8000020433675 〒861-0898 熊本県玉名郡南関町大字関町64 Tel:0968-53-1111 Fax:0968-53-2351 開庁時間 月曜日から金曜日 8時30分から17時15分まで（祝日・休日・年末年始を除く） ※水曜日は税務住民課と福祉課（一部業
17	南関町	南関町社会福祉協議会	https://www.town.nankan.lg.jp/tyosei/machigaiyo/shisetsu/page1271.html	南関町社会福祉協議会 - 南関町 --> 本文へスキップします。 --> くらしの情報 くらしの手続き ごみ出し 相談窓口 施設情報 各種様式 補助金申請 --> 補助金申請 もしもの時は その他の情報 メインメニュー くらし 健康 子育て・学び 仕事 町政情報 防災・防犯 南関MOVIE 観光情報 ふるさと納税 南関MOVIE 南関フォトギャラリー 法人番号 8000020433675 〒861-0898 熊本県玉名郡南関町大字関町64 Tel:0968-53-1111 Fax:0968-53-2351 開庁時間 月曜日から金曜日 8時30分から17時15分まで（祝日・休日・年末年始を除く） ※水曜日は税務住民課と福祉課（一部業務
17	南関町	玉名警察署南関交番	https://www.town.nankan.lg.jp/tyosei/machigaiyo/shisetsu/page1272.html	玉名警察署南関交番 - 南関町 --> 本文へスキップします。 --> くらしの情報 くらしの手続き ごみ出し 相談窓口 施設情報 各種様式 補助金申請 --> 補助金申請 もしもの時は その他の情報 メインメニュー くらし 健康 子育て・学び 仕事 町政情報 防災・防犯 南関MOVIE 観光情報 ふるさと納税 南関MOVIE 南関フォトギャラリー 法人番号 8000020433675 〒861-0898 熊本県玉名郡南関町大字関町64 Tel:0968-53-1111 Fax:0968-53-2351 開庁時間 月曜日から金曜日 8時30分から17時15分まで（祝日・休日・年末年始を除く） ※水曜日は税務住民課と福祉課（一部業務の
17	南関町	有明消防本部 荒尾消防署 南関分署	https://www.town.nankan.lg.jp/tyosei/machigaiyo/shisetsu/page1273.html	有明消防本部 荒尾消防署 南関分署 - 南関町 --> 本文へスキップします。 --> くらしの情報 くらしの手続き ごみ出し 相談窓口 施設情報 各種様式 補助金申請 --> 補助金申請 もしもの時は その他の情報 メインメニュー くらし 健康 子育て・学び 仕事 町政情報 防災・防犯 南関MOVIE 観光情報 ふるさと納税 南関MOVIE 南関フォトギャラリー 法人番号 8000020433675 〒861-0898 熊本県玉名郡南関町大字関町64 Tel:0968-53-1111 Fax:0968-53-2351 開庁時間 月曜日から金曜日 8時30分から17時15分まで（祝日・休日・年末年始を除く） ※水曜日は税務住民課と福
17	南関町	南関町商工会	https://www.town.nankan.lg.jp/tyosei/machigaiyo/shisetsu/page1274.html	南関町商工会 - 南関町 --> 本文へスキップします。 --> くらしの情報 くらしの手続き ごみ出し 相談窓口 施設情報 各種様式 補助金申請 --> 補助金申請 もしもの時は その他の情報 メインメニュー くらし 健康 子育て・学び 仕事 町政情報 防災・防犯 南関MOVIE 観光情報 ふるさと納税 南関MOVIE 南関フォトギャラリー 法人番号 8000020433675 〒861-0898 熊本県玉名郡南関町大字関町64 Tel:0968-53-1111 Fax:0968-53-2351 開庁時間 月曜日から金曜日 8時30分から17時15分まで（祝日・休日・年末年始を除く） ※水曜日は税務住民課と福祉課（一部業務のみ）1
17	南関町	南関町農村広場	https://www.town.nankan.lg.jp/tyosei/machigaiyo/shisetsu/page1275.html	南関町農村広場 - 南関町 --> 本文へスキップします。 --> くらしの情報 くらしの手続き ごみ出し 相談窓口 施設情報 各種様式 補助金申請 --> 補助金申請 もしもの時は その他の情報 メインメニュー くらし 健康 子育て・学び 仕事 町政情報 防災・防犯 南関MOVIE 観光情報 ふるさと納税 南関MOVIE 南関フォトギャラリー 法人番号 8000020433675 〒861-0898 熊本県玉名郡南関町大字関町64 Tel:0968-53-1111 Fax:0968-53-2351 開庁時間 月曜日から金曜日 8時30分から17時15分まで（祝日・休日・年末年始を除く） ※水曜日は税務住民課と福祉課（一部業務のみ）
17	南関町	四ツ原集会所	https://www.town.nankan.lg.jp/tyosei/machigaiyo/shisetsu/page1276.html	四ツ原集会所 - 南関町 --> 本文へスキップします。 --> くらしの情報 くらしの手続き ごみ出し 相談窓口 施設情報 各種様式 補助金申請 --> 補助金申請 もしもの時は その他の情報 メインメニュー くらし 健康 子育て・学び 仕事 町政情報 防災・防犯 南関MOVIE 観光情報 ふるさと納税 南関MOVIE 南関フォトギャラリー 法人番号 8000020433675 〒861-0898 熊本県玉名郡南関町大字関町64 Tel:0968-53-1111 Fax:0968-53-2351 開庁時間 月曜日から金曜日 8時30分から17時15分まで（祝日・休日・年末年始を除く） ※水曜日は税務住民課と福祉課（一部業務のみ）1
17	南関町	南集会所	https://www.town.nankan.lg.jp/tyosei/machigaiyo/shisetsu/page1277.html	南集会所 - 南関町 --> 本文へスキップします。 --> くらしの情報 くらしの手続き ごみ出し 相談窓口 施設情報 各種様式 補助金申請 --> 補助金申請 もしもの時は その他の情報 メインメニュー くらし 健康 子育て・学び 仕事 町政情報 防災・防犯 南関MOVIE 観光情報 ふるさと納税 南関MOVIE 南関フォトギャラリー 法人番号 8000020433675 〒861-0898 熊本県玉名郡南関町大字関町64 Tel:0968-53-1111 Fax:0968-53-2351 開庁時間 月曜日から金曜日 8時30分から17時15分まで（祝日・休日・年末年始を除く） ※水曜日は税務住民課と福祉課（一部業務のみ）19時
17	南関町	南関町B＆G海洋センター	https://www.town.nankan.lg.jp/tyosei/machigaiyo/shisetsu/page1267.html	南関町B＆G海洋センター - 南関町 --> 本文へスキップします。 --> くらしの情報 くらしの手続き ごみ出し 相談窓口 施設情報 各種様式 補助金申請 --> 補助金申請 もしもの時は その他の情報 メインメニュー くらし 健康 子育て・学び 仕事 町政情報 防災・防犯 南関MOVIE 観光情報 ふるさと納税 南関MOVIE 南関フォトギャラリー 法人番号 8000020433675 〒861-0898 熊本県玉名郡南関町大字関町64 Tel:0968-53-1111 Fax:0968-53-2351 開庁時間 月曜日から金曜日 8時30分から17時15分まで（祝日・休日・年末年始を除く） ※水曜日は税務住民課と福祉課（一部
17	南関町	せきすい斎苑	https://www.town.nankan.lg.jp/tyosei/machigaiyo/shisetsu/page2761.html	せきすい斎苑 - 南関町 --> 本文へスキップします。 --> くらしの情報 くらしの手続き ごみ出し 相談窓口 施設情報 各種様式 補助金申請 --> 補助金申請 もしもの時は その他の情報 メインメニュー くらし 健康 子育て・学び 仕事 町政情報 防災・防犯 南関MOVIE 観光情報 ふるさと納税 南関MOVIE 南関フォトギャラリー 法人番号 8000020433675 〒861-0898 熊本県玉名郡南関町大字関町64 Tel:0968-53-1111 Fax:0968-53-2351 開庁時間 月曜日から金曜日 8時30分から17時15分まで（祝日・休日・年末年始を除く） ※水曜日は税務住民課と福祉課（一部業務のみ）1
17	南関町	【更新しました】町内施設の開館状況について	https://www.town.nankan.lg.jp/tyosei/machigaiyo/shisetsu/page2436.html	【更新しました】町内施設の開館状況について - 南関町 --> 本文へスキップします。 --> くらしの情報 くらしの手続き ごみ出し 相談窓口 施設情報 各種様式 補助金申請 --> 補助金申請 もしもの時は その他の情報 メインメニュー くらし 健康 子育て・学び 仕事 町政情報 防災・防犯 南関MOVIE 観光情報 ふるさと納税 南関MOVIE 南関フォトギャラリー 法人番号 8000020433675 〒861-0898 熊本県玉名郡南関町大字関町64 Tel:0968-53-1111 Fax:0968-53-2351 開庁時間 月曜日から金曜日 8時30分から17時15分まで（祝日・休日・年末年始を除く） ※水曜日は税務住
17	南関町	「南関町庁舎」がくまもとアートポリス推進賞を受賞しました!	https://www.town.nankan.lg.jp/tyosei/machigaiyo/shisetsu/page3387.html	「南関町庁舎」がくまもとアートポリス推進賞を受賞しました! - 南関町 --> 本文へスキップします。 --> くらしの情報 くらしの手続き ごみ出し 相談窓口 施設情報 各種様式 補助金申請 --> 補助金申請 もしもの時は その他の情報 メインメニュー くらし 健康 子育て・学び 仕事 町政情報 防災・防犯 南関MOVIE 観光情報 ふるさと納税 南関MOVIE 南関フォトギャラリー 法人番号 8000020433675 〒861-0898 熊本県玉名郡南関町大字関町64 Tel:0968-53-1111 Fax:0968-53-2351 開庁時間 月曜日から金曜日 8時30分から17時15分まで（祝日・休日・年末年始を除く）
17	南関町	町の概要	https://www.town.nankan.lg.jp/tyosei/machigaiyo/gaiyo/	町の概要 - 南関町 --> 本文へスキップします。 --> くらしの情報 くらしの手続き ごみ出し 相談窓口 施設情報 各種様式 補助金申請 --> 補助金申請 もしもの時は その他の情報 メインメニュー くらし 健康 子育て・学び 仕事 町政情報 防災・防犯 南関MOVIE 観光情報 ふるさと納税 南関MOVIE 南関フォトギャラリー 法人番号 8000020433675 〒861-0898 熊本県玉名郡南関町大字関町64 Tel:0968-53-1111 Fax:0968-53-2351 開庁時間 月曜日から金曜日 8時30分から17時15分まで（祝日・休日・年末年始を除く） ※水曜日は税務住民課と福祉課（一部業務のみ）19時
17	南関町	庁舎マップ・町の組織	https://www.town.nankan.lg.jp/tyosei/machigaiyo/choshamap/	庁舎マップ・町の組織 - 南関町 --> 本文へスキップします。 --> くらしの情報 くらしの手続き ごみ出し 相談窓口 施設情報 各種様式 補助金申請 --> 補助金申請 もしもの時は その他の情報 メインメニュー くらし 健康 子育て・学び 仕事 町政情報 防災・防犯 南関MOVIE 観光情報 ふるさと納税 南関MOVIE 南関フォトギャラリー 法人番号 8000020433675 〒861-0898 熊本県玉名郡南関町大字関町64 Tel:0968-53-1111 Fax:0968-53-2351 開庁時間 月曜日から金曜日 8時30分から17時15分まで（祝日・休日・年末年始を除く） ※水曜日は税務住民課と福祉課（一部業務
17	南関町	南関町総合防災マップ（Web版）	https://www.town.nankan.lg.jp/bosai/bosaijoho/hazardmap/page3080.html	南関町総合防災マップ（Web版） - 南関町 --> 本文へスキップします。 --> くらしの情報 くらしの手続き ごみ出し 相談窓口 施設情報 各種様式 補助金申請 --> 補助金申請 もしもの時は その他の情報 メインメニュー くらし 健康 子育て・学び 仕事 町政情報 防災・防犯 南関MOVIE 観光情報 ふるさと納税 南関MOVIE 南関フォトギャラリー 法人番号 8000020433675 〒861-0898 熊本県玉名郡南関町大字関町64 Tel:0968-53-1111 Fax:0968-53-2351 開庁時間 月曜日から金曜日 8時30分から17時15分まで（祝日・休日・年末年始を除く） ※水曜日は税務住民課と福祉
17	南関町	出前講座	https://www.town.nankan.lg.jp/sangyo/chiikishinko/demaekoza/	出前講座 - 南関町 --> 本文へスキップします。 --> くらしの情報 くらしの手続き ごみ出し 相談窓口 施設情報 各種様式 補助金申請 --> 補助金申請 もしもの時は その他の情報 メインメニュー くらし 健康 子育て・学び 仕事 町政情報 防災・防犯 南関MOVIE 観光情報 ふるさと納税 南関MOVIE 南関フォトギャラリー 法人番号 8000020433675 〒861-0898 熊本県玉名郡南関町大字関町64 Tel:0968-53-1111 Fax:0968-53-2351 開庁時間 月曜日から金曜日 8時30分から17時15分まで（祝日・休日・年末年始を除く） ※水曜日は税務住民課と福祉課（一部業務のみ）19時
17	南関町	南関町過疎地域持続的発展計画	https://www.town.nankan.lg.jp/tyosei/gyosei/shisaku/page2100.html	南関町過疎地域持続的発展計画 - 南関町 --> 本文へスキップします。 --> くらしの情報 くらしの手続き ごみ出し 相談窓口 施設情報 各種様式 補助金申請 --> 補助金申請 もしもの時は その他の情報 メインメニュー くらし 健康 子育て・学び 仕事 町政情報 防災・防犯 南関MOVIE 観光情報 ふるさと納税 南関MOVIE 南関フォトギャラリー 法人番号 8000020433675 〒861-0898 熊本県玉名郡南関町大字関町64 Tel:0968-53-1111 Fax:0968-53-2351 開庁時間 月曜日から金曜日 8時30分から17時15分まで（祝日・休日・年末年始を除く） ※水曜日は税務住民課と福祉課（
17	南関町	消防・交通	https://www.town.nankan.lg.jp/bosai/shobo/	消防・交通 - 南関町 --> 本文へスキップします。 --> くらしの情報 くらしの手続き ごみ出し 相談窓口 施設情報 各種様式 補助金申請 --> 補助金申請 もしもの時は その他の情報 メインメニュー くらし 健康 子育て・学び 仕事 町政情報 防災・防犯 南関MOVIE 観光情報 ふるさと納税 南関MOVIE 南関フォトギャラリー 法人番号 8000020433675 〒861-0898 熊本県玉名郡南関町大字関町64 Tel:0968-53-1111 Fax:0968-53-2351 開庁時間 月曜日から金曜日 8時30分から17時15分まで（祝日・休日・年末年始を除く） ※水曜日は税務住民課と福祉課（一部業務のみ）19
17	南関町	防犯	https://www.town.nankan.lg.jp/bosai/bouhan/	防犯 - 南関町 --> 本文へスキップします。 --> くらしの情報 くらしの手続き ごみ出し 相談窓口 施設情報 各種様式 補助金申請 --> 補助金申請 もしもの時は その他の情報 メインメニュー くらし 健康 子育て・学び 仕事 町政情報 防災・防犯 南関MOVIE 観光情報 ふるさと納税 南関MOVIE 南関フォトギャラリー 法人番号 8000020433675 〒861-0898 熊本県玉名郡南関町大字関町64 Tel:0968-53-1111 Fax:0968-53-2351 開庁時間 月曜日から金曜日 8時30分から17時15分まで（祝日・休日・年末年始を除く） ※水曜日は税務住民課と福祉課（一部業務のみ）19時まで
17	南関町	高齢者福祉	https://www.town.nankan.lg.jp/kenko/fukushi/koreisha/	高齢者福祉 - 南関町 --> 本文へスキップします。 --> くらしの情報 くらしの手続き ごみ出し 相談窓口 施設情報 各種様式 補助金申請 --> 補助金申請 もしもの時は その他の情報 メインメニュー くらし 健康 子育て・学び 仕事 町政情報 防災・防犯 南関MOVIE 観光情報 ふるさと納税 南関MOVIE 南関フォトギャラリー 法人番号 8000020433675 〒861-0898 熊本県玉名郡南関町大字関町64 Tel:0968-53-1111 Fax:0968-53-2351 開庁時間 月曜日から金曜日 8時30分から17時15分まで（祝日・休日・年末年始を除く） ※水曜日は税務住民課と福祉課（一部業務のみ）19
30	和水町	就学援助費制度について	https://www.town.nagomi.lg.jp/soshiki/gakoukyoiku/kyoikusportsbunka/3_2036/	就学援助費制度について｜教育・スポーツ・文化｜学校教育課｜組織から探す｜和水町 文字サイズ 背景色 ふりがな --> 検索 翻訳 新着情報 コンテンツ 標準 大 最大 白 青 黒 組織から探す 人生のできごとから探す 施設から探す くらしの情報 農林商工業 町政 観光 教育・スポーツ・文化 防災・交通 町議会 メニュー 文字サイズ 標準 大 最大 背景色 白 青 黒 ふりがな --> 検索 組織から探す 人生のできごとから探す 施設から探す 翻訳 新着情報 コンテンツ くらしの情報 農林商工業 町政 観光 教育・スポーツ・文化 防災・交通 町議会 閉じる ホーム 組織から探す 学校教育課 教育・スポーツ・文化 就学援助費制度について
30	和水町	空き家バンク活用促進事業補助金	https://www.town.nagomi.lg.jp/iju/hojyokin/akiyahojyokin/kiji00377/	空き家バンク活用促進事業補助金｜空き家バンク活用促進補助金｜補助金｜和水町移住定住支援サイト｜和水町 文字サイズ 背景色 ふりがな --> 検索 翻訳 新着情報 コンテンツ 標準 大 最大 白 青 黒 組織から探す 人生のできごとから探す 施設から探す くらしの情報 農林商工業 町政 観光 教育・スポーツ・文化 防災・交通 町議会 メニュー 文字サイズ 標準 大 最大 背景色 白 青 黒 ふりがな --> 検索 組織から探す 人生のできごとから探す 施設から探す 翻訳 新着情報 コンテンツ くらしの情報 農林商工業 町政 観光 教育・スポーツ・文化 防災・交通 町議会 閉じる ホーム 和水町移住定住支援サイト 補助金 空き家バンク活
30	和水町	新婚さん定住促進奨励金	https://www.town.nagomi.lg.jp/iju/hojyokin/shinkon/kiji00337/	新婚さん定住促進奨励金｜新婚さん定住促進奨励金｜補助金｜和水町移住定住支援サイト｜和水町 文字サイズ 背景色 ふりがな --> 検索 翻訳 新着情報 コンテンツ 標準 大 最大 白 青 黒 組織から探す 人生のできごとから探す 施設から探す くらしの情報 農林商工業 町政 観光 教育・スポーツ・文化 防災・交通 町議会 メニュー 文字サイズ 標準 大 最大 背景色 白 青 黒 ふりがな --> 検索 組織から探す 人生のできごとから探す 施設から探す 翻訳 新着情報 コンテンツ くらしの情報 農林商工業 町政 観光 教育・スポーツ・文化 防災・交通 町議会 閉じる ホーム 和水町移住定住支援サイト 補助金 新婚さん定住促進奨励金 新
30	和水町	空き家バンク活用促進事業補助金	https://www.town.nagomi.lg.jp/iju/hojyokin/akiyahojyokin/kiji00377	空き家バンク活用促進事業補助金｜空き家バンク活用促進補助金｜補助金｜和水町移住定住支援サイト｜和水町 文字サイズ 背景色 ふりがな --> 検索 翻訳 新着情報 コンテンツ 標準 大 最大 白 青 黒 組織から探す 人生のできごとから探す 施設から探す くらしの情報 農林商工業 町政 観光 教育・スポーツ・文化 防災・交通 町議会 メニュー 文字サイズ 標準 大 最大 背景色 白 青 黒 ふりがな --> 検索 組織から探す 人生のできごとから探す 施設から探す 翻訳 新着情報 コンテンツ くらしの情報 農林商工業 町政 観光 教育・スポーツ・文化 防災・交通 町議会 閉じる ホーム 和水町移住定住支援サイト 補助金 空き家バンク活
28	和水町		https://www.town.nagomi.lg.jp/iju/sitemap/sitemap/17405512769891	和水町 移住定住支援サイト｜サイトマップ｜サイトマップ｜和水町移住定住支援サイト｜和水町 文字サイズ 背景色 ふりがな --> 検索 翻訳 新着情報 コンテンツ 標準 大 最大 白 青 黒 組織から探す 人生のできごとから探す 施設から探す くらしの情報 農林商工業 町政 観光 教育・スポーツ・文化 防災・交通 町議会 メニュー 文字サイズ 標準 大 最大 背景色 白 青 黒 ふりがな --> 検索 組織から探す 人生のできごとから探す 施設から探す 翻訳 新着情報 コンテンツ くらしの情報 農林商工業 町政 観光 教育・スポーツ・文化 防災・交通 町議会 閉じる ホーム 和水町移住定住支援サイト サイトマップ サイトマップ 和水町
28	和水町	妊娠・出産・子育て	https://www.town.nagomi.lg.jp/jinseisagasu/dekigoto/kosodate/	妊娠・出産・子育て｜人生のできごと｜人生のできごとから探す｜和水町 文字サイズ 背景色 ふりがな --> 検索 翻訳 新着情報 コンテンツ 標準 大 最大 白 青 黒 組織から探す 人生のできごとから探す 施設から探す くらしの情報 農林商工業 町政 観光 教育・スポーツ・文化 防災・交通 町議会 メニュー 文字サイズ 標準 大 最大 背景色 白 青 黒 ふりがな --> 検索 組織から探す 人生のできごとから探す 施設から探す 翻訳 新着情報 コンテンツ くらしの情報 農林商工業 町政 観光 教育・スポーツ・文化 防災・交通 町議会 閉じる ホーム 人生のできごとから探す 人生のできごと 妊娠・出産・子育て 妊娠・出産・子育て 和
28	和水町	和水町移住定住支援サイト	https://www.town.nagomi.lg.jp/iju/	和水町移住定住支援サイト｜和水町 文字サイズ 背景色 ふりがな --> 検索 翻訳 新着情報 コンテンツ 標準 大 最大 白 青 黒 組織から探す 人生のできごとから探す 施設から探す くらしの情報 農林商工業 町政 観光 教育・スポーツ・文化 防災・交通 町議会 メニュー 文字サイズ 標準 大 最大 背景色 白 青 黒 ふりがな --> 検索 組織から探す 人生のできごとから探す 施設から探す 翻訳 新着情報 コンテンツ くらしの情報 農林商工業 町政 観光 教育・スポーツ・文化 防災・交通 町議会 閉じる ホーム 和水町移住定住支援サイト 和水町移住定住支援サイト カテゴリ選択 なごみの魅力 移住・定住 補助金 子育て しごと
28	和水町	和水町子育てひろば	https://www.town.nagomi.lg.jp/soshiki/hoken/kurashi/3_2682/	和水町子育てひろば｜くらしの情報｜保健子ども課｜組織から探す｜和水町 文字サイズ 背景色 ふりがな --> 検索 翻訳 新着情報 コンテンツ 標準 大 最大 白 青 黒 組織から探す 人生のできごとから探す 施設から探す くらしの情報 農林商工業 町政 観光 教育・スポーツ・文化 防災・交通 町議会 メニュー 文字サイズ 標準 大 最大 背景色 白 青 黒 ふりがな --> 検索 組織から探す 人生のできごとから探す 施設から探す 翻訳 新着情報 コンテンツ くらしの情報 農林商工業 町政 観光 教育・スポーツ・文化 防災・交通 町議会 閉じる ホーム 組織から探す 保健子ども課 くらしの情報 和水町子育てひろば 和水町子育てひろば
28	和水町	のびのび発達相談について	https://www.town.nagomi.lg.jp/soshiki/hoken/kurashi/3_4241/	のびのび発達相談について｜くらしの情報｜保健子ども課｜組織から探す｜和水町 文字サイズ 背景色 ふりがな --> 検索 翻訳 新着情報 コンテンツ 標準 大 最大 白 青 黒 組織から探す 人生のできごとから探す 施設から探す くらしの情報 農林商工業 町政 観光 教育・スポーツ・文化 防災・交通 町議会 メニュー 文字サイズ 標準 大 最大 背景色 白 青 黒 ふりがな --> 検索 組織から探す 人生のできごとから探す 施設から探す 翻訳 新着情報 コンテンツ くらしの情報 農林商工業 町政 観光 教育・スポーツ・文化 防災・交通 町議会 閉じる ホーム 組織から探す 保健子ども課 くらしの情報 のびのび発達相談について のびの
28	和水町	令和８年度母子保健行事予定表	https://www.town.nagomi.lg.jp/soshiki/hoken/kurashi/3_4463/	令和８年度母子保健行事予定表｜くらしの情報｜保健子ども課｜組織から探す｜和水町 文字サイズ 背景色 ふりがな --> 検索 翻訳 新着情報 コンテンツ 標準 大 最大 白 青 黒 組織から探す 人生のできごとから探す 施設から探す くらしの情報 農林商工業 町政 観光 教育・スポーツ・文化 防災・交通 町議会 メニュー 文字サイズ 標準 大 最大 背景色 白 青 黒 ふりがな --> 検索 組織から探す 人生のできごとから探す 施設から探す 翻訳 新着情報 コンテンツ くらしの情報 農林商工業 町政 観光 教育・スポーツ・文化 防災・交通 町議会 閉じる ホーム 組織から探す 保健子ども課 くらしの情報 令和８年度母子保健行事予定表
28	和水町	和水町産後ケア事業のご案内	https://www.town.nagomi.lg.jp/soshiki/hoken/kurashi/3_4121/	和水町産後ケア事業のご案内｜くらしの情報｜保健子ども課｜組織から探す｜和水町 文字サイズ 背景色 ふりがな --> 検索 翻訳 新着情報 コンテンツ 標準 大 最大 白 青 黒 組織から探す 人生のできごとから探す 施設から探す くらしの情報 農林商工業 町政 観光 教育・スポーツ・文化 防災・交通 町議会 メニュー 文字サイズ 標準 大 最大 背景色 白 青 黒 ふりがな --> 検索 組織から探す 人生のできごとから探す 施設から探す 翻訳 新着情報 コンテンツ くらしの情報 農林商工業 町政 観光 教育・スポーツ・文化 防災・交通 町議会 閉じる ホーム 組織から探す 保健子ども課 くらしの情報 和水町産後ケア事業のご案内 和
28	和水町	子ども医療費助成事業	https://www.town.nagomi.lg.jp/soshiki/hoken/kurashi/3_98/	子ども医療費助成事業｜くらしの情報｜保健子ども課｜組織から探す｜和水町 文字サイズ 背景色 ふりがな --> 検索 翻訳 新着情報 コンテンツ 標準 大 最大 白 青 黒 組織から探す 人生のできごとから探す 施設から探す くらしの情報 農林商工業 町政 観光 教育・スポーツ・文化 防災・交通 町議会 メニュー 文字サイズ 標準 大 最大 背景色 白 青 黒 ふりがな --> 検索 組織から探す 人生のできごとから探す 施設から探す 翻訳 新着情報 コンテンツ くらしの情報 農林商工業 町政 観光 教育・スポーツ・文化 防災・交通 町議会 閉じる ホーム 組織から探す 保健子ども課 くらしの情報 子ども医療費助成事業 子ども医療費助
28	和水町	わくわく子育て応援ハンドブック	https://www.town.nagomi.lg.jp/soshiki/hoken/kurashi/3_4361/	わくわく子育て応援ハンドブック｜くらしの情報｜保健子ども課｜組織から探す｜和水町 文字サイズ 背景色 ふりがな --> 検索 翻訳 新着情報 コンテンツ 標準 大 最大 白 青 黒 組織から探す 人生のできごとから探す 施設から探す くらしの情報 農林商工業 町政 観光 教育・スポーツ・文化 防災・交通 町議会 メニュー 文字サイズ 標準 大 最大 背景色 白 青 黒 ふりがな --> 検索 組織から探す 人生のできごとから探す 施設から探す 翻訳 新着情報 コンテンツ くらしの情報 農林商工業 町政 観光 教育・スポーツ・文化 防災・交通 町議会 閉じる ホーム 組織から探す 保健子ども課 くらしの情報 わくわく子育て応援ハンドブ
28	和水町	令和8年度 和水町放課後児童クラブ（学童）利用申込みのご案内	https://www.town.nagomi.lg.jp/soshiki/hoken/kurashi/175974166927505/	令和8年度 和水町放課後児童クラブ（学童）利用申込みのご案内｜くらしの情報｜保健子ども課｜組織から探す｜和水町 文字サイズ 背景色 ふりがな --> 検索 翻訳 新着情報 コンテンツ 標準 大 最大 白 青 黒 組織から探す 人生のできごとから探す 施設から探す くらしの情報 農林商工業 町政 観光 教育・スポーツ・文化 防災・交通 町議会 メニュー 文字サイズ 標準 大 最大 背景色 白 青 黒 ふりがな --> 検索 組織から探す 人生のできごとから探す 施設から探す 翻訳 新着情報 コンテンツ くらしの情報 農林商工業 町政 観光 教育・スポーツ・文化 防災・交通 町議会 閉じる ホーム 組織から探す 保健子ども課 くらしの情
28	和水町	和水町で働きませんか？保育士さん募集中！	https://www.town.nagomi.lg.jp/soshiki/hoken/kurashi/3_4853/	和水町で働きませんか？保育士さん募集中！｜くらしの情報｜保健子ども課｜組織から探す｜和水町 文字サイズ 背景色 ふりがな --> 検索 翻訳 新着情報 コンテンツ 標準 大 最大 白 青 黒 組織から探す 人生のできごとから探す 施設から探す くらしの情報 農林商工業 町政 観光 教育・スポーツ・文化 防災・交通 町議会 メニュー 文字サイズ 標準 大 最大 背景色 白 青 黒 ふりがな --> 検索 組織から探す 人生のできごとから探す 施設から探す 翻訳 新着情報 コンテンツ くらしの情報 農林商工業 町政 観光 教育・スポーツ・文化 防災・交通 町議会 閉じる ホーム 組織から探す 保健子ども課 くらしの情報 和水町で働きませ
28	和水町	HPVキャッチアップ接種は令和6年度末で接種期間が終了します！	https://www.town.nagomi.lg.jp/soshiki/hoken/kurashi/3_4717/	HPVキャッチアップ接種は令和6年度末で接種期間が終了します！｜くらしの情報｜保健子ども課｜組織から探す｜和水町 文字サイズ 背景色 ふりがな --> 検索 翻訳 新着情報 コンテンツ 標準 大 最大 白 青 黒 組織から探す 人生のできごとから探す 施設から探す くらしの情報 農林商工業 町政 観光 教育・スポーツ・文化 防災・交通 町議会 メニュー 文字サイズ 標準 大 最大 背景色 白 青 黒 ふりがな --> 検索 組織から探す 人生のできごとから探す 施設から探す 翻訳 新着情報 コンテンツ くらしの情報 農林商工業 町政 観光 教育・スポーツ・文化 防災・交通 町議会 閉じる ホーム 組織から探す 保健子ども課 くらしの
28	和水町	令和7年度 和水町放課後児童クラブ（学童）利用申込みのご案内	https://www.town.nagomi.lg.jp/soshiki/hoken/kurashi/3_4306/	令和7年度 和水町放課後児童クラブ（学童）利用申込みのご案内｜くらしの情報｜保健子ども課｜組織から探す｜和水町 文字サイズ 背景色 ふりがな --> 検索 翻訳 新着情報 コンテンツ 標準 大 最大 白 青 黒 組織から探す 人生のできごとから探す 施設から探す くらしの情報 農林商工業 町政 観光 教育・スポーツ・文化 防災・交通 町議会 メニュー 文字サイズ 標準 大 最大 背景色 白 青 黒 ふりがな --> 検索 組織から探す 人生のできごとから探す 施設から探す 翻訳 新着情報 コンテンツ くらしの情報 農林商工業 町政 観光 教育・スポーツ・文化 防災・交通 町議会 閉じる ホーム 組織から探す 保健子ども課 くらしの情
28	和水町	子どもの予防接種を熊本県外の医療機関で受ける場合	https://www.town.nagomi.lg.jp/soshiki/hoken/kurashi/3_1037/	子どもの予防接種を熊本県外の医療機関で受ける場合｜くらしの情報｜保健子ども課｜組織から探す｜和水町 文字サイズ 背景色 ふりがな --> 検索 翻訳 新着情報 コンテンツ 標準 大 最大 白 青 黒 組織から探す 人生のできごとから探す 施設から探す くらしの情報 農林商工業 町政 観光 教育・スポーツ・文化 防災・交通 町議会 メニュー 文字サイズ 標準 大 最大 背景色 白 青 黒 ふりがな --> 検索 組織から探す 人生のできごとから探す 施設から探す 翻訳 新着情報 コンテンツ くらしの情報 農林商工業 町政 観光 教育・スポーツ・文化 防災・交通 町議会 閉じる ホーム 組織から探す 保健子ども課 くらしの情報 子どもの
28	和水町	和水町こども家庭センター	https://www.town.nagomi.lg.jp/soshiki/hoken/kurashi/3_4606/	和水町こども家庭センター｜くらしの情報｜保健子ども課｜組織から探す｜和水町 文字サイズ 背景色 ふりがな --> 検索 翻訳 新着情報 コンテンツ 標準 大 最大 白 青 黒 組織から探す 人生のできごとから探す 施設から探す くらしの情報 農林商工業 町政 観光 教育・スポーツ・文化 防災・交通 町議会 メニュー 文字サイズ 標準 大 最大 背景色 白 青 黒 ふりがな --> 検索 組織から探す 人生のできごとから探す 施設から探す 翻訳 新着情報 コンテンツ くらしの情報 農林商工業 町政 観光 教育・スポーツ・文化 防災・交通 町議会 閉じる ホーム 組織から探す 保健子ども課 くらしの情報 和水町こども家庭センター 和水町
28	和水町	和水町子育て短期支援事業（ショートステイ・トワイライト）について	https://www.town.nagomi.lg.jp/soshiki/hoken/kurashi/3_4642/	和水町子育て短期支援事業（ショートステイ・トワイライト）について｜くらしの情報｜保健子ども課｜組織から探す｜和水町 文字サイズ 背景色 ふりがな --> 検索 翻訳 新着情報 コンテンツ 標準 大 最大 白 青 黒 組織から探す 人生のできごとから探す 施設から探す くらしの情報 農林商工業 町政 観光 教育・スポーツ・文化 防災・交通 町議会 メニュー 文字サイズ 標準 大 最大 背景色 白 青 黒 ふりがな --> 検索 組織から探す 人生のできごとから探す 施設から探す 翻訳 新着情報 コンテンツ くらしの情報 農林商工業 町政 観光 教育・スポーツ・文化 防災・交通 町議会 閉じる ホーム 組織から探す 保健子ども課 くらし
28	和水町	妊婦健康診査費用助成	https://www.town.nagomi.lg.jp/soshiki/hoken/kurashi/3_4634/	妊婦健康診査費用助成｜くらしの情報｜保健子ども課｜組織から探す｜和水町 文字サイズ 背景色 ふりがな --> 検索 翻訳 新着情報 コンテンツ 標準 大 最大 白 青 黒 組織から探す 人生のできごとから探す 施設から探す くらしの情報 農林商工業 町政 観光 教育・スポーツ・文化 防災・交通 町議会 メニュー 文字サイズ 標準 大 最大 背景色 白 青 黒 ふりがな --> 検索 組織から探す 人生のできごとから探す 施設から探す 翻訳 新着情報 コンテンツ くらしの情報 農林商工業 町政 観光 教育・スポーツ・文化 防災・交通 町議会 閉じる ホーム 組織から探す 保健子ども課 くらしの情報 妊婦健康診査費用助成 妊婦健康診査費
28	和水町	赤ちゃん訪問	https://www.town.nagomi.lg.jp/soshiki/hoken/kurashi/3_4635/	赤ちゃん訪問｜くらしの情報｜保健子ども課｜組織から探す｜和水町 文字サイズ 背景色 ふりがな --> 検索 翻訳 新着情報 コンテンツ 標準 大 最大 白 青 黒 組織から探す 人生のできごとから探す 施設から探す くらしの情報 農林商工業 町政 観光 教育・スポーツ・文化 防災・交通 町議会 メニュー 文字サイズ 標準 大 最大 背景色 白 青 黒 ふりがな --> 検索 組織から探す 人生のできごとから探す 施設から探す 翻訳 新着情報 コンテンツ くらしの情報 農林商工業 町政 観光 教育・スポーツ・文化 防災・交通 町議会 閉じる ホーム 組織から探す 保健子ども課 くらしの情報 赤ちゃん訪問 赤ちゃん訪問 最終更新日：20
28	和水町	乳幼児健診・健康相談	https://www.town.nagomi.lg.jp/soshiki/hoken/kurashi/3_4637/	乳幼児健診・健康相談｜くらしの情報｜保健子ども課｜組織から探す｜和水町 文字サイズ 背景色 ふりがな --> 検索 翻訳 新着情報 コンテンツ 標準 大 最大 白 青 黒 組織から探す 人生のできごとから探す 施設から探す くらしの情報 農林商工業 町政 観光 教育・スポーツ・文化 防災・交通 町議会 メニュー 文字サイズ 標準 大 最大 背景色 白 青 黒 ふりがな --> 検索 組織から探す 人生のできごとから探す 施設から探す 翻訳 新着情報 コンテンツ くらしの情報 農林商工業 町政 観光 教育・スポーツ・文化 防災・交通 町議会 閉じる ホーム 組織から探す 保健子ども課 くらしの情報 乳幼児健診・健康相談 乳幼児健診・健
28	和水町	妊婦歯科健康診査費助成	https://www.town.nagomi.lg.jp/soshiki/hoken/kurashi/3_4252/	妊婦歯科健康診査費助成｜くらしの情報｜保健子ども課｜組織から探す｜和水町 文字サイズ 背景色 ふりがな --> 検索 翻訳 新着情報 コンテンツ 標準 大 最大 白 青 黒 組織から探す 人生のできごとから探す 施設から探す くらしの情報 農林商工業 町政 観光 教育・スポーツ・文化 防災・交通 町議会 メニュー 文字サイズ 標準 大 最大 背景色 白 青 黒 ふりがな --> 検索 組織から探す 人生のできごとから探す 施設から探す 翻訳 新着情報 コンテンツ くらしの情報 農林商工業 町政 観光 教育・スポーツ・文化 防災・交通 町議会 閉じる ホーム 組織から探す 保健子ども課 くらしの情報 妊婦歯科健康診査費助成 妊婦歯科健
28	和水町	新生児聴覚検査費用助成	https://www.town.nagomi.lg.jp/soshiki/hoken/kurashi/3_4253/	新生児聴覚検査費用助成｜くらしの情報｜保健子ども課｜組織から探す｜和水町 文字サイズ 背景色 ふりがな --> 検索 翻訳 新着情報 コンテンツ 標準 大 最大 白 青 黒 組織から探す 人生のできごとから探す 施設から探す くらしの情報 農林商工業 町政 観光 教育・スポーツ・文化 防災・交通 町議会 メニュー 文字サイズ 標準 大 最大 背景色 白 青 黒 ふりがな --> 検索 組織から探す 人生のできごとから探す 施設から探す 翻訳 新着情報 コンテンツ くらしの情報 農林商工業 町政 観光 教育・スポーツ・文化 防災・交通 町議会 閉じる ホーム 組織から探す 保健子ども課 くらしの情報 新生児聴覚検査費用助成 新生児聴覚
28	和水町	児童手当現況届について	https://www.town.nagomi.lg.jp/soshiki/hoken/kurashi/3_4585/	児童手当現況届について｜くらしの情報｜保健子ども課｜組織から探す｜和水町 文字サイズ 背景色 ふりがな --> 検索 翻訳 新着情報 コンテンツ 標準 大 最大 白 青 黒 組織から探す 人生のできごとから探す 施設から探す くらしの情報 農林商工業 町政 観光 教育・スポーツ・文化 防災・交通 町議会 メニュー 文字サイズ 標準 大 最大 背景色 白 青 黒 ふりがな --> 検索 組織から探す 人生のできごとから探す 施設から探す 翻訳 新着情報 コンテンツ くらしの情報 農林商工業 町政 観光 教育・スポーツ・文化 防災・交通 町議会 閉じる ホーム 組織から探す 保健子ども課 くらしの情報 児童手当現況届について 児童手当現
28	和水町	和水町こども計画策定業務委託実施に伴う公募型プロポーザルについて	https://www.town.nagomi.lg.jp/soshiki/hoken/kurashi/3_4577/	和水町こども計画策定業務委託実施に伴う公募型プロポーザルについて｜くらしの情報｜保健子ども課｜組織から探す｜和水町 文字サイズ 背景色 ふりがな --> 検索 翻訳 新着情報 コンテンツ 標準 大 最大 白 青 黒 組織から探す 人生のできごとから探す 施設から探す くらしの情報 農林商工業 町政 観光 教育・スポーツ・文化 防災・交通 町議会 メニュー 文字サイズ 標準 大 最大 背景色 白 青 黒 ふりがな --> 検索 組織から探す 人生のできごとから探す 施設から探す 翻訳 新着情報 コンテンツ くらしの情報 農林商工業 町政 観光 教育・スポーツ・文化 防災・交通 町議会 閉じる ホーム 組織から探す 保健子ども課 くらし
28	和水町	和水町不妊治療費等助成事業	https://www.town.nagomi.lg.jp/soshiki/hoken/kurashi/3_3454/	和水町不妊治療費等助成事業｜くらしの情報｜保健子ども課｜組織から探す｜和水町 文字サイズ 背景色 ふりがな --> 検索 翻訳 新着情報 コンテンツ 標準 大 最大 白 青 黒 組織から探す 人生のできごとから探す 施設から探す くらしの情報 農林商工業 町政 観光 教育・スポーツ・文化 防災・交通 町議会 メニュー 文字サイズ 標準 大 最大 背景色 白 青 黒 ふりがな --> 検索 組織から探す 人生のできごとから探す 施設から探す 翻訳 新着情報 コンテンツ くらしの情報 農林商工業 町政 観光 教育・スポーツ・文化 防災・交通 町議会 閉じる ホーム 組織から探す 保健子ども課 くらしの情報 和水町不妊治療費等助成事業 和
28	和水町	副食費の無償化について	https://www.town.nagomi.lg.jp/soshiki/hoken/kurashi/3_4114/	副食費の無償化について｜くらしの情報｜保健子ども課｜組織から探す｜和水町 文字サイズ 背景色 ふりがな --> 検索 翻訳 新着情報 コンテンツ 標準 大 最大 白 青 黒 組織から探す 人生のできごとから探す 施設から探す くらしの情報 農林商工業 町政 観光 教育・スポーツ・文化 防災・交通 町議会 メニュー 文字サイズ 標準 大 最大 背景色 白 青 黒 ふりがな --> 検索 組織から探す 人生のできごとから探す 施設から探す 翻訳 新着情報 コンテンツ くらしの情報 農林商工業 町政 観光 教育・スポーツ・文化 防災・交通 町議会 閉じる ホーム 組織から探す 保健子ども課 くらしの情報 副食費の無償化について 副食費の無
28	和水町	出生届	https://www.town.nagomi.lg.jp/soshiki/jyuminkankyo/kurashi/3_114/	出生届｜くらしの情報｜住民環境課｜組織から探す｜和水町 文字サイズ 背景色 ふりがな --> 検索 翻訳 新着情報 コンテンツ 標準 大 最大 白 青 黒 組織から探す 人生のできごとから探す 施設から探す くらしの情報 農林商工業 町政 観光 教育・スポーツ・文化 防災・交通 町議会 メニュー 文字サイズ 標準 大 最大 背景色 白 青 黒 ふりがな --> 検索 組織から探す 人生のできごとから探す 施設から探す 翻訳 新着情報 コンテンツ くらしの情報 農林商工業 町政 観光 教育・スポーツ・文化 防災・交通 町議会 閉じる ホーム 組織から探す 住民環境課 くらしの情報 出生届 出生届 最終更新日：2012年07月04日 T
28	和水町	小児救急・平日夜間診療について	https://www.town.nagomi.lg.jp/soshiki/hoken/kurashi/3_87/	小児救急・平日夜間診療について｜くらしの情報｜保健子ども課｜組織から探す｜和水町 文字サイズ 背景色 ふりがな --> 検索 翻訳 新着情報 コンテンツ 標準 大 最大 白 青 黒 組織から探す 人生のできごとから探す 施設から探す くらしの情報 農林商工業 町政 観光 教育・スポーツ・文化 防災・交通 町議会 メニュー 文字サイズ 標準 大 最大 背景色 白 青 黒 ふりがな --> 検索 組織から探す 人生のできごとから探す 施設から探す 翻訳 新着情報 コンテンツ くらしの情報 農林商工業 町政 観光 教育・スポーツ・文化 防災・交通 町議会 閉じる ホーム 組織から探す 保健子ども課 くらしの情報 小児救急・平日夜間診療につ
28	和水町	妊娠・出産 女性相談	https://www.town.nagomi.lg.jp/soshiki/hoken/kurashi/3_125/	妊娠・出産 女性相談｜くらしの情報｜保健子ども課｜組織から探す｜和水町 文字サイズ 背景色 ふりがな --> 検索 翻訳 新着情報 コンテンツ 標準 大 最大 白 青 黒 組織から探す 人生のできごとから探す 施設から探す くらしの情報 農林商工業 町政 観光 教育・スポーツ・文化 防災・交通 町議会 メニュー 文字サイズ 標準 大 最大 背景色 白 青 黒 ふりがな --> 検索 組織から探す 人生のできごとから探す 施設から探す 翻訳 新着情報 コンテンツ くらしの情報 農林商工業 町政 観光 教育・スポーツ・文化 防災・交通 町議会 閉じる ホーム 組織から探す 保健子ども課 くらしの情報 妊娠・出産 女性相談 妊娠・出産 女
28	和水町	児童福祉	https://www.town.nagomi.lg.jp/kurashi/kenkoufukushi/jidoufukushi/	児童福祉｜健康・福祉｜くらしの情報｜和水町 文字サイズ 背景色 ふりがな --> 検索 翻訳 新着情報 コンテンツ 標準 大 最大 白 青 黒 組織から探す 人生のできごとから探す 施設から探す くらしの情報 農林商工業 町政 観光 教育・スポーツ・文化 防災・交通 町議会 メニュー 文字サイズ 標準 大 最大 背景色 白 青 黒 ふりがな --> 検索 組織から探す 人生のできごとから探す 施設から探す 翻訳 新着情報 コンテンツ くらしの情報 農林商工業 町政 観光 教育・スポーツ・文化 防災・交通 町議会 閉じる ホーム くらしの情報 健康・福祉 児童福祉 児童福祉 ひとり親家庭等就業支援講習会について 育児相談日について の
28	和水町	子育て支援センター	https://www.town.nagomi.lg.jp/soshiki/hoken/kurashi/3_4233/	子育て支援センター｜くらしの情報｜保健子ども課｜組織から探す｜和水町 文字サイズ 背景色 ふりがな --> 検索 翻訳 新着情報 コンテンツ 標準 大 最大 白 青 黒 組織から探す 人生のできごとから探す 施設から探す くらしの情報 農林商工業 町政 観光 教育・スポーツ・文化 防災・交通 町議会 メニュー 文字サイズ 標準 大 最大 背景色 白 青 黒 ふりがな --> 検索 組織から探す 人生のできごとから探す 施設から探す 翻訳 新着情報 コンテンツ くらしの情報 農林商工業 町政 観光 教育・スポーツ・文化 防災・交通 町議会 閉じる ホーム 組織から探す 保健子ども課 くらしの情報 子育て支援センター 子育て支援センター
28	和水町	幼児英語教育事業	https://www.town.nagomi.lg.jp/soshiki/hoken/kurashi/3_4855/	幼児英語教育事業｜くらしの情報｜保健子ども課｜組織から探す｜和水町 文字サイズ 背景色 ふりがな --> 検索 翻訳 新着情報 コンテンツ 標準 大 最大 白 青 黒 組織から探す 人生のできごとから探す 施設から探す くらしの情報 農林商工業 町政 観光 教育・スポーツ・文化 防災・交通 町議会 メニュー 文字サイズ 標準 大 最大 背景色 白 青 黒 ふりがな --> 検索 組織から探す 人生のできごとから探す 施設から探す 翻訳 新着情報 コンテンツ くらしの情報 農林商工業 町政 観光 教育・スポーツ・文化 防災・交通 町議会 閉じる ホーム 組織から探す 保健子ども課 くらしの情報 幼児英語教育事業 幼児英語教育事業 最終
28	和水町	放課後児童健全育成事業（放課後児童クラブ）	https://www.town.nagomi.lg.jp/soshiki/hoken/kurashi/3_4242/	放課後児童健全育成事業（放課後児童クラブ）｜くらしの情報｜保健子ども課｜組織から探す｜和水町 文字サイズ 背景色 ふりがな --> 検索 翻訳 新着情報 コンテンツ 標準 大 最大 白 青 黒 組織から探す 人生のできごとから探す 施設から探す くらしの情報 農林商工業 町政 観光 教育・スポーツ・文化 防災・交通 町議会 メニュー 文字サイズ 標準 大 最大 背景色 白 青 黒 ふりがな --> 検索 組織から探す 人生のできごとから探す 施設から探す 翻訳 新着情報 コンテンツ くらしの情報 農林商工業 町政 観光 教育・スポーツ・文化 防災・交通 町議会 閉じる ホーム 組織から探す 保健子ども課 くらしの情報 放課後児童健全
28	和水町	和水町路線バス通学定期券購入補助金	https://www.town.nagomi.lg.jp/bousaikoutsu/chiikikoukyoukoutsu/chiikikoukyoukoutsu/174702943510438/	路線バス通学定期券購入補助のご案内｜地域公共交通｜地域公共交通｜防災・交通｜和水町 文字サイズ 背景色 ふりがな --> 検索 翻訳 新着情報 コンテンツ 標準 大 最大 白 青 黒 組織から探す 人生のできごとから探す 施設から探す くらしの情報 農林商工業 町政 観光 教育・スポーツ・文化 防災・交通 町議会 メニュー 文字サイズ 標準 大 最大 背景色 白 青 黒 ふりがな --> 検索 組織から探す 人生のできごとから探す 施設から探す 翻訳 新着情報 コンテンツ くらしの情報 農林商工業 町政 観光 教育・スポーツ・文化 防災・交通 町議会 閉じる ホーム 防災・交通 地域公共交通 地域公共交通 路線バス通学定期券購入補助
28	和水町	家庭保育応援補助金について	https://www.town.nagomi.lg.jp/kurashi/kosodate/oshirase/174176304731180/	家庭保育応援補助金について｜子育てに関するお知らせ｜子育て｜くらしの情報｜和水町 文字サイズ 背景色 ふりがな --> 検索 翻訳 新着情報 コンテンツ 標準 大 最大 白 青 黒 組織から探す 人生のできごとから探す 施設から探す くらしの情報 農林商工業 町政 観光 教育・スポーツ・文化 防災・交通 町議会 メニュー 文字サイズ 標準 大 最大 背景色 白 青 黒 ふりがな --> 検索 組織から探す 人生のできごとから探す 施設から探す 翻訳 新着情報 コンテンツ くらしの情報 農林商工業 町政 観光 教育・スポーツ・文化 防災・交通 町議会 閉じる ホーム くらしの情報 子育て 子育てに関するお知らせ 家庭保育応援補助金につ
28	和水町	保育料の無償化について	https://www.town.nagomi.lg.jp/kurashi/kosodate/oshirase/174176145921833/	保育料の無償化について｜子育てに関するお知らせ｜子育て｜くらしの情報｜和水町 文字サイズ 背景色 ふりがな --> 検索 翻訳 新着情報 コンテンツ 標準 大 最大 白 青 黒 組織から探す 人生のできごとから探す 施設から探す くらしの情報 農林商工業 町政 観光 教育・スポーツ・文化 防災・交通 町議会 メニュー 文字サイズ 標準 大 最大 背景色 白 青 黒 ふりがな --> 検索 組織から探す 人生のできごとから探す 施設から探す 翻訳 新着情報 コンテンツ くらしの情報 農林商工業 町政 観光 教育・スポーツ・文化 防災・交通 町議会 閉じる ホーム くらしの情報 子育て 子育てに関するお知らせ 保育料の無償化について 保
28	和水町	ファミリー・サポート・センターについて	https://www.town.nagomi.lg.jp/soshiki/hoken/kurashi/3_4235/	ファミリー・サポート・センターについて｜くらしの情報｜保健子ども課｜組織から探す｜和水町 文字サイズ 背景色 ふりがな --> 検索 翻訳 新着情報 コンテンツ 標準 大 最大 白 青 黒 組織から探す 人生のできごとから探す 施設から探す くらしの情報 農林商工業 町政 観光 教育・スポーツ・文化 防災・交通 町議会 メニュー 文字サイズ 標準 大 最大 背景色 白 青 黒 ふりがな --> 検索 組織から探す 人生のできごとから探す 施設から探す 翻訳 新着情報 コンテンツ くらしの情報 農林商工業 町政 観光 教育・スポーツ・文化 防災・交通 町議会 閉じる ホーム 組織から探す 保健子ども課 くらしの情報 ファミリー・サポー
28	和水町	妊婦のための支援給付について	https://www.town.nagomi.lg.jp/soshiki/hoken/kurashi/3_4060/	妊婦のための支援給付について｜くらしの情報｜保健子ども課｜組織から探す｜和水町 文字サイズ 背景色 ふりがな --> 検索 翻訳 新着情報 コンテンツ 標準 大 最大 白 青 黒 組織から探す 人生のできごとから探す 施設から探す くらしの情報 農林商工業 町政 観光 教育・スポーツ・文化 防災・交通 町議会 メニュー 文字サイズ 標準 大 最大 背景色 白 青 黒 ふりがな --> 検索 組織から探す 人生のできごとから探す 施設から探す 翻訳 新着情報 コンテンツ くらしの情報 農林商工業 町政 観光 教育・スポーツ・文化 防災・交通 町議会 閉じる ホーム 組織から探す 保健子ども課 くらしの情報 妊婦のための支援給付について
28	和水町	くらしの情報	https://www.town.nagomi.lg.jp/soshiki/fukushi/kurashi/	くらしの情報｜福祉課｜組織から探す｜和水町 文字サイズ 背景色 ふりがな --> 検索 翻訳 新着情報 コンテンツ 標準 大 最大 白 青 黒 組織から探す 人生のできごとから探す 施設から探す くらしの情報 農林商工業 町政 観光 教育・スポーツ・文化 防災・交通 町議会 メニュー 文字サイズ 標準 大 最大 背景色 白 青 黒 ふりがな --> 検索 組織から探す 人生のできごとから探す 施設から探す 翻訳 新着情報 コンテンツ くらしの情報 農林商工業 町政 観光 教育・スポーツ・文化 防災・交通 町議会 閉じる ホーム 組織から探す 福祉課 くらしの情報 くらしの情報 重度心身障がい者医療費助成事業 身体障害者手帳の交付 【
28	和水町	くらしの情報	https://www.town.nagomi.lg.jp/soshiki/hoken/kurashi/	くらしの情報｜保健子ども課｜組織から探す｜和水町 文字サイズ 背景色 ふりがな --> 検索 翻訳 新着情報 コンテンツ 標準 大 最大 白 青 黒 組織から探す 人生のできごとから探す 施設から探す くらしの情報 農林商工業 町政 観光 教育・スポーツ・文化 防災・交通 町議会 メニュー 文字サイズ 標準 大 最大 背景色 白 青 黒 ふりがな --> 検索 組織から探す 人生のできごとから探す 施設から探す 翻訳 新着情報 コンテンツ くらしの情報 農林商工業 町政 観光 教育・スポーツ・文化 防災・交通 町議会 閉じる ホーム 組織から探す 保健子ども課 くらしの情報 くらしの情報 和水町子育てひろば 「性と健康のオンライン相
28	和水町	令和８年度和水町中学生英語検定チャレンジ補助金について	https://www.town.nagomi.lg.jp/kyoikusportsbunka/kyoikuiinkai/oshirase/17827951962794247/	令和８年度和水町中学生英語検定チャレンジ補助金について｜教育委員会からのお知らせ｜教育委員会｜教育・スポーツ・文化｜和水町 文字サイズ 背景色 ふりがな --> 検索 翻訳 新着情報 コンテンツ 標準 大 最大 白 青 黒 組織から探す 人生のできごとから探す 施設から探す くらしの情報 農林商工業 町政 観光 教育・スポーツ・文化 防災・交通 町議会 メニュー 文字サイズ 標準 大 最大 背景色 白 青 黒 ふりがな --> 検索 組織から探す 人生のできごとから探す 施設から探す 翻訳 新着情報 コンテンツ くらしの情報 農林商工業 町政 観光 教育・スポーツ・文化 防災・交通 町議会 閉じる ホーム 教育・スポーツ・文化 教育
28	和水町	令和８年度分（令和７年度に返還した奨学金）の申請を受付中です。	https://www.town.nagomi.lg.jp/kyoikusportsbunka/kyoikuiinkai/oshirase/17812635294024762/	【定住促進奨学金返還支援事業】和水町に住んで働く方の奨学金返還を支援します！｜教育委員会からのお知らせ｜教育委員会｜教育・スポーツ・文化｜和水町 文字サイズ 背景色 ふりがな --> 検索 翻訳 新着情報 コンテンツ 標準 大 最大 白 青 黒 組織から探す 人生のできごとから探す 施設から探す くらしの情報 農林商工業 町政 観光 教育・スポーツ・文化 防災・交通 町議会 メニュー 文字サイズ 標準 大 最大 背景色 白 青 黒 ふりがな --> 検索 組織から探す 人生のできごとから探す 施設から探す 翻訳 新着情報 コンテンツ くらしの情報 農林商工業 町政 観光 教育・スポーツ・文化 防災・交通 町議会 閉じる ホーム 教育
28	和水町	和水町移住支援金	https://www.town.nagomi.lg.jp/iju/hojyokin/ijyusien/174773896524769/	和水町移住支援金｜移住支援金｜補助金｜和水町移住定住支援サイト｜和水町 文字サイズ 背景色 ふりがな --> 検索 翻訳 新着情報 コンテンツ 標準 大 最大 白 青 黒 組織から探す 人生のできごとから探す 施設から探す くらしの情報 農林商工業 町政 観光 教育・スポーツ・文化 防災・交通 町議会 メニュー 文字サイズ 標準 大 最大 背景色 白 青 黒 ふりがな --> 検索 組織から探す 人生のできごとから探す 施設から探す 翻訳 新着情報 コンテンツ くらしの情報 農林商工業 町政 観光 教育・スポーツ・文化 防災・交通 町議会 閉じる ホーム 和水町移住定住支援サイト 補助金 移住支援金 和水町移住支援金 和水町移住支援
28	和水町		https://www.town.nagomi.lg.jp/iju/sitemap/sitemap/17405512769891/	和水町 移住定住支援サイト｜サイトマップ｜サイトマップ｜和水町移住定住支援サイト｜和水町 文字サイズ 背景色 ふりがな --> 検索 翻訳 新着情報 コンテンツ 標準 大 最大 白 青 黒 組織から探す 人生のできごとから探す 施設から探す くらしの情報 農林商工業 町政 観光 教育・スポーツ・文化 防災・交通 町議会 メニュー 文字サイズ 標準 大 最大 背景色 白 青 黒 ふりがな --> 検索 組織から探す 人生のできごとから探す 施設から探す 翻訳 新着情報 コンテンツ くらしの情報 農林商工業 町政 観光 教育・スポーツ・文化 防災・交通 町議会 閉じる ホーム 和水町移住定住支援サイト サイトマップ サイトマップ 和水町
28	和水町	商品開発事業補助金の募集について	https://www.town.nagomi.lg.jp/soshiki/machidukuri/nourin/3_4543/	商品開発事業補助金の募集について｜農林商工業｜まちづくり課｜組織から探す｜和水町 文字サイズ 背景色 ふりがな --> 検索 翻訳 新着情報 コンテンツ 標準 大 最大 白 青 黒 組織から探す 人生のできごとから探す 施設から探す くらしの情報 農林商工業 町政 観光 教育・スポーツ・文化 防災・交通 町議会 メニュー 文字サイズ 標準 大 最大 背景色 白 青 黒 ふりがな --> 検索 組織から探す 人生のできごとから探す 施設から探す 翻訳 新着情報 コンテンツ くらしの情報 農林商工業 町政 観光 教育・スポーツ・文化 防災・交通 町議会 閉じる ホーム 組織から探す まちづくり課 農林商工業 商品開発事業補助金の募集につ
25	和水町	補助金	https://www.town.nagomi.lg.jp/iju/hojyokin/	補助金｜和水町移住定住支援サイト｜和水町 文字サイズ 背景色 ふりがな --> 検索 翻訳 新着情報 コンテンツ 標準 大 最大 白 青 黒 組織から探す 人生のできごとから探す 施設から探す くらしの情報 農林商工業 町政 観光 教育・スポーツ・文化 防災・交通 町議会 メニュー 文字サイズ 標準 大 最大 背景色 白 青 黒 ふりがな --> 検索 組織から探す 人生のできごとから探す 施設から探す 翻訳 新着情報 コンテンツ くらしの情報 農林商工業 町政 観光 教育・スポーツ・文化 防災・交通 町議会 閉じる ホーム 和水町移住定住支援サイト 補助金 補助金 空き家バンク活用促進補助金 移住支援金 新築住宅みらい支援補助金
24	和水町	農林商工業	https://www.town.nagomi.lg.jp/soshiki/nourinshinkou/nourin/	農林商工業｜農林振興課｜組織から探す｜和水町 文字サイズ 背景色 ふりがな --> 検索 翻訳 新着情報 コンテンツ 標準 大 最大 白 青 黒 組織から探す 人生のできごとから探す 施設から探す くらしの情報 農林商工業 町政 観光 教育・スポーツ・文化 防災・交通 町議会 メニュー 文字サイズ 標準 大 最大 背景色 白 青 黒 ふりがな --> 検索 組織から探す 人生のできごとから探す 施設から探す 翻訳 新着情報 コンテンツ くらしの情報 農林商工業 町政 観光 教育・スポーツ・文化 防災・交通 町議会 閉じる ホーム 組織から探す 農林振興課 農林商工業 農林商工業 和水町セカンドライフ応援事業（農業就農支援）について
22	和水町	令和８年度 保育所等の利用申込みについて	https://www.town.nagomi.lg.jp/soshiki/hoken/kurashi/175946615816639/	令和８年度 保育所等の利用申込みについて｜くらしの情報｜保健子ども課｜組織から探す｜和水町 文字サイズ 背景色 ふりがな --> 検索 翻訳 新着情報 コンテンツ 標準 大 最大 白 青 黒 組織から探す 人生のできごとから探す 施設から探す くらしの情報 農林商工業 町政 観光 教育・スポーツ・文化 防災・交通 町議会 メニュー 文字サイズ 標準 大 最大 背景色 白 青 黒 ふりがな --> 検索 組織から探す 人生のできごとから探す 施設から探す 翻訳 新着情報 コンテンツ くらしの情報 農林商工業 町政 観光 教育・スポーツ・文化 防災・交通 町議会 閉じる ホーム 組織から探す 保健子ども課 くらしの情報 令和８年度 保育
22	和水町	騒音・振動に係る各種届出について	https://www.town.nagomi.lg.jp/soshiki/jyuminkankyo/kurashi/3_94/	騒音・振動に係る各種届出について｜くらしの情報｜住民環境課｜組織から探す｜和水町 文字サイズ 背景色 ふりがな --> 検索 翻訳 新着情報 コンテンツ 標準 大 最大 白 青 黒 組織から探す 人生のできごとから探す 施設から探す くらしの情報 農林商工業 町政 観光 教育・スポーツ・文化 防災・交通 町議会 メニュー 文字サイズ 標準 大 最大 背景色 白 青 黒 ふりがな --> 検索 組織から探す 人生のできごとから探す 施設から探す 翻訳 新着情報 コンテンツ くらしの情報 農林商工業 町政 観光 教育・スポーツ・文化 防災・交通 町議会 閉じる ホーム 組織から探す 住民環境課 くらしの情報 騒音・振動に係る各種届出につ
22	和水町	くらしの情報	https://www.town.nagomi.lg.jp/soshiki/jyuminkankyo/kurashi/	くらしの情報｜住民環境課｜組織から探す｜和水町 文字サイズ 背景色 ふりがな --> 検索 翻訳 新着情報 コンテンツ 標準 大 最大 白 青 黒 組織から探す 人生のできごとから探す 施設から探す くらしの情報 農林商工業 町政 観光 教育・スポーツ・文化 防災・交通 町議会 メニュー 文字サイズ 標準 大 最大 背景色 白 青 黒 ふりがな --> 検索 組織から探す 人生のできごとから探す 施設から探す 翻訳 新着情報 コンテンツ くらしの情報 農林商工業 町政 観光 教育・スポーツ・文化 防災・交通 町議会 閉じる ホーム 組織から探す 住民環境課 くらしの情報 くらしの情報 不法投棄物の撤去作業が行われました 第2次和水町
22	和水町	「金栗四三翁研修会」が開催されました！！	https://www.town.nagomi.lg.jp/soshiki/machidukuri/kyoikusportsbunka/3_2059/	「金栗四三翁研修会」が開催されました！！｜教育・スポーツ・文化｜まちづくり課｜組織から探す｜和水町 文字サイズ 背景色 ふりがな --> 検索 翻訳 新着情報 コンテンツ 標準 大 最大 白 青 黒 組織から探す 人生のできごとから探す 施設から探す くらしの情報 農林商工業 町政 観光 教育・スポーツ・文化 防災・交通 町議会 メニュー 文字サイズ 標準 大 最大 背景色 白 青 黒 ふりがな --> 検索 組織から探す 人生のできごとから探す 施設から探す 翻訳 新着情報 コンテンツ くらしの情報 農林商工業 町政 観光 教育・スポーツ・文化 防災・交通 町議会 閉じる ホーム 組織から探す まちづくり課 教育・スポーツ・文化
21	和水町	子ども子育て応援プラン	https://www.town.nagomi.lg.jp/iju/teijyuu/ouen/	子ども子育て応援プラン｜移住・定住｜和水町移住定住支援サイト｜和水町 文字サイズ 背景色 ふりがな --> 検索 翻訳 新着情報 コンテンツ 標準 大 最大 白 青 黒 組織から探す 人生のできごとから探す 施設から探す くらしの情報 農林商工業 町政 観光 教育・スポーツ・文化 防災・交通 町議会 メニュー 文字サイズ 標準 大 最大 背景色 白 青 黒 ふりがな --> 検索 組織から探す 人生のできごとから探す 施設から探す 翻訳 新着情報 コンテンツ くらしの情報 農林商工業 町政 観光 教育・スポーツ・文化 防災・交通 町議会 閉じる ホーム 和水町移住定住支援サイト 移住・定住 子ども子育て応援プラン 子ども子育て応援プ
20	和水町	休日当番医	https://www.town.nagomi.lg.jp/kurashi/kenkoufukushi/hokenyobo/3_89/	休日当番医｜保健予防｜健康・福祉｜くらしの情報｜和水町 文字サイズ 背景色 ふりがな --> 検索 翻訳 新着情報 コンテンツ 標準 大 最大 白 青 黒 組織から探す 人生のできごとから探す 施設から探す くらしの情報 農林商工業 町政 観光 教育・スポーツ・文化 防災・交通 町議会 メニュー 文字サイズ 標準 大 最大 背景色 白 青 黒 ふりがな --> 検索 組織から探す 人生のできごとから探す 施設から探す 翻訳 新着情報 コンテンツ くらしの情報 農林商工業 町政 観光 教育・スポーツ・文化 防災・交通 町議会 閉じる ホーム くらしの情報 健康・福祉 保健予防 休日当番医 休日当番医 最終更新日：2012年01月24日
20	和水町	スポーツ経験のある高校生向けキャリアイベント参加者募集のお知らせ	https://www.town.nagomi.lg.jp/soshiki/machidukuri/kyoikusportsbunka/17833268973631806/	スポーツ経験のある高校生向けキャリアイベント参加者募集のお知らせ｜教育・スポーツ・文化｜まちづくり課｜組織から探す｜和水町 文字サイズ 背景色 ふりがな --> 検索 翻訳 新着情報 コンテンツ 標準 大 最大 白 青 黒 組織から探す 人生のできごとから探す 施設から探す くらしの情報 農林商工業 町政 観光 教育・スポーツ・文化 防災・交通 町議会 メニュー 文字サイズ 標準 大 最大 背景色 白 青 黒 ふりがな --> 検索 組織から探す 人生のできごとから探す 施設から探す 翻訳 新着情報 コンテンツ くらしの情報 農林商工業 町政 観光 教育・スポーツ・文化 防災・交通 町議会 閉じる ホーム 組織から探す まちづくり課
20	和水町	高齢者・介護	https://www.town.nagomi.lg.jp/jinseisagasu/dekigoto/koureisyakaigo/	高齢者・介護｜人生のできごと｜人生のできごとから探す｜和水町 文字サイズ 背景色 ふりがな --> 検索 翻訳 新着情報 コンテンツ 標準 大 最大 白 青 黒 組織から探す 人生のできごとから探す 施設から探す くらしの情報 農林商工業 町政 観光 教育・スポーツ・文化 防災・交通 町議会 メニュー 文字サイズ 標準 大 最大 背景色 白 青 黒 ふりがな --> 検索 組織から探す 人生のできごとから探す 施設から探す 翻訳 新着情報 コンテンツ くらしの情報 農林商工業 町政 観光 教育・スポーツ・文化 防災・交通 町議会 閉じる ホーム 人生のできごとから探す 人生のできごと 高齢者・介護 高齢者・介護 【介護保険】要介護認
20	和水町	申請書ダウンロード	https://www.town.nagomi.lg.jp/kurashi/shinnseisyo/download/174582835514011	申請書ダウンロード｜申請書のダウンロード｜申請書｜くらしの情報｜和水町 文字サイズ 背景色 ふりがな --> 検索 翻訳 新着情報 コンテンツ 標準 大 最大 白 青 黒 組織から探す 人生のできごとから探す 施設から探す くらしの情報 農林商工業 町政 観光 教育・スポーツ・文化 防災・交通 町議会 メニュー 文字サイズ 標準 大 最大 背景色 白 青 黒 ふりがな --> 検索 組織から探す 人生のできごとから探す 施設から探す 翻訳 新着情報 コンテンツ くらしの情報 農林商工業 町政 観光 教育・スポーツ・文化 防災・交通 町議会 閉じる ホーム くらしの情報 申請書 申請書のダウンロード 申請書ダウンロード 申請書ダウンロ
20	和水町	母子健康手帳交付が予約制になります	https://www.town.nagomi.lg.jp/soshiki/hoken/kurashi/3_4149/	母子健康手帳交付が予約制になります｜くらしの情報｜保健子ども課｜組織から探す｜和水町 文字サイズ 背景色 ふりがな --> 検索 翻訳 新着情報 コンテンツ 標準 大 最大 白 青 黒 組織から探す 人生のできごとから探す 施設から探す くらしの情報 農林商工業 町政 観光 教育・スポーツ・文化 防災・交通 町議会 メニュー 文字サイズ 標準 大 最大 背景色 白 青 黒 ふりがな --> 検索 組織から探す 人生のできごとから探す 施設から探す 翻訳 新着情報 コンテンツ くらしの情報 農林商工業 町政 観光 教育・スポーツ・文化 防災・交通 町議会 閉じる ホーム 組織から探す 保健子ども課 くらしの情報 母子健康手帳交付が予約
20	和水町	令和7年度 保育所等の利用申込みについて	https://www.town.nagomi.lg.jp/soshiki/hoken/kurashi/3_4736/	令和7年度 保育所等の利用申込みについて｜くらしの情報｜保健子ども課｜組織から探す｜和水町 文字サイズ 背景色 ふりがな --> 検索 翻訳 新着情報 コンテンツ 標準 大 最大 白 青 黒 組織から探す 人生のできごとから探す 施設から探す くらしの情報 農林商工業 町政 観光 教育・スポーツ・文化 防災・交通 町議会 メニュー 文字サイズ 標準 大 最大 背景色 白 青 黒 ふりがな --> 検索 組織から探す 人生のできごとから探す 施設から探す 翻訳 新着情報 コンテンツ くらしの情報 農林商工業 町政 観光 教育・スポーツ・文化 防災・交通 町議会 閉じる ホーム 組織から探す 保健子ども課 くらしの情報 令和7年度 保育
20	和水町	保健予防	https://www.town.nagomi.lg.jp/kurashi/kenkoufukushi/hokenyobo/	保健予防｜健康・福祉｜くらしの情報｜和水町 文字サイズ 背景色 ふりがな --> 検索 翻訳 新着情報 コンテンツ 標準 大 最大 白 青 黒 組織から探す 人生のできごとから探す 施設から探す くらしの情報 農林商工業 町政 観光 教育・スポーツ・文化 防災・交通 町議会 メニュー 文字サイズ 標準 大 最大 背景色 白 青 黒 ふりがな --> 検索 組織から探す 人生のできごとから探す 施設から探す 翻訳 新着情報 コンテンツ くらしの情報 農林商工業 町政 観光 教育・スポーツ・文化 防災・交通 町議会 閉じる ホーム くらしの情報 健康・福祉 保健予防 保健予防 指定暑熱避難施設（クーリングシェルター）の指定 令和８年度母
20	和水町	障害者福祉	https://www.town.nagomi.lg.jp/kurashi/kenkoufukushi/syougaifukushi/	障害者福祉｜健康・福祉｜くらしの情報｜和水町 文字サイズ 背景色 ふりがな --> 検索 翻訳 新着情報 コンテンツ 標準 大 最大 白 青 黒 組織から探す 人生のできごとから探す 施設から探す くらしの情報 農林商工業 町政 観光 教育・スポーツ・文化 防災・交通 町議会 メニュー 文字サイズ 標準 大 最大 背景色 白 青 黒 ふりがな --> 検索 組織から探す 人生のできごとから探す 施設から探す 翻訳 新着情報 コンテンツ くらしの情報 農林商工業 町政 観光 教育・スポーツ・文化 防災・交通 町議会 閉じる ホーム くらしの情報 健康・福祉 障害者福祉 障害者福祉 重度心身障がい者医療費助成事業 身体障害者手帳の交付
20	和水町	教育・スポーツ・文化	https://www.town.nagomi.lg.jp/soshiki/machidukuri/kyoikusportsbunka/	教育・スポーツ・文化｜まちづくり課｜組織から探す｜和水町 文字サイズ 背景色 ふりがな --> 検索 翻訳 新着情報 コンテンツ 標準 大 最大 白 青 黒 組織から探す 人生のできごとから探す 施設から探す くらしの情報 農林商工業 町政 観光 教育・スポーツ・文化 防災・交通 町議会 メニュー 文字サイズ 標準 大 最大 背景色 白 青 黒 ふりがな --> 検索 組織から探す 人生のできごとから探す 施設から探す 翻訳 新着情報 コンテンツ くらしの情報 農林商工業 町政 観光 教育・スポーツ・文化 防災・交通 町議会 閉じる ホーム 組織から探す まちづくり課 教育・スポーツ・文化 教育・スポーツ・文化 スポーツ経験のある高
20	和水町	移住のステップ	https://www.town.nagomi.lg.jp/iju/teijyuu/step/kiji00350/	移住のステップ｜移住のステップ｜移住・定住｜和水町移住定住支援サイト｜和水町 文字サイズ 背景色 ふりがな --> 検索 翻訳 新着情報 コンテンツ 標準 大 最大 白 青 黒 組織から探す 人生のできごとから探す 施設から探す くらしの情報 農林商工業 町政 観光 教育・スポーツ・文化 防災・交通 町議会 メニュー 文字サイズ 標準 大 最大 背景色 白 青 黒 ふりがな --> 検索 組織から探す 人生のできごとから探す 施設から探す 翻訳 新着情報 コンテンツ くらしの情報 農林商工業 町政 観光 教育・スポーツ・文化 防災・交通 町議会 閉じる ホーム 和水町移住定住支援サイト 移住・定住 移住のステップ 移住のステップ 移
20	和水町	保育所施設のご案内	https://www.town.nagomi.lg.jp/iju/kosodate/youchien/kiji00341/	保育所施設のご案内｜幼稚園・保育園｜子育て｜和水町移住定住支援サイト｜和水町 文字サイズ 背景色 ふりがな --> 検索 翻訳 新着情報 コンテンツ 標準 大 最大 白 青 黒 組織から探す 人生のできごとから探す 施設から探す くらしの情報 農林商工業 町政 観光 教育・スポーツ・文化 防災・交通 町議会 メニュー 文字サイズ 標準 大 最大 背景色 白 青 黒 ふりがな --> 検索 組織から探す 人生のできごとから探す 施設から探す 翻訳 新着情報 コンテンツ くらしの情報 農林商工業 町政 観光 教育・スポーツ・文化 防災・交通 町議会 閉じる ホーム 和水町移住定住支援サイト 子育て 幼稚園・保育園 保育所施設のご案内 保
20	和水町	サイトマップ	https://www.town.nagomi.lg.jp/iju/sitemap/sitemap/174062309331587	サイトマップ｜サイトマップ｜サイトマップ｜和水町移住定住支援サイト｜和水町 文字サイズ 背景色 ふりがな --> 検索 翻訳 新着情報 コンテンツ 標準 大 最大 白 青 黒 組織から探す 人生のできごとから探す 施設から探す くらしの情報 農林商工業 町政 観光 教育・スポーツ・文化 防災・交通 町議会 メニュー 文字サイズ 標準 大 最大 背景色 白 青 黒 ふりがな --> 検索 組織から探す 人生のできごとから探す 施設から探す 翻訳 新着情報 コンテンツ くらしの情報 農林商工業 町政 観光 教育・スポーツ・文化 防災・交通 町議会 閉じる ホーム 和水町移住定住支援サイト サイトマップ サイトマップ サイトマップ サイト
20	和水町	サイトマップ	https://www.town.nagomi.lg.jp/iju/sitemap/sitemap/174062309331587/	サイトマップ｜サイトマップ｜サイトマップ｜和水町移住定住支援サイト｜和水町 文字サイズ 背景色 ふりがな --> 検索 翻訳 新着情報 コンテンツ 標準 大 最大 白 青 黒 組織から探す 人生のできごとから探す 施設から探す くらしの情報 農林商工業 町政 観光 教育・スポーツ・文化 防災・交通 町議会 メニュー 文字サイズ 標準 大 最大 背景色 白 青 黒 ふりがな --> 検索 組織から探す 人生のできごとから探す 施設から探す 翻訳 新着情報 コンテンツ くらしの情報 農林商工業 町政 観光 教育・スポーツ・文化 防災・交通 町議会 閉じる ホーム 和水町移住定住支援サイト サイトマップ サイトマップ サイトマップ サイト
20	和水町	廣田彩花選手を和水町ふるさと大使第1号に任命しました！	https://www.town.nagomi.lg.jp/soshiki/machidukuri/kyoikusportsbunka/3_4258/	廣田彩花選手を和水町ふるさと大使第1号に任命しました！｜教育・スポーツ・文化｜まちづくり課｜組織から探す｜和水町 文字サイズ 背景色 ふりがな --> 検索 翻訳 新着情報 コンテンツ 標準 大 最大 白 青 黒 組織から探す 人生のできごとから探す 施設から探す くらしの情報 農林商工業 町政 観光 教育・スポーツ・文化 防災・交通 町議会 メニュー 文字サイズ 標準 大 最大 背景色 白 青 黒 ふりがな --> 検索 組織から探す 人生のできごとから探す 施設から探す 翻訳 新着情報 コンテンツ くらしの情報 農林商工業 町政 観光 教育・スポーツ・文化 防災・交通 町議会 閉じる ホーム 組織から探す まちづくり課 教育・ス
18	和水町	和水町ロゴ・キャッチコピー・ショート動画誕生！	https://www.town.nagomi.lg.jp/soshiki/machidukuri/chousei/3_4389	和水町ロゴ・キャッチコピー・ショート動画誕生！｜町政｜まちづくり課｜組織から探す｜和水町 文字サイズ 背景色 ふりがな --> 検索 翻訳 新着情報 コンテンツ 標準 大 最大 白 青 黒 組織から探す 人生のできごとから探す 施設から探す くらしの情報 農林商工業 町政 観光 教育・スポーツ・文化 防災・交通 町議会 メニュー 文字サイズ 標準 大 最大 背景色 白 青 黒 ふりがな --> 検索 組織から探す 人生のできごとから探す 施設から探す 翻訳 新着情報 コンテンツ くらしの情報 農林商工業 町政 観光 教育・スポーツ・文化 防災・交通 町議会 閉じる ホーム 組織から探す まちづくり課 町政 和水町ロゴ・キャッチコピー
18	和水町	【公募型プロポーザル】三加和温泉ふるさと交流センター浴室等改修工事設計業務に係る公募型プロポーザルの実施について	https://www.town.nagomi.lg.jp/soshiki/machidukuri/chousei/1781223614363200/	【公募型プロポーザル】三加和温泉ふるさと交流センター浴室等改修工事設計業務に係る公募型プロポーザルの実施について｜町政｜まちづくり課｜組織から探す｜和水町 文字サイズ 背景色 ふりがな --> 検索 翻訳 新着情報 コンテンツ 標準 大 最大 白 青 黒 組織から探す 人生のできごとから探す 施設から探す くらしの情報 農林商工業 町政 観光 教育・スポーツ・文化 防災・交通 町議会 メニュー 文字サイズ 標準 大 最大 背景色 白 青 黒 ふりがな --> 検索 組織から探す 人生のできごとから探す 施設から探す 翻訳 新着情報 コンテンツ くらしの情報 農林商工業 町政 観光 教育・スポーツ・文化 防災・交通 町議会 閉じる ホ
18	和水町	【公募型プロポーザル】和水町PRポスター制作業務に係る公募型プロポーザルの実施について（７月１３日に質問と回答を追記）	https://www.town.nagomi.lg.jp/soshiki/machidukuri/chousei/17836571303961807/	【公募型プロポーザル】和水町PRポスター制作業務に係る公募型プロポーザルの実施について（７月１３日に質問と回答を追記）｜町政｜まちづくり課｜組織から探す｜和水町 文字サイズ 背景色 ふりがな --> 検索 翻訳 新着情報 コンテンツ 標準 大 最大 白 青 黒 組織から探す 人生のできごとから探す 施設から探す くらしの情報 農林商工業 町政 観光 教育・スポーツ・文化 防災・交通 町議会 メニュー 文字サイズ 標準 大 最大 背景色 白 青 黒 ふりがな --> 検索 組織から探す 人生のできごとから探す 施設から探す 翻訳 新着情報 コンテンツ くらしの情報 農林商工業 町政 観光 教育・スポーツ・文化 防災・交通 町議会 閉じ
18	和水町	「なごみまちのうた」が熊本朝日放送ふるさとCM大賞くまもと2026で最優秀賞を受賞しました	https://www.town.nagomi.lg.jp/soshiki/machidukuri/chousei/17726911562305/	「なごみまちのうた」が熊本朝日放送ふるさとCM大賞くまもと2026で最優秀賞を受賞しました｜町政｜まちづくり課｜組織から探す｜和水町 文字サイズ 背景色 ふりがな --> 検索 翻訳 新着情報 コンテンツ 標準 大 最大 白 青 黒 組織から探す 人生のできごとから探す 施設から探す くらしの情報 農林商工業 町政 観光 教育・スポーツ・文化 防災・交通 町議会 メニュー 文字サイズ 標準 大 最大 背景色 白 青 黒 ふりがな --> 検索 組織から探す 人生のできごとから探す 施設から探す 翻訳 新着情報 コンテンツ くらしの情報 農林商工業 町政 観光 教育・スポーツ・文化 防災・交通 町議会 閉じる ホーム 組織から探す ま
18	和水町	「和水町公式LINE」の運用開始について	https://www.town.nagomi.lg.jp/soshiki/machidukuri/chousei/3_3711/	「和水町公式LINE」の運用開始について｜町政｜まちづくり課｜組織から探す｜和水町 文字サイズ 背景色 ふりがな --> 検索 翻訳 新着情報 コンテンツ 標準 大 最大 白 青 黒 組織から探す 人生のできごとから探す 施設から探す くらしの情報 農林商工業 町政 観光 教育・スポーツ・文化 防災・交通 町議会 メニュー 文字サイズ 標準 大 最大 背景色 白 青 黒 ふりがな --> 検索 組織から探す 人生のできごとから探す 施設から探す 翻訳 新着情報 コンテンツ くらしの情報 農林商工業 町政 観光 教育・スポーツ・文化 防災・交通 町議会 閉じる ホーム 組織から探す まちづくり課 町政 「和水町公式LINE」の運用開始
18	和水町	著作権・リンク・免責事項	https://www.town.nagomi.lg.jp/soshiki/machidukuri/chousei/3_8/	著作権・リンク・免責事項｜町政｜まちづくり課｜組織から探す｜和水町 文字サイズ 背景色 ふりがな --> 検索 翻訳 新着情報 コンテンツ 標準 大 最大 白 青 黒 組織から探す 人生のできごとから探す 施設から探す くらしの情報 農林商工業 町政 観光 教育・スポーツ・文化 防災・交通 町議会 メニュー 文字サイズ 標準 大 最大 背景色 白 青 黒 ふりがな --> 検索 組織から探す 人生のできごとから探す 施設から探す 翻訳 新着情報 コンテンツ くらしの情報 農林商工業 町政 観光 教育・スポーツ・文化 防災・交通 町議会 閉じる ホーム 組織から探す まちづくり課 町政 著作権・リンク・免責事項 著作権・リンク・免責事
18	和水町	和水町ホームページに広告を出しませんか？	https://www.town.nagomi.lg.jp/soshiki/machidukuri/chousei/3_551/	和水町ホームページに広告を出しませんか？｜町政｜まちづくり課｜組織から探す｜和水町 文字サイズ 背景色 ふりがな --> 検索 翻訳 新着情報 コンテンツ 標準 大 最大 白 青 黒 組織から探す 人生のできごとから探す 施設から探す くらしの情報 農林商工業 町政 観光 教育・スポーツ・文化 防災・交通 町議会 メニュー 文字サイズ 標準 大 最大 背景色 白 青 黒 ふりがな --> 検索 組織から探す 人生のできごとから探す 施設から探す 翻訳 新着情報 コンテンツ くらしの情報 農林商工業 町政 観光 教育・スポーツ・文化 防災・交通 町議会 閉じる ホーム 組織から探す まちづくり課 町政 和水町ホームページに広告を出しま
18	和水町	子ども子育て応援宣言	https://www.town.nagomi.lg.jp/soshiki/machidukuri/chousei/3_4200/	子ども子育て応援宣言｜町政｜まちづくり課｜組織から探す｜和水町 文字サイズ 背景色 ふりがな --> 検索 翻訳 新着情報 コンテンツ 標準 大 最大 白 青 黒 組織から探す 人生のできごとから探す 施設から探す くらしの情報 農林商工業 町政 観光 教育・スポーツ・文化 防災・交通 町議会 メニュー 文字サイズ 標準 大 最大 背景色 白 青 黒 ふりがな --> 検索 組織から探す 人生のできごとから探す 施設から探す 翻訳 新着情報 コンテンツ くらしの情報 農林商工業 町政 観光 教育・スポーツ・文化 防災・交通 町議会 閉じる ホーム 組織から探す まちづくり課 町政 子ども子育て応援宣言 子ども子育て応援宣言 最終更新
18	和水町	介護保険	https://www.town.nagomi.lg.jp/kurashi/kenkoufukushi/kaigohoken/	介護保険｜健康・福祉｜くらしの情報｜和水町 文字サイズ 背景色 ふりがな --> 検索 翻訳 新着情報 コンテンツ 標準 大 最大 白 青 黒 組織から探す 人生のできごとから探す 施設から探す くらしの情報 農林商工業 町政 観光 教育・スポーツ・文化 防災・交通 町議会 メニュー 文字サイズ 標準 大 最大 背景色 白 青 黒 ふりがな --> 検索 組織から探す 人生のできごとから探す 施設から探す 翻訳 新着情報 コンテンツ くらしの情報 農林商工業 町政 観光 教育・スポーツ・文化 防災・交通 町議会 閉じる ホーム くらしの情報 健康・福祉 介護保険 介護保険 【介護保険】要介護認定更新通知の取り扱い変更について 和水町
18	和水町	わくわく子育て応援金	https://www.town.nagomi.lg.jp/iju/hojyokin/wakuwaku/kiji00363/	わくわく子育て応援金｜わくわく子育て応援金｜補助金｜和水町移住定住支援サイト｜和水町 文字サイズ 背景色 ふりがな --> 検索 翻訳 新着情報 コンテンツ 標準 大 最大 白 青 黒 組織から探す 人生のできごとから探す 施設から探す くらしの情報 農林商工業 町政 観光 教育・スポーツ・文化 防災・交通 町議会 メニュー 文字サイズ 標準 大 最大 背景色 白 青 黒 ふりがな --> 検索 組織から探す 人生のできごとから探す 施設から探す 翻訳 新着情報 コンテンツ くらしの情報 農林商工業 町政 観光 教育・スポーツ・文化 防災・交通 町議会 閉じる ホーム 和水町移住定住支援サイト 補助金 わくわく子育て応援金 わくわく
18	和水町	農業に関するお知らせ	https://www.town.nagomi.lg.jp/nourin/nougyou/oshirase/	農業に関するお知らせ｜農業に関すること｜農林商工業｜和水町 文字サイズ 背景色 ふりがな --> 検索 翻訳 新着情報 コンテンツ 標準 大 最大 白 青 黒 組織から探す 人生のできごとから探す 施設から探す くらしの情報 農林商工業 町政 観光 教育・スポーツ・文化 防災・交通 町議会 メニュー 文字サイズ 標準 大 最大 背景色 白 青 黒 ふりがな --> 検索 組織から探す 人生のできごとから探す 施設から探す 翻訳 新着情報 コンテンツ くらしの情報 農林商工業 町政 観光 教育・スポーツ・文化 防災・交通 町議会 閉じる ホーム 農林商工業 農業に関すること 農業に関するお知らせ 農業に関するお知らせ 和水町セカンドラ
18	和水町	林業に関するお知らせ	https://www.town.nagomi.lg.jp/nourin/ringyou/oshirase/	林業に関するお知らせ｜林業に関すること｜農林商工業｜和水町 文字サイズ 背景色 ふりがな --> 検索 翻訳 新着情報 コンテンツ 標準 大 最大 白 青 黒 組織から探す 人生のできごとから探す 施設から探す くらしの情報 農林商工業 町政 観光 教育・スポーツ・文化 防災・交通 町議会 メニュー 文字サイズ 標準 大 最大 背景色 白 青 黒 ふりがな --> 検索 組織から探す 人生のできごとから探す 施設から探す 翻訳 新着情報 コンテンツ くらしの情報 農林商工業 町政 観光 教育・スポーツ・文化 防災・交通 町議会 閉じる ホーム 農林商工業 林業に関すること 林業に関するお知らせ 林業に関するお知らせ 令和８年度狩猟免
18	和水町	町政	https://www.town.nagomi.lg.jp/soshiki/machidukuri/chousei/	町政｜まちづくり課｜組織から探す｜和水町 文字サイズ 背景色 ふりがな --> 検索 翻訳 新着情報 コンテンツ 標準 大 最大 白 青 黒 組織から探す 人生のできごとから探す 施設から探す くらしの情報 農林商工業 町政 観光 教育・スポーツ・文化 防災・交通 町議会 メニュー 文字サイズ 標準 大 最大 背景色 白 青 黒 ふりがな --> 検索 組織から探す 人生のできごとから探す 施設から探す 翻訳 新着情報 コンテンツ くらしの情報 農林商工業 町政 観光 教育・スポーツ・文化 防災・交通 町議会 閉じる ホーム 組織から探す まちづくり課 町政 町政 【お知らせ】和水町複合型ワークスペースの開館及びイベントについて 【
18	和水町	農林商工業	https://www.town.nagomi.lg.jp/soshiki/machidukuri/nourin/	農林商工業｜まちづくり課｜組織から探す｜和水町 文字サイズ 背景色 ふりがな --> 検索 翻訳 新着情報 コンテンツ 標準 大 最大 白 青 黒 組織から探す 人生のできごとから探す 施設から探す くらしの情報 農林商工業 町政 観光 教育・スポーツ・文化 防災・交通 町議会 メニュー 文字サイズ 標準 大 最大 背景色 白 青 黒 ふりがな --> 検索 組織から探す 人生のできごとから探す 施設から探す 翻訳 新着情報 コンテンツ くらしの情報 農林商工業 町政 観光 教育・スポーツ・文化 防災・交通 町議会 閉じる ホーム 組織から探す まちづくり課 農林商工業 農林商工業 【お知らせ】和水町複合型ワークスペースの開館及びイ
18	和水町	【参加者募集】AI×Canva×SNSでつくる「わたしたちのマルシェプロジェクト」を開催します！	https://www.town.nagomi.lg.jp/soshiki/machidukuri/nourin/17823663901245638/	【参加者募集】AI×Canva×SNSでつくる「わたしたちのマルシェプロジェクト」を開催します！｜農林商工業｜まちづくり課｜組織から探す｜和水町 文字サイズ 背景色 ふりがな --> 検索 翻訳 新着情報 コンテンツ 標準 大 最大 白 青 黒 組織から探す 人生のできごとから探す 施設から探す くらしの情報 農林商工業 町政 観光 教育・スポーツ・文化 防災・交通 町議会 メニュー 文字サイズ 標準 大 最大 背景色 白 青 黒 ふりがな --> 検索 組織から探す 人生のできごとから探す 施設から探す 翻訳 新着情報 コンテンツ くらしの情報 農林商工業 町政 観光 教育・スポーツ・文化 防災・交通 町議会 閉じる ホーム 組織
18	和水町	熊本県地域防災リーダー養成講座「火の国ぼうさい塾」（第３１回・第３２回）の受講者を募集します	https://www.town.nagomi.lg.jp/soshiki/soumu/bousaikoutsu/175377026425399/	熊本県地域防災リーダー養成講座「火の国ぼうさい塾」（第３１回・第３２回）の受講者を募集します｜防災・交通｜総務課｜組織から探す｜和水町 文字サイズ 背景色 ふりがな --> 検索 翻訳 新着情報 コンテンツ 標準 大 最大 白 青 黒 組織から探す 人生のできごとから探す 施設から探す くらしの情報 農林商工業 町政 観光 教育・スポーツ・文化 防災・交通 町議会 メニュー 文字サイズ 標準 大 最大 背景色 白 青 黒 ふりがな --> 検索 組織から探す 人生のできごとから探す 施設から探す 翻訳 新着情報 コンテンツ くらしの情報 農林商工業 町政 観光 教育・スポーツ・文化 防災・交通 町議会 閉じる ホーム 組織から探す
18	和水町	【公募型プロポーザル】道の駅「きくすい」周辺賑わい拠点形成基本構想策定業務の委託に係る公募型プロポーザルの実施について	https://www.town.nagomi.lg.jp/soshiki/machidukuri/chousei/1781223614363193/	【公募型プロポーザル】道の駅「きくすい」周辺賑わい拠点形成基本構想策定業務の委託に係る公募型プロポーザルの実施について｜町政｜まちづくり課｜組織から探す｜和水町 文字サイズ 背景色 ふりがな --> 検索 翻訳 新着情報 コンテンツ 標準 大 最大 白 青 黒 組織から探す 人生のできごとから探す 施設から探す くらしの情報 農林商工業 町政 観光 教育・スポーツ・文化 防災・交通 町議会 メニュー 文字サイズ 標準 大 最大 背景色 白 青 黒 ふりがな --> 検索 組織から探す 人生のできごとから探す 施設から探す 翻訳 新着情報 コンテンツ くらしの情報 農林商工業 町政 観光 教育・スポーツ・文化 防災・交通 町議会 閉じ
18	和水町	赤坂四川飯店(東京都千代田区)で「令和７年度 和水町フェア」を開催します！	https://www.town.nagomi.lg.jp/soshiki/machidukuri/nourin/175681115312200/	赤坂四川飯店(東京都千代田区)で「令和７年度 和水町フェア」を開催します！｜農林商工業｜まちづくり課｜組織から探す｜和水町 文字サイズ 背景色 ふりがな --> 検索 翻訳 新着情報 コンテンツ 標準 大 最大 白 青 黒 組織から探す 人生のできごとから探す 施設から探す くらしの情報 農林商工業 町政 観光 教育・スポーツ・文化 防災・交通 町議会 メニュー 文字サイズ 標準 大 最大 背景色 白 青 黒 ふりがな --> 検索 組織から探す 人生のできごとから探す 施設から探す 翻訳 新着情報 コンテンツ くらしの情報 農林商工業 町政 観光 教育・スポーツ・文化 防災・交通 町議会 閉じる ホーム 組織から探す まちづくり課
18	和水町	赤坂四川飯店(東京都千代田区)で「和水町フェア」を開催します	https://www.town.nagomi.lg.jp/soshiki/machidukuri/nourin/3_4798/	赤坂四川飯店(東京都千代田区)で「和水町フェア」を開催します｜農林商工業｜まちづくり課｜組織から探す｜和水町 文字サイズ 背景色 ふりがな --> 検索 翻訳 新着情報 コンテンツ 標準 大 最大 白 青 黒 組織から探す 人生のできごとから探す 施設から探す くらしの情報 農林商工業 町政 観光 教育・スポーツ・文化 防災・交通 町議会 メニュー 文字サイズ 標準 大 最大 背景色 白 青 黒 ふりがな --> 検索 組織から探す 人生のできごとから探す 施設から探す 翻訳 新着情報 コンテンツ くらしの情報 農林商工業 町政 観光 教育・スポーツ・文化 防災・交通 町議会 閉じる ホーム 組織から探す まちづくり課 農林商工業
18	和水町	【公募型プロポーザル】三加和温泉周辺賑わい拠点形成基本構想策定業務の委託に係る公募型プロポーザル実施について	https://www.town.nagomi.lg.jp/soshiki/machidukuri/chousei/3_4770/	【公募型プロポーザル】三加和温泉周辺賑わい拠点形成基本構想策定業務の委託に係る公募型プロポーザル実施について｜町政｜まちづくり課｜組織から探す｜和水町 文字サイズ 背景色 ふりがな --> 検索 翻訳 新着情報 コンテンツ 標準 大 最大 白 青 黒 組織から探す 人生のできごとから探す 施設から探す くらしの情報 農林商工業 町政 観光 教育・スポーツ・文化 防災・交通 町議会 メニュー 文字サイズ 標準 大 最大 背景色 白 青 黒 ふりがな --> 検索 組織から探す 人生のできごとから探す 施設から探す 翻訳 新着情報 コンテンツ くらしの情報 農林商工業 町政 観光 教育・スポーツ・文化 防災・交通 町議会 閉じる ホーム
18	和水町	菊水ロマン館レストランオープン！	https://www.town.nagomi.lg.jp/soshiki/machidukuri/chousei/3_4542/	菊水ロマン館レストランオープン！｜町政｜まちづくり課｜組織から探す｜和水町 文字サイズ 背景色 ふりがな --> 検索 翻訳 新着情報 コンテンツ 標準 大 最大 白 青 黒 組織から探す 人生のできごとから探す 施設から探す くらしの情報 農林商工業 町政 観光 教育・スポーツ・文化 防災・交通 町議会 メニュー 文字サイズ 標準 大 最大 背景色 白 青 黒 ふりがな --> 検索 組織から探す 人生のできごとから探す 施設から探す 翻訳 新着情報 コンテンツ くらしの情報 農林商工業 町政 観光 教育・スポーツ・文化 防災・交通 町議会 閉じる ホーム 組織から探す まちづくり課 町政 菊水ロマン館レストランオープン！ 菊水ロ
18	和水町	事業者向け第2回接客セミナー（台湾編）の参加者募集について	https://www.town.nagomi.lg.jp/soshiki/machidukuri/chousei/3_4759/	事業者向け第2回接客セミナー（台湾編）の参加者募集について｜町政｜まちづくり課｜組織から探す｜和水町 文字サイズ 背景色 ふりがな --> 検索 翻訳 新着情報 コンテンツ 標準 大 最大 白 青 黒 組織から探す 人生のできごとから探す 施設から探す くらしの情報 農林商工業 町政 観光 教育・スポーツ・文化 防災・交通 町議会 メニュー 文字サイズ 標準 大 最大 背景色 白 青 黒 ふりがな --> 検索 組織から探す 人生のできごとから探す 施設から探す 翻訳 新着情報 コンテンツ くらしの情報 農林商工業 町政 観光 教育・スポーツ・文化 防災・交通 町議会 閉じる ホーム 組織から探す まちづくり課 町政 事業者向け第2
18	和水町	菊池川流域日本遺産ガイドのご案内	https://www.town.nagomi.lg.jp/soshiki/machidukuri/chousei/3_3547/	菊池川流域日本遺産ガイドのご案内｜町政｜まちづくり課｜組織から探す｜和水町 文字サイズ 背景色 ふりがな --> 検索 翻訳 新着情報 コンテンツ 標準 大 最大 白 青 黒 組織から探す 人生のできごとから探す 施設から探す くらしの情報 農林商工業 町政 観光 教育・スポーツ・文化 防災・交通 町議会 メニュー 文字サイズ 標準 大 最大 背景色 白 青 黒 ふりがな --> 検索 組織から探す 人生のできごとから探す 施設から探す 翻訳 新着情報 コンテンツ くらしの情報 農林商工業 町政 観光 教育・スポーツ・文化 防災・交通 町議会 閉じる ホーム 組織から探す まちづくり課 町政 菊池川流域日本遺産ガイドのご案内 菊池川
16	和水町	第43回金栗四三翁マラソン大会 参加者募集のお知らせ	https://www.town.nagomi.lg.jp/kyoikusportsbunka/syakaisports/oshirase/17835562063980002/	第43回金栗四三翁マラソン大会 参加者募集のお知らせ｜スポーツのお知らせ｜社会体育（スポーツ）｜教育・スポーツ・文化｜和水町 文字サイズ 背景色 ふりがな --> 検索 翻訳 新着情報 コンテンツ 標準 大 最大 白 青 黒 組織から探す 人生のできごとから探す 施設から探す くらしの情報 農林商工業 町政 観光 教育・スポーツ・文化 防災・交通 町議会 メニュー 文字サイズ 標準 大 最大 背景色 白 青 黒 ふりがな --> 検索 組織から探す 人生のできごとから探す 施設から探す 翻訳 新着情報 コンテンツ くらしの情報 農林商工業 町政 観光 教育・スポーツ・文化 防災・交通 町議会 閉じる ホーム 教育・スポーツ・文化 社
16	和水町	よくある質問	https://www.town.nagomi.lg.jp/kurashi/faq/faq/174064434026639/	よくある質問｜よくある質問｜よくある質問｜くらしの情報｜和水町 文字サイズ 背景色 ふりがな --> 検索 翻訳 新着情報 コンテンツ 標準 大 最大 白 青 黒 組織から探す 人生のできごとから探す 施設から探す くらしの情報 農林商工業 町政 観光 教育・スポーツ・文化 防災・交通 町議会 メニュー 文字サイズ 標準 大 最大 背景色 白 青 黒 ふりがな --> 検索 組織から探す 人生のできごとから探す 施設から探す 翻訳 新着情報 コンテンツ くらしの情報 農林商工業 町政 観光 教育・スポーツ・文化 防災・交通 町議会 閉じる ホーム くらしの情報 よくある質問 よくある質問 よくある質問 よくある質問 最終更新日：20
16	和水町	小・中学校の入学について	https://www.town.nagomi.lg.jp/soshiki/gakoukyoiku/kyoikusportsbunka/3_3528/	小・中学校の入学について｜教育・スポーツ・文化｜学校教育課｜組織から探す｜和水町 文字サイズ 背景色 ふりがな --> 検索 翻訳 新着情報 コンテンツ 標準 大 最大 白 青 黒 組織から探す 人生のできごとから探す 施設から探す くらしの情報 農林商工業 町政 観光 教育・スポーツ・文化 防災・交通 町議会 メニュー 文字サイズ 標準 大 最大 背景色 白 青 黒 ふりがな --> 検索 組織から探す 人生のできごとから探す 施設から探す 翻訳 新着情報 コンテンツ くらしの情報 農林商工業 町政 観光 教育・スポーツ・文化 防災・交通 町議会 閉じる ホーム 組織から探す 学校教育課 教育・スポーツ・文化 小・中学校の入学につ
16	和水町	和水町立小・中学校の通学区域について	https://www.town.nagomi.lg.jp/soshiki/gakoukyoiku/kyoikusportsbunka/3_3530/	和水町立小・中学校の通学区域について｜教育・スポーツ・文化｜学校教育課｜組織から探す｜和水町 文字サイズ 背景色 ふりがな --> 検索 翻訳 新着情報 コンテンツ 標準 大 最大 白 青 黒 組織から探す 人生のできごとから探す 施設から探す くらしの情報 農林商工業 町政 観光 教育・スポーツ・文化 防災・交通 町議会 メニュー 文字サイズ 標準 大 最大 背景色 白 青 黒 ふりがな --> 検索 組織から探す 人生のできごとから探す 施設から探す 翻訳 新着情報 コンテンツ くらしの情報 農林商工業 町政 観光 教育・スポーツ・文化 防災・交通 町議会 閉じる ホーム 組織から探す 学校教育課 教育・スポーツ・文化 和水町立
16	和水町	和水町いじめ防止基本方針	https://www.town.nagomi.lg.jp/soshiki/gakoukyoiku/kyoikusportsbunka/3_3268/	和水町いじめ防止基本方針｜教育・スポーツ・文化｜学校教育課｜組織から探す｜和水町 文字サイズ 背景色 ふりがな --> 検索 翻訳 新着情報 コンテンツ 標準 大 最大 白 青 黒 組織から探す 人生のできごとから探す 施設から探す くらしの情報 農林商工業 町政 観光 教育・スポーツ・文化 防災・交通 町議会 メニュー 文字サイズ 標準 大 最大 背景色 白 青 黒 ふりがな --> 検索 組織から探す 人生のできごとから探す 施設から探す 翻訳 新着情報 コンテンツ くらしの情報 農林商工業 町政 観光 教育・スポーツ・文化 防災・交通 町議会 閉じる ホーム 組織から探す 学校教育課 教育・スポーツ・文化 和水町いじめ防止基本
16	和水町	高齢者福祉	https://www.town.nagomi.lg.jp/kurashi/kenkoufukushi/koureisyafukushi/	高齢者福祉｜健康・福祉｜くらしの情報｜和水町 文字サイズ 背景色 ふりがな --> 検索 翻訳 新着情報 コンテンツ 標準 大 最大 白 青 黒 組織から探す 人生のできごとから探す 施設から探す くらしの情報 農林商工業 町政 観光 教育・スポーツ・文化 防災・交通 町議会 メニュー 文字サイズ 標準 大 最大 背景色 白 青 黒 ふりがな --> 検索 組織から探す 人生のできごとから探す 施設から探す 翻訳 新着情報 コンテンツ くらしの情報 農林商工業 町政 観光 教育・スポーツ・文化 防災・交通 町議会 閉じる ホーム くらしの情報 健康・福祉 高齢者福祉 高齢者福祉 要介護・要支援認定者を対象とした高齢者福祉サービス き
16	和水町	地域包括支援センター	https://www.town.nagomi.lg.jp/kurashi/kenkoufukushi/tiikihoukatsu/	地域包括支援センター｜健康・福祉｜くらしの情報｜和水町 文字サイズ 背景色 ふりがな --> 検索 翻訳 新着情報 コンテンツ 標準 大 最大 白 青 黒 組織から探す 人生のできごとから探す 施設から探す くらしの情報 農林商工業 町政 観光 教育・スポーツ・文化 防災・交通 町議会 メニュー 文字サイズ 標準 大 最大 背景色 白 青 黒 ふりがな --> 検索 組織から探す 人生のできごとから探す 施設から探す 翻訳 新着情報 コンテンツ くらしの情報 農林商工業 町政 観光 教育・スポーツ・文化 防災・交通 町議会 閉じる ホーム くらしの情報 健康・福祉 地域包括支援センター 地域包括支援センター 要介護・要支援認定者を対
16	和水町	和水町立小学校標準服支給事業	https://www.town.nagomi.lg.jp/iju/kosodate/syougakukou/kiji00352/	和水町立小学校標準服支給事業｜小学校・中学校｜子育て｜和水町移住定住支援サイト｜和水町 文字サイズ 背景色 ふりがな --> 検索 翻訳 新着情報 コンテンツ 標準 大 最大 白 青 黒 組織から探す 人生のできごとから探す 施設から探す くらしの情報 農林商工業 町政 観光 教育・スポーツ・文化 防災・交通 町議会 メニュー 文字サイズ 標準 大 最大 背景色 白 青 黒 ふりがな --> 検索 組織から探す 人生のできごとから探す 施設から探す 翻訳 新着情報 コンテンツ くらしの情報 農林商工業 町政 観光 教育・スポーツ・文化 防災・交通 町議会 閉じる ホーム 和水町移住定住支援サイト 子育て 小学校・中学校 和水町立小学
16	和水町	くらしの情報	https://www.town.nagomi.lg.jp/soshiki/machidukuri/kurashi/	くらしの情報｜まちづくり課｜組織から探す｜和水町 文字サイズ 背景色 ふりがな --> 検索 翻訳 新着情報 コンテンツ 標準 大 最大 白 青 黒 組織から探す 人生のできごとから探す 施設から探す くらしの情報 農林商工業 町政 観光 教育・スポーツ・文化 防災・交通 町議会 メニュー 文字サイズ 標準 大 最大 背景色 白 青 黒 ふりがな --> 検索 組織から探す 人生のできごとから探す 施設から探す 翻訳 新着情報 コンテンツ くらしの情報 農林商工業 町政 観光 教育・スポーツ・文化 防災・交通 町議会 閉じる ホーム 組織から探す まちづくり課 くらしの情報 くらしの情報 【お知らせ】和水町複合型ワークスペースの開館
16	和水町	教育・スポーツ・文化	https://www.town.nagomi.lg.jp/soshiki/gakoukyoiku/kyoikusportsbunka/	教育・スポーツ・文化｜学校教育課｜組織から探す｜和水町 文字サイズ 背景色 ふりがな --> 検索 翻訳 新着情報 コンテンツ 標準 大 最大 白 青 黒 組織から探す 人生のできごとから探す 施設から探す くらしの情報 農林商工業 町政 観光 教育・スポーツ・文化 防災・交通 町議会 メニュー 文字サイズ 標準 大 最大 背景色 白 青 黒 ふりがな --> 検索 組織から探す 人生のできごとから探す 施設から探す 翻訳 新着情報 コンテンツ くらしの情報 農林商工業 町政 観光 教育・スポーツ・文化 防災・交通 町議会 閉じる ホーム 組織から探す 学校教育課 教育・スポーツ・文化 教育・スポーツ・文化 令和８年度和水町子ども議
