score	organization	title	url	evidence
30	あさぎり町	株式会社クラッソーネと「空き家除却促進に係る連携協定」を締結しました	https://www.town.asagiri.lg.jp/kiji0034738/index.html	株式会社クラッソーネと「空き家除却促進に係る連携協定」を締結しました / 熊本県あさぎり町公式サイト ヘッダーをスキップ 本文へジャンプ マイページ Languages 閲覧補助 さがす 緊急情報 くらしの情報 子ども・教育 健康・福祉 まちのＰＲ しごと 行政情報 届出・各種証明 証明書の発行 戸籍の届出 住所変更（
30	あさぎり町	無料職業紹介所からの求人情報	https://www.town.asagiri.lg.jp/kiji0034683/index.html	無料職業紹介所からの求人情報 / 熊本県あさぎり町公式サイト ヘッダーをスキップ 本文へジャンプ マイページ Languages 閲覧補助 さがす 緊急情報 くらしの情報 子ども・教育 健康・福祉 まちのＰＲ しごと 行政情報 届出・各種証明 証明書の発行 戸籍の届出 住所変更（転入・転出） 印鑑登録 マイナンバー・住
30	あさぎり町	パスポート（旅券）のオンライン申請受付・交付のご案内	https://www.town.asagiri.lg.jp/kiji0034714/index.html	パスポート（旅券）のオンライン申請受付・交付のご案内 / 熊本県あさぎり町公式サイト ヘッダーをスキップ 本文へジャンプ マイページ Languages 閲覧補助 さがす 緊急情報 くらしの情報 子ども・教育 健康・福祉 まちのＰＲ しごと 行政情報 届出・各種証明 証明書の発行 戸籍の届出 住所変更（転入・転出） 印
30	あさぎり町	『せきれい館図書館まつり』開催のお知らせ	https://www.town.asagiri.lg.jp/kiji0034794/index.html	『せきれい館図書館まつり』開催のお知らせ / 熊本県あさぎり町公式サイト ヘッダーをスキップ 本文へジャンプ マイページ Languages 閲覧補助 さがす 緊急情報 くらしの情報 子ども・教育 健康・福祉 まちのＰＲ しごと 行政情報 届出・各種証明 証明書の発行 戸籍の届出 住所変更（転入・転出） 印鑑登録 マイ
30	あさぎり町	【保健師】インターンシップ（就業体験）参加者募集！	https://www.town.asagiri.lg.jp/kiji0035164/index.html	【保健師】インターンシップ（就業体験）参加者募集！ / 熊本県あさぎり町公式サイト ヘッダーをスキップ 本文へジャンプ マイページ Languages 閲覧補助 さがす 緊急情報 くらしの情報 子ども・教育 健康・福祉 まちのＰＲ しごと 行政情報 届出・各種証明 証明書の発行 戸籍の届出 住所変更（転入・転出） 印鑑
30	あさぎり町	令和７年度第２回「物価高騰対策」あさぎり町生活応援券の交付について	https://www.town.asagiri.lg.jp/kiji0034723/index.html	令和７年度第２回「物価高騰対策」あさぎり町生活応援券の交付について / 熊本県あさぎり町公式サイト ヘッダーをスキップ 本文へジャンプ マイページ Languages 閲覧補助 さがす 緊急情報 くらしの情報 子ども・教育 健康・福祉 まちのＰＲ しごと 行政情報 届出・各種証明 証明書の発行 戸籍の届出 住所変更（転
30	あさぎり町	令和８年度 あさぎり町奨学金制度のご案内	https://www.town.asagiri.lg.jp/kiji0034749/index.html	令和８年度 あさぎり町奨学金制度のご案内 / 熊本県あさぎり町公式サイト ヘッダーをスキップ 本文へジャンプ マイページ Languages 閲覧補助 さがす 緊急情報 くらしの情報 子ども・教育 健康・福祉 まちのＰＲ しごと 行政情報 届出・各種証明 証明書の発行 戸籍の届出 住所変更（転入・転出） 印鑑登録 マイ
30	あさぎり町	物価高騰対策としての水道料金減免について	https://www.town.asagiri.lg.jp/kiji0035082/index.html	物価高騰対策としての水道料金減免について / 熊本県あさぎり町公式サイト ヘッダーをスキップ 本文へジャンプ マイページ Languages 閲覧補助 さがす 緊急情報 くらしの情報 子ども・教育 健康・福祉 まちのＰＲ しごと 行政情報 届出・各種証明 証明書の発行 戸籍の届出 住所変更（転入・転出） 印鑑登録 マイ
30	あさぎり町	野菜くまモリ運動キャンペーン実施中	https://www.town.asagiri.lg.jp/kiji0034981/index.html	野菜くまモリ運動キャンペーン実施中 / 熊本県あさぎり町公式サイト ヘッダーをスキップ 本文へジャンプ マイページ Languages 閲覧補助 さがす 緊急情報 くらしの情報 子ども・教育 健康・福祉 まちのＰＲ しごと 行政情報 届出・各種証明 証明書の発行 戸籍の届出 住所変更（転入・転出） 印鑑登録 マイナンバ
30	あさぎり町	熊本県小児救急電話相談	https://www.town.asagiri.lg.jp/kiji0032134/index.html	熊本県小児救急電話相談 / 熊本県あさぎり町公式サイト ヘッダーをスキップ 本文へジャンプ マイページ Languages 閲覧補助 さがす 緊急情報 くらしの情報 子ども・教育 健康・福祉 まちのＰＲ しごと 行政情報 届出・各種証明 証明書の発行 戸籍の届出 住所変更（転入・転出） 印鑑登録 マイナンバー・住民基本
30	あさぎり町	銅鏡鋳造体験を開催します！	https://www.town.asagiri.lg.jp/kiji0034809/index.html	銅鏡鋳造体験を開催します！ / 熊本県あさぎり町公式サイト ヘッダーをスキップ 本文へジャンプ マイページ Languages 閲覧補助 さがす 緊急情報 くらしの情報 子ども・教育 健康・福祉 まちのＰＲ しごと 行政情報 届出・各種証明 証明書の発行 戸籍の届出 住所変更（転入・転出） 印鑑登録 マイナンバー・住民
30	あさぎり町	令和７年９月３０日まで！！ 子ども医療費助成のインターネット申請受付を終了します。	https://www.town.asagiri.lg.jp/kiji0034837/index.html	令和７年９月３０日まで！！ 子ども医療費助成のインターネット申請受付を終了します。 / 熊本県あさぎり町公式サイト ヘッダーをスキップ 本文へジャンプ マイページ Languages 閲覧補助 さがす 緊急情報 くらしの情報 子ども・教育 健康・福祉 まちのＰＲ しごと 行政情報 届出・各種証明 証明書の発行 戸籍の届
30	あさぎり町	鍼灸受療券について	https://www.town.asagiri.lg.jp/kiji0034067/index.html	鍼灸受療券について / 熊本県あさぎり町公式サイト ヘッダーをスキップ 本文へジャンプ マイページ Languages 閲覧補助 さがす 緊急情報 くらしの情報 子ども・教育 健康・福祉 まちのＰＲ しごと 行政情報 届出・各種証明 証明書の発行 戸籍の届出 住所変更（転入・転出） 印鑑登録 マイナンバー・住民基本台帳
30	あさぎり町	2026 あさぎり健幸プログラム 参加者募集!!	https://www.town.asagiri.lg.jp/kiji0034141/index.html	2026 あさぎり健幸プログラム 参加者募集!! / 熊本県あさぎり町公式サイト ヘッダーをスキップ 本文へジャンプ マイページ Languages 閲覧補助 さがす 緊急情報 くらしの情報 子ども・教育 健康・福祉 まちのＰＲ しごと 行政情報 届出・各種証明 証明書の発行 戸籍の届出 住所変更（転入・転出） 印鑑登
30	あさぎり町	HPV（子宮頸がん予防）ワクチンの定期接種について	https://www.town.asagiri.lg.jp/kiji0035172/index.html	HPV（子宮頸がん予防）ワクチンの定期接種について / 熊本県あさぎり町公式サイト ヘッダーをスキップ 本文へジャンプ マイページ Languages 閲覧補助 さがす 緊急情報 くらしの情報 子ども・教育 健康・福祉 まちのＰＲ しごと 行政情報 届出・各種証明 証明書の発行 戸籍の届出 住所変更（転入・転出） 印鑑
30	あさぎり町	【健幸運動教室】令和8年度7期生参加者募集！	https://www.town.asagiri.lg.jp/kiji0034764/index.html	【健幸運動教室】令和8年度7期生参加者募集！ / 熊本県あさぎり町公式サイト ヘッダーをスキップ 本文へジャンプ マイページ Languages 閲覧補助 さがす 緊急情報 くらしの情報 子ども・教育 健康・福祉 まちのＰＲ しごと 行政情報 届出・各種証明 証明書の発行 戸籍の届出 住所変更（転入・転出） 印鑑登録
30	あさぎり町	高齢者用肺炎球菌予防接種について	https://www.town.asagiri.lg.jp/kiji0035125/index.html	高齢者用肺炎球菌予防接種について / 熊本県あさぎり町公式サイト ヘッダーをスキップ 本文へジャンプ マイページ Languages 閲覧補助 さがす 緊急情報 くらしの情報 子ども・教育 健康・福祉 まちのＰＲ しごと 行政情報 届出・各種証明 証明書の発行 戸籍の届出 住所変更（転入・転出） 印鑑登録 マイナンバー
30	あさぎり町	【健幸運動教室】１～5期生交流会開催のお知らせ	https://www.town.asagiri.lg.jp/kiji0034887/index.html	【健幸運動教室】１～5期生交流会開催のお知らせ / 熊本県あさぎり町公式サイト ヘッダーをスキップ 本文へジャンプ マイページ Languages 閲覧補助 さがす 緊急情報 くらしの情報 子ども・教育 健康・福祉 まちのＰＲ しごと 行政情報 届出・各種証明 証明書の発行 戸籍の届出 住所変更（転入・転出） 印鑑登録
30	あさぎり町	出張健幸運動教室参加グループ募集！	https://www.town.asagiri.lg.jp/kiji0034812/index.html	出張健幸運動教室参加グループ募集！ / 熊本県あさぎり町公式サイト ヘッダーをスキップ 本文へジャンプ マイページ Languages 閲覧補助 さがす 緊急情報 くらしの情報 子ども・教育 健康・福祉 まちのＰＲ しごと 行政情報 届出・各種証明 証明書の発行 戸籍の届出 住所変更（転入・転出） 印鑑登録 マイナンバ
30	あさぎり町	熊本クラウンゴルフ倶楽部	https://www.town.asagiri.lg.jp/kiji0034849/index.html	熊本クラウンゴルフ倶楽部 / 熊本県あさぎり町公式サイト ヘッダーをスキップ 本文へジャンプ マイページ Languages 閲覧補助 さがす 緊急情報 くらしの情報 子ども・教育 健康・福祉 まちのＰＲ しごと 行政情報 届出・各種証明 証明書の発行 戸籍の届出 住所変更（転入・転出） 印鑑登録 マイナンバー・住民基
30	あさぎり町	あさぎり町商工業物価高騰対策支援金	https://www.town.asagiri.lg.jp/kiji0035118/index.html	あさぎり町商工業物価高騰対策支援金 / 熊本県あさぎり町公式サイト ヘッダーをスキップ 本文へジャンプ マイページ Languages 閲覧補助 さがす 緊急情報 くらしの情報 子ども・教育 健康・福祉 まちのＰＲ しごと 行政情報 届出・各種証明 証明書の発行 戸籍の届出 住所変更（転入・転出） 印鑑登録 マイナンバ
30	あさぎり町	改葬許可申請について	https://www.town.asagiri.lg.jp/kiji0034752/index.html	改葬許可申請について / 熊本県あさぎり町公式サイト ヘッダーをスキップ 本文へジャンプ マイページ Languages 閲覧補助 さがす 緊急情報 くらしの情報 子ども・教育 健康・福祉 まちのＰＲ しごと 行政情報 届出・各種証明 証明書の発行 戸籍の届出 住所変更（転入・転出） 印鑑登録 マイナンバー・住民基本台
30	あさぎり町	罹災(りさい)証明書及び被災証明書の発行について	https://www.town.asagiri.lg.jp/kiji003518/index.html	罹災(りさい)証明書及び被災証明書の発行について / 熊本県あさぎり町公式サイト ヘッダーをスキップ 本文へジャンプ マイページ Languages 閲覧補助 さがす 緊急情報 くらしの情報 子ども・教育 健康・福祉 まちのＰＲ しごと 行政情報 届出・各種証明 証明書の発行 戸籍の届出 住所変更（転入・転出） 印鑑登
30	あさぎり町	不在住・不在籍証明書の交付請求について	https://www.town.asagiri.lg.jp/kiji00312/index.html	不在住・不在籍証明書の交付請求について / 熊本県あさぎり町公式サイト ヘッダーをスキップ 本文へジャンプ マイページ Languages 閲覧補助 さがす 緊急情報 くらしの情報 子ども・教育 健康・福祉 まちのＰＲ しごと 行政情報 届出・各種証明 証明書の発行 戸籍の届出 住所変更（転入・転出） 印鑑登録 マイナ
30	あさぎり町	令和8年度（令和7年分）給与支払報告書の提出をお願いします	https://www.town.asagiri.lg.jp/kiji0034970/index.html	令和8年度（令和7年分）給与支払報告書の提出をお願いします / 熊本県あさぎり町公式サイト ヘッダーをスキップ 本文へジャンプ マイページ Languages 閲覧補助 さがす 緊急情報 くらしの情報 子ども・教育 健康・福祉 まちのＰＲ しごと 行政情報 届出・各種証明 証明書の発行 戸籍の届出 住所変更（転入・転出
30	あさぎり町	あさぎり町個人用住宅新増築及びリフォーム助成事業	https://www.town.asagiri.lg.jp/kiji0033879/index.html	あさぎり町個人用住宅新増築及びリフォーム助成事業 / 熊本県あさぎり町公式サイト ヘッダーをスキップ 本文へジャンプ マイページ Languages 閲覧補助 さがす 緊急情報 くらしの情報 子ども・教育 健康・福祉 まちのＰＲ しごと 行政情報 届出・各種証明 証明書の発行 戸籍の届出 住所変更（転入・転出） 印鑑登
30	あさぎり町	あさぎり町生ごみ処理機補助金制度のお知らせ	https://www.town.asagiri.lg.jp/kiji0034686/index.html	あさぎり町生ごみ処理機補助金制度のお知らせ / 熊本県あさぎり町公式サイト ヘッダーをスキップ 本文へジャンプ マイページ Languages 閲覧補助 さがす 緊急情報 くらしの情報 子ども・教育 健康・福祉 まちのＰＲ しごと 行政情報 届出・各種証明 証明書の発行 戸籍の届出 住所変更（転入・転出） 印鑑登録 マ
30	あさぎり町	林野火災注意報・警報制度について	https://www.town.asagiri.lg.jp/kiji0035083/index.html	林野火災注意報・警報制度について / 熊本県あさぎり町公式サイト ヘッダーをスキップ 本文へジャンプ マイページ Languages 閲覧補助 さがす 緊急情報 くらしの情報 子ども・教育 健康・福祉 まちのＰＲ しごと 行政情報 届出・各種証明 証明書の発行 戸籍の届出 住所変更（転入・転出） 印鑑登録 マイナンバー
30	あさぎり町	身分証明書の請求方法について	https://www.town.asagiri.lg.jp/kiji0033999/index.html	身分証明書の請求方法について / 熊本県あさぎり町公式サイト ヘッダーをスキップ 本文へジャンプ マイページ Languages 閲覧補助 さがす 緊急情報 くらしの情報 子ども・教育 健康・福祉 まちのＰＲ しごと 行政情報 届出・各種証明 証明書の発行 戸籍の届出 住所変更（転入・転出） 印鑑登録 マイナンバー・住
30	あさぎり町	住民票の交付請求について	https://www.town.asagiri.lg.jp/kiji0034519/index.html	住民票の交付請求について / 熊本県あさぎり町公式サイト ヘッダーをスキップ 本文へジャンプ マイページ Languages 閲覧補助 さがす 緊急情報 くらしの情報 子ども・教育 健康・福祉 まちのＰＲ しごと 行政情報 届出・各種証明 証明書の発行 戸籍の届出 住所変更（転入・転出） 印鑑登録 マイナンバー・住民基
30	あさぎり町	郵便による戸籍関係証明書の請求方法について	https://www.town.asagiri.lg.jp/kiji0033992/index.html	郵便による戸籍関係証明書の請求方法について / 熊本県あさぎり町公式サイト ヘッダーをスキップ 本文へジャンプ マイページ Languages 閲覧補助 さがす 緊急情報 くらしの情報 子ども・教育 健康・福祉 まちのＰＲ しごと 行政情報 届出・各種証明 証明書の発行 戸籍の届出 住所変更（転入・転出） 印鑑登録 マ
30	あさぎり町	戸籍証明書の広域交付がはじまります	https://www.town.asagiri.lg.jp/kiji0033994/index.html	戸籍証明書の広域交付がはじまります / 熊本県あさぎり町公式サイト ヘッダーをスキップ 本文へジャンプ マイページ Languages 閲覧補助 さがす 緊急情報 くらしの情報 子ども・教育 健康・福祉 まちのＰＲ しごと 行政情報 届出・各種証明 証明書の発行 戸籍の届出 住所変更（転入・転出） 印鑑登録 マイナンバ
30	あさぎり町	戸籍関係証明書の請求方法について	https://www.town.asagiri.lg.jp/kiji0034001/index.html	戸籍関係証明書の請求方法について / 熊本県あさぎり町公式サイト ヘッダーをスキップ 本文へジャンプ マイページ Languages 閲覧補助 さがす 緊急情報 くらしの情報 子ども・教育 健康・福祉 まちのＰＲ しごと 行政情報 届出・各種証明 証明書の発行 戸籍の届出 住所変更（転入・転出） 印鑑登録 マイナンバー
30	あさぎり町	住民票の交付請求について	https://www.town.asagiri.lg.jp/kiji0033987/index.html	住民票の交付請求について / 熊本県あさぎり町公式サイト ヘッダーをスキップ 本文へジャンプ マイページ Languages 閲覧補助 さがす 緊急情報 くらしの情報 子ども・教育 健康・福祉 まちのＰＲ しごと 行政情報 届出・各種証明 証明書の発行 戸籍の届出 住所変更（転入・転出） 印鑑登録 マイナンバー・住民基
30	あさぎり町	あさぎり町結婚新生活支援補助金	https://www.town.asagiri.lg.jp/kiji003563/index.html	あさぎり町結婚新生活支援補助金 / 熊本県あさぎり町公式サイト ヘッダーをスキップ 本文へジャンプ マイページ Languages 閲覧補助 さがす 緊急情報 くらしの情報 子ども・教育 健康・福祉 まちのＰＲ しごと 行政情報 届出・各種証明 証明書の発行 戸籍の届出 住所変更（転入・転出） 印鑑登録 マイナンバー・
30	あさぎり町	出生届について	https://www.town.asagiri.lg.jp/kiji00313/index.html	出生届について / 熊本県あさぎり町公式サイト ヘッダーをスキップ 本文へジャンプ マイページ Languages 閲覧補助 さがす 緊急情報 くらしの情報 子ども・教育 健康・福祉 まちのＰＲ しごと 行政情報 届出・各種証明 証明書の発行 戸籍の届出 住所変更（転入・転出） 印鑑登録 マイナンバー・住民基本台帳 申
30	あさぎり町	無戸籍でお困りの方へ	https://www.town.asagiri.lg.jp/kiji0033991/index.html	無戸籍でお困りの方へ / 熊本県あさぎり町公式サイト ヘッダーをスキップ 本文へジャンプ マイページ Languages 閲覧補助 さがす 緊急情報 くらしの情報 子ども・教育 健康・福祉 まちのＰＲ しごと 行政情報 届出・各種証明 証明書の発行 戸籍の届出 住所変更（転入・転出） 印鑑登録 マイナンバー・住民基本台
30	あさぎり町	出生届について	https://www.town.asagiri.lg.jp/kiji0034492/index.html	出生届について / 熊本県あさぎり町公式サイト ヘッダーをスキップ 本文へジャンプ マイページ Languages 閲覧補助 さがす 緊急情報 くらしの情報 子ども・教育 健康・福祉 まちのＰＲ しごと 行政情報 届出・各種証明 証明書の発行 戸籍の届出 住所変更（転入・転出） 印鑑登録 マイナンバー・住民基本台帳 申
30	あさぎり町	社会保障・税番号制度(マイナンバー制度)	https://www.town.asagiri.lg.jp/kiji0032464/index.html	社会保障・税番号制度(マイナンバー制度) / 熊本県あさぎり町公式サイト ヘッダーをスキップ 本文へジャンプ マイページ Languages 閲覧補助 さがす 緊急情報 くらしの情報 子ども・教育 健康・福祉 まちのＰＲ しごと 行政情報 届出・各種証明 証明書の発行 戸籍の届出 住所変更（転入・転出） 印鑑登録 マイ
30	あさぎり町	固定資産税について	https://www.town.asagiri.lg.jp/kiji003536/index.html	固定資産税について / 熊本県あさぎり町公式サイト ヘッダーをスキップ 本文へジャンプ マイページ Languages 閲覧補助 さがす 緊急情報 くらしの情報 子ども・教育 健康・福祉 まちのＰＲ しごと 行政情報 届出・各種証明 証明書の発行 戸籍の届出 住所変更（転入・転出） 印鑑登録 マイナンバー・住民基本台帳
30	あさぎり町	軽自動車税（種別割）の減免申請について	https://www.town.asagiri.lg.jp/kiji003524/index.html	軽自動車税（種別割）の減免申請について / 熊本県あさぎり町公式サイト ヘッダーをスキップ 本文へジャンプ マイページ Languages 閲覧補助 さがす 緊急情報 くらしの情報 子ども・教育 健康・福祉 まちのＰＲ しごと 行政情報 届出・各種証明 証明書の発行 戸籍の届出 住所変更（転入・転出） 印鑑登録 マイナ
30	あさぎり町	新型コロナウイルス感染症の影響による国民健康保険税の減免について	https://www.town.asagiri.lg.jp/kiji003519/index.html	新型コロナウイルス感染症の影響による国民健康保険税の減免について / 熊本県あさぎり町公式サイト ヘッダーをスキップ 本文へジャンプ マイページ Languages 閲覧補助 さがす 緊急情報 くらしの情報 子ども・教育 健康・福祉 まちのＰＲ しごと 行政情報 届出・各種証明 証明書の発行 戸籍の届出 住所変更（転入
30	あさぎり町	東日本大震災における原子力発電所の事故による被害を受けられた方へ	https://www.town.asagiri.lg.jp/kiji0033355/index.html	東日本大震災における原子力発電所の事故による被害を受けられた方へ / 熊本県あさぎり町公式サイト ヘッダーをスキップ 本文へジャンプ マイページ Languages 閲覧補助 さがす 緊急情報 くらしの情報 子ども・教育 健康・福祉 まちのＰＲ しごと 行政情報 届出・各種証明 証明書の発行 戸籍の届出 住所変更（転入
30	あさぎり町	縦覧と閲覧	https://www.town.asagiri.lg.jp/kiji0032179/index.html	縦覧と閲覧 / 熊本県あさぎり町公式サイト ヘッダーをスキップ 本文へジャンプ マイページ Languages 閲覧補助 さがす 緊急情報 くらしの情報 子ども・教育 健康・福祉 まちのＰＲ しごと 行政情報 届出・各種証明 証明書の発行 戸籍の届出 住所変更（転入・転出） 印鑑登録 マイナンバー・住民基本台帳 申請書
30	あさぎり町	令和5年度より町税の納付方法が新しく追加されます。	https://www.town.asagiri.lg.jp/kiji003461/index.html	令和5年度より町税の納付方法が新しく追加されます。 / 熊本県あさぎり町公式サイト ヘッダーをスキップ 本文へジャンプ マイページ Languages 閲覧補助 さがす 緊急情報 くらしの情報 子ども・教育 健康・福祉 まちのＰＲ しごと 行政情報 届出・各種証明 証明書の発行 戸籍の届出 住所変更（転入・転出） 印鑑
30	あさぎり町	郵送による税務関係証明書の請求について	https://www.town.asagiri.lg.jp/kiji003463/index.html	郵送による税務関係証明書の請求について / 熊本県あさぎり町公式サイト ヘッダーをスキップ 本文へジャンプ マイページ Languages 閲覧補助 さがす 緊急情報 くらしの情報 子ども・教育 健康・福祉 まちのＰＲ しごと 行政情報 届出・各種証明 証明書の発行 戸籍の届出 住所変更（転入・転出） 印鑑登録 マイナ
30	あさぎり町	軽自動車税について	https://www.town.asagiri.lg.jp/kiji003523/index.html	軽自動車税について / 熊本県あさぎり町公式サイト ヘッダーをスキップ 本文へジャンプ マイページ Languages 閲覧補助 さがす 緊急情報 くらしの情報 子ども・教育 健康・福祉 まちのＰＲ しごと 行政情報 届出・各種証明 証明書の発行 戸籍の届出 住所変更（転入・転出） 印鑑登録 マイナンバー・住民基本台帳
30	あさぎり町	特定小型原動機付自転車(電動キックボード等)の申告・ナンバープレート交付などについて	https://www.town.asagiri.lg.jp/kiji0034512/index.html	特定小型原動機付自転車(電動キックボード等)の申告・ナンバープレート交付などについて / 熊本県あさぎり町公式サイト ヘッダーをスキップ 本文へジャンプ マイページ Languages 閲覧補助 さがす 緊急情報 くらしの情報 子ども・教育 健康・福祉 まちのＰＲ しごと 行政情報 届出・各種証明 証明書の発行 戸籍の
30	あさぎり町	特定小型原動機付自転車(電動キックボード等)の申告・ナンバープレート交付などについて	https://www.town.asagiri.lg.jp/kiji003528/index.html	特定小型原動機付自転車(電動キックボード等)の申告・ナンバープレート交付などについて / 熊本県あさぎり町公式サイト ヘッダーをスキップ 本文へジャンプ マイページ Languages 閲覧補助 さがす 緊急情報 くらしの情報 子ども・教育 健康・福祉 まちのＰＲ しごと 行政情報 届出・各種証明 証明書の発行 戸籍の
30	あさぎり町	軽自動車税の減免申請は手続きが必要です	https://www.town.asagiri.lg.jp/kiji0034509/index.html	軽自動車税の減免申請は手続きが必要です / 熊本県あさぎり町公式サイト ヘッダーをスキップ 本文へジャンプ マイページ Languages 閲覧補助 さがす 緊急情報 くらしの情報 子ども・教育 健康・福祉 まちのＰＲ しごと 行政情報 届出・各種証明 証明書の発行 戸籍の届出 住所変更（転入・転出） 印鑑登録 マイナ
30	あさぎり町	所有されている小型特殊自動車をご確認ください	https://www.town.asagiri.lg.jp/kiji0032173/index.html	所有されている小型特殊自動車をご確認ください / 熊本県あさぎり町公式サイト ヘッダーをスキップ 本文へジャンプ マイページ Languages 閲覧補助 さがす 緊急情報 くらしの情報 子ども・教育 健康・福祉 まちのＰＲ しごと 行政情報 届出・各種証明 証明書の発行 戸籍の届出 住所変更（転入・転出） 印鑑登録
30	あさぎり町	固定資産税について	https://www.town.asagiri.lg.jp/kiji0034517/index.html	固定資産税について / 熊本県あさぎり町公式サイト ヘッダーをスキップ 本文へジャンプ マイページ Languages 閲覧補助 さがす 緊急情報 くらしの情報 子ども・教育 健康・福祉 まちのＰＲ しごと 行政情報 届出・各種証明 証明書の発行 戸籍の届出 住所変更（転入・転出） 印鑑登録 マイナンバー・住民基本台帳
30	あさぎり町	固定資産関係証明書の請求者の範囲	https://www.town.asagiri.lg.jp/kiji0032230/index.html	固定資産関係証明書の請求者の範囲 / 熊本県あさぎり町公式サイト ヘッダーをスキップ 本文へジャンプ マイページ Languages 閲覧補助 さがす 緊急情報 くらしの情報 子ども・教育 健康・福祉 まちのＰＲ しごと 行政情報 届出・各種証明 証明書の発行 戸籍の届出 住所変更（転入・転出） 印鑑登録 マイナンバー
30	あさぎり町	令和8年度 国民健康保険税について(7月賦課)	https://www.town.asagiri.lg.jp/kiji0033331/index.html	令和8年度 国民健康保険税について(7月賦課) / 熊本県あさぎり町公式サイト ヘッダーをスキップ 本文へジャンプ マイページ Languages 閲覧補助 さがす 緊急情報 くらしの情報 子ども・教育 健康・福祉 まちのＰＲ しごと 行政情報 届出・各種証明 証明書の発行 戸籍の届出 住所変更（転入・転出） 印鑑登録
30	あさぎり町	国民健康保険(国保)の出産育児一時金	https://www.town.asagiri.lg.jp/kiji0034852/index.html	国民健康保険(国保)の出産育児一時金 / 熊本県あさぎり町公式サイト ヘッダーをスキップ 本文へジャンプ マイページ Languages 閲覧補助 さがす 緊急情報 くらしの情報 子ども・教育 健康・福祉 まちのＰＲ しごと 行政情報 届出・各種証明 証明書の発行 戸籍の届出 住所変更（転入・転出） 印鑑登録 マイナン
30	あさぎり町	妊婦のための支援給付について	https://www.town.asagiri.lg.jp/kiji0034754/index.html	妊婦のための支援給付について / 熊本県あさぎり町公式サイト ヘッダーをスキップ 本文へジャンプ マイページ Languages 閲覧補助 さがす 緊急情報 くらしの情報 子ども・教育 健康・福祉 まちのＰＲ しごと 行政情報 届出・各種証明 証明書の発行 戸籍の届出 住所変更（転入・転出） 印鑑登録 マイナンバー・住
30	あさぎり町	指定給水装置工事事業者のみなさまへ	https://www.town.asagiri.lg.jp/kiji0033381/index.html	指定給水装置工事事業者のみなさまへ / 熊本県あさぎり町公式サイト ヘッダーをスキップ 本文へジャンプ マイページ Languages 閲覧補助 さがす 緊急情報 くらしの情報 子ども・教育 健康・福祉 まちのＰＲ しごと 行政情報 届出・各種証明 証明書の発行 戸籍の届出 住所変更（転入・転出） 印鑑登録 マイナンバ
30	あさぎり町	あさぎり町の水道	https://www.town.asagiri.lg.jp/kiji0034038/index.html	あさぎり町の水道 / 熊本県あさぎり町公式サイト ヘッダーをスキップ 本文へジャンプ マイページ Languages 閲覧補助 さがす 緊急情報 くらしの情報 子ども・教育 健康・福祉 まちのＰＲ しごと 行政情報 届出・各種証明 証明書の発行 戸籍の届出 住所変更（転入・転出） 印鑑登録 マイナンバー・住民基本台帳
30	あさぎり町	漏水を発見したら!?	https://www.town.asagiri.lg.jp/kiji0034039/index.html	漏水を発見したら!? / 熊本県あさぎり町公式サイト ヘッダーをスキップ 本文へジャンプ マイページ Languages 閲覧補助 さがす 緊急情報 くらしの情報 子ども・教育 健康・福祉 まちのＰＲ しごと 行政情報 届出・各種証明 証明書の発行 戸籍の届出 住所変更（転入・転出） 印鑑登録 マイナンバー・住民基本台
30	あさぎり町	浄化槽設置に関する取扱要項及び放流水地下浸透技術基準について	https://www.town.asagiri.lg.jp/kiji0033371/index.html	浄化槽設置に関する取扱要項及び放流水地下浸透技術基準について / 熊本県あさぎり町公式サイト ヘッダーをスキップ 本文へジャンプ マイページ Languages 閲覧補助 さがす 緊急情報 くらしの情報 子ども・教育 健康・福祉 まちのＰＲ しごと 行政情報 届出・各種証明 証明書の発行 戸籍の届出 住所変更（転入・転
30	あさぎり町	下水道使用料金Q&A	https://www.town.asagiri.lg.jp/kiji0034059/index.html	下水道使用料金Q&A / 熊本県あさぎり町公式サイト ヘッダーをスキップ 本文へジャンプ マイページ Languages 閲覧補助 さがす 緊急情報 くらしの情報 子ども・教育 健康・福祉 まちのＰＲ しごと 行政情報 届出・各種証明 証明書の発行 戸籍の届出 住所変更（転入・転出） 印鑑登録 マイナンバー・住民基本台
30	あさぎり町	水道に関する手続き	https://www.town.asagiri.lg.jp/kiji0034027/index.html	水道に関する手続き / 熊本県あさぎり町公式サイト ヘッダーをスキップ 本文へジャンプ マイページ Languages 閲覧補助 さがす 緊急情報 くらしの情報 子ども・教育 健康・福祉 まちのＰＲ しごと 行政情報 届出・各種証明 証明書の発行 戸籍の届出 住所変更（転入・転出） 印鑑登録 マイナンバー・住民基本台帳
30	あさぎり町	下水道受益者分担金Q&A	https://www.town.asagiri.lg.jp/kiji0034514/index.html	下水道受益者分担金Q&A / 熊本県あさぎり町公式サイト ヘッダーをスキップ 本文へジャンプ マイページ Languages 閲覧補助 さがす 緊急情報 くらしの情報 子ども・教育 健康・福祉 まちのＰＲ しごと 行政情報 届出・各種証明 証明書の発行 戸籍の届出 住所変更（転入・転出） 印鑑登録 マイナンバー・住民基
30	あさぎり町	運転免許証自主返納者へ「ほのぼの号」の無料乗車券を交付します!	https://www.town.asagiri.lg.jp/kiji00329/index.html	運転免許証自主返納者へ「ほのぼの号」の無料乗車券を交付します! / 熊本県あさぎり町公式サイト ヘッダーをスキップ 本文へジャンプ マイページ Languages 閲覧補助 さがす 緊急情報 くらしの情報 子ども・教育 健康・福祉 まちのＰＲ しごと 行政情報 届出・各種証明 証明書の発行 戸籍の届出 住所変更（転入・
30	あさぎり町	ごみ収集日程について	https://www.town.asagiri.lg.jp/kiji0034331/index.html	ごみ収集日程について / 熊本県あさぎり町公式サイト ヘッダーをスキップ 本文へジャンプ マイページ Languages 閲覧補助 さがす 緊急情報 くらしの情報 子ども・教育 健康・福祉 まちのＰＲ しごと 行政情報 届出・各種証明 証明書の発行 戸籍の届出 住所変更（転入・転出） 印鑑登録 マイナンバー・住民基本台
30	あさぎり町	家庭用パソコンの出し方	https://www.town.asagiri.lg.jp/kiji0034316/index.html	家庭用パソコンの出し方 / 熊本県あさぎり町公式サイト ヘッダーをスキップ 本文へジャンプ マイページ Languages 閲覧補助 さがす 緊急情報 くらしの情報 子ども・教育 健康・福祉 まちのＰＲ しごと 行政情報 届出・各種証明 証明書の発行 戸籍の届出 住所変更（転入・転出） 印鑑登録 マイナンバー・住民基本
30	あさぎり町	粗大ごみ・大量のごみの処分について	https://www.town.asagiri.lg.jp/kiji0034780/index.html	粗大ごみ・大量のごみの処分について / 熊本県あさぎり町公式サイト ヘッダーをスキップ 本文へジャンプ マイページ Languages 閲覧補助 さがす 緊急情報 くらしの情報 子ども・教育 健康・福祉 まちのＰＲ しごと 行政情報 届出・各種証明 証明書の発行 戸籍の届出 住所変更（転入・転出） 印鑑登録 マイナンバ
30	あさぎり町	ごみ(剪定枝・刈草含む)の野外焼却は禁止されています	https://www.town.asagiri.lg.jp/kiji0034332/index.html	ごみ(剪定枝・刈草含む)の野外焼却は禁止されています / 熊本県あさぎり町公式サイト ヘッダーをスキップ 本文へジャンプ マイページ Languages 閲覧補助 さがす 緊急情報 くらしの情報 子ども・教育 健康・福祉 まちのＰＲ しごと 行政情報 届出・各種証明 証明書の発行 戸籍の届出 住所変更（転入・転出） 印
30	あさぎり町	ごみ収集日程について	https://www.town.asagiri.lg.jp/kiji0034527/index.html	ごみ収集日程について / 熊本県あさぎり町公式サイト ヘッダーをスキップ 本文へジャンプ マイページ Languages 閲覧補助 さがす 緊急情報 くらしの情報 子ども・教育 健康・福祉 まちのＰＲ しごと 行政情報 届出・各種証明 証明書の発行 戸籍の届出 住所変更（転入・転出） 印鑑登録 マイナンバー・住民基本台
30	あさぎり町	犬の登録(犬の生涯に1回)をしましょう	https://www.town.asagiri.lg.jp/kiji0034365/index.html	犬の登録(犬の生涯に1回)をしましょう / 熊本県あさぎり町公式サイト ヘッダーをスキップ 本文へジャンプ マイページ Languages 閲覧補助 さがす 緊急情報 くらしの情報 子ども・教育 健康・福祉 まちのＰＲ しごと 行政情報 届出・各種証明 証明書の発行 戸籍の届出 住所変更（転入・転出） 印鑑登録 マイナ
30	あさぎり町	まちづくり運動支援事業を募集します	https://www.town.asagiri.lg.jp/kiji0034065/index.html	まちづくり運動支援事業を募集します / 熊本県あさぎり町公式サイト ヘッダーをスキップ 本文へジャンプ マイページ Languages 閲覧補助 さがす 緊急情報 くらしの情報 子ども・教育 健康・福祉 まちのＰＲ しごと 行政情報 届出・各種証明 証明書の発行 戸籍の届出 住所変更（転入・転出） 印鑑登録 マイナンバ
30	あさぎり町	各種スポーツ大会及び芸術・文化コンクール出場に係る奨励金並びに横断幕について	https://www.town.asagiri.lg.jp/kiji003215/index.html	各種スポーツ大会及び芸術・文化コンクール出場に係る奨励金並びに横断幕について / 熊本県あさぎり町公式サイト ヘッダーをスキップ 本文へジャンプ マイページ Languages 閲覧補助 さがす 緊急情報 くらしの情報 子ども・教育 健康・福祉 まちのＰＲ しごと 行政情報 届出・各種証明 証明書の発行 戸籍の届出 住
30	あさぎり町	交通災害共済制度	https://www.town.asagiri.lg.jp/kiji003156/index.html	交通災害共済制度 / 熊本県あさぎり町公式サイト ヘッダーをスキップ 本文へジャンプ マイページ Languages 閲覧補助 さがす 緊急情報 くらしの情報 子ども・教育 健康・福祉 まちのＰＲ しごと 行政情報 届出・各種証明 証明書の発行 戸籍の届出 住所変更（転入・転出） 印鑑登録 マイナンバー・住民基本台帳
30	あさぎり町	あさぎり町老朽危険空家等除却事業	https://www.town.asagiri.lg.jp/kiji003158/index.html	あさぎり町老朽危険空家等除却事業 / 熊本県あさぎり町公式サイト ヘッダーをスキップ 本文へジャンプ マイページ Languages 閲覧補助 さがす 緊急情報 くらしの情報 子ども・教育 健康・福祉 まちのＰＲ しごと 行政情報 届出・各種証明 証明書の発行 戸籍の届出 住所変更（転入・転出） 印鑑登録 マイナンバー
30	あさぎり町	物価高対応子育て応援手当を支給します	https://www.town.asagiri.lg.jp/kiji0034971/index.html	物価高対応子育て応援手当を支給します / 熊本県あさぎり町公式サイト ヘッダーをスキップ 本文へジャンプ マイページ Languages 閲覧補助 さがす 緊急情報 くらしの情報 子ども・教育 健康・福祉 まちのＰＲ しごと 行政情報 届出・各種証明 証明書の発行 戸籍の届出 住所変更（転入・転出） 印鑑登録 マイナン
30	あさぎり町	妊産婦向けハートフルパスの有効期間が延長されました	https://www.town.asagiri.lg.jp/kiji0034535/index.html	妊産婦向けハートフルパスの有効期間が延長されました / 熊本県あさぎり町公式サイト ヘッダーをスキップ 本文へジャンプ マイページ Languages 閲覧補助 さがす 緊急情報 くらしの情報 子ども・教育 健康・福祉 まちのＰＲ しごと 行政情報 届出・各種証明 証明書の発行 戸籍の届出 住所変更（転入・転出） 印鑑
30	あさぎり町	妊婦・子育て家庭への「伴走型相談支援」と「出産・子育て応援給付金」事業について	https://www.town.asagiri.lg.jp/kiji0032141/index.html	妊婦・子育て家庭への「伴走型相談支援」と「出産・子育て応援給付金」事業について / 熊本県あさぎり町公式サイト ヘッダーをスキップ 本文へジャンプ マイページ Languages 閲覧補助 さがす 緊急情報 くらしの情報 子ども・教育 健康・福祉 まちのＰＲ しごと 行政情報 届出・各種証明 証明書の発行 戸籍の届出
30	あさぎり町	一般不妊治療費助成制度について	https://www.town.asagiri.lg.jp/kiji0032118/index.html	一般不妊治療費助成制度について / 熊本県あさぎり町公式サイト ヘッダーをスキップ 本文へジャンプ マイページ Languages 閲覧補助 さがす 緊急情報 くらしの情報 子ども・教育 健康・福祉 まちのＰＲ しごと 行政情報 届出・各種証明 証明書の発行 戸籍の届出 住所変更（転入・転出） 印鑑登録 マイナンバー・
30	あさぎり町	生殖補助医療(旧特定不妊治療)費助成制度について	https://www.town.asagiri.lg.jp/kiji0032120/index.html	生殖補助医療(旧特定不妊治療)費助成制度について / 熊本県あさぎり町公式サイト ヘッダーをスキップ 本文へジャンプ マイページ Languages 閲覧補助 さがす 緊急情報 くらしの情報 子ども・教育 健康・福祉 まちのＰＲ しごと 行政情報 届出・各種証明 証明書の発行 戸籍の届出 住所変更（転入・転出） 印鑑登
30	あさぎり町	出生祝い金について	https://www.town.asagiri.lg.jp/kiji0033177/index.html	出生祝い金について / 熊本県あさぎり町公式サイト ヘッダーをスキップ 本文へジャンプ マイページ Languages 閲覧補助 さがす 緊急情報 くらしの情報 子ども・教育 健康・福祉 まちのＰＲ しごと 行政情報 届出・各種証明 証明書の発行 戸籍の届出 住所変更（転入・転出） 印鑑登録 マイナンバー・住民基本台帳
30	あさぎり町	妊婦健診について	https://www.town.asagiri.lg.jp/kiji0034072/index.html	妊婦健診について / 熊本県あさぎり町公式サイト ヘッダーをスキップ 本文へジャンプ マイページ Languages 閲覧補助 さがす 緊急情報 くらしの情報 子ども・教育 健康・福祉 まちのＰＲ しごと 行政情報 届出・各種証明 証明書の発行 戸籍の届出 住所変更（転入・転出） 印鑑登録 マイナンバー・住民基本台帳
30	あさぎり町	妊婦歯科健診について	https://www.town.asagiri.lg.jp/kiji0034073/index.html	妊婦歯科健診について / 熊本県あさぎり町公式サイト ヘッダーをスキップ 本文へジャンプ マイページ Languages 閲覧補助 さがす 緊急情報 くらしの情報 子ども・教育 健康・福祉 まちのＰＲ しごと 行政情報 届出・各種証明 証明書の発行 戸籍の届出 住所変更（転入・転出） 印鑑登録 マイナンバー・住民基本台
30	あさぎり町	里帰り出産について	https://www.town.asagiri.lg.jp/kiji0034158/index.html	里帰り出産について / 熊本県あさぎり町公式サイト ヘッダーをスキップ 本文へジャンプ マイページ Languages 閲覧補助 さがす 緊急情報 くらしの情報 子ども・教育 健康・福祉 まちのＰＲ しごと 行政情報 届出・各種証明 証明書の発行 戸籍の届出 住所変更（転入・転出） 印鑑登録 マイナンバー・住民基本台帳
30	あさぎり町	おたふくかぜワクチン予防接種（任意接種）の費用助成について	https://www.town.asagiri.lg.jp/kiji0034902/index.html	おたふくかぜワクチン予防接種（任意接種）の費用助成について / 熊本県あさぎり町公式サイト ヘッダーをスキップ 本文へジャンプ マイページ Languages 閲覧補助 さがす 緊急情報 くらしの情報 子ども・教育 健康・福祉 まちのＰＲ しごと 行政情報 届出・各種証明 証明書の発行 戸籍の届出 住所変更（転入・転出
30	あさぎり町	令和6年10月より児童手当制度が拡充されました	https://www.town.asagiri.lg.jp/kiji0034490/index.html	令和6年10月より児童手当制度が拡充されました / 熊本県あさぎり町公式サイト ヘッダーをスキップ 本文へジャンプ マイページ Languages 閲覧補助 さがす 緊急情報 くらしの情報 子ども・教育 健康・福祉 まちのＰＲ しごと 行政情報 届出・各種証明 証明書の発行 戸籍の届出 住所変更（転入・転出） 印鑑登録
30	あさぎり町	児童扶養手当について	https://www.town.asagiri.lg.jp/kiji00389/index.html	児童扶養手当について / 熊本県あさぎり町公式サイト ヘッダーをスキップ 本文へジャンプ マイページ Languages 閲覧補助 さがす 緊急情報 くらしの情報 子ども・教育 健康・福祉 まちのＰＲ しごと 行政情報 届出・各種証明 証明書の発行 戸籍の届出 住所変更（転入・転出） 印鑑登録 マイナンバー・住民基本台
30	あさぎり町	児童手当について	https://www.town.asagiri.lg.jp/kiji0034194/index.html	児童手当について / 熊本県あさぎり町公式サイト ヘッダーをスキップ 本文へジャンプ マイページ Languages 閲覧補助 さがす 緊急情報 くらしの情報 子ども・教育 健康・福祉 まちのＰＲ しごと 行政情報 届出・各種証明 証明書の発行 戸籍の届出 住所変更（転入・転出） 印鑑登録 マイナンバー・住民基本台帳
30	あさぎり町	子ども医療費助成制度について	https://www.town.asagiri.lg.jp/kiji003108/index.html	子ども医療費助成制度について / 熊本県あさぎり町公式サイト ヘッダーをスキップ 本文へジャンプ マイページ Languages 閲覧補助 さがす 緊急情報 くらしの情報 子ども・教育 健康・福祉 まちのＰＲ しごと 行政情報 届出・各種証明 証明書の発行 戸籍の届出 住所変更（転入・転出） 印鑑登録 マイナンバー・住
30	あさぎり町	特別児童扶養手当	https://www.town.asagiri.lg.jp/kiji0033278/index.html	特別児童扶養手当 / 熊本県あさぎり町公式サイト ヘッダーをスキップ 本文へジャンプ マイページ Languages 閲覧補助 さがす 緊急情報 くらしの情報 子ども・教育 健康・福祉 まちのＰＲ しごと 行政情報 届出・各種証明 証明書の発行 戸籍の届出 住所変更（転入・転出） 印鑑登録 マイナンバー・住民基本台帳
30	あさぎり町	新生児聴覚検査費助成事業について	https://www.town.asagiri.lg.jp/kiji0034179/index.html	新生児聴覚検査費助成事業について / 熊本県あさぎり町公式サイト ヘッダーをスキップ 本文へジャンプ マイページ Languages 閲覧補助 さがす 緊急情報 くらしの情報 子ども・教育 健康・福祉 まちのＰＲ しごと 行政情報 届出・各種証明 証明書の発行 戸籍の届出 住所変更（転入・転出） 印鑑登録 マイナンバー
30	あさぎり町	子育てサロン	https://www.town.asagiri.lg.jp/kiji0034473/index.html	子育てサロン / 熊本県あさぎり町公式サイト ヘッダーをスキップ 本文へジャンプ マイページ Languages 閲覧補助 さがす 緊急情報 くらしの情報 子ども・教育 健康・福祉 まちのＰＲ しごと 行政情報 届出・各種証明 証明書の発行 戸籍の届出 住所変更（転入・転出） 印鑑登録 マイナンバー・住民基本台帳 申請
30	あさぎり町	子ども医療費助成Q&A	https://www.town.asagiri.lg.jp/kiji0032155/index.html	子ども医療費助成Q&A / 熊本県あさぎり町公式サイト ヘッダーをスキップ 本文へジャンプ マイページ Languages 閲覧補助 さがす 緊急情報 くらしの情報 子ども・教育 健康・福祉 まちのＰＲ しごと 行政情報 届出・各種証明 証明書の発行 戸籍の届出 住所変更（転入・転出） 印鑑登録 マイナンバー・住民基本
30	あさぎり町	あさぎり町小学校・中学校入学祝金の申請について	https://www.town.asagiri.lg.jp/kiji0035130/index.html	あさぎり町小学校・中学校入学祝金の申請について / 熊本県あさぎり町公式サイト ヘッダーをスキップ 本文へジャンプ マイページ Languages 閲覧補助 さがす 緊急情報 くらしの情報 子ども・教育 健康・福祉 まちのＰＲ しごと 行政情報 届出・各種証明 証明書の発行 戸籍の届出 住所変更（転入・転出） 印鑑登録
30	あさぎり町	あさぎり町就学援助制度のお知らせ	https://www.town.asagiri.lg.jp/kiji0034963/index.html	あさぎり町就学援助制度のお知らせ / 熊本県あさぎり町公式サイト ヘッダーをスキップ 本文へジャンプ マイページ Languages 閲覧補助 さがす 緊急情報 くらしの情報 子ども・教育 健康・福祉 まちのＰＲ しごと 行政情報 届出・各種証明 証明書の発行 戸籍の届出 住所変更（転入・転出） 印鑑登録 マイナンバー
30	あさぎり町	こども図書館『こども本の森 熊本』と、電子図書館『くまもとe-books』のご案内	https://www.town.asagiri.lg.jp/kiji0034182/index.html	こども図書館『こども本の森 熊本』と、電子図書館『くまもとe-books』のご案内 / 熊本県あさぎり町公式サイト ヘッダーをスキップ 本文へジャンプ マイページ Languages 閲覧補助 さがす 緊急情報 くらしの情報 子ども・教育 健康・福祉 まちのＰＲ しごと 行政情報 届出・各種証明 証明書の発行 戸籍の届
30	あさぎり町	あさぎり町就学援助制度のお知らせ	https://www.town.asagiri.lg.jp/kiji003254/index.html	あさぎり町就学援助制度のお知らせ / 熊本県あさぎり町公式サイト ヘッダーをスキップ 本文へジャンプ マイページ Languages 閲覧補助 さがす 緊急情報 くらしの情報 子ども・教育 健康・福祉 まちのＰＲ しごと 行政情報 届出・各種証明 証明書の発行 戸籍の届出 住所変更（転入・転出） 印鑑登録 マイナンバー
30	あさぎり町	国民年金保険料の学生納付特例	https://www.town.asagiri.lg.jp/kiji00333/index.html	国民年金保険料の学生納付特例 / 熊本県あさぎり町公式サイト ヘッダーをスキップ 本文へジャンプ マイページ Languages 閲覧補助 さがす 緊急情報 くらしの情報 子ども・教育 健康・福祉 まちのＰＲ しごと 行政情報 届出・各種証明 証明書の発行 戸籍の届出 住所変更（転入・転出） 印鑑登録 マイナンバー・住
30	あさぎり町	母子及び父子並びに寡婦福祉資金貸付制度について	https://www.town.asagiri.lg.jp/kiji0033172/index.html	母子及び父子並びに寡婦福祉資金貸付制度について / 熊本県あさぎり町公式サイト ヘッダーをスキップ 本文へジャンプ マイページ Languages 閲覧補助 さがす 緊急情報 くらしの情報 子ども・教育 健康・福祉 まちのＰＲ しごと 行政情報 届出・各種証明 証明書の発行 戸籍の届出 住所変更（転入・転出） 印鑑登録
30	あさぎり町	知っていますか?離婚後の養育費	https://www.town.asagiri.lg.jp/kiji00374/index.html	知っていますか?離婚後の養育費 / 熊本県あさぎり町公式サイト ヘッダーをスキップ 本文へジャンプ マイページ Languages 閲覧補助 さがす 緊急情報 くらしの情報 子ども・教育 健康・福祉 まちのＰＲ しごと 行政情報 届出・各種証明 証明書の発行 戸籍の届出 住所変更（転入・転出） 印鑑登録 マイナンバー・
30	あさぎり町	熊本県立図書館との連携サービスのご案内	https://www.town.asagiri.lg.jp/kiji0034181/index.html	熊本県立図書館との連携サービスのご案内 / 熊本県あさぎり町公式サイト ヘッダーをスキップ 本文へジャンプ マイページ Languages 閲覧補助 さがす 緊急情報 くらしの情報 子ども・教育 健康・福祉 まちのＰＲ しごと 行政情報 届出・各種証明 証明書の発行 戸籍の届出 住所変更（転入・転出） 印鑑登録 マイナ
30	あさぎり町	『親子のための相談LINE(ライン)』が始まりました!	https://www.town.asagiri.lg.jp/kiji003114/index.html	『親子のための相談LINE(ライン)』が始まりました! / 熊本県あさぎり町公式サイト ヘッダーをスキップ 本文へジャンプ マイページ Languages 閲覧補助 さがす 緊急情報 くらしの情報 子ども・教育 健康・福祉 まちのＰＲ しごと 行政情報 届出・各種証明 証明書の発行 戸籍の届出 住所変更（転入・転出）
30	あさぎり町	『児童相談所相談専用ダイヤル』無料化のお知らせ	https://www.town.asagiri.lg.jp/kiji0034489/index.html	『児童相談所相談専用ダイヤル』無料化のお知らせ / 熊本県あさぎり町公式サイト ヘッダーをスキップ 本文へジャンプ マイページ Languages 閲覧補助 さがす 緊急情報 くらしの情報 子ども・教育 健康・福祉 まちのＰＲ しごと 行政情報 届出・各種証明 証明書の発行 戸籍の届出 住所変更（転入・転出） 印鑑登録
30	あさぎり町	こころの健康に関する各種相談のご案内	https://www.town.asagiri.lg.jp/kiji0034133/index.html	こころの健康に関する各種相談のご案内 / 熊本県あさぎり町公式サイト ヘッダーをスキップ 本文へジャンプ マイページ Languages 閲覧補助 さがす 緊急情報 くらしの情報 子ども・教育 健康・福祉 まちのＰＲ しごと 行政情報 届出・各種証明 証明書の発行 戸籍の届出 住所変更（転入・転出） 印鑑登録 マイナン
30	あさぎり町	療養費支給申請について	https://www.town.asagiri.lg.jp/kiji0034212/index.html	療養費支給申請について / 熊本県あさぎり町公式サイト ヘッダーをスキップ 本文へジャンプ マイページ Languages 閲覧補助 さがす 緊急情報 くらしの情報 子ども・教育 健康・福祉 まちのＰＲ しごと 行政情報 届出・各種証明 証明書の発行 戸籍の届出 住所変更（転入・転出） 印鑑登録 マイナンバー・住民基本
30	あさぎり町	「がん相談支援センター」はがんに悩むあなたを支えます	https://www.town.asagiri.lg.jp/kiji0034145/index.html	「がん相談支援センター」はがんに悩むあなたを支えます / 熊本県あさぎり町公式サイト ヘッダーをスキップ 本文へジャンプ マイページ Languages 閲覧補助 さがす 緊急情報 くらしの情報 子ども・教育 健康・福祉 まちのＰＲ しごと 行政情報 届出・各種証明 証明書の発行 戸籍の届出 住所変更（転入・転出） 印
30	あさぎり町	風しん予防接種助成事業について	https://www.town.asagiri.lg.jp/kiji0035126/index.html	風しん予防接種助成事業について / 熊本県あさぎり町公式サイト ヘッダーをスキップ 本文へジャンプ マイページ Languages 閲覧補助 さがす 緊急情報 くらしの情報 子ども・教育 健康・福祉 まちのＰＲ しごと 行政情報 届出・各種証明 証明書の発行 戸籍の届出 住所変更（転入・転出） 印鑑登録 マイナンバー・
30	あさぎり町	高齢者の帯状疱疹定期接種について	https://www.town.asagiri.lg.jp/kiji0034702/index.html	高齢者の帯状疱疹定期接種について / 熊本県あさぎり町公式サイト ヘッダーをスキップ 本文へジャンプ マイページ Languages 閲覧補助 さがす 緊急情報 くらしの情報 子ども・教育 健康・福祉 まちのＰＲ しごと 行政情報 届出・各種証明 証明書の発行 戸籍の届出 住所変更（転入・転出） 印鑑登録 マイナンバー
30	あさぎり町	人吉球磨管外での予防接種について	https://www.town.asagiri.lg.jp/kiji0034487/index.html	人吉球磨管外での予防接種について / 熊本県あさぎり町公式サイト ヘッダーをスキップ 本文へジャンプ マイページ Languages 閲覧補助 さがす 緊急情報 くらしの情報 子ども・教育 健康・福祉 まちのＰＲ しごと 行政情報 届出・各種証明 証明書の発行 戸籍の届出 住所変更（転入・転出） 印鑑登録 マイナンバー
30	あさぎり町	牛乳を使った男性向け料理教室を開催します	https://www.town.asagiri.lg.jp/kiji0034875/index.html	牛乳を使った男性向け料理教室を開催します / 熊本県あさぎり町公式サイト ヘッダーをスキップ 本文へジャンプ マイページ Languages 閲覧補助 さがす 緊急情報 くらしの情報 子ども・教育 健康・福祉 まちのＰＲ しごと 行政情報 届出・各種証明 証明書の発行 戸籍の届出 住所変更（転入・転出） 印鑑登録 マイ
30	あさぎり町	健幸ポイントを「健幸応援券・デジタルギフト」に交換しよう	https://www.town.asagiri.lg.jp/kiji0034105/index.html	健幸ポイントを「健幸応援券・デジタルギフト」に交換しよう / 熊本県あさぎり町公式サイト ヘッダーをスキップ 本文へジャンプ マイページ Languages 閲覧補助 さがす 緊急情報 くらしの情報 子ども・教育 健康・福祉 まちのＰＲ しごと 行政情報 届出・各種証明 証明書の発行 戸籍の届出 住所変更（転入・転出）
30	あさぎり町	健幸ポイント事業 ポイント加盟店(健幸応援店)募集!!	https://www.town.asagiri.lg.jp/kiji0034142/index.html	健幸ポイント事業 ポイント加盟店(健幸応援店)募集!! / 熊本県あさぎり町公式サイト ヘッダーをスキップ 本文へジャンプ マイページ Languages 閲覧補助 さがす 緊急情報 くらしの情報 子ども・教育 健康・福祉 まちのＰＲ しごと 行政情報 届出・各種証明 証明書の発行 戸籍の届出 住所変更（転入・転出）
28	あさぎり町	熊本県あさぎり町公式サイト	https://www.town.asagiri.lg.jp/default.html	熊本県あさぎり町公式サイト ヘッダーをスキップ 本文へジャンプ マイページ Languages 閲覧補助 さがす 緊急情報 くらしの情報 子ども・教育 健康・福祉 まちのＰＲ しごと 行政情報 届出・各種証明 証明書の発行 戸籍の届出 住所変更（転入・転出） 印鑑登録 マイナンバー・住民基本台帳 申請書 電子申請・申請
28	あさぎり町	子ども・教育	https://www.town.asagiri.lg.jp/list00102.html	子ども・教育 / 熊本県あさぎり町公式サイト ヘッダーをスキップ 本文へジャンプ マイページ Languages 閲覧補助 さがす 緊急情報 くらしの情報 子ども・教育 健康・福祉 まちのＰＲ しごと 行政情報 届出・各種証明 証明書の発行 戸籍の届出 住所変更（転入・転出） 印鑑登録 マイナンバー・住民基本台帳 申請
28	あさぎり町	医療・健診・予防接種	https://www.town.asagiri.lg.jp/list00180.html	医療・健診・予防接種 / 熊本県あさぎり町公式サイト ヘッダーをスキップ 本文へジャンプ マイページ Languages 閲覧補助 さがす 緊急情報 くらしの情報 子ども・教育 健康・福祉 まちのＰＲ しごと 行政情報 届出・各種証明 証明書の発行 戸籍の届出 住所変更（転入・転出） 印鑑登録 マイナンバー・住民基本台
28	あさぎり町	手当・支援・助成	https://www.town.asagiri.lg.jp/list00181.html	手当・支援・助成 / 熊本県あさぎり町公式サイト ヘッダーをスキップ 本文へジャンプ マイページ Languages 閲覧補助 さがす 緊急情報 くらしの情報 子ども・教育 健康・福祉 まちのＰＲ しごと 行政情報 届出・各種証明 証明書の発行 戸籍の届出 住所変更（転入・転出） 印鑑登録 マイナンバー・住民基本台帳
28	あさぎり町	子育て相談フォーム	https://www.town.asagiri.lg.jp/list00187.html	子育て相談フォーム / 熊本県あさぎり町公式サイト ヘッダーをスキップ 本文へジャンプ マイページ Languages 閲覧補助 さがす 緊急情報 くらしの情報 子ども・教育 健康・福祉 まちのＰＲ しごと 行政情報 届出・各種証明 証明書の発行 戸籍の届出 住所変更（転入・転出） 印鑑登録 マイナンバー・住民基本台帳
28	あさぎり町	事業者・就労者支援	https://www.town.asagiri.lg.jp/list00132.html	事業者・就労者支援 / 熊本県あさぎり町公式サイト ヘッダーをスキップ 本文へジャンプ マイページ Languages 閲覧補助 さがす 緊急情報 くらしの情報 子ども・教育 健康・福祉 まちのＰＲ しごと 行政情報 届出・各種証明 証明書の発行 戸籍の届出 住所変更（転入・転出） 印鑑登録 マイナンバー・住民基本台帳
28	あさぎり町	子育て・教育	https://www.town.asagiri.lg.jp/list00672.html	子育て・教育 / 熊本県あさぎり町公式サイト ヘッダーをスキップ 本文へジャンプ マイページ Languages 閲覧補助 さがす 緊急情報 くらしの情報 子ども・教育 健康・福祉 まちのＰＲ しごと 行政情報 届出・各種証明 証明書の発行 戸籍の届出 住所変更（転入・転出） 印鑑登録 マイナンバー・住民基本台帳 申請
28	あさぎり町	生活福祉課	https://www.town.asagiri.lg.jp/list00010.html	生活福祉課 / 熊本県あさぎり町公式サイト ヘッダーをスキップ 本文へジャンプ マイページ Languages 閲覧補助 さがす 緊急情報 くらしの情報 子ども・教育 健康・福祉 まちのＰＲ しごと 行政情報 届出・各種証明 証明書の発行 戸籍の届出 住所変更（転入・転出） 印鑑登録 マイナンバー・住民基本台帳 申請書
28	あさぎり町	高齢福祉課	https://www.town.asagiri.lg.jp/list00011.html	高齢福祉課 / 熊本県あさぎり町公式サイト ヘッダーをスキップ 本文へジャンプ マイページ Languages 閲覧補助 さがす 緊急情報 くらしの情報 子ども・教育 健康・福祉 まちのＰＲ しごと 行政情報 届出・各種証明 証明書の発行 戸籍の届出 住所変更（転入・転出） 印鑑登録 マイナンバー・住民基本台帳 申請書
25	あさぎり町	電子申請・窓口申請	https://www.town.asagiri.lg.jp/dynamic/hpkiji/pub/shinsei.aspx?c_id=3	電子申請・窓口申請 / 熊本県あさぎり町公式サイト ヘッダーをスキップ 本文へジャンプ マイページ Languages 閲覧補助 さがす 緊急情報 くらしの情報 子ども・教育 健康・福祉 まちのＰＲ しごと 行政情報 届出・各種証明 証明書の発行 戸籍の届出 住所変更（転入・転出） 印鑑登録 マイナンバー・住民基本台帳
25	あさぎり町	令和８年度あさぎり町職員採用試験（令和９年度採用）の実施について	https://www.town.asagiri.lg.jp/kiji0035175/index.html	令和８年度あさぎり町職員採用試験（令和９年度採用）の実施について / 熊本県あさぎり町公式サイト ヘッダーをスキップ 本文へジャンプ マイページ Languages 閲覧補助 さがす 緊急情報 くらしの情報 子ども・教育 健康・福祉 まちのＰＲ しごと 行政情報 届出・各種証明 証明書の発行 戸籍の届出 住所変更（転入
25	あさぎり町	ふるさと会の総会および懇親会が開催されました	https://www.town.asagiri.lg.jp/kiji0035169/index.html	ふるさと会の総会および懇親会が開催されました / 熊本県あさぎり町公式サイト ヘッダーをスキップ 本文へジャンプ マイページ Languages 閲覧補助 さがす 緊急情報 くらしの情報 子ども・教育 健康・福祉 まちのＰＲ しごと 行政情報 届出・各種証明 証明書の発行 戸籍の届出 住所変更（転入・転出） 印鑑登録
25	あさぎり町	祝1万ダウンロード突破！「あさぎりクエスト」	https://www.town.asagiri.lg.jp/kiji0035095/index.html	祝1万ダウンロード突破！「あさぎりクエスト」 / 熊本県あさぎり町公式サイト ヘッダーをスキップ 本文へジャンプ マイページ Languages 閲覧補助 さがす 緊急情報 くらしの情報 子ども・教育 健康・福祉 まちのＰＲ しごと 行政情報 届出・各種証明 証明書の発行 戸籍の届出 住所変更（転入・転出） 印鑑登録
25	あさぎり町	歌舞伎座と町産米消費拡大の覚書を締結	https://www.town.asagiri.lg.jp/kiji0034912/index.html	歌舞伎座と町産米消費拡大の覚書を締結 / 熊本県あさぎり町公式サイト ヘッダーをスキップ 本文へジャンプ マイページ Languages 閲覧補助 さがす 緊急情報 くらしの情報 子ども・教育 健康・福祉 まちのＰＲ しごと 行政情報 届出・各種証明 証明書の発行 戸籍の届出 住所変更（転入・転出） 印鑑登録 マイナン
25	あさぎり町	2月28日リリース!!「あさぎり町RPG 『あさぎりクエスト 〜霧の里の秘宝〜』」	https://www.town.asagiri.lg.jp/kiji0034531/index.html	2月28日リリース!!「あさぎり町RPG 『あさぎりクエスト 〜霧の里の秘宝〜』」 / 熊本県あさぎり町公式サイト ヘッダーをスキップ 本文へジャンプ マイページ Languages 閲覧補助 さがす 緊急情報 くらしの情報 子ども・教育 健康・福祉 まちのＰＲ しごと 行政情報 届出・各種証明 証明書の発行 戸籍の届
25	あさぎり町	第二庁舎PR動画を公開しました!	https://www.town.asagiri.lg.jp/kiji0034530/index.html	第二庁舎PR動画を公開しました! / 熊本県あさぎり町公式サイト ヘッダーをスキップ 本文へジャンプ マイページ Languages 閲覧補助 さがす 緊急情報 くらしの情報 子ども・教育 健康・福祉 まちのＰＲ しごと 行政情報 届出・各種証明 証明書の発行 戸籍の届出 住所変更（転入・転出） 印鑑登録 マイナンバー
25	あさぎり町	株式会社タニタヘルスリンクと包括連携協定を締結しました	https://www.town.asagiri.lg.jp/kiji0032773/index.html	株式会社タニタヘルスリンクと包括連携協定を締結しました / 熊本県あさぎり町公式サイト ヘッダーをスキップ 本文へジャンプ マイページ Languages 閲覧補助 さがす 緊急情報 くらしの情報 子ども・教育 健康・福祉 まちのＰＲ しごと 行政情報 届出・各種証明 証明書の発行 戸籍の届出 住所変更（転入・転出）
25	あさぎり町	「縁結び大学」にあさぎり町の移住情報が掲載されました!	https://www.town.asagiri.lg.jp/kiji0032175/index.html	「縁結び大学」にあさぎり町の移住情報が掲載されました! / 熊本県あさぎり町公式サイト ヘッダーをスキップ 本文へジャンプ マイページ Languages 閲覧補助 さがす 緊急情報 くらしの情報 子ども・教育 健康・福祉 まちのＰＲ しごと 行政情報 届出・各種証明 証明書の発行 戸籍の届出 住所変更（転入・転出）
25	あさぎり町	【設計図書等】令和８年７月３０日指名競争入札執行分	https://www.town.asagiri.lg.jp/kiji0035192/index.html	【設計図書等】令和８年７月３０日指名競争入札執行分 / 熊本県あさぎり町公式サイト ヘッダーをスキップ 本文へジャンプ マイページ Languages 閲覧補助 さがす 緊急情報 くらしの情報 子ども・教育 健康・福祉 まちのＰＲ しごと 行政情報 届出・各種証明 証明書の発行 戸籍の届出 住所変更（転入・転出） 印鑑
25	あさぎり町	くま川鉄道沿線除草作業の実施について	https://www.town.asagiri.lg.jp/kiji0035191/index.html	くま川鉄道沿線除草作業の実施について / 熊本県あさぎり町公式サイト ヘッダーをスキップ 本文へジャンプ マイページ Languages 閲覧補助 さがす 緊急情報 くらしの情報 子ども・教育 健康・福祉 まちのＰＲ しごと 行政情報 届出・各種証明 証明書の発行 戸籍の届出 住所変更（転入・転出） 印鑑登録 マイナン
25	あさぎり町	あさぎり町第８期障がい福祉計画及び第４期障がい児福祉計画の策定に係る公募型プロポーザル審査結果	https://www.town.asagiri.lg.jp/kiji0035187/index.html	あさぎり町第８期障がい福祉計画及び第４期障がい児福祉計画の策定に係る公募型プロポーザル審査結果 / 熊本県あさぎり町公式サイト ヘッダーをスキップ 本文へジャンプ マイページ Languages 閲覧補助 さがす 緊急情報 くらしの情報 子ども・教育 健康・福祉 まちのＰＲ しごと 行政情報 届出・各種証明 証明書の発
25	あさぎり町	令和８年６月号農業委員会だよりの発行について	https://www.town.asagiri.lg.jp/kiji0035183/index.html	令和８年６月号農業委員会だよりの発行について / 熊本県あさぎり町公式サイト ヘッダーをスキップ 本文へジャンプ マイページ Languages 閲覧補助 さがす 緊急情報 くらしの情報 子ども・教育 健康・福祉 まちのＰＲ しごと 行政情報 届出・各種証明 証明書の発行 戸籍の届出 住所変更（転入・転出） 印鑑登録
25	あさぎり町	令和8年度「青少年の被害・非行防止強調月間」について	https://www.town.asagiri.lg.jp/kiji0034819/index.html	令和8年度「青少年の被害・非行防止強調月間」について / 熊本県あさぎり町公式サイト ヘッダーをスキップ 本文へジャンプ マイページ Languages 閲覧補助 さがす 緊急情報 くらしの情報 子ども・教育 健康・福祉 まちのＰＲ しごと 行政情報 届出・各種証明 証明書の発行 戸籍の届出 住所変更（転入・転出） 印
25	あさぎり町	おかどめ幸福駅売店の指定管理者を募集します	https://www.town.asagiri.lg.jp/kiji0034798/index.html	おかどめ幸福駅売店の指定管理者を募集します / 熊本県あさぎり町公式サイト ヘッダーをスキップ 本文へジャンプ マイページ Languages 閲覧補助 さがす 緊急情報 くらしの情報 子ども・教育 健康・福祉 まちのＰＲ しごと 行政情報 届出・各種証明 証明書の発行 戸籍の届出 住所変更（転入・転出） 印鑑登録 マ
25	あさぎり町	あさぎり町旧上庁舎跡地周辺整備検討に関するサウンディング型市場調査の実施について	https://www.town.asagiri.lg.jp/kiji0035178/index.html	あさぎり町旧上庁舎跡地周辺整備検討に関するサウンディング型市場調査の実施について / 熊本県あさぎり町公式サイト ヘッダーをスキップ 本文へジャンプ マイページ Languages 閲覧補助 さがす 緊急情報 くらしの情報 子ども・教育 健康・福祉 まちのＰＲ しごと 行政情報 届出・各種証明 証明書の発行 戸籍の届出
25	あさぎり町	地域おこし協力隊を募集します！！（健康づくり活動）	https://www.town.asagiri.lg.jp/kiji0034734/index.html	地域おこし協力隊を募集します！！（健康づくり活動） / 熊本県あさぎり町公式サイト ヘッダーをスキップ 本文へジャンプ マイページ Languages 閲覧補助 さがす 緊急情報 くらしの情報 子ども・教育 健康・福祉 まちのＰＲ しごと 行政情報 届出・各種証明 証明書の発行 戸籍の届出 住所変更（転入・転出） 印鑑
25	あさぎり町	広告掲載を受け付けます	https://www.town.asagiri.lg.jp/kiji0032405/index.html	広告掲載を受け付けます / 熊本県あさぎり町公式サイト ヘッダーをスキップ 本文へジャンプ マイページ Languages 閲覧補助 さがす 緊急情報 くらしの情報 子ども・教育 健康・福祉 まちのＰＲ しごと 行政情報 届出・各種証明 証明書の発行 戸籍の届出 住所変更（転入・転出） 印鑑登録 マイナンバー・住民基本
25	あさぎり町	今年度もマイナンバーカードの休日交付の手続きを実施します。	https://www.town.asagiri.lg.jp/kiji0032618/index.html	今年度もマイナンバーカードの休日交付の手続きを実施します。 / 熊本県あさぎり町公式サイト ヘッダーをスキップ 本文へジャンプ マイページ Languages 閲覧補助 さがす 緊急情報 くらしの情報 子ども・教育 健康・福祉 まちのＰＲ しごと 行政情報 届出・各種証明 証明書の発行 戸籍の届出 住所変更（転入・転出
25	あさぎり町	熊本県食品表示ウォッチャーの募集	https://www.town.asagiri.lg.jp/kiji0035171/index.html	熊本県食品表示ウォッチャーの募集 / 熊本県あさぎり町公式サイト ヘッダーをスキップ 本文へジャンプ マイページ Languages 閲覧補助 さがす 緊急情報 くらしの情報 子ども・教育 健康・福祉 まちのＰＲ しごと 行政情報 届出・各種証明 証明書の発行 戸籍の届出 住所変更（転入・転出） 印鑑登録 マイナンバー
25	あさぎり町	熱中症から体を守りましょう	https://www.town.asagiri.lg.jp/kiji0035141/index.html	熱中症から体を守りましょう / 熊本県あさぎり町公式サイト ヘッダーをスキップ 本文へジャンプ マイページ Languages 閲覧補助 さがす 緊急情報 くらしの情報 子ども・教育 健康・福祉 まちのＰＲ しごと 行政情報 届出・各種証明 証明書の発行 戸籍の届出 住所変更（転入・転出） 印鑑登録 マイナンバー・住民
25	あさぎり町	身体障がい者手帳、精神障がい者保健福祉手帳の返還事務手続がオンライン化されます	https://www.town.asagiri.lg.jp/kiji0035136/index.html	身体障がい者手帳、精神障がい者保健福祉手帳の返還事務手続がオンライン化されます / 熊本県あさぎり町公式サイト ヘッダーをスキップ 本文へジャンプ マイページ Languages 閲覧補助 さがす 緊急情報 くらしの情報 子ども・教育 健康・福祉 まちのＰＲ しごと 行政情報 届出・各種証明 証明書の発行 戸籍の届出
25	あさぎり町	旅券手数料の改定について	https://www.town.asagiri.lg.jp/kiji0035135/index.html	旅券手数料の改定について / 熊本県あさぎり町公式サイト ヘッダーをスキップ 本文へジャンプ マイページ Languages 閲覧補助 さがす 緊急情報 くらしの情報 子ども・教育 健康・福祉 まちのＰＲ しごと 行政情報 届出・各種証明 証明書の発行 戸籍の届出 住所変更（転入・転出） 印鑑登録 マイナンバー・住民基
25	あさぎり町	EV充電設備を設置しました。	https://www.town.asagiri.lg.jp/kiji0035080/index.html	EV充電設備を設置しました。 / 熊本県あさぎり町公式サイト ヘッダーをスキップ 本文へジャンプ マイページ Languages 閲覧補助 さがす 緊急情報 くらしの情報 子ども・教育 健康・福祉 まちのＰＲ しごと 行政情報 届出・各種証明 証明書の発行 戸籍の届出 住所変更（転入・転出） 印鑑登録 マイナンバー・住
25	あさぎり町	令和７年度あさぎり町職員採用試験（令和８年度採用・第２回）の実施について	https://www.town.asagiri.lg.jp/kiji0034931/index.html	令和７年度あさぎり町職員採用試験（令和８年度採用・第２回）の実施について / 熊本県あさぎり町公式サイト ヘッダーをスキップ 本文へジャンプ マイページ Languages 閲覧補助 さがす 緊急情報 くらしの情報 子ども・教育 健康・福祉 まちのＰＲ しごと 行政情報 届出・各種証明 証明書の発行 戸籍の届出 住所変
25	あさぎり町	令和8年度 乳幼児健診・学級等の日程について	https://www.town.asagiri.lg.jp/kiji0035180/index.html	令和8年度 乳幼児健診・学級等の日程について / 熊本県あさぎり町公式サイト ヘッダーをスキップ 本文へジャンプ マイページ Languages 閲覧補助 さがす 緊急情報 くらしの情報 子ども・教育 健康・福祉 まちのＰＲ しごと 行政情報 届出・各種証明 証明書の発行 戸籍の届出 住所変更（転入・転出） 印鑑登録
25	あさぎり町	あさぎり町文化財講座（座学	https://www.town.asagiri.lg.jp/kiji0034808/index.html	あさぎり町文化財講座（座学／第１回）を開催します！ / 熊本県あさぎり町公式サイト ヘッダーをスキップ 本文へジャンプ マイページ Languages 閲覧補助 さがす 緊急情報 くらしの情報 子ども・教育 健康・福祉 まちのＰＲ しごと 行政情報 届出・各種証明 証明書の発行 戸籍の届出 住所変更（転入・転出） 印鑑
25	あさぎり町	令和8年度学校給食献立	https://www.town.asagiri.lg.jp/kiji0034713/index.html	令和8年度学校給食献立 / 熊本県あさぎり町公式サイト ヘッダーをスキップ 本文へジャンプ マイページ Languages 閲覧補助 さがす 緊急情報 くらしの情報 子ども・教育 健康・福祉 まちのＰＲ しごと 行政情報 届出・各種証明 証明書の発行 戸籍の届出 住所変更（転入・転出） 印鑑登録 マイナンバー・住民基本
25	あさぎり町	あさぎり町立学校における働き方改革推進プラン（あさぎり町立学校教育職員に関する業務量管理・健康確保措置実施計画）	https://www.town.asagiri.lg.jp/kiji0035102/index.html	あさぎり町立学校における働き方改革推進プラン（あさぎり町立学校教育職員に関する業務量管理・健康確保措置実施計画） / 熊本県あさぎり町公式サイト ヘッダーをスキップ 本文へジャンプ マイページ Languages 閲覧補助 さがす 緊急情報 くらしの情報 子ども・教育 健康・福祉 まちのＰＲ しごと 行政情報 届出・各
25	あさぎり町	あさぎり中学校の制服のあり方に関する基本方針	https://www.town.asagiri.lg.jp/kiji0034930/index.html	あさぎり中学校の制服のあり方に関する基本方針 / 熊本県あさぎり町公式サイト ヘッダーをスキップ 本文へジャンプ マイページ Languages 閲覧補助 さがす 緊急情報 くらしの情報 子ども・教育 健康・福祉 まちのＰＲ しごと 行政情報 届出・各種証明 証明書の発行 戸籍の届出 住所変更（転入・転出） 印鑑登録
25	あさぎり町	金婚夫婦表彰者の受付を開始します	https://www.town.asagiri.lg.jp/kiji0034751/index.html	金婚夫婦表彰者の受付を開始します / 熊本県あさぎり町公式サイト ヘッダーをスキップ 本文へジャンプ マイページ Languages 閲覧補助 さがす 緊急情報 くらしの情報 子ども・教育 健康・福祉 まちのＰＲ しごと 行政情報 届出・各種証明 証明書の発行 戸籍の届出 住所変更（転入・転出） 印鑑登録 マイナンバー
25	あさぎり町	あさぎり町地域包括支援センターのご紹介	https://www.town.asagiri.lg.jp/kiji0035129/index.html	あさぎり町地域包括支援センターのご紹介 / 熊本県あさぎり町公式サイト ヘッダーをスキップ 本文へジャンプ マイページ Languages 閲覧補助 さがす 緊急情報 くらしの情報 子ども・教育 健康・福祉 まちのＰＲ しごと 行政情報 届出・各種証明 証明書の発行 戸籍の届出 住所変更（転入・転出） 印鑑登録 マイナ
25	あさぎり町	あさぎり町健康づくりチャレンジ月間2025	https://www.town.asagiri.lg.jp/kiji0034886/index.html	あさぎり町健康づくりチャレンジ月間2025 / 熊本県あさぎり町公式サイト ヘッダーをスキップ 本文へジャンプ マイページ Languages 閲覧補助 さがす 緊急情報 くらしの情報 子ども・教育 健康・福祉 まちのＰＲ しごと 行政情報 届出・各種証明 証明書の発行 戸籍の届出 住所変更（転入・転出） 印鑑登録 マ
25	あさぎり町	伐採届及び伐採後の造林の届出書について	https://www.town.asagiri.lg.jp/kiji0035163/index.html	伐採届及び伐採後の造林の届出書について / 熊本県あさぎり町公式サイト ヘッダーをスキップ 本文へジャンプ マイページ Languages 閲覧補助 さがす 緊急情報 くらしの情報 子ども・教育 健康・福祉 まちのＰＲ しごと 行政情報 届出・各種証明 証明書の発行 戸籍の届出 住所変更（転入・転出） 印鑑登録 マイナ
25	あさぎり町	法務局からのお知らせ	https://www.town.asagiri.lg.jp/kiji0032631/index.html	法務局からのお知らせ / 熊本県あさぎり町公式サイト ヘッダーをスキップ 本文へジャンプ マイページ Languages 閲覧補助 さがす 緊急情報 くらしの情報 子ども・教育 健康・福祉 まちのＰＲ しごと 行政情報 届出・各種証明 証明書の発行 戸籍の届出 住所変更（転入・転出） 印鑑登録 マイナンバー・住民基本台
25	あさぎり町	eLTAX(地方税ポータルシステム)運用開始のお知らせ	https://www.town.asagiri.lg.jp/kiji0033359/index.html	eLTAX(地方税ポータルシステム)運用開始のお知らせ / 熊本県あさぎり町公式サイト ヘッダーをスキップ 本文へジャンプ マイページ Languages 閲覧補助 さがす 緊急情報 くらしの情報 子ども・教育 健康・福祉 まちのＰＲ しごと 行政情報 届出・各種証明 証明書の発行 戸籍の届出 住所変更（転入・転出）
25	あさぎり町	e-TAX(国税電子申告・納税システム)のご案内	https://www.town.asagiri.lg.jp/kiji0032184/index.html	e-TAX(国税電子申告・納税システム)のご案内 / 熊本県あさぎり町公式サイト ヘッダーをスキップ 本文へジャンプ マイページ Languages 閲覧補助 さがす 緊急情報 くらしの情報 子ども・教育 健康・福祉 まちのＰＲ しごと 行政情報 届出・各種証明 証明書の発行 戸籍の届出 住所変更（転入・転出） 印鑑登
25	あさぎり町	【お知らせ】くま川鉄道湯前線（人吉温泉駅～肥後西村駅間）での試運転・訓練運転について	https://www.town.asagiri.lg.jp/kiji0035181/index.html	【お知らせ】くま川鉄道湯前線（人吉温泉駅～肥後西村駅間）での試運転・訓練運転について / 熊本県あさぎり町公式サイト ヘッダーをスキップ 本文へジャンプ マイページ Languages 閲覧補助 さがす 緊急情報 くらしの情報 子ども・教育 健康・福祉 まちのＰＲ しごと 行政情報 届出・各種証明 証明書の発行 戸籍の
25	あさぎり町	公営企業に係る「経営比較分析表」の公表について	https://www.town.asagiri.lg.jp/kiji0034045/index.html	公営企業に係る「経営比較分析表」の公表について / 熊本県あさぎり町公式サイト ヘッダーをスキップ 本文へジャンプ マイページ Languages 閲覧補助 さがす 緊急情報 くらしの情報 子ども・教育 健康・福祉 まちのＰＲ しごと 行政情報 届出・各種証明 証明書の発行 戸籍の届出 住所変更（転入・転出） 印鑑登録
25	あさぎり町	第５次あさぎり町保健福祉総合計画を策定しました	https://www.town.asagiri.lg.jp/kiji0032675/index.html	第５次あさぎり町保健福祉総合計画を策定しました / 熊本県あさぎり町公式サイト ヘッダーをスキップ 本文へジャンプ マイページ Languages 閲覧補助 さがす 緊急情報 くらしの情報 子ども・教育 健康・福祉 まちのＰＲ しごと 行政情報 届出・各種証明 証明書の発行 戸籍の届出 住所変更（転入・転出） 印鑑登録
25	あさぎり町	小型充電式電池の廃棄について	https://www.town.asagiri.lg.jp/kiji0035109/index.html	小型充電式電池の廃棄について / 熊本県あさぎり町公式サイト ヘッダーをスキップ 本文へジャンプ マイページ Languages 閲覧補助 さがす 緊急情報 くらしの情報 子ども・教育 健康・福祉 まちのＰＲ しごと 行政情報 届出・各種証明 証明書の発行 戸籍の届出 住所変更（転入・転出） 印鑑登録 マイナンバー・住
25	あさぎり町	あさぎり町 ごみ・資源物冊子	https://www.town.asagiri.lg.jp/kiji0034523/index.html	あさぎり町 ごみ・資源物冊子 / 熊本県あさぎり町公式サイト ヘッダーをスキップ 本文へジャンプ マイページ Languages 閲覧補助 さがす 緊急情報 くらしの情報 子ども・教育 健康・福祉 まちのＰＲ しごと 行政情報 届出・各種証明 証明書の発行 戸籍の届出 住所変更（転入・転出） 印鑑登録 マイナンバー・住
25	あさぎり町	年末年始のごみ収集のお知らせ	https://www.town.asagiri.lg.jp/kiji0034922/index.html	年末年始のごみ収集のお知らせ / 熊本県あさぎり町公式サイト ヘッダーをスキップ 本文へジャンプ マイページ Languages 閲覧補助 さがす 緊急情報 くらしの情報 子ども・教育 健康・福祉 まちのＰＲ しごと 行政情報 届出・各種証明 証明書の発行 戸籍の届出 住所変更（転入・転出） 印鑑登録 マイナンバー・住
25	あさぎり町	あさぎり町地球温暖化対策実行計画(事務事業編)	https://www.town.asagiri.lg.jp/kiji0034338/index.html	あさぎり町地球温暖化対策実行計画(事務事業編) / 熊本県あさぎり町公式サイト ヘッダーをスキップ 本文へジャンプ マイページ Languages 閲覧補助 さがす 緊急情報 くらしの情報 子ども・教育 健康・福祉 まちのＰＲ しごと 行政情報 届出・各種証明 証明書の発行 戸籍の届出 住所変更（転入・転出） 印鑑登録
25	あさぎり町	あさぎり町地球温暖化対策実行計画（区域施策編）を策定しました	https://www.town.asagiri.lg.jp/kiji0034687/index.html	あさぎり町地球温暖化対策実行計画（区域施策編）を策定しました / 熊本県あさぎり町公式サイト ヘッダーをスキップ 本文へジャンプ マイページ Languages 閲覧補助 さがす 緊急情報 くらしの情報 子ども・教育 健康・福祉 まちのＰＲ しごと 行政情報 届出・各種証明 証明書の発行 戸籍の届出 住所変更（転入・転
25	あさぎり町	家庭教育支援員便り「ささえあい」バックナンバー	https://www.town.asagiri.lg.jp/kiji0035159/index.html	家庭教育支援員便り「ささえあい」バックナンバー / 熊本県あさぎり町公式サイト ヘッダーをスキップ 本文へジャンプ マイページ Languages 閲覧補助 さがす 緊急情報 くらしの情報 子ども・教育 健康・福祉 まちのＰＲ しごと 行政情報 届出・各種証明 証明書の発行 戸籍の届出 住所変更（転入・転出） 印鑑登録
25	あさぎり町	あさぎり町第８期障がい福祉計画及び第４期障がい児福祉計画の策定に係る公募型プロポーザルを実施します	https://www.town.asagiri.lg.jp/kiji0035165/index.html	あさぎり町第８期障がい福祉計画及び第４期障がい児福祉計画の策定に係る公募型プロポーザルを実施します / 熊本県あさぎり町公式サイト ヘッダーをスキップ 本文へジャンプ マイページ Languages 閲覧補助 さがす 緊急情報 くらしの情報 子ども・教育 健康・福祉 まちのＰＲ しごと 行政情報 届出・各種証明 証明書
25	あさぎり町	令和8年あさぎり町二十歳の成人式の開催について	https://www.town.asagiri.lg.jp/kiji0034888/index.html	令和8年あさぎり町二十歳の成人式の開催について / 熊本県あさぎり町公式サイト ヘッダーをスキップ 本文へジャンプ マイページ Languages 閲覧補助 さがす 緊急情報 くらしの情報 子ども・教育 健康・福祉 まちのＰＲ しごと 行政情報 届出・各種証明 証明書の発行 戸籍の届出 住所変更（転入・転出） 印鑑登録
25	あさぎり町	令和８年度（２０２６年度）第２回危険物取扱者試験案内	https://www.town.asagiri.lg.jp/kiji0035168/index.html	令和８年度（２０２６年度）第２回危険物取扱者試験案内 / 熊本県あさぎり町公式サイト ヘッダーをスキップ 本文へジャンプ マイページ Languages 閲覧補助 さがす 緊急情報 くらしの情報 子ども・教育 健康・福祉 まちのＰＲ しごと 行政情報 届出・各種証明 証明書の発行 戸籍の届出 住所変更（転入・転出） 印
25	あさぎり町	住民票や戸籍の証明の第三者請求について	https://www.town.asagiri.lg.jp/kiji0033997/index.html	住民票や戸籍の証明の第三者請求について / 熊本県あさぎり町公式サイト ヘッダーをスキップ 本文へジャンプ マイページ Languages 閲覧補助 さがす 緊急情報 くらしの情報 子ども・教育 健康・福祉 まちのＰＲ しごと 行政情報 届出・各種証明 証明書の発行 戸籍の届出 住所変更（転入・転出） 印鑑登録 マイナ
25	あさぎり町	マイナンバーカード対応記帳台導入	https://www.town.asagiri.lg.jp/kiji003100/index.html	マイナンバーカード対応記帳台導入 / 熊本県あさぎり町公式サイト ヘッダーをスキップ 本文へジャンプ マイページ Languages 閲覧補助 さがす 緊急情報 くらしの情報 子ども・教育 健康・福祉 まちのＰＲ しごと 行政情報 届出・各種証明 証明書の発行 戸籍の届出 住所変更（転入・転出） 印鑑登録 マイナンバー
25	あさぎり町	父母の離婚後の子の養育に関する民法等が改正されました	https://www.town.asagiri.lg.jp/kiji0035088/index.html	父母の離婚後の子の養育に関する民法等が改正されました / 熊本県あさぎり町公式サイト ヘッダーをスキップ 本文へジャンプ マイページ Languages 閲覧補助 さがす 緊急情報 くらしの情報 子ども・教育 健康・福祉 まちのＰＲ しごと 行政情報 届出・各種証明 証明書の発行 戸籍の届出 住所変更（転入・転出） 印
25	あさぎり町	離婚届について	https://www.town.asagiri.lg.jp/kiji003104/index.html	離婚届について / 熊本県あさぎり町公式サイト ヘッダーをスキップ 本文へジャンプ マイページ Languages 閲覧補助 さがす 緊急情報 くらしの情報 子ども・教育 健康・福祉 まちのＰＲ しごと 行政情報 届出・各種証明 証明書の発行 戸籍の届出 住所変更（転入・転出） 印鑑登録 マイナンバー・住民基本台帳 申
25	あさぎり町	婚姻届について	https://www.town.asagiri.lg.jp/kiji0032626/index.html	婚姻届について / 熊本県あさぎり町公式サイト ヘッダーをスキップ 本文へジャンプ マイページ Languages 閲覧補助 さがす 緊急情報 くらしの情報 子ども・教育 健康・福祉 まちのＰＲ しごと 行政情報 届出・各種証明 証明書の発行 戸籍の届出 住所変更（転入・転出） 印鑑登録 マイナンバー・住民基本台帳 申
25	あさぎり町	死亡届(埋火葬許可申請)について	https://www.town.asagiri.lg.jp/kiji0032628/index.html	死亡届(埋火葬許可申請)について / 熊本県あさぎり町公式サイト ヘッダーをスキップ 本文へジャンプ マイページ Languages 閲覧補助 さがす 緊急情報 くらしの情報 子ども・教育 健康・福祉 まちのＰＲ しごと 行政情報 届出・各種証明 証明書の発行 戸籍の届出 住所変更（転入・転出） 印鑑登録 マイナンバー
25	あさぎり町	12	https://www.town.asagiri.lg.jp/kiji0032613/index.html	12/4以降にパスポートのオンライン申請をする方は、クレジットカードで手数料が支払えます! / 熊本県あさぎり町公式サイト ヘッダーをスキップ 本文へジャンプ マイページ Languages 閲覧補助 さがす 緊急情報 くらしの情報 子ども・教育 健康・福祉 まちのＰＲ しごと 行政情報 届出・各種証明 証明書の発行
25	あさぎり町	公益通報について	https://www.town.asagiri.lg.jp/kiji0035101/index.html	公益通報について / 熊本県あさぎり町公式サイト ヘッダーをスキップ 本文へジャンプ マイページ Languages 閲覧補助 さがす 緊急情報 くらしの情報 子ども・教育 健康・福祉 まちのＰＲ しごと 行政情報 届出・各種証明 証明書の発行 戸籍の届出 住所変更（転入・転出） 印鑑登録 マイナンバー・住民基本台帳
25	あさぎり町	要介護認定	https://www.town.asagiri.lg.jp/kiji0034709/index.html	要介護認定 / 熊本県あさぎり町公式サイト ヘッダーをスキップ 本文へジャンプ マイページ Languages 閲覧補助 さがす 緊急情報 くらしの情報 子ども・教育 健康・福祉 まちのＰＲ しごと 行政情報 届出・各種証明 証明書の発行 戸籍の届出 住所変更（転入・転出） 印鑑登録 マイナンバー・住民基本台帳 申請書
25	あさぎり町	【区長会関係】 提出書類様式の掲載について	https://www.town.asagiri.lg.jp/kiji003494/index.html	【区長会関係】 提出書類様式の掲載について / 熊本県あさぎり町公式サイト ヘッダーをスキップ 本文へジャンプ マイページ Languages 閲覧補助 さがす 緊急情報 くらしの情報 子ども・教育 健康・福祉 まちのＰＲ しごと 行政情報 届出・各種証明 証明書の発行 戸籍の届出 住所変更（転入・転出） 印鑑登録 マ
25	あさぎり町	あさぎり町の歌ダンス曲「あさぎりダンス」の利用のご案内	https://www.town.asagiri.lg.jp/kiji0032616/index.html	あさぎり町の歌ダンス曲「あさぎりダンス」の利用のご案内 / 熊本県あさぎり町公式サイト ヘッダーをスキップ 本文へジャンプ マイページ Languages 閲覧補助 さがす 緊急情報 くらしの情報 子ども・教育 健康・福祉 まちのＰＲ しごと 行政情報 届出・各種証明 証明書の発行 戸籍の届出 住所変更（転入・転出）
25	あさぎり町	あさぎり町の歌ダンス曲「あさぎりダンス」の利用のご案内	https://www.town.asagiri.lg.jp/kiji0034392/index.html	あさぎり町の歌ダンス曲「あさぎりダンス」の利用のご案内 / 熊本県あさぎり町公式サイト ヘッダーをスキップ 本文へジャンプ マイページ Languages 閲覧補助 さがす 緊急情報 くらしの情報 子ども・教育 健康・福祉 まちのＰＲ しごと 行政情報 届出・各種証明 証明書の発行 戸籍の届出 住所変更（転入・転出）
25	あさぎり町	軽自動車税 標識交付申請及び返納申請について	https://www.town.asagiri.lg.jp/kiji003525/index.html	軽自動車税 標識交付申請及び返納申請について / 熊本県あさぎり町公式サイト ヘッダーをスキップ 本文へジャンプ マイページ Languages 閲覧補助 さがす 緊急情報 くらしの情報 子ども・教育 健康・福祉 まちのＰＲ しごと 行政情報 届出・各種証明 証明書の発行 戸籍の届出 住所変更（転入・転出） 印鑑登録
25	あさぎり町	町県民税特別徴収異動届出書様式の掲載について	https://www.town.asagiri.lg.jp/kiji003538/index.html	町県民税特別徴収異動届出書様式の掲載について / 熊本県あさぎり町公式サイト ヘッダーをスキップ 本文へジャンプ マイページ Languages 閲覧補助 さがす 緊急情報 くらしの情報 子ども・教育 健康・福祉 まちのＰＲ しごと 行政情報 届出・各種証明 証明書の発行 戸籍の届出 住所変更（転入・転出） 印鑑登録
25	あさぎり町	情報開示請求書について	https://www.town.asagiri.lg.jp/kiji0032411/index.html	情報開示請求書について / 熊本県あさぎり町公式サイト ヘッダーをスキップ 本文へジャンプ マイページ Languages 閲覧補助 さがす 緊急情報 くらしの情報 子ども・教育 健康・福祉 まちのＰＲ しごと 行政情報 届出・各種証明 証明書の発行 戸籍の届出 住所変更（転入・転出） 印鑑登録 マイナンバー・住民基本
25	あさぎり町	適格請求書発行事業者として登録しました	https://www.town.asagiri.lg.jp/kiji003460/index.html	適格請求書発行事業者として登録しました / 熊本県あさぎり町公式サイト ヘッダーをスキップ 本文へジャンプ マイページ Languages 閲覧補助 さがす 緊急情報 くらしの情報 子ども・教育 健康・福祉 まちのＰＲ しごと 行政情報 届出・各種証明 証明書の発行 戸籍の届出 住所変更（転入・転出） 印鑑登録 マイナ
25	あさぎり町	適格請求書等保存方式(インボイス制度)について	https://www.town.asagiri.lg.jp/kiji003467/index.html	適格請求書等保存方式(インボイス制度)について / 熊本県あさぎり町公式サイト ヘッダーをスキップ 本文へジャンプ マイページ Languages 閲覧補助 さがす 緊急情報 くらしの情報 子ども・教育 健康・福祉 まちのＰＲ しごと 行政情報 届出・各種証明 証明書の発行 戸籍の届出 住所変更（転入・転出） 印鑑登録
25	あさぎり町	国税庁ホームページのご案内	https://www.town.asagiri.lg.jp/kiji003464/index.html	国税庁ホームページのご案内 / 熊本県あさぎり町公式サイト ヘッダーをスキップ 本文へジャンプ マイページ Languages 閲覧補助 さがす 緊急情報 くらしの情報 子ども・教育 健康・福祉 まちのＰＲ しごと 行政情報 届出・各種証明 証明書の発行 戸籍の届出 住所変更（転入・転出） 印鑑登録 マイナンバー・住民
25	あさぎり町	軽自動車継続検査(車検時)での納税証明書の提示が省略できます	https://www.town.asagiri.lg.jp/kiji003527/index.html	軽自動車継続検査(車検時)での納税証明書の提示が省略できます / 熊本県あさぎり町公式サイト ヘッダーをスキップ 本文へジャンプ マイページ Languages 閲覧補助 さがす 緊急情報 くらしの情報 子ども・教育 健康・福祉 まちのＰＲ しごと 行政情報 届出・各種証明 証明書の発行 戸籍の届出 住所変更（転入・転
25	あさぎり町	令和7年度より「軽自動車税納税証明書（継続検査用）の発送を廃止いたします	https://www.town.asagiri.lg.jp/kiji003531/index.html	令和7年度より「軽自動車税納税証明書（継続検査用）の発送を廃止いたします / 熊本県あさぎり町公式サイト ヘッダーをスキップ 本文へジャンプ マイページ Languages 閲覧補助 さがす 緊急情報 くらしの情報 子ども・教育 健康・福祉 まちのＰＲ しごと 行政情報 届出・各種証明 証明書の発行 戸籍の届出 住所変
25	あさぎり町	住宅用家屋証明書について	https://www.town.asagiri.lg.jp/kiji003534/index.html	住宅用家屋証明書について / 熊本県あさぎり町公式サイト ヘッダーをスキップ 本文へジャンプ マイページ Languages 閲覧補助 さがす 緊急情報 くらしの情報 子ども・教育 健康・福祉 まちのＰＲ しごと 行政情報 届出・各種証明 証明書の発行 戸籍の届出 住所変更（転入・転出） 印鑑登録 マイナンバー・住民基
25	あさぎり町	郵送による軽自動車納税証明書(継続検査用)の請求について	https://www.town.asagiri.lg.jp/kiji0032177/index.html	郵送による軽自動車納税証明書(継続検査用)の請求について / 熊本県あさぎり町公式サイト ヘッダーをスキップ 本文へジャンプ マイページ Languages 閲覧補助 さがす 緊急情報 くらしの情報 子ども・教育 健康・福祉 まちのＰＲ しごと 行政情報 届出・各種証明 証明書の発行 戸籍の届出 住所変更（転入・転出）
25	あさぎり町	町税等の納付は、便利な口座振替にしませんか?	https://www.town.asagiri.lg.jp/kiji003466/index.html	町税等の納付は、便利な口座振替にしませんか? / 熊本県あさぎり町公式サイト ヘッダーをスキップ 本文へジャンプ マイページ Languages 閲覧補助 さがす 緊急情報 くらしの情報 子ども・教育 健康・福祉 まちのＰＲ しごと 行政情報 届出・各種証明 証明書の発行 戸籍の届出 住所変更（転入・転出） 印鑑登録
25	あさぎり町	軽自動車税 標識交付申請及び返納申請について	https://www.town.asagiri.lg.jp/kiji0034510/index.html	軽自動車税 標識交付申請及び返納申請について / 熊本県あさぎり町公式サイト ヘッダーをスキップ 本文へジャンプ マイページ Languages 閲覧補助 さがす 緊急情報 くらしの情報 子ども・教育 健康・福祉 まちのＰＲ しごと 行政情報 届出・各種証明 証明書の発行 戸籍の届出 住所変更（転入・転出） 印鑑登録
25	あさぎり町	「ペダル付原動機付自転車」のナンバープレート(標識)の取得について	https://www.town.asagiri.lg.jp/kiji003530/index.html	「ペダル付原動機付自転車」のナンバープレート(標識)の取得について / 熊本県あさぎり町公式サイト ヘッダーをスキップ 本文へジャンプ マイページ Languages 閲覧補助 さがす 緊急情報 くらしの情報 子ども・教育 健康・福祉 まちのＰＲ しごと 行政情報 届出・各種証明 証明書の発行 戸籍の届出 住所変更（転
25	あさぎり町	「農耕作業用トレーラ」に対する課税について	https://www.town.asagiri.lg.jp/kiji003526/index.html	「農耕作業用トレーラ」に対する課税について / 熊本県あさぎり町公式サイト ヘッダーをスキップ 本文へジャンプ マイページ Languages 閲覧補助 さがす 緊急情報 くらしの情報 子ども・教育 健康・福祉 まちのＰＲ しごと 行政情報 届出・各種証明 証明書の発行 戸籍の届出 住所変更（転入・転出） 印鑑登録 マ
25	あさぎり町	「あさぎり町」のナンバープレートへ変更をお願いします	https://www.town.asagiri.lg.jp/kiji0034511/index.html	「あさぎり町」のナンバープレートへ変更をお願いします / 熊本県あさぎり町公式サイト ヘッダーをスキップ 本文へジャンプ マイページ Languages 閲覧補助 さがす 緊急情報 くらしの情報 子ども・教育 健康・福祉 まちのＰＲ しごと 行政情報 届出・各種証明 証明書の発行 戸籍の届出 住所変更（転入・転出） 印
25	あさぎり町	町民税・県民税申告書について	https://www.town.asagiri.lg.jp/kiji003535/index.html	町民税・県民税申告書について / 熊本県あさぎり町公式サイト ヘッダーをスキップ 本文へジャンプ マイページ Languages 閲覧補助 さがす 緊急情報 くらしの情報 子ども・教育 健康・福祉 まちのＰＲ しごと 行政情報 届出・各種証明 証明書の発行 戸籍の届出 住所変更（転入・転出） 印鑑登録 マイナンバー・住
25	あさぎり町	町民税・県民税申告書について	https://www.town.asagiri.lg.jp/kiji0034516/index.html	町民税・県民税申告書について / 熊本県あさぎり町公式サイト ヘッダーをスキップ 本文へジャンプ マイページ Languages 閲覧補助 さがす 緊急情報 くらしの情報 子ども・教育 健康・福祉 まちのＰＲ しごと 行政情報 届出・各種証明 証明書の発行 戸籍の届出 住所変更（転入・転出） 印鑑登録 マイナンバー・住
25	あさぎり町	国民健康保険 各種申請書様式	https://www.town.asagiri.lg.jp/kiji0034848/index.html	国民健康保険 各種申請書様式 / 熊本県あさぎり町公式サイト ヘッダーをスキップ 本文へジャンプ マイページ Languages 閲覧補助 さがす 緊急情報 くらしの情報 子ども・教育 健康・福祉 まちのＰＲ しごと 行政情報 届出・各種証明 証明書の発行 戸籍の届出 住所変更（転入・転出） 印鑑登録 マイナンバー・住
25	あさぎり町	国民健康保険 介護保険適用除外の届出について	https://www.town.asagiri.lg.jp/kiji0034892/index.html	国民健康保険 介護保険適用除外の届出について / 熊本県あさぎり町公式サイト ヘッダーをスキップ 本文へジャンプ マイページ Languages 閲覧補助 さがす 緊急情報 くらしの情報 子ども・教育 健康・福祉 まちのＰＲ しごと 行政情報 届出・各種証明 証明書の発行 戸籍の届出 住所変更（転入・転出） 印鑑登録
25	あさぎり町	先導的官民連携支援事業の調査結果について	https://www.town.asagiri.lg.jp/kiji0035179/index.html	先導的官民連携支援事業の調査結果について / 熊本県あさぎり町公式サイト ヘッダーをスキップ 本文へジャンプ マイページ Languages 閲覧補助 さがす 緊急情報 くらしの情報 子ども・教育 健康・福祉 まちのＰＲ しごと 行政情報 届出・各種証明 証明書の発行 戸籍の届出 住所変更（転入・転出） 印鑑登録 マイ
25	あさぎり町	国土交通省からの通知に基づく町営住宅における吹付けアスベスト等の使用実態について	https://www.town.asagiri.lg.jp/kiji0034061/index.html	国土交通省からの通知に基づく町営住宅における吹付けアスベスト等の使用実態について / 熊本県あさぎり町公式サイト ヘッダーをスキップ 本文へジャンプ マイページ Languages 閲覧補助 さがす 緊急情報 くらしの情報 子ども・教育 健康・福祉 まちのＰＲ しごと 行政情報 届出・各種証明 証明書の発行 戸籍の届出
25	あさぎり町	あさぎり町橋梁個別施設計画(長寿命化計画)	https://www.town.asagiri.lg.jp/kiji0032418/index.html	あさぎり町橋梁個別施設計画(長寿命化計画) / 熊本県あさぎり町公式サイト ヘッダーをスキップ 本文へジャンプ マイページ Languages 閲覧補助 さがす 緊急情報 くらしの情報 子ども・教育 健康・福祉 まちのＰＲ しごと 行政情報 届出・各種証明 証明書の発行 戸籍の届出 住所変更（転入・転出） 印鑑登録 マ
25	あさぎり町	台風による倒木等の後処理は所有者で!	https://www.town.asagiri.lg.jp/kiji0032810/index.html	台風による倒木等の後処理は所有者で! / 熊本県あさぎり町公式サイト ヘッダーをスキップ 本文へジャンプ マイページ Languages 閲覧補助 さがす 緊急情報 くらしの情報 子ども・教育 健康・福祉 まちのＰＲ しごと 行政情報 届出・各種証明 証明書の発行 戸籍の届出 住所変更（転入・転出） 印鑑登録 マイナン
25	あさぎり町	建築物耐震改修促進計画について	https://www.town.asagiri.lg.jp/kiji0032595/index.html	建築物耐震改修促進計画について / 熊本県あさぎり町公式サイト ヘッダーをスキップ 本文へジャンプ マイページ Languages 閲覧補助 さがす 緊急情報 くらしの情報 子ども・教育 健康・福祉 まちのＰＲ しごと 行政情報 届出・各種証明 証明書の発行 戸籍の届出 住所変更（転入・転出） 印鑑登録 マイナンバー・
25	あさぎり町	あさぎり町管内橋梁定期点検(近接目視)15m以上橋梁の点検者資格要件について(お知らせ)	https://www.town.asagiri.lg.jp/kiji0032477/index.html	あさぎり町管内橋梁定期点検(近接目視)15m以上橋梁の点検者資格要件について(お知らせ) / 熊本県あさぎり町公式サイト ヘッダーをスキップ 本文へジャンプ マイページ Languages 閲覧補助 さがす 緊急情報 くらしの情報 子ども・教育 健康・福祉 まちのＰＲ しごと 行政情報 届出・各種証明 証明書の発行 戸
25	あさぎり町	耐震化支援について	https://www.town.asagiri.lg.jp/kiji0032412/index.html	耐震化支援について / 熊本県あさぎり町公式サイト ヘッダーをスキップ 本文へジャンプ マイページ Languages 閲覧補助 さがす 緊急情報 くらしの情報 子ども・教育 健康・福祉 まちのＰＲ しごと 行政情報 届出・各種証明 証明書の発行 戸籍の届出 住所変更（転入・転出） 印鑑登録 マイナンバー・住民基本台帳
25	あさぎり町	大規模盛土造成地の調査に関する取組について	https://www.town.asagiri.lg.jp/kiji0032588/index.html	大規模盛土造成地の調査に関する取組について / 熊本県あさぎり町公式サイト ヘッダーをスキップ 本文へジャンプ マイページ Languages 閲覧補助 さがす 緊急情報 くらしの情報 子ども・教育 健康・福祉 まちのＰＲ しごと 行政情報 届出・各種証明 証明書の発行 戸籍の届出 住所変更（転入・転出） 印鑑登録 マ
25	あさぎり町	岡留公園	https://www.town.asagiri.lg.jp/kiji0032317/index.html	岡留公園 / 熊本県あさぎり町公式サイト ヘッダーをスキップ 本文へジャンプ マイページ Languages 閲覧補助 さがす 緊急情報 くらしの情報 子ども・教育 健康・福祉 まちのＰＲ しごと 行政情報 届出・各種証明 証明書の発行 戸籍の届出 住所変更（転入・転出） 印鑑登録 マイナンバー・住民基本台帳 申請書
25	あさぎり町	水道の水質	https://www.town.asagiri.lg.jp/kiji0033386/index.html	水道の水質 / 熊本県あさぎり町公式サイト ヘッダーをスキップ 本文へジャンプ マイページ Languages 閲覧補助 さがす 緊急情報 くらしの情報 子ども・教育 健康・福祉 まちのＰＲ しごと 行政情報 届出・各種証明 証明書の発行 戸籍の届出 住所変更（転入・転出） 印鑑登録 マイナンバー・住民基本台帳 申請書
25	あさぎり町	あさぎり町水道事業経営戦略及びあさぎり町下水道事業経営戦略について	https://www.town.asagiri.lg.jp/kiji0034035/index.html	あさぎり町水道事業経営戦略及びあさぎり町下水道事業経営戦略について / 熊本県あさぎり町公式サイト ヘッダーをスキップ 本文へジャンプ マイページ Languages 閲覧補助 さがす 緊急情報 くらしの情報 子ども・教育 健康・福祉 まちのＰＲ しごと 行政情報 届出・各種証明 証明書の発行 戸籍の届出 住所変更（転
25	あさぎり町	あさぎり町水道施設再編整備計画更新のお知らせ	https://www.town.asagiri.lg.jp/kiji0034033/index.html	あさぎり町水道施設再編整備計画更新のお知らせ / 熊本県あさぎり町公式サイト ヘッダーをスキップ 本文へジャンプ マイページ Languages 閲覧補助 さがす 緊急情報 くらしの情報 子ども・教育 健康・福祉 まちのＰＲ しごと 行政情報 届出・各種証明 証明書の発行 戸籍の届出 住所変更（転入・転出） 印鑑登録
25	あさぎり町	下水道接続に必要な書類を一部変更しました。	https://www.town.asagiri.lg.jp/kiji0033405/index.html	下水道接続に必要な書類を一部変更しました。 / 熊本県あさぎり町公式サイト ヘッダーをスキップ 本文へジャンプ マイページ Languages 閲覧補助 さがす 緊急情報 くらしの情報 子ども・教育 健康・福祉 まちのＰＲ しごと 行政情報 届出・各種証明 証明書の発行 戸籍の届出 住所変更（転入・転出） 印鑑登録 マ
25	あさぎり町	排水設備指定工事店の申請及び更新にかかる提出書類について	https://www.town.asagiri.lg.jp/kiji0034337/index.html	排水設備指定工事店の申請及び更新にかかる提出書類について / 熊本県あさぎり町公式サイト ヘッダーをスキップ 本文へジャンプ マイページ Languages 閲覧補助 さがす 緊急情報 くらしの情報 子ども・教育 健康・福祉 まちのＰＲ しごと 行政情報 届出・各種証明 証明書の発行 戸籍の届出 住所変更（転入・転出）
25	あさぎり町	あさぎり町指定給水装置工事事業者申請のご案内	https://www.town.asagiri.lg.jp/kiji0033375/index.html	あさぎり町指定給水装置工事事業者申請のご案内 / 熊本県あさぎり町公式サイト ヘッダーをスキップ 本文へジャンプ マイページ Languages 閲覧補助 さがす 緊急情報 くらしの情報 子ども・教育 健康・福祉 まちのＰＲ しごと 行政情報 届出・各種証明 証明書の発行 戸籍の届出 住所変更（転入・転出） 印鑑登録
25	あさぎり町	正しい検針をするために【お願い】	https://www.town.asagiri.lg.jp/kiji0034032/index.html	正しい検針をするために【お願い】 / 熊本県あさぎり町公式サイト ヘッダーをスキップ 本文へジャンプ マイページ Languages 閲覧補助 さがす 緊急情報 くらしの情報 子ども・教育 健康・福祉 まちのＰＲ しごと 行政情報 届出・各種証明 証明書の発行 戸籍の届出 住所変更（転入・転出） 印鑑登録 マイナンバー
25	あさぎり町	上下水道使用料について	https://www.town.asagiri.lg.jp/kiji0034025/index.html	上下水道使用料について / 熊本県あさぎり町公式サイト ヘッダーをスキップ 本文へジャンプ マイページ Languages 閲覧補助 さがす 緊急情報 くらしの情報 子ども・教育 健康・福祉 まちのＰＲ しごと 行政情報 届出・各種証明 証明書の発行 戸籍の届出 住所変更（転入・転出） 印鑑登録 マイナンバー・住民基本
25	あさぎり町	くま川鉄道×産交バス 共通１日乗車券『人吉球磨どこでもキップ』発売中！	https://www.town.asagiri.lg.jp/kiji0034784/index.html	くま川鉄道×産交バス 共通１日乗車券『人吉球磨どこでもキップ』発売中！ / 熊本県あさぎり町公式サイト ヘッダーをスキップ 本文へジャンプ マイページ Languages 閲覧補助 さがす 緊急情報 くらしの情報 子ども・教育 健康・福祉 まちのＰＲ しごと 行政情報 届出・各種証明 証明書の発行 戸籍の届出 住所変更
25	あさぎり町	町指定ごみ袋の適正購入にご協力ください	https://www.town.asagiri.lg.jp/kiji0035158/index.html	町指定ごみ袋の適正購入にご協力ください / 熊本県あさぎり町公式サイト ヘッダーをスキップ 本文へジャンプ マイページ Languages 閲覧補助 さがす 緊急情報 くらしの情報 子ども・教育 健康・福祉 まちのＰＲ しごと 行政情報 届出・各種証明 証明書の発行 戸籍の届出 住所変更（転入・転出） 印鑑登録 マイナ
25	あさぎり町	食品ロス（フードロス）の削減について	https://www.town.asagiri.lg.jp/kiji0034781/index.html	食品ロス（フードロス）の削減について / 熊本県あさぎり町公式サイト ヘッダーをスキップ 本文へジャンプ マイページ Languages 閲覧補助 さがす 緊急情報 くらしの情報 子ども・教育 健康・福祉 まちのＰＲ しごと 行政情報 届出・各種証明 証明書の発行 戸籍の届出 住所変更（転入・転出） 印鑑登録 マイナン
25	あさぎり町	天ぷら油(家庭廃食油)を回収します	https://www.town.asagiri.lg.jp/kiji0034333/index.html	天ぷら油(家庭廃食油)を回収します / 熊本県あさぎり町公式サイト ヘッダーをスキップ 本文へジャンプ マイページ Languages 閲覧補助 さがす 緊急情報 くらしの情報 子ども・教育 健康・福祉 まちのＰＲ しごと 行政情報 届出・各種証明 証明書の発行 戸籍の届出 住所変更（転入・転出） 印鑑登録 マイナンバ
25	あさぎり町	コードレス掃除機用非純正のバッテリーパックの取り扱いについて	https://www.town.asagiri.lg.jp/kiji0034318/index.html	コードレス掃除機用非純正のバッテリーパックの取り扱いについて / 熊本県あさぎり町公式サイト ヘッダーをスキップ 本文へジャンプ マイページ Languages 閲覧補助 さがす 緊急情報 くらしの情報 子ども・教育 健康・福祉 まちのＰＲ しごと 行政情報 届出・各種証明 証明書の発行 戸籍の届出 住所変更（転入・転
25	あさぎり町	テレビ、冷蔵庫・冷凍庫、洗濯機・衣類乾燥機、エアコンの処分について	https://www.town.asagiri.lg.jp/kiji0033390/index.html	テレビ、冷蔵庫・冷凍庫、洗濯機・衣類乾燥機、エアコンの処分について / 熊本県あさぎり町公式サイト ヘッダーをスキップ 本文へジャンプ マイページ Languages 閲覧補助 さがす 緊急情報 くらしの情報 子ども・教育 健康・福祉 まちのＰＲ しごと 行政情報 届出・各種証明 証明書の発行 戸籍の届出 住所変更（転
25	あさぎり町	家電リサイクル処理方法のご案内	https://www.town.asagiri.lg.jp/kiji0034328/index.html	家電リサイクル処理方法のご案内 / 熊本県あさぎり町公式サイト ヘッダーをスキップ 本文へジャンプ マイページ Languages 閲覧補助 さがす 緊急情報 くらしの情報 子ども・教育 健康・福祉 まちのＰＲ しごと 行政情報 届出・各種証明 証明書の発行 戸籍の届出 住所変更（転入・転出） 印鑑登録 マイナンバー・
25	あさぎり町	容器包装プラスチックの分別収集	https://www.town.asagiri.lg.jp/kiji0034324/index.html	容器包装プラスチックの分別収集 / 熊本県あさぎり町公式サイト ヘッダーをスキップ 本文へジャンプ マイページ Languages 閲覧補助 さがす 緊急情報 くらしの情報 子ども・教育 健康・福祉 まちのＰＲ しごと 行政情報 届出・各種証明 証明書の発行 戸籍の届出 住所変更（転入・転出） 印鑑登録 マイナンバー・
25	あさぎり町	ごみの分別に困った時はアプリで確認を	https://www.town.asagiri.lg.jp/kiji0034323/index.html	ごみの分別に困った時はアプリで確認を / 熊本県あさぎり町公式サイト ヘッダーをスキップ 本文へジャンプ マイページ Languages 閲覧補助 さがす 緊急情報 くらしの情報 子ども・教育 健康・福祉 まちのＰＲ しごと 行政情報 届出・各種証明 証明書の発行 戸籍の届出 住所変更（転入・転出） 印鑑登録 マイナン
25	あさぎり町	ごみ出しのルールについて(garbage disposal)	https://www.town.asagiri.lg.jp/kiji0034321/index.html	ごみ出しのルールについて(garbage disposal) / 熊本県あさぎり町公式サイト ヘッダーをスキップ 本文へジャンプ マイページ Languages 閲覧補助 さがす 緊急情報 くらしの情報 子ども・教育 健康・福祉 まちのＰＲ しごと 行政情報 届出・各種証明 証明書の発行 戸籍の届出 住所変更（転入・転
25	あさぎり町	(お願い)リチウムイオン電池は正しく分別・排出してください。	https://www.town.asagiri.lg.jp/kiji0034319/index.html	(お願い)リチウムイオン電池は正しく分別・排出してください。 / 熊本県あさぎり町公式サイト ヘッダーをスキップ 本文へジャンプ マイページ Languages 閲覧補助 さがす 緊急情報 くらしの情報 子ども・教育 健康・福祉 まちのＰＲ しごと 行政情報 届出・各種証明 証明書の発行 戸籍の届出 住所変更（転入・転
25	あさぎり町	石綿(アスベスト)を含む珪藻土製品の処分の仕方	https://www.town.asagiri.lg.jp/kiji0034317/index.html	石綿(アスベスト)を含む珪藻土製品の処分の仕方 / 熊本県あさぎり町公式サイト ヘッダーをスキップ 本文へジャンプ マイページ Languages 閲覧補助 さがす 緊急情報 くらしの情報 子ども・教育 健康・福祉 まちのＰＲ しごと 行政情報 届出・各種証明 証明書の発行 戸籍の届出 住所変更（転入・転出） 印鑑登録
25	あさぎり町	広域行政組合からカセットボンベのごみ出しについてのお知らせ	https://www.town.asagiri.lg.jp/kiji0034311/index.html	広域行政組合からカセットボンベのごみ出しについてのお知らせ / 熊本県あさぎり町公式サイト ヘッダーをスキップ 本文へジャンプ マイページ Languages 閲覧補助 さがす 緊急情報 くらしの情報 子ども・教育 健康・福祉 まちのＰＲ しごと 行政情報 届出・各種証明 証明書の発行 戸籍の届出 住所変更（転入・転出
25	あさぎり町	生ごみの出し方のお願い	https://www.town.asagiri.lg.jp/kiji0034330/index.html	生ごみの出し方のお願い / 熊本県あさぎり町公式サイト ヘッダーをスキップ 本文へジャンプ マイページ Languages 閲覧補助 さがす 緊急情報 くらしの情報 子ども・教育 健康・福祉 まちのＰＲ しごと 行政情報 届出・各種証明 証明書の発行 戸籍の届出 住所変更（転入・転出） 印鑑登録 マイナンバー・住民基本
25	あさぎり町	生ごみの出し方のお願い	https://www.town.asagiri.lg.jp/kiji0034526/index.html	生ごみの出し方のお願い / 熊本県あさぎり町公式サイト ヘッダーをスキップ 本文へジャンプ マイページ Languages 閲覧補助 さがす 緊急情報 くらしの情報 子ども・教育 健康・福祉 まちのＰＲ しごと 行政情報 届出・各種証明 証明書の発行 戸籍の届出 住所変更（転入・転出） 印鑑登録 マイナンバー・住民基本
25	あさぎり町	家電リサイクル処理方法のご案内	https://www.town.asagiri.lg.jp/kiji0034525/index.html	家電リサイクル処理方法のご案内 / 熊本県あさぎり町公式サイト ヘッダーをスキップ 本文へジャンプ マイページ Languages 閲覧補助 さがす 緊急情報 くらしの情報 子ども・教育 健康・福祉 まちのＰＲ しごと 行政情報 届出・各種証明 証明書の発行 戸籍の届出 住所変更（転入・転出） 印鑑登録 マイナンバー・
25	あさぎり町	廃棄物減量等推進委員の活動について	https://www.town.asagiri.lg.jp/kiji0034322/index.html	廃棄物減量等推進委員の活動について / 熊本県あさぎり町公式サイト ヘッダーをスキップ 本文へジャンプ マイページ Languages 閲覧補助 さがす 緊急情報 くらしの情報 子ども・教育 健康・福祉 まちのＰＲ しごと 行政情報 届出・各種証明 証明書の発行 戸籍の届出 住所変更（転入・転出） 印鑑登録 マイナンバ
25	あさぎり町	空き家等に繁茂する雑草等について	https://www.town.asagiri.lg.jp/kiji0034562/index.html	空き家等に繁茂する雑草等について / 熊本県あさぎり町公式サイト ヘッダーをスキップ 本文へジャンプ マイページ Languages 閲覧補助 さがす 緊急情報 くらしの情報 子ども・教育 健康・福祉 まちのＰＲ しごと 行政情報 届出・各種証明 証明書の発行 戸籍の届出 住所変更（転入・転出） 印鑑登録 マイナンバー
25	あさぎり町	不法投棄は犯罪です!	https://www.town.asagiri.lg.jp/kiji0034320/index.html	不法投棄は犯罪です! / 熊本県あさぎり町公式サイト ヘッダーをスキップ 本文へジャンプ マイページ Languages 閲覧補助 さがす 緊急情報 くらしの情報 子ども・教育 健康・福祉 まちのＰＲ しごと 行政情報 届出・各種証明 証明書の発行 戸籍の届出 住所変更（転入・転出） 印鑑登録 マイナンバー・住民基本台
25	あさぎり町	マナーアップ(飼い犬のフンの処理)	https://www.town.asagiri.lg.jp/kiji0034364/index.html	マナーアップ(飼い犬のフンの処理) / 熊本県あさぎり町公式サイト ヘッダーをスキップ 本文へジャンプ マイページ Languages 閲覧補助 さがす 緊急情報 くらしの情報 子ども・教育 健康・福祉 まちのＰＲ しごと 行政情報 届出・各種証明 証明書の発行 戸籍の届出 住所変更（転入・転出） 印鑑登録 マイナンバ
25	あさぎり町	ペット動物の災害対策	https://www.town.asagiri.lg.jp/kiji0034363/index.html	ペット動物の災害対策 / 熊本県あさぎり町公式サイト ヘッダーをスキップ 本文へジャンプ マイページ Languages 閲覧補助 さがす 緊急情報 くらしの情報 子ども・教育 健康・福祉 まちのＰＲ しごと 行政情報 届出・各種証明 証明書の発行 戸籍の届出 住所変更（転入・転出） 印鑑登録 マイナンバー・住民基本台
25	あさぎり町	猫を飼われているかたへ(お願い)	https://www.town.asagiri.lg.jp/kiji0034361/index.html	猫を飼われているかたへ(お願い) / 熊本県あさぎり町公式サイト ヘッダーをスキップ 本文へジャンプ マイページ Languages 閲覧補助 さがす 緊急情報 くらしの情報 子ども・教育 健康・福祉 まちのＰＲ しごと 行政情報 届出・各種証明 証明書の発行 戸籍の届出 住所変更（転入・転出） 印鑑登録 マイナンバー
25	あさぎり町	愛犬はルールを守って正しく飼ってください。	https://www.town.asagiri.lg.jp/kiji0034362/index.html	愛犬はルールを守って正しく飼ってください。 / 熊本県あさぎり町公式サイト ヘッダーをスキップ 本文へジャンプ マイページ Languages 閲覧補助 さがす 緊急情報 くらしの情報 子ども・教育 健康・福祉 まちのＰＲ しごと 行政情報 届出・各種証明 証明書の発行 戸籍の届出 住所変更（転入・転出） 印鑑登録 マ
25	あさぎり町	図書館への寄付金ありがとうございました！（あさぎり町図書館）	https://www.town.asagiri.lg.jp/kiji0034973/index.html	図書館への寄付金ありがとうございました！（あさぎり町図書館） / 熊本県あさぎり町公式サイト ヘッダーをスキップ 本文へジャンプ マイページ Languages 閲覧補助 さがす 緊急情報 くらしの情報 子ども・教育 健康・福祉 まちのＰＲ しごと 行政情報 届出・各種証明 証明書の発行 戸籍の届出 住所変更（転入・転
25	あさぎり町	あさぎり町スポーツ協会 各支部提出用様式	https://www.town.asagiri.lg.jp/kiji0034846/index.html	あさぎり町スポーツ協会 各支部提出用様式 / 熊本県あさぎり町公式サイト ヘッダーをスキップ 本文へジャンプ マイページ Languages 閲覧補助 さがす 緊急情報 くらしの情報 子ども・教育 健康・福祉 まちのＰＲ しごと 行政情報 届出・各種証明 証明書の発行 戸籍の届出 住所変更（転入・転出） 印鑑登録 マイ
25	あさぎり町	【区長会関係】 総会における書面表決又は委任状の活用について(ご案内)	https://www.town.asagiri.lg.jp/kiji003497/index.html	【区長会関係】 総会における書面表決又は委任状の活用について(ご案内) / 熊本県あさぎり町公式サイト ヘッダーをスキップ 本文へジャンプ マイページ Languages 閲覧補助 さがす 緊急情報 くらしの情報 子ども・教育 健康・福祉 まちのＰＲ しごと 行政情報 届出・各種証明 証明書の発行 戸籍の届出 住所変更
25	あさぎり町	「ご当地暮らしのお金ナビ」にあさぎり町の移住情報が掲載されました！	https://www.town.asagiri.lg.jp/kiji0034891/index.html	「ご当地暮らしのお金ナビ」にあさぎり町の移住情報が掲載されました！ / 熊本県あさぎり町公式サイト ヘッダーをスキップ 本文へジャンプ マイページ Languages 閲覧補助 さがす 緊急情報 くらしの情報 子ども・教育 健康・福祉 まちのＰＲ しごと 行政情報 届出・各種証明 証明書の発行 戸籍の届出 住所変更（転
25	あさぎり町	ふれあいスポーツクラブあさぎり 会員募集！！	https://www.town.asagiri.lg.jp/kiji0035113/index.html	ふれあいスポーツクラブあさぎり 会員募集！！ / 熊本県あさぎり町公式サイト ヘッダーをスキップ 本文へジャンプ マイページ Languages 閲覧補助 さがす 緊急情報 くらしの情報 子ども・教育 健康・福祉 まちのＰＲ しごと 行政情報 届出・各種証明 証明書の発行 戸籍の届出 住所変更（転入・転出） 印鑑登録
25	あさぎり町	ふれあいスポーツクラブあさぎり 会員募集!!	https://www.town.asagiri.lg.jp/kiji0032341/index.html	ふれあいスポーツクラブあさぎり 会員募集!! / 熊本県あさぎり町公式サイト ヘッダーをスキップ 本文へジャンプ マイページ Languages 閲覧補助 さがす 緊急情報 くらしの情報 子ども・教育 健康・福祉 まちのＰＲ しごと 行政情報 届出・各種証明 証明書の発行 戸籍の届出 住所変更（転入・転出） 印鑑登録
25	あさぎり町	美化パートナーを募集します	https://www.town.asagiri.lg.jp/kiji0034343/index.html	美化パートナーを募集します / 熊本県あさぎり町公式サイト ヘッダーをスキップ 本文へジャンプ マイページ Languages 閲覧補助 さがす 緊急情報 くらしの情報 子ども・教育 健康・福祉 まちのＰＲ しごと 行政情報 届出・各種証明 証明書の発行 戸籍の届出 住所変更（転入・転出） 印鑑登録 マイナンバー・住民
25	あさぎり町	あさぎり町消防団の部屋	https://www.town.asagiri.lg.jp/kiji003123/index.html	あさぎり町消防団の部屋 / 熊本県あさぎり町公式サイト ヘッダーをスキップ 本文へジャンプ マイページ Languages 閲覧補助 さがす 緊急情報 くらしの情報 子ども・教育 健康・福祉 まちのＰＲ しごと 行政情報 届出・各種証明 証明書の発行 戸籍の届出 住所変更（転入・転出） 印鑑登録 マイナンバー・住民基本
25	あさぎり町	防火水槽周辺は車の駐車をご遠慮ください	https://www.town.asagiri.lg.jp/kiji003119/index.html	防火水槽周辺は車の駐車をご遠慮ください / 熊本県あさぎり町公式サイト ヘッダーをスキップ 本文へジャンプ マイページ Languages 閲覧補助 さがす 緊急情報 くらしの情報 子ども・教育 健康・福祉 まちのＰＲ しごと 行政情報 届出・各種証明 証明書の発行 戸籍の届出 住所変更（転入・転出） 印鑑登録 マイナ
25	あさぎり町	令和７年度あさぎり町子どもの移動経路安全対策プログラム	https://www.town.asagiri.lg.jp/kiji0035105/index.html	令和７年度あさぎり町子どもの移動経路安全対策プログラム / 熊本県あさぎり町公式サイト ヘッダーをスキップ 本文へジャンプ マイページ Languages 閲覧補助 さがす 緊急情報 くらしの情報 子ども・教育 健康・福祉 まちのＰＲ しごと 行政情報 届出・各種証明 証明書の発行 戸籍の届出 住所変更（転入・転出）
25	あさぎり町	あさぎり町空き家等対策計画を策定しました	https://www.town.asagiri.lg.jp/kiji0032438/index.html	あさぎり町空き家等対策計画を策定しました / 熊本県あさぎり町公式サイト ヘッダーをスキップ 本文へジャンプ マイページ Languages 閲覧補助 さがす 緊急情報 くらしの情報 子ども・教育 健康・福祉 まちのＰＲ しごと 行政情報 届出・各種証明 証明書の発行 戸籍の届出 住所変更（転入・転出） 印鑑登録 マイ
25	あさぎり町	熊本県ハートフルパス制度	https://www.town.asagiri.lg.jp/kiji0033285/index.html	熊本県ハートフルパス制度 / 熊本県あさぎり町公式サイト ヘッダーをスキップ 本文へジャンプ マイページ Languages 閲覧補助 さがす 緊急情報 くらしの情報 子ども・教育 健康・福祉 まちのＰＲ しごと 行政情報 届出・各種証明 証明書の発行 戸籍の届出 住所変更（転入・転出） 印鑑登録 マイナンバー・住民基
25	あさぎり町	あさぎり町子育て支援情報誌について	https://www.town.asagiri.lg.jp/kiji0032130/index.html	あさぎり町子育て支援情報誌について / 熊本県あさぎり町公式サイト ヘッダーをスキップ 本文へジャンプ マイページ Languages 閲覧補助 さがす 緊急情報 くらしの情報 子ども・教育 健康・福祉 まちのＰＲ しごと 行政情報 届出・各種証明 証明書の発行 戸籍の届出 住所変更（転入・転出） 印鑑登録 マイナンバ
25	あさぎり町	あさぎり町産後ケア事業	https://www.town.asagiri.lg.jp/kiji0034184/index.html	あさぎり町産後ケア事業 / 熊本県あさぎり町公式サイト ヘッダーをスキップ 本文へジャンプ マイページ Languages 閲覧補助 さがす 緊急情報 くらしの情報 子ども・教育 健康・福祉 まちのＰＲ しごと 行政情報 届出・各種証明 証明書の発行 戸籍の届出 住所変更（転入・転出） 印鑑登録 マイナンバー・住民基本
25	あさぎり町	母子手帳の交付について	https://www.town.asagiri.lg.jp/kiji0034071/index.html	母子手帳の交付について / 熊本県あさぎり町公式サイト ヘッダーをスキップ 本文へジャンプ マイページ Languages 閲覧補助 さがす 緊急情報 くらしの情報 子ども・教育 健康・福祉 まちのＰＲ しごと 行政情報 届出・各種証明 証明書の発行 戸籍の届出 住所変更（転入・転出） 印鑑登録 マイナンバー・住民基本
25	あさぎり町	知っていますか?ヘルプマーク・ヘルプカード	https://www.town.asagiri.lg.jp/kiji00376/index.html	知っていますか?ヘルプマーク・ヘルプカード / 熊本県あさぎり町公式サイト ヘッダーをスキップ 本文へジャンプ マイページ Languages 閲覧補助 さがす 緊急情報 くらしの情報 子ども・教育 健康・福祉 まちのＰＲ しごと 行政情報 届出・各種証明 証明書の発行 戸籍の届出 住所変更（転入・転出） 印鑑登録 マ
25	あさぎり町	くまもと子育て応援タクシー	https://www.town.asagiri.lg.jp/kiji0033213/index.html	くまもと子育て応援タクシー / 熊本県あさぎり町公式サイト ヘッダーをスキップ 本文へジャンプ マイページ Languages 閲覧補助 さがす 緊急情報 くらしの情報 子ども・教育 健康・福祉 まちのＰＲ しごと 行政情報 届出・各種証明 証明書の発行 戸籍の届出 住所変更（転入・転出） 印鑑登録 マイナンバー・住民
25	あさぎり町	あさぎり町不妊治療費助成制度が変わります	https://www.town.asagiri.lg.jp/kiji0032119/index.html	あさぎり町不妊治療費助成制度が変わります / 熊本県あさぎり町公式サイト ヘッダーをスキップ 本文へジャンプ マイページ Languages 閲覧補助 さがす 緊急情報 くらしの情報 子ども・教育 健康・福祉 まちのＰＲ しごと 行政情報 届出・各種証明 証明書の発行 戸籍の届出 住所変更（転入・転出） 印鑑登録 マイ
25	あさぎり町	教育委員会からのお知らせ	https://www.town.asagiri.lg.jp/kiji0035132/index.html	教育委員会からのお知らせ / 熊本県あさぎり町公式サイト ヘッダーをスキップ 本文へジャンプ マイページ Languages 閲覧補助 さがす 緊急情報 くらしの情報 子ども・教育 健康・福祉 まちのＰＲ しごと 行政情報 届出・各種証明 証明書の発行 戸籍の届出 住所変更（転入・転出） 印鑑登録 マイナンバー・住民基
25	あさぎり町	あさぎり町教育情報セキュリティポリシーの策定について	https://www.town.asagiri.lg.jp/kiji0035121/index.html	あさぎり町教育情報セキュリティポリシーの策定について / 熊本県あさぎり町公式サイト ヘッダーをスキップ 本文へジャンプ マイページ Languages 閲覧補助 さがす 緊急情報 くらしの情報 子ども・教育 健康・福祉 まちのＰＲ しごと 行政情報 届出・各種証明 証明書の発行 戸籍の届出 住所変更（転入・転出） 印
25	あさぎり町	公立学校情報機器整備事業に係る各種計画の公開について	https://www.town.asagiri.lg.jp/kiji0034692/index.html	公立学校情報機器整備事業に係る各種計画の公開について / 熊本県あさぎり町公式サイト ヘッダーをスキップ 本文へジャンプ マイページ Languages 閲覧補助 さがす 緊急情報 くらしの情報 子ども・教育 健康・福祉 まちのＰＲ しごと 行政情報 届出・各種証明 証明書の発行 戸籍の届出 住所変更（転入・転出） 印
25	あさぎり町	あさぎり町学校規模等適正化審議会について	https://www.town.asagiri.lg.jp/kiji0035089/index.html	あさぎり町学校規模等適正化審議会について / 熊本県あさぎり町公式サイト ヘッダーをスキップ 本文へジャンプ マイページ Languages 閲覧補助 さがす 緊急情報 くらしの情報 子ども・教育 健康・福祉 まちのＰＲ しごと 行政情報 届出・各種証明 証明書の発行 戸籍の届出 住所変更（転入・転出） 印鑑登録 マイ
25	あさぎり町	令和６年度あさぎり町子どもの移動経路安全対策プログラム	https://www.town.asagiri.lg.jp/kiji0034693/index.html	令和６年度あさぎり町子どもの移動経路安全対策プログラム / 熊本県あさぎり町公式サイト ヘッダーをスキップ 本文へジャンプ マイページ Languages 閲覧補助 さがす 緊急情報 くらしの情報 子ども・教育 健康・福祉 まちのＰＲ しごと 行政情報 届出・各種証明 証明書の発行 戸籍の届出 住所変更（転入・転出）
25	あさぎり町	ジュニアスポーツクラブで体づくり!	https://www.town.asagiri.lg.jp/kiji0032683/index.html	ジュニアスポーツクラブで体づくり! / 熊本県あさぎり町公式サイト ヘッダーをスキップ 本文へジャンプ マイページ Languages 閲覧補助 さがす 緊急情報 くらしの情報 子ども・教育 健康・福祉 まちのＰＲ しごと 行政情報 届出・各種証明 証明書の発行 戸籍の届出 住所変更（転入・転出） 印鑑登録 マイナンバ
25	あさぎり町	あさぎり町立深田小学校	https://www.town.asagiri.lg.jp/kiji003263/index.html	あさぎり町立深田小学校 / 熊本県あさぎり町公式サイト ヘッダーをスキップ 本文へジャンプ マイページ Languages 閲覧補助 さがす 緊急情報 くらしの情報 子ども・教育 健康・福祉 まちのＰＲ しごと 行政情報 届出・各種証明 証明書の発行 戸籍の届出 住所変更（転入・転出） 印鑑登録 マイナンバー・住民基本
25	あさぎり町	あさぎり町立免田小学校	https://www.town.asagiri.lg.jp/kiji003487/index.html	あさぎり町立免田小学校 / 熊本県あさぎり町公式サイト ヘッダーをスキップ 本文へジャンプ マイページ Languages 閲覧補助 さがす 緊急情報 くらしの情報 子ども・教育 健康・福祉 まちのＰＲ しごと 行政情報 届出・各種証明 証明書の発行 戸籍の届出 住所変更（転入・転出） 印鑑登録 マイナンバー・住民基本
25	あさぎり町	あさぎり町立岡原小学校	https://www.town.asagiri.lg.jp/kiji003488/index.html	あさぎり町立岡原小学校 / 熊本県あさぎり町公式サイト ヘッダーをスキップ 本文へジャンプ マイページ Languages 閲覧補助 さがす 緊急情報 くらしの情報 子ども・教育 健康・福祉 まちのＰＲ しごと 行政情報 届出・各種証明 証明書の発行 戸籍の届出 住所変更（転入・転出） 印鑑登録 マイナンバー・住民基本
25	あさぎり町	あさぎり町立須恵小学校	https://www.town.asagiri.lg.jp/kiji0033526/index.html	あさぎり町立須恵小学校 / 熊本県あさぎり町公式サイト ヘッダーをスキップ 本文へジャンプ マイページ Languages 閲覧補助 さがす 緊急情報 くらしの情報 子ども・教育 健康・福祉 まちのＰＲ しごと 行政情報 届出・各種証明 証明書の発行 戸籍の届出 住所変更（転入・転出） 印鑑登録 マイナンバー・住民基本
25	あさぎり町	あさぎり町立あさぎり中学校	https://www.town.asagiri.lg.jp/kiji0033530/index.html	あさぎり町立あさぎり中学校 / 熊本県あさぎり町公式サイト ヘッダーをスキップ 本文へジャンプ マイページ Languages 閲覧補助 さがす 緊急情報 くらしの情報 子ども・教育 健康・福祉 まちのＰＲ しごと 行政情報 届出・各種証明 証明書の発行 戸籍の届出 住所変更（転入・転出） 印鑑登録 マイナンバー・住民
25	あさぎり町	あさぎり町立上小学校	https://www.town.asagiri.lg.jp/kiji0033522/index.html	あさぎり町立上小学校 / 熊本県あさぎり町公式サイト ヘッダーをスキップ 本文へジャンプ マイページ Languages 閲覧補助 さがす 緊急情報 くらしの情報 子ども・教育 健康・福祉 まちのＰＲ しごと 行政情報 届出・各種証明 証明書の発行 戸籍の届出 住所変更（転入・転出） 印鑑登録 マイナンバー・住民基本台
25	あさぎり町	ひとり親家庭等医療費助成制度	https://www.town.asagiri.lg.jp/kiji0033164/index.html	ひとり親家庭等医療費助成制度 / 熊本県あさぎり町公式サイト ヘッダーをスキップ 本文へジャンプ マイページ Languages 閲覧補助 さがす 緊急情報 くらしの情報 子ども・教育 健康・福祉 まちのＰＲ しごと 行政情報 届出・各種証明 証明書の発行 戸籍の届出 住所変更（転入・転出） 印鑑登録 マイナンバー・住
25	あさぎり町	ひとり親家庭サポートブックについて	https://www.town.asagiri.lg.jp/kiji0034198/index.html	ひとり親家庭サポートブックについて / 熊本県あさぎり町公式サイト ヘッダーをスキップ 本文へジャンプ マイページ Languages 閲覧補助 さがす 緊急情報 くらしの情報 子ども・教育 健康・福祉 まちのＰＲ しごと 行政情報 届出・各種証明 証明書の発行 戸籍の届出 住所変更（転入・転出） 印鑑登録 マイナンバ
25	あさぎり町	「ひきこもり」に関する相談窓口について	https://www.town.asagiri.lg.jp/kiji0033283/index.html	「ひきこもり」に関する相談窓口について / 熊本県あさぎり町公式サイト ヘッダーをスキップ 本文へジャンプ マイページ Languages 閲覧補助 さがす 緊急情報 くらしの情報 子ども・教育 健康・福祉 まちのＰＲ しごと 行政情報 届出・各種証明 証明書の発行 戸籍の届出 住所変更（転入・転出） 印鑑登録 マイナ
25	あさぎり町	病児・病後児保育施設「ホッと館」について	https://www.town.asagiri.lg.jp/kiji0033220/index.html	病児・病後児保育施設「ホッと館」について / 熊本県あさぎり町公式サイト ヘッダーをスキップ 本文へジャンプ マイページ Languages 閲覧補助 さがす 緊急情報 くらしの情報 子ども・教育 健康・福祉 まちのＰＲ しごと 行政情報 届出・各種証明 証明書の発行 戸籍の届出 住所変更（転入・転出） 印鑑登録 マイ
25	あさぎり町	あさぎり町こども家庭センターが設置されました。	https://www.town.asagiri.lg.jp/kiji0034139/index.html	あさぎり町こども家庭センターが設置されました。 / 熊本県あさぎり町公式サイト ヘッダーをスキップ 本文へジャンプ マイページ Languages 閲覧補助 さがす 緊急情報 くらしの情報 子ども・教育 健康・福祉 まちのＰＲ しごと 行政情報 届出・各種証明 証明書の発行 戸籍の届出 住所変更（転入・転出） 印鑑登録
25	あさぎり町	保育園・認定こども園の利用申込みのお知らせ	https://www.town.asagiri.lg.jp/kiji0033245/index.html	保育園・認定こども園の利用申込みのお知らせ / 熊本県あさぎり町公式サイト ヘッダーをスキップ 本文へジャンプ マイページ Languages 閲覧補助 さがす 緊急情報 くらしの情報 子ども・教育 健康・福祉 まちのＰＲ しごと 行政情報 届出・各種証明 証明書の発行 戸籍の届出 住所変更（転入・転出） 印鑑登録 マ
25	あさぎり町	放課後児童クラブ(学童クラブ)について	https://www.town.asagiri.lg.jp/kiji0033226/index.html	放課後児童クラブ(学童クラブ)について / 熊本県あさぎり町公式サイト ヘッダーをスキップ 本文へジャンプ マイページ Languages 閲覧補助 さがす 緊急情報 くらしの情報 子ども・教育 健康・福祉 まちのＰＲ しごと 行政情報 届出・各種証明 証明書の発行 戸籍の届出 住所変更（転入・転出） 印鑑登録 マイナ
25	あさぎり町	あさぎり町学校給食運営審議会	https://www.town.asagiri.lg.jp/kiji003315/index.html	あさぎり町学校給食運営審議会 / 熊本県あさぎり町公式サイト ヘッダーをスキップ 本文へジャンプ マイページ Languages 閲覧補助 さがす 緊急情報 くらしの情報 子ども・教育 健康・福祉 まちのＰＲ しごと 行政情報 届出・各種証明 証明書の発行 戸籍の届出 住所変更（転入・転出） 印鑑登録 マイナンバー・住
25	あさぎり町	あさぎり町学校給食センター紹介	https://www.town.asagiri.lg.jp/kiji003319/index.html	あさぎり町学校給食センター紹介 / 熊本県あさぎり町公式サイト ヘッダーをスキップ 本文へジャンプ マイページ Languages 閲覧補助 さがす 緊急情報 くらしの情報 子ども・教育 健康・福祉 まちのＰＲ しごと 行政情報 届出・各種証明 証明書の発行 戸籍の届出 住所変更（転入・転出） 印鑑登録 マイナンバー・
25	あさぎり町	あさぎり中学校の新制服について（令和９年度導入予定）	https://www.town.asagiri.lg.jp/kiji0034969/index.html	あさぎり中学校の新制服について（令和９年度導入予定） / 熊本県あさぎり町公式サイト ヘッダーをスキップ 本文へジャンプ マイページ Languages 閲覧補助 さがす 緊急情報 くらしの情報 子ども・教育 健康・福祉 まちのＰＲ しごと 行政情報 届出・各種証明 証明書の発行 戸籍の届出 住所変更（転入・転出） 印
25	あさぎり町	令和8年度あさぎり町学校給食用物資調達納入業者登録名簿について	https://www.town.asagiri.lg.jp/kiji0035115/index.html	令和8年度あさぎり町学校給食用物資調達納入業者登録名簿について / 熊本県あさぎり町公式サイト ヘッダーをスキップ 本文へジャンプ マイページ Languages 閲覧補助 さがす 緊急情報 くらしの情報 子ども・教育 健康・福祉 まちのＰＲ しごと 行政情報 届出・各種証明 証明書の発行 戸籍の届出 住所変更（転入・
25	あさぎり町	あさぎり中学校制服デザイン選考アンケートの結果	https://www.town.asagiri.lg.jp/kiji0034960/index.html	あさぎり中学校制服デザイン選考アンケートの結果 / 熊本県あさぎり町公式サイト ヘッダーをスキップ 本文へジャンプ マイページ Languages 閲覧補助 さがす 緊急情報 くらしの情報 子ども・教育 健康・福祉 まちのＰＲ しごと 行政情報 届出・各種証明 証明書の発行 戸籍の届出 住所変更（転入・転出） 印鑑登録
25	あさぎり町	教育委員会の会議録を公開します。	https://www.town.asagiri.lg.jp/kiji003175/index.html	教育委員会の会議録を公開します。 / 熊本県あさぎり町公式サイト ヘッダーをスキップ 本文へジャンプ マイページ Languages 閲覧補助 さがす 緊急情報 くらしの情報 子ども・教育 健康・福祉 まちのＰＲ しごと 行政情報 届出・各種証明 証明書の発行 戸籍の届出 住所変更（転入・転出） 印鑑登録 マイナンバー
25	あさぎり町	第４期あさぎり町教育振興基本計画（案）への町民意見募集（パブリック・コメント）の手続き結果について	https://www.town.asagiri.lg.jp/kiji0034919/index.html	第４期あさぎり町教育振興基本計画（案）への町民意見募集（パブリック・コメント）の手続き結果について / 熊本県あさぎり町公式サイト ヘッダーをスキップ 本文へジャンプ マイページ Languages 閲覧補助 さがす 緊急情報 くらしの情報 子ども・教育 健康・福祉 まちのＰＲ しごと 行政情報 届出・各種証明 証明書
25	あさぎり町	あさぎり町子どもの家庭生活に関するアンケート	https://www.town.asagiri.lg.jp/kiji0034898/index.html	あさぎり町子どもの家庭生活に関するアンケート / 熊本県あさぎり町公式サイト ヘッダーをスキップ 本文へジャンプ マイページ Languages 閲覧補助 さがす 緊急情報 くらしの情報 子ども・教育 健康・福祉 まちのＰＲ しごと 行政情報 届出・各種証明 証明書の発行 戸籍の届出 住所変更（転入・転出） 印鑑登録
25	あさぎり町	令和６年度あさぎり町教育委員会点検・評価について	https://www.town.asagiri.lg.jp/kiji003159/index.html	令和６年度あさぎり町教育委員会点検・評価について / 熊本県あさぎり町公式サイト ヘッダーをスキップ 本文へジャンプ マイページ Languages 閲覧補助 さがす 緊急情報 くらしの情報 子ども・教育 健康・福祉 まちのＰＲ しごと 行政情報 届出・各種証明 証明書の発行 戸籍の届出 住所変更（転入・転出） 印鑑登
25	あさぎり町	制服に関するアンケート	https://www.town.asagiri.lg.jp/kiji0034865/index.html	制服に関するアンケート / 熊本県あさぎり町公式サイト ヘッダーをスキップ 本文へジャンプ マイページ Languages 閲覧補助 さがす 緊急情報 くらしの情報 子ども・教育 健康・福祉 まちのＰＲ しごと 行政情報 届出・各種証明 証明書の発行 戸籍の届出 住所変更（転入・転出） 印鑑登録 マイナンバー・住民基本
25	あさぎり町	阿蘇釈迦堂の木造釈迦如来坐像・木造二天王立像が国指定重要文化財になります！	https://www.town.asagiri.lg.jp/kiji0034684/index.html	阿蘇釈迦堂の木造釈迦如来坐像・木造二天王立像が国指定重要文化財になります！ / 熊本県あさぎり町公式サイト ヘッダーをスキップ 本文へジャンプ マイページ Languages 閲覧補助 さがす 緊急情報 くらしの情報 子ども・教育 健康・福祉 まちのＰＲ しごと 行政情報 届出・各種証明 証明書の発行 戸籍の届出 住所
25	あさぎり町	あさぎり町公立学校等施設整備計画の事後評価について	https://www.town.asagiri.lg.jp/kiji003228/index.html	あさぎり町公立学校等施設整備計画の事後評価について / 熊本県あさぎり町公式サイト ヘッダーをスキップ 本文へジャンプ マイページ Languages 閲覧補助 さがす 緊急情報 くらしの情報 子ども・教育 健康・福祉 まちのＰＲ しごと 行政情報 届出・各種証明 証明書の発行 戸籍の届出 住所変更（転入・転出） 印鑑
25	あさぎり町	教育委員会における学校の働き方改革のための取組状況調査結果の公表	https://www.town.asagiri.lg.jp/kiji003203/index.html	教育委員会における学校の働き方改革のための取組状況調査結果の公表 / 熊本県あさぎり町公式サイト ヘッダーをスキップ 本文へジャンプ マイページ Languages 閲覧補助 さがす 緊急情報 くらしの情報 子ども・教育 健康・福祉 まちのＰＲ しごと 行政情報 届出・各種証明 証明書の発行 戸籍の届出 住所変更（転入
25	あさぎり町	成年年齢引き下げに伴う成人式の対象年齢について	https://www.town.asagiri.lg.jp/kiji003293/index.html	成年年齢引き下げに伴う成人式の対象年齢について / 熊本県あさぎり町公式サイト ヘッダーをスキップ 本文へジャンプ マイページ Languages 閲覧補助 さがす 緊急情報 くらしの情報 子ども・教育 健康・福祉 まちのＰＲ しごと 行政情報 届出・各種証明 証明書の発行 戸籍の届出 住所変更（転入・転出） 印鑑登録
25	あさぎり町	図書館利用に関するご案内	https://www.town.asagiri.lg.jp/kiji003306/index.html	図書館利用に関するご案内 / 熊本県あさぎり町公式サイト ヘッダーをスキップ 本文へジャンプ マイページ Languages 閲覧補助 さがす 緊急情報 くらしの情報 子ども・教育 健康・福祉 まちのＰＲ しごと 行政情報 届出・各種証明 証明書の発行 戸籍の届出 住所変更（転入・転出） 印鑑登録 マイナンバー・住民基
25	あさぎり町	令和3年度使用教科用図書について	https://www.town.asagiri.lg.jp/kiji003250/index.html	令和3年度使用教科用図書について / 熊本県あさぎり町公式サイト ヘッダーをスキップ 本文へジャンプ マイページ Languages 閲覧補助 さがす 緊急情報 くらしの情報 子ども・教育 健康・福祉 まちのＰＲ しごと 行政情報 届出・各種証明 証明書の発行 戸籍の届出 住所変更（転入・転出） 印鑑登録 マイナンバー
25	あさぎり町	町内公立学校施設の耐震化の状況について(お知らせ)	https://www.town.asagiri.lg.jp/kiji003581/index.html	町内公立学校施設の耐震化の状況について(お知らせ) / 熊本県あさぎり町公式サイト ヘッダーをスキップ 本文へジャンプ マイページ Languages 閲覧補助 さがす 緊急情報 くらしの情報 子ども・教育 健康・福祉 まちのＰＲ しごと 行政情報 届出・各種証明 証明書の発行 戸籍の届出 住所変更（転入・転出） 印鑑
25	あさぎり町	「熊本県子ども・若者総合相談センター」のお知らせ	https://www.town.asagiri.lg.jp/kiji0034472/index.html	「熊本県子ども・若者総合相談センター」のお知らせ / 熊本県あさぎり町公式サイト ヘッダーをスキップ 本文へジャンプ マイページ Languages 閲覧補助 さがす 緊急情報 くらしの情報 子ども・教育 健康・福祉 まちのＰＲ しごと 行政情報 届出・各種証明 証明書の発行 戸籍の届出 住所変更（転入・転出） 印鑑登
25	あさぎり町	B型肝炎ウイルスに感染した方へ給付金等が出る場合があります	https://www.town.asagiri.lg.jp/kiji0034144/index.html	B型肝炎ウイルスに感染した方へ給付金等が出る場合があります / 熊本県あさぎり町公式サイト ヘッダーをスキップ 本文へジャンプ マイページ Languages 閲覧補助 さがす 緊急情報 くらしの情報 子ども・教育 健康・福祉 まちのＰＲ しごと 行政情報 届出・各種証明 証明書の発行 戸籍の届出 住所変更（転入・転出
25	あさぎり町	LINE相談「こころの悩み相談@熊本県」について	https://www.town.asagiri.lg.jp/kiji0032652/index.html	LINE相談「こころの悩み相談@熊本県」について / 熊本県あさぎり町公式サイト ヘッダーをスキップ 本文へジャンプ マイページ Languages 閲覧補助 さがす 緊急情報 くらしの情報 子ども・教育 健康・福祉 まちのＰＲ しごと 行政情報 届出・各種証明 証明書の発行 戸籍の届出 住所変更（転入・転出） 印鑑登
25	あさぎり町	くま食健康マイスター店を紹介します！	https://www.town.asagiri.lg.jp/kiji0035097/index.html	くま食健康マイスター店を紹介します！ / 熊本県あさぎり町公式サイト ヘッダーをスキップ 本文へジャンプ マイページ Languages 閲覧補助 さがす 緊急情報 くらしの情報 子ども・教育 健康・福祉 まちのＰＲ しごと 行政情報 届出・各種証明 証明書の発行 戸籍の届出 住所変更（転入・転出） 印鑑登録 マイナン
25	あさぎり町	くま食健康マイスター店のお知らせ	https://www.town.asagiri.lg.jp/kiji0034985/index.html	くま食健康マイスター店のお知らせ / 熊本県あさぎり町公式サイト ヘッダーをスキップ 本文へジャンプ マイページ Languages 閲覧補助 さがす 緊急情報 くらしの情報 子ども・教育 健康・福祉 まちのＰＲ しごと 行政情報 届出・各種証明 証明書の発行 戸籍の届出 住所変更（転入・転出） 印鑑登録 マイナンバー
25	あさぎり町	【くま食健康マイスター店】Ａコープなかくま店が指定されました！	https://www.town.asagiri.lg.jp/kiji0034986/index.html	【くま食健康マイスター店】Ａコープなかくま店が指定されました！ / 熊本県あさぎり町公式サイト ヘッダーをスキップ 本文へジャンプ マイページ Languages 閲覧補助 さがす 緊急情報 くらしの情報 子ども・教育 健康・福祉 まちのＰＲ しごと 行政情報 届出・各種証明 証明書の発行 戸籍の届出 住所変更（転入・
25	あさぎり町	【レシピ掲載】夏休みに料理を作ってみよう３チャレンジ	https://www.town.asagiri.lg.jp/kiji0034843/index.html	【レシピ掲載】夏休みに料理を作ってみよう３チャレンジ / 熊本県あさぎり町公式サイト ヘッダーをスキップ 本文へジャンプ マイページ Languages 閲覧補助 さがす 緊急情報 くらしの情報 子ども・教育 健康・福祉 まちのＰＲ しごと 行政情報 届出・各種証明 証明書の発行 戸籍の届出 住所変更（転入・転出） 印
25	あさぎり町	あさぎり町健幸運動教室関連の情報をSNSでも提供します	https://www.town.asagiri.lg.jp/kiji0034136/index.html	あさぎり町健幸運動教室関連の情報をSNSでも提供します / 熊本県あさぎり町公式サイト ヘッダーをスキップ 本文へジャンプ マイページ Languages 閲覧補助 さがす 緊急情報 くらしの情報 子ども・教育 健康・福祉 まちのＰＲ しごと 行政情報 届出・各種証明 証明書の発行 戸籍の届出 住所変更（転入・転出）
25	あさぎり町	【６月】シニア料理教室を開催しました	https://www.town.asagiri.lg.jp/kiji0035173/index.html	【６月】シニア料理教室を開催しました / 熊本県あさぎり町公式サイト ヘッダーをスキップ 本文へジャンプ マイページ Languages 閲覧補助 さがす 緊急情報 くらしの情報 子ども・教育 健康・福祉 まちのＰＲ しごと 行政情報 届出・各種証明 証明書の発行 戸籍の届出 住所変更（転入・転出） 印鑑登録 マイナン
25	あさぎり町	【５月】シニア料理教室を開催しました	https://www.town.asagiri.lg.jp/kiji0035151/index.html	【５月】シニア料理教室を開催しました / 熊本県あさぎり町公式サイト ヘッダーをスキップ 本文へジャンプ マイページ Languages 閲覧補助 さがす 緊急情報 くらしの情報 子ども・教育 健康・福祉 まちのＰＲ しごと 行政情報 届出・各種証明 証明書の発行 戸籍の届出 住所変更（転入・転出） 印鑑登録 マイナン
25	あさぎり町	【４月】シニア料理教室を開催しました	https://www.town.asagiri.lg.jp/kiji0035131/index.html	【４月】シニア料理教室を開催しました / 熊本県あさぎり町公式サイト ヘッダーをスキップ 本文へジャンプ マイページ Languages 閲覧補助 さがす 緊急情報 くらしの情報 子ども・教育 健康・福祉 まちのＰＲ しごと 行政情報 届出・各種証明 証明書の発行 戸籍の届出 住所変更（転入・転出） 印鑑登録 マイナン
25	あさぎり町	【３月】シニア料理教室を開催しました	https://www.town.asagiri.lg.jp/kiji0035106/index.html	【３月】シニア料理教室を開催しました / 熊本県あさぎり町公式サイト ヘッダーをスキップ 本文へジャンプ マイページ Languages 閲覧補助 さがす 緊急情報 くらしの情報 子ども・教育 健康・福祉 まちのＰＲ しごと 行政情報 届出・各種証明 証明書の発行 戸籍の届出 住所変更（転入・転出） 印鑑登録 マイナン
25	あさぎり町	【２月】シニア料理教室を開催しました	https://www.town.asagiri.lg.jp/kiji0035092/index.html	【２月】シニア料理教室を開催しました / 熊本県あさぎり町公式サイト ヘッダーをスキップ 本文へジャンプ マイページ Languages 閲覧補助 さがす 緊急情報 くらしの情報 子ども・教育 健康・福祉 まちのＰＲ しごと 行政情報 届出・各種証明 証明書の発行 戸籍の届出 住所変更（転入・転出） 印鑑登録 マイナン
25	あさぎり町	【１月】シニア料理教室を開催しました	https://www.town.asagiri.lg.jp/kiji0034977/index.html	【１月】シニア料理教室を開催しました / 熊本県あさぎり町公式サイト ヘッダーをスキップ 本文へジャンプ マイページ Languages 閲覧補助 さがす 緊急情報 くらしの情報 子ども・教育 健康・福祉 まちのＰＲ しごと 行政情報 届出・各種証明 証明書の発行 戸籍の届出 住所変更（転入・転出） 印鑑登録 マイナン
25	あさぎり町	【１１月】シニア料理教室を開催しました	https://www.town.asagiri.lg.jp/kiji0034934/index.html	【１１月】シニア料理教室を開催しました / 熊本県あさぎり町公式サイト ヘッダーをスキップ 本文へジャンプ マイページ Languages 閲覧補助 さがす 緊急情報 くらしの情報 子ども・教育 健康・福祉 まちのＰＲ しごと 行政情報 届出・各種証明 証明書の発行 戸籍の届出 住所変更（転入・転出） 印鑑登録 マイナ
23	あさぎり町	健康・福祉	https://www.town.asagiri.lg.jp/list00103.html	健康・福祉 / 熊本県あさぎり町公式サイト ヘッダーをスキップ 本文へジャンプ マイページ Languages 閲覧補助 さがす 緊急情報 くらしの情報 子ども・教育 健康・福祉 まちのＰＲ しごと 行政情報 届出・各種証明 証明書の発行 戸籍の届出 住所変更（転入・転出） 印鑑登録 マイナンバー・住民基本台帳 申請書
23	あさぎり町	子育て・交流施設	https://www.town.asagiri.lg.jp/list00182.html	子育て・交流施設 / 熊本県あさぎり町公式サイト ヘッダーをスキップ 本文へジャンプ マイページ Languages 閲覧補助 さがす 緊急情報 くらしの情報 子ども・教育 健康・福祉 まちのＰＲ しごと 行政情報 届出・各種証明 証明書の発行 戸籍の届出 住所変更（転入・転出） 印鑑登録 マイナンバー・住民基本台帳
23	あさぎり町	教育委員会	https://www.town.asagiri.lg.jp/list00116.html	教育委員会 / 熊本県あさぎり町公式サイト ヘッダーをスキップ 本文へジャンプ マイページ Languages 閲覧補助 さがす 緊急情報 くらしの情報 子ども・教育 健康・福祉 まちのＰＲ しごと 行政情報 届出・各種証明 証明書の発行 戸籍の届出 住所変更（転入・転出） 印鑑登録 マイナンバー・住民基本台帳 申請書
23	あさぎり町	子ども医療電話相談♯8000	https://www.town.asagiri.lg.jp/list00186.html	子ども医療電話相談♯8000 / 熊本県あさぎり町公式サイト ヘッダーをスキップ 本文へジャンプ マイページ Languages 閲覧補助 さがす 緊急情報 くらしの情報 子ども・教育 健康・福祉 まちのＰＲ しごと 行政情報 届出・各種証明 証明書の発行 戸籍の届出 住所変更（転入・転出） 印鑑登録 マイナンバー・住
23	あさぎり町	医療・予防	https://www.town.asagiri.lg.jp/list00118.html	医療・予防 / 熊本県あさぎり町公式サイト ヘッダーをスキップ 本文へジャンプ マイページ Languages 閲覧補助 さがす 緊急情報 くらしの情報 子ども・教育 健康・福祉 まちのＰＲ しごと 行政情報 届出・各種証明 証明書の発行 戸籍の届出 住所変更（転入・転出） 印鑑登録 マイナンバー・住民基本台帳 申請書
23	あさぎり町	医療機関・相談窓口	https://www.town.asagiri.lg.jp/list00189.html	医療機関・相談窓口 / 熊本県あさぎり町公式サイト ヘッダーをスキップ 本文へジャンプ マイページ Languages 閲覧補助 さがす 緊急情報 くらしの情報 子ども・教育 健康・福祉 まちのＰＲ しごと 行政情報 届出・各種証明 証明書の発行 戸籍の届出 住所変更（転入・転出） 印鑑登録 マイナンバー・住民基本台帳
23	あさぎり町	後期高齢者医療	https://www.town.asagiri.lg.jp/list00201.html	後期高齢者医療 / 熊本県あさぎり町公式サイト ヘッダーをスキップ 本文へジャンプ マイページ Languages 閲覧補助 さがす 緊急情報 くらしの情報 子ども・教育 健康・福祉 まちのＰＲ しごと 行政情報 届出・各種証明 証明書の発行 戸籍の届出 住所変更（転入・転出） 印鑑登録 マイナンバー・住民基本台帳 申
23	あさぎり町	障がい者支援	https://www.town.asagiri.lg.jp/list00122.html	障がい者支援 / 熊本県あさぎり町公式サイト ヘッダーをスキップ 本文へジャンプ マイページ Languages 閲覧補助 さがす 緊急情報 くらしの情報 子ども・教育 健康・福祉 まちのＰＲ しごと 行政情報 届出・各種証明 証明書の発行 戸籍の届出 住所変更（転入・転出） 印鑑登録 マイナンバー・住民基本台帳 申請
23	あさぎり町	医療費助成・給付金	https://www.town.asagiri.lg.jp/list00203.html	医療費助成・給付金 / 熊本県あさぎり町公式サイト ヘッダーをスキップ 本文へジャンプ マイページ Languages 閲覧補助 さがす 緊急情報 くらしの情報 子ども・教育 健康・福祉 まちのＰＲ しごと 行政情報 届出・各種証明 証明書の発行 戸籍の届出 住所変更（転入・転出） 印鑑登録 マイナンバー・住民基本台帳
23	あさぎり町	日常生活・自立支援	https://www.town.asagiri.lg.jp/list00204.html	日常生活・自立支援 / 熊本県あさぎり町公式サイト ヘッダーをスキップ 本文へジャンプ マイページ Languages 閲覧補助 さがす 緊急情報 くらしの情報 子ども・教育 健康・福祉 まちのＰＲ しごと 行政情報 届出・各種証明 証明書の発行 戸籍の届出 住所変更（転入・転出） 印鑑登録 マイナンバー・住民基本台帳
23	あさぎり町	高齢者支援	https://www.town.asagiri.lg.jp/list00123.html	高齢者支援 / 熊本県あさぎり町公式サイト ヘッダーをスキップ 本文へジャンプ マイページ Languages 閲覧補助 さがす 緊急情報 くらしの情報 子ども・教育 健康・福祉 まちのＰＲ しごと 行政情報 届出・各種証明 証明書の発行 戸籍の届出 住所変更（転入・転出） 印鑑登録 マイナンバー・住民基本台帳 申請書
23	あさぎり町	認知症支援	https://www.town.asagiri.lg.jp/list00206.html	認知症支援 / 熊本県あさぎり町公式サイト ヘッダーをスキップ 本文へジャンプ マイページ Languages 閲覧補助 さがす 緊急情報 くらしの情報 子ども・教育 健康・福祉 まちのＰＲ しごと 行政情報 届出・各種証明 証明書の発行 戸籍の届出 住所変更（転入・転出） 印鑑登録 マイナンバー・住民基本台帳 申請書
23	あさぎり町	地域福祉・支援窓口	https://www.town.asagiri.lg.jp/list00124.html	地域福祉・支援窓口 / 熊本県あさぎり町公式サイト ヘッダーをスキップ 本文へジャンプ マイページ Languages 閲覧補助 さがす 緊急情報 くらしの情報 子ども・教育 健康・福祉 まちのＰＲ しごと 行政情報 届出・各種証明 証明書の発行 戸籍の届出 住所変更（転入・転出） 印鑑登録 マイナンバー・住民基本台帳
23	あさぎり町	地域包括支援センター	https://www.town.asagiri.lg.jp/list00207.html	地域包括支援センター / 熊本県あさぎり町公式サイト ヘッダーをスキップ 本文へジャンプ マイページ Languages 閲覧補助 さがす 緊急情報 くらしの情報 子ども・教育 健康・福祉 まちのＰＲ しごと 行政情報 届出・各種証明 証明書の発行 戸籍の届出 住所変更（転入・転出） 印鑑登録 マイナンバー・住民基本台
23	あさぎり町	給付金・助成金	https://www.town.asagiri.lg.jp/list00209.html	給付金・助成金 / 熊本県あさぎり町公式サイト ヘッダーをスキップ 本文へジャンプ マイページ Languages 閲覧補助 さがす 緊急情報 くらしの情報 子ども・教育 健康・福祉 まちのＰＲ しごと 行政情報 届出・各種証明 証明書の発行 戸籍の届出 住所変更（転入・転出） 印鑑登録 マイナンバー・住民基本台帳 申
23	あさぎり町	福祉支援・相談窓口	https://www.town.asagiri.lg.jp/list00210.html	福祉支援・相談窓口 / 熊本県あさぎり町公式サイト ヘッダーをスキップ 本文へジャンプ マイページ Languages 閲覧補助 さがす 緊急情報 くらしの情報 子ども・教育 健康・福祉 まちのＰＲ しごと 行政情報 届出・各種証明 証明書の発行 戸籍の届出 住所変更（転入・転出） 印鑑登録 マイナンバー・住民基本台帳
23	あさぎり町	社会福祉協議会	https://www.town.asagiri.lg.jp/list00125.html	社会福祉協議会 / 熊本県あさぎり町公式サイト ヘッダーをスキップ 本文へジャンプ マイページ Languages 閲覧補助 さがす 緊急情報 くらしの情報 子ども・教育 健康・福祉 まちのＰＲ しごと 行政情報 届出・各種証明 証明書の発行 戸籍の届出 住所変更（転入・転出） 印鑑登録 マイナンバー・住民基本台帳 申
23	あさぎり町	社会福祉協議会について	https://www.town.asagiri.lg.jp/list00212.html	社会福祉協議会について / 熊本県あさぎり町公式サイト ヘッダーをスキップ 本文へジャンプ マイページ Languages 閲覧補助 さがす 緊急情報 くらしの情報 子ども・教育 健康・福祉 まちのＰＲ しごと 行政情報 届出・各種証明 証明書の発行 戸籍の届出 住所変更（転入・転出） 印鑑登録 マイナンバー・住民基本
23	あさぎり町	観光・移住定住	https://www.town.asagiri.lg.jp/list00128.html	観光・移住定住 / 熊本県あさぎり町公式サイト ヘッダーをスキップ 本文へジャンプ マイページ Languages 閲覧補助 さがす 緊急情報 くらしの情報 子ども・教育 健康・福祉 まちのＰＲ しごと 行政情報 届出・各種証明 証明書の発行 戸籍の届出 住所変更（転入・転出） 印鑑登録 マイナンバー・住民基本台帳 申
23	あさぎり町	経営・創業支援・相談窓口	https://www.town.asagiri.lg.jp/list00230.html	経営・創業支援・相談窓口 / 熊本県あさぎり町公式サイト ヘッダーをスキップ 本文へジャンプ マイページ Languages 閲覧補助 さがす 緊急情報 くらしの情報 子ども・教育 健康・福祉 まちのＰＲ しごと 行政情報 届出・各種証明 証明書の発行 戸籍の届出 住所変更（転入・転出） 印鑑登録 マイナンバー・住民基
23	あさぎり町	就労支援・求人情報	https://www.town.asagiri.lg.jp/list00231.html	就労支援・求人情報 / 熊本県あさぎり町公式サイト ヘッダーをスキップ 本文へジャンプ マイページ Languages 閲覧補助 さがす 緊急情報 くらしの情報 子ども・教育 健康・福祉 まちのＰＲ しごと 行政情報 届出・各種証明 証明書の発行 戸籍の届出 住所変更（転入・転出） 印鑑登録 マイナンバー・住民基本台帳
23	あさぎり町	各種支援施策（補助金等）	https://www.town.asagiri.lg.jp/list00233.html	各種支援施策（補助金等） / 熊本県あさぎり町公式サイト ヘッダーをスキップ 本文へジャンプ マイページ Languages 閲覧補助 さがす 緊急情報 くらしの情報 子ども・教育 健康・福祉 まちのＰＲ しごと 行政情報 届出・各種証明 証明書の発行 戸籍の届出 住所変更（転入・転出） 印鑑登録 マイナンバー・住民基
23	あさぎり町	企業誘致・支援	https://www.town.asagiri.lg.jp/list00133.html	企業誘致・支援 / 熊本県あさぎり町公式サイト ヘッダーをスキップ 本文へジャンプ マイページ Languages 閲覧補助 さがす 緊急情報 くらしの情報 子ども・教育 健康・福祉 まちのＰＲ しごと 行政情報 届出・各種証明 証明書の発行 戸籍の届出 住所変更（転入・転出） 印鑑登録 マイナンバー・住民基本台帳 申
23	あさぎり町	誘致への補助支援策	https://www.town.asagiri.lg.jp/list00235.html	誘致への補助支援策 / 熊本県あさぎり町公式サイト ヘッダーをスキップ 本文へジャンプ マイページ Languages 閲覧補助 さがす 緊急情報 くらしの情報 子ども・教育 健康・福祉 まちのＰＲ しごと 行政情報 届出・各種証明 証明書の発行 戸籍の届出 住所変更（転入・転出） 印鑑登録 マイナンバー・住民基本台帳
23	あさぎり町	組織から探す	https://www.town.asagiri.lg.jp/classset002.html	組織から探す / 熊本県あさぎり町公式サイト ヘッダーをスキップ 本文へジャンプ マイページ Languages 閲覧補助 さがす 緊急情報 くらしの情報 子ども・教育 健康・福祉 まちのＰＲ しごと 行政情報 届出・各種証明 証明書の発行 戸籍の届出 住所変更（転入・転出） 印鑑登録 マイナンバー・住民基本台帳 申請
23	あさぎり町	分類から探す	https://www.town.asagiri.lg.jp/classset001.html	分類から探す / 熊本県あさぎり町公式サイト ヘッダーをスキップ 本文へジャンプ マイページ Languages 閲覧補助 さがす 緊急情報 くらしの情報 子ども・教育 健康・福祉 まちのＰＲ しごと 行政情報 届出・各種証明 証明書の発行 戸籍の届出 住所変更（転入・転出） 印鑑登録 マイナンバー・住民基本台帳 申請
23	あさぎり町	教育課	https://www.town.asagiri.lg.jp/list00018.html	教育課 / 熊本県あさぎり町公式サイト ヘッダーをスキップ 本文へジャンプ マイページ Languages 閲覧補助 さがす 緊急情報 くらしの情報 子ども・教育 健康・福祉 まちのＰＲ しごと 行政情報 届出・各種証明 証明書の発行 戸籍の届出 住所変更（転入・転出） 印鑑登録 マイナンバー・住民基本台帳 申請書 電
23	あさぎり町	人生のできごとから探す	https://www.town.asagiri.lg.jp/classset003.html	人生のできごとから探す / 熊本県あさぎり町公式サイト ヘッダーをスキップ 本文へジャンプ マイページ Languages 閲覧補助 さがす 緊急情報 くらしの情報 子ども・教育 健康・福祉 まちのＰＲ しごと 行政情報 届出・各種証明 証明書の発行 戸籍の届出 住所変更（転入・転出） 印鑑登録 マイナンバー・住民基本
22	あさぎり町	移住定住	https://www.town.asagiri.lg.jp/iju/default.html	移住定住 / 熊本県あさぎり町公式サイト 行政TOP Languages 閲覧補助 さがす Languages Language English 中文(简化字) 中文(繁體字) 한국어 閲覧補助 - 文字サイズを変更する - - 背景色を変更する - まちの魅力 くらし・すまい こそだて しごと あさぎりで暮らす こん
22	あさぎり町	あさぎり町デマンド交通「ほのぼの号」(予約制乗合タクシー)	https://www.town.asagiri.lg.jp/kiji003696/index.html	あさぎり町デマンド交通「ほのぼの号」(予約制乗合タクシー) / 熊本県あさぎり町公式サイト ヘッダーをスキップ 本文へジャンプ マイページ Languages 閲覧補助 さがす 緊急情報 くらしの情報 子ども・教育 健康・福祉 まちのＰＲ しごと 行政情報 届出・各種証明 証明書の発行 戸籍の届出 住所変更（転入・転出
22	あさぎり町	健康・福祉	https://www.town.asagiri.lg.jp/bousai/list00423.html	健康・福祉 / 防災サイト / 熊本県あさぎり町公式サイト ヘッダーをスキップ 本文へジャンプ 行政TOP Languages 閲覧補助 さがす Languages Language English 中文(简化字) 中文(繁體字) 한국어 閲覧補助 - 文字サイズを変更する - - 背景色を変更する - 町からのお知ら
22	あさぎり町	就学	https://www.town.asagiri.lg.jp/bousai/list00424.html	就学 / 防災サイト / 熊本県あさぎり町公式サイト ヘッダーをスキップ 本文へジャンプ 行政TOP Languages 閲覧補助 さがす Languages Language English 中文(简化字) 中文(繁體字) 한국어 閲覧補助 - 文字サイズを変更する - - 背景色を変更する - 町からのお知らせ 避
20	あさぎり町	防災サイト	https://www.town.asagiri.lg.jp/bousai/default.html	防災サイト / 熊本県あさぎり町公式サイト ヘッダーをスキップ 本文へジャンプ 行政TOP Languages 閲覧補助 さがす Languages Language English 中文(简化字) 中文(繁體字) 한국어 閲覧補助 - 文字サイズを変更する - - 背景色を変更する - 町からのお知らせ 避難場所 防
20	あさぎり町	支援物資の受け入れについて	https://www.town.asagiri.lg.jp/bousai/list00417.html	支援物資の受け入れについて / 防災サイト / 熊本県あさぎり町公式サイト ヘッダーをスキップ 本文へジャンプ 行政TOP Languages 閲覧補助 さがす Languages Language English 中文(简化字) 中文(繁體字) 한국어 閲覧補助 - 文字サイズを変更する - - 背景色を変更する -
20	あさぎり町	被害のあった住宅の危険度判定	https://www.town.asagiri.lg.jp/bousai/list00449.html	被害のあった住宅の危険度判定 / 防災サイト / 熊本県あさぎり町公式サイト ヘッダーをスキップ 本文へジャンプ 行政TOP Languages 閲覧補助 さがす Languages Language English 中文(简化字) 中文(繁體字) 한국어 閲覧補助 - 文字サイズを変更する - - 背景色を変更する
20	あさぎり町	仮説住宅の設置状況	https://www.town.asagiri.lg.jp/bousai/list00450.html	仮説住宅の設置状況/入居方法 / 防災サイト / 熊本県あさぎり町公式サイト ヘッダーをスキップ 本文へジャンプ 行政TOP Languages 閲覧補助 さがす Languages Language English 中文(简化字) 中文(繁體字) 한국어 閲覧補助 - 文字サイズを変更する - - 背景色を変更する
20	あさぎり町	医療機関の情報	https://www.town.asagiri.lg.jp/bousai/list00451.html	医療機関の情報 / 防災サイト / 熊本県あさぎり町公式サイト ヘッダーをスキップ 本文へジャンプ 行政TOP Languages 閲覧補助 さがす Languages Language English 中文(简化字) 中文(繁體字) 한국어 閲覧補助 - 文字サイズを変更する - - 背景色を変更する - 町からのお
20	あさぎり町	就労支援の案内	https://www.town.asagiri.lg.jp/bousai/list00456.html	就労支援の案内/手続き方法 / 防災サイト / 熊本県あさぎり町公式サイト ヘッダーをスキップ 本文へジャンプ 行政TOP Languages 閲覧補助 さがす Languages Language English 中文(简化字) 中文(繁體字) 한국어 閲覧補助 - 文字サイズを変更する - - 背景色を変更する -
18	あさぎり町	タウンプロモーション	https://www.town.asagiri.lg.jp/promotion/default.html	タウンプロモーション / 熊本県あさぎり町公式サイト 行政TOP Languages 閲覧補助 さがす Languages Language English 中文(简化字) 中文(繁體字) 한국어 閲覧補助 - 文字サイズを変更する - - 背景色を変更する - あさぎりのこと あさぎりのひと あさぎりにいく あさぎり
17	あさぎり町	排水設備工事のお申込先一覧（あさぎり町指定排水設備工事事業者一覧）	https://www.town.asagiri.lg.jp/kiji0034863/index.html	排水設備工事のお申込先一覧（あさぎり町指定排水設備工事事業者一覧） / 熊本県あさぎり町公式サイト ヘッダーをスキップ 本文へジャンプ マイページ Languages 閲覧補助 さがす 緊急情報 くらしの情報 子ども・教育 健康・福祉 まちのＰＲ しごと 行政情報 届出・各種証明 証明書の発行 戸籍の届出 住所変更（転
17	あさぎり町	給水装置工事のお申込先一覧(あさぎり町指定給水装置工事事業者一覧)	https://www.town.asagiri.lg.jp/kiji0033387/index.html	給水装置工事のお申込先一覧(あさぎり町指定給水装置工事事業者一覧) / 熊本県あさぎり町公式サイト ヘッダーをスキップ 本文へジャンプ マイページ Languages 閲覧補助 さがす 緊急情報 くらしの情報 子ども・教育 健康・福祉 まちのＰＲ しごと 行政情報 届出・各種証明 証明書の発行 戸籍の届出 住所変更（転
30	球磨村	電子申請・窓口申請	https://www.kumamura.com/dynamic/hpkiji/pub/shinsei.aspx?c_id=3	電子申請・窓口申請 / 球磨村公式サイト ヘッダーをスキップ 本文へジャンプ オープニングへ Languages 閲覧補助 さがす さがす Languages Language English 中文(简化字) 中文(繁體字) 한국어 閲覧補助 - 文字サイズを変更する - - 背景色を変更する - さがす くらし 子育
30	球磨村	【質問回答書追加】令和８年度球磨村議場音響映像設備備品購入等業務公募型プロポーザルを実施します	https://www.kumamura.com/kiji0032074/index.html	【質問回答書追加】令和８年度球磨村議場音響映像設備備品購入等業務公募型プロポーザルを実施します / 球磨村公式サイト ヘッダーをスキップ 本文へジャンプ オープニングへ Languages 閲覧補助 さがす さがす Languages Language English 中文(简化字) 中文(繁體字) 한국어 閲覧補助
30	球磨村	【球磨村職員募集】令和８年度球磨村職員採用試験について	https://www.kumamura.com/kiji0032078/index.html	【球磨村職員募集】令和８年度球磨村職員採用試験について / 球磨村公式サイト ヘッダーをスキップ 本文へジャンプ オープニングへ Languages 閲覧補助 さがす さがす Languages Language English 中文(简化字) 中文(繁體字) 한국어 閲覧補助 - 文字サイズを変更する - - 背景色
30	球磨村	農業者等物価高騰対策支援金のご案内	https://www.kumamura.com/kiji0032075/index.html	農業者等物価高騰対策支援金のご案内 / 球磨村公式サイト ヘッダーをスキップ 本文へジャンプ オープニングへ Languages 閲覧補助 さがす さがす Languages Language English 中文(简化字) 中文(繁體字) 한국어 閲覧補助 - 文字サイズを変更する - - 背景色を変更する - さが
30	球磨村	令和8年度から予防接種費用の助成・自己負担軽減を行います	https://www.kumamura.com/kiji0032068/index.html	令和8年度から予防接種費用の助成・自己負担軽減を行います / 球磨村公式サイト ヘッダーをスキップ 本文へジャンプ オープニングへ Languages 閲覧補助 さがす さがす Languages Language English 中文(简化字) 中文(繁體字) 한국어 閲覧補助 - 文字サイズを変更する - - 背景
30	球磨村	球磨村新型インフルエンザ等対策行動計画を改定しました	https://www.kumamura.com/kiji0032069/index.html	球磨村新型インフルエンザ等対策行動計画を改定しました / 球磨村公式サイト ヘッダーをスキップ 本文へジャンプ オープニングへ Languages 閲覧補助 さがす さがす Languages Language English 中文(简化字) 中文(繁體字) 한국어 閲覧補助 - 文字サイズを変更する - - 背景色を
30	球磨村	休日部活動の指導者・見守り担当を募集しています	https://www.kumamura.com/kiji0032064/index.html	休日部活動の指導者・見守り担当を募集しています / 球磨村公式サイト ヘッダーをスキップ 本文へジャンプ オープニングへ Languages 閲覧補助 さがす さがす Languages Language English 中文(简化字) 中文(繁體字) 한국어 閲覧補助 - 文字サイズを変更する - - 背景色を変更す
30	球磨村	村長あいさつ	https://www.kumamura.com/kiji0031997/index.html	村長あいさつ / 球磨村公式サイト ヘッダーをスキップ 本文へジャンプ オープニングへ Languages 閲覧補助 さがす さがす Languages Language English 中文(简化字) 中文(繁體字) 한국어 閲覧補助 - 文字サイズを変更する - - 背景色を変更する - さがす くらし 子育て・教
30	球磨村	納期月の変更について	https://www.kumamura.com/kiji0031929/index.html	納期月の変更について / 球磨村公式サイト ヘッダーをスキップ 本文へジャンプ オープニングへ Languages 閲覧補助 さがす さがす Languages Language English 中文(简化字) 中文(繁體字) 한국어 閲覧補助 - 文字サイズを変更する - - 背景色を変更する - さがす くらし 子
30	球磨村	地域おこし協力隊を募集します！	https://www.kumamura.com/kiji0031734/index.html	地域おこし協力隊を募集します！ / 球磨村公式サイト ヘッダーをスキップ 本文へジャンプ オープニングへ Languages 閲覧補助 さがす さがす Languages Language English 中文(简化字) 中文(繁體字) 한국어 閲覧補助 - 文字サイズを変更する - - 背景色を変更する - さがす
30	球磨村	【随時募集中】令和８年度採用任期付及び会計年度任用職員の募集について	https://www.kumamura.com/kiji0031995/index.html	【随時募集中】令和８年度採用任期付及び会計年度任用職員の募集について / 球磨村公式サイト ヘッダーをスキップ 本文へジャンプ オープニングへ Languages 閲覧補助 さがす さがす Languages Language English 中文(简化字) 中文(繁體字) 한국어 閲覧補助 - 文字サイズを変更する
30	球磨村	【令和８年度採用】任期付職員及び会計年度任用職員の募集について	https://www.kumamura.com/kiji0031959/index.html	【令和８年度採用】任期付職員及び会計年度任用職員の募集について / 球磨村公式サイト ヘッダーをスキップ 本文へジャンプ オープニングへ Languages 閲覧補助 さがす さがす Languages Language English 中文(简化字) 中文(繁體字) 한국어 閲覧補助 - 文字サイズを変更する - -
30	球磨村	令和７年度球磨村職員採用第１次試験合格者	https://www.kumamura.com/kiji0031885/index.html	令和７年度球磨村職員採用第１次試験合格者 / 球磨村公式サイト ヘッダーをスキップ 本文へジャンプ オープニングへ Languages 閲覧補助 さがす さがす Languages Language English 中文(简化字) 中文(繁體字) 한국어 閲覧補助 - 文字サイズを変更する - - 背景色を変更する -
30	球磨村	【球磨村職員募集】令和７年度球磨村職員採用試験について	https://www.kumamura.com/kiji0031814/index.html	【球磨村職員募集】令和７年度球磨村職員採用試験について / 球磨村公式サイト ヘッダーをスキップ 本文へジャンプ オープニングへ Languages 閲覧補助 さがす さがす Languages Language English 中文(简化字) 中文(繁體字) 한국어 閲覧補助 - 文字サイズを変更する - - 背景色
30	球磨村	ふれあいまつりくまむらの開催について	https://www.kumamura.com/kiji0031874/index.html	ふれあいまつりくまむらの開催について / 球磨村公式サイト ヘッダーをスキップ 本文へジャンプ オープニングへ Languages 閲覧補助 さがす さがす Languages Language English 中文(简化字) 中文(繁體字) 한국어 閲覧補助 - 文字サイズを変更する - - 背景色を変更する - さ
30	球磨村	ふれあいまつりでスペシャルゲストの新浜レオンさんと一緒に踊ろう！！	https://www.kumamura.com/kiji0031884/index.html	ふれあいまつりでスペシャルゲストの新浜レオンさんと一緒に踊ろう！！ / 球磨村公式サイト ヘッダーをスキップ 本文へジャンプ オープニングへ Languages 閲覧補助 さがす さがす Languages Language English 中文(简化字) 中文(繁體字) 한국어 閲覧補助 - 文字サイズを変更する -
30	球磨村	一王子団地（分譲）及び塚ノ丸団地（借地）の随時募集について	https://www.kumamura.com/kiji0031548/index.html	一王子団地（分譲）及び塚ノ丸団地（借地）の随時募集について / 球磨村公式サイト ヘッダーをスキップ 本文へジャンプ オープニングへ Languages 閲覧補助 さがす さがす Languages Language English 中文(简化字) 中文(繁體字) 한국어 閲覧補助 - 文字サイズを変更する - - 背
30	球磨村	令和８年度予算書	https://www.kumamura.com/kiji0032013/index.html	令和８年度予算書 / 球磨村公式サイト ヘッダーをスキップ 本文へジャンプ オープニングへ Languages 閲覧補助 さがす さがす Languages Language English 中文(简化字) 中文(繁體字) 한국어 閲覧補助 - 文字サイズを変更する - - 背景色を変更する - さがす くらし 子育て
30	球磨村	物価高騰対応重点支援地方創生臨時交付金について	https://www.kumamura.com/kiji0031862/index.html	物価高騰対応重点支援地方創生臨時交付金について / 球磨村公式サイト ヘッダーをスキップ 本文へジャンプ オープニングへ Languages 閲覧補助 さがす さがす Languages Language English 中文(简化字) 中文(繁體字) 한국어 閲覧補助 - 文字サイズを変更する - - 背景色を変更す
30	球磨村	令和８年度球磨村LPガス価格高騰対応生活者支援金の給付について	https://www.kumamura.com/kiji0032052/index.html	令和８年度球磨村LPガス価格高騰対応生活者支援金の給付について / 球磨村公式サイト ヘッダーをスキップ 本文へジャンプ オープニングへ Languages 閲覧補助 さがす さがす Languages Language English 中文(简化字) 中文(繁體字) 한국어 閲覧補助 - 文字サイズを変更する - -
30	球磨村	令和８年度球磨村地域防災計画	https://www.kumamura.com/kiji0032055/index.html	令和８年度球磨村地域防災計画 / 球磨村公式サイト ヘッダーをスキップ 本文へジャンプ オープニングへ Languages 閲覧補助 さがす さがす Languages Language English 中文(简化字) 中文(繁體字) 한국어 閲覧補助 - 文字サイズを変更する - - 背景色を変更する - さがす く
30	球磨村	交通災害共済制度	https://www.kumamura.com/kiji0032023/index.html	交通災害共済制度 / 球磨村公式サイト ヘッダーをスキップ 本文へジャンプ オープニングへ Languages 閲覧補助 さがす さがす Languages Language English 中文(简化字) 中文(繁體字) 한국어 閲覧補助 - 文字サイズを変更する - - 背景色を変更する - さがす くらし 子育て
30	球磨村	球磨村過疎地域持続的発展計画について（令和８年度～令和１２年度）	https://www.kumamura.com/kiji0032029/index.html	球磨村過疎地域持続的発展計画について（令和８年度～令和１２年度） / 球磨村公式サイト ヘッダーをスキップ 本文へジャンプ オープニングへ Languages 閲覧補助 さがす さがす Languages Language English 中文(简化字) 中文(繁體字) 한국어 閲覧補助 - 文字サイズを変更する -
30	球磨村	サイバーセキュリティを確保するための方針について	https://www.kumamura.com/kiji0032027/index.html	サイバーセキュリティを確保するための方針について / 球磨村公式サイト ヘッダーをスキップ 本文へジャンプ オープニングへ Languages 閲覧補助 さがす さがす Languages Language English 中文(简化字) 中文(繁體字) 한국어 閲覧補助 - 文字サイズを変更する - - 背景色を変更
30	球磨村	辺地に係る総合整備計画の策定について	https://www.kumamura.com/kiji0032026/index.html	辺地に係る総合整備計画の策定について / 球磨村公式サイト ヘッダーをスキップ 本文へジャンプ オープニングへ Languages 閲覧補助 さがす さがす Languages Language English 中文(简化字) 中文(繁體字) 한국어 閲覧補助 - 文字サイズを変更する - - 背景色を変更する - さ
30	球磨村	球磨村過疎地域持続的発展計画の変更	https://www.kumamura.com/kiji0032025/index.html	球磨村過疎地域持続的発展計画の変更 / 球磨村公式サイト ヘッダーをスキップ 本文へジャンプ オープニングへ Languages 閲覧補助 さがす さがす Languages Language English 中文(简化字) 中文(繁體字) 한국어 閲覧補助 - 文字サイズを変更する - - 背景色を変更する - さが
30	球磨村	令和６年度 財政状況資料集の公表について	https://www.kumamura.com/kiji0032019/index.html	令和６年度 財政状況資料集の公表について / 球磨村公式サイト ヘッダーをスキップ 本文へジャンプ オープニングへ Languages 閲覧補助 さがす さがす Languages Language English 中文(简化字) 中文(繁體字) 한국어 閲覧補助 - 文字サイズを変更する - - 背景色を変更する -
30	球磨村	令和８年第４回球磨村議会定例会（６月定例会）について	https://www.kumamura.com/kiji0032060/index.html	令和８年第４回球磨村議会定例会（６月定例会）について / 球磨村公式サイト ヘッダーをスキップ 本文へジャンプ オープニングへ Languages 閲覧補助 さがす さがす Languages Language English 中文(简化字) 中文(繁體字) 한국어 閲覧補助 - 文字サイズを変更する - - 背景色を
30	球磨村	くまむら議会だより「急流」第１２０号	https://www.kumamura.com/kiji0032059/index.html	くまむら議会だより「急流」第１２０号 / 球磨村公式サイト ヘッダーをスキップ 本文へジャンプ オープニングへ Languages 閲覧補助 さがす さがす Languages Language English 中文(简化字) 中文(繁體字) 한국어 閲覧補助 - 文字サイズを変更する - - 背景色を変更する - さ
30	球磨村	くまむら議会だより「急流」第１１９号	https://www.kumamura.com/kiji0032058/index.html	くまむら議会だより「急流」第１１９号 / 球磨村公式サイト ヘッダーをスキップ 本文へジャンプ オープニングへ Languages 閲覧補助 さがす さがす Languages Language English 中文(简化字) 中文(繁體字) 한국어 閲覧補助 - 文字サイズを変更する - - 背景色を変更する - さ
30	球磨村	令和7年第10回臨時会 会議録	https://www.kumamura.com/kiji0032005/index.html	令和7年第10回臨時会 会議録 / 球磨村公式サイト ヘッダーをスキップ 本文へジャンプ オープニングへ Languages 閲覧補助 さがす さがす Languages Language English 中文(简化字) 中文(繁體字) 한국어 閲覧補助 - 文字サイズを変更する - - 背景色を変更する - さがす
30	球磨村	令和7年第9回定例会 会議録	https://www.kumamura.com/kiji0032004/index.html	令和7年第9回定例会 会議録 / 球磨村公式サイト ヘッダーをスキップ 本文へジャンプ オープニングへ Languages 閲覧補助 さがす さがす Languages Language English 中文(简化字) 中文(繁體字) 한국어 閲覧補助 - 文字サイズを変更する - - 背景色を変更する - さがす く
30	球磨村	球磨村議会議員名簿	https://www.kumamura.com/kiji0032003/index.html	球磨村議会議員名簿 / 球磨村公式サイト ヘッダーをスキップ 本文へジャンプ オープニングへ Languages 閲覧補助 さがす さがす Languages Language English 中文(简化字) 中文(繁體字) 한국어 閲覧補助 - 文字サイズを変更する - - 背景色を変更する - さがす くらし 子育
30	球磨村	令和7年第8回臨時会 会議録	https://www.kumamura.com/kiji0031970/index.html	令和7年第8回臨時会 会議録 / 球磨村公式サイト ヘッダーをスキップ 本文へジャンプ オープニングへ Languages 閲覧補助 さがす さがす Languages Language English 中文(简化字) 中文(繁體字) 한국어 閲覧補助 - 文字サイズを変更する - - 背景色を変更する - さがす く
30	球磨村	球磨村議会だより「急流」特別号No2	https://www.kumamura.com/kiji0031952/index.html	球磨村議会だより「急流」特別号No2 / 球磨村公式サイト ヘッダーをスキップ 本文へジャンプ オープニングへ Languages 閲覧補助 さがす さがす Languages Language English 中文(简化字) 中文(繁體字) 한국어 閲覧補助 - 文字サイズを変更する - - 背景色を変更する -
30	球磨村	令和7年第7回定例会 会議録	https://www.kumamura.com/kiji0031940/index.html	令和7年第7回定例会 会議録 / 球磨村公式サイト ヘッダーをスキップ 本文へジャンプ オープニングへ Languages 閲覧補助 さがす さがす Languages Language English 中文(简化字) 中文(繁體字) 한국어 閲覧補助 - 文字サイズを変更する - - 背景色を変更する - さがす く
30	球磨村	球磨村議会の解散について	https://www.kumamura.com/kiji0031932/index.html	球磨村議会の解散について / 球磨村公式サイト ヘッダーをスキップ 本文へジャンプ オープニングへ Languages 閲覧補助 さがす さがす Languages Language English 中文(简化字) 中文(繁體字) 한국어 閲覧補助 - 文字サイズを変更する - - 背景色を変更する - さがす くらし
30	球磨村	松谷浩一村長に対する不信任決議を可決	https://www.kumamura.com/kiji0031928/index.html	松谷浩一村長に対する不信任決議を可決 / 球磨村公式サイト ヘッダーをスキップ 本文へジャンプ オープニングへ Languages 閲覧補助 さがす さがす Languages Language English 中文(简化字) 中文(繁體字) 한국어 閲覧補助 - 文字サイズを変更する - - 背景色を変更する - さ
30	球磨村	令和7年第6回臨時会 会議録	https://www.kumamura.com/kiji0031894/index.html	令和7年第6回臨時会 会議録 / 球磨村公式サイト ヘッダーをスキップ 本文へジャンプ オープニングへ Languages 閲覧補助 さがす さがす Languages Language English 中文(简化字) 中文(繁體字) 한국어 閲覧補助 - 文字サイズを変更する - - 背景色を変更する - さがす く
30	球磨村	令和7年第5回臨時会 会議録	https://www.kumamura.com/kiji0031882/index.html	令和7年第5回臨時会 会議録 / 球磨村公式サイト ヘッダーをスキップ 本文へジャンプ オープニングへ Languages 閲覧補助 さがす さがす Languages Language English 中文(简化字) 中文(繁體字) 한국어 閲覧補助 - 文字サイズを変更する - - 背景色を変更する - さがす く
30	球磨村	令和7年第4回定例会 会議録	https://www.kumamura.com/kiji0031881/index.html	令和7年第4回定例会 会議録 / 球磨村公式サイト ヘッダーをスキップ 本文へジャンプ オープニングへ Languages 閲覧補助 さがす さがす Languages Language English 中文(简化字) 中文(繁體字) 한국어 閲覧補助 - 文字サイズを変更する - - 背景色を変更する - さがす く
30	球磨村	球磨村議会だより「急流」第１１８号	https://www.kumamura.com/kiji0031863/index.html	球磨村議会だより「急流」第１１８号 / 球磨村公式サイト ヘッダーをスキップ 本文へジャンプ オープニングへ Languages 閲覧補助 さがす さがす Languages Language English 中文(简化字) 中文(繁體字) 한국어 閲覧補助 - 文字サイズを変更する - - 背景色を変更する - さが
30	球磨村	令和7年第2回定例会 会議録	https://www.kumamura.com/kiji0031844/index.html	令和7年第2回定例会 会議録 / 球磨村公式サイト ヘッダーをスキップ 本文へジャンプ オープニングへ Languages 閲覧補助 さがす さがす Languages Language English 中文(简化字) 中文(繁體字) 한국어 閲覧補助 - 文字サイズを変更する - - 背景色を変更する - さがす く
30	球磨村	令和7年第3回臨時会 会議録	https://www.kumamura.com/kiji0031845/index.html	令和7年第3回臨時会 会議録 / 球磨村公式サイト ヘッダーをスキップ 本文へジャンプ オープニングへ Languages 閲覧補助 さがす さがす Languages Language English 中文(简化字) 中文(繁體字) 한국어 閲覧補助 - 文字サイズを変更する - - 背景色を変更する - さがす く
30	球磨村	球磨村議会だより「急流」特別号	https://www.kumamura.com/kiji0031811/index.html	球磨村議会だより「急流」特別号 / 球磨村公式サイト ヘッダーをスキップ 本文へジャンプ オープニングへ Languages 閲覧補助 さがす さがす Languages Language English 中文(简化字) 中文(繁體字) 한국어 閲覧補助 - 文字サイズを変更する - - 背景色を変更する - さがす
30	球磨村	松谷村長及び上蔀副村長に対する辞職勧告決議	https://www.kumamura.com/kiji0031798/index.html	松谷村長及び上蔀副村長に対する辞職勧告決議 / 球磨村公式サイト ヘッダーをスキップ 本文へジャンプ オープニングへ Languages 閲覧補助 さがす さがす Languages Language English 中文(简化字) 中文(繁體字) 한국어 閲覧補助 - 文字サイズを変更する - - 背景色を変更する
30	球磨村	令和7年第1回臨時会 会議録	https://www.kumamura.com/kiji0031759/index.html	令和7年第1回臨時会 会議録 / 球磨村公式サイト ヘッダーをスキップ 本文へジャンプ オープニングへ Languages 閲覧補助 さがす さがす Languages Language English 中文(简化字) 中文(繁體字) 한국어 閲覧補助 - 文字サイズを変更する - - 背景色を変更する - さがす く
30	球磨村	令和6年第11回臨時会 会議録	https://www.kumamura.com/kiji0031758/index.html	令和6年第11回臨時会 会議録 / 球磨村公式サイト ヘッダーをスキップ 本文へジャンプ オープニングへ Languages 閲覧補助 さがす さがす Languages Language English 中文(简化字) 中文(繁體字) 한국어 閲覧補助 - 文字サイズを変更する - - 背景色を変更する - さがす
30	球磨村	令和6年第10回定例会 会議録	https://www.kumamura.com/kiji0031757/index.html	令和6年第10回定例会 会議録 / 球磨村公式サイト ヘッダーをスキップ 本文へジャンプ オープニングへ Languages 閲覧補助 さがす さがす Languages Language English 中文(简化字) 中文(繁體字) 한국어 閲覧補助 - 文字サイズを変更する - - 背景色を変更する - さがす
30	球磨村	球磨村議会だより「急流」第１１６号	https://www.kumamura.com/kiji0031704/index.html	球磨村議会だより「急流」第１１６号 / 球磨村公式サイト ヘッダーをスキップ 本文へジャンプ オープニングへ Languages 閲覧補助 さがす さがす Languages Language English 中文(简化字) 中文(繁體字) 한국어 閲覧補助 - 文字サイズを変更する - - 背景色を変更する - さが
30	球磨村	令和6年第8回定例会 会議録	https://www.kumamura.com/kiji0031678/index.html	令和6年第8回定例会 会議録 / 球磨村公式サイト ヘッダーをスキップ 本文へジャンプ オープニングへ Languages 閲覧補助 さがす さがす Languages Language English 中文(简化字) 中文(繁體字) 한국어 閲覧補助 - 文字サイズを変更する - - 背景色を変更する - さがす く
30	球磨村	令和6年第9回臨時会 会議録	https://www.kumamura.com/kiji0031679/index.html	令和6年第9回臨時会 会議録 / 球磨村公式サイト ヘッダーをスキップ 本文へジャンプ オープニングへ Languages 閲覧補助 さがす さがす Languages Language English 中文(简化字) 中文(繁體字) 한국어 閲覧補助 - 文字サイズを変更する - - 背景色を変更する - さがす く
30	球磨村	球磨村議会だより「急流」第１１５号	https://www.kumamura.com/kiji0031559/index.html	球磨村議会だより「急流」第１１５号 / 球磨村公式サイト ヘッダーをスキップ 本文へジャンプ オープニングへ Languages 閲覧補助 さがす さがす Languages Language English 中文(简化字) 中文(繁體字) 한국어 閲覧補助 - 文字サイズを変更する - - 背景色を変更する - さが
30	球磨村	球磨村議会だより「急流」第１１４号	https://www.kumamura.com/kiji0031558/index.html	球磨村議会だより「急流」第１１４号 / 球磨村公式サイト ヘッダーをスキップ 本文へジャンプ オープニングへ Languages 閲覧補助 さがす さがす Languages Language English 中文(简化字) 中文(繁體字) 한국어 閲覧補助 - 文字サイズを変更する - - 背景色を変更する - さが
30	球磨村	令和6年第7回臨時会 会議録	https://www.kumamura.com/kiji0031560/index.html	令和6年第7回臨時会 会議録 / 球磨村公式サイト ヘッダーをスキップ 本文へジャンプ オープニングへ Languages 閲覧補助 さがす さがす Languages Language English 中文(简化字) 中文(繁體字) 한국어 閲覧補助 - 文字サイズを変更する - - 背景色を変更する - さがす く
30	球磨村	令和6年第6回臨時会 会議録	https://www.kumamura.com/kiji0031437/index.html	令和6年第6回臨時会 会議録 / 球磨村公式サイト ヘッダーをスキップ 本文へジャンプ オープニングへ Languages 閲覧補助 さがす さがす Languages Language English 中文(简化字) 中文(繁體字) 한국어 閲覧補助 - 文字サイズを変更する - - 背景色を変更する - さがす く
30	球磨村	令和6年第5回定例会 会議録	https://www.kumamura.com/kiji0031417/index.html	令和6年第5回定例会 会議録 / 球磨村公式サイト ヘッダーをスキップ 本文へジャンプ オープニングへ Languages 閲覧補助 さがす さがす Languages Language English 中文(简化字) 中文(繁體字) 한국어 閲覧補助 - 文字サイズを変更する - - 背景色を変更する - さがす く
30	球磨村	令和6年第4回臨時会 会議録	https://www.kumamura.com/kiji0031400/index.html	令和6年第4回臨時会 会議録 / 球磨村公式サイト ヘッダーをスキップ 本文へジャンプ オープニングへ Languages 閲覧補助 さがす さがす Languages Language English 中文(简化字) 中文(繁體字) 한국어 閲覧補助 - 文字サイズを変更する - - 背景色を変更する - さがす く
30	球磨村	球磨村議会だより「急流」第１１７号	https://www.kumamura.com/kiji0031804/index.html	球磨村議会だより「急流」第１１７号 / 球磨村公式サイト ヘッダーをスキップ 本文へジャンプ オープニングへ Languages 閲覧補助 さがす さがす Languages Language English 中文(简化字) 中文(繁體字) 한국어 閲覧補助 - 文字サイズを変更する - - 背景色を変更する - さが
30	球磨村	球磨村議会だより「急流」第１１３号	https://www.kumamura.com/kiji0031360/index.html	球磨村議会だより「急流」第１１３号 / 球磨村公式サイト ヘッダーをスキップ 本文へジャンプ オープニングへ Languages 閲覧補助 さがす さがす Languages Language English 中文(简化字) 中文(繁體字) 한국어 閲覧補助 - 文字サイズを変更する - - 背景色を変更する - さが
30	球磨村	令和6年第3回定例会 会議録	https://www.kumamura.com/kiji0031362/index.html	令和6年第3回定例会 会議録 / 球磨村公式サイト ヘッダーをスキップ 本文へジャンプ オープニングへ Languages 閲覧補助 さがす さがす Languages Language English 中文(简化字) 中文(繁體字) 한국어 閲覧補助 - 文字サイズを変更する - - 背景色を変更する - さがす く
30	球磨村	令和6年第1回臨時会 会議録	https://www.kumamura.com/kiji0031351/index.html	令和6年第1回臨時会 会議録 / 球磨村公式サイト ヘッダーをスキップ 本文へジャンプ オープニングへ Languages 閲覧補助 さがす さがす Languages Language English 中文(简化字) 中文(繁體字) 한국어 閲覧補助 - 文字サイズを変更する - - 背景色を変更する - さがす く
30	球磨村	介護予防・日常生活支援総合事業のサービスコード表（令和８年６月版）について	https://www.kumamura.com/kiji0032066/index.html	介護予防・日常生活支援総合事業のサービスコード表（令和８年６月版）について / 球磨村公式サイト ヘッダーをスキップ 本文へジャンプ オープニングへ Languages 閲覧補助 さがす さがす Languages Language English 中文(简化字) 中文(繁體字) 한국어 閲覧補助 - 文字サイズを変更
30	球磨村	第３期球磨村子ども・子育て支援事業計画を策定しました	https://www.kumamura.com/kiji0031745/index.html	第３期球磨村子ども・子育て支援事業計画を策定しました / 球磨村公式サイト ヘッダーをスキップ 本文へジャンプ オープニングへ Languages 閲覧補助 さがす さがす Languages Language English 中文(简化字) 中文(繁體字) 한국어 閲覧補助 - 文字サイズを変更する - - 背景色を
30	球磨村	球磨村こども計画を策定しました	https://www.kumamura.com/kiji0032039/index.html	球磨村こども計画を策定しました / 球磨村公式サイト ヘッダーをスキップ 本文へジャンプ オープニングへ Languages 閲覧補助 さがす さがす Languages Language English 中文(简化字) 中文(繁體字) 한국어 閲覧補助 - 文字サイズを変更する - - 背景色を変更する - さがす
30	球磨村	令和８年度 介護職員等処遇改善加算に伴う関係書類の提出について	https://www.kumamura.com/kiji0032028/index.html	令和８年度 介護職員等処遇改善加算に伴う関係書類の提出について / 球磨村公式サイト ヘッダーをスキップ 本文へジャンプ オープニングへ Languages 閲覧補助 さがす さがす Languages Language English 中文(简化字) 中文(繁體字) 한국어 閲覧補助 - 文字サイズを変更する - -
30	球磨村	【児童手当】高校・短期大学等を卒業後も継続してお子様を養育する場合の手続きについて	https://www.kumamura.com/kiji0032016/index.html	【児童手当】高校・短期大学等を卒業後も継続してお子様を養育する場合の手続きについて / 球磨村公式サイト ヘッダーをスキップ 本文へジャンプ オープニングへ Languages 閲覧補助 さがす さがす Languages Language English 中文(简化字) 中文(繁體字) 한국어 閲覧補助 - 文字サイ
30	球磨村	身体障害者手帳の死亡返還届のオンライン手続きの導入について	https://www.kumamura.com/kiji0032008/index.html	身体障害者手帳の死亡返還届のオンライン手続きの導入について / 球磨村公式サイト ヘッダーをスキップ 本文へジャンプ オープニングへ Languages 閲覧補助 さがす さがす Languages Language English 中文(简化字) 中文(繁體字) 한국어 閲覧補助 - 文字サイズを変更する - - 背
30	球磨村	精神障害者保健福祉手帳の返還届のオンライン手続きの導入について	https://www.kumamura.com/kiji0032009/index.html	精神障害者保健福祉手帳の返還届のオンライン手続きの導入について / 球磨村公式サイト ヘッダーをスキップ 本文へジャンプ オープニングへ Languages 閲覧補助 さがす さがす Languages Language English 中文(简化字) 中文(繁體字) 한국어 閲覧補助 - 文字サイズを変更する - -
30	球磨村	「物価高対応子育て応援手当」について	https://www.kumamura.com/kiji0032011/index.html	「物価高対応子育て応援手当」について / 球磨村公式サイト ヘッダーをスキップ 本文へジャンプ オープニングへ Languages 閲覧補助 さがす さがす Languages Language English 中文(简化字) 中文(繁體字) 한국어 閲覧補助 - 文字サイズを変更する - - 背景色を変更する - さ
30	球磨村	離婚後の子の養育に関する民法等の改正について（共同親権等）	https://www.kumamura.com/kiji0031942/index.html	離婚後の子の養育に関する民法等の改正について（共同親権等） / 球磨村公式サイト ヘッダーをスキップ 本文へジャンプ オープニングへ Languages 閲覧補助 さがす さがす Languages Language English 中文(简化字) 中文(繁體字) 한국어 閲覧補助 - 文字サイズを変更する - - 背
30	球磨村	令和８年度保育所入所申込受付を開始します	https://www.kumamura.com/kiji0031913/index.html	令和８年度保育所入所申込受付を開始します / 球磨村公式サイト ヘッダーをスキップ 本文へジャンプ オープニングへ Languages 閲覧補助 さがす さがす Languages Language English 中文(简化字) 中文(繁體字) 한국어 閲覧補助 - 文字サイズを変更する - - 背景色を変更する -
30	球磨村	令和８年８月より指定ごみ袋の価格を改定します	https://www.kumamura.com/kiji0032056/index.html	令和８年８月より指定ごみ袋の価格を改定します / 球磨村公式サイト ヘッダーをスキップ 本文へジャンプ オープニングへ Languages 閲覧補助 さがす さがす Languages Language English 中文(简化字) 中文(繁體字) 한국어 閲覧補助 - 文字サイズを変更する - - 背景色を変更する
30	球磨村	パスポート（旅券）の手数料改定について	https://www.kumamura.com/kiji0032051/index.html	パスポート（旅券）の手数料改定について / 球磨村公式サイト ヘッダーをスキップ 本文へジャンプ オープニングへ Languages 閲覧補助 さがす さがす Languages Language English 中文(简化字) 中文(繁體字) 한국어 閲覧補助 - 文字サイズを変更する - - 背景色を変更する -
30	球磨村	野良猫に餌を与えないでください	https://www.kumamura.com/kiji0032044/index.html	野良猫に餌を与えないでください / 球磨村公式サイト ヘッダーをスキップ 本文へジャンプ オープニングへ Languages 閲覧補助 さがす さがす Languages Language English 中文(简化字) 中文(繁體字) 한국어 閲覧補助 - 文字サイズを変更する - - 背景色を変更する - さがす
30	球磨村	令和８年度 飼い主のいない猫の避妊去勢手術の支援を行います！	https://www.kumamura.com/kiji0032036/index.html	令和８年度 飼い主のいない猫の避妊去勢手術の支援を行います！ / 球磨村公式サイト ヘッダーをスキップ 本文へジャンプ オープニングへ Languages 閲覧補助 さがす さがす Languages Language English 中文(简化字) 中文(繁體字) 한국어 閲覧補助 - 文字サイズを変更する - -
30	球磨村	令和８年度 家庭ごみ収集カレンダー	https://www.kumamura.com/kiji0031377/index.html	令和８年度 家庭ごみ収集カレンダー / 球磨村公式サイト ヘッダーをスキップ 本文へジャンプ オープニングへ Languages 閲覧補助 さがす さがす Languages Language English 中文(简化字) 中文(繁體字) 한국어 閲覧補助 - 文字サイズを変更する - - 背景色を変更する - さが
30	球磨村	第三者行為による傷病届等について	https://www.kumamura.com/kiji0032015/index.html	第三者行為による傷病届等について / 球磨村公式サイト ヘッダーをスキップ 本文へジャンプ オープニングへ Languages 閲覧補助 さがす さがす Languages Language English 中文(简化字) 中文(繁體字) 한국어 閲覧補助 - 文字サイズを変更する - - 背景色を変更する - さがす
30	球磨村	国民健康保険加入・喪失手続きについて	https://www.kumamura.com/kiji0032014/index.html	国民健康保険加入・喪失手続きについて / 球磨村公式サイト ヘッダーをスキップ 本文へジャンプ オープニングへ Languages 閲覧補助 さがす さがす Languages Language English 中文(简化字) 中文(繁體字) 한국어 閲覧補助 - 文字サイズを変更する - - 背景色を変更する - さ
30	球磨村	令和８年度狂犬病予防集合注射の実施について	https://www.kumamura.com/kiji0032033/index.html	令和８年度狂犬病予防集合注射の実施について / 球磨村公式サイト ヘッダーをスキップ 本文へジャンプ オープニングへ Languages 閲覧補助 さがす さがす Languages Language English 中文(简化字) 中文(繁體字) 한국어 閲覧補助 - 文字サイズを変更する - - 背景色を変更する
30	球磨村	令和８年４月から充電式電池等を回収します	https://www.kumamura.com/kiji0031999/index.html	令和８年４月から充電式電池等を回収します / 球磨村公式サイト ヘッダーをスキップ 本文へジャンプ オープニングへ Languages 閲覧補助 さがす さがす Languages Language English 中文(简化字) 中文(繁體字) 한국어 閲覧補助 - 文字サイズを変更する - - 背景色を変更する -
30	球磨村	家屋を新築された方へ	https://www.kumamura.com/kiji0031982/index.html	家屋を新築された方へ / 球磨村公式サイト ヘッダーをスキップ 本文へジャンプ オープニングへ Languages 閲覧補助 さがす さがす Languages Language English 中文(简化字) 中文(繁體字) 한국어 閲覧補助 - 文字サイズを変更する - - 背景色を変更する - さがす くらし 子
30	球磨村	家屋を解体された方へ	https://www.kumamura.com/kiji0031981/index.html	家屋を解体された方へ / 球磨村公式サイト ヘッダーをスキップ 本文へジャンプ オープニングへ Languages 閲覧補助 さがす さがす Languages Language English 中文(简化字) 中文(繁體字) 한국어 閲覧補助 - 文字サイズを変更する - - 背景色を変更する - さがす くらし 子
30	球磨村	共同親権に関する民法改正について	https://www.kumamura.com/kiji0031985/index.html	共同親権に関する民法改正について / 球磨村公式サイト ヘッダーをスキップ 本文へジャンプ オープニングへ Languages 閲覧補助 さがす さがす Languages Language English 中文(简化字) 中文(繁體字) 한국어 閲覧補助 - 文字サイズを変更する - - 背景色を変更する - さがす
30	球磨村	球磨村鳥獣被害防止計画の公表について	https://www.kumamura.com/kiji0031241/index.html	球磨村鳥獣被害防止計画の公表について / 球磨村公式サイト ヘッダーをスキップ 本文へジャンプ オープニングへ Languages 閲覧補助 さがす さがす Languages Language English 中文(简化字) 中文(繁體字) 한국어 閲覧補助 - 文字サイズを変更する - - 背景色を変更する - さ
30	球磨村	中山間地域等直接支払制度における認定した事業計画の概要の公表について	https://www.kumamura.com/kiji0032020/index.html	中山間地域等直接支払制度における認定した事業計画の概要の公表について / 球磨村公式サイト ヘッダーをスキップ 本文へジャンプ オープニングへ Languages 閲覧補助 さがす さがす Languages Language English 中文(简化字) 中文(繁體字) 한국어 閲覧補助 - 文字サイズを変更する
30	球磨村	令和6年度森林環境譲与税の使途について	https://www.kumamura.com/kiji0031903/index.html	令和6年度森林環境譲与税の使途について / 球磨村公式サイト ヘッダーをスキップ 本文へジャンプ オープニングへ Languages 閲覧補助 さがす さがす Languages Language English 中文(简化字) 中文(繁體字) 한국어 閲覧補助 - 文字サイズを変更する - - 背景色を変更する -
30	球磨村	ガバメントクラウドファンディングへご寄附いただきありがとうございました	https://www.kumamura.com/kiji0031703/index.html	ガバメントクラウドファンディングへご寄附いただきありがとうございました / 球磨村公式サイト ヘッダーをスキップ 本文へジャンプ オープニングへ Languages 閲覧補助 さがす さがす Languages Language English 中文(简化字) 中文(繁體字) 한국어 閲覧補助 - 文字サイズを変更する
30	球磨村	令和５年度森林環境譲与税の使途の公表について	https://www.kumamura.com/kiji0031394/index.html	令和５年度森林環境譲与税の使途の公表について / 球磨村公式サイト ヘッダーをスキップ 本文へジャンプ オープニングへ Languages 閲覧補助 さがす さがす Languages Language English 中文(简化字) 中文(繁體字) 한국어 閲覧補助 - 文字サイズを変更する - - 背景色を変更する
30	球磨村	球磨村木造住宅建設補助金について	https://www.kumamura.com/ijuteiju-sabu/kiji0031387/index.html	球磨村木造住宅建設補助金について / 移住定住 / 球磨村公式サイト ヘッダーをスキップ 本文へジャンプ 行政TOP Languages 閲覧補助 さがす さがす Languages Language English 中文(简化字) 中文(繁體字) 한국어 閲覧補助 - 文字サイズを変更する - - 背景色を変更する
30	球磨村	農業振興地域整備計画の全体見直しに伴う除外申請等受付の一時停止について	https://www.kumamura.com/kiji0031348/index.html	農業振興地域整備計画の全体見直しに伴う除外申請等受付の一時停止について / 球磨村公式サイト ヘッダーをスキップ 本文へジャンプ オープニングへ Languages 閲覧補助 さがす さがす Languages Language English 中文(简化字) 中文(繁體字) 한국어 閲覧補助 - 文字サイズを変更する
30	球磨村	森林の土地の相続登記はお済みですか？	https://www.kumamura.com/kiji0031298/index.html	森林の土地の相続登記はお済みですか？ / 球磨村公式サイト ヘッダーをスキップ 本文へジャンプ オープニングへ Languages 閲覧補助 さがす さがす Languages Language English 中文(简化字) 中文(繁體字) 한국어 閲覧補助 - 文字サイズを変更する - - 背景色を変更する - さ
30	球磨村	令和４年度森林環境譲与税の使途の公表について	https://www.kumamura.com/kiji0031288/index.html	令和４年度森林環境譲与税の使途の公表について / 球磨村公式サイト ヘッダーをスキップ 本文へジャンプ オープニングへ Languages 閲覧補助 さがす さがす Languages Language English 中文(简化字) 中文(繁體字) 한국어 閲覧補助 - 文字サイズを変更する - - 背景色を変更する
30	球磨村	球磨村森林整備計画を公表します	https://www.kumamura.com/kiji0031665/index.html	球磨村森林整備計画を公表します / 球磨村公式サイト ヘッダーをスキップ 本文へジャンプ オープニングへ Languages 閲覧補助 さがす さがす Languages Language English 中文(简化字) 中文(繁體字) 한국어 閲覧補助 - 文字サイズを変更する - - 背景色を変更する - さがす
30	球磨村	令和５年４月１日より、伐採届への必要書類の添付が義務となります	https://www.kumamura.com/kiji0031185/index.html	令和５年４月１日より、伐採届への必要書類の添付が義務となります / 球磨村公式サイト ヘッダーをスキップ 本文へジャンプ オープニングへ Languages 閲覧補助 さがす さがす Languages Language English 中文(简化字) 中文(繁體字) 한국어 閲覧補助 - 文字サイズを変更する - -
30	球磨村	球磨村農地利用最適化推進委員募集結果の公表について	https://www.kumamura.com/kiji0032062/index.html	球磨村農地利用最適化推進委員募集結果の公表について / 球磨村公式サイト ヘッダーをスキップ 本文へジャンプ オープニングへ Languages 閲覧補助 さがす さがす Languages Language English 中文(简化字) 中文(繁體字) 한국어 閲覧補助 - 文字サイズを変更する - - 背景色を変
30	球磨村	球磨村農作業標準賃金について	https://www.kumamura.com/kiji0031883/index.html	球磨村農作業標準賃金について / 球磨村公式サイト ヘッダーをスキップ 本文へジャンプ オープニングへ Languages 閲覧補助 さがす さがす Languages Language English 中文(简化字) 中文(繁體字) 한국어 閲覧補助 - 文字サイズを変更する - - 背景色を変更する - さがす く
30	球磨村	農業委員会だよりの発行について	https://www.kumamura.com/kiji0032022/index.html	農業委員会だよりの発行について / 球磨村公式サイト ヘッダーをスキップ 本文へジャンプ オープニングへ Languages 閲覧補助 さがす さがす Languages Language English 中文(简化字) 中文(繁體字) 한국어 閲覧補助 - 文字サイズを変更する - - 背景色を変更する - さがす
30	球磨村	球磨村農業委員募集結果の公表について	https://www.kumamura.com/kiji0031946/index.html	球磨村農業委員募集結果の公表について / 球磨村公式サイト ヘッダーをスキップ 本文へジャンプ オープニングへ Languages 閲覧補助 さがす さがす Languages Language English 中文(简化字) 中文(繁體字) 한국어 閲覧補助 - 文字サイズを変更する - - 背景色を変更する - さ
30	球磨村	農業委員会事務の目標及びその達成に向けた活動について	https://www.kumamura.com/kiji0031372/index.html	農業委員会事務の目標及びその達成に向けた活動について / 球磨村公式サイト ヘッダーをスキップ 本文へジャンプ オープニングへ Languages 閲覧補助 さがす さがす Languages Language English 中文(简化字) 中文(繁體字) 한국어 閲覧補助 - 文字サイズを変更する - - 背景色を
30	球磨村	球磨村農業委員会総会議事録	https://www.kumamura.com/kiji0031355/index.html	球磨村農業委員会総会議事録 / 球磨村公式サイト ヘッダーをスキップ 本文へジャンプ オープニングへ Languages 閲覧補助 さがす さがす Languages Language English 中文(简化字) 中文(繁體字) 한국어 閲覧補助 - 文字サイズを変更する - - 背景色を変更する - さがす くら
30	球磨村	農業委員会事務の目標及びその達成に向けた活動について	https://www.kumamura.com/kiji0031083/index.html	農業委員会事務の目標及びその達成に向けた活動について / 球磨村公式サイト ヘッダーをスキップ 本文へジャンプ オープニングへ Languages 閲覧補助 さがす さがす Languages Language English 中文(简化字) 中文(繁體字) 한국어 閲覧補助 - 文字サイズを変更する - - 背景色を
30	球磨村	農業委員会への届出について(各種書式)	https://www.kumamura.com/kiji003870/index.html	農業委員会への届出について(各種書式) / 球磨村公式サイト ヘッダーをスキップ 本文へジャンプ オープニングへ Languages 閲覧補助 さがす さがす Languages Language English 中文(简化字) 中文(繁體字) 한국어 閲覧補助 - 文字サイズを変更する - - 背景色を変更する -
30	球磨村	球磨村農業委員会「農地等の利用の最適化の推進に関する指針」の公表について	https://www.kumamura.com/kiji003500/index.html	球磨村農業委員会「農地等の利用の最適化の推進に関する指針」の公表について / 球磨村公式サイト ヘッダーをスキップ 本文へジャンプ オープニングへ Languages 閲覧補助 さがす さがす Languages Language English 中文(简化字) 中文(繁體字) 한국어 閲覧補助 - 文字サイズを変更す
30	球磨村	農地を相続した場合の手続きについて	https://www.kumamura.com/kiji003274/index.html	農地を相続した場合の手続きについて / 球磨村公式サイト ヘッダーをスキップ 本文へジャンプ オープニングへ Languages 閲覧補助 さがす さがす Languages Language English 中文(简化字) 中文(繁體字) 한국어 閲覧補助 - 文字サイズを変更する - - 背景色を変更する - さが
30	球磨村	球磨村コミュニティバス運行の一部休止について(横井線)	https://www.kumamura.com/kiji0032042/index.html	球磨村コミュニティバス運行の一部休止について(横井線) / 球磨村公式サイト ヘッダーをスキップ 本文へジャンプ オープニングへ Languages 閲覧補助 さがす さがす Languages Language English 中文(简化字) 中文(繁體字) 한국어 閲覧補助 - 文字サイズを変更する - - 背景色
30	球磨村	水道管を寒さから守りましょう！	https://www.kumamura.com/kiji0031948/index.html	水道管を寒さから守りましょう！ / 球磨村公式サイト ヘッダーをスキップ 本文へジャンプ オープニングへ Languages 閲覧補助 さがす さがす Languages Language English 中文(简化字) 中文(繁體字) 한국어 閲覧補助 - 文字サイズを変更する - - 背景色を変更する - さがす
30	球磨村	令和７年度球磨村低所得者支援及び定額減税補足給付金（不足額給付）について	https://www.kumamura.com/kiji0031892/index.html	令和７年度球磨村低所得者支援及び定額減税補足給付金（不足額給付）について / 球磨村公式サイト ヘッダーをスキップ 本文へジャンプ オープニングへ Languages 閲覧補助 さがす さがす Languages Language English 中文(简化字) 中文(繁體字) 한국어 閲覧補助 - 文字サイズを変更す
30	球磨村	【６５歳以上の皆さまへ】 令和７年度インフルエンザ予防接種・新型コロナウイルス感染症予防接種のお知らせ	https://www.kumamura.com/kiji0031867/index.html	【６５歳以上の皆さまへ】 令和７年度インフルエンザ予防接種・新型コロナウイルス感染症予防接種のお知らせ / 球磨村公式サイト ヘッダーをスキップ 本文へジャンプ オープニングへ Languages 閲覧補助 さがす さがす Languages Language English 中文(简化字) 中文(繁體字) 한국어 閲
30	球磨村	令和６年度球磨村住民税非課税世帯生活支援給付金について	https://www.kumamura.com/kiji0031890/index.html	令和６年度球磨村住民税非課税世帯生活支援給付金について / 球磨村公式サイト ヘッダーをスキップ 本文へジャンプ オープニングへ Languages 閲覧補助 さがす さがす Languages Language English 中文(简化字) 中文(繁體字) 한국어 閲覧補助 - 文字サイズを変更する - - 背景色
30	球磨村	県南(八代・球磨地域)の周産期医療連携体制について	https://www.kumamura.com/kiji0031380/index.html	県南(八代・球磨地域)の周産期医療連携体制について / 球磨村公式サイト ヘッダーをスキップ 本文へジャンプ オープニングへ Languages 閲覧補助 さがす さがす Languages Language English 中文(简化字) 中文(繁體字) 한국어 閲覧補助 - 文字サイズを変更する - - 背景色を変
30	球磨村	介護予防・日常生活支援総合事業のサービスコード表（令和７年４月版）について	https://www.kumamura.com/kiji0031764/index.html	介護予防・日常生活支援総合事業のサービスコード表（令和７年４月版）について / 球磨村公式サイト ヘッダーをスキップ 本文へジャンプ オープニングへ Languages 閲覧補助 さがす さがす Languages Language English 中文(简化字) 中文(繁體字) 한국어 閲覧補助 - 文字サイズを変更
30	球磨村	熊本健康アプリ「もっと健康！げんき！アップ！くまもと」	https://www.kumamura.com/kiji0031747/index.html	熊本健康アプリ「もっと健康！げんき！アップ！くまもと」 / 球磨村公式サイト ヘッダーをスキップ 本文へジャンプ オープニングへ Languages 閲覧補助 さがす さがす Languages Language English 中文(简化字) 中文(繁體字) 한국어 閲覧補助 - 文字サイズを変更する - - 背景色
30	球磨村	介護予防・日常生活支援総合事業のサービスコード表（令和６年６月版）について	https://www.kumamura.com/kiji0031389/index.html	介護予防・日常生活支援総合事業のサービスコード表（令和６年６月版）について / 球磨村公式サイト ヘッダーをスキップ 本文へジャンプ オープニングへ Languages 閲覧補助 さがす さがす Languages Language English 中文(简化字) 中文(繁體字) 한국어 閲覧補助 - 文字サイズを変更
30	球磨村	球磨川流域13市町村妖怪スタンプラリーが開催中です！	https://www.kumamura.com/kiji0031954/index.html	球磨川流域13市町村妖怪スタンプラリーが開催中です！ / 球磨村公式サイト ヘッダーをスキップ 本文へジャンプ オープニングへ Languages 閲覧補助 さがす さがす Languages Language English 中文(简化字) 中文(繁體字) 한국어 閲覧補助 - 文字サイズを変更する - - 背景色を
30	球磨村	令和8年経済センサス-活動調査-を実施します	https://www.kumamura.com/kiji0032034/index.html	令和8年経済センサス-活動調査-を実施します / 球磨村公式サイト ヘッダーをスキップ 本文へジャンプ オープニングへ Languages 閲覧補助 さがす さがす Languages Language English 中文(简化字) 中文(繁體字) 한국어 閲覧補助 - 文字サイズを変更する - - 背景色を変更する
30	球磨村	風しんの抗体検査と予防接種を受けましょう	https://www.kumamura.com/kiji0031201/index.html	風しんの抗体検査と予防接種を受けましょう / 球磨村公式サイト ヘッダーをスキップ 本文へジャンプ オープニングへ Languages 閲覧補助 さがす さがす Languages Language English 中文(简化字) 中文(繁體字) 한국어 閲覧補助 - 文字サイズを変更する - - 背景色を変更する -
30	球磨村	風しんの予防接種で未来の赤ちゃんを守れます（ママになる方へ）	https://www.kumamura.com/kiji0031202/index.html	風しんの予防接種で未来の赤ちゃんを守れます（ママになる方へ） / 球磨村公式サイト ヘッダーをスキップ 本文へジャンプ オープニングへ Languages 閲覧補助 さがす さがす Languages Language English 中文(简化字) 中文(繁體字) 한국어 閲覧補助 - 文字サイズを変更する - -
30	球磨村	令和7年度球磨村高校生等教育支援補助金について	https://www.kumamura.com/kiji0031978/index.html	令和7年度球磨村高校生等教育支援補助金について / 球磨村公式サイト ヘッダーをスキップ 本文へジャンプ オープニングへ Languages 閲覧補助 さがす さがす Languages Language English 中文(简化字) 中文(繁體字) 한국어 閲覧補助 - 文字サイズを変更する - - 背景色を変更す
30	球磨村	シングルマザー・シングルファザーの暮らし応援サイト「あなたの支え」	https://www.kumamura.com/kiji0031383/index.html	シングルマザー・シングルファザーの暮らし応援サイト「あなたの支え」 / 球磨村公式サイト ヘッダーをスキップ 本文へジャンプ オープニングへ Languages 閲覧補助 さがす さがす Languages Language English 中文(简化字) 中文(繁體字) 한국어 閲覧補助 - 文字サイズを変更する -
30	球磨村	重度心身障害者医療費助成事業について	https://www.kumamura.com/kiji0031414/index.html	重度心身障害者医療費助成事業について / 球磨村公式サイト ヘッダーをスキップ 本文へジャンプ オープニングへ Languages 閲覧補助 さがす さがす Languages Language English 中文(简化字) 中文(繁體字) 한국어 閲覧補助 - 文字サイズを変更する - - 背景色を変更する - さ
30	球磨村	戸籍に氏名の振り仮名が記載されます	https://www.kumamura.com/kiji0031840/index.html	戸籍に氏名の振り仮名が記載されます / 球磨村公式サイト ヘッダーをスキップ 本文へジャンプ オープニングへ Languages 閲覧補助 さがす さがす Languages Language English 中文(简化字) 中文(繁體字) 한국어 閲覧補助 - 文字サイズを変更する - - 背景色を変更する - さが
30	球磨村	事業者のみなさまへ ～事業系ごみの分別について～	https://www.kumamura.com/kiji0031135/index.html	事業者のみなさまへ ～事業系ごみの分別について～ / 球磨村公式サイト ヘッダーをスキップ 本文へジャンプ オープニングへ Languages 閲覧補助 さがす さがす Languages Language English 中文(简化字) 中文(繁體字) 한국어 閲覧補助 - 文字サイズを変更する - - 背景色を変更
30	球磨村	第10期球磨村分別収集計画の策定について	https://www.kumamura.com/kiji0031078/index.html	第10期球磨村分別収集計画の策定について / 球磨村公式サイト ヘッダーをスキップ 本文へジャンプ オープニングへ Languages 閲覧補助 さがす さがす Languages Language English 中文(简化字) 中文(繁體字) 한국어 閲覧補助 - 文字サイズを変更する - - 背景色を変更する -
30	球磨村	球磨村災害廃棄物処理計画について	https://www.kumamura.com/kiji003622/index.html	球磨村災害廃棄物処理計画について / 球磨村公式サイト ヘッダーをスキップ 本文へジャンプ オープニングへ Languages 閲覧補助 さがす さがす Languages Language English 中文(简化字) 中文(繁體字) 한국어 閲覧補助 - 文字サイズを変更する - - 背景色を変更する - さがす
30	球磨村	転入・転出・死亡時の各種手続きについて	https://www.kumamura.com/kiji0031230/index.html	転入・転出・死亡時の各種手続きについて / 球磨村公式サイト ヘッダーをスキップ 本文へジャンプ オープニングへ Languages 閲覧補助 さがす さがす Languages Language English 中文(简化字) 中文(繁體字) 한국어 閲覧補助 - 文字サイズを変更する - - 背景色を変更する -
30	球磨村	無戸籍でお困りの方へ	https://www.kumamura.com/kiji003685/index.html	無戸籍でお困りの方へ / 球磨村公式サイト ヘッダーをスキップ 本文へジャンプ オープニングへ Languages 閲覧補助 さがす さがす Languages Language English 中文(简化字) 中文(繁體字) 한국어 閲覧補助 - 文字サイズを変更する - - 背景色を変更する - さがす くらし 子
30	球磨村	戸籍、住民票などについて	https://www.kumamura.com/kiji003211/index.html	戸籍、住民票などについて / 球磨村公式サイト ヘッダーをスキップ 本文へジャンプ オープニングへ Languages 閲覧補助 さがす さがす Languages Language English 中文(简化字) 中文(繁體字) 한국어 閲覧補助 - 文字サイズを変更する - - 背景色を変更する - さがす くらし
30	球磨村	マイナ保険証をご利用ください！	https://www.kumamura.com/kiji0031896/index.html	マイナ保険証をご利用ください！ / 球磨村公式サイト ヘッダーをスキップ 本文へジャンプ オープニングへ Languages 閲覧補助 さがす さがす Languages Language English 中文(简化字) 中文(繁體字) 한국어 閲覧補助 - 文字サイズを変更する - - 背景色を変更する - さがす
30	球磨村	令和８年度(令和７年分)の村県民税の申告について	https://www.kumamura.com/kiji0031957/index.html	令和８年度(令和７年分)の村県民税の申告について / 球磨村公式サイト ヘッダーをスキップ 本文へジャンプ オープニングへ Languages 閲覧補助 さがす さがす Languages Language English 中文(简化字) 中文(繁體字) 한국어 閲覧補助 - 文字サイズを変更する - - 背景色を変更
30	球磨村	球磨村回答書ダウンロードページ	https://www.kumamura.com/kiji0031869/index.html	球磨村回答書ダウンロードページ / 球磨村公式サイト ヘッダーをスキップ 本文へジャンプ オープニングへ Languages 閲覧補助 さがす さがす Languages Language English 中文(简化字) 中文(繁體字) 한국어 閲覧補助 - 文字サイズを変更する - - 背景色を変更する - さがす
30	球磨村	郵送による税関係証明書の請求について	https://www.kumamura.com/kiji0031203/index.html	郵送による税関係証明書の請求について / 球磨村公式サイト ヘッダーをスキップ 本文へジャンプ オープニングへ Languages 閲覧補助 さがす さがす Languages Language English 中文(简化字) 中文(繁體字) 한국어 閲覧補助 - 文字サイズを変更する - - 背景色を変更する - さ
30	球磨村	村税等の納付方法について	https://www.kumamura.com/kiji0031419/index.html	村税等の納付方法について / 球磨村公式サイト ヘッダーをスキップ 本文へジャンプ オープニングへ Languages 閲覧補助 さがす さがす Languages Language English 中文(简化字) 中文(繁體字) 한국어 閲覧補助 - 文字サイズを変更する - - 背景色を変更する - さがす くらし
30	球磨村	原動機付自転車・小型特殊自動車 標識交付申請書等について	https://www.kumamura.com/kiji0031402/index.html	原動機付自転車・小型特殊自動車 標識交付申請書等について / 球磨村公式サイト ヘッダーをスキップ 本文へジャンプ オープニングへ Languages 閲覧補助 さがす さがす Languages Language English 中文(简化字) 中文(繁體字) 한국어 閲覧補助 - 文字サイズを変更する - - 背景
30	球磨村	相続登記の義務化等について（法務局からのお知らせ）	https://www.kumamura.com/kiji0031209/index.html	相続登記の義務化等について（法務局からのお知らせ） / 球磨村公式サイト ヘッダーをスキップ 本文へジャンプ オープニングへ Languages 閲覧補助 さがす さがす Languages Language English 中文(简化字) 中文(繁體字) 한국어 閲覧補助 - 文字サイズを変更する - - 背景色を変
30	球磨村	軽自動車税と固定資産税の納付方法が増えました	https://www.kumamura.com/kiji0031208/index.html	軽自動車税と固定資産税の納付方法が増えました / 球磨村公式サイト ヘッダーをスキップ 本文へジャンプ オープニングへ Languages 閲覧補助 さがす さがす Languages Language English 中文(简化字) 中文(繁體字) 한국어 閲覧補助 - 文字サイズを変更する - - 背景色を変更する
30	球磨村	軽自動車税について	https://www.kumamura.com/kiji003481/index.html	軽自動車税について / 球磨村公式サイト ヘッダーをスキップ 本文へジャンプ オープニングへ Languages 閲覧補助 さがす さがす Languages Language English 中文(简化字) 中文(繁體字) 한국어 閲覧補助 - 文字サイズを変更する - - 背景色を変更する - さがす くらし 子育
30	球磨村	軽自動車の異動手続きについて	https://www.kumamura.com/kiji003482/index.html	軽自動車の異動手続きについて / 球磨村公式サイト ヘッダーをスキップ 本文へジャンプ オープニングへ Languages 閲覧補助 さがす さがす Languages Language English 中文(简化字) 中文(繁體字) 한국어 閲覧補助 - 文字サイズを変更する - - 背景色を変更する - さがす く
30	球磨村	令和７年度（令和６年分）住民税申告について	https://www.kumamura.com/kiji0031696/index.html	令和７年度（令和６年分）住民税申告について / 球磨村公式サイト ヘッダーをスキップ 本文へジャンプ オープニングへ Languages 閲覧補助 さがす さがす Languages Language English 中文(简化字) 中文(繁體字) 한국어 閲覧補助 - 文字サイズを変更する - - 背景色を変更する
30	球磨村	事業所得（農業・営業・不動産等）を申告される方へ	https://www.kumamura.com/kiji0031697/index.html	事業所得（農業・営業・不動産等）を申告される方へ / 球磨村公式サイト ヘッダーをスキップ 本文へジャンプ オープニングへ Languages 閲覧補助 さがす さがす Languages Language English 中文(简化字) 中文(繁體字) 한국어 閲覧補助 - 文字サイズを変更する - - 背景色を変更
30	球磨村	農業収入を申告される方へ	https://www.kumamura.com/kiji0031698/index.html	農業収入を申告される方へ / 球磨村公式サイト ヘッダーをスキップ 本文へジャンプ オープニングへ Languages 閲覧補助 さがす さがす Languages Language English 中文(简化字) 中文(繁體字) 한국어 閲覧補助 - 文字サイズを変更する - - 背景色を変更する - さがす くらし
30	球磨村	令和７年度（令和６年分）給与支払報告書の提出について	https://www.kumamura.com/kiji0031565/index.html	令和７年度（令和６年分）給与支払報告書の提出について / 球磨村公式サイト ヘッダーをスキップ 本文へジャンプ オープニングへ Languages 閲覧補助 さがす さがす Languages Language English 中文(简化字) 中文(繁體字) 한국어 閲覧補助 - 文字サイズを変更する - - 背景色を
30	球磨村	個人住民税の定額減税について	https://www.kumamura.com/kiji0031671/index.html	個人住民税の定額減税について / 球磨村公式サイト ヘッダーをスキップ 本文へジャンプ オープニングへ Languages 閲覧補助 さがす さがす Languages Language English 中文(简化字) 中文(繁體字) 한국어 閲覧補助 - 文字サイズを変更する - - 背景色を変更する - さがす く
30	球磨村	球磨村税の前納報奨金の廃止について	https://www.kumamura.com/kiji003682/index.html	球磨村税の前納報奨金の廃止について / 球磨村公式サイト ヘッダーをスキップ 本文へジャンプ オープニングへ Languages 閲覧補助 さがす さがす Languages Language English 中文(简化字) 中文(繁體字) 한국어 閲覧補助 - 文字サイズを変更する - - 背景色を変更する - さが
30	球磨村	個人住民税とは	https://www.kumamura.com/kiji003477/index.html	個人住民税とは / 球磨村公式サイト ヘッダーをスキップ 本文へジャンプ オープニングへ Languages 閲覧補助 さがす さがす Languages Language English 中文(简化字) 中文(繁體字) 한국어 閲覧補助 - 文字サイズを変更する - - 背景色を変更する - さがす くらし 子育て・
30	球磨村	住民税にかかる所得申告について	https://www.kumamura.com/kiji003474/index.html	住民税にかかる所得申告について / 球磨村公式サイト ヘッダーをスキップ 本文へジャンプ オープニングへ Languages 閲覧補助 さがす さがす Languages Language English 中文(简化字) 中文(繁體字) 한국어 閲覧補助 - 文字サイズを変更する - - 背景色を変更する - さがす
30	球磨村	令和６年度から森林環境税の課税が始まります	https://www.kumamura.com/kiji0031276/index.html	令和６年度から森林環境税の課税が始まります / 球磨村公式サイト ヘッダーをスキップ 本文へジャンプ オープニングへ Languages 閲覧補助 さがす さがす Languages Language English 中文(简化字) 中文(繁體字) 한국어 閲覧補助 - 文字サイズを変更する - - 背景色を変更する
30	球磨村	令和３年度森林環境譲与税の使途公表について	https://www.kumamura.com/kiji0031162/index.html	令和３年度森林環境譲与税の使途公表について / 球磨村公式サイト ヘッダーをスキップ 本文へジャンプ オープニングへ Languages 閲覧補助 さがす さがす Languages Language English 中文(简化字) 中文(繁體字) 한국어 閲覧補助 - 文字サイズを変更する - - 背景色を変更する
30	球磨村	令和2年度森林環境譲与税の使途公表について	https://www.kumamura.com/kiji0031012/index.html	令和2年度森林環境譲与税の使途公表について / 球磨村公式サイト ヘッダーをスキップ 本文へジャンプ オープニングへ Languages 閲覧補助 さがす さがす Languages Language English 中文(简化字) 中文(繁體字) 한국어 閲覧補助 - 文字サイズを変更する - - 背景色を変更する
30	球磨村	球磨村芋川における小水力発電所整備運営事業者公募プロポーザルについて	https://www.kumamura.com/kiji0032063/index.html	球磨村芋川における小水力発電所整備運営事業者公募プロポーザルについて / 球磨村公式サイト ヘッダーをスキップ 本文へジャンプ オープニングへ Languages 閲覧補助 さがす さがす Languages Language English 中文(简化字) 中文(繁體字) 한국어 閲覧補助 - 文字サイズを変更する
30	球磨村	球磨村芋川・那良川における小水力発電所整備運営事業者公募型プロポーザルについて	https://www.kumamura.com/kiji0031909/index.html	球磨村芋川・那良川における小水力発電所整備運営事業者公募型プロポーザルについて / 球磨村公式サイト ヘッダーをスキップ 本文へジャンプ オープニングへ Languages 閲覧補助 さがす さがす Languages Language English 中文(简化字) 中文(繁體字) 한국어 閲覧補助 - 文字サイズを
30	球磨村	野焼きはやめましょう！！	https://www.kumamura.com/kiji0031953/index.html	野焼きはやめましょう！！ / 球磨村公式サイト ヘッダーをスキップ 本文へジャンプ オープニングへ Languages 閲覧補助 さがす さがす Languages Language English 中文(简化字) 中文(繁體字) 한국어 閲覧補助 - 文字サイズを変更する - - 背景色を変更する - さがす くらし
30	球磨村	球磨村芋川・那良川における小水力発電所整備運営事業者公募型プロポーザルの結果について	https://www.kumamura.com/kiji0031941/index.html	球磨村芋川・那良川における小水力発電所整備運営事業者公募型プロポーザルの結果について / 球磨村公式サイト ヘッダーをスキップ 本文へジャンプ オープニングへ Languages 閲覧補助 さがす さがす Languages Language English 中文(简化字) 中文(繁體字) 한국어 閲覧補助 - 文字サ
30	球磨村	人吉球磨クリーンプラザへのごみの持ち込みについて	https://www.kumamura.com/kiji0031865/index.html	人吉球磨クリーンプラザへのごみの持ち込みについて / 球磨村公式サイト ヘッダーをスキップ 本文へジャンプ オープニングへ Languages 閲覧補助 さがす さがす Languages Language English 中文(简化字) 中文(繁體字) 한국어 閲覧補助 - 文字サイズを変更する - - 背景色を変更
30	球磨村	第１１期球磨村分別収集計画の公表について	https://www.kumamura.com/kiji0031847/index.html	第１１期球磨村分別収集計画の公表について / 球磨村公式サイト ヘッダーをスキップ 本文へジャンプ オープニングへ Languages 閲覧補助 さがす さがす Languages Language English 中文(简化字) 中文(繁體字) 한국어 閲覧補助 - 文字サイズを変更する - - 背景色を変更する -
30	球磨村	不法投棄は犯罪です！！	https://www.kumamura.com/kiji0031848/index.html	不法投棄は犯罪です！！ / 球磨村公式サイト ヘッダーをスキップ 本文へジャンプ オープニングへ Languages 閲覧補助 さがす さがす Languages Language English 中文(简化字) 中文(繁體字) 한국어 閲覧補助 - 文字サイズを変更する - - 背景色を変更する - さがす くらし
30	球磨村	鹿児島県日置市、熊本県球磨村、ひおき地域エネルギー株式会社、株式会社球磨村電力４社間の地域脱炭素に関する連携協定の締結について	https://www.kumamura.com/kiji0031789/index.html	鹿児島県日置市、熊本県球磨村、ひおき地域エネルギー株式会社、株式会社球磨村電力４社間の地域脱炭素に関する連携協定の締結について / 球磨村公式サイト ヘッダーをスキップ 本文へジャンプ オープニングへ Languages 閲覧補助 さがす さがす Languages Language English 中文(简化字) 中
30	球磨村	令和7年度 球磨村芋川・那良川における小水力発電事業公募資料作成業務公募型プロポーザルの結果について	https://www.kumamura.com/kiji0031810/index.html	令和7年度 球磨村芋川・那良川における小水力発電事業公募資料作成業務公募型プロポーザルの結果について / 球磨村公式サイト ヘッダーをスキップ 本文へジャンプ オープニングへ Languages 閲覧補助 さがす さがす Languages Language English 中文(简化字) 中文(繁體字) 한국어 閲覧
30	球磨村	球磨村芋川・那良川における小水力発電事業公募資料作成業務公募型プロポーザルについて	https://www.kumamura.com/kiji0031788/index.html	球磨村芋川・那良川における小水力発電事業公募資料作成業務公募型プロポーザルについて / 球磨村公式サイト ヘッダーをスキップ 本文へジャンプ オープニングへ Languages 閲覧補助 さがす さがす Languages Language English 中文(简化字) 中文(繁體字) 한국어 閲覧補助 - 文字サイ
30	球磨村	【エコ発蓄電池】に球磨村の脱炭素へ向けた取組みが紹介されました	https://www.kumamura.com/kiji0031930/index.html	【エコ発蓄電池】に球磨村の脱炭素へ向けた取組みが紹介されました / 球磨村公式サイト ヘッダーをスキップ 本文へジャンプ オープニングへ Languages 閲覧補助 さがす さがす Languages Language English 中文(简化字) 中文(繁體字) 한국어 閲覧補助 - 文字サイズを変更する - -
30	球磨村	動物の死骸の処理について	https://www.kumamura.com/kiji0031864/index.html	動物の死骸の処理について / 球磨村公式サイト ヘッダーをスキップ 本文へジャンプ オープニングへ Languages 閲覧補助 さがす さがす Languages Language English 中文(简化字) 中文(繁體字) 한국어 閲覧補助 - 文字サイズを変更する - - 背景色を変更する - さがす くらし
30	球磨村	令和６年度 球磨村芋川・那良川における小水力発電事業性評価調査業務公募型プロポーザルの結果について	https://www.kumamura.com/kiji0031386/index.html	令和６年度 球磨村芋川・那良川における小水力発電事業性評価調査業務公募型プロポーザルの結果について / 球磨村公式サイト ヘッダーをスキップ 本文へジャンプ オープニングへ Languages 閲覧補助 さがす さがす Languages Language English 中文(简化字) 中文(繁體字) 한국어 閲覧補
30	球磨村	球磨村芋川・那良川における小水力発電事業性評価調査業務公募型プロポーザルについて	https://www.kumamura.com/kiji0031365/index.html	球磨村芋川・那良川における小水力発電事業性評価調査業務公募型プロポーザルについて / 球磨村公式サイト ヘッダーをスキップ 本文へジャンプ オープニングへ Languages 閲覧補助 さがす さがす Languages Language English 中文(简化字) 中文(繁體字) 한국어 閲覧補助 - 文字サイズ
30	球磨村	球磨村地球温暖化対策実行計画（区域施策編）を策定しました	https://www.kumamura.com/kiji0031347/index.html	球磨村地球温暖化対策実行計画（区域施策編）を策定しました / 球磨村公式サイト ヘッダーをスキップ 本文へジャンプ オープニングへ Languages 閲覧補助 さがす さがす Languages Language English 中文(简化字) 中文(繁體字) 한국어 閲覧補助 - 文字サイズを変更する - - 背景
30	球磨村	球磨村とサントリーグループとの「ボトルtoボトル」ペットボトルの水平リサイクルに関する協定を締結しました。	https://www.kumamura.com/kiji0031320/index.html	球磨村とサントリーグループとの「ボトルtoボトル」ペットボトルの水平リサイクルに関する協定を締結しました。 / 球磨村公式サイト ヘッダーをスキップ 本文へジャンプ オープニングへ Languages 閲覧補助 さがす さがす Languages Language English 中文(简化字) 中文(繁體字) 한국어
30	球磨村	芋川・那良川における小水力発電事業性評価調査業務公募型プロポーザルについて	https://www.kumamura.com/kiji0031247/index.html	芋川・那良川における小水力発電事業性評価調査業務公募型プロポーザルについて / 球磨村公式サイト ヘッダーをスキップ 本文へジャンプ オープニングへ Languages 閲覧補助 さがす さがす Languages Language English 中文(简化字) 中文(繁體字) 한국어 閲覧補助 - 文字サイズを変更
30	球磨村	地域脱炭素移行・再エネ推進事業計画について	https://www.kumamura.com/kiji0031229/index.html	地域脱炭素移行・再エネ推進事業計画について / 球磨村公式サイト ヘッダーをスキップ 本文へジャンプ オープニングへ Languages 閲覧補助 さがす さがす Languages Language English 中文(简化字) 中文(繁體字) 한국어 閲覧補助 - 文字サイズを変更する - - 背景色を変更する
30	球磨村	２０５０年までに二酸化炭素排出量実質ゼロを目指します	https://www.kumamura.com/kiji003934/index.html	２０５０年までに二酸化炭素排出量実質ゼロを目指します / 球磨村公式サイト ヘッダーをスキップ 本文へジャンプ オープニングへ Languages 閲覧補助 さがす さがす Languages Language English 中文(简化字) 中文(繁體字) 한국어 閲覧補助 - 文字サイズを変更する - - 背景色を
30	球磨村	COOL CHOICE（クールチョイス）村長宣言	https://www.kumamura.com/kiji003607/index.html	COOL CHOICE（クールチョイス）村長宣言 / 球磨村公式サイト ヘッダーをスキップ 本文へジャンプ オープニングへ Languages 閲覧補助 さがす さがす Languages Language English 中文(简化字) 中文(繁體字) 한국어 閲覧補助 - 文字サイズを変更する - - 背景色を変更
30	球磨村	球磨村地球温暖化対策実行計画（事務事業編）を改定しました	https://www.kumamura.com/kiji0032031/index.html	球磨村地球温暖化対策実行計画（事務事業編）を改定しました / 球磨村公式サイト ヘッダーをスキップ 本文へジャンプ オープニングへ Languages 閲覧補助 さがす さがす Languages Language English 中文(简化字) 中文(繁體字) 한국어 閲覧補助 - 文字サイズを変更する - - 背景
30	球磨村	球磨村総合エネルギー計画	https://www.kumamura.com/kiji003201/index.html	球磨村総合エネルギー計画 / 球磨村公式サイト ヘッダーをスキップ 本文へジャンプ オープニングへ Languages 閲覧補助 さがす さがす Languages Language English 中文(简化字) 中文(繁體字) 한국어 閲覧補助 - 文字サイズを変更する - - 背景色を変更する - さがす くらし
30	球磨村	飼い犬を放し飼いしないでください！！	https://www.kumamura.com/kiji0031955/index.html	飼い犬を放し飼いしないでください！！ / 球磨村公式サイト ヘッダーをスキップ 本文へジャンプ オープニングへ Languages 閲覧補助 さがす さがす Languages Language English 中文(简化字) 中文(繁體字) 한국어 閲覧補助 - 文字サイズを変更する - - 背景色を変更する - さ
30	球磨村	飼い犬の届出	https://www.kumamura.com/kiji0031332/index.html	飼い犬の届出 / 球磨村公式サイト ヘッダーをスキップ 本文へジャンプ オープニングへ Languages 閲覧補助 さがす さがす Languages Language English 中文(简化字) 中文(繁體字) 한국어 閲覧補助 - 文字サイズを変更する - - 背景色を変更する - さがす くらし 子育て・教
30	球磨村	木造住宅の耐震化を支援します！	https://www.kumamura.com/kiji0031756/index.html	木造住宅の耐震化を支援します！ / 球磨村公式サイト ヘッダーをスキップ 本文へジャンプ オープニングへ Languages 閲覧補助 さがす さがす Languages Language English 中文(简化字) 中文(繁體字) 한국어 閲覧補助 - 文字サイズを変更する - - 背景色を変更する - さがす
30	球磨村	球磨村コミュニティバスの時刻表について	https://www.kumamura.com/kiji0032002/index.html	球磨村コミュニティバスの時刻表について / 球磨村公式サイト ヘッダーをスキップ 本文へジャンプ オープニングへ Languages 閲覧補助 さがす さがす Languages Language English 中文(简化字) 中文(繁體字) 한국어 閲覧補助 - 文字サイズを変更する - - 背景色を変更する -
30	球磨村	無線システム普及支援事業（高度無線環境整備推進事業）の事後評価について	https://www.kumamura.com/kiji0031781/index.html	無線システム普及支援事業（高度無線環境整備推進事業）の事後評価について / 球磨村公式サイト ヘッダーをスキップ 本文へジャンプ オープニングへ Languages 閲覧補助 さがす さがす Languages Language English 中文(简化字) 中文(繁體字) 한국어 閲覧補助 - 文字サイズを変更する
30	球磨村	産交バス、くま川鉄道共通一日乗車券の発売について	https://www.kumamura.com/kiji0031695/index.html	産交バス、くま川鉄道共通一日乗車券の発売について / 球磨村公式サイト ヘッダーをスキップ 本文へジャンプ オープニングへ Languages 閲覧補助 さがす さがす Languages Language English 中文(简化字) 中文(繁體字) 한국어 閲覧補助 - 文字サイズを変更する - - 背景色を変更
30	球磨村	球磨村住宅リフォーム助成事業について	https://www.kumamura.com/kiji0031371/index.html	球磨村住宅リフォーム助成事業について / 球磨村公式サイト ヘッダーをスキップ 本文へジャンプ オープニングへ Languages 閲覧補助 さがす さがす Languages Language English 中文(简化字) 中文(繁體字) 한국어 閲覧補助 - 文字サイズを変更する - - 背景色を変更する - さ
30	球磨村	国土利用計画計画法に基づく土地売買等届出書について	https://www.kumamura.com/kiji0031317/index.html	国土利用計画計画法に基づく土地売買等届出書について / 球磨村公式サイト ヘッダーをスキップ 本文へジャンプ オープニングへ Languages 閲覧補助 さがす さがす Languages Language English 中文(简化字) 中文(繁體字) 한국어 閲覧補助 - 文字サイズを変更する - - 背景色を変
30	球磨村	球磨村建築物耐震改修促進計画	https://www.kumamura.com/kiji0032007/index.html	球磨村建築物耐震改修促進計画 / 球磨村公式サイト ヘッダーをスキップ 本文へジャンプ オープニングへ Languages 閲覧補助 さがす さがす Languages Language English 中文(简化字) 中文(繁體字) 한국어 閲覧補助 - 文字サイズを変更する - - 背景色を変更する - さがす く
30	球磨村	土砂災害危険住宅移転促進事業について	https://www.kumamura.com/kiji003852/index.html	土砂災害危険住宅移転促進事業について / 球磨村公式サイト ヘッダーをスキップ 本文へジャンプ オープニングへ Languages 閲覧補助 さがす さがす Languages Language English 中文(简化字) 中文(繁體字) 한국어 閲覧補助 - 文字サイズを変更する - - 背景色を変更する - さ
30	球磨村	危険ブロック塀の撤去を支援します！	https://www.kumamura.com/kiji0031357/index.html	危険ブロック塀の撤去を支援します！ / 球磨村公式サイト ヘッダーをスキップ 本文へジャンプ オープニングへ Languages 閲覧補助 さがす さがす Languages Language English 中文(简化字) 中文(繁體字) 한국어 閲覧補助 - 文字サイズを変更する - - 背景色を変更する - さが
30	球磨村	球磨村災害危険区域に関する条例	https://www.kumamura.com/kiji0031680/index.html	球磨村災害危険区域に関する条例 / 球磨村公式サイト ヘッダーをスキップ 本文へジャンプ オープニングへ Languages 閲覧補助 さがす さがす Languages Language English 中文(简化字) 中文(繁體字) 한국어 閲覧補助 - 文字サイズを変更する - - 背景色を変更する - さがす
30	球磨村	木造住宅の耐震化を支援します！	https://www.kumamura.com/kiji0031356/index.html	木造住宅の耐震化を支援します！ / 球磨村公式サイト ヘッダーをスキップ 本文へジャンプ オープニングへ Languages 閲覧補助 さがす さがす Languages Language English 中文(简化字) 中文(繁體字) 한국어 閲覧補助 - 文字サイズを変更する - - 背景色を変更する - さがす
30	球磨村	一王子団地 宅地分譲申込書【様式】（PDF）	https://www.kumamura.com/kiji0031508/index.html	一王子団地 宅地分譲申込書【様式】（PDF） / 球磨村公式サイト ヘッダーをスキップ 本文へジャンプ オープニングへ Languages 閲覧補助 さがす さがす Languages Language English 中文(简化字) 中文(繁體字) 한국어 閲覧補助 - 文字サイズを変更する - - 背景色を変更する
30	球磨村	一王子団地 宅地分譲申込書【様式】	https://www.kumamura.com/kiji0031509/index.html	一王子団地 宅地分譲申込書【様式】 / 球磨村公式サイト ヘッダーをスキップ 本文へジャンプ オープニングへ Languages 閲覧補助 さがす さがす Languages Language English 中文(简化字) 中文(繁體字) 한국어 閲覧補助 - 文字サイズを変更する - - 背景色を変更する - さが
30	球磨村	一王子団地 宅地分譲申込書【様式】（PDF）	https://www.kumamura.com/kiji0031549/index.html	一王子団地 宅地分譲申込書【様式】（PDF） / 球磨村公式サイト ヘッダーをスキップ 本文へジャンプ オープニングへ Languages 閲覧補助 さがす さがす Languages Language English 中文(简化字) 中文(繁體字) 한국어 閲覧補助 - 文字サイズを変更する - - 背景色を変更する
30	球磨村	一王子団地 宅地分譲申込書【様式】	https://www.kumamura.com/kiji0031550/index.html	一王子団地 宅地分譲申込書【様式】 / 球磨村公式サイト ヘッダーをスキップ 本文へジャンプ オープニングへ Languages 閲覧補助 さがす さがす Languages Language English 中文(简化字) 中文(繁體字) 한국어 閲覧補助 - 文字サイズを変更する - - 背景色を変更する - さが
30	球磨村	球磨村災害危険区域に関する条例	https://www.kumamura.com/kiji0031221/index.html	球磨村災害危険区域に関する条例 / 球磨村公式サイト ヘッダーをスキップ 本文へジャンプ オープニングへ Languages 閲覧補助 さがす さがす Languages Language English 中文(简化字) 中文(繁體字) 한국어 閲覧補助 - 文字サイズを変更する - - 背景色を変更する - さがす
30	球磨村	球磨村住宅耐震化緊急促進アクションプログラム	https://www.kumamura.com/kiji0031200/index.html	球磨村住宅耐震化緊急促進アクションプログラム / 球磨村公式サイト ヘッダーをスキップ 本文へジャンプ オープニングへ Languages 閲覧補助 さがす さがす Languages Language English 中文(简化字) 中文(繁體字) 한국어 閲覧補助 - 文字サイズを変更する - - 背景色を変更する
30	球磨村	小規模災害復旧等事業補助金について	https://www.kumamura.com/kiji0031103/index.html	小規模災害復旧等事業補助金について / 球磨村公式サイト ヘッダーをスキップ 本文へジャンプ オープニングへ Languages 閲覧補助 さがす さがす Languages Language English 中文(简化字) 中文(繁體字) 한국어 閲覧補助 - 文字サイズを変更する - - 背景色を変更する - さが
30	球磨村	様式第２号（災害リスク確認書）	https://www.kumamura.com/kiji0031504/index.html	様式第２号（災害リスク確認書） / 球磨村公式サイト ヘッダーをスキップ 本文へジャンプ オープニングへ Languages 閲覧補助 さがす さがす Languages Language English 中文(简化字) 中文(繁體字) 한국어 閲覧補助 - 文字サイズを変更する - - 背景色を変更する - さがす
30	球磨村	様式第３号（跡地・残存住宅管理誓約書）	https://www.kumamura.com/kiji0031505/index.html	様式第３号（跡地・残存住宅管理誓約書） / 球磨村公式サイト ヘッダーをスキップ 本文へジャンプ オープニングへ Languages 閲覧補助 さがす さがす Languages Language English 中文(简化字) 中文(繁體字) 한국어 閲覧補助 - 文字サイズを変更する - - 背景色を変更する -
30	球磨村	がけ地近接等危険住宅移転事業について	https://www.kumamura.com/kiji003853/index.html	がけ地近接等危険住宅移転事業について / 球磨村公式サイト ヘッダーをスキップ 本文へジャンプ オープニングへ Languages 閲覧補助 さがす さがす Languages Language English 中文(简化字) 中文(繁體字) 한국어 閲覧補助 - 文字サイズを変更する - - 背景色を変更する - さ
30	球磨村	建設発生土の受入地を募集しています！	https://www.kumamura.com/kiji003743/index.html	建設発生土の受入地を募集しています！ / 球磨村公式サイト ヘッダーをスキップ 本文へジャンプ オープニングへ Languages 閲覧補助 さがす さがす Languages Language English 中文(简化字) 中文(繁體字) 한국어 閲覧補助 - 文字サイズを変更する - - 背景色を変更する - さ
30	球磨村	大規模盛土造成地について	https://www.kumamura.com/kiji003598/index.html	大規模盛土造成地について / 球磨村公式サイト ヘッダーをスキップ 本文へジャンプ オープニングへ Languages 閲覧補助 さがす さがす Languages Language English 中文(简化字) 中文(繁體字) 한국어 閲覧補助 - 文字サイズを変更する - - 背景色を変更する - さがす くらし
30	球磨村	大久保ため池ハザードマップの公表について	https://www.kumamura.com/kiji003509/index.html	大久保ため池ハザードマップの公表について / 球磨村公式サイト ヘッダーをスキップ 本文へジャンプ オープニングへ Languages 閲覧補助 さがす さがす Languages Language English 中文(简化字) 中文(繁體字) 한국어 閲覧補助 - 文字サイズを変更する - - 背景色を変更する -
30	球磨村	村営住宅における吹付けアスベスト等の使用実態について	https://www.kumamura.com/kiji003444/index.html	村営住宅における吹付けアスベスト等の使用実態について / 球磨村公式サイト ヘッダーをスキップ 本文へジャンプ オープニングへ Languages 閲覧補助 さがす さがす Languages Language English 中文(简化字) 中文(繁體字) 한국어 閲覧補助 - 文字サイズを変更する - - 背景色を
30	球磨村	球磨村橋梁長寿命化修繕計画（令和7年11月改訂）	https://www.kumamura.com/kiji0031531/index.html	球磨村橋梁長寿命化修繕計画（令和7年11月改訂） / 球磨村公式サイト ヘッダーをスキップ 本文へジャンプ オープニングへ Languages 閲覧補助 さがす さがす Languages Language English 中文(简化字) 中文(繁體字) 한국어 閲覧補助 - 文字サイズを変更する - - 背景色を変更
30	球磨村	渡遊水地（仮称）インフラカードを配布しています	https://www.kumamura.com/kiji0031718/index.html	渡遊水地（仮称）インフラカードを配布しています / 球磨村公式サイト ヘッダーをスキップ 本文へジャンプ オープニングへ Languages 閲覧補助 さがす さがす Languages Language English 中文(简化字) 中文(繁體字) 한국어 閲覧補助 - 文字サイズを変更する - - 背景色を変更す
30	球磨村	「球磨川水系河川整備計画（原案）」に関する意見聴取について	https://www.kumamura.com/kiji0031053/index.html	「球磨川水系河川整備計画（原案）」に関する意見聴取について / 球磨村公式サイト ヘッダーをスキップ 本文へジャンプ オープニングへ Languages 閲覧補助 さがす さがす Languages Language English 中文(简化字) 中文(繁體字) 한국어 閲覧補助 - 文字サイズを変更する - - 背
30	球磨村	令和８年度球磨村浄化槽設置整備事業補助金について	https://www.kumamura.com/kiji0031345/index.html	令和８年度球磨村浄化槽設置整備事業補助金について / 球磨村公式サイト ヘッダーをスキップ 本文へジャンプ オープニングへ Languages 閲覧補助 さがす さがす Languages Language English 中文(简化字) 中文(繁體字) 한국어 閲覧補助 - 文字サイズを変更する - - 背景色を変更
30	球磨村	指定給水装置工事事業者申請様式集	https://www.kumamura.com/kiji0031706/index.html	指定給水装置工事事業者申請様式集 / 球磨村公式サイト ヘッダーをスキップ 本文へジャンプ オープニングへ Languages 閲覧補助 さがす さがす Languages Language English 中文(简化字) 中文(繁體字) 한국어 閲覧補助 - 文字サイズを変更する - - 背景色を変更する - さがす
30	球磨村	球磨村簡易水道各種届出様式	https://www.kumamura.com/kiji0031707/index.html	球磨村簡易水道各種届出様式 / 球磨村公式サイト ヘッダーをスキップ 本文へジャンプ オープニングへ Languages 閲覧補助 さがす さがす Languages Language English 中文(简化字) 中文(繁體字) 한국어 閲覧補助 - 文字サイズを変更する - - 背景色を変更する - さがす くら
30	球磨村	球磨村上下水道耐震化計画の策定	https://www.kumamura.com/kiji0031686/index.html	球磨村上下水道耐震化計画の策定 / 球磨村公式サイト ヘッダーをスキップ 本文へジャンプ オープニングへ Languages 閲覧補助 さがす さがす Languages Language English 中文(简化字) 中文(繁體字) 한국어 閲覧補助 - 文字サイズを変更する - - 背景色を変更する - さがす
30	球磨村	球磨村簡易水道事業経営戦略の公表について	https://www.kumamura.com/kiji0031668/index.html	球磨村簡易水道事業経営戦略の公表について / 球磨村公式サイト ヘッダーをスキップ 本文へジャンプ オープニングへ Languages 閲覧補助 さがす さがす Languages Language English 中文(简化字) 中文(繁體字) 한국어 閲覧補助 - 文字サイズを変更する - - 背景色を変更する -
30	球磨村	球磨村簡易水道事業経営戦略の公表について	https://www.kumamura.com/kiji0031327/index.html	球磨村簡易水道事業経営戦略の公表について / 球磨村公式サイト ヘッダーをスキップ 本文へジャンプ オープニングへ Languages 閲覧補助 さがす さがす Languages Language English 中文(简化字) 中文(繁體字) 한국어 閲覧補助 - 文字サイズを変更する - - 背景色を変更する -
30	球磨村	令和６年度球磨村簡易水道水質検査計画について	https://www.kumamura.com/kiji0031328/index.html	令和６年度球磨村簡易水道水質検査計画について / 球磨村公式サイト ヘッダーをスキップ 本文へジャンプ オープニングへ Languages 閲覧補助 さがす さがす Languages Language English 中文(简化字) 中文(繁體字) 한국어 閲覧補助 - 文字サイズを変更する - - 背景色を変更する
30	球磨村	指定給水装置工事事業者申請様式集	https://www.kumamura.com/kiji0031325/index.html	指定給水装置工事事業者申請様式集 / 球磨村公式サイト ヘッダーをスキップ 本文へジャンプ オープニングへ Languages 閲覧補助 さがす さがす Languages Language English 中文(简化字) 中文(繁體字) 한국어 閲覧補助 - 文字サイズを変更する - - 背景色を変更する - さがす
30	球磨村	お使いの浄化槽は年１回の法定検査を受けていますか？	https://www.kumamura.com/kiji0031263/index.html	お使いの浄化槽は年１回の法定検査を受けていますか？ / 球磨村公式サイト ヘッダーをスキップ 本文へジャンプ オープニングへ Languages 閲覧補助 さがす さがす Languages Language English 中文(简化字) 中文(繁體字) 한국어 閲覧補助 - 文字サイズを変更する - - 背景色を変
30	球磨村	人吉球磨地域水道事業における現状と広域連携の手法の検討結果の公表について	https://www.kumamura.com/kiji003757/index.html	人吉球磨地域水道事業における現状と広域連携の手法の検討結果の公表について / 球磨村公式サイト ヘッダーをスキップ 本文へジャンプ オープニングへ Languages 閲覧補助 さがす さがす Languages Language English 中文(简化字) 中文(繁體字) 한국어 閲覧補助 - 文字サイズを変更す
30	球磨村	情報通信サービス（インターネット・テレビジョン放送）の利用申請書等について	https://www.kumamura.com/kiji0031086/index.html	情報通信サービス（インターネット・テレビジョン放送）の利用申請書等について / 球磨村公式サイト ヘッダーをスキップ 本文へジャンプ オープニングへ Languages 閲覧補助 さがす さがす Languages Language English 中文(简化字) 中文(繁體字) 한국어 閲覧補助 - 文字サイズを変更
30	球磨村	球磨村コミュニティバス運行について（通行規制に伴うバス停の休止及びバスの旋回場所の確保：産交バス人吉神瀬線）バス停名：一勝地駅前	https://www.kumamura.com/kiji0031673/index.html	球磨村コミュニティバス運行について（通行規制に伴うバス停の休止及びバスの旋回場所の確保：産交バス人吉神瀬線）バス停名：一勝地駅前 / 球磨村公式サイト ヘッダーをスキップ 本文へジャンプ オープニングへ Languages 閲覧補助 さがす さがす Languages Language English 中文(简化字)
30	球磨村	球磨村コミュニティバス運行について（通行規制に伴うバス停乗降の変更：産交バス人吉神瀬線）バス停名：神瀬	https://www.kumamura.com/kiji0031432/index.html	球磨村コミュニティバス運行について（通行規制に伴うバス停乗降の変更：産交バス人吉神瀬線）バス停名：神瀬 / 球磨村公式サイト ヘッダーをスキップ 本文へジャンプ オープニングへ Languages 閲覧補助 さがす さがす Languages Language English 中文(简化字) 中文(繁體字) 한국어 閲
30	球磨村	球磨村コミュニティバス運行について（通行規制に伴うバス停の休止及びバスの旋回場所の確保：産交バス人吉神瀬線）バス停名：一勝地駅前	https://www.kumamura.com/kiji0031433/index.html	球磨村コミュニティバス運行について（通行規制に伴うバス停の休止及びバスの旋回場所の確保：産交バス人吉神瀬線）バス停名：一勝地駅前 / 球磨村公式サイト ヘッダーをスキップ 本文へジャンプ オープニングへ Languages 閲覧補助 さがす さがす Languages Language English 中文(简化字)
30	球磨村	通行規制について（令和７年９月１日現在）	https://www.kumamura.com/kiji0031857/index.html	通行規制について（令和７年９月１日現在） / 球磨村公式サイト ヘッダーをスキップ 本文へジャンプ オープニングへ Languages 閲覧補助 さがす さがす Languages Language English 中文(简化字) 中文(繁體字) 한국어 閲覧補助 - 文字サイズを変更する - - 背景色を変更する -
30	球磨村	国道２１９号の全面通行止めについて【解除】	https://www.kumamura.com/kiji0031786/index.html	国道２１９号の全面通行止めについて【解除】 / 球磨村公式サイト ヘッダーをスキップ 本文へジャンプ オープニングへ Languages 閲覧補助 さがす さがす Languages Language English 中文(简化字) 中文(繁體字) 한국어 閲覧補助 - 文字サイズを変更する - - 背景色を変更する
30	球磨村	結婚新生活支援事業について	https://www.kumamura.com/kiji0031404/index.html	結婚新生活支援事業について / 球磨村公式サイト ヘッダーをスキップ 本文へジャンプ オープニングへ Languages 閲覧補助 さがす さがす Languages Language English 中文(简化字) 中文(繁體字) 한국어 閲覧補助 - 文字サイズを変更する - - 背景色を変更する - さがす くら
30	球磨村	球磨村空き家・空き地バンク制度について	https://www.kumamura.com/kiji0031370/index.html	球磨村空き家・空き地バンク制度について / 球磨村公式サイト ヘッダーをスキップ 本文へジャンプ オープニングへ Languages 閲覧補助 さがす さがす Languages Language English 中文(简化字) 中文(繁體字) 한국어 閲覧補助 - 文字サイズを変更する - - 背景色を変更する -
30	球磨村	球磨村の未来を担う人材を応援します！（球磨村奨学金返済支援補助金）	https://www.kumamura.com/kiji003487/index.html	球磨村の未来を担う人材を応援します！（球磨村奨学金返済支援補助金） / 球磨村公式サイト ヘッダーをスキップ 本文へジャンプ オープニングへ Languages 閲覧補助 さがす さがす Languages Language English 中文(简化字) 中文(繁體字) 한국어 閲覧補助 - 文字サイズを変更する -
30	球磨村	球磨村賑わい拠点施設整備に係るサウンディング型市場調査の実施について	https://www.kumamura.com/kiji0032049/index.html	球磨村賑わい拠点施設整備に係るサウンディング型市場調査の実施について / 球磨村公式サイト ヘッダーをスキップ 本文へジャンプ オープニングへ Languages 閲覧補助 さがす さがす Languages Language English 中文(简化字) 中文(繁體字) 한국어 閲覧補助 - 文字サイズを変更する
30	球磨村	「一勝地温泉 かわせみ」営業再開について（お知らせ）	https://www.kumamura.com/kiji0031873/index.html	「一勝地温泉 かわせみ」営業再開について（お知らせ） / 球磨村公式サイト ヘッダーをスキップ 本文へジャンプ オープニングへ Languages 閲覧補助 さがす さがす Languages Language English 中文(简化字) 中文(繁體字) 한국어 閲覧補助 - 文字サイズを変更する - - 背景色を
30	球磨村	共助のむらづくり支援事業補助金を活用しませんか？	https://www.kumamura.com/kiji003415/index.html	共助のむらづくり支援事業補助金を活用しませんか？ / 球磨村公式サイト ヘッダーをスキップ 本文へジャンプ オープニングへ Languages 閲覧補助 さがす さがす Languages Language English 中文(简化字) 中文(繁體字) 한국어 閲覧補助 - 文字サイズを変更する - - 背景色を変更
30	球磨村	球磨村渡地区賑わい拠点施設（道の駅・復興祈念公園）整備基本計画策定業務委託公募型プロポーザルの公募について（R7.6.30更新）	https://www.kumamura.com/kiji0031785/index.html	球磨村渡地区賑わい拠点施設（道の駅・復興祈念公園）整備基本計画策定業務委託公募型プロポーザルの公募について（R7.6.30更新） / 球磨村公式サイト ヘッダーをスキップ 本文へジャンプ オープニングへ Languages 閲覧補助 さがす さがす Languages Language English 中文(简化字)
30	球磨村	令和７年度コミュニティ助成事業の募集について	https://www.kumamura.com/kiji0031423/index.html	令和７年度コミュニティ助成事業の募集について / 球磨村公式サイト ヘッダーをスキップ 本文へジャンプ オープニングへ Languages 閲覧補助 さがす さがす Languages Language English 中文(简化字) 中文(繁體字) 한국어 閲覧補助 - 文字サイズを変更する - - 背景色を変更する
30	球磨村	住宅用火災警報器の点検について	https://www.kumamura.com/kiji0031972/index.html	住宅用火災警報器の点検について / 球磨村公式サイト ヘッダーをスキップ 本文へジャンプ オープニングへ Languages 閲覧補助 さがす さがす Languages Language English 中文(简化字) 中文(繁體字) 한국어 閲覧補助 - 文字サイズを変更する - - 背景色を変更する - さがす
28	球磨村	球磨村公式サイト	https://www.kumamura.com/default.html	球磨村公式サイト ヘッダーをスキップ 本文へジャンプ オープニングへ Languages 閲覧補助 さがす さがす Languages Language English 中文(简化字) 中文(繁體字) 한국어 閲覧補助 - 文字サイズを変更する - - 背景色を変更する - さがす くらし 子育て・教育 健康・福祉 産
28	球磨村	子育て・教育	https://www.kumamura.com/list00102.html	子育て・教育 / 球磨村公式サイト ヘッダーをスキップ 本文へジャンプ オープニングへ Languages 閲覧補助 さがす さがす Languages Language English 中文(简化字) 中文(繁體字) 한국어 閲覧補助 - 文字サイズを変更する - - 背景色を変更する - さがす くらし 子育て・教
28	球磨村	健康・福祉	https://www.kumamura.com/list00103.html	健康・福祉 / 球磨村公式サイト ヘッダーをスキップ 本文へジャンプ オープニングへ Languages 閲覧補助 さがす さがす Languages Language English 中文(简化字) 中文(繁體字) 한국어 閲覧補助 - 文字サイズを変更する - - 背景色を変更する - さがす くらし 子育て・教育
28	球磨村	子育て・教育	https://www.kumamura.com/list00302.html	子育て・教育 / 球磨村公式サイト ヘッダーをスキップ 本文へジャンプ オープニングへ Languages 閲覧補助 さがす さがす Languages Language English 中文(简化字) 中文(繁體字) 한국어 閲覧補助 - 文字サイズを変更する - - 背景色を変更する - さがす くらし 子育て・教
28	球磨村	住宅・土地	https://www.kumamura.com/list00157.html	住宅・土地 / 球磨村公式サイト ヘッダーをスキップ 本文へジャンプ オープニングへ Languages 閲覧補助 さがす さがす Languages Language English 中文(简化字) 中文(繁體字) 한국어 閲覧補助 - 文字サイズを変更する - - 背景色を変更する - さがす くらし 子育て・教育
28	球磨村	移住・定住	https://www.kumamura.com/list00162.html	移住・定住 / 球磨村公式サイト ヘッダーをスキップ 本文へジャンプ オープニングへ Languages 閲覧補助 さがす さがす Languages Language English 中文(简化字) 中文(繁體字) 한국어 閲覧補助 - 文字サイズを変更する - - 背景色を変更する - さがす くらし 子育て・教育
28	球磨村	子育て支援	https://www.kumamura.com/list00115.html	子育て支援 / 球磨村公式サイト ヘッダーをスキップ 本文へジャンプ オープニングへ Languages 閲覧補助 さがす さがす Languages Language English 中文(简化字) 中文(繁體字) 한국어 閲覧補助 - 文字サイズを変更する - - 背景色を変更する - さがす くらし 子育て・教育
28	球磨村	支援制度・手当・助成	https://www.kumamura.com/list00173.html	支援制度・手当・助成 / 球磨村公式サイト ヘッダーをスキップ 本文へジャンプ オープニングへ Languages 閲覧補助 さがす さがす Languages Language English 中文(简化字) 中文(繁體字) 한국어 閲覧補助 - 文字サイズを変更する - - 背景色を変更する - さがす くらし 子
28	球磨村	学校教育	https://www.kumamura.com/list00116.html	学校教育 / 球磨村公式サイト ヘッダーをスキップ 本文へジャンプ オープニングへ Languages 閲覧補助 さがす さがす Languages Language English 中文(简化字) 中文(繁體字) 한국어 閲覧補助 - 文字サイズを変更する - - 背景色を変更する - さがす くらし 子育て・教育
28	球磨村	支援制度・助成	https://www.kumamura.com/list00175.html	支援制度・助成 / 球磨村公式サイト ヘッダーをスキップ 本文へジャンプ オープニングへ Languages 閲覧補助 さがす さがす Languages Language English 中文(简化字) 中文(繁體字) 한국어 閲覧補助 - 文字サイズを変更する - - 背景色を変更する - さがす くらし 子育て・
28	球磨村	社会教育	https://www.kumamura.com/list00117.html	社会教育 / 球磨村公式サイト ヘッダーをスキップ 本文へジャンプ オープニングへ Languages 閲覧補助 さがす さがす Languages Language English 中文(简化字) 中文(繁體字) 한국어 閲覧補助 - 文字サイズを変更する - - 背景色を変更する - さがす くらし 子育て・教育
28	球磨村	支援制度・助成	https://www.kumamura.com/list00178.html	支援制度・助成 / 球磨村公式サイト ヘッダーをスキップ 本文へジャンプ オープニングへ Languages 閲覧補助 さがす さがす Languages Language English 中文(简化字) 中文(繁體字) 한국어 閲覧補助 - 文字サイズを変更する - - 背景色を変更する - さがす くらし 子育て・
28	球磨村	健康・予防・医療	https://www.kumamura.com/list00120.html	健康・予防・医療 / 球磨村公式サイト ヘッダーをスキップ 本文へジャンプ オープニングへ Languages 閲覧補助 さがす さがす Languages Language English 中文(简化字) 中文(繁體字) 한국어 閲覧補助 - 文字サイズを変更する - - 背景色を変更する - さがす くらし 子育て
28	球磨村	後期高齢者医療	https://www.kumamura.com/list00189.html	後期高齢者医療 / 球磨村公式サイト ヘッダーをスキップ 本文へジャンプ オープニングへ Languages 閲覧補助 さがす さがす Languages Language English 中文(简化字) 中文(繁體字) 한국어 閲覧補助 - 文字サイズを変更する - - 背景色を変更する - さがす くらし 子育て・
28	球磨村	障がい者支援	https://www.kumamura.com/list00123.html	障がい者支援 / 球磨村公式サイト ヘッダーをスキップ 本文へジャンプ オープニングへ Languages 閲覧補助 さがす さがす Languages Language English 中文(简化字) 中文(繁體字) 한국어 閲覧補助 - 文字サイズを変更する - - 背景色を変更する - さがす くらし 子育て・教
28	球磨村	医療費助成・手当	https://www.kumamura.com/list00191.html	医療費助成・手当 / 球磨村公式サイト ヘッダーをスキップ 本文へジャンプ オープニングへ Languages 閲覧補助 さがす さがす Languages Language English 中文(简化字) 中文(繁體字) 한국어 閲覧補助 - 文字サイズを変更する - - 背景色を変更する - さがす くらし 子育て
28	球磨村	障害福祉サービス	https://www.kumamura.com/list00192.html	障害福祉サービス / 球磨村公式サイト ヘッダーをスキップ 本文へジャンプ オープニングへ Languages 閲覧補助 さがす さがす Languages Language English 中文(简化字) 中文(繁體字) 한국어 閲覧補助 - 文字サイズを変更する - - 背景色を変更する - さがす くらし 子育て
28	球磨村	高齢者支援	https://www.kumamura.com/list00124.html	高齢者支援 / 球磨村公式サイト ヘッダーをスキップ 本文へジャンプ オープニングへ Languages 閲覧補助 さがす さがす Languages Language English 中文(简化字) 中文(繁體字) 한국어 閲覧補助 - 文字サイズを変更する - - 背景色を変更する - さがす くらし 子育て・教育
28	球磨村	認知症支援	https://www.kumamura.com/list00195.html	認知症支援 / 球磨村公式サイト ヘッダーをスキップ 本文へジャンプ オープニングへ Languages 閲覧補助 さがす さがす Languages Language English 中文(简化字) 中文(繁體字) 한국어 閲覧補助 - 文字サイズを変更する - - 背景色を変更する - さがす くらし 子育て・教育
28	球磨村	地域福祉	https://www.kumamura.com/list00125.html	地域福祉 / 球磨村公式サイト ヘッダーをスキップ 本文へジャンプ オープニングへ Languages 閲覧補助 さがす さがす Languages Language English 中文(简化字) 中文(繁體字) 한국어 閲覧補助 - 文字サイズを変更する - - 背景色を変更する - さがす くらし 子育て・教育
28	球磨村	給付金・助成金	https://www.kumamura.com/list00197.html	給付金・助成金 / 球磨村公式サイト ヘッダーをスキップ 本文へジャンプ オープニングへ Languages 閲覧補助 さがす さがす Languages Language English 中文(简化字) 中文(繁體字) 한국어 閲覧補助 - 文字サイズを変更する - - 背景色を変更する - さがす くらし 子育て・
28	球磨村	地域包括支援センター	https://www.kumamura.com/list00198.html	地域包括支援センター / 球磨村公式サイト ヘッダーをスキップ 本文へジャンプ オープニングへ Languages 閲覧補助 さがす さがす Languages Language English 中文(简化字) 中文(繁體字) 한국어 閲覧補助 - 文字サイズを変更する - - 背景色を変更する - さがす くらし 子
28	球磨村	事業者・起業者支援	https://www.kumamura.com/list00204.html	事業者・起業者支援 / 球磨村公式サイト ヘッダーをスキップ 本文へジャンプ オープニングへ Languages 閲覧補助 さがす さがす Languages Language English 中文(简化字) 中文(繁體字) 한국어 閲覧補助 - 文字サイズを変更する - - 背景色を変更する - さがす くらし 子育
28	球磨村	各種支援・相談窓口	https://www.kumamura.com/list00206.html	各種支援・相談窓口 / 球磨村公式サイト ヘッダーをスキップ 本文へジャンプ オープニングへ Languages 閲覧補助 さがす さがす Languages Language English 中文(简化字) 中文(繁體字) 한국어 閲覧補助 - 文字サイズを変更する - - 背景色を変更する - さがす くらし 子育
28	球磨村	組織から探す	https://www.kumamura.com/classset002.html	組織から探す / 球磨村公式サイト ヘッダーをスキップ 本文へジャンプ オープニングへ Languages 閲覧補助 さがす さがす Languages Language English 中文(简化字) 中文(繁體字) 한국어 閲覧補助 - 文字サイズを変更する - - 背景色を変更する - さがす くらし 子育て・教
28	球磨村	分類から探す	https://www.kumamura.com/classset001.html	分類から探す / 球磨村公式サイト ヘッダーをスキップ 本文へジャンプ オープニングへ Languages 閲覧補助 さがす さがす Languages Language English 中文(简化字) 中文(繁體字) 한국어 閲覧補助 - 文字サイズを変更する - - 背景色を変更する - さがす くらし 子育て・教
28	球磨村	カレンダーから探す	https://www.kumamura.com/classset005.html	カレンダーから探す / 球磨村公式サイト ヘッダーをスキップ 本文へジャンプ オープニングへ Languages 閲覧補助 さがす さがす 閉じる Languages Language English 中文(简化字) 中文(繁體字) 한국어 閉じる 閲覧補助 - 文字サイズを変更する - - 背景色を変更する - さが
28	球磨村	人生のできごとから探す	https://www.kumamura.com/classset003.html	人生のできごとから探す / 球磨村公式サイト ヘッダーをスキップ 本文へジャンプ オープニングへ Languages 閲覧補助 さがす さがす Languages Language English 中文(简化字) 中文(繁體字) 한국어 閲覧補助 - 文字サイズを変更する - - 背景色を変更する - さがす くらし
28	球磨村	保健福祉課	https://www.kumamura.com/list00006.html	保健福祉課 / 球磨村公式サイト ヘッダーをスキップ 本文へジャンプ オープニングへ Languages 閲覧補助 さがす さがす Languages Language English 中文(简化字) 中文(繁體字) 한국어 閲覧補助 - 文字サイズを変更する - - 背景色を変更する - さがす くらし 子育て・教育
28	球磨村	福祉係	https://www.kumamura.com/list00019.html	福祉係 / 球磨村公式サイト ヘッダーをスキップ 本文へジャンプ オープニングへ Languages 閲覧補助 さがす さがす Languages Language English 中文(简化字) 中文(繁體字) 한국어 閲覧補助 - 文字サイズを変更する - - 背景色を変更する - さがす くらし 子育て・教育 健
28	球磨村	教育課	https://www.kumamura.com/list00012.html	教育課 / 球磨村公式サイト ヘッダーをスキップ 本文へジャンプ オープニングへ Languages 閲覧補助 さがす さがす Languages Language English 中文(简化字) 中文(繁體字) 한국어 閲覧補助 - 文字サイズを変更する - - 背景色を変更する - さがす くらし 子育て・教育 健
28	球磨村	学校教育係	https://www.kumamura.com/list00028.html	学校教育係 / 球磨村公式サイト ヘッダーをスキップ 本文へジャンプ オープニングへ Languages 閲覧補助 さがす さがす Languages Language English 中文(简化字) 中文(繁體字) 한국어 閲覧補助 - 文字サイズを変更する - - 背景色を変更する - さがす くらし 子育て・教育
28	球磨村	社会教育係	https://www.kumamura.com/list00029.html	社会教育係 / 球磨村公式サイト ヘッダーをスキップ 本文へジャンプ オープニングへ Languages 閲覧補助 さがす さがす Languages Language English 中文(简化字) 中文(繁體字) 한국어 閲覧補助 - 文字サイズを変更する - - 背景色を変更する - さがす くらし 子育て・教育
28	球磨村	児童手当	https://www.kumamura.com/list00314.html	児童手当 / 球磨村公式サイト ヘッダーをスキップ 本文へジャンプ オープニングへ Languages 閲覧補助 さがす さがす Languages Language English 中文(简化字) 中文(繁體字) 한국어 閲覧補助 - 文字サイズを変更する - - 背景色を変更する - さがす くらし 子育て・教育
28	球磨村	乳幼児医療	https://www.kumamura.com/list00315.html	乳幼児医療 / 球磨村公式サイト ヘッダーをスキップ 本文へジャンプ オープニングへ Languages 閲覧補助 さがす さがす Languages Language English 中文(简化字) 中文(繁體字) 한국어 閲覧補助 - 文字サイズを変更する - - 背景色を変更する - さがす くらし 子育て・教育
28	球磨村	義務教育学校	https://www.kumamura.com/list00319.html	義務教育学校 / 球磨村公式サイト ヘッダーをスキップ 本文へジャンプ オープニングへ Languages 閲覧補助 さがす さがす Languages Language English 中文(简化字) 中文(繁體字) 한국어 閲覧補助 - 文字サイズを変更する - - 背景色を変更する - さがす くらし 子育て・教
28	球磨村	手当・支援・助成	https://www.kumamura.com/list00320.html	手当・支援・助成 / 球磨村公式サイト ヘッダーをスキップ 本文へジャンプ オープニングへ Languages 閲覧補助 さがす さがす Languages Language English 中文(简化字) 中文(繁體字) 한국어 閲覧補助 - 文字サイズを変更する - - 背景色を変更する - さがす くらし 子育て
28	球磨村	子育て家庭センター	https://www.kumamura.com/list00322.html	子育て家庭センター / 球磨村公式サイト ヘッダーをスキップ 本文へジャンプ オープニングへ Languages 閲覧補助 さがす さがす Languages Language English 中文(简化字) 中文(繁體字) 한국어 閲覧補助 - 文字サイズを変更する - - 背景色を変更する - さがす くらし 子育
28	球磨村	就労支援・相談	https://www.kumamura.com/list00326.html	就労支援・相談 / 球磨村公式サイト ヘッダーをスキップ 本文へジャンプ オープニングへ Languages 閲覧補助 さがす さがす Languages Language English 中文(简化字) 中文(繁體字) 한국어 閲覧補助 - 文字サイズを変更する - - 背景色を変更する - さがす くらし 子育て・
28	球磨村	手当・支援・助成	https://www.kumamura.com/list00329.html	手当・支援・助成 / 球磨村公式サイト ヘッダーをスキップ 本文へジャンプ オープニングへ Languages 閲覧補助 さがす さがす Languages Language English 中文(简化字) 中文(繁體字) 한국어 閲覧補助 - 文字サイズを変更する - - 背景色を変更する - さがす くらし 子育て
28	球磨村	結婚支援	https://www.kumamura.com/list00330.html	結婚支援 / 球磨村公式サイト ヘッダーをスキップ 本文へジャンプ オープニングへ Languages 閲覧補助 さがす さがす Languages Language English 中文(简化字) 中文(繁體字) 한국어 閲覧補助 - 文字サイズを変更する - - 背景色を変更する - さがす くらし 子育て・教育
28	球磨村	公営住宅	https://www.kumamura.com/list00337.html	公営住宅 / 球磨村公式サイト ヘッダーをスキップ 本文へジャンプ オープニングへ Languages 閲覧補助 さがす さがす Languages Language English 中文(简化字) 中文(繁體字) 한국어 閲覧補助 - 文字サイズを変更する - - 背景色を変更する - さがす くらし 子育て・教育
28	球磨村	空き家バンク	https://www.kumamura.com/list00338.html	空き家バンク / 球磨村公式サイト ヘッダーをスキップ 本文へジャンプ オープニングへ Languages 閲覧補助 さがす さがす Languages Language English 中文(简化字) 中文(繁體字) 한국어 閲覧補助 - 文字サイズを変更する - - 背景色を変更する - さがす くらし 子育て・教
28	球磨村	手当・支援・助成	https://www.kumamura.com/list00340.html	手当・支援・助成 / 球磨村公式サイト ヘッダーをスキップ 本文へジャンプ オープニングへ Languages 閲覧補助 さがす さがす Languages Language English 中文(简化字) 中文(繁體字) 한국어 閲覧補助 - 文字サイズを変更する - - 背景色を変更する - さがす くらし 子育て
28	球磨村	後期高齢者医療	https://www.kumamura.com/list00344.html	後期高齢者医療 / 球磨村公式サイト ヘッダーをスキップ 本文へジャンプ オープニングへ Languages 閲覧補助 さがす さがす Languages Language English 中文(简化字) 中文(繁體字) 한국어 閲覧補助 - 文字サイズを変更する - - 背景色を変更する - さがす くらし 子育て・
28	球磨村	後期高齢者医療	https://www.kumamura.com/list00349.html	後期高齢者医療 / 球磨村公式サイト ヘッダーをスキップ 本文へジャンプ オープニングへ Languages 閲覧補助 さがす さがす Languages Language English 中文(简化字) 中文(繁體字) 한국어 閲覧補助 - 文字サイズを変更する - - 背景色を変更する - さがす くらし 子育て・
28	球磨村	地域包括支援センター	https://www.kumamura.com/list00350.html	地域包括支援センター / 球磨村公式サイト ヘッダーをスキップ 本文へジャンプ オープニングへ Languages 閲覧補助 さがす さがす Languages Language English 中文(简化字) 中文(繁體字) 한국어 閲覧補助 - 文字サイズを変更する - - 背景色を変更する - さがす くらし 子
28	球磨村	福祉相談	https://www.kumamura.com/list00351.html	福祉相談 / 球磨村公式サイト ヘッダーをスキップ 本文へジャンプ オープニングへ Languages 閲覧補助 さがす さがす Languages Language English 中文(简化字) 中文(繁體字) 한국어 閲覧補助 - 文字サイズを変更する - - 背景色を変更する - さがす くらし 子育て・教育
24	球磨村	健康・福祉	https://www.kumamura.com/bousai/list00421.html	健康・福祉 / 防災サイト / 球磨村公式サイト ヘッダーをスキップ 本文へジャンプ 行政TOP Languages 閲覧補助 さがす さがす Languages Language English 中文(简化字) 中文(繁體字) 한국어 閲覧補助 - 文字サイズを変更する - - 背景色を変更する - 村からのお知らせ
22	球磨村	税関係証明書手数料一覧表	https://www.kumamura.com/kiji0031206/index.html	税関係証明書手数料一覧表 / 球磨村公式サイト ヘッダーをスキップ 本文へジャンプ オープニングへ Languages 閲覧補助 さがす さがす Languages Language English 中文(简化字) 中文(繁體字) 한국어 閲覧補助 - 文字サイズを変更する - - 背景色を変更する - さがす くらし
20	球磨村	仮説住宅情報	https://www.kumamura.com/bousai/list00440.html	仮説住宅情報 / 防災サイト / 球磨村公式サイト ヘッダーをスキップ 本文へジャンプ 行政TOP Languages 閲覧補助 さがす さがす Languages Language English 中文(简化字) 中文(繁體字) 한국어 閲覧補助 - 文字サイズを変更する - - 背景色を変更する - 村からのお知ら
18	球磨村	防災サイト	https://www.kumamura.com/bousai/default.html	防災サイト / 球磨村公式サイト ヘッダーをスキップ 本文へジャンプ 行政TOP Languages 閲覧補助 さがす さがす Languages Language English 中文(简化字) 中文(繁體字) 한국어 閲覧補助 - 文字サイズを変更する - - 背景色を変更する - 村からのお知らせ 避難所 ハザー
18	球磨村	ふるさと納税とは	https://www.kumamura.com/hurusato-sabu/kiji0031741/index.html	ふるさと納税とは / ふるさと納税 / 球磨村公式サイト ヘッダーをスキップ 本文へジャンプ 行政TOP 閲覧補助 Languages さがす さがす Languages Language English 中文(简化字) 中文(繁體字) 한국어 閲覧補助 - 文字サイズを変更する - - 背景色を変更する - ふるさと
18	球磨村	控除手続きのながれ	https://www.kumamura.com/hurusato-sabu/kiji0031743/index.html	控除手続きのながれ / ふるさと納税 / 球磨村公式サイト ヘッダーをスキップ 本文へジャンプ 行政TOP 閲覧補助 Languages さがす さがす Languages Language English 中文(简化字) 中文(繁體字) 한국어 閲覧補助 - 文字サイズを変更する - - 背景色を変更する - ふるさ
18	球磨村	寄附の手続き	https://www.kumamura.com/hurusato-sabu/kiji0031742/index.html	寄附の手続き / ふるさと納税 / 球磨村公式サイト ヘッダーをスキップ 本文へジャンプ 行政TOP 閲覧補助 Languages さがす さがす Languages Language English 中文(简化字) 中文(繁體字) 한국어 閲覧補助 - 文字サイズを変更する - - 背景色を変更する - ふるさと納税
18	球磨村	支援物資情報	https://www.kumamura.com/bousai/list00414.html	支援物資情報 / 防災サイト / 球磨村公式サイト ヘッダーをスキップ 本文へジャンプ 行政TOP Languages 閲覧補助 さがす さがす Languages Language English 中文(简化字) 中文(繁體字) 한국어 閲覧補助 - 文字サイズを変更する - - 背景色を変更する - 村からのお知ら
18	球磨村	福祉避難所	https://www.kumamura.com/bousai/list00430.html	福祉避難所 / 防災サイト / 球磨村公式サイト ヘッダーをスキップ 本文へジャンプ 行政TOP Languages 閲覧補助 さがす さがす Languages Language English 中文(简化字) 中文(繁體字) 한국어 閲覧補助 - 文字サイズを変更する - - 背景色を変更する - 村からのお知らせ
18	球磨村	医療機関の情報	https://www.kumamura.com/bousai/list00437.html	医療機関の情報 / 防災サイト / 球磨村公式サイト ヘッダーをスキップ 本文へジャンプ 行政TOP Languages 閲覧補助 さがす さがす Languages Language English 中文(简化字) 中文(繁體字) 한국어 閲覧補助 - 文字サイズを変更する - - 背景色を変更する - 村からのお知
18	球磨村	健康・福祉の相談	https://www.kumamura.com/bousai/list00438.html	健康・福祉の相談 / 防災サイト / 球磨村公式サイト ヘッダーをスキップ 本文へジャンプ 行政TOP Languages 閲覧補助 さがす さがす Languages Language English 中文(简化字) 中文(繁體字) 한국어 閲覧補助 - 文字サイズを変更する - - 背景色を変更する - 村からのお
17	球磨村	住まいへの支援	https://www.kumamura.com/ijuteiju-sabu/list00511.html	住まいへの支援 / 移住定住 / 球磨村公式サイト ヘッダーをスキップ 本文へジャンプ 行政TOP Languages 閲覧補助 さがす さがす Languages Language English 中文(简化字) 中文(繁體字) 한국어 閲覧補助 - 文字サイズを変更する - - 背景色を変更する - 球磨村を知る
30	五木村	五木村家庭用防犯カメラ設置費補助金について	https://www.vill.itsuki.lg.jp/kiji0032200/index.html	五木村家庭用防犯カメラ設置費補助金について / 熊本県五木村 ヘッダーをスキップ 本文へジャンプ オープニングページへ Foreign Language English 中文(简化字) 中文(繁體字) 한국어 日本語 文字サイズ 背景色 目的から探す よく見られている情報 各種証明・手続き 税金 移住・定住 ごみの出し
30	五木村	利用料金減免措置について	https://www.vill.itsuki.lg.jp/kiji003308/index.html	利用料金減免措置について / 五木村 ヘッダーをスキップ 本文へジャンプ オープニングページへ Foreign Language English 中文(简化字) 中文(繁體字) 한국어 日本語 文字サイズ 背景色 目的から探す よく見られている情報 各種証明・手続き 税金 移住・定住 ごみの出し方 防災情報 公共交通
30	五木村	定額減税補足給付金（不足額給付）申請受付終了のお知らせ	https://www.vill.itsuki.lg.jp/kiji0032189/index.html	定額減税補足給付金（不足額給付）申請受付終了のお知らせ / 熊本県五木村 ヘッダーをスキップ 本文へジャンプ オープニングページへ Foreign Language English 中文(简化字) 中文(繁體字) 한국어 日本語 文字サイズ 背景色 目的から探す よく見られている情報 各種証明・手続き 税金 移住・定住
25	五木村	調整給付金・低所得者世帯への給付金	https://www.vill.itsuki.lg.jp/kiji0031955/index.html	調整給付金・低所得者世帯への給付金 / 熊本県五木村 ヘッダーをスキップ 本文へジャンプ オープニングページへ Foreign Language English 中文(简化字) 中文(繁體字) 한국어 日本語 文字サイズ 背景色 目的から探す よく見られている情報 各種証明・手続き 税金 移住・定住 ごみの出し方 防災
25	五木村	補助金申請【受付中】令和8年度五木村電気自動車購入促進事業補助金のおしらせ	https://www.vill.itsuki.lg.jp/kiji0032212/index.html	補助金申請【受付中】令和8年度五木村電気自動車購入促進事業補助金のおしらせ / 熊本県五木村 ヘッダーをスキップ 本文へジャンプ オープニングページへ Foreign Language English 中文(简化字) 中文(繁體字) 한국어 日本語 文字サイズ 背景色 目的から探す よく見られている情報 各種証明・手続
25	五木村	高齢者及び高齢者住宅改造助成申請について	https://www.vill.itsuki.lg.jp/kiji003466/index.html	高齢者及び高齢者住宅改造助成申請について / 熊本県五木村 ヘッダーをスキップ 本文へジャンプ オープニングページへ Foreign Language English 中文(简化字) 中文(繁體字) 한국어 日本語 文字サイズ 背景色 目的から探す よく見られている情報 各種証明・手続き 税金 移住・定住 ごみの出し方
25	五木村	通院タクシー助成金交付申請書	https://www.vill.itsuki.lg.jp/kiji003462/index.html	通院タクシー助成金交付申請書 / 五木村 ヘッダーをスキップ 本文へジャンプ オープニングページへ Foreign Language English 中文(简化字) 中文(繁體字) 한국어 日本語 文字サイズ 背景色 目的から探す よく見られている情報 各種証明・手続き 税金 移住・定住 ごみの出し方 防災情報 公共交
25	五木村	重度心身障がい者医療費助成申請書	https://www.vill.itsuki.lg.jp/kiji003465/index.html	重度心身障がい者医療費助成申請書 / 五木村 ヘッダーをスキップ 本文へジャンプ オープニングページへ Foreign Language English 中文(简化字) 中文(繁體字) 한국어 日本語 文字サイズ 背景色 目的から探す よく見られている情報 各種証明・手続き 税金 移住・定住 ごみの出し方 防災情報 公
25	五木村	五木村農林水産業振興関係事業補助金の申請手続きについて	https://www.vill.itsuki.lg.jp/kiji003490/index.html	五木村農林水産業振興関係事業補助金の申請手続きについて / 五木村 ヘッダーをスキップ 本文へジャンプ オープニングページへ Foreign Language English 中文(简化字) 中文(繁體字) 한국어 日本語 文字サイズ 背景色 目的から探す よく見られている情報 各種証明・手続き 税金 移住・定住 ごみ
24	五木村	補助金・助成金	https://www.vill.itsuki.lg.jp/teijuu/list00626.html	補助金・助成金 / 移住・定住支援サイト / 熊本県五木村 ヘッダーをスキップ 本文へジャンプ 行政トップページへ 観光情報トップページへ Foreign Language English 中文(简化字) 中文(繁體字) 한국어 日本語 文字サイズ 背景色 知る 移住する 子育て支援 住宅・仕事 お問い合わせ 知る 移
23	五木村	補助・助成・支援	https://www.vill.itsuki.lg.jp/list00568.html	補助・助成・支援 / 熊本県五木村 ヘッダーをスキップ 本文へジャンプ オープニングページへ Foreign Language English 中文(简化字) 中文(繁體字) 한국어 日本語 文字サイズ 背景色 目的から探す よく見られている情報 各種証明・手続き 税金 移住・定住 ごみの出し方 防災情報 公共交通 子
23	五木村	補助金	https://www.vill.itsuki.lg.jp/list00720.html	補助金 / 熊本県五木村 ヘッダーをスキップ 本文へジャンプ オープニングページへ Foreign Language English 中文(简化字) 中文(繁體字) 한국어 日本語 文字サイズ 背景色 目的から探す よく見られている情報 各種証明・手続き 税金 移住・定住 ごみの出し方 防災情報 公共交通 子育て 学校
30	山江村	LPガス支援金を給付します	https://www.vill.yamae.lg.jp/kiji0031092/index.html	LPガス支援金を給付します / 山江村公式ホームページ ヘッダーをスキップ 本文へジャンプ オープニングへ Languages English 中文(简化字) 中文(繁體字) 한국어 アクセシビリティ くらし・手続き 子育て・教育 健康・福祉 産業・観光 村政 行政トップページへ グローバルナビゲーションをスキップ く
30	山江村	総合型地域スポーツクラブ「わいわいクリスポやまえ」のご紹介	https://www.vill.yamae.lg.jp/kiji0031091/index.html	総合型地域スポーツクラブ「わいわいクリスポやまえ」のご紹介 / 山江村公式ホームページ ヘッダーをスキップ 本文へジャンプ オープニングへ Languages English 中文(简化字) 中文(繁體字) 한국어 アクセシビリティ くらし・手続き 子育て・教育 健康・福祉 産業・観光 村政 行政トップページへ グロー
30	山江村	任意インフルエンザ予防接種費用助成について	https://www.vill.yamae.lg.jp/kiji0031421/index.html	任意インフルエンザ予防接種費用助成について / 山江村公式ホームページ ヘッダーをスキップ 本文へジャンプ オープニングへ Languages English 中文(简化字) 中文(繁體字) 한국어 アクセシビリティ くらし・手続き 子育て・教育 健康・福祉 産業・観光 村政 行政トップページへ グローバルナビゲーショ
30	山江村	幼児教育・保育の無償化について(1)	https://www.vill.yamae.lg.jp/kiji003157/index.html	幼児教育・保育の無償化について(1) / 山江村公式ホームページ ヘッダーをスキップ 本文へジャンプ オープニングへ Languages English 中文(简化字) 中文(繁體字) 한국어 アクセシビリティ くらし・手続き 子育て・教育 健康・福祉 産業・観光 村政 行政トップページへ グローバルナビゲーションをス
30	山江村	任意接種で帯状疱疹ワクチンを受けた方の接種費用の助成を行っています（定期接種以外）	https://www.vill.yamae.lg.jp/kiji0031289/index.html	任意接種で帯状疱疹ワクチンを受けた方の接種費用の助成を行っています（定期接種以外） / 山江村公式ホームページ ヘッダーをスキップ 本文へジャンプ オープニングへ Languages English 中文(简化字) 中文(繁體字) 한국어 アクセシビリティ くらし・手続き 子育て・教育 健康・福祉 産業・観光 村政 行
30	山江村	令和8年度帯状疱疹ワクチン定期接種のお知らせ	https://www.vill.yamae.lg.jp/kiji0031273/index.html	令和8年度帯状疱疹ワクチン定期接種のお知らせ / 山江村公式ホームページ ヘッダーをスキップ 本文へジャンプ オープニングへ Languages English 中文(简化字) 中文(繁體字) 한국어 アクセシビリティ くらし・手続き 子育て・教育 健康・福祉 産業・観光 村政 行政トップページへ グローバルナビゲーシ
30	山江村	山江村農地流動化推進助成金	https://www.vill.yamae.lg.jp/kiji003670/index.html	山江村農地流動化推進助成金 / 山江村公式ホームページ ヘッダーをスキップ 本文へジャンプ オープニングへ Languages English 中文(简化字) 中文(繁體字) 한국어 アクセシビリティ くらし・手続き 子育て・教育 健康・福祉 産業・観光 村政 行政トップページへ グローバルナビゲーションをスキップ く
30	山江村	中山間直接支払制度実施状況	https://www.vill.yamae.lg.jp/kiji003381/index.html	中山間直接支払制度実施状況 / 山江村公式ホームページ ヘッダーをスキップ 本文へジャンプ オープニングへ Languages English 中文(简化字) 中文(繁體字) 한국어 アクセシビリティ くらし・手続き 子育て・教育 健康・福祉 産業・観光 村政 行政トップページへ グローバルナビゲーションをスキップ く
30	山江村	山江村特産物振興事業補助金	https://www.vill.yamae.lg.jp/kiji003682/index.html	山江村特産物振興事業補助金 / 山江村公式ホームページ ヘッダーをスキップ 本文へジャンプ オープニングへ Languages English 中文(简化字) 中文(繁體字) 한국어 アクセシビリティ くらし・手続き 子育て・教育 健康・福祉 産業・観光 村政 行政トップページへ グローバルナビゲーションをスキップ く
30	山江村	軽自動車税の減免について	https://www.vill.yamae.lg.jp/kiji003471/index.html	軽自動車税の減免について / 山江村公式ホームページ ヘッダーをスキップ 本文へジャンプ オープニングへ Languages English 中文(简化字) 中文(繁體字) 한국어 アクセシビリティ くらし・手続き 子育て・教育 健康・福祉 産業・観光 村政 行政トップページへ グローバルナビゲーションをスキップ くら
30	山江村	簡易水道料金の減免等を行います	https://www.vill.yamae.lg.jp/kiji0031458/index.html	簡易水道料金の減免等を行います / 山江村公式ホームページ ヘッダーをスキップ 本文へジャンプ オープニングへ Languages English 中文(简化字) 中文(繁體字) 한국어 アクセシビリティ くらし・手続き 子育て・教育 健康・福祉 産業・観光 村政 行政トップページへ グローバルナビゲーションをスキップ
30	山江村	木造住宅の耐震化を支援します！	https://www.vill.yamae.lg.jp/kiji0031436/index.html	木造住宅の耐震化を支援します！ / 山江村公式ホームページ ヘッダーをスキップ 本文へジャンプ オープニングへ Languages English 中文(简化字) 中文(繁體字) 한국어 アクセシビリティ くらし・手続き 子育て・教育 健康・福祉 産業・観光 村政 行政トップページへ グローバルナビゲーションをスキップ
30	山江村	住宅用太陽光発電システム設置費補助金	https://www.vill.yamae.lg.jp/kiji003317/index.html	住宅用太陽光発電システム設置費補助金 / 山江村公式ホームページ ヘッダーをスキップ 本文へジャンプ オープニングへ Languages English 中文(简化字) 中文(繁體字) 한국어 アクセシビリティ くらし・手続き 子育て・教育 健康・福祉 産業・観光 村政 行政トップページへ グローバルナビゲーションをス
30	山江村	山江村住宅リフォーム助成事業	https://www.vill.yamae.lg.jp/kiji003318/index.html	山江村住宅リフォーム助成事業 / 山江村公式ホームページ ヘッダーをスキップ 本文へジャンプ オープニングへ Languages English 中文(简化字) 中文(繁體字) 한국어 アクセシビリティ くらし・手続き 子育て・教育 健康・福祉 産業・観光 村政 行政トップページへ グローバルナビゲーションをスキップ
30	山江村	山江村中小企業省エネ推進支援事業補助金	https://www.vill.yamae.lg.jp/kiji0031386/index.html	山江村中小企業省エネ推進支援事業補助金 / 山江村公式ホームページ ヘッダーをスキップ 本文へジャンプ オープニングへ Languages English 中文(简化字) 中文(繁體字) 한국어 アクセシビリティ くらし・手続き 子育て・教育 健康・福祉 産業・観光 村政 行政トップページへ グローバルナビゲーションを
30	山江村	山江村省エネ家電買替促進補助金	https://www.vill.yamae.lg.jp/kiji0031063/index.html	山江村省エネ家電買替促進補助金 / 山江村公式ホームページ ヘッダーをスキップ 本文へジャンプ オープニングへ Languages English 中文(简化字) 中文(繁體字) 한국어 アクセシビリティ くらし・手続き 子育て・教育 健康・福祉 産業・観光 村政 行政トップページへ グローバルナビゲーションをスキップ
30	山江村	山江村空き家解体補助金	https://www.vill.yamae.lg.jp/kiji0031066/index.html	山江村空き家解体補助金 / 山江村公式ホームページ ヘッダーをスキップ 本文へジャンプ オープニングへ Languages English 中文(简化字) 中文(繁體字) 한국어 アクセシビリティ くらし・手続き 子育て・教育 健康・福祉 産業・観光 村政 行政トップページへ グローバルナビゲーションをスキップ くらし
30	山江村	山江村住宅用薪ストーブ設置補助金	https://www.vill.yamae.lg.jp/kiji003316/index.html	山江村住宅用薪ストーブ設置補助金 / 山江村公式ホームページ ヘッダーをスキップ 本文へジャンプ オープニングへ Languages English 中文(简化字) 中文(繁體字) 한국어 アクセシビリティ くらし・手続き 子育て・教育 健康・福祉 産業・観光 村政 行政トップページへ グローバルナビゲーションをスキッ
30	山江村	山江村小型合併処理浄化槽設置整備事業補助金	https://www.vill.yamae.lg.jp/kiji003582/index.html	山江村小型合併処理浄化槽設置整備事業補助金 / 山江村公式ホームページ ヘッダーをスキップ 本文へジャンプ オープニングへ Languages English 中文(简化字) 中文(繁體字) 한국어 アクセシビリティ くらし・手続き 子育て・教育 健康・福祉 産業・観光 村政 行政トップページへ グローバルナビゲーショ
30	山江村	農業集落排水使用料の減免について	https://www.vill.yamae.lg.jp/kiji003676/index.html	農業集落排水使用料の減免について / 山江村公式ホームページ ヘッダーをスキップ 本文へジャンプ オープニングへ Languages English 中文(简化字) 中文(繁體字) 한국어 アクセシビリティ くらし・手続き 子育て・教育 健康・福祉 産業・観光 村政 行政トップページへ グローバルナビゲーションをスキッ
30	山江村	農業集落排水設備工事への融資あっせんについて	https://www.vill.yamae.lg.jp/kiji003657/index.html	農業集落排水設備工事への融資あっせんについて / 山江村公式ホームページ ヘッダーをスキップ 本文へジャンプ オープニングへ Languages English 中文(简化字) 中文(繁體字) 한국어 アクセシビリティ くらし・手続き 子育て・教育 健康・福祉 産業・観光 村政 行政トップページへ グローバルナビゲーシ
30	山江村	災害に伴う村税の減免や納付の猶予について	https://www.vill.yamae.lg.jp/kiji003621/index.html	災害に伴う村税の減免や納付の猶予について / 山江村公式ホームページ ヘッダーをスキップ 本文へジャンプ オープニングへ Languages English 中文(简化字) 中文(繁體字) 한국어 アクセシビリティ くらし・手続き 子育て・教育 健康・福祉 産業・観光 村政 行政トップページへ グローバルナビゲーション
30	山江村	消費者トラブル注意報（振り込め詐欺）	https://www.vill.yamae.lg.jp/kiji00375/index.html	消費者トラブル注意報（振り込め詐欺） / 山江村公式ホームページ ヘッダーをスキップ 本文へジャンプ オープニングへ Languages English 中文(简化字) 中文(繁體字) 한국어 アクセシビリティ くらし・手続き 子育て・教育 健康・福祉 産業・観光 村政 行政トップページへ グローバルナビゲーションをス
30	山江村	支給認定証について	https://www.vill.yamae.lg.jp/kiji003741/index.html	支給認定証について / 山江村公式ホームページ ヘッダーをスキップ 本文へジャンプ オープニングへ Languages English 中文(简化字) 中文(繁體字) 한국어 アクセシビリティ くらし・手続き 子育て・教育 健康・福祉 産業・観光 村政 行政トップページへ グローバルナビゲーションをスキップ くらし・手
30	山江村	【児童手当】高校・短期大学等を卒業後も継続してお子様を養育する場合の手続きについて	https://www.vill.yamae.lg.jp/kiji0031507/index.html	【児童手当】高校・短期大学等を卒業後も継続してお子様を養育する場合の手続きについて / 山江村公式ホームページ ヘッダーをスキップ 本文へジャンプ オープニングへ Languages English 中文(简化字) 中文(繁體字) 한국어 アクセシビリティ くらし・手続き 子育て・教育 健康・福祉 産業・観光 村政 行
30	山江村	令和8年度山江村奨学金貸付について	https://www.vill.yamae.lg.jp/kiji003912/index.html	令和8年度山江村奨学金貸付について / 山江村公式ホームページ ヘッダーをスキップ 本文へジャンプ オープニングへ Languages English 中文(简化字) 中文(繁體字) 한국어 アクセシビリティ くらし・手続き 子育て・教育 健康・福祉 産業・観光 村政 行政トップページへ グローバルナビゲーションをスキ
30	山江村	奨学金返還を免除します（令和7年4月1日施行）	https://www.vill.yamae.lg.jp/kiji0031260/index.html	奨学金返還を免除します（令和7年4月1日施行） / 山江村公式ホームページ ヘッダーをスキップ 本文へジャンプ オープニングへ Languages English 中文(简化字) 中文(繁體字) 한국어 アクセシビリティ くらし・手続き 子育て・教育 健康・福祉 産業・観光 村政 行政トップページへ グローバルナビゲー
30	山江村	令和6年10月から児童手当制度が改正（拡充）されます	https://www.vill.yamae.lg.jp/kiji0031160/index.html	令和6年10月から児童手当制度が改正（拡充）されます / 山江村公式ホームページ ヘッダーをスキップ 本文へジャンプ オープニングへ Languages English 中文(简化字) 中文(繁體字) 한국어 アクセシビリティ くらし・手続き 子育て・教育 健康・福祉 産業・観光 村政 行政トップページへ グローバルナ
30	山江村	おめでとう赤ちゃんギフト（妊婦のための支援給付）	https://www.vill.yamae.lg.jp/kiji003756/index.html	おめでとう赤ちゃんギフト（妊婦のための支援給付） / 山江村公式ホームページ ヘッダーをスキップ 本文へジャンプ オープニングへ Languages English 中文(简化字) 中文(繁體字) 한국어 アクセシビリティ くらし・手続き 子育て・教育 健康・福祉 産業・観光 村政 行政トップページへ グローバルナビゲ
30	山江村	チャイルドシートの購入補助について	https://www.vill.yamae.lg.jp/kiji003752/index.html	チャイルドシートの購入補助について / 山江村公式ホームページ ヘッダーをスキップ 本文へジャンプ オープニングへ Languages English 中文(简化字) 中文(繁體字) 한국어 アクセシビリティ くらし・手続き 子育て・教育 健康・福祉 産業・観光 村政 行政トップページへ グローバルナビゲーションをスキ
30	山江村	令和8年度保育所等入所のご案内	https://www.vill.yamae.lg.jp/kiji0031432/index.html	令和8年度保育所等入所のご案内 / 山江村公式ホームページ ヘッダーをスキップ 本文へジャンプ オープニングへ Languages English 中文(简化字) 中文(繁體字) 한국어 アクセシビリティ くらし・手続き 子育て・教育 健康・福祉 産業・観光 村政 行政トップページへ グローバルナビゲーションをスキップ
30	山江村	保育料・副食費の完全無償化について	https://www.vill.yamae.lg.jp/kiji0031408/index.html	保育料・副食費の完全無償化について / 山江村公式ホームページ ヘッダーをスキップ 本文へジャンプ オープニングへ Languages English 中文(简化字) 中文(繁體字) 한국어 アクセシビリティ くらし・手続き 子育て・教育 健康・福祉 産業・観光 村政 行政トップページへ グローバルナビゲーションをスキ
30	山江村	山江村ひとり親家庭等医療費助成	https://www.vill.yamae.lg.jp/kiji003735/index.html	山江村ひとり親家庭等医療費助成 / 山江村公式ホームページ ヘッダーをスキップ 本文へジャンプ オープニングへ Languages English 中文(简化字) 中文(繁體字) 한국어 アクセシビリティ くらし・手続き 子育て・教育 健康・福祉 産業・観光 村政 行政トップページへ グローバルナビゲーションをスキップ
30	山江村	児童扶養手当制度	https://www.vill.yamae.lg.jp/kiji003737/index.html	児童扶養手当制度 / 山江村公式ホームページ ヘッダーをスキップ 本文へジャンプ オープニングへ Languages English 中文(简化字) 中文(繁體字) 한국어 アクセシビリティ くらし・手続き 子育て・教育 健康・福祉 産業・観光 村政 行政トップページへ グローバルナビゲーションをスキップ くらし・手続
30	山江村	山江村公立学校等施設整備計画・事後評価	https://www.vill.yamae.lg.jp/kiji003978/index.html	山江村公立学校等施設整備計画・事後評価 / 山江村公式ホームページ ヘッダーをスキップ 本文へジャンプ オープニングへ Languages English 中文(简化字) 中文(繁體字) 한국어 アクセシビリティ くらし・手続き 子育て・教育 健康・福祉 産業・観光 村政 行政トップページへ グローバルナビゲーションを
30	山江村	すこやか子ども医療費助成事業	https://www.vill.yamae.lg.jp/kiji003743/index.html	すこやか子ども医療費助成事業 / 山江村公式ホームページ ヘッダーをスキップ 本文へジャンプ オープニングへ Languages English 中文(简化字) 中文(繁體字) 한국어 アクセシビリティ くらし・手続き 子育て・教育 健康・福祉 産業・観光 村政 行政トップページへ グローバルナビゲーションをスキップ
30	山江村	山江村不妊治療費助成	https://www.vill.yamae.lg.jp/kiji003516/index.html	山江村不妊治療費助成 / 山江村公式ホームページ ヘッダーをスキップ 本文へジャンプ オープニングへ Languages English 中文(简化字) 中文(繁體字) 한국어 アクセシビリティ くらし・手続き 子育て・教育 健康・福祉 産業・観光 村政 行政トップページへ グローバルナビゲーションをスキップ くらし・
30	山江村	山江村重度心身障がい者医療費助成	https://www.vill.yamae.lg.jp/kiji003511/index.html	山江村重度心身障がい者医療費助成 / 山江村公式ホームページ ヘッダーをスキップ 本文へジャンプ オープニングへ Languages English 中文(简化字) 中文(繁體字) 한국어 アクセシビリティ くらし・手続き 子育て・教育 健康・福祉 産業・観光 村政 行政トップページへ グローバルナビゲーションをスキッ
30	山江村	障がいを理由とする差別解消に向けた民間事業者の理解促進について	https://www.vill.yamae.lg.jp/kiji003135/index.html	障がいを理由とする差別解消に向けた民間事業者の理解促進について / 山江村公式ホームページ ヘッダーをスキップ 本文へジャンプ オープニングへ Languages English 中文(简化字) 中文(繁體字) 한국어 アクセシビリティ くらし・手続き 子育て・教育 健康・福祉 産業・観光 村政 行政トップページへ グ
30	山江村	山江村住宅改造助成事業	https://www.vill.yamae.lg.jp/kiji003719/index.html	山江村住宅改造助成事業 / 山江村公式ホームページ ヘッダーをスキップ 本文へジャンプ オープニングへ Languages English 中文(简化字) 中文(繁體字) 한국어 アクセシビリティ くらし・手続き 子育て・教育 健康・福祉 産業・観光 村政 行政トップページへ グローバルナビゲーションをスキップ くらし
30	山江村	山江村生き生き在宅生活支援事業	https://www.vill.yamae.lg.jp/kiji003141/index.html	山江村生き生き在宅生活支援事業 / 山江村公式ホームページ ヘッダーをスキップ 本文へジャンプ オープニングへ Languages English 中文(简化字) 中文(繁體字) 한국어 アクセシビリティ くらし・手続き 子育て・教育 健康・福祉 産業・観光 村政 行政トップページへ グローバルナビゲーションをスキップ
30	山江村	在宅介護手当	https://www.vill.yamae.lg.jp/kiji003780/index.html	在宅介護手当 / 山江村公式ホームページ ヘッダーをスキップ 本文へジャンプ オープニングへ Languages English 中文(简化字) 中文(繁體字) 한국어 アクセシビリティ くらし・手続き 子育て・教育 健康・福祉 産業・観光 村政 行政トップページへ グローバルナビゲーションをスキップ くらし・手続き
30	山江村	一部負担金の減免等について	https://www.vill.yamae.lg.jp/kiji003561/index.html	一部負担金の減免等について / 山江村公式ホームページ ヘッダーをスキップ 本文へジャンプ オープニングへ Languages English 中文(简化字) 中文(繁體字) 한국어 アクセシビリティ くらし・手続き 子育て・教育 健康・福祉 産業・観光 村政 行政トップページへ グローバルナビゲーションをスキップ く
30	山江村	【国民健康保険】そのほかの給付	https://www.vill.yamae.lg.jp/kiji003705/index.html	【国民健康保険】そのほかの給付 / 山江村公式ホームページ ヘッダーをスキップ 本文へジャンプ オープニングへ Languages English 中文(简化字) 中文(繁體字) 한국어 アクセシビリティ くらし・手続き 子育て・教育 健康・福祉 産業・観光 村政 行政トップページへ グローバルナビゲーションをスキップ
30	山江村	国民健康保険について	https://www.vill.yamae.lg.jp/kiji003730/index.html	国民健康保険について / 山江村公式ホームページ ヘッダーをスキップ 本文へジャンプ オープニングへ Languages English 中文(简化字) 中文(繁體字) 한국어 アクセシビリティ くらし・手続き 子育て・教育 健康・福祉 産業・観光 村政 行政トップページへ グローバルナビゲーションをスキップ くらし・
30	山江村	そのほかの給付	https://www.vill.yamae.lg.jp/kiji003558/index.html	そのほかの給付 / 山江村公式ホームページ ヘッダーをスキップ 本文へジャンプ オープニングへ Languages English 中文(简化字) 中文(繁體字) 한국어 アクセシビリティ くらし・手続き 子育て・教育 健康・福祉 産業・観光 村政 行政トップページへ グローバルナビゲーションをスキップ くらし・手続き
30	山江村	保険者機能強化推進交付金・保険者努力支援交付金	https://www.vill.yamae.lg.jp/kiji0031158/index.html	保険者機能強化推進交付金・保険者努力支援交付金 / 山江村公式ホームページ ヘッダーをスキップ 本文へジャンプ オープニングへ Languages English 中文(简化字) 中文(繁體字) 한국어 アクセシビリティ くらし・手続き 子育て・教育 健康・福祉 産業・観光 村政 行政トップページへ グローバルナビゲー
30	山江村	介護事業者（地域密着型サービス及び居宅介護支援事業所）等指定更新申請について	https://www.vill.yamae.lg.jp/kiji003544/index.html	介護事業者（地域密着型サービス及び居宅介護支援事業所）等指定更新申請について / 山江村公式ホームページ ヘッダーをスキップ 本文へジャンプ オープニングへ Languages English 中文(简化字) 中文(繁體字) 한국어 アクセシビリティ くらし・手続き 子育て・教育 健康・福祉 産業・観光 村政 行政トッ
30	山江村	山江村訪問理・美容サービス事業	https://www.vill.yamae.lg.jp/kiji003506/index.html	山江村訪問理・美容サービス事業 / 山江村公式ホームページ ヘッダーをスキップ 本文へジャンプ オープニングへ Languages English 中文(简化字) 中文(繁體字) 한국어 アクセシビリティ くらし・手続き 子育て・教育 健康・福祉 産業・観光 村政 行政トップページへ グローバルナビゲーションをスキップ
30	山江村	後期高齢者医療制度について	https://www.vill.yamae.lg.jp/kiji0031113/index.html	後期高齢者医療制度について / 山江村公式ホームページ ヘッダーをスキップ 本文へジャンプ オープニングへ Languages English 中文(简化字) 中文(繁體字) 한국어 アクセシビリティ くらし・手続き 子育て・教育 健康・福祉 産業・観光 村政 行政トップページへ グローバルナビゲーションをスキップ く
28	山江村	子育て・教育	https://www.vill.yamae.lg.jp/list00102.html	子育て・教育 / 山江村公式ホームページ ヘッダーをスキップ 本文へジャンプ オープニングへ Languages English 中文(简化字) 中文(繁體字) 한국어 アクセシビリティ くらし・手続き 子育て・教育 健康・福祉 産業・観光 村政 行政トップページへ グローバルナビゲーションをスキップ くらし・手続き
28	山江村	健康・福祉	https://www.vill.yamae.lg.jp/list00103.html	健康・福祉 / 山江村公式ホームページ ヘッダーをスキップ 本文へジャンプ オープニングへ Languages English 中文(简化字) 中文(繁體字) 한국어 アクセシビリティ くらし・手続き 子育て・教育 健康・福祉 産業・観光 村政 行政トップページへ グローバルナビゲーションをスキップ くらし・手続き 子
28	山江村	子育て支援（目的別）	https://www.vill.yamae.lg.jp/list00112.html	子育て支援（目的別） / 山江村公式ホームページ ヘッダーをスキップ 本文へジャンプ オープニングへ Languages English 中文(简化字) 中文(繁體字) 한국어 アクセシビリティ くらし・手続き 子育て・教育 健康・福祉 産業・観光 村政 行政トップページへ グローバルナビゲーションをスキップ くらし・
28	山江村	支援制度・手当・助成	https://www.vill.yamae.lg.jp/list00157.html	支援制度・手当・助成 / 山江村公式ホームページ ヘッダーをスキップ 本文へジャンプ オープニングへ Languages English 中文(简化字) 中文(繁體字) 한국어 アクセシビリティ くらし・手続き 子育て・教育 健康・福祉 産業・観光 村政 行政トップページへ グローバルナビゲーションをスキップ くらし・
28	山江村	子育て支援施設	https://www.vill.yamae.lg.jp/list00158.html	子育て支援施設 / 山江村公式ホームページ ヘッダーをスキップ 本文へジャンプ オープニングへ Languages English 中文(简化字) 中文(繁體字) 한국어 アクセシビリティ くらし・手続き 子育て・教育 健康・福祉 産業・観光 村政 行政トップページへ グローバルナビゲーションをスキップ くらし・手続き
28	山江村	子育て支援（年齢別）	https://www.vill.yamae.lg.jp/list00113.html	子育て支援（年齢別） / 山江村公式ホームページ ヘッダーをスキップ 本文へジャンプ オープニングへ Languages English 中文(简化字) 中文(繁體字) 한국어 アクセシビリティ くらし・手続き 子育て・教育 健康・福祉 産業・観光 村政 行政トップページへ グローバルナビゲーションをスキップ くらし・
28	山江村	子育ていざというとき	https://www.vill.yamae.lg.jp/list00114.html	子育ていざというとき / 山江村公式ホームページ ヘッダーをスキップ 本文へジャンプ オープニングへ Languages English 中文(简化字) 中文(繁體字) 한국어 アクセシビリティ くらし・手続き 子育て・教育 健康・福祉 産業・観光 村政 行政トップページへ グローバルナビゲーションをスキップ くらし・
28	山江村	子育て支援窓口	https://www.vill.yamae.lg.jp/list00115.html	子育て支援窓口 / 山江村公式ホームページ ヘッダーをスキップ 本文へジャンプ オープニングへ Languages English 中文(简化字) 中文(繁體字) 한국어 アクセシビリティ くらし・手続き 子育て・教育 健康・福祉 産業・観光 村政 行政トップページへ グローバルナビゲーションをスキップ くらし・手続き
28	山江村	教育	https://www.vill.yamae.lg.jp/list00116.html	教育 / 山江村公式ホームページ ヘッダーをスキップ 本文へジャンプ オープニングへ Languages English 中文(简化字) 中文(繁體字) 한국어 アクセシビリティ くらし・手続き 子育て・教育 健康・福祉 産業・観光 村政 行政トップページへ グローバルナビゲーションをスキップ くらし・手続き 子育て・
28	山江村	学校教育	https://www.vill.yamae.lg.jp/list00173.html	学校教育 / 山江村公式ホームページ ヘッダーをスキップ 本文へジャンプ オープニングへ Languages English 中文(简化字) 中文(繁體字) 한국어 アクセシビリティ くらし・手続き 子育て・教育 健康・福祉 産業・観光 村政 行政トップページへ グローバルナビゲーションをスキップ くらし・手続き 子育
28	山江村	健康・医療	https://www.vill.yamae.lg.jp/list00117.html	健康・医療 / 山江村公式ホームページ ヘッダーをスキップ 本文へジャンプ オープニングへ Languages English 中文(简化字) 中文(繁體字) 한국어 アクセシビリティ くらし・手続き 子育て・教育 健康・福祉 産業・観光 村政 行政トップページへ グローバルナビゲーションをスキップ くらし・手続き 子
28	山江村	医療に関する補助・助成	https://www.vill.yamae.lg.jp/list00178.html	医療に関する補助・助成 / 山江村公式ホームページ ヘッダーをスキップ 本文へジャンプ オープニングへ Languages English 中文(简化字) 中文(繁體字) 한국어 アクセシビリティ くらし・手続き 子育て・教育 健康・福祉 産業・観光 村政 行政トップページへ グローバルナビゲーションをスキップ くらし
28	山江村	福祉	https://www.vill.yamae.lg.jp/list00118.html	福祉 / 山江村公式ホームページ ヘッダーをスキップ 本文へジャンプ オープニングへ Languages English 中文(简化字) 中文(繁體字) 한국어 アクセシビリティ くらし・手続き 子育て・教育 健康・福祉 産業・観光 村政 行政トップページへ グローバルナビゲーションをスキップ くらし・手続き 子育て・
28	山江村	事業者・起業者支援	https://www.vill.yamae.lg.jp/list00195.html	事業者・起業者支援 / 山江村公式ホームページ ヘッダーをスキップ 本文へジャンプ オープニングへ Languages English 中文(简化字) 中文(繁體字) 한국어 アクセシビリティ くらし・手続き 子育て・教育 健康・福祉 産業・観光 村政 行政トップページへ グローバルナビゲーションをスキップ くらし・手
28	山江村	人生のできごとから探す	https://www.vill.yamae.lg.jp/classset003.html	人生のできごとから探す / 山江村公式ホームページ ヘッダーをスキップ 本文へジャンプ オープニングへ Languages English 中文(简化字) 中文(繁體字) 한국어 アクセシビリティ くらし・手続き 子育て・教育 健康・福祉 産業・観光 村政 行政トップページへ グローバルナビゲーションをスキップ くらし
28	山江村	子育て・教育	https://www.vill.yamae.lg.jp/list00502.html	子育て・教育 / 山江村公式ホームページ ヘッダーをスキップ 本文へジャンプ オープニングへ Languages English 中文(简化字) 中文(繁體字) 한국어 アクセシビリティ くらし・手続き 子育て・教育 健康・福祉 産業・観光 村政 行政トップページへ グローバルナビゲーションをスキップ くらし・手続き
28	山江村	健康福祉課	https://www.vill.yamae.lg.jp/list00006.html	健康福祉課 / 山江村公式ホームページ ヘッダーをスキップ 本文へジャンプ オープニングへ Languages English 中文(简化字) 中文(繁體字) 한국어 アクセシビリティ くらし・手続き 子育て・教育 健康・福祉 産業・観光 村政 行政トップページへ グローバルナビゲーションをスキップ くらし・手続き 子
28	山江村	教育委員会	https://www.vill.yamae.lg.jp/list00009.html	教育委員会 / 山江村公式ホームページ ヘッダーをスキップ 本文へジャンプ オープニングへ Languages English 中文(简化字) 中文(繁體字) 한국어 アクセシビリティ くらし・手続き 子育て・教育 健康・福祉 産業・観光 村政 行政トップページへ グローバルナビゲーションをスキップ くらし・手続き 子
28	山江村	子育てこんなときはどうするの？	https://www.vill.yamae.lg.jp/kiji003750/index.html	子育てこんなときはどうするの？ / 山江村公式ホームページ ヘッダーをスキップ 本文へジャンプ オープニングへ Languages English 中文(简化字) 中文(繁體字) 한국어 アクセシビリティ くらし・手続き 子育て・教育 健康・福祉 産業・観光 村政 行政トップページへ グローバルナビゲーションをスキップ
28	山江村	利用者負担額（保育料等）のお知らせ	https://www.vill.yamae.lg.jp/kiji003746/index.html	利用者負担額（保育料等）のお知らせ / 山江村公式ホームページ ヘッダーをスキップ 本文へジャンプ オープニングへ Languages English 中文(简化字) 中文(繁體字) 한국어 アクセシビリティ くらし・手続き 子育て・教育 健康・福祉 産業・観光 村政 行政トップページへ グローバルナビゲーションをスキ
28	山江村	11月05日 山江村ケーブルテレビ民営化に伴う協定書の締結式	https://www.vill.yamae.lg.jp/kiji0031195/index.html	11月05日 山江村ケーブルテレビ民営化に伴う協定書の締結式 / 山江村公式ホームページ ヘッダーをスキップ 本文へジャンプ オープニングへ Languages English 中文(简化字) 中文(繁體字) 한국어 アクセシビリティ くらし・手続き 子育て・教育 健康・福祉 産業・観光 村政 行政トップページへ グロ
28	山江村	口座振替の申込手続きについて	https://www.vill.yamae.lg.jp/kiji003646/index.html	口座振替の申込手続きについて / 山江村公式ホームページ ヘッダーをスキップ 本文へジャンプ オープニングへ Languages English 中文(简化字) 中文(繁體字) 한국어 アクセシビリティ くらし・手続き 子育て・教育 健康・福祉 産業・観光 村政 行政トップページへ グローバルナビゲーションをスキップ
28	山江村	令和2年7月豪雨に係る固定資産税（被災代替家屋）の特例について	https://www.vill.yamae.lg.jp/kiji003483/index.html	令和2年7月豪雨に係る固定資産税（被災代替家屋）の特例について / 山江村公式ホームページ ヘッダーをスキップ 本文へジャンプ オープニングへ Languages English 中文(简化字) 中文(繁體字) 한국어 アクセシビリティ くらし・手続き 子育て・教育 健康・福祉 産業・観光 村政 行政トップページへ グ
28	山江村	消費者トラブル注意報（マルチ商法）	https://www.vill.yamae.lg.jp/kiji00380/index.html	消費者トラブル注意報（マルチ商法） / 山江村公式ホームページ ヘッダーをスキップ 本文へジャンプ オープニングへ Languages English 中文(简化字) 中文(繁體字) 한국어 アクセシビリティ くらし・手続き 子育て・教育 健康・福祉 産業・観光 村政 行政トップページへ グローバルナビゲーションをスキ
28	山江村	子育て関係	https://www.vill.yamae.lg.jp/list00243.html	子育て関係 / 山江村公式ホームページ ヘッダーをスキップ 本文へジャンプ オープニングへ Languages English 中文(简化字) 中文(繁體字) 한국어 アクセシビリティ くらし・手続き 子育て・教育 健康・福祉 産業・観光 村政 行政トップページへ グローバルナビゲーションをスキップ くらし・手続き 子
28	山江村	利用者負担額（保育料等）のお知らせ	https://www.vill.yamae.lg.jp/kiji003170/index.html	利用者負担額（保育料等）のお知らせ / 山江村公式ホームページ ヘッダーをスキップ 本文へジャンプ オープニングへ Languages English 中文(简化字) 中文(繁體字) 한국어 アクセシビリティ くらし・手続き 子育て・教育 健康・福祉 産業・観光 村政 行政トップページへ グローバルナビゲーションをスキ
28	山江村	やまえの子育て支援～成長ろーどまっぷ～を作成しました！	https://www.vill.yamae.lg.jp/kiji0031457/index.html	やまえの子育て支援～成長ろーどまっぷ～を作成しました！ / 山江村公式ホームページ ヘッダーをスキップ 本文へジャンプ オープニングへ Languages English 中文(简化字) 中文(繁體字) 한국어 アクセシビリティ くらし・手続き 子育て・教育 健康・福祉 産業・観光 村政 行政トップページへ グローバル
28	山江村	わいわい公民館事業	https://www.vill.yamae.lg.jp/kiji003751/index.html	わいわい公民館事業 / 山江村公式ホームページ ヘッダーをスキップ 本文へジャンプ オープニングへ Languages English 中文(简化字) 中文(繁體字) 한국어 アクセシビリティ くらし・手続き 子育て・教育 健康・福祉 産業・観光 村政 行政トップページへ グローバルナビゲーションをスキップ くらし・手
28	山江村	山江村鍼灸施療費支給	https://www.vill.yamae.lg.jp/kiji003150/index.html	山江村鍼灸施療費支給 / 山江村公式ホームページ ヘッダーをスキップ 本文へジャンプ オープニングへ Languages English 中文(简化字) 中文(繁體字) 한국어 アクセシビリティ くらし・手続き 子育て・教育 健康・福祉 産業・観光 村政 行政トップページへ グローバルナビゲーションをスキップ くらし・
28	山江村	山江村在宅老人緊急通報装置貸与事業	https://www.vill.yamae.lg.jp/kiji003509/index.html	山江村在宅老人緊急通報装置貸与事業 / 山江村公式ホームページ ヘッダーをスキップ 本文へジャンプ オープニングへ Languages English 中文(简化字) 中文(繁體字) 한국어 アクセシビリティ くらし・手続き 子育て・教育 健康・福祉 産業・観光 村政 行政トップページへ グローバルナビゲーションをスキ
28	山江村	国民年金保険料の免除制度	https://www.vill.yamae.lg.jp/kiji003567/index.html	国民年金保険料の免除制度 / 山江村公式ホームページ ヘッダーをスキップ 本文へジャンプ オープニングへ Languages English 中文(简化字) 中文(繁體字) 한국어 アクセシビリティ くらし・手続き 子育て・教育 健康・福祉 産業・観光 村政 行政トップページへ グローバルナビゲーションをスキップ くら
28	山江村	子どもが生まれたとき	https://www.vill.yamae.lg.jp/kiji0031014/index.html	子どもが生まれたとき / 山江村公式ホームページ ヘッダーをスキップ 本文へジャンプ オープニングへ Languages English 中文(简化字) 中文(繁體字) 한국어 アクセシビリティ くらし・手続き 子育て・教育 健康・福祉 産業・観光 村政 行政トップページへ グローバルナビゲーションをスキップ くらし・
28	山江村	国保の運営のしくみ	https://www.vill.yamae.lg.jp/kiji003549/index.html	国保の運営のしくみ / 山江村公式ホームページ ヘッダーをスキップ 本文へジャンプ オープニングへ Languages English 中文(简化字) 中文(繁體字) 한국어 アクセシビリティ くらし・手続き 子育て・教育 健康・福祉 産業・観光 村政 行政トップページへ グローバルナビゲーションをスキップ くらし・手
28	山江村	海外で治療を受けたとき	https://www.vill.yamae.lg.jp/kiji003557/index.html	海外で治療を受けたとき / 山江村公式ホームページ ヘッダーをスキップ 本文へジャンプ オープニングへ Languages English 中文(简化字) 中文(繁體字) 한국어 アクセシビリティ くらし・手続き 子育て・教育 健康・福祉 産業・観光 村政 行政トップページへ グローバルナビゲーションをスキップ くらし
28	山江村	居宅サービス計画作成依頼（変更）届出書ダウンロード	https://www.vill.yamae.lg.jp/kiji003545/index.html	居宅サービス計画作成依頼（変更）届出書ダウンロード / 山江村公式ホームページ ヘッダーをスキップ 本文へジャンプ オープニングへ Languages English 中文(简化字) 中文(繁體字) 한국어 アクセシビリティ くらし・手続き 子育て・教育 健康・福祉 産業・観光 村政 行政トップページへ グローバルナビ
26	山江村	高齢者支援	https://www.vill.yamae.lg.jp/list00181.html	高齢者支援 / 山江村公式ホームページ ヘッダーをスキップ 本文へジャンプ オープニングへ Languages English 中文(简化字) 中文(繁體字) 한국어 アクセシビリティ くらし・手続き 子育て・教育 健康・福祉 産業・観光 村政 行政トップページへ グローバルナビゲーションをスキップ くらし・手続き 子
26	山江村	障がい者支援	https://www.vill.yamae.lg.jp/list00182.html	障がい者支援 / 山江村公式ホームページ ヘッダーをスキップ 本文へジャンプ オープニングへ Languages English 中文(简化字) 中文(繁體字) 한국어 アクセシビリティ くらし・手続き 子育て・教育 健康・福祉 産業・観光 村政 行政トップページへ グローバルナビゲーションをスキップ くらし・手続き
26	山江村	【企画調整課】公共工事の入札（指名競争入札）に係る設計書の閲覧	https://www.vill.yamae.lg.jp/kiji0031553/index.html	【企画調整課】公共工事の入札（指名競争入札）に係る設計書の閲覧 / 山江村公式ホームページ ヘッダーをスキップ 本文へジャンプ オープニングへ Languages English 中文(简化字) 中文(繁體字) 한국어 アクセシビリティ くらし・手続き 子育て・教育 健康・福祉 産業・観光 村政 行政トップページへ グ
26	山江村	山江中学校多目的教室整備事業の事業者選定に係る一般競争入札の実施について（質疑事項回答）	https://www.vill.yamae.lg.jp/kiji0031603/index.html	山江中学校多目的教室整備事業の事業者選定に係る一般競争入札の実施について（質疑事項回答） / 山江村公式ホームページ ヘッダーをスキップ 本文へジャンプ オープニングへ Languages English 中文(简化字) 中文(繁體字) 한국어 アクセシビリティ くらし・手続き 子育て・教育 健康・福祉 産業・観光 村
26	山江村	山江中学校多目的教室整備事業の事業者選定に係る一般競争入札の実施について	https://www.vill.yamae.lg.jp/kiji0031599/index.html	山江中学校多目的教室整備事業の事業者選定に係る一般競争入札の実施について / 山江村公式ホームページ ヘッダーをスキップ 本文へジャンプ オープニングへ Languages English 中文(简化字) 中文(繁體字) 한국어 アクセシビリティ くらし・手続き 子育て・教育 健康・福祉 産業・観光 村政 行政トップペ
26	山江村	【くまもとアートポリスプロジェクト】山江村公営住宅建替等整備事業 公募型プロポーザル	https://www.vill.yamae.lg.jp/kiji0031588/index.html	【くまもとアートポリスプロジェクト】山江村公営住宅建替等整備事業 公募型プロポーザル / 山江村公式ホームページ ヘッダーをスキップ 本文へジャンプ オープニングへ Languages English 中文(简化字) 中文(繁體字) 한국어 アクセシビリティ くらし・手続き 子育て・教育 健康・福祉 産業・観光 村政
26	山江村	地域版防災マップ	https://www.vill.yamae.lg.jp/kiji003537/index.html	地域版防災マップ / 山江村公式ホームページ ヘッダーをスキップ 本文へジャンプ オープニングへ Languages English 中文(简化字) 中文(繁體字) 한국어 アクセシビリティ くらし・手続き 子育て・教育 健康・福祉 産業・観光 村政 行政トップページへ グローバルナビゲーションをスキップ くらし・手続
26	山江村	固定資産税縦覧制度とは	https://www.vill.yamae.lg.jp/kiji0031524/index.html	固定資産税縦覧制度とは / 山江村公式ホームページ ヘッダーをスキップ 本文へジャンプ オープニングへ Languages English 中文(简化字) 中文(繁體字) 한국어 アクセシビリティ くらし・手続き 子育て・教育 健康・福祉 産業・観光 村政 行政トップページへ グローバルナビゲーションをスキップ くらし
26	山江村	離婚届の様式が変わります（令和8年4月1日から）	https://www.vill.yamae.lg.jp/kiji0031519/index.html	離婚届の様式が変わります（令和8年4月1日から） / 山江村公式ホームページ ヘッダーをスキップ 本文へジャンプ オープニングへ Languages English 中文(简化字) 中文(繁體字) 한국어 アクセシビリティ くらし・手続き 子育て・教育 健康・福祉 産業・観光 村政 行政トップページへ グローバルナビゲ
26	山江村	共同親権に関する民法改正について	https://www.vill.yamae.lg.jp/kiji0031455/index.html	共同親権に関する民法改正について / 山江村公式ホームページ ヘッダーをスキップ 本文へジャンプ オープニングへ Languages English 中文(简化字) 中文(繁體字) 한국어 アクセシビリティ くらし・手続き 子育て・教育 健康・福祉 産業・観光 村政 行政トップページへ グローバルナビゲーションをスキッ
26	山江村	戸籍の氏名に振り仮名が記載されます	https://www.vill.yamae.lg.jp/kiji0031366/index.html	戸籍の氏名に振り仮名が記載されます / 山江村公式ホームページ ヘッダーをスキップ 本文へジャンプ オープニングへ Languages English 中文(简化字) 中文(繁體字) 한국어 アクセシビリティ くらし・手続き 子育て・教育 健康・福祉 産業・観光 村政 行政トップページへ グローバルナビゲーションをスキ
26	山江村	競争入札参加資格の変更届について	https://www.vill.yamae.lg.jp/kiji0031349/index.html	競争入札参加資格の変更届について / 山江村公式ホームページ ヘッダーをスキップ 本文へジャンプ オープニングへ Languages English 中文(简化字) 中文(繁體字) 한국어 アクセシビリティ くらし・手続き 子育て・教育 健康・福祉 産業・観光 村政 行政トップページへ グローバルナビゲーションをスキッ
26	山江村	第1回山江村地域づくりフォーラム開催のご案内	https://www.vill.yamae.lg.jp/kiji0031605/index.html	第1回山江村地域づくりフォーラム開催のご案内 / 山江村公式ホームページ ヘッダーをスキップ 本文へジャンプ オープニングへ Languages English 中文(简化字) 中文(繁體字) 한국어 アクセシビリティ くらし・手続き 子育て・教育 健康・福祉 産業・観光 村政 行政トップページへ グローバルナビゲーシ
26	山江村	地域で広がる笑顔の輪♪七夕飾りづくり🎋	https://www.vill.yamae.lg.jp/kiji0031606/index.html	地域で広がる笑顔の輪♪七夕飾りづくり🎋 / 山江村公式ホームページ ヘッダーをスキップ 本文へジャンプ オープニングへ Languages English 中文(简化字) 中文(繁體字) 한국어 アクセシビリティ くらし・手続き 子育て・教育 健康・福祉 産業・観光 村政 行政トップページへ グローバルナビゲーション
26	山江村	パスポートの申請・交付について	https://www.vill.yamae.lg.jp/kiji0031577/index.html	パスポートの申請・交付について / 山江村公式ホームページ ヘッダーをスキップ 本文へジャンプ オープニングへ Languages English 中文(简化字) 中文(繁體字) 한국어 アクセシビリティ くらし・手続き 子育て・教育 健康・福祉 産業・観光 村政 行政トップページへ グローバルナビゲーションをスキップ
26	山江村	新たに避難所を指定しました	https://www.vill.yamae.lg.jp/kiji0031348/index.html	新たに避難所を指定しました / 山江村公式ホームページ ヘッダーをスキップ 本文へジャンプ オープニングへ Languages English 中文(简化字) 中文(繁體字) 한국어 アクセシビリティ くらし・手続き 子育て・教育 健康・福祉 産業・観光 村政 行政トップページへ グローバルナビゲーションをスキップ く
26	山江村	第2分団準優勝！26年ぶり県大会出場	https://www.vill.yamae.lg.jp/kiji0031607/index.html	第2分団準優勝！26年ぶり県大会出場 / 山江村公式ホームページ ヘッダーをスキップ 本文へジャンプ オープニングへ Languages English 中文(简化字) 中文(繁體字) 한국어 アクセシビリティ くらし・手続き 子育て・教育 健康・福祉 産業・観光 村政 行政トップページへ グローバルナビゲーションをス
26	山江村	楽しく防災！すてっぷ2	https://www.vill.yamae.lg.jp/kiji0031608/index.html	楽しく防災！すてっぷ2 / 山江村公式ホームページ ヘッダーをスキップ 本文へジャンプ オープニングへ Languages English 中文(简化字) 中文(繁體字) 한국어 アクセシビリティ くらし・手続き 子育て・教育 健康・福祉 産業・観光 村政 行政トップページへ グローバルナビゲーションをスキップ くらし
26	山江村	山江村有林林産物販売（2回目）について(一般競争入札)	https://www.vill.yamae.lg.jp/kiji0031595/index.html	山江村有林林産物販売（2回目）について(一般競争入札) / 山江村公式ホームページ ヘッダーをスキップ 本文へジャンプ オープニングへ Languages English 中文(简化字) 中文(繁體字) 한국어 アクセシビリティ くらし・手続き 子育て・教育 健康・福祉 産業・観光 村政 行政トップページへ グローバル
26	山江村	山江村地球温暖化対策実行計画（区域施策編）（案）に対するパブリックコメント（意見募集）の実施について	https://www.vill.yamae.lg.jp/kiji0031515/index.html	山江村地球温暖化対策実行計画（区域施策編）（案）に対するパブリックコメント（意見募集）の実施について / 山江村公式ホームページ ヘッダーをスキップ 本文へジャンプ オープニングへ Languages English 中文(简化字) 中文(繁體字) 한국어 アクセシビリティ くらし・手続き 子育て・教育 健康・福祉 産
26	山江村	「時代の駅むらやくば」指定管理者を募集します	https://www.vill.yamae.lg.jp/kiji0031448/index.html	「時代の駅むらやくば」指定管理者を募集します / 山江村公式ホームページ ヘッダーをスキップ 本文へジャンプ オープニングへ Languages English 中文(简化字) 中文(繁體字) 한국어 アクセシビリティ くらし・手続き 子育て・教育 健康・福祉 産業・観光 村政 行政トップページへ グローバルナビゲーシ
26	山江村	山江村再生可能エネルギー事業実施準備支援業務委託に係る公募型プロポーザルの審査結果について	https://www.vill.yamae.lg.jp/kiji0031410/index.html	山江村再生可能エネルギー事業実施準備支援業務委託に係る公募型プロポーザルの審査結果について / 山江村公式ホームページ ヘッダーをスキップ 本文へジャンプ オープニングへ Languages English 中文(简化字) 中文(繁體字) 한국어 アクセシビリティ くらし・手続き 子育て・教育 健康・福祉 産業・観光
26	山江村	［令和7年10月22日更新］令和7年度山江村再生可能エネルギー事業実施準備支援業務委託に係る公募型プロポーザル参加募集について	https://www.vill.yamae.lg.jp/kiji0031411/index.html	［令和7年10月22日更新］令和7年度山江村再生可能エネルギー事業実施準備支援業務委託に係る公募型プロポーザル参加募集について / 山江村公式ホームページ ヘッダーをスキップ 本文へジャンプ オープニングへ Languages English 中文(简化字) 中文(繁體字) 한국어 アクセシビリティ くらし・手続き 子
26	山江村	［令和7年6月24日更新］令和7年度山江村小水力発電可能性調査業務委託に係る公募型プロポーザル参加募集について	https://www.vill.yamae.lg.jp/kiji0031334/index.html	［令和7年6月24日更新］令和7年度山江村小水力発電可能性調査業務委託に係る公募型プロポーザル参加募集について / 山江村公式ホームページ ヘッダーをスキップ 本文へジャンプ オープニングへ Languages English 中文(简化字) 中文(繁體字) 한국어 アクセシビリティ くらし・手続き 子育て・教育 健康
26	山江村	山江村再生可能エネルギーゾーニング計画（案）に対するパブリックコメント（意見募集）の結果について	https://www.vill.yamae.lg.jp/kiji0031294/index.html	山江村再生可能エネルギーゾーニング計画（案）に対するパブリックコメント（意見募集）の結果について / 山江村公式ホームページ ヘッダーをスキップ 本文へジャンプ オープニングへ Languages English 中文(简化字) 中文(繁體字) 한국어 アクセシビリティ くらし・手続き 子育て・教育 健康・福祉 産業・
26	山江村	祝・認定！「やまえのまんま」健康ランチ	https://www.vill.yamae.lg.jp/kiji0031582/index.html	祝・認定！「やまえのまんま」健康ランチ / 山江村公式ホームページ ヘッダーをスキップ 本文へジャンプ オープニングへ Languages English 中文(简化字) 中文(繁體字) 한국어 アクセシビリティ くらし・手続き 子育て・教育 健康・福祉 産業・観光 村政 行政トップページへ グローバルナビゲーションを
26	山江村	山江村第4期男女共同参画基本計画を策定しました	https://www.vill.yamae.lg.jp/kiji0031562/index.html	山江村第4期男女共同参画基本計画を策定しました / 山江村公式ホームページ ヘッダーをスキップ 本文へジャンプ オープニングへ Languages English 中文(简化字) 中文(繁體字) 한국어 アクセシビリティ くらし・手続き 子育て・教育 健康・福祉 産業・観光 村政 行政トップページへ グローバルナビゲー
26	山江村	第12回トキの朝市開催	https://www.vill.yamae.lg.jp/kiji0031581/index.html	第12回トキの朝市開催 / 山江村公式ホームページ ヘッダーをスキップ 本文へジャンプ オープニングへ Languages English 中文(简化字) 中文(繁體字) 한국어 アクセシビリティ くらし・手続き 子育て・教育 健康・福祉 産業・観光 村政 行政トップページへ グローバルナビゲーションをスキップ くらし
26	山江村	ポンプ操法大会 第2分団が2連覇	https://www.vill.yamae.lg.jp/kiji0031580/index.html	ポンプ操法大会 第2分団が2連覇 / 山江村公式ホームページ ヘッダーをスキップ 本文へジャンプ オープニングへ Languages English 中文(简化字) 中文(繁體字) 한국어 アクセシビリティ くらし・手続き 子育て・教育 健康・福祉 産業・観光 村政 行政トップページへ グローバルナビゲーションをスキッ
26	山江村	長崎県対馬市と「友好都市協定」を締結しました！	https://www.vill.yamae.lg.jp/kiji0031555/index.html	長崎県対馬市と「友好都市協定」を締結しました！ / 山江村公式ホームページ ヘッダーをスキップ 本文へジャンプ オープニングへ Languages English 中文(简化字) 中文(繁體字) 한국어 アクセシビリティ くらし・手続き 子育て・教育 健康・福祉 産業・観光 村政 行政トップページへ グローバルナビゲー
26	山江村	笑顔満開！「やまえつつじ祭」	https://www.vill.yamae.lg.jp/kiji0031559/index.html	笑顔満開！「やまえつつじ祭」 / 山江村公式ホームページ ヘッダーをスキップ 本文へジャンプ オープニングへ Languages English 中文(简化字) 中文(繁體字) 한국어 アクセシビリティ くらし・手続き 子育て・教育 健康・福祉 産業・観光 村政 行政トップページへ グローバルナビゲーションをスキップ
26	山江村	やまえdeひなまつり	https://www.vill.yamae.lg.jp/kiji0031534/index.html	やまえdeひなまつり / 山江村公式ホームページ ヘッダーをスキップ 本文へジャンプ オープニングへ Languages English 中文(简化字) 中文(繁體字) 한국어 アクセシビリティ くらし・手続き 子育て・教育 健康・福祉 産業・観光 村政 行政トップページへ グローバルナビゲーションをスキップ くらし・
26	山江村	電子申請・手続き	https://www.vill.yamae.lg.jp/dynamic/hpkiji/pub/shinsei.aspx?c_id=3	電子申請・手続き / 山江村公式ホームページ ヘッダーをスキップ 本文へジャンプ オープニングへ Languages English 中文(简化字) 中文(繁體字) 한국어 アクセシビリティ くらし・手続き 子育て・教育 健康・福祉 産業・観光 村政 行政トップページへ グローバルナビゲーションをスキップ くらし・手続
26	山江村	国土利用法に基づく土地売買等届出	https://www.vill.yamae.lg.jp/kiji0031046/index.html	国土利用法に基づく土地売買等届出 / 山江村公式ホームページ ヘッダーをスキップ 本文へジャンプ オープニングへ Languages English 中文(简化字) 中文(繁體字) 한국어 アクセシビリティ くらし・手続き 子育て・教育 健康・福祉 産業・観光 村政 行政トップページへ グローバルナビゲーションをスキッ
26	山江村	山江村新型インフルエンザ等対策行動計画の全面改定について	https://www.vill.yamae.lg.jp/kiji0031518/index.html	山江村新型インフルエンザ等対策行動計画の全面改定について / 山江村公式ホームページ ヘッダーをスキップ 本文へジャンプ オープニングへ Languages English 中文(简化字) 中文(繁體字) 한국어 アクセシビリティ くらし・手続き 子育て・教育 健康・福祉 産業・観光 村政 行政トップページへ グローバ
26	山江村	個人住民税の電子申告ができます	https://www.vill.yamae.lg.jp/kiji0031467/index.html	個人住民税の電子申告ができます / 山江村公式ホームページ ヘッダーをスキップ 本文へジャンプ オープニングへ Languages English 中文(简化字) 中文(繁體字) 한국어 アクセシビリティ くらし・手続き 子育て・教育 健康・福祉 産業・観光 村政 行政トップページへ グローバルナビゲーションをスキップ
26	山江村	山江村LINE公式アカウントを開設しました	https://www.vill.yamae.lg.jp/kiji0031394/index.html	山江村LINE公式アカウントを開設しました / 山江村公式ホームページ ヘッダーをスキップ 本文へジャンプ オープニングへ Languages English 中文(简化字) 中文(繁體字) 한국어 アクセシビリティ くらし・手続き 子育て・教育 健康・福祉 産業・観光 村政 行政トップページへ グローバルナビゲーショ
26	山江村	固定資産課税台帳（名寄帳）について	https://www.vill.yamae.lg.jp/kiji0031388/index.html	固定資産課税台帳（名寄帳）について / 山江村公式ホームページ ヘッダーをスキップ 本文へジャンプ オープニングへ Languages English 中文(简化字) 中文(繁體字) 한국어 アクセシビリティ くらし・手続き 子育て・教育 健康・福祉 産業・観光 村政 行政トップページへ グローバルナビゲーションをスキ
26	山江村	戸籍の交付請求について	https://www.vill.yamae.lg.jp/kiji003987/index.html	戸籍の交付請求について / 山江村公式ホームページ ヘッダーをスキップ 本文へジャンプ オープニングへ Languages English 中文(简化字) 中文(繁體字) 한국어 アクセシビリティ くらし・手続き 子育て・教育 健康・福祉 産業・観光 村政 行政トップページへ グローバルナビゲーションをスキップ くらし
26	山江村	戸籍証明書等の広域交付について	https://www.vill.yamae.lg.jp/kiji003988/index.html	戸籍証明書等の広域交付について / 山江村公式ホームページ ヘッダーをスキップ 本文へジャンプ オープニングへ Languages English 中文(简化字) 中文(繁體字) 한국어 アクセシビリティ くらし・手続き 子育て・教育 健康・福祉 産業・観光 村政 行政トップページへ グローバルナビゲーションをスキップ
26	山江村	印鑑登録及び印鑑登録証明書の請求について	https://www.vill.yamae.lg.jp/kiji003991/index.html	印鑑登録及び印鑑登録証明書の請求について / 山江村公式ホームページ ヘッダーをスキップ 本文へジャンプ オープニングへ Languages English 中文(简化字) 中文(繁體字) 한국어 アクセシビリティ くらし・手続き 子育て・教育 健康・福祉 産業・観光 村政 行政トップページへ グローバルナビゲーション
26	山江村	無戸籍でお困りの方へ	https://www.vill.yamae.lg.jp/kiji0031005/index.html	無戸籍でお困りの方へ / 山江村公式ホームページ ヘッダーをスキップ 本文へジャンプ オープニングへ Languages English 中文(简化字) 中文(繁體字) 한국어 アクセシビリティ くらし・手続き 子育て・教育 健康・福祉 産業・観光 村政 行政トップページへ グローバルナビゲーションをスキップ くらし・
26	山江村	山江村空家等対策計画について	https://www.vill.yamae.lg.jp/kiji003948/index.html	山江村空家等対策計画について / 山江村公式ホームページ ヘッダーをスキップ 本文へジャンプ オープニングへ Languages English 中文(简化字) 中文(繁體字) 한국어 アクセシビリティ くらし・手続き 子育て・教育 健康・福祉 産業・観光 村政 行政トップページへ グローバルナビゲーションをスキップ
26	山江村	すまいるカフェに参加しませんか？	https://www.vill.yamae.lg.jp/kiji0031602/index.html	すまいるカフェに参加しませんか？ / 山江村公式ホームページ ヘッダーをスキップ 本文へジャンプ オープニングへ Languages English 中文(简化字) 中文(繁體字) 한국어 アクセシビリティ くらし・手続き 子育て・教育 健康・福祉 産業・観光 村政 行政トップページへ グローバルナビゲーションをスキッ
26	山江村	子育てサロンについて	https://www.vill.yamae.lg.jp/kiji003965/index.html	子育てサロンについて / 山江村公式ホームページ ヘッダーをスキップ 本文へジャンプ オープニングへ Languages English 中文(简化字) 中文(繁體字) 한국어 アクセシビリティ くらし・手続き 子育て・教育 健康・福祉 産業・観光 村政 行政トップページへ グローバルナビゲーションをスキップ くらし・
26	山江村	母子健康手帳交付について	https://www.vill.yamae.lg.jp/kiji0031311/index.html	母子健康手帳交付について / 山江村公式ホームページ ヘッダーをスキップ 本文へジャンプ オープニングへ Languages English 中文(简化字) 中文(繁體字) 한국어 アクセシビリティ くらし・手続き 子育て・教育 健康・福祉 産業・観光 村政 行政トップページへ グローバルナビゲーションをスキップ くら
26	山江村	ほっと子育て相談	https://www.vill.yamae.lg.jp/kiji0031318/index.html	ほっと子育て相談 / 山江村公式ホームページ ヘッダーをスキップ 本文へジャンプ オープニングへ Languages English 中文(简化字) 中文(繁體字) 한국어 アクセシビリティ くらし・手続き 子育て・教育 健康・福祉 産業・観光 村政 行政トップページへ グローバルナビゲーションをスキップ くらし・手続
26	山江村	産後ケア事業	https://www.vill.yamae.lg.jp/kiji0031138/index.html	産後ケア事業 / 山江村公式ホームページ ヘッダーをスキップ 本文へジャンプ オープニングへ Languages English 中文(简化字) 中文(繁體字) 한국어 アクセシビリティ くらし・手続き 子育て・教育 健康・福祉 産業・観光 村政 行政トップページへ グローバルナビゲーションをスキップ くらし・手続き
26	山江村	山江村病児・病後児保育事業	https://www.vill.yamae.lg.jp/kiji003169/index.html	山江村病児・病後児保育事業 / 山江村公式ホームページ ヘッダーをスキップ 本文へジャンプ オープニングへ Languages English 中文(简化字) 中文(繁體字) 한국어 アクセシビリティ くらし・手続き 子育て・教育 健康・福祉 産業・観光 村政 行政トップページへ グローバルナビゲーションをスキップ く
26	山江村	7月28日は世界（日本）肝炎デー	https://www.vill.yamae.lg.jp/kiji0031543/index.html	7月28日は世界（日本）肝炎デー / 山江村公式ホームページ ヘッダーをスキップ 本文へジャンプ オープニングへ Languages English 中文(简化字) 中文(繁體字) 한국어 アクセシビリティ くらし・手続き 子育て・教育 健康・福祉 産業・観光 村政 行政トップページへ グローバルナビゲーションをスキッ
26	山江村	高齢者の肺炎球菌感染症定期接種について	https://www.vill.yamae.lg.jp/kiji0031290/index.html	高齢者の肺炎球菌感染症定期接種について / 山江村公式ホームページ ヘッダーをスキップ 本文へジャンプ オープニングへ Languages English 中文(简化字) 中文(繁體字) 한국어 アクセシビリティ くらし・手続き 子育て・教育 健康・福祉 産業・観光 村政 行政トップページへ グローバルナビゲーションを
26	山江村	令和7年度高齢者インフルエンザ予防接種について	https://www.vill.yamae.lg.jp/kiji0031396/index.html	令和7年度高齢者インフルエンザ予防接種について / 山江村公式ホームページ ヘッダーをスキップ 本文へジャンプ オープニングへ Languages English 中文(简化字) 中文(繁體字) 한국어 アクセシビリティ くらし・手続き 子育て・教育 健康・福祉 産業・観光 村政 行政トップページへ グローバルナビゲー
26	山江村	旧優生保護法にかかる補償金等の受付について	https://www.vill.yamae.lg.jp/kiji0031298/index.html	旧優生保護法にかかる補償金等の受付について / 山江村公式ホームページ ヘッダーをスキップ 本文へジャンプ オープニングへ Languages English 中文(简化字) 中文(繁體字) 한국어 アクセシビリティ くらし・手続き 子育て・教育 健康・福祉 産業・観光 村政 行政トップページへ グローバルナビゲーショ
26	山江村	山江村第9期高齢者福祉計画及び介護保険事業計画を策定しました。	https://www.vill.yamae.lg.jp/kiji0031047/index.html	山江村第9期高齢者福祉計画及び介護保険事業計画を策定しました。 / 山江村公式ホームページ ヘッダーをスキップ 本文へジャンプ オープニングへ Languages English 中文(简化字) 中文(繁體字) 한국어 アクセシビリティ くらし・手続き 子育て・教育 健康・福祉 産業・観光 村政 行政トップページへ グ
26	山江村	山江村福祉保健センター「健康の駅」	https://www.vill.yamae.lg.jp/kiji003815/index.html	山江村福祉保健センター「健康の駅」 / 山江村公式ホームページ ヘッダーをスキップ 本文へジャンプ オープニングへ Languages English 中文(简化字) 中文(繁體字) 한국어 アクセシビリティ くらし・手続き 子育て・教育 健康・福祉 産業・観光 村政 行政トップページへ グローバルナビゲーションをスキ
26	山江村	山江村福祉保健センター「健康の駅」	https://www.vill.yamae.lg.jp/kiji003760/index.html	山江村福祉保健センター「健康の駅」 / 山江村公式ホームページ ヘッダーをスキップ 本文へジャンプ オープニングへ Languages English 中文(简化字) 中文(繁體字) 한국어 アクセシビリティ くらし・手続き 子育て・教育 健康・福祉 産業・観光 村政 行政トップページへ グローバルナビゲーションをスキ
26	山江村	やまえGREENフォトコンテスト作品募集	https://www.vill.yamae.lg.jp/kiji0031520/index.html	やまえGREENフォトコンテスト作品募集 / 山江村公式ホームページ ヘッダーをスキップ 本文へジャンプ オープニングへ Languages English 中文(简化字) 中文(繁體字) 한국어 アクセシビリティ くらし・手続き 子育て・教育 健康・福祉 産業・観光 村政 行政トップページへ グローバルナビゲーション
26	山江村	山江村森林整備計画の変更について（R5.4.1～R15.3.31）	https://www.vill.yamae.lg.jp/kiji003380/index.html	山江村森林整備計画の変更について（R5.4.1～R15.3.31） / 山江村公式ホームページ ヘッダーをスキップ 本文へジャンプ オープニングへ Languages English 中文(简化字) 中文(繁體字) 한국어 アクセシビリティ くらし・手続き 子育て・教育 健康・福祉 産業・観光 村政 行政トップページへ
26	山江村	令和6年度分森林環境譲与税の使途公表について	https://www.vill.yamae.lg.jp/kiji003389/index.html	令和6年度分森林環境譲与税の使途公表について / 山江村公式ホームページ ヘッダーをスキップ 本文へジャンプ オープニングへ Languages English 中文(简化字) 中文(繁體字) 한국어 アクセシビリティ くらし・手続き 子育て・教育 健康・福祉 産業・観光 村政 行政トップページへ グローバルナビゲーシ
26	山江村	多面的機能発揮促進事業に関する計画を認定しました	https://www.vill.yamae.lg.jp/kiji0031222/index.html	多面的機能発揮促進事業に関する計画を認定しました / 山江村公式ホームページ ヘッダーをスキップ 本文へジャンプ オープニングへ Languages English 中文(简化字) 中文(繁體字) 한국어 アクセシビリティ くらし・手続き 子育て・教育 健康・福祉 産業・観光 村政 行政トップページへ グローバルナビゲ
26	山江村	スクミリンゴガイの対策について	https://www.vill.yamae.lg.jp/kiji0031212/index.html	スクミリンゴガイの対策について / 山江村公式ホームページ ヘッダーをスキップ 本文へジャンプ オープニングへ Languages English 中文(简化字) 中文(繁體字) 한국어 アクセシビリティ くらし・手続き 子育て・教育 健康・福祉 産業・観光 村政 行政トップページへ グローバルナビゲーションをスキップ
26	山江村	薬草栽培をはじめませんか	https://www.vill.yamae.lg.jp/kiji0031136/index.html	薬草栽培をはじめませんか / 山江村公式ホームページ ヘッダーをスキップ 本文へジャンプ オープニングへ Languages English 中文(简化字) 中文(繁體字) 한국어 アクセシビリティ くらし・手続き 子育て・教育 健康・福祉 産業・観光 村政 行政トップページへ グローバルナビゲーションをスキップ くら
26	山江村	やまえ栗まつり	https://www.vill.yamae.lg.jp/kiji0031174/index.html	やまえ栗まつり / 山江村公式ホームページ ヘッダーをスキップ 本文へジャンプ オープニングへ Languages English 中文(简化字) 中文(繁體字) 한국어 アクセシビリティ くらし・手続き 子育て・教育 健康・福祉 産業・観光 村政 行政トップページへ グローバルナビゲーションをスキップ くらし・手続き
26	山江村	山江村の関連リンク	https://www.vill.yamae.lg.jp/kiji0031032/index.html	山江村の関連リンク / 山江村公式ホームページ ヘッダーをスキップ 本文へジャンプ オープニングへ Languages English 中文(简化字) 中文(繁體字) 한국어 アクセシビリティ くらし・手続き 子育て・教育 健康・福祉 産業・観光 村政 行政トップページへ グローバルナビゲーションをスキップ くらし・手
26	山江村	身体障害者手帳死亡返還届・精神障害者保健福祉手帳返還届のオンライン手続きの導入について	https://www.vill.yamae.lg.jp/kiji0031521/index.html	身体障害者手帳死亡返還届・精神障害者保健福祉手帳返還届のオンライン手続きの導入について / 山江村公式ホームページ ヘッダーをスキップ 本文へジャンプ オープニングへ Languages English 中文(简化字) 中文(繁體字) 한국어 アクセシビリティ くらし・手続き 子育て・教育 健康・福祉 産業・観光 村政
26	山江村	村営住宅関係申請書及び特定公共賃貸住宅関係申請書	https://www.vill.yamae.lg.jp/kiji0031165/index.html	村営住宅関係申請書及び特定公共賃貸住宅関係申請書 / 山江村公式ホームページ ヘッダーをスキップ 本文へジャンプ オープニングへ Languages English 中文(简化字) 中文(繁體字) 한국어 アクセシビリティ くらし・手続き 子育て・教育 健康・福祉 産業・観光 村政 行政トップページへ グローバルナビゲ
26	山江村	戸籍・住民票等の郵送による交付請求について	https://www.vill.yamae.lg.jp/kiji003975/index.html	戸籍・住民票等の郵送による交付請求について / 山江村公式ホームページ ヘッダーをスキップ 本文へジャンプ オープニングへ Languages English 中文(简化字) 中文(繁體字) 한국어 アクセシビリティ くらし・手続き 子育て・教育 健康・福祉 産業・観光 村政 行政トップページへ グローバルナビゲーショ
26	山江村	住民票の交付請求について	https://www.vill.yamae.lg.jp/kiji003974/index.html	住民票の交付請求について / 山江村公式ホームページ ヘッダーをスキップ 本文へジャンプ オープニングへ Languages English 中文(简化字) 中文(繁體字) 한국어 アクセシビリティ くらし・手続き 子育て・教育 健康・福祉 産業・観光 村政 行政トップページへ グローバルナビゲーションをスキップ くら
26	山江村	各種証明の申請書	https://www.vill.yamae.lg.jp/kiji003637/index.html	各種証明の申請書 / 山江村公式ホームページ ヘッダーをスキップ 本文へジャンプ オープニングへ Languages English 中文(简化字) 中文(繁體字) 한국어 アクセシビリティ くらし・手続き 子育て・教育 健康・福祉 産業・観光 村政 行政トップページへ グローバルナビゲーションをスキップ くらし・手続
26	山江村	車検用軽自動車税納税証明の申請書	https://www.vill.yamae.lg.jp/kiji003618/index.html	車検用軽自動車税納税証明の申請書 / 山江村公式ホームページ ヘッダーをスキップ 本文へジャンプ オープニングへ Languages English 中文(简化字) 中文(繁體字) 한국어 アクセシビリティ くらし・手続き 子育て・教育 健康・福祉 産業・観光 村政 行政トップページへ グローバルナビゲーションをスキッ
26	山江村	郵送で証明書を申請する方法	https://www.vill.yamae.lg.jp/kiji003634/index.html	郵送で証明書を申請する方法 / 山江村公式ホームページ ヘッダーをスキップ 本文へジャンプ オープニングへ Languages English 中文(简化字) 中文(繁體字) 한국어 アクセシビリティ くらし・手続き 子育て・教育 健康・福祉 産業・観光 村政 行政トップページへ グローバルナビゲーションをスキップ く
26	山江村	各種証明書発行手数料について	https://www.vill.yamae.lg.jp/kiji003635/index.html	各種証明書発行手数料について / 山江村公式ホームページ ヘッダーをスキップ 本文へジャンプ オープニングへ Languages English 中文(简化字) 中文(繁體字) 한국어 アクセシビリティ くらし・手続き 子育て・教育 健康・福祉 産業・観光 村政 行政トップページへ グローバルナビゲーションをスキップ
26	山江村	土地情報及び地図等の取得手数料について	https://www.vill.yamae.lg.jp/kiji003636/index.html	土地情報及び地図等の取得手数料について / 山江村公式ホームページ ヘッダーをスキップ 本文へジャンプ オープニングへ Languages English 中文(简化字) 中文(繁體字) 한국어 アクセシビリティ くらし・手続き 子育て・教育 健康・福祉 産業・観光 村政 行政トップページへ グローバルナビゲーションを
26	山江村	マイナンバーカードについて	https://www.vill.yamae.lg.jp/kiji003968/index.html	マイナンバーカードについて / 山江村公式ホームページ ヘッダーをスキップ 本文へジャンプ オープニングへ Languages English 中文(简化字) 中文(繁體字) 한국어 アクセシビリティ くらし・手続き 子育て・教育 健康・福祉 産業・観光 村政 行政トップページへ グローバルナビゲーションをスキップ く
26	山江村	マイナンバーカードに搭載された電子証明書の更新について	https://www.vill.yamae.lg.jp/kiji003119/index.html	マイナンバーカードに搭載された電子証明書の更新について / 山江村公式ホームページ ヘッダーをスキップ 本文へジャンプ オープニングへ Languages English 中文(简化字) 中文(繁體字) 한국어 アクセシビリティ くらし・手続き 子育て・教育 健康・福祉 産業・観光 村政 行政トップページへ グローバル
26	山江村	パスポートの申請・交付について	https://www.vill.yamae.lg.jp/kiji003967/index.html	パスポートの申請・交付について / 山江村公式ホームページ ヘッダーをスキップ 本文へジャンプ オープニングへ Languages English 中文(简化字) 中文(繁體字) 한국어 アクセシビリティ くらし・手続き 子育て・教育 健康・福祉 産業・観光 村政 行政トップページへ グローバルナビゲーションをスキップ
26	山江村	パスポートの申請・交付の窓口について	https://www.vill.yamae.lg.jp/kiji003593/index.html	パスポートの申請・交付の窓口について / 山江村公式ホームページ ヘッダーをスキップ 本文へジャンプ オープニングへ Languages English 中文(简化字) 中文(繁體字) 한국어 アクセシビリティ くらし・手続き 子育て・教育 健康・福祉 産業・観光 村政 行政トップページへ グローバルナビゲーションをス
26	山江村	記帳・帳簿等の保存制度について	https://www.vill.yamae.lg.jp/kiji003951/index.html	記帳・帳簿等の保存制度について / 山江村公式ホームページ ヘッダーをスキップ 本文へジャンプ オープニングへ Languages English 中文(简化字) 中文(繁體字) 한국어 アクセシビリティ くらし・手続き 子育て・教育 健康・福祉 産業・観光 村政 行政トップページへ グローバルナビゲーションをスキップ
26	山江村	村税は納期限内に納付を	https://www.vill.yamae.lg.jp/kiji003644/index.html	村税は納期限内に納付を / 山江村公式ホームページ ヘッダーをスキップ 本文へジャンプ オープニングへ Languages English 中文(简化字) 中文(繁體字) 한국어 アクセシビリティ くらし・手続き 子育て・教育 健康・福祉 産業・観光 村政 行政トップページへ グローバルナビゲーションをスキップ くらし
26	山江村	特定小型原動機付自転車（電動キックボード等）の標識を交付します。	https://www.vill.yamae.lg.jp/kiji003469/index.html	特定小型原動機付自転車（電動キックボード等）の標識を交付します。 / 山江村公式ホームページ ヘッダーをスキップ 本文へジャンプ オープニングへ Languages English 中文(简化字) 中文(繁體字) 한국어 アクセシビリティ くらし・手続き 子育て・教育 健康・福祉 産業・観光 村政 行政トップページへ
26	山江村	山江村債権管理条例	https://www.vill.yamae.lg.jp/kiji003639/index.html	山江村債権管理条例 / 山江村公式ホームページ ヘッダーをスキップ 本文へジャンプ オープニングへ Languages English 中文(简化字) 中文(繁體字) 한국어 アクセシビリティ くらし・手続き 子育て・教育 健康・福祉 産業・観光 村政 行政トップページへ グローバルナビゲーションをスキップ くらし・手
26	山江村	国民健康保険税の特別徴収から口座振替への変更について	https://www.vill.yamae.lg.jp/kiji003502/index.html	国民健康保険税の特別徴収から口座振替への変更について / 山江村公式ホームページ ヘッダーをスキップ 本文へジャンプ オープニングへ Languages English 中文(简化字) 中文(繁體字) 한국어 アクセシビリティ くらし・手続き 子育て・教育 健康・福祉 産業・観光 村政 行政トップページへ グローバルナ
26	山江村	医療費控除について	https://www.vill.yamae.lg.jp/kiji003623/index.html	医療費控除について / 山江村公式ホームページ ヘッダーをスキップ 本文へジャンプ オープニングへ Languages English 中文(简化字) 中文(繁體字) 한국어 アクセシビリティ くらし・手続き 子育て・教育 健康・福祉 産業・観光 村政 行政トップページへ グローバルナビゲーションをスキップ くらし・手
26	山江村	非自発的失業者の方へ	https://www.vill.yamae.lg.jp/kiji003625/index.html	非自発的失業者の方へ / 山江村公式ホームページ ヘッダーをスキップ 本文へジャンプ オープニングへ Languages English 中文(简化字) 中文(繁體字) 한국어 アクセシビリティ くらし・手続き 子育て・教育 健康・福祉 産業・観光 村政 行政トップページへ グローバルナビゲーションをスキップ くらし・
26	山江村	講演会「山江村ゼロカーボンシティを目指して！」	https://www.vill.yamae.lg.jp/kiji0031168/index.html	講演会「山江村ゼロカーボンシティを目指して！」 / 山江村公式ホームページ ヘッダーをスキップ 本文へジャンプ オープニングへ Languages English 中文(简化字) 中文(繁體字) 한국어 アクセシビリティ くらし・手続き 子育て・教育 健康・福祉 産業・観光 村政 行政トップページへ グローバルナビゲー
26	山江村	オオキンケイギクについてお知らせ	https://www.vill.yamae.lg.jp/kiji0031094/index.html	オオキンケイギクについてお知らせ / 山江村公式ホームページ ヘッダーをスキップ 本文へジャンプ オープニングへ Languages English 中文(简化字) 中文(繁體字) 한국어 アクセシビリティ くらし・手続き 子育て・教育 健康・福祉 産業・観光 村政 行政トップページへ グローバルナビゲーションをスキッ
26	山江村	家電4品目（テレビ、冷凍庫・冷蔵庫、洗濯機・衣類乾燥機、エアコン）の処分について	https://www.vill.yamae.lg.jp/kiji00364/index.html	家電4品目（テレビ、冷凍庫・冷蔵庫、洗濯機・衣類乾燥機、エアコン）の処分について / 山江村公式ホームページ ヘッダーをスキップ 本文へジャンプ オープニングへ Languages English 中文(简化字) 中文(繁體字) 한국어 アクセシビリティ くらし・手続き 子育て・教育 健康・福祉 産業・観光 村政 行政
26	山江村	「ご当地暮らしのお金ナビ」に掲載されました！	https://www.vill.yamae.lg.jp/kiji0031453/index.html	「ご当地暮らしのお金ナビ」に掲載されました！ / 山江村公式ホームページ ヘッダーをスキップ 本文へジャンプ オープニングへ Languages English 中文(简化字) 中文(繁體字) 한국어 アクセシビリティ くらし・手続き 子育て・教育 健康・福祉 産業・観光 村政 行政トップページへ グローバルナビゲーシ
26	山江村	山江村建築物耐震改修促進計画	https://www.vill.yamae.lg.jp/kiji003837/index.html	山江村建築物耐震改修促進計画 / 山江村公式ホームページ ヘッダーをスキップ 本文へジャンプ オープニングへ Languages English 中文(简化字) 中文(繁體字) 한국어 アクセシビリティ くらし・手続き 子育て・教育 健康・福祉 産業・観光 村政 行政トップページへ グローバルナビゲーションをスキップ
26	山江村	住まいのエンディングノート	https://www.vill.yamae.lg.jp/kiji0031108/index.html	住まいのエンディングノート / 山江村公式ホームページ ヘッダーをスキップ 本文へジャンプ オープニングへ Languages English 中文(简化字) 中文(繁體字) 한국어 アクセシビリティ くらし・手続き 子育て・教育 健康・福祉 産業・観光 村政 行政トップページへ グローバルナビゲーションをスキップ く
26	山江村	一定面積以上の土地取引には、届出が必要です。	https://www.vill.yamae.lg.jp/kiji003234/index.html	一定面積以上の土地取引には、届出が必要です。 / 山江村公式ホームページ ヘッダーをスキップ 本文へジャンプ オープニングへ Languages English 中文(简化字) 中文(繁體字) 한국어 アクセシビリティ くらし・手続き 子育て・教育 健康・福祉 産業・観光 村政 行政トップページへ グローバルナビゲーシ
26	山江村	道路上に張り出している樹木・竹林伐採のお願い	https://www.vill.yamae.lg.jp/kiji003573/index.html	道路上に張り出している樹木・竹林伐採のお願い / 山江村公式ホームページ ヘッダーをスキップ 本文へジャンプ オープニングへ Languages English 中文(简化字) 中文(繁體字) 한국어 アクセシビリティ くらし・手続き 子育て・教育 健康・福祉 産業・観光 村政 行政トップページへ グローバルナビゲーシ
26	山江村	公営企業会計業務状況報告	https://www.vill.yamae.lg.jp/kiji0031209/index.html	公営企業会計業務状況報告 / 山江村公式ホームページ ヘッダーをスキップ 本文へジャンプ オープニングへ Languages English 中文(简化字) 中文(繁體字) 한국어 アクセシビリティ くらし・手続き 子育て・教育 健康・福祉 産業・観光 村政 行政トップページへ グローバルナビゲーションをスキップ くら
26	山江村	公営企業会計決算	https://www.vill.yamae.lg.jp/kiji0031393/index.html	公営企業会計決算 / 山江村公式ホームページ ヘッダーをスキップ 本文へジャンプ オープニングへ Languages English 中文(简化字) 中文(繁體字) 한국어 アクセシビリティ くらし・手続き 子育て・教育 健康・福祉 産業・観光 村政 行政トップページへ グローバルナビゲーションをスキップ くらし・手続
26	山江村	山江村農業集落排水事業経営戦略	https://www.vill.yamae.lg.jp/kiji003970/index.html	山江村農業集落排水事業経営戦略 / 山江村公式ホームページ ヘッダーをスキップ 本文へジャンプ オープニングへ Languages English 中文(简化字) 中文(繁體字) 한국어 アクセシビリティ くらし・手続き 子育て・教育 健康・福祉 産業・観光 村政 行政トップページへ グローバルナビゲーションをスキップ
26	山江村	簡易水道事業及び農業集落排水事業の加入について	https://www.vill.yamae.lg.jp/kiji003723/index.html	簡易水道事業及び農業集落排水事業の加入について / 山江村公式ホームページ ヘッダーをスキップ 本文へジャンプ オープニングへ Languages English 中文(简化字) 中文(繁體字) 한국어 アクセシビリティ くらし・手続き 子育て・教育 健康・福祉 産業・観光 村政 行政トップページへ グローバルナビゲー
26	山江村	山江村農業集落排水設備工事指定業者について	https://www.vill.yamae.lg.jp/kiji003660/index.html	山江村農業集落排水設備工事指定業者について / 山江村公式ホームページ ヘッダーをスキップ 本文へジャンプ オープニングへ Languages English 中文(简化字) 中文(繁體字) 한국어 アクセシビリティ くらし・手続き 子育て・教育 健康・福祉 産業・観光 村政 行政トップページへ グローバルナビゲーショ
26	山江村	山江村給水工事指定業者について	https://www.vill.yamae.lg.jp/kiji003661/index.html	山江村給水工事指定業者について / 山江村公式ホームページ ヘッダーをスキップ 本文へジャンプ オープニングへ Languages English 中文(简化字) 中文(繁體字) 한국어 アクセシビリティ くらし・手続き 子育て・教育 健康・福祉 産業・観光 村政 行政トップページへ グローバルナビゲーションをスキップ
26	山江村	山江村農業集落排水事業経営戦略	https://www.vill.yamae.lg.jp/kiji003192/index.html	山江村農業集落排水事業経営戦略 / 山江村公式ホームページ ヘッダーをスキップ 本文へジャンプ オープニングへ Languages English 中文(简化字) 中文(繁體字) 한국어 アクセシビリティ くらし・手続き 子育て・教育 健康・福祉 産業・観光 村政 行政トップページへ グローバルナビゲーションをスキップ
26	山江村	山江中央地区簡易水道事業経営戦略	https://www.vill.yamae.lg.jp/kiji003830/index.html	山江中央地区簡易水道事業経営戦略 / 山江村公式ホームページ ヘッダーをスキップ 本文へジャンプ オープニングへ Languages English 中文(简化字) 中文(繁體字) 한국어 アクセシビリティ くらし・手続き 子育て・教育 健康・福祉 産業・観光 村政 行政トップページへ グローバルナビゲーションをスキッ
26	山江村	山江中央地区簡易水道事業経営戦略	https://www.vill.yamae.lg.jp/kiji003191/index.html	山江中央地区簡易水道事業経営戦略 / 山江村公式ホームページ ヘッダーをスキップ 本文へジャンプ オープニングへ Languages English 中文(简化字) 中文(繁體字) 한국어 アクセシビリティ くらし・手続き 子育て・教育 健康・福祉 産業・観光 村政 行政トップページへ グローバルナビゲーションをスキッ
26	山江村	水道広域連携化球磨地域協議会公表について	https://www.vill.yamae.lg.jp/kiji003189/index.html	水道広域連携化球磨地域協議会公表について / 山江村公式ホームページ ヘッダーをスキップ 本文へジャンプ オープニングへ Languages English 中文(简化字) 中文(繁體字) 한국어 アクセシビリティ くらし・手続き 子育て・教育 健康・福祉 産業・観光 村政 行政トップページへ グローバルナビゲーション
26	山江村	水道使用異動届について	https://www.vill.yamae.lg.jp/kiji003710/index.html	水道使用異動届について / 山江村公式ホームページ ヘッダーをスキップ 本文へジャンプ オープニングへ Languages English 中文(简化字) 中文(繁體字) 한국어 アクセシビリティ くらし・手続き 子育て・教育 健康・福祉 産業・観光 村政 行政トップページへ グローバルナビゲーションをスキップ くらし
26	山江村	やまえ乗合バスまるおか号（時刻表・運賃表）	https://www.vill.yamae.lg.jp/kiji0031262/index.html	やまえ乗合バスまるおか号（時刻表・運賃表） / 山江村公式ホームページ ヘッダーをスキップ 本文へジャンプ オープニングへ Languages English 中文(简化字) 中文(繁體字) 한국어 アクセシビリティ くらし・手続き 子育て・教育 健康・福祉 産業・観光 村政 行政トップページへ グローバルナビゲーショ
26	山江村	人吉・球磨地域公共交通計画	https://www.vill.yamae.lg.jp/kiji003409/index.html	人吉・球磨地域公共交通計画 / 山江村公式ホームページ ヘッダーをスキップ 本文へジャンプ オープニングへ Languages English 中文(简化字) 中文(繁體字) 한국어 アクセシビリティ くらし・手続き 子育て・教育 健康・福祉 産業・観光 村政 行政トップページへ グローバルナビゲーションをスキップ く
26	山江村	令和7年度山田川・万江川水質検査の結果について	https://www.vill.yamae.lg.jp/kiji0031324/index.html	令和7年度山田川・万江川水質検査の結果について / 山江村公式ホームページ ヘッダーをスキップ 本文へジャンプ オープニングへ Languages English 中文(简化字) 中文(繁體字) 한국어 アクセシビリティ くらし・手続き 子育て・教育 健康・福祉 産業・観光 村政 行政トップページへ グローバルナビゲー
26	山江村	地球温暖化対策実行計画の策定について	https://www.vill.yamae.lg.jp/kiji0031532/index.html	地球温暖化対策実行計画の策定について / 山江村公式ホームページ ヘッダーをスキップ 本文へジャンプ オープニングへ Languages English 中文(简化字) 中文(繁體字) 한국어 アクセシビリティ くらし・手続き 子育て・教育 健康・福祉 産業・観光 村政 行政トップページへ グローバルナビゲーションをス
26	山江村	「エコ発蓄電池」に掲載されました！	https://www.vill.yamae.lg.jp/kiji0031452/index.html	「エコ発蓄電池」に掲載されました！ / 山江村公式ホームページ ヘッダーをスキップ 本文へジャンプ オープニングへ Languages English 中文(简化字) 中文(繁體字) 한국어 アクセシビリティ くらし・手続き 子育て・教育 健康・福祉 産業・観光 村政 行政トップページへ グローバルナビゲーションをスキ
26	山江村	山江村災害廃棄物処理計画（改定）	https://www.vill.yamae.lg.jp/kiji003536/index.html	山江村災害廃棄物処理計画（改定） / 山江村公式ホームページ ヘッダーをスキップ 本文へジャンプ オープニングへ Languages English 中文(简化字) 中文(繁體字) 한국어 アクセシビリティ くらし・手続き 子育て・教育 健康・福祉 産業・観光 村政 行政トップページへ グローバルナビゲーションをスキッ
26	山江村	山江村が取り組むカーボンニュートラル事業って？	https://www.vill.yamae.lg.jp/kiji0031346/index.html	山江村が取り組むカーボンニュートラル事業って？ / 山江村公式ホームページ ヘッダーをスキップ 本文へジャンプ オープニングへ Languages English 中文(简化字) 中文(繁體字) 한국어 アクセシビリティ くらし・手続き 子育て・教育 健康・福祉 産業・観光 村政 行政トップページへ グローバルナビゲー
26	山江村	山江村再生可能エネルギー発電設備の設置等に関するガイドラインについて	https://www.vill.yamae.lg.jp/kiji0031344/index.html	山江村再生可能エネルギー発電設備の設置等に関するガイドラインについて / 山江村公式ホームページ ヘッダーをスキップ 本文へジャンプ オープニングへ Languages English 中文(简化字) 中文(繁體字) 한국어 アクセシビリティ くらし・手続き 子育て・教育 健康・福祉 産業・観光 村政 行政トップページ
26	山江村	山江村再生可能エネルギーゾーニング計画について	https://www.vill.yamae.lg.jp/kiji0031341/index.html	山江村再生可能エネルギーゾーニング計画について / 山江村公式ホームページ ヘッダーをスキップ 本文へジャンプ オープニングへ Languages English 中文(简化字) 中文(繁體字) 한국어 アクセシビリティ くらし・手続き 子育て・教育 健康・福祉 産業・観光 村政 行政トップページへ グローバルナビゲー
26	山江村	EV車用急速充電器を設置しています	https://www.vill.yamae.lg.jp/kiji0031231/index.html	EV車用急速充電器を設置しています / 山江村公式ホームページ ヘッダーをスキップ 本文へジャンプ オープニングへ Languages English 中文(简化字) 中文(繁體字) 한국어 アクセシビリティ くらし・手続き 子育て・教育 健康・福祉 産業・観光 村政 行政トップページへ グローバルナビゲーションをスキ
26	山江村	CO2排出量算定システムの導入について	https://www.vill.yamae.lg.jp/kiji0031096/index.html	CO2排出量算定システムの導入について / 山江村公式ホームページ ヘッダーをスキップ 本文へジャンプ オープニングへ Languages English 中文(简化字) 中文(繁體字) 한국어 アクセシビリティ くらし・手続き 子育て・教育 健康・福祉 産業・観光 村政 行政トップページへ グローバルナビゲーションを
26	山江村	再生可能エネルギー等導入基金事業に係る売電収入管理基金事業状況報告書	https://www.vill.yamae.lg.jp/kiji003229/index.html	再生可能エネルギー等導入基金事業に係る売電収入管理基金事業状況報告書 / 山江村公式ホームページ ヘッダーをスキップ 本文へジャンプ オープニングへ Languages English 中文(简化字) 中文(繁體字) 한국어 アクセシビリティ くらし・手続き 子育て・教育 健康・福祉 産業・観光 村政 行政トップページ
26	山江村	「山江村ゼロカーボンシティ宣言」の表明について	https://www.vill.yamae.lg.jp/kiji003248/index.html	「山江村ゼロカーボンシティ宣言」の表明について / 山江村公式ホームページ ヘッダーをスキップ 本文へジャンプ オープニングへ Languages English 中文(简化字) 中文(繁體字) 한국어 アクセシビリティ くらし・手続き 子育て・教育 健康・福祉 産業・観光 村政 行政トップページへ グローバルナビゲー
26	山江村	PM2.5など熊本県の大気環境の状況について	https://www.vill.yamae.lg.jp/kiji003572/index.html	PM2.5など熊本県の大気環境の状況について / 山江村公式ホームページ ヘッダーをスキップ 本文へジャンプ オープニングへ Languages English 中文(简化字) 中文(繁體字) 한국어 アクセシビリティ くらし・手続き 子育て・教育 健康・福祉 産業・観光 村政 行政トップページへ グローバルナビゲーシ
26	山江村	第3次山江村地球温暖化対策実行計画（事務事業編）	https://www.vill.yamae.lg.jp/kiji003574/index.html	第3次山江村地球温暖化対策実行計画（事務事業編） / 山江村公式ホームページ ヘッダーをスキップ 本文へジャンプ オープニングへ Languages English 中文(简化字) 中文(繁體字) 한국어 アクセシビリティ くらし・手続き 子育て・教育 健康・福祉 産業・観光 村政 行政トップページへ グローバルナビゲ
26	山江村	動物愛護企画展「命のバトン展」開催について	https://www.vill.yamae.lg.jp/kiji0031099/index.html	動物愛護企画展「命のバトン展」開催について / 山江村公式ホームページ ヘッダーをスキップ 本文へジャンプ オープニングへ Languages English 中文(简化字) 中文(繁體字) 한국어 アクセシビリティ くらし・手続き 子育て・教育 健康・福祉 産業・観光 村政 行政トップページへ グローバルナビゲーショ
26	山江村	寄付けない！猫（ネコ）対策	https://www.vill.yamae.lg.jp/kiji003134/index.html	寄付けない！猫（ネコ）対策 / 山江村公式ホームページ ヘッダーをスキップ 本文へジャンプ オープニングへ Languages English 中文(简化字) 中文(繁體字) 한국어 アクセシビリティ くらし・手続き 子育て・教育 健康・福祉 産業・観光 村政 行政トップページへ グローバルナビゲーションをスキップ く
26	山江村	山江村とサントリーグループとの「ボトルtoボトル」ペットボトルの水平リサイクルに関する協定を締結しました。	https://www.vill.yamae.lg.jp/kiji0031218/index.html	山江村とサントリーグループとの「ボトルtoボトル」ペットボトルの水平リサイクルに関する協定を締結しました。 / 山江村公式ホームページ ヘッダーをスキップ 本文へジャンプ オープニングへ Languages English 中文(简化字) 中文(繁體字) 한국어 アクセシビリティ くらし・手続き 子育て・教育 健康・福
26	山江村	ご家庭の廃食用油を回収します	https://www.vill.yamae.lg.jp/kiji003133/index.html	ご家庭の廃食用油を回収します / 山江村公式ホームページ ヘッダーをスキップ 本文へジャンプ オープニングへ Languages English 中文(简化字) 中文(繁體字) 한국어 アクセシビリティ くらし・手続き 子育て・教育 健康・福祉 産業・観光 村政 行政トップページへ グローバルナビゲーションをスキップ
26	山江村	山江村指定ごみ袋販売所について	https://www.vill.yamae.lg.jp/kiji00365/index.html	山江村指定ごみ袋販売所について / 山江村公式ホームページ ヘッダーをスキップ 本文へジャンプ オープニングへ Languages English 中文(简化字) 中文(繁體字) 한국어 アクセシビリティ くらし・手続き 子育て・教育 健康・福祉 産業・観光 村政 行政トップページへ グローバルナビゲーションをスキップ
26	山江村	引越し等で一時的に大量に出たごみの処理	https://www.vill.yamae.lg.jp/kiji003709/index.html	引越し等で一時的に大量に出たごみの処理 / 山江村公式ホームページ ヘッダーをスキップ 本文へジャンプ オープニングへ Languages English 中文(简化字) 中文(繁體字) 한국어 アクセシビリティ くらし・手続き 子育て・教育 健康・福祉 産業・観光 村政 行政トップページへ グローバルナビゲーションを
26	山江村	石綿（アスベスト）含有品の流通及びメーカーによる回収について	https://www.vill.yamae.lg.jp/kiji003132/index.html	石綿（アスベスト）含有品の流通及びメーカーによる回収について / 山江村公式ホームページ ヘッダーをスキップ 本文へジャンプ オープニングへ Languages English 中文(简化字) 中文(繁體字) 한국어 アクセシビリティ くらし・手続き 子育て・教育 健康・福祉 産業・観光 村政 行政トップページへ グロ
26	山江村	ごみの出し方について	https://www.vill.yamae.lg.jp/kiji00361/index.html	ごみの出し方について / 山江村公式ホームページ ヘッダーをスキップ 本文へジャンプ オープニングへ Languages English 中文(简化字) 中文(繁體字) 한국어 アクセシビリティ くらし・手続き 子育て・教育 健康・福祉 産業・観光 村政 行政トップページへ グローバルナビゲーションをスキップ くらし・
26	山江村	資源ごみの分け方・出し方	https://www.vill.yamae.lg.jp/kiji00362/index.html	資源ごみの分け方・出し方 / 山江村公式ホームページ ヘッダーをスキップ 本文へジャンプ オープニングへ Languages English 中文(简化字) 中文(繁體字) 한국어 アクセシビリティ くらし・手続き 子育て・教育 健康・福祉 産業・観光 村政 行政トップページへ グローバルナビゲーションをスキップ くら
26	山江村	食品ロス削減のために、できることから始めよう ～家庭編～	https://www.vill.yamae.lg.jp/kiji00371/index.html	食品ロス削減のために、できることから始めよう ～家庭編～ / 山江村公式ホームページ ヘッダーをスキップ 本文へジャンプ オープニングへ Languages English 中文(简化字) 中文(繁體字) 한국어 アクセシビリティ くらし・手続き 子育て・教育 健康・福祉 産業・観光 村政 行政トップページへ グローバ
26	山江村	食品ロス削減のために、できることから始めよう ～宴会編～	https://www.vill.yamae.lg.jp/kiji00372/index.html	食品ロス削減のために、できることから始めよう ～宴会編～ / 山江村公式ホームページ ヘッダーをスキップ 本文へジャンプ オープニングへ Languages English 中文(简化字) 中文(繁體字) 한국어 アクセシビリティ くらし・手続き 子育て・教育 健康・福祉 産業・観光 村政 行政トップページへ グローバ
26	山江村	山江村未来づくり協議会（農村RMO)将来ビジョンについて	https://www.vill.yamae.lg.jp/kiji0031274/index.html	山江村未来づくり協議会（農村RMO)将来ビジョンについて / 山江村公式ホームページ ヘッダーをスキップ 本文へジャンプ オープニングへ Languages English 中文(简化字) 中文(繁體字) 한국어 アクセシビリティ くらし・手続き 子育て・教育 健康・福祉 産業・観光 村政 行政トップページへ グローバ
26	山江村	第19回復興むらづくりカフェのご案内	https://www.vill.yamae.lg.jp/kiji003915/index.html	第19回復興むらづくりカフェのご案内 / 山江村公式ホームページ ヘッダーをスキップ 本文へジャンプ オープニングへ Languages English 中文(简化字) 中文(繁體字) 한국어 アクセシビリティ くらし・手続き 子育て・教育 健康・福祉 産業・観光 村政 行政トップページへ グローバルナビゲーションをス
26	山江村	第1回ジャンボかるた取り大会開催	https://www.vill.yamae.lg.jp/kiji003913/index.html	第1回ジャンボかるた取り大会開催 / 山江村公式ホームページ ヘッダーをスキップ 本文へジャンプ オープニングへ Languages English 中文(简化字) 中文(繁體字) 한국어 アクセシビリティ くらし・手続き 子育て・教育 健康・福祉 産業・観光 村政 行政トップページへ グローバルナビゲーションをスキッ
26	山江村	山江村出身者の会【丸岡会】	https://www.vill.yamae.lg.jp/kiji003252/index.html	山江村出身者の会【丸岡会】 / 山江村公式ホームページ ヘッダーをスキップ 本文へジャンプ オープニングへ Languages English 中文(简化字) 中文(繁體字) 한국어 アクセシビリティ くらし・手続き 子育て・教育 健康・福祉 産業・観光 村政 行政トップページへ グローバルナビゲーションをスキップ く
26	山江村	村が実施する復旧工事（村道・橋梁・河川等）の状況について	https://www.vill.yamae.lg.jp/kiji003195/index.html	村が実施する復旧工事（村道・橋梁・河川等）の状況について / 山江村公式ホームページ ヘッダーをスキップ 本文へジャンプ オープニングへ Languages English 中文(简化字) 中文(繁體字) 한국어 アクセシビリティ くらし・手続き 子育て・教育 健康・福祉 産業・観光 村政 行政トップページへ グローバ
26	山江村	令和2年7月豪雨関連 支援情報	https://www.vill.yamae.lg.jp/kiji003408/index.html	令和2年7月豪雨関連 支援情報 / 山江村公式ホームページ ヘッダーをスキップ 本文へジャンプ オープニングへ Languages English 中文(简化字) 中文(繁體字) 한국어 アクセシビリティ くらし・手続き 子育て・教育 健康・福祉 産業・観光 村政 行政トップページへ グローバルナビゲーションをスキップ
26	山江村	交通災害共済制度	https://www.vill.yamae.lg.jp/kiji003541/index.html	交通災害共済制度 / 山江村公式ホームページ ヘッダーをスキップ 本文へジャンプ オープニングへ Languages English 中文(简化字) 中文(繁體字) 한국어 アクセシビリティ くらし・手続き 子育て・教育 健康・福祉 産業・観光 村政 行政トップページへ グローバルナビゲーションをスキップ くらし・手続
26	山江村	人吉球磨地域自転車ネットワーク計画（公表）	https://www.vill.yamae.lg.jp/kiji003542/index.html	人吉球磨地域自転車ネットワーク計画（公表） / 山江村公式ホームページ ヘッダーをスキップ 本文へジャンプ オープニングへ Languages English 中文(简化字) 中文(繁體字) 한국어 アクセシビリティ くらし・手続き 子育て・教育 健康・福祉 産業・観光 村政 行政トップページへ グローバルナビゲーショ
26	山江村	消費者トラブル注意報（置き薬によるトラブル）	https://www.vill.yamae.lg.jp/kiji00377/index.html	消費者トラブル注意報（置き薬によるトラブル） / 山江村公式ホームページ ヘッダーをスキップ 本文へジャンプ オープニングへ Languages English 中文(简化字) 中文(繁體字) 한국어 アクセシビリティ くらし・手続き 子育て・教育 健康・福祉 産業・観光 村政 行政トップページへ グローバルナビゲーシ
26	山江村	消費者トラブル注意報（インターネット通販）	https://www.vill.yamae.lg.jp/kiji00378/index.html	消費者トラブル注意報（インターネット通販） / 山江村公式ホームページ ヘッダーをスキップ 本文へジャンプ オープニングへ Languages English 中文(简化字) 中文(繁體字) 한국어 アクセシビリティ くらし・手続き 子育て・教育 健康・福祉 産業・観光 村政 行政トップページへ グローバルナビゲーショ
26	山江村	消費者トラブル注意報（還付金）	https://www.vill.yamae.lg.jp/kiji00374/index.html	消費者トラブル注意報（還付金） / 山江村公式ホームページ ヘッダーをスキップ 本文へジャンプ オープニングへ Languages English 中文(简化字) 中文(繁體字) 한국어 アクセシビリティ くらし・手続き 子育て・教育 健康・福祉 産業・観光 村政 行政トップページへ グローバルナビゲーションをスキップ
26	山江村	消費者トラブル注意報（新聞契約のトラブルにご注意ください。）	https://www.vill.yamae.lg.jp/kiji00379/index.html	消費者トラブル注意報（新聞契約のトラブルにご注意ください。） / 山江村公式ホームページ ヘッダーをスキップ 本文へジャンプ オープニングへ Languages English 中文(简化字) 中文(繁體字) 한국어 アクセシビリティ くらし・手続き 子育て・教育 健康・福祉 産業・観光 村政 行政トップページへ グロ
26	山江村	消費者トラブル注意報（架空請求）	https://www.vill.yamae.lg.jp/kiji00373/index.html	消費者トラブル注意報（架空請求） / 山江村公式ホームページ ヘッダーをスキップ 本文へジャンプ オープニングへ Languages English 中文(简化字) 中文(繁體字) 한국어 アクセシビリティ くらし・手続き 子育て・教育 健康・福祉 産業・観光 村政 行政トップページへ グローバルナビゲーションをスキッ
26	山江村	あなたにあった出産施設を探せるサイト『出産なび』について	https://www.vill.yamae.lg.jp/kiji0031186/index.html	あなたにあった出産施設を探せるサイト『出産なび』について / 山江村公式ホームページ ヘッダーをスキップ 本文へジャンプ オープニングへ Languages English 中文(简化字) 中文(繁體字) 한국어 アクセシビリティ くらし・手続き 子育て・教育 健康・福祉 産業・観光 村政 行政トップページへ グローバ
26	山江村	こんにちは赤ちゃん祝金	https://www.vill.yamae.lg.jp/kiji003754/index.html	こんにちは赤ちゃん祝金 / 山江村公式ホームページ ヘッダーをスキップ 本文へジャンプ オープニングへ Languages English 中文(简化字) 中文(繁體字) 한국어 アクセシビリティ くらし・手続き 子育て・教育 健康・福祉 産業・観光 村政 行政トップページへ グローバルナビゲーションをスキップ くらし
26	山江村	令和7年度保育所等入所のご案内	https://www.vill.yamae.lg.jp/kiji0031201/index.html	令和7年度保育所等入所のご案内 / 山江村公式ホームページ ヘッダーをスキップ 本文へジャンプ オープニングへ Languages English 中文(简化字) 中文(繁體字) 한국어 アクセシビリティ くらし・手続き 子育て・教育 健康・福祉 産業・観光 村政 行政トップページへ グローバルナビゲーションをスキップ
26	山江村	山江村保育所等入所（年度途中）のご案内	https://www.vill.yamae.lg.jp/kiji003749/index.html	山江村保育所等入所（年度途中）のご案内 / 山江村公式ホームページ ヘッダーをスキップ 本文へジャンプ オープニングへ Languages English 中文(简化字) 中文(繁體字) 한국어 アクセシビリティ くらし・手続き 子育て・教育 健康・福祉 産業・観光 村政 行政トップページへ グローバルナビゲーションを
26	山江村	山江村通学路交通安全プログラム（令和7年度実施）	https://www.vill.yamae.lg.jp/kiji0031437/index.html	山江村通学路交通安全プログラム（令和7年度実施） / 山江村公式ホームページ ヘッダーをスキップ 本文へジャンプ オープニングへ Languages English 中文(简化字) 中文(繁體字) 한국어 アクセシビリティ くらし・手続き 子育て・教育 健康・福祉 産業・観光 村政 行政トップページへ グローバルナビゲ
26	山江村	山江村立小・中学校の耐震化の状況（お知らせ）	https://www.vill.yamae.lg.jp/kiji003340/index.html	山江村立小・中学校の耐震化の状況（お知らせ） / 山江村公式ホームページ ヘッダーをスキップ 本文へジャンプ オープニングへ Languages English 中文(简化字) 中文(繁體字) 한국어 アクセシビリティ くらし・手続き 子育て・教育 健康・福祉 産業・観光 村政 行政トップページへ グローバルナビゲーシ
26	山江村	山江村の小中学校における働き方改革推進プランの公表について	https://www.vill.yamae.lg.jp/kiji0031578/index.html	山江村の小中学校における働き方改革推進プランの公表について / 山江村公式ホームページ ヘッダーをスキップ 本文へジャンプ オープニングへ Languages English 中文(简化字) 中文(繁體字) 한국어 アクセシビリティ くらし・手続き 子育て・教育 健康・福祉 産業・観光 村政 行政トップページへ グロー
26	山江村	令和8年度山江村学校用務員の募集について	https://www.vill.yamae.lg.jp/kiji0031485/index.html	令和8年度山江村学校用務員の募集について / 山江村公式ホームページ ヘッダーをスキップ 本文へジャンプ オープニングへ Languages English 中文(简化字) 中文(繁體字) 한국어 アクセシビリティ くらし・手続き 子育て・教育 健康・福祉 産業・観光 村政 行政トップページへ グローバルナビゲーション
26	山江村	小学校・中学校ホームページ	https://www.vill.yamae.lg.jp/kiji0031031/index.html	小学校・中学校ホームページ / 山江村公式ホームページ ヘッダーをスキップ 本文へジャンプ オープニングへ Languages English 中文(简化字) 中文(繁體字) 한국어 アクセシビリティ くらし・手続き 子育て・教育 健康・福祉 産業・観光 村政 行政トップページへ グローバルナビゲーションをスキップ く
26	山江村	夢を叶える山江村教育プラン	https://www.vill.yamae.lg.jp/kiji003338/index.html	夢を叶える山江村教育プラン / 山江村公式ホームページ ヘッダーをスキップ 本文へジャンプ オープニングへ Languages English 中文(简化字) 中文(繁體字) 한국어 アクセシビリティ くらし・手続き 子育て・教育 健康・福祉 産業・観光 村政 行政トップページへ グローバルナビゲーションをスキップ く
26	山江村	山江村総合教育会議	https://www.vill.yamae.lg.jp/kiji003341/index.html	山江村総合教育会議 / 山江村公式ホームページ ヘッダーをスキップ 本文へジャンプ オープニングへ Languages English 中文(简化字) 中文(繁體字) 한국어 アクセシビリティ くらし・手続き 子育て・教育 健康・福祉 産業・観光 村政 行政トップページへ グローバルナビゲーションをスキップ くらし・手
26	山江村	販売刊行物のご案内	https://www.vill.yamae.lg.jp/kiji003885/index.html	販売刊行物のご案内 / 山江村公式ホームページ ヘッダーをスキップ 本文へジャンプ オープニングへ Languages English 中文(简化字) 中文(繁體字) 한국어 アクセシビリティ くらし・手続き 子育て・教育 健康・福祉 産業・観光 村政 行政トップページへ グローバルナビゲーションをスキップ くらし・手
26	山江村	高寺院と毘沙門天立像	https://www.vill.yamae.lg.jp/kiji003863/index.html	高寺院と毘沙門天立像 / 山江村公式ホームページ ヘッダーをスキップ 本文へジャンプ オープニングへ Languages English 中文(简化字) 中文(繁體字) 한국어 アクセシビリティ くらし・手続き 子育て・教育 健康・福祉 産業・観光 村政 行政トップページへ グローバルナビゲーションをスキップ くらし・
26	山江村	合戦ノ峰観音	https://www.vill.yamae.lg.jp/kiji003864/index.html	合戦ノ峰観音 / 山江村公式ホームページ ヘッダーをスキップ 本文へジャンプ オープニングへ Languages English 中文(简化字) 中文(繁體字) 한국어 アクセシビリティ くらし・手続き 子育て・教育 健康・福祉 産業・観光 村政 行政トップページへ グローバルナビゲーションをスキップ くらし・手続き
26	山江村	西福寺跡阿弥陀堂	https://www.vill.yamae.lg.jp/kiji003867/index.html	西福寺跡阿弥陀堂 / 山江村公式ホームページ ヘッダーをスキップ 本文へジャンプ オープニングへ Languages English 中文(简化字) 中文(繁體字) 한국어 アクセシビリティ くらし・手続き 子育て・教育 健康・福祉 産業・観光 村政 行政トップページへ グローバルナビゲーションをスキップ くらし・手続
26	山江村	万江阿蘇神社	https://www.vill.yamae.lg.jp/kiji003868/index.html	万江阿蘇神社 / 山江村公式ホームページ ヘッダーをスキップ 本文へジャンプ オープニングへ Languages English 中文(简化字) 中文(繁體字) 한국어 アクセシビリティ くらし・手続き 子育て・教育 健康・福祉 産業・観光 村政 行政トップページへ グローバルナビゲーションをスキップ くらし・手続き
26	山江村	古代の杜公園	https://www.vill.yamae.lg.jp/kiji003880/index.html	古代の杜公園 / 山江村公式ホームページ ヘッダーをスキップ 本文へジャンプ オープニングへ Languages English 中文(简化字) 中文(繁體字) 한국어 アクセシビリティ くらし・手続き 子育て・教育 健康・福祉 産業・観光 村政 行政トップページへ グローバルナビゲーションをスキップ くらし・手続き
26	山江村	やまええほんの森	https://www.vill.yamae.lg.jp/kiji003811/index.html	やまええほんの森 / 山江村公式ホームページ ヘッダーをスキップ 本文へジャンプ オープニングへ Languages English 中文(简化字) 中文(繁體字) 한국어 アクセシビリティ くらし・手続き 子育て・教育 健康・福祉 産業・観光 村政 行政トップページへ グローバルナビゲーションをスキップ くらし・手続
26	山江村	山江村歴史民俗資料館	https://www.vill.yamae.lg.jp/kiji003869/index.html	山江村歴史民俗資料館 / 山江村公式ホームページ ヘッダーをスキップ 本文へジャンプ オープニングへ Languages English 中文(简化字) 中文(繁體字) 한국어 アクセシビリティ くらし・手続き 子育て・教育 健康・福祉 産業・観光 村政 行政トップページへ グローバルナビゲーションをスキップ くらし・
26	山江村	山田大王神社	https://www.vill.yamae.lg.jp/kiji003330/index.html	山田大王神社 / 山江村公式ホームページ ヘッダーをスキップ 本文へジャンプ オープニングへ Languages English 中文(简化字) 中文(繁體字) 한국어 アクセシビリティ くらし・手続き 子育て・教育 健康・福祉 産業・観光 村政 行政トップページへ グローバルナビゲーションをスキップ くらし・手続き
26	山江村	城山観音堂	https://www.vill.yamae.lg.jp/kiji003875/index.html	城山観音堂 / 山江村公式ホームページ ヘッダーをスキップ 本文へジャンプ オープニングへ Languages English 中文(简化字) 中文(繁體字) 한국어 アクセシビリティ くらし・手続き 子育て・教育 健康・福祉 産業・観光 村政 行政トップページへ グローバルナビゲーションをスキップ くらし・手続き 子
26	山江村	瑞光寺跡阿弥陀堂	https://www.vill.yamae.lg.jp/kiji003876/index.html	瑞光寺跡阿弥陀堂 / 山江村公式ホームページ ヘッダーをスキップ 本文へジャンプ オープニングへ Languages English 中文(简化字) 中文(繁體字) 한국어 アクセシビリティ くらし・手続き 子育て・教育 健康・福祉 産業・観光 村政 行政トップページへ グローバルナビゲーションをスキップ くらし・手続
26	山江村	浄専寺 智山堂	https://www.vill.yamae.lg.jp/kiji003866/index.html	浄専寺 智山堂 / 山江村公式ホームページ ヘッダーをスキップ 本文へジャンプ オープニングへ Languages English 中文(简化字) 中文(繁體字) 한국어 アクセシビリティ くらし・手続き 子育て・教育 健康・福祉 産業・観光 村政 行政トップページへ グローバルナビゲーションをスキップ くらし・手続き
26	山江村	万江体育館（旧自然休養村管理センター）	https://www.vill.yamae.lg.jp/kiji003343/index.html	万江体育館（旧自然休養村管理センター） / 山江村公式ホームページ ヘッダーをスキップ 本文へジャンプ オープニングへ Languages English 中文(简化字) 中文(繁體字) 한국어 アクセシビリティ くらし・手続き 子育て・教育 健康・福祉 産業・観光 村政 行政トップページへ グローバルナビゲーションを
26	山江村	山江村体育館	https://www.vill.yamae.lg.jp/kiji003803/index.html	山江村体育館 / 山江村公式ホームページ ヘッダーをスキップ 本文へジャンプ オープニングへ Languages English 中文(简化字) 中文(繁體字) 한국어 アクセシビリティ くらし・手続き 子育て・教育 健康・福祉 産業・観光 村政 行政トップページへ グローバルナビゲーションをスキップ くらし・手続き
26	山江村	山江村健康増進計画	https://www.vill.yamae.lg.jp/kiji0031045/index.html	山江村健康増進計画 / 山江村公式ホームページ ヘッダーをスキップ 本文へジャンプ オープニングへ Languages English 中文(简化字) 中文(繁體字) 한국어 アクセシビリティ くらし・手続き 子育て・教育 健康・福祉 産業・観光 村政 行政トップページへ グローバルナビゲーションをスキップ くらし・手
26	山江村	【令和8年1月21日更新】山江村メディカルフィットネス推進事業に係る包括連携協定締結候補者募集公募型プロポーザルの実施について	https://www.vill.yamae.lg.jp/kiji0031472/index.html	【令和8年1月21日更新】山江村メディカルフィットネス推進事業に係る包括連携協定締結候補者募集公募型プロポーザルの実施について / 山江村公式ホームページ ヘッダーをスキップ 本文へジャンプ オープニングへ Languages English 中文(简化字) 中文(繁體字) 한국어 アクセシビリティ くらし・手続き 子
26	山江村	第3期山江村障がい者計画・第7期山江村障がい福祉計画・第3期山江村障がい児福祉計画を策定しました。	https://www.vill.yamae.lg.jp/kiji0031040/index.html	第3期山江村障がい者計画・第7期山江村障がい福祉計画・第3期山江村障がい児福祉計画を策定しました。 / 山江村公式ホームページ ヘッダーをスキップ 本文へジャンプ オープニングへ Languages English 中文(简化字) 中文(繁體字) 한국어 アクセシビリティ くらし・手続き 子育て・教育 健康・福祉 産業
26	山江村	地域見守りネットワーク	https://www.vill.yamae.lg.jp/kiji003144/index.html	地域見守りネットワーク / 山江村公式ホームページ ヘッダーをスキップ 本文へジャンプ オープニングへ Languages English 中文(简化字) 中文(繁體字) 한국어 アクセシビリティ くらし・手続き 子育て・教育 健康・福祉 産業・観光 村政 行政トップページへ グローバルナビゲーションをスキップ くらし
26	山江村	骨こつ健康クラブ	https://www.vill.yamae.lg.jp/kiji003145/index.html	骨こつ健康クラブ / 山江村公式ホームページ ヘッダーをスキップ 本文へジャンプ オープニングへ Languages English 中文(简化字) 中文(繁體字) 한국어 アクセシビリティ くらし・手続き 子育て・教育 健康・福祉 産業・観光 村政 行政トップページへ グローバルナビゲーションをスキップ くらし・手続
26	山江村	人吉・球磨地域ふくしマップのお知らせ	https://www.vill.yamae.lg.jp/kiji003954/index.html	人吉・球磨地域ふくしマップのお知らせ / 山江村公式ホームページ ヘッダーをスキップ 本文へジャンプ オープニングへ Languages English 中文(简化字) 中文(繁體字) 한국어 アクセシビリティ くらし・手続き 子育て・教育 健康・福祉 産業・観光 村政 行政トップページへ グローバルナビゲーションをス
26	山江村	交通災害共済制度	https://www.vill.yamae.lg.jp/kiji003543/index.html	交通災害共済制度 / 山江村公式ホームページ ヘッダーをスキップ 本文へジャンプ オープニングへ Languages English 中文(简化字) 中文(繁體字) 한국어 アクセシビリティ くらし・手続き 子育て・教育 健康・福祉 産業・観光 村政 行政トップページへ グローバルナビゲーションをスキップ くらし・手続
26	山江村	やむを得ず医療費等を全額負担したときには	https://www.vill.yamae.lg.jp/kiji003564/index.html	やむを得ず医療費等を全額負担したときには / 山江村公式ホームページ ヘッダーをスキップ 本文へジャンプ オープニングへ Languages English 中文(简化字) 中文(繁體字) 한국어 アクセシビリティ くらし・手続き 子育て・教育 健康・福祉 産業・観光 村政 行政トップページへ グローバルナビゲーション
26	山江村	老齢基礎年金	https://www.vill.yamae.lg.jp/kiji003568/index.html	老齢基礎年金 / 山江村公式ホームページ ヘッダーをスキップ 本文へジャンプ オープニングへ Languages English 中文(简化字) 中文(繁體字) 한국어 アクセシビリティ くらし・手続き 子育て・教育 健康・福祉 産業・観光 村政 行政トップページへ グローバルナビゲーションをスキップ くらし・手続き
26	山江村	障害基礎年金	https://www.vill.yamae.lg.jp/kiji003569/index.html	障害基礎年金 / 山江村公式ホームページ ヘッダーをスキップ 本文へジャンプ オープニングへ Languages English 中文(简化字) 中文(繁體字) 한국어 アクセシビリティ くらし・手続き 子育て・教育 健康・福祉 産業・観光 村政 行政トップページへ グローバルナビゲーションをスキップ くらし・手続き
26	山江村	国民年金について	https://www.vill.yamae.lg.jp/kiji003566/index.html	国民年金について / 山江村公式ホームページ ヘッダーをスキップ 本文へジャンプ オープニングへ Languages English 中文(简化字) 中文(繁體字) 한국어 アクセシビリティ くらし・手続き 子育て・教育 健康・福祉 産業・観光 村政 行政トップページへ グローバルナビゲーションをスキップ くらし・手続
26	山江村	国民年金受給者が死亡したとき	https://www.vill.yamae.lg.jp/kiji003570/index.html	国民年金受給者が死亡したとき / 山江村公式ホームページ ヘッダーをスキップ 本文へジャンプ オープニングへ Languages English 中文(简化字) 中文(繁體字) 한국어 アクセシビリティ くらし・手続き 子育て・教育 健康・福祉 産業・観光 村政 行政トップページへ グローバルナビゲーションをスキップ
26	山江村	令和6年12月から保険証はマイナンバーカードを基本とする仕組みに移行します	https://www.vill.yamae.lg.jp/kiji0031202/index.html	令和6年12月から保険証はマイナンバーカードを基本とする仕組みに移行します / 山江村公式ホームページ ヘッダーをスキップ 本文へジャンプ オープニングへ Languages English 中文(简化字) 中文(繁體字) 한국어 アクセシビリティ くらし・手続き 子育て・教育 健康・福祉 産業・観光 村政 行政トップ
26	山江村	産前産後期間の国民健康保険税の免除について	https://www.vill.yamae.lg.jp/kiji003950/index.html	産前産後期間の国民健康保険税の免除について / 山江村公式ホームページ ヘッダーをスキップ 本文へジャンプ オープニングへ Languages English 中文(简化字) 中文(繁體字) 한국어 アクセシビリティ くらし・手続き 子育て・教育 健康・福祉 産業・観光 村政 行政トップページへ グローバルナビゲーショ
26	山江村	令和5年度山江村国民健康保険税率について	https://www.vill.yamae.lg.jp/kiji003503/index.html	令和5年度山江村国民健康保険税率について / 山江村公式ホームページ ヘッダーをスキップ 本文へジャンプ オープニングへ Languages English 中文(简化字) 中文(繁體字) 한국어 アクセシビリティ くらし・手続き 子育て・教育 健康・福祉 産業・観光 村政 行政トップページへ グローバルナビゲーション
26	山江村	交通事故などで治療を受けた場合は届け出が必要です。	https://www.vill.yamae.lg.jp/kiji003555/index.html	交通事故などで治療を受けた場合は届け出が必要です。 / 山江村公式ホームページ ヘッダーをスキップ 本文へジャンプ オープニングへ Languages English 中文(简化字) 中文(繁體字) 한국어 アクセシビリティ くらし・手続き 子育て・教育 健康・福祉 産業・観光 村政 行政トップページへ グローバルナビ
26	山江村	高額療養費制度のお知らせ	https://www.vill.yamae.lg.jp/kiji003563/index.html	高額療養費制度のお知らせ / 山江村公式ホームページ ヘッダーをスキップ 本文へジャンプ オープニングへ Languages English 中文(简化字) 中文(繁體字) 한국어 アクセシビリティ くらし・手続き 子育て・教育 健康・福祉 産業・観光 村政 行政トップページへ グローバルナビゲーションをスキップ くら
26	山江村	国保の保険証	https://www.vill.yamae.lg.jp/kiji003552/index.html	国保の保険証 / 山江村公式ホームページ ヘッダーをスキップ 本文へジャンプ オープニングへ Languages English 中文(简化字) 中文(繁體字) 한국어 アクセシビリティ くらし・手続き 子育て・教育 健康・福祉 産業・観光 村政 行政トップページへ グローバルナビゲーションをスキップ くらし・手続き
26	山江村	健診を受診しましょう	https://www.vill.yamae.lg.jp/kiji003559/index.html	健診を受診しましょう / 山江村公式ホームページ ヘッダーをスキップ 本文へジャンプ オープニングへ Languages English 中文(简化字) 中文(繁體字) 한국어 アクセシビリティ くらし・手続き 子育て・教育 健康・福祉 産業・観光 村政 行政トップページへ グローバルナビゲーションをスキップ くらし・
26	山江村	医療費を大切に	https://www.vill.yamae.lg.jp/kiji003560/index.html	医療費を大切に / 山江村公式ホームページ ヘッダーをスキップ 本文へジャンプ オープニングへ Languages English 中文(简化字) 中文(繁體字) 한국어 アクセシビリティ くらし・手続き 子育て・教育 健康・福祉 産業・観光 村政 行政トップページへ グローバルナビゲーションをスキップ くらし・手続き
26	山江村	不正請求をなくすために請求内容の確認にご協力を！	https://www.vill.yamae.lg.jp/kiji003562/index.html	不正請求をなくすために請求内容の確認にご協力を！ / 山江村公式ホームページ ヘッダーをスキップ 本文へジャンプ オープニングへ Languages English 中文(简化字) 中文(繁體字) 한국어 アクセシビリティ くらし・手続き 子育て・教育 健康・福祉 産業・観光 村政 行政トップページへ グローバルナビゲ
26	山江村	国保で受けられる医療	https://www.vill.yamae.lg.jp/kiji003565/index.html	国保で受けられる医療 / 山江村公式ホームページ ヘッダーをスキップ 本文へジャンプ オープニングへ Languages English 中文(简化字) 中文(繁體字) 한국어 アクセシビリティ くらし・手続き 子育て・教育 健康・福祉 産業・観光 村政 行政トップページへ グローバルナビゲーションをスキップ くらし・
26	山江村	国保の保険税の納め方	https://www.vill.yamae.lg.jp/kiji003630/index.html	国保の保険税の納め方 / 山江村公式ホームページ ヘッダーをスキップ 本文へジャンプ オープニングへ Languages English 中文(简化字) 中文(繁體字) 한국어 アクセシビリティ くらし・手続き 子育て・教育 健康・福祉 産業・観光 村政 行政トップページへ グローバルナビゲーションをスキップ くらし・
26	山江村	国保の保険税を滞納すると	https://www.vill.yamae.lg.jp/kiji003631/index.html	国保の保険税を滞納すると / 山江村公式ホームページ ヘッダーをスキップ 本文へジャンプ オープニングへ Languages English 中文(简化字) 中文(繁體字) 한국어 アクセシビリティ くらし・手続き 子育て・教育 健康・福祉 産業・観光 村政 行政トップページへ グローバルナビゲーションをスキップ くら
26	山江村	手続きが必要なとき	https://www.vill.yamae.lg.jp/kiji003725/index.html	手続きが必要なとき / 山江村公式ホームページ ヘッダーをスキップ 本文へジャンプ オープニングへ Languages English 中文(简化字) 中文(繁體字) 한국어 アクセシビリティ くらし・手続き 子育て・教育 健康・福祉 産業・観光 村政 行政トップページへ グローバルナビゲーションをスキップ くらし・手
26	山江村	国保の加入者	https://www.vill.yamae.lg.jp/kiji003726/index.html	国保の加入者 / 山江村公式ホームページ ヘッダーをスキップ 本文へジャンプ オープニングへ Languages English 中文(简化字) 中文(繁體字) 한국어 アクセシビリティ くらし・手続き 子育て・教育 健康・福祉 産業・観光 村政 行政トップページへ グローバルナビゲーションをスキップ くらし・手続き
26	山江村	介護保険住宅改修費支給申請書	https://www.vill.yamae.lg.jp/kiji00392/index.html	介護保険住宅改修費支給申請書 / 山江村公式ホームページ ヘッダーをスキップ 本文へジャンプ オープニングへ Languages English 中文(简化字) 中文(繁體字) 한국어 アクセシビリティ くらし・手続き 子育て・教育 健康・福祉 産業・観光 村政 行政トップページへ グローバルナビゲーションをスキップ
26	山江村	第7期介護保険事業計画「取組と目標」に対する自己評価シートの公表について	https://www.vill.yamae.lg.jp/kiji00391/index.html	第7期介護保険事業計画「取組と目標」に対する自己評価シートの公表について / 山江村公式ホームページ ヘッダーをスキップ 本文へジャンプ オープニングへ Languages English 中文(简化字) 中文(繁體字) 한국어 アクセシビリティ くらし・手続き 子育て・教育 健康・福祉 産業・観光 村政 行政トップペ
26	山江村	介護サービス利用者負担額の軽減	https://www.vill.yamae.lg.jp/kiji003513/index.html	介護サービス利用者負担額の軽減 / 山江村公式ホームページ ヘッダーをスキップ 本文へジャンプ オープニングへ Languages English 中文(简化字) 中文(繁體字) 한국어 アクセシビリティ くらし・手続き 子育て・教育 健康・福祉 産業・観光 村政 行政トップページへ グローバルナビゲーションをスキップ
26	山江村	介護保険申請書ダウンロード	https://www.vill.yamae.lg.jp/kiji003611/index.html	介護保険申請書ダウンロード / 山江村公式ホームページ ヘッダーをスキップ 本文へジャンプ オープニングへ Languages English 中文(简化字) 中文(繁體字) 한국어 アクセシビリティ くらし・手続き 子育て・教育 健康・福祉 産業・観光 村政 行政トップページへ グローバルナビゲーションをスキップ く
26	山江村	介護保険福祉用具購入費支給申請書	https://www.vill.yamae.lg.jp/kiji003546/index.html	介護保険福祉用具購入費支給申請書 / 山江村公式ホームページ ヘッダーをスキップ 本文へジャンプ オープニングへ Languages English 中文(简化字) 中文(繁體字) 한국어 アクセシビリティ くらし・手続き 子育て・教育 健康・福祉 産業・観光 村政 行政トップページへ グローバルナビゲーションをスキッ
26	山江村	山江村家族介護用品支給事業	https://www.vill.yamae.lg.jp/kiji003510/index.html	山江村家族介護用品支給事業 / 山江村公式ホームページ ヘッダーをスキップ 本文へジャンプ オープニングへ Languages English 中文(简化字) 中文(繁體字) 한국어 アクセシビリティ くらし・手続き 子育て・教育 健康・福祉 産業・観光 村政 行政トップページへ グローバルナビゲーションをスキップ く
26	山江村	後期高齢者医療に関する届け出について	https://www.vill.yamae.lg.jp/kiji0031134/index.html	後期高齢者医療に関する届け出について / 山江村公式ホームページ ヘッダーをスキップ 本文へジャンプ オープニングへ Languages English 中文(简化字) 中文(繁體字) 한국어 アクセシビリティ くらし・手続き 子育て・教育 健康・福祉 産業・観光 村政 行政トップページへ グローバルナビゲーションをス
26	山江村	令和8年度入札結果について	https://www.vill.yamae.lg.jp/kiji0031574/index.html	令和8年度入札結果について / 山江村公式ホームページ ヘッダーをスキップ 本文へジャンプ オープニングへ Languages English 中文(简化字) 中文(繁體字) 한국어 アクセシビリティ くらし・手続き 子育て・教育 健康・福祉 産業・観光 村政 行政トップページへ グローバルナビゲーションをスキップ く
26	山江村	令和7年度入札結果について	https://www.vill.yamae.lg.jp/kiji0031338/index.html	令和7年度入札結果について / 山江村公式ホームページ ヘッダーをスキップ 本文へジャンプ オープニングへ Languages English 中文(简化字) 中文(繁體字) 한국어 アクセシビリティ くらし・手続き 子育て・教育 健康・福祉 産業・観光 村政 行政トップページへ グローバルナビゲーションをスキップ く
24	山江村	山江村公式ホームページ	https://www.vill.yamae.lg.jp/default.html	山江村公式ホームページ ヘッダーをスキップ 本文へジャンプ オープニングへ Languages English 中文(简化字) 中文(繁體字) 한국어 アクセシビリティ くらし・手続き 子育て・教育 健康・福祉 産業・観光 村政 行政トップページへ グローバルナビゲーションをスキップ くらし・手続き 子育て・教育 健康
24	山江村	医療施設・健診・予防接種	https://www.vill.yamae.lg.jp/list00156.html	医療施設・健診・予防接種 / 山江村公式ホームページ ヘッダーをスキップ 本文へジャンプ オープニングへ Languages English 中文(简化字) 中文(繁體字) 한국어 アクセシビリティ くらし・手続き 子育て・教育 健康・福祉 産業・観光 村政 行政トップページへ グローバルナビゲーションをスキップ くら
24	山江村	子ども医療電話相談♯8000	https://www.vill.yamae.lg.jp/list00170.html	子ども医療電話相談♯8000 / 山江村公式ホームページ ヘッダーをスキップ 本文へジャンプ オープニングへ Languages English 中文(简化字) 中文(繁體字) 한국어 アクセシビリティ くらし・手続き 子育て・教育 健康・福祉 産業・観光 村政 行政トップページへ グローバルナビゲーションをスキップ
24	山江村	子育てに関する相談フォーム	https://www.vill.yamae.lg.jp/list00171.html	子育てに関する相談フォーム / 山江村公式ホームページ ヘッダーをスキップ 本文へジャンプ オープニングへ Languages English 中文(简化字) 中文(繁體字) 한국어 アクセシビリティ くらし・手続き 子育て・教育 健康・福祉 産業・観光 村政 行政トップページへ グローバルナビゲーションをスキップ く
24	山江村	教育に関する相談フォーム	https://www.vill.yamae.lg.jp/list00172.html	教育に関する相談フォーム / 山江村公式ホームページ ヘッダーをスキップ 本文へジャンプ オープニングへ Languages English 中文(简化字) 中文(繁體字) 한국어 アクセシビリティ くらし・手続き 子育て・教育 健康・福祉 産業・観光 村政 行政トップページへ グローバルナビゲーションをスキップ くら
24	山江村	社会教育	https://www.vill.yamae.lg.jp/list00174.html	社会教育 / 山江村公式ホームページ ヘッダーをスキップ 本文へジャンプ オープニングへ Languages English 中文(简化字) 中文(繁體字) 한국어 アクセシビリティ くらし・手続き 子育て・教育 健康・福祉 産業・観光 村政 行政トップページへ グローバルナビゲーションをスキップ くらし・手続き 子育
24	山江村	地域医療・休日夜間当番医	https://www.vill.yamae.lg.jp/list00180.html	地域医療・休日夜間当番医 / 山江村公式ホームページ ヘッダーをスキップ 本文へジャンプ オープニングへ Languages English 中文(简化字) 中文(繁體字) 한국어 アクセシビリティ くらし・手続き 子育て・教育 健康・福祉 産業・観光 村政 行政トップページへ グローバルナビゲーションをスキップ くら
24	山江村	後期高齢者医療	https://www.vill.yamae.lg.jp/list00189.html	後期高齢者医療 / 山江村公式ホームページ ヘッダーをスキップ 本文へジャンプ オープニングへ Languages English 中文(简化字) 中文(繁體字) 한국어 アクセシビリティ くらし・手続き 子育て・教育 健康・福祉 産業・観光 村政 行政トップページへ グローバルナビゲーションをスキップ くらし・手続き
24	山江村	組織から探す	https://www.vill.yamae.lg.jp/classset002.html	組織から探す / 山江村公式ホームページ ヘッダーをスキップ 本文へジャンプ オープニングへ Languages English 中文(简化字) 中文(繁體字) 한국어 アクセシビリティ くらし・手続き 子育て・教育 健康・福祉 産業・観光 村政 行政トップページへ グローバルナビゲーションをスキップ くらし・手続き
24	山江村	分類から探す	https://www.vill.yamae.lg.jp/classset001.html	分類から探す / 山江村公式ホームページ ヘッダーをスキップ 本文へジャンプ オープニングへ Languages English 中文(简化字) 中文(繁體字) 한국어 アクセシビリティ くらし・手続き 子育て・教育 健康・福祉 産業・観光 村政 行政トップページへ グローバルナビゲーションをスキップ くらし・手続き
24	山江村	教育関係	https://www.vill.yamae.lg.jp/list00244.html	教育関係 / 山江村公式ホームページ ヘッダーをスキップ 本文へジャンプ オープニングへ Languages English 中文(简化字) 中文(繁體字) 한국어 アクセシビリティ くらし・手続き 子育て・教育 健康・福祉 産業・観光 村政 行政トップページへ グローバルナビゲーションをスキップ くらし・手続き 子育
18	山江村	山江村内保育所・認定こども園一覧	https://www.vill.yamae.lg.jp/kiji003771/index.html	山江村内保育所・認定こども園一覧 / 山江村公式ホームページ ヘッダーをスキップ 本文へジャンプ オープニングへ Languages English 中文(简化字) 中文(繁體字) 한국어 アクセシビリティ くらし・手続き 子育て・教育 健康・福祉 産業・観光 村政 行政トップページへ グローバルナビゲーションをスキッ
18	山江村	村県民税等納期一覧表	https://www.vill.yamae.lg.jp/kiji003645/index.html	村県民税等納期一覧表 / 山江村公式ホームページ ヘッダーをスキップ 本文へジャンプ オープニングへ Languages English 中文(简化字) 中文(繁體字) 한국어 アクセシビリティ くらし・手続き 子育て・教育 健康・福祉 産業・観光 村政 行政トップページへ グローバルナビゲーションをスキップ くらし・
18	山江村	山江村内保育所・認定こども園一覧	https://www.vill.yamae.lg.jp/kiji003748/index.html	山江村内保育所・認定こども園一覧 / 山江村公式ホームページ ヘッダーをスキップ 本文へジャンプ オープニングへ Languages English 中文(简化字) 中文(繁體字) 한국어 アクセシビリティ くらし・手続き 子育て・教育 健康・福祉 産業・観光 村政 行政トップページへ グローバルナビゲーションをスキッ
30	苓北町	苓北町妊婦のための支援給付・妊婦等包括相談支援事業	https://reihoku-kumamoto.jp/kiji0032628/index.html	苓北町妊婦のための支援給付・妊婦等包括相談支援事業 / 苓北町 ヘッダーをスキップ 本文へジャンプ Foreign Language English 中文(简化字) 中文(繁體字) 한국어 アクセシビリティ オープニングに戻る くらし・手続き 子育て・教育 健康・福祉 観光・文化・スポーツ 産業・事業者 町政情報 オー
30	苓北町	妊婦に対する遠方の分娩施設等への交通費および宿泊費を助成します	https://reihoku-kumamoto.jp/kiji0032114/index.html	妊婦に対する遠方の分娩施設等への交通費および宿泊費を助成します / 苓北町 ヘッダーをスキップ 本文へジャンプ Foreign Language English 中文(简化字) 中文(繁體字) 한국어 アクセシビリティ オープニングに戻る くらし・手続き 子育て・教育 健康・福祉 観光・文化・スポーツ 産業・事業者 町
30	苓北町	児童扶養手当	https://reihoku-kumamoto.jp/kiji003694/index.html	児童扶養手当 / 苓北町 ヘッダーをスキップ 本文へジャンプ Foreign Language English 中文(简化字) 中文(繁體字) 한국어 アクセシビリティ オープニングに戻る くらし・手続き 子育て・教育 健康・福祉 観光・文化・スポーツ 産業・事業者 町政情報 オープニングに戻る 会員申込み 行政トップ
30	苓北町	奨学金制度の申請	https://reihoku-kumamoto.jp/kiji003798/index.html	奨学金制度の申請 / 苓北町 ヘッダーをスキップ 本文へジャンプ Foreign Language English 中文(简化字) 中文(繁體字) 한국어 アクセシビリティ オープニングに戻る くらし・手続き 子育て・教育 健康・福祉 観光・文化・スポーツ 産業・事業者 町政情報 オープニングに戻る 会員申込み 行政ト
30	苓北町	児童手当	https://reihoku-kumamoto.jp/kiji003696/index.html	児童手当 / 苓北町 ヘッダーをスキップ 本文へジャンプ Foreign Language English 中文(简化字) 中文(繁體字) 한국어 アクセシビリティ オープニングに戻る くらし・手続き 子育て・教育 健康・福祉 観光・文化・スポーツ 産業・事業者 町政情報 オープニングに戻る 会員申込み 行政トップへ戻
30	苓北町	ひとり親家庭等医療費	https://reihoku-kumamoto.jp/kiji003683/index.html	ひとり親家庭等医療費 / 苓北町 ヘッダーをスキップ 本文へジャンプ Foreign Language English 中文(简化字) 中文(繁體字) 한국어 アクセシビリティ オープニングに戻る くらし・手続き 子育て・教育 健康・福祉 観光・文化・スポーツ 産業・事業者 町政情報 オープニングに戻る 会員申込み 行
30	苓北町	小中学校就学費用の援助申請	https://reihoku-kumamoto.jp/kiji003800/index.html	小中学校就学費用の援助申請 / 苓北町 ヘッダーをスキップ 本文へジャンプ Foreign Language English 中文(简化字) 中文(繁體字) 한국어 アクセシビリティ オープニングに戻る くらし・手続き 子育て・教育 健康・福祉 観光・文化・スポーツ 産業・事業者 町政情報 オープニングに戻る 会員申込
30	苓北町	助成を始めました！フッ化物塗布事業	https://reihoku-kumamoto.jp/kiji0031576/index.html	助成を始めました！フッ化物塗布事業 / 苓北町 ヘッダーをスキップ 本文へジャンプ Foreign Language English 中文(简化字) 中文(繁體字) 한국어 アクセシビリティ オープニングに戻る くらし・手続き 子育て・教育 健康・福祉 観光・文化・スポーツ 産業・事業者 町政情報 オープニングに戻る
30	苓北町	苓北町若者定住促進奨学金返還支援事業補助金について	https://reihoku-kumamoto.jp/kiji0031774/index.html	苓北町若者定住促進奨学金返還支援事業補助金について / 苓北町 ヘッダーをスキップ 本文へジャンプ Foreign Language English 中文(简化字) 中文(繁體字) 한국어 アクセシビリティ オープニングに戻る くらし・手続き 子育て・教育 健康・福祉 観光・文化・スポーツ 産業・事業者 町政情報 オー
30	苓北町	空き家活用支援事業補助金の交付申請を受け付けます	https://reihoku-kumamoto.jp/kiji0031578/index.html	空き家活用支援事業補助金の交付申請を受け付けます / 苓北町 ヘッダーをスキップ 本文へジャンプ Foreign Language English 中文(简化字) 中文(繁體字) 한국어 アクセシビリティ オープニングに戻る くらし・手続き 子育て・教育 健康・福祉 観光・文化・スポーツ 産業・事業者 町政情報 オープ
30	苓北町	軽自動車税にかかる身体障がい者などの減免について	https://reihoku-kumamoto.jp/kiji0032034/index.html	軽自動車税にかかる身体障がい者などの減免について / 苓北町 ヘッダーをスキップ 本文へジャンプ Foreign Language English 中文(简化字) 中文(繁體字) 한국어 アクセシビリティ オープニングに戻る くらし・手続き 子育て・教育 健康・福祉 観光・文化・スポーツ 産業・事業者 町政情報 オープ
30	苓北町	高齢者福祉（各種助成）	https://reihoku-kumamoto.jp/kiji0032110/index.html	高齢者福祉（各種助成） / 苓北町 ヘッダーをスキップ 本文へジャンプ Foreign Language English 中文(简化字) 中文(繁體字) 한국어 アクセシビリティ オープニングに戻る くらし・手続き 子育て・教育 健康・福祉 観光・文化・スポーツ 産業・事業者 町政情報 オープニングに戻る 会員申込み
30	苓北町	おたふくかぜ予防接種助成のご案内	https://reihoku-kumamoto.jp/kiji0032823/index.html	おたふくかぜ予防接種助成のご案内 / 苓北町 ヘッダーをスキップ 本文へジャンプ Foreign Language English 中文(简化字) 中文(繁體字) 한국어 アクセシビリティ オープニングに戻る くらし・手続き 子育て・教育 健康・福祉 観光・文化・スポーツ 産業・事業者 町政情報 オープニングに戻る 会
30	苓北町	苓北町不妊治療費等助成事業について	https://reihoku-kumamoto.jp/kiji0032795/index.html	苓北町不妊治療費等助成事業について / 苓北町 ヘッダーをスキップ 本文へジャンプ Foreign Language English 中文(简化字) 中文(繁體字) 한국어 アクセシビリティ オープニングに戻る くらし・手続き 子育て・教育 健康・福祉 観光・文化・スポーツ 産業・事業者 町政情報 オープニングに戻る
30	苓北町	苓北町不妊治療費助成事業について	https://reihoku-kumamoto.jp/kiji0031572/index.html	苓北町不妊治療費助成事業について / 苓北町 ヘッダーをスキップ 本文へジャンプ Foreign Language English 中文(简化字) 中文(繁體字) 한국어 アクセシビリティ オープニングに戻る くらし・手続き 子育て・教育 健康・福祉 観光・文化・スポーツ 産業・事業者 町政情報 オープニングに戻る 会
30	苓北町	帯状疱疹予防接種費用を助成します	https://reihoku-kumamoto.jp/kiji0031571/index.html	帯状疱疹予防接種費用を助成します / 苓北町 ヘッダーをスキップ 本文へジャンプ Foreign Language English 中文(简化字) 中文(繁體字) 한국어 アクセシビリティ オープニングに戻る くらし・手続き 子育て・教育 健康・福祉 観光・文化・スポーツ 産業・事業者 町政情報 オープニングに戻る 会
30	苓北町	定額減税に伴う調整交付金（不足額給付分）について ＊10月31日に受付を終了しました。	https://reihoku-kumamoto.jp/kiji0032340/index.html	定額減税に伴う調整交付金（不足額給付分）について ＊10月31日に受付を終了しました。 / 苓北町 ヘッダーをスキップ 本文へジャンプ Foreign Language English 中文(简化字) 中文(繁體字) 한국어 アクセシビリティ オープニングに戻る くらし・手続き 子育て・教育 健康・福祉 観光・文化・ス
30	苓北町	水道・下水道等使用料の基本料金を減免します	https://reihoku-kumamoto.jp/kiji0032636/index.html	水道・下水道等使用料の基本料金を減免します / 苓北町 ヘッダーをスキップ 本文へジャンプ Foreign Language English 中文(简化字) 中文(繁體字) 한국어 アクセシビリティ オープニングに戻る くらし・手続き 子育て・教育 健康・福祉 観光・文化・スポーツ 産業・事業者 町政情報 オープニング
30	苓北町	令和８年度 苓北町住宅用太陽光発電システム等設置費補助金の申請を受け付けます	https://reihoku-kumamoto.jp/kiji0032116/index.html	令和８年度 苓北町住宅用太陽光発電システム等設置費補助金の申請を受け付けます / 苓北町 ヘッダーをスキップ 本文へジャンプ Foreign Language English 中文(简化字) 中文(繁體字) 한국어 アクセシビリティ オープニングに戻る くらし・手続き 子育て・教育 健康・福祉 観光・文化・スポーツ 産
30	苓北町	令和８年度住宅リフォーム等支援事業 補助金申請を受け付けます	https://reihoku-kumamoto.jp/kiji0032777/index.html	令和８年度住宅リフォーム等支援事業 補助金申請を受け付けます / 苓北町 ヘッダーをスキップ 本文へジャンプ Foreign Language English 中文(简化字) 中文(繁體字) 한국어 アクセシビリティ オープニングに戻る くらし・手続き 子育て・教育 健康・福祉 観光・文化・スポーツ 産業・事業者 町政
30	苓北町	令和４年１０月請求分から水道・下水道等使用料の基本料金を減免します	https://reihoku-kumamoto.jp/kiji003416/index.html	令和４年１０月請求分から水道・下水道等使用料の基本料金を減免します / 苓北町 ヘッダーをスキップ 本文へジャンプ Foreign Language English 中文(简化字) 中文(繁體字) 한국어 アクセシビリティ オープニングに戻る くらし・手続き 子育て・教育 健康・福祉 観光・文化・スポーツ 産業・事業者
30	苓北町	平成２８年度熊本県産業廃棄物最終処分場周辺環境整備等補助事業により街路灯を整備しました	https://reihoku-kumamoto.jp/kiji003499/index.html	平成２８年度熊本県産業廃棄物最終処分場周辺環境整備等補助事業により街路灯を整備しました / 苓北町 ヘッダーをスキップ 本文へジャンプ Foreign Language English 中文(简化字) 中文(繁體字) 한국어 アクセシビリティ オープニングに戻る くらし・手続き 子育て・教育 健康・福祉 観光・文化・ス
30	苓北町	平成27年4月1日から子どもの医療費助成を中学生までに拡大します	https://reihoku-kumamoto.jp/kiji003438/index.html	平成27年4月1日から子どもの医療費助成を中学生までに拡大します / 苓北町 ヘッダーをスキップ 本文へジャンプ Foreign Language English 中文(简化字) 中文(繁體字) 한국어 アクセシビリティ オープニングに戻る くらし・手続き 子育て・教育 健康・福祉 観光・文化・スポーツ 産業・事業者
30	苓北町	移植のために骨髄等を提供する方（ドナー）に助成を行います	https://reihoku-kumamoto.jp/kiji003435/index.html	移植のために骨髄等を提供する方（ドナー）に助成を行います / 苓北町 ヘッダーをスキップ 本文へジャンプ Foreign Language English 中文(简化字) 中文(繁體字) 한국어 アクセシビリティ オープニングに戻る くらし・手続き 子育て・教育 健康・福祉 観光・文化・スポーツ 産業・事業者 町政情報
30	苓北町	日常生活用具給付事業	https://reihoku-kumamoto.jp/kiji003775/index.html	日常生活用具給付事業 / 苓北町 ヘッダーをスキップ 本文へジャンプ Foreign Language English 中文(简化字) 中文(繁體字) 한국어 アクセシビリティ オープニングに戻る くらし・手続き 子育て・教育 健康・福祉 観光・文化・スポーツ 産業・事業者 町政情報 オープニングに戻る 会員申込み 行
30	苓北町	苓北町老人あん摩、はり、きゅう等の施術料金助成が変更になります	https://reihoku-kumamoto.jp/kiji003422/index.html	苓北町老人あん摩、はり、きゅう等の施術料金助成が変更になります / 苓北町 ヘッダーをスキップ 本文へジャンプ Foreign Language English 中文(简化字) 中文(繁體字) 한국어 アクセシビリティ オープニングに戻る くらし・手続き 子育て・教育 健康・福祉 観光・文化・スポーツ 産業・事業者 町
30	苓北町	苓北町難聴児補聴器購入費助成事業	https://reihoku-kumamoto.jp/kiji003687/index.html	苓北町難聴児補聴器購入費助成事業 / 苓北町 ヘッダーをスキップ 本文へジャンプ Foreign Language English 中文(简化字) 中文(繁體字) 한국어 アクセシビリティ オープニングに戻る くらし・手続き 子育て・教育 健康・福祉 観光・文化・スポーツ 産業・事業者 町政情報 オープニングに戻る 会
30	苓北町	やさしい町づくり住宅助成事業（障がい者向け）	https://reihoku-kumamoto.jp/kiji003797/index.html	やさしい町づくり住宅助成事業（障がい者向け） / 苓北町 ヘッダーをスキップ 本文へジャンプ Foreign Language English 中文(简化字) 中文(繁體字) 한국어 アクセシビリティ オープニングに戻る くらし・手続き 子育て・教育 健康・福祉 観光・文化・スポーツ 産業・事業者 町政情報 オープニン
30	苓北町	重度心身障がい者医療費助成事業	https://reihoku-kumamoto.jp/kiji003700/index.html	重度心身障がい者医療費助成事業 / 苓北町 ヘッダーをスキップ 本文へジャンプ Foreign Language English 中文(简化字) 中文(繁體字) 한국어 アクセシビリティ オープニングに戻る くらし・手続き 子育て・教育 健康・福祉 観光・文化・スポーツ 産業・事業者 町政情報 オープニングに戻る 会員
30	苓北町	一部負担金の減免について	https://reihoku-kumamoto.jp/kiji003674/index.html	一部負担金の減免について / 苓北町 ヘッダーをスキップ 本文へジャンプ Foreign Language English 中文(简化字) 中文(繁體字) 한국어 アクセシビリティ オープニングに戻る くらし・手続き 子育て・教育 健康・福祉 観光・文化・スポーツ 産業・事業者 町政情報 オープニングに戻る 会員申込み
30	苓北町	介護保険住宅改造助成費交付申請	https://reihoku-kumamoto.jp/kiji003707/index.html	介護保険住宅改造助成費交付申請 / 苓北町 ヘッダーをスキップ 本文へジャンプ Foreign Language English 中文(简化字) 中文(繁體字) 한국어 アクセシビリティ オープニングに戻る くらし・手続き 子育て・教育 健康・福祉 観光・文化・スポーツ 産業・事業者 町政情報 オープニングに戻る 会員
30	苓北町	介護保険料の減免や猶予申請	https://reihoku-kumamoto.jp/kiji003705/index.html	介護保険料の減免や猶予申請 / 苓北町 ヘッダーをスキップ 本文へジャンプ Foreign Language English 中文(简化字) 中文(繁體字) 한국어 アクセシビリティ オープニングに戻る くらし・手続き 子育て・教育 健康・福祉 観光・文化・スポーツ 産業・事業者 町政情報 オープニングに戻る 会員申込
30	苓北町	【対象者拡大】「ワーキングスペース富岡城東角櫓」を利用される人に助成金を交付します！	https://reihoku-kumamoto.jp/kiji0031283/index.html	【対象者拡大】「ワーキングスペース富岡城東角櫓」を利用される人に助成金を交付します！ / 苓北町 ヘッダーをスキップ 本文へジャンプ Foreign Language English 中文(简化字) 中文(繁體字) 한국어 アクセシビリティ オープニングに戻る くらし・手続き 子育て・教育 健康・福祉 観光・文化・スポ
30	苓北町	スポーツ振興くじ助成事業完了について	https://reihoku-kumamoto.jp/kiji003633/index.html	スポーツ振興くじ助成事業完了について / 苓北町 ヘッダーをスキップ 本文へジャンプ Foreign Language English 中文(简化字) 中文(繁體字) 한국어 アクセシビリティ オープニングに戻る くらし・手続き 子育て・教育 健康・福祉 観光・文化・スポーツ 産業・事業者 町政情報 オープニングに戻る
30	苓北町	スポーツ振興くじ助成事業が完了しました	https://reihoku-kumamoto.jp/kiji003537/index.html	スポーツ振興くじ助成事業が完了しました / 苓北町 ヘッダーをスキップ 本文へジャンプ Foreign Language English 中文(简化字) 中文(繁體字) 한국어 アクセシビリティ オープニングに戻る くらし・手続き 子育て・教育 健康・福祉 観光・文化・スポーツ 産業・事業者 町政情報 オープニングに戻
30	苓北町	町内小規模事業者を支援します（苓北町小規模事業者等支援補助金）	https://reihoku-kumamoto.jp/kiji003957/index.html	町内小規模事業者を支援します（苓北町小規模事業者等支援補助金） / 苓北町 ヘッダーをスキップ 本文へジャンプ Foreign Language English 中文(简化字) 中文(繁體字) 한국어 アクセシビリティ オープニングに戻る くらし・手続き 子育て・教育 健康・福祉 観光・文化・スポーツ 産業・事業者 町
25	苓北町	～児童扶養手当（全部支給停止者含む）、ひとり親家庭等医療費助成を受けている人へ～	https://reihoku-kumamoto.jp/kiji0032307/index.html	～児童扶養手当（全部支給停止者含む）、ひとり親家庭等医療費助成を受けている人へ～ / 苓北町 ヘッダーをスキップ 本文へジャンプ Foreign Language English 中文(简化字) 中文(繁體字) 한국어 アクセシビリティ オープニングに戻る くらし・手続き 子育て・教育 健康・福祉 観光・文化・スポーツ
25	苓北町	老人クラブ運営補助金制度	https://reihoku-kumamoto.jp/kiji003766/index.html	老人クラブ運営補助金制度 / 苓北町 ヘッダーをスキップ 本文へジャンプ Foreign Language English 中文(简化字) 中文(繁體字) 한국어 アクセシビリティ オープニングに戻る くらし・手続き 子育て・教育 健康・福祉 観光・文化・スポーツ 産業・事業者 町政情報 オープニングに戻る 会員申込み
25	苓北町	障がい者各種手当	https://reihoku-kumamoto.jp/kiji003796/index.html	障がい者各種手当 / 苓北町 ヘッダーをスキップ 本文へジャンプ Foreign Language English 中文(简化字) 中文(繁體字) 한국어 アクセシビリティ オープニングに戻る くらし・手続き 子育て・教育 健康・福祉 観光・文化・スポーツ 産業・事業者 町政情報 オープニングに戻る 会員申込み 行政ト
25	苓北町	「難聴児補聴器購入費助成事業」を実施します	https://reihoku-kumamoto.jp/kiji003207/index.html	「難聴児補聴器購入費助成事業」を実施します / 苓北町 ヘッダーをスキップ 本文へジャンプ Foreign Language English 中文(简化字) 中文(繁體字) 한국어 アクセシビリティ オープニングに戻る くらし・手続き 子育て・教育 健康・福祉 観光・文化・スポーツ 産業・事業者 町政情報 オープニング
25	苓北町	スポーツ振興くじ助成事業が完了しました	https://reihoku-kumamoto.jp/kiji003497/index.html	スポーツ振興くじ助成事業が完了しました / 苓北町 ヘッダーをスキップ 本文へジャンプ Foreign Language English 中文(简化字) 中文(繁體字) 한국어 アクセシビリティ オープニングに戻る くらし・手続き 子育て・教育 健康・福祉 観光・文化・スポーツ 産業・事業者 町政情報 オープニングに戻
25	苓北町	スポーツ振興くじ助成事業を実施しています	https://reihoku-kumamoto.jp/kiji003607/index.html	スポーツ振興くじ助成事業を実施しています / 苓北町 ヘッダーをスキップ 本文へジャンプ Foreign Language English 中文(简化字) 中文(繁體字) 한국어 アクセシビリティ オープニングに戻る くらし・手続き 子育て・教育 健康・福祉 観光・文化・スポーツ 産業・事業者 町政情報 オープニングに
25	苓北町	スポーツ振興くじ助成事業実施について	https://reihoku-kumamoto.jp/kiji003524/index.html	スポーツ振興くじ助成事業実施について / 苓北町 ヘッダーをスキップ 本文へジャンプ Foreign Language English 中文(简化字) 中文(繁體字) 한국어 アクセシビリティ オープニングに戻る くらし・手続き 子育て・教育 健康・福祉 観光・文化・スポーツ 産業・事業者 町政情報 オープニングに戻る
25	苓北町	スポーツ振興くじ助成事業を実施しています	https://reihoku-kumamoto.jp/kiji003485/index.html	スポーツ振興くじ助成事業を実施しています / 苓北町 ヘッダーをスキップ 本文へジャンプ Foreign Language English 中文(简化字) 中文(繁體字) 한국어 アクセシビリティ オープニングに戻る くらし・手続き 子育て・教育 健康・福祉 観光・文化・スポーツ 産業・事業者 町政情報 オープニングに
25	苓北町	スポーツ振興くじ助成事業「苓北夕やけマラソン２０２２」を開催しました	https://reihoku-kumamoto.jp/kiji003426/index.html	スポーツ振興くじ助成事業「苓北夕やけマラソン２０２２」を開催しました / 苓北町 ヘッダーをスキップ 本文へジャンプ Foreign Language English 中文(简化字) 中文(繁體字) 한국어 アクセシビリティ オープニングに戻る くらし・手続き 子育て・教育 健康・福祉 観光・文化・スポーツ 産業・事業
23	苓北町	手当・支援・助成	https://reihoku-kumamoto.jp/list00161.html	手当・支援・助成 / 苓北町 ヘッダーをスキップ 本文へジャンプ Foreign Language English 中文(简化字) 中文(繁體字) 한국어 アクセシビリティ オープニングに戻る くらし・手続き 子育て・教育 健康・福祉 観光・文化・スポーツ 産業・事業者 町政情報 オープニングに戻る 会員申込み 行政ト
23	苓北町	奨学金・高校支援	https://reihoku-kumamoto.jp/list00570.html	奨学金・高校支援 / 苓北町 ヘッダーをスキップ 本文へジャンプ Foreign Language English 中文(简化字) 中文(繁體字) 한국어 アクセシビリティ オープニングに戻る くらし・手続き 子育て・教育 健康・福祉 観光・文化・スポーツ 産業・事業者 町政情報 オープニングに戻る 会員申込み 行政ト
22	苓北町	医療費の自己負担限度額について	https://reihoku-kumamoto.jp/kiji003732/index.html	医療費の自己負担限度額について / 苓北町 ヘッダーをスキップ 本文へジャンプ Foreign Language English 中文(简化字) 中文(繁體字) 한국어 アクセシビリティ オープニングに戻る くらし・手続き 子育て・教育 健康・福祉 観光・文化・スポーツ 産業・事業者 町政情報 オープニングに戻る 会員
17	苓北町	医療費のお知らせ（医療費通知）が確定申告に使用できます	https://reihoku-kumamoto.jp/kiji003950/index.html	医療費のお知らせ（医療費通知）が確定申告に使用できます / 苓北町 ヘッダーをスキップ 本文へジャンプ Foreign Language English 中文(简化字) 中文(繁體字) 한국어 アクセシビリティ オープニングに戻る くらし・手続き 子育て・教育 健康・福祉 観光・文化・スポーツ 産業・事業者 町政情報
