score	organization	title	url	evidence
42	高千穂町	高千穂町骨髄等移植ドナー支援事業	https://www.town-takachiho.jp/top/kenko_fukushi/kenko_zukuri/3877.html	高千穂町骨髄等移植ドナー支援事業／高千穂町 スマートフォン版を表示 本文へ 文字サイズ変更 背景色 現在のページ ホーム くらし・行政 健康・福祉 健康づくり 高千穂町骨髄等移植ドナー支援事業 高千穂町骨髄等移植ドナー支援事業 奨励金の交付について 高千穂町では、骨髄等提供者（ドナー）の負担軽減を図ることを目的として、ドナー及びその方を雇用している事業所を対象に奨励金を交付します。 交付対象者 ドナー ・日本骨髄バンクが実施する骨髄等の提供を完了した日に、高千穂町内に住所がある方 ドナーが勤務する事業所の事業主 ・高千穂町内に事業所を設置している方 （国及び地方公共団体等並びに個人事業主を除く。） 奨励金の額 ドナー 1日につき2万円（最大7日まで） 事業所 1日につき1万円（最大7日まで） 申請に必要な書類
42	高千穂町	重度心身障害者医療費助成申請書(請求書)について	https://www.town-takachiho.jp/top/kenko_fukushi/shogai_fukushi/949.html	重度心身障害者医療費助成申請書(請求書)について／高千穂町 スマートフォン版を表示 本文へ 文字サイズ変更 背景色 現在のページ ホーム くらし・行政 健康・福祉 障害福祉 重度心身障害者医療費助成申請書(請求書)について 重度心身障害者医療費助成申請書(請求書)について 一旦「保存」し、「編集を有効にする」をしてから利用してください。 重度心身障害者医療費助成申請書(請求書) (PDFファイル: 133.3KB) 重心医療費助成について 対象者 身体障害者手帳1級、2級所持者 療育手帳A所持者 身体障害者手帳3級と療育手帳Bの両方所持者 精神障害者保健福祉手帳1級所持者（令和7年10月～） 助成の内容 1ヶ月の医療費合計（保険適用の診察費・歯科・眼科等）が、下記の限度額を超えた分を助成します。（ただし、入院時
42	高千穂町	子育て支援金について	https://www.town-takachiho.jp/top/kosodate_kyoiku/teate/851.html	子育て支援金について／高千穂町 スマートフォン版を表示 本文へ 文字サイズ変更 背景色 現在のページ ホーム くらし・行政 子育て・教育 手当・助成 子育て支援金について 子育て支援金について 高千穂町では、出産を奨励し子育てを支援することにより、定住の促進と活力ある町づくりを図ることを目的に支援金支給条例を制定しております。 支援金の内容 第1子・第2子の出生時・小学校入学時・中学校入学時 50,000円 第3子以降は第2子の額に 50,000円 ずつ加算した額 例）第3子 100,000円 第4子 150,000円 第5子 200,000円 申請は原則として、出生届提出後または入学式後、3ヶ月以内となっております。 対象者 次の条件を満たす方は、所得に関係なくどなたでも申請をすることができます。 条件1 本
42	高千穂町	こども医療費助成制度について	https://www.town-takachiho.jp/top/kosodate_kyoiku/teate/915.html	こども医療費助成制度について／高千穂町 スマートフォン版を表示 本文へ 文字サイズ変更 背景色 現在のページ ホーム くらし・行政 子育て・教育 手当・助成 こども医療費助成制度について こども医療費助成制度について こども医療費助成制度 こどもの健全な発育と福祉の向上を図ることを目的とし、医療費の全額または一部を助成する制度です。 高千穂町では、医療費の全額（保険内診療分のみ）を助成しています。 対象者 高千穂町にお住まいで、健康保険に加入している中学3年生までのこども（0歳から15歳到達前日以後最初の3月31日まで） 所得制限はありません。 生活保護を受けている人は助成を受けることができません。 部活動や登下校中を含む学校管理下や、保育園等で「ケガ」をして、日本スポーツ振興センターの「災害共済給付制度」等の
42	高千穂町	物価高対応子育て応援手当について	https://www.town-takachiho.jp/top/kosodate_kyoiku/teate/4333.html	物価高対応子育て応援手当について／高千穂町 スマートフォン版を表示 本文へ 文字サイズ変更 背景色 現在のページ ホーム くらし・行政 子育て・教育 手当・助成 物価高対応子育て応援手当について 物価高対応子育て応援手当について 物価高対応子育て応援手当について 概要 物価高の影響が長期化し、その影響が様々な人々に及ぶ中、特にその影響を強く受けている子育て世帯を力強く支援し、こどもたちの健やかな成長を応援する観点から、 子ども1人あたり2万円 の物価高対応子育て応援手当を支給します。 対象 ・ 令和7年9月分（以下基準日） の児童手当を受給していた方 ・基準日～令和8年3月31日までに出生した児童 ・離婚（調停を含む）により、基準日以降に児童手当の受給者となった方 ・DV被害により児童とともに避難し、基準日以降
42	高千穂町	国保税	https://www.town-takachiho.jp/top/kurashi/kokuminkenko/896.html	国保税／高千穂町 スマートフォン版を表示 本文へ 文字サイズ変更 背景色 現在のページ ホーム くらし・行政 くらし・手続き 国民健康保険 国保税 国保税 1．国民健康保険税とは 国民健康保険税は、いつどんなときにかかるかわからない病気やケガにそなえて加入者が日頃から収入や資産に応じて保険税を出し合い、そこから医療費を支出しようという相互扶助をささえる目的税です。 2．高千穂町での国保税納税義務者は 高千穂町内に住んでいる方（3ヶ月を超えて滞在予定の外国人を含む）で、他の医療保険に加入されている方、生活保護を受けている方以外は国民健康保険に加入し、国保税を納税していただく義務があります。 また、納税義務者は世帯主となります。世帯主が社会保険や後期高齢者医療制度の加入者であっても、世帯員に国保被保険者がいれば世帯
42	高千穂町	高千穂町特別融資制度について	https://www.town-takachiho.jp/top/sangyo/shoko/3780.html	高千穂町特別融資制度について／高千穂町 スマートフォン版を表示 本文へ 文字サイズ変更 背景色 現在のページ ホーム くらし・行政 産業 商工業 高千穂町特別融資制度について 高千穂町特別融資制度について 高千穂町特別融資制度について 高千穂町では、町内の中小企業の活性化、環境改善及び経営安定を図るために特別融資制度を実施しています。各制度については、以下のとおりです。 高千穂町中小事業者特別融資制度 〇貸付金利： 2．00％ 〇融資期間：84月以内（据置期間6月以内） 〇資金の使途：事業経営上必要な運転資金及び設備資金 高千穂町小口零細企業融資制度 〇貸付金利： 1．90％ 〇融資期間：84月以内（据置期間6月以内） 〇資金の使途：事業経営上必要な運転資金及び設備資金 高千穂町中小企業者特別融資等に係る利子補
42	高千穂町	国保税	https://www.town-takachiho.jp/top/soshiki/fukushihoken/2/2/393.html	国保税／高千穂町 スマートフォン版を表示 本文へ 文字サイズ変更 背景色 現在のページ ホーム くらし・行政 組織から探す 福祉保険課 くらし・手続き 国民健康保険 国保税 国保税 1．国民健康保険税とは 国民健康保険税は、いつどんなときにかかるかわからない病気やケガにそなえて加入者が日頃から収入や資産に応じて保険税を出し合い、そこから医療費を支出しようという相互扶助をささえる目的税です。 2．高千穂町での国保税納税義務者は 高千穂町内に住んでいる方（3ヶ月を超えて滞在予定の外国人を含む）で、他の医療保険に加入されている方、生活保護を受けている方以外は国民健康保険に加入し、国保税を納税していただく義務があります。 また、納税義務者は世帯主となります。世帯主が社会保険や後期高齢者医療制度の加入者であっても、世帯員
42	高千穂町	重度心身障害者医療費助成申請書(請求書)について	https://www.town-takachiho.jp/top/soshiki/fukushihoken/3/3/444.html	重度心身障害者医療費助成申請書(請求書)について／高千穂町 スマートフォン版を表示 本文へ 文字サイズ変更 背景色 現在のページ ホーム くらし・行政 組織から探す 福祉保険課 健康・福祉 障害福祉 重度心身障害者医療費助成申請書(請求書)について 重度心身障害者医療費助成申請書(請求書)について 一旦「保存」し、「編集を有効にする」をしてから利用してください。 重度心身障害者医療費助成申請書(請求書) (PDFファイル: 133.3KB) 重心医療費助成について 対象者 身体障害者手帳1級、2級所持者 療育手帳A所持者 身体障害者手帳3級と療育手帳Bの両方所持者 精神障害者保健福祉手帳1級所持者（令和7年10月～） 助成の内容 1ヶ月の医療費合計（保険適用の診察費・歯科・眼科等）が、下記の限度額を超えた分を助
42	高千穂町	子育て支援金について	https://www.town-takachiho.jp/top/soshiki/fukushihoken/4/4/351.html	子育て支援金について／高千穂町 スマートフォン版を表示 本文へ 文字サイズ変更 背景色 現在のページ ホーム くらし・行政 組織から探す 福祉保険課 子育て・教育 手当・助成 子育て支援金について 子育て支援金について 高千穂町では、出産を奨励し子育てを支援することにより、定住の促進と活力ある町づくりを図ることを目的に支援金支給条例を制定しております。 支援金の内容 第1子・第2子の出生時・小学校入学時・中学校入学時 50,000円 第3子以降は第2子の額に 50,000円 ずつ加算した額 例）第3子 100,000円 第4子 150,000円 第5子 200,000円 申請は原則として、出生届提出後または入学式後、3ヶ月以内となっております。 対象者 次の条件を満たす方は、所得に関係なくどなたでも申請をするこ
42	高千穂町	こども医療費助成制度について	https://www.town-takachiho.jp/top/soshiki/fukushihoken/4/4/412.html	こども医療費助成制度について／高千穂町 スマートフォン版を表示 本文へ 文字サイズ変更 背景色 現在のページ ホーム くらし・行政 組織から探す 福祉保険課 子育て・教育 手当・助成 こども医療費助成制度について こども医療費助成制度について こども医療費助成制度 こどもの健全な発育と福祉の向上を図ることを目的とし、医療費の全額または一部を助成する制度です。 高千穂町では、医療費の全額（保険内診療分のみ）を助成しています。 対象者 高千穂町にお住まいで、健康保険に加入している中学3年生までのこども（0歳から15歳到達前日以後最初の3月31日まで） 所得制限はありません。 生活保護を受けている人は助成を受けることができません。 部活動や登下校中を含む学校管理下や、保育園等で「ケガ」をして、日本スポーツ振興センター
42	高千穂町	物価高対応子育て応援手当について	https://www.town-takachiho.jp/top/soshiki/fukushihoken/4/4/4332.html	物価高対応子育て応援手当について／高千穂町 スマートフォン版を表示 本文へ 文字サイズ変更 背景色 現在のページ ホーム くらし・行政 組織から探す 福祉保険課 子育て・教育 手当・助成 物価高対応子育て応援手当について 物価高対応子育て応援手当について 物価高対応子育て応援手当について 概要 物価高の影響が長期化し、その影響が様々な人々に及ぶ中、特にその影響を強く受けている子育て世帯を力強く支援し、こどもたちの健やかな成長を応援する観点から、 子ども1人あたり2万円 の物価高対応子育て応援手当を支給します。 対象 ・ 令和7年9月分（以下基準日） の児童手当を受給していた方 ・基準日～令和8年3月31日までに出生した児童 ・離婚（調停を含む）により、基準日以降に児童手当の受給者となった方 ・DV被害により児童
42	高千穂町	高千穂町骨髄等移植ドナー支援事業	https://www.town-takachiho.jp/top/soshiki/genkiso/3/2/3876.html	高千穂町骨髄等移植ドナー支援事業／高千穂町 スマートフォン版を表示 本文へ 文字サイズ変更 背景色 現在のページ ホーム くらし・行政 組織から探す 保健福祉総合センターげんき荘 健康・福祉 健康づくり 高千穂町骨髄等移植ドナー支援事業 高千穂町骨髄等移植ドナー支援事業 奨励金の交付について 高千穂町では、骨髄等提供者（ドナー）の負担軽減を図ることを目的として、ドナー及びその方を雇用している事業所を対象に奨励金を交付します。 交付対象者 ドナー ・日本骨髄バンクが実施する骨髄等の提供を完了した日に、高千穂町内に住所がある方 ドナーが勤務する事業所の事業主 ・高千穂町内に事業所を設置している方 （国及び地方公共団体等並びに個人事業主を除く。） 奨励金の額 ドナー 1日につき2万円（最大7日まで） 事業所 1日につ
42	高千穂町	1か月児健診費用助成について	https://www.town-takachiho.jp/top/soshiki/genkiso/4/2/4066.html	1か月児健診費用助成について／高千穂町 スマートフォン版を表示 本文へ 文字サイズ変更 背景色 現在のページ ホーム くらし・行政 組織から探す 保健福祉総合センターげんき荘 子育て・教育 手当・助成 1か月児健診費用助成について 1か月児健診費用助成について 令和7年4月1日より1か月児健診の費用助成が始まりました 助成対象者 ・令和7年4月1日以降に出生し、生後27日～生後6週ごろまでに1か月児健康診査を受診した乳児の保護者 ・乳児の1か月児健康診査受診時に、高千穂町に住民登録のある方。 助成上限額 ・6,000円 ※上限額よりも健診費用が高額の場合、差額は自己負担となります。 助成を受ける方法 ・医療機関の窓口で、オレンジ色の紙と白色の問診票（母子手帳交付時に配布）をご提出ください。 助成券の使える医療機
37	高千穂町	【新型コロナウイルス感染症・物価高騰対応重点支援】地方創生臨時交付金 令和2～6年度効果検証について	https://www.town-takachiho.jp/top/gyosei/chihososei/3049.html	【新型コロナウイルス感染症・物価高騰対応重点支援】地方創生臨時交付金 令和2～6年度効果検証について／高千穂町 スマートフォン版を表示 本文へ 文字サイズ変更 背景色 現在のページ ホーム くらし・行政 行政情報 地方創生 【新型コロナウイルス感染症・物価高騰対応重点支援】地方創生臨時交付金 令和2～6年度効果検証について 【新型コロナウイルス感染症・物価高騰対応重点支援】地方創生臨時交付金 令和2～6年度効果検証について ■新型コロナウイルス感染症対応地方創生臨時交付金および物価高騰対応重点支援地方創生臨時交付金の効果検証について 新型コロナウイルス感染症および物価高騰により影響を受けている地域経済や住民生活を支援し地方創生を図るため、国より「新型コロナウイルス感染症対応地方創生臨時交付金」「物価高騰対応重点
36	高千穂町	保険料を滞納すると?	https://www.town-takachiho.jp/top/kurashi/kaigo/884.html	保険料を滞納すると?／高千穂町 スマートフォン版を表示 本文へ 文字サイズ変更 背景色 現在のページ ホーム くらし・行政 くらし・手続き 介護保険 保険料を滞納すると? 保険料を滞納すると? 介護保険料は、介護サービスに必要な費用をまかなう重要な財源です。財源の半分を国・県・町が負担し、残りの半分を皆様から納めて頂く介護保険料でまかなっています。そのため、納付が遅れると介護保険制度の健全な運営に支障をしたしてしまうため、災害など特別な事情も無く保険料の滞納が続く場合、未納期間に応じて 給付が一時差し止め になったり、 自己負担が増える 次のような措置をとられます。 1年以上滞納した場合 サービスを利用したときに、いったん利用料金の全額を自己負担しなけらばならなくなります。 申請によりあとから保険給付費（7～9
36	高千穂町	保険料を滞納すると?	https://www.town-takachiho.jp/top/soshiki/genkiso/kaigo_kaigohoken/3/382.html	保険料を滞納すると?／高千穂町 スマートフォン版を表示 本文へ 文字サイズ変更 背景色 現在のページ ホーム くらし・行政 組織から探す 保健福祉総合センターげんき荘 介護・介護保険 介護保険 保険料を滞納すると? 保険料を滞納すると? 介護保険料は、介護サービスに必要な費用をまかなう重要な財源です。財源の半分を国・県・町が負担し、残りの半分を皆様から納めて頂く介護保険料でまかなっています。そのため、納付が遅れると介護保険制度の健全な運営に支障をしたしてしまうため、災害など特別な事情も無く保険料の滞納が続く場合、未納期間に応じて 給付が一時差し止め になったり、 自己負担が増える 次のような措置をとられます。 1年以上滞納した場合 サービスを利用したときに、いったん利用料金の全額を自己負担しなけらばならなくなり
34	高千穂町	高齢者肺炎球菌定期予防接種について	https://www.town-takachiho.jp/top/kenko_fukushi/kenshin/877.html	高齢者肺炎球菌定期予防接種について／高千穂町 スマートフォン版を表示 本文へ 文字サイズ変更 背景色 現在のページ ホーム くらし・行政 健康・福祉 検診・予防接種 高齢者肺炎球菌定期予防接種について 高齢者肺炎球菌定期予防接種について 下記の定期接種対象者に対し、高齢者肺炎球菌予防接種費用の一部助成を行います。 なお、接種を希望される方は、事前に医療機関に予約をしていただき、接種ができるかをご確認していただく必要があります。 県外の医療機関で接種を希望される方は、医療機関へ依頼書を発行しますので、接種前に必ず保健センターげんき荘へご連絡ください。 ご不明な点は保健センターげんき荘0982－73－1717までお問い合わせください。 定期接種の対象者 ■対象となる方(定期接種は1⃣2⃣3⃣を通して 生涯で1回のみ
34	高千穂町	高齢者肺炎球菌定期予防接種について	https://www.town-takachiho.jp/top/life_scene/korei_kaigo/1122.html	高齢者肺炎球菌定期予防接種について／高千穂町 スマートフォン版を表示 本文へ 文字サイズ変更 背景色 現在のページ ホーム くらし・行政 ライフシーンから探す 高齢・介護 高齢者肺炎球菌定期予防接種について 高齢者肺炎球菌定期予防接種について 下記の定期接種対象者に対し、高齢者肺炎球菌予防接種費用の一部助成を行います。 なお、接種を希望される方は、事前に医療機関に予約をしていただき、接種ができるかをご確認していただく必要があります。 県外の医療機関で接種を希望される方は、医療機関へ依頼書を発行しますので、接種前に必ず保健センターげんき荘へご連絡ください。 ご不明な点は保健センターげんき荘0982－73－1717までお問い合わせください。 定期接種の対象者 ■対象となる方(定期接種は1⃣2⃣3⃣を通して 生涯で1
34	高千穂町	交通機関等の助成・割引・免除について	https://www.town-takachiho.jp/top/soshiki/fukushihoken/3/3/1994.html	交通機関等の助成・割引・免除について／高千穂町 スマートフォン版を表示 本文へ 文字サイズ変更 背景色 現在のページ ホーム くらし・行政 組織から探す 福祉保険課 健康・福祉 障害福祉 交通機関等の助成・割引・免除について 交通機関等の助成・割引・免除について 障害者手帳をお持ちの方は、タクシー・バス・鉄道・航空・船舶・有料道路通行料金の割引が受けられます。 【タクシー運賃割引】 宮崎県内のタクシーの乗車運賃が1割引されます。県外の利用は、直接タクシー会社に問い合わせてください。 割引を受けるには、手帳の提示が必要です。 高千穂町には、宮交タクシー0982-72-2121 神和交通0982-72-9001 ひなげし福祉タクシー0982-72-3383があります。 【ふれあいバス運賃割引】 町内を運行するふれあ
34	高千穂町	高齢者肺炎球菌定期予防接種について	https://www.town-takachiho.jp/top/soshiki/genkiso/3/3/375.html	高齢者肺炎球菌定期予防接種について／高千穂町 スマートフォン版を表示 本文へ 文字サイズ変更 背景色 現在のページ ホーム くらし・行政 組織から探す 保健福祉総合センターげんき荘 健康・福祉 検診・予防接種 高齢者肺炎球菌定期予防接種について 高齢者肺炎球菌定期予防接種について 下記の定期接種対象者に対し、高齢者肺炎球菌予防接種費用の一部助成を行います。 なお、接種を希望される方は、事前に医療機関に予約をしていただき、接種ができるかをご確認していただく必要があります。 県外の医療機関で接種を希望される方は、医療機関へ依頼書を発行しますので、接種前に必ず保健センターげんき荘へご連絡ください。 ご不明な点は保健センターげんき荘0982－73－1717までお問い合わせください。 定期接種の対象者 ■対象となる方(定
33	高千穂町	不妊治療費の助成制度について(R5.11.27更新）	https://www.town-takachiho.jp/top/kosodate_kyoiku/teate/850.html	不妊治療費の助成制度について(R5.11.27更新）／高千穂町 スマートフォン版を表示 本文へ 文字サイズ変更 背景色 現在のページ ホーム くらし・行政 子育て・教育 手当・助成 不妊治療費の助成制度について(R5.11.27更新） 不妊治療費の助成制度について(R5.11.27更新） 高千穂町では、平成28年4月1日より、不妊治療を受ける方へ治療費の助成を行っています。 令和5年11月8日より宮崎県が不妊治療費助成事業を開始したことにより、 令和5年4月1日以降に治療を開始された方でR5年11月20日以降に申請書類をとりに来られる方の助成方法が変わります。 宮崎県の不妊治療費助成に該当される方は、宮崎県（窓口：高千穂保健所）の給付決定後に、高千穂町の申請（窓口：げんき荘）をしていただきます。 令和5年4月1
33	高千穂町	手当・助成	https://www.town-takachiho.jp/top/life_scene/kosodate/1141.html	手当・助成／高千穂町 スマートフォン版を表示 本文へ 文字サイズ変更 背景色 現在のページ ホーム くらし・行政 ライフシーンから探す 子育て 手当・助成 手当・助成 不妊治療費の助成制度について(R5.11.27更新） 子育て支援金について こども医療費助成制度について 物価高対応子育て応援手当について 更新日：2019年04月03日 子育て 妊娠・出産 子育て 入園・入学 引越し 仕事・就職 結婚・離婚 上下水道 高齢・介護 お悔やみ ページの先頭へ 〒882-1192 宮崎県西臼杵郡高千穂町大字三田井13 電話番号一覧 サイトマップ 組織を探す Copyright (C) Takachiho Town. All rights reserved.
33	高千穂町	不妊治療費の助成制度について(R5.11.27更新）	https://www.town-takachiho.jp/top/life_scene/ninshin/1123.html	不妊治療費の助成制度について(R5.11.27更新）／高千穂町 スマートフォン版を表示 本文へ 文字サイズ変更 背景色 現在のページ ホーム くらし・行政 ライフシーンから探す 妊娠・出産 不妊治療費の助成制度について(R5.11.27更新） 不妊治療費の助成制度について(R5.11.27更新） 高千穂町では、平成28年4月1日より、不妊治療を受ける方へ治療費の助成を行っています。 令和5年11月8日より宮崎県が不妊治療費助成事業を開始したことにより、 令和5年4月1日以降に治療を開始された方でR5年11月20日以降に申請書類をとりに来られる方の助成方法が変わります。 宮崎県の不妊治療費助成に該当される方は、宮崎県（窓口：高千穂保健所）の給付決定後に、高千穂町の申請（窓口：げんき荘）をしていただきます。 令和5
33	高千穂町	手当・助成	https://www.town-takachiho.jp/top/soshiki/fukushihoken/4/4/index.html	手当・助成／高千穂町 スマートフォン版を表示 本文へ 文字サイズ変更 背景色 現在のページ ホーム くらし・行政 組織から探す 福祉保険課 子育て・教育 手当・助成 手当・助成 子育て支援金について こども医療費助成制度について 物価高対応子育て応援手当について 更新日：2019年04月03日 子育て・教育 妊娠・出産 子育て 入園・入学 引越し 仕事・就職 結婚・離婚 上下水道 高齢・介護 お悔やみ ページの先頭へ 〒882-1192 宮崎県西臼杵郡高千穂町大字三田井13 電話番号一覧 サイトマップ 組織を探す Copyright (C) Takachiho Town. All rights reserved.
33	高千穂町	手当・助成	https://www.town-takachiho.jp/top/soshiki/genkiso/4/2/index.html	手当・助成／高千穂町 スマートフォン版を表示 本文へ 文字サイズ変更 背景色 現在のページ ホーム くらし・行政 組織から探す 保健福祉総合センターげんき荘 子育て・教育 手当・助成 手当・助成 不妊治療費の助成制度について(R5.11.27更新） 任意予防接種一部費用助成 1か月児健診費用助成について 更新日：2019年04月03日 子育て・教育 妊娠・出産 子育て 入園・入学 引越し 仕事・就職 結婚・離婚 上下水道 高齢・介護 お悔やみ ページの先頭へ 〒882-1192 宮崎県西臼杵郡高千穂町大字三田井13 電話番号一覧 サイトマップ 組織を探す Copyright (C) Takachiho Town. All rights reserved.
33	高千穂町	不妊治療費の助成制度について(R5.11.27更新）	https://www.town-takachiho.jp/top/soshiki/genkiso/4/2/458.html	不妊治療費の助成制度について(R5.11.27更新）／高千穂町 スマートフォン版を表示 本文へ 文字サイズ変更 背景色 現在のページ ホーム くらし・行政 組織から探す 保健福祉総合センターげんき荘 子育て・教育 手当・助成 不妊治療費の助成制度について(R5.11.27更新） 不妊治療費の助成制度について(R5.11.27更新） 高千穂町では、平成28年4月1日より、不妊治療を受ける方へ治療費の助成を行っています。 令和5年11月8日より宮崎県が不妊治療費助成事業を開始したことにより、 令和5年4月1日以降に治療を開始された方でR5年11月20日以降に申請書類をとりに来られる方の助成方法が変わります。 宮崎県の不妊治療費助成に該当される方は、宮崎県（窓口：高千穂保健所）の給付決定後に、高千穂町の申請（窓口：げ
33	高千穂町	任意予防接種一部費用助成	https://www.town-takachiho.jp/top/soshiki/genkiso/4/2/1404.html	任意予防接種一部費用助成／高千穂町 スマートフォン版を表示 本文へ 文字サイズ変更 背景色 現在のページ ホーム くらし・行政 組織から探す 保健福祉総合センターげんき荘 子育て・教育 手当・助成 任意予防接種一部費用助成 任意予防接種一部費用助成 おたふくかぜ（流行性耳下腺炎）/3種混合 高千穂町では、令和6年度より任意予防接種（おたふくかぜ）に加え、任意予防接種（3種混合）の接種費用助成を行います。 令和7年度任意予防接種助成案内 (PDFファイル: 248.0KB) この記事に関するお問い合わせ先 保健福祉総合センターげんき荘 〒882-1101 宮崎県西臼杵郡高千穂町大字三田井435-1 電話番号：0982-73-1717 ファックス：0982-73-1707 メールフォームによるお問い合わせ PDFフ
32	高千穂町	自立支援医療(更生・育成・精神通院)について	https://www.town-takachiho.jp/top/kenko_fukushi/shogai_fukushi/951.html	自立支援医療(更生・育成・精神通院)について／高千穂町 スマートフォン版を表示 本文へ 文字サイズ変更 背景色 現在のページ ホーム くらし・行政 健康・福祉 障害福祉 自立支援医療(更生・育成・精神通院)について 自立支援医療(更生・育成・精神通院)について 更生医療とは 身体障害者手帳を持っている方が、手帳に記載のある障害について手術や治療を行ったときに医療費を助成するものです。ただし、心 臓手術など緊急を要する場合は、手帳との同時申請が認められています。 1年ごとに更新手続きが必要です。 所得に応じて、ひと月当たりの自己負担額を決定しています。 申請には、手帳・印鑑・マイナンバー・保険証・所定の診断書（新規のとき、治療方針が変わるとき）・特定疾病受給者証（透析の方のみ）が必要です。 育成医療とは 障害に係
32	高千穂町	本町施設で「障がい者手帳アプリ（ミライロID）」が使えるようになりました。	https://www.town-takachiho.jp/top/kenko_fukushi/shogai_fukushi/2332.html	本町施設で「障がい者手帳アプリ（ミライロID）」が使えるようになりました。／高千穂町 スマートフォン版を表示 本文へ 文字サイズ変更 背景色 現在のページ ホーム くらし・行政 健康・福祉 障害福祉 本町施設で「障がい者手帳アプリ（ミライロID）」が使えるようになりました。 本町施設で「障がい者手帳アプリ（ミライロID）」が使えるようになりました。 本町施設における使用料等の障がい者減免を受ける際に、減免要件を確認する書類として、これまでは障がい者手帳が必要でしたが、障がい者手帳に加え、6月14日から新たに「障がい者手帳アプリ（ミライロID）」が利用できるようになりました。 公共の場で障がい者手帳を提示することに心理的負担のある障がい者の方もいることなどから、スマートフォンを使って減免要件を確認できるようにする
32	高千穂町	各種税証明書の料金	https://www.town-takachiho.jp/top/kurashi/zeikin/862.html	各種税証明書の料金／高千穂町 スマートフォン版を表示 本文へ 文字サイズ変更 背景色 現在のページ ホーム くらし・行政 くらし・手続き 税金 各種税証明書の料金 各種税証明書の料金 役場税務課の窓口か出張所窓口にて 申請することが出来ます。 また、遠方にお住まいの方は、郵便で請求することができます。 （郵便請求の方法はこちらまで） 1.所得証明書 一通300円 前年分の所得についての証明です。ただし、1月1日～6月中旬に発行できる証明は、前々年分の所得の証明になります。 主な用途 金融機関への融資申し込み、保証人になるとき、会社への扶養の申請など 2.課税証明書（記載事項証明） 一通300円 所得証明書と似ていますが、町県民税額も記載されます。 主な用途 県営・町営住宅の入居の申請、各種学校への提出書類、奨学
32	高千穂町	自立支援医療(更生・育成・精神通院)について	https://www.town-takachiho.jp/top/soshiki/fukushihoken/3/3/446.html	自立支援医療(更生・育成・精神通院)について／高千穂町 スマートフォン版を表示 本文へ 文字サイズ変更 背景色 現在のページ ホーム くらし・行政 組織から探す 福祉保険課 健康・福祉 障害福祉 自立支援医療(更生・育成・精神通院)について 自立支援医療(更生・育成・精神通院)について 更生医療とは 身体障害者手帳を持っている方が、手帳に記載のある障害について手術や治療を行ったときに医療費を助成するものです。ただし、心 臓手術など緊急を要する場合は、手帳との同時申請が認められています。 1年ごとに更新手続きが必要です。 所得に応じて、ひと月当たりの自己負担額を決定しています。 申請には、手帳・印鑑・マイナンバー・保険証・所定の診断書（新規のとき、治療方針が変わるとき）・特定疾病受給者証（透析の方のみ）が必要です
32	高千穂町	本町施設で「障がい者手帳アプリ（ミライロID）」が使えるようになりました。	https://www.town-takachiho.jp/top/soshiki/fukushihoken/3/3/2331.html	本町施設で「障がい者手帳アプリ（ミライロID）」が使えるようになりました。／高千穂町 スマートフォン版を表示 本文へ 文字サイズ変更 背景色 現在のページ ホーム くらし・行政 組織から探す 福祉保険課 健康・福祉 障害福祉 本町施設で「障がい者手帳アプリ（ミライロID）」が使えるようになりました。 本町施設で「障がい者手帳アプリ（ミライロID）」が使えるようになりました。 本町施設における使用料等の障がい者減免を受ける際に、減免要件を確認する書類として、これまでは障がい者手帳が必要でしたが、障がい者手帳に加え、6月14日から新たに「障がい者手帳アプリ（ミライロID）」が利用できるようになりました。 公共の場で障がい者手帳を提示することに心理的負担のある障がい者の方もいることなどから、スマートフォンを使って減免
31	高千穂町	手当・助成	https://www.town-takachiho.jp/top/kosodate_kyoiku/teate/index.html	手当・助成／高千穂町 スマートフォン版を表示 本文へ 文字サイズ変更 背景色 現在のページ ホーム くらし・行政 子育て・教育 手当・助成 手当・助成 不妊治療費の助成制度について(R5.11.27更新） 子育て支援金について こども医療費助成制度について 物価高対応子育て応援手当について 更新日：2019年04月03日 子育て・教育 妊娠・出産 子育て 入園・入学 引越し 仕事・就職 結婚・離婚 上下水道 高齢・介護 お悔やみ ページの先頭へ 〒882-1192 宮崎県西臼杵郡高千穂町大字三田井13 電話番号一覧 サイトマップ 組織を探す Copyright (C) Takachiho Town. All rights reserved.
30	高千穂町	【新型コロナ臨時交付金】生活必需品支援事業（高校生向けの商品券配布事業）の検証結果について	https://www.town-takachiho.jp/top/gyosei/chihososei/2360.html	【新型コロナ臨時交付金】生活必需品支援事業（高校生向けの商品券配布事業）の検証結果について／高千穂町 スマートフォン版を表示 本文へ 文字サイズ変更 背景色 現在のページ ホーム くらし・行政 行政情報 地方創生 【新型コロナ臨時交付金】生活必需品支援事業（高校生向けの商品券配布事業）の検証結果について 【新型コロナ臨時交付金】生活必需品支援事業（高校生向けの商品券配布事業）の検証結果について ■生活必需品支援事業について 新型コロナウイルス感染症の感染拡大による学校の休業により、長く家庭内待機となった高等学校生等のいる家庭に対して、商品券を交付することで、生活費の支援を行うとともに、商工会発行の商品券を交付することにより、町内での消費喚起を行うことを目的として行いました。 （対象者） 平成14年4月2日から平
30	高千穂町	高千穂町アピアランスケアサポート助成事業の対象の拡大について（令和8年4月から）	https://www.town-takachiho.jp/top/kenko_fukushi/kenko_zukuri/3881.html	高千穂町アピアランスケアサポート助成事業の対象の拡大について（令和8年4月から）／高千穂町 スマートフォン版を表示 本文へ 文字サイズ変更 背景色 現在のページ ホーム くらし・行政 健康・福祉 健康づくり 高千穂町アピアランスケアサポート助成事業の対象の拡大について（令和8年4月から） 高千穂町アピアランスケアサポート助成事業の対象の拡大について（令和8年4月から） 高千穂町では、がん患者の方の心理的・経済的負担の軽減及び療養生活を支援するため、医療用ウィッグや乳房補整具等を必要とする方に、購入費用の一部を助成します。 ※令和8年4月から助成対象を乳房補整具にも拡大しました。 交付対象者（以下の全てに該当する方） 1．申請日時点で、高千穂町に住所がある方 2．がんと診断され、がんの治療（薬物療法、放射線療法、
30	高千穂町	帯状疱疹ワクチン定期予防接種についてのお知らせ	https://www.town-takachiho.jp/top/kenko_fukushi/kenshin/3840.html	帯状疱疹ワクチン定期予防接種についてのお知らせ／高千穂町 スマートフォン版を表示 本文へ 文字サイズ変更 背景色 現在のページ ホーム くらし・行政 健康・福祉 検診・予防接種 帯状疱疹ワクチン定期予防接種についてのお知らせ 帯状疱疹ワクチン定期予防接種についてのお知らせ 令和7年4月より帯状疱疹が定期予防接種※1となりました 令和7年度から令和11年度までの5年間に、年度年齢65歳から100歳までの5歳刻みで過去に帯状疱疹の予防接種を受けたことのない方を対象に、定期予防接種の一部費用助成を行います。 ※1定期予防接種：帯状疱疹予防接種は、予防接種法のB類疾病の定期接種に位置付けられます。個人の重症化を目的としており、接種の努力義務はありません。 令和8年度定期接種対象者(対象期間：令和8年4月1日～令和9年3
30	高千穂町	補装具・日常生活用具について	https://www.town-takachiho.jp/top/kenko_fukushi/shogai_fukushi/946.html	補装具・日常生活用具について／高千穂町 スマートフォン版を表示 本文へ 文字サイズ変更 背景色 現在のページ ホーム くらし・行政 健康・福祉 障害福祉 補装具・日常生活用具について 補装具・日常生活用具について 補装具について（購入・修理） 補装具とは、身体の欠損または身体の機能の損傷を補い、日常生活または職業を容易にするために必要な用具のことです。原則1割負担ですが、世帯の所得に応じて自己負担上限額が 決定されます。生活保護世帯・町民税非課税世帯は0円、町民税課税世帯は37,200円です。 対象者 身体障害者手帳をお持ちの方 申請には、手帳・印鑑が必要です。 補装具の種類によっては、県の身体障害者相談センターの判定が必要です。 購入や修理費用は、町から直接業者に支払います。 支給種目例 支給種目一覧表 対象
30	高千穂町	税減免について(住民税・自動車税)	https://www.town-takachiho.jp/top/kenko_fukushi/shogai_fukushi/947.html	税減免について(住民税・自動車税)／高千穂町 スマートフォン版を表示 本文へ 文字サイズ変更 背景色 現在のページ ホーム くらし・行政 健康・福祉 障害福祉 税減免について(住民税・自動車税) 税減免について(住民税・自動車税) 住民税の障害者控除 対象者 納税義務者、控除対象配偶者及び扶養親族のうち障がい者がいる（手帳所持者）納税義務者 住民税と所得税を計算するときに、障がい者1人につき所定額を所得額から差引することができます。手帳の等級によって金額が異なりますので詳しくは、税務課にお問合せください。税務課 電話番号 0982-73-1201 事業税の非課税措置 重度の視力障がい者があん摩、マッサージ、指圧、はり、きゅうなどの偉業に類する事業を行う場合は、非課税になります。 障害の程度は、両眼の視力を喪失の
30	高千穂町	合併処理浄化槽設置整備事業〔補助金〕について	https://www.town-takachiho.jp/top/kurashi/jyoukasou2/1442.html	合併処理浄化槽設置整備事業〔補助金〕について／高千穂町 スマートフォン版を表示 本文へ 文字サイズ変更 背景色 現在のページ ホーム くらし・行政 くらし・手続き 浄化槽 合併処理浄化槽設置整備事業〔補助金〕について 合併処理浄化槽設置整備事業〔補助金〕について 合併処理浄化槽は河川水質の良好化など環境に配慮した生活排水処理設備です。高千穂町では合併処理浄化槽設置の設置者に対し設置費用の一部及び設置に伴う単独処理浄化槽撤去費用の一部を補助する事業を行い、設置の普及を進めております。 補助の対象 1．下水道整備区域の設置は対象から除きます。 2． 5人槽、7人槽、10人槽の規模で住宅への設置を対象とします。 3． 新築住宅への設置、単独処理浄化槽または汲み取り槽からの転換を対象とします。 補助金について 補助金額
30	高千穂町	国民健康保険(給付)	https://www.town-takachiho.jp/top/kurashi/kokuminkenko/893.html	国民健康保険(給付)／高千穂町 スマートフォン版を表示 本文へ 文字サイズ変更 背景色 現在のページ ホーム くらし・行政 くらし・手続き 国民健康保険 国民健康保険(給付) 国民健康保険(給付) お医者さんにかかるときは 病院の窓口で「マイナ保険証」または「資格確認書」を提示すれば、年齢などに応じた負担割合を支払うだけで、お医者さんの診療を受けることができます。 マイナ保険証または、資格確認書について (PowerPointファイル: 486.7KB) マイナ保険証の利用方法及び、登録方法について (PDFファイル: 234.9KB) マイナ保険証が利用できない場合について (PDFファイル: 562.1KB) マイナ保険証利用時の注意点について (PDFファイル: 616.5KB) 年齢に応じた自己負担割合
30	高千穂町	木造住宅耐震化に対する補助制度について	https://www.town-takachiho.jp/top/kurashi/sumai/909.html	木造住宅耐震化に対する補助制度について／高千穂町 スマートフォン版を表示 本文へ 文字サイズ変更 背景色 現在のページ ホーム くらし・行政 くらし・手続き 住まい 木造住宅耐震化に対する補助制度について 木造住宅耐震化に対する補助制度について 平成28年4月に発生した熊本地震では、古い家屋の倒壊により多くの尊い人命が失われております。また、平成7年1月17日未明に発生した阪神・淡路大震災での震災による死者数は災害発生後の疾病による死者を含め、6400名以上に及び死因の約84％は家屋の倒壊や家具の転倒による圧迫死であったことが報告されています。高千穂町は地震に強いまちづくりを目指し、木造住宅の耐震性を向上させるため、昭和56年5月31日以前に建築された木造住宅の所有者が実施する耐震化の費用を一部補助します。 木
30	高千穂町	軽自動車税について	https://www.town-takachiho.jp/top/kurashi/zeikin/2931.html	軽自動車税について／高千穂町 スマートフォン版を表示 本文へ 文字サイズ変更 背景色 現在のページ ホーム くらし・行政 くらし・手続き 税金 軽自動車税について 軽自動車税について 軽自動車税 軽自動車税は、原動機付自転車や軽自動車、小型特殊自動車および二輪の小型自動車（以下、軽自動車等といいます）の所有者に対して課税されます。 （注）フォークリフトや農耕用のトラクターなどの小型特殊自動車については、公道走行の有無に関わらず軽自動車税が課税されますので、軽自動車税の申告を行いナンバープレート（標識）の交付を受ける必要があります。 納税義務者 4月1日（賦課期日）現在で、軽自動車等を所有している人です。所有権留保付売買（ローン購入）の場合は、買主が所有者とみなされます。 したがって、4月1日に所有者であれば、4
30	高千穂町	国民健康保険(給付)	https://www.town-takachiho.jp/top/life_scene/job/1113.html	国民健康保険(給付)／高千穂町 スマートフォン版を表示 本文へ 文字サイズ変更 背景色 現在のページ ホーム くらし・行政 ライフシーンから探す 仕事・就職 国民健康保険(給付) 国民健康保険(給付) お医者さんにかかるときは 病院の窓口で「マイナ保険証」または「資格確認書」を提示すれば、年齢などに応じた負担割合を支払うだけで、お医者さんの診療を受けることができます。 マイナ保険証または、資格確認書について (PowerPointファイル: 486.7KB) マイナ保険証の利用方法及び、登録方法について (PDFファイル: 234.9KB) マイナ保険証が利用できない場合について (PDFファイル: 562.1KB) マイナ保険証利用時の注意点について (PDFファイル: 616.5KB) 年齢に応じた自己負担
30	高千穂町	国民健康保険(給付)	https://www.town-takachiho.jp/top/life_scene/kekkon_rikon/1114.html	国民健康保険(給付)／高千穂町 スマートフォン版を表示 本文へ 文字サイズ変更 背景色 現在のページ ホーム くらし・行政 ライフシーンから探す 結婚・離婚 国民健康保険(給付) 国民健康保険(給付) お医者さんにかかるときは 病院の窓口で「マイナ保険証」または「資格確認書」を提示すれば、年齢などに応じた負担割合を支払うだけで、お医者さんの診療を受けることができます。 マイナ保険証または、資格確認書について (PowerPointファイル: 486.7KB) マイナ保険証の利用方法及び、登録方法について (PDFファイル: 234.9KB) マイナ保険証が利用できない場合について (PDFファイル: 562.1KB) マイナ保険証利用時の注意点について (PDFファイル: 616.5KB) 年齢に応じた自己負担
30	高千穂町	国民健康保険(給付)	https://www.town-takachiho.jp/top/life_scene/ninshin/1112.html	国民健康保険(給付)／高千穂町 スマートフォン版を表示 本文へ 文字サイズ変更 背景色 現在のページ ホーム くらし・行政 ライフシーンから探す 妊娠・出産 国民健康保険(給付) 国民健康保険(給付) お医者さんにかかるときは 病院の窓口で「マイナ保険証」または「資格確認書」を提示すれば、年齢などに応じた負担割合を支払うだけで、お医者さんの診療を受けることができます。 マイナ保険証または、資格確認書について (PowerPointファイル: 486.7KB) マイナ保険証の利用方法及び、登録方法について (PDFファイル: 234.9KB) マイナ保険証が利用できない場合について (PDFファイル: 562.1KB) マイナ保険証利用時の注意点について (PDFファイル: 616.5KB) 年齢に応じた自己負担
30	高千穂町	国民健康保険(給付)	https://www.town-takachiho.jp/top/life_scene/okuyami/1115.html	国民健康保険(給付)／高千穂町 スマートフォン版を表示 本文へ 文字サイズ変更 背景色 現在のページ ホーム くらし・行政 ライフシーンから探す お悔やみ 国民健康保険(給付) 国民健康保険(給付) お医者さんにかかるときは 病院の窓口で「マイナ保険証」または「資格確認書」を提示すれば、年齢などに応じた負担割合を支払うだけで、お医者さんの診療を受けることができます。 マイナ保険証または、資格確認書について (PowerPointファイル: 486.7KB) マイナ保険証の利用方法及び、登録方法について (PDFファイル: 234.9KB) マイナ保険証が利用できない場合について (PDFファイル: 562.1KB) マイナ保険証利用時の注意点について (PDFファイル: 616.5KB) 年齢に応じた自己負担割
30	高千穂町	高千穂町新規就農者支援事業について	https://www.town-takachiho.jp/top/sangyo/norin/822.html	高千穂町新規就農者支援事業について／高千穂町 スマートフォン版を表示 本文へ 文字サイズ変更 背景色 現在のページ ホーム くらし・行政 産業 農林業・畜産 高千穂町新規就農者支援事業について 高千穂町新規就農者支援事業について 高千穂町新規就農支援事業について 本町で、就農予定および就農して5年以内の農業者を対象に、就農当初の投資が必要な期間に予算の範囲内で支援します。内容は下記の2つの事業です。 高千穂町新規就農支援事業実施要綱（29年度版） (PDFファイル: 253.8KB) 1.高千穂町就農資金事業 1、事業対象者 高千穂町で農業経営を営むもの 農業経営を開始して、原則5年以内のもの。 専業、兼業は問わない。ただし年間農業従事日数が年間150日以上であること。 作業日誌をつけることを義務づけ、週2回以
30	高千穂町	合併処理浄化槽設置整備事業〔補助金〕について	https://www.town-takachiho.jp/top/soshiki/chominsekatsu/2/jyoukasou/1437.html	合併処理浄化槽設置整備事業〔補助金〕について／高千穂町 スマートフォン版を表示 本文へ 文字サイズ変更 背景色 現在のページ ホーム くらし・行政 組織から探す 町民生活課 くらし・手続き 浄化槽 合併処理浄化槽設置整備事業〔補助金〕について 合併処理浄化槽設置整備事業〔補助金〕について 合併処理浄化槽は河川水質の良好化など環境に配慮した生活排水処理設備です。高千穂町では合併処理浄化槽設置の設置者に対し設置費用の一部及び設置に伴う単独処理浄化槽撤去費用の一部を補助する事業を行い、設置の普及を進めております。 補助の対象 1．下水道整備区域の設置は対象から除きます。 2． 5人槽、7人槽、10人槽の規模で住宅への設置を対象とします。 3． 新築住宅への設置、単独処理浄化槽または汲み取り槽からの転換を対象とします。
30	高千穂町	国民健康保険(給付)	https://www.town-takachiho.jp/top/soshiki/fukushihoken/2/2/390.html	国民健康保険(給付)／高千穂町 スマートフォン版を表示 本文へ 文字サイズ変更 背景色 現在のページ ホーム くらし・行政 組織から探す 福祉保険課 くらし・手続き 国民健康保険 国民健康保険(給付) 国民健康保険(給付) お医者さんにかかるときは 病院の窓口で「マイナ保険証」または「資格確認書」を提示すれば、年齢などに応じた負担割合を支払うだけで、お医者さんの診療を受けることができます。 マイナ保険証または、資格確認書について (PowerPointファイル: 486.7KB) マイナ保険証の利用方法及び、登録方法について (PDFファイル: 234.9KB) マイナ保険証が利用できない場合について (PDFファイル: 562.1KB) マイナ保険証利用時の注意点について (PDFファイル: 616.5KB)
30	高千穂町	補装具・日常生活用具について	https://www.town-takachiho.jp/top/soshiki/fukushihoken/3/3/442.html	補装具・日常生活用具について／高千穂町 スマートフォン版を表示 本文へ 文字サイズ変更 背景色 現在のページ ホーム くらし・行政 組織から探す 福祉保険課 健康・福祉 障害福祉 補装具・日常生活用具について 補装具・日常生活用具について 補装具について（購入・修理） 補装具とは、身体の欠損または身体の機能の損傷を補い、日常生活または職業を容易にするために必要な用具のことです。原則1割負担ですが、世帯の所得に応じて自己負担上限額が 決定されます。生活保護世帯・町民税非課税世帯は0円、町民税課税世帯は37,200円です。 対象者 身体障害者手帳をお持ちの方 申請には、手帳・印鑑が必要です。 補装具の種類によっては、県の身体障害者相談センターの判定が必要です。 購入や修理費用は、町から直接業者に支払います。 支給種
30	高千穂町	税減免について(住民税・自動車税)	https://www.town-takachiho.jp/top/soshiki/fukushihoken/3/3/461.html	税減免について(住民税・自動車税)／高千穂町 スマートフォン版を表示 本文へ 文字サイズ変更 背景色 現在のページ ホーム くらし・行政 組織から探す 福祉保険課 健康・福祉 障害福祉 税減免について(住民税・自動車税) 税減免について(住民税・自動車税) 住民税の障害者控除 対象者 納税義務者、控除対象配偶者及び扶養親族のうち障がい者がいる（手帳所持者）納税義務者 住民税と所得税を計算するときに、障がい者1人につき所定額を所得額から差引することができます。手帳の等級によって金額が異なりますので詳しくは、税務課にお問合せください。税務課 電話番号 0982-73-1201 事業税の非課税措置 重度の視力障がい者があん摩、マッサージ、指圧、はり、きゅうなどの偉業に類する事業を行う場合は、非課税になります。 障害の
30	高千穂町	幼児教育・保育の無償化が始まります！	https://www.town-takachiho.jp/top/soshiki/fukushihoken/4/3/mushouka.html	幼児教育・保育の無償化が始まります！／高千穂町 スマートフォン版を表示 本文へ 文字サイズ変更 背景色 現在のページ ホーム くらし・行政 組織から探す 福祉保険課 子育て・教育 子育て支援 幼児教育・保育の無償化が始まります！ 幼児教育・保育の無償化が始まります！ 令和元年10月1日から いよいよスタート！ 「幼児教育・保育の無償化」は、生涯にわたる人格形成の基礎を培う幼児教育の重要性や、子育て家庭の経済的負担軽減を図る少子化対策の観点などから取り組まれるものです。 年齢や課税状況等により、保育園や認定こども園、幼稚園等の利用料を無償化するとともに、認可外保育施設等の利用料についても、上限額まで無償化する新たな制度です。 【幼児教育・保育の無償化に関する案内チラシ】 1）概要版(PDF:163.2KB) 2）
30	高千穂町	高千穂町アピアランスケアサポート助成事業の対象の拡大について（令和8年4月から）	https://www.town-takachiho.jp/top/soshiki/genkiso/3/2/3880.html	高千穂町アピアランスケアサポート助成事業の対象の拡大について（令和8年4月から）／高千穂町 スマートフォン版を表示 本文へ 文字サイズ変更 背景色 現在のページ ホーム くらし・行政 組織から探す 保健福祉総合センターげんき荘 健康・福祉 健康づくり 高千穂町アピアランスケアサポート助成事業の対象の拡大について（令和8年4月から） 高千穂町アピアランスケアサポート助成事業の対象の拡大について（令和8年4月から） 高千穂町では、がん患者の方の心理的・経済的負担の軽減及び療養生活を支援するため、医療用ウィッグや乳房補整具等を必要とする方に、購入費用の一部を助成します。 ※令和8年4月から助成対象を乳房補整具にも拡大しました。 交付対象者（以下の全てに該当する方） 1．申請日時点で、高千穂町に住所がある方 2．がんと
30	高千穂町	帯状疱疹ワクチン定期予防接種についてのお知らせ	https://www.town-takachiho.jp/top/soshiki/genkiso/3/3/3837.html	帯状疱疹ワクチン定期予防接種についてのお知らせ／高千穂町 スマートフォン版を表示 本文へ 文字サイズ変更 背景色 現在のページ ホーム くらし・行政 組織から探す 保健福祉総合センターげんき荘 健康・福祉 検診・予防接種 帯状疱疹ワクチン定期予防接種についてのお知らせ 帯状疱疹ワクチン定期予防接種についてのお知らせ 令和7年4月より帯状疱疹が定期予防接種※1となりました 令和7年度から令和11年度までの5年間に、年度年齢65歳から100歳までの5歳刻みで過去に帯状疱疹の予防接種を受けたことのない方を対象に、定期予防接種の一部費用助成を行います。 ※1定期予防接種：帯状疱疹予防接種は、予防接種法のB類疾病の定期接種に位置付けられます。個人の重症化を目的としており、接種の努力義務はありません。 令和8年度定期接種対
30	高千穂町	木造住宅耐震化に対する補助制度について	https://www.town-takachiho.jp/top/soshiki/kensetsu/2/2/406.html	木造住宅耐震化に対する補助制度について／高千穂町 スマートフォン版を表示 本文へ 文字サイズ変更 背景色 現在のページ ホーム くらし・行政 組織から探す 建設課 くらし・手続き 住まい 木造住宅耐震化に対する補助制度について 木造住宅耐震化に対する補助制度について 平成28年4月に発生した熊本地震では、古い家屋の倒壊により多くの尊い人命が失われております。また、平成7年1月17日未明に発生した阪神・淡路大震災での震災による死者数は災害発生後の疾病による死者を含め、6400名以上に及び死因の約84％は家屋の倒壊や家具の転倒による圧迫死であったことが報告されています。高千穂町は地震に強いまちづくりを目指し、木造住宅の耐震性を向上させるため、昭和56年5月31日以前に建築された木造住宅の所有者が実施する耐震化の費用
30	高千穂町	高千穂町空家関連の補助事業について	https://www.town-takachiho.jp/top/soshiki/kensetsu/3/2/4265.html	高千穂町空家関連の補助事業について／高千穂町 スマートフォン版を表示 本文へ 文字サイズ変更 背景色 現在のページ ホーム くらし・行政 組織から探す 建設課 行政情報 まちづくり 高千穂町空家関連の補助事業について 高千穂町空家関連の補助事業について 空家の活用をお考えの方 高千穂町では、空家の活用をお考えの方に、高千穂町空き家等まちづくり活動拠点整備事業補助金交付要綱を定め、予算の範囲内で必要な改修費用を一部を補助しています。 補助対象者 ：空家の所有者や購入予定者（賃貸の場合は所有者から同意を得た方） ※空家又は空き建築物となって1年以上経過している等の条件があります。 補助金額 ：対象経費の2/3以内 最大200万円 補助対象となる活用用途 ：宿泊施設、文化施設、交流体験施設 等 ※補助を受けた翌年度か
30	高千穂町	高千穂町結婚支援事業について	https://www.town-takachiho.jp/top/soshiki/kikakukanko/4/3762.html	高千穂町結婚支援事業について／高千穂町 スマートフォン版を表示 本文へ 文字サイズ変更 背景色 現在のページ ホーム くらし・行政 組織から探す 企画観光課 行政情報 高千穂町結婚支援事業について 高千穂町結婚支援事業について 結婚新生活支援事業補助金 新婚の夫婦を対象とした新生活を支援いたします。 対象期間： 令和8年4月1日から令和9年3月31日まで 対象者： ・新婚世帯（令和8年3月1日以降に婚姻届けを提出し、受理された夫婦） ・申請の時点に夫婦の双方または一方が高千穂町に住所を有する世帯 ・婚姻日において夫婦共に年齢が39歳以下であること ・夫婦の所得が、合算して500万円未満であること（貸与型の奨学金の返済を行っている場合は、年間の返還額を控除した額が500万円未満であること） 補助対象経費： 1、婚
29	高千穂町	任意予防接種一部費用助成	https://www.town-takachiho.jp/top/kosodate_kyoiku/kosodate_shien/1837.html	任意予防接種一部費用助成／高千穂町 スマートフォン版を表示 本文へ 文字サイズ変更 背景色 現在のページ ホーム くらし・行政 子育て・教育 子育て支援 任意予防接種一部費用助成 任意予防接種一部費用助成 おたふくかぜ（流行性耳下腺炎）/3種混合 高千穂町では、令和6年度より任意予防接種（おたふくかぜ）に加え、任意予防接種（3種混合）の接種費用助成を行います。 令和7年度任意予防接種助成案内 (PDFファイル: 248.0KB) この記事に関するお問い合わせ先 保健福祉総合センターげんき荘 〒882-1101 宮崎県西臼杵郡高千穂町大字三田井435-1 電話番号：0982-73-1717 ファックス：0982-73-1707 メールフォームによるお問い合わせ PDFファイルを閲覧するには「Adobe Reade
29	高千穂町	子育て世帯訪問支援事業	https://www.town-takachiho.jp/top/soshiki/fukushihoken/4/3/3819.html	子育て世帯訪問支援事業／高千穂町 スマートフォン版を表示 本文へ 文字サイズ変更 背景色 現在のページ ホーム くらし・行政 組織から探す 福祉保険課 子育て・教育 子育て支援 子育て世帯訪問支援事業 子育て世帯訪問支援事業 更新日：2024年02月29日 子育て支援 妊娠・出産 子育て 入園・入学 引越し 仕事・就職 結婚・離婚 上下水道 高齢・介護 お悔やみ ページの先頭へ 〒882-1192 宮崎県西臼杵郡高千穂町大字三田井13 電話番号一覧 サイトマップ 組織を探す Copyright (C) Takachiho Town. All rights reserved.
28	高千穂町	高千穂峡淡水魚水族館	https://www.town-takachiho.jp/top/kanko_bunka/kanko_supotto/810.html	高千穂峡淡水魚水族館／高千穂町 スマートフォン版を表示 本文へ 文字サイズ変更 背景色 現在のページ ホーム くらし・行政 観光・文化 観光スポット 高千穂峡淡水魚水族館 高千穂峡淡水魚水族館 高千穂峡淡水魚水族館 お知らせ：入場料の値上げについて 値上げ理由といたしましては、長年の赤字経営に加えて電気・水道代などの物価上昇により現在の価格を維持することが困難になってまいりました。 そのためまことに勝手ながら、2025年4月1日（火曜日）より入場料の価格を改定させていただきます。 【大人・高校生 600円】【小・中学生 300円】【3歳以上就学前 100円】 皆様には大変ご迷惑をおかけいたしますが、ご理解のほどよろしくお願い申しあげます。 高千穂観光の名所である高千穂峡に位置する水族館 玉垂の滝を水源とした清ら
28	高千穂町	ふれあい給食サービスについて	https://www.town-takachiho.jp/top/kenko_fukushi/korei_fukushi/944.html	ふれあい給食サービスについて／高千穂町 スマートフォン版を表示 本文へ 文字サイズ変更 背景色 現在のページ ホーム くらし・行政 健康・福祉 高齢福祉 ふれあい給食サービスについて ふれあい給食サービスについて 高千穂町ふれあい給食サービスについて この事業は、高齢者や心身に障害がある方にサービスを行い、日常生活を支援することにより、福祉の向上を図ることを目的としています。 対象者：高千穂町に住所を有し、次の各号のいずれかに該当する方で、日常生活の支援が必要と認めた方 1.炊事が困難な65歳以上の高齢者、または炊事が困難な障害者のみで構成する世帯の世帯員の方。 2.高齢者または障害者が特別食を必要とし、同居の家族がそれに対応することが困難 と判断される方。 給食は、土日曜日を除く日の夕食を調理し、対象者のお宅
28	高千穂町	こども誰でも通園制度	https://www.town-takachiho.jp/top/kosodate_kyoiku/kyoiku/4369.html	こども誰でも通園制度／高千穂町 スマートフォン版を表示 本文へ 文字サイズ変更 背景色 現在のページ ホーム くらし・行政 子育て・教育 教育 こども誰でも通園制度 こども誰でも通園制度 こども誰でも通園制度（乳児等通園支援事業）とは 保育所等に通っていないこどもが、保護者の就労の有無にかかわらず、月10時間まで保育施設等に通園できる制度です。 お子さまに、家庭とは異なる経験をさせたい方、家族以外の人と関わる機会をつくりたい方は、ぜひご利用ください。 対象となるこども 次の要件のどちらにも該当するお子さんが利用できます。 〇 生後6か月から満3歳未満であること（3歳の誕生日の前々日まで） 〇 保育所・認定こども園等に通っていないこと。 実施施設 〇天岩戸保育園 所在地：大字岩戸4518番地2 電 話：0982－
28	高千穂町	介護保険料Q&A	https://www.town-takachiho.jp/top/kurashi/kaigo/889.html	介護保険料Q&A／高千穂町 スマートフォン版を表示 本文へ 文字サイズ変更 背景色 現在のページ ホーム くらし・行政 くらし・手続き 介護保険 介護保険料Q&A 介護保険料Q&A Q.保険料はいつから納め始めるのですか？ A．保険料は、65歳の誕生日の前日の属する月の分から納めます。 例 6月1日が65歳の誕生日の方は、5月分から納めます。 例 6月2日が65歳の誕生日の方は、7月分から納めます。 Q.サービスを利用していないので納めた保険料は返してもらえますか？ A．65歳以上の方の保険料は、地域の介護サービス費をまかなう大切な財源です。医療保険同様に保険料をお返しすることはありません。 Q.所得が少なくても保険料を納めなくてはいけませんか？ A．はい。ただし、負担が大きくならないように低い保険料額を設定し
28	高千穂町	こども誰でも通園制度	https://www.town-takachiho.jp/top/soshiki/fukushihoken/4/3/kouji/4368.html	こども誰でも通園制度／高千穂町 スマートフォン版を表示 本文へ 文字サイズ変更 背景色 現在のページ ホーム くらし・行政 組織から探す 福祉保険課 子育て・教育 子育て支援 特定子ども・子育て支援施設等の公示 こども誰でも通園制度 こども誰でも通園制度 こども誰でも通園制度（乳児等通園支援事業）とは 保育所等に通っていないこどもが、保護者の就労の有無にかかわらず、月10時間まで保育施設等に通園できる制度です。 お子さまに、家庭とは異なる経験をさせたい方、家族以外の人と関わる機会をつくりたい方は、ぜひご利用ください。 対象となるこども 次の要件のどちらにも該当するお子さんが利用できます。 〇 生後6か月から満3歳未満であること（3歳の誕生日の前々日まで） 〇 保育所・認定こども園等に通っていないこと。 実施施設
28	高千穂町	ふれあい給食サービスについて	https://www.town-takachiho.jp/top/soshiki/genkiso/3/4/440.html	ふれあい給食サービスについて／高千穂町 スマートフォン版を表示 本文へ 文字サイズ変更 背景色 現在のページ ホーム くらし・行政 組織から探す 保健福祉総合センターげんき荘 健康・福祉 高齢福祉 ふれあい給食サービスについて ふれあい給食サービスについて 高千穂町ふれあい給食サービスについて この事業は、高齢者や心身に障害がある方にサービスを行い、日常生活を支援することにより、福祉の向上を図ることを目的としています。 対象者：高千穂町に住所を有し、次の各号のいずれかに該当する方で、日常生活の支援が必要と認めた方 1.炊事が困難な65歳以上の高齢者、または炊事が困難な障害者のみで構成する世帯の世帯員の方。 2.高齢者または障害者が特別食を必要とし、同居の家族がそれに対応することが困難 と判断される方。 給食は、
28	高千穂町	介護保険料Q&A	https://www.town-takachiho.jp/top/soshiki/genkiso/kaigo_kaigohoken/3/387.html	介護保険料Q&A／高千穂町 スマートフォン版を表示 本文へ 文字サイズ変更 背景色 現在のページ ホーム くらし・行政 組織から探す 保健福祉総合センターげんき荘 介護・介護保険 介護保険 介護保険料Q&A 介護保険料Q&A Q.保険料はいつから納め始めるのですか？ A．保険料は、65歳の誕生日の前日の属する月の分から納めます。 例 6月1日が65歳の誕生日の方は、5月分から納めます。 例 6月2日が65歳の誕生日の方は、7月分から納めます。 Q.サービスを利用していないので納めた保険料は返してもらえますか？ A．65歳以上の方の保険料は、地域の介護サービス費をまかなう大切な財源です。医療保険同様に保険料をお返しすることはありません。 Q.所得が少なくても保険料を納めなくてはいけませんか？ A．はい。ただし、負
28	高千穂町	高千穂峡淡水魚水族館	https://www.town-takachiho.jp/top/soshiki/kikakukanko/2/3/313.html	高千穂峡淡水魚水族館／高千穂町 スマートフォン版を表示 本文へ 文字サイズ変更 背景色 現在のページ ホーム くらし・行政 組織から探す 企画観光課 観光・文化 観光スポット 高千穂峡淡水魚水族館 高千穂峡淡水魚水族館 高千穂峡淡水魚水族館 お知らせ：入場料の値上げについて 値上げ理由といたしましては、長年の赤字経営に加えて電気・水道代などの物価上昇により現在の価格を維持することが困難になってまいりました。 そのためまことに勝手ながら、2025年4月1日（火曜日）より入場料の価格を改定させていただきます。 【大人・高校生 600円】【小・中学生 300円】【3歳以上就学前 100円】 皆様には大変ご迷惑をおかけいたしますが、ご理解のほどよろしくお願い申しあげます。 高千穂観光の名所である高千穂峡に位置する水族館
26	高千穂町	社会資本総合整備計画	https://www.town-takachiho.jp/top/soshiki/jogesuido/2/3/gesuido/3897.html	社会資本総合整備計画／高千穂町 スマートフォン版を表示 本文へ 文字サイズ変更 背景色 現在のページ ホーム くらし・行政 組織から探す 上下水道課 くらし・手続き 上下水道 下水道事業 社会資本総合整備計画 社会資本総合整備計画 社会資本整備総合交付金について 社会資本整備総合交付金は、国土交通省所管の地方公共団体向け個別補助金を一つの交付金に原則一括し、地方公共団体にとって自由度が高く、創意工夫を生かせる総合的な交付金として平成22年度に創設されました。交通の安全の確保とその円滑化、経済基盤の強化、生活環境の保全、都市環境の改善及び国土の保全と開発並びに住生活の安定の確保及び向上を目的とし、地方公共団体が作成した社会資本総合整備計画に基づき、目標実現のための基幹的な社会資本整備事業のほか、関連する社会資本整
25	高千穂町	高千穂町福祉・医療等関連施設物価高騰対策支援事業に関する事業効果の検証について	https://www.town-takachiho.jp/top/kenko_fukushi/chiiki_fukushi/4380.html	高千穂町福祉・医療等関連施設物価高騰対策支援事業に関する事業効果の検証について／高千穂町 スマートフォン版を表示 本文へ 文字サイズ変更 背景色 現在のページ ホーム くらし・行政 健康・福祉 地域福祉 高千穂町福祉・医療等関連施設物価高騰対策支援事業に関する事業効果の検証について 高千穂町福祉・医療等関連施設物価高騰対策支援事業に関する事業効果の検証について 高千穂町福祉・医療等関連施設物価高騰対策支援事業に関する事業効果の検証結果を公表します 令和7年度において、国の物価高騰対応重点支援地方創生臨時交付金を活用し、物価高騰の影響を受ける町内の福祉・医療等関連施設に対して事業者の負担軽減を目的とした支援金を給付しました。この事業については、アンケート調査その他の適切な方法により効果を測定するとともに、その内容
25	高千穂町	成年後見制度について	https://www.town-takachiho.jp/top/kenko_fukushi/korei_fukushi/4247.html	成年後見制度について／高千穂町 スマートフォン版を表示 本文へ 文字サイズ変更 背景色 現在のページ ホーム くらし・行政 健康・福祉 高齢福祉 成年後見制度について 成年後見制度について 成年後見制度利用支援事業 65歳以上の高齢者のうち、認知症等によって判断能力が低下し、かつ成年後見制度の利用が有効と認められるにもかかわらず、手続をする親族等がいない等の理由により申立てが期待できない方に対して、本人の福祉の向上を図るため、市長が審判の申立てを行います。また、一定の要件を満たす場合は、成年後見人等への報酬助成も実施しています。 町長が申立てをする場合 成年後見制度の利用が必要な高齢者が、次の事由に該当している場合 1.認知症等によって1.判断能力が低下している。 2.配偶者や2親等以内の親族がいない(親族がい
25	高千穂町	高千穂町福祉・医療等関連施設物価高騰対策支援事業に関する事業効果の検証について	https://www.town-takachiho.jp/top/soshiki/fukushihoken/3/381/4379.html	高千穂町福祉・医療等関連施設物価高騰対策支援事業に関する事業効果の検証について／高千穂町 スマートフォン版を表示 本文へ 文字サイズ変更 背景色 現在のページ ホーム くらし・行政 組織から探す 福祉保険課 健康・福祉 地域福祉 高千穂町福祉・医療等関連施設物価高騰対策支援事業に関する事業効果の検証について 高千穂町福祉・医療等関連施設物価高騰対策支援事業に関する事業効果の検証について 高千穂町福祉・医療等関連施設物価高騰対策支援事業に関する事業効果の検証結果を公表します 令和7年度において、国の物価高騰対応重点支援地方創生臨時交付金を活用し、物価高騰の影響を受ける町内の福祉・医療等関連施設に対して事業者の負担軽減を目的とした支援金を給付しました。この事業については、アンケート調査その他の適切な方法により効果を
25	高千穂町	特定子ども・子育て支援施設等の公示	https://www.town-takachiho.jp/top/soshiki/fukushihoken/4/3/kouji/index.html	特定子ども・子育て支援施設等の公示／高千穂町 スマートフォン版を表示 本文へ 文字サイズ変更 背景色 現在のページ ホーム くらし・行政 組織から探す 福祉保険課 子育て・教育 子育て支援 特定子ども・子育て支援施設等の公示 特定子ども・子育て支援施設等の公示 子ども・子育て支援法第58条の2の規定により確認した特定子ども・子育て支援施設等について次のとおり公示いたします。 ダウンロード(PDF:62.3KB) この一覧は… 1号認定の保護者が、就労等の町が定める「保育を必要とする事由」に該当し、預かり保育事業を利用される場合 年度当初3歳から5歳、もしくは、0歳から2歳で非課税世帯の未就園児の保護者が、就労等の町が定める「保育を必要とする事由」に該当し、一時あずかり事業等を利用される場合 以上に該当する場合、
25	高千穂町	成年後見制度について	https://www.town-takachiho.jp/top/soshiki/genkiso/3/4/4242.html	成年後見制度について／高千穂町 スマートフォン版を表示 本文へ 文字サイズ変更 背景色 現在のページ ホーム くらし・行政 組織から探す 保健福祉総合センターげんき荘 健康・福祉 高齢福祉 成年後見制度について 成年後見制度について 成年後見制度利用支援事業 65歳以上の高齢者のうち、認知症等によって判断能力が低下し、かつ成年後見制度の利用が有効と認められるにもかかわらず、手続をする親族等がいない等の理由により申立てが期待できない方に対して、本人の福祉の向上を図るため、市長が審判の申立てを行います。また、一定の要件を満たす場合は、成年後見人等への報酬助成も実施しています。 町長が申立てをする場合 成年後見制度の利用が必要な高齢者が、次の事由に該当している場合 1.認知症等によって1.判断能力が低下している。 2
24	高千穂町	議会の概要	https://www.town-takachiho.jp/top/soshiki/gikaijimukyoku/gikai/gaiyo/200.html	議会の概要／高千穂町 スマートフォン版を表示 本文へ 文字サイズ変更 背景色 現在のページ ホーム くらし・行政 組織から探す 議会事務局 高千穂町議会 議会の概要 議会の概要 議会の概要 定数及び現議員の任期 現議員数の表 条例定数 現在数 欠員 13人 13人 0人 条例改正 平成29年9月8日（定数14人から13人へ） 任期 令和3年9月30日～令和7年9月29日（4年） 委員会 総務産業常任委員会 7名 文教厚生常任委員会 6名 議会運営委員会 5名 議会報編集委員会 6名 九州中央自動車道整備促進対策特別委員会 13名 鉄道公園化に関する特別委員会 13名 事務局 事務局長（1名） 庶務係（1名） 議事係（1名） 計3名 （監査委員事務部局 及び 西臼杵郡公平委員会事務部局 兼務） 議会事務局 議会施
23	高千穂町	国民健康保険	https://www.town-takachiho.jp/top/kurashi/kokuminkenko/index.html	国民健康保険／高千穂町 スマートフォン版を表示 本文へ 文字サイズ変更 背景色 現在のページ ホーム くらし・行政 くらし・手続き 国民健康保険 国民健康保険 国民健康保険(給付) 国民健康保険(資格) 高額療養費 国保税 後期高齢者医療制度 更新日：2019年04月03日 くらし・手続き 妊娠・出産 子育て 入園・入学 引越し 仕事・就職 結婚・離婚 上下水道 高齢・介護 お悔やみ ページの先頭へ 〒882-1192 宮崎県西臼杵郡高千穂町大字三田井13 電話番号一覧 サイトマップ 組織を探す Copyright (C) Takachiho Town. All rights reserved.
23	高千穂町	転入届	https://www.town-takachiho.jp/top/kurashi/jumin/932.html	転入届／高千穂町 スマートフォン版を表示 本文へ 文字サイズ変更 背景色 現在のページ ホーム くらし・行政 くらし・手続き 住民票・戸籍・印鑑登録 転入届 転入届 いつ（届出期間） 高千穂町に お住まいになってから 14日以内 どこで（窓口） 町民生活課 町民係 （役場2階正面玄関より） （受付時間：8：30～17：15 土日祝日を除く） どなたが（届出人） ご本人 または 同一世帯 の方 ※それ以外の方が届出にこられる場合は、委任状が必要です。 どのように（必要なもの） ■住民異動届 (ダウンロード ） ※（書き方例） ■前の住所地でとられた 転出証明書 （コピー不可） ※カードで転出された方は不要です。 ■届出人の 印鑑 ■届出人の 免許証やマイナンバーカード等本人確認できるもの ■ 個人番号カード (お
23	高千穂町	転出届	https://www.town-takachiho.jp/top/kurashi/jumin/934.html	転出届／高千穂町 スマートフォン版を表示 本文へ 文字サイズ変更 背景色 現在のページ ホーム くらし・行政 くらし・手続き 住民票・戸籍・印鑑登録 転出届 転出届 どこで（窓口） 町民生活課 町民係 （役場2階正面玄関より） （受付時間：8：30～17：15 土日祝日を除く） だれが（届出日） ご本人 かまたは 同一世帯 の方 ※それ以外の代理人の方は 委任状 が必要です。 どのように（必要なもの） ■ 住民異動届 （ダウンロード） ※（書き方例） ■届出人の 印鑑 ■届出人の 免許証や個人番号カード等本人確認できるもの ■代理で手続きをされる場合は 委任状 ※（委任状ダウンロード） ■印鑑登録されている方は 印鑑登録証 ※転出予定日をもって廃止になるため、回収します。 その他のお手続き（該当する方のみ） ■
23	高千穂町	転入届	https://www.town-takachiho.jp/top/life_scene/hikkoshi/jumin/1129.html	転入届／高千穂町 スマートフォン版を表示 本文へ 文字サイズ変更 背景色 現在のページ ホーム くらし・行政 ライフシーンから探す 引越し 住民票・戸籍・印鑑登録 転入届 転入届 いつ（届出期間） 高千穂町に お住まいになってから 14日以内 どこで（窓口） 町民生活課 町民係 （役場2階正面玄関より） （受付時間：8：30～17：15 土日祝日を除く） どなたが（届出人） ご本人 または 同一世帯 の方 ※それ以外の方が届出にこられる場合は、委任状が必要です。 どのように（必要なもの） ■住民異動届 (ダウンロード ） ※（書き方例） ■前の住所地でとられた 転出証明書 （コピー不可） ※カードで転出された方は不要です。 ■届出人の 印鑑 ■届出人の 免許証やマイナンバーカード等本人確認できるもの ■ 個人番
23	高千穂町	転出届	https://www.town-takachiho.jp/top/life_scene/hikkoshi/jumin/1131.html	転出届／高千穂町 スマートフォン版を表示 本文へ 文字サイズ変更 背景色 現在のページ ホーム くらし・行政 ライフシーンから探す 引越し 住民票・戸籍・印鑑登録 転出届 転出届 どこで（窓口） 町民生活課 町民係 （役場2階正面玄関より） （受付時間：8：30～17：15 土日祝日を除く） だれが（届出日） ご本人 かまたは 同一世帯 の方 ※それ以外の代理人の方は 委任状 が必要です。 どのように（必要なもの） ■ 住民異動届 （ダウンロード） ※（書き方例） ■届出人の 印鑑 ■届出人の 免許証や個人番号カード等本人確認できるもの ■代理で手続きをされる場合は 委任状 ※（委任状ダウンロード） ■印鑑登録されている方は 印鑑登録証 ※転出予定日をもって廃止になるため、回収します。 その他のお手続き（該当す
23	高千穂町	転入届	https://www.town-takachiho.jp/top/soshiki/chominsekatsu/2/4/428.html	転入届／高千穂町 スマートフォン版を表示 本文へ 文字サイズ変更 背景色 現在のページ ホーム くらし・行政 組織から探す 町民生活課 くらし・手続き 住民票・戸籍・印鑑登録 転入届 転入届 いつ（届出期間） 高千穂町に お住まいになってから 14日以内 どこで（窓口） 町民生活課 町民係 （役場2階正面玄関より） （受付時間：8：30～17：15 土日祝日を除く） どなたが（届出人） ご本人 または 同一世帯 の方 ※それ以外の方が届出にこられる場合は、委任状が必要です。 どのように（必要なもの） ■住民異動届 (ダウンロード ） ※（書き方例） ■前の住所地でとられた 転出証明書 （コピー不可） ※カードで転出された方は不要です。 ■届出人の 印鑑 ■届出人の 免許証やマイナンバーカード等本人確認できるもの
23	高千穂町	転出届	https://www.town-takachiho.jp/top/soshiki/chominsekatsu/2/4/430.html	転出届／高千穂町 スマートフォン版を表示 本文へ 文字サイズ変更 背景色 現在のページ ホーム くらし・行政 組織から探す 町民生活課 くらし・手続き 住民票・戸籍・印鑑登録 転出届 転出届 どこで（窓口） 町民生活課 町民係 （役場2階正面玄関より） （受付時間：8：30～17：15 土日祝日を除く） だれが（届出日） ご本人 かまたは 同一世帯 の方 ※それ以外の代理人の方は 委任状 が必要です。 どのように（必要なもの） ■ 住民異動届 （ダウンロード） ※（書き方例） ■届出人の 印鑑 ■届出人の 免許証や個人番号カード等本人確認できるもの ■代理で手続きをされる場合は 委任状 ※（委任状ダウンロード） ■印鑑登録されている方は 印鑑登録証 ※転出予定日をもって廃止になるため、回収します。 その他のお手
23	高千穂町	縁結び大学で高千穂町が紹介されました	https://www.town-takachiho.jp/top/soshiki/kikakukanko/4/ijuuteijuu/3678.html	縁結び大学で高千穂町が紹介されました／高千穂町 スマートフォン版を表示 本文へ 文字サイズ変更 背景色 現在のページ ホーム くらし・行政 組織から探す 企画観光課 行政情報 移住・定住・空き家対策 縁結び大学で高千穂町が紹介されました 縁結び大学で高千穂町が紹介されました 縁結び大学 https://jsbs2012.jp/date/ijyu 高千穂町の移住者支援事業が紹介されています。 高千穂町の掲載記事はこちら→ https://jsbs2012.jp/date/takachiho-iju 更新日：2023年09月13日 移住・定住・空き家対策 妊娠・出産 子育て 入園・入学 引越し 仕事・就職 結婚・離婚 上下水道 高齢・介護 お悔やみ ページの先頭へ 〒882-1192 宮崎県西臼杵郡高千穂町大字三田
22	高千穂町	令和8年度介護保険料の特例措置	https://www.town-takachiho.jp/top/kurashi/kaigo/4398.html	令和8年度介護保険料の特例措置／高千穂町 スマートフォン版を表示 本文へ 文字サイズ変更 背景色 現在のページ ホーム くらし・行政 くらし・手続き 介護保険 令和8年度介護保険料の特例措置 令和8年度介護保険料の特例措置 令和8年度の介護保険料の特例措置について 令和7年度税制改正により、給与所得控除の最低保障額が55万円から65万円に引き上げられました。 介護保険制度は3年を1期とする介護保険事業計画に基づき基準となる保険料を決定していますが、第9期事業計画（令和6年度から令和8年度）の決定時には想定されていない税制改正のため、令和8年度分の介護保険料算定については税制改正の影響を遮断する措置が行われます。 ※今回の措置は令和8年度のみとなります。 影響を受ける対象者について 令和8年1月1日及び4月1日の
22	高千穂町	障害福祉	https://www.town-takachiho.jp/top/soshiki/fukushihoken/3/3/index.html	障害福祉／高千穂町 スマートフォン版を表示 本文へ 文字サイズ変更 背景色 現在のページ ホーム くらし・行政 組織から探す 福祉保険課 健康・福祉 障害福祉 障害福祉 障害者手帳の申請について（身体・療育・精神） 自立支援医療(更生・育成・精神通院)について 重度心身障害者医療費助成申請書(請求書)について 障害福祉サービスの利用について 補装具・日常生活用具について 手当、見舞金制度について 税減免について(住民税・自動車税) 交通機関等の助成・割引・免除について NHK放送受信料の免除ついて 障がいのある方の「働きたい」を応援します! 本町施設で「障がい者手帳アプリ（ミライロID）」が使えるようになりました。 高千穂町障がい者計画・障がい者福祉計画・障がい児福祉計画 更新日：2019年04月03日 健康・
22	高千穂町	令和8年度介護保険料の特例措置	https://www.town-takachiho.jp/top/soshiki/genkiso/kaigo_kaigohoken/3/4397.html	令和8年度介護保険料の特例措置／高千穂町 スマートフォン版を表示 本文へ 文字サイズ変更 背景色 現在のページ ホーム くらし・行政 組織から探す 保健福祉総合センターげんき荘 介護・介護保険 介護保険 令和8年度介護保険料の特例措置 令和8年度介護保険料の特例措置 令和8年度の介護保険料の特例措置について 令和7年度税制改正により、給与所得控除の最低保障額が55万円から65万円に引き上げられました。 介護保険制度は3年を1期とする介護保険事業計画に基づき基準となる保険料を決定していますが、第9期事業計画（令和6年度から令和8年度）の決定時には想定されていない税制改正のため、令和8年度分の介護保険料算定については税制改正の影響を遮断する措置が行われます。 ※今回の措置は令和8年度のみとなります。 影響を受ける対
21	高千穂町	子育て	https://www.town-takachiho.jp/top/life_scene/kosodate/index.html	子育て／高千穂町 スマートフォン版を表示 本文へ 文字サイズ変更 背景色 現在のページ ホーム くらし・行政 ライフシーンから探す 子育て 子育て 教育 子育て支援 手当・助成 Tweet 更新日：2019年04月03日 ライフシーンから探す 妊娠・出産 子育て 入園・入学 引越し 仕事・就職 結婚・離婚 上下水道 高齢・介護 お悔やみ ページの先頭へ 〒882-1192 宮崎県西臼杵郡高千穂町大字三田井13 電話番号一覧 サイトマップ 組織を探す Copyright (C) Takachiho Town. All rights reserved.
21	高千穂町	農林業・畜産	https://www.town-takachiho.jp/top/sangyo/norin/index.html	農林業・畜産／高千穂町 スマートフォン版を表示 本文へ 文字サイズ変更 背景色 現在のページ ホーム くらし・行政 産業 農林業・畜産 農林業・畜産 農業委員会 林業係 農地・農業用施設で災害が発生したら 高千穂町新規就農者支援事業について 農地の賃借料について 農業用ため池マップ 人・農地プランの実質化に向けた工程表の公開について 令和6年災 農地・農業用施設災害復旧事業の補助申請 農地整備課 更新日：2019年04月03日 産業 妊娠・出産 子育て 入園・入学 引越し 仕事・就職 結婚・離婚 上下水道 高齢・介護 お悔やみ ページの先頭へ 〒882-1192 宮崎県西臼杵郡高千穂町大字三田井13 電話番号一覧 サイトマップ 組織を探す Copyright (C) Takachiho Town. All ri
21	高千穂町	病後児保育事業のご案内	https://www.town-takachiho.jp/top/kosodate_kyoiku/kosodate_shien/3818.html	病後児保育事業のご案内／高千穂町 スマートフォン版を表示 本文へ 文字サイズ変更 背景色 現在のページ ホーム くらし・行政 子育て・教育 子育て支援 病後児保育事業のご案内 病後児保育事業のご案内 ★病後児保育事業の利用には「事前の登録」が必要です。 利用の可能性が少しでもあれば、いざという時あわてずに済むよう、年度初めに登録されておくことをお勧めします。 ※随時受付けはしております。 高千穂町病後児保育事業利用登録申請書兼台帳(Wordファイル:45.5KB) ★令和5年10月より利用料を県と町で負担します。 下の助成申請書をご記入ください。 (※昼食やミルク、飲み物、おやつ、なじみの玩具等必要なものは各自持参してください。) 高千穂町病後児保育利用料助成申請書(Wordファイル:18.2KB) ★実際に利
21	高千穂町	令和6年災 農地・農業用施設災害復旧事業の補助申請	https://www.town-takachiho.jp/top/kurashi/anzen/2/3619.html	令和6年災 農地・農業用施設災害復旧事業の補助申請／高千穂町 スマートフォン版を表示 本文へ 文字サイズ変更 背景色 現在のページ ホーム くらし・行政 くらし・手続き 安全・安心 防災・消防 令和6年災 農地・農業用施設災害復旧事業の補助申請 令和6年災 農地・農業用施設災害復旧事業の補助申請 大雨等の自然災害で農地、農道、水路が被災した場合、条件を満たす場合に限り復旧費用の一部が補助されます。（事業の概要は こちら ） 補助を希望する場合は農地整備課に 申請書の提出が必要 となりますので、次の申請期限をご確認ください。 被災を報告しただけでは申請したことになりませんのでご注意ください。 1．国庫補助事業の申請 被災時期と申請期限 災害名 申請期限 台風10号 （令和6年8月29日発生） 令和6年9月20日（
21	高千穂町	令和6年災 農地・農業用施設災害復旧事業の補助申請	https://www.town-takachiho.jp/top/sangyo/norin/3618.html	令和6年災 農地・農業用施設災害復旧事業の補助申請／高千穂町 スマートフォン版を表示 本文へ 文字サイズ変更 背景色 現在のページ ホーム くらし・行政 産業 農林業・畜産 令和6年災 農地・農業用施設災害復旧事業の補助申請 令和6年災 農地・農業用施設災害復旧事業の補助申請 大雨等の自然災害で農地、農道、水路が被災した場合、条件を満たす場合に限り復旧費用の一部が補助されます。（事業の概要は こちら ） 補助を希望する場合は農地整備課に 申請書の提出が必要 となりますので、次の申請期限をご確認ください。 被災を報告しただけでは申請したことになりませんのでご注意ください。 1．国庫補助事業の申請 被災時期と申請期限 災害名 申請期限 台風10号 （令和6年8月29日発生） 令和6年9月20日（金曜日） 申請に必要
21	高千穂町	子育て・教育	https://www.town-takachiho.jp/top/soshiki/fukushihoken/4/index.html	子育て・教育／高千穂町 スマートフォン版を表示 本文へ 文字サイズ変更 背景色 現在のページ ホーム くらし・行政 組織から探す 福祉保険課 子育て・教育 子育て・教育 こどもの健診・予防接種 子育て支援 手当・助成 更新日：2019年04月03日 福祉保険課 妊娠・出産 子育て 入園・入学 引越し 仕事・就職 結婚・離婚 上下水道 高齢・介護 お悔やみ ページの先頭へ 〒882-1192 宮崎県西臼杵郡高千穂町大字三田井13 電話番号一覧 サイトマップ 組織を探す Copyright (C) Takachiho Town. All rights reserved.
21	高千穂町	病後児保育事業のご案内	https://www.town-takachiho.jp/top/soshiki/fukushihoken/4/3/2116.html	病後児保育事業のご案内／高千穂町 スマートフォン版を表示 本文へ 文字サイズ変更 背景色 現在のページ ホーム くらし・行政 組織から探す 福祉保険課 子育て・教育 子育て支援 病後児保育事業のご案内 病後児保育事業のご案内 ★病後児保育事業の利用には「事前の登録」が必要です。 利用の可能性が少しでもあれば、いざという時あわてずに済むよう、年度初めに登録されておくことをお勧めします。 ※随時受付けはしております。 高千穂町病後児保育事業利用登録申請書兼台帳(Wordファイル:45.5KB) ★令和5年10月より利用料を県と町で負担します。 下の助成申請書をご記入ください。 (※昼食やミルク、飲み物、おやつ、なじみの玩具等必要なものは各自持参してください。) 高千穂町病後児保育利用料助成申請書(Wordファイル:
21	高千穂町	子育て・教育	https://www.town-takachiho.jp/top/soshiki/genkiso/4/index.html	子育て・教育／高千穂町 スマートフォン版を表示 本文へ 文字サイズ変更 背景色 現在のページ ホーム くらし・行政 組織から探す 保健福祉総合センターげんき荘 子育て・教育 子育て・教育 手当・助成 高千穂町産後ケア事業 こども家庭センター 更新日：2019年04月03日 保健福祉総合センターげんき荘 妊娠・出産 子育て 入園・入学 引越し 仕事・就職 結婚・離婚 上下水道 高齢・介護 お悔やみ ページの先頭へ 〒882-1192 宮崎県西臼杵郡高千穂町大字三田井13 電話番号一覧 サイトマップ 組織を探す Copyright (C) Takachiho Town. All rights reserved.
20	高千穂町	【地方創生】地域再生計画について	https://www.town-takachiho.jp/top/gyosei/chihososei/2358.html	【地方創生】地域再生計画について／高千穂町 スマートフォン版を表示 本文へ 文字サイズ変更 背景色 現在のページ ホーム くらし・行政 行政情報 地方創生 【地方創生】地域再生計画について 【地方創生】地域再生計画について 高千穂町における地域再生計画をここに公表します。 1．新“人つどい、神笑う”いのちをつなぐ「日本のふるさと」高千穂再生計画 計画の概要：地方創生道整備推進交付金により、町道と林道の一体的な整備を実施し、市場への農林産物の輸送を容易にさせ、林産物の生産額の増加を図る。また、同時に、町内の観光資源へのアクセスが改善されるため、県内外のみならず、特に外国人の観光客の増加を図り、町全体の活性化に寄与する道路整備の実施を目指すものである。 計画期間：令和2年度～令和6年度 新“人つどい、神笑う”いのち
19	高千穂町	子育て・教育	https://www.town-takachiho.jp/top/kosodate_kyoiku/index.html	子育て・教育／高千穂町 スマートフォン版を表示 本文へ 文字サイズ変更 背景色 現在のページ ホーム くらし・行政 子育て・教育 子育て・教育 教育 子育て支援 手当・助成 高千穂町産後ケア事業 更新日：2019年04月03日 くらし・行政 妊娠・出産 子育て 入園・入学 引越し 仕事・就職 結婚・離婚 上下水道 高齢・介護 お悔やみ ページの先頭へ 〒882-1192 宮崎県西臼杵郡高千穂町大字三田井13 電話番号一覧 サイトマップ 組織を探す Copyright (C) Takachiho Town. All rights reserved.
19	高千穂町	妊娠・出産	https://www.town-takachiho.jp/top/life_scene/ninshin/index.html	妊娠・出産／高千穂町 スマートフォン版を表示 本文へ 文字サイズ変更 背景色 現在のページ ホーム くらし・行政 ライフシーンから探す 妊娠・出産 妊娠・出産 国民健康保険(給付) 不妊治療費の助成制度について(R5.11.27更新） Tweet 更新日：2019年04月03日 ライフシーンから探す 妊娠・出産 子育て 入園・入学 引越し 仕事・就職 結婚・離婚 上下水道 高齢・介護 お悔やみ ページの先頭へ 〒882-1192 宮崎県西臼杵郡高千穂町大字三田井13 電話番号一覧 サイトマップ 組織を探す Copyright (C) Takachiho Town. All rights reserved.
19	高千穂町	浄化槽	https://www.town-takachiho.jp/top/kurashi/jyoukasou2/index.html	浄化槽／高千穂町 スマートフォン版を表示 本文へ 文字サイズ変更 背景色 現在のページ ホーム くらし・行政 くらし・手続き 浄化槽 浄化槽 合併処理浄化槽設置整備事業〔補助金〕について 浄化槽管理者の義務について 浄化槽の使用を休止するとき、廃止するとき 更新日：2019年06月07日 くらし・手続き 妊娠・出産 子育て 入園・入学 引越し 仕事・就職 結婚・離婚 上下水道 高齢・介護 お悔やみ ページの先頭へ 〒882-1192 宮崎県西臼杵郡高千穂町大字三田井13 電話番号一覧 サイトマップ 組織を探す Copyright (C) Takachiho Town. All rights reserved.
19	高千穂町	財政	https://www.town-takachiho.jp/top/gyosei/1209.html	財政／高千穂町 スマートフォン版を表示 本文へ 文字サイズ変更 背景色 現在のページ ホーム くらし・行政 行政情報 財政 財政 高千穂町の財務書類 高千穂町の固定資産台帳 高千穂町の財政状況資料集 高千穂町国民健康保険病院の経営比較分析表 地方消費税交付金（社会保障財源分）が充てられている社会保障経費 財政事情の公表 更新日：2019年04月09日 行政情報 妊娠・出産 子育て 入園・入学 引越し 仕事・就職 結婚・離婚 上下水道 高齢・介護 お悔やみ ページの先頭へ 〒882-1192 宮崎県西臼杵郡高千穂町大字三田井13 電話番号一覧 サイトマップ 組織を探す Copyright (C) Takachiho Town. All rights reserved.
19	高千穂町	第2期高千穂町子ども・子育て支援事業計画	https://www.town-takachiho.jp/top/kosodate_kyoiku/kosodate_shien/2388.html	第2期高千穂町子ども・子育て支援事業計画／高千穂町 スマートフォン版を表示 本文へ 文字サイズ変更 背景色 現在のページ ホーム くらし・行政 子育て・教育 子育て支援 第2期高千穂町子ども・子育て支援事業計画 第2期高千穂町子ども・子育て支援事業計画 第2期高千穂町子ども・子育て支援事業計画を公表します！ 高千穂町では、令和2年度から5年後を目標年として、教育・保育等サービスの充実、 地域による子育て支援、乳幼児健診等をはじめとする親子の健康の確保・増進、教育環境 の整備、仕事と子育ての両立支援、子育てに配慮した生活環境の整備などを進め、高千穂 町における子育て支援を充実するために「第2期高千穂町子ども・子育て支援事業計画」 を策定しました。 第2期高千穂町子ども・子育て支援事業計画(PDFファイル:2.6M
19	高千穂町	農地・農業用施設で災害が発生したら	https://www.town-takachiho.jp/top/kurashi/anzen/2/2738.html	農地・農業用施設で災害が発生したら／高千穂町 スマートフォン版を表示 本文へ 文字サイズ変更 背景色 現在のページ ホーム くらし・行政 くらし・手続き 安全・安心 防災・消防 農地・農業用施設で災害が発生したら 農地・農業用施設で災害が発生したら 農地または農業用施設（水路・農道など）で災害が発生した時の手続きは次のとおりです。 上の画像のPDF版は こちら よくある質問 上の画像のPDF版は こちら 上の画像のPDF版は こちら 上の画像のPDF版は こちら 上の画像のPDF版は こちら 自力復旧補助金の要項は こちら この記事に関するお問い合わせ先 農地整備課 〒882-1192 宮崎県西臼杵郡高千穂町大字三田井13 電話番号：0982-73-1211 ファックス：0982-73-1227 メールフォーム
19	高千穂町	高千穂町光ケーブルネットワーク	https://www.town-takachiho.jp/top/kurashi/sumai/1285.html	高千穂町光ケーブルネットワーク／高千穂町 スマートフォン版を表示 本文へ 文字サイズ変更 背景色 現在のページ ホーム くらし・行政 くらし・手続き 住まい 高千穂町光ケーブルネットワーク 高千穂町光ケーブルネットワーク 高千穂町光ケーブルネットワークについて お申し込みについて 故障などの連絡先 高千穂町光ケーブルネットワークについて 高千穂町が平成22年度に国の補助を受けて町内全域に整備した光ケーブル網を利用して、NTT西日本が提供する光電話及びインターネットのサービスをご利用いただけます。また、アンテナなしで地上デジタル放送や高千穂町の自主チャンネル「テレビ高千穂」の視聴が可能になります。 ※IP告知端末（光ケーブルを利用したお知らせ端末）の運用は終了しました。防災無線の取付については総務課0982-73
19	高千穂町	高千穂町光ケーブルネットワーク	https://www.town-takachiho.jp/top/life_scene/hikkoshi/1286.html	高千穂町光ケーブルネットワーク／高千穂町 スマートフォン版を表示 本文へ 文字サイズ変更 背景色 現在のページ ホーム くらし・行政 ライフシーンから探す 引越し 高千穂町光ケーブルネットワーク 高千穂町光ケーブルネットワーク 高千穂町光ケーブルネットワークについて お申し込みについて 故障などの連絡先 高千穂町光ケーブルネットワークについて 高千穂町が平成22年度に国の補助を受けて町内全域に整備した光ケーブル網を利用して、NTT西日本が提供する光電話及びインターネットのサービスをご利用いただけます。また、アンテナなしで地上デジタル放送や高千穂町の自主チャンネル「テレビ高千穂」の視聴が可能になります。 ※IP告知端末（光ケーブルを利用したお知らせ端末）の運用は終了しました。防災無線の取付については総務課0982
19	高千穂町	農地・農業用施設で災害が発生したら	https://www.town-takachiho.jp/top/sangyo/norin/819.html	農地・農業用施設で災害が発生したら／高千穂町 スマートフォン版を表示 本文へ 文字サイズ変更 背景色 現在のページ ホーム くらし・行政 産業 農林業・畜産 農地・農業用施設で災害が発生したら 農地・農業用施設で災害が発生したら 農地または農業用施設（水路・農道など）で災害が発生した時の手続きは次のとおりです。 上の画像のPDF版は こちら よくある質問 上の画像のPDF版は こちら 上の画像のPDF版は こちら 上の画像のPDF版は こちら 上の画像のPDF版は こちら 自力復旧補助金の要項は こちら この記事に関するお問い合わせ先 農地整備課 〒882-1192 宮崎県西臼杵郡高千穂町大字三田井13 電話番号：0982-73-1211 ファックス：0982-73-1227 メールフォームによるお問い合わせ
19	高千穂町	浄化槽	https://www.town-takachiho.jp/top/soshiki/chominsekatsu/2/jyoukasou/index.html	浄化槽／高千穂町 スマートフォン版を表示 本文へ 文字サイズ変更 背景色 現在のページ ホーム くらし・行政 組織から探す 町民生活課 くらし・手続き 浄化槽 浄化槽 合併処理浄化槽設置整備事業〔補助金〕について 浄化槽管理者の義務について 浄化槽の使用を休止するとき、廃止するとき この記事に関するお問い合わせ先 町民生活課 〒882-1192 宮崎県西臼杵郡高千穂町大字三田井13 電話番号：0982-73-1203 ファックス：0982-73-1221 / 73-1222 メールフォームによるお問い合わせ 更新日：2019年06月07日 くらし・手続き 妊娠・出産 子育て 入園・入学 引越し 仕事・就職 結婚・離婚 上下水道 高齢・介護 お悔やみ ページの先頭へ 〒882-1192 宮崎県西臼杵郡高千穂町大字
19	高千穂町	国民健康保険	https://www.town-takachiho.jp/top/soshiki/fukushihoken/2/2/index.html	国民健康保険／高千穂町 スマートフォン版を表示 本文へ 文字サイズ変更 背景色 現在のページ ホーム くらし・行政 組織から探す 福祉保険課 くらし・手続き 国民健康保険 国民健康保険 国民健康保険(給付) 国民健康保険(資格) 高額療養費 国保税 更新日：2019年04月03日 くらし・手続き 妊娠・出産 子育て 入園・入学 引越し 仕事・就職 結婚・離婚 上下水道 高齢・介護 お悔やみ ページの先頭へ 〒882-1192 宮崎県西臼杵郡高千穂町大字三田井13 電話番号一覧 サイトマップ 組織を探す Copyright (C) Takachiho Town. All rights reserved.
19	高千穂町	第2期高千穂町子ども・子育て支援事業計画	https://www.town-takachiho.jp/top/soshiki/fukushihoken/4/3/2384.html	第2期高千穂町子ども・子育て支援事業計画／高千穂町 スマートフォン版を表示 本文へ 文字サイズ変更 背景色 現在のページ ホーム くらし・行政 組織から探す 福祉保険課 子育て・教育 子育て支援 第2期高千穂町子ども・子育て支援事業計画 第2期高千穂町子ども・子育て支援事業計画 第2期高千穂町子ども・子育て支援事業計画を公表します！ 高千穂町では、令和2年度から5年後を目標年として、教育・保育等サービスの充実、 地域による子育て支援、乳幼児健診等をはじめとする親子の健康の確保・増進、教育環境 の整備、仕事と子育ての両立支援、子育てに配慮した生活環境の整備などを進め、高千穂 町における子育て支援を充実するために「第2期高千穂町子ども・子育て支援事業計画」 を策定しました。 第2期高千穂町子ども・子育て支援事業計画
19	高千穂町	「イーデス転職」に高千穂町が紹介されました	https://www.town-takachiho.jp/top/soshiki/kikakukanko/4/ijuuteijuu/4255.html	「イーデス転職」に高千穂町が紹介されました／高千穂町 スマートフォン版を表示 本文へ 文字サイズ変更 背景色 現在のページ ホーム くらし・行政 組織から探す 企画観光課 行政情報 移住・定住・空き家対策 「イーデス転職」に高千穂町が紹介されました 「イーデス転職」に高千穂町が紹介されました 「イーデス転職エージェント」が提供する「イーデス転職」にて高千穂町の移住に役立つ 支援制度や取り組みについての情報が掲載されました。 「高千穂町｜神話と伝説が息づく神秘の里で心豊かに暮らす」 ■掲載メディア： 暮らしの「まよい」を解決する比較メディア「イーデス」 ■運営会社： 株式会社エイチームライフデザイン 更新日：2025年12月22日 移住・定住・空き家対策 妊娠・出産 子育て 入園・入学 引越し 仕事・就職 結婚・
19	高千穂町	移住・定住・空き家対策	https://www.town-takachiho.jp/top/soshiki/kikakukanko/4/ijuuteijuu/index.html	移住・定住・空き家対策／高千穂町 スマートフォン版を表示 本文へ 文字サイズ変更 背景色 現在のページ ホーム くらし・行政 組織から探す 企画観光課 行政情報 移住・定住・空き家対策 移住・定住・空き家対策 移住希望者のための空き家バンク 空き家探してます 移住定住ポータルサイト「ワープシティ」に掲載していただきました 縁結び大学で高千穂町が紹介されました 高千穂町移住支援金について 「イーデス転職」に高千穂町が紹介されました 更新日：2023年04月05日 行政情報 妊娠・出産 子育て 入園・入学 引越し 仕事・就職 結婚・離婚 上下水道 高齢・介護 お悔やみ ページの先頭へ 〒882-1192 宮崎県西臼杵郡高千穂町大字三田井13 電話番号一覧 サイトマップ 組織を探す Copyright (C) Tak
17	高千穂町	仕事・就職	https://www.town-takachiho.jp/top/life_scene/job/index.html	仕事・就職／高千穂町 スマートフォン版を表示 本文へ 文字サイズ変更 背景色 現在のページ ホーム くらし・行政 ライフシーンから探す 仕事・就職 仕事・就職 国民健康保険(給付) 退職・転職・結婚等の際は変更手続きを Tweet 更新日：2019年04月03日 ライフシーンから探す 妊娠・出産 子育て 入園・入学 引越し 仕事・就職 結婚・離婚 上下水道 高齢・介護 お悔やみ ページの先頭へ 〒882-1192 宮崎県西臼杵郡高千穂町大字三田井13 電話番号一覧 サイトマップ 組織を探す Copyright (C) Takachiho Town. All rights reserved.
17	高千穂町	結婚・離婚	https://www.town-takachiho.jp/top/life_scene/kekkon_rikon/index.html	結婚・離婚／高千穂町 スマートフォン版を表示 本文へ 文字サイズ変更 背景色 現在のページ ホーム くらし・行政 ライフシーンから探す 結婚・離婚 結婚・離婚 国民健康保険(給付) 退職・転職・結婚等の際は変更手続きを Tweet 更新日：2019年04月03日 ライフシーンから探す 妊娠・出産 子育て 入園・入学 引越し 仕事・就職 結婚・離婚 上下水道 高齢・介護 お悔やみ ページの先頭へ 〒882-1192 宮崎県西臼杵郡高千穂町大字三田井13 電話番号一覧 サイトマップ 組織を探す Copyright (C) Takachiho Town. All rights reserved.
17	高千穂町	お悔やみ	https://www.town-takachiho.jp/top/life_scene/okuyami/index.html	お悔やみ／高千穂町 スマートフォン版を表示 本文へ 文字サイズ変更 背景色 現在のページ ホーム くらし・行政 ライフシーンから探す お悔やみ お悔やみ 国民健康保険(給付) 死亡後のご遺族の手続きが簡素化されました Tweet 更新日：2019年04月03日 ライフシーンから探す 妊娠・出産 子育て 入園・入学 引越し 仕事・就職 結婚・離婚 上下水道 高齢・介護 お悔やみ ページの先頭へ 〒882-1192 宮崎県西臼杵郡高千穂町大字三田井13 電話番号一覧 サイトマップ 組織を探す Copyright (C) Takachiho Town. All rights reserved.
17	高千穂町	社会資本総合整備計画の公表	https://www.town-takachiho.jp/top/sangyo/doro/839.html	社会資本総合整備計画の公表／高千穂町 スマートフォン版を表示 本文へ 文字サイズ変更 背景色 現在のページ ホーム くらし・行政 産業 道路・河川・都市計画 社会資本総合整備計画の公表 社会資本総合整備計画の公表 高千穂町の「社会資本総合整備計画」について、公表します。 社会資本整備総合交付金とは 地方公共団体が「活力創出」、「水の安全・安心」、「市街地整備」、「地域住宅支援」の4分野で、政策目的を実現するための基幹的な社会資本整備事業のほか、関連する社会資本整備やソフト事業を総合的・一体的に支援する国の交付金で、地方公共団体にとって自由度が高く、創意工夫を生かせる総合的な交付金として平成22年度に創設されました。 平成23年度以降、制度改正により4分野が統合され個別事業分野にとらわれない計画策定が可能となり、
17	高千穂町	社会資本総合整備計画の公表	https://www.town-takachiho.jp/top/soshiki/kensetsu/4/2/342.html	社会資本総合整備計画の公表／高千穂町 スマートフォン版を表示 本文へ 文字サイズ変更 背景色 現在のページ ホーム くらし・行政 組織から探す 建設課 産業 道路・河川・都市計画 社会資本総合整備計画の公表 社会資本総合整備計画の公表 高千穂町の「社会資本総合整備計画」について、公表します。 社会資本整備総合交付金とは 地方公共団体が「活力創出」、「水の安全・安心」、「市街地整備」、「地域住宅支援」の4分野で、政策目的を実現するための基幹的な社会資本整備事業のほか、関連する社会資本整備やソフト事業を総合的・一体的に支援する国の交付金で、地方公共団体にとって自由度が高く、創意工夫を生かせる総合的な交付金として平成22年度に創設されました。 平成23年度以降、制度改正により4分野が統合され個別事業分野にとらわれない
17	高千穂町	都市構造再編集中支援事業（都市再生整備計画）について	https://www.town-takachiho.jp/top/soshiki/kensetsu/4/2/2972.html	都市構造再編集中支援事業（都市再生整備計画）について／高千穂町 スマートフォン版を表示 本文へ 文字サイズ変更 背景色 現在のページ ホーム くらし・行政 組織から探す 建設課 産業 道路・河川・都市計画 都市構造再編集中支援事業（都市再生整備計画）について 都市構造再編集中支援事業（都市再生整備計画）について 〇都市構造再編集中支援事業とは 都市構造再編集中支援事業は、立地適正化計画に基づき、市町村等が行う一定期間内の都市機能や居住環境の向上に資する公共公益施設の誘導・整備、防災力強化の取組等に対し、国による総合的・集中的な支援を行い、各都市が持続可能で強靭な都市構造へ再編を図ることを目的とする事業です。 〇三田井地区（2期）都市再生整備計画 【事業概要】 九州屈指のパワースポットとして知られる高千穂の住む人
16	高千穂町	高千穂トゥギャザーウォーク2025の開催について	https://www.town-takachiho.jp/top/kanko_bunka/4234.html	高千穂トゥギャザーウォーク2025の開催について／高千穂町 スマートフォン版を表示 本文へ 文字サイズ変更 背景色 現在のページ ホーム くらし・行政 観光・文化 高千穂トゥギャザーウォーク2025の開催について 高千穂トゥギャザーウォーク2025の開催について 第10回高千穂トゥギャザーウォーク2025 第10回目となる高千穂トゥギャザーウォーク2025が令和8年2月21日（土曜日）に開催されます。 高千穂トゥギャザーウォークは高千穂峡や向山地区を巡る約12kmのウォーキングイベントです。 各中継地点でのふるまいや、ゴール時には抽選会など楽しめるイベントを多数ご準備しております。 ぜひご家族やご友人と高千穂町の冬の景色を楽しんでみませんか？ 【開催日】 令和8年（2026年）2月21日 土曜日 【参加費】 高
16	高千穂町	高千穂トゥギャザーウォーク2025の開催について	https://www.town-takachiho.jp/top/kanko_bunka/kanko_joho/4235.html	高千穂トゥギャザーウォーク2025の開催について／高千穂町 スマートフォン版を表示 本文へ 文字サイズ変更 背景色 現在のページ ホーム くらし・行政 観光・文化 観光情報 高千穂トゥギャザーウォーク2025の開催について 高千穂トゥギャザーウォーク2025の開催について 第10回高千穂トゥギャザーウォーク2025 第10回目となる高千穂トゥギャザーウォーク2025が令和8年2月21日（土曜日）に開催されます。 高千穂トゥギャザーウォークは高千穂峡や向山地区を巡る約12kmのウォーキングイベントです。 各中継地点でのふるまいや、ゴール時には抽選会など楽しめるイベントを多数ご準備しております。 ぜひご家族やご友人と高千穂町の冬の景色を楽しんでみませんか？ 【開催日】 令和8年（2026年）2月21日 土曜日 【参
16	高千穂町	地域包括支援センター	https://www.town-takachiho.jp/top/kenko_fukushi/korei_fukushi/3157.html	地域包括支援センター／高千穂町 スマートフォン版を表示 本文へ 文字サイズ変更 背景色 現在のページ ホーム くらし・行政 健康・福祉 高齢福祉 地域包括支援センター 地域包括支援センター 地域包括支援センターとは・・・？ 地域包括支援センターは、高齢者が住み慣れた地域で、いつまでも健やかに安心して生活できるように高齢者ご本人やそのご家族をサポートする身近な相談窓口です。 日常生活のなかで、分からないこと、不安なこと、困っていることなどありましたら、お気軽にご相談ください。 どこに相談すればよいか分からないとき 介護予防や健康維持が心配になったとき 詐欺や虐待に関して相談したいとき みなさんが抱える様々な問題を私たち専門職が中心となってサポートします。 総合相談支援 地域包括支援センターは、高齢者ご本人やそのご
16	高千穂町	障害福祉	https://www.town-takachiho.jp/top/kenko_fukushi/shogai_fukushi/index.html	障害福祉／高千穂町 スマートフォン版を表示 本文へ 文字サイズ変更 背景色 現在のページ ホーム くらし・行政 健康・福祉 障害福祉 障害福祉 自立支援医療(更生・育成・精神通院)について 重度心身障害者医療費助成申請書(請求書)について 障害福祉サービスの利用について 補装具・日常生活用具について 税減免について(住民税・自動車税) NHK放送受信料の免除ついて 障がいのある方の「働きたい」を応援します! 本町施設で「障がい者手帳アプリ（ミライロID）」が使えるようになりました。 高千穂町障がい者計画・障がい者福祉計画・障がい児福祉計画 更新日：2019年04月03日 健康・福祉 妊娠・出産 子育て 入園・入学 引越し 仕事・就職 結婚・離婚 上下水道 高齢・介護 お悔やみ ページの先頭へ 〒882-1192
16	高千穂町	地域包括支援センター	https://www.town-takachiho.jp/top/life_scene/korei_kaigo/3158.html	地域包括支援センター／高千穂町 スマートフォン版を表示 本文へ 文字サイズ変更 背景色 現在のページ ホーム くらし・行政 ライフシーンから探す 高齢・介護 地域包括支援センター 地域包括支援センター 地域包括支援センターとは・・・？ 地域包括支援センターは、高齢者が住み慣れた地域で、いつまでも健やかに安心して生活できるように高齢者ご本人やそのご家族をサポートする身近な相談窓口です。 日常生活のなかで、分からないこと、不安なこと、困っていることなどありましたら、お気軽にご相談ください。 どこに相談すればよいか分からないとき 介護予防や健康維持が心配になったとき 詐欺や虐待に関して相談したいとき みなさんが抱える様々な問題を私たち専門職が中心となってサポートします。 総合相談支援 地域包括支援センターは、高齢者ご
16	高千穂町	地域包括支援センター	https://www.town-takachiho.jp/top/soshiki/genkiso/houkatsu/3141.html	地域包括支援センター／高千穂町 スマートフォン版を表示 本文へ 文字サイズ変更 背景色 現在のページ ホーム くらし・行政 組織から探す 保健福祉総合センターげんき荘 包括支援 地域包括支援センター 地域包括支援センター 地域包括支援センターとは・・・？ 地域包括支援センターは、高齢者が住み慣れた地域で、いつまでも健やかに安心して生活できるように高齢者ご本人やそのご家族をサポートする身近な相談窓口です。 日常生活のなかで、分からないこと、不安なこと、困っていることなどありましたら、お気軽にご相談ください。 どこに相談すればよいか分からないとき 介護予防や健康維持が心配になったとき 詐欺や虐待に関して相談したいとき みなさんが抱える様々な問題を私たち専門職が中心となってサポートします。 総合相談支援 地域包括支援
16	高千穂町	高千穂トゥギャザーウォーク2025の開催について	https://www.town-takachiho.jp/top/soshiki/kikakukanko/2/4012.html	高千穂トゥギャザーウォーク2025の開催について／高千穂町 スマートフォン版を表示 本文へ 文字サイズ変更 背景色 現在のページ ホーム くらし・行政 組織から探す 企画観光課 観光・文化 高千穂トゥギャザーウォーク2025の開催について 高千穂トゥギャザーウォーク2025の開催について 第10回高千穂トゥギャザーウォーク2025 第10回目となる高千穂トゥギャザーウォーク2025が令和8年2月21日（土曜日）に開催されます。 高千穂トゥギャザーウォークは高千穂峡や向山地区を巡る約12kmのウォーキングイベントです。 各中継地点でのふるまいや、ゴール時には抽選会など楽しめるイベントを多数ご準備しております。 ぜひご家族やご友人と高千穂町の冬の景色を楽しんでみませんか？ 【開催日】 令和8年（2026年）2月21
30	諸塚村	子ども・子育て支援金について	https://www.vill.morotsuka.miyazaki.jp/kenko-fukushi/kokuminkenkohoken/1099.html	子ども・子育て支援金について／諸塚村公式ホームページ 本文へ メニュー キーワード検索 くらし くらしを開く 子育て・教育 子育て・教育を開く 健康・福祉 健康・福祉を開く 観光・文化 観光・文化を開く しごと・産業 しごと・産業を開く 村政 村政を開く 閲覧支援 文字サイズ 標準 （初期状態） 標準 に戻す 拡大 （初期状態） 拡大 拡大（最大状態） 背景色変更 黒 背景色を黒色にする 青 背景色を青色にする 標準 背景色を元に戻す Select Language English 中文（繁体） 中文（簡体） Go Select your language メニューを閉じる メニュー キーワード検索 くらし くらしを開く 子育て・教育 子育て・教育を開く 健康・福祉 健康・福祉を開く 観光・文化 観光・文化を開
30	諸塚村	国民健康保険税について	https://www.vill.morotsuka.miyazaki.jp/kenko-fukushi/kokuminkenkohoken/1131.html	国民健康保険税について／諸塚村公式ホームページ 本文へ メニュー キーワード検索 くらし くらしを開く 子育て・教育 子育て・教育を開く 健康・福祉 健康・福祉を開く 観光・文化 観光・文化を開く しごと・産業 しごと・産業を開く 村政 村政を開く 閲覧支援 文字サイズ 標準 （初期状態） 標準 に戻す 拡大 （初期状態） 拡大 拡大（最大状態） 背景色変更 黒 背景色を黒色にする 青 背景色を青色にする 標準 背景色を元に戻す Select Language English 中文（繁体） 中文（簡体） Go Select your language メニューを閉じる メニュー キーワード検索 くらし くらしを開く 子育て・教育 子育て・教育を開く 健康・福祉 健康・福祉を開く 観光・文化 観光・文化を開く し
30	諸塚村	介護職への補助制度	https://www.vill.morotsuka.miyazaki.jp/kenko-fukushi/kaigo/797.html	介護職への補助制度／諸塚村公式ホームページ 本文へ メニュー キーワード検索 くらし くらしを開く 子育て・教育 子育て・教育を開く 健康・福祉 健康・福祉を開く 観光・文化 観光・文化を開く しごと・産業 しごと・産業を開く 村政 村政を開く 閲覧支援 文字サイズ 標準 （初期状態） 標準 に戻す 拡大 （初期状態） 拡大 拡大（最大状態） 背景色変更 黒 背景色を黒色にする 青 背景色を青色にする 標準 背景色を元に戻す Select Language English 中文（繁体） 中文（簡体） Go Select your language メニューを閉じる メニュー キーワード検索 くらし くらしを開く 子育て・教育 子育て・教育を開く 健康・福祉 健康・福祉を開く 観光・文化 観光・文化を開く しごと
30	諸塚村	障害福祉について	https://www.vill.morotsuka.miyazaki.jp/kenko-fukushi/fukushi/639.html	障害福祉について／諸塚村公式ホームページ 本文へ メニュー キーワード検索 くらし くらしを開く 子育て・教育 子育て・教育を開く 健康・福祉 健康・福祉を開く 観光・文化 観光・文化を開く しごと・産業 しごと・産業を開く 村政 村政を開く 閲覧支援 文字サイズ 標準 （初期状態） 標準 に戻す 拡大 （初期状態） 拡大 拡大（最大状態） 背景色変更 黒 背景色を黒色にする 青 背景色を青色にする 標準 背景色を元に戻す Select Language English 中文（繁体） 中文（簡体） Go Select your language メニューを閉じる メニュー キーワード検索 くらし くらしを開く 子育て・教育 子育て・教育を開く 健康・福祉 健康・福祉を開く 観光・文化 観光・文化を開く しごと・
30	諸塚村	不妊治療費助成事業について	https://www.vill.morotsuka.miyazaki.jp/kosodate-kyoiku/ninshin-shussan/553.html	不妊治療費助成事業について／諸塚村公式ホームページ 本文へ メニュー キーワード検索 くらし くらしを開く 子育て・教育 子育て・教育を開く 健康・福祉 健康・福祉を開く 観光・文化 観光・文化を開く しごと・産業 しごと・産業を開く 村政 村政を開く 閲覧支援 文字サイズ 標準 （初期状態） 標準 に戻す 拡大 （初期状態） 拡大 拡大（最大状態） 背景色変更 黒 背景色を黒色にする 青 背景色を青色にする 標準 背景色を元に戻す Select Language English 中文（繁体） 中文（簡体） Go Select your language メニューを閉じる メニュー キーワード検索 くらし くらしを開く 子育て・教育 子育て・教育を開く 健康・福祉 健康・福祉を開く 観光・文化 観光・文化を開く
30	諸塚村	子育て関係について	https://www.vill.morotsuka.miyazaki.jp/kosodate-kyoiku/ninshin-shussan/648.html	子育て関係について／諸塚村公式ホームページ 本文へ メニュー キーワード検索 くらし くらしを開く 子育て・教育 子育て・教育を開く 健康・福祉 健康・福祉を開く 観光・文化 観光・文化を開く しごと・産業 しごと・産業を開く 村政 村政を開く 閲覧支援 文字サイズ 標準 （初期状態） 標準 に戻す 拡大 （初期状態） 拡大 拡大（最大状態） 背景色変更 黒 背景色を黒色にする 青 背景色を青色にする 標準 背景色を元に戻す Select Language English 中文（繁体） 中文（簡体） Go Select your language メニューを閉じる メニュー キーワード検索 くらし くらしを開く 子育て・教育 子育て・教育を開く 健康・福祉 健康・福祉を開く 観光・文化 観光・文化を開く しごと
30	諸塚村	子育て関係について	https://www.vill.morotsuka.miyazaki.jp/kosodate-kyoiku/ikuji/622.html	子育て関係について／諸塚村公式ホームページ 本文へ メニュー キーワード検索 くらし くらしを開く 子育て・教育 子育て・教育を開く 健康・福祉 健康・福祉を開く 観光・文化 観光・文化を開く しごと・産業 しごと・産業を開く 村政 村政を開く 閲覧支援 文字サイズ 標準 （初期状態） 標準 に戻す 拡大 （初期状態） 拡大 拡大（最大状態） 背景色変更 黒 背景色を黒色にする 青 背景色を青色にする 標準 背景色を元に戻す Select Language English 中文（繁体） 中文（簡体） Go Select your language メニューを閉じる メニュー キーワード検索 くらし くらしを開く 子育て・教育 子育て・教育を開く 健康・福祉 健康・福祉を開く 観光・文化 観光・文化を開く しごと
30	諸塚村	お金のサポート	https://www.vill.morotsuka.miyazaki.jp/kurashi/sodan/1/index.html	お金のサポート／諸塚村公式ホームページ 本文へ メニュー キーワード検索 くらし くらしを開く 子育て・教育 子育て・教育を開く 健康・福祉 健康・福祉を開く 観光・文化 観光・文化を開く しごと・産業 しごと・産業を開く 村政 村政を開く 閲覧支援 文字サイズ 標準 （初期状態） 標準 に戻す 拡大 （初期状態） 拡大 拡大（最大状態） 背景色変更 黒 背景色を黒色にする 青 背景色を青色にする 標準 背景色を元に戻す Select Language English 中文（繁体） 中文（簡体） Go Select your language メニューを閉じる メニュー キーワード検索 くらし くらしを開く 子育て・教育 子育て・教育を開く 健康・福祉 健康・福祉を開く 観光・文化 観光・文化を開く しごと・産
30	諸塚村	諸塚村商工業事業者育成支援事業について	https://www.vill.morotsuka.miyazaki.jp/kurashi/sodan/1/548.html	諸塚村商工業事業者育成支援事業について／諸塚村公式ホームページ 本文へ メニュー キーワード検索 くらし くらしを開く 子育て・教育 子育て・教育を開く 健康・福祉 健康・福祉を開く 観光・文化 観光・文化を開く しごと・産業 しごと・産業を開く 村政 村政を開く 閲覧支援 文字サイズ 標準 （初期状態） 標準 に戻す 拡大 （初期状態） 拡大 拡大（最大状態） 背景色変更 黒 背景色を黒色にする 青 背景色を青色にする 標準 背景色を元に戻す Select Language English 中文（繁体） 中文（簡体） Go Select your language メニューを閉じる メニュー キーワード検索 くらし くらしを開く 子育て・教育 子育て・教育を開く 健康・福祉 健康・福祉を開く 観光・文化 観光
30	諸塚村	不妊治療費助成事業について	https://www.vill.morotsuka.miyazaki.jp/kurashi/sodan/1/532.html	不妊治療費助成事業について／諸塚村公式ホームページ 本文へ メニュー キーワード検索 くらし くらしを開く 子育て・教育 子育て・教育を開く 健康・福祉 健康・福祉を開く 観光・文化 観光・文化を開く しごと・産業 しごと・産業を開く 村政 村政を開く 閲覧支援 文字サイズ 標準 （初期状態） 標準 に戻す 拡大 （初期状態） 拡大 拡大（最大状態） 背景色変更 黒 背景色を黒色にする 青 背景色を青色にする 標準 背景色を元に戻す Select Language English 中文（繁体） 中文（簡体） Go Select your language メニューを閉じる メニュー キーワード検索 くらし くらしを開く 子育て・教育 子育て・教育を開く 健康・福祉 健康・福祉を開く 観光・文化 観光・文化を開く
30	諸塚村	介護職への補助制度	https://www.vill.morotsuka.miyazaki.jp/kurashi/sodan/1/537.html	介護職への補助制度／諸塚村公式ホームページ 本文へ メニュー キーワード検索 くらし くらしを開く 子育て・教育 子育て・教育を開く 健康・福祉 健康・福祉を開く 観光・文化 観光・文化を開く しごと・産業 しごと・産業を開く 村政 村政を開く 閲覧支援 文字サイズ 標準 （初期状態） 標準 に戻す 拡大 （初期状態） 拡大 拡大（最大状態） 背景色変更 黒 背景色を黒色にする 青 背景色を青色にする 標準 背景色を元に戻す Select Language English 中文（繁体） 中文（簡体） Go Select your language メニューを閉じる メニュー キーワード検索 くらし くらしを開く 子育て・教育 子育て・教育を開く 健康・福祉 健康・福祉を開く 観光・文化 観光・文化を開く しごと
30	諸塚村	諸塚村移住支援金制度について	https://www.vill.morotsuka.miyazaki.jp/kurashi/sodan/1/541.html	諸塚村移住支援金制度について／諸塚村公式ホームページ 本文へ メニュー キーワード検索 くらし くらしを開く 子育て・教育 子育て・教育を開く 健康・福祉 健康・福祉を開く 観光・文化 観光・文化を開く しごと・産業 しごと・産業を開く 村政 村政を開く 閲覧支援 文字サイズ 標準 （初期状態） 標準 に戻す 拡大 （初期状態） 拡大 拡大（最大状態） 背景色変更 黒 背景色を黒色にする 青 背景色を青色にする 標準 背景色を元に戻す Select Language English 中文（繁体） 中文（簡体） Go Select your language メニューを閉じる メニュー キーワード検索 くらし くらしを開く 子育て・教育 子育て・教育を開く 健康・福祉 健康・福祉を開く 観光・文化 観光・文化を開
30	諸塚村	宮崎県UIJターン引っ越し補助金「諸塚村」も対象です。	https://www.vill.morotsuka.miyazaki.jp/kurashi/sodan/2/1115.html	宮崎県UIJターン引っ越し補助金「諸塚村」も対象です。／諸塚村公式ホームページ 本文へ メニュー キーワード検索 くらし くらしを開く 子育て・教育 子育て・教育を開く 健康・福祉 健康・福祉を開く 観光・文化 観光・文化を開く しごと・産業 しごと・産業を開く 村政 村政を開く 閲覧支援 文字サイズ 標準 （初期状態） 標準 に戻す 拡大 （初期状態） 拡大 拡大（最大状態） 背景色変更 黒 背景色を黒色にする 青 背景色を青色にする 標準 背景色を元に戻す Select Language English 中文（繁体） 中文（簡体） Go Select your language メニューを閉じる メニュー キーワード検索 くらし くらしを開く 子育て・教育 子育て・教育を開く 健康・福祉 健康・福祉を開く
30	諸塚村	諸塚村 移住定住 空き家活用事業(改修補助・再生借り上げ住宅) について	https://www.vill.morotsuka.miyazaki.jp/kurashi/sodan/2/470.html	諸塚村 移住定住 空き家活用事業(改修補助・再生借り上げ住宅) について／諸塚村公式ホームページ 本文へ メニュー キーワード検索 くらし くらしを開く 子育て・教育 子育て・教育を開く 健康・福祉 健康・福祉を開く 観光・文化 観光・文化を開く しごと・産業 しごと・産業を開く 村政 村政を開く 閲覧支援 文字サイズ 標準 （初期状態） 標準 に戻す 拡大 （初期状態） 拡大 拡大（最大状態） 背景色変更 黒 背景色を黒色にする 青 背景色を青色にする 標準 背景色を元に戻す Select Language English 中文（繁体） 中文（簡体） Go Select your language メニューを閉じる メニュー キーワード検索 くらし くらしを開く 子育て・教育 子育て・教育を開く 健康・福祉
30	諸塚村	諸塚村移住支援金制度について	https://www.vill.morotsuka.miyazaki.jp/kurashi/sodan/2/487.html	諸塚村移住支援金制度について／諸塚村公式ホームページ 本文へ メニュー キーワード検索 くらし くらしを開く 子育て・教育 子育て・教育を開く 健康・福祉 健康・福祉を開く 観光・文化 観光・文化を開く しごと・産業 しごと・産業を開く 村政 村政を開く 閲覧支援 文字サイズ 標準 （初期状態） 標準 に戻す 拡大 （初期状態） 拡大 拡大（最大状態） 背景色変更 黒 背景色を黒色にする 青 背景色を青色にする 標準 背景色を元に戻す Select Language English 中文（繁体） 中文（簡体） Go Select your language メニューを閉じる メニュー キーワード検索 くらし くらしを開く 子育て・教育 子育て・教育を開く 健康・福祉 健康・福祉を開く 観光・文化 観光・文化を開
28	諸塚村	後期高齢者医療制度について	https://www.vill.morotsuka.miyazaki.jp/kenko-fukushi/kokikoreishairyo/621.html	後期高齢者医療制度について／諸塚村公式ホームページ 本文へ メニュー キーワード検索 くらし くらしを開く 子育て・教育 子育て・教育を開く 健康・福祉 健康・福祉を開く 観光・文化 観光・文化を開く しごと・産業 しごと・産業を開く 村政 村政を開く 閲覧支援 文字サイズ 標準 （初期状態） 標準 に戻す 拡大 （初期状態） 拡大 拡大（最大状態） 背景色変更 黒 背景色を黒色にする 青 背景色を青色にする 標準 背景色を元に戻す Select Language English 中文（繁体） 中文（簡体） Go Select your language メニューを閉じる メニュー キーワード検索 くらし くらしを開く 子育て・教育 子育て・教育を開く 健康・福祉 健康・福祉を開く 観光・文化 観光・文化を開く
28	諸塚村	住まい環境整備事業について	https://www.vill.morotsuka.miyazaki.jp/kurashi/sumai/523.html	住まい環境整備事業について／諸塚村公式ホームページ 本文へ メニュー キーワード検索 くらし くらしを開く 子育て・教育 子育て・教育を開く 健康・福祉 健康・福祉を開く 観光・文化 観光・文化を開く しごと・産業 しごと・産業を開く 村政 村政を開く 閲覧支援 文字サイズ 標準 （初期状態） 標準 に戻す 拡大 （初期状態） 拡大 拡大（最大状態） 背景色変更 黒 背景色を黒色にする 青 背景色を青色にする 標準 背景色を元に戻す Select Language English 中文（繁体） 中文（簡体） Go Select your language メニューを閉じる メニュー キーワード検索 くらし くらしを開く 子育て・教育 子育て・教育を開く 健康・福祉 健康・福祉を開く 観光・文化 観光・文化を開く
28	諸塚村	住まい環境整備事業について	https://www.vill.morotsuka.miyazaki.jp/kurashi/sodan/1/549.html	住まい環境整備事業について／諸塚村公式ホームページ 本文へ メニュー キーワード検索 くらし くらしを開く 子育て・教育 子育て・教育を開く 健康・福祉 健康・福祉を開く 観光・文化 観光・文化を開く しごと・産業 しごと・産業を開く 村政 村政を開く 閲覧支援 文字サイズ 標準 （初期状態） 標準 に戻す 拡大 （初期状態） 拡大 拡大（最大状態） 背景色変更 黒 背景色を黒色にする 青 背景色を青色にする 標準 背景色を元に戻す Select Language English 中文（繁体） 中文（簡体） Go Select your language メニューを閉じる メニュー キーワード検索 くらし くらしを開く 子育て・教育 子育て・教育を開く 健康・福祉 健康・福祉を開く 観光・文化 観光・文化を開く
26	諸塚村	任意予防接種費用助成事業について	https://www.vill.morotsuka.miyazaki.jp/kenko-fukushi/iryo/565.html	任意予防接種費用助成事業について／諸塚村公式ホームページ 本文へ メニュー キーワード検索 くらし くらしを開く 子育て・教育 子育て・教育を開く 健康・福祉 健康・福祉を開く 観光・文化 観光・文化を開く しごと・産業 しごと・産業を開く 村政 村政を開く 閲覧支援 文字サイズ 標準 （初期状態） 標準 に戻す 拡大 （初期状態） 拡大 拡大（最大状態） 背景色変更 黒 背景色を黒色にする 青 背景色を青色にする 標準 背景色を元に戻す Select Language English 中文（繁体） 中文（簡体） Go Select your language メニューを閉じる メニュー キーワード検索 くらし くらしを開く 子育て・教育 子育て・教育を開く 健康・福祉 健康・福祉を開く 観光・文化 観光・文化
26	諸塚村	介護用品購入助成、はじめます。	https://www.vill.morotsuka.miyazaki.jp/kenko-fukushi/kaigo/617.html	介護用品購入助成、はじめます。／諸塚村公式ホームページ 本文へ メニュー キーワード検索 くらし くらしを開く 子育て・教育 子育て・教育を開く 健康・福祉 健康・福祉を開く 観光・文化 観光・文化を開く しごと・産業 しごと・産業を開く 村政 村政を開く 閲覧支援 文字サイズ 標準 （初期状態） 標準 に戻す 拡大 （初期状態） 拡大 拡大（最大状態） 背景色変更 黒 背景色を黒色にする 青 背景色を青色にする 標準 背景色を元に戻す Select Language English 中文（繁体） 中文（簡体） Go Select your language メニューを閉じる メニュー キーワード検索 くらし くらしを開く 子育て・教育 子育て・教育を開く 健康・福祉 健康・福祉を開く 観光・文化 観光・文化を
26	諸塚村	介護用品購入助成、はじめます。	https://www.vill.morotsuka.miyazaki.jp/kurashi/sodan/1/542.html	介護用品購入助成、はじめます。／諸塚村公式ホームページ 本文へ メニュー キーワード検索 くらし くらしを開く 子育て・教育 子育て・教育を開く 健康・福祉 健康・福祉を開く 観光・文化 観光・文化を開く しごと・産業 しごと・産業を開く 村政 村政を開く 閲覧支援 文字サイズ 標準 （初期状態） 標準 に戻す 拡大 （初期状態） 拡大 拡大（最大状態） 背景色変更 黒 背景色を黒色にする 青 背景色を青色にする 標準 背景色を元に戻す Select Language English 中文（繁体） 中文（簡体） Go Select your language メニューを閉じる メニュー キーワード検索 くらし くらしを開く 子育て・教育 子育て・教育を開く 健康・福祉 健康・福祉を開く 観光・文化 観光・文化を
26	諸塚村	任意予防接種費用助成事業について	https://www.vill.morotsuka.miyazaki.jp/kurashi/sodan/1/535.html	任意予防接種費用助成事業について／諸塚村公式ホームページ 本文へ メニュー キーワード検索 くらし くらしを開く 子育て・教育 子育て・教育を開く 健康・福祉 健康・福祉を開く 観光・文化 観光・文化を開く しごと・産業 しごと・産業を開く 村政 村政を開く 閲覧支援 文字サイズ 標準 （初期状態） 標準 に戻す 拡大 （初期状態） 拡大 拡大（最大状態） 背景色変更 黒 背景色を黒色にする 青 背景色を青色にする 標準 背景色を元に戻す Select Language English 中文（繁体） 中文（簡体） Go Select your language メニューを閉じる メニュー キーワード検索 くらし くらしを開く 子育て・教育 子育て・教育を開く 健康・福祉 健康・福祉を開く 観光・文化 観光・文化
26	諸塚村	相談活動等補助金について～諸塚村みちゆき推進事業～	https://www.vill.morotsuka.miyazaki.jp/kurashi/sodan/1/543.html	相談活動等補助金について～諸塚村みちゆき推進事業～／諸塚村公式ホームページ 本文へ メニュー キーワード検索 くらし くらしを開く 子育て・教育 子育て・教育を開く 健康・福祉 健康・福祉を開く 観光・文化 観光・文化を開く しごと・産業 しごと・産業を開く 村政 村政を開く 閲覧支援 文字サイズ 標準 （初期状態） 標準 に戻す 拡大 （初期状態） 拡大 拡大（最大状態） 背景色変更 黒 背景色を黒色にする 青 背景色を青色にする 標準 背景色を元に戻す Select Language English 中文（繁体） 中文（簡体） Go Select your language メニューを閉じる メニュー キーワード検索 くらし くらしを開く 子育て・教育 子育て・教育を開く 健康・福祉 健康・福祉を開く 観光
24	諸塚村	高齢者福祉について	https://www.vill.morotsuka.miyazaki.jp/kenko-fukushi/fukushi/620.html	高齢者福祉について／諸塚村公式ホームページ 本文へ メニュー キーワード検索 くらし くらしを開く 子育て・教育 子育て・教育を開く 健康・福祉 健康・福祉を開く 観光・文化 観光・文化を開く しごと・産業 しごと・産業を開く 村政 村政を開く 閲覧支援 文字サイズ 標準 （初期状態） 標準 に戻す 拡大 （初期状態） 拡大 拡大（最大状態） 背景色変更 黒 背景色を黒色にする 青 背景色を青色にする 標準 背景色を元に戻す Select Language English 中文（繁体） 中文（簡体） Go Select your language メニューを閉じる メニュー キーワード検索 くらし くらしを開く 子育て・教育 子育て・教育を開く 健康・福祉 健康・福祉を開く 観光・文化 観光・文化を開く しごと
22	諸塚村	消費税・地方消費税の税率引き上げについて	https://www.vill.morotsuka.miyazaki.jp/kurashi/zeikin/460.html	消費税・地方消費税の税率引き上げについて／諸塚村公式ホームページ 本文へ メニュー キーワード検索 くらし くらしを開く 子育て・教育 子育て・教育を開く 健康・福祉 健康・福祉を開く 観光・文化 観光・文化を開く しごと・産業 しごと・産業を開く 村政 村政を開く 閲覧支援 文字サイズ 標準 （初期状態） 標準 に戻す 拡大 （初期状態） 拡大 拡大（最大状態） 背景色変更 黒 背景色を黒色にする 青 背景色を青色にする 標準 背景色を元に戻す Select Language English 中文（繁体） 中文（簡体） Go Select your language メニューを閉じる メニュー キーワード検索 くらし くらしを開く 子育て・教育 子育て・教育を開く 健康・福祉 健康・福祉を開く 観光・文化 観
22	諸塚村	住民税非課税世帯等)臨時特別給付金について	https://www.vill.morotsuka.miyazaki.jp/kenko-fukushi/fukushi/1/613.html	住民税非課税世帯等)臨時特別給付金について／諸塚村公式ホームページ 本文へ メニュー キーワード検索 くらし くらしを開く 子育て・教育 子育て・教育を開く 健康・福祉 健康・福祉を開く 観光・文化 観光・文化を開く しごと・産業 しごと・産業を開く 村政 村政を開く 閲覧支援 文字サイズ 標準 （初期状態） 標準 に戻す 拡大 （初期状態） 拡大 拡大（最大状態） 背景色変更 黒 背景色を黒色にする 青 背景色を青色にする 標準 背景色を元に戻す Select Language English 中文（繁体） 中文（簡体） Go Select your language メニューを閉じる メニュー キーワード検索 くらし くらしを開く 子育て・教育 子育て・教育を開く 健康・福祉 健康・福祉を開く 観光・文化
22	諸塚村	住民税非課税世帯等)臨時特別給付金について	https://www.vill.morotsuka.miyazaki.jp/kurashi/sodan/1/540.html	住民税非課税世帯等)臨時特別給付金について／諸塚村公式ホームページ 本文へ メニュー キーワード検索 くらし くらしを開く 子育て・教育 子育て・教育を開く 健康・福祉 健康・福祉を開く 観光・文化 観光・文化を開く しごと・産業 しごと・産業を開く 村政 村政を開く 閲覧支援 文字サイズ 標準 （初期状態） 標準 に戻す 拡大 （初期状態） 拡大 拡大（最大状態） 背景色変更 黒 背景色を黒色にする 青 背景色を青色にする 標準 背景色を元に戻す Select Language English 中文（繁体） 中文（簡体） Go Select your language メニューを閉じる メニュー キーワード検索 くらし くらしを開く 子育て・教育 子育て・教育を開く 健康・福祉 健康・福祉を開く 観光・文化
20	諸塚村	健康・福祉	https://www.vill.morotsuka.miyazaki.jp/kenko-fukushi/index.html	健康・福祉／諸塚村公式ホームページ 本文へ メニュー キーワード検索 くらし くらしを開く 子育て・教育 子育て・教育を開く 健康・福祉 健康・福祉を開く 観光・文化 観光・文化を開く しごと・産業 しごと・産業を開く 村政 村政を開く 閲覧支援 文字サイズ 標準 （初期状態） 標準 に戻す 拡大 （初期状態） 拡大 拡大（最大状態） 背景色変更 黒 背景色を黒色にする 青 背景色を青色にする 標準 背景色を元に戻す Select Language English 中文（繁体） 中文（簡体） Go Select your language メニューを閉じる メニュー キーワード検索 くらし くらしを開く 子育て・教育 子育て・教育を開く 健康・福祉 健康・福祉を開く 観光・文化 観光・文化を開く しごと・産業
20	諸塚村	健康・福祉	https://www.vill.morotsuka.miyazaki.jp/kenko-fukushi/	健康・福祉／諸塚村公式ホームページ 本文へ メニュー キーワード検索 くらし くらしを開く 子育て・教育 子育て・教育を開く 健康・福祉 健康・福祉を開く 観光・文化 観光・文化を開く しごと・産業 しごと・産業を開く 村政 村政を開く 閲覧支援 文字サイズ 標準 （初期状態） 標準 に戻す 拡大 （初期状態） 拡大 拡大（最大状態） 背景色変更 黒 背景色を黒色にする 青 背景色を青色にする 標準 背景色を元に戻す Select Language English 中文（繁体） 中文（簡体） Go Select your language メニューを閉じる メニュー キーワード検索 くらし くらしを開く 子育て・教育 子育て・教育を開く 健康・福祉 健康・福祉を開く 観光・文化 観光・文化を開く しごと・産業
20	諸塚村	諸塚村 空き家バンク について	https://www.vill.morotsuka.miyazaki.jp/kurashi/sumai/469.html	諸塚村 空き家バンク について／諸塚村公式ホームページ 本文へ メニュー キーワード検索 くらし くらしを開く 子育て・教育 子育て・教育を開く 健康・福祉 健康・福祉を開く 観光・文化 観光・文化を開く しごと・産業 しごと・産業を開く 村政 村政を開く 閲覧支援 文字サイズ 標準 （初期状態） 標準 に戻す 拡大 （初期状態） 拡大 拡大（最大状態） 背景色変更 黒 背景色を黒色にする 青 背景色を青色にする 標準 背景色を元に戻す Select Language English 中文（繁体） 中文（簡体） Go Select your language メニューを閉じる メニュー キーワード検索 くらし くらしを開く 子育て・教育 子育て・教育を開く 健康・福祉 健康・福祉を開く 観光・文化 観光・文化を
17	諸塚村	移住・定住のサポート	https://www.vill.morotsuka.miyazaki.jp/kurashi/sodan/2/index.html	移住・定住のサポート／諸塚村公式ホームページ 本文へ メニュー キーワード検索 くらし くらしを開く 子育て・教育 子育て・教育を開く 健康・福祉 健康・福祉を開く 観光・文化 観光・文化を開く しごと・産業 しごと・産業を開く 村政 村政を開く 閲覧支援 文字サイズ 標準 （初期状態） 標準 に戻す 拡大 （初期状態） 拡大 拡大（最大状態） 背景色変更 黒 背景色を黒色にする 青 背景色を青色にする 標準 背景色を元に戻す Select Language English 中文（繁体） 中文（簡体） Go Select your language メニューを閉じる メニュー キーワード検索 くらし くらしを開く 子育て・教育 子育て・教育を開く 健康・福祉 健康・福祉を開く 観光・文化 観光・文化を開く しご
16	諸塚村	母子福祉・母子保健事業について	https://www.vill.morotsuka.miyazaki.jp/kosodate-kyoiku/ninshin-shussan/595.html	母子福祉・母子保健事業について／諸塚村公式ホームページ 本文へ メニュー キーワード検索 くらし くらしを開く 子育て・教育 子育て・教育を開く 健康・福祉 健康・福祉を開く 観光・文化 観光・文化を開く しごと・産業 しごと・産業を開く 村政 村政を開く 閲覧支援 文字サイズ 標準 （初期状態） 標準 に戻す 拡大 （初期状態） 拡大 拡大（最大状態） 背景色変更 黒 背景色を黒色にする 青 背景色を青色にする 標準 背景色を元に戻す Select Language English 中文（繁体） 中文（簡体） Go Select your language メニューを閉じる メニュー キーワード検索 くらし くらしを開く 子育て・教育 子育て・教育を開く 健康・福祉 健康・福祉を開く 観光・文化 観光・文化を
16	諸塚村	税証明書の郵送請求について	https://www.vill.morotsuka.miyazaki.jp/kurashi/zeikin/461.html	税証明書の郵送請求について／諸塚村公式ホームページ 本文へ メニュー キーワード検索 くらし くらしを開く 子育て・教育 子育て・教育を開く 健康・福祉 健康・福祉を開く 観光・文化 観光・文化を開く しごと・産業 しごと・産業を開く 村政 村政を開く 閲覧支援 文字サイズ 標準 （初期状態） 標準 に戻す 拡大 （初期状態） 拡大 拡大（最大状態） 背景色変更 黒 背景色を黒色にする 青 背景色を青色にする 標準 背景色を元に戻す Select Language English 中文（繁体） 中文（簡体） Go Select your language メニューを閉じる メニュー キーワード検索 くらし くらしを開く 子育て・教育 子育て・教育を開く 健康・福祉 健康・福祉を開く 観光・文化 観光・文化を開く
16	諸塚村	源泉徴収所得税について	https://www.vill.morotsuka.miyazaki.jp/kurashi/zeikin/481.html	源泉徴収所得税について／諸塚村公式ホームページ 本文へ メニュー キーワード検索 くらし くらしを開く 子育て・教育 子育て・教育を開く 健康・福祉 健康・福祉を開く 観光・文化 観光・文化を開く しごと・産業 しごと・産業を開く 村政 村政を開く 閲覧支援 文字サイズ 標準 （初期状態） 標準 に戻す 拡大 （初期状態） 拡大 拡大（最大状態） 背景色変更 黒 背景色を黒色にする 青 背景色を青色にする 標準 背景色を元に戻す Select Language English 中文（繁体） 中文（簡体） Go Select your language メニューを閉じる メニュー キーワード検索 くらし くらしを開く 子育て・教育 子育て・教育を開く 健康・福祉 健康・福祉を開く 観光・文化 観光・文化を開く し
16	諸塚村	診療所について	https://www.vill.morotsuka.miyazaki.jp/kenko-fukushi/iryo/1/636.html	診療所について／諸塚村公式ホームページ 本文へ メニュー キーワード検索 くらし くらしを開く 子育て・教育 子育て・教育を開く 健康・福祉 健康・福祉を開く 観光・文化 観光・文化を開く しごと・産業 しごと・産業を開く 村政 村政を開く 閲覧支援 文字サイズ 標準 （初期状態） 標準 に戻す 拡大 （初期状態） 拡大 拡大（最大状態） 背景色変更 黒 背景色を黒色にする 青 背景色を青色にする 標準 背景色を元に戻す Select Language English 中文（繁体） 中文（簡体） Go Select your language メニューを閉じる メニュー キーワード検索 くらし くらしを開く 子育て・教育 子育て・教育を開く 健康・福祉 健康・福祉を開く 観光・文化 観光・文化を開く しごと・産
16	諸塚村	『縁結び大学』で諸塚村が紹介されました。	https://www.vill.morotsuka.miyazaki.jp/kurashi/sodan/2/1109.html	『縁結び大学』で諸塚村が紹介されました。／諸塚村公式ホームページ 本文へ メニュー キーワード検索 くらし くらしを開く 子育て・教育 子育て・教育を開く 健康・福祉 健康・福祉を開く 観光・文化 観光・文化を開く しごと・産業 しごと・産業を開く 村政 村政を開く 閲覧支援 文字サイズ 標準 （初期状態） 標準 に戻す 拡大 （初期状態） 拡大 拡大（最大状態） 背景色変更 黒 背景色を黒色にする 青 背景色を青色にする 標準 背景色を元に戻す Select Language English 中文（繁体） 中文（簡体） Go Select your language メニューを閉じる メニュー キーワード検索 くらし くらしを開く 子育て・教育 子育て・教育を開く 健康・福祉 健康・福祉を開く 観光・文化 観
42	椎葉村	【令和７年度補正】重点支援地方交付金の活用状況について	https://www.vill.shiiba.miyazaki.jp/affair/2026/03/post_98.php	【令和７年度補正】重点支援地方交付金の活用状況について｜総務課｜椎葉村 English 中文（繁體字） 中文（简体字） 한국어 トップページ 村民向け情報 観光情報 行政情報 文字の大きさ 文字の大きさ 標準 文字の大きさ 拡大 背景色変更 背景色の変更 白色 背景色の変更 黒色 サイト内検索: 椎葉村トップ > お知らせ一覧 > 【令和７年度補正】重点支援地方交付金の活用状況について 椎葉村トップ > 村民向け情報一覧 > 【令和７年度補正】重点支援地方交付金の活用状況について 【令和７年度補正】重点支援地方交付金の活用状況について 2026年03月23日 国の重点支援地方交付金を活用した椎葉村の経済支援策をお知らせいたします。 椎葉村物価高騰対応支援給付金事業 ※食品特別加算を活用 令和８年１月１日時点で村
42	椎葉村	マッチングアプリや結婚相談所の利用料等を補助します！	https://www.vill.shiiba.miyazaki.jp/welfare/2025/06/post_88.php	マッチングアプリや結婚相談所の利用料等を補助します！｜福祉保健課｜椎葉村 English 中文（繁體字） 中文（简体字） 한국어 トップページ 村民向け情報 観光情報 行政情報 文字の大きさ 文字の大きさ 標準 文字の大きさ 拡大 背景色変更 背景色の変更 白色 背景色の変更 黒色 サイト内検索: 椎葉村トップ > お知らせ一覧 > マッチングアプリや結婚相談所の利用料等を補助します！ 椎葉村トップ > 村民向け情報一覧 > マッチングアプリや結婚相談所の利用料等を補助します！ マッチングアプリや結婚相談所の利用料等を補助します！ 2025年06月23日 宮崎県は、出逢いや結婚を希望する県内独身者を応援するため、マッチングアプリや結婚相談所の利用料等を補助しています。 1人あたりの補助上限額は1万円です。 出逢
42	椎葉村	「男性育児休業取得奨励金」について	https://www.vill.shiiba.miyazaki.jp/welfare/2025/06/post_87.php	「男性育児休業取得奨励金」について｜福祉保健課｜椎葉村 English 中文（繁體字） 中文（简体字） 한국어 トップページ 村民向け情報 観光情報 行政情報 文字の大きさ 文字の大きさ 標準 文字の大きさ 拡大 背景色変更 背景色の変更 白色 背景色の変更 黒色 サイト内検索: 椎葉村トップ > お知らせ一覧 > 「男性育児休業取得奨励金」について 椎葉村トップ > 村民向け情報一覧 > 「男性育児休業取得奨励金」について 「男性育児休業取得奨励金」について 2025年06月03日 宮崎県では、男性従業員が通算４週間以上の育児休業を取得した中小企業等に奨励金を支給します。 ① 育児休業取得者手当奨励金 ② 育児休業取得者企業奨励金 ③ 代替人員確保奨励金 ④ 応援職員手当奨励金 ①～④の組合せ（いずれか1つだ
42	椎葉村	妊婦のための支援給付事業について	https://www.vill.shiiba.miyazaki.jp/welfare/2025/04/post_85.php	妊婦のための支援給付事業について｜福祉保健課｜椎葉村 English 中文（繁體字） 中文（简体字） 한국어 トップページ 村民向け情報 観光情報 行政情報 文字の大きさ 文字の大きさ 標準 文字の大きさ 拡大 背景色変更 背景色の変更 白色 背景色の変更 黒色 サイト内検索: 椎葉村トップ > お知らせ一覧 > 妊婦のための支援給付事業について 椎葉村トップ > 村民向け情報一覧 > 妊婦のための支援給付事業について 妊婦のための支援給付事業について 2025年04月15日 椎葉村では、「妊婦のための支援給付」として妊娠時と胎児の数の届出後の2回に分けて妊婦支援給付金を支給します。 給付要件・給付内容等 妊婦給付認定申請 胎児の数の届出 対象者 妊娠の届出をした妊婦 妊婦給付認定を受けた妊産婦 申請書・届出書
42	椎葉村	令和６年度椎葉村重点支援給付金事業 （住民税非課税世帯・こども加算）のご案内	https://www.vill.shiiba.miyazaki.jp/welfare/2025/04/post_84.php	令和６年度椎葉村重点支援給付金事業 （住民税非課税世帯・こども加算）のご案内｜福祉保健課｜椎葉村 English 中文（繁體字） 中文（简体字） 한국어 トップページ 村民向け情報 観光情報 行政情報 文字の大きさ 文字の大きさ 標準 文字の大きさ 拡大 背景色変更 背景色の変更 白色 背景色の変更 黒色 サイト内検索: 椎葉村トップ > お知らせ一覧 > 令和６年度椎葉村重点支援給付金事業 （住民税非課税世帯・こども加算）のご案内 椎葉村トップ > 村民向け情報一覧 > 令和６年度椎葉村重点支援給付金事業 （住民税非課税世帯・こども加算）のご案内 令和６年度椎葉村重点支援給付金事業 （住民税非課税世帯・こども加算）のご案内 2025年04月01日 この給付金は、「国民の安心・安全と持続的な成長に向けた総合経済
40	椎葉村	入郷地区創業支援事業「創業塾」のご案内	https://www.vill.shiiba.miyazaki.jp/promote/2026/07/post_296.php	入郷地区創業支援事業「創業塾」のご案内｜地域振興課｜椎葉村 English 中文（繁體字） 中文（简体字） 한국어 トップページ 村民向け情報 観光情報 行政情報 文字の大きさ 文字の大きさ 標準 文字の大きさ 拡大 背景色変更 背景色の変更 白色 背景色の変更 黒色 サイト内検索: 椎葉村トップ > お知らせ一覧 > 入郷地区創業支援事業「創業塾」のご案内 椎葉村トップ > 村民向け情報一覧 > 入郷地区創業支援事業「創業塾」のご案内 入郷地区創業支援事業「創業塾」のご案内 2026年07月09日 創業塾申込書_創業塾_椎葉.pdf 起業したい人や立ち上げて間もない企業人の方、社会人の方や本気で創業を検討中の方などを対象に「創業塾」を開催いたします。 なお、本創業塾を修了された方には、関係する支援事業や補助金
40	椎葉村	妊婦のための支援給付事業について	https://www.vill.shiiba.miyazaki.jp/welfare/post_5.php	妊婦のための支援給付事業について｜福祉保健課｜椎葉村 English 中文（繁體字） 中文（简体字） 한국어 トップページ 村民向け情報 観光情報 行政情報 文字の大きさ 文字の大きさ 標準 文字の大きさ 拡大 背景色変更 背景色の変更 白色 背景色の変更 黒色 サイト内検索: 椎葉村トップ > 妊婦のための支援給付事業について 妊婦のための支援給付事業について 椎葉村では、「妊婦のための支援給付」として妊娠時と胎児の数の届出後の2回に分けて妊婦支援給付金を支給します。 給付要件・給付内容等 妊婦給付認定申請 胎児の数の届出 対象者 妊娠の届出をした妊婦 妊婦給付認定を受けた妊産婦 申請書・届出書 妊婦給付認定申請書 胎児の数の届出書 申請・届出開始日 令和7年4月1日 令和7年4月1日 申請届出方法 妊娠の届
40	椎葉村	賃上げ対応緊急支援金	https://www.vill.shiiba.miyazaki.jp/promote/2026/05/post_291.php	賃上げ対応緊急支援金｜地域振興課｜椎葉村 English 中文（繁體字） 中文（简体字） 한국어 トップページ 村民向け情報 観光情報 行政情報 文字の大きさ 文字の大きさ 標準 文字の大きさ 拡大 背景色変更 背景色の変更 白色 背景色の変更 黒色 サイト内検索: 椎葉村トップ > お知らせ一覧 > 賃上げ対応緊急支援金 椎葉村トップ > 村民向け情報一覧 > 賃上げ対応緊急支援金 賃上げ対応緊急支援金 2026年05月27日 宮崎県内の中小企業・小規模事業者の皆様へのご案内です。 令和７年３月３１日時点で時給１，０２２円以下の雇用労働者の賃金を、令和７年１１月１６日（最低賃金適用日）までに時給１,０２３円以上に引き上げを行っている事業者で、別紙支給要件を満たす場合に従業員１名あたり７万円の支援金を支給 しま
40	椎葉村	椎葉村奨学金貸付制度について	https://www.vill.shiiba.miyazaki.jp/education/school/lendingloaning.php	椎葉村奨学金貸付制度｜教育委員会｜椎葉村 English 中文（繁體字） 中文（简体字） 한국어 トップページ 村民向け情報 観光情報 行政情報 文字の大きさ 文字の大きさ 標準 文字の大きさ 拡大 背景色変更 背景色の変更 白色 背景色の変更 黒色 サイト内検索: 椎葉村トップ > 椎葉村奨学金貸付制度 椎葉村奨学金貸付制度について 「高校･大学･専門学校等へ進学される皆さん。勉学に励み、立派な社会人となってください。」椎葉村は、奨学金貸付制度により、皆さんを応援いたします。 資格 高校生、専門学校生、大学生等の保護者（椎葉村在住） 奨学金額 高校 月額 20,000円 又は 30,000円 専門学校 月額 20,000円 又は 40,000円 大学 > 月額 25,000円 又は 45,000円 ※医学生
40	椎葉村	椎葉村出身高校生の生活支援費補助金制度について	https://www.vill.shiiba.miyazaki.jp/education/school/subsidy.php	高校生生活支援費補助金制度｜教育委員会｜椎葉村 English 中文（繁體字） 中文（简体字） 한국어 トップページ 村民向け情報 観光情報 行政情報 文字の大きさ 文字の大きさ 標準 文字の大きさ 拡大 背景色変更 背景色の変更 白色 背景色の変更 黒色 サイト内検索: 椎葉村トップ > 高校生生活支援費補助金制度 椎葉村出身高校生の生活支援費補助金制度について この制度は、椎葉村出身の向上心に富み、優れた素質を有する生徒、学生に対し、椎葉村に現住所を有する保護者の経済的負担を軽減するために行っています。 対象校 高等学校、高等専門学校、高等支援学校 並びにこれに類する専門学校 補助額 月額 20,000 円（年額 240,000円） ※指定銀行口座へ毎月5日頃振込（4・5月分は6月振込） 期間 高等学校の正
37	椎葉村	子育て支援事業について	https://www.vill.shiiba.miyazaki.jp/welfare/growth/supportprojects.php	子育て支援事業について｜福祉保健課｜椎葉村 English 中文（繁體字） 中文（简体字） 한국어 トップページ 村民向け情報 観光情報 行政情報 文字の大きさ 文字の大きさ 標準 文字の大きさ 拡大 背景色変更 背景色の変更 白色 背景色の変更 黒色 サイト内検索: 椎葉村トップ > 子育て支援事業について 子育て支援事業について 子ども医療費の助成について 0歳から15歳到達後最初の3月31日までの児童（中学校修了前の児童）を対象に、医療費の自己負担分を全額助成します。 宮崎県内の病院にて現物給付を行い、その他の病院で受診した場合は、領収書による償還払いによる助成を行います。 児童手当について 児童手当は0歳から18歳到達後最初の3月31日までの児童を養育している方に支給されます。 児童福祉施設等に入所の場
37	椎葉村	地域支援事業による介護予防事業について	https://www.vill.shiiba.miyazaki.jp/welfare/care/careprevention.php	地域支援事業による介護予防事業について｜福祉保健課｜椎葉村 English 中文（繁體字） 中文（简体字） 한국어 トップページ 村民向け情報 観光情報 行政情報 文字の大きさ 文字の大きさ 標準 文字の大きさ 拡大 背景色変更 背景色の変更 白色 背景色の変更 黒色 サイト内検索: 椎葉村トップ > 地域支援事業による介護予防事業について 地域支援事業による介護予防事業について 地域包括支援センターとは？ 地域包括支援センターは、地域で暮らす高齢者のみなさんを、介護、福祉、医療などさまざまな面から総合的に支えるために設けられました。 高齢者のみなさんがいつまでも健やかに住みなれた地域で生活していけるよう、介護に関する相談や悩みがありましたら、お気軽に地域包括支援センターにご相談ください。 地域包括支援センター
37	椎葉村	椎葉村の高齢者福祉サービス	https://www.vill.shiiba.miyazaki.jp/welfare/seniorservice.php	椎葉村の高齢者福祉サービス｜福祉保健課｜椎葉村 English 中文（繁體字） 中文（简体字） 한국어 トップページ 村民向け情報 観光情報 行政情報 文字の大きさ 文字の大きさ 標準 文字の大きさ 拡大 背景色変更 背景色の変更 白色 背景色の変更 黒色 サイト内検索: 椎葉村トップ > 椎葉村の高齢者福祉サービス 椎葉村の高齢者福祉サービス サービス内容 老人保護措置事業 身体上または環境上の理由及び経済的理由等により、居宅での生活が困難な高齢者について、養護老人ホームへ入所措置を行います。 介護用品購入助成事業 介護の認定を受けている人などを対象に、おむつなど介護に必要な物品の購入を助成します。 ねたきり老人介護手当支給事業 住宅において寝たきりの高齢者等を長期介護している介護者を対象に、介護手当（月額1
34	椎葉村	椎葉村親子山村留学を開始します【椎葉村立不土野小学校】	https://www.vill.shiiba.miyazaki.jp/education/2025/06/post_33.php	椎葉村親子山村留学を開始します【椎葉村立不土野小学校】｜教育委員会｜椎葉村 English 中文（繁體字） 中文（简体字） 한국어 トップページ 村民向け情報 観光情報 行政情報 文字の大きさ 文字の大きさ 標準 文字の大きさ 拡大 背景色変更 背景色の変更 白色 背景色の変更 黒色 サイト内検索: 椎葉村トップ > お知らせ一覧 > 椎葉村親子山村留学を開始します【椎葉村立不土野小学校】 椎葉村トップ > 村民向け情報一覧 > 椎葉村親子山村留学を開始します【椎葉村立不土野小学校】 椎葉村親子山村留学を開始します【椎葉村立不土野小学校】 2025年06月01日 こんにちは！不土野小学校では、自然豊かな椎葉村の魅力を体験できる「親子 山村留学」プログラムを実施します。地域の自然や文化とふれあいながら、子どもたち
34	椎葉村	介護保険料について	https://www.vill.shiiba.miyazaki.jp/welfare/care/caremoney.php	介護保険料について｜福祉保健課｜椎葉村 English 中文（繁體字） 中文（简体字） 한국어 トップページ 村民向け情報 観光情報 行政情報 文字の大きさ 文字の大きさ 標準 文字の大きさ 拡大 背景色変更 背景色の変更 白色 背景色の変更 黒色 サイト内検索: 椎葉村トップ > 介護保険料について 介護保険料について 介護保険の財源 介護保険は、介護に必要な費用を40歳以上の方の保険料で半分を負担し、残りの半分を国、宮崎県、椎葉村の公費で支える仕組みとなっています。 これらは、介護サービス費の保険給付など、みなさんが安心して介護保険のサービスを受けるための大切な財源になります。 椎葉村での基準額(令和6～令和8年度)は下の表の算定式から 月額5,200円 となっています。 基準額 （月額） ＝ 市町村の介護
33	椎葉村	高齢者用バス定期券購入費補助のお知らせ	https://www.vill.shiiba.miyazaki.jp/welfare/2026/03/post_100.php	高齢者用バス定期券購入費補助のお知らせ｜福祉保健課｜椎葉村 English 中文（繁體字） 中文（简体字） 한국어 トップページ 村民向け情報 観光情報 行政情報 文字の大きさ 文字の大きさ 標準 文字の大きさ 拡大 背景色変更 背景色の変更 白色 背景色の変更 黒色 サイト内検索: 椎葉村トップ > お知らせ一覧 > 高齢者用バス定期券購入費補助のお知らせ 椎葉村トップ > 村民向け情報一覧 > 高齢者用バス定期券購入費補助のお知らせ 高齢者用バス定期券購入費補助のお知らせ 2026年03月18日 椎葉村では、令和８年４月１日から「宮交スマート65」購入費を補助します。 宮崎交通ホームページ 椎葉村役場 福祉保健課 福祉グループ TEL 0982-68-7512 ページを印刷する ページのトップへ戻る 椎葉村
31	椎葉村	妊娠・出産	https://www.vill.shiiba.miyazaki.jp/welfare/matanity/	妊娠・出産｜福祉保健課｜椎葉村 English 中文（繁體字） 中文（简体字） 한국어 トップページ 村民向け情報 観光情報 行政情報 文字の大きさ 文字の大きさ 標準 文字の大きさ 拡大 背景色変更 背景色の変更 白色 背景色の変更 黒色 サイト内検索: 椎葉村トップ > 妊娠・出産 妊娠・出産 妊婦健康診査 妊婦届け・母子健康手帳の交付 妊産婦・乳児保健指導票の交付 妊娠高血圧症候群等の医療給付 ヒトＴ細胞白血病ウイルス１型（HTLV-1）検査について マタニティマークをご存じですか？ 妊婦のための支援給付事業について マタニティ歯科相談 母親・両親学級にいらっしゃいませんか 出産費用の助成 助産所等での妊婦健康審査費用の助成制度 里帰り出産等の妊婦健康審査費用の助成 出生に伴う手続きのご案内 子育てガイド
31	椎葉村	令和７年度 事業承継への取組に対する支援事業の紹介	https://www.vill.shiiba.miyazaki.jp/promote/2025/05/post_263.php	令和７年度 事業承継への取組に対する支援事業の紹介｜地域振興課｜椎葉村 English 中文（繁體字） 中文（简体字） 한국어 トップページ 村民向け情報 観光情報 行政情報 文字の大きさ 文字の大きさ 標準 文字の大きさ 拡大 背景色変更 背景色の変更 白色 背景色の変更 黒色 サイト内検索: 椎葉村トップ > お知らせ一覧 > 令和７年度 事業承継への取組に対する支援事業の紹介 椎葉村トップ > 村民向け情報一覧 > 令和７年度 事業承継への取組に対する支援事業の紹介 令和７年度 事業承継への取組に対する支援事業の紹介 2025年05月28日 椎葉村では、事業者の後継者（担い手）不足問題の解決を支援するための事業に取り組んでいます。 全国的に見ても同様のお悩みを抱える事業者が増加している中で、村内事業者数の
30	椎葉村	令和7年度 子宮がん検診のお知らせ	https://www.vill.shiiba.miyazaki.jp/welfare/2025/05/7_2.php	令和7年度 子宮がん検診のお知らせ｜福祉保健課｜椎葉村 English 中文（繁體字） 中文（简体字） 한국어 トップページ 村民向け情報 観光情報 行政情報 文字の大きさ 文字の大きさ 標準 文字の大きさ 拡大 背景色変更 背景色の変更 白色 背景色の変更 黒色 サイト内検索: 椎葉村トップ > お知らせ一覧 > 令和7年度 子宮がん検診のお知らせ 椎葉村トップ > 村民向け情報一覧 > 令和7年度 子宮がん検診のお知らせ 令和7年度 子宮がん検診のお知らせ 2025年05月28日 子宮がん検診を申込されている方には、個別にご案内しています。 会場内での混雑を避けるためご自分の受付時間を厳守していただきますようお願いします。 受付日時 ６月６日（金） ９：００～１１：００ ６月６日（金）１３：２０～１４：３０
28	椎葉村	申請書ダウンロード	https://www.vill.shiiba.miyazaki.jp/promote/download.php	申請書ダウンロード｜地域振興課｜椎葉村 English 中文（繁體字） 中文（简体字） 한국어 トップページ 村民向け情報 観光情報 行政情報 文字の大きさ 文字の大きさ 標準 文字の大きさ 拡大 背景色変更 背景色の変更 白色 背景色の変更 黒色 サイト内検索: 椎葉村トップ > 申請書ダウンロード 申請書ダウンロード 各種手続きの申請書等の書類をダウンロードできます。 注意：申請書や届け出の用紙をダウンロードするためのページです。このページからパソコンでの申請はできません。 届け出・手続き 戸籍・住民票 委任状 PDF Word 戸籍・郵送依頼申請書 PDF Word 広域交付申請書 PDF Excel 住民異動届様式 PDF Excel 住民票・郵送依頼申請書 PDF Excel 転出証明書郵便送付依頼書
28	椎葉村	はり・きゅう・あんまなどの施術を受けたとき	https://www.vill.shiiba.miyazaki.jp/welfare/welfarewell/medicaltreatment.php	はり・きゅう・あんまなどの施術を受けたとき｜福祉保健課｜椎葉村 English 中文（繁體字） 中文（简体字） 한국어 トップページ 村民向け情報 観光情報 行政情報 文字の大きさ 文字の大きさ 標準 文字の大きさ 拡大 背景色変更 背景色の変更 白色 背景色の変更 黒色 サイト内検索: 椎葉村トップ > はり・きゅう・あんまなどの施術を受けたとき はり・きゅう・あんまなどの施術を受けたとき 椎葉村では、はり・きゅう・あんまなどの施術を受けた方に、下記の助成があります。 75歳未満の方 登録申請された指定施術者から施術を受けた方に、1回につき1,000円の助成を行います。事前に利用申請を行う必要があり、課税状況に応じて年間利用限度があります。 （椎葉村はりきゅう等指定施術者登録申請者一覧：添付ファイル） 75歳
28	椎葉村	令和８年度 特定健診等・胃がん検診のお知らせ	https://www.vill.shiiba.miyazaki.jp/welfare/2026/04/post_101.php	令和８年度 特定健診等・胃がん検診のお知らせ｜福祉保健課｜椎葉村 English 中文（繁體字） 中文（简体字） 한국어 トップページ 村民向け情報 観光情報 行政情報 文字の大きさ 文字の大きさ 標準 文字の大きさ 拡大 背景色変更 背景色の変更 白色 背景色の変更 黒色 サイト内検索: 椎葉村トップ > お知らせ一覧 > 令和８年度 特定健診等・胃がん検診のお知らせ 椎葉村トップ > 村民向け情報一覧 > 令和８年度 特定健診等・胃がん検診のお知らせ 令和８年度 特定健診等・胃がん検診のお知らせ 2026年04月23日 対象になる方には、4月2０日の組合長さん経由にてご案内しています。 会場内での混雑を避けるため、ご自分の受付時間を厳守していただきますようお願いします。 自己負担金 【特定健診等】 無料 【
28	椎葉村	令和7年度 胃がん検診のお知らせ	https://www.vill.shiiba.miyazaki.jp/welfare/2025/04/7_1.php	令和7年度 胃がん検診のお知らせ｜福祉保健課｜椎葉村 English 中文（繁體字） 中文（简体字） 한국어 トップページ 村民向け情報 観光情報 行政情報 文字の大きさ 文字の大きさ 標準 文字の大きさ 拡大 背景色変更 背景色の変更 白色 背景色の変更 黒色 サイト内検索: 椎葉村トップ > お知らせ一覧 > 令和7年度 胃がん検診のお知らせ 椎葉村トップ > 村民向け情報一覧 > 令和7年度 胃がん検診のお知らせ 令和7年度 胃がん検診のお知らせ 2025年04月22日 胃がん検診を申込されている方には、４月２１日の組合長さん経由にてご案内しています。 会場内での混雑を避けるためご自分の受付時間を厳守していただきますようお願いします。 ※今年度より、特定健診等と同時に行います。胃がん検診は午前中に受診が必
28	椎葉村	椎葉村住宅耐震化緊急促進アクションプログラム２０２5 の公表について	https://www.vill.shiiba.miyazaki.jp/construct/2025/04/5.php	椎葉村住宅耐震化緊急促進アクションプログラム２０２5 の公表について｜建設課｜椎葉村 English 中文（繁體字） 中文（简体字） 한국어 トップページ 村民向け情報 観光情報 行政情報 文字の大きさ 文字の大きさ 標準 文字の大きさ 拡大 背景色変更 背景色の変更 白色 背景色の変更 黒色 サイト内検索: 椎葉村トップ > お知らせ一覧 > 椎葉村住宅耐震化緊急促進アクションプログラム２０２5 の公表について 椎葉村トップ > 村民向け情報一覧 > 椎葉村住宅耐震化緊急促進アクションプログラム２０２5 の公表について 椎葉村住宅耐震化緊急促進アクションプログラム２０２5 の公表について 2025年04月17日 椎葉村では、住宅耐震化促進の為、所有者に対して耐震性に関する意識の向上に取り組むとともに、耐震診断
26	椎葉村	妊娠届けと母子健康手帳の交付について	https://www.vill.shiiba.miyazaki.jp/welfare/medical/conceive.php	妊娠届け・母子健康手帳の交付｜福祉保健課｜椎葉村 English 中文（繁體字） 中文（简体字） 한국어 トップページ 村民向け情報 観光情報 行政情報 文字の大きさ 文字の大きさ 標準 文字の大きさ 拡大 背景色変更 背景色の変更 白色 背景色の変更 黒色 サイト内検索: 椎葉村トップ > 妊娠届け・母子健康手帳の交付 妊娠届けと母子健康手帳の交付について 妊娠届け 椎葉村に住民票を有する方で、医療機関で妊娠の診断を受けたら、福祉保健課窓口にて下記のとおり妊娠届けの手続きを行って下さい。 妊娠届窓口 椎葉村役場福祉保健課（電話0982-68-7510） 受付時間 月曜日～金曜日（祝日除く）8:30～17:15 届出人 本人または、その家族 母子健康手帳の交付 妊娠届をされた方に対して、「母子健康手帳」を交付し
26	椎葉村	教育・学校に関する事	https://www.vill.shiiba.miyazaki.jp/education/school/index.php	教育・学校に関する事｜教育委員会｜椎葉村 English 中文（繁體字） 中文（简体字） 한국어 トップページ 村民向け情報 観光情報 行政情報 文字の大きさ 文字の大きさ 標準 文字の大きさ 拡大 背景色変更 背景色の変更 白色 背景色の変更 黒色 サイト内検索: 椎葉村トップ > 教育・学校に関する事 教育・学校に関する事 椎葉村教育基本方針について 本村の教育は、教育基本法にうたわれている理念や宮崎県教育基本方針を踏まえるとともに、第６次椎葉村長期総合計画の理念を基調とした、椎葉村教育振興基本計画を基に、あらゆる教育の機会を通じ、「たくましいからだ 豊かな心 すぐれた知性」と「生きる力」をそなえ、椎葉村の恵まれた豊かな自然や先人の残した文化を尊び、郷土に対する誇りや国際感覚を身につけた新しい時代を切り拓い
26	椎葉村	介護保険サービスの利用手順	https://www.vill.shiiba.miyazaki.jp/welfare/care/careprocess.php	介護保険サービスの利用手順｜福祉保健課｜椎葉村 English 中文（繁體字） 中文（简体字） 한국어 トップページ 村民向け情報 観光情報 行政情報 文字の大きさ 文字の大きさ 標準 文字の大きさ 拡大 背景色変更 背景色の変更 白色 背景色の変更 黒色 サイト内検索: 椎葉村トップ > 介護保険サービスの利用手順 介護保険サービスの利用手順 介護サービスを利用するまでの手続き 介護サービスが必要になったときは、総合保険センターすこやか館内、介護保険係に申請して下さい。 介護サービスを利用できる方 介護サービスを利用できるのは、介護や支援が必要であると認定を受けた65歳以上の方です。 40歳から64歳までの方は、介護保険で対象となる病気（下記の特定疾病）が原因で、介護や支援が必要であると認定を受けた方です。
26	椎葉村	後期高齢者医療制度について	https://www.vill.shiiba.miyazaki.jp/welfare/senior/healthcaresystem.php	後期高齢者医療制度｜福祉保健課｜椎葉村 English 中文（繁體字） 中文（简体字） 한국어 トップページ 村民向け情報 観光情報 行政情報 文字の大きさ 文字の大きさ 標準 文字の大きさ 拡大 背景色変更 背景色の変更 白色 背景色の変更 黒色 サイト内検索: 椎葉村トップ > 後期高齢者医療制度 後期高齢者医療制度について 後期高齢者医療制度は都道府県単位で設置されている広域連合が運営主体（保険者）となります。 椎葉村は窓口業務を行います。 市町村の役割 広域連合の役割 申請などの届出窓口になります。 保険料の徴収 申請や届出の受付 保険証の引渡し 制度の運営を行います。 保険料の決定 医療を受けた時の給付 保険証の発行 詳しい内容については下記のホームページをご覧下さい。 宮崎県後期高齢者医療広域連合
26	椎葉村	椎葉民俗芸能博物館	https://www.vill.shiiba.miyazaki.jp/education/culture/museum.php	椎葉民俗芸能博物館｜教育委員会｜椎葉村 English 中文（繁體字） 中文（简体字） 한국어 トップページ 村民向け情報 観光情報 行政情報 文字の大きさ 文字の大きさ 標準 文字の大きさ 拡大 背景色変更 背景色の変更 白色 背景色の変更 黒色 サイト内検索: 椎葉村トップ > 椎葉民俗芸能博物館 椎葉民俗芸能博物館 施設の概要 本館は本村の春の的射、秋の臼太鼓、冬の神楽などの民俗芸能、ひえつき節をはじめとする多種多様な民俗音楽を、椎葉の四季折々の暮らしぶりと共に紹介しています。臼太鼓踊の展示室では、九州各県及びアジアの太鼓踊に使用される太鼓を展示し、神楽のコーナーでは全国の神楽の紹介も行っています。 ここでは椎葉の民俗芸能を九州、アジアの民俗芸能と比較し、地域的・歴史的な位置づけを行い、その成果を特別展示
26	椎葉村	住宅・建築に関する事	https://www.vill.shiiba.miyazaki.jp/construct/facilities/index.php	住宅・建築に関する事｜建設課｜椎葉村 English 中文（繁體字） 中文（简体字） 한국어 トップページ 村民向け情報 観光情報 行政情報 文字の大きさ 文字の大きさ 標準 文字の大きさ 拡大 背景色変更 背景色の変更 白色 背景色の変更 黒色 サイト内検索: 椎葉村トップ > 住宅・建築に関する事 住宅・建築に関する事 木造住宅建築支援事業 椎葉村産材の消費拡大を目的として、村内における新築、増改築において村産材を使用する場合に助成を行っています。 補助対象: 本村に住所を有し、ひきつづき5年以上居住見込みの者 住宅及び店舗等の新築、増築、改築とするが、倉庫・牛舎・車庫・門扉・堀・柵を除く 使用木材の経費が10万円以上 補 助 率：1/2以内 補助限度額：100万円 補助金交付規定については こちらからご覧
24	椎葉村	財政状況	https://www.vill.shiiba.miyazaki.jp/affair/statistics/index.php	財政状況｜総務課｜椎葉村 English 中文（繁體字） 中文（简体字） 한국어 トップページ 村民向け情報 観光情報 行政情報 文字の大きさ 文字の大きさ 標準 文字の大きさ 拡大 背景色変更 背景色の変更 白色 背景色の変更 黒色 サイト内検索: 椎葉村トップ > 財政状況 人口情報 産業情報 教育情報 文化情報 財政情報 椎葉村の決算における一般会計・特別会計の財政状況等を公表いたします。 平成22年度 平成22年度財務諸表 平成22年度決算状況 平成23年度 平成23年度財務諸表 平成23年度決算状況 平成24年度 平成24年度財務諸表 平成24年度決算状況 平成24年度財政健全化判断比率等の報告について 平成25年度 平成25年度決算状況 平成25年度財政健全化判断比率等の報告について 平成26年度
24	椎葉村	交通・防災・防犯・消防に関する事	https://www.vill.shiiba.miyazaki.jp/construct/prevention/index.php	交通・防災・防犯・消防に関する事｜建設課｜椎葉村 English 中文（繁體字） 中文（简体字） 한국어 トップページ 村民向け情報 観光情報 行政情報 文字の大きさ 文字の大きさ 標準 文字の大きさ 拡大 背景色変更 背景色の変更 白色 背景色の変更 黒色 サイト内検索: 椎葉村トップ > 交通・防災・防犯・消防に関する事 交通・防災・防犯・消防に関する事 村営バス 村営バスの時刻表・路線図は こちらからご覧下さい。 村単急傾斜事業 家の裏山や庭が危険であり、県の補助事業が利用できない場合、村の単独事業によりブロック積、吹き付け等の対策を講じる事ができます。 補助対象経費限度額：200万円 補 助 率：1/2又は1/3 補助限度額：100万円 補助金交付要綱については こちらからご覧戴けます。(PDF) 事業
23	椎葉村	生活保護とは	https://www.vill.shiiba.miyazaki.jp/welfare/welfarewell/livelihoodprotection.php	生活保護とは｜福祉保健課｜椎葉村 English 中文（繁體字） 中文（简体字） 한국어 トップページ 村民向け情報 観光情報 行政情報 文字の大きさ 文字の大きさ 標準 文字の大きさ 拡大 背景色変更 背景色の変更 白色 背景色の変更 黒色 サイト内検索: 椎葉村トップ > 生活保護とは 生活保護とは 私たちは、生活しているうちに、高齢や病気などで収入が少なくなり、手持ちの預貯金や資産などを処分するなどやりくりをしても、どうしても生活できなくなることがあります。 生活保護は、このような時に、最低限度の生活を保障するとともに、自立した生活をおくれるように援助することを目的とした制度です。 次の法律がもとになっています。 日本国憲法第25条 国民は、健康で文化的な最低限度の生活を営む権利を有する。 生活保護法第1
23	椎葉村	集落支援道路維持対策事業について	https://www.vill.shiiba.miyazaki.jp/promote/roadkeep.php	集落支援道路維持対策事業について｜地域振興課｜椎葉村 English 中文（繁體字） 中文（简体字） 한국어 トップページ 村民向け情報 観光情報 行政情報 文字の大きさ 文字の大きさ 標準 文字の大きさ 拡大 背景色変更 背景色の変更 白色 背景色の変更 黒色 サイト内検索: 椎葉村トップ > 集落支援道路維持対策事業について 集落支援道路維持対策事業について 高齢化・人口減少に伴い、地域住民で行っている道路の除草作業に対する負担が増大していることから、負担が多い地区に対して支援事業を行っています。 支援内容は、以下の2つのいずれかです。 地域で行う除草範囲の一部を村が行う。 地域での除草作業への経費支援 対象となる地区は、高齢者のみの世帯を除く1世帯あたり作業延長が、村全体平均を上回る地区となります。 お問
20	椎葉村	道路・河川に関する事	https://www.vill.shiiba.miyazaki.jp/construct/public/index.php	道路・河川に関する事｜建設課｜椎葉村 English 中文（繁體字） 中文（简体字） 한국어 トップページ 村民向け情報 観光情報 行政情報 文字の大きさ 文字の大きさ 標準 文字の大きさ 拡大 背景色変更 背景色の変更 白色 背景色の変更 黒色 サイト内検索: 椎葉村トップ > 道路・河川に関する事 道路・河川に関する事 集落道開設補助事業 日常生活に必要な幅員3m以上の道路または幅員1.8m以上の橋梁の新設について村長が適当と認めたものについては、補助が受けられます。 補 助 率：8/10以内 補助限度額：単年度1事業当たり100万円以内 継続事業の場合は、1路線の最高限度額は300万円 補助金交付規定については こちらからご覧戴けます。(PDF) 事業に関する書類はこちらからダウンロードできます。 補助金
19	椎葉村	企業版ふるさと納税による寄付をいただいた企業様のご紹介（令和7年度）	https://www.vill.shiiba.miyazaki.jp/promote/2026/07/7_1.php	企業版ふるさと納税による寄付をいただいた企業様のご紹介（令和7年度）｜地域振興課｜椎葉村 English 中文（繁體字） 中文（简体字） 한국어 トップページ 村民向け情報 観光情報 行政情報 文字の大きさ 文字の大きさ 標準 文字の大きさ 拡大 背景色変更 背景色の変更 白色 背景色の変更 黒色 サイト内検索: 椎葉村トップ > お知らせ一覧 > 企業版ふるさと納税による寄付をいただいた企業様のご紹介（令和7年度） 椎葉村トップ > 村民向け情報一覧 > 企業版ふるさと納税による寄付をいただいた企業様のご紹介（令和7年度） 企業版ふるさと納税による寄付をいただいた企業様のご紹介（令和7年度） 2026年07月10日 令和7年度、企業版ふるさと納税により本村にご寄付いただきました企業様をご紹介いたします。 本村
19	椎葉村	介護保険	https://www.vill.shiiba.miyazaki.jp/welfare/care/index.php	介護保険について｜福祉保健課｜椎葉村 English 中文（繁體字） 中文（简体字） 한국어 トップページ 村民向け情報 観光情報 行政情報 文字の大きさ 文字の大きさ 標準 文字の大きさ 拡大 背景色変更 背景色の変更 白色 背景色の変更 黒色 サイト内検索: 椎葉村トップ > 介護保険について 介護保険 介護保険料について 介護保険料の納め方について 介護保険サービスの利用手順 介護サービスの内容について 介護サービスの利用者負担について 地域支援事業による介護予防事業について お問い合わせ先 【福祉保健課】 電話番号：0982-68-7510 / 0982-68-7512 / 0982-68-7513 村内無料電話番号：7-68-7510 / 7-68-7512 / 7-68-7513 FAX番号：098
19	椎葉村	飲料水供給施設管理サービス支援事業	https://www.vill.shiiba.miyazaki.jp/construct/waterworks/drink.php	飲料水供給施設管理サービス支援事業｜建設課｜椎葉村 English 中文（繁體字） 中文（简体字） 한국어 トップページ 村民向け情報 観光情報 行政情報 文字の大きさ 文字の大きさ 標準 文字の大きさ 拡大 背景色変更 背景色の変更 白色 背景色の変更 黒色 サイト内検索: 椎葉村トップ > 飲料水供給施設管理サービス支援事業 飲料水供給施設管理サービス支援事業 高齢化に伴い、飲料水の施設管理が行えない世帯が発生していることから、高齢者等の要支援者世帯を対象に、生活用水の確保を図ることを目的として、地域住民の協力「かて～り」により「水やり支援隊」を結成し、水道の施設管理の支援を行っています。 支援対象の要件 支援該当の要件は、次に該当するものとなります。 村内に住所を有し、70歳以上の世帯か、障がい者のみの世
19	椎葉村	令和８年度「椎葉村プレミアム付き商品券」に関するご案内	https://www.vill.shiiba.miyazaki.jp/promote/2026/05/post_290.php	令和８年度「椎葉村プレミアム付き商品券」に関するご案内｜地域振興課｜椎葉村 English 中文（繁體字） 中文（简体字） 한국어 トップページ 村民向け情報 観光情報 行政情報 文字の大きさ 文字の大きさ 標準 文字の大きさ 拡大 背景色変更 背景色の変更 白色 背景色の変更 黒色 サイト内検索: 椎葉村トップ > お知らせ一覧 > 令和８年度「椎葉村プレミアム付き商品券」に関するご案内 椎葉村トップ > 村民向け情報一覧 > 令和８年度「椎葉村プレミアム付き商品券」に関するご案内 令和８年度「椎葉村プレミアム付き商品券」に関するご案内 2026年05月27日 椎葉村では、商業活動の活性化と消費者サービスの向上（物価高騰対策事業の一助 ）を目的として、 宮崎県物価高対応 プレミアム付商品券等発行事業費補助金を
19	椎葉村	令和７年度「椎葉村プレミアム付き商品券」に関するご案内	https://www.vill.shiiba.miyazaki.jp/promote/2025/06/post_269.php	令和７年度「椎葉村プレミアム付き商品券」に関するご案内｜地域振興課｜椎葉村 English 中文（繁體字） 中文（简体字） 한국어 トップページ 村民向け情報 観光情報 行政情報 文字の大きさ 文字の大きさ 標準 文字の大きさ 拡大 背景色変更 背景色の変更 白色 背景色の変更 黒色 サイト内検索: 椎葉村トップ > お知らせ一覧 > 令和７年度「椎葉村プレミアム付き商品券」に関するご案内 椎葉村トップ > 村民向け情報一覧 > 令和７年度「椎葉村プレミアム付き商品券」に関するご案内 令和７年度「椎葉村プレミアム付き商品券」に関するご案内 2025年06月23日 椎葉村では、商業活動の活性化と消費者サービスの向上（物価高騰対策事業の一助 ）を目的として、 宮崎県プレミアム付商品券発行事業補助金を活用した「椎葉村
18	椎葉村	老後	https://www.vill.shiiba.miyazaki.jp/welfare/senior/index.php	老後｜福祉保健課｜椎葉村 English 中文（繁體字） 中文（简体字） 한국어 トップページ 村民向け情報 観光情報 行政情報 文字の大きさ 文字の大きさ 標準 文字の大きさ 拡大 背景色変更 背景色の変更 白色 背景色の変更 黒色 サイト内検索: 椎葉村トップ > 老後 老後 介護サービスの利用手順 介護サービスの利用者負担について 介護保険料について 介護サービスの内容について 介護保険料の納め方について 地域支援事業による介護予防事業について 後期高齢者医療制度について 高齢者福祉サービスについて 在宅医療・介護連携推進事業について お問い合わせ先 【椎葉村役場】 電話番号：0982-68-7513 FAX番号：0982-67-2825 ページを印刷する ページのトップへ戻る 椎葉村トップ ご利用ガイド
17	椎葉村	地域再生計画（地方創生道整備推進交付金）事後評価調書の公表について	https://www.vill.shiiba.miyazaki.jp/construct/2026/01/post_27.php	地域再生計画（地方創生道整備推進交付金）事後評価調書の公表について｜建設課｜椎葉村 English 中文（繁體字） 中文（简体字） 한국어 トップページ 村民向け情報 観光情報 行政情報 文字の大きさ 文字の大きさ 標準 文字の大きさ 拡大 背景色変更 背景色の変更 白色 背景色の変更 黒色 サイト内検索: 椎葉村トップ > お知らせ一覧 > 地域再生計画（地方創生道整備推進交付金）事後評価調書の公表について 椎葉村トップ > 村民向け情報一覧 > 地域再生計画（地方創生道整備推進交付金）事後評価調書の公表について 地域再生計画（地方創生道整備推進交付金）事後評価調書の公表について 2026年01月27日 本村において策定をしました、地方創生整備推進交付金を活用した地域再生計画（平家伝説が伝わる豊かな自然と神舞
28	美郷町	美郷町移住支援金制度	https://www.town.miyazaki-misato.lg.jp/kiji003916/index.html	美郷町移住支援金制度 / 宮崎県美郷町ホームページ ヘッダーをスキップ 本文へジャンプ Foreign Language English 中文(简化字) 中文(繁體字) 한국어 日本語 アクセシビリティ グローバルナビゲーションをスキップ くらし・手続き・生活環境 福祉・保健・子育て 教育・文化 入札・契約・産業・就労・事業 イベント・観光 行政情報 新型コロナウイルス感染症 町の状況、お知らせ 個人向け支援情報 事業者向け支援情報 感染予防対策 イベント・行事の状況 相談窓口 届出・登録・証明 戸籍・住民票 証明書の発行 印鑑登録 住基・マイナンバー制度 パスポート 税金 税に関するお知らせ 税の種類 税の郵送請求・各種証明 住まい・ごみ・環境 移住・定住支援 住まい・町営住宅 ケーブルテレビ ごみ・リサイク
28	美郷町	子育て	https://www.town.miyazaki-misato.lg.jp/kiji003291/index.html	子育て / 宮崎県美郷町ホームページ ヘッダーをスキップ 本文へジャンプ Foreign Language English 中文(简化字) 中文(繁體字) 한국어 日本語 アクセシビリティ グローバルナビゲーションをスキップ くらし・手続き・生活環境 福祉・保健・子育て 教育・文化 入札・契約・産業・就労・事業 イベント・観光 行政情報 新型コロナウイルス感染症 町の状況、お知らせ 個人向け支援情報 事業者向け支援情報 感染予防対策 イベント・行事の状況 相談窓口 届出・登録・証明 戸籍・住民票 証明書の発行 印鑑登録 住基・マイナンバー制度 パスポート 税金 税に関するお知らせ 税の種類 税の郵送請求・各種証明 住まい・ごみ・環境 移住・定住支援 住まい・町営住宅 ケーブルテレビ ごみ・リサイクル 水道・集落
28	美郷町	軽度・中等度難聴児の補聴器購入費等助成について	https://www.town.miyazaki-misato.lg.jp/kiji0031254/index.html	軽度・中等度難聴児の補聴器購入費等助成について / 宮崎県美郷町ホームページ ヘッダーをスキップ 本文へジャンプ Foreign Language English 中文(简化字) 中文(繁體字) 한국어 日本語 アクセシビリティ グローバルナビゲーションをスキップ くらし・手続き・生活環境 福祉・保健・子育て 教育・文化 入札・契約・産業・就労・事業 イベント・観光 行政情報 新型コロナウイルス感染症 町の状況、お知らせ 個人向け支援情報 事業者向け支援情報 感染予防対策 イベント・行事の状況 相談窓口 届出・登録・証明 戸籍・住民票 証明書の発行 印鑑登録 住基・マイナンバー制度 パスポート 税金 税に関するお知らせ 税の種類 税の郵送請求・各種証明 住まい・ごみ・環境 移住・定住支援 住まい・町営住宅 ケー
28	美郷町	在宅介護支援手当	https://www.town.miyazaki-misato.lg.jp/kiji003127/index.html	在宅介護支援手当 / 宮崎県美郷町ホームページ ヘッダーをスキップ 本文へジャンプ Foreign Language English 中文(简化字) 中文(繁體字) 한국어 日本語 アクセシビリティ グローバルナビゲーションをスキップ くらし・手続き・生活環境 福祉・保健・子育て 教育・文化 入札・契約・産業・就労・事業 イベント・観光 行政情報 新型コロナウイルス感染症 町の状況、お知らせ 個人向け支援情報 事業者向け支援情報 感染予防対策 イベント・行事の状況 相談窓口 届出・登録・証明 戸籍・住民票 証明書の発行 印鑑登録 住基・マイナンバー制度 パスポート 税金 税に関するお知らせ 税の種類 税の郵送請求・各種証明 住まい・ごみ・環境 移住・定住支援 住まい・町営住宅 ケーブルテレビ ごみ・リサイクル
28	美郷町	高齢者及び障がい者住宅改造助成事業	https://www.town.miyazaki-misato.lg.jp/kiji003126/index.html	高齢者及び障がい者住宅改造助成事業 / 宮崎県美郷町ホームページ ヘッダーをスキップ 本文へジャンプ Foreign Language English 中文(简化字) 中文(繁體字) 한국어 日本語 アクセシビリティ グローバルナビゲーションをスキップ くらし・手続き・生活環境 福祉・保健・子育て 教育・文化 入札・契約・産業・就労・事業 イベント・観光 行政情報 新型コロナウイルス感染症 町の状況、お知らせ 個人向け支援情報 事業者向け支援情報 感染予防対策 イベント・行事の状況 相談窓口 届出・登録・証明 戸籍・住民票 証明書の発行 印鑑登録 住基・マイナンバー制度 パスポート 税金 税に関するお知らせ 税の種類 税の郵送請求・各種証明 住まい・ごみ・環境 移住・定住支援 住まい・町営住宅 ケーブルテレビ
28	美郷町	人工透析患者・精神障害者・小児慢性特定疾病患者通院費助成事業について	https://www.town.miyazaki-misato.lg.jp/kiji003121/index.html	人工透析患者・精神障害者・小児慢性特定疾病患者通院費助成事業について / 宮崎県美郷町ホームページ ヘッダーをスキップ 本文へジャンプ Foreign Language English 中文(简化字) 中文(繁體字) 한국어 日本語 アクセシビリティ グローバルナビゲーションをスキップ くらし・手続き・生活環境 福祉・保健・子育て 教育・文化 入札・契約・産業・就労・事業 イベント・観光 行政情報 新型コロナウイルス感染症 町の状況、お知らせ 個人向け支援情報 事業者向け支援情報 感染予防対策 イベント・行事の状況 相談窓口 届出・登録・証明 戸籍・住民票 証明書の発行 印鑑登録 住基・マイナンバー制度 パスポート 税金 税に関するお知らせ 税の種類 税の郵送請求・各種証明 住まい・ごみ・環境 移住・定住支援
28	美郷町	日常生活用具の給付事業について	https://www.town.miyazaki-misato.lg.jp/kiji003124/index.html	日常生活用具の給付事業について / 宮崎県美郷町ホームページ ヘッダーをスキップ 本文へジャンプ Foreign Language English 中文(简化字) 中文(繁體字) 한국어 日本語 アクセシビリティ グローバルナビゲーションをスキップ くらし・手続き・生活環境 福祉・保健・子育て 教育・文化 入札・契約・産業・就労・事業 イベント・観光 行政情報 新型コロナウイルス感染症 町の状況、お知らせ 個人向け支援情報 事業者向け支援情報 感染予防対策 イベント・行事の状況 相談窓口 届出・登録・証明 戸籍・住民票 証明書の発行 印鑑登録 住基・マイナンバー制度 パスポート 税金 税に関するお知らせ 税の種類 税の郵送請求・各種証明 住まい・ごみ・環境 移住・定住支援 住まい・町営住宅 ケーブルテレビ ごみ
28	美郷町	補装具の給付事業について	https://www.town.miyazaki-misato.lg.jp/kiji003125/index.html	補装具の給付事業について / 宮崎県美郷町ホームページ ヘッダーをスキップ 本文へジャンプ Foreign Language English 中文(简化字) 中文(繁體字) 한국어 日本語 アクセシビリティ グローバルナビゲーションをスキップ くらし・手続き・生活環境 福祉・保健・子育て 教育・文化 入札・契約・産業・就労・事業 イベント・観光 行政情報 新型コロナウイルス感染症 町の状況、お知らせ 個人向け支援情報 事業者向け支援情報 感染予防対策 イベント・行事の状況 相談窓口 届出・登録・証明 戸籍・住民票 証明書の発行 印鑑登録 住基・マイナンバー制度 パスポート 税金 税に関するお知らせ 税の種類 税の郵送請求・各種証明 住まい・ごみ・環境 移住・定住支援 住まい・町営住宅 ケーブルテレビ ごみ・リサ
28	美郷町	はりきゅう券の利用手続きについて	https://www.town.miyazaki-misato.lg.jp/kiji003163/index.html	はりきゅう券の利用手続きについて / 宮崎県美郷町ホームページ ヘッダーをスキップ 本文へジャンプ Foreign Language English 中文(简化字) 中文(繁體字) 한국어 日本語 アクセシビリティ グローバルナビゲーションをスキップ くらし・手続き・生活環境 福祉・保健・子育て 教育・文化 入札・契約・産業・就労・事業 イベント・観光 行政情報 新型コロナウイルス感染症 町の状況、お知らせ 個人向け支援情報 事業者向け支援情報 感染予防対策 イベント・行事の状況 相談窓口 届出・登録・証明 戸籍・住民票 証明書の発行 印鑑登録 住基・マイナンバー制度 パスポート 税金 税に関するお知らせ 税の種類 税の郵送請求・各種証明 住まい・ごみ・環境 移住・定住支援 住まい・町営住宅 ケーブルテレビ ご
28	美郷町	施術者登録について	https://www.town.miyazaki-misato.lg.jp/kiji003164/index.html	施術者登録について / 宮崎県美郷町ホームページ ヘッダーをスキップ 本文へジャンプ Foreign Language English 中文(简化字) 中文(繁體字) 한국어 日本語 アクセシビリティ グローバルナビゲーションをスキップ くらし・手続き・生活環境 福祉・保健・子育て 教育・文化 入札・契約・産業・就労・事業 イベント・観光 行政情報 新型コロナウイルス感染症 町の状況、お知らせ 個人向け支援情報 事業者向け支援情報 感染予防対策 イベント・行事の状況 相談窓口 届出・登録・証明 戸籍・住民票 証明書の発行 印鑑登録 住基・マイナンバー制度 パスポート 税金 税に関するお知らせ 税の種類 税の郵送請求・各種証明 住まい・ごみ・環境 移住・定住支援 住まい・町営住宅 ケーブルテレビ ごみ・リサイクル
28	美郷町	宮崎県の最低賃金が改定されます。	https://www.town.miyazaki-misato.lg.jp/kiji0031210/index.html	宮崎県の最低賃金が改定されます。 / 宮崎県美郷町ホームページ ヘッダーをスキップ 本文へジャンプ Foreign Language English 中文(简化字) 中文(繁體字) 한국어 日本語 アクセシビリティ グローバルナビゲーションをスキップ くらし・手続き・生活環境 福祉・保健・子育て 教育・文化 入札・契約・産業・就労・事業 イベント・観光 行政情報 新型コロナウイルス感染症 町の状況、お知らせ 個人向け支援情報 事業者向け支援情報 感染予防対策 イベント・行事の状況 相談窓口 届出・登録・証明 戸籍・住民票 証明書の発行 印鑑登録 住基・マイナンバー制度 パスポート 税金 税に関するお知らせ 税の種類 税の郵送請求・各種証明 住まい・ごみ・環境 移住・定住支援 住まい・町営住宅 ケーブルテレビ ご
28	美郷町	商工振興	https://www.town.miyazaki-misato.lg.jp/kiji003353/index.html	商工振興 / 宮崎県美郷町ホームページ ヘッダーをスキップ 本文へジャンプ Foreign Language English 中文(简化字) 中文(繁體字) 한국어 日本語 アクセシビリティ グローバルナビゲーションをスキップ くらし・手続き・生活環境 福祉・保健・子育て 教育・文化 入札・契約・産業・就労・事業 イベント・観光 行政情報 新型コロナウイルス感染症 町の状況、お知らせ 個人向け支援情報 事業者向け支援情報 感染予防対策 イベント・行事の状況 相談窓口 届出・登録・証明 戸籍・住民票 証明書の発行 印鑑登録 住基・マイナンバー制度 パスポート 税金 税に関するお知らせ 税の種類 税の郵送請求・各種証明 住まい・ごみ・環境 移住・定住支援 住まい・町営住宅 ケーブルテレビ ごみ・リサイクル 水道・集
28	美郷町	病児・病後児保育施設の利用料を補助します！	https://www.town.miyazaki-misato.lg.jp/kiji0031047/index.html	病児・病後児保育施設の利用料を補助します！ / 宮崎県美郷町ホームページ ヘッダーをスキップ 本文へジャンプ Foreign Language English 中文(简化字) 中文(繁體字) 한국어 日本語 アクセシビリティ グローバルナビゲーションをスキップ くらし・手続き・生活環境 福祉・保健・子育て 教育・文化 入札・契約・産業・就労・事業 イベント・観光 行政情報 新型コロナウイルス感染症 町の状況、お知らせ 個人向け支援情報 事業者向け支援情報 感染予防対策 イベント・行事の状況 相談窓口 届出・登録・証明 戸籍・住民票 証明書の発行 印鑑登録 住基・マイナンバー制度 パスポート 税金 税に関するお知らせ 税の種類 税の郵送請求・各種証明 住まい・ごみ・環境 移住・定住支援 住まい・町営住宅 ケーブル
28	美郷町	妊婦のための支援給付について	https://www.town.miyazaki-misato.lg.jp/kiji003855/index.html	妊婦のための支援給付について / 宮崎県美郷町ホームページ ヘッダーをスキップ 本文へジャンプ Foreign Language English 中文(简化字) 中文(繁體字) 한국어 日本語 アクセシビリティ グローバルナビゲーションをスキップ くらし・手続き・生活環境 福祉・保健・子育て 教育・文化 入札・契約・産業・就労・事業 イベント・観光 行政情報 新型コロナウイルス感染症 町の状況、お知らせ 個人向け支援情報 事業者向け支援情報 感染予防対策 イベント・行事の状況 相談窓口 届出・登録・証明 戸籍・住民票 証明書の発行 印鑑登録 住基・マイナンバー制度 パスポート 税金 税に関するお知らせ 税の種類 税の郵送請求・各種証明 住まい・ごみ・環境 移住・定住支援 住まい・町営住宅 ケーブルテレビ ごみ・
28	美郷町	物価高対応子育て応援手当	https://www.town.miyazaki-misato.lg.jp/kiji0031264/index.html	物価高対応子育て応援手当 / 宮崎県美郷町ホームページ ヘッダーをスキップ 本文へジャンプ Foreign Language English 中文(简化字) 中文(繁體字) 한국어 日本語 アクセシビリティ グローバルナビゲーションをスキップ くらし・手続き・生活環境 福祉・保健・子育て 教育・文化 入札・契約・産業・就労・事業 イベント・観光 行政情報 新型コロナウイルス感染症 町の状況、お知らせ 個人向け支援情報 事業者向け支援情報 感染予防対策 イベント・行事の状況 相談窓口 届出・登録・証明 戸籍・住民票 証明書の発行 印鑑登録 住基・マイナンバー制度 パスポート 税金 税に関するお知らせ 税の種類 税の郵送請求・各種証明 住まい・ごみ・環境 移住・定住支援 住まい・町営住宅 ケーブルテレビ ごみ・リサ
28	美郷町	特別児童扶養手当について	https://www.town.miyazaki-misato.lg.jp/kiji003944/index.html	特別児童扶養手当について / 宮崎県美郷町ホームページ ヘッダーをスキップ 本文へジャンプ Foreign Language English 中文(简化字) 中文(繁體字) 한국어 日本語 アクセシビリティ グローバルナビゲーションをスキップ くらし・手続き・生活環境 福祉・保健・子育て 教育・文化 入札・契約・産業・就労・事業 イベント・観光 行政情報 新型コロナウイルス感染症 町の状況、お知らせ 個人向け支援情報 事業者向け支援情報 感染予防対策 イベント・行事の状況 相談窓口 届出・登録・証明 戸籍・住民票 証明書の発行 印鑑登録 住基・マイナンバー制度 パスポート 税金 税に関するお知らせ 税の種類 税の郵送請求・各種証明 住まい・ごみ・環境 移住・定住支援 住まい・町営住宅 ケーブルテレビ ごみ・リサ
28	美郷町	奨学金の貸与について	https://www.town.miyazaki-misato.lg.jp/kiji003181/index.html	奨学金の貸与について / 宮崎県美郷町ホームページ ヘッダーをスキップ 本文へジャンプ Foreign Language English 中文(简化字) 中文(繁體字) 한국어 日本語 アクセシビリティ グローバルナビゲーションをスキップ くらし・手続き・生活環境 福祉・保健・子育て 教育・文化 入札・契約・産業・就労・事業 イベント・観光 行政情報 新型コロナウイルス感染症 町の状況、お知らせ 個人向け支援情報 事業者向け支援情報 感染予防対策 イベント・行事の状況 相談窓口 届出・登録・証明 戸籍・住民票 証明書の発行 印鑑登録 住基・マイナンバー制度 パスポート 税金 税に関するお知らせ 税の種類 税の郵送請求・各種証明 住まい・ごみ・環境 移住・定住支援 住まい・町営住宅 ケーブルテレビ ごみ・リサイク
28	美郷町	国民健康保険税	https://www.town.miyazaki-misato.lg.jp/kiji0031331/index.html	国民健康保険税 / 宮崎県美郷町ホームページ ヘッダーをスキップ 本文へジャンプ Foreign Language English 中文(简化字) 中文(繁體字) 한국어 日本語 アクセシビリティ グローバルナビゲーションをスキップ くらし・手続き・生活環境 福祉・保健・子育て 教育・文化 入札・契約・産業・就労・事業 イベント・観光 行政情報 新型コロナウイルス感染症 町の状況、お知らせ 個人向け支援情報 事業者向け支援情報 感染予防対策 イベント・行事の状況 相談窓口 届出・登録・証明 戸籍・住民票 証明書の発行 印鑑登録 住基・マイナンバー制度 パスポート 税金 税に関するお知らせ 税の種類 税の郵送請求・各種証明 住まい・ごみ・環境 移住・定住支援 住まい・町営住宅 ケーブルテレビ ごみ・リサイクル 水
28	美郷町	一般住宅建築支援事業について	https://www.town.miyazaki-misato.lg.jp/kiji003582/index.html	一般住宅建築支援事業について / 宮崎県美郷町ホームページ ヘッダーをスキップ 本文へジャンプ Foreign Language English 中文(简化字) 中文(繁體字) 한국어 日本語 アクセシビリティ グローバルナビゲーションをスキップ くらし・手続き・生活環境 福祉・保健・子育て 教育・文化 入札・契約・産業・就労・事業 イベント・観光 行政情報 新型コロナウイルス感染症 町の状況、お知らせ 個人向け支援情報 事業者向け支援情報 感染予防対策 イベント・行事の状況 相談窓口 届出・登録・証明 戸籍・住民票 証明書の発行 印鑑登録 住基・マイナンバー制度 パスポート 税金 税に関するお知らせ 税の種類 税の郵送請求・各種証明 住まい・ごみ・環境 移住・定住支援 住まい・町営住宅 ケーブルテレビ ごみ・
28	美郷町	ケーブルテレビ施設使用料の減免申請について	https://www.town.miyazaki-misato.lg.jp/kiji0031308/index.html	ケーブルテレビ施設使用料の減免申請について / 宮崎県美郷町ホームページ ヘッダーをスキップ 本文へジャンプ Foreign Language English 中文(简化字) 中文(繁體字) 한국어 日本語 アクセシビリティ グローバルナビゲーションをスキップ くらし・手続き・生活環境 福祉・保健・子育て 教育・文化 入札・契約・産業・就労・事業 イベント・観光 行政情報 新型コロナウイルス感染症 町の状況、お知らせ 個人向け支援情報 事業者向け支援情報 感染予防対策 イベント・行事の状況 相談窓口 届出・登録・証明 戸籍・住民票 証明書の発行 印鑑登録 住基・マイナンバー制度 パスポート 税金 税に関するお知らせ 税の種類 税の郵送請求・各種証明 住まい・ごみ・環境 移住・定住支援 住まい・町営住宅 ケーブル
28	美郷町	妊娠・出産	https://www.town.miyazaki-misato.lg.jp/kiji003174/index.html	妊娠・出産 / 宮崎県美郷町ホームページ ヘッダーをスキップ 本文へジャンプ Foreign Language English 中文(简化字) 中文(繁體字) 한국어 日本語 アクセシビリティ グローバルナビゲーションをスキップ くらし・手続き・生活環境 福祉・保健・子育て 教育・文化 入札・契約・産業・就労・事業 イベント・観光 行政情報 新型コロナウイルス感染症 町の状況、お知らせ 個人向け支援情報 事業者向け支援情報 感染予防対策 イベント・行事の状況 相談窓口 届出・登録・証明 戸籍・住民票 証明書の発行 印鑑登録 住基・マイナンバー制度 パスポート 税金 税に関するお知らせ 税の種類 税の郵送請求・各種証明 住まい・ごみ・環境 移住・定住支援 住まい・町営住宅 ケーブルテレビ ごみ・リサイクル 水道・
28	美郷町	美郷町介護支援専門員等法定研修支援補助金について	https://www.town.miyazaki-misato.lg.jp/kiji0031162/index.html	美郷町介護支援専門員等法定研修支援補助金について / 宮崎県美郷町ホームページ ヘッダーをスキップ 本文へジャンプ Foreign Language English 中文(简化字) 中文(繁體字) 한국어 日本語 アクセシビリティ グローバルナビゲーションをスキップ くらし・手続き・生活環境 福祉・保健・子育て 教育・文化 入札・契約・産業・就労・事業 イベント・観光 行政情報 新型コロナウイルス感染症 町の状況、お知らせ 個人向け支援情報 事業者向け支援情報 感染予防対策 イベント・行事の状況 相談窓口 届出・登録・証明 戸籍・住民票 証明書の発行 印鑑登録 住基・マイナンバー制度 パスポート 税金 税に関するお知らせ 税の種類 税の郵送請求・各種証明 住まい・ごみ・環境 移住・定住支援 住まい・町営住宅 ケ
28	美郷町	後期高齢者医療制度	https://www.town.miyazaki-misato.lg.jp/kiji003117/index.html	後期高齢者医療制度 / 宮崎県美郷町ホームページ ヘッダーをスキップ 本文へジャンプ Foreign Language English 中文(简化字) 中文(繁體字) 한국어 日本語 アクセシビリティ グローバルナビゲーションをスキップ くらし・手続き・生活環境 福祉・保健・子育て 教育・文化 入札・契約・産業・就労・事業 イベント・観光 行政情報 新型コロナウイルス感染症 町の状況、お知らせ 個人向け支援情報 事業者向け支援情報 感染予防対策 イベント・行事の状況 相談窓口 届出・登録・証明 戸籍・住民票 証明書の発行 印鑑登録 住基・マイナンバー制度 パスポート 税金 税に関するお知らせ 税の種類 税の郵送請求・各種証明 住まい・ごみ・環境 移住・定住支援 住まい・町営住宅 ケーブルテレビ ごみ・リサイクル
28	美郷町	農業者年金について	https://www.town.miyazaki-misato.lg.jp/kiji003192/index.html	農業者年金について / 宮崎県美郷町ホームページ ヘッダーをスキップ 本文へジャンプ Foreign Language English 中文(简化字) 中文(繁體字) 한국어 日本語 アクセシビリティ グローバルナビゲーションをスキップ くらし・手続き・生活環境 福祉・保健・子育て 教育・文化 入札・契約・産業・就労・事業 イベント・観光 行政情報 新型コロナウイルス感染症 町の状況、お知らせ 個人向け支援情報 事業者向け支援情報 感染予防対策 イベント・行事の状況 相談窓口 届出・登録・証明 戸籍・住民票 証明書の発行 印鑑登録 住基・マイナンバー制度 パスポート 税金 税に関するお知らせ 税の種類 税の郵送請求・各種証明 住まい・ごみ・環境 移住・定住支援 住まい・町営住宅 ケーブルテレビ ごみ・リサイクル
26	美郷町	令和6年度飼料価格高騰緊急対策事業の実施について	https://www.town.miyazaki-misato.lg.jp/kiji003997/index.html	令和6年度飼料価格高騰緊急対策事業の実施について / 宮崎県美郷町ホームページ ヘッダーをスキップ 本文へジャンプ Foreign Language English 中文(简化字) 中文(繁體字) 한국어 日本語 アクセシビリティ グローバルナビゲーションをスキップ くらし・手続き・生活環境 福祉・保健・子育て 教育・文化 入札・契約・産業・就労・事業 イベント・観光 行政情報 新型コロナウイルス感染症 町の状況、お知らせ 個人向け支援情報 事業者向け支援情報 感染予防対策 イベント・行事の状況 相談窓口 届出・登録・証明 戸籍・住民票 証明書の発行 印鑑登録 住基・マイナンバー制度 パスポート 税金 税に関するお知らせ 税の種類 税の郵送請求・各種証明 住まい・ごみ・環境 移住・定住支援 住まい・町営住宅 ケ
26	美郷町	林業退職金共済制度について	https://www.town.miyazaki-misato.lg.jp/kiji00363/index.html	林業退職金共済制度について / 宮崎県美郷町ホームページ ヘッダーをスキップ 本文へジャンプ Foreign Language English 中文(简化字) 中文(繁體字) 한국어 日本語 アクセシビリティ グローバルナビゲーションをスキップ くらし・手続き・生活環境 福祉・保健・子育て 教育・文化 入札・契約・産業・就労・事業 イベント・観光 行政情報 新型コロナウイルス感染症 町の状況、お知らせ 個人向け支援情報 事業者向け支援情報 感染予防対策 イベント・行事の状況 相談窓口 届出・登録・証明 戸籍・住民票 証明書の発行 印鑑登録 住基・マイナンバー制度 パスポート 税金 税に関するお知らせ 税の種類 税の郵送請求・各種証明 住まい・ごみ・環境 移住・定住支援 住まい・町営住宅 ケーブルテレビ ごみ・リ
24	美郷町	重度心身障がい者医療費助成事業について	https://www.town.miyazaki-misato.lg.jp/kiji003116/index.html	重度心身障がい者医療費助成事業について / 宮崎県美郷町ホームページ ヘッダーをスキップ 本文へジャンプ Foreign Language English 中文(简化字) 中文(繁體字) 한국어 日本語 アクセシビリティ グローバルナビゲーションをスキップ くらし・手続き・生活環境 福祉・保健・子育て 教育・文化 入札・契約・産業・就労・事業 イベント・観光 行政情報 新型コロナウイルス感染症 町の状況、お知らせ 個人向け支援情報 事業者向け支援情報 感染予防対策 イベント・行事の状況 相談窓口 届出・登録・証明 戸籍・住民票 証明書の発行 印鑑登録 住基・マイナンバー制度 パスポート 税金 税に関するお知らせ 税の種類 税の郵送請求・各種証明 住まい・ごみ・環境 移住・定住支援 住まい・町営住宅 ケーブルテレ
24	美郷町	軽自動車税	https://www.town.miyazaki-misato.lg.jp/kiji00369/index.html	軽自動車税 / 宮崎県美郷町ホームページ ヘッダーをスキップ 本文へジャンプ Foreign Language English 中文(简化字) 中文(繁體字) 한국어 日本語 アクセシビリティ グローバルナビゲーションをスキップ くらし・手続き・生活環境 福祉・保健・子育て 教育・文化 入札・契約・産業・就労・事業 イベント・観光 行政情報 新型コロナウイルス感染症 町の状況、お知らせ 個人向け支援情報 事業者向け支援情報 感染予防対策 イベント・行事の状況 相談窓口 届出・登録・証明 戸籍・住民票 証明書の発行 印鑑登録 住基・マイナンバー制度 パスポート 税金 税に関するお知らせ 税の種類 税の郵送請求・各種証明 住まい・ごみ・環境 移住・定住支援 住まい・町営住宅 ケーブルテレビ ごみ・リサイクル 水道・
23	美郷町	福祉・保健・子育て	https://www.town.miyazaki-misato.lg.jp/list00102.html	福祉・保健・子育て / 宮崎県美郷町ホームページ ヘッダーをスキップ 本文へジャンプ Foreign Language English 中文(简化字) 中文(繁體字) 한국어 日本語 アクセシビリティ グローバルナビゲーションをスキップ くらし・手続き・生活環境 福祉・保健・子育て 教育・文化 入札・契約・産業・就労・事業 イベント・観光 行政情報 新型コロナウイルス感染症 町の状況、お知らせ 個人向け支援情報 事業者向け支援情報 感染予防対策 イベント・行事の状況 相談窓口 届出・登録・証明 戸籍・住民票 証明書の発行 印鑑登録 住基・マイナンバー制度 パスポート 税金 税に関するお知らせ 税の種類 税の郵送請求・各種証明 住まい・ごみ・環境 移住・定住支援 住まい・町営住宅 ケーブルテレビ ごみ・リサイクル
23	美郷町	子育て	https://www.town.miyazaki-misato.lg.jp/list00113.html	子育て / 宮崎県美郷町ホームページ ヘッダーをスキップ 本文へジャンプ Foreign Language English 中文(简化字) 中文(繁體字) 한국어 日本語 アクセシビリティ グローバルナビゲーションをスキップ くらし・手続き・生活環境 福祉・保健・子育て 教育・文化 入札・契約・産業・就労・事業 イベント・観光 行政情報 新型コロナウイルス感染症 町の状況、お知らせ 個人向け支援情報 事業者向け支援情報 感染予防対策 イベント・行事の状況 相談窓口 届出・登録・証明 戸籍・住民票 証明書の発行 印鑑登録 住基・マイナンバー制度 パスポート 税金 税に関するお知らせ 税の種類 税の郵送請求・各種証明 住まい・ごみ・環境 移住・定住支援 住まい・町営住宅 ケーブルテレビ ごみ・リサイクル 水道・集落
23	美郷町	目的別	https://www.town.miyazaki-misato.lg.jp/list00173.html	目的別 / 宮崎県美郷町ホームページ ヘッダーをスキップ 本文へジャンプ Foreign Language English 中文(简化字) 中文(繁體字) 한국어 日本語 アクセシビリティ グローバルナビゲーションをスキップ くらし・手続き・生活環境 福祉・保健・子育て 教育・文化 入札・契約・産業・就労・事業 イベント・観光 行政情報 新型コロナウイルス感染症 町の状況、お知らせ 個人向け支援情報 事業者向け支援情報 感染予防対策 イベント・行事の状況 相談窓口 届出・登録・証明 戸籍・住民票 証明書の発行 印鑑登録 住基・マイナンバー制度 パスポート 税金 税に関するお知らせ 税の種類 税の郵送請求・各種証明 住まい・ごみ・環境 移住・定住支援 住まい・町営住宅 ケーブルテレビ ごみ・リサイクル 水道・集落
23	美郷町	高齢者・障がい者福祉	https://www.town.miyazaki-misato.lg.jp/list00116.html	高齢者・障がい者福祉 / 宮崎県美郷町ホームページ ヘッダーをスキップ 本文へジャンプ Foreign Language English 中文(简化字) 中文(繁體字) 한국어 日本語 アクセシビリティ グローバルナビゲーションをスキップ くらし・手続き・生活環境 福祉・保健・子育て 教育・文化 入札・契約・産業・就労・事業 イベント・観光 行政情報 新型コロナウイルス感染症 町の状況、お知らせ 個人向け支援情報 事業者向け支援情報 感染予防対策 イベント・行事の状況 相談窓口 届出・登録・証明 戸籍・住民票 証明書の発行 印鑑登録 住基・マイナンバー制度 パスポート 税金 税に関するお知らせ 税の種類 税の郵送請求・各種証明 住まい・ごみ・環境 移住・定住支援 住まい・町営住宅 ケーブルテレビ ごみ・リサイク
23	美郷町	高齢者福祉	https://www.town.miyazaki-misato.lg.jp/list00182.html	高齢者福祉 / 宮崎県美郷町ホームページ ヘッダーをスキップ 本文へジャンプ Foreign Language English 中文(简化字) 中文(繁體字) 한국어 日本語 アクセシビリティ グローバルナビゲーションをスキップ くらし・手続き・生活環境 福祉・保健・子育て 教育・文化 入札・契約・産業・就労・事業 イベント・観光 行政情報 新型コロナウイルス感染症 町の状況、お知らせ 個人向け支援情報 事業者向け支援情報 感染予防対策 イベント・行事の状況 相談窓口 届出・登録・証明 戸籍・住民票 証明書の発行 印鑑登録 住基・マイナンバー制度 パスポート 税金 税に関するお知らせ 税の種類 税の郵送請求・各種証明 住まい・ごみ・環境 移住・定住支援 住まい・町営住宅 ケーブルテレビ ごみ・リサイクル 水道・
23	美郷町	障害者福祉	https://www.town.miyazaki-misato.lg.jp/list00183.html	障害者福祉 / 宮崎県美郷町ホームページ ヘッダーをスキップ 本文へジャンプ Foreign Language English 中文(简化字) 中文(繁體字) 한국어 日本語 アクセシビリティ グローバルナビゲーションをスキップ くらし・手続き・生活環境 福祉・保健・子育て 教育・文化 入札・契約・産業・就労・事業 イベント・観光 行政情報 新型コロナウイルス感染症 町の状況、お知らせ 個人向け支援情報 事業者向け支援情報 感染予防対策 イベント・行事の状況 相談窓口 届出・登録・証明 戸籍・住民票 証明書の発行 印鑑登録 住基・マイナンバー制度 パスポート 税金 税に関するお知らせ 税の種類 税の郵送請求・各種証明 住まい・ごみ・環境 移住・定住支援 住まい・町営住宅 ケーブルテレビ ごみ・リサイクル 水道・
23	美郷町	助成・手当・給付金	https://www.town.miyazaki-misato.lg.jp/list00184.html	助成・手当・給付金 / 宮崎県美郷町ホームページ ヘッダーをスキップ 本文へジャンプ Foreign Language English 中文(简化字) 中文(繁體字) 한국어 日本語 アクセシビリティ グローバルナビゲーションをスキップ くらし・手続き・生活環境 福祉・保健・子育て 教育・文化 入札・契約・産業・就労・事業 イベント・観光 行政情報 新型コロナウイルス感染症 町の状況、お知らせ 個人向け支援情報 事業者向け支援情報 感染予防対策 イベント・行事の状況 相談窓口 届出・登録・証明 戸籍・住民票 証明書の発行 印鑑登録 住基・マイナンバー制度 パスポート 税金 税に関するお知らせ 税の種類 税の郵送請求・各種証明 住まい・ごみ・環境 移住・定住支援 住まい・町営住宅 ケーブルテレビ ごみ・リサイクル
23	美郷町	新型コロナウイルス感染症に係る国・県等の支援策、相談窓口	https://www.town.miyazaki-misato.lg.jp/kiji003392/index.html	新型コロナウイルス感染症に係る国・県等の支援策、相談窓口 / 宮崎県美郷町ホームページ ヘッダーをスキップ 本文へジャンプ Foreign Language English 中文(简化字) 中文(繁體字) 한국어 日本語 アクセシビリティ グローバルナビゲーションをスキップ くらし・手続き・生活環境 福祉・保健・子育て 教育・文化 入札・契約・産業・就労・事業 イベント・観光 行政情報 新型コロナウイルス感染症 町の状況、お知らせ 個人向け支援情報 事業者向け支援情報 感染予防対策 イベント・行事の状況 相談窓口 届出・登録・証明 戸籍・住民票 証明書の発行 印鑑登録 住基・マイナンバー制度 パスポート 税金 税に関するお知らせ 税の種類 税の郵送請求・各種証明 住まい・ごみ・環境 移住・定住支援 住まい・町営
23	美郷町	美郷町創業支援等事業計画について	https://www.town.miyazaki-misato.lg.jp/kiji003925/index.html	美郷町創業支援等事業計画について / 宮崎県美郷町ホームページ ヘッダーをスキップ 本文へジャンプ Foreign Language English 中文(简化字) 中文(繁體字) 한국어 日本語 アクセシビリティ グローバルナビゲーションをスキップ くらし・手続き・生活環境 福祉・保健・子育て 教育・文化 入札・契約・産業・就労・事業 イベント・観光 行政情報 新型コロナウイルス感染症 町の状況、お知らせ 個人向け支援情報 事業者向け支援情報 感染予防対策 イベント・行事の状況 相談窓口 届出・登録・証明 戸籍・住民票 証明書の発行 印鑑登録 住基・マイナンバー制度 パスポート 税金 税に関するお知らせ 税の種類 税の郵送請求・各種証明 住まい・ごみ・環境 移住・定住支援 住まい・町営住宅 ケーブルテレビ ご
23	美郷町	美郷町高齢者補聴器購入助成事業について	https://www.town.miyazaki-misato.lg.jp/kiji0031240/index.html	美郷町高齢者補聴器購入助成事業について / 宮崎県美郷町ホームページ ヘッダーをスキップ 本文へジャンプ Foreign Language English 中文(简化字) 中文(繁體字) 한국어 日本語 アクセシビリティ グローバルナビゲーションをスキップ くらし・手続き・生活環境 福祉・保健・子育て 教育・文化 入札・契約・産業・就労・事業 イベント・観光 行政情報 新型コロナウイルス感染症 町の状況、お知らせ 個人向け支援情報 事業者向け支援情報 感染予防対策 イベント・行事の状況 相談窓口 届出・登録・証明 戸籍・住民票 証明書の発行 印鑑登録 住基・マイナンバー制度 パスポート 税金 税に関するお知らせ 税の種類 税の郵送請求・各種証明 住まい・ごみ・環境 移住・定住支援 住まい・町営住宅 ケーブルテレ
23	美郷町	中山間地域等直接支払交付金集落協定の概要及び実施状況(令和6年度)の公表について	https://www.town.miyazaki-misato.lg.jp/kiji003909/index.html	中山間地域等直接支払交付金集落協定の概要及び実施状況(令和6年度)の公表について / 宮崎県美郷町ホームページ ヘッダーをスキップ 本文へジャンプ Foreign Language English 中文(简化字) 中文(繁體字) 한국어 日本語 アクセシビリティ グローバルナビゲーションをスキップ くらし・手続き・生活環境 福祉・保健・子育て 教育・文化 入札・契約・産業・就労・事業 イベント・観光 行政情報 新型コロナウイルス感染症 町の状況、お知らせ 個人向け支援情報 事業者向け支援情報 感染予防対策 イベント・行事の状況 相談窓口 届出・登録・証明 戸籍・住民票 証明書の発行 印鑑登録 住基・マイナンバー制度 パスポート 税金 税に関するお知らせ 税の種類 税の郵送請求・各種証明 住まい・ごみ・環境 移住
23	美郷町	物価高騰対応重点支援地方創生臨時交付金の活用状況	https://www.town.miyazaki-misato.lg.jp/kiji0031157/index.html	物価高騰対応重点支援地方創生臨時交付金の活用状況 / 宮崎県美郷町ホームページ ヘッダーをスキップ 本文へジャンプ Foreign Language English 中文(简化字) 中文(繁體字) 한국어 日本語 アクセシビリティ グローバルナビゲーションをスキップ くらし・手続き・生活環境 福祉・保健・子育て 教育・文化 入札・契約・産業・就労・事業 イベント・観光 行政情報 新型コロナウイルス感染症 町の状況、お知らせ 個人向け支援情報 事業者向け支援情報 感染予防対策 イベント・行事の状況 相談窓口 届出・登録・証明 戸籍・住民票 証明書の発行 印鑑登録 住基・マイナンバー制度 パスポート 税金 税に関するお知らせ 税の種類 税の郵送請求・各種証明 住まい・ごみ・環境 移住・定住支援 住まい・町営住宅 ケ
23	美郷町	地域情報通信基盤整備推進交付金事業の事後評価の公表	https://www.town.miyazaki-misato.lg.jp/kiji003243/index.html	地域情報通信基盤整備推進交付金事業の事後評価の公表 / 宮崎県美郷町ホームページ ヘッダーをスキップ 本文へジャンプ Foreign Language English 中文(简化字) 中文(繁體字) 한국어 日本語 アクセシビリティ グローバルナビゲーションをスキップ くらし・手続き・生活環境 福祉・保健・子育て 教育・文化 入札・契約・産業・就労・事業 イベント・観光 行政情報 新型コロナウイルス感染症 町の状況、お知らせ 個人向け支援情報 事業者向け支援情報 感染予防対策 イベント・行事の状況 相談窓口 届出・登録・証明 戸籍・住民票 証明書の発行 印鑑登録 住基・マイナンバー制度 パスポート 税金 税に関するお知らせ 税の種類 税の郵送請求・各種証明 住まい・ごみ・環境 移住・定住支援 住まい・町営住宅
23	美郷町	地区管理水道と個人水道の各種補助金	https://www.town.miyazaki-misato.lg.jp/kiji003272/index.html	地区管理水道と個人水道の各種補助金 / 宮崎県美郷町ホームページ ヘッダーをスキップ 本文へジャンプ Foreign Language English 中文(简化字) 中文(繁體字) 한국어 日本語 アクセシビリティ グローバルナビゲーションをスキップ くらし・手続き・生活環境 福祉・保健・子育て 教育・文化 入札・契約・産業・就労・事業 イベント・観光 行政情報 新型コロナウイルス感染症 町の状況、お知らせ 個人向け支援情報 事業者向け支援情報 感染予防対策 イベント・行事の状況 相談窓口 届出・登録・証明 戸籍・住民票 証明書の発行 印鑑登録 住基・マイナンバー制度 パスポート 税金 税に関するお知らせ 税の種類 税の郵送請求・各種証明 住まい・ごみ・環境 移住・定住支援 住まい・町営住宅 ケーブルテレビ
23	美郷町	合併処理浄化槽の各種補助金	https://www.town.miyazaki-misato.lg.jp/kiji003271/index.html	合併処理浄化槽の各種補助金 / 宮崎県美郷町ホームページ ヘッダーをスキップ 本文へジャンプ Foreign Language English 中文(简化字) 中文(繁體字) 한국어 日本語 アクセシビリティ グローバルナビゲーションをスキップ くらし・手続き・生活環境 福祉・保健・子育て 教育・文化 入札・契約・産業・就労・事業 イベント・観光 行政情報 新型コロナウイルス感染症 町の状況、お知らせ 個人向け支援情報 事業者向け支援情報 感染予防対策 イベント・行事の状況 相談窓口 届出・登録・証明 戸籍・住民票 証明書の発行 印鑑登録 住基・マイナンバー制度 パスポート 税金 税に関するお知らせ 税の種類 税の郵送請求・各種証明 住まい・ごみ・環境 移住・定住支援 住まい・町営住宅 ケーブルテレビ ごみ・リ
23	美郷町	子育て支援・手当・助成	https://www.town.miyazaki-misato.lg.jp/list00247.html	子育て支援・手当・助成 / 宮崎県美郷町ホームページ ヘッダーをスキップ 本文へジャンプ Foreign Language English 中文(简化字) 中文(繁體字) 한국어 日本語 アクセシビリティ グローバルナビゲーションをスキップ くらし・手続き・生活環境 福祉・保健・子育て 教育・文化 入札・契約・産業・就労・事業 イベント・観光 行政情報 新型コロナウイルス感染症 町の状況、お知らせ 個人向け支援情報 事業者向け支援情報 感染予防対策 イベント・行事の状況 相談窓口 届出・登録・証明 戸籍・住民票 証明書の発行 印鑑登録 住基・マイナンバー制度 パスポート 税金 税に関するお知らせ 税の種類 税の郵送請求・各種証明 住まい・ごみ・環境 移住・定住支援 住まい・町営住宅 ケーブルテレビ ごみ・リサイ
23	美郷町	就学援助費	https://www.town.miyazaki-misato.lg.jp/kiji003182/index.html	就学援助費 / 宮崎県美郷町ホームページ ヘッダーをスキップ 本文へジャンプ Foreign Language English 中文(简化字) 中文(繁體字) 한국어 日本語 アクセシビリティ グローバルナビゲーションをスキップ くらし・手続き・生活環境 福祉・保健・子育て 教育・文化 入札・契約・産業・就労・事業 イベント・観光 行政情報 新型コロナウイルス感染症 町の状況、お知らせ 個人向け支援情報 事業者向け支援情報 感染予防対策 イベント・行事の状況 相談窓口 届出・登録・証明 戸籍・住民票 証明書の発行 印鑑登録 住基・マイナンバー制度 パスポート 税金 税に関するお知らせ 税の種類 税の郵送請求・各種証明 住まい・ごみ・環境 移住・定住支援 住まい・町営住宅 ケーブルテレビ ごみ・リサイクル 水道・
23	美郷町	新型コロナウイルス感染症対応地方創生臨時交付金の活用状況	https://www.town.miyazaki-misato.lg.jp/kiji003927/index.html	新型コロナウイルス感染症対応地方創生臨時交付金の活用状況 / 宮崎県美郷町ホームページ ヘッダーをスキップ 本文へジャンプ Foreign Language English 中文(简化字) 中文(繁體字) 한국어 日本語 アクセシビリティ グローバルナビゲーションをスキップ くらし・手続き・生活環境 福祉・保健・子育て 教育・文化 入札・契約・産業・就労・事業 イベント・観光 行政情報 新型コロナウイルス感染症 町の状況、お知らせ 個人向け支援情報 事業者向け支援情報 感染予防対策 イベント・行事の状況 相談窓口 届出・登録・証明 戸籍・住民票 証明書の発行 印鑑登録 住基・マイナンバー制度 パスポート 税金 税に関するお知らせ 税の種類 税の郵送請求・各種証明 住まい・ごみ・環境 移住・定住支援 住まい・町営
23	美郷町	美郷町補助金等改革方針について	https://www.town.miyazaki-misato.lg.jp/kiji003222/index.html	美郷町補助金等改革方針について / 宮崎県美郷町ホームページ ヘッダーをスキップ 本文へジャンプ Foreign Language English 中文(简化字) 中文(繁體字) 한국어 日本語 アクセシビリティ グローバルナビゲーションをスキップ くらし・手続き・生活環境 福祉・保健・子育て 教育・文化 入札・契約・産業・就労・事業 イベント・観光 行政情報 新型コロナウイルス感染症 町の状況、お知らせ 個人向け支援情報 事業者向け支援情報 感染予防対策 イベント・行事の状況 相談窓口 届出・登録・証明 戸籍・住民票 証明書の発行 印鑑登録 住基・マイナンバー制度 パスポート 税金 税に関するお知らせ 税の種類 税の郵送請求・各種証明 住まい・ごみ・環境 移住・定住支援 住まい・町営住宅 ケーブルテレビ ごみ
22	美郷町	ケーブルテレビ	https://www.town.miyazaki-misato.lg.jp/list00160.html	ケーブルテレビ / 宮崎県美郷町ホームページ ヘッダーをスキップ 本文へジャンプ Foreign Language English 中文(简化字) 中文(繁體字) 한국어 日本語 アクセシビリティ グローバルナビゲーションをスキップ くらし・手続き・生活環境 福祉・保健・子育て 教育・文化 入札・契約・産業・就労・事業 イベント・観光 行政情報 新型コロナウイルス感染症 町の状況、お知らせ 個人向け支援情報 事業者向け支援情報 感染予防対策 イベント・行事の状況 相談窓口 届出・登録・証明 戸籍・住民票 証明書の発行 印鑑登録 住基・マイナンバー制度 パスポート 税金 税に関するお知らせ 税の種類 税の郵送請求・各種証明 住まい・ごみ・環境 移住・定住支援 住まい・町営住宅 ケーブルテレビ ごみ・リサイクル 水
22	美郷町	空き家サブリース事業	https://www.town.miyazaki-misato.lg.jp/kiji0031116/index.html	空き家サブリース事業 / 宮崎県美郷町ホームページ ヘッダーをスキップ 本文へジャンプ Foreign Language English 中文(简化字) 中文(繁體字) 한국어 日本語 アクセシビリティ グローバルナビゲーションをスキップ くらし・手続き・生活環境 福祉・保健・子育て 教育・文化 入札・契約・産業・就労・事業 イベント・観光 行政情報 新型コロナウイルス感染症 町の状況、お知らせ 個人向け支援情報 事業者向け支援情報 感染予防対策 イベント・行事の状況 相談窓口 届出・登録・証明 戸籍・住民票 証明書の発行 印鑑登録 住基・マイナンバー制度 パスポート 税金 税に関するお知らせ 税の種類 税の郵送請求・各種証明 住まい・ごみ・環境 移住・定住支援 住まい・町営住宅 ケーブルテレビ ごみ・リサイク
22	美郷町	美郷町生活応援商品券の配布について	https://www.town.miyazaki-misato.lg.jp/kiji0031258/index.html	美郷町生活応援商品券の配布について / 宮崎県美郷町ホームページ ヘッダーをスキップ 本文へジャンプ Foreign Language English 中文(简化字) 中文(繁體字) 한국어 日本語 アクセシビリティ グローバルナビゲーションをスキップ くらし・手続き・生活環境 福祉・保健・子育て 教育・文化 入札・契約・産業・就労・事業 イベント・観光 行政情報 新型コロナウイルス感染症 町の状況、お知らせ 個人向け支援情報 事業者向け支援情報 感染予防対策 イベント・行事の状況 相談窓口 届出・登録・証明 戸籍・住民票 証明書の発行 印鑑登録 住基・マイナンバー制度 パスポート 税金 税に関するお知らせ 税の種類 税の郵送請求・各種証明 住まい・ごみ・環境 移住・定住支援 住まい・町営住宅 ケーブルテレビ
22	美郷町	固定資産税	https://www.town.miyazaki-misato.lg.jp/kiji00368/index.html	固定資産税 / 宮崎県美郷町ホームページ ヘッダーをスキップ 本文へジャンプ Foreign Language English 中文(简化字) 中文(繁體字) 한국어 日本語 アクセシビリティ グローバルナビゲーションをスキップ くらし・手続き・生活環境 福祉・保健・子育て 教育・文化 入札・契約・産業・就労・事業 イベント・観光 行政情報 新型コロナウイルス感染症 町の状況、お知らせ 個人向け支援情報 事業者向け支援情報 感染予防対策 イベント・行事の状況 相談窓口 届出・登録・証明 戸籍・住民票 証明書の発行 印鑑登録 住基・マイナンバー制度 パスポート 税金 税に関するお知らせ 税の種類 税の郵送請求・各種証明 住まい・ごみ・環境 移住・定住支援 住まい・町営住宅 ケーブルテレビ ごみ・リサイクル 水道・
21	美郷町	施策・計画	https://www.town.miyazaki-misato.lg.jp/list00226.html	施策・計画 / 宮崎県美郷町ホームページ ヘッダーをスキップ 本文へジャンプ Foreign Language English 中文(简化字) 中文(繁體字) 한국어 日本語 アクセシビリティ グローバルナビゲーションをスキップ くらし・手続き・生活環境 福祉・保健・子育て 教育・文化 入札・契約・産業・就労・事業 イベント・観光 行政情報 新型コロナウイルス感染症 町の状況、お知らせ 個人向け支援情報 事業者向け支援情報 感染予防対策 イベント・行事の状況 相談窓口 届出・登録・証明 戸籍・住民票 証明書の発行 印鑑登録 住基・マイナンバー制度 パスポート 税金 税に関するお知らせ 税の種類 税の郵送請求・各種証明 住まい・ごみ・環境 移住・定住支援 住まい・町営住宅 ケーブルテレビ ごみ・リサイクル 水道・
21	美郷町	子育て・教育	https://www.town.miyazaki-misato.lg.jp/list00425.html	子育て・教育 / 宮崎県美郷町ホームページ ヘッダーをスキップ 本文へジャンプ Foreign Language English 中文(简化字) 中文(繁體字) 한국어 日本語 アクセシビリティ グローバルナビゲーションをスキップ くらし・手続き・生活環境 福祉・保健・子育て 教育・文化 入札・契約・産業・就労・事業 イベント・観光 行政情報 新型コロナウイルス感染症 町の状況、お知らせ 個人向け支援情報 事業者向け支援情報 感染予防対策 イベント・行事の状況 相談窓口 届出・登録・証明 戸籍・住民票 証明書の発行 印鑑登録 住基・マイナンバー制度 パスポート 税金 税に関するお知らせ 税の種類 税の郵送請求・各種証明 住まい・ごみ・環境 移住・定住支援 住まい・町営住宅 ケーブルテレビ ごみ・リサイクル 水道
21	美郷町	地域再生計画（地方創生道整備推進交付金）事後評価調書の公表について	https://www.town.miyazaki-misato.lg.jp/kiji0031325/index.html	地域再生計画（地方創生道整備推進交付金）事後評価調書の公表について / 宮崎県美郷町ホームページ ヘッダーをスキップ 本文へジャンプ Foreign Language English 中文(简化字) 中文(繁體字) 한국어 日本語 アクセシビリティ グローバルナビゲーションをスキップ くらし・手続き・生活環境 福祉・保健・子育て 教育・文化 入札・契約・産業・就労・事業 イベント・観光 行政情報 新型コロナウイルス感染症 町の状況、お知らせ 個人向け支援情報 事業者向け支援情報 感染予防対策 イベント・行事の状況 相談窓口 届出・登録・証明 戸籍・住民票 証明書の発行 印鑑登録 住基・マイナンバー制度 パスポート 税金 税に関するお知らせ 税の種類 税の郵送請求・各種証明 住まい・ごみ・環境 移住・定住支援 住
20	美郷町	環境・動物・衛生	https://www.town.miyazaki-misato.lg.jp/list00163.html	環境・動物・衛生 / 宮崎県美郷町ホームページ ヘッダーをスキップ 本文へジャンプ Foreign Language English 中文(简化字) 中文(繁體字) 한국어 日本語 アクセシビリティ グローバルナビゲーションをスキップ くらし・手続き・生活環境 福祉・保健・子育て 教育・文化 入札・契約・産業・就労・事業 イベント・観光 行政情報 新型コロナウイルス感染症 町の状況、お知らせ 個人向け支援情報 事業者向け支援情報 感染予防対策 イベント・行事の状況 相談窓口 届出・登録・証明 戸籍・住民票 証明書の発行 印鑑登録 住基・マイナンバー制度 パスポート 税金 税に関するお知らせ 税の種類 税の郵送請求・各種証明 住まい・ごみ・環境 移住・定住支援 住まい・町営住宅 ケーブルテレビ ごみ・リサイクル
20	美郷町	令和8年度公共工事発注見通し	https://www.town.miyazaki-misato.lg.jp/kiji003459/index.html	令和8年度公共工事発注見通し / 宮崎県美郷町ホームページ ヘッダーをスキップ 本文へジャンプ Foreign Language English 中文(简化字) 中文(繁體字) 한국어 日本語 アクセシビリティ グローバルナビゲーションをスキップ くらし・手続き・生活環境 福祉・保健・子育て 教育・文化 入札・契約・産業・就労・事業 イベント・観光 行政情報 新型コロナウイルス感染症 町の状況、お知らせ 個人向け支援情報 事業者向け支援情報 感染予防対策 イベント・行事の状況 相談窓口 届出・登録・証明 戸籍・住民票 証明書の発行 印鑑登録 住基・マイナンバー制度 パスポート 税金 税に関するお知らせ 税の種類 税の郵送請求・各種証明 住まい・ごみ・環境 移住・定住支援 住まい・町営住宅 ケーブルテレビ ごみ・
20	美郷町	旧田代小学校利活用検討のための使用希望者募集	https://www.town.miyazaki-misato.lg.jp/kiji0031219/index.html	旧田代小学校利活用検討のための使用希望者募集 / 宮崎県美郷町ホームページ ヘッダーをスキップ 本文へジャンプ Foreign Language English 中文(简化字) 中文(繁體字) 한국어 日本語 アクセシビリティ グローバルナビゲーションをスキップ くらし・手続き・生活環境 福祉・保健・子育て 教育・文化 入札・契約・産業・就労・事業 イベント・観光 行政情報 新型コロナウイルス感染症 町の状況、お知らせ 個人向け支援情報 事業者向け支援情報 感染予防対策 イベント・行事の状況 相談窓口 届出・登録・証明 戸籍・住民票 証明書の発行 印鑑登録 住基・マイナンバー制度 パスポート 税金 税に関するお知らせ 税の種類 税の郵送請求・各種証明 住まい・ごみ・環境 移住・定住支援 住まい・町営住宅 ケーブ
20	美郷町	住民税	https://www.town.miyazaki-misato.lg.jp/kiji00366/index.html	住民税 / 宮崎県美郷町ホームページ ヘッダーをスキップ 本文へジャンプ Foreign Language English 中文(简化字) 中文(繁體字) 한국어 日本語 アクセシビリティ グローバルナビゲーションをスキップ くらし・手続き・生活環境 福祉・保健・子育て 教育・文化 入札・契約・産業・就労・事業 イベント・観光 行政情報 新型コロナウイルス感染症 町の状況、お知らせ 個人向け支援情報 事業者向け支援情報 感染予防対策 イベント・行事の状況 相談窓口 届出・登録・証明 戸籍・住民票 証明書の発行 印鑑登録 住基・マイナンバー制度 パスポート 税金 税に関するお知らせ 税の種類 税の郵送請求・各種証明 住まい・ごみ・環境 移住・定住支援 住まい・町営住宅 ケーブルテレビ ごみ・リサイクル 水道・集落
20	美郷町	料金について	https://www.town.miyazaki-misato.lg.jp/kiji00352/index.html	料金について / 宮崎県美郷町ホームページ ヘッダーをスキップ 本文へジャンプ Foreign Language English 中文(简化字) 中文(繁體字) 한국어 日本語 アクセシビリティ グローバルナビゲーションをスキップ くらし・手続き・生活環境 福祉・保健・子育て 教育・文化 入札・契約・産業・就労・事業 イベント・観光 行政情報 新型コロナウイルス感染症 町の状況、お知らせ 個人向け支援情報 事業者向け支援情報 感染予防対策 イベント・行事の状況 相談窓口 届出・登録・証明 戸籍・住民票 証明書の発行 印鑑登録 住基・マイナンバー制度 パスポート 税金 税に関するお知らせ 税の種類 税の郵送請求・各種証明 住まい・ごみ・環境 移住・定住支援 住まい・町営住宅 ケーブルテレビ ごみ・リサイクル 水道
20	美郷町	保育所の入所や退所等の手続について	https://www.town.miyazaki-misato.lg.jp/kiji003149/index.html	保育所の入所や退所等の手続について / 宮崎県美郷町ホームページ ヘッダーをスキップ 本文へジャンプ Foreign Language English 中文(简化字) 中文(繁體字) 한국어 日本語 アクセシビリティ グローバルナビゲーションをスキップ くらし・手続き・生活環境 福祉・保健・子育て 教育・文化 入札・契約・産業・就労・事業 イベント・観光 行政情報 新型コロナウイルス感染症 町の状況、お知らせ 個人向け支援情報 事業者向け支援情報 感染予防対策 イベント・行事の状況 相談窓口 届出・登録・証明 戸籍・住民票 証明書の発行 印鑑登録 住基・マイナンバー制度 パスポート 税金 税に関するお知らせ 税の種類 税の郵送請求・各種証明 住まい・ごみ・環境 移住・定住支援 住まい・町営住宅 ケーブルテレビ
20	美郷町	バス・タクシ-利用券交付事業	https://www.town.miyazaki-misato.lg.jp/kiji003131/index.html	バス・タクシ-利用券交付事業 / 宮崎県美郷町ホームページ ヘッダーをスキップ 本文へジャンプ Foreign Language English 中文(简化字) 中文(繁體字) 한국어 日本語 アクセシビリティ グローバルナビゲーションをスキップ くらし・手続き・生活環境 福祉・保健・子育て 教育・文化 入札・契約・産業・就労・事業 イベント・観光 行政情報 新型コロナウイルス感染症 町の状況、お知らせ 個人向け支援情報 事業者向け支援情報 感染予防対策 イベント・行事の状況 相談窓口 届出・登録・証明 戸籍・住民票 証明書の発行 印鑑登録 住基・マイナンバー制度 パスポート 税金 税に関するお知らせ 税の種類 税の郵送請求・各種証明 住まい・ごみ・環境 移住・定住支援 住まい・町営住宅 ケーブルテレビ ごみ・
20	美郷町	生活保護の制度と受給要件	https://www.town.miyazaki-misato.lg.jp/kiji003166/index.html	生活保護の制度と受給要件 / 宮崎県美郷町ホームページ ヘッダーをスキップ 本文へジャンプ Foreign Language English 中文(简化字) 中文(繁體字) 한국어 日本語 アクセシビリティ グローバルナビゲーションをスキップ くらし・手続き・生活環境 福祉・保健・子育て 教育・文化 入札・契約・産業・就労・事業 イベント・観光 行政情報 新型コロナウイルス感染症 町の状況、お知らせ 個人向け支援情報 事業者向け支援情報 感染予防対策 イベント・行事の状況 相談窓口 届出・登録・証明 戸籍・住民票 証明書の発行 印鑑登録 住基・マイナンバー制度 パスポート 税金 税に関するお知らせ 税の種類 税の郵送請求・各種証明 住まい・ごみ・環境 移住・定住支援 住まい・町営住宅 ケーブルテレビ ごみ・リサ
19	美郷町	保育所	https://www.town.miyazaki-misato.lg.jp/list00118.html	保育所 / 宮崎県美郷町ホームページ ヘッダーをスキップ 本文へジャンプ Foreign Language English 中文(简化字) 中文(繁體字) 한국어 日本語 アクセシビリティ グローバルナビゲーションをスキップ くらし・手続き・生活環境 福祉・保健・子育て 教育・文化 入札・契約・産業・就労・事業 イベント・観光 行政情報 新型コロナウイルス感染症 町の状況、お知らせ 個人向け支援情報 事業者向け支援情報 感染予防対策 イベント・行事の状況 相談窓口 届出・登録・証明 戸籍・住民票 証明書の発行 印鑑登録 住基・マイナンバー制度 パスポート 税金 税に関するお知らせ 税の種類 税の郵送請求・各種証明 住まい・ごみ・環境 移住・定住支援 住まい・町営住宅 ケーブルテレビ ごみ・リサイクル 水道・集落
19	美郷町	時期別	https://www.town.miyazaki-misato.lg.jp/list00172.html	時期別 / 宮崎県美郷町ホームページ ヘッダーをスキップ 本文へジャンプ Foreign Language English 中文(简化字) 中文(繁體字) 한국어 日本語 アクセシビリティ グローバルナビゲーションをスキップ くらし・手続き・生活環境 福祉・保健・子育て 教育・文化 入札・契約・産業・就労・事業 イベント・観光 行政情報 新型コロナウイルス感染症 町の状況、お知らせ 個人向け支援情報 事業者向け支援情報 感染予防対策 イベント・行事の状況 相談窓口 届出・登録・証明 戸籍・住民票 証明書の発行 印鑑登録 住基・マイナンバー制度 パスポート 税金 税に関するお知らせ 税の種類 税の郵送請求・各種証明 住まい・ごみ・環境 移住・定住支援 住まい・町営住宅 ケーブルテレビ ごみ・リサイクル 水道・集落
19	美郷町	健康・医療	https://www.town.miyazaki-misato.lg.jp/list00114.html	健康・医療 / 宮崎県美郷町ホームページ ヘッダーをスキップ 本文へジャンプ Foreign Language English 中文(简化字) 中文(繁體字) 한국어 日本語 アクセシビリティ グローバルナビゲーションをスキップ くらし・手続き・生活環境 福祉・保健・子育て 教育・文化 入札・契約・産業・就労・事業 イベント・観光 行政情報 新型コロナウイルス感染症 町の状況、お知らせ 個人向け支援情報 事業者向け支援情報 感染予防対策 イベント・行事の状況 相談窓口 届出・登録・証明 戸籍・住民票 証明書の発行 印鑑登録 住基・マイナンバー制度 パスポート 税金 税に関するお知らせ 税の種類 税の郵送請求・各種証明 住まい・ごみ・環境 移住・定住支援 住まい・町営住宅 ケーブルテレビ ごみ・リサイクル 水道・
19	美郷町	年金・健康保険	https://www.town.miyazaki-misato.lg.jp/list00115.html	年金・健康保険 / 宮崎県美郷町ホームページ ヘッダーをスキップ 本文へジャンプ Foreign Language English 中文(简化字) 中文(繁體字) 한국어 日本語 アクセシビリティ グローバルナビゲーションをスキップ くらし・手続き・生活環境 福祉・保健・子育て 教育・文化 入札・契約・産業・就労・事業 イベント・観光 行政情報 新型コロナウイルス感染症 町の状況、お知らせ 個人向け支援情報 事業者向け支援情報 感染予防対策 イベント・行事の状況 相談窓口 届出・登録・証明 戸籍・住民票 証明書の発行 印鑑登録 住基・マイナンバー制度 パスポート 税金 税に関するお知らせ 税の種類 税の郵送請求・各種証明 住まい・ごみ・環境 移住・定住支援 住まい・町営住宅 ケーブルテレビ ごみ・リサイクル 水
19	美郷町	日常生活・自立支援	https://www.town.miyazaki-misato.lg.jp/list00185.html	日常生活・自立支援 / 宮崎県美郷町ホームページ ヘッダーをスキップ 本文へジャンプ Foreign Language English 中文(简化字) 中文(繁體字) 한국어 日本語 アクセシビリティ グローバルナビゲーションをスキップ くらし・手続き・生活環境 福祉・保健・子育て 教育・文化 入札・契約・産業・就労・事業 イベント・観光 行政情報 新型コロナウイルス感染症 町の状況、お知らせ 個人向け支援情報 事業者向け支援情報 感染予防対策 イベント・行事の状況 相談窓口 届出・登録・証明 戸籍・住民票 証明書の発行 印鑑登録 住基・マイナンバー制度 パスポート 税金 税に関するお知らせ 税の種類 税の郵送請求・各種証明 住まい・ごみ・環境 移住・定住支援 住まい・町営住宅 ケーブルテレビ ごみ・リサイクル
19	美郷町	地域福祉・支援窓口	https://www.town.miyazaki-misato.lg.jp/list00117.html	地域福祉・支援窓口 / 宮崎県美郷町ホームページ ヘッダーをスキップ 本文へジャンプ Foreign Language English 中文(简化字) 中文(繁體字) 한국어 日本語 アクセシビリティ グローバルナビゲーションをスキップ くらし・手続き・生活環境 福祉・保健・子育て 教育・文化 入札・契約・産業・就労・事業 イベント・観光 行政情報 新型コロナウイルス感染症 町の状況、お知らせ 個人向け支援情報 事業者向け支援情報 感染予防対策 イベント・行事の状況 相談窓口 届出・登録・証明 戸籍・住民票 証明書の発行 印鑑登録 住基・マイナンバー制度 パスポート 税金 税に関するお知らせ 税の種類 税の郵送請求・各種証明 住まい・ごみ・環境 移住・定住支援 住まい・町営住宅 ケーブルテレビ ごみ・リサイクル
19	美郷町	組織から探す	https://www.town.miyazaki-misato.lg.jp/classset002.html	組織から探す / 宮崎県美郷町ホームページ ヘッダーをスキップ 本文へジャンプ Foreign Language English 中文(简化字) 中文(繁體字) 한국어 日本語 アクセシビリティ グローバルナビゲーションをスキップ くらし・手続き・生活環境 福祉・保健・子育て 教育・文化 入札・契約・産業・就労・事業 イベント・観光 行政情報 新型コロナウイルス感染症 町の状況、お知らせ 個人向け支援情報 事業者向け支援情報 感染予防対策 イベント・行事の状況 相談窓口 届出・登録・証明 戸籍・住民票 証明書の発行 印鑑登録 住基・マイナンバー制度 パスポート 税金 税に関するお知らせ 税の種類 税の郵送請求・各種証明 住まい・ごみ・環境 移住・定住支援 住まい・町営住宅 ケーブルテレビ ごみ・リサイクル 水道
19	美郷町	空き家バンク利用方法	https://www.town.miyazaki-misato.lg.jp/kiji003288/index.html	空き家バンク利用方法 / 宮崎県美郷町ホームページ ヘッダーをスキップ 本文へジャンプ Foreign Language English 中文(简化字) 中文(繁體字) 한국어 日本語 アクセシビリティ グローバルナビゲーションをスキップ くらし・手続き・生活環境 福祉・保健・子育て 教育・文化 入札・契約・産業・就労・事業 イベント・観光 行政情報 新型コロナウイルス感染症 町の状況、お知らせ 個人向け支援情報 事業者向け支援情報 感染予防対策 イベント・行事の状況 相談窓口 届出・登録・証明 戸籍・住民票 証明書の発行 印鑑登録 住基・マイナンバー制度 パスポート 税金 税に関するお知らせ 税の種類 税の郵送請求・各種証明 住まい・ごみ・環境 移住・定住支援 住まい・町営住宅 ケーブルテレビ ごみ・リサイク
19	美郷町	住居表示の変更について	https://www.town.miyazaki-misato.lg.jp/kiji003214/index.html	住居表示の変更について / 宮崎県美郷町ホームページ ヘッダーをスキップ 本文へジャンプ Foreign Language English 中文(简化字) 中文(繁體字) 한국어 日本語 アクセシビリティ グローバルナビゲーションをスキップ くらし・手続き・生活環境 福祉・保健・子育て 教育・文化 入札・契約・産業・就労・事業 イベント・観光 行政情報 新型コロナウイルス感染症 町の状況、お知らせ 個人向け支援情報 事業者向け支援情報 感染予防対策 イベント・行事の状況 相談窓口 届出・登録・証明 戸籍・住民票 証明書の発行 印鑑登録 住基・マイナンバー制度 パスポート 税金 税に関するお知らせ 税の種類 税の郵送請求・各種証明 住まい・ごみ・環境 移住・定住支援 住まい・町営住宅 ケーブルテレビ ごみ・リサイ
19	美郷町	住まい	https://www.town.miyazaki-misato.lg.jp/kiji003451/index.html	住まい / 宮崎県美郷町ホームページ ヘッダーをスキップ 本文へジャンプ Foreign Language English 中文(简化字) 中文(繁體字) 한국어 日本語 アクセシビリティ グローバルナビゲーションをスキップ くらし・手続き・生活環境 福祉・保健・子育て 教育・文化 入札・契約・産業・就労・事業 イベント・観光 行政情報 新型コロナウイルス感染症 町の状況、お知らせ 個人向け支援情報 事業者向け支援情報 感染予防対策 イベント・行事の状況 相談窓口 届出・登録・証明 戸籍・住民票 証明書の発行 印鑑登録 住基・マイナンバー制度 パスポート 税金 税に関するお知らせ 税の種類 税の郵送請求・各種証明 住まい・ごみ・環境 移住・定住支援 住まい・町営住宅 ケーブルテレビ ごみ・リサイクル 水道・集落
19	美郷町	要支援・要介護認定の手続き	https://www.town.miyazaki-misato.lg.jp/kiji00359/index.html	要支援・要介護認定の手続き / 宮崎県美郷町ホームページ ヘッダーをスキップ 本文へジャンプ Foreign Language English 中文(简化字) 中文(繁體字) 한국어 日本語 アクセシビリティ グローバルナビゲーションをスキップ くらし・手続き・生活環境 福祉・保健・子育て 教育・文化 入札・契約・産業・就労・事業 イベント・観光 行政情報 新型コロナウイルス感染症 町の状況、お知らせ 個人向け支援情報 事業者向け支援情報 感染予防対策 イベント・行事の状況 相談窓口 届出・登録・証明 戸籍・住民票 証明書の発行 印鑑登録 住基・マイナンバー制度 パスポート 税金 税に関するお知らせ 税の種類 税の郵送請求・各種証明 住まい・ごみ・環境 移住・定住支援 住まい・町営住宅 ケーブルテレビ ごみ・リ
19	美郷町	介護保険制度のしくみ	https://www.town.miyazaki-misato.lg.jp/kiji00358/index.html	介護保険制度のしくみ / 宮崎県美郷町ホームページ ヘッダーをスキップ 本文へジャンプ Foreign Language English 中文(简化字) 中文(繁體字) 한국어 日本語 アクセシビリティ グローバルナビゲーションをスキップ くらし・手続き・生活環境 福祉・保健・子育て 教育・文化 入札・契約・産業・就労・事業 イベント・観光 行政情報 新型コロナウイルス感染症 町の状況、お知らせ 個人向け支援情報 事業者向け支援情報 感染予防対策 イベント・行事の状況 相談窓口 届出・登録・証明 戸籍・住民票 証明書の発行 印鑑登録 住基・マイナンバー制度 パスポート 税金 税に関するお知らせ 税の種類 税の郵送請求・各種証明 住まい・ごみ・環境 移住・定住支援 住まい・町営住宅 ケーブルテレビ ごみ・リサイク
19	美郷町	地方消費税率の引き上げ分に係る使途の明確化について	https://www.town.miyazaki-misato.lg.jp/kiji003300/index.html	地方消費税率の引き上げ分に係る使途の明確化について / 宮崎県美郷町ホームページ ヘッダーをスキップ 本文へジャンプ Foreign Language English 中文(简化字) 中文(繁體字) 한국어 日本語 アクセシビリティ グローバルナビゲーションをスキップ くらし・手続き・生活環境 福祉・保健・子育て 教育・文化 入札・契約・産業・就労・事業 イベント・観光 行政情報 新型コロナウイルス感染症 町の状況、お知らせ 個人向け支援情報 事業者向け支援情報 感染予防対策 イベント・行事の状況 相談窓口 届出・登録・証明 戸籍・住民票 証明書の発行 印鑑登録 住基・マイナンバー制度 パスポート 税金 税に関するお知らせ 税の種類 税の郵送請求・各種証明 住まい・ごみ・環境 移住・定住支援 住まい・町営住宅
18	美郷町	農林水産業・商工業	https://www.town.miyazaki-misato.lg.jp/list00125.html	農林水産業・商工業 / 宮崎県美郷町ホームページ ヘッダーをスキップ 本文へジャンプ Foreign Language English 中文(简化字) 中文(繁體字) 한국어 日本語 アクセシビリティ グローバルナビゲーションをスキップ くらし・手続き・生活環境 福祉・保健・子育て 教育・文化 入札・契約・産業・就労・事業 イベント・観光 行政情報 新型コロナウイルス感染症 町の状況、お知らせ 個人向け支援情報 事業者向け支援情報 感染予防対策 イベント・行事の状況 相談窓口 届出・登録・証明 戸籍・住民票 証明書の発行 印鑑登録 住基・マイナンバー制度 パスポート 税金 税に関するお知らせ 税の種類 税の郵送請求・各種証明 住まい・ごみ・環境 移住・定住支援 住まい・町営住宅 ケーブルテレビ ごみ・リサイクル
18	美郷町	商工業	https://www.town.miyazaki-misato.lg.jp/list00460.html	商工業 / 宮崎県美郷町ホームページ ヘッダーをスキップ 本文へジャンプ Foreign Language English 中文(简化字) 中文(繁體字) 한국어 日本語 アクセシビリティ グローバルナビゲーションをスキップ くらし・手続き・生活環境 福祉・保健・子育て 教育・文化 入札・契約・産業・就労・事業 イベント・観光 行政情報 新型コロナウイルス感染症 町の状況、お知らせ 個人向け支援情報 事業者向け支援情報 感染予防対策 イベント・行事の状況 相談窓口 届出・登録・証明 戸籍・住民票 証明書の発行 印鑑登録 住基・マイナンバー制度 パスポート 税金 税に関するお知らせ 税の種類 税の郵送請求・各種証明 住まい・ごみ・環境 移住・定住支援 住まい・町営住宅 ケーブルテレビ ごみ・リサイクル 水道・集落
18	美郷町	財政状況	https://www.town.miyazaki-misato.lg.jp/list00223.html	財政状況 / 宮崎県美郷町ホームページ ヘッダーをスキップ 本文へジャンプ Foreign Language English 中文(简化字) 中文(繁體字) 한국어 日本語 アクセシビリティ グローバルナビゲーションをスキップ くらし・手続き・生活環境 福祉・保健・子育て 教育・文化 入札・契約・産業・就労・事業 イベント・観光 行政情報 新型コロナウイルス感染症 町の状況、お知らせ 個人向け支援情報 事業者向け支援情報 感染予防対策 イベント・行事の状況 相談窓口 届出・登録・証明 戸籍・住民票 証明書の発行 印鑑登録 住基・マイナンバー制度 パスポート 税金 税に関するお知らせ 税の種類 税の郵送請求・各種証明 住まい・ごみ・環境 移住・定住支援 住まい・町営住宅 ケーブルテレビ ごみ・リサイクル 水道・集
18	美郷町	空き家情報	https://www.town.miyazaki-misato.lg.jp/dynamic/info/pub/default.aspx?c_id=26	空き家情報 / 宮崎県美郷町ホームページ ヘッダーをスキップ 本文へジャンプ Foreign Language English 中文(简化字) 中文(繁體字) 한국어 日本語 アクセシビリティ グローバルナビゲーションをスキップ くらし・手続き・生活環境 福祉・保健・子育て 教育・文化 入札・契約・産業・就労・事業 イベント・観光 行政情報 新型コロナウイルス感染症 町の状況、お知らせ 個人向け支援情報 事業者向け支援情報 感染予防対策 イベント・行事の状況 相談窓口 届出・登録・証明 戸籍・住民票 証明書の発行 印鑑登録 住基・マイナンバー制度 パスポート 税金 税に関するお知らせ 税の種類 税の郵送請求・各種証明 住まい・ごみ・環境 移住・定住支援 住まい・町営住宅 ケーブルテレビ ごみ・リサイクル 水道・
18	美郷町	『 Pokémon GO (ポケモン GO)』に美郷町の公式ルートが登場！	https://www.town.miyazaki-misato.lg.jp/kiji0031115/index.html	『 Pokémon GO (ポケモン GO)』に美郷町の公式ルートが登場！ / 宮崎県美郷町ホームページ ヘッダーをスキップ 本文へジャンプ Foreign Language English 中文(简化字) 中文(繁體字) 한국어 日本語 アクセシビリティ グローバルナビゲーションをスキップ くらし・手続き・生活環境 福祉・保健・子育て 教育・文化 入札・契約・産業・就労・事業 イベント・観光 行政情報 新型コロナウイルス感染症 町の状況、お知らせ 個人向け支援情報 事業者向け支援情報 感染予防対策 イベント・行事の状況 相談窓口 届出・登録・証明 戸籍・住民票 証明書の発行 印鑑登録 住基・マイナンバー制度 パスポート 税金 税に関するお知らせ 税の種類 税の郵送請求・各種証明 住まい・ごみ・環境 移住・定住
18	美郷町	令和8年度会計年度任用職員の募集について（看護師）	https://www.town.miyazaki-misato.lg.jp/kiji0031177/index.html	令和8年度会計年度任用職員の募集について（看護師） / 宮崎県美郷町ホームページ ヘッダーをスキップ 本文へジャンプ Foreign Language English 中文(简化字) 中文(繁體字) 한국어 日本語 アクセシビリティ グローバルナビゲーションをスキップ くらし・手続き・生活環境 福祉・保健・子育て 教育・文化 入札・契約・産業・就労・事業 イベント・観光 行政情報 新型コロナウイルス感染症 町の状況、お知らせ 個人向け支援情報 事業者向け支援情報 感染予防対策 イベント・行事の状況 相談窓口 届出・登録・証明 戸籍・住民票 証明書の発行 印鑑登録 住基・マイナンバー制度 パスポート 税金 税に関するお知らせ 税の種類 税の郵送請求・各種証明 住まい・ごみ・環境 移住・定住支援 住まい・町営住宅
18	美郷町	板ヶ原オートキャンプ場	https://www.town.miyazaki-misato.lg.jp/kiji00399/index.html	板ヶ原オートキャンプ場 / 宮崎県美郷町ホームページ ヘッダーをスキップ 本文へジャンプ Foreign Language English 中文(简化字) 中文(繁體字) 한국어 日本語 アクセシビリティ グローバルナビゲーションをスキップ くらし・手続き・生活環境 福祉・保健・子育て 教育・文化 入札・契約・産業・就労・事業 イベント・観光 行政情報 新型コロナウイルス感染症 町の状況、お知らせ 個人向け支援情報 事業者向け支援情報 感染予防対策 イベント・行事の状況 相談窓口 届出・登録・証明 戸籍・住民票 証明書の発行 印鑑登録 住基・マイナンバー制度 パスポート 税金 税に関するお知らせ 税の種類 税の郵送請求・各種証明 住まい・ごみ・環境 移住・定住支援 住まい・町営住宅 ケーブルテレビ ごみ・リサイ
18	美郷町	石峠滞在宿泊施設「美郷と、」	https://www.town.miyazaki-misato.lg.jp/kiji003294/index.html	石峠滞在宿泊施設「美郷と、」 / 宮崎県美郷町ホームページ ヘッダーをスキップ 本文へジャンプ Foreign Language English 中文(简化字) 中文(繁體字) 한국어 日本語 アクセシビリティ グローバルナビゲーションをスキップ くらし・手続き・生活環境 福祉・保健・子育て 教育・文化 入札・契約・産業・就労・事業 イベント・観光 行政情報 新型コロナウイルス感染症 町の状況、お知らせ 個人向け支援情報 事業者向け支援情報 感染予防対策 イベント・行事の状況 相談窓口 届出・登録・証明 戸籍・住民票 証明書の発行 印鑑登録 住基・マイナンバー制度 パスポート 税金 税に関するお知らせ 税の種類 税の郵送請求・各種証明 住まい・ごみ・環境 移住・定住支援 住まい・町営住宅 ケーブルテレビ ごみ・
18	美郷町	黒木滞在宿泊施設「黒木の郷」	https://www.town.miyazaki-misato.lg.jp/kiji003299/index.html	黒木滞在宿泊施設「黒木の郷」 / 宮崎県美郷町ホームページ ヘッダーをスキップ 本文へジャンプ Foreign Language English 中文(简化字) 中文(繁體字) 한국어 日本語 アクセシビリティ グローバルナビゲーションをスキップ くらし・手続き・生活環境 福祉・保健・子育て 教育・文化 入札・契約・産業・就労・事業 イベント・観光 行政情報 新型コロナウイルス感染症 町の状況、お知らせ 個人向け支援情報 事業者向け支援情報 感染予防対策 イベント・行事の状況 相談窓口 届出・登録・証明 戸籍・住民票 証明書の発行 印鑑登録 住基・マイナンバー制度 パスポート 税金 税に関するお知らせ 税の種類 税の郵送請求・各種証明 住まい・ごみ・環境 移住・定住支援 住まい・町営住宅 ケーブルテレビ ごみ・
18	美郷町	お試し滞在	https://www.town.miyazaki-misato.lg.jp/kiji003479/index.html	お試し滞在 / 宮崎県美郷町ホームページ ヘッダーをスキップ 本文へジャンプ Foreign Language English 中文(简化字) 中文(繁體字) 한국어 日本語 アクセシビリティ グローバルナビゲーションをスキップ くらし・手続き・生活環境 福祉・保健・子育て 教育・文化 入札・契約・産業・就労・事業 イベント・観光 行政情報 新型コロナウイルス感染症 町の状況、お知らせ 個人向け支援情報 事業者向け支援情報 感染予防対策 イベント・行事の状況 相談窓口 届出・登録・証明 戸籍・住民票 証明書の発行 印鑑登録 住基・マイナンバー制度 パスポート 税金 税に関するお知らせ 税の種類 税の郵送請求・各種証明 住まい・ごみ・環境 移住・定住支援 住まい・町営住宅 ケーブルテレビ ごみ・リサイクル 水道・
18	美郷町	自立支援医療制度について	https://www.town.miyazaki-misato.lg.jp/kiji003108/index.html	自立支援医療制度について / 宮崎県美郷町ホームページ ヘッダーをスキップ 本文へジャンプ Foreign Language English 中文(简化字) 中文(繁體字) 한국어 日本語 アクセシビリティ グローバルナビゲーションをスキップ くらし・手続き・生活環境 福祉・保健・子育て 教育・文化 入札・契約・産業・就労・事業 イベント・観光 行政情報 新型コロナウイルス感染症 町の状況、お知らせ 個人向け支援情報 事業者向け支援情報 感染予防対策 イベント・行事の状況 相談窓口 届出・登録・証明 戸籍・住民票 証明書の発行 印鑑登録 住基・マイナンバー制度 パスポート 税金 税に関するお知らせ 税の種類 税の郵送請求・各種証明 住まい・ごみ・環境 移住・定住支援 住まい・町営住宅 ケーブルテレビ ごみ・リサ
18	美郷町	美郷町版事業継承バンク『みさとバトン』 農業用	https://www.town.miyazaki-misato.lg.jp/kiji003644/index.html	美郷町版事業継承バンク『みさとバトン』 農業用 / 宮崎県美郷町ホームページ ヘッダーをスキップ 本文へジャンプ Foreign Language English 中文(简化字) 中文(繁體字) 한국어 日本語 アクセシビリティ グローバルナビゲーションをスキップ くらし・手続き・生活環境 福祉・保健・子育て 教育・文化 入札・契約・産業・就労・事業 イベント・観光 行政情報 新型コロナウイルス感染症 町の状況、お知らせ 個人向け支援情報 事業者向け支援情報 感染予防対策 イベント・行事の状況 相談窓口 届出・登録・証明 戸籍・住民票 証明書の発行 印鑑登録 住基・マイナンバー制度 パスポート 税金 税に関するお知らせ 税の種類 税の郵送請求・各種証明 住まい・ごみ・環境 移住・定住支援 住まい・町営住宅 ケー
18	美郷町	【遊漁者の皆様へ】町内河川の遊漁券の取扱いについて	https://www.town.miyazaki-misato.lg.jp/kiji003213/index.html	【遊漁者の皆様へ】町内河川の遊漁券の取扱いについて / 宮崎県美郷町ホームページ ヘッダーをスキップ 本文へジャンプ Foreign Language English 中文(简化字) 中文(繁體字) 한국어 日本語 アクセシビリティ グローバルナビゲーションをスキップ くらし・手続き・生活環境 福祉・保健・子育て 教育・文化 入札・契約・産業・就労・事業 イベント・観光 行政情報 新型コロナウイルス感染症 町の状況、お知らせ 個人向け支援情報 事業者向け支援情報 感染予防対策 イベント・行事の状況 相談窓口 届出・登録・証明 戸籍・住民票 証明書の発行 印鑑登録 住基・マイナンバー制度 パスポート 税金 税に関するお知らせ 税の種類 税の郵送請求・各種証明 住まい・ごみ・環境 移住・定住支援 住まい・町営住宅
18	美郷町	株式会社コスモス薬品様からの企業版ふるさと納税による寄付に関する事業の取組についてお知らせします	https://www.town.miyazaki-misato.lg.jp/kiji003722/index.html	株式会社コスモス薬品様からの企業版ふるさと納税による寄付に関する事業の取組についてお知らせします / 宮崎県美郷町ホームページ ヘッダーをスキップ 本文へジャンプ Foreign Language English 中文(简化字) 中文(繁體字) 한국어 日本語 アクセシビリティ グローバルナビゲーションをスキップ くらし・手続き・生活環境 福祉・保健・子育て 教育・文化 入札・契約・産業・就労・事業 イベント・観光 行政情報 新型コロナウイルス感染症 町の状況、お知らせ 個人向け支援情報 事業者向け支援情報 感染予防対策 イベント・行事の状況 相談窓口 届出・登録・証明 戸籍・住民票 証明書の発行 印鑑登録 住基・マイナンバー制度 パスポート 税金 税に関するお知らせ 税の種類 税の郵送請求・各種証明 住まい・
18	美郷町	土地売買等届出	https://www.town.miyazaki-misato.lg.jp/kiji003608/index.html	土地売買等届出 / 宮崎県美郷町ホームページ ヘッダーをスキップ 本文へジャンプ Foreign Language English 中文(简化字) 中文(繁體字) 한국어 日本語 アクセシビリティ グローバルナビゲーションをスキップ くらし・手続き・生活環境 福祉・保健・子育て 教育・文化 入札・契約・産業・就労・事業 イベント・観光 行政情報 新型コロナウイルス感染症 町の状況、お知らせ 個人向け支援情報 事業者向け支援情報 感染予防対策 イベント・行事の状況 相談窓口 届出・登録・証明 戸籍・住民票 証明書の発行 印鑑登録 住基・マイナンバー制度 パスポート 税金 税に関するお知らせ 税の種類 税の郵送請求・各種証明 住まい・ごみ・環境 移住・定住支援 住まい・町営住宅 ケーブルテレビ ごみ・リサイクル 水
18	美郷町	国が設置している無料の経営相談所「宮崎県よろず支援拠点」	https://www.town.miyazaki-misato.lg.jp/kiji003891/index.html	国が設置している無料の経営相談所「宮崎県よろず支援拠点」 / 宮崎県美郷町ホームページ ヘッダーをスキップ 本文へジャンプ Foreign Language English 中文(简化字) 中文(繁體字) 한국어 日本語 アクセシビリティ グローバルナビゲーションをスキップ くらし・手続き・生活環境 福祉・保健・子育て 教育・文化 入札・契約・産業・就労・事業 イベント・観光 行政情報 新型コロナウイルス感染症 町の状況、お知らせ 個人向け支援情報 事業者向け支援情報 感染予防対策 イベント・行事の状況 相談窓口 届出・登録・証明 戸籍・住民票 証明書の発行 印鑑登録 住基・マイナンバー制度 パスポート 税金 税に関するお知らせ 税の種類 税の郵送請求・各種証明 住まい・ごみ・環境 移住・定住支援 住まい・町営
18	美郷町	過疎地域における固定資産税の課税免除について	https://www.town.miyazaki-misato.lg.jp/kiji003639/index.html	過疎地域における固定資産税の課税免除について / 宮崎県美郷町ホームページ ヘッダーをスキップ 本文へジャンプ Foreign Language English 中文(简化字) 中文(繁體字) 한국어 日本語 アクセシビリティ グローバルナビゲーションをスキップ くらし・手続き・生活環境 福祉・保健・子育て 教育・文化 入札・契約・産業・就労・事業 イベント・観光 行政情報 新型コロナウイルス感染症 町の状況、お知らせ 個人向け支援情報 事業者向け支援情報 感染予防対策 イベント・行事の状況 相談窓口 届出・登録・証明 戸籍・住民票 証明書の発行 印鑑登録 住基・マイナンバー制度 パスポート 税金 税に関するお知らせ 税の種類 税の郵送請求・各種証明 住まい・ごみ・環境 移住・定住支援 住まい・町営住宅 ケーブ
18	美郷町	過疎地域における特別償却について	https://www.town.miyazaki-misato.lg.jp/kiji003638/index.html	過疎地域における特別償却について / 宮崎県美郷町ホームページ ヘッダーをスキップ 本文へジャンプ Foreign Language English 中文(简化字) 中文(繁體字) 한국어 日本語 アクセシビリティ グローバルナビゲーションをスキップ くらし・手続き・生活環境 福祉・保健・子育て 教育・文化 入札・契約・産業・就労・事業 イベント・観光 行政情報 新型コロナウイルス感染症 町の状況、お知らせ 個人向け支援情報 事業者向け支援情報 感染予防対策 イベント・行事の状況 相談窓口 届出・登録・証明 戸籍・住民票 証明書の発行 印鑑登録 住基・マイナンバー制度 パスポート 税金 税に関するお知らせ 税の種類 税の郵送請求・各種証明 住まい・ごみ・環境 移住・定住支援 住まい・町営住宅 ケーブルテレビ ご
18	美郷町	地域おこし協力隊の紹介（大石隊員）	https://www.town.miyazaki-misato.lg.jp/kiji0031098/index.html	地域おこし協力隊の紹介（大石隊員） / 宮崎県美郷町ホームページ ヘッダーをスキップ 本文へジャンプ Foreign Language English 中文(简化字) 中文(繁體字) 한국어 日本語 アクセシビリティ グローバルナビゲーションをスキップ くらし・手続き・生活環境 福祉・保健・子育て 教育・文化 入札・契約・産業・就労・事業 イベント・観光 行政情報 新型コロナウイルス感染症 町の状況、お知らせ 個人向け支援情報 事業者向け支援情報 感染予防対策 イベント・行事の状況 相談窓口 届出・登録・証明 戸籍・住民票 証明書の発行 印鑑登録 住基・マイナンバー制度 パスポート 税金 税に関するお知らせ 税の種類 税の郵送請求・各種証明 住まい・ごみ・環境 移住・定住支援 住まい・町営住宅 ケーブルテレビ
18	美郷町	里親制度	https://www.town.miyazaki-misato.lg.jp/kiji0031236/index.html	里親制度 / 宮崎県美郷町ホームページ ヘッダーをスキップ 本文へジャンプ Foreign Language English 中文(简化字) 中文(繁體字) 한국어 日本語 アクセシビリティ グローバルナビゲーションをスキップ くらし・手続き・生活環境 福祉・保健・子育て 教育・文化 入札・契約・産業・就労・事業 イベント・観光 行政情報 新型コロナウイルス感染症 町の状況、お知らせ 個人向け支援情報 事業者向け支援情報 感染予防対策 イベント・行事の状況 相談窓口 届出・登録・証明 戸籍・住民票 証明書の発行 印鑑登録 住基・マイナンバー制度 パスポート 税金 税に関するお知らせ 税の種類 税の郵送請求・各種証明 住まい・ごみ・環境 移住・定住支援 住まい・町営住宅 ケーブルテレビ ごみ・リサイクル 水道・集
18	美郷町	美郷町放課後児童健全育成事業（児童クラブ）について	https://www.town.miyazaki-misato.lg.jp/kiji003970/index.html	美郷町放課後児童健全育成事業（児童クラブ）について / 宮崎県美郷町ホームページ ヘッダーをスキップ 本文へジャンプ Foreign Language English 中文(简化字) 中文(繁體字) 한국어 日本語 アクセシビリティ グローバルナビゲーションをスキップ くらし・手続き・生活環境 福祉・保健・子育て 教育・文化 入札・契約・産業・就労・事業 イベント・観光 行政情報 新型コロナウイルス感染症 町の状況、お知らせ 個人向け支援情報 事業者向け支援情報 感染予防対策 イベント・行事の状況 相談窓口 届出・登録・証明 戸籍・住民票 証明書の発行 印鑑登録 住基・マイナンバー制度 パスポート 税金 税に関するお知らせ 税の種類 税の郵送請求・各種証明 住まい・ごみ・環境 移住・定住支援 住まい・町営住宅
18	美郷町	令和8年師走祭りについて	https://www.town.miyazaki-misato.lg.jp/kiji003945/index.html	令和8年師走祭りについて / 宮崎県美郷町ホームページ ヘッダーをスキップ 本文へジャンプ Foreign Language English 中文(简化字) 中文(繁體字) 한국어 日本語 アクセシビリティ グローバルナビゲーションをスキップ くらし・手続き・生活環境 福祉・保健・子育て 教育・文化 入札・契約・産業・就労・事業 イベント・観光 行政情報 新型コロナウイルス感染症 町の状況、お知らせ 個人向け支援情報 事業者向け支援情報 感染予防対策 イベント・行事の状況 相談窓口 届出・登録・証明 戸籍・住民票 証明書の発行 印鑑登録 住基・マイナンバー制度 パスポート 税金 税に関するお知らせ 税の種類 税の郵送請求・各種証明 住まい・ごみ・環境 移住・定住支援 住まい・町営住宅 ケーブルテレビ ごみ・リサ
18	美郷町	美郷町子育て支援センター	https://www.town.miyazaki-misato.lg.jp/kiji0031048/index.html	美郷町子育て支援センター / 宮崎県美郷町ホームページ ヘッダーをスキップ 本文へジャンプ Foreign Language English 中文(简化字) 中文(繁體字) 한국어 日本語 アクセシビリティ グローバルナビゲーションをスキップ くらし・手続き・生活環境 福祉・保健・子育て 教育・文化 入札・契約・産業・就労・事業 イベント・観光 行政情報 新型コロナウイルス感染症 町の状況、お知らせ 個人向け支援情報 事業者向け支援情報 感染予防対策 イベント・行事の状況 相談窓口 届出・登録・証明 戸籍・住民票 証明書の発行 印鑑登録 住基・マイナンバー制度 パスポート 税金 税に関するお知らせ 税の種類 税の郵送請求・各種証明 住まい・ごみ・環境 移住・定住支援 住まい・町営住宅 ケーブルテレビ ごみ・リサ
18	美郷町	郵送による請求	https://www.town.miyazaki-misato.lg.jp/kiji003110/index.html	郵送による請求 / 宮崎県美郷町ホームページ ヘッダーをスキップ 本文へジャンプ Foreign Language English 中文(简化字) 中文(繁體字) 한국어 日本語 アクセシビリティ グローバルナビゲーションをスキップ くらし・手続き・生活環境 福祉・保健・子育て 教育・文化 入札・契約・産業・就労・事業 イベント・観光 行政情報 新型コロナウイルス感染症 町の状況、お知らせ 個人向け支援情報 事業者向け支援情報 感染予防対策 イベント・行事の状況 相談窓口 届出・登録・証明 戸籍・住民票 証明書の発行 印鑑登録 住基・マイナンバー制度 パスポート 税金 税に関するお知らせ 税の種類 税の郵送請求・各種証明 住まい・ごみ・環境 移住・定住支援 住まい・町営住宅 ケーブルテレビ ごみ・リサイクル 水
18	美郷町	公的個人認証・電子証明書発行サービス	https://www.town.miyazaki-misato.lg.jp/kiji003138/index.html	公的個人認証・電子証明書発行サービス / 宮崎県美郷町ホームページ ヘッダーをスキップ 本文へジャンプ Foreign Language English 中文(简化字) 中文(繁體字) 한국어 日本語 アクセシビリティ グローバルナビゲーションをスキップ くらし・手続き・生活環境 福祉・保健・子育て 教育・文化 入札・契約・産業・就労・事業 イベント・観光 行政情報 新型コロナウイルス感染症 町の状況、お知らせ 個人向け支援情報 事業者向け支援情報 感染予防対策 イベント・行事の状況 相談窓口 届出・登録・証明 戸籍・住民票 証明書の発行 印鑑登録 住基・マイナンバー制度 パスポート 税金 税に関するお知らせ 税の種類 税の郵送請求・各種証明 住まい・ごみ・環境 移住・定住支援 住まい・町営住宅 ケーブルテレビ
18	美郷町	住民票・印鑑証明	https://www.town.miyazaki-misato.lg.jp/kiji003139/index.html	住民票・印鑑証明 / 宮崎県美郷町ホームページ ヘッダーをスキップ 本文へジャンプ Foreign Language English 中文(简化字) 中文(繁體字) 한국어 日本語 アクセシビリティ グローバルナビゲーションをスキップ くらし・手続き・生活環境 福祉・保健・子育て 教育・文化 入札・契約・産業・就労・事業 イベント・観光 行政情報 新型コロナウイルス感染症 町の状況、お知らせ 個人向け支援情報 事業者向け支援情報 感染予防対策 イベント・行事の状況 相談窓口 届出・登録・証明 戸籍・住民票 証明書の発行 印鑑登録 住基・マイナンバー制度 パスポート 税金 税に関するお知らせ 税の種類 税の郵送請求・各種証明 住まい・ごみ・環境 移住・定住支援 住まい・町営住宅 ケーブルテレビ ごみ・リサイクル
18	美郷町	郵送による証明	https://www.town.miyazaki-misato.lg.jp/kiji003144/index.html	郵送による証明 / 宮崎県美郷町ホームページ ヘッダーをスキップ 本文へジャンプ Foreign Language English 中文(简化字) 中文(繁體字) 한국어 日本語 アクセシビリティ グローバルナビゲーションをスキップ くらし・手続き・生活環境 福祉・保健・子育て 教育・文化 入札・契約・産業・就労・事業 イベント・観光 行政情報 新型コロナウイルス感染症 町の状況、お知らせ 個人向け支援情報 事業者向け支援情報 感染予防対策 イベント・行事の状況 相談窓口 届出・登録・証明 戸籍・住民票 証明書の発行 印鑑登録 住基・マイナンバー制度 パスポート 税金 税に関するお知らせ 税の種類 税の郵送請求・各種証明 住まい・ごみ・環境 移住・定住支援 住まい・町営住宅 ケーブルテレビ ごみ・リサイクル 水
18	美郷町	戸籍証明手数料	https://www.town.miyazaki-misato.lg.jp/kiji003165/index.html	戸籍証明手数料 / 宮崎県美郷町ホームページ ヘッダーをスキップ 本文へジャンプ Foreign Language English 中文(简化字) 中文(繁體字) 한국어 日本語 アクセシビリティ グローバルナビゲーションをスキップ くらし・手続き・生活環境 福祉・保健・子育て 教育・文化 入札・契約・産業・就労・事業 イベント・観光 行政情報 新型コロナウイルス感染症 町の状況、お知らせ 個人向け支援情報 事業者向け支援情報 感染予防対策 イベント・行事の状況 相談窓口 届出・登録・証明 戸籍・住民票 証明書の発行 印鑑登録 住基・マイナンバー制度 パスポート 税金 税に関するお知らせ 税の種類 税の郵送請求・各種証明 住まい・ごみ・環境 移住・定住支援 住まい・町営住宅 ケーブルテレビ ごみ・リサイクル 水
18	美郷町	森林環境税（国税）について（令和6年度から）	https://www.town.miyazaki-misato.lg.jp/kiji0031039/index.html	森林環境税（国税）について（令和6年度から） / 宮崎県美郷町ホームページ ヘッダーをスキップ 本文へジャンプ Foreign Language English 中文(简化字) 中文(繁體字) 한국어 日本語 アクセシビリティ グローバルナビゲーションをスキップ くらし・手続き・生活環境 福祉・保健・子育て 教育・文化 入札・契約・産業・就労・事業 イベント・観光 行政情報 新型コロナウイルス感染症 町の状況、お知らせ 個人向け支援情報 事業者向け支援情報 感染予防対策 イベント・行事の状況 相談窓口 届出・登録・証明 戸籍・住民票 証明書の発行 印鑑登録 住基・マイナンバー制度 パスポート 税金 税に関するお知らせ 税の種類 税の郵送請求・各種証明 住まい・ごみ・環境 移住・定住支援 住まい・町営住宅 ケーブ
18	美郷町	法人町民税	https://www.town.miyazaki-misato.lg.jp/kiji00370/index.html	法人町民税 / 宮崎県美郷町ホームページ ヘッダーをスキップ 本文へジャンプ Foreign Language English 中文(简化字) 中文(繁體字) 한국어 日本語 アクセシビリティ グローバルナビゲーションをスキップ くらし・手続き・生活環境 福祉・保健・子育て 教育・文化 入札・契約・産業・就労・事業 イベント・観光 行政情報 新型コロナウイルス感染症 町の状況、お知らせ 個人向け支援情報 事業者向け支援情報 感染予防対策 イベント・行事の状況 相談窓口 届出・登録・証明 戸籍・住民票 証明書の発行 印鑑登録 住基・マイナンバー制度 パスポート 税金 税に関するお知らせ 税の種類 税の郵送請求・各種証明 住まい・ごみ・環境 移住・定住支援 住まい・町営住宅 ケーブルテレビ ごみ・リサイクル 水道・
18	美郷町	税証明書等の手数料・郵送請求	https://www.town.miyazaki-misato.lg.jp/kiji00372/index.html	税証明書等の手数料・郵送請求 / 宮崎県美郷町ホームページ ヘッダーをスキップ 本文へジャンプ Foreign Language English 中文(简化字) 中文(繁體字) 한국어 日本語 アクセシビリティ グローバルナビゲーションをスキップ くらし・手続き・生活環境 福祉・保健・子育て 教育・文化 入札・契約・産業・就労・事業 イベント・観光 行政情報 新型コロナウイルス感染症 町の状況、お知らせ 個人向け支援情報 事業者向け支援情報 感染予防対策 イベント・行事の状況 相談窓口 届出・登録・証明 戸籍・住民票 証明書の発行 印鑑登録 住基・マイナンバー制度 パスポート 税金 税に関するお知らせ 税の種類 税の郵送請求・各種証明 住まい・ごみ・環境 移住・定住支援 住まい・町営住宅 ケーブルテレビ ごみ・
18	美郷町	美郷町「北郷黒木地区」宅地分譲募集について	https://www.town.miyazaki-misato.lg.jp/kiji003589/index.html	美郷町「北郷黒木地区」宅地分譲募集について / 宮崎県美郷町ホームページ ヘッダーをスキップ 本文へジャンプ Foreign Language English 中文(简化字) 中文(繁體字) 한국어 日本語 アクセシビリティ グローバルナビゲーションをスキップ くらし・手続き・生活環境 福祉・保健・子育て 教育・文化 入札・契約・産業・就労・事業 イベント・観光 行政情報 新型コロナウイルス感染症 町の状況、お知らせ 個人向け支援情報 事業者向け支援情報 感染予防対策 イベント・行事の状況 相談窓口 届出・登録・証明 戸籍・住民票 証明書の発行 印鑑登録 住基・マイナンバー制度 パスポート 税金 税に関するお知らせ 税の種類 税の郵送請求・各種証明 住まい・ごみ・環境 移住・定住支援 住まい・町営住宅 ケーブル
18	美郷町	ケーブルテレビの解約について	https://www.town.miyazaki-misato.lg.jp/kiji0031099/index.html	ケーブルテレビの解約について / 宮崎県美郷町ホームページ ヘッダーをスキップ 本文へジャンプ Foreign Language English 中文(简化字) 中文(繁體字) 한국어 日本語 アクセシビリティ グローバルナビゲーションをスキップ くらし・手続き・生活環境 福祉・保健・子育て 教育・文化 入札・契約・産業・就労・事業 イベント・観光 行政情報 新型コロナウイルス感染症 町の状況、お知らせ 個人向け支援情報 事業者向け支援情報 感染予防対策 イベント・行事の状況 相談窓口 届出・登録・証明 戸籍・住民票 証明書の発行 印鑑登録 住基・マイナンバー制度 パスポート 税金 税に関するお知らせ 税の種類 税の郵送請求・各種証明 住まい・ごみ・環境 移住・定住支援 住まい・町営住宅 ケーブルテレビ ごみ・
18	美郷町	ケーブルテレビサービス内容について	https://www.town.miyazaki-misato.lg.jp/kiji00351/index.html	ケーブルテレビサービス内容について / 宮崎県美郷町ホームページ ヘッダーをスキップ 本文へジャンプ Foreign Language English 中文(简化字) 中文(繁體字) 한국어 日本語 アクセシビリティ グローバルナビゲーションをスキップ くらし・手続き・生活環境 福祉・保健・子育て 教育・文化 入札・契約・産業・就労・事業 イベント・観光 行政情報 新型コロナウイルス感染症 町の状況、お知らせ 個人向け支援情報 事業者向け支援情報 感染予防対策 イベント・行事の状況 相談窓口 届出・登録・証明 戸籍・住民票 証明書の発行 印鑑登録 住基・マイナンバー制度 パスポート 税金 税に関するお知らせ 税の種類 税の郵送請求・各種証明 住まい・ごみ・環境 移住・定住支援 住まい・町営住宅 ケーブルテレビ
18	美郷町	サービス開始に必要な各種工事について	https://www.town.miyazaki-misato.lg.jp/kiji00357/index.html	サービス開始に必要な各種工事について / 宮崎県美郷町ホームページ ヘッダーをスキップ 本文へジャンプ Foreign Language English 中文(简化字) 中文(繁體字) 한국어 日本語 アクセシビリティ グローバルナビゲーションをスキップ くらし・手続き・生活環境 福祉・保健・子育て 教育・文化 入札・契約・産業・就労・事業 イベント・観光 行政情報 新型コロナウイルス感染症 町の状況、お知らせ 個人向け支援情報 事業者向け支援情報 感染予防対策 イベント・行事の状況 相談窓口 届出・登録・証明 戸籍・住民票 証明書の発行 印鑑登録 住基・マイナンバー制度 パスポート 税金 税に関するお知らせ 税の種類 税の郵送請求・各種証明 住まい・ごみ・環境 移住・定住支援 住まい・町営住宅 ケーブルテレビ
18	美郷町	ごみ及び資源物の分別方法	https://www.town.miyazaki-misato.lg.jp/kiji003161/index.html	ごみ及び資源物の分別方法 / 宮崎県美郷町ホームページ ヘッダーをスキップ 本文へジャンプ Foreign Language English 中文(简化字) 中文(繁體字) 한국어 日本語 アクセシビリティ グローバルナビゲーションをスキップ くらし・手続き・生活環境 福祉・保健・子育て 教育・文化 入札・契約・産業・就労・事業 イベント・観光 行政情報 新型コロナウイルス感染症 町の状況、お知らせ 個人向け支援情報 事業者向け支援情報 感染予防対策 イベント・行事の状況 相談窓口 届出・登録・証明 戸籍・住民票 証明書の発行 印鑑登録 住基・マイナンバー制度 パスポート 税金 税に関するお知らせ 税の種類 税の郵送請求・各種証明 住まい・ごみ・環境 移住・定住支援 住まい・町営住宅 ケーブルテレビ ごみ・リサ
18	美郷町	簡易水道・農集排の工事費負担区分が変わります	https://www.town.miyazaki-misato.lg.jp/kiji0031248/index.html	簡易水道・農集排の工事費負担区分が変わります / 宮崎県美郷町ホームページ ヘッダーをスキップ 本文へジャンプ Foreign Language English 中文(简化字) 中文(繁體字) 한국어 日本語 アクセシビリティ グローバルナビゲーションをスキップ くらし・手続き・生活環境 福祉・保健・子育て 教育・文化 入札・契約・産業・就労・事業 イベント・観光 行政情報 新型コロナウイルス感染症 町の状況、お知らせ 個人向け支援情報 事業者向け支援情報 感染予防対策 イベント・行事の状況 相談窓口 届出・登録・証明 戸籍・住民票 証明書の発行 印鑑登録 住基・マイナンバー制度 パスポート 税金 税に関するお知らせ 税の種類 税の郵送請求・各種証明 住まい・ごみ・環境 移住・定住支援 住まい・町営住宅 ケーブ
18	美郷町	美郷町公営企業経営健全化計画	https://www.town.miyazaki-misato.lg.jp/kiji003160/index.html	美郷町公営企業経営健全化計画 / 宮崎県美郷町ホームページ ヘッダーをスキップ 本文へジャンプ Foreign Language English 中文(简化字) 中文(繁體字) 한국어 日本語 アクセシビリティ グローバルナビゲーションをスキップ くらし・手続き・生活環境 福祉・保健・子育て 教育・文化 入札・契約・産業・就労・事業 イベント・観光 行政情報 新型コロナウイルス感染症 町の状況、お知らせ 個人向け支援情報 事業者向け支援情報 感染予防対策 イベント・行事の状況 相談窓口 届出・登録・証明 戸籍・住民票 証明書の発行 印鑑登録 住基・マイナンバー制度 パスポート 税金 税に関するお知らせ 税の種類 税の郵送請求・各種証明 住まい・ごみ・環境 移住・定住支援 住まい・町営住宅 ケーブルテレビ ごみ・
18	美郷町	どうぶつ基金「さくらねこ無料不妊手術事業（行政枠）」について	https://www.town.miyazaki-misato.lg.jp/kiji003756/index.html	どうぶつ基金「さくらねこ無料不妊手術事業（行政枠）」について / 宮崎県美郷町ホームページ ヘッダーをスキップ 本文へジャンプ Foreign Language English 中文(简化字) 中文(繁體字) 한국어 日本語 アクセシビリティ グローバルナビゲーションをスキップ くらし・手続き・生活環境 福祉・保健・子育て 教育・文化 入札・契約・産業・就労・事業 イベント・観光 行政情報 新型コロナウイルス感染症 町の状況、お知らせ 個人向け支援情報 事業者向け支援情報 感染予防対策 イベント・行事の状況 相談窓口 届出・登録・証明 戸籍・住民票 証明書の発行 印鑑登録 住基・マイナンバー制度 パスポート 税金 税に関するお知らせ 税の種類 税の郵送請求・各種証明 住まい・ごみ・環境 移住・定住支援 住まい・
18	美郷町	犬の登録と予防注射	https://www.town.miyazaki-misato.lg.jp/kiji003146/index.html	犬の登録と予防注射 / 宮崎県美郷町ホームページ ヘッダーをスキップ 本文へジャンプ Foreign Language English 中文(简化字) 中文(繁體字) 한국어 日本語 アクセシビリティ グローバルナビゲーションをスキップ くらし・手続き・生活環境 福祉・保健・子育て 教育・文化 入札・契約・産業・就労・事業 イベント・観光 行政情報 新型コロナウイルス感染症 町の状況、お知らせ 個人向け支援情報 事業者向け支援情報 感染予防対策 イベント・行事の状況 相談窓口 届出・登録・証明 戸籍・住民票 証明書の発行 印鑑登録 住基・マイナンバー制度 パスポート 税金 税に関するお知らせ 税の種類 税の郵送請求・各種証明 住まい・ごみ・環境 移住・定住支援 住まい・町営住宅 ケーブルテレビ ごみ・リサイクル
18	美郷町	公益財団法人 日弁連交通事故相談センター宮崎県支部からの御案内	https://www.town.miyazaki-misato.lg.jp/kiji003914/index.html	公益財団法人 日弁連交通事故相談センター宮崎県支部からの御案内 / 宮崎県美郷町ホームページ ヘッダーをスキップ 本文へジャンプ Foreign Language English 中文(简化字) 中文(繁體字) 한국어 日本語 アクセシビリティ グローバルナビゲーションをスキップ くらし・手続き・生活環境 福祉・保健・子育て 教育・文化 入札・契約・産業・就労・事業 イベント・観光 行政情報 新型コロナウイルス感染症 町の状況、お知らせ 個人向け支援情報 事業者向け支援情報 感染予防対策 イベント・行事の状況 相談窓口 届出・登録・証明 戸籍・住民票 証明書の発行 印鑑登録 住基・マイナンバー制度 パスポート 税金 税に関するお知らせ 税の種類 税の郵送請求・各種証明 住まい・ごみ・環境 移住・定住支援 住まい
18	美郷町	道路緊急ダイヤル【＃9910】について	https://www.town.miyazaki-misato.lg.jp/kiji0031263/index.html	道路緊急ダイヤル【＃9910】について / 宮崎県美郷町ホームページ ヘッダーをスキップ 本文へジャンプ Foreign Language English 中文(简化字) 中文(繁體字) 한국어 日本語 アクセシビリティ グローバルナビゲーションをスキップ くらし・手続き・生活環境 福祉・保健・子育て 教育・文化 入札・契約・産業・就労・事業 イベント・観光 行政情報 新型コロナウイルス感染症 町の状況、お知らせ 個人向け支援情報 事業者向け支援情報 感染予防対策 イベント・行事の状況 相談窓口 届出・登録・証明 戸籍・住民票 証明書の発行 印鑑登録 住基・マイナンバー制度 パスポート 税金 税に関するお知らせ 税の種類 税の郵送請求・各種証明 住まい・ごみ・環境 移住・定住支援 住まい・町営住宅 ケーブルテレ
18	美郷町	産後ケア事業	https://www.town.miyazaki-misato.lg.jp/kiji003856/index.html	産後ケア事業 / 宮崎県美郷町ホームページ ヘッダーをスキップ 本文へジャンプ Foreign Language English 中文(简化字) 中文(繁體字) 한국어 日本語 アクセシビリティ グローバルナビゲーションをスキップ くらし・手続き・生活環境 福祉・保健・子育て 教育・文化 入札・契約・産業・就労・事業 イベント・観光 行政情報 新型コロナウイルス感染症 町の状況、お知らせ 個人向け支援情報 事業者向け支援情報 感染予防対策 イベント・行事の状況 相談窓口 届出・登録・証明 戸籍・住民票 証明書の発行 印鑑登録 住基・マイナンバー制度 パスポート 税金 税に関するお知らせ 税の種類 税の郵送請求・各種証明 住まい・ごみ・環境 移住・定住支援 住まい・町営住宅 ケーブルテレビ ごみ・リサイクル 水道
18	美郷町	健康診査・検診	https://www.town.miyazaki-misato.lg.jp/kiji003135/index.html	健康診査・検診 / 宮崎県美郷町ホームページ ヘッダーをスキップ 本文へジャンプ Foreign Language English 中文(简化字) 中文(繁體字) 한국어 日本語 アクセシビリティ グローバルナビゲーションをスキップ くらし・手続き・生活環境 福祉・保健・子育て 教育・文化 入札・契約・産業・就労・事業 イベント・観光 行政情報 新型コロナウイルス感染症 町の状況、お知らせ 個人向け支援情報 事業者向け支援情報 感染予防対策 イベント・行事の状況 相談窓口 届出・登録・証明 戸籍・住民票 証明書の発行 印鑑登録 住基・マイナンバー制度 パスポート 税金 税に関するお知らせ 税の種類 税の郵送請求・各種証明 住まい・ごみ・環境 移住・定住支援 住まい・町営住宅 ケーブルテレビ ごみ・リサイクル 水
18	美郷町	西郷病院	https://www.town.miyazaki-misato.lg.jp/kiji00353/index.html	西郷病院 / 宮崎県美郷町ホームページ ヘッダーをスキップ 本文へジャンプ Foreign Language English 中文(简化字) 中文(繁體字) 한국어 日本語 アクセシビリティ グローバルナビゲーションをスキップ くらし・手続き・生活環境 福祉・保健・子育て 教育・文化 入札・契約・産業・就労・事業 イベント・観光 行政情報 新型コロナウイルス感染症 町の状況、お知らせ 個人向け支援情報 事業者向け支援情報 感染予防対策 イベント・行事の状況 相談窓口 届出・登録・証明 戸籍・住民票 証明書の発行 印鑑登録 住基・マイナンバー制度 パスポート 税金 税に関するお知らせ 税の種類 税の郵送請求・各種証明 住まい・ごみ・環境 移住・定住支援 住まい・町営住宅 ケーブルテレビ ごみ・リサイクル 水道・集
18	美郷町	休日及び時間外の対応について	https://www.town.miyazaki-misato.lg.jp/kiji003170/index.html	休日及び時間外の対応について / 宮崎県美郷町ホームページ ヘッダーをスキップ 本文へジャンプ Foreign Language English 中文(简化字) 中文(繁體字) 한국어 日本語 アクセシビリティ グローバルナビゲーションをスキップ くらし・手続き・生活環境 福祉・保健・子育て 教育・文化 入札・契約・産業・就労・事業 イベント・観光 行政情報 新型コロナウイルス感染症 町の状況、お知らせ 個人向け支援情報 事業者向け支援情報 感染予防対策 イベント・行事の状況 相談窓口 届出・登録・証明 戸籍・住民票 証明書の発行 印鑑登録 住基・マイナンバー制度 パスポート 税金 税に関するお知らせ 税の種類 税の郵送請求・各種証明 住まい・ごみ・環境 移住・定住支援 住まい・町営住宅 ケーブルテレビ ごみ・
18	美郷町	国保で入院される方や医療費が高額になる方の手続き	https://www.town.miyazaki-misato.lg.jp/kiji003152/index.html	国保で入院される方や医療費が高額になる方の手続き / 宮崎県美郷町ホームページ ヘッダーをスキップ 本文へジャンプ Foreign Language English 中文(简化字) 中文(繁體字) 한국어 日本語 アクセシビリティ グローバルナビゲーションをスキップ くらし・手続き・生活環境 福祉・保健・子育て 教育・文化 入札・契約・産業・就労・事業 イベント・観光 行政情報 新型コロナウイルス感染症 町の状況、お知らせ 個人向け支援情報 事業者向け支援情報 感染予防対策 イベント・行事の状況 相談窓口 届出・登録・証明 戸籍・住民票 証明書の発行 印鑑登録 住基・マイナンバー制度 パスポート 税金 税に関するお知らせ 税の種類 税の郵送請求・各種証明 住まい・ごみ・環境 移住・定住支援 住まい・町営住宅 ケ
18	美郷町	高額療養費	https://www.town.miyazaki-misato.lg.jp/kiji003941/index.html	高額療養費 / 宮崎県美郷町ホームページ ヘッダーをスキップ 本文へジャンプ Foreign Language English 中文(简化字) 中文(繁體字) 한국어 日本語 アクセシビリティ グローバルナビゲーションをスキップ くらし・手続き・生活環境 福祉・保健・子育て 教育・文化 入札・契約・産業・就労・事業 イベント・観光 行政情報 新型コロナウイルス感染症 町の状況、お知らせ 個人向け支援情報 事業者向け支援情報 感染予防対策 イベント・行事の状況 相談窓口 届出・登録・証明 戸籍・住民票 証明書の発行 印鑑登録 住基・マイナンバー制度 パスポート 税金 税に関するお知らせ 税の種類 税の郵送請求・各種証明 住まい・ごみ・環境 移住・定住支援 住まい・町営住宅 ケーブルテレビ ごみ・リサイクル 水道・
18	美郷町	出産育児一時金の支給	https://www.town.miyazaki-misato.lg.jp/kiji003154/index.html	出産育児一時金の支給 / 宮崎県美郷町ホームページ ヘッダーをスキップ 本文へジャンプ Foreign Language English 中文(简化字) 中文(繁體字) 한국어 日本語 アクセシビリティ グローバルナビゲーションをスキップ くらし・手続き・生活環境 福祉・保健・子育て 教育・文化 入札・契約・産業・就労・事業 イベント・観光 行政情報 新型コロナウイルス感染症 町の状況、お知らせ 個人向け支援情報 事業者向け支援情報 感染予防対策 イベント・行事の状況 相談窓口 届出・登録・証明 戸籍・住民票 証明書の発行 印鑑登録 住基・マイナンバー制度 パスポート 税金 税に関するお知らせ 税の種類 税の郵送請求・各種証明 住まい・ごみ・環境 移住・定住支援 住まい・町営住宅 ケーブルテレビ ごみ・リサイク
18	美郷町	国民健康保険制度について	https://www.town.miyazaki-misato.lg.jp/kiji003150/index.html	国民健康保険制度について / 宮崎県美郷町ホームページ ヘッダーをスキップ 本文へジャンプ Foreign Language English 中文(简化字) 中文(繁體字) 한국어 日本語 アクセシビリティ グローバルナビゲーションをスキップ くらし・手続き・生活環境 福祉・保健・子育て 教育・文化 入札・契約・産業・就労・事業 イベント・観光 行政情報 新型コロナウイルス感染症 町の状況、お知らせ 個人向け支援情報 事業者向け支援情報 感染予防対策 イベント・行事の状況 相談窓口 届出・登録・証明 戸籍・住民票 証明書の発行 印鑑登録 住基・マイナンバー制度 パスポート 税金 税に関するお知らせ 税の種類 税の郵送請求・各種証明 住まい・ごみ・環境 移住・定住支援 住まい・町営住宅 ケーブルテレビ ごみ・リサ
18	美郷町	療養費の支給	https://www.town.miyazaki-misato.lg.jp/kiji003297/index.html	療養費の支給 / 宮崎県美郷町ホームページ ヘッダーをスキップ 本文へジャンプ Foreign Language English 中文(简化字) 中文(繁體字) 한국어 日本語 アクセシビリティ グローバルナビゲーションをスキップ くらし・手続き・生活環境 福祉・保健・子育て 教育・文化 入札・契約・産業・就労・事業 イベント・観光 行政情報 新型コロナウイルス感染症 町の状況、お知らせ 個人向け支援情報 事業者向け支援情報 感染予防対策 イベント・行事の状況 相談窓口 届出・登録・証明 戸籍・住民票 証明書の発行 印鑑登録 住基・マイナンバー制度 パスポート 税金 税に関するお知らせ 税の種類 税の郵送請求・各種証明 住まい・ごみ・環境 移住・定住支援 住まい・町営住宅 ケーブルテレビ ごみ・リサイクル 水道
18	美郷町	葬祭費の支給	https://www.town.miyazaki-misato.lg.jp/kiji003155/index.html	葬祭費の支給 / 宮崎県美郷町ホームページ ヘッダーをスキップ 本文へジャンプ Foreign Language English 中文(简化字) 中文(繁體字) 한국어 日本語 アクセシビリティ グローバルナビゲーションをスキップ くらし・手続き・生活環境 福祉・保健・子育て 教育・文化 入札・契約・産業・就労・事業 イベント・観光 行政情報 新型コロナウイルス感染症 町の状況、お知らせ 個人向け支援情報 事業者向け支援情報 感染予防対策 イベント・行事の状況 相談窓口 届出・登録・証明 戸籍・住民票 証明書の発行 印鑑登録 住基・マイナンバー制度 パスポート 税金 税に関するお知らせ 税の種類 税の郵送請求・各種証明 住まい・ごみ・環境 移住・定住支援 住まい・町営住宅 ケーブルテレビ ごみ・リサイクル 水道
18	美郷町	介護サービス利用申請書様式集	https://www.town.miyazaki-misato.lg.jp/kiji003107/index.html	介護サービス利用申請書様式集 / 宮崎県美郷町ホームページ ヘッダーをスキップ 本文へジャンプ Foreign Language English 中文(简化字) 中文(繁體字) 한국어 日本語 アクセシビリティ グローバルナビゲーションをスキップ くらし・手続き・生活環境 福祉・保健・子育て 教育・文化 入札・契約・産業・就労・事業 イベント・観光 行政情報 新型コロナウイルス感染症 町の状況、お知らせ 個人向け支援情報 事業者向け支援情報 感染予防対策 イベント・行事の状況 相談窓口 届出・登録・証明 戸籍・住民票 証明書の発行 印鑑登録 住基・マイナンバー制度 パスポート 税金 税に関するお知らせ 税の種類 税の郵送請求・各種証明 住まい・ごみ・環境 移住・定住支援 住まい・町営住宅 ケーブルテレビ ごみ・
18	美郷町	介護保険料	https://www.town.miyazaki-misato.lg.jp/kiji003106/index.html	介護保険料 / 宮崎県美郷町ホームページ ヘッダーをスキップ 本文へジャンプ Foreign Language English 中文(简化字) 中文(繁體字) 한국어 日本語 アクセシビリティ グローバルナビゲーションをスキップ くらし・手続き・生活環境 福祉・保健・子育て 教育・文化 入札・契約・産業・就労・事業 イベント・観光 行政情報 新型コロナウイルス感染症 町の状況、お知らせ 個人向け支援情報 事業者向け支援情報 感染予防対策 イベント・行事の状況 相談窓口 届出・登録・証明 戸籍・住民票 証明書の発行 印鑑登録 住基・マイナンバー制度 パスポート 税金 税に関するお知らせ 税の種類 税の郵送請求・各種証明 住まい・ごみ・環境 移住・定住支援 住まい・町営住宅 ケーブルテレビ ごみ・リサイクル 水道・
18	美郷町	配食サ-ビス事業	https://www.town.miyazaki-misato.lg.jp/kiji003130/index.html	配食サ-ビス事業 / 宮崎県美郷町ホームページ ヘッダーをスキップ 本文へジャンプ Foreign Language English 中文(简化字) 中文(繁體字) 한국어 日本語 アクセシビリティ グローバルナビゲーションをスキップ くらし・手続き・生活環境 福祉・保健・子育て 教育・文化 入札・契約・産業・就労・事業 イベント・観光 行政情報 新型コロナウイルス感染症 町の状況、お知らせ 個人向け支援情報 事業者向け支援情報 感染予防対策 イベント・行事の状況 相談窓口 届出・登録・証明 戸籍・住民票 証明書の発行 印鑑登録 住基・マイナンバー制度 パスポート 税金 税に関するお知らせ 税の種類 税の郵送請求・各種証明 住まい・ごみ・環境 移住・定住支援 住まい・町営住宅 ケーブルテレビ ごみ・リサイクル
18	美郷町	DV等相談窓口（女性支援）について	https://www.town.miyazaki-misato.lg.jp/kiji003926/index.html	DV等相談窓口（女性支援）について / 宮崎県美郷町ホームページ ヘッダーをスキップ 本文へジャンプ Foreign Language English 中文(简化字) 中文(繁體字) 한국어 日本語 アクセシビリティ グローバルナビゲーションをスキップ くらし・手続き・生活環境 福祉・保健・子育て 教育・文化 入札・契約・産業・就労・事業 イベント・観光 行政情報 新型コロナウイルス感染症 町の状況、お知らせ 個人向け支援情報 事業者向け支援情報 感染予防対策 イベント・行事の状況 相談窓口 届出・登録・証明 戸籍・住民票 証明書の発行 印鑑登録 住基・マイナンバー制度 パスポート 税金 税に関するお知らせ 税の種類 税の郵送請求・各種証明 住まい・ごみ・環境 移住・定住支援 住まい・町営住宅 ケーブルテレビ
18	美郷町	指名競争入札参加資格及び指名基準	https://www.town.miyazaki-misato.lg.jp/kiji0031053/index.html	指名競争入札参加資格及び指名基準 / 宮崎県美郷町ホームページ ヘッダーをスキップ 本文へジャンプ Foreign Language English 中文(简化字) 中文(繁體字) 한국어 日本語 アクセシビリティ グローバルナビゲーションをスキップ くらし・手続き・生活環境 福祉・保健・子育て 教育・文化 入札・契約・産業・就労・事業 イベント・観光 行政情報 新型コロナウイルス感染症 町の状況、お知らせ 個人向け支援情報 事業者向け支援情報 感染予防対策 イベント・行事の状況 相談窓口 届出・登録・証明 戸籍・住民票 証明書の発行 印鑑登録 住基・マイナンバー制度 パスポート 税金 税に関するお知らせ 税の種類 税の郵送請求・各種証明 住まい・ごみ・環境 移住・定住支援 住まい・町営住宅 ケーブルテレビ ご
18	美郷町	相続等により農地を取得した場合の届出について	https://www.town.miyazaki-misato.lg.jp/kiji003198/index.html	相続等により農地を取得した場合の届出について / 宮崎県美郷町ホームページ ヘッダーをスキップ 本文へジャンプ Foreign Language English 中文(简化字) 中文(繁體字) 한국어 日本語 アクセシビリティ グローバルナビゲーションをスキップ くらし・手続き・生活環境 福祉・保健・子育て 教育・文化 入札・契約・産業・就労・事業 イベント・観光 行政情報 新型コロナウイルス感染症 町の状況、お知らせ 個人向け支援情報 事業者向け支援情報 感染予防対策 イベント・行事の状況 相談窓口 届出・登録・証明 戸籍・住民票 証明書の発行 印鑑登録 住基・マイナンバー制度 パスポート 税金 税に関するお知らせ 税の種類 税の郵送請求・各種証明 住まい・ごみ・環境 移住・定住支援 住まい・町営住宅 ケーブ
18	美郷町	御田祭	https://www.town.miyazaki-misato.lg.jp/kiji00377/index.html	御田祭 / 宮崎県美郷町ホームページ ヘッダーをスキップ 本文へジャンプ Foreign Language English 中文(简化字) 中文(繁體字) 한국어 日本語 アクセシビリティ グローバルナビゲーションをスキップ くらし・手続き・生活環境 福祉・保健・子育て 教育・文化 入札・契約・産業・就労・事業 イベント・観光 行政情報 新型コロナウイルス感染症 町の状況、お知らせ 個人向け支援情報 事業者向け支援情報 感染予防対策 イベント・行事の状況 相談窓口 届出・登録・証明 戸籍・住民票 証明書の発行 印鑑登録 住基・マイナンバー制度 パスポート 税金 税に関するお知らせ 税の種類 税の郵送請求・各種証明 住まい・ごみ・環境 移住・定住支援 住まい・町営住宅 ケーブルテレビ ごみ・リサイクル 水道・集落
18	美郷町	西の正倉院	https://www.town.miyazaki-misato.lg.jp/kiji003412/index.html	西の正倉院 / 宮崎県美郷町ホームページ ヘッダーをスキップ 本文へジャンプ Foreign Language English 中文(简化字) 中文(繁體字) 한국어 日本語 アクセシビリティ グローバルナビゲーションをスキップ くらし・手続き・生活環境 福祉・保健・子育て 教育・文化 入札・契約・産業・就労・事業 イベント・観光 行政情報 新型コロナウイルス感染症 町の状況、お知らせ 個人向け支援情報 事業者向け支援情報 感染予防対策 イベント・行事の状況 相談窓口 届出・登録・証明 戸籍・住民票 証明書の発行 印鑑登録 住基・マイナンバー制度 パスポート 税金 税に関するお知らせ 税の種類 税の郵送請求・各種証明 住まい・ごみ・環境 移住・定住支援 住まい・町営住宅 ケーブルテレビ ごみ・リサイクル 水道・
18	美郷町	鬼神野 溶岩渓谷	https://www.town.miyazaki-misato.lg.jp/kiji00386/index.html	鬼神野 溶岩渓谷 / 宮崎県美郷町ホームページ ヘッダーをスキップ 本文へジャンプ Foreign Language English 中文(简化字) 中文(繁體字) 한국어 日本語 アクセシビリティ グローバルナビゲーションをスキップ くらし・手続き・生活環境 福祉・保健・子育て 教育・文化 入札・契約・産業・就労・事業 イベント・観光 行政情報 新型コロナウイルス感染症 町の状況、お知らせ 個人向け支援情報 事業者向け支援情報 感染予防対策 イベント・行事の状況 相談窓口 届出・登録・証明 戸籍・住民票 証明書の発行 印鑑登録 住基・マイナンバー制度 パスポート 税金 税に関するお知らせ 税の種類 税の郵送請求・各種証明 住まい・ごみ・環境 移住・定住支援 住まい・町営住宅 ケーブルテレビ ごみ・リサイクル
18	美郷町	中小屋天文台「昴ドーム」	https://www.town.miyazaki-misato.lg.jp/kiji003268/index.html	中小屋天文台「昴ドーム」 / 宮崎県美郷町ホームページ ヘッダーをスキップ 本文へジャンプ Foreign Language English 中文(简化字) 中文(繁體字) 한국어 日本語 アクセシビリティ グローバルナビゲーションをスキップ くらし・手続き・生活環境 福祉・保健・子育て 教育・文化 入札・契約・産業・就労・事業 イベント・観光 行政情報 新型コロナウイルス感染症 町の状況、お知らせ 個人向け支援情報 事業者向け支援情報 感染予防対策 イベント・行事の状況 相談窓口 届出・登録・証明 戸籍・住民票 証明書の発行 印鑑登録 住基・マイナンバー制度 パスポート 税金 税に関するお知らせ 税の種類 税の郵送請求・各種証明 住まい・ごみ・環境 移住・定住支援 住まい・町営住宅 ケーブルテレビ ごみ・リサ
18	美郷町	食事処「西郷地区」	https://www.town.miyazaki-misato.lg.jp/kiji003225/index.html	食事処「西郷地区」 / 宮崎県美郷町ホームページ ヘッダーをスキップ 本文へジャンプ Foreign Language English 中文(简化字) 中文(繁體字) 한국어 日本語 アクセシビリティ グローバルナビゲーションをスキップ くらし・手続き・生活環境 福祉・保健・子育て 教育・文化 入札・契約・産業・就労・事業 イベント・観光 行政情報 新型コロナウイルス感染症 町の状況、お知らせ 個人向け支援情報 事業者向け支援情報 感染予防対策 イベント・行事の状況 相談窓口 届出・登録・証明 戸籍・住民票 証明書の発行 印鑑登録 住基・マイナンバー制度 パスポート 税金 税に関するお知らせ 税の種類 税の郵送請求・各種証明 住まい・ごみ・環境 移住・定住支援 住まい・町営住宅 ケーブルテレビ ごみ・リサイクル
18	美郷町	水清谷（みずしだに）ふるさと村オートキャンプ場	https://www.town.miyazaki-misato.lg.jp/kiji00397/index.html	水清谷（みずしだに）ふるさと村オートキャンプ場 / 宮崎県美郷町ホームページ ヘッダーをスキップ 本文へジャンプ Foreign Language English 中文(简化字) 中文(繁體字) 한국어 日本語 アクセシビリティ グローバルナビゲーションをスキップ くらし・手続き・生活環境 福祉・保健・子育て 教育・文化 入札・契約・産業・就労・事業 イベント・観光 行政情報 新型コロナウイルス感染症 町の状況、お知らせ 個人向け支援情報 事業者向け支援情報 感染予防対策 イベント・行事の状況 相談窓口 届出・登録・証明 戸籍・住民票 証明書の発行 印鑑登録 住基・マイナンバー制度 パスポート 税金 税に関するお知らせ 税の種類 税の郵送請求・各種証明 住まい・ごみ・環境 移住・定住支援 住まい・町営住宅 ケー
18	美郷町	南郷温泉どんタロの湯	https://www.town.miyazaki-misato.lg.jp/kiji00350/index.html	南郷温泉どんタロの湯 / 宮崎県美郷町ホームページ ヘッダーをスキップ 本文へジャンプ Foreign Language English 中文(简化字) 中文(繁體字) 한국어 日本語 アクセシビリティ グローバルナビゲーションをスキップ くらし・手続き・生活環境 福祉・保健・子育て 教育・文化 入札・契約・産業・就労・事業 イベント・観光 行政情報 新型コロナウイルス感染症 町の状況、お知らせ 個人向け支援情報 事業者向け支援情報 感染予防対策 イベント・行事の状況 相談窓口 届出・登録・証明 戸籍・住民票 証明書の発行 印鑑登録 住基・マイナンバー制度 パスポート 税金 税に関するお知らせ 税の種類 税の郵送請求・各種証明 住まい・ごみ・環境 移住・定住支援 住まい・町営住宅 ケーブルテレビ ごみ・リサイク
18	美郷町	美郷町ふるさと応援寄附金（ふるさと納税）	https://www.town.miyazaki-misato.lg.jp/kiji00365/index.html	美郷町ふるさと応援寄附金（ふるさと納税） / 宮崎県美郷町ホームページ ヘッダーをスキップ 本文へジャンプ Foreign Language English 中文(简化字) 中文(繁體字) 한국어 日本語 アクセシビリティ グローバルナビゲーションをスキップ くらし・手続き・生活環境 福祉・保健・子育て 教育・文化 入札・契約・産業・就労・事業 イベント・観光 行政情報 新型コロナウイルス感染症 町の状況、お知らせ 個人向け支援情報 事業者向け支援情報 感染予防対策 イベント・行事の状況 相談窓口 届出・登録・証明 戸籍・住民票 証明書の発行 印鑑登録 住基・マイナンバー制度 パスポート 税金 税に関するお知らせ 税の種類 税の郵送請求・各種証明 住まい・ごみ・環境 移住・定住支援 住まい・町営住宅 ケーブルテ
18	美郷町	企業版ふるさと納税（地方創生応援税制）を活用した支援企業を募集しています！	https://www.town.miyazaki-misato.lg.jp/kiji003286/index.html	企業版ふるさと納税（地方創生応援税制）を活用した支援企業を募集しています！ / 宮崎県美郷町ホームページ ヘッダーをスキップ 本文へジャンプ Foreign Language English 中文(简化字) 中文(繁體字) 한국어 日本語 アクセシビリティ グローバルナビゲーションをスキップ くらし・手続き・生活環境 福祉・保健・子育て 教育・文化 入札・契約・産業・就労・事業 イベント・観光 行政情報 新型コロナウイルス感染症 町の状況、お知らせ 個人向け支援情報 事業者向け支援情報 感染予防対策 イベント・行事の状況 相談窓口 届出・登録・証明 戸籍・住民票 証明書の発行 印鑑登録 住基・マイナンバー制度 パスポート 税金 税に関するお知らせ 税の種類 税の郵送請求・各種証明 住まい・ごみ・環境 移住・定住
18	美郷町	地方債の補償金免除繰上償還に係る財政健全化計画の執行状況について	https://www.town.miyazaki-misato.lg.jp/kiji003248/index.html	地方債の補償金免除繰上償還に係る財政健全化計画の執行状況について / 宮崎県美郷町ホームページ ヘッダーをスキップ 本文へジャンプ Foreign Language English 中文(简化字) 中文(繁體字) 한국어 日本語 アクセシビリティ グローバルナビゲーションをスキップ くらし・手続き・生活環境 福祉・保健・子育て 教育・文化 入札・契約・産業・就労・事業 イベント・観光 行政情報 新型コロナウイルス感染症 町の状況、お知らせ 個人向け支援情報 事業者向け支援情報 感染予防対策 イベント・行事の状況 相談窓口 届出・登録・証明 戸籍・住民票 証明書の発行 印鑑登録 住基・マイナンバー制度 パスポート 税金 税に関するお知らせ 税の種類 税の郵送請求・各種証明 住まい・ごみ・環境 移住・定住支援 住ま
18	美郷町	令和7年度ちくせん交流会	https://www.town.miyazaki-misato.lg.jp/kiji003962/index.html	令和7年度ちくせん交流会 / 宮崎県美郷町ホームページ ヘッダーをスキップ 本文へジャンプ Foreign Language English 中文(简化字) 中文(繁體字) 한국어 日本語 アクセシビリティ グローバルナビゲーションをスキップ くらし・手続き・生活環境 福祉・保健・子育て 教育・文化 入札・契約・産業・就労・事業 イベント・観光 行政情報 新型コロナウイルス感染症 町の状況、お知らせ 個人向け支援情報 事業者向け支援情報 感染予防対策 イベント・行事の状況 相談窓口 届出・登録・証明 戸籍・住民票 証明書の発行 印鑑登録 住基・マイナンバー制度 パスポート 税金 税に関するお知らせ 税の種類 税の郵送請求・各種証明 住まい・ごみ・環境 移住・定住支援 住まい・町営住宅 ケーブルテレビ ごみ・リサ
18	美郷町	『1％のチカラ』～地域経済循環分析の結果から～第5回「お金の使い道を変えることと、仕組みを作ること」	https://www.town.miyazaki-misato.lg.jp/kiji003796/index.html	『1％のチカラ』～地域経済循環分析の結果から～第5回「お金の使い道を変えることと、仕組みを作ること」 / 宮崎県美郷町ホームページ ヘッダーをスキップ 本文へジャンプ Foreign Language English 中文(简化字) 中文(繁體字) 한국어 日本語 アクセシビリティ グローバルナビゲーションをスキップ くらし・手続き・生活環境 福祉・保健・子育て 教育・文化 入札・契約・産業・就労・事業 イベント・観光 行政情報 新型コロナウイルス感染症 町の状況、お知らせ 個人向け支援情報 事業者向け支援情報 感染予防対策 イベント・行事の状況 相談窓口 届出・登録・証明 戸籍・住民票 証明書の発行 印鑑登録 住基・マイナンバー制度 パスポート 税金 税に関するお知らせ 税の種類 税の郵送請求・各種証明 住ま
18	美郷町	『1％のチカラ』～地域経済循環分析の結果から～第4回「町内での買い物を増やしたら」	https://www.town.miyazaki-misato.lg.jp/kiji003785/index.html	『1％のチカラ』～地域経済循環分析の結果から～第4回「町内での買い物を増やしたら」 / 宮崎県美郷町ホームページ ヘッダーをスキップ 本文へジャンプ Foreign Language English 中文(简化字) 中文(繁體字) 한국어 日本語 アクセシビリティ グローバルナビゲーションをスキップ くらし・手続き・生活環境 福祉・保健・子育て 教育・文化 入札・契約・産業・就労・事業 イベント・観光 行政情報 新型コロナウイルス感染症 町の状況、お知らせ 個人向け支援情報 事業者向け支援情報 感染予防対策 イベント・行事の状況 相談窓口 届出・登録・証明 戸籍・住民票 証明書の発行 印鑑登録 住基・マイナンバー制度 パスポート 税金 税に関するお知らせ 税の種類 税の郵送請求・各種証明 住まい・ごみ・環境 移
18	美郷町	『1％のチカラ』～地域経済循環分析の結果から～第3回「たくさん食べているものは？」	https://www.town.miyazaki-misato.lg.jp/kiji003762/index.html	『1％のチカラ』～地域経済循環分析の結果から～第3回「たくさん食べているものは？」 / 宮崎県美郷町ホームページ ヘッダーをスキップ 本文へジャンプ Foreign Language English 中文(简化字) 中文(繁體字) 한국어 日本語 アクセシビリティ グローバルナビゲーションをスキップ くらし・手続き・生活環境 福祉・保健・子育て 教育・文化 入札・契約・産業・就労・事業 イベント・観光 行政情報 新型コロナウイルス感染症 町の状況、お知らせ 個人向け支援情報 事業者向け支援情報 感染予防対策 イベント・行事の状況 相談窓口 届出・登録・証明 戸籍・住民票 証明書の発行 印鑑登録 住基・マイナンバー制度 パスポート 税金 税に関するお知らせ 税の種類 税の郵送請求・各種証明 住まい・ごみ・環境 移
18	美郷町	『1％のチカラ』～地域経済循環分析の結果から～第2回「美郷町の年間食費はどれくらい？」	https://www.town.miyazaki-misato.lg.jp/kiji003761/index.html	『1％のチカラ』～地域経済循環分析の結果から～第2回「美郷町の年間食費はどれくらい？」 / 宮崎県美郷町ホームページ ヘッダーをスキップ 本文へジャンプ Foreign Language English 中文(简化字) 中文(繁體字) 한국어 日本語 アクセシビリティ グローバルナビゲーションをスキップ くらし・手続き・生活環境 福祉・保健・子育て 教育・文化 入札・契約・産業・就労・事業 イベント・観光 行政情報 新型コロナウイルス感染症 町の状況、お知らせ 個人向け支援情報 事業者向け支援情報 感染予防対策 イベント・行事の状況 相談窓口 届出・登録・証明 戸籍・住民票 証明書の発行 印鑑登録 住基・マイナンバー制度 パスポート 税金 税に関するお知らせ 税の種類 税の郵送請求・各種証明 住まい・ごみ・環境
17	美郷町	いざという時	https://www.town.miyazaki-misato.lg.jp/list00171.html	いざという時 / 宮崎県美郷町ホームページ ヘッダーをスキップ 本文へジャンプ Foreign Language English 中文(简化字) 中文(繁體字) 한국어 日本語 アクセシビリティ グローバルナビゲーションをスキップ くらし・手続き・生活環境 福祉・保健・子育て 教育・文化 入札・契約・産業・就労・事業 イベント・観光 行政情報 新型コロナウイルス感染症 町の状況、お知らせ 個人向け支援情報 事業者向け支援情報 感染予防対策 イベント・行事の状況 相談窓口 届出・登録・証明 戸籍・住民票 証明書の発行 印鑑登録 住基・マイナンバー制度 パスポート 税金 税に関するお知らせ 税の種類 税の郵送請求・各種証明 住まい・ごみ・環境 移住・定住支援 住まい・町営住宅 ケーブルテレビ ごみ・リサイクル 水道
17	美郷町	行政・財政	https://www.town.miyazaki-misato.lg.jp/list00138.html	行政・財政 / 宮崎県美郷町ホームページ ヘッダーをスキップ 本文へジャンプ Foreign Language English 中文(简化字) 中文(繁體字) 한국어 日本語 アクセシビリティ グローバルナビゲーションをスキップ くらし・手続き・生活環境 福祉・保健・子育て 教育・文化 入札・契約・産業・就労・事業 イベント・観光 行政情報 新型コロナウイルス感染症 町の状況、お知らせ 個人向け支援情報 事業者向け支援情報 感染予防対策 イベント・行事の状況 相談窓口 届出・登録・証明 戸籍・住民票 証明書の発行 印鑑登録 住基・マイナンバー制度 パスポート 税金 税に関するお知らせ 税の種類 税の郵送請求・各種証明 住まい・ごみ・環境 移住・定住支援 住まい・町営住宅 ケーブルテレビ ごみ・リサイクル 水道・
17	美郷町	仕事	https://www.town.miyazaki-misato.lg.jp/kiji003245/index.html	仕事 / 宮崎県美郷町ホームページ ヘッダーをスキップ 本文へジャンプ Foreign Language English 中文(简化字) 中文(繁體字) 한국어 日本語 アクセシビリティ グローバルナビゲーションをスキップ くらし・手続き・生活環境 福祉・保健・子育て 教育・文化 入札・契約・産業・就労・事業 イベント・観光 行政情報 新型コロナウイルス感染症 町の状況、お知らせ 個人向け支援情報 事業者向け支援情報 感染予防対策 イベント・行事の状況 相談窓口 届出・登録・証明 戸籍・住民票 証明書の発行 印鑑登録 住基・マイナンバー制度 パスポート 税金 税に関するお知らせ 税の種類 税の郵送請求・各種証明 住まい・ごみ・環境 移住・定住支援 住まい・町営住宅 ケーブルテレビ ごみ・リサイクル 水道・集落排
17	美郷町	乳幼児期	https://www.town.miyazaki-misato.lg.jp/list00243.html	乳幼児期 / 宮崎県美郷町ホームページ ヘッダーをスキップ 本文へジャンプ Foreign Language English 中文(简化字) 中文(繁體字) 한국어 日本語 アクセシビリティ グローバルナビゲーションをスキップ くらし・手続き・生活環境 福祉・保健・子育て 教育・文化 入札・契約・産業・就労・事業 イベント・観光 行政情報 新型コロナウイルス感染症 町の状況、お知らせ 個人向け支援情報 事業者向け支援情報 感染予防対策 イベント・行事の状況 相談窓口 届出・登録・証明 戸籍・住民票 証明書の発行 印鑑登録 住基・マイナンバー制度 パスポート 税金 税に関するお知らせ 税の種類 税の郵送請求・各種証明 住まい・ごみ・環境 移住・定住支援 住まい・町営住宅 ケーブルテレビ ごみ・リサイクル 水道・集
17	美郷町	小・中学生	https://www.town.miyazaki-misato.lg.jp/list00244.html	小・中学生 / 宮崎県美郷町ホームページ ヘッダーをスキップ 本文へジャンプ Foreign Language English 中文(简化字) 中文(繁體字) 한국어 日本語 アクセシビリティ グローバルナビゲーションをスキップ くらし・手続き・生活環境 福祉・保健・子育て 教育・文化 入札・契約・産業・就労・事業 イベント・観光 行政情報 新型コロナウイルス感染症 町の状況、お知らせ 個人向け支援情報 事業者向け支援情報 感染予防対策 イベント・行事の状況 相談窓口 届出・登録・証明 戸籍・住民票 証明書の発行 印鑑登録 住基・マイナンバー制度 パスポート 税金 税に関するお知らせ 税の種類 税の郵送請求・各種証明 住まい・ごみ・環境 移住・定住支援 住まい・町営住宅 ケーブルテレビ ごみ・リサイクル 水道・
17	美郷町	届け出・予防接種・定期健診	https://www.town.miyazaki-misato.lg.jp/list00246.html	届け出・予防接種・定期健診 / 宮崎県美郷町ホームページ ヘッダーをスキップ 本文へジャンプ Foreign Language English 中文(简化字) 中文(繁體字) 한국어 日本語 アクセシビリティ グローバルナビゲーションをスキップ くらし・手続き・生活環境 福祉・保健・子育て 教育・文化 入札・契約・産業・就労・事業 イベント・観光 行政情報 新型コロナウイルス感染症 町の状況、お知らせ 個人向け支援情報 事業者向け支援情報 感染予防対策 イベント・行事の状況 相談窓口 届出・登録・証明 戸籍・住民票 証明書の発行 印鑑登録 住基・マイナンバー制度 パスポート 税金 税に関するお知らせ 税の種類 税の郵送請求・各種証明 住まい・ごみ・環境 移住・定住支援 住まい・町営住宅 ケーブルテレビ ごみ・リ
17	美郷町	ケアプラン点検について	https://www.town.miyazaki-misato.lg.jp/kiji0031113/index.html	ケアプラン点検について / 宮崎県美郷町ホームページ ヘッダーをスキップ 本文へジャンプ Foreign Language English 中文(简化字) 中文(繁體字) 한국어 日本語 アクセシビリティ グローバルナビゲーションをスキップ くらし・手続き・生活環境 福祉・保健・子育て 教育・文化 入札・契約・産業・就労・事業 イベント・観光 行政情報 新型コロナウイルス感染症 町の状況、お知らせ 個人向け支援情報 事業者向け支援情報 感染予防対策 イベント・行事の状況 相談窓口 届出・登録・証明 戸籍・住民票 証明書の発行 印鑑登録 住基・マイナンバー制度 パスポート 税金 税に関するお知らせ 税の種類 税の郵送請求・各種証明 住まい・ごみ・環境 移住・定住支援 住まい・町営住宅 ケーブルテレビ ごみ・リサイ
28	門川町	宮交スマート65購入費補助のお知らせ	https://www.town.kadogawa.lg.jp/live/traffic/page005540.html	宮交スマート65購入費補助のお知らせ | 門川町 背景色変更 白 黒 黄 青 文字サイズ 標準 拡大 リンク集 ご利用ガイド サイト内を検索する Search by Keyword 検索 検索 メニュー 暮らし Live 令和8年度 帯状疱疹の定期予防接種について 地域公共交通 戸籍 人権・男女共同参画 マイナンバー トラブル 道路・公園 上水道 し尿・浄化槽 まちづくり 介護 福祉 食育 休日夜間診療 健康 ペット・動植物 ごみ・リサイクル 保険 年金 税 諸証明など お悔やみ 結婚・離婚 引っ越し 就職・退職 住宅 空き家関連 空き家バンク 子育て・教育 Learn 門川町立学校の教育職員に関する業務量管理・健康確保措置実施計画 門川町子ども読書活動推進計画（第四次） 講座のお知らせ 出前講座 様式本文 妊
28	門川町	門川町地方就職支援金事業	https://www.town.kadogawa.lg.jp/live/town_planning/migration-support/page005090.html	門川町地方就職支援金事業 | 門川町 背景色変更 白 黒 黄 青 文字サイズ 標準 拡大 リンク集 ご利用ガイド サイト内を検索する Search by Keyword 検索 検索 メニュー 暮らし Live 令和8年度 帯状疱疹の定期予防接種について 地域公共交通 戸籍 人権・男女共同参画 マイナンバー トラブル 道路・公園 上水道 し尿・浄化槽 まちづくり 介護 福祉 食育 休日夜間診療 健康 ペット・動植物 ごみ・リサイクル 保険 年金 税 諸証明など お悔やみ 結婚・離婚 引っ越し 就職・退職 住宅 空き家関連 空き家バンク 子育て・教育 Learn 門川町立学校の教育職員に関する業務量管理・健康確保措置実施計画 門川町子ども読書活動推進計画（第四次） 講座のお知らせ 出前講座 様式本文 妊娠・出産 子
28	門川町	重度障がい者（児）医療費について	https://www.town.kadogawa.lg.jp/live/welfare/page004360.html	重度障がい者（児）医療費について | 門川町 背景色変更 白 黒 黄 青 文字サイズ 標準 拡大 リンク集 ご利用ガイド サイト内を検索する Search by Keyword 検索 検索 メニュー 暮らし Live 令和8年度 帯状疱疹の定期予防接種について 地域公共交通 戸籍 人権・男女共同参画 マイナンバー トラブル 道路・公園 上水道 し尿・浄化槽 まちづくり 介護 福祉 食育 休日夜間診療 健康 ペット・動植物 ごみ・リサイクル 保険 年金 税 諸証明など お悔やみ 結婚・離婚 引っ越し 就職・退職 住宅 空き家関連 空き家バンク 子育て・教育 Learn 門川町立学校の教育職員に関する業務量管理・健康確保措置実施計画 門川町子ども読書活動推進計画（第四次） 講座のお知らせ 出前講座 様式本文 妊娠・
28	門川町	軽度・中等度難聴児の補聴器購入費等助成について	https://www.town.kadogawa.lg.jp/live/welfare/page004362.html	軽度・中等度難聴児の補聴器購入費等助成について | 門川町 背景色変更 白 黒 黄 青 文字サイズ 標準 拡大 リンク集 ご利用ガイド サイト内を検索する Search by Keyword 検索 検索 メニュー 暮らし Live 令和8年度 帯状疱疹の定期予防接種について 地域公共交通 戸籍 人権・男女共同参画 マイナンバー トラブル 道路・公園 上水道 し尿・浄化槽 まちづくり 介護 福祉 食育 休日夜間診療 健康 ペット・動植物 ごみ・リサイクル 保険 年金 税 諸証明など お悔やみ 結婚・離婚 引っ越し 就職・退職 住宅 空き家関連 空き家バンク 子育て・教育 Learn 門川町立学校の教育職員に関する業務量管理・健康確保措置実施計画 門川町子ども読書活動推進計画（第四次） 講座のお知らせ 出前講座 様
28	門川町	人工血液透析患者の通院交通費助成について	https://www.town.kadogawa.lg.jp/live/welfare/page004364.html	人工血液透析患者の通院交通費助成について | 門川町 背景色変更 白 黒 黄 青 文字サイズ 標準 拡大 リンク集 ご利用ガイド サイト内を検索する Search by Keyword 検索 検索 メニュー 暮らし Live 令和8年度 帯状疱疹の定期予防接種について 地域公共交通 戸籍 人権・男女共同参画 マイナンバー トラブル 道路・公園 上水道 し尿・浄化槽 まちづくり 介護 福祉 食育 休日夜間診療 健康 ペット・動植物 ごみ・リサイクル 保険 年金 税 諸証明など お悔やみ 結婚・離婚 引っ越し 就職・退職 住宅 空き家関連 空き家バンク 子育て・教育 Learn 門川町立学校の教育職員に関する業務量管理・健康確保措置実施計画 門川町子ども読書活動推進計画（第四次） 講座のお知らせ 出前講座 様式本文
28	門川町	門川町地域生活支援事業について	https://www.town.kadogawa.lg.jp/live/welfare/page005021.html	門川町地域生活支援事業について | 門川町 背景色変更 白 黒 黄 青 文字サイズ 標準 拡大 リンク集 ご利用ガイド サイト内を検索する Search by Keyword 検索 検索 メニュー 暮らし Live 令和8年度 帯状疱疹の定期予防接種について 地域公共交通 戸籍 人権・男女共同参画 マイナンバー トラブル 道路・公園 上水道 し尿・浄化槽 まちづくり 介護 福祉 食育 休日夜間診療 健康 ペット・動植物 ごみ・リサイクル 保険 年金 税 諸証明など お悔やみ 結婚・離婚 引っ越し 就職・退職 住宅 空き家関連 空き家バンク 子育て・教育 Learn 門川町立学校の教育職員に関する業務量管理・健康確保措置実施計画 門川町子ども読書活動推進計画（第四次） 講座のお知らせ 出前講座 様式本文 妊娠・出
28	門川町	高齢者の補聴器購入の補助をします	https://www.town.kadogawa.lg.jp/live/welfare/page005417.html	高齢者の補聴器購入の補助をします | 門川町 背景色変更 白 黒 黄 青 文字サイズ 標準 拡大 リンク集 ご利用ガイド サイト内を検索する Search by Keyword 検索 検索 メニュー 暮らし Live 令和8年度 帯状疱疹の定期予防接種について 地域公共交通 戸籍 人権・男女共同参画 マイナンバー トラブル 道路・公園 上水道 し尿・浄化槽 まちづくり 介護 福祉 食育 休日夜間診療 健康 ペット・動植物 ごみ・リサイクル 保険 年金 税 諸証明など お悔やみ 結婚・離婚 引っ越し 就職・退職 住宅 空き家関連 空き家バンク 子育て・教育 Learn 門川町立学校の教育職員に関する業務量管理・健康確保措置実施計画 門川町子ども読書活動推進計画（第四次） 講座のお知らせ 出前講座 様式本文 妊娠・
28	門川町	重度障がい者タクシー料金助成事業について	https://www.town.kadogawa.lg.jp/live/welfare/page005024.html	重度障がい者タクシー料金助成事業について | 門川町 背景色変更 白 黒 黄 青 文字サイズ 標準 拡大 リンク集 ご利用ガイド サイト内を検索する Search by Keyword 検索 検索 メニュー 暮らし Live 令和8年度 帯状疱疹の定期予防接種について 地域公共交通 戸籍 人権・男女共同参画 マイナンバー トラブル 道路・公園 上水道 し尿・浄化槽 まちづくり 介護 福祉 食育 休日夜間診療 健康 ペット・動植物 ごみ・リサイクル 保険 年金 税 諸証明など お悔やみ 結婚・離婚 引っ越し 就職・退職 住宅 空き家関連 空き家バンク 子育て・教育 Learn 門川町立学校の教育職員に関する業務量管理・健康確保措置実施計画 門川町子ども読書活動推進計画（第四次） 講座のお知らせ 出前講座 様式本文
28	門川町	国民健康保険税の「子ども・子育て支援金分（子ども分）」の令和８年度税率について	https://www.town.kadogawa.lg.jp/live/insurance/page005594.html	国民健康保険税の「子ども・子育て支援金分（子ども分）」の令和８年度税率について | 門川町 背景色変更 白 黒 黄 青 文字サイズ 標準 拡大 リンク集 ご利用ガイド サイト内を検索する Search by Keyword 検索 検索 メニュー 暮らし Live 令和8年度 帯状疱疹の定期予防接種について 地域公共交通 戸籍 人権・男女共同参画 マイナンバー トラブル 道路・公園 上水道 し尿・浄化槽 まちづくり 介護 福祉 食育 休日夜間診療 健康 ペット・動植物 ごみ・リサイクル 保険 年金 税 諸証明など お悔やみ 結婚・離婚 引っ越し 就職・退職 住宅 空き家関連 空き家バンク 子育て・教育 Learn 門川町立学校の教育職員に関する業務量管理・健康確保措置実施計画 門川町子ども読書活動推進計画（第四次
28	門川町	産前産後期間の国民健康保険税が減免されます	https://www.town.kadogawa.lg.jp/live/insurance/page004759.html	産前産後期間の国民健康保険税が減免されます | 門川町 背景色変更 白 黒 黄 青 文字サイズ 標準 拡大 リンク集 ご利用ガイド サイト内を検索する Search by Keyword 検索 検索 メニュー 暮らし Live 令和8年度 帯状疱疹の定期予防接種について 地域公共交通 戸籍 人権・男女共同参画 マイナンバー トラブル 道路・公園 上水道 し尿・浄化槽 まちづくり 介護 福祉 食育 休日夜間診療 健康 ペット・動植物 ごみ・リサイクル 保険 年金 税 諸証明など お悔やみ 結婚・離婚 引っ越し 就職・退職 住宅 空き家関連 空き家バンク 子育て・教育 Learn 門川町立学校の教育職員に関する業務量管理・健康確保措置実施計画 門川町子ども読書活動推進計画（第四次） 講座のお知らせ 出前講座 様式本
28	門川町	空き家等情報バンクに関する補助制度	https://www.town.kadogawa.lg.jp/live/akiya/page003582.html	空き家等情報バンクに関する補助制度 | 門川町 背景色変更 白 黒 黄 青 文字サイズ 標準 拡大 リンク集 ご利用ガイド サイト内を検索する Search by Keyword 検索 検索 メニュー 暮らし Live 令和8年度 帯状疱疹の定期予防接種について 地域公共交通 戸籍 人権・男女共同参画 マイナンバー トラブル 道路・公園 上水道 し尿・浄化槽 まちづくり 介護 福祉 食育 休日夜間診療 健康 ペット・動植物 ごみ・リサイクル 保険 年金 税 諸証明など お悔やみ 結婚・離婚 引っ越し 就職・退職 住宅 空き家関連 空き家バンク 子育て・教育 Learn 門川町立学校の教育職員に関する業務量管理・健康確保措置実施計画 門川町子ども読書活動推進計画（第四次） 講座のお知らせ 出前講座 様式本文 妊娠
28	門川町	門川町 妊婦のための支援給付事業について	https://www.town.kadogawa.lg.jp/learn/pregnancy/page005182.html	門川町 妊婦のための支援給付事業について | 門川町 背景色変更 白 黒 黄 青 文字サイズ 標準 拡大 リンク集 ご利用ガイド サイト内を検索する Search by Keyword 検索 検索 メニュー 暮らし Live 地域公共交通 戸籍 人権・男女共同参画 マイナンバー トラブル 道路・公園 上水道 し尿・浄化槽 まちづくり 介護 福祉 食育 休日夜間診療 健康 ペット・動植物 ごみ・リサイクル 保険 年金 税 諸証明など お悔やみ 結婚・離婚 引っ越し 就職・退職 住宅 空き家関連 空き家バンク 子育て・教育 Learn 門川町子ども読書活動推進計画（第四次） 講座のお知らせ 出前講座 様式本文 妊娠・出産 子育て こどもの健康 教育委員会 教育研究所 文化・スポーツ Culture and spor
28	門川町	門川町中小企業特別融資制度	https://www.town.kadogawa.lg.jp/industry/industry/page001000.html	門川町中小企業特別融資制度 | 門川町 背景色変更 白 黒 黄 青 文字サイズ 標準 拡大 リンク集 ご利用ガイド サイト内を検索する Search by Keyword 検索 検索 メニュー 暮らし Live 地域公共交通 戸籍 人権・男女共同参画 マイナンバー トラブル 道路・公園 上水道 し尿・浄化槽 まちづくり 介護 福祉 食育 休日夜間診療 健康 ペット・動植物 ごみ・リサイクル 保険 年金 税 諸証明など お悔やみ 結婚・離婚 引っ越し 就職・退職 住宅 空き家関連 空き家バンク 子育て・教育 Learn 門川町子ども読書活動推進計画（第四次） 講座のお知らせ 出前講座 様式本文 妊娠・出産 子育て こどもの健康 教育委員会 教育研究所 文化・スポーツ Culture and sports 職場対抗
28	門川町	設備投資に対する支援について（先端設備等導入制度）	https://www.town.kadogawa.lg.jp/industry/industry/page002362.html	設備投資に対する支援について（先端設備等導入制度） | 門川町 背景色変更 白 黒 黄 青 文字サイズ 標準 拡大 リンク集 ご利用ガイド サイト内を検索する Search by Keyword 検索 検索 メニュー 暮らし Live 地域公共交通 戸籍 人権・男女共同参画 マイナンバー トラブル 道路・公園 上水道 し尿・浄化槽 まちづくり 介護 福祉 食育 休日夜間診療 健康 ペット・動植物 ごみ・リサイクル 保険 年金 税 諸証明など お悔やみ 結婚・離婚 引っ越し 就職・退職 住宅 空き家関連 空き家バンク 子育て・教育 Learn 門川町子ども読書活動推進計画（第四次） 講座のお知らせ 出前講座 様式本文 妊娠・出産 子育て こどもの健康 教育委員会 教育研究所 文化・スポーツ Culture and
28	門川町	新型コロナウイルス感染症対応地方創生臨時交付金基金事業の公表について	https://www.town.kadogawa.lg.jp/industry/industry/page003902.html	新型コロナウイルス感染症対応地方創生臨時交付金基金事業の公表について | 門川町 背景色変更 白 黒 黄 青 文字サイズ 標準 拡大 リンク集 ご利用ガイド サイト内を検索する Search by Keyword 検索 検索 メニュー 暮らし Live 地域公共交通 戸籍 人権・男女共同参画 マイナンバー トラブル 道路・公園 上水道 し尿・浄化槽 まちづくり 介護 福祉 食育 休日夜間診療 健康 ペット・動植物 ごみ・リサイクル 保険 年金 税 諸証明など お悔やみ 結婚・離婚 引っ越し 就職・退職 住宅 空き家関連 空き家バンク 子育て・教育 Learn 門川町子ども読書活動推進計画（第四次） 講座のお知らせ 出前講座 様式本文 妊娠・出産 子育て こどもの健康 教育委員会 教育研究所 文化・スポーツ Cu
28	門川町	農業者年金について	https://www.town.kadogawa.lg.jp/industry/cat1/page001392.html	農業者年金について | 門川町 背景色変更 白 黒 黄 青 文字サイズ 標準 拡大 リンク集 ご利用ガイド サイト内を検索する Search by Keyword 検索 検索 メニュー 暮らし Live 地域公共交通 戸籍 人権・男女共同参画 マイナンバー トラブル 道路・公園 上水道 し尿・浄化槽 まちづくり 介護 福祉 食育 休日夜間診療 健康 ペット・動植物 ごみ・リサイクル 保険 年金 税 諸証明など お悔やみ 結婚・離婚 引っ越し 就職・退職 住宅 空き家関連 空き家バンク 子育て・教育 Learn 門川町子ども読書活動推進計画（第四次） 講座のお知らせ 出前講座 様式本文 妊娠・出産 子育て こどもの健康 教育委員会 教育研究所 文化・スポーツ Culture and sports 職場対抗リレーの
28	門川町	門川町ふるさと納税返礼品開発等支援補助金について	https://www.town.kadogawa.lg.jp/administration/furusato_tax_payment/page004854.html	門川町ふるさと納税返礼品開発等支援補助金について | 門川町 背景色変更 白 黒 黄 青 文字サイズ 標準 拡大 リンク集 ご利用ガイド サイト内を検索する Search by Keyword 検索 検索 メニュー 暮らし Live 地域公共交通 戸籍 人権・男女共同参画 マイナンバー トラブル 道路・公園 上水道 し尿・浄化槽 まちづくり 介護 福祉 食育 休日夜間診療 健康 ペット・動植物 ごみ・リサイクル 保険 年金 税 諸証明など お悔やみ 結婚・離婚 引っ越し 就職・退職 住宅 空き家関連 空き家バンク 子育て・教育 Learn 門川町子ども読書活動推進計画（第四次） 講座のお知らせ 出前講座 様式本文 妊娠・出産 子育て こどもの健康 教育委員会 教育研究所 文化・スポーツ Culture and
28	門川町	五十鈴川流域の森林や河川の環境保全・啓発事業を支援します！	https://www.town.kadogawa.lg.jp/administration/cat1/page004522.html	五十鈴川流域の森林や河川の環境保全・啓発事業を支援します！ | 門川町 背景色変更 白 黒 黄 青 文字サイズ 標準 拡大 リンク集 ご利用ガイド サイト内を検索する Search by Keyword 検索 検索 メニュー 暮らし Live 地域公共交通 戸籍 人権・男女共同参画 マイナンバー トラブル 道路・公園 上水道 し尿・浄化槽 まちづくり 介護 福祉 食育 休日夜間診療 健康 ペット・動植物 ごみ・リサイクル 保険 年金 税 諸証明など お悔やみ 結婚・離婚 引っ越し 就職・退職 住宅 空き家関連 空き家バンク 子育て・教育 Learn 門川町子ども読書活動推進計画（第四次） 講座のお知らせ 出前講座 様式本文 妊娠・出産 子育て こどもの健康 教育委員会 教育研究所 文化・スポーツ Culture
28	門川町	福祉・医療・年金関係	https://www.town.kadogawa.lg.jp/download/page005023.html	福祉・医療・年金関係 | 門川町 背景色変更 白 黒 黄 青 文字サイズ 標準 拡大 リンク集 ご利用ガイド サイト内を検索する Search by Keyword 検索 検索 メニュー 暮らし Live 令和8年度 帯状疱疹の定期予防接種について 地域公共交通 戸籍 人権・男女共同参画 マイナンバー トラブル 道路・公園 上水道 し尿・浄化槽 まちづくり 介護 福祉 食育 休日夜間診療 健康 ペット・動植物 ごみ・リサイクル 保険 年金 税 諸証明など お悔やみ 結婚・離婚 引っ越し 就職・退職 住宅 空き家関連 空き家バンク 子育て・教育 Learn 門川町立学校の教育職員に関する業務量管理・健康確保措置実施計画 門川町子ども読書活動推進計画（第四次） 講座のお知らせ 出前講座 様式本文 妊娠・出産 子育て
28	門川町	移住支援金制度	https://www.town.kadogawa.lg.jp/live/town_planning/migration-support/page004529.html	移住支援金制度 | 門川町 背景色変更 白 黒 黄 青 文字サイズ 標準 拡大 リンク集 ご利用ガイド サイト内を検索する Search by Keyword 検索 検索 メニュー 暮らし Live 令和8年度 帯状疱疹の定期予防接種について 地域公共交通 戸籍 人権・男女共同参画 マイナンバー トラブル 道路・公園 上水道 し尿・浄化槽 まちづくり 介護 福祉 食育 休日夜間診療 健康 ペット・動植物 ごみ・リサイクル 保険 年金 税 諸証明など お悔やみ 結婚・離婚 引っ越し 就職・退職 住宅 空き家関連 空き家バンク 子育て・教育 Learn 門川町立学校の教育職員に関する業務量管理・健康確保措置実施計画 門川町子ども読書活動推進計画（第四次） 講座のお知らせ 出前講座 様式本文 妊娠・出産 子育て こど
28	門川町	物価高対応子育て応援手当「宮崎県上乗せ支給」について	https://www.town.kadogawa.lg.jp/news/general/page005562.html	物価高対応子育て応援手当「宮崎県上乗せ支給」について | 門川町 背景色変更 白 黒 黄 青 文字サイズ 標準 拡大 リンク集 ご利用ガイド サイト内を検索する Search by Keyword 検索 検索 メニュー 暮らし Live 令和8年度 帯状疱疹の定期予防接種について 地域公共交通 戸籍 人権・男女共同参画 マイナンバー トラブル 道路・公園 上水道 し尿・浄化槽 まちづくり 介護 福祉 食育 休日夜間診療 健康 ペット・動植物 ごみ・リサイクル 保険 年金 税 諸証明など お悔やみ 結婚・離婚 引っ越し 就職・退職 住宅 空き家関連 空き家バンク 子育て・教育 Learn 門川町立学校の教育職員に関する業務量管理・健康確保措置実施計画 門川町子ども読書活動推進計画（第四次） 講座のお知らせ 出前講
28	門川町	新たに門川町で保育士として働く方を応援します！	https://www.town.kadogawa.lg.jp/news/general/page005520.html	新たに門川町で保育士として働く方を応援します！ | 門川町 背景色変更 白 黒 黄 青 文字サイズ 標準 拡大 リンク集 ご利用ガイド サイト内を検索する Search by Keyword 検索 検索 メニュー 暮らし Live 令和8年度 帯状疱疹の定期予防接種について 地域公共交通 戸籍 人権・男女共同参画 マイナンバー トラブル 道路・公園 上水道 し尿・浄化槽 まちづくり 介護 福祉 食育 休日夜間診療 健康 ペット・動植物 ごみ・リサイクル 保険 年金 税 諸証明など お悔やみ 結婚・離婚 引っ越し 就職・退職 住宅 空き家関連 空き家バンク 子育て・教育 Learn 門川町子ども読書活動推進計画（第四次） 講座のお知らせ 出前講座 様式本文 妊娠・出産 子育て こどもの健康 教育委員会 教育研究所
28	門川町	物価高対応子育て応援手当について	https://www.town.kadogawa.lg.jp/news/general/page005483.html	物価高対応子育て応援手当について | 門川町 背景色変更 白 黒 黄 青 文字サイズ 標準 拡大 リンク集 ご利用ガイド サイト内を検索する Search by Keyword 検索 検索 メニュー 暮らし Live 地域公共交通 戸籍 人権・男女共同参画 マイナンバー トラブル 道路・公園 上水道 し尿・浄化槽 まちづくり 介護 福祉 食育 休日夜間診療 健康 ペット・動植物 ごみ・リサイクル 保険 年金 税 諸証明など お悔やみ 結婚・離婚 引っ越し 就職・退職 住宅 空き家関連 空き家バンク 子育て・教育 Learn 門川町子ども読書活動推進計画（第四次） 講座のお知らせ 出前講座 様式本文 妊娠・出産 子育て こどもの健康 教育委員会 教育研究所 文化・スポーツ Culture and sports 職
28	門川町	まちづくりに関する補助金の交付団体が決定しました	https://www.town.kadogawa.lg.jp/news/general/page005167.html	まちづくりに関する補助金の交付団体が決定しました | 門川町 背景色変更 白 黒 黄 青 文字サイズ 標準 拡大 リンク集 ご利用ガイド サイト内を検索する Search by Keyword 検索 検索 メニュー 暮らし Live 地域公共交通 戸籍 人権・男女共同参画 マイナンバー トラブル 道路・公園 上水道 し尿・浄化槽 まちづくり 介護 福祉 食育 休日夜間診療 健康 ペット・動植物 ごみ・リサイクル 保険 年金 税 諸証明など お悔やみ 結婚・離婚 引っ越し 就職・退職 住宅 空き家関連 空き家バンク 子育て・教育 Learn 門川町子ども読書活動推進計画（第四次） 講座のお知らせ 出前講座 様式本文 妊娠・出産 子育て こどもの健康 教育委員会 教育研究所 文化・スポーツ Culture and
28	門川町	令和７年度「医療機器等開発に係る連携支援補助事業」公募開始について	https://www.town.kadogawa.lg.jp/news/business/page005172.html	令和７年度「医療機器等開発に係る連携支援補助事業」公募開始について | 門川町 背景色変更 白 黒 黄 青 文字サイズ 標準 拡大 リンク集 ご利用ガイド サイト内を検索する Search by Keyword 検索 検索 メニュー 暮らし Live 地域公共交通 戸籍 人権・男女共同参画 マイナンバー トラブル 道路・公園 上水道 し尿・浄化槽 まちづくり 介護 福祉 食育 休日夜間診療 健康 ペット・動植物 ごみ・リサイクル 保険 年金 税 諸証明など お悔やみ 結婚・離婚 引っ越し 就職・退職 住宅 空き家関連 空き家バンク 子育て・教育 Learn 門川町子ども読書活動推進計画（第四次） 講座のお知らせ 出前講座 様式本文 妊娠・出産 子育て こどもの健康 教育委員会 教育研究所 文化・スポーツ Cul
26	門川町	軽自動車税	https://www.town.kadogawa.lg.jp/live/tax/page001335.html	軽自動車税 | 門川町 背景色変更 白 黒 黄 青 文字サイズ 標準 拡大 リンク集 ご利用ガイド サイト内を検索する Search by Keyword 検索 検索 メニュー 暮らし Live 令和8年度 帯状疱疹の定期予防接種について 地域公共交通 戸籍 人権・男女共同参画 マイナンバー トラブル 道路・公園 上水道 し尿・浄化槽 まちづくり 介護 福祉 食育 休日夜間診療 健康 ペット・動植物 ごみ・リサイクル 保険 年金 税 諸証明など お悔やみ 結婚・離婚 引っ越し 就職・退職 住宅 空き家関連 空き家バンク 子育て・教育 Learn 門川町立学校の教育職員に関する業務量管理・健康確保措置実施計画 門川町子ども読書活動推進計画（第四次） 講座のお知らせ 出前講座 様式本文 妊娠・出産 子育て こどもの
26	門川町	豪雨災害にかかる町税減免について	https://www.town.kadogawa.lg.jp/news/general/page005310.html	豪雨災害にかかる町税減免について | 門川町 背景色変更 白 黒 黄 青 文字サイズ 標準 拡大 リンク集 ご利用ガイド サイト内を検索する Search by Keyword 検索 検索 メニュー 暮らし Live 地域公共交通 戸籍 人権・男女共同参画 マイナンバー トラブル 道路・公園 上水道 し尿・浄化槽 まちづくり 介護 福祉 食育 休日夜間診療 健康 ペット・動植物 ごみ・リサイクル 保険 年金 税 諸証明など お悔やみ 結婚・離婚 引っ越し 就職・退職 住宅 空き家関連 空き家バンク 子育て・教育 Learn 門川町子ども読書活動推進計画（第四次） 講座のお知らせ 出前講座 様式本文 妊娠・出産 子育て こどもの健康 教育委員会 教育研究所 文化・スポーツ Culture and sports 職
24	門川町	出前講座 様式本文	https://www.town.kadogawa.lg.jp/learn/page001196.html	出前講座 様式本文 | 門川町 背景色変更 白 黒 黄 青 文字サイズ 標準 拡大 リンク集 ご利用ガイド サイト内を検索する Search by Keyword 検索 検索 メニュー 暮らし Live 地域公共交通 戸籍 人権・男女共同参画 マイナンバー トラブル 道路・公園 上水道 し尿・浄化槽 まちづくり 介護 福祉 食育 休日夜間診療 健康 ペット・動植物 ごみ・リサイクル 保険 年金 税 諸証明など お悔やみ 結婚・離婚 引っ越し 就職・退職 住宅 空き家関連 空き家バンク 子育て・教育 Learn 門川町子ども読書活動推進計画（第四次） 講座のお知らせ 出前講座 様式本文 妊娠・出産 子育て こどもの健康 教育委員会 教育研究所 文化・スポーツ Culture and sports 職場対抗リレーの
24	門川町	中山間地域等直接支払交付金について	https://www.town.kadogawa.lg.jp/industry/page005376.html	中山間地域等直接支払交付金について | 門川町 背景色変更 白 黒 黄 青 文字サイズ 標準 拡大 リンク集 ご利用ガイド サイト内を検索する Search by Keyword 検索 検索 メニュー 暮らし Live 地域公共交通 戸籍 人権・男女共同参画 マイナンバー トラブル 道路・公園 上水道 し尿・浄化槽 まちづくり 介護 福祉 食育 休日夜間診療 健康 ペット・動植物 ごみ・リサイクル 保険 年金 税 諸証明など お悔やみ 結婚・離婚 引っ越し 就職・退職 住宅 空き家関連 空き家バンク 子育て・教育 Learn 門川町子ども読書活動推進計画（第四次） 講座のお知らせ 出前講座 様式本文 妊娠・出産 子育て こどもの健康 教育委員会 教育研究所 文化・スポーツ Culture and sports
24	門川町	国民健康保険のしくみ 届出ほか（届出が必要なとき）	https://www.town.kadogawa.lg.jp/live/insurance/page002371.html	国民健康保険のしくみ 届出ほか（届出が必要なとき） | 門川町 背景色変更 白 黒 黄 青 文字サイズ 標準 拡大 リンク集 ご利用ガイド サイト内を検索する Search by Keyword 検索 検索 メニュー 暮らし Live 令和8年度 帯状疱疹の定期予防接種について 地域公共交通 戸籍 人権・男女共同参画 マイナンバー トラブル 道路・公園 上水道 し尿・浄化槽 まちづくり 介護 福祉 食育 休日夜間診療 健康 ペット・動植物 ごみ・リサイクル 保険 年金 税 諸証明など お悔やみ 結婚・離婚 引っ越し 就職・退職 住宅 空き家関連 空き家バンク 子育て・教育 Learn 門川町立学校の教育職員に関する業務量管理・健康確保措置実施計画 門川町子ども読書活動推進計画（第四次） 講座のお知らせ 出前講座
23	門川町	令和8年度まちづくりに関する補助金交付団体募集のお知らせ	https://www.town.kadogawa.lg.jp/industry/page005600.html	令和8年度まちづくりに関する補助金交付団体募集のお知らせ | 門川町 背景色変更 白 黒 黄 青 文字サイズ 標準 拡大 リンク集 ご利用ガイド サイト内を検索する Search by Keyword 検索 検索 メニュー 暮らし Live 令和8年度 帯状疱疹の定期予防接種について 地域公共交通 戸籍 人権・男女共同参画 マイナンバー トラブル 道路・公園 上水道 し尿・浄化槽 まちづくり 介護 福祉 食育 休日夜間診療 健康 ペット・動植物 ごみ・リサイクル 保険 年金 税 諸証明など お悔やみ 結婚・離婚 引っ越し 就職・退職 住宅 空き家関連 空き家バンク 子育て・教育 Learn 門川町立学校の教育職員に関する業務量管理・健康確保措置実施計画 門川町子ども読書活動推進計画（第四次） 講座のお知らせ 出
23	門川町	公金受取口座の登録開始について	https://www.town.kadogawa.lg.jp/live/my_number/page004046.html	公金受取口座の登録開始について | 門川町 背景色変更 白 黒 黄 青 文字サイズ 標準 拡大 リンク集 ご利用ガイド サイト内を検索する Search by Keyword 検索 検索 メニュー 暮らし Live 令和8年度 帯状疱疹の定期予防接種について 地域公共交通 戸籍 人権・男女共同参画 マイナンバー トラブル 道路・公園 上水道 し尿・浄化槽 まちづくり 介護 福祉 食育 休日夜間診療 健康 ペット・動植物 ごみ・リサイクル 保険 年金 税 諸証明など お悔やみ 結婚・離婚 引っ越し 就職・退職 住宅 空き家関連 空き家バンク 子育て・教育 Learn 門川町立学校の教育職員に関する業務量管理・健康確保措置実施計画 門川町子ども読書活動推進計画（第四次） 講座のお知らせ 出前講座 様式本文 妊娠・出
23	門川町	門川町奨学金返還支援事業補助金	https://www.town.kadogawa.lg.jp/live/town_planning/page005164.html	門川町奨学金返還支援事業補助金 | 門川町 背景色変更 白 黒 黄 青 文字サイズ 標準 拡大 リンク集 ご利用ガイド サイト内を検索する Search by Keyword 検索 検索 メニュー 暮らし Live 令和8年度 帯状疱疹の定期予防接種について 地域公共交通 戸籍 人権・男女共同参画 マイナンバー トラブル 道路・公園 上水道 し尿・浄化槽 まちづくり 介護 福祉 食育 休日夜間診療 健康 ペット・動植物 ごみ・リサイクル 保険 年金 税 諸証明など お悔やみ 結婚・離婚 引っ越し 就職・退職 住宅 空き家関連 空き家バンク 子育て・教育 Learn 門川町立学校の教育職員に関する業務量管理・健康確保措置実施計画 門川町子ども読書活動推進計画（第四次） 講座のお知らせ 出前講座 様式本文 妊娠・出
23	門川町	日常生活用具給付について	https://www.town.kadogawa.lg.jp/live/welfare/page004363.html	日常生活用具給付について | 門川町 背景色変更 白 黒 黄 青 文字サイズ 標準 拡大 リンク集 ご利用ガイド サイト内を検索する Search by Keyword 検索 検索 メニュー 暮らし Live 令和8年度 帯状疱疹の定期予防接種について 地域公共交通 戸籍 人権・男女共同参画 マイナンバー トラブル 道路・公園 上水道 し尿・浄化槽 まちづくり 介護 福祉 食育 休日夜間診療 健康 ペット・動植物 ごみ・リサイクル 保険 年金 税 諸証明など お悔やみ 結婚・離婚 引っ越し 就職・退職 住宅 空き家関連 空き家バンク 子育て・教育 Learn 門川町立学校の教育職員に関する業務量管理・健康確保措置実施計画 門川町子ども読書活動推進計画（第四次） 講座のお知らせ 出前講座 様式本文 妊娠・出産 子
23	門川町	手話資格取得にかかる受験料を助成します	https://www.town.kadogawa.lg.jp/live/welfare/page004542.html	手話資格取得にかかる受験料を助成します | 門川町 背景色変更 白 黒 黄 青 文字サイズ 標準 拡大 リンク集 ご利用ガイド サイト内を検索する Search by Keyword 検索 検索 メニュー 暮らし Live 令和8年度 帯状疱疹の定期予防接種について 地域公共交通 戸籍 人権・男女共同参画 マイナンバー トラブル 道路・公園 上水道 し尿・浄化槽 まちづくり 介護 福祉 食育 休日夜間診療 健康 ペット・動植物 ごみ・リサイクル 保険 年金 税 諸証明など お悔やみ 結婚・離婚 引っ越し 就職・退職 住宅 空き家関連 空き家バンク 子育て・教育 Learn 門川町立学校の教育職員に関する業務量管理・健康確保措置実施計画 門川町子ども読書活動推進計画（第四次） 講座のお知らせ 出前講座 様式本文
23	門川町	母子の健康づくり事業のご案内	https://www.town.kadogawa.lg.jp/learn/pregnancy/page000117.html	母子の健康づくり事業のご案内 | 門川町 背景色変更 白 黒 黄 青 文字サイズ 標準 拡大 リンク集 ご利用ガイド サイト内を検索する Search by Keyword 検索 検索 メニュー 暮らし Live 地域公共交通 戸籍 人権・男女共同参画 マイナンバー トラブル 道路・公園 上水道 し尿・浄化槽 まちづくり 介護 福祉 食育 休日夜間診療 健康 ペット・動植物 ごみ・リサイクル 保険 年金 税 諸証明など お悔やみ 結婚・離婚 引っ越し 就職・退職 住宅 空き家関連 空き家バンク 子育て・教育 Learn 門川町子ども読書活動推進計画（第四次） 講座のお知らせ 出前講座 様式本文 妊娠・出産 子育て こどもの健康 教育委員会 教育研究所 文化・スポーツ Culture and sports 職場対
23	門川町	門川町ふるさと納税寄附金応援メニューについて	https://www.town.kadogawa.lg.jp/administration/furusato_tax_payment/page000995.html	門川町ふるさと納税寄附金応援メニューについて | 門川町 背景色変更 白 黒 黄 青 文字サイズ 標準 拡大 リンク集 ご利用ガイド サイト内を検索する Search by Keyword 検索 検索 メニュー 暮らし Live 地域公共交通 戸籍 人権・男女共同参画 マイナンバー トラブル 道路・公園 上水道 し尿・浄化槽 まちづくり 介護 福祉 食育 休日夜間診療 健康 ペット・動植物 ごみ・リサイクル 保険 年金 税 諸証明など お悔やみ 結婚・離婚 引っ越し 就職・退職 住宅 空き家関連 空き家バンク 子育て・教育 Learn 門川町子ども読書活動推進計画（第四次） 講座のお知らせ 出前講座 様式本文 妊娠・出産 子育て こどもの健康 教育委員会 教育研究所 文化・スポーツ Culture and sp
23	門川町	新型コロナウイルス感染症対応地方創生臨時交付金の活用状況	https://www.town.kadogawa.lg.jp/administration/finance/page004091.html	新型コロナウイルス感染症対応地方創生臨時交付金の活用状況 | 門川町 背景色変更 白 黒 黄 青 文字サイズ 標準 拡大 リンク集 ご利用ガイド サイト内を検索する Search by Keyword 検索 検索 メニュー 暮らし Live 地域公共交通 戸籍 人権・男女共同参画 マイナンバー トラブル 道路・公園 上水道 し尿・浄化槽 まちづくり 介護 福祉 食育 休日夜間診療 健康 ペット・動植物 ごみ・リサイクル 保険 年金 税 諸証明など お悔やみ 結婚・離婚 引っ越し 就職・退職 住宅 空き家関連 空き家バンク 子育て・教育 Learn 門川町子ども読書活動推進計画（第四次） 講座のお知らせ 出前講座 様式本文 妊娠・出産 子育て こどもの健康 教育委員会 教育研究所 文化・スポーツ Culture
23	門川町	物価高騰対応重点支援地方創生臨時交付金の活用状況	https://www.town.kadogawa.lg.jp/administration/finance/page005119.html	物価高騰対応重点支援地方創生臨時交付金の活用状況 | 門川町 背景色変更 白 黒 黄 青 文字サイズ 標準 拡大 リンク集 ご利用ガイド サイト内を検索する Search by Keyword 検索 検索 メニュー 暮らし Live 令和8年度 帯状疱疹の定期予防接種について 地域公共交通 戸籍 人権・男女共同参画 マイナンバー トラブル 道路・公園 上水道 し尿・浄化槽 まちづくり 介護 福祉 食育 休日夜間診療 健康 ペット・動植物 ごみ・リサイクル 保険 年金 税 諸証明など お悔やみ 結婚・離婚 引っ越し 就職・退職 住宅 空き家関連 空き家バンク 子育て・教育 Learn 門川町立学校の教育職員に関する業務量管理・健康確保措置実施計画 門川町子ども読書活動推進計画（第四次） 講座のお知らせ 出前講座
21	門川町	福祉	https://www.town.kadogawa.lg.jp/live/welfare/	福祉 | 門川町 背景色変更 白 黒 黄 青 文字サイズ 標準 拡大 リンク集 ご利用ガイド サイト内を検索する Search by Keyword 検索 検索 メニュー 暮らし Live 地域公共交通 戸籍 人権・男女共同参画 マイナンバー トラブル 道路・公園 上水道 し尿・浄化槽 まちづくり 介護 福祉 食育 休日夜間診療 健康 ペット・動植物 ごみ・リサイクル 保険 年金 税 諸証明など お悔やみ 結婚・離婚 引っ越し 就職・退職 住宅 空き家関連 空き家バンク 子育て・教育 Learn 妊娠・出産 子育て こどもの健康 教育委員会 教育研究所 文化・スポーツ Culture and sports スポーツキャンプ 市町村対抗駅伝 二十歳の記念式 勤労者体育センター 海浜総合公園 中央公民館 クリエイテ
21	門川町	「学校・家庭・地域連携推進事業費補助金」で設定する重点目標等について	https://www.town.kadogawa.lg.jp/news/general/page005505.html	「学校・家庭・地域連携推進事業費補助金」で設定する重点目標等について | 門川町 背景色変更 白 黒 黄 青 文字サイズ 標準 拡大 リンク集 ご利用ガイド サイト内を検索する Search by Keyword 検索 検索 メニュー 暮らし Live 令和8年度 帯状疱疹の定期予防接種について 地域公共交通 戸籍 人権・男女共同参画 マイナンバー トラブル 道路・公園 上水道 し尿・浄化槽 まちづくり 介護 福祉 食育 休日夜間診療 健康 ペット・動植物 ごみ・リサイクル 保険 年金 税 諸証明など お悔やみ 結婚・離婚 引っ越し 就職・退職 住宅 空き家関連 空き家バンク 子育て・教育 Learn 門川町立学校の教育職員に関する業務量管理・健康確保措置実施計画 門川町子ども読書活動推進計画（第四次） 講座の
20	門川町	後期高齢者医療	https://www.town.kadogawa.lg.jp/live/insurance/page003934.html	後期高齢者医療 | 門川町 背景色変更 白 黒 黄 青 文字サイズ 標準 拡大 リンク集 ご利用ガイド サイト内を検索する Search by Keyword 検索 検索 メニュー 暮らし Live 令和8年度 帯状疱疹の定期予防接種について 地域公共交通 戸籍 人権・男女共同参画 マイナンバー トラブル 道路・公園 上水道 し尿・浄化槽 まちづくり 介護 福祉 食育 休日夜間診療 健康 ペット・動植物 ごみ・リサイクル 保険 年金 税 諸証明など お悔やみ 結婚・離婚 引っ越し 就職・退職 住宅 空き家関連 空き家バンク 子育て・教育 Learn 門川町立学校の教育職員に関する業務量管理・健康確保措置実施計画 門川町子ども読書活動推進計画（第四次） 講座のお知らせ 出前講座 様式本文 妊娠・出産 子育て こど
20	門川町	木造住宅の耐震診断及び耐震改修について	https://www.town.kadogawa.lg.jp/live/house/page001784.html	木造住宅の耐震診断及び耐震改修について | 門川町 背景色変更 白 黒 黄 青 文字サイズ 標準 拡大 リンク集 ご利用ガイド サイト内を検索する Search by Keyword 検索 検索 メニュー 暮らし Live 令和8年度 帯状疱疹の定期予防接種について 地域公共交通 戸籍 人権・男女共同参画 マイナンバー トラブル 道路・公園 上水道 し尿・浄化槽 まちづくり 介護 福祉 食育 休日夜間診療 健康 ペット・動植物 ごみ・リサイクル 保険 年金 税 諸証明など お悔やみ 結婚・離婚 引っ越し 就職・退職 住宅 空き家関連 空き家バンク 子育て・教育 Learn 門川町立学校の教育職員に関する業務量管理・健康確保措置実施計画 門川町子ども読書活動推進計画（第四次） 講座のお知らせ 出前講座 様式本文
20	門川町	子育て支援事業・制度	https://www.town.kadogawa.lg.jp/learn/parenting/system/	子育て支援事業・制度 | 門川町 背景色変更 白 黒 黄 青 文字サイズ 標準 拡大 リンク集 ご利用ガイド サイト内を検索する Search by Keyword 検索 検索 メニュー 暮らし Live 地域公共交通 戸籍 人権・男女共同参画 マイナンバー トラブル 道路・公園 上水道 し尿・浄化槽 まちづくり 介護 福祉 食育 休日夜間診療 健康 ペット・動植物 ごみ・リサイクル 保険 年金 税 諸証明など お悔やみ 結婚・離婚 引っ越し 就職・退職 住宅 空き家関連 空き家バンク 子育て・教育 Learn 妊娠・出産 子育て こどもの健康 教育委員会 教育研究所 文化・スポーツ Culture and sports スポーツキャンプ 市町村対抗駅伝 二十歳の記念式 勤労者体育センター 海浜総合公園 中央公
20	門川町	教育施設利用関係	https://www.town.kadogawa.lg.jp/download/page001698.html	教育施設利用関係 | 門川町 背景色変更 白 黒 黄 青 文字サイズ 標準 拡大 リンク集 ご利用ガイド サイト内を検索する Search by Keyword 検索 検索 メニュー 暮らし Live 地域公共交通 戸籍 人権・男女共同参画 マイナンバー トラブル 道路・公園 上水道 し尿・浄化槽 まちづくり 介護 福祉 食育 休日夜間診療 健康 ペット・動植物 ごみ・リサイクル 保険 年金 税 諸証明など お悔やみ 結婚・離婚 引っ越し 就職・退職 住宅 空き家関連 空き家バンク 子育て・教育 Learn 門川町子ども読書活動推進計画（第四次） 講座のお知らせ 出前講座 様式本文 妊娠・出産 子育て こどもの健康 教育委員会 教育研究所 文化・スポーツ Culture and sports 職場対抗リレーの参
20	門川町	宮崎県最低賃金が時間額1,023円に改定	https://www.town.kadogawa.lg.jp/news/general/page005383.html	宮崎県最低賃金が時間額1,023円に改定 | 門川町 背景色変更 白 黒 黄 青 文字サイズ 標準 拡大 リンク集 ご利用ガイド サイト内を検索する Search by Keyword 検索 検索 メニュー 暮らし Live 地域公共交通 戸籍 人権・男女共同参画 マイナンバー トラブル 道路・公園 上水道 し尿・浄化槽 まちづくり 介護 福祉 食育 休日夜間診療 健康 ペット・動植物 ごみ・リサイクル 保険 年金 税 諸証明など お悔やみ 結婚・離婚 引っ越し 就職・退職 住宅 空き家関連 空き家バンク 子育て・教育 Learn 門川町子ども読書活動推進計画（第四次） 講座のお知らせ 出前講座 様式本文 妊娠・出産 子育て こどもの健康 教育委員会 教育研究所 文化・スポーツ Culture and spor
19	門川町	移住支援制度	https://www.town.kadogawa.lg.jp/live/town-planning/migration-support/	移住支援制度 | 門川町 背景色変更 白 黒 黄 青 文字サイズ 標準 拡大 リンク集 ご利用ガイド サイト内を検索する Search by Keyword 検索 検索 メニュー 暮らし Live 地域公共交通 戸籍 人権・男女共同参画 マイナンバー トラブル 道路・公園 上水道 し尿・浄化槽 まちづくり 介護 福祉 食育 休日夜間診療 健康 ペット・動植物 ごみ・リサイクル 保険 年金 税 諸証明など お悔やみ 結婚・離婚 引っ越し 就職・退職 住宅 空き家関連 空き家バンク 子育て・教育 Learn 妊娠・出産 子育て こどもの健康 教育委員会 教育研究所 文化・スポーツ Culture and sports スポーツキャンプ 市町村対抗駅伝 二十歳の記念式 勤労者体育センター 海浜総合公園 中央公民館 ク
19	門川町	合併浄化槽への転換補助制度について	https://www.town.kadogawa.lg.jp/live/septic_tank/page004065.html	合併浄化槽への転換補助制度について | 門川町 背景色変更 白 黒 黄 青 文字サイズ 標準 拡大 リンク集 ご利用ガイド サイト内を検索する Search by Keyword 検索 検索 メニュー 暮らし Live 令和8年度 帯状疱疹の定期予防接種について 地域公共交通 戸籍 人権・男女共同参画 マイナンバー トラブル 道路・公園 上水道 し尿・浄化槽 まちづくり 介護 福祉 食育 休日夜間診療 健康 ペット・動植物 ごみ・リサイクル 保険 年金 税 諸証明など お悔やみ 結婚・離婚 引っ越し 就職・退職 住宅 空き家関連 空き家バンク 子育て・教育 Learn 門川町立学校の教育職員に関する業務量管理・健康確保措置実施計画 門川町子ども読書活動推進計画（第四次） 講座のお知らせ 出前講座 様式本文 妊娠
19	門川町	不妊治療費助成制度（県）	https://www.town.kadogawa.lg.jp/learn/pregnancy/page000657.html	不妊治療費助成制度（県） | 門川町 背景色変更 白 黒 黄 青 文字サイズ 標準 拡大 リンク集 ご利用ガイド サイト内を検索する Search by Keyword 検索 検索 メニュー 暮らし Live 令和8年度 帯状疱疹の定期予防接種について 地域公共交通 戸籍 人権・男女共同参画 マイナンバー トラブル 道路・公園 上水道 し尿・浄化槽 まちづくり 介護 福祉 食育 休日夜間診療 健康 ペット・動植物 ごみ・リサイクル 保険 年金 税 諸証明など お悔やみ 結婚・離婚 引っ越し 就職・退職 住宅 空き家関連 空き家バンク 子育て・教育 Learn 門川町立学校の教育職員に関する業務量管理・健康確保措置実施計画 門川町子ども読書活動推進計画（第四次） 講座のお知らせ 出前講座 様式本文 妊娠・出産 子
19	門川町	就学援助制度	https://www.town.kadogawa.lg.jp/learn/board/page001036.html	就学援助制度 | 門川町 背景色変更 白 黒 黄 青 文字サイズ 標準 拡大 リンク集 ご利用ガイド サイト内を検索する Search by Keyword 検索 検索 メニュー 暮らし Live 地域公共交通 戸籍 人権・男女共同参画 マイナンバー トラブル 道路・公園 上水道 し尿・浄化槽 まちづくり 介護 福祉 食育 休日夜間診療 健康 ペット・動植物 ごみ・リサイクル 保険 年金 税 諸証明など お悔やみ 結婚・離婚 引っ越し 就職・退職 住宅 空き家関連 空き家バンク 子育て・教育 Learn 門川町子ども読書活動推進計画（第四次） 講座のお知らせ 出前講座 様式本文 妊娠・出産 子育て こどもの健康 教育委員会 教育研究所 文化・スポーツ Culture and sports 職場対抗リレーの参加募
19	門川町	門川町の森林と林業振興	https://www.town.kadogawa.lg.jp/industry/industry/page003778.html	門川町の森林と林業振興 | 門川町 背景色変更 白 黒 黄 青 文字サイズ 標準 拡大 リンク集 ご利用ガイド サイト内を検索する Search by Keyword 検索 検索 メニュー 暮らし Live 地域公共交通 戸籍 人権・男女共同参画 マイナンバー トラブル 道路・公園 上水道 し尿・浄化槽 まちづくり 介護 福祉 食育 休日夜間診療 健康 ペット・動植物 ごみ・リサイクル 保険 年金 税 諸証明など お悔やみ 結婚・離婚 引っ越し 就職・退職 住宅 空き家関連 空き家バンク 子育て・教育 Learn 門川町子ども読書活動推進計画（第四次） 講座のお知らせ 出前講座 様式本文 妊娠・出産 子育て こどもの健康 教育委員会 教育研究所 文化・スポーツ Culture and sports 職場対抗リレ
18	門川町	産業	https://www.town.kadogawa.lg.jp/industry/industry/	産業 | 門川町 背景色変更 白 黒 黄 青 文字サイズ 標準 拡大 リンク集 ご利用ガイド サイト内を検索する Search by Keyword 検索 検索 メニュー 暮らし Live 地域公共交通 戸籍 人権・男女共同参画 マイナンバー トラブル 道路・公園 上水道 し尿・浄化槽 まちづくり 介護 福祉 食育 休日夜間診療 健康 ペット・動植物 ごみ・リサイクル 保険 年金 税 諸証明など お悔やみ 結婚・離婚 引っ越し 就職・退職 住宅 空き家関連 空き家バンク 子育て・教育 Learn 妊娠・出産 子育て こどもの健康 教育委員会 教育研究所 文化・スポーツ Culture and sports スポーツキャンプ 市町村対抗駅伝 二十歳の記念式 勤労者体育センター 海浜総合公園 中央公民館 クリエイテ
18	門川町	企画展示「海のめぐみと暮らして～赤澤家文書に見る近代・門川の産業～」を開催いたします。	https://www.town.kadogawa.lg.jp/news/general/page005624.html	企画展示「海のめぐみと暮らして～赤澤家文書に見る近代・門川の産業～」を開催いたします。 | 門川町 背景色変更 白 黒 黄 青 文字サイズ 標準 拡大 リンク集 ご利用ガイド サイト内を検索する Search by Keyword 検索 検索 メニュー 暮らし Live 令和8年度 帯状疱疹の定期予防接種について 地域公共交通 戸籍 人権・男女共同参画 マイナンバー トラブル 道路・公園 上水道 し尿・浄化槽 まちづくり 介護 福祉 食育 休日夜間診療 健康 ペット・動植物 ごみ・リサイクル 保険 年金 税 諸証明など お悔やみ 結婚・離婚 引っ越し 就職・退職 住宅 空き家関連 空き家バンク 子育て・教育 Learn 門川町立学校の教育職員に関する業務量管理・健康確保措置実施計画 門川町子ども読書活動推進計画
18	門川町	「インドネシア送出機関との企業交流会」開催のお知らせ	https://www.town.kadogawa.lg.jp/news/business/page005328.html	「インドネシア送出機関との企業交流会」開催のお知らせ | 門川町 背景色変更 白 黒 黄 青 文字サイズ 標準 拡大 リンク集 ご利用ガイド サイト内を検索する Search by Keyword 検索 検索 メニュー 暮らし Live 令和8年度 帯状疱疹の定期予防接種について 地域公共交通 戸籍 人権・男女共同参画 マイナンバー トラブル 道路・公園 上水道 し尿・浄化槽 まちづくり 介護 福祉 食育 休日夜間診療 健康 ペット・動植物 ごみ・リサイクル 保険 年金 税 諸証明など お悔やみ 結婚・離婚 引っ越し 就職・退職 住宅 空き家関連 空き家バンク 子育て・教育 Learn 門川町立学校の教育職員に関する業務量管理・健康確保措置実施計画 門川町子ども読書活動推進計画（第四次） 講座のお知らせ 出前講
18	門川町	令和8年度 旧門川町役場旧庁舎解体工事の条件付一般競争入札を実施します	https://www.town.kadogawa.lg.jp/news/business/page005611.html	令和8年度 旧門川町役場旧庁舎解体工事の条件付一般競争入札を実施します | 門川町 背景色変更 白 黒 黄 青 文字サイズ 標準 拡大 リンク集 ご利用ガイド サイト内を検索する Search by Keyword 検索 検索 メニュー 暮らし Live 令和8年度 帯状疱疹の定期予防接種について 地域公共交通 戸籍 人権・男女共同参画 マイナンバー トラブル 道路・公園 上水道 し尿・浄化槽 まちづくり 介護 福祉 食育 休日夜間診療 健康 ペット・動植物 ごみ・リサイクル 保険 年金 税 諸証明など お悔やみ 結婚・離婚 引っ越し 就職・退職 住宅 空き家関連 空き家バンク 子育て・教育 Learn 門川町立学校の教育職員に関する業務量管理・健康確保措置実施計画 門川町子ども読書活動推進計画（第四次） 講座
18	門川町	水道のトラブル	https://www.town.kadogawa.lg.jp/live/trouble/page001314.html	水道のトラブル | 門川町 背景色変更 白 黒 黄 青 文字サイズ 標準 拡大 リンク集 ご利用ガイド サイト内を検索する Search by Keyword 検索 検索 メニュー 暮らし Live 令和8年度 帯状疱疹の定期予防接種について 地域公共交通 戸籍 人権・男女共同参画 マイナンバー トラブル 道路・公園 上水道 し尿・浄化槽 まちづくり 介護 福祉 食育 休日夜間診療 健康 ペット・動植物 ごみ・リサイクル 保険 年金 税 諸証明など お悔やみ 結婚・離婚 引っ越し 就職・退職 住宅 空き家関連 空き家バンク 子育て・教育 Learn 門川町立学校の教育職員に関する業務量管理・健康確保措置実施計画 門川町子ども読書活動推進計画（第四次） 講座のお知らせ 出前講座 様式本文 妊娠・出産 子育て こど
18	門川町	再就職や転職を目指す皆さまへ	https://www.town.kadogawa.lg.jp/live/job/page003588.html	再就職や転職を目指す皆さまへ | 門川町 背景色変更 白 黒 黄 青 文字サイズ 標準 拡大 リンク集 ご利用ガイド サイト内を検索する Search by Keyword 検索 検索 メニュー 暮らし Live 令和8年度 帯状疱疹の定期予防接種について 地域公共交通 戸籍 人権・男女共同参画 マイナンバー トラブル 道路・公園 上水道 し尿・浄化槽 まちづくり 介護 福祉 食育 休日夜間診療 健康 ペット・動植物 ごみ・リサイクル 保険 年金 税 諸証明など お悔やみ 結婚・離婚 引っ越し 就職・退職 住宅 空き家関連 空き家バンク 子育て・教育 Learn 門川町立学校の教育職員に関する業務量管理・健康確保措置実施計画 門川町子ども読書活動推進計画（第四次） 講座のお知らせ 出前講座 様式本文 妊娠・出産
18	門川町	令和8年度 門川町住宅リフォーム商品券を販売します	https://www.town.kadogawa.lg.jp/live/house/page005566.html	令和8年度 門川町住宅リフォーム商品券を販売します | 門川町 背景色変更 白 黒 黄 青 文字サイズ 標準 拡大 リンク集 ご利用ガイド サイト内を検索する Search by Keyword 検索 検索 メニュー 暮らし Live 令和8年度 帯状疱疹の定期予防接種について 地域公共交通 戸籍 人権・男女共同参画 マイナンバー トラブル 道路・公園 上水道 し尿・浄化槽 まちづくり 介護 福祉 食育 休日夜間診療 健康 ペット・動植物 ごみ・リサイクル 保険 年金 税 諸証明など お悔やみ 結婚・離婚 引っ越し 就職・退職 住宅 空き家関連 空き家バンク 子育て・教育 Learn 門川町立学校の教育職員に関する業務量管理・健康確保措置実施計画 門川町子ども読書活動推進計画（第四次） 講座のお知らせ 出前講座
18	門川町	門川町子育て人づくりセンター ひだまりハウス	https://www.town.kadogawa.lg.jp/learn/parenting/page000676.html	門川町子育て人づくりセンター ひだまりハウス | 門川町 背景色変更 白 黒 黄 青 文字サイズ 標準 拡大 リンク集 ご利用ガイド サイト内を検索する Search by Keyword 検索 検索 メニュー 暮らし Live 令和8年度 帯状疱疹の定期予防接種について 地域公共交通 戸籍 人権・男女共同参画 マイナンバー トラブル 道路・公園 上水道 し尿・浄化槽 まちづくり 介護 福祉 食育 休日夜間診療 健康 ペット・動植物 ごみ・リサイクル 保険 年金 税 諸証明など お悔やみ 結婚・離婚 引っ越し 就職・退職 住宅 空き家関連 空き家バンク 子育て・教育 Learn 門川町立学校の教育職員に関する業務量管理・健康確保措置実施計画 門川町子ども読書活動推進計画（第四次） 講座のお知らせ 出前講座 様式
18	門川町	（※今年度分の受付は終了しました。）令和８年度門川町奨学生募集	https://www.town.kadogawa.lg.jp/learn/board/page001026.html	（※今年度分の受付は終了しました。）令和８年度門川町奨学生募集 | 門川町 背景色変更 白 黒 黄 青 文字サイズ 標準 拡大 リンク集 ご利用ガイド サイト内を検索する Search by Keyword 検索 検索 メニュー 暮らし Live 令和8年度 帯状疱疹の定期予防接種について 地域公共交通 戸籍 人権・男女共同参画 マイナンバー トラブル 道路・公園 上水道 し尿・浄化槽 まちづくり 介護 福祉 食育 休日夜間診療 健康 ペット・動植物 ごみ・リサイクル 保険 年金 税 諸証明など お悔やみ 結婚・離婚 引っ越し 就職・退職 住宅 空き家関連 空き家バンク 子育て・教育 Learn 門川町立学校の教育職員に関する業務量管理・健康確保措置実施計画 門川町子ども読書活動推進計画（第四次） 講座のお知ら
18	門川町	個人情報ファイル簿	https://www.town.kadogawa.lg.jp/administration/cat2/page004536.html	個人情報ファイル簿 | 門川町 背景色変更 白 黒 黄 青 文字サイズ 標準 拡大 リンク集 ご利用ガイド サイト内を検索する Search by Keyword 検索 検索 メニュー 暮らし Live 地域公共交通 戸籍 人権・男女共同参画 マイナンバー トラブル 道路・公園 上水道 し尿・浄化槽 まちづくり 介護 福祉 食育 休日夜間診療 健康 ペット・動植物 ごみ・リサイクル 保険 年金 税 諸証明など お悔やみ 結婚・離婚 引っ越し 就職・退職 住宅 空き家関連 空き家バンク 子育て・教育 Learn 門川町子ども読書活動推進計画（第四次） 講座のお知らせ 出前講座 様式本文 妊娠・出産 子育て こどもの健康 教育委員会 教育研究所 文化・スポーツ Culture and sports 職場対抗リレーの
17	門川町	まちづくり活動を応援します！	https://www.town.kadogawa.lg.jp/live/town_planning/page004111.html	まちづくり活動を応援します！ | 門川町 背景色変更 白 黒 黄 青 文字サイズ 標準 拡大 リンク集 ご利用ガイド サイト内を検索する Search by Keyword 検索 検索 メニュー 暮らし Live 令和8年度 帯状疱疹の定期予防接種について 地域公共交通 戸籍 人権・男女共同参画 マイナンバー トラブル 道路・公園 上水道 し尿・浄化槽 まちづくり 介護 福祉 食育 休日夜間診療 健康 ペット・動植物 ごみ・リサイクル 保険 年金 税 諸証明など お悔やみ 結婚・離婚 引っ越し 就職・退職 住宅 空き家関連 空き家バンク 子育て・教育 Learn 門川町立学校の教育職員に関する業務量管理・健康確保措置実施計画 門川町子ども読書活動推進計画（第四次） 講座のお知らせ 出前講座 様式本文 妊娠・出産
16	門川町	保険	https://www.town.kadogawa.lg.jp/live/insurance/	保険 | 門川町 背景色変更 白 黒 黄 青 文字サイズ 標準 拡大 リンク集 ご利用ガイド サイト内を検索する Search by Keyword 検索 検索 メニュー 暮らし Live 地域公共交通 戸籍 人権・男女共同参画 マイナンバー トラブル 道路・公園 上水道 し尿・浄化槽 まちづくり 介護 福祉 食育 休日夜間診療 健康 ペット・動植物 ごみ・リサイクル 保険 年金 税 諸証明など お悔やみ 結婚・離婚 引っ越し 就職・退職 住宅 空き家関連 空き家バンク 子育て・教育 Learn 妊娠・出産 子育て こどもの健康 教育委員会 教育研究所 文化・スポーツ Culture and sports スポーツキャンプ 市町村対抗駅伝 二十歳の記念式 勤労者体育センター 海浜総合公園 中央公民館 クリエイテ
16	門川町	水道検針員の募集について	https://www.town.kadogawa.lg.jp/news/general/page005620.html	水道検針員の募集について | 門川町 背景色変更 白 黒 黄 青 文字サイズ 標準 拡大 リンク集 ご利用ガイド サイト内を検索する Search by Keyword 検索 検索 メニュー 暮らし Live 令和8年度 帯状疱疹の定期予防接種について 地域公共交通 戸籍 人権・男女共同参画 マイナンバー トラブル 道路・公園 上水道 し尿・浄化槽 まちづくり 介護 福祉 食育 休日夜間診療 健康 ペット・動植物 ごみ・リサイクル 保険 年金 税 諸証明など お悔やみ 結婚・離婚 引っ越し 就職・退職 住宅 空き家関連 空き家バンク 子育て・教育 Learn 門川町立学校の教育職員に関する業務量管理・健康確保措置実施計画 門川町子ども読書活動推進計画（第四次） 講座のお知らせ 出前講座 様式本文 妊娠・出産 子
16	門川町	かどっぴータクシー（乗合タクシー）について	https://www.town.kadogawa.lg.jp/live/traffic/page003600.html	かどっぴータクシー（乗合タクシー）について | 門川町 背景色変更 白 黒 黄 青 文字サイズ 標準 拡大 リンク集 ご利用ガイド サイト内を検索する Search by Keyword 検索 検索 メニュー 暮らし Live 令和8年度 帯状疱疹の定期予防接種について 地域公共交通 戸籍 人権・男女共同参画 マイナンバー トラブル 道路・公園 上水道 し尿・浄化槽 まちづくり 介護 福祉 食育 休日夜間診療 健康 ペット・動植物 ごみ・リサイクル 保険 年金 税 諸証明など お悔やみ 結婚・離婚 引っ越し 就職・退職 住宅 空き家関連 空き家バンク 子育て・教育 Learn 門川町立学校の教育職員に関する業務量管理・健康確保措置実施計画 門川町子ども読書活動推進計画（第四次） 講座のお知らせ 出前講座 様式本
16	門川町	社会保障・税番号制度（マイナンバー制度）	https://www.town.kadogawa.lg.jp/live/my_number/page001361.html	社会保障・税番号制度（マイナンバー制度） | 門川町 背景色変更 白 黒 黄 青 文字サイズ 標準 拡大 リンク集 ご利用ガイド サイト内を検索する Search by Keyword 検索 検索 メニュー 暮らし Live 令和8年度 帯状疱疹の定期予防接種について 地域公共交通 戸籍 人権・男女共同参画 マイナンバー トラブル 道路・公園 上水道 し尿・浄化槽 まちづくり 介護 福祉 食育 休日夜間診療 健康 ペット・動植物 ごみ・リサイクル 保険 年金 税 諸証明など お悔やみ 結婚・離婚 引っ越し 就職・退職 住宅 空き家関連 空き家バンク 子育て・教育 Learn 門川町立学校の教育職員に関する業務量管理・健康確保措置実施計画 門川町子ども読書活動推進計画（第四次） 講座のお知らせ 出前講座 様式本文
16	門川町	マイナンバーカードを作りませんか	https://www.town.kadogawa.lg.jp/live/my_number/page003327.html	マイナンバーカードを作りませんか | 門川町 背景色変更 白 黒 黄 青 文字サイズ 標準 拡大 リンク集 ご利用ガイド サイト内を検索する Search by Keyword 検索 検索 メニュー 暮らし Live 令和8年度 帯状疱疹の定期予防接種について 地域公共交通 戸籍 人権・男女共同参画 マイナンバー トラブル 道路・公園 上水道 し尿・浄化槽 まちづくり 介護 福祉 食育 休日夜間診療 健康 ペット・動植物 ごみ・リサイクル 保険 年金 税 諸証明など お悔やみ 結婚・離婚 引っ越し 就職・退職 住宅 空き家関連 空き家バンク 子育て・教育 Learn 門川町立学校の教育職員に関する業務量管理・健康確保措置実施計画 門川町子ども読書活動推進計画（第四次） 講座のお知らせ 出前講座 様式本文 妊娠・
16	門川町	自立支援医療（更生・育成）について	https://www.town.kadogawa.lg.jp/live/welfare/page004359.html	自立支援医療（更生・育成）について | 門川町 背景色変更 白 黒 黄 青 文字サイズ 標準 拡大 リンク集 ご利用ガイド サイト内を検索する Search by Keyword 検索 検索 メニュー 暮らし Live 令和8年度 帯状疱疹の定期予防接種について 地域公共交通 戸籍 人権・男女共同参画 マイナンバー トラブル 道路・公園 上水道 し尿・浄化槽 まちづくり 介護 福祉 食育 休日夜間診療 健康 ペット・動植物 ごみ・リサイクル 保険 年金 税 諸証明など お悔やみ 結婚・離婚 引っ越し 就職・退職 住宅 空き家関連 空き家バンク 子育て・教育 Learn 門川町立学校の教育職員に関する業務量管理・健康確保措置実施計画 門川町子ども読書活動推進計画（第四次） 講座のお知らせ 出前講座 様式本文 妊娠
16	門川町	農業用廃プラスティック適正処理について	https://www.town.kadogawa.lg.jp/industry/agriculture/page001386.html	農業用廃プラスティック適正処理について | 門川町 背景色変更 白 黒 黄 青 文字サイズ 標準 拡大 リンク集 ご利用ガイド サイト内を検索する Search by Keyword 検索 検索 メニュー 暮らし Live 地域公共交通 戸籍 人権・男女共同参画 マイナンバー トラブル 道路・公園 上水道 し尿・浄化槽 まちづくり 介護 福祉 食育 休日夜間診療 健康 ペット・動植物 ごみ・リサイクル 保険 年金 税 諸証明など お悔やみ 結婚・離婚 引っ越し 就職・退職 住宅 空き家関連 空き家バンク 子育て・教育 Learn 門川町子ども読書活動推進計画（第四次） 講座のお知らせ 出前講座 様式本文 妊娠・出産 子育て こどもの健康 教育委員会 教育研究所 文化・スポーツ Culture and sport
16	門川町	介護保険料について	https://www.town.kadogawa.lg.jp/live/insurance/page004864.html	介護保険料について | 門川町 背景色変更 白 黒 黄 青 文字サイズ 標準 拡大 リンク集 ご利用ガイド サイト内を検索する Search by Keyword 検索 検索 メニュー 暮らし Live 令和8年度 帯状疱疹の定期予防接種について 地域公共交通 戸籍 人権・男女共同参画 マイナンバー トラブル 道路・公園 上水道 し尿・浄化槽 まちづくり 介護 福祉 食育 休日夜間診療 健康 ペット・動植物 ごみ・リサイクル 保険 年金 税 諸証明など お悔やみ 結婚・離婚 引っ越し 就職・退職 住宅 空き家関連 空き家バンク 子育て・教育 Learn 門川町立学校の教育職員に関する業務量管理・健康確保措置実施計画 門川町子ども読書活動推進計画（第四次） 講座のお知らせ 出前講座 様式本文 妊娠・出産 子育て
16	門川町	公営住宅入居収入基準について	https://www.town.kadogawa.lg.jp/live/house/page001327.html	公営住宅入居収入基準について | 門川町 背景色変更 白 黒 黄 青 文字サイズ 標準 拡大 リンク集 ご利用ガイド サイト内を検索する Search by Keyword 検索 検索 メニュー 暮らし Live 令和8年度 帯状疱疹の定期予防接種について 地域公共交通 戸籍 人権・男女共同参画 マイナンバー トラブル 道路・公園 上水道 し尿・浄化槽 まちづくり 介護 福祉 食育 休日夜間診療 健康 ペット・動植物 ごみ・リサイクル 保険 年金 税 諸証明など お悔やみ 結婚・離婚 引っ越し 就職・退職 住宅 空き家関連 空き家バンク 子育て・教育 Learn 門川町立学校の教育職員に関する業務量管理・健康確保措置実施計画 門川町子ども読書活動推進計画（第四次） 講座のお知らせ 出前講座 様式本文 妊娠・出産
16	門川町	門川町子育て支援センター	https://www.town.kadogawa.lg.jp/learn/parenting/page000675.html	門川町子育て支援センター | 門川町 背景色変更 白 黒 黄 青 文字サイズ 標準 拡大 リンク集 ご利用ガイド サイト内を検索する Search by Keyword 検索 検索 メニュー 暮らし Live 令和8年度 帯状疱疹の定期予防接種について 地域公共交通 戸籍 人権・男女共同参画 マイナンバー トラブル 道路・公園 上水道 し尿・浄化槽 まちづくり 介護 福祉 食育 休日夜間診療 健康 ペット・動植物 ごみ・リサイクル 保険 年金 税 諸証明など お悔やみ 結婚・離婚 引っ越し 就職・退職 住宅 空き家関連 空き家バンク 子育て・教育 Learn 門川町立学校の教育職員に関する業務量管理・健康確保措置実施計画 門川町子ども読書活動推進計画（第四次） 講座のお知らせ 出前講座 様式本文 妊娠・出産 子
16	門川町	国が設置している無料の経営相談所「宮崎県よろず支援拠点」	https://www.town.kadogawa.lg.jp/industry/industry/page004588.html	国が設置している無料の経営相談所「宮崎県よろず支援拠点」 | 門川町 背景色変更 白 黒 黄 青 文字サイズ 標準 拡大 リンク集 ご利用ガイド サイト内を検索する Search by Keyword 検索 検索 メニュー 暮らし Live 地域公共交通 戸籍 人権・男女共同参画 マイナンバー トラブル 道路・公園 上水道 し尿・浄化槽 まちづくり 介護 福祉 食育 休日夜間診療 健康 ペット・動植物 ごみ・リサイクル 保険 年金 税 諸証明など お悔やみ 結婚・離婚 引っ越し 就職・退職 住宅 空き家関連 空き家バンク 子育て・教育 Learn 門川町子ども読書活動推進計画（第四次） 講座のお知らせ 出前講座 様式本文 妊娠・出産 子育て こどもの健康 教育委員会 教育研究所 文化・スポーツ Culture
16	門川町	証明願・その他手続き	https://www.town.kadogawa.lg.jp/industry/cat1/page005260.html	証明願・その他手続き | 門川町 背景色変更 白 黒 黄 青 文字サイズ 標準 拡大 リンク集 ご利用ガイド サイト内を検索する Search by Keyword 検索 検索 メニュー 暮らし Live 地域公共交通 戸籍 人権・男女共同参画 マイナンバー トラブル 道路・公園 上水道 し尿・浄化槽 まちづくり 介護 福祉 食育 休日夜間診療 健康 ペット・動植物 ごみ・リサイクル 保険 年金 税 諸証明など お悔やみ 結婚・離婚 引っ越し 就職・退職 住宅 空き家関連 空き家バンク 子育て・教育 Learn 門川町子ども読書活動推進計画（第四次） 講座のお知らせ 出前講座 様式本文 妊娠・出産 子育て こどもの健康 教育委員会 教育研究所 文化・スポーツ Culture and sports 職場対抗リレー
16	門川町	税金関係	https://www.town.kadogawa.lg.jp/download/page001364.html	税金関係 | 門川町 背景色変更 白 黒 黄 青 文字サイズ 標準 拡大 リンク集 ご利用ガイド サイト内を検索する Search by Keyword 検索 検索 メニュー 暮らし Live 令和8年度 帯状疱疹の定期予防接種について 地域公共交通 戸籍 人権・男女共同参画 マイナンバー トラブル 道路・公園 上水道 し尿・浄化槽 まちづくり 介護 福祉 食育 休日夜間診療 健康 ペット・動植物 ごみ・リサイクル 保険 年金 税 諸証明など お悔やみ 結婚・離婚 引っ越し 就職・退職 住宅 空き家関連 空き家バンク 子育て・教育 Learn 門川町立学校の教育職員に関する業務量管理・健康確保措置実施計画 門川町子ども読書活動推進計画（第四次） 講座のお知らせ 出前講座 様式本文 妊娠・出産 子育て こどもの健
16	門川町	門川町お試し移住施設	https://www.town.kadogawa.lg.jp/live/town_planning/migration-support/page005132.html	門川町お試し移住施設 | 門川町 背景色変更 白 黒 黄 青 文字サイズ 標準 拡大 リンク集 ご利用ガイド サイト内を検索する Search by Keyword 検索 検索 メニュー 暮らし Live 令和8年度 帯状疱疹の定期予防接種について 地域公共交通 戸籍 人権・男女共同参画 マイナンバー トラブル 道路・公園 上水道 し尿・浄化槽 まちづくり 介護 福祉 食育 休日夜間診療 健康 ペット・動植物 ごみ・リサイクル 保険 年金 税 諸証明など お悔やみ 結婚・離婚 引っ越し 就職・退職 住宅 空き家関連 空き家バンク 子育て・教育 Learn 門川町立学校の教育職員に関する業務量管理・健康確保措置実施計画 門川町子ども読書活動推進計画（第四次） 講座のお知らせ 出前講座 様式本文 妊娠・出産 子育て
16	門川町	「かどがわ応援振興券」の配布について	https://www.town.kadogawa.lg.jp/news/general/page005518.html	「かどがわ応援振興券」の配布について | 門川町 背景色変更 白 黒 黄 青 文字サイズ 標準 拡大 リンク集 ご利用ガイド サイト内を検索する Search by Keyword 検索 検索 メニュー 暮らし Live 地域公共交通 戸籍 人権・男女共同参画 マイナンバー トラブル 道路・公園 上水道 し尿・浄化槽 まちづくり 介護 福祉 食育 休日夜間診療 健康 ペット・動植物 ごみ・リサイクル 保険 年金 税 諸証明など お悔やみ 結婚・離婚 引っ越し 就職・退職 住宅 空き家関連 空き家バンク 子育て・教育 Learn 門川町子ども読書活動推進計画（第四次） 講座のお知らせ 出前講座 様式本文 妊娠・出産 子育て こどもの健康 教育委員会 教育研究所 文化・スポーツ Culture and sports
16	門川町	町民の皆さんとともに創る未来の門川 ― 「門川ラボ」が始動―	https://www.town.kadogawa.lg.jp/news/general/page005284.html	町民の皆さんとともに創る未来の門川 ― 「門川ラボ」が始動― | 門川町 背景色変更 白 黒 黄 青 文字サイズ 標準 拡大 リンク集 ご利用ガイド サイト内を検索する Search by Keyword 検索 検索 メニュー 暮らし Live 地域公共交通 戸籍 人権・男女共同参画 マイナンバー トラブル 道路・公園 上水道 し尿・浄化槽 まちづくり 介護 福祉 食育 休日夜間診療 健康 ペット・動植物 ごみ・リサイクル 保険 年金 税 諸証明など お悔やみ 結婚・離婚 引っ越し 就職・退職 住宅 空き家関連 空き家バンク 子育て・教育 Learn 門川町子ども読書活動推進計画（第四次） 講座のお知らせ 出前講座 様式本文 妊娠・出産 子育て こどもの健康 教育委員会 教育研究所 文化・スポーツ Cultur
