score	organization	title	url	evidence
42	綾町	国民健康保険税	https://www.town.aya.miyazaki.jp/soshiki/tyouminka/3006.html	国民健康保険税 - 綾町ホームページ ページの先頭です。 メニューを飛ばして本文へ 綾町のおすすめ 検索 メニュー 本文へ Foreign language 文字サイズ・色合い変更 文字サイズ 拡大 標準 色合い変更 白 黒 青 閉じる キーワード検索 防災情報 救急・休日当番医 ＜外部リンク＞ くらしの情報 しごとの情報 観光情報 町政情報 綾町のおすすめ 情報をさがす サイト内検索 検索対象 すべて ページ PDF 注目ワード 照葉大吊橋 綾城 日向夏ドリンク「綾夏ちゃん」 綾ユネスコエコパーク もりりん ライフシーンでさがす 妊娠・出産 子育て 入学・入園 就職・退職 引越し・住まい 結婚・離婚 高齢者・介護 おくやみ 組織でさがす カレンダーでさがす 地図でさがす よくある質問 トップページ > 組織で
42	綾町	軽自動車税	https://www.town.aya.miyazaki.jp/soshiki/tyouminka/1050.html	軽自動車税 - 綾町ホームページ ページの先頭です。 メニューを飛ばして本文へ 綾町のおすすめ 検索 メニュー 本文へ Foreign language 文字サイズ・色合い変更 文字サイズ 拡大 標準 色合い変更 白 黒 青 閉じる キーワード検索 防災情報 救急・休日当番医 ＜外部リンク＞ くらしの情報 しごとの情報 観光情報 町政情報 綾町のおすすめ 情報をさがす サイト内検索 検索対象 すべて ページ PDF 注目ワード 照葉大吊橋 綾城 日向夏ドリンク「綾夏ちゃん」 綾ユネスコエコパーク もりりん ライフシーンでさがす 妊娠・出産 子育て 入学・入園 就職・退職 引越し・住まい 結婚・離婚 高齢者・介護 おくやみ 組織でさがす カレンダーでさがす 地図でさがす よくある質問 トップページ > 組織でさが
34	綾町	国民健康保険制度	https://www.town.aya.miyazaki.jp/soshiki/hukusihokenka/1043.html	国民健康保険制度 - 綾町ホームページ ページの先頭です。 メニューを飛ばして本文へ 綾町のおすすめ 検索 メニュー 本文へ Foreign language 文字サイズ・色合い変更 文字サイズ 拡大 標準 色合い変更 白 黒 青 閉じる キーワード検索 防災情報 救急・休日当番医 ＜外部リンク＞ くらしの情報 しごとの情報 観光情報 町政情報 綾町のおすすめ 情報をさがす サイト内検索 検索対象 すべて ページ PDF 注目ワード 照葉大吊橋 綾城 日向夏ドリンク「綾夏ちゃん」 綾ユネスコエコパーク もりりん ライフシーンでさがす 妊娠・出産 子育て 入学・入園 就職・退職 引越し・住まい 結婚・離婚 高齢者・介護 おくやみ 組織でさがす カレンダーでさがす 地図でさがす よくある質問 トップページ > 組織
30	綾町	危険木除去補助事業をご活用ください	https://www.town.aya.miyazaki.jp/soshiki/nourinsinkou/10834.html	危険木除去補助事業をご活用ください - 綾町ホームページ ページの先頭です。 メニューを飛ばして本文へ 綾町のおすすめ 検索 メニュー 本文へ Foreign language 文字サイズ・色合い変更 文字サイズ 拡大 標準 色合い変更 白 黒 青 閉じる キーワード検索 防災情報 救急・休日当番医 ＜外部リンク＞ くらしの情報 しごとの情報 観光情報 町政情報 綾町のおすすめ 情報をさがす サイト内検索 検索対象 すべて ページ PDF 注目ワード 照葉大吊橋 綾城 日向夏ドリンク「綾夏ちゃん」 綾ユネスコエコパーク もりりん ライフシーンでさがす 妊娠・出産 子育て 入学・入園 就職・退職 引越し・住まい 結婚・離婚 高齢者・介護 おくやみ 組織でさがす カレンダーでさがす 地図でさがす よくある質問 トッ
30	綾町	福祉保健課	https://www.town.aya.miyazaki.jp/soshiki/hukusihokenka/	福祉保健課 - 綾町ホームページ ページの先頭です。 メニューを飛ばして本文へ 綾町のおすすめ 検索 メニュー 本文へ Foreign language 文字サイズ・色合い変更 文字サイズ 拡大 標準 色合い変更 白 黒 青 閉じる キーワード検索 防災情報 救急・休日当番医 ＜外部リンク＞ くらしの情報 しごとの情報 観光情報 町政情報 綾町のおすすめ 情報をさがす サイト内検索 検索対象 すべて ページ PDF 注目ワード 照葉大吊橋 綾城 日向夏ドリンク「綾夏ちゃん」 綾ユネスコエコパーク もりりん ライフシーンでさがす 妊娠・出産 子育て 入学・入園 就職・退職 引越し・住まい 結婚・離婚 高齢者・介護 おくやみ 組織でさがす カレンダーでさがす 地図でさがす よくある質問 トップページ > 組織でさが
30	綾町	総合政策課	https://www.town.aya.miyazaki.jp/soshiki/sougouseisakuka/	総合政策課 - 綾町ホームページ ページの先頭です。 メニューを飛ばして本文へ 綾町のおすすめ 検索 メニュー 本文へ Foreign language 文字サイズ・色合い変更 文字サイズ 拡大 標準 色合い変更 白 黒 青 閉じる キーワード検索 防災情報 救急・休日当番医 ＜外部リンク＞ くらしの情報 しごとの情報 観光情報 町政情報 綾町のおすすめ 情報をさがす サイト内検索 検索対象 すべて ページ PDF 注目ワード 照葉大吊橋 綾城 日向夏ドリンク「綾夏ちゃん」 綾ユネスコエコパーク もりりん ライフシーンでさがす 妊娠・出産 子育て 入学・入園 就職・退職 引越し・住まい 結婚・離婚 高齢者・介護 おくやみ 組織でさがす カレンダーでさがす 地図でさがす よくある質問 トップページ > 組織でさが
30	綾町	福祉保健課	https://www.town.aya.miyazaki.jp/soshiki/hukusihokenka/index-2.html	福祉保健課 - 綾町ホームページ ページの先頭です。 メニューを飛ばして本文へ 綾町のおすすめ 検索 メニュー 本文へ Foreign language 文字サイズ・色合い変更 文字サイズ 拡大 標準 色合い変更 白 黒 青 閉じる キーワード検索 防災情報 救急・休日当番医 ＜外部リンク＞ くらしの情報 しごとの情報 観光情報 町政情報 綾町のおすすめ 情報をさがす サイト内検索 検索対象 すべて ページ PDF 注目ワード 照葉大吊橋 綾城 日向夏ドリンク「綾夏ちゃん」 綾ユネスコエコパーク もりりん ライフシーンでさがす 妊娠・出産 子育て 入学・入園 就職・退職 引越し・住まい 結婚・離婚 高齢者・介護 おくやみ 組織でさがす カレンダーでさがす 地図でさがす よくある質問 トップページ > 組織でさが
30	綾町	特別児童扶養手当について	https://www.town.aya.miyazaki.jp/soshiki/hukusihokenka/9890.html	特別児童扶養手当について - 綾町ホームページ ページの先頭です。 メニューを飛ばして本文へ 綾町のおすすめ 検索 メニュー 本文へ Foreign language 文字サイズ・色合い変更 文字サイズ 拡大 標準 色合い変更 白 黒 青 閉じる キーワード検索 防災情報 救急・休日当番医 ＜外部リンク＞ くらしの情報 しごとの情報 観光情報 町政情報 綾町のおすすめ 情報をさがす サイト内検索 検索対象 すべて ページ PDF 注目ワード 照葉大吊橋 綾城 日向夏ドリンク「綾夏ちゃん」 綾ユネスコエコパーク もりりん ライフシーンでさがす 妊娠・出産 子育て 入学・入園 就職・退職 引越し・住まい 結婚・離婚 高齢者・介護 おくやみ 組織でさがす カレンダーでさがす 地図でさがす よくある質問 トップページ
30	綾町	児童扶養手当	https://www.town.aya.miyazaki.jp/soshiki/hukusihokenka/6307.html	児童扶養手当 - 綾町ホームページ ページの先頭です。 メニューを飛ばして本文へ 綾町のおすすめ 検索 メニュー 本文へ Foreign language 文字サイズ・色合い変更 文字サイズ 拡大 標準 色合い変更 白 黒 青 閉じる キーワード検索 防災情報 救急・休日当番医 ＜外部リンク＞ くらしの情報 しごとの情報 観光情報 町政情報 綾町のおすすめ 情報をさがす サイト内検索 検索対象 すべて ページ PDF 注目ワード 照葉大吊橋 綾城 日向夏ドリンク「綾夏ちゃん」 綾ユネスコエコパーク もりりん ライフシーンでさがす 妊娠・出産 子育て 入学・入園 就職・退職 引越し・住まい 結婚・離婚 高齢者・介護 おくやみ 組織でさがす カレンダーでさがす 地図でさがす よくある質問 トップページ > 組織でさ
30	綾町	児童手当について	https://www.town.aya.miyazaki.jp/soshiki/hukusihokenka/6438.html	児童手当について - 綾町ホームページ ページの先頭です。 メニューを飛ばして本文へ 綾町のおすすめ 検索 メニュー 本文へ Foreign language 文字サイズ・色合い変更 文字サイズ 拡大 標準 色合い変更 白 黒 青 閉じる キーワード検索 防災情報 救急・休日当番医 ＜外部リンク＞ くらしの情報 しごとの情報 観光情報 町政情報 綾町のおすすめ 情報をさがす サイト内検索 検索対象 すべて ページ PDF 注目ワード 照葉大吊橋 綾城 日向夏ドリンク「綾夏ちゃん」 綾ユネスコエコパーク もりりん ライフシーンでさがす 妊娠・出産 子育て 入学・入園 就職・退職 引越し・住まい 結婚・離婚 高齢者・介護 おくやみ 組織でさがす カレンダーでさがす 地図でさがす よくある質問 トップページ > 組織
30	綾町	特別障害者手当について	https://www.town.aya.miyazaki.jp/soshiki/hukusihokenka/9290.html	特別障害者手当について - 綾町ホームページ ページの先頭です。 メニューを飛ばして本文へ 綾町のおすすめ 検索 メニュー 本文へ Foreign language 文字サイズ・色合い変更 文字サイズ 拡大 標準 色合い変更 白 黒 青 閉じる キーワード検索 防災情報 救急・休日当番医 ＜外部リンク＞ くらしの情報 しごとの情報 観光情報 町政情報 綾町のおすすめ 情報をさがす サイト内検索 検索対象 すべて ページ PDF 注目ワード 照葉大吊橋 綾城 日向夏ドリンク「綾夏ちゃん」 綾ユネスコエコパーク もりりん ライフシーンでさがす 妊娠・出産 子育て 入学・入園 就職・退職 引越し・住まい 結婚・離婚 高齢者・介護 おくやみ 組織でさがす カレンダーでさがす 地図でさがす よくある質問 トップページ >
30	綾町	綾町介護人材確保事業補助金	https://www.town.aya.miyazaki.jp/soshiki/hukusihokenka/7199.html	綾町介護人材確保事業補助金 - 綾町ホームページ ページの先頭です。 メニューを飛ばして本文へ 綾町のおすすめ 検索 メニュー 本文へ Foreign language 文字サイズ・色合い変更 文字サイズ 拡大 標準 色合い変更 白 黒 青 閉じる キーワード検索 防災情報 救急・休日当番医 ＜外部リンク＞ くらしの情報 しごとの情報 観光情報 町政情報 綾町のおすすめ 情報をさがす サイト内検索 検索対象 すべて ページ PDF 注目ワード 照葉大吊橋 綾城 日向夏ドリンク「綾夏ちゃん」 綾ユネスコエコパーク もりりん ライフシーンでさがす 妊娠・出産 子育て 入学・入園 就職・退職 引越し・住まい 結婚・離婚 高齢者・介護 おくやみ 組織でさがす カレンダーでさがす 地図でさがす よくある質問 トップページ
30	綾町	介護人材確保定住促進支援金	https://www.town.aya.miyazaki.jp/soshiki/hukusihokenka/7196.html	介護人材確保定住促進支援金 - 綾町ホームページ ページの先頭です。 メニューを飛ばして本文へ 綾町のおすすめ 検索 メニュー 本文へ Foreign language 文字サイズ・色合い変更 文字サイズ 拡大 標準 色合い変更 白 黒 青 閉じる キーワード検索 防災情報 救急・休日当番医 ＜外部リンク＞ くらしの情報 しごとの情報 観光情報 町政情報 綾町のおすすめ 情報をさがす サイト内検索 検索対象 すべて ページ PDF 注目ワード 照葉大吊橋 綾城 日向夏ドリンク「綾夏ちゃん」 綾ユネスコエコパーク もりりん ライフシーンでさがす 妊娠・出産 子育て 入学・入園 就職・退職 引越し・住まい 結婚・離婚 高齢者・介護 おくやみ 組織でさがす カレンダーでさがす 地図でさがす よくある質問 トップページ
30	綾町	令和7年度物価高騰対応重点支援地方創生臨時交付金の実施状況	https://www.town.aya.miyazaki.jp/soshiki/sougouseisakuka/10247.html	令和7年度物価高騰対応重点支援地方創生臨時交付金の実施状況 - 綾町ホームページ ページの先頭です。 メニューを飛ばして本文へ 綾町のおすすめ 検索 メニュー 本文へ Foreign language 文字サイズ・色合い変更 文字サイズ 拡大 標準 色合い変更 白 黒 青 閉じる キーワード検索 防災情報 救急・休日当番医 ＜外部リンク＞ くらしの情報 しごとの情報 観光情報 町政情報 綾町のおすすめ 情報をさがす サイト内検索 検索対象 すべて ページ PDF 注目ワード 照葉大吊橋 綾城 日向夏ドリンク「綾夏ちゃん」 綾ユネスコエコパーク もりりん ライフシーンでさがす 妊娠・出産 子育て 入学・入園 就職・退職 引越し・住まい 結婚・離婚 高齢者・介護 おくやみ 組織でさがす カレンダーでさがす 地図でさ
30	綾町	総合政策課	https://www.town.aya.miyazaki.jp/soshiki/sougouseisakuka/index-2.html	総合政策課 - 綾町ホームページ ページの先頭です。 メニューを飛ばして本文へ 綾町のおすすめ 検索 メニュー 本文へ Foreign language 文字サイズ・色合い変更 文字サイズ 拡大 標準 色合い変更 白 黒 青 閉じる キーワード検索 防災情報 救急・休日当番医 ＜外部リンク＞ くらしの情報 しごとの情報 観光情報 町政情報 綾町のおすすめ 情報をさがす サイト内検索 検索対象 すべて ページ PDF 注目ワード 照葉大吊橋 綾城 日向夏ドリンク「綾夏ちゃん」 綾ユネスコエコパーク もりりん ライフシーンでさがす 妊娠・出産 子育て 入学・入園 就職・退職 引越し・住まい 結婚・離婚 高齢者・介護 おくやみ 組織でさがす カレンダーでさがす 地図でさがす よくある質問 トップページ > 組織でさが
30	綾町	令和６年度物価高騰対応重点支援地方創生臨時交付金の効果検証の公表	https://www.town.aya.miyazaki.jp/soshiki/sougouseisakuka/10225.html	令和６年度物価高騰対応重点支援地方創生臨時交付金の効果検証の公表 - 綾町ホームページ ページの先頭です。 メニューを飛ばして本文へ 綾町のおすすめ 検索 メニュー 本文へ Foreign language 文字サイズ・色合い変更 文字サイズ 拡大 標準 色合い変更 白 黒 青 閉じる キーワード検索 防災情報 救急・休日当番医 ＜外部リンク＞ くらしの情報 しごとの情報 観光情報 町政情報 綾町のおすすめ 情報をさがす サイト内検索 検索対象 すべて ページ PDF 注目ワード 照葉大吊橋 綾城 日向夏ドリンク「綾夏ちゃん」 綾ユネスコエコパーク もりりん ライフシーンでさがす 妊娠・出産 子育て 入学・入園 就職・退職 引越し・住まい 結婚・離婚 高齢者・介護 おくやみ 組織でさがす カレンダーでさがす 地
30	綾町	宮崎県UIJターン就活応援補助金	https://www.town.aya.miyazaki.jp/soshiki/sougouseisakuka/9808.html	宮崎県UIJターン就活応援補助金 - 綾町ホームページ ページの先頭です。 メニューを飛ばして本文へ 綾町のおすすめ 検索 メニュー 本文へ Foreign language 文字サイズ・色合い変更 文字サイズ 拡大 標準 色合い変更 白 黒 青 閉じる キーワード検索 防災情報 救急・休日当番医 ＜外部リンク＞ くらしの情報 しごとの情報 観光情報 町政情報 綾町のおすすめ 情報をさがす サイト内検索 検索対象 すべて ページ PDF 注目ワード 照葉大吊橋 綾城 日向夏ドリンク「綾夏ちゃん」 綾ユネスコエコパーク もりりん ライフシーンでさがす 妊娠・出産 子育て 入学・入園 就職・退職 引越し・住まい 結婚・離婚 高齢者・介護 おくやみ 組織でさがす カレンダーでさがす 地図でさがす よくある質問 トップ
30	綾町	令和５年度物価高騰対応重点支援地方創生臨時交付金の効果検証の公表	https://www.town.aya.miyazaki.jp/soshiki/sougouseisakuka/9175.html	令和５年度物価高騰対応重点支援地方創生臨時交付金の効果検証の公表 - 綾町ホームページ ページの先頭です。 メニューを飛ばして本文へ 綾町のおすすめ 検索 メニュー 本文へ Foreign language 文字サイズ・色合い変更 文字サイズ 拡大 標準 色合い変更 白 黒 青 閉じる キーワード検索 防災情報 救急・休日当番医 ＜外部リンク＞ くらしの情報 しごとの情報 観光情報 町政情報 綾町のおすすめ 情報をさがす サイト内検索 検索対象 すべて ページ PDF 注目ワード 照葉大吊橋 綾城 日向夏ドリンク「綾夏ちゃん」 綾ユネスコエコパーク もりりん ライフシーンでさがす 妊娠・出産 子育て 入学・入園 就職・退職 引越し・住まい 結婚・離婚 高齢者・介護 おくやみ 組織でさがす カレンダーでさがす 地
30	綾町	新型コロナウイルス感染症対応地方創生臨時交付金の効果検証の公表	https://www.town.aya.miyazaki.jp/soshiki/sougouseisakuka/6549.html	新型コロナウイルス感染症対応地方創生臨時交付金の効果検証の公表 - 綾町ホームページ ページの先頭です。 メニューを飛ばして本文へ 綾町のおすすめ 検索 メニュー 本文へ Foreign language 文字サイズ・色合い変更 文字サイズ 拡大 標準 色合い変更 白 黒 青 閉じる キーワード検索 防災情報 救急・休日当番医 ＜外部リンク＞ くらしの情報 しごとの情報 観光情報 町政情報 綾町のおすすめ 情報をさがす サイト内検索 検索対象 すべて ページ PDF 注目ワード 照葉大吊橋 綾城 日向夏ドリンク「綾夏ちゃん」 綾ユネスコエコパーク もりりん ライフシーンでさがす 妊娠・出産 子育て 入学・入園 就職・退職 引越し・住まい 結婚・離婚 高齢者・介護 おくやみ 組織でさがす カレンダーでさがす 地図
30	綾町	通学定期券の購入を補助します	https://www.town.aya.miyazaki.jp/soshiki/sougouseisakuka/5672.html	通学定期券の購入を補助します - 綾町ホームページ ページの先頭です。 メニューを飛ばして本文へ 綾町のおすすめ 検索 メニュー 本文へ Foreign language 文字サイズ・色合い変更 文字サイズ 拡大 標準 色合い変更 白 黒 青 閉じる キーワード検索 防災情報 救急・休日当番医 ＜外部リンク＞ くらしの情報 しごとの情報 観光情報 町政情報 綾町のおすすめ 情報をさがす サイト内検索 検索対象 すべて ページ PDF 注目ワード 照葉大吊橋 綾城 日向夏ドリンク「綾夏ちゃん」 綾ユネスコエコパーク もりりん ライフシーンでさがす 妊娠・出産 子育て 入学・入園 就職・退職 引越し・住まい 結婚・離婚 高齢者・介護 おくやみ 組織でさがす カレンダーでさがす 地図でさがす よくある質問 トップペー
30	綾町	住宅への再エネ・省エネ導入を支援します	https://www.town.aya.miyazaki.jp/soshiki/sougouseisakuka/6198.html	住宅への再エネ・省エネ導入を支援します - 綾町ホームページ ページの先頭です。 メニューを飛ばして本文へ 綾町のおすすめ 検索 メニュー 本文へ Foreign language 文字サイズ・色合い変更 文字サイズ 拡大 標準 色合い変更 白 黒 青 閉じる キーワード検索 防災情報 救急・休日当番医 ＜外部リンク＞ くらしの情報 しごとの情報 観光情報 町政情報 綾町のおすすめ 情報をさがす サイト内検索 検索対象 すべて ページ PDF 注目ワード 照葉大吊橋 綾城 日向夏ドリンク「綾夏ちゃん」 綾ユネスコエコパーク もりりん ライフシーンでさがす 妊娠・出産 子育て 入学・入園 就職・退職 引越し・住まい 結婚・離婚 高齢者・介護 おくやみ 組織でさがす カレンダーでさがす 地図でさがす よくある質問
30	綾町	（2次）町民提案型ゆめ応援プロジェクト支援事業の審査結果	https://www.town.aya.miyazaki.jp/soshiki/sougouseisakuka/6114.html	（2次）町民提案型ゆめ応援プロジェクト支援事業の審査結果 - 綾町ホームページ ページの先頭です。 メニューを飛ばして本文へ 綾町のおすすめ 検索 メニュー 本文へ Foreign language 文字サイズ・色合い変更 文字サイズ 拡大 標準 色合い変更 白 黒 青 閉じる キーワード検索 防災情報 救急・休日当番医 ＜外部リンク＞ くらしの情報 しごとの情報 観光情報 町政情報 綾町のおすすめ 情報をさがす サイト内検索 検索対象 すべて ページ PDF 注目ワード 照葉大吊橋 綾城 日向夏ドリンク「綾夏ちゃん」 綾ユネスコエコパーク もりりん ライフシーンでさがす 妊娠・出産 子育て 入学・入園 就職・退職 引越し・住まい 結婚・離婚 高齢者・介護 おくやみ 組織でさがす カレンダーでさがす 地図でさが
30	綾町	町民提案型ゆめ応援プロジェクト支援事業の審査結果	https://www.town.aya.miyazaki.jp/soshiki/sougouseisakuka/5806.html	町民提案型ゆめ応援プロジェクト支援事業の審査結果 - 綾町ホームページ ページの先頭です。 メニューを飛ばして本文へ 綾町のおすすめ 検索 メニュー 本文へ Foreign language 文字サイズ・色合い変更 文字サイズ 拡大 標準 色合い変更 白 黒 青 閉じる キーワード検索 防災情報 救急・休日当番医 ＜外部リンク＞ くらしの情報 しごとの情報 観光情報 町政情報 綾町のおすすめ 情報をさがす サイト内検索 検索対象 すべて ページ PDF 注目ワード 照葉大吊橋 綾城 日向夏ドリンク「綾夏ちゃん」 綾ユネスコエコパーク もりりん ライフシーンでさがす 妊娠・出産 子育て 入学・入園 就職・退職 引越し・住まい 結婚・離婚 高齢者・介護 おくやみ 組織でさがす カレンダーでさがす 地図でさがす よく
30	綾町	綾町空き家・空き店舗活用型チャレンジ支援事業補助金	https://www.town.aya.miyazaki.jp/soshiki/sougouseisakuka/9164.html	綾町空き家・空き店舗活用型チャレンジ支援事業補助金 - 綾町ホームページ ページの先頭です。 メニューを飛ばして本文へ 綾町のおすすめ 検索 メニュー 本文へ Foreign language 文字サイズ・色合い変更 文字サイズ 拡大 標準 色合い変更 白 黒 青 閉じる キーワード検索 防災情報 救急・休日当番医 ＜外部リンク＞ くらしの情報 しごとの情報 観光情報 町政情報 綾町のおすすめ 情報をさがす サイト内検索 検索対象 すべて ページ PDF 注目ワード 照葉大吊橋 綾城 日向夏ドリンク「綾夏ちゃん」 綾ユネスコエコパーク もりりん ライフシーンでさがす 妊娠・出産 子育て 入学・入園 就職・退職 引越し・住まい 結婚・離婚 高齢者・介護 おくやみ 組織でさがす カレンダーでさがす 地図でさがす よ
30	綾町	令和5年度ゆめ応援プロジェクト支援事業の審査結果（追加）	https://www.town.aya.miyazaki.jp/soshiki/sougouseisakuka/6738.html	令和5年度ゆめ応援プロジェクト支援事業の審査結果（追加） - 綾町ホームページ ページの先頭です。 メニューを飛ばして本文へ 綾町のおすすめ 検索 メニュー 本文へ Foreign language 文字サイズ・色合い変更 文字サイズ 拡大 標準 色合い変更 白 黒 青 閉じる キーワード検索 防災情報 救急・休日当番医 ＜外部リンク＞ くらしの情報 しごとの情報 観光情報 町政情報 綾町のおすすめ 情報をさがす サイト内検索 検索対象 すべて ページ PDF 注目ワード 照葉大吊橋 綾城 日向夏ドリンク「綾夏ちゃん」 綾ユネスコエコパーク もりりん ライフシーンでさがす 妊娠・出産 子育て 入学・入園 就職・退職 引越し・住まい 結婚・離婚 高齢者・介護 おくやみ 組織でさがす カレンダーでさがす 地図でさが
30	綾町	綾町への移住定住を支援します	https://www.town.aya.miyazaki.jp/site/iju/5645.html	綾町への移住定住を支援します - 綾町ホームページ ページの先頭です。 メニューを飛ばして本文へ 綾町のおすすめ 検索 メニュー 本文へ Foreign language 文字サイズ・色合い変更 文字サイズ 拡大 標準 色合い変更 白 黒 青 閉じる キーワード検索 防災情報 救急・休日当番医 ＜外部リンク＞ くらしの情報 しごとの情報 観光情報 町政情報 綾町のおすすめ 情報をさがす サイト内検索 検索対象 すべて ページ PDF 注目ワード 照葉大吊橋 綾城 日向夏ドリンク「綾夏ちゃん」 綾ユネスコエコパーク もりりん ライフシーンでさがす 妊娠・出産 子育て 入学・入園 就職・退職 引越し・住まい 結婚・離婚 高齢者・介護 おくやみ 組織でさがす カレンダーでさがす 地図でさがす よくある質問 トップペー
30	綾町	令和5年度ゆめ応援プロジェクト支援事業	https://www.town.aya.miyazaki.jp/soshiki/sougouseisakuka/6592.html	令和5年度ゆめ応援プロジェクト支援事業 - 綾町ホームページ ページの先頭です。 メニューを飛ばして本文へ 綾町のおすすめ 検索 メニュー 本文へ Foreign language 文字サイズ・色合い変更 文字サイズ 拡大 標準 色合い変更 白 黒 青 閉じる キーワード検索 防災情報 救急・休日当番医 ＜外部リンク＞ くらしの情報 しごとの情報 観光情報 町政情報 綾町のおすすめ 情報をさがす サイト内検索 検索対象 すべて ページ PDF 注目ワード 照葉大吊橋 綾城 日向夏ドリンク「綾夏ちゃん」 綾ユネスコエコパーク もりりん ライフシーンでさがす 妊娠・出産 子育て 入学・入園 就職・退職 引越し・住まい 結婚・離婚 高齢者・介護 おくやみ 組織でさがす カレンダーでさがす 地図でさがす よくある質問
30	綾町	高校生等を対象とした補助事業	https://www.town.aya.miyazaki.jp/soshiki/kyouikusoumu/7728.html	高校生等を対象とした補助事業 - 綾町ホームページ ページの先頭です。 メニューを飛ばして本文へ 綾町のおすすめ 検索 メニュー 本文へ Foreign language 文字サイズ・色合い変更 文字サイズ 拡大 標準 色合い変更 白 黒 青 閉じる キーワード検索 防災情報 救急・休日当番医 ＜外部リンク＞ くらしの情報 しごとの情報 観光情報 町政情報 綾町のおすすめ 情報をさがす サイト内検索 検索対象 すべて ページ PDF 注目ワード 照葉大吊橋 綾城 日向夏ドリンク「綾夏ちゃん」 綾ユネスコエコパーク もりりん ライフシーンでさがす 妊娠・出産 子育て 入学・入園 就職・退職 引越し・住まい 結婚・離婚 高齢者・介護 おくやみ 組織でさがす カレンダーでさがす 地図でさがす よくある質問 トップペー
30	綾町	綾町育英会 各種申請書について（様式集)	https://www.town.aya.miyazaki.jp/soshiki/kyouikusoumu/5632.html	綾町育英会 各種申請書について（様式集) - 綾町ホームページ ページの先頭です。 メニューを飛ばして本文へ 綾町のおすすめ 検索 メニュー 本文へ Foreign language 文字サイズ・色合い変更 文字サイズ 拡大 標準 色合い変更 白 黒 青 閉じる キーワード検索 防災情報 救急・休日当番医 ＜外部リンク＞ くらしの情報 しごとの情報 観光情報 町政情報 綾町のおすすめ 情報をさがす サイト内検索 検索対象 すべて ページ PDF 注目ワード 照葉大吊橋 綾城 日向夏ドリンク「綾夏ちゃん」 綾ユネスコエコパーク もりりん ライフシーンでさがす 妊娠・出産 子育て 入学・入園 就職・退職 引越し・住まい 結婚・離婚 高齢者・介護 おくやみ 組織でさがす カレンダーでさがす 地図でさがす よくある質問
30	綾町	令和８年度 保育所・認定こども園の入所案内	https://www.town.aya.miyazaki.jp/soshiki/kyouikusoumu/8731.html	令和８年度 保育所・認定こども園の入所案内 - 綾町ホームページ ページの先頭です。 メニューを飛ばして本文へ 綾町のおすすめ 検索 メニュー 本文へ Foreign language 文字サイズ・色合い変更 文字サイズ 拡大 標準 色合い変更 白 黒 青 閉じる キーワード検索 防災情報 救急・休日当番医 ＜外部リンク＞ くらしの情報 しごとの情報 観光情報 町政情報 綾町のおすすめ 情報をさがす サイト内検索 検索対象 すべて ページ PDF 注目ワード 照葉大吊橋 綾城 日向夏ドリンク「綾夏ちゃん」 綾ユネスコエコパーク もりりん ライフシーンでさがす 妊娠・出産 子育て 入学・入園 就職・退職 引越し・住まい 結婚・離婚 高齢者・介護 おくやみ 組織でさがす カレンダーでさがす 地図でさがす よくある質
30	綾町	小中学校の入学・転校手続き	https://www.town.aya.miyazaki.jp/soshiki/kyouikusoumu/1049.html	小中学校の入学・転校手続き - 綾町ホームページ ページの先頭です。 メニューを飛ばして本文へ 綾町のおすすめ 検索 メニュー 本文へ Foreign language 文字サイズ・色合い変更 文字サイズ 拡大 標準 色合い変更 白 黒 青 閉じる キーワード検索 防災情報 救急・休日当番医 ＜外部リンク＞ くらしの情報 しごとの情報 観光情報 町政情報 綾町のおすすめ 情報をさがす サイト内検索 検索対象 すべて ページ PDF 注目ワード 照葉大吊橋 綾城 日向夏ドリンク「綾夏ちゃん」 綾ユネスコエコパーク もりりん ライフシーンでさがす 妊娠・出産 子育て 入学・入園 就職・退職 引越し・住まい 結婚・離婚 高齢者・介護 おくやみ 組織でさがす カレンダーでさがす 地図でさがす よくある質問 トップページ
30	綾町	ぴったりサービスを活用したオンライン申請	https://www.town.aya.miyazaki.jp/soshiki/0/6772.html	ぴったりサービスを活用したオンライン申請 - 綾町ホームページ ページの先頭です。 メニューを飛ばして本文へ 綾町のおすすめ 検索 メニュー 本文へ Foreign language 文字サイズ・色合い変更 文字サイズ 拡大 標準 色合い変更 白 黒 青 閉じる キーワード検索 防災情報 救急・休日当番医 ＜外部リンク＞ くらしの情報 しごとの情報 観光情報 町政情報 綾町のおすすめ 情報をさがす サイト内検索 検索対象 すべて ページ PDF 注目ワード 照葉大吊橋 綾城 日向夏ドリンク「綾夏ちゃん」 綾ユネスコエコパーク もりりん ライフシーンでさがす 妊娠・出産 子育て 入学・入園 就職・退職 引越し・住まい 結婚・離婚 高齢者・介護 おくやみ 組織でさがす カレンダーでさがす 地図でさがす よくある質問
28	綾町	保険・年金・給付金	https://www.town.aya.miyazaki.jp/life/1/1/4/	保険・年金・給付金 - 綾町ホームページ ページの先頭です。 メニューを飛ばして本文へ 綾町のおすすめ 検索 メニュー 本文へ Foreign language 文字サイズ・色合い変更 文字サイズ 拡大 標準 色合い変更 白 黒 青 閉じる キーワード検索 防災情報 救急・休日当番医 ＜外部リンク＞ くらしの情報 しごとの情報 観光情報 町政情報 綾町のおすすめ 情報をさがす サイト内検索 検索対象 すべて ページ PDF 注目ワード 照葉大吊橋 綾城 日向夏ドリンク「綾夏ちゃん」 綾ユネスコエコパーク もりりん ライフシーンでさがす 妊娠・出産 子育て 入学・入園 就職・退職 引越し・住まい 結婚・離婚 高齢者・介護 おくやみ 組織でさがす カレンダーでさがす 地図でさがす よくある質問 トップページ > 分
28	綾町	高年者等タクシー利用料金助成事業	https://www.town.aya.miyazaki.jp/soshiki/hukusihokenka/7108.html	高年者等タクシー利用料金助成事業 - 綾町ホームページ ページの先頭です。 メニューを飛ばして本文へ 綾町のおすすめ 検索 メニュー 本文へ Foreign language 文字サイズ・色合い変更 文字サイズ 拡大 標準 色合い変更 白 黒 青 閉じる キーワード検索 防災情報 救急・休日当番医 ＜外部リンク＞ くらしの情報 しごとの情報 観光情報 町政情報 綾町のおすすめ 情報をさがす サイト内検索 検索対象 すべて ページ PDF 注目ワード 照葉大吊橋 綾城 日向夏ドリンク「綾夏ちゃん」 綾ユネスコエコパーク もりりん ライフシーンでさがす 妊娠・出産 子育て 入学・入園 就職・退職 引越し・住まい 結婚・離婚 高齢者・介護 おくやみ 組織でさがす カレンダーでさがす 地図でさがす よくある質問 トップ
28	綾町	任意予防接種	https://www.town.aya.miyazaki.jp/site/kenkoucenter/7545.html	任意予防接種 - 綾町ホームページ ページの先頭です。 メニューを飛ばして本文へ 綾町のおすすめ 検索 メニュー 本文へ Foreign language 文字サイズ・色合い変更 文字サイズ 拡大 標準 色合い変更 白 黒 青 閉じる キーワード検索 防災情報 救急・休日当番医 ＜外部リンク＞ くらしの情報 しごとの情報 観光情報 町政情報 綾町のおすすめ 情報をさがす サイト内検索 検索対象 すべて ページ PDF 注目ワード 照葉大吊橋 綾城 日向夏ドリンク「綾夏ちゃん」 綾ユネスコエコパーク もりりん ライフシーンでさがす 妊娠・出産 子育て 入学・入園 就職・退職 引越し・住まい 結婚・離婚 高齢者・介護 おくやみ 組織でさがす カレンダーでさがす 地図でさがす よくある質問 トップページ > 健康セン
28	綾町	不妊検査費用を助成します	https://www.town.aya.miyazaki.jp/soshiki/hukusihokenka/6906.html	不妊検査費用を助成します - 綾町ホームページ ページの先頭です。 メニューを飛ばして本文へ 綾町のおすすめ 検索 メニュー 本文へ Foreign language 文字サイズ・色合い変更 文字サイズ 拡大 標準 色合い変更 白 黒 青 閉じる キーワード検索 防災情報 救急・休日当番医 ＜外部リンク＞ くらしの情報 しごとの情報 観光情報 町政情報 綾町のおすすめ 情報をさがす サイト内検索 検索対象 すべて ページ PDF 注目ワード 照葉大吊橋 綾城 日向夏ドリンク「綾夏ちゃん」 綾ユネスコエコパーク もりりん ライフシーンでさがす 妊娠・出産 子育て 入学・入園 就職・退職 引越し・住まい 結婚・離婚 高齢者・介護 おくやみ 組織でさがす カレンダーでさがす 地図でさがす よくある質問 トップページ
28	綾町	犯罪被害者等の支援	https://www.town.aya.miyazaki.jp/soshiki/soumuka/9480.html	犯罪被害者等の支援 - 綾町ホームページ ページの先頭です。 メニューを飛ばして本文へ 綾町のおすすめ 検索 メニュー 本文へ Foreign language 文字サイズ・色合い変更 文字サイズ 拡大 標準 色合い変更 白 黒 青 閉じる キーワード検索 防災情報 救急・休日当番医 ＜外部リンク＞ くらしの情報 しごとの情報 観光情報 町政情報 綾町のおすすめ 情報をさがす サイト内検索 検索対象 すべて ページ PDF 注目ワード 照葉大吊橋 綾城 日向夏ドリンク「綾夏ちゃん」 綾ユネスコエコパーク もりりん ライフシーンでさがす 妊娠・出産 子育て 入学・入園 就職・退職 引越し・住まい 結婚・離婚 高齢者・介護 おくやみ 組織でさがす カレンダーでさがす 地図でさがす よくある質問 トップページ > 組
26	綾町	障がい福祉サービス・障がい児通所支援について	https://www.town.aya.miyazaki.jp/soshiki/hukusihokenka/5073.html	障がい福祉サービス・障がい児通所支援について - 綾町ホームページ ページの先頭です。 メニューを飛ばして本文へ 綾町のおすすめ 検索 メニュー 本文へ Foreign language 文字サイズ・色合い変更 文字サイズ 拡大 標準 色合い変更 白 黒 青 閉じる キーワード検索 防災情報 救急・休日当番医 ＜外部リンク＞ くらしの情報 しごとの情報 観光情報 町政情報 綾町のおすすめ 情報をさがす サイト内検索 検索対象 すべて ページ PDF 注目ワード 照葉大吊橋 綾城 日向夏ドリンク「綾夏ちゃん」 綾ユネスコエコパーク もりりん ライフシーンでさがす 妊娠・出産 子育て 入学・入園 就職・退職 引越し・住まい 結婚・離婚 高齢者・介護 おくやみ 組織でさがす カレンダーでさがす 地図でさがす よくある
26	綾町	令和８年度綾町育英会奨学生を募集します	https://www.town.aya.miyazaki.jp/soshiki/kyouikusoumu/5482.html	令和８年度綾町育英会奨学生を募集します - 綾町ホームページ ページの先頭です。 メニューを飛ばして本文へ 綾町のおすすめ 検索 メニュー 本文へ Foreign language 文字サイズ・色合い変更 文字サイズ 拡大 標準 色合い変更 白 黒 青 閉じる キーワード検索 防災情報 救急・休日当番医 ＜外部リンク＞ くらしの情報 しごとの情報 観光情報 町政情報 綾町のおすすめ 情報をさがす サイト内検索 検索対象 すべて ページ PDF 注目ワード 照葉大吊橋 綾城 日向夏ドリンク「綾夏ちゃん」 綾ユネスコエコパーク もりりん ライフシーンでさがす 妊娠・出産 子育て 入学・入園 就職・退職 引越し・住まい 結婚・離婚 高齢者・介護 おくやみ 組織でさがす カレンダーでさがす 地図でさがす よくある質問
25	綾町	子ども・子育て・教育	https://www.town.aya.miyazaki.jp/life/1/1/2/	子ども・子育て・教育 - 綾町ホームページ ページの先頭です。 メニューを飛ばして本文へ 綾町のおすすめ 検索 メニュー 本文へ Foreign language 文字サイズ・色合い変更 文字サイズ 拡大 標準 色合い変更 白 黒 青 閉じる キーワード検索 防災情報 救急・休日当番医 ＜外部リンク＞ くらしの情報 しごとの情報 観光情報 町政情報 綾町のおすすめ 情報をさがす サイト内検索 検索対象 すべて ページ PDF 注目ワード 照葉大吊橋 綾城 日向夏ドリンク「綾夏ちゃん」 綾ユネスコエコパーク もりりん ライフシーンでさがす 妊娠・出産 子育て 入学・入園 就職・退職 引越し・住まい 結婚・離婚 高齢者・介護 おくやみ 組織でさがす カレンダーでさがす 地図でさがす よくある質問 トップページ >
25	綾町	妊産婦健康診査の助成	https://www.town.aya.miyazaki.jp/site/kenkoucenter/7472.html	妊産婦健康診査の助成 - 綾町ホームページ ページの先頭です。 メニューを飛ばして本文へ 綾町のおすすめ 検索 メニュー 本文へ Foreign language 文字サイズ・色合い変更 文字サイズ 拡大 標準 色合い変更 白 黒 青 閉じる キーワード検索 防災情報 救急・休日当番医 ＜外部リンク＞ くらしの情報 しごとの情報 観光情報 町政情報 綾町のおすすめ 情報をさがす サイト内検索 検索対象 すべて ページ PDF 注目ワード 照葉大吊橋 綾城 日向夏ドリンク「綾夏ちゃん」 綾ユネスコエコパーク もりりん ライフシーンでさがす 妊娠・出産 子育て 入学・入園 就職・退職 引越し・住まい 結婚・離婚 高齢者・介護 おくやみ 組織でさがす カレンダーでさがす 地図でさがす よくある質問 トップページ >
25	綾町	各種申請書様式のダウンロード（結婚新生活支援）	https://www.town.aya.miyazaki.jp/soshiki/sougouseisakuka/2793.html	各種申請書様式のダウンロード（結婚新生活支援） - 綾町ホームページ ページの先頭です。 メニューを飛ばして本文へ 綾町のおすすめ 検索 メニュー 本文へ Foreign language 文字サイズ・色合い変更 文字サイズ 拡大 標準 色合い変更 白 黒 青 閉じる キーワード検索 防災情報 救急・休日当番医 ＜外部リンク＞ くらしの情報 しごとの情報 観光情報 町政情報 綾町のおすすめ 情報をさがす サイト内検索 検索対象 すべて ページ PDF 注目ワード 照葉大吊橋 綾城 日向夏ドリンク「綾夏ちゃん」 綾ユネスコエコパーク もりりん ライフシーンでさがす 妊娠・出産 子育て 入学・入園 就職・退職 引越し・住まい 結婚・離婚 高齢者・介護 おくやみ 組織でさがす カレンダーでさがす 地図でさがす よくあ
25	綾町	しごとの情報	https://www.town.aya.miyazaki.jp/life/2/2/index-2.html	しごとの情報 - 綾町ホームページ ページの先頭です。 メニューを飛ばして本文へ 綾町のおすすめ 検索 メニュー 本文へ Foreign language 文字サイズ・色合い変更 文字サイズ 拡大 標準 色合い変更 白 黒 青 閉じる キーワード検索 防災情報 救急・休日当番医 ＜外部リンク＞ くらしの情報 しごとの情報 観光情報 町政情報 綾町のおすすめ 情報をさがす サイト内検索 検索対象 すべて ページ PDF 注目ワード 照葉大吊橋 綾城 日向夏ドリンク「綾夏ちゃん」 綾ユネスコエコパーク もりりん ライフシーンでさがす 妊娠・出産 子育て 入学・入園 就職・退職 引越し・住まい 結婚・離婚 高齢者・介護 おくやみ 組織でさがす カレンダーでさがす 地図でさがす よくある質問 トップページ > 分類でさ
24	綾町	住宅耐震化緊急促進アクションプログラムを策定しました	https://www.town.aya.miyazaki.jp/soshiki/kensetuka/9135.html	住宅耐震化緊急促進アクションプログラムを策定しました - 綾町ホームページ ページの先頭です。 メニューを飛ばして本文へ 綾町のおすすめ 検索 メニュー 本文へ Foreign language 文字サイズ・色合い変更 文字サイズ 拡大 標準 色合い変更 白 黒 青 閉じる キーワード検索 防災情報 救急・休日当番医 ＜外部リンク＞ くらしの情報 しごとの情報 観光情報 町政情報 綾町のおすすめ 情報をさがす サイト内検索 検索対象 すべて ページ PDF 注目ワード 照葉大吊橋 綾城 日向夏ドリンク「綾夏ちゃん」 綾ユネスコエコパーク もりりん ライフシーンでさがす 妊娠・出産 子育て 入学・入園 就職・退職 引越し・住まい 結婚・離婚 高齢者・介護 おくやみ 組織でさがす カレンダーでさがす 地図でさがす
24	綾町	各種申請書様式のダウンロード（子ども・子育て）	https://www.town.aya.miyazaki.jp/soshiki/hukusihokenka/4503.html	各種申請書様式のダウンロード（子ども・子育て） - 綾町ホームページ ページの先頭です。 メニューを飛ばして本文へ 綾町のおすすめ 検索 メニュー 本文へ Foreign language 文字サイズ・色合い変更 文字サイズ 拡大 標準 色合い変更 白 黒 青 閉じる キーワード検索 防災情報 救急・休日当番医 ＜外部リンク＞ くらしの情報 しごとの情報 観光情報 町政情報 綾町のおすすめ 情報をさがす サイト内検索 検索対象 すべて ページ PDF 注目ワード 照葉大吊橋 綾城 日向夏ドリンク「綾夏ちゃん」 綾ユネスコエコパーク もりりん ライフシーンでさがす 妊娠・出産 子育て 入学・入園 就職・退職 引越し・住まい 結婚・離婚 高齢者・介護 おくやみ 組織でさがす カレンダーでさがす 地図でさがす よくあ
24	綾町	環境保全型農業直接支払交付金における事業計画を公表します	https://www.town.aya.miyazaki.jp/soshiki/nourinsinkou/8875.html	環境保全型農業直接支払交付金における事業計画を公表します - 綾町ホームページ ページの先頭です。 メニューを飛ばして本文へ 綾町のおすすめ 検索 メニュー 本文へ Foreign language 文字サイズ・色合い変更 文字サイズ 拡大 標準 色合い変更 白 黒 青 閉じる キーワード検索 防災情報 救急・休日当番医 ＜外部リンク＞ くらしの情報 しごとの情報 観光情報 町政情報 綾町のおすすめ 情報をさがす サイト内検索 検索対象 すべて ページ PDF 注目ワード 照葉大吊橋 綾城 日向夏ドリンク「綾夏ちゃん」 綾ユネスコエコパーク もりりん ライフシーンでさがす 妊娠・出産 子育て 入学・入園 就職・退職 引越し・住まい 結婚・離婚 高齢者・介護 おくやみ 組織でさがす カレンダーでさがす 地図でさが
23	綾町	しごとの情報	https://www.town.aya.miyazaki.jp/life/2/2/	しごとの情報 - 綾町ホームページ ページの先頭です。 メニューを飛ばして本文へ 綾町のおすすめ 検索 メニュー 本文へ Foreign language 文字サイズ・色合い変更 文字サイズ 拡大 標準 色合い変更 白 黒 青 閉じる キーワード検索 防災情報 救急・休日当番医 ＜外部リンク＞ くらしの情報 しごとの情報 観光情報 町政情報 綾町のおすすめ 情報をさがす サイト内検索 検索対象 すべて ページ PDF 注目ワード 照葉大吊橋 綾城 日向夏ドリンク「綾夏ちゃん」 綾ユネスコエコパーク もりりん ライフシーンでさがす 妊娠・出産 子育て 入学・入園 就職・退職 引越し・住まい 結婚・離婚 高齢者・介護 おくやみ 組織でさがす カレンダーでさがす 地図でさがす よくある質問 トップページ > 分類でさ
23	綾町	商工業	https://www.town.aya.miyazaki.jp/life/2/2/36/	商工業 - 綾町ホームページ ページの先頭です。 メニューを飛ばして本文へ 綾町のおすすめ 検索 メニュー 本文へ Foreign language 文字サイズ・色合い変更 文字サイズ 拡大 標準 色合い変更 白 黒 青 閉じる キーワード検索 防災情報 救急・休日当番医 ＜外部リンク＞ くらしの情報 しごとの情報 観光情報 町政情報 綾町のおすすめ 情報をさがす サイト内検索 検索対象 すべて ページ PDF 注目ワード 照葉大吊橋 綾城 日向夏ドリンク「綾夏ちゃん」 綾ユネスコエコパーク もりりん ライフシーンでさがす 妊娠・出産 子育て 入学・入園 就職・退職 引越し・住まい 結婚・離婚 高齢者・介護 おくやみ 組織でさがす カレンダーでさがす 地図でさがす よくある質問 トップページ > 分類でさがす
23	綾町	建設課	https://www.town.aya.miyazaki.jp/soshiki/kensetuka/	建設課 - 綾町ホームページ ページの先頭です。 メニューを飛ばして本文へ 綾町のおすすめ 検索 メニュー 本文へ Foreign language 文字サイズ・色合い変更 文字サイズ 拡大 標準 色合い変更 白 黒 青 閉じる キーワード検索 防災情報 救急・休日当番医 ＜外部リンク＞ くらしの情報 しごとの情報 観光情報 町政情報 綾町のおすすめ 情報をさがす サイト内検索 検索対象 すべて ページ PDF 注目ワード 照葉大吊橋 綾城 日向夏ドリンク「綾夏ちゃん」 綾ユネスコエコパーク もりりん ライフシーンでさがす 妊娠・出産 子育て 入学・入園 就職・退職 引越し・住まい 結婚・離婚 高齢者・介護 おくやみ 組織でさがす カレンダーでさがす 地図でさがす よくある質問 トップページ > 組織でさがす
23	綾町	くらしの情報	https://www.town.aya.miyazaki.jp/life/1/1/index-2.html	くらしの情報 - 綾町ホームページ ページの先頭です。 メニューを飛ばして本文へ 綾町のおすすめ 検索 メニュー 本文へ Foreign language 文字サイズ・色合い変更 文字サイズ 拡大 標準 色合い変更 白 黒 青 閉じる キーワード検索 防災情報 救急・休日当番医 ＜外部リンク＞ くらしの情報 しごとの情報 観光情報 町政情報 綾町のおすすめ 情報をさがす サイト内検索 検索対象 すべて ページ PDF 注目ワード 照葉大吊橋 綾城 日向夏ドリンク「綾夏ちゃん」 綾ユネスコエコパーク もりりん ライフシーンでさがす 妊娠・出産 子育て 入学・入園 就職・退職 引越し・住まい 結婚・離婚 高齢者・介護 おくやみ 組織でさがす カレンダーでさがす 地図でさがす よくある質問 トップページ > 分類でさ
22	綾町	健康・福祉・医療	https://www.town.aya.miyazaki.jp/life/1/1/3/	健康・福祉・医療 - 綾町ホームページ ページの先頭です。 メニューを飛ばして本文へ 綾町のおすすめ 検索 メニュー 本文へ Foreign language 文字サイズ・色合い変更 文字サイズ 拡大 標準 色合い変更 白 黒 青 閉じる キーワード検索 防災情報 救急・休日当番医 ＜外部リンク＞ くらしの情報 しごとの情報 観光情報 町政情報 綾町のおすすめ 情報をさがす サイト内検索 検索対象 すべて ページ PDF 注目ワード 照葉大吊橋 綾城 日向夏ドリンク「綾夏ちゃん」 綾ユネスコエコパーク もりりん ライフシーンでさがす 妊娠・出産 子育て 入学・入園 就職・退職 引越し・住まい 結婚・離婚 高齢者・介護 おくやみ 組織でさがす カレンダーでさがす 地図でさがす よくある質問 トップページ > 分類
22	綾町	教育総務課	https://www.town.aya.miyazaki.jp/soshiki/kyouikusoumu/	教育総務課 - 綾町ホームページ ページの先頭です。 メニューを飛ばして本文へ 綾町のおすすめ 検索 メニュー 本文へ Foreign language 文字サイズ・色合い変更 文字サイズ 拡大 標準 色合い変更 白 黒 青 閉じる キーワード検索 防災情報 救急・休日当番医 ＜外部リンク＞ くらしの情報 しごとの情報 観光情報 町政情報 綾町のおすすめ 情報をさがす サイト内検索 検索対象 すべて ページ PDF 注目ワード 照葉大吊橋 綾城 日向夏ドリンク「綾夏ちゃん」 綾ユネスコエコパーク もりりん ライフシーンでさがす 妊娠・出産 子育て 入学・入園 就職・退職 引越し・住まい 結婚・離婚 高齢者・介護 おくやみ 組織でさがす カレンダーでさがす 地図でさがす よくある質問 トップページ > 組織でさが
22	綾町	他の市区町村から引越しして来た方へ（転入届）	https://www.town.aya.miyazaki.jp/soshiki/tyouminka/9514.html	他の市区町村から引越しして来た方へ（転入届） - 綾町ホームページ ページの先頭です。 メニューを飛ばして本文へ 綾町のおすすめ 検索 メニュー 本文へ Foreign language 文字サイズ・色合い変更 文字サイズ 拡大 標準 色合い変更 白 黒 青 閉じる キーワード検索 防災情報 救急・休日当番医 ＜外部リンク＞ くらしの情報 しごとの情報 観光情報 町政情報 綾町のおすすめ 情報をさがす サイト内検索 検索対象 すべて ページ PDF 注目ワード 照葉大吊橋 綾城 日向夏ドリンク「綾夏ちゃん」 綾ユネスコエコパーク もりりん ライフシーンでさがす 妊娠・出産 子育て 入学・入園 就職・退職 引越し・住まい 結婚・離婚 高齢者・介護 おくやみ 組織でさがす カレンダーでさがす 地図でさがす よくある
22	綾町	風しんの追加的対策	https://www.town.aya.miyazaki.jp/site/kenkoucenter/7563.html	風しんの追加的対策 - 綾町ホームページ ページの先頭です。 メニューを飛ばして本文へ 綾町のおすすめ 検索 メニュー 本文へ Foreign language 文字サイズ・色合い変更 文字サイズ 拡大 標準 色合い変更 白 黒 青 閉じる キーワード検索 防災情報 救急・休日当番医 ＜外部リンク＞ くらしの情報 しごとの情報 観光情報 町政情報 綾町のおすすめ 情報をさがす サイト内検索 検索対象 すべて ページ PDF 注目ワード 照葉大吊橋 綾城 日向夏ドリンク「綾夏ちゃん」 綾ユネスコエコパーク もりりん ライフシーンでさがす 妊娠・出産 子育て 入学・入園 就職・退職 引越し・住まい 結婚・離婚 高齢者・介護 おくやみ 組織でさがす カレンダーでさがす 地図でさがす よくある質問 トップページ > 健
22	綾町	教育総務課	https://www.town.aya.miyazaki.jp/soshiki/kyouikusoumu/index-2.html	教育総務課 - 綾町ホームページ ページの先頭です。 メニューを飛ばして本文へ 綾町のおすすめ 検索 メニュー 本文へ Foreign language 文字サイズ・色合い変更 文字サイズ 拡大 標準 色合い変更 白 黒 青 閉じる キーワード検索 防災情報 救急・休日当番医 ＜外部リンク＞ くらしの情報 しごとの情報 観光情報 町政情報 綾町のおすすめ 情報をさがす サイト内検索 検索対象 すべて ページ PDF 注目ワード 照葉大吊橋 綾城 日向夏ドリンク「綾夏ちゃん」 綾ユネスコエコパーク もりりん ライフシーンでさがす 妊娠・出産 子育て 入学・入園 就職・退職 引越し・住まい 結婚・離婚 高齢者・介護 おくやみ 組織でさがす カレンダーでさがす 地図でさがす よくある質問 トップページ > 組織でさが
22	綾町	【綾町育英会】在学証明書及び現況届をご提出ください	https://www.town.aya.miyazaki.jp/soshiki/kyouikusoumu/5663.html	【綾町育英会】在学証明書及び現況届をご提出ください - 綾町ホームページ ページの先頭です。 メニューを飛ばして本文へ 綾町のおすすめ 検索 メニュー 本文へ Foreign language 文字サイズ・色合い変更 文字サイズ 拡大 標準 色合い変更 白 黒 青 閉じる キーワード検索 防災情報 救急・休日当番医 ＜外部リンク＞ くらしの情報 しごとの情報 観光情報 町政情報 綾町のおすすめ 情報をさがす サイト内検索 検索対象 すべて ページ PDF 注目ワード 照葉大吊橋 綾城 日向夏ドリンク「綾夏ちゃん」 綾ユネスコエコパーク もりりん ライフシーンでさがす 妊娠・出産 子育て 入学・入園 就職・退職 引越し・住まい 結婚・離婚 高齢者・介護 おくやみ 組織でさがす カレンダーでさがす 地図でさがす よ
21	綾町	しごとの情報	https://www.town.aya.miyazaki.jp/life/2/index-2.html	しごとの情報 - 綾町ホームページ ページの先頭です。 メニューを飛ばして本文へ 綾町のおすすめ 検索 メニュー 本文へ Foreign language 文字サイズ・色合い変更 文字サイズ 拡大 標準 色合い変更 白 黒 青 閉じる キーワード検索 防災情報 救急・休日当番医 ＜外部リンク＞ くらしの情報 しごとの情報 観光情報 町政情報 綾町のおすすめ 情報をさがす サイト内検索 検索対象 すべて ページ PDF 注目ワード 照葉大吊橋 綾城 日向夏ドリンク「綾夏ちゃん」 綾ユネスコエコパーク もりりん ライフシーンでさがす 妊娠・出産 子育て 入学・入園 就職・退職 引越し・住まい 結婚・離婚 高齢者・介護 おくやみ 組織でさがす カレンダーでさがす 地図でさがす よくある質問 トップページ > 分類でさ
21	綾町	農林振興課	https://www.town.aya.miyazaki.jp/soshiki/nourinsinkou/	農林振興課 - 綾町ホームページ ページの先頭です。 メニューを飛ばして本文へ 綾町のおすすめ 検索 メニュー 本文へ Foreign language 文字サイズ・色合い変更 文字サイズ 拡大 標準 色合い変更 白 黒 青 閉じる キーワード検索 防災情報 救急・休日当番医 ＜外部リンク＞ くらしの情報 しごとの情報 観光情報 町政情報 綾町のおすすめ 情報をさがす サイト内検索 検索対象 すべて ページ PDF 注目ワード 照葉大吊橋 綾城 日向夏ドリンク「綾夏ちゃん」 綾ユネスコエコパーク もりりん ライフシーンでさがす 妊娠・出産 子育て 入学・入園 就職・退職 引越し・住まい 結婚・離婚 高齢者・介護 おくやみ 組織でさがす カレンダーでさがす 地図でさがす よくある質問 トップページ > 組織でさが
21	綾町	麻しん風しんワクチン	https://www.town.aya.miyazaki.jp/site/kenkoucenter/8111.html	麻しん風しんワクチン - 綾町ホームページ ページの先頭です。 メニューを飛ばして本文へ 綾町のおすすめ 検索 メニュー 本文へ Foreign language 文字サイズ・色合い変更 文字サイズ 拡大 標準 色合い変更 白 黒 青 閉じる キーワード検索 防災情報 救急・休日当番医 ＜外部リンク＞ くらしの情報 しごとの情報 観光情報 町政情報 綾町のおすすめ 情報をさがす サイト内検索 検索対象 すべて ページ PDF 注目ワード 照葉大吊橋 綾城 日向夏ドリンク「綾夏ちゃん」 綾ユネスコエコパーク もりりん ライフシーンでさがす 妊娠・出産 子育て 入学・入園 就職・退職 引越し・住まい 結婚・離婚 高齢者・介護 おくやみ 組織でさがす カレンダーでさがす 地図でさがす よくある質問 トップページ >
21	綾町	綾てるはドーム改修工事進捗報告	https://www.town.aya.miyazaki.jp/site/sports/9949.html	綾てるはドーム改修工事進捗報告 - 綾町ホームページ ページの先頭です。 メニューを飛ばして本文へ 綾町のおすすめ 検索 メニュー 本文へ Foreign language 文字サイズ・色合い変更 文字サイズ 拡大 標準 色合い変更 白 黒 青 閉じる キーワード検索 防災情報 救急・休日当番医 ＜外部リンク＞ くらしの情報 しごとの情報 観光情報 町政情報 綾町のおすすめ 情報をさがす サイト内検索 検索対象 すべて ページ PDF 注目ワード 照葉大吊橋 綾城 日向夏ドリンク「綾夏ちゃん」 綾ユネスコエコパーク もりりん ライフシーンでさがす 妊娠・出産 子育て 入学・入園 就職・退職 引越し・住まい 結婚・離婚 高齢者・介護 おくやみ 組織でさがす カレンダーでさがす 地図でさがす よくある質問 トップペ
20	綾町	綾町歯科健診（節目、妊婦）	https://www.town.aya.miyazaki.jp/site/kenkoucenter/10210.html	綾町歯科健診（節目、妊婦） - 綾町ホームページ ページの先頭です。 メニューを飛ばして本文へ 綾町のおすすめ 検索 メニュー 本文へ Foreign language 文字サイズ・色合い変更 文字サイズ 拡大 標準 色合い変更 白 黒 青 閉じる キーワード検索 防災情報 救急・休日当番医 ＜外部リンク＞ くらしの情報 しごとの情報 観光情報 町政情報 綾町のおすすめ 情報をさがす サイト内検索 検索対象 すべて ページ PDF 注目ワード 照葉大吊橋 綾城 日向夏ドリンク「綾夏ちゃん」 綾ユネスコエコパーク もりりん ライフシーンでさがす 妊娠・出産 子育て 入学・入園 就職・退職 引越し・住まい 結婚・離婚 高齢者・介護 おくやみ 組織でさがす カレンダーでさがす 地図でさがす よくある質問 トップページ
20	綾町	令和8年度高齢者等定期予防接種（帯状疱疹）	https://www.town.aya.miyazaki.jp/site/kenkoucenter/9023.html	令和8年度高齢者等定期予防接種（帯状疱疹） - 綾町ホームページ ページの先頭です。 メニューを飛ばして本文へ 綾町のおすすめ 検索 メニュー 本文へ Foreign language 文字サイズ・色合い変更 文字サイズ 拡大 標準 色合い変更 白 黒 青 閉じる キーワード検索 防災情報 救急・休日当番医 ＜外部リンク＞ くらしの情報 しごとの情報 観光情報 町政情報 綾町のおすすめ 情報をさがす サイト内検索 検索対象 すべて ページ PDF 注目ワード 照葉大吊橋 綾城 日向夏ドリンク「綾夏ちゃん」 綾ユネスコエコパーク もりりん ライフシーンでさがす 妊娠・出産 子育て 入学・入園 就職・退職 引越し・住まい 結婚・離婚 高齢者・介護 おくやみ 組織でさがす カレンダーでさがす 地図でさがす よくある質
20	綾町	綾町おやこ手帳アプリ「Aya Baby Memory」の提供を開始しました	https://www.town.aya.miyazaki.jp/site/kenkoucenter/9813.html	綾町おやこ手帳アプリ「Aya Baby Memory」の提供を開始しました - 綾町ホームページ ページの先頭です。 メニューを飛ばして本文へ 綾町のおすすめ 検索 メニュー 本文へ Foreign language 文字サイズ・色合い変更 文字サイズ 拡大 標準 色合い変更 白 黒 青 閉じる キーワード検索 防災情報 救急・休日当番医 ＜外部リンク＞ くらしの情報 しごとの情報 観光情報 町政情報 綾町のおすすめ 情報をさがす サイト内検索 検索対象 すべて ページ PDF 注目ワード 照葉大吊橋 綾城 日向夏ドリンク「綾夏ちゃん」 綾ユネスコエコパーク もりりん ライフシーンでさがす 妊娠・出産 子育て 入学・入園 就職・退職 引越し・住まい 結婚・離婚 高齢者・介護 おくやみ 組織でさがす カレンダーで
20	綾町	スポーツ施設料金表	https://www.town.aya.miyazaki.jp/site/sports/10172.html	スポーツ施設料金表 - 綾町ホームページ ページの先頭です。 メニューを飛ばして本文へ 綾町のおすすめ 検索 メニュー 本文へ Foreign language 文字サイズ・色合い変更 文字サイズ 拡大 標準 色合い変更 白 黒 青 閉じる キーワード検索 防災情報 救急・休日当番医 ＜外部リンク＞ くらしの情報 しごとの情報 観光情報 町政情報 綾町のおすすめ 情報をさがす サイト内検索 検索対象 すべて ページ PDF 注目ワード 照葉大吊橋 綾城 日向夏ドリンク「綾夏ちゃん」 綾ユネスコエコパーク もりりん ライフシーンでさがす 妊娠・出産 子育て 入学・入園 就職・退職 引越し・住まい 結婚・離婚 高齢者・介護 おくやみ 組織でさがす カレンダーでさがす 地図でさがす よくある質問 トップページ > ス
19	綾町	くらしの情報	https://www.town.aya.miyazaki.jp/life/1/1/	くらしの情報 - 綾町ホームページ ページの先頭です。 メニューを飛ばして本文へ 綾町のおすすめ 検索 メニュー 本文へ Foreign language 文字サイズ・色合い変更 文字サイズ 拡大 標準 色合い変更 白 黒 青 閉じる キーワード検索 防災情報 救急・休日当番医 ＜外部リンク＞ くらしの情報 しごとの情報 観光情報 町政情報 綾町のおすすめ 情報をさがす サイト内検索 検索対象 すべて ページ PDF 注目ワード 照葉大吊橋 綾城 日向夏ドリンク「綾夏ちゃん」 綾ユネスコエコパーク もりりん ライフシーンでさがす 妊娠・出産 子育て 入学・入園 就職・退職 引越し・住まい 結婚・離婚 高齢者・介護 おくやみ 組織でさがす カレンダーでさがす 地図でさがす よくある質問 トップページ > 分類でさ
19	綾町	福祉事業	https://www.town.aya.miyazaki.jp/life/2/2/38/	福祉事業 - 綾町ホームページ ページの先頭です。 メニューを飛ばして本文へ 綾町のおすすめ 検索 メニュー 本文へ Foreign language 文字サイズ・色合い変更 文字サイズ 拡大 標準 色合い変更 白 黒 青 閉じる キーワード検索 防災情報 救急・休日当番医 ＜外部リンク＞ くらしの情報 しごとの情報 観光情報 町政情報 綾町のおすすめ 情報をさがす サイト内検索 検索対象 すべて ページ PDF 注目ワード 照葉大吊橋 綾城 日向夏ドリンク「綾夏ちゃん」 綾ユネスコエコパーク もりりん ライフシーンでさがす 妊娠・出産 子育て 入学・入園 就職・退職 引越し・住まい 結婚・離婚 高齢者・介護 おくやみ 組織でさがす カレンダーでさがす 地図でさがす よくある質問 トップページ > 分類でさがす
19	綾町	社会教育課	https://www.town.aya.miyazaki.jp/soshiki/syakaikyouiku/	社会教育課 - 綾町ホームページ ページの先頭です。 メニューを飛ばして本文へ 綾町のおすすめ 検索 メニュー 本文へ Foreign language 文字サイズ・色合い変更 文字サイズ 拡大 標準 色合い変更 白 黒 青 閉じる キーワード検索 防災情報 救急・休日当番医 ＜外部リンク＞ くらしの情報 しごとの情報 観光情報 町政情報 綾町のおすすめ 情報をさがす サイト内検索 検索対象 すべて ページ PDF 注目ワード 照葉大吊橋 綾城 日向夏ドリンク「綾夏ちゃん」 綾ユネスコエコパーク もりりん ライフシーンでさがす 妊娠・出産 子育て 入学・入園 就職・退職 引越し・住まい 結婚・離婚 高齢者・介護 おくやみ 組織でさがす カレンダーでさがす 地図でさがす よくある質問 トップページ > 組織でさが
19	綾町	各種助成	https://www.town.aya.miyazaki.jp/site/kenkoucenter/list66-184.html	各種助成 - 健康センターからのお知らせ - 綾町ホームページ ページの先頭です。 メニューを飛ばして本文へ 綾町のおすすめ 検索 メニュー 本文へ Foreign language 文字サイズ・色合い変更 文字サイズ 拡大 標準 色合い変更 白 黒 青 閉じる キーワード検索 防災情報 救急・休日当番医 ＜外部リンク＞ くらしの情報 しごとの情報 観光情報 町政情報 綾町のおすすめ 情報をさがす サイト内検索 検索対象 すべて ページ PDF 注目ワード 照葉大吊橋 綾城 日向夏ドリンク「綾夏ちゃん」 綾ユネスコエコパーク もりりん ライフシーンでさがす 妊娠・出産 子育て 入学・入園 就職・退職 引越し・住まい 結婚・離婚 高齢者・介護 おくやみ 組織でさがす カレンダーでさがす 地図でさがす よくある質問
18	綾町	住民異動届	https://www.town.aya.miyazaki.jp/soshiki/tyouminka/1034.html	住民異動届 - 綾町ホームページ ページの先頭です。 メニューを飛ばして本文へ 綾町のおすすめ 検索 メニュー 本文へ Foreign language 文字サイズ・色合い変更 文字サイズ 拡大 標準 色合い変更 白 黒 青 閉じる キーワード検索 防災情報 救急・休日当番医 ＜外部リンク＞ くらしの情報 しごとの情報 観光情報 町政情報 綾町のおすすめ 情報をさがす サイト内検索 検索対象 すべて ページ PDF 注目ワード 照葉大吊橋 綾城 日向夏ドリンク「綾夏ちゃん」 綾ユネスコエコパーク もりりん ライフシーンでさがす 妊娠・出産 子育て 入学・入園 就職・退職 引越し・住まい 結婚・離婚 高齢者・介護 おくやみ 組織でさがす カレンダーでさがす 地図でさがす よくある質問 トップページ > 組織でさが
18	綾町	代理人によるマイナンバーカードの受け取り	https://www.town.aya.miyazaki.jp/soshiki/tyouminka/10432.html	代理人によるマイナンバーカードの受け取り - 綾町ホームページ ページの先頭です。 メニューを飛ばして本文へ 綾町のおすすめ 検索 メニュー 本文へ Foreign language 文字サイズ・色合い変更 文字サイズ 拡大 標準 色合い変更 白 黒 青 閉じる キーワード検索 防災情報 救急・休日当番医 ＜外部リンク＞ くらしの情報 しごとの情報 観光情報 町政情報 綾町のおすすめ 情報をさがす サイト内検索 検索対象 すべて ページ PDF 注目ワード 照葉大吊橋 綾城 日向夏ドリンク「綾夏ちゃん」 綾ユネスコエコパーク もりりん ライフシーンでさがす 妊娠・出産 子育て 入学・入園 就職・退職 引越し・住まい 結婚・離婚 高齢者・介護 おくやみ 組織でさがす カレンダーでさがす 地図でさがす よくある質問
18	綾町	引越しワンストップサービスの実施	https://www.town.aya.miyazaki.jp/soshiki/tyouminka/6558.html	引越しワンストップサービスの実施 - 綾町ホームページ ページの先頭です。 メニューを飛ばして本文へ 綾町のおすすめ 検索 メニュー 本文へ Foreign language 文字サイズ・色合い変更 文字サイズ 拡大 標準 色合い変更 白 黒 青 閉じる キーワード検索 防災情報 救急・休日当番医 ＜外部リンク＞ くらしの情報 しごとの情報 観光情報 町政情報 綾町のおすすめ 情報をさがす サイト内検索 検索対象 すべて ページ PDF 注目ワード 照葉大吊橋 綾城 日向夏ドリンク「綾夏ちゃん」 綾ユネスコエコパーク もりりん ライフシーンでさがす 妊娠・出産 子育て 入学・入園 就職・退職 引越し・住まい 結婚・離婚 高齢者・介護 おくやみ 組織でさがす カレンダーでさがす 地図でさがす よくある質問 トップ
18	綾町	日本脳炎予防接種について	https://www.town.aya.miyazaki.jp/site/kenkoucenter/8076.html	日本脳炎予防接種について - 綾町ホームページ ページの先頭です。 メニューを飛ばして本文へ 綾町のおすすめ 検索 メニュー 本文へ Foreign language 文字サイズ・色合い変更 文字サイズ 拡大 標準 色合い変更 白 黒 青 閉じる キーワード検索 防災情報 救急・休日当番医 ＜外部リンク＞ くらしの情報 しごとの情報 観光情報 町政情報 綾町のおすすめ 情報をさがす サイト内検索 検索対象 すべて ページ PDF 注目ワード 照葉大吊橋 綾城 日向夏ドリンク「綾夏ちゃん」 綾ユネスコエコパーク もりりん ライフシーンでさがす 妊娠・出産 子育て 入学・入園 就職・退職 引越し・住まい 結婚・離婚 高齢者・介護 おくやみ 組織でさがす カレンダーでさがす 地図でさがす よくある質問 トップページ
18	綾町	RSウイルスワクチン	https://www.town.aya.miyazaki.jp/site/kenkoucenter/10275.html	RSウイルスワクチン - 綾町ホームページ ページの先頭です。 メニューを飛ばして本文へ 綾町のおすすめ 検索 メニュー 本文へ Foreign language 文字サイズ・色合い変更 文字サイズ 拡大 標準 色合い変更 白 黒 青 閉じる キーワード検索 防災情報 救急・休日当番医 ＜外部リンク＞ くらしの情報 しごとの情報 観光情報 町政情報 綾町のおすすめ 情報をさがす サイト内検索 検索対象 すべて ページ PDF 注目ワード 照葉大吊橋 綾城 日向夏ドリンク「綾夏ちゃん」 綾ユネスコエコパーク もりりん ライフシーンでさがす 妊娠・出産 子育て 入学・入園 就職・退職 引越し・住まい 結婚・離婚 高齢者・介護 おくやみ 組織でさがす カレンダーでさがす 地図でさがす よくある質問 トップページ >
18	綾町	子宮頸がん予防ワクチン（HPVワクチン）	https://www.town.aya.miyazaki.jp/site/kenkoucenter/7895.html	子宮頸がん予防ワクチン（HPVワクチン） - 綾町ホームページ ページの先頭です。 メニューを飛ばして本文へ 綾町のおすすめ 検索 メニュー 本文へ Foreign language 文字サイズ・色合い変更 文字サイズ 拡大 標準 色合い変更 白 黒 青 閉じる キーワード検索 防災情報 救急・休日当番医 ＜外部リンク＞ くらしの情報 しごとの情報 観光情報 町政情報 綾町のおすすめ 情報をさがす サイト内検索 検索対象 すべて ページ PDF 注目ワード 照葉大吊橋 綾城 日向夏ドリンク「綾夏ちゃん」 綾ユネスコエコパーク もりりん ライフシーンでさがす 妊娠・出産 子育て 入学・入園 就職・退職 引越し・住まい 結婚・離婚 高齢者・介護 おくやみ 組織でさがす カレンダーでさがす 地図でさがす よくある質問
18	綾町	予防接種実施医療機関	https://www.town.aya.miyazaki.jp/site/kenkoucenter/8077.html	予防接種実施医療機関 - 綾町ホームページ ページの先頭です。 メニューを飛ばして本文へ 綾町のおすすめ 検索 メニュー 本文へ Foreign language 文字サイズ・色合い変更 文字サイズ 拡大 標準 色合い変更 白 黒 青 閉じる キーワード検索 防災情報 救急・休日当番医 ＜外部リンク＞ くらしの情報 しごとの情報 観光情報 町政情報 綾町のおすすめ 情報をさがす サイト内検索 検索対象 すべて ページ PDF 注目ワード 照葉大吊橋 綾城 日向夏ドリンク「綾夏ちゃん」 綾ユネスコエコパーク もりりん ライフシーンでさがす 妊娠・出産 子育て 入学・入園 就職・退職 引越し・住まい 結婚・離婚 高齢者・介護 おくやみ 組織でさがす カレンダーでさがす 地図でさがす よくある質問 トップページ >
18	綾町	令和8年度 乳幼児健康診査	https://www.town.aya.miyazaki.jp/site/kenkoucenter/10381.html	令和8年度 乳幼児健康診査 - 綾町ホームページ ページの先頭です。 メニューを飛ばして本文へ 綾町のおすすめ 検索 メニュー 本文へ Foreign language 文字サイズ・色合い変更 文字サイズ 拡大 標準 色合い変更 白 黒 青 閉じる キーワード検索 防災情報 救急・休日当番医 ＜外部リンク＞ くらしの情報 しごとの情報 観光情報 町政情報 綾町のおすすめ 情報をさがす サイト内検索 検索対象 すべて ページ PDF 注目ワード 照葉大吊橋 綾城 日向夏ドリンク「綾夏ちゃん」 綾ユネスコエコパーク もりりん ライフシーンでさがす 妊娠・出産 子育て 入学・入園 就職・退職 引越し・住まい 結婚・離婚 高齢者・介護 おくやみ 組織でさがす カレンダーでさがす 地図でさがす よくある質問 トップページ
18	綾町	令和8年度高齢者等定期予防接種（肺炎球菌）	https://www.town.aya.miyazaki.jp/site/kenkoucenter/10370.html	令和8年度高齢者等定期予防接種（肺炎球菌） - 綾町ホームページ ページの先頭です。 メニューを飛ばして本文へ 綾町のおすすめ 検索 メニュー 本文へ Foreign language 文字サイズ・色合い変更 文字サイズ 拡大 標準 色合い変更 白 黒 青 閉じる キーワード検索 防災情報 救急・休日当番医 ＜外部リンク＞ くらしの情報 しごとの情報 観光情報 町政情報 綾町のおすすめ 情報をさがす サイト内検索 検索対象 すべて ページ PDF 注目ワード 照葉大吊橋 綾城 日向夏ドリンク「綾夏ちゃん」 綾ユネスコエコパーク もりりん ライフシーンでさがす 妊娠・出産 子育て 入学・入園 就職・退職 引越し・住まい 結婚・離婚 高齢者・介護 おくやみ 組織でさがす カレンダーでさがす 地図でさがす よくある質
18	綾町	令和8年度 各種健(検)診のご案内	https://www.town.aya.miyazaki.jp/site/kenkoucenter/10004.html	令和8年度 各種健(検)診のご案内 - 綾町ホームページ ページの先頭です。 メニューを飛ばして本文へ 綾町のおすすめ 検索 メニュー 本文へ Foreign language 文字サイズ・色合い変更 文字サイズ 拡大 標準 色合い変更 白 黒 青 閉じる キーワード検索 防災情報 救急・休日当番医 ＜外部リンク＞ くらしの情報 しごとの情報 観光情報 町政情報 綾町のおすすめ 情報をさがす サイト内検索 検索対象 すべて ページ PDF 注目ワード 照葉大吊橋 綾城 日向夏ドリンク「綾夏ちゃん」 綾ユネスコエコパーク もりりん ライフシーンでさがす 妊娠・出産 子育て 入学・入園 就職・退職 引越し・住まい 結婚・離婚 高齢者・介護 おくやみ 組織でさがす カレンダーでさがす 地図でさがす よくある質問 トッ
18	綾町	高齢者の肺炎球菌ワクチン	https://www.town.aya.miyazaki.jp/site/kenkoucenter/10091.html	高齢者の肺炎球菌ワクチン - 綾町ホームページ ページの先頭です。 メニューを飛ばして本文へ 綾町のおすすめ 検索 メニュー 本文へ Foreign language 文字サイズ・色合い変更 文字サイズ 拡大 標準 色合い変更 白 黒 青 閉じる キーワード検索 防災情報 救急・休日当番医 ＜外部リンク＞ くらしの情報 しごとの情報 観光情報 町政情報 綾町のおすすめ 情報をさがす サイト内検索 検索対象 すべて ページ PDF 注目ワード 照葉大吊橋 綾城 日向夏ドリンク「綾夏ちゃん」 綾ユネスコエコパーク もりりん ライフシーンでさがす 妊娠・出産 子育て 入学・入園 就職・退職 引越し・住まい 結婚・離婚 高齢者・介護 おくやみ 組織でさがす カレンダーでさがす 地図でさがす よくある質問 トップページ
18	綾町	出産・子育て応援事業	https://www.town.aya.miyazaki.jp/site/kenkoucenter/7470.html	出産・子育て応援事業 - 綾町ホームページ ページの先頭です。 メニューを飛ばして本文へ 綾町のおすすめ 検索 メニュー 本文へ Foreign language 文字サイズ・色合い変更 文字サイズ 拡大 標準 色合い変更 白 黒 青 閉じる キーワード検索 防災情報 救急・休日当番医 ＜外部リンク＞ くらしの情報 しごとの情報 観光情報 町政情報 綾町のおすすめ 情報をさがす サイト内検索 検索対象 すべて ページ PDF 注目ワード 照葉大吊橋 綾城 日向夏ドリンク「綾夏ちゃん」 綾ユネスコエコパーク もりりん ライフシーンでさがす 妊娠・出産 子育て 入学・入園 就職・退職 引越し・住まい 結婚・離婚 高齢者・介護 おくやみ 組織でさがす カレンダーでさがす 地図でさがす よくある質問 トップページ >
18	綾町	介護保険料の納付をお願いします	https://www.town.aya.miyazaki.jp/soshiki/hukusihokenka/8058.html	介護保険料の納付をお願いします - 綾町ホームページ ページの先頭です。 メニューを飛ばして本文へ 綾町のおすすめ 検索 メニュー 本文へ Foreign language 文字サイズ・色合い変更 文字サイズ 拡大 標準 色合い変更 白 黒 青 閉じる キーワード検索 防災情報 救急・休日当番医 ＜外部リンク＞ くらしの情報 しごとの情報 観光情報 町政情報 綾町のおすすめ 情報をさがす サイト内検索 検索対象 すべて ページ PDF 注目ワード 照葉大吊橋 綾城 日向夏ドリンク「綾夏ちゃん」 綾ユネスコエコパーク もりりん ライフシーンでさがす 妊娠・出産 子育て 入学・入園 就職・退職 引越し・住まい 結婚・離婚 高齢者・介護 おくやみ 組織でさがす カレンダーでさがす 地図でさがす よくある質問 トップペ
18	綾町	後期高齢者医療制度について	https://www.town.aya.miyazaki.jp/soshiki/hukusihokenka/1702.html	後期高齢者医療制度について - 綾町ホームページ ページの先頭です。 メニューを飛ばして本文へ 綾町のおすすめ 検索 メニュー 本文へ Foreign language 文字サイズ・色合い変更 文字サイズ 拡大 標準 色合い変更 白 黒 青 閉じる キーワード検索 防災情報 救急・休日当番医 ＜外部リンク＞ くらしの情報 しごとの情報 観光情報 町政情報 綾町のおすすめ 情報をさがす サイト内検索 検索対象 すべて ページ PDF 注目ワード 照葉大吊橋 綾城 日向夏ドリンク「綾夏ちゃん」 綾ユネスコエコパーク もりりん ライフシーンでさがす 妊娠・出産 子育て 入学・入園 就職・退職 引越し・住まい 結婚・離婚 高齢者・介護 おくやみ 組織でさがす カレンダーでさがす 地図でさがす よくある質問 トップページ
18	綾町	綾町新型インフルエンザ等対策行動計画	https://www.town.aya.miyazaki.jp/site/kenkoucenter/10274.html	綾町新型インフルエンザ等対策行動計画 - 綾町ホームページ ページの先頭です。 メニューを飛ばして本文へ 綾町のおすすめ 検索 メニュー 本文へ Foreign language 文字サイズ・色合い変更 文字サイズ 拡大 標準 色合い変更 白 黒 青 閉じる キーワード検索 防災情報 救急・休日当番医 ＜外部リンク＞ くらしの情報 しごとの情報 観光情報 町政情報 綾町のおすすめ 情報をさがす サイト内検索 検索対象 すべて ページ PDF 注目ワード 照葉大吊橋 綾城 日向夏ドリンク「綾夏ちゃん」 綾ユネスコエコパーク もりりん ライフシーンでさがす 妊娠・出産 子育て 入学・入園 就職・退職 引越し・住まい 結婚・離婚 高齢者・介護 おくやみ 組織でさがす カレンダーでさがす 地図でさがす よくある質問 ト
18	綾町	健康増進計画	https://www.town.aya.miyazaki.jp/site/kenkoucenter/7832.html	健康増進計画 - 綾町ホームページ ページの先頭です。 メニューを飛ばして本文へ 綾町のおすすめ 検索 メニュー 本文へ Foreign language 文字サイズ・色合い変更 文字サイズ 拡大 標準 色合い変更 白 黒 青 閉じる キーワード検索 防災情報 救急・休日当番医 ＜外部リンク＞ くらしの情報 しごとの情報 観光情報 町政情報 綾町のおすすめ 情報をさがす サイト内検索 検索対象 すべて ページ PDF 注目ワード 照葉大吊橋 綾城 日向夏ドリンク「綾夏ちゃん」 綾ユネスコエコパーク もりりん ライフシーンでさがす 妊娠・出産 子育て 入学・入園 就職・退職 引越し・住まい 結婚・離婚 高齢者・介護 おくやみ 組織でさがす カレンダーでさがす 地図でさがす よくある質問 トップページ > 健康セン
18	綾町	中山間地域等直接支払制度	https://www.town.aya.miyazaki.jp/soshiki/nourinsinkou/9724.html	中山間地域等直接支払制度 - 綾町ホームページ ページの先頭です。 メニューを飛ばして本文へ 綾町のおすすめ 検索 メニュー 本文へ Foreign language 文字サイズ・色合い変更 文字サイズ 拡大 標準 色合い変更 白 黒 青 閉じる キーワード検索 防災情報 救急・休日当番医 ＜外部リンク＞ くらしの情報 しごとの情報 観光情報 町政情報 綾町のおすすめ 情報をさがす サイト内検索 検索対象 すべて ページ PDF 注目ワード 照葉大吊橋 綾城 日向夏ドリンク「綾夏ちゃん」 綾ユネスコエコパーク もりりん ライフシーンでさがす 妊娠・出産 子育て 入学・入園 就職・退職 引越し・住まい 結婚・離婚 高齢者・介護 おくやみ 組織でさがす カレンダーでさがす 地図でさがす よくある質問 トップページ
17	綾町	てるはドーム 施設案内	https://www.town.aya.miyazaki.jp/site/sports/1172.html	てるはドーム 施設案内 - 綾町ホームページ ページの先頭です。 メニューを飛ばして本文へ 綾町のおすすめ 検索 メニュー 本文へ Foreign language 文字サイズ・色合い変更 文字サイズ 拡大 標準 色合い変更 白 黒 青 閉じる キーワード検索 防災情報 救急・休日当番医 ＜外部リンク＞ くらしの情報 しごとの情報 観光情報 町政情報 綾町のおすすめ 情報をさがす サイト内検索 検索対象 すべて ページ PDF 注目ワード 照葉大吊橋 綾城 日向夏ドリンク「綾夏ちゃん」 綾ユネスコエコパーク もりりん ライフシーンでさがす 妊娠・出産 子育て 入学・入園 就職・退職 引越し・住まい 結婚・離婚 高齢者・介護 おくやみ 組織でさがす カレンダーでさがす 地図でさがす よくある質問 トップページ >
17	綾町	おすすめ	https://www.town.aya.miyazaki.jp/soshiki/list7-2.html	おすすめ - 綾町ホームページ ページの先頭です。 メニューを飛ばして本文へ 綾町のおすすめ 検索 メニュー 本文へ Foreign language 文字サイズ・色合い変更 文字サイズ 拡大 標準 色合い変更 白 黒 青 閉じる キーワード検索 防災情報 救急・休日当番医 ＜外部リンク＞ くらしの情報 しごとの情報 観光情報 町政情報 綾町のおすすめ 情報をさがす サイト内検索 検索対象 すべて ページ PDF 注目ワード 照葉大吊橋 綾城 日向夏ドリンク「綾夏ちゃん」 綾ユネスコエコパーク もりりん ライフシーンでさがす 妊娠・出産 子育て 入学・入園 就職・退職 引越し・住まい 結婚・離婚 高齢者・介護 おくやみ 組織でさがす カレンダーでさがす 地図でさがす よくある質問 トップページ > おすすめ 本
16	綾町	マイナンバーカードの本人確認書類	https://www.town.aya.miyazaki.jp/soshiki/tyouminka/10443.html	マイナンバーカードの本人確認書類 - 綾町ホームページ ページの先頭です。 メニューを飛ばして本文へ 綾町のおすすめ 検索 メニュー 本文へ Foreign language 文字サイズ・色合い変更 文字サイズ 拡大 標準 色合い変更 白 黒 青 閉じる キーワード検索 防災情報 救急・休日当番医 ＜外部リンク＞ くらしの情報 しごとの情報 観光情報 町政情報 綾町のおすすめ 情報をさがす サイト内検索 検索対象 すべて ページ PDF 注目ワード 照葉大吊橋 綾城 日向夏ドリンク「綾夏ちゃん」 綾ユネスコエコパーク もりりん ライフシーンでさがす 妊娠・出産 子育て 入学・入園 就職・退職 引越し・住まい 結婚・離婚 高齢者・介護 おくやみ 組織でさがす カレンダーでさがす 地図でさがす よくある質問 トップ
16	綾町	綾町内で引っ越しされた方へ（転居届）	https://www.town.aya.miyazaki.jp/soshiki/tyouminka/9515.html	綾町内で引っ越しされた方へ（転居届） - 綾町ホームページ ページの先頭です。 メニューを飛ばして本文へ 綾町のおすすめ 検索 メニュー 本文へ Foreign language 文字サイズ・色合い変更 文字サイズ 拡大 標準 色合い変更 白 黒 青 閉じる キーワード検索 防災情報 救急・休日当番医 ＜外部リンク＞ くらしの情報 しごとの情報 観光情報 町政情報 綾町のおすすめ 情報をさがす サイト内検索 検索対象 すべて ページ PDF 注目ワード 照葉大吊橋 綾城 日向夏ドリンク「綾夏ちゃん」 綾ユネスコエコパーク もりりん ライフシーンでさがす 妊娠・出産 子育て 入学・入園 就職・退職 引越し・住まい 結婚・離婚 高齢者・介護 おくやみ 組織でさがす カレンダーでさがす 地図でさがす よくある質問 ト
16	綾町	他の市区町村へ引越しされる方へ（転出届）	https://www.town.aya.miyazaki.jp/soshiki/tyouminka/9516.html	他の市区町村へ引越しされる方へ（転出届） - 綾町ホームページ ページの先頭です。 メニューを飛ばして本文へ 綾町のおすすめ 検索 メニュー 本文へ Foreign language 文字サイズ・色合い変更 文字サイズ 拡大 標準 色合い変更 白 黒 青 閉じる キーワード検索 防災情報 救急・休日当番医 ＜外部リンク＞ くらしの情報 しごとの情報 観光情報 町政情報 綾町のおすすめ 情報をさがす サイト内検索 検索対象 すべて ページ PDF 注目ワード 照葉大吊橋 綾城 日向夏ドリンク「綾夏ちゃん」 綾ユネスコエコパーク もりりん ライフシーンでさがす 妊娠・出産 子育て 入学・入園 就職・退職 引越し・住まい 結婚・離婚 高齢者・介護 おくやみ 組織でさがす カレンダーでさがす 地図でさがす よくある質問
16	綾町	ご家族が亡くなられたときの各種手続きのご案内	https://www.town.aya.miyazaki.jp/soshiki/tyouminka/9520.html	ご家族が亡くなられたときの各種手続きのご案内 - 綾町ホームページ ページの先頭です。 メニューを飛ばして本文へ 綾町のおすすめ 検索 メニュー 本文へ Foreign language 文字サイズ・色合い変更 文字サイズ 拡大 標準 色合い変更 白 黒 青 閉じる キーワード検索 防災情報 救急・休日当番医 ＜外部リンク＞ くらしの情報 しごとの情報 観光情報 町政情報 綾町のおすすめ 情報をさがす サイト内検索 検索対象 すべて ページ PDF 注目ワード 照葉大吊橋 綾城 日向夏ドリンク「綾夏ちゃん」 綾ユネスコエコパーク もりりん ライフシーンでさがす 妊娠・出産 子育て 入学・入園 就職・退職 引越し・住まい 結婚・離婚 高齢者・介護 おくやみ 組織でさがす カレンダーでさがす 地図でさがす よくある
16	綾町	旧氏の振り仮名記載について（令和7年5月25日までに住民票に旧氏の記載をされている方）	https://www.town.aya.miyazaki.jp/soshiki/tyouminka/9601.html	旧氏の振り仮名記載について（令和7年5月25日までに住民票に旧氏の記載をされている方） - 綾町ホームページ ページの先頭です。 メニューを飛ばして本文へ 綾町のおすすめ 検索 メニュー 本文へ Foreign language 文字サイズ・色合い変更 文字サイズ 拡大 標準 色合い変更 白 黒 青 閉じる キーワード検索 防災情報 救急・休日当番医 ＜外部リンク＞ くらしの情報 しごとの情報 観光情報 町政情報 綾町のおすすめ 情報をさがす サイト内検索 検索対象 すべて ページ PDF 注目ワード 照葉大吊橋 綾城 日向夏ドリンク「綾夏ちゃん」 綾ユネスコエコパーク もりりん ライフシーンでさがす 妊娠・出産 子育て 入学・入園 就職・退職 引越し・住まい 結婚・離婚 高齢者・介護 おくやみ 組織でさがす
16	綾町	国民年金制度とは	https://www.town.aya.miyazaki.jp/soshiki/tyouminka/1046.html	国民年金制度とは - 綾町ホームページ ページの先頭です。 メニューを飛ばして本文へ 綾町のおすすめ 検索 メニュー 本文へ Foreign language 文字サイズ・色合い変更 文字サイズ 拡大 標準 色合い変更 白 黒 青 閉じる キーワード検索 防災情報 救急・休日当番医 ＜外部リンク＞ くらしの情報 しごとの情報 観光情報 町政情報 綾町のおすすめ 情報をさがす サイト内検索 検索対象 すべて ページ PDF 注目ワード 照葉大吊橋 綾城 日向夏ドリンク「綾夏ちゃん」 綾ユネスコエコパーク もりりん ライフシーンでさがす 妊娠・出産 子育て 入学・入園 就職・退職 引越し・住まい 結婚・離婚 高齢者・介護 おくやみ 組織でさがす カレンダーでさがす 地図でさがす よくある質問 トップページ > 組織
16	綾町	自立支援医療（精神通院）	https://www.town.aya.miyazaki.jp/soshiki/hukusihokenka/10398.html	自立支援医療（精神通院） - 綾町ホームページ ページの先頭です。 メニューを飛ばして本文へ 綾町のおすすめ 検索 メニュー 本文へ Foreign language 文字サイズ・色合い変更 文字サイズ 拡大 標準 色合い変更 白 黒 青 閉じる キーワード検索 防災情報 救急・休日当番医 ＜外部リンク＞ くらしの情報 しごとの情報 観光情報 町政情報 綾町のおすすめ 情報をさがす サイト内検索 検索対象 すべて ページ PDF 注目ワード 照葉大吊橋 綾城 日向夏ドリンク「綾夏ちゃん」 綾ユネスコエコパーク もりりん ライフシーンでさがす 妊娠・出産 子育て 入学・入園 就職・退職 引越し・住まい 結婚・離婚 高齢者・介護 おくやみ 組織でさがす カレンダーでさがす 地図でさがす よくある質問 トップページ
16	綾町	後期高齢者医療の療養費	https://www.town.aya.miyazaki.jp/soshiki/hukusihokenka/8741.html	後期高齢者医療の療養費 - 綾町ホームページ ページの先頭です。 メニューを飛ばして本文へ 綾町のおすすめ 検索 メニュー 本文へ Foreign language 文字サイズ・色合い変更 文字サイズ 拡大 標準 色合い変更 白 黒 青 閉じる キーワード検索 防災情報 救急・休日当番医 ＜外部リンク＞ くらしの情報 しごとの情報 観光情報 町政情報 綾町のおすすめ 情報をさがす サイト内検索 検索対象 すべて ページ PDF 注目ワード 照葉大吊橋 綾城 日向夏ドリンク「綾夏ちゃん」 綾ユネスコエコパーク もりりん ライフシーンでさがす 妊娠・出産 子育て 入学・入園 就職・退職 引越し・住まい 結婚・離婚 高齢者・介護 おくやみ 組織でさがす カレンダーでさがす 地図でさがす よくある質問 トップページ >
16	綾町	介護保険の利用相談	https://www.town.aya.miyazaki.jp/soshiki/hukusihokenka/1038.html	介護保険の利用相談 - 綾町ホームページ ページの先頭です。 メニューを飛ばして本文へ 綾町のおすすめ 検索 メニュー 本文へ Foreign language 文字サイズ・色合い変更 文字サイズ 拡大 標準 色合い変更 白 黒 青 閉じる キーワード検索 防災情報 救急・休日当番医 ＜外部リンク＞ くらしの情報 しごとの情報 観光情報 町政情報 綾町のおすすめ 情報をさがす サイト内検索 検索対象 すべて ページ PDF 注目ワード 照葉大吊橋 綾城 日向夏ドリンク「綾夏ちゃん」 綾ユネスコエコパーク もりりん ライフシーンでさがす 妊娠・出産 子育て 入学・入園 就職・退職 引越し・住まい 結婚・離婚 高齢者・介護 おくやみ 組織でさがす カレンダーでさがす 地図でさがす よくある質問 トップページ > 組
16	綾町	令和7年度綾町水田収益力強化ビジョンを公表します	https://www.town.aya.miyazaki.jp/soshiki/nourinsinkou/9626.html	令和7年度綾町水田収益力強化ビジョンを公表します - 綾町ホームページ ページの先頭です。 メニューを飛ばして本文へ 綾町のおすすめ 検索 メニュー 本文へ Foreign language 文字サイズ・色合い変更 文字サイズ 拡大 標準 色合い変更 白 黒 青 閉じる キーワード検索 防災情報 救急・休日当番医 ＜外部リンク＞ くらしの情報 しごとの情報 観光情報 町政情報 綾町のおすすめ 情報をさがす サイト内検索 検索対象 すべて ページ PDF 注目ワード 照葉大吊橋 綾城 日向夏ドリンク「綾夏ちゃん」 綾ユネスコエコパーク もりりん ライフシーンでさがす 妊娠・出産 子育て 入学・入園 就職・退職 引越し・住まい 結婚・離婚 高齢者・介護 おくやみ 組織でさがす カレンダーでさがす 地図でさがす よく
16	綾町	移住者交流会の参加者を募集します	https://www.town.aya.miyazaki.jp/site/iju/7445.html	移住者交流会の参加者を募集します - 綾町ホームページ ページの先頭です。 メニューを飛ばして本文へ 綾町のおすすめ 検索 メニュー 本文へ Foreign language 文字サイズ・色合い変更 文字サイズ 拡大 標準 色合い変更 白 黒 青 閉じる キーワード検索 防災情報 救急・休日当番医 ＜外部リンク＞ くらしの情報 しごとの情報 観光情報 町政情報 綾町のおすすめ 情報をさがす サイト内検索 検索対象 すべて ページ PDF 注目ワード 照葉大吊橋 綾城 日向夏ドリンク「綾夏ちゃん」 綾ユネスコエコパーク もりりん ライフシーンでさがす 妊娠・出産 子育て 入学・入園 就職・退職 引越し・住まい 結婚・離婚 高齢者・介護 おくやみ 組織でさがす カレンダーでさがす 地図でさがす よくある質問 トップ
16	綾町	活用しませんか ”中山間盛り上げ隊”	https://www.town.aya.miyazaki.jp/soshiki/sougouseisakuka/7286.html	活用しませんか ”中山間盛り上げ隊” - 綾町ホームページ ページの先頭です。 メニューを飛ばして本文へ 綾町のおすすめ 検索 メニュー 本文へ Foreign language 文字サイズ・色合い変更 文字サイズ 拡大 標準 色合い変更 白 黒 青 閉じる キーワード検索 防災情報 救急・休日当番医 ＜外部リンク＞ くらしの情報 しごとの情報 観光情報 町政情報 綾町のおすすめ 情報をさがす サイト内検索 検索対象 すべて ページ PDF 注目ワード 照葉大吊橋 綾城 日向夏ドリンク「綾夏ちゃん」 綾ユネスコエコパーク もりりん ライフシーンでさがす 妊娠・出産 子育て 入学・入園 就職・退職 引越し・住まい 結婚・離婚 高齢者・介護 おくやみ 組織でさがす カレンダーでさがす 地図でさがす よくある質問 ト
16	綾町	中小企業退職金共済制度	https://www.town.aya.miyazaki.jp/soshiki/sougouseisakuka/10814.html	中小企業退職金共済制度 - 綾町ホームページ ページの先頭です。 メニューを飛ばして本文へ 綾町のおすすめ 検索 メニュー 本文へ Foreign language 文字サイズ・色合い変更 文字サイズ 拡大 標準 色合い変更 白 黒 青 閉じる キーワード検索 防災情報 救急・休日当番医 ＜外部リンク＞ くらしの情報 しごとの情報 観光情報 町政情報 綾町のおすすめ 情報をさがす サイト内検索 検索対象 すべて ページ PDF 注目ワード 照葉大吊橋 綾城 日向夏ドリンク「綾夏ちゃん」 綾ユネスコエコパーク もりりん ライフシーンでさがす 妊娠・出産 子育て 入学・入園 就職・退職 引越し・住まい 結婚・離婚 高齢者・介護 おくやみ 組織でさがす カレンダーでさがす 地図でさがす よくある質問 トップページ >
16	綾町	町内保育施設のご案内	https://www.town.aya.miyazaki.jp/soshiki/kyouikusoumu/9325.html	町内保育施設のご案内 - 綾町ホームページ ページの先頭です。 メニューを飛ばして本文へ 綾町のおすすめ 検索 メニュー 本文へ Foreign language 文字サイズ・色合い変更 文字サイズ 拡大 標準 色合い変更 白 黒 青 閉じる キーワード検索 防災情報 救急・休日当番医 ＜外部リンク＞ くらしの情報 しごとの情報 観光情報 町政情報 綾町のおすすめ 情報をさがす サイト内検索 検索対象 すべて ページ PDF 注目ワード 照葉大吊橋 綾城 日向夏ドリンク「綾夏ちゃん」 綾ユネスコエコパーク もりりん ライフシーンでさがす 妊娠・出産 子育て 入学・入園 就職・退職 引越し・住まい 結婚・離婚 高齢者・介護 おくやみ 組織でさがす カレンダーでさがす 地図でさがす よくある質問 トップページ >
16	綾町	公立学校情報機器整備事業に係る各種計画を公開します	https://www.town.aya.miyazaki.jp/soshiki/kyouikusoumu/9067.html	公立学校情報機器整備事業に係る各種計画を公開します - 綾町ホームページ ページの先頭です。 メニューを飛ばして本文へ 綾町のおすすめ 検索 メニュー 本文へ Foreign language 文字サイズ・色合い変更 文字サイズ 拡大 標準 色合い変更 白 黒 青 閉じる キーワード検索 防災情報 救急・休日当番医 ＜外部リンク＞ くらしの情報 しごとの情報 観光情報 町政情報 綾町のおすすめ 情報をさがす サイト内検索 検索対象 すべて ページ PDF 注目ワード 照葉大吊橋 綾城 日向夏ドリンク「綾夏ちゃん」 綾ユネスコエコパーク もりりん ライフシーンでさがす 妊娠・出産 子育て 入学・入園 就職・退職 引越し・住まい 結婚・離婚 高齢者・介護 おくやみ 組織でさがす カレンダーでさがす 地図でさがす よ
16	綾町	監査委員	https://www.town.aya.miyazaki.jp/soshiki/gikaizimukyoku/10036.html	監査委員 - 綾町ホームページ ページの先頭です。 メニューを飛ばして本文へ 綾町のおすすめ 検索 メニュー 本文へ Foreign language 文字サイズ・色合い変更 文字サイズ 拡大 標準 色合い変更 白 黒 青 閉じる キーワード検索 防災情報 救急・休日当番医 ＜外部リンク＞ くらしの情報 しごとの情報 観光情報 町政情報 綾町のおすすめ 情報をさがす サイト内検索 検索対象 すべて ページ PDF 注目ワード 照葉大吊橋 綾城 日向夏ドリンク「綾夏ちゃん」 綾ユネスコエコパーク もりりん ライフシーンでさがす 妊娠・出産 子育て 入学・入園 就職・退職 引越し・住まい 結婚・離婚 高齢者・介護 おくやみ 組織でさがす カレンダーでさがす 地図でさがす よくある質問 トップページ > 組織でさがす
16	綾町	自然と人が共生するユネスコエコパークのまち	https://www.town.aya.miyazaki.jp/site/iju/3688.html	自然と人が共生するユネスコエコパークのまち - 綾町ホームページ ページの先頭です。 メニューを飛ばして本文へ 綾町のおすすめ 検索 メニュー 本文へ Foreign language 文字サイズ・色合い変更 文字サイズ 拡大 標準 色合い変更 白 黒 青 閉じる キーワード検索 防災情報 救急・休日当番医 ＜外部リンク＞ くらしの情報 しごとの情報 観光情報 町政情報 綾町のおすすめ 情報をさがす サイト内検索 検索対象 すべて ページ PDF 注目ワード 照葉大吊橋 綾城 日向夏ドリンク「綾夏ちゃん」 綾ユネスコエコパーク もりりん ライフシーンでさがす 妊娠・出産 子育て 入学・入園 就職・退職 引越し・住まい 結婚・離婚 高齢者・介護 おくやみ 組織でさがす カレンダーでさがす 地図でさがす よくある質
30	高原町	町民課	https://www.town.takaharu.lg.jp/soshiki/20230402/	町民課 - 高原町ホームページ ページの先頭です。 メニューを飛ばして本文へ メニュー Close pop up Googleカスタム検索 検索対象 すべて PDFを除く PDFのみ くらしの情報 しごとの情報 観光情報 町政情報 組織でさがす 地図でさがす カレンダーでさがす 防災・災害情報 日曜・休日当番 トップページへ 本文へ ご利用ガイド サイトマップ Foreign language 文字拡大・背景色変更 文字サイズ 標準 拡大 色合い変更 白 青 黒 閉じる サイト内検索 Googleカスタム検索 検索対象 すべて PDFを除く PDFのみ トップページ > 組織でさがす > 町民課 本文 町民課 新着情報 マイナンバーカード（個人番号カード）の休日窓口開設について 2026年7月1日更新 ごみ袋の
30	高原町	福祉課	https://www.town.takaharu.lg.jp/soshiki/20230403/	福祉課 - 高原町ホームページ ページの先頭です。 メニューを飛ばして本文へ メニュー Close pop up Googleカスタム検索 検索対象 すべて PDFを除く PDFのみ くらしの情報 しごとの情報 観光情報 町政情報 組織でさがす 地図でさがす カレンダーでさがす 防災・災害情報 日曜・休日当番 トップページへ 本文へ ご利用ガイド サイトマップ Foreign language 文字拡大・背景色変更 文字サイズ 標準 拡大 色合い変更 白 青 黒 閉じる サイト内検索 Googleカスタム検索 検索対象 すべて PDFを除く PDFのみ トップページ > 組織でさがす > 福祉課 本文 福祉課 新着情報 介護予防健幸ポイント事業について 2026年5月21日更新 高原町高齢者保健福祉計画等運営協
30	高原町	大区画化等加速化支援事業について（農地の大区画化）	https://www.town.takaharu.lg.jp/soshiki/21/305196.html	大区画化等加速化支援事業について（農地の大区画化） - 高原町ホームページ ページの先頭です。 メニューを飛ばして本文へ メニュー Close pop up Googleカスタム検索 検索対象 すべて PDFを除く PDFのみ くらしの情報 しごとの情報 観光情報 町政情報 組織でさがす 地図でさがす カレンダーでさがす 防災・災害情報 日曜・休日当番 トップページへ 本文へ ご利用ガイド サイトマップ Foreign language 文字拡大・背景色変更 文字サイズ 標準 拡大 色合い変更 白 青 黒 閉じる サイト内検索 Googleカスタム検索 検索対象 すべて PDFを除く PDFのみ トップページ > 組織でさがす > 農畜産振興課 > 大区画化等加速化支援事業について（農地の大区画化） 本文 大区
30	高原町	高原町移住支援について	https://www.town.takaharu.lg.jp/site/iju/186535.html	高原町移住支援について - 高原町ホームページ ページの先頭です。 メニューを飛ばして本文へ メニュー 移住の窓口 霧島のふもと高原町 Foreign language 文字拡大・背景色変更 文字サイズ 標準 拡大 色合い変更 白 青 黒 とじる メニュー キーワード検索 移住の取り組み 空き家バンク 移住者インタビュー 高原町photoツアー 町長からのご挨拶 移住相談 空き家バンク 現在地 高原町移住・定住サイト > 移住の取り組み > 移住定住支援施策 > 高原町移住支援について 高原町移住支援について 本文 印刷ページ表示 大きな文字で印刷ページ表示 更新日：2026年6月24日更新 宮崎県移住支援事業・マッチング支援事業における移住支援金について 支援内容について 国及び宮崎県の定めた条件を満たす移住
30	高原町	地方への移住定住に迷っているなら「お試し移住体験」がおすすめ	https://www.town.takaharu.lg.jp/site/iju/260370.html	地方への移住定住に迷っているなら「お試し移住体験」がおすすめ - 高原町ホームページ ページの先頭です。 メニューを飛ばして本文へ メニュー 移住の窓口 霧島のふもと高原町 Foreign language 文字拡大・背景色変更 文字サイズ 標準 拡大 色合い変更 白 青 黒 とじる メニュー キーワード検索 移住の取り組み 空き家バンク 移住者インタビュー 高原町photoツアー 町長からのご挨拶 移住相談 空き家バンク 現在地 高原町移住・定住サイト > 移住の取り組み > 移住定住支援施策 > 地方への移住定住に迷っているなら「お試し移住体験」がおすすめ 地方への移住定住に迷っているなら「お試し移住体験」がおすすめ 本文 印刷ページ表示 大きな文字で印刷ページ表示 更新日：2025年7月30日更新 高原町
30	高原町	子ども医療費助成制度について	https://www.town.takaharu.lg.jp/soshiki/202304004/1137.html	子ども医療費助成制度について - 高原町ホームページ ページの先頭です。 メニューを飛ばして本文へ メニュー Close pop up Googleカスタム検索 検索対象 すべて PDFを除く PDFのみ くらしの情報 しごとの情報 観光情報 町政情報 組織でさがす 地図でさがす カレンダーでさがす 防災・災害情報 日曜・休日当番 トップページへ 本文へ ご利用ガイド サイトマップ Foreign language 文字拡大・背景色変更 文字サイズ 標準 拡大 色合い変更 白 青 黒 閉じる サイト内検索 Googleカスタム検索 検索対象 すべて PDFを除く PDFのみ トップページ > 組織でさがす > 健康課 > 子ども医療費助成制度について 本文 子ども医療費助成制度について 印刷ページ表示 大きな文
30	高原町	乳幼児医療費助成制度について	https://www.town.takaharu.lg.jp/soshiki/202304004/1110.html	乳幼児医療費助成制度について - 高原町ホームページ ページの先頭です。 メニューを飛ばして本文へ メニュー Close pop up Googleカスタム検索 検索対象 すべて PDFを除く PDFのみ くらしの情報 しごとの情報 観光情報 町政情報 組織でさがす 地図でさがす カレンダーでさがす 防災・災害情報 日曜・休日当番 トップページへ 本文へ ご利用ガイド サイトマップ Foreign language 文字拡大・背景色変更 文字サイズ 標準 拡大 色合い変更 白 青 黒 閉じる サイト内検索 Googleカスタム検索 検索対象 すべて PDFを除く PDFのみ トップページ > 組織でさがす > 健康課 > 乳幼児医療費助成制度について 本文 乳幼児医療費助成制度について 印刷ページ表示 大きな文
30	高原町	母子・父子家庭医療費助成制度について	https://www.town.takaharu.lg.jp/soshiki/202304004/1109.html	母子・父子家庭医療費助成制度について - 高原町ホームページ ページの先頭です。 メニューを飛ばして本文へ メニュー Close pop up Googleカスタム検索 検索対象 すべて PDFを除く PDFのみ くらしの情報 しごとの情報 観光情報 町政情報 組織でさがす 地図でさがす カレンダーでさがす 防災・災害情報 日曜・休日当番 トップページへ 本文へ ご利用ガイド サイトマップ Foreign language 文字拡大・背景色変更 文字サイズ 標準 拡大 色合い変更 白 青 黒 閉じる サイト内検索 Googleカスタム検索 検索対象 すべて PDFを除く PDFのみ トップページ > 組織でさがす > 健康課 > 母子・父子家庭医療費助成制度について 本文 母子・父子家庭医療費助成制度について
30	高原町	高原町在宅介護手当支給事業について	https://www.town.takaharu.lg.jp/soshiki/20230403/146086.html	高原町在宅介護手当支給事業について - 高原町ホームページ ページの先頭です。 メニューを飛ばして本文へ メニュー Close pop up Googleカスタム検索 検索対象 すべて PDFを除く PDFのみ くらしの情報 しごとの情報 観光情報 町政情報 組織でさがす 地図でさがす カレンダーでさがす 防災・災害情報 日曜・休日当番 トップページへ 本文へ ご利用ガイド サイトマップ Foreign language 文字拡大・背景色変更 文字サイズ 標準 拡大 色合い変更 白 青 黒 閉じる サイト内検索 Googleカスタム検索 検索対象 すべて PDFを除く PDFのみ トップページ > 組織でさがす > 福祉課 > 高原町在宅介護手当支給事業について 本文 高原町在宅介護手当支給事業について 印刷ペ
30	高原町	軽自動車税	https://www.town.takaharu.lg.jp/soshiki/2/291028.html	軽自動車税 - 高原町ホームページ ページの先頭です。 メニューを飛ばして本文へ メニュー Close pop up Googleカスタム検索 検索対象 すべて PDFを除く PDFのみ くらしの情報 しごとの情報 観光情報 町政情報 組織でさがす 地図でさがす カレンダーでさがす 防災・災害情報 日曜・休日当番 トップページへ 本文へ ご利用ガイド サイトマップ Foreign language 文字拡大・背景色変更 文字サイズ 標準 拡大 色合い変更 白 青 黒 閉じる サイト内検索 Googleカスタム検索 検索対象 すべて PDFを除く PDFのみ トップページ > 組織でさがす > 税務課 > 軽自動車税 本文 軽自動車税 印刷ページ表示 大きな文字で印刷ページ表示 更新日：2025年5月1日更新 軽
30	高原町	幼児教育・保育の無償化について	https://www.town.takaharu.lg.jp/soshiki/202304004/5451.html	幼児教育・保育の無償化について - 高原町ホームページ ページの先頭です。 メニューを飛ばして本文へ メニュー Close pop up Googleカスタム検索 検索対象 すべて PDFを除く PDFのみ くらしの情報 しごとの情報 観光情報 町政情報 組織でさがす 地図でさがす カレンダーでさがす 防災・災害情報 日曜・休日当番 トップページへ 本文へ ご利用ガイド サイトマップ Foreign language 文字拡大・背景色変更 文字サイズ 標準 拡大 色合い変更 白 青 黒 閉じる サイト内検索 Googleカスタム検索 検索対象 すべて PDFを除く PDFのみ トップページ > 組織でさがす > 健康課 > 幼児教育・保育の無償化について 本文 幼児教育・保育の無償化について 印刷ページ表示 大
30	高原町	児童扶養手当制度について	https://www.town.takaharu.lg.jp/soshiki/202304004/1111.html	児童扶養手当制度について - 高原町ホームページ ページの先頭です。 メニューを飛ばして本文へ メニュー Close pop up Googleカスタム検索 検索対象 すべて PDFを除く PDFのみ くらしの情報 しごとの情報 観光情報 町政情報 組織でさがす 地図でさがす カレンダーでさがす 防災・災害情報 日曜・休日当番 トップページへ 本文へ ご利用ガイド サイトマップ Foreign language 文字拡大・背景色変更 文字サイズ 標準 拡大 色合い変更 白 青 黒 閉じる サイト内検索 Googleカスタム検索 検索対象 すべて PDFを除く PDFのみ トップページ > 組織でさがす > 健康課 > 児童扶養手当制度について 本文 児童扶養手当制度について 印刷ページ表示 大きな文字で印刷ペー
30	高原町	◆（ＪＲ吉都線）貸切列車助成事業	https://www.town.takaharu.lg.jp/soshiki/31/5844.html	◆（ＪＲ吉都線）貸切列車助成事業 - 高原町ホームページ ページの先頭です。 メニューを飛ばして本文へ メニュー Close pop up Googleカスタム検索 検索対象 すべて PDFを除く PDFのみ くらしの情報 しごとの情報 観光情報 町政情報 組織でさがす 地図でさがす カレンダーでさがす 防災・災害情報 日曜・休日当番 トップページへ 本文へ ご利用ガイド サイトマップ Foreign language 文字拡大・背景色変更 文字サイズ 標準 拡大 色合い変更 白 青 黒 閉じる サイト内検索 Googleカスタム検索 検索対象 すべて PDFを除く PDFのみ トップページ > 組織でさがす > 企画政策課 > ◆（ＪＲ吉都線）貸切列車助成事業 本文 ◆（ＪＲ吉都線）貸切列車助成事業 印刷ペー
30	高原町	◆（ＪＲ吉都線）団体利用促進事業	https://www.town.takaharu.lg.jp/soshiki/31/5840.html	◆（ＪＲ吉都線）団体利用促進事業 - 高原町ホームページ ページの先頭です。 メニューを飛ばして本文へ メニュー Close pop up Googleカスタム検索 検索対象 すべて PDFを除く PDFのみ くらしの情報 しごとの情報 観光情報 町政情報 組織でさがす 地図でさがす カレンダーでさがす 防災・災害情報 日曜・休日当番 トップページへ 本文へ ご利用ガイド サイトマップ Foreign language 文字拡大・背景色変更 文字サイズ 標準 拡大 色合い変更 白 青 黒 閉じる サイト内検索 Googleカスタム検索 検索対象 すべて PDFを除く PDFのみ トップページ > 組織でさがす > 企画政策課 > ◆（ＪＲ吉都線）団体利用促進事業 本文 ◆（ＪＲ吉都線）団体利用促進事業 印刷ペー
30	高原町	国民健康保険の一部負担金の減免等について	https://www.town.takaharu.lg.jp/soshiki/20230402/1046.html	国民健康保険の一部負担金の減免等について - 高原町ホームページ ページの先頭です。 メニューを飛ばして本文へ メニュー Close pop up Googleカスタム検索 検索対象 すべて PDFを除く PDFのみ くらしの情報 しごとの情報 観光情報 町政情報 組織でさがす 地図でさがす カレンダーでさがす 防災・災害情報 日曜・休日当番 トップページへ 本文へ ご利用ガイド サイトマップ Foreign language 文字拡大・背景色変更 文字サイズ 標準 拡大 色合い変更 白 青 黒 閉じる サイト内検索 Googleカスタム検索 検索対象 すべて PDFを除く PDFのみ トップページ > 組織でさがす > 町民課 > 国民健康保険の一部負担金の減免等について 本文 国民健康保険の一部負担金の減免
30	高原町	地方創生推進交付金事業に係る効果検証結果について	https://www.town.takaharu.lg.jp/soshiki/31/1322.html	地方創生推進交付金事業に係る効果検証結果について - 高原町ホームページ ページの先頭です。 メニューを飛ばして本文へ メニュー Close pop up Googleカスタム検索 検索対象 すべて PDFを除く PDFのみ くらしの情報 しごとの情報 観光情報 町政情報 組織でさがす 地図でさがす カレンダーでさがす 防災・災害情報 日曜・休日当番 トップページへ 本文へ ご利用ガイド サイトマップ Foreign language 文字拡大・背景色変更 文字サイズ 標準 拡大 色合い変更 白 青 黒 閉じる サイト内検索 Googleカスタム検索 検索対象 すべて PDFを除く PDFのみ トップページ > 組織でさがす > 企画政策課 > 地方創生推進交付金事業に係る効果検証結果について 本文 地方創生推
30	高原町	生活保護受給者に係る固定資産税の減免について	https://www.town.takaharu.lg.jp/soshiki/2/247952.html	生活保護受給者に係る固定資産税の減免について - 高原町ホームページ ページの先頭です。 メニューを飛ばして本文へ メニュー Close pop up Googleカスタム検索 検索対象 すべて PDFを除く PDFのみ くらしの情報 しごとの情報 観光情報 町政情報 組織でさがす 地図でさがす カレンダーでさがす 防災・災害情報 日曜・休日当番 トップページへ 本文へ ご利用ガイド サイトマップ Foreign language 文字拡大・背景色変更 文字サイズ 標準 拡大 色合い変更 白 青 黒 閉じる サイト内検索 Googleカスタム検索 検索対象 すべて PDFを除く PDFのみ トップページ > 組織でさがす > 税務課 > 生活保護受給者に係る固定資産税の減免について 本文 生活保護受給者に係る固
30	高原町	町民課	https://www.town.takaharu.lg.jp/soshiki/20230402/index-2.html	町民課 - 高原町ホームページ ページの先頭です。 メニューを飛ばして本文へ メニュー Close pop up Googleカスタム検索 検索対象 すべて PDFを除く PDFのみ くらしの情報 しごとの情報 観光情報 町政情報 組織でさがす 地図でさがす カレンダーでさがす 防災・災害情報 日曜・休日当番 トップページへ 本文へ ご利用ガイド サイトマップ Foreign language 文字拡大・背景色変更 文字サイズ 標準 拡大 色合い変更 白 青 黒 閉じる サイト内検索 Googleカスタム検索 検索対象 すべて PDFを除く PDFのみ トップページ > 組織でさがす > 町民課 本文 町民課 新着情報 マイナンバーカード（個人番号カード）の休日窓口開設について 2026年7月1日更新 ごみ袋の
30	高原町	高原町生ごみ処理機等購入費補助金について	https://www.town.takaharu.lg.jp/soshiki/20230402/305064.html	高原町生ごみ処理機等購入費補助金について - 高原町ホームページ ページの先頭です。 メニューを飛ばして本文へ メニュー Close pop up Googleカスタム検索 検索対象 すべて PDFを除く PDFのみ くらしの情報 しごとの情報 観光情報 町政情報 組織でさがす 地図でさがす カレンダーでさがす 防災・災害情報 日曜・休日当番 トップページへ 本文へ ご利用ガイド サイトマップ Foreign language 文字拡大・背景色変更 文字サイズ 標準 拡大 色合い変更 白 青 黒 閉じる サイト内検索 Googleカスタム検索 検索対象 すべて PDFを除く PDFのみ トップページ > 組織でさがす > 町民課 > 高原町生ごみ処理機等購入費補助金について 本文 高原町生ごみ処理機等購入費補助
30	高原町	高原町飼い主のいない猫等の不妊手術助成補助金について	https://www.town.takaharu.lg.jp/soshiki/20230402/305061.html	高原町飼い主のいない猫等の不妊手術助成補助金について - 高原町ホームページ ページの先頭です。 メニューを飛ばして本文へ メニュー Close pop up Googleカスタム検索 検索対象 すべて PDFを除く PDFのみ くらしの情報 しごとの情報 観光情報 町政情報 組織でさがす 地図でさがす カレンダーでさがす 防災・災害情報 日曜・休日当番 トップページへ 本文へ ご利用ガイド サイトマップ Foreign language 文字拡大・背景色変更 文字サイズ 標準 拡大 色合い変更 白 青 黒 閉じる サイト内検索 Googleカスタム検索 検索対象 すべて PDFを除く PDFのみ トップページ > 組織でさがす > 町民課 > 高原町飼い主のいない猫等の不妊手術助成補助金について 本文 高原町
30	高原町	高原町浄化槽設置事業補助金	https://www.town.takaharu.lg.jp/soshiki/20230402/16569.html	高原町浄化槽設置事業補助金 - 高原町ホームページ ページの先頭です。 メニューを飛ばして本文へ メニュー Close pop up Googleカスタム検索 検索対象 すべて PDFを除く PDFのみ くらしの情報 しごとの情報 観光情報 町政情報 組織でさがす 地図でさがす カレンダーでさがす 防災・災害情報 日曜・休日当番 トップページへ 本文へ ご利用ガイド サイトマップ Foreign language 文字拡大・背景色変更 文字サイズ 標準 拡大 色合い変更 白 青 黒 閉じる サイト内検索 Googleカスタム検索 検索対象 すべて PDFを除く PDFのみ トップページ > 組織でさがす > 町民課 > 高原町浄化槽設置事業補助金 本文 高原町浄化槽設置事業補助金 印刷ページ表示 大きな文字で印
30	高原町	令和8年度から子ども・子育て支援金制度が始まります	https://www.town.takaharu.lg.jp/soshiki/20230402/303214.html	令和8年度から子ども・子育て支援金制度が始まります - 高原町ホームページ ページの先頭です。 メニューを飛ばして本文へ メニュー Close pop up Googleカスタム検索 検索対象 すべて PDFを除く PDFのみ くらしの情報 しごとの情報 観光情報 町政情報 組織でさがす 地図でさがす カレンダーでさがす 防災・災害情報 日曜・休日当番 トップページへ 本文へ ご利用ガイド サイトマップ Foreign language 文字拡大・背景色変更 文字サイズ 標準 拡大 色合い変更 白 青 黒 閉じる サイト内検索 Googleカスタム検索 検索対象 すべて PDFを除く PDFのみ トップページ > 組織でさがす > 町民課 > 令和8年度から子ども・子育て支援金制度が始まります 本文 令和8年度
30	高原町	国民健康保険税の減免	https://www.town.takaharu.lg.jp/soshiki/20230402/21984.html	国民健康保険税の減免 - 高原町ホームページ ページの先頭です。 メニューを飛ばして本文へ メニュー Close pop up Googleカスタム検索 検索対象 すべて PDFを除く PDFのみ くらしの情報 しごとの情報 観光情報 町政情報 組織でさがす 地図でさがす カレンダーでさがす 防災・災害情報 日曜・休日当番 トップページへ 本文へ ご利用ガイド サイトマップ Foreign language 文字拡大・背景色変更 文字サイズ 標準 拡大 色合い変更 白 青 黒 閉じる サイト内検索 Googleカスタム検索 検索対象 すべて PDFを除く PDFのみ トップページ > 組織でさがす > 町民課 > 国民健康保険税の減免 本文 国民健康保険税の減免 印刷ページ表示 大きな文字で印刷ページ表示 更新
30	高原町	福祉課	https://www.town.takaharu.lg.jp/soshiki/20230403/index-2.html	福祉課 - 高原町ホームページ ページの先頭です。 メニューを飛ばして本文へ メニュー Close pop up Googleカスタム検索 検索対象 すべて PDFを除く PDFのみ くらしの情報 しごとの情報 観光情報 町政情報 組織でさがす 地図でさがす カレンダーでさがす 防災・災害情報 日曜・休日当番 トップページへ 本文へ ご利用ガイド サイトマップ Foreign language 文字拡大・背景色変更 文字サイズ 標準 拡大 色合い変更 白 青 黒 閉じる サイト内検索 Googleカスタム検索 検索対象 すべて PDFを除く PDFのみ トップページ > 組織でさがす > 福祉課 本文 福祉課 新着情報 介護予防健幸ポイント事業について 2026年5月21日更新 高原町高齢者保健福祉計画等運営協
30	高原町	軽度者に対する福祉用具貸与例外給付	https://www.town.takaharu.lg.jp/soshiki/20230403/296469.html	軽度者に対する福祉用具貸与例外給付 - 高原町ホームページ ページの先頭です。 メニューを飛ばして本文へ メニュー Close pop up Googleカスタム検索 検索対象 すべて PDFを除く PDFのみ くらしの情報 しごとの情報 観光情報 町政情報 組織でさがす 地図でさがす カレンダーでさがす 防災・災害情報 日曜・休日当番 トップページへ 本文へ ご利用ガイド サイトマップ Foreign language 文字拡大・背景色変更 文字サイズ 標準 拡大 色合い変更 白 青 黒 閉じる サイト内検索 Googleカスタム検索 検索対象 すべて PDFを除く PDFのみ トップページ > 組織でさがす > 福祉課 > 軽度者に対する福祉用具貸与例外給付 本文 軽度者に対する福祉用具貸与例外給付 印刷ペ
30	高原町	保険者機能強化推進交付金等にかかる評価結果を公表します。	https://www.town.takaharu.lg.jp/soshiki/20230403/290719.html	保険者機能強化推進交付金等にかかる評価結果を公表します。 - 高原町ホームページ ページの先頭です。 メニューを飛ばして本文へ メニュー Close pop up Googleカスタム検索 検索対象 すべて PDFを除く PDFのみ くらしの情報 しごとの情報 観光情報 町政情報 組織でさがす 地図でさがす カレンダーでさがす 防災・災害情報 日曜・休日当番 トップページへ 本文へ ご利用ガイド サイトマップ Foreign language 文字拡大・背景色変更 文字サイズ 標準 拡大 色合い変更 白 青 黒 閉じる サイト内検索 Googleカスタム検索 検索対象 すべて PDFを除く PDFのみ トップページ > 組織でさがす > 福祉課 > 保険者機能強化推進交付金等にかかる評価結果を公表します。 本文
30	高原町	身体障がい者自動車運転免許証取得助成事業	https://www.town.takaharu.lg.jp/soshiki/20230403/238565.html	身体障がい者自動車運転免許証取得助成事業 - 高原町ホームページ ページの先頭です。 メニューを飛ばして本文へ メニュー Close pop up Googleカスタム検索 検索対象 すべて PDFを除く PDFのみ くらしの情報 しごとの情報 観光情報 町政情報 組織でさがす 地図でさがす カレンダーでさがす 防災・災害情報 日曜・休日当番 トップページへ 本文へ ご利用ガイド サイトマップ Foreign language 文字拡大・背景色変更 文字サイズ 標準 拡大 色合い変更 白 青 黒 閉じる サイト内検索 Googleカスタム検索 検索対象 すべて PDFを除く PDFのみ トップページ > 組織でさがす > 福祉課 > 身体障がい者自動車運転免許証取得助成事業 本文 身体障がい者自動車運転免許証取
30	高原町	身体障がい者自動車改造費助成事業	https://www.town.takaharu.lg.jp/soshiki/20230403/238563.html	身体障がい者自動車改造費助成事業 - 高原町ホームページ ページの先頭です。 メニューを飛ばして本文へ メニュー Close pop up Googleカスタム検索 検索対象 すべて PDFを除く PDFのみ くらしの情報 しごとの情報 観光情報 町政情報 組織でさがす 地図でさがす カレンダーでさがす 防災・災害情報 日曜・休日当番 トップページへ 本文へ ご利用ガイド サイトマップ Foreign language 文字拡大・背景色変更 文字サイズ 標準 拡大 色合い変更 白 青 黒 閉じる サイト内検索 Googleカスタム検索 検索対象 すべて PDFを除く PDFのみ トップページ > 組織でさがす > 福祉課 > 身体障がい者自動車改造費助成事業 本文 身体障がい者自動車改造費助成事業 印刷ページ表
30	高原町	重度心身障害者医療費助成制度について	https://www.town.takaharu.lg.jp/soshiki/20230403/1106.html	重度心身障害者医療費助成制度について - 高原町ホームページ ページの先頭です。 メニューを飛ばして本文へ メニュー Close pop up Googleカスタム検索 検索対象 すべて PDFを除く PDFのみ くらしの情報 しごとの情報 観光情報 町政情報 組織でさがす 地図でさがす カレンダーでさがす 防災・災害情報 日曜・休日当番 トップページへ 本文へ ご利用ガイド サイトマップ Foreign language 文字拡大・背景色変更 文字サイズ 標準 拡大 色合い変更 白 青 黒 閉じる サイト内検索 Googleカスタム検索 検索対象 すべて PDFを除く PDFのみ トップページ > 組織でさがす > 福祉課 > 重度心身障害者医療費助成制度について 本文 重度心身障害者医療費助成制度について
30	高原町	各種減免・助成制度について	https://www.town.takaharu.lg.jp/soshiki/20230403/1101.html	各種減免・助成制度について - 高原町ホームページ ページの先頭です。 メニューを飛ばして本文へ メニュー Close pop up Googleカスタム検索 検索対象 すべて PDFを除く PDFのみ くらしの情報 しごとの情報 観光情報 町政情報 組織でさがす 地図でさがす カレンダーでさがす 防災・災害情報 日曜・休日当番 トップページへ 本文へ ご利用ガイド サイトマップ Foreign language 文字拡大・背景色変更 文字サイズ 標準 拡大 色合い変更 白 青 黒 閉じる サイト内検索 Googleカスタム検索 検索対象 すべて PDFを除く PDFのみ トップページ > 組織でさがす > 福祉課 > 各種減免・助成制度について 本文 各種減免・助成制度について 印刷ページ表示 大きな文字で印
30	高原町	特別児童扶養手当について	https://www.town.takaharu.lg.jp/soshiki/20230403/1084.html	特別児童扶養手当について - 高原町ホームページ ページの先頭です。 メニューを飛ばして本文へ メニュー Close pop up Googleカスタム検索 検索対象 すべて PDFを除く PDFのみ くらしの情報 しごとの情報 観光情報 町政情報 組織でさがす 地図でさがす カレンダーでさがす 防災・災害情報 日曜・休日当番 トップページへ 本文へ ご利用ガイド サイトマップ Foreign language 文字拡大・背景色変更 文字サイズ 標準 拡大 色合い変更 白 青 黒 閉じる サイト内検索 Googleカスタム検索 検索対象 すべて PDFを除く PDFのみ トップページ > 組織でさがす > 福祉課 > 特別児童扶養手当について 本文 特別児童扶養手当について 印刷ページ表示 大きな文字で印刷ペー
30	高原町	高原町不妊検査費助成事業について	https://www.town.takaharu.lg.jp/soshiki/202304004/297673.html	高原町不妊検査費助成事業について - 高原町ホームページ ページの先頭です。 メニューを飛ばして本文へ メニュー Close pop up Googleカスタム検索 検索対象 すべて PDFを除く PDFのみ くらしの情報 しごとの情報 観光情報 町政情報 組織でさがす 地図でさがす カレンダーでさがす 防災・災害情報 日曜・休日当番 トップページへ 本文へ ご利用ガイド サイトマップ Foreign language 文字拡大・背景色変更 文字サイズ 標準 拡大 色合い変更 白 青 黒 閉じる サイト内検索 Googleカスタム検索 検索対象 すべて PDFを除く PDFのみ トップページ > 組織でさがす > 健康課 > 高原町不妊検査費助成事業について 本文 高原町不妊検査費助成事業について 印刷ページ表
30	高原町	妊婦のための支援給付事業	https://www.town.takaharu.lg.jp/soshiki/202304004/297164.html	妊婦のための支援給付事業 - 高原町ホームページ ページの先頭です。 メニューを飛ばして本文へ メニュー Close pop up Googleカスタム検索 検索対象 すべて PDFを除く PDFのみ くらしの情報 しごとの情報 観光情報 町政情報 組織でさがす 地図でさがす カレンダーでさがす 防災・災害情報 日曜・休日当番 トップページへ 本文へ ご利用ガイド サイトマップ Foreign language 文字拡大・背景色変更 文字サイズ 標準 拡大 色合い変更 白 青 黒 閉じる サイト内検索 Googleカスタム検索 検索対象 すべて PDFを除く PDFのみ トップページ > 組織でさがす > 健康課 > 妊婦のための支援給付事業 本文 妊婦のための支援給付事業 印刷ページ表示 大きな文字で印刷ペー
30	高原町	高原町の保育所等で保育士になる方への補助金助成をはじめます	https://www.town.takaharu.lg.jp/soshiki/202304004/153061.html	高原町の保育所等で保育士になる方への補助金助成をはじめます - 高原町ホームページ ページの先頭です。 メニューを飛ばして本文へ メニュー Close pop up Googleカスタム検索 検索対象 すべて PDFを除く PDFのみ くらしの情報 しごとの情報 観光情報 町政情報 組織でさがす 地図でさがす カレンダーでさがす 防災・災害情報 日曜・休日当番 トップページへ 本文へ ご利用ガイド サイトマップ Foreign language 文字拡大・背景色変更 文字サイズ 標準 拡大 色合い変更 白 青 黒 閉じる サイト内検索 Googleカスタム検索 検索対象 すべて PDFを除く PDFのみ トップページ > 組織でさがす > 健康課 > 高原町の保育所等で保育士になる方への補助金助成をはじめます
30	高原町	児童手当の制度改正（拡充）（令和6年10月分以降）	https://www.town.takaharu.lg.jp/soshiki/202304004/260932.html	児童手当の制度改正（拡充）（令和6年10月分以降） - 高原町ホームページ ページの先頭です。 メニューを飛ばして本文へ メニュー Close pop up Googleカスタム検索 検索対象 すべて PDFを除く PDFのみ くらしの情報 しごとの情報 観光情報 町政情報 組織でさがす 地図でさがす カレンダーでさがす 防災・災害情報 日曜・休日当番 トップページへ 本文へ ご利用ガイド サイトマップ Foreign language 文字拡大・背景色変更 文字サイズ 標準 拡大 色合い変更 白 青 黒 閉じる サイト内検索 Googleカスタム検索 検索対象 すべて PDFを除く PDFのみ トップページ > 組織でさがす > 健康課 > 児童手当の制度改正（拡充）（令和6年10月分以降） 本文 児童手当の
28	高原町	高原町病児保育事業	https://www.town.takaharu.lg.jp/soshiki/202304004/221727.html	高原町病児保育事業 - 高原町ホームページ ページの先頭です。 メニューを飛ばして本文へ メニュー Close pop up Googleカスタム検索 検索対象 すべて PDFを除く PDFのみ くらしの情報 しごとの情報 観光情報 町政情報 組織でさがす 地図でさがす カレンダーでさがす 防災・災害情報 日曜・休日当番 トップページへ 本文へ ご利用ガイド サイトマップ Foreign language 文字拡大・背景色変更 文字サイズ 標準 拡大 色合い変更 白 青 黒 閉じる サイト内検索 Googleカスタム検索 検索対象 すべて PDFを除く PDFのみ トップページ > 分類でさがす > くらしの情報 > 子育て > 育児 > 高原町病児保育事業 本文 高原町病児保育事業 印刷ページ表示 大きな文字
28	高原町	JR吉都線を利用してお得に通勤してみませんか	https://www.town.takaharu.lg.jp/soshiki/0/281170.html	JR吉都線を利用してお得に通勤してみませんか - 高原町ホームページ ページの先頭です。 メニューを飛ばして本文へ メニュー Close pop up Googleカスタム検索 検索対象 すべて PDFを除く PDFのみ くらしの情報 しごとの情報 観光情報 町政情報 組織でさがす 地図でさがす カレンダーでさがす 防災・災害情報 日曜・休日当番 トップページへ 本文へ ご利用ガイド サイトマップ Foreign language 文字拡大・背景色変更 文字サイズ 標準 拡大 色合い変更 白 青 黒 閉じる サイト内検索 Googleカスタム検索 検索対象 すべて PDFを除く PDFのみ トップページ > 組織でさがす > > JR吉都線を利用してお得に通勤してみませんか 本文 JR吉都線を利用してお得に通勤
28	高原町	◆（ＪＲ吉都線）沿線活性化事業	https://www.town.takaharu.lg.jp/soshiki/31/5842.html	◆（ＪＲ吉都線）沿線活性化事業 - 高原町ホームページ ページの先頭です。 メニューを飛ばして本文へ メニュー Close pop up Googleカスタム検索 検索対象 すべて PDFを除く PDFのみ くらしの情報 しごとの情報 観光情報 町政情報 組織でさがす 地図でさがす カレンダーでさがす 防災・災害情報 日曜・休日当番 トップページへ 本文へ ご利用ガイド サイトマップ Foreign language 文字拡大・背景色変更 文字サイズ 標準 拡大 色合い変更 白 青 黒 閉じる サイト内検索 Googleカスタム検索 検索対象 すべて PDFを除く PDFのみ トップページ > 組織でさがす > 企画政策課 > ◆（ＪＲ吉都線）沿線活性化事業 本文 ◆（ＪＲ吉都線）沿線活性化事業 印刷ページ表示
28	高原町	町内の工業団地について	https://www.town.takaharu.lg.jp/soshiki/34/1314.html	町内の工業団地について - 高原町ホームページ ページの先頭です。 メニューを飛ばして本文へ メニュー Close pop up Googleカスタム検索 検索対象 すべて PDFを除く PDFのみ くらしの情報 しごとの情報 観光情報 町政情報 組織でさがす 地図でさがす カレンダーでさがす 防災・災害情報 日曜・休日当番 トップページへ 本文へ ご利用ガイド サイトマップ Foreign language 文字拡大・背景色変更 文字サイズ 標準 拡大 色合い変更 白 青 黒 閉じる サイト内検索 Googleカスタム検索 検索対象 すべて PDFを除く PDFのみ トップページ > 組織でさがす > 商工観光課 > 町内の工業団地について 本文 町内の工業団地について 印刷ページ表示 大きな文字で印刷ページ
28	高原町	地域支援事業にかかる実績	https://www.town.takaharu.lg.jp/soshiki/20230403/297192.html	地域支援事業にかかる実績 - 高原町ホームページ ページの先頭です。 メニューを飛ばして本文へ メニュー Close pop up Googleカスタム検索 検索対象 すべて PDFを除く PDFのみ くらしの情報 しごとの情報 観光情報 町政情報 組織でさがす 地図でさがす カレンダーでさがす 防災・災害情報 日曜・休日当番 トップページへ 本文へ ご利用ガイド サイトマップ Foreign language 文字拡大・背景色変更 文字サイズ 標準 拡大 色合い変更 白 青 黒 閉じる サイト内検索 Googleカスタム検索 検索対象 すべて PDFを除く PDFのみ トップページ > 組織でさがす > 福祉課 > 地域支援事業にかかる実績 本文 地域支援事業にかかる実績 印刷ページ表示 大きな文字で印刷ペー
28	高原町	令和７年４月から適用する介護給付費算定に係る体制等に関する届出について	https://www.town.takaharu.lg.jp/soshiki/20230403/293268.html	令和７年４月から適用する介護給付費算定に係る体制等に関する届出について - 高原町ホームページ ページの先頭です。 メニューを飛ばして本文へ メニュー Close pop up Googleカスタム検索 検索対象 すべて PDFを除く PDFのみ くらしの情報 しごとの情報 観光情報 町政情報 組織でさがす 地図でさがす カレンダーでさがす 防災・災害情報 日曜・休日当番 トップページへ 本文へ ご利用ガイド サイトマップ Foreign language 文字拡大・背景色変更 文字サイズ 標準 拡大 色合い変更 白 青 黒 閉じる サイト内検索 Googleカスタム検索 検索対象 すべて PDFを除く PDFのみ トップページ > 組織でさがす > 福祉課 > 令和７年４月から適用する介護給付費算定に係る体制
28	高原町	日常生活用具（住宅改修）について	https://www.town.takaharu.lg.jp/soshiki/20230403/238561.html	日常生活用具（住宅改修）について - 高原町ホームページ ページの先頭です。 メニューを飛ばして本文へ メニュー Close pop up Googleカスタム検索 検索対象 すべて PDFを除く PDFのみ くらしの情報 しごとの情報 観光情報 町政情報 組織でさがす 地図でさがす カレンダーでさがす 防災・災害情報 日曜・休日当番 トップページへ 本文へ ご利用ガイド サイトマップ Foreign language 文字拡大・背景色変更 文字サイズ 標準 拡大 色合い変更 白 青 黒 閉じる サイト内検索 Googleカスタム検索 検索対象 すべて PDFを除く PDFのみ トップページ > 組織でさがす > 福祉課 > 日常生活用具（住宅改修）について 本文 日常生活用具（住宅改修）について 印刷ページ表
26	高原町	高原町育英資金	https://www.town.takaharu.lg.jp/soshiki/14/1250.html	高原町育英資金 - 高原町ホームページ ページの先頭です。 メニューを飛ばして本文へ メニュー Close pop up Googleカスタム検索 検索対象 すべて PDFを除く PDFのみ くらしの情報 しごとの情報 観光情報 町政情報 組織でさがす 地図でさがす カレンダーでさがす 防災・災害情報 日曜・休日当番 トップページへ 本文へ ご利用ガイド サイトマップ Foreign language 文字拡大・背景色変更 文字サイズ 標準 拡大 色合い変更 白 青 黒 閉じる サイト内検索 Googleカスタム検索 検索対象 すべて PDFを除く PDFのみ トップページ > 組織でさがす > 教育総務課 > 高原町育英資金 本文 高原町育英資金 印刷ページ表示 大きな文字で印刷ページ表示 更新日：2019年
26	高原町	地方消費税交付金(社会保障財源化分)が充てられる社会保障施策に要する経費	https://www.town.takaharu.lg.jp/soshiki/7/5414.html	地方消費税交付金(社会保障財源化分)が充てられる社会保障施策に要する経費 - 高原町ホームページ ページの先頭です。 メニューを飛ばして本文へ メニュー Close pop up Googleカスタム検索 検索対象 すべて PDFを除く PDFのみ くらしの情報 しごとの情報 観光情報 町政情報 組織でさがす 地図でさがす カレンダーでさがす 防災・災害情報 日曜・休日当番 トップページへ 本文へ ご利用ガイド サイトマップ Foreign language 文字拡大・背景色変更 文字サイズ 標準 拡大 色合い変更 白 青 黒 閉じる サイト内検索 Googleカスタム検索 検索対象 すべて PDFを除く PDFのみ トップページ > 組織でさがす > 総務課 > 地方消費税交付金(社会保障財源化分)が充てられ
26	高原町	中山間地域等直接支払交付金	https://www.town.takaharu.lg.jp/soshiki/20/303765.html	中山間地域等直接支払交付金 - 高原町ホームページ ページの先頭です。 メニューを飛ばして本文へ メニュー Close pop up Googleカスタム検索 検索対象 すべて PDFを除く PDFのみ くらしの情報 しごとの情報 観光情報 町政情報 組織でさがす 地図でさがす カレンダーでさがす 防災・災害情報 日曜・休日当番 トップページへ 本文へ ご利用ガイド サイトマップ Foreign language 文字拡大・背景色変更 文字サイズ 標準 拡大 色合い変更 白 青 黒 閉じる サイト内検索 Googleカスタム検索 検索対象 すべて PDFを除く PDFのみ トップページ > 組織でさがす > 農地林務課 > 中山間地域等直接支払交付金 本文 中山間地域等直接支払交付金 印刷ページ表示 大きな文字
25	高原町	健康課	https://www.town.takaharu.lg.jp/soshiki/202304004/	健康課 - 高原町ホームページ ページの先頭です。 メニューを飛ばして本文へ メニュー Close pop up Googleカスタム検索 検索対象 すべて PDFを除く PDFのみ くらしの情報 しごとの情報 観光情報 町政情報 組織でさがす 地図でさがす カレンダーでさがす 防災・災害情報 日曜・休日当番 トップページへ 本文へ ご利用ガイド サイトマップ Foreign language 文字拡大・背景色変更 文字サイズ 標準 拡大 色合い変更 白 青 黒 閉じる サイト内検索 Googleカスタム検索 検索対象 すべて PDFを除く PDFのみ トップページ > 組織でさがす > 健康課 本文 健康課 新着情報 令和8年度 セルフマッサージ講座「アロマを使った暑さ対策」募集のおしらせ 2026年6月15
25	高原町	申請書ダウンロード	https://www.town.takaharu.lg.jp/soshiki/7/1178.html	申請書ダウンロード - 高原町ホームページ ページの先頭です。 メニューを飛ばして本文へ メニュー Close pop up Googleカスタム検索 検索対象 すべて PDFを除く PDFのみ くらしの情報 しごとの情報 観光情報 町政情報 組織でさがす 地図でさがす カレンダーでさがす 防災・災害情報 日曜・休日当番 トップページへ 本文へ ご利用ガイド サイトマップ Foreign language 文字拡大・背景色変更 文字サイズ 標準 拡大 色合い変更 白 青 黒 閉じる サイト内検索 Googleカスタム検索 検索対象 すべて PDFを除く PDFのみ トップページ > 組織でさがす > 総務課 > 申請書ダウンロード 本文 申請書ダウンロード 印刷ページ表示 大きな文字で印刷ページ表示 更新日：2
25	高原町	令和8年6月からの介護給付費算定に係る体制等に関する届出等について	https://www.town.takaharu.lg.jp/soshiki/20230403/304064.html	令和8年6月からの介護給付費算定に係る体制等に関する届出等について - 高原町ホームページ ページの先頭です。 メニューを飛ばして本文へ メニュー Close pop up Googleカスタム検索 検索対象 すべて PDFを除く PDFのみ くらしの情報 しごとの情報 観光情報 町政情報 組織でさがす 地図でさがす カレンダーでさがす 防災・災害情報 日曜・休日当番 トップページへ 本文へ ご利用ガイド サイトマップ Foreign language 文字拡大・背景色変更 文字サイズ 標準 拡大 色合い変更 白 青 黒 閉じる サイト内検索 Googleカスタム検索 検索対象 すべて PDFを除く PDFのみ トップページ > 組織でさがす > 福祉課 > 令和8年6月からの介護給付費算定に係る体制等に関する
25	高原町	健康課	https://www.town.takaharu.lg.jp/soshiki/202304004/index-2.html	健康課 - 高原町ホームページ ページの先頭です。 メニューを飛ばして本文へ メニュー Close pop up Googleカスタム検索 検索対象 すべて PDFを除く PDFのみ くらしの情報 しごとの情報 観光情報 町政情報 組織でさがす 地図でさがす カレンダーでさがす 防災・災害情報 日曜・休日当番 トップページへ 本文へ ご利用ガイド サイトマップ Foreign language 文字拡大・背景色変更 文字サイズ 標準 拡大 色合い変更 白 青 黒 閉じる サイト内検索 Googleカスタム検索 検索対象 すべて PDFを除く PDFのみ トップページ > 組織でさがす > 健康課 本文 健康課 新着情報 令和8年度 セルフマッサージ講座「アロマを使った暑さ対策」募集のおしらせ 2026年6月15
24	高原町	サービス別給付費の実績と評価	https://www.town.takaharu.lg.jp/soshiki/20230403/290722.html	サービス別給付費の実績と評価 - 高原町ホームページ ページの先頭です。 メニューを飛ばして本文へ メニュー Close pop up Googleカスタム検索 検索対象 すべて PDFを除く PDFのみ くらしの情報 しごとの情報 観光情報 町政情報 組織でさがす 地図でさがす カレンダーでさがす 防災・災害情報 日曜・休日当番 トップページへ 本文へ ご利用ガイド サイトマップ Foreign language 文字拡大・背景色変更 文字サイズ 標準 拡大 色合い変更 白 青 黒 閉じる サイト内検索 Googleカスタム検索 検索対象 すべて PDFを除く PDFのみ トップページ > 組織でさがす > 福祉課 > サービス別給付費の実績と評価 本文 サービス別給付費の実績と評価 印刷ページ表示 大きな文
24	高原町	令和6年度介護職員等処遇改善加算計画書について	https://www.town.takaharu.lg.jp/soshiki/20230403/238556.html	令和6年度介護職員等処遇改善加算計画書について - 高原町ホームページ ページの先頭です。 メニューを飛ばして本文へ メニュー Close pop up Googleカスタム検索 検索対象 すべて PDFを除く PDFのみ くらしの情報 しごとの情報 観光情報 町政情報 組織でさがす 地図でさがす カレンダーでさがす 防災・災害情報 日曜・休日当番 トップページへ 本文へ ご利用ガイド サイトマップ Foreign language 文字拡大・背景色変更 文字サイズ 標準 拡大 色合い変更 白 青 黒 閉じる サイト内検索 Googleカスタム検索 検索対象 すべて PDFを除く PDFのみ トップページ > 組織でさがす > 福祉課 > 令和6年度介護職員等処遇改善加算計画書について 本文 令和6年度介護職員
23	高原町	医療	https://www.town.takaharu.lg.jp/life/1/4/16/	医療 - 高原町ホームページ ページの先頭です。 メニューを飛ばして本文へ メニュー Close pop up Googleカスタム検索 検索対象 すべて PDFを除く PDFのみ くらしの情報 しごとの情報 観光情報 町政情報 組織でさがす 地図でさがす カレンダーでさがす 防災・災害情報 日曜・休日当番 トップページへ 本文へ ご利用ガイド サイトマップ Foreign language 文字拡大・背景色変更 文字サイズ 標準 拡大 色合い変更 白 青 黒 閉じる サイト内検索 Googleカスタム検索 検索対象 すべて PDFを除く PDFのみ トップページ > 分類でさがす > くらしの情報 > 健康・医療・福祉 > 医療 本文 医療 お知らせ 令和8年度日曜祝日在宅当番医について 2026年4月1日更
23	高原町	介護給付費過誤申立依頼書	https://www.town.takaharu.lg.jp/soshiki/20230403/67022.html	介護給付費過誤申立依頼書 - 高原町ホームページ ページの先頭です。 メニューを飛ばして本文へ メニュー Close pop up Googleカスタム検索 検索対象 すべて PDFを除く PDFのみ くらしの情報 しごとの情報 観光情報 町政情報 組織でさがす 地図でさがす カレンダーでさがす 防災・災害情報 日曜・休日当番 トップページへ 本文へ ご利用ガイド サイトマップ Foreign language 文字拡大・背景色変更 文字サイズ 標準 拡大 色合い変更 白 青 黒 閉じる サイト内検索 Googleカスタム検索 検索対象 すべて PDFを除く PDFのみ トップページ > 組織でさがす > 福祉課 > 介護給付費過誤申立依頼書 本文 介護給付費過誤申立依頼書 印刷ページ表示 大きな文字で印刷ペー
22	高原町	令和８年度処遇改善加算について	https://www.town.takaharu.lg.jp/soshiki/20230403/303510.html	令和８年度処遇改善加算について - 高原町ホームページ ページの先頭です。 メニューを飛ばして本文へ メニュー Close pop up Googleカスタム検索 検索対象 すべて PDFを除く PDFのみ くらしの情報 しごとの情報 観光情報 町政情報 組織でさがす 地図でさがす カレンダーでさがす 防災・災害情報 日曜・休日当番 トップページへ 本文へ ご利用ガイド サイトマップ Foreign language 文字拡大・背景色変更 文字サイズ 標準 拡大 色合い変更 白 青 黒 閉じる サイト内検索 Googleカスタム検索 検索対象 すべて PDFを除く PDFのみ トップページ > 組織でさがす > 福祉課 > 令和８年度処遇改善加算について 本文 令和８年度処遇改善加算について 印刷ページ表示 大
22	高原町	障がい福祉サービスについて	https://www.town.takaharu.lg.jp/soshiki/20230403/1138.html	障がい福祉サービスについて - 高原町ホームページ ページの先頭です。 メニューを飛ばして本文へ メニュー Close pop up Googleカスタム検索 検索対象 すべて PDFを除く PDFのみ くらしの情報 しごとの情報 観光情報 町政情報 組織でさがす 地図でさがす カレンダーでさがす 防災・災害情報 日曜・休日当番 トップページへ 本文へ ご利用ガイド サイトマップ Foreign language 文字拡大・背景色変更 文字サイズ 標準 拡大 色合い変更 白 青 黒 閉じる サイト内検索 Googleカスタム検索 検索対象 すべて PDFを除く PDFのみ トップページ > 組織でさがす > 福祉課 > 障がい福祉サービスについて 本文 障がい福祉サービスについて 印刷ページ表示 大きな文字で印
21	高原町	育児	https://www.town.takaharu.lg.jp/life/1/6/25/	育児 - 高原町ホームページ ページの先頭です。 メニューを飛ばして本文へ メニュー Close pop up Googleカスタム検索 検索対象 すべて PDFを除く PDFのみ くらしの情報 しごとの情報 観光情報 町政情報 組織でさがす 地図でさがす カレンダーでさがす 防災・災害情報 日曜・休日当番 トップページへ 本文へ ご利用ガイド サイトマップ Foreign language 文字拡大・背景色変更 文字サイズ 標準 拡大 色合い変更 白 青 黒 閉じる サイト内検索 Googleカスタム検索 検索対象 すべて PDFを除く PDFのみ トップページ > 分類でさがす > くらしの情報 > 子育て > 育児 本文 育児 お知らせ 高原町子育て支援センターについて 2024年4月1日更新 高原町病児
21	高原町	従業員のレベルアップに！中小企業大学校の受講料補助を実施しています！	https://www.town.takaharu.lg.jp/soshiki/34/5208.html	従業員のレベルアップに！中小企業大学校の受講料補助を実施しています！ - 高原町ホームページ ページの先頭です。 メニューを飛ばして本文へ メニュー Close pop up Googleカスタム検索 検索対象 すべて PDFを除く PDFのみ くらしの情報 しごとの情報 観光情報 町政情報 組織でさがす 地図でさがす カレンダーでさがす 防災・災害情報 日曜・休日当番 トップページへ 本文へ ご利用ガイド サイトマップ Foreign language 文字拡大・背景色変更 文字サイズ 標準 拡大 色合い変更 白 青 黒 閉じる サイト内検索 Googleカスタム検索 検索対象 すべて PDFを除く PDFのみ トップページ > 分類でさがす > しごとの情報 > 産業振興 > 企業支援 > 従業員のレベルア
21	高原町	福祉課高齢者あんしん係 事務分掌	https://www.town.takaharu.lg.jp/soshiki/20230403/2751.html	福祉課高齢者あんしん係 事務分掌 - 高原町ホームページ ページの先頭です。 メニューを飛ばして本文へ メニュー Close pop up Googleカスタム検索 検索対象 すべて PDFを除く PDFのみ くらしの情報 しごとの情報 観光情報 町政情報 組織でさがす 地図でさがす カレンダーでさがす 防災・災害情報 日曜・休日当番 トップページへ 本文へ ご利用ガイド サイトマップ Foreign language 文字拡大・背景色変更 文字サイズ 標準 拡大 色合い変更 白 青 黒 閉じる サイト内検索 Googleカスタム検索 検索対象 すべて PDFを除く PDFのみ トップページ > 組織でさがす > 福祉課 > 福祉課高齢者あんしん係 事務分掌 本文 福祉課高齢者あんしん係 事務分掌 印刷ページ表
21	高原町	介護給付費の適正化に向けた取り組みについて	https://www.town.takaharu.lg.jp/soshiki/20230403/263546.html	介護給付費の適正化に向けた取り組みについて - 高原町ホームページ ページの先頭です。 メニューを飛ばして本文へ メニュー Close pop up Googleカスタム検索 検索対象 すべて PDFを除く PDFのみ くらしの情報 しごとの情報 観光情報 町政情報 組織でさがす 地図でさがす カレンダーでさがす 防災・災害情報 日曜・休日当番 トップページへ 本文へ ご利用ガイド サイトマップ Foreign language 文字拡大・背景色変更 文字サイズ 標準 拡大 色合い変更 白 青 黒 閉じる サイト内検索 Googleカスタム検索 検索対象 すべて PDFを除く PDFのみ トップページ > 組織でさがす > 福祉課 > 介護給付費の適正化に向けた取り組みについて 本文 介護給付費の適正化に向けた
20	高原町	令和8年度 第2回高原町職員採用試験について	https://www.town.takaharu.lg.jp/soshiki/7/296098.html	令和8年度 第2回高原町職員採用試験について - 高原町ホームページ ページの先頭です。 メニューを飛ばして本文へ メニュー Close pop up Googleカスタム検索 検索対象 すべて PDFを除く PDFのみ くらしの情報 しごとの情報 観光情報 町政情報 組織でさがす 地図でさがす カレンダーでさがす 防災・災害情報 日曜・休日当番 トップページへ 本文へ ご利用ガイド サイトマップ Foreign language 文字拡大・背景色変更 文字サイズ 標準 拡大 色合い変更 白 青 黒 閉じる サイト内検索 Googleカスタム検索 検索対象 すべて PDFを除く PDFのみ トップページ > 分類でさがす > 町政情報 > 職員人事・採用 > 採用情報 > 令和8年度 第2回高原町職員採用試験に
20	高原町	各種計画等（総合計画、まちづくり）について	https://www.town.takaharu.lg.jp/soshiki/31/1299.html	各種計画等（総合計画、まちづくり）について - 高原町ホームページ ページの先頭です。 メニューを飛ばして本文へ メニュー Close pop up Googleカスタム検索 検索対象 すべて PDFを除く PDFのみ くらしの情報 しごとの情報 観光情報 町政情報 組織でさがす 地図でさがす カレンダーでさがす 防災・災害情報 日曜・休日当番 トップページへ 本文へ ご利用ガイド サイトマップ Foreign language 文字拡大・背景色変更 文字サイズ 標準 拡大 色合い変更 白 青 黒 閉じる サイト内検索 Googleカスタム検索 検索対象 すべて PDFを除く PDFのみ トップページ > 組織でさがす > 企画政策課 > 各種計画等（総合計画、まちづくり）について 本文 各種計画等（総合計画、
20	高原町	家屋に係る固定資産税の減額（課税標準額の特例）	https://www.town.takaharu.lg.jp/soshiki/2/251803.html	家屋に係る固定資産税の減額（課税標準額の特例） - 高原町ホームページ ページの先頭です。 メニューを飛ばして本文へ メニュー Close pop up Googleカスタム検索 検索対象 すべて PDFを除く PDFのみ くらしの情報 しごとの情報 観光情報 町政情報 組織でさがす 地図でさがす カレンダーでさがす 防災・災害情報 日曜・休日当番 トップページへ 本文へ ご利用ガイド サイトマップ Foreign language 文字拡大・背景色変更 文字サイズ 標準 拡大 色合い変更 白 青 黒 閉じる サイト内検索 Googleカスタム検索 検索対象 すべて PDFを除く PDFのみ トップページ > 組織でさがす > 税務課 > 家屋に係る固定資産税の減額（課税標準額の特例） 本文 家屋に係る固定資産
20	高原町	国保_06保険税未納	https://www.town.takaharu.lg.jp/soshiki/20230402/1060.html	国保_06保険税未納 - 高原町ホームページ ページの先頭です。 メニューを飛ばして本文へ メニュー Close pop up Googleカスタム検索 検索対象 すべて PDFを除く PDFのみ くらしの情報 しごとの情報 観光情報 町政情報 組織でさがす 地図でさがす カレンダーでさがす 防災・災害情報 日曜・休日当番 トップページへ 本文へ ご利用ガイド サイトマップ Foreign language 文字拡大・背景色変更 文字サイズ 標準 拡大 色合い変更 白 青 黒 閉じる サイト内検索 Googleカスタム検索 検索対象 すべて PDFを除く PDFのみ トップページ > 組織でさがす > 町民課 > 国保_06保険税未納 本文 国保_06保険税未納 印刷ページ表示 大きな文字で印刷ページ表示 更新
20	高原町	補装具・日常生活用具について	https://www.town.takaharu.lg.jp/soshiki/20230403/1100.html	補装具・日常生活用具について - 高原町ホームページ ページの先頭です。 メニューを飛ばして本文へ メニュー Close pop up Googleカスタム検索 検索対象 すべて PDFを除く PDFのみ くらしの情報 しごとの情報 観光情報 町政情報 組織でさがす 地図でさがす カレンダーでさがす 防災・災害情報 日曜・休日当番 トップページへ 本文へ ご利用ガイド サイトマップ Foreign language 文字拡大・背景色変更 文字サイズ 標準 拡大 色合い変更 白 青 黒 閉じる サイト内検索 Googleカスタム検索 検索対象 すべて PDFを除く PDFのみ トップページ > 組織でさがす > 福祉課 > 補装具・日常生活用具について 本文 補装具・日常生活用具について 印刷ページ表示 大きな文
20	高原町	商工観光課	https://www.town.takaharu.lg.jp/soshiki/34/index-2.html	商工観光課 - 高原町ホームページ ページの先頭です。 メニューを飛ばして本文へ メニュー Close pop up Googleカスタム検索 検索対象 すべて PDFを除く PDFのみ くらしの情報 しごとの情報 観光情報 町政情報 組織でさがす 地図でさがす カレンダーでさがす 防災・災害情報 日曜・休日当番 トップページへ 本文へ ご利用ガイド サイトマップ Foreign language 文字拡大・背景色変更 文字サイズ 標準 拡大 色合い変更 白 青 黒 閉じる サイト内検索 Googleカスタム検索 検索対象 すべて PDFを除く PDFのみ トップページ > 組織でさがす > 商工観光課 本文 商工観光課 新着情報 町内観光施設は通常どおり営業しています（新燃岳噴火警戒レベル関連情報） 2025
19	高原町	子育て	https://www.town.takaharu.lg.jp/life/1/6/	子育て - 高原町ホームページ ページの先頭です。 メニューを飛ばして本文へ メニュー Close pop up Googleカスタム検索 検索対象 すべて PDFを除く PDFのみ くらしの情報 しごとの情報 観光情報 町政情報 組織でさがす 地図でさがす カレンダーでさがす 防災・災害情報 日曜・休日当番 トップページへ 本文へ ご利用ガイド サイトマップ Foreign language 文字拡大・背景色変更 文字サイズ 標準 拡大 色合い変更 白 青 黒 閉じる サイト内検索 Googleカスタム検索 検索対象 すべて PDFを除く PDFのみ トップページ > 分類でさがす > くらしの情報 > 子育て 本文 子育て 新着情報 高原町病児保育事業 2023年11月15日更新 新着情報の一覧 新着情報の
19	高原町	子育て	https://www.town.takaharu.lg.jp/life/1/6/index-2.html	子育て - 高原町ホームページ ページの先頭です。 メニューを飛ばして本文へ メニュー Close pop up Googleカスタム検索 検索対象 すべて PDFを除く PDFのみ くらしの情報 しごとの情報 観光情報 町政情報 組織でさがす 地図でさがす カレンダーでさがす 防災・災害情報 日曜・休日当番 トップページへ 本文へ ご利用ガイド サイトマップ Foreign language 文字拡大・背景色変更 文字サイズ 標準 拡大 色合い変更 白 青 黒 閉じる サイト内検索 Googleカスタム検索 検索対象 すべて PDFを除く PDFのみ トップページ > 分類でさがす > くらしの情報 > 子育て 本文 子育て 新着情報 高原町病児保育事業 2023年11月15日更新 新着情報の一覧 妊娠・出産
19	高原町	高原町移住・定住情報	https://www.town.takaharu.lg.jp/site/ijyuu-teijyuu/	高原町移住・定住情報 - 高原町ホームページ ページの先頭です。 メニューを飛ばして本文へ メニュー Close pop up Googleカスタム検索 検索対象 すべて PDFを除く PDFのみ くらしの情報 しごとの情報 観光情報 町政情報 組織でさがす 地図でさがす カレンダーでさがす 防災・災害情報 日曜・休日当番 トップページへ 本文へ ご利用ガイド サイトマップ Foreign language 文字拡大・背景色変更 文字サイズ 標準 拡大 色合い変更 白 青 黒 閉じる サイト内検索 Googleカスタム検索 検索対象 すべて PDFを除く PDFのみ トップページ > 高原町移住・定住情報 高原町移住・定住情報 メニュー 移住・定住情報 移住支援金関係 空き家・空地関連情報 空き家バンク 本文
19	高原町	健康課子育て支援係 事務分掌	https://www.town.takaharu.lg.jp/soshiki/202304004/233882.html	健康課子育て支援係 事務分掌 - 高原町ホームページ ページの先頭です。 メニューを飛ばして本文へ メニュー Close pop up Googleカスタム検索 検索対象 すべて PDFを除く PDFのみ くらしの情報 しごとの情報 観光情報 町政情報 組織でさがす 地図でさがす カレンダーでさがす 防災・災害情報 日曜・休日当番 トップページへ 本文へ ご利用ガイド サイトマップ Foreign language 文字拡大・背景色変更 文字サイズ 標準 拡大 色合い変更 白 青 黒 閉じる サイト内検索 Googleカスタム検索 検索対象 すべて PDFを除く PDFのみ トップページ > 組織でさがす > 健康課 > 健康課子育て支援係 事務分掌 本文 健康課子育て支援係 事務分掌 印刷ページ表示 大きな文
19	高原町	令和6年度介護報酬改定について	https://www.town.takaharu.lg.jp/soshiki/20230403/238559.html	令和6年度介護報酬改定について - 高原町ホームページ ページの先頭です。 メニューを飛ばして本文へ メニュー Close pop up Googleカスタム検索 検索対象 すべて PDFを除く PDFのみ くらしの情報 しごとの情報 観光情報 町政情報 組織でさがす 地図でさがす カレンダーでさがす 防災・災害情報 日曜・休日当番 トップページへ 本文へ ご利用ガイド サイトマップ Foreign language 文字拡大・背景色変更 文字サイズ 標準 拡大 色合い変更 白 青 黒 閉じる サイト内検索 Googleカスタム検索 検索対象 すべて PDFを除く PDFのみ トップページ > 組織でさがす > 福祉課 > 令和6年度介護報酬改定について 本文 令和6年度介護報酬改定について 印刷ページ表示 大
19	高原町	農畜産振興課	https://www.town.takaharu.lg.jp/soshiki/21/index-2.html	農畜産振興課 - 高原町ホームページ ページの先頭です。 メニューを飛ばして本文へ メニュー Close pop up Googleカスタム検索 検索対象 すべて PDFを除く PDFのみ くらしの情報 しごとの情報 観光情報 町政情報 組織でさがす 地図でさがす カレンダーでさがす 防災・災害情報 日曜・休日当番 トップページへ 本文へ ご利用ガイド サイトマップ Foreign language 文字拡大・背景色変更 文字サイズ 標準 拡大 色合い変更 白 青 黒 閉じる サイト内検索 Googleカスタム検索 検索対象 すべて PDFを除く PDFのみ トップページ > 組織でさがす > 農畜産振興課 本文 農畜産振興課 新着情報 子牛町品評会結果 2026年7月6日更新 大区画化等加速化支援事業について
18	高原町	令和8年度国保人間ドック・脳ドックの随時申し込みについて	https://www.town.takaharu.lg.jp/soshiki/202304004/304924.html	令和8年度国保人間ドック・脳ドックの随時申し込みについて - 高原町ホームページ ページの先頭です。 メニューを飛ばして本文へ メニュー Close pop up Googleカスタム検索 検索対象 すべて PDFを除く PDFのみ くらしの情報 しごとの情報 観光情報 町政情報 組織でさがす 地図でさがす カレンダーでさがす 防災・災害情報 日曜・休日当番 トップページへ 本文へ ご利用ガイド サイトマップ Foreign language 文字拡大・背景色変更 文字サイズ 標準 拡大 色合い変更 白 青 黒 閉じる サイト内検索 Googleカスタム検索 検索対象 すべて PDFを除く PDFのみ トップページ > 組織でさがす > 健康課 > 令和8年度国保人間ドック・脳ドックの随時申し込みについて 本文
18	高原町	移住相談のご案内	https://www.town.takaharu.lg.jp/site/iju/296112.html	移住相談のご案内 - 高原町ホームページ ページの先頭です。 メニューを飛ばして本文へ メニュー 移住の窓口 霧島のふもと高原町 Foreign language 文字拡大・背景色変更 文字サイズ 標準 拡大 色合い変更 白 青 黒 とじる メニュー キーワード検索 移住の取り組み 空き家バンク 移住者インタビュー 高原町photoツアー 町長からのご挨拶 移住相談 空き家バンク 現在地 高原町移住・定住サイト > 移住の取り組み > 移住定住支援施策 > 移住相談のご案内 移住相談のご案内 本文 印刷ページ表示 大きな文字で印刷ページ表示 更新日：2025年7月29日更新 高原町のような地方で移住生活を送ることに少し興味があるけど、簡単に今の生活環境を変えられないと考えていませんか？生活環境がガラッと変わるこ
18	高原町	各種様式ダウンロード	https://www.town.takaharu.lg.jp/soshiki/20230402/205395.html	各種様式ダウンロード - 高原町ホームページ ページの先頭です。 メニューを飛ばして本文へ メニュー Close pop up Googleカスタム検索 検索対象 すべて PDFを除く PDFのみ くらしの情報 しごとの情報 観光情報 町政情報 組織でさがす 地図でさがす カレンダーでさがす 防災・災害情報 日曜・休日当番 トップページへ 本文へ ご利用ガイド サイトマップ Foreign language 文字拡大・背景色変更 文字サイズ 標準 拡大 色合い変更 白 青 黒 閉じる サイト内検索 Googleカスタム検索 検索対象 すべて PDFを除く PDFのみ トップページ > 組織でさがす > 町民課 > 各種様式ダウンロード 本文 各種様式ダウンロード 印刷ページ表示 大きな文字で印刷ページ表示 更新
18	高原町	税務課課税係 事務分掌	https://www.town.takaharu.lg.jp/soshiki/2/233878.html	税務課課税係 事務分掌 - 高原町ホームページ ページの先頭です。 メニューを飛ばして本文へ メニュー Close pop up Googleカスタム検索 検索対象 すべて PDFを除く PDFのみ くらしの情報 しごとの情報 観光情報 町政情報 組織でさがす 地図でさがす カレンダーでさがす 防災・災害情報 日曜・休日当番 トップページへ 本文へ ご利用ガイド サイトマップ Foreign language 文字拡大・背景色変更 文字サイズ 標準 拡大 色合い変更 白 青 黒 閉じる サイト内検索 Googleカスタム検索 検索対象 すべて PDFを除く PDFのみ トップページ > 組織でさがす > 税務課 > 税務課課税係 事務分掌 本文 税務課課税係 事務分掌 印刷ページ表示 大きな文字で印刷ページ表示
18	高原町	令和8年度の保育施設等の入所手続きが開始されます	https://www.town.takaharu.lg.jp/soshiki/202304004/299631.html	令和8年度の保育施設等の入所手続きが開始されます - 高原町ホームページ ページの先頭です。 メニューを飛ばして本文へ メニュー Close pop up Googleカスタム検索 検索対象 すべて PDFを除く PDFのみ くらしの情報 しごとの情報 観光情報 町政情報 組織でさがす 地図でさがす カレンダーでさがす 防災・災害情報 日曜・休日当番 トップページへ 本文へ ご利用ガイド サイトマップ Foreign language 文字拡大・背景色変更 文字サイズ 標準 拡大 色合い変更 白 青 黒 閉じる サイト内検索 Googleカスタム検索 検索対象 すべて PDFを除く PDFのみ トップページ > 組織でさがす > 健康課 > 令和8年度の保育施設等の入所手続きが開始されます 本文 令和8年度の保
18	高原町	にしもろ基幹相談支援センター	https://www.town.takaharu.lg.jp/soshiki/20230403/94233.html	にしもろ基幹相談支援センター - 高原町ホームページ ページの先頭です。 メニューを飛ばして本文へ メニュー Close pop up Googleカスタム検索 検索対象 すべて PDFを除く PDFのみ くらしの情報 しごとの情報 観光情報 町政情報 組織でさがす 地図でさがす カレンダーでさがす 防災・災害情報 日曜・休日当番 トップページへ 本文へ ご利用ガイド サイトマップ Foreign language 文字拡大・背景色変更 文字サイズ 標準 拡大 色合い変更 白 青 黒 閉じる サイト内検索 Googleカスタム検索 検索対象 すべて PDFを除く PDFのみ トップページ > 組織でさがす > 福祉課 > にしもろ基幹相談支援センター 本文 にしもろ基幹相談支援センター 印刷ページ表示 大きな文
18	高原町	国保・後期高齢者医療	https://www.town.takaharu.lg.jp/soshiki/20230402/1047.html	国保・後期高齢者医療 - 高原町ホームページ ページの先頭です。 メニューを飛ばして本文へ メニュー Close pop up Googleカスタム検索 検索対象 すべて PDFを除く PDFのみ くらしの情報 しごとの情報 観光情報 町政情報 組織でさがす 地図でさがす カレンダーでさがす 防災・災害情報 日曜・休日当番 トップページへ 本文へ ご利用ガイド サイトマップ Foreign language 文字拡大・背景色変更 文字サイズ 標準 拡大 色合い変更 白 青 黒 閉じる サイト内検索 Googleカスタム検索 検索対象 すべて PDFを除く PDFのみ トップページ > 組織でさがす > 町民課 > 国保・後期高齢者医療 本文 国保・後期高齢者医療 印刷ページ表示 大きな文字で印刷ページ表示 更新
18	高原町	高原町提携教育ローン	https://www.town.takaharu.lg.jp/soshiki/14/1248.html	高原町提携教育ローン - 高原町ホームページ ページの先頭です。 メニューを飛ばして本文へ メニュー Close pop up Googleカスタム検索 検索対象 すべて PDFを除く PDFのみ くらしの情報 しごとの情報 観光情報 町政情報 組織でさがす 地図でさがす カレンダーでさがす 防災・災害情報 日曜・休日当番 トップページへ 本文へ ご利用ガイド サイトマップ Foreign language 文字拡大・背景色変更 文字サイズ 標準 拡大 色合い変更 白 青 黒 閉じる サイト内検索 Googleカスタム検索 検索対象 すべて PDFを除く PDFのみ トップページ > 組織でさがす > 教育総務課 > 高原町提携教育ローン 本文 高原町提携教育ローン 印刷ページ表示 大きな文字で印刷ページ表示
18	高原町	個人情報ファイル簿の公表について	https://www.town.takaharu.lg.jp/soshiki/7/224352.html	個人情報ファイル簿の公表について - 高原町ホームページ ページの先頭です。 メニューを飛ばして本文へ メニュー Close pop up Googleカスタム検索 検索対象 すべて PDFを除く PDFのみ くらしの情報 しごとの情報 観光情報 町政情報 組織でさがす 地図でさがす カレンダーでさがす 防災・災害情報 日曜・休日当番 トップページへ 本文へ ご利用ガイド サイトマップ Foreign language 文字拡大・背景色変更 文字サイズ 標準 拡大 色合い変更 白 青 黒 閉じる サイト内検索 Googleカスタム検索 検索対象 すべて PDFを除く PDFのみ トップページ > 組織でさがす > 総務課 > 個人情報ファイル簿の公表について 本文 個人情報ファイル簿の公表について 印刷ページ表
18	高原町	税務課	https://www.town.takaharu.lg.jp/soshiki/2/index-2.html	税務課 - 高原町ホームページ ページの先頭です。 メニューを飛ばして本文へ メニュー Close pop up Googleカスタム検索 検索対象 すべて PDFを除く PDFのみ くらしの情報 しごとの情報 観光情報 町政情報 組織でさがす 地図でさがす カレンダーでさがす 防災・災害情報 日曜・休日当番 トップページへ 本文へ ご利用ガイド サイトマップ Foreign language 文字拡大・背景色変更 文字サイズ 標準 拡大 色合い変更 白 青 黒 閉じる サイト内検索 Googleカスタム検索 検索対象 すべて PDFを除く PDFのみ トップページ > 組織でさがす > 税務課 本文 税務課 新着情報 償却資産の申告について 2026年1月5日更新 個人住民税の公的年金からの特別徴収 2025
18	高原町	個人町・県民税・森林環境税（給与所得に係る特別徴収）に関するQ＆Ａ	https://www.town.takaharu.lg.jp/soshiki/2/245544.html	個人町・県民税・森林環境税（給与所得に係る特別徴収）に関するQ＆Ａ - 高原町ホームページ ページの先頭です。 メニューを飛ばして本文へ メニュー Close pop up Googleカスタム検索 検索対象 すべて PDFを除く PDFのみ くらしの情報 しごとの情報 観光情報 町政情報 組織でさがす 地図でさがす カレンダーでさがす 防災・災害情報 日曜・休日当番 トップページへ 本文へ ご利用ガイド サイトマップ Foreign language 文字拡大・背景色変更 文字サイズ 標準 拡大 色合い変更 白 青 黒 閉じる サイト内検索 Googleカスタム検索 検索対象 すべて PDFを除く PDFのみ トップページ > 組織でさがす > 税務課 > 個人町・県民税・森林環境税（給与所得に係る特別徴収）
17	高原町	農畜産振興課	https://www.town.takaharu.lg.jp/soshiki/21/	農畜産振興課 - 高原町ホームページ ページの先頭です。 メニューを飛ばして本文へ メニュー Close pop up Googleカスタム検索 検索対象 すべて PDFを除く PDFのみ くらしの情報 しごとの情報 観光情報 町政情報 組織でさがす 地図でさがす カレンダーでさがす 防災・災害情報 日曜・休日当番 トップページへ 本文へ ご利用ガイド サイトマップ Foreign language 文字拡大・背景色変更 文字サイズ 標準 拡大 色合い変更 白 青 黒 閉じる サイト内検索 Googleカスタム検索 検索対象 すべて PDFを除く PDFのみ トップページ > 組織でさがす > 農畜産振興課 本文 農畜産振興課 新着情報 子牛町品評会結果 2026年7月6日更新 大区画化等加速化支援事業について
17	高原町	企画政策課	https://www.town.takaharu.lg.jp/soshiki/31/index-2.html	企画政策課 - 高原町ホームページ ページの先頭です。 メニューを飛ばして本文へ メニュー Close pop up Googleカスタム検索 検索対象 すべて PDFを除く PDFのみ くらしの情報 しごとの情報 観光情報 町政情報 組織でさがす 地図でさがす カレンダーでさがす 防災・災害情報 日曜・休日当番 トップページへ 本文へ ご利用ガイド サイトマップ Foreign language 文字拡大・背景色変更 文字サイズ 標準 拡大 色合い変更 白 青 黒 閉じる サイト内検索 Googleカスタム検索 検索対象 すべて PDFを除く PDFのみ トップページ > 組織でさがす > 企画政策課 本文 企画政策課 新着情報 霧島ジオパーク「夏休み子ども火山スクール2026」の開催について 2026年7月
16	高原町	保険・年金・税金	https://www.town.takaharu.lg.jp/life/1/5/	保険・年金・税金 - 高原町ホームページ ページの先頭です。 メニューを飛ばして本文へ メニュー Close pop up Googleカスタム検索 検索対象 すべて PDFを除く PDFのみ くらしの情報 しごとの情報 観光情報 町政情報 組織でさがす 地図でさがす カレンダーでさがす 防災・災害情報 日曜・休日当番 トップページへ 本文へ ご利用ガイド サイトマップ Foreign language 文字拡大・背景色変更 文字サイズ 標準 拡大 色合い変更 白 青 黒 閉じる サイト内検索 Googleカスタム検索 検索対象 すべて PDFを除く PDFのみ トップページ > 分類でさがす > くらしの情報 > 保険・年金・税金 本文 保険・年金・税金 新着情報 若年層（20～39歳）健康診査 2024年6
16	高原町	産業振興	https://www.town.takaharu.lg.jp/life/2/10/	産業振興 - 高原町ホームページ ページの先頭です。 メニューを飛ばして本文へ メニュー Close pop up Googleカスタム検索 検索対象 すべて PDFを除く PDFのみ くらしの情報 しごとの情報 観光情報 町政情報 組織でさがす 地図でさがす カレンダーでさがす 防災・災害情報 日曜・休日当番 トップページへ 本文へ ご利用ガイド サイトマップ Foreign language 文字拡大・背景色変更 文字サイズ 標準 拡大 色合い変更 白 青 黒 閉じる サイト内検索 Googleカスタム検索 検索対象 すべて PDFを除く PDFのみ トップページ > 分類でさがす > しごとの情報 > 産業振興 本文 産業振興 新着情報 子牛町品評会結果 2026年7月6日更新 令和8年度家畜体内受精卵移
16	高原町	高原町の子育て支援の取組	https://www.town.takaharu.lg.jp/soshiki/31/289171.html	高原町の子育て支援の取組 - 高原町ホームページ ページの先頭です。 メニューを飛ばして本文へ メニュー Close pop up Googleカスタム検索 検索対象 すべて PDFを除く PDFのみ くらしの情報 しごとの情報 観光情報 町政情報 組織でさがす 地図でさがす カレンダーでさがす 防災・災害情報 日曜・休日当番 トップページへ 本文へ ご利用ガイド サイトマップ Foreign language 文字拡大・背景色変更 文字サイズ 標準 拡大 色合い変更 白 青 黒 閉じる サイト内検索 Googleカスタム検索 検索対象 すべて PDFを除く PDFのみ トップページ > 組織でさがす > 企画政策課 > 高原町の子育て支援の取組 本文 高原町の子育て支援の取組 印刷ページ表示 大きな文字で印刷
16	高原町	国民健康保険	https://www.town.takaharu.lg.jp/life/1/5/19/	国民健康保険 - 高原町ホームページ ページの先頭です。 メニューを飛ばして本文へ メニュー Close pop up Googleカスタム検索 検索対象 すべて PDFを除く PDFのみ くらしの情報 しごとの情報 観光情報 町政情報 組織でさがす 地図でさがす カレンダーでさがす 防災・災害情報 日曜・休日当番 トップページへ 本文へ ご利用ガイド サイトマップ Foreign language 文字拡大・背景色変更 文字サイズ 標準 拡大 色合い変更 白 青 黒 閉じる サイト内検索 Googleカスタム検索 検索対象 すべて PDFを除く PDFのみ トップページ > 分類でさがす > くらしの情報 > 保険・年金・税金 > 国民健康保険 本文 国民健康保険 お知らせ 若年層（20～39歳）健康診査 2
16	高原町	国民年金	https://www.town.takaharu.lg.jp/life/1/5/21/	国民年金 - 高原町ホームページ ページの先頭です。 メニューを飛ばして本文へ メニュー Close pop up Googleカスタム検索 検索対象 すべて PDFを除く PDFのみ くらしの情報 しごとの情報 観光情報 町政情報 組織でさがす 地図でさがす カレンダーでさがす 防災・災害情報 日曜・休日当番 トップページへ 本文へ ご利用ガイド サイトマップ Foreign language 文字拡大・背景色変更 文字サイズ 標準 拡大 色合い変更 白 青 黒 閉じる サイト内検索 Googleカスタム検索 検索対象 すべて PDFを除く PDFのみ トップページ > 分類でさがす > くらしの情報 > 保険・年金・税金 > 国民年金 本文 国民年金 お知らせ 新型コロナウイルス感染症の影響に伴う国民年金保
16	高原町	雇用・労働支援	https://www.town.takaharu.lg.jp/life/2/10/41/	雇用・労働支援 - 高原町ホームページ ページの先頭です。 メニューを飛ばして本文へ メニュー Close pop up Googleカスタム検索 検索対象 すべて PDFを除く PDFのみ くらしの情報 しごとの情報 観光情報 町政情報 組織でさがす 地図でさがす カレンダーでさがす 防災・災害情報 日曜・休日当番 トップページへ 本文へ ご利用ガイド サイトマップ Foreign language 文字拡大・背景色変更 文字サイズ 標準 拡大 色合い変更 白 青 黒 閉じる サイト内検索 Googleカスタム検索 検索対象 すべて PDFを除く PDFのみ トップページ > 分類でさがす > しごとの情報 > 産業振興 > 雇用・労働支援 本文 雇用・労働支援 お知らせ 高原町企業ガイドブックが新しくなりま
16	高原町	税務課	https://www.town.takaharu.lg.jp/soshiki/2/	税務課 - 高原町ホームページ ページの先頭です。 メニューを飛ばして本文へ メニュー Close pop up Googleカスタム検索 検索対象 すべて PDFを除く PDFのみ くらしの情報 しごとの情報 観光情報 町政情報 組織でさがす 地図でさがす カレンダーでさがす 防災・災害情報 日曜・休日当番 トップページへ 本文へ ご利用ガイド サイトマップ Foreign language 文字拡大・背景色変更 文字サイズ 標準 拡大 色合い変更 白 青 黒 閉じる サイト内検索 Googleカスタム検索 検索対象 すべて PDFを除く PDFのみ トップページ > 組織でさがす > 税務課 本文 税務課 新着情報 償却資産の申告について 2026年1月5日更新 個人住民税の公的年金からの特別徴収 2025
16	高原町	商工観光課	https://www.town.takaharu.lg.jp/soshiki/34/	商工観光課 - 高原町ホームページ ページの先頭です。 メニューを飛ばして本文へ メニュー Close pop up Googleカスタム検索 検索対象 すべて PDFを除く PDFのみ くらしの情報 しごとの情報 観光情報 町政情報 組織でさがす 地図でさがす カレンダーでさがす 防災・災害情報 日曜・休日当番 トップページへ 本文へ ご利用ガイド サイトマップ Foreign language 文字拡大・背景色変更 文字サイズ 標準 拡大 色合い変更 白 青 黒 閉じる サイト内検索 Googleカスタム検索 検索対象 すべて PDFを除く PDFのみ トップページ > 組織でさがす > 商工観光課 本文 商工観光課 新着情報 町内観光施設は通常どおり営業しています（新燃岳噴火警戒レベル関連情報） 2025
16	高原町	日本のひなた宮崎国スポボランティアを募集します	https://www.town.takaharu.lg.jp/soshiki/14/304069.html	日本のひなた宮崎国スポボランティアを募集します - 高原町ホームページ ページの先頭です。 メニューを飛ばして本文へ メニュー Close pop up Googleカスタム検索 検索対象 すべて PDFを除く PDFのみ くらしの情報 しごとの情報 観光情報 町政情報 組織でさがす 地図でさがす カレンダーでさがす 防災・災害情報 日曜・休日当番 トップページへ 本文へ ご利用ガイド サイトマップ Foreign language 文字拡大・背景色変更 文字サイズ 標準 拡大 色合い変更 白 青 黒 閉じる サイト内検索 Googleカスタム検索 検索対象 すべて PDFを除く PDFのみ トップページ > 組織でさがす > 教育総務課 > 日本のひなた宮崎国スポボランティアを募集します 本文 日本のひなた宮
16	高原町	更生医療について	https://www.town.takaharu.lg.jp/soshiki/20230403/1104.html	更生医療について - 高原町ホームページ ページの先頭です。 メニューを飛ばして本文へ メニュー Close pop up Googleカスタム検索 検索対象 すべて PDFを除く PDFのみ くらしの情報 しごとの情報 観光情報 町政情報 組織でさがす 地図でさがす カレンダーでさがす 防災・災害情報 日曜・休日当番 トップページへ 本文へ ご利用ガイド サイトマップ Foreign language 文字拡大・背景色変更 文字サイズ 標準 拡大 色合い変更 白 青 黒 閉じる サイト内検索 Googleカスタム検索 検索対象 すべて PDFを除く PDFのみ トップページ > 組織でさがす > 福祉課 > 更生医療について 本文 更生医療について 印刷ページ表示 大きな文字で印刷ページ表示 更新日：2023
16	高原町	新型コロナウイルス感染症の影響に伴う国民年金保険料免除等について	https://www.town.takaharu.lg.jp/soshiki/20230402/92549.html	新型コロナウイルス感染症の影響に伴う国民年金保険料免除等について - 高原町ホームページ ページの先頭です。 メニューを飛ばして本文へ メニュー Close pop up Googleカスタム検索 検索対象 すべて PDFを除く PDFのみ くらしの情報 しごとの情報 観光情報 町政情報 組織でさがす 地図でさがす カレンダーでさがす 防災・災害情報 日曜・休日当番 トップページへ 本文へ ご利用ガイド サイトマップ Foreign language 文字拡大・背景色変更 文字サイズ 標準 拡大 色合い変更 白 青 黒 閉じる サイト内検索 Googleカスタム検索 検索対象 すべて PDFを除く PDFのみ トップページ > 組織でさがす > 町民課 > 新型コロナウイルス感染症の影響に伴う国民年金保険料免除
16	高原町	保険・年金・税金	https://www.town.takaharu.lg.jp/life/1/5/index-2.html	保険・年金・税金 - 高原町ホームページ ページの先頭です。 メニューを飛ばして本文へ メニュー Close pop up Googleカスタム検索 検索対象 すべて PDFを除く PDFのみ くらしの情報 しごとの情報 観光情報 町政情報 組織でさがす 地図でさがす カレンダーでさがす 防災・災害情報 日曜・休日当番 トップページへ 本文へ ご利用ガイド サイトマップ Foreign language 文字拡大・背景色変更 文字サイズ 標準 拡大 色合い変更 白 青 黒 閉じる サイト内検索 Googleカスタム検索 検索対象 すべて PDFを除く PDFのみ トップページ > 分類でさがす > くらしの情報 > 保険・年金・税金 本文 保険・年金・税金 新着情報 若年層（20～39歳）健康診査 2024年6
16	高原町	介護保険について	https://www.town.takaharu.lg.jp/soshiki/20230403/1192.html	介護保険について - 高原町ホームページ ページの先頭です。 メニューを飛ばして本文へ メニュー Close pop up Googleカスタム検索 検索対象 すべて PDFを除く PDFのみ くらしの情報 しごとの情報 観光情報 町政情報 組織でさがす 地図でさがす カレンダーでさがす 防災・災害情報 日曜・休日当番 トップページへ 本文へ ご利用ガイド サイトマップ Foreign language 文字拡大・背景色変更 文字サイズ 標準 拡大 色合い変更 白 青 黒 閉じる サイト内検索 Googleカスタム検索 検索対象 すべて PDFを除く PDFのみ トップページ > 組織でさがす > 福祉課 > 介護保険について 本文 介護保険について 印刷ページ表示 大きな文字で印刷ページ表示 更新日：2023
16	高原町	出産育児一時金	https://www.town.takaharu.lg.jp/soshiki/20230402/1056.html	出産育児一時金 - 高原町ホームページ ページの先頭です。 メニューを飛ばして本文へ メニュー Close pop up Googleカスタム検索 検索対象 すべて PDFを除く PDFのみ くらしの情報 しごとの情報 観光情報 町政情報 組織でさがす 地図でさがす カレンダーでさがす 防災・災害情報 日曜・休日当番 トップページへ 本文へ ご利用ガイド サイトマップ Foreign language 文字拡大・背景色変更 文字サイズ 標準 拡大 色合い変更 白 青 黒 閉じる サイト内検索 Googleカスタム検索 検索対象 すべて PDFを除く PDFのみ トップページ > 組織でさがす > 町民課 > 出産育児一時金 本文 出産育児一時金 印刷ページ表示 大きな文字で印刷ページ表示 更新日：2023年4月
16	高原町	産業振興	https://www.town.takaharu.lg.jp/life/2/10/index-2.html	産業振興 - 高原町ホームページ ページの先頭です。 メニューを飛ばして本文へ メニュー Close pop up Googleカスタム検索 検索対象 すべて PDFを除く PDFのみ くらしの情報 しごとの情報 観光情報 町政情報 組織でさがす 地図でさがす カレンダーでさがす 防災・災害情報 日曜・休日当番 トップページへ 本文へ ご利用ガイド サイトマップ Foreign language 文字拡大・背景色変更 文字サイズ 標準 拡大 色合い変更 白 青 黒 閉じる サイト内検索 Googleカスタム検索 検索対象 すべて PDFを除く PDFのみ トップページ > 分類でさがす > しごとの情報 > 産業振興 本文 産業振興 新着情報 子牛町品評会結果 2026年7月6日更新 令和8年度家畜体内受精卵移
16	高原町	高原町まち・ひと・しごと創生寄附活用事業（企業版ふるさと納税）について	https://www.town.takaharu.lg.jp/soshiki/31/91569.html	高原町まち・ひと・しごと創生寄附活用事業（企業版ふるさと納税）について - 高原町ホームページ ページの先頭です。 メニューを飛ばして本文へ メニュー Close pop up Googleカスタム検索 検索対象 すべて PDFを除く PDFのみ くらしの情報 しごとの情報 観光情報 町政情報 組織でさがす 地図でさがす カレンダーでさがす 防災・災害情報 日曜・休日当番 トップページへ 本文へ ご利用ガイド サイトマップ Foreign language 文字拡大・背景色変更 文字サイズ 標準 拡大 色合い変更 白 青 黒 閉じる サイト内検索 Googleカスタム検索 検索対象 すべて PDFを除く PDFのみ トップページ > 分類でさがす > 町政情報 > 町政・行政 > 地域振興 > 高原町まち・ひと
16	高原町	高原町が誇る温泉地「奥霧島温泉郷」	https://www.town.takaharu.lg.jp/soshiki/34/234301.html	高原町が誇る温泉地「奥霧島温泉郷」 - 高原町ホームページ ページの先頭です。 メニューを飛ばして本文へ メニュー Close pop up Googleカスタム検索 検索対象 すべて PDFを除く PDFのみ くらしの情報 しごとの情報 観光情報 町政情報 組織でさがす 地図でさがす カレンダーでさがす 防災・災害情報 日曜・休日当番 トップページへ 本文へ ご利用ガイド サイトマップ Foreign language 文字拡大・背景色変更 文字サイズ 標準 拡大 色合い変更 白 青 黒 閉じる サイト内検索 Googleカスタム検索 検索対象 すべて PDFを除く PDFのみ トップページ > 組織でさがす > 商工観光課 > 高原町が誇る温泉地「奥霧島温泉郷」 本文 高原町が誇る温泉地「奥霧島温泉郷」 印
16	高原町	高原町オンライン移住相談の御案内	https://www.town.takaharu.lg.jp/soshiki/31/97722.html	高原町オンライン移住相談の御案内 - 高原町ホームページ ページの先頭です。 メニューを飛ばして本文へ メニュー Close pop up Googleカスタム検索 検索対象 すべて PDFを除く PDFのみ くらしの情報 しごとの情報 観光情報 町政情報 組織でさがす 地図でさがす カレンダーでさがす 防災・災害情報 日曜・休日当番 トップページへ 本文へ ご利用ガイド サイトマップ Foreign language 文字拡大・背景色変更 文字サイズ 標準 拡大 色合い変更 白 青 黒 閉じる サイト内検索 Googleカスタム検索 検索対象 すべて PDFを除く PDFのみ トップページ > 組織でさがす > 企画政策課 > 高原町オンライン移住相談の御案内 本文 高原町オンライン移住相談の御案内 印刷ペー
16	高原町	高原町障がい福祉サービス等支給決定基準	https://www.town.takaharu.lg.jp/soshiki/20230403/177379.html	高原町障がい福祉サービス等支給決定基準 - 高原町ホームページ ページの先頭です。 メニューを飛ばして本文へ メニュー Close pop up Googleカスタム検索 検索対象 すべて PDFを除く PDFのみ くらしの情報 しごとの情報 観光情報 町政情報 組織でさがす 地図でさがす カレンダーでさがす 防災・災害情報 日曜・休日当番 トップページへ 本文へ ご利用ガイド サイトマップ Foreign language 文字拡大・背景色変更 文字サイズ 標準 拡大 色合い変更 白 青 黒 閉じる サイト内検索 Googleカスタム検索 検索対象 すべて PDFを除く PDFのみ トップページ > 組織でさがす > 福祉課 > 高原町障がい福祉サービス等支給決定基準 本文 高原町障がい福祉サービス等支給決定
16	高原町	国民年金	https://www.town.takaharu.lg.jp/soshiki/20230402/1096.html	国民年金 - 高原町ホームページ ページの先頭です。 メニューを飛ばして本文へ メニュー Close pop up Googleカスタム検索 検索対象 すべて PDFを除く PDFのみ くらしの情報 しごとの情報 観光情報 町政情報 組織でさがす 地図でさがす カレンダーでさがす 防災・災害情報 日曜・休日当番 トップページへ 本文へ ご利用ガイド サイトマップ Foreign language 文字拡大・背景色変更 文字サイズ 標準 拡大 色合い変更 白 青 黒 閉じる サイト内検索 Googleカスタム検索 検索対象 すべて PDFを除く PDFのみ トップページ > 組織でさがす > 町民課 > 国民年金 本文 国民年金 印刷ページ表示 大きな文字で印刷ページ表示 更新日：2023年4月1日更新 自営業者
16	高原町	女性消防団を募集しています	https://www.town.takaharu.lg.jp/soshiki/7/8350.html	女性消防団を募集しています - 高原町ホームページ ページの先頭です。 メニューを飛ばして本文へ メニュー Close pop up Googleカスタム検索 検索対象 すべて PDFを除く PDFのみ くらしの情報 しごとの情報 観光情報 町政情報 組織でさがす 地図でさがす カレンダーでさがす 防災・災害情報 日曜・休日当番 トップページへ 本文へ ご利用ガイド サイトマップ Foreign language 文字拡大・背景色変更 文字サイズ 標準 拡大 色合い変更 白 青 黒 閉じる サイト内検索 Googleカスタム検索 検索対象 すべて PDFを除く PDFのみ トップページ > 組織でさがす > 総務課 > 女性消防団を募集しています 本文 女性消防団を募集しています 印刷ページ表示 大きな文字で印
16	高原町	各種証明書コンビニ交付サービスが開始しました	https://www.town.takaharu.lg.jp/soshiki/20230402/303225.html	各種証明書コンビニ交付サービスが開始しました - 高原町ホームページ ページの先頭です。 メニューを飛ばして本文へ メニュー Close pop up Googleカスタム検索 検索対象 すべて PDFを除く PDFのみ くらしの情報 しごとの情報 観光情報 町政情報 組織でさがす 地図でさがす カレンダーでさがす 防災・災害情報 日曜・休日当番 トップページへ 本文へ ご利用ガイド サイトマップ Foreign language 文字拡大・背景色変更 文字サイズ 標準 拡大 色合い変更 白 青 黒 閉じる サイト内検索 Googleカスタム検索 検索対象 すべて PDFを除く PDFのみ トップページ > 組織でさがす > 町民課 > 各種証明書コンビニ交付サービスが開始しました 本文 各種証明書コンビニ交付
16	高原町	高原町の介護人材確保にかかる取組について	https://www.town.takaharu.lg.jp/soshiki/20230403/297175.html	高原町の介護人材確保にかかる取組について - 高原町ホームページ ページの先頭です。 メニューを飛ばして本文へ メニュー Close pop up Googleカスタム検索 検索対象 すべて PDFを除く PDFのみ くらしの情報 しごとの情報 観光情報 町政情報 組織でさがす 地図でさがす カレンダーでさがす 防災・災害情報 日曜・休日当番 トップページへ 本文へ ご利用ガイド サイトマップ Foreign language 文字拡大・背景色変更 文字サイズ 標準 拡大 色合い変更 白 青 黒 閉じる サイト内検索 Googleカスタム検索 検索対象 すべて PDFを除く PDFのみ トップページ > 組織でさがす > 福祉課 > 高原町の介護人材確保にかかる取組について 本文 高原町の介護人材確保にかかる取
16	高原町	介護保険サービス利用中における事故報告について	https://www.town.takaharu.lg.jp/soshiki/20230403/243497.html	介護保険サービス利用中における事故報告について - 高原町ホームページ ページの先頭です。 メニューを飛ばして本文へ メニュー Close pop up Googleカスタム検索 検索対象 すべて PDFを除く PDFのみ くらしの情報 しごとの情報 観光情報 町政情報 組織でさがす 地図でさがす カレンダーでさがす 防災・災害情報 日曜・休日当番 トップページへ 本文へ ご利用ガイド サイトマップ Foreign language 文字拡大・背景色変更 文字サイズ 標準 拡大 色合い変更 白 青 黒 閉じる サイト内検索 Googleカスタム検索 検索対象 すべて PDFを除く PDFのみ トップページ > 組織でさがす > 福祉課 > 介護保険サービス利用中における事故報告について 本文 介護保険サービス利
16	高原町	各種公共料金の割引制度について	https://www.town.takaharu.lg.jp/soshiki/20230403/1102.html	各種公共料金の割引制度について - 高原町ホームページ ページの先頭です。 メニューを飛ばして本文へ メニュー Close pop up Googleカスタム検索 検索対象 すべて PDFを除く PDFのみ くらしの情報 しごとの情報 観光情報 町政情報 組織でさがす 地図でさがす カレンダーでさがす 防災・災害情報 日曜・休日当番 トップページへ 本文へ ご利用ガイド サイトマップ Foreign language 文字拡大・背景色変更 文字サイズ 標準 拡大 色合い変更 白 青 黒 閉じる サイト内検索 Googleカスタム検索 検索対象 すべて PDFを除く PDFのみ トップページ > 組織でさがす > 福祉課 > 各種公共料金の割引制度について 本文 各種公共料金の割引制度について 印刷ページ表示 大
16	高原町	高原町介護用品支給事業について	https://www.town.takaharu.lg.jp/soshiki/20230403/146407.html	高原町介護用品支給事業について - 高原町ホームページ ページの先頭です。 メニューを飛ばして本文へ メニュー Close pop up Googleカスタム検索 検索対象 すべて PDFを除く PDFのみ くらしの情報 しごとの情報 観光情報 町政情報 組織でさがす 地図でさがす カレンダーでさがす 防災・災害情報 日曜・休日当番 トップページへ 本文へ ご利用ガイド サイトマップ Foreign language 文字拡大・背景色変更 文字サイズ 標準 拡大 色合い変更 白 青 黒 閉じる サイト内検索 Googleカスタム検索 検索対象 すべて PDFを除く PDFのみ トップページ > 組織でさがす > 福祉課 > 高原町介護用品支給事業について 本文 高原町介護用品支給事業について 印刷ページ表示 大
16	高原町	高原町住宅耐震化緊急促進アクションプログラムを策定しました	https://www.town.takaharu.lg.jp/soshiki/22/71163.html	高原町住宅耐震化緊急促進アクションプログラムを策定しました - 高原町ホームページ ページの先頭です。 メニューを飛ばして本文へ メニュー Close pop up Googleカスタム検索 検索対象 すべて PDFを除く PDFのみ くらしの情報 しごとの情報 観光情報 町政情報 組織でさがす 地図でさがす カレンダーでさがす 防災・災害情報 日曜・休日当番 トップページへ 本文へ ご利用ガイド サイトマップ Foreign language 文字拡大・背景色変更 文字サイズ 標準 拡大 色合い変更 白 青 黒 閉じる サイト内検索 Googleカスタム検索 検索対象 すべて PDFを除く PDFのみ トップページ > 組織でさがす > 建設水道課 > 高原町住宅耐震化緊急促進アクションプログラムを策定しまし
42	高鍋町	浄化槽	https://www.town.takanabe.lg.jp/soshiki/jogesuido/1/7/index.html	浄化槽／高鍋町 本文へ 背景色 くらし 手続き 子育て 教育 健康･ 福祉・医療 文化 スポーツ 観光 お誘い 町政情報 事業者・ 産業・農業 組織から 探す 組織から探す 施設マップ 移住定住情報 サイト内検索 メニューを閉じる Select Language くらし/手続き 子ども・教育 健康・医療・福祉 文化・スポーツ 観光・お誘い 町政情報 事業者・産業・農業 組織から探す メニューを閉じる 現在の位置 宮崎県高鍋町公式ホームページ TAKANABE TOWN 組織から探す 上下水道課 上下水道 浄化槽 浄化槽 更新日：2026年07月06日 浄化槽法11条検査について ◎浄化槽を使用している者（浄化槽管理者）は、法律により年に1度の法定検査が義務付けられています。（浄化槽法11条検査） ▲検査の際には
42	高鍋町	国民健康保険税について	https://www.town.takanabe.lg.jp/soshiki/zeimu/1/1/286.html	国民健康保険税について／高鍋町 本文へ 背景色 くらし 手続き 子育て 教育 健康･ 福祉・医療 文化 スポーツ 観光 お誘い 町政情報 事業者・ 産業・農業 組織から 探す 組織から探す 施設マップ 移住定住情報 サイト内検索 メニューを閉じる Select Language くらし/手続き 子ども・教育 健康・医療・福祉 文化・スポーツ 観光・お誘い 町政情報 事業者・産業・農業 組織から探す メニューを閉じる 現在の位置 宮崎県高鍋町公式ホームページ TAKANABE TOWN 組織から探す 税務課 くらし・手続き 税金 国民健康保険税について 国民健康保険税について 更新日：2025年06月24日 国民健康保険税の算定方法と軽減制度について 国民健康保険税の特別徴収(年金からの天引き)について 国民健康
42	高鍋町	子ども医療費助成制度について	https://www.town.takanabe.lg.jp/lifeevent/teate_josei_shomei/1584.html	子ども医療費助成制度について／高鍋町 本文へ 背景色 くらし 手続き 子育て 教育 健康･ 福祉・医療 文化 スポーツ 観光 お誘い 町政情報 事業者・ 産業・農業 組織から 探す 組織から探す 施設マップ 移住定住情報 サイト内検索 メニューを閉じる Select Language くらし/手続き 子ども・教育 健康・医療・福祉 文化・スポーツ 観光・お誘い 町政情報 事業者・産業・農業 組織から探す メニューを閉じる 現在の位置 宮崎県高鍋町公式ホームページ TAKANABE TOWN ライフシーンでさがす 手当・助成・証明 子ども医療費助成制度について 子ども医療費助成制度について 更新日：2024年12月09日 この制度は、高等学校修了前のお子さんを対象とした医療費助成制度です。 保護者の経済的負担を軽
42	高鍋町	ひとり親家庭医療費助成制度について	https://www.town.takanabe.lg.jp/lifeevent/teate_josei_shomei/1597.html	ひとり親家庭医療費助成制度について／高鍋町 本文へ 背景色 くらし 手続き 子育て 教育 健康･ 福祉・医療 文化 スポーツ 観光 お誘い 町政情報 事業者・ 産業・農業 組織から 探す 組織から探す 施設マップ 移住定住情報 サイト内検索 メニューを閉じる Select Language くらし/手続き 子ども・教育 健康・医療・福祉 文化・スポーツ 観光・お誘い 町政情報 事業者・産業・農業 組織から探す メニューを閉じる 現在の位置 宮崎県高鍋町公式ホームページ TAKANABE TOWN ライフシーンでさがす 手当・助成・証明 ひとり親家庭医療費助成制度について ひとり親家庭医療費助成制度について 更新日：2024年11月05日 概要 ひとり親家庭等の経済的負担を軽減し、健康維持のために医療費の一部を助
42	高鍋町	戸籍・住民票・印鑑などの届出について	https://www.town.takanabe.lg.jp/lifeevent/teate_josei_shomei/1600.html	戸籍・住民票・印鑑などの届出について／高鍋町 本文へ 背景色 くらし 手続き 子育て 教育 健康･ 福祉・医療 文化 スポーツ 観光 お誘い 町政情報 事業者・ 産業・農業 組織から 探す 組織から探す 施設マップ 移住定住情報 サイト内検索 メニューを閉じる Select Language くらし/手続き 子ども・教育 健康・医療・福祉 文化・スポーツ 観光・お誘い 町政情報 事業者・産業・農業 組織から探す メニューを閉じる 現在の位置 宮崎県高鍋町公式ホームページ TAKANABE TOWN ライフシーンでさがす 手当・助成・証明 戸籍・住民票・印鑑などの届出について 戸籍・住民票・印鑑などの届出について 更新日：2024年03月01日 1.赤ちゃんが生まれたときは 2.不幸(死亡)のあったときは 3.結
42	高鍋町	特別児童扶養手当	https://www.town.takanabe.lg.jp/lifeevent/teate_josei_shomei/1638.html	特別児童扶養手当／高鍋町 本文へ 背景色 くらし 手続き 子育て 教育 健康･ 福祉・医療 文化 スポーツ 観光 お誘い 町政情報 事業者・ 産業・農業 組織から 探す 組織から探す 施設マップ 移住定住情報 サイト内検索 メニューを閉じる Select Language くらし/手続き 子ども・教育 健康・医療・福祉 文化・スポーツ 観光・お誘い 町政情報 事業者・産業・農業 組織から探す メニューを閉じる 現在の位置 宮崎県高鍋町公式ホームページ TAKANABE TOWN ライフシーンでさがす 手当・助成・証明 特別児童扶養手当 特別児童扶養手当 更新日：2026年03月26日 目的 精神または身体に障がいを有する児童について、この手当を支給することにより、障がい児の福祉の増進を図ることを目的としたもので
42	高鍋町	新しくひとり親家庭になられた方へ	https://www.town.takanabe.lg.jp/lifeevent/teate_josei_shomei/1648.html	新しくひとり親家庭になられた方へ／高鍋町 本文へ 背景色 くらし 手続き 子育て 教育 健康･ 福祉・医療 文化 スポーツ 観光 お誘い 町政情報 事業者・ 産業・農業 組織から 探す 組織から探す 施設マップ 移住定住情報 サイト内検索 メニューを閉じる Select Language くらし/手続き 子ども・教育 健康・医療・福祉 文化・スポーツ 観光・お誘い 町政情報 事業者・産業・農業 組織から探す メニューを閉じる 現在の位置 宮崎県高鍋町公式ホームページ TAKANABE TOWN ライフシーンでさがす 手当・助成・証明 新しくひとり親家庭になられた方へ 新しくひとり親家庭になられた方へ 更新日：2018年11月30日 ひとり親家庭医療費助成制度の申請はお済ですか？ ひとり親家庭医療費助成制度とは、
42	高鍋町	企業誘致案内(優遇措置)	https://www.town.takanabe.lg.jp/jigyosha/kigyoyuchi/1044.html	企業誘致案内(優遇措置)／高鍋町 本文へ 背景色 くらし 手続き 子育て 教育 健康･ 福祉・医療 文化 スポーツ 観光 お誘い 町政情報 事業者・ 産業・農業 組織から 探す 組織から探す 施設マップ 移住定住情報 サイト内検索 メニューを閉じる Select Language くらし/手続き 子ども・教育 健康・医療・福祉 文化・スポーツ 観光・お誘い 町政情報 事業者・産業・農業 組織から探す メニューを閉じる 現在の位置 宮崎県高鍋町公式ホームページ TAKANABE TOWN 事業者の方へ 企業誘致 企業誘致案内(優遇措置) 企業誘致案内(優遇措置) 更新日：2018年11月30日 高鍋町企業立地奨励条例による奨励措置の概要 対象業種 工場 試験研究施設 情報サービス施設 コールセンター 流通関連施設
42	高鍋町	高鍋町骨髄移植ドナー支援事業	https://www.town.takanabe.lg.jp/kenko_iryo_fukushi/kenkozukuri/4340.html	高鍋町骨髄移植ドナー支援事業／高鍋町 本文へ 背景色 くらし 手続き 子育て 教育 健康･ 福祉・医療 文化 スポーツ 観光 お誘い 町政情報 事業者・ 産業・農業 組織から 探す 組織から探す 施設マップ 移住定住情報 サイト内検索 メニューを閉じる Select Language くらし/手続き 子ども・教育 健康・医療・福祉 文化・スポーツ 観光・お誘い 町政情報 事業者・産業・農業 組織から探す メニューを閉じる 現在の位置 宮崎県高鍋町公式ホームページ TAKANABE TOWN 健康・医療・福祉 健康づくり・健（検）診 高鍋町骨髄移植ドナー支援事業 高鍋町骨髄移植ドナー支援事業 更新日：2024年06月17日 高鍋町骨髄移植ドナー支援事業 高鍋町では、多くの骨髄または末梢血幹細胞移植の実現およびドナ
42	高鍋町	子ども医療費助成制度の高校生まで無償化および受給資格証の郵送について	https://www.town.takanabe.lg.jp/kosodate_kyoiku/kosodate/4008.html	子ども医療費助成制度の高校生まで無償化および受給資格証の郵送について／高鍋町 本文へ 背景色 くらし 手続き 子育て 教育 健康･ 福祉・医療 文化 スポーツ 観光 お誘い 町政情報 事業者・ 産業・農業 組織から 探す 組織から探す 施設マップ 移住定住情報 サイト内検索 メニューを閉じる Select Language くらし/手続き 子ども・教育 健康・医療・福祉 文化・スポーツ 観光・お誘い 町政情報 事業者・産業・農業 組織から探す メニューを閉じる 現在の位置 宮崎県高鍋町公式ホームページ TAKANABE TOWN 子育て・教育 子育て 子ども医療費助成制度の高校生まで無償化および受給資格証の郵送について 子ども医療費助成制度の高校生まで無償化および受給資格証の郵送について 更新日：2023年02
42	高鍋町	第2子の保育料無償化について	https://www.town.takanabe.lg.jp/kosodate_kyoiku/kosodate/4290.html	第2子の保育料無償化について／高鍋町 本文へ 背景色 くらし 手続き 子育て 教育 健康･ 福祉・医療 文化 スポーツ 観光 お誘い 町政情報 事業者・ 産業・農業 組織から 探す 組織から探す 施設マップ 移住定住情報 サイト内検索 メニューを閉じる Select Language くらし/手続き 子ども・教育 健康・医療・福祉 文化・スポーツ 観光・お誘い 町政情報 事業者・産業・農業 組織から探す メニューを閉じる 現在の位置 宮崎県高鍋町公式ホームページ TAKANABE TOWN 子育て・教育 子育て 第2子の保育料無償化について 第2子の保育料無償化について 更新日：2024年03月27日 令和6年4月分の保育料から第2子の保育料を無償化します 実施時期 令和6年4月分の保育料から 対象児童 高鍋町
42	高鍋町	物価高対応子育て応援手当（宮崎県上乗せ支給分）について	https://www.town.takanabe.lg.jp/kosodate_kyoiku/teate_josei/4819.html	物価高対応子育て応援手当（宮崎県上乗せ支給分）について／高鍋町 本文へ 背景色 くらし 手続き 子育て 教育 健康･ 福祉・医療 文化 スポーツ 観光 お誘い 町政情報 事業者・ 産業・農業 組織から 探す 組織から探す 施設マップ 移住定住情報 サイト内検索 メニューを閉じる Select Language くらし/手続き 子ども・教育 健康・医療・福祉 文化・スポーツ 観光・お誘い 町政情報 事業者・産業・農業 組織から探す メニューを閉じる 現在の位置 宮崎県高鍋町公式ホームページ TAKANABE TOWN 子育て・教育 手当・助成 物価高対応子育て応援手当（宮崎県上乗せ支給分）について 物価高対応子育て応援手当（宮崎県上乗せ支給分）について 更新日：2026年06月25日 宮崎県では、長期化する物価高
42	高鍋町	特別児童扶養手当	https://www.town.takanabe.lg.jp/kosodate_kyoiku/teate_josei/1318.html	特別児童扶養手当／高鍋町 本文へ 背景色 くらし 手続き 子育て 教育 健康･ 福祉・医療 文化 スポーツ 観光 お誘い 町政情報 事業者・ 産業・農業 組織から 探す 組織から探す 施設マップ 移住定住情報 サイト内検索 メニューを閉じる Select Language くらし/手続き 子ども・教育 健康・医療・福祉 文化・スポーツ 観光・お誘い 町政情報 事業者・産業・農業 組織から探す メニューを閉じる 現在の位置 宮崎県高鍋町公式ホームページ TAKANABE TOWN 子育て・教育 手当・助成 特別児童扶養手当 特別児童扶養手当 更新日：2026年03月26日 目的 精神または身体に障がいを有する児童について、この手当を支給することにより、障がい児の福祉の増進を図ることを目的としたものです。 支給要件
42	高鍋町	ひとり親家庭医療費助成制度について	https://www.town.takanabe.lg.jp/kosodate_kyoiku/teate_josei/1055.html	ひとり親家庭医療費助成制度について／高鍋町 本文へ 背景色 くらし 手続き 子育て 教育 健康･ 福祉・医療 文化 スポーツ 観光 お誘い 町政情報 事業者・ 産業・農業 組織から 探す 組織から探す 施設マップ 移住定住情報 サイト内検索 メニューを閉じる Select Language くらし/手続き 子ども・教育 健康・医療・福祉 文化・スポーツ 観光・お誘い 町政情報 事業者・産業・農業 組織から探す メニューを閉じる 現在の位置 宮崎県高鍋町公式ホームページ TAKANABE TOWN 子育て・教育 手当・助成 ひとり親家庭医療費助成制度について ひとり親家庭医療費助成制度について 更新日：2024年11月05日 概要 ひとり親家庭等の経済的負担を軽減し、健康維持のために医療費の一部を助成する制度です
42	高鍋町	子ども医療費助成制度について	https://www.town.takanabe.lg.jp/kosodate_kyoiku/teate_josei/973.html	子ども医療費助成制度について／高鍋町 本文へ 背景色 くらし 手続き 子育て 教育 健康･ 福祉・医療 文化 スポーツ 観光 お誘い 町政情報 事業者・ 産業・農業 組織から 探す 組織から探す 施設マップ 移住定住情報 サイト内検索 メニューを閉じる Select Language くらし/手続き 子ども・教育 健康・医療・福祉 文化・スポーツ 観光・お誘い 町政情報 事業者・産業・農業 組織から探す メニューを閉じる 現在の位置 宮崎県高鍋町公式ホームページ TAKANABE TOWN 子育て・教育 手当・助成 子ども医療費助成制度について 子ども医療費助成制度について 更新日：2024年12月09日 この制度は、高等学校修了前のお子さんを対象とした医療費助成制度です。 保護者の経済的負担を軽減するとともに
42	高鍋町	第2子の保育料無償化について	https://www.town.takanabe.lg.jp/lifeevent/ninshin_shussan_kosodate/4291.html	第2子の保育料無償化について／高鍋町 本文へ 背景色 くらし 手続き 子育て 教育 健康･ 福祉・医療 文化 スポーツ 観光 お誘い 町政情報 事業者・ 産業・農業 組織から 探す 組織から探す 施設マップ 移住定住情報 サイト内検索 メニューを閉じる Select Language くらし/手続き 子ども・教育 健康・医療・福祉 文化・スポーツ 観光・お誘い 町政情報 事業者・産業・農業 組織から探す メニューを閉じる 現在の位置 宮崎県高鍋町公式ホームページ TAKANABE TOWN ライフシーンでさがす 妊娠・出産・子育て 第2子の保育料無償化について 第2子の保育料無償化について 更新日：2024年03月27日 令和6年4月分の保育料から第2子の保育料を無償化します 実施時期 令和6年4月分の保育料か
42	高鍋町	国民健康保険税について	https://www.town.takanabe.lg.jp/lifeevent/zeikin/1581.html	国民健康保険税について／高鍋町 本文へ 背景色 くらし 手続き 子育て 教育 健康･ 福祉・医療 文化 スポーツ 観光 お誘い 町政情報 事業者・ 産業・農業 組織から 探す 組織から探す 施設マップ 移住定住情報 サイト内検索 メニューを閉じる Select Language くらし/手続き 子ども・教育 健康・医療・福祉 文化・スポーツ 観光・お誘い 町政情報 事業者・産業・農業 組織から探す メニューを閉じる 現在の位置 宮崎県高鍋町公式ホームページ TAKANABE TOWN ライフシーンでさがす 税金 国民健康保険税について 国民健康保険税について 更新日：2025年06月24日 国民健康保険税の算定方法と軽減制度について 国民健康保険税の特別徴収(年金からの天引き)について 国民健康保険税の納付方法
42	高鍋町	企業誘致案内(優遇措置)	https://www.town.takanabe.lg.jp/soshiki/chiikiseisaku/6/1/359.html	企業誘致案内(優遇措置)／高鍋町 本文へ 背景色 くらし 手続き 子育て 教育 健康･ 福祉・医療 文化 スポーツ 観光 お誘い 町政情報 事業者・ 産業・農業 組織から 探す 組織から探す 施設マップ 移住定住情報 サイト内検索 メニューを閉じる Select Language くらし/手続き 子ども・教育 健康・医療・福祉 文化・スポーツ 観光・お誘い 町政情報 事業者・産業・農業 組織から探す メニューを閉じる 現在の位置 宮崎県高鍋町公式ホームページ TAKANABE TOWN 組織から探す 地域政策課 事業者の方へ 企業誘致 企業誘致案内(優遇措置) 企業誘致案内(優遇措置) 更新日：2018年11月30日 高鍋町企業立地奨励条例による奨励措置の概要 対象業種 工場 試験研究施設 情報サービス施設 コ
42	高鍋町	高鍋町内交通事業者支援金について	https://www.town.takanabe.lg.jp/soshiki/chiikiseisaku/6/corona/3397.html	高鍋町内交通事業者支援金について／高鍋町 本文へ 背景色 くらし 手続き 子育て 教育 健康･ 福祉・医療 文化 スポーツ 観光 お誘い 町政情報 事業者・ 産業・農業 組織から 探す 組織から探す 施設マップ 移住定住情報 サイト内検索 メニューを閉じる Select Language くらし/手続き 子ども・教育 健康・医療・福祉 文化・スポーツ 観光・お誘い 町政情報 事業者・産業・農業 組織から探す メニューを閉じる 現在の位置 宮崎県高鍋町公式ホームページ TAKANABE TOWN 組織から探す 地域政策課 事業者の方へ 新型コロナウイルス感染症対策関係 高鍋町内交通事業者支援金について 高鍋町内交通事業者支援金について 更新日：2021年10月20日 売上が 20％以上減少 した交通事業者の方に支
42	高鍋町	セーフティネット・危機関連貸付（4号など）について	https://www.town.takanabe.lg.jp/soshiki/chiikiseisaku/6/corona/3499.html	セーフティネット・危機関連貸付（4号など）について／高鍋町 本文へ 背景色 くらし 手続き 子育て 教育 健康･ 福祉・医療 文化 スポーツ 観光 お誘い 町政情報 事業者・ 産業・農業 組織から 探す 組織から探す 施設マップ 移住定住情報 サイト内検索 メニューを閉じる Select Language くらし/手続き 子ども・教育 健康・医療・福祉 文化・スポーツ 観光・お誘い 町政情報 事業者・産業・農業 組織から探す メニューを閉じる 現在の位置 宮崎県高鍋町公式ホームページ TAKANABE TOWN 組織から探す 地域政策課 事業者の方へ 新型コロナウイルス感染症対策関係 セーフティネット・危機関連貸付（4号など）について セーフティネット・危機関連貸付（4号など）について 更新日：2022年01月
40	高鍋町	軽自動車税について	https://www.town.takanabe.lg.jp/soshiki/zeimu/1/1/858.html	軽自動車税について／高鍋町 本文へ 背景色 くらし 手続き 子育て 教育 健康･ 福祉・医療 文化 スポーツ 観光 お誘い 町政情報 事業者・ 産業・農業 組織から 探す 組織から探す 施設マップ 移住定住情報 サイト内検索 メニューを閉じる Select Language くらし/手続き 子ども・教育 健康・医療・福祉 文化・スポーツ 観光・お誘い 町政情報 事業者・産業・農業 組織から探す メニューを閉じる 現在の位置 宮崎県高鍋町公式ホームページ TAKANABE TOWN 組織から探す 税務課 くらし・手続き 税金 軽自動車税について 軽自動車税について 更新日：2026年06月04日 軽自動車税の税率 登録・廃車・名義変更等の手続き（問い合わせ） 転出に伴う軽自動車等の住所変更手続き 軽自動車税の減免
40	高鍋町	こども誰でも通園制度（乳児等通園支援事業）について	https://www.town.takanabe.lg.jp/kosodate_kyoiku/kosodate/4995.html	こども誰でも通園制度（乳児等通園支援事業）について／高鍋町 本文へ 背景色 くらし 手続き 子育て 教育 健康･ 福祉・医療 文化 スポーツ 観光 お誘い 町政情報 事業者・ 産業・農業 組織から 探す 組織から探す 施設マップ 移住定住情報 サイト内検索 メニューを閉じる Select Language くらし/手続き 子ども・教育 健康・医療・福祉 文化・スポーツ 観光・お誘い 町政情報 事業者・産業・農業 組織から探す メニューを閉じる 現在の位置 宮崎県高鍋町公式ホームページ TAKANABE TOWN 子育て・教育 子育て こども誰でも通園制度（乳児等通園支援事業）について こども誰でも通園制度（乳児等通園支援事業）について 更新日：2026年06月11日 こども誰でも通園制度(乳児等通園支援事業)と
40	高鍋町	軽自動車税について	https://www.town.takanabe.lg.jp/lifeevent/zeikin/1591.html	軽自動車税について／高鍋町 本文へ 背景色 くらし 手続き 子育て 教育 健康･ 福祉・医療 文化 スポーツ 観光 お誘い 町政情報 事業者・ 産業・農業 組織から 探す 組織から探す 施設マップ 移住定住情報 サイト内検索 メニューを閉じる Select Language くらし/手続き 子ども・教育 健康・医療・福祉 文化・スポーツ 観光・お誘い 町政情報 事業者・産業・農業 組織から探す メニューを閉じる 現在の位置 宮崎県高鍋町公式ホームページ TAKANABE TOWN ライフシーンでさがす 税金 軽自動車税について 軽自動車税について 更新日：2026年06月04日 軽自動車税の税率 登録・廃車・名義変更等の手続き（問い合わせ） 転出に伴う軽自動車等の住所変更手続き 軽自動車税の減免について Q&A
38	高鍋町	戸籍・住民票・印鑑などの届出について	https://www.town.takanabe.lg.jp/kurashi_tetsuzuki/todokede_shomei/1058.html	戸籍・住民票・印鑑などの届出について／高鍋町 本文へ 背景色 くらし 手続き 子育て 教育 健康･ 福祉・医療 文化 スポーツ 観光 お誘い 町政情報 事業者・ 産業・農業 組織から 探す 組織から探す 施設マップ 移住定住情報 サイト内検索 メニューを閉じる Select Language くらし/手続き 子ども・教育 健康・医療・福祉 文化・スポーツ 観光・お誘い 町政情報 事業者・産業・農業 組織から探す メニューを閉じる 現在の位置 宮崎県高鍋町公式ホームページ TAKANABE TOWN くらし・手続き 届出・証明 戸籍・住民票・印鑑などの届出について 戸籍・住民票・印鑑などの届出について 更新日：2024年03月01日 1.赤ちゃんが生まれたときは 2.不幸(死亡)のあったときは 3.結婚をするとき
38	高鍋町	出産育児一時金	https://www.town.takanabe.lg.jp/lifeevent/teate_josei_shomei/1598.html	出産育児一時金／高鍋町 本文へ 背景色 くらし 手続き 子育て 教育 健康･ 福祉・医療 文化 スポーツ 観光 お誘い 町政情報 事業者・ 産業・農業 組織から 探す 組織から探す 施設マップ 移住定住情報 サイト内検索 メニューを閉じる Select Language くらし/手続き 子ども・教育 健康・医療・福祉 文化・スポーツ 観光・お誘い 町政情報 事業者・産業・農業 組織から探す メニューを閉じる 現在の位置 宮崎県高鍋町公式ホームページ TAKANABE TOWN ライフシーンでさがす 手当・助成・証明 出産育児一時金 出産育児一時金 更新日：2018年11月30日 国民健康保険加入者が出産した場合、出産育児一時金が支給されます。 会社を退職後6か月以内に出産された方は、以前に加入していた会社の健康
38	高鍋町	郵送による証明書等の請求をするには	https://www.town.takanabe.lg.jp/lifeevent/teate_josei_shomei/1601.html	郵送による証明書等の請求をするには／高鍋町 本文へ 背景色 くらし 手続き 子育て 教育 健康･ 福祉・医療 文化 スポーツ 観光 お誘い 町政情報 事業者・ 産業・農業 組織から 探す 組織から探す 施設マップ 移住定住情報 サイト内検索 メニューを閉じる Select Language くらし/手続き 子ども・教育 健康・医療・福祉 文化・スポーツ 観光・お誘い 町政情報 事業者・産業・農業 組織から探す メニューを閉じる 現在の位置 宮崎県高鍋町公式ホームページ TAKANABE TOWN ライフシーンでさがす 手当・助成・証明 郵送による証明書等の請求をするには 郵送による証明書等の請求をするには 更新日：2024年02月29日 遠方在住などで役場に直接来ることができない場合は郵送による請求もできます。
38	高鍋町	臨時ナンバーを借りたいときは	https://www.town.takanabe.lg.jp/lifeevent/teate_josei_shomei/1691.html	臨時ナンバーを借りたいときは／高鍋町 本文へ 背景色 くらし 手続き 子育て 教育 健康･ 福祉・医療 文化 スポーツ 観光 お誘い 町政情報 事業者・ 産業・農業 組織から 探す 組織から探す 施設マップ 移住定住情報 サイト内検索 メニューを閉じる Select Language くらし/手続き 子ども・教育 健康・医療・福祉 文化・スポーツ 観光・お誘い 町政情報 事業者・産業・農業 組織から探す メニューを閉じる 現在の位置 宮崎県高鍋町公式ホームページ TAKANABE TOWN ライフシーンでさがす 手当・助成・証明 臨時ナンバーを借りたいときは 臨時ナンバーを借りたいときは 更新日：2023年06月29日 必要なもの 車検証または抹消登録証明書・自賠責保険証書(臨時ナンバー貸し出し期間が加入期間内
38	高鍋町	出産育児一時金	https://www.town.takanabe.lg.jp/kosodate_kyoiku/teate_josei/1056.html	出産育児一時金／高鍋町 本文へ 背景色 くらし 手続き 子育て 教育 健康･ 福祉・医療 文化 スポーツ 観光 お誘い 町政情報 事業者・ 産業・農業 組織から 探す 組織から探す 施設マップ 移住定住情報 サイト内検索 メニューを閉じる Select Language くらし/手続き 子ども・教育 健康・医療・福祉 文化・スポーツ 観光・お誘い 町政情報 事業者・産業・農業 組織から探す メニューを閉じる 現在の位置 宮崎県高鍋町公式ホームページ TAKANABE TOWN 子育て・教育 手当・助成 出産育児一時金 出産育児一時金 更新日：2018年11月30日 国民健康保険加入者が出産した場合、出産育児一時金が支給されます。 会社を退職後6か月以内に出産された方は、以前に加入していた会社の健康保険から一時金
38	高鍋町	戸籍・住民票・印鑑などの届出について	https://www.town.takanabe.lg.jp/lifeevent/hikoshi/1747.html	戸籍・住民票・印鑑などの届出について／高鍋町 本文へ 背景色 くらし 手続き 子育て 教育 健康･ 福祉・医療 文化 スポーツ 観光 お誘い 町政情報 事業者・ 産業・農業 組織から 探す 組織から探す 施設マップ 移住定住情報 サイト内検索 メニューを閉じる Select Language くらし/手続き 子ども・教育 健康・医療・福祉 文化・スポーツ 観光・お誘い 町政情報 事業者・産業・農業 組織から探す メニューを閉じる 現在の位置 宮崎県高鍋町公式ホームページ TAKANABE TOWN ライフシーンでさがす 引っ越し 戸籍・住民票・印鑑などの届出について 戸籍・住民票・印鑑などの届出について 更新日：2024年03月01日 1.赤ちゃんが生まれたときは 2.不幸(死亡)のあったときは 3.結婚をする
38	高鍋町	戸籍・住民票・印鑑などの届出について	https://www.town.takanabe.lg.jp/lifeevent/kekonrikon/1745.html	戸籍・住民票・印鑑などの届出について／高鍋町 本文へ 背景色 くらし 手続き 子育て 教育 健康･ 福祉・医療 文化 スポーツ 観光 お誘い 町政情報 事業者・ 産業・農業 組織から 探す 組織から探す 施設マップ 移住定住情報 サイト内検索 メニューを閉じる Select Language くらし/手続き 子ども・教育 健康・医療・福祉 文化・スポーツ 観光・お誘い 町政情報 事業者・産業・農業 組織から探す メニューを閉じる 現在の位置 宮崎県高鍋町公式ホームページ TAKANABE TOWN ライフシーンでさがす 結婚・離婚 戸籍・住民票・印鑑などの届出について 戸籍・住民票・印鑑などの届出について 更新日：2024年03月01日 1.赤ちゃんが生まれたときは 2.不幸(死亡)のあったときは 3.結婚をす
37	高鍋町	新型コロナウイルス感染症対策関係	https://www.town.takanabe.lg.jp/jigyosha/3533.html	新型コロナウイルス感染症対策関係／高鍋町 本文へ 背景色 くらし 手続き 子育て 教育 健康･ 福祉・医療 文化 スポーツ 観光 お誘い 町政情報 事業者・ 産業・農業 組織から 探す 組織から探す 施設マップ 移住定住情報 サイト内検索 メニューを閉じる Select Language くらし/手続き 子ども・教育 健康・医療・福祉 文化・スポーツ 観光・お誘い 町政情報 事業者・産業・農業 組織から探す メニューを閉じる 現在の位置 宮崎県高鍋町公式ホームページ TAKANABE TOWN 事業者の方へ 新型コロナウイルス感染症対策関係 新型コロナウイルス感染症対策関係 更新日：2022年09月21日 【新型コロナウイルス感染症対策】商工業者の皆様へ 高鍋町内交通事業者支援金について ひなた飲食店認証制度に
37	高鍋町	高鍋町では児童手当から保育料の特別徴収を実施しております	https://www.town.takanabe.lg.jp/kosodate_kyoiku/kosodate/1425.html	高鍋町では児童手当から保育料の特別徴収を実施しております／高鍋町 本文へ 背景色 くらし 手続き 子育て 教育 健康･ 福祉・医療 文化 スポーツ 観光 お誘い 町政情報 事業者・ 産業・農業 組織から 探す 組織から探す 施設マップ 移住定住情報 サイト内検索 メニューを閉じる Select Language くらし/手続き 子ども・教育 健康・医療・福祉 文化・スポーツ 観光・お誘い 町政情報 事業者・産業・農業 組織から探す メニューを閉じる 現在の位置 宮崎県高鍋町公式ホームページ TAKANABE TOWN 子育て・教育 子育て 高鍋町では児童手当から保育料の特別徴収を実施しております 高鍋町では児童手当から保育料の特別徴収を実施しております 更新日：2024年08月30日 1.制度概要 保育料を納付
37	高鍋町	高鍋町では児童手当から保育料の特別徴収を実施しております	https://www.town.takanabe.lg.jp/lifeevent/ninshin_shussan_kosodate/1658.html	高鍋町では児童手当から保育料の特別徴収を実施しております／高鍋町 本文へ 背景色 くらし 手続き 子育て 教育 健康･ 福祉・医療 文化 スポーツ 観光 お誘い 町政情報 事業者・ 産業・農業 組織から 探す 組織から探す 施設マップ 移住定住情報 サイト内検索 メニューを閉じる Select Language くらし/手続き 子ども・教育 健康・医療・福祉 文化・スポーツ 観光・お誘い 町政情報 事業者・産業・農業 組織から探す メニューを閉じる 現在の位置 宮崎県高鍋町公式ホームページ TAKANABE TOWN ライフシーンでさがす 妊娠・出産・子育て 高鍋町では児童手当から保育料の特別徴収を実施しております 高鍋町では児童手当から保育料の特別徴収を実施しております 更新日：2024年08月30日 1.制
37	高鍋町	「宮崎県UIJターン就活応援補助金」及び「宮崎県UIJターン引っ越し補助金」について	https://www.town.takanabe.lg.jp/soshiki/chiikiseisaku/3/4641.html	「宮崎県UIJターン就活応援補助金」及び「宮崎県UIJターン引っ越し補助金」について／高鍋町 本文へ 背景色 くらし 手続き 子育て 教育 健康･ 福祉・医療 文化 スポーツ 観光 お誘い 町政情報 事業者・ 産業・農業 組織から 探す 組織から探す 施設マップ 移住定住情報 サイト内検索 メニューを閉じる Select Language くらし/手続き 子ども・教育 健康・医療・福祉 文化・スポーツ 観光・お誘い 町政情報 事業者・産業・農業 組織から探す メニューを閉じる 現在の位置 宮崎県高鍋町公式ホームページ TAKANABE TOWN 組織から探す 地域政策課 移住・定住 「宮崎県UIJターン就活応援補助金」及び「宮崎県UIJターン引っ越し補助金」について 「宮崎県UIJターン就活応援補助金」及び「宮
37	高鍋町	新型コロナウイルス感染症対策関係	https://www.town.takanabe.lg.jp/soshiki/chiikiseisaku/6/corona/index.html	新型コロナウイルス感染症対策関係／高鍋町 本文へ 背景色 くらし 手続き 子育て 教育 健康･ 福祉・医療 文化 スポーツ 観光 お誘い 町政情報 事業者・ 産業・農業 組織から 探す 組織から探す 施設マップ 移住定住情報 サイト内検索 メニューを閉じる Select Language くらし/手続き 子ども・教育 健康・医療・福祉 文化・スポーツ 観光・お誘い 町政情報 事業者・産業・農業 組織から探す メニューを閉じる 現在の位置 宮崎県高鍋町公式ホームページ TAKANABE TOWN 組織から探す 地域政策課 事業者の方へ 新型コロナウイルス感染症対策関係 新型コロナウイルス感染症対策関係 更新日：2022年09月21日 【新型コロナウイルス感染症対策】商工業者の皆様へ 高鍋町内交通事業者支援金につい
35	高鍋町	手当・助成・証明	https://www.town.takanabe.lg.jp/lifeevent/teate_josei_shomei/index.html	手当・助成・証明／高鍋町 本文へ 背景色 くらし 手続き 子育て 教育 健康･ 福祉・医療 文化 スポーツ 観光 お誘い 町政情報 事業者・ 産業・農業 組織から 探す 組織から探す 施設マップ 移住定住情報 サイト内検索 メニューを閉じる Select Language くらし/手続き 子ども・教育 健康・医療・福祉 文化・スポーツ 観光・お誘い 町政情報 事業者・産業・農業 組織から探す メニューを閉じる 現在の位置 宮崎県高鍋町公式ホームページ TAKANABE TOWN ライフシーンでさがす 手当・助成・証明 手当・助成・証明 更新日：2018年11月30日 子ども医療費助成制度について ひとり親家庭医療費助成制度について 出産育児一時金 手数料一覧 戸籍・住民票・印鑑などの届出について 郵送による証明
35	高鍋町	手当・助成	https://www.town.takanabe.lg.jp/kosodate_kyoiku/teate_josei/index.html	手当・助成／高鍋町 本文へ 背景色 くらし 手続き 子育て 教育 健康･ 福祉・医療 文化 スポーツ 観光 お誘い 町政情報 事業者・ 産業・農業 組織から 探す 組織から探す 施設マップ 移住定住情報 サイト内検索 メニューを閉じる Select Language くらし/手続き 子ども・教育 健康・医療・福祉 文化・スポーツ 観光・お誘い 町政情報 事業者・産業・農業 組織から探す メニューを閉じる 現在の位置 宮崎県高鍋町公式ホームページ TAKANABE TOWN 子育て・教育 手当・助成 手当・助成 更新日：2018年11月30日 子ども医療費助成制度について ひとり親家庭医療費助成制度について 出産育児一時金 高鍋町の子育て支援事業について 児童扶養手当 特別児童扶養手当 児童手当 高鍋町結婚新生活
35	高鍋町	手当・助成・証明	https://www.town.takanabe.lg.jp/lifeevent/teate_josei_shomei/	手当・助成・証明／高鍋町 本文へ 背景色 くらし 手続き 子育て 教育 健康･ 福祉・医療 文化 スポーツ 観光 お誘い 町政情報 事業者・ 産業・農業 組織から 探す 組織から探す 施設マップ 移住定住情報 サイト内検索 メニューを閉じる Select Language くらし/手続き 子ども・教育 健康・医療・福祉 文化・スポーツ 観光・お誘い 町政情報 事業者・産業・農業 組織から探す メニューを閉じる 現在の位置 宮崎県高鍋町公式ホームページ TAKANABE TOWN ライフシーンでさがす 手当・助成・証明 手当・助成・証明 更新日：2018年11月30日 子ども医療費助成制度について ひとり親家庭医療費助成制度について 出産育児一時金 手数料一覧 戸籍・住民票・印鑑などの届出について 郵送による証明
35	高鍋町	令和7年度「働き方改革推進支援助成金」のご案内	https://www.town.takanabe.lg.jp/soshiki/chiikiseisaku/2/4609.html	令和7年度「働き方改革推進支援助成金」のご案内／高鍋町 本文へ 背景色 くらし 手続き 子育て 教育 健康･ 福祉・医療 文化 スポーツ 観光 お誘い 町政情報 事業者・ 産業・農業 組織から 探す 組織から探す 施設マップ 移住定住情報 サイト内検索 メニューを閉じる Select Language くらし/手続き 子ども・教育 健康・医療・福祉 文化・スポーツ 観光・お誘い 町政情報 事業者・産業・農業 組織から探す メニューを閉じる 現在の位置 宮崎県高鍋町公式ホームページ TAKANABE TOWN 組織から探す 地域政策課 就職・雇用労働情報 令和7年度「働き方改革推進支援助成金」のご案内 令和7年度「働き方改革推進支援助成金」のご案内 更新日：2025年08月06日 宮崎労働局から「令和7年度働き方
34	高鍋町	物価高対応生活応援商品券発行事業（たかなべ生活応援商品券）について	https://www.town.takanabe.lg.jp/soshiki/chiikiseisaku/7/4842.html	物価高対応生活応援商品券発行事業（たかなべ生活応援商品券）について／高鍋町 本文へ 背景色 くらし 手続き 子育て 教育 健康･ 福祉・医療 文化 スポーツ 観光 お誘い 町政情報 事業者・ 産業・農業 組織から 探す 組織から探す 施設マップ 移住定住情報 サイト内検索 メニューを閉じる Select Language くらし/手続き 子ども・教育 健康・医療・福祉 文化・スポーツ 観光・お誘い 町政情報 事業者・産業・農業 組織から探す メニューを閉じる 現在の位置 宮崎県高鍋町公式ホームページ TAKANABE TOWN 組織から探す 地域政策課 町政情報 物価高対応生活応援商品券発行事業（たかなべ生活応援商品券）について 物価高対応生活応援商品券発行事業（たかなべ生活応援商品券）について 更新日：202
33	高鍋町	妊娠・出産・子育て	https://www.town.takanabe.lg.jp/lifeevent/ninshin_shussan_kosodate/index.html	妊娠・出産・子育て／高鍋町 本文へ 背景色 くらし 手続き 子育て 教育 健康･ 福祉・医療 文化 スポーツ 観光 お誘い 町政情報 事業者・ 産業・農業 組織から 探す 組織から探す 施設マップ 移住定住情報 サイト内検索 メニューを閉じる Select Language くらし/手続き 子ども・教育 健康・医療・福祉 文化・スポーツ 観光・お誘い 町政情報 事業者・産業・農業 組織から探す メニューを閉じる 現在の位置 宮崎県高鍋町公式ホームページ TAKANABE TOWN ライフシーンでさがす 妊娠・出産・子育て 妊娠・出産・子育て 更新日：2018年11月30日 町立わかば保育園案内 子ども・子育て支援新制度 高鍋町では児童手当から保育料の特別徴収を実施しております 出産育児一時金 高鍋町の子育て支援
33	高鍋町	公的個人認証サービスについて	https://www.town.takanabe.lg.jp/lifeevent/teate_josei_shomei/1657.html	公的個人認証サービスについて／高鍋町 本文へ 背景色 くらし 手続き 子育て 教育 健康･ 福祉・医療 文化 スポーツ 観光 お誘い 町政情報 事業者・ 産業・農業 組織から 探す 組織から探す 施設マップ 移住定住情報 サイト内検索 メニューを閉じる Select Language くらし/手続き 子ども・教育 健康・医療・福祉 文化・スポーツ 観光・お誘い 町政情報 事業者・産業・農業 組織から探す メニューを閉じる 現在の位置 宮崎県高鍋町公式ホームページ TAKANABE TOWN ライフシーンでさがす 手当・助成・証明 公的個人認証サービスについて 公的個人認証サービスについて 更新日：2018年11月30日 公的個人認証サービスとは 公的個人認証サービスとは、インターネットを通じて安全な行政手続き等
33	高鍋町	「個人番号カード総合サイト」について	https://www.town.takanabe.lg.jp/lifeevent/teate_josei_shomei/1692.html	「個人番号カード総合サイト」について／高鍋町 本文へ 背景色 くらし 手続き 子育て 教育 健康･ 福祉・医療 文化 スポーツ 観光 お誘い 町政情報 事業者・ 産業・農業 組織から 探す 組織から探す 施設マップ 移住定住情報 サイト内検索 メニューを閉じる Select Language くらし/手続き 子ども・教育 健康・医療・福祉 文化・スポーツ 観光・お誘い 町政情報 事業者・産業・農業 組織から探す メニューを閉じる 現在の位置 宮崎県高鍋町公式ホームページ TAKANABE TOWN ライフシーンでさがす 手当・助成・証明 「個人番号カード総合サイト」について 「個人番号カード総合サイト」について 更新日：2018年11月30日 「個人番号カード総合サイト(外部サイト)」では、通知カード等の市町村
32	高鍋町	企業誘致のご案内	https://www.town.takanabe.lg.jp/jigyosha/kigyoyuchi/1034.html	企業誘致のご案内／高鍋町 本文へ 背景色 くらし 手続き 子育て 教育 健康･ 福祉・医療 文化 スポーツ 観光 お誘い 町政情報 事業者・ 産業・農業 組織から 探す 組織から探す 施設マップ 移住定住情報 サイト内検索 メニューを閉じる Select Language くらし/手続き 子ども・教育 健康・医療・福祉 文化・スポーツ 観光・お誘い 町政情報 事業者・産業・農業 組織から探す メニューを閉じる 現在の位置 宮崎県高鍋町公式ホームページ TAKANABE TOWN 事業者の方へ 企業誘致 企業誘致のご案内 企業誘致のご案内 更新日：2018年11月30日 高鍋町では、地域活性化と雇用促進のために「企業誘致」を進めています。 高鍋町に進出しませんか? 高鍋町は、県の中央部に位置し、海や山に囲まれた豊
32	高鍋町	国民年金の受給の種類	https://www.town.takanabe.lg.jp/lifeevent/kenshin_hoken_nenkin/1603.html	国民年金の受給の種類／高鍋町 本文へ 背景色 くらし 手続き 子育て 教育 健康･ 福祉・医療 文化 スポーツ 観光 お誘い 町政情報 事業者・ 産業・農業 組織から 探す 組織から探す 施設マップ 移住定住情報 サイト内検索 メニューを閉じる Select Language くらし/手続き 子ども・教育 健康・医療・福祉 文化・スポーツ 観光・お誘い 町政情報 事業者・産業・農業 組織から探す メニューを閉じる 現在の位置 宮崎県高鍋町公式ホームページ TAKANABE TOWN ライフシーンでさがす 検診・保険・年金 国民年金の受給の種類 国民年金の受給の種類 更新日：2021年07月20日 老齢基礎年金 原則として10年以上の受給資格期間(免除期間を含む)を満たした人が、65歳になったときから受けることが
32	高鍋町	国民年金とは?	https://www.town.takanabe.lg.jp/lifeevent/kenshin_hoken_nenkin/1604.html	国民年金とは?／高鍋町 本文へ 背景色 くらし 手続き 子育て 教育 健康･ 福祉・医療 文化 スポーツ 観光 お誘い 町政情報 事業者・ 産業・農業 組織から 探す 組織から探す 施設マップ 移住定住情報 サイト内検索 メニューを閉じる Select Language くらし/手続き 子ども・教育 健康・医療・福祉 文化・スポーツ 観光・お誘い 町政情報 事業者・産業・農業 組織から探す メニューを閉じる 現在の位置 宮崎県高鍋町公式ホームページ TAKANABE TOWN ライフシーンでさがす 検診・保険・年金 国民年金とは? 国民年金とは? 更新日：2021年09月03日 国民年金は、みんなが協力し、将来を支え合う社会保障制度の一つで、国が責任を持って運営・管理している制度です。日本にお住まいの20歳以上
32	高鍋町	企業誘致のご案内	https://www.town.takanabe.lg.jp/soshiki/chiikiseisaku/6/1/349.html	企業誘致のご案内／高鍋町 本文へ 背景色 くらし 手続き 子育て 教育 健康･ 福祉・医療 文化 スポーツ 観光 お誘い 町政情報 事業者・ 産業・農業 組織から 探す 組織から探す 施設マップ 移住定住情報 サイト内検索 メニューを閉じる Select Language くらし/手続き 子ども・教育 健康・医療・福祉 文化・スポーツ 観光・お誘い 町政情報 事業者・産業・農業 組織から探す メニューを閉じる 現在の位置 宮崎県高鍋町公式ホームページ TAKANABE TOWN 組織から探す 地域政策課 事業者の方へ 企業誘致 企業誘致のご案内 企業誘致のご案内 更新日：2018年11月30日 高鍋町では、地域活性化と雇用促進のために「企業誘致」を進めています。 高鍋町に進出しませんか? 高鍋町は、県の中央部に
31	高鍋町	商工業の振興	https://www.town.takanabe.lg.jp/jigyosha/2874.html	商工業の振興／高鍋町 本文へ 背景色 くらし 手続き 子育て 教育 健康･ 福祉・医療 文化 スポーツ 観光 お誘い 町政情報 事業者・ 産業・農業 組織から 探す 組織から探す 施設マップ 移住定住情報 サイト内検索 メニューを閉じる Select Language くらし/手続き 子ども・教育 健康・医療・福祉 文化・スポーツ 観光・お誘い 町政情報 事業者・産業・農業 組織から探す メニューを閉じる 現在の位置 宮崎県高鍋町公式ホームページ TAKANABE TOWN 事業者の方へ 商工業の振興 商工業の振興 更新日：2020年03月05日 宮崎県未来成長企業の選定について 中小企業・小規模事業者の皆様へ～よろず支援拠点～にご相談ください 令和8年度高鍋町創業支援事業補助金の募集開始について 高鍋町事業承
31	高鍋町	学校支援ボランティアの募集	https://www.town.takanabe.lg.jp/kosodate_kyoiku/gakko_kyoiku/1/1635.html	学校支援ボランティアの募集／高鍋町 本文へ 背景色 くらし 手続き 子育て 教育 健康･ 福祉・医療 文化 スポーツ 観光 お誘い 町政情報 事業者・ 産業・農業 組織から 探す 組織から探す 施設マップ 移住定住情報 サイト内検索 メニューを閉じる Select Language くらし/手続き 子ども・教育 健康・医療・福祉 文化・スポーツ 観光・お誘い 町政情報 事業者・産業・農業 組織から探す メニューを閉じる 現在の位置 宮崎県高鍋町公式ホームページ TAKANABE TOWN 子育て・教育 学校・教育 社会教育関連 学校支援ボランティアの募集 学校支援ボランティアの募集 更新日：2018年11月30日 学校支援地域本部事業 学校支援地域本部事業は、学校・家庭・地域住民等が連携して子どもを育てる体制を
31	高鍋町	商工業の振興	https://www.town.takanabe.lg.jp/soshiki/chiikiseisaku/6/syoukougyou/index.html	商工業の振興／高鍋町 本文へ 背景色 くらし 手続き 子育て 教育 健康･ 福祉・医療 文化 スポーツ 観光 お誘い 町政情報 事業者・ 産業・農業 組織から 探す 組織から探す 施設マップ 移住定住情報 サイト内検索 メニューを閉じる Select Language くらし/手続き 子ども・教育 健康・医療・福祉 文化・スポーツ 観光・お誘い 町政情報 事業者・産業・農業 組織から探す メニューを閉じる 現在の位置 宮崎県高鍋町公式ホームページ TAKANABE TOWN 組織から探す 地域政策課 事業者の方へ 商工業の振興 商工業の振興 更新日：2020年03月05日 宮崎県未来成長企業の選定について 中小企業・小規模事業者の皆様へ～よろず支援拠点～にご相談ください 令和8年度高鍋町創業支援事業補助金の募集
30	高鍋町	各課の業務案内	https://www.town.takanabe.lg.jp/choseijoho/kikan_shisetsu/1100.html	各課の業務案内／高鍋町 本文へ 背景色 くらし 手続き 子育て 教育 健康･ 福祉・医療 文化 スポーツ 観光 お誘い 町政情報 事業者・ 産業・農業 組織から 探す 組織から探す 施設マップ 移住定住情報 サイト内検索 メニューを閉じる Select Language くらし/手続き 子ども・教育 健康・医療・福祉 文化・スポーツ 観光・お誘い 町政情報 事業者・産業・農業 組織から探す メニューを閉じる 現在の位置 宮崎県高鍋町公式ホームページ TAKANABE TOWN 町政情報 町の機関・施設 各課の業務案内 各課の業務案内 更新日：2025年04月11日 業務案内 役場の執務時間：午前8時25分から午後5時10分まで 昼休み時間(12時00分から13時00分まで)の業務については、ページ下部の「昼休み
30	高鍋町	町長室へようこそ	https://www.town.takanabe.lg.jp/choseijoho/1924.html	町長室へようこそ／高鍋町 本文へ 背景色 くらし 手続き 子育て 教育 健康･ 福祉・医療 文化 スポーツ 観光 お誘い 町政情報 事業者・ 産業・農業 組織から 探す 組織から探す 施設マップ 移住定住情報 サイト内検索 メニューを閉じる Select Language くらし/手続き 子ども・教育 健康・医療・福祉 文化・スポーツ 観光・お誘い 町政情報 事業者・産業・農業 組織から探す メニューを閉じる 現在の位置 宮崎県高鍋町公式ホームページ TAKANABE TOWN 町政情報 町長室へようこそ 町長室へようこそ Tweet 更新日：2023年01月04日 1．変革の時代 時代はまさに「変革の時代」の真っ只中にあります。「テクノロジーの進化」によりAIやデジタル化が急速に進み、仕事や生活のスタイルが変
30	高鍋町	移住・定住	https://www.town.takanabe.lg.jp/soshiki/chiikiseisaku/3/index.html	移住・定住／高鍋町 本文へ 背景色 くらし 手続き 子育て 教育 健康･ 福祉・医療 文化 スポーツ 観光 お誘い 町政情報 事業者・ 産業・農業 組織から 探す 組織から探す 施設マップ 移住定住情報 サイト内検索 メニューを閉じる Select Language くらし/手続き 子ども・教育 健康・医療・福祉 文化・スポーツ 観光・お誘い 町政情報 事業者・産業・農業 組織から探す メニューを閉じる 現在の位置 宮崎県高鍋町公式ホームページ TAKANABE TOWN 組織から探す 地域政策課 移住・定住 移住・定住 更新日：2021年05月13日 移住・定住ポータルサイト「高鍋町 定住のススメ」を運営しています！ 移住・定住ポータルサイト「高鍋町 定住のススメ」を運営しています。 高鍋町への移住を考えてい
30	高鍋町	郵送による証明書等の請求をするには	https://www.town.takanabe.lg.jp/kurashi_tetsuzuki/todokede_shomei/1059.html	郵送による証明書等の請求をするには／高鍋町 本文へ 背景色 くらし 手続き 子育て 教育 健康･ 福祉・医療 文化 スポーツ 観光 お誘い 町政情報 事業者・ 産業・農業 組織から 探す 組織から探す 施設マップ 移住定住情報 サイト内検索 メニューを閉じる Select Language くらし/手続き 子ども・教育 健康・医療・福祉 文化・スポーツ 観光・お誘い 町政情報 事業者・産業・農業 組織から探す メニューを閉じる 現在の位置 宮崎県高鍋町公式ホームページ TAKANABE TOWN くらし・手続き 届出・証明 郵送による証明書等の請求をするには 郵送による証明書等の請求をするには 更新日：2024年02月29日 遠方在住などで役場に直接来ることができない場合は郵送による請求もできます。 郵便で受け
30	高鍋町	臨時ナンバーを借りたいときは	https://www.town.takanabe.lg.jp/kurashi_tetsuzuki/todokede_shomei/1060.html	臨時ナンバーを借りたいときは／高鍋町 本文へ 背景色 くらし 手続き 子育て 教育 健康･ 福祉・医療 文化 スポーツ 観光 お誘い 町政情報 事業者・ 産業・農業 組織から 探す 組織から探す 施設マップ 移住定住情報 サイト内検索 メニューを閉じる Select Language くらし/手続き 子ども・教育 健康・医療・福祉 文化・スポーツ 観光・お誘い 町政情報 事業者・産業・農業 組織から探す メニューを閉じる 現在の位置 宮崎県高鍋町公式ホームページ TAKANABE TOWN くらし・手続き 届出・証明 臨時ナンバーを借りたいときは 臨時ナンバーを借りたいときは 更新日：2023年06月29日 必要なもの 車検証または抹消登録証明書・自賠責保険証書(臨時ナンバー貸し出し期間が加入期間内であるもの)
30	高鍋町	無戸籍でお困りの方へ	https://www.town.takanabe.lg.jp/kurashi_tetsuzuki/todokede_shomei/4207.html	無戸籍でお困りの方へ／高鍋町 本文へ 背景色 くらし 手続き 子育て 教育 健康･ 福祉・医療 文化 スポーツ 観光 お誘い 町政情報 事業者・ 産業・農業 組織から 探す 組織から探す 施設マップ 移住定住情報 サイト内検索 メニューを閉じる Select Language くらし/手続き 子ども・教育 健康・医療・福祉 文化・スポーツ 観光・お誘い 町政情報 事業者・産業・農業 組織から探す メニューを閉じる 現在の位置 宮崎県高鍋町公式ホームページ TAKANABE TOWN くらし・手続き 届出・証明 無戸籍でお困りの方へ 無戸籍でお困りの方へ 更新日：2023年11月24日 子どもが生まれた時、出生届をすることで、その子が戸籍に記載されます。 ところが、離婚後300日以内に出生したため前夫の子と推定さ
30	高鍋町	犬の各種手続きについて	https://www.town.takanabe.lg.jp/kurashi_tetsuzuki/gomi_kankyo_eisei/1110.html	犬の各種手続きについて／高鍋町 本文へ 背景色 くらし 手続き 子育て 教育 健康･ 福祉・医療 文化 スポーツ 観光 お誘い 町政情報 事業者・ 産業・農業 組織から 探す 組織から探す 施設マップ 移住定住情報 サイト内検索 メニューを閉じる Select Language くらし/手続き 子ども・教育 健康・医療・福祉 文化・スポーツ 観光・お誘い 町政情報 事業者・産業・農業 組織から探す メニューを閉じる 現在の位置 宮崎県高鍋町公式ホームページ TAKANABE TOWN くらし・手続き ゴミ・環境・衛生 犬の各種手続きについて 犬の各種手続きについて 更新日：2019年11月15日 犬の飼主は、狂犬病予防法により犬の登録等の義務があります。申請書の様式は高鍋町狂犬病予防注射施行規則で定められていま
30	高鍋町	令和8年度畜犬登録及び狂犬病集合予防注射の日程について	https://www.town.takanabe.lg.jp/kurashi_tetsuzuki/gomi_kankyo_eisei/5026.html	令和8年度畜犬登録及び狂犬病集合予防注射の日程について／高鍋町 本文へ 背景色 くらし 手続き 子育て 教育 健康･ 福祉・医療 文化 スポーツ 観光 お誘い 町政情報 事業者・ 産業・農業 組織から 探す 組織から探す 施設マップ 移住定住情報 サイト内検索 メニューを閉じる Select Language くらし/手続き 子ども・教育 健康・医療・福祉 文化・スポーツ 観光・お誘い 町政情報 事業者・産業・農業 組織から探す メニューを閉じる 現在の位置 宮崎県高鍋町公式ホームページ TAKANABE TOWN くらし・手続き ゴミ・環境・衛生 令和8年度畜犬登録及び狂犬病集合予防注射の日程について 令和8年度畜犬登録及び狂犬病集合予防注射の日程について 更新日：2026年04月30日 令和8年度 畜犬登録
30	高鍋町	路線バス「高鍋～都農」線について	https://www.town.takanabe.lg.jp/soshiki/chiikiseisaku/1/1/4126.html	路線バス「高鍋～都農」線について／高鍋町 本文へ 背景色 くらし 手続き 子育て 教育 健康･ 福祉・医療 文化 スポーツ 観光 お誘い 町政情報 事業者・ 産業・農業 組織から 探す 組織から探す 施設マップ 移住定住情報 サイト内検索 メニューを閉じる Select Language くらし/手続き 子ども・教育 健康・医療・福祉 文化・スポーツ 観光・お誘い 町政情報 事業者・産業・農業 組織から探す メニューを閉じる 現在の位置 宮崎県高鍋町公式ホームページ TAKANABE TOWN 組織から探す 地域政策課 くらし・手続き 交通 路線バス「高鍋～都農」線について 路線バス「高鍋～都農」線について 更新日：2026年07月13日 路線バス「高鍋～都農」線の迂回運行等について 坂本坂の道路陥没に伴い、路
30	高鍋町	広域的コミュニティバス「三納代線」「一丁田線」について	https://www.town.takanabe.lg.jp/soshiki/chiikiseisaku/1/1/4613.html	広域的コミュニティバス「三納代線」「一丁田線」について／高鍋町 本文へ 背景色 くらし 手続き 子育て 教育 健康･ 福祉・医療 文化 スポーツ 観光 お誘い 町政情報 事業者・ 産業・農業 組織から 探す 組織から探す 施設マップ 移住定住情報 サイト内検索 メニューを閉じる Select Language くらし/手続き 子ども・教育 健康・医療・福祉 文化・スポーツ 観光・お誘い 町政情報 事業者・産業・農業 組織から探す メニューを閉じる 現在の位置 宮崎県高鍋町公式ホームページ TAKANABE TOWN 組織から探す 地域政策課 くらし・手続き 交通 広域的コミュニティバス「三納代線」「一丁田線」について 広域的コミュニティバス「三納代線」「一丁田線」について 更新日：2026年03月16日 令和8
30	高鍋町	証明書コンビニ交付サービスについて	https://www.town.takanabe.lg.jp/soshiki/chominseikatsu/1/4/4428.html	証明書コンビニ交付サービスについて／高鍋町 本文へ 背景色 くらし 手続き 子育て 教育 健康･ 福祉・医療 文化 スポーツ 観光 お誘い 町政情報 事業者・ 産業・農業 組織から 探す 組織から探す 施設マップ 移住定住情報 サイト内検索 メニューを閉じる Select Language くらし/手続き 子ども・教育 健康・医療・福祉 文化・スポーツ 観光・お誘い 町政情報 事業者・産業・農業 組織から探す メニューを閉じる 現在の位置 宮崎県高鍋町公式ホームページ TAKANABE TOWN 組織から探す 町民生活課 くらし・手続き 社会保障・税番号（マイナンバー）制度 証明書コンビニ交付サービスについて 証明書コンビニ交付サービスについて 更新日：2024年11月26日 利用に必要なもの 利用できる時間
30	高鍋町	マイナンバー電子証明の更新について	https://www.town.takanabe.lg.jp/soshiki/chominseikatsu/1/4/4721.html	マイナンバー電子証明の更新について／高鍋町 本文へ 背景色 くらし 手続き 子育て 教育 健康･ 福祉・医療 文化 スポーツ 観光 お誘い 町政情報 事業者・ 産業・農業 組織から 探す 組織から探す 施設マップ 移住定住情報 サイト内検索 メニューを閉じる Select Language くらし/手続き 子ども・教育 健康・医療・福祉 文化・スポーツ 観光・お誘い 町政情報 事業者・産業・農業 組織から探す メニューを閉じる 現在の位置 宮崎県高鍋町公式ホームページ TAKANABE TOWN 組織から探す 町民生活課 くらし・手続き 社会保障・税番号（マイナンバー）制度 マイナンバー電子証明の更新について マイナンバー電子証明の更新について 更新日：2025年12月15日 電子証明書の更新・新規発行について
30	高鍋町	外国人の方の在留カード延長に伴うマイナンバーカードの手続き	https://www.town.takanabe.lg.jp/soshiki/chominseikatsu/1/4/4797.html	外国人の方の在留カード延長に伴うマイナンバーカードの手続き／高鍋町 本文へ 背景色 くらし 手続き 子育て 教育 健康･ 福祉・医療 文化 スポーツ 観光 お誘い 町政情報 事業者・ 産業・農業 組織から 探す 組織から探す 施設マップ 移住定住情報 サイト内検索 メニューを閉じる Select Language くらし/手続き 子ども・教育 健康・医療・福祉 文化・スポーツ 観光・お誘い 町政情報 事業者・産業・農業 組織から探す メニューを閉じる 現在の位置 宮崎県高鍋町公式ホームページ TAKANABE TOWN 組織から探す 町民生活課 くらし・手続き 社会保障・税番号（マイナンバー）制度 外国人の方の在留カード延長に伴うマイナンバーカードの手続き 外国人の方の在留カード延長に伴うマイナンバーカードの手
30	高鍋町	年齢によって医療費の負担割合が違うの？	https://www.town.takanabe.lg.jp/soshiki/kenkohoken/1/4/iryouwoukerutoki/4701.html	年齢によって医療費の負担割合が違うの？／高鍋町 本文へ 背景色 くらし 手続き 子育て 教育 健康･ 福祉・医療 文化 スポーツ 観光 お誘い 町政情報 事業者・ 産業・農業 組織から 探す 組織から探す 施設マップ 移住定住情報 サイト内検索 メニューを閉じる Select Language くらし/手続き 子ども・教育 健康・医療・福祉 文化・スポーツ 観光・お誘い 町政情報 事業者・産業・農業 組織から探す メニューを閉じる 現在の位置 宮崎県高鍋町公式ホームページ TAKANABE TOWN 組織から探す 健康保険課 健康・医療・福祉 国民健康保険・後期高齢者医療制度 医療をうけるとき 年齢によって医療費の負担割合が違うの？ 年齢によって医療費の負担割合が違うの？ 更新日：2026年01月05日 年齢や
30	高鍋町	入院したときの食事代は?	https://www.town.takanabe.lg.jp/soshiki/kenkohoken/1/4/iryouwoukerutoki/4762.html	入院したときの食事代は?／高鍋町 本文へ 背景色 くらし 手続き 子育て 教育 健康･ 福祉・医療 文化 スポーツ 観光 お誘い 町政情報 事業者・ 産業・農業 組織から 探す 組織から探す 施設マップ 移住定住情報 サイト内検索 メニューを閉じる Select Language くらし/手続き 子ども・教育 健康・医療・福祉 文化・スポーツ 観光・お誘い 町政情報 事業者・産業・農業 組織から探す メニューを閉じる 現在の位置 宮崎県高鍋町公式ホームページ TAKANABE TOWN 組織から探す 健康保険課 健康・医療・福祉 国民健康保険・後期高齢者医療制度 医療をうけるとき 入院したときの食事代は? 入院したときの食事代は? 更新日：2026年01月05日 住民税非課税世帯の方は、申請によって食事代の自己
30	高鍋町	医療費が高額になった場合は?	https://www.town.takanabe.lg.jp/soshiki/kenkohoken/1/4/iryouwoukerutoki/4763.html	医療費が高額になった場合は?／高鍋町 本文へ 背景色 くらし 手続き 子育て 教育 健康･ 福祉・医療 文化 スポーツ 観光 お誘い 町政情報 事業者・ 産業・農業 組織から 探す 組織から探す 施設マップ 移住定住情報 サイト内検索 メニューを閉じる Select Language くらし/手続き 子ども・教育 健康・医療・福祉 文化・スポーツ 観光・お誘い 町政情報 事業者・産業・農業 組織から探す メニューを閉じる 現在の位置 宮崎県高鍋町公式ホームページ TAKANABE TOWN 組織から探す 健康保険課 健康・医療・福祉 国民健康保険・後期高齢者医療制度 医療をうけるとき 医療費が高額になった場合は? 医療費が高額になった場合は? 更新日：2026年01月05日 病気やケガでお医者さんにかかり、高額
30	高鍋町	亡くなったときは？	https://www.town.takanabe.lg.jp/kenko_iryo_fukushi/4691.html	亡くなったときは？／高鍋町 本文へ 背景色 くらし 手続き 子育て 教育 健康･ 福祉・医療 文化 スポーツ 観光 お誘い 町政情報 事業者・ 産業・農業 組織から 探す 組織から探す 施設マップ 移住定住情報 サイト内検索 メニューを閉じる Select Language くらし/手続き 子ども・教育 健康・医療・福祉 文化・スポーツ 観光・お誘い 町政情報 事業者・産業・農業 組織から探す メニューを閉じる 現在の位置 宮崎県高鍋町公式ホームページ TAKANABE TOWN 健康・医療・福祉 亡くなったときは？ 亡くなったときは？ 更新日：2026年02月05日 葬祭費の支給があります 国保加入者が亡くなったとき、葬祭を行った人（喪主・施主）に葬祭費が支給されます。 葬祭を行ってから2年で時効 となります
30	高鍋町	手数料一覧	https://www.town.takanabe.lg.jp/lifeevent/teate_josei_shomei/1599.html	手数料一覧／高鍋町 本文へ 背景色 くらし 手続き 子育て 教育 健康･ 福祉・医療 文化 スポーツ 観光 お誘い 町政情報 事業者・ 産業・農業 組織から 探す 組織から探す 施設マップ 移住定住情報 サイト内検索 メニューを閉じる Select Language くらし/手続き 子ども・教育 健康・医療・福祉 文化・スポーツ 観光・お誘い 町政情報 事業者・産業・農業 組織から探す メニューを閉じる 現在の位置 宮崎県高鍋町公式ホームページ TAKANABE TOWN ライフシーンでさがす 手当・助成・証明 手数料一覧 手数料一覧 更新日：2021年02月17日 手数料一覧の詳細 種類 手数料 戸籍謄本、抄本 1通 450円 除籍謄本、抄本 1通 750円 改製原戸籍謄本、抄本 1通 750円 戸籍の附票の
30	高鍋町	高鍋町の子育て支援事業について	https://www.town.takanabe.lg.jp/lifeevent/teate_josei_shomei/1612.html	高鍋町の子育て支援事業について／高鍋町 本文へ 背景色 くらし 手続き 子育て 教育 健康･ 福祉・医療 文化 スポーツ 観光 お誘い 町政情報 事業者・ 産業・農業 組織から 探す 組織から探す 施設マップ 移住定住情報 サイト内検索 メニューを閉じる Select Language くらし/手続き 子ども・教育 健康・医療・福祉 文化・スポーツ 観光・お誘い 町政情報 事業者・産業・農業 組織から探す メニューを閉じる 現在の位置 宮崎県高鍋町公式ホームページ TAKANABE TOWN ライフシーンでさがす 手当・助成・証明 高鍋町の子育て支援事業について 高鍋町の子育て支援事業について 更新日：2026年07月13日 高鍋町の子育て支援事業 経済的支援事業 子ども医療費助成 （高校生までのお子さんにかか
30	高鍋町	児童扶養手当	https://www.town.takanabe.lg.jp/lifeevent/teate_josei_shomei/1637.html	児童扶養手当／高鍋町 本文へ 背景色 くらし 手続き 子育て 教育 健康･ 福祉・医療 文化 スポーツ 観光 お誘い 町政情報 事業者・ 産業・農業 組織から 探す 組織から探す 施設マップ 移住定住情報 サイト内検索 メニューを閉じる Select Language くらし/手続き 子ども・教育 健康・医療・福祉 文化・スポーツ 観光・お誘い 町政情報 事業者・産業・農業 組織から探す メニューを閉じる 現在の位置 宮崎県高鍋町公式ホームページ TAKANABE TOWN ライフシーンでさがす 手当・助成・証明 児童扶養手当 児童扶養手当 更新日：2025年04月22日 目的 父または母と生計を同じくしていない児童が育成される家庭(ひとり親家庭等)の生活の安定と自立の促進に寄与すること及び児童の福祉の増進を図
30	高鍋町	児童手当	https://www.town.takanabe.lg.jp/lifeevent/teate_josei_shomei/1650.html	児童手当／高鍋町 本文へ 背景色 くらし 手続き 子育て 教育 健康･ 福祉・医療 文化 スポーツ 観光 お誘い 町政情報 事業者・ 産業・農業 組織から 探す 組織から探す 施設マップ 移住定住情報 サイト内検索 メニューを閉じる Select Language くらし/手続き 子ども・教育 健康・医療・福祉 文化・スポーツ 観光・お誘い 町政情報 事業者・産業・農業 組織から探す メニューを閉じる 現在の位置 宮崎県高鍋町公式ホームページ TAKANABE TOWN ライフシーンでさがす 手当・助成・証明 児童手当 児童手当 更新日：2024年10月04日 令和6年10月（12月支給分）より児童手当の制度が変わりました 詳細について、以下をご確認ください。 令和6年度10月＿児童手当＿制度改正について(PD
30	高鍋町	消費者行政	https://www.town.takanabe.lg.jp/soshiki/kikikanri/4/index.html	消費者行政／高鍋町 本文へ 背景色 くらし 手続き 子育て 教育 健康･ 福祉・医療 文化 スポーツ 観光 お誘い 町政情報 事業者・ 産業・農業 組織から 探す 組織から探す 施設マップ 移住定住情報 サイト内検索 メニューを閉じる Select Language くらし/手続き 子ども・教育 健康・医療・福祉 文化・スポーツ 観光・お誘い 町政情報 事業者・産業・農業 組織から探す メニューを閉じる 現在の位置 宮崎県高鍋町公式ホームページ TAKANABE TOWN 組織から探す 危機管理課 消費者行政 消費者行政 更新日：2024年04月01日 消費者行政に関する町長表明 西都児湯消費生活相談センターについて 消費者トラブルの事例と対策について 消費者トラブル無料相談会について 外部公益通報について こ
30	高鍋町	平成21年度事務事業評価結果	https://www.town.takanabe.lg.jp/choseijoho/keikaku_seisaku/3/1097.html	平成21年度事務事業評価結果／高鍋町 本文へ 背景色 くらし 手続き 子育て 教育 健康･ 福祉・医療 文化 スポーツ 観光 お誘い 町政情報 事業者・ 産業・農業 組織から 探す 組織から探す 施設マップ 移住定住情報 サイト内検索 メニューを閉じる Select Language くらし/手続き 子ども・教育 健康・医療・福祉 文化・スポーツ 観光・お誘い 町政情報 事業者・産業・農業 組織から探す メニューを閉じる 現在の位置 宮崎県高鍋町公式ホームページ TAKANABE TOWN 町政情報 計画・政策 事務事業評価 平成21年度事務事業評価結果 平成21年度事務事業評価結果 更新日：2018年11月30日 平成20年度に実施した116の事業について評価を行いました。 委員会における2次評価の結果、すべ
30	高鍋町	西都児湯消費生活相談センターについて	https://www.town.takanabe.lg.jp/choseijoho/kikan_shisetsu/1476.html	西都児湯消費生活相談センターについて／高鍋町 本文へ 背景色 くらし 手続き 子育て 教育 健康･ 福祉・医療 文化 スポーツ 観光 お誘い 町政情報 事業者・ 産業・農業 組織から 探す 組織から探す 施設マップ 移住定住情報 サイト内検索 メニューを閉じる Select Language くらし/手続き 子ども・教育 健康・医療・福祉 文化・スポーツ 観光・お誘い 町政情報 事業者・産業・農業 組織から探す メニューを閉じる 現在の位置 宮崎県高鍋町公式ホームページ TAKANABE TOWN 町政情報 町の機関・施設 西都児湯消費生活相談センターについて 西都児湯消費生活相談センターについて 更新日：2025年12月19日 西都市・高鍋町・新富町・西米良村・木城町・川南町・都農町は「西都児湯消費生活相談セ
30	高鍋町	二ノ丸文教歴史館（高鍋町歴史総合資料館）	https://www.town.takanabe.lg.jp/choseijoho/kikan_shisetsu/1529.html	二ノ丸文教歴史館（高鍋町歴史総合資料館）／高鍋町 本文へ 背景色 くらし 手続き 子育て 教育 健康･ 福祉・医療 文化 スポーツ 観光 お誘い 町政情報 事業者・ 産業・農業 組織から 探す 組織から探す 施設マップ 移住定住情報 サイト内検索 メニューを閉じる Select Language くらし/手続き 子ども・教育 健康・医療・福祉 文化・スポーツ 観光・お誘い 町政情報 事業者・産業・農業 組織から探す メニューを閉じる 現在の位置 宮崎県高鍋町公式ホームページ TAKANABE TOWN 町政情報 町の機関・施設 二ノ丸文教歴史館（高鍋町歴史総合資料館） 二ノ丸文教歴史館（高鍋町歴史総合資料館） 更新日：2026年05月27日 二ノ丸文教歴史館について 二ノ丸文教歴史館（高鍋町歴史総合資料館）は、
30	高鍋町	黒水家住宅(高鍋藩家老屋敷)	https://www.town.takanabe.lg.jp/choseijoho/kikan_shisetsu/1527.html	黒水家住宅(高鍋藩家老屋敷)／高鍋町 本文へ 背景色 くらし 手続き 子育て 教育 健康･ 福祉・医療 文化 スポーツ 観光 お誘い 町政情報 事業者・ 産業・農業 組織から 探す 組織から探す 施設マップ 移住定住情報 サイト内検索 メニューを閉じる Select Language くらし/手続き 子ども・教育 健康・医療・福祉 文化・スポーツ 観光・お誘い 町政情報 事業者・産業・農業 組織から探す メニューを閉じる 現在の位置 宮崎県高鍋町公式ホームページ TAKANABE TOWN 町政情報 町の機関・施設 黒水家住宅(高鍋藩家老屋敷) 黒水家住宅(高鍋藩家老屋敷) 更新日：2025年09月05日 特別展「石井秀隣と武家屋敷」の開催について 本展では、宮崎県文化賞や延岡市文化功労章を受賞しておられる高鍋
30	高鍋町	高鍋町史	https://www.town.takanabe.lg.jp/choseijoho/takanabemachi/1/1524.html	高鍋町史／高鍋町 本文へ 背景色 くらし 手続き 子育て 教育 健康･ 福祉・医療 文化 スポーツ 観光 お誘い 町政情報 事業者・ 産業・農業 組織から 探す 組織から探す 施設マップ 移住定住情報 サイト内検索 メニューを閉じる Select Language くらし/手続き 子ども・教育 健康・医療・福祉 文化・スポーツ 観光・お誘い 町政情報 事業者・産業・農業 組織から探す メニューを閉じる 現在の位置 宮崎県高鍋町公式ホームページ TAKANABE TOWN 町政情報 高鍋町について 高鍋町史 高鍋町史 高鍋町史 更新日：2020年11月26日 昭和62年発刊「高鍋町史」は頒布が終了しておりますが、町立高鍋図書館で閲覧ができるほか、電子書籍化された「高鍋町史」は、下記リンクの高鍋町アーカイブスから誰
30	高鍋町	高鍋町史 続編	https://www.town.takanabe.lg.jp/choseijoho/takanabemachi/1/1293.html	高鍋町史 続編／高鍋町 本文へ 背景色 くらし 手続き 子育て 教育 健康･ 福祉・医療 文化 スポーツ 観光 お誘い 町政情報 事業者・ 産業・農業 組織から 探す 組織から探す 施設マップ 移住定住情報 サイト内検索 メニューを閉じる Select Language くらし/手続き 子ども・教育 健康・医療・福祉 文化・スポーツ 観光・お誘い 町政情報 事業者・産業・農業 組織から探す メニューを閉じる 現在の位置 宮崎県高鍋町公式ホームページ TAKANABE TOWN 町政情報 高鍋町について 高鍋町史 高鍋町史 続編 高鍋町史 続編 更新日：2021年12月20日 町には、原始から昭和56年前後までの歴史をつづった昭和62年発刊の「高鍋町史」があります。それから30年、町も昭和から平成へと新たな歩みを
30	高鍋町	大人の予防接種	https://www.town.takanabe.lg.jp/kenko_iryo_fukushi/kenkozukuri/4368.html	大人の予防接種／高鍋町 本文へ 背景色 くらし 手続き 子育て 教育 健康･ 福祉・医療 文化 スポーツ 観光 お誘い 町政情報 事業者・ 産業・農業 組織から 探す 組織から探す 施設マップ 移住定住情報 サイト内検索 メニューを閉じる Select Language くらし/手続き 子ども・教育 健康・医療・福祉 文化・スポーツ 観光・お誘い 町政情報 事業者・産業・農業 組織から探す メニューを閉じる 現在の位置 宮崎県高鍋町公式ホームページ TAKANABE TOWN 健康・医療・福祉 健康づくり・健（検）診 大人の予防接種 大人の予防接種 更新日：2026年04月27日 高齢者の新型コロナワクチン予防接種について 高齢者を対象とした新型コロナワクチンの定期接種を次のとおり実施しております。 ▲対象者
30	高鍋町	結核健診	https://www.town.takanabe.lg.jp/kenko_iryo_fukushi/kenkozukuri/4366.html	結核健診／高鍋町 本文へ 背景色 くらし 手続き 子育て 教育 健康･ 福祉・医療 文化 スポーツ 観光 お誘い 町政情報 事業者・ 産業・農業 組織から 探す 組織から探す 施設マップ 移住定住情報 サイト内検索 メニューを閉じる Select Language くらし/手続き 子ども・教育 健康・医療・福祉 文化・スポーツ 観光・お誘い 町政情報 事業者・産業・農業 組織から探す メニューを閉じる 現在の位置 宮崎県高鍋町公式ホームページ TAKANABE TOWN 健康・医療・福祉 健康づくり・健（検）診 結核健診 結核健診 更新日：2025年05月01日 結核について 結核は、結核菌によって発生する日本国内でも主要な感染症の一つです。国内では、毎年新たに1万人以上の患者が発生しており、約2千人が命を落と
30	高鍋町	大人の健康づくり･健(検)診	https://www.town.takanabe.lg.jp/kenko_iryo_fukushi/kenkozukuri/4364.html	大人の健康づくり･健(検)診／高鍋町 本文へ 背景色 くらし 手続き 子育て 教育 健康･ 福祉・医療 文化 スポーツ 観光 お誘い 町政情報 事業者・ 産業・農業 組織から 探す 組織から探す 施設マップ 移住定住情報 サイト内検索 メニューを閉じる Select Language くらし/手続き 子ども・教育 健康・医療・福祉 文化・スポーツ 観光・お誘い 町政情報 事業者・産業・農業 組織から探す メニューを閉じる 現在の位置 宮崎県高鍋町公式ホームページ TAKANABE TOWN 健康・医療・福祉 健康づくり・健（検）診 大人の健康づくり･健(検)診 大人の健康づくり･健(検)診 更新日：2026年04月09日 健康づくり 令和8年度高鍋町健康づくり事業のご案内 (PDFファイル: 718.3KB)
30	高鍋町	子どもの予防接種	https://www.town.takanabe.lg.jp/kenko_iryo_fukushi/kenkozukuri/4367.html	子どもの予防接種／高鍋町 本文へ 背景色 くらし 手続き 子育て 教育 健康･ 福祉・医療 文化 スポーツ 観光 お誘い 町政情報 事業者・ 産業・農業 組織から 探す 組織から探す 施設マップ 移住定住情報 サイト内検索 メニューを閉じる Select Language くらし/手続き 子ども・教育 健康・医療・福祉 文化・スポーツ 観光・お誘い 町政情報 事業者・産業・農業 組織から探す メニューを閉じる 現在の位置 宮崎県高鍋町公式ホームページ TAKANABE TOWN 健康・医療・福祉 健康づくり・健（検）診 子どもの予防接種 子どもの予防接種 更新日：2026年04月28日 子どもの予防接種について 令和8年度予防接種のしおり (PDFファイル: 482.2KB) 子どものインフルエンザ予防接種一部
30	高鍋町	高鍋町の子育て支援事業について	https://www.town.takanabe.lg.jp/kosodate_kyoiku/kosodate/1788.html	高鍋町の子育て支援事業について／高鍋町 本文へ 背景色 くらし 手続き 子育て 教育 健康･ 福祉・医療 文化 スポーツ 観光 お誘い 町政情報 事業者・ 産業・農業 組織から 探す 組織から探す 施設マップ 移住定住情報 サイト内検索 メニューを閉じる Select Language くらし/手続き 子ども・教育 健康・医療・福祉 文化・スポーツ 観光・お誘い 町政情報 事業者・産業・農業 組織から探す メニューを閉じる 現在の位置 宮崎県高鍋町公式ホームページ TAKANABE TOWN 子育て・教育 子育て 高鍋町の子育て支援事業について 高鍋町の子育て支援事業について 更新日：2026年07月13日 高鍋町の子育て支援事業 経済的支援事業 子ども医療費助成 （高校生までのお子さんにかかる医療費の助成）
30	高鍋町	高鍋町放課後児童クラブ入会のご案内	https://www.town.takanabe.lg.jp/kosodate_kyoiku/kosodate/4421.html	高鍋町放課後児童クラブ入会のご案内／高鍋町 本文へ 背景色 くらし 手続き 子育て 教育 健康･ 福祉・医療 文化 スポーツ 観光 お誘い 町政情報 事業者・ 産業・農業 組織から 探す 組織から探す 施設マップ 移住定住情報 サイト内検索 メニューを閉じる Select Language くらし/手続き 子ども・教育 健康・医療・福祉 文化・スポーツ 観光・お誘い 町政情報 事業者・産業・農業 組織から探す メニューを閉じる 現在の位置 宮崎県高鍋町公式ホームページ TAKANABE TOWN 子育て・教育 子育て 高鍋町放課後児童クラブ入会のご案内 高鍋町放課後児童クラブ入会のご案内 更新日：2026年03月26日 放課後児童クラブは、保護者が就労等により放課後に家庭で面倒を見ることができない小学生（放課後
30	高鍋町	病児・病後児保育利用料の補助について	https://www.town.takanabe.lg.jp/kosodate_kyoiku/kosodate/4181.html	病児・病後児保育利用料の補助について／高鍋町 本文へ 背景色 くらし 手続き 子育て 教育 健康･ 福祉・医療 文化 スポーツ 観光 お誘い 町政情報 事業者・ 産業・農業 組織から 探す 組織から探す 施設マップ 移住定住情報 サイト内検索 メニューを閉じる Select Language くらし/手続き 子ども・教育 健康・医療・福祉 文化・スポーツ 観光・お誘い 町政情報 事業者・産業・農業 組織から探す メニューを閉じる 現在の位置 宮崎県高鍋町公式ホームページ TAKANABE TOWN 子育て・教育 子育て 病児・病後児保育利用料の補助について 病児・病後児保育利用料の補助について 更新日：2025年10月24日 高鍋町では、小学校3年生までの児童を対象に『病児・病後児保育利用料』の補助を行っており
30	高鍋町	子育てのための施設等利用給付（新1号認定、新2号認定、新3号認定）について	https://www.town.takanabe.lg.jp/kosodate_kyoiku/kosodate/3754.html	子育てのための施設等利用給付（新1号認定、新2号認定、新3号認定）について／高鍋町 本文へ 背景色 くらし 手続き 子育て 教育 健康･ 福祉・医療 文化 スポーツ 観光 お誘い 町政情報 事業者・ 産業・農業 組織から 探す 組織から探す 施設マップ 移住定住情報 サイト内検索 メニューを閉じる Select Language くらし/手続き 子ども・教育 健康・医療・福祉 文化・スポーツ 観光・お誘い 町政情報 事業者・産業・農業 組織から探す メニューを閉じる 現在の位置 宮崎県高鍋町公式ホームページ TAKANABE TOWN 子育て・教育 子育て 子育てのための施設等利用給付（新1号認定、新2号認定、新3号認定）について 子育てのための施設等利用給付（新1号認定、新2号認定、新3号認定）について 更新
30	高鍋町	高鍋町農産物加工施設「たかなべ食彩工房」	https://www.town.takanabe.lg.jp/kosodate_kyoiku/shogaigakushu/4635.html	高鍋町農産物加工施設「たかなべ食彩工房」／高鍋町 本文へ 背景色 くらし 手続き 子育て 教育 健康･ 福祉・医療 文化 スポーツ 観光 お誘い 町政情報 事業者・ 産業・農業 組織から 探す 組織から探す 施設マップ 移住定住情報 サイト内検索 メニューを閉じる Select Language くらし/手続き 子ども・教育 健康・医療・福祉 文化・スポーツ 観光・お誘い 町政情報 事業者・産業・農業 組織から探す メニューを閉じる 現在の位置 宮崎県高鍋町公式ホームページ TAKANABE TOWN 子育て・教育 生涯学習 高鍋町農産物加工施設「たかなべ食彩工房」 高鍋町農産物加工施設「たかなべ食彩工房」 更新日：2020年05月13日 「たかなべ食彩工房」の概要 利用時間・休業日 料金 コイン精米機 毎日
30	高鍋町	児童手当	https://www.town.takanabe.lg.jp/kosodate_kyoiku/teate_josei/1359.html	児童手当／高鍋町 本文へ 背景色 くらし 手続き 子育て 教育 健康･ 福祉・医療 文化 スポーツ 観光 お誘い 町政情報 事業者・ 産業・農業 組織から 探す 組織から探す 施設マップ 移住定住情報 サイト内検索 メニューを閉じる Select Language くらし/手続き 子ども・教育 健康・医療・福祉 文化・スポーツ 観光・お誘い 町政情報 事業者・産業・農業 組織から探す メニューを閉じる 現在の位置 宮崎県高鍋町公式ホームページ TAKANABE TOWN 子育て・教育 手当・助成 児童手当 児童手当 更新日：2024年10月04日 令和6年10月（12月支給分）より児童手当の制度が変わりました 詳細について、以下をご確認ください。 令和6年度10月＿児童手当＿制度改正について(PDFファイル:1
30	高鍋町	高鍋町の子育て支援事業について	https://www.town.takanabe.lg.jp/kosodate_kyoiku/teate_josei/1082.html	高鍋町の子育て支援事業について／高鍋町 本文へ 背景色 くらし 手続き 子育て 教育 健康･ 福祉・医療 文化 スポーツ 観光 お誘い 町政情報 事業者・ 産業・農業 組織から 探す 組織から探す 施設マップ 移住定住情報 サイト内検索 メニューを閉じる Select Language くらし/手続き 子ども・教育 健康・医療・福祉 文化・スポーツ 観光・お誘い 町政情報 事業者・産業・農業 組織から探す メニューを閉じる 現在の位置 宮崎県高鍋町公式ホームページ TAKANABE TOWN 子育て・教育 手当・助成 高鍋町の子育て支援事業について 高鍋町の子育て支援事業について 更新日：2026年07月13日 高鍋町の子育て支援事業 経済的支援事業 子ども医療費助成 （高校生までのお子さんにかかる医療費の助成
30	高鍋町	児童扶養手当	https://www.town.takanabe.lg.jp/kosodate_kyoiku/teate_josei/1317.html	児童扶養手当／高鍋町 本文へ 背景色 くらし 手続き 子育て 教育 健康･ 福祉・医療 文化 スポーツ 観光 お誘い 町政情報 事業者・ 産業・農業 組織から 探す 組織から探す 施設マップ 移住定住情報 サイト内検索 メニューを閉じる Select Language くらし/手続き 子ども・教育 健康・医療・福祉 文化・スポーツ 観光・お誘い 町政情報 事業者・産業・農業 組織から探す メニューを閉じる 現在の位置 宮崎県高鍋町公式ホームページ TAKANABE TOWN 子育て・教育 手当・助成 児童扶養手当 児童扶養手当 更新日：2025年04月22日 目的 父または母と生計を同じくしていない児童が育成される家庭(ひとり親家庭等)の生活の安定と自立の促進に寄与すること及び児童の福祉の増進を図ることを目的と
30	高鍋町	高鍋町結婚新生活支援事業	https://www.town.takanabe.lg.jp/kosodate_kyoiku/teate_josei/4035.html	高鍋町結婚新生活支援事業／高鍋町 本文へ 背景色 くらし 手続き 子育て 教育 健康･ 福祉・医療 文化 スポーツ 観光 お誘い 町政情報 事業者・ 産業・農業 組織から 探す 組織から探す 施設マップ 移住定住情報 サイト内検索 メニューを閉じる Select Language くらし/手続き 子ども・教育 健康・医療・福祉 文化・スポーツ 観光・お誘い 町政情報 事業者・産業・農業 組織から探す メニューを閉じる 現在の位置 宮崎県高鍋町公式ホームページ TAKANABE TOWN 子育て・教育 手当・助成 高鍋町結婚新生活支援事業 高鍋町結婚新生活支援事業 更新日：2025年04月30日 結婚新生活にかかる住居費や引越し費用を支援します！ 高鍋町では、少子化対策及び若者の移住定住促進のため、結婚を機に新生
30	高鍋町	各種届出	https://www.town.takanabe.lg.jp/lifeevent/kekonrikon/1746.html	各種届出／高鍋町 本文へ 背景色 くらし 手続き 子育て 教育 健康･ 福祉・医療 文化 スポーツ 観光 お誘い 町政情報 事業者・ 産業・農業 組織から 探す 組織から探す 施設マップ 移住定住情報 サイト内検索 メニューを閉じる Select Language くらし/手続き 子ども・教育 健康・医療・福祉 文化・スポーツ 観光・お誘い 町政情報 事業者・産業・農業 組織から探す メニューを閉じる 現在の位置 宮崎県高鍋町公式ホームページ TAKANABE TOWN ライフシーンでさがす 結婚・離婚 各種届出 各種届出 更新日：2021年07月20日 こんなときには必ず届出をお願いします。 届出の内容により届出先、必要書類等も違いますが、年金手帳・印鑑等は必ずご準備ください。 20歳になったとき・入るとき・
30	高鍋町	高鍋町結婚新生活支援事業	https://www.town.takanabe.lg.jp/lifeevent/kekonrikon/4034.html	高鍋町結婚新生活支援事業／高鍋町 本文へ 背景色 くらし 手続き 子育て 教育 健康･ 福祉・医療 文化 スポーツ 観光 お誘い 町政情報 事業者・ 産業・農業 組織から 探す 組織から探す 施設マップ 移住定住情報 サイト内検索 メニューを閉じる Select Language くらし/手続き 子ども・教育 健康・医療・福祉 文化・スポーツ 観光・お誘い 町政情報 事業者・産業・農業 組織から探す メニューを閉じる 現在の位置 宮崎県高鍋町公式ホームページ TAKANABE TOWN ライフシーンでさがす 結婚・離婚 高鍋町結婚新生活支援事業 高鍋町結婚新生活支援事業 更新日：2025年04月30日 結婚新生活にかかる住居費や引越し費用を支援します！ 高鍋町では、少子化対策及び若者の移住定住促進のため、結婚を
30	高鍋町	各種免除制度	https://www.town.takanabe.lg.jp/lifeevent/kenshin_hoken_nenkin/1589.html	各種免除制度／高鍋町 本文へ 背景色 くらし 手続き 子育て 教育 健康･ 福祉・医療 文化 スポーツ 観光 お誘い 町政情報 事業者・ 産業・農業 組織から 探す 組織から探す 施設マップ 移住定住情報 サイト内検索 メニューを閉じる Select Language くらし/手続き 子ども・教育 健康・医療・福祉 文化・スポーツ 観光・お誘い 町政情報 事業者・産業・農業 組織から探す メニューを閉じる 現在の位置 宮崎県高鍋町公式ホームページ TAKANABE TOWN ライフシーンでさがす 検診・保険・年金 各種免除制度 各種免除制度 更新日：2021年07月20日 保険料を納めるのが困難なときは、保険料を免除される制度をご利用ください。 保険料の免除や納付猶予が承認された期間は、年金の受給期間に算入され
30	高鍋町	各種届出	https://www.town.takanabe.lg.jp/lifeevent/kenshin_hoken_nenkin/1590.html	各種届出／高鍋町 本文へ 背景色 くらし 手続き 子育て 教育 健康･ 福祉・医療 文化 スポーツ 観光 お誘い 町政情報 事業者・ 産業・農業 組織から 探す 組織から探す 施設マップ 移住定住情報 サイト内検索 メニューを閉じる Select Language くらし/手続き 子ども・教育 健康・医療・福祉 文化・スポーツ 観光・お誘い 町政情報 事業者・産業・農業 組織から探す メニューを閉じる 現在の位置 宮崎県高鍋町公式ホームページ TAKANABE TOWN ライフシーンでさがす 検診・保険・年金 各種届出 各種届出 更新日：2021年07月20日 こんなときには必ず届出をお願いします。 届出の内容により届出先、必要書類等も違いますが、年金手帳・印鑑等は必ずご準備ください。 20歳になったとき・入る
30	高鍋町	国民年金保険料	https://www.town.takanabe.lg.jp/lifeevent/kenshin_hoken_nenkin/1587.html	国民年金保険料／高鍋町 本文へ 背景色 くらし 手続き 子育て 教育 健康･ 福祉・医療 文化 スポーツ 観光 お誘い 町政情報 事業者・ 産業・農業 組織から 探す 組織から探す 施設マップ 移住定住情報 サイト内検索 メニューを閉じる Select Language くらし/手続き 子ども・教育 健康・医療・福祉 文化・スポーツ 観光・お誘い 町政情報 事業者・産業・農業 組織から探す メニューを閉じる 現在の位置 宮崎県高鍋町公式ホームページ TAKANABE TOWN ライフシーンでさがす 検診・保険・年金 国民年金保険料 国民年金保険料 更新日：2021年07月20日 保険料は、20歳から60歳までに40年間納めますが、老齢基礎年金を受けるためには、最低10年以上の保険料を納めること(納付猶予・納付特
30	高鍋町	大人の健康づくり･健(検)診	https://www.town.takanabe.lg.jp/lifeevent/kenshin_hoken_nenkin/4369.html	大人の健康づくり･健(検)診／高鍋町 本文へ 背景色 くらし 手続き 子育て 教育 健康･ 福祉・医療 文化 スポーツ 観光 お誘い 町政情報 事業者・ 産業・農業 組織から 探す 組織から探す 施設マップ 移住定住情報 サイト内検索 メニューを閉じる Select Language くらし/手続き 子ども・教育 健康・医療・福祉 文化・スポーツ 観光・お誘い 町政情報 事業者・産業・農業 組織から探す メニューを閉じる 現在の位置 宮崎県高鍋町公式ホームページ TAKANABE TOWN ライフシーンでさがす 検診・保険・年金 大人の健康づくり･健(検)診 大人の健康づくり･健(検)診 更新日：2026年04月09日 健康づくり 令和8年度高鍋町健康づくり事業のご案内 (PDFファイル: 718.3KB) 健
30	高鍋町	緊急通報システム事業について	https://www.town.takanabe.lg.jp/lifeevent/koreisha_kaigo/1695.html	緊急通報システム事業について／高鍋町 本文へ 背景色 くらし 手続き 子育て 教育 健康･ 福祉・医療 文化 スポーツ 観光 お誘い 町政情報 事業者・ 産業・農業 組織から 探す 組織から探す 施設マップ 移住定住情報 サイト内検索 メニューを閉じる Select Language くらし/手続き 子ども・教育 健康・医療・福祉 文化・スポーツ 観光・お誘い 町政情報 事業者・産業・農業 組織から探す メニューを閉じる 現在の位置 宮崎県高鍋町公式ホームページ TAKANABE TOWN ライフシーンでさがす 高齢者・介護 緊急通報システム事業について 緊急通報システム事業について 更新日：2026年03月18日 緊急通報システム事業とは 緊急通報システム事業とは、概ね 65歳以上の高齢者のみの世帯や身体障害
30	高鍋町	出産育児一時金	https://www.town.takanabe.lg.jp/lifeevent/ninshin_shussan_kosodate/1690.html	出産育児一時金／高鍋町 本文へ 背景色 くらし 手続き 子育て 教育 健康･ 福祉・医療 文化 スポーツ 観光 お誘い 町政情報 事業者・ 産業・農業 組織から 探す 組織から探す 施設マップ 移住定住情報 サイト内検索 メニューを閉じる Select Language くらし/手続き 子ども・教育 健康・医療・福祉 文化・スポーツ 観光・お誘い 町政情報 事業者・産業・農業 組織から探す メニューを閉じる 現在の位置 宮崎県高鍋町公式ホームページ TAKANABE TOWN ライフシーンでさがす 妊娠・出産・子育て 出産育児一時金 出産育児一時金 更新日：2018年11月30日 国民健康保険加入者が出産した場合、出産育児一時金が支給されます。 会社を退職後6か月以内に出産された方は、以前に加入していた会社の健
30	高鍋町	高鍋町の子育て支援事業について	https://www.town.takanabe.lg.jp/lifeevent/ninshin_shussan_kosodate/1612.html	高鍋町の子育て支援事業について／高鍋町 本文へ 背景色 くらし 手続き 子育て 教育 健康･ 福祉・医療 文化 スポーツ 観光 お誘い 町政情報 事業者・ 産業・農業 組織から 探す 組織から探す 施設マップ 移住定住情報 サイト内検索 メニューを閉じる Select Language くらし/手続き 子ども・教育 健康・医療・福祉 文化・スポーツ 観光・お誘い 町政情報 事業者・産業・農業 組織から探す メニューを閉じる 現在の位置 宮崎県高鍋町公式ホームページ TAKANABE TOWN ライフシーンでさがす 妊娠・出産・子育て 高鍋町の子育て支援事業について 高鍋町の子育て支援事業について 更新日：2026年07月13日 高鍋町の子育て支援事業 経済的支援事業 子ども医療費助成 （高校生までのお子さんにか
30	高鍋町	高鍋町放課後児童クラブ入会のご案内	https://www.town.takanabe.lg.jp/lifeevent/ninshin_shussan_kosodate/4223.html	高鍋町放課後児童クラブ入会のご案内／高鍋町 本文へ 背景色 くらし 手続き 子育て 教育 健康･ 福祉・医療 文化 スポーツ 観光 お誘い 町政情報 事業者・ 産業・農業 組織から 探す 組織から探す 施設マップ 移住定住情報 サイト内検索 メニューを閉じる Select Language くらし/手続き 子ども・教育 健康・医療・福祉 文化・スポーツ 観光・お誘い 町政情報 事業者・産業・農業 組織から探す メニューを閉じる 現在の位置 宮崎県高鍋町公式ホームページ TAKANABE TOWN ライフシーンでさがす 妊娠・出産・子育て 高鍋町放課後児童クラブ入会のご案内 高鍋町放課後児童クラブ入会のご案内 更新日：2026年03月26日 放課後児童クラブは、保護者が就労等により放課後に家庭で面倒を見ることがで
30	高鍋町	子育てのための施設等利用給付（新1号認定、新2号認定、新3号認定）について	https://www.town.takanabe.lg.jp/lifeevent/ninshin_shussan_kosodate/3755.html	子育てのための施設等利用給付（新1号認定、新2号認定、新3号認定）について／高鍋町 本文へ 背景色 くらし 手続き 子育て 教育 健康･ 福祉・医療 文化 スポーツ 観光 お誘い 町政情報 事業者・ 産業・農業 組織から 探す 組織から探す 施設マップ 移住定住情報 サイト内検索 メニューを閉じる Select Language くらし/手続き 子ども・教育 健康・医療・福祉 文化・スポーツ 観光・お誘い 町政情報 事業者・産業・農業 組織から探す メニューを閉じる 現在の位置 宮崎県高鍋町公式ホームページ TAKANABE TOWN ライフシーンでさがす 妊娠・出産・子育て 子育てのための施設等利用給付（新1号認定、新2号認定、新3号認定）について 子育てのための施設等利用給付（新1号認定、新2号認定、新3号
30	高鍋町	高鍋町放課後児童クラブ入会のご案内	https://www.town.takanabe.lg.jp/lifeevent/nyuen_nyugaku/4422.html	高鍋町放課後児童クラブ入会のご案内／高鍋町 本文へ 背景色 くらし 手続き 子育て 教育 健康･ 福祉・医療 文化 スポーツ 観光 お誘い 町政情報 事業者・ 産業・農業 組織から 探す 組織から探す 施設マップ 移住定住情報 サイト内検索 メニューを閉じる Select Language くらし/手続き 子ども・教育 健康・医療・福祉 文化・スポーツ 観光・お誘い 町政情報 事業者・産業・農業 組織から探す メニューを閉じる 現在の位置 宮崎県高鍋町公式ホームページ TAKANABE TOWN ライフシーンでさがす 入園・入学 高鍋町放課後児童クラブ入会のご案内 高鍋町放課後児童クラブ入会のご案内 更新日：2026年03月26日 放課後児童クラブは、保護者が就労等により放課後に家庭で面倒を見ることができない小
30	高鍋町	令和8年度高鍋町若者応援給付金について	https://www.town.takanabe.lg.jp/soshiki/chiikiseisaku/3/4588.html	令和8年度高鍋町若者応援給付金について／高鍋町 本文へ 背景色 くらし 手続き 子育て 教育 健康･ 福祉・医療 文化 スポーツ 観光 お誘い 町政情報 事業者・ 産業・農業 組織から 探す 組織から探す 施設マップ 移住定住情報 サイト内検索 メニューを閉じる Select Language くらし/手続き 子ども・教育 健康・医療・福祉 文化・スポーツ 観光・お誘い 町政情報 事業者・産業・農業 組織から探す メニューを閉じる 現在の位置 宮崎県高鍋町公式ホームページ TAKANABE TOWN 組織から探す 地域政策課 移住・定住 令和8年度高鍋町若者応援給付金について 令和8年度高鍋町若者応援給付金について 更新日：2026年04月01日 令和8年度高鍋町若者応援給付金について 高鍋町では、三大都市圏等
30	高鍋町	高鍋町お試し滞在制度補助金について	https://www.town.takanabe.lg.jp/soshiki/chiikiseisaku/3/3645.html	高鍋町お試し滞在制度補助金について／高鍋町 本文へ 背景色 くらし 手続き 子育て 教育 健康･ 福祉・医療 文化 スポーツ 観光 お誘い 町政情報 事業者・ 産業・農業 組織から 探す 組織から探す 施設マップ 移住定住情報 サイト内検索 メニューを閉じる Select Language くらし/手続き 子ども・教育 健康・医療・福祉 文化・スポーツ 観光・お誘い 町政情報 事業者・産業・農業 組織から探す メニューを閉じる 現在の位置 宮崎県高鍋町公式ホームページ TAKANABE TOWN 組織から探す 地域政策課 移住・定住 高鍋町お試し滞在制度補助金について 高鍋町お試し滞在制度補助金について 更新日：2022年12月05日 1泊あたり最大3,000円を補助します 高鍋町に移住を希望される方が、空き家
30	高鍋町	令和8年度の移住支援金事業について	https://www.town.takanabe.lg.jp/soshiki/chiikiseisaku/3/3654.html	令和8年度の移住支援金事業について／高鍋町 本文へ 背景色 くらし 手続き 子育て 教育 健康･ 福祉・医療 文化 スポーツ 観光 お誘い 町政情報 事業者・ 産業・農業 組織から 探す 組織から探す 施設マップ 移住定住情報 サイト内検索 メニューを閉じる Select Language くらし/手続き 子ども・教育 健康・医療・福祉 文化・スポーツ 観光・お誘い 町政情報 事業者・産業・農業 組織から探す メニューを閉じる 現在の位置 宮崎県高鍋町公式ホームページ TAKANABE TOWN 組織から探す 地域政策課 移住・定住 令和8年度の移住支援金事業について 令和8年度の移住支援金事業について 更新日：2026年04月01日 「わくわくひなた暮らし実現応援事業」について 移住支援金の支給に関する「わく
30	高鍋町	令和7年度高鍋町地方就職学生支援事業	https://www.town.takanabe.lg.jp/soshiki/chiikiseisaku/3/4333.html	令和7年度高鍋町地方就職学生支援事業／高鍋町 本文へ 背景色 くらし 手続き 子育て 教育 健康･ 福祉・医療 文化 スポーツ 観光 お誘い 町政情報 事業者・ 産業・農業 組織から 探す 組織から探す 施設マップ 移住定住情報 サイト内検索 メニューを閉じる Select Language くらし/手続き 子ども・教育 健康・医療・福祉 文化・スポーツ 観光・お誘い 町政情報 事業者・産業・農業 組織から探す メニューを閉じる 現在の位置 宮崎県高鍋町公式ホームページ TAKANABE TOWN 組織から探す 地域政策課 移住・定住 令和7年度高鍋町地方就職学生支援事業 令和7年度高鍋町地方就職学生支援事業 更新日：2025年07月07日 「高鍋町地方就職支援金事業」について 大学生や大学院生のUIターン就職
30	高鍋町	高鍋城灯籠まつり写真コンテスト2025	https://www.town.takanabe.lg.jp/soshiki/chiikiseisaku/4/2/1/4697.html	高鍋城灯籠まつり写真コンテスト2025／高鍋町 本文へ 背景色 くらし 手続き 子育て 教育 健康･ 福祉・医療 文化 スポーツ 観光 お誘い 町政情報 事業者・ 産業・農業 組織から 探す 組織から探す 施設マップ 移住定住情報 サイト内検索 メニューを閉じる Select Language くらし/手続き 子ども・教育 健康・医療・福祉 文化・スポーツ 観光・お誘い 町政情報 事業者・産業・農業 組織から探す メニューを閉じる 現在の位置 宮崎県高鍋町公式ホームページ TAKANABE TOWN 組織から探す 地域政策課 観光・お誘い 観光情報 高鍋城灯籠まつり 高鍋城灯籠まつり写真コンテスト2025 高鍋城灯籠まつり写真コンテスト2025 更新日：2025年10月30日 📸 応募資格 高鍋城灯籠まつりの
30	高鍋町	【新型コロナウイルス感染症対策】商工業者の皆様へ	https://www.town.takanabe.lg.jp/soshiki/chiikiseisaku/6/corona/2612.html	【新型コロナウイルス感染症対策】商工業者の皆様へ／高鍋町 本文へ 背景色 くらし 手続き 子育て 教育 健康･ 福祉・医療 文化 スポーツ 観光 お誘い 町政情報 事業者・ 産業・農業 組織から 探す 組織から探す 施設マップ 移住定住情報 サイト内検索 メニューを閉じる Select Language くらし/手続き 子ども・教育 健康・医療・福祉 文化・スポーツ 観光・お誘い 町政情報 事業者・産業・農業 組織から探す メニューを閉じる 現在の位置 宮崎県高鍋町公式ホームページ TAKANABE TOWN 組織から探す 地域政策課 事業者の方へ 新型コロナウイルス感染症対策関係 【新型コロナウイルス感染症対策】商工業者の皆様へ 【新型コロナウイルス感染症対策】商工業者の皆様へ 更新日：2022年08月01日
30	高鍋町	高鍋町事業承継・引継ぎ応援事業補助金について	https://www.town.takanabe.lg.jp/soshiki/chiikiseisaku/6/syoukougyou/3665.html	高鍋町事業承継・引継ぎ応援事業補助金について／高鍋町 本文へ 背景色 くらし 手続き 子育て 教育 健康･ 福祉・医療 文化 スポーツ 観光 お誘い 町政情報 事業者・ 産業・農業 組織から 探す 組織から探す 施設マップ 移住定住情報 サイト内検索 メニューを閉じる Select Language くらし/手続き 子ども・教育 健康・医療・福祉 文化・スポーツ 観光・お誘い 町政情報 事業者・産業・農業 組織から探す メニューを閉じる 現在の位置 宮崎県高鍋町公式ホームページ TAKANABE TOWN 組織から探す 地域政策課 事業者の方へ 商工業の振興 高鍋町事業承継・引継ぎ応援事業補助金について 高鍋町事業承継・引継ぎ応援事業補助金について 更新日：2024年06月25日 高鍋町事業承継・引継ぎ応援事業
30	高鍋町	令和8年度高鍋町創業支援事業補助金の募集開始について	https://www.town.takanabe.lg.jp/soshiki/chiikiseisaku/6/syoukougyou/3034.html	令和8年度高鍋町創業支援事業補助金の募集開始について／高鍋町 本文へ 背景色 くらし 手続き 子育て 教育 健康･ 福祉・医療 文化 スポーツ 観光 お誘い 町政情報 事業者・ 産業・農業 組織から 探す 組織から探す 施設マップ 移住定住情報 サイト内検索 メニューを閉じる Select Language くらし/手続き 子ども・教育 健康・医療・福祉 文化・スポーツ 観光・お誘い 町政情報 事業者・産業・農業 組織から探す メニューを閉じる 現在の位置 宮崎県高鍋町公式ホームページ TAKANABE TOWN 組織から探す 地域政策課 事業者の方へ 商工業の振興 令和8年度高鍋町創業支援事業補助金の募集開始について 令和8年度高鍋町創業支援事業補助金の募集開始について 更新日：2026年06月01日 令和8
30	高鍋町	中小企業・小規模事業者の皆様へ～よろず支援拠点～にご相談ください	https://www.town.takanabe.lg.jp/soshiki/chiikiseisaku/6/syoukougyou/2843.html	中小企業・小規模事業者の皆様へ～よろず支援拠点～にご相談ください／高鍋町 本文へ 背景色 くらし 手続き 子育て 教育 健康･ 福祉・医療 文化 スポーツ 観光 お誘い 町政情報 事業者・ 産業・農業 組織から 探す 組織から探す 施設マップ 移住定住情報 サイト内検索 メニューを閉じる Select Language くらし/手続き 子ども・教育 健康・医療・福祉 文化・スポーツ 観光・お誘い 町政情報 事業者・産業・農業 組織から探す メニューを閉じる 現在の位置 宮崎県高鍋町公式ホームページ TAKANABE TOWN 組織から探す 地域政策課 事業者の方へ 商工業の振興 中小企業・小規模事業者の皆様へ～よろず支援拠点～にご相談ください 中小企業・小規模事業者の皆様へ～よろず支援拠点～にご相談ください 更
30	高鍋町	平成21年度事務事業評価結果	https://www.town.takanabe.lg.jp/soshiki/chiikiseisaku/7/1/2/411.html	平成21年度事務事業評価結果／高鍋町 本文へ 背景色 くらし 手続き 子育て 教育 健康･ 福祉・医療 文化 スポーツ 観光 お誘い 町政情報 事業者・ 産業・農業 組織から 探す 組織から探す 施設マップ 移住定住情報 サイト内検索 メニューを閉じる Select Language くらし/手続き 子ども・教育 健康・医療・福祉 文化・スポーツ 観光・お誘い 町政情報 事業者・産業・農業 組織から探す メニューを閉じる 現在の位置 宮崎県高鍋町公式ホームページ TAKANABE TOWN 組織から探す 地域政策課 町政情報 計画・政策 事務事業評価 平成21年度事務事業評価結果 平成21年度事務事業評価結果 更新日：2018年11月30日 平成20年度に実施した116の事業について評価を行いました。 委員会に
30	高鍋町	高鍋町史 続編	https://www.town.takanabe.lg.jp/soshiki/chiikiseisaku/7/3/1/603.html	高鍋町史 続編／高鍋町 本文へ 背景色 くらし 手続き 子育て 教育 健康･ 福祉・医療 文化 スポーツ 観光 お誘い 町政情報 事業者・ 産業・農業 組織から 探す 組織から探す 施設マップ 移住定住情報 サイト内検索 メニューを閉じる Select Language くらし/手続き 子ども・教育 健康・医療・福祉 文化・スポーツ 観光・お誘い 町政情報 事業者・産業・農業 組織から探す メニューを閉じる 現在の位置 宮崎県高鍋町公式ホームページ TAKANABE TOWN 組織から探す 地域政策課 町政情報 高鍋町について 高鍋町史 高鍋町史 続編 高鍋町史 続編 更新日：2021年12月20日 町には、原始から昭和56年前後までの歴史をつづった昭和62年発刊の「高鍋町史」があります。それから30年、町も昭
30	高鍋町	高鍋町史	https://www.town.takanabe.lg.jp/soshiki/chiikiseisaku/7/3/1/837.html	高鍋町史／高鍋町 本文へ 背景色 くらし 手続き 子育て 教育 健康･ 福祉・医療 文化 スポーツ 観光 お誘い 町政情報 事業者・ 産業・農業 組織から 探す 組織から探す 施設マップ 移住定住情報 サイト内検索 メニューを閉じる Select Language くらし/手続き 子ども・教育 健康・医療・福祉 文化・スポーツ 観光・お誘い 町政情報 事業者・産業・農業 組織から探す メニューを閉じる 現在の位置 宮崎県高鍋町公式ホームページ TAKANABE TOWN 組織から探す 地域政策課 町政情報 高鍋町について 高鍋町史 高鍋町史 高鍋町史 更新日：2020年11月26日 昭和62年発刊「高鍋町史」は頒布が終了しておりますが、町立高鍋図書館で閲覧ができるほか、電子書籍化された「高鍋町史」は、下記リンク
30	高鍋町	各課の業務案内	https://www.town.takanabe.lg.jp/soshiki/chiikiseisaku/7/5/414.html	各課の業務案内／高鍋町 本文へ 背景色 くらし 手続き 子育て 教育 健康･ 福祉・医療 文化 スポーツ 観光 お誘い 町政情報 事業者・ 産業・農業 組織から 探す 組織から探す 施設マップ 移住定住情報 サイト内検索 メニューを閉じる Select Language くらし/手続き 子ども・教育 健康・医療・福祉 文化・スポーツ 観光・お誘い 町政情報 事業者・産業・農業 組織から探す メニューを閉じる 現在の位置 宮崎県高鍋町公式ホームページ TAKANABE TOWN 組織から探す 地域政策課 町政情報 町の機関・施設 各課の業務案内 各課の業務案内 更新日：2025年04月11日 業務案内 役場の執務時間：午前8時25分から午後5時10分まで 昼休み時間(12時00分から13時00分まで)の業務につい
30	高鍋町	PDFファイルを見るには	https://www.town.takanabe.lg.jp/soshiki/chiikiseisaku/7/hp/2351.html	PDFファイルを見るには／高鍋町 本文へ 背景色 くらし 手続き 子育て 教育 健康･ 福祉・医療 文化 スポーツ 観光 お誘い 町政情報 事業者・ 産業・農業 組織から 探す 組織から探す 施設マップ 移住定住情報 サイト内検索 メニューを閉じる Select Language くらし/手続き 子ども・教育 健康・医療・福祉 文化・スポーツ 観光・お誘い 町政情報 事業者・産業・農業 組織から探す メニューを閉じる 現在の位置 宮崎県高鍋町公式ホームページ TAKANABE TOWN 組織から探す 地域政策課 町政情報 町ホームページについて PDFファイルを見るには PDFファイルを見るには 更新日：2018年11月30日 Adobe Readerをインストール PDFファイルの閲覧・印刷にはAdobe社の
29	高鍋町	国民健康保険・後期高齢者医療制度	https://www.town.takanabe.lg.jp/kenko_iryo_fukushi/1889.html	国民健康保険・後期高齢者医療制度／高鍋町 本文へ 背景色 くらし 手続き 子育て 教育 健康･ 福祉・医療 文化 スポーツ 観光 お誘い 町政情報 事業者・ 産業・農業 組織から 探す 組織から探す 施設マップ 移住定住情報 サイト内検索 メニューを閉じる Select Language くらし/手続き 子ども・教育 健康・医療・福祉 文化・スポーツ 観光・お誘い 町政情報 事業者・産業・農業 組織から探す メニューを閉じる 現在の位置 宮崎県高鍋町公式ホームページ TAKANABE TOWN 健康・医療・福祉 国民健康保険・後期高齢者医療制度 国民健康保険・後期高齢者医療制度 Tweet 更新日：2024年04月18日 マイナ保険証を利用しましょう！ 国保で受けられる給付は? 国保の手続き・届出 医療をうける
29	高鍋町	空き家バンク事業	https://www.town.takanabe.lg.jp/soshiki/chiikiseisaku/akiya/index.html	空き家バンク事業／高鍋町 本文へ 背景色 くらし 手続き 子育て 教育 健康･ 福祉・医療 文化 スポーツ 観光 お誘い 町政情報 事業者・ 産業・農業 組織から 探す 組織から探す 施設マップ 移住定住情報 サイト内検索 メニューを閉じる Select Language くらし/手続き 子ども・教育 健康・医療・福祉 文化・スポーツ 観光・お誘い 町政情報 事業者・産業・農業 組織から探す メニューを閉じる 現在の位置 宮崎県高鍋町公式ホームページ TAKANABE TOWN 組織から探す 地域政策課 空き家バンク事業 空き家バンク事業 更新日：2021年04月29日 空き家バンク事業について 空き家を売りたい方・貸したい方 空き家をお探しの方 空き家バンク登録業者一覧 高鍋町空き家バンクリフォーム等補助金
29	高鍋町	無償化の対象となる特定子ども・子育て支援施設の一覧	https://www.town.takanabe.lg.jp/kosodate_kyoiku/kosodate/2558.html	無償化の対象となる特定子ども・子育て支援施設の一覧／高鍋町 本文へ 背景色 くらし 手続き 子育て 教育 健康･ 福祉・医療 文化 スポーツ 観光 お誘い 町政情報 事業者・ 産業・農業 組織から 探す 組織から探す 施設マップ 移住定住情報 サイト内検索 メニューを閉じる Select Language くらし/手続き 子ども・教育 健康・医療・福祉 文化・スポーツ 観光・お誘い 町政情報 事業者・産業・農業 組織から探す メニューを閉じる 現在の位置 宮崎県高鍋町公式ホームページ TAKANABE TOWN 子育て・教育 子育て 無償化の対象となる特定子ども・子育て支援施設の一覧 無償化の対象となる特定子ども・子育て支援施設の一覧 更新日：2026年07月13日 確認した施設の公示 無償化の対象となる特定子
29	高鍋町	国民健康保険・後期高齢者医療制度	https://www.town.takanabe.lg.jp/lifeevent/kenshin_hoken_nenkin/4372.html	国民健康保険・後期高齢者医療制度／高鍋町 本文へ 背景色 くらし 手続き 子育て 教育 健康･ 福祉・医療 文化 スポーツ 観光 お誘い 町政情報 事業者・ 産業・農業 組織から 探す 組織から探す 施設マップ 移住定住情報 サイト内検索 メニューを閉じる Select Language くらし/手続き 子ども・教育 健康・医療・福祉 文化・スポーツ 観光・お誘い 町政情報 事業者・産業・農業 組織から探す メニューを閉じる 現在の位置 宮崎県高鍋町公式ホームページ TAKANABE TOWN ライフシーンでさがす 検診・保険・年金 国民健康保険・後期高齢者医療制度 国民健康保険・後期高齢者医療制度 Tweet 更新日：2024年04月18日 マイナ保険証を利用しましょう！ 国保で受けられる給付は? 国保の手続
29	高鍋町	無償化の対象となる特定子ども・子育て支援施設の一覧	https://www.town.takanabe.lg.jp/lifeevent/ninshin_shussan_kosodate/2559.html	無償化の対象となる特定子ども・子育て支援施設の一覧／高鍋町 本文へ 背景色 くらし 手続き 子育て 教育 健康･ 福祉・医療 文化 スポーツ 観光 お誘い 町政情報 事業者・ 産業・農業 組織から 探す 組織から探す 施設マップ 移住定住情報 サイト内検索 メニューを閉じる Select Language くらし/手続き 子ども・教育 健康・医療・福祉 文化・スポーツ 観光・お誘い 町政情報 事業者・産業・農業 組織から探す メニューを閉じる 現在の位置 宮崎県高鍋町公式ホームページ TAKANABE TOWN ライフシーンでさがす 妊娠・出産・子育て 無償化の対象となる特定子ども・子育て支援施設の一覧 無償化の対象となる特定子ども・子育て支援施設の一覧 更新日：2026年07月13日 確認した施設の公示 無償
28	高鍋町	検診・保険・年金	https://www.town.takanabe.lg.jp/lifeevent/kenshin_hoken_nenkin/index.html	検診・保険・年金／高鍋町 本文へ 背景色 くらし 手続き 子育て 教育 健康･ 福祉・医療 文化 スポーツ 観光 お誘い 町政情報 事業者・ 産業・農業 組織から 探す 組織から探す 施設マップ 移住定住情報 サイト内検索 メニューを閉じる Select Language くらし/手続き 子ども・教育 健康・医療・福祉 文化・スポーツ 観光・お誘い 町政情報 事業者・産業・農業 組織から探す メニューを閉じる 現在の位置 宮崎県高鍋町公式ホームページ TAKANABE TOWN ライフシーンでさがす 検診・保険・年金 検診・保険・年金 更新日：2018年11月30日 国民年金とは? 国民年金保険料 国民年金の加入 各種免除制度 各種届出 国民年金の受給の種類 大人の健康づくり･健(検)診 国民健康保険・後期高齢
28	高鍋町	ゴミ・環境・衛生	https://www.town.takanabe.lg.jp/kurashi_tetsuzuki/gomi_kankyo_eisei/index.html	ゴミ・環境・衛生／高鍋町 本文へ 背景色 くらし 手続き 子育て 教育 健康･ 福祉・医療 文化 スポーツ 観光 お誘い 町政情報 事業者・ 産業・農業 組織から 探す 組織から探す 施設マップ 移住定住情報 サイト内検索 メニューを閉じる Select Language くらし/手続き 子ども・教育 健康・医療・福祉 文化・スポーツ 観光・お誘い 町政情報 事業者・産業・農業 組織から探す メニューを閉じる 現在の位置 宮崎県高鍋町公式ホームページ TAKANABE TOWN くらし・手続き ゴミ・環境・衛生 ゴミ・環境・衛生 更新日：2020年04月30日 ゴミ出し辞典 家庭ごみの出し方検索 地区別収集日検索 家庭ごみの収集体制について ゴミを出すときの留意事項・お願い よくある質問と回答 どのようにリサイ
27	高鍋町	子育て・教育	https://www.town.takanabe.lg.jp/kosodate_kyoiku/index.html	子育て・教育／高鍋町 本文へ 背景色 くらし 手続き 子育て 教育 健康･ 福祉・医療 文化 スポーツ 観光 お誘い 町政情報 事業者・ 産業・農業 組織から 探す 組織から探す 施設マップ 移住定住情報 サイト内検索 メニューを閉じる Select Language くらし/手続き 子ども・教育 健康・医療・福祉 文化・スポーツ 観光・お誘い 町政情報 事業者・産業・農業 組織から探す メニューを閉じる 現在の位置 宮崎県高鍋町公式ホームページ TAKANABE TOWN 子育て・教育 子育て・教育 更新日：2018年11月30日 子育て 学校・教育 手当・助成 生涯学習 妊娠・出産 宮崎県高鍋町公式ホームページ TAKANABE TOWN ライフシーンで探す 妊娠・ 出産・子育て 入園・入学 就職・退職 結
27	高鍋町	防犯	https://www.town.takanabe.lg.jp/soshiki/kikikanri/2/bouhan/index.html	防犯／高鍋町 本文へ 背景色 くらし 手続き 子育て 教育 健康･ 福祉・医療 文化 スポーツ 観光 お誘い 町政情報 事業者・ 産業・農業 組織から 探す 組織から探す 施設マップ 移住定住情報 サイト内検索 メニューを閉じる Select Language くらし/手続き 子ども・教育 健康・医療・福祉 文化・スポーツ 観光・お誘い 町政情報 事業者・産業・農業 組織から探す メニューを閉じる 現在の位置 宮崎県高鍋町公式ホームページ TAKANABE TOWN 組織から探す 危機管理課 防災・防犯・消防・交通・自衛隊 防犯 防犯 Tweet 更新日：2024年04月03日 新着情報 NEW! 現在、新着情報はございません。 高鍋町犯罪被害者等支援条例を制定しました 高鍋町犯罪被害者等支援金のご案内 地域安
27	高鍋町	マイナンバーカードの暗証番号初期化・再設定（ロックがかかった方、暗証番号を忘れた方）	https://www.town.takanabe.lg.jp/soshiki/chominseikatsu/1/4/4563.html	マイナンバーカードの暗証番号初期化・再設定（ロックがかかった方、暗証番号を忘れた方）／高鍋町 本文へ 背景色 くらし 手続き 子育て 教育 健康･ 福祉・医療 文化 スポーツ 観光 お誘い 町政情報 事業者・ 産業・農業 組織から 探す 組織から探す 施設マップ 移住定住情報 サイト内検索 メニューを閉じる Select Language くらし/手続き 子ども・教育 健康・医療・福祉 文化・スポーツ 観光・お誘い 町政情報 事業者・産業・農業 組織から探す メニューを閉じる 現在の位置 宮崎県高鍋町公式ホームページ TAKANABE TOWN 組織から探す 町民生活課 くらし・手続き 社会保障・税番号（マイナンバー）制度 マイナンバーカードの暗証番号初期化・再設定（ロックがかかった方、暗証番号を忘れた方） マ
27	高鍋町	介護保険(事業者向け)	https://www.town.takanabe.lg.jp/jigyosha/4905.html	介護保険(事業者向け)／高鍋町 本文へ 背景色 くらし 手続き 子育て 教育 健康･ 福祉・医療 文化 スポーツ 観光 お誘い 町政情報 事業者・ 産業・農業 組織から 探す 組織から探す 施設マップ 移住定住情報 サイト内検索 メニューを閉じる Select Language くらし/手続き 子ども・教育 健康・医療・福祉 文化・スポーツ 観光・お誘い 町政情報 事業者・産業・農業 組織から探す メニューを閉じる 現在の位置 宮崎県高鍋町公式ホームページ TAKANABE TOWN 事業者の方へ 介護保険(事業者向け) 介護保険(事業者向け) 更新日：2026年03月02日 各種様式（介護保険関連） 届出関連 加算関連 地域密着型サービス・居宅介護支援関連 介護予防・日常生活支援総合事業関連 特定事業所集中減
27	高鍋町	ライフシーンでさがす	https://www.town.takanabe.lg.jp/lifeevent/index.html	ライフシーンでさがす／高鍋町 本文へ 背景色 くらし 手続き 子育て 教育 健康･ 福祉・医療 文化 スポーツ 観光 お誘い 町政情報 事業者・ 産業・農業 組織から 探す 組織から探す 施設マップ 移住定住情報 サイト内検索 メニューを閉じる Select Language くらし/手続き 子ども・教育 健康・医療・福祉 文化・スポーツ 観光・お誘い 町政情報 事業者・産業・農業 組織から探す メニューを閉じる 現在の位置 宮崎県高鍋町公式ホームページ TAKANABE TOWN ライフシーンでさがす ライフシーンでさがす 更新日：2020年10月21日 検診・保険・年金 高齢者・介護 手当・助成・証明 上下水道 税金 入園・入学 妊娠・出産・子育て 結婚・離婚 引っ越し 就職・雇用労働情報 就職・退職 宮崎
27	高鍋町	高鍋の歴史と文化	https://www.town.takanabe.lg.jp/choseijoho/takanabemachi/1026.html	高鍋の歴史と文化／高鍋町 本文へ 背景色 くらし 手続き 子育て 教育 健康･ 福祉・医療 文化 スポーツ 観光 お誘い 町政情報 事業者・ 産業・農業 組織から 探す 組織から探す 施設マップ 移住定住情報 サイト内検索 メニューを閉じる Select Language くらし/手続き 子ども・教育 健康・医療・福祉 文化・スポーツ 観光・お誘い 町政情報 事業者・産業・農業 組織から探す メニューを閉じる 現在の位置 宮崎県高鍋町公式ホームページ TAKANABE TOWN 町政情報 高鍋町について 高鍋の歴史と文化 高鍋の歴史と文化 更新日：2018年11月30日 縄文時代以前～弥生時代 古墳時代 奈良時代～戦国時代 江戸時代 明治以降 高鍋の民俗・文化 縄文時代以前～弥生時代 高鍋町では、縄文時代早期の
27	高鍋町	国民年金の加入	https://www.town.takanabe.lg.jp/lifeevent/kenshin_hoken_nenkin/1588.html	国民年金の加入／高鍋町 本文へ 背景色 くらし 手続き 子育て 教育 健康･ 福祉・医療 文化 スポーツ 観光 お誘い 町政情報 事業者・ 産業・農業 組織から 探す 組織から探す 施設マップ 移住定住情報 サイト内検索 メニューを閉じる Select Language くらし/手続き 子ども・教育 健康・医療・福祉 文化・スポーツ 観光・お誘い 町政情報 事業者・産業・農業 組織から探す メニューを閉じる 現在の位置 宮崎県高鍋町公式ホームページ TAKANABE TOWN ライフシーンでさがす 検診・保険・年金 国民年金の加入 国民年金の加入 更新日：2021年07月20日 日本国内に住んでいる20歳以上60歳未満の人は、すべて国民年金に加入しなければなりません。加入者は、保険料の納付方法や給付の内容が異な
27	高鍋町	平成30年度介護職員処遇改善加算について	https://www.town.takanabe.lg.jp/lifeevent/koreisha_kaigo/1671.html	平成30年度介護職員処遇改善加算について／高鍋町 本文へ 背景色 くらし 手続き 子育て 教育 健康･ 福祉・医療 文化 スポーツ 観光 お誘い 町政情報 事業者・ 産業・農業 組織から 探す 組織から探す 施設マップ 移住定住情報 サイト内検索 メニューを閉じる Select Language くらし/手続き 子ども・教育 健康・医療・福祉 文化・スポーツ 観光・お誘い 町政情報 事業者・産業・農業 組織から探す メニューを閉じる 現在の位置 宮崎県高鍋町公式ホームページ TAKANABE TOWN ライフシーンでさがす 高齢者・介護 平成30年度介護職員処遇改善加算について 平成30年度介護職員処遇改善加算について 更新日：2018年11月30日 平成30年度に介護職員処遇改善加算を算定するためには、平成2
27	高鍋町	各種様式（介護保険関連）	https://www.town.takanabe.lg.jp/lifeevent/koreisha_kaigo/1633.html	各種様式（介護保険関連）／高鍋町 本文へ 背景色 くらし 手続き 子育て 教育 健康･ 福祉・医療 文化 スポーツ 観光 お誘い 町政情報 事業者・ 産業・農業 組織から 探す 組織から探す 施設マップ 移住定住情報 サイト内検索 メニューを閉じる Select Language くらし/手続き 子ども・教育 健康・医療・福祉 文化・スポーツ 観光・お誘い 町政情報 事業者・産業・農業 組織から探す メニューを閉じる 現在の位置 宮崎県高鍋町公式ホームページ TAKANABE TOWN ライフシーンでさがす 高齢者・介護 各種様式（介護保険関連） 各種様式（介護保険関連） 更新日：2026年03月18日 要介護認定等関連書類 介護保険要介護認定・要支援認定・要介護更新認定・要支援更新認定申請書 (PDFファイル
27	高鍋町	介護予防・日常生活支援総合事業のみなし指定期間満了に係る指定更新について	https://www.town.takanabe.lg.jp/lifeevent/koreisha_kaigo/1652.html	介護予防・日常生活支援総合事業のみなし指定期間満了に係る指定更新について／高鍋町 本文へ 背景色 くらし 手続き 子育て 教育 健康･ 福祉・医療 文化 スポーツ 観光 お誘い 町政情報 事業者・ 産業・農業 組織から 探す 組織から探す 施設マップ 移住定住情報 サイト内検索 メニューを閉じる Select Language くらし/手続き 子ども・教育 健康・医療・福祉 文化・スポーツ 観光・お誘い 町政情報 事業者・産業・農業 組織から探す メニューを閉じる 現在の位置 宮崎県高鍋町公式ホームページ TAKANABE TOWN ライフシーンでさがす 高齢者・介護 介護予防・日常生活支援総合事業のみなし指定期間満了に係る指定更新について 介護予防・日常生活支援総合事業のみなし指定期間満了に係る指定更新につい
27	高鍋町	移住・定住ポータルサイト「高鍋町 定住のススメ」を運営しています！	https://www.town.takanabe.lg.jp/soshiki/chiikiseisaku/3/3028.html	移住・定住ポータルサイト「高鍋町 定住のススメ」を運営しています！／高鍋町 本文へ 背景色 くらし 手続き 子育て 教育 健康･ 福祉・医療 文化 スポーツ 観光 お誘い 町政情報 事業者・ 産業・農業 組織から 探す 組織から探す 施設マップ 移住定住情報 サイト内検索 メニューを閉じる Select Language くらし/手続き 子ども・教育 健康・医療・福祉 文化・スポーツ 観光・お誘い 町政情報 事業者・産業・農業 組織から探す メニューを閉じる 現在の位置 宮崎県高鍋町公式ホームページ TAKANABE TOWN 組織から探す 地域政策課 移住・定住 移住・定住ポータルサイト「高鍋町 定住のススメ」を運営しています！ 移住・定住ポータルサイト「高鍋町 定住のススメ」を運営しています！ 更新日：20
27	高鍋町	高鍋の歴史と文化	https://www.town.takanabe.lg.jp/soshiki/chiikiseisaku/7/3/341.html	高鍋の歴史と文化／高鍋町 本文へ 背景色 くらし 手続き 子育て 教育 健康･ 福祉・医療 文化 スポーツ 観光 お誘い 町政情報 事業者・ 産業・農業 組織から 探す 組織から探す 施設マップ 移住定住情報 サイト内検索 メニューを閉じる Select Language くらし/手続き 子ども・教育 健康・医療・福祉 文化・スポーツ 観光・お誘い 町政情報 事業者・産業・農業 組織から探す メニューを閉じる 現在の位置 宮崎県高鍋町公式ホームページ TAKANABE TOWN 組織から探す 地域政策課 町政情報 高鍋町について 高鍋の歴史と文化 高鍋の歴史と文化 更新日：2018年11月30日 縄文時代以前～弥生時代 古墳時代 奈良時代～戦国時代 江戸時代 明治以降 高鍋の民俗・文化 縄文時代以前～弥生時代
26	高鍋町	社会保障・税番号(マイナンバー)制度が始まります	https://www.town.takanabe.lg.jp/lifeevent/teate_josei_shomei/1642.html	社会保障・税番号(マイナンバー)制度が始まります／高鍋町 本文へ 背景色 くらし 手続き 子育て 教育 健康･ 福祉・医療 文化 スポーツ 観光 お誘い 町政情報 事業者・ 産業・農業 組織から 探す 組織から探す 施設マップ 移住定住情報 サイト内検索 メニューを閉じる Select Language くらし/手続き 子ども・教育 健康・医療・福祉 文化・スポーツ 観光・お誘い 町政情報 事業者・産業・農業 組織から探す メニューを閉じる 現在の位置 宮崎県高鍋町公式ホームページ TAKANABE TOWN ライフシーンでさがす 手当・助成・証明 社会保障・税番号(マイナンバー)制度が始まります 社会保障・税番号(マイナンバー)制度が始まります 更新日：2026年04月30日 マイナンバーとはなんですか？ マ
25	高鍋町	休日在宅医情報	https://www.town.takanabe.lg.jp/soshiki/chiikiseisaku/5/859.html	休日在宅医情報／高鍋町 本文へ 背景色 くらし 手続き 子育て 教育 健康･ 福祉・医療 文化 スポーツ 観光 お誘い 町政情報 事業者・ 産業・農業 組織から 探す 組織から探す 施設マップ 移住定住情報 サイト内検索 メニューを閉じる Select Language くらし/手続き 子ども・教育 健康・医療・福祉 文化・スポーツ 観光・お誘い 町政情報 事業者・産業・農業 組織から探す メニューを閉じる 現在の位置 宮崎県高鍋町公式ホームページ TAKANABE TOWN 組織から探す 地域政策課 健康・医療・福祉 休日在宅医情報 休日在宅医情報 更新日：2026年06月01日 休日在宅医 診療時間 9時00分～17時00分 ※休日在宅医を受診される際には、必ず事前に電話にてご確認をお願いします。 月日 内
25	高鍋町	結婚・離婚	https://www.town.takanabe.lg.jp/lifeevent/kekonrikon/index.html	結婚・離婚／高鍋町 本文へ 背景色 くらし 手続き 子育て 教育 健康･ 福祉・医療 文化 スポーツ 観光 お誘い 町政情報 事業者・ 産業・農業 組織から 探す 組織から探す 施設マップ 移住定住情報 サイト内検索 メニューを閉じる Select Language くらし/手続き 子ども・教育 健康・医療・福祉 文化・スポーツ 観光・お誘い 町政情報 事業者・産業・農業 組織から探す メニューを閉じる 現在の位置 宮崎県高鍋町公式ホームページ TAKANABE TOWN ライフシーンでさがす 結婚・離婚 結婚・離婚 更新日：2018年11月30日 戸籍・住民票・印鑑などの届出について 各種届出 高鍋町結婚新生活支援事業 ライフシーンでさがす ライフシーンで探す 妊娠・ 出産・子育て 入園・入学 就職・退職 結
25	高鍋町	上下水道	https://www.town.takanabe.lg.jp/lifeevent/2531.html	上下水道／高鍋町 本文へ 背景色 くらし 手続き 子育て 教育 健康･ 福祉・医療 文化 スポーツ 観光 お誘い 町政情報 事業者・ 産業・農業 組織から 探す 組織から探す 施設マップ 移住定住情報 サイト内検索 メニューを閉じる Select Language くらし/手続き 子ども・教育 健康・医療・福祉 文化・スポーツ 観光・お誘い 町政情報 事業者・産業・農業 組織から探す メニューを閉じる 現在の位置 宮崎県高鍋町公式ホームページ TAKANABE TOWN ライフシーンでさがす 上下水道 上下水道 更新日：2020年08月25日 お知らせ 上水道 下水道 浄化槽 ライフシーンでさがす ライフシーンで探す 妊娠・ 出産・子育て 入園・入学 就職・退職 結婚・離婚 引っ越し・ おくやみ 高齢者 介護
25	高鍋町	「個人番号カード総合サイト」について	https://www.town.takanabe.lg.jp/kurashi_tetsuzuki/todokede_shomei/1347.html	「個人番号カード総合サイト」について／高鍋町 本文へ 背景色 くらし 手続き 子育て 教育 健康･ 福祉・医療 文化 スポーツ 観光 お誘い 町政情報 事業者・ 産業・農業 組織から 探す 組織から探す 施設マップ 移住定住情報 サイト内検索 メニューを閉じる Select Language くらし/手続き 子ども・教育 健康・医療・福祉 文化・スポーツ 観光・お誘い 町政情報 事業者・産業・農業 組織から探す メニューを閉じる 現在の位置 宮崎県高鍋町公式ホームページ TAKANABE TOWN くらし・手続き 届出・証明 「個人番号カード総合サイト」について 「個人番号カード総合サイト」について 更新日：2018年11月30日 「個人番号カード総合サイト(外部サイト)」では、通知カード等の市町村ごとの郵便局
25	高鍋町	公的個人認証サービスについて	https://www.town.takanabe.lg.jp/kurashi_tetsuzuki/todokede_shomei/1423.html	公的個人認証サービスについて／高鍋町 本文へ 背景色 くらし 手続き 子育て 教育 健康･ 福祉・医療 文化 スポーツ 観光 お誘い 町政情報 事業者・ 産業・農業 組織から 探す 組織から探す 施設マップ 移住定住情報 サイト内検索 メニューを閉じる Select Language くらし/手続き 子ども・教育 健康・医療・福祉 文化・スポーツ 観光・お誘い 町政情報 事業者・産業・農業 組織から探す メニューを閉じる 現在の位置 宮崎県高鍋町公式ホームページ TAKANABE TOWN くらし・手続き 届出・証明 公的個人認証サービスについて 公的個人認証サービスについて 更新日：2018年11月30日 公的個人認証サービスとは 公的個人認証サービスとは、インターネットを通じて安全な行政手続き等を行うために
25	高鍋町	独自利用事務の情報連携に係る届出書の公表について	https://www.town.takanabe.lg.jp/kurashi_tetsuzuki/todokede_shomei/1457.html	独自利用事務の情報連携に係る届出書の公表について／高鍋町 本文へ 背景色 くらし 手続き 子育て 教育 健康･ 福祉・医療 文化 スポーツ 観光 お誘い 町政情報 事業者・ 産業・農業 組織から 探す 組織から探す 施設マップ 移住定住情報 サイト内検索 メニューを閉じる Select Language くらし/手続き 子ども・教育 健康・医療・福祉 文化・スポーツ 観光・お誘い 町政情報 事業者・産業・農業 組織から探す メニューを閉じる 現在の位置 宮崎県高鍋町公式ホームページ TAKANABE TOWN くらし・手続き 届出・証明 独自利用事務の情報連携に係る届出書の公表について 独自利用事務の情報連携に係る届出書の公表について 更新日：2026年04月30日 独自利用事務とは 高鍋町において、行政手続に
25	高鍋町	年度末・年度始めは町民生活課窓口が混雑します	https://www.town.takanabe.lg.jp/kurashi_tetsuzuki/todokede_shomei/3083.html	年度末・年度始めは町民生活課窓口が混雑します／高鍋町 本文へ 背景色 くらし 手続き 子育て 教育 健康･ 福祉・医療 文化 スポーツ 観光 お誘い 町政情報 事業者・ 産業・農業 組織から 探す 組織から探す 施設マップ 移住定住情報 サイト内検索 メニューを閉じる Select Language くらし/手続き 子ども・教育 健康・医療・福祉 文化・スポーツ 観光・お誘い 町政情報 事業者・産業・農業 組織から探す メニューを閉じる 現在の位置 宮崎県高鍋町公式ホームページ TAKANABE TOWN くらし・手続き 届出・証明 年度末・年度始めは町民生活課窓口が混雑します 年度末・年度始めは町民生活課窓口が混雑します 更新日：2021年03月05日 例年、3月中旬から4月中旬にかけての年度末・年度始めは、
25	高鍋町	窓口で住民票や戸籍の証明を請求をするには	https://www.town.takanabe.lg.jp/kurashi_tetsuzuki/todokede_shomei/4205.html	窓口で住民票や戸籍の証明を請求をするには／高鍋町 本文へ 背景色 くらし 手続き 子育て 教育 健康･ 福祉・医療 文化 スポーツ 観光 お誘い 町政情報 事業者・ 産業・農業 組織から 探す 組織から探す 施設マップ 移住定住情報 サイト内検索 メニューを閉じる Select Language くらし/手続き 子ども・教育 健康・医療・福祉 文化・スポーツ 観光・お誘い 町政情報 事業者・産業・農業 組織から探す メニューを閉じる 現在の位置 宮崎県高鍋町公式ホームページ TAKANABE TOWN くらし・手続き 届出・証明 窓口で住民票や戸籍の証明を請求をするには 窓口で住民票や戸籍の証明を請求をするには 更新日：2024年04月05日 住民票の写しの交付請求 請求できる人 住民票に記載されている本人、ま
25	高鍋町	戸籍に氏名の振り仮名が記載されます。	https://www.town.takanabe.lg.jp/kurashi_tetsuzuki/todokede_shomei/4587.html	戸籍に氏名の振り仮名が記載されます。／高鍋町 本文へ 背景色 くらし 手続き 子育て 教育 健康･ 福祉・医療 文化 スポーツ 観光 お誘い 町政情報 事業者・ 産業・農業 組織から 探す 組織から探す 施設マップ 移住定住情報 サイト内検索 メニューを閉じる Select Language くらし/手続き 子ども・教育 健康・医療・福祉 文化・スポーツ 観光・お誘い 町政情報 事業者・産業・農業 組織から探す メニューを閉じる 現在の位置 宮崎県高鍋町公式ホームページ TAKANABE TOWN くらし・手続き 届出・証明 戸籍に氏名の振り仮名が記載されます。 戸籍に氏名の振り仮名が記載されます。 更新日：2025年06月26日 戸籍に氏名の振り仮名が記載されます。 概要 令和5年6月2日、戸籍法（昭和22年
25	高鍋町	ゴミ出し辞典	https://www.town.takanabe.lg.jp/kurashi_tetsuzuki/gomi_kankyo_eisei/1873.html	ゴミ出し辞典／高鍋町 本文へ 背景色 くらし 手続き 子育て 教育 健康･ 福祉・医療 文化 スポーツ 観光 お誘い 町政情報 事業者・ 産業・農業 組織から 探す 組織から探す 施設マップ 移住定住情報 サイト内検索 メニューを閉じる Select Language くらし/手続き 子ども・教育 健康・医療・福祉 文化・スポーツ 観光・お誘い 町政情報 事業者・産業・農業 組織から探す メニューを閉じる 現在の位置 宮崎県高鍋町公式ホームページ TAKANABE TOWN くらし・手続き ゴミ・環境・衛生 ゴミ出し辞典 ゴミ出し辞典 更新日：2018年11月30日 ゴミ出し辞典 ゴミ・環境・衛生 ライフシーンで探す 妊娠・ 出産・子育て 入園・入学 就職・退職 結婚・離婚 引っ越し・ おくやみ 高齢者 介護
25	高鍋町	家庭ごみの収集体制について	https://www.town.takanabe.lg.jp/kurashi_tetsuzuki/gomi_kankyo_eisei/981.html	家庭ごみの収集体制について／高鍋町 本文へ 背景色 くらし 手続き 子育て 教育 健康･ 福祉・医療 文化 スポーツ 観光 お誘い 町政情報 事業者・ 産業・農業 組織から 探す 組織から探す 施設マップ 移住定住情報 サイト内検索 メニューを閉じる Select Language くらし/手続き 子ども・教育 健康・医療・福祉 文化・スポーツ 観光・お誘い 町政情報 事業者・産業・農業 組織から探す メニューを閉じる 現在の位置 宮崎県高鍋町公式ホームページ TAKANABE TOWN くらし・手続き ゴミ・環境・衛生 家庭ごみの収集体制について 家庭ごみの収集体制について 更新日：2026年03月23日 令和8年度の家庭ごみ収集体制 地区によって収集日が異なります。下の表よりお住まいの地区をご確認の上、カレ
25	高鍋町	ゴミを出すときの留意事項・お願い	https://www.town.takanabe.lg.jp/kurashi_tetsuzuki/gomi_kankyo_eisei/1072.html	ゴミを出すときの留意事項・お願い／高鍋町 本文へ 背景色 くらし 手続き 子育て 教育 健康･ 福祉・医療 文化 スポーツ 観光 お誘い 町政情報 事業者・ 産業・農業 組織から 探す 組織から探す 施設マップ 移住定住情報 サイト内検索 メニューを閉じる Select Language くらし/手続き 子ども・教育 健康・医療・福祉 文化・スポーツ 観光・お誘い 町政情報 事業者・産業・農業 組織から探す メニューを閉じる 現在の位置 宮崎県高鍋町公式ホームページ TAKANABE TOWN くらし・手続き ゴミ・環境・衛生 ゴミを出すときの留意事項・お願い ゴミを出すときの留意事項・お願い 更新日：2026年02月06日 留意事項・お願い 【留意事項・お願い】 ・収集日が祝日の場合は、次回の収集となります。
25	高鍋町	よくある質問と回答	https://www.town.takanabe.lg.jp/kurashi_tetsuzuki/gomi_kankyo_eisei/1078.html	よくある質問と回答／高鍋町 本文へ 背景色 くらし 手続き 子育て 教育 健康･ 福祉・医療 文化 スポーツ 観光 お誘い 町政情報 事業者・ 産業・農業 組織から 探す 組織から探す 施設マップ 移住定住情報 サイト内検索 メニューを閉じる Select Language くらし/手続き 子ども・教育 健康・医療・福祉 文化・スポーツ 観光・お誘い 町政情報 事業者・産業・農業 組織から探す メニューを閉じる 現在の位置 宮崎県高鍋町公式ホームページ TAKANABE TOWN くらし・手続き ゴミ・環境・衛生 よくある質問と回答 よくある質問と回答 更新日：2023年05月16日 「緑袋」を出したが回収されなかった。どうして？ プラスチック・ビニール製であってもプラスチック製容器包装類（緑袋）に該当しないも
25	高鍋町	どのようにリサイクルされているの?	https://www.town.takanabe.lg.jp/kurashi_tetsuzuki/gomi_kankyo_eisei/1079.html	どのようにリサイクルされているの?／高鍋町 本文へ 背景色 くらし 手続き 子育て 教育 健康･ 福祉・医療 文化 スポーツ 観光 お誘い 町政情報 事業者・ 産業・農業 組織から 探す 組織から探す 施設マップ 移住定住情報 サイト内検索 メニューを閉じる Select Language くらし/手続き 子ども・教育 健康・医療・福祉 文化・スポーツ 観光・お誘い 町政情報 事業者・産業・農業 組織から探す メニューを閉じる 現在の位置 宮崎県高鍋町公式ホームページ TAKANABE TOWN くらし・手続き ゴミ・環境・衛生 どのようにリサイクルされているの? どのようにリサイクルされているの? 更新日：2018年11月30日 財団法人 容器包装リサイクル協会のホームページで、各市町村の再商品化情報が掲載さ
25	高鍋町	食品ロス削減にご協力ください！	https://www.town.takanabe.lg.jp/kurashi_tetsuzuki/gomi_kankyo_eisei/1440.html	食品ロス削減にご協力ください！／高鍋町 本文へ 背景色 くらし 手続き 子育て 教育 健康･ 福祉・医療 文化 スポーツ 観光 お誘い 町政情報 事業者・ 産業・農業 組織から 探す 組織から探す 施設マップ 移住定住情報 サイト内検索 メニューを閉じる Select Language くらし/手続き 子ども・教育 健康・医療・福祉 文化・スポーツ 観光・お誘い 町政情報 事業者・産業・農業 組織から探す メニューを閉じる 現在の位置 宮崎県高鍋町公式ホームページ TAKANABE TOWN くらし・手続き ゴミ・環境・衛生 食品ロス削減にご協力ください！ 食品ロス削減にご協力ください！ 更新日：2019年12月25日 町では、家庭や事業所から出るごみの減量の一環として、「食品ロス」削減を推進しています。 食品
25	高鍋町	古い消火器はリサイクルへ	https://www.town.takanabe.lg.jp/kurashi_tetsuzuki/gomi_kankyo_eisei/1542.html	古い消火器はリサイクルへ／高鍋町 本文へ 背景色 くらし 手続き 子育て 教育 健康･ 福祉・医療 文化 スポーツ 観光 お誘い 町政情報 事業者・ 産業・農業 組織から 探す 組織から探す 施設マップ 移住定住情報 サイト内検索 メニューを閉じる Select Language くらし/手続き 子ども・教育 健康・医療・福祉 文化・スポーツ 観光・お誘い 町政情報 事業者・産業・農業 組織から探す メニューを閉じる 現在の位置 宮崎県高鍋町公式ホームページ TAKANABE TOWN くらし・手続き ゴミ・環境・衛生 古い消火器はリサイクルへ 古い消火器はリサイクルへ 更新日：2018年11月30日 消防関係法令により多くの建物で消火器の設置が義務付けられていますが、その使用期限はおおむね5～10年となってい
25	高鍋町	テレビ、冷蔵庫・冷凍庫、洗濯機・衣類乾燥機、エアコン（家電リサイクル法対象品）の処分方法	https://www.town.takanabe.lg.jp/kurashi_tetsuzuki/gomi_kankyo_eisei/2679.html	テレビ、冷蔵庫・冷凍庫、洗濯機・衣類乾燥機、エアコン（家電リサイクル法対象品）の処分方法／高鍋町 本文へ 背景色 くらし 手続き 子育て 教育 健康･ 福祉・医療 文化 スポーツ 観光 お誘い 町政情報 事業者・ 産業・農業 組織から 探す 組織から探す 施設マップ 移住定住情報 サイト内検索 メニューを閉じる Select Language くらし/手続き 子ども・教育 健康・医療・福祉 文化・スポーツ 観光・お誘い 町政情報 事業者・産業・農業 組織から探す メニューを閉じる 現在の位置 宮崎県高鍋町公式ホームページ TAKANABE TOWN くらし・手続き ゴミ・環境・衛生 テレビ、冷蔵庫・冷凍庫、洗濯機・衣類乾燥機、エアコン（家電リサイクル法対象品）の処分方法 テレビ、冷蔵庫・冷凍庫、洗濯機・衣類乾燥
25	高鍋町	ごみの分別にご協力ください	https://www.town.takanabe.lg.jp/kurashi_tetsuzuki/gomi_kankyo_eisei/3332.html	ごみの分別にご協力ください／高鍋町 本文へ 背景色 くらし 手続き 子育て 教育 健康･ 福祉・医療 文化 スポーツ 観光 お誘い 町政情報 事業者・ 産業・農業 組織から 探す 組織から探す 施設マップ 移住定住情報 サイト内検索 メニューを閉じる Select Language くらし/手続き 子ども・教育 健康・医療・福祉 文化・スポーツ 観光・お誘い 町政情報 事業者・産業・農業 組織から探す メニューを閉じる 現在の位置 宮崎県高鍋町公式ホームページ TAKANABE TOWN くらし・手続き ゴミ・環境・衛生 ごみの分別にご協力ください ごみの分別にご協力ください 更新日：2022年09月08日 ごみの分別にご協力ください 皆様が排出されたごみは、西都児湯クリーンセンターへ運ばれた後、異物や分別間違
25	高鍋町	西都児湯斎場の休業日について	https://www.town.takanabe.lg.jp/kurashi_tetsuzuki/gomi_kankyo_eisei/3852.html	西都児湯斎場の休業日について／高鍋町 本文へ 背景色 くらし 手続き 子育て 教育 健康･ 福祉・医療 文化 スポーツ 観光 お誘い 町政情報 事業者・ 産業・農業 組織から 探す 組織から探す 施設マップ 移住定住情報 サイト内検索 メニューを閉じる Select Language くらし/手続き 子ども・教育 健康・医療・福祉 文化・スポーツ 観光・お誘い 町政情報 事業者・産業・農業 組織から探す メニューを閉じる 現在の位置 宮崎県高鍋町公式ホームページ TAKANABE TOWN くらし・手続き ゴミ・環境・衛生 西都児湯斎場の休業日について 西都児湯斎場の休業日について 更新日：2023年12月27日 令和5年度の西都児湯斎場の休業日について 令和6年1月1日（月曜日・祝日）は、休業日となります。
25	高鍋町	特定外来生物「オオキンケイギク」について	https://www.town.takanabe.lg.jp/kurashi_tetsuzuki/gomi_kankyo_eisei/4059.html	特定外来生物「オオキンケイギク」について／高鍋町 本文へ 背景色 くらし 手続き 子育て 教育 健康･ 福祉・医療 文化 スポーツ 観光 お誘い 町政情報 事業者・ 産業・農業 組織から 探す 組織から探す 施設マップ 移住定住情報 サイト内検索 メニューを閉じる Select Language くらし/手続き 子ども・教育 健康・医療・福祉 文化・スポーツ 観光・お誘い 町政情報 事業者・産業・農業 組織から探す メニューを閉じる 現在の位置 宮崎県高鍋町公式ホームページ TAKANABE TOWN くらし・手続き ゴミ・環境・衛生 特定外来生物「オオキンケイギク」について 特定外来生物「オオキンケイギク」について 更新日：2023年05月31日 特定外来生物「オオキンケイギク」について オオキンケイギクは北
25	高鍋町	中東情勢に伴う高鍋町指定ごみ袋への影響について	https://www.town.takanabe.lg.jp/kurashi_tetsuzuki/gomi_kankyo_eisei/5153.html	中東情勢に伴う高鍋町指定ごみ袋への影響について／高鍋町 本文へ 背景色 くらし 手続き 子育て 教育 健康･ 福祉・医療 文化 スポーツ 観光 お誘い 町政情報 事業者・ 産業・農業 組織から 探す 組織から探す 施設マップ 移住定住情報 サイト内検索 メニューを閉じる Select Language くらし/手続き 子ども・教育 健康・医療・福祉 文化・スポーツ 観光・お誘い 町政情報 事業者・産業・農業 組織から探す メニューを閉じる 現在の位置 宮崎県高鍋町公式ホームページ TAKANABE TOWN くらし・手続き ゴミ・環境・衛生 中東情勢に伴う高鍋町指定ごみ袋への影響について 中東情勢に伴う高鍋町指定ごみ袋への影響について 更新日：2026年06月09日 高鍋町指定ごみ袋について 中東情勢に伴う各自
25	高鍋町	公売	https://www.town.takanabe.lg.jp/kurashi_tetsuzuki/3122.html	公売／高鍋町 本文へ 背景色 くらし 手続き 子育て 教育 健康･ 福祉・医療 文化 スポーツ 観光 お誘い 町政情報 事業者・ 産業・農業 組織から 探す 組織から探す 施設マップ 移住定住情報 サイト内検索 メニューを閉じる Select Language くらし/手続き 子ども・教育 健康・医療・福祉 文化・スポーツ 観光・お誘い 町政情報 事業者・産業・農業 組織から探す メニューを閉じる 現在の位置 宮崎県高鍋町公式ホームページ TAKANABE TOWN くらし・手続き 公売 公売 更新日：2025年07月01日 高鍋町 公売情報 高鍋町不動産公売会 くらし・手続き ライフシーンで探す 妊娠・ 出産・子育て 入園・入学 就職・退職 結婚・離婚 引っ越し・ おくやみ 高齢者 介護 手当・ 助成・証明
25	高鍋町	高鍋町 公売情報	https://www.town.takanabe.lg.jp/soshiki/zeimu/1/auction/567.html	高鍋町 公売情報／高鍋町 本文へ 背景色 くらし 手続き 子育て 教育 健康･ 福祉・医療 文化 スポーツ 観光 お誘い 町政情報 事業者・ 産業・農業 組織から 探す 組織から探す 施設マップ 移住定住情報 サイト内検索 メニューを閉じる Select Language くらし/手続き 子ども・教育 健康・医療・福祉 文化・スポーツ 観光・お誘い 町政情報 事業者・産業・農業 組織から探す メニューを閉じる 現在の位置 宮崎県高鍋町公式ホームページ TAKANABE TOWN 組織から探す 税務課 くらし・手続き 公売 高鍋町 公売情報 高鍋町 公売情報 更新日：2026年03月16日 インターネット公売 インターネット公売 高鍋町が町税等の滞納者から差し押さえた不動産・動産などの財産を、インターネット公売シ
25	高鍋町	上下水道	https://www.town.takanabe.lg.jp/kurashi_tetsuzuki/2532.html	上下水道／高鍋町 本文へ 背景色 くらし 手続き 子育て 教育 健康･ 福祉・医療 文化 スポーツ 観光 お誘い 町政情報 事業者・ 産業・農業 組織から 探す 組織から探す 施設マップ 移住定住情報 サイト内検索 メニューを閉じる Select Language くらし/手続き 子ども・教育 健康・医療・福祉 文化・スポーツ 観光・お誘い 町政情報 事業者・産業・農業 組織から探す メニューを閉じる 現在の位置 宮崎県高鍋町公式ホームページ TAKANABE TOWN くらし・手続き 上下水道 上下水道 更新日：2020年08月25日 お知らせ 上水道 下水道 浄化槽 くらし・手続き ライフシーンで探す 妊娠・ 出産・子育て 入園・入学 就職・退職 結婚・離婚 引っ越し・ おくやみ 高齢者 介護 手当・ 助成
25	高鍋町	下水道	https://www.town.takanabe.lg.jp/soshiki/jogesuido/1/6/index.html	下水道／高鍋町 本文へ 背景色 くらし 手続き 子育て 教育 健康･ 福祉・医療 文化 スポーツ 観光 お誘い 町政情報 事業者・ 産業・農業 組織から 探す 組織から探す 施設マップ 移住定住情報 サイト内検索 メニューを閉じる Select Language くらし/手続き 子ども・教育 健康・医療・福祉 文化・スポーツ 観光・お誘い 町政情報 事業者・産業・農業 組織から探す メニューを閉じる 現在の位置 宮崎県高鍋町公式ホームページ TAKANABE TOWN 組織から探す 上下水道課 上下水道 下水道 下水道 更新日：2020年11月06日 公共下水道について(町民向け) 公共下水道について(事業者向け) 戸別訪問による宅内の排水管清掃にご注意ください 上下水道 ライフシーンで探す 妊娠・ 出産・子育
25	高鍋町	税金	https://www.town.takanabe.lg.jp/kurashi_tetsuzuki/1871.html	税金／高鍋町 本文へ 背景色 くらし 手続き 子育て 教育 健康･ 福祉・医療 文化 スポーツ 観光 お誘い 町政情報 事業者・ 産業・農業 組織から 探す 組織から探す 施設マップ 移住定住情報 サイト内検索 メニューを閉じる Select Language くらし/手続き 子ども・教育 健康・医療・福祉 文化・スポーツ 観光・お誘い 町政情報 事業者・産業・農業 組織から探す メニューを閉じる 現在の位置 宮崎県高鍋町公式ホームページ TAKANABE TOWN くらし・手続き 税金 税金 更新日：2018年11月30日 法人町民税 国民健康保険税について 固定資産税について 税に関する証明 給与所得者の個人住民税の特別徴収の実施について 町税の電子申告(eLTAX)について 軽自動車税について 特別徴収(
25	高鍋町	収入等の申告について	https://www.town.takanabe.lg.jp/soshiki/zeimu/1/1/4804.html	収入等の申告について／高鍋町 本文へ 背景色 くらし 手続き 子育て 教育 健康･ 福祉・医療 文化 スポーツ 観光 お誘い 町政情報 事業者・ 産業・農業 組織から 探す 組織から探す 施設マップ 移住定住情報 サイト内検索 メニューを閉じる Select Language くらし/手続き 子ども・教育 健康・医療・福祉 文化・スポーツ 観光・お誘い 町政情報 事業者・産業・農業 組織から探す メニューを閉じる 現在の位置 宮崎県高鍋町公式ホームページ TAKANABE TOWN 組織から探す 税務課 くらし・手続き 税金 収入等の申告について 収入等の申告について 更新日：2026年03月19日 令和7年中の収入等の申告受付について この申告は、令和8年度の町県民税・国民健康保険税・後期高齢者医療保険料・介
25	高鍋町	防災・防犯・消防・交通・自衛隊	https://www.town.takanabe.lg.jp/kurashi_tetsuzuki/1937.html	防災・防犯・消防・交通・自衛隊／高鍋町 本文へ 背景色 くらし 手続き 子育て 教育 健康･ 福祉・医療 文化 スポーツ 観光 お誘い 町政情報 事業者・ 産業・農業 組織から 探す 組織から探す 施設マップ 移住定住情報 サイト内検索 メニューを閉じる Select Language くらし/手続き 子ども・教育 健康・医療・福祉 文化・スポーツ 観光・お誘い 町政情報 事業者・産業・農業 組織から探す メニューを閉じる 現在の位置 宮崎県高鍋町公式ホームページ TAKANABE TOWN くらし・手続き 防災・防犯・消防・交通・自衛隊 防災・防犯・消防・交通・自衛隊 更新日：2026年01月30日 防災緊急時 防災 防犯 消防 交通 自衛隊 くらし・手続き ライフシーンで探す 妊娠・ 出産・子育て 入園・入
25	高鍋町	消防	https://www.town.takanabe.lg.jp/soshiki/kikikanri/2/shoubou/index.html	消防／高鍋町 本文へ 背景色 くらし 手続き 子育て 教育 健康･ 福祉・医療 文化 スポーツ 観光 お誘い 町政情報 事業者・ 産業・農業 組織から 探す 組織から探す 施設マップ 移住定住情報 サイト内検索 メニューを閉じる Select Language くらし/手続き 子ども・教育 健康・医療・福祉 文化・スポーツ 観光・お誘い 町政情報 事業者・産業・農業 組織から探す メニューを閉じる 現在の位置 宮崎県高鍋町公式ホームページ TAKANABE TOWN 組織から探す 危機管理課 防災・防犯・消防・交通・自衛隊 消防 消防 更新日：2024年04月03日 高鍋町消防団について 防災・防犯・消防・交通・自衛隊 ライフシーンで探す 妊娠・ 出産・子育て 入園・入学 就職・退職 結婚・離婚 引っ越し・ お
25	高鍋町	交通	https://www.town.takanabe.lg.jp/soshiki/kikikanri/2/koutuu_1/index.html	交通／高鍋町 本文へ 背景色 くらし 手続き 子育て 教育 健康･ 福祉・医療 文化 スポーツ 観光 お誘い 町政情報 事業者・ 産業・農業 組織から 探す 組織から探す 施設マップ 移住定住情報 サイト内検索 メニューを閉じる Select Language くらし/手続き 子ども・教育 健康・医療・福祉 文化・スポーツ 観光・お誘い 町政情報 事業者・産業・農業 組織から探す メニューを閉じる 現在の位置 宮崎県高鍋町公式ホームページ TAKANABE TOWN 組織から探す 危機管理課 防災・防犯・消防・交通・自衛隊 交通 交通 Tweet 更新日：2024年10月21日 新着情報 NEW! 現在、新着情報はございません。 反射材用品の配布について 公益財団法人 日弁連交通事故相談センター 宮崎県支部につ
25	高鍋町	住宅	https://www.town.takanabe.lg.jp/kurashi_tetsuzuki/1982.html	住宅／高鍋町 本文へ 背景色 くらし 手続き 子育て 教育 健康･ 福祉・医療 文化 スポーツ 観光 お誘い 町政情報 事業者・ 産業・農業 組織から 探す 組織から探す 施設マップ 移住定住情報 サイト内検索 メニューを閉じる Select Language くらし/手続き 子ども・教育 健康・医療・福祉 文化・スポーツ 観光・お誘い 町政情報 事業者・産業・農業 組織から探す メニューを閉じる 現在の位置 宮崎県高鍋町公式ホームページ TAKANABE TOWN くらし・手続き 住宅 住宅 更新日：2019年11月18日 町営住宅案内 くらし・手続き ライフシーンで探す 妊娠・ 出産・子育て 入園・入学 就職・退職 結婚・離婚 引っ越し・ おくやみ 高齢者 介護 手当・ 助成・証明 税金 検診 保険・年金
25	高鍋町	生活関連インフラの手続き	https://www.town.takanabe.lg.jp/kurashi_tetsuzuki/3093.html	生活関連インフラの手続き／高鍋町 本文へ 背景色 くらし 手続き 子育て 教育 健康･ 福祉・医療 文化 スポーツ 観光 お誘い 町政情報 事業者・ 産業・農業 組織から 探す 組織から探す 施設マップ 移住定住情報 サイト内検索 メニューを閉じる Select Language くらし/手続き 子ども・教育 健康・医療・福祉 文化・スポーツ 観光・お誘い 町政情報 事業者・産業・農業 組織から探す メニューを閉じる 現在の位置 宮崎県高鍋町公式ホームページ TAKANABE TOWN くらし・手続き 生活関連インフラの手続き 生活関連インフラの手続き 更新日：2021年03月17日 引っ越しが決まったら、NHKに連絡して引っ越しに伴う手続きを行いましょう。詳しくは下記をご覧ください。 NHK「受信料の窓口」
25	高鍋町	交通	https://www.town.takanabe.lg.jp/kurashi_tetsuzuki/3115.html	交通／高鍋町 本文へ 背景色 くらし 手続き 子育て 教育 健康･ 福祉・医療 文化 スポーツ 観光 お誘い 町政情報 事業者・ 産業・農業 組織から 探す 組織から探す 施設マップ 移住定住情報 サイト内検索 メニューを閉じる Select Language くらし/手続き 子ども・教育 健康・医療・福祉 文化・スポーツ 観光・お誘い 町政情報 事業者・産業・農業 組織から探す メニューを閉じる 現在の位置 宮崎県高鍋町公式ホームページ TAKANABE TOWN くらし・手続き 交通 交通 更新日：2021年12月17日 高鍋町デマンド交通 町内公共交通機関(バス・鉄道) 高鍋町デマンド交通 便利なWEB予約の方法 高鍋町デマンド交通 WEBからの利用者登録方法 路線バス「高鍋～都農」線について 広域的コミ
25	高鍋町	町内公共交通機関(バス・鉄道)	https://www.town.takanabe.lg.jp/soshiki/chiikiseisaku/1/1/675.html	町内公共交通機関(バス・鉄道)／高鍋町 本文へ 背景色 くらし 手続き 子育て 教育 健康･ 福祉・医療 文化 スポーツ 観光 お誘い 町政情報 事業者・ 産業・農業 組織から 探す 組織から探す 施設マップ 移住定住情報 サイト内検索 メニューを閉じる Select Language くらし/手続き 子ども・教育 健康・医療・福祉 文化・スポーツ 観光・お誘い 町政情報 事業者・産業・農業 組織から探す メニューを閉じる 現在の位置 宮崎県高鍋町公式ホームページ TAKANABE TOWN 組織から探す 地域政策課 くらし・手続き 交通 町内公共交通機関(バス・鉄道) 町内公共交通機関(バス・鉄道) 更新日：2022年10月13日 バス・鉄道を積極的に利用しましょう 本町の公共交通機関であるバス路線及び鉄道は
25	高鍋町	「個人番号カード総合サイト」について	https://www.town.takanabe.lg.jp/soshiki/chominseikatsu/1/4/664.html	「個人番号カード総合サイト」について／高鍋町 本文へ 背景色 くらし 手続き 子育て 教育 健康･ 福祉・医療 文化 スポーツ 観光 お誘い 町政情報 事業者・ 産業・農業 組織から 探す 組織から探す 施設マップ 移住定住情報 サイト内検索 メニューを閉じる Select Language くらし/手続き 子ども・教育 健康・医療・福祉 文化・スポーツ 観光・お誘い 町政情報 事業者・産業・農業 組織から探す メニューを閉じる 現在の位置 宮崎県高鍋町公式ホームページ TAKANABE TOWN 組織から探す 町民生活課 くらし・手続き 社会保障・税番号（マイナンバー）制度 「個人番号カード総合サイト」について 「個人番号カード総合サイト」について 更新日：2018年11月30日 「個人番号カード総合サイト(
25	高鍋町	個人番号カード（マイナンバーカード）の取得方法	https://www.town.takanabe.lg.jp/soshiki/chominseikatsu/1/4/3042.html	個人番号カード（マイナンバーカード）の取得方法／高鍋町 本文へ 背景色 くらし 手続き 子育て 教育 健康･ 福祉・医療 文化 スポーツ 観光 お誘い 町政情報 事業者・ 産業・農業 組織から 探す 組織から探す 施設マップ 移住定住情報 サイト内検索 メニューを閉じる Select Language くらし/手続き 子ども・教育 健康・医療・福祉 文化・スポーツ 観光・お誘い 町政情報 事業者・産業・農業 組織から探す メニューを閉じる 現在の位置 宮崎県高鍋町公式ホームページ TAKANABE TOWN 組織から探す 町民生活課 くらし・手続き 社会保障・税番号（マイナンバー）制度 個人番号カード（マイナンバーカード）の取得方法 個人番号カード（マイナンバーカード）の取得方法 更新日：2021年06月01日
25	高鍋町	公的個人認証サービスについて	https://www.town.takanabe.lg.jp/soshiki/chominseikatsu/1/4/740.html	公的個人認証サービスについて／高鍋町 本文へ 背景色 くらし 手続き 子育て 教育 健康･ 福祉・医療 文化 スポーツ 観光 お誘い 町政情報 事業者・ 産業・農業 組織から 探す 組織から探す 施設マップ 移住定住情報 サイト内検索 メニューを閉じる Select Language くらし/手続き 子ども・教育 健康・医療・福祉 文化・スポーツ 観光・お誘い 町政情報 事業者・産業・農業 組織から探す メニューを閉じる 現在の位置 宮崎県高鍋町公式ホームページ TAKANABE TOWN 組織から探す 町民生活課 くらし・手続き 社会保障・税番号（マイナンバー）制度 公的個人認証サービスについて 公的個人認証サービスについて 更新日：2018年11月30日 公的個人認証サービスとは 公的個人認証サービスとは、
25	高鍋町	コンビニ交付サービスの利用停止について	https://www.town.takanabe.lg.jp/soshiki/chominseikatsu/1/4/4506.html	コンビニ交付サービスの利用停止について／高鍋町 本文へ 背景色 くらし 手続き 子育て 教育 健康･ 福祉・医療 文化 スポーツ 観光 お誘い 町政情報 事業者・ 産業・農業 組織から 探す 組織から探す 施設マップ 移住定住情報 サイト内検索 メニューを閉じる Select Language くらし/手続き 子ども・教育 健康・医療・福祉 文化・スポーツ 観光・お誘い 町政情報 事業者・産業・農業 組織から探す メニューを閉じる 現在の位置 宮崎県高鍋町公式ホームページ TAKANABE TOWN 組織から探す 町民生活課 くらし・手続き 社会保障・税番号（マイナンバー）制度 コンビニ交付サービスの利用停止について コンビニ交付サービスの利用停止について 更新日：2026年05月25日 システムのメンテナンス
25	高鍋町	マイナンバーカード時間外窓口の実施について	https://www.town.takanabe.lg.jp/soshiki/chominseikatsu/1/4/4720.html	マイナンバーカード時間外窓口の実施について／高鍋町 本文へ 背景色 くらし 手続き 子育て 教育 健康･ 福祉・医療 文化 スポーツ 観光 お誘い 町政情報 事業者・ 産業・農業 組織から 探す 組織から探す 施設マップ 移住定住情報 サイト内検索 メニューを閉じる Select Language くらし/手続き 子ども・教育 健康・医療・福祉 文化・スポーツ 観光・お誘い 町政情報 事業者・産業・農業 組織から探す メニューを閉じる 現在の位置 宮崎県高鍋町公式ホームページ TAKANABE TOWN 組織から探す 町民生活課 くらし・手続き 社会保障・税番号（マイナンバー）制度 マイナンバーカード時間外窓口の実施について マイナンバーカード時間外窓口の実施について 更新日：2026年06月10日 毎月1回マ
25	高鍋町	医療をうけるとき	https://www.town.takanabe.lg.jp/kurashi_tetsuzuki/4700.html	医療をうけるとき／高鍋町 本文へ 背景色 くらし 手続き 子育て 教育 健康･ 福祉・医療 文化 スポーツ 観光 お誘い 町政情報 事業者・ 産業・農業 組織から 探す 組織から探す 施設マップ 移住定住情報 サイト内検索 メニューを閉じる Select Language くらし/手続き 子ども・教育 健康・医療・福祉 文化・スポーツ 観光・お誘い 町政情報 事業者・産業・農業 組織から探す メニューを閉じる 現在の位置 宮崎県高鍋町公式ホームページ TAKANABE TOWN くらし・手続き 医療をうけるとき 医療をうけるとき 更新日：2026年01月05日 年齢によって医療費の負担割合が違うの？ 入院したときの食事代は? 医療費が高額になった場合は? くらし・手続き ライフシーンで探す 妊娠・ 出産・子育て
25	高鍋町	子育て	https://www.town.takanabe.lg.jp/kosodate_kyoiku/kosodate/index.html	子育て／高鍋町 本文へ 背景色 くらし 手続き 子育て 教育 健康･ 福祉・医療 文化 スポーツ 観光 お誘い 町政情報 事業者・ 産業・農業 組織から 探す 組織から探す 施設マップ 移住定住情報 サイト内検索 メニューを閉じる Select Language くらし/手続き 子ども・教育 健康・医療・福祉 文化・スポーツ 観光・お誘い 町政情報 事業者・産業・農業 組織から探す メニューを閉じる 現在の位置 宮崎県高鍋町公式ホームページ TAKANABE TOWN 子育て・教育 子育て 子育て 更新日：2018年11月30日 町立わかば保育園案内 子ども・子育て支援新制度 高鍋町では児童手当から保育料の特別徴収を実施しております 高鍋町の子育て支援事業について 無償化の対象となる特定子ども・子育て支援施設の
25	高鍋町	医療	https://www.town.takanabe.lg.jp/kenko_iryo_fukushi/iryo/index.html	医療／高鍋町 本文へ 背景色 くらし 手続き 子育て 教育 健康･ 福祉・医療 文化 スポーツ 観光 お誘い 町政情報 事業者・ 産業・農業 組織から 探す 組織から探す 施設マップ 移住定住情報 サイト内検索 メニューを閉じる Select Language くらし/手続き 子ども・教育 健康・医療・福祉 文化・スポーツ 観光・お誘い 町政情報 事業者・産業・農業 組織から探す メニューを閉じる 現在の位置 宮崎県高鍋町公式ホームページ TAKANABE TOWN 健康・医療・福祉 医療 医療 更新日：2018年11月30日 休日在宅医情報 休日当番薬局情報 夜間急病センター情報 健康・医療・福祉 ライフシーンで探す 妊娠・ 出産・子育て 入園・入学 就職・退職 結婚・離婚 引っ越し・ おくやみ 高齢者 介護
25	高鍋町	健康づくり	https://www.town.takanabe.lg.jp/kenko_iryo_fukushi/4790.html	健康づくり／高鍋町 本文へ 背景色 くらし 手続き 子育て 教育 健康･ 福祉・医療 文化 スポーツ 観光 お誘い 町政情報 事業者・ 産業・農業 組織から 探す 組織から探す 施設マップ 移住定住情報 サイト内検索 メニューを閉じる Select Language くらし/手続き 子ども・教育 健康・医療・福祉 文化・スポーツ 観光・お誘い 町政情報 事業者・産業・農業 組織から探す メニューを閉じる 現在の位置 宮崎県高鍋町公式ホームページ TAKANABE TOWN 健康・医療・福祉 健康づくり 健康づくり 更新日：2025年12月18日 おいしくたべる 健幸"Reborn"キャンペーンに参加してみませんか？ 生活習慣病を予防しましょう スマートウェルネスシティ 健康・医療・福祉 ライフシーンで探す 妊娠
25	高鍋町	成年後見制度について	https://www.town.takanabe.lg.jp/kenko_iryo_fukushi/4433.html	成年後見制度について／高鍋町 本文へ 背景色 くらし 手続き 子育て 教育 健康･ 福祉・医療 文化 スポーツ 観光 お誘い 町政情報 事業者・ 産業・農業 組織から 探す 組織から探す 施設マップ 移住定住情報 サイト内検索 メニューを閉じる Select Language くらし/手続き 子ども・教育 健康・医療・福祉 文化・スポーツ 観光・お誘い 町政情報 事業者・産業・農業 組織から探す メニューを閉じる 現在の位置 宮崎県高鍋町公式ホームページ TAKANABE TOWN 健康・医療・福祉 成年後見制度について 成年後見制度について 更新日：2024年11月01日 成年後見制度とは？ 成年後見制度とは、認知症・知的障がい・精神障がいなどの理由で判断能力が十分でない方について、家庭裁判所によって選ばれた
25	高鍋町	手続き・届出・制度	https://www.town.takanabe.lg.jp/jigyosha/tetuzuki_todokede_seido/index.html	手続き・届出・制度／高鍋町 本文へ 背景色 くらし 手続き 子育て 教育 健康･ 福祉・医療 文化 スポーツ 観光 お誘い 町政情報 事業者・ 産業・農業 組織から 探す 組織から探す 施設マップ 移住定住情報 サイト内検索 メニューを閉じる Select Language くらし/手続き 子ども・教育 健康・医療・福祉 文化・スポーツ 観光・お誘い 町政情報 事業者・産業・農業 組織から探す メニューを閉じる 現在の位置 宮崎県高鍋町公式ホームページ TAKANABE TOWN 事業者の方へ 手続き・届出・制度 手続き・届出・制度 更新日：2018年11月30日 公共下水道について(事業者向け) NPO法人の申請・届出について(書類一覧・様式) 「協力確認書」の提出について（特定技能制度における地域の共生施策
25	高鍋町	広告	https://www.town.takanabe.lg.jp/jigyosha/kokoku/index.html	広告／高鍋町 本文へ 背景色 くらし 手続き 子育て 教育 健康･ 福祉・医療 文化 スポーツ 観光 お誘い 町政情報 事業者・ 産業・農業 組織から 探す 組織から探す 施設マップ 移住定住情報 サイト内検索 メニューを閉じる Select Language くらし/手続き 子ども・教育 健康・医療・福祉 文化・スポーツ 観光・お誘い 町政情報 事業者・産業・農業 組織から探す メニューを閉じる 現在の位置 宮崎県高鍋町公式ホームページ TAKANABE TOWN 事業者の方へ 広告 広告 更新日：2018年11月30日 バナー広告掲載募集のお知らせ 事業者の方へ ライフシーンで探す 妊娠・ 出産・子育て 入園・入学 就職・退職 結婚・離婚 引っ越し・ おくやみ 高齢者 介護 手当・ 助成・証明 税金 検診
25	高鍋町	企業誘致	https://www.town.takanabe.lg.jp/jigyosha/kigyoyuchi/index.html	企業誘致／高鍋町 本文へ 背景色 くらし 手続き 子育て 教育 健康･ 福祉・医療 文化 スポーツ 観光 お誘い 町政情報 事業者・ 産業・農業 組織から 探す 組織から探す 施設マップ 移住定住情報 サイト内検索 メニューを閉じる Select Language くらし/手続き 子ども・教育 健康・医療・福祉 文化・スポーツ 観光・お誘い 町政情報 事業者・産業・農業 組織から探す メニューを閉じる 現在の位置 宮崎県高鍋町公式ホームページ TAKANABE TOWN 事業者の方へ 企業誘致 企業誘致 更新日：2018年11月30日 企業誘致のご案内 企業誘致案内(立地条件) 企業誘致案内(優遇措置) 企業立地ニュース 事業者の方へ ライフシーンで探す 妊娠・ 出産・子育て 入園・入学 就職・退職 結婚・離婚
25	高鍋町	健康診査（事業所向け）	https://www.town.takanabe.lg.jp/jigyosha/4862.html	健康診査（事業所向け）／高鍋町 本文へ 背景色 くらし 手続き 子育て 教育 健康･ 福祉・医療 文化 スポーツ 観光 お誘い 町政情報 事業者・ 産業・農業 組織から 探す 組織から探す 施設マップ 移住定住情報 サイト内検索 メニューを閉じる Select Language くらし/手続き 子ども・教育 健康・医療・福祉 文化・スポーツ 観光・お誘い 町政情報 事業者・産業・農業 組織から探す メニューを閉じる 現在の位置 宮崎県高鍋町公式ホームページ TAKANABE TOWN 事業者の方へ 健康診査（事業所向け） 健康診査（事業所向け） 更新日：2026年03月13日 各種様式 事業者の方へ ライフシーンで探す 妊娠・ 出産・子育て 入園・入学 就職・退職 結婚・離婚 引っ越し・ おくやみ 高齢者 介護
25	高鍋町	各種様式	https://www.town.takanabe.lg.jp/jigyosha/4864.html	各種様式／高鍋町 本文へ 背景色 くらし 手続き 子育て 教育 健康･ 福祉・医療 文化 スポーツ 観光 お誘い 町政情報 事業者・ 産業・農業 組織から 探す 組織から探す 施設マップ 移住定住情報 サイト内検索 メニューを閉じる Select Language くらし/手続き 子ども・教育 健康・医療・福祉 文化・スポーツ 観光・お誘い 町政情報 事業者・産業・農業 組織から探す メニューを閉じる 現在の位置 宮崎県高鍋町公式ホームページ TAKANABE TOWN 事業者の方へ 各種様式 各種様式 更新日：2026年03月17日 このページは、高鍋町の健康診査（国保・後期）を受託した医療機関向けのお知らせです。 以下は、特定健康診査（国保の方）・後期高齢者健康診査における必要書類です。必要に応じて、ご使用
25	高鍋町	ふるさと納税	https://www.town.takanabe.lg.jp/choseijoho/4349.html	ふるさと納税／高鍋町 本文へ 背景色 くらし 手続き 子育て 教育 健康･ 福祉・医療 文化 スポーツ 観光 お誘い 町政情報 事業者・ 産業・農業 組織から 探す 組織から探す 施設マップ 移住定住情報 サイト内検索 メニューを閉じる Select Language くらし/手続き 子ども・教育 健康・医療・福祉 文化・スポーツ 観光・お誘い 町政情報 事業者・産業・農業 組織から探す メニューを閉じる 現在の位置 宮崎県高鍋町公式ホームページ TAKANABE TOWN 町政情報 ふるさと納税 ふるさと納税 更新日：2020年04月06日 ふるさと納税 【注意喚起】ふるさと納税の「詐欺サイト」にご注意ください！ 町政情報 ライフシーンで探す 妊娠・ 出産・子育て 入園・入学 就職・退職 結婚・離婚 引っ越し
25	高鍋町	個人番号カード（マイナンバーカード）の取得方法	https://www.town.takanabe.lg.jp/lifeevent/teate_josei_shomei/3044.html	個人番号カード（マイナンバーカード）の取得方法／高鍋町 本文へ 背景色 くらし 手続き 子育て 教育 健康･ 福祉・医療 文化 スポーツ 観光 お誘い 町政情報 事業者・ 産業・農業 組織から 探す 組織から探す 施設マップ 移住定住情報 サイト内検索 メニューを閉じる Select Language くらし/手続き 子ども・教育 健康・医療・福祉 文化・スポーツ 観光・お誘い 町政情報 事業者・産業・農業 組織から探す メニューを閉じる 現在の位置 宮崎県高鍋町公式ホームページ TAKANABE TOWN ライフシーンでさがす 手当・助成・証明 個人番号カード（マイナンバーカード）の取得方法 個人番号カード（マイナンバーカード）の取得方法 更新日：2021年06月01日 目次 マイナンバーカードの受け取り時に
25	高鍋町	地域政策課	https://www.town.takanabe.lg.jp/soshiki/chiikiseisaku/index.html	地域政策課／高鍋町 本文へ 背景色 くらし 手続き 子育て 教育 健康･ 福祉・医療 文化 スポーツ 観光 お誘い 町政情報 事業者・ 産業・農業 組織から 探す 組織から探す 施設マップ 移住定住情報 サイト内検索 メニューを閉じる Select Language くらし/手続き 子ども・教育 健康・医療・福祉 文化・スポーツ 観光・お誘い 町政情報 事業者・産業・農業 組織から探す メニューを閉じる 現在の位置 宮崎県高鍋町公式ホームページ TAKANABE TOWN 組織から探す 地域政策課 地域政策課 Tweet 更新日：2020年08月21日 くらし・手続き 就職・雇用労働情報 空き家バンク事業 移住・定住 企業版ふるさと納税 ふるさと納税 町政情報 観光・お誘い スポーツ 健康・医療・福祉 事業者の
25	高鍋町	地域政策課	https://www.town.takanabe.lg.jp/soshiki/chiikiseisaku/	地域政策課／高鍋町 本文へ 背景色 くらし 手続き 子育て 教育 健康･ 福祉・医療 文化 スポーツ 観光 お誘い 町政情報 事業者・ 産業・農業 組織から 探す 組織から探す 施設マップ 移住定住情報 サイト内検索 メニューを閉じる Select Language くらし/手続き 子ども・教育 健康・医療・福祉 文化・スポーツ 観光・お誘い 町政情報 事業者・産業・農業 組織から探す メニューを閉じる 現在の位置 宮崎県高鍋町公式ホームページ TAKANABE TOWN 組織から探す 地域政策課 地域政策課 Tweet 更新日：2020年08月21日 くらし・手続き 就職・雇用労働情報 空き家バンク事業 移住・定住 企業版ふるさと納税 ふるさと納税 町政情報 観光・お誘い スポーツ 健康・医療・福祉 事業者の
25	高鍋町	くらし・手続き	https://www.town.takanabe.lg.jp/soshiki/chiikiseisaku/1/index.html	くらし・手続き／高鍋町 本文へ 背景色 くらし 手続き 子育て 教育 健康･ 福祉・医療 文化 スポーツ 観光 お誘い 町政情報 事業者・ 産業・農業 組織から 探す 組織から探す 施設マップ 移住定住情報 サイト内検索 メニューを閉じる Select Language くらし/手続き 子ども・教育 健康・医療・福祉 文化・スポーツ 観光・お誘い 町政情報 事業者・産業・農業 組織から探す メニューを閉じる 現在の位置 宮崎県高鍋町公式ホームページ TAKANABE TOWN 組織から探す 地域政策課 くらし・手続き くらし・手続き 更新日：2021年12月17日 交通 生活関連インフラの手続き 地域政策課 ライフシーンで探す 妊娠・ 出産・子育て 入園・入学 就職・退職 結婚・離婚 引っ越し・ おくやみ 高齢
25	高鍋町	企業版ふるさと納税	https://www.town.takanabe.lg.jp/soshiki/chiikiseisaku/kigyobanhurusatonozei/index.html	企業版ふるさと納税／高鍋町 本文へ 背景色 くらし 手続き 子育て 教育 健康･ 福祉・医療 文化 スポーツ 観光 お誘い 町政情報 事業者・ 産業・農業 組織から 探す 組織から探す 施設マップ 移住定住情報 サイト内検索 メニューを閉じる Select Language くらし/手続き 子ども・教育 健康・医療・福祉 文化・スポーツ 観光・お誘い 町政情報 事業者・産業・農業 組織から探す メニューを閉じる 現在の位置 宮崎県高鍋町公式ホームページ TAKANABE TOWN 組織から探す 地域政策課 企業版ふるさと納税 企業版ふるさと納税 更新日：2024年06月20日 企業版ふるさと納税 地域政策課 ライフシーンで探す 妊娠・ 出産・子育て 入園・入学 就職・退職 結婚・離婚 引っ越し・ おくやみ 高齢
25	高鍋町	ふるさと納税	https://www.town.takanabe.lg.jp/soshiki/chiikiseisaku/furusatonozei/index.html	ふるさと納税／高鍋町 本文へ 背景色 くらし 手続き 子育て 教育 健康･ 福祉・医療 文化 スポーツ 観光 お誘い 町政情報 事業者・ 産業・農業 組織から 探す 組織から探す 施設マップ 移住定住情報 サイト内検索 メニューを閉じる Select Language くらし/手続き 子ども・教育 健康・医療・福祉 文化・スポーツ 観光・お誘い 町政情報 事業者・産業・農業 組織から探す メニューを閉じる 現在の位置 宮崎県高鍋町公式ホームページ TAKANABE TOWN 組織から探す 地域政策課 ふるさと納税 ふるさと納税 更新日：2020年04月06日 ふるさと納税 【注意喚起】ふるさと納税の「詐欺サイト」にご注意ください！ 地域政策課 ライフシーンで探す 妊娠・ 出産・子育て 入園・入学 就職・退職 結
25	高鍋町	観光・お誘い	https://www.town.takanabe.lg.jp/soshiki/chiikiseisaku/4/index.html	観光・お誘い／高鍋町 本文へ 背景色 くらし 手続き 子育て 教育 健康･ 福祉・医療 文化 スポーツ 観光 お誘い 町政情報 事業者・ 産業・農業 組織から 探す 組織から探す 施設マップ 移住定住情報 サイト内検索 メニューを閉じる Select Language くらし/手続き 子ども・教育 健康・医療・福祉 文化・スポーツ 観光・お誘い 町政情報 事業者・産業・農業 組織から探す メニューを閉じる 現在の位置 宮崎県高鍋町公式ホームページ TAKANABE TOWN 組織から探す 地域政策課 観光・お誘い 観光・お誘い 更新日：2018年11月30日 観光情報 English Tourist Information 高鍋町ふるさと応援大使 町人会組織 地域政策課 ライフシーンで探す 妊娠・ 出産・子育て
25	高鍋町	スポーツ	https://www.town.takanabe.lg.jp/soshiki/chiikiseisaku/8/index.html	スポーツ／高鍋町 本文へ 背景色 くらし 手続き 子育て 教育 健康･ 福祉・医療 文化 スポーツ 観光 お誘い 町政情報 事業者・ 産業・農業 組織から 探す 組織から探す 施設マップ 移住定住情報 サイト内検索 メニューを閉じる Select Language くらし/手続き 子ども・教育 健康・医療・福祉 文化・スポーツ 観光・お誘い 町政情報 事業者・産業・農業 組織から探す メニューを閉じる 現在の位置 宮崎県高鍋町公式ホームページ TAKANABE TOWN 組織から探す 地域政策課 スポーツ スポーツ 更新日：2019年05月31日 スポーツ合宿の案内 運動施設位置図 スポーツ合宿インタビュー 平成24年春季キャンプ 桐蔭横浜大学硬式野球部写真(3月5日～13日) スポーツ合宿 地域政策課 ライフ
25	高鍋町	健康・医療・福祉	https://www.town.takanabe.lg.jp/soshiki/chiikiseisaku/5/index.html	健康・医療・福祉／高鍋町 本文へ 背景色 くらし 手続き 子育て 教育 健康･ 福祉・医療 文化 スポーツ 観光 お誘い 町政情報 事業者・ 産業・農業 組織から 探す 組織から探す 施設マップ 移住定住情報 サイト内検索 メニューを閉じる Select Language くらし/手続き 子ども・教育 健康・医療・福祉 文化・スポーツ 観光・お誘い 町政情報 事業者・産業・農業 組織から探す メニューを閉じる 現在の位置 宮崎県高鍋町公式ホームページ TAKANABE TOWN 組織から探す 地域政策課 健康・医療・福祉 健康・医療・福祉 更新日：2018年11月30日 休日当番薬局情報 休日在宅医情報 地域政策課 ライフシーンで探す 妊娠・ 出産・子育て 入園・入学 就職・退職 結婚・離婚 引っ越し・ おくや
25	高鍋町	事業者の方へ	https://www.town.takanabe.lg.jp/soshiki/chiikiseisaku/6/index.html	事業者の方へ／高鍋町 本文へ 背景色 くらし 手続き 子育て 教育 健康･ 福祉・医療 文化 スポーツ 観光 お誘い 町政情報 事業者・ 産業・農業 組織から 探す 組織から探す 施設マップ 移住定住情報 サイト内検索 メニューを閉じる Select Language くらし/手続き 子ども・教育 健康・医療・福祉 文化・スポーツ 観光・お誘い 町政情報 事業者・産業・農業 組織から探す メニューを閉じる 現在の位置 宮崎県高鍋町公式ホームページ TAKANABE TOWN 組織から探す 地域政策課 事業者の方へ 事業者の方へ 更新日：2022年09月21日 企業誘致 広告 手続き・届出・制度 商工業の振興 新型コロナウイルス感染症対策関係 地域政策課 ライフシーンで探す 妊娠・ 出産・子育て 入園・入学 就職
25	高鍋町	くらし・手続き	https://www.town.takanabe.lg.jp/soshiki/somu/1/index.html	くらし・手続き／高鍋町 本文へ 背景色 くらし 手続き 子育て 教育 健康･ 福祉・医療 文化 スポーツ 観光 お誘い 町政情報 事業者・ 産業・農業 組織から 探す 組織から探す 施設マップ 移住定住情報 サイト内検索 メニューを閉じる Select Language くらし/手続き 子ども・教育 健康・医療・福祉 文化・スポーツ 観光・お誘い 町政情報 事業者・産業・農業 組織から探す メニューを閉じる 現在の位置 宮崎県高鍋町公式ホームページ TAKANABE TOWN 組織から探す 総務課 くらし・手続き くらし・手続き 更新日：2018年11月30日 届出・証明 総務課 ライフシーンで探す 妊娠・ 出産・子育て 入園・入学 就職・退職 結婚・離婚 引っ越し・ おくやみ 高齢者 介護 手当・ 助成・証明
25	高鍋町	危機管理課	https://www.town.takanabe.lg.jp/soshiki/kikikanri/index.html	危機管理課／高鍋町 本文へ 背景色 くらし 手続き 子育て 教育 健康･ 福祉・医療 文化 スポーツ 観光 お誘い 町政情報 事業者・ 産業・農業 組織から 探す 組織から探す 施設マップ 移住定住情報 サイト内検索 メニューを閉じる Select Language くらし/手続き 子ども・教育 健康・医療・福祉 文化・スポーツ 観光・お誘い 町政情報 事業者・産業・農業 組織から探す メニューを閉じる 現在の位置 宮崎県高鍋町公式ホームページ TAKANABE TOWN 組織から探す 危機管理課 危機管理課 更新日：2024年04月01日 防災・防犯・消防・交通・自衛隊 消費者行政 組織から探す ライフシーンで探す 妊娠・ 出産・子育て 入園・入学 就職・退職 結婚・離婚 引っ越し・ おくやみ 高齢者 介護
25	高鍋町	危機管理課	https://www.town.takanabe.lg.jp/soshiki/kikikanri/	危機管理課／高鍋町 本文へ 背景色 くらし 手続き 子育て 教育 健康･ 福祉・医療 文化 スポーツ 観光 お誘い 町政情報 事業者・ 産業・農業 組織から 探す 組織から探す 施設マップ 移住定住情報 サイト内検索 メニューを閉じる Select Language くらし/手続き 子ども・教育 健康・医療・福祉 文化・スポーツ 観光・お誘い 町政情報 事業者・産業・農業 組織から探す メニューを閉じる 現在の位置 宮崎県高鍋町公式ホームページ TAKANABE TOWN 組織から探す 危機管理課 危機管理課 更新日：2024年04月01日 防災・防犯・消防・交通・自衛隊 消費者行政 組織から探す ライフシーンで探す 妊娠・ 出産・子育て 入園・入学 就職・退職 結婚・離婚 引っ越し・ おくやみ 高齢者 介護
25	高鍋町	防災・防犯・消防・交通・自衛隊	https://www.town.takanabe.lg.jp/soshiki/kikikanri/2/index.html	防災・防犯・消防・交通・自衛隊／高鍋町 本文へ 背景色 くらし 手続き 子育て 教育 健康･ 福祉・医療 文化 スポーツ 観光 お誘い 町政情報 事業者・ 産業・農業 組織から 探す 組織から探す 施設マップ 移住定住情報 サイト内検索 メニューを閉じる Select Language くらし/手続き 子ども・教育 健康・医療・福祉 文化・スポーツ 観光・お誘い 町政情報 事業者・産業・農業 組織から探す メニューを閉じる 現在の位置 宮崎県高鍋町公式ホームページ TAKANABE TOWN 組織から探す 危機管理課 防災・防犯・消防・交通・自衛隊 防災・防犯・消防・交通・自衛隊 更新日：2026年01月30日 防災緊急時 防災 防犯 消防 交通 自衛隊 危機管理課 ライフシーンで探す 妊娠・ 出産・子育て 入
25	高鍋町	平成22年度事務事業評価結果	https://www.town.takanabe.lg.jp/choseijoho/keikaku_seisaku/3/1098.html	平成22年度事務事業評価結果／高鍋町 本文へ 背景色 くらし 手続き 子育て 教育 健康･ 福祉・医療 文化 スポーツ 観光 お誘い 町政情報 事業者・ 産業・農業 組織から 探す 組織から探す 施設マップ 移住定住情報 サイト内検索 メニューを閉じる Select Language くらし/手続き 子ども・教育 健康・医療・福祉 文化・スポーツ 観光・お誘い 町政情報 事業者・産業・農業 組織から探す メニューを閉じる 現在の位置 宮崎県高鍋町公式ホームページ TAKANABE TOWN 町政情報 計画・政策 事務事業評価 平成22年度事務事業評価結果 平成22年度事務事業評価結果 更新日：2018年11月30日 平成21年度に実施した108の事業について評価を行いました。 委員会における2次評価の結果、事業
25	高鍋町	平成23年度 事務事業評価結果	https://www.town.takanabe.lg.jp/choseijoho/keikaku_seisaku/3/1367.html	平成23年度 事務事業評価結果／高鍋町 本文へ 背景色 くらし 手続き 子育て 教育 健康･ 福祉・医療 文化 スポーツ 観光 お誘い 町政情報 事業者・ 産業・農業 組織から 探す 組織から探す 施設マップ 移住定住情報 サイト内検索 メニューを閉じる Select Language くらし/手続き 子ども・教育 健康・医療・福祉 文化・スポーツ 観光・お誘い 町政情報 事業者・産業・農業 組織から探す メニューを閉じる 現在の位置 宮崎県高鍋町公式ホームページ TAKANABE TOWN 町政情報 計画・政策 事務事業評価 平成23年度 事務事業評価結果 平成23年度 事務事業評価結果 更新日：2018年11月30日 平成22年度に実施した77の事業についてヒアリングを行いました。 委員会における2次評価の
25	高鍋町	平成25年度事務事業評価結果	https://www.town.takanabe.lg.jp/choseijoho/keikaku_seisaku/3/1373.html	平成25年度事務事業評価結果／高鍋町 本文へ 背景色 くらし 手続き 子育て 教育 健康･ 福祉・医療 文化 スポーツ 観光 お誘い 町政情報 事業者・ 産業・農業 組織から 探す 組織から探す 施設マップ 移住定住情報 サイト内検索 メニューを閉じる Select Language くらし/手続き 子ども・教育 健康・医療・福祉 文化・スポーツ 観光・お誘い 町政情報 事業者・産業・農業 組織から探す メニューを閉じる 現在の位置 宮崎県高鍋町公式ホームページ TAKANABE TOWN 町政情報 計画・政策 事務事業評価 平成25年度事務事業評価結果 平成25年度事務事業評価結果 更新日：2018年11月30日 平成24年度に実施した事業のうち67事業についてヒアリングを行いました。 委員会における2次評価
25	高鍋町	平成26年度事務事業評価結果	https://www.town.takanabe.lg.jp/choseijoho/keikaku_seisaku/3/1376.html	平成26年度事務事業評価結果／高鍋町 本文へ 背景色 くらし 手続き 子育て 教育 健康･ 福祉・医療 文化 スポーツ 観光 お誘い 町政情報 事業者・ 産業・農業 組織から 探す 組織から探す 施設マップ 移住定住情報 サイト内検索 メニューを閉じる Select Language くらし/手続き 子ども・教育 健康・医療・福祉 文化・スポーツ 観光・お誘い 町政情報 事業者・産業・農業 組織から探す メニューを閉じる 現在の位置 宮崎県高鍋町公式ホームページ TAKANABE TOWN 町政情報 計画・政策 事務事業評価 平成26年度事務事業評価結果 平成26年度事務事業評価結果 更新日：2018年11月30日 平成25年度に実施した事業のうち56事業についてヒアリングを行いました。委員会における2次評価の
25	高鍋町	平成27年度事務事業評価結果	https://www.town.takanabe.lg.jp/choseijoho/keikaku_seisaku/3/1389.html	平成27年度事務事業評価結果／高鍋町 本文へ 背景色 くらし 手続き 子育て 教育 健康･ 福祉・医療 文化 スポーツ 観光 お誘い 町政情報 事業者・ 産業・農業 組織から 探す 組織から探す 施設マップ 移住定住情報 サイト内検索 メニューを閉じる Select Language くらし/手続き 子ども・教育 健康・医療・福祉 文化・スポーツ 観光・お誘い 町政情報 事業者・産業・農業 組織から探す メニューを閉じる 現在の位置 宮崎県高鍋町公式ホームページ TAKANABE TOWN 町政情報 計画・政策 事務事業評価 平成27年度事務事業評価結果 平成27年度事務事業評価結果 更新日：2018年11月30日 平成26年度に実施した事業のうち60事業についてヒアリングを行いました。 委員会における2次評価
25	高鍋町	町立高鍋図書館（柿原政一郎記念高鍋図書館）	https://www.town.takanabe.lg.jp/choseijoho/kikan_shisetsu/1/1238.html	町立高鍋図書館（柿原政一郎記念高鍋図書館）／高鍋町 本文へ 背景色 くらし 手続き 子育て 教育 健康･ 福祉・医療 文化 スポーツ 観光 お誘い 町政情報 事業者・ 産業・農業 組織から 探す 組織から探す 施設マップ 移住定住情報 サイト内検索 メニューを閉じる Select Language くらし/手続き 子ども・教育 健康・医療・福祉 文化・スポーツ 観光・お誘い 町政情報 事業者・産業・農業 組織から探す メニューを閉じる 現在の位置 宮崎県高鍋町公式ホームページ TAKANABE TOWN 町政情報 町の機関・施設 図書館 町立高鍋図書館（柿原政一郎記念高鍋図書館） 町立高鍋図書館（柿原政一郎記念高鍋図書館） 更新日：2024年09月15日 柿原政一郎記念高鍋図書館 学習室 多目的室 北側テラス（
25	高鍋町	高鍋町の姉妹都市	https://www.town.takanabe.lg.jp/choseijoho/takanabemachi/1027.html	高鍋町の姉妹都市／高鍋町 本文へ 背景色 くらし 手続き 子育て 教育 健康･ 福祉・医療 文化 スポーツ 観光 お誘い 町政情報 事業者・ 産業・農業 組織から 探す 組織から探す 施設マップ 移住定住情報 サイト内検索 メニューを閉じる Select Language くらし/手続き 子ども・教育 健康・医療・福祉 文化・スポーツ 観光・お誘い 町政情報 事業者・産業・農業 組織から探す メニューを閉じる 現在の位置 宮崎県高鍋町公式ホームページ TAKANABE TOWN 町政情報 高鍋町について 高鍋町の姉妹都市 高鍋町の姉妹都市 更新日：2018年11月30日 高鍋町は、福岡県朝倉市、宮崎県串間市、山形県米沢市の3市と姉妹都市として交流を深めています。いずれも、高鍋藩および高鍋藩主秋月家との関係が縁と
25	高鍋町	高鍋町について	https://www.town.takanabe.lg.jp/choseijoho/takanabemachi/1456.html	高鍋町について／高鍋町 本文へ 背景色 くらし 手続き 子育て 教育 健康･ 福祉・医療 文化 スポーツ 観光 お誘い 町政情報 事業者・ 産業・農業 組織から 探す 組織から探す 施設マップ 移住定住情報 サイト内検索 メニューを閉じる Select Language くらし/手続き 子ども・教育 健康・医療・福祉 文化・スポーツ 観光・お誘い 町政情報 事業者・産業・農業 組織から探す メニューを閉じる 現在の位置 宮崎県高鍋町公式ホームページ TAKANABE TOWN 町政情報 高鍋町について 高鍋町について 高鍋町について 更新日：2019年07月12日 高鍋町の紹介 高鍋町のプロフィールを紹介しています。 歴史・文化 高鍋の歴史および郷土文化を紹介しています。 高鍋町の人物 高鍋町名誉町民および、高
25	高鍋町	高鍋町の魅力	https://www.town.takanabe.lg.jp/choseijoho/takanabemachi/1033.html	高鍋町の魅力／高鍋町 本文へ 背景色 くらし 手続き 子育て 教育 健康･ 福祉・医療 文化 スポーツ 観光 お誘い 町政情報 事業者・ 産業・農業 組織から 探す 組織から探す 施設マップ 移住定住情報 サイト内検索 メニューを閉じる Select Language くらし/手続き 子ども・教育 健康・医療・福祉 文化・スポーツ 観光・お誘い 町政情報 事業者・産業・農業 組織から探す メニューを閉じる 現在の位置 宮崎県高鍋町公式ホームページ TAKANABE TOWN 町政情報 高鍋町について 高鍋町の魅力 高鍋町の魅力 更新日：2025年01月20日 コンパクトシティ 高鍋町は、宮崎県でもっとも小さな自治体です。高鍋の市街地は、小丸川と宮田川にはさまれた平地に発達しています。高台から市街地を望むと、実に
25	高鍋町	農業政策課	https://www.town.takanabe.lg.jp/jigyosha/jigyousya/5147.html	農業政策課／高鍋町 本文へ 背景色 くらし 手続き 子育て 教育 健康･ 福祉・医療 文化 スポーツ 観光 お誘い 町政情報 事業者・ 産業・農業 組織から 探す 組織から探す 施設マップ 移住定住情報 サイト内検索 メニューを閉じる Select Language くらし/手続き 子ども・教育 健康・医療・福祉 文化・スポーツ 観光・お誘い 町政情報 事業者・産業・農業 組織から探す メニューを閉じる 現在の位置 宮崎県高鍋町公式ホームページ TAKANABE TOWN 事業者の方へ 農業 農業政策課 農業政策課 Tweet 更新日：2026年07月08日 重要なお知らせ 風水害にご注意ください 高鍋温泉のめいりんの湯の閉館について (R8年5月12日) 新着情報 NEW! 現在、新着情報はございません。 事
25	高鍋町	企業立地ニュース	https://www.town.takanabe.lg.jp/jigyosha/kigyoyuchi/1498.html	企業立地ニュース／高鍋町 本文へ 背景色 くらし 手続き 子育て 教育 健康･ 福祉・医療 文化 スポーツ 観光 お誘い 町政情報 事業者・ 産業・農業 組織から 探す 組織から探す 施設マップ 移住定住情報 サイト内検索 メニューを閉じる Select Language くらし/手続き 子ども・教育 健康・医療・福祉 文化・スポーツ 観光・お誘い 町政情報 事業者・産業・農業 組織から探す メニューを閉じる 現在の位置 宮崎県高鍋町公式ホームページ TAKANABE TOWN 事業者の方へ 企業誘致 企業立地ニュース 企業立地ニュース 更新日：2021年08月27日 日本自給飼料生産普及センター株式会社（令和3年8月26日） 日本自給飼料生産普及センター株式会社が高鍋町上江の小並地区に、牛の完全混合飼料を製造
25	高鍋町	農林業の振興	https://www.town.takanabe.lg.jp/jigyosha/norinshinko/index.html	農林業の振興／高鍋町 本文へ 背景色 くらし 手続き 子育て 教育 健康･ 福祉・医療 文化 スポーツ 観光 お誘い 町政情報 事業者・ 産業・農業 組織から 探す 組織から探す 施設マップ 移住定住情報 サイト内検索 メニューを閉じる Select Language くらし/手続き 子ども・教育 健康・医療・福祉 文化・スポーツ 観光・お誘い 町政情報 事業者・産業・農業 組織から探す メニューを閉じる 現在の位置 宮崎県高鍋町公式ホームページ TAKANABE TOWN 事業者の方へ 農林業の振興 農林業の振興 更新日：2018年11月30日 事業者の方へ ライフシーンで探す 妊娠・ 出産・子育て 入園・入学 就職・退職 結婚・離婚 引っ越し・ おくやみ 高齢者 介護 手当・ 助成・証明 税金 検診 保険・
25	高鍋町	介護保険サービス事業者等集団指導	https://www.town.takanabe.lg.jp/jigyosha/tetuzuki_todokede_seido/4904.html	介護保険サービス事業者等集団指導／高鍋町 本文へ 背景色 くらし 手続き 子育て 教育 健康･ 福祉・医療 文化 スポーツ 観光 お誘い 町政情報 事業者・ 産業・農業 組織から 探す 組織から探す 施設マップ 移住定住情報 サイト内検索 メニューを閉じる Select Language くらし/手続き 子ども・教育 健康・医療・福祉 文化・スポーツ 観光・お誘い 町政情報 事業者・産業・農業 組織から探す メニューを閉じる 現在の位置 宮崎県高鍋町公式ホームページ TAKANABE TOWN 事業者の方へ 手続き・届出・制度 介護保険サービス事業者等集団指導 介護保険サービス事業者等集団指導 更新日：2026年02月27日 令和7年度集団指導 令和7年度集団指導 手続き・届出・制度 ライフシーンで探す 妊娠・
25	高鍋町	休日在宅医情報	https://www.town.takanabe.lg.jp/kenko_iryo_fukushi/iryo/1004.html	休日在宅医情報／高鍋町 本文へ 背景色 くらし 手続き 子育て 教育 健康･ 福祉・医療 文化 スポーツ 観光 お誘い 町政情報 事業者・ 産業・農業 組織から 探す 組織から探す 施設マップ 移住定住情報 サイト内検索 メニューを閉じる Select Language くらし/手続き 子ども・教育 健康・医療・福祉 文化・スポーツ 観光・お誘い 町政情報 事業者・産業・農業 組織から探す メニューを閉じる 現在の位置 宮崎県高鍋町公式ホームページ TAKANABE TOWN 健康・医療・福祉 医療 休日在宅医情報 休日在宅医情報 更新日：2026年06月01日 休日在宅医 診療時間 9時00分～17時00分 ※休日在宅医を受診される際には、必ず事前に電話にてご確認をお願いします。 月日 内科・外科 病院名 電
25	高鍋町	休日当番薬局情報	https://www.town.takanabe.lg.jp/kenko_iryo_fukushi/iryo/1005.html	休日当番薬局情報／高鍋町 本文へ 背景色 くらし 手続き 子育て 教育 健康･ 福祉・医療 文化 スポーツ 観光 お誘い 町政情報 事業者・ 産業・農業 組織から 探す 組織から探す 施設マップ 移住定住情報 サイト内検索 メニューを閉じる Select Language くらし/手続き 子ども・教育 健康・医療・福祉 文化・スポーツ 観光・お誘い 町政情報 事業者・産業・農業 組織から探す メニューを閉じる 現在の位置 宮崎県高鍋町公式ホームページ TAKANABE TOWN 健康・医療・福祉 医療 休日当番薬局情報 休日当番薬局情報 更新日：2026年06月01日 休日薬局情報一覧表 ※市外局番：0983 月日 町名 薬局名 電話番号 6月7日 (日曜日) 高鍋町 ひまわり薬局高鍋上江店 35-3511 み
25	高鍋町	夜間急病センター情報	https://www.town.takanabe.lg.jp/kenko_iryo_fukushi/iryo/4398.html	夜間急病センター情報／高鍋町 本文へ 背景色 くらし 手続き 子育て 教育 健康･ 福祉・医療 文化 スポーツ 観光 お誘い 町政情報 事業者・ 産業・農業 組織から 探す 組織から探す 施設マップ 移住定住情報 サイト内検索 メニューを閉じる Select Language くらし/手続き 子ども・教育 健康・医療・福祉 文化・スポーツ 観光・お誘い 町政情報 事業者・産業・農業 組織から探す メニューを閉じる 現在の位置 宮崎県高鍋町公式ホームページ TAKANABE TOWN 健康・医療・福祉 医療 夜間急病センター情報 夜間急病センター情報 更新日：2024年08月26日 夜間急病センターは、夜間、急に体調が悪くなったり、急を要する治療が必要な方が受診する医療機関です。 継続治療や通院はできませんので、
25	高鍋町	「世界禁煙デー」及び、「禁煙週間」のお知らせ！	https://www.town.takanabe.lg.jp/kenko_iryo_fukushi/kenkozukuri/4505.html	「世界禁煙デー」及び、「禁煙週間」のお知らせ！／高鍋町 本文へ 背景色 くらし 手続き 子育て 教育 健康･ 福祉・医療 文化 スポーツ 観光 お誘い 町政情報 事業者・ 産業・農業 組織から 探す 組織から探す 施設マップ 移住定住情報 サイト内検索 メニューを閉じる Select Language くらし/手続き 子ども・教育 健康・医療・福祉 文化・スポーツ 観光・お誘い 町政情報 事業者・産業・農業 組織から探す メニューを閉じる 現在の位置 宮崎県高鍋町公式ホームページ TAKANABE TOWN 健康・医療・福祉 健康づくり・健（検）診 「世界禁煙デー」及び、「禁煙週間」のお知らせ！ 「世界禁煙デー」及び、「禁煙週間」のお知らせ！ 更新日：2025年04月23日 5月31日は「世界禁煙デー」、5月3
25	高鍋町	町内の教育機関	https://www.town.takanabe.lg.jp/kosodate_kyoiku/gakko_kyoiku/1035.html	町内の教育機関／高鍋町 本文へ 背景色 くらし 手続き 子育て 教育 健康･ 福祉・医療 文化 スポーツ 観光 お誘い 町政情報 事業者・ 産業・農業 組織から 探す 組織から探す 施設マップ 移住定住情報 サイト内検索 メニューを閉じる Select Language くらし/手続き 子ども・教育 健康・医療・福祉 文化・スポーツ 観光・お誘い 町政情報 事業者・産業・農業 組織から探す メニューを閉じる 現在の位置 宮崎県高鍋町公式ホームページ TAKANABE TOWN 子育て・教育 学校・教育 町内の教育機関 町内の教育機関 更新日：2019年01月04日 町内に設置されている主な教育機関の一覧です。各校の画像と概要、特徴を掲載しています。 大学・大学校 県立農業大学校 高等学校 県立高鍋高等学校 県立
25	高鍋町	高鍋町こども計画（第3期高鍋町子ども・子育て支援事業計画）について	https://www.town.takanabe.lg.jp/kosodate_kyoiku/kosodate/2760.html	高鍋町こども計画（第3期高鍋町子ども・子育て支援事業計画）について／高鍋町 本文へ 背景色 くらし 手続き 子育て 教育 健康･ 福祉・医療 文化 スポーツ 観光 お誘い 町政情報 事業者・ 産業・農業 組織から 探す 組織から探す 施設マップ 移住定住情報 サイト内検索 メニューを閉じる Select Language くらし/手続き 子ども・教育 健康・医療・福祉 文化・スポーツ 観光・お誘い 町政情報 事業者・産業・農業 組織から探す メニューを閉じる 現在の位置 宮崎県高鍋町公式ホームページ TAKANABE TOWN 子育て・教育 子育て 高鍋町こども計画（第3期高鍋町子ども・子育て支援事業計画）について 高鍋町こども計画（第3期高鍋町子ども・子育て支援事業計画）について 更新日：2025年05月01
25	高鍋町	令和6年度	https://www.town.takanabe.lg.jp/kosodate_kyoiku/shogaigakushu/4409.html	令和6年度／高鍋町 本文へ 背景色 くらし 手続き 子育て 教育 健康･ 福祉・医療 文化 スポーツ 観光 お誘い 町政情報 事業者・ 産業・農業 組織から 探す 組織から探す 施設マップ 移住定住情報 サイト内検索 メニューを閉じる Select Language くらし/手続き 子ども・教育 健康・医療・福祉 文化・スポーツ 観光・お誘い 町政情報 事業者・産業・農業 組織から探す メニューを閉じる 現在の位置 宮崎県高鍋町公式ホームページ TAKANABE TOWN 子育て・教育 生涯学習 令和6年度 令和6年度 更新日：2024年09月03日 令和7年高鍋町二十歳の集い 第34回高鍋町生涯学習推進大会・第51回高鍋町自治公民館大会 令和6年度夏クラブ 子どもふれあい創作活動 この記事に関するお問い合わせ
25	高鍋町	令和5年度	https://www.town.takanabe.lg.jp/kosodate_kyoiku/shogaigakushu/4181.html	令和5年度／高鍋町 本文へ 背景色 くらし 手続き 子育て 教育 健康･ 福祉・医療 文化 スポーツ 観光 お誘い 町政情報 事業者・ 産業・農業 組織から 探す 組織から探す 施設マップ 移住定住情報 サイト内検索 メニューを閉じる Select Language くらし/手続き 子ども・教育 健康・医療・福祉 文化・スポーツ 観光・お誘い 町政情報 事業者・産業・農業 組織から探す メニューを閉じる 現在の位置 宮崎県高鍋町公式ホームページ TAKANABE TOWN 子育て・教育 生涯学習 令和5年度 令和5年度 更新日：2023年09月27日 高鍋町子ども会親善レクリエーション大会 高鍋町子ども会リーダー研修 第33回高鍋町生涯学習推進大会・第50回高鍋町自治公民館大会 令和5年度夏クラブ 子どもふれあ
25	高鍋町	令和7年度	https://www.town.takanabe.lg.jp/kosodate_kyoiku/shogaigakushu/4636.html	令和7年度／高鍋町 本文へ 背景色 くらし 手続き 子育て 教育 健康･ 福祉・医療 文化 スポーツ 観光 お誘い 町政情報 事業者・ 産業・農業 組織から 探す 組織から探す 施設マップ 移住定住情報 サイト内検索 メニューを閉じる Select Language くらし/手続き 子ども・教育 健康・医療・福祉 文化・スポーツ 観光・お誘い 町政情報 事業者・産業・農業 組織から探す メニューを閉じる 現在の位置 宮崎県高鍋町公式ホームページ TAKANABE TOWN 子育て・教育 生涯学習 令和7年度 令和7年度 更新日：2025年06月30日 令和7年度夏クラブ 第35回高鍋町生涯学習推進大会・第52回高鍋町自治公民館大会 令和7年度高鍋町子ども会リーダー研修 令和7年度高鍋町子ども会親善レクリエーショ
25	高鍋町	令和4年度	https://www.town.takanabe.lg.jp/kosodate_kyoiku/shogaigakushu/4146.html	令和4年度／高鍋町 本文へ 背景色 くらし 手続き 子育て 教育 健康･ 福祉・医療 文化 スポーツ 観光 お誘い 町政情報 事業者・ 産業・農業 組織から 探す 組織から探す 施設マップ 移住定住情報 サイト内検索 メニューを閉じる Select Language くらし/手続き 子ども・教育 健康・医療・福祉 文化・スポーツ 観光・お誘い 町政情報 事業者・産業・農業 組織から探す メニューを閉じる 現在の位置 宮崎県高鍋町公式ホームページ TAKANABE TOWN 子育て・教育 生涯学習 令和4年度 令和4年度 更新日：2024年02月06日 令和4年度夏クラブ この記事に関するお問い合わせ先 高鍋町役場 社会教育課 生涯学習係 〒884-0006 宮崎県児湯郡高鍋町大字上江8335番地2 電話：098
25	高鍋町	生涯学習(平成26年度)	https://www.town.takanabe.lg.jp/kosodate_kyoiku/shogaigakushu/1/1506.html	生涯学習(平成26年度)／高鍋町 本文へ 背景色 くらし 手続き 子育て 教育 健康･ 福祉・医療 文化 スポーツ 観光 お誘い 町政情報 事業者・ 産業・農業 組織から 探す 組織から探す 施設マップ 移住定住情報 サイト内検索 メニューを閉じる Select Language くらし/手続き 子ども・教育 健康・医療・福祉 文化・スポーツ 観光・お誘い 町政情報 事業者・産業・農業 組織から探す メニューを閉じる 現在の位置 宮崎県高鍋町公式ホームページ TAKANABE TOWN 子育て・教育 生涯学習 平成26年度 生涯学習(平成26年度) 生涯学習(平成26年度) 更新日：2026年06月02日 リーダー研修 この記事に関するお問い合わせ先 高鍋町役場 社会教育課 〒884-0006 宮崎県児湯郡高鍋
25	高鍋町	リーダー研修 平成27年7月27日(月曜)～28日(火曜)	https://www.town.takanabe.lg.jp/kosodate_kyoiku/shogaigakushu/2/1494.html	リーダー研修 平成27年7月27日(月曜)～28日(火曜)／高鍋町 本文へ 背景色 くらし 手続き 子育て 教育 健康･ 福祉・医療 文化 スポーツ 観光 お誘い 町政情報 事業者・ 産業・農業 組織から 探す 組織から探す 施設マップ 移住定住情報 サイト内検索 メニューを閉じる Select Language くらし/手続き 子ども・教育 健康・医療・福祉 文化・スポーツ 観光・お誘い 町政情報 事業者・産業・農業 組織から探す メニューを閉じる 現在の位置 宮崎県高鍋町公式ホームページ TAKANABE TOWN 子育て・教育 生涯学習 平成27年度 リーダー研修 平成27年7月27日(月曜)～28日(火曜) リーダー研修 平成27年7月27日(月曜)～28日(火曜) 更新日：2018年11月30日 平成
25	高鍋町	子ども会親善レクリエーション大会 平成27年7月25日(土曜)	https://www.town.takanabe.lg.jp/kosodate_kyoiku/shogaigakushu/2/1496.html	子ども会親善レクリエーション大会 平成27年7月25日(土曜)／高鍋町 本文へ 背景色 くらし 手続き 子育て 教育 健康･ 福祉・医療 文化 スポーツ 観光 お誘い 町政情報 事業者・ 産業・農業 組織から 探す 組織から探す 施設マップ 移住定住情報 サイト内検索 メニューを閉じる Select Language くらし/手続き 子ども・教育 健康・医療・福祉 文化・スポーツ 観光・お誘い 町政情報 事業者・産業・農業 組織から探す メニューを閉じる 現在の位置 宮崎県高鍋町公式ホームページ TAKANABE TOWN 子育て・教育 生涯学習 平成27年度 子ども会親善レクリエーション大会 平成27年7月25日(土曜) 子ども会親善レクリエーション大会 平成27年7月25日(土曜) 更新日：2018年11月
25	高鍋町	生涯学習(平成27年度)	https://www.town.takanabe.lg.jp/kosodate_kyoiku/shogaigakushu/2/1491.html	生涯学習(平成27年度)／高鍋町 本文へ 背景色 くらし 手続き 子育て 教育 健康･ 福祉・医療 文化 スポーツ 観光 お誘い 町政情報 事業者・ 産業・農業 組織から 探す 組織から探す 施設マップ 移住定住情報 サイト内検索 メニューを閉じる Select Language くらし/手続き 子ども・教育 健康・医療・福祉 文化・スポーツ 観光・お誘い 町政情報 事業者・産業・農業 組織から探す メニューを閉じる 現在の位置 宮崎県高鍋町公式ホームページ TAKANABE TOWN 子育て・教育 生涯学習 平成27年度 生涯学習(平成27年度) 生涯学習(平成27年度) 更新日：2026年06月02日 リーダー研修 子ども会親善レクリエーション大会 この記事に関するお問い合わせ先 高鍋町役場 社会教育課 〒
25	高鍋町	リーダー研修 平成28年8月7日(日曜)～9日(火曜)	https://www.town.takanabe.lg.jp/kosodate_kyoiku/shogaigakushu/3/1512.html	リーダー研修 平成28年8月7日(日曜)～9日(火曜)／高鍋町 本文へ 背景色 くらし 手続き 子育て 教育 健康･ 福祉・医療 文化 スポーツ 観光 お誘い 町政情報 事業者・ 産業・農業 組織から 探す 組織から探す 施設マップ 移住定住情報 サイト内検索 メニューを閉じる Select Language くらし/手続き 子ども・教育 健康・医療・福祉 文化・スポーツ 観光・お誘い 町政情報 事業者・産業・農業 組織から探す メニューを閉じる 現在の位置 宮崎県高鍋町公式ホームページ TAKANABE TOWN 子育て・教育 生涯学習 平成28年度 リーダー研修 平成28年8月7日(日曜)～9日(火曜) リーダー研修 平成28年8月7日(日曜)～9日(火曜) 更新日：2018年11月30日 平成28年度リー
25	高鍋町	子ども会親善レクリエーション大会 平成28年7月30日(土曜日)	https://www.town.takanabe.lg.jp/kosodate_kyoiku/shogaigakushu/3/1514.html	子ども会親善レクリエーション大会 平成28年7月30日(土曜日)／高鍋町 本文へ 背景色 くらし 手続き 子育て 教育 健康･ 福祉・医療 文化 スポーツ 観光 お誘い 町政情報 事業者・ 産業・農業 組織から 探す 組織から探す 施設マップ 移住定住情報 サイト内検索 メニューを閉じる Select Language くらし/手続き 子ども・教育 健康・医療・福祉 文化・スポーツ 観光・お誘い 町政情報 事業者・産業・農業 組織から探す メニューを閉じる 現在の位置 宮崎県高鍋町公式ホームページ TAKANABE TOWN 子育て・教育 生涯学習 平成28年度 子ども会親善レクリエーション大会 平成28年7月30日(土曜日) 子ども会親善レクリエーション大会 平成28年7月30日(土曜日) 更新日：2018年
25	高鍋町	生涯学習(平成28年度)	https://www.town.takanabe.lg.jp/kosodate_kyoiku/shogaigakushu/3/1509.html	生涯学習(平成28年度)／高鍋町 本文へ 背景色 くらし 手続き 子育て 教育 健康･ 福祉・医療 文化 スポーツ 観光 お誘い 町政情報 事業者・ 産業・農業 組織から 探す 組織から探す 施設マップ 移住定住情報 サイト内検索 メニューを閉じる Select Language くらし/手続き 子ども・教育 健康・医療・福祉 文化・スポーツ 観光・お誘い 町政情報 事業者・産業・農業 組織から探す メニューを閉じる 現在の位置 宮崎県高鍋町公式ホームページ TAKANABE TOWN 子育て・教育 生涯学習 平成28年度 生涯学習(平成28年度) 生涯学習(平成28年度) 更新日：2026年06月02日 リーダー研修 子ども会親善レクリエーション大会 この記事に関するお問い合わせ先 高鍋町役場 社会教育課 〒
25	高鍋町	生涯学習(平成29年度)	https://www.town.takanabe.lg.jp/kosodate_kyoiku/shogaigakushu/4/1516.html	生涯学習(平成29年度)／高鍋町 本文へ 背景色 くらし 手続き 子育て 教育 健康･ 福祉・医療 文化 スポーツ 観光 お誘い 町政情報 事業者・ 産業・農業 組織から 探す 組織から探す 施設マップ 移住定住情報 サイト内検索 メニューを閉じる Select Language くらし/手続き 子ども・教育 健康・医療・福祉 文化・スポーツ 観光・お誘い 町政情報 事業者・産業・農業 組織から探す メニューを閉じる 現在の位置 宮崎県高鍋町公式ホームページ TAKANABE TOWN 子育て・教育 生涯学習 平成29年度 生涯学習(平成29年度) 生涯学習(平成29年度) 更新日：2018年11月30日 子ども会親善レクリエーション大会 夏クラブ (PDFファイル: 3.4MB) この記事に関するお問い合わせ
25	高鍋町	子ども会親善レクリエーション大会 平成29年7月30日(日曜日)	https://www.town.takanabe.lg.jp/kosodate_kyoiku/shogaigakushu/4/1517.html	子ども会親善レクリエーション大会 平成29年7月30日(日曜日)／高鍋町 本文へ 背景色 くらし 手続き 子育て 教育 健康･ 福祉・医療 文化 スポーツ 観光 お誘い 町政情報 事業者・ 産業・農業 組織から 探す 組織から探す 施設マップ 移住定住情報 サイト内検索 メニューを閉じる Select Language くらし/手続き 子ども・教育 健康・医療・福祉 文化・スポーツ 観光・お誘い 町政情報 事業者・産業・農業 組織から探す メニューを閉じる 現在の位置 宮崎県高鍋町公式ホームページ TAKANABE TOWN 子育て・教育 生涯学習 平成29年度 子ども会親善レクリエーション大会 平成29年7月30日(日曜日) 子ども会親善レクリエーション大会 平成29年7月30日(日曜日) 更新日：2018年
25	高鍋町	高鍋町子ども会リーダー研修（平成29年8月21日（月曜日）～23日（水曜日））	https://www.town.takanabe.lg.jp/kosodate_kyoiku/shogaigakushu/4/2378.html	高鍋町子ども会リーダー研修（平成29年8月21日（月曜日）～23日（水曜日））／高鍋町 本文へ 背景色 くらし 手続き 子育て 教育 健康･ 福祉・医療 文化 スポーツ 観光 お誘い 町政情報 事業者・ 産業・農業 組織から 探す 組織から探す 施設マップ 移住定住情報 サイト内検索 メニューを閉じる Select Language くらし/手続き 子ども・教育 健康・医療・福祉 文化・スポーツ 観光・お誘い 町政情報 事業者・産業・農業 組織から探す メニューを閉じる 現在の位置 宮崎県高鍋町公式ホームページ TAKANABE TOWN 子育て・教育 生涯学習 平成29年度 高鍋町子ども会リーダー研修（平成29年8月21日（月曜日）～23日（水曜日）） 高鍋町子ども会リーダー研修（平成29年8月21日（月曜日
25	高鍋町	リーダー研修	https://www.town.takanabe.lg.jp/kosodate_kyoiku/shogaigakushu/reiwagannnenndo/2399.html	リーダー研修／高鍋町 本文へ 背景色 くらし 手続き 子育て 教育 健康･ 福祉・医療 文化 スポーツ 観光 お誘い 町政情報 事業者・ 産業・農業 組織から 探す 組織から探す 施設マップ 移住定住情報 サイト内検索 メニューを閉じる Select Language くらし/手続き 子ども・教育 健康・医療・福祉 文化・スポーツ 観光・お誘い 町政情報 事業者・産業・農業 組織から探す メニューを閉じる 現在の位置 宮崎県高鍋町公式ホームページ TAKANABE TOWN 子育て・教育 生涯学習 令和元年度 リーダー研修 リーダー研修 更新日：2019年09月13日 令和元年度高鍋町子ども会リーダー研修 記録写真 令和元年度高鍋町子ども会リーダー研修 記録写真 (PDFファイル: 6.2MB) PDFファイル
25	高鍋町	令和元年度「夏クラブ」～夏休みわくわく子ども教室～	https://www.town.takanabe.lg.jp/kosodate_kyoiku/shogaigakushu/reiwagannnenndo/2373.html	令和元年度「夏クラブ」～夏休みわくわく子ども教室～／高鍋町 本文へ 背景色 くらし 手続き 子育て 教育 健康･ 福祉・医療 文化 スポーツ 観光 お誘い 町政情報 事業者・ 産業・農業 組織から 探す 組織から探す 施設マップ 移住定住情報 サイト内検索 メニューを閉じる Select Language くらし/手続き 子ども・教育 健康・医療・福祉 文化・スポーツ 観光・お誘い 町政情報 事業者・産業・農業 組織から探す メニューを閉じる 現在の位置 宮崎県高鍋町公式ホームページ TAKANABE TOWN 子育て・教育 生涯学習 令和元年度 令和元年度「夏クラブ」～夏休みわくわく子ども教室～ 令和元年度「夏クラブ」～夏休みわくわく子ども教室～ 更新日：2020年03月04日 令和元年度「夏クラブ」は、町内
25	高鍋町	高鍋町子ども会親善レクリエーション大会	https://www.town.takanabe.lg.jp/kosodate_kyoiku/shogaigakushu/reiwagannnenndo/2647.html	高鍋町子ども会親善レクリエーション大会／高鍋町 本文へ 背景色 くらし 手続き 子育て 教育 健康･ 福祉・医療 文化 スポーツ 観光 お誘い 町政情報 事業者・ 産業・農業 組織から 探す 組織から探す 施設マップ 移住定住情報 サイト内検索 メニューを閉じる Select Language くらし/手続き 子ども・教育 健康・医療・福祉 文化・スポーツ 観光・お誘い 町政情報 事業者・産業・農業 組織から探す メニューを閉じる 現在の位置 宮崎県高鍋町公式ホームページ TAKANABE TOWN 子育て・教育 生涯学習 令和元年度 高鍋町子ども会親善レクリエーション大会 高鍋町子ども会親善レクリエーション大会 更新日：2020年03月24日 高鍋町子ども会親善レクリエーション大会 記録写真 令和元年度高鍋町
25	高鍋町	令和元年度子どもふれあい創作活動	https://www.town.takanabe.lg.jp/kosodate_kyoiku/shogaigakushu/reiwagannnenndo/2648.html	令和元年度子どもふれあい創作活動／高鍋町 本文へ 背景色 くらし 手続き 子育て 教育 健康･ 福祉・医療 文化 スポーツ 観光 お誘い 町政情報 事業者・ 産業・農業 組織から 探す 組織から探す 施設マップ 移住定住情報 サイト内検索 メニューを閉じる Select Language くらし/手続き 子ども・教育 健康・医療・福祉 文化・スポーツ 観光・お誘い 町政情報 事業者・産業・農業 組織から探す メニューを閉じる 現在の位置 宮崎県高鍋町公式ホームページ TAKANABE TOWN 子育て・教育 生涯学習 令和元年度 令和元年度子どもふれあい創作活動 令和元年度子どもふれあい創作活動 更新日：2020年03月24日 令和元年度子どもふれあい創作活動 記録写真 令和元年度子どもふれあい創作活動 記録写
25	高鍋町	成年年齢引下げ特設ウェブサイト「大人への道しるべ」について	https://www.town.takanabe.lg.jp/kosodate_kyoiku/shogaigakushu/reiwasannnenndo/3173.html	成年年齢引下げ特設ウェブサイト「大人への道しるべ」について／高鍋町 本文へ 背景色 くらし 手続き 子育て 教育 健康･ 福祉・医療 文化 スポーツ 観光 お誘い 町政情報 事業者・ 産業・農業 組織から 探す 組織から探す 施設マップ 移住定住情報 サイト内検索 メニューを閉じる Select Language くらし/手続き 子ども・教育 健康・医療・福祉 文化・スポーツ 観光・お誘い 町政情報 事業者・産業・農業 組織から探す メニューを閉じる 現在の位置 宮崎県高鍋町公式ホームページ TAKANABE TOWN 子育て・教育 生涯学習 令和3年度 成年年齢引下げ特設ウェブサイト「大人への道しるべ」について 成年年齢引下げ特設ウェブサイト「大人への道しるべ」について 更新日：2021年06月07日 「大人
25	高鍋町	生活関連インフラの手続き	https://www.town.takanabe.lg.jp/lifeevent/hikoshi/3092.html	生活関連インフラの手続き／高鍋町 本文へ 背景色 くらし 手続き 子育て 教育 健康･ 福祉・医療 文化 スポーツ 観光 お誘い 町政情報 事業者・ 産業・農業 組織から 探す 組織から探す 施設マップ 移住定住情報 サイト内検索 メニューを閉じる Select Language くらし/手続き 子ども・教育 健康・医療・福祉 文化・スポーツ 観光・お誘い 町政情報 事業者・産業・農業 組織から探す メニューを閉じる 現在の位置 宮崎県高鍋町公式ホームページ TAKANABE TOWN ライフシーンでさがす 引っ越し 生活関連インフラの手続き 生活関連インフラの手続き 更新日：2021年03月17日 引っ越しが決まったら、NHKに連絡して引っ越しに伴う手続きを行いましょう。詳しくは下記をご覧ください。 NHK「
25	高鍋町	「高鍋町あんしん見守りネットワーク事業」について	https://www.town.takanabe.lg.jp/lifeevent/koreisha_kaigo/7/1957.html	「高鍋町あんしん見守りネットワーク事業」について／高鍋町 本文へ 背景色 くらし 手続き 子育て 教育 健康･ 福祉・医療 文化 スポーツ 観光 お誘い 町政情報 事業者・ 産業・農業 組織から 探す 組織から探す 施設マップ 移住定住情報 サイト内検索 メニューを閉じる Select Language くらし/手続き 子ども・教育 健康・医療・福祉 文化・スポーツ 観光・お誘い 町政情報 事業者・産業・農業 組織から探す メニューを閉じる 現在の位置 宮崎県高鍋町公式ホームページ TAKANABE TOWN ライフシーンでさがす 高齢者・介護 高鍋町あんしん見守りネットワーク 「高鍋町あんしん見守りネットワーク事業」について 「高鍋町あんしん見守りネットワーク事業」について Tweet 更新日：2024年03
25	高鍋町	高鍋町高齢者等発見ネットワークについて	https://www.town.takanabe.lg.jp/lifeevent/koreisha_kaigo/takanabechoansin_1/1961.html	高鍋町高齢者等発見ネットワークについて／高鍋町 本文へ 背景色 くらし 手続き 子育て 教育 健康･ 福祉・医療 文化 スポーツ 観光 お誘い 町政情報 事業者・ 産業・農業 組織から 探す 組織から探す 施設マップ 移住定住情報 サイト内検索 メニューを閉じる Select Language くらし/手続き 子ども・教育 健康・医療・福祉 文化・スポーツ 観光・お誘い 町政情報 事業者・産業・農業 組織から探す メニューを閉じる 現在の位置 宮崎県高鍋町公式ホームページ TAKANABE TOWN ライフシーンでさがす 高齢者・介護 高鍋町高齢者等発見ネットワーク 高鍋町高齢者等発見ネットワークについて 高鍋町高齢者等発見ネットワークについて Tweet 更新日：2020年04月01日 1．高鍋町高齢者等発見
25	高鍋町	町内の教育機関	https://www.town.takanabe.lg.jp/lifeevent/nyuen_nyugaku/1595.html	町内の教育機関／高鍋町 本文へ 背景色 くらし 手続き 子育て 教育 健康･ 福祉・医療 文化 スポーツ 観光 お誘い 町政情報 事業者・ 産業・農業 組織から 探す 組織から探す 施設マップ 移住定住情報 サイト内検索 メニューを閉じる Select Language くらし/手続き 子ども・教育 健康・医療・福祉 文化・スポーツ 観光・お誘い 町政情報 事業者・産業・農業 組織から探す メニューを閉じる 現在の位置 宮崎県高鍋町公式ホームページ TAKANABE TOWN ライフシーンでさがす 入園・入学 町内の教育機関 町内の教育機関 更新日：2019年01月04日 町内に設置されている主な教育機関の一覧です。各校の画像と概要、特徴を掲載しています。 大学・大学校 県立農業大学校 高等学校 県立高鍋高等学
25	高鍋町	高鍋町 公売情報	https://www.town.takanabe.lg.jp/lifeevent/zeikin/1623.html	高鍋町 公売情報／高鍋町 本文へ 背景色 くらし 手続き 子育て 教育 健康･ 福祉・医療 文化 スポーツ 観光 お誘い 町政情報 事業者・ 産業・農業 組織から 探す 組織から探す 施設マップ 移住定住情報 サイト内検索 メニューを閉じる Select Language くらし/手続き 子ども・教育 健康・医療・福祉 文化・スポーツ 観光・お誘い 町政情報 事業者・産業・農業 組織から探す メニューを閉じる 現在の位置 宮崎県高鍋町公式ホームページ TAKANABE TOWN ライフシーンでさがす 税金 高鍋町 公売情報 高鍋町 公売情報 更新日：2026年03月16日 インターネット公売 インターネット公売 高鍋町が町税等の滞納者から差し押さえた不動産・動産などの財産を、インターネット公売システムを利用して
25	高鍋町	収入等の申告について	https://www.town.takanabe.lg.jp/lifeevent/zeikin/4873.html	収入等の申告について／高鍋町 本文へ 背景色 くらし 手続き 子育て 教育 健康･ 福祉・医療 文化 スポーツ 観光 お誘い 町政情報 事業者・ 産業・農業 組織から 探す 組織から探す 施設マップ 移住定住情報 サイト内検索 メニューを閉じる Select Language くらし/手続き 子ども・教育 健康・医療・福祉 文化・スポーツ 観光・お誘い 町政情報 事業者・産業・農業 組織から探す メニューを閉じる 現在の位置 宮崎県高鍋町公式ホームページ TAKANABE TOWN ライフシーンでさがす 税金 収入等の申告について 収入等の申告について 更新日：2026年03月19日 令和7年中の収入等の申告受付について この申告は、令和8年度の町県民税・国民健康保険税・後期高齢者医療保険料・介護保険料の算定資
25	高鍋町	生活関連インフラの手続き	https://www.town.takanabe.lg.jp/soshiki/chiikiseisaku/1/3091.html	生活関連インフラの手続き／高鍋町 本文へ 背景色 くらし 手続き 子育て 教育 健康･ 福祉・医療 文化 スポーツ 観光 お誘い 町政情報 事業者・ 産業・農業 組織から 探す 組織から探す 施設マップ 移住定住情報 サイト内検索 メニューを閉じる Select Language くらし/手続き 子ども・教育 健康・医療・福祉 文化・スポーツ 観光・お誘い 町政情報 事業者・産業・農業 組織から探す メニューを閉じる 現在の位置 宮崎県高鍋町公式ホームページ TAKANABE TOWN 組織から探す 地域政策課 くらし・手続き 生活関連インフラの手続き 生活関連インフラの手続き 更新日：2021年03月17日 引っ越しが決まったら、NHKに連絡して引っ越しに伴う手続きを行いましょう。詳しくは下記をご覧ください。
25	高鍋町	交通	https://www.town.takanabe.lg.jp/soshiki/chiikiseisaku/1/1/index.html	交通／高鍋町 本文へ 背景色 くらし 手続き 子育て 教育 健康･ 福祉・医療 文化 スポーツ 観光 お誘い 町政情報 事業者・ 産業・農業 組織から 探す 組織から探す 施設マップ 移住定住情報 サイト内検索 メニューを閉じる Select Language くらし/手続き 子ども・教育 健康・医療・福祉 文化・スポーツ 観光・お誘い 町政情報 事業者・産業・農業 組織から探す メニューを閉じる 現在の位置 宮崎県高鍋町公式ホームページ TAKANABE TOWN 組織から探す 地域政策課 くらし・手続き 交通 交通 更新日：2021年12月17日 高鍋町デマンド交通 町内公共交通機関(バス・鉄道) 高鍋町デマンド交通 便利なWEB予約の方法 高鍋町デマンド交通 WEBからの利用者登録方法 路線バス「高鍋～都
25	高鍋町	移住定住サポーター制度について	https://www.town.takanabe.lg.jp/soshiki/chiikiseisaku/3/796.html	移住定住サポーター制度について／高鍋町 本文へ 背景色 くらし 手続き 子育て 教育 健康･ 福祉・医療 文化 スポーツ 観光 お誘い 町政情報 事業者・ 産業・農業 組織から 探す 組織から探す 施設マップ 移住定住情報 サイト内検索 メニューを閉じる Select Language くらし/手続き 子ども・教育 健康・医療・福祉 文化・スポーツ 観光・お誘い 町政情報 事業者・産業・農業 組織から探す メニューを閉じる 現在の位置 宮崎県高鍋町公式ホームページ TAKANABE TOWN 組織から探す 地域政策課 移住・定住 移住定住サポーター制度について 移住定住サポーター制度について 更新日：2026年04月02日 概要 高鍋町への移住・定住を希望する方の受入体制の整備・強化、また移住した方の地域におけ
25	高鍋町	高鍋町地域おこし協力隊専用サイト を開設しました！	https://www.town.takanabe.lg.jp/soshiki/chiikiseisaku/3/chiikiokoshikyouryokutai/4447.html	高鍋町地域おこし協力隊専用サイト を開設しました！／高鍋町 本文へ 背景色 くらし 手続き 子育て 教育 健康･ 福祉・医療 文化 スポーツ 観光 お誘い 町政情報 事業者・ 産業・農業 組織から 探す 組織から探す 施設マップ 移住定住情報 サイト内検索 メニューを閉じる Select Language くらし/手続き 子ども・教育 健康・医療・福祉 文化・スポーツ 観光・お誘い 町政情報 事業者・産業・農業 組織から探す メニューを閉じる 現在の位置 宮崎県高鍋町公式ホームページ TAKANABE TOWN 組織から探す 地域政策課 移住・定住 地域おこし協力隊 高鍋町地域おこし協力隊専用サイト を開設しました！ 高鍋町地域おこし協力隊専用サイト を開設しました！ 更新日：2024年12月16日 この度、高
25	高鍋町	地域おこし協力隊	https://www.town.takanabe.lg.jp/soshiki/chiikiseisaku/3/chiikiokoshikyouryokutai/index.html	地域おこし協力隊／高鍋町 本文へ 背景色 くらし 手続き 子育て 教育 健康･ 福祉・医療 文化 スポーツ 観光 お誘い 町政情報 事業者・ 産業・農業 組織から 探す 組織から探す 施設マップ 移住定住情報 サイト内検索 メニューを閉じる Select Language くらし/手続き 子ども・教育 健康・医療・福祉 文化・スポーツ 観光・お誘い 町政情報 事業者・産業・農業 組織から探す メニューを閉じる 現在の位置 宮崎県高鍋町公式ホームページ TAKANABE TOWN 組織から探す 地域政策課 移住・定住 地域おこし協力隊 地域おこし協力隊 更新日：2026年05月28日 高鍋町地域おこし協力隊の紹介 高鍋町地域おこし協力隊専用サイト を開設しました！ この記事に関するお問い合わせ先 高鍋町役場 地域
25	高鍋町	Takanabe Kagura	https://www.town.takanabe.lg.jp/soshiki/chiikiseisaku/4/1/466.html	Takanabe Kagura／高鍋町 本文へ 背景色 くらし 手続き 子育て 教育 健康･ 福祉・医療 文化 スポーツ 観光 お誘い 町政情報 事業者・ 産業・農業 組織から 探す 組織から探す 施設マップ 移住定住情報 サイト内検索 メニューを閉じる Select Language くらし/手続き 子ども・教育 健康・医療・福祉 文化・スポーツ 観光・お誘い 町政情報 事業者・産業・農業 組織から探す メニューを閉じる 現在の位置 宮崎県高鍋町公式ホームページ TAKANABE TOWN 組織から探す 地域政策課 観光・お誘い English Tourist Information Takanabe Kagura Takanabe Kagura 更新日：2018年11月30日 The Takanabe Ka
25	高鍋町	Takanabe Daishi (Stone monuments)	https://www.town.takanabe.lg.jp/soshiki/chiikiseisaku/4/1/476.html	Takanabe Daishi (Stone monuments)／高鍋町 本文へ 背景色 くらし 手続き 子育て 教育 健康･ 福祉・医療 文化 スポーツ 観光 お誘い 町政情報 事業者・ 産業・農業 組織から 探す 組織から探す 施設マップ 移住定住情報 サイト内検索 メニューを閉じる Select Language くらし/手続き 子ども・教育 健康・医療・福祉 文化・スポーツ 観光・お誘い 町政情報 事業者・産業・農業 組織から探す メニューを閉じる 現在の位置 宮崎県高鍋町公式ホームページ TAKANABE TOWN 組織から探す 地域政策課 観光・お誘い English Tourist Information Takanabe Daishi (Stone monuments) Takanabe Da
25	高鍋町	English Tourist Information	https://www.town.takanabe.lg.jp/soshiki/chiikiseisaku/4/1/459.html	English Tourist Information／高鍋町 本文へ 背景色 くらし 手続き 子育て 教育 健康･ 福祉・医療 文化 スポーツ 観光 お誘い 町政情報 事業者・ 産業・農業 組織から 探す 組織から探す 施設マップ 移住定住情報 サイト内検索 メニューを閉じる Select Language くらし/手続き 子ども・教育 健康・医療・福祉 文化・スポーツ 観光・お誘い 町政情報 事業者・産業・農業 組織から探す メニューを閉じる 現在の位置 宮崎県高鍋町公式ホームページ TAKANABE TOWN 組織から探す 地域政策課 観光・お誘い English Tourist Information English Tourist Information English Tourist Informa
25	高鍋町	Akizuki cemetery	https://www.town.takanabe.lg.jp/soshiki/chiikiseisaku/4/1/460.html	Akizuki cemetery／高鍋町 本文へ 背景色 くらし 手続き 子育て 教育 健康･ 福祉・医療 文化 スポーツ 観光 お誘い 町政情報 事業者・ 産業・農業 組織から 探す 組織から探す 施設マップ 移住定住情報 サイト内検索 メニューを閉じる Select Language くらし/手続き 子ども・教育 健康・医療・福祉 文化・スポーツ 観光・お誘い 町政情報 事業者・産業・農業 組織から探す メニューを閉じる 現在の位置 宮崎県高鍋町公式ホームページ TAKANABE TOWN 組織から探す 地域政策課 観光・お誘い English Tourist Information Akizuki cemetery Akizuki cemetery 更新日：2018年11月30日 The Takanabe
25	高鍋町	Detached building: Banzaitei Hanare	https://www.town.takanabe.lg.jp/soshiki/chiikiseisaku/4/1/461.html	Detached building: Banzaitei Hanare／高鍋町 本文へ 背景色 くらし 手続き 子育て 教育 健康･ 福祉・医療 文化 スポーツ 観光 お誘い 町政情報 事業者・ 産業・農業 組織から 探す 組織から探す 施設マップ 移住定住情報 サイト内検索 メニューを閉じる Select Language くらし/手続き 子ども・教育 健康・医療・福祉 文化・スポーツ 観光・お誘い 町政情報 事業者・産業・農業 組織から探す メニューを閉じる 現在の位置 宮崎県高鍋町公式ホームページ TAKANABE TOWN 組織から探す 地域政策課 観光・お誘い English Tourist Information Detached building: Banzaitei Hanare Detache
25	高鍋町	Takanabe s Swimming Beach Campground at Kaguchihama	https://www.town.takanabe.lg.jp/soshiki/chiikiseisaku/4/1/462.html	Takanabe s Swimming Beach Campground at Kaguchihama／高鍋町 本文へ 背景色 くらし 手続き 子育て 教育 健康･ 福祉・医療 文化 スポーツ 観光 お誘い 町政情報 事業者・ 産業・農業 組織から 探す 組織から探す 施設マップ 移住定住情報 サイト内検索 メニューを閉じる Select Language くらし/手続き 子ども・教育 健康・医療・福祉 文化・スポーツ 観光・お誘い 町政情報 事業者・産業・農業 組織から探す メニューを閉じる 現在の位置 宮崎県高鍋町公式ホームページ TAKANABE TOWN 組織から探す 地域政策課 観光・お誘い English Tourist Information Takanabe s Swimming Beach C
25	高鍋町	Cherry blossom festival	https://www.town.takanabe.lg.jp/soshiki/chiikiseisaku/4/1/463.html	Cherry blossom festival／高鍋町 本文へ 背景色 くらし 手続き 子育て 教育 健康･ 福祉・医療 文化 スポーツ 観光 お誘い 町政情報 事業者・ 産業・農業 組織から 探す 組織から探す 施設マップ 移住定住情報 サイト内検索 メニューを閉じる Select Language くらし/手続き 子ども・教育 健康・医療・福祉 文化・スポーツ 観光・お誘い 町政情報 事業者・産業・農業 組織から探す メニューを閉じる 現在の位置 宮崎県高鍋町公式ホームページ TAKANABE TOWN 組織から探す 地域政策課 観光・お誘い English Tourist Information Cherry blossom festival Cherry blossom festival 更新日：201
25	高鍋町	Summer festivals	https://www.town.takanabe.lg.jp/soshiki/chiikiseisaku/4/1/464.html	Summer festivals／高鍋町 本文へ 背景色 くらし 手続き 子育て 教育 健康･ 福祉・医療 文化 スポーツ 観光 お誘い 町政情報 事業者・ 産業・農業 組織から 探す 組織から探す 施設マップ 移住定住情報 サイト内検索 メニューを閉じる Select Language くらし/手続き 子ども・教育 健康・医療・福祉 文化・スポーツ 観光・お誘い 町政情報 事業者・産業・農業 組織から探す メニューを閉じる 現在の位置 宮崎県高鍋町公式ホームページ TAKANABE TOWN 組織から探す 地域政策課 観光・お誘い English Tourist Information Summer festivals Summer festivals 更新日：2018年11月30日 The biggest
25	高鍋町	Takanabe historical resource center	https://www.town.takanabe.lg.jp/soshiki/chiikiseisaku/4/1/465.html	Takanabe historical resource center／高鍋町 本文へ 背景色 くらし 手続き 子育て 教育 健康･ 福祉・医療 文化 スポーツ 観光 お誘い 町政情報 事業者・ 産業・農業 組織から 探す 組織から探す 施設マップ 移住定住情報 サイト内検索 メニューを閉じる Select Language くらし/手続き 子ども・教育 健康・医療・福祉 文化・スポーツ 観光・お誘い 町政情報 事業者・産業・農業 組織から探す メニューを閉じる 現在の位置 宮崎県高鍋町公式ホームページ TAKANABE TOWN 組織から探す 地域政策課 観光・お誘い English Tourist Information Takanabe historical resource center Takanab
25	高鍋町	Takanabe chef retainer clan house, Kuromizu house	https://www.town.takanabe.lg.jp/soshiki/chiikiseisaku/4/1/467.html	Takanabe chef retainer clan house, Kuromizu house／高鍋町 本文へ 背景色 くらし 手続き 子育て 教育 健康･ 福祉・医療 文化 スポーツ 観光 お誘い 町政情報 事業者・ 産業・農業 組織から 探す 組織から探す 施設マップ 移住定住情報 サイト内検索 メニューを閉じる Select Language くらし/手続き 子ども・教育 健康・医療・福祉 文化・スポーツ 観光・お誘い 町政情報 事業者・産業・農業 組織から探す メニューを閉じる 現在の位置 宮崎県高鍋町公式ホームページ TAKANABE TOWN 組織から探す 地域政策課 観光・お誘い English Tourist Information Takanabe chef retainer clan h
25	高鍋町	Takanabe Castle Lantern Festival	https://www.town.takanabe.lg.jp/soshiki/chiikiseisaku/4/1/468.html	Takanabe Castle Lantern Festival／高鍋町 本文へ 背景色 くらし 手続き 子育て 教育 健康･ 福祉・医療 文化 スポーツ 観光 お誘い 町政情報 事業者・ 産業・農業 組織から 探す 組織から探す 施設マップ 移住定住情報 サイト内検索 メニューを閉じる Select Language くらし/手続き 子ども・教育 健康・医療・福祉 文化・スポーツ 観光・お誘い 町政情報 事業者・産業・農業 組織から探す メニューを閉じる 現在の位置 宮崎県高鍋町公式ホームページ TAKANABE TOWN 組織から探す 地域政策課 観光・お誘い English Tourist Information Takanabe Castle Lantern Festival Takanabe Cast
25	高鍋町	Lupinus Park	https://www.town.takanabe.lg.jp/soshiki/chiikiseisaku/4/1/469.html	Lupinus Park／高鍋町 本文へ 背景色 くらし 手続き 子育て 教育 健康･ 福祉・医療 文化 スポーツ 観光 お誘い 町政情報 事業者・ 産業・農業 組織から 探す 組織から探す 施設マップ 移住定住情報 サイト内検索 メニューを閉じる Select Language くらし/手続き 子ども・教育 健康・医療・福祉 文化・スポーツ 観光・お誘い 町政情報 事業者・産業・農業 組織から探す メニューを閉じる 現在の位置 宮崎県高鍋町公式ホームページ TAKANABE TOWN 組織から探す 地域政策課 観光・お誘い English Tourist Information Lupinus Park Lupinus Park 更新日：2018年11月30日 Lupinus Park is a wide-o
25	高鍋町	Takanabe Marshland	https://www.town.takanabe.lg.jp/soshiki/chiikiseisaku/4/1/470.html	Takanabe Marshland／高鍋町 本文へ 背景色 くらし 手続き 子育て 教育 健康･ 福祉・医療 文化 スポーツ 観光 お誘い 町政情報 事業者・ 産業・農業 組織から 探す 組織から探す 施設マップ 移住定住情報 サイト内検索 メニューを閉じる Select Language くらし/手続き 子ども・教育 健康・医療・福祉 文化・スポーツ 観光・お誘い 町政情報 事業者・産業・農業 組織から探す メニューを閉じる 現在の位置 宮崎県高鍋町公式ホームページ TAKANABE TOWN 組織から探す 地域政策課 観光・お誘い English Tourist Information Takanabe Marshland Takanabe Marshland 更新日：2018年11月30日 Nature
25	高鍋町	Mochida ancient Burial Mounds	https://www.town.takanabe.lg.jp/soshiki/chiikiseisaku/4/1/471.html	Mochida ancient Burial Mounds／高鍋町 本文へ 背景色 くらし 手続き 子育て 教育 健康･ 福祉・医療 文化 スポーツ 観光 お誘い 町政情報 事業者・ 産業・農業 組織から 探す 組織から探す 施設マップ 移住定住情報 サイト内検索 メニューを閉じる Select Language くらし/手続き 子ども・教育 健康・医療・福祉 文化・スポーツ 観光・お誘い 町政情報 事業者・産業・農業 組織から探す メニューを閉じる 現在の位置 宮崎県高鍋町公式ホームページ TAKANABE TOWN 組織から探す 地域政策課 観光・お誘い English Tourist Information Mochida ancient Burial Mounds Mochida ancient Bur
25	高鍋町	Takanabe Museum of Art	https://www.town.takanabe.lg.jp/soshiki/chiikiseisaku/4/1/472.html	Takanabe Museum of Art／高鍋町 本文へ 背景色 くらし 手続き 子育て 教育 健康･ 福祉・医療 文化 スポーツ 観光 お誘い 町政情報 事業者・ 産業・農業 組織から 探す 組織から探す 施設マップ 移住定住情報 サイト内検索 メニューを閉じる Select Language くらし/手続き 子ども・教育 健康・医療・福祉 文化・スポーツ 観光・お誘い 町政情報 事業者・産業・農業 組織から探す メニューを閉じる 現在の位置 宮崎県高鍋町公式ホームページ TAKANABE TOWN 組織から探す 地域政策課 観光・お誘い English Tourist Information Takanabe Museum of Art Takanabe Museum of Art 更新日：2018年1
25	高鍋町	Takanabe Onsen (Meirin no Yu)	https://www.town.takanabe.lg.jp/soshiki/chiikiseisaku/4/1/473.html	Takanabe Onsen (Meirin no Yu)／高鍋町 本文へ 背景色 くらし 手続き 子育て 教育 健康･ 福祉・医療 文化 スポーツ 観光 お誘い 町政情報 事業者・ 産業・農業 組織から 探す 組織から探す 施設マップ 移住定住情報 サイト内検索 メニューを閉じる Select Language くらし/手続き 子ども・教育 健康・医療・福祉 文化・スポーツ 観光・お誘い 町政情報 事業者・産業・農業 組織から探す メニューを閉じる 現在の位置 宮崎県高鍋町公式ホームページ TAKANABE TOWN 組織から探す 地域政策課 観光・お誘い English Tourist Information Takanabe Onsen (Meirin no Yu) Takanabe Onsen (Mei
25	高鍋町	Takanabe Shikisai no mura	https://www.town.takanabe.lg.jp/soshiki/chiikiseisaku/4/1/475.html	Takanabe Shikisai no mura／高鍋町 本文へ 背景色 くらし 手続き 子育て 教育 健康･ 福祉・医療 文化 スポーツ 観光 お誘い 町政情報 事業者・ 産業・農業 組織から 探す 組織から探す 施設マップ 移住定住情報 サイト内検索 メニューを閉じる Select Language くらし/手続き 子ども・教育 健康・医療・福祉 文化・スポーツ 観光・お誘い 町政情報 事業者・産業・農業 組織から探す メニューを閉じる 現在の位置 宮崎県高鍋町公式ホームページ TAKANABE TOWN 組織から探す 地域政策課 観光・お誘い English Tourist Information Takanabe Shikisai no mura Takanabe Shikisai no mura 更
25	高鍋町	English Tourist Information	https://www.town.takanabe.lg.jp/soshiki/chiikiseisaku/4/1/index.html	English Tourist Information／高鍋町 本文へ 背景色 くらし 手続き 子育て 教育 健康･ 福祉・医療 文化 スポーツ 観光 お誘い 町政情報 事業者・ 産業・農業 組織から 探す 組織から探す 施設マップ 移住定住情報 サイト内検索 メニューを閉じる Select Language くらし/手続き 子ども・教育 健康・医療・福祉 文化・スポーツ 観光・お誘い 町政情報 事業者・産業・農業 組織から探す メニューを閉じる 現在の位置 宮崎県高鍋町公式ホームページ TAKANABE TOWN 組織から探す 地域政策課 観光・お誘い English Tourist Information English Tourist Information 更新日：2018年11月30日 English
25	高鍋町	高鍋町ってどんなまち？	https://www.town.takanabe.lg.jp/soshiki/chiikiseisaku/4/2/862.html	高鍋町ってどんなまち？／高鍋町 本文へ 背景色 くらし 手続き 子育て 教育 健康･ 福祉・医療 文化 スポーツ 観光 お誘い 町政情報 事業者・ 産業・農業 組織から 探す 組織から探す 施設マップ 移住定住情報 サイト内検索 メニューを閉じる Select Language くらし/手続き 子ども・教育 健康・医療・福祉 文化・スポーツ 観光・お誘い 町政情報 事業者・産業・農業 組織から探す メニューを閉じる 現在の位置 宮崎県高鍋町公式ホームページ TAKANABE TOWN 組織から探す 地域政策課 観光・お誘い 観光情報 高鍋町ってどんなまち？ 高鍋町ってどんなまち？ 更新日：2023年08月08日 宮崎で一番小さいまち『高鍋町』 高鍋町は、宮崎県の海沿いのほぼ真ん中にある「歴史と文教のまち」であり
25	高鍋町	高鍋町公式Instagramミニフォトコンテスト開催！📸✨	https://www.town.takanabe.lg.jp/soshiki/chiikiseisaku/4/2/4696.html	高鍋町公式Instagramミニフォトコンテスト開催！📸✨／高鍋町 本文へ 背景色 くらし 手続き 子育て 教育 健康･ 福祉・医療 文化 スポーツ 観光 お誘い 町政情報 事業者・ 産業・農業 組織から 探す 組織から探す 施設マップ 移住定住情報 サイト内検索 メニューを閉じる Select Language くらし/手続き 子ども・教育 健康・医療・福祉 文化・スポーツ 観光・お誘い 町政情報 事業者・産業・農業 組織から探す メニューを閉じる 現在の位置 宮崎県高鍋町公式ホームページ TAKANABE TOWN 組織から探す 地域政策課 観光・お誘い 観光情報 高鍋町公式Instagramミニフォトコンテスト開催！📸✨ 高鍋町公式Instagramミニフォトコンテスト開催！📸✨ 更新日：2025年
25	高鍋町	高鍋城灯籠まつりハイライト 町民総踊り	https://www.town.takanabe.lg.jp/soshiki/chiikiseisaku/4/2/1/455.html	高鍋城灯籠まつりハイライト 町民総踊り／高鍋町 本文へ 背景色 くらし 手続き 子育て 教育 健康･ 福祉・医療 文化 スポーツ 観光 お誘い 町政情報 事業者・ 産業・農業 組織から 探す 組織から探す 施設マップ 移住定住情報 サイト内検索 メニューを閉じる Select Language くらし/手続き 子ども・教育 健康・医療・福祉 文化・スポーツ 観光・お誘い 町政情報 事業者・産業・農業 組織から探す メニューを閉じる 現在の位置 宮崎県高鍋町公式ホームページ TAKANABE TOWN 組織から探す 地域政策課 観光・お誘い 観光情報 高鍋城灯籠まつり 高鍋城灯籠まつりハイライト 町民総踊り 高鍋城灯籠まつりハイライト 町民総踊り 更新日：2018年11月30日 約500人の町民が、舞鶴公園前の道
25	高鍋町	高鍋城灯籠まつりハイライト 灯籠	https://www.town.takanabe.lg.jp/soshiki/chiikiseisaku/4/2/1/458.html	高鍋城灯籠まつりハイライト 灯籠／高鍋町 本文へ 背景色 くらし 手続き 子育て 教育 健康･ 福祉・医療 文化 スポーツ 観光 お誘い 町政情報 事業者・ 産業・農業 組織から 探す 組織から探す 施設マップ 移住定住情報 サイト内検索 メニューを閉じる Select Language くらし/手続き 子ども・教育 健康・医療・福祉 文化・スポーツ 観光・お誘い 町政情報 事業者・産業・農業 組織から探す メニューを閉じる 現在の位置 宮崎県高鍋町公式ホームページ TAKANABE TOWN 組織から探す 地域政策課 観光・お誘い 観光情報 高鍋城灯籠まつり 高鍋城灯籠まつりハイライト 灯籠 高鍋城灯籠まつりハイライト 灯籠 更新日：2018年11月30日 約10,000基の灯籠が会場周辺に設置されます。夜の
25	高鍋町	【2022年開催】高鍋城灯籠まつり紹介ムービー	https://www.town.takanabe.lg.jp/soshiki/chiikiseisaku/4/2/1/3988.html	【2022年開催】高鍋城灯籠まつり紹介ムービー／高鍋町 本文へ 背景色 くらし 手続き 子育て 教育 健康･ 福祉・医療 文化 スポーツ 観光 お誘い 町政情報 事業者・ 産業・農業 組織から 探す 組織から探す 施設マップ 移住定住情報 サイト内検索 メニューを閉じる Select Language くらし/手続き 子ども・教育 健康・医療・福祉 文化・スポーツ 観光・お誘い 町政情報 事業者・産業・農業 組織から探す メニューを閉じる 現在の位置 宮崎県高鍋町公式ホームページ TAKANABE TOWN 組織から探す 地域政策課 観光・お誘い 観光情報 高鍋城灯籠まつり 【2022年開催】高鍋城灯籠まつり紹介ムービー 【2022年開催】高鍋城灯籠まつり紹介ムービー 更新日：2022年12月22日 2022年
25	高鍋町	高鍋城灯籠まつりハイライト 点灯式	https://www.town.takanabe.lg.jp/soshiki/chiikiseisaku/4/2/1/457.html	高鍋城灯籠まつりハイライト 点灯式／高鍋町 本文へ 背景色 くらし 手続き 子育て 教育 健康･ 福祉・医療 文化 スポーツ 観光 お誘い 町政情報 事業者・ 産業・農業 組織から 探す 組織から探す 施設マップ 移住定住情報 サイト内検索 メニューを閉じる Select Language くらし/手続き 子ども・教育 健康・医療・福祉 文化・スポーツ 観光・お誘い 町政情報 事業者・産業・農業 組織から探す メニューを閉じる 現在の位置 宮崎県高鍋町公式ホームページ TAKANABE TOWN 組織から探す 地域政策課 観光・お誘い 観光情報 高鍋城灯籠まつり 高鍋城灯籠まつりハイライト 点灯式 高鍋城灯籠まつりハイライト 点灯式 更新日：2018年11月30日 舞鶴公園正面の石垣をバックに福岡県朝倉市の無形
25	高鍋町	九州オルレ	https://www.town.takanabe.lg.jp/soshiki/chiikiseisaku/4/2/olle/index.html	九州オルレ／高鍋町 本文へ 背景色 くらし 手続き 子育て 教育 健康･ 福祉・医療 文化 スポーツ 観光 お誘い 町政情報 事業者・ 産業・農業 組織から 探す 組織から探す 施設マップ 移住定住情報 サイト内検索 メニューを閉じる Select Language くらし/手続き 子ども・教育 健康・医療・福祉 文化・スポーツ 観光・お誘い 町政情報 事業者・産業・農業 組織から探す メニューを閉じる 現在の位置 宮崎県高鍋町公式ホームページ TAKANABE TOWN 組織から探す 地域政策課 観光・お誘い 観光情報 九州オルレ 九州オルレ 更新日：2021年11月26日 九州オルレ「宮崎・小丸川コース」 観光情報 ライフシーンで探す 妊娠・ 出産・子育て 入園・入学 就職・退職 結婚・離婚 引っ越し・ お
25	高鍋町	【第6号】かみちぃさん（ジェラードン）	https://www.town.takanabe.lg.jp/soshiki/chiikiseisaku/4/3/2956.html	【第6号】かみちぃさん（ジェラードン）／高鍋町 本文へ 背景色 くらし 手続き 子育て 教育 健康･ 福祉・医療 文化 スポーツ 観光 お誘い 町政情報 事業者・ 産業・農業 組織から 探す 組織から探す 施設マップ 移住定住情報 サイト内検索 メニューを閉じる Select Language くらし/手続き 子ども・教育 健康・医療・福祉 文化・スポーツ 観光・お誘い 町政情報 事業者・産業・農業 組織から探す メニューを閉じる 現在の位置 宮崎県高鍋町公式ホームページ TAKANABE TOWN 組織から探す 地域政策課 観光・お誘い 高鍋町ふるさと応援大使 【第6号】かみちぃさん（ジェラードン） 【第6号】かみちぃさん（ジェラードン） 更新日：2023年06月30日 1.氏名 かみちぃ 2.職業 お笑い芸
25	高鍋町	【第4号】押川浩士さん	https://www.town.takanabe.lg.jp/soshiki/chiikiseisaku/4/3/1995.html	【第4号】押川浩士さん／高鍋町 本文へ 背景色 くらし 手続き 子育て 教育 健康･ 福祉・医療 文化 スポーツ 観光 お誘い 町政情報 事業者・ 産業・農業 組織から 探す 組織から探す 施設マップ 移住定住情報 サイト内検索 メニューを閉じる Select Language くらし/手続き 子ども・教育 健康・医療・福祉 文化・スポーツ 観光・お誘い 町政情報 事業者・産業・農業 組織から探す メニューを閉じる 現在の位置 宮崎県高鍋町公式ホームページ TAKANABE TOWN 組織から探す 地域政策課 観光・お誘い 高鍋町ふるさと応援大使 【第4号】押川浩士さん 【第4号】押川浩士さん 更新日：2023年06月30日 高鍋町ふるさと応援大使（第4号） 氏名 押川浩士（高鍋町出身） 職業 オペラ歌手 委嘱
25	高鍋町	高鍋町ふるさと応援大使	https://www.town.takanabe.lg.jp/soshiki/chiikiseisaku/4/3/index.html	高鍋町ふるさと応援大使／高鍋町 本文へ 背景色 くらし 手続き 子育て 教育 健康･ 福祉・医療 文化 スポーツ 観光 お誘い 町政情報 事業者・ 産業・農業 組織から 探す 組織から探す 施設マップ 移住定住情報 サイト内検索 メニューを閉じる Select Language くらし/手続き 子ども・教育 健康・医療・福祉 文化・スポーツ 観光・お誘い 町政情報 事業者・産業・農業 組織から探す メニューを閉じる 現在の位置 宮崎県高鍋町公式ホームページ TAKANABE TOWN 組織から探す 地域政策課 観光・お誘い 高鍋町ふるさと応援大使 高鍋町ふるさと応援大使 更新日：2023年05月15日 新着情報 NEW! 現在、新着情報はございません。 【第1号】やすさん 【第2号】咲妃みゆさん、【第3号】水野
25	高鍋町	【第2号】咲妃みゆさん、【第3号】水野学さん	https://www.town.takanabe.lg.jp/soshiki/chiikiseisaku/4/3/824.html	【第2号】咲妃みゆさん、【第3号】水野学さん／高鍋町 本文へ 背景色 くらし 手続き 子育て 教育 健康･ 福祉・医療 文化 スポーツ 観光 お誘い 町政情報 事業者・ 産業・農業 組織から 探す 組織から探す 施設マップ 移住定住情報 サイト内検索 メニューを閉じる Select Language くらし/手続き 子ども・教育 健康・医療・福祉 文化・スポーツ 観光・お誘い 町政情報 事業者・産業・農業 組織から探す メニューを閉じる 現在の位置 宮崎県高鍋町公式ホームページ TAKANABE TOWN 組織から探す 地域政策課 観光・お誘い 高鍋町ふるさと応援大使 【第2号】咲妃みゆさん、【第3号】水野学さん 【第2号】咲妃みゆさん、【第3号】水野学さん 更新日：2023年06月30日 高鍋町の魅力に関する
25	高鍋町	【第5号】黒岩司さん	https://www.town.takanabe.lg.jp/soshiki/chiikiseisaku/4/3/4050.html	【第5号】黒岩司さん／高鍋町 本文へ 背景色 くらし 手続き 子育て 教育 健康･ 福祉・医療 文化 スポーツ 観光 お誘い 町政情報 事業者・ 産業・農業 組織から 探す 組織から探す 施設マップ 移住定住情報 サイト内検索 メニューを閉じる Select Language くらし/手続き 子ども・教育 健康・医療・福祉 文化・スポーツ 観光・お誘い 町政情報 事業者・産業・農業 組織から探す メニューを閉じる 現在の位置 宮崎県高鍋町公式ホームページ TAKANABE TOWN 組織から探す 地域政策課 観光・お誘い 高鍋町ふるさと応援大使 【第5号】黒岩司さん 【第5号】黒岩司さん 更新日：2020年10月21日 1.氏名 黒岩 司 2.職業 俳優 3.委嘱期間 令和2年10月21日から 本町出身の俳優。
25	高鍋町	【第7号】GADORO（ガドロ）さん	https://www.town.takanabe.lg.jp/soshiki/chiikiseisaku/4/3/4051.html	【第7号】GADORO（ガドロ）さん／高鍋町 本文へ 背景色 くらし 手続き 子育て 教育 健康･ 福祉・医療 文化 スポーツ 観光 お誘い 町政情報 事業者・ 産業・農業 組織から 探す 組織から探す 施設マップ 移住定住情報 サイト内検索 メニューを閉じる Select Language くらし/手続き 子ども・教育 健康・医療・福祉 文化・スポーツ 観光・お誘い 町政情報 事業者・産業・農業 組織から探す メニューを閉じる 現在の位置 宮崎県高鍋町公式ホームページ TAKANABE TOWN 組織から探す 地域政策課 観光・お誘い 高鍋町ふるさと応援大使 【第7号】GADORO（ガドロ）さん 【第7号】GADORO（ガドロ）さん 更新日：2023年05月15日 1.氏名 GADORO（ガドロ） 2.職業
25	高鍋町	【第9号】水木大介さん	https://www.town.takanabe.lg.jp/soshiki/chiikiseisaku/4/3/4215.html	【第9号】水木大介さん／高鍋町 本文へ 背景色 くらし 手続き 子育て 教育 健康･ 福祉・医療 文化 スポーツ 観光 お誘い 町政情報 事業者・ 産業・農業 組織から 探す 組織から探す 施設マップ 移住定住情報 サイト内検索 メニューを閉じる Select Language くらし/手続き 子ども・教育 健康・医療・福祉 文化・スポーツ 観光・お誘い 町政情報 事業者・産業・農業 組織から探す メニューを閉じる 現在の位置 宮崎県高鍋町公式ホームページ TAKANABE TOWN 組織から探す 地域政策課 観光・お誘い 高鍋町ふるさと応援大使 【第9号】水木大介さん 【第9号】水木大介さん 更新日：2023年11月07日 1.氏名 水木 大介（みずき だいすけ） 2.職業 演歌歌手 3.委嘱期間 令和5年1
25	高鍋町	【第8号】小野寺 力さん	https://www.town.takanabe.lg.jp/soshiki/chiikiseisaku/4/3/4081.html	【第8号】小野寺 力さん／高鍋町 本文へ 背景色 くらし 手続き 子育て 教育 健康･ 福祉・医療 文化 スポーツ 観光 お誘い 町政情報 事業者・ 産業・農業 組織から 探す 組織から探す 施設マップ 移住定住情報 サイト内検索 メニューを閉じる Select Language くらし/手続き 子ども・教育 健康・医療・福祉 文化・スポーツ 観光・お誘い 町政情報 事業者・産業・農業 組織から探す メニューを閉じる 現在の位置 宮崎県高鍋町公式ホームページ TAKANABE TOWN 組織から探す 地域政策課 観光・お誘い 高鍋町ふるさと応援大使 【第8号】小野寺 力さん 【第8号】小野寺 力さん 更新日：2023年07月05日 1.氏名 小野寺 力 2.職業 ギョウザジョッキー、一般社団法人焼き餃子協会 代
25	高鍋町	【第10号】黒木紀至さん	https://www.town.takanabe.lg.jp/soshiki/chiikiseisaku/4/3/4843.html	【第10号】黒木紀至さん／高鍋町 本文へ 背景色 くらし 手続き 子育て 教育 健康･ 福祉・医療 文化 スポーツ 観光 お誘い 町政情報 事業者・ 産業・農業 組織から 探す 組織から探す 施設マップ 移住定住情報 サイト内検索 メニューを閉じる Select Language くらし/手続き 子ども・教育 健康・医療・福祉 文化・スポーツ 観光・お誘い 町政情報 事業者・産業・農業 組織から探す メニューを閉じる 現在の位置 宮崎県高鍋町公式ホームページ TAKANABE TOWN 組織から探す 地域政策課 観光・お誘い 高鍋町ふるさと応援大使 【第10号】黒木紀至さん 【第10号】黒木紀至さん 更新日：2026年02月19日 1.氏名 黒木 紀至（くろぎ のりゆき） 2.職業 プロゴルファー 3.委嘱期間
25	高鍋町	町人会組織	https://www.town.takanabe.lg.jp/soshiki/chiikiseisaku/4/4/index.html	町人会組織／高鍋町 本文へ 背景色 くらし 手続き 子育て 教育 健康･ 福祉・医療 文化 スポーツ 観光 お誘い 町政情報 事業者・ 産業・農業 組織から 探す 組織から探す 施設マップ 移住定住情報 サイト内検索 メニューを閉じる Select Language くらし/手続き 子ども・教育 健康・医療・福祉 文化・スポーツ 観光・お誘い 町政情報 事業者・産業・農業 組織から探す メニューを閉じる 現在の位置 宮崎県高鍋町公式ホームページ TAKANABE TOWN 組織から探す 地域政策課 観光・お誘い 町人会組織 町人会組織 更新日：2018年11月30日 近畿高鍋会 関東地区高鍋町人会 観光・お誘い ライフシーンで探す 妊娠・ 出産・子育て 入園・入学 就職・退職 結婚・離婚 引っ越し・ おくやみ
25	高鍋町	関東地区高鍋町人会	https://www.town.takanabe.lg.jp/soshiki/chiikiseisaku/4/4/810.html	関東地区高鍋町人会／高鍋町 本文へ 背景色 くらし 手続き 子育て 教育 健康･ 福祉・医療 文化 スポーツ 観光 お誘い 町政情報 事業者・ 産業・農業 組織から 探す 組織から探す 施設マップ 移住定住情報 サイト内検索 メニューを閉じる Select Language くらし/手続き 子ども・教育 健康・医療・福祉 文化・スポーツ 観光・お誘い 町政情報 事業者・産業・農業 組織から探す メニューを閉じる 現在の位置 宮崎県高鍋町公式ホームページ TAKANABE TOWN 組織から探す 地域政策課 観光・お誘い 町人会組織 関東地区高鍋町人会 関東地区高鍋町人会 Tweet 更新日：2025年12月04日 関東地区高鍋町人会とは 関東地区高鍋町人会は、平成30年に設立されました。 この会は、 関東地区(
25	高鍋町	近畿高鍋会(過去の情報)	https://www.town.takanabe.lg.jp/soshiki/chiikiseisaku/4/4/1/566.html	近畿高鍋会(過去の情報)／高鍋町 本文へ 背景色 くらし 手続き 子育て 教育 健康･ 福祉・医療 文化 スポーツ 観光 お誘い 町政情報 事業者・ 産業・農業 組織から 探す 組織から探す 施設マップ 移住定住情報 サイト内検索 メニューを閉じる Select Language くらし/手続き 子ども・教育 健康・医療・福祉 文化・スポーツ 観光・お誘い 町政情報 事業者・産業・農業 組織から探す メニューを閉じる 現在の位置 宮崎県高鍋町公式ホームページ TAKANABE TOWN 組織から探す 地域政策課 観光・お誘い 町人会組織 近畿高鍋会 近畿高鍋会(過去の情報) 近畿高鍋会(過去の情報) 更新日：2018年11月30日 平成28年6月4日開催 平成28年6月4日(土曜)に大阪市中央区の道頓堀ホテルに
25	高鍋町	近畿高鍋会	https://www.town.takanabe.lg.jp/soshiki/chiikiseisaku/4/4/1/500.html	近畿高鍋会／高鍋町 本文へ 背景色 くらし 手続き 子育て 教育 健康･ 福祉・医療 文化 スポーツ 観光 お誘い 町政情報 事業者・ 産業・農業 組織から 探す 組織から探す 施設マップ 移住定住情報 サイト内検索 メニューを閉じる Select Language くらし/手続き 子ども・教育 健康・医療・福祉 文化・スポーツ 観光・お誘い 町政情報 事業者・産業・農業 組織から探す メニューを閉じる 現在の位置 宮崎県高鍋町公式ホームページ TAKANABE TOWN 組織から探す 地域政策課 観光・お誘い 町人会組織 近畿高鍋会 近畿高鍋会 近畿高鍋会 更新日：2025年12月04日 近畿高鍋会とは 「近畿高鍋会」は、近畿地方に在住する高鍋町出身者(一時在住した者を含む。)同士の交流や親睦を図るとともに、
25	高鍋町	休日当番薬局情報	https://www.town.takanabe.lg.jp/soshiki/chiikiseisaku/5/320.html	休日当番薬局情報／高鍋町 本文へ 背景色 くらし 手続き 子育て 教育 健康･ 福祉・医療 文化 スポーツ 観光 お誘い 町政情報 事業者・ 産業・農業 組織から 探す 組織から探す 施設マップ 移住定住情報 サイト内検索 メニューを閉じる Select Language くらし/手続き 子ども・教育 健康・医療・福祉 文化・スポーツ 観光・お誘い 町政情報 事業者・産業・農業 組織から探す メニューを閉じる 現在の位置 宮崎県高鍋町公式ホームページ TAKANABE TOWN 組織から探す 地域政策課 健康・医療・福祉 休日当番薬局情報 休日当番薬局情報 更新日：2026年06月01日 休日薬局情報一覧表 ※市外局番：0983 月日 町名 薬局名 電話番号 6月7日 (日曜日) 高鍋町 ひまわり薬局高鍋上江店
25	高鍋町	企業誘致	https://www.town.takanabe.lg.jp/soshiki/chiikiseisaku/6/1/index.html	企業誘致／高鍋町 本文へ 背景色 くらし 手続き 子育て 教育 健康･ 福祉・医療 文化 スポーツ 観光 お誘い 町政情報 事業者・ 産業・農業 組織から 探す 組織から探す 施設マップ 移住定住情報 サイト内検索 メニューを閉じる Select Language くらし/手続き 子ども・教育 健康・医療・福祉 文化・スポーツ 観光・お誘い 町政情報 事業者・産業・農業 組織から探す メニューを閉じる 現在の位置 宮崎県高鍋町公式ホームページ TAKANABE TOWN 組織から探す 地域政策課 事業者の方へ 企業誘致 企業誘致 更新日：2018年11月30日 企業誘致のご案内 企業誘致案内(立地条件) 企業誘致案内(優遇措置) 企業立地ニュース IoT推進 事業者の方へ ライフシーンで探す 妊娠・ 出産・子育
25	高鍋町	企業立地ニュース	https://www.town.takanabe.lg.jp/soshiki/chiikiseisaku/6/1/811.html	企業立地ニュース／高鍋町 本文へ 背景色 くらし 手続き 子育て 教育 健康･ 福祉・医療 文化 スポーツ 観光 お誘い 町政情報 事業者・ 産業・農業 組織から 探す 組織から探す 施設マップ 移住定住情報 サイト内検索 メニューを閉じる Select Language くらし/手続き 子ども・教育 健康・医療・福祉 文化・スポーツ 観光・お誘い 町政情報 事業者・産業・農業 組織から探す メニューを閉じる 現在の位置 宮崎県高鍋町公式ホームページ TAKANABE TOWN 組織から探す 地域政策課 事業者の方へ 企業誘致 企業立地ニュース 企業立地ニュース 更新日：2021年08月27日 日本自給飼料生産普及センター株式会社（令和3年8月26日） 日本自給飼料生産普及センター株式会社が高鍋町上江の小並地区
25	高鍋町	広告	https://www.town.takanabe.lg.jp/soshiki/chiikiseisaku/6/2/index.html	広告／高鍋町 本文へ 背景色 くらし 手続き 子育て 教育 健康･ 福祉・医療 文化 スポーツ 観光 お誘い 町政情報 事業者・ 産業・農業 組織から 探す 組織から探す 施設マップ 移住定住情報 サイト内検索 メニューを閉じる Select Language くらし/手続き 子ども・教育 健康・医療・福祉 文化・スポーツ 観光・お誘い 町政情報 事業者・産業・農業 組織から探す メニューを閉じる 現在の位置 宮崎県高鍋町公式ホームページ TAKANABE TOWN 組織から探す 地域政策課 事業者の方へ 広告 広告 更新日：2018年11月30日 バナー広告掲載募集のお知らせ 事業者の方へ ライフシーンで探す 妊娠・ 出産・子育て 入園・入学 就職・退職 結婚・離婚 引っ越し・ おくやみ 高齢者 介護 手当・
25	高鍋町	宮崎県未来成長企業の選定について	https://www.town.takanabe.lg.jp/soshiki/chiikiseisaku/6/syoukougyou/2791.html	宮崎県未来成長企業の選定について／高鍋町 本文へ 背景色 くらし 手続き 子育て 教育 健康･ 福祉・医療 文化 スポーツ 観光 お誘い 町政情報 事業者・ 産業・農業 組織から 探す 組織から探す 施設マップ 移住定住情報 サイト内検索 メニューを閉じる Select Language くらし/手続き 子ども・教育 健康・医療・福祉 文化・スポーツ 観光・お誘い 町政情報 事業者・産業・農業 組織から探す メニューを閉じる 現在の位置 宮崎県高鍋町公式ホームページ TAKANABE TOWN 組織から探す 地域政策課 事業者の方へ 商工業の振興 宮崎県未来成長企業の選定について 宮崎県未来成長企業の選定について 更新日：2021年03月24日 宮崎県では、平成28年度に設立した県内の産学金労官の13機関で構成
25	高鍋町	地域未来交付金（地域未来推進型）の活用状況について	https://www.town.takanabe.lg.jp/soshiki/chiikiseisaku/7/1/5117.html	地域未来交付金（地域未来推進型）の活用状況について／高鍋町 本文へ 背景色 くらし 手続き 子育て 教育 健康･ 福祉・医療 文化 スポーツ 観光 お誘い 町政情報 事業者・ 産業・農業 組織から 探す 組織から探す 施設マップ 移住定住情報 サイト内検索 メニューを閉じる Select Language くらし/手続き 子ども・教育 健康・医療・福祉 文化・スポーツ 観光・お誘い 町政情報 事業者・産業・農業 組織から探す メニューを閉じる 現在の位置 宮崎県高鍋町公式ホームページ TAKANABE TOWN 組織から探す 地域政策課 町政情報 計画・政策 地域未来交付金（地域未来推進型）の活用状況について 地域未来交付金（地域未来推進型）の活用状況について 更新日：2026年06月02日 地域未来交付金（地
25	高鍋町	平成22年度事務事業評価結果	https://www.town.takanabe.lg.jp/soshiki/chiikiseisaku/7/1/2/412.html	平成22年度事務事業評価結果／高鍋町 本文へ 背景色 くらし 手続き 子育て 教育 健康･ 福祉・医療 文化 スポーツ 観光 お誘い 町政情報 事業者・ 産業・農業 組織から 探す 組織から探す 施設マップ 移住定住情報 サイト内検索 メニューを閉じる Select Language くらし/手続き 子ども・教育 健康・医療・福祉 文化・スポーツ 観光・お誘い 町政情報 事業者・産業・農業 組織から探す メニューを閉じる 現在の位置 宮崎県高鍋町公式ホームページ TAKANABE TOWN 組織から探す 地域政策課 町政情報 計画・政策 事務事業評価 平成22年度事務事業評価結果 平成22年度事務事業評価結果 更新日：2018年11月30日 平成21年度に実施した108の事業について評価を行いました。 委員会に
25	高鍋町	平成27年度事務事業評価結果	https://www.town.takanabe.lg.jp/soshiki/chiikiseisaku/7/1/2/707.html	平成27年度事務事業評価結果／高鍋町 本文へ 背景色 くらし 手続き 子育て 教育 健康･ 福祉・医療 文化 スポーツ 観光 お誘い 町政情報 事業者・ 産業・農業 組織から 探す 組織から探す 施設マップ 移住定住情報 サイト内検索 メニューを閉じる Select Language くらし/手続き 子ども・教育 健康・医療・福祉 文化・スポーツ 観光・お誘い 町政情報 事業者・産業・農業 組織から探す メニューを閉じる 現在の位置 宮崎県高鍋町公式ホームページ TAKANABE TOWN 組織から探す 地域政策課 町政情報 計画・政策 事務事業評価 平成27年度事務事業評価結果 平成27年度事務事業評価結果 更新日：2018年11月30日 平成26年度に実施した事業のうち60事業についてヒアリングを行いました
25	高鍋町	平成23年度 事務事業評価結果	https://www.town.takanabe.lg.jp/soshiki/chiikiseisaku/7/1/2/684.html	平成23年度 事務事業評価結果／高鍋町 本文へ 背景色 くらし 手続き 子育て 教育 健康･ 福祉・医療 文化 スポーツ 観光 お誘い 町政情報 事業者・ 産業・農業 組織から 探す 組織から探す 施設マップ 移住定住情報 サイト内検索 メニューを閉じる Select Language くらし/手続き 子ども・教育 健康・医療・福祉 文化・スポーツ 観光・お誘い 町政情報 事業者・産業・農業 組織から探す メニューを閉じる 現在の位置 宮崎県高鍋町公式ホームページ TAKANABE TOWN 組織から探す 地域政策課 町政情報 計画・政策 事務事業評価 平成23年度 事務事業評価結果 平成23年度 事務事業評価結果 更新日：2018年11月30日 平成22年度に実施した77の事業についてヒアリングを行いました。
25	高鍋町	平成25年度事務事業評価結果	https://www.town.takanabe.lg.jp/soshiki/chiikiseisaku/7/1/2/690.html	平成25年度事務事業評価結果／高鍋町 本文へ 背景色 くらし 手続き 子育て 教育 健康･ 福祉・医療 文化 スポーツ 観光 お誘い 町政情報 事業者・ 産業・農業 組織から 探す 組織から探す 施設マップ 移住定住情報 サイト内検索 メニューを閉じる Select Language くらし/手続き 子ども・教育 健康・医療・福祉 文化・スポーツ 観光・お誘い 町政情報 事業者・産業・農業 組織から探す メニューを閉じる 現在の位置 宮崎県高鍋町公式ホームページ TAKANABE TOWN 組織から探す 地域政策課 町政情報 計画・政策 事務事業評価 平成25年度事務事業評価結果 平成25年度事務事業評価結果 更新日：2018年11月30日 平成24年度に実施した事業のうち67事業についてヒアリングを行いました
25	高鍋町	平成26年度事務事業評価結果	https://www.town.takanabe.lg.jp/soshiki/chiikiseisaku/7/1/2/693.html	平成26年度事務事業評価結果／高鍋町 本文へ 背景色 くらし 手続き 子育て 教育 健康･ 福祉・医療 文化 スポーツ 観光 お誘い 町政情報 事業者・ 産業・農業 組織から 探す 組織から探す 施設マップ 移住定住情報 サイト内検索 メニューを閉じる Select Language くらし/手続き 子ども・教育 健康・医療・福祉 文化・スポーツ 観光・お誘い 町政情報 事業者・産業・農業 組織から探す メニューを閉じる 現在の位置 宮崎県高鍋町公式ホームページ TAKANABE TOWN 組織から探す 地域政策課 町政情報 計画・政策 事務事業評価 平成26年度事務事業評価結果 平成26年度事務事業評価結果 更新日：2018年11月30日 平成25年度に実施した事業のうち56事業についてヒアリングを行いました
25	高鍋町	高鍋町の紹介	https://www.town.takanabe.lg.jp/soshiki/chiikiseisaku/7/3/2080.html	高鍋町の紹介／高鍋町 本文へ 背景色 くらし 手続き 子育て 教育 健康･ 福祉・医療 文化 スポーツ 観光 お誘い 町政情報 事業者・ 産業・農業 組織から 探す 組織から探す 施設マップ 移住定住情報 サイト内検索 メニューを閉じる Select Language くらし/手続き 子ども・教育 健康・医療・福祉 文化・スポーツ 観光・お誘い 町政情報 事業者・産業・農業 組織から探す メニューを閉じる 現在の位置 宮崎県高鍋町公式ホームページ TAKANABE TOWN 組織から探す 地域政策課 町政情報 高鍋町について 高鍋町の紹介 高鍋町の紹介 更新日：2022年04月25日 高鍋は、奈良時代に城が築かれ、江戸時代には秋月家3万石の城下町としての歴史を持ち、明治以降は児湯地方の中心と位置づけられてきまし
25	高鍋町	高鍋町の魅力	https://www.town.takanabe.lg.jp/soshiki/chiikiseisaku/7/3/348.html	高鍋町の魅力／高鍋町 本文へ 背景色 くらし 手続き 子育て 教育 健康･ 福祉・医療 文化 スポーツ 観光 お誘い 町政情報 事業者・ 産業・農業 組織から 探す 組織から探す 施設マップ 移住定住情報 サイト内検索 メニューを閉じる Select Language くらし/手続き 子ども・教育 健康・医療・福祉 文化・スポーツ 観光・お誘い 町政情報 事業者・産業・農業 組織から探す メニューを閉じる 現在の位置 宮崎県高鍋町公式ホームページ TAKANABE TOWN 組織から探す 地域政策課 町政情報 高鍋町について 高鍋町の魅力 高鍋町の魅力 更新日：2025年01月20日 コンパクトシティ 高鍋町は、宮崎県でもっとも小さな自治体です。高鍋の市街地は、小丸川と宮田川にはさまれた平地に発達しています。高
25	高鍋町	高鍋町について	https://www.town.takanabe.lg.jp/soshiki/chiikiseisaku/7/3/index.html	高鍋町について／高鍋町 本文へ 背景色 くらし 手続き 子育て 教育 健康･ 福祉・医療 文化 スポーツ 観光 お誘い 町政情報 事業者・ 産業・農業 組織から 探す 組織から探す 施設マップ 移住定住情報 サイト内検索 メニューを閉じる Select Language くらし/手続き 子ども・教育 健康・医療・福祉 文化・スポーツ 観光・お誘い 町政情報 事業者・産業・農業 組織から探す メニューを閉じる 現在の位置 宮崎県高鍋町公式ホームページ TAKANABE TOWN 組織から探す 地域政策課 町政情報 高鍋町について 高鍋町について 更新日：2018年11月30日 高鍋町について 高鍋町の紹介 高鍋の人物 高鍋の歴史と文化 高鍋町の姉妹都市 高鍋町の魅力 高鍋町史 町勢要覧 町政情報 ライフシーンで探
25	高鍋町	高鍋町について	https://www.town.takanabe.lg.jp/soshiki/chiikiseisaku/7/3/771.html	高鍋町について／高鍋町 本文へ 背景色 くらし 手続き 子育て 教育 健康･ 福祉・医療 文化 スポーツ 観光 お誘い 町政情報 事業者・ 産業・農業 組織から 探す 組織から探す 施設マップ 移住定住情報 サイト内検索 メニューを閉じる Select Language くらし/手続き 子ども・教育 健康・医療・福祉 文化・スポーツ 観光・お誘い 町政情報 事業者・産業・農業 組織から探す メニューを閉じる 現在の位置 宮崎県高鍋町公式ホームページ TAKANABE TOWN 組織から探す 地域政策課 町政情報 高鍋町について 高鍋町について 高鍋町について 更新日：2019年07月12日 高鍋町の紹介 高鍋町のプロフィールを紹介しています。 歴史・文化 高鍋の歴史および郷土文化を紹介しています。 高鍋町の人物
25	高鍋町	高鍋町の姉妹都市	https://www.town.takanabe.lg.jp/soshiki/chiikiseisaku/7/3/342.html	高鍋町の姉妹都市／高鍋町 本文へ 背景色 くらし 手続き 子育て 教育 健康･ 福祉・医療 文化 スポーツ 観光 お誘い 町政情報 事業者・ 産業・農業 組織から 探す 組織から探す 施設マップ 移住定住情報 サイト内検索 メニューを閉じる Select Language くらし/手続き 子ども・教育 健康・医療・福祉 文化・スポーツ 観光・お誘い 町政情報 事業者・産業・農業 組織から探す メニューを閉じる 現在の位置 宮崎県高鍋町公式ホームページ TAKANABE TOWN 組織から探す 地域政策課 町政情報 高鍋町について 高鍋町の姉妹都市 高鍋町の姉妹都市 更新日：2018年11月30日 高鍋町は、福岡県朝倉市、宮崎県串間市、山形県米沢市の3市と姉妹都市として交流を深めています。いずれも、高鍋藩および高
25	高鍋町	高鍋町史	https://www.town.takanabe.lg.jp/soshiki/chiikiseisaku/7/3/1/index.html	高鍋町史／高鍋町 本文へ 背景色 くらし 手続き 子育て 教育 健康･ 福祉・医療 文化 スポーツ 観光 お誘い 町政情報 事業者・ 産業・農業 組織から 探す 組織から探す 施設マップ 移住定住情報 サイト内検索 メニューを閉じる Select Language くらし/手続き 子ども・教育 健康・医療・福祉 文化・スポーツ 観光・お誘い 町政情報 事業者・産業・農業 組織から探す メニューを閉じる 現在の位置 宮崎県高鍋町公式ホームページ TAKANABE TOWN 組織から探す 地域政策課 町政情報 高鍋町について 高鍋町史 高鍋町史 更新日：2018年11月30日 高鍋町史 続編 高鍋町史 高鍋町について ライフシーンで探す 妊娠・ 出産・子育て 入園・入学 就職・退職 結婚・離婚 引っ越し・ おくやみ
25	高鍋町	町勢要覧	https://www.town.takanabe.lg.jp/soshiki/chiikiseisaku/7/3/choseiyoran/index.html	町勢要覧／高鍋町 本文へ 背景色 くらし 手続き 子育て 教育 健康･ 福祉・医療 文化 スポーツ 観光 お誘い 町政情報 事業者・ 産業・農業 組織から 探す 組織から探す 施設マップ 移住定住情報 サイト内検索 メニューを閉じる Select Language くらし/手続き 子ども・教育 健康・医療・福祉 文化・スポーツ 観光・お誘い 町政情報 事業者・産業・農業 組織から探す メニューを閉じる 現在の位置 宮崎県高鍋町公式ホームページ TAKANABE TOWN 組織から探す 地域政策課 町政情報 高鍋町について 町勢要覧 町勢要覧 更新日：2018年11月30日 町勢要覧 町勢要覧2012 高鍋町について ライフシーンで探す 妊娠・ 出産・子育て 入園・入学 就職・退職 結婚・離婚 引っ越し・ おくや
25	高鍋町	町の機関・施設	https://www.town.takanabe.lg.jp/soshiki/chiikiseisaku/7/5/index.html	町の機関・施設／高鍋町 本文へ 背景色 くらし 手続き 子育て 教育 健康･ 福祉・医療 文化 スポーツ 観光 お誘い 町政情報 事業者・ 産業・農業 組織から 探す 組織から探す 施設マップ 移住定住情報 サイト内検索 メニューを閉じる Select Language くらし/手続き 子ども・教育 健康・医療・福祉 文化・スポーツ 観光・お誘い 町政情報 事業者・産業・農業 組織から探す メニューを閉じる 現在の位置 宮崎県高鍋町公式ホームページ TAKANABE TOWN 組織から探す 地域政策課 町政情報 町の機関・施設 町の機関・施設 更新日：2020年10月27日 各課の業務案内 組織図 町内の公的機関・施設 RVパークsmart【高鍋】 町内の福祉施設 高鍋駅交流拠点施設について 町政情報 ライフシ
25	高鍋町	町ホームページについて	https://www.town.takanabe.lg.jp/soshiki/chiikiseisaku/7/hp/index.html	町ホームページについて／高鍋町 本文へ 背景色 くらし 手続き 子育て 教育 健康･ 福祉・医療 文化 スポーツ 観光 お誘い 町政情報 事業者・ 産業・農業 組織から 探す 組織から探す 施設マップ 移住定住情報 サイト内検索 メニューを閉じる Select Language くらし/手続き 子ども・教育 健康・医療・福祉 文化・スポーツ 観光・お誘い 町政情報 事業者・産業・農業 組織から探す メニューを閉じる 現在の位置 宮崎県高鍋町公式ホームページ TAKANABE TOWN 組織から探す 地域政策課 町政情報 町ホームページについて 町ホームページについて 更新日：2019年08月15日 高鍋町公式ホームページをリニューアルしました アクセシビリティ対応について PDFファイルを見るには アクセシビリ
25	高鍋町	アクセシビリティ・サポーター ZoomSightの導入について	https://www.town.takanabe.lg.jp/soshiki/chiikiseisaku/7/hp/2352.html	アクセシビリティ・サポーター ZoomSightの導入について／高鍋町 本文へ 背景色 くらし 手続き 子育て 教育 健康･ 福祉・医療 文化 スポーツ 観光 お誘い 町政情報 事業者・ 産業・農業 組織から 探す 組織から探す 施設マップ 移住定住情報 サイト内検索 メニューを閉じる Select Language くらし/手続き 子ども・教育 健康・医療・福祉 文化・スポーツ 観光・お誘い 町政情報 事業者・産業・農業 組織から探す メニューを閉じる 現在の位置 宮崎県高鍋町公式ホームページ TAKANABE TOWN 組織から探す 地域政策課 町政情報 町ホームページについて アクセシビリティ・サポーター ZoomSightの導入について アクセシビリティ・サポーター ZoomSightの導入について 更
25	高鍋町	ウェブアクセシビリティ達成基準チェックリスト	https://www.town.takanabe.lg.jp/soshiki/chiikiseisaku/7/hp/2545.html	ウェブアクセシビリティ達成基準チェックリスト／高鍋町 本文へ 背景色 くらし 手続き 子育て 教育 健康･ 福祉・医療 文化 スポーツ 観光 お誘い 町政情報 事業者・ 産業・農業 組織から 探す 組織から探す 施設マップ 移住定住情報 サイト内検索 メニューを閉じる Select Language くらし/手続き 子ども・教育 健康・医療・福祉 文化・スポーツ 観光・お誘い 町政情報 事業者・産業・農業 組織から探す メニューを閉じる 現在の位置 宮崎県高鍋町公式ホームページ TAKANABE TOWN 組織から探す 地域政策課 町政情報 町ホームページについて ウェブアクセシビリティ達成基準チェックリスト ウェブアクセシビリティ達成基準チェックリスト 更新日：2020年05月08日 達成基準チェックリストを
25	高鍋町	過去の町ホームページのデータ公開について	https://www.town.takanabe.lg.jp/soshiki/chiikiseisaku/7/hp/2410.html	過去の町ホームページのデータ公開について／高鍋町 本文へ 背景色 くらし 手続き 子育て 教育 健康･ 福祉・医療 文化 スポーツ 観光 お誘い 町政情報 事業者・ 産業・農業 組織から 探す 組織から探す 施設マップ 移住定住情報 サイト内検索 メニューを閉じる Select Language くらし/手続き 子ども・教育 健康・医療・福祉 文化・スポーツ 観光・お誘い 町政情報 事業者・産業・農業 組織から探す メニューを閉じる 現在の位置 宮崎県高鍋町公式ホームページ TAKANABE TOWN 組織から探す 地域政策課 町政情報 町ホームページについて 過去の町ホームページのデータ公開について 過去の町ホームページのデータ公開について 更新日：2019年10月08日 国立国会図書館インターネット資料収集
25	高鍋町	高鍋町公式ホームページをリニューアルしました	https://www.town.takanabe.lg.jp/soshiki/chiikiseisaku/7/hp/2349.html	高鍋町公式ホームページをリニューアルしました／高鍋町 本文へ 背景色 くらし 手続き 子育て 教育 健康･ 福祉・医療 文化 スポーツ 観光 お誘い 町政情報 事業者・ 産業・農業 組織から 探す 組織から探す 施設マップ 移住定住情報 サイト内検索 メニューを閉じる Select Language くらし/手続き 子ども・教育 健康・医療・福祉 文化・スポーツ 観光・お誘い 町政情報 事業者・産業・農業 組織から探す メニューを閉じる 現在の位置 宮崎県高鍋町公式ホームページ TAKANABE TOWN 組織から探す 地域政策課 町政情報 町ホームページについて 高鍋町公式ホームページをリニューアルしました 高鍋町公式ホームページをリニューアルしました 更新日：2018年11月30日 いつも本町のホームページ
25	高鍋町	平成24年春季キャンプ 桐蔭横浜大学硬式野球部写真(3月5日～13日)	https://www.town.takanabe.lg.jp/soshiki/chiikiseisaku/8/2171.html	平成24年春季キャンプ 桐蔭横浜大学硬式野球部写真(3月5日～13日)／高鍋町 本文へ 背景色 くらし 手続き 子育て 教育 健康･ 福祉・医療 文化 スポーツ 観光 お誘い 町政情報 事業者・ 産業・農業 組織から 探す 組織から探す 施設マップ 移住定住情報 サイト内検索 メニューを閉じる Select Language くらし/手続き 子ども・教育 健康・医療・福祉 文化・スポーツ 観光・お誘い 町政情報 事業者・産業・農業 組織から探す メニューを閉じる 現在の位置 宮崎県高鍋町公式ホームページ TAKANABE TOWN 組織から探す 地域政策課 スポーツ 平成24年春季キャンプ 桐蔭横浜大学硬式野球部写真(3月5日～13日) 平成24年春季キャンプ 桐蔭横浜大学硬式野球部写真(3月5日～13日) 更
25	高鍋町	運動施設位置図	https://www.town.takanabe.lg.jp/soshiki/chiikiseisaku/8/2146.html	運動施設位置図／高鍋町 本文へ 背景色 くらし 手続き 子育て 教育 健康･ 福祉・医療 文化 スポーツ 観光 お誘い 町政情報 事業者・ 産業・農業 組織から 探す 組織から探す 施設マップ 移住定住情報 サイト内検索 メニューを閉じる Select Language くらし/手続き 子ども・教育 健康・医療・福祉 文化・スポーツ 観光・お誘い 町政情報 事業者・産業・農業 組織から探す メニューを閉じる 現在の位置 宮崎県高鍋町公式ホームページ TAKANABE TOWN 組織から探す 地域政策課 スポーツ 運動施設位置図 運動施設位置図 更新日：2019年05月31日 高鍋総合運動公園【MASUDAスタジアム(高鍋町営野球場)】 小丸河畔運動公園 井上商店スポーツセンター(高鍋町スポーツセンター) 詳細に
25	高鍋町	平成24年春季キャンプ 桐蔭横浜大学硬式野球部写真(3月5日～13日)	https://www.town.takanabe.lg.jp/soshiki/chiikiseisaku/8/2/2226.html	平成24年春季キャンプ 桐蔭横浜大学硬式野球部写真(3月5日～13日)／高鍋町 本文へ 背景色 くらし 手続き 子育て 教育 健康･ 福祉・医療 文化 スポーツ 観光 お誘い 町政情報 事業者・ 産業・農業 組織から 探す 組織から探す 施設マップ 移住定住情報 サイト内検索 メニューを閉じる Select Language くらし/手続き 子ども・教育 健康・医療・福祉 文化・スポーツ 観光・お誘い 町政情報 事業者・産業・農業 組織から探す メニューを閉じる 現在の位置 宮崎県高鍋町公式ホームページ TAKANABE TOWN 組織から探す 地域政策課 スポーツ スポーツ合宿 平成24年春季キャンプ 桐蔭横浜大学硬式野球部写真(3月5日～13日) 平成24年春季キャンプ 桐蔭横浜大学硬式野球部写真(3月5日
25	高鍋町	運動施設位置図	https://www.town.takanabe.lg.jp/soshiki/chiikiseisaku/8/2/2215.html	運動施設位置図／高鍋町 本文へ 背景色 くらし 手続き 子育て 教育 健康･ 福祉・医療 文化 スポーツ 観光 お誘い 町政情報 事業者・ 産業・農業 組織から 探す 組織から探す 施設マップ 移住定住情報 サイト内検索 メニューを閉じる Select Language くらし/手続き 子ども・教育 健康・医療・福祉 文化・スポーツ 観光・お誘い 町政情報 事業者・産業・農業 組織から探す メニューを閉じる 現在の位置 宮崎県高鍋町公式ホームページ TAKANABE TOWN 組織から探す 地域政策課 スポーツ スポーツ合宿 運動施設位置図 運動施設位置図 更新日：2019年05月31日 高鍋総合運動公園【MASUDAスタジアム(高鍋町営野球場)】 小丸河畔運動公園 井上商店スポーツセンター(高鍋町スポーツセン
25	高鍋町	スポーツ合宿	https://www.town.takanabe.lg.jp/soshiki/chiikiseisaku/8/2/index.html	スポーツ合宿／高鍋町 本文へ 背景色 くらし 手続き 子育て 教育 健康･ 福祉・医療 文化 スポーツ 観光 お誘い 町政情報 事業者・ 産業・農業 組織から 探す 組織から探す 施設マップ 移住定住情報 サイト内検索 メニューを閉じる Select Language くらし/手続き 子ども・教育 健康・医療・福祉 文化・スポーツ 観光・お誘い 町政情報 事業者・産業・農業 組織から探す メニューを閉じる 現在の位置 宮崎県高鍋町公式ホームページ TAKANABE TOWN 組織から探す 地域政策課 スポーツ スポーツ合宿 スポーツ合宿 更新日：2018年11月30日 運動施設位置図 スポーツ合宿インタビュー 平成24年春季キャンプ 桐蔭横浜大学硬式野球部写真(3月5日～13日) 2019年春季キャンプ日程 ス
25	高鍋町	2019年春季キャンプ日程	https://www.town.takanabe.lg.jp/soshiki/chiikiseisaku/8/2/2019camp/index.html	2019年春季キャンプ日程／高鍋町 本文へ 背景色 くらし 手続き 子育て 教育 健康･ 福祉・医療 文化 スポーツ 観光 お誘い 町政情報 事業者・ 産業・農業 組織から 探す 組織から探す 施設マップ 移住定住情報 サイト内検索 メニューを閉じる Select Language くらし/手続き 子ども・教育 健康・医療・福祉 文化・スポーツ 観光・お誘い 町政情報 事業者・産業・農業 組織から探す メニューを閉じる 現在の位置 宮崎県高鍋町公式ホームページ TAKANABE TOWN 組織から探す 地域政策課 スポーツ スポーツ合宿 2019年春季キャンプ日程 2019年春季キャンプ日程 Tweet 更新日：2019年07月12日 2019年春季キャンプ（星槎道都大学（北海道）） 2019年春季キャンプ（桐
25	高鍋町	スポーツ合宿インタビュー	https://www.town.takanabe.lg.jp/soshiki/chiikiseisaku/8/2/sportsgassyukuinterview/index.html	スポーツ合宿インタビュー／高鍋町 本文へ 背景色 くらし 手続き 子育て 教育 健康･ 福祉・医療 文化 スポーツ 観光 お誘い 町政情報 事業者・ 産業・農業 組織から 探す 組織から探す 施設マップ 移住定住情報 サイト内検索 メニューを閉じる Select Language くらし/手続き 子ども・教育 健康・医療・福祉 文化・スポーツ 観光・お誘い 町政情報 事業者・産業・農業 組織から探す メニューを閉じる 現在の位置 宮崎県高鍋町公式ホームページ TAKANABE TOWN 組織から探す 地域政策課 スポーツ スポーツ合宿 スポーツ合宿インタビュー スポーツ合宿インタビュー 更新日：2019年07月12日 スポーツ合宿 平成29年春季キャンプインタビュー スポーツ合宿 平成28年春季キャンプインタビ
25	高鍋町	スポーツ合宿 平成27年春季キャンプインタビュー	https://www.town.takanabe.lg.jp/soshiki/chiikiseisaku/8/2/sportsgassyukuinterview/2220.html	スポーツ合宿 平成27年春季キャンプインタビュー／高鍋町 本文へ 背景色 くらし 手続き 子育て 教育 健康･ 福祉・医療 文化 スポーツ 観光 お誘い 町政情報 事業者・ 産業・農業 組織から 探す 組織から探す 施設マップ 移住定住情報 サイト内検索 メニューを閉じる Select Language くらし/手続き 子ども・教育 健康・医療・福祉 文化・スポーツ 観光・お誘い 町政情報 事業者・産業・農業 組織から探す メニューを閉じる 現在の位置 宮崎県高鍋町公式ホームページ TAKANABE TOWN 組織から探す 地域政策課 スポーツ スポーツ合宿 スポーツ合宿インタビュー スポーツ合宿 平成27年春季キャンプインタビュー スポーツ合宿 平成27年春季キャンプインタビュー 更新日：2019年07月12
25	高鍋町	スポーツ合宿 平成26年春季キャンプインタビュー	https://www.town.takanabe.lg.jp/soshiki/chiikiseisaku/8/2/sportsgassyukuinterview/2221.html	スポーツ合宿 平成26年春季キャンプインタビュー／高鍋町 本文へ 背景色 くらし 手続き 子育て 教育 健康･ 福祉・医療 文化 スポーツ 観光 お誘い 町政情報 事業者・ 産業・農業 組織から 探す 組織から探す 施設マップ 移住定住情報 サイト内検索 メニューを閉じる Select Language くらし/手続き 子ども・教育 健康・医療・福祉 文化・スポーツ 観光・お誘い 町政情報 事業者・産業・農業 組織から探す メニューを閉じる 現在の位置 宮崎県高鍋町公式ホームページ TAKANABE TOWN 組織から探す 地域政策課 スポーツ スポーツ合宿 スポーツ合宿インタビュー スポーツ合宿 平成26年春季キャンプインタビュー スポーツ合宿 平成26年春季キャンプインタビュー 更新日：2019年07月12
25	高鍋町	スポーツ合宿 平成25年春季キャンプインタビュー	https://www.town.takanabe.lg.jp/soshiki/chiikiseisaku/8/2/sportsgassyukuinterview/2222.html	スポーツ合宿 平成25年春季キャンプインタビュー／高鍋町 本文へ 背景色 くらし 手続き 子育て 教育 健康･ 福祉・医療 文化 スポーツ 観光 お誘い 町政情報 事業者・ 産業・農業 組織から 探す 組織から探す 施設マップ 移住定住情報 サイト内検索 メニューを閉じる Select Language くらし/手続き 子ども・教育 健康・医療・福祉 文化・スポーツ 観光・お誘い 町政情報 事業者・産業・農業 組織から探す メニューを閉じる 現在の位置 宮崎県高鍋町公式ホームページ TAKANABE TOWN 組織から探す 地域政策課 スポーツ スポーツ合宿 スポーツ合宿インタビュー スポーツ合宿 平成25年春季キャンプインタビュー スポーツ合宿 平成25年春季キャンプインタビュー 更新日：2019年07月12
25	高鍋町	スポーツ合宿 平成24年春季キャンプインタビュー	https://www.town.takanabe.lg.jp/soshiki/chiikiseisaku/8/2/sportsgassyukuinterview/2223.html	スポーツ合宿 平成24年春季キャンプインタビュー／高鍋町 本文へ 背景色 くらし 手続き 子育て 教育 健康･ 福祉・医療 文化 スポーツ 観光 お誘い 町政情報 事業者・ 産業・農業 組織から 探す 組織から探す 施設マップ 移住定住情報 サイト内検索 メニューを閉じる Select Language くらし/手続き 子ども・教育 健康・医療・福祉 文化・スポーツ 観光・お誘い 町政情報 事業者・産業・農業 組織から探す メニューを閉じる 現在の位置 宮崎県高鍋町公式ホームページ TAKANABE TOWN 組織から探す 地域政策課 スポーツ スポーツ合宿 スポーツ合宿インタビュー スポーツ合宿 平成24年春季キャンプインタビュー スポーツ合宿 平成24年春季キャンプインタビュー 更新日：2019年07月12
25	高鍋町	スポーツ合宿 平成23年春季キャンプインタビュー	https://www.town.takanabe.lg.jp/soshiki/chiikiseisaku/8/2/sportsgassyukuinterview/2224.html	スポーツ合宿 平成23年春季キャンプインタビュー／高鍋町 本文へ 背景色 くらし 手続き 子育て 教育 健康･ 福祉・医療 文化 スポーツ 観光 お誘い 町政情報 事業者・ 産業・農業 組織から 探す 組織から探す 施設マップ 移住定住情報 サイト内検索 メニューを閉じる Select Language くらし/手続き 子ども・教育 健康・医療・福祉 文化・スポーツ 観光・お誘い 町政情報 事業者・産業・農業 組織から探す メニューを閉じる 現在の位置 宮崎県高鍋町公式ホームページ TAKANABE TOWN 組織から探す 地域政策課 スポーツ スポーツ合宿 スポーツ合宿インタビュー スポーツ合宿 平成23年春季キャンプインタビュー スポーツ合宿 平成23年春季キャンプインタビュー 更新日：2019年07月12
25	高鍋町	スポーツ合宿 平成29年春季キャンプインタビュー	https://www.town.takanabe.lg.jp/soshiki/chiikiseisaku/8/2/sportsgassyukuinterview/2218.html	スポーツ合宿 平成29年春季キャンプインタビュー／高鍋町 本文へ 背景色 くらし 手続き 子育て 教育 健康･ 福祉・医療 文化 スポーツ 観光 お誘い 町政情報 事業者・ 産業・農業 組織から 探す 組織から探す 施設マップ 移住定住情報 サイト内検索 メニューを閉じる Select Language くらし/手続き 子ども・教育 健康・医療・福祉 文化・スポーツ 観光・お誘い 町政情報 事業者・産業・農業 組織から探す メニューを閉じる 現在の位置 宮崎県高鍋町公式ホームページ TAKANABE TOWN 組織から探す 地域政策課 スポーツ スポーツ合宿 スポーツ合宿インタビュー スポーツ合宿 平成29年春季キャンプインタビュー スポーツ合宿 平成29年春季キャンプインタビュー 更新日：2019年07月12
25	高鍋町	スポーツ合宿 平成28年春季キャンプインタビュー	https://www.town.takanabe.lg.jp/soshiki/chiikiseisaku/8/2/sportsgassyukuinterview/2219.html	スポーツ合宿 平成28年春季キャンプインタビュー／高鍋町 本文へ 背景色 くらし 手続き 子育て 教育 健康･ 福祉・医療 文化 スポーツ 観光 お誘い 町政情報 事業者・ 産業・農業 組織から 探す 組織から探す 施設マップ 移住定住情報 サイト内検索 メニューを閉じる Select Language くらし/手続き 子ども・教育 健康・医療・福祉 文化・スポーツ 観光・お誘い 町政情報 事業者・産業・農業 組織から探す メニューを閉じる 現在の位置 宮崎県高鍋町公式ホームページ TAKANABE TOWN 組織から探す 地域政策課 スポーツ スポーツ合宿 スポーツ合宿インタビュー スポーツ合宿 平成28年春季キャンプインタビュー スポーツ合宿 平成28年春季キャンプインタビュー 更新日：2019年07月12
25	高鍋町	スポーツ合宿 平成22年春季キャンプインタビュー	https://www.town.takanabe.lg.jp/soshiki/chiikiseisaku/8/2/sportsgassyukuinterview/2225.html	スポーツ合宿 平成22年春季キャンプインタビュー／高鍋町 本文へ 背景色 くらし 手続き 子育て 教育 健康･ 福祉・医療 文化 スポーツ 観光 お誘い 町政情報 事業者・ 産業・農業 組織から 探す 組織から探す 施設マップ 移住定住情報 サイト内検索 メニューを閉じる Select Language くらし/手続き 子ども・教育 健康・医療・福祉 文化・スポーツ 観光・お誘い 町政情報 事業者・産業・農業 組織から探す メニューを閉じる 現在の位置 宮崎県高鍋町公式ホームページ TAKANABE TOWN 組織から探す 地域政策課 スポーツ スポーツ合宿 スポーツ合宿インタビュー スポーツ合宿 平成22年春季キャンプインタビュー スポーツ合宿 平成22年春季キャンプインタビュー 更新日：2019年07月12
25	高鍋町	スポーツ合宿 平成23年春季キャンプインタビュー	https://www.town.takanabe.lg.jp/soshiki/chiikiseisaku/8/sportsgassyukuinterview/2169.html	スポーツ合宿 平成23年春季キャンプインタビュー／高鍋町 本文へ 背景色 くらし 手続き 子育て 教育 健康･ 福祉・医療 文化 スポーツ 観光 お誘い 町政情報 事業者・ 産業・農業 組織から 探す 組織から探す 施設マップ 移住定住情報 サイト内検索 メニューを閉じる Select Language くらし/手続き 子ども・教育 健康・医療・福祉 文化・スポーツ 観光・お誘い 町政情報 事業者・産業・農業 組織から探す メニューを閉じる 現在の位置 宮崎県高鍋町公式ホームページ TAKANABE TOWN 組織から探す 地域政策課 スポーツ スポーツ合宿インタビュー スポーツ合宿 平成23年春季キャンプインタビュー スポーツ合宿 平成23年春季キャンプインタビュー 更新日：2019年05月31日 1.JFE
25	高鍋町	スポーツ合宿インタビュー	https://www.town.takanabe.lg.jp/soshiki/chiikiseisaku/8/sportsgassyukuinterview/index.html	スポーツ合宿インタビュー／高鍋町 本文へ 背景色 くらし 手続き 子育て 教育 健康･ 福祉・医療 文化 スポーツ 観光 お誘い 町政情報 事業者・ 産業・農業 組織から 探す 組織から探す 施設マップ 移住定住情報 サイト内検索 メニューを閉じる Select Language くらし/手続き 子ども・教育 健康・医療・福祉 文化・スポーツ 観光・お誘い 町政情報 事業者・産業・農業 組織から探す メニューを閉じる 現在の位置 宮崎県高鍋町公式ホームページ TAKANABE TOWN 組織から探す 地域政策課 スポーツ スポーツ合宿インタビュー スポーツ合宿インタビュー 更新日：2019年05月31日 スポーツ合宿 平成27年春季キャンプインタビュー スポーツ合宿 平成26年春季キャンプインタビュー スポーツ
24	高鍋町	子ども・子育て支援新制度	https://www.town.takanabe.lg.jp/kosodate_kyoiku/kosodate/1354.html	子ども・子育て支援新制度／高鍋町 本文へ 背景色 くらし 手続き 子育て 教育 健康･ 福祉・医療 文化 スポーツ 観光 お誘い 町政情報 事業者・ 産業・農業 組織から 探す 組織から探す 施設マップ 移住定住情報 サイト内検索 メニューを閉じる Select Language くらし/手続き 子ども・教育 健康・医療・福祉 文化・スポーツ 観光・お誘い 町政情報 事業者・産業・農業 組織から探す メニューを閉じる 現在の位置 宮崎県高鍋町公式ホームページ TAKANABE TOWN 子育て・教育 子育て 子ども・子育て支援新制度 子ども・子育て支援新制度 更新日：2024年09月01日 子ども・子育て支援新制度のポイント 新制度は、「待機児童の解消、小1の壁の打破、子育ての不安の解消」など、子どもや子育てを
24	高鍋町	子ども・子育て支援新制度	https://www.town.takanabe.lg.jp/lifeevent/ninshin_shussan_kosodate/1647.html	子ども・子育て支援新制度／高鍋町 本文へ 背景色 くらし 手続き 子育て 教育 健康･ 福祉・医療 文化 スポーツ 観光 お誘い 町政情報 事業者・ 産業・農業 組織から 探す 組織から探す 施設マップ 移住定住情報 サイト内検索 メニューを閉じる Select Language くらし/手続き 子ども・教育 健康・医療・福祉 文化・スポーツ 観光・お誘い 町政情報 事業者・産業・農業 組織から探す メニューを閉じる 現在の位置 宮崎県高鍋町公式ホームページ TAKANABE TOWN ライフシーンでさがす 妊娠・出産・子育て 子ども・子育て支援新制度 子ども・子育て支援新制度 更新日：2024年09月01日 子ども・子育て支援新制度のポイント 新制度は、「待機児童の解消、小1の壁の打破、子育ての不安の解消」な
24	高鍋町	宮崎県最低賃金が時間額897円に改定	https://www.town.takanabe.lg.jp/soshiki/chiikiseisaku/7/1/1/903.html	宮崎県最低賃金が時間額897円に改定／高鍋町 本文へ 背景色 くらし 手続き 子育て 教育 健康･ 福祉・医療 文化 スポーツ 観光 お誘い 町政情報 事業者・ 産業・農業 組織から 探す 組織から探す 施設マップ 移住定住情報 サイト内検索 メニューを閉じる Select Language くらし/手続き 子ども・教育 健康・医療・福祉 文化・スポーツ 観光・お誘い 町政情報 事業者・産業・農業 組織から探す メニューを閉じる 現在の位置 宮崎県高鍋町公式ホームページ TAKANABE TOWN 組織から探す 地域政策課 町政情報 計画・政策 協働のまちづくり 宮崎県最低賃金が時間額897円に改定 宮崎県最低賃金が時間額897円に改定 更新日：2023年07月18日 宮崎県最低賃金は、本年10月6日から「時間
24	高鍋町	広報たかなべ(平成27年度)	https://www.town.takanabe.lg.jp/soshiki/chiikiseisaku/7/2/2/557.html	広報たかなべ(平成27年度)／高鍋町 本文へ 背景色 くらし 手続き 子育て 教育 健康･ 福祉・医療 文化 スポーツ 観光 お誘い 町政情報 事業者・ 産業・農業 組織から 探す 組織から探す 施設マップ 移住定住情報 サイト内検索 メニューを閉じる Select Language くらし/手続き 子ども・教育 健康・医療・福祉 文化・スポーツ 観光・お誘い 町政情報 事業者・産業・農業 組織から探す メニューを閉じる 現在の位置 宮崎県高鍋町公式ホームページ TAKANABE TOWN 組織から探す 地域政策課 町政情報 広報・広聴 広報たかなべ 広報たかなべ(平成27年度) 広報たかなべ(平成27年度) 更新日：2018年11月30日 広報たかなべでは、行政情報をはじめ、くらしやイベント、まちの話題など、
24	高鍋町	スポーツ合宿の案内	https://www.town.takanabe.lg.jp/soshiki/chiikiseisaku/8/2145.html	スポーツ合宿の案内／高鍋町 本文へ 背景色 くらし 手続き 子育て 教育 健康･ 福祉・医療 文化 スポーツ 観光 お誘い 町政情報 事業者・ 産業・農業 組織から 探す 組織から探す 施設マップ 移住定住情報 サイト内検索 メニューを閉じる Select Language くらし/手続き 子ども・教育 健康・医療・福祉 文化・スポーツ 観光・お誘い 町政情報 事業者・産業・農業 組織から探す メニューを閉じる 現在の位置 宮崎県高鍋町公式ホームページ TAKANABE TOWN 組織から探す 地域政策課 スポーツ スポーツ合宿の案内 スポーツ合宿の案内 更新日：2019年05月31日 1年を通して温暖な気候に恵まれ、冬場も黒潮の影響で暖かい町です。 高鍋町でスポーツ合宿をしませんか? 高鍋町は、県の中央部に位
23	高鍋町	観光・お誘い	https://www.town.takanabe.lg.jp/kanko_osasoi/index.html	観光・お誘い／高鍋町 本文へ 背景色 くらし 手続き 子育て 教育 健康･ 福祉・医療 文化 スポーツ 観光 お誘い 町政情報 事業者・ 産業・農業 組織から 探す 組織から探す 施設マップ 移住定住情報 サイト内検索 メニューを閉じる Select Language くらし/手続き 子ども・教育 健康・医療・福祉 文化・スポーツ 観光・お誘い 町政情報 事業者・産業・農業 組織から探す メニューを閉じる 現在の位置 宮崎県高鍋町公式ホームページ TAKANABE TOWN 観光・お誘い 観光・お誘い 更新日：2018年11月30日 観光情報 移住・定住 高鍋町ふるさと応援大使 町人会組織 English Tourist Information RVパークsmart【高鍋】 蚊口海浜公園キャンプ施設 宮崎県高鍋
23	高鍋町	入園・入学	https://www.town.takanabe.lg.jp/lifeevent/nyuen_nyugaku/index.html	入園・入学／高鍋町 本文へ 背景色 くらし 手続き 子育て 教育 健康･ 福祉・医療 文化 スポーツ 観光 お誘い 町政情報 事業者・ 産業・農業 組織から 探す 組織から探す 施設マップ 移住定住情報 サイト内検索 メニューを閉じる Select Language くらし/手続き 子ども・教育 健康・医療・福祉 文化・スポーツ 観光・お誘い 町政情報 事業者・産業・農業 組織から探す メニューを閉じる 現在の位置 宮崎県高鍋町公式ホームページ TAKANABE TOWN ライフシーンでさがす 入園・入学 入園・入学 更新日：2024年04月01日 町内の教育機関 保育所等入所のご案内 高鍋町放課後児童クラブ入会のご案内 ライフシーンでさがす ライフシーンで探す 妊娠・ 出産・子育て 入園・入学 就職・退職 結
23	高鍋町	引っ越し	https://www.town.takanabe.lg.jp/lifeevent/hikoshi/index.html	引っ越し／高鍋町 本文へ 背景色 くらし 手続き 子育て 教育 健康･ 福祉・医療 文化 スポーツ 観光 お誘い 町政情報 事業者・ 産業・農業 組織から 探す 組織から探す 施設マップ 移住定住情報 サイト内検索 メニューを閉じる Select Language くらし/手続き 子ども・教育 健康・医療・福祉 文化・スポーツ 観光・お誘い 町政情報 事業者・産業・農業 組織から探す メニューを閉じる 現在の位置 宮崎県高鍋町公式ホームページ TAKANABE TOWN ライフシーンでさがす 引っ越し 引っ越し 更新日：2018年11月30日 戸籍・住民票・印鑑などの届出について 生活関連インフラの手続き ライフシーンでさがす ライフシーンで探す 妊娠・ 出産・子育て 入園・入学 就職・退職 結婚・離婚 引っ越
23	高鍋町	高齢者・介護	https://www.town.takanabe.lg.jp/lifeevent/koreisha_kaigo/index.html	高齢者・介護／高鍋町 本文へ 背景色 くらし 手続き 子育て 教育 健康･ 福祉・医療 文化 スポーツ 観光 お誘い 町政情報 事業者・ 産業・農業 組織から 探す 組織から探す 施設マップ 移住定住情報 サイト内検索 メニューを閉じる Select Language くらし/手続き 子ども・教育 健康・医療・福祉 文化・スポーツ 観光・お誘い 町政情報 事業者・産業・農業 組織から探す メニューを閉じる 現在の位置 宮崎県高鍋町公式ホームページ TAKANABE TOWN ライフシーンでさがす 高齢者・介護 高齢者・介護 更新日：2020年01月28日 届出関連 地域密着型サービス・居宅介護支援関連 介護予防・日常生活支援総合事業関連 加算関連 各種様式（介護保険関連） 介護予防・日常生活支援総合事業のみなし
23	高鍋町	税金	https://www.town.takanabe.lg.jp/lifeevent/zeikin/index.html	税金／高鍋町 本文へ 背景色 くらし 手続き 子育て 教育 健康･ 福祉・医療 文化 スポーツ 観光 お誘い 町政情報 事業者・ 産業・農業 組織から 探す 組織から探す 施設マップ 移住定住情報 サイト内検索 メニューを閉じる Select Language くらし/手続き 子ども・教育 健康・医療・福祉 文化・スポーツ 観光・お誘い 町政情報 事業者・産業・農業 組織から探す メニューを閉じる 現在の位置 宮崎県高鍋町公式ホームページ TAKANABE TOWN ライフシーンでさがす 税金 税金 更新日：2020年12月15日 法人町民税 国民健康保険税について 固定資産税について 税に関する証明 給与所得者の個人住民税の特別徴収の実施について 軽自動車税について 町税の電子申告(eLTAX)について 高鍋
23	高鍋町	高鍋町について	https://www.town.takanabe.lg.jp/choseijoho/takanabemachi/index.html	高鍋町について／高鍋町 本文へ 背景色 くらし 手続き 子育て 教育 健康･ 福祉・医療 文化 スポーツ 観光 お誘い 町政情報 事業者・ 産業・農業 組織から 探す 組織から探す 施設マップ 移住定住情報 サイト内検索 メニューを閉じる Select Language くらし/手続き 子ども・教育 健康・医療・福祉 文化・スポーツ 観光・お誘い 町政情報 事業者・産業・農業 組織から探す メニューを閉じる 現在の位置 宮崎県高鍋町公式ホームページ TAKANABE TOWN 町政情報 高鍋町について 高鍋町について 更新日：2018年11月30日 高鍋町について 高鍋の人物 高鍋の歴史と文化 高鍋町の姉妹都市 高鍋町の魅力 高鍋町史 町勢要覧 町政情報 ライフシーンで探す 妊娠・ 出産・子育て 入園・入学 就
23	高鍋町	家庭ごみの出し方検索	https://www.town.takanabe.lg.jp/kurashi_tetsuzuki/gomi_kankyo_eisei/kateigomi/index.html	家庭ごみの出し方検索／高鍋町 本文へ 背景色 くらし 手続き 子育て 教育 健康･ 福祉・医療 文化 スポーツ 観光 お誘い 町政情報 事業者・ 産業・農業 組織から 探す 組織から探す 施設マップ 移住定住情報 サイト内検索 メニューを閉じる Select Language くらし/手続き 子ども・教育 健康・医療・福祉 文化・スポーツ 観光・お誘い 町政情報 事業者・産業・農業 組織から探す メニューを閉じる 現在の位置 宮崎県高鍋町公式ホームページ TAKANABE TOWN くらし・手続き ゴミ・環境・衛生 家庭ごみの出し方検索 家庭ごみの出し方検索 更新日：2018年11月30日 家庭ごみの出し方検索 ゴミ・環境・衛生 ライフシーンで探す 妊娠・ 出産・子育て 入園・入学 就職・退職 結婚・離婚 引っ
23	高鍋町	地区別収集日検索	https://www.town.takanabe.lg.jp/kurashi_tetsuzuki/gomi_kankyo_eisei/chikubetusearch/index.html	地区別収集日検索／高鍋町 本文へ 背景色 くらし 手続き 子育て 教育 健康･ 福祉・医療 文化 スポーツ 観光 お誘い 町政情報 事業者・ 産業・農業 組織から 探す 組織から探す 施設マップ 移住定住情報 サイト内検索 メニューを閉じる Select Language くらし/手続き 子ども・教育 健康・医療・福祉 文化・スポーツ 観光・お誘い 町政情報 事業者・産業・農業 組織から探す メニューを閉じる 現在の位置 宮崎県高鍋町公式ホームページ TAKANABE TOWN くらし・手続き ゴミ・環境・衛生 地区別収集日検索 地区別収集日検索 更新日：2018年11月30日 地区別収集日検索 ゴミ・環境・衛生 ライフシーンで探す 妊娠・ 出産・子育て 入園・入学 就職・退職 結婚・離婚 引っ越し・ おくやみ
23	高鍋町	学校・教育	https://www.town.takanabe.lg.jp/kosodate_kyoiku/gakko_kyoiku/index.html	学校・教育／高鍋町 本文へ 背景色 くらし 手続き 子育て 教育 健康･ 福祉・医療 文化 スポーツ 観光 お誘い 町政情報 事業者・ 産業・農業 組織から 探す 組織から探す 施設マップ 移住定住情報 サイト内検索 メニューを閉じる Select Language くらし/手続き 子ども・教育 健康・医療・福祉 文化・スポーツ 観光・お誘い 町政情報 事業者・産業・農業 組織から探す メニューを閉じる 現在の位置 宮崎県高鍋町公式ホームページ TAKANABE TOWN 子育て・教育 学校・教育 学校・教育 更新日：2018年11月30日 社会教育関連 町内の教育機関 子育て・教育 ライフシーンで探す 妊娠・ 出産・子育て 入園・入学 就職・退職 結婚・離婚 引っ越し・ おくやみ 高齢者 介護 手当・ 助成・
23	高鍋町	生涯学習	https://www.town.takanabe.lg.jp/kosodate_kyoiku/shogaigakushu/index.html	生涯学習／高鍋町 本文へ 背景色 くらし 手続き 子育て 教育 健康･ 福祉・医療 文化 スポーツ 観光 お誘い 町政情報 事業者・ 産業・農業 組織から 探す 組織から探す 施設マップ 移住定住情報 サイト内検索 メニューを閉じる Select Language くらし/手続き 子ども・教育 健康・医療・福祉 文化・スポーツ 観光・お誘い 町政情報 事業者・産業・農業 組織から探す メニューを閉じる 現在の位置 宮崎県高鍋町公式ホームページ TAKANABE TOWN 子育て・教育 生涯学習 生涯学習 更新日：2018年11月30日 平成26年度 平成27年度 平成28年度 平成29年度 令和元年度 令和3年度 令和4年度 令和5年度 令和6年度 高鍋町農産物加工施設「たかなべ食彩工房」 令和7年度 子育て・
23	高鍋町	妊娠・出産	https://www.town.takanabe.lg.jp/kosodate_kyoiku/ninshin_shussan/index.html	妊娠・出産／高鍋町 本文へ 背景色 くらし 手続き 子育て 教育 健康･ 福祉・医療 文化 スポーツ 観光 お誘い 町政情報 事業者・ 産業・農業 組織から 探す 組織から探す 施設マップ 移住定住情報 サイト内検索 メニューを閉じる Select Language くらし/手続き 子ども・教育 健康・医療・福祉 文化・スポーツ 観光・お誘い 町政情報 事業者・産業・農業 組織から探す メニューを閉じる 現在の位置 宮崎県高鍋町公式ホームページ TAKANABE TOWN 子育て・教育 妊娠・出産 妊娠・出産 更新日：2026年04月10日 妊婦向けRSウイルスワクチン 子育て・教育 ライフシーンで探す 妊娠・ 出産・子育て 入園・入学 就職・退職 結婚・離婚 引っ越し・ おくやみ 高齢者 介護 手当・ 助成・
23	高鍋町	町の機関・施設	https://www.town.takanabe.lg.jp/choseijoho/kikan_shisetsu/index.html	町の機関・施設／高鍋町 本文へ 背景色 くらし 手続き 子育て 教育 健康･ 福祉・医療 文化 スポーツ 観光 お誘い 町政情報 事業者・ 産業・農業 組織から 探す 組織から探す 施設マップ 移住定住情報 サイト内検索 メニューを閉じる Select Language くらし/手続き 子ども・教育 健康・医療・福祉 文化・スポーツ 観光・お誘い 町政情報 事業者・産業・農業 組織から探す メニューを閉じる 現在の位置 宮崎県高鍋町公式ホームページ TAKANABE TOWN 町政情報 町の機関・施設 町の機関・施設 更新日：2018年11月30日 図書館 各課の業務案内 組織図 西都児湯斎場「再生の杜」について 町内の公的機関・施設 RVパークsmart【高鍋】 西都児湯消費生活相談センターについて 高鍋町中
23	高鍋町	平成24年度事務事業評価結果	https://www.town.takanabe.lg.jp/choseijoho/keikaku_seisaku/3/1370.html	平成24年度事務事業評価結果／高鍋町 本文へ 背景色 くらし 手続き 子育て 教育 健康･ 福祉・医療 文化 スポーツ 観光 お誘い 町政情報 事業者・ 産業・農業 組織から 探す 組織から探す 施設マップ 移住定住情報 サイト内検索 メニューを閉じる Select Language くらし/手続き 子ども・教育 健康・医療・福祉 文化・スポーツ 観光・お誘い 町政情報 事業者・産業・農業 組織から探す メニューを閉じる 現在の位置 宮崎県高鍋町公式ホームページ TAKANABE TOWN 町政情報 計画・政策 事務事業評価 平成24年度事務事業評価結果 平成24年度事務事業評価結果 更新日：2018年11月30日 平成23年度に実施した事業についてヒアリングを行いました。 委員会における2次評価の結果、「拡充
23	高鍋町	高鍋町史	https://www.town.takanabe.lg.jp/choseijoho/takanabemachi/1/index.html	高鍋町史／高鍋町 本文へ 背景色 くらし 手続き 子育て 教育 健康･ 福祉・医療 文化 スポーツ 観光 お誘い 町政情報 事業者・ 産業・農業 組織から 探す 組織から探す 施設マップ 移住定住情報 サイト内検索 メニューを閉じる Select Language くらし/手続き 子ども・教育 健康・医療・福祉 文化・スポーツ 観光・お誘い 町政情報 事業者・産業・農業 組織から探す メニューを閉じる 現在の位置 宮崎県高鍋町公式ホームページ TAKANABE TOWN 町政情報 高鍋町について 高鍋町史 高鍋町史 更新日：2018年11月30日 高鍋町史 高鍋町史 続編 高鍋町について ライフシーンで探す 妊娠・ 出産・子育て 入園・入学 就職・退職 結婚・離婚 引っ越し・ おくやみ 高齢者 介護 手当・ 助
23	高鍋町	町勢要覧	https://www.town.takanabe.lg.jp/choseijoho/takanabemachi/choseiyoran/index.html	町勢要覧／高鍋町 本文へ 背景色 くらし 手続き 子育て 教育 健康･ 福祉・医療 文化 スポーツ 観光 お誘い 町政情報 事業者・ 産業・農業 組織から 探す 組織から探す 施設マップ 移住定住情報 サイト内検索 メニューを閉じる Select Language くらし/手続き 子ども・教育 健康・医療・福祉 文化・スポーツ 観光・お誘い 町政情報 事業者・産業・農業 組織から探す メニューを閉じる 現在の位置 宮崎県高鍋町公式ホームページ TAKANABE TOWN 町政情報 高鍋町について 町勢要覧 町勢要覧 更新日：2018年11月30日 町勢要覧 町勢要覧2012 高鍋町について ライフシーンで探す 妊娠・ 出産・子育て 入園・入学 就職・退職 結婚・離婚 引っ越し・ おくやみ 高齢者 介護 手当・
23	高鍋町	社会教育関連	https://www.town.takanabe.lg.jp/kosodate_kyoiku/gakko_kyoiku/1/index.html	社会教育関連／高鍋町 本文へ 背景色 くらし 手続き 子育て 教育 健康･ 福祉・医療 文化 スポーツ 観光 お誘い 町政情報 事業者・ 産業・農業 組織から 探す 組織から探す 施設マップ 移住定住情報 サイト内検索 メニューを閉じる Select Language くらし/手続き 子ども・教育 健康・医療・福祉 文化・スポーツ 観光・お誘い 町政情報 事業者・産業・農業 組織から探す メニューを閉じる 現在の位置 宮崎県高鍋町公式ホームページ TAKANABE TOWN 子育て・教育 学校・教育 社会教育関連 社会教育関連 更新日：2018年11月30日 学校支援ボランティアの募集 学校・教育 ライフシーンで探す 妊娠・ 出産・子育て 入園・入学 就職・退職 結婚・離婚 引っ越し・ おくやみ 高齢者 介護
23	高鍋町	平成26年度	https://www.town.takanabe.lg.jp/kosodate_kyoiku/shogaigakushu/1/index.html	平成26年度／高鍋町 本文へ 背景色 くらし 手続き 子育て 教育 健康･ 福祉・医療 文化 スポーツ 観光 お誘い 町政情報 事業者・ 産業・農業 組織から 探す 組織から探す 施設マップ 移住定住情報 サイト内検索 メニューを閉じる Select Language くらし/手続き 子ども・教育 健康・医療・福祉 文化・スポーツ 観光・お誘い 町政情報 事業者・産業・農業 組織から探す メニューを閉じる 現在の位置 宮崎県高鍋町公式ホームページ TAKANABE TOWN 子育て・教育 生涯学習 平成26年度 平成26年度 更新日：2018年11月30日 リーダー研修 平成26年7月25日(金曜)～26日(土曜) 生涯学習(平成26年度) 生涯学習 ライフシーンで探す 妊娠・ 出産・子育て 入園・入学 就職・
23	高鍋町	平成27年度	https://www.town.takanabe.lg.jp/kosodate_kyoiku/shogaigakushu/2/index.html	平成27年度／高鍋町 本文へ 背景色 くらし 手続き 子育て 教育 健康･ 福祉・医療 文化 スポーツ 観光 お誘い 町政情報 事業者・ 産業・農業 組織から 探す 組織から探す 施設マップ 移住定住情報 サイト内検索 メニューを閉じる Select Language くらし/手続き 子ども・教育 健康・医療・福祉 文化・スポーツ 観光・お誘い 町政情報 事業者・産業・農業 組織から探す メニューを閉じる 現在の位置 宮崎県高鍋町公式ホームページ TAKANABE TOWN 子育て・教育 生涯学習 平成27年度 平成27年度 更新日：2018年11月30日 生涯学習(平成27年度) リーダー研修 平成27年7月27日(月曜)～28日(火曜) 子ども会親善レクリエーション大会 平成27年7月25日(土曜) 生涯学
23	高鍋町	平成28年度	https://www.town.takanabe.lg.jp/kosodate_kyoiku/shogaigakushu/3/index.html	平成28年度／高鍋町 本文へ 背景色 くらし 手続き 子育て 教育 健康･ 福祉・医療 文化 スポーツ 観光 お誘い 町政情報 事業者・ 産業・農業 組織から 探す 組織から探す 施設マップ 移住定住情報 サイト内検索 メニューを閉じる Select Language くらし/手続き 子ども・教育 健康・医療・福祉 文化・スポーツ 観光・お誘い 町政情報 事業者・産業・農業 組織から探す メニューを閉じる 現在の位置 宮崎県高鍋町公式ホームページ TAKANABE TOWN 子育て・教育 生涯学習 平成28年度 平成28年度 更新日：2018年11月30日 生涯学習(平成28年度) リーダー研修 平成28年8月7日(日曜)～9日(火曜) 子ども会親善レクリエーション大会 平成28年7月30日(土曜日) 生涯学習
23	高鍋町	平成29年度	https://www.town.takanabe.lg.jp/kosodate_kyoiku/shogaigakushu/4/index.html	平成29年度／高鍋町 本文へ 背景色 くらし 手続き 子育て 教育 健康･ 福祉・医療 文化 スポーツ 観光 お誘い 町政情報 事業者・ 産業・農業 組織から 探す 組織から探す 施設マップ 移住定住情報 サイト内検索 メニューを閉じる Select Language くらし/手続き 子ども・教育 健康・医療・福祉 文化・スポーツ 観光・お誘い 町政情報 事業者・産業・農業 組織から探す メニューを閉じる 現在の位置 宮崎県高鍋町公式ホームページ TAKANABE TOWN 子育て・教育 生涯学習 平成29年度 平成29年度 更新日：2018年11月30日 生涯学習(平成29年度) 子ども会親善レクリエーション大会 平成29年7月30日(日曜日) 高鍋町子ども会リーダー研修（平成29年8月21日（月曜日）～23
23	高鍋町	平成30年度	https://www.town.takanabe.lg.jp/kosodate_kyoiku/shogaigakushu/5/index.html	平成30年度／高鍋町 本文へ 背景色 くらし 手続き 子育て 教育 健康･ 福祉・医療 文化 スポーツ 観光 お誘い 町政情報 事業者・ 産業・農業 組織から 探す 組織から探す 施設マップ 移住定住情報 サイト内検索 メニューを閉じる Select Language くらし/手続き 子ども・教育 健康・医療・福祉 文化・スポーツ 観光・お誘い 町政情報 事業者・産業・農業 組織から探す メニューを閉じる 現在の位置 宮崎県高鍋町公式ホームページ TAKANABE TOWN 子育て・教育 生涯学習 平成30年度 平成30年度 更新日：2018年11月30日 生涯学習 ライフシーンで探す 妊娠・ 出産・子育て 入園・入学 就職・退職 結婚・離婚 引っ越し・ おくやみ 高齢者 介護 手当・ 助成・証明 税金 検診
23	高鍋町	高鍋町二十歳の集い（旧成人式）	https://www.town.takanabe.lg.jp/kosodate_kyoiku/shogaigakushu/hatatinotudoi/index.html	高鍋町二十歳の集い（旧成人式）／高鍋町 本文へ 背景色 くらし 手続き 子育て 教育 健康･ 福祉・医療 文化 スポーツ 観光 お誘い 町政情報 事業者・ 産業・農業 組織から 探す 組織から探す 施設マップ 移住定住情報 サイト内検索 メニューを閉じる Select Language くらし/手続き 子ども・教育 健康・医療・福祉 文化・スポーツ 観光・お誘い 町政情報 事業者・産業・農業 組織から探す メニューを閉じる 現在の位置 宮崎県高鍋町公式ホームページ TAKANABE TOWN 子育て・教育 生涯学習 高鍋町二十歳の集い（旧成人式） 高鍋町二十歳の集い（旧成人式） 更新日：2022年09月29日 この記事に関するお問い合わせ先 高鍋町美術館 〒884-0003 宮崎県児湯郡高鍋町大字南高鍋6916
23	高鍋町	令和元年度	https://www.town.takanabe.lg.jp/kosodate_kyoiku/shogaigakushu/reiwagannnenndo/index.html	令和元年度／高鍋町 本文へ 背景色 くらし 手続き 子育て 教育 健康･ 福祉・医療 文化 スポーツ 観光 お誘い 町政情報 事業者・ 産業・農業 組織から 探す 組織から探す 施設マップ 移住定住情報 サイト内検索 メニューを閉じる Select Language くらし/手続き 子ども・教育 健康・医療・福祉 文化・スポーツ 観光・お誘い 町政情報 事業者・産業・農業 組織から探す メニューを閉じる 現在の位置 宮崎県高鍋町公式ホームページ TAKANABE TOWN 子育て・教育 生涯学習 令和元年度 令和元年度 更新日：2019年09月17日 リーダー研修 令和元年度「夏クラブ」～夏休みわくわく子ども教室～ 高鍋町子ども会親善レクリエーション大会 令和元年度子どもふれあい創作活動 生涯学習 ライフシーン
23	高鍋町	令和3年度	https://www.town.takanabe.lg.jp/kosodate_kyoiku/shogaigakushu/reiwasannnenndo/index.html	令和3年度／高鍋町 本文へ 背景色 くらし 手続き 子育て 教育 健康･ 福祉・医療 文化 スポーツ 観光 お誘い 町政情報 事業者・ 産業・農業 組織から 探す 組織から探す 施設マップ 移住定住情報 サイト内検索 メニューを閉じる Select Language くらし/手続き 子ども・教育 健康・医療・福祉 文化・スポーツ 観光・お誘い 町政情報 事業者・産業・農業 組織から探す メニューを閉じる 現在の位置 宮崎県高鍋町公式ホームページ TAKANABE TOWN 子育て・教育 生涯学習 令和3年度 令和3年度 更新日：2021年05月27日 成年年齢引下げ特設ウェブサイト「大人への道しるべ」について この記事に関するお問い合わせ先 高鍋町美術館 〒884-0003 宮崎県児湯郡高鍋町大字南高鍋6916
23	高鍋町	加算関連	https://www.town.takanabe.lg.jp/lifeevent/koreisha_kaigo/1629.html	加算関連／高鍋町 本文へ 背景色 くらし 手続き 子育て 教育 健康･ 福祉・医療 文化 スポーツ 観光 お誘い 町政情報 事業者・ 産業・農業 組織から 探す 組織から探す 施設マップ 移住定住情報 サイト内検索 メニューを閉じる Select Language くらし/手続き 子ども・教育 健康・医療・福祉 文化・スポーツ 観光・お誘い 町政情報 事業者・産業・農業 組織から探す メニューを閉じる 現在の位置 宮崎県高鍋町公式ホームページ TAKANABE TOWN ライフシーンでさがす 高齢者・介護 加算関連 加算関連 更新日：2024年04月01日 1.届出の手続きについて （1）各サービス事業所において、新たな加算等の追加や変更等が生じた場合には、届出を行う必要があります。 （2）届出は、該当する様式
23	高鍋町	高鍋町あんしん見守りネットワーク	https://www.town.takanabe.lg.jp/lifeevent/koreisha_kaigo/7/index.html	高鍋町あんしん見守りネットワーク／高鍋町 本文へ 背景色 くらし 手続き 子育て 教育 健康･ 福祉・医療 文化 スポーツ 観光 お誘い 町政情報 事業者・ 産業・農業 組織から 探す 組織から探す 施設マップ 移住定住情報 サイト内検索 メニューを閉じる Select Language くらし/手続き 子ども・教育 健康・医療・福祉 文化・スポーツ 観光・お誘い 町政情報 事業者・産業・農業 組織から探す メニューを閉じる 現在の位置 宮崎県高鍋町公式ホームページ TAKANABE TOWN ライフシーンでさがす 高齢者・介護 高鍋町あんしん見守りネットワーク 高鍋町あんしん見守りネットワーク 更新日：2019年01月25日 「高鍋町あんしん見守りネットワーク事業」について 「高鍋町あんしん見守りネットワーク
23	高鍋町	高鍋町高齢者等発見ネットワーク	https://www.town.takanabe.lg.jp/lifeevent/koreisha_kaigo/takanabechoansin_1/index.html	高鍋町高齢者等発見ネットワーク／高鍋町 本文へ 背景色 くらし 手続き 子育て 教育 健康･ 福祉・医療 文化 スポーツ 観光 お誘い 町政情報 事業者・ 産業・農業 組織から 探す 組織から探す 施設マップ 移住定住情報 サイト内検索 メニューを閉じる Select Language くらし/手続き 子ども・教育 健康・医療・福祉 文化・スポーツ 観光・お誘い 町政情報 事業者・産業・農業 組織から探す メニューを閉じる 現在の位置 宮崎県高鍋町公式ホームページ TAKANABE TOWN ライフシーンでさがす 高齢者・介護 高鍋町高齢者等発見ネットワーク 高鍋町高齢者等発見ネットワーク 更新日：2019年01月25日 高鍋町高齢者等発見ネットワークについて 高齢者・介護 ライフシーンで探す 妊娠・ 出産・子
23	高鍋町	平成24年度事務事業評価結果	https://www.town.takanabe.lg.jp/soshiki/chiikiseisaku/7/1/2/687.html	平成24年度事務事業評価結果／高鍋町 本文へ 背景色 くらし 手続き 子育て 教育 健康･ 福祉・医療 文化 スポーツ 観光 お誘い 町政情報 事業者・ 産業・農業 組織から 探す 組織から探す 施設マップ 移住定住情報 サイト内検索 メニューを閉じる Select Language くらし/手続き 子ども・教育 健康・医療・福祉 文化・スポーツ 観光・お誘い 町政情報 事業者・産業・農業 組織から探す メニューを閉じる 現在の位置 宮崎県高鍋町公式ホームページ TAKANABE TOWN 組織から探す 地域政策課 町政情報 計画・政策 事務事業評価 平成24年度事務事業評価結果 平成24年度事務事業評価結果 更新日：2018年11月30日 平成23年度に実施した事業についてヒアリングを行いました。 委員会にお
22	高鍋町	手数料一覧	https://www.town.takanabe.lg.jp/kurashi_tetsuzuki/todokede_shomei/1057.html	手数料一覧／高鍋町 本文へ 背景色 くらし 手続き 子育て 教育 健康･ 福祉・医療 文化 スポーツ 観光 お誘い 町政情報 事業者・ 産業・農業 組織から 探す 組織から探す 施設マップ 移住定住情報 サイト内検索 メニューを閉じる Select Language くらし/手続き 子ども・教育 健康・医療・福祉 文化・スポーツ 観光・お誘い 町政情報 事業者・産業・農業 組織から探す メニューを閉じる 現在の位置 宮崎県高鍋町公式ホームページ TAKANABE TOWN くらし・手続き 届出・証明 手数料一覧 手数料一覧 更新日：2021年02月17日 手数料一覧の詳細 種類 手数料 戸籍謄本、抄本 1通 450円 除籍謄本、抄本 1通 750円 改製原戸籍謄本、抄本 1通 750円 戸籍の附票の写し 1通
22	高鍋町	給与所得者の個人住民税の特別徴収の実施について	https://www.town.takanabe.lg.jp/soshiki/zeimu/1/1/292.html	給与所得者の個人住民税の特別徴収の実施について／高鍋町 本文へ 背景色 くらし 手続き 子育て 教育 健康･ 福祉・医療 文化 スポーツ 観光 お誘い 町政情報 事業者・ 産業・農業 組織から 探す 組織から探す 施設マップ 移住定住情報 サイト内検索 メニューを閉じる Select Language くらし/手続き 子ども・教育 健康・医療・福祉 文化・スポーツ 観光・お誘い 町政情報 事業者・産業・農業 組織から探す メニューを閉じる 現在の位置 宮崎県高鍋町公式ホームページ TAKANABE TOWN 組織から探す 税務課 くらし・手続き 税金 給与所得者の個人住民税の特別徴収の実施について 給与所得者の個人住民税の特別徴収の実施について 更新日：2025年11月20日 個人住民税の特別徴収制度について
22	高鍋町	給与所得者の個人住民税の特別徴収の実施について	https://www.town.takanabe.lg.jp/lifeevent/zeikin/1586.html	給与所得者の個人住民税の特別徴収の実施について／高鍋町 本文へ 背景色 くらし 手続き 子育て 教育 健康･ 福祉・医療 文化 スポーツ 観光 お誘い 町政情報 事業者・ 産業・農業 組織から 探す 組織から探す 施設マップ 移住定住情報 サイト内検索 メニューを閉じる Select Language くらし/手続き 子ども・教育 健康・医療・福祉 文化・スポーツ 観光・お誘い 町政情報 事業者・産業・農業 組織から探す メニューを閉じる 現在の位置 宮崎県高鍋町公式ホームページ TAKANABE TOWN ライフシーンでさがす 税金 給与所得者の個人住民税の特別徴収の実施について 給与所得者の個人住民税の特別徴収の実施について 更新日：2025年11月20日 個人住民税の特別徴収制度について 個人住民税の特別
21	高鍋町	財政	https://www.town.takanabe.lg.jp/choseijoho/keikaku_seisaku/2053.html	財政／高鍋町 本文へ 背景色 くらし 手続き 子育て 教育 健康･ 福祉・医療 文化 スポーツ 観光 お誘い 町政情報 事業者・ 産業・農業 組織から 探す 組織から探す 施設マップ 移住定住情報 サイト内検索 メニューを閉じる Select Language くらし/手続き 子ども・教育 健康・医療・福祉 文化・スポーツ 観光・お誘い 町政情報 事業者・産業・農業 組織から探す メニューを閉じる 現在の位置 宮崎県高鍋町公式ホームページ TAKANABE TOWN 町政情報 計画・政策 財政 財政 更新日：2022年10月03日 再編交付金実施事業及び再編関連訓練移転等交付金事業について 第6次高鍋町行財政改革大綱(平成27年10月改訂) 地方消費税交付金(社会保障財源化分)の使途明示について 高鍋町公共施設
21	高鍋町	広報たかなべ(平成25年度)	https://www.town.takanabe.lg.jp/soshiki/chiikiseisaku/7/2/2/585.html	広報たかなべ(平成25年度)／高鍋町 本文へ 背景色 くらし 手続き 子育て 教育 健康･ 福祉・医療 文化 スポーツ 観光 お誘い 町政情報 事業者・ 産業・農業 組織から 探す 組織から探す 施設マップ 移住定住情報 サイト内検索 メニューを閉じる Select Language くらし/手続き 子ども・教育 健康・医療・福祉 文化・スポーツ 観光・お誘い 町政情報 事業者・産業・農業 組織から探す メニューを閉じる 現在の位置 宮崎県高鍋町公式ホームページ TAKANABE TOWN 組織から探す 地域政策課 町政情報 広報・広聴 広報たかなべ 広報たかなべ(平成25年度) 広報たかなべ(平成25年度) 更新日：2018年11月30日 広報たかなべでは、行政情報をはじめ、くらしやイベント、まちの話題など、
21	高鍋町	広報たかなべ(平成21年度)	https://www.town.takanabe.lg.jp/soshiki/chiikiseisaku/7/2/2/562.html	広報たかなべ(平成21年度)／高鍋町 本文へ 背景色 くらし 手続き 子育て 教育 健康･ 福祉・医療 文化 スポーツ 観光 お誘い 町政情報 事業者・ 産業・農業 組織から 探す 組織から探す 施設マップ 移住定住情報 サイト内検索 メニューを閉じる Select Language くらし/手続き 子ども・教育 健康・医療・福祉 文化・スポーツ 観光・お誘い 町政情報 事業者・産業・農業 組織から探す メニューを閉じる 現在の位置 宮崎県高鍋町公式ホームページ TAKANABE TOWN 組織から探す 地域政策課 町政情報 広報・広聴 広報たかなべ 広報たかなべ(平成21年度) 広報たかなべ(平成21年度) 更新日：2018年11月30日 広報たかなべでは、行政情報をはじめ、くらしやイベント、まちの話題など、
21	高鍋町	広報たかなべ(平成29年度)	https://www.town.takanabe.lg.jp/soshiki/chiikiseisaku/7/2/2/593.html	広報たかなべ(平成29年度)／高鍋町 本文へ 背景色 くらし 手続き 子育て 教育 健康･ 福祉・医療 文化 スポーツ 観光 お誘い 町政情報 事業者・ 産業・農業 組織から 探す 組織から探す 施設マップ 移住定住情報 サイト内検索 メニューを閉じる Select Language くらし/手続き 子ども・教育 健康・医療・福祉 文化・スポーツ 観光・お誘い 町政情報 事業者・産業・農業 組織から探す メニューを閉じる 現在の位置 宮崎県高鍋町公式ホームページ TAKANABE TOWN 組織から探す 地域政策課 町政情報 広報・広聴 広報たかなべ 広報たかなべ(平成29年度) 広報たかなべ(平成29年度) 更新日：2018年11月30日 広報たかなべでは、行政情報をはじめ、くらしやイベント、まちの話題など、
20	高鍋町	企業誘致案内(立地条件)	https://www.town.takanabe.lg.jp/jigyosha/kigyoyuchi/1040.html	企業誘致案内(立地条件)／高鍋町 本文へ 背景色 くらし 手続き 子育て 教育 健康･ 福祉・医療 文化 スポーツ 観光 お誘い 町政情報 事業者・ 産業・農業 組織から 探す 組織から探す 施設マップ 移住定住情報 サイト内検索 メニューを閉じる Select Language くらし/手続き 子ども・教育 健康・医療・福祉 文化・スポーツ 観光・お誘い 町政情報 事業者・産業・農業 組織から探す メニューを閉じる 現在の位置 宮崎県高鍋町公式ホームページ TAKANABE TOWN 事業者の方へ 企業誘致 企業誘致案内(立地条件) 企業誘致案内(立地条件) 更新日：2018年11月30日 地勢・気候 高鍋町は宮崎県の中央部に位置し、東に日向灘、三方を台地に囲まれた県内でも一番小さな町ですが、国や県の出先機関
20	高鍋町	住まい＆しごと	https://www.town.takanabe.lg.jp/soshiki/chiikiseisaku/3/793.html	住まい＆しごと／高鍋町 本文へ 背景色 くらし 手続き 子育て 教育 健康･ 福祉・医療 文化 スポーツ 観光 お誘い 町政情報 事業者・ 産業・農業 組織から 探す 組織から探す 施設マップ 移住定住情報 サイト内検索 メニューを閉じる Select Language くらし/手続き 子ども・教育 健康・医療・福祉 文化・スポーツ 観光・お誘い 町政情報 事業者・産業・農業 組織から探す メニューを閉じる 現在の位置 宮崎県高鍋町公式ホームページ TAKANABE TOWN 組織から探す 地域政策課 移住・定住 住まい＆しごと 住まい＆しごと 更新日：2025年03月16日 住まい 物件の紹介について 高鍋町で物件をお探しの場合は、下表の不動産業者(宅地建物取引業者)等へご相談ください。 高鍋町にある不動産業
20	高鍋町	高鍋町くらしの事前チェックについて	https://www.town.takanabe.lg.jp/soshiki/chiikiseisaku/3/4802.html	高鍋町くらしの事前チェックについて／高鍋町 本文へ 背景色 くらし 手続き 子育て 教育 健康･ 福祉・医療 文化 スポーツ 観光 お誘い 町政情報 事業者・ 産業・農業 組織から 探す 組織から探す 施設マップ 移住定住情報 サイト内検索 メニューを閉じる Select Language くらし/手続き 子ども・教育 健康・医療・福祉 文化・スポーツ 観光・お誘い 町政情報 事業者・産業・農業 組織から探す メニューを閉じる 現在の位置 宮崎県高鍋町公式ホームページ TAKANABE TOWN 組織から探す 地域政策課 移住・定住 高鍋町くらしの事前チェックについて 高鍋町くらしの事前チェックについて 更新日：2026年01月08日 高鍋町へ移住を検討している方が、生活環境や住まい、仕事、子育て等について事前
20	高鍋町	企業誘致案内(立地条件)	https://www.town.takanabe.lg.jp/soshiki/chiikiseisaku/6/1/355.html	企業誘致案内(立地条件)／高鍋町 本文へ 背景色 くらし 手続き 子育て 教育 健康･ 福祉・医療 文化 スポーツ 観光 お誘い 町政情報 事業者・ 産業・農業 組織から 探す 組織から探す 施設マップ 移住定住情報 サイト内検索 メニューを閉じる Select Language くらし/手続き 子ども・教育 健康・医療・福祉 文化・スポーツ 観光・お誘い 町政情報 事業者・産業・農業 組織から探す メニューを閉じる 現在の位置 宮崎県高鍋町公式ホームページ TAKANABE TOWN 組織から探す 地域政策課 事業者の方へ 企業誘致 企業誘致案内(立地条件) 企業誘致案内(立地条件) 更新日：2018年11月30日 地勢・気候 高鍋町は宮崎県の中央部に位置し、東に日向灘、三方を台地に囲まれた県内でも一番小さな
20	高鍋町	生産性向上特別措置法に基づく先端設備等導入計画について	https://www.town.takanabe.lg.jp/soshiki/chiikiseisaku/6/3/3336.html	生産性向上特別措置法に基づく先端設備等導入計画について／高鍋町 本文へ 背景色 くらし 手続き 子育て 教育 健康･ 福祉・医療 文化 スポーツ 観光 お誘い 町政情報 事業者・ 産業・農業 組織から 探す 組織から探す 施設マップ 移住定住情報 サイト内検索 メニューを閉じる Select Language くらし/手続き 子ども・教育 健康・医療・福祉 文化・スポーツ 観光・お誘い 町政情報 事業者・産業・農業 組織から探す メニューを閉じる 現在の位置 宮崎県高鍋町公式ホームページ TAKANABE TOWN 組織から探す 地域政策課 事業者の方へ 手続き・届出・制度 生産性向上特別措置法に基づく先端設備等導入計画について 生産性向上特別措置法に基づく先端設備等導入計画について 更新日：2025年04月0
20	高鍋町	中小企業退職金共済制度について	https://www.town.takanabe.lg.jp/soshiki/chiikiseisaku/6/syoukougyou/4327.html	中小企業退職金共済制度について／高鍋町 本文へ 背景色 くらし 手続き 子育て 教育 健康･ 福祉・医療 文化 スポーツ 観光 お誘い 町政情報 事業者・ 産業・農業 組織から 探す 組織から探す 施設マップ 移住定住情報 サイト内検索 メニューを閉じる Select Language くらし/手続き 子ども・教育 健康・医療・福祉 文化・スポーツ 観光・お誘い 町政情報 事業者・産業・農業 組織から探す メニューを閉じる 現在の位置 宮崎県高鍋町公式ホームページ TAKANABE TOWN 組織から探す 地域政策課 事業者の方へ 商工業の振興 中小企業退職金共済制度について 中小企業退職金共済制度について 更新日：2024年06月05日 国の退職金制度を活用しませんか？ 中小企業退職金共済制度（中退共）は、中
20	高鍋町	生産性向上特別措置法に基づく先端設備等導入計画について	https://www.town.takanabe.lg.jp/soshiki/chiikiseisaku/7/1/2476.html	生産性向上特別措置法に基づく先端設備等導入計画について／高鍋町 本文へ 背景色 くらし 手続き 子育て 教育 健康･ 福祉・医療 文化 スポーツ 観光 お誘い 町政情報 事業者・ 産業・農業 組織から 探す 組織から探す 施設マップ 移住定住情報 サイト内検索 メニューを閉じる Select Language くらし/手続き 子ども・教育 健康・医療・福祉 文化・スポーツ 観光・お誘い 町政情報 事業者・産業・農業 組織から探す メニューを閉じる 現在の位置 宮崎県高鍋町公式ホームページ TAKANABE TOWN 組織から探す 地域政策課 町政情報 計画・政策 生産性向上特別措置法に基づく先端設備等導入計画について 生産性向上特別措置法に基づく先端設備等導入計画について 更新日：2025年04月01日 ※産業
20	高鍋町	広報たかなべ(平成23年度)	https://www.town.takanabe.lg.jp/soshiki/chiikiseisaku/7/2/2/574.html	広報たかなべ(平成23年度)／高鍋町 本文へ 背景色 くらし 手続き 子育て 教育 健康･ 福祉・医療 文化 スポーツ 観光 お誘い 町政情報 事業者・ 産業・農業 組織から 探す 組織から探す 施設マップ 移住定住情報 サイト内検索 メニューを閉じる Select Language くらし/手続き 子ども・教育 健康・医療・福祉 文化・スポーツ 観光・お誘い 町政情報 事業者・産業・農業 組織から探す メニューを閉じる 現在の位置 宮崎県高鍋町公式ホームページ TAKANABE TOWN 組織から探す 地域政策課 町政情報 広報・広聴 広報たかなべ 広報たかなべ(平成23年度) 広報たかなべ(平成23年度) 更新日：2018年11月30日 広報たかなべでは、行政情報をはじめ、くらしやイベント、まちの話題など、
19	高鍋町	学校支援ボランティアの募集	https://www.town.takanabe.lg.jp/choseijoho/keikaku_seisaku/1/1303.html	学校支援ボランティアの募集／高鍋町 本文へ 背景色 くらし 手続き 子育て 教育 健康･ 福祉・医療 文化 スポーツ 観光 お誘い 町政情報 事業者・ 産業・農業 組織から 探す 組織から探す 施設マップ 移住定住情報 サイト内検索 メニューを閉じる Select Language くらし/手続き 子ども・教育 健康・医療・福祉 文化・スポーツ 観光・お誘い 町政情報 事業者・産業・農業 組織から探す メニューを閉じる 現在の位置 宮崎県高鍋町公式ホームページ TAKANABE TOWN 町政情報 計画・政策 協働のまちづくり 学校支援ボランティアの募集 学校支援ボランティアの募集 更新日：2018年11月30日 学校支援地域本部事業 学校支援地域本部事業は、学校・家庭・地域住民等が連携して子どもを育てる体制を
19	高鍋町	広報たかなべ(平成28年度)	https://www.town.takanabe.lg.jp/soshiki/chiikiseisaku/7/2/2/588.html	広報たかなべ(平成28年度)／高鍋町 本文へ 背景色 くらし 手続き 子育て 教育 健康･ 福祉・医療 文化 スポーツ 観光 お誘い 町政情報 事業者・ 産業・農業 組織から 探す 組織から探す 施設マップ 移住定住情報 サイト内検索 メニューを閉じる Select Language くらし/手続き 子ども・教育 健康・医療・福祉 文化・スポーツ 観光・お誘い 町政情報 事業者・産業・農業 組織から探す メニューを閉じる 現在の位置 宮崎県高鍋町公式ホームページ TAKANABE TOWN 組織から探す 地域政策課 町政情報 広報・広聴 広報たかなべ 広報たかなべ(平成28年度) 広報たかなべ(平成28年度) 更新日：2018年11月30日 広報たかなべでは、行政情報をはじめ、くらしやイベント、まちの話題など、
19	高鍋町	広報たかなべ(令和4年度)	https://www.town.takanabe.lg.jp/soshiki/chiikiseisaku/7/2/2/3684.html	広報たかなべ(令和4年度)／高鍋町 本文へ 背景色 くらし 手続き 子育て 教育 健康･ 福祉・医療 文化 スポーツ 観光 お誘い 町政情報 事業者・ 産業・農業 組織から 探す 組織から探す 施設マップ 移住定住情報 サイト内検索 メニューを閉じる Select Language くらし/手続き 子ども・教育 健康・医療・福祉 文化・スポーツ 観光・お誘い 町政情報 事業者・産業・農業 組織から探す メニューを閉じる 現在の位置 宮崎県高鍋町公式ホームページ TAKANABE TOWN 組織から探す 地域政策課 町政情報 広報・広聴 広報たかなべ 広報たかなべ(令和4年度) 広報たかなべ(令和4年度) Tweet 更新日：2023年03月20日 広報たかなべでは、行政情報をはじめ、くらしやイベント、まちの話題
18	高鍋町	防災緊急時	https://www.town.takanabe.lg.jp/soshiki/kikikanri/2/bosaikinkyu/index.html	防災緊急時／高鍋町 本文へ 背景色 くらし 手続き 子育て 教育 健康･ 福祉・医療 文化 スポーツ 観光 お誘い 町政情報 事業者・ 産業・農業 組織から 探す 組織から探す 施設マップ 移住定住情報 サイト内検索 メニューを閉じる Select Language くらし/手続き 子ども・教育 健康・医療・福祉 文化・スポーツ 観光・お誘い 町政情報 事業者・産業・農業 組織から探す メニューを閉じる 現在の位置 宮崎県高鍋町公式ホームページ TAKANABE TOWN 組織から探す 危機管理課 防災・防犯・消防・交通・自衛隊 防災緊急時 防災緊急時 更新日：2024年04月03日 ハザードマップ等について 地域防災計画について 災害に備えて 地震への対策 台風・風水害への対策 竜巻から身を守る 防災行政無線
18	高鍋町	ハザードマップ等について	https://www.town.takanabe.lg.jp/soshiki/kikikanri/2/bousai/635.html	ハザードマップ等について／高鍋町 本文へ 背景色 くらし 手続き 子育て 教育 健康･ 福祉・医療 文化 スポーツ 観光 お誘い 町政情報 事業者・ 産業・農業 組織から 探す 組織から探す 施設マップ 移住定住情報 サイト内検索 メニューを閉じる Select Language くらし/手続き 子ども・教育 健康・医療・福祉 文化・スポーツ 観光・お誘い 町政情報 事業者・産業・農業 組織から探す メニューを閉じる 現在の位置 宮崎県高鍋町公式ホームページ TAKANABE TOWN 組織から探す 危機管理課 防災・防犯・消防・交通・自衛隊 防災 ハザードマップ等について ハザードマップ等について 更新日：2023年06月02日 水害・土砂災害の防災情報の伝え方が変わります 水害・土砂災害について、町が出す避
18	高鍋町	バナー広告掲載募集のお知らせ	https://www.town.takanabe.lg.jp/jigyosha/kokoku/948.html	バナー広告掲載募集のお知らせ／高鍋町 本文へ 背景色 くらし 手続き 子育て 教育 健康･ 福祉・医療 文化 スポーツ 観光 お誘い 町政情報 事業者・ 産業・農業 組織から 探す 組織から探す 施設マップ 移住定住情報 サイト内検索 メニューを閉じる Select Language くらし/手続き 子ども・教育 健康・医療・福祉 文化・スポーツ 観光・お誘い 町政情報 事業者・産業・農業 組織から探す メニューを閉じる 現在の位置 宮崎県高鍋町公式ホームページ TAKANABE TOWN 事業者の方へ 広告 バナー広告掲載募集のお知らせ バナー広告掲載募集のお知らせ 更新日：2023年04月07日 高鍋町ホームページ バナー広告掲載募集案内 高鍋町では、地域経済の活性化と自主財源の確保を目的として、「高鍋町ホ
18	高鍋町	バナー広告掲載募集のお知らせ	https://www.town.takanabe.lg.jp/soshiki/chiikiseisaku/6/2/281.html	バナー広告掲載募集のお知らせ／高鍋町 本文へ 背景色 くらし 手続き 子育て 教育 健康･ 福祉・医療 文化 スポーツ 観光 お誘い 町政情報 事業者・ 産業・農業 組織から 探す 組織から探す 施設マップ 移住定住情報 サイト内検索 メニューを閉じる Select Language くらし/手続き 子ども・教育 健康・医療・福祉 文化・スポーツ 観光・お誘い 町政情報 事業者・産業・農業 組織から探す メニューを閉じる 現在の位置 宮崎県高鍋町公式ホームページ TAKANABE TOWN 組織から探す 地域政策課 事業者の方へ 広告 バナー広告掲載募集のお知らせ バナー広告掲載募集のお知らせ 更新日：2023年04月07日 高鍋町ホームページ バナー広告掲載募集案内 高鍋町では、地域経済の活性化と自主財源の確
18	高鍋町	高鍋町デマンド交通	https://www.town.takanabe.lg.jp/soshiki/chiikiseisaku/1/1/3730.html	高鍋町デマンド交通／高鍋町 本文へ 背景色 くらし 手続き 子育て 教育 健康･ 福祉・医療 文化 スポーツ 観光 お誘い 町政情報 事業者・ 産業・農業 組織から 探す 組織から探す 施設マップ 移住定住情報 サイト内検索 メニューを閉じる Select Language くらし/手続き 子ども・教育 健康・医療・福祉 文化・スポーツ 観光・お誘い 町政情報 事業者・産業・農業 組織から探す メニューを閉じる 現在の位置 宮崎県高鍋町公式ホームページ TAKANABE TOWN 組織から探す 地域政策課 くらし・手続き 交通 高鍋町デマンド交通 高鍋町デマンド交通 更新日：2025年06月30日 デマンド交通とは デマンド交通とは、利用者の予約により運行する公共交通手段のことで、バスのように決められた路線はあ
18	高鍋町	イワケン健康づくりセンター（高鍋町健康づくりセンター）	https://www.town.takanabe.lg.jp/soshiki/kenkozukuricenter/260.html	イワケン健康づくりセンター（高鍋町健康づくりセンター）／高鍋町 本文へ 背景色 くらし 手続き 子育て 教育 健康･ 福祉・医療 文化 スポーツ 観光 お誘い 町政情報 事業者・ 産業・農業 組織から 探す 組織から探す 施設マップ 移住定住情報 サイト内検索 メニューを閉じる Select Language くらし/手続き 子ども・教育 健康・医療・福祉 文化・スポーツ 観光・お誘い 町政情報 事業者・産業・農業 組織から探す メニューを閉じる 現在の位置 宮崎県高鍋町公式ホームページ TAKANABE TOWN 組織から探す 健康づくりセンター イワケン健康づくりセンター（高鍋町健康づくりセンター） イワケン健康づくりセンター（高鍋町健康づくりセンター） 更新日：2026年06月25日 おとなの健康づくり・
18	高鍋町	プライバシーポリシー	https://www.town.takanabe.lg.jp/soshiki/chiikiseisaku/7/hp/2353.html	プライバシーポリシー／高鍋町 本文へ 背景色 くらし 手続き 子育て 教育 健康･ 福祉・医療 文化 スポーツ 観光 お誘い 町政情報 事業者・ 産業・農業 組織から 探す 組織から探す 施設マップ 移住定住情報 サイト内検索 メニューを閉じる Select Language くらし/手続き 子ども・教育 健康・医療・福祉 文化・スポーツ 観光・お誘い 町政情報 事業者・産業・農業 組織から探す メニューを閉じる 現在の位置 宮崎県高鍋町公式ホームページ TAKANABE TOWN 組織から探す 地域政策課 町政情報 町ホームページについて プライバシーポリシー プライバシーポリシー 更新日：2018年11月30日 高鍋町ホームページ(以下「当サイト」という)では、個人情報の収集、利用及び管理について次のとおり
18	高鍋町	社会保障・税番号(マイナンバー)制度が始まります	https://www.town.takanabe.lg.jp/kurashi_tetsuzuki/todokede_shomei/1339.html	社会保障・税番号(マイナンバー)制度が始まります／高鍋町 本文へ 背景色 くらし 手続き 子育て 教育 健康･ 福祉・医療 文化 スポーツ 観光 お誘い 町政情報 事業者・ 産業・農業 組織から 探す 組織から探す 施設マップ 移住定住情報 サイト内検索 メニューを閉じる Select Language くらし/手続き 子ども・教育 健康・医療・福祉 文化・スポーツ 観光・お誘い 町政情報 事業者・産業・農業 組織から探す メニューを閉じる 現在の位置 宮崎県高鍋町公式ホームページ TAKANABE TOWN くらし・手続き 届出・証明 社会保障・税番号(マイナンバー)制度が始まります 社会保障・税番号(マイナンバー)制度が始まります 更新日：2026年04月30日 マイナンバーとはなんですか？ マイナンバー(
18	高鍋町	高鍋町のごみについてお知らせします	https://www.town.takanabe.lg.jp/kurashi_tetsuzuki/gomi_kankyo_eisei/1081.html	高鍋町のごみについてお知らせします／高鍋町 本文へ 背景色 くらし 手続き 子育て 教育 健康･ 福祉・医療 文化 スポーツ 観光 お誘い 町政情報 事業者・ 産業・農業 組織から 探す 組織から探す 施設マップ 移住定住情報 サイト内検索 メニューを閉じる Select Language くらし/手続き 子ども・教育 健康・医療・福祉 文化・スポーツ 観光・お誘い 町政情報 事業者・産業・農業 組織から探す メニューを閉じる 現在の位置 宮崎県高鍋町公式ホームページ TAKANABE TOWN くらし・手続き ゴミ・環境・衛生 高鍋町のごみについてお知らせします 高鍋町のごみについてお知らせします 更新日：2021年09月24日 高鍋町のごみ量は、西都児湯管内でも非常に多いということをご存知ですか? ごみ量が
18	高鍋町	ヤンバルトサカヤスデ駆除剤等共同購入事業について	https://www.town.takanabe.lg.jp/kurashi_tetsuzuki/gomi_kankyo_eisei/3153.html	ヤンバルトサカヤスデ駆除剤等共同購入事業について／高鍋町 本文へ 背景色 くらし 手続き 子育て 教育 健康･ 福祉・医療 文化 スポーツ 観光 お誘い 町政情報 事業者・ 産業・農業 組織から 探す 組織から探す 施設マップ 移住定住情報 サイト内検索 メニューを閉じる Select Language くらし/手続き 子ども・教育 健康・医療・福祉 文化・スポーツ 観光・お誘い 町政情報 事業者・産業・農業 組織から探す メニューを閉じる 現在の位置 宮崎県高鍋町公式ホームページ TAKANABE TOWN くらし・手続き ゴミ・環境・衛生 ヤンバルトサカヤスデ駆除剤等共同購入事業について ヤンバルトサカヤスデ駆除剤等共同購入事業について 更新日：2022年12月13日 ヤンバルトサカヤスデが発生していると町
18	高鍋町	どうぶつ基金「さくらねこ無料不妊手術事業（行政枠）」について	https://www.town.takanabe.lg.jp/kurashi_tetsuzuki/gomi_kankyo_eisei/4854.html	どうぶつ基金「さくらねこ無料不妊手術事業（行政枠）」について／高鍋町 本文へ 背景色 くらし 手続き 子育て 教育 健康･ 福祉・医療 文化 スポーツ 観光 お誘い 町政情報 事業者・ 産業・農業 組織から 探す 組織から探す 施設マップ 移住定住情報 サイト内検索 メニューを閉じる Select Language くらし/手続き 子ども・教育 健康・医療・福祉 文化・スポーツ 観光・お誘い 町政情報 事業者・産業・農業 組織から探す メニューを閉じる 現在の位置 宮崎県高鍋町公式ホームページ TAKANABE TOWN くらし・手続き ゴミ・環境・衛生 どうぶつ基金「さくらねこ無料不妊手術事業（行政枠）」について どうぶつ基金「さくらねこ無料不妊手術事業（行政枠）」について 更新日：2026年02月27日 高
18	高鍋町	高鍋町不動産公売会	https://www.town.takanabe.lg.jp/soshiki/zeimu/1/auction/4071.html	高鍋町不動産公売会／高鍋町 本文へ 背景色 くらし 手続き 子育て 教育 健康･ 福祉・医療 文化 スポーツ 観光 お誘い 町政情報 事業者・ 産業・農業 組織から 探す 組織から探す 施設マップ 移住定住情報 サイト内検索 メニューを閉じる Select Language くらし/手続き 子ども・教育 健康・医療・福祉 文化・スポーツ 観光・お誘い 町政情報 事業者・産業・農業 組織から探す メニューを閉じる 現在の位置 宮崎県高鍋町公式ホームページ TAKANABE TOWN 組織から探す 税務課 くらし・手続き 公売 高鍋町不動産公売会 高鍋町不動産公売会 更新日：2026年03月31日 この公売は終了しました。 結果については、以下「令和7年度第1回高鍋町不動産公売会結果一覧表」にて確認をお願いいたしま
18	高鍋町	法人町民税	https://www.town.takanabe.lg.jp/soshiki/zeimu/1/1/283.html	法人町民税／高鍋町 本文へ 背景色 くらし 手続き 子育て 教育 健康･ 福祉・医療 文化 スポーツ 観光 お誘い 町政情報 事業者・ 産業・農業 組織から 探す 組織から探す 施設マップ 移住定住情報 サイト内検索 メニューを閉じる Select Language くらし/手続き 子ども・教育 健康・医療・福祉 文化・スポーツ 観光・お誘い 町政情報 事業者・産業・農業 組織から探す メニューを閉じる 現在の位置 宮崎県高鍋町公式ホームページ TAKANABE TOWN 組織から探す 税務課 くらし・手続き 税金 法人町民税 法人町民税 更新日：2022年09月27日 法人等(設立・設置・異動・廃止)申告書 法人等（設立・設置・異動・廃止）申告書 (Excelファイル: 40.0KB) 法人等（設立・設置・異
18	高鍋町	固定資産税について	https://www.town.takanabe.lg.jp/soshiki/zeimu/1/1/287.html	固定資産税について／高鍋町 本文へ 背景色 くらし 手続き 子育て 教育 健康･ 福祉・医療 文化 スポーツ 観光 お誘い 町政情報 事業者・ 産業・農業 組織から 探す 組織から探す 施設マップ 移住定住情報 サイト内検索 メニューを閉じる Select Language くらし/手続き 子ども・教育 健康・医療・福祉 文化・スポーツ 観光・お誘い 町政情報 事業者・産業・農業 組織から探す メニューを閉じる 現在の位置 宮崎県高鍋町公式ホームページ TAKANABE TOWN 組織から探す 税務課 くらし・手続き 税金 固定資産税について 固定資産税について 更新日：2026年02月25日 固定資産税とは 固定資産税は、毎年1月1日（「賦課期日」といいます。）に、高鍋町内に土地、家屋、償却資産(これらを総称
18	高鍋町	税に関する証明	https://www.town.takanabe.lg.jp/soshiki/zeimu/1/1/291.html	税に関する証明／高鍋町 本文へ 背景色 くらし 手続き 子育て 教育 健康･ 福祉・医療 文化 スポーツ 観光 お誘い 町政情報 事業者・ 産業・農業 組織から 探す 組織から探す 施設マップ 移住定住情報 サイト内検索 メニューを閉じる Select Language くらし/手続き 子ども・教育 健康・医療・福祉 文化・スポーツ 観光・お誘い 町政情報 事業者・産業・農業 組織から探す メニューを閉じる 現在の位置 宮崎県高鍋町公式ホームページ TAKANABE TOWN 組織から探す 税務課 くらし・手続き 税金 税に関する証明 税に関する証明 更新日：2026年06月03日 税に関する証明(所得証明・課税証明・納税証明・固定資産関係証明)の手続きについて掲載します。 申請に必要なもの 所得・課税に関する
18	高鍋町	町税の電子申告(eLTAX)について	https://www.town.takanabe.lg.jp/soshiki/zeimu/1/1/499.html	町税の電子申告(eLTAX)について／高鍋町 本文へ 背景色 くらし 手続き 子育て 教育 健康･ 福祉・医療 文化 スポーツ 観光 お誘い 町政情報 事業者・ 産業・農業 組織から 探す 組織から探す 施設マップ 移住定住情報 サイト内検索 メニューを閉じる Select Language くらし/手続き 子ども・教育 健康・医療・福祉 文化・スポーツ 観光・お誘い 町政情報 事業者・産業・農業 組織から探す メニューを閉じる 現在の位置 宮崎県高鍋町公式ホームページ TAKANABE TOWN 組織から探す 税務課 くらし・手続き 税金 町税の電子申告(eLTAX)について 町税の電子申告(eLTAX)について 更新日：2025年12月26日 eLTAX(エルタックス)とは、地方税ポータルシステムの呼称で、
18	高鍋町	LINEから税証明書の交付申請が行えます。	https://www.town.takanabe.lg.jp/soshiki/zeimu/1/1/4453.html	LINEから税証明書の交付申請が行えます。／高鍋町 本文へ 背景色 くらし 手続き 子育て 教育 健康･ 福祉・医療 文化 スポーツ 観光 お誘い 町政情報 事業者・ 産業・農業 組織から 探す 組織から探す 施設マップ 移住定住情報 サイト内検索 メニューを閉じる Select Language くらし/手続き 子ども・教育 健康・医療・福祉 文化・スポーツ 観光・お誘い 町政情報 事業者・産業・農業 組織から探す メニューを閉じる 現在の位置 宮崎県高鍋町公式ホームページ TAKANABE TOWN 組織から探す 税務課 くらし・手続き 税金 LINEから税証明書の交付申請が行えます。 LINEから税証明書の交付申請が行えます。 更新日：2026年06月03日 いつでも、どこでもLINEから税証明書の交付申
18	高鍋町	町営住宅案内	https://www.town.takanabe.lg.jp/soshiki/kensetsukanri/1/1/280.html	町営住宅案内／高鍋町 本文へ 背景色 くらし 手続き 子育て 教育 健康･ 福祉・医療 文化 スポーツ 観光 お誘い 町政情報 事業者・ 産業・農業 組織から 探す 組織から探す 施設マップ 移住定住情報 サイト内検索 メニューを閉じる Select Language くらし/手続き 子ども・教育 健康・医療・福祉 文化・スポーツ 観光・お誘い 町政情報 事業者・産業・農業 組織から探す メニューを閉じる 現在の位置 宮崎県高鍋町公式ホームページ TAKANABE TOWN 組織から探す 建設管理課 くらし・手続き 住宅 町営住宅案内 町営住宅案内 更新日：2025年02月07日 町営住宅の紹介 町営住宅への入居をお考えの方へ 町営住宅の紹介 住宅写真例(舞鶴団地) 部屋見取図例(舞鶴団地) 棟により構成が変わ
18	高鍋町	高齢者福祉	https://www.town.takanabe.lg.jp/kenko_iryo_fukushi/2047.html	高齢者福祉／高鍋町 本文へ 背景色 くらし 手続き 子育て 教育 健康･ 福祉・医療 文化 スポーツ 観光 お誘い 町政情報 事業者・ 産業・農業 組織から 探す 組織から探す 施設マップ 移住定住情報 サイト内検索 メニューを閉じる Select Language くらし/手続き 子ども・教育 健康・医療・福祉 文化・スポーツ 観光・お誘い 町政情報 事業者・産業・農業 組織から探す メニューを閉じる 現在の位置 宮崎県高鍋町公式ホームページ TAKANABE TOWN 健康・医療・福祉 高齢者福祉 高齢者福祉 更新日：2021年02月17日 介護保険(利用者向け) 相談窓口 緊急通報システム事業について 高鍋町高齢者おたすけ便利帳 エンディングノート 高鍋町高齢者等発見ネットワークについて 高齢者等発見ネッ
18	高鍋町	イワケン健康づくりセンター（高鍋町健康づくりセンター）	https://www.town.takanabe.lg.jp/kenko_iryo_fukushi/4325.html	イワケン健康づくりセンター（高鍋町健康づくりセンター）／高鍋町 本文へ 背景色 くらし 手続き 子育て 教育 健康･ 福祉・医療 文化 スポーツ 観光 お誘い 町政情報 事業者・ 産業・農業 組織から 探す 組織から探す 施設マップ 移住定住情報 サイト内検索 メニューを閉じる Select Language くらし/手続き 子ども・教育 健康・医療・福祉 文化・スポーツ 観光・お誘い 町政情報 事業者・産業・農業 組織から探す メニューを閉じる 現在の位置 宮崎県高鍋町公式ホームページ TAKANABE TOWN 健康・医療・福祉 イワケン健康づくりセンター（高鍋町健康づくりセンター） イワケン健康づくりセンター（高鍋町健康づくりセンター） 更新日：2026年06月25日 おとなの健康づくり・健（検）診につい
18	高鍋町	高鍋町指定クーリングシェルターの指定について	https://www.town.takanabe.lg.jp/kenko_iryo_fukushi/4336.html	高鍋町指定クーリングシェルターの指定について／高鍋町 本文へ 背景色 くらし 手続き 子育て 教育 健康･ 福祉・医療 文化 スポーツ 観光 お誘い 町政情報 事業者・ 産業・農業 組織から 探す 組織から探す 施設マップ 移住定住情報 サイト内検索 メニューを閉じる Select Language くらし/手続き 子ども・教育 健康・医療・福祉 文化・スポーツ 観光・お誘い 町政情報 事業者・産業・農業 組織から探す メニューを閉じる 現在の位置 宮崎県高鍋町公式ホームページ TAKANABE TOWN 健康・医療・福祉 高鍋町指定クーリングシェルターの指定について 高鍋町指定クーリングシェルターの指定について 更新日：2026年07月01日 クーリングシェルター(指定暑熱避難施設)の指定 「気候変動適応法及
18	高鍋町	妊婦向けRSウイルスワクチン	https://www.town.takanabe.lg.jp/kenko_iryo_fukushi/5046.html	妊婦向けRSウイルスワクチン／高鍋町 本文へ 背景色 くらし 手続き 子育て 教育 健康･ 福祉・医療 文化 スポーツ 観光 お誘い 町政情報 事業者・ 産業・農業 組織から 探す 組織から探す 施設マップ 移住定住情報 サイト内検索 メニューを閉じる Select Language くらし/手続き 子ども・教育 健康・医療・福祉 文化・スポーツ 観光・お誘い 町政情報 事業者・産業・農業 組織から探す メニューを閉じる 現在の位置 宮崎県高鍋町公式ホームページ TAKANABE TOWN 健康・医療・福祉 妊婦向けRSウイルスワクチン 妊婦向けRSウイルスワクチン 更新日：2026年05月07日 令和8年4月1日から、妊婦の方へのRSウイルスワクチン（母子免疫ワクチン）の予防接種が、予防接種法に基づく定期接種
18	高鍋町	企業版ふるさと納税	https://www.town.takanabe.lg.jp/choseijoho/4348.html	企業版ふるさと納税／高鍋町 本文へ 背景色 くらし 手続き 子育て 教育 健康･ 福祉・医療 文化 スポーツ 観光 お誘い 町政情報 事業者・ 産業・農業 組織から 探す 組織から探す 施設マップ 移住定住情報 サイト内検索 メニューを閉じる Select Language くらし/手続き 子ども・教育 健康・医療・福祉 文化・スポーツ 観光・お誘い 町政情報 事業者・産業・農業 組織から探す メニューを閉じる 現在の位置 宮崎県高鍋町公式ホームページ TAKANABE TOWN 町政情報 企業版ふるさと納税 企業版ふるさと納税 更新日：2026年06月29日 地方創生応援税制（企業版ふるさと納税）の寄附募集について 高鍋町では「地方創生応援税制（企業版ふるさと納税）」の寄附を募集しています。 「地方創生応援税
18	高鍋町	総務課	https://www.town.takanabe.lg.jp/soshiki/somu/index.html	総務課／高鍋町 本文へ 背景色 くらし 手続き 子育て 教育 健康･ 福祉・医療 文化 スポーツ 観光 お誘い 町政情報 事業者・ 産業・農業 組織から 探す 組織から探す 施設マップ 移住定住情報 サイト内検索 メニューを閉じる Select Language くらし/手続き 子ども・教育 健康・医療・福祉 文化・スポーツ 観光・お誘い 町政情報 事業者・産業・農業 組織から探す メニューを閉じる 現在の位置 宮崎県高鍋町公式ホームページ TAKANABE TOWN 組織から探す 総務課 総務課 Tweet 更新日：2019年01月31日 くらし・手続き 町政情報 町の広報誌をスマホで読もう！〜高齢者の方向け 無料スマホ教室〜 組織から探す ライフシーンで探す 妊娠・ 出産・子育て 入園・入学 就職・退職 結
18	高鍋町	総務課	https://www.town.takanabe.lg.jp/soshiki/somu/	総務課／高鍋町 本文へ 背景色 くらし 手続き 子育て 教育 健康･ 福祉・医療 文化 スポーツ 観光 お誘い 町政情報 事業者・ 産業・農業 組織から 探す 組織から探す 施設マップ 移住定住情報 サイト内検索 メニューを閉じる Select Language くらし/手続き 子ども・教育 健康・医療・福祉 文化・スポーツ 観光・お誘い 町政情報 事業者・産業・農業 組織から探す メニューを閉じる 現在の位置 宮崎県高鍋町公式ホームページ TAKANABE TOWN 組織から探す 総務課 総務課 Tweet 更新日：2019年01月31日 くらし・手続き 町政情報 町の広報誌をスマホで読もう！〜高齢者の方向け 無料スマホ教室〜 組織から探す ライフシーンで探す 妊娠・ 出産・子育て 入園・入学 就職・退職 結
18	高鍋町	町の広報誌をスマホで読もう！〜高齢者の方向け 無料スマホ教室〜	https://www.town.takanabe.lg.jp/soshiki/somu/4689.html	町の広報誌をスマホで読もう！〜高齢者の方向け 無料スマホ教室〜／高鍋町 本文へ 背景色 くらし 手続き 子育て 教育 健康･ 福祉・医療 文化 スポーツ 観光 お誘い 町政情報 事業者・ 産業・農業 組織から 探す 組織から探す 施設マップ 移住定住情報 サイト内検索 メニューを閉じる Select Language くらし/手続き 子ども・教育 健康・医療・福祉 文化・スポーツ 観光・お誘い 町政情報 事業者・産業・農業 組織から探す メニューを閉じる 現在の位置 宮崎県高鍋町公式ホームページ TAKANABE TOWN 組織から探す 総務課 町の広報誌をスマホで読もう！〜高齢者の方向け 無料スマホ教室〜 町の広報誌をスマホで読もう！〜高齢者の方向け 無料スマホ教室〜 更新日：2026年06月22日 「アプリ
18	高鍋町	公衆無線LANを整備しました	https://www.town.takanabe.lg.jp/choseijoho/keikaku_seisaku/2098.html	公衆無線LANを整備しました／高鍋町 本文へ 背景色 くらし 手続き 子育て 教育 健康･ 福祉・医療 文化 スポーツ 観光 お誘い 町政情報 事業者・ 産業・農業 組織から 探す 組織から探す 施設マップ 移住定住情報 サイト内検索 メニューを閉じる Select Language くらし/手続き 子ども・教育 健康・医療・福祉 文化・スポーツ 観光・お誘い 町政情報 事業者・産業・農業 組織から探す メニューを閉じる 現在の位置 宮崎県高鍋町公式ホームページ TAKANABE TOWN 町政情報 計画・政策 公衆無線LANを整備しました 公衆無線LANを整備しました 更新日：2018年11月30日 高鍋町では、大規模な災害などの発生時にも町民の方々の安心・安全をより確実に確保できる取組みとして、一部の避難所
18	高鍋町	高鍋町避難行動要支援者避難支援プラン(全体計画)について	https://www.town.takanabe.lg.jp/choseijoho/keikaku_seisaku/1499.html	高鍋町避難行動要支援者避難支援プラン(全体計画)について／高鍋町 本文へ 背景色 くらし 手続き 子育て 教育 健康･ 福祉・医療 文化 スポーツ 観光 お誘い 町政情報 事業者・ 産業・農業 組織から 探す 組織から探す 施設マップ 移住定住情報 サイト内検索 メニューを閉じる Select Language くらし/手続き 子ども・教育 健康・医療・福祉 文化・スポーツ 観光・お誘い 町政情報 事業者・産業・農業 組織から探す メニューを閉じる 現在の位置 宮崎県高鍋町公式ホームページ TAKANABE TOWN 町政情報 計画・政策 高鍋町避難行動要支援者避難支援プラン(全体計画)について 高鍋町避難行動要支援者避難支援プラン(全体計画)について 更新日：2025年04月01日 計画策定の趣旨 平成23年
18	高鍋町	高鍋町都市計画審議会委員募集について	https://www.town.takanabe.lg.jp/choseijoho/keikaku_seisaku/1/1084.html	高鍋町都市計画審議会委員募集について／高鍋町 本文へ 背景色 くらし 手続き 子育て 教育 健康･ 福祉・医療 文化 スポーツ 観光 お誘い 町政情報 事業者・ 産業・農業 組織から 探す 組織から探す 施設マップ 移住定住情報 サイト内検索 メニューを閉じる Select Language くらし/手続き 子ども・教育 健康・医療・福祉 文化・スポーツ 観光・お誘い 町政情報 事業者・産業・農業 組織から探す メニューを閉じる 現在の位置 宮崎県高鍋町公式ホームページ TAKANABE TOWN 町政情報 計画・政策 協働のまちづくり 高鍋町都市計画審議会委員募集について 高鍋町都市計画審議会委員募集について 更新日：2025年10月16日 都市計画の決定及び変更に関する事項の調査審議等を行っていただく都市計
18	高鍋町	高鍋町税条例の一部改正について(町税の猶予制度の見直し)	https://www.town.takanabe.lg.jp/choseijoho/keikaku_seisaku/6/1392.html	高鍋町税条例の一部改正について(町税の猶予制度の見直し)／高鍋町 本文へ 背景色 くらし 手続き 子育て 教育 健康･ 福祉・医療 文化 スポーツ 観光 お誘い 町政情報 事業者・ 産業・農業 組織から 探す 組織から探す 施設マップ 移住定住情報 サイト内検索 メニューを閉じる Select Language くらし/手続き 子ども・教育 健康・医療・福祉 文化・スポーツ 観光・お誘い 町政情報 事業者・産業・農業 組織から探す メニューを閉じる 現在の位置 宮崎県高鍋町公式ホームページ TAKANABE TOWN 町政情報 計画・政策 町政方針 高鍋町税条例の一部改正について(町税の猶予制度の見直し) 高鍋町税条例の一部改正について(町税の猶予制度の見直し) 更新日：2018年11月30日 1 改正(規定の
18	高鍋町	西都児湯斎場「再生の杜」について	https://www.town.takanabe.lg.jp/choseijoho/kikan_shisetsu/1338.html	西都児湯斎場「再生の杜」について／高鍋町 本文へ 背景色 くらし 手続き 子育て 教育 健康･ 福祉・医療 文化 スポーツ 観光 お誘い 町政情報 事業者・ 産業・農業 組織から 探す 組織から探す 施設マップ 移住定住情報 サイト内検索 メニューを閉じる Select Language くらし/手続き 子ども・教育 健康・医療・福祉 文化・スポーツ 観光・お誘い 町政情報 事業者・産業・農業 組織から探す メニューを閉じる 現在の位置 宮崎県高鍋町公式ホームページ TAKANABE TOWN 町政情報 町の機関・施設 西都児湯斎場「再生の杜」について 西都児湯斎場「再生の杜」について 更新日：2019年03月04日 西都児湯の1市5町で建設を進めています新火葬場が平成27年8月25日(火曜)から稼働しますので
18	高鍋町	RVパークsmart【高鍋】	https://www.town.takanabe.lg.jp/choseijoho/kikan_shisetsu/1465.html	RVパークsmart【高鍋】／高鍋町 本文へ 背景色 くらし 手続き 子育て 教育 健康･ 福祉・医療 文化 スポーツ 観光 お誘い 町政情報 事業者・ 産業・農業 組織から 探す 組織から探す 施設マップ 移住定住情報 サイト内検索 メニューを閉じる Select Language くらし/手続き 子ども・教育 健康・医療・福祉 文化・スポーツ 観光・お誘い 町政情報 事業者・産業・農業 組織から探す メニューを閉じる 現在の位置 宮崎県高鍋町公式ホームページ TAKANABE TOWN 町政情報 町の機関・施設 RVパークsmart【高鍋】 RVパークsmart【高鍋】 更新日：2026年06月01日 受付、お問い合わせはネット予約専用サイトからお願いします。お問い合わせは、トラストパーク株式会社（24時間
18	高鍋町	たかしんホール(高鍋町中央公民館)	https://www.town.takanabe.lg.jp/choseijoho/kikan_shisetsu/1535.html	たかしんホール(高鍋町中央公民館)／高鍋町 本文へ 背景色 くらし 手続き 子育て 教育 健康･ 福祉・医療 文化 スポーツ 観光 お誘い 町政情報 事業者・ 産業・農業 組織から 探す 組織から探す 施設マップ 移住定住情報 サイト内検索 メニューを閉じる Select Language くらし/手続き 子ども・教育 健康・医療・福祉 文化・スポーツ 観光・お誘い 町政情報 事業者・産業・農業 組織から探す メニューを閉じる 現在の位置 宮崎県高鍋町公式ホームページ TAKANABE TOWN 町政情報 町の機関・施設 たかしんホール(高鍋町中央公民館) たかしんホール(高鍋町中央公民館) 更新日：2026年03月10日 たかしんホールの詳細 開館時間 午前9時～午後10時まで 休館日 毎週月曜日、祝日、第3
18	高鍋町	イワケン健康づくりセンター（高鍋町健康づくりセンター）	https://www.town.takanabe.lg.jp/choseijoho/kikan_shisetsu/1624.html	イワケン健康づくりセンター（高鍋町健康づくりセンター）／高鍋町 本文へ 背景色 くらし 手続き 子育て 教育 健康･ 福祉・医療 文化 スポーツ 観光 お誘い 町政情報 事業者・ 産業・農業 組織から 探す 組織から探す 施設マップ 移住定住情報 サイト内検索 メニューを閉じる Select Language くらし/手続き 子ども・教育 健康・医療・福祉 文化・スポーツ 観光・お誘い 町政情報 事業者・産業・農業 組織から探す メニューを閉じる 現在の位置 宮崎県高鍋町公式ホームページ TAKANABE TOWN 町政情報 町の機関・施設 イワケン健康づくりセンター（高鍋町健康づくりセンター） イワケン健康づくりセンター（高鍋町健康づくりセンター） 更新日：2026年06月25日 おとなの健康づくり・健（検）
18	高鍋町	高鍋図書館 読書推進企画「かりて！よんで！としょかんdeビンゴ」について	https://www.town.takanabe.lg.jp/choseijoho/kikan_shisetsu/1/4552.html	高鍋図書館 読書推進企画「かりて！よんで！としょかんdeビンゴ」について／高鍋町 本文へ 背景色 くらし 手続き 子育て 教育 健康･ 福祉・医療 文化 スポーツ 観光 お誘い 町政情報 事業者・ 産業・農業 組織から 探す 組織から探す 施設マップ 移住定住情報 サイト内検索 メニューを閉じる Select Language くらし/手続き 子ども・教育 健康・医療・福祉 文化・スポーツ 観光・お誘い 町政情報 事業者・産業・農業 組織から探す メニューを閉じる 現在の位置 宮崎県高鍋町公式ホームページ TAKANABE TOWN 町政情報 町の機関・施設 図書館 高鍋図書館 読書推進企画「かりて！よんで！としょかんdeビンゴ」について 高鍋図書館 読書推進企画「かりて！よんで！としょかんdeビンゴ」について
18	高鍋町	選挙人名簿	https://www.town.takanabe.lg.jp/choseijoho/senkyokanri/1007.html	選挙人名簿／高鍋町 本文へ 背景色 くらし 手続き 子育て 教育 健康･ 福祉・医療 文化 スポーツ 観光 お誘い 町政情報 事業者・ 産業・農業 組織から 探す 組織から探す 施設マップ 移住定住情報 サイト内検索 メニューを閉じる Select Language くらし/手続き 子ども・教育 健康・医療・福祉 文化・スポーツ 観光・お誘い 町政情報 事業者・産業・農業 組織から探す メニューを閉じる 現在の位置 宮崎県高鍋町公式ホームページ TAKANABE TOWN 町政情報 選挙管理委員会 選挙人名簿 選挙人名簿 更新日：2026年06月02日 選挙人名簿登録者数 令和8年6月1日定時登録の選挙人名簿登録者数 選挙人名簿登録者数 男 7,588人 女 8,484人 合計 16,072人 選挙権を持ってい
18	高鍋町	公共下水道について(事業者向け)	https://www.town.takanabe.lg.jp/jigyosha/tetuzuki_todokede_seido/2/1674.html	公共下水道について(事業者向け)／高鍋町 本文へ 背景色 くらし 手続き 子育て 教育 健康･ 福祉・医療 文化 スポーツ 観光 お誘い 町政情報 事業者・ 産業・農業 組織から 探す 組織から探す 施設マップ 移住定住情報 サイト内検索 メニューを閉じる Select Language くらし/手続き 子ども・教育 健康・医療・福祉 文化・スポーツ 観光・お誘い 町政情報 事業者・産業・農業 組織から探す メニューを閉じる 現在の位置 宮崎県高鍋町公式ホームページ TAKANABE TOWN 事業者の方へ 手続き・届出・制度 公共下水道について(事業者向け) 公共下水道について(事業者向け) 公共下水道について(事業者向け) 更新日：2026年05月19日 令和8年度 下水道排水設備工事責任技術者共通試験につ
18	高鍋町	健（検）診・感染症予防・健康づくり	https://www.town.takanabe.lg.jp/kenko_iryo_fukushi/kenkozukuri/1259.html	健（検）診・感染症予防・健康づくり／高鍋町 本文へ 背景色 くらし 手続き 子育て 教育 健康･ 福祉・医療 文化 スポーツ 観光 お誘い 町政情報 事業者・ 産業・農業 組織から 探す 組織から探す 施設マップ 移住定住情報 サイト内検索 メニューを閉じる Select Language くらし/手続き 子ども・教育 健康・医療・福祉 文化・スポーツ 観光・お誘い 町政情報 事業者・産業・農業 組織から探す メニューを閉じる 現在の位置 宮崎県高鍋町公式ホームページ TAKANABE TOWN 健康・医療・福祉 健康づくり・健（検）診 健（検）診・感染症予防・健康づくり 健（検）診・感染症予防・健康づくり 更新日：2026年06月25日 おとなの健康づくり・健（検）診について 大人の健康づくり･健(検)診 高
18	高鍋町	子育て支援センター『わかば』	https://www.town.takanabe.lg.jp/kosodate_kyoiku/kosodate/4176.html	子育て支援センター『わかば』／高鍋町 本文へ 背景色 くらし 手続き 子育て 教育 健康･ 福祉・医療 文化 スポーツ 観光 お誘い 町政情報 事業者・ 産業・農業 組織から 探す 組織から探す 施設マップ 移住定住情報 サイト内検索 メニューを閉じる Select Language くらし/手続き 子ども・教育 健康・医療・福祉 文化・スポーツ 観光・お誘い 町政情報 事業者・産業・農業 組織から探す メニューを閉じる 現在の位置 宮崎県高鍋町公式ホームページ TAKANABE TOWN 子育て・教育 子育て 子育て支援センター『わかば』 子育て支援センター『わかば』 更新日：2026年07月16日 高鍋町地域子育て支援センター『わかば』 令和5年10月2日に開設した高鍋町地域子育て支援センター『わかば』は、
18	高鍋町	妊婦向けRSウイルスワクチン	https://www.town.takanabe.lg.jp/kosodate_kyoiku/ninshin_shussan/5047.html	妊婦向けRSウイルスワクチン／高鍋町 本文へ 背景色 くらし 手続き 子育て 教育 健康･ 福祉・医療 文化 スポーツ 観光 お誘い 町政情報 事業者・ 産業・農業 組織から 探す 組織から探す 施設マップ 移住定住情報 サイト内検索 メニューを閉じる Select Language くらし/手続き 子ども・教育 健康・医療・福祉 文化・スポーツ 観光・お誘い 町政情報 事業者・産業・農業 組織から探す メニューを閉じる 現在の位置 宮崎県高鍋町公式ホームページ TAKANABE TOWN 子育て・教育 妊娠・出産 妊婦向けRSウイルスワクチン 妊婦向けRSウイルスワクチン 更新日：2026年05月07日 令和8年4月1日から、妊婦の方へのRSウイルスワクチン（母子免疫ワクチン）の予防接種が、予防接種法に基づく
18	高鍋町	後期高齢者医療制度について	https://www.town.takanabe.lg.jp/lifeevent/koreisha_kaigo/1659.html	後期高齢者医療制度について／高鍋町 本文へ 背景色 くらし 手続き 子育て 教育 健康･ 福祉・医療 文化 スポーツ 観光 お誘い 町政情報 事業者・ 産業・農業 組織から 探す 組織から探す 施設マップ 移住定住情報 サイト内検索 メニューを閉じる Select Language くらし/手続き 子ども・教育 健康・医療・福祉 文化・スポーツ 観光・お誘い 町政情報 事業者・産業・農業 組織から探す メニューを閉じる 現在の位置 宮崎県高鍋町公式ホームページ TAKANABE TOWN ライフシーンでさがす 高齢者・介護 後期高齢者医療制度について 後期高齢者医療制度について 更新日：2024年02月22日 後期高齢者医療制度は、都道府県単位で設置されている広域連合が運営主体(保険者)となります。市町村は窓口
18	高鍋町	介護保険(利用者向け)	https://www.town.takanabe.lg.jp/lifeevent/koreisha_kaigo/1664.html	介護保険(利用者向け)／高鍋町 本文へ 背景色 くらし 手続き 子育て 教育 健康･ 福祉・医療 文化 スポーツ 観光 お誘い 町政情報 事業者・ 産業・農業 組織から 探す 組織から探す 施設マップ 移住定住情報 サイト内検索 メニューを閉じる Select Language くらし/手続き 子ども・教育 健康・医療・福祉 文化・スポーツ 観光・お誘い 町政情報 事業者・産業・農業 組織から探す メニューを閉じる 現在の位置 宮崎県高鍋町公式ホームページ TAKANABE TOWN ライフシーンでさがす 高齢者・介護 介護保険(利用者向け) 介護保険(利用者向け) 更新日：2026年03月24日 介護保険の各種様式は下記よりダウンロードし、ご活用ください。 1.介護保険被保険者証などをなくしたとき 介護保険被
18	高鍋町	LINEから税証明書の交付申請が行えます。	https://www.town.takanabe.lg.jp/lifeevent/zeikin/4870.html	LINEから税証明書の交付申請が行えます。／高鍋町 本文へ 背景色 くらし 手続き 子育て 教育 健康･ 福祉・医療 文化 スポーツ 観光 お誘い 町政情報 事業者・ 産業・農業 組織から 探す 組織から探す 施設マップ 移住定住情報 サイト内検索 メニューを閉じる Select Language くらし/手続き 子ども・教育 健康・医療・福祉 文化・スポーツ 観光・お誘い 町政情報 事業者・産業・農業 組織から探す メニューを閉じる 現在の位置 宮崎県高鍋町公式ホームページ TAKANABE TOWN ライフシーンでさがす 税金 LINEから税証明書の交付申請が行えます。 LINEから税証明書の交付申請が行えます。 更新日：2026年06月03日 いつでも、どこでもLINEから税証明書の交付申請、手数料のお支
18	高鍋町	法人町民税	https://www.town.takanabe.lg.jp/lifeevent/zeikin/1562.html	法人町民税／高鍋町 本文へ 背景色 くらし 手続き 子育て 教育 健康･ 福祉・医療 文化 スポーツ 観光 お誘い 町政情報 事業者・ 産業・農業 組織から 探す 組織から探す 施設マップ 移住定住情報 サイト内検索 メニューを閉じる Select Language くらし/手続き 子ども・教育 健康・医療・福祉 文化・スポーツ 観光・お誘い 町政情報 事業者・産業・農業 組織から探す メニューを閉じる 現在の位置 宮崎県高鍋町公式ホームページ TAKANABE TOWN ライフシーンでさがす 税金 法人町民税 法人町民税 更新日：2022年09月27日 法人等(設立・設置・異動・廃止)申告書 法人等（設立・設置・異動・廃止）申告書 (Excelファイル: 40.0KB) 法人等（設立・設置・異動・廃止）申告書
18	高鍋町	固定資産税について	https://www.town.takanabe.lg.jp/lifeevent/zeikin/1582.html	固定資産税について／高鍋町 本文へ 背景色 くらし 手続き 子育て 教育 健康･ 福祉・医療 文化 スポーツ 観光 お誘い 町政情報 事業者・ 産業・農業 組織から 探す 組織から探す 施設マップ 移住定住情報 サイト内検索 メニューを閉じる Select Language くらし/手続き 子ども・教育 健康・医療・福祉 文化・スポーツ 観光・お誘い 町政情報 事業者・産業・農業 組織から探す メニューを閉じる 現在の位置 宮崎県高鍋町公式ホームページ TAKANABE TOWN ライフシーンでさがす 税金 固定資産税について 固定資産税について 更新日：2026年02月25日 固定資産税とは 固定資産税は、毎年1月1日（「賦課期日」といいます。）に、高鍋町内に土地、家屋、償却資産(これらを総称して「固定資産」
18	高鍋町	町税の電子申告(eLTAX)について	https://www.town.takanabe.lg.jp/lifeevent/zeikin/1619.html	町税の電子申告(eLTAX)について／高鍋町 本文へ 背景色 くらし 手続き 子育て 教育 健康･ 福祉・医療 文化 スポーツ 観光 お誘い 町政情報 事業者・ 産業・農業 組織から 探す 組織から探す 施設マップ 移住定住情報 サイト内検索 メニューを閉じる Select Language くらし/手続き 子ども・教育 健康・医療・福祉 文化・スポーツ 観光・お誘い 町政情報 事業者・産業・農業 組織から探す メニューを閉じる 現在の位置 宮崎県高鍋町公式ホームページ TAKANABE TOWN ライフシーンでさがす 税金 町税の電子申告(eLTAX)について 町税の電子申告(eLTAX)について 更新日：2025年12月26日 eLTAX(エルタックス)とは、地方税ポータルシステムの呼称で、地方税における手
18	高鍋町	税に関する証明	https://www.town.takanabe.lg.jp/lifeevent/zeikin/1585.html	税に関する証明／高鍋町 本文へ 背景色 くらし 手続き 子育て 教育 健康･ 福祉・医療 文化 スポーツ 観光 お誘い 町政情報 事業者・ 産業・農業 組織から 探す 組織から探す 施設マップ 移住定住情報 サイト内検索 メニューを閉じる Select Language くらし/手続き 子ども・教育 健康・医療・福祉 文化・スポーツ 観光・お誘い 町政情報 事業者・産業・農業 組織から探す メニューを閉じる 現在の位置 宮崎県高鍋町公式ホームページ TAKANABE TOWN ライフシーンでさがす 税金 税に関する証明 税に関する証明 更新日：2026年06月03日 税に関する証明(所得証明・課税証明・納税証明・固定資産関係証明)の手続きについて掲載します。 申請に必要なもの 所得・課税に関する証明 種類 必要
18	高鍋町	家内労働(内職)情報（令和8年6月24日現在）	https://www.town.takanabe.lg.jp/soshiki/chiikiseisaku/2/2361.html	家内労働(内職)情報（令和8年6月24日現在）／高鍋町 本文へ 背景色 くらし 手続き 子育て 教育 健康･ 福祉・医療 文化 スポーツ 観光 お誘い 町政情報 事業者・ 産業・農業 組織から 探す 組織から探す 施設マップ 移住定住情報 サイト内検索 メニューを閉じる Select Language くらし/手続き 子ども・教育 健康・医療・福祉 文化・スポーツ 観光・お誘い 町政情報 事業者・産業・農業 組織から探す メニューを閉じる 現在の位置 宮崎県高鍋町公式ホームページ TAKANABE TOWN 組織から探す 地域政策課 就職・雇用労働情報 家内労働(内職)情報（令和8年6月24日現在） 家内労働(内職)情報（令和8年6月24日現在） 更新日：2026年06月24日 家内労働をお探しの方へ ご希望の
18	高鍋町	労働契約等解説セミナーの開催について	https://www.town.takanabe.lg.jp/soshiki/chiikiseisaku/2/4586.html	労働契約等解説セミナーの開催について／高鍋町 本文へ 背景色 くらし 手続き 子育て 教育 健康･ 福祉・医療 文化 スポーツ 観光 お誘い 町政情報 事業者・ 産業・農業 組織から 探す 組織から探す 施設マップ 移住定住情報 サイト内検索 メニューを閉じる Select Language くらし/手続き 子ども・教育 健康・医療・福祉 文化・スポーツ 観光・お誘い 町政情報 事業者・産業・農業 組織から探す メニューを閉じる 現在の位置 宮崎県高鍋町公式ホームページ TAKANABE TOWN 組織から探す 地域政策課 就職・雇用労働情報 労働契約等解説セミナーの開催について 労働契約等解説セミナーの開催について 更新日：2025年07月01日 労働者や事業主、人事労務管理担当者等を対象として、雇用される側
18	高鍋町	高鍋町地域おこし協力隊の紹介	https://www.town.takanabe.lg.jp/soshiki/chiikiseisaku/3/chiikiokoshikyouryokutai/4120.html	高鍋町地域おこし協力隊の紹介／高鍋町 本文へ 背景色 くらし 手続き 子育て 教育 健康･ 福祉・医療 文化 スポーツ 観光 お誘い 町政情報 事業者・ 産業・農業 組織から 探す 組織から探す 施設マップ 移住定住情報 サイト内検索 メニューを閉じる Select Language くらし/手続き 子ども・教育 健康・医療・福祉 文化・スポーツ 観光・お誘い 町政情報 事業者・産業・農業 組織から探す メニューを閉じる 現在の位置 宮崎県高鍋町公式ホームページ TAKANABE TOWN 組織から探す 地域政策課 移住・定住 地域おこし協力隊 高鍋町地域おこし協力隊の紹介 高鍋町地域おこし協力隊の紹介 更新日：2026年07月13日 高鍋町で活躍する地域おこし協力隊をご紹介します！ 現在、高鍋町では18名の協
18	高鍋町	「新しいつながり、元気な毎日へ移住者交流会」開催について	https://www.town.takanabe.lg.jp/soshiki/chiikiseisaku/3/event/5010.html	「新しいつながり、元気な毎日へ移住者交流会」開催について／高鍋町 本文へ 背景色 くらし 手続き 子育て 教育 健康･ 福祉・医療 文化 スポーツ 観光 お誘い 町政情報 事業者・ 産業・農業 組織から 探す 組織から探す 施設マップ 移住定住情報 サイト内検索 メニューを閉じる Select Language くらし/手続き 子ども・教育 健康・医療・福祉 文化・スポーツ 観光・お誘い 町政情報 事業者・産業・農業 組織から探す メニューを閉じる 現在の位置 宮崎県高鍋町公式ホームページ TAKANABE TOWN 組織から探す 地域政策課 移住・定住 イベント情報 「新しいつながり、元気な毎日へ移住者交流会」開催について 「新しいつながり、元気な毎日へ移住者交流会」開催について 更新日：2026年05月19
18	高鍋町	令和7年度 第25回高鍋城灯籠まつり開催について	https://www.town.takanabe.lg.jp/soshiki/chiikiseisaku/4/2/1/4668.html	令和7年度 第25回高鍋城灯籠まつり開催について／高鍋町 本文へ 背景色 くらし 手続き 子育て 教育 健康･ 福祉・医療 文化 スポーツ 観光 お誘い 町政情報 事業者・ 産業・農業 組織から 探す 組織から探す 施設マップ 移住定住情報 サイト内検索 メニューを閉じる Select Language くらし/手続き 子ども・教育 健康・医療・福祉 文化・スポーツ 観光・お誘い 町政情報 事業者・産業・農業 組織から探す メニューを閉じる 現在の位置 宮崎県高鍋町公式ホームページ TAKANABE TOWN 組織から探す 地域政策課 観光・お誘い 観光情報 高鍋城灯籠まつり 令和7年度 第25回高鍋城灯籠まつり開催について 令和7年度 第25回高鍋城灯籠まつり開催について 更新日：2025年09月30日 第2
18	高鍋町	九州オルレ「宮崎・小丸川コース」	https://www.town.takanabe.lg.jp/soshiki/chiikiseisaku/4/2/olle/3418.html	九州オルレ「宮崎・小丸川コース」／高鍋町 本文へ 背景色 くらし 手続き 子育て 教育 健康･ 福祉・医療 文化 スポーツ 観光 お誘い 町政情報 事業者・ 産業・農業 組織から 探す 組織から探す 施設マップ 移住定住情報 サイト内検索 メニューを閉じる Select Language くらし/手続き 子ども・教育 健康・医療・福祉 文化・スポーツ 観光・お誘い 町政情報 事業者・産業・農業 組織から探す メニューを閉じる 現在の位置 宮崎県高鍋町公式ホームページ TAKANABE TOWN 組織から探す 地域政策課 観光・お誘い 観光情報 九州オルレ 九州オルレ「宮崎・小丸川コース」 九州オルレ「宮崎・小丸川コース」 更新日：2025年06月19日 九州オルレ「宮崎・小丸川コース」が認定されました （一社）
18	高鍋町	公募型プロポーザル方式に係る公告について（ブルーカーボン・環境再生人材育成事業業務委託）	https://www.town.takanabe.lg.jp/soshiki/chiikiseisaku/7/1/5153.html	公募型プロポーザル方式に係る公告について（ブルーカーボン・環境再生人材育成事業業務委託）／高鍋町 本文へ 背景色 くらし 手続き 子育て 教育 健康･ 福祉・医療 文化 スポーツ 観光 お誘い 町政情報 事業者・ 産業・農業 組織から 探す 組織から探す 施設マップ 移住定住情報 サイト内検索 メニューを閉じる Select Language くらし/手続き 子ども・教育 健康・医療・福祉 文化・スポーツ 観光・お誘い 町政情報 事業者・産業・農業 組織から探す メニューを閉じる 現在の位置 宮崎県高鍋町公式ホームページ TAKANABE TOWN 組織から探す 地域政策課 町政情報 計画・政策 公募型プロポーザル方式に係る公告について（ブルーカーボン・環境再生人材育成事業業務委託） 公募型プロポーザル方式に係
18	高鍋町	働き方改革関連法が順次施行されます	https://www.town.takanabe.lg.jp/soshiki/chiikiseisaku/7/1/1/893.html	働き方改革関連法が順次施行されます／高鍋町 本文へ 背景色 くらし 手続き 子育て 教育 健康･ 福祉・医療 文化 スポーツ 観光 お誘い 町政情報 事業者・ 産業・農業 組織から 探す 組織から探す 施設マップ 移住定住情報 サイト内検索 メニューを閉じる Select Language くらし/手続き 子ども・教育 健康・医療・福祉 文化・スポーツ 観光・お誘い 町政情報 事業者・産業・農業 組織から探す メニューを閉じる 現在の位置 宮崎県高鍋町公式ホームページ TAKANABE TOWN 組織から探す 地域政策課 町政情報 計画・政策 協働のまちづくり 働き方改革関連法が順次施行されます 働き方改革関連法が順次施行されます 更新日：2018年11月30日 平成30年7月6日付けにて、働き方改革を推進する
18	高鍋町	協働のまちづくり	https://www.town.takanabe.lg.jp/soshiki/chiikiseisaku/7/1/1/index.html	協働のまちづくり／高鍋町 本文へ 背景色 くらし 手続き 子育て 教育 健康･ 福祉・医療 文化 スポーツ 観光 お誘い 町政情報 事業者・ 産業・農業 組織から 探す 組織から探す 施設マップ 移住定住情報 サイト内検索 メニューを閉じる Select Language くらし/手続き 子ども・教育 健康・医療・福祉 文化・スポーツ 観光・お誘い 町政情報 事業者・産業・農業 組織から探す メニューを閉じる 現在の位置 宮崎県高鍋町公式ホームページ TAKANABE TOWN 組織から探す 地域政策課 町政情報 計画・政策 協働のまちづくり 協働のまちづくり 更新日：2018年11月30日 出前講座について 働き方改革関連法が順次施行されます 宮崎県最低賃金が時間額897円に改定 計画・政策 ライフシーンで探
18	高鍋町	高鍋町町制施行120周年記念事業 「#たかなべスマホ動画コンテスト」の開催について	https://www.town.takanabe.lg.jp/soshiki/chiikiseisaku/7/2/3547.html	高鍋町町制施行120周年記念事業 「#たかなべスマホ動画コンテスト」の開催について／高鍋町 本文へ 背景色 くらし 手続き 子育て 教育 健康･ 福祉・医療 文化 スポーツ 観光 お誘い 町政情報 事業者・ 産業・農業 組織から 探す 組織から探す 施設マップ 移住定住情報 サイト内検索 メニューを閉じる Select Language くらし/手続き 子ども・教育 健康・医療・福祉 文化・スポーツ 観光・お誘い 町政情報 事業者・産業・農業 組織から探す メニューを閉じる 現在の位置 宮崎県高鍋町公式ホームページ TAKANABE TOWN 組織から探す 地域政策課 町政情報 広報・広聴 高鍋町町制施行120周年記念事業 「#たかなべスマホ動画コンテスト」の開催について 高鍋町町制施行120周年記念事業 「#
18	高鍋町	広報紙閲覧サービス『カタログポケット』を使ってみませんか	https://www.town.takanabe.lg.jp/soshiki/chiikiseisaku/7/2/4589.html	広報紙閲覧サービス『カタログポケット』を使ってみませんか／高鍋町 本文へ 背景色 くらし 手続き 子育て 教育 健康･ 福祉・医療 文化 スポーツ 観光 お誘い 町政情報 事業者・ 産業・農業 組織から 探す 組織から探す 施設マップ 移住定住情報 サイト内検索 メニューを閉じる Select Language くらし/手続き 子ども・教育 健康・医療・福祉 文化・スポーツ 観光・お誘い 町政情報 事業者・産業・農業 組織から探す メニューを閉じる 現在の位置 宮崎県高鍋町公式ホームページ TAKANABE TOWN 組織から探す 地域政策課 町政情報 広報・広聴 広報紙閲覧サービス『カタログポケット』を使ってみませんか 広報紙閲覧サービス『カタログポケット』を使ってみませんか 更新日：2025年11月27日
18	高鍋町	広報たかなべ(令和3年度)	https://www.town.takanabe.lg.jp/soshiki/chiikiseisaku/7/2/2/3152.html	広報たかなべ(令和3年度)／高鍋町 本文へ 背景色 くらし 手続き 子育て 教育 健康･ 福祉・医療 文化 スポーツ 観光 お誘い 町政情報 事業者・ 産業・農業 組織から 探す 組織から探す 施設マップ 移住定住情報 サイト内検索 メニューを閉じる Select Language くらし/手続き 子ども・教育 健康・医療・福祉 文化・スポーツ 観光・お誘い 町政情報 事業者・産業・農業 組織から探す メニューを閉じる 現在の位置 宮崎県高鍋町公式ホームページ TAKANABE TOWN 組織から探す 地域政策課 町政情報 広報・広聴 広報たかなべ 広報たかなべ(令和3年度) 広報たかなべ(令和3年度) Tweet 更新日：2022年03月22日 広報たかなべでは、行政情報をはじめ、くらしやイベント、まちの話題
18	高鍋町	RVパークsmart【高鍋】	https://www.town.takanabe.lg.jp/soshiki/chiikiseisaku/7/5/780.html	RVパークsmart【高鍋】／高鍋町 本文へ 背景色 くらし 手続き 子育て 教育 健康･ 福祉・医療 文化 スポーツ 観光 お誘い 町政情報 事業者・ 産業・農業 組織から 探す 組織から探す 施設マップ 移住定住情報 サイト内検索 メニューを閉じる Select Language くらし/手続き 子ども・教育 健康・医療・福祉 文化・スポーツ 観光・お誘い 町政情報 事業者・産業・農業 組織から探す メニューを閉じる 現在の位置 宮崎県高鍋町公式ホームページ TAKANABE TOWN 組織から探す 地域政策課 町政情報 町の機関・施設 RVパークsmart【高鍋】 RVパークsmart【高鍋】 更新日：2026年06月01日 受付、お問い合わせはネット予約専用サイトからお願いします。お問い合わせは、トラス
18	高鍋町	高鍋駅交流拠点施設について	https://www.town.takanabe.lg.jp/soshiki/chiikiseisaku/7/5/4498.html	高鍋駅交流拠点施設について／高鍋町 本文へ 背景色 くらし 手続き 子育て 教育 健康･ 福祉・医療 文化 スポーツ 観光 お誘い 町政情報 事業者・ 産業・農業 組織から 探す 組織から探す 施設マップ 移住定住情報 サイト内検索 メニューを閉じる Select Language くらし/手続き 子ども・教育 健康・医療・福祉 文化・スポーツ 観光・お誘い 町政情報 事業者・産業・農業 組織から探す メニューを閉じる 現在の位置 宮崎県高鍋町公式ホームページ TAKANABE TOWN 組織から探す 地域政策課 町政情報 町の機関・施設 高鍋駅交流拠点施設について 高鍋駅交流拠点施設について 更新日：2025年05月12日 高鍋駅交流拠点施設（高鍋駅舎）外観 高鍋駅は、令和2年に九州旅客鉄道株式会社より高鍋町
17	高鍋町	高鍋町消防団について	https://www.town.takanabe.lg.jp/soshiki/kikikanri/2/shoubou/419.html	高鍋町消防団について／高鍋町 本文へ 背景色 くらし 手続き 子育て 教育 健康･ 福祉・医療 文化 スポーツ 観光 お誘い 町政情報 事業者・ 産業・農業 組織から 探す 組織から探す 施設マップ 移住定住情報 サイト内検索 メニューを閉じる Select Language くらし/手続き 子ども・教育 健康・医療・福祉 文化・スポーツ 観光・お誘い 町政情報 事業者・産業・農業 組織から探す メニューを閉じる 現在の位置 宮崎県高鍋町公式ホームページ TAKANABE TOWN 組織から探す 危機管理課 防災・防犯・消防・交通・自衛隊 消防 高鍋町消防団について 高鍋町消防団について 更新日：2024年04月03日 消防団の概要 消防団は、火災の警報や鎮圧、大規模災害時の防除活動等を行う機関です。火災時には
17	高鍋町	高鍋町デマンド交通 便利なWEB予約の方法	https://www.town.takanabe.lg.jp/soshiki/chiikiseisaku/1/1/3784.html	高鍋町デマンド交通 便利なWEB予約の方法／高鍋町 本文へ 背景色 くらし 手続き 子育て 教育 健康･ 福祉・医療 文化 スポーツ 観光 お誘い 町政情報 事業者・ 産業・農業 組織から 探す 組織から探す 施設マップ 移住定住情報 サイト内検索 メニューを閉じる Select Language くらし/手続き 子ども・教育 健康・医療・福祉 文化・スポーツ 観光・お誘い 町政情報 事業者・産業・農業 組織から探す メニューを閉じる 現在の位置 宮崎県高鍋町公式ホームページ TAKANABE TOWN 組織から探す 地域政策課 くらし・手続き 交通 高鍋町デマンド交通 便利なWEB予約の方法 高鍋町デマンド交通 便利なWEB予約の方法 更新日：2022年09月29日 予約画面の出し方 お手元にデマンド交通のチ
17	高鍋町	消費者行政に関する町長表明	https://www.town.takanabe.lg.jp/choseijoho/keikaku_seisaku/3139.html	消費者行政に関する町長表明／高鍋町 本文へ 背景色 くらし 手続き 子育て 教育 健康･ 福祉・医療 文化 スポーツ 観光 お誘い 町政情報 事業者・ 産業・農業 組織から 探す 組織から探す 施設マップ 移住定住情報 サイト内検索 メニューを閉じる Select Language くらし/手続き 子ども・教育 健康・医療・福祉 文化・スポーツ 観光・お誘い 町政情報 事業者・産業・農業 組織から探す メニューを閉じる 現在の位置 宮崎県高鍋町公式ホームページ TAKANABE TOWN 町政情報 計画・政策 消費者行政に関する町長表明 消費者行政に関する町長表明 更新日：2026年04月01日 平成29年4月に本町に開設しました「西都児湯消費生活相談センター」も開設から9年が経過しました。寄せられる相談件数に
17	高鍋町	出前講座について	https://www.town.takanabe.lg.jp/choseijoho/keikaku_seisaku/1/1053.html	出前講座について／高鍋町 本文へ 背景色 くらし 手続き 子育て 教育 健康･ 福祉・医療 文化 スポーツ 観光 お誘い 町政情報 事業者・ 産業・農業 組織から 探す 組織から探す 施設マップ 移住定住情報 サイト内検索 メニューを閉じる Select Language くらし/手続き 子ども・教育 健康・医療・福祉 文化・スポーツ 観光・お誘い 町政情報 事業者・産業・農業 組織から探す メニューを閉じる 現在の位置 宮崎県高鍋町公式ホームページ TAKANABE TOWN 町政情報 計画・政策 協働のまちづくり 出前講座について 出前講座について 更新日：2023年03月23日 高鍋町出前講座とは 高鍋町出前講座とは、町職員等が講師となり、町民の皆さんのお近くへ出向いて、町行政のしくみや内容についてのお話
17	高鍋町	第4次高鍋町行政改革大綱 ~平成19年度実績~	https://www.town.takanabe.lg.jp/choseijoho/keikaku_seisaku/6/1087.html	第4次高鍋町行政改革大綱 ~平成19年度実績~／高鍋町 本文へ 背景色 くらし 手続き 子育て 教育 健康･ 福祉・医療 文化 スポーツ 観光 お誘い 町政情報 事業者・ 産業・農業 組織から 探す 組織から探す 施設マップ 移住定住情報 サイト内検索 メニューを閉じる Select Language くらし/手続き 子ども・教育 健康・医療・福祉 文化・スポーツ 観光・お誘い 町政情報 事業者・産業・農業 組織から探す メニューを閉じる 現在の位置 宮崎県高鍋町公式ホームページ TAKANABE TOWN 町政情報 計画・政策 町政方針 第4次高鍋町行政改革大綱 ~平成19年度実績~ 第4次高鍋町行政改革大綱 ~平成19年度実績~ 更新日：2018年11月30日 平成19年度に取り組みました行政改革の実施項目
17	高鍋町	予約・リクエスト・選書申込について	https://www.town.takanabe.lg.jp/choseijoho/kikan_shisetsu/1/4598.html	予約・リクエスト・選書申込について／高鍋町 本文へ 背景色 くらし 手続き 子育て 教育 健康･ 福祉・医療 文化 スポーツ 観光 お誘い 町政情報 事業者・ 産業・農業 組織から 探す 組織から探す 施設マップ 移住定住情報 サイト内検索 メニューを閉じる Select Language くらし/手続き 子ども・教育 健康・医療・福祉 文化・スポーツ 観光・お誘い 町政情報 事業者・産業・農業 組織から探す メニューを閉じる 現在の位置 宮崎県高鍋町公式ホームページ TAKANABE TOWN 町政情報 町の機関・施設 図書館 予約・リクエスト・選書申込について 予約・リクエスト・選書申込について 更新日：2025年11月06日 町立高鍋図書館では、読みたい本が図書館にない場合、以下の3つのサービスを提供して
17	高鍋町	保育所等入所のご案内	https://www.town.takanabe.lg.jp/kosodate_kyoiku/kosodate/4419.html	保育所等入所のご案内／高鍋町 本文へ 背景色 くらし 手続き 子育て 教育 健康･ 福祉・医療 文化 スポーツ 観光 お誘い 町政情報 事業者・ 産業・農業 組織から 探す 組織から探す 施設マップ 移住定住情報 サイト内検索 メニューを閉じる Select Language くらし/手続き 子ども・教育 健康・医療・福祉 文化・スポーツ 観光・お誘い 町政情報 事業者・産業・農業 組織から探す メニューを閉じる 現在の位置 宮崎県高鍋町公式ホームページ TAKANABE TOWN 子育て・教育 子育て 保育所等入所のご案内 保育所等入所のご案内 更新日：2025年11月21日 入所申込み受付期間 4月入所の申請受付については、例年11月下旬から12月末にかけて行っております。 5月以降の入所を希望の方は、入所
17	高鍋町	特定事業所集中減算関連	https://www.town.takanabe.lg.jp/lifeevent/koreisha_kaigo/1689.html	特定事業所集中減算関連／高鍋町 本文へ 背景色 くらし 手続き 子育て 教育 健康･ 福祉・医療 文化 スポーツ 観光 お誘い 町政情報 事業者・ 産業・農業 組織から 探す 組織から探す 施設マップ 移住定住情報 サイト内検索 メニューを閉じる Select Language くらし/手続き 子ども・教育 健康・医療・福祉 文化・スポーツ 観光・お誘い 町政情報 事業者・産業・農業 組織から探す メニューを閉じる 現在の位置 宮崎県高鍋町公式ホームページ TAKANABE TOWN ライフシーンでさがす 高齢者・介護 特定事業所集中減算関連 特定事業所集中減算関連 更新日：2019年05月08日 居宅介護支援事業所における特定事業所集中減算に係る届出書 (Excelファイル: 116.0KB) 居宅介護支援事
17	高鍋町	地域密着型サービス・居宅介護支援関連	https://www.town.takanabe.lg.jp/lifeevent/koreisha_kaigo/1627.html	地域密着型サービス・居宅介護支援関連／高鍋町 本文へ 背景色 くらし 手続き 子育て 教育 健康･ 福祉・医療 文化 スポーツ 観光 お誘い 町政情報 事業者・ 産業・農業 組織から 探す 組織から探す 施設マップ 移住定住情報 サイト内検索 メニューを閉じる Select Language くらし/手続き 子ども・教育 健康・医療・福祉 文化・スポーツ 観光・お誘い 町政情報 事業者・産業・農業 組織から探す メニューを閉じる 現在の位置 宮崎県高鍋町公式ホームページ TAKANABE TOWN ライフシーンでさがす 高齢者・介護 地域密着型サービス・居宅介護支援関連 地域密着型サービス・居宅介護支援関連 更新日：2024年04月01日 地域密着型サービス・居宅介護支援の申請書等は、 令和6年4月1日より以下
17	高鍋町	保育所等入所のご案内	https://www.town.takanabe.lg.jp/lifeevent/ninshin_shussan_kosodate/4221.html	保育所等入所のご案内／高鍋町 本文へ 背景色 くらし 手続き 子育て 教育 健康･ 福祉・医療 文化 スポーツ 観光 お誘い 町政情報 事業者・ 産業・農業 組織から 探す 組織から探す 施設マップ 移住定住情報 サイト内検索 メニューを閉じる Select Language くらし/手続き 子ども・教育 健康・医療・福祉 文化・スポーツ 観光・お誘い 町政情報 事業者・産業・農業 組織から探す メニューを閉じる 現在の位置 宮崎県高鍋町公式ホームページ TAKANABE TOWN ライフシーンでさがす 妊娠・出産・子育て 保育所等入所のご案内 保育所等入所のご案内 更新日：2025年11月21日 入所申込み受付期間 4月入所の申請受付については、例年11月下旬から12月末にかけて行っております。 5月以降の入
17	高鍋町	保育所等入所のご案内	https://www.town.takanabe.lg.jp/lifeevent/nyuen_nyugaku/4420.html	保育所等入所のご案内／高鍋町 本文へ 背景色 くらし 手続き 子育て 教育 健康･ 福祉・医療 文化 スポーツ 観光 お誘い 町政情報 事業者・ 産業・農業 組織から 探す 組織から探す 施設マップ 移住定住情報 サイト内検索 メニューを閉じる Select Language くらし/手続き 子ども・教育 健康・医療・福祉 文化・スポーツ 観光・お誘い 町政情報 事業者・産業・農業 組織から探す メニューを閉じる 現在の位置 宮崎県高鍋町公式ホームページ TAKANABE TOWN ライフシーンでさがす 入園・入学 保育所等入所のご案内 保育所等入所のご案内 更新日：2025年11月21日 入所申込み受付期間 4月入所の申請受付については、例年11月下旬から12月末にかけて行っております。 5月以降の入所を希望
17	高鍋町	出前講座について	https://www.town.takanabe.lg.jp/soshiki/chiikiseisaku/7/1/1/368.html	出前講座について／高鍋町 本文へ 背景色 くらし 手続き 子育て 教育 健康･ 福祉・医療 文化 スポーツ 観光 お誘い 町政情報 事業者・ 産業・農業 組織から 探す 組織から探す 施設マップ 移住定住情報 サイト内検索 メニューを閉じる Select Language くらし/手続き 子ども・教育 健康・医療・福祉 文化・スポーツ 観光・お誘い 町政情報 事業者・産業・農業 組織から探す メニューを閉じる 現在の位置 宮崎県高鍋町公式ホームページ TAKANABE TOWN 組織から探す 地域政策課 町政情報 計画・政策 協働のまちづくり 出前講座について 出前講座について 更新日：2023年03月23日 高鍋町出前講座とは 高鍋町出前講座とは、町職員等が講師となり、町民の皆さんのお近くへ出向いて、町行政の
17	高鍋町	第4次高鍋町行政改革大綱 ~平成19年度実績~	https://www.town.takanabe.lg.jp/soshiki/chiikiseisaku/7/1/3/401.html	第4次高鍋町行政改革大綱 ~平成19年度実績~／高鍋町 本文へ 背景色 くらし 手続き 子育て 教育 健康･ 福祉・医療 文化 スポーツ 観光 お誘い 町政情報 事業者・ 産業・農業 組織から 探す 組織から探す 施設マップ 移住定住情報 サイト内検索 メニューを閉じる Select Language くらし/手続き 子ども・教育 健康・医療・福祉 文化・スポーツ 観光・お誘い 町政情報 事業者・産業・農業 組織から探す メニューを閉じる 現在の位置 宮崎県高鍋町公式ホームページ TAKANABE TOWN 組織から探す 地域政策課 町政情報 計画・政策 町政方針 第4次高鍋町行政改革大綱 ~平成19年度実績~ 第4次高鍋町行政改革大綱 ~平成19年度実績~ 更新日：2018年11月30日 平成19年度に取り組
17	高鍋町	広報たかなべ(平成24年度)	https://www.town.takanabe.lg.jp/soshiki/chiikiseisaku/7/2/2/577.html	広報たかなべ(平成24年度)／高鍋町 本文へ 背景色 くらし 手続き 子育て 教育 健康･ 福祉・医療 文化 スポーツ 観光 お誘い 町政情報 事業者・ 産業・農業 組織から 探す 組織から探す 施設マップ 移住定住情報 サイト内検索 メニューを閉じる Select Language くらし/手続き 子ども・教育 健康・医療・福祉 文化・スポーツ 観光・お誘い 町政情報 事業者・産業・農業 組織から探す メニューを閉じる 現在の位置 宮崎県高鍋町公式ホームページ TAKANABE TOWN 組織から探す 地域政策課 町政情報 広報・広聴 広報たかなべ 広報たかなべ(平成24年度) 広報たかなべ(平成24年度) 更新日：2018年11月30日 広報たかなべでは、行政情報をはじめ、くらしやイベント、まちの話題など、
17	高鍋町	広報たかなべ(令和2年度)	https://www.town.takanabe.lg.jp/soshiki/chiikiseisaku/7/2/2/2716.html	広報たかなべ(令和2年度)／高鍋町 本文へ 背景色 くらし 手続き 子育て 教育 健康･ 福祉・医療 文化 スポーツ 観光 お誘い 町政情報 事業者・ 産業・農業 組織から 探す 組織から探す 施設マップ 移住定住情報 サイト内検索 メニューを閉じる Select Language くらし/手続き 子ども・教育 健康・医療・福祉 文化・スポーツ 観光・お誘い 町政情報 事業者・産業・農業 組織から探す メニューを閉じる 現在の位置 宮崎県高鍋町公式ホームページ TAKANABE TOWN 組織から探す 地域政策課 町政情報 広報・広聴 広報たかなべ 広報たかなべ(令和2年度) 広報たかなべ(令和2年度) Tweet 更新日：2021年03月18日 広報たかなべでは、行政情報をはじめ、くらしやイベント、まちの話題
17	高鍋町	広報たかなべ(令和7年度)	https://www.town.takanabe.lg.jp/soshiki/chiikiseisaku/7/2/2/4553.html	広報たかなべ(令和7年度)／高鍋町 本文へ 背景色 くらし 手続き 子育て 教育 健康･ 福祉・医療 文化 スポーツ 観光 お誘い 町政情報 事業者・ 産業・農業 組織から 探す 組織から探す 施設マップ 移住定住情報 サイト内検索 メニューを閉じる Select Language くらし/手続き 子ども・教育 健康・医療・福祉 文化・スポーツ 観光・お誘い 町政情報 事業者・産業・農業 組織から探す メニューを閉じる 現在の位置 宮崎県高鍋町公式ホームページ TAKANABE TOWN 組織から探す 地域政策課 町政情報 広報・広聴 広報たかなべ 広報たかなべ(令和7年度) 広報たかなべ(令和7年度) Tweet 更新日：2026年03月19日 広報たかなべでは、行政情報をはじめ、くらしやイベント、まちの話題
16	高鍋町	くらし・手続き	https://www.town.takanabe.lg.jp/kurashi_tetsuzuki/index.html	くらし・手続き／高鍋町 本文へ 背景色 くらし 手続き 子育て 教育 健康･ 福祉・医療 文化 スポーツ 観光 お誘い 町政情報 事業者・ 産業・農業 組織から 探す 組織から探す 施設マップ 移住定住情報 サイト内検索 メニューを閉じる Select Language くらし/手続き 子ども・教育 健康・医療・福祉 文化・スポーツ 観光・お誘い 町政情報 事業者・産業・農業 組織から探す メニューを閉じる 現在の位置 宮崎県高鍋町公式ホームページ TAKANABE TOWN くらし・手続き くらし・手続き Tweet 更新日：2019年01月30日 新着情報 NEW! 現在、新着情報はございません。 届出・証明 ゴミ・環境・衛生 公売 上下水道 税金 防災・防犯・消防・交通・自衛隊 住宅 交通 社会保障・税番
37	国富町	区管理施設電気料臨時支援交付金について	https://www.town.kunitomi.miyazaki.jp/main/living/page002194.html	区管理施設電気料臨時支援交付金について - 宮崎県国富町ホームページ 文字の大きさ 標準 拡大 背景色変更 白 黒 メニュー お問い合わせ サイトマップ 暮らし 健康・福祉 教育・学習 産業・観光 国富町について 防災情報 閉じる 防災情報 防災マップ くらしの便利帳 (総合メニュー) 国富町へようこそ 行政情報 健康福祉情報 観光情報 各課お問い合わせ トップページ 暮らしの情報 区管理施設電気料臨時支援交付金について 区管理施設電気料臨時支援交付金について 交付の対象 この交付金の対象は国富町区長会に属している６２地区になります。 ただし、交付金の対象となる経費が対前年度比で１００パーセントを下回る場合等については対象となりません。 対象経費と交付金額 国富町内の６２地区のうち、区が支出している照明灯に係る
30	国富町	まちづくりイベント事業補助金の申請受付開始について	https://www.town.kunitomi.miyazaki.jp/main/administration/page001952.html	まちづくりイベント事業補助金の申請受付開始について - 宮崎県国富町ホームページ 文字の大きさ 標準 拡大 背景色変更 白 黒 メニュー お問い合わせ サイトマップ 暮らし 健康・福祉 教育・学習 産業・観光 国富町について 防災情報 閉じる 防災情報 防災マップ くらしの便利帳 (総合メニュー) 国富町へようこそ 行政情報 健康福祉情報 観光情報 各課お問い合わせ トップページ 行政情報 まちづくりイベント事業補助金の申請受付開始について まちづくりイベント事業補助金の申請受付開始について 国富町では、令和６年度より『まちづくりイベント事業補助金』を新規事業として実施します。国富町でイベント開催を考えている団体の皆様は、是非お問合せください！また、令和７年度から内容の一部が変更になりましたので、御確認ください
30	国富町	町税	https://www.town.kunitomi.miyazaki.jp/main/living/town_tax/	町税 - 宮崎県国富町ホームページ 文字の大きさ 標準 拡大 背景色変更 白 黒 メニュー お問い合わせ サイトマップ 暮らし 健康・福祉 教育・学習 産業・観光 国富町について 防災情報 閉じる 防災情報 防災マップ くらしの便利帳 (総合メニュー) 国富町へようこそ 行政情報 健康福祉情報 観光情報 各課お問い合わせ トップページ 暮らしの情報 町税 町税 町税・各種料金などを納めるには？ 口座振替について 指定金融機関（宮崎銀行）役場派出所窓口の利用について 税金を滞納するとどうなる？ 個人町県民税 固定資産税Ｑ＆Ａ 各種証明と手数料 町税の延滞金について 相続人代表者指定・変更届 納税管理人申告（承認）申請書 未登記家屋の所有権移転家屋滅失届 町税の納期限 納税の猶予について 夜間納税相談について 法人
30	国富町	令和８年度スポーツ合宿宿泊支援補助金	https://www.town.kunitomi.miyazaki.jp/main/learning/page002439.html	令和８年度スポーツ合宿宿泊支援補助金 - 宮崎県国富町ホームページ 文字の大きさ 標準 拡大 背景色変更 白 黒 メニュー お問い合わせ サイトマップ 暮らし 健康・福祉 教育・学習 産業・観光 国富町について 防災情報 閉じる 防災情報 防災マップ くらしの便利帳 (総合メニュー) 国富町へようこそ 行政情報 健康福祉情報 観光情報 各課お問い合わせ トップページ 教育・学習の情報 令和８年度スポーツ合宿宿泊支援補助金 令和８年度スポーツ合宿宿泊支援補助金 チラシ.pdf 対 象 本町で合宿を実施する町外のアマチュアスポーツ団体 要 件 次の要件を全て満たしていること。 スポーツ活動に関する合宿 町内の宿泊施設に宿泊する合宿 延べ宿泊者数が１０人泊以上 （宿泊人数×宿泊日数） 大会、イベント、会議への参加が目
28	国富町	犬・猫	https://www.town.kunitomi.miyazaki.jp/main/living/pet/	犬・猫 - 宮崎県国富町ホームページ 文字の大きさ 標準 拡大 背景色変更 白 黒 メニュー お問い合わせ サイトマップ 暮らし 健康・福祉 教育・学習 産業・観光 国富町について 防災情報 閉じる 防災情報 防災マップ くらしの便利帳 (総合メニュー) 国富町へようこそ 行政情報 健康福祉情報 観光情報 各課お問い合わせ トップページ 暮らしの情報 犬・猫 犬・猫 飼い主へのお願い 狂犬病について どうぶつ基金「さくらねこ無料不妊手術事業(行政枠)」に参加しています お問い合わせはこちら 町民生活課 TEL: 0985-75-3816(生活環境係) 0985-75-9402(住民係) メールアドレス: [email protected] 暮らしの情報 区管理施設電気料臨時支援交付金について 「国富町パートナー
28	国富町	【紹介】日弁連交通事故相談センターについて	https://www.town.kunitomi.miyazaki.jp/main/living/safety/page002066.html	【紹介】日弁連交通事故相談センターについて - 宮崎県国富町ホームページ 文字の大きさ 標準 拡大 背景色変更 白 黒 メニュー お問い合わせ サイトマップ 暮らし 健康・福祉 教育・学習 産業・観光 国富町について 防災情報 閉じる 防災情報 防災マップ くらしの便利帳 (総合メニュー) 国富町へようこそ 行政情報 健康福祉情報 観光情報 各課お問い合わせ トップページ 暮らしの情報 交通安全 【紹介】日弁連交通事故相談センターについて 【紹介】日弁連交通事故相談センターについて 公益財団法人 日弁連交通事故相談センターについて 公益財団法人日弁連交通事故相談センターは、交通事故の被害者救済を使命として、昭和４２年に日本弁護士連合会を母体に設立され、日本全国において弁護士による無料の電話相談、面接相談、高次脳
25	国富町	暮らしの情報	https://www.town.kunitomi.miyazaki.jp/main/living/	暮らしの情報 - 宮崎県国富町ホームページ 文字の大きさ 標準 拡大 背景色変更 白 黒 メニュー お問い合わせ サイトマップ 暮らし 健康・福祉 教育・学習 産業・観光 国富町について 防災情報 閉じる 防災情報 防災マップ くらしの便利帳 (総合メニュー) 国富町へようこそ 行政情報 健康福祉情報 観光情報 各課お問い合わせ トップページ 暮らしの情報 暮らしの情報 区管理施設電気料臨時支援交付金について 「国富町パートナーシップ宣誓制度」について 区への加入について 【民法改正】越境した竹木の枝の切取りルールの変更について 道路通行規制情報（町道） 戸籍・住民票などの届出や証明 マイナンバーカードについて 国民年金 ごみ・環境 町税 消防・防災 交通安全 水道 下水道 住宅 路線バス 墓地・葬祭場 犬・猫
25	国富町	予算や決算で使用される用語の解説について	https://www.town.kunitomi.miyazaki.jp/main/administration/page001905.html	予算や決算で使用される用語の解説について - 宮崎県国富町ホームページ 文字の大きさ 標準 拡大 背景色変更 白 黒 メニュー お問い合わせ サイトマップ 暮らし 健康・福祉 教育・学習 産業・観光 国富町について 防災情報 閉じる 防災情報 防災マップ くらしの便利帳 (総合メニュー) 国富町へようこそ 行政情報 健康福祉情報 観光情報 各課お問い合わせ トップページ 行政情報 予算や決算で使用される用語の解説について 予算や決算で使用される用語の解説について 国富町の予算や決算について知りたい！でも、HPや広報等を見ても「専門的な用語が分からない・・・・」そのようなケースがあるかもしれません。 こちらでは、予算・決算で使用される用語を解説いたします。ぜひ国富町の財政状況を知るきっかけにご利用ください。 一般
25	国富町	その他	https://www.town.kunitomi.miyazaki.jp/main/administration/other/	その他 - 宮崎県国富町ホームページ 文字の大きさ 標準 拡大 背景色変更 白 黒 メニュー お問い合わせ サイトマップ 暮らし 健康・福祉 教育・学習 産業・観光 国富町について 防災情報 閉じる 防災情報 防災マップ くらしの便利帳 (総合メニュー) 国富町へようこそ 行政情報 健康福祉情報 観光情報 各課お問い合わせ トップページ 行政情報 その他 その他 国富町職員情報 国富町職員給与等の公表 しらたマン・しらたまちゃん 特定事業主行動計画の公表について 国富町移住支援金制度について 国富町LINE公式アカウント運用方針 国富町『LINE公式アカウント』を開設しました！！ 国富町障害者活躍推進計画の公表について 新型コロナウイルス感染症対応地方創生臨時交付金 株式会社宮崎放送（MRT）との包括的パートナ
25	国富町	健康づくり・予防	https://www.town.kunitomi.miyazaki.jp/main/health/prevention/	健康づくり・予防 - 宮崎県国富町ホームページ 文字の大きさ 標準 拡大 背景色変更 白 黒 メニュー お問い合わせ サイトマップ 暮らし 健康・福祉 教育・学習 産業・観光 国富町について 防災情報 閉じる 防災情報 防災マップ くらしの便利帳 (総合メニュー) 国富町へようこそ 行政情報 健康福祉情報 観光情報 各課お問い合わせ トップページ 健康・福祉の情報 健康づくり・予防 健康づくり・予防 訪問指導 医療機関連絡先 健康応援事業について 第3期データヘルス計画を策定しました 健康くにとみ２１（国富町健康増進計画） 健康くにとみ２１の中間評価・見直しを行いました 健康手帳 特定健診の結果がマイナポータルで閲覧できます。 がん患者医療用補正具購入費補助事業 国富町骨髄等移植ドナー支援事業費補助金 特定健診
23	国富町	介護保険	https://www.town.kunitomi.miyazaki.jp/main/health/care_info/	介護保険 - 宮崎県国富町ホームページ 文字の大きさ 標準 拡大 背景色変更 白 黒 メニュー お問い合わせ サイトマップ 暮らし 健康・福祉 教育・学習 産業・観光 国富町について 防災情報 閉じる 防災情報 防災マップ くらしの便利帳 (総合メニュー) 国富町へようこそ 行政情報 健康福祉情報 観光情報 各課お問い合わせ トップページ 健康・福祉の情報 介護保険 介護保険 介護保険料とその納め方 サービス利用までのながれ 施設サービス 地域支援事業 介護保険制度とは 国富町介護保険事業所等一覧 地域包括支援センター 宮崎東諸県圏域入退院支援のためのルールブックについて 事業所へのお知らせ・介護保険様式 国富町介護保険施設等物価高騰対策支援金について 障害者控除対象者認定証について 地域密着型サービス 事業所
23	国富町	「国富町パートナーシップ宣誓制度」について	https://www.town.kunitomi.miyazaki.jp/main/living/page002069.html	「国富町パートナーシップ宣誓制度」について - 宮崎県国富町ホームページ 文字の大きさ 標準 拡大 背景色変更 白 黒 メニュー お問い合わせ サイトマップ 暮らし 健康・福祉 教育・学習 産業・観光 国富町について 防災情報 閉じる 防災情報 防災マップ くらしの便利帳 (総合メニュー) 国富町へようこそ 行政情報 健康福祉情報 観光情報 各課お問い合わせ トップページ 暮らしの情報 「国富町パートナーシップ宣誓制度」について 「国富町パートナーシップ宣誓制度」について 「国富町パートナーシップ宣誓制度」が始まりました。 国富町パートナーシップ宣誓制度 国富町では、心豊かな社会の実現を目指すため、全ての人が性別の違いなど多様性への理解を深め、互いに尊重し、自分らしくいきいきと暮らせるよう、8月7日から「国富町
23	国富町	【民法改正】越境した竹木の枝の切取りルールの変更について	https://www.town.kunitomi.miyazaki.jp/main/living/page001841.html	【民法改正】越境した竹木の枝の切取りルールの変更について - 宮崎県国富町ホームページ 文字の大きさ 標準 拡大 背景色変更 白 黒 メニュー お問い合わせ サイトマップ 暮らし 健康・福祉 教育・学習 産業・観光 国富町について 防災情報 閉じる 防災情報 防災マップ くらしの便利帳 (総合メニュー) 国富町へようこそ 行政情報 健康福祉情報 観光情報 各課お問い合わせ トップページ 暮らしの情報 【民法改正】越境した竹木の枝の切取りルールの変更について 【民法改正】越境した竹木の枝の切取りルールの変更について これまでの民法第233条では土地の所有者は、隣地の竹木の根が境界線を越えるときは自らその根を切り取ることができましたが、枝が境界線を越えるときはその竹木の所有者に枝を切除させる必要がありました。 改正
23	国富町	道路通行規制情報（町道）	https://www.town.kunitomi.miyazaki.jp/main/living/cat265/	道路通行規制情報（町道） - 宮崎県国富町ホームページ 文字の大きさ 標準 拡大 背景色変更 白 黒 メニュー お問い合わせ サイトマップ 暮らし 健康・福祉 教育・学習 産業・観光 国富町について 防災情報 閉じる 防災情報 防災マップ くらしの便利帳 (総合メニュー) 国富町へようこそ 行政情報 健康福祉情報 観光情報 各課お問い合わせ トップページ 暮らしの情報 道路通行規制情報（町道） 道路通行規制情報（町道） 町道通行規制情報 お問い合わせはこちら 都市建設課 TEL: 0985-75-9406 メールアドレス: [email protected] 暮らしの情報 区管理施設電気料臨時支援交付金について 「国富町パートナーシップ宣誓制度」について 区への加入について 【民法改正】越境した竹木の枝の切取り
23	国富町	戸籍・住民票などの届出や証明	https://www.town.kunitomi.miyazaki.jp/main/living/family_register/	戸籍・住民票などの届出や証明 - 宮崎県国富町ホームページ 文字の大きさ 標準 拡大 背景色変更 白 黒 メニュー お問い合わせ サイトマップ 暮らし 健康・福祉 教育・学習 産業・観光 国富町について 防災情報 閉じる 防災情報 防災マップ くらしの便利帳 (総合メニュー) 国富町へようこそ 行政情報 健康福祉情報 観光情報 各課お問い合わせ トップページ 暮らしの情報 戸籍・住民票などの届出や証明 戸籍・住民票などの届出や証明 戸籍に関する届け出 住所変更の届け出 戸籍・住民票・印鑑証明書の交付申請 新規印鑑登録（再登録）を申請される方へ 外国人住民の住基ネット運用について 外国人住基登録について 各種申請様式のダウンロード 住民基本台帳の閲覧状況の公表 コンビニ交付で住民票の写し等各種証明書が取得できます
23	国富町	マイナンバーカードについて	https://www.town.kunitomi.miyazaki.jp/main/living/cat271/	マイナンバーカードについて - 宮崎県国富町ホームページ 文字の大きさ 標準 拡大 背景色変更 白 黒 メニュー お問い合わせ サイトマップ 暮らし 健康・福祉 教育・学習 産業・観光 国富町について 防災情報 閉じる 防災情報 防災マップ くらしの便利帳 (総合メニュー) 国富町へようこそ 行政情報 健康福祉情報 観光情報 各課お問い合わせ トップページ 暮らしの情報 マイナンバーカードについて マイナンバーカードについて 社会保障・税番号制度（マイナンバー制度）について マイナンバーカードの申請について マイナンバーカードを紛失した場合の手続きについて スマホで転出届ができます！ お問い合わせはこちら 町民生活課 TEL: 0985-75-3816(生活環境係) 0985-75-9402(住民係) メールア
23	国富町	国民年金	https://www.town.kunitomi.miyazaki.jp/main/living/pension/	国民年金 - 宮崎県国富町ホームページ 文字の大きさ 標準 拡大 背景色変更 白 黒 メニュー お問い合わせ サイトマップ 暮らし 健康・福祉 教育・学習 産業・観光 国富町について 防災情報 閉じる 防災情報 防災マップ くらしの便利帳 (総合メニュー) 国富町へようこそ 行政情報 健康福祉情報 観光情報 各課お問い合わせ トップページ 暮らしの情報 国民年金 国民年金 国民年金加入対象者 お問い合わせはこちら 保健介護課 TEL: 0985-75-9423 メールアドレス: [email protected] 暮らしの情報 区管理施設電気料臨時支援交付金について 「国富町パートナーシップ宣誓制度」について 区への加入について 【民法改正】越境した竹木の枝の切取りルールの変更について 道路通行規制情報（町道）
23	国富町	消防・防災	https://www.town.kunitomi.miyazaki.jp/main/living/fire_disaster/	消防・防災 - 宮崎県国富町ホームページ 文字の大きさ 標準 拡大 背景色変更 白 黒 メニュー お問い合わせ サイトマップ 暮らし 健康・福祉 教育・学習 産業・観光 国富町について 防災情報 閉じる 防災情報 防災マップ くらしの便利帳 (総合メニュー) 国富町へようこそ 行政情報 健康福祉情報 観光情報 各課お問い合わせ トップページ 暮らしの情報 消防・防災 消防・防災 防災・防犯情報メール配信システム 災害避難場所一覧 防災情報 国富町消防団員募集 お問い合わせはこちら 総務課 TEL: 0985-75-2016 メールアドレス: [email protected] 暮らしの情報 区管理施設電気料臨時支援交付金について 「国富町パートナーシップ宣誓制度」について 区への加入について 【民法改正】越境し
23	国富町	交通安全	https://www.town.kunitomi.miyazaki.jp/main/living/safety/	交通安全 - 宮崎県国富町ホームページ 文字の大きさ 標準 拡大 背景色変更 白 黒 メニュー お問い合わせ サイトマップ 暮らし 健康・福祉 教育・学習 産業・観光 国富町について 防災情報 閉じる 防災情報 防災マップ くらしの便利帳 (総合メニュー) 国富町へようこそ 行政情報 健康福祉情報 観光情報 各課お問い合わせ トップページ 暮らしの情報 交通安全 交通安全 交通災害共済加入のご案内 交通安全対策 自転車もヘルメットを着用しましょう！！ 【紹介】日弁連交通事故相談センターについて お問い合わせはこちら 総務課 TEL: 0985-75-2016 メールアドレス: [email protected] 暮らしの情報 区管理施設電気料臨時支援交付金について 「国富町パートナーシップ宣誓制度」について 区
23	国富町	路線バス	https://www.town.kunitomi.miyazaki.jp/main/living/bus/	路線バス - 宮崎県国富町ホームページ 文字の大きさ 標準 拡大 背景色変更 白 黒 メニュー お問い合わせ サイトマップ 暮らし 健康・福祉 教育・学習 産業・観光 国富町について 防災情報 閉じる 防災情報 防災マップ くらしの便利帳 (総合メニュー) 国富町へようこそ 行政情報 健康福祉情報 観光情報 各課お問い合わせ トップページ 暮らしの情報 路線バス 路線バス 快適なバスの運行に向けて バス時刻表 宮崎交通が運行する『西都～岩崎～国富線』の区間廃止にについて 「よつば号」（デマンド型乗合タクシー）について お問い合わせはこちら 暮らしの情報 区管理施設電気料臨時支援交付金について 「国富町パートナーシップ宣誓制度」について 区への加入について 【民法改正】越境した竹木の枝の切取りルールの変更について
23	国富町	墓地・葬祭場	https://www.town.kunitomi.miyazaki.jp/main/living/funerary/	墓地・葬祭場 - 宮崎県国富町ホームページ 文字の大きさ 標準 拡大 背景色変更 白 黒 メニュー お問い合わせ サイトマップ 暮らし 健康・福祉 教育・学習 産業・観光 国富町について 防災情報 閉じる 防災情報 防災マップ くらしの便利帳 (総合メニュー) 国富町へようこそ 行政情報 健康福祉情報 観光情報 各課お問い合わせ トップページ 暮らしの情報 墓地・葬祭場 墓地・葬祭場 国富町墓地公園 東諸葬祭場 お問い合わせはこちら 町民生活課 TEL: 0985-75-3816(生活環境係) 0985-75-9402(住民係) メールアドレス: [email protected] 暮らしの情報 区管理施設電気料臨時支援交付金について 「国富町パートナーシップ宣誓制度」について 区への加入について 【民法改正】
23	国富町	高速道路関連	https://www.town.kunitomi.miyazaki.jp/main/living/cat261/	高速道路関連 - 宮崎県国富町ホームページ 文字の大きさ 標準 拡大 背景色変更 白 黒 メニュー お問い合わせ サイトマップ 暮らし 健康・福祉 教育・学習 産業・観光 国富町について 防災情報 閉じる 防災情報 防災マップ くらしの便利帳 (総合メニュー) 国富町へようこそ 行政情報 健康福祉情報 観光情報 各課お問い合わせ トップページ 暮らしの情報 高速道路関連 高速道路関連 NEXCОからのお願い お問い合わせはこちら 暮らしの情報 区管理施設電気料臨時支援交付金について 「国富町パートナーシップ宣誓制度」について 区への加入について 【民法改正】越境した竹木の枝の切取りルールの変更について 道路通行規制情報（町道） 戸籍・住民票などの届出や証明 マイナンバーカードについて 国民年金 ごみ・環境 町税
23	国富町	アスベスト関連	https://www.town.kunitomi.miyazaki.jp/main/living/asbestos/	アスベスト関連 - 宮崎県国富町ホームページ 文字の大きさ 標準 拡大 背景色変更 白 黒 メニュー お問い合わせ サイトマップ 暮らし 健康・福祉 教育・学習 産業・観光 国富町について 防災情報 閉じる 防災情報 防災マップ くらしの便利帳 (総合メニュー) 国富町へようこそ 行政情報 健康福祉情報 観光情報 各課お問い合わせ トップページ 暮らしの情報 アスベスト関連 アスベスト関連 アスベストの情報 お問い合わせはこちら 暮らしの情報 区管理施設電気料臨時支援交付金について 「国富町パートナーシップ宣誓制度」について 区への加入について 【民法改正】越境した竹木の枝の切取りルールの変更について 道路通行規制情報（町道） 戸籍・住民票などの届出や証明 マイナンバーカードについて 国民年金 ごみ・環境 町税
23	国富町	NHK受信料	https://www.town.kunitomi.miyazaki.jp/main/living/nhk/	NHK受信料 - 宮崎県国富町ホームページ 文字の大きさ 標準 拡大 背景色変更 白 黒 メニュー お問い合わせ サイトマップ 暮らし 健康・福祉 教育・学習 産業・観光 国富町について 防災情報 閉じる 防災情報 防災マップ くらしの便利帳 (総合メニュー) 国富町へようこそ 行政情報 健康福祉情報 観光情報 各課お問い合わせ トップページ 暮らしの情報 NHK受信料 NHK受信料 NHK受信料（外部リンク） お問い合わせはこちら 暮らしの情報 区管理施設電気料臨時支援交付金について 「国富町パートナーシップ宣誓制度」について 区への加入について 【民法改正】越境した竹木の枝の切取りルールの変更について 道路通行規制情報（町道） 戸籍・住民票などの届出や証明 マイナンバーカードについて 国民年金 ごみ・環境
23	国富町	各種申請様式のダウンロード	https://www.town.kunitomi.miyazaki.jp/main/living/family_register/page000628.html	各種申請様式のダウンロード - 宮崎県国富町ホームページ 文字の大きさ 標準 拡大 背景色変更 白 黒 メニュー お問い合わせ サイトマップ 暮らし 健康・福祉 教育・学習 産業・観光 国富町について 防災情報 閉じる 防災情報 防災マップ くらしの便利帳 (総合メニュー) 国富町へようこそ 行政情報 健康福祉情報 観光情報 各課お問い合わせ トップページ 暮らしの情報 戸籍・住民票などの届出や証明 各種申請様式のダウンロード 各種申請様式のダウンロード 窓口への届出 委任状 窓口への届出の関する委任状.pdf 委任状（記入例）.pdf 印鑑登録証明書交付申請書.pdf 戸籍抄本等交付申請書.pdf 戸籍謄本等郵送請求書.pdf 住民票等交付申請書.pdf 転出証明書交付申請書（郵便請求用） お問い合わせはこち
22	国富町	健康・福祉の情報	https://www.town.kunitomi.miyazaki.jp/main/health/	健康・福祉の情報 - 宮崎県国富町ホームページ 文字の大きさ 標準 拡大 背景色変更 白 黒 メニュー お問い合わせ サイトマップ 暮らし 健康・福祉 教育・学習 産業・観光 国富町について 防災情報 閉じる 防災情報 防災マップ くらしの便利帳 (総合メニュー) 国富町へようこそ 行政情報 健康福祉情報 観光情報 各課お問い合わせ トップページ 健康・福祉の情報 健康・福祉の情報 第４期国富町地域福祉計画について 国富町こども計画の策定について 活き行きバスカードについて 特別児童扶養手当 障がい児福祉手当 特別障がい者手当 社会福祉協議会 共生・協働 「地縁による団体」の法人化取得について 結婚新生活支援事業 国民健康保険 健康づくり・予防 母子保健 介護保険 高齢者福祉 地域包括支援センター 後期高齢者医
22	国富町	先端設備等導入計画の認定について（２年間延長）	https://www.town.kunitomi.miyazaki.jp/main/administration/page000894.html	先端設備等導入計画の認定について（２年間延長） - 宮崎県国富町ホームページ 文字の大きさ 標準 拡大 背景色変更 白 黒 メニュー お問い合わせ サイトマップ 暮らし 健康・福祉 教育・学習 産業・観光 国富町について 防災情報 閉じる 防災情報 防災マップ くらしの便利帳 (総合メニュー) 国富町へようこそ 行政情報 健康福祉情報 観光情報 各課お問い合わせ トップページ 行政情報 先端設備等導入計画の認定について（２年間延長） 先端設備等導入計画の認定について（２年間延長） 【先端設備等導入計画の概要】 「先端設備等導入計画」とは、中小企業等経営強化法において措置された、中小企業・小規模事業者等が、設備投資を通じて労働生産性の向上を図るための計画です。 町より「先端設備等導入計画」の認定を受けた場合、税制
22	国富町	寄附金の活用方法	https://www.town.kunitomi.miyazaki.jp/main/administration/hurusato/page000187.html	寄附金の活用方法 - 宮崎県国富町ホームページ 文字の大きさ 標準 拡大 背景色変更 白 黒 メニュー お問い合わせ サイトマップ 暮らし 健康・福祉 教育・学習 産業・観光 国富町について 防災情報 閉じる 防災情報 防災マップ くらしの便利帳 (総合メニュー) 国富町へようこそ 行政情報 健康福祉情報 観光情報 各課お問い合わせ トップページ 行政情報 ふるさと納税制度 寄附金の活用方法 寄附金の活用方法 寄附の使い道 寄附金は、あらかじめ決められた事業で大切に使わせていただきます。寄附のお申し込みの際は、いずれかの事業を選択してください。 皆様からいただいた寄附金は、「国富町元気づくり基金」に積み立てて活用します。 子どもたちの成長と学び 未来を担う人づくりに必要な事業 生涯学習で豊かな心を育むための事業
21	国富町	国富町結婚活動支援事業費補助金について	https://www.town.kunitomi.miyazaki.jp/main/administration/page001421.html	国富町結婚活動支援事業費補助金について - 宮崎県国富町ホームページ 文字の大きさ 標準 拡大 背景色変更 白 黒 メニュー お問い合わせ サイトマップ 暮らし 健康・福祉 教育・学習 産業・観光 国富町について 防災情報 閉じる 防災情報 防災マップ くらしの便利帳 (総合メニュー) 国富町へようこそ 行政情報 健康福祉情報 観光情報 各課お問い合わせ トップページ 行政情報 国富町結婚活動支援事業費補助金について 国富町結婚活動支援事業費補助金について 国富町では、まち・ひと・しごと創生総合戦略の取り組みとして、宮崎県が設置する「みやざき結婚サポートセンター」に登録し、結婚することに対して自ら意欲的に行動する独身の方々に、予算の範囲内において、補助金を交付します。 細部については、下記の要綱等をご覧ください
20	国富町	ふるさと納税制度（非リンク）	https://www.town.kunitomi.miyazaki.jp/main/administration/hurusato/page000170.html	ふるさと納税制度（非リンク） - 宮崎県国富町ホームページ 文字の大きさ 標準 拡大 背景色変更 白 黒 メニュー お問い合わせ サイトマップ 暮らし 健康・福祉 教育・学習 産業・観光 国富町について 防災情報 閉じる 防災情報 防災マップ くらしの便利帳 (総合メニュー) 国富町へようこそ 行政情報 健康福祉情報 観光情報 各課お問い合わせ トップページ 行政情報 ふるさと納税制度 ふるさと納税制度（非リンク） ふるさと納税制度（非リンク） ふるさと国富応援寄附（ふるさと納税）のご案内 皆さまからの温かいご支援に、心より感謝申しあげます。 いただいた寄附金は、大切に使わせていただいております。 今後とも変わらぬご支援をどうぞよろしくお願いいたします。 ふるさと納税ってなに？ 「納税」という言葉がついているふ
20	国富町	税務課 一覧	https://www.town.kunitomi.miyazaki.jp/main/section_guide/zeimu/	各課案内 - 宮崎県国富町ホームページ 文字の大きさ 標準 拡大 背景色変更 白 黒 メニュー お問い合わせ サイトマップ 暮らし 健康・福祉 教育・学習 産業・観光 国富町について 防災情報 閉じる 防災情報 防災マップ くらしの便利帳 (総合メニュー) 国富町へようこそ 行政情報 健康福祉情報 観光情報 各課お問い合わせ トップページ 各課案内 税務課 一覧 課全体 各種証明と手数料 町税の納期限 町税の電子申告（ｅＬＴＡＸ）について 国富町の税金と各種申請様式一覧 賦課係 個人町県民税 法人町民税 軽自動車税の減免申請について 個人町県民税の特別徴収 給与支払報告書関連書類（町・県民税） 国民健康保険税の算定方式が令和８年度から変わります 令和６年度町・県民税(個人住民税)の定額減税について [受付を終了
20	国富町	都市計画法第34条第11号に基づいて指定する区域・建築物の制限について	https://www.town.kunitomi.miyazaki.jp/main/administration/page002342.html	都市計画法第34条第11号に基づいて指定する区域・建築物の制限について - 宮崎県国富町ホームページ 文字の大きさ 標準 拡大 背景色変更 白 黒 メニュー お問い合わせ サイトマップ 暮らし 健康・福祉 教育・学習 産業・観光 国富町について 防災情報 閉じる 防災情報 防災マップ くらしの便利帳 (総合メニュー) 国富町へようこそ 行政情報 健康福祉情報 観光情報 各課お問い合わせ トップページ 行政情報 都市計画法第34条第11号に基づいて指定する区域・建築物の制限について 都市計画法第34条第11号に基づいて指定する区域・建築物の制限について 都市計画法第34条第11号に基づいて県条例で指定する区域（以下「指定区域」という。）においては、一定の基準を満たした上で、条例で定める建築物の建築が可能となってい
20	国富町	寄附のお申し込み	https://www.town.kunitomi.miyazaki.jp/main/administration/hurusato/page001255.html	寄附のお申し込み - 宮崎県国富町ホームページ 文字の大きさ 標準 拡大 背景色変更 白 黒 メニュー お問い合わせ サイトマップ 暮らし 健康・福祉 教育・学習 産業・観光 国富町について 防災情報 閉じる 防災情報 防災マップ くらしの便利帳 (総合メニュー) 国富町へようこそ 行政情報 健康福祉情報 観光情報 各課お問い合わせ トップページ 行政情報 ふるさと納税制度 寄附のお申し込み 寄附のお申し込み ワンストップ特例申請（紙申請） 年末にご寄附いただいた方のワンストップ特例申請書は、遅くとも1月5日までに投函いたしますが、お急ぎの方は、こちらから汎用の申請書をダウンロードして申請することも可能です。マイナンバーカードのコピー等添付書類に漏れがないかをご確認のうえ、下記までお送りください。※この場合、郵
19	国富町	国民健康保険	https://www.town.kunitomi.miyazaki.jp/main/health/health_info/	国民健康保険 - 宮崎県国富町ホームページ 文字の大きさ 標準 拡大 背景色変更 白 黒 メニュー お問い合わせ サイトマップ 暮らし 健康・福祉 教育・学習 産業・観光 国富町について 防災情報 閉じる 防災情報 防災マップ くらしの便利帳 (総合メニュー) 国富町へようこそ 行政情報 健康福祉情報 観光情報 各課お問い合わせ トップページ 健康・福祉の情報 国民健康保険 国民健康保険 国民健康保険 こんなときには届け出が必要です 国保ではこんな給付がうけられます 施術を受けられる方へ 交通事故にあったら・・・ セルフメディケーションを実践しましょう マイナ保険証を利用しましょう！ 令和６年１２月２日以降の保険証廃止後の取扱いについて（国民健康保険） お問い合わせはこちら 保健介護課 TEL: 0985-75
18	国富町	要配慮者利用施設における避難確保計画の作成について	https://www.town.kunitomi.miyazaki.jp/main/disaster/page001390.html	要配慮者利用施設における避難確保計画の作成について - 宮崎県国富町ホームページ 文字の大きさ 標準 拡大 背景色変更 白 黒 メニュー お問い合わせ サイトマップ 暮らし 健康・福祉 教育・学習 産業・観光 国富町について 防災情報 閉じる 防災情報 防災マップ くらしの便利帳 (総合メニュー) 国富町へようこそ 行政情報 健康福祉情報 観光情報 各課お問い合わせ トップページ 防災情報 要配慮者利用施設における避難確保計画の作成について 要配慮者利用施設における避難確保計画の作成について 「水防法等の一部を改正する法律」が平成２９年５月１９日に公布されました。これにより、要配慮者利用施設の避難体制の強化を図るために「水防法」「土砂災害防止法」が改正され、浸水想定区域や土砂災害警戒区域内の要配慮者利用施設の管
18	国富町	下水道	https://www.town.kunitomi.miyazaki.jp/main/living/sewer/	下水道 - 宮崎県国富町ホームページ 文字の大きさ 標準 拡大 背景色変更 白 黒 メニュー お問い合わせ サイトマップ 暮らし 健康・福祉 教育・学習 産業・観光 国富町について 防災情報 閉じる 防災情報 防災マップ くらしの便利帳 (総合メニュー) 国富町へようこそ 行政情報 健康福祉情報 観光情報 各課お問い合わせ トップページ 暮らしの情報 下水道 下水道 町税・各種料金などを納めるには？ 口座振替について 指定金融機関（宮崎銀行）役場派出所窓口の利用について くにとみの下水道 公共下水道の概要 悪質な保守点検業者にご注意を 国富町公共下水道事業区域図 受益者負担金 負担金の猶予と減免制度 負担金額の算定・納入方法 下水道使用料 排水設備(下水道への接続）工事について 水洗化のすすめ 下水道を使用する
17	国富町	行政情報	https://www.town.kunitomi.miyazaki.jp/main/administration/	行政情報 - 宮崎県国富町ホームページ 文字の大きさ 標準 拡大 背景色変更 白 黒 メニュー お問い合わせ サイトマップ 暮らし 健康・福祉 教育・学習 産業・観光 国富町について 防災情報 閉じる 防災情報 防災マップ くらしの便利帳 (総合メニュー) 国富町へようこそ 行政情報 健康福祉情報 観光情報 各課お問い合わせ トップページ 行政情報 行政情報 深年川かわまち広場花壇活動 開始時間変更のお知らせ 財政状況の公表 都市計画法第34条第11号に基づいて指定する区域・建築物の制限について まちづくりイベント事業補助金の申請受付開始について 予算や決算で使用される用語の解説について 国富町結婚活動支援事業費補助金について 男女共同参画 先端設備等導入計画の認定について（２年間延長） 国富町地域公共交通会議
17	国富町	休日在宅医について	https://www.town.kunitomi.miyazaki.jp/main/health/prevention/page000223.html	休日在宅医について - 宮崎県国富町ホームページ 文字の大きさ 標準 拡大 背景色変更 白 黒 メニュー お問い合わせ サイトマップ 暮らし 健康・福祉 教育・学習 産業・観光 国富町について 防災情報 閉じる 防災情報 防災マップ くらしの便利帳 (総合メニュー) 国富町へようこそ 行政情報 健康福祉情報 観光情報 各課お問い合わせ トップページ 健康・福祉の情報 健康づくり・予防 休日在宅医について 休日在宅医について 令和８年 休日在宅医 ※休日在宅医は変更になる場合があります。（新聞等でご確認ください) 休日在宅医(令和8年7月).pdf お問い合わせはこちら 保健センター TEL: 0985-75-3553 メールアドレス: [email protected] 健康・福祉の情報 第４期国富町地域福祉計
17	国富町	総合戦略課 一覧	https://www.town.kunitomi.miyazaki.jp/main/section_guide/kikakuseisaku/	各課案内 - 宮崎県国富町ホームページ 文字の大きさ 標準 拡大 背景色変更 白 黒 メニュー お問い合わせ サイトマップ 暮らし 健康・福祉 教育・学習 産業・観光 国富町について 防災情報 閉じる 防災情報 防災マップ くらしの便利帳 (総合メニュー) 国富町へようこそ 行政情報 健康福祉情報 観光情報 各課お問い合わせ トップページ 各課案内 総合戦略課 一覧 企画政策係 宮崎交通が運行する『西都～岩崎～国富線』の区間廃止にについて 「よつば号」（デマンド型乗合タクシー）について 工芸 特産品 特産品メニュー 都市再生整備事業（まちづくり交付金）事後評価シートの公表 土地施策に関するお知らせ 神原邑どぶろく特区 産業分類別商店数の推移 保有形態別森林面積 耕地面積の推移 経営耕地規模別農家数の推移 農家及
17	国富町	福祉課 一覧	https://www.town.kunitomi.miyazaki.jp/main/section_guide/hukushi/	各課案内 - 宮崎県国富町ホームページ 文字の大きさ 標準 拡大 背景色変更 白 黒 メニュー お問い合わせ サイトマップ 暮らし 健康・福祉 教育・学習 産業・観光 国富町について 防災情報 閉じる 防災情報 防災マップ くらしの便利帳 (総合メニュー) 国富町へようこそ 行政情報 健康福祉情報 観光情報 各課お問い合わせ トップページ 各課案内 福祉課 一覧 児童福祉係 保育所・認定こども園の入所基準、入所案内 三名こども園 木脇保育園 もりながこども園 北俣こども園 こばと認定こども園 太田原にじ色こども園 国富こすもす保育園 放課後児童クラブのご案内 遺児年金制度 遺児等入学支度金交付 子育て援助活動支援事業（ファミサポ）について DVや児童虐待の相談について 児童館・子育て支援のご案内 ご存知ですか？
17	国富町	新着情報一覧	https://www.town.kunitomi.miyazaki.jp/main/info/index_2.html	新着情報 - 宮崎県国富町ホームページ 文字の大きさ 標準 拡大 背景色変更 白 黒 メニュー お問い合わせ サイトマップ 暮らし 健康・福祉 教育・学習 産業・観光 国富町について 防災情報 閉じる 防災情報 防災マップ くらしの便利帳 (総合メニュー) 国富町へようこそ 行政情報 健康福祉情報 観光情報 各課お問い合わせ トップページ 新着情報 新着情報一覧 2026年06月10日 お知らせ 「ひなたにほんごクラスオンライン」参加者募集 2026年06月09日 お知らせ 農作業中の熱中症にご注意ください 2026年06月08日 お知らせ 国庫補助事業（新規就農者チャレンジ事業）の要望調査について 2026年06月03日 お知らせ 第４３回国富町総合町民祭の開催について（お知らせ） 2026年06月02日 募
16	国富町	インターネット公売情報 公売の参加方法	https://www.town.kunitomi.miyazaki.jp/main/living/town_tax/page000426.html	インターネット公売情報 公売の参加方法 - 宮崎県国富町ホームページ 文字の大きさ 標準 拡大 背景色変更 白 黒 メニュー お問い合わせ サイトマップ 暮らし 健康・福祉 教育・学習 産業・観光 国富町について 防災情報 閉じる 防災情報 防災マップ くらしの便利帳 (総合メニュー) 国富町へようこそ 行政情報 健康福祉情報 観光情報 各課お問い合わせ トップページ 暮らしの情報 町税 インターネット公売情報 公売の参加方法 インターネット公売情報 公売の参加方法 公売の参加方法 インターネット公売とは、国富町が町税の滞納者から差し押さえた不動産・動産などの財産を、ヤフー株式会社が提供するYahoo! JAPANオークション・インターネット公売システムを利用して、不動産については「入札」で、動産については「せ
16	国富町	インターネット公売情報 過去の公売結果	https://www.town.kunitomi.miyazaki.jp/main/living/town_tax/page000429.html	インターネット公売情報 過去の公売結果 - 宮崎県国富町ホームページ 文字の大きさ 標準 拡大 背景色変更 白 黒 メニュー お問い合わせ サイトマップ 暮らし 健康・福祉 教育・学習 産業・観光 国富町について 防災情報 閉じる 防災情報 防災マップ くらしの便利帳 (総合メニュー) 国富町へようこそ 行政情報 健康福祉情報 観光情報 各課お問い合わせ トップページ 暮らしの情報 町税 インターネット公売情報 過去の公売結果 インターネット公売情報 過去の公売結果 過去の公売結果 インターネット公売とは、国富町が町税の滞納者から差し押さえた不動産・動産などの財産を、ヤフー株式会社が提供するYahoo! JAPANオークション・インターネット公売システムを利用して、不動産については「入札」で、動産については「せ
30	三股町	寡婦家庭医療費助成制度	https://www.town.mimata.lg.jp/contents/25.html	寡婦家庭医療費助成制度 - 三股町公式ホームページ 本文へスキップします。 総合トップ 三股町観光ホームページ 施設の予約状況確認 三股町立文化会館 三股町立図書館 みまた～ん.com 情報交流センター ～あつまい～ 特設サイト 総合トップ 三股町観光ホームページ 施設の予約状況確認 三股町立文化会館 三股町立図書館 みまた～ん.com 情報交流センター ～あつまい～ 文字サイズ 中 大 Translation くらし・手続き 子育て・教育 健康・福祉 文化・スポーツ しごと・産業 イベント情報 ホーム 健康・福祉 健康・医療 医療 寡婦家庭医療費助成制度 寡婦家庭医療費助成制度 更新日：2019/9/2 寡婦家庭の経済的負担及び精神的負担を軽減し、健康増進と福祉の向上を図るために、医療費の一部を助成する制度で
30	三股町	児童扶養手当	https://www.town.mimata.lg.jp/contents/31.html	児童扶養手当 - 三股町公式ホームページ 本文へスキップします。 総合トップ 三股町観光ホームページ 施設の予約状況確認 三股町立文化会館 三股町立図書館 みまた～ん.com 情報交流センター ～あつまい～ 特設サイト 総合トップ 三股町観光ホームページ 施設の予約状況確認 三股町立文化会館 三股町立図書館 みまた～ん.com 情報交流センター ～あつまい～ 文字サイズ 中 大 Translation くらし・手続き 子育て・教育 健康・福祉 文化・スポーツ しごと・産業 イベント情報 ホーム 子育て・教育 子育て 手当・助成 児童扶養手当 児童扶養手当 更新日：2026/4/1 1．制度の目的 児童扶養手当は、離婚・死亡などの理由で父親または母親がいない児童や、父親または母親が中程度の障害の状態にある児童が、
30	三股町	母子及び父子家庭医療費助成制度	https://www.town.mimata.lg.jp/contents/33.html	母子及び父子家庭医療費助成制度 - 三股町公式ホームページ 本文へスキップします。 総合トップ 三股町観光ホームページ 施設の予約状況確認 三股町立文化会館 三股町立図書館 みまた～ん.com 情報交流センター ～あつまい～ 特設サイト 総合トップ 三股町観光ホームページ 施設の予約状況確認 三股町立文化会館 三股町立図書館 みまた～ん.com 情報交流センター ～あつまい～ 文字サイズ 中 大 Translation くらし・手続き 子育て・教育 健康・福祉 文化・スポーツ しごと・産業 イベント情報 ホーム 健康・福祉 健康・医療 医療 母子及び父子家庭医療費助成制度 母子及び父子家庭医療費助成制度 更新日：2025/11/5 母子家庭・父子家庭の経済的負担及び精神的負担を軽減し、健康増進と福祉の向上を図る
30	三股町	ファミリー・サポート・センターたんぽぽ	https://www.town.mimata.lg.jp/contents/37.html	ファミリー・サポート・センターたんぽぽ - 三股町公式ホームページ 本文へスキップします。 総合トップ 三股町観光ホームページ 施設の予約状況確認 三股町立文化会館 三股町立図書館 みまた～ん.com 情報交流センター ～あつまい～ 特設サイト 総合トップ 三股町観光ホームページ 施設の予約状況確認 三股町立文化会館 三股町立図書館 みまた～ん.com 情報交流センター ～あつまい～ 文字サイズ 中 大 Translation くらし・手続き 子育て・教育 健康・福祉 文化・スポーツ しごと・産業 イベント情報 ホーム 子育て・教育 子育て サポート・施設 ファミリー・サポート・センターたんぽぽ ファミリー・サポート・センターたんぽぽ 更新日：2026/6/10 １．ファミリー・サポート・センターとは 子育てを
30	三股町	児童手当について	https://www.town.mimata.lg.jp/contents/41.html	児童手当について - 三股町公式ホームページ 本文へスキップします。 総合トップ 三股町観光ホームページ 施設の予約状況確認 三股町立文化会館 三股町立図書館 みまた～ん.com 情報交流センター ～あつまい～ 特設サイト 総合トップ 三股町観光ホームページ 施設の予約状況確認 三股町立文化会館 三股町立図書館 みまた～ん.com 情報交流センター ～あつまい～ 文字サイズ 中 大 Translation くらし・手続き 子育て・教育 健康・福祉 文化・スポーツ しごと・産業 イベント情報 ホーム 子育て・教育 子育て 手当・助成 児童手当について 児童手当について 更新日：2025/10/22 １．制度の趣旨 児童手当は、次代の社会を担う子どもの健やかな育ちを社会全体で応援する制度です。 ２．支給対象となる児
30	三股町	子ども医療費助成制度	https://www.town.mimata.lg.jp/contents/42.html	子ども医療費助成制度 - 三股町公式ホームページ 本文へスキップします。 総合トップ 三股町観光ホームページ 施設の予約状況確認 三股町立文化会館 三股町立図書館 みまた～ん.com 情報交流センター ～あつまい～ 特設サイト 総合トップ 三股町観光ホームページ 施設の予約状況確認 三股町立文化会館 三股町立図書館 みまた～ん.com 情報交流センター ～あつまい～ 文字サイズ 中 大 Translation くらし・手続き 子育て・教育 健康・福祉 文化・スポーツ しごと・産業 イベント情報 ホーム 健康・福祉 健康・医療 医療 子ども医療費助成制度 子ども医療費助成制度 更新日：2024/12/2 高校入学前までの子どもが健康保険を使って医療機関（病院や調剤薬局など）にかかったときの医療費や、治療用装具を作
30	三股町	母子家庭等日常生活支援事業	https://www.town.mimata.lg.jp/contents/44.html	母子家庭等日常生活支援事業 - 三股町公式ホームページ 本文へスキップします。 総合トップ 三股町観光ホームページ 施設の予約状況確認 三股町立文化会館 三股町立図書館 みまた～ん.com 情報交流センター ～あつまい～ 特設サイト 総合トップ 三股町観光ホームページ 施設の予約状況確認 三股町立文化会館 三股町立図書館 みまた～ん.com 情報交流センター ～あつまい～ 文字サイズ 中 大 Translation くらし・手続き 子育て・教育 健康・福祉 文化・スポーツ しごと・産業 イベント情報 ホーム 子育て・教育 子育て サポート・施設 母子家庭等日常生活支援事業 母子家庭等日常生活支援事業 更新日：2019/9/2 1．母子家庭等日常生活支援事業をご存知です あなたが、病気等で日常生活を営むのに支障が
30	三股町	障がい者等用駐車場利用証制度（愛称：おもいやり駐車場制度）	https://www.town.mimata.lg.jp/contents/48.html	障がい者等用駐車場利用証制度（愛称：おもいやり駐車場制度） - 三股町公式ホームページ 本文へスキップします。 総合トップ 三股町観光ホームページ 施設の予約状況確認 三股町立文化会館 三股町立図書館 みまた～ん.com 情報交流センター ～あつまい～ 特設サイト 総合トップ 三股町観光ホームページ 施設の予約状況確認 三股町立文化会館 三股町立図書館 みまた～ん.com 情報交流センター ～あつまい～ 文字サイズ 中 大 Translation くらし・手続き 子育て・教育 健康・福祉 文化・スポーツ しごと・産業 イベント情報 ホーム 健康・福祉 障がい者支援 手当・免除・割引・助成等 障がい者等用駐車場利用証制度（愛称：おもいやり駐車場制度） 障がい者等用駐車場利用証制度（愛称：おもいやり駐車場制度） 更
30	三股町	日常生活用具の給付について	https://www.town.mimata.lg.jp/contents/49.html	日常生活用具の給付について - 三股町公式ホームページ 本文へスキップします。 総合トップ 三股町観光ホームページ 施設の予約状況確認 三股町立文化会館 三股町立図書館 みまた～ん.com 情報交流センター ～あつまい～ 特設サイト 総合トップ 三股町観光ホームページ 施設の予約状況確認 三股町立文化会館 三股町立図書館 みまた～ん.com 情報交流センター ～あつまい～ 文字サイズ 中 大 Translation くらし・手続き 子育て・教育 健康・福祉 文化・スポーツ しごと・産業 イベント情報 ホーム 健康・福祉 障がい者支援 補装具・日常生活用具 日常生活用具の給付について 日常生活用具の給付について 更新日：2019/9/2 １．対象 身体障害者手帳の交付を受けている人、または難病患者であり、在宅で生
30	三股町	三股町心身障害者福祉手当について	https://www.town.mimata.lg.jp/contents/50.html	三股町心身障害者福祉手当について - 三股町公式ホームページ 本文へスキップします。 総合トップ 三股町観光ホームページ 施設の予約状況確認 三股町立文化会館 三股町立図書館 みまた～ん.com 情報交流センター ～あつまい～ 特設サイト 総合トップ 三股町観光ホームページ 施設の予約状況確認 三股町立文化会館 三股町立図書館 みまた～ん.com 情報交流センター ～あつまい～ 文字サイズ 中 大 Translation くらし・手続き 子育て・教育 健康・福祉 文化・スポーツ しごと・産業 イベント情報 ホーム 健康・福祉 障がい者支援 手当・免除・割引・助成等 三股町心身障害者福祉手当について 三股町心身障害者福祉手当について 更新日：2019/9/2 障害者の社会活動の促進・生活意欲の向上・福祉の増進を図
30	三股町	重度障害者タクシー料金助成事業	https://www.town.mimata.lg.jp/contents/51.html	重度障害者タクシー料金助成事業 - 三股町公式ホームページ 本文へスキップします。 総合トップ 三股町観光ホームページ 施設の予約状況確認 三股町立文化会館 三股町立図書館 みまた～ん.com 情報交流センター ～あつまい～ 特設サイト 総合トップ 三股町観光ホームページ 施設の予約状況確認 三股町立文化会館 三股町立図書館 みまた～ん.com 情報交流センター ～あつまい～ 文字サイズ 中 大 Translation くらし・手続き 子育て・教育 健康・福祉 文化・スポーツ しごと・産業 イベント情報 ホーム 健康・福祉 障がい者支援 手当・免除・割引・助成等 重度障害者タクシー料金助成事業 重度障害者タクシー料金助成事業 更新日：2019/9/2 重度の障がい者の方に対して、生活圏の拡大や利便性向上のために
30	三股町	特別障害者手当・障害児福祉手当・特別児童扶養手当について	https://www.town.mimata.lg.jp/contents/52.html	特別障害者手当・障害児福祉手当・特別児童扶養手当について - 三股町公式ホームページ 本文へスキップします。 総合トップ 三股町観光ホームページ 施設の予約状況確認 三股町立文化会館 三股町立図書館 みまた～ん.com 情報交流センター ～あつまい～ 特設サイト 総合トップ 三股町観光ホームページ 施設の予約状況確認 三股町立文化会館 三股町立図書館 みまた～ん.com 情報交流センター ～あつまい～ 文字サイズ 中 大 Translation くらし・手続き 子育て・教育 健康・福祉 文化・スポーツ しごと・産業 イベント情報 ホーム 健康・福祉 障がい者支援 手当・免除・割引・助成等 特別障害者手当・障害児福祉手当・特別児童扶養手当について 特別障害者手当・障害児福祉手当・特別児童扶養手当について 更新日：
30	三股町	軽度・中等度の難聴児の補聴器購入(修理)への助成について	https://www.town.mimata.lg.jp/contents/54.html	軽度・中等度の難聴児の補聴器購入(修理)への助成について - 三股町公式ホームページ 本文へスキップします。 総合トップ 三股町観光ホームページ 施設の予約状況確認 三股町立文化会館 三股町立図書館 みまた～ん.com 情報交流センター ～あつまい～ 特設サイト 総合トップ 三股町観光ホームページ 施設の予約状況確認 三股町立文化会館 三股町立図書館 みまた～ん.com 情報交流センター ～あつまい～ 文字サイズ 中 大 Translation くらし・手続き 子育て・教育 健康・福祉 文化・スポーツ しごと・産業 イベント情報 ホーム 健康・福祉 障がい者支援 障害児支援 軽度・中等度の難聴児の補聴器購入(修理)への助成について 軽度・中等度の難聴児の補聴器購入(修理)への助成について 更新日：2019/9/
30	三股町	小児慢性特定疾病児童に対する日常生活用具の給付について	https://www.town.mimata.lg.jp/contents/57.html	小児慢性特定疾病児童に対する日常生活用具の給付について - 三股町公式ホームページ 本文へスキップします。 総合トップ 三股町観光ホームページ 施設の予約状況確認 三股町立文化会館 三股町立図書館 みまた～ん.com 情報交流センター ～あつまい～ 特設サイト 総合トップ 三股町観光ホームページ 施設の予約状況確認 三股町立文化会館 三股町立図書館 みまた～ん.com 情報交流センター ～あつまい～ 文字サイズ 中 大 Translation くらし・手続き 子育て・教育 健康・福祉 文化・スポーツ しごと・産業 イベント情報 ホーム 健康・福祉 障がい者支援 障害児支援 小児慢性特定疾病児童に対する日常生活用具の給付について 小児慢性特定疾病児童に対する日常生活用具の給付について 更新日：2019/9/2 １
30	三股町	自動車税・自動車取得税の減免に関わる減免申請理由証明書の発行について	https://www.town.mimata.lg.jp/contents/59.html	自動車税・自動車取得税の減免に関わる減免申請理由証明書の発行について - 三股町公式ホームページ 本文へスキップします。 総合トップ 三股町観光ホームページ 施設の予約状況確認 三股町立文化会館 三股町立図書館 みまた～ん.com 情報交流センター ～あつまい～ 特設サイト 総合トップ 三股町観光ホームページ 施設の予約状況確認 三股町立文化会館 三股町立図書館 みまた～ん.com 情報交流センター ～あつまい～ 文字サイズ 中 大 Translation くらし・手続き 子育て・教育 健康・福祉 文化・スポーツ しごと・産業 イベント情報 ホーム 健康・福祉 障がい者支援 手当・免除・割引・助成等 自動車税・自動車取得税の減免に関わる減免申請理由証明書の発行について 自動車税・自動車取得税の減免に関わる減免申
30	三股町	障害者運転免許取得助成事業・障害者自動車改造助成事業	https://www.town.mimata.lg.jp/contents/60.html	障害者運転免許取得助成事業・障害者自動車改造助成事業 - 三股町公式ホームページ 本文へスキップします。 総合トップ 三股町観光ホームページ 施設の予約状況確認 三股町立文化会館 三股町立図書館 みまた～ん.com 情報交流センター ～あつまい～ 特設サイト 総合トップ 三股町観光ホームページ 施設の予約状況確認 三股町立文化会館 三股町立図書館 みまた～ん.com 情報交流センター ～あつまい～ 文字サイズ 中 大 Translation くらし・手続き 子育て・教育 健康・福祉 文化・スポーツ しごと・産業 イベント情報 ホーム 健康・福祉 障がい者支援 手当・免除・割引・助成等 障害者運転免許取得助成事業・障害者自動車改造助成事業 障害者運転免許取得助成事業・障害者自動車改造助成事業 更新日：2019/9
30	三股町	有料道路障害者割引制度	https://www.town.mimata.lg.jp/contents/63.html	有料道路障害者割引制度 - 三股町公式ホームページ 本文へスキップします。 総合トップ 三股町観光ホームページ 施設の予約状況確認 三股町立文化会館 三股町立図書館 みまた～ん.com 情報交流センター ～あつまい～ 特設サイト 総合トップ 三股町観光ホームページ 施設の予約状況確認 三股町立文化会館 三股町立図書館 みまた～ん.com 情報交流センター ～あつまい～ 文字サイズ 中 大 Translation くらし・手続き 子育て・教育 健康・福祉 文化・スポーツ しごと・産業 イベント情報 ホーム 健康・福祉 障がい者支援 手当・免除・割引・助成等 有料道路障害者割引制度 有料道路障害者割引制度 更新日：2019/9/2 全国の有料道路事業者が統一的に実施する割引制度です。通勤・通学・通院などの日常生活に
30	三股町	障害者の方に対するNHK受信料免除	https://www.town.mimata.lg.jp/contents/64.html	障害者の方に対するNHK受信料免除 - 三股町公式ホームページ 本文へスキップします。 総合トップ 三股町観光ホームページ 施設の予約状況確認 三股町立文化会館 三股町立図書館 みまた～ん.com 情報交流センター ～あつまい～ 特設サイト 総合トップ 三股町観光ホームページ 施設の予約状況確認 三股町立文化会館 三股町立図書館 みまた～ん.com 情報交流センター ～あつまい～ 文字サイズ 中 大 Translation くらし・手続き 子育て・教育 健康・福祉 文化・スポーツ しごと・産業 イベント情報 ホーム 健康・福祉 障がい者支援 手当・免除・割引・助成等 障害者の方に対するNHK受信料免除 障害者の方に対するNHK受信料免除 更新日：2019/9/2 NHK受信料減免を受けるには、役場窓口でNHKの
30	三股町	心身障害者扶養共済制度	https://www.town.mimata.lg.jp/contents/65.html	心身障害者扶養共済制度 - 三股町公式ホームページ 本文へスキップします。 総合トップ 三股町観光ホームページ 施設の予約状況確認 三股町立文化会館 三股町立図書館 みまた～ん.com 情報交流センター ～あつまい～ 特設サイト 総合トップ 三股町観光ホームページ 施設の予約状況確認 三股町立文化会館 三股町立図書館 みまた～ん.com 情報交流センター ～あつまい～ 文字サイズ 中 大 Translation くらし・手続き 子育て・教育 健康・福祉 文化・スポーツ しごと・産業 イベント情報 ホーム 健康・福祉 障がい者支援 手当・免除・割引・助成等 心身障害者扶養共済制度 心身障害者扶養共済制度 更新日：2019/9/2 障害のある方を扶養している保護者が、自らの生存中に毎月一定の掛金を納めることにより、
30	三股町	交通機関・税・電話等に関する割引	https://www.town.mimata.lg.jp/contents/69.html	交通機関・税・電話等に関する割引 - 三股町公式ホームページ 本文へスキップします。 総合トップ 三股町観光ホームページ 施設の予約状況確認 三股町立文化会館 三股町立図書館 みまた～ん.com 情報交流センター ～あつまい～ 特設サイト 総合トップ 三股町観光ホームページ 施設の予約状況確認 三股町立文化会館 三股町立図書館 みまた～ん.com 情報交流センター ～あつまい～ 文字サイズ 中 大 Translation くらし・手続き 子育て・教育 健康・福祉 文化・スポーツ しごと・産業 イベント情報 ホーム 健康・福祉 障がい者支援 手当・免除・割引・助成等 交通機関・税・電話等に関する割引 交通機関・税・電話等に関する割引 更新日：2019/9/2 １．バス運賃割引（宮交バスなど） ○ 対象者 &hel
30	三股町	三股町在宅高齢者福祉サービス	https://www.town.mimata.lg.jp/contents/70.html	三股町在宅高齢者福祉サービス - 三股町公式ホームページ 本文へスキップします。 総合トップ 三股町観光ホームページ 施設の予約状況確認 三股町立文化会館 三股町立図書館 みまた～ん.com 情報交流センター ～あつまい～ 特設サイト 総合トップ 三股町観光ホームページ 施設の予約状況確認 三股町立文化会館 三股町立図書館 みまた～ん.com 情報交流センター ～あつまい～ 文字サイズ 中 大 Translation くらし・手続き 子育て・教育 健康・福祉 文化・スポーツ しごと・産業 イベント情報 ホーム 健康・福祉 高齢者支援 高齢者福祉 三股町在宅高齢者福祉サービス 三股町在宅高齢者福祉サービス 更新日：2025/4/1 三股町の在宅高齢者福祉サービス 令和７年４月現在 在宅高齢者福祉サービスは、三股町
30	三股町	特定高齢者住宅改修事業	https://www.town.mimata.lg.jp/contents/71.html	特定高齢者住宅改修事業 - 三股町公式ホームページ 本文へスキップします。 総合トップ 三股町観光ホームページ 施設の予約状況確認 三股町立文化会館 三股町立図書館 みまた～ん.com 情報交流センター ～あつまい～ 特設サイト 総合トップ 三股町観光ホームページ 施設の予約状況確認 三股町立文化会館 三股町立図書館 みまた～ん.com 情報交流センター ～あつまい～ 文字サイズ 中 大 Translation くらし・手続き 子育て・教育 健康・福祉 文化・スポーツ しごと・産業 イベント情報 ホーム 健康・福祉 高齢者支援 高齢者福祉 特定高齢者住宅改修事業 特定高齢者住宅改修事業 更新日：2025/4/1 特定高齢者が、自宅に手すりなどの住宅改修を実施した場合、その費用の一部について助成します。改修工事は
30	三股町	（地域密着型サービス事業所向け）地域密着型通所介護事業所等の指定申請について	https://www.town.mimata.lg.jp/contents/79.html	（地域密着型サービス事業所向け）地域密着型通所介護事業所等の指定申請について - 三股町公式ホームページ 本文へスキップします。 総合トップ 三股町観光ホームページ 施設の予約状況確認 三股町立文化会館 三股町立図書館 みまた～ん.com 情報交流センター ～あつまい～ 特設サイト 総合トップ 三股町観光ホームページ 施設の予約状況確認 三股町立文化会館 三股町立図書館 みまた～ん.com 情報交流センター ～あつまい～ 文字サイズ 中 大 Translation くらし・手続き 子育て・教育 健康・福祉 文化・スポーツ しごと・産業 イベント情報 ホーム 健康・福祉 高齢者支援 介護保険 （地域密着型サービス事業所向け）地域密着型通所介護事業所等の指定申請について （地域密着型サービス事業所向け）地域密着型通
30	三股町	【補助金の受付は終了しました】浄化槽の設置について	https://www.town.mimata.lg.jp/contents/112.html	【補助金の受付は終了しました】浄化槽の設置について - 三股町公式ホームページ 本文へスキップします。 総合トップ 三股町観光ホームページ 施設の予約状況確認 三股町立文化会館 三股町立図書館 みまた～ん.com 情報交流センター ～あつまい～ 特設サイト 総合トップ 三股町観光ホームページ 施設の予約状況確認 三股町立文化会館 三股町立図書館 みまた～ん.com 情報交流センター ～あつまい～ 文字サイズ 中 大 Translation くらし・手続き 子育て・教育 健康・福祉 文化・スポーツ しごと・産業 イベント情報 ホーム くらし・手続き ごみ・環境・犬猫 環境衛生 【補助金の受付は終了しました】浄化槽の設置について 【補助金の受付は終了しました】浄化槽の設置について 更新日：2026/5/1 お知らせ
30	三股町	「三股町空き家等情報バンク活用促進事業補助金」について	https://www.town.mimata.lg.jp/contents/125.html	「三股町空き家等情報バンク活用促進事業補助金」について - 三股町公式ホームページ 本文へスキップします。 総合トップ 三股町観光ホームページ 施設の予約状況確認 三股町立文化会館 三股町立図書館 みまた～ん.com 情報交流センター ～あつまい～ 特設サイト 総合トップ 三股町観光ホームページ 施設の予約状況確認 三股町立文化会館 三股町立図書館 みまた～ん.com 情報交流センター ～あつまい～ 文字サイズ 中 大 Translation くらし・手続き 子育て・教育 健康・福祉 文化・スポーツ しごと・産業 イベント情報 ホーム くらし・手続き 引越し・住まい 住まい 空き家等対策 「三股町空き家等情報バンク活用促進事業補助金」について 「三股町空き家等情報バンク活用促進事業補助金」について 更新日：20
30	三股町	身体障害者等に対する減免申請について	https://www.town.mimata.lg.jp/contents/151.html	身体障害者等に対する減免申請について - 三股町公式ホームページ 本文へスキップします。 総合トップ 三股町観光ホームページ 施設の予約状況確認 三股町立文化会館 三股町立図書館 みまた～ん.com 情報交流センター ～あつまい～ 特設サイト 総合トップ 三股町観光ホームページ 施設の予約状況確認 三股町立文化会館 三股町立図書館 みまた～ん.com 情報交流センター ～あつまい～ 文字サイズ 中 大 Translation くらし・手続き 子育て・教育 健康・福祉 文化・スポーツ しごと・産業 イベント情報 ホーム くらし・手続き 税 軽自動車税 身体障害者等に対する減免申請について 身体障害者等に対する減免申請について 更新日：2019/9/2 軽自動車税の減免申請について 身体障害者手帳などを持っている人
30	三股町	平成30年度から国民健康保険制度が変わります	https://www.town.mimata.lg.jp/contents/168.html	平成30年度から国民健康保険制度が変わります - 三股町公式ホームページ 本文へスキップします。 総合トップ 三股町観光ホームページ 施設の予約状況確認 三股町立文化会館 三股町立図書館 みまた～ん.com 情報交流センター ～あつまい～ 特設サイト 総合トップ 三股町観光ホームページ 施設の予約状況確認 三股町立文化会館 三股町立図書館 みまた～ん.com 情報交流センター ～あつまい～ 文字サイズ 中 大 Translation くらし・手続き 子育て・教育 健康・福祉 文化・スポーツ しごと・産業 イベント情報 ホーム くらし・手続き 保険・年金 国民健康保険 平成30年度から国民健康保険制度が変わります 平成30年度から国民健康保険制度が変わります 更新日：2019/9/2 「持続可能な医療保険制度を構
30	三股町	三股町就学援助制度のお知らせ	https://www.town.mimata.lg.jp/contents/206.html	三股町就学援助制度のお知らせ - 三股町公式ホームページ 本文へスキップします。 総合トップ 三股町観光ホームページ 施設の予約状況確認 三股町立文化会館 三股町立図書館 みまた～ん.com 情報交流センター ～あつまい～ 特設サイト 総合トップ 三股町観光ホームページ 施設の予約状況確認 三股町立文化会館 三股町立図書館 みまた～ん.com 情報交流センター ～あつまい～ 文字サイズ 中 大 Translation くらし・手続き 子育て・教育 健康・福祉 文化・スポーツ しごと・産業 イベント情報 ホーム 子育て・教育 教育 小学校・中学校 三股町就学援助制度のお知らせ 三股町就学援助制度のお知らせ 更新日：2019/9/2 三股町教育委員会では経済的理由により就学困難な児童生徒の保護者に対して、学校給食費
30	三股町	令和７年度三股町就学援助制度「新入学児童生徒学用品費」の入学前支給のお知らせ	https://www.town.mimata.lg.jp/contents/208.html	令和７年度三股町就学援助制度「新入学児童生徒学用品費」の入学前支給のお知らせ - 三股町公式ホームページ 本文へスキップします。 総合トップ 三股町観光ホームページ 施設の予約状況確認 三股町立文化会館 三股町立図書館 みまた～ん.com 情報交流センター ～あつまい～ 特設サイト 総合トップ 三股町観光ホームページ 施設の予約状況確認 三股町立文化会館 三股町立図書館 みまた～ん.com 情報交流センター ～あつまい～ 文字サイズ 中 大 Translation くらし・手続き 子育て・教育 健康・福祉 文化・スポーツ しごと・産業 イベント情報 ホーム 子育て・教育 教育 小学校・中学校 令和７年度三股町就学援助制度「新入学児童生徒学用品費」の入学前支給のお知らせ 令和７年度三股町就学援助制度「新入学児童生
30	三股町	マイナンバー制度(社会保障・税番号制度)	https://www.town.mimata.lg.jp/contents/282.html	マイナンバー制度(社会保障・税番号制度) - 三股町公式ホームページ 本文へスキップします。 総合トップ 三股町観光ホームページ 施設の予約状況確認 三股町立文化会館 三股町立図書館 みまた～ん.com 情報交流センター ～あつまい～ 特設サイト 総合トップ 三股町観光ホームページ 施設の予約状況確認 三股町立文化会館 三股町立図書館 みまた～ん.com 情報交流センター ～あつまい～ 文字サイズ 中 大 Translation くらし・手続き 子育て・教育 健康・福祉 文化・スポーツ しごと・産業 イベント情報 ホーム くらし・手続き マイナンバーカード等 マイナンバー制度 マイナンバー制度(社会保障・税番号制度) マイナンバー制度(社会保障・税番号制度) 更新日：2019/9/2 マイナンバー制度は、町民の
30	三股町	木造住宅の耐震診断・耐震改修費用の一部を補助します	https://www.town.mimata.lg.jp/contents/563.html	木造住宅の耐震診断・耐震改修費用の一部を補助します - 三股町公式ホームページ 本文へスキップします。 総合トップ 三股町観光ホームページ 施設の予約状況確認 三股町立文化会館 三股町立図書館 みまた～ん.com 情報交流センター ～あつまい～ 特設サイト 総合トップ 三股町観光ホームページ 施設の予約状況確認 三股町立文化会館 三股町立図書館 みまた～ん.com 情報交流センター ～あつまい～ 文字サイズ 中 大 Translation くらし・手続き 子育て・教育 健康・福祉 文化・スポーツ しごと・産業 イベント情報 ホーム くらし・手続き 引越し・住まい 住まい 耐震化対策 木造住宅の耐震診断・耐震改修費用の一部を補助します 木造住宅の耐震診断・耐震改修費用の一部を補助します 更新日：2026/4/15
30	三股町	幼児教育・保育の無償化について	https://www.town.mimata.lg.jp/contents/599.html	幼児教育・保育の無償化について - 三股町公式ホームページ 本文へスキップします。 総合トップ 三股町観光ホームページ 施設の予約状況確認 三股町立文化会館 三股町立図書館 みまた～ん.com 情報交流センター ～あつまい～ 特設サイト 総合トップ 三股町観光ホームページ 施設の予約状況確認 三股町立文化会館 三股町立図書館 みまた～ん.com 情報交流センター ～あつまい～ 文字サイズ 中 大 Translation くらし・手続き 子育て・教育 健康・福祉 文化・スポーツ しごと・産業 イベント情報 ホーム 子育て・教育 子育て 幼稚園・保育園 幼児教育・保育の無償化について 幼児教育・保育の無償化について 更新日：2019/9/2 幼児教育と保育の無償化について 生涯にわたる人格形成の基礎を培う幼児教育の
30	三股町	三股町中小企業退職金等共済制度加入促進事業について	https://www.town.mimata.lg.jp/contents/607.html	三股町中小企業退職金等共済制度加入促進事業について - 三股町公式ホームページ 本文へスキップします。 総合トップ 三股町観光ホームページ 施設の予約状況確認 三股町立文化会館 三股町立図書館 みまた～ん.com 情報交流センター ～あつまい～ 特設サイト 総合トップ 三股町観光ホームページ 施設の予約状況確認 三股町立文化会館 三股町立図書館 みまた～ん.com 情報交流センター ～あつまい～ 文字サイズ 中 大 Translation くらし・手続き 子育て・教育 健康・福祉 文化・スポーツ しごと・産業 イベント情報 ホーム しごと・産業 労働 三股町中小企業退職金等共済制度加入促進事業について 三股町中小企業退職金等共済制度加入促進事業について 更新日：2023/3/3 三股町では、勤労者及びパートタイ
30	三股町	三股町過疎地域定住促進奨励金のご案内	https://www.town.mimata.lg.jp/contents/642.html	三股町過疎地域定住促進奨励金のご案内 - 三股町公式ホームページ 本文へスキップします。 総合トップ 三股町観光ホームページ 施設の予約状況確認 三股町立文化会館 三股町立図書館 みまた～ん.com 情報交流センター ～あつまい～ 特設サイト 総合トップ 三股町観光ホームページ 施設の予約状況確認 三股町立文化会館 三股町立図書館 みまた～ん.com 情報交流センター ～あつまい～ 文字サイズ 中 大 Translation くらし・手続き 子育て・教育 健康・福祉 文化・スポーツ しごと・産業 イベント情報 ホーム 申請書様式・電子申請 申請書_移住・定住 三股町過疎地域定住促進奨励金のご案内 三股町過疎地域定住促進奨励金のご案内 更新日：2023/4/1 ◎三股町過疎地域定住促進奨励金のご案内 町内には、将
30	三股町	（町民向け）介護用品支給（助成）事業について	https://www.town.mimata.lg.jp/contents/682.html	（町民向け）介護用品支給（助成）事業について - 三股町公式ホームページ 本文へスキップします。 総合トップ 三股町観光ホームページ 施設の予約状況確認 三股町立文化会館 三股町立図書館 みまた～ん.com 情報交流センター ～あつまい～ 特設サイト 総合トップ 三股町観光ホームページ 施設の予約状況確認 三股町立文化会館 三股町立図書館 みまた～ん.com 情報交流センター ～あつまい～ 文字サイズ 中 大 Translation くらし・手続き 子育て・教育 健康・福祉 文化・スポーツ しごと・産業 イベント情報 ホーム 健康・福祉 高齢者支援 介護保険 （町民向け）介護用品支給（助成）事業について （町民向け）介護用品支給（助成）事業について 更新日：2022/4/1 重度の要介護高齢者を介護している家族
30	三股町	介護認定の手続き	https://www.town.mimata.lg.jp/contents/683.html	介護認定の手続き - 三股町公式ホームページ 本文へスキップします。 総合トップ 三股町観光ホームページ 施設の予約状況確認 三股町立文化会館 三股町立図書館 みまた～ん.com 情報交流センター ～あつまい～ 特設サイト 総合トップ 三股町観光ホームページ 施設の予約状況確認 三股町立文化会館 三股町立図書館 みまた～ん.com 情報交流センター ～あつまい～ 文字サイズ 中 大 Translation くらし・手続き 子育て・教育 健康・福祉 文化・スポーツ しごと・産業 イベント情報 ホーム 健康・福祉 高齢者支援 介護保険 介護認定の手続き 介護認定の手続き 更新日：2021/4/1 介護保険のサービスを利用する場合、「要介護・要支援認定」を受ける必要があります。申請の手続きは、次のとおりです。 １．認
30	三股町	（事業者向け）介護用品支給（助成）事業について 事業者請求用様式	https://www.town.mimata.lg.jp/contents/685.html	（事業者向け）介護用品支給（助成）事業について 事業者請求用様式 - 三股町公式ホームページ 本文へスキップします。 総合トップ 三股町観光ホームページ 施設の予約状況確認 三股町立文化会館 三股町立図書館 みまた～ん.com 情報交流センター ～あつまい～ 特設サイト 総合トップ 三股町観光ホームページ 施設の予約状況確認 三股町立文化会館 三股町立図書館 みまた～ん.com 情報交流センター ～あつまい～ 文字サイズ 中 大 Translation くらし・手続き 子育て・教育 健康・福祉 文化・スポーツ しごと・産業 イベント情報 ホーム 健康・福祉 高齢者支援 介護保険 （事業者向け）介護用品支給（助成）事業について 事業者請求用様式 （事業者向け）介護用品支給（助成）事業について 事業者請求用様式 更
30	三股町	介護保険負担限度額認定	https://www.town.mimata.lg.jp/contents/686.html	介護保険負担限度額認定 - 三股町公式ホームページ 本文へスキップします。 総合トップ 三股町観光ホームページ 施設の予約状況確認 三股町立文化会館 三股町立図書館 みまた～ん.com 情報交流センター ～あつまい～ 特設サイト 総合トップ 三股町観光ホームページ 施設の予約状況確認 三股町立文化会館 三股町立図書館 みまた～ん.com 情報交流センター ～あつまい～ 文字サイズ 中 大 Translation くらし・手続き 子育て・教育 健康・福祉 文化・スポーツ しごと・産業 イベント情報 ホーム 健康・福祉 高齢者支援 介護保険 介護保険負担限度額認定 介護保険負担限度額認定 更新日：2024/2/1 介護保険施設(介護老人福祉施設、介護老人保健施設、介護療養型医療施設、介護医療院）に入所（入院）または
30	三股町	介護保険福祉用具購入	https://www.town.mimata.lg.jp/contents/687.html	介護保険福祉用具購入 - 三股町公式ホームページ 本文へスキップします。 総合トップ 三股町観光ホームページ 施設の予約状況確認 三股町立文化会館 三股町立図書館 みまた～ん.com 情報交流センター ～あつまい～ 特設サイト 総合トップ 三股町観光ホームページ 施設の予約状況確認 三股町立文化会館 三股町立図書館 みまた～ん.com 情報交流センター ～あつまい～ 文字サイズ 中 大 Translation くらし・手続き 子育て・教育 健康・福祉 文化・スポーツ しごと・産業 イベント情報 ホーム 健康・福祉 高齢者支援 介護保険 介護保険福祉用具購入 介護保険福祉用具購入 更新日：2026/2/3 入浴や排泄などに使用する福祉用具を購入する場合に費用を支給します。 対象者 在宅の要介護、要支援認定を受けて
30	三股町	軽度者に対する福祉用具貸与の例外給付	https://www.town.mimata.lg.jp/contents/688.html	軽度者に対する福祉用具貸与の例外給付 - 三股町公式ホームページ 本文へスキップします。 総合トップ 三股町観光ホームページ 施設の予約状況確認 三股町立文化会館 三股町立図書館 みまた～ん.com 情報交流センター ～あつまい～ 特設サイト 総合トップ 三股町観光ホームページ 施設の予約状況確認 三股町立文化会館 三股町立図書館 みまた～ん.com 情報交流センター ～あつまい～ 文字サイズ 中 大 Translation くらし・手続き 子育て・教育 健康・福祉 文化・スポーツ しごと・産業 イベント情報 ホーム 健康・福祉 高齢者支援 介護保険 軽度者に対する福祉用具貸与の例外給付 軽度者に対する福祉用具貸与の例外給付 更新日：2019/9/2 軽度者に対する福祉用具貸与については、その状態像からみて使用
30	三股町	居宅サービス計画作成依頼（変更）届出書	https://www.town.mimata.lg.jp/contents/689.html	居宅サービス計画作成依頼（変更）届出書 - 三股町公式ホームページ 本文へスキップします。 総合トップ 三股町観光ホームページ 施設の予約状況確認 三股町立文化会館 三股町立図書館 みまた～ん.com 情報交流センター ～あつまい～ 特設サイト 総合トップ 三股町観光ホームページ 施設の予約状況確認 三股町立文化会館 三股町立図書館 みまた～ん.com 情報交流センター ～あつまい～ 文字サイズ 中 大 Translation くらし・手続き 子育て・教育 健康・福祉 文化・スポーツ しごと・産業 イベント情報 ホーム 健康・福祉 高齢者支援 介護保険 居宅サービス計画作成依頼（変更）届出書 居宅サービス計画作成依頼（変更）届出書 更新日：2019/9/2 要介護認定を受けた方が、介護保険サービスを利用するため
30	三股町	要介護認定等に係る情報提供申請書	https://www.town.mimata.lg.jp/contents/690.html	要介護認定等に係る情報提供申請書 - 三股町公式ホームページ 本文へスキップします。 総合トップ 三股町観光ホームページ 施設の予約状況確認 三股町立文化会館 三股町立図書館 みまた～ん.com 情報交流センター ～あつまい～ 特設サイト 総合トップ 三股町観光ホームページ 施設の予約状況確認 三股町立文化会館 三股町立図書館 みまた～ん.com 情報交流センター ～あつまい～ 文字サイズ 中 大 Translation くらし・手続き 子育て・教育 健康・福祉 文化・スポーツ しごと・産業 イベント情報 ホーム 健康・福祉 高齢者支援 介護保険 要介護認定等に係る情報提供申請書 要介護認定等に係る情報提供申請書 更新日：2021/4/1 事業者が介護（予防）サービス計画を作成するために、本人（被保険者）または
30	三股町	要介護認定情報提供申出書	https://www.town.mimata.lg.jp/contents/691.html	要介護認定情報提供申出書 - 三股町公式ホームページ 本文へスキップします。 総合トップ 三股町観光ホームページ 施設の予約状況確認 三股町立文化会館 三股町立図書館 みまた～ん.com 情報交流センター ～あつまい～ 特設サイト 総合トップ 三股町観光ホームページ 施設の予約状況確認 三股町立文化会館 三股町立図書館 みまた～ん.com 情報交流センター ～あつまい～ 文字サイズ 中 大 Translation くらし・手続き 子育て・教育 健康・福祉 文化・スポーツ しごと・産業 イベント情報 ホーム 健康・福祉 高齢者支援 介護保険 要介護認定情報提供申出書 要介護認定情報提供申出書 更新日：2021/4/1 三股町では、事業者からの認定結果（認定日・認定状態区分）の問い合わせについて、電話での回答は行っ
30	三股町	介護給付費過誤申立依頼書	https://www.town.mimata.lg.jp/contents/692.html	介護給付費過誤申立依頼書 - 三股町公式ホームページ 本文へスキップします。 総合トップ 三股町観光ホームページ 施設の予約状況確認 三股町立文化会館 三股町立図書館 みまた～ん.com 情報交流センター ～あつまい～ 特設サイト 総合トップ 三股町観光ホームページ 施設の予約状況確認 三股町立文化会館 三股町立図書館 みまた～ん.com 情報交流センター ～あつまい～ 文字サイズ 中 大 Translation くらし・手続き 子育て・教育 健康・福祉 文化・スポーツ しごと・産業 イベント情報 ホーム 健康・福祉 高齢者支援 介護保険 介護給付費過誤申立依頼書 介護給付費過誤申立依頼書 更新日：2019/9/2 介護給付費の請求について過誤申立する際の様式です。 提出部数 １部 提出期限 ・通常過誤 毎月１
30	三股町	介護保険指定事業者からの事故報告について	https://www.town.mimata.lg.jp/contents/693.html	介護保険指定事業者からの事故報告について - 三股町公式ホームページ 本文へスキップします。 総合トップ 三股町観光ホームページ 施設の予約状況確認 三股町立文化会館 三股町立図書館 みまた～ん.com 情報交流センター ～あつまい～ 特設サイト 総合トップ 三股町観光ホームページ 施設の予約状況確認 三股町立文化会館 三股町立図書館 みまた～ん.com 情報交流センター ～あつまい～ 文字サイズ 中 大 Translation くらし・手続き 子育て・教育 健康・福祉 文化・スポーツ しごと・産業 イベント情報 ホーム 健康・福祉 高齢者支援 介護保険 介護保険指定事業者からの事故報告について 介護保険指定事業者からの事故報告について 更新日：2024/12/20 介護保険指定事業者からの事故報告について 介
30	三股町	申請書_介護保険関係様式	https://www.town.mimata.lg.jp/contents/695.html	申請書_介護保険関係様式 - 三股町公式ホームページ 本文へスキップします。 総合トップ 三股町観光ホームページ 施設の予約状況確認 三股町立文化会館 三股町立図書館 みまた～ん.com 情報交流センター ～あつまい～ 特設サイト 総合トップ 三股町観光ホームページ 施設の予約状況確認 三股町立文化会館 三股町立図書館 みまた～ん.com 情報交流センター ～あつまい～ 文字サイズ 中 大 Translation くらし・手続き 子育て・教育 健康・福祉 文化・スポーツ しごと・産業 イベント情報 ホーム 申請書様式・電子申請 申請書_健康と福祉 申請書_介護保険関係様式 申請書_介護保険関係様式 更新日：2019/9/2 【新型コロナウイルス感染症関連】 介護保険料の減免申請 介護保険要介護・要支援認定申請書
30	三股町	（事業者向け）介護保険主治医意見書作成料請求の取扱いについて	https://www.town.mimata.lg.jp/contents/697.html	（事業者向け）介護保険主治医意見書作成料請求の取扱いについて - 三股町公式ホームページ 本文へスキップします。 総合トップ 三股町観光ホームページ 施設の予約状況確認 三股町立文化会館 三股町立図書館 みまた～ん.com 情報交流センター ～あつまい～ 特設サイト 総合トップ 三股町観光ホームページ 施設の予約状況確認 三股町立文化会館 三股町立図書館 みまた～ん.com 情報交流センター ～あつまい～ 文字サイズ 中 大 Translation くらし・手続き 子育て・教育 健康・福祉 文化・スポーツ しごと・産業 イベント情報 ホーム 健康・福祉 高齢者支援 介護保険 （事業者向け）介護保険主治医意見書作成料請求の取扱いについて （事業者向け）介護保険主治医意見書作成料請求の取扱いについて 更新日：201
30	三股町	介護保険住宅改修	https://www.town.mimata.lg.jp/contents/701.html	介護保険住宅改修 - 三股町公式ホームページ 本文へスキップします。 総合トップ 三股町観光ホームページ 施設の予約状況確認 三股町立文化会館 三股町立図書館 みまた～ん.com 情報交流センター ～あつまい～ 特設サイト 総合トップ 三股町観光ホームページ 施設の予約状況確認 三股町立文化会館 三股町立図書館 みまた～ん.com 情報交流センター ～あつまい～ 文字サイズ 中 大 Translation くらし・手続き 子育て・教育 健康・福祉 文化・スポーツ しごと・産業 イベント情報 ホーム 健康・福祉 高齢者支援 介護保険 介護保険住宅改修 介護保険住宅改修 更新日：2023/3/22 三股町介護保険住宅改修の手引き 三股町介護保険住宅改修の手引きを作成しました。 【添付資料１３】をご参照ください。 住
30	三股町	（地域密着型サービス事業所向け）休止・廃止・再開届	https://www.town.mimata.lg.jp/contents/717.html	（地域密着型サービス事業所向け）休止・廃止・再開届 - 三股町公式ホームページ 本文へスキップします。 総合トップ 三股町観光ホームページ 施設の予約状況確認 三股町立文化会館 三股町立図書館 みまた～ん.com 情報交流センター ～あつまい～ 特設サイト 総合トップ 三股町観光ホームページ 施設の予約状況確認 三股町立文化会館 三股町立図書館 みまた～ん.com 情報交流センター ～あつまい～ 文字サイズ 中 大 Translation くらし・手続き 子育て・教育 健康・福祉 文化・スポーツ しごと・産業 イベント情報 ホーム 健康・福祉 高齢者支援 介護保険 （地域密着型サービス事業所向け）休止・廃止・再開届 （地域密着型サービス事業所向け）休止・廃止・再開届 更新日：2019/9/2 一時的に事業所を休
30	三股町	「年金生活者支援給付金制度」の担当者を名乗る電話や訪問にご注意ください！	https://www.town.mimata.lg.jp/contents/738.html	「年金生活者支援給付金制度」の担当者を名乗る電話や訪問にご注意ください！ - 三股町公式ホームページ 本文へスキップします。 総合トップ 三股町観光ホームページ 施設の予約状況確認 三股町立文化会館 三股町立図書館 みまた～ん.com 情報交流センター ～あつまい～ 特設サイト 総合トップ 三股町観光ホームページ 施設の予約状況確認 三股町立文化会館 三股町立図書館 みまた～ん.com 情報交流センター ～あつまい～ 文字サイズ 中 大 Translation くらし・手続き 子育て・教育 健康・福祉 文化・スポーツ しごと・産業 イベント情報 ホーム くらし・手続き 保険・年金 国民年金 「年金生活者支援給付金制度」の担当者を名乗る電話や訪問にご注意ください！ 「年金生活者支援給付金制度」の担当者を名乗る電話
30	三股町	（地域密着型サービス事業所向け）指定更新申請について	https://www.town.mimata.lg.jp/contents/742.html	（地域密着型サービス事業所向け）指定更新申請について - 三股町公式ホームページ 本文へスキップします。 総合トップ 三股町観光ホームページ 施設の予約状況確認 三股町立文化会館 三股町立図書館 みまた～ん.com 情報交流センター ～あつまい～ 特設サイト 総合トップ 三股町観光ホームページ 施設の予約状況確認 三股町立文化会館 三股町立図書館 みまた～ん.com 情報交流センター ～あつまい～ 文字サイズ 中 大 Translation くらし・手続き 子育て・教育 健康・福祉 文化・スポーツ しごと・産業 イベント情報 ホーム 健康・福祉 高齢者支援 介護保険 （地域密着型サービス事業所向け）指定更新申請について （地域密着型サービス事業所向け）指定更新申請について 更新日：2019/9/2 指定地域密着
30	三股町	居宅介護支援事業者の新規指定・更新・変更等について	https://www.town.mimata.lg.jp/contents/749.html	居宅介護支援事業者の新規指定・更新・変更等について - 三股町公式ホームページ 本文へスキップします。 総合トップ 三股町観光ホームページ 施設の予約状況確認 三股町立文化会館 三股町立図書館 みまた～ん.com 情報交流センター ～あつまい～ 特設サイト 総合トップ 三股町観光ホームページ 施設の予約状況確認 三股町立文化会館 三股町立図書館 みまた～ん.com 情報交流センター ～あつまい～ 文字サイズ 中 大 Translation くらし・手続き 子育て・教育 健康・福祉 文化・スポーツ しごと・産業 イベント情報 ホーム 健康・福祉 高齢者支援 介護保険 居宅介護支援事業者の新規指定・更新・変更等について 居宅介護支援事業者の新規指定・更新・変更等について 更新日：2025/3/27 １．新規指定申請
30	三股町	居宅介護支援事業所に係る特定事業所集中減算について	https://www.town.mimata.lg.jp/contents/782.html	居宅介護支援事業所に係る特定事業所集中減算について - 三股町公式ホームページ 本文へスキップします。 総合トップ 三股町観光ホームページ 施設の予約状況確認 三股町立文化会館 三股町立図書館 みまた～ん.com 情報交流センター ～あつまい～ 特設サイト 総合トップ 三股町観光ホームページ 施設の予約状況確認 三股町立文化会館 三股町立図書館 みまた～ん.com 情報交流センター ～あつまい～ 文字サイズ 中 大 Translation くらし・手続き 子育て・教育 健康・福祉 文化・スポーツ しごと・産業 イベント情報 ホーム 健康・福祉 高齢者支援 介護保険 居宅介護支援事業所に係る特定事業所集中減算について 居宅介護支援事業所に係る特定事業所集中減算について 更新日：2020/2/13 特定事業所集中減
30	三股町	新型コロナウイルス感染症に係る要介護認定の臨時的な取り扱いについて	https://www.town.mimata.lg.jp/contents/826.html	新型コロナウイルス感染症に係る要介護認定の臨時的な取り扱いについて - 三股町公式ホームページ 本文へスキップします。 総合トップ 三股町観光ホームページ 施設の予約状況確認 三股町立文化会館 三股町立図書館 みまた～ん.com 情報交流センター ～あつまい～ 特設サイト 総合トップ 三股町観光ホームページ 施設の予約状況確認 三股町立文化会館 三股町立図書館 みまた～ん.com 情報交流センター ～あつまい～ 文字サイズ 中 大 Translation くらし・手続き 子育て・教育 健康・福祉 文化・スポーツ しごと・産業 イベント情報 ホーム 健康・福祉 高齢者支援 介護保険 新型コロナウイルス感染症に係る要介護認定の臨時的な取り扱いについて 新型コロナウイルス感染症に係る要介護認定の臨時的な取り扱いについ
30	三股町	三股町スポーツ・文化合宿補助金	https://www.town.mimata.lg.jp/contents/832.html	三股町スポーツ・文化合宿補助金 - 三股町公式ホームページ 本文へスキップします。 総合トップ 三股町観光ホームページ 施設の予約状況確認 三股町立文化会館 三股町立図書館 みまた～ん.com 情報交流センター ～あつまい～ 特設サイト 総合トップ 三股町観光ホームページ 施設の予約状況確認 三股町立文化会館 三股町立図書館 みまた～ん.com 情報交流センター ～あつまい～ 文字サイズ 中 大 Translation くらし・手続き 子育て・教育 健康・福祉 文化・スポーツ しごと・産業 イベント情報 ホーム 文化・スポーツ 合宿補助金 三股町スポーツ・文化合宿補助金 三股町スポーツ・文化合宿補助金 更新日：2020/4/7 三股町スポーツ・文化合宿補助金 三股町は、町内に宿泊して合宿を実施するスポーツ・文化
30	三股町	休業者・失業者に対して一次的な資金の緊急貸付を行います	https://www.town.mimata.lg.jp/contents/847.html	休業者・失業者に対して一次的な資金の緊急貸付を行います - 三股町公式ホームページ 本文へスキップします。 総合トップ 三股町観光ホームページ 施設の予約状況確認 三股町立文化会館 三股町立図書館 みまた～ん.com 情報交流センター ～あつまい～ 特設サイト 総合トップ 三股町観光ホームページ 施設の予約状況確認 三股町立文化会館 三股町立図書館 みまた～ん.com 情報交流センター ～あつまい～ 文字サイズ 中 大 Translation くらし・手続き 子育て・教育 健康・福祉 文化・スポーツ しごと・産業 イベント情報 ホーム くらし・手続き 新型コロナウイルス感染症に関する情報 貸付金関係 休業者・失業者に対して一次的な資金の緊急貸付を行います 休業者・失業者に対して一次的な資金の緊急貸付を行います
30	三股町	新型コロナウイルス感染症の影響により国民健康保険税の納付が困難な方へ	https://www.town.mimata.lg.jp/contents/875.html	新型コロナウイルス感染症の影響により国民健康保険税の納付が困難な方へ - 三股町公式ホームページ 本文へスキップします。 総合トップ 三股町観光ホームページ 施設の予約状況確認 三股町立文化会館 三股町立図書館 みまた～ん.com 情報交流センター ～あつまい～ 特設サイト 総合トップ 三股町観光ホームページ 施設の予約状況確認 三股町立文化会館 三股町立図書館 みまた～ん.com 情報交流センター ～あつまい～ 文字サイズ 中 大 Translation くらし・手続き 子育て・教育 健康・福祉 文化・スポーツ しごと・産業 イベント情報 ホーム くらし・手続き 新型コロナウイルス感染症に関する情報 税金・水道料金等の支払猶予・減免 新型コロナウイルス感染症の影響により国民健康保険税の納付が困難な方へ 新型コ
30	三股町	（再案内）令和２年１１月から子ども医療費助成を拡充します	https://www.town.mimata.lg.jp/contents/956.html	（再案内）令和２年１１月から子ども医療費助成を拡充します - 三股町公式ホームページ 本文へスキップします。 総合トップ 三股町観光ホームページ 施設の予約状況確認 三股町立文化会館 三股町立図書館 みまた～ん.com 情報交流センター ～あつまい～ 特設サイト 総合トップ 三股町観光ホームページ 施設の予約状況確認 三股町立文化会館 三股町立図書館 みまた～ん.com 情報交流センター ～あつまい～ 文字サイズ 中 大 Translation くらし・手続き 子育て・教育 健康・福祉 文化・スポーツ しごと・産業 イベント情報 ホーム 子育て・教育 子育て 手当・助成 （再案内）令和２年１１月から子ども医療費助成を拡充します （再案内）令和２年１１月から子ども医療費助成を拡充します 更新日：2020/8/21
30	三股町	介護保険被保険者証を紛失したときの再発行	https://www.town.mimata.lg.jp/contents/1052.html	介護保険被保険者証を紛失したときの再発行 - 三股町公式ホームページ 本文へスキップします。 総合トップ 三股町観光ホームページ 施設の予約状況確認 三股町立文化会館 三股町立図書館 みまた～ん.com 情報交流センター ～あつまい～ 特設サイト 総合トップ 三股町観光ホームページ 施設の予約状況確認 三股町立文化会館 三股町立図書館 みまた～ん.com 情報交流センター ～あつまい～ 文字サイズ 中 大 Translation くらし・手続き 子育て・教育 健康・福祉 文化・スポーツ しごと・産業 イベント情報 ホーム 健康・福祉 高齢者支援 介護保険 介護保険被保険者証を紛失したときの再発行 介護保険被保険者証を紛失したときの再発行 更新日：2020/12/10 交付された介護保険被保険者証が破れたり汚れた
30	三股町	介護保険制度について（第２号被保険者・４０歳から６４歳までの方へ）	https://www.town.mimata.lg.jp/contents/1093.html	介護保険制度について（第２号被保険者・４０歳から６４歳までの方へ） - 三股町公式ホームページ 本文へスキップします。 総合トップ 三股町観光ホームページ 施設の予約状況確認 三股町立文化会館 三股町立図書館 みまた～ん.com 情報交流センター ～あつまい～ 特設サイト 総合トップ 三股町観光ホームページ 施設の予約状況確認 三股町立文化会館 三股町立図書館 みまた～ん.com 情報交流センター ～あつまい～ 文字サイズ 中 大 Translation くらし・手続き 子育て・教育 健康・福祉 文化・スポーツ しごと・産業 イベント情報 ホーム 健康・福祉 高齢者支援 介護保険 介護保険制度について（第２号被保険者・４０歳から６４歳までの方へ） 介護保険制度について（第２号被保険者・４０歳から６４歳までの方へ
30	三股町	令和3年度介護報酬改定（総合事業）のサービスコードについて	https://www.town.mimata.lg.jp/contents/1145.html	令和3年度介護報酬改定（総合事業）のサービスコードについて - 三股町公式ホームページ 本文へスキップします。 総合トップ 三股町観光ホームページ 施設の予約状況確認 三股町立文化会館 三股町立図書館 みまた～ん.com 情報交流センター ～あつまい～ 特設サイト 総合トップ 三股町観光ホームページ 施設の予約状況確認 三股町立文化会館 三股町立図書館 みまた～ん.com 情報交流センター ～あつまい～ 文字サイズ 中 大 Translation くらし・手続き 子育て・教育 健康・福祉 文化・スポーツ しごと・産業 イベント情報 ホーム 健康・福祉 高齢者支援 介護保険 令和3年度介護報酬改定（総合事業）のサービスコードについて 令和3年度介護報酬改定（総合事業）のサービスコードについて 更新日：2021/4
30	三股町	介護報酬と各種基準に関する質問について【質問票】	https://www.town.mimata.lg.jp/contents/1266.html	介護報酬と各種基準に関する質問について【質問票】 - 三股町公式ホームページ 本文へスキップします。 総合トップ 三股町観光ホームページ 施設の予約状況確認 三股町立文化会館 三股町立図書館 みまた～ん.com 情報交流センター ～あつまい～ 特設サイト 総合トップ 三股町観光ホームページ 施設の予約状況確認 三股町立文化会館 三股町立図書館 みまた～ん.com 情報交流センター ～あつまい～ 文字サイズ 中 大 Translation くらし・手続き 子育て・教育 健康・福祉 文化・スポーツ しごと・産業 イベント情報 ホーム 健康・福祉 高齢者支援 介護保険 介護報酬と各種基準に関する質問について【質問票】 介護報酬と各種基準に関する質問について【質問票】 更新日：2021/8/19 介護報酬及び各種基準に
30	三股町	令和3年度の「寄附金の使い道」実績	https://www.town.mimata.lg.jp/contents/1299.html	令和3年度の「寄附金の使い道」実績 - 三股町公式ホームページ 本文へスキップします。 総合トップ 三股町観光ホームページ 施設の予約状況確認 三股町立文化会館 三股町立図書館 みまた～ん.com 情報交流センター ～あつまい～ 特設サイト 総合トップ 三股町観光ホームページ 施設の予約状況確認 三股町立文化会館 三股町立図書館 みまた～ん.com 情報交流センター ～あつまい～ 文字サイズ 中 大 Translation くらし・手続き 子育て・教育 健康・福祉 文化・スポーツ しごと・産業 イベント情報 ホーム 令和3年度の「寄附金の使い道」実績 令和3年度の「寄附金の使い道」実績 更新日：2022/11/15 令和3年度ふるさと納税（寄附金）の使い道 数ある自治体から本町へ寄附をいただき感謝いたします。
30	三股町	訪問介護（生活援助中心型）の回数が多いケアプランの届出について	https://www.town.mimata.lg.jp/contents/1331.html	訪問介護（生活援助中心型）の回数が多いケアプランの届出について - 三股町公式ホームページ 本文へスキップします。 総合トップ 三股町観光ホームページ 施設の予約状況確認 三股町立文化会館 三股町立図書館 みまた～ん.com 情報交流センター ～あつまい～ 特設サイト 総合トップ 三股町観光ホームページ 施設の予約状況確認 三股町立文化会館 三股町立図書館 みまた～ん.com 情報交流センター ～あつまい～ 文字サイズ 中 大 Translation くらし・手続き 子育て・教育 健康・福祉 文化・スポーツ しごと・産業 イベント情報 ホーム 健康・福祉 高齢者支援 介護保険 訪問介護（生活援助中心型）の回数が多いケアプランの届出について 訪問介護（生活援助中心型）の回数が多いケアプランの届出について 更新日：
30	三股町	子宮頸がん予防ワクチン（HPVワクチン）予防接種の費用を助成しています	https://www.town.mimata.lg.jp/contents/1346.html	子宮頸がん予防ワクチン（HPVワクチン）予防接種の費用を助成しています - 三股町公式ホームページ 本文へスキップします。 総合トップ 三股町観光ホームページ 施設の予約状況確認 三股町立文化会館 三股町立図書館 みまた～ん.com 情報交流センター ～あつまい～ 特設サイト 総合トップ 三股町観光ホームページ 施設の予約状況確認 三股町立文化会館 三股町立図書館 みまた～ん.com 情報交流センター ～あつまい～ 文字サイズ 中 大 Translation くらし・手続き 子育て・教育 健康・福祉 文化・スポーツ しごと・産業 イベント情報 ホーム 健康・福祉 健康・医療 予防接種 子宮頸がん予防ワクチン（HPVワクチン）予防接種の費用を助成しています 子宮頸がん予防ワクチン（HPVワクチン）予防接種の費用を
30	三股町	住民税非課税世帯等に対する臨時特別給付金について	https://www.town.mimata.lg.jp/contents/1365.html	住民税非課税世帯等に対する臨時特別給付金について - 三股町公式ホームページ 本文へスキップします。 総合トップ 三股町観光ホームページ 施設の予約状況確認 三股町立文化会館 三股町立図書館 みまた～ん.com 情報交流センター ～あつまい～ 特設サイト 総合トップ 三股町観光ホームページ 施設の予約状況確認 三股町立文化会館 三股町立図書館 みまた～ん.com 情報交流センター ～あつまい～ 文字サイズ 中 大 Translation くらし・手続き 子育て・教育 健康・福祉 文化・スポーツ しごと・産業 イベント情報 ホーム くらし・手続き 新型コロナウイルス感染症に関する情報 給付金・補助金関係 住民税非課税世帯等に対する臨時特別給付金について 住民税非課税世帯等に対する臨時特別給付金について 更新日：2
30	三股町	（地域密着型サービス事業所向け）変更届について	https://www.town.mimata.lg.jp/contents/1384.html	（地域密着型サービス事業所向け）変更届について - 三股町公式ホームページ 本文へスキップします。 総合トップ 三股町観光ホームページ 施設の予約状況確認 三股町立文化会館 三股町立図書館 みまた～ん.com 情報交流センター ～あつまい～ 特設サイト 総合トップ 三股町観光ホームページ 施設の予約状況確認 三股町立文化会館 三股町立図書館 みまた～ん.com 情報交流センター ～あつまい～ 文字サイズ 中 大 Translation くらし・手続き 子育て・教育 健康・福祉 文化・スポーツ しごと・産業 イベント情報 ホーム 健康・福祉 高齢者支援 介護保険 （地域密着型サービス事業所向け）変更届について （地域密着型サービス事業所向け）変更届について 更新日：2022/2/4 地域密着型サービス事業の変更届
30	三股町	【医療機関用】主治医意見書（令和3年度改定）について	https://www.town.mimata.lg.jp/contents/1385.html	【医療機関用】主治医意見書（令和3年度改定）について - 三股町公式ホームページ 本文へスキップします。 総合トップ 三股町観光ホームページ 施設の予約状況確認 三股町立文化会館 三股町立図書館 みまた～ん.com 情報交流センター ～あつまい～ 特設サイト 総合トップ 三股町観光ホームページ 施設の予約状況確認 三股町立文化会館 三股町立図書館 みまた～ん.com 情報交流センター ～あつまい～ 文字サイズ 中 大 Translation くらし・手続き 子育て・教育 健康・福祉 文化・スポーツ しごと・産業 イベント情報 ホーム 健康・福祉 高齢者支援 介護保険 【医療機関用】主治医意見書（令和3年度改定）について 【医療機関用】主治医意見書（令和3年度改定）について 更新日：2022/2/4 要介護認定に
30	三股町	高齢者の補聴器購入の補助をします。	https://www.town.mimata.lg.jp/contents/1432.html	高齢者の補聴器購入の補助をします。 - 三股町公式ホームページ 本文へスキップします。 総合トップ 三股町観光ホームページ 施設の予約状況確認 三股町立文化会館 三股町立図書館 みまた～ん.com 情報交流センター ～あつまい～ 特設サイト 総合トップ 三股町観光ホームページ 施設の予約状況確認 三股町立文化会館 三股町立図書館 みまた～ん.com 情報交流センター ～あつまい～ 文字サイズ 中 大 Translation くらし・手続き 子育て・教育 健康・福祉 文化・スポーツ しごと・産業 イベント情報 ホーム 健康・福祉 高齢者支援 高齢者福祉 高齢者の補聴器購入の補助をします。 高齢者の補聴器購入の補助をします。 更新日：2025/4/1 高齢者の補聴器購入の補助をします。 聴力低下へ早期に対応し、認知
30	三股町	ブロック塀などの撤去費用を補助します	https://www.town.mimata.lg.jp/contents/1446.html	ブロック塀などの撤去費用を補助します - 三股町公式ホームページ 本文へスキップします。 総合トップ 三股町観光ホームページ 施設の予約状況確認 三股町立文化会館 三股町立図書館 みまた～ん.com 情報交流センター ～あつまい～ 特設サイト 総合トップ 三股町観光ホームページ 施設の予約状況確認 三股町立文化会館 三股町立図書館 みまた～ん.com 情報交流センター ～あつまい～ 文字サイズ 中 大 Translation くらし・手続き 子育て・教育 健康・福祉 文化・スポーツ しごと・産業 イベント情報 ホーム くらし・手続き 引越し・住まい 住まい 耐震化対策 ブロック塀などの撤去費用を補助します ブロック塀などの撤去費用を補助します 更新日：2026/4/15 平成３０年６月に大阪府で発生した最大震度
30	三股町	第7波の「医療緊急警報」発令と町独自の「生活者・事業者支援及び感染症対策」事業について(町長メッセージ㉑)	https://www.town.mimata.lg.jp/contents/1496.html	第7波の「医療緊急警報」発令と町独自の「生活者・事業者支援及び感染症対策」事業について(町長メッセージ㉑) - 三股町公式ホームページ 本文へスキップします。 総合トップ 三股町観光ホームページ 施設の予約状況確認 三股町立文化会館 三股町立図書館 みまた～ん.com 情報交流センター ～あつまい～ 特設サイト 総合トップ 三股町観光ホームページ 施設の予約状況確認 三股町立文化会館 三股町立図書館 みまた～ん.com 情報交流センター ～あつまい～ 文字サイズ 中 大 Translation くらし・手続き 子育て・教育 健康・福祉 文化・スポーツ しごと・産業 イベント情報 ホーム 町政情報 町長の部屋 町長より 2022年町長より 第7波の「医療緊急警報」発令と町独自の「生活者・事業者支援及び感染症対策」
30	三股町	介護給付費通知（介護給付費のお知らせ）の廃止について	https://www.town.mimata.lg.jp/contents/1504.html	介護給付費通知（介護給付費のお知らせ）の廃止について - 三股町公式ホームページ 本文へスキップします。 総合トップ 三股町観光ホームページ 施設の予約状況確認 三股町立文化会館 三股町立図書館 みまた～ん.com 情報交流センター ～あつまい～ 特設サイト 総合トップ 三股町観光ホームページ 施設の予約状況確認 三股町立文化会館 三股町立図書館 みまた～ん.com 情報交流センター ～あつまい～ 文字サイズ 中 大 Translation くらし・手続き 子育て・教育 健康・福祉 文化・スポーツ しごと・産業 イベント情報 ホーム 健康・福祉 高齢者支援 介護保険 介護給付費通知（介護給付費のお知らせ）の廃止について 介護給付費通知（介護給付費のお知らせ）の廃止について 更新日：2022/8/3 「給付費通知
30	三股町	町長4期目のスタートと10月町議会(町長メッセージ㉔)	https://www.town.mimata.lg.jp/contents/1583.html	町長4期目のスタートと10月町議会(町長メッセージ㉔) - 三股町公式ホームページ 本文へスキップします。 総合トップ 三股町観光ホームページ 施設の予約状況確認 三股町立文化会館 三股町立図書館 みまた～ん.com 情報交流センター ～あつまい～ 特設サイト 総合トップ 三股町観光ホームページ 施設の予約状況確認 三股町立文化会館 三股町立図書館 みまた～ん.com 情報交流センター ～あつまい～ 文字サイズ 中 大 Translation くらし・手続き 子育て・教育 健康・福祉 文化・スポーツ しごと・産業 イベント情報 ホーム 町政情報 町長の部屋 町長より 2022年町長より 町長4期目のスタートと10月町議会(町長メッセージ㉔) 町長4期目のスタートと10月町議会(町長メッセージ㉔) 更新日：202
30	三股町	令和2年度の「寄附金の使い道」実績	https://www.town.mimata.lg.jp/contents/1587.html	令和2年度の「寄附金の使い道」実績 - 三股町公式ホームページ 本文へスキップします。 総合トップ 三股町観光ホームページ 施設の予約状況確認 三股町立文化会館 三股町立図書館 みまた～ん.com 情報交流センター ～あつまい～ 特設サイト 総合トップ 三股町観光ホームページ 施設の予約状況確認 三股町立文化会館 三股町立図書館 みまた～ん.com 情報交流センター ～あつまい～ 文字サイズ 中 大 Translation くらし・手続き 子育て・教育 健康・福祉 文化・スポーツ しごと・産業 イベント情報 ホーム 令和2年度の「寄附金の使い道」実績 令和2年度の「寄附金の使い道」実績 更新日：2022/10/1 令和2年度ふるさと納税（寄附金）の使い道実績 数ある自治体から本町へ寄附をいただき感謝いたします。
30	三股町	障がい者（児）の日常生活用具給付事業の内容を拡充しました	https://www.town.mimata.lg.jp/contents/1632.html	障がい者（児）の日常生活用具給付事業の内容を拡充しました - 三股町公式ホームページ 本文へスキップします。 総合トップ 三股町観光ホームページ 施設の予約状況確認 三股町立文化会館 三股町立図書館 みまた～ん.com 情報交流センター ～あつまい～ 特設サイト 総合トップ 三股町観光ホームページ 施設の予約状況確認 三股町立文化会館 三股町立図書館 みまた～ん.com 情報交流センター ～あつまい～ 文字サイズ 中 大 Translation くらし・手続き 子育て・教育 健康・福祉 文化・スポーツ しごと・産業 イベント情報 ホーム 健康・福祉 障がい者支援 補装具・日常生活用具 障がい者（児）の日常生活用具給付事業の内容を拡充しました 障がい者（児）の日常生活用具給付事業の内容を拡充しました 更新日：20
28	三股町	申請書_障害者のための福祉	https://www.town.mimata.lg.jp/contents/445.html	申請書_障害者のための福祉 - 三股町公式ホームページ 本文へスキップします。 総合トップ 三股町観光ホームページ 施設の予約状況確認 三股町立文化会館 三股町立図書館 みまた～ん.com 情報交流センター ～あつまい～ 特設サイト 総合トップ 三股町観光ホームページ 施設の予約状況確認 三股町立文化会館 三股町立図書館 みまた～ん.com 情報交流センター ～あつまい～ 文字サイズ 中 大 Translation くらし・手続き 子育て・教育 健康・福祉 文化・スポーツ しごと・産業 イベント情報 ホーム 申請書様式・電子申請 申請書_健康と福祉 申請書_障害者のための福祉 申請書_障害者のための福祉 更新日：2019/9/2 補装具支給等申請関係様式 日常生活用具給付申請関係様式 重度心身障害者医療医療費助
28	三股町	高齢者運転免許証自主返納支援事業について	https://www.town.mimata.lg.jp/contents/824.html	高齢者運転免許証自主返納支援事業について - 三股町公式ホームページ 本文へスキップします。 総合トップ 三股町観光ホームページ 施設の予約状況確認 三股町立文化会館 三股町立図書館 みまた～ん.com 情報交流センター ～あつまい～ 特設サイト 総合トップ 三股町観光ホームページ 施設の予約状況確認 三股町立文化会館 三股町立図書館 みまた～ん.com 情報交流センター ～あつまい～ 文字サイズ 中 大 Translation くらし・手続き 子育て・教育 健康・福祉 文化・スポーツ しごと・産業 イベント情報 ホーム くらし・手続き 交通 コミュニティバス（くいまーる） 高齢者運転免許証自主返納支援事業について 高齢者運転免許証自主返納支援事業について 更新日：2025/4/1 町は、運転に不安のある高齢者
26	三股町	母子寡婦福祉会	https://www.town.mimata.lg.jp/contents/46.html	母子寡婦福祉会 - 三股町公式ホームページ 本文へスキップします。 総合トップ 三股町観光ホームページ 施設の予約状況確認 三股町立文化会館 三股町立図書館 みまた～ん.com 情報交流センター ～あつまい～ 特設サイト 総合トップ 三股町観光ホームページ 施設の予約状況確認 三股町立文化会館 三股町立図書館 みまた～ん.com 情報交流センター ～あつまい～ 文字サイズ 中 大 Translation くらし・手続き 子育て・教育 健康・福祉 文化・スポーツ しごと・産業 イベント情報 ホーム 子育て・教育 子育て サポート・施設 母子寡婦福祉会 母子寡婦福祉会 更新日：2019/9/2 あなたは知っていますか？ 同じ仲間がたくさんいることを、みんなで知恵と力を出し合って、明るい未来に子どもたちと元気にがんば
26	三股町	補装具の購入・修理について	https://www.town.mimata.lg.jp/contents/61.html	補装具の購入・修理について - 三股町公式ホームページ 本文へスキップします。 総合トップ 三股町観光ホームページ 施設の予約状況確認 三股町立文化会館 三股町立図書館 みまた～ん.com 情報交流センター ～あつまい～ 特設サイト 総合トップ 三股町観光ホームページ 施設の予約状況確認 三股町立文化会館 三股町立図書館 みまた～ん.com 情報交流センター ～あつまい～ 文字サイズ 中 大 Translation くらし・手続き 子育て・教育 健康・福祉 文化・スポーツ しごと・産業 イベント情報 ホーム 健康・福祉 障がい者支援 補装具・日常生活用具 補装具の購入・修理について 補装具の購入・修理について 更新日：2019/9/2 １．対象 ・身体障害者手帳の交付を受けた人 ・障害者総合支援法の対象となる難
26	三股町	個人町民税・県民税	https://www.town.mimata.lg.jp/contents/155.html	個人町民税・県民税 - 三股町公式ホームページ 本文へスキップします。 総合トップ 三股町観光ホームページ 施設の予約状況確認 三股町立文化会館 三股町立図書館 みまた～ん.com 情報交流センター ～あつまい～ 特設サイト 総合トップ 三股町観光ホームページ 施設の予約状況確認 三股町立文化会館 三股町立図書館 みまた～ん.com 情報交流センター ～あつまい～ 文字サイズ 中 大 Translation くらし・手続き 子育て・教育 健康・福祉 文化・スポーツ しごと・産業 イベント情報 ホーム くらし・手続き 税 所得税・住民税 個人町民税・県民税 個人町民税・県民税 更新日：2024/4/12 個人の町民税・県民税は町内に住所がある人で、前年の所得に対してかかる税金です。 税額の内訳には一定の所得金額以
26	三股町	色々な給付について	https://www.town.mimata.lg.jp/contents/174.html	色々な給付について - 三股町公式ホームページ 本文へスキップします。 総合トップ 三股町観光ホームページ 施設の予約状況確認 三股町立文化会館 三股町立図書館 みまた～ん.com 情報交流センター ～あつまい～ 特設サイト 総合トップ 三股町観光ホームページ 施設の予約状況確認 三股町立文化会館 三股町立図書館 みまた～ん.com 情報交流センター ～あつまい～ 文字サイズ 中 大 Translation くらし・手続き 子育て・教育 健康・福祉 文化・スポーツ しごと・産業 イベント情報 ホーム くらし・手続き 保険・年金 国民健康保険 色々な給付について 色々な給付について 更新日：2025/4/1 病気やケガをしてお医者さんにかかったとき、また出産や死亡があったとき、国民健康保険の加入者は総医療費の一部
26	三股町	その他こんな時には？	https://www.town.mimata.lg.jp/contents/175.html	その他こんな時には？ - 三股町公式ホームページ 本文へスキップします。 総合トップ 三股町観光ホームページ 施設の予約状況確認 三股町立文化会館 三股町立図書館 みまた～ん.com 情報交流センター ～あつまい～ 特設サイト 総合トップ 三股町観光ホームページ 施設の予約状況確認 三股町立文化会館 三股町立図書館 みまた～ん.com 情報交流センター ～あつまい～ 文字サイズ 中 大 Translation くらし・手続き 子育て・教育 健康・福祉 文化・スポーツ しごと・産業 イベント情報 ホーム くらし・手続き 保険・年金 国民健康保険 その他こんな時には？ その他こんな時には？ 更新日：2025/4/1 交通事故などで病院にかかる時は 交通事故など、「第三者行為（相手の過失）」によってけがをした場合は、
26	三股町	企業立地の特別措置について	https://www.town.mimata.lg.jp/contents/605.html	企業立地の特別措置について - 三股町公式ホームページ 本文へスキップします。 総合トップ 三股町観光ホームページ 施設の予約状況確認 三股町立文化会館 三股町立図書館 みまた～ん.com 情報交流センター ～あつまい～ 特設サイト 総合トップ 三股町観光ホームページ 施設の予約状況確認 三股町立文化会館 三股町立図書館 みまた～ん.com 情報交流センター ～あつまい～ 文字サイズ 中 大 Translation くらし・手続き 子育て・教育 健康・福祉 文化・スポーツ しごと・産業 イベント情報 ホーム しごと・産業 商工業 企業立地の特別措置について 企業立地の特別措置について 更新日：2019/9/2 三股町では、下記工場等の新設または増設に伴い、一定の要件を満たす企業について、誘致企業としての指定を行
26	三股町	三股町奨学金は事業統合しました	https://www.town.mimata.lg.jp/contents/704.html	三股町奨学金は事業統合しました - 三股町公式ホームページ 本文へスキップします。 総合トップ 三股町観光ホームページ 施設の予約状況確認 三股町立文化会館 三股町立図書館 みまた～ん.com 情報交流センター ～あつまい～ 特設サイト 総合トップ 三股町観光ホームページ 施設の予約状況確認 三股町立文化会館 三股町立図書館 みまた～ん.com 情報交流センター ～あつまい～ 文字サイズ 中 大 Translation くらし・手続き 子育て・教育 健康・福祉 文化・スポーツ しごと・産業 イベント情報 ホーム 子育て・教育 教育 奨学金 三股町奨学金は事業統合しました 三股町奨学金は事業統合しました 更新日：2022/3/1 制度の統合 三股町奨学資金貸与制度は、令和4年度より「都城三股みらい応援奨学金」に奨
26	三股町	令和7年度 高齢者肺炎球菌予防接種について	https://www.town.mimata.lg.jp/contents/763.html	令和7年度 高齢者肺炎球菌予防接種について - 三股町公式ホームページ 本文へスキップします。 総合トップ 三股町観光ホームページ 施設の予約状況確認 三股町立文化会館 三股町立図書館 みまた～ん.com 情報交流センター ～あつまい～ 特設サイト 総合トップ 三股町観光ホームページ 施設の予約状況確認 三股町立文化会館 三股町立図書館 みまた～ん.com 情報交流センター ～あつまい～ 文字サイズ 中 大 Translation くらし・手続き 子育て・教育 健康・福祉 文化・スポーツ しごと・産業 イベント情報 ホーム 健康・福祉 健康・医療 予防接種 令和7年度 高齢者肺炎球菌予防接種について 令和7年度 高齢者肺炎球菌予防接種について 更新日：2026/4/1 令和7年度に65歳になる人に高齢者肺炎球菌
26	三股町	謹賀新年	https://www.town.mimata.lg.jp/contents/1612.html	謹賀新年 - 三股町公式ホームページ 本文へスキップします。 総合トップ 三股町観光ホームページ 施設の予約状況確認 三股町立文化会館 三股町立図書館 みまた～ん.com 情報交流センター ～あつまい～ 特設サイト 総合トップ 三股町観光ホームページ 施設の予約状況確認 三股町立文化会館 三股町立図書館 みまた～ん.com 情報交流センター ～あつまい～ 文字サイズ 中 大 Translation くらし・手続き 子育て・教育 健康・福祉 文化・スポーツ しごと・産業 イベント情報 ホーム 町政情報 町長の部屋 町長より 2023年町長より 謹賀新年 謹賀新年 更新日：2023/1/1 謹んで新年のお祝いを申し上げます 町民の皆さまにおかれましては、令和５年の新春を健やかにお迎えのこととお慶び申し上げます。旧年
25	三股町	転入された方（妊婦・乳児）へ	https://www.town.mimata.lg.jp/contents/10.html	転入された方（妊婦・乳児）へ - 三股町公式ホームページ 本文へスキップします。 総合トップ 三股町観光ホームページ 施設の予約状況確認 三股町立文化会館 三股町立図書館 みまた～ん.com 情報交流センター ～あつまい～ 特設サイト 総合トップ 三股町観光ホームページ 施設の予約状況確認 三股町立文化会館 三股町立図書館 みまた～ん.com 情報交流センター ～あつまい～ 文字サイズ 中 大 Translation くらし・手続き 子育て・教育 健康・福祉 文化・スポーツ しごと・産業 イベント情報 ホーム 子育て・教育 妊娠・出産 妊娠 転入された方（妊婦・乳児）へ 転入された方（妊婦・乳児）へ 更新日：2026/4/1 三股町へ転入された場合、 以前お住まいの市区町村で交付されていた助成券 （妊婦健康診査
25	三股町	三股町子ども・子育て支援事業計画及び三股町第2期次世代育成支援行動計画について	https://www.town.mimata.lg.jp/contents/272.html	三股町子ども・子育て支援事業計画及び三股町第2期次世代育成支援行動計画について - 三股町公式ホームページ 本文へスキップします。 総合トップ 三股町観光ホームページ 施設の予約状況確認 三股町立文化会館 三股町立図書館 みまた～ん.com 情報交流センター ～あつまい～ 特設サイト 総合トップ 三股町観光ホームページ 施設の予約状況確認 三股町立文化会館 三股町立図書館 みまた～ん.com 情報交流センター ～あつまい～ 文字サイズ 中 大 Translation くらし・手続き 子育て・教育 健康・福祉 文化・スポーツ しごと・産業 イベント情報 ホーム 町政情報 各種計画 福祉・医療 三股町子ども・子育て支援事業計画及び三股町第2期次世代育成支援行動計画について 三股町子ども・子育て支援事業計画及び三股町
25	三股町	特定個人情報保護評価について	https://www.town.mimata.lg.jp/contents/283.html	特定個人情報保護評価について - 三股町公式ホームページ 本文へスキップします。 総合トップ 三股町観光ホームページ 施設の予約状況確認 三股町立文化会館 三股町立図書館 みまた～ん.com 情報交流センター ～あつまい～ 特設サイト 総合トップ 三股町観光ホームページ 施設の予約状況確認 三股町立文化会館 三股町立図書館 みまた～ん.com 情報交流センター ～あつまい～ 文字サイズ 中 大 Translation くらし・手続き 子育て・教育 健康・福祉 文化・スポーツ しごと・産業 イベント情報 ホーム くらし・手続き マイナンバーカード等 マイナンバー制度 特定個人情報保護評価について 特定個人情報保護評価について 更新日：2024/12/10 特定個人情報保護評価とは マイナンバー制度（社会保障・税番
25	三股町	独自利用事務について	https://www.town.mimata.lg.jp/contents/535.html	独自利用事務について - 三股町公式ホームページ 本文へスキップします。 総合トップ 三股町観光ホームページ 施設の予約状況確認 三股町立文化会館 三股町立図書館 みまた～ん.com 情報交流センター ～あつまい～ 特設サイト 総合トップ 三股町観光ホームページ 施設の予約状況確認 三股町立文化会館 三股町立図書館 みまた～ん.com 情報交流センター ～あつまい～ 文字サイズ 中 大 Translation くらし・手続き 子育て・教育 健康・福祉 文化・スポーツ しごと・産業 イベント情報 ホーム くらし・手続き マイナンバーカード等 マイナンバー制度 独自利用事務について 独自利用事務について 更新日：2019/9/2 独自利用事務の届出書の公表について. 独自利用事務とは 番号法に規定された事務（法定事
25	三股町	三股町介護予防支援等の事業の基準及び地域包括支援センターの包括的支援事業の実施に係る基準を定める条例（結果公開中【意見：0】）	https://www.town.mimata.lg.jp/contents/661.html	三股町介護予防支援等の事業の基準及び地域包括支援センターの包括的支援事業の実施に係る基準を定める条例（結果公開中【意見：0】） - 三股町公式ホームページ 本文へスキップします。 総合トップ 三股町観光ホームページ 施設の予約状況確認 三股町立文化会館 三股町立図書館 みまた～ん.com 情報交流センター ～あつまい～ 特設サイト 総合トップ 三股町観光ホームページ 施設の予約状況確認 三股町立文化会館 三股町立図書館 みまた～ん.com 情報交流センター ～あつまい～ 文字サイズ 中 大 Translation くらし・手続き 子育て・教育 健康・福祉 文化・スポーツ しごと・産業 イベント情報 ホーム 町政情報 パブリックコメント 2014年度（平成26年度） 三股町介護予防支援等の事業の基準及び地域包括支
25	三股町	第２期三股町子ども・子育て支援事業計画 第２期三股町次世代育成支援行動計画（後期計画）【素案】に係るパブリックコメント（意見等募集）について（結果公開中【意見等提出：１人】）	https://www.town.mimata.lg.jp/contents/745.html	第２期三股町子ども・子育て支援事業計画 第２期三股町次世代育成支援行動計画（後期計画）【素案】に係るパブリックコメント（意見等募集）について（結果公開中【意見等提出：１人】） - 三股町公式ホームページ 本文へスキップします。 総合トップ 三股町観光ホームページ 施設の予約状況確認 三股町立文化会館 三股町立図書館 みまた～ん.com 情報交流センター ～あつまい～ 特設サイト 総合トップ 三股町観光ホームページ 施設の予約状況確認 三股町立文化会館 三股町立図書館 みまた～ん.com 情報交流センター ～あつまい～ 文字サイズ 中 大 Translation くらし・手続き 子育て・教育 健康・福祉 文化・スポーツ しごと・産業 イベント情報 ホーム 町政情報 パブリックコメント 2019年度（令和元年度）
25	三股町	子育てのための施設等利用給付認定の申請について	https://www.town.mimata.lg.jp/contents/770.html	子育てのための施設等利用給付認定の申請について - 三股町公式ホームページ 本文へスキップします。 総合トップ 三股町観光ホームページ 施設の予約状況確認 三股町立文化会館 三股町立図書館 みまた～ん.com 情報交流センター ～あつまい～ 特設サイト 総合トップ 三股町観光ホームページ 施設の予約状況確認 三股町立文化会館 三股町立図書館 みまた～ん.com 情報交流センター ～あつまい～ 文字サイズ 中 大 Translation くらし・手続き 子育て・教育 健康・福祉 文化・スポーツ しごと・産業 イベント情報 ホーム 子育て・教育 子育て 幼稚園・保育園 子育てのための施設等利用給付認定の申請について 子育てのための施設等利用給付認定の申請について 更新日：2021/12/27 令和4年度 幼児教育・
25	三股町	「第２期三股町子ども・子育て支援事業計画	https://www.town.mimata.lg.jp/contents/888.html	「第２期三股町子ども・子育て支援事業計画 ／ 第２期三股町次世代育成支援行動計画（後期計画）」について - 三股町公式ホームページ 本文へスキップします。 総合トップ 三股町観光ホームページ 施設の予約状況確認 三股町立文化会館 三股町立図書館 みまた～ん.com 情報交流センター ～あつまい～ 特設サイト 総合トップ 三股町観光ホームページ 施設の予約状況確認 三股町立文化会館 三股町立図書館 みまた～ん.com 情報交流センター ～あつまい～ 文字サイズ 中 大 Translation くらし・手続き 子育て・教育 健康・福祉 文化・スポーツ しごと・産業 イベント情報 ホーム 町政情報 各種計画 福祉・医療 「第２期三股町子ども・子育て支援事業計画 ／ 第２期三股町次世代育成支援行動計画（後期計画）」につ
25	三股町	中山間地域等直接支払制度について	https://www.town.mimata.lg.jp/contents/974.html	中山間地域等直接支払制度について - 三股町公式ホームページ 本文へスキップします。 総合トップ 三股町観光ホームページ 施設の予約状況確認 三股町立文化会館 三股町立図書館 みまた～ん.com 情報交流センター ～あつまい～ 特設サイト 総合トップ 三股町観光ホームページ 施設の予約状況確認 三股町立文化会館 三股町立図書館 みまた～ん.com 情報交流センター ～あつまい～ 文字サイズ 中 大 Translation くらし・手続き 子育て・教育 健康・福祉 文化・スポーツ しごと・産業 イベント情報 ホーム しごと・産業 農林業 農業 中山間地域等直接支払制度について 中山間地域等直接支払制度について 更新日：2025/8/29 事業の概要 中山間地域等直接支払制度とは、農業の生産条件が不利な中山間地域等
25	三股町	【重要】三股町過疎地域定住促進奨励金事業の内容を一部変更します。	https://www.town.mimata.lg.jp/contents/1353.html	【重要】三股町過疎地域定住促進奨励金事業の内容を一部変更します。 - 三股町公式ホームページ 本文へスキップします。 総合トップ 三股町観光ホームページ 施設の予約状況確認 三股町立文化会館 三股町立図書館 みまた～ん.com 情報交流センター ～あつまい～ 特設サイト 総合トップ 三股町観光ホームページ 施設の予約状況確認 三股町立文化会館 三股町立図書館 みまた～ん.com 情報交流センター ～あつまい～ 文字サイズ 中 大 Translation くらし・手続き 子育て・教育 健康・福祉 文化・スポーツ しごと・産業 イベント情報 ホーム くらし・手続き 引越し・住まい 住まい 過疎地域定住支援 【重要】三股町過疎地域定住促進奨励金事業の内容を一部変更します。 【重要】三股町過疎地域定住促進奨励金事業の内
24	三股町	公共下水道について	https://www.town.mimata.lg.jp/contents/97.html	公共下水道について - 三股町公式ホームページ 本文へスキップします。 総合トップ 三股町観光ホームページ 施設の予約状況確認 三股町立文化会館 三股町立図書館 みまた～ん.com 情報交流センター ～あつまい～ 特設サイト 総合トップ 三股町観光ホームページ 施設の予約状況確認 三股町立文化会館 三股町立図書館 みまた～ん.com 情報交流センター ～あつまい～ 文字サイズ 中 大 Translation くらし・手続き 子育て・教育 健康・福祉 文化・スポーツ しごと・産業 イベント情報 ホーム くらし・手続き 水道・下水道 下水道 公共下水道について 公共下水道について 更新日：2025/12/1 三股町は、河川・水路等の公共用水域の水質保全と快適な生活環境を作り出すために公共下水道事業を町の重点施策の一
24	三股町	納付が難しいとき（免除・納付猶予について）	https://www.town.mimata.lg.jp/contents/166.html	納付が難しいとき（免除・納付猶予について） - 三股町公式ホームページ 本文へスキップします。 総合トップ 三股町観光ホームページ 施設の予約状況確認 三股町立文化会館 三股町立図書館 みまた～ん.com 情報交流センター ～あつまい～ 特設サイト 総合トップ 三股町観光ホームページ 施設の予約状況確認 三股町立文化会館 三股町立図書館 みまた～ん.com 情報交流センター ～あつまい～ 文字サイズ 中 大 Translation くらし・手続き 子育て・教育 健康・福祉 文化・スポーツ しごと・産業 イベント情報 ホーム くらし・手続き 保険・年金 国民年金 納付が難しいとき（免除・納付猶予について） 納付が難しいとき（免除・納付猶予について） 更新日：2022/7/1 保険料を納められないとき 経済的な理由
24	三股町	平成３０年度 国民健康保険税について	https://www.town.mimata.lg.jp/contents/169.html	平成３０年度 国民健康保険税について - 三股町公式ホームページ 本文へスキップします。 総合トップ 三股町観光ホームページ 施設の予約状況確認 三股町立文化会館 三股町立図書館 みまた～ん.com 情報交流センター ～あつまい～ 特設サイト 総合トップ 三股町観光ホームページ 施設の予約状況確認 三股町立文化会館 三股町立図書館 みまた～ん.com 情報交流センター ～あつまい～ 文字サイズ 中 大 Translation くらし・手続き 子育て・教育 健康・福祉 文化・スポーツ しごと・産業 イベント情報 ホーム くらし・手続き 税 国民健康保険税 平成３０年度 国民健康保険税について 平成３０年度 国民健康保険税について 更新日：2019/9/2 国民健康保険税は、病気や怪我で通院や入院をしたときにかかる
24	三股町	国民健康保険税の主な軽減制度について	https://www.town.mimata.lg.jp/contents/171.html	国民健康保険税の主な軽減制度について - 三股町公式ホームページ 本文へスキップします。 総合トップ 三股町観光ホームページ 施設の予約状況確認 三股町立文化会館 三股町立図書館 みまた～ん.com 情報交流センター ～あつまい～ 特設サイト 総合トップ 三股町観光ホームページ 施設の予約状況確認 三股町立文化会館 三股町立図書館 みまた～ん.com 情報交流センター ～あつまい～ 文字サイズ 中 大 Translation くらし・手続き 子育て・教育 健康・福祉 文化・スポーツ しごと・産業 イベント情報 ホーム くらし・手続き 税 国民健康保険税 国民健康保険税の主な軽減制度について 国民健康保険税の主な軽減制度について 更新日：2026/4/2 国民健康保険税の軽減制度は、以下のとおりです。 １．低所得
24	三股町	平成３１年度 国民健康保険税について	https://www.town.mimata.lg.jp/contents/565.html	平成３１年度 国民健康保険税について - 三股町公式ホームページ 本文へスキップします。 総合トップ 三股町観光ホームページ 施設の予約状況確認 三股町立文化会館 三股町立図書館 みまた～ん.com 情報交流センター ～あつまい～ 特設サイト 総合トップ 三股町観光ホームページ 施設の予約状況確認 三股町立文化会館 三股町立図書館 みまた～ん.com 情報交流センター ～あつまい～ 文字サイズ 中 大 Translation くらし・手続き 子育て・教育 健康・福祉 文化・スポーツ しごと・産業 イベント情報 ホーム くらし・手続き 税 国民健康保険税 平成３１年度 国民健康保険税について 平成３１年度 国民健康保険税について 更新日：2019/9/2 国民健康保険税は、病気や怪我で通院や入院をしたときにかかる
24	三股町	緊急事態宣言解除後の町長メッセージ③	https://www.town.mimata.lg.jp/contents/892.html	緊急事態宣言解除後の町長メッセージ③ - 三股町公式ホームページ 本文へスキップします。 総合トップ 三股町観光ホームページ 施設の予約状況確認 三股町立文化会館 三股町立図書館 みまた～ん.com 情報交流センター ～あつまい～ 特設サイト 総合トップ 三股町観光ホームページ 施設の予約状況確認 三股町立文化会館 三股町立図書館 みまた～ん.com 情報交流センター ～あつまい～ 文字サイズ 中 大 Translation くらし・手続き 子育て・教育 健康・福祉 文化・スポーツ しごと・産業 イベント情報 ホーム くらし・手続き 新型コロナウイルス感染症に関する情報 町長メッセージ 緊急事態宣言解除後の町長メッセージ③ 緊急事態宣言解除後の町長メッセージ③ 更新日：2020/5/19 町民の皆様におかれまし
24	三股町	＼＼完売しました	https://www.town.mimata.lg.jp/contents/914.html	＼＼完売しました／／「小サギス」宅地分譲 - 三股町公式ホームページ 本文へスキップします。 総合トップ 三股町観光ホームページ 施設の予約状況確認 三股町立文化会館 三股町立図書館 みまた～ん.com 情報交流センター ～あつまい～ 特設サイト 総合トップ 三股町観光ホームページ 施設の予約状況確認 三股町立文化会館 三股町立図書館 みまた～ん.com 情報交流センター ～あつまい～ 文字サイズ 中 大 Translation くらし・手続き 子育て・教育 健康・福祉 文化・スポーツ しごと・産業 イベント情報 ホーム くらし・手続き 引越し・住まい 住まい 土地開発 ＼＼完売しました／／「小サギス」宅地分譲 ＼＼完売しました／／「小サギス」宅地分譲 更新日：2021/3/11 三股町土地開発公社では、過疎対
24	三股町	謹賀新年	https://www.town.mimata.lg.jp/contents/1063.html	謹賀新年 - 三股町公式ホームページ 本文へスキップします。 総合トップ 三股町観光ホームページ 施設の予約状況確認 三股町立文化会館 三股町立図書館 みまた～ん.com 情報交流センター ～あつまい～ 特設サイト 総合トップ 三股町観光ホームページ 施設の予約状況確認 三股町立文化会館 三股町立図書館 みまた～ん.com 情報交流センター ～あつまい～ 文字サイズ 中 大 Translation くらし・手続き 子育て・教育 健康・福祉 文化・スポーツ しごと・産業 イベント情報 ホーム 町政情報 町長の部屋 町長より 2021年町長より 謹賀新年 謹賀新年 更新日：2021/1/1 新年、あけましておめでとうございます。 町民の皆さまにおかれましては、コロナ禍の中ではありますが、令和三年の新春を健やかにお迎
24	三股町	令和３年度 国民健康保険税について	https://www.town.mimata.lg.jp/contents/1237.html	令和３年度 国民健康保険税について - 三股町公式ホームページ 本文へスキップします。 総合トップ 三股町観光ホームページ 施設の予約状況確認 三股町立文化会館 三股町立図書館 みまた～ん.com 情報交流センター ～あつまい～ 特設サイト 総合トップ 三股町観光ホームページ 施設の予約状況確認 三股町立文化会館 三股町立図書館 みまた～ん.com 情報交流センター ～あつまい～ 文字サイズ 中 大 Translation くらし・手続き 子育て・教育 健康・福祉 文化・スポーツ しごと・産業 イベント情報 ホーム くらし・手続き 税 国民健康保険税 令和３年度 国民健康保険税について 令和３年度 国民健康保険税について 更新日：2021/7/13 国民健康保険税は、病気や怪我で通院や入院をしたときにかかる医療
24	三股町	令和５年度 国民健康保険税について	https://www.town.mimata.lg.jp/contents/1479.html	令和５年度 国民健康保険税について - 三股町公式ホームページ 本文へスキップします。 総合トップ 三股町観光ホームページ 施設の予約状況確認 三股町立文化会館 三股町立図書館 みまた～ん.com 情報交流センター ～あつまい～ 特設サイト 総合トップ 三股町観光ホームページ 施設の予約状況確認 三股町立文化会館 三股町立図書館 みまた～ん.com 情報交流センター ～あつまい～ 文字サイズ 中 大 Translation くらし・手続き 子育て・教育 健康・福祉 文化・スポーツ しごと・産業 イベント情報 ホーム くらし・手続き 税 国民健康保険税 令和５年度 国民健康保険税について 令和５年度 国民健康保険税について 更新日：2023/8/14 国民健康保険税は、病気や怪我で通院や入院をしたときにかかる医療
22	三股町	平成24年度以降の主な税制改正についてお知らせします。	https://www.town.mimata.lg.jp/contents/147.html	平成24年度以降の主な税制改正についてお知らせします。 - 三股町公式ホームページ 本文へスキップします。 総合トップ 三股町観光ホームページ 施設の予約状況確認 三股町立文化会館 三股町立図書館 みまた～ん.com 情報交流センター ～あつまい～ 特設サイト 総合トップ 三股町観光ホームページ 施設の予約状況確認 三股町立文化会館 三股町立図書館 みまた～ん.com 情報交流センター ～あつまい～ 文字サイズ 中 大 Translation くらし・手続き 子育て・教育 健康・福祉 文化・スポーツ しごと・産業 イベント情報 ホーム くらし・手続き 税 所得税・住民税 平成24年度以降の主な税制改正についてお知らせします。 平成24年度以降の主な税制改正についてお知らせします。 更新日：2019/9/2 １．
22	三股町	平成26年度 個人住民税均等割の税制改正について	https://www.town.mimata.lg.jp/contents/148.html	平成26年度 個人住民税均等割の税制改正について - 三股町公式ホームページ 本文へスキップします。 総合トップ 三股町観光ホームページ 施設の予約状況確認 三股町立文化会館 三股町立図書館 みまた～ん.com 情報交流センター ～あつまい～ 特設サイト 総合トップ 三股町観光ホームページ 施設の予約状況確認 三股町立文化会館 三股町立図書館 みまた～ん.com 情報交流センター ～あつまい～ 文字サイズ 中 大 Translation くらし・手続き 子育て・教育 健康・福祉 文化・スポーツ しごと・産業 イベント情報 ホーム くらし・手続き 税 所得税・住民税 平成26年度 個人住民税均等割の税制改正について 平成26年度 個人住民税均等割の税制改正について 更新日：2019/9/2 東日本大震災からの復興
22	三股町	平成29年度以降の税制改正について	https://www.town.mimata.lg.jp/contents/149.html	平成29年度以降の税制改正について - 三股町公式ホームページ 本文へスキップします。 総合トップ 三股町観光ホームページ 施設の予約状況確認 三股町立文化会館 三股町立図書館 みまた～ん.com 情報交流センター ～あつまい～ 特設サイト 総合トップ 三股町観光ホームページ 施設の予約状況確認 三股町立文化会館 三股町立図書館 みまた～ん.com 情報交流センター ～あつまい～ 文字サイズ 中 大 Translation くらし・手続き 子育て・教育 健康・福祉 文化・スポーツ しごと・産業 イベント情報 ホーム くらし・手続き 税 所得税・住民税 平成29年度以降の税制改正について 平成29年度以降の税制改正について 更新日：2019/9/2 地方税法の一部改正により、三股町税条例の一部を改正しましたので、
22	三股町	軽自動車税	https://www.town.mimata.lg.jp/contents/160.html	軽自動車税 - 三股町公式ホームページ 本文へスキップします。 総合トップ 三股町観光ホームページ 施設の予約状況確認 三股町立文化会館 三股町立図書館 みまた～ん.com 情報交流センター ～あつまい～ 特設サイト 総合トップ 三股町観光ホームページ 施設の予約状況確認 三股町立文化会館 三股町立図書館 みまた～ん.com 情報交流センター ～あつまい～ 文字サイズ 中 大 Translation くらし・手続き 子育て・教育 健康・福祉 文化・スポーツ しごと・産業 イベント情報 ホーム くらし・手続き 税 軽自動車税 軽自動車税 軽自動車税 更新日：2025/7/31 令和元年10月1日から自動車取得税（県税）が廃止され、自動車の燃費性能等に応じ、「軽自動車税（環境性能割）」（町税）が創設されました。これ
22	三股町	町制施行70周年記念オリジナルナンバープレートの交付について	https://www.town.mimata.lg.jp/contents/162.html	町制施行70周年記念オリジナルナンバープレートの交付について - 三股町公式ホームページ 本文へスキップします。 総合トップ 三股町観光ホームページ 施設の予約状況確認 三股町立文化会館 三股町立図書館 みまた～ん.com 情報交流センター ～あつまい～ 特設サイト 総合トップ 三股町観光ホームページ 施設の予約状況確認 三股町立文化会館 三股町立図書館 みまた～ん.com 情報交流センター ～あつまい～ 文字サイズ 中 大 Translation くらし・手続き 子育て・教育 健康・福祉 文化・スポーツ しごと・産業 イベント情報 ホーム くらし・手続き 税 軽自動車税 町制施行70周年記念オリジナルナンバープレートの交付について 町制施行70周年記念オリジナルナンバープレートの交付について 更新日：2019
22	三股町	町人間ドックについて	https://www.town.mimata.lg.jp/contents/520.html	町人間ドックについて - 三股町公式ホームページ 本文へスキップします。 総合トップ 三股町観光ホームページ 施設の予約状況確認 三股町立文化会館 三股町立図書館 みまた～ん.com 情報交流センター ～あつまい～ 特設サイト 総合トップ 三股町観光ホームページ 施設の予約状況確認 三股町立文化会館 三股町立図書館 みまた～ん.com 情報交流センター ～あつまい～ 文字サイズ 中 大 Translation くらし・手続き 子育て・教育 健康・福祉 文化・スポーツ しごと・産業 イベント情報 ホーム 健康・福祉 健康・医療 健診・検診 町人間ドックについて 町人間ドックについて 更新日：2026/6/17 令和8年度の町人間ドックの申込みは 定員に達したので締め切ります 。 １．対象者 ・三股町に住所のある、
22	三股町	平成31年度以降の税制改正について	https://www.town.mimata.lg.jp/contents/648.html	平成31年度以降の税制改正について - 三股町公式ホームページ 本文へスキップします。 総合トップ 三股町観光ホームページ 施設の予約状況確認 三股町立文化会館 三股町立図書館 みまた～ん.com 情報交流センター ～あつまい～ 特設サイト 総合トップ 三股町観光ホームページ 施設の予約状況確認 三股町立文化会館 三股町立図書館 みまた～ん.com 情報交流センター ～あつまい～ 文字サイズ 中 大 Translation くらし・手続き 子育て・教育 健康・福祉 文化・スポーツ しごと・産業 イベント情報 ホーム くらし・手続き 税 所得税・住民税 平成31年度以降の税制改正について 平成31年度以降の税制改正について 更新日：2019/9/2 １．配偶者控除および配偶者特別控除が改正されます。 ２．改正内容
22	三股町	令和8年度（令和7年分）給与支払報告書の提出について	https://www.town.mimata.lg.jp/contents/737.html	令和8年度（令和7年分）給与支払報告書の提出について - 三股町公式ホームページ 本文へスキップします。 総合トップ 三股町観光ホームページ 施設の予約状況確認 三股町立文化会館 三股町立図書館 みまた～ん.com 情報交流センター ～あつまい～ 特設サイト 総合トップ 三股町観光ホームページ 施設の予約状況確認 三股町立文化会館 三股町立図書館 みまた～ん.com 情報交流センター ～あつまい～ 文字サイズ 中 大 Translation くらし・手続き 子育て・教育 健康・福祉 文化・スポーツ しごと・産業 イベント情報 ホーム くらし・手続き 税 所得税・住民税 令和8年度（令和7年分）給与支払報告書の提出について 令和8年度（令和7年分）給与支払報告書の提出について 更新日：2025/11/20 令和８
22	三股町	宮崎県最低賃金の改定について	https://www.town.mimata.lg.jp/contents/990.html	宮崎県最低賃金の改定について - 三股町公式ホームページ 本文へスキップします。 総合トップ 三股町観光ホームページ 施設の予約状況確認 三股町立文化会館 三股町立図書館 みまた～ん.com 情報交流センター ～あつまい～ 特設サイト 総合トップ 三股町観光ホームページ 施設の予約状況確認 三股町立文化会館 三股町立図書館 みまた～ん.com 情報交流センター ～あつまい～ 文字サイズ 中 大 Translation くらし・手続き 子育て・教育 健康・福祉 文化・スポーツ しごと・産業 イベント情報 ホーム しごと・産業 労働 宮崎県最低賃金の改定について 宮崎県最低賃金の改定について 更新日：2024/10/4 宮崎県最低賃金は、令和6年10月5日（土曜日）から 「時間額９５２円」 に改定されました。 ※最
22	三股町	令和8年度 町県民税等申告受付について	https://www.town.mimata.lg.jp/contents/1097.html	令和8年度 町県民税等申告受付について - 三股町公式ホームページ 本文へスキップします。 総合トップ 三股町観光ホームページ 施設の予約状況確認 三股町立文化会館 三股町立図書館 みまた～ん.com 情報交流センター ～あつまい～ 特設サイト 総合トップ 三股町観光ホームページ 施設の予約状況確認 三股町立文化会館 三股町立図書館 みまた～ん.com 情報交流センター ～あつまい～ 文字サイズ 中 大 Translation くらし・手続き 子育て・教育 健康・福祉 文化・スポーツ しごと・産業 イベント情報 ホーム くらし・手続き 税 所得税・住民税 令和8年度 町県民税等申告受付について 令和8年度 町県民税等申告受付について 更新日：2025/12/26 令和8年度(令和7年分)の町県民税の申告受付が始
22	三股町	セーフティーネット保証４号の指定期間延長（新型コロナウイルス感染症関連）	https://www.town.mimata.lg.jp/contents/1215.html	セーフティーネット保証４号の指定期間延長（新型コロナウイルス感染症関連） - 三股町公式ホームページ 本文へスキップします。 総合トップ 三股町観光ホームページ 施設の予約状況確認 三股町立文化会館 三股町立図書館 みまた～ん.com 情報交流センター ～あつまい～ 特設サイト 総合トップ 三股町観光ホームページ 施設の予約状況確認 三股町立文化会館 三股町立図書館 みまた～ん.com 情報交流センター ～あつまい～ 文字サイズ 中 大 Translation くらし・手続き 子育て・教育 健康・福祉 文化・スポーツ しごと・産業 イベント情報 ホーム くらし・手続き 新型コロナウイルス感染症に関する情報 貸付金関係 セーフティーネット保証４号の指定期間延長（新型コロナウイルス感染症関連） セーフティーネット保
22	三股町	要介護認定を受けている人などの障害者(特別障害者)控除対象認定について	https://www.town.mimata.lg.jp/contents/1320.html	要介護認定を受けている人などの障害者(特別障害者)控除対象認定について - 三股町公式ホームページ 本文へスキップします。 総合トップ 三股町観光ホームページ 施設の予約状況確認 三股町立文化会館 三股町立図書館 みまた～ん.com 情報交流センター ～あつまい～ 特設サイト 総合トップ 三股町観光ホームページ 施設の予約状況確認 三股町立文化会館 三股町立図書館 みまた～ん.com 情報交流センター ～あつまい～ 文字サイズ 中 大 Translation くらし・手続き 子育て・教育 健康・福祉 文化・スポーツ しごと・産業 イベント情報 ホーム 健康・福祉 高齢者支援 高齢者福祉 要介護認定を受けている人などの障害者(特別障害者)控除対象認定について 要介護認定を受けている人などの障害者(特別障害者)控除
22	三股町	要介護認定を受けている方の医療費控除に係るおむつ使用証明書の発行について	https://www.town.mimata.lg.jp/contents/1321.html	要介護認定を受けている方の医療費控除に係るおむつ使用証明書の発行について - 三股町公式ホームページ 本文へスキップします。 総合トップ 三股町観光ホームページ 施設の予約状況確認 三股町立文化会館 三股町立図書館 みまた～ん.com 情報交流センター ～あつまい～ 特設サイト 総合トップ 三股町観光ホームページ 施設の予約状況確認 三股町立文化会館 三股町立図書館 みまた～ん.com 情報交流センター ～あつまい～ 文字サイズ 中 大 Translation くらし・手続き 子育て・教育 健康・福祉 文化・スポーツ しごと・産業 イベント情報 ホーム 健康・福祉 高齢者支援 高齢者福祉 要介護認定を受けている方の医療費控除に係るおむつ使用証明書の発行について 要介護認定を受けている方の医療費控除に係るおむつ使
22	三股町	従業者の勤務体制及び勤務形態一覧表について	https://www.town.mimata.lg.jp/contents/1475.html	従業者の勤務体制及び勤務形態一覧表について - 三股町公式ホームページ 本文へスキップします。 総合トップ 三股町観光ホームページ 施設の予約状況確認 三股町立文化会館 三股町立図書館 みまた～ん.com 情報交流センター ～あつまい～ 特設サイト 総合トップ 三股町観光ホームページ 施設の予約状況確認 三股町立文化会館 三股町立図書館 みまた～ん.com 情報交流センター ～あつまい～ 文字サイズ 中 大 Translation くらし・手続き 子育て・教育 健康・福祉 文化・スポーツ しごと・産業 イベント情報 ホーム 健康・福祉 高齢者支援 介護保険 従業者の勤務体制及び勤務形態一覧表について 従業者の勤務体制及び勤務形態一覧表について 更新日：2022/6/23 従業者の勤務体制及び勤務形態一覧表につい
22	三股町	マイナンバーカードが健康保険証として利用できます	https://www.town.mimata.lg.jp/contents/1586.html	マイナンバーカードが健康保険証として利用できます - 三股町公式ホームページ 本文へスキップします。 総合トップ 三股町観光ホームページ 施設の予約状況確認 三股町立文化会館 三股町立図書館 みまた～ん.com 情報交流センター ～あつまい～ 特設サイト 総合トップ 三股町観光ホームページ 施設の予約状況確認 三股町立文化会館 三股町立図書館 みまた～ん.com 情報交流センター ～あつまい～ 文字サイズ 中 大 Translation くらし・手続き 子育て・教育 健康・福祉 文化・スポーツ しごと・産業 イベント情報 ホーム くらし・手続き マイナンバーカード等 マイナンバーカード マイナンバーカードが健康保険証として利用できます マイナンバーカードが健康保険証として利用できます 更新日：2021/10/2
22	三股町	軽OSS・軽JNKSについて	https://www.town.mimata.lg.jp/contents/1614.html	軽OSS・軽JNKSについて - 三股町公式ホームページ 本文へスキップします。 総合トップ 三股町観光ホームページ 施設の予約状況確認 三股町立文化会館 三股町立図書館 みまた～ん.com 情報交流センター ～あつまい～ 特設サイト 総合トップ 三股町観光ホームページ 施設の予約状況確認 三股町立文化会館 三股町立図書館 みまた～ん.com 情報交流センター ～あつまい～ 文字サイズ 中 大 Translation くらし・手続き 子育て・教育 健康・福祉 文化・スポーツ しごと・産業 イベント情報 ホーム くらし・手続き 税 軽自動車税 軽OSS・軽JNKSについて 軽OSS・軽JNKSについて 更新日：2023/1/24 軽OSS（軽自動車ワンストップサービス） 令和５年１月から軽自動車OSS（ワンストッ
21	三股町	令和８年４月からの保育園などの入園受付について	https://www.town.mimata.lg.jp/contents/34.html	令和８年４月からの保育園などの入園受付について - 三股町公式ホームページ 本文へスキップします。 総合トップ 三股町観光ホームページ 施設の予約状況確認 三股町立文化会館 三股町立図書館 みまた～ん.com 情報交流センター ～あつまい～ 特設サイト 総合トップ 三股町観光ホームページ 施設の予約状況確認 三股町立文化会館 三股町立図書館 みまた～ん.com 情報交流センター ～あつまい～ 文字サイズ 中 大 Translation くらし・手続き 子育て・教育 健康・福祉 文化・スポーツ しごと・産業 イベント情報 ホーム 子育て・教育 子育て 幼稚園・保育園 令和８年４月からの保育園などの入園受付について 令和８年４月からの保育園などの入園受付について 更新日：2025/10/17 令和８年４月からの 保
21	三股町	ずっと住みたいまちづくり協働推進事業_公園等環境整備協働事業	https://www.town.mimata.lg.jp/contents/594.html	ずっと住みたいまちづくり協働推進事業_公園等環境整備協働事業 - 三股町公式ホームページ 本文へスキップします。 総合トップ 三股町観光ホームページ 施設の予約状況確認 三股町立文化会館 三股町立図書館 みまた～ん.com 情報交流センター ～あつまい～ 特設サイト 総合トップ 三股町観光ホームページ 施設の予約状況確認 三股町立文化会館 三股町立図書館 みまた～ん.com 情報交流センター ～あつまい～ 文字サイズ 中 大 Translation くらし・手続き 子育て・教育 健康・福祉 文化・スポーツ しごと・産業 イベント情報 ホーム くらし・手続き 道路・公園 ずっと住みたいまちづくり協働推進事業_公園等環境整備協働事業 ずっと住みたいまちづくり協働推進事業_公園等環境整備協働事業 更新日：2019/9
21	三股町	ずっと住みたいまちづくり協働推進事業_道路等環境整備事業	https://www.town.mimata.lg.jp/contents/601.html	ずっと住みたいまちづくり協働推進事業_道路等環境整備事業 - 三股町公式ホームページ 本文へスキップします。 総合トップ 三股町観光ホームページ 施設の予約状況確認 三股町立文化会館 三股町立図書館 みまた～ん.com 情報交流センター ～あつまい～ 特設サイト 総合トップ 三股町観光ホームページ 施設の予約状況確認 三股町立文化会館 三股町立図書館 みまた～ん.com 情報交流センター ～あつまい～ 文字サイズ 中 大 Translation くらし・手続き 子育て・教育 健康・福祉 文化・スポーツ しごと・産業 イベント情報 ホーム くらし・手続き 道路・公園 ずっと住みたいまちづくり協働推進事業_道路等環境整備事業 ずっと住みたいまちづくり協働推進事業_道路等環境整備事業 更新日：2019/9/2 安全か
21	三股町	地方創生交付金事業の実績及び検証結果について	https://www.town.mimata.lg.jp/contents/751.html	地方創生交付金事業の実績及び検証結果について - 三股町公式ホームページ 本文へスキップします。 総合トップ 三股町観光ホームページ 施設の予約状況確認 三股町立文化会館 三股町立図書館 みまた～ん.com 情報交流センター ～あつまい～ 特設サイト 総合トップ 三股町観光ホームページ 施設の予約状況確認 三股町立文化会館 三股町立図書館 みまた～ん.com 情報交流センター ～あつまい～ 文字サイズ 中 大 Translation くらし・手続き 子育て・教育 健康・福祉 文化・スポーツ しごと・産業 イベント情報 ホーム 町政情報 まち・ひと・しごと創生総合戦略 地方創生交付金事業の実績及び検証結果について 地方創生交付金事業の実績及び検証結果について 更新日：2019/12/17 国が地方版総合戦略の推進
20	三股町	町税の所得及び課税、納税に関する証明について	https://www.town.mimata.lg.jp/contents/157.html	町税の所得及び課税、納税に関する証明について - 三股町公式ホームページ 本文へスキップします。 総合トップ 三股町観光ホームページ 施設の予約状況確認 三股町立文化会館 三股町立図書館 みまた～ん.com 情報交流センター ～あつまい～ 特設サイト 総合トップ 三股町観光ホームページ 施設の予約状況確認 三股町立文化会館 三股町立図書館 みまた～ん.com 情報交流センター ～あつまい～ 文字サイズ 中 大 Translation くらし・手続き 子育て・教育 健康・福祉 文化・スポーツ しごと・産業 イベント情報 ホーム くらし・手続き 税 税証明 町税の所得及び課税、納税に関する証明について 町税の所得及び課税、納税に関する証明について 更新日：2019/9/2 証明の種類 ・所得証明（個人用・世帯用・児
20	三股町	国民年金 学生納付特例制度について	https://www.town.mimata.lg.jp/contents/165.html	国民年金 学生納付特例制度について - 三股町公式ホームページ 本文へスキップします。 総合トップ 三股町観光ホームページ 施設の予約状況確認 三股町立文化会館 三股町立図書館 みまた～ん.com 情報交流センター ～あつまい～ 特設サイト 総合トップ 三股町観光ホームページ 施設の予約状況確認 三股町立文化会館 三股町立図書館 みまた～ん.com 情報交流センター ～あつまい～ 文字サイズ 中 大 Translation くらし・手続き 子育て・教育 健康・福祉 文化・スポーツ しごと・産業 イベント情報 ホーム くらし・手続き 保険・年金 国民年金 国民年金 学生納付特例制度について 国民年金 学生納付特例制度について 更新日：2021/4/1 ２０歳になったら学生でも国民年金 ２０歳以上の学生も国民年金に
20	三股町	三股町通学路交通安全プログラム	https://www.town.mimata.lg.jp/contents/204.html	三股町通学路交通安全プログラム - 三股町公式ホームページ 本文へスキップします。 総合トップ 三股町観光ホームページ 施設の予約状況確認 三股町立文化会館 三股町立図書館 みまた～ん.com 情報交流センター ～あつまい～ 特設サイト 総合トップ 三股町観光ホームページ 施設の予約状況確認 三股町立文化会館 三股町立図書館 みまた～ん.com 情報交流センター ～あつまい～ 文字サイズ 中 大 Translation くらし・手続き 子育て・教育 健康・福祉 文化・スポーツ しごと・産業 イベント情報 ホーム 子育て・教育 教育 小学校・中学校 三股町通学路交通安全プログラム 三股町通学路交通安全プログラム 更新日：2024/6/1 三股町通学路交通安全プログラム ～通学路の安全確保に関する取組の方針～ 平成
20	三股町	謹賀新年	https://www.town.mimata.lg.jp/contents/370.html	謹賀新年 - 三股町公式ホームページ 本文へスキップします。 総合トップ 三股町観光ホームページ 施設の予約状況確認 三股町立文化会館 三股町立図書館 みまた～ん.com 情報交流センター ～あつまい～ 特設サイト 総合トップ 三股町観光ホームページ 施設の予約状況確認 三股町立文化会館 三股町立図書館 みまた～ん.com 情報交流センター ～あつまい～ 文字サイズ 中 大 Translation くらし・手続き 子育て・教育 健康・福祉 文化・スポーツ しごと・産業 イベント情報 ホーム 町政情報 町長の部屋 町長より 2013年町長より 謹賀新年 謹賀新年 更新日：2019/9/2 旧年中は、大変お世話になりました。 町民の皆さまには平成25年の新春を健やかに迎えられたことと心よりお慶び申し上げます。 昨年
20	三股町	乳幼児健診・教室・相談について	https://www.town.mimata.lg.jp/contents/437.html	乳幼児健診・教室・相談について - 三股町公式ホームページ 本文へスキップします。 総合トップ 三股町観光ホームページ 施設の予約状況確認 三股町立文化会館 三股町立図書館 みまた～ん.com 情報交流センター ～あつまい～ 特設サイト 総合トップ 三股町観光ホームページ 施設の予約状況確認 三股町立文化会館 三股町立図書館 みまた～ん.com 情報交流センター ～あつまい～ 文字サイズ 中 大 Translation くらし・手続き 子育て・教育 健康・福祉 文化・スポーツ しごと・産業 イベント情報 ホーム 町政情報 イベント 子育て 乳幼児健診・教室・相談について 乳幼児健診・教室・相談について 更新日：2026/4/7 町で実施する健診・教室について 町では、お子さんの成長に合わせ、健診や教室を実施して
20	三股町	謹賀新年	https://www.town.mimata.lg.jp/contents/504.html	謹賀新年 - 三股町公式ホームページ 本文へスキップします。 総合トップ 三股町観光ホームページ 施設の予約状況確認 三股町立文化会館 三股町立図書館 みまた～ん.com 情報交流センター ～あつまい～ 特設サイト 総合トップ 三股町観光ホームページ 施設の予約状況確認 三股町立文化会館 三股町立図書館 みまた～ん.com 情報交流センター ～あつまい～ 文字サイズ 中 大 Translation くらし・手続き 子育て・教育 健康・福祉 文化・スポーツ しごと・産業 イベント情報 ホーム 町政情報 町長の部屋 町長より 2019年町長より 謹賀新年 謹賀新年 更新日：2019/1/1 新年、明けましておめでとうございます。町民の皆様には、平成最後の年である、平成31年の新春を、健やかに、お迎えのこととお慶び申
20	三股町	産前産後期間の免除制度について	https://www.town.mimata.lg.jp/contents/598.html	産前産後期間の免除制度について - 三股町公式ホームページ 本文へスキップします。 総合トップ 三股町観光ホームページ 施設の予約状況確認 三股町立文化会館 三股町立図書館 みまた～ん.com 情報交流センター ～あつまい～ 特設サイト 総合トップ 三股町観光ホームページ 施設の予約状況確認 三股町立文化会館 三股町立図書館 みまた～ん.com 情報交流センター ～あつまい～ 文字サイズ 中 大 Translation くらし・手続き 子育て・教育 健康・福祉 文化・スポーツ しごと・産業 イベント情報 ホーム くらし・手続き 保険・年金 国民年金 産前産後期間の免除制度について 産前産後期間の免除制度について 更新日：2019/9/2 平成31年4月から国民年金保険料の産前産後期間の免除制度が始まりました。次
20	三股町	謹賀新年	https://www.town.mimata.lg.jp/contents/757.html	謹賀新年 - 三股町公式ホームページ 本文へスキップします。 総合トップ 三股町観光ホームページ 施設の予約状況確認 三股町立文化会館 三股町立図書館 みまた～ん.com 情報交流センター ～あつまい～ 特設サイト 総合トップ 三股町観光ホームページ 施設の予約状況確認 三股町立文化会館 三股町立図書館 みまた～ん.com 情報交流センター ～あつまい～ 文字サイズ 中 大 Translation くらし・手続き 子育て・教育 健康・福祉 文化・スポーツ しごと・産業 イベント情報 ホーム 町政情報 町長の部屋 町長より 2020年町長より 謹賀新年 謹賀新年 更新日：2020/1/1 新年、明けましておめでとうございます。 町民の皆さまには、令和２年の新春を、健やかに、お迎えのこととお慶び申し上げます。旧年中
20	三股町	国民年金について	https://www.town.mimata.lg.jp/contents/1100.html	国民年金について - 三股町公式ホームページ 本文へスキップします。 総合トップ 三股町観光ホームページ 施設の予約状況確認 三股町立文化会館 三股町立図書館 みまた～ん.com 情報交流センター ～あつまい～ 特設サイト 総合トップ 三股町観光ホームページ 施設の予約状況確認 三股町立文化会館 三股町立図書館 みまた～ん.com 情報交流センター ～あつまい～ 文字サイズ 中 大 Translation くらし・手続き 子育て・教育 健康・福祉 文化・スポーツ しごと・産業 イベント情報 ホーム くらし・手続き 保険・年金 国民年金 国民年金について 国民年金について 更新日：2020/12/25 国民年金に加入する人 日本国内に住所のある20歳以上60歳未満の人は、必ず国民年金に加入します。加入者のことを「
20	三股町	住民票などがコンビニ等で発行できます	https://www.town.mimata.lg.jp/contents/1349.html	住民票などがコンビニ等で発行できます - 三股町公式ホームページ 本文へスキップします。 総合トップ 三股町観光ホームページ 施設の予約状況確認 三股町立文化会館 三股町立図書館 みまた～ん.com 情報交流センター ～あつまい～ 特設サイト 総合トップ 三股町観光ホームページ 施設の予約状況確認 三股町立文化会館 三股町立図書館 みまた～ん.com 情報交流センター ～あつまい～ 文字サイズ 中 大 Translation くらし・手続き 子育て・教育 健康・福祉 文化・スポーツ しごと・産業 イベント情報 ホーム くらし・手続き マイナンバーカード等 マイナンバーカード 住民票などがコンビニ等で発行できます 住民票などがコンビニ等で発行できます 更新日：2022/1/19 １．コンビニ交付について 三股町で
20	三股町	国民年金の加入手続・保険料免除申請等の電子申請について	https://www.town.mimata.lg.jp/contents/1472.html	国民年金の加入手続・保険料免除申請等の電子申請について - 三股町公式ホームページ 本文へスキップします。 総合トップ 三股町観光ホームページ 施設の予約状況確認 三股町立文化会館 三股町立図書館 みまた～ん.com 情報交流センター ～あつまい～ 特設サイト 総合トップ 三股町観光ホームページ 施設の予約状況確認 三股町立文化会館 三股町立図書館 みまた～ん.com 情報交流センター ～あつまい～ 文字サイズ 中 大 Translation くらし・手続き 子育て・教育 健康・福祉 文化・スポーツ しごと・産業 イベント情報 ホーム くらし・手続き 保険・年金 国民年金 国民年金の加入手続・保険料免除申請等の電子申請について 国民年金の加入手続・保険料免除申請等の電子申請について 更新日：2022/6/22
19	三股町	母子健康手帳について	https://www.town.mimata.lg.jp/contents/13.html	母子健康手帳について - 三股町公式ホームページ 本文へスキップします。 総合トップ 三股町観光ホームページ 施設の予約状況確認 三股町立文化会館 三股町立図書館 みまた～ん.com 情報交流センター ～あつまい～ 特設サイト 総合トップ 三股町観光ホームページ 施設の予約状況確認 三股町立文化会館 三股町立図書館 みまた～ん.com 情報交流センター ～あつまい～ 文字サイズ 中 大 Translation くらし・手続き 子育て・教育 健康・福祉 文化・スポーツ しごと・産業 イベント情報 ホーム 子育て・教育 妊娠・出産 妊娠 母子健康手帳について 母子健康手帳について 更新日：2026/4/1 母子健康手帳は、妊娠の経過、出産状況、お子さんの発育・発達、予防接種などを記録する大切な手帳です。 妊婦健診の
19	三股町	特定子ども・子育て支援施設等の確認の公示について	https://www.town.mimata.lg.jp/contents/714.html	特定子ども・子育て支援施設等の確認の公示について - 三股町公式ホームページ 本文へスキップします。 総合トップ 三股町観光ホームページ 施設の予約状況確認 三股町立文化会館 三股町立図書館 みまた～ん.com 情報交流センター ～あつまい～ 特設サイト 総合トップ 三股町観光ホームページ 施設の予約状況確認 三股町立文化会館 三股町立図書館 みまた～ん.com 情報交流センター ～あつまい～ 文字サイズ 中 大 Translation くらし・手続き 子育て・教育 健康・福祉 文化・スポーツ しごと・産業 イベント情報 ホーム 子育て・教育 子育て 幼稚園・保育園 特定子ども・子育て支援施設等の確認の公示について 特定子ども・子育て支援施設等の確認の公示について 更新日：2026/1/15 特定子ども・子育て
19	三股町	地方消費税交付金の用途の公表について	https://www.town.mimata.lg.jp/contents/916.html	地方消費税交付金の用途の公表について - 三股町公式ホームページ 本文へスキップします。 総合トップ 三股町観光ホームページ 施設の予約状況確認 三股町立文化会館 三股町立図書館 みまた～ん.com 情報交流センター ～あつまい～ 特設サイト 総合トップ 三股町観光ホームページ 施設の予約状況確認 三股町立文化会館 三股町立図書館 みまた～ん.com 情報交流センター ～あつまい～ 文字サイズ 中 大 Translation くらし・手続き 子育て・教育 健康・福祉 文化・スポーツ しごと・産業 イベント情報 ホーム 町政情報 財政 地方消費税交付金の用途の公表について 地方消費税交付金の用途の公表について 更新日：2020/4/1 地方消費税交付金の用途の公表について 平成26年4月より消費税率が5％から8％
18	三股町	がん検診・肝炎ウイルス検診のお知らせ	https://www.town.mimata.lg.jp/contents/15.html	がん検診・肝炎ウイルス検診のお知らせ - 三股町公式ホームページ 本文へスキップします。 総合トップ 三股町観光ホームページ 施設の予約状況確認 三股町立文化会館 三股町立図書館 みまた～ん.com 情報交流センター ～あつまい～ 特設サイト 総合トップ 三股町観光ホームページ 施設の予約状況確認 三股町立文化会館 三股町立図書館 みまた～ん.com 情報交流センター ～あつまい～ 文字サイズ 中 大 Translation くらし・手続き 子育て・教育 健康・福祉 文化・スポーツ しごと・産業 イベント情報 ホーム 健康・福祉 健康・医療 健診・検診 がん検診・肝炎ウイルス検診のお知らせ がん検診・肝炎ウイルス検診のお知らせ 更新日：2026/5/25 がん検診について 私たちのおよそ2人に1人が、一生のうち
18	三股町	町税・料金などはコンビニでも納付できます！	https://www.town.mimata.lg.jp/contents/142.html	町税・料金などはコンビニでも納付できます！ - 三股町公式ホームページ 本文へスキップします。 総合トップ 三股町観光ホームページ 施設の予約状況確認 三股町立文化会館 三股町立図書館 みまた～ん.com 情報交流センター ～あつまい～ 特設サイト 総合トップ 三股町観光ホームページ 施設の予約状況確認 三股町立文化会館 三股町立図書館 みまた～ん.com 情報交流センター ～あつまい～ 文字サイズ 中 大 Translation くらし・手続き 子育て・教育 健康・福祉 文化・スポーツ しごと・産業 イベント情報 ホーム くらし・手続き 税 納税 町税・料金などはコンビニでも納付できます！ 町税・料金などはコンビニでも納付できます！ 更新日：2019/9/2 ※このページでは、コンビニエンスストアをコンビニと
18	三股町	農地の売買事業について	https://www.town.mimata.lg.jp/contents/307.html	農地の売買事業について - 三股町公式ホームページ 本文へスキップします。 総合トップ 三股町観光ホームページ 施設の予約状況確認 三股町立文化会館 三股町立図書館 みまた～ん.com 情報交流センター ～あつまい～ 特設サイト 総合トップ 三股町観光ホームページ 施設の予約状況確認 三股町立文化会館 三股町立図書館 みまた～ん.com 情報交流センター ～あつまい～ 文字サイズ 中 大 Translation くらし・手続き 子育て・教育 健康・福祉 文化・スポーツ しごと・産業 イベント情報 ホーム しごと・産業 農林業 農業委員会 農地の売買事業について 農地の売買事業について 更新日：2019/9/2 農地の売買（※相手方が決まっていて、売買金額が双方合意している場合のみ）で一定の要件にあたる方は是非、
18	三股町	新春から立春へ	https://www.town.mimata.lg.jp/contents/343.html	新春から立春へ - 三股町公式ホームページ 本文へスキップします。 総合トップ 三股町観光ホームページ 施設の予約状況確認 三股町立文化会館 三股町立図書館 みまた～ん.com 情報交流センター ～あつまい～ 特設サイト 総合トップ 三股町観光ホームページ 施設の予約状況確認 三股町立文化会館 三股町立図書館 みまた～ん.com 情報交流センター ～あつまい～ 文字サイズ 中 大 Translation くらし・手続き 子育て・教育 健康・福祉 文化・スポーツ しごと・産業 イベント情報 ホーム 町政情報 町長の部屋 町長より 2017年町長より 新春から立春へ 新春から立春へ 更新日：2019/9/2 行事や催し事の多い正月が過ぎ、瞬く間に立春が訪れました。月日が経つ早さを実感しながら、過ごしてきた日々を振り
18	三股町	町長2期目のスタートにあたって(所信表明)	https://www.town.mimata.lg.jp/contents/360.html	町長2期目のスタートにあたって(所信表明) - 三股町公式ホームページ 本文へスキップします。 総合トップ 三股町観光ホームページ 施設の予約状況確認 三股町立文化会館 三股町立図書館 みまた～ん.com 情報交流センター ～あつまい～ 特設サイト 総合トップ 三股町観光ホームページ 施設の予約状況確認 三股町立文化会館 三股町立図書館 みまた～ん.com 情報交流センター ～あつまい～ 文字サイズ 中 大 Translation くらし・手続き 子育て・教育 健康・福祉 文化・スポーツ しごと・産業 イベント情報 ホーム 町政情報 町長の部屋 町長より 2014年町長より 町長2期目のスタートにあたって(所信表明) 町長2期目のスタートにあたって(所信表明) 更新日：2019/9/2 町長2期目の就任に当たり
18	三股町	謹賀新年	https://www.town.mimata.lg.jp/contents/391.html	謹賀新年 - 三股町公式ホームページ 本文へスキップします。 総合トップ 三股町観光ホームページ 施設の予約状況確認 三股町立文化会館 三股町立図書館 みまた～ん.com 情報交流センター ～あつまい～ 特設サイト 総合トップ 三股町観光ホームページ 施設の予約状況確認 三股町立文化会館 三股町立図書館 みまた～ん.com 情報交流センター ～あつまい～ 文字サイズ 中 大 Translation くらし・手続き 子育て・教育 健康・福祉 文化・スポーツ しごと・産業 イベント情報 ホーム 町政情報 町長の部屋 町長より 2011年町長より 謹賀新年 謹賀新年 更新日：2019/9/2 新年、明けましておめでとうございます。 町民の皆様におかれましては、平成23 年の新春を健やかにお迎えられたことと心よりお慶び
18	三股町	申請書_住民税及びその他税関係等	https://www.town.mimata.lg.jp/contents/431.html	申請書_住民税及びその他税関係等 - 三股町公式ホームページ 本文へスキップします。 総合トップ 三股町観光ホームページ 施設の予約状況確認 三股町立文化会館 三股町立図書館 みまた～ん.com 情報交流センター ～あつまい～ 特設サイト 総合トップ 三股町観光ホームページ 施設の予約状況確認 三股町立文化会館 三股町立図書館 みまた～ん.com 情報交流センター ～あつまい～ 文字サイズ 中 大 Translation くらし・手続き 子育て・教育 健康・福祉 文化・スポーツ しごと・産業 イベント情報 ホーム 申請書様式・電子申請 申請書_税関係 申請書_住民税及びその他税関係等 申請書_住民税及びその他税関係等 更新日：2020/7/1 個人住民税（特別徴収） 法人住民税 軽自動車税 給与支払い報告書 【
18	三股町	三股町高齢者保健福祉計画・第6期介護保険事業計画（素案）（結果公開中【意見：0】）	https://www.town.mimata.lg.jp/contents/656.html	三股町高齢者保健福祉計画・第6期介護保険事業計画（素案）（結果公開中【意見：0】） - 三股町公式ホームページ 本文へスキップします。 総合トップ 三股町観光ホームページ 施設の予約状況確認 三股町立文化会館 三股町立図書館 みまた～ん.com 情報交流センター ～あつまい～ 特設サイト 総合トップ 三股町観光ホームページ 施設の予約状況確認 三股町立文化会館 三股町立図書館 みまた～ん.com 情報交流センター ～あつまい～ 文字サイズ 中 大 Translation くらし・手続き 子育て・教育 健康・福祉 文化・スポーツ しごと・産業 イベント情報 ホーム 町政情報 パブリックコメント 2014年度（平成26年度） 三股町高齢者保健福祉計画・第6期介護保険事業計画（素案）（結果公開中【意見：0】） 三股町
18	三股町	令和元年度介護報酬改定等のお知らせ	https://www.town.mimata.lg.jp/contents/707.html	令和元年度介護報酬改定等のお知らせ - 三股町公式ホームページ 本文へスキップします。 総合トップ 三股町観光ホームページ 施設の予約状況確認 三股町立文化会館 三股町立図書館 みまた～ん.com 情報交流センター ～あつまい～ 特設サイト 総合トップ 三股町観光ホームページ 施設の予約状況確認 三股町立文化会館 三股町立図書館 みまた～ん.com 情報交流センター ～あつまい～ 文字サイズ 中 大 Translation くらし・手続き 子育て・教育 健康・福祉 文化・スポーツ しごと・産業 イベント情報 ホーム 健康・福祉 高齢者支援 地域包括支援 令和元年度介護報酬改定等のお知らせ 令和元年度介護報酬改定等のお知らせ 更新日：2019/9/11 令和元年度介護報酬改定等のお知らせ 令和元年10月1日から消
18	三股町	都城・三股区域のまん延防止等重点措置の指定を受けて(町長メッセージ⑰)	https://www.town.mimata.lg.jp/contents/1373.html	都城・三股区域のまん延防止等重点措置の指定を受けて(町長メッセージ⑰) - 三股町公式ホームページ 本文へスキップします。 総合トップ 三股町観光ホームページ 施設の予約状況確認 三股町立文化会館 三股町立図書館 みまた～ん.com 情報交流センター ～あつまい～ 特設サイト 総合トップ 三股町観光ホームページ 施設の予約状況確認 三股町立文化会館 三股町立図書館 みまた～ん.com 情報交流センター ～あつまい～ 文字サイズ 中 大 Translation くらし・手続き 子育て・教育 健康・福祉 文化・スポーツ しごと・産業 イベント情報 ホーム 町政情報 町長の部屋 町長より 2022年町長より 都城・三股区域のまん延防止等重点措置の指定を受けて(町長メッセージ⑰) 都城・三股区域のまん延防止等重点措置の
18	三股町	【後期高齢者医療】窓口負担割合が「２割」の方の配慮措置の終了のお知らせ	https://www.town.mimata.lg.jp/contents/1539.html	【後期高齢者医療】窓口負担割合が「２割」の方の配慮措置の終了のお知らせ - 三股町公式ホームページ 本文へスキップします。 総合トップ 三股町観光ホームページ 施設の予約状況確認 三股町立文化会館 三股町立図書館 みまた～ん.com 情報交流センター ～あつまい～ 特設サイト 総合トップ 三股町観光ホームページ 施設の予約状況確認 三股町立文化会館 三股町立図書館 みまた～ん.com 情報交流センター ～あつまい～ 文字サイズ 中 大 Translation くらし・手続き 子育て・教育 健康・福祉 文化・スポーツ しごと・産業 イベント情報 ホーム くらし・手続き 保険・年金 後期高齢者医療保険 【後期高齢者医療】窓口負担割合が「２割」の方の配慮措置の終了のお知らせ 【後期高齢者医療】窓口負担割合が「２割」の
18	三股町	寒波の影響による町コミュニティバス「くいまーる」の運行対応について	https://www.town.mimata.lg.jp/contents/1629.html	寒波の影響による町コミュニティバス「くいまーる」の運行対応について - 三股町公式ホームページ 本文へスキップします。 総合トップ 三股町観光ホームページ 施設の予約状況確認 三股町立文化会館 三股町立図書館 みまた～ん.com 情報交流センター ～あつまい～ 特設サイト 総合トップ 三股町観光ホームページ 施設の予約状況確認 三股町立文化会館 三股町立図書館 みまた～ん.com 情報交流センター ～あつまい～ 文字サイズ 中 大 Translation くらし・手続き 子育て・教育 健康・福祉 文化・スポーツ しごと・産業 イベント情報 ホーム くらし・手続き 交通 コミュニティバス（くいまーる） 寒波の影響による町コミュニティバス「くいまーる」の運行対応について 寒波の影響による町コミュニティバス「くいまー
17	三股町	ドクターヘリの離着陸場所について	https://www.town.mimata.lg.jp/contents/18.html	ドクターヘリの離着陸場所について - 三股町公式ホームページ 本文へスキップします。 総合トップ 三股町観光ホームページ 施設の予約状況確認 三股町立文化会館 三股町立図書館 みまた～ん.com 情報交流センター ～あつまい～ 特設サイト 総合トップ 三股町観光ホームページ 施設の予約状況確認 三股町立文化会館 三股町立図書館 みまた～ん.com 情報交流センター ～あつまい～ 文字サイズ 中 大 Translation くらし・手続き 子育て・教育 健康・福祉 文化・スポーツ しごと・産業 イベント情報 ホーム 健康・福祉 健康・医療 医療 ドクターヘリの離着陸場所について ドクターヘリの離着陸場所について 更新日：2019/9/2 ドクターヘリの離着陸場所について 平成24年4月から運航される「ドクターヘリ
17	三股町	介護予防・日常生活支援総合事業	https://www.town.mimata.lg.jp/contents/76.html	介護予防・日常生活支援総合事業 - 三股町公式ホームページ 本文へスキップします。 総合トップ 三股町観光ホームページ 施設の予約状況確認 三股町立文化会館 三股町立図書館 みまた～ん.com 情報交流センター ～あつまい～ 特設サイト 総合トップ 三股町観光ホームページ 施設の予約状況確認 三股町立文化会館 三股町立図書館 みまた～ん.com 情報交流センター ～あつまい～ 文字サイズ 中 大 Translation くらし・手続き 子育て・教育 健康・福祉 文化・スポーツ しごと・産業 イベント情報 ホーム 健康・福祉 高齢者支援 地域包括支援 介護予防・日常生活支援総合事業 介護予防・日常生活支援総合事業 更新日：2023/2/14 介護予防・日常生活支援総合事業（総合事業）は、地域の実情に応じた多様なサ
17	三股町	後期高齢者医療制度について	https://www.town.mimata.lg.jp/contents/176.html	後期高齢者医療制度について - 三股町公式ホームページ 本文へスキップします。 総合トップ 三股町観光ホームページ 施設の予約状況確認 三股町立文化会館 三股町立図書館 みまた～ん.com 情報交流センター ～あつまい～ 特設サイト 総合トップ 三股町観光ホームページ 施設の予約状況確認 三股町立文化会館 三股町立図書館 みまた～ん.com 情報交流センター ～あつまい～ 文字サイズ 中 大 Translation くらし・手続き 子育て・教育 健康・福祉 文化・スポーツ しごと・産業 イベント情報 ホーム くらし・手続き 保険・年金 後期高齢者医療保険 後期高齢者医療制度について 後期高齢者医療制度について 更新日：2025/11/7 後期高齢者医療制度について 高齢者の医療費が増大する中、現役世代と高齢者世
17	三股町	町長所信表明	https://www.town.mimata.lg.jp/contents/390.html	町長所信表明 - 三股町公式ホームページ 本文へスキップします。 総合トップ 三股町観光ホームページ 施設の予約状況確認 三股町立文化会館 三股町立図書館 みまた～ん.com 情報交流センター ～あつまい～ 特設サイト 総合トップ 三股町観光ホームページ 施設の予約状況確認 三股町立文化会館 三股町立図書館 みまた～ん.com 情報交流センター ～あつまい～ 文字サイズ 中 大 Translation くらし・手続き 子育て・教育 健康・福祉 文化・スポーツ しごと・産業 イベント情報 ホーム 町政情報 町長の部屋 町長より 2011年町長より 町長所信表明 町長所信表明 更新日：2019/9/2 私は、この度、町民の皆様方の信託を賜り、当選の栄に浴し、身に余る光栄に存じます。と同時に、多くの先人たちが築いてこ
17	三股町	農業用ため池マップを公表します	https://www.town.mimata.lg.jp/contents/915.html	農業用ため池マップを公表します - 三股町公式ホームページ 本文へスキップします。 総合トップ 三股町観光ホームページ 施設の予約状況確認 三股町立文化会館 三股町立図書館 みまた～ん.com 情報交流センター ～あつまい～ 特設サイト 総合トップ 三股町観光ホームページ 施設の予約状況確認 三股町立文化会館 三股町立図書館 みまた～ん.com 情報交流センター ～あつまい～ 文字サイズ 中 大 Translation くらし・手続き 子育て・教育 健康・福祉 文化・スポーツ しごと・産業 イベント情報 ホーム しごと・産業 農林業 農業 農業用ため池マップを公表します 農業用ため池マップを公表します 更新日：2020/7/1 農業用ため池マップが公表されました 緊急時の迅速な避難活動につなげる対策のひとつとし
17	三股町	農業の有する多面的機能の発揮の促進について	https://www.town.mimata.lg.jp/contents/973.html	農業の有する多面的機能の発揮の促進について - 三股町公式ホームページ 本文へスキップします。 総合トップ 三股町観光ホームページ 施設の予約状況確認 三股町立文化会館 三股町立図書館 みまた～ん.com 情報交流センター ～あつまい～ 特設サイト 総合トップ 三股町観光ホームページ 施設の予約状況確認 三股町立文化会館 三股町立図書館 みまた～ん.com 情報交流センター ～あつまい～ 文字サイズ 中 大 Translation くらし・手続き 子育て・教育 健康・福祉 文化・スポーツ しごと・産業 イベント情報 ホーム しごと・産業 農林業 農業 農業の有する多面的機能の発揮の促進について 農業の有する多面的機能の発揮の促進について 更新日：2020/8/28 農業の有する多面的機能とは 農業の有する多面的
17	三股町	農業振興地域整備計画の変更（農振除外等）について	https://www.town.mimata.lg.jp/contents/1636.html	農業振興地域整備計画の変更（農振除外等）について - 三股町公式ホームページ 本文へスキップします。 総合トップ 三股町観光ホームページ 施設の予約状況確認 三股町立文化会館 三股町立図書館 みまた～ん.com 情報交流センター ～あつまい～ 特設サイト 総合トップ 三股町観光ホームページ 施設の予約状況確認 三股町立文化会館 三股町立図書館 みまた～ん.com 情報交流センター ～あつまい～ 文字サイズ 中 大 Translation くらし・手続き 子育て・教育 健康・福祉 文化・スポーツ しごと・産業 イベント情報 ホーム しごと・産業 農林業 農業 農業振興地域整備計画の変更（農振除外等）について 農業振興地域整備計画の変更（農振除外等）について 更新日：2025/4/11 農業振興地域整備計画の変更（
16	三股町	新生児・妊産婦訪問指導事業について	https://www.town.mimata.lg.jp/contents/11.html	新生児・妊産婦訪問指導事業について - 三股町公式ホームページ 本文へスキップします。 総合トップ 三股町観光ホームページ 施設の予約状況確認 三股町立文化会館 三股町立図書館 みまた～ん.com 情報交流センター ～あつまい～ 特設サイト 総合トップ 三股町観光ホームページ 施設の予約状況確認 三股町立文化会館 三股町立図書館 みまた～ん.com 情報交流センター ～あつまい～ 文字サイズ 中 大 Translation くらし・手続き 子育て・教育 健康・福祉 文化・スポーツ しごと・産業 イベント情報 ホーム 子育て・教育 妊娠・出産 出産 新生児・妊産婦訪問指導事業について 新生児・妊産婦訪問指導事業について 更新日：2026/4/7 三股町では、すべての赤ちゃんを対象に新生児訪問を行っています。 助産
16	三股町	新型コロナウイルス感染症拡大防止に伴うごみを出す時のお願い	https://www.town.mimata.lg.jp/contents/101.html	新型コロナウイルス感染症拡大防止に伴うごみを出す時のお願い - 三股町公式ホームページ 本文へスキップします。 総合トップ 三股町観光ホームページ 施設の予約状況確認 三股町立文化会館 三股町立図書館 みまた～ん.com 情報交流センター ～あつまい～ 特設サイト 総合トップ 三股町観光ホームページ 施設の予約状況確認 三股町立文化会館 三股町立図書館 みまた～ん.com 情報交流センター ～あつまい～ 文字サイズ 中 大 Translation くらし・手続き 子育て・教育 健康・福祉 文化・スポーツ しごと・産業 イベント情報 ホーム くらし・手続き 新型コロナウイルス感染症に関する情報 ゴミの処理 新型コロナウイルス感染症拡大防止に伴うごみを出す時のお願い 新型コロナウイルス感染症拡大防止に伴うごみを出す
16	三股町	改葬許可について	https://www.town.mimata.lg.jp/contents/114.html	改葬許可について - 三股町公式ホームページ 本文へスキップします。 総合トップ 三股町観光ホームページ 施設の予約状況確認 三股町立文化会館 三股町立図書館 みまた～ん.com 情報交流センター ～あつまい～ 特設サイト 総合トップ 三股町観光ホームページ 施設の予約状況確認 三股町立文化会館 三股町立図書館 みまた～ん.com 情報交流センター ～あつまい～ 文字サイズ 中 大 Translation くらし・手続き 子育て・教育 健康・福祉 文化・スポーツ しごと・産業 イベント情報 ホーム くらし・手続き おくやみ 改葬許可について 改葬許可について 更新日：2019/9/2 埋蔵または収蔵されている遺骨を、他の墳墓または納骨堂に移すことを「改葬」といいます。改葬を行うには、現在、埋蔵または収蔵されてい
16	三股町	郵便請求による税証明書の申請方法について	https://www.town.mimata.lg.jp/contents/143.html	郵便請求による税証明書の申請方法について - 三股町公式ホームページ 本文へスキップします。 総合トップ 三股町観光ホームページ 施設の予約状況確認 三股町立文化会館 三股町立図書館 みまた～ん.com 情報交流センター ～あつまい～ 特設サイト 総合トップ 三股町観光ホームページ 施設の予約状況確認 三股町立文化会館 三股町立図書館 みまた～ん.com 情報交流センター ～あつまい～ 文字サイズ 中 大 Translation くらし・手続き 子育て・教育 健康・福祉 文化・スポーツ しごと・産業 イベント情報 ホーム くらし・手続き 税 税証明 郵便請求による税証明書の申請方法について 郵便請求による税証明書の申請方法について 更新日：2019/9/2 郵便請求による税証明書の申請については、次のものを封筒
16	三股町	法人町民税の各種様式を更新しました。	https://www.town.mimata.lg.jp/contents/146.html	法人町民税の各種様式を更新しました。 - 三股町公式ホームページ 本文へスキップします。 総合トップ 三股町観光ホームページ 施設の予約状況確認 三股町立文化会館 三股町立図書館 みまた～ん.com 情報交流センター ～あつまい～ 特設サイト 総合トップ 三股町観光ホームページ 施設の予約状況確認 三股町立文化会館 三股町立図書館 みまた～ん.com 情報交流センター ～あつまい～ 文字サイズ 中 大 Translation くらし・手続き 子育て・教育 健康・福祉 文化・スポーツ しごと・産業 イベント情報 ホーム くらし・手続き 税 法人住民税 法人町民税の各種様式を更新しました。 法人町民税の各種様式を更新しました。 更新日：2019/9/2 法人町民税について 法人町民税には、法人税割と均等割があります
16	三股町	固定資産税に関する証明について	https://www.town.mimata.lg.jp/contents/161.html	固定資産税に関する証明について - 三股町公式ホームページ 本文へスキップします。 総合トップ 三股町観光ホームページ 施設の予約状況確認 三股町立文化会館 三股町立図書館 みまた～ん.com 情報交流センター ～あつまい～ 特設サイト 総合トップ 三股町観光ホームページ 施設の予約状況確認 三股町立文化会館 三股町立図書館 みまた～ん.com 情報交流センター ～あつまい～ 文字サイズ 中 大 Translation くらし・手続き 子育て・教育 健康・福祉 文化・スポーツ しごと・産業 イベント情報 ホーム くらし・手続き 税 固定資産税 固定資産税に関する証明について 固定資産税に関する証明について 更新日：2026/4/1 固定資産税に関する証明について 証明の種類 ・土地家屋名寄帳（固定資産税台帳）
16	三股町	国保の加入・脱退などについて	https://www.town.mimata.lg.jp/contents/173.html	国保の加入・脱退などについて - 三股町公式ホームページ 本文へスキップします。 総合トップ 三股町観光ホームページ 施設の予約状況確認 三股町立文化会館 三股町立図書館 みまた～ん.com 情報交流センター ～あつまい～ 特設サイト 総合トップ 三股町観光ホームページ 施設の予約状況確認 三股町立文化会館 三股町立図書館 みまた～ん.com 情報交流センター ～あつまい～ 文字サイズ 中 大 Translation くらし・手続き 子育て・教育 健康・福祉 文化・スポーツ しごと・産業 イベント情報 ホーム くらし・手続き おくやみ 国保の加入・脱退などについて 国保の加入・脱退などについて 更新日：2025/4/1 はじめに ここで言う世帯主とは、原則&rdquo; 住民票上の世帯主 &rdquo;です。
16	三股町	住民票証明の郵便請求	https://www.town.mimata.lg.jp/contents/180.html	住民票証明の郵便請求 - 三股町公式ホームページ 本文へスキップします。 総合トップ 三股町観光ホームページ 施設の予約状況確認 三股町立文化会館 三股町立図書館 みまた～ん.com 情報交流センター ～あつまい～ 特設サイト 総合トップ 三股町観光ホームページ 施設の予約状況確認 三股町立文化会館 三股町立図書館 みまた～ん.com 情報交流センター ～あつまい～ 文字サイズ 中 大 Translation くらし・手続き 子育て・教育 健康・福祉 文化・スポーツ しごと・産業 イベント情報 ホーム くらし・手続き 戸籍・住民票・印鑑登録等 住民票 住民票証明の郵便請求 住民票証明の郵便請求 更新日：2019/9/2 住民票の証明を郵便で請求するには 郵便で請求するには次のものを同封し、送付してください。 １
16	三股町	戸籍証明の郵便請求	https://www.town.mimata.lg.jp/contents/183.html	戸籍証明の郵便請求 - 三股町公式ホームページ 本文へスキップします。 総合トップ 三股町観光ホームページ 施設の予約状況確認 三股町立文化会館 三股町立図書館 みまた～ん.com 情報交流センター ～あつまい～ 特設サイト 総合トップ 三股町観光ホームページ 施設の予約状況確認 三股町立文化会館 三股町立図書館 みまた～ん.com 情報交流センター ～あつまい～ 文字サイズ 中 大 Translation くらし・手続き 子育て・教育 健康・福祉 文化・スポーツ しごと・産業 イベント情報 ホーム くらし・手続き 戸籍・住民票・印鑑登録等 戸籍証明 戸籍証明の郵便請求 戸籍証明の郵便請求 更新日：2019/9/2 戸籍の証明を郵便で請求するには 郵便で請求するには次のものを同封し、送付してください。 １．請求
16	三股町	郵便による転出証明書の請求について	https://www.town.mimata.lg.jp/contents/193.html	郵便による転出証明書の請求について - 三股町公式ホームページ 本文へスキップします。 総合トップ 三股町観光ホームページ 施設の予約状況確認 三股町立文化会館 三股町立図書館 みまた～ん.com 情報交流センター ～あつまい～ 特設サイト 総合トップ 三股町観光ホームページ 施設の予約状況確認 三股町立文化会館 三股町立図書館 みまた～ん.com 情報交流センター ～あつまい～ 文字サイズ 中 大 Translation くらし・手続き 子育て・教育 健康・福祉 文化・スポーツ しごと・産業 イベント情報 ホーム くらし・手続き 引越し・住まい 引越し 郵便による転出証明書の請求について 郵便による転出証明書の請求について 更新日：2019/9/2 「転出証明書」を郵便で請求するには 郵便で転出証明書を請求す
16	三股町	農地の賃借料について	https://www.town.mimata.lg.jp/contents/291.html	農地の賃借料について - 三股町公式ホームページ 本文へスキップします。 総合トップ 三股町観光ホームページ 施設の予約状況確認 三股町立文化会館 三股町立図書館 みまた～ん.com 情報交流センター ～あつまい～ 特設サイト 総合トップ 三股町観光ホームページ 施設の予約状況確認 三股町立文化会館 三股町立図書館 みまた～ん.com 情報交流センター ～あつまい～ 文字サイズ 中 大 Translation くらし・手続き 子育て・教育 健康・福祉 文化・スポーツ しごと・産業 イベント情報 ホーム しごと・産業 農林業 農業委員会 農地の賃借料について 農地の賃借料について 更新日：2026/6/1 平成２１年１２月１５日に農地法が改正され、従来の標準小作料制度が改正になりました。今後は、改正農地法第５２条
16	三股町	広告掲載のご案内	https://www.town.mimata.lg.jp/contents/333.html	広告掲載のご案内 - 三股町公式ホームページ 本文へスキップします。 総合トップ 三股町観光ホームページ 施設の予約状況確認 三股町立文化会館 三股町立図書館 みまた～ん.com 情報交流センター ～あつまい～ 特設サイト 総合トップ 三股町観光ホームページ 施設の予約状況確認 三股町立文化会館 三股町立図書館 みまた～ん.com 情報交流センター ～あつまい～ 文字サイズ 中 大 Translation くらし・手続き 子育て・教育 健康・福祉 文化・スポーツ しごと・産業 イベント情報 ホーム 広告掲載のご案内 広告掲載のご案内 更新日：2024/4/25 三股町ではホームページへの広告掲載を募集しています。 １．広告掲載等を行う広告媒体の種類 三股町ホームページ ２．広告の規格、掲載位置、掲載期間等 規格
16	三股町	謹賀新年	https://www.town.mimata.lg.jp/contents/336.html	謹賀新年 - 三股町公式ホームページ 本文へスキップします。 総合トップ 三股町観光ホームページ 施設の予約状況確認 三股町立文化会館 三股町立図書館 みまた～ん.com 情報交流センター ～あつまい～ 特設サイト 総合トップ 三股町観光ホームページ 施設の予約状況確認 三股町立文化会館 三股町立図書館 みまた～ん.com 情報交流センター ～あつまい～ 文字サイズ 中 大 Translation くらし・手続き 子育て・教育 健康・福祉 文化・スポーツ しごと・産業 イベント情報 ホーム 町政情報 町長の部屋 町長より 2018年町長より 謹賀新年 謹賀新年 更新日：2019/9/2 新年、明けましておめでとうございます。町民の皆さまには、平成30年の新春を、健やかに、お迎えのこととお慶び申し上げます。旧年中
16	三股町	謹賀新年	https://www.town.mimata.lg.jp/contents/358.html	謹賀新年 - 三股町公式ホームページ 本文へスキップします。 総合トップ 三股町観光ホームページ 施設の予約状況確認 三股町立文化会館 三股町立図書館 みまた～ん.com 情報交流センター ～あつまい～ 特設サイト 総合トップ 三股町観光ホームページ 施設の予約状況確認 三股町立文化会館 三股町立図書館 みまた～ん.com 情報交流センター ～あつまい～ 文字サイズ 中 大 Translation くらし・手続き 子育て・教育 健康・福祉 文化・スポーツ しごと・産業 イベント情報 ホーム 町政情報 町長の部屋 町長より 2015年町長より 謹賀新年 謹賀新年 更新日：2019/9/2 明けまして おめでとうございます。町民の皆さまには、平成27年の新春を健やかにお迎えのこととお喜び申し上げます。 年末は、衆議
16	三股町	早春から春爛漫へ	https://www.town.mimata.lg.jp/contents/362.html	早春から春爛漫へ - 三股町公式ホームページ 本文へスキップします。 総合トップ 三股町観光ホームページ 施設の予約状況確認 三股町立文化会館 三股町立図書館 みまた～ん.com 情報交流センター ～あつまい～ 特設サイト 総合トップ 三股町観光ホームページ 施設の予約状況確認 三股町立文化会館 三股町立図書館 みまた～ん.com 情報交流センター ～あつまい～ 文字サイズ 中 大 Translation くらし・手続き 子育て・教育 健康・福祉 文化・スポーツ しごと・産業 イベント情報 ホーム 町政情報 町長の部屋 町長より 2014年町長より 早春から春爛漫へ 早春から春爛漫へ 更新日：2019/9/2 桜が葉桜となり、シャクナゲは満開、そしてツツジが満開を迎える三股町の「春まつり」がシーズン中盤となりま
16	三股町	年の初めに	https://www.town.mimata.lg.jp/contents/369.html	年の初めに - 三股町公式ホームページ 本文へスキップします。 総合トップ 三股町観光ホームページ 施設の予約状況確認 三股町立文化会館 三股町立図書館 みまた～ん.com 情報交流センター ～あつまい～ 特設サイト 総合トップ 三股町観光ホームページ 施設の予約状況確認 三股町立文化会館 三股町立図書館 みまた～ん.com 情報交流センター ～あつまい～ 文字サイズ 中 大 Translation くらし・手続き 子育て・教育 健康・福祉 文化・スポーツ しごと・産業 イベント情報 ホーム 町政情報 町長の部屋 町長より 2013年町長より 年の初めに 年の初めに 更新日：2019/9/2 今年も、県市町村対抗駅伝競走大会の「町村の部」での優勝が、本町アスリートの幕開けとなりました。見事3連覇達成です。2連覇
16	三股町	秋本番と集落座談会を終えて	https://www.town.mimata.lg.jp/contents/383.html	秋本番と集落座談会を終えて - 三股町公式ホームページ 本文へスキップします。 総合トップ 三股町観光ホームページ 施設の予約状況確認 三股町立文化会館 三股町立図書館 みまた～ん.com 情報交流センター ～あつまい～ 特設サイト 総合トップ 三股町観光ホームページ 施設の予約状況確認 三股町立文化会館 三股町立図書館 みまた～ん.com 情報交流センター ～あつまい～ 文字サイズ 中 大 Translation くらし・手続き 子育て・教育 健康・福祉 文化・スポーツ しごと・産業 イベント情報 ホーム 町政情報 町長の部屋 町長より 2011年町長より 秋本番と集落座談会を終えて 秋本番と集落座談会を終えて 更新日：2019/9/2 日本全国に深刻な被害を及ぼした台風12号、15号が通過した後、本町は台風
16	三股町	固定資産税に関する証明の郵便請求について	https://www.town.mimata.lg.jp/contents/477.html	固定資産税に関する証明の郵便請求について - 三股町公式ホームページ 本文へスキップします。 総合トップ 三股町観光ホームページ 施設の予約状況確認 三股町立文化会館 三股町立図書館 みまた～ん.com 情報交流センター ～あつまい～ 特設サイト 総合トップ 三股町観光ホームページ 施設の予約状況確認 三股町立文化会館 三股町立図書館 みまた～ん.com 情報交流センター ～あつまい～ 文字サイズ 中 大 Translation くらし・手続き 子育て・教育 健康・福祉 文化・スポーツ しごと・産業 イベント情報 ホーム くらし・手続き 税 固定資産税 固定資産税に関する証明の郵便請求について 固定資産税に関する証明の郵便請求について 更新日：2019/9/2 固定資産税に関する証明の郵便請求について 証明の種
16	三股町	固定資産税について	https://www.town.mimata.lg.jp/contents/493.html	固定資産税について - 三股町公式ホームページ 本文へスキップします。 総合トップ 三股町観光ホームページ 施設の予約状況確認 三股町立文化会館 三股町立図書館 みまた～ん.com 情報交流センター ～あつまい～ 特設サイト 総合トップ 三股町観光ホームページ 施設の予約状況確認 三股町立文化会館 三股町立図書館 みまた～ん.com 情報交流センター ～あつまい～ 文字サイズ 中 大 Translation くらし・手続き 子育て・教育 健康・福祉 文化・スポーツ しごと・産業 イベント情報 ホーム くらし・手続き 税 固定資産税 固定資産税について 固定資産税について 更新日：2019/9/2 固定資産税とは 町内に所在のある土地・家屋・償却資産といった固定資産の所有者が、その固定資産の価格をもとに算定される
16	三股町	スマホ決済アプリPayB（ペイビー）で町税などが納付できます	https://www.town.mimata.lg.jp/contents/506.html	スマホ決済アプリPayB（ペイビー）で町税などが納付できます - 三股町公式ホームページ 本文へスキップします。 総合トップ 三股町観光ホームページ 施設の予約状況確認 三股町立文化会館 三股町立図書館 みまた～ん.com 情報交流センター ～あつまい～ 特設サイト 総合トップ 三股町観光ホームページ 施設の予約状況確認 三股町立文化会館 三股町立図書館 みまた～ん.com 情報交流センター ～あつまい～ 文字サイズ 中 大 Translation くらし・手続き 子育て・教育 健康・福祉 文化・スポーツ しごと・産業 イベント情報 ホーム くらし・手続き 税 納税 スマホ決済アプリPayB（ペイビー）で町税などが納付できます スマホ決済アプリPayB（ペイビー）で町税などが納付できます 更新日：2023/8/
16	三股町	三股町高齢者福祉計画及び第７期介護保険事業計画（素案）に関する意見募集（結果公開中【意見：0】）	https://www.town.mimata.lg.jp/contents/510.html	三股町高齢者福祉計画及び第７期介護保険事業計画（素案）に関する意見募集（結果公開中【意見：0】） - 三股町公式ホームページ 本文へスキップします。 総合トップ 三股町観光ホームページ 施設の予約状況確認 三股町立文化会館 三股町立図書館 みまた～ん.com 情報交流センター ～あつまい～ 特設サイト 総合トップ 三股町観光ホームページ 施設の予約状況確認 三股町立文化会館 三股町立図書館 みまた～ん.com 情報交流センター ～あつまい～ 文字サイズ 中 大 Translation くらし・手続き 子育て・教育 健康・福祉 文化・スポーツ しごと・産業 イベント情報 ホーム 町政情報 パブリックコメント 2017年度（平成29年度） 三股町高齢者福祉計画及び第７期介護保険事業計画（素案）に関する意見募集（結果
16	三股町	資産税係からのお願い	https://www.town.mimata.lg.jp/contents/513.html	資産税係からのお願い - 三股町公式ホームページ 本文へスキップします。 総合トップ 三股町観光ホームページ 施設の予約状況確認 三股町立文化会館 三股町立図書館 みまた～ん.com 情報交流センター ～あつまい～ 特設サイト 総合トップ 三股町観光ホームページ 施設の予約状況確認 三股町立文化会館 三股町立図書館 みまた～ん.com 情報交流センター ～あつまい～ 文字サイズ 中 大 Translation くらし・手続き 子育て・教育 健康・福祉 文化・スポーツ しごと・産業 イベント情報 ホーム くらし・手続き 税 固定資産税 資産税係からのお願い 資産税係からのお願い 更新日：2019/9/2 資産税係からのお願い 所有者が転出するときは 固定資産税を納める義務がある方が、単身赴任などで町外に転出すると
16	三股町	無戸籍の方はご相談ください	https://www.town.mimata.lg.jp/contents/561.html	無戸籍の方はご相談ください - 三股町公式ホームページ 本文へスキップします。 総合トップ 三股町観光ホームページ 施設の予約状況確認 三股町立文化会館 三股町立図書館 みまた～ん.com 情報交流センター ～あつまい～ 特設サイト 総合トップ 三股町観光ホームページ 施設の予約状況確認 三股町立文化会館 三股町立図書館 みまた～ん.com 情報交流センター ～あつまい～ 文字サイズ 中 大 Translation くらし・手続き 子育て・教育 健康・福祉 文化・スポーツ しごと・産業 イベント情報 ホーム くらし・手続き 戸籍・住民票・印鑑登録等 戸籍証明 無戸籍の方はご相談ください 無戸籍の方はご相談ください 更新日：2019/9/2 無戸籍の方はご相談ください 戸籍は日本の国籍を証明する大切なものです。子
16	三股町	燃えるごみについて	https://www.town.mimata.lg.jp/contents/578.html	燃えるごみについて - 三股町公式ホームページ 本文へスキップします。 総合トップ 三股町観光ホームページ 施設の予約状況確認 三股町立文化会館 三股町立図書館 みまた～ん.com 情報交流センター ～あつまい～ 特設サイト 総合トップ 三股町観光ホームページ 施設の予約状況確認 三股町立文化会館 三股町立図書館 みまた～ん.com 情報交流センター ～あつまい～ 文字サイズ 中 大 Translation くらし・手続き 子育て・教育 健康・福祉 文化・スポーツ しごと・産業 イベント情報 ホーム くらし・手続き ごみ・環境・犬猫 ごみ・リサイクル 燃えるごみについて 燃えるごみについて 更新日：2019/9/2 ● 燃えるごみは 、 １．きちんと分別をする ２．指定ごみ袋へ入れる ３．朝８：００までに出す
16	三股町	燃えないごみについて	https://www.town.mimata.lg.jp/contents/579.html	燃えないごみについて - 三股町公式ホームページ 本文へスキップします。 総合トップ 三股町観光ホームページ 施設の予約状況確認 三股町立文化会館 三股町立図書館 みまた～ん.com 情報交流センター ～あつまい～ 特設サイト 総合トップ 三股町観光ホームページ 施設の予約状況確認 三股町立文化会館 三股町立図書館 みまた～ん.com 情報交流センター ～あつまい～ 文字サイズ 中 大 Translation くらし・手続き 子育て・教育 健康・福祉 文化・スポーツ しごと・産業 イベント情報 ホーム くらし・手続き ごみ・環境・犬猫 ごみ・リサイクル 燃えないごみについて 燃えないごみについて 更新日：2019/9/2 ● 燃えないごみは 、 １．きちんと分別をする ２．指定ごみ袋へ入れる ３．朝８：００まで
16	三股町	資源ごみについて	https://www.town.mimata.lg.jp/contents/580.html	資源ごみについて - 三股町公式ホームページ 本文へスキップします。 総合トップ 三股町観光ホームページ 施設の予約状況確認 三股町立文化会館 三股町立図書館 みまた～ん.com 情報交流センター ～あつまい～ 特設サイト 総合トップ 三股町観光ホームページ 施設の予約状況確認 三股町立文化会館 三股町立図書館 みまた～ん.com 情報交流センター ～あつまい～ 文字サイズ 中 大 Translation くらし・手続き 子育て・教育 健康・福祉 文化・スポーツ しごと・産業 イベント情報 ホーム くらし・手続き ごみ・環境・犬猫 ごみ・リサイクル 資源ごみについて 資源ごみについて 更新日：2019/9/2 ● 資源ごみは 、 １．きちんと分別をする ２．それぞれの品目ごとに指定ごみ袋へ入れる ３．朝８：００
16	三股町	粗大ごみ処理施設について	https://www.town.mimata.lg.jp/contents/584.html	粗大ごみ処理施設について - 三股町公式ホームページ 本文へスキップします。 総合トップ 三股町観光ホームページ 施設の予約状況確認 三股町立文化会館 三股町立図書館 みまた～ん.com 情報交流センター ～あつまい～ 特設サイト 総合トップ 三股町観光ホームページ 施設の予約状況確認 三股町立文化会館 三股町立図書館 みまた～ん.com 情報交流センター ～あつまい～ 文字サイズ 中 大 Translation くらし・手続き 子育て・教育 健康・福祉 文化・スポーツ しごと・産業 イベント情報 ホーム くらし・手続き ごみ・環境・犬猫 ごみ・リサイクル 粗大ごみ処理施設について 粗大ごみ処理施設について 更新日：2019/9/2 粗大ごみとごみ処理施設 ・粗大ごみや引っ越しごみなどの一度に大量に出るごみは、
16	三股町	パソコンの処理について	https://www.town.mimata.lg.jp/contents/587.html	パソコンの処理について - 三股町公式ホームページ 本文へスキップします。 総合トップ 三股町観光ホームページ 施設の予約状況確認 三股町立文化会館 三股町立図書館 みまた～ん.com 情報交流センター ～あつまい～ 特設サイト 総合トップ 三股町観光ホームページ 施設の予約状況確認 三股町立文化会館 三股町立図書館 みまた～ん.com 情報交流センター ～あつまい～ 文字サイズ 中 大 Translation くらし・手続き 子育て・教育 健康・福祉 文化・スポーツ しごと・産業 イベント情報 ホーム くらし・手続き ごみ・環境・犬猫 ごみ・リサイクル パソコンの処理について パソコンの処理について 更新日：2021/9/27 パソコンの処理について パソコンメーカーによる回収 家庭で不用になったパソコン（パ
16	三股町	剪定枝のリサイクル事業について	https://www.town.mimata.lg.jp/contents/589.html	剪定枝のリサイクル事業について - 三股町公式ホームページ 本文へスキップします。 総合トップ 三股町観光ホームページ 施設の予約状況確認 三股町立文化会館 三股町立図書館 みまた～ん.com 情報交流センター ～あつまい～ 特設サイト 総合トップ 三股町観光ホームページ 施設の予約状況確認 三股町立文化会館 三股町立図書館 みまた～ん.com 情報交流センター ～あつまい～ 文字サイズ 中 大 Translation くらし・手続き 子育て・教育 健康・福祉 文化・スポーツ しごと・産業 イベント情報 ホーム くらし・手続き ごみ・環境・犬猫 ごみ・リサイクル 剪定枝のリサイクル事業について 剪定枝のリサイクル事業について 更新日：2019/9/2 剪定枝のリサイクル事業について 町では、ごみの減量化・資源化
16	三股町	マイナンバーカード（個人番号カード）について	https://www.town.mimata.lg.jp/contents/632.html	マイナンバーカード（個人番号カード）について - 三股町公式ホームページ 本文へスキップします。 総合トップ 三股町観光ホームページ 施設の予約状況確認 三股町立文化会館 三股町立図書館 みまた～ん.com 情報交流センター ～あつまい～ 特設サイト 総合トップ 三股町観光ホームページ 施設の予約状況確認 三股町立文化会館 三股町立図書館 みまた～ん.com 情報交流センター ～あつまい～ 文字サイズ 中 大 Translation くらし・手続き 子育て・教育 健康・福祉 文化・スポーツ しごと・産業 イベント情報 ホーム くらし・手続き マイナンバーカード等 マイナンバーカード マイナンバーカード（個人番号カード）について マイナンバーカード（個人番号カード）について 更新日：2020/9/3 【マイナンバ
16	三股町	水道加入金について	https://www.town.mimata.lg.jp/contents/665.html	水道加入金について - 三股町公式ホームページ 本文へスキップします。 総合トップ 三股町観光ホームページ 施設の予約状況確認 三股町立文化会館 三股町立図書館 みまた～ん.com 情報交流センター ～あつまい～ 特設サイト 総合トップ 三股町観光ホームページ 施設の予約状況確認 三股町立文化会館 三股町立図書館 みまた～ん.com 情報交流センター ～あつまい～ 文字サイズ 中 大 Translation くらし・手続き 子育て・教育 健康・福祉 文化・スポーツ しごと・産業 イベント情報 ホーム くらし・手続き 水道・下水道 上水道 給水装置工事関係 水道加入金について 水道加入金について 更新日：2019/10/1 新しく家を建てられる方 新築などで給水設備のない場合に、新たに工事を行ない、水道を利用した
16	三股町	町営墓地のご案内	https://www.town.mimata.lg.jp/contents/705.html	町営墓地のご案内 - 三股町公式ホームページ 本文へスキップします。 総合トップ 三股町観光ホームページ 施設の予約状況確認 三股町立文化会館 三股町立図書館 みまた～ん.com 情報交流センター ～あつまい～ 特設サイト 総合トップ 三股町観光ホームページ 施設の予約状況確認 三股町立文化会館 三股町立図書館 みまた～ん.com 情報交流センター ～あつまい～ 文字サイズ 中 大 Translation くらし・手続き 子育て・教育 健康・福祉 文化・スポーツ しごと・産業 イベント情報 ホーム くらし・手続き おくやみ 町営墓地のご案内 町営墓地のご案内 更新日：2021/9/29 町営墓地のご案内 三股町では、三股町墓地公園の使用者を募集しています。 使用するためには、申込み資格や事前の手続きが必要です。
16	三股町	犬の登録と狂犬病予防注射について	https://www.town.mimata.lg.jp/contents/709.html	犬の登録と狂犬病予防注射について - 三股町公式ホームページ 本文へスキップします。 総合トップ 三股町観光ホームページ 施設の予約状況確認 三股町立文化会館 三股町立図書館 みまた～ん.com 情報交流センター ～あつまい～ 特設サイト 総合トップ 三股町観光ホームページ 施設の予約状況確認 三股町立文化会館 三股町立図書館 みまた～ん.com 情報交流センター ～あつまい～ 文字サイズ 中 大 Translation くらし・手続き 子育て・教育 健康・福祉 文化・スポーツ しごと・産業 イベント情報 ホーム くらし・手続き ごみ・環境・犬猫 犬猫 犬の登録と狂犬病予防注射について 犬の登録と狂犬病予防注射について 更新日：2026/5/1 犬の登録について 狂犬病予防法第4条により、犬の所有者は、犬を取得
16	三股町	令和２年度から三股町放課後児童クラブの「利用料金」「開設時間」が変更になります。	https://www.town.mimata.lg.jp/contents/760.html	令和２年度から三股町放課後児童クラブの「利用料金」「開設時間」が変更になります。 - 三股町公式ホームページ 本文へスキップします。 総合トップ 三股町観光ホームページ 施設の予約状況確認 三股町立文化会館 三股町立図書館 みまた～ん.com 情報交流センター ～あつまい～ 特設サイト 総合トップ 三股町観光ホームページ 施設の予約状況確認 三股町立文化会館 三股町立図書館 みまた～ん.com 情報交流センター ～あつまい～ 文字サイズ 中 大 Translation くらし・手続き 子育て・教育 健康・福祉 文化・スポーツ しごと・産業 イベント情報 ホーム 子育て・教育 教育 放課後支援 令和２年度から三股町放課後児童クラブの「利用料金」「開設時間」が変更になります。 令和２年度から三股町放課後児童クラブの
16	三股町	カードを作る申請のお手伝いをしています！(無料)	https://www.town.mimata.lg.jp/contents/788.html	カードを作る申請のお手伝いをしています！(無料) - 三股町公式ホームページ 本文へスキップします。 総合トップ 三股町観光ホームページ 施設の予約状況確認 三股町立文化会館 三股町立図書館 みまた～ん.com 情報交流センター ～あつまい～ 特設サイト 総合トップ 三股町観光ホームページ 施設の予約状況確認 三股町立文化会館 三股町立図書館 みまた～ん.com 情報交流センター ～あつまい～ 文字サイズ 中 大 Translation くらし・手続き 子育て・教育 健康・福祉 文化・スポーツ しごと・産業 イベント情報 ホーム くらし・手続き マイナンバーカード等 マイナンバーカード カードを作る申請のお手伝いをしています！(無料) カードを作る申請のお手伝いをしています！(無料) 更新日：1970/1/1
16	三股町	第十二回特別弔慰金の請求受付を行います	https://www.town.mimata.lg.jp/contents/825.html	第十二回特別弔慰金の請求受付を行います - 三股町公式ホームページ 本文へスキップします。 総合トップ 三股町観光ホームページ 施設の予約状況確認 三股町立文化会館 三股町立図書館 みまた～ん.com 情報交流センター ～あつまい～ 特設サイト 総合トップ 三股町観光ホームページ 施設の予約状況確認 三股町立文化会館 三股町立図書館 みまた～ん.com 情報交流センター ～あつまい～ 文字サイズ 中 大 Translation くらし・手続き 子育て・教育 健康・福祉 文化・スポーツ しごと・産業 イベント情報 ホーム くらし・手続き 援護・恩給 第十二回特別弔慰金の請求受付を行います 第十二回特別弔慰金の請求受付を行います 更新日：2025/4/1 「戦没者等の遺族に対する特別弔慰金（第十二回特別弔慰金）」の
16	三股町	低未利用土地の譲渡所得特別控除に係る確認書の発行について	https://www.town.mimata.lg.jp/contents/925.html	低未利用土地の譲渡所得特別控除に係る確認書の発行について - 三股町公式ホームページ 本文へスキップします。 総合トップ 三股町観光ホームページ 施設の予約状況確認 三股町立文化会館 三股町立図書館 みまた～ん.com 情報交流センター ～あつまい～ 特設サイト 総合トップ 三股町観光ホームページ 施設の予約状況確認 三股町立文化会館 三股町立図書館 みまた～ん.com 情報交流センター ～あつまい～ 文字サイズ 中 大 Translation くらし・手続き 子育て・教育 健康・福祉 文化・スポーツ しごと・産業 イベント情報 ホーム くらし・手続き 土地利用 低未利用土地の譲渡所得特別控除に係る確認書の発行について 低未利用土地の譲渡所得特別控除に係る確認書の発行について 更新日：2026/4/8 土地の有
16	三股町	県の「感染拡大緊急警報」を受けての町長メッセージ④	https://www.town.mimata.lg.jp/contents/935.html	県の「感染拡大緊急警報」を受けての町長メッセージ④ - 三股町公式ホームページ 本文へスキップします。 総合トップ 三股町観光ホームページ 施設の予約状況確認 三股町立文化会館 三股町立図書館 みまた～ん.com 情報交流センター ～あつまい～ 特設サイト 総合トップ 三股町観光ホームページ 施設の予約状況確認 三股町立文化会館 三股町立図書館 みまた～ん.com 情報交流センター ～あつまい～ 文字サイズ 中 大 Translation くらし・手続き 子育て・教育 健康・福祉 文化・スポーツ しごと・産業 イベント情報 ホーム くらし・手続き 新型コロナウイルス感染症に関する情報 町長メッセージ 県の「感染拡大緊急警報」を受けての町長メッセージ④ 県の「感染拡大緊急警報」を受けての町長メッセージ④ 更新日：
16	三股町	カードをなくした場合	https://www.town.mimata.lg.jp/contents/987.html	カードをなくした場合 - 三股町公式ホームページ 本文へスキップします。 総合トップ 三股町観光ホームページ 施設の予約状況確認 三股町立文化会館 三股町立図書館 みまた～ん.com 情報交流センター ～あつまい～ 特設サイト 総合トップ 三股町観光ホームページ 施設の予約状況確認 三股町立文化会館 三股町立図書館 みまた～ん.com 情報交流センター ～あつまい～ 文字サイズ 中 大 Translation くらし・手続き 子育て・教育 健康・福祉 文化・スポーツ しごと・産業 イベント情報 ホーム くらし・手続き マイナンバーカード等 マイナンバーカード カードをなくした場合 カードをなくした場合 更新日：2020/9/4 マイナンバーカードをなくした場合 以下の手順に沿ってご対応ください。 １．コールセン
16	三股町	マイナンバーカードの作り方はこちら！ （web申請含む）	https://www.town.mimata.lg.jp/contents/992.html	マイナンバーカードの作り方はこちら！ （web申請含む） - 三股町公式ホームページ 本文へスキップします。 総合トップ 三股町観光ホームページ 施設の予約状況確認 三股町立文化会館 三股町立図書館 みまた～ん.com 情報交流センター ～あつまい～ 特設サイト 総合トップ 三股町観光ホームページ 施設の予約状況確認 三股町立文化会館 三股町立図書館 みまた～ん.com 情報交流センター ～あつまい～ 文字サイズ 中 大 Translation くらし・手続き 子育て・教育 健康・福祉 文化・スポーツ しごと・産業 イベント情報 ホーム くらし・手続き マイナンバーカード等 マイナンバーカード マイナンバーカードの作り方はこちら！ （web申請含む） マイナンバーカードの作り方はこちら！ （web申請含む） 更
16	三股町	消費者行政の首長表明	https://www.town.mimata.lg.jp/contents/1122.html	消費者行政の首長表明 - 三股町公式ホームページ 本文へスキップします。 総合トップ 三股町観光ホームページ 施設の予約状況確認 三股町立文化会館 三股町立図書館 みまた～ん.com 情報交流センター ～あつまい～ 特設サイト 総合トップ 三股町観光ホームページ 施設の予約状況確認 三股町立文化会館 三股町立図書館 みまた～ん.com 情報交流センター ～あつまい～ 文字サイズ 中 大 Translation くらし・手続き 子育て・教育 健康・福祉 文化・スポーツ しごと・産業 イベント情報 ホーム くらし・手続き 各種相談 消費生活相談 消費者行政の首長表明 消費者行政の首長表明 更新日：2021/4/1 近年、消費者を取り巻く環境は大きく変化しており、特に昨年度からは新型コロナウイルスに乗じた悪徳商法や巧
16	三股町	認知症対応型共同生活介護の外部評価について	https://www.town.mimata.lg.jp/contents/1154.html	認知症対応型共同生活介護の外部評価について - 三股町公式ホームページ 本文へスキップします。 総合トップ 三股町観光ホームページ 施設の予約状況確認 三股町立文化会館 三股町立図書館 みまた～ん.com 情報交流センター ～あつまい～ 特設サイト 総合トップ 三股町観光ホームページ 施設の予約状況確認 三股町立文化会館 三股町立図書館 みまた～ん.com 情報交流センター ～あつまい～ 文字サイズ 中 大 Translation くらし・手続き 子育て・教育 健康・福祉 文化・スポーツ しごと・産業 イベント情報 ホーム くらし・手続き 新型コロナウイルス感染症に関する情報 介護・福祉施設関連 認知症対応型共同生活介護の外部評価について 認知症対応型共同生活介護の外部評価について 更新日：2021/4/7 地
16	三股町	三股町ふるさと納税について	https://www.town.mimata.lg.jp/contents/1208.html	三股町ふるさと納税について - 三股町公式ホームページ 本文へスキップします。 総合トップ 三股町観光ホームページ 施設の予約状況確認 三股町立文化会館 三股町立図書館 みまた～ん.com 情報交流センター ～あつまい～ 特設サイト 総合トップ 三股町観光ホームページ 施設の予約状況確認 三股町立文化会館 三股町立図書館 みまた～ん.com 情報交流センター ～あつまい～ 文字サイズ 中 大 Translation くらし・手続き 子育て・教育 健康・福祉 文化・スポーツ しごと・産業 イベント情報 ホーム 町政情報 ふるさと納税 ふるさと納税 三股町ふるさと納税について 三股町ふるさと納税について 更新日：2023/6/16 ふるさと納税とは ふるさと納税は、三股町に縁のある方、三股町が好きな方、三股町が気に
16	三股町	動物を虐待したり、遺棄することは犯罪です。	https://www.town.mimata.lg.jp/contents/1232.html	動物を虐待したり、遺棄することは犯罪です。 - 三股町公式ホームページ 本文へスキップします。 総合トップ 三股町観光ホームページ 施設の予約状況確認 三股町立文化会館 三股町立図書館 みまた～ん.com 情報交流センター ～あつまい～ 特設サイト 総合トップ 三股町観光ホームページ 施設の予約状況確認 三股町立文化会館 三股町立図書館 みまた～ん.com 情報交流センター ～あつまい～ 文字サイズ 中 大 Translation くらし・手続き 子育て・教育 健康・福祉 文化・スポーツ しごと・産業 イベント情報 ホーム くらし・手続き ごみ・環境・犬猫 犬猫 動物を虐待したり、遺棄することは犯罪です。 動物を虐待したり、遺棄することは犯罪です。 更新日：2021/7/1 動物を虐待したり、遺棄することは犯罪
16	三股町	新型コロナの第5波に備えて(町長メッセージ⑫)	https://www.town.mimata.lg.jp/contents/1256.html	新型コロナの第5波に備えて(町長メッセージ⑫) - 三股町公式ホームページ 本文へスキップします。 総合トップ 三股町観光ホームページ 施設の予約状況確認 三股町立文化会館 三股町立図書館 みまた～ん.com 情報交流センター ～あつまい～ 特設サイト 総合トップ 三股町観光ホームページ 施設の予約状況確認 三股町立文化会館 三股町立図書館 みまた～ん.com 情報交流センター ～あつまい～ 文字サイズ 中 大 Translation くらし・手続き 子育て・教育 健康・福祉 文化・スポーツ しごと・産業 イベント情報 ホーム 町政情報 町長の部屋 町長より 2021年町長より 新型コロナの第5波に備えて(町長メッセージ⑫) 新型コロナの第5波に備えて(町長メッセージ⑫) 更新日：2021/8/2 本県での第4
16	三股町	県全域に「緊急事態宣言」を発令(町長メッセージ⑭)	https://www.town.mimata.lg.jp/contents/1261.html	県全域に「緊急事態宣言」を発令(町長メッセージ⑭) - 三股町公式ホームページ 本文へスキップします。 総合トップ 三股町観光ホームページ 施設の予約状況確認 三股町立文化会館 三股町立図書館 みまた～ん.com 情報交流センター ～あつまい～ 特設サイト 総合トップ 三股町観光ホームページ 施設の予約状況確認 三股町立文化会館 三股町立図書館 みまた～ん.com 情報交流センター ～あつまい～ 文字サイズ 中 大 Translation くらし・手続き 子育て・教育 健康・福祉 文化・スポーツ しごと・産業 イベント情報 ホーム 町政情報 町長の部屋 町長より 2021年町長より 県全域に「緊急事態宣言」を発令(町長メッセージ⑭) 県全域に「緊急事態宣言」を発令(町長メッセージ⑭) 更新日：2021/8/12
16	三股町	企業版ふるさと納税による寄附を募集しています	https://www.town.mimata.lg.jp/contents/1297.html	企業版ふるさと納税による寄附を募集しています - 三股町公式ホームページ 本文へスキップします。 総合トップ 三股町観光ホームページ 施設の予約状況確認 三股町立文化会館 三股町立図書館 みまた～ん.com 情報交流センター ～あつまい～ 特設サイト 総合トップ 三股町観光ホームページ 施設の予約状況確認 三股町立文化会館 三股町立図書館 みまた～ん.com 情報交流センター ～あつまい～ 文字サイズ 中 大 Translation くらし・手続き 子育て・教育 健康・福祉 文化・スポーツ しごと・産業 イベント情報 ホーム 町政情報 ふるさと納税 企業版ふるさと納税 企業版ふるさと納税による寄附を募集しています 企業版ふるさと納税による寄附を募集しています 更新日：2022/8/16 三股町では、地方創生に関
16	三股町	企業版ふるさと納税により寄附された企業のご紹介	https://www.town.mimata.lg.jp/contents/1298.html	企業版ふるさと納税により寄附された企業のご紹介 - 三股町公式ホームページ 本文へスキップします。 総合トップ 三股町観光ホームページ 施設の予約状況確認 三股町立文化会館 三股町立図書館 みまた～ん.com 情報交流センター ～あつまい～ 特設サイト 総合トップ 三股町観光ホームページ 施設の予約状況確認 三股町立文化会館 三股町立図書館 みまた～ん.com 情報交流センター ～あつまい～ 文字サイズ 中 大 Translation くらし・手続き 子育て・教育 健康・福祉 文化・スポーツ しごと・産業 イベント情報 ホーム 町政情報 ふるさと納税 企業版ふるさと納税 企業版ふるさと納税により寄附された企業のご紹介 企業版ふるさと納税により寄附された企業のご紹介 更新日：2024/1/31 企業版ふるさと納税
16	三股町	企業版ふるさと納税への協力をお願いします	https://www.town.mimata.lg.jp/contents/1342.html	企業版ふるさと納税への協力をお願いします - 三股町公式ホームページ 本文へスキップします。 総合トップ 三股町観光ホームページ 施設の予約状況確認 三股町立文化会館 三股町立図書館 みまた～ん.com 情報交流センター ～あつまい～ 特設サイト 総合トップ 三股町観光ホームページ 施設の予約状況確認 三股町立文化会館 三股町立図書館 みまた～ん.com 情報交流センター ～あつまい～ 文字サイズ 中 大 Translation くらし・手続き 子育て・教育 健康・福祉 文化・スポーツ しごと・産業 イベント情報 ホーム 町政情報 交流拠点施設整備事業 企業版ふるさと納税の募集 企業版ふるさと納税への協力をお願いします 企業版ふるさと納税への協力をお願いします 更新日：2022/2/16 三股町における企業版ふ
16	三股町	官民共同事業体の設立に関する協定調印式を行いました	https://www.town.mimata.lg.jp/contents/1344.html	官民共同事業体の設立に関する協定調印式を行いました - 三股町公式ホームページ 本文へスキップします。 総合トップ 三股町観光ホームページ 施設の予約状況確認 三股町立文化会館 三股町立図書館 みまた～ん.com 情報交流センター ～あつまい～ 特設サイト 総合トップ 三股町観光ホームページ 施設の予約状況確認 三股町立文化会館 三股町立図書館 みまた～ん.com 情報交流センター ～あつまい～ 文字サイズ 中 大 Translation くらし・手続き 子育て・教育 健康・福祉 文化・スポーツ しごと・産業 イベント情報 ホーム 町政情報 交流拠点施設整備事業 官民共同事業体の設立に向けて 官民共同事業体の設立に関する協定調印式を行いました 官民共同事業体の設立に関する協定調印式を行いました 更新日：2021
16	三股町	都城市・三股町圏域の感染急増圏域(赤圏域)の指定及び「オミクロン株の市中感染」を受けて(町長メッセージ⑯)	https://www.town.mimata.lg.jp/contents/1362.html	都城市・三股町圏域の感染急増圏域(赤圏域)の指定及び「オミクロン株の市中感染」を受けて(町長メッセージ⑯) - 三股町公式ホームページ 本文へスキップします。 総合トップ 三股町観光ホームページ 施設の予約状況確認 三股町立文化会館 三股町立図書館 みまた～ん.com 情報交流センター ～あつまい～ 特設サイト 総合トップ 三股町観光ホームページ 施設の予約状況確認 三股町立文化会館 三股町立図書館 みまた～ん.com 情報交流センター ～あつまい～ 文字サイズ 中 大 Translation くらし・手続き 子育て・教育 健康・福祉 文化・スポーツ しごと・産業 イベント情報 ホーム 町政情報 町長の部屋 町長より 2022年町長より 都城市・三股町圏域の感染急増圏域(赤圏域)の指定及び「オミクロン株の市中感
16	三股町	長期間受け取りのないマイナンバーカードを廃棄します	https://www.town.mimata.lg.jp/contents/1437.html	長期間受け取りのないマイナンバーカードを廃棄します - 三股町公式ホームページ 本文へスキップします。 総合トップ 三股町観光ホームページ 施設の予約状況確認 三股町立文化会館 三股町立図書館 みまた～ん.com 情報交流センター ～あつまい～ 特設サイト 総合トップ 三股町観光ホームページ 施設の予約状況確認 三股町立文化会館 三股町立図書館 みまた～ん.com 情報交流センター ～あつまい～ 文字サイズ 中 大 Translation くらし・手続き 子育て・教育 健康・福祉 文化・スポーツ しごと・産業 イベント情報 ホーム くらし・手続き マイナンバーカード等 マイナンバーカード 長期間受け取りのないマイナンバーカードを廃棄します 長期間受け取りのないマイナンバーカードを廃棄します 更新日：2022/5
16	三股町	どうぶつ基金「さくらねこ無料不妊手術事業」について	https://www.town.mimata.lg.jp/contents/1457.html	どうぶつ基金「さくらねこ無料不妊手術事業」について - 三股町公式ホームページ 本文へスキップします。 総合トップ 三股町観光ホームページ 施設の予約状況確認 三股町立文化会館 三股町立図書館 みまた～ん.com 情報交流センター ～あつまい～ 特設サイト 総合トップ 三股町観光ホームページ 施設の予約状況確認 三股町立文化会館 三股町立図書館 みまた～ん.com 情報交流センター ～あつまい～ 文字サイズ 中 大 Translation くらし・手続き 子育て・教育 健康・福祉 文化・スポーツ しごと・産業 イベント情報 ホーム くらし・手続き ごみ・環境・犬猫 犬猫 どうぶつ基金「さくらねこ無料不妊手術事業」について どうぶつ基金「さくらねこ無料不妊手術事業」について 更新日：2022/6/2 三股町は、ど
16	三股町	町営住宅の入居者を募集します【随時募集 6月23日更新】	https://www.town.mimata.lg.jp/contents/1488.html	町営住宅の入居者を募集します【随時募集 6月23日更新】 - 三股町公式ホームページ 本文へスキップします。 総合トップ 三股町観光ホームページ 施設の予約状況確認 三股町立文化会館 三股町立図書館 みまた～ん.com 情報交流センター ～あつまい～ 特設サイト 総合トップ 三股町観光ホームページ 施設の予約状況確認 三股町立文化会館 三股町立図書館 みまた～ん.com 情報交流センター ～あつまい～ 文字サイズ 中 大 Translation くらし・手続き 子育て・教育 健康・福祉 文化・スポーツ しごと・産業 イベント情報 ホーム くらし・手続き 引越し・住まい 住まい 町営住宅 町営住宅の入居者を募集します【随時募集 6月23日更新】 町営住宅の入居者を募集します【随時募集 6月23日更新】 更新日：2
16	三股町	県全域を「BA．5対策強化地域」に指定(町長メッセージ㉒)	https://www.town.mimata.lg.jp/contents/1506.html	県全域を「BA．5対策強化地域」に指定(町長メッセージ㉒) - 三股町公式ホームページ 本文へスキップします。 総合トップ 三股町観光ホームページ 施設の予約状況確認 三股町立文化会館 三股町立図書館 みまた～ん.com 情報交流センター ～あつまい～ 特設サイト 総合トップ 三股町観光ホームページ 施設の予約状況確認 三股町立文化会館 三股町立図書館 みまた～ん.com 情報交流センター ～あつまい～ 文字サイズ 中 大 Translation くらし・手続き 子育て・教育 健康・福祉 文化・スポーツ しごと・産業 イベント情報 ホーム 町政情報 町長の部屋 町長より 2022年町長より 県全域を「BA．5対策強化地域」に指定(町長メッセージ㉒) 県全域を「BA．5対策強化地域」に指定(町長メッセージ㉒) 更
16	三股町	台風14号被災状況とコロナ「医療非常事態宣言」から「医療緊急警報」へ(町長メッセージ㉓)	https://www.town.mimata.lg.jp/contents/1565.html	台風14号被災状況とコロナ「医療非常事態宣言」から「医療緊急警報」へ(町長メッセージ㉓) - 三股町公式ホームページ 本文へスキップします。 総合トップ 三股町観光ホームページ 施設の予約状況確認 三股町立文化会館 三股町立図書館 みまた～ん.com 情報交流センター ～あつまい～ 特設サイト 総合トップ 三股町観光ホームページ 施設の予約状況確認 三股町立文化会館 三股町立図書館 みまた～ん.com 情報交流センター ～あつまい～ 文字サイズ 中 大 Translation くらし・手続き 子育て・教育 健康・福祉 文化・スポーツ しごと・産業 イベント情報 ホーム 町政情報 町長の部屋 町長より 2022年町長より 台風14号被災状況とコロナ「医療非常事態宣言」から「医療緊急警報」へ(町長メッセージ㉓) 台
