score	municipality	title	url	snippet
67	木祖村	木祖村	https://www.vill.kiso.nagano.jp/kurashi_joho/iju_teiju/akiyabank.html	た。 これに伴い、木祖村空き家バンクを利用し、物件の売買・賃貸を行う場合は、長野県宅地建物取引業協会中信支部会員となっている事業者が、内見や契約等、取引に係る仲介を行います。 ご利用の流れ等、詳細は以下のチラシをご覧ください。 木祖村空き家バンク制度に係る（公財）長野県宅地建物取引業協会との連携開始のお知らせ （261.9kbyte） 空き家バンク仲介手数料補助金をご活用ください！ 木祖村空き家バンクを通して契約が成立した場合、宅地建物取引業業者に支払った仲介手数料を補助します。 詳細は以下のチラシをご覧ください。 木祖村空き家バンク仲介手数料補助金のご案内（227.8kbyte）（156.4kbyte） 対象者 ・空き家バンクに登録している物件所有者で売買又は賃貸借契約を締結した方 ・空き家バンクに登録している物件利用者で売買又は賃貸借契約を締結した方 交付条件 ・木祖村空き家バンクを利用して、令和６年４月１日以降に空き家又は
67	大桑村	ようこそ大桑村定住補助金	https://www.vill.okuwa.lg.jp/okuwa/iju-teiju/yokoso_teijuhojokin.html	ようこそ大桑村定住補助金 | 大桑村公式サイト サイト内検索 防災情報 Translate 文字サイズ： 標準 大 トップ 大桑村について 移住・定住 ようこそ大桑村定住補助金 ようこそ大桑村定住補助金 更新日：2026年04月01日 村では、移住・定住の促進や担い手不足の解消、地域課題の解決を図るため、大桑村外から移住された人が一定の要件を満たした場合、ようこそ大桑村定住補助金を交付しています。 補助対象者 移住等の要件 を満たす転入時60歳未満の者のうち、 就業の要件 のいずれかを満たす就業をしている者かつ、同時に移住した世帯員に転入日時点で45歳以下の者（申請者含む）がいる世帯の者 ※申請期間が最大２年間あります。転入時点に就業要件を満たしていなかった場合でも、申請可能期間内に就業要件を満たした場合に申請が可能となります。 移住等の要件 村外から移住していること 令和７年４月１日以降に移住していること 補助金の申請が、移住
67	大桑村	大桑村空き家対策事業補助金	https://www.vill.okuwa.lg.jp/kurashi/sumai-jukyo/jutakuhojoseido/akiyataisaku.html	大桑村空き家対策事業補助金 | 大桑村公式サイト サイト内検索 防災情報 Translate 文字サイズ： 標準 大 トップ くらし 住まい・住居 住宅に関連する補助制度 大桑村空き家対策事業補助金 大桑村空き家対策事業補助金 更新日：2026年05月09日 空き家等の有効活用による定住人口の増加及び地域の活性化と、老朽空き家による周囲への被害を防止するため、空き家等に対する事業を実施した人に対し、補助金を交付します。 交付対象者 空き家活用事業:空き家等の所有者等 空き家改修事業:定住者(大桑村に住所を有する者(事業完了までに大桑村に住所を有する者を含む。)で10年以上定住する意思のある者) 空き家解体事業:空き家等の所有者等 ※各事業について、大桑村内に事業所(支店、営業所を含む。)を有する施工業者により行うものであること。 補助の概要 空き家活用事業 補助対象費用： 空き家等の有効活用を目的とし、空き家等を売却又は賃貸する
67	大桑村	ありがとう大桑村新社会人応援補助金	https://www.vill.okuwa.lg.jp/okuwa/iju-teiju/arigato_shinshakaijinouen.html?fbclid=IwAR03VITAANzJm-VC7x1MV9lQP4yZD8fp2RhCz6_em-H_mqF-tirjmxzta8s&amp;d=202507	ありがとう大桑村新社会人応援補助金 | 大桑村公式サイト サイト内検索 防災情報 Translate 文字サイズ： 標準 大 トップ 大桑村について 移住・定住 ありがとう大桑村新社会人応援補助金 ありがとう大桑村新社会人応援補助金 更新日：2026年04月01日 村では地域の担い手不足や地域課題の解決を図るため、新社会人となる村内に居住する人が一定の要件を満たした場合、ありがとう大桑村新社会人応援補助金交付要綱を令和７年４月１日より施行しています。 この補助金について、令和８年４月１日から交付申請の受付を開始します。 補助対象者 住所等の要件を満たす者のうち、就業要件を満たす就業をしている者で就業開始日が最終学歴の卒業年度の翌年度内である者 住所等の要件 原則として、最終学歴の在学時に村内に住所を有していたこと 補助金の申請が、就業開始日後１年が経過した日からその翌年度末までの期間にされたものであること 村内に、補助金の申請日
47	南木曽町	南木曽町物価高騰対策特別給付金事業	https://www.town.nagiso.nagano.jp/0000000299.html	南木曽町物価高騰対策特別給付金事業 | 南木曽町役場 ページの先頭です 共通メニューなどをスキップして本文へ 各課の窓口 Language 文字サイズ 標準 拡大 背景色 標準 反転 検索 ID検索 ID検索 閉じる 文字サイズ変更機能を利用するにはJavaScript（アクティブスクリプト）を有効にしてください。JavaScript（アクティブスクリプト） を無効のまま文字サイズを変更する場合には，ご利用のブラウザの表示メニューから文字サイズを変更してください。文字サイズ変更以外にも，操作性向上の目的でJavaScript（アクティブスクリプト）を用いた機能を提供しています。可能であればJavaScript（アクティブスクリプト）を有効にしてください。 メニュー 閉じる トップページ くらし・手続き 表示 届出・証明 税金 保険・年金 道路・河川・建築 交通 ゴミ・環境 上下水道 補助金・助成金 給付金・支援金 申請書ダウンロ
47	南木曽町	人間ドック助成金	https://www.town.nagiso.nagano.jp/0000000150.html	人間ドック助成金 | 南木曽町役場 ページの先頭です 共通メニューなどをスキップして本文へ 各課の窓口 Language 文字サイズ 標準 拡大 背景色 標準 反転 検索 ID検索 ID検索 閉じる 文字サイズ変更機能を利用するにはJavaScript（アクティブスクリプト）を有効にしてください。JavaScript（アクティブスクリプト） を無効のまま文字サイズを変更する場合には，ご利用のブラウザの表示メニューから文字サイズを変更してください。文字サイズ変更以外にも，操作性向上の目的でJavaScript（アクティブスクリプト）を用いた機能を提供しています。可能であればJavaScript（アクティブスクリプト）を有効にしてください。 メニュー 閉じる トップページ くらし・手続き 表示 届出・証明 税金 保険・年金 道路・河川・建築 交通 ゴミ・環境 上下水道 補助金・助成金 給付金・支援金 申請書ダウンロード 移住・住まい
47	南木曽町	国保の給付	https://www.town.nagiso.nagano.jp/0000000148.html	から文字サイズを変更してください。文字サイズ変更以外にも，操作性向上の目的でJavaScript（アクティブスクリプト）を用いた機能を提供しています。可能であればJavaScript（アクティブスクリプト）を有効にしてください。 メニュー 閉じる トップページ くらし・手続き 表示 届出・証明 税金 保険・年金 道路・河川・建築 交通 ゴミ・環境 上下水道 補助金・助成金 給付金・支援金 申請書ダウンロード 移住・住まい 防災・防犯・安全 医療・健康・福祉 表示 緊急 医療・健康 高齢者福祉・介護 障がい者福祉 子育て・教育 表示 妊娠・出産・子育て 教育 歴史・文化 産業・しごと 表示 雇用・労働 産業振興 農林業支援 行政情報 表示 町長の部屋 南木曽町の概要 公共施設 電話帳 財政 ふるさと納税 施策・計画 まちづくり 議会 統計 広報・広聴 リニア対策 各種委員会・協議会 入札・契約 各課の窓口 Language 背景色
47	木祖村	木祖村	https://www.vill.kiso.nagano.jp/kurashi_joho/norigyo/syuunou.html	行われています。中でもJA木曽ブランドの「御嶽はくさい」は、永年の栽培実績に基づき、品質面での評価が高く、木曽地域を代表するブランド白菜として、市場からも高い評価を受けています。 農業従事者の高齢化や後継者問題等により「御嶽はくさい」の生産量が減少傾向にあるため、ブランドを維持していくために就農希望者を早急に確保し育成することを目的として、今回1名の研修生を募集します。長野県木曽農業改良普及センター、JA木曽等の関係機関と連携して研修から就農に至るまで支援を行います。 【プラス1】 農閑期（冬場11月中旬～4月上旬）の対応として座学の他に地場産業の体験実習を行うこともできます。 応募用紙のダウンロードは こちら（78kbyte） 農業研修生の受け入れ条件 応募資格、選考基準等 ・原則として満１８歳から、おおむね４０歳までの健康な者(健康診断書） ・農業への就農、体験や研修などに、強い意欲のある者 ・普通運転免許以上を有する者（Ａ
47	木祖村	空き家対策補助事業	https://www.vill.kiso.nagano.jp/kurashi_joho/hojokin/hojyoseido_akiya.html	空き家対策補助事業 | 信州木祖村 このページの本文へ 木祖村 --> 木祖村 サイト内検索 検索 Translate 文字サイズ 標準 大 TOP 行政情報 各種補助金 空き家対策補助事業 空き家対策補助事業 更新日： 2026年05月21日 空き家有効活用と老朽化した空き家の危険防止のため、補助事業を実施しています。 空き家活用事業補助金 空き家バンクに登録されており、5年以上賃貸住宅として使用可能又は売却可能な物件に対して清掃や家財道具の運び出し等の費用の一部を補助します。 （空き家バンクに登録し、賃貸や売却するために住宅内を片付けとすることが目的の補助です） 補助対象 補助対象者 補助率 補助金限度額 空き家を賃貸や売却するため家財道具の運搬や処分、屋内外の清掃に要する費用 所有者等※ 8/10 9万円 申請書（18.1kbyte） 誓約書（14.5kbyte） 空き家改修事業補助金 空き家バンクにより住宅を取得、賃貸し
47	木祖村	木祖村	https://www.vill.kiso.nagano.jp/kurashi_joho/iju_teiju/ijyuguide.html	2012.jp/date/kiso-iju 求人情報 木祖村周辺の新着求人情報です。 移住を検討する際に参考にしてください。 求人情報に関するお問い合わせは、お住まいの地域のハローワークで行えます。 木曽地域 自動車通勤を行う人が多いですが、勤務地によっては電車での通勤も可能です。 ハローワーク木曽福島提供の求人情報【木曽地域版】です。 週刊求人ホット情報 令和７年３月27日発行（811.3kbyte） 令和７年３月21日発行（611.3kbyte） 令和７年３月13日発行（1,150.8kbyte） 塩尻地域 木祖村から塩尻市へ通勤することが可能です。 ※塩尻駅まで車で約40分、電車で約30分で行くことが出来ます。 ハローワーク木曽福島提供の求人情報【塩尻地域版】です。 週刊求人ホット情報 令和７年３月27日発行（432.4kbyte） 令和７年３月21日発行（911.1kbyte） 令和７年３月13日発行（1,213.2kb
47	王滝村	王滝村空き家片付け事業補助金	https://www.vill.otaki.nagano.jp/kurashi/sumai/ijyu/akiya-katazukehojokin.html	王滝村空き家片付け事業補助金 | 王滝村 このページの本文へ 霊峰御嶽山の麓 水と緑のふるさと ホーム くらし 事業者の方へ 王滝村について 観光 ブログ サイト内検索 検索 防災情報 Translate 文字サイズ 標準 大 HOME くらし 住まい・生活 移住定住 王滝村空き家片付け事業補助金 王滝村空き家片付け事業補助金 王滝村空き家片付け事業補助金 空き家の所有者が空き家バンクに物件登録していれば、空き家の賃貸または売買契約が成立する前でも申請することができます。 ※事前申請制です。必ず片付けを実施する前に相談・申請をお願いします！ 王滝村空き家片付け事業補助金交付要綱 （R7.6.1制定） 王滝村空き家片付け事業補助金のご案内 補助金の内容 対象者 空き家の所有者（貸主、売主） 対象事業 家財道具の運搬・廃棄等 屋内及び屋外の清掃等 補助率、補助金限度額 補助率 10/10 上限 10万円 手続き・実施の流れ 業者へ見
47	王滝村	王滝村空き家改修事業補助金	https://www.vill.otaki.nagano.jp/kurashi/sumai/ijyu/akiya-kaisyuhojokin.html	王滝村空き家改修事業補助金 | 王滝村 このページの本文へ 霊峰御嶽山の麓 水と緑のふるさと ホーム くらし 事業者の方へ 王滝村について 観光 ブログ サイト内検索 検索 防災情報 Translate 文字サイズ 標準 大 HOME くらし 住まい・生活 移住定住 王滝村空き家改修事業補助金 王滝村空き家改修事業補助金 王滝村空き家改修事業補助金 空き家の所有者及び利用希望者がともに空き家バンクに登録しており、空き家の賃貸または売買契約が成立した場合に申請することができます。 ※事前申請制です。必ず改修を実施する前に相談・申請をお願いします！ ※原則１戸につき１回の交付です。 王滝村空き家改修事業補助金交付要綱 （改正：R7.6.1） 王滝村空き家改修事業補助金のご案内 補助金の内容 対象者 空き家の所有者（貸主、買主） ※空き家の借主は補助金の申請はできません。 対象事業 台所、浴室、便所、洗面所等の改修及びこれらに付随する
47	王滝村	王滝村家探し宿泊支援制度	https://www.vill.otaki.nagano.jp/kurashi/sumai/ijyu/akiya-iesagashi.html	援制度 | 王滝村 このページの本文へ 霊峰御嶽山の麓 水と緑のふるさと ホーム くらし 事業者の方へ 王滝村について 観光 ブログ サイト内検索 検索 防災情報 Translate 文字サイズ 標準 大 HOME くらし 住まい・生活 移住定住 王滝村家探し宿泊支援制度 王滝村家探し宿泊支援制度 王滝村家探し宿泊支援制度 王滝村で家探しをするための宿泊費を補助します。（先着１５名／年） 対象者 王滝村空き家バンクに利用者登録している方で、王滝村への移住を検討している村外に住所を有する方及びその家族 補助内容 村内宿泊施設の宿泊料（１泊２日分）の一部を補助します。 １人当たり上限6,000円 空き家バンク１登録者につき、同行者４名（合計５名）までが補助対象となります。 １登録者につき、１回までが対象です。 申請方法 来村して宿泊後、宿泊日から１ヶ月以内に、申請書に宿泊施設発行の領収書を添付のうえ、王滝村役場あてに提出してください
47	大桑村	大桑村に住んでみませんか？	https://www.vill.okuwa.lg.jp/okuwa/iju-teiju/information_on_okuwa_village.html?d=202511	サイト内検索 防災情報 Translate 文字サイズ： 標準 大 トップ 大桑村について 移住・定住 大桑村に住んでみませんか？ 大桑村に住んでみませんか？ 更新日：2026年04月16日 村の概要 大桑村ってどんなところ？ 大桑村は長野県南西部に位置し、中央に木曽川が流れる、中央アルプスのふもとにある豊かな水と自然に恵まれた村です。総人口は3,107人（令和8年4月1日現在）、夏の平均気温は23,2℃、冬の平均気温は-1.4℃です。村内には須原駅、大桑駅、野尻駅の３つの駅があります。 車での移動では、伊那市、飯田市まで1時間10分、塩尻市まで1時間20分、岐阜県中津川市まで40分です。 有名な観光地として「阿寺ブルー」と呼ばれるエメラルドに輝く阿寺渓谷があり、毎年夏には多くの観光客が訪れます。旧中山道の須原宿、野尻宿では、昔ながらの街並みが残り、歴史と文化を感じられます。 生活面では、子育てしやすい環境が充実しており、スポー
47	大桑村	妊婦のための支援給付金	https://www.vill.okuwa.lg.jp/kosodate-kyoiku/ninshin-shussan/ninpu_shienkyufu.html	妊婦のための支援給付金 | 大桑村公式サイト サイト内検索 防災情報 Translate 文字サイズ： 標準 大 トップ 子育て・教育 妊娠・出産 妊婦のための支援給付金 妊婦のための支援給付金 更新日：2025年10月01日 事業目的 国では、すべての妊婦・子育て家庭が安心して出産・子育てができる環境整備を図るため、妊婦のための支援給付金が創設されました。 これを受け、村では妊娠期から出産・子育て期まで一貫して相談に応じ、様々なニーズに即した支援につなげられるような伴走型の相談支援の充実と、経済的支援を一体的に実施します。 給付金の対象者 申請日時点で大桑村に住民登録のある妊婦 （産科医療機関を受診し妊婦の事実確認が必要） 他の自治体で妊婦支援給付金の支給を受けていない妊婦 給付金額 １回目 妊娠届出時の面接後（妊婦１人につき5万円） ２回目 出生届出時の面談後（子ども1人につき５万円） 申請方法 妊娠届出時に申請書をお渡しし
47	大桑村	不妊・不育治療費 助成事業	https://www.vill.okuwa.lg.jp/kosodate-kyoiku/ninshin-shussan/huninhuikujosei.html	不妊・不育治療費 助成事業 | 大桑村公式サイト サイト内検索 防災情報 Translate 文字サイズ： 標準 大 トップ 子育て・教育 妊娠・出産 不妊・不育治療費 助成事業 不妊・不育治療費 助成事業 更新日：2025年05月14日 村は不妊治療・不育治療に要した治療費の一部を助成しています。 助成を希望する場合は申請前にお問い合わせください。 対象者等 夫婦の双方又は一方が助成金の交付申請をした日の１年以上前から村内に居住し、交付申請日及び診療月において住民登録のある者 村民税等の滞納がないこと など ※詳しくは問い合わせください。 助成内容等 保険適用となる不妊治療を受けている者 治療費から高額療養費及び付加給付を除いた額の９割以内（上限30万円） 県不妊治療（先進医療）費用助成事業の助成決定を受けている者 治療費から県助成金を除いた額の９割以内（上限30万円） 県不育症治療支援事業助成の決定を受けている者 治療費から
47	大桑村	結婚新生活支援事業	https://www.vill.okuwa.lg.jp/kurashi/joseikin/kekkonshinseikatsu.html	結婚新生活支援事業 | 大桑村公式サイト サイト内検索 防災情報 Translate 文字サイズ： 標準 大 トップ くらし 助成金 結婚新生活支援事業 結婚新生活支援事業 更新日：2026年06月17日 村では、地域の少子化対策の一環として、結婚を機に生じる住居費等を支援します。 交付対象者 申請する年度に婚姻届を提出し受理された夫婦のうち、以下の条件を全て満たす夫婦が対象です。（以下は主な要件の抜粋です。詳細は大桑村結婚新生活支援事業補助金交付要綱をご覧ください。） 婚姻日の年齢が夫婦ともに39歳以下であること。 夫婦の合計所得が500万円未満であること。 ※婚姻を機に離職している場合や奨学金を返済している場合は、500万円を超えていても対象となる場合があります。 他の公的制度による家賃補助等を受けていないこと。 交付対象経費 以下の費用のうち、申請する年度に支払ったものが対象経費となります。 住居費・・・住宅の新築や購入、
47	大桑村	危険木等伐採事業補助金	https://www.vill.okuwa.lg.jp/sangyo-nyusatsu-business/noringyo/ringyo/kikenboku_bassai.html	危険木等伐採事業補助金 | 大桑村公式サイト サイト内検索 防災情報 Translate 文字サイズ： 標準 大 トップ 産業・入札・ビジネス 農林業 林業 危険木等伐採事業補助金 危険木等伐採事業補助金 更新日：2023年04月24日 住居等への影響が考えられる危険木、クマやサルの鳥獣を誘引してしまう木（誘引木）を個人又は法人で伐採する場合に伐採費用へ補助を行います。 大桑村危険木等伐採事業補助金交付要綱（144kbyte） 補助対象者 対象となる木の所有者。または所有者から伐採の同意を得た人 補助基準 危険木：ライフライン対象物（公道、電線等架空線、危険木の所有者又は管理者以外の者が所有する住宅敷地等）及び農地、河川に直接的な被害を及ぼす可能性のある樹木で樹高5メートル以上の樹木 誘引木：果樹としての利用がされておらず、鳥獣を誘引し、周辺への被害が懸念される樹木（カキ、クリ、クルミを主な対象とし、ミズキやサクラ等も含む。）
47	木曽町	御嶽山・木曽駒ケ岳への登山には登山計画書の提出が必要です。	https://www.town-kiso.com/chousei/kouhou/100280/100575/	御嶽山・木曽駒ケ岳への登山には登山計画書の提出が必要です。 - 木曽町公式サイト このサイトではJavascriptを使用しています。現在、JavaScriptが無効のため一部機能をご使用いただけません。 サイトマップ サイト内検索 白 黒 黄 背景の色 大 中 小 文字の大きさ 閉じる ホーム 暮らし 手続き 移住・住まい 各種補助金・支援金 水道・下水道 道路・交通 農林業 就職・労働 税金 届出・証明・住民の手続き 生活環境 健康･福祉 健康・医療 食育 福祉 子ども･教育 各種補助金・支援金 小中学校 妊娠・子育て 学童クラブ 子育て支援情報 認定こども園 事業者の方へ 各種補助金・支援金 企業支援・企業立地 入札・契約 お知らせ 町政情報 各種補助金・支援金 木曽町選挙管理委員会 木曽町の概要 木曽町例規集 公有財産の売却 採用情報 施策・計画 審議会・委員会 耐震診断 地域自治組織 財政運営 ふるさと納税 まちづくり
47	木曽町	木曽町行政ポイント事業について	https://www.town-kiso.com/chousei/kouhou/100280/101719/	木曽町行政ポイント事業について - 木曽町公式サイト このサイトではJavascriptを使用しています。現在、JavaScriptが無効のため一部機能をご使用いただけません。 サイトマップ サイト内検索 白 黒 黄 背景の色 大 中 小 文字の大きさ 閉じる ホーム 暮らし 手続き 移住・住まい 各種補助金・支援金 水道・下水道 道路・交通 農林業 就職・労働 税金 届出・証明・住民の手続き 生活環境 健康･福祉 健康・医療 食育 福祉 子ども･教育 各種補助金・支援金 小中学校 妊娠・子育て 学童クラブ 子育て支援情報 認定こども園 事業者の方へ 各種補助金・支援金 企業支援・企業立地 入札・契約 お知らせ 町政情報 各種補助金・支援金 木曽町選挙管理委員会 木曽町の概要 木曽町例規集 公有財産の売却 採用情報 施策・計画 審議会・委員会 耐震診断 地域自治組織 財政運営 ふるさと納税 まちづくり 議会 広報・広聴 統計 情
47	木曽町	会計窓口でのキャッシュレス決済始まりました	https://www.town-kiso.com/chousei/kouhou/100280/101660/	会計窓口でのキャッシュレス決済始まりました - 木曽町公式サイト このサイトではJavascriptを使用しています。現在、JavaScriptが無効のため一部機能をご使用いただけません。 サイトマップ サイト内検索 白 黒 黄 背景の色 大 中 小 文字の大きさ 閉じる ホーム 暮らし 手続き 移住・住まい 各種補助金・支援金 水道・下水道 道路・交通 農林業 就職・労働 税金 届出・証明・住民の手続き 生活環境 健康･福祉 健康・医療 食育 福祉 子ども･教育 各種補助金・支援金 小中学校 妊娠・子育て 学童クラブ 子育て支援情報 認定こども園 事業者の方へ 各種補助金・支援金 企業支援・企業立地 入札・契約 お知らせ 町政情報 各種補助金・支援金 木曽町選挙管理委員会 木曽町の概要 木曽町例規集 公有財産の売却 採用情報 施策・計画 審議会・委員会 耐震診断 地域自治組織 財政運営 ふるさと納税 まちづくり 議会 広報・広
47	木曽町	リフォーム資金補助金の受付再開について	https://www.town-kiso.com/kurashi/sumai/100342/102337/	リフォーム資金補助金の受付再開について - 木曽町公式サイト このサイトではJavascriptを使用しています。現在、JavaScriptが無効のため一部機能をご使用いただけません。 サイトマップ サイト内検索 白 黒 黄 背景の色 大 中 小 文字の大きさ 閉じる ホーム 暮らし 手続き 移住・住まい 各種補助金・支援金 水道・下水道 道路・交通 農林業 就職・労働 税金 届出・証明・住民の手続き 生活環境 健康･福祉 健康・医療 食育 福祉 子ども･教育 各種補助金・支援金 小中学校 妊娠・子育て 学童クラブ 子育て支援情報 認定こども園 事業者の方へ 各種補助金・支援金 企業支援・企業立地 入札・契約 お知らせ 町政情報 各種補助金・支援金 木曽町選挙管理委員会 木曽町の概要 木曽町例規集 公有財産の売却 採用情報 施策・計画 審議会・委員会 耐震診断 地域自治組織 財政運営 ふるさと納税 まちづくり 議会 広報・広聴
47	木曽町	木曽町で農業に取り組んでみませんか	https://www.town-kiso.com/kurashi/nourin/100074/102345/	木曽町で農業に取り組んでみませんか - 木曽町公式サイト このサイトではJavascriptを使用しています。現在、JavaScriptが無効のため一部機能をご使用いただけません。 サイトマップ サイト内検索 白 黒 黄 背景の色 大 中 小 文字の大きさ 閉じる ホーム 暮らし 手続き 移住・住まい 各種補助金・支援金 水道・下水道 道路・交通 農林業 就職・労働 税金 届出・証明・住民の手続き 生活環境 健康･福祉 健康・医療 食育 福祉 子ども･教育 各種補助金・支援金 小中学校 妊娠・子育て 学童クラブ 子育て支援情報 認定こども園 事業者の方へ 各種補助金・支援金 企業支援・企業立地 入札・契約 お知らせ 町政情報 各種補助金・支援金 木曽町選挙管理委員会 木曽町の概要 木曽町例規集 公有財産の売却 採用情報 施策・計画 審議会・委員会 耐震診断 地域自治組織 財政運営 ふるさと納税 まちづくり 議会 広報・広聴 統計
47	木曽町	保険証廃止に伴う「福祉医療費助成制度」手続き内容の変更について	https://www.town-kiso.com/fukushi/fukushi/100101/102163/	保険証廃止に伴う「福祉医療費助成制度」手続き内容の変更について - 木曽町公式サイト このサイトではJavascriptを使用しています。現在、JavaScriptが無効のため一部機能をご使用いただけません。 サイトマップ サイト内検索 白 黒 黄 背景の色 大 中 小 文字の大きさ 閉じる ホーム 暮らし 手続き 移住・住まい 各種補助金・支援金 水道・下水道 道路・交通 農林業 就職・労働 税金 届出・証明・住民の手続き 生活環境 健康･福祉 健康・医療 食育 福祉 子ども･教育 各種補助金・支援金 小中学校 妊娠・子育て 学童クラブ 子育て支援情報 認定こども園 事業者の方へ 各種補助金・支援金 企業支援・企業立地 入札・契約 お知らせ 町政情報 各種補助金・支援金 木曽町選挙管理委員会 木曽町の概要 木曽町例規集 公有財産の売却 採用情報 施策・計画 審議会・委員会 耐震診断 地域自治組織 財政運営 ふるさと納税 まちづ
47	木曽町	木曽町LINE公式アカウントについて	https://www.town-kiso.com/chousei/kouhou/100280/101440/	木曽町LINE公式アカウントについて - 木曽町公式サイト このサイトではJavascriptを使用しています。現在、JavaScriptが無効のため一部機能をご使用いただけません。 サイトマップ サイト内検索 白 黒 黄 背景の色 大 中 小 文字の大きさ 閉じる ホーム 暮らし 手続き 移住・住まい 各種補助金・支援金 水道・下水道 道路・交通 農林業 就職・労働 税金 届出・証明・住民の手続き 生活環境 健康･福祉 健康・医療 食育 福祉 子ども･教育 各種補助金・支援金 小中学校 妊娠・子育て 学童クラブ 子育て支援情報 認定こども園 事業者の方へ 各種補助金・支援金 企業支援・企業立地 入札・契約 お知らせ 町政情報 各種補助金・支援金 木曽町選挙管理委員会 木曽町の概要 木曽町例規集 公有財産の売却 採用情報 施策・計画 審議会・委員会 耐震診断 地域自治組織 財政運営 ふるさと納税 まちづくり 議会 広報・広聴 統
47	木曽町	各種補助金・支援金	https://www.town-kiso.com/chousei/kouhou/100280/101439/	各種補助金・支援金 - 木曽町公式サイト このサイトではJavascriptを使用しています。現在、JavaScriptが無効のため一部機能をご使用いただけません。 サイトマップ サイト内検索 白 黒 黄 背景の色 大 中 小 文字の大きさ 閉じる ホーム 暮らし 手続き 移住・住まい 各種補助金・支援金 水道・下水道 道路・交通 農林業 就職・労働 税金 届出・証明・住民の手続き 生活環境 健康･福祉 健康・医療 食育 福祉 子ども･教育 各種補助金・支援金 小中学校 妊娠・子育て 学童クラブ 子育て支援情報 認定こども園 事業者の方へ 各種補助金・支援金 企業支援・企業立地 入札・契約 お知らせ 町政情報 各種補助金・支援金 木曽町選挙管理委員会 木曽町の概要 木曽町例規集 公有財産の売却 採用情報 施策・計画 審議会・委員会 耐震診断 地域自治組織 財政運営 ふるさと納税 まちづくり 議会 広報・広聴 統計 情報公開・個人
47	木曽町	精神障害者保健福祉手帳について	https://www.town-kiso.com/fukushi/fukushi/100102/101924/	精神障害者保健福祉手帳について - 木曽町公式サイト このサイトではJavascriptを使用しています。現在、JavaScriptが無効のため一部機能をご使用いただけません。 サイトマップ サイト内検索 白 黒 黄 背景の色 大 中 小 文字の大きさ 閉じる ホーム 暮らし 手続き 移住・住まい 各種補助金・支援金 水道・下水道 道路・交通 農林業 就職・労働 税金 届出・証明・住民の手続き 生活環境 健康･福祉 健康・医療 食育 福祉 子ども･教育 各種補助金・支援金 小中学校 妊娠・子育て 学童クラブ 子育て支援情報 認定こども園 事業者の方へ 各種補助金・支援金 企業支援・企業立地 入札・契約 お知らせ 町政情報 各種補助金・支援金 木曽町選挙管理委員会 木曽町の概要 木曽町例規集 公有財産の売却 採用情報 施策・計画 審議会・委員会 耐震診断 地域自治組織 財政運営 ふるさと納税 まちづくり 議会 広報・広聴 統計 情
46	南木曽町	後期高齢者医療人間ドックの助成について	https://www.town.nagiso.nagano.jp/0000000156.html	後期高齢者医療人間ドックの助成について | 南木曽町役場 ページの先頭です 共通メニューなどをスキップして本文へ 各課の窓口 Language 文字サイズ 標準 拡大 背景色 標準 反転 検索 ID検索 ID検索 閉じる 文字サイズ変更機能を利用するにはJavaScript（アクティブスクリプト）を有効にしてください。JavaScript（アクティブスクリプト） を無効のまま文字サイズを変更する場合には，ご利用のブラウザの表示メニューから文字サイズを変更してください。文字サイズ変更以外にも，操作性向上の目的でJavaScript（アクティブスクリプト）を用いた機能を提供しています。可能であればJavaScript（アクティブスクリプト）を有効にしてください。 メニュー 閉じる トップページ くらし・手続き 表示 届出・証明 税金 保険・年金 道路・河川・建築 交通 ゴミ・環境 上下水道 補助金・助成金 給付金・支援金 申請書ダウ
46	木曽町	健診・教室	https://www.town-kiso.com/kodomo/100070/100332/100114/	健診・教室 - 木曽町公式サイト このサイトではJavascriptを使用しています。現在、JavaScriptが無効のため一部機能をご使用いただけません。 サイトマップ サイト内検索 白 黒 黄 背景の色 大 中 小 文字の大きさ 閉じる ホーム 暮らし 手続き 移住・住まい 各種補助金・支援金 水道・下水道 道路・交通 農林業 就職・労働 税金 届出・証明・住民の手続き 生活環境 健康･福祉 健康・医療 食育 福祉 子ども･教育 各種補助金・支援金 小中学校 妊娠・子育て 学童クラブ 子育て支援情報 認定こども園 事業者の方へ 各種補助金・支援金 企業支援・企業立地 入札・契約 お知らせ 町政情報 各種補助金・支援金 木曽町選挙管理委員会 木曽町の概要 木曽町例規集 公有財産の売却 採用情報 施策・計画 審議会・委員会 耐震診断 地域自治組織 財政運営 ふるさと納税 まちづくり 議会 広報・広聴 統計 情報公開・個人情報保護
46	木曽町	令和8年度 ぼくとわたしの健診・教室カレンダー	https://www.town-kiso.com/kodomo/100070/100332/100542/	令和8年度 ぼくとわたしの健診・教室カレンダー - 木曽町公式サイト このサイトではJavascriptを使用しています。現在、JavaScriptが無効のため一部機能をご使用いただけません。 サイトマップ サイト内検索 白 黒 黄 背景の色 大 中 小 文字の大きさ 閉じる ホーム 暮らし 手続き 移住・住まい 各種補助金・支援金 水道・下水道 道路・交通 農林業 就職・労働 税金 届出・証明・住民の手続き 生活環境 健康･福祉 健康・医療 食育 福祉 子ども･教育 各種補助金・支援金 小中学校 妊娠・子育て 学童クラブ 子育て支援情報 認定こども園 事業者の方へ 各種補助金・支援金 企業支援・企業立地 入札・契約 お知らせ 町政情報 各種補助金・支援金 木曽町選挙管理委員会 木曽町の概要 木曽町例規集 公有財産の売却 採用情報 施策・計画 審議会・委員会 耐震診断 地域自治組織 財政運営 ふるさと納税 まちづくり 議会 広報
44	南木曽町	移住お試し住宅がご利用可能です！	https://www.town.nagiso.nagano.jp/0000000425.html	から文字サイズを変更してください。文字サイズ変更以外にも，操作性向上の目的でJavaScript（アクティブスクリプト）を用いた機能を提供しています。可能であればJavaScript（アクティブスクリプト）を有効にしてください。 メニュー 閉じる トップページ くらし・手続き 表示 届出・証明 税金 保険・年金 道路・河川・建築 交通 ゴミ・環境 上下水道 補助金・助成金 給付金・支援金 申請書ダウンロード 移住・住まい 防災・防犯・安全 医療・健康・福祉 表示 緊急 医療・健康 高齢者福祉・介護 障がい者福祉 子育て・教育 表示 妊娠・出産・子育て 教育 歴史・文化 産業・しごと 表示 雇用・労働 産業振興 農林業支援 行政情報 表示 町長の部屋 南木曽町の概要 公共施設 電話帳 財政 ふるさと納税 施策・計画 まちづくり 議会 統計 広報・広聴 リニア対策 各種委員会・協議会 入札・契約 各課の窓口 Language 背景色
44	大桑村	大桑村歴史民俗資料館	https://www.vill.okuwa.lg.jp/kosodate-kyoiku/okuwamura_rekishiminzokushiryokan/rekishiminzoku_shiryoukan.html	大桑村歴史民俗資料館 | 大桑村公式サイト サイト内検索 防災情報 Translate 文字サイズ： 標準 大 トップ 子育て・教育 大桑村歴史民俗資料館 大桑村歴史民俗資料館 大桑村歴史民俗資料館 更新日：2026年07月07日 お知らせ 料金等の改定について 資料館運営を見直し、令和８年４月１日から別添のとおり観覧料等を改定します。 ご負担をおかけしますが、ご理解ご協力をお願いします。 詳細は 歴史民俗資料館からのお知らせ をご覧ください。 ＊生涯学習係 公式ＳＮＳ＊ 生涯学習係からイベントや講座等の情報を発信します！ 大桑村教育委員会生涯学習係 Facebook公式アカウント 大桑村教育委員会生涯学習係公式ＳＮＳ運用方針（362.7kbyte） 企画展・イベント ＊開催日・期間は変更になる場合があります ＊内容、チラシは決まり次第お知らせします 企画展・イベント名 開催日・期間 内 容 チラシ Kazuイラスト展「点点」
43	大桑村	大桑村すこやか子育て応援事業	https://www.vill.okuwa.lg.jp/kurashi/joseikin/sukoyakakosodate.html	大桑村すこやか子育て応援事業 | 大桑村公式サイト サイト内検索 防災情報 Translate 文字サイズ： 標準 大 トップ くらし 助成金 大桑村すこやか子育て応援事業 大桑村すこやか子育て応援事業 更新日：2022年02月22日 次代を担う子供たちの健やかな成長を応援し、出産祝金・入学祝金を支給します。 概要 支給対象者 村内に住民登録があり児童を養育している人 支給額（1児につき） 出産祝金 50,000円 小学校入学祝金 50,000円 中学校入学祝金 50,000円 ※対象に条件があります。 申請方法 支給対象の人に通知します。 「大桑村すこやか子育て応援事業祝金支給申請書」に必要事項を記入して提出してください。 この記事へのお問い合わせ先 大桑村役場 住民課 住民係 住所：長野県木曽郡大桑村大字長野880番地１／ 電話番号：0264-55-3080／ FAX番号：0264-55-4134 アンケート このページは役
43	木曽町	木曽町ふるさと納税の手続きのご案内	https://www.town-kiso.com/chousei/furusato/100181/101421/	木曽町ふるさと納税の手続きのご案内 - 木曽町公式サイト このサイトではJavascriptを使用しています。現在、JavaScriptが無効のため一部機能をご使用いただけません。 サイトマップ サイト内検索 白 黒 黄 背景の色 大 中 小 文字の大きさ 閉じる ホーム 暮らし 手続き 移住・住まい 各種補助金・支援金 水道・下水道 道路・交通 農林業 就職・労働 税金 届出・証明・住民の手続き 生活環境 健康･福祉 健康・医療 食育 福祉 子ども･教育 各種補助金・支援金 小中学校 妊娠・子育て 学童クラブ 子育て支援情報 認定こども園 事業者の方へ 各種補助金・支援金 企業支援・企業立地 入札・契約 お知らせ 町政情報 各種補助金・支援金 木曽町選挙管理委員会 木曽町の概要 木曽町例規集 公有財産の売却 採用情報 施策・計画 審議会・委員会 耐震診断 地域自治組織 財政運営 ふるさと納税 まちづくり 議会 広報・広聴 統計
43	木曽町	令和8年8月9日執行 長野県知事選挙のお知らせ	https://www.town-kiso.com/chousei/senkyo/100393/102413/	令和8年8月9日執行 長野県知事選挙のお知らせ - 木曽町公式サイト このサイトではJavascriptを使用しています。現在、JavaScriptが無効のため一部機能をご使用いただけません。 サイトマップ サイト内検索 白 黒 黄 背景の色 大 中 小 文字の大きさ 閉じる ホーム 暮らし 手続き 移住・住まい 各種補助金・支援金 水道・下水道 道路・交通 農林業 就職・労働 税金 届出・証明・住民の手続き 生活環境 健康･福祉 健康・医療 食育 福祉 子ども･教育 各種補助金・支援金 小中学校 妊娠・子育て 学童クラブ 子育て支援情報 認定こども園 事業者の方へ 各種補助金・支援金 企業支援・企業立地 入札・契約 お知らせ 町政情報 各種補助金・支援金 木曽町選挙管理委員会 木曽町の概要 木曽町例規集 公有財産の売却 採用情報 施策・計画 審議会・委員会 耐震診断 地域自治組織 財政運営 ふるさと納税 まちづくり 議会 広報
43	木曽町	令和8年度 入札公告について（公告第35・36号）	https://www.town-kiso.com/jigyosha/nyusatsu/100148/102398/	令和8年度 入札公告について（公告第35・36号） - 木曽町公式サイト このサイトではJavascriptを使用しています。現在、JavaScriptが無効のため一部機能をご使用いただけません。 サイトマップ サイト内検索 白 黒 黄 背景の色 大 中 小 文字の大きさ 閉じる ホーム 暮らし 手続き 移住・住まい 各種補助金・支援金 水道・下水道 道路・交通 農林業 就職・労働 税金 届出・証明・住民の手続き 生活環境 健康･福祉 健康・医療 食育 福祉 子ども･教育 各種補助金・支援金 小中学校 妊娠・子育て 学童クラブ 子育て支援情報 認定こども園 事業者の方へ 各種補助金・支援金 企業支援・企業立地 入札・契約 お知らせ 町政情報 各種補助金・支援金 木曽町選挙管理委員会 木曽町の概要 木曽町例規集 公有財産の売却 採用情報 施策・計画 審議会・委員会 耐震診断 地域自治組織 財政運営 ふるさと納税 まちづくり 議会
43	木曽町	【終了】公募型プロポーザル（信州やまなみ国スポ木曽町開催競技会場等設計業務）に参加する事業者を募集します。	https://www.town-kiso.com/manabu/100072/100425/102388/	【終了】公募型プロポーザル（信州やまなみ国スポ木曽町開催競技会場等設計業務）に参加する事業者を募集します。 - 木曽町公式サイト このサイトではJavascriptを使用しています。現在、JavaScriptが無効のため一部機能をご使用いただけません。 サイトマップ サイト内検索 白 黒 黄 背景の色 大 中 小 文字の大きさ 閉じる ホーム 暮らし 手続き 移住・住まい 各種補助金・支援金 水道・下水道 道路・交通 農林業 就職・労働 税金 届出・証明・住民の手続き 生活環境 健康･福祉 健康・医療 食育 福祉 子ども･教育 各種補助金・支援金 小中学校 妊娠・子育て 学童クラブ 子育て支援情報 認定こども園 事業者の方へ 各種補助金・支援金 企業支援・企業立地 入札・契約 お知らせ 町政情報 各種補助金・支援金 木曽町選挙管理委員会 木曽町の概要 木曽町例規集 公有財産の売却 採用情報 施策・計画 審議会・委員会 耐震診断
43	木曽町	森林の土地の所有者届出	https://www.town-kiso.com/kurashi/nourin/100318/100727/	森林の土地の所有者届出 - 木曽町公式サイト このサイトではJavascriptを使用しています。現在、JavaScriptが無効のため一部機能をご使用いただけません。 サイトマップ サイト内検索 白 黒 黄 背景の色 大 中 小 文字の大きさ 閉じる ホーム 暮らし 手続き 移住・住まい 各種補助金・支援金 水道・下水道 道路・交通 農林業 就職・労働 税金 届出・証明・住民の手続き 生活環境 健康･福祉 健康・医療 食育 福祉 子ども･教育 各種補助金・支援金 小中学校 妊娠・子育て 学童クラブ 子育て支援情報 認定こども園 事業者の方へ 各種補助金・支援金 企業支援・企業立地 入札・契約 お知らせ 町政情報 各種補助金・支援金 木曽町選挙管理委員会 木曽町の概要 木曽町例規集 公有財産の売却 採用情報 施策・計画 審議会・委員会 耐震診断 地域自治組織 財政運営 ふるさと納税 まちづくり 議会 広報・広聴 統計 情報公開・
43	木曽町	令和7年度食事と生活習慣に関するアンケートを実施しました	https://www.town-kiso.com/fukushi/shokuiku/100408/102419/	令和7年度食事と生活習慣に関するアンケートを実施しました - 木曽町公式サイト このサイトではJavascriptを使用しています。現在、JavaScriptが無効のため一部機能をご使用いただけません。 サイトマップ サイト内検索 白 黒 黄 背景の色 大 中 小 文字の大きさ 閉じる ホーム 暮らし 手続き 移住・住まい 各種補助金・支援金 水道・下水道 道路・交通 農林業 就職・労働 税金 届出・証明・住民の手続き 生活環境 健康･福祉 健康・医療 食育 福祉 子ども･教育 各種補助金・支援金 小中学校 妊娠・子育て 学童クラブ 子育て支援情報 認定こども園 事業者の方へ 各種補助金・支援金 企業支援・企業立地 入札・契約 お知らせ 町政情報 各種補助金・支援金 木曽町選挙管理委員会 木曽町の概要 木曽町例規集 公有財産の売却 採用情報 施策・計画 審議会・委員会 耐震診断 地域自治組織 財政運営 ふるさと納税 まちづくり
41	木祖村	令和6年度	https://www.vill.kiso.nagano.jp/gyoseijoho/koho/koho_r6.html	令和6年度 | 信州木祖村 このページの本文へ 木祖村 --> 木祖村 サイト内検索 検索 Translate 文字サイズ 標準 大 TOP 令和6年度 令和6年度 更新日： 2026年05月28日 広報きそ388号 (令和7年1月23日発行）（4,520.2kbyte） 主な内容 P02～P03 新年のご挨拶 P04～P06 令和6年度木祖村表彰式 P07 木祖村消防団出初式 P08 人権擁護委員候補者を募集します P09 生活改善推進の見直しについて P10～P11 第51回木祖村文化祭展示会・芸能祭 P12 公民館だより P13 源流のもりクラブニュース P14 保健室だより P15 マイナ保険証がなくても保険診療を受けられます P16～P17 木祖村地域おこし協力隊員の6人から皆さんへのお便り P18～P19 税の窓口 P20 伊藤一生の恋愛コラム P21 観光協会だより P22 保育園＆子育て支援センターだより P23
41	大桑村	広報おおくわ（令和8年）	https://www.vill.okuwa.lg.jp/okuwa/koho/koho_r8.html	広報おおくわ（令和8年） | 大桑村公式サイト サイト内検索 防災情報 Translate 文字サイズ： 標準 大 トップ 大桑村について 広報おおくわ 広報おおくわ（令和8年） 広報おおくわ（令和8年） 更新日：2026年07月09日 令和８年の広報おおくわ 画像をクリックすると、PDFが開きます。 広報おおくわ７月号 （5,016.6kbyte） 表紙 保育園 遠足 ２～３ページ 『大桑村男女共同参画基本計画』がスタートしました ３ページ 関西電力㈱・村共同環境整備 ４ページ 地域おこし協力隊です。（神保） 阿寺渓谷 夏季の車両進入規制 サマージャンボ宝くじ発売中 ５ページ 村長コラム 第20回「天夏祭り」 ​青少年の被害・非行防止全国強調月間 おもちゃ花火はルールを守って使いましょう ６～７ページ 資格確認書等の更新について ８ページ 後期高齢者医療保険料率が決まりました ９ページ 包括支援センターだより「認知症の前段階『
41	木曽町	令和8年4月以降の木曽地域のお産について	https://www.town-kiso.com/kodomo/100070/100334/102312/	令和8年4月以降の木曽地域のお産について - 木曽町公式サイト このサイトではJavascriptを使用しています。現在、JavaScriptが無効のため一部機能をご使用いただけません。 サイトマップ サイト内検索 白 黒 黄 背景の色 大 中 小 文字の大きさ 閉じる ホーム 暮らし 手続き 移住・住まい 各種補助金・支援金 水道・下水道 道路・交通 農林業 就職・労働 税金 届出・証明・住民の手続き 生活環境 健康･福祉 健康・医療 食育 福祉 子ども･教育 各種補助金・支援金 小中学校 妊娠・子育て 学童クラブ 子育て支援情報 認定こども園 事業者の方へ 各種補助金・支援金 企業支援・企業立地 入札・契約 お知らせ 町政情報 各種補助金・支援金 木曽町選挙管理委員会 木曽町の概要 木曽町例規集 公有財産の売却 採用情報 施策・計画 審議会・委員会 耐震診断 地域自治組織 財政運営 ふるさと納税 まちづくり 議会 広報・広聴
41	木曽町	木曽町移住サポートセンター	https://www.town-kiso.com/kurashi/sumai/100294/100704/	木曽町移住サポートセンター - 木曽町公式サイト このサイトではJavascriptを使用しています。現在、JavaScriptが無効のため一部機能をご使用いただけません。 サイトマップ サイト内検索 白 黒 黄 背景の色 大 中 小 文字の大きさ 閉じる ホーム 暮らし 手続き 移住・住まい 各種補助金・支援金 水道・下水道 道路・交通 農林業 就職・労働 税金 届出・証明・住民の手続き 生活環境 健康･福祉 健康・医療 食育 福祉 子ども･教育 各種補助金・支援金 小中学校 妊娠・子育て 学童クラブ 子育て支援情報 認定こども園 事業者の方へ 各種補助金・支援金 企業支援・企業立地 入札・契約 お知らせ 町政情報 各種補助金・支援金 木曽町選挙管理委員会 木曽町の概要 木曽町例規集 公有財産の売却 採用情報 施策・計画 審議会・委員会 耐震診断 地域自治組織 財政運営 ふるさと納税 まちづくり 議会 広報・広聴 統計 情報公
40	木曽町	ファミリーサポーター養成講座の開催について	https://www.town-kiso.com/kodomo/100070/100331/102375/	ファミリーサポーター養成講座の開催について - 木曽町公式サイト このサイトではJavascriptを使用しています。現在、JavaScriptが無効のため一部機能をご使用いただけません。 サイトマップ サイト内検索 白 黒 黄 背景の色 大 中 小 文字の大きさ 閉じる ホーム 暮らし 手続き 移住・住まい 各種補助金・支援金 水道・下水道 道路・交通 農林業 就職・労働 税金 届出・証明・住民の手続き 生活環境 健康･福祉 健康・医療 食育 福祉 子ども･教育 各種補助金・支援金 小中学校 妊娠・子育て 学童クラブ 子育て支援情報 認定こども園 事業者の方へ 各種補助金・支援金 企業支援・企業立地 入札・契約 お知らせ 町政情報 各種補助金・支援金 木曽町選挙管理委員会 木曽町の概要 木曽町例規集 公有財産の売却 採用情報 施策・計画 審議会・委員会 耐震診断 地域自治組織 財政運営 ふるさと納税 まちづくり 議会 広報・広
40	木曽町	妊娠が分かったら	https://www.town-kiso.com/kodomo/100070/100334/	妊娠が分かったら - 木曽町公式サイト このサイトではJavascriptを使用しています。現在、JavaScriptが無効のため一部機能をご使用いただけません。 サイトマップ サイト内検索 白 黒 黄 背景の色 大 中 小 文字の大きさ 閉じる ホーム 暮らし 手続き 移住・住まい 各種補助金・支援金 水道・下水道 道路・交通 農林業 就職・労働 税金 届出・証明・住民の手続き 生活環境 健康･福祉 健康・医療 食育 福祉 子ども･教育 各種補助金・支援金 小中学校 妊娠・子育て 学童クラブ 子育て支援情報 認定こども園 事業者の方へ 各種補助金・支援金 企業支援・企業立地 入札・契約 お知らせ 町政情報 各種補助金・支援金 木曽町選挙管理委員会 木曽町の概要 木曽町例規集 公有財産の売却 採用情報 施策・計画 審議会・委員会 耐震診断 地域自治組織 財政運営 ふるさと納税 まちづくり 議会 広報・広聴 統計 情報公開・個人情
40	木曽町	乳幼児の健診・教室	https://www.town-kiso.com/kodomo/100070/100332/	乳幼児の健診・教室 - 木曽町公式サイト このサイトではJavascriptを使用しています。現在、JavaScriptが無効のため一部機能をご使用いただけません。 サイトマップ サイト内検索 白 黒 黄 背景の色 大 中 小 文字の大きさ 閉じる ホーム 暮らし 手続き 移住・住まい 各種補助金・支援金 水道・下水道 道路・交通 農林業 就職・労働 税金 届出・証明・住民の手続き 生活環境 健康･福祉 健康・医療 食育 福祉 子ども･教育 各種補助金・支援金 小中学校 妊娠・子育て 学童クラブ 子育て支援情報 認定こども園 事業者の方へ 各種補助金・支援金 企業支援・企業立地 入札・契約 お知らせ 町政情報 各種補助金・支援金 木曽町選挙管理委員会 木曽町の概要 木曽町例規集 公有財産の売却 採用情報 施策・計画 審議会・委員会 耐震診断 地域自治組織 財政運営 ふるさと納税 まちづくり 議会 広報・広聴 統計 情報公開・個人
39	木祖村	木祖村	https://www.vill.kiso.nagano.jp/kurashi_joho/iju_teiju/miyanomori_town_bunnjyou.html	 文字サイズ 標準 大 TOP 暮らしの情報 移住・定住 宮の森タウン分譲のご案内 宮の森タウン分譲のご案内 更新日： 2025年12月03日 宮の森タウンの宅地を分譲中です。 木曽川源流の里の四季の自然の中で、マイホームの夢を叶えてみませんか? 分譲案内は こちら（163.2kbyte） 分譲案内図は こちら（546.7kbyte） 移住者の方に対しては、補助金があります。詳しくは こちら 分譲宅地の主な内容（詳しくは分譲案内をご覧ください） 所在地 木曽郡木祖村大字小木曽 分譲区画 ４区画 区画面積 ４２８．７２～４９９．９２m 2 （約１２９坪～１５１坪） 地域指定 都市計画区域外 公園緑地 １ヶ所 電気 中部電力（株） ガス LPガス 上下水道 完備 別途加入負担金（上水道２，５００円 下水道２５０，０００円） テレビ 木曽広域ケーブルテレビ加入 交通及び周辺施設までのおおよその距離と時間 ■塩尻IC：車で４５分 ■伊那
38	木曽町	空き家バンク登録物件	https://www.town-kiso.com/kurashi/sumai/akiya/	空き家バンク登録物件 - 木曽町公式サイト このサイトではJavascriptを使用しています。現在、JavaScriptが無効のため一部機能をご使用いただけません。 サイトマップ サイト内検索 白 黒 黄 背景の色 大 中 小 文字の大きさ 閉じる ホーム 暮らし 手続き 移住・住まい 各種補助金・支援金 水道・下水道 道路・交通 農林業 就職・労働 税金 届出・証明・住民の手続き 生活環境 健康･福祉 健康・医療 食育 福祉 子ども･教育 各種補助金・支援金 小中学校 妊娠・子育て 学童クラブ 子育て支援情報 認定こども園 事業者の方へ 各種補助金・支援金 企業支援・企業立地 入札・契約 お知らせ 町政情報 各種補助金・支援金 木曽町選挙管理委員会 木曽町の概要 木曽町例規集 公有財産の売却 採用情報 施策・計画 審議会・委員会 耐震診断 地域自治組織 財政運営 ふるさと納税 まちづくり 議会 広報・広聴 統計 情報公開・個
38	木曽町	木曽駒高原保健休養地物件情報	https://www.town-kiso.com/kurashi/sumai/jyutaku/	木曽駒高原保健休養地物件情報 - 木曽町公式サイト このサイトではJavascriptを使用しています。現在、JavaScriptが無効のため一部機能をご使用いただけません。 サイトマップ サイト内検索 白 黒 黄 背景の色 大 中 小 文字の大きさ 閉じる ホーム 暮らし 手続き 移住・住まい 各種補助金・支援金 水道・下水道 道路・交通 農林業 就職・労働 税金 届出・証明・住民の手続き 生活環境 健康･福祉 健康・医療 食育 福祉 子ども･教育 各種補助金・支援金 小中学校 妊娠・子育て 学童クラブ 子育て支援情報 認定こども園 事業者の方へ 各種補助金・支援金 企業支援・企業立地 入札・契約 お知らせ 町政情報 各種補助金・支援金 木曽町選挙管理委員会 木曽町の概要 木曽町例規集 公有財産の売却 採用情報 施策・計画 審議会・委員会 耐震診断 地域自治組織 財政運営 ふるさと納税 まちづくり 議会 広報・広聴 統計 情報
37	南木曽町	地方税法第422条の3の通知書の廃止	https://www.town.nagiso.nagano.jp/0000000129.html	から文字サイズを変更してください。文字サイズ変更以外にも，操作性向上の目的でJavaScript（アクティブスクリプト）を用いた機能を提供しています。可能であればJavaScript（アクティブスクリプト）を有効にしてください。 メニュー 閉じる トップページ くらし・手続き 表示 届出・証明 税金 保険・年金 道路・河川・建築 交通 ゴミ・環境 上下水道 補助金・助成金 給付金・支援金 申請書ダウンロード 移住・住まい 防災・防犯・安全 医療・健康・福祉 表示 緊急 医療・健康 高齢者福祉・介護 障がい者福祉 子育て・教育 表示 妊娠・出産・子育て 教育 歴史・文化 産業・しごと 表示 雇用・労働 産業振興 農林業支援 行政情報 表示 町長の部屋 南木曽町の概要 公共施設 電話帳 財政 ふるさと納税 施策・計画 まちづくり 議会 統計 広報・広聴 リニア対策 各種委員会・協議会 入札・契約 各課の窓口 Language 背景色
37	大桑村	住宅・建築物耐震診断および既存住宅耐震補強補助金	https://www.vill.okuwa.lg.jp/kurashi/sumai-jukyo/jutakuhojoseido/shindan_hojokin.html	住宅・建築物耐震診断および既存住宅耐震補強補助金 | 大桑村公式サイト サイト内検索 防災情報 Translate 文字サイズ： 標準 大 トップ くらし 住まい・住居 住宅に関連する補助制度 住宅・建築物耐震診断および既存住宅耐震補強補助金 住宅・建築物耐震診断および既存住宅耐震補強補助金 更新日：2025年05月09日 大桑村では地震での家屋の倒壊を防止するため、住宅・建築物耐震診断事業と既存住宅耐震補強補助金事業を実施しています。 住宅・建築物耐震診断事業 耐震診断の対象となる住宅・建築物 既存木造住宅 次のいずれにも該当するもの 昭和56年5月31日以前に建築工事に着手した住宅 木造在来工法の住宅 長屋及び共同住宅以外の個人所有の住宅（戸建又は併用住宅） その他の住宅 次に該当するもの 昭和56年5月31日以前に着工された既存木造住宅以外の住宅 避難施設 次のいずれにも該当するもの 昭和56年5月31日以前に着工された建
37	木曽町	令和９年度採用 木曽町職員の募集について	https://www.town-kiso.com/chousei/saiyou/100158/102382/	令和９年度採用 木曽町職員の募集について - 木曽町公式サイト このサイトではJavascriptを使用しています。現在、JavaScriptが無効のため一部機能をご使用いただけません。 サイトマップ サイト内検索 白 黒 黄 背景の色 大 中 小 文字の大きさ 閉じる ホーム 暮らし 手続き 移住・住まい 各種補助金・支援金 水道・下水道 道路・交通 農林業 就職・労働 税金 届出・証明・住民の手続き 生活環境 健康･福祉 健康・医療 食育 福祉 子ども･教育 各種補助金・支援金 小中学校 妊娠・子育て 学童クラブ 子育て支援情報 認定こども園 事業者の方へ 各種補助金・支援金 企業支援・企業立地 入札・契約 お知らせ 町政情報 各種補助金・支援金 木曽町選挙管理委員会 木曽町の概要 木曽町例規集 公有財産の売却 採用情報 施策・計画 審議会・委員会 耐震診断 地域自治組織 財政運営 ふるさと納税 まちづくり 議会 広報・広聴
37	木曽町	木曽町生活交通システム時刻表【令和８年４月以降】	https://www.town-kiso.com/kurashi/douro/100071/102290/	木曽町生活交通システム時刻表【令和８年４月以降】 - 木曽町公式サイト このサイトではJavascriptを使用しています。現在、JavaScriptが無効のため一部機能をご使用いただけません。 サイトマップ サイト内検索 白 黒 黄 背景の色 大 中 小 文字の大きさ 閉じる ホーム 暮らし 手続き 移住・住まい 各種補助金・支援金 水道・下水道 道路・交通 農林業 就職・労働 税金 届出・証明・住民の手続き 生活環境 健康･福祉 健康・医療 食育 福祉 子ども･教育 各種補助金・支援金 小中学校 妊娠・子育て 学童クラブ 子育て支援情報 認定こども園 事業者の方へ 各種補助金・支援金 企業支援・企業立地 入札・契約 お知らせ 町政情報 各種補助金・支援金 木曽町選挙管理委員会 木曽町の概要 木曽町例規集 公有財産の売却 採用情報 施策・計画 審議会・委員会 耐震診断 地域自治組織 財政運営 ふるさと納税 まちづくり 議会 広
37	木曽町	【日本赤十字社】各義援金・救援金の受付について	https://www.town-kiso.com/bousai/gien/100287/100544/	【日本赤十字社】各義援金・救援金の受付について - 木曽町公式サイト このサイトではJavascriptを使用しています。現在、JavaScriptが無効のため一部機能をご使用いただけません。 サイトマップ サイト内検索 白 黒 黄 背景の色 大 中 小 文字の大きさ 閉じる ホーム 暮らし 手続き 移住・住まい 各種補助金・支援金 水道・下水道 道路・交通 農林業 就職・労働 税金 届出・証明・住民の手続き 生活環境 健康･福祉 健康・医療 食育 福祉 子ども･教育 各種補助金・支援金 小中学校 妊娠・子育て 学童クラブ 子育て支援情報 認定こども園 事業者の方へ 各種補助金・支援金 企業支援・企業立地 入札・契約 お知らせ 町政情報 各種補助金・支援金 木曽町選挙管理委員会 木曽町の概要 木曽町例規集 公有財産の売却 採用情報 施策・計画 審議会・委員会 耐震診断 地域自治組織 財政運営 ふるさと納税 まちづくり 議会 広報
37	木曽町	開田高原星空観察会について	https://www.town-kiso.com/chousei/chiiki/100172/102416/	開田高原星空観察会について - 木曽町公式サイト このサイトではJavascriptを使用しています。現在、JavaScriptが無効のため一部機能をご使用いただけません。 サイトマップ サイト内検索 白 黒 黄 背景の色 大 中 小 文字の大きさ 閉じる ホーム 暮らし 手続き 移住・住まい 各種補助金・支援金 水道・下水道 道路・交通 農林業 就職・労働 税金 届出・証明・住民の手続き 生活環境 健康･福祉 健康・医療 食育 福祉 子ども･教育 各種補助金・支援金 小中学校 妊娠・子育て 学童クラブ 子育て支援情報 認定こども園 事業者の方へ 各種補助金・支援金 企業支援・企業立地 入札・契約 お知らせ 町政情報 各種補助金・支援金 木曽町選挙管理委員会 木曽町の概要 木曽町例規集 公有財産の売却 採用情報 施策・計画 審議会・委員会 耐震診断 地域自治組織 財政運営 ふるさと納税 まちづくり 議会 広報・広聴 統計 情報公
37	木曽町	開田高原星空観望会について	https://www.town-kiso.com/chousei/chiiki/100172/102415/	開田高原星空観望会について - 木曽町公式サイト このサイトではJavascriptを使用しています。現在、JavaScriptが無効のため一部機能をご使用いただけません。 サイトマップ サイト内検索 白 黒 黄 背景の色 大 中 小 文字の大きさ 閉じる ホーム 暮らし 手続き 移住・住まい 各種補助金・支援金 水道・下水道 道路・交通 農林業 就職・労働 税金 届出・証明・住民の手続き 生活環境 健康･福祉 健康・医療 食育 福祉 子ども･教育 各種補助金・支援金 小中学校 妊娠・子育て 学童クラブ 子育て支援情報 認定こども園 事業者の方へ 各種補助金・支援金 企業支援・企業立地 入札・契約 お知らせ 町政情報 各種補助金・支援金 木曽町選挙管理委員会 木曽町の概要 木曽町例規集 公有財産の売却 採用情報 施策・計画 審議会・委員会 耐震診断 地域自治組織 財政運営 ふるさと納税 まちづくり 議会 広報・広聴 統計 情報公
37	木曽町	木曽町AED(自動体外式除細動器)設置場所マップ	https://www.town-kiso.com/bousai/100071/100388/100976/	木曽町AED(自動体外式除細動器)設置場所マップ - 木曽町公式サイト このサイトではJavascriptを使用しています。現在、JavaScriptが無効のため一部機能をご使用いただけません。 サイトマップ サイト内検索 白 黒 黄 背景の色 大 中 小 文字の大きさ 閉じる ホーム 暮らし 手続き 移住・住まい 各種補助金・支援金 水道・下水道 道路・交通 農林業 就職・労働 税金 届出・証明・住民の手続き 生活環境 健康･福祉 健康・医療 食育 福祉 子ども･教育 各種補助金・支援金 小中学校 妊娠・子育て 学童クラブ 子育て支援情報 認定こども園 事業者の方へ 各種補助金・支援金 企業支援・企業立地 入札・契約 お知らせ 町政情報 各種補助金・支援金 木曽町選挙管理委員会 木曽町の概要 木曽町例規集 公有財産の売却 採用情報 施策・計画 審議会・委員会 耐震診断 地域自治組織 財政運営 ふるさと納税 まちづくり 議会 広
37	木曽町	〜6月は食育月間〜ほお葉寿司を作ろう！	https://www.town-kiso.com/fukushi/shokuiku/100343/102378/	〜6月は食育月間〜ほお葉寿司を作ろう！ - 木曽町公式サイト このサイトではJavascriptを使用しています。現在、JavaScriptが無効のため一部機能をご使用いただけません。 サイトマップ サイト内検索 白 黒 黄 背景の色 大 中 小 文字の大きさ 閉じる ホーム 暮らし 手続き 移住・住まい 各種補助金・支援金 水道・下水道 道路・交通 農林業 就職・労働 税金 届出・証明・住民の手続き 生活環境 健康･福祉 健康・医療 食育 福祉 子ども･教育 各種補助金・支援金 小中学校 妊娠・子育て 学童クラブ 子育て支援情報 認定こども園 事業者の方へ 各種補助金・支援金 企業支援・企業立地 入札・契約 お知らせ 町政情報 各種補助金・支援金 木曽町選挙管理委員会 木曽町の概要 木曽町例規集 公有財産の売却 採用情報 施策・計画 審議会・委員会 耐震診断 地域自治組織 財政運営 ふるさと納税 まちづくり 議会 広報・広聴
37	木曽町	木曽町食生活改善推進協議会	https://www.town-kiso.com/fukushi/shokuiku/100100/100159/	木曽町食生活改善推進協議会 - 木曽町公式サイト このサイトではJavascriptを使用しています。現在、JavaScriptが無効のため一部機能をご使用いただけません。 サイトマップ サイト内検索 白 黒 黄 背景の色 大 中 小 文字の大きさ 閉じる ホーム 暮らし 手続き 移住・住まい 各種補助金・支援金 水道・下水道 道路・交通 農林業 就職・労働 税金 届出・証明・住民の手続き 生活環境 健康･福祉 健康・医療 食育 福祉 子ども･教育 各種補助金・支援金 小中学校 妊娠・子育て 学童クラブ 子育て支援情報 認定こども園 事業者の方へ 各種補助金・支援金 企業支援・企業立地 入札・契約 お知らせ 町政情報 各種補助金・支援金 木曽町選挙管理委員会 木曽町の概要 木曽町例規集 公有財産の売却 採用情報 施策・計画 審議会・委員会 耐震診断 地域自治組織 財政運営 ふるさと納税 まちづくり 議会 広報・広聴 統計 情報公
37	木曽町	子育て支援	https://www.town-kiso.com/kodomo/hojyokin2/100261/	子育て支援 - 木曽町公式サイト このサイトではJavascriptを使用しています。現在、JavaScriptが無効のため一部機能をご使用いただけません。 サイトマップ サイト内検索 白 黒 黄 背景の色 大 中 小 文字の大きさ 閉じる ホーム 暮らし 手続き 移住・住まい 各種補助金・支援金 水道・下水道 道路・交通 農林業 就職・労働 税金 届出・証明・住民の手続き 生活環境 健康･福祉 健康・医療 食育 福祉 子ども･教育 各種補助金・支援金 小中学校 妊娠・子育て 学童クラブ 子育て支援情報 認定こども園 事業者の方へ 各種補助金・支援金 企業支援・企業立地 入札・契約 お知らせ 町政情報 各種補助金・支援金 木曽町選挙管理委員会 木曽町の概要 木曽町例規集 公有財産の売却 採用情報 施策・計画 審議会・委員会 耐震診断 地域自治組織 財政運営 ふるさと納税 まちづくり 議会 広報・広聴 統計 情報公開・個人情報保護
37	木曽町	就学に係る各種補助金制度	https://www.town-kiso.com/kodomo/hojyokin2/100110/	就学に係る各種補助金制度 - 木曽町公式サイト このサイトではJavascriptを使用しています。現在、JavaScriptが無効のため一部機能をご使用いただけません。 サイトマップ サイト内検索 白 黒 黄 背景の色 大 中 小 文字の大きさ 閉じる ホーム 暮らし 手続き 移住・住まい 各種補助金・支援金 水道・下水道 道路・交通 農林業 就職・労働 税金 届出・証明・住民の手続き 生活環境 健康･福祉 健康・医療 食育 福祉 子ども･教育 各種補助金・支援金 小中学校 妊娠・子育て 学童クラブ 子育て支援情報 認定こども園 事業者の方へ 各種補助金・支援金 企業支援・企業立地 入札・契約 お知らせ 町政情報 各種補助金・支援金 木曽町選挙管理委員会 木曽町の概要 木曽町例規集 公有財産の売却 採用情報 施策・計画 審議会・委員会 耐震診断 地域自治組織 財政運営 ふるさと納税 まちづくり 議会 広報・広聴 統計 情報公開
36	木曽町	産後ケア事業	https://www.town-kiso.com/kodomo/100070/100331/102084/	産後ケア事業 - 木曽町公式サイト このサイトではJavascriptを使用しています。現在、JavaScriptが無効のため一部機能をご使用いただけません。 サイトマップ サイト内検索 白 黒 黄 背景の色 大 中 小 文字の大きさ 閉じる ホーム 暮らし 手続き 移住・住まい 各種補助金・支援金 水道・下水道 道路・交通 農林業 就職・労働 税金 届出・証明・住民の手続き 生活環境 健康･福祉 健康・医療 食育 福祉 子ども･教育 各種補助金・支援金 小中学校 妊娠・子育て 学童クラブ 子育て支援情報 認定こども園 事業者の方へ 各種補助金・支援金 企業支援・企業立地 入札・契約 お知らせ 町政情報 各種補助金・支援金 木曽町選挙管理委員会 木曽町の概要 木曽町例規集 公有財産の売却 採用情報 施策・計画 審議会・委員会 耐震診断 地域自治組織 財政運営 ふるさと納税 まちづくり 議会 広報・広聴 統計 情報公開・個人情報保
35	南木曽町	「南木曽町事業者等に対するエネルギー価格高騰対策給付金交付事業」について	https://www.town.nagiso.nagano.jp/0000000368.html	「南木曽町事業者等に対するエネルギー価格高騰対策給付金交付事業」について | 南木曽町役場 ページの先頭です 共通メニューなどをスキップして本文へ 各課の窓口 Language 文字サイズ 標準 拡大 背景色 標準 反転 検索 ID検索 ID検索 閉じる 文字サイズ変更機能を利用するにはJavaScript（アクティブスクリプト）を有効にしてください。JavaScript（アクティブスクリプト） を無効のまま文字サイズを変更する場合には，ご利用のブラウザの表示メニューから文字サイズを変更してください。文字サイズ変更以外にも，操作性向上の目的でJavaScript（アクティブスクリプト）を用いた機能を提供しています。可能であればJavaScript（アクティブスクリプト）を有効にしてください。 メニュー 閉じる トップページ くらし・手続き 表示 届出・証明 税金 保険・年金 道路・河川・建築 交通 ゴミ・環境 上下水道 補助金・
35	南木曽町	南木曽町生ごみ処理機等購入費補助金	https://www.town.nagiso.nagano.jp/0000000240.html	南木曽町生ごみ処理機等購入費補助金 | 南木曽町役場 ページの先頭です 共通メニューなどをスキップして本文へ 各課の窓口 Language 文字サイズ 標準 拡大 背景色 標準 反転 検索 ID検索 ID検索 閉じる 文字サイズ変更機能を利用するにはJavaScript（アクティブスクリプト）を有効にしてください。JavaScript（アクティブスクリプト） を無効のまま文字サイズを変更する場合には，ご利用のブラウザの表示メニューから文字サイズを変更してください。文字サイズ変更以外にも，操作性向上の目的でJavaScript（アクティブスクリプト）を用いた機能を提供しています。可能であればJavaScript（アクティブスクリプト）を有効にしてください。 メニュー 閉じる トップページ くらし・手続き 表示 届出・証明 税金 保険・年金 道路・河川・建築 交通 ゴミ・環境 上下水道 補助金・助成金 給付金・支援金 申請書ダウンロ
35	大桑村	UIJターン就業・創業移住支援事業補助金	https://www.vill.okuwa.lg.jp/okuwa/iju-teiju/uji_hojokinn.html	UIJターン就業・創業移住支援事業補助金 | 大桑村公式サイト サイト内検索 防災情報 Translate 文字サイズ： 標準 大 トップ 大桑村について 移住・定住 UIJターン就業・創業移住支援事業補助金 UIJターン就業・創業移住支援事業補助金 更新日：2026年04月01日 村では、移住・定住の促進や村内企業等の担い手不足の解消、地域課題の解決を図るため、東京圏（埼玉県、千葉県、東京都及び神奈川県）、愛知県又は大阪府から移住し、村内で要件を満たす就業・創業等をした人へ移住支援金を交付します。 交付対象者 この事業の対象者は「移住等に関する要件」を満たしており、かつ「就業に関する要件」または「創業等に関する要件」のどちらかを満たしている人です。以下は主な要件の抜粋です。詳細は大桑村（UIJターン）就業・創業移住支援事業補助金交付要綱をご覧ください。 移住等に関する要件 移住等に関する要件は、次のア、イをどちらも満たす必要が
34	南木曽町	ごみの収集	https://www.town.nagiso.nagano.jp/0000000231.html	から文字サイズを変更してください。文字サイズ変更以外にも，操作性向上の目的でJavaScript（アクティブスクリプト）を用いた機能を提供しています。可能であればJavaScript（アクティブスクリプト）を有効にしてください。 メニュー 閉じる トップページ くらし・手続き 表示 届出・証明 税金 保険・年金 道路・河川・建築 交通 ゴミ・環境 上下水道 補助金・助成金 給付金・支援金 申請書ダウンロード 移住・住まい 防災・防犯・安全 医療・健康・福祉 表示 緊急 医療・健康 高齢者福祉・介護 障がい者福祉 子育て・教育 表示 妊娠・出産・子育て 教育 歴史・文化 産業・しごと 表示 雇用・労働 産業振興 農林業支援 行政情報 表示 町長の部屋 南木曽町の概要 公共施設 電話帳 財政 ふるさと納税 施策・計画 まちづくり 議会 統計 広報・広聴 リニア対策 各種委員会・協議会 入札・契約 各課の窓口 Language 背景色
34	木曽町	(no title)	https://www.town-kiso.com/	木曽町公式サイト --> このサイトではJavascriptを使用しています。現在、JavaScriptが無効のため一部機能をご使用いただけません。 閉じる メイン メニュー 暮らし 手続き 移住・住まい 各種補助金・支援金 水道・下水道 道路・交通 農林業 就職・労働 税金 届出・証明・住民の手続き 生活環境 健康･福祉 健康・医療 食育 福祉 子ども･教育 各種補助金・支援金 小中学校 妊娠・子育て 学童クラブ 子育て支援情報 認定こども園 事業者の方へ 各種補助金・支援金 企業支援・企業立地 入札・契約 お知らせ 町政情報 各種補助金・支援金 木曽町選挙管理委員会 木曽町の概要 木曽町例規集 公有財産の売却 採用情報 施策・計画 審議会・委員会 耐震診断 地域自治組織 財政運営 ふるさと納税 まちづくり 議会 広報・広聴 統計 情報公開・個人情報保護 監査 人事・職員 防災 生活安全 防災・災害 交通安全・防犯 被災者等支
34	木曽町	後期高齢者医療制度	https://www.town-kiso.com/fukushi/kenkou/100337/	後期高齢者医療制度 - 木曽町公式サイト このサイトではJavascriptを使用しています。現在、JavaScriptが無効のため一部機能をご使用いただけません。 サイトマップ サイト内検索 白 黒 黄 背景の色 大 中 小 文字の大きさ 閉じる ホーム 暮らし 手続き 移住・住まい 各種補助金・支援金 水道・下水道 道路・交通 農林業 就職・労働 税金 届出・証明・住民の手続き 生活環境 健康･福祉 健康・医療 食育 福祉 子ども･教育 各種補助金・支援金 小中学校 妊娠・子育て 学童クラブ 子育て支援情報 認定こども園 事業者の方へ 各種補助金・支援金 企業支援・企業立地 入札・契約 お知らせ 町政情報 各種補助金・支援金 木曽町選挙管理委員会 木曽町の概要 木曽町例規集 公有財産の売却 採用情報 施策・計画 審議会・委員会 耐震診断 地域自治組織 財政運営 ふるさと納税 まちづくり 議会 広報・広聴 統計 情報公開・個人
33	南木曽町	軽自動車税	https://www.town.nagiso.nagano.jp/0000000449.html	から文字サイズを変更してください。文字サイズ変更以外にも，操作性向上の目的でJavaScript（アクティブスクリプト）を用いた機能を提供しています。可能であればJavaScript（アクティブスクリプト）を有効にしてください。 メニュー 閉じる トップページ くらし・手続き 表示 届出・証明 税金 保険・年金 道路・河川・建築 交通 ゴミ・環境 上下水道 補助金・助成金 給付金・支援金 申請書ダウンロード 移住・住まい 防災・防犯・安全 医療・健康・福祉 表示 緊急 医療・健康 高齢者福祉・介護 障がい者福祉 子育て・教育 表示 妊娠・出産・子育て 教育 歴史・文化 産業・しごと 表示 雇用・労働 産業振興 農林業支援 行政情報 表示 町長の部屋 南木曽町の概要 公共施設 電話帳 財政 ふるさと納税 施策・計画 まちづくり 議会 統計 広報・広聴 リニア対策 各種委員会・協議会 入札・契約 各課の窓口 Language 背景色
33	南木曽町	国民年金の窓口	https://www.town.nagiso.nagano.jp/0000000144.html	から文字サイズを変更してください。文字サイズ変更以外にも，操作性向上の目的でJavaScript（アクティブスクリプト）を用いた機能を提供しています。可能であればJavaScript（アクティブスクリプト）を有効にしてください。 メニュー 閉じる トップページ くらし・手続き 表示 届出・証明 税金 保険・年金 道路・河川・建築 交通 ゴミ・環境 上下水道 補助金・助成金 給付金・支援金 申請書ダウンロード 移住・住まい 防災・防犯・安全 医療・健康・福祉 表示 緊急 医療・健康 高齢者福祉・介護 障がい者福祉 子育て・教育 表示 妊娠・出産・子育て 教育 歴史・文化 産業・しごと 表示 雇用・労働 産業振興 農林業支援 行政情報 表示 町長の部屋 南木曽町の概要 公共施設 電話帳 財政 ふるさと納税 施策・計画 まちづくり 議会 統計 広報・広聴 リニア対策 各種委員会・協議会 入札・契約 各課の窓口 Language 背景色
33	木曽町	こどもの医療のかかり方	https://www.town-kiso.com/fukushi/fukushi/100101/102162/	こどもの医療のかかり方 - 木曽町公式サイト このサイトではJavascriptを使用しています。現在、JavaScriptが無効のため一部機能をご使用いただけません。 サイトマップ サイト内検索 白 黒 黄 背景の色 大 中 小 文字の大きさ 閉じる ホーム 暮らし 手続き 移住・住まい 各種補助金・支援金 水道・下水道 道路・交通 農林業 就職・労働 税金 届出・証明・住民の手続き 生活環境 健康･福祉 健康・医療 食育 福祉 子ども･教育 各種補助金・支援金 小中学校 妊娠・子育て 学童クラブ 子育て支援情報 認定こども園 事業者の方へ 各種補助金・支援金 企業支援・企業立地 入札・契約 お知らせ 町政情報 各種補助金・支援金 木曽町選挙管理委員会 木曽町の概要 木曽町例規集 公有財産の売却 採用情報 施策・計画 審議会・委員会 耐震診断 地域自治組織 財政運営 ふるさと納税 まちづくり 議会 広報・広聴 統計 情報公開・
33	木曽町	児童手当	https://www.town-kiso.com/kodomo/100070/100330/	児童手当 - 木曽町公式サイト このサイトではJavascriptを使用しています。現在、JavaScriptが無効のため一部機能をご使用いただけません。 サイトマップ サイト内検索 白 黒 黄 背景の色 大 中 小 文字の大きさ 閉じる ホーム 暮らし 手続き 移住・住まい 各種補助金・支援金 水道・下水道 道路・交通 農林業 就職・労働 税金 届出・証明・住民の手続き 生活環境 健康･福祉 健康・医療 食育 福祉 子ども･教育 各種補助金・支援金 小中学校 妊娠・子育て 学童クラブ 子育て支援情報 認定こども園 事業者の方へ 各種補助金・支援金 企業支援・企業立地 入札・契約 お知らせ 町政情報 各種補助金・支援金 木曽町選挙管理委員会 木曽町の概要 木曽町例規集 公有財産の売却 採用情報 施策・計画 審議会・委員会 耐震診断 地域自治組織 財政運営 ふるさと納税 まちづくり 議会 広報・広聴 統計 情報公開・個人情報保護
32	南木曽町	南木曽町のふるさと納税	https://www.town.nagiso.nagano.jp/0000000063.html	から文字サイズを変更してください。文字サイズ変更以外にも，操作性向上の目的でJavaScript（アクティブスクリプト）を用いた機能を提供しています。可能であればJavaScript（アクティブスクリプト）を有効にしてください。 メニュー 閉じる トップページ くらし・手続き 表示 届出・証明 税金 保険・年金 道路・河川・建築 交通 ゴミ・環境 上下水道 補助金・助成金 給付金・支援金 申請書ダウンロード 移住・住まい 防災・防犯・安全 医療・健康・福祉 表示 緊急 医療・健康 高齢者福祉・介護 障がい者福祉 子育て・教育 表示 妊娠・出産・子育て 教育 歴史・文化 産業・しごと 表示 雇用・労働 産業振興 農林業支援 行政情報 表示 町長の部屋 南木曽町の概要 公共施設 電話帳 財政 ふるさと納税 施策・計画 まちづくり 議会 統計 広報・広聴 リニア対策 各種委員会・協議会 入札・契約 各課の窓口 Language 背景色
32	木曽町	人間ドック助成事業	https://www.town-kiso.com/kurashi/hojyokin1/100259/	人間ドック助成事業 - 木曽町公式サイト このサイトではJavascriptを使用しています。現在、JavaScriptが無効のため一部機能をご使用いただけません。 サイトマップ サイト内検索 白 黒 黄 背景の色 大 中 小 文字の大きさ 閉じる ホーム 暮らし 手続き 移住・住まい 各種補助金・支援金 水道・下水道 道路・交通 農林業 就職・労働 税金 届出・証明・住民の手続き 生活環境 健康･福祉 健康・医療 食育 福祉 子ども･教育 各種補助金・支援金 小中学校 妊娠・子育て 学童クラブ 子育て支援情報 認定こども園 事業者の方へ 各種補助金・支援金 企業支援・企業立地 入札・契約 お知らせ 町政情報 各種補助金・支援金 木曽町選挙管理委員会 木曽町の概要 木曽町例規集 公有財産の売却 採用情報 施策・計画 審議会・委員会 耐震診断 地域自治組織 財政運営 ふるさと納税 まちづくり 議会 広報・広聴 統計 情報公開・個人
32	木曽町	浄化槽	https://www.town-kiso.com/kurashi/hojyokin1/100258/	浄化槽 - 木曽町公式サイト このサイトではJavascriptを使用しています。現在、JavaScriptが無効のため一部機能をご使用いただけません。 サイトマップ サイト内検索 白 黒 黄 背景の色 大 中 小 文字の大きさ 閉じる ホーム 暮らし 手続き 移住・住まい 各種補助金・支援金 水道・下水道 道路・交通 農林業 就職・労働 税金 届出・証明・住民の手続き 生活環境 健康･福祉 健康・医療 食育 福祉 子ども･教育 各種補助金・支援金 小中学校 妊娠・子育て 学童クラブ 子育て支援情報 認定こども園 事業者の方へ 各種補助金・支援金 企業支援・企業立地 入札・契約 お知らせ 町政情報 各種補助金・支援金 木曽町選挙管理委員会 木曽町の概要 木曽町例規集 公有財産の売却 採用情報 施策・計画 審議会・委員会 耐震診断 地域自治組織 財政運営 ふるさと納税 まちづくり 議会 広報・広聴 統計 情報公開・個人情報保護 監
32	木曽町	定住・住まい・結婚	https://www.town-kiso.com/kurashi/hojyokin1/100257/	定住・住まい・結婚 - 木曽町公式サイト このサイトではJavascriptを使用しています。現在、JavaScriptが無効のため一部機能をご使用いただけません。 サイトマップ サイト内検索 白 黒 黄 背景の色 大 中 小 文字の大きさ 閉じる ホーム 暮らし 手続き 移住・住まい 各種補助金・支援金 水道・下水道 道路・交通 農林業 就職・労働 税金 届出・証明・住民の手続き 生活環境 健康･福祉 健康・医療 食育 福祉 子ども･教育 各種補助金・支援金 小中学校 妊娠・子育て 学童クラブ 子育て支援情報 認定こども園 事業者の方へ 各種補助金・支援金 企業支援・企業立地 入札・契約 お知らせ 町政情報 各種補助金・支援金 木曽町選挙管理委員会 木曽町の概要 木曽町例規集 公有財産の売却 採用情報 施策・計画 審議会・委員会 耐震診断 地域自治組織 財政運営 ふるさと納税 まちづくり 議会 広報・広聴 統計 情報公開・個人
32	木曽町	農林業	https://www.town-kiso.com/kurashi/hojyokin1/100317/	農林業 - 木曽町公式サイト このサイトではJavascriptを使用しています。現在、JavaScriptが無効のため一部機能をご使用いただけません。 サイトマップ サイト内検索 白 黒 黄 背景の色 大 中 小 文字の大きさ 閉じる ホーム 暮らし 手続き 移住・住まい 各種補助金・支援金 水道・下水道 道路・交通 農林業 就職・労働 税金 届出・証明・住民の手続き 生活環境 健康･福祉 健康・医療 食育 福祉 子ども･教育 各種補助金・支援金 小中学校 妊娠・子育て 学童クラブ 子育て支援情報 認定こども園 事業者の方へ 各種補助金・支援金 企業支援・企業立地 入札・契約 お知らせ 町政情報 各種補助金・支援金 木曽町選挙管理委員会 木曽町の概要 木曽町例規集 公有財産の売却 採用情報 施策・計画 審議会・委員会 耐震診断 地域自治組織 財政運営 ふるさと納税 まちづくり 議会 広報・広聴 統計 情報公開・個人情報保護 監
31	南木曽町	商工観光係	https://www.town.nagiso.nagano.jp/soshiki/5-2-0-0-0_1.html	から文字サイズを変更してください。文字サイズ変更以外にも，操作性向上の目的でJavaScript（アクティブスクリプト）を用いた機能を提供しています。可能であればJavaScript（アクティブスクリプト）を有効にしてください。 メニュー 閉じる トップページ くらし・手続き 表示 届出・証明 税金 保険・年金 道路・河川・建築 交通 ゴミ・環境 上下水道 補助金・助成金 給付金・支援金 申請書ダウンロード 移住・住まい 防災・防犯・安全 医療・健康・福祉 表示 緊急 医療・健康 高齢者福祉・介護 障がい者福祉 子育て・教育 表示 妊娠・出産・子育て 教育 歴史・文化 産業・しごと 表示 雇用・労働 産業振興 農林業支援 行政情報 表示 町長の部屋 南木曽町の概要 公共施設 電話帳 財政 ふるさと納税 施策・計画 まちづくり 議会 統計 広報・広聴 リニア対策 各種委員会・協議会 入札・契約 各課の窓口 Language 背景色
31	南木曽町	国保の保険税	https://www.town.nagiso.nagano.jp/0000000149.html	から文字サイズを変更してください。文字サイズ変更以外にも，操作性向上の目的でJavaScript（アクティブスクリプト）を用いた機能を提供しています。可能であればJavaScript（アクティブスクリプト）を有効にしてください。 メニュー 閉じる トップページ くらし・手続き 表示 届出・証明 税金 保険・年金 道路・河川・建築 交通 ゴミ・環境 上下水道 補助金・助成金 給付金・支援金 申請書ダウンロード 移住・住まい 防災・防犯・安全 医療・健康・福祉 表示 緊急 医療・健康 高齢者福祉・介護 障がい者福祉 子育て・教育 表示 妊娠・出産・子育て 教育 歴史・文化 産業・しごと 表示 雇用・労働 産業振興 農林業支援 行政情報 表示 町長の部屋 南木曽町の概要 公共施設 電話帳 財政 ふるさと納税 施策・計画 まちづくり 議会 統計 広報・広聴 リニア対策 各種委員会・協議会 入札・契約 各課の窓口 Language 背景色
31	南木曽町	軽自動車税に係るグリーン化特例（軽課）について	https://www.town.nagiso.nagano.jp/0000000457.html	から文字サイズを変更してください。文字サイズ変更以外にも，操作性向上の目的でJavaScript（アクティブスクリプト）を用いた機能を提供しています。可能であればJavaScript（アクティブスクリプト）を有効にしてください。 メニュー 閉じる トップページ くらし・手続き 表示 届出・証明 税金 保険・年金 道路・河川・建築 交通 ゴミ・環境 上下水道 補助金・助成金 給付金・支援金 申請書ダウンロード 移住・住まい 防災・防犯・安全 医療・健康・福祉 表示 緊急 医療・健康 高齢者福祉・介護 障がい者福祉 子育て・教育 表示 妊娠・出産・子育て 教育 歴史・文化 産業・しごと 表示 雇用・労働 産業振興 農林業支援 行政情報 表示 町長の部屋 南木曽町の概要 公共施設 電話帳 財政 ふるさと納税 施策・計画 まちづくり 議会 統計 広報・広聴 リニア対策 各種委員会・協議会 入札・契約 各課の窓口 Language 背景色
31	木祖村	木祖村空き家バンク登録情報（売却）	https://www.vill.kiso.nagano.jp/kurashi_joho/iju_teiju/akiyabank_touroku_baikyaku.html	木祖村空き家バンク登録情報（売却） | 信州木祖村 このページの本文へ 木祖村 --> 木祖村 サイト内検索 検索 Translate 文字サイズ 標準 大 TOP 暮らしの情報 移住・定住 木祖村空き家バンク登録情報（売却） 木祖村空き家バンク登録情報（売却） 更新日： 2026年05月27日 1．空き家登録情報一覧（売却） 利用者募集中の物件 登録番号 外観 所在地 希望する契約 価格 備考 R08-02 薮原 売却 640万円 登録内容はこちら R07-03 薮原 賃貸 / 売却 200万円 （応相談） 登録内容はこちら R07-02 小木曽 売却 500万円 （応相談） 登録内容はこちら R03-8 薮原 売却 230万円 （応相談） 登録内容はこちら 登録番号27-9の 再登録 R02-8 薮原 売却 230万円 登録内容はこちら 28-2 薮原 売却 100万円 登録内容はこちら （土地のみ） 公開終了した物件 登録
31	木祖村	平成31年度	https://www.vill.kiso.nagano.jp/gyoseijoho/koho/koho_h31.html	平成31年度 | 信州木祖村 このページの本文へ 木祖村 --> 木祖村 サイト内検索 検索 Translate 文字サイズ 標準 大 TOP 平成31年度 平成31年度 更新日： 2026年05月28日 平成31年度 広報きそ358号 （令和2年1月30日発行）（13,765.7kbyte） 主な内容 P02.03 新年のあいさつ P04 叙勲・功労者表彰について P05 令和2年 木祖村消防団出初式 P06.07 「木祖村農産物加工センター」が完成しました P08.09 所得税及び住民税の申告相談について P10 木祖村縁結び事業 P11 民生児童委員・人権擁護委員が委嘱されました P12 令和2年度 長野県シニア大学 学生募集 P13 やぶはら高原スキー場あり方検討会 P14 なごやいんふぉ・村人会だより P15~19 地域おこし協力隊活動日誌14 P20.21 公民館だより P22 保育園＆子育て支援センターだより 放課
31	木曽町	税金	https://www.town-kiso.com/kurashi/zeikin/	税金 - 木曽町公式サイト このサイトではJavascriptを使用しています。現在、JavaScriptが無効のため一部機能をご使用いただけません。 サイトマップ サイト内検索 白 黒 黄 背景の色 大 中 小 文字の大きさ 閉じる ホーム 暮らし 手続き 移住・住まい 各種補助金・支援金 水道・下水道 道路・交通 農林業 就職・労働 税金 届出・証明・住民の手続き 生活環境 健康･福祉 健康・医療 食育 福祉 子ども･教育 各種補助金・支援金 小中学校 妊娠・子育て 学童クラブ 子育て支援情報 認定こども園 事業者の方へ 各種補助金・支援金 企業支援・企業立地 入札・契約 お知らせ 町政情報 各種補助金・支援金 木曽町選挙管理委員会 木曽町の概要 木曽町例規集 公有財産の売却 採用情報 施策・計画 審議会・委員会 耐震診断 地域自治組織 財政運営 ふるさと納税 まちづくり 議会 広報・広聴 統計 情報公開・個人情報保護 監査
31	木曽町	事業者の方へ	https://www.town-kiso.com/jigyosha/	事業者の方へ - 木曽町公式サイト このサイトではJavascriptを使用しています。現在、JavaScriptが無効のため一部機能をご使用いただけません。 サイトマップ サイト内検索 白 黒 黄 背景の色 大 中 小 文字の大きさ 閉じる ホーム 暮らし 手続き 移住・住まい 各種補助金・支援金 水道・下水道 道路・交通 農林業 就職・労働 税金 届出・証明・住民の手続き 生活環境 健康･福祉 健康・医療 食育 福祉 子ども･教育 各種補助金・支援金 小中学校 妊娠・子育て 学童クラブ 子育て支援情報 認定こども園 事業者の方へ 各種補助金・支援金 企業支援・企業立地 入札・契約 お知らせ 町政情報 各種補助金・支援金 木曽町選挙管理委員会 木曽町の概要 木曽町例規集 公有財産の売却 採用情報 施策・計画 審議会・委員会 耐震診断 地域自治組織 財政運営 ふるさと納税 まちづくり 議会 広報・広聴 統計 情報公開・個人情報保
31	木曽町	入札・契約	https://www.town-kiso.com/jigyosha/nyusatsu/	入札・契約 - 木曽町公式サイト このサイトではJavascriptを使用しています。現在、JavaScriptが無効のため一部機能をご使用いただけません。 サイトマップ サイト内検索 白 黒 黄 背景の色 大 中 小 文字の大きさ 閉じる ホーム 暮らし 手続き 移住・住まい 各種補助金・支援金 水道・下水道 道路・交通 農林業 就職・労働 税金 届出・証明・住民の手続き 生活環境 健康･福祉 健康・医療 食育 福祉 子ども･教育 各種補助金・支援金 小中学校 妊娠・子育て 学童クラブ 子育て支援情報 認定こども園 事業者の方へ 各種補助金・支援金 企業支援・企業立地 入札・契約 お知らせ 町政情報 各種補助金・支援金 木曽町選挙管理委員会 木曽町の概要 木曽町例規集 公有財産の売却 採用情報 施策・計画 審議会・委員会 耐震診断 地域自治組織 財政運営 ふるさと納税 まちづくり 議会 広報・広聴 統計 情報公開・個人情報保護
31	木曽町	広報・広聴	https://www.town-kiso.com/chousei/kouhou/	広報・広聴 - 木曽町公式サイト このサイトではJavascriptを使用しています。現在、JavaScriptが無効のため一部機能をご使用いただけません。 サイトマップ サイト内検索 白 黒 黄 背景の色 大 中 小 文字の大きさ 閉じる ホーム 暮らし 手続き 移住・住まい 各種補助金・支援金 水道・下水道 道路・交通 農林業 就職・労働 税金 届出・証明・住民の手続き 生活環境 健康･福祉 健康・医療 食育 福祉 子ども･教育 各種補助金・支援金 小中学校 妊娠・子育て 学童クラブ 子育て支援情報 認定こども園 事業者の方へ 各種補助金・支援金 企業支援・企業立地 入札・契約 お知らせ 町政情報 各種補助金・支援金 木曽町選挙管理委員会 木曽町の概要 木曽町例規集 公有財産の売却 採用情報 施策・計画 審議会・委員会 耐震診断 地域自治組織 財政運営 ふるさと納税 まちづくり 議会 広報・広聴 統計 情報公開・個人情報保護
31	木曽町	『１泊２日の農業体験』木曽町農業インターンシップ	https://www.town-kiso.com/manabu/event/kankou_event/m100519/	『１泊２日の農業体験』木曽町農業インターンシップ - 木曽町公式サイト このサイトではJavascriptを使用しています。現在、JavaScriptが無効のため一部機能をご使用いただけません。 サイトマップ サイト内検索 白 黒 黄 背景の色 大 中 小 文字の大きさ 閉じる ホーム 暮らし 手続き 移住・住まい 各種補助金・支援金 水道・下水道 道路・交通 農林業 就職・労働 税金 届出・証明・住民の手続き 生活環境 健康･福祉 健康・医療 食育 福祉 子ども･教育 各種補助金・支援金 小中学校 妊娠・子育て 学童クラブ 子育て支援情報 認定こども園 事業者の方へ 各種補助金・支援金 企業支援・企業立地 入札・契約 お知らせ 町政情報 各種補助金・支援金 木曽町選挙管理委員会 木曽町の概要 木曽町例規集 公有財産の売却 採用情報 施策・計画 審議会・委員会 耐震診断 地域自治組織 財政運営 ふるさと納税 まちづくり 議会 広
29	木曽町	暮らし・手続き	https://www.town-kiso.com/kurashi/	暮らし・手続き - 木曽町公式サイト このサイトではJavascriptを使用しています。現在、JavaScriptが無効のため一部機能をご使用いただけません。 サイトマップ サイト内検索 白 黒 黄 背景の色 大 中 小 文字の大きさ 閉じる ホーム 暮らし 手続き 移住・住まい 各種補助金・支援金 水道・下水道 道路・交通 農林業 就職・労働 税金 届出・証明・住民の手続き 生活環境 健康･福祉 健康・医療 食育 福祉 子ども･教育 各種補助金・支援金 小中学校 妊娠・子育て 学童クラブ 子育て支援情報 認定こども園 事業者の方へ 各種補助金・支援金 企業支援・企業立地 入札・契約 お知らせ 町政情報 各種補助金・支援金 木曽町選挙管理委員会 木曽町の概要 木曽町例規集 公有財産の売却 採用情報 施策・計画 審議会・委員会 耐震診断 地域自治組織 財政運営 ふるさと納税 まちづくり 議会 広報・広聴 統計 情報公開・個人情報
29	木曽町	移住・住まい	https://www.town-kiso.com/kurashi/sumai/	移住・住まい - 木曽町公式サイト このサイトではJavascriptを使用しています。現在、JavaScriptが無効のため一部機能をご使用いただけません。 サイトマップ サイト内検索 白 黒 黄 背景の色 大 中 小 文字の大きさ 閉じる ホーム 暮らし 手続き 移住・住まい 各種補助金・支援金 水道・下水道 道路・交通 農林業 就職・労働 税金 届出・証明・住民の手続き 生活環境 健康･福祉 健康・医療 食育 福祉 子ども･教育 各種補助金・支援金 小中学校 妊娠・子育て 学童クラブ 子育て支援情報 認定こども園 事業者の方へ 各種補助金・支援金 企業支援・企業立地 入札・契約 お知らせ 町政情報 各種補助金・支援金 木曽町選挙管理委員会 木曽町の概要 木曽町例規集 公有財産の売却 採用情報 施策・計画 審議会・委員会 耐震診断 地域自治組織 財政運営 ふるさと納税 まちづくり 議会 広報・広聴 統計 情報公開・個人情報保
29	木曽町	農林業	https://www.town-kiso.com/kurashi/nourin/	農林業 - 木曽町公式サイト このサイトではJavascriptを使用しています。現在、JavaScriptが無効のため一部機能をご使用いただけません。 サイトマップ サイト内検索 白 黒 黄 背景の色 大 中 小 文字の大きさ 閉じる ホーム 暮らし 手続き 移住・住まい 各種補助金・支援金 水道・下水道 道路・交通 農林業 就職・労働 税金 届出・証明・住民の手続き 生活環境 健康･福祉 健康・医療 食育 福祉 子ども･教育 各種補助金・支援金 小中学校 妊娠・子育て 学童クラブ 子育て支援情報 認定こども園 事業者の方へ 各種補助金・支援金 企業支援・企業立地 入札・契約 お知らせ 町政情報 各種補助金・支援金 木曽町選挙管理委員会 木曽町の概要 木曽町例規集 公有財産の売却 採用情報 施策・計画 審議会・委員会 耐震診断 地域自治組織 財政運営 ふるさと納税 まちづくり 議会 広報・広聴 統計 情報公開・個人情報保護 監
29	木曽町	子ども・教育	https://www.town-kiso.com/kodomo/	子ども・教育 - 木曽町公式サイト このサイトではJavascriptを使用しています。現在、JavaScriptが無効のため一部機能をご使用いただけません。 サイトマップ サイト内検索 白 黒 黄 背景の色 大 中 小 文字の大きさ 閉じる ホーム 暮らし 手続き 移住・住まい 各種補助金・支援金 水道・下水道 道路・交通 農林業 就職・労働 税金 届出・証明・住民の手続き 生活環境 健康･福祉 健康・医療 食育 福祉 子ども･教育 各種補助金・支援金 小中学校 妊娠・子育て 学童クラブ 子育て支援情報 認定こども園 事業者の方へ 各種補助金・支援金 企業支援・企業立地 入札・契約 お知らせ 町政情報 各種補助金・支援金 木曽町選挙管理委員会 木曽町の概要 木曽町例規集 公有財産の売却 採用情報 施策・計画 審議会・委員会 耐震診断 地域自治組織 財政運営 ふるさと納税 まちづくり 議会 広報・広聴 統計 情報公開・個人情報保
28	南木曽町	新交通システムについて	https://www.town.nagiso.nagano.jp/0000000015.html	から文字サイズを変更してください。文字サイズ変更以外にも，操作性向上の目的でJavaScript（アクティブスクリプト）を用いた機能を提供しています。可能であればJavaScript（アクティブスクリプト）を有効にしてください。 メニュー 閉じる トップページ くらし・手続き 表示 届出・証明 税金 保険・年金 道路・河川・建築 交通 ゴミ・環境 上下水道 補助金・助成金 給付金・支援金 申請書ダウンロード 移住・住まい 防災・防犯・安全 医療・健康・福祉 表示 緊急 医療・健康 高齢者福祉・介護 障がい者福祉 子育て・教育 表示 妊娠・出産・子育て 教育 歴史・文化 産業・しごと 表示 雇用・労働 産業振興 農林業支援 行政情報 表示 町長の部屋 南木曽町の概要 公共施設 電話帳 財政 ふるさと納税 施策・計画 まちづくり 議会 統計 広報・広聴 リニア対策 各種委員会・協議会 入札・契約 各課の窓口 Language 背景色
28	南木曽町	福祉係	https://www.town.nagiso.nagano.jp/soshiki/4-4-0-0-0_1.html	から文字サイズを変更してください。文字サイズ変更以外にも，操作性向上の目的でJavaScript（アクティブスクリプト）を用いた機能を提供しています。可能であればJavaScript（アクティブスクリプト）を有効にしてください。 メニュー 閉じる トップページ くらし・手続き 表示 届出・証明 税金 保険・年金 道路・河川・建築 交通 ゴミ・環境 上下水道 補助金・助成金 給付金・支援金 申請書ダウンロード 移住・住まい 防災・防犯・安全 医療・健康・福祉 表示 緊急 医療・健康 高齢者福祉・介護 障がい者福祉 子育て・教育 表示 妊娠・出産・子育て 教育 歴史・文化 産業・しごと 表示 雇用・労働 産業振興 農林業支援 行政情報 表示 町長の部屋 南木曽町の概要 公共施設 電話帳 財政 ふるさと納税 施策・計画 まちづくり 議会 統計 広報・広聴 リニア対策 各種委員会・協議会 入札・契約 各課の窓口 Language 背景色
28	大桑村	(no title)	https://www.vill.okuwa.lg.jp/	大桑村公式サイト 重要なお知らせ 一覧を見る 阿寺渓谷（狸ヶ淵） 定勝時の庭園 殿地区の田園風景 スポーツ公園のホタル サイト内検索 防災情報 Translate 文字サイズ： 標準 大 もしもの時は 防災・防犯情報 避難所一覧 木曽防災・防犯ポータル ピックアップ 情報を探す キーワードで探す サイト内検索 検索 よく検索される言葉 大桑村への移住 移住補助金 今日のイベント 阿寺渓谷 バス できごとから探す 結婚・離婚 子育て・学習 就職・転職 引っ越し 医療・福祉 高齢・介護 死亡・相続 申請書ダウンロード 便利帳 最新情報 新着情報 注目情報 新着情報一覧を見る 注目情報一覧を見る 広報・SNS 広報おおくわ７月号 バックナンバーを見る 公式SNSアカウント 大桑村について ようこそ、大桑村へ 大桑村は、長野県の南西部に位置しています。 中央に木曽川が流れる、中央アルプスの麓にある豊かな水と自然に恵まれた村です。 旧中山
28	木曽町	木曽町のプロフィール	https://www.town-kiso.com/chousei/gaiyou/100154/101044/	木曽町のプロフィール - 木曽町公式サイト このサイトではJavascriptを使用しています。現在、JavaScriptが無効のため一部機能をご使用いただけません。 サイトマップ サイト内検索 白 黒 黄 背景の色 大 中 小 文字の大きさ 閉じる ホーム 暮らし 手続き 移住・住まい 各種補助金・支援金 水道・下水道 道路・交通 農林業 就職・労働 税金 届出・証明・住民の手続き 生活環境 健康･福祉 健康・医療 食育 福祉 子ども･教育 各種補助金・支援金 小中学校 妊娠・子育て 学童クラブ 子育て支援情報 認定こども園 事業者の方へ 各種補助金・支援金 企業支援・企業立地 入札・契約 お知らせ 町政情報 各種補助金・支援金 木曽町選挙管理委員会 木曽町の概要 木曽町例規集 公有財産の売却 採用情報 施策・計画 審議会・委員会 耐震診断 地域自治組織 財政運営 ふるさと納税 まちづくり 議会 広報・広聴 統計 情報公開・個
28	木曽町	妊娠を希望される方	https://www.town-kiso.com/kodomo/100070/100335/	妊娠を希望される方 - 木曽町公式サイト このサイトではJavascriptを使用しています。現在、JavaScriptが無効のため一部機能をご使用いただけません。 サイトマップ サイト内検索 白 黒 黄 背景の色 大 中 小 文字の大きさ 閉じる ホーム 暮らし 手続き 移住・住まい 各種補助金・支援金 水道・下水道 道路・交通 農林業 就職・労働 税金 届出・証明・住民の手続き 生活環境 健康･福祉 健康・医療 食育 福祉 子ども･教育 各種補助金・支援金 小中学校 妊娠・子育て 学童クラブ 子育て支援情報 認定こども園 事業者の方へ 各種補助金・支援金 企業支援・企業立地 入札・契約 お知らせ 町政情報 各種補助金・支援金 木曽町選挙管理委員会 木曽町の概要 木曽町例規集 公有財産の売却 採用情報 施策・計画 審議会・委員会 耐震診断 地域自治組織 財政運営 ふるさと納税 まちづくり 議会 広報・広聴 統計 情報公開・個人
28	木曽町	赤ちゃんが生まれたら	https://www.town-kiso.com/kodomo/100070/100333/	赤ちゃんが生まれたら - 木曽町公式サイト このサイトではJavascriptを使用しています。現在、JavaScriptが無効のため一部機能をご使用いただけません。 サイトマップ サイト内検索 白 黒 黄 背景の色 大 中 小 文字の大きさ 閉じる ホーム 暮らし 手続き 移住・住まい 各種補助金・支援金 水道・下水道 道路・交通 農林業 就職・労働 税金 届出・証明・住民の手続き 生活環境 健康･福祉 健康・医療 食育 福祉 子ども･教育 各種補助金・支援金 小中学校 妊娠・子育て 学童クラブ 子育て支援情報 認定こども園 事業者の方へ 各種補助金・支援金 企業支援・企業立地 入札・契約 お知らせ 町政情報 各種補助金・支援金 木曽町選挙管理委員会 木曽町の概要 木曽町例規集 公有財産の売却 採用情報 施策・計画 審議会・委員会 耐震診断 地域自治組織 財政運営 ふるさと納税 まちづくり 議会 広報・広聴 統計 情報公開・個
27	南木曽町	トピックス	https://www.town.nagiso.nagano.jp/topics/0001.html	から文字サイズを変更してください。文字サイズ変更以外にも，操作性向上の目的でJavaScript（アクティブスクリプト）を用いた機能を提供しています。可能であればJavaScript（アクティブスクリプト）を有効にしてください。 メニュー 閉じる トップページ くらし・手続き 表示 届出・証明 税金 保険・年金 道路・河川・建築 交通 ゴミ・環境 上下水道 補助金・助成金 給付金・支援金 申請書ダウンロード 移住・住まい 防災・防犯・安全 医療・健康・福祉 表示 緊急 医療・健康 高齢者福祉・介護 障がい者福祉 子育て・教育 表示 妊娠・出産・子育て 教育 歴史・文化 産業・しごと 表示 雇用・労働 産業振興 農林業支援 行政情報 表示 町長の部屋 南木曽町の概要 公共施設 電話帳 財政 ふるさと納税 施策・計画 まちづくり 議会 統計 広報・広聴 リニア対策 各種委員会・協議会 入札・契約 各課の窓口 Language 背景色
27	南木曽町	臨時運行許可証（仮ナンバー）	https://www.town.nagiso.nagano.jp/0000000442.html	から文字サイズを変更してください。文字サイズ変更以外にも，操作性向上の目的でJavaScript（アクティブスクリプト）を用いた機能を提供しています。可能であればJavaScript（アクティブスクリプト）を有効にしてください。 メニュー 閉じる トップページ くらし・手続き 表示 届出・証明 税金 保険・年金 道路・河川・建築 交通 ゴミ・環境 上下水道 補助金・助成金 給付金・支援金 申請書ダウンロード 移住・住まい 防災・防犯・安全 医療・健康・福祉 表示 緊急 医療・健康 高齢者福祉・介護 障がい者福祉 子育て・教育 表示 妊娠・出産・子育て 教育 歴史・文化 産業・しごと 表示 雇用・労働 産業振興 農林業支援 行政情報 表示 町長の部屋 南木曽町の概要 公共施設 電話帳 財政 ふるさと納税 施策・計画 まちづくり 議会 統計 広報・広聴 リニア対策 各種委員会・協議会 入札・契約 各課の窓口 Language 背景色
27	南木曽町	道路・河川愛護作業	https://www.town.nagiso.nagano.jp/0000000209.html	から文字サイズを変更してください。文字サイズ変更以外にも，操作性向上の目的でJavaScript（アクティブスクリプト）を用いた機能を提供しています。可能であればJavaScript（アクティブスクリプト）を有効にしてください。 メニュー 閉じる トップページ くらし・手続き 表示 届出・証明 税金 保険・年金 道路・河川・建築 交通 ゴミ・環境 上下水道 補助金・助成金 給付金・支援金 申請書ダウンロード 移住・住まい 防災・防犯・安全 医療・健康・福祉 表示 緊急 医療・健康 高齢者福祉・介護 障がい者福祉 子育て・教育 表示 妊娠・出産・子育て 教育 歴史・文化 産業・しごと 表示 雇用・労働 産業振興 農林業支援 行政情報 表示 町長の部屋 南木曽町の概要 公共施設 電話帳 財政 ふるさと納税 施策・計画 まちづくり 議会 統計 広報・広聴 リニア対策 各種委員会・協議会 入札・契約 各課の窓口 Language 背景色
27	南木曽町	簡易水道手数料	https://www.town.nagiso.nagano.jp/0000000228.html	から文字サイズを変更してください。文字サイズ変更以外にも，操作性向上の目的でJavaScript（アクティブスクリプト）を用いた機能を提供しています。可能であればJavaScript（アクティブスクリプト）を有効にしてください。 メニュー 閉じる トップページ くらし・手続き 表示 届出・証明 税金 保険・年金 道路・河川・建築 交通 ゴミ・環境 上下水道 補助金・助成金 給付金・支援金 申請書ダウンロード 移住・住まい 防災・防犯・安全 医療・健康・福祉 表示 緊急 医療・健康 高齢者福祉・介護 障がい者福祉 子育て・教育 表示 妊娠・出産・子育て 教育 歴史・文化 産業・しごと 表示 雇用・労働 産業振興 農林業支援 行政情報 表示 町長の部屋 南木曽町の概要 公共施設 電話帳 財政 ふるさと納税 施策・計画 まちづくり 議会 統計 広報・広聴 リニア対策 各種委員会・協議会 入札・契約 各課の窓口 Language 背景色
27	南木曽町	上下水道手続き・料金一覧	https://www.town.nagiso.nagano.jp/0000000224.html	から文字サイズを変更してください。文字サイズ変更以外にも，操作性向上の目的でJavaScript（アクティブスクリプト）を用いた機能を提供しています。可能であればJavaScript（アクティブスクリプト）を有効にしてください。 メニュー 閉じる トップページ くらし・手続き 表示 届出・証明 税金 保険・年金 道路・河川・建築 交通 ゴミ・環境 上下水道 補助金・助成金 給付金・支援金 申請書ダウンロード 移住・住まい 防災・防犯・安全 医療・健康・福祉 表示 緊急 医療・健康 高齢者福祉・介護 障がい者福祉 子育て・教育 表示 妊娠・出産・子育て 教育 歴史・文化 産業・しごと 表示 雇用・労働 産業振興 農林業支援 行政情報 表示 町長の部屋 南木曽町の概要 公共施設 電話帳 財政 ふるさと納税 施策・計画 まちづくり 議会 統計 広報・広聴 リニア対策 各種委員会・協議会 入札・契約 各課の窓口 Language 背景色
27	木祖村	木祖村	https://www.vill.kiso.nagano.jp/gyoseijoho/koho/koho_h30.html	成30年度 更新日： 2026年05月28日 平成30年度 広報きそ352号 （平成31年1月31日発行）（3,468.9kbyte） 主な内容 P02~03 新年のご挨拶 P04 平成31年 木祖村消防団出初式 P05 木祖村結婚支援事業 P06~08 平成30年度 木祖村表彰式 消防ポンプ積載車納車 消防団へ引き渡しがされました P09 地域づくり活性化補助事業をご活用ください P10 木祖村 学童野球 P11 木祖村 少年野球 P12~13 公民館だより P14 木祖村観光協会ニュースレター P15 なごやいんふぉ＆木祖村人会だより P16~17 税の窓口 その4 P18~19 地域おこし協力隊活動日誌8 P20 保育園＆子育て支援センターだより 放課後児童クラブ日記 P21 お知らせ 広報きそ351号 （平成30年11月29日発行）（4,609.9kbyte） 主な内容 P02 叙勲・功労者表彰について P03 健康ポイ
27	王滝村	王滝村消防団新入団員・女性消防団員 随時募集中	https://www.vill.otaki.nagano.jp/aboutus/fire/shobo_bosyu.html	王滝村消防団新入団員・女性消防団員 随時募集中 | 王滝村 このページの本文へ 霊峰御嶽山の麓 水と緑のふるさと ホーム くらし 事業者の方へ 王滝村について 観光 ブログ サイト内検索 検索 防災情報 Translate 文字サイズ 標準 大 HOME 王滝村について 王滝村消防団 王滝村消防団新入団員・女性消防団員 随時募集中 王滝村消防団新入団員・女性消防団員 随時募集中 入団希望者はこちらの内容をご送信ください。 消防団ＰＲビデオはこちらから １．消防団入団資格 木曽郡内に居住し又は当消防団の区域に勤務地を有し、年令 は18 歳以上 46 歳未満、志操堅固で、かつ、身体強健な方を募集しています。 ※ただし、年齢については、団長が特に必要と認める場合は上記の限りではありません。 ※参考： 消防団員の定員、任免、給与、服務等に関する条例 ２． 団の構成 および活動内容 本部 地区に関係なく配属、女性消防団員配属 活動は主に救
27	木曽町	財政運営	https://www.town-kiso.com/chousei/chousei/	財政運営 - 木曽町公式サイト このサイトではJavascriptを使用しています。現在、JavaScriptが無効のため一部機能をご使用いただけません。 サイトマップ サイト内検索 白 黒 黄 背景の色 大 中 小 文字の大きさ 閉じる ホーム 暮らし 手続き 移住・住まい 各種補助金・支援金 水道・下水道 道路・交通 農林業 就職・労働 税金 届出・証明・住民の手続き 生活環境 健康･福祉 健康・医療 食育 福祉 子ども･教育 各種補助金・支援金 小中学校 妊娠・子育て 学童クラブ 子育て支援情報 認定こども園 事業者の方へ 各種補助金・支援金 企業支援・企業立地 入札・契約 お知らせ 町政情報 各種補助金・支援金 木曽町選挙管理委員会 木曽町の概要 木曽町例規集 公有財産の売却 採用情報 施策・計画 審議会・委員会 耐震診断 地域自治組織 財政運営 ふるさと納税 まちづくり 議会 広報・広聴 統計 情報公開・個人情報保護
27	木曽町	埋蔵文化財に関する手続きのご案内	https://www.town-kiso.com/manabu/rekishi/100412/102093/	埋蔵文化財に関する手続きのご案内 - 木曽町公式サイト このサイトではJavascriptを使用しています。現在、JavaScriptが無効のため一部機能をご使用いただけません。 サイトマップ サイト内検索 白 黒 黄 背景の色 大 中 小 文字の大きさ 閉じる ホーム 暮らし 手続き 移住・住まい 各種補助金・支援金 水道・下水道 道路・交通 農林業 就職・労働 税金 届出・証明・住民の手続き 生活環境 健康･福祉 健康・医療 食育 福祉 子ども･教育 各種補助金・支援金 小中学校 妊娠・子育て 学童クラブ 子育て支援情報 認定こども園 事業者の方へ 各種補助金・支援金 企業支援・企業立地 入札・契約 お知らせ 町政情報 各種補助金・支援金 木曽町選挙管理委員会 木曽町の概要 木曽町例規集 公有財産の売却 採用情報 施策・計画 審議会・委員会 耐震診断 地域自治組織 財政運営 ふるさと納税 まちづくり 議会 広報・広聴 統計
26	南木曽町	環境住宅係	https://www.town.nagiso.nagano.jp/soshiki/6-3-0-0-0_1.html	から文字サイズを変更してください。文字サイズ変更以外にも，操作性向上の目的でJavaScript（アクティブスクリプト）を用いた機能を提供しています。可能であればJavaScript（アクティブスクリプト）を有効にしてください。 メニュー 閉じる トップページ くらし・手続き 表示 届出・証明 税金 保険・年金 道路・河川・建築 交通 ゴミ・環境 上下水道 補助金・助成金 給付金・支援金 申請書ダウンロード 移住・住まい 防災・防犯・安全 医療・健康・福祉 表示 緊急 医療・健康 高齢者福祉・介護 障がい者福祉 子育て・教育 表示 妊娠・出産・子育て 教育 歴史・文化 産業・しごと 表示 雇用・労働 産業振興 農林業支援 行政情報 表示 町長の部屋 南木曽町の概要 公共施設 電話帳 財政 ふるさと納税 施策・計画 まちづくり 議会 統計 広報・広聴 リニア対策 各種委員会・協議会 入札・契約 各課の窓口 Language 背景色
26	南木曽町	総務学校係	https://www.town.nagiso.nagano.jp/soshiki/7-1-0-0-0_1.html	から文字サイズを変更してください。文字サイズ変更以外にも，操作性向上の目的でJavaScript（アクティブスクリプト）を用いた機能を提供しています。可能であればJavaScript（アクティブスクリプト）を有効にしてください。 メニュー 閉じる トップページ くらし・手続き 表示 届出・証明 税金 保険・年金 道路・河川・建築 交通 ゴミ・環境 上下水道 補助金・助成金 給付金・支援金 申請書ダウンロード 移住・住まい 防災・防犯・安全 医療・健康・福祉 表示 緊急 医療・健康 高齢者福祉・介護 障がい者福祉 子育て・教育 表示 妊娠・出産・子育て 教育 歴史・文化 産業・しごと 表示 雇用・労働 産業振興 農林業支援 行政情報 表示 町長の部屋 南木曽町の概要 公共施設 電話帳 財政 ふるさと納税 施策・計画 まちづくり 議会 統計 広報・広聴 リニア対策 各種委員会・協議会 入札・契約 各課の窓口 Language 背景色
26	木祖村	広報きそ	https://www.vill.kiso.nagano.jp/gyoseijoho/koho/koho_index.html	広報きそ | 信州木祖村 このページの本文へ 木祖村 --> 木祖村 サイト内検索 検索 Translate 文字サイズ 標準 大 TOP 行政情報 広報 広報きそ 広報きそ 更新日： 2026年05月28日 広報きそ 最新号はこちら 広報きそ395号 令和8年5月28日発行（3,039.6kbyte） 主な内容 P02 村長コラム P03 令和8年度自治会長の皆さんです P04 新規採用職員紹介 P05 村営小水力発電所建設を計画しています P06 令和8年度 ヘルス＆エコポイント事業 P07 令和8年度 木祖村消防団任命式が挙行されました P08〜P15 木祖村の補助制度 P16〜P17 公民館だより P18 木祖村郷土館だより P19 源流のもりクラブニュース P20 伊藤一生の恋愛コラム＆活動報告 P21 観光協会だより P22 税の窓口 P23 「ゾーン30」指定区域内では時速30キロ以内走行を心がけましょう P24
26	王滝村	王滝村空き家バンク	https://www.vill.otaki.nagano.jp/kurashi/sumai/ijyu/akiyabank.html	い・生活 移住定住 王滝村空き家バンク 王滝村空き家バンク 王滝村空き家バンクとは 「空き家バンク」とは、空き家を誰かに「売りたい・貸したい」とお考えの空き家の所有者の方から提供された情報を本ページ等に公開し、空き家をこれから「買いたい・借りたい」とお考えの方に紹介し、王滝村に居住したい方の住宅確保を支援する制度です。 また、空き家の片づけや改修に係る費用を補助する制度があります。 空き家片付け事業補助金 空き家改修事業補助金 家探し支援制度 空き家に係る専門団体で組織する長野県空き家対策支援協議会では、空き家の適正な管理方法や活用方法等、相談窓口について情報提供するWEBサイト「長野県の空き家相談」を開設しています。空き家に関する悩みを抱えている方だけでなく、将来問題が起こりそうな方もご覧ください。 長野県の空き家相談WEBサイト（外部サイト） 王滝村空き家バンク情報 物件の詳細は、下記の楽園信州空き家バンクサイトをご覧くださ
26	木曽町	移住定住情報	https://www.town-kiso.com/kurashi/sumai/100294/	移住定住情報 - 木曽町公式サイト このサイトではJavascriptを使用しています。現在、JavaScriptが無効のため一部機能をご使用いただけません。 サイトマップ サイト内検索 白 黒 黄 背景の色 大 中 小 文字の大きさ 閉じる ホーム 暮らし 手続き 移住・住まい 各種補助金・支援金 水道・下水道 道路・交通 農林業 就職・労働 税金 届出・証明・住民の手続き 生活環境 健康･福祉 健康・医療 食育 福祉 子ども･教育 各種補助金・支援金 小中学校 妊娠・子育て 学童クラブ 子育て支援情報 認定こども園 事業者の方へ 各種補助金・支援金 企業支援・企業立地 入札・契約 お知らせ 町政情報 各種補助金・支援金 木曽町選挙管理委員会 木曽町の概要 木曽町例規集 公有財産の売却 採用情報 施策・計画 審議会・委員会 耐震診断 地域自治組織 財政運営 ふるさと納税 まちづくり 議会 広報・広聴 統計 情報公開・個人情報保
26	木曽町	新築・リフォーム等に関する情報	https://www.town-kiso.com/kurashi/sumai/100342/	新築・リフォーム等に関する情報 - 木曽町公式サイト このサイトではJavascriptを使用しています。現在、JavaScriptが無効のため一部機能をご使用いただけません。 サイトマップ サイト内検索 白 黒 黄 背景の色 大 中 小 文字の大きさ 閉じる ホーム 暮らし 手続き 移住・住まい 各種補助金・支援金 水道・下水道 道路・交通 農林業 就職・労働 税金 届出・証明・住民の手続き 生活環境 健康･福祉 健康・医療 食育 福祉 子ども･教育 各種補助金・支援金 小中学校 妊娠・子育て 学童クラブ 子育て支援情報 認定こども園 事業者の方へ 各種補助金・支援金 企業支援・企業立地 入札・契約 お知らせ 町政情報 各種補助金・支援金 木曽町選挙管理委員会 木曽町の概要 木曽町例規集 公有財産の売却 採用情報 施策・計画 審議会・委員会 耐震診断 地域自治組織 財政運営 ふるさと納税 まちづくり 議会 広報・広聴 統計 情
26	木曽町	結婚支援	https://www.town-kiso.com/kurashi/sumai/100396/	結婚支援 - 木曽町公式サイト このサイトではJavascriptを使用しています。現在、JavaScriptが無効のため一部機能をご使用いただけません。 サイトマップ サイト内検索 白 黒 黄 背景の色 大 中 小 文字の大きさ 閉じる ホーム 暮らし 手続き 移住・住まい 各種補助金・支援金 水道・下水道 道路・交通 農林業 就職・労働 税金 届出・証明・住民の手続き 生活環境 健康･福祉 健康・医療 食育 福祉 子ども･教育 各種補助金・支援金 小中学校 妊娠・子育て 学童クラブ 子育て支援情報 認定こども園 事業者の方へ 各種補助金・支援金 企業支援・企業立地 入札・契約 お知らせ 町政情報 各種補助金・支援金 木曽町選挙管理委員会 木曽町の概要 木曽町例規集 公有財産の売却 採用情報 施策・計画 審議会・委員会 耐震診断 地域自治組織 財政運営 ふるさと納税 まちづくり 議会 広報・広聴 統計 情報公開・個人情報保護
26	木曽町	お知らせ	https://www.town-kiso.com/kurashi/nourin/100319/	お知らせ - 木曽町公式サイト このサイトではJavascriptを使用しています。現在、JavaScriptが無効のため一部機能をご使用いただけません。 サイトマップ サイト内検索 白 黒 黄 背景の色 大 中 小 文字の大きさ 閉じる ホーム 暮らし 手続き 移住・住まい 各種補助金・支援金 水道・下水道 道路・交通 農林業 就職・労働 税金 届出・証明・住民の手続き 生活環境 健康･福祉 健康・医療 食育 福祉 子ども･教育 各種補助金・支援金 小中学校 妊娠・子育て 学童クラブ 子育て支援情報 認定こども園 事業者の方へ 各種補助金・支援金 企業支援・企業立地 入札・契約 お知らせ 町政情報 各種補助金・支援金 木曽町選挙管理委員会 木曽町の概要 木曽町例規集 公有財産の売却 採用情報 施策・計画 審議会・委員会 耐震診断 地域自治組織 財政運営 ふるさと納税 まちづくり 議会 広報・広聴 統計 情報公開・個人情報保護
26	木曽町	動物・ペット	https://www.town-kiso.com/kurashi/kankyo/100269/	動物・ペット - 木曽町公式サイト このサイトではJavascriptを使用しています。現在、JavaScriptが無効のため一部機能をご使用いただけません。 サイトマップ サイト内検索 白 黒 黄 背景の色 大 中 小 文字の大きさ 閉じる ホーム 暮らし 手続き 移住・住まい 各種補助金・支援金 水道・下水道 道路・交通 農林業 就職・労働 税金 届出・証明・住民の手続き 生活環境 健康･福祉 健康・医療 食育 福祉 子ども･教育 各種補助金・支援金 小中学校 妊娠・子育て 学童クラブ 子育て支援情報 認定こども園 事業者の方へ 各種補助金・支援金 企業支援・企業立地 入札・契約 お知らせ 町政情報 各種補助金・支援金 木曽町選挙管理委員会 木曽町の概要 木曽町例規集 公有財産の売却 採用情報 施策・計画 審議会・委員会 耐震診断 地域自治組織 財政運営 ふるさと納税 まちづくり 議会 広報・広聴 統計 情報公開・個人情報保
25	南木曽町	(no title)	https://www.town.nagiso.nagano.jp/	から文字サイズを変更してください。文字サイズ変更以外にも，操作性向上の目的でJavaScript（アクティブスクリプト）を用いた機能を提供しています。可能であればJavaScript（アクティブスクリプト）を有効にしてください。 メニュー 閉じる トップページ くらし・手続き 表示 届出・証明 税金 保険・年金 道路・河川・建築 交通 ゴミ・環境 上下水道 補助金・助成金 給付金・支援金 申請書ダウンロード 移住・住まい 防災・防犯・安全 医療・健康・福祉 表示 緊急 医療・健康 高齢者福祉・介護 障がい者福祉 子育て・教育 表示 妊娠・出産・子育て 教育 歴史・文化 産業・しごと 表示 雇用・労働 産業振興 農林業支援 行政情報 表示 町長の部屋 南木曽町の概要 公共施設 電話帳 財政 ふるさと納税 施策・計画 まちづくり 議会 統計 広報・広聴 リニア対策 各種委員会・協議会 入札・契約 各課の窓口 Language 背景色
25	南木曽町	総務係	https://www.town.nagiso.nagano.jp/soshiki/1-1-0-0-0_1.html	から文字サイズを変更してください。文字サイズ変更以外にも，操作性向上の目的でJavaScript（アクティブスクリプト）を用いた機能を提供しています。可能であればJavaScript（アクティブスクリプト）を有効にしてください。 メニュー 閉じる トップページ くらし・手続き 表示 届出・証明 税金 保険・年金 道路・河川・建築 交通 ゴミ・環境 上下水道 補助金・助成金 給付金・支援金 申請書ダウンロード 移住・住まい 防災・防犯・安全 医療・健康・福祉 表示 緊急 医療・健康 高齢者福祉・介護 障がい者福祉 子育て・教育 表示 妊娠・出産・子育て 教育 歴史・文化 産業・しごと 表示 雇用・労働 産業振興 農林業支援 行政情報 表示 町長の部屋 南木曽町の概要 公共施設 電話帳 財政 ふるさと納税 施策・計画 まちづくり 議会 統計 広報・広聴 リニア対策 各種委員会・協議会 入札・契約 各課の窓口 Language 背景色
25	南木曽町	住民係	https://www.town.nagiso.nagano.jp/soshiki/4-1-0-0-0_1.html	から文字サイズを変更してください。文字サイズ変更以外にも，操作性向上の目的でJavaScript（アクティブスクリプト）を用いた機能を提供しています。可能であればJavaScript（アクティブスクリプト）を有効にしてください。 メニュー 閉じる トップページ くらし・手続き 表示 届出・証明 税金 保険・年金 道路・河川・建築 交通 ゴミ・環境 上下水道 補助金・助成金 給付金・支援金 申請書ダウンロード 移住・住まい 防災・防犯・安全 医療・健康・福祉 表示 緊急 医療・健康 高齢者福祉・介護 障がい者福祉 子育て・教育 表示 妊娠・出産・子育て 教育 歴史・文化 産業・しごと 表示 雇用・労働 産業振興 農林業支援 行政情報 表示 町長の部屋 南木曽町の概要 公共施設 電話帳 財政 ふるさと納税 施策・計画 まちづくり 議会 統計 広報・広聴 リニア対策 各種委員会・協議会 入札・契約 各課の窓口 Language 背景色
25	南木曽町	生涯学習係	https://www.town.nagiso.nagano.jp/soshiki/7-2-0-0-0_1.html	から文字サイズを変更してください。文字サイズ変更以外にも，操作性向上の目的でJavaScript（アクティブスクリプト）を用いた機能を提供しています。可能であればJavaScript（アクティブスクリプト）を有効にしてください。 メニュー 閉じる トップページ くらし・手続き 表示 届出・証明 税金 保険・年金 道路・河川・建築 交通 ゴミ・環境 上下水道 補助金・助成金 給付金・支援金 申請書ダウンロード 移住・住まい 防災・防犯・安全 医療・健康・福祉 表示 緊急 医療・健康 高齢者福祉・介護 障がい者福祉 子育て・教育 表示 妊娠・出産・子育て 教育 歴史・文化 産業・しごと 表示 雇用・労働 産業振興 農林業支援 行政情報 表示 町長の部屋 南木曽町の概要 公共施設 電話帳 財政 ふるさと納税 施策・計画 まちづくり 議会 統計 広報・広聴 リニア対策 各種委員会・協議会 入札・契約 各課の窓口 Language 背景色
25	南木曽町	傷病届について	https://www.town.nagiso.nagano.jp/0000000152.html	から文字サイズを変更してください。文字サイズ変更以外にも，操作性向上の目的でJavaScript（アクティブスクリプト）を用いた機能を提供しています。可能であればJavaScript（アクティブスクリプト）を有効にしてください。 メニュー 閉じる トップページ くらし・手続き 表示 届出・証明 税金 保険・年金 道路・河川・建築 交通 ゴミ・環境 上下水道 補助金・助成金 給付金・支援金 申請書ダウンロード 移住・住まい 防災・防犯・安全 医療・健康・福祉 表示 緊急 医療・健康 高齢者福祉・介護 障がい者福祉 子育て・教育 表示 妊娠・出産・子育て 教育 歴史・文化 産業・しごと 表示 雇用・労働 産業振興 農林業支援 行政情報 表示 町長の部屋 南木曽町の概要 公共施設 電話帳 財政 ふるさと納税 施策・計画 まちづくり 議会 統計 広報・広聴 リニア対策 各種委員会・協議会 入札・契約 各課の窓口 Language 背景色
25	南木曽町	南木曽町地球温暖化対策実行計画（事務事業編）	https://www.town.nagiso.nagano.jp/0000000241.html	から文字サイズを変更してください。文字サイズ変更以外にも，操作性向上の目的でJavaScript（アクティブスクリプト）を用いた機能を提供しています。可能であればJavaScript（アクティブスクリプト）を有効にしてください。 メニュー 閉じる トップページ くらし・手続き 表示 届出・証明 税金 保険・年金 道路・河川・建築 交通 ゴミ・環境 上下水道 補助金・助成金 給付金・支援金 申請書ダウンロード 移住・住まい 防災・防犯・安全 医療・健康・福祉 表示 緊急 医療・健康 高齢者福祉・介護 障がい者福祉 子育て・教育 表示 妊娠・出産・子育て 教育 歴史・文化 産業・しごと 表示 雇用・労働 産業振興 農林業支援 行政情報 表示 町長の部屋 南木曽町の概要 公共施設 電話帳 財政 ふるさと納税 施策・計画 まちづくり 議会 統計 広報・広聴 リニア対策 各種委員会・協議会 入札・契約 各課の窓口 Language 背景色
25	大桑村	本人確認について	https://www.vill.okuwa.lg.jp/kurashi/todokede-shomei/honninkakunin.html	本人確認について | 大桑村公式サイト サイト内検索 防災情報 Translate 文字サイズ： 標準 大 トップ くらし 届出・証明 本人確認について 本人確認について 更新日：2024年03月14日 平成20年5月から戸籍法および住民基本台帳法の改正により、本人確認が義務付けられています。 各種証明交付申請、届出等の際は、以下の書類をご持参ください。 本人なりすましによる不正請求等防止のため、ご協力をお願いします。 本人確認書類（Aから1点またはBから2点） A 運転免許証 運転経歴証明書（Ｈ24年4月1日以降交付のもの） パスポート マイナンバーカード 住民基本台帳カード（顔写真つき） 在留カード 身体障害者手帳 療育手帳 精神障害者保健福祉手帳 B 健康保険証 年金手帳 年金証書 住民基本台帳カード（顔写真なし） 福祉医療受給者証 児童扶養手当証書 生活保護受給者証 社員証 学生証 預金通帳 この記事へのお問い合わせ先
25	木曽町	各種補助金・支援金	https://www.town-kiso.com/kurashi/hojyokin1/	各種補助金・支援金 - 木曽町公式サイト このサイトではJavascriptを使用しています。現在、JavaScriptが無効のため一部機能をご使用いただけません。 サイトマップ サイト内検索 白 黒 黄 背景の色 大 中 小 文字の大きさ 閉じる ホーム 暮らし 手続き 移住・住まい 各種補助金・支援金 水道・下水道 道路・交通 農林業 就職・労働 税金 届出・証明・住民の手続き 生活環境 健康･福祉 健康・医療 食育 福祉 子ども･教育 各種補助金・支援金 小中学校 妊娠・子育て 学童クラブ 子育て支援情報 認定こども園 事業者の方へ 各種補助金・支援金 企業支援・企業立地 入札・契約 お知らせ 町政情報 各種補助金・支援金 木曽町選挙管理委員会 木曽町の概要 木曽町例規集 公有財産の売却 採用情報 施策・計画 審議会・委員会 耐震診断 地域自治組織 財政運営 ふるさと納税 まちづくり 議会 広報・広聴 統計 情報公開・個人
25	木曽町	各種補助金・支援金	https://www.town-kiso.com/kodomo/hojyokin2/	各種補助金・支援金 - 木曽町公式サイト このサイトではJavascriptを使用しています。現在、JavaScriptが無効のため一部機能をご使用いただけません。 サイトマップ サイト内検索 白 黒 黄 背景の色 大 中 小 文字の大きさ 閉じる ホーム 暮らし 手続き 移住・住まい 各種補助金・支援金 水道・下水道 道路・交通 農林業 就職・労働 税金 届出・証明・住民の手続き 生活環境 健康･福祉 健康・医療 食育 福祉 子ども･教育 各種補助金・支援金 小中学校 妊娠・子育て 学童クラブ 子育て支援情報 認定こども園 事業者の方へ 各種補助金・支援金 企業支援・企業立地 入札・契約 お知らせ 町政情報 各種補助金・支援金 木曽町選挙管理委員会 木曽町の概要 木曽町例規集 公有財産の売却 採用情報 施策・計画 審議会・委員会 耐震診断 地域自治組織 財政運営 ふるさと納税 まちづくり 議会 広報・広聴 統計 情報公開・個人
25	木曽町	各種補助金・支援金	https://www.town-kiso.com/jigyosha/hojyokin3/	各種補助金・支援金 - 木曽町公式サイト このサイトではJavascriptを使用しています。現在、JavaScriptが無効のため一部機能をご使用いただけません。 サイトマップ サイト内検索 白 黒 黄 背景の色 大 中 小 文字の大きさ 閉じる ホーム 暮らし 手続き 移住・住まい 各種補助金・支援金 水道・下水道 道路・交通 農林業 就職・労働 税金 届出・証明・住民の手続き 生活環境 健康･福祉 健康・医療 食育 福祉 子ども･教育 各種補助金・支援金 小中学校 妊娠・子育て 学童クラブ 子育て支援情報 認定こども園 事業者の方へ 各種補助金・支援金 企業支援・企業立地 入札・契約 お知らせ 町政情報 各種補助金・支援金 木曽町選挙管理委員会 木曽町の概要 木曽町例規集 公有財産の売却 採用情報 施策・計画 審議会・委員会 耐震診断 地域自治組織 財政運営 ふるさと納税 まちづくり 議会 広報・広聴 統計 情報公開・個人
25	木曽町	各種補助金・支援金	https://www.town-kiso.com/chousei/hojyokin4/	各種補助金・支援金 - 木曽町公式サイト このサイトではJavascriptを使用しています。現在、JavaScriptが無効のため一部機能をご使用いただけません。 サイトマップ サイト内検索 白 黒 黄 背景の色 大 中 小 文字の大きさ 閉じる ホーム 暮らし 手続き 移住・住まい 各種補助金・支援金 水道・下水道 道路・交通 農林業 就職・労働 税金 届出・証明・住民の手続き 生活環境 健康･福祉 健康・医療 食育 福祉 子ども･教育 各種補助金・支援金 小中学校 妊娠・子育て 学童クラブ 子育て支援情報 認定こども園 事業者の方へ 各種補助金・支援金 企業支援・企業立地 入札・契約 お知らせ 町政情報 各種補助金・支援金 木曽町選挙管理委員会 木曽町の概要 木曽町例規集 公有財産の売却 採用情報 施策・計画 審議会・委員会 耐震診断 地域自治組織 財政運営 ふるさと納税 まちづくり 議会 広報・広聴 統計 情報公開・個人
25	木曽町	木曽郡緊急当番医	https://www.town-kiso.com/fukushi/kenkou/100099/100214/	木曽郡緊急当番医 - 木曽町公式サイト このサイトではJavascriptを使用しています。現在、JavaScriptが無効のため一部機能をご使用いただけません。 サイトマップ サイト内検索 白 黒 黄 背景の色 大 中 小 文字の大きさ 閉じる ホーム 暮らし 手続き 移住・住まい 各種補助金・支援金 水道・下水道 道路・交通 農林業 就職・労働 税金 届出・証明・住民の手続き 生活環境 健康･福祉 健康・医療 食育 福祉 子ども･教育 各種補助金・支援金 小中学校 妊娠・子育て 学童クラブ 子育て支援情報 認定こども園 事業者の方へ 各種補助金・支援金 企業支援・企業立地 入札・契約 お知らせ 町政情報 各種補助金・支援金 木曽町選挙管理委員会 木曽町の概要 木曽町例規集 公有財産の売却 採用情報 施策・計画 審議会・委員会 耐震診断 地域自治組織 財政運営 ふるさと納税 まちづくり 議会 広報・広聴 統計 情報公開・個人情
25	木曽町	こころの体温計・認知症チェック	https://www.town-kiso.com/fukushi/kenkou/100278/100332/	こころの体温計・認知症チェック - 木曽町公式サイト このサイトではJavascriptを使用しています。現在、JavaScriptが無効のため一部機能をご使用いただけません。 サイトマップ サイト内検索 白 黒 黄 背景の色 大 中 小 文字の大きさ 閉じる ホーム 暮らし 手続き 移住・住まい 各種補助金・支援金 水道・下水道 道路・交通 農林業 就職・労働 税金 届出・証明・住民の手続き 生活環境 健康･福祉 健康・医療 食育 福祉 子ども･教育 各種補助金・支援金 小中学校 妊娠・子育て 学童クラブ 子育て支援情報 認定こども園 事業者の方へ 各種補助金・支援金 企業支援・企業立地 入札・契約 お知らせ 町政情報 各種補助金・支援金 木曽町選挙管理委員会 木曽町の概要 木曽町例規集 公有財産の売却 採用情報 施策・計画 審議会・委員会 耐震診断 地域自治組織 財政運営 ふるさと納税 まちづくり 議会 広報・広聴 統計 情
25	木曽町	献血の実施について	https://www.town-kiso.com/fukushi/fukushi/100348/102113/	献血の実施について - 木曽町公式サイト このサイトではJavascriptを使用しています。現在、JavaScriptが無効のため一部機能をご使用いただけません。 サイトマップ サイト内検索 白 黒 黄 背景の色 大 中 小 文字の大きさ 閉じる ホーム 暮らし 手続き 移住・住まい 各種補助金・支援金 水道・下水道 道路・交通 農林業 就職・労働 税金 届出・証明・住民の手続き 生活環境 健康･福祉 健康・医療 食育 福祉 子ども･教育 各種補助金・支援金 小中学校 妊娠・子育て 学童クラブ 子育て支援情報 認定こども園 事業者の方へ 各種補助金・支援金 企業支援・企業立地 入札・契約 お知らせ 町政情報 各種補助金・支援金 木曽町選挙管理委員会 木曽町の概要 木曽町例規集 公有財産の売却 採用情報 施策・計画 審議会・委員会 耐震診断 地域自治組織 財政運営 ふるさと納税 まちづくり 議会 広報・広聴 統計 情報公開・個人
25	木曽町	食育ボランティア	https://www.town-kiso.com/fukushi/shokuiku/100100/	食育ボランティア - 木曽町公式サイト このサイトではJavascriptを使用しています。現在、JavaScriptが無効のため一部機能をご使用いただけません。 サイトマップ サイト内検索 白 黒 黄 背景の色 大 中 小 文字の大きさ 閉じる ホーム 暮らし 手続き 移住・住まい 各種補助金・支援金 水道・下水道 道路・交通 農林業 就職・労働 税金 届出・証明・住民の手続き 生活環境 健康･福祉 健康・医療 食育 福祉 子ども･教育 各種補助金・支援金 小中学校 妊娠・子育て 学童クラブ 子育て支援情報 認定こども園 事業者の方へ 各種補助金・支援金 企業支援・企業立地 入札・契約 お知らせ 町政情報 各種補助金・支援金 木曽町選挙管理委員会 木曽町の概要 木曽町例規集 公有財産の売却 採用情報 施策・計画 審議会・委員会 耐震診断 地域自治組織 財政運営 ふるさと納税 まちづくり 議会 広報・広聴 統計 情報公開・個人情
25	木曽町	障がい者福祉	https://www.town-kiso.com/fukushi/fukushi/100102/	障がい者福祉 - 木曽町公式サイト このサイトではJavascriptを使用しています。現在、JavaScriptが無効のため一部機能をご使用いただけません。 サイトマップ サイト内検索 白 黒 黄 背景の色 大 中 小 文字の大きさ 閉じる ホーム 暮らし 手続き 移住・住まい 各種補助金・支援金 水道・下水道 道路・交通 農林業 就職・労働 税金 届出・証明・住民の手続き 生活環境 健康･福祉 健康・医療 食育 福祉 子ども･教育 各種補助金・支援金 小中学校 妊娠・子育て 学童クラブ 子育て支援情報 認定こども園 事業者の方へ 各種補助金・支援金 企業支援・企業立地 入札・契約 お知らせ 町政情報 各種補助金・支援金 木曽町選挙管理委員会 木曽町の概要 木曽町例規集 公有財産の売却 採用情報 施策・計画 審議会・委員会 耐震診断 地域自治組織 財政運営 ふるさと納税 まちづくり 議会 広報・広聴 統計 情報公開・個人情報保
25	木曽町	三中学校統合準備委員会だより	https://www.town-kiso.com/kodomo/shouchu/100286/102072/	三中学校統合準備委員会だより - 木曽町公式サイト このサイトではJavascriptを使用しています。現在、JavaScriptが無効のため一部機能をご使用いただけません。 サイトマップ サイト内検索 白 黒 黄 背景の色 大 中 小 文字の大きさ 閉じる ホーム 暮らし 手続き 移住・住まい 各種補助金・支援金 水道・下水道 道路・交通 農林業 就職・労働 税金 届出・証明・住民の手続き 生活環境 健康･福祉 健康・医療 食育 福祉 子ども･教育 各種補助金・支援金 小中学校 妊娠・子育て 学童クラブ 子育て支援情報 認定こども園 事業者の方へ 各種補助金・支援金 企業支援・企業立地 入札・契約 お知らせ 町政情報 各種補助金・支援金 木曽町選挙管理委員会 木曽町の概要 木曽町例規集 公有財産の売却 採用情報 施策・計画 審議会・委員会 耐震診断 地域自治組織 財政運営 ふるさと納税 まちづくり 議会 広報・広聴 統計 情報
24	南木曽町	各課の窓口	https://www.town.nagiso.nagano.jp/soshiki_list.html	から文字サイズを変更してください。文字サイズ変更以外にも，操作性向上の目的でJavaScript（アクティブスクリプト）を用いた機能を提供しています。可能であればJavaScript（アクティブスクリプト）を有効にしてください。 メニュー 閉じる トップページ くらし・手続き 表示 届出・証明 税金 保険・年金 道路・河川・建築 交通 ゴミ・環境 上下水道 補助金・助成金 給付金・支援金 申請書ダウンロード 移住・住まい 防災・防犯・安全 医療・健康・福祉 表示 緊急 医療・健康 高齢者福祉・介護 障がい者福祉 子育て・教育 表示 妊娠・出産・子育て 教育 歴史・文化 産業・しごと 表示 雇用・労働 産業振興 農林業支援 行政情報 表示 町長の部屋 南木曽町の概要 公共施設 電話帳 財政 ふるさと納税 施策・計画 まちづくり 議会 統計 広報・広聴 リニア対策 各種委員会・協議会 入札・契約 各課の窓口 Language 背景色
24	南木曽町	空き家等情報登録制度（空き家等バンク）	https://www.town.nagiso.nagano.jp/0000000002.html	から文字サイズを変更してください。文字サイズ変更以外にも，操作性向上の目的でJavaScript（アクティブスクリプト）を用いた機能を提供しています。可能であればJavaScript（アクティブスクリプト）を有効にしてください。 メニュー 閉じる トップページ くらし・手続き 表示 届出・証明 税金 保険・年金 道路・河川・建築 交通 ゴミ・環境 上下水道 補助金・助成金 給付金・支援金 申請書ダウンロード 移住・住まい 防災・防犯・安全 医療・健康・福祉 表示 緊急 医療・健康 高齢者福祉・介護 障がい者福祉 子育て・教育 表示 妊娠・出産・子育て 教育 歴史・文化 産業・しごと 表示 雇用・労働 産業振興 農林業支援 行政情報 表示 町長の部屋 南木曽町の概要 公共施設 電話帳 財政 ふるさと納税 施策・計画 まちづくり 議会 統計 広報・広聴 リニア対策 各種委員会・協議会 入札・契約 各課の窓口 Language 背景色
24	南木曽町	上下水道係	https://www.town.nagiso.nagano.jp/soshiki/6-2-0-0-0_1.html	から文字サイズを変更してください。文字サイズ変更以外にも，操作性向上の目的でJavaScript（アクティブスクリプト）を用いた機能を提供しています。可能であればJavaScript（アクティブスクリプト）を有効にしてください。 メニュー 閉じる トップページ くらし・手続き 表示 届出・証明 税金 保険・年金 道路・河川・建築 交通 ゴミ・環境 上下水道 補助金・助成金 給付金・支援金 申請書ダウンロード 移住・住まい 防災・防犯・安全 医療・健康・福祉 表示 緊急 医療・健康 高齢者福祉・介護 障がい者福祉 子育て・教育 表示 妊娠・出産・子育て 教育 歴史・文化 産業・しごと 表示 雇用・労働 産業振興 農林業支援 行政情報 表示 町長の部屋 南木曽町の概要 公共施設 電話帳 財政 ふるさと納税 施策・計画 まちづくり 議会 統計 広報・広聴 リニア対策 各種委員会・協議会 入札・契約 各課の窓口 Language 背景色
24	南木曽町	地域公共交通確保維持改善事業の事業評価	https://www.town.nagiso.nagano.jp/0000000017.html	から文字サイズを変更してください。文字サイズ変更以外にも，操作性向上の目的でJavaScript（アクティブスクリプト）を用いた機能を提供しています。可能であればJavaScript（アクティブスクリプト）を有効にしてください。 メニュー 閉じる トップページ くらし・手続き 表示 届出・証明 税金 保険・年金 道路・河川・建築 交通 ゴミ・環境 上下水道 補助金・助成金 給付金・支援金 申請書ダウンロード 移住・住まい 防災・防犯・安全 医療・健康・福祉 表示 緊急 医療・健康 高齢者福祉・介護 障がい者福祉 子育て・教育 表示 妊娠・出産・子育て 教育 歴史・文化 産業・しごと 表示 雇用・労働 産業振興 農林業支援 行政情報 表示 町長の部屋 南木曽町の概要 公共施設 電話帳 財政 ふるさと納税 施策・計画 まちづくり 議会 統計 広報・広聴 リニア対策 各種委員会・協議会 入札・契約 各課の窓口 Language 背景色
24	南木曽町	マイナンバーカードの交付と申請	https://www.town.nagiso.nagano.jp/0000000154.html	マイナンバーカードの交付と申請 | 南木曽町役場 ページの先頭です 共通メニューなどをスキップして本文へ 各課の窓口 Language 文字サイズ 標準 拡大 背景色 標準 反転 検索 ID検索 ID検索 閉じる 文字サイズ変更機能を利用するにはJavaScript（アクティブスクリプト）を有効にしてください。JavaScript（アクティブスクリプト） を無効のまま文字サイズを変更する場合には，ご利用のブラウザの表示メニューから文字サイズを変更してください。文字サイズ変更以外にも，操作性向上の目的でJavaScript（アクティブスクリプト）を用いた機能を提供しています。可能であればJavaScript（アクティブスクリプト）を有効にしてください。 メニュー 閉じる トップページ くらし・手続き 表示 届出・証明 税金 保険・年金 道路・河川・建築 交通 ゴミ・環境 上下水道 補助金・助成金 給付金・支援金 申請書ダウンロード
24	南木曽町	個人町県民税（住民税）の特別徴収（給与天引き）	https://www.town.nagiso.nagano.jp/0000000123.html	から文字サイズを変更してください。文字サイズ変更以外にも，操作性向上の目的でJavaScript（アクティブスクリプト）を用いた機能を提供しています。可能であればJavaScript（アクティブスクリプト）を有効にしてください。 メニュー 閉じる トップページ くらし・手続き 表示 届出・証明 税金 保険・年金 道路・河川・建築 交通 ゴミ・環境 上下水道 補助金・助成金 給付金・支援金 申請書ダウンロード 移住・住まい 防災・防犯・安全 医療・健康・福祉 表示 緊急 医療・健康 高齢者福祉・介護 障がい者福祉 子育て・教育 表示 妊娠・出産・子育て 教育 歴史・文化 産業・しごと 表示 雇用・労働 産業振興 農林業支援 行政情報 表示 町長の部屋 南木曽町の概要 公共施設 電話帳 財政 ふるさと納税 施策・計画 まちづくり 議会 統計 広報・広聴 リニア対策 各種委員会・協議会 入札・契約 各課の窓口 Language 背景色
24	南木曽町	農耕作業用トレーラに対する課税	https://www.town.nagiso.nagano.jp/0000000459.html	から文字サイズを変更してください。文字サイズ変更以外にも，操作性向上の目的でJavaScript（アクティブスクリプト）を用いた機能を提供しています。可能であればJavaScript（アクティブスクリプト）を有効にしてください。 メニュー 閉じる トップページ くらし・手続き 表示 届出・証明 税金 保険・年金 道路・河川・建築 交通 ゴミ・環境 上下水道 補助金・助成金 給付金・支援金 申請書ダウンロード 移住・住まい 防災・防犯・安全 医療・健康・福祉 表示 緊急 医療・健康 高齢者福祉・介護 障がい者福祉 子育て・教育 表示 妊娠・出産・子育て 教育 歴史・文化 産業・しごと 表示 雇用・労働 産業振興 農林業支援 行政情報 表示 町長の部屋 南木曽町の概要 公共施設 電話帳 財政 ふるさと納税 施策・計画 まちづくり 議会 統計 広報・広聴 リニア対策 各種委員会・協議会 入札・契約 各課の窓口 Language 背景色
24	南木曽町	軽自動車税（種別割）減免申請について	https://www.town.nagiso.nagano.jp/0000000128.html	軽自動車税（種別割）減免申請について | 南木曽町役場 ページの先頭です 共通メニューなどをスキップして本文へ 各課の窓口 Language 文字サイズ 標準 拡大 背景色 標準 反転 検索 ID検索 ID検索 閉じる 文字サイズ変更機能を利用するにはJavaScript（アクティブスクリプト）を有効にしてください。JavaScript（アクティブスクリプト） を無効のまま文字サイズを変更する場合には，ご利用のブラウザの表示メニューから文字サイズを変更してください。文字サイズ変更以外にも，操作性向上の目的でJavaScript（アクティブスクリプト）を用いた機能を提供しています。可能であればJavaScript（アクティブスクリプト）を有効にしてください。 メニュー 閉じる トップページ くらし・手続き 表示 届出・証明 税金 保険・年金 道路・河川・建築 交通 ゴミ・環境 上下水道 補助金・助成金 給付金・支援金 申請書ダウン
24	南木曽町	南木曽町指定給水装置事業者	https://www.town.nagiso.nagano.jp/0000000226.html	から文字サイズを変更してください。文字サイズ変更以外にも，操作性向上の目的でJavaScript（アクティブスクリプト）を用いた機能を提供しています。可能であればJavaScript（アクティブスクリプト）を有効にしてください。 メニュー 閉じる トップページ くらし・手続き 表示 届出・証明 税金 保険・年金 道路・河川・建築 交通 ゴミ・環境 上下水道 補助金・助成金 給付金・支援金 申請書ダウンロード 移住・住まい 防災・防犯・安全 医療・健康・福祉 表示 緊急 医療・健康 高齢者福祉・介護 障がい者福祉 子育て・教育 表示 妊娠・出産・子育て 教育 歴史・文化 産業・しごと 表示 雇用・労働 産業振興 農林業支援 行政情報 表示 町長の部屋 南木曽町の概要 公共施設 電話帳 財政 ふるさと納税 施策・計画 まちづくり 議会 統計 広報・広聴 リニア対策 各種委員会・協議会 入札・契約 各課の窓口 Language 背景色
24	南木曽町	簡易水道水質検査結果	https://www.town.nagiso.nagano.jp/0000000225.html	から文字サイズを変更してください。文字サイズ変更以外にも，操作性向上の目的でJavaScript（アクティブスクリプト）を用いた機能を提供しています。可能であればJavaScript（アクティブスクリプト）を有効にしてください。 メニュー 閉じる トップページ くらし・手続き 表示 届出・証明 税金 保険・年金 道路・河川・建築 交通 ゴミ・環境 上下水道 補助金・助成金 給付金・支援金 申請書ダウンロード 移住・住まい 防災・防犯・安全 医療・健康・福祉 表示 緊急 医療・健康 高齢者福祉・介護 障がい者福祉 子育て・教育 表示 妊娠・出産・子育て 教育 歴史・文化 産業・しごと 表示 雇用・労働 産業振興 農林業支援 行政情報 表示 町長の部屋 南木曽町の概要 公共施設 電話帳 財政 ふるさと納税 施策・計画 まちづくり 議会 統計 広報・広聴 リニア対策 各種委員会・協議会 入札・契約 各課の窓口 Language 背景色
24	南木曽町	マンホールカードの配布	https://www.town.nagiso.nagano.jp/0000000216.html	から文字サイズを変更してください。文字サイズ変更以外にも，操作性向上の目的でJavaScript（アクティブスクリプト）を用いた機能を提供しています。可能であればJavaScript（アクティブスクリプト）を有効にしてください。 メニュー 閉じる トップページ くらし・手続き 表示 届出・証明 税金 保険・年金 道路・河川・建築 交通 ゴミ・環境 上下水道 補助金・助成金 給付金・支援金 申請書ダウンロード 移住・住まい 防災・防犯・安全 医療・健康・福祉 表示 緊急 医療・健康 高齢者福祉・介護 障がい者福祉 子育て・教育 表示 妊娠・出産・子育て 教育 歴史・文化 産業・しごと 表示 雇用・労働 産業振興 農林業支援 行政情報 表示 町長の部屋 南木曽町の概要 公共施設 電話帳 財政 ふるさと納税 施策・計画 まちづくり 議会 統計 広報・広聴 リニア対策 各種委員会・協議会 入札・契約 各課の窓口 Language 背景色
24	王滝村	介護保険	https://www.vill.otaki.nagano.jp/kurashi/kenko/kaigo/kaigohoken.html	６回）の際に、介護保険料があらかじめ差し引かれます。 老齢（退職）年金が年額１８万円未満の方は普通徴収で納めます。村から送付される納付書にもとづき、介護保険料を村に個別に納めます。 ４０歳～６４歳の方 （第２号被保険者）の介護保険料 加入している医療保険の算定方法により決まります。 医療保険料に介護保険料をあわせて一括して医療保険者に納めます。 必要なもの 申請書・請求書・印鑑・口座がわかるもの 在宅サービス利用者負担額の助成 王滝村では、在宅サービス（訪問介護・通所介護）を利用した方を対象に、利用者負担額の助成を行なっております。 王滝村保健福祉センターで申請の手続きをしてください。 必要なもの 申請書・領収書・請求書・印鑑・口座がわかるもの 介護サービスを利用するには 1.要介護認定の申請 介護サービスを利用するためには「要介護認定」の申請をする必要があります。王滝村保健福祉センターで申請の手続きをしてください。 必要なもの
24	木曽町	学ぶ・楽しむ	https://www.town-kiso.com/manabu/	学ぶ・楽しむ - 木曽町公式サイト このサイトではJavascriptを使用しています。現在、JavaScriptが無効のため一部機能をご使用いただけません。 サイトマップ サイト内検索 白 黒 黄 背景の色 大 中 小 文字の大きさ 閉じる ホーム 暮らし 手続き 移住・住まい 各種補助金・支援金 水道・下水道 道路・交通 農林業 就職・労働 税金 届出・証明・住民の手続き 生活環境 健康･福祉 健康・医療 食育 福祉 子ども･教育 各種補助金・支援金 小中学校 妊娠・子育て 学童クラブ 子育て支援情報 認定こども園 事業者の方へ 各種補助金・支援金 企業支援・企業立地 入札・契約 お知らせ 町政情報 各種補助金・支援金 木曽町選挙管理委員会 木曽町の概要 木曽町例規集 公有財産の売却 採用情報 施策・計画 審議会・委員会 耐震診断 地域自治組織 財政運営 ふるさと納税 まちづくり 議会 広報・広聴 統計 情報公開・個人情報保
24	木曽町	信州やまなみ国スポ	https://www.town-kiso.com/manabu/100072/	信州やまなみ国スポ - 木曽町公式サイト このサイトではJavascriptを使用しています。現在、JavaScriptが無効のため一部機能をご使用いただけません。 サイトマップ サイト内検索 白 黒 黄 背景の色 大 中 小 文字の大きさ 閉じる ホーム 暮らし 手続き 移住・住まい 各種補助金・支援金 水道・下水道 道路・交通 農林業 就職・労働 税金 届出・証明・住民の手続き 生活環境 健康･福祉 健康・医療 食育 福祉 子ども･教育 各種補助金・支援金 小中学校 妊娠・子育て 学童クラブ 子育て支援情報 認定こども園 事業者の方へ 各種補助金・支援金 企業支援・企業立地 入札・契約 お知らせ 町政情報 各種補助金・支援金 木曽町選挙管理委員会 木曽町の概要 木曽町例規集 公有財産の売却 採用情報 施策・計画 審議会・委員会 耐震診断 地域自治組織 財政運営 ふるさと納税 まちづくり 議会 広報・広聴 統計 情報公開・個人
24	木曽町	国民健康保険税	https://www.town-kiso.com/kurashi/zeikin/100307/	国民健康保険税 - 木曽町公式サイト このサイトではJavascriptを使用しています。現在、JavaScriptが無効のため一部機能をご使用いただけません。 サイトマップ サイト内検索 白 黒 黄 背景の色 大 中 小 文字の大きさ 閉じる ホーム 暮らし 手続き 移住・住まい 各種補助金・支援金 水道・下水道 道路・交通 農林業 就職・労働 税金 届出・証明・住民の手続き 生活環境 健康･福祉 健康・医療 食育 福祉 子ども･教育 各種補助金・支援金 小中学校 妊娠・子育て 学童クラブ 子育て支援情報 認定こども園 事業者の方へ 各種補助金・支援金 企業支援・企業立地 入札・契約 お知らせ 町政情報 各種補助金・支援金 木曽町選挙管理委員会 木曽町の概要 木曽町例規集 公有財産の売却 採用情報 施策・計画 審議会・委員会 耐震診断 地域自治組織 財政運営 ふるさと納税 まちづくり 議会 広報・広聴 統計 情報公開・個人情報
24	木曽町	軽自動車税	https://www.town-kiso.com/kurashi/zeikin/keijidousha/	軽自動車税 - 木曽町公式サイト このサイトではJavascriptを使用しています。現在、JavaScriptが無効のため一部機能をご使用いただけません。 サイトマップ サイト内検索 白 黒 黄 背景の色 大 中 小 文字の大きさ 閉じる ホーム 暮らし 手続き 移住・住まい 各種補助金・支援金 水道・下水道 道路・交通 農林業 就職・労働 税金 届出・証明・住民の手続き 生活環境 健康･福祉 健康・医療 食育 福祉 子ども･教育 各種補助金・支援金 小中学校 妊娠・子育て 学童クラブ 子育て支援情報 認定こども園 事業者の方へ 各種補助金・支援金 企業支援・企業立地 入札・契約 お知らせ 町政情報 各種補助金・支援金 木曽町選挙管理委員会 木曽町の概要 木曽町例規集 公有財産の売却 採用情報 施策・計画 審議会・委員会 耐震診断 地域自治組織 財政運営 ふるさと納税 まちづくり 議会 広報・広聴 統計 情報公開・個人情報保護
23	南木曽町	町営住宅の入居者募集	https://www.town.nagiso.nagano.jp/0000000233.html	町営住宅の入居者募集 | 南木曽町役場 ページの先頭です 共通メニューなどをスキップして本文へ 各課の窓口 Language 文字サイズ 標準 拡大 背景色 標準 反転 検索 ID検索 ID検索 閉じる 文字サイズ変更機能を利用するにはJavaScript（アクティブスクリプト）を有効にしてください。JavaScript（アクティブスクリプト） を無効のまま文字サイズを変更する場合には，ご利用のブラウザの表示メニューから文字サイズを変更してください。文字サイズ変更以外にも，操作性向上の目的でJavaScript（アクティブスクリプト）を用いた機能を提供しています。可能であればJavaScript（アクティブスクリプト）を有効にしてください。 メニュー 閉じる トップページ くらし・手続き 表示 届出・証明 税金 保険・年金 道路・河川・建築 交通 ゴミ・環境 上下水道 補助金・助成金 給付金・支援金 申請書ダウンロード 移住・住
23	南木曽町	新着情報	https://www.town.nagiso.nagano.jp/news/0001.html	から文字サイズを変更してください。文字サイズ変更以外にも，操作性向上の目的でJavaScript（アクティブスクリプト）を用いた機能を提供しています。可能であればJavaScript（アクティブスクリプト）を有効にしてください。 メニュー 閉じる トップページ くらし・手続き 表示 届出・証明 税金 保険・年金 道路・河川・建築 交通 ゴミ・環境 上下水道 補助金・助成金 給付金・支援金 申請書ダウンロード 移住・住まい 防災・防犯・安全 医療・健康・福祉 表示 緊急 医療・健康 高齢者福祉・介護 障がい者福祉 子育て・教育 表示 妊娠・出産・子育て 教育 歴史・文化 産業・しごと 表示 雇用・労働 産業振興 農林業支援 行政情報 表示 町長の部屋 南木曽町の概要 公共施設 電話帳 財政 ふるさと納税 施策・計画 まちづくり 議会 統計 広報・広聴 リニア対策 各種委員会・協議会 入札・契約 各課の窓口 Language 背景色
23	南木曽町	地域バスの経路検索充実に向けたデータ整備についてのご案内	https://www.town.nagiso.nagano.jp/0000000019.html	から文字サイズを変更してください。文字サイズ変更以外にも，操作性向上の目的でJavaScript（アクティブスクリプト）を用いた機能を提供しています。可能であればJavaScript（アクティブスクリプト）を有効にしてください。 メニュー 閉じる トップページ くらし・手続き 表示 届出・証明 税金 保険・年金 道路・河川・建築 交通 ゴミ・環境 上下水道 補助金・助成金 給付金・支援金 申請書ダウンロード 移住・住まい 防災・防犯・安全 医療・健康・福祉 表示 緊急 医療・健康 高齢者福祉・介護 障がい者福祉 子育て・教育 表示 妊娠・出産・子育て 教育 歴史・文化 産業・しごと 表示 雇用・労働 産業振興 農林業支援 行政情報 表示 町長の部屋 南木曽町の概要 公共施設 電話帳 財政 ふるさと納税 施策・計画 まちづくり 議会 統計 広報・広聴 リニア対策 各種委員会・協議会 入札・契約 各課の窓口 Language 背景色
23	王滝村	霊峰御嶽山の麓水と緑のふるさと	https://www.vill.otaki.nagano.jp/	 防災情報 Translate 文字サイズ 標準 大 重要なお知らせ 一覧を見る 防災情報 もしもの ために 防災情報 新型コロナウィルス 情報 避難所・避難場所 診療所・診療日 木曽防災・ 暮らしの掲示板 ライフシーンから探す 出産・子育て 入園・入学 結婚・離婚 就職・転職 引越し・転居 健康・医療 退職・老後 葬儀・お別れ くらしの便利帳 届出・証明 申請書ダウンロード マイナンバー ごみリサイクル 年金保険 税金 医療機関一覧 交通機関時刻表 王滝村議会 イベントカレンダー 王滝村について 観光 空き家バンク 水と緑の ふるさと寄付金 村の基本情報 王滝村の概要 王滝村役場 例規集 村の施設 世帯と人口 人口： 621人 世帯数： 348世帯 (2026/7/1 現在) 広報誌 関連リンク バナー広告 広告掲載の募集について 広告掲載の募集について
23	王滝村	霊峰御嶽山の麓水と緑のふるさと	https://www.vill.otaki.nagano.jp/index.html	 防災情報 Translate 文字サイズ 標準 大 重要なお知らせ 一覧を見る 防災情報 もしもの ために 防災情報 新型コロナウィルス 情報 避難所・避難場所 診療所・診療日 木曽防災・ 暮らしの掲示板 ライフシーンから探す 出産・子育て 入園・入学 結婚・離婚 就職・転職 引越し・転居 健康・医療 退職・老後 葬儀・お別れ くらしの便利帳 届出・証明 申請書ダウンロード マイナンバー ごみリサイクル 年金保険 税金 医療機関一覧 交通機関時刻表 王滝村議会 イベントカレンダー 王滝村について 観光 空き家バンク 水と緑の ふるさと寄付金 村の基本情報 王滝村の概要 王滝村役場 例規集 村の施設 世帯と人口 人口： 621人 世帯数： 348世帯 (2026/7/1 現在) 広報誌 関連リンク バナー広告 広告掲載の募集について 広告掲載の募集について
23	大桑村	住宅に関連する補助制度	https://www.vill.okuwa.lg.jp/kurashi/sumai-jukyo/jutakuhojoseido/index.html	住宅に関連する補助制度 | 大桑村公式サイト サイト内検索 防災情報 Translate 文字サイズ： 標準 大 トップ くらし 住まい・住居 住宅に関連する補助制度 住宅に関連する補助制度 できごとから探す 結婚・離婚 子育て・学習 就職・転職 引っ越し 医療・福祉 高齢・介護 死亡・相続 申請書ダウンロード 便利帳 組織から探す 大桑村 〒399-5503 長野県木曽郡大桑村長野880番地1 電話番号：0264-55-3080 FAX番号：0264-55-4134 （法人番号1000020204307） 役場までのアクセス お問い合わせ このサイトについて 個人情報保護について サイトマップ リンク集 Copyright &copy; Okuwa Village All rights Reserved. ページの先頭へ戻る
23	大桑村	木育推進事業	https://www.vill.okuwa.lg.jp/sangyo-nyusatsu-business/noringyo/ringyo/mokuikusuisin.html	生活を取り戻す、心の共育を行います。 誕生祝品プレゼント 赤ちゃんが心地よく感じる素材は「人肌」と木と言われています。 木材は他の素材と比べて熱が伝わりにくい性質であるため、触れた時に熱もなく冷たくもなく、心地よいぬくもりを感じることができます。 大桑村の木工職人が心をこめて製作したおもちゃを親子で遊んでいただき、木のぬくもりや優しさを肌で感じてください。 対象者 大桑村に住民登録している人 進呈品一覧 次の一覧の中から誕生祝品と木製キーホルダーをそれぞれ１品進呈します。 誕生祝品 ラトル 積み木 マス積み木 プルカイコ ホオバアツメ 木製キーホルダー まる しかく はっぱ りんご 申請方法 申請書に必要事項を記入の上、産業振興課農林係に提出してください。 申請期間 出生届から１か月間（出生届提出の際に申請書をお渡しします。） 関連ファイル 誕生祝品申請書（73.4kbyte） 記入例（120.5kbyte） 木育推進利用券 村
23	大桑村	村民登山2026	https://www.vill.okuwa.lg.jp/event/2026/sonmintozan2026.html	村民登山2026 | 大桑村公式サイト サイト内検索 防災情報 Translate 文字サイズ： 標準 大 トップ 子育て・教育 生涯学習 生涯学習講座 村民登山2026 村民登山2026 更新日：2026年03月03日 村民登山（2026） 開催日 2026年5月23日 時間 07：30 ～ 16：00 内容 令和８年度の村民登山を開催します！ 期 日 令和８年５月23日（土） ※予備日24日（日） 集 合 役場第２駐車場（午前７時30分） 行 先 糸瀬山 参加費 １人1,500円（保険代等） 申込締切 令和８年５月７日（木） ☆参加には事前申し込みが必要です。 ☆詳細が決まり次第、追ってお知らせします。 主催 大桑村野歩路会 共催 大桑村教育委員会 申込先 大桑村教育委員会（0264-55-1020） 場所 糸瀬山 この記事へのお問い合わせ先 大桑村役場 教育委員会 生涯学習係 住所：長野県木曽郡大桑村大字長野880番地１／
23	木曽町	開田高原保健休養地 別荘・空き地物件情報	https://www.town-kiso.com/kurashi/sumai/kaida/100237/	開田高原保健休養地 別荘・空き地物件情報 - 木曽町公式サイト このサイトではJavascriptを使用しています。現在、JavaScriptが無効のため一部機能をご使用いただけません。 サイトマップ サイト内検索 白 黒 黄 背景の色 大 中 小 文字の大きさ 閉じる ホーム 暮らし 手続き 移住・住まい 各種補助金・支援金 水道・下水道 道路・交通 農林業 就職・労働 税金 届出・証明・住民の手続き 生活環境 健康･福祉 健康・医療 食育 福祉 子ども･教育 各種補助金・支援金 小中学校 妊娠・子育て 学童クラブ 子育て支援情報 認定こども園 事業者の方へ 各種補助金・支援金 企業支援・企業立地 入札・契約 お知らせ 町政情報 各種補助金・支援金 木曽町選挙管理委員会 木曽町の概要 木曽町例規集 公有財産の売却 採用情報 施策・計画 審議会・委員会 耐震診断 地域自治組織 財政運営 ふるさと納税 まちづくり 議会 広報・広聴
23	木曽町	町営住宅等入居者募集	https://www.town-kiso.com/kurashi/sumai/100064/	町営住宅等入居者募集 - 木曽町公式サイト このサイトではJavascriptを使用しています。現在、JavaScriptが無効のため一部機能をご使用いただけません。 サイトマップ サイト内検索 白 黒 黄 背景の色 大 中 小 文字の大きさ 閉じる ホーム 暮らし 手続き 移住・住まい 各種補助金・支援金 水道・下水道 道路・交通 農林業 就職・労働 税金 届出・証明・住民の手続き 生活環境 健康･福祉 健康・医療 食育 福祉 子ども･教育 各種補助金・支援金 小中学校 妊娠・子育て 学童クラブ 子育て支援情報 認定こども園 事業者の方へ 各種補助金・支援金 企業支援・企業立地 入札・契約 お知らせ 町政情報 各種補助金・支援金 木曽町選挙管理委員会 木曽町の概要 木曽町例規集 公有財産の売却 採用情報 施策・計画 審議会・委員会 耐震診断 地域自治組織 財政運営 ふるさと納税 まちづくり 議会 広報・広聴 統計 情報公開・個
23	木曽町	町営住宅等お知らせ	https://www.town-kiso.com/kurashi/sumai/100296/	町営住宅等お知らせ - 木曽町公式サイト このサイトではJavascriptを使用しています。現在、JavaScriptが無効のため一部機能をご使用いただけません。 サイトマップ サイト内検索 白 黒 黄 背景の色 大 中 小 文字の大きさ 閉じる ホーム 暮らし 手続き 移住・住まい 各種補助金・支援金 水道・下水道 道路・交通 農林業 就職・労働 税金 届出・証明・住民の手続き 生活環境 健康･福祉 健康・医療 食育 福祉 子ども･教育 各種補助金・支援金 小中学校 妊娠・子育て 学童クラブ 子育て支援情報 認定こども園 事業者の方へ 各種補助金・支援金 企業支援・企業立地 入札・契約 お知らせ 町政情報 各種補助金・支援金 木曽町選挙管理委員会 木曽町の概要 木曽町例規集 公有財産の売却 採用情報 施策・計画 審議会・委員会 耐震診断 地域自治組織 財政運営 ふるさと納税 まちづくり 議会 広報・広聴 統計 情報公開・個人
23	木曽町	開田高原保健休養地物件情報	https://www.town-kiso.com/kurashi/sumai/kaida/	開田高原保健休養地物件情報 - 木曽町公式サイト このサイトではJavascriptを使用しています。現在、JavaScriptが無効のため一部機能をご使用いただけません。 サイトマップ サイト内検索 白 黒 黄 背景の色 大 中 小 文字の大きさ 閉じる ホーム 暮らし 手続き 移住・住まい 各種補助金・支援金 水道・下水道 道路・交通 農林業 就職・労働 税金 届出・証明・住民の手続き 生活環境 健康･福祉 健康・医療 食育 福祉 子ども･教育 各種補助金・支援金 小中学校 妊娠・子育て 学童クラブ 子育て支援情報 認定こども園 事業者の方へ 各種補助金・支援金 企業支援・企業立地 入札・契約 お知らせ 町政情報 各種補助金・支援金 木曽町選挙管理委員会 木曽町の概要 木曽町例規集 公有財産の売却 採用情報 施策・計画 審議会・委員会 耐震診断 地域自治組織 財政運営 ふるさと納税 まちづくり 議会 広報・広聴 統計 情報公
22	南木曽町	税務係	https://www.town.nagiso.nagano.jp/soshiki/2-2-0-0-0_1.html	から文字サイズを変更してください。文字サイズ変更以外にも，操作性向上の目的でJavaScript（アクティブスクリプト）を用いた機能を提供しています。可能であればJavaScript（アクティブスクリプト）を有効にしてください。 メニュー 閉じる トップページ くらし・手続き 表示 届出・証明 税金 保険・年金 道路・河川・建築 交通 ゴミ・環境 上下水道 補助金・助成金 給付金・支援金 申請書ダウンロード 移住・住まい 防災・防犯・安全 医療・健康・福祉 表示 緊急 医療・健康 高齢者福祉・介護 障がい者福祉 子育て・教育 表示 妊娠・出産・子育て 教育 歴史・文化 産業・しごと 表示 雇用・労働 産業振興 農林業支援 行政情報 表示 町長の部屋 南木曽町の概要 公共施設 電話帳 財政 ふるさと納税 施策・計画 まちづくり 議会 統計 広報・広聴 リニア対策 各種委員会・協議会 入札・契約 各課の窓口 Language 背景色
22	南木曽町	自動車の変更手続きについて	https://www.town.nagiso.nagano.jp/0000000126.html	から文字サイズを変更してください。文字サイズ変更以外にも，操作性向上の目的でJavaScript（アクティブスクリプト）を用いた機能を提供しています。可能であればJavaScript（アクティブスクリプト）を有効にしてください。 メニュー 閉じる トップページ くらし・手続き 表示 届出・証明 税金 保険・年金 道路・河川・建築 交通 ゴミ・環境 上下水道 補助金・助成金 給付金・支援金 申請書ダウンロード 移住・住まい 防災・防犯・安全 医療・健康・福祉 表示 緊急 医療・健康 高齢者福祉・介護 障がい者福祉 子育て・教育 表示 妊娠・出産・子育て 教育 歴史・文化 産業・しごと 表示 雇用・労働 産業振興 農林業支援 行政情報 表示 町長の部屋 南木曽町の概要 公共施設 電話帳 財政 ふるさと納税 施策・計画 まちづくり 議会 統計 広報・広聴 リニア対策 各種委員会・協議会 入札・契約 各課の窓口 Language 背景色
22	南木曽町	道路自営工事承認申請	https://www.town.nagiso.nagano.jp/0000000208.html	道路自営工事承認申請 | 南木曽町役場 ページの先頭です 共通メニューなどをスキップして本文へ 各課の窓口 Language 文字サイズ 標準 拡大 背景色 標準 反転 検索 ID検索 ID検索 閉じる 文字サイズ変更機能を利用するにはJavaScript（アクティブスクリプト）を有効にしてください。JavaScript（アクティブスクリプト） を無効のまま文字サイズを変更する場合には，ご利用のブラウザの表示メニューから文字サイズを変更してください。文字サイズ変更以外にも，操作性向上の目的でJavaScript（アクティブスクリプト）を用いた機能を提供しています。可能であればJavaScript（アクティブスクリプト）を有効にしてください。 メニュー 閉じる トップページ くらし・手続き 表示 届出・証明 税金 保険・年金 道路・河川・建築 交通 ゴミ・環境 上下水道 補助金・助成金 給付金・支援金 申請書ダウンロード 移住・住
22	南木曽町	元組宅地造成地分譲	https://www.town.nagiso.nagano.jp/0000000400.html	から文字サイズを変更してください。文字サイズ変更以外にも，操作性向上の目的でJavaScript（アクティブスクリプト）を用いた機能を提供しています。可能であればJavaScript（アクティブスクリプト）を有効にしてください。 メニュー 閉じる トップページ くらし・手続き 表示 届出・証明 税金 保険・年金 道路・河川・建築 交通 ゴミ・環境 上下水道 補助金・助成金 給付金・支援金 申請書ダウンロード 移住・住まい 防災・防犯・安全 医療・健康・福祉 表示 緊急 医療・健康 高齢者福祉・介護 障がい者福祉 子育て・教育 表示 妊娠・出産・子育て 教育 歴史・文化 産業・しごと 表示 雇用・労働 産業振興 農林業支援 行政情報 表示 町長の部屋 南木曽町の概要 公共施設 電話帳 財政 ふるさと納税 施策・計画 まちづくり 議会 統計 広報・広聴 リニア対策 各種委員会・協議会 入札・契約 各課の窓口 Language 背景色
22	南木曽町	天白宅地造成地分譲	https://www.town.nagiso.nagano.jp/0000000237.html	から文字サイズを変更してください。文字サイズ変更以外にも，操作性向上の目的でJavaScript（アクティブスクリプト）を用いた機能を提供しています。可能であればJavaScript（アクティブスクリプト）を有効にしてください。 メニュー 閉じる トップページ くらし・手続き 表示 届出・証明 税金 保険・年金 道路・河川・建築 交通 ゴミ・環境 上下水道 補助金・助成金 給付金・支援金 申請書ダウンロード 移住・住まい 防災・防犯・安全 医療・健康・福祉 表示 緊急 医療・健康 高齢者福祉・介護 障がい者福祉 子育て・教育 表示 妊娠・出産・子育て 教育 歴史・文化 産業・しごと 表示 雇用・労働 産業振興 農林業支援 行政情報 表示 町長の部屋 南木曽町の概要 公共施設 電話帳 財政 ふるさと納税 施策・計画 まちづくり 議会 統計 広報・広聴 リニア対策 各種委員会・協議会 入札・契約 各課の窓口 Language 背景色
22	南木曽町	南木曽町大規模盛土造成地マップ	https://www.town.nagiso.nagano.jp/0000000229.html	から文字サイズを変更してください。文字サイズ変更以外にも，操作性向上の目的でJavaScript（アクティブスクリプト）を用いた機能を提供しています。可能であればJavaScript（アクティブスクリプト）を有効にしてください。 メニュー 閉じる トップページ くらし・手続き 表示 届出・証明 税金 保険・年金 道路・河川・建築 交通 ゴミ・環境 上下水道 補助金・助成金 給付金・支援金 申請書ダウンロード 移住・住まい 防災・防犯・安全 医療・健康・福祉 表示 緊急 医療・健康 高齢者福祉・介護 障がい者福祉 子育て・教育 表示 妊娠・出産・子育て 教育 歴史・文化 産業・しごと 表示 雇用・労働 産業振興 農林業支援 行政情報 表示 町長の部屋 南木曽町の概要 公共施設 電話帳 財政 ふるさと納税 施策・計画 まちづくり 議会 統計 広報・広聴 リニア対策 各種委員会・協議会 入札・契約 各課の窓口 Language 背景色
22	南木曽町	南木曽町環境基本条例制定	https://www.town.nagiso.nagano.jp/0000000234.html	から文字サイズを変更してください。文字サイズ変更以外にも，操作性向上の目的でJavaScript（アクティブスクリプト）を用いた機能を提供しています。可能であればJavaScript（アクティブスクリプト）を有効にしてください。 メニュー 閉じる トップページ くらし・手続き 表示 届出・証明 税金 保険・年金 道路・河川・建築 交通 ゴミ・環境 上下水道 補助金・助成金 給付金・支援金 申請書ダウンロード 移住・住まい 防災・防犯・安全 医療・健康・福祉 表示 緊急 医療・健康 高齢者福祉・介護 障がい者福祉 子育て・教育 表示 妊娠・出産・子育て 教育 歴史・文化 産業・しごと 表示 雇用・労働 産業振興 農林業支援 行政情報 表示 町長の部屋 南木曽町の概要 公共施設 電話帳 財政 ふるさと納税 施策・計画 まちづくり 議会 統計 広報・広聴 リニア対策 各種委員会・協議会 入札・契約 各課の窓口 Language 背景色
22	南木曽町	南木曽町の自然環境等と再生可能エネルギー設備設置業との調和に関する条例を制定しました	https://www.town.nagiso.nagano.jp/0000000235.html	から文字サイズを変更してください。文字サイズ変更以外にも，操作性向上の目的でJavaScript（アクティブスクリプト）を用いた機能を提供しています。可能であればJavaScript（アクティブスクリプト）を有効にしてください。 メニュー 閉じる トップページ くらし・手続き 表示 届出・証明 税金 保険・年金 道路・河川・建築 交通 ゴミ・環境 上下水道 補助金・助成金 給付金・支援金 申請書ダウンロード 移住・住まい 防災・防犯・安全 医療・健康・福祉 表示 緊急 医療・健康 高齢者福祉・介護 障がい者福祉 子育て・教育 表示 妊娠・出産・子育て 教育 歴史・文化 産業・しごと 表示 雇用・労働 産業振興 農林業支援 行政情報 表示 町長の部屋 南木曽町の概要 公共施設 電話帳 財政 ふるさと納税 施策・計画 まちづくり 議会 統計 広報・広聴 リニア対策 各種委員会・協議会 入札・契約 各課の窓口 Language 背景色
22	南木曽町	南木曽町下水道指定事業者	https://www.town.nagiso.nagano.jp/0000000227.html	から文字サイズを変更してください。文字サイズ変更以外にも，操作性向上の目的でJavaScript（アクティブスクリプト）を用いた機能を提供しています。可能であればJavaScript（アクティブスクリプト）を有効にしてください。 メニュー 閉じる トップページ くらし・手続き 表示 届出・証明 税金 保険・年金 道路・河川・建築 交通 ゴミ・環境 上下水道 補助金・助成金 給付金・支援金 申請書ダウンロード 移住・住まい 防災・防犯・安全 医療・健康・福祉 表示 緊急 医療・健康 高齢者福祉・介護 障がい者福祉 子育て・教育 表示 妊娠・出産・子育て 教育 歴史・文化 産業・しごと 表示 雇用・労働 産業振興 農林業支援 行政情報 表示 町長の部屋 南木曽町の概要 公共施設 電話帳 財政 ふるさと納税 施策・計画 まちづくり 議会 統計 広報・広聴 リニア対策 各種委員会・協議会 入札・契約 各課の窓口 Language 背景色
22	木曽町	健康・福祉	https://www.town-kiso.com/fukushi/	健康・福祉 - 木曽町公式サイト このサイトではJavascriptを使用しています。現在、JavaScriptが無効のため一部機能をご使用いただけません。 サイトマップ サイト内検索 白 黒 黄 背景の色 大 中 小 文字の大きさ 閉じる ホーム 暮らし 手続き 移住・住まい 各種補助金・支援金 水道・下水道 道路・交通 農林業 就職・労働 税金 届出・証明・住民の手続き 生活環境 健康･福祉 健康・医療 食育 福祉 子ども･教育 各種補助金・支援金 小中学校 妊娠・子育て 学童クラブ 子育て支援情報 認定こども園 事業者の方へ 各種補助金・支援金 企業支援・企業立地 入札・契約 お知らせ 町政情報 各種補助金・支援金 木曽町選挙管理委員会 木曽町の概要 木曽町例規集 公有財産の売却 採用情報 施策・計画 審議会・委員会 耐震診断 地域自治組織 財政運営 ふるさと納税 まちづくり 議会 広報・広聴 統計 情報公開・個人情報保護
22	木曽町	食育	https://www.town-kiso.com/fukushi/shokuiku/	食育 - 木曽町公式サイト このサイトではJavascriptを使用しています。現在、JavaScriptが無効のため一部機能をご使用いただけません。 サイトマップ サイト内検索 白 黒 黄 背景の色 大 中 小 文字の大きさ 閉じる ホーム 暮らし 手続き 移住・住まい 各種補助金・支援金 水道・下水道 道路・交通 農林業 就職・労働 税金 届出・証明・住民の手続き 生活環境 健康･福祉 健康・医療 食育 福祉 子ども･教育 各種補助金・支援金 小中学校 妊娠・子育て 学童クラブ 子育て支援情報 認定こども園 事業者の方へ 各種補助金・支援金 企業支援・企業立地 入札・契約 お知らせ 町政情報 各種補助金・支援金 木曽町選挙管理委員会 木曽町の概要 木曽町例規集 公有財産の売却 採用情報 施策・計画 審議会・委員会 耐震診断 地域自治組織 財政運営 ふるさと納税 まちづくり 議会 広報・広聴 統計 情報公開・個人情報保護 監査
22	木曽町	木曽町生活交通システム情報	https://www.town-kiso.com/kurashi/douro/100071/	木曽町生活交通システム情報 - 木曽町公式サイト このサイトではJavascriptを使用しています。現在、JavaScriptが無効のため一部機能をご使用いただけません。 サイトマップ サイト内検索 白 黒 黄 背景の色 大 中 小 文字の大きさ 閉じる ホーム 暮らし 手続き 移住・住まい 各種補助金・支援金 水道・下水道 道路・交通 農林業 就職・労働 税金 届出・証明・住民の手続き 生活環境 健康･福祉 健康・医療 食育 福祉 子ども･教育 各種補助金・支援金 小中学校 妊娠・子育て 学童クラブ 子育て支援情報 認定こども園 事業者の方へ 各種補助金・支援金 企業支援・企業立地 入札・契約 お知らせ 町政情報 各種補助金・支援金 木曽町選挙管理委員会 木曽町の概要 木曽町例規集 公有財産の売却 採用情報 施策・計画 審議会・委員会 耐震診断 地域自治組織 財政運営 ふるさと納税 まちづくり 議会 広報・広聴 統計 情報公
22	木曽町	林地台帳及び地図の公表・情報提供	https://www.town-kiso.com/kurashi/nourin/100339/	林地台帳及び地図の公表・情報提供 - 木曽町公式サイト このサイトではJavascriptを使用しています。現在、JavaScriptが無効のため一部機能をご使用いただけません。 サイトマップ サイト内検索 白 黒 黄 背景の色 大 中 小 文字の大きさ 閉じる ホーム 暮らし 手続き 移住・住まい 各種補助金・支援金 水道・下水道 道路・交通 農林業 就職・労働 税金 届出・証明・住民の手続き 生活環境 健康･福祉 健康・医療 食育 福祉 子ども･教育 各種補助金・支援金 小中学校 妊娠・子育て 学童クラブ 子育て支援情報 認定こども園 事業者の方へ 各種補助金・支援金 企業支援・企業立地 入札・契約 お知らせ 町政情報 各種補助金・支援金 木曽町選挙管理委員会 木曽町の概要 木曽町例規集 公有財産の売却 採用情報 施策・計画 審議会・委員会 耐震診断 地域自治組織 財政運営 ふるさと納税 まちづくり 議会 広報・広聴 統計
22	木曽町	木曽町オフセットクレジット	https://www.town-kiso.com/kurashi/nourin/100284/	木曽町オフセットクレジット - 木曽町公式サイト このサイトではJavascriptを使用しています。現在、JavaScriptが無効のため一部機能をご使用いただけません。 サイトマップ サイト内検索 白 黒 黄 背景の色 大 中 小 文字の大きさ 閉じる ホーム 暮らし 手続き 移住・住まい 各種補助金・支援金 水道・下水道 道路・交通 農林業 就職・労働 税金 届出・証明・住民の手続き 生活環境 健康･福祉 健康・医療 食育 福祉 子ども･教育 各種補助金・支援金 小中学校 妊娠・子育て 学童クラブ 子育て支援情報 認定こども園 事業者の方へ 各種補助金・支援金 企業支援・企業立地 入札・契約 お知らせ 町政情報 各種補助金・支援金 木曽町選挙管理委員会 木曽町の概要 木曽町例規集 公有財産の売却 採用情報 施策・計画 審議会・委員会 耐震診断 地域自治組織 財政運営 ふるさと納税 まちづくり 議会 広報・広聴 統計 情報公
22	木曽町	就農希望者募集	https://www.town-kiso.com/kurashi/nourin/100074/	就農希望者募集 - 木曽町公式サイト このサイトではJavascriptを使用しています。現在、JavaScriptが無効のため一部機能をご使用いただけません。 サイトマップ サイト内検索 白 黒 黄 背景の色 大 中 小 文字の大きさ 閉じる ホーム 暮らし 手続き 移住・住まい 各種補助金・支援金 水道・下水道 道路・交通 農林業 就職・労働 税金 届出・証明・住民の手続き 生活環境 健康･福祉 健康・医療 食育 福祉 子ども･教育 各種補助金・支援金 小中学校 妊娠・子育て 学童クラブ 子育て支援情報 認定こども園 事業者の方へ 各種補助金・支援金 企業支援・企業立地 入札・契約 お知らせ 町政情報 各種補助金・支援金 木曽町選挙管理委員会 木曽町の概要 木曽町例規集 公有財産の売却 採用情報 施策・計画 審議会・委員会 耐震診断 地域自治組織 財政運営 ふるさと納税 まちづくり 議会 広報・広聴 統計 情報公開・個人情報
22	木曽町	森林整備を計画されている方へ	https://www.town-kiso.com/kurashi/nourin/100073/	森林整備を計画されている方へ - 木曽町公式サイト このサイトではJavascriptを使用しています。現在、JavaScriptが無効のため一部機能をご使用いただけません。 サイトマップ サイト内検索 白 黒 黄 背景の色 大 中 小 文字の大きさ 閉じる ホーム 暮らし 手続き 移住・住まい 各種補助金・支援金 水道・下水道 道路・交通 農林業 就職・労働 税金 届出・証明・住民の手続き 生活環境 健康･福祉 健康・医療 食育 福祉 子ども･教育 各種補助金・支援金 小中学校 妊娠・子育て 学童クラブ 子育て支援情報 認定こども園 事業者の方へ 各種補助金・支援金 企業支援・企業立地 入札・契約 お知らせ 町政情報 各種補助金・支援金 木曽町選挙管理委員会 木曽町の概要 木曽町例規集 公有財産の売却 採用情報 施策・計画 審議会・委員会 耐震診断 地域自治組織 財政運営 ふるさと納税 まちづくり 議会 広報・広聴 統計 情報
22	木曽町	木曽町農業委員会	https://www.town-kiso.com/kurashi/nourin/100072/	木曽町農業委員会 - 木曽町公式サイト このサイトではJavascriptを使用しています。現在、JavaScriptが無効のため一部機能をご使用いただけません。 サイトマップ サイト内検索 白 黒 黄 背景の色 大 中 小 文字の大きさ 閉じる ホーム 暮らし 手続き 移住・住まい 各種補助金・支援金 水道・下水道 道路・交通 農林業 就職・労働 税金 届出・証明・住民の手続き 生活環境 健康･福祉 健康・医療 食育 福祉 子ども･教育 各種補助金・支援金 小中学校 妊娠・子育て 学童クラブ 子育て支援情報 認定こども園 事業者の方へ 各種補助金・支援金 企業支援・企業立地 入札・契約 お知らせ 町政情報 各種補助金・支援金 木曽町選挙管理委員会 木曽町の概要 木曽町例規集 公有財産の売却 採用情報 施策・計画 審議会・委員会 耐震診断 地域自治組織 財政運営 ふるさと納税 まちづくり 議会 広報・広聴 統計 情報公開・個人情
22	木曽町	申請書・届出書	https://www.town-kiso.com/kurashi/nourin/100318/	申請書・届出書 - 木曽町公式サイト このサイトではJavascriptを使用しています。現在、JavaScriptが無効のため一部機能をご使用いただけません。 サイトマップ サイト内検索 白 黒 黄 背景の色 大 中 小 文字の大きさ 閉じる ホーム 暮らし 手続き 移住・住まい 各種補助金・支援金 水道・下水道 道路・交通 農林業 就職・労働 税金 届出・証明・住民の手続き 生活環境 健康･福祉 健康・医療 食育 福祉 子ども･教育 各種補助金・支援金 小中学校 妊娠・子育て 学童クラブ 子育て支援情報 認定こども園 事業者の方へ 各種補助金・支援金 企業支援・企業立地 入札・契約 お知らせ 町政情報 各種補助金・支援金 木曽町選挙管理委員会 木曽町の概要 木曽町例規集 公有財産の売却 採用情報 施策・計画 審議会・委員会 耐震診断 地域自治組織 財政運営 ふるさと納税 まちづくり 議会 広報・広聴 統計 情報公開・個人情報
22	木曽町	食育の取り組み紹介	https://www.town-kiso.com/fukushi/shokuiku/100408/	食育の取り組み紹介 - 木曽町公式サイト このサイトではJavascriptを使用しています。現在、JavaScriptが無効のため一部機能をご使用いただけません。 サイトマップ サイト内検索 白 黒 黄 背景の色 大 中 小 文字の大きさ 閉じる ホーム 暮らし 手続き 移住・住まい 各種補助金・支援金 水道・下水道 道路・交通 農林業 就職・労働 税金 届出・証明・住民の手続き 生活環境 健康･福祉 健康・医療 食育 福祉 子ども･教育 各種補助金・支援金 小中学校 妊娠・子育て 学童クラブ 子育て支援情報 認定こども園 事業者の方へ 各種補助金・支援金 企業支援・企業立地 入札・契約 お知らせ 町政情報 各種補助金・支援金 木曽町選挙管理委員会 木曽町の概要 木曽町例規集 公有財産の売却 採用情報 施策・計画 審議会・委員会 耐震診断 地域自治組織 財政運営 ふるさと納税 まちづくり 議会 広報・広聴 統計 情報公開・個人
22	木曽町	木曽町食育推進計画	https://www.town-kiso.com/fukushi/shokuiku/100344/	木曽町食育推進計画 - 木曽町公式サイト このサイトではJavascriptを使用しています。現在、JavaScriptが無効のため一部機能をご使用いただけません。 サイトマップ サイト内検索 白 黒 黄 背景の色 大 中 小 文字の大きさ 閉じる ホーム 暮らし 手続き 移住・住まい 各種補助金・支援金 水道・下水道 道路・交通 農林業 就職・労働 税金 届出・証明・住民の手続き 生活環境 健康･福祉 健康・医療 食育 福祉 子ども･教育 各種補助金・支援金 小中学校 妊娠・子育て 学童クラブ 子育て支援情報 認定こども園 事業者の方へ 各種補助金・支援金 企業支援・企業立地 入札・契約 お知らせ 町政情報 各種補助金・支援金 木曽町選挙管理委員会 木曽町の概要 木曽町例規集 公有財産の売却 採用情報 施策・計画 審議会・委員会 耐震診断 地域自治組織 財政運営 ふるさと納税 まちづくり 議会 広報・広聴 統計 情報公開・個人
21	南木曽町	結婚・出産・子育て	https://www.town.nagiso.nagano.jp/category/2-9-2-0-0-0-0-0-0-0.html	から文字サイズを変更してください。文字サイズ変更以外にも，操作性向上の目的でJavaScript（アクティブスクリプト）を用いた機能を提供しています。可能であればJavaScript（アクティブスクリプト）を有効にしてください。 メニュー 閉じる トップページ くらし・手続き 表示 届出・証明 税金 保険・年金 道路・河川・建築 交通 ゴミ・環境 上下水道 補助金・助成金 給付金・支援金 申請書ダウンロード 移住・住まい 防災・防犯・安全 医療・健康・福祉 表示 緊急 医療・健康 高齢者福祉・介護 障がい者福祉 子育て・教育 表示 妊娠・出産・子育て 教育 歴史・文化 産業・しごと 表示 雇用・労働 産業振興 農林業支援 行政情報 表示 町長の部屋 南木曽町の概要 公共施設 電話帳 財政 ふるさと納税 施策・計画 まちづくり 議会 統計 広報・広聴 リニア対策 各種委員会・協議会 入札・契約 各課の窓口 Language 背景色
21	南木曽町	原動機付自転車・小型特殊等の登録・廃車	https://www.town.nagiso.nagano.jp/0000000458.html	から文字サイズを変更してください。文字サイズ変更以外にも，操作性向上の目的でJavaScript（アクティブスクリプト）を用いた機能を提供しています。可能であればJavaScript（アクティブスクリプト）を有効にしてください。 メニュー 閉じる トップページ くらし・手続き 表示 届出・証明 税金 保険・年金 道路・河川・建築 交通 ゴミ・環境 上下水道 補助金・助成金 給付金・支援金 申請書ダウンロード 移住・住まい 防災・防犯・安全 医療・健康・福祉 表示 緊急 医療・健康 高齢者福祉・介護 障がい者福祉 子育て・教育 表示 妊娠・出産・子育て 教育 歴史・文化 産業・しごと 表示 雇用・労働 産業振興 農林業支援 行政情報 表示 町長の部屋 南木曽町の概要 公共施設 電話帳 財政 ふるさと納税 施策・計画 まちづくり 議会 統計 広報・広聴 リニア対策 各種委員会・協議会 入札・契約 各課の窓口 Language 背景色
21	大桑村	広報おおくわ（令和7年）	https://www.vill.okuwa.lg.jp/okuwa/koho/rireki/koho_r7.html	広報おおくわ（令和7年） | 大桑村公式サイト サイト内検索 防災情報 Translate 文字サイズ： 標準 大 トップ 大桑村について 広報おおくわ 発行履歴 広報おおくわ（令和7年） 広報おおくわ（令和7年） 更新日：2025年12月11日 令和７年の広報おおくわ 画像をクリックすると、PDFが開きます。 広報おおくわ12月号 （4,013.8kbyte） 表紙 小学１・２年生 ボッチャ ２ページ 緊急銃猟制度について ３ページ 森林経営管理制度について ４ページ 非農地判断が始まります 百歳祝賀 地域おこし協力隊 着任 ５ページ 村長コラム 第13回「郷土料理」 輝く大桑村のアスリート ６ページ 地域おこし協力隊です 沼田 耕一 年末年始の休館と休業 ７ページ 道路除雪作業にご協力をお願いします ８ページ 消防団出初式のお知らせ 消防団員募集 ９ページ 保健だより 10ページ 長野県最低賃金のお知らせ 関西電力㈱・村共同
21	大桑村	神社・お寺（社寺巡りを満喫）	https://www.vill.okuwa.lg.jp/kanko/miru-asobu/jinja-otera/temple.html	神社・お寺（社寺巡りを満喫） | 大桑村公式サイト サイト内検索 防災情報 Translate 文字サイズ： 標準 大 トップ 観光 みる・あそぶ 神社・お寺 神社・お寺（社寺巡りを満喫） 神社・お寺（社寺巡りを満喫） 更新日：2025年11月25日 定勝寺(じょうしょうじ) ※令和9年秋頃まで改修工事中のため入場できません。 須原宿にある国指定重要文化財（本堂・庫裡・山門）の定勝寺は、木曽三大寺中の最古刹です。 嘉慶（かけい）年間に木曽家第11代の源親豊公が祖先菩提のため木曽川畔に創建しました。 その後、木曽川の洪水により3回流失し、慶長3年に現在の場所に移建されました。 また、定勝寺には戦国時代木曽谷を支配した戦国大名「木曽義昌」の位牌が安置されているほか、東洋一の木曽檜製「定勝だるま」大坐像も見ものです。 JR中央本線須原駅から徒歩10分 拝観時間：8:30～17:00（冬季は16:00頃まで。時間は応相談） 拝観料金：
21	大桑村	助成金	https://www.vill.okuwa.lg.jp/kurashi/joseikin/index.html	助成金 | 大桑村公式サイト サイト内検索 防災情報 Translate 文字サイズ： 標準 大 トップ くらし 助成金 助成金 できごとから探す 結婚・離婚 子育て・学習 就職・転職 引っ越し 医療・福祉 高齢・介護 死亡・相続 申請書ダウンロード 便利帳 組織から探す 大桑村 〒399-5503 長野県木曽郡大桑村長野880番地1 電話番号：0264-55-3080 FAX番号：0264-55-4134 （法人番号1000020204307） 役場までのアクセス お問い合わせ このサイトについて 個人情報保護について サイトマップ リンク集 Copyright &copy; Okuwa Village All rights Reserved. ページの先頭へ戻る
20	南木曽町	地域包括支援センター	https://www.town.nagiso.nagano.jp/soshiki/4-3-0-0-0_1.html	から文字サイズを変更してください。文字サイズ変更以外にも，操作性向上の目的でJavaScript（アクティブスクリプト）を用いた機能を提供しています。可能であればJavaScript（アクティブスクリプト）を有効にしてください。 メニュー 閉じる トップページ くらし・手続き 表示 届出・証明 税金 保険・年金 道路・河川・建築 交通 ゴミ・環境 上下水道 補助金・助成金 給付金・支援金 申請書ダウンロード 移住・住まい 防災・防犯・安全 医療・健康・福祉 表示 緊急 医療・健康 高齢者福祉・介護 障がい者福祉 子育て・教育 表示 妊娠・出産・子育て 教育 歴史・文化 産業・しごと 表示 雇用・労働 産業振興 農林業支援 行政情報 表示 町長の部屋 南木曽町の概要 公共施設 電話帳 財政 ふるさと納税 施策・計画 まちづくり 議会 統計 広報・広聴 リニア対策 各種委員会・協議会 入札・契約 各課の窓口 Language 背景色
20	南木曽町	【住民課 福祉係】へのお問い合わせ	https://www.town.nagiso.nagano.jp/mailform/inquiry.cgi?so=87b2ba97b17141692a30e67aa98e6a6aebdb2c0f&amp;ref=https%3A%2F%2Fwww.town.nagiso.nagano.jp%2Fsoshiki_list.html	から文字サイズを変更してください。文字サイズ変更以外にも，操作性向上の目的でJavaScript（アクティブスクリプト）を用いた機能を提供しています。可能であればJavaScript（アクティブスクリプト）を有効にしてください。 メニュー 閉じる トップページ くらし・手続き 表示 届出・証明 税金 保険・年金 道路・河川・建築 交通 ゴミ・環境 上下水道 補助金・助成金 給付金・支援金 申請書ダウンロード 移住・住まい 防災・防犯・安全 医療・健康・福祉 表示 緊急 医療・健康 高齢者福祉・介護 障がい者福祉 子育て・教育 表示 妊娠・出産・子育て 教育 歴史・文化 産業・しごと 表示 雇用・労働 産業振興 農林業支援 行政情報 表示 町長の部屋 南木曽町の概要 公共施設 電話帳 財政 ふるさと納税 施策・計画 まちづくり 議会 統計 広報・広聴 リニア対策 各種委員会・協議会 入札・契約 各課の窓口 Language 背景色
20	南木曽町	子どもすくすく係	https://www.town.nagiso.nagano.jp/soshiki/7-4-0-0-0_1.html	から文字サイズを変更してください。文字サイズ変更以外にも，操作性向上の目的でJavaScript（アクティブスクリプト）を用いた機能を提供しています。可能であればJavaScript（アクティブスクリプト）を有効にしてください。 メニュー 閉じる トップページ くらし・手続き 表示 届出・証明 税金 保険・年金 道路・河川・建築 交通 ゴミ・環境 上下水道 補助金・助成金 給付金・支援金 申請書ダウンロード 移住・住まい 防災・防犯・安全 医療・健康・福祉 表示 緊急 医療・健康 高齢者福祉・介護 障がい者福祉 子育て・教育 表示 妊娠・出産・子育て 教育 歴史・文化 産業・しごと 表示 雇用・労働 産業振興 農林業支援 行政情報 表示 町長の部屋 南木曽町の概要 公共施設 電話帳 財政 ふるさと納税 施策・計画 まちづくり 議会 統計 広報・広聴 リニア対策 各種委員会・協議会 入札・契約 各課の窓口 Language 背景色
20	南木曽町	南木曽町地域公共交通計画を策定	https://www.town.nagiso.nagano.jp/0000000018.html	から文字サイズを変更してください。文字サイズ変更以外にも，操作性向上の目的でJavaScript（アクティブスクリプト）を用いた機能を提供しています。可能であればJavaScript（アクティブスクリプト）を有効にしてください。 メニュー 閉じる トップページ くらし・手続き 表示 届出・証明 税金 保険・年金 道路・河川・建築 交通 ゴミ・環境 上下水道 補助金・助成金 給付金・支援金 申請書ダウンロード 移住・住まい 防災・防犯・安全 医療・健康・福祉 表示 緊急 医療・健康 高齢者福祉・介護 障がい者福祉 子育て・教育 表示 妊娠・出産・子育て 教育 歴史・文化 産業・しごと 表示 雇用・労働 産業振興 農林業支援 行政情報 表示 町長の部屋 南木曽町の概要 公共施設 電話帳 財政 ふるさと納税 施策・計画 まちづくり 議会 統計 広報・広聴 リニア対策 各種委員会・協議会 入札・契約 各課の窓口 Language 背景色
20	木曽町	妊娠・子育て	https://www.town-kiso.com/kodomo/100070/	妊娠・子育て - 木曽町公式サイト このサイトではJavascriptを使用しています。現在、JavaScriptが無効のため一部機能をご使用いただけません。 サイトマップ サイト内検索 白 黒 黄 背景の色 大 中 小 文字の大きさ 閉じる ホーム 暮らし 手続き 移住・住まい 各種補助金・支援金 水道・下水道 道路・交通 農林業 就職・労働 税金 届出・証明・住民の手続き 生活環境 健康･福祉 健康・医療 食育 福祉 子ども･教育 各種補助金・支援金 小中学校 妊娠・子育て 学童クラブ 子育て支援情報 認定こども園 事業者の方へ 各種補助金・支援金 企業支援・企業立地 入札・契約 お知らせ 町政情報 各種補助金・支援金 木曽町選挙管理委員会 木曽町の概要 木曽町例規集 公有財産の売却 採用情報 施策・計画 審議会・委員会 耐震診断 地域自治組織 財政運営 ふるさと納税 まちづくり 議会 広報・広聴 統計 情報公開・個人情報保
19	南木曽町	くらし・手続き	https://www.town.nagiso.nagano.jp/category/2-0-0-0-0-0-0-0-0-0.html	から文字サイズを変更してください。文字サイズ変更以外にも，操作性向上の目的でJavaScript（アクティブスクリプト）を用いた機能を提供しています。可能であればJavaScript（アクティブスクリプト）を有効にしてください。 メニュー 閉じる トップページ くらし・手続き 表示 届出・証明 税金 保険・年金 道路・河川・建築 交通 ゴミ・環境 上下水道 補助金・助成金 給付金・支援金 申請書ダウンロード 移住・住まい 防災・防犯・安全 医療・健康・福祉 表示 緊急 医療・健康 高齢者福祉・介護 障がい者福祉 子育て・教育 表示 妊娠・出産・子育て 教育 歴史・文化 産業・しごと 表示 雇用・労働 産業振興 農林業支援 行政情報 表示 町長の部屋 南木曽町の概要 公共施設 電話帳 財政 ふるさと納税 施策・計画 まちづくり 議会 統計 広報・広聴 リニア対策 各種委員会・協議会 入札・契約 各課の窓口 Language 背景色
19	南木曽町	補助金・助成金	https://www.town.nagiso.nagano.jp/category/2-9-0-0-0-0-0-0-0-0.html	補助金・助成金 | 南木曽町役場 ページの先頭です 共通メニューなどをスキップして本文へ 各課の窓口 Language 文字サイズ 標準 拡大 背景色 標準 反転 検索 ID検索 ID検索 閉じる 文字サイズ変更機能を利用するにはJavaScript（アクティブスクリプト）を有効にしてください。JavaScript（アクティブスクリプト） を無効のまま文字サイズを変更する場合には，ご利用のブラウザの表示メニューから文字サイズを変更してください。文字サイズ変更以外にも，操作性向上の目的でJavaScript（アクティブスクリプト）を用いた機能を提供しています。可能であればJavaScript（アクティブスクリプト）を有効にしてください。 メニュー 閉じる トップページ くらし・手続き 表示 届出・証明 税金 保険・年金 道路・河川・建築 交通 ゴミ・環境 上下水道 補助金・助成金 給付金・支援金 申請書ダウンロード 移住・住まい
19	南木曽町	給付金・支援金	https://www.town.nagiso.nagano.jp/category/2-14-0-0-0-0-0-0-0-0.html	給付金・支援金 | 南木曽町役場 ページの先頭です 共通メニューなどをスキップして本文へ 各課の窓口 Language 文字サイズ 標準 拡大 背景色 標準 反転 検索 ID検索 ID検索 閉じる 文字サイズ変更機能を利用するにはJavaScript（アクティブスクリプト）を有効にしてください。JavaScript（アクティブスクリプト） を無効のまま文字サイズを変更する場合には，ご利用のブラウザの表示メニューから文字サイズを変更してください。文字サイズ変更以外にも，操作性向上の目的でJavaScript（アクティブスクリプト）を用いた機能を提供しています。可能であればJavaScript（アクティブスクリプト）を有効にしてください。 メニュー 閉じる トップページ くらし・手続き 表示 届出・証明 税金 保険・年金 道路・河川・建築 交通 ゴミ・環境 上下水道 補助金・助成金 給付金・支援金 申請書ダウンロード 移住・住まい
19	木祖村	(no title)	https://www.vill.kiso.nagano.jp/gyoseijoho/koho/kouhouR8/396.pdf
19	木祖村	(no title)	https://www.vill.kiso.nagano.jp/gyoseijoho/koho/kouhouR7/395.pdf
19	木祖村	令和3年度	https://www.vill.kiso.nagano.jp/gyoseijoho/koho/koho_r3.html	令和3年度 | 信州木祖村 このページの本文へ 木祖村 --> 木祖村 サイト内検索 検索 Translate 文字サイズ 標準 大 TOP 令和3年度 令和3年度 更新日： 2026年05月28日 令和3年度 広報きそ370号 令和4年1月27日発行（3,585.3kbyte） 主な内容 P02.03 新年のご挨拶 P04~08 令和3年度木祖村成人式 P09~13 やぶはら高原スキー場の今後の方向性について P14 幸せテラスまめのわフィットネスルームの運用状況 P15 追加保険料の納付のご案内 P16 令和4年木祖村消防団出初式 P17 知事表彰受賞/ポンプ積載車納車 P18.19 小児科/産婦人科オンライン相談を提供しています P20.21 知ってほしい！「お・や・すミーティング」 P22~25 税の窓口 P26.27 保健室だより P28 みんなの食育 P29 地域おこし協力隊の3人から皆さんへのお便り P30 ながの
19	木祖村	(no title)	https://www.vill.kiso.nagano.jp/gyoseijoho/koho/kouhouR7/394.pdf
19	木祖村	(no title)	https://www.vill.kiso.nagano.jp/gyoseijoho/koho/kouhouR7/393.pdf
19	木祖村	(no title)	https://www.vill.kiso.nagano.jp/gyoseijoho/koho/kouhouR7/392.pdf
19	木祖村	(no title)	https://www.vill.kiso.nagano.jp/gyoseijoho/koho/kouhouR7/391.pdf
19	木祖村	(no title)	https://www.vill.kiso.nagano.jp/gyoseijoho/koho/kouhouR7/390.pdf
19	木祖村	(no title)	https://www.vill.kiso.nagano.jp/gyoseijoho/koho/kouhouR6/389_hp.pdf
19	木祖村	(no title)	https://www.vill.kiso.nagano.jp/gyoseijoho/koho/kouhouR6/387.pdf
19	木祖村	(no title)	https://www.vill.kiso.nagano.jp/gyoseijoho/koho/kouhouR6/386.pdf
19	木祖村	(no title)	https://www.vill.kiso.nagano.jp/gyoseijoho/koho/kouhouR6/385.pdf
19	木祖村	(no title)	https://www.vill.kiso.nagano.jp/gyoseijoho/koho/kouhouR6/384.pdf
19	木祖村	(no title)	https://www.vill.kiso.nagano.jp/gyoseijoho/koho/kouhoR5/383.pdf
19	木祖村	(no title)	https://www.vill.kiso.nagano.jp/gyoseijoho/koho/kouhoR5/382.pdf
19	木祖村	(no title)	https://www.vill.kiso.nagano.jp/gyoseijoho/koho/kouhoR5/381.pdf
19	木祖村	(no title)	https://www.vill.kiso.nagano.jp/gyoseijoho/koho/kouhoR5/380.pdf
19	木祖村	(no title)	https://www.vill.kiso.nagano.jp/gyoseijoho/koho/kouhoR5/379.pdf
19	木祖村	(no title)	https://www.vill.kiso.nagano.jp/gyoseijoho/koho/kouhoR5/378.pdf
19	木祖村	(no title)	https://www.vill.kiso.nagano.jp/gyoseijoho/koho/documents/kouhou_r4/377.pdf
19	木祖村	(no title)	https://www.vill.kiso.nagano.jp/gyoseijoho/koho/documents/kouhou_r4/376.pdf
19	木祖村	(no title)	https://www.vill.kiso.nagano.jp/gyoseijoho/koho/documents/kouhou374/374.pdf
19	木祖村	(no title)	https://www.vill.kiso.nagano.jp/gyoseijoho/koho/documents/koho_r2/361.pdf
19	木祖村	(no title)	https://www.vill.kiso.nagano.jp/gyoseijoho/koho/documents/koho_r2/360.pdf
19	木祖村	(no title)	https://www.vill.kiso.nagano.jp/gyoseijoho/koho/documents/koho_r2/359.pdf
19	木祖村	(no title)	https://www.vill.kiso.nagano.jp/gyoseijoho/koho/documents/koho_h31/358.pdf
19	木祖村	(no title)	https://www.vill.kiso.nagano.jp/gyoseijoho/koho/documents/koho_h31/357.pdf
19	木祖村	(no title)	https://www.vill.kiso.nagano.jp/gyoseijoho/koho/documents/koho_h31/356.pdf
19	木祖村	(no title)	https://www.vill.kiso.nagano.jp/gyoseijoho/koho/documents/koho_h31/355.pdf
19	木祖村	(no title)	https://www.vill.kiso.nagano.jp/gyoseijoho/koho/documents/koho_h31/353_h31.4.pdf
19	木祖村	(no title)	https://www.vill.kiso.nagano.jp/gyoseijoho/koho/documents/koho_h30/352.pdf
19	木祖村	(no title)	https://www.vill.kiso.nagano.jp/gyoseijoho/koho/documents/koho_h30/351.pdf
19	木祖村	(no title)	https://www.vill.kiso.nagano.jp/gyoseijoho/koho/documents/koho_h30/350.pdf
19	木祖村	(no title)	https://www.vill.kiso.nagano.jp/gyoseijoho/koho/documents/koho_h30/349.pdf
19	木祖村	(no title)	https://www.vill.kiso.nagano.jp/gyoseijoho/koho/documents/koho_h30/348.pdf
19	木祖村	(no title)	https://www.vill.kiso.nagano.jp/gyoseijoho/koho/documents/koho_h30/347_hp.pdf
19	木祖村	(no title)	https://www.vill.kiso.nagano.jp/kurashi_joho/iju_teiju/documents/akiyajyouhou_R07_2/07-02-1_madori.pdf
19	木祖村	(no title)	https://www.vill.kiso.nagano.jp/kurashi_joho/iju_teiju/documents/akiyajyouhou_R07_2/07-02-2_syasin.pdf
19	木祖村	(no title)	https://www.vill.kiso.nagano.jp/kurashi_joho/iju_teiju/documents/akiyajyouhou_R02_8/02-8zu.pdf
19	木祖村	(no title)	https://www.vill.kiso.nagano.jp/kurashi_joho/iju_teiju/documents/akiyajyouhou_R02_8/02-8e.pdf
19	王滝村	(no title)	https://www.vill.otaki.nagano.jp/aboutus/gaiyou/facility/documents/sesetuyoyakuriyou1111/02.pdf
19	王滝村	(no title)	https://www.vill.otaki.nagano.jp/aboutus/gaiyou/facility/documents/sesetuyoyakuriyou1111/03.doc
19	王滝村	(no title)	https://www.vill.otaki.nagano.jp/aboutus/gaiyou/facility/documents/sesetuyoyakuriyou1111/04.pdf
19	大桑村	(no title)	https://www.vill.okuwa.lg.jp/kosodate-kyoiku/shogaigakushu/manabimasho/documents/manabimasho_r7/202603_manabimasho.pdf
19	大桑村	(no title)	https://www.vill.okuwa.lg.jp/kosodate-kyoiku/shogaigakushu/manabimasho/documents/manabimasho_r7/202602_manabimasho.pdf
19	大桑村	(no title)	https://www.vill.okuwa.lg.jp/kosodate-kyoiku/shogaigakushu/manabimasho/documents/manabimasho_r7/202601_manabimasho.pdf
19	大桑村	(no title)	https://www.vill.okuwa.lg.jp/kosodate-kyoiku/shogaigakushu/manabimasho/documents/manabimasho_r7/202512_manabimasho.pdf
19	大桑村	(no title)	https://www.vill.okuwa.lg.jp/kosodate-kyoiku/shogaigakushu/manabimasho/documents/manabimasho_r7/202511_manabimasho.pdf
19	大桑村	(no title)	https://www.vill.okuwa.lg.jp/kosodate-kyoiku/shogaigakushu/manabimasho/documents/manabimasho_r7/202510_manabimasho.pdf
19	大桑村	(no title)	https://www.vill.okuwa.lg.jp/kosodate-kyoiku/shogaigakushu/manabimasho/documents/manabimasho_r7/202509_manabimasho.pdf
19	大桑村	(no title)	https://www.vill.okuwa.lg.jp/kosodate-kyoiku/shogaigakushu/manabimasho/documents/manabimasho_r7/202508_manabimasho.pdf
19	大桑村	(no title)	https://www.vill.okuwa.lg.jp/kosodate-kyoiku/shogaigakushu/manabimasho/documents/manabimasho_r7/202507_manabimasho.pdf
19	大桑村	(no title)	https://www.vill.okuwa.lg.jp/kosodate-kyoiku/shogaigakushu/manabimasho/documents/manabimasho_r7/202506_manabimasho.pdf
19	大桑村	(no title)	https://www.vill.okuwa.lg.jp/kosodate-kyoiku/shogaigakushu/manabimasho/documents/manabimasho_r7/202505_manabimasho.pdf
19	大桑村	(no title)	https://www.vill.okuwa.lg.jp/kosodate-kyoiku/shogaigakushu/manabimasho/documents/manabimasho_r7/202504_manabimasho.pdf
19	木曽町	企業支援・企業立地	https://www.town-kiso.com/jigyosha/shien/	企業支援・企業立地 - 木曽町公式サイト このサイトではJavascriptを使用しています。現在、JavaScriptが無効のため一部機能をご使用いただけません。 サイトマップ サイト内検索 白 黒 黄 背景の色 大 中 小 文字の大きさ 閉じる ホーム 暮らし 手続き 移住・住まい 各種補助金・支援金 水道・下水道 道路・交通 農林業 就職・労働 税金 届出・証明・住民の手続き 生活環境 健康･福祉 健康・医療 食育 福祉 子ども･教育 各種補助金・支援金 小中学校 妊娠・子育て 学童クラブ 子育て支援情報 認定こども園 事業者の方へ 各種補助金・支援金 企業支援・企業立地 入札・契約 お知らせ 町政情報 各種補助金・支援金 木曽町選挙管理委員会 木曽町の概要 木曽町例規集 公有財産の売却 採用情報 施策・計画 審議会・委員会 耐震診断 地域自治組織 財政運営 ふるさと納税 まちづくり 議会 広報・広聴 統計 情報公開・個人
19	木曽町	お知らせ	https://www.town-kiso.com/jigyosha/info/	お知らせ - 木曽町公式サイト このサイトではJavascriptを使用しています。現在、JavaScriptが無効のため一部機能をご使用いただけません。 サイトマップ サイト内検索 白 黒 黄 背景の色 大 中 小 文字の大きさ 閉じる ホーム 暮らし 手続き 移住・住まい 各種補助金・支援金 水道・下水道 道路・交通 農林業 就職・労働 税金 届出・証明・住民の手続き 生活環境 健康･福祉 健康・医療 食育 福祉 子ども･教育 各種補助金・支援金 小中学校 妊娠・子育て 学童クラブ 子育て支援情報 認定こども園 事業者の方へ 各種補助金・支援金 企業支援・企業立地 入札・契約 お知らせ 町政情報 各種補助金・支援金 木曽町選挙管理委員会 木曽町の概要 木曽町例規集 公有財産の売却 採用情報 施策・計画 審議会・委員会 耐震診断 地域自治組織 財政運営 ふるさと納税 まちづくり 議会 広報・広聴 統計 情報公開・個人情報保護
19	木曽町	ふるさと納税	https://www.town-kiso.com/chousei/furusato/	ふるさと納税 - 木曽町公式サイト このサイトではJavascriptを使用しています。現在、JavaScriptが無効のため一部機能をご使用いただけません。 サイトマップ サイト内検索 白 黒 黄 背景の色 大 中 小 文字の大きさ 閉じる ホーム 暮らし 手続き 移住・住まい 各種補助金・支援金 水道・下水道 道路・交通 農林業 就職・労働 税金 届出・証明・住民の手続き 生活環境 健康･福祉 健康・医療 食育 福祉 子ども･教育 各種補助金・支援金 小中学校 妊娠・子育て 学童クラブ 子育て支援情報 認定こども園 事業者の方へ 各種補助金・支援金 企業支援・企業立地 入札・契約 お知らせ 町政情報 各種補助金・支援金 木曽町選挙管理委員会 木曽町の概要 木曽町例規集 公有財産の売却 採用情報 施策・計画 審議会・委員会 耐震診断 地域自治組織 財政運営 ふるさと納税 まちづくり 議会 広報・広聴 統計 情報公開・個人情報保
17	木祖村	木祖村結婚支援事業「源気出会いサポートセンター」	https://www.vill.kiso.nagano.jp/kosodate_kyoiku/kekkonshien/deai-suport-open.html	木祖村結婚支援事業「源気出会いサポートセンター」 | 信州木祖村 このページの本文へ 木祖村 --> 木祖村 サイト内検索 検索 Translate 文字サイズ 標準 大 TOP 子育て・教育 結婚支援 木祖村結婚支援事業「源気出会いサポートセンター」 木祖村結婚支援事業「源気出会いサポートセンター」 更新日： 2026年03月13日 木祖村では、独身者を対象とした結婚相談や出会いの機会を提供する木祖村結婚相談所「源気出会いサポートセンター」を常設しています。 源気出会いサポートセンターチラシ.png（350.2kbyte） 登録、相談のお申込みは、事前に「源気出会いサポートセンター」へお電話で予約をお願いいたします。 ◆出会いを楽しみに行動してみましょう！ 結婚したいけどわざわざ活動するのは気がひける。婚活なんて恥ずかしい。と思う方は多くいると思います。 しかし、「就活」という言葉があるように「婚活」は今や当たり前の行為として
17	木祖村	令和4年度	https://www.vill.kiso.nagano.jp/gyoseijoho/koho/koho_r4.html	令和4年度 | 信州木祖村 このページの本文へ 木祖村 --> 木祖村 サイト内検索 検索 Translate 文字サイズ 標準 大 TOP 令和4年度 令和4年度 更新日： 2026年05月28日 令和4年度 広報きそ376号 (令和5年1月26日発行)（3,785.1kbyte） 主な内容 P02.03 新年のご挨拶 P04～06 木祖村表彰式 P07 第20回やぶはら高原スキー場あり方検討会の報告 P08 令和5年木祖村消防団出初式 P09 第2回ウォーキングラリー大賞結果発表 P10～13 税の窓口 P14 みんなの食育 P15 伊藤一生の恋愛コラム P16 普段使っていない住宅をお持ちの方へ P17 木祖村総合型スポーツクラブ P18 観光協会だより P19 地域おこし協力隊員の3人から皆さんへのお便り P20 放課後児童クラブ日記 P21 保育園＆子育て支援センターだより P22 民生児童委員・人権擁護委員が委嘱され
17	木曽町	水道・下水道	https://www.town-kiso.com/kurashi/suido/	水道・下水道 - 木曽町公式サイト このサイトではJavascriptを使用しています。現在、JavaScriptが無効のため一部機能をご使用いただけません。 サイトマップ サイト内検索 白 黒 黄 背景の色 大 中 小 文字の大きさ 閉じる ホーム 暮らし 手続き 移住・住まい 各種補助金・支援金 水道・下水道 道路・交通 農林業 就職・労働 税金 届出・証明・住民の手続き 生活環境 健康･福祉 健康・医療 食育 福祉 子ども･教育 各種補助金・支援金 小中学校 妊娠・子育て 学童クラブ 子育て支援情報 認定こども園 事業者の方へ 各種補助金・支援金 企業支援・企業立地 入札・契約 お知らせ 町政情報 各種補助金・支援金 木曽町選挙管理委員会 木曽町の概要 木曽町例規集 公有財産の売却 採用情報 施策・計画 審議会・委員会 耐震診断 地域自治組織 財政運営 ふるさと納税 まちづくり 議会 広報・広聴 統計 情報公開・個人情報保
17	木曽町	道路・交通	https://www.town-kiso.com/kurashi/douro/	道路・交通 - 木曽町公式サイト このサイトではJavascriptを使用しています。現在、JavaScriptが無効のため一部機能をご使用いただけません。 サイトマップ サイト内検索 白 黒 黄 背景の色 大 中 小 文字の大きさ 閉じる ホーム 暮らし 手続き 移住・住まい 各種補助金・支援金 水道・下水道 道路・交通 農林業 就職・労働 税金 届出・証明・住民の手続き 生活環境 健康･福祉 健康・医療 食育 福祉 子ども･教育 各種補助金・支援金 小中学校 妊娠・子育て 学童クラブ 子育て支援情報 認定こども園 事業者の方へ 各種補助金・支援金 企業支援・企業立地 入札・契約 お知らせ 町政情報 各種補助金・支援金 木曽町選挙管理委員会 木曽町の概要 木曽町例規集 公有財産の売却 採用情報 施策・計画 審議会・委員会 耐震診断 地域自治組織 財政運営 ふるさと納税 まちづくり 議会 広報・広聴 統計 情報公開・個人情報保護
17	木曽町	就職・労働	https://www.town-kiso.com/kurashi/shushoku/	就職・労働 - 木曽町公式サイト このサイトではJavascriptを使用しています。現在、JavaScriptが無効のため一部機能をご使用いただけません。 サイトマップ サイト内検索 白 黒 黄 背景の色 大 中 小 文字の大きさ 閉じる ホーム 暮らし 手続き 移住・住まい 各種補助金・支援金 水道・下水道 道路・交通 農林業 就職・労働 税金 届出・証明・住民の手続き 生活環境 健康･福祉 健康・医療 食育 福祉 子ども･教育 各種補助金・支援金 小中学校 妊娠・子育て 学童クラブ 子育て支援情報 認定こども園 事業者の方へ 各種補助金・支援金 企業支援・企業立地 入札・契約 お知らせ 町政情報 各種補助金・支援金 木曽町選挙管理委員会 木曽町の概要 木曽町例規集 公有財産の売却 採用情報 施策・計画 審議会・委員会 耐震診断 地域自治組織 財政運営 ふるさと納税 まちづくり 議会 広報・広聴 統計 情報公開・個人情報保護
17	木曽町	届出・証明・住民の手続き	https://www.town-kiso.com/kurashi/tetuduki/	届出・証明・住民の手続き - 木曽町公式サイト このサイトではJavascriptを使用しています。現在、JavaScriptが無効のため一部機能をご使用いただけません。 サイトマップ サイト内検索 白 黒 黄 背景の色 大 中 小 文字の大きさ 閉じる ホーム 暮らし 手続き 移住・住まい 各種補助金・支援金 水道・下水道 道路・交通 農林業 就職・労働 税金 届出・証明・住民の手続き 生活環境 健康･福祉 健康・医療 食育 福祉 子ども･教育 各種補助金・支援金 小中学校 妊娠・子育て 学童クラブ 子育て支援情報 認定こども園 事業者の方へ 各種補助金・支援金 企業支援・企業立地 入札・契約 お知らせ 町政情報 各種補助金・支援金 木曽町選挙管理委員会 木曽町の概要 木曽町例規集 公有財産の売却 採用情報 施策・計画 審議会・委員会 耐震診断 地域自治組織 財政運営 ふるさと納税 まちづくり 議会 広報・広聴 統計 情報公開
17	木曽町	生活環境	https://www.town-kiso.com/kurashi/kankyo/	生活環境 - 木曽町公式サイト このサイトではJavascriptを使用しています。現在、JavaScriptが無効のため一部機能をご使用いただけません。 サイトマップ サイト内検索 白 黒 黄 背景の色 大 中 小 文字の大きさ 閉じる ホーム 暮らし 手続き 移住・住まい 各種補助金・支援金 水道・下水道 道路・交通 農林業 就職・労働 税金 届出・証明・住民の手続き 生活環境 健康･福祉 健康・医療 食育 福祉 子ども･教育 各種補助金・支援金 小中学校 妊娠・子育て 学童クラブ 子育て支援情報 認定こども園 事業者の方へ 各種補助金・支援金 企業支援・企業立地 入札・契約 お知らせ 町政情報 各種補助金・支援金 木曽町選挙管理委員会 木曽町の概要 木曽町例規集 公有財産の売却 採用情報 施策・計画 審議会・委員会 耐震診断 地域自治組織 財政運営 ふるさと納税 まちづくり 議会 広報・広聴 統計 情報公開・個人情報保護
17	木曽町	小中学校	https://www.town-kiso.com/kodomo/shouchu/	小中学校 - 木曽町公式サイト このサイトではJavascriptを使用しています。現在、JavaScriptが無効のため一部機能をご使用いただけません。 サイトマップ サイト内検索 白 黒 黄 背景の色 大 中 小 文字の大きさ 閉じる ホーム 暮らし 手続き 移住・住まい 各種補助金・支援金 水道・下水道 道路・交通 農林業 就職・労働 税金 届出・証明・住民の手続き 生活環境 健康･福祉 健康・医療 食育 福祉 子ども･教育 各種補助金・支援金 小中学校 妊娠・子育て 学童クラブ 子育て支援情報 認定こども園 事業者の方へ 各種補助金・支援金 企業支援・企業立地 入札・契約 お知らせ 町政情報 各種補助金・支援金 木曽町選挙管理委員会 木曽町の概要 木曽町例規集 公有財産の売却 採用情報 施策・計画 審議会・委員会 耐震診断 地域自治組織 財政運営 ふるさと納税 まちづくり 議会 広報・広聴 統計 情報公開・個人情報保護
17	木曽町	学童クラブ	https://www.town-kiso.com/kodomo/gakudou/	学童クラブ - 木曽町公式サイト このサイトではJavascriptを使用しています。現在、JavaScriptが無効のため一部機能をご使用いただけません。 サイトマップ サイト内検索 白 黒 黄 背景の色 大 中 小 文字の大きさ 閉じる ホーム 暮らし 手続き 移住・住まい 各種補助金・支援金 水道・下水道 道路・交通 農林業 就職・労働 税金 届出・証明・住民の手続き 生活環境 健康･福祉 健康・医療 食育 福祉 子ども･教育 各種補助金・支援金 小中学校 妊娠・子育て 学童クラブ 子育て支援情報 認定こども園 事業者の方へ 各種補助金・支援金 企業支援・企業立地 入札・契約 お知らせ 町政情報 各種補助金・支援金 木曽町選挙管理委員会 木曽町の概要 木曽町例規集 公有財産の売却 採用情報 施策・計画 審議会・委員会 耐震診断 地域自治組織 財政運営 ふるさと納税 まちづくり 議会 広報・広聴 統計 情報公開・個人情報保護
17	木曽町	子育て支援情報	https://www.town-kiso.com/kodomo/kosodate/	子育て支援情報 - 木曽町公式サイト このサイトではJavascriptを使用しています。現在、JavaScriptが無効のため一部機能をご使用いただけません。 サイトマップ サイト内検索 白 黒 黄 背景の色 大 中 小 文字の大きさ 閉じる ホーム 暮らし 手続き 移住・住まい 各種補助金・支援金 水道・下水道 道路・交通 農林業 就職・労働 税金 届出・証明・住民の手続き 生活環境 健康･福祉 健康・医療 食育 福祉 子ども･教育 各種補助金・支援金 小中学校 妊娠・子育て 学童クラブ 子育て支援情報 認定こども園 事業者の方へ 各種補助金・支援金 企業支援・企業立地 入札・契約 お知らせ 町政情報 各種補助金・支援金 木曽町選挙管理委員会 木曽町の概要 木曽町例規集 公有財産の売却 採用情報 施策・計画 審議会・委員会 耐震診断 地域自治組織 財政運営 ふるさと納税 まちづくり 議会 広報・広聴 統計 情報公開・個人情報
17	木曽町	認定こども園	https://www.town-kiso.com/kodomo/hoikuen/	認定こども園 - 木曽町公式サイト このサイトではJavascriptを使用しています。現在、JavaScriptが無効のため一部機能をご使用いただけません。 サイトマップ サイト内検索 白 黒 黄 背景の色 大 中 小 文字の大きさ 閉じる ホーム 暮らし 手続き 移住・住まい 各種補助金・支援金 水道・下水道 道路・交通 農林業 就職・労働 税金 届出・証明・住民の手続き 生活環境 健康･福祉 健康・医療 食育 福祉 子ども･教育 各種補助金・支援金 小中学校 妊娠・子育て 学童クラブ 子育て支援情報 認定こども園 事業者の方へ 各種補助金・支援金 企業支援・企業立地 入札・契約 お知らせ 町政情報 各種補助金・支援金 木曽町選挙管理委員会 木曽町の概要 木曽町例規集 公有財産の売却 採用情報 施策・計画 審議会・委員会 耐震診断 地域自治組織 財政運営 ふるさと納税 まちづくり 議会 広報・広聴 統計 情報公開・個人情報保
17	木曽町	町政情報	https://www.town-kiso.com/chousei/	町政情報 - 木曽町公式サイト このサイトではJavascriptを使用しています。現在、JavaScriptが無効のため一部機能をご使用いただけません。 サイトマップ サイト内検索 白 黒 黄 背景の色 大 中 小 文字の大きさ 閉じる ホーム 暮らし 手続き 移住・住まい 各種補助金・支援金 水道・下水道 道路・交通 農林業 就職・労働 税金 届出・証明・住民の手続き 生活環境 健康･福祉 健康・医療 食育 福祉 子ども･教育 各種補助金・支援金 小中学校 妊娠・子育て 学童クラブ 子育て支援情報 認定こども園 事業者の方へ 各種補助金・支援金 企業支援・企業立地 入札・契約 お知らせ 町政情報 各種補助金・支援金 木曽町選挙管理委員会 木曽町の概要 木曽町例規集 公有財産の売却 採用情報 施策・計画 審議会・委員会 耐震診断 地域自治組織 財政運営 ふるさと納税 まちづくり 議会 広報・広聴 統計 情報公開・個人情報保護
17	木曽町	木曽町選挙管理委員会	https://www.town-kiso.com/chousei/senkyo/	木曽町選挙管理委員会 - 木曽町公式サイト このサイトではJavascriptを使用しています。現在、JavaScriptが無効のため一部機能をご使用いただけません。 サイトマップ サイト内検索 白 黒 黄 背景の色 大 中 小 文字の大きさ 閉じる ホーム 暮らし 手続き 移住・住まい 各種補助金・支援金 水道・下水道 道路・交通 農林業 就職・労働 税金 届出・証明・住民の手続き 生活環境 健康･福祉 健康・医療 食育 福祉 子ども･教育 各種補助金・支援金 小中学校 妊娠・子育て 学童クラブ 子育て支援情報 認定こども園 事業者の方へ 各種補助金・支援金 企業支援・企業立地 入札・契約 お知らせ 町政情報 各種補助金・支援金 木曽町選挙管理委員会 木曽町の概要 木曽町例規集 公有財産の売却 採用情報 施策・計画 審議会・委員会 耐震診断 地域自治組織 財政運営 ふるさと納税 まちづくり 議会 広報・広聴 統計 情報公開・個
17	木曽町	木曽町の概要	https://www.town-kiso.com/chousei/gaiyou/	木曽町の概要 - 木曽町公式サイト このサイトではJavascriptを使用しています。現在、JavaScriptが無効のため一部機能をご使用いただけません。 サイトマップ サイト内検索 白 黒 黄 背景の色 大 中 小 文字の大きさ 閉じる ホーム 暮らし 手続き 移住・住まい 各種補助金・支援金 水道・下水道 道路・交通 農林業 就職・労働 税金 届出・証明・住民の手続き 生活環境 健康･福祉 健康・医療 食育 福祉 子ども･教育 各種補助金・支援金 小中学校 妊娠・子育て 学童クラブ 子育て支援情報 認定こども園 事業者の方へ 各種補助金・支援金 企業支援・企業立地 入札・契約 お知らせ 町政情報 各種補助金・支援金 木曽町選挙管理委員会 木曽町の概要 木曽町例規集 公有財産の売却 採用情報 施策・計画 審議会・委員会 耐震診断 地域自治組織 財政運営 ふるさと納税 まちづくり 議会 広報・広聴 統計 情報公開・個人情報保
17	木曽町	木曽町例規集	https://www.town-kiso.com/chousei/reiki/	木曽町例規集 - 木曽町公式サイト このサイトではJavascriptを使用しています。現在、JavaScriptが無効のため一部機能をご使用いただけません。 サイトマップ サイト内検索 白 黒 黄 背景の色 大 中 小 文字の大きさ 閉じる ホーム 暮らし 手続き 移住・住まい 各種補助金・支援金 水道・下水道 道路・交通 農林業 就職・労働 税金 届出・証明・住民の手続き 生活環境 健康･福祉 健康・医療 食育 福祉 子ども･教育 各種補助金・支援金 小中学校 妊娠・子育て 学童クラブ 子育て支援情報 認定こども園 事業者の方へ 各種補助金・支援金 企業支援・企業立地 入札・契約 お知らせ 町政情報 各種補助金・支援金 木曽町選挙管理委員会 木曽町の概要 木曽町例規集 公有財産の売却 採用情報 施策・計画 審議会・委員会 耐震診断 地域自治組織 財政運営 ふるさと納税 まちづくり 議会 広報・広聴 統計 情報公開・個人情報保
17	木曽町	公有財産の売却	https://www.town-kiso.com/chousei/baikyaku/	公有財産の売却 - 木曽町公式サイト このサイトではJavascriptを使用しています。現在、JavaScriptが無効のため一部機能をご使用いただけません。 サイトマップ サイト内検索 白 黒 黄 背景の色 大 中 小 文字の大きさ 閉じる ホーム 暮らし 手続き 移住・住まい 各種補助金・支援金 水道・下水道 道路・交通 農林業 就職・労働 税金 届出・証明・住民の手続き 生活環境 健康･福祉 健康・医療 食育 福祉 子ども･教育 各種補助金・支援金 小中学校 妊娠・子育て 学童クラブ 子育て支援情報 認定こども園 事業者の方へ 各種補助金・支援金 企業支援・企業立地 入札・契約 お知らせ 町政情報 各種補助金・支援金 木曽町選挙管理委員会 木曽町の概要 木曽町例規集 公有財産の売却 採用情報 施策・計画 審議会・委員会 耐震診断 地域自治組織 財政運営 ふるさと納税 まちづくり 議会 広報・広聴 統計 情報公開・個人情報
17	木曽町	採用情報	https://www.town-kiso.com/chousei/saiyou/	採用情報 - 木曽町公式サイト このサイトではJavascriptを使用しています。現在、JavaScriptが無効のため一部機能をご使用いただけません。 サイトマップ サイト内検索 白 黒 黄 背景の色 大 中 小 文字の大きさ 閉じる ホーム 暮らし 手続き 移住・住まい 各種補助金・支援金 水道・下水道 道路・交通 農林業 就職・労働 税金 届出・証明・住民の手続き 生活環境 健康･福祉 健康・医療 食育 福祉 子ども･教育 各種補助金・支援金 小中学校 妊娠・子育て 学童クラブ 子育て支援情報 認定こども園 事業者の方へ 各種補助金・支援金 企業支援・企業立地 入札・契約 お知らせ 町政情報 各種補助金・支援金 木曽町選挙管理委員会 木曽町の概要 木曽町例規集 公有財産の売却 採用情報 施策・計画 審議会・委員会 耐震診断 地域自治組織 財政運営 ふるさと納税 まちづくり 議会 広報・広聴 統計 情報公開・個人情報保護
17	木曽町	施策・計画	https://www.town-kiso.com/chousei/shisaku/	施策・計画 - 木曽町公式サイト このサイトではJavascriptを使用しています。現在、JavaScriptが無効のため一部機能をご使用いただけません。 サイトマップ サイト内検索 白 黒 黄 背景の色 大 中 小 文字の大きさ 閉じる ホーム 暮らし 手続き 移住・住まい 各種補助金・支援金 水道・下水道 道路・交通 農林業 就職・労働 税金 届出・証明・住民の手続き 生活環境 健康･福祉 健康・医療 食育 福祉 子ども･教育 各種補助金・支援金 小中学校 妊娠・子育て 学童クラブ 子育て支援情報 認定こども園 事業者の方へ 各種補助金・支援金 企業支援・企業立地 入札・契約 お知らせ 町政情報 各種補助金・支援金 木曽町選挙管理委員会 木曽町の概要 木曽町例規集 公有財産の売却 採用情報 施策・計画 審議会・委員会 耐震診断 地域自治組織 財政運営 ふるさと納税 まちづくり 議会 広報・広聴 統計 情報公開・個人情報保護
17	木曽町	審議会・委員会	https://www.town-kiso.com/chousei/shingikai/	審議会・委員会 - 木曽町公式サイト このサイトではJavascriptを使用しています。現在、JavaScriptが無効のため一部機能をご使用いただけません。 サイトマップ サイト内検索 白 黒 黄 背景の色 大 中 小 文字の大きさ 閉じる ホーム 暮らし 手続き 移住・住まい 各種補助金・支援金 水道・下水道 道路・交通 農林業 就職・労働 税金 届出・証明・住民の手続き 生活環境 健康･福祉 健康・医療 食育 福祉 子ども･教育 各種補助金・支援金 小中学校 妊娠・子育て 学童クラブ 子育て支援情報 認定こども園 事業者の方へ 各種補助金・支援金 企業支援・企業立地 入札・契約 お知らせ 町政情報 各種補助金・支援金 木曽町選挙管理委員会 木曽町の概要 木曽町例規集 公有財産の売却 採用情報 施策・計画 審議会・委員会 耐震診断 地域自治組織 財政運営 ふるさと納税 まちづくり 議会 広報・広聴 統計 情報公開・個人情報
17	木曽町	耐震診断	https://www.town-kiso.com/chousei/taishin/	耐震診断 - 木曽町公式サイト このサイトではJavascriptを使用しています。現在、JavaScriptが無効のため一部機能をご使用いただけません。 サイトマップ サイト内検索 白 黒 黄 背景の色 大 中 小 文字の大きさ 閉じる ホーム 暮らし 手続き 移住・住まい 各種補助金・支援金 水道・下水道 道路・交通 農林業 就職・労働 税金 届出・証明・住民の手続き 生活環境 健康･福祉 健康・医療 食育 福祉 子ども･教育 各種補助金・支援金 小中学校 妊娠・子育て 学童クラブ 子育て支援情報 認定こども園 事業者の方へ 各種補助金・支援金 企業支援・企業立地 入札・契約 お知らせ 町政情報 各種補助金・支援金 木曽町選挙管理委員会 木曽町の概要 木曽町例規集 公有財産の売却 採用情報 施策・計画 審議会・委員会 耐震診断 地域自治組織 財政運営 ふるさと納税 まちづくり 議会 広報・広聴 統計 情報公開・個人情報保護
17	木曽町	地域自治組織	https://www.town-kiso.com/chousei/chiiki/	地域自治組織 - 木曽町公式サイト このサイトではJavascriptを使用しています。現在、JavaScriptが無効のため一部機能をご使用いただけません。 サイトマップ サイト内検索 白 黒 黄 背景の色 大 中 小 文字の大きさ 閉じる ホーム 暮らし 手続き 移住・住まい 各種補助金・支援金 水道・下水道 道路・交通 農林業 就職・労働 税金 届出・証明・住民の手続き 生活環境 健康･福祉 健康・医療 食育 福祉 子ども･教育 各種補助金・支援金 小中学校 妊娠・子育て 学童クラブ 子育て支援情報 認定こども園 事業者の方へ 各種補助金・支援金 企業支援・企業立地 入札・契約 お知らせ 町政情報 各種補助金・支援金 木曽町選挙管理委員会 木曽町の概要 木曽町例規集 公有財産の売却 採用情報 施策・計画 審議会・委員会 耐震診断 地域自治組織 財政運営 ふるさと納税 まちづくり 議会 広報・広聴 統計 情報公開・個人情報保
17	木曽町	まちづくり	https://www.town-kiso.com/chousei/machidukuri/	まちづくり - 木曽町公式サイト このサイトではJavascriptを使用しています。現在、JavaScriptが無効のため一部機能をご使用いただけません。 サイトマップ サイト内検索 白 黒 黄 背景の色 大 中 小 文字の大きさ 閉じる ホーム 暮らし 手続き 移住・住まい 各種補助金・支援金 水道・下水道 道路・交通 農林業 就職・労働 税金 届出・証明・住民の手続き 生活環境 健康･福祉 健康・医療 食育 福祉 子ども･教育 各種補助金・支援金 小中学校 妊娠・子育て 学童クラブ 子育て支援情報 認定こども園 事業者の方へ 各種補助金・支援金 企業支援・企業立地 入札・契約 お知らせ 町政情報 各種補助金・支援金 木曽町選挙管理委員会 木曽町の概要 木曽町例規集 公有財産の売却 採用情報 施策・計画 審議会・委員会 耐震診断 地域自治組織 財政運営 ふるさと納税 まちづくり 議会 広報・広聴 統計 情報公開・個人情報保護
17	木曽町	統計	https://www.town-kiso.com/chousei/toukei/	統計 - 木曽町公式サイト このサイトではJavascriptを使用しています。現在、JavaScriptが無効のため一部機能をご使用いただけません。 サイトマップ サイト内検索 白 黒 黄 背景の色 大 中 小 文字の大きさ 閉じる ホーム 暮らし 手続き 移住・住まい 各種補助金・支援金 水道・下水道 道路・交通 農林業 就職・労働 税金 届出・証明・住民の手続き 生活環境 健康･福祉 健康・医療 食育 福祉 子ども･教育 各種補助金・支援金 小中学校 妊娠・子育て 学童クラブ 子育て支援情報 認定こども園 事業者の方へ 各種補助金・支援金 企業支援・企業立地 入札・契約 お知らせ 町政情報 各種補助金・支援金 木曽町選挙管理委員会 木曽町の概要 木曽町例規集 公有財産の売却 採用情報 施策・計画 審議会・委員会 耐震診断 地域自治組織 財政運営 ふるさと納税 まちづくり 議会 広報・広聴 統計 情報公開・個人情報保護 監査
17	木曽町	情報公開・個人情報保護	https://www.town-kiso.com/chousei/koukai/	情報公開・個人情報保護 - 木曽町公式サイト このサイトではJavascriptを使用しています。現在、JavaScriptが無効のため一部機能をご使用いただけません。 サイトマップ サイト内検索 白 黒 黄 背景の色 大 中 小 文字の大きさ 閉じる ホーム 暮らし 手続き 移住・住まい 各種補助金・支援金 水道・下水道 道路・交通 農林業 就職・労働 税金 届出・証明・住民の手続き 生活環境 健康･福祉 健康・医療 食育 福祉 子ども･教育 各種補助金・支援金 小中学校 妊娠・子育て 学童クラブ 子育て支援情報 認定こども園 事業者の方へ 各種補助金・支援金 企業支援・企業立地 入札・契約 お知らせ 町政情報 各種補助金・支援金 木曽町選挙管理委員会 木曽町の概要 木曽町例規集 公有財産の売却 採用情報 施策・計画 審議会・委員会 耐震診断 地域自治組織 財政運営 ふるさと納税 まちづくり 議会 広報・広聴 統計 情報公開・
17	木曽町	監査	https://www.town-kiso.com/chousei/kansa/	監査 - 木曽町公式サイト このサイトではJavascriptを使用しています。現在、JavaScriptが無効のため一部機能をご使用いただけません。 サイトマップ サイト内検索 白 黒 黄 背景の色 大 中 小 文字の大きさ 閉じる ホーム 暮らし 手続き 移住・住まい 各種補助金・支援金 水道・下水道 道路・交通 農林業 就職・労働 税金 届出・証明・住民の手続き 生活環境 健康･福祉 健康・医療 食育 福祉 子ども･教育 各種補助金・支援金 小中学校 妊娠・子育て 学童クラブ 子育て支援情報 認定こども園 事業者の方へ 各種補助金・支援金 企業支援・企業立地 入札・契約 お知らせ 町政情報 各種補助金・支援金 木曽町選挙管理委員会 木曽町の概要 木曽町例規集 公有財産の売却 採用情報 施策・計画 審議会・委員会 耐震診断 地域自治組織 財政運営 ふるさと納税 まちづくり 議会 広報・広聴 統計 情報公開・個人情報保護 監査
17	木曽町	人事・職員	https://www.town-kiso.com/chousei/jinji/	人事・職員 - 木曽町公式サイト このサイトではJavascriptを使用しています。現在、JavaScriptが無効のため一部機能をご使用いただけません。 サイトマップ サイト内検索 白 黒 黄 背景の色 大 中 小 文字の大きさ 閉じる ホーム 暮らし 手続き 移住・住まい 各種補助金・支援金 水道・下水道 道路・交通 農林業 就職・労働 税金 届出・証明・住民の手続き 生活環境 健康･福祉 健康・医療 食育 福祉 子ども･教育 各種補助金・支援金 小中学校 妊娠・子育て 学童クラブ 子育て支援情報 認定こども園 事業者の方へ 各種補助金・支援金 企業支援・企業立地 入札・契約 お知らせ 町政情報 各種補助金・支援金 木曽町選挙管理委員会 木曽町の概要 木曽町例規集 公有財産の売却 採用情報 施策・計画 審議会・委員会 耐震診断 地域自治組織 財政運営 ふるさと納税 まちづくり 議会 広報・広聴 統計 情報公開・個人情報保護
16	南木曽町	元気なまちづくり係	https://www.town.nagiso.nagano.jp/soshiki/3-2-0-0-0_1.html	から文字サイズを変更してください。文字サイズ変更以外にも，操作性向上の目的でJavaScript（アクティブスクリプト）を用いた機能を提供しています。可能であればJavaScript（アクティブスクリプト）を有効にしてください。 メニュー 閉じる トップページ くらし・手続き 表示 届出・証明 税金 保険・年金 道路・河川・建築 交通 ゴミ・環境 上下水道 補助金・助成金 給付金・支援金 申請書ダウンロード 移住・住まい 防災・防犯・安全 医療・健康・福祉 表示 緊急 医療・健康 高齢者福祉・介護 障がい者福祉 子育て・教育 表示 妊娠・出産・子育て 教育 歴史・文化 産業・しごと 表示 雇用・労働 産業振興 農林業支援 行政情報 表示 町長の部屋 南木曽町の概要 公共施設 電話帳 財政 ふるさと納税 施策・計画 まちづくり 議会 統計 広報・広聴 リニア対策 各種委員会・協議会 入札・契約 各課の窓口 Language 背景色
16	木祖村	スポーツ振興くじ（TOTO）助成金の活用について	https://www.vill.kiso.nagano.jp/gyoseijoho/shisaku_keikaku/toto_joseikin_katsuyou.html	スポーツ振興くじ（TOTO）助成金の活用について | 信州木祖村 このページの本文へ 木祖村 --> 木祖村 サイト内検索 検索 Translate 文字サイズ 標準 大 TOP 行政情報 施策・計画 スポーツ振興くじ（TOTO）助成金の活用について スポーツ振興くじ（TOTO）助成金の活用について 更新日： 2025年07月25日 スポーツ振興くじ（TOTO）助成金とは 子どもからお年寄りまで、誰もが、いつでも、身近にスポーツを楽しめる環境の整備など、 新たなスポーツ振興施策を実施するための新たな財源を確保するため導入されたもの。 くじの販売で得られた財源をスポーツ振興が目的の事業への助成金が交付される。 活用事業 年度 助成事業名 助成金額 内容・成果 H30 こだまの森フットサルコート人工芝化事業 38,244千円 ソサイチコート1面フットサルコート2面を整備。 H30 こだまの森フットサルコート夜間照明整備事業 7,91
16	木祖村	木祖村空き家バンク登録情報（賃貸）	https://www.vill.kiso.nagano.jp/kurashi_joho/iju_teiju/akiyabank_touroku_tintai.html	木祖村空き家バンク登録情報（賃貸） | 信州木祖村 このページの本文へ 木祖村 --> 木祖村 サイト内検索 検索 Translate 文字サイズ 標準 大 TOP 暮らしの情報 移住・定住 木祖村空き家バンク登録情報（賃貸） 木祖村空き家バンク登録情報（賃貸） 更新日： 2026年05月27日 1．空き家登録情報一覧 利用者募集中の物件 登録番号 外観 所在地 希望する契約 価格 備考 R 07−3 薮原 賃貸 / 売却 要相談 登録内容はこちら 公開終了した物件 登録番号 所在地 希望する契約 備考 R07-05 薮原 賃貸 / 売却 交渉中のため公開停止 R03-2 薮原 賃貸 / 売却 契約済（売却） R06-2 薮原 賃貸 契約済（賃貸） R05-8 薮原 賃貸 契約済（賃貸） R05-4 薮原 賃貸 交渉中のため公開停止 R05-2 薮原 賃貸 / 売却 賃貸のみ 登録取り消し R05-1 薮原 賃貸 / 売却 契約
16	木曽町	福祉サービス	https://www.town-kiso.com/fukushi/fukushi/100101/	福祉サービス - 木曽町公式サイト このサイトではJavascriptを使用しています。現在、JavaScriptが無効のため一部機能をご使用いただけません。 サイトマップ サイト内検索 白 黒 黄 背景の色 大 中 小 文字の大きさ 閉じる ホーム 暮らし 手続き 移住・住まい 各種補助金・支援金 水道・下水道 道路・交通 農林業 就職・労働 税金 届出・証明・住民の手続き 生活環境 健康･福祉 健康・医療 食育 福祉 子ども･教育 各種補助金・支援金 小中学校 妊娠・子育て 学童クラブ 子育て支援情報 認定こども園 事業者の方へ 各種補助金・支援金 企業支援・企業立地 入札・契約 お知らせ 町政情報 各種補助金・支援金 木曽町選挙管理委員会 木曽町の概要 木曽町例規集 公有財産の売却 採用情報 施策・計画 審議会・委員会 耐震診断 地域自治組織 財政運営 ふるさと納税 まちづくり 議会 広報・広聴 統計 情報公開・個人情報保
15	南木曽町	総合戦略係	https://www.town.nagiso.nagano.jp/soshiki/3-1-0-0-0_1.html	から文字サイズを変更してください。文字サイズ変更以外にも，操作性向上の目的でJavaScript（アクティブスクリプト）を用いた機能を提供しています。可能であればJavaScript（アクティブスクリプト）を有効にしてください。 メニュー 閉じる トップページ くらし・手続き 表示 届出・証明 税金 保険・年金 道路・河川・建築 交通 ゴミ・環境 上下水道 補助金・助成金 給付金・支援金 申請書ダウンロード 移住・住まい 防災・防犯・安全 医療・健康・福祉 表示 緊急 医療・健康 高齢者福祉・介護 障がい者福祉 子育て・教育 表示 妊娠・出産・子育て 教育 歴史・文化 産業・しごと 表示 雇用・労働 産業振興 農林業支援 行政情報 表示 町長の部屋 南木曽町の概要 公共施設 電話帳 財政 ふるさと納税 施策・計画 まちづくり 議会 統計 広報・広聴 リニア対策 各種委員会・協議会 入札・契約 各課の窓口 Language 背景色
15	南木曽町	犬の飼育について	https://www.town.nagiso.nagano.jp/0000000404.html	から文字サイズを変更してください。文字サイズ変更以外にも，操作性向上の目的でJavaScript（アクティブスクリプト）を用いた機能を提供しています。可能であればJavaScript（アクティブスクリプト）を有効にしてください。 メニュー 閉じる トップページ くらし・手続き 表示 届出・証明 税金 保険・年金 道路・河川・建築 交通 ゴミ・環境 上下水道 補助金・助成金 給付金・支援金 申請書ダウンロード 移住・住まい 防災・防犯・安全 医療・健康・福祉 表示 緊急 医療・健康 高齢者福祉・介護 障がい者福祉 子育て・教育 表示 妊娠・出産・子育て 教育 歴史・文化 産業・しごと 表示 雇用・労働 産業振興 農林業支援 行政情報 表示 町長の部屋 南木曽町の概要 公共施設 電話帳 財政 ふるさと納税 施策・計画 まちづくり 議会 統計 広報・広聴 リニア対策 各種委員会・協議会 入札・契約 各課の窓口 Language 背景色
15	南木曽町	簡易水道事業・下水道事業経営戦略	https://www.town.nagiso.nagano.jp/0000000223.html	から文字サイズを変更してください。文字サイズ変更以外にも，操作性向上の目的でJavaScript（アクティブスクリプト）を用いた機能を提供しています。可能であればJavaScript（アクティブスクリプト）を有効にしてください。 メニュー 閉じる トップページ くらし・手続き 表示 届出・証明 税金 保険・年金 道路・河川・建築 交通 ゴミ・環境 上下水道 補助金・助成金 給付金・支援金 申請書ダウンロード 移住・住まい 防災・防犯・安全 医療・健康・福祉 表示 緊急 医療・健康 高齢者福祉・介護 障がい者福祉 子育て・教育 表示 妊娠・出産・子育て 教育 歴史・文化 産業・しごと 表示 雇用・労働 産業振興 農林業支援 行政情報 表示 町長の部屋 南木曽町の概要 公共施設 電話帳 財政 ふるさと納税 施策・計画 まちづくり 議会 統計 広報・広聴 リニア対策 各種委員会・協議会 入札・契約 各課の窓口 Language 背景色
15	大桑村	行政イベント情報	https://www.vill.okuwa.lg.jp/event/list_gyosei.html	シネマ 2025年12月9日 大桑らんらん講座【竹炊飯に挑戦！】 2025年11月25日 推しレコ！ Track30 2025年11月19日 図書館deシネマ 2025年11月13日 定勝寺本堂耐震対策工事現場見学会 2025年11月13日 2025年度木曽書道展 2025年11月4日 大桑らんらん講座2025【満蒙開拓の歴史を学ぶ】 2025年11月4日 令和７年度大桑村ふれあい人権講演会 2025年10月30日 もぐもぐリサーチ 2025年10月24日 世界をひらく読書会 2025年10月22日 知的書評合戦 ビブリオバトル 2025年10月22日 むら歩きのススメ 2025年10月14日 推しレコ！ Track29 2025年10月10日 図書館deシネマ 2025年10月3日 大桑の明日を語る集い2025 2025年9月30日 大桑らんらん講座2025【発電所めぐり】 2025年9月22日 図書館deシネマ 2025年9
14	木曽町	感染症等	https://www.town-kiso.com/fukushi/kenkou/100349/	感染症等 - 木曽町公式サイト このサイトではJavascriptを使用しています。現在、JavaScriptが無効のため一部機能をご使用いただけません。 サイトマップ サイト内検索 白 黒 黄 背景の色 大 中 小 文字の大きさ 閉じる ホーム 暮らし 手続き 移住・住まい 各種補助金・支援金 水道・下水道 道路・交通 農林業 就職・労働 税金 届出・証明・住民の手続き 生活環境 健康･福祉 健康・医療 食育 福祉 子ども･教育 各種補助金・支援金 小中学校 妊娠・子育て 学童クラブ 子育て支援情報 認定こども園 事業者の方へ 各種補助金・支援金 企業支援・企業立地 入札・契約 お知らせ 町政情報 各種補助金・支援金 木曽町選挙管理委員会 木曽町の概要 木曽町例規集 公有財産の売却 採用情報 施策・計画 審議会・委員会 耐震診断 地域自治組織 財政運営 ふるさと納税 まちづくり 議会 広報・広聴 統計 情報公開・個人情報保護
14	木曽町	国民健康保険	https://www.town-kiso.com/fukushi/kenkou/100336/	国民健康保険 - 木曽町公式サイト このサイトではJavascriptを使用しています。現在、JavaScriptが無効のため一部機能をご使用いただけません。 サイトマップ サイト内検索 白 黒 黄 背景の色 大 中 小 文字の大きさ 閉じる ホーム 暮らし 手続き 移住・住まい 各種補助金・支援金 水道・下水道 道路・交通 農林業 就職・労働 税金 届出・証明・住民の手続き 生活環境 健康･福祉 健康・医療 食育 福祉 子ども･教育 各種補助金・支援金 小中学校 妊娠・子育て 学童クラブ 子育て支援情報 認定こども園 事業者の方へ 各種補助金・支援金 企業支援・企業立地 入札・契約 お知らせ 町政情報 各種補助金・支援金 木曽町選挙管理委員会 木曽町の概要 木曽町例規集 公有財産の売却 採用情報 施策・計画 審議会・委員会 耐震診断 地域自治組織 財政運営 ふるさと納税 まちづくり 議会 広報・広聴 統計 情報公開・個人情報保
13	南木曽町	健康しあわせ係	https://www.town.nagiso.nagano.jp/soshiki/4-2-0-0-0_1.html	から文字サイズを変更してください。文字サイズ変更以外にも，操作性向上の目的でJavaScript（アクティブスクリプト）を用いた機能を提供しています。可能であればJavaScript（アクティブスクリプト）を有効にしてください。 メニュー 閉じる トップページ くらし・手続き 表示 届出・証明 税金 保険・年金 道路・河川・建築 交通 ゴミ・環境 上下水道 補助金・助成金 給付金・支援金 申請書ダウンロード 移住・住まい 防災・防犯・安全 医療・健康・福祉 表示 緊急 医療・健康 高齢者福祉・介護 障がい者福祉 子育て・教育 表示 妊娠・出産・子育て 教育 歴史・文化 産業・しごと 表示 雇用・労働 産業振興 農林業支援 行政情報 表示 町長の部屋 南木曽町の概要 公共施設 電話帳 財政 ふるさと納税 施策・計画 まちづくり 議会 統計 広報・広聴 リニア対策 各種委員会・協議会 入札・契約 各課の窓口 Language 背景色
13	南木曽町	国民健康保険（国保）の窓口	https://www.town.nagiso.nagano.jp/0000000145.html	から文字サイズを変更してください。文字サイズ変更以外にも，操作性向上の目的でJavaScript（アクティブスクリプト）を用いた機能を提供しています。可能であればJavaScript（アクティブスクリプト）を有効にしてください。 メニュー 閉じる トップページ くらし・手続き 表示 届出・証明 税金 保険・年金 道路・河川・建築 交通 ゴミ・環境 上下水道 補助金・助成金 給付金・支援金 申請書ダウンロード 移住・住まい 防災・防犯・安全 医療・健康・福祉 表示 緊急 医療・健康 高齢者福祉・介護 障がい者福祉 子育て・教育 表示 妊娠・出産・子育て 教育 歴史・文化 産業・しごと 表示 雇用・労働 産業振興 農林業支援 行政情報 表示 町長の部屋 南木曽町の概要 公共施設 電話帳 財政 ふるさと納税 施策・計画 まちづくり 議会 統計 広報・広聴 リニア対策 各種委員会・協議会 入札・契約 各課の窓口 Language 背景色
13	木曽町	サイトマップ	https://www.town-kiso.com/sitemap/	サイトマップ - 木曽町公式サイト このサイトではJavascriptを使用しています。現在、JavaScriptが無効のため一部機能をご使用いただけません。 サイトマップ サイト内検索 白 黒 黄 背景の色 大 中 小 文字の大きさ 閉じる ホーム 暮らし 手続き 移住・住まい 各種補助金・支援金 水道・下水道 道路・交通 農林業 就職・労働 税金 届出・証明・住民の手続き 生活環境 健康･福祉 健康・医療 食育 福祉 子ども･教育 各種補助金・支援金 小中学校 妊娠・子育て 学童クラブ 子育て支援情報 認定こども園 事業者の方へ 各種補助金・支援金 企業支援・企業立地 入札・契約 お知らせ 町政情報 各種補助金・支援金 木曽町選挙管理委員会 木曽町の概要 木曽町例規集 公有財産の売却 採用情報 施策・計画 審議会・委員会 耐震診断 地域自治組織 財政運営 ふるさと納税 まちづくり 議会 広報・広聴 統計 情報公開・個人情報保
13	木曽町	年金	https://www.town-kiso.com/kurashi/tetuduki/100265/	年金 - 木曽町公式サイト このサイトではJavascriptを使用しています。現在、JavaScriptが無効のため一部機能をご使用いただけません。 サイトマップ サイト内検索 白 黒 黄 背景の色 大 中 小 文字の大きさ 閉じる ホーム 暮らし 手続き 移住・住まい 各種補助金・支援金 水道・下水道 道路・交通 農林業 就職・労働 税金 届出・証明・住民の手続き 生活環境 健康･福祉 健康・医療 食育 福祉 子ども･教育 各種補助金・支援金 小中学校 妊娠・子育て 学童クラブ 子育て支援情報 認定こども園 事業者の方へ 各種補助金・支援金 企業支援・企業立地 入札・契約 お知らせ 町政情報 各種補助金・支援金 木曽町選挙管理委員会 木曽町の概要 木曽町例規集 公有財産の売却 採用情報 施策・計画 審議会・委員会 耐震診断 地域自治組織 財政運営 ふるさと納税 まちづくり 議会 広報・広聴 統計 情報公開・個人情報保護 監査
13	木曽町	地球温暖化	https://www.town-kiso.com/kurashi/kankyo/100360/	地球温暖化 - 木曽町公式サイト このサイトではJavascriptを使用しています。現在、JavaScriptが無効のため一部機能をご使用いただけません。 サイトマップ サイト内検索 白 黒 黄 背景の色 大 中 小 文字の大きさ 閉じる ホーム 暮らし 手続き 移住・住まい 各種補助金・支援金 水道・下水道 道路・交通 農林業 就職・労働 税金 届出・証明・住民の手続き 生活環境 健康･福祉 健康・医療 食育 福祉 子ども･教育 各種補助金・支援金 小中学校 妊娠・子育て 学童クラブ 子育て支援情報 認定こども園 事業者の方へ 各種補助金・支援金 企業支援・企業立地 入札・契約 お知らせ 町政情報 各種補助金・支援金 木曽町選挙管理委員会 木曽町の概要 木曽町例規集 公有財産の売却 採用情報 施策・計画 審議会・委員会 耐震診断 地域自治組織 財政運営 ふるさと納税 まちづくり 議会 広報・広聴 統計 情報公開・個人情報保護
13	木曽町	母子福祉	https://www.town-kiso.com/fukushi/fukushi/100103/	母子福祉 - 木曽町公式サイト このサイトではJavascriptを使用しています。現在、JavaScriptが無効のため一部機能をご使用いただけません。 サイトマップ サイト内検索 白 黒 黄 背景の色 大 中 小 文字の大きさ 閉じる ホーム 暮らし 手続き 移住・住まい 各種補助金・支援金 水道・下水道 道路・交通 農林業 就職・労働 税金 届出・証明・住民の手続き 生活環境 健康･福祉 健康・医療 食育 福祉 子ども･教育 各種補助金・支援金 小中学校 妊娠・子育て 学童クラブ 子育て支援情報 認定こども園 事業者の方へ 各種補助金・支援金 企業支援・企業立地 入札・契約 お知らせ 町政情報 各種補助金・支援金 木曽町選挙管理委員会 木曽町の概要 木曽町例規集 公有財産の売却 採用情報 施策・計画 審議会・委員会 耐震診断 地域自治組織 財政運営 ふるさと納税 まちづくり 議会 広報・広聴 統計 情報公開・個人情報保護
12	南木曽町	妊娠・出産・子育て	https://www.town.nagiso.nagano.jp/category/4-1-0-0-0-0-0-0-0-0.html	から文字サイズを変更してください。文字サイズ変更以外にも，操作性向上の目的でJavaScript（アクティブスクリプト）を用いた機能を提供しています。可能であればJavaScript（アクティブスクリプト）を有効にしてください。 メニュー 閉じる トップページ くらし・手続き 表示 届出・証明 税金 保険・年金 道路・河川・建築 交通 ゴミ・環境 上下水道 補助金・助成金 給付金・支援金 申請書ダウンロード 移住・住まい 防災・防犯・安全 医療・健康・福祉 表示 緊急 医療・健康 高齢者福祉・介護 障がい者福祉 子育て・教育 表示 妊娠・出産・子育て 教育 歴史・文化 産業・しごと 表示 雇用・労働 産業振興 農林業支援 行政情報 表示 町長の部屋 南木曽町の概要 公共施設 電話帳 財政 ふるさと納税 施策・計画 まちづくり 議会 統計 広報・広聴 リニア対策 各種委員会・協議会 入札・契約 各課の窓口 Language 背景色
12	南木曽町	避難施設一覧	https://www.town.nagiso.nagano.jp/0000000099.html	から文字サイズを変更してください。文字サイズ変更以外にも，操作性向上の目的でJavaScript（アクティブスクリプト）を用いた機能を提供しています。可能であればJavaScript（アクティブスクリプト）を有効にしてください。 メニュー 閉じる トップページ くらし・手続き 表示 届出・証明 税金 保険・年金 道路・河川・建築 交通 ゴミ・環境 上下水道 補助金・助成金 給付金・支援金 申請書ダウンロード 移住・住まい 防災・防犯・安全 医療・健康・福祉 表示 緊急 医療・健康 高齢者福祉・介護 障がい者福祉 子育て・教育 表示 妊娠・出産・子育て 教育 歴史・文化 産業・しごと 表示 雇用・労働 産業振興 農林業支援 行政情報 表示 町長の部屋 南木曽町の概要 公共施設 電話帳 財政 ふるさと納税 施策・計画 まちづくり 議会 統計 広報・広聴 リニア対策 各種委員会・協議会 入札・契約 各課の窓口 Language 背景色
12	南木曽町	医療機関	https://www.town.nagiso.nagano.jp/0000000262.html	から文字サイズを変更してください。文字サイズ変更以外にも，操作性向上の目的でJavaScript（アクティブスクリプト）を用いた機能を提供しています。可能であればJavaScript（アクティブスクリプト）を有効にしてください。 メニュー 閉じる トップページ くらし・手続き 表示 届出・証明 税金 保険・年金 道路・河川・建築 交通 ゴミ・環境 上下水道 補助金・助成金 給付金・支援金 申請書ダウンロード 移住・住まい 防災・防犯・安全 医療・健康・福祉 表示 緊急 医療・健康 高齢者福祉・介護 障がい者福祉 子育て・教育 表示 妊娠・出産・子育て 教育 歴史・文化 産業・しごと 表示 雇用・労働 産業振興 農林業支援 行政情報 表示 町長の部屋 南木曽町の概要 公共施設 電話帳 財政 ふるさと納税 施策・計画 まちづくり 議会 統計 広報・広聴 リニア対策 各種委員会・協議会 入札・契約 各課の窓口 Language 背景色
12	南木曽町	水道メーターの読み方と漏水の発見方法	https://www.town.nagiso.nagano.jp/0000000215.html	から文字サイズを変更してください。文字サイズ変更以外にも，操作性向上の目的でJavaScript（アクティブスクリプト）を用いた機能を提供しています。可能であればJavaScript（アクティブスクリプト）を有効にしてください。 メニュー 閉じる トップページ くらし・手続き 表示 届出・証明 税金 保険・年金 道路・河川・建築 交通 ゴミ・環境 上下水道 補助金・助成金 給付金・支援金 申請書ダウンロード 移住・住まい 防災・防犯・安全 医療・健康・福祉 表示 緊急 医療・健康 高齢者福祉・介護 障がい者福祉 子育て・教育 表示 妊娠・出産・子育て 教育 歴史・文化 産業・しごと 表示 雇用・労働 産業振興 農林業支援 行政情報 表示 町長の部屋 南木曽町の概要 公共施設 電話帳 財政 ふるさと納税 施策・計画 まちづくり 議会 統計 広報・広聴 リニア対策 各種委員会・協議会 入札・契約 各課の窓口 Language 背景色
12	南木曽町	農林係	https://www.town.nagiso.nagano.jp/soshiki/5-1-0-0-0_1.html	から文字サイズを変更してください。文字サイズ変更以外にも，操作性向上の目的でJavaScript（アクティブスクリプト）を用いた機能を提供しています。可能であればJavaScript（アクティブスクリプト）を有効にしてください。 メニュー 閉じる トップページ くらし・手続き 表示 届出・証明 税金 保険・年金 道路・河川・建築 交通 ゴミ・環境 上下水道 補助金・助成金 給付金・支援金 申請書ダウンロード 移住・住まい 防災・防犯・安全 医療・健康・福祉 表示 緊急 医療・健康 高齢者福祉・介護 障がい者福祉 子育て・教育 表示 妊娠・出産・子育て 教育 歴史・文化 産業・しごと 表示 雇用・労働 産業振興 農林業支援 行政情報 表示 町長の部屋 南木曽町の概要 公共施設 電話帳 財政 ふるさと納税 施策・計画 まちづくり 議会 統計 広報・広聴 リニア対策 各種委員会・協議会 入札・契約 各課の窓口 Language 背景色
12	南木曽町	墓地の各種手続き	https://www.town.nagiso.nagano.jp/0000000236.html	から文字サイズを変更してください。文字サイズ変更以外にも，操作性向上の目的でJavaScript（アクティブスクリプト）を用いた機能を提供しています。可能であればJavaScript（アクティブスクリプト）を有効にしてください。 メニュー 閉じる トップページ くらし・手続き 表示 届出・証明 税金 保険・年金 道路・河川・建築 交通 ゴミ・環境 上下水道 補助金・助成金 給付金・支援金 申請書ダウンロード 移住・住まい 防災・防犯・安全 医療・健康・福祉 表示 緊急 医療・健康 高齢者福祉・介護 障がい者福祉 子育て・教育 表示 妊娠・出産・子育て 教育 歴史・文化 産業・しごと 表示 雇用・労働 産業振興 農林業支援 行政情報 表示 町長の部屋 南木曽町の概要 公共施設 電話帳 財政 ふるさと納税 施策・計画 まちづくり 議会 統計 広報・広聴 リニア対策 各種委員会・協議会 入札・契約 各課の窓口 Language 背景色
12	南木曽町	軽自動車税の税止め手続き	https://www.town.nagiso.nagano.jp/0000000460.html	から文字サイズを変更してください。文字サイズ変更以外にも，操作性向上の目的でJavaScript（アクティブスクリプト）を用いた機能を提供しています。可能であればJavaScript（アクティブスクリプト）を有効にしてください。 メニュー 閉じる トップページ くらし・手続き 表示 届出・証明 税金 保険・年金 道路・河川・建築 交通 ゴミ・環境 上下水道 補助金・助成金 給付金・支援金 申請書ダウンロード 移住・住まい 防災・防犯・安全 医療・健康・福祉 表示 緊急 医療・健康 高齢者福祉・介護 障がい者福祉 子育て・教育 表示 妊娠・出産・子育て 教育 歴史・文化 産業・しごと 表示 雇用・労働 産業振興 農林業支援 行政情報 表示 町長の部屋 南木曽町の概要 公共施設 電話帳 財政 ふるさと納税 施策・計画 まちづくり 議会 統計 広報・広聴 リニア対策 各種委員会・協議会 入札・契約 各課の窓口 Language 背景色
12	南木曽町	中山ガラス類埋立処分場水質検査結果	https://www.town.nagiso.nagano.jp/0000000242.html	から文字サイズを変更してください。文字サイズ変更以外にも，操作性向上の目的でJavaScript（アクティブスクリプト）を用いた機能を提供しています。可能であればJavaScript（アクティブスクリプト）を有効にしてください。 メニュー 閉じる トップページ くらし・手続き 表示 届出・証明 税金 保険・年金 道路・河川・建築 交通 ゴミ・環境 上下水道 補助金・助成金 給付金・支援金 申請書ダウンロード 移住・住まい 防災・防犯・安全 医療・健康・福祉 表示 緊急 医療・健康 高齢者福祉・介護 障がい者福祉 子育て・教育 表示 妊娠・出産・子育て 教育 歴史・文化 産業・しごと 表示 雇用・労働 産業振興 農林業支援 行政情報 表示 町長の部屋 南木曽町の概要 公共施設 電話帳 財政 ふるさと納税 施策・計画 まちづくり 議会 統計 広報・広聴 リニア対策 各種委員会・協議会 入札・契約 各課の窓口 Language 背景色
12	木曽町	上水道について	https://www.town-kiso.com/kurashi/suido/100067/	上水道について - 木曽町公式サイト このサイトではJavascriptを使用しています。現在、JavaScriptが無効のため一部機能をご使用いただけません。 サイトマップ サイト内検索 白 黒 黄 背景の色 大 中 小 文字の大きさ 閉じる ホーム 暮らし 手続き 移住・住まい 各種補助金・支援金 水道・下水道 道路・交通 農林業 就職・労働 税金 届出・証明・住民の手続き 生活環境 健康･福祉 健康・医療 食育 福祉 子ども･教育 各種補助金・支援金 小中学校 妊娠・子育て 学童クラブ 子育て支援情報 認定こども園 事業者の方へ 各種補助金・支援金 企業支援・企業立地 入札・契約 お知らせ 町政情報 各種補助金・支援金 木曽町選挙管理委員会 木曽町の概要 木曽町例規集 公有財産の売却 採用情報 施策・計画 審議会・委員会 耐震診断 地域自治組織 財政運営 ふるさと納税 まちづくり 議会 広報・広聴 統計 情報公開・個人情報
12	木曽町	中学生期の学校環境	https://www.town-kiso.com/kodomo/shouchu/100347/	中学生期の学校環境 - 木曽町公式サイト このサイトではJavascriptを使用しています。現在、JavaScriptが無効のため一部機能をご使用いただけません。 サイトマップ サイト内検索 白 黒 黄 背景の色 大 中 小 文字の大きさ 閉じる ホーム 暮らし 手続き 移住・住まい 各種補助金・支援金 水道・下水道 道路・交通 農林業 就職・労働 税金 届出・証明・住民の手続き 生活環境 健康･福祉 健康・医療 食育 福祉 子ども･教育 各種補助金・支援金 小中学校 妊娠・子育て 学童クラブ 子育て支援情報 認定こども園 事業者の方へ 各種補助金・支援金 企業支援・企業立地 入札・契約 お知らせ 町政情報 各種補助金・支援金 木曽町選挙管理委員会 木曽町の概要 木曽町例規集 公有財産の売却 採用情報 施策・計画 審議会・委員会 耐震診断 地域自治組織 財政運営 ふるさと納税 まちづくり 議会 広報・広聴 統計 情報公開・個人
11	南木曽町	定住・住まい	https://www.town.nagiso.nagano.jp/category/2-9-1-0-0-0-0-0-0-0.html	から文字サイズを変更してください。文字サイズ変更以外にも，操作性向上の目的でJavaScript（アクティブスクリプト）を用いた機能を提供しています。可能であればJavaScript（アクティブスクリプト）を有効にしてください。 メニュー 閉じる トップページ くらし・手続き 表示 届出・証明 税金 保険・年金 道路・河川・建築 交通 ゴミ・環境 上下水道 補助金・助成金 給付金・支援金 申請書ダウンロード 移住・住まい 防災・防犯・安全 医療・健康・福祉 表示 緊急 医療・健康 高齢者福祉・介護 障がい者福祉 子育て・教育 表示 妊娠・出産・子育て 教育 歴史・文化 産業・しごと 表示 雇用・労働 産業振興 農林業支援 行政情報 表示 町長の部屋 南木曽町の概要 公共施設 電話帳 財政 ふるさと納税 施策・計画 まちづくり 議会 統計 広報・広聴 リニア対策 各種委員会・協議会 入札・契約 各課の窓口 Language 背景色
11	南木曽町	福祉・医療	https://www.town.nagiso.nagano.jp/category/2-9-3-0-0-0-0-0-0-0.html	から文字サイズを変更してください。文字サイズ変更以外にも，操作性向上の目的でJavaScript（アクティブスクリプト）を用いた機能を提供しています。可能であればJavaScript（アクティブスクリプト）を有効にしてください。 メニュー 閉じる トップページ くらし・手続き 表示 届出・証明 税金 保険・年金 道路・河川・建築 交通 ゴミ・環境 上下水道 補助金・助成金 給付金・支援金 申請書ダウンロード 移住・住まい 防災・防犯・安全 医療・健康・福祉 表示 緊急 医療・健康 高齢者福祉・介護 障がい者福祉 子育て・教育 表示 妊娠・出産・子育て 教育 歴史・文化 産業・しごと 表示 雇用・労働 産業振興 農林業支援 行政情報 表示 町長の部屋 南木曽町の概要 公共施設 電話帳 財政 ふるさと納税 施策・計画 まちづくり 議会 統計 広報・広聴 リニア対策 各種委員会・協議会 入札・契約 各課の窓口 Language 背景色
10	南木曽町	移住・住まい	https://www.town.nagiso.nagano.jp/category/2-11-0-0-0-0-0-0-0-0.html	から文字サイズを変更してください。文字サイズ変更以外にも，操作性向上の目的でJavaScript（アクティブスクリプト）を用いた機能を提供しています。可能であればJavaScript（アクティブスクリプト）を有効にしてください。 メニュー 閉じる トップページ くらし・手続き 表示 届出・証明 税金 保険・年金 道路・河川・建築 交通 ゴミ・環境 上下水道 補助金・助成金 給付金・支援金 申請書ダウンロード 移住・住まい 防災・防犯・安全 医療・健康・福祉 表示 緊急 医療・健康 高齢者福祉・介護 障がい者福祉 子育て・教育 表示 妊娠・出産・子育て 教育 歴史・文化 産業・しごと 表示 雇用・労働 産業振興 農林業支援 行政情報 表示 町長の部屋 南木曽町の概要 公共施設 電話帳 財政 ふるさと納税 施策・計画 まちづくり 議会 統計 広報・広聴 リニア対策 各種委員会・協議会 入札・契約 各課の窓口 Language 背景色
10	木曽町	健康・医療	https://www.town-kiso.com/fukushi/kenkou/	健康・医療 - 木曽町公式サイト このサイトではJavascriptを使用しています。現在、JavaScriptが無効のため一部機能をご使用いただけません。 サイトマップ サイト内検索 白 黒 黄 背景の色 大 中 小 文字の大きさ 閉じる ホーム 暮らし 手続き 移住・住まい 各種補助金・支援金 水道・下水道 道路・交通 農林業 就職・労働 税金 届出・証明・住民の手続き 生活環境 健康･福祉 健康・医療 食育 福祉 子ども･教育 各種補助金・支援金 小中学校 妊娠・子育て 学童クラブ 子育て支援情報 認定こども園 事業者の方へ 各種補助金・支援金 企業支援・企業立地 入札・契約 お知らせ 町政情報 各種補助金・支援金 木曽町選挙管理委員会 木曽町の概要 木曽町例規集 公有財産の売却 採用情報 施策・計画 審議会・委員会 耐震診断 地域自治組織 財政運営 ふるさと納税 まちづくり 議会 広報・広聴 統計 情報公開・個人情報保護
10	木曽町	福祉	https://www.town-kiso.com/fukushi/fukushi/	福祉 - 木曽町公式サイト このサイトではJavascriptを使用しています。現在、JavaScriptが無効のため一部機能をご使用いただけません。 サイトマップ サイト内検索 白 黒 黄 背景の色 大 中 小 文字の大きさ 閉じる ホーム 暮らし 手続き 移住・住まい 各種補助金・支援金 水道・下水道 道路・交通 農林業 就職・労働 税金 届出・証明・住民の手続き 生活環境 健康･福祉 健康・医療 食育 福祉 子ども･教育 各種補助金・支援金 小中学校 妊娠・子育て 学童クラブ 子育て支援情報 認定こども園 事業者の方へ 各種補助金・支援金 企業支援・企業立地 入札・契約 お知らせ 町政情報 各種補助金・支援金 木曽町選挙管理委員会 木曽町の概要 木曽町例規集 公有財産の売却 採用情報 施策・計画 審議会・委員会 耐震診断 地域自治組織 財政運営 ふるさと納税 まちづくり 議会 広報・広聴 統計 情報公開・個人情報保護 監査
10	木曽町	(no title)	https://www.town-kiso.com/gikai/	議会 - 木曽町公式サイト このサイトではJavascriptを使用しています。現在、JavaScriptが無効のため一部機能をご使用いただけません。 サイトマップ サイト内検索 白 黒 黄 背景の色 大 中 小 文字の大きさ 閉じる ホーム 暮らし 手続き 移住・住まい 各種補助金・支援金 水道・下水道 道路・交通 農林業 就職・労働 税金 届出・証明・住民の手続き 生活環境 健康･福祉 健康・医療 食育 福祉 子ども･教育 各種補助金・支援金 小中学校 妊娠・子育て 学童クラブ 子育て支援情報 認定こども園 事業者の方へ 各種補助金・支援金 企業支援・企業立地 入札・契約 お知らせ 町政情報 各種補助金・支援金 木曽町選挙管理委員会 木曽町の概要 木曽町例規集 公有財産の売却 採用情報 施策・計画 審議会・委員会 耐震診断 地域自治組織 財政運営 ふるさと納税 まちづくり 議会 広報・広聴 統計 情報公開・個人情報保護 監査
10	木曽町	防災・生活安全	https://www.town-kiso.com/bousai/	防災・生活安全 - 木曽町公式サイト このサイトではJavascriptを使用しています。現在、JavaScriptが無効のため一部機能をご使用いただけません。 サイトマップ サイト内検索 白 黒 黄 背景の色 大 中 小 文字の大きさ 閉じる ホーム 暮らし 手続き 移住・住まい 各種補助金・支援金 水道・下水道 道路・交通 農林業 就職・労働 税金 届出・証明・住民の手続き 生活環境 健康･福祉 健康・医療 食育 福祉 子ども･教育 各種補助金・支援金 小中学校 妊娠・子育て 学童クラブ 子育て支援情報 認定こども園 事業者の方へ 各種補助金・支援金 企業支援・企業立地 入札・契約 お知らせ 町政情報 各種補助金・支援金 木曽町選挙管理委員会 木曽町の概要 木曽町例規集 公有財産の売却 採用情報 施策・計画 審議会・委員会 耐震診断 地域自治組織 財政運営 ふるさと納税 まちづくり 議会 広報・広聴 統計 情報公開・個人情報
10	木曽町	施設一覧	https://www.town-kiso.com/facility/	施設一覧 - 木曽町公式サイト このサイトではJavascriptを使用しています。現在、JavaScriptが無効のため一部機能をご使用いただけません。 サイトマップ サイト内検索 白 黒 黄 背景の色 大 中 小 文字の大きさ 閉じる ホーム 暮らし 手続き 移住・住まい 各種補助金・支援金 水道・下水道 道路・交通 農林業 就職・労働 税金 届出・証明・住民の手続き 生活環境 健康･福祉 健康・医療 食育 福祉 子ども･教育 各種補助金・支援金 小中学校 妊娠・子育て 学童クラブ 子育て支援情報 認定こども園 事業者の方へ 各種補助金・支援金 企業支援・企業立地 入札・契約 お知らせ 町政情報 各種補助金・支援金 木曽町選挙管理委員会 木曽町の概要 木曽町例規集 公有財産の売却 採用情報 施策・計画 審議会・委員会 耐震診断 地域自治組織 財政運営 ふるさと納税 まちづくり 議会 広報・広聴 統計 情報公開・個人情報保護
10	木曽町	町へのお問い合わせ	https://www.town-kiso.com/inquiry/	町へのお問い合わせ - 木曽町公式サイト このサイトではJavascriptを使用しています。現在、JavaScriptが無効のため一部機能をご使用いただけません。 サイトマップ サイト内検索 白 黒 黄 背景の色 大 中 小 文字の大きさ 閉じる ホーム 暮らし 手続き 移住・住まい 各種補助金・支援金 水道・下水道 道路・交通 農林業 就職・労働 税金 届出・証明・住民の手続き 生活環境 健康･福祉 健康・医療 食育 福祉 子ども･教育 各種補助金・支援金 小中学校 妊娠・子育て 学童クラブ 子育て支援情報 認定こども園 事業者の方へ 各種補助金・支援金 企業支援・企業立地 入札・契約 お知らせ 町政情報 各種補助金・支援金 木曽町選挙管理委員会 木曽町の概要 木曽町例規集 公有財産の売却 採用情報 施策・計画 審議会・委員会 耐震診断 地域自治組織 財政運営 ふるさと納税 まちづくり 議会 広報・広聴 統計 情報公開・個人
10	木曽町	相談	https://www.town-kiso.com/fukushi/kenkou/100278/	相談 - 木曽町公式サイト このサイトではJavascriptを使用しています。現在、JavaScriptが無効のため一部機能をご使用いただけません。 サイトマップ サイト内検索 白 黒 黄 背景の色 大 中 小 文字の大きさ 閉じる ホーム 暮らし 手続き 移住・住まい 各種補助金・支援金 水道・下水道 道路・交通 農林業 就職・労働 税金 届出・証明・住民の手続き 生活環境 健康･福祉 健康・医療 食育 福祉 子ども･教育 各種補助金・支援金 小中学校 妊娠・子育て 学童クラブ 子育て支援情報 認定こども園 事業者の方へ 各種補助金・支援金 企業支援・企業立地 入札・契約 お知らせ 町政情報 各種補助金・支援金 木曽町選挙管理委員会 木曽町の概要 木曽町例規集 公有財産の売却 採用情報 施策・計画 審議会・委員会 耐震診断 地域自治組織 財政運営 ふるさと納税 まちづくり 議会 広報・広聴 統計 情報公開・個人情報保護 監査
10	木曽町	各種検診	https://www.town-kiso.com/fukushi/kenkou/100097/	各種検診 - 木曽町公式サイト このサイトではJavascriptを使用しています。現在、JavaScriptが無効のため一部機能をご使用いただけません。 サイトマップ サイト内検索 白 黒 黄 背景の色 大 中 小 文字の大きさ 閉じる ホーム 暮らし 手続き 移住・住まい 各種補助金・支援金 水道・下水道 道路・交通 農林業 就職・労働 税金 届出・証明・住民の手続き 生活環境 健康･福祉 健康・医療 食育 福祉 子ども･教育 各種補助金・支援金 小中学校 妊娠・子育て 学童クラブ 子育て支援情報 認定こども園 事業者の方へ 各種補助金・支援金 企業支援・企業立地 入札・契約 お知らせ 町政情報 各種補助金・支援金 木曽町選挙管理委員会 木曽町の概要 木曽町例規集 公有財産の売却 採用情報 施策・計画 審議会・委員会 耐震診断 地域自治組織 財政運営 ふるさと納税 まちづくり 議会 広報・広聴 統計 情報公開・個人情報保護
10	木曽町	健康づくり	https://www.town-kiso.com/fukushi/kenkou/100098/	健康づくり - 木曽町公式サイト このサイトではJavascriptを使用しています。現在、JavaScriptが無効のため一部機能をご使用いただけません。 サイトマップ サイト内検索 白 黒 黄 背景の色 大 中 小 文字の大きさ 閉じる ホーム 暮らし 手続き 移住・住まい 各種補助金・支援金 水道・下水道 道路・交通 農林業 就職・労働 税金 届出・証明・住民の手続き 生活環境 健康･福祉 健康・医療 食育 福祉 子ども･教育 各種補助金・支援金 小中学校 妊娠・子育て 学童クラブ 子育て支援情報 認定こども園 事業者の方へ 各種補助金・支援金 企業支援・企業立地 入札・契約 お知らせ 町政情報 各種補助金・支援金 木曽町選挙管理委員会 木曽町の概要 木曽町例規集 公有財産の売却 採用情報 施策・計画 審議会・委員会 耐震診断 地域自治組織 財政運営 ふるさと納税 まちづくり 議会 広報・広聴 統計 情報公開・個人情報保護
10	木曽町	予防接種	https://www.town-kiso.com/fukushi/kenkou/100096/	予防接種 - 木曽町公式サイト このサイトではJavascriptを使用しています。現在、JavaScriptが無効のため一部機能をご使用いただけません。 サイトマップ サイト内検索 白 黒 黄 背景の色 大 中 小 文字の大きさ 閉じる ホーム 暮らし 手続き 移住・住まい 各種補助金・支援金 水道・下水道 道路・交通 農林業 就職・労働 税金 届出・証明・住民の手続き 生活環境 健康･福祉 健康・医療 食育 福祉 子ども･教育 各種補助金・支援金 小中学校 妊娠・子育て 学童クラブ 子育て支援情報 認定こども園 事業者の方へ 各種補助金・支援金 企業支援・企業立地 入札・契約 お知らせ 町政情報 各種補助金・支援金 木曽町選挙管理委員会 木曽町の概要 木曽町例規集 公有財産の売却 採用情報 施策・計画 審議会・委員会 耐震診断 地域自治組織 財政運営 ふるさと納税 まちづくり 議会 広報・広聴 統計 情報公開・個人情報保護
10	木曽町	補導員	https://www.town-kiso.com/fukushi/kenkou/100308/	補導員 - 木曽町公式サイト このサイトではJavascriptを使用しています。現在、JavaScriptが無効のため一部機能をご使用いただけません。 サイトマップ サイト内検索 白 黒 黄 背景の色 大 中 小 文字の大きさ 閉じる ホーム 暮らし 手続き 移住・住まい 各種補助金・支援金 水道・下水道 道路・交通 農林業 就職・労働 税金 届出・証明・住民の手続き 生活環境 健康･福祉 健康・医療 食育 福祉 子ども･教育 各種補助金・支援金 小中学校 妊娠・子育て 学童クラブ 子育て支援情報 認定こども園 事業者の方へ 各種補助金・支援金 企業支援・企業立地 入札・契約 お知らせ 町政情報 各種補助金・支援金 木曽町選挙管理委員会 木曽町の概要 木曽町例規集 公有財産の売却 採用情報 施策・計画 審議会・委員会 耐震診断 地域自治組織 財政運営 ふるさと納税 まちづくり 議会 広報・広聴 統計 情報公開・個人情報保護 監
10	木曽町	診療所・当番医・郡内医療情報	https://www.town-kiso.com/fukushi/kenkou/100099/	診療所・当番医・郡内医療情報 - 木曽町公式サイト このサイトではJavascriptを使用しています。現在、JavaScriptが無効のため一部機能をご使用いただけません。 サイトマップ サイト内検索 白 黒 黄 背景の色 大 中 小 文字の大きさ 閉じる ホーム 暮らし 手続き 移住・住まい 各種補助金・支援金 水道・下水道 道路・交通 農林業 就職・労働 税金 届出・証明・住民の手続き 生活環境 健康･福祉 健康・医療 食育 福祉 子ども･教育 各種補助金・支援金 小中学校 妊娠・子育て 学童クラブ 子育て支援情報 認定こども園 事業者の方へ 各種補助金・支援金 企業支援・企業立地 入札・契約 お知らせ 町政情報 各種補助金・支援金 木曽町選挙管理委員会 木曽町の概要 木曽町例規集 公有財産の売却 採用情報 施策・計画 審議会・委員会 耐震診断 地域自治組織 財政運営 ふるさと納税 まちづくり 議会 広報・広聴 統計 情報
10	木曽町	食育情報	https://www.town-kiso.com/fukushi/shokuiku/100356/	食育情報 - 木曽町公式サイト このサイトではJavascriptを使用しています。現在、JavaScriptが無効のため一部機能をご使用いただけません。 サイトマップ サイト内検索 白 黒 黄 背景の色 大 中 小 文字の大きさ 閉じる ホーム 暮らし 手続き 移住・住まい 各種補助金・支援金 水道・下水道 道路・交通 農林業 就職・労働 税金 届出・証明・住民の手続き 生活環境 健康･福祉 健康・医療 食育 福祉 子ども･教育 各種補助金・支援金 小中学校 妊娠・子育て 学童クラブ 子育て支援情報 認定こども園 事業者の方へ 各種補助金・支援金 企業支援・企業立地 入札・契約 お知らせ 町政情報 各種補助金・支援金 木曽町選挙管理委員会 木曽町の概要 木曽町例規集 公有財産の売却 採用情報 施策・計画 審議会・委員会 耐震診断 地域自治組織 財政運営 ふるさと納税 まちづくり 議会 広報・広聴 統計 情報公開・個人情報保護
10	木曽町	食育イベント	https://www.town-kiso.com/fukushi/shokuiku/100343/	食育イベント - 木曽町公式サイト このサイトではJavascriptを使用しています。現在、JavaScriptが無効のため一部機能をご使用いただけません。 サイトマップ サイト内検索 白 黒 黄 背景の色 大 中 小 文字の大きさ 閉じる ホーム 暮らし 手続き 移住・住まい 各種補助金・支援金 水道・下水道 道路・交通 農林業 就職・労働 税金 届出・証明・住民の手続き 生活環境 健康･福祉 健康・医療 食育 福祉 子ども･教育 各種補助金・支援金 小中学校 妊娠・子育て 学童クラブ 子育て支援情報 認定こども園 事業者の方へ 各種補助金・支援金 企業支援・企業立地 入札・契約 お知らせ 町政情報 各種補助金・支援金 木曽町選挙管理委員会 木曽町の概要 木曽町例規集 公有財産の売却 採用情報 施策・計画 審議会・委員会 耐震診断 地域自治組織 財政運営 ふるさと納税 まちづくり 議会 広報・広聴 統計 情報公開・個人情報保
10	木曽町	食育連携	https://www.town-kiso.com/fukushi/shokuiku/100346/	食育連携 - 木曽町公式サイト このサイトではJavascriptを使用しています。現在、JavaScriptが無効のため一部機能をご使用いただけません。 サイトマップ サイト内検索 白 黒 黄 背景の色 大 中 小 文字の大きさ 閉じる ホーム 暮らし 手続き 移住・住まい 各種補助金・支援金 水道・下水道 道路・交通 農林業 就職・労働 税金 届出・証明・住民の手続き 生活環境 健康･福祉 健康・医療 食育 福祉 子ども･教育 各種補助金・支援金 小中学校 妊娠・子育て 学童クラブ 子育て支援情報 認定こども園 事業者の方へ 各種補助金・支援金 企業支援・企業立地 入札・契約 お知らせ 町政情報 各種補助金・支援金 木曽町選挙管理委員会 木曽町の概要 木曽町例規集 公有財産の売却 採用情報 施策・計画 審議会・委員会 耐震診断 地域自治組織 財政運営 ふるさと納税 まちづくり 議会 広報・広聴 統計 情報公開・個人情報保護
10	木曽町	高齢者福祉	https://www.town-kiso.com/fukushi/fukushi/100107/	高齢者福祉 - 木曽町公式サイト このサイトではJavascriptを使用しています。現在、JavaScriptが無効のため一部機能をご使用いただけません。 サイトマップ サイト内検索 白 黒 黄 背景の色 大 中 小 文字の大きさ 閉じる ホーム 暮らし 手続き 移住・住まい 各種補助金・支援金 水道・下水道 道路・交通 農林業 就職・労働 税金 届出・証明・住民の手続き 生活環境 健康･福祉 健康・医療 食育 福祉 子ども･教育 各種補助金・支援金 小中学校 妊娠・子育て 学童クラブ 子育て支援情報 認定こども園 事業者の方へ 各種補助金・支援金 企業支援・企業立地 入札・契約 お知らせ 町政情報 各種補助金・支援金 木曽町選挙管理委員会 木曽町の概要 木曽町例規集 公有財産の売却 採用情報 施策・計画 審議会・委員会 耐震診断 地域自治組織 財政運営 ふるさと納税 まちづくり 議会 広報・広聴 統計 情報公開・個人情報保護
10	木曽町	在宅介護支援	https://www.town-kiso.com/fukushi/fukushi/100106/	在宅介護支援 - 木曽町公式サイト このサイトではJavascriptを使用しています。現在、JavaScriptが無効のため一部機能をご使用いただけません。 サイトマップ サイト内検索 白 黒 黄 背景の色 大 中 小 文字の大きさ 閉じる ホーム 暮らし 手続き 移住・住まい 各種補助金・支援金 水道・下水道 道路・交通 農林業 就職・労働 税金 届出・証明・住民の手続き 生活環境 健康･福祉 健康・医療 食育 福祉 子ども･教育 各種補助金・支援金 小中学校 妊娠・子育て 学童クラブ 子育て支援情報 認定こども園 事業者の方へ 各種補助金・支援金 企業支援・企業立地 入札・契約 お知らせ 町政情報 各種補助金・支援金 木曽町選挙管理委員会 木曽町の概要 木曽町例規集 公有財産の売却 採用情報 施策・計画 審議会・委員会 耐震診断 地域自治組織 財政運営 ふるさと納税 まちづくり 議会 広報・広聴 統計 情報公開・個人情報保
10	木曽町	介護予防・日常生活支援	https://www.town-kiso.com/fukushi/fukushi/100105/	介護予防・日常生活支援 - 木曽町公式サイト このサイトではJavascriptを使用しています。現在、JavaScriptが無効のため一部機能をご使用いただけません。 サイトマップ サイト内検索 白 黒 黄 背景の色 大 中 小 文字の大きさ 閉じる ホーム 暮らし 手続き 移住・住まい 各種補助金・支援金 水道・下水道 道路・交通 農林業 就職・労働 税金 届出・証明・住民の手続き 生活環境 健康･福祉 健康・医療 食育 福祉 子ども･教育 各種補助金・支援金 小中学校 妊娠・子育て 学童クラブ 子育て支援情報 認定こども園 事業者の方へ 各種補助金・支援金 企業支援・企業立地 入札・契約 お知らせ 町政情報 各種補助金・支援金 木曽町選挙管理委員会 木曽町の概要 木曽町例規集 公有財産の売却 採用情報 施策・計画 審議会・委員会 耐震診断 地域自治組織 財政運営 ふるさと納税 まちづくり 議会 広報・広聴 統計 情報公開・
10	木曽町	木曽町地域包括支援センター	https://www.town-kiso.com/fukushi/fukushi/100104/	木曽町地域包括支援センター - 木曽町公式サイト このサイトではJavascriptを使用しています。現在、JavaScriptが無効のため一部機能をご使用いただけません。 サイトマップ サイト内検索 白 黒 黄 背景の色 大 中 小 文字の大きさ 閉じる ホーム 暮らし 手続き 移住・住まい 各種補助金・支援金 水道・下水道 道路・交通 農林業 就職・労働 税金 届出・証明・住民の手続き 生活環境 健康･福祉 健康・医療 食育 福祉 子ども･教育 各種補助金・支援金 小中学校 妊娠・子育て 学童クラブ 子育て支援情報 認定こども園 事業者の方へ 各種補助金・支援金 企業支援・企業立地 入札・契約 お知らせ 町政情報 各種補助金・支援金 木曽町選挙管理委員会 木曽町の概要 木曽町例規集 公有財産の売却 採用情報 施策・計画 審議会・委員会 耐震診断 地域自治組織 財政運営 ふるさと納税 まちづくり 議会 広報・広聴 統計 情報公
10	木曽町	介護保険	https://www.town-kiso.com/fukushi/fukushi/kaigo/	介護保険 - 木曽町公式サイト このサイトではJavascriptを使用しています。現在、JavaScriptが無効のため一部機能をご使用いただけません。 サイトマップ サイト内検索 白 黒 黄 背景の色 大 中 小 文字の大きさ 閉じる ホーム 暮らし 手続き 移住・住まい 各種補助金・支援金 水道・下水道 道路・交通 農林業 就職・労働 税金 届出・証明・住民の手続き 生活環境 健康･福祉 健康・医療 食育 福祉 子ども･教育 各種補助金・支援金 小中学校 妊娠・子育て 学童クラブ 子育て支援情報 認定こども園 事業者の方へ 各種補助金・支援金 企業支援・企業立地 入札・契約 お知らせ 町政情報 各種補助金・支援金 木曽町選挙管理委員会 木曽町の概要 木曽町例規集 公有財産の売却 採用情報 施策・計画 審議会・委員会 耐震診断 地域自治組織 財政運営 ふるさと納税 まちづくり 議会 広報・広聴 統計 情報公開・個人情報保護
10	木曽町	その他福祉	https://www.town-kiso.com/fukushi/fukushi/100348/	その他福祉 - 木曽町公式サイト このサイトではJavascriptを使用しています。現在、JavaScriptが無効のため一部機能をご使用いただけません。 サイトマップ サイト内検索 白 黒 黄 背景の色 大 中 小 文字の大きさ 閉じる ホーム 暮らし 手続き 移住・住まい 各種補助金・支援金 水道・下水道 道路・交通 農林業 就職・労働 税金 届出・証明・住民の手続き 生活環境 健康･福祉 健康・医療 食育 福祉 子ども･教育 各種補助金・支援金 小中学校 妊娠・子育て 学童クラブ 子育て支援情報 認定こども園 事業者の方へ 各種補助金・支援金 企業支援・企業立地 入札・契約 お知らせ 町政情報 各種補助金・支援金 木曽町選挙管理委員会 木曽町の概要 木曽町例規集 公有財産の売却 採用情報 施策・計画 審議会・委員会 耐震診断 地域自治組織 財政運営 ふるさと納税 まちづくり 議会 広報・広聴 統計 情報公開・個人情報保護
10	木曽町	入学・転校手続き	https://www.town-kiso.com/kodomo/shouchu/100123/	入学・転校手続き - 木曽町公式サイト このサイトではJavascriptを使用しています。現在、JavaScriptが無効のため一部機能をご使用いただけません。 サイトマップ サイト内検索 白 黒 黄 背景の色 大 中 小 文字の大きさ 閉じる ホーム 暮らし 手続き 移住・住まい 各種補助金・支援金 水道・下水道 道路・交通 農林業 就職・労働 税金 届出・証明・住民の手続き 生活環境 健康･福祉 健康・医療 食育 福祉 子ども･教育 各種補助金・支援金 小中学校 妊娠・子育て 学童クラブ 子育て支援情報 認定こども園 事業者の方へ 各種補助金・支援金 企業支援・企業立地 入札・契約 お知らせ 町政情報 各種補助金・支援金 木曽町選挙管理委員会 木曽町の概要 木曽町例規集 公有財産の売却 採用情報 施策・計画 審議会・委員会 耐震診断 地域自治組織 財政運営 ふるさと納税 まちづくり 議会 広報・広聴 統計 情報公開・個人情
10	木曽町	小中学校のお知らせ	https://www.town-kiso.com/kodomo/shouchu/100122/	小中学校のお知らせ - 木曽町公式サイト このサイトではJavascriptを使用しています。現在、JavaScriptが無効のため一部機能をご使用いただけません。 サイトマップ サイト内検索 白 黒 黄 背景の色 大 中 小 文字の大きさ 閉じる ホーム 暮らし 手続き 移住・住まい 各種補助金・支援金 水道・下水道 道路・交通 農林業 就職・労働 税金 届出・証明・住民の手続き 生活環境 健康･福祉 健康・医療 食育 福祉 子ども･教育 各種補助金・支援金 小中学校 妊娠・子育て 学童クラブ 子育て支援情報 認定こども園 事業者の方へ 各種補助金・支援金 企業支援・企業立地 入札・契約 お知らせ 町政情報 各種補助金・支援金 木曽町選挙管理委員会 木曽町の概要 木曽町例規集 公有財産の売却 採用情報 施策・計画 審議会・委員会 耐震診断 地域自治組織 財政運営 ふるさと納税 まちづくり 議会 広報・広聴 統計 情報公開・個人
10	木曽町	学校一覧	https://www.town-kiso.com/kodomo/shouchu/100121/	学校一覧 - 木曽町公式サイト このサイトではJavascriptを使用しています。現在、JavaScriptが無効のため一部機能をご使用いただけません。 サイトマップ サイト内検索 白 黒 黄 背景の色 大 中 小 文字の大きさ 閉じる ホーム 暮らし 手続き 移住・住まい 各種補助金・支援金 水道・下水道 道路・交通 農林業 就職・労働 税金 届出・証明・住民の手続き 生活環境 健康･福祉 健康・医療 食育 福祉 子ども･教育 各種補助金・支援金 小中学校 妊娠・子育て 学童クラブ 子育て支援情報 認定こども園 事業者の方へ 各種補助金・支援金 企業支援・企業立地 入札・契約 お知らせ 町政情報 各種補助金・支援金 木曽町選挙管理委員会 木曽町の概要 木曽町例規集 公有財産の売却 採用情報 施策・計画 審議会・委員会 耐震診断 地域自治組織 財政運営 ふるさと納税 まちづくり 議会 広報・広聴 統計 情報公開・個人情報保護
10	木曽町	中学校統合について	https://www.town-kiso.com/kodomo/shouchu/100286/	中学校統合について - 木曽町公式サイト このサイトではJavascriptを使用しています。現在、JavaScriptが無効のため一部機能をご使用いただけません。 サイトマップ サイト内検索 白 黒 黄 背景の色 大 中 小 文字の大きさ 閉じる ホーム 暮らし 手続き 移住・住まい 各種補助金・支援金 水道・下水道 道路・交通 農林業 就職・労働 税金 届出・証明・住民の手続き 生活環境 健康･福祉 健康・医療 食育 福祉 子ども･教育 各種補助金・支援金 小中学校 妊娠・子育て 学童クラブ 子育て支援情報 認定こども園 事業者の方へ 各種補助金・支援金 企業支援・企業立地 入札・契約 お知らせ 町政情報 各種補助金・支援金 木曽町選挙管理委員会 木曽町の概要 木曽町例規集 公有財産の売却 採用情報 施策・計画 審議会・委員会 耐震診断 地域自治組織 財政運営 ふるさと納税 まちづくり 議会 広報・広聴 統計 情報公開・個人
10	木曽町	通学路 緊急合同点検結果	https://www.town-kiso.com/kodomo/shouchu/100120/	通学路 緊急合同点検結果 - 木曽町公式サイト このサイトではJavascriptを使用しています。現在、JavaScriptが無効のため一部機能をご使用いただけません。 サイトマップ サイト内検索 白 黒 黄 背景の色 大 中 小 文字の大きさ 閉じる ホーム 暮らし 手続き 移住・住まい 各種補助金・支援金 水道・下水道 道路・交通 農林業 就職・労働 税金 届出・証明・住民の手続き 生活環境 健康･福祉 健康・医療 食育 福祉 子ども･教育 各種補助金・支援金 小中学校 妊娠・子育て 学童クラブ 子育て支援情報 認定こども園 事業者の方へ 各種補助金・支援金 企業支援・企業立地 入札・契約 お知らせ 町政情報 各種補助金・支援金 木曽町選挙管理委員会 木曽町の概要 木曽町例規集 公有財産の売却 採用情報 施策・計画 審議会・委員会 耐震診断 地域自治組織 財政運営 ふるさと納税 まちづくり 議会 広報・広聴 統計 情報公開
10	木曽町	いじめ対策防止基本方針	https://www.town-kiso.com/kodomo/shouchu/100274/	いじめ対策防止基本方針 - 木曽町公式サイト このサイトではJavascriptを使用しています。現在、JavaScriptが無効のため一部機能をご使用いただけません。 サイトマップ サイト内検索 白 黒 黄 背景の色 大 中 小 文字の大きさ 閉じる ホーム 暮らし 手続き 移住・住まい 各種補助金・支援金 水道・下水道 道路・交通 農林業 就職・労働 税金 届出・証明・住民の手続き 生活環境 健康･福祉 健康・医療 食育 福祉 子ども･教育 各種補助金・支援金 小中学校 妊娠・子育て 学童クラブ 子育て支援情報 認定こども園 事業者の方へ 各種補助金・支援金 企業支援・企業立地 入札・契約 お知らせ 町政情報 各種補助金・支援金 木曽町選挙管理委員会 木曽町の概要 木曽町例規集 公有財産の売却 採用情報 施策・計画 審議会・委員会 耐震診断 地域自治組織 財政運営 ふるさと納税 まちづくり 議会 広報・広聴 統計 情報公開・
10	木曽町	GIGAスクール運用について	https://www.town-kiso.com/kodomo/shouchu/100416/	GIGAスクール運用について - 木曽町公式サイト このサイトではJavascriptを使用しています。現在、JavaScriptが無効のため一部機能をご使用いただけません。 サイトマップ サイト内検索 白 黒 黄 背景の色 大 中 小 文字の大きさ 閉じる ホーム 暮らし 手続き 移住・住まい 各種補助金・支援金 水道・下水道 道路・交通 農林業 就職・労働 税金 届出・証明・住民の手続き 生活環境 健康･福祉 健康・医療 食育 福祉 子ども･教育 各種補助金・支援金 小中学校 妊娠・子育て 学童クラブ 子育て支援情報 認定こども園 事業者の方へ 各種補助金・支援金 企業支援・企業立地 入札・契約 お知らせ 町政情報 各種補助金・支援金 木曽町選挙管理委員会 木曽町の概要 木曽町例規集 公有財産の売却 採用情報 施策・計画 審議会・委員会 耐震診断 地域自治組織 財政運営 ふるさと納税 まちづくり 議会 広報・広聴 統計 情報
9	南木曽町	(no title)	https://www.town.nagiso.nagano.jp/category/7-0-0-0-0-0-0-0-0-0.html	から文字サイズを変更してください。文字サイズ変更以外にも，操作性向上の目的でJavaScript（アクティブスクリプト）を用いた機能を提供しています。可能であればJavaScript（アクティブスクリプト）を有効にしてください。 メニュー 閉じる トップページ くらし・手続き 表示 届出・証明 税金 保険・年金 道路・河川・建築 交通 ゴミ・環境 上下水道 補助金・助成金 給付金・支援金 申請書ダウンロード 移住・住まい 防災・防犯・安全 医療・健康・福祉 表示 緊急 医療・健康 高齢者福祉・介護 障がい者福祉 子育て・教育 表示 妊娠・出産・子育て 教育 歴史・文化 産業・しごと 表示 雇用・労働 産業振興 農林業支援 行政情報 表示 町長の部屋 南木曽町の概要 公共施設 電話帳 財政 ふるさと納税 施策・計画 まちづくり 議会 統計 広報・広聴 リニア対策 各種委員会・協議会 入札・契約 各課の窓口 Language 背景色
8	南木曽町	上下水道	https://www.town.nagiso.nagano.jp/category/2-7-0-0-0-0-0-0-0-0.html	から文字サイズを変更してください。文字サイズ変更以外にも，操作性向上の目的でJavaScript（アクティブスクリプト）を用いた機能を提供しています。可能であればJavaScript（アクティブスクリプト）を有効にしてください。 メニュー 閉じる トップページ くらし・手続き 表示 届出・証明 税金 保険・年金 道路・河川・建築 交通 ゴミ・環境 上下水道 補助金・助成金 給付金・支援金 申請書ダウンロード 移住・住まい 防災・防犯・安全 医療・健康・福祉 表示 緊急 医療・健康 高齢者福祉・介護 障がい者福祉 子育て・教育 表示 妊娠・出産・子育て 教育 歴史・文化 産業・しごと 表示 雇用・労働 産業振興 農林業支援 行政情報 表示 町長の部屋 南木曽町の概要 公共施設 電話帳 財政 ふるさと納税 施策・計画 まちづくり 議会 統計 広報・広聴 リニア対策 各種委員会・協議会 入札・契約 各課の窓口 Language 背景色
8	木祖村	令和5年度	https://www.vill.kiso.nagano.jp/gyoseijoho/koho/koho_index-2.html	令和5年度 | 信州木祖村 このページの本文へ 木祖村 --> 木祖村 サイト内検索 検索 Translate 文字サイズ 標準 大 TOP 令和5年度 令和5年度 更新日： 2026年05月28日 広報きそ382号 （令和6年1月25日発行）（4,465.8kbyte） 主な内容 P02～P03 新年のご挨拶 P04～P05 地球温暖化の防止に取組もう ～木祖村の雪を未来へ～ P06 第3回ウォーキングラリー大賞結果発表 P07 令和6年木祖村消防団出初式 P08 『木祖小、中学校あり方検討会』委員募集 P09 村の奨学資金制度・利子補給金制度のご案内 P10 デマンドタクシーの利用方法について／有害鳥獣対策協議会の複合柵設置 P11 源流のもりクラブニュース P12～P16 税の窓口 P17 伊藤一生の恋愛コラム P18 保健室だより P19 観光協会だより P20～P21 木祖村地域おこし協力隊員の4人から皆さんへのお便り
8	大桑村	妊産婦健診助成制度	https://www.vill.okuwa.lg.jp/kosodate-kyoiku/ninshin-shussan/ninsanfukenshin.html	妊産婦健診助成制度 | 大桑村公式サイト サイト内検索 防災情報 Translate 文字サイズ： 標準 大 トップ 子育て・教育 妊娠・出産 妊産婦健診助成制度 妊産婦健診助成制度 更新日：2022年07月19日 妊婦健診助成制度 妊娠期間中は、お母さんとお子さんの健康状態を把握するため下記の健診が必要です。 妊娠23週までは4週間に1回 妊娠35週までは2週間に1回 妊娠36週から1週間に1回 母子手帳交付時に14枚の受診票をお渡しします。健診時に医療機関へ提出してください。 大桑村に住所があり、里帰り出産を希望する人や妊娠中に大桑村へ転入した人はこども家庭センター（子育て支援センター） へご相談ください。 妊婦健診自己負担分助成事業 妊婦健診時に、受診票による健診のほかに、自己負担による健診料が生じることがあります。 大桑村では妊婦健診時に発生した自己負担分を助成します。 申請方法 申請手続については、母子手帳交付時に説明
7	南木曽町	防災・防犯・安全	https://www.town.nagiso.nagano.jp/category/2-13-0-0-0-0-0-0-0-0.html	から文字サイズを変更してください。文字サイズ変更以外にも，操作性向上の目的でJavaScript（アクティブスクリプト）を用いた機能を提供しています。可能であればJavaScript（アクティブスクリプト）を有効にしてください。 メニュー 閉じる トップページ くらし・手続き 表示 届出・証明 税金 保険・年金 道路・河川・建築 交通 ゴミ・環境 上下水道 補助金・助成金 給付金・支援金 申請書ダウンロード 移住・住まい 防災・防犯・安全 医療・健康・福祉 表示 緊急 医療・健康 高齢者福祉・介護 障がい者福祉 子育て・教育 表示 妊娠・出産・子育て 教育 歴史・文化 産業・しごと 表示 雇用・労働 産業振興 農林業支援 行政情報 表示 町長の部屋 南木曽町の概要 公共施設 電話帳 財政 ふるさと納税 施策・計画 まちづくり 議会 統計 広報・広聴 リニア対策 各種委員会・協議会 入札・契約 各課の窓口 Language 背景色
7	南木曽町	国民健康保険	https://www.town.nagiso.nagano.jp/category/2-3-1-0-0-0-0-0-0-0.html	から文字サイズを変更してください。文字サイズ変更以外にも，操作性向上の目的でJavaScript（アクティブスクリプト）を用いた機能を提供しています。可能であればJavaScript（アクティブスクリプト）を有効にしてください。 メニュー 閉じる トップページ くらし・手続き 表示 届出・証明 税金 保険・年金 道路・河川・建築 交通 ゴミ・環境 上下水道 補助金・助成金 給付金・支援金 申請書ダウンロード 移住・住まい 防災・防犯・安全 医療・健康・福祉 表示 緊急 医療・健康 高齢者福祉・介護 障がい者福祉 子育て・教育 表示 妊娠・出産・子育て 教育 歴史・文化 産業・しごと 表示 雇用・労働 産業振興 農林業支援 行政情報 表示 町長の部屋 南木曽町の概要 公共施設 電話帳 財政 ふるさと納税 施策・計画 まちづくり 議会 統計 広報・広聴 リニア対策 各種委員会・協議会 入札・契約 各課の窓口 Language 背景色
7	南木曽町	ゴミ	https://www.town.nagiso.nagano.jp/category/2-6-1-0-0-0-0-0-0-0.html	から文字サイズを変更してください。文字サイズ変更以外にも，操作性向上の目的でJavaScript（アクティブスクリプト）を用いた機能を提供しています。可能であればJavaScript（アクティブスクリプト）を有効にしてください。 メニュー 閉じる トップページ くらし・手続き 表示 届出・証明 税金 保険・年金 道路・河川・建築 交通 ゴミ・環境 上下水道 補助金・助成金 給付金・支援金 申請書ダウンロード 移住・住まい 防災・防犯・安全 医療・健康・福祉 表示 緊急 医療・健康 高齢者福祉・介護 障がい者福祉 子育て・教育 表示 妊娠・出産・子育て 教育 歴史・文化 産業・しごと 表示 雇用・労働 産業振興 農林業支援 行政情報 表示 町長の部屋 南木曽町の概要 公共施設 電話帳 財政 ふるさと納税 施策・計画 まちづくり 議会 統計 広報・広聴 リニア対策 各種委員会・協議会 入札・契約 各課の窓口 Language 背景色
7	南木曽町	町営住宅	https://www.town.nagiso.nagano.jp/category/2-11-1-0-0-0-0-0-0-0.html	から文字サイズを変更してください。文字サイズ変更以外にも，操作性向上の目的でJavaScript（アクティブスクリプト）を用いた機能を提供しています。可能であればJavaScript（アクティブスクリプト）を有効にしてください。 メニュー 閉じる トップページ くらし・手続き 表示 届出・証明 税金 保険・年金 道路・河川・建築 交通 ゴミ・環境 上下水道 補助金・助成金 給付金・支援金 申請書ダウンロード 移住・住まい 防災・防犯・安全 医療・健康・福祉 表示 緊急 医療・健康 高齢者福祉・介護 障がい者福祉 子育て・教育 表示 妊娠・出産・子育て 教育 歴史・文化 産業・しごと 表示 雇用・労働 産業振興 農林業支援 行政情報 表示 町長の部屋 南木曽町の概要 公共施設 電話帳 財政 ふるさと納税 施策・計画 まちづくり 議会 統計 広報・広聴 リニア対策 各種委員会・協議会 入札・契約 各課の窓口 Language 背景色
7	南木曽町	結婚	https://www.town.nagiso.nagano.jp/category/2-1-1-1-0-0-0-0-0-0.html	から文字サイズを変更してください。文字サイズ変更以外にも，操作性向上の目的でJavaScript（アクティブスクリプト）を用いた機能を提供しています。可能であればJavaScript（アクティブスクリプト）を有効にしてください。 メニュー 閉じる トップページ くらし・手続き 表示 届出・証明 税金 保険・年金 道路・河川・建築 交通 ゴミ・環境 上下水道 補助金・助成金 給付金・支援金 申請書ダウンロード 移住・住まい 防災・防犯・安全 医療・健康・福祉 表示 緊急 医療・健康 高齢者福祉・介護 障がい者福祉 子育て・教育 表示 妊娠・出産・子育て 教育 歴史・文化 産業・しごと 表示 雇用・労働 産業振興 農林業支援 行政情報 表示 町長の部屋 南木曽町の概要 公共施設 電話帳 財政 ふるさと納税 施策・計画 まちづくり 議会 統計 広報・広聴 リニア対策 各種委員会・協議会 入札・契約 各課の窓口 Language 背景色
7	大桑村	もぐもぐリサーチ	https://www.vill.okuwa.lg.jp/event/2026/20260802_mogumogu.html	／ 電話番号：0264-55-2321／ FAX番号：0264-55-4134 アンケート このページは役に立ちましたか？ とても役に立った 役に立った 普通 わかりづらい 役に立たなかった このページについての要望等を入力して送信ボタンを押してください。 できごとから探す 結婚・離婚 子育て・学習 就職・転職 引っ越し 医療・福祉 高齢・介護 死亡・相続 申請書ダウンロード 便利帳 組織から探す 大桑村 〒399-5503 長野県木曽郡大桑村長野880番地1 電話番号：0264-55-3080 FAX番号：0264-55-4134 （法人番号1000020204307） 役場までのアクセス お問い合わせ このサイトについて 個人情報保護について サイトマップ リンク集 Copyright &copy; Okuwa Village All rights Reserved. ページの先頭へ戻る
7	大桑村	世界をひらく読書会	https://www.vill.okuwa.lg.jp/event/2026/20260808_event.html	／ 電話番号：0264-55-2321／ FAX番号：0264-55-4134 アンケート このページは役に立ちましたか？ とても役に立った 役に立った 普通 わかりづらい 役に立たなかった このページについての要望等を入力して送信ボタンを押してください。 できごとから探す 結婚・離婚 子育て・学習 就職・転職 引っ越し 医療・福祉 高齢・介護 死亡・相続 申請書ダウンロード 便利帳 組織から探す 大桑村 〒399-5503 長野県木曽郡大桑村長野880番地1 電話番号：0264-55-3080 FAX番号：0264-55-4134 （法人番号1000020204307） 役場までのアクセス お問い合わせ このサイトについて 個人情報保護について サイトマップ リンク集 Copyright &copy; Okuwa Village All rights Reserved. ページの先頭へ戻る
6	南木曽町	税金	https://www.town.nagiso.nagano.jp/category/2-2-0-0-0-0-0-0-0-0.html	から文字サイズを変更してください。文字サイズ変更以外にも，操作性向上の目的でJavaScript（アクティブスクリプト）を用いた機能を提供しています。可能であればJavaScript（アクティブスクリプト）を有効にしてください。 メニュー 閉じる トップページ くらし・手続き 表示 届出・証明 税金 保険・年金 道路・河川・建築 交通 ゴミ・環境 上下水道 補助金・助成金 給付金・支援金 申請書ダウンロード 移住・住まい 防災・防犯・安全 医療・健康・福祉 表示 緊急 医療・健康 高齢者福祉・介護 障がい者福祉 子育て・教育 表示 妊娠・出産・子育て 教育 歴史・文化 産業・しごと 表示 雇用・労働 産業振興 農林業支援 行政情報 表示 町長の部屋 南木曽町の概要 公共施設 電話帳 財政 ふるさと納税 施策・計画 まちづくり 議会 統計 広報・広聴 リニア対策 各種委員会・協議会 入札・契約 各課の窓口 Language 背景色
6	南木曽町	建築・開発・土地	https://www.town.nagiso.nagano.jp/category/2-4-2-0-0-0-0-0-0-0.html	から文字サイズを変更してください。文字サイズ変更以外にも，操作性向上の目的でJavaScript（アクティブスクリプト）を用いた機能を提供しています。可能であればJavaScript（アクティブスクリプト）を有効にしてください。 メニュー 閉じる トップページ くらし・手続き 表示 届出・証明 税金 保険・年金 道路・河川・建築 交通 ゴミ・環境 上下水道 補助金・助成金 給付金・支援金 申請書ダウンロード 移住・住まい 防災・防犯・安全 医療・健康・福祉 表示 緊急 医療・健康 高齢者福祉・介護 障がい者福祉 子育て・教育 表示 妊娠・出産・子育て 教育 歴史・文化 産業・しごと 表示 雇用・労働 産業振興 農林業支援 行政情報 表示 町長の部屋 南木曽町の概要 公共施設 電話帳 財政 ふるさと納税 施策・計画 まちづくり 議会 統計 広報・広聴 リニア対策 各種委員会・協議会 入札・契約 各課の窓口 Language 背景色
6	南木曽町	上下水道	https://www.town.nagiso.nagano.jp/category/2-7-1-0-0-0-0-0-0-0.html	から文字サイズを変更してください。文字サイズ変更以外にも，操作性向上の目的でJavaScript（アクティブスクリプト）を用いた機能を提供しています。可能であればJavaScript（アクティブスクリプト）を有効にしてください。 メニュー 閉じる トップページ くらし・手続き 表示 届出・証明 税金 保険・年金 道路・河川・建築 交通 ゴミ・環境 上下水道 補助金・助成金 給付金・支援金 申請書ダウンロード 移住・住まい 防災・防犯・安全 医療・健康・福祉 表示 緊急 医療・健康 高齢者福祉・介護 障がい者福祉 子育て・教育 表示 妊娠・出産・子育て 教育 歴史・文化 産業・しごと 表示 雇用・労働 産業振興 農林業支援 行政情報 表示 町長の部屋 南木曽町の概要 公共施設 電話帳 財政 ふるさと納税 施策・計画 まちづくり 議会 統計 広報・広聴 リニア対策 各種委員会・協議会 入札・契約 各課の窓口 Language 背景色
6	木祖村	空き家情報R03-8	https://www.vill.kiso.nagano.jp/kurashi_joho/iju_teiju/akiyajyouhou_R03_4_2.html	空き家情報R03-8 | 信州木祖村 このページの本文へ 木祖村 --> 木祖村 サイト内検索 検索 Translate 文字サイズ 標準 大 TOP 空き家情報R03-8 空き家情報R03-8 更新日： 2026年03月18日 １．空き家情報 Ｒ０３－８ 分類 建物／土地 契約希望 売却 価格 ２３０万円（応相談） 物件所在地 木祖村大字薮原260-2 構造 木造２階建て 面積 建物 142.14m ２ 土地 170.14m ２ 補修の要否 多少の補修必要 補修費用負担 入居者負担 補修費用目安 ― 間取り １階 和室6畳、和室8畳、和室4.5畳 設備状況 電気 有 ガス 有 水道 有 トイレ 汲み取り 風呂 確認中 車庫 確認中 庭 無 建築年 昭和39年 その他特記事項 住宅、土地含め現状のままでの売却を希望 主要施設までの距離 役場 ０．５km 小学校 １．０km 中学校 １．０km 保育園 ３．５km 薮原駅 ０．３k
5	南木曽町	(no title)	https://www.town.nagiso.nagano.jp/category/6-0-0-0-0-0-0-0-0-0.html	から文字サイズを変更してください。文字サイズ変更以外にも，操作性向上の目的でJavaScript（アクティブスクリプト）を用いた機能を提供しています。可能であればJavaScript（アクティブスクリプト）を有効にしてください。 メニュー 閉じる トップページ くらし・手続き 表示 届出・証明 税金 保険・年金 道路・河川・建築 交通 ゴミ・環境 上下水道 補助金・助成金 給付金・支援金 申請書ダウンロード 移住・住まい 防災・防犯・安全 医療・健康・福祉 表示 緊急 医療・健康 高齢者福祉・介護 障がい者福祉 子育て・教育 表示 妊娠・出産・子育て 教育 歴史・文化 産業・しごと 表示 雇用・労働 産業振興 農林業支援 行政情報 表示 町長の部屋 南木曽町の概要 公共施設 電話帳 財政 ふるさと納税 施策・計画 まちづくり 議会 統計 広報・広聴 リニア対策 各種委員会・協議会 入札・契約 各課の窓口 Language 背景色
5	南木曽町	サイトマップ	https://www.town.nagiso.nagano.jp/sitemap.html	から文字サイズを変更してください。文字サイズ変更以外にも，操作性向上の目的でJavaScript（アクティブスクリプト）を用いた機能を提供しています。可能であればJavaScript（アクティブスクリプト）を有効にしてください。 メニュー 閉じる トップページ くらし・手続き 表示 届出・証明 税金 保険・年金 道路・河川・建築 交通 ゴミ・環境 上下水道 補助金・助成金 給付金・支援金 申請書ダウンロード 移住・住まい 防災・防犯・安全 医療・健康・福祉 表示 緊急 医療・健康 高齢者福祉・介護 障がい者福祉 子育て・教育 表示 妊娠・出産・子育て 教育 歴史・文化 産業・しごと 表示 雇用・労働 産業振興 農林業支援 行政情報 表示 町長の部屋 南木曽町の概要 公共施設 電話帳 財政 ふるさと納税 施策・計画 まちづくり 議会 統計 広報・広聴 リニア対策 各種委員会・協議会 入札・契約 各課の窓口 Language 背景色
5	南木曽町	移住	https://www.town.nagiso.nagano.jp/category/2-11-3-0-0-0-0-0-0-0.html	から文字サイズを変更してください。文字サイズ変更以外にも，操作性向上の目的でJavaScript（アクティブスクリプト）を用いた機能を提供しています。可能であればJavaScript（アクティブスクリプト）を有効にしてください。 メニュー 閉じる トップページ くらし・手続き 表示 届出・証明 税金 保険・年金 道路・河川・建築 交通 ゴミ・環境 上下水道 補助金・助成金 給付金・支援金 申請書ダウンロード 移住・住まい 防災・防犯・安全 医療・健康・福祉 表示 緊急 医療・健康 高齢者福祉・介護 障がい者福祉 子育て・教育 表示 妊娠・出産・子育て 教育 歴史・文化 産業・しごと 表示 雇用・労働 産業振興 農林業支援 行政情報 表示 町長の部屋 南木曽町の概要 公共施設 電話帳 財政 ふるさと納税 施策・計画 まちづくり 議会 統計 広報・広聴 リニア対策 各種委員会・協議会 入札・契約 各課の窓口 Language 背景色
5	大桑村	出産一時金	https://www.vill.okuwa.lg.jp/kosodate-kyoiku/ninshin-shussan/ichijikin.html	／ 電話番号：0264-55-3080／ FAX番号：0264-55-4134 アンケート このページは役に立ちましたか？ とても役に立った 役に立った 普通 わかりづらい 役に立たなかった このページについての要望等を入力して送信ボタンを押してください。 できごとから探す 結婚・離婚 子育て・学習 就職・転職 引っ越し 医療・福祉 高齢・介護 死亡・相続 申請書ダウンロード 便利帳 組織から探す 大桑村 〒399-5503 長野県木曽郡大桑村長野880番地1 電話番号：0264-55-3080 FAX番号：0264-55-4134 （法人番号1000020204307） 役場までのアクセス お問い合わせ このサイトについて 個人情報保護について サイトマップ リンク集 Copyright &copy; Okuwa Village All rights Reserved. ページの先頭へ戻る
4	南木曽町	教育	https://www.town.nagiso.nagano.jp/category/4-2-0-0-0-0-0-0-0-0.html	から文字サイズを変更してください。文字サイズ変更以外にも，操作性向上の目的でJavaScript（アクティブスクリプト）を用いた機能を提供しています。可能であればJavaScript（アクティブスクリプト）を有効にしてください。 メニュー 閉じる トップページ くらし・手続き 表示 届出・証明 税金 保険・年金 道路・河川・建築 交通 ゴミ・環境 上下水道 補助金・助成金 給付金・支援金 申請書ダウンロード 移住・住まい 防災・防犯・安全 医療・健康・福祉 表示 緊急 医療・健康 高齢者福祉・介護 障がい者福祉 子育て・教育 表示 妊娠・出産・子育て 教育 歴史・文化 産業・しごと 表示 雇用・労働 産業振興 農林業支援 行政情報 表示 町長の部屋 南木曽町の概要 公共施設 電話帳 財政 ふるさと納税 施策・計画 まちづくり 議会 統計 広報・広聴 リニア対策 各種委員会・協議会 入札・契約 各課の窓口 Language 背景色
4	南木曽町	死亡届	https://www.town.nagiso.nagano.jp/category/2-1-5-0-0-0-0-0-0-0.html	から文字サイズを変更してください。文字サイズ変更以外にも，操作性向上の目的でJavaScript（アクティブスクリプト）を用いた機能を提供しています。可能であればJavaScript（アクティブスクリプト）を有効にしてください。 メニュー 閉じる トップページ くらし・手続き 表示 届出・証明 税金 保険・年金 道路・河川・建築 交通 ゴミ・環境 上下水道 補助金・助成金 給付金・支援金 申請書ダウンロード 移住・住まい 防災・防犯・安全 医療・健康・福祉 表示 緊急 医療・健康 高齢者福祉・介護 障がい者福祉 子育て・教育 表示 妊娠・出産・子育て 教育 歴史・文化 産業・しごと 表示 雇用・労働 産業振興 農林業支援 行政情報 表示 町長の部屋 南木曽町の概要 公共施設 電話帳 財政 ふるさと納税 施策・計画 まちづくり 議会 統計 広報・広聴 リニア対策 各種委員会・協議会 入札・契約 各課の窓口 Language 背景色
4	南木曽町	ペット・動物	https://www.town.nagiso.nagano.jp/category/2-8-0-0-0-0-0-0-0-0.html	から文字サイズを変更してください。文字サイズ変更以外にも，操作性向上の目的でJavaScript（アクティブスクリプト）を用いた機能を提供しています。可能であればJavaScript（アクティブスクリプト）を有効にしてください。 メニュー 閉じる トップページ くらし・手続き 表示 届出・証明 税金 保険・年金 道路・河川・建築 交通 ゴミ・環境 上下水道 補助金・助成金 給付金・支援金 申請書ダウンロード 移住・住まい 防災・防犯・安全 医療・健康・福祉 表示 緊急 医療・健康 高齢者福祉・介護 障がい者福祉 子育て・教育 表示 妊娠・出産・子育て 教育 歴史・文化 産業・しごと 表示 雇用・労働 産業振興 農林業支援 行政情報 表示 町長の部屋 南木曽町の概要 公共施設 電話帳 財政 ふるさと納税 施策・計画 まちづくり 議会 統計 広報・広聴 リニア対策 各種委員会・協議会 入札・契約 各課の窓口 Language 背景色
4	南木曽町	環境	https://www.town.nagiso.nagano.jp/category/2-6-2-0-0-0-0-0-0-0.html	から文字サイズを変更してください。文字サイズ変更以外にも，操作性向上の目的でJavaScript（アクティブスクリプト）を用いた機能を提供しています。可能であればJavaScript（アクティブスクリプト）を有効にしてください。 メニュー 閉じる トップページ くらし・手続き 表示 届出・証明 税金 保険・年金 道路・河川・建築 交通 ゴミ・環境 上下水道 補助金・助成金 給付金・支援金 申請書ダウンロード 移住・住まい 防災・防犯・安全 医療・健康・福祉 表示 緊急 医療・健康 高齢者福祉・介護 障がい者福祉 子育て・教育 表示 妊娠・出産・子育て 教育 歴史・文化 産業・しごと 表示 雇用・労働 産業振興 農林業支援 行政情報 表示 町長の部屋 南木曽町の概要 公共施設 電話帳 財政 ふるさと納税 施策・計画 まちづくり 議会 統計 広報・広聴 リニア対策 各種委員会・協議会 入札・契約 各課の窓口 Language 背景色
4	木祖村	木祖村	https://www.vill.kiso.nagano.jp/kurashi_joho/iju_teiju/akiyabank_touroku.html	祖村 --> 木祖村 サイト内検索 検索 Translate 文字サイズ 標準 大 TOP 暮らしの情報 移住・定住 木祖村空き家バンク登録情報 木祖村空き家バンク登録情報 更新日： 2026年02月09日 1．空き家登録情報 売却物件一覧へ 賃貸物件一覧へ 2．空き家バンクについて 空き家バンク制度については、 こちら をご覧ください。 3．空き家に関する補助について 空き家対策事業補助金については、 こちらをご覧ください。 4．木祖村への移住をお考えの方へ 移住ガイドページへ 空き家相談のWEBサイト 空き家に係る専門団体で組織する長野県空き家対策支援協議会では、空き家の適正な管理方法や活用方法等、相談窓口について情報提供するWEBサイト「長野県の空き家相談」を開設しています。空き家に関する悩みを抱えている方だけでなく、将来問題が起こりそうな方もご覧ください。 長野県の空き家相談WEBサイト（外部サイト） お問い合わせ先 木
4	木祖村	(no title)	https://www.vill.kiso.nagano.jp/kurashi_joho/norigyo/documents/syuunou/ninaite_bosyu.doc
4	木祖村	(no title)	https://www.vill.kiso.nagano.jp/gyoseijoho/shisaku_keikaku/documents/toto_joseikin_katsuyou/settikeikaku.pdf
4	木祖村	(no title)	https://www.vill.kiso.nagano.jp/kurashi_joho/iju_teiju/documents/youkou.pdf
4	木祖村	(no title)	https://www.vill.kiso.nagano.jp/kurashi_joho/iju_teiju/documents/image.pdf
4	木祖村	(no title)	https://www.vill.kiso.nagano.jp/kurashi_joho/iju_teiju/chirashi_takken.pdf
4	木祖村	(no title)	https://www.vill.kiso.nagano.jp/kurashi_joho/iju_teiju/0704_chukaitesuryo_chirashi.pdf
4	木祖村	(no title)	https://www.vill.kiso.nagano.jp/kurashi_joho/iju_teiju/documents/youshiki1.doc
4	木祖村	(no title)	https://www.vill.kiso.nagano.jp/kurashi_joho/iju_teiju/documents/youshiki4.doc
4	木祖村	(no title)	https://www.vill.kiso.nagano.jp/kurashi_joho/iju_teiju/documents/youshiki5.doc
4	木祖村	(no title)	https://www.vill.kiso.nagano.jp/kurashi_joho/iju_teiju/documents/youshiki7.doc
4	木祖村	(no title)	https://www.vill.kiso.nagano.jp/kurashi_joho/iju_teiju/documents/youshiki9.doc
4	木祖村	(no title)	https://www.vill.kiso.nagano.jp/kurashi_joho/iju_teiju/akiya-youshiki11.doc
4	木祖村	(no title)	https://www.vill.kiso.nagano.jp/kurashi_joho/iju_teiju/documents/youshiki12.doc
4	木祖村	(no title)	https://www.vill.kiso.nagano.jp/kurashi_joho/hojokin/kaishu.pdf
4	木祖村	(no title)	https://www.vill.kiso.nagano.jp/kurashi_joho/hojokin/kaitai.pdf
4	木祖村	(no title)	https://www.vill.kiso.nagano.jp/kurashi_joho/hojokin/documents/hojyoseido_akiya/akiyasuport.pdf
4	木祖村	(no title)	https://www.vill.kiso.nagano.jp/kurashi_joho/iju_teiju/documents/ijyuguide/iju.pdf
4	木祖村	(no title)	https://www.vill.kiso.nagano.jp/kurashi_joho/iju_teiju/documents/ijyuguide/kisonikurasu.pdf
4	木祖村	(no title)	https://www.vill.kiso.nagano.jp/kurashi_joho/iju_teiju/3.27hot.kiso.pdf
4	木祖村	(no title)	https://www.vill.kiso.nagano.jp/kurashi_joho/iju_teiju/3.21hot.kiso.pdf
4	木祖村	(no title)	https://www.vill.kiso.nagano.jp/kurashi_joho/iju_teiju/3.13hot.kiso.pdf
4	木祖村	(no title)	https://www.vill.kiso.nagano.jp/kurashi_joho/iju_teiju/3.27hot.shiojiri.pdf
4	木祖村	(no title)	https://www.vill.kiso.nagano.jp/kurashi_joho/iju_teiju/3.21hot.shiojiri.pdf
4	木祖村	(no title)	https://www.vill.kiso.nagano.jp/kurashi_joho/iju_teiju/3.13hot.shiojiri.pdf
4	木祖村	(no title)	https://www.vill.kiso.nagano.jp/kurashi_joho/iju_teiju/documents/ijyuguide/R3shoureikin_chirashi.pdf
4	木祖村	(no title)	https://www.vill.kiso.nagano.jp/kurashi_joho/iju_teiju/documents/ijyuguide/R3shinnseisyo.pdf
4	木祖村	(no title)	https://www.vill.kiso.nagano.jp/kurashi_joho/iju_teiju/documents/ijyuguide/R3shinnseisyo.doc
4	木祖村	(no title)	https://www.vill.kiso.nagano.jp/kurashi_joho/iju_teiju/documents/ijyuguide/R3seiyakusyo.pdf
4	木祖村	(no title)	https://www.vill.kiso.nagano.jp/kurashi_joho/iju_teiju/documents/ijyuguide/R3seiyakusyo.doc
4	木祖村	(no title)	https://www.vill.kiso.nagano.jp/gyoseijoho/koho/388-cleaned.pdf
4	木祖村	(no title)	https://www.vill.kiso.nagano.jp/gyoseijoho/koho/documents/kouhoukiso375/kouhoukiso375.pdf
4	木祖村	(no title)	https://www.vill.kiso.nagano.jp/gyoseijoho/koho/documents/koho_index/373.pdf
4	木祖村	(no title)	https://www.vill.kiso.nagano.jp/gyoseijoho/koho/documents/koho_index/372.pdf
4	木祖村	(no title)	https://www.vill.kiso.nagano.jp/gyoseijoho/koho/documents/koho_index/371.pdf
4	木祖村	(no title)	https://www.vill.kiso.nagano.jp/gyoseijoho/koho/documents/370.pdf
4	木祖村	(no title)	https://www.vill.kiso.nagano.jp/gyoseijoho/koho/documents/369.pdf
4	木祖村	(no title)	https://www.vill.kiso.nagano.jp/gyoseijoho/koho/documents/368.pdf
4	木祖村	(no title)	https://www.vill.kiso.nagano.jp/gyoseijoho/koho/documents/367.pdf
4	木祖村	(no title)	https://www.vill.kiso.nagano.jp/gyoseijoho/koho/documents/366.pdf
4	木祖村	(no title)	https://www.vill.kiso.nagano.jp/gyoseijoho/koho/documents/365.pdf
4	木祖村	(no title)	https://www.vill.kiso.nagano.jp/gyoseijoho/koho/documents/koho_r2/no.364.pdf
4	木祖村	(no title)	https://www.vill.kiso.nagano.jp/gyoseijoho/koho/documents/koho_r2/kouhoukiso363.pdf
4	木祖村	(no title)	https://www.vill.kiso.nagano.jp/gyoseijoho/koho/documents/koho_r2/kouhoukiso362.pdf
4	木祖村	(no title)	https://www.vill.kiso.nagano.jp/gyoseijoho/koho/documents/koho_h31/kouhoukiso_No.354.pdf
4	木祖村	(no title)	https://www.vill.kiso.nagano.jp/kurashi_joho/iju_teiju/documents/miyanomori/bunjo_annai_040525.pdf
4	木祖村	(no title)	https://www.vill.kiso.nagano.jp/kurashi_joho/iju_teiju/documents/miyanomori/bunjouzu.pdf
4	王滝村	(no title)	https://www.vill.otaki.nagano.jp/bousai/r8nyuuzannkiseiposter.pdf
4	王滝村	(no title)	https://www.vill.otaki.nagano.jp/bousai/documents/ireihi_konryubasho/ireihi_annai.pdf
4	王滝村	(no title)	https://www.vill.otaki.nagano.jp/bousai/documents/bousai/hinan_itiran.pdf
4	王滝村	(no title)	https://www.vill.otaki.nagano.jp/bousai/documents/bousai/hinanjo.pdf
4	王滝村	(no title)	https://www.vill.otaki.nagano.jp/bousai/documents/bousai/roadmap.pdf
4	王滝村	(no title)	https://www.vill.otaki.nagano.jp/bousai/documents/bousai/doshasaigaikikenkuiki.pdf
4	王滝村	(no title)	https://www.vill.otaki.nagano.jp/bousai/documents/bousai/kasen.pdf
4	王滝村	(no title)	https://www.vill.otaki.nagano.jp/bousai/otakivikkhazardmap2025.pdf
4	王滝村	(no title)	https://www.vill.otaki.nagano.jp/documents/download/juminhyouyuusouseikyu.pdf
4	王滝村	(no title)	https://www.vill.otaki.nagano.jp/documents/download/kosekiyuusouseikyuu.pdf
4	王滝村	(no title)	https://www.vill.otaki.nagano.jp/documents/download/ininzyou.pdf
4	王滝村	(no title)	https://www.vill.otaki.nagano.jp/documents/download/uzihennkoumousidesyo.pdf
4	王滝村	(no title)	https://www.vill.otaki.nagano.jp/documents/download/zei_shinseisho.pdf
4	王滝村	(no title)	https://www.vill.otaki.nagano.jp/documents/download/zei_ininnjo.pdf
4	王滝村	(no title)	https://www.vill.otaki.nagano.jp/documents/download/sinnkokusyo.pdf
4	王滝村	(no title)	https://www.vill.otaki.nagano.jp/documents/download/zyogesuido_sinsei.pdf
4	王滝村	(no title)	https://www.vill.otaki.nagano.jp/documents/download/hokensenta-.pdf
4	王滝村	(no title)	https://www.vill.otaki.nagano.jp/documents/download/kominkan_siyou.pdf
4	王滝村	(no title)	https://www.vill.otaki.nagano.jp/documents/download/gakkou_siyou.pdf
4	王滝村	(no title)	https://www.vill.otaki.nagano.jp/kurashi/sumai/ijyu/documents/akiyabank/akiyabankseidoR7.pdf
4	王滝村	(no title)	https://www.vill.otaki.nagano.jp/kurashi/sumai/ijyu/documents/akiyabank/akiyabank01.pdf
4	王滝村	(no title)	https://www.vill.otaki.nagano.jp/kurashi/sumai/ijyu/documents/akiyabank/akiyabank02.pdf
4	王滝村	(no title)	https://www.vill.otaki.nagano.jp/kurashi/sumai/ijyu/documents/akiyabank/akiyabank03.pdf
4	王滝村	(no title)	https://www.vill.otaki.nagano.jp/kurashi/sumai/ijyu/documents/akiyabank/akiyabank04.pdf
4	王滝村	(no title)	https://www.vill.otaki.nagano.jp/kurashi/sumai/ijyu/documents/akiyabank/akiyabank05.pdf
4	王滝村	(no title)	https://www.vill.otaki.nagano.jp/aboutus/gaiyou/facility/documents/yakuba/R5yakubasoshiki04.pdf
4	王滝村	(no title)	https://www.vill.otaki.nagano.jp/aboutus/fire/documents/shobo_top/outaki_hiire_shinsei.doc?20210521111647
4	王滝村	(no title)	https://www.vill.otaki.nagano.jp/aboutus/fire/documents/shobo_top/outaki_hiire_shinsei.pdf
4	王滝村	(no title)	https://www.vill.otaki.nagano.jp/aboutus/fire/documents/gyoujikeikaku.pdf
4	王滝村	(no title)	https://www.vill.otaki.nagano.jp/aboutus/fire/documents/shouboudankisoku.pdf
4	王滝村	(no title)	https://www.vill.otaki.nagano.jp/aboutus/fire/documents/shobo_top/sosiki.pdf?20210521111647
4	王滝村	(no title)	https://www.vill.otaki.nagano.jp/aboutus/fire/documents/shobo_top/naiki.pdf?20210521111647
4	王滝村	(no title)	https://www.vill.otaki.nagano.jp/aboutus/gaiyou/facility/documents/sesetuyoyakuriyou1111/img09616.pdf
4	王滝村	(no title)	https://www.vill.otaki.nagano.jp/kurashi/sumai/ijyu/documents/akiyabank/akiyakatazukeyoukouR7.pdf
4	王滝村	(no title)	https://www.vill.otaki.nagano.jp/kurashi/sumai/ijyu/documents/akiyabank/akiya-katazukehojokin.pdf
4	王滝村	(no title)	https://www.vill.otaki.nagano.jp/kurashi/sumai/ijyu/documents/akiyabank/katazuke01.pdf
4	王滝村	(no title)	https://www.vill.otaki.nagano.jp/kurashi/sumai/ijyu/documents/akiyabank/katazuke03.pdf
4	王滝村	(no title)	https://www.vill.otaki.nagano.jp/kurashi/sumai/ijyu/documents/akiyabank/katazuke05.pdf
4	王滝村	(no title)	https://www.vill.otaki.nagano.jp/kurashi/sumai/ijyu/documents/akiyabank/katazuke07.pdf
4	王滝村	(no title)	https://www.vill.otaki.nagano.jp/kurashi/sumai/ijyu/documents/akiyabank/akiyakaisyuyoukouR7.pdf
4	王滝村	(no title)	https://www.vill.otaki.nagano.jp/kurashi/sumai/ijyu/documents/akiyabank/akiya-kaisyuhojokin.pdf
4	王滝村	(no title)	https://www.vill.otaki.nagano.jp/kurashi/sumai/ijyu/documents/akiyabank/kaisyu01.pdf
4	王滝村	(no title)	https://www.vill.otaki.nagano.jp/kurashi/sumai/ijyu/documents/akiyabank/kaisyu03.pdf
4	王滝村	(no title)	https://www.vill.otaki.nagano.jp/kurashi/sumai/ijyu/documents/akiyabank/kaisyu05.pdf
4	王滝村	(no title)	https://www.vill.otaki.nagano.jp/kurashi/sumai/ijyu/documents/akiyabank/kaisyu07.pdf
4	王滝村	(no title)	https://www.vill.otaki.nagano.jp/kurashi/sumai/ijyu/documents/akiyabank/kaisyu08.pdf
4	王滝村	(no title)	https://www.vill.otaki.nagano.jp/kurashi/sumai/ijyu/documents/akiyabank/youshiki1.pdf
4	王滝村	(no title)	https://www.vill.otaki.nagano.jp/kurashi/sumai/ijyu/documents/akiyabank/youshikikisairei.pdf
4	王滝村	(no title)	https://www.vill.otaki.nagano.jp/kurashi/sumai/ijyu/documents/akiyabank/syukuhakusien.pdf
4	王滝村	王滝村地域包括支援センター	https://www.vill.otaki.nagano.jp/kurashi/kenko/kaigo/tiikihoukatu.html	種専門職が連携をとりながら、介護だけではなく、福祉・健康・医療など、さまざまな分野から総合的に高齢者とその家族の生活を支える地域の窓口です。高齢者本人はもちろん、ご家族、地域住民、ケアマネージャーなどから受けた悩みや相談を、適切な期間と連携して支援します。 高齢者のみなさまの生活・介護などでお困りのことがありましたら、地域包括支援センターにご相談ください。 受付時間 月曜～金曜 午前８時３０分～午後５時１５分 保健福祉センター（４８－３１５５） （祝休日および１２月２９日～１月３日を除く） ※上記の時間外でも、高齢者虐待等の緊急を要するご連絡は、役場（４８－２００１）に電話でご連絡ください。 地域包括支援センターの業務内容 総合相談支援業務 介護のこと、福祉のこと、医療のこと、健康のこと・・・。生活のなかでお困りのことやご心配なことがありましたら、地域包括支援センターへご相談ください。高齢者ご本人はもちろん、ご家族や近隣に暮らす
4	王滝村	(no title)	https://www.vill.otaki.nagano.jp/aboutus/gaiyou/facility/documents/kouminkan/kouminkan_jyourei.pdf
4	王滝村	(no title)	https://www.vill.otaki.nagano.jp/aboutus/fire/documents/okati/shoubouteiin.pdf
4	王滝村	(no title)	https://www.vill.otaki.nagano.jp/aboutus/fire/documents/okati/shoubouhousyuu.pdf
4	王滝村	(no title)	https://www.vill.otaki.nagano.jp/aboutus/fire/documents/okati/taishokukin.pdf
4	王滝村	(no title)	https://www.vill.otaki.nagano.jp/aboutus/fire/documents/okati/koumusaigaihoshou.pdf
4	王滝村	(no title)	https://www.vill.otaki.nagano.jp/aboutus/fire/documents/h21plan.pdf
4	王滝村	(no title)	https://www.vill.otaki.nagano.jp/aboutus/fire/documents/sinseido/kisoku01.pdf
4	王滝村	(no title)	https://www.vill.otaki.nagano.jp/aboutus/fire/documents/okati/kinoubetsudannin.pdf
4	王滝村	(no title)	https://www.vill.otaki.nagano.jp/aboutus/fire/documents/sinseido/yosiki1.doc
4	王滝村	(no title)	https://www.vill.otaki.nagano.jp/aboutus/fire/documents/sinseido/yosiki1.pdf
4	王滝村	(no title)	https://www.vill.otaki.nagano.jp/aboutus/fire/documents/sinseido/yoko.pdf
4	王滝村	(no title)	https://www.vill.otaki.nagano.jp/aboutus/fire/documents/sinseido/about_seido.pdf
4	王滝村	(no title)	https://www.vill.otaki.nagano.jp/kurashi/kenko/kaigo/documents/syakyou/shakyou63.pdf
4	王滝村	(no title)	https://www.vill.otaki.nagano.jp/kurashi/kenko/kaigo/documents/syakyou/fureai2904.pdf
4	王滝村	(no title)	https://www.vill.otaki.nagano.jp/kurashi/kenko/kaigo/documents/syakyou/volunteer2904.pdf
4	王滝村	(no title)	https://www.vill.otaki.nagano.jp/kurashi/kenko/kaigo/documents/syakyou/shakyou64.pdf
4	王滝村	(no title)	https://www.vill.otaki.nagano.jp/kurashi/kenko/kaigo/documents/syakyou/fureai2905.pdf
4	王滝村	(no title)	https://www.vill.otaki.nagano.jp/kurashi/kenko/kaigo/documents/syakyou/volunteer2905.pdf
4	王滝村	(no title)	https://www.vill.otaki.nagano.jp/kurashi/kenko/kaigo/documents/syakyou/shakyou65.pdf
4	王滝村	(no title)	https://www.vill.otaki.nagano.jp/kurashi/kenko/kaigo/documents/syakyou/fureai2906.pdf
4	王滝村	(no title)	https://www.vill.otaki.nagano.jp/kurashi/kenko/kaigo/documents/syakyou/volunteer2906.pdf
4	王滝村	(no title)	https://www.vill.otaki.nagano.jp/kurashi/kenko/kaigo/documents/syakyou/fureai2907.pdf
4	王滝村	(no title)	https://www.vill.otaki.nagano.jp/kurashi/kenko/kaigo/documents/syakyou/volunteer2907.pdf
4	王滝村	(no title)	https://www.vill.otaki.nagano.jp/kurashi/kenko/kaigo/documents/syakyou/fureai2908.pdf
4	王滝村	(no title)	https://www.vill.otaki.nagano.jp/kurashi/kenko/kaigo/documents/syakyou/volunteer2908.pdf
4	王滝村	(no title)	https://www.vill.otaki.nagano.jp/kurashi/kenko/kaigo/documents/syakyou/fureai2909.pdf
4	王滝村	(no title)	https://www.vill.otaki.nagano.jp/kurashi/kenko/kaigo/documents/syakyou/volunteer2909.pdf
4	王滝村	(no title)	https://www.vill.otaki.nagano.jp/kurashi/kenko/kaigo/documents/syakyou/fureai2910.pdf
4	王滝村	(no title)	https://www.vill.otaki.nagano.jp/kurashi/kenko/kaigo/documents/syakyou/volunteer2910.pdf
4	王滝村	(no title)	https://www.vill.otaki.nagano.jp/kurashi/kenko/kaigo/documents/syakyou/fureai2911.pdf
4	王滝村	(no title)	https://www.vill.otaki.nagano.jp/kurashi/kenko/kaigo/documents/syakyou/volunteer2911.pdf
4	王滝村	(no title)	https://www.vill.otaki.nagano.jp/kurashi/kenko/kaigo/documents/syakyou/fureai2912.pdf
4	王滝村	(no title)	https://www.vill.otaki.nagano.jp/kurashi/kenko/kaigo/documents/syakyou/volunteer2912.pdf
4	王滝村	(no title)	https://www.vill.otaki.nagano.jp/kurashi/kenko/kaigo/documents/syakyou/fureai3001.pdf
4	王滝村	(no title)	https://www.vill.otaki.nagano.jp/kurashi/kenko/kaigo/documents/syakyou/volunteer3001.pdf
4	王滝村	(no title)	https://www.vill.otaki.nagano.jp/kurashi/kenko/kaigo/documents/syakyou/fureai3002.pdf
4	王滝村	(no title)	https://www.vill.otaki.nagano.jp/kurashi/kenko/kaigo/documents/syakyou/volunteer3002.pdf
4	王滝村	(no title)	https://www.vill.otaki.nagano.jp/kurashi/kenko/kaigo/documents/syakyou/fureai3003.pdf
4	王滝村	(no title)	https://www.vill.otaki.nagano.jp/kurashi/kenko/kaigo/documents/syakyou/volunteer3003.pdf
4	王滝村	(no title)	https://www.vill.otaki.nagano.jp/kurashi/kenko/kaigo/documents/syakyou/shakyo60.pdf
4	王滝村	(no title)	https://www.vill.otaki.nagano.jp/kurashi/kenko/kaigo/documents/syakyou/fureai04.pdf
4	王滝村	(no title)	https://www.vill.otaki.nagano.jp/kurashi/kenko/kaigo/documents/syakyou/volunteer4.pdf
4	王滝村	(no title)	https://www.vill.otaki.nagano.jp/kurashi/kenko/kaigo/documents/syakyou/shyakyou61.pdf
4	王滝村	(no title)	https://www.vill.otaki.nagano.jp/kurashi/kenko/kaigo/documents/syakyou/fureai05.pdf
4	王滝村	(no title)	https://www.vill.otaki.nagano.jp/kurashi/kenko/kaigo/documents/syakyou/volunteer05.pdf
4	王滝村	(no title)	https://www.vill.otaki.nagano.jp/kurashi/kenko/kaigo/documents/syakyou/shakyou62.pdf
4	王滝村	(no title)	https://www.vill.otaki.nagano.jp/kurashi/kenko/kaigo/documents/syakyou/fureai06.pdf
4	王滝村	(no title)	https://www.vill.otaki.nagano.jp/kurashi/kenko/kaigo/documents/syakyou/volunteer06.pdf
4	王滝村	(no title)	https://www.vill.otaki.nagano.jp/kurashi/kenko/kaigo/documents/syakyou/fureai07.pdf
4	王滝村	(no title)	https://www.vill.otaki.nagano.jp/kurashi/kenko/kaigo/documents/syakyou/volunteer07.pdf
4	王滝村	(no title)	https://www.vill.otaki.nagano.jp/kurashi/kenko/kaigo/documents/syakyou/fureai08.pdf
4	王滝村	(no title)	https://www.vill.otaki.nagano.jp/kurashi/kenko/kaigo/documents/syakyou/volunteer08.pdf
4	王滝村	(no title)	https://www.vill.otaki.nagano.jp/kurashi/kenko/kaigo/documents/syakyou/fureai09.pdf
4	大桑村	このサイトについて	https://www.vill.okuwa.lg.jp/about.html	ができます。 パンくずリスト メインメニューの下に表示されている「パンくずリスト」は、選択した項目を順に並べたものです。 現在選択している“目次”や“見出し”を確認することができます。 また「パンくずリスト」の各項目にはリンクが張られていますので、これを使って、好きな項目まで戻ることもできます。 検索 ページ上部の検索機能では、本ホームページの全てのページを対象にした検索が利用できます。 調べたい語句を入力し「検索」ボタンを押してください。 サイトマップ 「 サイトマップ 」は本ホームページ全体の構成をリスト形式でご案内するページです。 ご意見をお寄せください 本ホームページは、皆さんに親しまれるページをめざしています。 ページ下部の「お問い合わせ」からメール送信ができますので、本ページに対するご意見をお寄せください。 この記事へのお問い合わせ先 大桑村役場 電話番号：0264-55-3080 アンケート このページは役に立ちま
4	大桑村	(no title)	https://www.vill.okuwa.lg.jp/kurashi/bosai-bohan/documents/bosaijoho/hinanjo201703.pdf
4	大桑村	(no title)	https://www.vill.okuwa.lg.jp/kurashi/bosai-bohan/documents/bosaijoho/R3_shiori.pdf
4	大桑村	(no title)	https://www.vill.okuwa.lg.jp/kurashi/bosai-bohan/documents/bosaijoho/R3_shiori_suhara.pdf
4	大桑村	(no title)	https://www.vill.okuwa.lg.jp/kurashi/bosai-bohan/documents/bosaijoho/R3_shiori_tyuubu.pdf
4	大桑村	(no title)	https://www.vill.okuwa.lg.jp/kurashi/bosai-bohan/documents/bosaijoho/R3_shiori_noziri.pdf
4	大桑村	(no title)	https://www.vill.okuwa.lg.jp/kurashi/todokede-shomei/juminidotodoke/documents/tennyuu/tennnyu_tetuduki.pdf
4	大桑村	(no title)	https://www.vill.okuwa.lg.jp/okuwa/iju-teiju/documents/yokoso_teijuhojokin/shinseikenjissekihokoku_kisairei.pdf
4	大桑村	(no title)	https://www.vill.okuwa.lg.jp/okuwa/iju-teiju/documents/yokoso_teijuhojokin/seiyakusho_kisairei.pdf
4	大桑村	(no title)	https://www.vill.okuwa.lg.jp/okuwa/gyoseijoho/shokuimboshu/20260712youkou.pdf
4	大桑村	(no title)	https://www.vill.okuwa.lg.jp/okuwa/gyoseijoho/shokuimboshu/20260712moushikomisyo.pdf
4	大桑村	(no title)	https://www.vill.okuwa.lg.jp/kosodate-kyoiku/okuwamura_rekishiminzokushiryokan/documents/rekishiminzoku_shiryoukan/shiryoukankaitei20260401.pdf
4	大桑村	(no title)	https://www.vill.okuwa.lg.jp/kosodate-kyoiku/shogaigakushu/documents/shougaigakushuu-sns/shougaku.sns.pdf
4	大桑村	(no title)	https://www.vill.okuwa.lg.jp/kosodate-kyoiku/okuwamura_rekishiminzokushiryokan/documents/rekishiminzoku_shiryoukan/collabo-chirashi.pdf
4	大桑村	(no title)	https://www.vill.okuwa.lg.jp/kosodate-kyoiku/okuwamura_rekishiminzokushiryokan/documents/rekishiminzoku_shiryoukan/collabo-moushikomi.pdf
4	大桑村	(no title)	https://www.vill.okuwa.lg.jp/kosodate-kyoiku/okuwamura_rekishiminzokushiryokan/documents/rekishiminzoku_shiryoukan/shiryoukan.kashidashinaiyou.pdf
4	大桑村	(no title)	https://www.vill.okuwa.lg.jp/okuwa/gyoseijoho/documents/toukei/toukeisyo_2025.pdf
4	大桑村	(no title)	https://www.vill.okuwa.lg.jp/okuwa/gyoseijoho/documents/toukei/toukeisyo_2024.pdf
4	大桑村	(no title)	https://www.vill.okuwa.lg.jp/okuwa/gyoseijoho/documents/toukei/toukeisyo_2023.pdf
4	大桑村	(no title)	https://www.vill.okuwa.lg.jp/okuwa/gyoseijoho/documents/toukei/toukeisyo_2022.pdf
4	大桑村	(no title)	https://www.vill.okuwa.lg.jp/okuwa/gyoseijoho/documents/toukei/toukeisyo_2021.pdf
4	大桑村	(no title)	https://www.vill.okuwa.lg.jp/okuwa/gyoseijoho/documents/toukei/toukeisyo_2020.pdf
4	大桑村	(no title)	https://www.vill.okuwa.lg.jp/okuwa/gyoseijoho/documents/toukei/2019.pdf
4	大桑村	(no title)	https://www.vill.okuwa.lg.jp/okuwa/gyoseijoho/documents/toukei/2018.pdf
4	大桑村	(no title)	https://www.vill.okuwa.lg.jp/okuwa/gyoseijoho/documents/toukei/2017_toukeisyo.pdf
4	大桑村	(no title)	https://www.vill.okuwa.lg.jp/okuwa/gyoseijoho/documents/toukei/2016_toukeisyo.pdf
4	大桑村	(no title)	https://www.vill.okuwa.lg.jp/okuwa/gyoseijoho/documents/toukei/2015_toukeisyo.pdf.pdf
4	大桑村	(no title)	https://www.vill.okuwa.lg.jp/okuwa/gyoseijoho/documents/toukei/2014toukeisyo.pdf
4	大桑村	(no title)	https://www.vill.okuwa.lg.jp/okuwa/gyoseijoho/documents/toukei/2013toukeisyo.pdf
4	大桑村	(no title)	https://www.vill.okuwa.lg.jp/okuwa/gyoseijoho/documents/toukei/2012toukeisyo.pdf
4	大桑村	(no title)	https://www.vill.okuwa.lg.jp/okuwa/gyoseijoho/documents/toukei/2011toukeisyo.pdf
4	大桑村	(no title)	https://www.vill.okuwa.lg.jp/okuwa/gyoseijoho/documents/toukei/2010toukeisyo.pdf
4	大桑村	(no title)	https://www.vill.okuwa.lg.jp/okuwa/gyoseijoho/documents/toukei/2009toukeisyo.pdf
4	大桑村	(no title)	https://www.vill.okuwa.lg.jp/okuwa/gyoseijoho/documents/toukei/2008toukeisho.pdf
4	大桑村	(no title)	https://www.vill.okuwa.lg.jp/kurashi/kotsu/documents/kuwachanbus-taxi/r7_noriaitakushi.pdf
4	大桑村	(no title)	https://www.vill.okuwa.lg.jp/okuwa/koho/documents/koho_R8/kouhou621.pdf
4	大桑村	(no title)	https://www.vill.okuwa.lg.jp/okuwa/koho/documents/koho_R8/kouhou620-2.pdf
4	大桑村	(no title)	https://www.vill.okuwa.lg.jp/okuwa/koho/documents/koho_R8/kouhou619.pdf
4	大桑村	(no title)	https://www.vill.okuwa.lg.jp/okuwa/koho/documents/koho_R8/kouhou618.pdf
4	大桑村	(no title)	https://www.vill.okuwa.lg.jp/okuwa/koho/documents/koho_R8/kouhou617.pdf
4	大桑村	(no title)	https://www.vill.okuwa.lg.jp/okuwa/koho/documents/koho_R8/kouhou616.pdf
4	大桑村	(no title)	https://www.vill.okuwa.lg.jp/okuwa/koho/documents/koho_R8/kouhou615.pdf
4	大桑村	大桑村公式LINE	https://www.vill.okuwa.lg.jp/okuwa/gyoseijoho/sns_johohasshin/okuwa_line.html	告 」を選びます。 一覧から「防犯灯」を選び、「報告する」をタップします。 報告を始める前に注意事項を確認してください。 ・緊急時は、電話での報告をお願いしたいこと ・LINEで報告を受け付けても、対応を確約するわけではないこと ・村が管理する物件以外について報告された場合、正規の管理者に情報を提供する場合があること …etc についてご理解ください。 報告対象の写真を撮影します。 撮影済の写真をカメラロールから選択して投稿することもできます。 写真投稿フローは2回あり、1枚ずつ計2枚まで投稿できます。 写真を投稿しない場合は、スキップを選択してください。 報告対象の位置情報を送信します。 「位置情報を送信する」を選択してください。 地図アプリケーションが起動するので、報告対象の位置にピンを合わせて送信してください。 LINEとスマホの位置情報の連携をONにしている場合は、地図アプリケーションを起動した際に現在地が表示されますが
4	大桑村	(no title)	https://www.vill.okuwa.lg.jp/okuwa/gyoseijoho/sns_johohasshin/documents/okuwa_sns_ichiran/okuwamura_instagram_unyoporishi.pdf
4	大桑村	(no title)	https://www.vill.okuwa.lg.jp/okuwa/iju-teiju/documents/uji_hojokinn/uij_hojoyoko_20260401.pdf
4	大桑村	(no title)	https://www.vill.okuwa.lg.jp/kurashi/sumai-jukyo/jutakuhojoseido/documents/akiyataisaku/R8.4.1akiyayoukou.pdf
4	大桑村	(no title)	https://www.vill.okuwa.lg.jp/kurashi/sumai-jukyo/jutakuhojoseido/documents/akiyataisaku/1_akiyataisaku_koufushinseisyo.pdf
4	大桑村	(no title)	https://www.vill.okuwa.lg.jp/kurashi/sumai-jukyo/jutakuhojoseido/documents/akiyataisaku/2_akiyataisaku_seiyakusyo.pdf
4	大桑村	(no title)	https://www.vill.okuwa.lg.jp/kurashi/sumai-jukyo/jutakuhojoseido/documents/akiyataisaku/3_akiyataisaku_syoudakusyo.pdf
4	大桑村	(no title)	https://www.vill.okuwa.lg.jp/kurashi/sumai-jukyo/jutakuhojoseido/documents/akiyataisaku/6_akiyataisaku_henkoutodoke.pdf
4	大桑村	(no title)	https://www.vill.okuwa.lg.jp/kurashi/sumai-jukyo/jutakuhojoseido/documents/akiyataisaku/7_akiyataisaku_kanryouhoukoku.pdf
4	大桑村	(no title)	https://www.vill.okuwa.lg.jp/kurashi/sumai-jukyo/jutakuhojoseido/documents/akiyataisaku/9_akiyataisaku_seikyusyo.pdf
4	大桑村	(no title)	https://www.vill.okuwa.lg.jp/kosodate-kyoiku/nyuyoji/kosodateshiencenter/documents/kosodate_guidebook/kosodate-guidebook.pdf
4	大桑村	(no title)	https://www.vill.okuwa.lg.jp/kosodate-kyoiku/ninshin-shussan/documents/ninpukyufu_leaflet_1.pdf
4	大桑村	(no title)	https://www.vill.okuwa.lg.jp/kosodate-kyoiku/ninshin-shussan/documents/ninpukyufu_leaflet_2.pdf
4	大桑村	(no title)	https://www.vill.okuwa.lg.jp/kosodate-kyoiku/ninshin-shussan/documents/huninhuikujosei/4986_0004.pdf
4	大桑村	(no title)	https://www.vill.okuwa.lg.jp/kosodate-kyoiku/ninshin-shussan/documents/huninhuikujosei/4986_0001.pdf
4	大桑村	(no title)	https://www.vill.okuwa.lg.jp/kosodate-kyoiku/ninshin-shussan/documents/huninhuikujosei/4986_0003.pdf
4	大桑村	(no title)	https://www.vill.okuwa.lg.jp/kurashi/joseikin/documents/kekkonshinseikatsu/ookuwamurakekkonshinseikathu.pdf
4	大桑村	(no title)	https://www.vill.okuwa.lg.jp/kurashi/joseikin/documents/kekkonshinseikatsu/r8_shoshikataisaku_jissikeikakusho.pdf
4	大桑村	(no title)	https://www.vill.okuwa.lg.jp/kurashi/joseikin/documents/kekkonshinseikatsu/r7_shoshikataisaku_jisshikeikakusho.pdf
4	大桑村	(no title)	https://www.vill.okuwa.lg.jp/kurashi/joseikin/documents/kekkonshinseikatsu/r6_shoshikataisaku_jisshikeikakusho.pdf
4	大桑村	(no title)	https://www.vill.okuwa.lg.jp/sangyo-nyusatsu-business/noringyo/ringyo/documents/mokuikusuisin/sinnseisyo.pdf
4	大桑村	(no title)	https://www.vill.okuwa.lg.jp/sangyo-nyusatsu-business/noringyo/ringyo/documents/mokuikusuisin/kinyuurei.pdf
4	大桑村	(no title)	https://www.vill.okuwa.lg.jp/sangyo-nyusatsu-business/noringyo/ringyo/documents/mokuikusuisin/riyoukenyoukou_7_2_21.pdf
4	大桑村	(no title)	https://www.vill.okuwa.lg.jp/sangyo-nyusatsu-business/noringyo/ringyo/documents/kikenboku_bassai/kikenboku_hojokin_youkou.pdf
4	大桑村	(no title)	https://www.vill.okuwa.lg.jp/sangyo-nyusatsu-business/noringyo/ringyo/documents/kikenboku_bassai/1_koufushinsei.pdf
4	大桑村	(no title)	https://www.vill.okuwa.lg.jp/sangyo-nyusatsu-business/noringyo/ringyo/documents/kikenboku_bassai/1_tenpu_douisyo.pdf
4	大桑村	(no title)	https://www.vill.okuwa.lg.jp/sangyo-nyusatsu-business/noringyo/ringyo/documents/kikenboku_bassai/1_tenpu_riyuusyo.pdf
4	大桑村	(no title)	https://www.vill.okuwa.lg.jp/sangyo-nyusatsu-business/noringyo/ringyo/documents/kikenboku_bassai/3_henkoushinsei.pdf
4	大桑村	(no title)	https://www.vill.okuwa.lg.jp/sangyo-nyusatsu-business/noringyo/ringyo/documents/kikenboku_bassai/5_zissekihoukoku.pdf
4	大桑村	(no title)	https://www.vill.okuwa.lg.jp/sangyo-nyusatsu-business/noringyo/ringyo/documents/kikenboku_bassai/7_koufuseikyou.pdf
4	木曽町	(no title)	https://www.town-kiso.com/files/file/box/9a/9a409a52e5c633bca7deb8732eabc5d81031f886.pdf
4	木曽町	(no title)	https://www.town-kiso.com/files/file/box/b5/b5c8b7ed8fc5e3df0bdd62ebd7911f54176d36fc.pdf
3	木祖村	各種補助金	https://www.vill.kiso.nagano.jp/gyoseijoho/hojokin/index.html	各種補助金 | 信州木祖村 このページの本文へ 木祖村 --> 木祖村 サイト内検索 検索 Translate 文字サイズ 標準 大 TOP 行政情報 各種補助金 各種補助金 ライフシーンから探す 妊娠・出産 子育て 結婚・離婚 転入・転出 健康・医療 老後 おくやみ 暮らしの便利帳 組織から探す お問い合わせ サイトマップ 個人情報保護方針 利用規約 木祖村役場 〒399-6201 長野県木曽郡木祖村薮原1191-1 地図 tel： 0264-36-2001 fax： 0264-36-3344 Copyright &copy; Kiso Village All rights reserved.
3	王滝村	王滝村役場	https://www.vill.otaki.nagano.jp/aboutus/gaiyou/facility/yakuba.html	ME 王滝村について 村の概要 村の施設 王滝村役場 王滝村役場 基本情報 所在地 長野県木曽郡王滝村３６２３番地 （郵便番号３９７－０２０１） 役場の位置【北緯35度80'93"東経137度55'05"】 連絡先 電話 0264-48-2001 FAX 0264-48-2172 メールフォームでのお問い合わせ 庁舎 ２階 議会事務局・会議室（議場） １階 受付・村長室・会計室・総務課・福祉健康課（住民・環境保全） 別棟（庁舎のすぐ隣です） ２階 書庫 １階 経済産業課（林業・土木・農業・上下水道） 行政組織図 （令和5年4月現在） 役場周辺地図 役場までの アクセス その他の事務所 王滝村保健福祉センター 福祉健康課（福祉・保健衛生） 0264-48-3155、3160 王滝村公民館 教育委員会事務局 0264-48-2134 王滝村観光案内所 企画観光推進室商工観光係 0264-48-2257 この記事へのお問い合わせ先 王
2	木祖村	木祖村	https://www.vill.kiso.nagano.jp/kenko_fukushi/kansensho/kansensyocovid19.html	ot free） ※外国人の方用 新型コロナウイルスの問題に関連して気分がすぐれない方 県精神保健福祉センター 電話番号：026-227-1810 （平日8:30～17:15） 新型コロナウイルスの問題に関する相談先がわからない方 新型コロナウイルスお困りごと相談センター 電話番号：026-235-7077 （8:30～17:15） 村の現状と対策について 令和5年度 令和5年4月27日発行（369kbyte） 令和4年度 令和5年3.9発行（22.6kbyte） この記事へのお問い合わせ先 木祖村役場 住民福祉課 保健係 電話番号： 0264-36-2001／ FAX番号： 0264-36-3344 アンケート このページは役に立ちましたか？ 役に立った 普通 わかりづらい 役に立たなかった このページについての要望等を入力して送信ボタンを押してください。 ライフシーンから探す 妊娠・出産 子育て 結婚・離婚 転入・転出 健康
2	王滝村	王滝村診療所診療日内科のご案内	https://www.vill.otaki.nagano.jp/kurashi/kenko/iryo/sinryoubi_2.html	日内科のご案内 | 王滝村 このページの本文へ 霊峰御嶽山の麓 水と緑のふるさと ホーム くらし 事業者の方へ 王滝村について 観光 ブログ サイト内検索 検索 防災情報 Translate 文字サイズ 標準 大 HOME くらし 健康・福祉 王滝村診療所診療日内科のご案内 王滝村診療所診療日内科のご案内 ７月の診療日のご案内 診療日 毎週月曜日から金曜日 受付 午前 8：30～11：00 午後 13：30～16：00 診察 午前 9：00～12：00 午後 14：00～17：00 休診日 休診日は土、日、祝日です。 その他に医師の出張等により休診することがあります。 3日・10日・17日・24日・31日（金）の午後は休診とさせていただきます。 26日（日）は休日当番医です。 日 月 火 水 木 金 土 7／1 7／2 7／3 7／4 8:30～11:00 1４:00～16:00 8:30～11:00 1４:00～16:00 8
2	大桑村	きそバス・くわちゃんバス・乗合タクシー	https://www.vill.okuwa.lg.jp/kurashi/kotsu/kuwachanbus-taxi.html	きそバス・くわちゃんバス・乗合タクシー | 大桑村公式サイト サイト内検索 防災情報 Translate 文字サイズ： 標準 大 トップ くらし 交通 きそバス・くわちゃんバス・乗合タクシー きそバス・くわちゃんバス・乗合タクシー 更新日：2025年10月01日 バス 令和7年10月１日からの時刻表 令和7年10月1日より、木曽地域広域幹線バス「きそバス」の運行を開始します。郡内4つの幹線（北部・開田・西部・南部）が新設され、この再編によりバス運行ダイヤが変更となりますので、時刻表を確認のうえ、ご利用ください。 時刻表（外部リンク） 乗合タクシー 乗合タクシーは利用者が乗り合わせて運行する公共交通です。利用には予約が必要です。 運行日は月曜日～土曜日（午前7時30分～午後5時30分）です。日曜日、祝日、年末年始は運行しません。 利用を希望する方は役場生活環境係へ問い合わせてください。 乗合タクシーの利用方法（612.7kbyte
2	大桑村	入札公告（事後審査型一般競争入札）	https://www.vill.okuwa.lg.jp/sangyo-nyusatsu-business/nyusatsu-shitei/nyuusatsukoukoku_jigosinsa.html	一般競争入札） 更新日：2026年07月01日 現在、村において入札に付す案件については以下のとおりです。 なお、公告は原則毎週水曜日とします。 また、公告に係る問い合わせは各公告に記載の担当課へお願いします。 事後審査型一般競争入札については、こちらをご覧ください。 大桑村事後審査型一般競争入札の導入について 事後審査型一般競争入札に参加する場合は、事前に申請が必要となります。 詳細は、こちらをご覧ください。 大桑村事後審査型一般競争入札参加希望（内容変更）申請について 公告案件 令和８年度 神沢１号橋修繕工事 ・ 大桑村公告第１号（74.3kbyte） ・ 設計書（75.3kbyte） ・ 数量総括表（93.5kbyte） ・ 数量計算書（211.5kbyte） ・ 条件明示（905.1kbyte） ・ 公表単価（81.5kbyte） ・ 図面一式（3,030kbyte） ・ 工事費内訳書（157kbyte） この記事へのお
1	南木曽町	農林業・商工業	https://www.town.nagiso.nagano.jp/category/2-9-4-0-0-0-0-0-0-0.html	から文字サイズを変更してください。文字サイズ変更以外にも，操作性向上の目的でJavaScript（アクティブスクリプト）を用いた機能を提供しています。可能であればJavaScript（アクティブスクリプト）を有効にしてください。 メニュー 閉じる トップページ くらし・手続き 表示 届出・証明 税金 保険・年金 道路・河川・建築 交通 ゴミ・環境 上下水道 補助金・助成金 給付金・支援金 申請書ダウンロード 移住・住まい 防災・防犯・安全 医療・健康・福祉 表示 緊急 医療・健康 高齢者福祉・介護 障がい者福祉 子育て・教育 表示 妊娠・出産・子育て 教育 歴史・文化 産業・しごと 表示 雇用・労働 産業振興 農林業支援 行政情報 表示 町長の部屋 南木曽町の概要 公共施設 電話帳 財政 ふるさと納税 施策・計画 まちづくり 議会 統計 広報・広聴 リニア対策 各種委員会・協議会 入札・契約 各課の窓口 Language 背景色
0	木祖村	お六櫛とは？	https://www.vill.kiso.nagano.jp/kosodate_kyoiku/meisho/whats.html	お六櫛とは？ | 信州木祖村 このページの本文へ 木祖村 --> 木祖村 サイト内検索 検索 Translate 文字サイズ 標準 大 TOP 子育て・教育 名勝・文化財 お六櫛とは？ お六櫛とは？ 更新日： 2026年01月21日 お六ぐしの里 櫛屋看板 「お六櫛」…わずか10cmにも満たない幅に、およそ100本もの歯が挽かれたみねばりの小さな櫛は、江戸時代から中山道の名物、御嶽信仰や善光寺参りの土産として全国に知られていました。現在でも、ここ薮原宿を中心に作られているお六櫛は、実用品の櫛であるとともに長野県伝統工芸品として愛され続けています。 長野県木曽郡木祖村。木曽川最上流の村で、総面積140平方キロメートル、そのうち87％が山林で、豊かな森林と水源に恵まれ「源流の村」として発展しています。 中山道随一の難所といわれた「鳥居峠」の南に位置する薮原宿は、江戸時代には「中山道どまんなか」の宿場であり、東西の接点として、また飛騨
0	木祖村	櫛作りの工程	https://www.vill.kiso.nagano.jp/kosodate_kyoiku/meisho/work.html	櫛作りの工程 | 信州木祖村 このページの本文へ 木祖村 --> 木祖村 サイト内検索 検索 Translate 文字サイズ 標準 大 TOP 子育て・教育 名勝・文化財 櫛作りの工程 櫛作りの工程 更新日： 2024年08月27日 1．削り：櫛木を規定のサイズに整える・筋を付ける 欠けないようにするために櫛木の小口を削り、 あらしこ（荒手工）鉋 で平面部分の下削りをする。 じょうしこ(上手工)鉋 で櫛木(櫛の原型)を仕上げる。 筋つけ なぜこぼしをして刃先をを仕上げ、櫛木の幅を決める。 一方の角を削り、 引き回し鋸 で寸法を決め、削り仕上げる。 筋付けで櫛の歯の形の線を引く。 2．歯挽き：櫛の歯をつける 左肘を一定の高さに膝に固定し、左手のひとさし指に指皮をはめる。 筋付けの線を目安に、 歯挽き鋸 で歯を1本づつ挽く。 歯挽きは左から右に挽いてゆく。 左人差し指の感覚と鋸を挽くリズムで正確に、等間隔に挽く。 歯挽き鋸は櫛木の平
-1	木祖村	令和2年度	https://www.vill.kiso.nagano.jp/gyoseijoho/koho/koho_r2.html	令和2年度 | 信州木祖村 このページの本文へ 木祖村 --> 木祖村 サイト内検索 検索 Translate 文字サイズ 標準 大 TOP 令和2年度 令和2年度 更新日： 2026年05月28日 令和2年度 広報きそ364号 （令和3年1月28日発行）（4,202.2kbyte） 主な内容 P02.03 村長の新年のご挨拶 P04 スキー場あり方検討会 P05 出初式 P06~09 第1期総合戦略の検証結果 P10.11 税の窓口 P12~14 木祖村表彰式 P15~17 令和2年度木祖村成人式 P18 令和3年度もいちど小中学校開校についての案内 P19 地域おこし協力隊自己紹介 P20~23 保健室だより P24 なごやいんふぉ&観光協会だより P25 伊藤一生の恋愛コラム P26 地域おこし協力隊活動日誌 P27 公民館だより P28 保育園・子育て支援センターだより P29 放課後児童クラブ日記 P30~33 お知ら
-2	南木曽町	空き家	https://www.town.nagiso.nagano.jp/category/2-11-2-0-0-0-0-0-0-0.html	から文字サイズを変更してください。文字サイズ変更以外にも，操作性向上の目的でJavaScript（アクティブスクリプト）を用いた機能を提供しています。可能であればJavaScript（アクティブスクリプト）を有効にしてください。 メニュー 閉じる トップページ くらし・手続き 表示 届出・証明 税金 保険・年金 道路・河川・建築 交通 ゴミ・環境 上下水道 補助金・助成金 給付金・支援金 申請書ダウンロード 移住・住まい 防災・防犯・安全 医療・健康・福祉 表示 緊急 医療・健康 高齢者福祉・介護 障がい者福祉 子育て・教育 表示 妊娠・出産・子育て 教育 歴史・文化 産業・しごと 表示 雇用・労働 産業振興 農林業支援 行政情報 表示 町長の部屋 南木曽町の概要 公共施設 電話帳 財政 ふるさと納税 施策・計画 まちづくり 議会 統計 広報・広聴 リニア対策 各種委員会・協議会 入札・契約 各課の窓口 Language 背景色
-3	南木曽町	保険・年金	https://www.town.nagiso.nagano.jp/category/2-3-0-0-0-0-0-0-0-0.html	から文字サイズを変更してください。文字サイズ変更以外にも，操作性向上の目的でJavaScript（アクティブスクリプト）を用いた機能を提供しています。可能であればJavaScript（アクティブスクリプト）を有効にしてください。 メニュー 閉じる トップページ くらし・手続き 表示 届出・証明 税金 保険・年金 道路・河川・建築 交通 ゴミ・環境 上下水道 補助金・助成金 給付金・支援金 申請書ダウンロード 移住・住まい 防災・防犯・安全 医療・健康・福祉 表示 緊急 医療・健康 高齢者福祉・介護 障がい者福祉 子育て・教育 表示 妊娠・出産・子育て 教育 歴史・文化 産業・しごと 表示 雇用・労働 産業振興 農林業支援 行政情報 表示 町長の部屋 南木曽町の概要 公共施設 電話帳 財政 ふるさと納税 施策・計画 まちづくり 議会 統計 広報・広聴 リニア対策 各種委員会・協議会 入札・契約 各課の窓口 Language 背景色
-3	南木曽町	ゴミ・環境	https://www.town.nagiso.nagano.jp/category/2-6-0-0-0-0-0-0-0-0.html	から文字サイズを変更してください。文字サイズ変更以外にも，操作性向上の目的でJavaScript（アクティブスクリプト）を用いた機能を提供しています。可能であればJavaScript（アクティブスクリプト）を有効にしてください。 メニュー 閉じる トップページ くらし・手続き 表示 届出・証明 税金 保険・年金 道路・河川・建築 交通 ゴミ・環境 上下水道 補助金・助成金 給付金・支援金 申請書ダウンロード 移住・住まい 防災・防犯・安全 医療・健康・福祉 表示 緊急 医療・健康 高齢者福祉・介護 障がい者福祉 子育て・教育 表示 妊娠・出産・子育て 教育 歴史・文化 産業・しごと 表示 雇用・労働 産業振興 農林業支援 行政情報 表示 町長の部屋 南木曽町の概要 公共施設 電話帳 財政 ふるさと納税 施策・計画 まちづくり 議会 統計 広報・広聴 リニア対策 各種委員会・協議会 入札・契約 各課の窓口 Language 背景色
-3	南木曽町	高齢者福祉・介護	https://www.town.nagiso.nagano.jp/category/3-3-0-0-0-0-0-0-0-0.html	から文字サイズを変更してください。文字サイズ変更以外にも，操作性向上の目的でJavaScript（アクティブスクリプト）を用いた機能を提供しています。可能であればJavaScript（アクティブスクリプト）を有効にしてください。 メニュー 閉じる トップページ くらし・手続き 表示 届出・証明 税金 保険・年金 道路・河川・建築 交通 ゴミ・環境 上下水道 補助金・助成金 給付金・支援金 申請書ダウンロード 移住・住まい 防災・防犯・安全 医療・健康・福祉 表示 緊急 医療・健康 高齢者福祉・介護 障がい者福祉 子育て・教育 表示 妊娠・出産・子育て 教育 歴史・文化 産業・しごと 表示 雇用・労働 産業振興 農林業支援 行政情報 表示 町長の部屋 南木曽町の概要 公共施設 電話帳 財政 ふるさと納税 施策・計画 まちづくり 議会 統計 広報・広聴 リニア対策 各種委員会・協議会 入札・契約 各課の窓口 Language 背景色
-3	南木曽町	行政情報	https://www.town.nagiso.nagano.jp/category/1-0-0-0-0-0-0-0-0-0.html	から文字サイズを変更してください。文字サイズ変更以外にも，操作性向上の目的でJavaScript（アクティブスクリプト）を用いた機能を提供しています。可能であればJavaScript（アクティブスクリプト）を有効にしてください。 メニュー 閉じる トップページ くらし・手続き 表示 届出・証明 税金 保険・年金 道路・河川・建築 交通 ゴミ・環境 上下水道 補助金・助成金 給付金・支援金 申請書ダウンロード 移住・住まい 防災・防犯・安全 医療・健康・福祉 表示 緊急 医療・健康 高齢者福祉・介護 障がい者福祉 子育て・教育 表示 妊娠・出産・子育て 教育 歴史・文化 産業・しごと 表示 雇用・労働 産業振興 農林業支援 行政情報 表示 町長の部屋 南木曽町の概要 公共施設 電話帳 財政 ふるさと納税 施策・計画 まちづくり 議会 統計 広報・広聴 リニア対策 各種委員会・協議会 入札・契約 各課の窓口 Language 背景色
-3	南木曽町	施策・計画	https://www.town.nagiso.nagano.jp/category/1-6-0-0-0-0-0-0-0-0.html	から文字サイズを変更してください。文字サイズ変更以外にも，操作性向上の目的でJavaScript（アクティブスクリプト）を用いた機能を提供しています。可能であればJavaScript（アクティブスクリプト）を有効にしてください。 メニュー 閉じる トップページ くらし・手続き 表示 届出・証明 税金 保険・年金 道路・河川・建築 交通 ゴミ・環境 上下水道 補助金・助成金 給付金・支援金 申請書ダウンロード 移住・住まい 防災・防犯・安全 医療・健康・福祉 表示 緊急 医療・健康 高齢者福祉・介護 障がい者福祉 子育て・教育 表示 妊娠・出産・子育て 教育 歴史・文化 産業・しごと 表示 雇用・労働 産業振興 農林業支援 行政情報 表示 町長の部屋 南木曽町の概要 公共施設 電話帳 財政 ふるさと納税 施策・計画 まちづくり 議会 統計 広報・広聴 リニア対策 各種委員会・協議会 入札・契約 各課の窓口 Language 背景色
-3	南木曽町	結婚・離婚	https://www.town.nagiso.nagano.jp/category/2-1-1-0-0-0-0-0-0-0.html	から文字サイズを変更してください。文字サイズ変更以外にも，操作性向上の目的でJavaScript（アクティブスクリプト）を用いた機能を提供しています。可能であればJavaScript（アクティブスクリプト）を有効にしてください。 メニュー 閉じる トップページ くらし・手続き 表示 届出・証明 税金 保険・年金 道路・河川・建築 交通 ゴミ・環境 上下水道 補助金・助成金 給付金・支援金 申請書ダウンロード 移住・住まい 防災・防犯・安全 医療・健康・福祉 表示 緊急 医療・健康 高齢者福祉・介護 障がい者福祉 子育て・教育 表示 妊娠・出産・子育て 教育 歴史・文化 産業・しごと 表示 雇用・労働 産業振興 農林業支援 行政情報 表示 町長の部屋 南木曽町の概要 公共施設 電話帳 財政 ふるさと納税 施策・計画 まちづくり 議会 統計 広報・広聴 リニア対策 各種委員会・協議会 入札・契約 各課の窓口 Language 背景色
-3	南木曽町	防犯	https://www.town.nagiso.nagano.jp/category/2-13-2-0-0-0-0-0-0-0.html	から文字サイズを変更してください。文字サイズ変更以外にも，操作性向上の目的でJavaScript（アクティブスクリプト）を用いた機能を提供しています。可能であればJavaScript（アクティブスクリプト）を有効にしてください。 メニュー 閉じる トップページ くらし・手続き 表示 届出・証明 税金 保険・年金 道路・河川・建築 交通 ゴミ・環境 上下水道 補助金・助成金 給付金・支援金 申請書ダウンロード 移住・住まい 防災・防犯・安全 医療・健康・福祉 表示 緊急 医療・健康 高齢者福祉・介護 障がい者福祉 子育て・教育 表示 妊娠・出産・子育て 教育 歴史・文化 産業・しごと 表示 雇用・労働 産業振興 農林業支援 行政情報 表示 町長の部屋 南木曽町の概要 公共施設 電話帳 財政 ふるさと納税 施策・計画 まちづくり 議会 統計 広報・広聴 リニア対策 各種委員会・協議会 入札・契約 各課の窓口 Language 背景色
-4	南木曽町	申請書ダウンロード	https://www.town.nagiso.nagano.jp/category/2-10-0-0-0-0-0-0-0-0.html	申請書ダウンロード | 南木曽町役場 ページの先頭です 共通メニューなどをスキップして本文へ 各課の窓口 Language 文字サイズ 標準 拡大 背景色 標準 反転 検索 ID検索 ID検索 閉じる 文字サイズ変更機能を利用するにはJavaScript（アクティブスクリプト）を有効にしてください。JavaScript（アクティブスクリプト） を無効のまま文字サイズを変更する場合には，ご利用のブラウザの表示メニューから文字サイズを変更してください。文字サイズ変更以外にも，操作性向上の目的でJavaScript（アクティブスクリプト）を用いた機能を提供しています。可能であればJavaScript（アクティブスクリプト）を有効にしてください。 メニュー 閉じる トップページ くらし・手続き 表示 届出・証明 税金 保険・年金 道路・河川・建築 交通 ゴミ・環境 上下水道 補助金・助成金 給付金・支援金 申請書ダウンロード 移住・住ま
-4	南木曽町	医療・健康	https://www.town.nagiso.nagano.jp/category/3-2-0-0-0-0-0-0-0-0.html	から文字サイズを変更してください。文字サイズ変更以外にも，操作性向上の目的でJavaScript（アクティブスクリプト）を用いた機能を提供しています。可能であればJavaScript（アクティブスクリプト）を有効にしてください。 メニュー 閉じる トップページ くらし・手続き 表示 届出・証明 税金 保険・年金 道路・河川・建築 交通 ゴミ・環境 上下水道 補助金・助成金 給付金・支援金 申請書ダウンロード 移住・住まい 防災・防犯・安全 医療・健康・福祉 表示 緊急 医療・健康 高齢者福祉・介護 障がい者福祉 子育て・教育 表示 妊娠・出産・子育て 教育 歴史・文化 産業・しごと 表示 雇用・労働 産業振興 農林業支援 行政情報 表示 町長の部屋 南木曽町の概要 公共施設 電話帳 財政 ふるさと納税 施策・計画 まちづくり 議会 統計 広報・広聴 リニア対策 各種委員会・協議会 入札・契約 各課の窓口 Language 背景色
-4	南木曽町	まちづくり	https://www.town.nagiso.nagano.jp/category/1-7-0-0-0-0-0-0-0-0.html	から文字サイズを変更してください。文字サイズ変更以外にも，操作性向上の目的でJavaScript（アクティブスクリプト）を用いた機能を提供しています。可能であればJavaScript（アクティブスクリプト）を有効にしてください。 メニュー 閉じる トップページ くらし・手続き 表示 届出・証明 税金 保険・年金 道路・河川・建築 交通 ゴミ・環境 上下水道 補助金・助成金 給付金・支援金 申請書ダウンロード 移住・住まい 防災・防犯・安全 医療・健康・福祉 表示 緊急 医療・健康 高齢者福祉・介護 障がい者福祉 子育て・教育 表示 妊娠・出産・子育て 教育 歴史・文化 産業・しごと 表示 雇用・労働 産業振興 農林業支援 行政情報 表示 町長の部屋 南木曽町の概要 公共施設 電話帳 財政 ふるさと納税 施策・計画 まちづくり 議会 統計 広報・広聴 リニア対策 各種委員会・協議会 入札・契約 各課の窓口 Language 背景色
-4	南木曽町	軽自動車税	https://www.town.nagiso.nagano.jp/category/2-2-5-0-0-0-0-0-0-0.html	から文字サイズを変更してください。文字サイズ変更以外にも，操作性向上の目的でJavaScript（アクティブスクリプト）を用いた機能を提供しています。可能であればJavaScript（アクティブスクリプト）を有効にしてください。 メニュー 閉じる トップページ くらし・手続き 表示 届出・証明 税金 保険・年金 道路・河川・建築 交通 ゴミ・環境 上下水道 補助金・助成金 給付金・支援金 申請書ダウンロード 移住・住まい 防災・防犯・安全 医療・健康・福祉 表示 緊急 医療・健康 高齢者福祉・介護 障がい者福祉 子育て・教育 表示 妊娠・出産・子育て 教育 歴史・文化 産業・しごと 表示 雇用・労働 産業振興 農林業支援 行政情報 表示 町長の部屋 南木曽町の概要 公共施設 電話帳 財政 ふるさと納税 施策・計画 まちづくり 議会 統計 広報・広聴 リニア対策 各種委員会・協議会 入札・契約 各課の窓口 Language 背景色
-4	南木曽町	農林業	https://www.town.nagiso.nagano.jp/category/2-10-7-0-0-0-0-0-0-0.html	から文字サイズを変更してください。文字サイズ変更以外にも，操作性向上の目的でJavaScript（アクティブスクリプト）を用いた機能を提供しています。可能であればJavaScript（アクティブスクリプト）を有効にしてください。 メニュー 閉じる トップページ くらし・手続き 表示 届出・証明 税金 保険・年金 道路・河川・建築 交通 ゴミ・環境 上下水道 補助金・助成金 給付金・支援金 申請書ダウンロード 移住・住まい 防災・防犯・安全 医療・健康・福祉 表示 緊急 医療・健康 高齢者福祉・介護 障がい者福祉 子育て・教育 表示 妊娠・出産・子育て 教育 歴史・文化 産業・しごと 表示 雇用・労働 産業振興 農林業支援 行政情報 表示 町長の部屋 南木曽町の概要 公共施設 電話帳 財政 ふるさと納税 施策・計画 まちづくり 議会 統計 広報・広聴 リニア対策 各種委員会・協議会 入札・契約 各課の窓口 Language 背景色
-4	南木曽町	福祉・医療	https://www.town.nagiso.nagano.jp/category/2-10-5-0-0-0-0-0-0-0.html	から文字サイズを変更してください。文字サイズ変更以外にも，操作性向上の目的でJavaScript（アクティブスクリプト）を用いた機能を提供しています。可能であればJavaScript（アクティブスクリプト）を有効にしてください。 メニュー 閉じる トップページ くらし・手続き 表示 届出・証明 税金 保険・年金 道路・河川・建築 交通 ゴミ・環境 上下水道 補助金・助成金 給付金・支援金 申請書ダウンロード 移住・住まい 防災・防犯・安全 医療・健康・福祉 表示 緊急 医療・健康 高齢者福祉・介護 障がい者福祉 子育て・教育 表示 妊娠・出産・子育て 教育 歴史・文化 産業・しごと 表示 雇用・労働 産業振興 農林業支援 行政情報 表示 町長の部屋 南木曽町の概要 公共施設 電話帳 財政 ふるさと納税 施策・計画 まちづくり 議会 統計 広報・広聴 リニア対策 各種委員会・協議会 入札・契約 各課の窓口 Language 背景色
-5	木祖村	空き家情報R08-2	https://www.vill.kiso.nagano.jp/kurashi_joho/iju_teiju/akiyajyouhou_R08-2.html	空き家情報R08-2 | 信州木祖村 このページの本文へ 木祖村 --> 木祖村 サイト内検索 検索 Translate 文字サイズ 標準 大 TOP 空き家情報R08-2 空き家情報R08-2 更新日： 2026年05月21日 １．空き家情報 Ｒ０８－２ 分類 建物／土地 契約希望 売却 価格 640万円 物件所在地 木祖村大字薮原340-8他 構造 木造2階建て 面積 建物 117.64m ２ 土地 1451.81m ２ 補修の要否 多少の補修必要 補修費用負担 入居者負担 補修費用目安 ― 間取り １階 ※準備中 2階 ※準備中 設備状況 電気 ※準備中 ガス ※準備中 水道 ※準備中 トイレ ※準備中 風呂 ※準備中 車庫 駐車スペース有 庭 有 建築年 昭和４２年３月新築 その他特記事項 現況有姿でのお引渡しとなります。 所有者居住中のため間取り設備等準備中です。 敷地内に別途未登記の建物有り（木造平屋、38.01㎡、
-5	木祖村	空き家情報R07-2	https://www.vill.kiso.nagano.jp/kurashi_joho/iju_teiju/akiyajyouhou_R07_2.html	空き家情報R07-2 | 信州木祖村 このページの本文へ 木祖村 --> 木祖村 サイト内検索 検索 Translate 文字サイズ 標準 大 TOP 空き家情報R07-2 空き家情報R07-2 更新日： 2026年05月20日 １．空き家情報 Ｒ０７－２ 分類 建物／土地 契約希望 売却 価格 500万円（応相談） 物件所在地 木祖村大字小木曽1738番地2 構造 木造１階建て（ロフト付き） 面積 建物 56.02m ２ 物置14.07 m ２ 土地 539.73m ２ 補修の要否 多少の補修必要 補修費用負担 入居者負担 補修費用目安 ― 間取り １階 和室8畳、洋室8畳、和室6畳、キッチン、トイレ、風呂、物置 2階 ロフト 設備状況 電気 有 ガス 有 水道 有 トイレ 汲み取り（簡易水栓） 風呂 ガス 車庫 駐車スペース3台 庭 有 建築年 平成6年 その他特記事項 ・雨戸、網戸、玄関雨戸、二重サッシ、木曽檜使用 主要施
-5	木祖村	空き家情報R02-8	https://www.vill.kiso.nagano.jp/kurashi_joho/iju_teiju/akiyajyouhou_R02_8.html	空き家情報R02-8 | 信州木祖村 このページの本文へ 木祖村 --> 木祖村 サイト内検索 検索 Translate 文字サイズ 標準 大 TOP 空き家情報R02-8 空き家情報R02-8 更新日： 2026年03月18日 1．空き家情報 Ｒ02-8 分類 建物／土地 契約希望 売却 価格 230万円 物件所在地 木祖村大字薮原965番地1 構造 木造2階建て 面積 建物 1階 104.69m 2 2階 41.32m 2 土地 150.4m 2 補修の要否 多少の補修必要 補修費用負担 購入者負担 補修費用目安 ― 間取り 1階 和室8畳、和室6畳、和室6畳、キッチン、トイレ、風呂 2階 和室6畳、和室6畳、和室6畳、洋室4畳 設備状況 電気 有 ガス 有 水道 有 トイレ 汲み取り 風呂 灯油 車庫 駐車スペース3台あり 庭 有 建築年 昭和48年 その他特記事項 ・現在賃貸中のため、引き渡し時期は要相談となります。 ・
-5	木祖村	空き家情報28-2	https://www.vill.kiso.nagano.jp/kurashi_joho/iju_teiju/akiyajyouhou_28-2.html	空き家情報28-2 | 信州木祖村 このページの本文へ 木祖村 --> 木祖村 サイト内検索 検索 Translate 文字サイズ 標準 大 TOP 空き家情報28-2 空き家情報28-2 更新日： 2026年03月18日 1．空き家情報 28-2 分類 土地 契約希望 売却 価格 100万円（応相談） 物件所在地 木祖村大字薮原223-1 地目 宅地 面積 335m 2 その他 村道と高低差があり、他者の所有地に囲まれているため、この土地に車で進入する場合は、別途、進入路の確保が必要です。 主要施設までの距離 役場 0.6km 小学校 0.9km 中学校 1.0km 保育園 3km 薮原駅 0.5km スキー場 8km 2．空き家バンクについて 空き家バンク制度については、 こちらをご覧ください 。 この記事へのお問い合わせ先 木祖村役場 総務課 企画財政係 住所： 長野県木曽郡木祖村大字薮原1191-1／ 電話番号： 36-
-5	木祖村	木祖村	https://www.vill.kiso.nagano.jp/kosodate_kyoiku/meisho/kind-yuikushi.html	結櫛 | 信州木祖村 このページの本文へ 木祖村 --> 木祖村 サイト内検索 検索 Translate 文字サイズ 標準 大 TOP 子育て・教育 名勝・文化財 結櫛 結櫛 更新日： 2010年02月26日 いわゆる日本髪、チョンマゲなど、髪を結うために用いられた櫛。主に髪結師、床屋など理髪専門職のために供給されていた。現在でも一部は相撲取り、時代劇等に関わる職種で伝統的に使用されている。 丁髷櫛(チョンマゲ櫛) 丁髷(チョンマゲ)を結うための櫛各種。フリワケは、丁髷の解かしや仕上げ用に用いた。まる八印は江戸時代より尾張徳川家の納入品の印である。一本の櫛の両端に細歯と相歯が挽いてある。ハケコキはもとどりの刷毛(先)を修正するのに用い、ナギナタは髪型全体の細部を整えるのに使われた。 （上） 尾州御用品 振り分け ヒイラギ・まる八印 五寸 歯数28/40 （中） ハケコキ ミネバリ 三寸ニ分 歯数32 （下） ナギナタ ミネバリ
-5	大桑村	観光イベント情報	https://www.vill.okuwa.lg.jp/event/list_kanko.html	企画展2026【Kazuイラスト展 「点点」】 2026年2月5日 信州プロレスリング 大桑村大会 2026年1月19日 木曽路氷雪の灯祭り2026 2025年12月9日 大桑らんらん講座【竹炊飯に挑戦！】 2025年11月13日 定勝寺本堂耐震対策工事現場見学会 2025年11月4日 大桑らんらん講座2025【満蒙開拓の歴史を学ぶ】 2025年11月4日 令和７年度大桑村ふれあい人権講演会 2025年10月3日 大桑の明日を語る集い2025 2025年9月30日 大桑らんらん講座2025【発電所めぐり】 2025年9月18日 資料館イベント2025【もりさとワークショップ】 2025年9月16日 大桑らんらん講座2025【歩いて学ぶ西古道】 2025年8月25日 ほしぞら観望会2025 2025年8月20日 資料館企画展2025【中川孝志 阿寺渓谷写真展】 2025年8月20日 公民館イベント2025【公民館研究集会】 202
-5	大桑村	中央アルプス登山（山の国木曽を満喫）	https://www.vill.okuwa.lg.jp/kanko/miru-asobu/chuoalpstozan/nature_trekking.html	／ 電話番号：0264-55-3080／ FAX番号：0264-55-4134 アンケート このページは役に立ちましたか？ とても役に立った 役に立った 普通 わかりづらい 役に立たなかった このページについての要望等を入力して送信ボタンを押してください。 できごとから探す 結婚・離婚 子育て・学習 就職・転職 引っ越し 医療・福祉 高齢・介護 死亡・相続 申請書ダウンロード 便利帳 組織から探す 大桑村 〒399-5503 長野県木曽郡大桑村長野880番地1 電話番号：0264-55-3080 FAX番号：0264-55-4134 （法人番号1000020204307） 役場までのアクセス お問い合わせ このサイトについて 個人情報保護について サイトマップ リンク集 Copyright &copy; Okuwa Village All rights Reserved. ページの先頭へ戻る
-5	大桑村	資料館イベント2026【資料館コンサート みらい楽器ラボ】	https://www.vill.okuwa.lg.jp/event/2025/miraigakkirabo.html	／ 電話番号：0264-55-1020／ FAX番号：0264-55-4134 アンケート このページは役に立ちましたか？ とても役に立った 役に立った 普通 わかりづらい 役に立たなかった このページについての要望等を入力して送信ボタンを押してください。 できごとから探す 結婚・離婚 子育て・学習 就職・転職 引っ越し 医療・福祉 高齢・介護 死亡・相続 申請書ダウンロード 便利帳 組織から探す 大桑村 〒399-5503 長野県木曽郡大桑村長野880番地1 電話番号：0264-55-3080 FAX番号：0264-55-4134 （法人番号1000020204307） 役場までのアクセス お問い合わせ このサイトについて 個人情報保護について サイトマップ リンク集 Copyright &copy; Okuwa Village All rights Reserved. ページの先頭へ戻る
-6	南木曽町	医療・健康・福祉	https://www.town.nagiso.nagano.jp/category/3-0-0-0-0-0-0-0-0-0.html	から文字サイズを変更してください。文字サイズ変更以外にも，操作性向上の目的でJavaScript（アクティブスクリプト）を用いた機能を提供しています。可能であればJavaScript（アクティブスクリプト）を有効にしてください。 メニュー 閉じる トップページ くらし・手続き 表示 届出・証明 税金 保険・年金 道路・河川・建築 交通 ゴミ・環境 上下水道 補助金・助成金 給付金・支援金 申請書ダウンロード 移住・住まい 防災・防犯・安全 医療・健康・福祉 表示 緊急 医療・健康 高齢者福祉・介護 障がい者福祉 子育て・教育 表示 妊娠・出産・子育て 教育 歴史・文化 産業・しごと 表示 雇用・労働 産業振興 農林業支援 行政情報 表示 町長の部屋 南木曽町の概要 公共施設 電話帳 財政 ふるさと納税 施策・計画 まちづくり 議会 統計 広報・広聴 リニア対策 各種委員会・協議会 入札・契約 各課の窓口 Language 背景色
-6	南木曽町	緊急	https://www.town.nagiso.nagano.jp/category/3-1-0-0-0-0-0-0-0-0.html	から文字サイズを変更してください。文字サイズ変更以外にも，操作性向上の目的でJavaScript（アクティブスクリプト）を用いた機能を提供しています。可能であればJavaScript（アクティブスクリプト）を有効にしてください。 メニュー 閉じる トップページ くらし・手続き 表示 届出・証明 税金 保険・年金 道路・河川・建築 交通 ゴミ・環境 上下水道 補助金・助成金 給付金・支援金 申請書ダウンロード 移住・住まい 防災・防犯・安全 医療・健康・福祉 表示 緊急 医療・健康 高齢者福祉・介護 障がい者福祉 子育て・教育 表示 妊娠・出産・子育て 教育 歴史・文化 産業・しごと 表示 雇用・労働 産業振興 農林業支援 行政情報 表示 町長の部屋 南木曽町の概要 公共施設 電話帳 財政 ふるさと納税 施策・計画 まちづくり 議会 統計 広報・広聴 リニア対策 各種委員会・協議会 入札・契約 各課の窓口 Language 背景色
-6	南木曽町	障がい者福祉	https://www.town.nagiso.nagano.jp/category/3-4-0-0-0-0-0-0-0-0.html	から文字サイズを変更してください。文字サイズ変更以外にも，操作性向上の目的でJavaScript（アクティブスクリプト）を用いた機能を提供しています。可能であればJavaScript（アクティブスクリプト）を有効にしてください。 メニュー 閉じる トップページ くらし・手続き 表示 届出・証明 税金 保険・年金 道路・河川・建築 交通 ゴミ・環境 上下水道 補助金・助成金 給付金・支援金 申請書ダウンロード 移住・住まい 防災・防犯・安全 医療・健康・福祉 表示 緊急 医療・健康 高齢者福祉・介護 障がい者福祉 子育て・教育 表示 妊娠・出産・子育て 教育 歴史・文化 産業・しごと 表示 雇用・労働 産業振興 農林業支援 行政情報 表示 町長の部屋 南木曽町の概要 公共施設 電話帳 財政 ふるさと納税 施策・計画 まちづくり 議会 統計 広報・広聴 リニア対策 各種委員会・協議会 入札・契約 各課の窓口 Language 背景色
-6	南木曽町	子育て・教育	https://www.town.nagiso.nagano.jp/category/4-0-0-0-0-0-0-0-0-0.html	から文字サイズを変更してください。文字サイズ変更以外にも，操作性向上の目的でJavaScript（アクティブスクリプト）を用いた機能を提供しています。可能であればJavaScript（アクティブスクリプト）を有効にしてください。 メニュー 閉じる トップページ くらし・手続き 表示 届出・証明 税金 保険・年金 道路・河川・建築 交通 ゴミ・環境 上下水道 補助金・助成金 給付金・支援金 申請書ダウンロード 移住・住まい 防災・防犯・安全 医療・健康・福祉 表示 緊急 医療・健康 高齢者福祉・介護 障がい者福祉 子育て・教育 表示 妊娠・出産・子育て 教育 歴史・文化 産業・しごと 表示 雇用・労働 産業振興 農林業支援 行政情報 表示 町長の部屋 南木曽町の概要 公共施設 電話帳 財政 ふるさと納税 施策・計画 まちづくり 議会 統計 広報・広聴 リニア対策 各種委員会・協議会 入札・契約 各課の窓口 Language 背景色
-6	南木曽町	歴史・文化	https://www.town.nagiso.nagano.jp/category/4-3-0-0-0-0-0-0-0-0.html	から文字サイズを変更してください。文字サイズ変更以外にも，操作性向上の目的でJavaScript（アクティブスクリプト）を用いた機能を提供しています。可能であればJavaScript（アクティブスクリプト）を有効にしてください。 メニュー 閉じる トップページ くらし・手続き 表示 届出・証明 税金 保険・年金 道路・河川・建築 交通 ゴミ・環境 上下水道 補助金・助成金 給付金・支援金 申請書ダウンロード 移住・住まい 防災・防犯・安全 医療・健康・福祉 表示 緊急 医療・健康 高齢者福祉・介護 障がい者福祉 子育て・教育 表示 妊娠・出産・子育て 教育 歴史・文化 産業・しごと 表示 雇用・労働 産業振興 農林業支援 行政情報 表示 町長の部屋 南木曽町の概要 公共施設 電話帳 財政 ふるさと納税 施策・計画 まちづくり 議会 統計 広報・広聴 リニア対策 各種委員会・協議会 入札・契約 各課の窓口 Language 背景色
-6	南木曽町	産業・しごと	https://www.town.nagiso.nagano.jp/category/5-0-0-0-0-0-0-0-0-0.html	から文字サイズを変更してください。文字サイズ変更以外にも，操作性向上の目的でJavaScript（アクティブスクリプト）を用いた機能を提供しています。可能であればJavaScript（アクティブスクリプト）を有効にしてください。 メニュー 閉じる トップページ くらし・手続き 表示 届出・証明 税金 保険・年金 道路・河川・建築 交通 ゴミ・環境 上下水道 補助金・助成金 給付金・支援金 申請書ダウンロード 移住・住まい 防災・防犯・安全 医療・健康・福祉 表示 緊急 医療・健康 高齢者福祉・介護 障がい者福祉 子育て・教育 表示 妊娠・出産・子育て 教育 歴史・文化 産業・しごと 表示 雇用・労働 産業振興 農林業支援 行政情報 表示 町長の部屋 南木曽町の概要 公共施設 電話帳 財政 ふるさと納税 施策・計画 まちづくり 議会 統計 広報・広聴 リニア対策 各種委員会・協議会 入札・契約 各課の窓口 Language 背景色
-6	南木曽町	農林業支援	https://www.town.nagiso.nagano.jp/category/5-3-0-0-0-0-0-0-0-0.html	から文字サイズを変更してください。文字サイズ変更以外にも，操作性向上の目的でJavaScript（アクティブスクリプト）を用いた機能を提供しています。可能であればJavaScript（アクティブスクリプト）を有効にしてください。 メニュー 閉じる トップページ くらし・手続き 表示 届出・証明 税金 保険・年金 道路・河川・建築 交通 ゴミ・環境 上下水道 補助金・助成金 給付金・支援金 申請書ダウンロード 移住・住まい 防災・防犯・安全 医療・健康・福祉 表示 緊急 医療・健康 高齢者福祉・介護 障がい者福祉 子育て・教育 表示 妊娠・出産・子育て 教育 歴史・文化 産業・しごと 表示 雇用・労働 産業振興 農林業支援 行政情報 表示 町長の部屋 南木曽町の概要 公共施設 電話帳 財政 ふるさと納税 施策・計画 まちづくり 議会 統計 広報・広聴 リニア対策 各種委員会・協議会 入札・契約 各課の窓口 Language 背景色
-6	南木曽町	電話帳	https://www.town.nagiso.nagano.jp/category/1-14-0-0-0-0-0-0-0-0.html	から文字サイズを変更してください。文字サイズ変更以外にも，操作性向上の目的でJavaScript（アクティブスクリプト）を用いた機能を提供しています。可能であればJavaScript（アクティブスクリプト）を有効にしてください。 メニュー 閉じる トップページ くらし・手続き 表示 届出・証明 税金 保険・年金 道路・河川・建築 交通 ゴミ・環境 上下水道 補助金・助成金 給付金・支援金 申請書ダウンロード 移住・住まい 防災・防犯・安全 医療・健康・福祉 表示 緊急 医療・健康 高齢者福祉・介護 障がい者福祉 子育て・教育 表示 妊娠・出産・子育て 教育 歴史・文化 産業・しごと 表示 雇用・労働 産業振興 農林業支援 行政情報 表示 町長の部屋 南木曽町の概要 公共施設 電話帳 財政 ふるさと納税 施策・計画 まちづくり 議会 統計 広報・広聴 リニア対策 各種委員会・協議会 入札・契約 各課の窓口 Language 背景色
-6	南木曽町	各種委員会・協議会	https://www.town.nagiso.nagano.jp/category/1-12-0-0-0-0-0-0-0-0.html	から文字サイズを変更してください。文字サイズ変更以外にも，操作性向上の目的でJavaScript（アクティブスクリプト）を用いた機能を提供しています。可能であればJavaScript（アクティブスクリプト）を有効にしてください。 メニュー 閉じる トップページ くらし・手続き 表示 届出・証明 税金 保険・年金 道路・河川・建築 交通 ゴミ・環境 上下水道 補助金・助成金 給付金・支援金 申請書ダウンロード 移住・住まい 防災・防犯・安全 医療・健康・福祉 表示 緊急 医療・健康 高齢者福祉・介護 障がい者福祉 子育て・教育 表示 妊娠・出産・子育て 教育 歴史・文化 産業・しごと 表示 雇用・労働 産業振興 農林業支援 行政情報 表示 町長の部屋 南木曽町の概要 公共施設 電話帳 財政 ふるさと納税 施策・計画 まちづくり 議会 統計 広報・広聴 リニア対策 各種委員会・協議会 入札・契約 各課の窓口 Language 背景色
-6	南木曽町	ケーブルテレビ	https://www.town.nagiso.nagano.jp/category/2-11-4-0-0-0-0-0-0-0.html	から文字サイズを変更してください。文字サイズ変更以外にも，操作性向上の目的でJavaScript（アクティブスクリプト）を用いた機能を提供しています。可能であればJavaScript（アクティブスクリプト）を有効にしてください。 メニュー 閉じる トップページ くらし・手続き 表示 届出・証明 税金 保険・年金 道路・河川・建築 交通 ゴミ・環境 上下水道 補助金・助成金 給付金・支援金 申請書ダウンロード 移住・住まい 防災・防犯・安全 医療・健康・福祉 表示 緊急 医療・健康 高齢者福祉・介護 障がい者福祉 子育て・教育 表示 妊娠・出産・子育て 教育 歴史・文化 産業・しごと 表示 雇用・労働 産業振興 農林業支援 行政情報 表示 町長の部屋 南木曽町の概要 公共施設 電話帳 財政 ふるさと納税 施策・計画 まちづくり 議会 統計 広報・広聴 リニア対策 各種委員会・協議会 入札・契約 各課の窓口 Language 背景色
-6	大桑村	防災情報	https://www.vill.okuwa.lg.jp/kurashi/bosai-bohan/bosaijoho.html	／ 電話番号：0264-55-3080／ FAX番号：0264-55-4134 アンケート このページは役に立ちましたか？ とても役に立った 役に立った 普通 わかりづらい 役に立たなかった このページについての要望等を入力して送信ボタンを押してください。 できごとから探す 結婚・離婚 子育て・学習 就職・転職 引っ越し 医療・福祉 高齢・介護 死亡・相続 申請書ダウンロード 便利帳 組織から探す 大桑村 〒399-5503 長野県木曽郡大桑村長野880番地1 電話番号：0264-55-3080 FAX番号：0264-55-4134 （法人番号1000020204307） 役場までのアクセス お問い合わせ このサイトについて 個人情報保護について サイトマップ リンク集 Copyright &copy; Okuwa Village All rights Reserved. ページの先頭へ戻る
-6	大桑村	告示・公告	https://www.vill.okuwa.lg.jp/okuwa/gyoseijoho/okuwa_village_public_notice.html	／ 電話番号：0264-55-3080／ FAX番号：0264-55-4134 アンケート このページは役に立ちましたか？ とても役に立った 役に立った 普通 わかりづらい 役に立たなかった このページについての要望等を入力して送信ボタンを押してください。 できごとから探す 結婚・離婚 子育て・学習 就職・転職 引っ越し 医療・福祉 高齢・介護 死亡・相続 申請書ダウンロード 便利帳 組織から探す 大桑村 〒399-5503 長野県木曽郡大桑村長野880番地1 電話番号：0264-55-3080 FAX番号：0264-55-4134 （法人番号1000020204307） 役場までのアクセス お問い合わせ このサイトについて 個人情報保護について サイトマップ リンク集 Copyright &copy; Okuwa Village All rights Reserved. ページの先頭へ戻る
-7	木祖村	避難所・避難場所	https://www.vill.kiso.nagano.jp/kurashi_joho/bosai_bohan/hinan.html	避難所・避難場所 | 信州木祖村 このページの本文へ 木祖村 --> 木祖村 サイト内検索 検索 Translate 文字サイズ 標準 大 TOP 暮らしの情報 防災・防犯 避難所・避難場所 避難所・避難場所 更新日： 2023年01月11日 指定緊急避難所一覧表 No 施設・場所名 住所 管理 担当 連絡先 対象とする異常な現象の種類 指定 避難所 との 重複 想定 収容 人数 洪水 崖崩れ 土石流 及び 地滑り 地震 大規模 な火事 内水 氾濫 火山 現象 1 吉田林業会館 菅195-1 区の管理者 1 1 1 30 2 菅コミュニティ消防センター 菅1024-1 区の管理者 1 1 1 30 3 菅公民館 菅1324ィ-2 0264-36-3348 1 1 1 1 1 110 4 菅北部集会所 菅1823-1 区の管理者 1 1 1 1 1 1 30 5 木祖村民センター 薮原196 0264-36-2349 1 1 1
-7	木祖村	令和7年度	https://www.vill.kiso.nagano.jp/gyoseijoho/koho/koho_r7.html	令和7年度 | 信州木祖村 このページの本文へ 木祖村 --> 木祖村 サイト内検索 検索 Translate 文字サイズ 標準 大 TOP 令和7年度 令和7年度 更新日： 2026年05月28日 広報きそ394号 令和8年1月22日発行（5,092.9kbyte） 主な内容 P02〜P03 新年のご挨拶 P04 木祖村消防団出初式 P05 第5回ウォーキングラリー大賞結果発表 P06 第2回学校創りミーティングの報告について P07 村の奨学資金制度・利子補給金制度のご案内 P08 公民館だより P09 源流のもりクラブニュース P10 木祖村郷土館だより P11 観光協会だより P12〜P14 税の窓口 P15 伊藤一生の恋愛コラム＆きそむらふるさと大使活動報告 P16 保育園＆子育て支援センターだより P17 放課後児童クラブ日記 P18～P20 お知らせ P21 自衛官等募集案内 広報きそ393号 令和7年11月27日
-7	大桑村	空き家情報バンク	https://www.vill.okuwa.lg.jp/kurashi/akiyabank/index.html	空き家情報バンク | 大桑村公式サイト サイト内検索 防災情報 Translate 文字サイズ： 標準 大 トップ くらし 空き家情報バンク 空き家情報バンク できごとから探す 結婚・離婚 子育て・学習 就職・転職 引っ越し 医療・福祉 高齢・介護 死亡・相続 申請書ダウンロード 便利帳 組織から探す 大桑村 〒399-5503 長野県木曽郡大桑村長野880番地1 電話番号：0264-55-3080 FAX番号：0264-55-4134 （法人番号1000020204307） 役場までのアクセス お問い合わせ このサイトについて 個人情報保護について サイトマップ リンク集 Copyright &copy; Okuwa Village All rights Reserved. ページの先頭へ戻る
-7	大桑村	大桑村のSNS一覧	https://www.vill.okuwa.lg.jp/okuwa/gyoseijoho/sns_johohasshin/okuwa_sns_ichiran.html	急情報を発信するほか、利用者からは道路状況や鳥獣に関する情報などを村へ報告することができます。 アカウント名： 大桑村 大桑村公式LINEの使い方 大桑村LINE公式アカウント運用方針 担当 総務課企画情報係 Instagram 大桑村の基本情報や村の魅力を伝える動画、地域おこし協力隊員による大桑の今や各種イベント情報の発信などを行っていきます。 本格運用は令和８年４月１日からとなります。 アカウント名： 大桑村公式Instagram 大桑村公式Instagram運用ポリシー（157.9kbyte） 担当 総務課企画情報係 X（旧Twitter） 各種情報を発信しています。 アカウント名： 【公式】長野県大桑村 担当 総務課企画情報係 Facebook 生涯学習係のイベントや講座の情報を発信しています。 アカウント名： 大桑村教育委員会生涯学習係 大桑村教育委員会生涯学習係公式ＳＮＳ運用方針（362.7kbyte） 担当 教育委
-7	大桑村	移住・定住	https://www.vill.okuwa.lg.jp/okuwa/iju-teiju/index.html	移住・定住 | 大桑村公式サイト サイト内検索 防災情報 Translate 文字サイズ： 標準 大 トップ 大桑村について 移住・定住 移住・定住 できごとから探す 結婚・離婚 子育て・学習 就職・転職 引っ越し 医療・福祉 高齢・介護 死亡・相続 申請書ダウンロード 便利帳 組織から探す 大桑村 〒399-5503 長野県木曽郡大桑村長野880番地1 電話番号：0264-55-3080 FAX番号：0264-55-4134 （法人番号1000020204307） 役場までのアクセス お問い合わせ このサイトについて 個人情報保護について サイトマップ リンク集 Copyright &copy; Okuwa Village All rights Reserved. ページの先頭へ戻る
-7	大桑村	リンク集	https://www.vill.okuwa.lg.jp/link.html	／ 電話番号：0264-55-3080／ FAX番号：0264-55-3080 アンケート このページは役に立ちましたか？ とても役に立った 役に立った 普通 わかりづらい 役に立たなかった このページについての要望等を入力して送信ボタンを押してください。 できごとから探す 結婚・離婚 子育て・学習 就職・転職 引っ越し 医療・福祉 高齢・介護 死亡・相続 申請書ダウンロード 便利帳 組織から探す 大桑村 〒399-5503 長野県木曽郡大桑村長野880番地1 電話番号：0264-55-3080 FAX番号：0264-55-4134 （法人番号1000020204307） 役場までのアクセス お問い合わせ このサイトについて 個人情報保護について サイトマップ リンク集 Copyright &copy; Okuwa Village All rights Reserved. ページの先頭へ戻る
-7	大桑村	地震対策	https://www.vill.okuwa.lg.jp/kurashi/bosai-bohan/jisintaisaku.html	するために、通路や出入り口には物を置かないようにしましょう。 窓ガラスや食器棚や額縁などに飛散防止フィルムを貼りましょう。 ブロック塀にひび割れや傾いているもの、また土中にしっかりとした基礎部分が無いものや鉄筋が入っていないものは補強をしましょう。 ※建築基準法が改正され、耐震基準が強化された昭和56年以前の建物については耐震診断や耐震改修を行いましょう。（補助が受けられます。詳しくは建設水道課 建設住宅係へ問い合わせてください。） 地震が発生したら 地震発生 落ち着いてまずは自分の身を守りましょう。 揺れがおさまったら 火の元の確認。コンロの火を消し、ガスの元栓を閉める。 火が出ていたら消火をする。 家族の安全を確認。 靴を履く（ガラス等から足を守る） ドアや窓を開けて逃げ道を確保する（戸や窓が開かなくなり逃げられなくならないように） ちょっと余裕ができたら 非常持ち出し品を準備する。 隣近所の安全を確認しましょう。（ささえあ
-7	大桑村	風水害用語	https://www.vill.okuwa.lg.jp/kurashi/bosai-bohan/fusuigai-yougo.html	／ 電話番号：0264-55-3080／ FAX番号：0264-55-4134 アンケート このページは役に立ちましたか？ とても役に立った 役に立った 普通 わかりづらい 役に立たなかった このページについての要望等を入力して送信ボタンを押してください。 できごとから探す 結婚・離婚 子育て・学習 就職・転職 引っ越し 医療・福祉 高齢・介護 死亡・相続 申請書ダウンロード 便利帳 組織から探す 大桑村 〒399-5503 長野県木曽郡大桑村長野880番地1 電話番号：0264-55-3080 FAX番号：0264-55-4134 （法人番号1000020204307） 役場までのアクセス お問い合わせ このサイトについて 個人情報保護について サイトマップ リンク集 Copyright &copy; Okuwa Village All rights Reserved. ページの先頭へ戻る
-7	大桑村	火災対策	https://www.vill.okuwa.lg.jp/kurashi/bosai-bohan/kasai.html	／ 電話番号：0264-55-3080／ FAX番号：0264-55-4134 アンケート このページは役に立ちましたか？ とても役に立った 役に立った 普通 わかりづらい 役に立たなかった このページについての要望等を入力して送信ボタンを押してください。 できごとから探す 結婚・離婚 子育て・学習 就職・転職 引っ越し 医療・福祉 高齢・介護 死亡・相続 申請書ダウンロード 便利帳 組織から探す 大桑村 〒399-5503 長野県木曽郡大桑村長野880番地1 電話番号：0264-55-3080 FAX番号：0264-55-4134 （法人番号1000020204307） 役場までのアクセス お問い合わせ このサイトについて 個人情報保護について サイトマップ リンク集 Copyright &copy; Okuwa Village All rights Reserved. ページの先頭へ戻る
-7	大桑村	農林業	https://www.vill.okuwa.lg.jp/sangyo-nyusatsu-business/noringyo/index.html	農林業 | 大桑村公式サイト サイト内検索 防災情報 Translate 文字サイズ： 標準 大 トップ 産業・入札・ビジネス 農林業 農林業 できごとから探す 結婚・離婚 子育て・学習 就職・転職 引っ越し 医療・福祉 高齢・介護 死亡・相続 申請書ダウンロード 便利帳 組織から探す 大桑村 〒399-5503 長野県木曽郡大桑村長野880番地1 電話番号：0264-55-3080 FAX番号：0264-55-4134 （法人番号1000020204307） 役場までのアクセス お問い合わせ このサイトについて 個人情報保護について サイトマップ リンク集 Copyright &copy; Okuwa Village All rights Reserved. ページの先頭へ戻る
-8	木祖村	信州木祖村	https://www.vill.kiso.nagano.jp/	信州木祖村 - はるか源流の里 - このページの本文へ 木祖村 --> 木祖村 サイト内検索 検索 Translate 文字サイズ 標準 大 木曽川の水が生まれる 源流の里 信州木祖村 移住・定住 観光 ふるさと納税 子育て・教育 もしものために 休日当番医 感染症情報 避難所・避難場所 木祖村防災WEB 道路交通情報 新着情報 ピックアップ ライフシーンから探す 妊娠・出産 子育て 結婚・離婚 転入・転出 健康・医療 老後 おくやみ 暮らしの便利帳 木祖村について --> 村長の部屋 木祖村SNS 木祖村Twitter 木祖村観光Facebook 木祖村YouTubeチャンネル 木祖村の人口 人口 2,429人 男性 1,143人 女性 1,286人 総世帯数 1,074戸 (2026.7.1 現在) 木祖村について 広報きそ バックナンバーを見る 木祖村村歌 源流よ、永遠に 木祖村 認定商品 関連リンク バナー広告 お問い合
-8	木祖村	村長の部屋	https://www.vill.kiso.nagano.jp/gyoseijoho/koho/sonntyou_heya.html	村長の部屋 | 信州木祖村 このページの本文へ 木祖村 --> 木祖村 サイト内検索 検索 Translate 文字サイズ 標準 大 TOP 行政情報 広報 村長の部屋 村長の部屋 更新日： 2026年04月09日 木祖村長 奥原 秀一 木祖村のホームページをご覧いただき、ありがとうございます。 木祖村は、流路延長229kmの日本を代表する大河・木曽川の最上流に位置する自然豊かな山あいの村です。周囲を2,000m級の山に囲まれ、村の東側にある鳥居峠は太平洋に注ぐ木曽川と信濃川の分水嶺となっています。村の中央部を木曽川が流れ、山には木々が茂るのどかな農村風景が広がる山村に、2,700人程の村民が暮らしています。 村内では、御嶽はくさいやとうもろこし、漬物や蕎麦など高原ならではの味覚を楽しむことができ、伝統工芸品の「お六櫛」や、全国の80％の生産量を占めるキャンバス等の産業が盛んです。また、「こだまの森」や「やぶはら高原スキー場」、
-8	木祖村	木祖村	https://www.vill.kiso.nagano.jp/gyoseijoho/johokokai_kojinjoho/rule.html	。また、悪質な場合には法的措置をとる場合があります。 有害なコンピュータプログラムを送信又は書き込む行為 他人の電子メールアドレスを登録する等、虚偽の申告、届出を行う行為 本サービスの運営を妨害する行為、信用を毀損する行為 法令や公序良俗に違反する行為又はそのおそれがある行為 他人の権利を侵害する行為 その他、木祖村が不適当と認める行為 ご利用環境について 申請書のダウンロードなど、ページによっては以下のソフトが必要となります。 Adobe Reader Microsoft Word Microsoft Excel この記事へのお問い合わせ先 木祖村役場 住所： 長野県木曽郡木祖村大字薮原1191-1／ 電話番号： 0264-36-2001／ FAX番号： 0264-36-3344 アンケート このページは役に立ちましたか？ 役に立った 普通 わかりづらい 役に立たなかった このページについての要望等を入力して送信ボタンを押して
-8	王滝村	事業者の方へ	https://www.vill.otaki.nagano.jp/jigyosha/	事業者の方へ（カテゴリ一覧ページ） | 王滝村 このページの本文へ 霊峰御嶽山の麓 水と緑のふるさと ホーム くらし 事業者の方へ 王滝村について 観光 ブログ サイト内検索 検索 防災情報 Translate 文字サイズ 標準 大 HOME 事業者の方へ 事業者の方へ
-8	王滝村	事業者の方へ	https://www.vill.otaki.nagano.jp/jigyosha/index.html	事業者の方へ（カテゴリ一覧ページ） | 王滝村 このページの本文へ 霊峰御嶽山の麓 水と緑のふるさと ホーム くらし 事業者の方へ 王滝村について 観光 ブログ サイト内検索 検索 防災情報 Translate 文字サイズ 標準 大 HOME 事業者の方へ 事業者の方へ
-8	王滝村	王滝村保健福祉センター「おんたけの里」よらまいか	https://www.vill.otaki.nagano.jp/aboutus/gaiyou/facility/hoken.html	センター 住民の健康づ＜りを推進するための健康相談、健康教室、健康診断等の総合的な保健サービスを行います。 王滝村地域包括支援センター 高齢者が住み慣れた地域で、尊厳あるその人らしい生活を継続することができるようにすることを目的として、社会福祉士・保健師などの資格を有する職員が業務を行います。 関連ページを見る デイサービスセンター 介護保険事業 介護保険 対象者に対して、生活指導、日常動作訓練、家族介護者教室、健康チェック、入浴サービス、給食サービスを行います。 一般事業 配食サービス、移送サービス、介護者リフレッシュ事業、介護教室、いきいきサロン、まめまめ運動教室、 どんぐり広揚等各事業を行います。 高齢者生活福祉センター おおむね６０歳以上のひとり暮らしの方及び夫婦のみの世帯であって、高齢等のため独立して生活することに不安のある方に対して、 生活の場を提供します。 保健福祉センターの位置 この記事へのお問い合わせ先 福祉健
-8	王滝村	事業者支援・雇用	https://www.vill.otaki.nagano.jp/jigyosha/support/j-credit.html	事業者支援・雇用 | 王滝村 このページの本文へ 霊峰御嶽山の麓 水と緑のふるさと ホーム くらし 事業者の方へ 王滝村について 観光 ブログ サイト内検索 検索 防災情報 Translate 文字サイズ 標準 大 HOME 事業者の方へ 事業者支援・雇用 事業者支援・雇用
-8	大桑村	お探しのページはありません	https://www.vill.okuwa.lg.jp/robots.txt	変更になりました。 https://www.vill.okuwa.lg.jp/ アンケート このページは役に立ちましたか？ とても役に立った 役に立った 普通 わかりづらい 役に立たなかった このページについての要望等を入力して送信ボタンを押してください。 できごとから探す 結婚・離婚 子育て・学習 就職・転職 引っ越し 医療・福祉 高齢・介護 死亡・相続 申請書ダウンロード 便利帳 組織から探す 大桑村 〒399-5503 長野県木曽郡大桑村長野880番地1 電話番号：0264-55-3080 FAX番号：0264-55-4134 （法人番号1000020204307） 役場までのアクセス お問い合わせ このサイトについて 個人情報保護について サイトマップ リンク集 Copyright &copy; Okuwa Village All rights Reserved. ページの先頭へ戻る
-8	大桑村	重要なお知らせ一覧	https://www.vill.okuwa.lg.jp/important.html	重要なお知らせ一覧 | 大桑村公式サイト サイト内検索 防災情報 Translate 文字サイズ： 標準 大 トップ 重要なお知らせ一覧 重要なお知らせ一覧 できごとから探す 結婚・離婚 子育て・学習 就職・転職 引っ越し 医療・福祉 高齢・介護 死亡・相続 申請書ダウンロード 便利帳 組織から探す 大桑村 〒399-5503 長野県木曽郡大桑村長野880番地1 電話番号：0264-55-3080 FAX番号：0264-55-4134 （法人番号1000020204307） 役場までのアクセス お問い合わせ このサイトについて 個人情報保護について サイトマップ リンク集 Copyright &copy; Okuwa Village All rights Reserved. ページの先頭へ戻る
-8	大桑村	防災・防犯	https://www.vill.okuwa.lg.jp/kurashi/bosai-bohan/index.html	防災・防犯 | 大桑村公式サイト サイト内検索 防災情報 Translate 文字サイズ： 標準 大 トップ くらし 防災・防犯 防災・防犯 できごとから探す 結婚・離婚 子育て・学習 就職・転職 引っ越し 医療・福祉 高齢・介護 死亡・相続 申請書ダウンロード 便利帳 組織から探す 大桑村 〒399-5503 長野県木曽郡大桑村長野880番地1 電話番号：0264-55-3080 FAX番号：0264-55-4134 （法人番号1000020204307） 役場までのアクセス お問い合わせ このサイトについて 個人情報保護について サイトマップ リンク集 Copyright &copy; Okuwa Village All rights Reserved. ページの先頭へ戻る
-8	大桑村	Foreign Language	https://www.vill.okuwa.lg.jp/language.html	e 更新日：2024年01月30日 English 中文簡体 中文繁体 한국어 アンケート このページは役に立ちましたか？ とても役に立った 役に立った 普通 わかりづらい 役に立たなかった このページについての要望等を入力して送信ボタンを押してください。 できごとから探す 結婚・離婚 子育て・学習 就職・転職 引っ越し 医療・福祉 高齢・介護 死亡・相続 申請書ダウンロード 便利帳 組織から探す 大桑村 〒399-5503 長野県木曽郡大桑村長野880番地1 電話番号：0264-55-3080 FAX番号：0264-55-4134 （法人番号1000020204307） 役場までのアクセス お問い合わせ このサイトについて 個人情報保護について サイトマップ リンク集 Copyright &copy; Okuwa Village All rights Reserved. ページの先頭へ戻る
-8	大桑村	職員採用案内	https://www.vill.okuwa.lg.jp/okuwa/gyoseijoho/shokuimboshu/okuwa_village_staff_recruitment_information.html	職員採用案内 | 大桑村公式サイト サイト内検索 防災情報 Translate 文字サイズ： 標準 大 トップ 大桑村について 行政情報 職員募集 職員採用案内 職員採用案内 更新日：2026年04月23日 下記のとおり、職員を募集しています。 村職員 一般行政職 会計年度任用職員（村費） 【村長部局】 現在、募集はありません。 【教育委員会部局】 現在、募集はありません。 村職員 令和９年度採用職員採用試験（７月試験） 大桑村では令和９年４月採用の職員を募集します。 募集職種（区分）及び採用予定人員 一般行政職（行政・事務） 若干名 受験資格 昭和56年４月２日以降に生まれ、学校教育法による高等学校以上（※）を卒業した人 （令和９年３月31日までに卒業見込みの人を含む。） ※学校教育法による高等学校以上とは、大学、短期大学、高等学校、専門学校等を指します。 試験日時及び会場 １次試験 令和８年７月１２日(日曜日） 大桑村役場
-8	大桑村	大桑村図書館	https://www.vill.okuwa.lg.jp/okuwa/library/index.html	大桑村図書館 | 大桑村公式サイト サイト内検索 防災情報 Translate 文字サイズ： 標準 大 トップ 大桑村について 大桑村図書館 大桑村図書館 できごとから探す 結婚・離婚 子育て・学習 就職・転職 引っ越し 医療・福祉 高齢・介護 死亡・相続 申請書ダウンロード 便利帳 組織から探す 大桑村 〒399-5503 長野県木曽郡大桑村長野880番地1 電話番号：0264-55-3080 FAX番号：0264-55-4134 （法人番号1000020204307） 役場までのアクセス お問い合わせ このサイトについて 個人情報保護について サイトマップ リンク集 Copyright &copy; Okuwa Village All rights Reserved. ページの先頭へ戻る
-8	大桑村	統計	https://www.vill.okuwa.lg.jp/okuwa/gyoseijoho/toukei.html	統計 | 大桑村公式サイト サイト内検索 防災情報 Translate 文字サイズ： 標準 大 トップ 大桑村について 行政情報 統計 統計 更新日：2026年04月27日 2025年大桑村統計書（令和8年3月発行）（1,144.6kbyte） 2024年大桑村統計書（令和7年3月発行）（1,198.9kbyte） 2023年大桑村統計書（令和6年3月発行）（2,026.1kbyte） 2022年大桑村統計書（令和5年3月発行）（2,133.2kbyte） 2021年大桑村統計書（令和4年3月発行） （1,189.4kbyte） 2020年大桑村統計書（令和3年3月発行） （1,765.3kbyte） 2019年大桑村統計書（令和2年3月発行）（1,703kbyte） 2018年大桑村統計書（平成31年3月発行）（1,701.1kbyte） 2017年大桑村統計書（平成30年3月発行）（1,314.9kbyte） 2016年大桑
-8	大桑村	自然	https://www.vill.okuwa.lg.jp/kanko/shizen/index.html	自然 | 大桑村公式サイト サイト内検索 防災情報 Translate 文字サイズ： 標準 大 トップ 観光 自然 自然 できごとから探す 結婚・離婚 子育て・学習 就職・転職 引っ越し 医療・福祉 高齢・介護 死亡・相続 申請書ダウンロード 便利帳 組織から探す 大桑村 〒399-5503 長野県木曽郡大桑村長野880番地1 電話番号：0264-55-3080 FAX番号：0264-55-4134 （法人番号1000020204307） 役場までのアクセス お問い合わせ このサイトについて 個人情報保護について サイトマップ リンク集 Copyright &copy; Okuwa Village All rights Reserved. ページの先頭へ戻る
-8	大桑村	結婚・離婚	https://www.vill.okuwa.lg.jp/dekigoto/kekkon-rikon/index.html	結婚・離婚 | 大桑村公式サイト サイト内検索 防災情報 Translate 文字サイズ： 標準 大 トップ できごとから探す 結婚・離婚 結婚・離婚 できごとから探す 結婚・離婚 子育て・学習 就職・転職 引っ越し 医療・福祉 高齢・介護 死亡・相続 申請書ダウンロード 便利帳 組織から探す 大桑村 〒399-5503 長野県木曽郡大桑村長野880番地1 電話番号：0264-55-3080 FAX番号：0264-55-4134 （法人番号1000020204307） 役場までのアクセス お問い合わせ このサイトについて 個人情報保護について サイトマップ リンク集 Copyright &copy; Okuwa Village All rights Reserved. ページの先頭へ戻る
-8	大桑村	子育て・学習	https://www.vill.okuwa.lg.jp/dekigoto/kosodate-gakushu/index.html	子育て・学習 | 大桑村公式サイト サイト内検索 防災情報 Translate 文字サイズ： 標準 大 トップ できごとから探す 子育て・学習 子育て・学習 できごとから探す 結婚・離婚 子育て・学習 就職・転職 引っ越し 医療・福祉 高齢・介護 死亡・相続 申請書ダウンロード 便利帳 組織から探す 大桑村 〒399-5503 長野県木曽郡大桑村長野880番地1 電話番号：0264-55-3080 FAX番号：0264-55-4134 （法人番号1000020204307） 役場までのアクセス お問い合わせ このサイトについて 個人情報保護について サイトマップ リンク集 Copyright &copy; Okuwa Village All rights Reserved. ページの先頭へ戻る
-8	大桑村	就職・転職	https://www.vill.okuwa.lg.jp/dekigoto/shushoku-tenshoku/index.html	就職・転職 | 大桑村公式サイト サイト内検索 防災情報 Translate 文字サイズ： 標準 大 トップ できごとから探す 就職・転職 就職・転職 できごとから探す 結婚・離婚 子育て・学習 就職・転職 引っ越し 医療・福祉 高齢・介護 死亡・相続 申請書ダウンロード 便利帳 組織から探す 大桑村 〒399-5503 長野県木曽郡大桑村長野880番地1 電話番号：0264-55-3080 FAX番号：0264-55-4134 （法人番号1000020204307） 役場までのアクセス お問い合わせ このサイトについて 個人情報保護について サイトマップ リンク集 Copyright &copy; Okuwa Village All rights Reserved. ページの先頭へ戻る
-8	大桑村	引っ越し	https://www.vill.okuwa.lg.jp/dekigoto/hikkoshi/index.html	引っ越し | 大桑村公式サイト サイト内検索 防災情報 Translate 文字サイズ： 標準 大 トップ できごとから探す 引っ越し 引っ越し できごとから探す 結婚・離婚 子育て・学習 就職・転職 引っ越し 医療・福祉 高齢・介護 死亡・相続 申請書ダウンロード 便利帳 組織から探す 大桑村 〒399-5503 長野県木曽郡大桑村長野880番地1 電話番号：0264-55-3080 FAX番号：0264-55-4134 （法人番号1000020204307） 役場までのアクセス お問い合わせ このサイトについて 個人情報保護について サイトマップ リンク集 Copyright &copy; Okuwa Village All rights Reserved. ページの先頭へ戻る
-8	大桑村	医療・福祉	https://www.vill.okuwa.lg.jp/dekigoto/iryo-fukushi/index.html	医療・福祉 | 大桑村公式サイト サイト内検索 防災情報 Translate 文字サイズ： 標準 大 トップ できごとから探す 医療・福祉 医療・福祉 できごとから探す 結婚・離婚 子育て・学習 就職・転職 引っ越し 医療・福祉 高齢・介護 死亡・相続 申請書ダウンロード 便利帳 組織から探す 大桑村 〒399-5503 長野県木曽郡大桑村長野880番地1 電話番号：0264-55-3080 FAX番号：0264-55-4134 （法人番号1000020204307） 役場までのアクセス お問い合わせ このサイトについて 個人情報保護について サイトマップ リンク集 Copyright &copy; Okuwa Village All rights Reserved. ページの先頭へ戻る
-8	大桑村	高齢・介護	https://www.vill.okuwa.lg.jp/dekigoto/korei-kaigo/index.html	高齢・介護 | 大桑村公式サイト サイト内検索 防災情報 Translate 文字サイズ： 標準 大 トップ できごとから探す 高齢・介護 高齢・介護 できごとから探す 結婚・離婚 子育て・学習 就職・転職 引っ越し 医療・福祉 高齢・介護 死亡・相続 申請書ダウンロード 便利帳 組織から探す 大桑村 〒399-5503 長野県木曽郡大桑村長野880番地1 電話番号：0264-55-3080 FAX番号：0264-55-4134 （法人番号1000020204307） 役場までのアクセス お問い合わせ このサイトについて 個人情報保護について サイトマップ リンク集 Copyright &copy; Okuwa Village All rights Reserved. ページの先頭へ戻る
-8	大桑村	死亡・相続	https://www.vill.okuwa.lg.jp/dekigoto/shibo-sozoku/index.html	死亡・相続 | 大桑村公式サイト サイト内検索 防災情報 Translate 文字サイズ： 標準 大 トップ できごとから探す 死亡・相続 死亡・相続 できごとから探す 結婚・離婚 子育て・学習 就職・転職 引っ越し 医療・福祉 高齢・介護 死亡・相続 申請書ダウンロード 便利帳 組織から探す 大桑村 〒399-5503 長野県木曽郡大桑村長野880番地1 電話番号：0264-55-3080 FAX番号：0264-55-4134 （法人番号1000020204307） 役場までのアクセス お問い合わせ このサイトについて 個人情報保護について サイトマップ リンク集 Copyright &copy; Okuwa Village All rights Reserved. ページの先頭へ戻る
-8	大桑村	申請書ダウンロード	https://www.vill.okuwa.lg.jp/dekigoto/shinseishodl/index.html	申請書ダウンロード | 大桑村公式サイト サイト内検索 防災情報 Translate 文字サイズ： 標準 大 トップ できごとから探す 申請書ダウンロード 申請書ダウンロード できごとから探す 結婚・離婚 子育て・学習 就職・転職 引っ越し 医療・福祉 高齢・介護 死亡・相続 申請書ダウンロード 便利帳 組織から探す 大桑村 〒399-5503 長野県木曽郡大桑村長野880番地1 電話番号：0264-55-3080 FAX番号：0264-55-4134 （法人番号1000020204307） 役場までのアクセス お問い合わせ このサイトについて 個人情報保護について サイトマップ リンク集 Copyright &copy; Okuwa Village All rights Reserved. ページの先頭へ戻る
-8	大桑村	新着情報一覧	https://www.vill.okuwa.lg.jp/news.html	新着情報一覧 | 大桑村公式サイト サイト内検索 防災情報 Translate 文字サイズ： 標準 大 トップ 新着情報一覧 新着情報一覧 できごとから探す 結婚・離婚 子育て・学習 就職・転職 引っ越し 医療・福祉 高齢・介護 死亡・相続 申請書ダウンロード 便利帳 組織から探す 大桑村 〒399-5503 長野県木曽郡大桑村長野880番地1 電話番号：0264-55-3080 FAX番号：0264-55-4134 （法人番号1000020204307） 役場までのアクセス お問い合わせ このサイトについて 個人情報保護について サイトマップ リンク集 Copyright &copy; Okuwa Village All rights Reserved. ページの先頭へ戻る
-8	大桑村	注目情報一覧	https://www.vill.okuwa.lg.jp/notice.html	注目情報一覧 | 大桑村公式サイト サイト内検索 防災情報 Translate 文字サイズ： 標準 大 トップ 注目情報一覧 注目情報一覧 できごとから探す 結婚・離婚 子育て・学習 就職・転職 引っ越し 医療・福祉 高齢・介護 死亡・相続 申請書ダウンロード 便利帳 組織から探す 大桑村 〒399-5503 長野県木曽郡大桑村長野880番地1 電話番号：0264-55-3080 FAX番号：0264-55-4134 （法人番号1000020204307） 役場までのアクセス お問い合わせ このサイトについて 個人情報保護について サイトマップ リンク集 Copyright &copy; Okuwa Village All rights Reserved. ページの先頭へ戻る
-8	大桑村	広報おおくわ	https://www.vill.okuwa.lg.jp/okuwa/koho/index.html	広報おおくわ | 大桑村公式サイト サイト内検索 防災情報 Translate 文字サイズ： 標準 大 トップ 大桑村について 広報おおくわ 広報おおくわ できごとから探す 結婚・離婚 子育て・学習 就職・転職 引っ越し 医療・福祉 高齢・介護 死亡・相続 申請書ダウンロード 便利帳 組織から探す 大桑村 〒399-5503 長野県木曽郡大桑村長野880番地1 電話番号：0264-55-3080 FAX番号：0264-55-4134 （法人番号1000020204307） 役場までのアクセス お問い合わせ このサイトについて 個人情報保護について サイトマップ リンク集 Copyright &copy; Okuwa Village All rights Reserved. ページの先頭へ戻る
-8	大桑村	観光	https://www.vill.okuwa.lg.jp/kanko/index.html	観光 | 大桑村公式サイト サイト内検索 防災情報 Translate 文字サイズ： 標準 大 トップ 観光 観光 新着情報 できごとから探す 結婚・離婚 子育て・学習 就職・転職 引っ越し 医療・福祉 高齢・介護 死亡・相続 申請書ダウンロード 便利帳 組織から探す 大桑村 〒399-5503 長野県木曽郡大桑村長野880番地1 電話番号：0264-55-3080 FAX番号：0264-55-4134 （法人番号1000020204307） 役場までのアクセス お問い合わせ このサイトについて 個人情報保護について サイトマップ リンク集 Copyright &copy; Okuwa Village All rights Reserved. ページの先頭へ戻る
-8	大桑村	ふるさと納税	https://www.vill.okuwa.lg.jp/okuwa/furusatonozei/index.html	ふるさと納税 | 大桑村公式サイト サイト内検索 防災情報 Translate 文字サイズ： 標準 大 トップ 大桑村について ふるさと納税 ふるさと納税 できごとから探す 結婚・離婚 子育て・学習 就職・転職 引っ越し 医療・福祉 高齢・介護 死亡・相続 申請書ダウンロード 便利帳 組織から探す 大桑村 〒399-5503 長野県木曽郡大桑村長野880番地1 電話番号：0264-55-3080 FAX番号：0264-55-4134 （法人番号1000020204307） 役場までのアクセス お問い合わせ このサイトについて 個人情報保護について サイトマップ リンク集 Copyright &copy; Okuwa Village All rights Reserved. ページの先頭へ戻る
-8	大桑村	村の概要	https://www.vill.okuwa.lg.jp/okuwa/muranogaiyo/index.html	村の概要 | 大桑村公式サイト サイト内検索 防災情報 Translate 文字サイズ： 標準 大 トップ 大桑村について 村の概要 村の概要 できごとから探す 結婚・離婚 子育て・学習 就職・転職 引っ越し 医療・福祉 高齢・介護 死亡・相続 申請書ダウンロード 便利帳 組織から探す 大桑村 〒399-5503 長野県木曽郡大桑村長野880番地1 電話番号：0264-55-3080 FAX番号：0264-55-4134 （法人番号1000020204307） 役場までのアクセス お問い合わせ このサイトについて 個人情報保護について サイトマップ リンク集 Copyright &copy; Okuwa Village All rights Reserved. ページの先頭へ戻る
-8	大桑村	大桑村議会	https://www.vill.okuwa.lg.jp/okuwa/gikai/index.html	大桑村議会 | 大桑村公式サイト サイト内検索 防災情報 Translate 文字サイズ： 標準 大 トップ 大桑村について 大桑村議会 大桑村議会 できごとから探す 結婚・離婚 子育て・学習 就職・転職 引っ越し 医療・福祉 高齢・介護 死亡・相続 申請書ダウンロード 便利帳 組織から探す 大桑村 〒399-5503 長野県木曽郡大桑村長野880番地1 電話番号：0264-55-3080 FAX番号：0264-55-4134 （法人番号1000020204307） 役場までのアクセス お問い合わせ このサイトについて 個人情報保護について サイトマップ リンク集 Copyright &copy; Okuwa Village All rights Reserved. ページの先頭へ戻る
-8	大桑村	お問い合わせ	https://www.vill.okuwa.lg.jp/inquiry.html	（住所の地番漏れなど）な場合は、回答できないこともありますのでご了承ください。 回答は基本メールで行います。 回答には時間を要する場合があります。数日中の対応が必要など、お急ぎの場合は、恐れ入りますが電話でお問い合わせください。 TEL:0264-55-3080（代表） 村の業務に関係ないもの、誹謗・中傷に類するもの、企業の営業活動、政治・宗教に関するものは受付及び回答を行いませんので、ご了承ください。 企業、個人等からの各種調査やアンケートについて、営利目的と思われるものや村の業務以外に関するものなど、不適当と判断した場合は回答を行いません。 お問い合わせ内容 必須 氏名 必須 姓 名 郵便番号 必須 - 住所 必須 電話番号 必須 - - メールアドレス 必須 メールアドレス確認 必須 必要事項を入力後、「送信」ボタンを押してください。 ※お客様情報の入力に誤りがある場合、返信ができません。ご注意ください。 送信が完了しまし
-8	大桑村	個人情報保護方針	https://www.vill.okuwa.lg.jp/privacy.html	。 この記事へのお問い合わせ先 大桑村役場 電話番号：0264-55-3080 アンケート このページは役に立ちましたか？ とても役に立った 役に立った 普通 わかりづらい 役に立たなかった このページについての要望等を入力して送信ボタンを押してください。 できごとから探す 結婚・離婚 子育て・学習 就職・転職 引っ越し 医療・福祉 高齢・介護 死亡・相続 申請書ダウンロード 便利帳 組織から探す 大桑村 〒399-5503 長野県木曽郡大桑村長野880番地1 電話番号：0264-55-3080 FAX番号：0264-55-4134 （法人番号1000020204307） 役場までのアクセス お問い合わせ このサイトについて 個人情報保護について サイトマップ リンク集 Copyright &copy; Okuwa Village All rights Reserved. ページの先頭へ戻る
-8	大桑村	サイトマップ	https://www.vill.okuwa.lg.jp/map.html	サイトマップ | 大桑村 サイト内検索 防災情報 Translate 文字サイズ： 標準 大 トップ サイトマップ サイトマップ できごとから探す 結婚・離婚 子育て・学習 就職・転職 引っ越し 医療・福祉 高齢・介護 死亡・相続 申請書ダウンロード 便利帳 組織から探す 大桑村 〒399-5503 長野県木曽郡大桑村長野880番地1 電話番号：0264-55-3080 FAX番号：0264-55-4134 （法人番号1000020204307） 役場までのアクセス お問い合わせ このサイトについて 個人情報保護について サイトマップ リンク集 Copyright &copy; Okuwa Village All rights Reserved. ページの先頭へ戻る
-8	大桑村	組織から探す	https://www.vill.okuwa.lg.jp/soshiki/index.html	組織から探す | 大桑村公式サイト サイト内検索 防災情報 Translate 文字サイズ： 標準 大 トップ 組織から探す 組織から探す できごとから探す 結婚・離婚 子育て・学習 就職・転職 引っ越し 医療・福祉 高齢・介護 死亡・相続 申請書ダウンロード 便利帳 組織から探す 大桑村 〒399-5503 長野県木曽郡大桑村長野880番地1 電話番号：0264-55-3080 FAX番号：0264-55-4134 （法人番号1000020204307） 役場までのアクセス お問い合わせ このサイトについて 個人情報保護について サイトマップ リンク集 Copyright &copy; Okuwa Village All rights Reserved. ページの先頭へ戻る
-8	大桑村	くらし	https://www.vill.okuwa.lg.jp/kurashi/index.html	くらし | 大桑村公式サイト サイト内検索 防災情報 Translate 文字サイズ： 標準 大 トップ くらし くらし 新着情報 できごとから探す 結婚・離婚 子育て・学習 就職・転職 引っ越し 医療・福祉 高齢・介護 死亡・相続 申請書ダウンロード 便利帳 組織から探す 大桑村 〒399-5503 長野県木曽郡大桑村長野880番地1 電話番号：0264-55-3080 FAX番号：0264-55-4134 （法人番号1000020204307） 役場までのアクセス お問い合わせ このサイトについて 個人情報保護について サイトマップ リンク集 Copyright &copy; Okuwa Village All rights Reserved. ページの先頭へ戻る
-8	大桑村	防災について	https://www.vill.okuwa.lg.jp/kurashi/bosai-bohan/bousainituite.html	／ 電話番号：0264-55-3080／ FAX番号：0264-55-4134 アンケート このページは役に立ちましたか？ とても役に立った 役に立った 普通 わかりづらい 役に立たなかった このページについての要望等を入力して送信ボタンを押してください。 できごとから探す 結婚・離婚 子育て・学習 就職・転職 引っ越し 医療・福祉 高齢・介護 死亡・相続 申請書ダウンロード 便利帳 組織から探す 大桑村 〒399-5503 長野県木曽郡大桑村長野880番地1 電話番号：0264-55-3080 FAX番号：0264-55-4134 （法人番号1000020204307） 役場までのアクセス お問い合わせ このサイトについて 個人情報保護について サイトマップ リンク集 Copyright &copy; Okuwa Village All rights Reserved. ページの先頭へ戻る
-8	大桑村	地震用語	https://www.vill.okuwa.lg.jp/kurashi/bosai-bohan/jisin-yougo.html	／ 電話番号：0264-55-3080／ FAX番号：0264-55-4134 アンケート このページは役に立ちましたか？ とても役に立った 役に立った 普通 わかりづらい 役に立たなかった このページについての要望等を入力して送信ボタンを押してください。 できごとから探す 結婚・離婚 子育て・学習 就職・転職 引っ越し 医療・福祉 高齢・介護 死亡・相続 申請書ダウンロード 便利帳 組織から探す 大桑村 〒399-5503 長野県木曽郡大桑村長野880番地1 電話番号：0264-55-3080 FAX番号：0264-55-4134 （法人番号1000020204307） 役場までのアクセス お問い合わせ このサイトについて 個人情報保護について サイトマップ リンク集 Copyright &copy; Okuwa Village All rights Reserved. ページの先頭へ戻る
-8	大桑村	風水害対策	https://www.vill.okuwa.lg.jp/kurashi/bosai-bohan/fusuigai.html	／ 電話番号：0264-55-3080／ FAX番号：0264-55-4134 アンケート このページは役に立ちましたか？ とても役に立った 役に立った 普通 わかりづらい 役に立たなかった このページについての要望等を入力して送信ボタンを押してください。 できごとから探す 結婚・離婚 子育て・学習 就職・転職 引っ越し 医療・福祉 高齢・介護 死亡・相続 申請書ダウンロード 便利帳 組織から探す 大桑村 〒399-5503 長野県木曽郡大桑村長野880番地1 電話番号：0264-55-3080 FAX番号：0264-55-4134 （法人番号1000020204307） 役場までのアクセス お問い合わせ このサイトについて 個人情報保護について サイトマップ リンク集 Copyright &copy; Okuwa Village All rights Reserved. ページの先頭へ戻る
-8	大桑村	大桑村について	https://www.vill.okuwa.lg.jp/okuwa/index.html	大桑村について | 大桑村公式サイト サイト内検索 防災情報 Translate 文字サイズ： 標準 大 トップ 大桑村について 大桑村について 新着情報 できごとから探す 結婚・離婚 子育て・学習 就職・転職 引っ越し 医療・福祉 高齢・介護 死亡・相続 申請書ダウンロード 便利帳 組織から探す 大桑村 〒399-5503 長野県木曽郡大桑村長野880番地1 電話番号：0264-55-3080 FAX番号：0264-55-4134 （法人番号1000020204307） 役場までのアクセス お問い合わせ このサイトについて 個人情報保護について サイトマップ リンク集 Copyright &copy; Okuwa Village All rights Reserved. ページの先頭へ戻る
-8	大桑村	おおくわ子育てガイドブック	https://www.vill.okuwa.lg.jp/kosodate-kyoiku/nyuyoji/kosodateshiencenter/kosodate-guidebook.html	長野県木曽郡大桑村大字長野2775番地６／ 電話番号：0264-55-1215 アンケート このページは役に立ちましたか？ とても役に立った 役に立った 普通 わかりづらい 役に立たなかった このページについての要望等を入力して送信ボタンを押してください。 できごとから探す 結婚・離婚 子育て・学習 就職・転職 引っ越し 医療・福祉 高齢・介護 死亡・相続 申請書ダウンロード 便利帳 組織から探す 大桑村 〒399-5503 長野県木曽郡大桑村長野880番地1 電話番号：0264-55-3080 FAX番号：0264-55-4134 （法人番号1000020204307） 役場までのアクセス お問い合わせ このサイトについて 個人情報保護について サイトマップ リンク集 Copyright &copy; Okuwa Village All rights Reserved. ページの先頭へ戻る
-8	大桑村	行政情報	https://www.vill.okuwa.lg.jp/okuwa/gyoseijoho/index.html	行政情報 | 大桑村公式サイト サイト内検索 防災情報 Translate 文字サイズ： 標準 大 トップ 大桑村について 行政情報 行政情報 できごとから探す 結婚・離婚 子育て・学習 就職・転職 引っ越し 医療・福祉 高齢・介護 死亡・相続 申請書ダウンロード 便利帳 組織から探す 大桑村 〒399-5503 長野県木曽郡大桑村長野880番地1 電話番号：0264-55-3080 FAX番号：0264-55-4134 （法人番号1000020204307） 役場までのアクセス お問い合わせ このサイトについて 個人情報保護について サイトマップ リンク集 Copyright &copy; Okuwa Village All rights Reserved. ページの先頭へ戻る
-8	大桑村	子育て・教育	https://www.vill.okuwa.lg.jp/kosodate-kyoiku/index.html	子育て・教育 | 大桑村公式サイト サイト内検索 防災情報 Translate 文字サイズ： 標準 大 トップ 子育て・教育 子育て・教育 新着情報 できごとから探す 結婚・離婚 子育て・学習 就職・転職 引っ越し 医療・福祉 高齢・介護 死亡・相続 申請書ダウンロード 便利帳 組織から探す 大桑村 〒399-5503 長野県木曽郡大桑村長野880番地1 電話番号：0264-55-3080 FAX番号：0264-55-4134 （法人番号1000020204307） 役場までのアクセス お問い合わせ このサイトについて 個人情報保護について サイトマップ リンク集 Copyright &copy; Okuwa Village All rights Reserved. ページの先頭へ戻る
-8	大桑村	大桑村歴史民俗資料館	https://www.vill.okuwa.lg.jp/kosodate-kyoiku/okuwamura_rekishiminzokushiryokan/index.html	大桑村歴史民俗資料館 | 大桑村公式サイト サイト内検索 防災情報 Translate 文字サイズ： 標準 大 トップ 子育て・教育 大桑村歴史民俗資料館 大桑村歴史民俗資料館 できごとから探す 結婚・離婚 子育て・学習 就職・転職 引っ越し 医療・福祉 高齢・介護 死亡・相続 申請書ダウンロード 便利帳 組織から探す 大桑村 〒399-5503 長野県木曽郡大桑村長野880番地1 電話番号：0264-55-3080 FAX番号：0264-55-4134 （法人番号1000020204307） 役場までのアクセス お問い合わせ このサイトについて 個人情報保護について サイトマップ リンク集 Copyright &copy; Okuwa Village All rights Reserved. ページの先頭へ戻る
-8	大桑村	まなびましょう（令和7年度）	https://www.vill.okuwa.lg.jp/kosodate-kyoiku/shogaigakushu/manabimasho/manabimasyou_r7.html	まなびましょう（令和7年度） | 大桑村公式サイト サイト内検索 防災情報 Translate 文字サイズ： 標準 大 トップ 子育て・教育 生涯学習 生涯学習情報「まなびましょう」 まなびましょう（令和7年度） まなびましょう（令和7年度） 更新日：2026年03月12日 まなびましょう No635 2026年3月12日（29,518kbyte） まなびましょう No634 2026年2月12日（64,115kbyte） まなびましょう No633 2026年1月8日（46,595kbyte） まなびましょう No632 2025年12月11日（52,695kbyte） まなびましょう No631 2025年11月13日（67,820kbyte） まなびましょう No630 2025年10月9日（39,863kbyte） まなびましょう No629 2025年9月11日（27,121kbyte） まなびましょう No628 2
-8	大桑村	大桑らんらん講座【親子釣り教室】	https://www.vill.okuwa.lg.jp/event/2026/ranran2026tsurikyoushitsu.html	／ 電話番号：0264-55-1020／ FAX番号：0264-55-4134 アンケート このページは役に立ちましたか？ とても役に立った 役に立った 普通 わかりづらい 役に立たなかった このページについての要望等を入力して送信ボタンを押してください。 できごとから探す 結婚・離婚 子育て・学習 就職・転職 引っ越し 医療・福祉 高齢・介護 死亡・相続 申請書ダウンロード 便利帳 組織から探す 大桑村 〒399-5503 長野県木曽郡大桑村長野880番地1 電話番号：0264-55-3080 FAX番号：0264-55-4134 （法人番号1000020204307） 役場までのアクセス お問い合わせ このサイトについて 個人情報保護について サイトマップ リンク集 Copyright &copy; Okuwa Village All rights Reserved. ページの先頭へ戻る
-8	大桑村	大桑らんらん講座【竹を使って流しそうめんに挑戦！】	https://www.vill.okuwa.lg.jp/event/2026/ranran2026nagashisoumen.html	／ 電話番号：0264-55-1020／ FAX番号：0264-55-4134 アンケート このページは役に立ちましたか？ とても役に立った 役に立った 普通 わかりづらい 役に立たなかった このページについての要望等を入力して送信ボタンを押してください。 できごとから探す 結婚・離婚 子育て・学習 就職・転職 引っ越し 医療・福祉 高齢・介護 死亡・相続 申請書ダウンロード 便利帳 組織から探す 大桑村 〒399-5503 長野県木曽郡大桑村長野880番地1 電話番号：0264-55-3080 FAX番号：0264-55-4134 （法人番号1000020204307） 役場までのアクセス お問い合わせ このサイトについて 個人情報保護について サイトマップ リンク集 Copyright &copy; Okuwa Village All rights Reserved. ページの先頭へ戻る
-8	大桑村	資料館企画展2026【「好きな事まっすぐに」画友６人展】	https://www.vill.okuwa.lg.jp/event/2026/kaiyuukai2026.html	／ 電話番号：0264-55-1020／ FAX番号：0264-55-4134 アンケート このページは役に立ちましたか？ とても役に立った 役に立った 普通 わかりづらい 役に立たなかった このページについての要望等を入力して送信ボタンを押してください。 できごとから探す 結婚・離婚 子育て・学習 就職・転職 引っ越し 医療・福祉 高齢・介護 死亡・相続 申請書ダウンロード 便利帳 組織から探す 大桑村 〒399-5503 長野県木曽郡大桑村長野880番地1 電話番号：0264-55-3080 FAX番号：0264-55-4134 （法人番号1000020204307） 役場までのアクセス お問い合わせ このサイトについて 個人情報保護について サイトマップ リンク集 Copyright &copy; Okuwa Village All rights Reserved. ページの先頭へ戻る
-8	大桑村	ホタルまつり2026	https://www.vill.okuwa.lg.jp/event/2026/hotarutatsuri2026.html	／ 電話番号：0264-55-1020／ FAX番号：0264-55-4134 アンケート このページは役に立ちましたか？ とても役に立った 役に立った 普通 わかりづらい 役に立たなかった このページについての要望等を入力して送信ボタンを押してください。 できごとから探す 結婚・離婚 子育て・学習 就職・転職 引っ越し 医療・福祉 高齢・介護 死亡・相続 申請書ダウンロード 便利帳 組織から探す 大桑村 〒399-5503 長野県木曽郡大桑村長野880番地1 電話番号：0264-55-3080 FAX番号：0264-55-4134 （法人番号1000020204307） 役場までのアクセス お問い合わせ このサイトについて 個人情報保護について サイトマップ リンク集 Copyright &copy; Okuwa Village All rights Reserved. ページの先頭へ戻る
-8	大桑村	大桑らんらん講座【ほお葉寿司作り】	https://www.vill.okuwa.lg.jp/event/2026/ranran2026hoobazushi.html	／ 電話番号：0264-55-1020／ FAX番号：0264-55-4134 アンケート このページは役に立ちましたか？ とても役に立った 役に立った 普通 わかりづらい 役に立たなかった このページについての要望等を入力して送信ボタンを押してください。 できごとから探す 結婚・離婚 子育て・学習 就職・転職 引っ越し 医療・福祉 高齢・介護 死亡・相続 申請書ダウンロード 便利帳 組織から探す 大桑村 〒399-5503 長野県木曽郡大桑村長野880番地1 電話番号：0264-55-3080 FAX番号：0264-55-4134 （法人番号1000020204307） 役場までのアクセス お問い合わせ このサイトについて 個人情報保護について サイトマップ リンク集 Copyright &copy; Okuwa Village All rights Reserved. ページの先頭へ戻る
-8	大桑村	交通	https://www.vill.okuwa.lg.jp/kurashi/kotsu/index.html	交通 | 大桑村公式サイト サイト内検索 防災情報 Translate 文字サイズ： 標準 大 トップ くらし 交通 交通 できごとから探す 結婚・離婚 子育て・学習 就職・転職 引っ越し 医療・福祉 高齢・介護 死亡・相続 申請書ダウンロード 便利帳 組織から探す 大桑村 〒399-5503 長野県木曽郡大桑村長野880番地1 電話番号：0264-55-3080 FAX番号：0264-55-4134 （法人番号1000020204307） 役場までのアクセス お問い合わせ このサイトについて 個人情報保護について サイトマップ リンク集 Copyright &copy; Okuwa Village All rights Reserved. ページの先頭へ戻る
-8	大桑村	広報おおくわ（令和6年）	https://www.vill.okuwa.lg.jp/okuwa/koho/rireki/koho_r6.html	広報おおくわ（令和6年） | 大桑村公式サイト サイト内検索 防災情報 Translate 文字サイズ： 標準 大 トップ 大桑村について 広報おおくわ 発行履歴 広報おおくわ（令和6年） 広報おおくわ（令和6年） 更新日：2024年12月12日 令和6年の広報おおくわ 12月号（3,891.8kbyte） 11月号（4,090.9kbyte） 10月号（4,852.7kbyte） ９月号（3,453kbyte） ８月号（5,358.3kbyte） ７月号（4,558.8kbyte） ６月号（3,545.6kbyte） ５月号（2,673.7kbyte） ４月号（3,033.8kbyte） ３月号（4,081.2kbyte） 2月号（3,937.6kbyte） 1月号（3,928.9kbyte） この記事へのお問い合わせ先 大桑村役場 総務課 企画情報係 住所：長野県木曽郡大桑村大字長野880番地1／ 電話番号：0264-55-
-8	大桑村	広報おおくわ（令和5年）	https://www.vill.okuwa.lg.jp/okuwa/koho/rireki/koho_R5.html	広報おおくわ（令和5年） | 大桑村公式サイト サイト内検索 防災情報 Translate 文字サイズ： 標準 大 トップ 大桑村について 広報おおくわ 発行履歴 広報おおくわ（令和5年） 広報おおくわ（令和5年） 更新日：2023年08月10日 12月号（3,827.7kbyte） 11月号（4,982.7kbyte） 10月号（4,055.4kbyte） 9月号（3,682.3kbyte） 8月号（5,315.6kbyte） 7月号（4,713.5kbyte） 6月号（3,288.5kbyte） 5月号（2,819.5kbyte） 4月号（3,408.4kbyte） 3月号（4,071kbyte） 2月号（3,887.2kbyte） 1月号（4,881kbyte） この記事へのお問い合わせ先 大桑村役場 総務課 企画情報係 住所：長野県木曽郡大桑村大字長野880番地1／ 電話番号：0264-55-3080／ FAX番号：02
-8	大桑村	広報おおくわ（令和4年）	https://www.vill.okuwa.lg.jp/okuwa/koho/rireki/koho_R4.html	広報おおくわ（令和4年） | 大桑村公式サイト サイト内検索 防災情報 Translate 文字サイズ： 標準 大 トップ 大桑村について 広報おおくわ 発行履歴 広報おおくわ（令和4年） 広報おおくわ（令和4年） 更新日：2023年01月18日 12月号578号（3,750.1kbyte） 11月号577号（4,886.3kbyte） 10月号576号（4,775.5kbyte） 9月号575号（6,352.6kbyte） 8月号574号（7,382.5kbyte） 7月号573号（5,413.9kbyte） 6月号572号（3,814.5kbyte） 5月号571号（4,281.9kbyte） 4月号570号（2,989kbyte） 3月号569号（4,077.4kbyte） 2月号568号（6,887kbyte） 1月号567号（5,528.4kbyte） この記事へのお問い合わせ先 大桑村役場 総務課 企画情報係 住所：
-8	大桑村	広報おおくわ（令和3年）	https://www.vill.okuwa.lg.jp/okuwa/koho/rireki/koho_R3.html	広報おおくわ（令和3年） | 大桑村公式サイト サイト内検索 防災情報 Translate 文字サイズ： 標準 大 トップ 大桑村について 広報おおくわ 発行履歴 広報おおくわ（令和3年） 広報おおくわ（令和3年） 更新日：2022年01月14日 1月号555号（5,297.4kbyte） 2月号556号（4,459.7kbyte） 3月号557号（3,503.6kbyte） 4月号558号（4,876.1kbyte） 5月号559号（3,446.4kbyte） 6月号560号（4,902.3kbyte） 7月号561号（7,349.2kbyte） 8月号562号（6,525.5kbyte） 9月号563号（8,841.1kbyte） 10月号564号（5,776.6kbyte） 11月号565号（5,720.6kbyte） 12月号566号（4,528.8kbyte） この記事へのお問い合わせ先 大桑村役場 総務課 企画情報係
-8	大桑村	大桑村LINE公式アカウント運用方針	https://www.vill.okuwa.lg.jp/okuwa/gyoseijoho/sns_johohasshin/okuwa_accountpolicy.html	／ 電話番号：0264-55-3080／ FAX番号：0264-55-3080 アンケート このページは役に立ちましたか？ とても役に立った 役に立った 普通 わかりづらい 役に立たなかった このページについての要望等を入力して送信ボタンを押してください。 できごとから探す 結婚・離婚 子育て・学習 就職・転職 引っ越し 医療・福祉 高齢・介護 死亡・相続 申請書ダウンロード 便利帳 組織から探す 大桑村 〒399-5503 長野県木曽郡大桑村長野880番地1 電話番号：0264-55-3080 FAX番号：0264-55-4134 （法人番号1000020204307） 役場までのアクセス お問い合わせ このサイトについて 個人情報保護について サイトマップ リンク集 Copyright &copy; Okuwa Village All rights Reserved. ページの先頭へ戻る
-8	大桑村	みる・あそぶ	https://www.vill.okuwa.lg.jp/kanko/miru-asobu/index.html	みる・あそぶ | 大桑村公式サイト サイト内検索 防災情報 Translate 文字サイズ： 標準 大 トップ 観光 みる・あそぶ みる・あそぶ できごとから探す 結婚・離婚 子育て・学習 就職・転職 引っ越し 医療・福祉 高齢・介護 死亡・相続 申請書ダウンロード 便利帳 組織から探す 大桑村 〒399-5503 長野県木曽郡大桑村長野880番地1 電話番号：0264-55-3080 FAX番号：0264-55-4134 （法人番号1000020204307） 役場までのアクセス お問い合わせ このサイトについて 個人情報保護について サイトマップ リンク集 Copyright &copy; Okuwa Village All rights Reserved. ページの先頭へ戻る
-8	大桑村	サポート情報	https://www.vill.okuwa.lg.jp/kanko/support/index.html	サポート情報 | 大桑村公式サイト サイト内検索 防災情報 Translate 文字サイズ： 標準 大 トップ 観光 サポート情報 サポート情報 できごとから探す 結婚・離婚 子育て・学習 就職・転職 引っ越し 医療・福祉 高齢・介護 死亡・相続 申請書ダウンロード 便利帳 組織から探す 大桑村 〒399-5503 長野県木曽郡大桑村長野880番地1 電話番号：0264-55-3080 FAX番号：0264-55-4134 （法人番号1000020204307） 役場までのアクセス お問い合わせ このサイトについて 個人情報保護について サイトマップ リンク集 Copyright &copy; Okuwa Village All rights Reserved. ページの先頭へ戻る
-8	大桑村	住まい・住居	https://www.vill.okuwa.lg.jp/kurashi/sumai-jukyo/index.html	住まい・住居 | 大桑村公式サイト サイト内検索 防災情報 Translate 文字サイズ： 標準 大 トップ くらし 住まい・住居 住まい・住居 できごとから探す 結婚・離婚 子育て・学習 就職・転職 引っ越し 医療・福祉 高齢・介護 死亡・相続 申請書ダウンロード 便利帳 組織から探す 大桑村 〒399-5503 長野県木曽郡大桑村長野880番地1 電話番号：0264-55-3080 FAX番号：0264-55-4134 （法人番号1000020204307） 役場までのアクセス お問い合わせ このサイトについて 個人情報保護について サイトマップ リンク集 Copyright &copy; Okuwa Village All rights Reserved. ページの先頭へ戻る
-8	大桑村	乳幼児	https://www.vill.okuwa.lg.jp/kosodate-kyoiku/nyuyoji/index.html	乳幼児 | 大桑村公式サイト サイト内検索 防災情報 Translate 文字サイズ： 標準 大 トップ 子育て・教育 乳幼児 乳幼児 できごとから探す 結婚・離婚 子育て・学習 就職・転職 引っ越し 医療・福祉 高齢・介護 死亡・相続 申請書ダウンロード 便利帳 組織から探す 大桑村 〒399-5503 長野県木曽郡大桑村長野880番地1 電話番号：0264-55-3080 FAX番号：0264-55-4134 （法人番号1000020204307） 役場までのアクセス お問い合わせ このサイトについて 個人情報保護について サイトマップ リンク集 Copyright &copy; Okuwa Village All rights Reserved. ページの先頭へ戻る
-8	大桑村	妊娠・出産	https://www.vill.okuwa.lg.jp/kosodate-kyoiku/ninshin-shussan/index.html	妊娠・出産 | 大桑村公式サイト サイト内検索 防災情報 Translate 文字サイズ： 標準 大 トップ 子育て・教育 妊娠・出産 妊娠・出産 できごとから探す 結婚・離婚 子育て・学習 就職・転職 引っ越し 医療・福祉 高齢・介護 死亡・相続 申請書ダウンロード 便利帳 組織から探す 大桑村 〒399-5503 長野県木曽郡大桑村長野880番地1 電話番号：0264-55-3080 FAX番号：0264-55-4134 （法人番号1000020204307） 役場までのアクセス お問い合わせ このサイトについて 個人情報保護について サイトマップ リンク集 Copyright &copy; Okuwa Village All rights Reserved. ページの先頭へ戻る
-8	大桑村	産業・入札・ビジネス	https://www.vill.okuwa.lg.jp/sangyo-nyusatsu-business/index.html	産業・入札・ビジネス | 大桑村公式サイト サイト内検索 防災情報 Translate 文字サイズ： 標準 大 トップ 産業・入札・ビジネス 産業・入札・ビジネス 新着情報 できごとから探す 結婚・離婚 子育て・学習 就職・転職 引っ越し 医療・福祉 高齢・介護 死亡・相続 申請書ダウンロード 便利帳 組織から探す 大桑村 〒399-5503 長野県木曽郡大桑村長野880番地1 電話番号：0264-55-3080 FAX番号：0264-55-4134 （法人番号1000020204307） 役場までのアクセス お問い合わせ このサイトについて 個人情報保護について サイトマップ リンク集 Copyright &copy; Okuwa Village All rights Reserved. ページの先頭へ戻る
-8	大桑村	届出・証明	https://www.vill.okuwa.lg.jp/kurashi/todokede-shomei/index.html	届出・証明 | 大桑村公式サイト サイト内検索 防災情報 Translate 文字サイズ： 標準 大 トップ くらし 届出・証明 届出・証明 できごとから探す 結婚・離婚 子育て・学習 就職・転職 引っ越し 医療・福祉 高齢・介護 死亡・相続 申請書ダウンロード 便利帳 組織から探す 大桑村 〒399-5503 長野県木曽郡大桑村長野880番地1 電話番号：0264-55-3080 FAX番号：0264-55-4134 （法人番号1000020204307） 役場までのアクセス お問い合わせ このサイトについて 個人情報保護について サイトマップ リンク集 Copyright &copy; Okuwa Village All rights Reserved. ページの先頭へ戻る
-8	大桑村	生涯学習	https://www.vill.okuwa.lg.jp/kosodate-kyoiku/shogaigakushu/index.html	生涯学習 | 大桑村公式サイト サイト内検索 防災情報 Translate 文字サイズ： 標準 大 トップ 子育て・教育 生涯学習 生涯学習 できごとから探す 結婚・離婚 子育て・学習 就職・転職 引っ越し 医療・福祉 高齢・介護 死亡・相続 申請書ダウンロード 便利帳 組織から探す 大桑村 〒399-5503 長野県木曽郡大桑村長野880番地1 電話番号：0264-55-3080 FAX番号：0264-55-4134 （法人番号1000020204307） 役場までのアクセス お問い合わせ このサイトについて 個人情報保護について サイトマップ リンク集 Copyright &copy; Okuwa Village All rights Reserved. ページの先頭へ戻る
-8	大桑村	ウィーン室内楽アンサンブルおでかけコンサート	https://www.vill.okuwa.lg.jp/event/2026/hokutoodekakeconcert.html	／ 電話番号：0264-55-1020／ FAX番号：0264-55-4134 アンケート このページは役に立ちましたか？ とても役に立った 役に立った 普通 わかりづらい 役に立たなかった このページについての要望等を入力して送信ボタンを押してください。 できごとから探す 結婚・離婚 子育て・学習 就職・転職 引っ越し 医療・福祉 高齢・介護 死亡・相続 申請書ダウンロード 便利帳 組織から探す 大桑村 〒399-5503 長野県木曽郡大桑村長野880番地1 電話番号：0264-55-3080 FAX番号：0264-55-4134 （法人番号1000020204307） 役場までのアクセス お問い合わせ このサイトについて 個人情報保護について サイトマップ リンク集 Copyright &copy; Okuwa Village All rights Reserved. ページの先頭へ戻る
-8	大桑村	資料館企画展2026【桐生兄弟アート山房コレクション展】	https://www.vill.okuwa.lg.jp/event/2026/artsanbou2026.html	／ 電話番号：0264-55-1020／ FAX番号：0264-55-4134 アンケート このページは役に立ちましたか？ とても役に立った 役に立った 普通 わかりづらい 役に立たなかった このページについての要望等を入力して送信ボタンを押してください。 できごとから探す 結婚・離婚 子育て・学習 就職・転職 引っ越し 医療・福祉 高齢・介護 死亡・相続 申請書ダウンロード 便利帳 組織から探す 大桑村 〒399-5503 長野県木曽郡大桑村長野880番地1 電話番号：0264-55-3080 FAX番号：0264-55-4134 （法人番号1000020204307） 役場までのアクセス お問い合わせ このサイトについて 個人情報保護について サイトマップ リンク集 Copyright &copy; Okuwa Village All rights Reserved. ページの先頭へ戻る
-8	大桑村	資料館イベント2026【講演会】	https://www.vill.okuwa.lg.jp/event/2025/shiryoukan2026kouenkai.html	／ 電話番号：0264-55-1020／ FAX番号：0264-55-4134 アンケート このページは役に立ちましたか？ とても役に立った 役に立った 普通 わかりづらい 役に立たなかった このページについての要望等を入力して送信ボタンを押してください。 できごとから探す 結婚・離婚 子育て・学習 就職・転職 引っ越し 医療・福祉 高齢・介護 死亡・相続 申請書ダウンロード 便利帳 組織から探す 大桑村 〒399-5503 長野県木曽郡大桑村長野880番地1 電話番号：0264-55-3080 FAX番号：0264-55-4134 （法人番号1000020204307） 役場までのアクセス お問い合わせ このサイトについて 個人情報保護について サイトマップ リンク集 Copyright &copy; Okuwa Village All rights Reserved. ページの先頭へ戻る
-8	大桑村	資料館企画展2026【木曽写友会写真展～一期一会～】	https://www.vill.okuwa.lg.jp/event/2026/kisoshayuukai2026.html	／ 電話番号：0264-55-1020／ FAX番号：0264-55-4134 アンケート このページは役に立ちましたか？ とても役に立った 役に立った 普通 わかりづらい 役に立たなかった このページについての要望等を入力して送信ボタンを押してください。 できごとから探す 結婚・離婚 子育て・学習 就職・転職 引っ越し 医療・福祉 高齢・介護 死亡・相続 申請書ダウンロード 便利帳 組織から探す 大桑村 〒399-5503 長野県木曽郡大桑村長野880番地1 電話番号：0264-55-3080 FAX番号：0264-55-4134 （法人番号1000020204307） 役場までのアクセス お問い合わせ このサイトについて 個人情報保護について サイトマップ リンク集 Copyright &copy; Okuwa Village All rights Reserved. ページの先頭へ戻る
-8	大桑村	大桑らんらん講座【発電所めぐり】	https://www.vill.okuwa.lg.jp/event/2026/ranran2026hatudensho.html	／ 電話番号：0264-55-1020／ FAX番号：0264-55-4134 アンケート このページは役に立ちましたか？ とても役に立った 役に立った 普通 わかりづらい 役に立たなかった このページについての要望等を入力して送信ボタンを押してください。 できごとから探す 結婚・離婚 子育て・学習 就職・転職 引っ越し 医療・福祉 高齢・介護 死亡・相続 申請書ダウンロード 便利帳 組織から探す 大桑村 〒399-5503 長野県木曽郡大桑村長野880番地1 電話番号：0264-55-3080 FAX番号：0264-55-4134 （法人番号1000020204307） 役場までのアクセス お問い合わせ このサイトについて 個人情報保護について サイトマップ リンク集 Copyright &copy; Okuwa Village All rights Reserved. ページの先頭へ戻る
-8	大桑村	【開催中止】大桑らんらん講座【健康】生涯スポーツ講座 ～いつまでも若い身体づくり～	https://www.vill.okuwa.lg.jp/event/2025/shougaisports.html	。 ご迷惑をおかけしますが、またのご参加をお待ちしております。 大桑らんらん講座【健康】生涯スポーツ講座 ～いつまでも若い身体づくり～ を開催します。 50代になると時間はあるものの、運動する機会がないという方いませんか？ 今回は自宅でも簡単にできるストレッチ体操を中心に、いつまでも若い身体作りを学びましょう。 もちろん、若い方の参加も大歓迎です！ 開催日 令和８年３月１日 日曜日 時間および会場 須原地区館 10時～11時 野尻地区館 13時～14時 場所 大桑村 須原地区館・野尻地区館 イベントのお問い合わせ先 お問合せ先 大桑村教育委員会 生涯学習係 住所 〒399-5503 長野県木曽郡大桑村大字長野880-1 電話番号 0264-55-1020 FAX番号 0264-55-4134 メールアドレス syakyo@vill.okuwa.lg.jp この記事へのお問い合わせ先 大桑村教育委員会 生涯学習係 住所：長野県木曽
-10	王滝村	移住定住	https://www.vill.otaki.nagano.jp/kurashi/sumai/ijyu/index.html	移住定住 | 王滝村 このページの本文へ 霊峰御嶽山の麓 水と緑のふるさと ホーム くらし 事業者の方へ 王滝村について 観光 ブログ サイト内検索 検索 防災情報 Translate 文字サイズ 標準 大 HOME くらし 住まい・生活 移住定住 移住定住
-10	王滝村	出産・子育て	https://www.vill.otaki.nagano.jp/life/shussan.html	出産・子育て | 王滝村 このページの本文へ 霊峰御嶽山の麓 水と緑のふるさと ホーム くらし 事業者の方へ 王滝村について 観光 ブログ サイト内検索 検索 防災情報 Translate 文字サイズ 標準 大 HOME ライフシーン 出産・子育て 出産・子育て
-10	王滝村	休日当番医	https://www.vill.otaki.nagano.jp/kurashi/kenko/iryo/sinryoubi_3.html	休日当番医 | 王滝村 このページの本文へ 霊峰御嶽山の麓 水と緑のふるさと ホーム くらし 事業者の方へ 王滝村について 観光 ブログ サイト内検索 検索 防災情報 Translate 文字サイズ 標準 大 HOME くらし 健康・福祉 医療・健康 休日当番医 休日当番医 令和８年８月まで 市外局番は、（０２６４） 月日 医院名 町村名 電話番号 7月 5日 大脇医院 上松町 52-2023 7月12日 奥原医院 木祖村 36-2264 7月19日 木曽みたけ診療所 木曽町三岳 46-2266 7月20日 田澤医院 木曽町開田高原 44-2008 7月26日 王滝村診療所 王滝村 48-2731 8月 2日 原内科医院 木曽町福島 22-2678 8月 9日 芦沢医院 上松町 52-2018 8月11日 古根医院 大桑村 55-1188 8月16日 田澤医院 木曽町開田高原 44-2008 8月23日 大脇医院 上松町 52-
-10	王滝村	お問い合わせ	https://www.vill.otaki.nagano.jp/contact.html	お問い合わせ | 王滝村 このページの本文へ 霊峰御嶽山の麓 水と緑のふるさと ホーム くらし 事業者の方へ 王滝村について 観光 ブログ サイト内検索 検索 防災情報 Translate 文字サイズ 標準 大 HOME お問い合わせ お問い合わせ お問い合わせ先 王滝村役場 〒397-0201 長野県木曽郡王滝村3623 TEL：0264-48-2001 FAX：0264-48-2172 メールフォームによるお問い合わせ 議会事務局 総務課 会計室 福祉健康課 経済産業課 教育委員会事務局 選挙管理委員会事務局 監査事務局 王滝村社会福祉協議会 アンケート このページは役に立ちましたか？ 役に立った 普通 わかりづらい 役に立たなかった このページについての要望等を入力して送信ボタンを押してください。
-10	王滝村	福祉健康課へのお問い合わせ	https://www.vill.otaki.nagano.jp/inquiry_fukushi.html	福祉健康課へのお問い合わせ | 王滝村 このページの本文へ 霊峰御嶽山の麓 水と緑のふるさと ホーム くらし 事業者の方へ 王滝村について 観光 ブログ サイト内検索 検索 防災情報 Translate 文字サイズ 標準 大 HOME お問い合わせ 福祉健康課へのお問い合わせ 福祉健康課へのお問い合わせ 王滝村ホームページに関するご質問やご要望はこちらからお寄せ下さい。 ご質問やご要望などの具体的な内容を入力してください。 必須 氏名 必須 姓 名 ふりがな 必須 姓 名 郵便番号 必須 - 住所 必須 電話番号 必須 - - メールアドレス 必須 メールアドレス確認 必須
-10	王滝村	王滝村社会福祉協議会へのお問い合わせ	https://www.vill.otaki.nagano.jp/inquiry_shakyo.html	王滝村社会福祉協議会へのお問い合わせ | 王滝村 このページの本文へ 霊峰御嶽山の麓 水と緑のふるさと ホーム くらし 事業者の方へ 王滝村について 観光 ブログ サイト内検索 検索 防災情報 Translate 文字サイズ 標準 大 HOME お問い合わせ 王滝村社会福祉協議会へのお問い合わせ 王滝村社会福祉協議会へのお問い合わせ 王滝村ホームページに関するご質問やご要望はこちらからお寄せ下さい。 ご質問やご要望などの具体的な内容を入力してください。 必須 氏名 必須 姓 名 ふりがな 必須 姓 名 郵便番号 必須 - 住所 必須 電話番号 必須 - - メールアドレス 必須 メールアドレス確認 必須
-10	王滝村	王滝村社会福祉協議会	https://www.vill.otaki.nagano.jp/kurashi/kenko/kaigo/syakyou.html	王滝村社会福祉協議会 | 王滝村 このページの本文へ 霊峰御嶽山の麓 水と緑のふるさと ホーム くらし 事業者の方へ 王滝村について 観光 ブログ サイト内検索 検索 防災情報 Translate 文字サイズ 標準 大 HOME くらし 健康・福祉 介護・福祉 王滝村社会福祉協議会 王滝村社会福祉協議会 誰もが安心して楽しく暮らせる「人にやさしい福祉のむらづくり」をすすめるために、地域のみなさんやボランティア・福祉・保健等の関係者、行政機関の協力を得ながら共に考え実行していく民間の社会福祉団体です。 王滝村社会福祉協議会ホームページ 情報誌で見る活動 社協おうたき 社協ふれあい情報 （王滝村社会福祉協議会ホームページ内の各情報誌のページへリンクします） 平成２４～２９年度の情報誌を以下に掲載しています。 平成２９年度 社協おうたき 社協ふれあい情報 ボランティア情報 ６３号 （1,205kbyte） ４月号 （324kbyte）
-10	王滝村	介護・福祉	https://www.vill.otaki.nagano.jp/kurashi/kenko/kaigo/index.html	介護・福祉 | 王滝村 このページの本文へ 霊峰御嶽山の麓 水と緑のふるさと ホーム くらし 事業者の方へ 王滝村について 観光 ブログ サイト内検索 検索 防災情報 Translate 文字サイズ 標準 大 HOME くらし 健康・福祉 介護・福祉 介護・福祉
-20	木祖村	お探しのページはありません	https://www.vill.kiso.nagano.jp/robots.txt	お探しのページはありません | 信州木祖村 このページの本文へ 木祖村 --> 木祖村 サイト内検索 検索 Translate 文字サイズ 標準 大 TOP お探しのページはありません お探しのページはありません 更新日： 2022年10月19日 木祖村役場 行政サイトはリニューアルに伴い以下のURLに変更になりました。 https://www.vill.kiso.nagano.jp/ アンケート このページは役に立ちましたか？ 役に立った 普通 わかりづらい 役に立たなかった このページについての要望等を入力して送信ボタンを押してください。 ライフシーンから探す 妊娠・出産 子育て 結婚・離婚 転入・転出 健康・医療 老後 おくやみ 暮らしの便利帳 組織から探す お問い合わせ サイトマップ 個人情報保護方針 利用規約 木祖村役場 〒399-6201 長野県木曽郡木祖村薮原1191-1 地図 tel： 0264-36-2001
-20	木祖村	Foreign Language	https://www.vill.kiso.nagano.jp/language.html	Foreign Language | 信州木祖村 このページの本文へ 木祖村 --> 木祖村 サイト内検索 検索 Translate 文字サイズ 標準 大 TOP Foreign Language Foreign Language 更新日： 2022年12月09日 English 中文簡体 中文繁体 한국어 アンケート このページは役に立ちましたか？ 役に立った 普通 わかりづらい 役に立たなかった このページについての要望等を入力して送信ボタンを押してください。 ライフシーンから探す 妊娠・出産 子育て 結婚・離婚 転入・転出 健康・医療 老後 おくやみ 暮らしの便利帳 組織から探す お問い合わせ サイトマップ 個人情報保護方針 利用規約 木祖村役場 〒399-6201 長野県木曽郡木祖村薮原1191-1 地図 tel： 0264-36-2001 fax： 0264-36-3344 Copyright &copy; Kiso
-20	木祖村	移住・定住	https://www.vill.kiso.nagano.jp/kurashi_joho/iju_teiju/index.html	移住・定住 | 信州木祖村 このページの本文へ 木祖村 --> 木祖村 サイト内検索 検索 Translate 文字サイズ 標準 大 TOP 暮らしの情報 移住・定住 移住・定住 ライフシーンから探す 妊娠・出産 子育て 結婚・離婚 転入・転出 健康・医療 老後 おくやみ 暮らしの便利帳 組織から探す お問い合わせ サイトマップ 個人情報保護方針 利用規約 木祖村役場 〒399-6201 長野県木曽郡木祖村薮原1191-1 地図 tel： 0264-36-2001 fax： 0264-36-3344 Copyright &copy; Kiso Village All rights reserved.
-20	木祖村	木祖村	https://www.vill.kiso.nagano.jp/kanko/index.html	観光 | 信州木祖村 このページの本文へ 木祖村 --> 木祖村 サイト内検索 検索 Translate 文字サイズ 標準 大 TOP 観光 観光 新着情報 kisomura style 木祖村PR動画 木祖村観光おすすめスポット ライフシーンから探す 妊娠・出産 子育て 結婚・離婚 転入・転出 健康・医療 老後 おくやみ 暮らしの便利帳 組織から探す お問い合わせ サイトマップ 個人情報保護方針 利用規約 木祖村役場 〒399-6201 長野県木曽郡木祖村薮原1191-1 地図 tel： 0264-36-2001 fax： 0264-36-3344 Copyright &copy; Kiso Village All rights reserved.
-20	木祖村	ふるさと納税	https://www.vill.kiso.nagano.jp/gyoseijoho/furusatonozei/index.html	ふるさと納税 | 信州木祖村 このページの本文へ 木祖村 --> 木祖村 サイト内検索 検索 Translate 文字サイズ 標準 大 TOP 行政情報 ふるさと納税 ふるさと納税 ライフシーンから探す 妊娠・出産 子育て 結婚・離婚 転入・転出 健康・医療 老後 おくやみ 暮らしの便利帳 組織から探す お問い合わせ サイトマップ 個人情報保護方針 利用規約 木祖村役場 〒399-6201 長野県木曽郡木祖村薮原1191-1 地図 tel： 0264-36-2001 fax： 0264-36-3344 Copyright &copy; Kiso Village All rights reserved.
-20	木祖村	子育て・教育	https://www.vill.kiso.nagano.jp/kosodate_kyoiku/index.html	子育て・教育 | 信州木祖村 このページの本文へ 木祖村 --> 木祖村 サイト内検索 検索 Translate 文字サイズ 標準 大 TOP 子育て・教育 子育て・教育 新着情報 ライフシーンから探す 妊娠・出産 子育て 結婚・離婚 転入・転出 健康・医療 老後 おくやみ 暮らしの便利帳 組織から探す お問い合わせ サイトマップ 個人情報保護方針 利用規約 木祖村役場 〒399-6201 長野県木曽郡木祖村薮原1191-1 地図 tel： 0264-36-2001 fax： 0264-36-3344 Copyright &copy; Kiso Village All rights reserved.
-20	木祖村	休日緊急当番医	https://www.vill.kiso.nagano.jp/gyoseijoho/koho/kyujitsu.html	休日緊急当番医 | 信州木祖村 このページの本文へ 木祖村 --> 木祖村 サイト内検索 検索 Translate 文字サイズ 標準 大 TOP 行政情報 広報 休日緊急当番医 休日緊急当番医 更新日： 2026年06月24日 月 日 医院名 町村名 電話 6月 7 王滝村診療所 王滝村 48-2731 14 古根医院 大桑村 55-1188 21 芦沢医院 上松町 52-2018 28 原内科医院 木曽町 22-2678 7月 5 大脇医院 上松町 52-2023 12 奥原医院 木祖村 36-2264 19 木曽みたけ診療所 木曽町 46-2266 20 田澤医院 木曽町 44-2008 26 王滝村診療所 王滝村 48-2731 緊急当番医は状況により変更になる場合もあります。来院前に電話にて確認のうえ、受診をお願いします。 この記事へのお問い合わせ先 木祖村役場 住所： 長野県木曽郡木祖村大字薮原1191-1／ 電話番号
-20	木祖村	感染症情報	https://www.vill.kiso.nagano.jp/kenko_fukushi/kansensho/index.html	感染症情報 | 信州木祖村 このページの本文へ 木祖村 --> 木祖村 サイト内検索 検索 Translate 文字サイズ 標準 大 TOP 健康・福祉 感染症情報 感染症情報 ライフシーンから探す 妊娠・出産 子育て 結婚・離婚 転入・転出 健康・医療 老後 おくやみ 暮らしの便利帳 組織から探す お問い合わせ サイトマップ 個人情報保護方針 利用規約 木祖村役場 〒399-6201 長野県木曽郡木祖村薮原1191-1 地図 tel： 0264-36-2001 fax： 0264-36-3344 Copyright &copy; Kiso Village All rights reserved.
-20	木祖村	道路・交通	https://www.vill.kiso.nagano.jp/kurashi_joho/doro_kotsu/index.html	道路・交通 | 信州木祖村 このページの本文へ 木祖村 --> 木祖村 サイト内検索 検索 Translate 文字サイズ 標準 大 TOP 暮らしの情報 道路・交通 道路・交通 ライフシーンから探す 妊娠・出産 子育て 結婚・離婚 転入・転出 健康・医療 老後 おくやみ 暮らしの便利帳 組織から探す お問い合わせ サイトマップ 個人情報保護方針 利用規約 木祖村役場 〒399-6201 長野県木曽郡木祖村薮原1191-1 地図 tel： 0264-36-2001 fax： 0264-36-3344 Copyright &copy; Kiso Village All rights reserved.
-20	木祖村	木曽のお六櫛	https://www.vill.kiso.nagano.jp/kosodate_kyoiku/meisho/orokugushi.html	木曽のお六櫛 | 信州木祖村 このページの本文へ 木祖村 --> 木祖村 サイト内検索 検索 Translate 文字サイズ 標準 大 TOP 子育て・教育 名勝・文化財 木曽のお六櫛 木曽のお六櫛 更新日： 2024年08月27日 お六櫛とは お六櫛の種類と形 解かし櫛 挿櫛 結櫛 櫛づくりの道具 基本的な道具 削る道具 歯挽き道具 磨く道具 お六櫛の伝統技法 お六櫛の材料 櫛作りの工程 木祖村郷土館 サイトマップ お六櫛PR動画 木曽路を旅する人々の、格好の土産品であった 「お六櫛（おろくぐし）」 中山道どまんなかの薮原宿で、上方と江戸の形を伝え、 伝統の技に支えられて、昔ながらの技が生み出す逸品・・・ 薮原宿原町付近（昭和40年頃） 「・・・鳥居峠を下りて、（中略）坂の両側には既に宿場としての人家軒を並べ、表に掛けたる障子には、一膳飯とか、栗こわ飯とか記されたる茶店もあり、名高きこの地の産物お六櫛と筆ぶとに書きたる紙看板な
-20	木祖村	妊娠・出産	https://www.vill.kiso.nagano.jp/lifescene/shussan/index.html	妊娠・出産 | 信州木祖村 このページの本文へ 木祖村 --> 木祖村 サイト内検索 検索 Translate 文字サイズ 標準 大 TOP ライフシーン 妊娠・出産 妊娠・出産 ライフシーンから探す 妊娠・出産 子育て 結婚・離婚 転入・転出 健康・医療 老後 おくやみ 暮らしの便利帳 組織から探す お問い合わせ サイトマップ 個人情報保護方針 利用規約 木祖村役場 〒399-6201 長野県木曽郡木祖村薮原1191-1 地図 tel： 0264-36-2001 fax： 0264-36-3344 Copyright &copy; Kiso Village All rights reserved.
-20	木祖村	木祖村	https://www.vill.kiso.nagano.jp/lifescene/kosodate/index.html	子育て | 信州木祖村 このページの本文へ 木祖村 --> 木祖村 サイト内検索 検索 Translate 文字サイズ 標準 大 TOP ライフシーン 子育て 子育て ライフシーンから探す 妊娠・出産 子育て 結婚・離婚 転入・転出 健康・医療 老後 おくやみ 暮らしの便利帳 組織から探す お問い合わせ サイトマップ 個人情報保護方針 利用規約 木祖村役場 〒399-6201 長野県木曽郡木祖村薮原1191-1 地図 tel： 0264-36-2001 fax： 0264-36-3344 Copyright &copy; Kiso Village All rights reserved.
-20	木祖村	結婚・離婚	https://www.vill.kiso.nagano.jp/lifescene/kekkon/index.html	結婚・離婚 | 信州木祖村 このページの本文へ 木祖村 --> 木祖村 サイト内検索 検索 Translate 文字サイズ 標準 大 TOP ライフシーン 結婚・離婚 結婚・離婚 ライフシーンから探す 妊娠・出産 子育て 結婚・離婚 転入・転出 健康・医療 老後 おくやみ 暮らしの便利帳 組織から探す お問い合わせ サイトマップ 個人情報保護方針 利用規約 木祖村役場 〒399-6201 長野県木曽郡木祖村薮原1191-1 地図 tel： 0264-36-2001 fax： 0264-36-3344 Copyright &copy; Kiso Village All rights reserved.
-20	木祖村	転入・転出	https://www.vill.kiso.nagano.jp/lifescene/hikkoshi/index.html	転入・転出 | 信州木祖村 このページの本文へ 木祖村 --> 木祖村 サイト内検索 検索 Translate 文字サイズ 標準 大 TOP ライフシーン 転入・転出 転入・転出 ライフシーンから探す 妊娠・出産 子育て 結婚・離婚 転入・転出 健康・医療 老後 おくやみ 暮らしの便利帳 組織から探す お問い合わせ サイトマップ 個人情報保護方針 利用規約 木祖村役場 〒399-6201 長野県木曽郡木祖村薮原1191-1 地図 tel： 0264-36-2001 fax： 0264-36-3344 Copyright &copy; Kiso Village All rights reserved.
-20	木祖村	健康・医療	https://www.vill.kiso.nagano.jp/lifescene/kenkou/index.html	健康・医療 | 信州木祖村 このページの本文へ 木祖村 --> 木祖村 サイト内検索 検索 Translate 文字サイズ 標準 大 TOP ライフシーン 健康・医療 健康・医療 ライフシーンから探す 妊娠・出産 子育て 結婚・離婚 転入・転出 健康・医療 老後 おくやみ 暮らしの便利帳 組織から探す お問い合わせ サイトマップ 個人情報保護方針 利用規約 木祖村役場 〒399-6201 長野県木曽郡木祖村薮原1191-1 地図 tel： 0264-36-2001 fax： 0264-36-3344 Copyright &copy; Kiso Village All rights reserved.
-20	木祖村	木祖村	https://www.vill.kiso.nagano.jp/lifescene/rougo/index.html	老後 | 信州木祖村 このページの本文へ 木祖村 --> 木祖村 サイト内検索 検索 Translate 文字サイズ 標準 大 TOP ライフシーン 老後 老後 ライフシーンから探す 妊娠・出産 子育て 結婚・離婚 転入・転出 健康・医療 老後 おくやみ 暮らしの便利帳 組織から探す お問い合わせ サイトマップ 個人情報保護方針 利用規約 木祖村役場 〒399-6201 長野県木曽郡木祖村薮原1191-1 地図 tel： 0264-36-2001 fax： 0264-36-3344 Copyright &copy; Kiso Village All rights reserved.
-20	木祖村	おくやみ	https://www.vill.kiso.nagano.jp/lifescene/okuyami/index.html	おくやみ | 信州木祖村 このページの本文へ 木祖村 --> 木祖村 サイト内検索 検索 Translate 文字サイズ 標準 大 TOP ライフシーン おくやみ おくやみ ライフシーンから探す 妊娠・出産 子育て 結婚・離婚 転入・転出 健康・医療 老後 おくやみ 暮らしの便利帳 組織から探す お問い合わせ サイトマップ 個人情報保護方針 利用規約 木祖村役場 〒399-6201 長野県木曽郡木祖村薮原1191-1 地図 tel： 0264-36-2001 fax： 0264-36-3344 Copyright &copy; Kiso Village All rights reserved.
-20	木祖村	木祖村の概要	https://www.vill.kiso.nagano.jp/gyoseijoho/kisomuragaiyo/index.html	木祖村の概要 | 信州木祖村 このページの本文へ 木祖村 --> 木祖村 サイト内検索 検索 Translate 文字サイズ 標準 大 TOP 行政情報 木祖村の概要 木祖村の概要 ライフシーンから探す 妊娠・出産 子育て 結婚・離婚 転入・転出 健康・医療 老後 おくやみ 暮らしの便利帳 組織から探す お問い合わせ サイトマップ 個人情報保護方針 利用規約 木祖村役場 〒399-6201 長野県木曽郡木祖村薮原1191-1 地図 tel： 0264-36-2001 fax： 0264-36-3344 Copyright &copy; Kiso Village All rights reserved.
-20	木祖村	木祖村ブランド認証商品	https://www.vill.kiso.nagano.jp/kurashi_joho/shokogyo/burandoninsyousyouhin.html	木祖村ブランド認証商品 | 信州木祖村 このページの本文へ 木祖村 --> 木祖村 サイト内検索 検索 Translate 文字サイズ 標準 大 TOP 暮らしの情報 商工業 木祖村ブランド認証商品 木祖村ブランド認証商品 更新日： 2025年08月19日 第18号 「鹿肉ジャーキーペットフード 犬用おやつ」 認証年月日：2025年8月4日 第17号 「木曽ハイランドコーン」 認証年月日：2025年8月4日 第14号 「紫花豆の甘煮」 認証年月日：2020年6月30日 第13号 「ほし芋」 認証年月日：2020年6月30日 第12号 「えごまドーナツ」 認証年月日：2020年6月30日 第11号 「源流の里おやき」 認証年月日：2020年6月30日 第10号 「焼き肉のたれ」 認証年月日：2020年6月30日 この記事へのお問い合わせ先 木祖村役場 産業振興課 商工観光係 電話番号： 0264-36-2001 アンケート このペ
-20	木祖村	お問い合わせ	https://www.vill.kiso.nagano.jp/inquiry.html	お問い合わせ | 信州木祖村 このページの本文へ 木祖村 --> 木祖村 サイト内検索 検索 Translate 文字サイズ 標準 大 TOP お問い合わせ お問い合わせ 木祖村役場へのお問合せは下記のメールフォームに必要事項を入力後、送信してください。 お問い合わせ内容を入力してください。 必須 氏名 必須 姓 名 ふりがな 必須 姓 名 郵便番号 必須 - 住所 必須 電話番号 必須 - - メールアドレス 必須 メールアドレス確認 必須 必要事項を入力後、「送信」ボタンを押してください。 ライフシーンから探す 妊娠・出産 子育て 結婚・離婚 転入・転出 健康・医療 老後 おくやみ 暮らしの便利帳 組織から探す お問い合わせ サイトマップ 個人情報保護方針 利用規約 木祖村役場 〒399-6201 長野県木曽郡木祖村薮原1191-1 地図 tel： 0264-36-2001 fax： 0264-36-3344 Copyrig
-20	木祖村	個人情報保護方針	https://www.vill.kiso.nagano.jp/gyoseijoho/johokokai_kojinjoho/privacy.html	個人情報保護方針 | 信州木祖村 このページの本文へ 木祖村 --> 木祖村 サイト内検索 検索 Translate 文字サイズ 標準 大 TOP 行政情報 情報公開・個人情報保護 個人情報保護方針 個人情報保護方針 更新日： 2010年03月16日 木祖村ホームページ（以下「当村サイト」という）では、個人情報の収集・利用・管理について、「木祖村個人情報保護条例」に基づき、次のとおり適正に取り扱うとともに、皆様に安心して利用していただけるホームページづくりに努めていきます。 個人情報とは 氏名、住所、電話番号、E-mailアドレス等、特定の個人を識別できる情報をいいます。 個人情報の収集について 当村サイトを通じて個人情報を収集するときには、事務の目的を明確にし、その目的に必要な最小限の範囲内で情報を収集します。また、利用者ご本人の意思による情報の提供（登録）を原則とします。思想、信条、宗教などに関する個人情報並びに社会的差別の
-20	木祖村	組織から探す	https://www.vill.kiso.nagano.jp/soshiki/index.html	組織から探す | 信州木祖村 このページの本文へ 木祖村 --> 木祖村 サイト内検索 検索 Translate 文字サイズ 標準 大 TOP 組織から探す 組織から探す ライフシーンから探す 妊娠・出産 子育て 結婚・離婚 転入・転出 健康・医療 老後 おくやみ 暮らしの便利帳 組織から探す お問い合わせ サイトマップ 個人情報保護方針 利用規約 木祖村役場 〒399-6201 長野県木曽郡木祖村薮原1191-1 地図 tel： 0264-36-2001 fax： 0264-36-3344 Copyright &copy; Kiso Village All rights reserved.
-20	木祖村	暮らしの情報	https://www.vill.kiso.nagano.jp/kurashi_joho/index.html	暮らしの情報 | 信州木祖村 このページの本文へ 木祖村 --> 木祖村 サイト内検索 検索 Translate 文字サイズ 標準 大 TOP 暮らしの情報 暮らしの情報 新着情報 ライフシーンから探す 妊娠・出産 子育て 結婚・離婚 転入・転出 健康・医療 老後 おくやみ 暮らしの便利帳 組織から探す お問い合わせ サイトマップ 個人情報保護方針 利用規約 木祖村役場 〒399-6201 長野県木曽郡木祖村薮原1191-1 地図 tel： 0264-36-2001 fax： 0264-36-3344 Copyright &copy; Kiso Village All rights reserved.
-20	木祖村	行政情報	https://www.vill.kiso.nagano.jp/gyoseijoho/index.html	行政情報 | 信州木祖村 このページの本文へ 木祖村 --> 木祖村 サイト内検索 検索 Translate 文字サイズ 標準 大 TOP 行政情報 行政情報 新着情報 ライフシーンから探す 妊娠・出産 子育て 結婚・離婚 転入・転出 健康・医療 老後 おくやみ 暮らしの便利帳 組織から探す お問い合わせ サイトマップ 個人情報保護方針 利用規約 木祖村役場 〒399-6201 長野県木曽郡木祖村薮原1191-1 地図 tel： 0264-36-2001 fax： 0264-36-3344 Copyright &copy; Kiso Village All rights reserved.
-20	木祖村	木祖村	https://www.vill.kiso.nagano.jp/gyoseijoho/koho/index.html	広報 | 信州木祖村 このページの本文へ 木祖村 --> 木祖村 サイト内検索 検索 Translate 文字サイズ 標準 大 TOP 行政情報 広報 広報 ライフシーンから探す 妊娠・出産 子育て 結婚・離婚 転入・転出 健康・医療 老後 おくやみ 暮らしの便利帳 組織から探す お問い合わせ サイトマップ 個人情報保護方針 利用規約 木祖村役場 〒399-6201 長野県木曽郡木祖村薮原1191-1 地図 tel： 0264-36-2001 fax： 0264-36-3344 Copyright &copy; Kiso Village All rights reserved.
-20	木祖村	健康・福祉	https://www.vill.kiso.nagano.jp/kenko_fukushi/index.html	健康・福祉 | 信州木祖村 このページの本文へ 木祖村 --> 木祖村 サイト内検索 検索 Translate 文字サイズ 標準 大 TOP 健康・福祉 健康・福祉 新着情報 ライフシーンから探す 妊娠・出産 子育て 結婚・離婚 転入・転出 健康・医療 老後 おくやみ 暮らしの便利帳 組織から探す お問い合わせ サイトマップ 個人情報保護方針 利用規約 木祖村役場 〒399-6201 長野県木曽郡木祖村薮原1191-1 地図 tel： 0264-36-2001 fax： 0264-36-3344 Copyright &copy; Kiso Village All rights reserved.
-20	木祖村	防災・防犯	https://www.vill.kiso.nagano.jp/kurashi_joho/bosai_bohan/index.html	防災・防犯 | 信州木祖村 このページの本文へ 木祖村 --> 木祖村 サイト内検索 検索 Translate 文字サイズ 標準 大 TOP 暮らしの情報 防災・防犯 防災・防犯 ライフシーンから探す 妊娠・出産 子育て 結婚・離婚 転入・転出 健康・医療 老後 おくやみ 暮らしの便利帳 組織から探す お問い合わせ サイトマップ 個人情報保護方針 利用規約 木祖村役場 〒399-6201 長野県木曽郡木祖村薮原1191-1 地図 tel： 0264-36-2001 fax： 0264-36-3344 Copyright &copy; Kiso Village All rights reserved.
-20	木祖村	結婚支援	https://www.vill.kiso.nagano.jp/kosodate_kyoiku/kekkonshien/index.html	結婚支援 | 信州木祖村 このページの本文へ 木祖村 --> 木祖村 サイト内検索 検索 Translate 文字サイズ 標準 大 TOP 子育て・教育 結婚支援 結婚支援 ライフシーンから探す 妊娠・出産 子育て 結婚・離婚 転入・転出 健康・医療 老後 おくやみ 暮らしの便利帳 組織から探す お問い合わせ サイトマップ 個人情報保護方針 利用規約 木祖村役場 〒399-6201 長野県木曽郡木祖村薮原1191-1 地図 tel： 0264-36-2001 fax： 0264-36-3344 Copyright &copy; Kiso Village All rights reserved.
-20	木祖村	名勝・文化財	https://www.vill.kiso.nagano.jp/kosodate_kyoiku/meisho/index.html	名勝・文化財 | 信州木祖村 このページの本文へ 木祖村 --> 木祖村 サイト内検索 検索 Translate 文字サイズ 標準 大 TOP 子育て・教育 名勝・文化財 名勝・文化財 ライフシーンから探す 妊娠・出産 子育て 結婚・離婚 転入・転出 健康・医療 老後 おくやみ 暮らしの便利帳 組織から探す お問い合わせ サイトマップ 個人情報保護方針 利用規約 木祖村役場 〒399-6201 長野県木曽郡木祖村薮原1191-1 地図 tel： 0264-36-2001 fax： 0264-36-3344 Copyright &copy; Kiso Village All rights reserved.
-20	木祖村	解かし櫛（解き櫛）	https://www.vill.kiso.nagano.jp/kosodate_kyoiku/meisho/kind_tokashigushi.html	解かし櫛（解き櫛） | 信州木祖村 このページの本文へ 木祖村 --> 木祖村 サイト内検索 検索 Translate 文字サイズ 標準 大 TOP 子育て・教育 名勝・文化財 解かし櫛（解き櫛） 解かし櫛（解き櫛） 更新日： 2024年08月27日 結っていた髪をほどき、毛髪を揃えるのに用いるやや歯の粗い櫛。現代の日常生活ではスタイリングするための櫛で、現在一般的に使用されている櫛のほとんどが、この解かし櫛といえる。 櫛のサイズは四～六寸で、櫛挽職人は一寸あたりの櫛歯の数から以下の六種類に分けている。梳歯（15本/寸） 相細（14本） 相歯（13本） 相太（12本） 挿荒（11本） 荒歯（10本） 利久 江戸時代の文化文政年間頃から出現した、峰の湾曲が緩やかで、木口が下方に垂直な横長の櫛。峰と木口のカドが角ばっているのが特徴。 実用面から長さ五寸五分前後のものが多い。 （上） 相歯利久解かし櫛 牛丸義男作 ナシ 五寸 歯数60
-20	木祖村	挿櫛（飾り櫛・塗櫛）	https://www.vill.kiso.nagano.jp/kosodate_kyoiku/meisho/kind-sasikushi.html	挿櫛（飾り櫛・塗櫛） | 信州木祖村 このページの本文へ 木祖村 --> 木祖村 サイト内検索 検索 Translate 文字サイズ 標準 大 TOP 子育て・教育 名勝・文化財 挿櫛（飾り櫛・塗櫛） 挿櫛（飾り櫛・塗櫛） 更新日： 2024年08月27日 髪を結ってから、髪の乱れを整えたり、髪に挿して飾りに用いたため「飾り櫛」とも呼ばれる。アクセサリー的な要素が強い。梳き櫛に次いで目が細かく、歯数は一寸あたり15～25本程度。 京型 峰が湾曲し、両木口が下方に向かって狭く、峰と木口のカドが角ばった形状。 多く塗櫛や飾り櫛に用いられた小形の櫛。 （上） 相歯京型塗櫛 青木栄寄託 朱塗・螺鈿 三寸三分 歯数30 （下） 相歯京型塗櫛 牛丸正雄作 生漆・ 三寸ニ分 歯数32 （木祖村郷土館蔵） 京丸型 京型のカドを無くして峰と木口を丸くした形状で、長さと幅の比率が少なくなった小形の塗櫛 （上） 相歯京丸型塗櫛 朱塗・金摺絵 ニ寸六分
-20	木祖村	仕事の基本となる道具	https://www.vill.kiso.nagano.jp/kosodate_kyoiku/meisho/tool_kihon.html	仕事の基本となる道具 | 信州木祖村 このページの本文へ 木祖村 --> 木祖村 サイト内検索 検索 Translate 文字サイズ 標準 大 TOP 子育て・教育 名勝・文化財 仕事の基本となる道具 仕事の基本となる道具 更新日： 2024年08月27日 道具 上手工鉋、ハズリ棒、 引き回し鋸 、寸法 歯型 、筋付 、歯挽き鋸、 歯通し 、山抜き鋸 、耳突き鉋 、耳丸め鉋、 磨き台、木賊の木、棕櫚、坊主貝 盤（バン） 櫛挽職人の作業台とも言える基礎道具。 重量がある石や堅木を使った長方形の台で、約8度の傾斜で縦方向に据えつける。この前に胡座して全工程に使用する。 台の手前にツグと呼ばれる凹字型の溝を彫ったものを取りつけ、これに様々な道具を掛けたりして用いる。 膝掛け 約60～80センチ四方の木綿地の布を、3～4枚重ね合わせて刺子縫いにしたもの。 櫛挽仕事は常に鉋屑・鋸屑等が出るため、これらが衣服に付着しないよう、また膝や腿の保
-20	木祖村	櫛木を削る道具	https://www.vill.kiso.nagano.jp/kosodate_kyoiku/meisho/tool_kezuru.html	櫛木を削る道具 | 信州木祖村 このページの本文へ 木祖村 --> 木祖村 サイト内検索 検索 Translate 文字サイズ 標準 大 TOP 子育て・教育 名勝・文化財 櫛木を削る道具 櫛木を削る道具 更新日： 2024年08月27日 上手工鉋 櫛木の平面と縦の小口の仕上げ削りをする鉋。鉋の刃が台の縦に対し約9度ほど左斜めに入っているのが特徴で、櫛木を横に削る際に刃を斜めにすることで、削りあがりが良くなる。 用材はアラシコと同様にヤマクワを用いる場合が多い。 ハズリ棒 櫛木の削る台。 「ハズリボウ」を「盤」の「ツク」にかけて櫛木を削る。材は、ヒノキ、サワラなど、削る時、櫛木をとめる「カカリ」はミネバリなど堅い木を用いる。 引き回し鋸 主に櫛木の歯先と、耳の小口の切り落としに用いる鋸。 鋸の弦の部分は鍛冶屋に打たせるが、鋸の歯は置時計などのゼンマイ（スルメと呼ぶ）を利用して自作する。 柄はキリ・ヒノキ等、手軽で若干粘りのある木
-20	木祖村	歯挽き道具	https://www.vill.kiso.nagano.jp/kosodate_kyoiku/meisho/tool_habiki.html	歯挽き道具 | 信州木祖村 このページの本文へ 木祖村 --> 木祖村 サイト内検索 検索 Translate 文字サイズ 標準 大 TOP 子育て・教育 名勝・文化財 歯挽き道具 歯挽き道具 更新日： 2024年08月27日 歯型 鋸で櫛の歯を挽きこむ限界の線（筋）をひくための型。 側面が歯の形を印づけるため、両側にほぞを差して突起がつけられている。この突起に櫛木の歯先となる部分を掛けて筋がつけられる。 材料は主に櫛木であるミネバリやツゲなどを使う。 筋付 櫛木に歯形の線をひく道具。 長さ10センチ内外の柄に、角の尖った鉄片を差しこんだもので、刃は主に使い古した金鑢（やすり）が利用される。 歯挽き鋸 櫛木に櫛の歯をつけるには、まず鋸で表側を挽き、次にその裏側を挽きこんで歯挽きが完了する。この表側に初めて歯をつけるための鋸。 歯挽き鋸にはアテガイという脇鋸を添歯として取りつけて使用する。 櫛の歯を挽く際に鋸の歯が湾曲しないように
-20	木祖村	櫛を磨く道具	https://www.vill.kiso.nagano.jp/kosodate_kyoiku/meisho/tool_migaku.html	櫛を磨く道具 | 信州木祖村 このページの本文へ 木祖村 --> 木祖村 サイト内検索 検索 Translate 文字サイズ 標準 大 TOP 子育て・教育 名勝・文化財 櫛を磨く道具 櫛を磨く道具 更新日： 2024年08月27日 磨き台 磨きの段階で、櫛の表面をトクサノキで下磨きするための台。 上面に櫛がすべるのを防ぐために皮、布、和紙などを貼り、櫛の歯先を差しこむように押さえが打ちつけてある。 木賊の木（トクサノキ） 櫛の表面や耳の小口を下磨きする道具。 小型の小木片や棒に木賊や鮫皮を貼りつけたものである。材は柔らかで軽いものがよく、主にキリやサワラが用いられる。 棕櫚（シュロ） 櫛に付着した細かい木の粉を払い落とす道具。 長さ10センチほどの棕櫚毛を直径約4センチに揃え、細い荒縄で堅く結わえたもので、主に市販のものが使われる 坊主貝（ボウスガイ） 櫛の光沢を出すための道具。 坊主貝と呼ぶ殻の厚いの表面を砥石で平らに研ぎ、
-20	木祖村	手挽きお六櫛の技法	https://www.vill.kiso.nagano.jp/kosodate_kyoiku/meisho/technique.html	手挽きお六櫛の技法 | 信州木祖村 このページの本文へ 木祖村 --> 木祖村 サイト内検索 検索 Translate 文字サイズ 標準 大 TOP 子育て・教育 名勝・文化財 手挽きお六櫛の技法 手挽きお六櫛の技法 更新日： 2024年08月27日 現在の「お六櫛」は長さ三寸二分、幅一寸八分。平均して片側におよそ100本もの歯を挽かれていますが、中には143本もの歯が挽きこまれた逸品もあります。 お六櫛ができるまでには、大きく「櫛木の準備」「櫛木削り」「櫛の歯作り」「櫛の仕上げ」の四区分に分かれ、およそ15の工程からなっていました。 問屋制度がなくなった現在では「櫛の磨きと総仕上げ」の段階まで櫛職人が行うようになったため、これらを合わせると職人はおよそ20工程で一枚のお六櫛を完成させることになります。 この記事へのお問い合わせ先 木祖村役場 教育委員会 教育振興係 電話番号： 0264-36-2001／ FAX番号： 0264
-20	木祖村	お六櫛の材料	https://www.vill.kiso.nagano.jp/kosodate_kyoiku/meisho/material.html	お六櫛の材料 | 信州木祖村 このページの本文へ 木祖村 --> 木祖村 サイト内検索 検索 Translate 文字サイズ 標準 大 TOP 子育て・教育 名勝・文化財 お六櫛の材料 お六櫛の材料 更新日： 2024年08月27日 みねばり 科名：カバノキ科 属名：カバノキ属 学名：オノオレカンバ 和名：オノオレカンバ 木曽のお六櫛は主に「みねばり」の木から作られます。かつてみねばりは鳥居峠付近に多くあったことから、藪原がお六櫛の主要生産地となったと言われてきました。その材は堅く、斧が折れるという意味から「斧折樺（学名：オノオレカンバ）」と呼ばれます。一方、みねばりの呼称名は地方名で、山の岩地から「峰に張り出す」ように生育することに由来するともいわれます。 本州の中部から東北にかけた太平洋側にかけて分布し、山地では土壌の浅い尾根や岩角地に大木が生えます。現在は木曽郡内や鳥居峠には見られないが、県内では佐久地方・上下伊那地方に多
-20	木祖村	サイトマップ	https://www.vill.kiso.nagano.jp/kosodate_kyoiku/meisho/site-map.html	サイトマップ | 信州木祖村 このページの本文へ 木祖村 --> 木祖村 サイト内検索 検索 Translate 文字サイズ 標準 大 TOP 子育て・教育 名勝・文化財 サイトマップ サイトマップ 更新日： 2024年08月27日 トップページ お六櫛とは お六櫛の種類と形 梳き櫛 ・・・ お六両刃、お六片歯、竹唐、挽唐 解かし櫛 ・・・ 利休、福利休、男櫛、セット櫛 挿櫛 ・・・ 京型 、京丸型、丸型・姫櫛、月型 結櫛 ・・・ 丁髷櫛(チョンマゲ櫛) 、鬢掻き 、筋立 、鬢出し 櫛作りの道具 基本的な道具 ・・・ 盤（バン） 、膝掛け 削る道具 ・・・ 上手工鉋 、引き回し鋸、寸法 歯挽き道具 ・・・ 歯型、筋付 、歯挽き鋸、歯通し、山抜き鋸 、耳突き鉋、耳丸め鉋 磨く道具 ・・・ 磨き台、木賊の木（トクサノキ） 、棕櫚（シュロ）、坊主貝（ボウスガイ） お六櫛の伝統技法 材料 ・・・ みねばり、いすのき 作業工程 ・・・ 1
-20	木祖村	木祖村	https://www.vill.kiso.nagano.jp/kurashi_joho/norigyo/index.html	農林業 | 信州木祖村 このページの本文へ 木祖村 --> 木祖村 サイト内検索 検索 Translate 文字サイズ 標準 大 TOP 暮らしの情報 農林業 農林業 ライフシーンから探す 妊娠・出産 子育て 結婚・離婚 転入・転出 健康・医療 老後 おくやみ 暮らしの便利帳 組織から探す お問い合わせ サイトマップ 個人情報保護方針 利用規約 木祖村役場 〒399-6201 長野県木曽郡木祖村薮原1191-1 地図 tel： 0264-36-2001 fax： 0264-36-3344 Copyright &copy; Kiso Village All rights reserved.
-20	木祖村	村長通信	https://www.vill.kiso.nagano.jp/gyoseijoho/koho/sontyoutuusin.html	村長通信 | 信州木祖村 このページの本文へ 木祖村 --> 木祖村 サイト内検索 検索 Translate 文字サイズ 標準 大 TOP 行政情報 広報 村長通信 村長通信 更新日： 2026年07月13日 「村長通信」の配信を始めます 村内の主な出来事や県内外での活動などを紹介するため、この度、村のホームページで「村長通信」の配信を始めます。 不定期とはなりますが、旬な情報を提供していきますので、是非ご覧いただき、村政を身近に感じていただければ幸いです。 木祖村長 奥原 秀一 第12話 やぶはら高原はくさいマラソン大会を開催しました。 7月5日（日）第39回目を数えるやぶはら高原はくさいマラソン大会を開催しました。 当日は、近年では最も多い、およそ1,300人を超えるランナーの皆さんに出走をいただきました。 雨の予報もあり心配されたところですが、レース途中からは曇りの絶好のコンディションのもと開催できたことを嬉しく思います。
-20	木祖村	木祖村	https://www.vill.kiso.nagano.jp/kurashi_joho/shokogyo/index.html	商工業 | 信州木祖村 このページの本文へ 木祖村 --> 木祖村 サイト内検索 検索 Translate 文字サイズ 標準 大 TOP 暮らしの情報 商工業 商工業 ライフシーンから探す 妊娠・出産 子育て 結婚・離婚 転入・転出 健康・医療 老後 おくやみ 暮らしの便利帳 組織から探す お問い合わせ サイトマップ 個人情報保護方針 利用規約 木祖村役場 〒399-6201 長野県木曽郡木祖村薮原1191-1 地図 tel： 0264-36-2001 fax： 0264-36-3344 Copyright &copy; Kiso Village All rights reserved.
-20	木祖村	施策・計画	https://www.vill.kiso.nagano.jp/gyoseijoho/shisaku_keikaku/index.html	施策・計画 | 信州木祖村 このページの本文へ 木祖村 --> 木祖村 サイト内検索 検索 Translate 文字サイズ 標準 大 TOP 行政情報 施策・計画 施策・計画 ライフシーンから探す 妊娠・出産 子育て 結婚・離婚 転入・転出 健康・医療 老後 おくやみ 暮らしの便利帳 組織から探す お問い合わせ サイトマップ 個人情報保護方針 利用規約 木祖村役場 〒399-6201 長野県木曽郡木祖村薮原1191-1 地図 tel： 0264-36-2001 fax： 0264-36-3344 Copyright &copy; Kiso Village All rights reserved.
-20	木祖村	リンク集	https://www.vill.kiso.nagano.jp/links.html	リンク集 | 信州木祖村 このページの本文へ 木祖村 --> 木祖村 サイト内検索 検索 Translate 文字サイズ 標準 大 TOP リンク集 リンク集 更新日： 2022年07月14日 地域情報 国関連 木曽川上下流交流 遊ぶ・みる 教育・生涯学習 土産・特産品 木工品 宿泊・飲食 パソコン アンケート このページは役に立ちましたか？ 役に立った 普通 わかりづらい 役に立たなかった このページについての要望等を入力して送信ボタンを押してください。 ライフシーンから探す 妊娠・出産 子育て 結婚・離婚 転入・転出 健康・医療 老後 おくやみ 暮らしの便利帳 組織から探す お問い合わせ サイトマップ 個人情報保護方針 利用規約 木祖村役場 〒399-6201 長野県木曽郡木祖村薮原1191-1 地図 tel： 0264-36-2001 fax： 0264-36-3344 Copyright &copy; Kiso Vill
-20	木祖村	情報公開・個人情報保護	https://www.vill.kiso.nagano.jp/gyoseijoho/johokokai_kojinjoho/index.html	情報公開・個人情報保護 | 信州木祖村 このページの本文へ 木祖村 --> 木祖村 サイト内検索 検索 Translate 文字サイズ 標準 大 TOP 行政情報 情報公開・個人情報保護 情報公開・個人情報保護 ライフシーンから探す 妊娠・出産 子育て 結婚・離婚 転入・転出 健康・医療 老後 おくやみ 暮らしの便利帳 組織から探す お問い合わせ サイトマップ 個人情報保護方針 利用規約 木祖村役場 〒399-6201 長野県木曽郡木祖村薮原1191-1 地図 tel： 0264-36-2001 fax： 0264-36-3344 Copyright &copy; Kiso Village All rights reserved.
-20	木祖村	空き家情報R07-3	https://www.vill.kiso.nagano.jp/kurashi_joho/iju_teiju/akiyajyouhou_R07_3.html	空き家情報R07-3 | 信州木祖村 このページの本文へ 木祖村 --> 木祖村 サイト内検索 検索 Translate 文字サイズ 標準 大 TOP 空き家情報R07-3 空き家情報R07-3 更新日： 2026年03月18日 １．空き家情報 Ｒ０７－３ 分類 建物／土地 契約希望 賃貸/売却 価格 応相談 物件所在地 木祖村大字薮原557 構造 木造２階建て 面積 建物 119.01m ２ 土地 211.97m ２ 補修の要否 多少の補修必要 補修費用負担 入居者負担 補修費用目安 ― 間取り １階 和室8畳、和室6畳、洋室4.5畳、キッチン、トイレ、風呂 2階 和室8畳、和室6畳 設備状況 電気 有 ガス 有 水道 有 トイレ 水洗化済み 風呂 灯油 車庫 無し 庭 有 建築年 確認中 その他特記事項 ・土地(木祖村大字薮原565-6、105m ２ )も賃貸・売却可能。 主要施設までの距離 役場 ０．５km 小学校 ０．３
-20	木祖村	お六櫛の種類と形	https://www.vill.kiso.nagano.jp/kosodate_kyoiku/meisho/kind.html	お六櫛の種類と形 | 信州木祖村 このページの本文へ 木祖村 --> 木祖村 サイト内検索 検索 Translate 文字サイズ 標準 大 TOP 子育て・教育 名勝・文化財 お六櫛の種類と形 お六櫛の種類と形 更新日： 2010年02月26日 薮原では一口に「お六櫛」と総称しているが、その種類は多岐にわたり、お六櫛はその用途と機能から大きく4種類に分けられる。さらにそれぞれに形や大きさ、歯のつけ方などの違いによって細かく分類され、名称がつけられている。 梳き櫛（透き櫛・寿喜櫛は当て字） 髪の垢、フケをとるなど、髪の汚れやホコリをとりのぞいて梳くのに用いる。いわば頭髪をクリーニングするための櫛。 解かし櫛（解き櫛） 結っていた髪をほどき、毛髪を揃えるのに用いるやや歯の粗い櫛。 挿櫛（飾り櫛・塗櫛） 髪を結ってから、髪の乱れを整えたり、髪に挿して飾りに用いたため「飾り櫛」とも呼ばれる。 結櫛 いわゆる日本髪、チョンマゲなど、髪を結
-20	木祖村	梳き櫛（透き櫛・寿喜櫛は当て字）	https://www.vill.kiso.nagano.jp/kosodate_kyoiku/meisho/kind_sukigushi.html	梳き櫛（透き櫛・寿喜櫛は当て字） | 信州木祖村 このページの本文へ 木祖村 --> 木祖村 サイト内検索 検索 Translate 文字サイズ 標準 大 TOP 子育て・教育 名勝・文化財 梳き櫛（透き櫛・寿喜櫛は当て字） 梳き櫛（透き櫛・寿喜櫛は当て字） 更新日： 2010年02月26日 髪の垢、フケをとるなど、髪の汚れやホコリをとりのぞいて梳くのに用いる。いわば頭髪をクリーニングするための櫛。 歯の間隔はいずれも0.5mm以下と細かく、毛髪の1本1本を梳く事ができるようになっており、毛髪の表面を一定方向へ美しく整え、毛髪本来のツヤを出す効果がある。戦後、シャンプーの普及と洗髪の習慣化などにより生産量が激減した。櫛のサイズは三寸～四寸二分程度。歯数は一寸あたり29～42本ほどである。 お六両歯 お六両歯は、櫛の中央にシノギと呼ぶ稜線を境に、両側に細かい歯のある櫛である。手で持つ峰の部分が無いため、櫛歯を保護するために鞘をつけ
-20	木祖村	櫛作りの道具	https://www.vill.kiso.nagano.jp/kosodate_kyoiku/meisho/tool.html	櫛作りの道具 | 信州木祖村 このページの本文へ 木祖村 --> 木祖村 サイト内検索 検索 Translate 文字サイズ 標準 大 TOP 子育て・教育 名勝・文化財 櫛作りの道具 櫛作りの道具 更新日： 2010年02月26日 お六櫛作りは繊細な手作業で、職人の技能を充分に発揮し、より良いお六櫛をつくるには良い道具が必要である。櫛作りの道具は、大きいものは作業台ともいえるものもあるが、およそ小道具が多く、その数は櫛作りの道具を作る工具なども含めて約80種類を越す。 注目したいのは、ほとんどが、職人自らが使いやすいように創意と工夫をこらして独自に製作し、使用することである。 どの道具を見ても特徴あるものばかりで、中には江戸時代に考案され、祖父伝来の生活の知恵の結晶といえる道具も多い。 仕事の基本となる道具 櫛木を削る道具 歯挽き道具 櫛を磨く道具 この記事へのお問い合わせ先 木祖村役場 教育委員会 教育振興係 電話番号： 0
