rescore	score	organization	title	url	evidence
81	30	杵築市	国民健康保険一部負担金減免及び徴収猶予	https://www.city.kitsuki.lg.jp/shinseisho/hoken_nenkin/3983.html	国民健康保険一部負担金減免及び徴収猶予／杵築市 スマートフォン版を表示 本文へ Foreign language 携帯サイト 文字サイズ 背景色 PCサイト Foreign language キーワードで探す トップページへ くらしの情報 健康・福祉 教育・子育て 観光・歴史 産業・ビジネス 市政・まちづくり 定住促進サイト ブランドサイト メニューを閉じる くらしの情報 健康･福祉 教育･子育て 観光･歴史 産業･ビジネス 市政･まちづくり キーワードで探す 保険・年金関連 こんなときには 転入・転出 妊娠・出産・子育て 入園・入学 就職・退職 結婚・離婚 高齢者・介護 終活・死亡・相続 税金 現在の位置 ホーム 申請書ダウンロード 保険・年金関連 国民健康保険一部負担金減免及び徴収猶予 国民健康保険一部負担
81	30	杵築市	文化施設の観覧料減免申請	https://www.city.kitsuki.lg.jp/shinseisho/kokyoshisetsu/4000.html	文化施設の観覧料減免申請／杵築市 スマートフォン版を表示 本文へ Foreign language 携帯サイト 文字サイズ 背景色 PCサイト Foreign language キーワードで探す トップページへ くらしの情報 健康・福祉 教育・子育て 観光・歴史 産業・ビジネス 市政・まちづくり 定住促進サイト ブランドサイト メニューを閉じる くらしの情報 健康･福祉 教育･子育て 観光･歴史 産業･ビジネス 市政･まちづくり キーワードで探す 公共施設関連 こんなときには 転入・転出 妊娠・出産・子育て 入園・入学 就職・退職 結婚・離婚 高齢者・介護 終活・死亡・相続 税金 現在の位置 ホーム 申請書ダウンロード 公共施設関連 文化施設の観覧料減免申請 文化施設の観覧料減免申請 Tweet 更新日：202
77	30	杵築市	国民健康保険一部負担金減免及び徴収猶予	https://www.city.kitsuki.lg.jp/kurashi/hoken_nenkin/3/2505.html	国民健康保険一部負担金減免及び徴収猶予／杵築市 スマートフォン版を表示 本文へ Foreign language 携帯サイト 文字サイズ 背景色 PCサイト Foreign language キーワードで探す トップページへ くらしの情報 健康・福祉 教育・子育て 観光・歴史 産業・ビジネス 市政・まちづくり 定住促進サイト ブランドサイト メニューを閉じる くらしの情報 健康･福祉 教育･子育て 観光･歴史 産業･ビジネス 市政･まちづくり キーワードで探す 国民健康保険 こんなときには 転入・転出 妊娠・出産・子育て 入園・入学 就職・退職 結婚・離婚 高齢者・介護 終活・死亡・相続 税金 現在の位置 ホーム くらしの情報 保険・年金 国民健康保険 国民健康保険一部負担金減免及び徴収猶予 国民健康保険一部負
77	30	杵築市	軽自動車税（種別割）の減免制度	https://www.city.kitsuki.lg.jp/kurashi/kojin_zeikin/2/9508.html	軽自動車税（種別割）の減免制度／杵築市 スマートフォン版を表示 本文へ Foreign language 携帯サイト 文字サイズ 背景色 PCサイト Foreign language キーワードで探す トップページへ くらしの情報 健康・福祉 教育・子育て 観光・歴史 産業・ビジネス 市政・まちづくり 定住促進サイト ブランドサイト メニューを閉じる くらしの情報 健康･福祉 教育･子育て 観光･歴史 産業･ビジネス 市政･まちづくり キーワードで探す 軽自動車税 こんなときには 転入・転出 妊娠・出産・子育て 入園・入学 就職・退職 結婚・離婚 高齢者・介護 終活・死亡・相続 税金 現在の位置 ホーム くらしの情報 個人の税金 軽自動車税 軽自動車税（種別割）の減免制度 軽自動車税（種別割）の減免制度 Twe
75	24	杵築市	市税の減免など	https://www.city.kitsuki.lg.jp/kurashi/kojin_zeikin/1/2385.html	市税の減免など／杵築市 スマートフォン版を表示 本文へ Foreign language 携帯サイト 文字サイズ 背景色 PCサイト Foreign language キーワードで探す トップページへ くらしの情報 健康・福祉 教育・子育て 観光・歴史 産業・ビジネス 市政・まちづくり 定住促進サイト ブランドサイト メニューを閉じる くらしの情報 健康･福祉 教育･子育て 観光･歴史 産業･ビジネス 市政･まちづくり キーワードで探す 各種税金・納税方法 こんなときには 転入・転出 妊娠・出産・子育て 入園・入学 就職・退職 結婚・離婚 高齢者・介護 終活・死亡・相続 税金 現在の位置 ホーム くらしの情報 個人の税金 各種税金・納税方法 市税の減免など 市税の減免など Tweet 更新日：2018年08月0
75	24	杵築市	市税の減免など	https://www.city.kitsuki.lg.jp/sangyobijinesu/houjin_zeikin/hoka/3783.html	市税の減免など／杵築市 スマートフォン版を表示 本文へ Foreign language 携帯サイト 文字サイズ 背景色 PCサイト Foreign language キーワードで探す トップページへ くらしの情報 健康・福祉 教育・子育て 観光・歴史 産業・ビジネス 市政・まちづくり 定住促進サイト ブランドサイト メニューを閉じる くらしの情報 健康･福祉 教育･子育て 観光･歴史 産業･ビジネス 市政･まちづくり キーワードで探す その他の税金 こんなときには 転入・転出 妊娠・出産・子育て 入園・入学 就職・退職 結婚・離婚 高齢者・介護 終活・死亡・相続 税金 現在の位置 ホーム 産業・ビジネス 法人の税金 その他の税金 市税の減免など 市税の減免など Tweet 更新日：2018年08月01日 納税
73	22	杵築市	NHK受信料減免（オンライン申請について）	https://www.city.kitsuki.lg.jp/kenkofukushi/shougaifukushi/2540.html	NHK受信料減免（オンライン申請について）／杵築市 スマートフォン版を表示 本文へ Foreign language 携帯サイト 文字サイズ 背景色 PCサイト Foreign language キーワードで探す トップページへ くらしの情報 健康・福祉 教育・子育て 観光・歴史 産業・ビジネス 市政・まちづくり 定住促進サイト ブランドサイト メニューを閉じる くらしの情報 健康･福祉 教育･子育て 観光･歴史 産業･ビジネス 市政･まちづくり キーワードで探す 障がい福祉 こんなときには 転入・転出 妊娠・出産・子育て 入園・入学 就職・退職 結婚・離婚 高齢者・介護 終活・死亡・相続 税金 現在の位置 ホーム 健康・福祉 障がい福祉 NHK受信料減免（オンライン申請について） NHK受信料減免（オンライン
72	25	杵築市	自主防災組織設立・変更届出、自主防災組織活性化補助金について	https://www.city.kitsuki.lg.jp/kurashi/bousai_bouhan_anzen/1/2518.html	自主防災組織設立・変更届出、自主防災組織活性化補助金について／杵築市 スマートフォン版を表示 本文へ Foreign language 携帯サイト 文字サイズ 背景色 PCサイト Foreign language キーワードで探す トップページへ くらしの情報 健康・福祉 教育・子育て 観光・歴史 産業・ビジネス 市政・まちづくり 定住促進サイト ブランドサイト メニューを閉じる くらしの情報 健康･福祉 教育･子育て 観光･歴史 産業･ビジネス 市政･まちづくり キーワードで探す 防災情報 こんなときには 転入・転出 妊娠・出産・子育て 入園・入学 就職・退職 結婚・離婚 高齢者・介護 終活・死亡・相続 税金 現在の位置 ホーム くらしの情報 防災・防犯・安全 防災情報 自主防災組織設立・変更届出、自主防災組
69	42	豊後高田市	手当・助成	https://www.city.bungotakada.oita.jp/site/kosodate-kyoiku/list12-37.html	手当・助成 - ぶんごたかだの子育てサイト - 豊後高田市ホームページ ページの先頭です。 メニューを飛ばして本文へ 検索 メニュー 本文へ 文字サイズ・色合い変更 文字サイズ 標準 拡大 背景色変更 白 黒 青 translate サイト内 検索 Googleカスタム検索 詳しく さがす ID検索(ページの番号を入れてください) 注目ワード オンライン手続き 子育て支援 休日当番医情報 現在地 トップページ > ぶんごたかだの子育てサイト > 目的別 > 手当・助成 本文 手当・助成 2026年6月17日更新 特別児童扶養手当 2026年6月17日更新 障害児福祉手当 2026年5月11日更新 不妊治療費の助成について 2026年4月16日更新 妊婦健康診査・乳児健康診査等受診票について 2026年4月1日更
69	37	杵築市	移住・定住に関する補助金（人生まるごと応援プラン）	https://www.city.kitsuki.lg.jp/teijuusokushin/iju_topics/12351.html	移住・定住に関する補助金（人生まるごと応援プラン）／杵築市 本文へ移動 Foreign Language 文字サイズ 背景色変更 杵築市サイトへ きつきで暮らす きつきで働く きつきで子育て 空家バンク Q&A Foreign Language きつきで子育て きつきで働く きつきで暮らす 空家バンク Q&A 空き家バンク 先輩移住者の声 メニューを閉じる 現在のページ ホーム 定住促進サイト 移住トピックス 移住・定住に関する補助金（人生まるごと応援プラン） 移住・定住に関する補助金（人生まるごと応援プラン） Tweet 更新日：2026年04月01日 住宅に関する補助金 結婚新生活支援事業補助金 移住促進マイカー取得補助金 「このまちに生まれてよかった」 「このまちに住み続けたい」 「このまちに住んでみたい
63	30	臼杵市	移住者向けのレンタカー借上料補助金をつくりました！	https://www.city.usuki.oita.jp/docs/2017122700013/	移住者向けのレンタカー借上料補助金をつくりました！ | 臼杵市役所 本文へ ふりがなをつける --> 文字の大きさ 拡大 標準 縮小 背景色 黒 青 標準 読み上げる 臼杵市 メニュー サイトマップ お問合せ 総合トップ 市民向け 観光 ふるさと納税 移住・定住 事業者向け 他のカテゴリも表示する TOP カテゴリ 市民向け 移住支援 TOP カテゴリ 区分 コンテンツ 移住者向けのレンタカー借上料補助金をつくりました！ 公開日 2019年2月13日 更新日 2022年5月6日 レンタカー借上料補助金を作りました 臼杵市では、移住促進を図るため、臼杵市に移住を検討している方を対象に、レンタカーの借上料に対する補助金制度を作りました。 補助金額 レンタカー借上料の2分の1（上限3,000円 最大3日間） 補助条件
63	30	竹田市	令和8年度軽自動車税の減免申請について	https://www.city.taketa.oita.jp/kurashi_tetsuzuki/zeikin/zeinikansuruosirase/12429.html	令和8年度軽自動車税の減免申請について／竹田市 スマートフォン版を表示 本文へ 文字サイズ 背景色変更 Foreign Language 目的別で探す 妊娠・出産 子育て 入園・入学 就職・退職 結婚・離婚 引越し・住まい 高齢・介護 おくやみ よく利用されるメニュー 手続き検索ナビ 申請書ダウンロード ごみ検索 イベントカレンダー お問い合わせ お問い合わせフォームへ よく見られるページ 関連施設等のページ 竹田市立図書館 竹田市総合文化ホール グランツたけた 竹田市歴史文化館 竹田市消防本部 くらし・ 手続き 健康・福祉 市政・ まちづくり 子育て・教育 産業・ 事業者向け情報 学び・ スポーツ 移住・定住 文化・歴史 ・観光 現在のページ ホーム くらし・手続き 税金 税に関するお知らせ 令和8年度軽自動
63	30	津久見市	軽自動車税の減免について	https://www.city.tsukumi.oita.jp/soshiki/17/6118.html	軽自動車税の減免について - 津久見市公式ホームページ ページの先頭です。 メニューを飛ばして本文へ メニュー 本文へ Foreign language 背景色・文字サイズ 背景色 白 黒 青 文字サイズ 標準 拡大 キーワード検索 詳細検索 分類でさがす 組織でさがす カレンダーでさがす 注目 防災 子育て マイナンバーカード ごみ くらし しごと 観光 市政・議会 現在地 トップページ > 分類でさがす > くらしの情報 > 税金 > 軽自動車税 > 軽自動車税の減免について 本文 軽自動車税の減免について 印刷ページ表示 更新日：2020年12月18日更新 障がい者減免 身体障害者手帳、戦傷病者手帳、療育手帳、精神障害者保健福祉手帳等所持している方で、一定の要件を満たす方は、申請により軽自動車税の減免を受
63	30	豊後高田市	軽自動車税の減免について	https://www.city.bungotakada.oita.jp/soshiki/6/1628.html	軽自動車税の減免について - 豊後高田市ホームページ ページの先頭です。 メニューを飛ばして本文へ メニュー --> 豊後高田市の魅力 ヘルプ メニュー 本文へ 本文へ --> 検索 文字サイズ・色合い変更 文字サイズ 標準 拡大 背景色変更 白 黒 青 Translate 防災 当番医 サイト内 検索 Googleカスタム検索 詳しく さがす ID検索(ページの番号を入れてください) ID検索 注目ワード 住みたい田舎 子育て支援 昭和の町 ふるさと納税 休日当番医 ごみ検索 住民票・戸籍・印鑑登録 申請・届出 よくある質問 イベントカレンダー 一時保存する メニュー くらし・手続き 子育て・教育 健康・福祉 移住・定住 観光・イベント 市政 現在地 トップページ > 分類でさがす > くらし > 税金・公金
63	30	豊後高田市	税の減免について	https://www.city.bungotakada.oita.jp/soshiki/6/12474.html	税の減免について - 豊後高田市ホームページ ページの先頭です。 メニューを飛ばして本文へ メニュー --> 豊後高田市の魅力 ヘルプ メニュー 本文へ 本文へ --> 検索 文字サイズ・色合い変更 文字サイズ 標準 拡大 背景色変更 白 黒 青 Translate 防災 当番医 サイト内 検索 Googleカスタム検索 詳しく さがす ID検索(ページの番号を入れてください) ID検索 注目ワード 住みたい田舎 子育て支援 昭和の町 ふるさと納税 休日当番医 ごみ検索 住民票・戸籍・印鑑登録 申請・届出 よくある質問 イベントカレンダー 一時保存する メニュー くらし・手続き 子育て・教育 健康・福祉 移住・定住 観光・イベント 市政 現在地 トップページ > 分類でさがす > くらし > 税金・公金 > 税
63	30	豊後高田市	国民健康保険加入者の一部負担金（医療費の窓口負担額）の徴収猶予・減免について	https://www.city.bungotakada.oita.jp/site/kokuho/1670.html	国民健康保険加入者の一部負担金（医療費の窓口負担額）の徴収猶予・減免について - 国民健康保険 - 豊後高田市ホームページ ページの先頭です。 メニューを飛ばして本文へ メニュー --> 豊後高田市の魅力 ヘルプ メニュー 本文へ 本文へ --> 検索 文字サイズ・色合い変更 文字サイズ 標準 拡大 背景色変更 白 黒 青 Translate 防災 当番医 サイト内 検索 Googleカスタム検索 詳しく さがす ID検索(ページの番号を入れてください) ID検索 注目ワード 住みたい田舎 子育て支援 昭和の町 ふるさと納税 休日当番医 ごみ検索 住民票・戸籍・印鑑登録 申請・届出 よくある質問 イベントカレンダー 一時保存する メニュー くらし・手続き 子育て・教育 健康・福祉 移住・定住 観光・イベント 市
63	30	豊後高田市	国民健康保険税の減免について	https://www.city.bungotakada.oita.jp/site/kokuho/2309.html	国民健康保険税の減免について - 国民健康保険 - 豊後高田市ホームページ ページの先頭です。 メニューを飛ばして本文へ メニュー --> 豊後高田市の魅力 ヘルプ メニュー 本文へ 本文へ --> 検索 文字サイズ・色合い変更 文字サイズ 標準 拡大 背景色変更 白 黒 青 Translate 防災 当番医 サイト内 検索 Googleカスタム検索 詳しく さがす ID検索(ページの番号を入れてください) ID検索 注目ワード 住みたい田舎 子育て支援 昭和の町 ふるさと納税 休日当番医 ごみ検索 住民票・戸籍・印鑑登録 申請・届出 よくある質問 イベントカレンダー 一時保存する メニュー くらし・手続き 子育て・教育 健康・福祉 移住・定住 観光・イベント 市政 現在地 トップページ > 国民健康保険 >
63	30	豊後高田市	ケーブルネットワーク施設基本使用料に関する減免制度	https://www.city.bungotakada.oita.jp/site/bungotakadacatv/2152.html	ケーブルネットワーク施設基本使用料に関する減免制度 - 豊後高田市ケーブルネットワーク - 豊後高田市ホームページ ページの先頭です。 メニューを飛ばして本文へ メニュー --> 豊後高田市の魅力 ヘルプ メニュー 本文へ 本文へ --> 検索 文字サイズ・色合い変更 文字サイズ 標準 拡大 背景色変更 白 黒 青 Translate 防災 当番医 サイト内 検索 Googleカスタム検索 詳しく さがす ID検索(ページの番号を入れてください) ID検索 注目ワード 住みたい田舎 子育て支援 昭和の町 ふるさと納税 休日当番医 ごみ検索 住民票・戸籍・印鑑登録 申請・届出 よくある質問 イベントカレンダー 一時保存する メニュー くらし・手続き 子育て・教育 健康・福祉 移住・定住 観光・イベント 市政 現在
63	30	豊後高田市	ケーブルネットワーク施設引込工事費用及び分担金に関する減免制度	https://www.city.bungotakada.oita.jp/site/bungotakadacatv/2150.html	ケーブルネットワーク施設引込工事費用及び分担金に関する減免制度 - 豊後高田市ケーブルネットワーク - 豊後高田市ホームページ ページの先頭です。 メニューを飛ばして本文へ メニュー --> 豊後高田市の魅力 ヘルプ メニュー 本文へ 本文へ --> 検索 文字サイズ・色合い変更 文字サイズ 標準 拡大 背景色変更 白 黒 青 Translate 防災 当番医 サイト内 検索 Googleカスタム検索 詳しく さがす ID検索(ページの番号を入れてください) ID検索 注目ワード 住みたい田舎 子育て支援 昭和の町 ふるさと納税 休日当番医 ごみ検索 住民票・戸籍・印鑑登録 申請・届出 よくある質問 イベントカレンダー 一時保存する メニュー くらし・手続き 子育て・教育 健康・福祉 移住・定住 観光・イベント
62	30	杵築市	重度心身障害者医療費助成	https://www.city.kitsuki.lg.jp/kenkofukushi/shougaifukushi/2539.html	重度心身障害者医療費助成／杵築市 スマートフォン版を表示 本文へ Foreign language 携帯サイト 文字サイズ 背景色 PCサイト Foreign language キーワードで探す トップページへ くらしの情報 健康・福祉 教育・子育て 観光・歴史 産業・ビジネス 市政・まちづくり 定住促進サイト ブランドサイト メニューを閉じる くらしの情報 健康･福祉 教育･子育て 観光･歴史 産業･ビジネス 市政･まちづくり キーワードで探す 障がい福祉 こんなときには 転入・転出 妊娠・出産・子育て 入園・入学 就職・退職 結婚・離婚 高齢者・介護 終活・死亡・相続 税金 現在の位置 ホーム 健康・福祉 障がい福祉 重度心身障害者医療費助成 重度心身障害者医療費助成 Tweet 更新日：2020年10月0
62	30	杵築市	住宅に関する補助金	https://www.city.kitsuki.lg.jp/kurashi/juutaku_tochi/4306.html	住宅に関する補助金／杵築市 スマートフォン版を表示 本文へ Foreign language 携帯サイト 文字サイズ 背景色 PCサイト Foreign language キーワードで探す トップページへ くらしの情報 健康・福祉 教育・子育て 観光・歴史 産業・ビジネス 市政・まちづくり 定住促進サイト ブランドサイト メニューを閉じる くらしの情報 健康･福祉 教育･子育て 観光･歴史 産業･ビジネス 市政･まちづくり キーワードで探す 住宅・土地 こんなときには 転入・転出 妊娠・出産・子育て 入園・入学 就職・退職 結婚・離婚 高齢者・介護 終活・死亡・相続 税金 現在の位置 ホーム くらしの情報 住宅・土地 住宅に関する補助金 住宅に関する補助金 Tweet 更新日：2026年04月01日 杵築市で住
62	30	杵築市	令和8年度杵築市創業支援事業補助金（申請期限：令和8年7月29日）	https://www.city.kitsuki.lg.jp/sangyobijinesu/sangyoushinkou/3/10682.html	令和8年度杵築市創業支援事業補助金（申請期限：令和8年7月29日）／杵築市 スマートフォン版を表示 本文へ Foreign language 携帯サイト 文字サイズ 背景色 PCサイト Foreign language キーワードで探す トップページへ くらしの情報 健康・福祉 教育・子育て 観光・歴史 産業・ビジネス 市政・まちづくり 定住促進サイト ブランドサイト メニューを閉じる くらしの情報 健康･福祉 教育･子育て 観光･歴史 産業･ビジネス 市政･まちづくり キーワードで探す 補助金・助成金一覧 こんなときには 転入・転出 妊娠・出産・子育て 入園・入学 就職・退職 結婚・離婚 高齢者・介護 終活・死亡・相続 税金 現在の位置 ホーム 産業・ビジネス 産業振興 補助金・助成金一覧 令和8年度杵築市創
62	30	杵築市	令和8年度杵築市創業支援事業補助金（申請期限：令和8年7月29日）	https://www.city.kitsuki.lg.jp/sangyobijinesu/sangyoushinkou/sougyo/10683.html	令和8年度杵築市創業支援事業補助金（申請期限：令和8年7月29日）／杵築市 スマートフォン版を表示 本文へ Foreign language 携帯サイト 文字サイズ 背景色 PCサイト Foreign language キーワードで探す トップページへ くらしの情報 健康・福祉 教育・子育て 観光・歴史 産業・ビジネス 市政・まちづくり 定住促進サイト ブランドサイト メニューを閉じる くらしの情報 健康･福祉 教育･子育て 観光･歴史 産業･ビジネス 市政･まちづくり キーワードで探す 創業・開業 こんなときには 転入・転出 妊娠・出産・子育て 入園・入学 就職・退職 結婚・離婚 高齢者・介護 終活・死亡・相続 税金 現在の位置 ホーム 産業・ビジネス 産業振興 創業・開業 令和8年度杵築市創業支援事業補助金
62	30	杵築市	重度心身障害者医療費助成	https://www.city.kitsuki.lg.jp/shinseisho/fukushi/9834.html	重度心身障害者医療費助成／杵築市 スマートフォン版を表示 本文へ Foreign language 携帯サイト 文字サイズ 背景色 PCサイト Foreign language キーワードで探す トップページへ くらしの情報 健康・福祉 教育・子育て 観光・歴史 産業・ビジネス 市政・まちづくり 定住促進サイト ブランドサイト メニューを閉じる くらしの情報 健康･福祉 教育･子育て 観光･歴史 産業･ビジネス 市政･まちづくり キーワードで探す 福祉関連 こんなときには 転入・転出 妊娠・出産・子育て 入園・入学 就職・退職 結婚・離婚 高齢者・介護 終活・死亡・相続 税金 現在の位置 ホーム 申請書ダウンロード 福祉関連 重度心身障害者医療費助成 重度心身障害者医療費助成 Tweet 更新日：2020年10
62	30	杵築市	障がい者手帳取得助成金について	https://www.city.kitsuki.lg.jp/shinseisho/fukushi/9812.html	障がい者手帳取得助成金について／杵築市 スマートフォン版を表示 本文へ Foreign language 携帯サイト 文字サイズ 背景色 PCサイト Foreign language キーワードで探す トップページへ くらしの情報 健康・福祉 教育・子育て 観光・歴史 産業・ビジネス 市政・まちづくり 定住促進サイト ブランドサイト メニューを閉じる くらしの情報 健康･福祉 教育･子育て 観光･歴史 産業･ビジネス 市政･まちづくり キーワードで探す 福祉関連 こんなときには 転入・転出 妊娠・出産・子育て 入園・入学 就職・退職 結婚・離婚 高齢者・介護 終活・死亡・相続 税金 現在の位置 ホーム 申請書ダウンロード 福祉関連 障がい者手帳取得助成金について 障がい者手帳取得助成金について Tweet 更新
62	30	杵築市	「障がい者移動支援助成制度」をご利用ください	https://www.city.kitsuki.lg.jp/shinseisho/fukushi/3990.html	「障がい者移動支援助成制度」をご利用ください／杵築市 スマートフォン版を表示 本文へ Foreign language 携帯サイト 文字サイズ 背景色 PCサイト Foreign language キーワードで探す トップページへ くらしの情報 健康・福祉 教育・子育て 観光・歴史 産業・ビジネス 市政・まちづくり 定住促進サイト ブランドサイト メニューを閉じる くらしの情報 健康･福祉 教育･子育て 観光･歴史 産業･ビジネス 市政･まちづくり キーワードで探す 福祉関連 こんなときには 転入・転出 妊娠・出産・子育て 入園・入学 就職・退職 結婚・離婚 高齢者・介護 終活・死亡・相続 税金 現在の位置 ホーム 申請書ダウンロード 福祉関連 「障がい者移動支援助成制度」をご利用ください 「障がい者移動支援助
59	26	臼杵市	臼杵市国民健康保険一部負担金の減免制度についてお知らせします	https://www.city.usuki.oita.jp/docs/2021060400034/	臼杵市国民健康保険一部負担金の減免制度についてお知らせします | 臼杵市役所 本文へ ふりがなをつける --> 文字の大きさ 拡大 標準 縮小 背景色 黒 青 標準 読み上げる 臼杵市 メニュー サイトマップ お問合せ 総合トップ 市民向け 観光 ふるさと納税 移住・定住 事業者向け 他のカテゴリも表示する TOP カテゴリ 市民向け ライフイベント 病気 TOP カテゴリ 市民向け 医療・健康・福祉・保険・年金 国民健康保険 TOP カテゴリ 区分 コンテンツ 臼杵市国民健康保険一部負担金の減免制度についてお知らせします 公開日 2020年4月30日 更新日 2026年5月29日 国民健康保険制度では、医療機関（病院・診療所など）に保険証を提示することにより、医療費の一部（一部負担金として1割から3割、収入や
58	30	杵築市	新型コロナウイルス感染症に伴う後期高齢者医療制度傷病手当金の支給	http://www.city.kitsuki.lg.jp/kenkofukushi/kenkou_iryou/1/6447.html	新型コロナウイルス感染症に伴う後期高齢者医療制度傷病手当金の支給／杵築市 スマートフォン版を表示 本文へ Foreign language 携帯サイト 文字サイズ 背景色 PCサイト Foreign language キーワードで探す トップページへ くらしの情報 健康・福祉 教育・子育て 観光・歴史 産業・ビジネス 市政・まちづくり 定住促進サイト ブランドサイト メニューを閉じる くらしの情報 健康･福祉 教育･子育て 観光･歴史 産業･ビジネス 市政･まちづくり キーワードで探す 医療費・補助 こんなときには 転入・転出 妊娠・出産・子育て 入園・入学 就職・退職 結婚・離婚 高齢者・介護 終活・死亡・相続 税金 現在の位置 ホーム 健康・福祉 健康・医療 医療費・補助 新型コロナウイルス感染症に伴う後期
58	30	杵築市	新型コロナウイルス感染症に伴う国民健康保険傷病手当金の支給	http://www.city.kitsuki.lg.jp/kenkofukushi/kenkou_iryou/1/6417.html	新型コロナウイルス感染症に伴う国民健康保険傷病手当金の支給／杵築市 スマートフォン版を表示 本文へ Foreign language 携帯サイト 文字サイズ 背景色 PCサイト Foreign language キーワードで探す トップページへ くらしの情報 健康・福祉 教育・子育て 観光・歴史 産業・ビジネス 市政・まちづくり 定住促進サイト ブランドサイト メニューを閉じる くらしの情報 健康･福祉 教育･子育て 観光･歴史 産業･ビジネス 市政･まちづくり キーワードで探す 医療費・補助 こんなときには 転入・転出 妊娠・出産・子育て 入園・入学 就職・退職 結婚・離婚 高齢者・介護 終活・死亡・相続 税金 現在の位置 ホーム 健康・福祉 健康・医療 医療費・補助 新型コロナウイルス感染症に伴う国民健康保
58	30	杵築市	杵築市在宅重度障害者住宅改造助成事業	https://www.city.kitsuki.lg.jp/kenkofukushi/shougaifukushi/2538.html	杵築市在宅重度障害者住宅改造助成事業／杵築市 スマートフォン版を表示 本文へ Foreign language 携帯サイト 文字サイズ 背景色 PCサイト Foreign language キーワードで探す トップページへ くらしの情報 健康・福祉 教育・子育て 観光・歴史 産業・ビジネス 市政・まちづくり 定住促進サイト ブランドサイト メニューを閉じる くらしの情報 健康･福祉 教育･子育て 観光･歴史 産業･ビジネス 市政･まちづくり キーワードで探す 障がい福祉 こんなときには 転入・転出 妊娠・出産・子育て 入園・入学 就職・退職 結婚・離婚 高齢者・介護 終活・死亡・相続 税金 現在の位置 ホーム 健康・福祉 障がい福祉 杵築市在宅重度障害者住宅改造助成事業 杵築市在宅重度障害者住宅改造助成事業 T
58	30	杵築市	障がい者手帳取得助成金について	https://www.city.kitsuki.lg.jp/kenkofukushi/shougaifukushi/9813.html	障がい者手帳取得助成金について／杵築市 スマートフォン版を表示 本文へ Foreign language 携帯サイト 文字サイズ 背景色 PCサイト Foreign language キーワードで探す トップページへ くらしの情報 健康・福祉 教育・子育て 観光・歴史 産業・ビジネス 市政・まちづくり 定住促進サイト ブランドサイト メニューを閉じる くらしの情報 健康･福祉 教育･子育て 観光･歴史 産業･ビジネス 市政･まちづくり キーワードで探す 障がい福祉 こんなときには 転入・転出 妊娠・出産・子育て 入園・入学 就職・退職 結婚・離婚 高齢者・介護 終活・死亡・相続 税金 現在の位置 ホーム 健康・福祉 障がい福祉 障がい者手帳取得助成金について 障がい者手帳取得助成金について Tweet 更新日：
58	30	杵築市	「障がい者移動支援助成制度」をご利用ください	https://www.city.kitsuki.lg.jp/kenkofukushi/shougaifukushi/4079.html	「障がい者移動支援助成制度」をご利用ください／杵築市 スマートフォン版を表示 本文へ Foreign language 携帯サイト 文字サイズ 背景色 PCサイト Foreign language キーワードで探す トップページへ くらしの情報 健康・福祉 教育・子育て 観光・歴史 産業・ビジネス 市政・まちづくり 定住促進サイト ブランドサイト メニューを閉じる くらしの情報 健康･福祉 教育･子育て 観光･歴史 産業･ビジネス 市政･まちづくり キーワードで探す 障がい福祉 こんなときには 転入・転出 妊娠・出産・子育て 入園・入学 就職・退職 結婚・離婚 高齢者・介護 終活・死亡・相続 税金 現在の位置 ホーム 健康・福祉 障がい福祉 「障がい者移動支援助成制度」をご利用ください 「障がい者移動支援助成制
58	30	杵築市	危険ブロック塀等除却事業補助金のお知らせ	https://www.city.kitsuki.lg.jp/kurashi/bousai_bouhan_anzen/1/4579.html	危険ブロック塀等除却事業補助金のお知らせ／杵築市 スマートフォン版を表示 本文へ Foreign language 携帯サイト 文字サイズ 背景色 PCサイト Foreign language キーワードで探す トップページへ くらしの情報 健康・福祉 教育・子育て 観光・歴史 産業・ビジネス 市政・まちづくり 定住促進サイト ブランドサイト メニューを閉じる くらしの情報 健康･福祉 教育･子育て 観光･歴史 産業･ビジネス 市政･まちづくり キーワードで探す 防災情報 こんなときには 転入・転出 妊娠・出産・子育て 入園・入学 就職・退職 結婚・離婚 高齢者・介護 終活・死亡・相続 税金 現在の位置 ホーム くらしの情報 防災・防犯・安全 防災情報 危険ブロック塀等除却事業補助金のお知らせ 危険ブロック塀等
58	30	杵築市	新型コロナウイルス感染症に伴う後期高齢者医療制度傷病手当金の支給	http://www.city.kitsuki.lg.jp/kurashi/hoken_nenkin/2/6448.html	新型コロナウイルス感染症に伴う後期高齢者医療制度傷病手当金の支給／杵築市 スマートフォン版を表示 本文へ Foreign language 携帯サイト 文字サイズ 背景色 PCサイト Foreign language キーワードで探す トップページへ くらしの情報 健康・福祉 教育・子育て 観光・歴史 産業・ビジネス 市政・まちづくり 定住促進サイト ブランドサイト メニューを閉じる くらしの情報 健康･福祉 教育･子育て 観光･歴史 産業･ビジネス 市政･まちづくり キーワードで探す 後期高齢者医療 こんなときには 転入・転出 妊娠・出産・子育て 入園・入学 就職・退職 結婚・離婚 高齢者・介護 終活・死亡・相続 税金 現在の位置 ホーム くらしの情報 保険・年金 後期高齢者医療 新型コロナウイルス感染症に伴
58	30	杵築市	新型コロナウイルス感染症に伴う国民健康保険傷病手当金の支給	http://www.city.kitsuki.lg.jp/kurashi/hoken_nenkin/3/6415.html	新型コロナウイルス感染症に伴う国民健康保険傷病手当金の支給／杵築市 スマートフォン版を表示 本文へ Foreign language 携帯サイト 文字サイズ 背景色 PCサイト Foreign language キーワードで探す トップページへ くらしの情報 健康・福祉 教育・子育て 観光・歴史 産業・ビジネス 市政・まちづくり 定住促進サイト ブランドサイト メニューを閉じる くらしの情報 健康･福祉 教育･子育て 観光･歴史 産業･ビジネス 市政･まちづくり キーワードで探す 国民健康保険 こんなときには 転入・転出 妊娠・出産・子育て 入園・入学 就職・退職 結婚・離婚 高齢者・介護 終活・死亡・相続 税金 現在の位置 ホーム くらしの情報 保険・年金 国民健康保険 新型コロナウイルス感染症に伴う国民健康
58	30	杵築市	杵築市在宅重度障害者住宅改造助成事業	https://www.city.kitsuki.lg.jp/kurashi/juutaku_tochi/jutaku_kenchiku/4048.html	杵築市在宅重度障害者住宅改造助成事業／杵築市 スマートフォン版を表示 本文へ Foreign language 携帯サイト 文字サイズ 背景色 PCサイト Foreign language キーワードで探す トップページへ くらしの情報 健康・福祉 教育・子育て 観光・歴史 産業・ビジネス 市政・まちづくり 定住促進サイト ブランドサイト メニューを閉じる くらしの情報 健康･福祉 教育･子育て 観光･歴史 産業･ビジネス 市政･まちづくり キーワードで探す 住宅・建築 こんなときには 転入・転出 妊娠・出産・子育て 入園・入学 就職・退職 結婚・離婚 高齢者・介護 終活・死亡・相続 税金 現在の位置 ホーム くらしの情報 住宅・土地 住宅・建築 杵築市在宅重度障害者住宅改造助成事業 杵築市在宅重度障害者住宅改
58	30	杵築市	危険ブロック塀等除却事業補助金のお知らせ	https://www.city.kitsuki.lg.jp/kurashi/juutaku_tochi/jutaku_kenchiku/4578.html	危険ブロック塀等除却事業補助金のお知らせ／杵築市 スマートフォン版を表示 本文へ Foreign language 携帯サイト 文字サイズ 背景色 PCサイト Foreign language キーワードで探す トップページへ くらしの情報 健康・福祉 教育・子育て 観光・歴史 産業・ビジネス 市政・まちづくり 定住促進サイト ブランドサイト メニューを閉じる くらしの情報 健康･福祉 教育･子育て 観光･歴史 産業･ビジネス 市政･まちづくり キーワードで探す 住宅・建築 こんなときには 転入・転出 妊娠・出産・子育て 入園・入学 就職・退職 結婚・離婚 高齢者・介護 終活・死亡・相続 税金 現在の位置 ホーム くらしの情報 住宅・土地 住宅・建築 危険ブロック塀等除却事業補助金のお知らせ 危険ブロック塀等除
58	30	杵築市	飼い主のいない猫の不妊去勢手術費補助金制度について	https://www.city.kitsuki.lg.jp/kurashi/kankyou_eisei_gomi/pet/11017.html	飼い主のいない猫の不妊去勢手術費補助金制度について／杵築市 スマートフォン版を表示 本文へ Foreign language 携帯サイト 文字サイズ 背景色 PCサイト Foreign language キーワードで探す トップページへ くらしの情報 健康・福祉 教育・子育て 観光・歴史 産業・ビジネス 市政・まちづくり 定住促進サイト ブランドサイト メニューを閉じる くらしの情報 健康･福祉 教育･子育て 観光･歴史 産業･ビジネス 市政･まちづくり キーワードで探す 動物・ペット こんなときには 転入・転出 妊娠・出産・子育て 入園・入学 就職・退職 結婚・離婚 高齢者・介護 終活・死亡・相続 税金 現在の位置 ホーム くらしの情報 環境・衛生・ごみ 動物・ペット 飼い主のいない猫の不妊去勢手術費補助金制
58	30	杵築市	合併処理浄化槽設置整備事業補助金	https://www.city.kitsuki.lg.jp/kurashi/kankyou_eisei_gomi/shinyou/7540.html	合併処理浄化槽設置整備事業補助金／杵築市 スマートフォン版を表示 本文へ Foreign language 携帯サイト 文字サイズ 背景色 PCサイト Foreign language キーワードで探す トップページへ くらしの情報 健康・福祉 教育・子育て 観光・歴史 産業・ビジネス 市政・まちづくり 定住促進サイト ブランドサイト メニューを閉じる くらしの情報 健康･福祉 教育･子育て 観光･歴史 産業･ビジネス 市政･まちづくり キーワードで探す し尿処理 こんなときには 転入・転出 妊娠・出産・子育て 入園・入学 就職・退職 結婚・離婚 高齢者・介護 終活・死亡・相続 税金 現在の位置 ホーム くらしの情報 環境・衛生・ごみ し尿処理 合併処理浄化槽設置整備事業補助金 合併処理浄化槽設置整備事業補助金
58	30	杵築市	杵築市学校児童生徒就学援助制度	https://www.city.kitsuki.lg.jp/kyoikukosodate/gakkoukyouiku/1/3376.html	杵築市学校児童生徒就学援助制度／杵築市 スマートフォン版を表示 本文へ Foreign language 携帯サイト 文字サイズ 背景色 PCサイト Foreign language キーワードで探す トップページへ くらしの情報 健康・福祉 教育・子育て 観光・歴史 産業・ビジネス 市政・まちづくり 定住促進サイト ブランドサイト メニューを閉じる くらしの情報 健康･福祉 教育･子育て 観光･歴史 産業･ビジネス 市政･まちづくり キーワードで探す 杵築市学校児童生徒就学援助制度 こんなときには 転入・転出 妊娠・出産・子育て 入園・入学 就職・退職 結婚・離婚 高齢者・介護 終活・死亡・相続 税金 現在の位置 ホーム 教育・子育て 学校教育 杵築市学校児童生徒就学援助制度 杵築市学校児童生徒就学援助制度
58	30	杵築市	ミカンバエ防除のお願いと補助事業のお知らせ	https://www.city.kitsuki.lg.jp/sangyobijinesu/nourinsuisangyou/1/5235.html	ミカンバエ防除のお願いと補助事業のお知らせ／杵築市 スマートフォン版を表示 本文へ Foreign language 携帯サイト 文字サイズ 背景色 PCサイト Foreign language キーワードで探す トップページへ くらしの情報 健康・福祉 教育・子育て 観光・歴史 産業・ビジネス 市政・まちづくり 定住促進サイト ブランドサイト メニューを閉じる くらしの情報 健康･福祉 教育･子育て 観光･歴史 産業･ビジネス 市政･まちづくり キーワードで探す 農林業 こんなときには 転入・転出 妊娠・出産・子育て 入園・入学 就職・退職 結婚・離婚 高齢者・介護 終活・死亡・相続 税金 現在の位置 ホーム 産業・ビジネス 農林水産業 農林業 ミカンバエ防除のお願いと補助事業のお知らせ ミカンバエ防除のお願
58	30	杵築市	大分県物価高騰対応業務改善奨励金の拡充について	https://www.city.kitsuki.lg.jp/sangyobijinesu/sangyoushinkou/2/5734.html	大分県物価高騰対応業務改善奨励金の拡充について／杵築市 スマートフォン版を表示 本文へ Foreign language 携帯サイト 文字サイズ 背景色 PCサイト Foreign language キーワードで探す トップページへ くらしの情報 健康・福祉 教育・子育て 観光・歴史 産業・ビジネス 市政・まちづくり 定住促進サイト ブランドサイト メニューを閉じる くらしの情報 健康･福祉 教育･子育て 観光･歴史 産業･ビジネス 市政･まちづくり キーワードで探す 雇用・労働 こんなときには 転入・転出 妊娠・出産・子育て 入園・入学 就職・退職 結婚・離婚 高齢者・介護 終活・死亡・相続 税金 現在の位置 ホーム 産業・ビジネス 産業振興 雇用・労働 大分県物価高騰対応業務改善奨励金の拡充について 大分県
58	30	杵築市	杵築市内の中小企業者に対する事業資金の融資に関する制度（杵築市中小企業振興資金）	https://www.city.kitsuki.lg.jp/sangyobijinesu/sangyoushinkou/3/2717.html	杵築市内の中小企業者に対する事業資金の融資に関する制度（杵築市中小企業振興資金）／杵築市 スマートフォン版を表示 本文へ Foreign language 携帯サイト 文字サイズ 背景色 PCサイト Foreign language キーワードで探す トップページへ くらしの情報 健康・福祉 教育・子育て 観光・歴史 産業・ビジネス 市政・まちづくり 定住促進サイト ブランドサイト メニューを閉じる くらしの情報 健康･福祉 教育･子育て 観光･歴史 産業･ビジネス 市政･まちづくり キーワードで探す 補助金・助成金一覧 こんなときには 転入・転出 妊娠・出産・子育て 入園・入学 就職・退職 結婚・離婚 高齢者・介護 終活・死亡・相続 税金 現在の位置 ホーム 産業・ビジネス 産業振興 補助金・助成金一覧 杵築
58	30	杵築市	企業誘致促進補助金等のご案内	https://www.city.kitsuki.lg.jp/sangyobijinesu/sangyoushinkou/3/2715.html	企業誘致促進補助金等のご案内／杵築市 スマートフォン版を表示 本文へ Foreign language 携帯サイト 文字サイズ 背景色 PCサイト Foreign language キーワードで探す トップページへ くらしの情報 健康・福祉 教育・子育て 観光・歴史 産業・ビジネス 市政・まちづくり 定住促進サイト ブランドサイト メニューを閉じる くらしの情報 健康･福祉 教育･子育て 観光･歴史 産業･ビジネス 市政･まちづくり キーワードで探す 補助金・助成金一覧 こんなときには 転入・転出 妊娠・出産・子育て 入園・入学 就職・退職 結婚・離婚 高齢者・介護 終活・死亡・相続 税金 現在の位置 ホーム 産業・ビジネス 産業振興 補助金・助成金一覧 企業誘致促進補助金等のご案内 企業誘致促進補助金等のご案
58	30	杵築市	杵築市内の中小企業者に対する事業資金の融資に関する制度（杵築市中小企業振興資金）	https://www.city.kitsuki.lg.jp/sangyobijinesu/sangyoushinkou/sougyo/10323.html	杵築市内の中小企業者に対する事業資金の融資に関する制度（杵築市中小企業振興資金）／杵築市 スマートフォン版を表示 本文へ Foreign language 携帯サイト 文字サイズ 背景色 PCサイト Foreign language キーワードで探す トップページへ くらしの情報 健康・福祉 教育・子育て 観光・歴史 産業・ビジネス 市政・まちづくり 定住促進サイト ブランドサイト メニューを閉じる くらしの情報 健康･福祉 教育･子育て 観光･歴史 産業･ビジネス 市政･まちづくり キーワードで探す 創業・開業 こんなときには 転入・転出 妊娠・出産・子育て 入園・入学 就職・退職 結婚・離婚 高齢者・介護 終活・死亡・相続 税金 現在の位置 ホーム 産業・ビジネス 産業振興 創業・開業 杵築市内の中小企業者
57	25	杵築市	大分県外国人労働者等就業環境等整備促進補助金のお知らせ（令和7年度）	https://www.city.kitsuki.lg.jp/sangyobijinesu/sangyoushinkou/2/10239.html	大分県外国人労働者等就業環境等整備促進補助金のお知らせ（令和7年度）／杵築市 スマートフォン版を表示 本文へ Foreign language 携帯サイト 文字サイズ 背景色 PCサイト Foreign language キーワードで探す トップページへ くらしの情報 健康・福祉 教育・子育て 観光・歴史 産業・ビジネス 市政・まちづくり 定住促進サイト ブランドサイト メニューを閉じる くらしの情報 健康･福祉 教育･子育て 観光･歴史 産業･ビジネス 市政･まちづくり キーワードで探す 雇用・労働 こんなときには 転入・転出 妊娠・出産・子育て 入園・入学 就職・退職 結婚・離婚 高齢者・介護 終活・死亡・相続 税金 現在の位置 ホーム 産業・ビジネス 産業振興 雇用・労働 大分県外国人労働者等就業環境等整
57	25	杵築市	大分県外国人労働者等就業環境等整備促進補助金のお知らせ（令和7年度）	https://www.city.kitsuki.lg.jp/sangyobijinesu/sangyoushinkou/3/10844.html	大分県外国人労働者等就業環境等整備促進補助金のお知らせ（令和7年度）／杵築市 スマートフォン版を表示 本文へ Foreign language 携帯サイト 文字サイズ 背景色 PCサイト Foreign language キーワードで探す トップページへ くらしの情報 健康・福祉 教育・子育て 観光・歴史 産業・ビジネス 市政・まちづくり 定住促進サイト ブランドサイト メニューを閉じる くらしの情報 健康･福祉 教育･子育て 観光･歴史 産業･ビジネス 市政･まちづくり キーワードで探す 補助金・助成金一覧 こんなときには 転入・転出 妊娠・出産・子育て 入園・入学 就職・退職 結婚・離婚 高齢者・介護 終活・死亡・相続 税金 現在の位置 ホーム 産業・ビジネス 産業振興 補助金・助成金一覧 大分県外国人労働
56	28	臼杵市	手当・助成	https://www.city.usuki.oita.jp/categories/shimin/lifeevent/kosodate/teate/	手当・助成 | 臼杵市役所 本文へ ふりがなをつける --> 文字の大きさ 拡大 標準 縮小 背景色 黒 青 標準 読み上げる 臼杵市 メニュー サイトマップ お問合せ 総合トップ 市民向け 観光 ふるさと納税 移住・定住 事業者向け TOP カテゴリ 市民向け ライフイベント 妊娠・出産・子育て 手当・助成 手当・助成 新着情報 物価高対応子育て応援手当（２万円給付）について （ 2026年1月19日 ） 児童扶養手当の所得限度額の引き上げ等が実施されます （ 2024年9月30日 ） 児童手当 令和６年度制度改正について （ 2024年9月5日 ） 臼杵市子育て世帯応援お買物券交付について （ 2022年11月30日 ） 子ども医療費助成制度 児童手当 おおいた子育てほっとクーポン 幼児のフッ化物塗布事業
56	28	豊後高田市	手当・助成・減免	https://www.city.bungotakada.oita.jp/life/3/28/93/	手当・助成・減免 - 豊後高田市ホームページ ページの先頭です。 メニューを飛ばして本文へ メニュー --> 豊後高田市の魅力 ヘルプ メニュー 本文へ 本文へ --> 検索 文字サイズ・色合い変更 文字サイズ 標準 拡大 背景色変更 白 黒 青 Translate 防災 当番医 サイト内 検索 Googleカスタム検索 詳しく さがす ID検索(ページの番号を入れてください) ID検索 注目ワード 住みたい田舎 子育て支援 昭和の町 ふるさと納税 休日当番医 ごみ検索 住民票・戸籍・印鑑登録 申請・届出 よくある質問 イベントカレンダー 一時保存する メニュー くらし・手続き 子育て・教育 健康・福祉 移住・定住 観光・イベント 市政 現在地 トップページ > 分類でさがす > 医療・健康・福祉 > 障がい者
55	38	豊後高田市	子どもの健康	https://www.city.bungotakada.oita.jp/site/kosodate-kyoiku/list12-38.html	子どもの健康 - ぶんごたかだの子育てサイト - 豊後高田市ホームページ ページの先頭です。 メニューを飛ばして本文へ 検索 メニュー 本文へ 文字サイズ・色合い変更 文字サイズ 標準 拡大 背景色変更 白 黒 青 translate サイト内 検索 Googleカスタム検索 詳しく さがす ID検索(ページの番号を入れてください) 注目ワード オンライン手続き 子育て支援 休日当番医情報 現在地 トップページ > ぶんごたかだの子育てサイト > 目的別 > 子どもの健康 本文 子どもの健康 2026年7月1日更新 こども救急電話相談・休日当番医 2026年4月1日更新 乳幼児健康診査 2026年3月26日更新 未熟児養育医療の給付 2026年3月23日更新 子ども医療費助成 2024年7月24日更新 こどもの
55	22	臼杵市	NHK放送受信料の減免	https://www.city.usuki.oita.jp/docs/2014020400472/	NHK放送受信料の減免 | 臼杵市役所 本文へ ふりがなをつける --> 文字の大きさ 拡大 標準 縮小 背景色 黒 青 標準 読み上げる 臼杵市 メニュー サイトマップ お問合せ 総合トップ 市民向け 観光 ふるさと納税 移住・定住 事業者向け 他のカテゴリも表示する TOP カテゴリ 市民向け 医療・健康・福祉・保険・年金 障がい者のための福祉 公共料金・その他の減免・割引・サービス TOP カテゴリ 区分 コンテンツ NHK放送受信料の減免 公開日 2019年2月14日 更新日 2026年7月17日 全額免除 「身体障がい者」「知的障がい者」「精神障がい者」が世帯構成員であり、世帯全員が市民税非課税の場合 半額免除 次のいずれかに該当する人でその人が世帯主の場合 視覚または聴覚障がいの身体障害者手帳をもっ
55	22	杵築市	NHK受信料減免（オンライン申請について）	https://www.city.kitsuki.lg.jp/soshiki/1/fukusi/kitsukikosodatesien/hitorioyahattatusien/kodomonohattatusien/syougaihukusiseido/10920.html	NHK受信料減免（オンライン申請について）／杵築市 スマートフォン版を表示 本文へ Foreign language 携帯サイト 文字サイズ 背景色 PCサイト Foreign language キーワードで探す トップページへ くらしの情報 健康・福祉 教育・子育て 観光・歴史 産業・ビジネス 市政・まちづくり 定住促進サイト ブランドサイト メニューを閉じる くらしの情報 健康･福祉 教育･子育て 観光･歴史 産業･ビジネス 市政･まちづくり キーワードで探す 障がい福祉に関する制度・手続き こんなときには 転入・転出 妊娠・出産・子育て 入園・入学 就職・退職 結婚・離婚 高齢者・介護 終活・死亡・相続 税金 現在の位置 ホーム 組織で探す 市長部局 福祉事務所 子育て支援情報 ひとり親・こどもの発達支援
54	26	杵築市	交通遺児育成資金貸付制度	https://www.city.kitsuki.lg.jp/kurashi/bousai_bouhan_anzen/3/3492.html	交通遺児育成資金貸付制度／杵築市 スマートフォン版を表示 本文へ Foreign language 携帯サイト 文字サイズ 背景色 PCサイト Foreign language キーワードで探す トップページへ くらしの情報 健康・福祉 教育・子育て 観光・歴史 産業・ビジネス 市政・まちづくり 定住促進サイト ブランドサイト メニューを閉じる くらしの情報 健康･福祉 教育･子育て 観光･歴史 産業･ビジネス 市政･まちづくり キーワードで探す 交通安全 こんなときには 転入・転出 妊娠・出産・子育て 入園・入学 就職・退職 結婚・離婚 高齢者・介護 終活・死亡・相続 税金 現在の位置 ホーム くらしの情報 防災・防犯・安全 交通安全 交通遺児育成資金貸付制度 交通遺児育成資金貸付制度 Tweet 更新日：2
53	30	臼杵市	ひとり親家庭等医療費の助成	https://www.city.usuki.oita.jp/docs/2014020500486/	ひとり親家庭等医療費の助成 | 臼杵市役所 本文へ ふりがなをつける --> 文字の大きさ 拡大 標準 縮小 背景色 黒 青 標準 読み上げる 臼杵市 メニュー サイトマップ お問合せ 総合トップ 市民向け 観光 ふるさと納税 移住・定住 事業者向け 他のカテゴリも表示する TOP カテゴリ 市民向け 医療・健康・福祉・保険・年金 母子・父子のための福祉 TOP カテゴリ 市民向け ライフイベント 妊娠・出産・子育て 手当・助成 TOP カテゴリ 区分 コンテンツ ひとり親家庭等医療費の助成 公開日 2019年2月14日 更新日 2025年4月22日 母子家庭、父子家庭および父母のいない児童が保険診療を受けた医療費の自己負担額を助成します。 （高額療養費・附加給付金は除きます。） 医療費の助成を受けるためには、
53	25	豊後高田市	事業者向け仕事と家庭（子育てと介護）の両立支援制度のご案内	https://www.city.bungotakada.oita.jp/site/kosodate-kyoiku/42924.html	事業者向け仕事と家庭（子育てと介護）の両立支援制度のご案内 - ぶんごたかだの子育てサイト - 豊後高田市ホームページ ページの先頭です。 メニューを飛ばして本文へ 検索 メニュー 本文へ 文字サイズ・色合い変更 文字サイズ 標準 拡大 背景色変更 白 黒 青 translate サイト内 検索 Googleカスタム検索 詳しく さがす ID検索(ページの番号を入れてください) 注目ワード オンライン手続き 子育て支援 休日当番医情報 現在地 トップページ > 分類でさがす > 市政情報 > 事業者向け情報 > 融資・助成情報 > ぶんごたかだの子育てサイト > 目的別 > 相談・支援 > 事業者向け仕事と家庭（子育てと介護）の両立支援制度のご案内 本文 事業者向け仕事と家庭（子育てと介護）の両立支援制度のご案
51	42	豊後高田市	妊娠・出産	https://www.city.bungotakada.oita.jp/site/kosodate-kyoiku/list12-36.html	妊娠・出産 - ぶんごたかだの子育てサイト - 豊後高田市ホームページ ページの先頭です。 メニューを飛ばして本文へ 検索 メニュー 本文へ 文字サイズ・色合い変更 文字サイズ 標準 拡大 背景色変更 白 黒 青 translate サイト内 検索 Googleカスタム検索 詳しく さがす ID検索(ページの番号を入れてください) 注目ワード オンライン手続き 子育て支援 休日当番医情報 現在地 トップページ > ぶんごたかだの子育てサイト > 目的別 > 妊娠・出産 本文 妊娠・出産 2026年5月11日更新 不妊治療費の助成について 2026年4月28日更新 プレコンセプションケア～自分と家族の未来のために今できること～ 2026年4月27日更新 産後ケア事業のお知らせ 2026年4月16日更新 妊婦健康診
50	33	豊後高田市	オンライン申請	https://www.city.bungotakada.oita.jp/site/kosodate-kyoiku/list53-181.html	オンライン申請 - ぶんごたかだの子育てサイト - 豊後高田市ホームページ ページの先頭です。 メニューを飛ばして本文へ 検索 メニュー 本文へ 文字サイズ・色合い変更 文字サイズ 標準 拡大 背景色変更 白 黒 青 translate サイト内 検索 Googleカスタム検索 詳しく さがす ID検索(ページの番号を入れてください) 注目ワード オンライン手続き 子育て支援 休日当番医情報 現在地 トップページ > ぶんごたかだの子育てサイト > 各種申請 > オンライン申請 本文 オンライン申請 2026年3月23日更新 子ども医療費助成 2025年10月30日更新 保育施設入園手続き 2024年5月7日更新 子育て支援課オンライン書類提出サイト 2023年6月28日更新 妊娠届・母子健康手帳交付手続きの事
50	22	豊後高田市	税の減免	https://www.city.bungotakada.oita.jp/life/1/2/164/	税の減免 - 豊後高田市ホームページ ページの先頭です。 メニューを飛ばして本文へ メニュー --> 豊後高田市の魅力 ヘルプ メニュー 本文へ 本文へ --> 検索 文字サイズ・色合い変更 文字サイズ 標準 拡大 背景色変更 白 黒 青 Translate 防災 当番医 サイト内 検索 Googleカスタム検索 詳しく さがす ID検索(ページの番号を入れてください) ID検索 注目ワード 住みたい田舎 子育て支援 昭和の町 ふるさと納税 休日当番医 ごみ検索 住民票・戸籍・印鑑登録 申請・届出 よくある質問 イベントカレンダー 一時保存する メニュー くらし・手続き 子育て・教育 健康・福祉 移住・定住 観光・イベント 市政 現在地 トップページ > 分類でさがす > くらし > 税金・公金 > 税の減免
47	38	豊後高田市	誕生前	https://www.city.bungotakada.oita.jp/site/kosodate-kyoiku/list11-33.html	誕生前 - ぶんごたかだの子育てサイト - 豊後高田市ホームページ ページの先頭です。 メニューを飛ばして本文へ 検索 メニュー 本文へ 文字サイズ・色合い変更 文字サイズ 標準 拡大 背景色変更 白 黒 青 translate サイト内 検索 Googleカスタム検索 詳しく さがす ID検索(ページの番号を入れてください) 注目ワード オンライン手続き 子育て支援 休日当番医情報 現在地 トップページ > ぶんごたかだの子育てサイト > 対象別 > 誕生前 本文 誕生前 2026年7月2日更新 【花っこルーム】7月のお知らせ 2026年5月11日更新 不妊治療費の助成について 2026年4月28日更新 プレコンセプションケア～自分と家族の未来のために今できること～ 2026年4月16日更新 妊婦健康診査・乳
47	30	豊後高田市	小学生以上	https://www.city.bungotakada.oita.jp/site/kosodate-kyoiku/list11-35.html	小学生以上 - ぶんごたかだの子育てサイト - 豊後高田市ホームページ ページの先頭です。 メニューを飛ばして本文へ 検索 メニュー 本文へ 文字サイズ・色合い変更 文字サイズ 標準 拡大 背景色変更 白 黒 青 translate サイト内 検索 Googleカスタム検索 詳しく さがす ID検索(ページの番号を入れてください) 注目ワード オンライン手続き 子育て支援 休日当番医情報 現在地 トップページ > ぶんごたかだの子育てサイト > 対象別 > 小学生以上 本文 小学生以上 2026年7月1日更新 こども救急電話相談・休日当番医 2026年7月1日更新 学校公開日の日程 2026年6月15日更新 放課後児童クラブ 2026年4月1日更新 病児・病後児保育 2026年4月1日更新 児童手当 2026年
46	37	豊後高田市	乳幼児	https://www.city.bungotakada.oita.jp/site/kosodate-kyoiku/list11-34.html	乳幼児 - ぶんごたかだの子育てサイト - 豊後高田市ホームページ ページの先頭です。 メニューを飛ばして本文へ 検索 メニュー 本文へ 文字サイズ・色合い変更 文字サイズ 標準 拡大 背景色変更 白 黒 青 translate サイト内 検索 Googleカスタム検索 詳しく さがす ID検索(ページの番号を入れてください) 注目ワード オンライン手続き 子育て支援 休日当番医情報 現在地 トップページ > ぶんごたかだの子育てサイト > 対象別 > 乳幼児 本文 乳幼児 2026年7月2日更新 【花っこルーム】7月のお知らせ 2026年7月1日更新 こども救急電話相談・休日当番医 2026年7月1日更新 認可保育施設一覧 2026年6月30日更新 豊後高田市内の保育園の空き情報 2026年5月11日更新 に
46	36	杵築市	軽自動車税に関するQ&A	https://www.city.kitsuki.lg.jp/kurashi/kojin_zeikin/2/9507.html	軽自動車税に関するQ&A／杵築市 スマートフォン版を表示 本文へ Foreign language 携帯サイト 文字サイズ 背景色 PCサイト Foreign language キーワードで探す トップページへ くらしの情報 健康・福祉 教育・子育て 観光・歴史 産業・ビジネス 市政・まちづくり 定住促進サイト ブランドサイト メニューを閉じる くらしの情報 健康･福祉 教育･子育て 観光･歴史 産業･ビジネス 市政･まちづくり キーワードで探す 軽自動車税 こんなときには 転入・転出 妊娠・出産・子育て 入園・入学 就職・退職 結婚・離婚 高齢者・介護 終活・死亡・相続 税金 現在の位置 ホーム くらしの情報 個人の税金 軽自動車税 軽自動車税に関するQ&A 軽自動車税に関するQ&A Tweet 更新日：20
46	32	豊後高田市	市立幼稚園の入園案内（入園児募集）	https://www.city.bungotakada.oita.jp/site/kosodate-kyoiku/3222.html	市立幼稚園の入園案内（入園児募集） - ぶんごたかだの子育てサイト - 豊後高田市ホームページ ページの先頭です。 メニューを飛ばして本文へ 検索 メニュー 本文へ 文字サイズ・色合い変更 文字サイズ 標準 拡大 背景色変更 白 黒 青 translate サイト内 検索 Googleカスタム検索 詳しく さがす ID検索(ページの番号を入れてください) 注目ワード オンライン手続き 子育て支援 休日当番医情報 現在地 トップページ > ぶんごたかだの子育てサイト > 目的別 > 保育園・幼稚園 > 市立幼稚園の入園案内（入園児募集） 本文 市立幼稚園の入園案内（入園児募集） ページID：0003222 更新日：2025年9月30日更新 印刷ページ表示 ​​ 令和8年度（4月1日付入園）申込みについて 入園対象
46	30	津久見市	新型コロナウイルス感染症の影響による国民健康保険税の減免について	https://www.city.tsukumi.oita.jp/soshiki/4/16187.html	新型コロナウイルス感染症の影響による国民健康保険税の減免について - 津久見市公式ホームページ ページの先頭です。 メニューを飛ばして本文へ メニュー 本文へ Foreign language 背景色・文字サイズ 背景色 白 黒 青 文字サイズ 標準 拡大 キーワード検索 詳細検索 分類でさがす 組織でさがす カレンダーでさがす 注目 防災 子育て マイナンバーカード ごみ くらし しごと 観光 市政・議会 現在地 トップページ > 分類でさがす > くらしの情報 > 保険・年金 > 国民健康保険 > 新型コロナウイルス感染症の影響による国民健康保険税の減免について 本文 新型コロナウイルス感染症の影響による国民健康保険税の減免について 印刷ページ表示 更新日：2023年4月26日更新 新型コロナウイルス感染症
44	30	臼杵市	臼杵市移住者自動車運転支援（ペーパードライバー用）補助金	https://www.city.usuki.oita.jp/docs/2018080800029/	臼杵市移住者自動車運転支援（ペーパードライバー用）補助金 | 臼杵市役所 本文へ ふりがなをつける --> 文字の大きさ 拡大 標準 縮小 背景色 黒 青 標準 読み上げる 臼杵市 メニュー サイトマップ お問合せ 総合トップ 市民向け 観光 ふるさと納税 移住・定住 事業者向け 他のカテゴリも表示する TOP カテゴリ 区分 コンテンツ 臼杵市移住者自動車運転支援（ペーパードライバー用）補助金 公開日 2019年2月27日 更新日 2022年5月6日 交通機関の利用等によって久しく自動車の運転をしていなかった移住者等の自動車運転技術の向上を支援するため、自動車学校での教習受講に要する費用について、助成します。 臼杵市移住者自動車運転支援（ペーパードライバー用）補助金 補助対象者 （1）自動車の運転免許証を有し
44	30	臼杵市	臼杵市企業立地促進助成金	https://www.city.usuki.oita.jp/docs/2014013100228/	臼杵市企業立地促進助成金 | 臼杵市役所 本文へ ふりがなをつける --> 文字の大きさ 拡大 標準 縮小 背景色 黒 青 標準 読み上げる 臼杵市 メニュー サイトマップ お問合せ 総合トップ 市民向け 観光 ふるさと納税 移住・定住 事業者向け 他のカテゴリも表示する TOP カテゴリ 事業者向け 企業支援 企業立地・企業誘致 TOP カテゴリ 区分 コンテンツ 臼杵市企業立地促進助成金 公開日 2019年2月4日 更新日 2026年2月12日 事業所の立地等に支援を行います 臼杵市では、企業の立地および増設を促進し、産業の振興および雇用機会の拡大を図るため、設備投資額・用地取得費・新規雇用者数に応じた助成を行います。 「臼杵市企業立地促進助成金」の概要 適用要件 下記対象業種に該当し、（1）および（2）の
44	30	臼杵市	不妊治療費助成制度	https://www.city.usuki.oita.jp/docs/2014032400033/	不妊治療費助成制度 | 臼杵市役所 本文へ ふりがなをつける --> 文字の大きさ 拡大 標準 縮小 背景色 黒 青 標準 読み上げる 臼杵市 メニュー サイトマップ お問合せ 総合トップ 市民向け 観光 ふるさと納税 移住・定住 事業者向け 他のカテゴリも表示する TOP カテゴリ 市民向け 医療・健康・福祉・保険・年金 妊娠・出産 TOP カテゴリ 市民向け ライフイベント 妊娠・出産・子育て 妊娠・出産 TOP カテゴリ 市民向け 移住支援 子育て支援策 妊娠・出産・育児 TOP カテゴリ 区分 コンテンツ 不妊治療費助成制度 公開日 2019年2月12日 更新日 2026年4月13日 臼杵市では、不妊治療を受けているご夫婦の経済的負担の軽減と少子化対策の推進を図るため、不妊治療の一部を助成しています。治
44	30	臼杵市	妊産婦医療費助成制度	https://www.city.usuki.oita.jp/docs/2020121100012/	妊産婦医療費助成制度 | 臼杵市役所 本文へ ふりがなをつける --> 文字の大きさ 拡大 標準 縮小 背景色 黒 青 標準 読み上げる 臼杵市 メニュー サイトマップ お問合せ 総合トップ 市民向け 観光 ふるさと納税 移住・定住 事業者向け 他のカテゴリも表示する TOP カテゴリ 市民向け 医療・健康・福祉・保険・年金 妊娠・出産 TOP カテゴリ 市民向け ライフイベント 妊娠・出産・子育て 妊娠・出産 TOP カテゴリ 市民向け ちあぽーと 妊娠・出産のころ 妊娠 TOP カテゴリ 市民向け ライフイベント 妊娠・出産・子育て 手当・助成 TOP カテゴリ 区分 コンテンツ 妊産婦医療費助成制度 公開日 2020年12月14日 更新日 2025年4月22日 妊産婦医療費助成制度のご案内 臼杵市では、妊
44	30	臼杵市	子ども医療費助成制度	https://www.city.usuki.oita.jp/docs/2014012800044/	子ども医療費助成制度 | 臼杵市役所 本文へ ふりがなをつける --> 文字の大きさ 拡大 標準 縮小 背景色 黒 青 標準 読み上げる 臼杵市 メニュー サイトマップ お問合せ 総合トップ 市民向け 観光 ふるさと納税 移住・定住 事業者向け 他のカテゴリも表示する TOP カテゴリ 市民向け 医療・健康・福祉・保険・年金 育児 TOP カテゴリ 市民向け ライフイベント 妊娠・出産・子育て 子どもの健康 TOP カテゴリ 市民向け 移住支援 子育て支援策 子育て支援 TOP カテゴリ 市民向け ライフイベント 妊娠・出産・子育て 手当・助成 TOP カテゴリ 区分 コンテンツ 子ども医療費助成制度 公開日 2017年7月25日 更新日 2026年3月30日 子ども医療費助成制度 子ども医療費助成制度は、将来
44	30	臼杵市	各種サービス・助成事業など	https://www.city.usuki.oita.jp/docs/2014020600704/	各種サービス・助成事業など | 臼杵市役所 本文へ ふりがなをつける --> 文字の大きさ 拡大 標準 縮小 背景色 黒 青 標準 読み上げる 臼杵市 メニュー サイトマップ お問合せ 総合トップ 市民向け 観光 ふるさと納税 移住・定住 事業者向け 他のカテゴリも表示する TOP カテゴリ 市民向け 医療・健康・福祉・保険・年金 高齢者のための福祉 TOP カテゴリ 市民向け ライフイベント 介護・高齢者など 高齢者のための福祉 TOP カテゴリ 区分 コンテンツ 各種サービス・助成事業など 公開日 2019年2月5日 更新日 2026年6月26日 高齢者を対象に、下記サービス・助成事業を行っております。 １． はり・きゅう・あんま施術料の一部助成 ２． 在宅高齢者住宅改造費の助成 ３． 日常生活用具給付 ４
44	30	臼杵市	ストーマ用装具購入費助成制度について（本制度は終了しました）	https://www.city.usuki.oita.jp/docs/2014020400250/	ストーマ用装具購入費助成制度について（本制度は終了しました） | 臼杵市役所 本文へ ふりがなをつける --> 文字の大きさ 拡大 標準 縮小 背景色 黒 青 標準 読み上げる 臼杵市 メニュー サイトマップ お問合せ 総合トップ 市民向け 観光 ふるさと納税 移住・定住 事業者向け 他のカテゴリも表示する TOP カテゴリ 市民向け 医療・健康・福祉・保険・年金 障がい者のための福祉 交付・給付 TOP カテゴリ 区分 コンテンツ ストーマ用装具購入費助成制度について（本制度は終了しました） 公開日 2019年2月14日 更新日 2026年7月17日 ストーマ用装具購入費助成の廃止について ストーマ装具については、令和8年4月1日から基準単価を引き上げました。 これに伴い、本市独自のストーマ用装具購入費の助成
44	30	臼杵市	特別障害者手当・障害児福祉手当	https://www.city.usuki.oita.jp/docs/2014021300085/	特別障害者手当・障害児福祉手当 | 臼杵市役所 本文へ ふりがなをつける --> 文字の大きさ 拡大 標準 縮小 背景色 黒 青 標準 読み上げる 臼杵市 メニュー サイトマップ お問合せ 総合トップ 市民向け 観光 ふるさと納税 移住・定住 事業者向け 他のカテゴリも表示する TOP カテゴリ 市民向け 医療・健康・福祉・保険・年金 障がい者のための福祉 助成 TOP カテゴリ 市民向け ライフイベント 妊娠・出産・子育て 手当・助成 TOP カテゴリ 区分 コンテンツ 特別障害者手当・障害児福祉手当 公開日 2019年2月14日 更新日 2026年7月17日 精神又は身体に著しく重度の障がいを有し、日常生活において常時特別の介護を必要とする特別障がいのある人に対して、重度の障がいのため必要となる精神的、物質
44	30	臼杵市	児童扶養手当	https://www.city.usuki.oita.jp/docs/2014020500455/	児童扶養手当 | 臼杵市役所 本文へ ふりがなをつける --> 文字の大きさ 拡大 標準 縮小 背景色 黒 青 標準 読み上げる 臼杵市 メニュー サイトマップ お問合せ 総合トップ 市民向け 観光 ふるさと納税 移住・定住 事業者向け 他のカテゴリも表示する TOP カテゴリ 市民向け 医療・健康・福祉・保険・年金 母子・父子のための福祉 TOP カテゴリ 市民向け ライフイベント 妊娠・出産・子育て 手当・助成 TOP カテゴリ 区分 コンテンツ 児童扶養手当 公開日 2019年2月14日 更新日 2026年6月29日 児童扶養手当とは、父母の離婚や父母の死亡などによって、父または母と生計を同じくしていない児童を育成されている家庭(ひとり親家庭など)の生活の安定と自立の促進に寄与し、こどもの福祉の増進を図る
44	30	杵築市	介護関係申請書類ダウンロード	https://www.city.kitsuki.lg.jp/konnatokiniha/06/8965.html	介護関係申請書類ダウンロード／杵築市 スマートフォン版を表示 本文へ Foreign language 携帯サイト 文字サイズ 背景色 PCサイト Foreign language キーワードで探す トップページへ くらしの情報 健康・福祉 教育・子育て 観光・歴史 産業・ビジネス 市政・まちづくり 定住促進サイト ブランドサイト メニューを閉じる くらしの情報 健康･福祉 教育･子育て 観光･歴史 産業･ビジネス 市政･まちづくり キーワードで探す 高齢者・介護 こんなときには 転入・転出 妊娠・出産・子育て 入園・入学 就職・退職 結婚・離婚 高齢者・介護 終活・死亡・相続 税金 現在の位置 ホーム こんなときには？ 高齢者・介護 介護関係申請書類ダウンロード 介護関係申請書類ダウンロード Tweet 更新
44	30	杵築市	令和8年度帯状疱疹予防接種（任意接種）費用助成のお知らせ	https://www.city.kitsuki.lg.jp/kenkofukushi/kenkou_iryou/12295.html	令和8年度帯状疱疹予防接種（任意接種）費用助成のお知らせ／杵築市 スマートフォン版を表示 本文へ Foreign language 携帯サイト 文字サイズ 背景色 PCサイト Foreign language キーワードで探す トップページへ くらしの情報 健康・福祉 教育・子育て 観光・歴史 産業・ビジネス 市政・まちづくり 定住促進サイト ブランドサイト メニューを閉じる くらしの情報 健康･福祉 教育･子育て 観光･歴史 産業･ビジネス 市政･まちづくり キーワードで探す 健康・医療 こんなときには 転入・転出 妊娠・出産・子育て 入園・入学 就職・退職 結婚・離婚 高齢者・介護 終活・死亡・相続 税金 現在の位置 ホーム 健康・福祉 健康・医療 令和8年度帯状疱疹予防接種（任意接種）費用助成のお知らせ
44	30	杵築市	令和8年度帯状疱疹予防接種（任意接種）費用助成のお知らせ	https://www.city.kitsuki.lg.jp/kenkofukushi/kenkou_iryou/3/11593.html	令和8年度帯状疱疹予防接種（任意接種）費用助成のお知らせ／杵築市 スマートフォン版を表示 本文へ Foreign language 携帯サイト 文字サイズ 背景色 PCサイト Foreign language キーワードで探す トップページへ くらしの情報 健康・福祉 教育・子育て 観光・歴史 産業・ビジネス 市政・まちづくり 定住促進サイト ブランドサイト メニューを閉じる くらしの情報 健康･福祉 教育･子育て 観光･歴史 産業･ビジネス 市政･まちづくり キーワードで探す 健診・予防接種 こんなときには 転入・転出 妊娠・出産・子育て 入園・入学 就職・退職 結婚・離婚 高齢者・介護 終活・死亡・相続 税金 現在の位置 ホーム 健康・福祉 健康・医療 健診・予防接種 令和8年度帯状疱疹予防接種（任意接種）
44	30	杵築市	介護関係申請書類ダウンロード	https://www.city.kitsuki.lg.jp/kenkofukushi/koureisha_kaigo/service/8964.html	介護関係申請書類ダウンロード／杵築市 スマートフォン版を表示 本文へ Foreign language 携帯サイト 文字サイズ 背景色 PCサイト Foreign language キーワードで探す トップページへ くらしの情報 健康・福祉 教育・子育て 観光・歴史 産業・ビジネス 市政・まちづくり 定住促進サイト ブランドサイト メニューを閉じる くらしの情報 健康･福祉 教育･子育て 観光･歴史 産業･ビジネス 市政･まちづくり キーワードで探す 介護サービス こんなときには 転入・転出 妊娠・出産・子育て 入園・入学 就職・退職 結婚・離婚 高齢者・介護 終活・死亡・相続 税金 現在の位置 ホーム 健康・福祉 高齢者・介護 介護サービス 介護関係申請書類ダウンロード 介護関係申請書類ダウンロード Twee
44	30	杵築市	日常生活用具の給付と貸与	https://www.city.kitsuki.lg.jp/kenkofukushi/shougaifukushi/2552.html	日常生活用具の給付と貸与／杵築市 スマートフォン版を表示 本文へ Foreign language 携帯サイト 文字サイズ 背景色 PCサイト Foreign language キーワードで探す トップページへ くらしの情報 健康・福祉 教育・子育て 観光・歴史 産業・ビジネス 市政・まちづくり 定住促進サイト ブランドサイト メニューを閉じる くらしの情報 健康･福祉 教育･子育て 観光･歴史 産業･ビジネス 市政･まちづくり キーワードで探す 障がい福祉 こんなときには 転入・転出 妊娠・出産・子育て 入園・入学 就職・退職 結婚・離婚 高齢者・介護 終活・死亡・相続 税金 現在の位置 ホーム 健康・福祉 障がい福祉 日常生活用具の給付と貸与 日常生活用具の給付と貸与 Tweet 更新日：2026年04月0
44	30	杵築市	日常生活用具の給付と貸与	https://www.city.kitsuki.lg.jp/shinseisho/fukushi/9827.html	日常生活用具の給付と貸与／杵築市 スマートフォン版を表示 本文へ Foreign language 携帯サイト 文字サイズ 背景色 PCサイト Foreign language キーワードで探す トップページへ くらしの情報 健康・福祉 教育・子育て 観光・歴史 産業・ビジネス 市政・まちづくり 定住促進サイト ブランドサイト メニューを閉じる くらしの情報 健康･福祉 教育･子育て 観光･歴史 産業･ビジネス 市政･まちづくり キーワードで探す 福祉関連 こんなときには 転入・転出 妊娠・出産・子育て 入園・入学 就職・退職 結婚・離婚 高齢者・介護 終活・死亡・相続 税金 現在の位置 ホーム 申請書ダウンロード 福祉関連 日常生活用具の給付と貸与 日常生活用具の給付と貸与 Tweet 更新日：2026年04
44	30	杵築市	介護関係申請書類ダウンロード	https://www.city.kitsuki.lg.jp/shinseisho/koureisha_kaigo/8963.html	介護関係申請書類ダウンロード／杵築市 スマートフォン版を表示 本文へ Foreign language 携帯サイト 文字サイズ 背景色 PCサイト Foreign language キーワードで探す トップページへ くらしの情報 健康・福祉 教育・子育て 観光・歴史 産業・ビジネス 市政・まちづくり 定住促進サイト ブランドサイト メニューを閉じる くらしの情報 健康･福祉 教育･子育て 観光･歴史 産業･ビジネス 市政･まちづくり キーワードで探す 高齢者福祉・介護関連 こんなときには 転入・転出 妊娠・出産・子育て 入園・入学 就職・退職 結婚・離婚 高齢者・介護 終活・死亡・相続 税金 現在の位置 ホーム 申請書ダウンロード 高齢者福祉・介護関連 介護関係申請書類ダウンロード 介護関係申請書類ダウンロード
44	30	杵築市	令和6年度児童扶養手当の制度改正（拡充）について	https://www.city.kitsuki.lg.jp/soshiki/1/fukusi/kitsukikosodatesien/hitorioyahattatusien/hitorioyasien/11345.html	令和6年度児童扶養手当の制度改正（拡充）について／杵築市 スマートフォン版を表示 本文へ Foreign language 携帯サイト 文字サイズ 背景色 PCサイト Foreign language キーワードで探す トップページへ くらしの情報 健康・福祉 教育・子育て 観光・歴史 産業・ビジネス 市政・まちづくり 定住促進サイト ブランドサイト メニューを閉じる くらしの情報 健康･福祉 教育･子育て 観光･歴史 産業･ビジネス 市政･まちづくり キーワードで探す ひとり親の支援について こんなときには 転入・転出 妊娠・出産・子育て 入園・入学 就職・退職 結婚・離婚 高齢者・介護 終活・死亡・相続 税金 現在の位置 ホーム 組織で探す 市長部局 福祉事務所 子育て支援情報 ひとり親・こどもの発達支援
44	30	竹田市	生活困窮者自立支援制度	https://www.city.taketa.oita.jp/kenko_fukushi/seikatusien/11641.html	生活困窮者自立支援制度／竹田市 スマートフォン版を表示 本文へ 文字サイズ 背景色変更 Foreign Language 目的別で探す 妊娠・出産 子育て 入園・入学 就職・退職 結婚・離婚 引越し・住まい 高齢・介護 おくやみ よく利用されるメニュー 手続き検索ナビ 申請書ダウンロード ごみ検索 イベントカレンダー お問い合わせ お問い合わせフォームへ よく見られるページ 関連施設等のページ 竹田市立図書館 竹田市総合文化ホール グランツたけた 竹田市歴史文化館 竹田市消防本部 くらし・ 手続き 健康・福祉 市政・ まちづくり 子育て・教育 産業・ 事業者向け情報 学び・ スポーツ 移住・定住 文化・歴史 ・観光 現在のページ ホーム 健康・福祉・人権 生活にお困りの方への支援制度 生活困窮者自立支援制度 生
44	30	竹田市	出産・子育て応援給付金	https://www.city.taketa.oita.jp/kosodate_kyoiku/ninshin_shussan/7944.html	出産・子育て応援給付金／竹田市 スマートフォン版を表示 本文へ 文字サイズ 背景色変更 Foreign Language 目的別で探す 妊娠・出産 子育て 入園・入学 就職・退職 結婚・離婚 引越し・住まい 高齢・介護 おくやみ よく利用されるメニュー 手続き検索ナビ 申請書ダウンロード ごみ検索 イベントカレンダー お問い合わせ お問い合わせフォームへ よく見られるページ 関連施設等のページ 竹田市立図書館 竹田市総合文化ホール グランツたけた 竹田市歴史文化館 竹田市消防本部 くらし・ 手続き 健康・福祉 市政・ まちづくり 子育て・教育 産業・ 事業者向け情報 学び・ スポーツ 移住・定住 文化・歴史 ・観光 現在のページ ホーム 子育て・教育 妊娠・出産 出産・子育て応援給付金 出産・子育て応援給付金
44	30	竹田市	就学援助制度について	https://www.city.taketa.oita.jp/kosodate_kyoiku/nyugaku_nyuen/12625.html	就学援助制度について／竹田市 スマートフォン版を表示 本文へ 文字サイズ 背景色変更 Foreign Language 目的別で探す 妊娠・出産 子育て 入園・入学 就職・退職 結婚・離婚 引越し・住まい 高齢・介護 おくやみ よく利用されるメニュー 手続き検索ナビ 申請書ダウンロード ごみ検索 イベントカレンダー お問い合わせ お問い合わせフォームへ よく見られるページ 関連施設等のページ 竹田市立図書館 竹田市総合文化ホール グランツたけた 竹田市歴史文化館 竹田市消防本部 くらし・ 手続き 健康・福祉 市政・ まちづくり 子育て・教育 産業・ 事業者向け情報 学び・ スポーツ 移住・定住 文化・歴史 ・観光 現在のページ ホーム 子育て・教育 入学・入園 就学援助制度について 就学援助制度について Twe
44	30	竹田市	特別児童扶養手当	https://www.city.taketa.oita.jp/kosodate_kyoiku/kosodateshien/8806.html	特別児童扶養手当／竹田市 スマートフォン版を表示 本文へ 文字サイズ 背景色変更 Foreign Language 目的別で探す 妊娠・出産 子育て 入園・入学 就職・退職 結婚・離婚 引越し・住まい 高齢・介護 おくやみ よく利用されるメニュー 手続き検索ナビ 申請書ダウンロード ごみ検索 イベントカレンダー お問い合わせ お問い合わせフォームへ よく見られるページ 関連施設等のページ 竹田市立図書館 竹田市総合文化ホール グランツたけた 竹田市歴史文化館 竹田市消防本部 くらし・ 手続き 健康・福祉 市政・ まちづくり 子育て・教育 産業・ 事業者向け情報 学び・ スポーツ 移住・定住 文化・歴史 ・観光 現在のページ ホーム 子育て・教育 子育て支援 特別児童扶養手当 特別児童扶養手当 Tweet 更新日
44	30	竹田市	子ども医療費助成事業	https://www.city.taketa.oita.jp/kosodate_kyoiku/kenshin_yobosesshu/4952.html	子ども医療費助成事業／竹田市 スマートフォン版を表示 本文へ 文字サイズ 背景色変更 Foreign Language 目的別で探す 妊娠・出産 子育て 入園・入学 就職・退職 結婚・離婚 引越し・住まい 高齢・介護 おくやみ よく利用されるメニュー 手続き検索ナビ 申請書ダウンロード ごみ検索 イベントカレンダー お問い合わせ お問い合わせフォームへ よく見られるページ 関連施設等のページ 竹田市立図書館 竹田市総合文化ホール グランツたけた 竹田市歴史文化館 竹田市消防本部 くらし・ 手続き 健康・福祉 市政・ まちづくり 子育て・教育 産業・ 事業者向け情報 学び・ スポーツ 移住・定住 文化・歴史 ・観光 現在のページ ホーム 子育て・教育 健康・医療 子ども医療費助成事業 子ども医療費助成事業 Twe
44	30	竹田市	竹田市英語検定料助成金について	https://www.city.taketa.oita.jp/kosodate_kyoiku/kyoikuosirase/12660.html	竹田市英語検定料助成金について／竹田市 スマートフォン版を表示 本文へ 文字サイズ 背景色変更 Foreign Language 目的別で探す 妊娠・出産 子育て 入園・入学 就職・退職 結婚・離婚 引越し・住まい 高齢・介護 おくやみ よく利用されるメニュー 手続き検索ナビ 申請書ダウンロード ごみ検索 イベントカレンダー お問い合わせ お問い合わせフォームへ よく見られるページ 関連施設等のページ 竹田市立図書館 竹田市総合文化ホール グランツたけた 竹田市歴史文化館 竹田市消防本部 くらし・ 手続き 健康・福祉 市政・ まちづくり 子育て・教育 産業・ 事業者向け情報 学び・ スポーツ 移住・定住 文化・歴史 ・観光 現在のページ ホーム 子育て・教育 教育委員会からのお知らせ 竹田市英語検定料助成金につ
44	30	竹田市	特別児童扶養手当	https://www.city.taketa.oita.jp/life_scene/kosodate/8805.html	特別児童扶養手当／竹田市 スマートフォン版を表示 本文へ 文字サイズ 背景色変更 Foreign Language 目的別で探す 妊娠・出産 子育て 入園・入学 就職・退職 結婚・離婚 引越し・住まい 高齢・介護 おくやみ よく利用されるメニュー 手続き検索ナビ 申請書ダウンロード ごみ検索 イベントカレンダー お問い合わせ お問い合わせフォームへ よく見られるページ 関連施設等のページ 竹田市立図書館 竹田市総合文化ホール グランツたけた 竹田市歴史文化館 竹田市消防本部 くらし・ 手続き 健康・福祉 市政・ まちづくり 子育て・教育 産業・ 事業者向け情報 学び・ スポーツ 移住・定住 文化・歴史 ・観光 現在のページ ホーム ライフシーンから探す 子育て 特別児童扶養手当 特別児童扶養手当 Tweet 更
44	30	竹田市	児童扶養手当・ひとり親制度	https://www.city.taketa.oita.jp/life_scene/kosodate/5863.html	児童扶養手当・ひとり親制度／竹田市 スマートフォン版を表示 本文へ 文字サイズ 背景色変更 Foreign Language 目的別で探す 妊娠・出産 子育て 入園・入学 就職・退職 結婚・離婚 引越し・住まい 高齢・介護 おくやみ よく利用されるメニュー 手続き検索ナビ 申請書ダウンロード ごみ検索 イベントカレンダー お問い合わせ お問い合わせフォームへ よく見られるページ 関連施設等のページ 竹田市立図書館 竹田市総合文化ホール グランツたけた 竹田市歴史文化館 竹田市消防本部 くらし・ 手続き 健康・福祉 市政・ まちづくり 子育て・教育 産業・ 事業者向け情報 学び・ スポーツ 移住・定住 文化・歴史 ・観光 現在のページ ホーム ライフシーンから探す 子育て 児童扶養手当・ひとり親制度 児童扶養手当
44	30	竹田市	児童手当について	https://www.city.taketa.oita.jp/life_scene/kosodate/5865.html	児童手当について／竹田市 スマートフォン版を表示 本文へ 文字サイズ 背景色変更 Foreign Language 目的別で探す 妊娠・出産 子育て 入園・入学 就職・退職 結婚・離婚 引越し・住まい 高齢・介護 おくやみ よく利用されるメニュー 手続き検索ナビ 申請書ダウンロード ごみ検索 イベントカレンダー お問い合わせ お問い合わせフォームへ よく見られるページ 関連施設等のページ 竹田市立図書館 竹田市総合文化ホール グランツたけた 竹田市歴史文化館 竹田市消防本部 くらし・ 手続き 健康・福祉 市政・ まちづくり 子育て・教育 産業・ 事業者向け情報 学び・ スポーツ 移住・定住 文化・歴史 ・観光 現在のページ ホーム ライフシーンから探す 子育て 児童手当について 児童手当について Tweet 更
44	30	竹田市	保育料完全無償化と利用料軽減について	https://www.city.taketa.oita.jp/life_scene/nyuen/8207.html	保育料完全無償化と利用料軽減について／竹田市 スマートフォン版を表示 本文へ 文字サイズ 背景色変更 Foreign Language 目的別で探す 妊娠・出産 子育て 入園・入学 就職・退職 結婚・離婚 引越し・住まい 高齢・介護 おくやみ よく利用されるメニュー 手続き検索ナビ 申請書ダウンロード ごみ検索 イベントカレンダー お問い合わせ お問い合わせフォームへ よく見られるページ 関連施設等のページ 竹田市立図書館 竹田市総合文化ホール グランツたけた 竹田市歴史文化館 竹田市消防本部 くらし・ 手続き 健康・福祉 市政・ まちづくり 子育て・教育 産業・ 事業者向け情報 学び・ スポーツ 移住・定住 文化・歴史 ・観光 現在のページ ホーム ライフシーンから探す 入園・入学 保育料完全無償化と利用料軽
44	30	竹田市	就学援助制度について	https://www.city.taketa.oita.jp/life_scene/nyuen/12626.html	就学援助制度について／竹田市 スマートフォン版を表示 本文へ 文字サイズ 背景色変更 Foreign Language 目的別で探す 妊娠・出産 子育て 入園・入学 就職・退職 結婚・離婚 引越し・住まい 高齢・介護 おくやみ よく利用されるメニュー 手続き検索ナビ 申請書ダウンロード ごみ検索 イベントカレンダー お問い合わせ お問い合わせフォームへ よく見られるページ 関連施設等のページ 竹田市立図書館 竹田市総合文化ホール グランツたけた 竹田市歴史文化館 竹田市消防本部 くらし・ 手続き 健康・福祉 市政・ まちづくり 子育て・教育 産業・ 事業者向け情報 学び・ スポーツ 移住・定住 文化・歴史 ・観光 現在のページ ホーム ライフシーンから探す 入園・入学 就学援助制度について 就学援助制度について
44	30	竹田市	竹田市住宅用火災警報器設置促進事業補助金交付	https://www.city.taketa.oita.jp/shinseisho/9801.html	竹田市住宅用火災警報器設置促進事業補助金交付／竹田市 スマートフォン版を表示 本文へ 文字サイズ 背景色変更 Foreign Language 目的別で探す 妊娠・出産 子育て 入園・入学 就職・退職 結婚・離婚 引越し・住まい 高齢・介護 おくやみ よく利用されるメニュー 手続き検索ナビ 申請書ダウンロード ごみ検索 イベントカレンダー お問い合わせ お問い合わせフォームへ よく見られるページ 関連施設等のページ 竹田市立図書館 竹田市総合文化ホール グランツたけた 竹田市歴史文化館 竹田市消防本部 くらし・ 手続き 健康・福祉 市政・ まちづくり 子育て・教育 産業・ 事業者向け情報 学び・ スポーツ 移住・定住 文化・歴史 ・観光 現在のページ ホーム 申請書ダウンロード 竹田市住宅用火災警報器設置促進事
44	30	竹田市	在宅高齢者住宅改造助成事業	https://www.city.taketa.oita.jp/kenko_fukushi/fukushi_kaigo/5693.html	在宅高齢者住宅改造助成事業／竹田市 スマートフォン版を表示 本文へ 文字サイズ 背景色変更 Foreign Language 目的別で探す 妊娠・出産 子育て 入園・入学 就職・退職 結婚・離婚 引越し・住まい 高齢・介護 おくやみ よく利用されるメニュー 手続き検索ナビ 申請書ダウンロード ごみ検索 イベントカレンダー お問い合わせ お問い合わせフォームへ よく見られるページ 関連施設等のページ 竹田市立図書館 竹田市総合文化ホール グランツたけた 竹田市歴史文化館 竹田市消防本部 くらし・ 手続き 健康・福祉 市政・ まちづくり 子育て・教育 産業・ 事業者向け情報 学び・ スポーツ 移住・定住 文化・歴史 ・観光 現在のページ ホーム 健康・福祉・人権 高齢者福祉・介護 在宅高齢者住宅改造助成事業 在宅高
44	30	竹田市	児童扶養手当・ひとり親制度	https://www.city.taketa.oita.jp/kosodate_kyoiku/kosodateshien/5864.html	児童扶養手当・ひとり親制度／竹田市 スマートフォン版を表示 本文へ 文字サイズ 背景色変更 Foreign Language 目的別で探す 妊娠・出産 子育て 入園・入学 就職・退職 結婚・離婚 引越し・住まい 高齢・介護 おくやみ よく利用されるメニュー 手続き検索ナビ 申請書ダウンロード ごみ検索 イベントカレンダー お問い合わせ お問い合わせフォームへ よく見られるページ 関連施設等のページ 竹田市立図書館 竹田市総合文化ホール グランツたけた 竹田市歴史文化館 竹田市消防本部 くらし・ 手続き 健康・福祉 市政・ まちづくり 子育て・教育 産業・ 事業者向け情報 学び・ スポーツ 移住・定住 文化・歴史 ・観光 現在のページ ホーム 子育て・教育 子育て支援 児童扶養手当・ひとり親制度 児童扶養手当・ひ
44	30	竹田市	物価高対応子育て応援手当についてのお知らせ	https://www.city.taketa.oita.jp/kosodate_kyoiku/kosodateshien/12060.html	物価高対応子育て応援手当についてのお知らせ／竹田市 スマートフォン版を表示 本文へ 文字サイズ 背景色変更 Foreign Language 目的別で探す 妊娠・出産 子育て 入園・入学 就職・退職 結婚・離婚 引越し・住まい 高齢・介護 おくやみ よく利用されるメニュー 手続き検索ナビ 申請書ダウンロード ごみ検索 イベントカレンダー お問い合わせ お問い合わせフォームへ よく見られるページ 関連施設等のページ 竹田市立図書館 竹田市総合文化ホール グランツたけた 竹田市歴史文化館 竹田市消防本部 くらし・ 手続き 健康・福祉 市政・ まちづくり 子育て・教育 産業・ 事業者向け情報 学び・ スポーツ 移住・定住 文化・歴史 ・観光 現在のページ ホーム 子育て・教育 子育て支援 物価高対応子育て応援手当につ
44	30	竹田市	児童手当について	https://www.city.taketa.oita.jp/kosodate_kyoiku/kosodateshien/5866.html	児童手当について／竹田市 スマートフォン版を表示 本文へ 文字サイズ 背景色変更 Foreign Language 目的別で探す 妊娠・出産 子育て 入園・入学 就職・退職 結婚・離婚 引越し・住まい 高齢・介護 おくやみ よく利用されるメニュー 手続き検索ナビ 申請書ダウンロード ごみ検索 イベントカレンダー お問い合わせ お問い合わせフォームへ よく見られるページ 関連施設等のページ 竹田市立図書館 竹田市総合文化ホール グランツたけた 竹田市歴史文化館 竹田市消防本部 くらし・ 手続き 健康・福祉 市政・ まちづくり 子育て・教育 産業・ 事業者向け情報 学び・ スポーツ 移住・定住 文化・歴史 ・観光 現在のページ ホーム 子育て・教育 子育て支援 児童手当について 児童手当について Tweet 更新日
44	30	竹田市	保育料完全無償化と利用料軽減について	https://www.city.taketa.oita.jp/kosodate_kyoiku/nyugaku_nyuen/1/8208.html	保育料完全無償化と利用料軽減について／竹田市 スマートフォン版を表示 本文へ 文字サイズ 背景色変更 Foreign Language 目的別で探す 妊娠・出産 子育て 入園・入学 就職・退職 結婚・離婚 引越し・住まい 高齢・介護 おくやみ よく利用されるメニュー 手続き検索ナビ 申請書ダウンロード ごみ検索 イベントカレンダー お問い合わせ お問い合わせフォームへ よく見られるページ 関連施設等のページ 竹田市立図書館 竹田市総合文化ホール グランツたけた 竹田市歴史文化館 竹田市消防本部 くらし・ 手続き 健康・福祉 市政・ まちづくり 子育て・教育 産業・ 事業者向け情報 学び・ スポーツ 移住・定住 文化・歴史 ・観光 現在のページ ホーム 子育て・教育 入学・入園 保育所・幼稚園・認定こども園 保育
44	30	竹田市	竹田市飼い主のいない猫の不妊去勢手術費補助制度について	https://www.city.taketa.oita.jp/kurashi_tetsuzuki/gomi_recycling/environment/4370.html	竹田市飼い主のいない猫の不妊去勢手術費補助制度について／竹田市 スマートフォン版を表示 本文へ 文字サイズ 背景色変更 Foreign Language 目的別で探す 妊娠・出産 子育て 入園・入学 就職・退職 結婚・離婚 引越し・住まい 高齢・介護 おくやみ よく利用されるメニュー 手続き検索ナビ 申請書ダウンロード ごみ検索 イベントカレンダー お問い合わせ お問い合わせフォームへ よく見られるページ 関連施設等のページ 竹田市立図書館 竹田市総合文化ホール グランツたけた 竹田市歴史文化館 竹田市消防本部 くらし・ 手続き 健康・福祉 市政・ まちづくり 子育て・教育 産業・ 事業者向け情報 学び・ スポーツ 移住・定住 文化・歴史 ・観光 現在のページ ホーム くらし・手続き ごみ・リサイクル・環境 自
44	30	竹田市	竹田市飲用水改善事業費補助金交付制度について	https://www.city.taketa.oita.jp/kurashi_tetsuzuki/gomi_recycling/environment/4783.html	竹田市飲用水改善事業費補助金交付制度について／竹田市 スマートフォン版を表示 本文へ 文字サイズ 背景色変更 Foreign Language 目的別で探す 妊娠・出産 子育て 入園・入学 就職・退職 結婚・離婚 引越し・住まい 高齢・介護 おくやみ よく利用されるメニュー 手続き検索ナビ 申請書ダウンロード ごみ検索 イベントカレンダー お問い合わせ お問い合わせフォームへ よく見られるページ 関連施設等のページ 竹田市立図書館 竹田市総合文化ホール グランツたけた 竹田市歴史文化館 竹田市消防本部 くらし・ 手続き 健康・福祉 市政・ まちづくり 子育て・教育 産業・ 事業者向け情報 学び・ スポーツ 移住・定住 文化・歴史 ・観光 現在のページ ホーム くらし・手続き ごみ・リサイクル・環境 自然・環境
44	30	竹田市	合併処理浄化槽への転換に対する補助金について（都市計画区域内の店舗・宿泊施設・集合住宅）	https://www.city.taketa.oita.jp/kurashi_tetsuzuki/jogesuido/10121.html	合併処理浄化槽への転換に対する補助金について（都市計画区域内の店舗・宿泊施設・集合住宅）／竹田市 スマートフォン版を表示 本文へ 文字サイズ 背景色変更 Foreign Language 目的別で探す 妊娠・出産 子育て 入園・入学 就職・退職 結婚・離婚 引越し・住まい 高齢・介護 おくやみ よく利用されるメニュー 手続き検索ナビ 申請書ダウンロード ごみ検索 イベントカレンダー お問い合わせ お問い合わせフォームへ よく見られるページ 関連施設等のページ 竹田市立図書館 竹田市総合文化ホール グランツたけた 竹田市歴史文化館 竹田市消防本部 くらし・ 手続き 健康・福祉 市政・ まちづくり 子育て・教育 産業・ 事業者向け情報 学び・ スポーツ 移住・定住 文化・歴史 ・観光 現在のページ ホーム くらし・
44	30	竹田市	子ども医療費助成事業	https://www.city.taketa.oita.jp/life_scene/kenkouiryou/10863.html	子ども医療費助成事業／竹田市 スマートフォン版を表示 本文へ 文字サイズ 背景色変更 Foreign Language 目的別で探す 妊娠・出産 子育て 入園・入学 就職・退職 結婚・離婚 引越し・住まい 高齢・介護 おくやみ よく利用されるメニュー 手続き検索ナビ 申請書ダウンロード ごみ検索 イベントカレンダー お問い合わせ お問い合わせフォームへ よく見られるページ 関連施設等のページ 竹田市立図書館 竹田市総合文化ホール グランツたけた 竹田市歴史文化館 竹田市消防本部 くらし・ 手続き 健康・福祉 市政・ まちづくり 子育て・教育 産業・ 事業者向け情報 学び・ スポーツ 移住・定住 文化・歴史 ・観光 現在のページ ホーム ライフシーンから探す 健康・医療 子ども医療費助成事業 子ども医療費助成事業
44	30	竹田市	竹田市英語検定料助成金について	https://www.city.taketa.oita.jp/soshiki/gakkokyoikuka/1/12659.html	竹田市英語検定料助成金について／竹田市 スマートフォン版を表示 本文へ 文字サイズ 背景色変更 Foreign Language 目的別で探す 妊娠・出産 子育て 入園・入学 就職・退職 結婚・離婚 引越し・住まい 高齢・介護 おくやみ よく利用されるメニュー 手続き検索ナビ 申請書ダウンロード ごみ検索 イベントカレンダー お問い合わせ お問い合わせフォームへ よく見られるページ 関連施設等のページ 竹田市立図書館 竹田市総合文化ホール グランツたけた 竹田市歴史文化館 竹田市消防本部 くらし・ 手続き 健康・福祉 市政・ まちづくり 子育て・教育 産業・ 事業者向け情報 学び・ スポーツ 移住・定住 文化・歴史 ・観光 現在のページ ホーム 組織から探す 学校教育課 業務案内 竹田市英語検定料助成金について
44	30	竹田市	就学援助制度について	https://www.city.taketa.oita.jp/soshiki/gakkokyoikuka/1/12624.html	就学援助制度について／竹田市 スマートフォン版を表示 本文へ 文字サイズ 背景色変更 Foreign Language 目的別で探す 妊娠・出産 子育て 入園・入学 就職・退職 結婚・離婚 引越し・住まい 高齢・介護 おくやみ よく利用されるメニュー 手続き検索ナビ 申請書ダウンロード ごみ検索 イベントカレンダー お問い合わせ お問い合わせフォームへ よく見られるページ 関連施設等のページ 竹田市立図書館 竹田市総合文化ホール グランツたけた 竹田市歴史文化館 竹田市消防本部 くらし・ 手続き 健康・福祉 市政・ まちづくり 子育て・教育 産業・ 事業者向け情報 学び・ スポーツ 移住・定住 文化・歴史 ・観光 現在のページ ホーム 組織から探す 学校教育課 業務案内 就学援助制度について 就学援助制度につい
44	30	津久見市	各種手当・医療費の助成	https://www.city.tsukumi.oita.jp/soshiki/20/21583.html	各種手当・医療費の助成 - 津久見市公式ホームページ ページの先頭です。 メニューを飛ばして本文へ メニュー 本文へ Foreign language 背景色・文字サイズ 背景色 白 黒 青 文字サイズ 標準 拡大 キーワード検索 詳細検索 分類でさがす 組織でさがす カレンダーでさがす 注目 防災 子育て マイナンバーカード ごみ くらし しごと 観光 市政・議会 現在地 トップページ > 分類でさがす > くらしの情報 > ライフステージ > 妊娠・出産 > 各種手当・医療費の助成 本文 各種手当・医療費の助成 印刷ページ表示 更新日：2025年3月3日更新 各種手当 【重要なお知らせ】令和６年１０月１日より児童手当の制度が一部改正されます。 令和６年１０月１日より児童手当の制度が一部改正となります。１０月
44	30	津久見市	不育症治療費助成制度	https://www.city.tsukumi.oita.jp/site/kosodate/23836.html	不育症治療費助成制度 - 津久見市公式ホームページ ページの先頭です。 メニューを飛ばして本文へ メニュー 検索 本文へ はじめての方へ Foreign language 背景色・文字サイズ 背景色 白 黒 青 文字サイズ 標準 拡大 目的でさがす 年齢でさがす 施設 休日・夜間当番医 イベントカレンダー キーワード検索 現在地 トップページ > 津久見市子育て応援サイト「つくみっこ」 > 年齢でさがす > 生まれるまで > 不育症治療費助成制度 本文 不育症治療費助成制度 印刷ページ表示 更新日：2024年4月1日更新 津久見市では、子どもを望むご夫婦を支援するために、不育症治療費の一部を助成しています。 治療中の方、これから治療を受ける予定の方はご相談ください。 不育症とは 不育症とは妊娠をしても、2回以上
44	30	津久見市	子ども医療費助成制度のお知らせ	https://www.city.tsukumi.oita.jp/site/kosodate/76.html	子ども医療費助成制度のお知らせ - 津久見市公式ホームページ ページの先頭です。 メニューを飛ばして本文へ メニュー 検索 本文へ はじめての方へ Foreign language 背景色・文字サイズ 背景色 白 黒 青 文字サイズ 標準 拡大 目的でさがす 年齢でさがす 施設 休日・夜間当番医 イベントカレンダー キーワード検索 現在地 トップページ > 分類でさがす > くらしの情報 > ライフステージ > 妊娠・出産 > 津久見市子育て応援サイト「つくみっこ」 > 年齢でさがす > 0～2歳児 > 子ども医療費助成制度のお知らせ 本文 子ども医療費助成制度のお知らせ 印刷ページ表示 更新日：2024年7月4日更新 子ども医療費助成制度のお知らせ お子さんの健やかな成長とご家庭の経済的負担軽減のため、病気や
44	30	津久見市	不妊治療費助成事業	https://www.city.tsukumi.oita.jp/site/kosodate/70.html	不妊治療費助成事業 - 津久見市公式ホームページ ページの先頭です。 メニューを飛ばして本文へ メニュー 検索 本文へ はじめての方へ Foreign language 背景色・文字サイズ 背景色 白 黒 青 文字サイズ 標準 拡大 目的でさがす 年齢でさがす 施設 休日・夜間当番医 イベントカレンダー キーワード検索 現在地 トップページ > 分類でさがす > くらしの情報 > ライフステージ > 妊娠・出産 > 津久見市子育て応援サイト「つくみっこ」 > 目的でさがす > 支援・助成 > 不妊治療費助成事業 本文 不妊治療費助成事業 印刷ページ表示 更新日：2024年4月1日更新 津久見市では、子どもを望むご夫婦の経済的負担の軽減を図るために、不妊検査及び不妊治療費の一部を助成しています。 助成対象者 以下
44	30	津久見市	児童手当の制度が一部改正されます	https://www.city.tsukumi.oita.jp/soshiki/20/27857.html	児童手当の制度が一部改正されます - 津久見市公式ホームページ ページの先頭です。 メニューを飛ばして本文へ メニュー 本文へ Foreign language 背景色・文字サイズ 背景色 白 黒 青 文字サイズ 標準 拡大 キーワード検索 詳細検索 分類でさがす 組織でさがす カレンダーでさがす 注目 防災 子育て マイナンバーカード ごみ くらし しごと 観光 市政・議会 現在地 トップページ > 分類でさがす > くらしの情報 > ライフステージ > 妊娠・出産 > 児童手当の制度が一部改正されます 本文 児童手当の制度が一部改正されます 印刷ページ表示 更新日：2024年8月30日更新 令和６年１０月１日より児童手当の制度が一部改正されます 令和６年１０月１日より児童手当の制度が一部改正となります。１０
44	30	津久見市	津久見市地区集会所等整備事業費補助金	https://www.city.tsukumi.oita.jp/soshiki/25/32211.html	津久見市地区集会所等整備事業費補助金 - 津久見市公式ホームページ ページの先頭です。 メニューを飛ばして本文へ メニュー 本文へ Foreign language 背景色・文字サイズ 背景色 白 黒 青 文字サイズ 標準 拡大 キーワード検索 詳細検索 分類でさがす 組織でさがす カレンダーでさがす 注目 防災 子育て マイナンバーカード ごみ くらし しごと 観光 市政・議会 現在地 トップページ > 分類でさがす > くらしの情報 > 生涯学習・スポーツ > 講座・趣味・学習 > 津久見市地区集会所等整備事業費補助金 本文 津久見市地区集会所等整備事業費補助金 印刷ページ表示 更新日：2026年4月1日更新 津久見市地区集会所等整備事業費補助金について 市民のコミュニティの活性化と老朽化した地区集会所等の
44	30	津久見市	一般貨物自動車運送事業者や海運事業者の方への支援金について	https://www.city.tsukumi.oita.jp/soshiki/6/23281.html	一般貨物自動車運送事業者や海運事業者の方への支援金について - 津久見市公式ホームページ ページの先頭です。 メニューを飛ばして本文へ メニュー 本文へ Foreign language 背景色・文字サイズ 背景色 白 黒 青 文字サイズ 標準 拡大 キーワード検索 詳細検索 分類でさがす 組織でさがす カレンダーでさがす 注目 防災 子育て マイナンバーカード ごみ くらし しごと 観光 市政・議会 現在地 トップページ > 組織でさがす > 本庁 > 商工観光・定住推進課 > 一般貨物自動車運送事業者や海運事業者の方への支援金について 本文 一般貨物自動車運送事業者や海運事業者の方への支援金について 印刷ページ表示 更新日：2026年5月1日更新 一般貨物自動車運送事業者や海運事業者の方への支援金について
44	30	津久見市	妊婦さんに対する初回産科受診料助成事業	https://www.city.tsukumi.oita.jp/site/kosodate/25385.html	妊婦さんに対する初回産科受診料助成事業 - 津久見市公式ホームページ ページの先頭です。 メニューを飛ばして本文へ メニュー 検索 本文へ はじめての方へ Foreign language 背景色・文字サイズ 背景色 白 黒 青 文字サイズ 標準 拡大 目的でさがす 年齢でさがす 施設 休日・夜間当番医 イベントカレンダー キーワード検索 現在地 トップページ > 津久見市子育て応援サイト「つくみっこ」 > 目的でさがす > 支援・助成 > 妊婦さんに対する初回産科受診料助成事業 本文 妊婦さんに対する初回産科受診料助成事業 印刷ページ表示 更新日：2023年10月5日更新 津久見市では、妊娠にかかる経済的負担を軽減し、状況を継続的に把握し、必要な支援につなげることを目的に、令和5年10月から すべての妊婦さん
44	30	津久見市	高等職業訓練促進給付金事業をご存知ですか？	https://www.city.tsukumi.oita.jp/soshiki/20/1209.html	高等職業訓練促進給付金事業をご存知ですか？ - 津久見市公式ホームページ ページの先頭です。 メニューを飛ばして本文へ メニュー 本文へ Foreign language 背景色・文字サイズ 背景色 白 黒 青 文字サイズ 標準 拡大 キーワード検索 詳細検索 分類でさがす 組織でさがす カレンダーでさがす 注目 防災 子育て マイナンバーカード ごみ くらし しごと 観光 市政・議会 現在地 トップページ > 分類でさがす > くらしの情報 > 介護・福祉 > 児童福祉 > 高等職業訓練促進給付金事業をご存知ですか？ 本文 高等職業訓練促進給付金事業をご存知ですか？ 印刷ページ表示 更新日：2018年4月1日更新 高等職業訓練促進給付金事業とは ひとり親家庭の父、母が就職の際に有利で生活の安定につながる資格を
44	30	豊後高田市	自主防災組織活性化事業費補助金	https://www.city.bungotakada.oita.jp/site/bousai/1643.html	自主防災組織活性化事業費補助金 - 豊後高田市防災情報 - 豊後高田市ホームページ ページの先頭です。 メニューを飛ばして本文へ メニュー --> 豊後高田市の魅力 ヘルプ メニュー 本文へ 本文へ --> 検索 文字サイズ・色合い変更 文字サイズ 標準 拡大 背景色変更 白 黒 青 Translate 防災 当番医 サイト内 検索 Googleカスタム検索 詳しく さがす ID検索(ページの番号を入れてください) ID検索 注目ワード 住みたい田舎 子育て支援 昭和の町 ふるさと納税 休日当番医 ごみ検索 住民票・戸籍・印鑑登録 申請・届出 よくある質問 イベントカレンダー 一時保存する メニュー くらし・手続き 子育て・教育 健康・福祉 移住・定住 観光・イベント 市政 現在地 トップページ > 分類でさが
44	30	豊後高田市	「急傾斜地崩壊による土砂撤去等」への助成【補助制度】	https://www.city.bungotakada.oita.jp/site/bousai/2880.html	「急傾斜地崩壊による土砂撤去等」への助成【補助制度】 - 豊後高田市防災情報 - 豊後高田市ホームページ ページの先頭です。 メニューを飛ばして本文へ メニュー --> 豊後高田市の魅力 ヘルプ メニュー 本文へ 本文へ --> 検索 文字サイズ・色合い変更 文字サイズ 標準 拡大 背景色変更 白 黒 青 Translate 防災 当番医 サイト内 検索 Googleカスタム検索 詳しく さがす ID検索(ページの番号を入れてください) ID検索 注目ワード 住みたい田舎 子育て支援 昭和の町 ふるさと納税 休日当番医 ごみ検索 住民票・戸籍・印鑑登録 申請・届出 よくある質問 イベントカレンダー 一時保存する メニュー くらし・手続き 子育て・教育 健康・福祉 移住・定住 観光・イベント 市政 現在地 トップ
44	30	豊後高田市	がけ地近接等危険住宅を除却・移転する費用の一部補助金について	https://www.city.bungotakada.oita.jp/site/bousai/2626.html	がけ地近接等危険住宅を除却・移転する費用の一部補助金について - 豊後高田市防災情報 - 豊後高田市ホームページ ページの先頭です。 メニューを飛ばして本文へ メニュー --> 豊後高田市の魅力 ヘルプ メニュー 本文へ 本文へ --> 検索 文字サイズ・色合い変更 文字サイズ 標準 拡大 背景色変更 白 黒 青 Translate 防災 当番医 サイト内 検索 Googleカスタム検索 詳しく さがす ID検索(ページの番号を入れてください) ID検索 注目ワード 住みたい田舎 子育て支援 昭和の町 ふるさと納税 休日当番医 ごみ検索 住民票・戸籍・印鑑登録 申請・届出 よくある質問 イベントカレンダー 一時保存する メニュー くらし・手続き 子育て・教育 健康・福祉 移住・定住 観光・イベント 市政 現在地
44	30	豊後高田市	こども救急電話相談・休日当番医	https://www.city.bungotakada.oita.jp/site/kosodate-kyoiku/1573.html	こども救急電話相談・休日当番医 - ぶんごたかだの子育てサイト - 豊後高田市ホームページ ページの先頭です。 メニューを飛ばして本文へ 検索 メニュー 本文へ 文字サイズ・色合い変更 文字サイズ 標準 拡大 背景色変更 白 黒 青 translate サイト内 検索 Googleカスタム検索 詳しく さがす ID検索(ページの番号を入れてください) 注目ワード オンライン手続き 子育て支援 休日当番医情報 現在地 トップページ > ぶんごたかだの子育てサイト > 目的別 > 子どもの健康 > こども救急電話相談・休日当番医 本文 こども救急電話相談・休日当番医 ページID：0001573 更新日：2026年7月1日更新 印刷ページ表示 病気やけがで病院へ行った方が良いかどうか迷ったとき 休日や夜間、こどもが病
44	30	豊後高田市	【受付終了しました】省エネエアコンの購入補助金について	https://www.city.bungotakada.oita.jp/soshiki/13/41137.html	【受付終了しました】省エネエアコンの購入補助金について - 豊後高田市ホームページ ページの先頭です。 メニューを飛ばして本文へ メニュー --> 豊後高田市の魅力 ヘルプ メニュー 本文へ 本文へ --> 検索 文字サイズ・色合い変更 文字サイズ 標準 拡大 背景色変更 白 黒 青 Translate 防災 当番医 サイト内 検索 Googleカスタム検索 詳しく さがす ID検索(ページの番号を入れてください) ID検索 注目ワード 住みたい田舎 子育て支援 昭和の町 ふるさと納税 休日当番医 ごみ検索 住民票・戸籍・印鑑登録 申請・届出 よくある質問 イベントカレンダー 一時保存する メニュー くらし・手続き 子育て・教育 健康・福祉 移住・定住 観光・イベント 市政 現在地 トップページ > 分類でさが
44	30	豊後高田市	愛ターンお婿（むこ）さん奨励金	https://www.city.bungotakada.oita.jp/soshiki/5/2285.html	愛ターンお婿（むこ）さん奨励金 - 豊後高田市ホームページ ページの先頭です。 メニューを飛ばして本文へ メニュー --> 豊後高田市の魅力 ヘルプ メニュー 本文へ 本文へ --> 検索 文字サイズ・色合い変更 文字サイズ 標準 拡大 背景色変更 白 黒 青 Translate 防災 当番医 サイト内 検索 Googleカスタム検索 詳しく さがす ID検索(ページの番号を入れてください) ID検索 注目ワード 住みたい田舎 子育て支援 昭和の町 ふるさと納税 休日当番医 ごみ検索 住民票・戸籍・印鑑登録 申請・届出 よくある質問 イベントカレンダー 一時保存する メニュー くらし・手続き 子育て・教育 健康・福祉 移住・定住 観光・イベント 市政 現在地 トップページ > 分類でさがす > くらし > 移住
44	30	豊後高田市	【受付終了】豊後高田市で働こう！奨学金返済支援事業	https://www.city.bungotakada.oita.jp/soshiki/14/2239.html	【受付終了】豊後高田市で働こう！奨学金返済支援事業 - 豊後高田市ホームページ ページの先頭です。 メニューを飛ばして本文へ メニュー --> 豊後高田市の魅力 ヘルプ メニュー 本文へ 本文へ --> 検索 文字サイズ・色合い変更 文字サイズ 標準 拡大 背景色変更 白 黒 青 Translate 防災 当番医 サイト内 検索 Googleカスタム検索 詳しく さがす ID検索(ページの番号を入れてください) ID検索 注目ワード 住みたい田舎 子育て支援 昭和の町 ふるさと納税 休日当番医 ごみ検索 住民票・戸籍・印鑑登録 申請・届出 よくある質問 イベントカレンダー 一時保存する メニュー くらし・手続き 子育て・教育 健康・福祉 移住・定住 観光・イベント 市政 現在地 トップページ > 分類でさがす
44	30	豊後高田市	令和8年度豊後高田市移住支援金の交付について	https://www.city.bungotakada.oita.jp/soshiki/5/24305.html	令和8年度豊後高田市移住支援金の交付について - 豊後高田市ホームページ ページの先頭です。 メニューを飛ばして本文へ メニュー --> 豊後高田市の魅力 ヘルプ メニュー 本文へ 本文へ --> 検索 文字サイズ・色合い変更 文字サイズ 標準 拡大 背景色変更 白 黒 青 Translate 防災 当番医 サイト内 検索 Googleカスタム検索 詳しく さがす ID検索(ページの番号を入れてください) ID検索 注目ワード 住みたい田舎 子育て支援 昭和の町 ふるさと納税 休日当番医 ごみ検索 住民票・戸籍・印鑑登録 申請・届出 よくある質問 イベントカレンダー 一時保存する メニュー くらし・手続き 子育て・教育 健康・福祉 移住・定住 観光・イベント 市政 現在地 トップページ > 分類でさがす > く
44	30	豊後高田市	令和8年度高齢者・子育て世帯リフォーム支援事業補助金	https://www.city.bungotakada.oita.jp/soshiki/5/2125.html	令和8年度高齢者・子育て世帯リフォーム支援事業補助金 - 豊後高田市ホームページ ページの先頭です。 メニューを飛ばして本文へ メニュー --> 豊後高田市の魅力 ヘルプ メニュー 本文へ 本文へ --> 検索 文字サイズ・色合い変更 文字サイズ 標準 拡大 背景色変更 白 黒 青 Translate 防災 当番医 サイト内 検索 Googleカスタム検索 詳しく さがす ID検索(ページの番号を入れてください) ID検索 注目ワード 住みたい田舎 子育て支援 昭和の町 ふるさと納税 休日当番医 ごみ検索 住民票・戸籍・印鑑登録 申請・届出 よくある質問 イベントカレンダー 一時保存する メニュー くらし・手続き 子育て・教育 健康・福祉 移住・定住 観光・イベント 市政 現在地 トップページ > 分類でさがす
44	30	豊後高田市	(二次募集)起業チャレンジ若者支援事業補助金について	https://www.city.bungotakada.oita.jp/soshiki/14/14076.html	(二次募集)起業チャレンジ若者支援事業補助金について - 豊後高田市ホームページ ページの先頭です。 メニューを飛ばして本文へ メニュー --> 豊後高田市の魅力 ヘルプ メニュー 本文へ 本文へ --> 検索 文字サイズ・色合い変更 文字サイズ 標準 拡大 背景色変更 白 黒 青 Translate 防災 当番医 サイト内 検索 Googleカスタム検索 詳しく さがす ID検索(ページの番号を入れてください) ID検索 注目ワード 住みたい田舎 子育て支援 昭和の町 ふるさと納税 休日当番医 ごみ検索 住民票・戸籍・印鑑登録 申請・届出 よくある質問 イベントカレンダー 一時保存する メニュー くらし・手続き 子育て・教育 健康・福祉 移住・定住 観光・イベント 市政 現在地 トップページ > 分類でさがす
44	30	豊後高田市	（二次募集）起業チャレンジウェルカム支援事業補助金について	https://www.city.bungotakada.oita.jp/soshiki/14/14091.html	（二次募集）起業チャレンジウェルカム支援事業補助金について - 豊後高田市ホームページ ページの先頭です。 メニューを飛ばして本文へ メニュー --> 豊後高田市の魅力 ヘルプ メニュー 本文へ 本文へ --> 検索 文字サイズ・色合い変更 文字サイズ 標準 拡大 背景色変更 白 黒 青 Translate 防災 当番医 サイト内 検索 Googleカスタム検索 詳しく さがす ID検索(ページの番号を入れてください) ID検索 注目ワード 住みたい田舎 子育て支援 昭和の町 ふるさと納税 休日当番医 ごみ検索 住民票・戸籍・印鑑登録 申請・届出 よくある質問 イベントカレンダー 一時保存する メニュー くらし・手続き 子育て・教育 健康・福祉 移住・定住 観光・イベント 市政 現在地 トップページ > 分類で
44	30	豊後高田市	豊後高田市小規模事業者等物価高騰支援事業補助金について	https://www.city.bungotakada.oita.jp/soshiki/14/41466.html	豊後高田市小規模事業者等物価高騰支援事業補助金について - 豊後高田市ホームページ ページの先頭です。 メニューを飛ばして本文へ メニュー --> 豊後高田市の魅力 ヘルプ メニュー 本文へ 本文へ --> 検索 文字サイズ・色合い変更 文字サイズ 標準 拡大 背景色変更 白 黒 青 Translate 防災 当番医 サイト内 検索 Googleカスタム検索 詳しく さがす ID検索(ページの番号を入れてください) ID検索 注目ワード 住みたい田舎 子育て支援 昭和の町 ふるさと納税 休日当番医 ごみ検索 住民票・戸籍・印鑑登録 申請・届出 よくある質問 イベントカレンダー 一時保存する メニュー くらし・手続き 子育て・教育 健康・福祉 移住・定住 観光・イベント 市政 現在地 トップページ > 分類でさが
44	30	豊後高田市	【受付終了】令和7年度定額減税補足給付金（不足額給付）について	https://www.city.bungotakada.oita.jp/soshiki/6/36073.html	【受付終了】令和7年度定額減税補足給付金（不足額給付）について - 豊後高田市ホームページ ページの先頭です。 メニューを飛ばして本文へ メニュー --> 豊後高田市の魅力 ヘルプ メニュー 本文へ 本文へ --> 検索 文字サイズ・色合い変更 文字サイズ 標準 拡大 背景色変更 白 黒 青 Translate 防災 当番医 サイト内 検索 Googleカスタム検索 詳しく さがす ID検索(ページの番号を入れてください) ID検索 注目ワード 住みたい田舎 子育て支援 昭和の町 ふるさと納税 休日当番医 ごみ検索 住民票・戸籍・印鑑登録 申請・届出 よくある質問 イベントカレンダー 一時保存する メニュー くらし・手続き 子育て・教育 健康・福祉 移住・定住 観光・イベント 市政 現在地 トップページ > 分
44	30	豊後高田市	はり、きゅうおよびマッサージ助成事業について	https://www.city.bungotakada.oita.jp/site/kokuho/2066.html	はり、きゅうおよびマッサージ助成事業について - 国民健康保険 - 豊後高田市ホームページ ページの先頭です。 メニューを飛ばして本文へ メニュー --> 豊後高田市の魅力 ヘルプ メニュー 本文へ 本文へ --> 検索 文字サイズ・色合い変更 文字サイズ 標準 拡大 背景色変更 白 黒 青 Translate 防災 当番医 サイト内 検索 Googleカスタム検索 詳しく さがす ID検索(ページの番号を入れてください) ID検索 注目ワード 住みたい田舎 子育て支援 昭和の町 ふるさと納税 休日当番医 ごみ検索 住民票・戸籍・印鑑登録 申請・届出 よくある質問 イベントカレンダー 一時保存する メニュー くらし・手続き 子育て・教育 健康・福祉 移住・定住 観光・イベント 市政 現在地 トップページ > 国
44	30	豊後高田市	災害被災者住宅再建支援金のお知らせ	https://www.city.bungotakada.oita.jp/soshiki/9/17970.html	災害被災者住宅再建支援金のお知らせ - 豊後高田市ホームページ ページの先頭です。 メニューを飛ばして本文へ メニュー --> 豊後高田市の魅力 ヘルプ メニュー 本文へ 本文へ --> 検索 文字サイズ・色合い変更 文字サイズ 標準 拡大 背景色変更 白 黒 青 Translate 防災 当番医 サイト内 検索 Googleカスタム検索 詳しく さがす ID検索(ページの番号を入れてください) ID検索 注目ワード 住みたい田舎 子育て支援 昭和の町 ふるさと納税 休日当番医 ごみ検索 住民票・戸籍・印鑑登録 申請・届出 よくある質問 イベントカレンダー 一時保存する メニュー くらし・手続き 子育て・教育 健康・福祉 移住・定住 観光・イベント 市政 現在地 トップページ > 分類でさがす > くらし >
44	30	豊後高田市	普通財産（遊休地や遊休建物）の貸付について	https://www.city.bungotakada.oita.jp/soshiki/3/1810.html	普通財産（遊休地や遊休建物）の貸付について - 豊後高田市ホームページ ページの先頭です。 メニューを飛ばして本文へ メニュー --> 豊後高田市の魅力 ヘルプ メニュー 本文へ 本文へ --> 検索 文字サイズ・色合い変更 文字サイズ 標準 拡大 背景色変更 白 黒 青 Translate 防災 当番医 サイト内 検索 Googleカスタム検索 詳しく さがす ID検索(ページの番号を入れてください) ID検索 注目ワード 住みたい田舎 子育て支援 昭和の町 ふるさと納税 休日当番医 ごみ検索 住民票・戸籍・印鑑登録 申請・届出 よくある質問 イベントカレンダー 一時保存する メニュー くらし・手続き 子育て・教育 健康・福祉 移住・定住 観光・イベント 市政 現在地 トップページ > 組織でさがす > 高田
44	30	豊後高田市	ケーブルネットワーク施設宅内工事費助成金	https://www.city.bungotakada.oita.jp/site/bungotakadacatv/2153.html	ケーブルネットワーク施設宅内工事費助成金 - 豊後高田市ケーブルネットワーク - 豊後高田市ホームページ ページの先頭です。 メニューを飛ばして本文へ メニュー --> 豊後高田市の魅力 ヘルプ メニュー 本文へ 本文へ --> 検索 文字サイズ・色合い変更 文字サイズ 標準 拡大 背景色変更 白 黒 青 Translate 防災 当番医 サイト内 検索 Googleカスタム検索 詳しく さがす ID検索(ページの番号を入れてください) ID検索 注目ワード 住みたい田舎 子育て支援 昭和の町 ふるさと納税 休日当番医 ごみ検索 住民票・戸籍・印鑑登録 申請・届出 よくある質問 イベントカレンダー 一時保存する メニュー くらし・手続き 子育て・教育 健康・福祉 移住・定住 観光・イベント 市政 現在地 トップ
44	30	豊後高田市	飼い主のいない猫の不妊去勢手術費補助金制度	https://www.city.bungotakada.oita.jp/soshiki/13/22852.html	飼い主のいない猫の不妊去勢手術費補助金制度 - 豊後高田市ホームページ ページの先頭です。 メニューを飛ばして本文へ メニュー --> 豊後高田市の魅力 ヘルプ メニュー 本文へ 本文へ --> 検索 文字サイズ・色合い変更 文字サイズ 標準 拡大 背景色変更 白 黒 青 Translate 防災 当番医 サイト内 検索 Googleカスタム検索 詳しく さがす ID検索(ページの番号を入れてください) ID検索 注目ワード 住みたい田舎 子育て支援 昭和の町 ふるさと納税 休日当番医 ごみ検索 住民票・戸籍・印鑑登録 申請・届出 よくある質問 イベントカレンダー 一時保存する メニュー くらし・手続き 子育て・教育 健康・福祉 移住・定住 観光・イベント 市政 現在地 トップページ > 分類でさがす > くら
43	28	臼杵市	重度心身障害者（児）医療費の助成	https://www.city.usuki.oita.jp/docs/2014020400212/	重度心身障害者（児）医療費の助成 | 臼杵市役所 本文へ ふりがなをつける --> 文字の大きさ 拡大 標準 縮小 背景色 黒 青 標準 読み上げる 臼杵市 メニュー サイトマップ お問合せ 総合トップ 市民向け 観光 ふるさと納税 移住・定住 事業者向け 他のカテゴリも表示する TOP カテゴリ 市民向け 医療・健康・福祉・保険・年金 障がい者のための福祉 助成 TOP カテゴリ 区分 コンテンツ 重度心身障害者（児）医療費の助成 公開日 2019年2月14日 更新日 2026年7月17日 重度心身障がい者医療費給付事業（重度医療）とは 重度心身障がい（児）者に対して、各医療機関等で支払われた医療費等の自己負担金（健康保険適用分）一部を助成する制度です。（所得による制限があります） 対象者 下記の対象障がいの
43	26	杵築市	国民健康保険の海外療養費制度	https://www.city.kitsuki.lg.jp/kenkofukushi/kenkou_iryou/1/2706.html	国民健康保険の海外療養費制度／杵築市 スマートフォン版を表示 本文へ Foreign language 携帯サイト 文字サイズ 背景色 PCサイト Foreign language キーワードで探す トップページへ くらしの情報 健康・福祉 教育・子育て 観光・歴史 産業・ビジネス 市政・まちづくり 定住促進サイト ブランドサイト メニューを閉じる くらしの情報 健康･福祉 教育･子育て 観光･歴史 産業･ビジネス 市政･まちづくり キーワードで探す 医療費・補助 こんなときには 転入・転出 妊娠・出産・子育て 入園・入学 就職・退職 結婚・離婚 高齢者・介護 終活・死亡・相続 税金 現在の位置 ホーム 健康・福祉 健康・医療 医療費・補助 国民健康保険の海外療養費制度 国民健康保険の海外療養費制度 Tweet
42	25	豊後高田市	相談・支援	https://www.city.bungotakada.oita.jp/site/kosodate-kyoiku/list12-40.html	相談・支援 - ぶんごたかだの子育てサイト - 豊後高田市ホームページ ページの先頭です。 メニューを飛ばして本文へ 検索 メニュー 本文へ 文字サイズ・色合い変更 文字サイズ 標準 拡大 背景色変更 白 黒 青 translate サイト内 検索 Googleカスタム検索 詳しく さがす ID検索(ページの番号を入れてください) 注目ワード オンライン手続き 子育て支援 休日当番医情報 現在地 トップページ > ぶんごたかだの子育てサイト > 目的別 > 相談・支援 本文 相談・支援 2026年5月29日更新 事業者向け仕事と家庭（子育てと介護）の両立支援制度のご案内 2026年5月29日更新 子ども食堂 2026年5月29日更新 子ども食堂への「食材等の寄付」にご協力ください 2026年5月11日更新 にこ
41	30	臼杵市	中小企業向け利子補給制度について（新型コロナウイルス感染症関連）	https://www.city.usuki.oita.jp/article/2020032500062/	中小企業向け利子補給制度について（新型コロナウイルス感染症関連） | 臼杵市役所 本文へ ふりがなをつける --> 文字の大きさ 拡大 標準 縮小 背景色 黒 青 標準 読み上げる 臼杵市 メニュー サイトマップ お問合せ 総合トップ 市民向け 観光 ふるさと納税 移住・定住 事業者向け 他のカテゴリも表示する TOP カテゴリ 市民向け 求人・企業支援 金融・融資関係 TOP カテゴリ 区分 新着情報 中小企業向け利子補給制度について（新型コロナウイルス感染症関連） 公開日 2020年3月25日 更新日 2025年1月20日 臼杵市新型コロナウイルス感染症緊急対策特別資金特別融資利子補給金 新型コロナウイルス感染症の影響を受けた中小企業の資金繰りの円滑化を図るため、県の「新型コロナウイルス感染症緊急対策特別資
41	30	津久見市	プレママスマイル応援給付事業	https://www.city.tsukumi.oita.jp/site/kosodate/24100.html	プレママスマイル応援給付事業 - 津久見市公式ホームページ ページの先頭です。 メニューを飛ばして本文へ メニュー 検索 本文へ はじめての方へ Foreign language 背景色・文字サイズ 背景色 白 黒 青 文字サイズ 標準 拡大 目的でさがす 年齢でさがす 施設 休日・夜間当番医 イベントカレンダー キーワード検索 現在地 トップページ > 津久見市子育て応援サイト「つくみっこ」 > 目的でさがす > 支援・助成 > プレママスマイル応援給付事業 本文 プレママスマイル応援給付事業 印刷ページ表示 更新日：2023年4月3日更新 令和5年4月より、妊娠中から切れ目のない支援を行い、安心して子どもを生み、健やかに育てることができるよう、​ 国の出産・子育て応援給付金（妊娠時5万円＋出産時5万円＝10
41	27	豊後高田市	豊後高田市内の保育園の空き情報	https://www.city.bungotakada.oita.jp/site/kosodate-kyoiku/1546.html	豊後高田市内の保育園の空き情報 - ぶんごたかだの子育てサイト - 豊後高田市ホームページ ページの先頭です。 メニューを飛ばして本文へ 検索 メニュー 本文へ 文字サイズ・色合い変更 文字サイズ 標準 拡大 背景色変更 白 黒 青 translate サイト内 検索 Googleカスタム検索 詳しく さがす ID検索(ページの番号を入れてください) 注目ワード オンライン手続き 子育て支援 休日当番医情報 現在地 トップページ > ぶんごたかだの子育てサイト > 目的別 > 保育園・幼稚園 > 豊後高田市内の保育園の空き情報 本文 豊後高田市内の保育園の空き情報 ページID：0001546 更新日：2026年6月30日更新 印刷ページ表示 令和8年8月空き情報 保育園名 0歳 1歳 2歳 3歳 4歳 5歳 合
41	24	豊後高田市	豊後高田市子育て応援入学祝い金	https://www.city.bungotakada.oita.jp/site/kosodate-kyoiku/22911.html	豊後高田市子育て応援入学祝い金 - ぶんごたかだの子育てサイト - 豊後高田市ホームページ ページの先頭です。 メニューを飛ばして本文へ 検索 メニュー 本文へ 文字サイズ・色合い変更 文字サイズ 標準 拡大 背景色変更 白 黒 青 translate サイト内 検索 Googleカスタム検索 詳しく さがす ID検索(ページの番号を入れてください) 注目ワード オンライン手続き 子育て支援 休日当番医情報 現在地 トップページ > 分類でさがす > くらし > 子育て支援 > 子育て世代への支援 > ぶんごたかだの子育てサイト > 目的別 > 手当・助成 > 豊後高田市子育て応援入学祝い金 本文 豊後高田市子育て応援入学祝い金 ページID：0022911 更新日：2026年3月30日更新 印刷ページ表示 次世
40	30	臼杵市	児童手当	https://www.city.usuki.oita.jp/docs/2014020400946/	児童手当 | 臼杵市役所 本文へ ふりがなをつける --> 文字の大きさ 拡大 標準 縮小 背景色 黒 青 標準 読み上げる 臼杵市 メニュー サイトマップ お問合せ 総合トップ 市民向け 観光 ふるさと納税 移住・定住 事業者向け 他のカテゴリも表示する TOP カテゴリ 市民向け 医療・健康・福祉・保険・年金 子育て支援 TOP カテゴリ 市民向け ちあぽーと 0～2歳のころ 手当・助成 TOP カテゴリ 市民向け ちあぽーと 3～6歳のころ（未就学） 手当・助成 TOP カテゴリ 市民向け ちあぽーと 小学生 手当・助成 TOP カテゴリ 市民向け 移住支援 子育て支援策 子育て支援 TOP カテゴリ 市民向け ライフイベント 妊娠・出産・子育て 手当・助成 TOP カテゴリ 市民向け ちあぽーと 中学生
40	30	杵築市	特殊詐欺等防止機能付き電話機等購入に係る経費を補助します	http://www.city.kitsuki.lg.jp/kurashi/bousai_bouhan_anzen/6557.html	特殊詐欺等防止機能付き電話機等購入に係る経費を補助します／杵築市 スマートフォン版を表示 本文へ Foreign language 携帯サイト 文字サイズ 背景色 PCサイト Foreign language キーワードで探す トップページへ くらしの情報 健康・福祉 教育・子育て 観光・歴史 産業・ビジネス 市政・まちづくり 定住促進サイト ブランドサイト メニューを閉じる くらしの情報 健康･福祉 教育･子育て 観光･歴史 産業･ビジネス 市政･まちづくり キーワードで探す 防災・防犯・安全 こんなときには 転入・転出 妊娠・出産・子育て 入園・入学 就職・退職 結婚・離婚 高齢者・介護 終活・死亡・相続 税金 現在の位置 ホーム くらしの情報 防災・防犯・安全 特殊詐欺等防止機能付き電話機等購入に係る経費
40	30	杵築市	介護保険以外のサービス（高齢者福祉）	https://www.city.kitsuki.lg.jp/konnatokiniha/06/3950.html	介護保険以外のサービス（高齢者福祉）／杵築市 スマートフォン版を表示 本文へ Foreign language 携帯サイト 文字サイズ 背景色 PCサイト Foreign language キーワードで探す トップページへ くらしの情報 健康・福祉 教育・子育て 観光・歴史 産業・ビジネス 市政・まちづくり 定住促進サイト ブランドサイト メニューを閉じる くらしの情報 健康･福祉 教育･子育て 観光･歴史 産業･ビジネス 市政･まちづくり キーワードで探す 高齢者・介護 こんなときには 転入・転出 妊娠・出産・子育て 入園・入学 就職・退職 結婚・離婚 高齢者・介護 終活・死亡・相続 税金 現在の位置 ホーム こんなときには？ 高齢者・介護 介護保険以外のサービス（高齢者福祉） 介護保険以外のサービス（高齢者
40	30	杵築市	骨髄バンクの骨髄移植ドナーを支援します	https://www.city.kitsuki.lg.jp/kenkofukushi/kenkou_iryou/4582.html	骨髄バンクの骨髄移植ドナーを支援します／杵築市 スマートフォン版を表示 本文へ Foreign language 携帯サイト 文字サイズ 背景色 PCサイト Foreign language キーワードで探す トップページへ くらしの情報 健康・福祉 教育・子育て 観光・歴史 産業・ビジネス 市政・まちづくり 定住促進サイト ブランドサイト メニューを閉じる くらしの情報 健康･福祉 教育･子育て 観光･歴史 産業･ビジネス 市政･まちづくり キーワードで探す 健康・医療 こんなときには 転入・転出 妊娠・出産・子育て 入園・入学 就職・退職 結婚・離婚 高齢者・介護 終活・死亡・相続 税金 現在の位置 ホーム 健康・福祉 健康・医療 骨髄バンクの骨髄移植ドナーを支援します 骨髄バンクの骨髄移植ドナーを支援しま
40	30	杵築市	妊娠希望の方などの風しんの予防接種費用助成	https://www.city.kitsuki.lg.jp/kenkofukushi/kenkou_iryou/3/11599.html	妊娠希望の方などの風しんの予防接種費用助成／杵築市 スマートフォン版を表示 本文へ Foreign language 携帯サイト 文字サイズ 背景色 PCサイト Foreign language キーワードで探す トップページへ くらしの情報 健康・福祉 教育・子育て 観光・歴史 産業・ビジネス 市政・まちづくり 定住促進サイト ブランドサイト メニューを閉じる くらしの情報 健康･福祉 教育･子育て 観光･歴史 産業･ビジネス 市政･まちづくり キーワードで探す 健診・予防接種 こんなときには 転入・転出 妊娠・出産・子育て 入園・入学 就職・退職 結婚・離婚 高齢者・介護 終活・死亡・相続 税金 現在の位置 ホーム 健康・福祉 健康・医療 健診・予防接種 妊娠希望の方などの風しんの予防接種費用助成 妊娠希望
40	30	杵築市	介護保険以外のサービス（高齢者福祉）	https://www.city.kitsuki.lg.jp/kenkofukushi/koureisha_kaigo/2/2700.html	介護保険以外のサービス（高齢者福祉）／杵築市 スマートフォン版を表示 本文へ Foreign language 携帯サイト 文字サイズ 背景色 PCサイト Foreign language キーワードで探す トップページへ くらしの情報 健康・福祉 教育・子育て 観光・歴史 産業・ビジネス 市政・まちづくり 定住促進サイト ブランドサイト メニューを閉じる くらしの情報 健康･福祉 教育･子育て 観光･歴史 産業･ビジネス 市政･まちづくり キーワードで探す 高齢者福祉 こんなときには 転入・転出 妊娠・出産・子育て 入園・入学 就職・退職 結婚・離婚 高齢者・介護 終活・死亡・相続 税金 現在の位置 ホーム 健康・福祉 高齢者・介護 高齢者福祉 介護保険以外のサービス（高齢者福祉） 介護保険以外のサービス（高
40	30	杵築市	税務に関する証明・閲覧	https://www.city.kitsuki.lg.jp/kurashi/kojin_zeikin/7/2431.html	税務に関する証明・閲覧／杵築市 スマートフォン版を表示 本文へ Foreign language 携帯サイト 文字サイズ 背景色 PCサイト Foreign language キーワードで探す トップページへ くらしの情報 健康・福祉 教育・子育て 観光・歴史 産業・ビジネス 市政・まちづくり 定住促進サイト ブランドサイト メニューを閉じる くらしの情報 健康･福祉 教育･子育て 観光･歴史 産業･ビジネス 市政･まちづくり キーワードで探す 税金の証明書 こんなときには 転入・転出 妊娠・出産・子育て 入園・入学 就職・退職 結婚・離婚 高齢者・介護 終活・死亡・相続 税金 現在の位置 ホーム くらしの情報 個人の税金 税金の証明書 税務に関する証明・閲覧 税務に関する証明・閲覧 Tweet 更新日：202
40	30	杵築市	新たに漁業を初めてみませんか？	https://www.city.kitsuki.lg.jp/sangyobijinesu/nourinsuisangyou/kouti/5678.html	新たに漁業を初めてみませんか？／杵築市 スマートフォン版を表示 本文へ Foreign language 携帯サイト 文字サイズ 背景色 PCサイト Foreign language キーワードで探す トップページへ くらしの情報 健康・福祉 教育・子育て 観光・歴史 産業・ビジネス 市政・まちづくり 定住促進サイト ブランドサイト メニューを閉じる くらしの情報 健康･福祉 教育･子育て 観光･歴史 産業･ビジネス 市政･まちづくり キーワードで探す 耕地水産 こんなときには 転入・転出 妊娠・出産・子育て 入園・入学 就職・退職 結婚・離婚 高齢者・介護 終活・死亡・相続 税金 現在の位置 ホーム 産業・ビジネス 農林水産業 耕地水産 新たに漁業を初めてみませんか？ 新たに漁業を初めてみませんか？ Twee
40	30	杵築市	きつき特産品開発支援事業を実施します	https://www.city.kitsuki.lg.jp/sangyobijinesu/sangyoushinkou/7659.html	きつき特産品開発支援事業を実施します／杵築市 スマートフォン版を表示 本文へ Foreign language 携帯サイト 文字サイズ 背景色 PCサイト Foreign language キーワードで探す トップページへ くらしの情報 健康・福祉 教育・子育て 観光・歴史 産業・ビジネス 市政・まちづくり 定住促進サイト ブランドサイト メニューを閉じる くらしの情報 健康･福祉 教育･子育て 観光･歴史 産業･ビジネス 市政･まちづくり キーワードで探す 産業振興 こんなときには 転入・転出 妊娠・出産・子育て 入園・入学 就職・退職 結婚・離婚 高齢者・介護 終活・死亡・相続 税金 現在の位置 ホーム 産業・ビジネス 産業振興 きつき特産品開発支援事業を実施します きつき特産品開発支援事業を実施します T
40	30	杵築市	福利厚生はピアワークにお任せください【一般財団法人大分県東部勤労者福祉サービスセンター】	https://www.city.kitsuki.lg.jp/sangyobijinesu/sangyoushinkou/2/10050.html	福利厚生はピアワークにお任せください【一般財団法人大分県東部勤労者福祉サービスセンター】／杵築市 スマートフォン版を表示 本文へ Foreign language 携帯サイト 文字サイズ 背景色 PCサイト Foreign language キーワードで探す トップページへ くらしの情報 健康・福祉 教育・子育て 観光・歴史 産業・ビジネス 市政・まちづくり 定住促進サイト ブランドサイト メニューを閉じる くらしの情報 健康･福祉 教育･子育て 観光･歴史 産業･ビジネス 市政･まちづくり キーワードで探す 雇用・労働 こんなときには 転入・転出 妊娠・出産・子育て 入園・入学 就職・退職 結婚・離婚 高齢者・介護 終活・死亡・相続 税金 現在の位置 ホーム 産業・ビジネス 産業振興 雇用・労働 福利厚生はピ
40	30	杵築市	コールセンター企業立地促進補助金企業立地促進条例	https://www.city.kitsuki.lg.jp/sangyobijinesu/sangyoushinkou/yuchi/yugu/2713.html	コールセンター企業立地促進補助金企業立地促進条例／杵築市 スマートフォン版を表示 本文へ Foreign language 携帯サイト 文字サイズ 背景色 PCサイト Foreign language キーワードで探す トップページへ くらしの情報 健康・福祉 教育・子育て 観光・歴史 産業・ビジネス 市政・まちづくり 定住促進サイト ブランドサイト メニューを閉じる くらしの情報 健康･福祉 教育･子育て 観光･歴史 産業･ビジネス 市政･まちづくり キーワードで探す 優遇制度 こんなときには 転入・転出 妊娠・出産・子育て 入園・入学 就職・退職 結婚・離婚 高齢者・介護 終活・死亡・相続 税金 現在の位置 ホーム 産業・ビジネス 産業振興 企業誘致 優遇制度 コールセンター企業立地促進補助金企業立地促進条
40	30	杵築市	児童手当	https://www.city.kitsuki.lg.jp/soshiki/1/fukusi/kitsukikosodatesien/akachanumaretara/akachantetuduki/10925.html	児童手当／杵築市 スマートフォン版を表示 本文へ Foreign language 携帯サイト 文字サイズ 背景色 PCサイト Foreign language キーワードで探す トップページへ くらしの情報 健康・福祉 教育・子育て 観光・歴史 産業・ビジネス 市政・まちづくり 定住促進サイト ブランドサイト メニューを閉じる くらしの情報 健康･福祉 教育･子育て 観光･歴史 産業･ビジネス 市政･まちづくり キーワードで探す 必要な手続きについて こんなときには 転入・転出 妊娠・出産・子育て 入園・入学 就職・退職 結婚・離婚 高齢者・介護 終活・死亡・相続 税金 現在の位置 ホーム 組織で探す 市長部局 福祉事務所 子育て支援情報 赤ちゃんが生まれたら 必要な手続きについて 児童手当 児童手当 Twe
40	30	杵築市	妊婦支援給付金	https://www.city.kitsuki.lg.jp/soshiki/1/fukusi/kitsukikosodatesien/akachanumaretara/akachantetuduki/10625.html	妊婦支援給付金／杵築市 スマートフォン版を表示 本文へ Foreign language 携帯サイト 文字サイズ 背景色 PCサイト Foreign language キーワードで探す トップページへ くらしの情報 健康・福祉 教育・子育て 観光・歴史 産業・ビジネス 市政・まちづくり 定住促進サイト ブランドサイト メニューを閉じる くらしの情報 健康･福祉 教育･子育て 観光･歴史 産業･ビジネス 市政･まちづくり キーワードで探す 必要な手続きについて こんなときには 転入・転出 妊娠・出産・子育て 入園・入学 就職・退職 結婚・離婚 高齢者・介護 終活・死亡・相続 税金 現在の位置 ホーム 組織で探す 市長部局 福祉事務所 子育て支援情報 赤ちゃんが生まれたら 必要な手続きについて 妊婦支援給付金 妊婦
40	30	杵築市	児童扶養手当	https://www.city.kitsuki.lg.jp/soshiki/1/fukusi/kitsukikosodatesien/hitorioyahattatusien/hitorioyasien/10927.html	児童扶養手当／杵築市 スマートフォン版を表示 本文へ Foreign language 携帯サイト 文字サイズ 背景色 PCサイト Foreign language キーワードで探す トップページへ くらしの情報 健康・福祉 教育・子育て 観光・歴史 産業・ビジネス 市政・まちづくり 定住促進サイト ブランドサイト メニューを閉じる くらしの情報 健康･福祉 教育･子育て 観光･歴史 産業･ビジネス 市政･まちづくり キーワードで探す ひとり親の支援について こんなときには 転入・転出 妊娠・出産・子育て 入園・入学 就職・退職 結婚・離婚 高齢者・介護 終活・死亡・相続 税金 現在の位置 ホーム 組織で探す 市長部局 福祉事務所 子育て支援情報 ひとり親・こどもの発達支援 ひとり親の支援について 児童扶養手当
40	30	杵築市	ひとり親家庭等医療費助成	https://www.city.kitsuki.lg.jp/soshiki/1/fukusi/kitsukikosodatesien/hitorioyahattatusien/hitorioyasien/10928.html	ひとり親家庭等医療費助成／杵築市 スマートフォン版を表示 本文へ Foreign language 携帯サイト 文字サイズ 背景色 PCサイト Foreign language キーワードで探す トップページへ くらしの情報 健康・福祉 教育・子育て 観光・歴史 産業・ビジネス 市政・まちづくり 定住促進サイト ブランドサイト メニューを閉じる くらしの情報 健康･福祉 教育･子育て 観光･歴史 産業･ビジネス 市政･まちづくり キーワードで探す ひとり親の支援について こんなときには 転入・転出 妊娠・出産・子育て 入園・入学 就職・退職 結婚・離婚 高齢者・介護 終活・死亡・相続 税金 現在の位置 ホーム 組織で探す 市長部局 福祉事務所 子育て支援情報 ひとり親・こどもの発達支援 ひとり親の支援について
40	30	杵築市	特別児童扶養手当	https://www.city.kitsuki.lg.jp/soshiki/1/fukusi/kitsukikosodatesien/hitorioyahattatusien/kodomonohattatusien/10924.html	特別児童扶養手当／杵築市 スマートフォン版を表示 本文へ Foreign language 携帯サイト 文字サイズ 背景色 PCサイト Foreign language キーワードで探す トップページへ くらしの情報 健康・福祉 教育・子育て 観光・歴史 産業・ビジネス 市政・まちづくり 定住促進サイト ブランドサイト メニューを閉じる くらしの情報 健康･福祉 教育･子育て 観光･歴史 産業･ビジネス 市政･まちづくり キーワードで探す こどもの発達支援について こんなときには 転入・転出 妊娠・出産・子育て 入園・入学 就職・退職 結婚・離婚 高齢者・介護 終活・死亡・相続 税金 現在の位置 ホーム 組織で探す 市長部局 福祉事務所 子育て支援情報 ひとり親・こどもの発達支援 こどもの発達支援について 特別
40	30	杵築市	障がい者手帳取得助成金について	https://www.city.kitsuki.lg.jp/soshiki/1/fukusi/kitsukikosodatesien/hitorioyahattatusien/kodomonohattatusien/syougaihukusiseido/10915.html	障がい者手帳取得助成金について／杵築市 スマートフォン版を表示 本文へ Foreign language 携帯サイト 文字サイズ 背景色 PCサイト Foreign language キーワードで探す トップページへ くらしの情報 健康・福祉 教育・子育て 観光・歴史 産業・ビジネス 市政・まちづくり 定住促進サイト ブランドサイト メニューを閉じる くらしの情報 健康･福祉 教育･子育て 観光･歴史 産業･ビジネス 市政･まちづくり キーワードで探す 障がい福祉に関する制度・手続き こんなときには 転入・転出 妊娠・出産・子育て 入園・入学 就職・退職 結婚・離婚 高齢者・介護 終活・死亡・相続 税金 現在の位置 ホーム 組織で探す 市長部局 福祉事務所 子育て支援情報 ひとり親・こどもの発達支援 こどもの発
40	30	杵築市	杵築市在宅重度障害者住宅改造助成事業	https://www.city.kitsuki.lg.jp/soshiki/1/fukusi/kitsukikosodatesien/hitorioyahattatusien/kodomonohattatusien/syougaihukusiseido/10912.html	杵築市在宅重度障害者住宅改造助成事業／杵築市 スマートフォン版を表示 本文へ Foreign language 携帯サイト 文字サイズ 背景色 PCサイト Foreign language キーワードで探す トップページへ くらしの情報 健康・福祉 教育・子育て 観光・歴史 産業・ビジネス 市政・まちづくり 定住促進サイト ブランドサイト メニューを閉じる くらしの情報 健康･福祉 教育･子育て 観光･歴史 産業･ビジネス 市政･まちづくり キーワードで探す 障がい福祉に関する制度・手続き こんなときには 転入・転出 妊娠・出産・子育て 入園・入学 就職・退職 結婚・離婚 高齢者・介護 終活・死亡・相続 税金 現在の位置 ホーム 組織で探す 市長部局 福祉事務所 子育て支援情報 ひとり親・こどもの発達支援 こど
40	30	杵築市	重度心身障害者医療費助成	https://www.city.kitsuki.lg.jp/soshiki/1/fukusi/kitsukikosodatesien/hitorioyahattatusien/kodomonohattatusien/syougaihukusiseido/10913.html	重度心身障害者医療費助成／杵築市 スマートフォン版を表示 本文へ Foreign language 携帯サイト 文字サイズ 背景色 PCサイト Foreign language キーワードで探す トップページへ くらしの情報 健康・福祉 教育・子育て 観光・歴史 産業・ビジネス 市政・まちづくり 定住促進サイト ブランドサイト メニューを閉じる くらしの情報 健康･福祉 教育･子育て 観光･歴史 産業･ビジネス 市政･まちづくり キーワードで探す 障がい福祉に関する制度・手続き こんなときには 転入・転出 妊娠・出産・子育て 入園・入学 就職・退職 結婚・離婚 高齢者・介護 終活・死亡・相続 税金 現在の位置 ホーム 組織で探す 市長部局 福祉事務所 子育て支援情報 ひとり親・こどもの発達支援 こどもの発達支援
40	30	杵築市	妊婦支援給付金	https://www.city.kitsuki.lg.jp/soshiki/1/fukusi/kitsukikosodatesien/keizaitekisien/11305.html	妊婦支援給付金／杵築市 スマートフォン版を表示 本文へ Foreign language 携帯サイト 文字サイズ 背景色 PCサイト Foreign language キーワードで探す トップページへ くらしの情報 健康・福祉 教育・子育て 観光・歴史 産業・ビジネス 市政・まちづくり 定住促進サイト ブランドサイト メニューを閉じる くらしの情報 健康･福祉 教育･子育て 観光･歴史 産業･ビジネス 市政･まちづくり キーワードで探す 経済的な支援について こんなときには 転入・転出 妊娠・出産・子育て 入園・入学 就職・退職 結婚・離婚 高齢者・介護 終活・死亡・相続 税金 現在の位置 ホーム 組織で探す 市長部局 福祉事務所 子育て支援情報 経済的な支援について 妊婦支援給付金 妊婦支援給付金 Tweet
40	28	杵築市	移住・定住支援情報	https://www.city.kitsuki.lg.jp/teijuusokushin/kitsuki/index.html	移住・定住支援情報／杵築市 本文へ移動 Foreign Language 文字サイズ 背景色変更 杵築市サイトへ きつきで暮らす きつきで働く きつきで子育て 空家バンク Q&A Foreign Language きつきで子育て きつきで働く きつきで暮らす 空家バンク Q&A 空き家バンク 先輩移住者の声 メニューを閉じる 現在のページ ホーム 定住促進サイト 移住・定住支援情報 移住・定住支援情報 Tweet 更新日：2026年04月01日 制度や事業の詳細は、担当課にお問い合わせください。 1.定住促進補助金 新規に住宅を建築・購入した方への補助金を交付します。 ※200万円以上の物件に限ります。 事業・助成の内容等 市内在住者：10万円 転入者（県内）：15万円 移住者（県外）：20万円 18歳未満の子
40	26	杵築市	マイナンバーカード申請補助サービスについて	https://www.city.kitsuki.lg.jp/kurashi/my_number/7133.html	マイナンバーカード申請補助サービスについて／杵築市 スマートフォン版を表示 本文へ Foreign language 携帯サイト 文字サイズ 背景色 PCサイト Foreign language キーワードで探す トップページへ くらしの情報 健康・福祉 教育・子育て 観光・歴史 産業・ビジネス 市政・まちづくり 定住促進サイト ブランドサイト メニューを閉じる くらしの情報 健康･福祉 教育･子育て 観光･歴史 産業･ビジネス 市政･まちづくり キーワードで探す マイナンバー制度 こんなときには 転入・転出 妊娠・出産・子育て 入園・入学 就職・退職 結婚・離婚 高齢者・介護 終活・死亡・相続 税金 現在の位置 ホーム くらしの情報 マイナンバー制度 マイナンバーカード申請補助サービスについて マイナンバーカ
40	26	豊後高田市	応急手当	https://www.city.bungotakada.oita.jp/soshiki/32/2011.html	応急手当 - 豊後高田市ホームページ ページの先頭です。 メニューを飛ばして本文へ メニュー --> 豊後高田市の魅力 ヘルプ メニュー 本文へ 本文へ --> 検索 文字サイズ・色合い変更 文字サイズ 標準 拡大 背景色変更 白 黒 青 Translate 防災 当番医 サイト内 検索 Googleカスタム検索 詳しく さがす ID検索(ページの番号を入れてください) ID検索 注目ワード 住みたい田舎 子育て支援 昭和の町 ふるさと納税 休日当番医 ごみ検索 住民票・戸籍・印鑑登録 申請・届出 よくある質問 イベントカレンダー 一時保存する メニュー くらし・手続き 子育て・教育 健康・福祉 移住・定住 観光・イベント 市政 現在地 トップページ > 組織でさがす > 高田庁舎 > 消防本部・消防署 > 応
39	30	津久見市	出会い応援助成金	https://www.city.tsukumi.oita.jp/soshiki/6/27191.html	出会い応援助成金 - 津久見市公式ホームページ ページの先頭です。 メニューを飛ばして本文へ メニュー 本文へ Foreign language 背景色・文字サイズ 背景色 白 黒 青 文字サイズ 標準 拡大 キーワード検索 詳細検索 分類でさがす 組織でさがす カレンダーでさがす 注目 防災 子育て マイナンバーカード ごみ くらし しごと 観光 市政・議会 現在地 トップページ > 分類でさがす > くらしの情報 > ライフステージ > 結婚・離婚 > 出会い応援助成金 本文 出会い応援助成金 印刷ページ表示 更新日：2024年5月24日更新 婚活に取り組む独身者を支援します！ 津久見市では、結婚を望む人への多様な出会いの場の創出を支援するため、新たに助成金を交付する制度を始めました。大分県が運営する『OI
39	30	津久見市	大分県令和７年度補助事業について(大分県商業・サービス業振興課)	https://www.city.tsukumi.oita.jp/soshiki/6/30136.html	大分県令和７年度補助事業について(大分県商業・サービス業振興課) - 津久見市公式ホームページ ページの先頭です。 メニューを飛ばして本文へ メニュー 本文へ Foreign language 背景色・文字サイズ 背景色 白 黒 青 文字サイズ 標準 拡大 キーワード検索 詳細検索 分類でさがす 組織でさがす カレンダーでさがす 注目 防災 子育て マイナンバーカード ごみ くらし しごと 観光 市政・議会 現在地 トップページ > 組織でさがす > 本庁 > 商工観光・定住推進課 > 大分県令和７年度補助事業について(大分県商業・サービス業振興課) 本文 大分県令和７年度補助事業について(大分県商業・サービス業振興課) 印刷ページ表示 更新日：2025年5月27日更新 大分県商業・サービス業振興課の令和７年度
39	30	豊後高田市	【申込期限 7月27日（月曜日）まで】大分県子育て支援員研修(地域保育コース・地域型保育) の受講者募集について（8～9月開催）	https://www.city.bungotakada.oita.jp/site/kosodate-kyoiku/17913.html	【申込期限 7月27日（月曜日）まで】大分県子育て支援員研修(地域保育コース・地域型保育) の受講者募集について（8～9月開催） - ぶんごたかだの子育てサイト - 豊後高田市ホームページ ページの先頭です。 メニューを飛ばして本文へ 検索 メニュー 本文へ 文字サイズ・色合い変更 文字サイズ 標準 拡大 背景色変更 白 黒 青 translate サイト内 検索 Googleカスタム検索 詳しく さがす ID検索(ページの番号を入れてください) 注目ワード オンライン手続き 子育て支援 休日当番医情報 現在地 トップページ > ぶんごたかだの子育てサイト > 目的別 > 保育園・幼稚園 > 【申込期限 7月27日（月曜日）まで】大分県子育て支援員研修(地域保育コース・地域型保育) の受講者募集について（8～9
39	30	豊後高田市	令和8年度☆キラリなトピックス	https://www.city.bungotakada.oita.jp/site/kosodate-kyoiku/42078.html	令和8年度☆キラリなトピックス - ぶんごたかだの子育てサイト - 豊後高田市ホームページ ページの先頭です。 メニューを飛ばして本文へ 検索 メニュー 本文へ 文字サイズ・色合い変更 文字サイズ 標準 拡大 背景色変更 白 黒 青 translate サイト内 検索 Googleカスタム検索 詳しく さがす ID検索(ページの番号を入れてください) 注目ワード オンライン手続き 子育て支援 休日当番医情報 現在地 トップページ > ぶんごたかだの子育てサイト > 目的別 > 保育園・幼稚園 > 令和8年度☆キラリなトピックス 本文 令和8年度☆キラリなトピックス ページID：0042078 更新日：2026年7月3日更新 印刷ページ表示 入園式 [PDFファイル／840KB] 親子ふれあい参観（運動遊び） [
39	30	豊後高田市	豊後高田市通学路交通安全プログラム	https://www.city.bungotakada.oita.jp/site/kosodate-kyoiku/2007.html	豊後高田市通学路交通安全プログラム - ぶんごたかだの子育てサイト - 豊後高田市ホームページ ページの先頭です。 メニューを飛ばして本文へ 検索 メニュー 本文へ 文字サイズ・色合い変更 文字サイズ 標準 拡大 背景色変更 白 黒 青 translate サイト内 検索 Googleカスタム検索 詳しく さがす ID検索(ページの番号を入れてください) 注目ワード オンライン手続き 子育て支援 休日当番医情報 現在地 トップページ > 分類でさがす > くらし > 消防・防災・安全 > 防犯・交通安全 > ぶんごたかだの子育てサイト > 目的別 > 学校・教育 > 豊後高田市通学路交通安全プログラム 本文 豊後高田市通学路交通安全プログラム ページID：0002007 更新日：2026年6月1日更新 印刷ペー
39	25	臼杵市	応急手当WEB講習	https://www.city.usuki.oita.jp/docs/2020071300067/	応急手当WEB講習 | 臼杵市役所 本文へ ふりがなをつける --> 文字の大きさ 拡大 標準 縮小 背景色 黒 青 標準 読み上げる 臼杵市 メニュー サイトマップ お問合せ 総合トップ 市民向け 観光 ふるさと納税 移住・定住 事業者向け 他のカテゴリも表示する TOP カテゴリ 市民向け 防災 火災・救急 応急手当WEB講習 TOP カテゴリ 市民向け 防災 火災・救急 臼杵市消防本部 応急手当・医療情報 TOP カテゴリ 区分 コンテンツ 応急手当WEB講習 公開日 2020年7月13日 更新日 2024年3月18日 応急手当WEB講習 臼杵市消防本部では、e-ラーニングを活用した「市民向け応急手当WEB講習」を導入しました。 これは、インターネット上で、どなたでも見て学び受講できる応急手当講習です。
39	25	臼杵市	厚生労働省より小学校休業等対応助成金・支援金の延長について発表がありました	https://www.city.usuki.oita.jp/article/2020040200077/	厚生労働省より小学校休業等対応助成金・支援金の延長について発表がありました | 臼杵市役所 本文へ ふりがなをつける --> 文字の大きさ 拡大 標準 縮小 背景色 黒 青 標準 読み上げる 臼杵市 メニュー サイトマップ お問合せ 総合トップ 市民向け 観光 ふるさと納税 移住・定住 事業者向け 他のカテゴリも表示する TOP カテゴリ 区分 新着情報 厚生労働省より小学校休業等対応助成金・支援金の延長について発表がありました 公開日 2020年4月2日 更新日 2020年4月2日 厚生労働省より、小学校休業等対応助成金・支援金の延長に関する発表がありましたのでお知らせいたします。 厚生労働省ホームページはこちら お問合せ 秘書・総合政策課 各課の担当業務や直通電話、メールフォームによるお問い合わせは こちら
39	25	杵築市	保育園・こども園・幼稚園への入園	https://www.city.kitsuki.lg.jp/shinseisho/kosodate/11282.html	保育園・こども園・幼稚園への入園／杵築市 スマートフォン版を表示 本文へ Foreign language 携帯サイト 文字サイズ 背景色 PCサイト Foreign language キーワードで探す トップページへ くらしの情報 健康・福祉 教育・子育て 観光・歴史 産業・ビジネス 市政・まちづくり 定住促進サイト ブランドサイト メニューを閉じる くらしの情報 健康･福祉 教育･子育て 観光･歴史 産業･ビジネス 市政･まちづくり キーワードで探す 子育て関連 こんなときには 転入・転出 妊娠・出産・子育て 入園・入学 就職・退職 結婚・離婚 高齢者・介護 終活・死亡・相続 税金 現在の位置 ホーム 申請書ダウンロード 子育て関連 保育園・こども園・幼稚園への入園 保育園・こども園・幼稚園への入園 Twe
39	25	杵築市	居宅介護支援事業所の指定等に係る様式	https://www.city.kitsuki.lg.jp/shinseisho/koureisha_kaigo/3985.html	居宅介護支援事業所の指定等に係る様式／杵築市 スマートフォン版を表示 本文へ Foreign language 携帯サイト 文字サイズ 背景色 PCサイト Foreign language キーワードで探す トップページへ くらしの情報 健康・福祉 教育・子育て 観光・歴史 産業・ビジネス 市政・まちづくり 定住促進サイト ブランドサイト メニューを閉じる くらしの情報 健康･福祉 教育･子育て 観光･歴史 産業･ビジネス 市政･まちづくり キーワードで探す 高齢者福祉・介護関連 こんなときには 転入・転出 妊娠・出産・子育て 入園・入学 就職・退職 結婚・離婚 高齢者・介護 終活・死亡・相続 税金 現在の位置 ホーム 申請書ダウンロード 高齢者福祉・介護関連 居宅介護支援事業所の指定等に係る様式 居宅介護支援
39	25	豊後高田市	年金生活者支援給付金について	https://www.city.bungotakada.oita.jp/soshiki/8/2464.html	年金生活者支援給付金について - 豊後高田市ホームページ ページの先頭です。 メニューを飛ばして本文へ メニュー --> 豊後高田市の魅力 ヘルプ メニュー 本文へ 本文へ --> 検索 文字サイズ・色合い変更 文字サイズ 標準 拡大 背景色変更 白 黒 青 Translate 防災 当番医 サイト内 検索 Googleカスタム検索 詳しく さがす ID検索(ページの番号を入れてください) ID検索 注目ワード 住みたい田舎 子育て支援 昭和の町 ふるさと納税 休日当番医 ごみ検索 住民票・戸籍・印鑑登録 申請・届出 よくある質問 イベントカレンダー 一時保存する メニュー くらし・手続き 子育て・教育 健康・福祉 移住・定住 観光・イベント 市政 現在地 トップページ > 組織でさがす > 高田庁舎 > 保険
39	18	杵築市	国民健康保険 療養費	https://www.city.kitsuki.lg.jp/kenkofukushi/kenkou_iryou/1/2705.html	国民健康保険 療養費／杵築市 スマートフォン版を表示 本文へ Foreign language 携帯サイト 文字サイズ 背景色 PCサイト Foreign language キーワードで探す トップページへ くらしの情報 健康・福祉 教育・子育て 観光・歴史 産業・ビジネス 市政・まちづくり 定住促進サイト ブランドサイト メニューを閉じる くらしの情報 健康･福祉 教育･子育て 観光･歴史 産業･ビジネス 市政･まちづくり キーワードで探す 医療費・補助 こんなときには 転入・転出 妊娠・出産・子育て 入園・入学 就職・退職 結婚・離婚 高齢者・介護 終活・死亡・相続 税金 現在の位置 ホーム 健康・福祉 健康・医療 医療費・補助 国民健康保険 療養費 国民健康保険 療養費 Tweet 更新日：2025年09
39	18	杵築市	高額療養費について	https://www.city.kitsuki.lg.jp/kenkofukushi/kenkou_iryou/1/2703.html	高額療養費について／杵築市 スマートフォン版を表示 本文へ Foreign language 携帯サイト 文字サイズ 背景色 PCサイト Foreign language キーワードで探す トップページへ くらしの情報 健康・福祉 教育・子育て 観光・歴史 産業・ビジネス 市政・まちづくり 定住促進サイト ブランドサイト メニューを閉じる くらしの情報 健康･福祉 教育･子育て 観光･歴史 産業･ビジネス 市政･まちづくり キーワードで探す 医療費・補助 こんなときには 転入・転出 妊娠・出産・子育て 入園・入学 就職・退職 結婚・離婚 高齢者・介護 終活・死亡・相続 税金 現在の位置 ホーム 健康・福祉 健康・医療 医療費・補助 高額療養費について 高額療養費について Tweet 更新日：2026年04月01
38	24	杵築市	自立支援医療(更生医療)の給付	https://www.city.kitsuki.lg.jp/shinseisho/fukushi/9831.html	自立支援医療(更生医療)の給付／杵築市 スマートフォン版を表示 本文へ Foreign language 携帯サイト 文字サイズ 背景色 PCサイト Foreign language キーワードで探す トップページへ くらしの情報 健康・福祉 教育・子育て 観光・歴史 産業・ビジネス 市政・まちづくり 定住促進サイト ブランドサイト メニューを閉じる くらしの情報 健康･福祉 教育･子育て 観光･歴史 産業･ビジネス 市政･まちづくり キーワードで探す 福祉関連 こんなときには 転入・転出 妊娠・出産・子育て 入園・入学 就職・退職 結婚・離婚 高齢者・介護 終活・死亡・相続 税金 現在の位置 ホーム 申請書ダウンロード 福祉関連 自立支援医療(更生医療)の給付 自立支援医療(更生医療)の給付 Tweet 更新
38	24	豊後高田市	豊後高田市定額減税補足給付金の振込通帳への表記について	https://www.city.bungotakada.oita.jp/soshiki/24/26999.html	豊後高田市定額減税補足給付金の振込通帳への表記について - 豊後高田市ホームページ ページの先頭です。 メニューを飛ばして本文へ メニュー --> 豊後高田市の魅力 ヘルプ メニュー 本文へ 本文へ --> 検索 文字サイズ・色合い変更 文字サイズ 標準 拡大 背景色変更 白 黒 青 Translate 防災 当番医 サイト内 検索 Googleカスタム検索 詳しく さがす ID検索(ページの番号を入れてください) ID検索 注目ワード 住みたい田舎 子育て支援 昭和の町 ふるさと納税 休日当番医 ごみ検索 住民票・戸籍・印鑑登録 申請・届出 よくある質問 イベントカレンダー 一時保存する メニュー くらし・手続き 子育て・教育 健康・福祉 移住・定住 観光・イベント 市政 現在地 トップページ > 分類でさが
38	21	杵築市	入園に必要な書類について	https://www.city.kitsuki.lg.jp/soshiki/7/kyoiku_soumu/2/1/2/7620.html	入園に必要な書類について／杵築市 スマートフォン版を表示 本文へ Foreign language 携帯サイト 文字サイズ 背景色 PCサイト Foreign language キーワードで探す トップページへ くらしの情報 健康・福祉 教育・子育て 観光・歴史 産業・ビジネス 市政・まちづくり 定住促進サイト ブランドサイト メニューを閉じる くらしの情報 健康･福祉 教育･子育て 観光･歴史 産業･ビジネス 市政･まちづくり キーワードで探す 子育て こんなときには 転入・転出 妊娠・出産・子育て 入園・入学 就職・退職 結婚・離婚 高齢者・介護 終活・死亡・相続 税金 現在の位置 ホーム 組織で探す 教育委員会 教育総務課 総務係 教育・子育て 子育て 入園に必要な書類について 入園に必要な書類について
37	40	杵築市	子育て支援情報	https://www.city.kitsuki.lg.jp/teijuusokushin/kitsukidekosodate/index.html	子育て支援情報／杵築市 本文へ移動 Foreign Language 文字サイズ 背景色変更 杵築市サイトへ きつきで暮らす きつきで働く きつきで子育て 空家バンク Q&A Foreign Language きつきで子育て きつきで働く きつきで暮らす 空家バンク Q&A 空き家バンク 先輩移住者の声 メニューを閉じる 現在のページ ホーム 定住促進サイト 子育て支援情報 子育て支援情報 Tweet 更新日：2026年04月01日 制度や事業の詳細は、担当課にお問い合わせください。 1．市指定ごみ袋（オムツ処理用）の支給（市民生活課） 赤ちゃんのオムツ処理のため、赤ちゃん1人につき1回、出生時または転入時に市指定のごみ袋を支給します。 事業・助成の内容等 もやすゴミ袋（1ロール 大10枚入または小20枚入）を
37	23	臼杵市	母子・父子・寡婦福祉資金の貸付制度	https://www.city.usuki.oita.jp/docs/2014020500554/	母子・父子・寡婦福祉資金の貸付制度 | 臼杵市役所 本文へ ふりがなをつける --> 文字の大きさ 拡大 標準 縮小 背景色 黒 青 標準 読み上げる 臼杵市 メニュー サイトマップ お問合せ 総合トップ 市民向け 観光 ふるさと納税 移住・定住 事業者向け 他のカテゴリも表示する TOP カテゴリ 市民向け 医療・健康・福祉・保険・年金 母子・父子のための福祉 TOP カテゴリ 市民向け ライフイベント 妊娠・出産・子育て 手当・助成 TOP カテゴリ 区分 コンテンツ 母子・父子・寡婦福祉資金の貸付制度 公開日 2019年2月14日 更新日 2025年4月22日 母子家庭の母および父子家庭の父、並びに寡婦の生活の支援に繋がること、併せてお子さんの福祉を推進するため、扶養する子どもの修学のための資金、母および
36	26	臼杵市	障害児福祉手当	https://www.city.usuki.oita.jp/docs/2014021300092/	障害児福祉手当 | 臼杵市役所 本文へ ふりがなをつける --> 文字の大きさ 拡大 標準 縮小 背景色 黒 青 標準 読み上げる 臼杵市 メニュー サイトマップ お問合せ 総合トップ 市民向け 観光 ふるさと納税 移住・定住 事業者向け 他のカテゴリも表示する TOP カテゴリ 市民向け 医療・健康・福祉・保険・年金 子育て支援 TOP カテゴリ 市民向け ライフイベント 妊娠・出産・子育て 手当・助成 TOP カテゴリ 市民向け ちあぽーと 小学生 障がい福祉 TOP カテゴリ 市民向け ちあぽーと 0～2歳のころ 障がい福祉 TOP カテゴリ 市民向け ちあぽーと 3～6歳のころ（未就学） 障がい福祉 TOP カテゴリ 市民向け ちあぽーと 中学生・高校生 高校生 障がい福祉 TOP カテゴリ 市民向け
36	26	杵築市	『将来の安定した老後生活』のために農業者年金に加入しましょう	https://www.city.kitsuki.lg.jp/sangyobijinesu/nourinsuisangyou/1/3391.html	『将来の安定した老後生活』のために農業者年金に加入しましょう／杵築市 スマートフォン版を表示 本文へ Foreign language 携帯サイト 文字サイズ 背景色 PCサイト Foreign language キーワードで探す トップページへ くらしの情報 健康・福祉 教育・子育て 観光・歴史 産業・ビジネス 市政・まちづくり 定住促進サイト ブランドサイト メニューを閉じる くらしの情報 健康･福祉 教育･子育て 観光･歴史 産業･ビジネス 市政･まちづくり キーワードで探す 農林業 こんなときには 転入・転出 妊娠・出産・子育て 入園・入学 就職・退職 結婚・離婚 高齢者・介護 終活・死亡・相続 税金 現在の位置 ホーム 産業・ビジネス 農林水産業 農林業 『将来の安定した老後生活』のために農業者年金に
36	22	杵築市	障がい福祉サービス・児童通所支援関係書式（申請書・委任状・過誤申立書）	https://www.city.kitsuki.lg.jp/kenkofukushi/shougaifukushi/4077.html	障がい福祉サービス・児童通所支援関係書式（申請書・委任状・過誤申立書）／杵築市 スマートフォン版を表示 本文へ Foreign language 携帯サイト 文字サイズ 背景色 PCサイト Foreign language キーワードで探す トップページへ くらしの情報 健康・福祉 教育・子育て 観光・歴史 産業・ビジネス 市政・まちづくり 定住促進サイト ブランドサイト メニューを閉じる くらしの情報 健康･福祉 教育･子育て 観光･歴史 産業･ビジネス 市政･まちづくり キーワードで探す 障がい福祉 こんなときには 転入・転出 妊娠・出産・子育て 入園・入学 就職・退職 結婚・離婚 高齢者・介護 終活・死亡・相続 税金 現在の位置 ホーム 健康・福祉 障がい福祉 障がい福祉サービス・児童通所支援関係書式（申
36	22	杵築市	障がい福祉サービス・児童通所支援関係書式（申請書・委任状・過誤申立書）	https://www.city.kitsuki.lg.jp/shinseisho/fukushi/9832.html	障がい福祉サービス・児童通所支援関係書式（申請書・委任状・過誤申立書）／杵築市 スマートフォン版を表示 本文へ Foreign language 携帯サイト 文字サイズ 背景色 PCサイト Foreign language キーワードで探す トップページへ くらしの情報 健康・福祉 教育・子育て 観光・歴史 産業・ビジネス 市政・まちづくり 定住促進サイト ブランドサイト メニューを閉じる くらしの情報 健康･福祉 教育･子育て 観光･歴史 産業･ビジネス 市政･まちづくり キーワードで探す 福祉関連 こんなときには 転入・転出 妊娠・出産・子育て 入園・入学 就職・退職 結婚・離婚 高齢者・介護 終活・死亡・相続 税金 現在の位置 ホーム 申請書ダウンロード 福祉関連 障がい福祉サービス・児童通所支援関係書式
36	22	豊後高田市	がんばる高校生通学応援金（バス通学支援制度）	https://www.city.bungotakada.oita.jp/soshiki/5/2009.html	がんばる高校生通学応援金（バス通学支援制度） - 豊後高田市ホームページ ページの先頭です。 メニューを飛ばして本文へ メニュー --> 豊後高田市の魅力 ヘルプ メニュー 本文へ 本文へ --> 検索 文字サイズ・色合い変更 文字サイズ 標準 拡大 背景色変更 白 黒 青 Translate 防災 当番医 サイト内 検索 Googleカスタム検索 詳しく さがす ID検索(ページの番号を入れてください) ID検索 注目ワード 住みたい田舎 子育て支援 昭和の町 ふるさと納税 休日当番医 ごみ検索 住民票・戸籍・印鑑登録 申請・届出 よくある質問 イベントカレンダー 一時保存する メニュー くらし・手続き 子育て・教育 健康・福祉 移住・定住 観光・イベント 市政 現在地 トップページ > 分類でさがす > く
35	30	豊後高田市	未就学児が日常的に集団で移動する経路の緊急安全点検を踏まえた対策箇所の公表について	https://www.city.bungotakada.oita.jp/site/kosodate-kyoiku/2611.html	未就学児が日常的に集団で移動する経路の緊急安全点検を踏まえた対策箇所の公表について - ぶんごたかだの子育てサイト - 豊後高田市ホームページ ページの先頭です。 メニューを飛ばして本文へ 検索 メニュー 本文へ 文字サイズ・色合い変更 文字サイズ 標準 拡大 背景色変更 白 黒 青 translate サイト内 検索 Googleカスタム検索 詳しく さがす ID検索(ページの番号を入れてください) 注目ワード オンライン手続き 子育て支援 休日当番医情報 現在地 トップページ > 分類でさがす > くらし > 消防・防災・安全 > 防犯・交通安全 > ぶんごたかだの子育てサイト > 目的別 > 保育園・幼稚園 > 未就学児が日常的に集団で移動する経路の緊急安全点検を踏まえた対策箇所の公表について 本文 未就
35	25	杵築市	居宅介護支援事業所の指定等に係る様式	https://www.city.kitsuki.lg.jp/kenkofukushi/koureisha_kaigo/service/4068.html	居宅介護支援事業所の指定等に係る様式／杵築市 スマートフォン版を表示 本文へ Foreign language 携帯サイト 文字サイズ 背景色 PCサイト Foreign language キーワードで探す トップページへ くらしの情報 健康・福祉 教育・子育て 観光・歴史 産業・ビジネス 市政・まちづくり 定住促進サイト ブランドサイト メニューを閉じる くらしの情報 健康･福祉 教育･子育て 観光･歴史 産業･ビジネス 市政･まちづくり キーワードで探す 介護サービス こんなときには 転入・転出 妊娠・出産・子育て 入園・入学 就職・退職 結婚・離婚 高齢者・介護 終活・死亡・相続 税金 現在の位置 ホーム 健康・福祉 高齢者・介護 介護サービス 居宅介護支援事業所の指定等に係る様式 居宅介護支援事業所の指
35	25	杵築市	市内の就労支援事業所パンフレットを作成しました	https://www.city.kitsuki.lg.jp/kenkofukushi/shougaifukushi/11790.html	市内の就労支援事業所パンフレットを作成しました／杵築市 スマートフォン版を表示 本文へ Foreign language 携帯サイト 文字サイズ 背景色 PCサイト Foreign language キーワードで探す トップページへ くらしの情報 健康・福祉 教育・子育て 観光・歴史 産業・ビジネス 市政・まちづくり 定住促進サイト ブランドサイト メニューを閉じる くらしの情報 健康･福祉 教育･子育て 観光･歴史 産業･ビジネス 市政･まちづくり キーワードで探す 障がい福祉 こんなときには 転入・転出 妊娠・出産・子育て 入園・入学 就職・退職 結婚・離婚 高齢者・介護 終活・死亡・相続 税金 現在の位置 ホーム 健康・福祉 障がい福祉 市内の就労支援事業所パンフレットを作成しました 市内の就労支援事業所
35	25	杵築市	母子父子寡婦福祉資金貸付金	https://www.city.kitsuki.lg.jp/soshiki/1/fukusi/kitsukikosodatesien/hitorioyahattatusien/hitorioyasien/10929.html	母子父子寡婦福祉資金貸付金／杵築市 スマートフォン版を表示 本文へ Foreign language 携帯サイト 文字サイズ 背景色 PCサイト Foreign language キーワードで探す トップページへ くらしの情報 健康・福祉 教育・子育て 観光・歴史 産業・ビジネス 市政・まちづくり 定住促進サイト ブランドサイト メニューを閉じる くらしの情報 健康･福祉 教育･子育て 観光･歴史 産業･ビジネス 市政･まちづくり キーワードで探す ひとり親の支援について こんなときには 転入・転出 妊娠・出産・子育て 入園・入学 就職・退職 結婚・離婚 高齢者・介護 終活・死亡・相続 税金 現在の位置 ホーム 組織で探す 市長部局 福祉事務所 子育て支援情報 ひとり親・こどもの発達支援 ひとり親の支援について
35	21	臼杵市	老人クラブ助成事業	https://www.city.usuki.oita.jp/docs/2014020600797/	老人クラブ助成事業 | 臼杵市役所 本文へ ふりがなをつける --> 文字の大きさ 拡大 標準 縮小 背景色 黒 青 標準 読み上げる 臼杵市 メニュー サイトマップ お問合せ 総合トップ 市民向け 観光 ふるさと納税 移住・定住 事業者向け 他のカテゴリも表示する TOP カテゴリ 市民向け 医療・健康・福祉・保険・年金 高齢者のための福祉 TOP カテゴリ 市民向け ライフイベント 介護・高齢者など 高齢者のための福祉 TOP カテゴリ 区分 コンテンツ 老人クラブ助成事業 公開日 2019年2月5日 更新日 2026年3月17日 市内の老人クラブが行う奉仕活動、教養講座、健康増進運動を支援するため、活動費の助成を行います。 補助金申請書類様式 申請書類 ①補助金交付申請書[DOCX：11.5KB] ②事業
35	18	杵築市	医療療養病床入院時の居住費について	https://www.city.kitsuki.lg.jp/kenkofukushi/kenkou_iryou/1/2709.html	医療療養病床入院時の居住費について／杵築市 スマートフォン版を表示 本文へ Foreign language 携帯サイト 文字サイズ 背景色 PCサイト Foreign language キーワードで探す トップページへ くらしの情報 健康・福祉 教育・子育て 観光・歴史 産業・ビジネス 市政・まちづくり 定住促進サイト ブランドサイト メニューを閉じる くらしの情報 健康･福祉 教育･子育て 観光･歴史 産業･ビジネス 市政･まちづくり キーワードで探す 医療費・補助 こんなときには 転入・転出 妊娠・出産・子育て 入園・入学 就職・退職 結婚・離婚 高齢者・介護 終活・死亡・相続 税金 現在の位置 ホーム 健康・福祉 健康・医療 医療費・補助 医療療養病床入院時の居住費について 医療療養病床入院時の居住費に
35	18	杵築市	入院時食事（生活）療養費について	https://www.city.kitsuki.lg.jp/kenkofukushi/kenkou_iryou/1/2701.html	入院時食事（生活）療養費について／杵築市 スマートフォン版を表示 本文へ Foreign language 携帯サイト 文字サイズ 背景色 PCサイト Foreign language キーワードで探す トップページへ くらしの情報 健康・福祉 教育・子育て 観光・歴史 産業・ビジネス 市政・まちづくり 定住促進サイト ブランドサイト メニューを閉じる くらしの情報 健康･福祉 教育･子育て 観光･歴史 産業･ビジネス 市政･まちづくり キーワードで探す 医療費・補助 こんなときには 転入・転出 妊娠・出産・子育て 入園・入学 就職・退職 結婚・離婚 高齢者・介護 終活・死亡・相続 税金 現在の位置 ホーム 健康・福祉 健康・医療 医療費・補助 入院時食事（生活）療養費について 入院時食事（生活）療養費について
35	18	杵築市	入院時食事（生活）療養費について（後期高齢者医療）	https://www.city.kitsuki.lg.jp/kenkofukushi/kenkou_iryou/1/2702.html	入院時食事（生活）療養費について（後期高齢者医療）／杵築市 スマートフォン版を表示 本文へ Foreign language 携帯サイト 文字サイズ 背景色 PCサイト Foreign language キーワードで探す トップページへ くらしの情報 健康・福祉 教育・子育て 観光・歴史 産業・ビジネス 市政・まちづくり 定住促進サイト ブランドサイト メニューを閉じる くらしの情報 健康･福祉 教育･子育て 観光･歴史 産業･ビジネス 市政･まちづくり キーワードで探す 医療費・補助 こんなときには 転入・転出 妊娠・出産・子育て 入園・入学 就職・退職 結婚・離婚 高齢者・介護 終活・死亡・相続 税金 現在の位置 ホーム 健康・福祉 健康・医療 医療費・補助 入院時食事（生活）療養費について（後期高齢者医療
34	30	臼杵市	臼杵市への移住・定住を応援します!	https://www.city.usuki.oita.jp/docs/2015040900102/	臼杵市への移住・定住を応援します! | 臼杵市役所 本文へ ふりがなをつける --> 文字の大きさ 拡大 標準 縮小 背景色 黒 青 標準 読み上げる 臼杵市 メニュー サイトマップ お問合せ 総合トップ 市民向け 観光 ふるさと納税 移住・定住 事業者向け 他のカテゴリも表示する TOP カテゴリ 市民向け 移住支援 TOP カテゴリ 市民向け 生活 住まい TOP カテゴリ 市民向け ライフイベント 住まい TOP カテゴリ 区分 コンテンツ 臼杵市への移住・定住を応援します! 公開日 2019年4月1日 更新日 2026年4月1日 定住促進のための住居支援制度 臼杵市に定住を目的に転入してくる方や市内にある空き家に住もうとする方、また二世代・三世代で同居を始めようとする方などの住まいに関する支援制度を充実
34	30	臼杵市	骨髄移植ドナー等支援事業	https://www.city.usuki.oita.jp/article/2017103100016/	骨髄移植ドナー等支援事業 | 臼杵市役所 本文へ ふりがなをつける --> 文字の大きさ 拡大 標準 縮小 背景色 黒 青 標準 読み上げる 臼杵市 メニュー サイトマップ お問合せ 総合トップ 市民向け 観光 ふるさと納税 移住・定住 事業者向け 他のカテゴリも表示する TOP カテゴリ 市民向け 医療・健康・福祉・保険・年金 その他 TOP カテゴリ 区分 新着情報 骨髄移植ドナー等支援事業 公開日 2017年11月2日 更新日 2021年1月27日 骨髄又は末梢血管細胞(以下「骨髄等」といいます。)の提供を行った方(以下「ドナー」といいます。)とドナーを雇用している事業所に対して助成金を交付します。 概要は、下記のとおりです。 ※ドナーは就労者以外の学生等も含まれます。 1 助成対象者と助成金の額 ドナー
34	30	臼杵市	おおいた子育てほっとクーポン	https://www.city.usuki.oita.jp/docs/2016082400032/	おおいた子育てほっとクーポン | 臼杵市役所 本文へ ふりがなをつける --> 文字の大きさ 拡大 標準 縮小 背景色 黒 青 標準 読み上げる 臼杵市 メニュー サイトマップ お問合せ 総合トップ 市民向け 観光 ふるさと納税 移住・定住 事業者向け 他のカテゴリも表示する TOP カテゴリ 市民向け 医療・健康・福祉・保険・年金 子育て支援 TOP カテゴリ 市民向け ちあぽーと 0～2歳のころ 手当・助成 TOP カテゴリ 市民向け ちあぽーと 3～6歳のころ（未就学） 手当・助成 TOP カテゴリ 市民向け ライフイベント 妊娠・出産・子育て 手当・助成 TOP カテゴリ 区分 コンテンツ おおいた子育てほっとクーポン 公開日 2019年2月14日 更新日 2023年5月1日 臼杵市では、地域の子育て支
34	30	津久見市	妊婦のための支援給付	https://www.city.tsukumi.oita.jp/site/kosodate/23567.html	妊婦のための支援給付 - 津久見市公式ホームページ ページの先頭です。 メニューを飛ばして本文へ メニュー 検索 本文へ はじめての方へ Foreign language 背景色・文字サイズ 背景色 白 黒 青 文字サイズ 標準 拡大 目的でさがす 年齢でさがす 施設 休日・夜間当番医 イベントカレンダー キーワード検索 現在地 トップページ > 津久見市子育て応援サイト「つくみっこ」 > 年齢でさがす > 生まれるまで > 妊婦のための支援給付 本文 妊婦のための支援給付 印刷ページ表示 更新日：2025年4月1日更新 令和７年４月１日より、「子ども・子育て支援法」に基づき、「妊婦のための支援給付」が新たに創設されました。対象の妊婦さんには、「妊婦支援給付金」を支給します。 津久見市では、妊娠期から出産・子育
34	30	津久見市	母子・父子福祉	https://www.city.tsukumi.oita.jp/soshiki/20/269.html	母子・父子福祉 - 津久見市公式ホームページ ページの先頭です。 メニューを飛ばして本文へ メニュー 本文へ Foreign language 背景色・文字サイズ 背景色 白 黒 青 文字サイズ 標準 拡大 キーワード検索 詳細検索 分類でさがす 組織でさがす カレンダーでさがす 注目 防災 子育て マイナンバーカード ごみ くらし しごと 観光 市政・議会 現在地 トップページ > 分類でさがす > くらしの情報 > ライフステージ > 子育て > 母子・父子福祉 本文 母子・父子福祉 印刷ページ表示 更新日：2023年4月1日更新 母子・父子福祉 母子父子寡婦福祉資金の貸付 母子家庭及び父子家庭並びに寡婦の生活安定とその児童の福祉の向上を図るため、無利子または低利で各種資金の貸付を行っています 《貸付対象》
34	30	津久見市	空き家の解体について	https://www.city.tsukumi.oita.jp/soshiki/12/6474.html	空き家の解体について - 津久見市公式ホームページ ページの先頭です。 メニューを飛ばして本文へ メニュー 本文へ Foreign language 背景色・文字サイズ 背景色 白 黒 青 文字サイズ 標準 拡大 キーワード検索 詳細検索 分類でさがす 組織でさがす カレンダーでさがす 注目 防災 子育て マイナンバーカード ごみ くらし しごと 観光 市政・議会 現在地 トップページ > 分類でさがす > くらしの情報 > 住宅・土地・公園 > 住宅改修支援 > 空き家の解体について 本文 空き家の解体について 印刷ページ表示 更新日：2026年5月1日更新 津久見市危険空き家等除却事業補助金 津久見市では、市民の安全・安心で良好な住環境を確保するため、危険空き家等を除却する者に対し、予算の範囲内で補助をする
34	30	津久見市	子ども医療費等の助成の対象者を高校生世代までに拡大します	https://www.city.tsukumi.oita.jp/soshiki/4/25326.html	子ども医療費等の助成の対象者を高校生世代までに拡大します - 津久見市公式ホームページ ページの先頭です。 メニューを飛ばして本文へ メニュー 本文へ Foreign language 背景色・文字サイズ 背景色 白 黒 青 文字サイズ 標準 拡大 キーワード検索 詳細検索 分類でさがす 組織でさがす カレンダーでさがす 注目 防災 子育て マイナンバーカード ごみ くらし しごと 観光 市政・議会 現在地 トップページ > 組織でさがす > 本庁 > 健康推進課 > 子ども医療費等の助成の対象者を高校生世代までに拡大します 本文 子ども医療費等の助成の対象者を高校生世代までに拡大します 印刷ページ表示 更新日：2023年9月25日更新 令和６年１月から高校生世代の医療費助成が開始されます。 子ども医療費助成制
34	24	杵築市	自立支援医療(更生医療)の給付	https://www.city.kitsuki.lg.jp/kenkofukushi/shougaifukushi/4076.html	自立支援医療(更生医療)の給付／杵築市 スマートフォン版を表示 本文へ Foreign language 携帯サイト 文字サイズ 背景色 PCサイト Foreign language キーワードで探す トップページへ くらしの情報 健康・福祉 教育・子育て 観光・歴史 産業・ビジネス 市政・まちづくり 定住促進サイト ブランドサイト メニューを閉じる くらしの情報 健康･福祉 教育･子育て 観光･歴史 産業･ビジネス 市政･まちづくり キーワードで探す 障がい福祉 こんなときには 転入・転出 妊娠・出産・子育て 入園・入学 就職・退職 結婚・離婚 高齢者・介護 終活・死亡・相続 税金 現在の位置 ホーム 健康・福祉 障がい福祉 自立支援医療(更生医療)の給付 自立支援医療(更生医療)の給付 Tweet 更新日：
34	24	杵築市	住まい(建設・購入・リフォーム)に関する情報リンク集	https://www.city.kitsuki.lg.jp/kurashi/juutaku_tochi/jutaku_kenchiku/9108.html	住まい(建設・購入・リフォーム)に関する情報リンク集／杵築市 スマートフォン版を表示 本文へ Foreign language 携帯サイト 文字サイズ 背景色 PCサイト Foreign language キーワードで探す トップページへ くらしの情報 健康・福祉 教育・子育て 観光・歴史 産業・ビジネス 市政・まちづくり 定住促進サイト ブランドサイト メニューを閉じる くらしの情報 健康･福祉 教育･子育て 観光･歴史 産業･ビジネス 市政･まちづくり キーワードで探す 住宅・建築 こんなときには 転入・転出 妊娠・出産・子育て 入園・入学 就職・退職 結婚・離婚 高齢者・介護 終活・死亡・相続 税金 現在の位置 ホーム くらしの情報 住宅・土地 住宅・建築 住まい(建設・購入・リフォーム)に関する情報リン
34	24	杵築市	住まい(建設・購入・リフォーム)に関する情報リンク集	https://www.city.kitsuki.lg.jp/kurashi/soudan/9107.html	住まい(建設・購入・リフォーム)に関する情報リンク集／杵築市 スマートフォン版を表示 本文へ Foreign language 携帯サイト 文字サイズ 背景色 PCサイト Foreign language キーワードで探す トップページへ くらしの情報 健康・福祉 教育・子育て 観光・歴史 産業・ビジネス 市政・まちづくり 定住促進サイト ブランドサイト メニューを閉じる くらしの情報 健康･福祉 教育･子育て 観光･歴史 産業･ビジネス 市政･まちづくり キーワードで探す くらしの相談 こんなときには 転入・転出 妊娠・出産・子育て 入園・入学 就職・退職 結婚・離婚 高齢者・介護 終活・死亡・相続 税金 現在の位置 ホーム くらしの情報 くらしの相談 住まい(建設・購入・リフォーム)に関する情報リンク集 住
34	17	豊後高田市	子どもの預かり	https://www.city.bungotakada.oita.jp/site/kosodate-kyoiku/list12-39.html	子どもの預かり - ぶんごたかだの子育てサイト - 豊後高田市ホームページ ページの先頭です。 メニューを飛ばして本文へ 検索 メニュー 本文へ 文字サイズ・色合い変更 文字サイズ 標準 拡大 背景色変更 白 黒 青 translate サイト内 検索 Googleカスタム検索 詳しく さがす ID検索(ページの番号を入れてください) 注目ワード オンライン手続き 子育て支援 休日当番医情報 現在地 トップページ > ぶんごたかだの子育てサイト > 目的別 > 子どもの預かり 本文 子どもの預かり 2026年6月15日更新 放課後児童クラブ 2026年4月1日更新 病児・病後児保育 2026年4月1日更新 幼児教育・保育無償化の種類 2026年4月1日更新 一時預かり 2025年9月1日更新 子育て支援員養成講
34	16	杵築市	移住・定住促進	https://www.city.kitsuki.lg.jp/kurashi/soudan/5995.html	移住・定住促進／杵築市 スマートフォン版を表示 本文へ Foreign language 携帯サイト 文字サイズ 背景色 PCサイト Foreign language キーワードで探す トップページへ くらしの情報 健康・福祉 教育・子育て 観光・歴史 産業・ビジネス 市政・まちづくり 定住促進サイト ブランドサイト メニューを閉じる くらしの情報 健康･福祉 教育･子育て 観光･歴史 産業･ビジネス 市政･まちづくり キーワードで探す くらしの相談 こんなときには 転入・転出 妊娠・出産・子育て 入園・入学 就職・退職 結婚・離婚 高齢者・介護 終活・死亡・相続 税金 現在の位置 ホーム くらしの情報 くらしの相談 移住・定住促進 移住・定住促進 住宅に関する補助金 人生まるごと応援プラン（移住定住に関する補
33	30	臼杵市	臼杵市地域生活支援事業	https://www.city.usuki.oita.jp/docs/2014020400403/	臼杵市地域生活支援事業 | 臼杵市役所 本文へ ふりがなをつける --> 文字の大きさ 拡大 標準 縮小 背景色 黒 青 標準 読み上げる 臼杵市 メニュー サイトマップ お問合せ 総合トップ 市民向け 観光 ふるさと納税 移住・定住 事業者向け 他のカテゴリも表示する TOP カテゴリ 市民向け 医療・健康・福祉・保険・年金 障がい者のための福祉 地域生活支援事業 TOP カテゴリ 区分 コンテンツ 臼杵市地域生活支援事業 公開日 2019年2月14日 更新日 2026年7月17日 相談支援事業（無料） 専門のコーディネーターがサービス利用などの相談、病院や施設などとの連携をサポートします。 相談支援会場 場所 連絡先 サポートセンター風車 障害者交流センターすくらむ TEL：0972－64－6150 地域生
33	30	津久見市	放課後児童クラブの利用料全額助成について	https://www.city.tsukumi.oita.jp/site/kosodate/24522.html	放課後児童クラブの利用料全額助成について - 津久見市公式ホームページ ページの先頭です。 メニューを飛ばして本文へ メニュー 検索 本文へ はじめての方へ Foreign language 背景色・文字サイズ 背景色 白 黒 青 文字サイズ 標準 拡大 目的でさがす 年齢でさがす 施設 休日・夜間当番医 イベントカレンダー キーワード検索 現在地 トップページ > 津久見市子育て応援サイト「つくみっこ」 > 年齢でさがす > 小学生から > 放課後児童クラブの利用料全額助成について 本文 放課後児童クラブの利用料全額助成について 印刷ページ表示 更新日：2025年4月1日更新 放課後児童クラブ利用料全額助成について 令和５年度より津久見市では子育て支援施策として放課後児童クラブ利用料（おやつ代・加算分を除く）
33	29	豊後高田市	保育園・幼稚園	https://www.city.bungotakada.oita.jp/site/kosodate-kyoiku/list12-41.html	保育園・幼稚園 - ぶんごたかだの子育てサイト - 豊後高田市ホームページ ページの先頭です。 メニューを飛ばして本文へ 検索 メニュー 本文へ 文字サイズ・色合い変更 文字サイズ 標準 拡大 背景色変更 白 黒 青 translate サイト内 検索 Googleカスタム検索 詳しく さがす ID検索(ページの番号を入れてください) 注目ワード オンライン手続き 子育て支援 休日当番医情報 現在地 トップページ > ぶんごたかだの子育てサイト > 目的別 > 保育園・幼稚園 本文 保育園・幼稚園 2026年7月17日更新 夢いろトピックス 2026年7月7日更新 【申込期限 7月27日（月曜日）まで】大分県子育て支援員研修(地域保育コース・地域型保育) の受講者募集について（8～9月開催） 2026年7月3日
33	19	杵築市	社会資本整備総合交付金事業	https://www.city.kitsuki.lg.jp/kurashi/douro_kasen_koutsuu/kotsukisei_douro/4062.html	社会資本整備総合交付金事業／杵築市 スマートフォン版を表示 本文へ Foreign language 携帯サイト 文字サイズ 背景色 PCサイト Foreign language キーワードで探す トップページへ くらしの情報 健康・福祉 教育・子育て 観光・歴史 産業・ビジネス 市政・まちづくり 定住促進サイト ブランドサイト メニューを閉じる くらしの情報 健康･福祉 教育･子育て 観光･歴史 産業･ビジネス 市政･まちづくり キーワードで探す 交通規制_道路 こんなときには 転入・転出 妊娠・出産・子育て 入園・入学 就職・退職 結婚・離婚 高齢者・介護 終活・死亡・相続 税金 現在の位置 ホーム くらしの情報 道路・河川・交通 交通規制_道路 社会資本整備総合交付金事業 社会資本整備総合交付金事業 Tw
33	16	杵築市	通常保育、預かり保育及び給食について	https://www.city.kitsuki.lg.jp/soshiki/7/kyoiku_soumu/2/1/2/7619.html	通常保育、預かり保育及び給食について／杵築市 スマートフォン版を表示 本文へ Foreign language 携帯サイト 文字サイズ 背景色 PCサイト Foreign language キーワードで探す トップページへ くらしの情報 健康・福祉 教育・子育て 観光・歴史 産業・ビジネス 市政・まちづくり 定住促進サイト ブランドサイト メニューを閉じる くらしの情報 健康･福祉 教育･子育て 観光･歴史 産業･ビジネス 市政･まちづくり キーワードで探す 子育て こんなときには 転入・転出 妊娠・出産・子育て 入園・入学 就職・退職 結婚・離婚 高齢者・介護 終活・死亡・相続 税金 現在の位置 ホーム 組織で探す 教育委員会 教育総務課 総務係 教育・子育て 子育て 通常保育、預かり保育及び給食について 通
32	26	臼杵市	子育て支援	https://www.city.usuki.oita.jp/categories/shimin/iryo/kosodate/	子育て支援 | 臼杵市役所 本文へ ふりがなをつける --> 文字の大きさ 拡大 標準 縮小 背景色 黒 青 標準 読み上げる 臼杵市 メニュー サイトマップ お問合せ 総合トップ 市民向け 観光 ふるさと納税 移住・定住 事業者向け TOP カテゴリ 市民向け 医療・健康・福祉・保険・年金 子育て支援 子育て支援 新着情報 児童扶養手当の所得限度額の引き上げ等が実施されます （ 2024年9月30日 ） 令和3年10月1日から病児保育事業の広域化とICT化が開始！ （ 2021年10月1日 ） 未就学児が日常的に集団で移動する経路の緊急安全点検等を踏まえた対策必要箇所の公表について （ 2021年4月30日 ） 臼杵市子ども・子育て総合支援センター「ちあぽーと」 病児・病後児保育 地域子育て支援拠点 家庭児童
32	26	津久見市	小学生から	https://www.city.tsukumi.oita.jp/site/kosodate/list90-336.html	小学生から - 津久見市子育て応援サイト「つくみっこ」 - 津久見市公式ホームページ ページの先頭です。 メニューを飛ばして本文へ メニュー 検索 本文へ はじめての方へ Foreign language 背景色・文字サイズ 背景色 白 黒 青 文字サイズ 標準 拡大 目的でさがす 年齢でさがす 施設 休日・夜間当番医 イベントカレンダー キーワード検索 現在地 トップページ > 津久見市子育て応援サイト「つくみっこ」 > 年齢でさがす > 小学生から 本文 小学生から 2025年4月1日更新 放課後児童クラブ・児童館 2025年4月1日更新 市外の病児保育施設を利用した際の利用料を補助します！ 2025年4月1日更新 放課後児童クラブの利用料全額助成について 2024年7月4日更新 子ども医療費助成制度のお知
32	23	津久見市	医療費・医療費助成	https://www.city.tsukumi.oita.jp/life/1/7/35/	医療費・医療費助成 - 津久見市公式ホームページ ページの先頭です。 メニューを飛ばして本文へ メニュー 本文へ Foreign language 背景色・文字サイズ 背景色 白 黒 青 文字サイズ 標準 拡大 キーワード検索 詳細検索 分類でさがす 組織でさがす カレンダーでさがす 注目 防災 子育て マイナンバーカード ごみ くらし しごと 観光 市政・議会 現在地 トップページ > 分類でさがす > くらしの情報 > 健康・医療 > 医療費・医療費助成 本文 医療費・医療費助成 気を付けましょう 2015年2月20日更新 後期高齢者医療制度を騙った不審な電話に注意してください おすすめ情報 2024年7月4日更新 子ども医療費助成制度のお知らせ 2024年4月1日更新 不妊治療費助成事業 2023年9月2
32	23	豊後高田市	融資・助成情報	https://www.city.bungotakada.oita.jp/life/4/33/101/	融資・助成情報 - 豊後高田市ホームページ ページの先頭です。 メニューを飛ばして本文へ メニュー --> 豊後高田市の魅力 ヘルプ メニュー 本文へ 本文へ --> 検索 文字サイズ・色合い変更 文字サイズ 標準 拡大 背景色変更 白 黒 青 Translate 防災 当番医 サイト内 検索 Googleカスタム検索 詳しく さがす ID検索(ページの番号を入れてください) ID検索 注目ワード 住みたい田舎 子育て支援 昭和の町 ふるさと納税 休日当番医 ごみ検索 住民票・戸籍・印鑑登録 申請・届出 よくある質問 イベントカレンダー 一時保存する メニュー くらし・手続き 子育て・教育 健康・福祉 移住・定住 観光・イベント 市政 現在地 トップページ > 分類でさがす > 市政情報 > 事業者向け情報 >
32	22	杵築市	国民健康保険の海外療養費制度	https://www.city.kitsuki.lg.jp/kurashi/hoken_nenkin/3/4053.html	国民健康保険の海外療養費制度／杵築市 スマートフォン版を表示 本文へ Foreign language 携帯サイト 文字サイズ 背景色 PCサイト Foreign language キーワードで探す トップページへ くらしの情報 健康・福祉 教育・子育て 観光・歴史 産業・ビジネス 市政・まちづくり 定住促進サイト ブランドサイト メニューを閉じる くらしの情報 健康･福祉 教育･子育て 観光･歴史 産業･ビジネス 市政･まちづくり キーワードで探す 国民健康保険 こんなときには 転入・転出 妊娠・出産・子育て 入園・入学 就職・退職 結婚・離婚 高齢者・介護 終活・死亡・相続 税金 現在の位置 ホーム くらしの情報 保険・年金 国民健康保険 国民健康保険の海外療養費制度 国民健康保険の海外療養費制度 Twee
32	22	杵築市	杵築市内に空き家をお持ちの方へ	https://www.city.kitsuki.lg.jp/kurashi/juutaku_tochi/4304.html	杵築市内に空き家をお持ちの方へ／杵築市 スマートフォン版を表示 本文へ Foreign language 携帯サイト 文字サイズ 背景色 PCサイト Foreign language キーワードで探す トップページへ くらしの情報 健康・福祉 教育・子育て 観光・歴史 産業・ビジネス 市政・まちづくり 定住促進サイト ブランドサイト メニューを閉じる くらしの情報 健康･福祉 教育･子育て 観光･歴史 産業･ビジネス 市政･まちづくり キーワードで探す 住宅・土地 こんなときには 転入・転出 妊娠・出産・子育て 入園・入学 就職・退職 結婚・離婚 高齢者・介護 終活・死亡・相続 税金 現在の位置 ホーム くらしの情報 住宅・土地 杵築市内に空き家をお持ちの方へ 杵築市内に空き家をお持ちの方へ Tweet 更新日
32	22	杵築市	特定創業支援等事業による支援を受けた創業者へ証明書を発行します	https://www.city.kitsuki.lg.jp/sangyobijinesu/sangyoushinkou/sougyo/2677.html	特定創業支援等事業による支援を受けた創業者へ証明書を発行します／杵築市 スマートフォン版を表示 本文へ Foreign language 携帯サイト 文字サイズ 背景色 PCサイト Foreign language キーワードで探す トップページへ くらしの情報 健康・福祉 教育・子育て 観光・歴史 産業・ビジネス 市政・まちづくり 定住促進サイト ブランドサイト メニューを閉じる くらしの情報 健康･福祉 教育･子育て 観光･歴史 産業･ビジネス 市政･まちづくり キーワードで探す 創業・開業 こんなときには 転入・転出 妊娠・出産・子育て 入園・入学 就職・退職 結婚・離婚 高齢者・介護 終活・死亡・相続 税金 現在の位置 ホーム 産業・ビジネス 産業振興 創業・開業 特定創業支援等事業による支援を受けた創
32	18	杵築市	国民健康保険税	https://www.city.kitsuki.lg.jp/kurashi/hoken_nenkin/3/4055.html	国民健康保険税／杵築市 スマートフォン版を表示 本文へ Foreign language 携帯サイト 文字サイズ 背景色 PCサイト Foreign language キーワードで探す トップページへ くらしの情報 健康・福祉 教育・子育て 観光・歴史 産業・ビジネス 市政・まちづくり 定住促進サイト ブランドサイト メニューを閉じる くらしの情報 健康･福祉 教育･子育て 観光･歴史 産業･ビジネス 市政･まちづくり キーワードで探す 国民健康保険 こんなときには 転入・転出 妊娠・出産・子育て 入園・入学 就職・退職 結婚・離婚 高齢者・介護 終活・死亡・相続 税金 現在の位置 ホーム くらしの情報 保険・年金 国民健康保険 国民健康保険税 国民健康保険税 Tweet 更新日：2026年03月18日 国民健
32	18	杵築市	国民健康保険税	https://www.city.kitsuki.lg.jp/kurashi/kojin_zeikin/5/2494.html	国民健康保険税／杵築市 スマートフォン版を表示 本文へ Foreign language 携帯サイト 文字サイズ 背景色 PCサイト Foreign language キーワードで探す トップページへ くらしの情報 健康・福祉 教育・子育て 観光・歴史 産業・ビジネス 市政・まちづくり 定住促進サイト ブランドサイト メニューを閉じる くらしの情報 健康･福祉 教育･子育て 観光･歴史 産業･ビジネス 市政･まちづくり キーワードで探す 国民健康保険税 こんなときには 転入・転出 妊娠・出産・子育て 入園・入学 就職・退職 結婚・離婚 高齢者・介護 終活・死亡・相続 税金 現在の位置 ホーム くらしの情報 個人の税金 国民健康保険税 国民健康保険税 国民健康保険税 Tweet 更新日：2026年03月18日 国
31	17	臼杵市	住居確保給付金について	https://www.city.usuki.oita.jp/article/2020050500020/	住居確保給付金について | 臼杵市役所 本文へ ふりがなをつける --> 文字の大きさ 拡大 標準 縮小 背景色 黒 青 標準 読み上げる 臼杵市 メニュー サイトマップ お問合せ 総合トップ 市民向け 観光 ふるさと納税 移住・定住 事業者向け 他のカテゴリも表示する TOP カテゴリ 区分 新着情報 住居確保給付金について 公開日 2020年5月5日 更新日 2021年10月21日 離職や自営業の廃止、個人の責任ではない就業機会等の減少により、経済的に困窮し、住むところがなくなってしまう方に、家賃相当額を支給する制度です。 お問合せは、臼杵市社会福祉協議会までご連絡ください。 チラシ（住居確保給付金）[PDF：177KB] PDFの閲覧にはAdobe社の無償のソフトウェア「Adobe Acrobat Rea
30	26	臼杵市	新型コロナウイルス感染症に対する各種支援	https://www.city.usuki.oita.jp/article/2020050100091/	新型コロナウイルス感染症に対する各種支援 | 臼杵市役所 本文へ ふりがなをつける --> 文字の大きさ 拡大 標準 縮小 背景色 黒 青 標準 読み上げる 臼杵市 メニュー サイトマップ お問合せ 総合トップ 市民向け 観光 ふるさと納税 移住・定住 事業者向け 他のカテゴリも表示する TOP カテゴリ 区分 新着情報 新型コロナウイルス感染症に対する各種支援 公開日 2020年5月5日 更新日 2023年5月7日 新型コロナウイルス感染症に対する各種支援をお知らせします。 市民の皆さま 住居確保給付金 新型コロナウイルス感染症の感染拡大等の影響により現住居からの退去を余儀なくされた方の市営住宅への入居について 新型コロナウイルス感染症に係る傷病手当金の支給について（国民健康保険） GIGAスクール構想の実現
30	20	杵築市	非自発的失業（離職）者の人について、国民健康保険税が軽減されます	https://www.city.kitsuki.lg.jp/konnatokiniha/03/3724.html	非自発的失業（離職）者の人について、国民健康保険税が軽減されます／杵築市 スマートフォン版を表示 本文へ Foreign language 携帯サイト 文字サイズ 背景色 PCサイト Foreign language キーワードで探す トップページへ くらしの情報 健康・福祉 教育・子育て 観光・歴史 産業・ビジネス 市政・まちづくり 定住促進サイト ブランドサイト メニューを閉じる くらしの情報 健康･福祉 教育･子育て 観光･歴史 産業･ビジネス 市政･まちづくり キーワードで探す 就職・離職 こんなときには 転入・転出 妊娠・出産・子育て 入園・入学 就職・退職 結婚・離婚 高齢者・介護 終活・死亡・相続 税金 現在の位置 ホーム こんなときには？ 就職・離職 非自発的失業（離職）者の人について、国民健康
30	20	杵築市	非自発的失業（離職）者の人について、国民健康保険税が軽減されます	https://www.city.kitsuki.lg.jp/kurashi/hoken_nenkin/3/2503.html	非自発的失業（離職）者の人について、国民健康保険税が軽減されます／杵築市 スマートフォン版を表示 本文へ Foreign language 携帯サイト 文字サイズ 背景色 PCサイト Foreign language キーワードで探す トップページへ くらしの情報 健康・福祉 教育・子育て 観光・歴史 産業・ビジネス 市政・まちづくり 定住促進サイト ブランドサイト メニューを閉じる くらしの情報 健康･福祉 教育･子育て 観光･歴史 産業･ビジネス 市政･まちづくり キーワードで探す 国民健康保険 こんなときには 転入・転出 妊娠・出産・子育て 入園・入学 就職・退職 結婚・離婚 高齢者・介護 終活・死亡・相続 税金 現在の位置 ホーム くらしの情報 保険・年金 国民健康保険 非自発的失業（離職）者の人につい
30	20	杵築市	「こどもまんなか応援サポーター」合同宣言を行いました	https://www.city.kitsuki.lg.jp/kyoikukosodate/epkatudou/10963.html	「こどもまんなか応援サポーター」合同宣言を行いました／杵築市 スマートフォン版を表示 本文へ Foreign language 携帯サイト 文字サイズ 背景色 PCサイト Foreign language キーワードで探す トップページへ くらしの情報 健康・福祉 教育・子育て 観光・歴史 産業・ビジネス 市政・まちづくり 定住促進サイト ブランドサイト メニューを閉じる くらしの情報 健康･福祉 教育･子育て 観光･歴史 産業･ビジネス 市政･まちづくり キーワードで探す 教育・子育ての活動 こんなときには 転入・転出 妊娠・出産・子育て 入園・入学 就職・退職 結婚・離婚 高齢者・介護 終活・死亡・相続 税金 現在の位置 ホーム 教育・子育て 教育・子育ての活動 「こどもまんなか応援サポーター」合同宣言を行
30	16	杵築市	杵築市の魅力〈kitsuki_lifestyle〉	https://www.city.kitsuki.lg.jp/teijuusokushin/iju_topics/11734.html	杵築市の魅力〈kitsuki_lifestyle〉／杵築市 本文へ移動 Foreign Language 文字サイズ 背景色変更 杵築市サイトへ きつきで暮らす きつきで働く きつきで子育て 空家バンク Q&A Foreign Language きつきで子育て きつきで働く きつきで暮らす 空家バンク Q&A 空き家バンク 先輩移住者の声 メニューを閉じる 現在のページ ホーム 定住促進サイト 移住トピックス 杵築市の魅力〈kitsuki_lifestyle〉 杵築市の魅力〈kitsuki_lifestyle〉 Tweet 更新日：2025年04月01日 歴史ある文化とともに暮らす 坂道に囲まれた全国的にもめずらしい城下町の町並みは、国の重要伝統的建造物群保存地区に認定されています。 また、神仏習合発祥の地であ
30	16	杵築市	納税	https://www.city.kitsuki.lg.jp/konnatokiniha/08/3969.html	納税／杵築市 スマートフォン版を表示 本文へ Foreign language 携帯サイト 文字サイズ 背景色 PCサイト Foreign language キーワードで探す トップページへ くらしの情報 健康・福祉 教育・子育て 観光・歴史 産業・ビジネス 市政・まちづくり 定住促進サイト ブランドサイト メニューを閉じる くらしの情報 健康･福祉 教育･子育て 観光･歴史 産業･ビジネス 市政･まちづくり キーワードで探す 税金 こんなときには 転入・転出 妊娠・出産・子育て 入園・入学 就職・退職 結婚・離婚 高齢者・介護 終活・死亡・相続 税金 現在の位置 ホーム こんなときには？ 税金 納税 納税 Tweet 納税通知書（納付書） 市税の納期限と納める場所 公金取扱金融機関一覧 口座振替（自動振込）の
30	16	杵築市	杵築市の企業誘致	https://www.city.kitsuki.lg.jp/sangyobijinesu/sangyoushinkou/yuchi/2716.html	杵築市の企業誘致／杵築市 スマートフォン版を表示 本文へ Foreign language 携帯サイト 文字サイズ 背景色 PCサイト Foreign language キーワードで探す トップページへ くらしの情報 健康・福祉 教育・子育て 観光・歴史 産業・ビジネス 市政・まちづくり 定住促進サイト ブランドサイト メニューを閉じる くらしの情報 健康･福祉 教育･子育て 観光･歴史 産業･ビジネス 市政･まちづくり キーワードで探す 企業誘致 こんなときには 転入・転出 妊娠・出産・子育て 入園・入学 就職・退職 結婚・離婚 高齢者・介護 終活・死亡・相続 税金 現在の位置 ホーム 産業・ビジネス 産業振興 企業誘致 杵築市の企業誘致 杵築市の企業誘致 Tweet 更新日：2025年06月17日 大分県杵
30	16	杵築市	令和8年度帯状疱疹予防接種（定期）についてのお知らせ	https://www.city.kitsuki.lg.jp/kenkofukushi/kenkou_iryou/12296.html	令和8年度帯状疱疹予防接種（定期）についてのお知らせ／杵築市 スマートフォン版を表示 本文へ Foreign language 携帯サイト 文字サイズ 背景色 PCサイト Foreign language キーワードで探す トップページへ くらしの情報 健康・福祉 教育・子育て 観光・歴史 産業・ビジネス 市政・まちづくり 定住促進サイト ブランドサイト メニューを閉じる くらしの情報 健康･福祉 教育･子育て 観光･歴史 産業･ビジネス 市政･まちづくり キーワードで探す 健康・医療 こんなときには 転入・転出 妊娠・出産・子育て 入園・入学 就職・退職 結婚・離婚 高齢者・介護 終活・死亡・相続 税金 現在の位置 ホーム 健康・福祉 健康・医療 令和8年度帯状疱疹予防接種（定期）についてのお知らせ 令和8年
30	16	杵築市	歯科健診のおしらせ	https://www.city.kitsuki.lg.jp/kenkofukushi/kenkou_iryou/2/12276.html	歯科健診のおしらせ／杵築市 スマートフォン版を表示 本文へ Foreign language 携帯サイト 文字サイズ 背景色 PCサイト Foreign language キーワードで探す トップページへ くらしの情報 健康・福祉 教育・子育て 観光・歴史 産業・ビジネス 市政・まちづくり 定住促進サイト ブランドサイト メニューを閉じる くらしの情報 健康･福祉 教育･子育て 観光･歴史 産業･ビジネス 市政･まちづくり キーワードで探す 健康づくり こんなときには 転入・転出 妊娠・出産・子育て 入園・入学 就職・退職 結婚・離婚 高齢者・介護 終活・死亡・相続 税金 現在の位置 ホーム 健康・福祉 健康・医療 健康づくり 歯科健診のおしらせ 歯科健診のおしらせ Tweet 更新日：2026年04月01日
30	16	杵築市	令和8年度帯状疱疹予防接種（定期）についてのお知らせ	https://www.city.kitsuki.lg.jp/kenkofukushi/kenkou_iryou/3/11602.html	令和8年度帯状疱疹予防接種（定期）についてのお知らせ／杵築市 スマートフォン版を表示 本文へ Foreign language 携帯サイト 文字サイズ 背景色 PCサイト Foreign language キーワードで探す トップページへ くらしの情報 健康・福祉 教育・子育て 観光・歴史 産業・ビジネス 市政・まちづくり 定住促進サイト ブランドサイト メニューを閉じる くらしの情報 健康･福祉 教育･子育て 観光･歴史 産業･ビジネス 市政･まちづくり キーワードで探す 健診・予防接種 こんなときには 転入・転出 妊娠・出産・子育て 入園・入学 就職・退職 結婚・離婚 高齢者・介護 終活・死亡・相続 税金 現在の位置 ホーム 健康・福祉 健康・医療 健診・予防接種 令和8年度帯状疱疹予防接種（定期）について
30	16	杵築市	歯科健診のおしらせ	https://www.city.kitsuki.lg.jp/kenkofukushi/kenkou_iryou/3/4667.html	歯科健診のおしらせ／杵築市 スマートフォン版を表示 本文へ Foreign language 携帯サイト 文字サイズ 背景色 PCサイト Foreign language キーワードで探す トップページへ くらしの情報 健康・福祉 教育・子育て 観光・歴史 産業・ビジネス 市政・まちづくり 定住促進サイト ブランドサイト メニューを閉じる くらしの情報 健康･福祉 教育･子育て 観光･歴史 産業･ビジネス 市政･まちづくり キーワードで探す 健診・予防接種 こんなときには 転入・転出 妊娠・出産・子育て 入園・入学 就職・退職 結婚・離婚 高齢者・介護 終活・死亡・相続 税金 現在の位置 ホーム 健康・福祉 健康・医療 健診・予防接種 歯科健診のおしらせ 歯科健診のおしらせ Tweet 更新日：2026年04月
30	16	杵築市	精神保健福祉手帳の交付	https://www.city.kitsuki.lg.jp/kenkofukushi/shougaifukushi/2546.html	精神保健福祉手帳の交付／杵築市 スマートフォン版を表示 本文へ Foreign language 携帯サイト 文字サイズ 背景色 PCサイト Foreign language キーワードで探す トップページへ くらしの情報 健康・福祉 教育・子育て 観光・歴史 産業・ビジネス 市政・まちづくり 定住促進サイト ブランドサイト メニューを閉じる くらしの情報 健康･福祉 教育･子育て 観光･歴史 産業･ビジネス 市政･まちづくり キーワードで探す 障がい福祉 こんなときには 転入・転出 妊娠・出産・子育て 入園・入学 就職・退職 結婚・離婚 高齢者・介護 終活・死亡・相続 税金 現在の位置 ホーム 健康・福祉 障がい福祉 精神保健福祉手帳の交付 精神保健福祉手帳の交付 Tweet 更新日：2025年06月18日
30	16	杵築市	介護保険料	https://www.city.kitsuki.lg.jp/kurashi/hoken_nenkin/1/9597.html	介護保険料／杵築市 スマートフォン版を表示 本文へ Foreign language 携帯サイト 文字サイズ 背景色 PCサイト Foreign language キーワードで探す トップページへ くらしの情報 健康・福祉 教育・子育て 観光・歴史 産業・ビジネス 市政・まちづくり 定住促進サイト ブランドサイト メニューを閉じる くらしの情報 健康･福祉 教育･子育て 観光･歴史 産業･ビジネス 市政･まちづくり キーワードで探す 介護保険 こんなときには 転入・転出 妊娠・出産・子育て 入園・入学 就職・退職 結婚・離婚 高齢者・介護 終活・死亡・相続 税金 現在の位置 ホーム くらしの情報 保険・年金 介護保険 介護保険料 介護保険料 Tweet 更新日：2025年08月19日 介護保険料について 1．納
30	16	杵築市	国民健康保険関係の届出・申請書ダウンロード	https://www.city.kitsuki.lg.jp/kurashi/hoken_nenkin/3/2507.html	国民健康保険関係の届出・申請書ダウンロード／杵築市 スマートフォン版を表示 本文へ Foreign language 携帯サイト 文字サイズ 背景色 PCサイト Foreign language キーワードで探す トップページへ くらしの情報 健康・福祉 教育・子育て 観光・歴史 産業・ビジネス 市政・まちづくり 定住促進サイト ブランドサイト メニューを閉じる くらしの情報 健康･福祉 教育･子育て 観光･歴史 産業･ビジネス 市政･まちづくり キーワードで探す 国民健康保険 こんなときには 転入・転出 妊娠・出産・子育て 入園・入学 就職・退職 結婚・離婚 高齢者・介護 終活・死亡・相続 税金 現在の位置 ホーム くらしの情報 保険・年金 国民健康保険 国民健康保険関係の届出・申請書ダウンロード 国民健康保
30	16	杵築市	老齢基礎年金	https://www.city.kitsuki.lg.jp/kurashi/hoken_nenkin/4/2405.html	老齢基礎年金／杵築市 スマートフォン版を表示 本文へ Foreign language 携帯サイト 文字サイズ 背景色 PCサイト Foreign language キーワードで探す トップページへ くらしの情報 健康・福祉 教育・子育て 観光・歴史 産業・ビジネス 市政・まちづくり 定住促進サイト ブランドサイト メニューを閉じる くらしの情報 健康･福祉 教育･子育て 観光･歴史 産業･ビジネス 市政･まちづくり キーワードで探す 国民年金 こんなときには 転入・転出 妊娠・出産・子育て 入園・入学 就職・退職 結婚・離婚 高齢者・介護 終活・死亡・相続 税金 現在の位置 ホーム くらしの情報 保険・年金 国民年金 老齢基礎年金 老齢基礎年金 Tweet 更新日：2026年04月01日 国民年金に加入してい
30	16	杵築市	償却資産とは	https://www.city.kitsuki.lg.jp/kurashi/kojin_zeikin/3/2442.html	償却資産とは／杵築市 スマートフォン版を表示 本文へ Foreign language 携帯サイト 文字サイズ 背景色 PCサイト Foreign language キーワードで探す トップページへ くらしの情報 健康・福祉 教育・子育て 観光・歴史 産業・ビジネス 市政・まちづくり 定住促進サイト ブランドサイト メニューを閉じる くらしの情報 健康･福祉 教育･子育て 観光･歴史 産業･ビジネス 市政･まちづくり キーワードで探す 固定資産税 こんなときには 転入・転出 妊娠・出産・子育て 入園・入学 就職・退職 結婚・離婚 高齢者・介護 終活・死亡・相続 税金 現在の位置 ホーム くらしの情報 個人の税金 固定資産税 償却資産とは 償却資産とは Tweet 更新日：2025年11月26日 市内に事業用の償
30	16	杵築市	所得の種類とその概要	https://www.city.kitsuki.lg.jp/kurashi/kojin_zeikin/6/2372.html	所得の種類とその概要／杵築市 スマートフォン版を表示 本文へ Foreign language 携帯サイト 文字サイズ 背景色 PCサイト Foreign language キーワードで探す トップページへ くらしの情報 健康・福祉 教育・子育て 観光・歴史 産業・ビジネス 市政・まちづくり 定住促進サイト ブランドサイト メニューを閉じる くらしの情報 健康･福祉 教育･子育て 観光･歴史 産業･ビジネス 市政･まちづくり キーワードで探す 市・県民税 こんなときには 転入・転出 妊娠・出産・子育て 入園・入学 就職・退職 結婚・離婚 高齢者・介護 終活・死亡・相続 税金 現在の位置 ホーム くらしの情報 個人の税金 市・県民税 所得の種類とその概要 所得の種類とその概要 Tweet 更新日：2018年08月
30	16	杵築市	償却資産とは	https://www.city.kitsuki.lg.jp/sangyobijinesu/houjin_zeikin/kotei/3770.html	償却資産とは／杵築市 スマートフォン版を表示 本文へ Foreign language 携帯サイト 文字サイズ 背景色 PCサイト Foreign language キーワードで探す トップページへ くらしの情報 健康・福祉 教育・子育て 観光・歴史 産業・ビジネス 市政・まちづくり 定住促進サイト ブランドサイト メニューを閉じる くらしの情報 健康･福祉 教育･子育て 観光･歴史 産業･ビジネス 市政･まちづくり キーワードで探す 固定資産税 こんなときには 転入・転出 妊娠・出産・子育て 入園・入学 就職・退職 結婚・離婚 高齢者・介護 終活・死亡・相続 税金 現在の位置 ホーム 産業・ビジネス 法人の税金 固定資産税 償却資産とは 償却資産とは Tweet 更新日：2025年11月26日 市内に事業用の
30	16	杵築市	精神保健福祉手帳の交付	https://www.city.kitsuki.lg.jp/shinseisho/fukushi/9833.html	精神保健福祉手帳の交付／杵築市 スマートフォン版を表示 本文へ Foreign language 携帯サイト 文字サイズ 背景色 PCサイト Foreign language キーワードで探す トップページへ くらしの情報 健康・福祉 教育・子育て 観光・歴史 産業・ビジネス 市政・まちづくり 定住促進サイト ブランドサイト メニューを閉じる くらしの情報 健康･福祉 教育･子育て 観光･歴史 産業･ビジネス 市政･まちづくり キーワードで探す 福祉関連 こんなときには 転入・転出 妊娠・出産・子育て 入園・入学 就職・退職 結婚・離婚 高齢者・介護 終活・死亡・相続 税金 現在の位置 ホーム 申請書ダウンロード 福祉関連 精神保健福祉手帳の交付 精神保健福祉手帳の交付 Tweet 更新日：2025年06月18
30	16	杵築市	国民健康保険関係の届出・申請書ダウンロード	https://www.city.kitsuki.lg.jp/shinseisho/hoken_nenkin/3980.html	国民健康保険関係の届出・申請書ダウンロード／杵築市 スマートフォン版を表示 本文へ Foreign language 携帯サイト 文字サイズ 背景色 PCサイト Foreign language キーワードで探す トップページへ くらしの情報 健康・福祉 教育・子育て 観光・歴史 産業・ビジネス 市政・まちづくり 定住促進サイト ブランドサイト メニューを閉じる くらしの情報 健康･福祉 教育･子育て 観光･歴史 産業･ビジネス 市政･まちづくり キーワードで探す 保険・年金関連 こんなときには 転入・転出 妊娠・出産・子育て 入園・入学 就職・退職 結婚・離婚 高齢者・介護 終活・死亡・相続 税金 現在の位置 ホーム 申請書ダウンロード 保険・年金関連 国民健康保険関係の届出・申請書ダウンロード 国民健康保険
29	30	杵築市	独自利用事務の情報連携に係る届出書の公表	https://www.city.kitsuki.lg.jp/kurashi/my_number/1/2419.html	独自利用事務の情報連携に係る届出書の公表／杵築市 スマートフォン版を表示 本文へ Foreign language 携帯サイト 文字サイズ 背景色 PCサイト Foreign language キーワードで探す トップページへ くらしの情報 健康・福祉 教育・子育て 観光・歴史 産業・ビジネス 市政・まちづくり 定住促進サイト ブランドサイト メニューを閉じる くらしの情報 健康･福祉 教育･子育て 観光･歴史 産業･ビジネス 市政･まちづくり キーワードで探す 特定個人情報(マイナンバー)の保護 こんなときには 転入・転出 妊娠・出産・子育て 入園・入学 就職・退職 結婚・離婚 高齢者・介護 終活・死亡・相続 税金 現在の位置 ホーム くらしの情報 マイナンバー制度 特定個人情報(マイナンバー)の保護 独自利
29	30	杵築市	特定個人情報（マイナンバー）の保護	https://www.city.kitsuki.lg.jp/kurashi/my_number/1/2418.html	特定個人情報（マイナンバー）の保護／杵築市 スマートフォン版を表示 本文へ Foreign language 携帯サイト 文字サイズ 背景色 PCサイト Foreign language キーワードで探す トップページへ くらしの情報 健康・福祉 教育・子育て 観光・歴史 産業・ビジネス 市政・まちづくり 定住促進サイト ブランドサイト メニューを閉じる くらしの情報 健康･福祉 教育･子育て 観光･歴史 産業･ビジネス 市政･まちづくり キーワードで探す 特定個人情報(マイナンバー)の保護 こんなときには 転入・転出 妊娠・出産・子育て 入園・入学 就職・退職 結婚・離婚 高齢者・介護 終活・死亡・相続 税金 現在の位置 ホーム くらしの情報 マイナンバー制度 特定個人情報(マイナンバー)の保護 特定個人情報
29	19	杵築市	介護保険サービスの利用までの流れ	https://www.city.kitsuki.lg.jp/konnatokiniha/06/3951.html	介護保険サービスの利用までの流れ／杵築市 スマートフォン版を表示 本文へ Foreign language 携帯サイト 文字サイズ 背景色 PCサイト Foreign language キーワードで探す トップページへ くらしの情報 健康・福祉 教育・子育て 観光・歴史 産業・ビジネス 市政・まちづくり 定住促進サイト ブランドサイト メニューを閉じる くらしの情報 健康･福祉 教育･子育て 観光･歴史 産業･ビジネス 市政･まちづくり キーワードで探す 高齢者・介護 こんなときには 転入・転出 妊娠・出産・子育て 入園・入学 就職・退職 結婚・離婚 高齢者・介護 終活・死亡・相続 税金 現在の位置 ホーム こんなときには？ 高齢者・介護 介護保険サービスの利用までの流れ 介護保険サービスの利用までの流れ Tw
29	19	杵築市	特定福祉用具販売にかかる「排泄予測支援機器」の取扱いについて	https://www.city.kitsuki.lg.jp/konnatokiniha/06/9514.html	特定福祉用具販売にかかる「排泄予測支援機器」の取扱いについて／杵築市 スマートフォン版を表示 本文へ Foreign language 携帯サイト 文字サイズ 背景色 PCサイト Foreign language キーワードで探す トップページへ くらしの情報 健康・福祉 教育・子育て 観光・歴史 産業・ビジネス 市政・まちづくり 定住促進サイト ブランドサイト メニューを閉じる くらしの情報 健康･福祉 教育･子育て 観光･歴史 産業･ビジネス 市政･まちづくり キーワードで探す 高齢者・介護 こんなときには 転入・転出 妊娠・出産・子育て 入園・入学 就職・退職 結婚・離婚 高齢者・介護 終活・死亡・相続 税金 現在の位置 ホーム こんなときには？ 高齢者・介護 特定福祉用具販売にかかる「排泄予測支援機器」
29	19	杵築市	特定福祉用具販売にかかる「排泄予測支援機器」の取扱いについて	https://www.city.kitsuki.lg.jp/kenkofukushi/koureisha_kaigo/service/9513.html	特定福祉用具販売にかかる「排泄予測支援機器」の取扱いについて／杵築市 スマートフォン版を表示 本文へ Foreign language 携帯サイト 文字サイズ 背景色 PCサイト Foreign language キーワードで探す トップページへ くらしの情報 健康・福祉 教育・子育て 観光・歴史 産業・ビジネス 市政・まちづくり 定住促進サイト ブランドサイト メニューを閉じる くらしの情報 健康･福祉 教育･子育て 観光･歴史 産業･ビジネス 市政･まちづくり キーワードで探す 介護サービス こんなときには 転入・転出 妊娠・出産・子育て 入園・入学 就職・退職 結婚・離婚 高齢者・介護 終活・死亡・相続 税金 現在の位置 ホーム 健康・福祉 高齢者・介護 介護サービス 特定福祉用具販売にかかる「排泄予測支
29	19	杵築市	介護保険サービスの利用までの流れ	https://www.city.kitsuki.lg.jp/kenkofukushi/koureisha_kaigo/service/4070.html	介護保険サービスの利用までの流れ／杵築市 スマートフォン版を表示 本文へ Foreign language 携帯サイト 文字サイズ 背景色 PCサイト Foreign language キーワードで探す トップページへ くらしの情報 健康・福祉 教育・子育て 観光・歴史 産業・ビジネス 市政・まちづくり 定住促進サイト ブランドサイト メニューを閉じる くらしの情報 健康･福祉 教育･子育て 観光･歴史 産業･ビジネス 市政･まちづくり キーワードで探す 介護サービス こんなときには 転入・転出 妊娠・出産・子育て 入園・入学 就職・退職 結婚・離婚 高齢者・介護 終活・死亡・相続 税金 現在の位置 ホーム 健康・福祉 高齢者・介護 介護サービス 介護保険サービスの利用までの流れ 介護保険サービスの利用までの流
29	19	杵築市	特定福祉用具販売にかかる「排泄予測支援機器」の取扱いについて	https://www.city.kitsuki.lg.jp/kurashi/hoken_nenkin/1/9512.html	特定福祉用具販売にかかる「排泄予測支援機器」の取扱いについて／杵築市 スマートフォン版を表示 本文へ Foreign language 携帯サイト 文字サイズ 背景色 PCサイト Foreign language キーワードで探す トップページへ くらしの情報 健康・福祉 教育・子育て 観光・歴史 産業・ビジネス 市政・まちづくり 定住促進サイト ブランドサイト メニューを閉じる くらしの情報 健康･福祉 教育･子育て 観光･歴史 産業･ビジネス 市政･まちづくり キーワードで探す 介護保険 こんなときには 転入・転出 妊娠・出産・子育て 入園・入学 就職・退職 結婚・離婚 高齢者・介護 終活・死亡・相続 税金 現在の位置 ホーム くらしの情報 保険・年金 介護保険 特定福祉用具販売にかかる「排泄予測支援機器」
29	19	杵築市	企業（中小企業等）向け支援情報	https://www.city.kitsuki.lg.jp/sangyobijinesu/sangyoushinkou/6775.html	企業（中小企業等）向け支援情報／杵築市 スマートフォン版を表示 本文へ Foreign language 携帯サイト 文字サイズ 背景色 PCサイト Foreign language キーワードで探す トップページへ くらしの情報 健康・福祉 教育・子育て 観光・歴史 産業・ビジネス 市政・まちづくり 定住促進サイト ブランドサイト メニューを閉じる くらしの情報 健康･福祉 教育･子育て 観光･歴史 産業･ビジネス 市政･まちづくり キーワードで探す 産業振興 こんなときには 転入・転出 妊娠・出産・子育て 入園・入学 就職・退職 結婚・離婚 高齢者・介護 終活・死亡・相続 税金 現在の位置 ホーム 産業・ビジネス 産業振興 企業（中小企業等）向け支援情報 企業（中小企業等）向け支援情報 中小企業等経営強化法
29	18	臼杵市	幼児のフッ化物塗布事業	https://www.city.usuki.oita.jp/docs/2014032000066/	幼児のフッ化物塗布事業 | 臼杵市役所 本文へ ふりがなをつける --> 文字の大きさ 拡大 標準 縮小 背景色 黒 青 標準 読み上げる 臼杵市 メニュー サイトマップ お問合せ 総合トップ 市民向け 観光 ふるさと納税 移住・定住 事業者向け 他のカテゴリも表示する TOP カテゴリ 市民向け 医療・健康・福祉・保険・年金 育児 TOP カテゴリ 市民向け ライフイベント 妊娠・出産・子育て 子どもの健康 TOP カテゴリ 市民向け ライフイベント 妊娠・出産・子育て 手当・助成 TOP カテゴリ 区分 コンテンツ 幼児のフッ化物塗布事業 公開日 2019年2月14日 更新日 2025年4月22日 幼児のフッ化物塗布事業 臼杵市では、むし歯予防に効果のある「フッ化物塗布」を無料で実施できる塗布券を交付し、そ
28	30	津久見市	支援・助成	https://www.city.tsukumi.oita.jp/site/kosodate/list89-329.html	支援・助成 - 津久見市子育て応援サイト「つくみっこ」 - 津久見市公式ホームページ ページの先頭です。 メニューを飛ばして本文へ メニュー 検索 本文へ はじめての方へ Foreign language 背景色・文字サイズ 背景色 白 黒 青 文字サイズ 標準 拡大 目的でさがす 年齢でさがす 施設 休日・夜間当番医 イベントカレンダー キーワード検索 現在地 トップページ > 津久見市子育て応援サイト「つくみっこ」 > 目的でさがす > 支援・助成 本文 支援・助成 2025年4月1日更新 市外の病児保育施設を利用した際の利用料を補助します！ 2025年4月1日更新 放課後児童クラブの利用料全額助成について 2024年7月24日更新 令和６年度『つくみん子育てサポートブック』を作成しました 2024年7月4
28	30	津久見市	地方創生人材奨学資金返還支援事業について	https://www.city.tsukumi.oita.jp/soshiki/6/24746.html	地方創生人材奨学資金返還支援事業について - 津久見市公式ホームページ ページの先頭です。 メニューを飛ばして本文へ メニュー 本文へ Foreign language 背景色・文字サイズ 背景色 白 黒 青 文字サイズ 標準 拡大 キーワード検索 詳細検索 分類でさがす 組織でさがす カレンダーでさがす 注目 防災 子育て マイナンバーカード ごみ くらし しごと 観光 市政・議会 現在地 トップページ > 組織でさがす > 本庁 > 商工観光・定住推進課 > 地方創生人材奨学資金返還支援事業について 本文 地方創生人材奨学資金返還支援事業について 印刷ページ表示 更新日：2025年4月1日更新 地方創生人材奨学資金返還支援事業 津久見市への定住・就職促進及び就学奨励を図るため、奨学資金の返還を１０年間で最大
28	24	竹田市	生活保護	https://www.city.taketa.oita.jp/kenko_fukushi/seikatusien/11640.html	生活保護／竹田市 スマートフォン版を表示 本文へ 文字サイズ 背景色変更 Foreign Language 目的別で探す 妊娠・出産 子育て 入園・入学 就職・退職 結婚・離婚 引越し・住まい 高齢・介護 おくやみ よく利用されるメニュー 手続き検索ナビ 申請書ダウンロード ごみ検索 イベントカレンダー お問い合わせ お問い合わせフォームへ よく見られるページ 関連施設等のページ 竹田市立図書館 竹田市総合文化ホール グランツたけた 竹田市歴史文化館 竹田市消防本部 くらし・ 手続き 健康・福祉 市政・ まちづくり 子育て・教育 産業・ 事業者向け情報 学び・ スポーツ 移住・定住 文化・歴史 ・観光 現在のページ ホーム 健康・福祉・人権 生活にお困りの方への支援制度 生活保護 生活保護 Tweet 更新日：
28	19	臼杵市	空き店舗バンク・活用補助金	https://www.city.usuki.oita.jp/categories/shimin/iju/akitenpo/	空き店舗バンク・活用補助金 | 臼杵市役所 本文へ ふりがなをつける --> 文字の大きさ 拡大 標準 縮小 背景色 黒 青 標準 読み上げる 臼杵市 メニュー サイトマップ お問合せ 総合トップ 市民向け 観光 ふるさと納税 移住・定住 事業者向け TOP カテゴリ 市民向け 移住支援 空き店舗バンク・活用補助金 空き店舗バンク・活用補助金 空き店舗情報一覧（No.1～） 臼杵市空き店舗バンクとは 空き店舗をお探しの方へ 空き店舗の所有者の方へ 令和８年度 臼杵市空き店舗活用支援事業補助金 市役所のご案内 サイトポリシー リンク・著作権・免責事項 個人情報の取り扱い サイトマップ お問合せ 臼杵市役所 臼杵庁舎： 〒875-8501 大分県臼杵市大字臼杵72番1 TEL：0972-63-1111 FAX：09
28	19	臼杵市	応急手当・医療情報	https://www.city.usuki.oita.jp/categories/shimin/bosai/kasai/shobo/okyu/	応急手当・医療情報 | 臼杵市役所 本文へ ふりがなをつける --> 文字の大きさ 拡大 標準 縮小 背景色 黒 青 標準 読み上げる 臼杵市 メニュー サイトマップ お問合せ 総合トップ 市民向け 観光 ふるさと納税 移住・定住 事業者向け TOP カテゴリ 市民向け 防災 火災・救急 臼杵市消防本部 応急手当・医療情報 応急手当・医療情報 応急手当・医療情報 救急車を呼ぶとき 応急手当WEB講習 救命講習の受付について 市役所のご案内 サイトポリシー リンク・著作権・免責事項 個人情報の取り扱い サイトマップ お問合せ 臼杵市役所 臼杵庁舎： 〒875-8501 大分県臼杵市大字臼杵72番1 TEL：0972-63-1111 FAX：0972-63-7713 野津庁舎： 〒875-0292 大分県臼杵市野津
28	19	津久見市	令和８年度第１回応急手当普通救命講習会について	https://www.city.tsukumi.oita.jp/soshiki/27/5011.html	令和８年度第１回応急手当普通救命講習会について - 津久見市公式ホームページ ページの先頭です。 メニューを飛ばして本文へ メニュー 本文へ Foreign language 背景色・文字サイズ 背景色 白 黒 青 文字サイズ 標準 拡大 キーワード検索 詳細検索 分類でさがす 組織でさがす カレンダーでさがす 注目 防災 子育て マイナンバーカード ごみ くらし しごと 観光 市政・議会 現在地 トップページ > 組織でさがす > 消防庁舎 > 消防本部 > 令和８年度第１回応急手当普通救命講習会について 本文 令和８年度第１回応急手当普通救命講習会について 印刷ページ表示 更新日：2026年6月22日更新 令和８年度第１回応急手当普通救命講習会について 日 時 令和８年７月２３日（木曜日）０９時００分～１２
28	18	杵築市	後期高齢者医療制度の説明	https://www.city.kitsuki.lg.jp/konnatokiniha/06/3961.html	後期高齢者医療制度の説明／杵築市 スマートフォン版を表示 本文へ Foreign language 携帯サイト 文字サイズ 背景色 PCサイト Foreign language キーワードで探す トップページへ くらしの情報 健康・福祉 教育・子育て 観光・歴史 産業・ビジネス 市政・まちづくり 定住促進サイト ブランドサイト メニューを閉じる くらしの情報 健康･福祉 教育･子育て 観光･歴史 産業･ビジネス 市政･まちづくり キーワードで探す 高齢者・介護 こんなときには 転入・転出 妊娠・出産・子育て 入園・入学 就職・退職 結婚・離婚 高齢者・介護 終活・死亡・相続 税金 現在の位置 ホーム こんなときには？ 高齢者・介護 後期高齢者医療制度の説明 後期高齢者医療制度の説明 Tweet 更新日：2025
28	18	杵築市	高齢者肺炎球菌定期予防接種のお知らせ	https://www.city.kitsuki.lg.jp/kenkofukushi/kenkou_iryou/12294.html	高齢者肺炎球菌定期予防接種のお知らせ／杵築市 スマートフォン版を表示 本文へ Foreign language 携帯サイト 文字サイズ 背景色 PCサイト Foreign language キーワードで探す トップページへ くらしの情報 健康・福祉 教育・子育て 観光・歴史 産業・ビジネス 市政・まちづくり 定住促進サイト ブランドサイト メニューを閉じる くらしの情報 健康･福祉 教育･子育て 観光･歴史 産業･ビジネス 市政･まちづくり キーワードで探す 健康・医療 こんなときには 転入・転出 妊娠・出産・子育て 入園・入学 就職・退職 結婚・離婚 高齢者・介護 終活・死亡・相続 税金 現在の位置 ホーム 健康・福祉 健康・医療 高齢者肺炎球菌定期予防接種のお知らせ 高齢者肺炎球菌定期予防接種のお知らせ T
28	18	杵築市	交通事故など、第三者から傷病を受けた時の届出（国民健康保険）	https://www.city.kitsuki.lg.jp/kenkofukushi/kenkou_iryou/1/5260.html	交通事故など、第三者から傷病を受けた時の届出（国民健康保険）／杵築市 スマートフォン版を表示 本文へ Foreign language 携帯サイト 文字サイズ 背景色 PCサイト Foreign language キーワードで探す トップページへ くらしの情報 健康・福祉 教育・子育て 観光・歴史 産業・ビジネス 市政・まちづくり 定住促進サイト ブランドサイト メニューを閉じる くらしの情報 健康･福祉 教育･子育て 観光･歴史 産業･ビジネス 市政･まちづくり キーワードで探す 医療費・補助 こんなときには 転入・転出 妊娠・出産・子育て 入園・入学 就職・退職 結婚・離婚 高齢者・介護 終活・死亡・相続 税金 現在の位置 ホーム 健康・福祉 健康・医療 医療費・補助 交通事故など、第三者から傷病を受けた時
28	18	杵築市	高齢者肺炎球菌定期予防接種のお知らせ	https://www.city.kitsuki.lg.jp/kenkofukushi/kenkou_iryou/3/11592.html	高齢者肺炎球菌定期予防接種のお知らせ／杵築市 スマートフォン版を表示 本文へ Foreign language 携帯サイト 文字サイズ 背景色 PCサイト Foreign language キーワードで探す トップページへ くらしの情報 健康・福祉 教育・子育て 観光・歴史 産業・ビジネス 市政・まちづくり 定住促進サイト ブランドサイト メニューを閉じる くらしの情報 健康･福祉 教育･子育て 観光･歴史 産業･ビジネス 市政･まちづくり キーワードで探す 健診・予防接種 こんなときには 転入・転出 妊娠・出産・子育て 入園・入学 就職・退職 結婚・離婚 高齢者・介護 終活・死亡・相続 税金 現在の位置 ホーム 健康・福祉 健康・医療 健診・予防接種 高齢者肺炎球菌定期予防接種のお知らせ 高齢者肺炎球菌定期予
28	18	杵築市	後期高齢者医療制度の説明	https://www.city.kitsuki.lg.jp/kurashi/hoken_nenkin/2/2496.html	後期高齢者医療制度の説明／杵築市 スマートフォン版を表示 本文へ Foreign language 携帯サイト 文字サイズ 背景色 PCサイト Foreign language キーワードで探す トップページへ くらしの情報 健康・福祉 教育・子育て 観光・歴史 産業・ビジネス 市政・まちづくり 定住促進サイト ブランドサイト メニューを閉じる くらしの情報 健康･福祉 教育･子育て 観光･歴史 産業･ビジネス 市政･まちづくり キーワードで探す 後期高齢者医療 こんなときには 転入・転出 妊娠・出産・子育て 入園・入学 就職・退職 結婚・離婚 高齢者・介護 終活・死亡・相続 税金 現在の位置 ホーム くらしの情報 保険・年金 後期高齢者医療 後期高齢者医療制度の説明 後期高齢者医療制度の説明 Tweet 更新
27	28	臼杵市	障がい者のための福祉	https://www.city.usuki.oita.jp/categories/shimin/iryo/shogaisha/	障がい者のための福祉 | 臼杵市役所 本文へ ふりがなをつける --> 文字の大きさ 拡大 標準 縮小 背景色 黒 青 標準 読み上げる 臼杵市 メニュー サイトマップ お問合せ 総合トップ 市民向け 観光 ふるさと納税 移住・定住 事業者向け TOP カテゴリ 市民向け 医療・健康・福祉・保険・年金 障がい者のための福祉 障がい者のための福祉 新着情報 障害者総合支援法の対象となる難病が追加されます （ 2024年3月13日 ） 手帳 身体障害者手帳 障害者手帳（身体・療育・精神）の概要と関連サービス 療育手帳 精神障害者保健福祉手帳 助成 重度心身障害者（児）医療費の助成 在宅重度障がい者住宅改造費の助成 身体障がい者自動車改造助成 障害者扶養共済制度 福祉（心身障害者）タクシー料金助成 特別障害者手当・障
27	28	津久見市	雇用・労働支援	https://www.city.tsukumi.oita.jp/life/2/17/78/	雇用・労働支援 - 津久見市公式ホームページ ページの先頭です。 メニューを飛ばして本文へ メニュー 本文へ Foreign language 背景色・文字サイズ 背景色 白 黒 青 文字サイズ 標準 拡大 キーワード検索 詳細検索 分類でさがす 組織でさがす カレンダーでさがす 注目 防災 子育て マイナンバーカード ごみ くらし しごと 観光 市政・議会 現在地 トップページ > 分類でさがす > しごとの情報 > 産業振興 > 雇用・労働支援 本文 雇用・労働支援 おすすめ情報 2026年5月1日更新 一般貨物自動車運送事業者や海運事業者の方への支援金について 2026年5月1日更新 【申請は令和９年１月２９日まで】物価高騰などの影響により経営が厳しい小規模事業者を支援します！ 2025年6月25日更新
27	24	臼杵市	高額療養費の給付など（国民健康保険）	https://www.city.usuki.oita.jp/docs/2014020700435/	高額療養費の給付など（国民健康保険） | 臼杵市役所 本文へ ふりがなをつける --> 文字の大きさ 拡大 標準 縮小 背景色 黒 青 標準 読み上げる 臼杵市 メニュー サイトマップ お問合せ 総合トップ 市民向け 観光 ふるさと納税 移住・定住 事業者向け 他のカテゴリも表示する TOP カテゴリ 市民向け 医療・健康・福祉・保険・年金 国民健康保険 TOP カテゴリ 区分 コンテンツ 高額療養費の給付など（国民健康保険） 公開日 2019年2月12日 更新日 2026年5月29日 高額療養費の給付 医療費の自己負担額が高額になったとき、申請をして認められれば、自己負担限度額を超えた分が高額療養費として後から支給されます。 申請に必要なもの マイナ保険証、資格確認書など国保資格が確認できるもの、領収書、預貯
27	24	豊後高田市	無料電話・告知端末がつながらない	https://www.city.bungotakada.oita.jp/site/bungotakadacatv/2156.html	無料電話・告知端末がつながらない - 豊後高田市ケーブルネットワーク - 豊後高田市ホームページ ページの先頭です。 メニューを飛ばして本文へ メニュー --> 豊後高田市の魅力 ヘルプ メニュー 本文へ 本文へ --> 検索 文字サイズ・色合い変更 文字サイズ 標準 拡大 背景色変更 白 黒 青 Translate 防災 当番医 サイト内 検索 Googleカスタム検索 詳しく さがす ID検索(ページの番号を入れてください) ID検索 注目ワード 住みたい田舎 子育て支援 昭和の町 ふるさと納税 休日当番医 ごみ検索 住民票・戸籍・印鑑登録 申請・届出 よくある質問 イベントカレンダー 一時保存する メニュー くらし・手続き 子育て・教育 健康・福祉 移住・定住 観光・イベント 市政 現在地 トップページ
27	16	臼杵市	手話通訳者派遣事業	https://www.city.usuki.oita.jp/docs/2014020400427/	手話通訳者派遣事業 | 臼杵市役所 本文へ ふりがなをつける --> 文字の大きさ 拡大 標準 縮小 背景色 黒 青 標準 読み上げる 臼杵市 メニュー サイトマップ お問合せ 総合トップ 市民向け 観光 ふるさと納税 移住・定住 事業者向け 他のカテゴリも表示する TOP カテゴリ 市民向け 医療・健康・福祉・保険・年金 障がい者のための福祉 公共料金・その他の減免・割引・サービス TOP カテゴリ 区分 コンテンツ 手話通訳者派遣事業 公開日 2019年2月14日 更新日 2026年7月17日 聴覚障害者の自立の向上や社会参加促進のため、日常生活において手話通訳が必要な方に手話通訳者を派遣します。 対象者 手話通訳者を必要とする聴覚障害者 連絡先 社会福祉法人 大分県聴覚障害者協会 TEL：097－551－
27	16	臼杵市	JR運賃の精神障害者割引制度の導入について	https://www.city.usuki.oita.jp/docs/2018013100035/	JR運賃の精神障害者割引制度の導入について | 臼杵市役所 本文へ ふりがなをつける --> 文字の大きさ 拡大 標準 縮小 背景色 黒 青 標準 読み上げる 臼杵市 メニュー サイトマップ お問合せ 総合トップ 市民向け 観光 ふるさと納税 移住・定住 事業者向け 他のカテゴリも表示する TOP カテゴリ 市民向け 医療・健康・福祉・保険・年金 障がい者のための福祉 公共料金・その他の減免・割引・サービス TOP カテゴリ 区分 コンテンツ JR運賃の精神障害者割引制度の導入について 公開日 2019年2月14日 更新日 2026年7月17日 令和7年（2025年）4月1日から精神障害者割引が導入されました 詳細につきましては、JR九州のホームページ「 障害者割引制度 」のご案内をご覧ください。 対象となる方
27	16	臼杵市	NHK「災害時 障害者のためのサイト」	https://www.city.usuki.oita.jp/docs/2019031800013/	NHK「災害時 障害者のためのサイト」 | 臼杵市役所 本文へ ふりがなをつける --> 文字の大きさ 拡大 標準 縮小 背景色 黒 青 標準 読み上げる 臼杵市 メニュー サイトマップ お問合せ 総合トップ 市民向け 観光 ふるさと納税 移住・定住 事業者向け 他のカテゴリも表示する TOP カテゴリ 市民向け 医療・健康・福祉・保険・年金 障がい者のための福祉 公共料金・その他の減免・割引・サービス TOP カテゴリ 区分 コンテンツ NHK「災害時 障害者のためのサイト」 公開日 2019年3月19日 更新日 2026年7月17日 NHK「災害時 障害者のためのサイト」 お問合せ 福祉課 各課の担当業務や直通電話、メールフォームによるお問い合わせは こちら をご覧ください。 ツイート 市役所のご案内 サイ
27	16	臼杵市	支援や配慮の必要を知らせる「ヘルプマーク」	https://www.city.usuki.oita.jp/docs/2020091800011/	支援や配慮の必要を知らせる「ヘルプマーク」 | 臼杵市役所 本文へ ふりがなをつける --> 文字の大きさ 拡大 標準 縮小 背景色 黒 青 標準 読み上げる 臼杵市 メニュー サイトマップ お問合せ 総合トップ 市民向け 観光 ふるさと納税 移住・定住 事業者向け 他のカテゴリも表示する TOP カテゴリ 市民向け 医療・健康・福祉・保険・年金 障がい者のための福祉 公共料金・その他の減免・割引・サービス TOP カテゴリ 区分 コンテンツ 支援や配慮の必要を知らせる「ヘルプマーク」 公開日 2020年9月23日 更新日 2026年7月17日 ヘルプマークを知っていますか 内部障がいや難病、知的障がい、精神障がい、認知症など、外見からわからなくても援助や配慮を必要としている方が、周囲の方に配慮を必要としている
26	30	臼杵市	うすき暮らしのアドバイス	https://www.city.usuki.oita.jp/docs/2014031900046/	うすき暮らしのアドバイス | 臼杵市役所 本文へ ふりがなをつける --> 文字の大きさ 拡大 標準 縮小 背景色 黒 青 標準 読み上げる 臼杵市 メニュー サイトマップ お問合せ 総合トップ 市民向け 観光 ふるさと納税 移住・定住 事業者向け 他のカテゴリも表示する TOP カテゴリ 市民向け 移住支援 うすき移住Q&A TOP カテゴリ 市民向け ライフイベント 住まい TOP カテゴリ 区分 コンテンツ うすき暮らしのアドバイス 公開日 2019年2月13日 更新日 2025年11月21日 うすき移住Q&A 1．移住の相談窓口を教えてください。 臼杵市役所の地域力創生課内の移住相談担当者が臼杵市への移住の総合案内としてご相談をお受けします。また、移住の先輩として地域おこし協力隊、定住支援員、移住・定住
26	30	臼杵市	予防接種における健康被害救済制度について	https://www.city.usuki.oita.jp/docs/2015110900018/	予防接種における健康被害救済制度について | 臼杵市役所 本文へ ふりがなをつける --> 文字の大きさ 拡大 標準 縮小 背景色 黒 青 標準 読み上げる 臼杵市 メニュー サイトマップ お問合せ 総合トップ 市民向け 観光 ふるさと納税 移住・定住 事業者向け 他のカテゴリも表示する TOP カテゴリ 市民向け 医療・健康・福祉・保険・年金 予防接種 TOP カテゴリ 区分 コンテンツ 予防接種における健康被害救済制度について 公開日 2019年2月12日 更新日 2026年5月29日 ​​​​予防接種は感染症を防ぐために重要なものですが、極めてまれに健康被害の発生がみられます。 万が一、予防接種による健康被害が発生した場合には、救済給付を行うための制度があります。 ※定期予防接種と任意予防接種で制度が異な
26	30	臼杵市	妊娠を希望する方への風しん抗体検査およびワクチン接種の費用助成について	https://www.city.usuki.oita.jp/docs/2014070900076/	妊娠を希望する方への風しん抗体検査およびワクチン接種の費用助成について | 臼杵市役所 本文へ ふりがなをつける --> 文字の大きさ 拡大 標準 縮小 背景色 黒 青 標準 読み上げる 臼杵市 メニュー サイトマップ お問合せ 総合トップ 市民向け 観光 ふるさと納税 移住・定住 事業者向け 他のカテゴリも表示する TOP カテゴリ 市民向け 医療・健康・福祉・保険・年金 予防接種 TOP カテゴリ 市民向け ライフイベント 妊娠・出産・子育て 妊娠・出産 TOP カテゴリ 市民向け ちあぽーと 妊娠・出産のころ 妊娠 TOP カテゴリ 区分 コンテンツ 妊娠を希望する方への風しん抗体検査およびワクチン接種の費用助成について 公開日 2019年2月12日 更新日 2026年5月29日 風しんは、風しんウイルス
26	30	臼杵市	在宅重度障がい者住宅改造費の助成	https://www.city.usuki.oita.jp/docs/2014020400267/	在宅重度障がい者住宅改造費の助成 | 臼杵市役所 本文へ ふりがなをつける --> 文字の大きさ 拡大 標準 縮小 背景色 黒 青 標準 読み上げる 臼杵市 メニュー サイトマップ お問合せ 総合トップ 市民向け 観光 ふるさと納税 移住・定住 事業者向け 他のカテゴリも表示する TOP カテゴリ 市民向け 医療・健康・福祉・保険・年金 障がい者のための福祉 助成 TOP カテゴリ 区分 コンテンツ 在宅重度障がい者住宅改造費の助成 公開日 2019年2月14日 更新日 2026年7月17日 在宅重度障がい者住宅改造費の助成 障がいのある方が居宅において生活するために必要な、風呂、トイレ、玄関、廊下、階段、台所、居室などの住宅設備を改造する費用の一部を助成します。 対象者 1級または2級の身体障害者手帳およびA
26	30	臼杵市	介護サービスを利用するまでの流れ	https://www.city.usuki.oita.jp/docs/2014020600926/	介護サービスを利用するまでの流れ | 臼杵市役所 本文へ ふりがなをつける --> 文字の大きさ 拡大 標準 縮小 背景色 黒 青 標準 読み上げる 臼杵市 メニュー サイトマップ お問合せ 総合トップ 市民向け 観光 ふるさと納税 移住・定住 事業者向け 他のカテゴリも表示する TOP カテゴリ 市民向け 医療・健康・福祉・保険・年金 介護保険 TOP カテゴリ 市民向け ライフイベント 介護・高齢者など 介護 TOP カテゴリ 区分 コンテンツ 介護サービスを利用するまでの流れ 公開日 2019年2月4日 更新日 2025年11月27日 （1）市役所の窓口にて、要介護認定の申請を行います 臼杵市役所臼杵庁舎高齢者支援課の窓口、または野津庁舎市民生活推進課の窓口で受付けています。 本人や家族だけでなく、地域包
26	30	竹田市	後期高齢者医療制度	https://www.city.taketa.oita.jp/kenko_fukushi/ikoreisha/1220.html	後期高齢者医療制度／竹田市 スマートフォン版を表示 本文へ 文字サイズ 背景色変更 Foreign Language 目的別で探す 妊娠・出産 子育て 入園・入学 就職・退職 結婚・離婚 引越し・住まい 高齢・介護 おくやみ よく利用されるメニュー 手続き検索ナビ 申請書ダウンロード ごみ検索 イベントカレンダー お問い合わせ お問い合わせフォームへ よく見られるページ 関連施設等のページ 竹田市立図書館 竹田市総合文化ホール グランツたけた 竹田市歴史文化館 竹田市消防本部 くらし・ 手続き 健康・福祉 市政・ まちづくり 子育て・教育 産業・ 事業者向け情報 学び・ スポーツ 移住・定住 文化・歴史 ・観光 現在のページ ホーム 健康・福祉・人権 後期高齢者医療制度 後期高齢者医療制度 後期高齢者医療制度
26	30	竹田市	妊産婦健診・出産時の交通費・宿泊費を助成します	https://www.city.taketa.oita.jp/kosodate_kyoiku/ninshin_shussan/9286.html	妊産婦健診・出産時の交通費・宿泊費を助成します／竹田市 スマートフォン版を表示 本文へ 文字サイズ 背景色変更 Foreign Language 目的別で探す 妊娠・出産 子育て 入園・入学 就職・退職 結婚・離婚 引越し・住まい 高齢・介護 おくやみ よく利用されるメニュー 手続き検索ナビ 申請書ダウンロード ごみ検索 イベントカレンダー お問い合わせ お問い合わせフォームへ よく見られるページ 関連施設等のページ 竹田市立図書館 竹田市総合文化ホール グランツたけた 竹田市歴史文化館 竹田市消防本部 くらし・ 手続き 健康・福祉 市政・ まちづくり 子育て・教育 産業・ 事業者向け情報 学び・ スポーツ 移住・定住 文化・歴史 ・観光 現在のページ ホーム 子育て・教育 妊娠・出産 妊産婦健診・出産時の交通
26	30	竹田市	妊産婦医療費を助成します	https://www.city.taketa.oita.jp/kosodate_kyoiku/ninshin_shussan/8436.html	妊産婦医療費を助成します／竹田市 スマートフォン版を表示 本文へ 文字サイズ 背景色変更 Foreign Language 目的別で探す 妊娠・出産 子育て 入園・入学 就職・退職 結婚・離婚 引越し・住まい 高齢・介護 おくやみ よく利用されるメニュー 手続き検索ナビ 申請書ダウンロード ごみ検索 イベントカレンダー お問い合わせ お問い合わせフォームへ よく見られるページ 関連施設等のページ 竹田市立図書館 竹田市総合文化ホール グランツたけた 竹田市歴史文化館 竹田市消防本部 くらし・ 手続き 健康・福祉 市政・ まちづくり 子育て・教育 産業・ 事業者向け情報 学び・ スポーツ 移住・定住 文化・歴史 ・観光 現在のページ ホーム 子育て・教育 妊娠・出産 妊産婦医療費を助成します 妊産婦医療費を助成し
26	30	竹田市	不妊症・不育症治療	https://www.city.taketa.oita.jp/life_scene/ninshin/4969.html	不妊症・不育症治療／竹田市 スマートフォン版を表示 本文へ 文字サイズ 背景色変更 Foreign Language 目的別で探す 妊娠・出産 子育て 入園・入学 就職・退職 結婚・離婚 引越し・住まい 高齢・介護 おくやみ よく利用されるメニュー 手続き検索ナビ 申請書ダウンロード ごみ検索 イベントカレンダー お問い合わせ お問い合わせフォームへ よく見られるページ 関連施設等のページ 竹田市立図書館 竹田市総合文化ホール グランツたけた 竹田市歴史文化館 竹田市消防本部 くらし・ 手続き 健康・福祉 市政・ まちづくり 子育て・教育 産業・ 事業者向け情報 学び・ スポーツ 移住・定住 文化・歴史 ・観光 現在のページ ホーム ライフシーンから探す 妊娠・出産 不妊症・不育症治療 不妊症・不育症治療 Tw
26	30	竹田市	高齢者福祉事業について	https://www.city.taketa.oita.jp/life_scene/kourei/2999.html	高齢者福祉事業について／竹田市 スマートフォン版を表示 本文へ 文字サイズ 背景色変更 Foreign Language 目的別で探す 妊娠・出産 子育て 入園・入学 就職・退職 結婚・離婚 引越し・住まい 高齢・介護 おくやみ よく利用されるメニュー 手続き検索ナビ 申請書ダウンロード ごみ検索 イベントカレンダー お問い合わせ お問い合わせフォームへ よく見られるページ 関連施設等のページ 竹田市立図書館 竹田市総合文化ホール グランツたけた 竹田市歴史文化館 竹田市消防本部 くらし・ 手続き 健康・福祉 市政・ まちづくり 子育て・教育 産業・ 事業者向け情報 学び・ スポーツ 移住・定住 文化・歴史 ・観光 現在のページ ホーム ライフシーンから探す 高齢・介護 高齢者福祉事業について 高齢者福祉事業に
26	30	竹田市	後期高齢者医療制度	https://www.city.taketa.oita.jp/life_scene/kourei/3004.html	後期高齢者医療制度／竹田市 スマートフォン版を表示 本文へ 文字サイズ 背景色変更 Foreign Language 目的別で探す 妊娠・出産 子育て 入園・入学 就職・退職 結婚・離婚 引越し・住まい 高齢・介護 おくやみ よく利用されるメニュー 手続き検索ナビ 申請書ダウンロード ごみ検索 イベントカレンダー お問い合わせ お問い合わせフォームへ よく見られるページ 関連施設等のページ 竹田市立図書館 竹田市総合文化ホール グランツたけた 竹田市歴史文化館 竹田市消防本部 くらし・ 手続き 健康・福祉 市政・ まちづくり 子育て・教育 産業・ 事業者向け情報 学び・ スポーツ 移住・定住 文化・歴史 ・観光 現在のページ ホーム ライフシーンから探す 高齢・介護 後期高齢者医療制度 後期高齢者医療制度 Tw
26	30	竹田市	竹田市で保育士になりませんか？	https://www.city.taketa.oita.jp/life_scene/nyuen/6700.html	竹田市で保育士になりませんか？／竹田市 スマートフォン版を表示 本文へ 文字サイズ 背景色変更 Foreign Language 目的別で探す 妊娠・出産 子育て 入園・入学 就職・退職 結婚・離婚 引越し・住まい 高齢・介護 おくやみ よく利用されるメニュー 手続き検索ナビ 申請書ダウンロード ごみ検索 イベントカレンダー お問い合わせ お問い合わせフォームへ よく見られるページ 関連施設等のページ 竹田市立図書館 竹田市総合文化ホール グランツたけた 竹田市歴史文化館 竹田市消防本部 くらし・ 手続き 健康・福祉 市政・ まちづくり 子育て・教育 産業・ 事業者向け情報 学び・ スポーツ 移住・定住 文化・歴史 ・観光 現在のページ ホーム ライフシーンから探す 入園・入学 竹田市で保育士になりませんか？
26	30	竹田市	竹田市老朽危険空き家等除去促進事業	https://www.city.taketa.oita.jp/shinseisho/8981.html	竹田市老朽危険空き家等除去促進事業／竹田市 スマートフォン版を表示 本文へ 文字サイズ 背景色変更 Foreign Language 目的別で探す 妊娠・出産 子育て 入園・入学 就職・退職 結婚・離婚 引越し・住まい 高齢・介護 おくやみ よく利用されるメニュー 手続き検索ナビ 申請書ダウンロード ごみ検索 イベントカレンダー お問い合わせ お問い合わせフォームへ よく見られるページ 関連施設等のページ 竹田市立図書館 竹田市総合文化ホール グランツたけた 竹田市歴史文化館 竹田市消防本部 くらし・ 手続き 健康・福祉 市政・ まちづくり 子育て・教育 産業・ 事業者向け情報 学び・ スポーツ 移住・定住 文化・歴史 ・観光 現在のページ ホーム 申請書ダウンロード 竹田市老朽危険空き家等除去促進事業 竹田市
26	30	竹田市	竹田市危険ブロック塀等除却事業	https://www.city.taketa.oita.jp/shinseisho/8978.html	竹田市危険ブロック塀等除却事業／竹田市 スマートフォン版を表示 本文へ 文字サイズ 背景色変更 Foreign Language 目的別で探す 妊娠・出産 子育て 入園・入学 就職・退職 結婚・離婚 引越し・住まい 高齢・介護 おくやみ よく利用されるメニュー 手続き検索ナビ 申請書ダウンロード ごみ検索 イベントカレンダー お問い合わせ お問い合わせフォームへ よく見られるページ 関連施設等のページ 竹田市立図書館 竹田市総合文化ホール グランツたけた 竹田市歴史文化館 竹田市消防本部 くらし・ 手続き 健康・福祉 市政・ まちづくり 子育て・教育 産業・ 事業者向け情報 学び・ スポーツ 移住・定住 文化・歴史 ・観光 現在のページ ホーム 申請書ダウンロード 竹田市危険ブロック塀等除却事業 竹田市危険ブロ
26	30	竹田市	特殊詐欺等被害防止機能付き電話機、防犯カメラの補助について	https://www.city.taketa.oita.jp/shinseisho/6830.html	特殊詐欺等被害防止機能付き電話機、防犯カメラの補助について／竹田市 スマートフォン版を表示 本文へ 文字サイズ 背景色変更 Foreign Language 目的別で探す 妊娠・出産 子育て 入園・入学 就職・退職 結婚・離婚 引越し・住まい 高齢・介護 おくやみ よく利用されるメニュー 手続き検索ナビ 申請書ダウンロード ごみ検索 イベントカレンダー お問い合わせ お問い合わせフォームへ よく見られるページ 関連施設等のページ 竹田市立図書館 竹田市総合文化ホール グランツたけた 竹田市歴史文化館 竹田市消防本部 くらし・ 手続き 健康・福祉 市政・ まちづくり 子育て・教育 産業・ 事業者向け情報 学び・ スポーツ 移住・定住 文化・歴史 ・観光 現在のページ ホーム 申請書ダウンロード 特殊詐欺等被害防止
26	30	竹田市	高齢者福祉事業について	https://www.city.taketa.oita.jp/kenko_fukushi/fukushi_kaigo/1230.html	高齢者福祉事業について／竹田市 スマートフォン版を表示 本文へ 文字サイズ 背景色変更 Foreign Language 目的別で探す 妊娠・出産 子育て 入園・入学 就職・退職 結婚・離婚 引越し・住まい 高齢・介護 おくやみ よく利用されるメニュー 手続き検索ナビ 申請書ダウンロード ごみ検索 イベントカレンダー お問い合わせ お問い合わせフォームへ よく見られるページ 関連施設等のページ 竹田市立図書館 竹田市総合文化ホール グランツたけた 竹田市歴史文化館 竹田市消防本部 くらし・ 手続き 健康・福祉 市政・ まちづくり 子育て・教育 産業・ 事業者向け情報 学び・ スポーツ 移住・定住 文化・歴史 ・観光 現在のページ ホーム 健康・福祉・人権 高齢者福祉・介護 高齢者福祉事業について 高齢者福祉事業
26	30	竹田市	介護人材確保対策について	https://www.city.taketa.oita.jp/kenko_fukushi/fukushi_kaigo/3739.html	介護人材確保対策について／竹田市 スマートフォン版を表示 本文へ 文字サイズ 背景色変更 Foreign Language 目的別で探す 妊娠・出産 子育て 入園・入学 就職・退職 結婚・離婚 引越し・住まい 高齢・介護 おくやみ よく利用されるメニュー 手続き検索ナビ 申請書ダウンロード ごみ検索 イベントカレンダー お問い合わせ お問い合わせフォームへ よく見られるページ 関連施設等のページ 竹田市立図書館 竹田市総合文化ホール グランツたけた 竹田市歴史文化館 竹田市消防本部 くらし・ 手続き 健康・福祉 市政・ まちづくり 子育て・教育 産業・ 事業者向け情報 学び・ スポーツ 移住・定住 文化・歴史 ・観光 現在のページ ホーム 健康・福祉・人権 高齢者福祉・介護 介護人材確保対策について 介護人材確
26	30	竹田市	竹田市子育て・高齢者世帯リフォーム支援事業	https://www.city.taketa.oita.jp/kenko_fukushi/fukushi_kaigo/4603.html	竹田市子育て・高齢者世帯リフォーム支援事業／竹田市 スマートフォン版を表示 本文へ 文字サイズ 背景色変更 Foreign Language 目的別で探す 妊娠・出産 子育て 入園・入学 就職・退職 結婚・離婚 引越し・住まい 高齢・介護 おくやみ よく利用されるメニュー 手続き検索ナビ 申請書ダウンロード ごみ検索 イベントカレンダー お問い合わせ お問い合わせフォームへ よく見られるページ 関連施設等のページ 竹田市立図書館 竹田市総合文化ホール グランツたけた 竹田市歴史文化館 竹田市消防本部 くらし・ 手続き 健康・福祉 市政・ まちづくり 子育て・教育 産業・ 事業者向け情報 学び・ スポーツ 移住・定住 文化・歴史 ・観光 現在のページ ホーム 健康・福祉・人権 高齢者福祉・介護 竹田市子育て・高齢
26	30	竹田市	骨髄移植ドナー等支援事業	https://www.city.taketa.oita.jp/kenko_fukushi/iryo/6818.html	骨髄移植ドナー等支援事業／竹田市 スマートフォン版を表示 本文へ 文字サイズ 背景色変更 Foreign Language 目的別で探す 妊娠・出産 子育て 入園・入学 就職・退職 結婚・離婚 引越し・住まい 高齢・介護 おくやみ よく利用されるメニュー 手続き検索ナビ 申請書ダウンロード ごみ検索 イベントカレンダー お問い合わせ お問い合わせフォームへ よく見られるページ 関連施設等のページ 竹田市立図書館 竹田市総合文化ホール グランツたけた 竹田市歴史文化館 竹田市消防本部 くらし・ 手続き 健康・福祉 市政・ まちづくり 子育て・教育 産業・ 事業者向け情報 学び・ スポーツ 移住・定住 文化・歴史 ・観光 現在のページ ホーム 健康・福祉・人権 医療 骨髄移植ドナー等支援事業 骨髄移植ドナー等支援事
26	30	竹田市	【50歳以上対象】 帯状疱疹ワクチン予防接種費用の一部を助成します	https://www.city.taketa.oita.jp/kenko_fukushi/kenkouzukuri/yobousessyukansensyou/yobousessyu/9574.html	【50歳以上対象】 帯状疱疹ワクチン予防接種費用の一部を助成します／竹田市 スマートフォン版を表示 本文へ 文字サイズ 背景色変更 Foreign Language 目的別で探す 妊娠・出産 子育て 入園・入学 就職・退職 結婚・離婚 引越し・住まい 高齢・介護 おくやみ よく利用されるメニュー 手続き検索ナビ 申請書ダウンロード ごみ検索 イベントカレンダー お問い合わせ お問い合わせフォームへ よく見られるページ 関連施設等のページ 竹田市立図書館 竹田市総合文化ホール グランツたけた 竹田市歴史文化館 竹田市消防本部 くらし・ 手続き 健康・福祉 市政・ まちづくり 子育て・教育 産業・ 事業者向け情報 学び・ スポーツ 移住・定住 文化・歴史 ・観光 現在のページ ホーム 健康・福祉・人権 健康づくり
26	30	竹田市	竹田市子育て・高齢者世帯リフォーム支援事業	https://www.city.taketa.oita.jp/kosodate_kyoiku/kosodateshien/4602.html	竹田市子育て・高齢者世帯リフォーム支援事業／竹田市 スマートフォン版を表示 本文へ 文字サイズ 背景色変更 Foreign Language 目的別で探す 妊娠・出産 子育て 入園・入学 就職・退職 結婚・離婚 引越し・住まい 高齢・介護 おくやみ よく利用されるメニュー 手続き検索ナビ 申請書ダウンロード ごみ検索 イベントカレンダー お問い合わせ お問い合わせフォームへ よく見られるページ 関連施設等のページ 竹田市立図書館 竹田市総合文化ホール グランツたけた 竹田市歴史文化館 竹田市消防本部 くらし・ 手続き 健康・福祉 市政・ まちづくり 子育て・教育 産業・ 事業者向け情報 学び・ スポーツ 移住・定住 文化・歴史 ・観光 現在のページ ホーム 子育て・教育 子育て支援 竹田市子育て・高齢者世帯リフ
26	30	竹田市	放課後児童クラブ	https://www.city.taketa.oita.jp/kosodate_kyoiku/kosodateshien/5353.html	放課後児童クラブ／竹田市 スマートフォン版を表示 本文へ 文字サイズ 背景色変更 Foreign Language 目的別で探す 妊娠・出産 子育て 入園・入学 就職・退職 結婚・離婚 引越し・住まい 高齢・介護 おくやみ よく利用されるメニュー 手続き検索ナビ 申請書ダウンロード ごみ検索 イベントカレンダー お問い合わせ お問い合わせフォームへ よく見られるページ 関連施設等のページ 竹田市立図書館 竹田市総合文化ホール グランツたけた 竹田市歴史文化館 竹田市消防本部 くらし・ 手続き 健康・福祉 市政・ まちづくり 子育て・教育 産業・ 事業者向け情報 学び・ スポーツ 移住・定住 文化・歴史 ・観光 現在のページ ホーム 子育て・教育 子育て支援 放課後児童クラブ 放課後児童クラブ 更新日：2025年
26	30	竹田市	不妊症・不育症治療	https://www.city.taketa.oita.jp/kosodate_kyoiku/ninshin_shussan/4980.html	不妊症・不育症治療／竹田市 スマートフォン版を表示 本文へ 文字サイズ 背景色変更 Foreign Language 目的別で探す 妊娠・出産 子育て 入園・入学 就職・退職 結婚・離婚 引越し・住まい 高齢・介護 おくやみ よく利用されるメニュー 手続き検索ナビ 申請書ダウンロード ごみ検索 イベントカレンダー お問い合わせ お問い合わせフォームへ よく見られるページ 関連施設等のページ 竹田市立図書館 竹田市総合文化ホール グランツたけた 竹田市歴史文化館 竹田市消防本部 くらし・ 手続き 健康・福祉 市政・ まちづくり 子育て・教育 産業・ 事業者向け情報 学び・ スポーツ 移住・定住 文化・歴史 ・観光 現在のページ ホーム 子育て・教育 妊娠・出産 不妊症・不育症治療 不妊症・不育症治療 Tweet
26	30	竹田市	竹田市で保育士になりませんか？	https://www.city.taketa.oita.jp/kosodate_kyoiku/nyugaku_nyuen/1/6690.html	竹田市で保育士になりませんか？／竹田市 スマートフォン版を表示 本文へ 文字サイズ 背景色変更 Foreign Language 目的別で探す 妊娠・出産 子育て 入園・入学 就職・退職 結婚・離婚 引越し・住まい 高齢・介護 おくやみ よく利用されるメニュー 手続き検索ナビ 申請書ダウンロード ごみ検索 イベントカレンダー お問い合わせ お問い合わせフォームへ よく見られるページ 関連施設等のページ 竹田市立図書館 竹田市総合文化ホール グランツたけた 竹田市歴史文化館 竹田市消防本部 くらし・ 手続き 健康・福祉 市政・ まちづくり 子育て・教育 産業・ 事業者向け情報 学び・ スポーツ 移住・定住 文化・歴史 ・観光 現在のページ ホーム 子育て・教育 入学・入園 保育所・幼稚園・認定こども園 竹田市で保
26	30	竹田市	生ごみ処理機の助成について	https://www.city.taketa.oita.jp/kurashi_tetsuzuki/gomi_recycling/trash/trash/3764.html	生ごみ処理機の助成について／竹田市 スマートフォン版を表示 本文へ 文字サイズ 背景色変更 Foreign Language 目的別で探す 妊娠・出産 子育て 入園・入学 就職・退職 結婚・離婚 引越し・住まい 高齢・介護 おくやみ よく利用されるメニュー 手続き検索ナビ 申請書ダウンロード ごみ検索 イベントカレンダー お問い合わせ お問い合わせフォームへ よく見られるページ 関連施設等のページ 竹田市立図書館 竹田市総合文化ホール グランツたけた 竹田市歴史文化館 竹田市消防本部 くらし・ 手続き 健康・福祉 市政・ まちづくり 子育て・教育 産業・ 事業者向け情報 学び・ スポーツ 移住・定住 文化・歴史 ・観光 現在のページ ホーム くらし・手続き ごみ・リサイクル・環境 ごみ・リサイクル ごみの収集に
26	30	竹田市	竹田市危険ブロック塀等除却事業	https://www.city.taketa.oita.jp/kurashi_tetsuzuki/sumai_tochi/8971.html	竹田市危険ブロック塀等除却事業／竹田市 スマートフォン版を表示 本文へ 文字サイズ 背景色変更 Foreign Language 目的別で探す 妊娠・出産 子育て 入園・入学 就職・退職 結婚・離婚 引越し・住まい 高齢・介護 おくやみ よく利用されるメニュー 手続き検索ナビ 申請書ダウンロード ごみ検索 イベントカレンダー お問い合わせ お問い合わせフォームへ よく見られるページ 関連施設等のページ 竹田市立図書館 竹田市総合文化ホール グランツたけた 竹田市歴史文化館 竹田市消防本部 くらし・ 手続き 健康・福祉 市政・ まちづくり 子育て・教育 産業・ 事業者向け情報 学び・ スポーツ 移住・定住 文化・歴史 ・観光 現在のページ ホーム くらし・手続き 住まい・土地 竹田市危険ブロック塀等除却事業 竹田
26	30	竹田市	竹田市老朽危険空き家等除去促進事業	https://www.city.taketa.oita.jp/kurashi_tetsuzuki/sumai_tochi/3895.html	竹田市老朽危険空き家等除去促進事業／竹田市 スマートフォン版を表示 本文へ 文字サイズ 背景色変更 Foreign Language 目的別で探す 妊娠・出産 子育て 入園・入学 就職・退職 結婚・離婚 引越し・住まい 高齢・介護 おくやみ よく利用されるメニュー 手続き検索ナビ 申請書ダウンロード ごみ検索 イベントカレンダー お問い合わせ お問い合わせフォームへ よく見られるページ 関連施設等のページ 竹田市立図書館 竹田市総合文化ホール グランツたけた 竹田市歴史文化館 竹田市消防本部 くらし・ 手続き 健康・福祉 市政・ まちづくり 子育て・教育 産業・ 事業者向け情報 学び・ スポーツ 移住・定住 文化・歴史 ・観光 現在のページ ホーム くらし・手続き 住まい・土地 竹田市老朽危険空き家等除去促進事
26	30	竹田市	竹田市子育て・高齢者世帯リフォーム支援事業	https://www.city.taketa.oita.jp/kurashi_tetsuzuki/sumai_tochi/4601.html	竹田市子育て・高齢者世帯リフォーム支援事業／竹田市 スマートフォン版を表示 本文へ 文字サイズ 背景色変更 Foreign Language 目的別で探す 妊娠・出産 子育て 入園・入学 就職・退職 結婚・離婚 引越し・住まい 高齢・介護 おくやみ よく利用されるメニュー 手続き検索ナビ 申請書ダウンロード ごみ検索 イベントカレンダー お問い合わせ お問い合わせフォームへ よく見られるページ 関連施設等のページ 竹田市立図書館 竹田市総合文化ホール グランツたけた 竹田市歴史文化館 竹田市消防本部 くらし・ 手続き 健康・福祉 市政・ まちづくり 子育て・教育 産業・ 事業者向け情報 学び・ スポーツ 移住・定住 文化・歴史 ・観光 現在のページ ホーム くらし・手続き 住まい・土地 竹田市子育て・高齢者世帯
26	30	竹田市	竹田市住宅耐震化総合支援事業	https://www.city.taketa.oita.jp/kurashi_tetsuzuki/sumai_tochi/4052.html	竹田市住宅耐震化総合支援事業／竹田市 スマートフォン版を表示 本文へ 文字サイズ 背景色変更 Foreign Language 目的別で探す 妊娠・出産 子育て 入園・入学 就職・退職 結婚・離婚 引越し・住まい 高齢・介護 おくやみ よく利用されるメニュー 手続き検索ナビ 申請書ダウンロード ごみ検索 イベントカレンダー お問い合わせ お問い合わせフォームへ よく見られるページ 関連施設等のページ 竹田市立図書館 竹田市総合文化ホール グランツたけた 竹田市歴史文化館 竹田市消防本部 くらし・ 手続き 健康・福祉 市政・ まちづくり 子育て・教育 産業・ 事業者向け情報 学び・ スポーツ 移住・定住 文化・歴史 ・観光 現在のページ ホーム くらし・手続き 住まい・土地 竹田市住宅耐震化総合支援事業 竹田市住
26	30	竹田市	軽自動車税(種別割)	https://www.city.taketa.oita.jp/kurashi_tetsuzuki/zeikin/sizeinosyurui/11415.html	軽自動車税(種別割)／竹田市 スマートフォン版を表示 本文へ 文字サイズ 背景色変更 Foreign Language 目的別で探す 妊娠・出産 子育て 入園・入学 就職・退職 結婚・離婚 引越し・住まい 高齢・介護 おくやみ よく利用されるメニュー 手続き検索ナビ 申請書ダウンロード ごみ検索 イベントカレンダー お問い合わせ お問い合わせフォームへ よく見られるページ 関連施設等のページ 竹田市立図書館 竹田市総合文化ホール グランツたけた 竹田市歴史文化館 竹田市消防本部 くらし・ 手続き 健康・福祉 市政・ まちづくり 子育て・教育 産業・ 事業者向け情報 学び・ スポーツ 移住・定住 文化・歴史 ・観光 現在のページ ホーム くらし・手続き 税金 市税について 軽自動車税(種別割) 軽自動車税(種別割
26	30	竹田市	国民健康保険税	https://www.city.taketa.oita.jp/kurashi_tetsuzuki/zeikin/sizeinosyurui/7144.html	国民健康保険税／竹田市 スマートフォン版を表示 本文へ 文字サイズ 背景色変更 Foreign Language 目的別で探す 妊娠・出産 子育て 入園・入学 就職・退職 結婚・離婚 引越し・住まい 高齢・介護 おくやみ よく利用されるメニュー 手続き検索ナビ 申請書ダウンロード ごみ検索 イベントカレンダー お問い合わせ お問い合わせフォームへ よく見られるページ 関連施設等のページ 竹田市立図書館 竹田市総合文化ホール グランツたけた 竹田市歴史文化館 竹田市消防本部 くらし・ 手続き 健康・福祉 市政・ まちづくり 子育て・教育 産業・ 事業者向け情報 学び・ スポーツ 移住・定住 文化・歴史 ・観光 現在のページ ホーム くらし・手続き 税金 市税について 国民健康保険税 国民健康保険税 Tweet 更
26	30	竹田市	申し込み方法・手続き・初期費用・使用料・納付方法	https://www.city.taketa.oita.jp/soshiki/cable/1/522.html	申し込み方法・手続き・初期費用・使用料・納付方法／竹田市 スマートフォン版を表示 本文へ 文字サイズ 背景色変更 Foreign Language 目的別で探す 妊娠・出産 子育て 入園・入学 就職・退職 結婚・離婚 引越し・住まい 高齢・介護 おくやみ よく利用されるメニュー 手続き検索ナビ 申請書ダウンロード ごみ検索 イベントカレンダー お問い合わせ お問い合わせフォームへ よく見られるページ 関連施設等のページ 竹田市立図書館 竹田市総合文化ホール グランツたけた 竹田市歴史文化館 竹田市消防本部 くらし・ 手続き 健康・福祉 市政・ まちづくり 子育て・教育 産業・ 事業者向け情報 学び・ スポーツ 移住・定住 文化・歴史 ・観光 現在のページ ホーム 組織から探す たけたケーブルテレビ 各項目のご案
26	30	津久見市	障がい者（児）福祉	https://www.city.tsukumi.oita.jp/site/kosodate/268.html	障がい者（児）福祉 - 津久見市公式ホームページ ページの先頭です。 メニューを飛ばして本文へ メニュー 検索 本文へ はじめての方へ Foreign language 背景色・文字サイズ 背景色 白 黒 青 文字サイズ 標準 拡大 目的でさがす 年齢でさがす 施設 休日・夜間当番医 イベントカレンダー キーワード検索 現在地 トップページ > 分類でさがす > くらしの情報 > 介護・福祉 > 障がい者（児）福祉 > 津久見市子育て応援サイト「つくみっこ」 > 目的でさがす > 発達・障がい > 障がい者（児）福祉 本文 障がい者（児）福祉 印刷ページ表示 更新日：2019年5月22日更新 障がい者手帳 障がい者（児）福祉では、障がいの種類によって手帳が交付されます。いろいろなサービスや交通費などの割引を受け
26	30	津久見市	同窓会開催費用を助成します！	https://www.city.tsukumi.oita.jp/soshiki/6/32408.html	同窓会開催費用を助成します！ - 津久見市公式ホームページ ページの先頭です。 メニューを飛ばして本文へ メニュー 本文へ Foreign language 背景色・文字サイズ 背景色 白 黒 青 文字サイズ 標準 拡大 キーワード検索 詳細検索 分類でさがす 組織でさがす カレンダーでさがす 注目 防災 子育て マイナンバーカード ごみ くらし しごと 観光 市政・議会 現在地 トップページ > 組織でさがす > 本庁 > 商工観光・定住推進課 > 同窓会開催費用を助成します！ 本文 同窓会開催費用を助成します！ 印刷ページ表示 更新日：2026年4月14日更新 市外に住む出身者とのつながりを深め、ふるさとへの愛着を育み多様な出会いの場の創出及び地域経済の活性化のため、市内で開催される同窓会に対し開催経費の一
26	30	津久見市	【申請は令和９年１月２９日まで】物価高騰などの影響により経営が厳しい小規模事業者を支援します！	https://www.city.tsukumi.oita.jp/soshiki/6/20467.html	【申請は令和９年１月２９日まで】物価高騰などの影響により経営が厳しい小規模事業者を支援します！ - 津久見市公式ホームページ ページの先頭です。 メニューを飛ばして本文へ メニュー 本文へ Foreign language 背景色・文字サイズ 背景色 白 黒 青 文字サイズ 標準 拡大 キーワード検索 詳細検索 分類でさがす 組織でさがす カレンダーでさがす 注目 防災 子育て マイナンバーカード ごみ くらし しごと 観光 市政・議会 現在地 トップページ > 組織でさがす > 本庁 > 商工観光・定住推進課 > 【申請は令和９年１月２９日まで】物価高騰などの影響により経営が厳しい小規模事業者を支援します！ 本文 【申請は令和９年１月２９日まで】物価高騰などの影響により経営が厳しい小規模事業者を支援します！
26	30	津久見市	企業立地促進に関する助成について	https://www.city.tsukumi.oita.jp/soshiki/6/13406.html	企業立地促進に関する助成について - 津久見市公式ホームページ ページの先頭です。 メニューを飛ばして本文へ メニュー 本文へ Foreign language 背景色・文字サイズ 背景色 白 黒 青 文字サイズ 標準 拡大 キーワード検索 詳細検索 分類でさがす 組織でさがす カレンダーでさがす 注目 防災 子育て マイナンバーカード ごみ くらし しごと 観光 市政・議会 現在地 トップページ > 組織でさがす > 本庁 > 商工観光・定住推進課 > 企業立地促進に関する助成について 本文 企業立地促進に関する助成について 印刷ページ表示 更新日：2025年4月1日更新 『津久見市企業立地促進条例』について 令和7年３月、津久見市内での企業立地の促進、雇用機会の拡大、雇用環境の整備に対して費用の助成を行う「
26	30	津久見市	新生児聴覚スクリーニング検査の助成	https://www.city.tsukumi.oita.jp/site/kosodate/23872.html	新生児聴覚スクリーニング検査の助成 - 津久見市公式ホームページ ページの先頭です。 メニューを飛ばして本文へ メニュー 検索 本文へ はじめての方へ Foreign language 背景色・文字サイズ 背景色 白 黒 青 文字サイズ 標準 拡大 目的でさがす 年齢でさがす 施設 休日・夜間当番医 イベントカレンダー キーワード検索 現在地 トップページ > 津久見市子育て応援サイト「つくみっこ」 > 年齢でさがす > 0～2歳児 > 新生児聴覚スクリーニング検査の助成 本文 新生児聴覚スクリーニング検査の助成 印刷ページ表示 更新日：2023年3月6日更新 新生児聴覚スクリーニング検査とは、生まれて間もない赤ちゃんを対象に行う「耳の聞こえ」の検査です。 津久見市では聴覚障がいを早期に発見し、適切な支援につな
26	30	津久見市	未熟児養育医療費の助成	https://www.city.tsukumi.oita.jp/site/kosodate/23807.html	未熟児養育医療費の助成 - 津久見市公式ホームページ ページの先頭です。 メニューを飛ばして本文へ メニュー 検索 本文へ はじめての方へ Foreign language 背景色・文字サイズ 背景色 白 黒 青 文字サイズ 標準 拡大 目的でさがす 年齢でさがす 施設 休日・夜間当番医 イベントカレンダー キーワード検索 現在地 トップページ > 津久見市子育て応援サイト「つくみっこ」 > 年齢でさがす > 0～2歳児 > 未熟児養育医療費の助成 本文 未熟児養育医療費の助成 印刷ページ表示 更新日：2023年3月2日更新 未熟児養育医療とは からだの発育が未熟なまま出生したお子さんが特別な医療な必要とする場合、母子保健法に基づく医療の給付を行い、保護者の負担を軽減する制度です。 給付の対象となる方 次のいず
26	30	津久見市	子宮頸がん予防ワクチンの任意接種の費用助成について	https://www.city.tsukumi.oita.jp/site/kosodate/22941.html	子宮頸がん予防ワクチンの任意接種の費用助成について - 津久見市公式ホームページ ページの先頭です。 メニューを飛ばして本文へ メニュー 検索 本文へ はじめての方へ Foreign language 背景色・文字サイズ 背景色 白 黒 青 文字サイズ 標準 拡大 目的でさがす 年齢でさがす 施設 休日・夜間当番医 イベントカレンダー キーワード検索 現在地 トップページ > 津久見市子育て応援サイト「つくみっこ」 > 目的でさがす > 支援・助成 > 子宮頸がん予防ワクチンの任意接種の費用助成について 本文 子宮頸がん予防ワクチンの任意接種の費用助成について 印刷ページ表示 更新日：2022年11月8日更新 子宮頸がん予防ワクチンの積極的勧奨の差し控えにより、定期接種の機会を逃した方が、定期接種の対象年齢（小
26	30	豊後高田市	全国トップレベルの子育て支援を「本気」で目指しています！！	https://www.city.bungotakada.oita.jp/soshiki/4/2381.html	全国トップレベルの子育て支援を「本気」で目指しています！！ - 豊後高田市ホームページ ページの先頭です。 メニューを飛ばして本文へ メニュー --> 豊後高田市の魅力 ヘルプ メニュー 本文へ 本文へ --> 検索 文字サイズ・色合い変更 文字サイズ 標準 拡大 背景色変更 白 黒 青 Translate 防災 当番医 サイト内 検索 Googleカスタム検索 詳しく さがす ID検索(ページの番号を入れてください) ID検索 注目ワード 住みたい田舎 子育て支援 昭和の町 ふるさと納税 休日当番医 ごみ検索 住民票・戸籍・印鑑登録 申請・届出 よくある質問 イベントカレンダー 一時保存する メニュー くらし・手続き 子育て・教育 健康・福祉 移住・定住 観光・イベント 市政 現在地 トップページ > 分類で
26	30	豊後高田市	被災者支援に関する情報	https://www.city.bungotakada.oita.jp/site/bousai/32008.html	被災者支援に関する情報 - 豊後高田市防災情報 - 豊後高田市ホームページ ページの先頭です。 メニューを飛ばして本文へ メニュー --> 豊後高田市の魅力 ヘルプ メニュー 本文へ 本文へ --> 検索 文字サイズ・色合い変更 文字サイズ 標準 拡大 背景色変更 白 黒 青 Translate 防災 当番医 サイト内 検索 Googleカスタム検索 詳しく さがす ID検索(ページの番号を入れてください) ID検索 注目ワード 住みたい田舎 子育て支援 昭和の町 ふるさと納税 休日当番医 ごみ検索 住民票・戸籍・印鑑登録 申請・届出 よくある質問 イベントカレンダー 一時保存する メニュー くらし・手続き 子育て・教育 健康・福祉 移住・定住 観光・イベント 市政 現在地 トップページ > 分類でさがす >
26	30	豊後高田市	木造住宅耐震化促進事業について	https://www.city.bungotakada.oita.jp/site/bousai/1815.html	木造住宅耐震化促進事業について - 豊後高田市防災情報 - 豊後高田市ホームページ ページの先頭です。 メニューを飛ばして本文へ メニュー --> 豊後高田市の魅力 ヘルプ メニュー 本文へ 本文へ --> 検索 文字サイズ・色合い変更 文字サイズ 標準 拡大 背景色変更 白 黒 青 Translate 防災 当番医 サイト内 検索 Googleカスタム検索 詳しく さがす ID検索(ページの番号を入れてください) ID検索 注目ワード 住みたい田舎 子育て支援 昭和の町 ふるさと納税 休日当番医 ごみ検索 住民票・戸籍・印鑑登録 申請・届出 よくある質問 イベントカレンダー 一時保存する メニュー くらし・手続き 子育て・教育 健康・福祉 移住・定住 観光・イベント 市政 現在地 トップページ > 分類でさが
26	30	豊後高田市	危険ブロック塀を除却する費用の一部補助について	https://www.city.bungotakada.oita.jp/site/bousai/2308.html	危険ブロック塀を除却する費用の一部補助について - 豊後高田市防災情報 - 豊後高田市ホームページ ページの先頭です。 メニューを飛ばして本文へ メニュー --> 豊後高田市の魅力 ヘルプ メニュー 本文へ 本文へ --> 検索 文字サイズ・色合い変更 文字サイズ 標準 拡大 背景色変更 白 黒 青 Translate 防災 当番医 サイト内 検索 Googleカスタム検索 詳しく さがす ID検索(ページの番号を入れてください) ID検索 注目ワード 住みたい田舎 子育て支援 昭和の町 ふるさと納税 休日当番医 ごみ検索 住民票・戸籍・印鑑登録 申請・届出 よくある質問 イベントカレンダー 一時保存する メニュー くらし・手続き 子育て・教育 健康・福祉 移住・定住 観光・イベント 市政 現在地 トップページ
26	30	豊後高田市	特定個人情報保護評価	https://www.city.bungotakada.oita.jp/site/mynumber/1578.html	特定個人情報保護評価 - 豊後高田市マイナンバー制度総合サイト - 豊後高田市ホームページ ページの先頭です。 メニューを飛ばして本文へ メニュー --> 豊後高田市の魅力 ヘルプ メニュー 本文へ 本文へ --> 検索 文字サイズ・色合い変更 文字サイズ 標準 拡大 背景色変更 白 黒 青 Translate 防災 当番医 サイト内 検索 Googleカスタム検索 詳しく さがす ID検索(ページの番号を入れてください) ID検索 注目ワード 住みたい田舎 子育て支援 昭和の町 ふるさと納税 休日当番医 ごみ検索 住民票・戸籍・印鑑登録 申請・届出 よくある質問 イベントカレンダー 一時保存する メニュー くらし・手続き 子育て・教育 健康・福祉 移住・定住 観光・イベント 市政 現在地 トップページ > 分
26	30	豊後高田市	合併処理浄化槽の設置費用を補助します（令和8年度分）	https://www.city.bungotakada.oita.jp/soshiki/13/31023.html	合併処理浄化槽の設置費用を補助します（令和8年度分） - 豊後高田市ホームページ ページの先頭です。 メニューを飛ばして本文へ メニュー --> 豊後高田市の魅力 ヘルプ メニュー 本文へ 本文へ --> 検索 文字サイズ・色合い変更 文字サイズ 標準 拡大 背景色変更 白 黒 青 Translate 防災 当番医 サイト内 検索 Googleカスタム検索 詳しく さがす ID検索(ページの番号を入れてください) ID検索 注目ワード 住みたい田舎 子育て支援 昭和の町 ふるさと納税 休日当番医 ごみ検索 住民票・戸籍・印鑑登録 申請・届出 よくある質問 イベントカレンダー 一時保存する メニュー くらし・手続き 子育て・教育 健康・福祉 移住・定住 観光・イベント 市政 現在地 トップページ > 組織でさがす
26	30	豊後高田市	新規就農支援事業について	https://www.city.bungotakada.oita.jp/soshiki/15/1918.html	新規就農支援事業について - 豊後高田市ホームページ ページの先頭です。 メニューを飛ばして本文へ メニュー --> 豊後高田市の魅力 ヘルプ メニュー 本文へ 本文へ --> 検索 文字サイズ・色合い変更 文字サイズ 標準 拡大 背景色変更 白 黒 青 Translate 防災 当番医 サイト内 検索 Googleカスタム検索 詳しく さがす ID検索(ページの番号を入れてください) ID検索 注目ワード 住みたい田舎 子育て支援 昭和の町 ふるさと納税 休日当番医 ごみ検索 住民票・戸籍・印鑑登録 申請・届出 よくある質問 イベントカレンダー 一時保存する メニュー くらし・手続き 子育て・教育 健康・福祉 移住・定住 観光・イベント 市政 現在地 トップページ > 分類でさがす > くらし > 移住定住情
26	30	豊後高田市	新規漁業就業者支援事業について	https://www.city.bungotakada.oita.jp/soshiki/23/2941.html	新規漁業就業者支援事業について - 豊後高田市ホームページ ページの先頭です。 メニューを飛ばして本文へ メニュー --> 豊後高田市の魅力 ヘルプ メニュー 本文へ 本文へ --> 検索 文字サイズ・色合い変更 文字サイズ 標準 拡大 背景色変更 白 黒 青 Translate 防災 当番医 サイト内 検索 Googleカスタム検索 詳しく さがす ID検索(ページの番号を入れてください) ID検索 注目ワード 住みたい田舎 子育て支援 昭和の町 ふるさと納税 休日当番医 ごみ検索 住民票・戸籍・印鑑登録 申請・届出 よくある質問 イベントカレンダー 一時保存する メニュー くらし・手続き 子育て・教育 健康・福祉 移住・定住 観光・イベント 市政 現在地 トップページ > 分類でさがす > くらし > 移住
26	30	豊後高田市	給与所得に係る市・県民税等の特別徴収について	https://www.city.bungotakada.oita.jp/soshiki/6/2039.html	給与所得に係る市・県民税等の特別徴収について - 豊後高田市ホームページ ページの先頭です。 メニューを飛ばして本文へ メニュー --> 豊後高田市の魅力 ヘルプ メニュー 本文へ 本文へ --> 検索 文字サイズ・色合い変更 文字サイズ 標準 拡大 背景色変更 白 黒 青 Translate 防災 当番医 サイト内 検索 Googleカスタム検索 詳しく さがす ID検索(ページの番号を入れてください) ID検索 注目ワード 住みたい田舎 子育て支援 昭和の町 ふるさと納税 休日当番医 ごみ検索 住民票・戸籍・印鑑登録 申請・届出 よくある質問 イベントカレンダー 一時保存する メニュー くらし・手続き 子育て・教育 健康・福祉 移住・定住 観光・イベント 市政 現在地 トップページ > 組織でさがす > 高
26	30	豊後高田市	所得税および個人住民税（市県民税）の定額減税について	https://www.city.bungotakada.oita.jp/soshiki/6/25238.html	所得税および個人住民税（市県民税）の定額減税について - 豊後高田市ホームページ ページの先頭です。 メニューを飛ばして本文へ メニュー --> 豊後高田市の魅力 ヘルプ メニュー 本文へ 本文へ --> 検索 文字サイズ・色合い変更 文字サイズ 標準 拡大 背景色変更 白 黒 青 Translate 防災 当番医 サイト内 検索 Googleカスタム検索 詳しく さがす ID検索(ページの番号を入れてください) ID検索 注目ワード 住みたい田舎 子育て支援 昭和の町 ふるさと納税 休日当番医 ごみ検索 住民票・戸籍・印鑑登録 申請・届出 よくある質問 イベントカレンダー 一時保存する メニュー くらし・手続き 子育て・教育 健康・福祉 移住・定住 観光・イベント 市政 現在地 トップページ > 分類でさがす
26	30	豊後高田市	法人市民税について	https://www.city.bungotakada.oita.jp/soshiki/6/1639.html	法人市民税について - 豊後高田市ホームページ ページの先頭です。 メニューを飛ばして本文へ メニュー --> 豊後高田市の魅力 ヘルプ メニュー 本文へ 本文へ --> 検索 文字サイズ・色合い変更 文字サイズ 標準 拡大 背景色変更 白 黒 青 Translate 防災 当番医 サイト内 検索 Googleカスタム検索 詳しく さがす ID検索(ページの番号を入れてください) ID検索 注目ワード 住みたい田舎 子育て支援 昭和の町 ふるさと納税 休日当番医 ごみ検索 住民票・戸籍・印鑑登録 申請・届出 よくある質問 イベントカレンダー 一時保存する メニュー くらし・手続き 子育て・教育 健康・福祉 移住・定住 観光・イベント 市政 現在地 トップページ > 組織でさがす > 高田庁舎 > 税務課 > 法
26	30	豊後高田市	令和6年度 市県民税における定額減税について	https://www.city.bungotakada.oita.jp/soshiki/6/24731.html	令和6年度 市県民税における定額減税について - 豊後高田市ホームページ ページの先頭です。 メニューを飛ばして本文へ メニュー --> 豊後高田市の魅力 ヘルプ メニュー 本文へ 本文へ --> 検索 文字サイズ・色合い変更 文字サイズ 標準 拡大 背景色変更 白 黒 青 Translate 防災 当番医 サイト内 検索 Googleカスタム検索 詳しく さがす ID検索(ページの番号を入れてください) ID検索 注目ワード 住みたい田舎 子育て支援 昭和の町 ふるさと納税 休日当番医 ごみ検索 住民票・戸籍・印鑑登録 申請・届出 よくある質問 イベントカレンダー 一時保存する メニュー くらし・手続き 子育て・教育 健康・福祉 移住・定住 観光・イベント 市政 現在地 トップページ > 分類でさがす > く
26	30	豊後高田市	郵送などでできる手続きのお知らせ	https://www.city.bungotakada.oita.jp/soshiki/4/2774.html	郵送などでできる手続きのお知らせ - 豊後高田市ホームページ ページの先頭です。 メニューを飛ばして本文へ メニュー --> 豊後高田市の魅力 ヘルプ メニュー 本文へ 本文へ --> 検索 文字サイズ・色合い変更 文字サイズ 標準 拡大 背景色変更 白 黒 青 Translate 防災 当番医 サイト内 検索 Googleカスタム検索 詳しく さがす ID検索(ページの番号を入れてください) ID検索 注目ワード 住みたい田舎 子育て支援 昭和の町 ふるさと納税 休日当番医 ごみ検索 住民票・戸籍・印鑑登録 申請・届出 よくある質問 イベントカレンダー 一時保存する メニュー くらし・手続き 子育て・教育 健康・福祉 移住・定住 観光・イベント 市政 現在地 トップページ > 組織でさがす > 高田庁舎 >
26	30	豊後高田市	健康保険・厚生年金に加入できないか確認しましょう	https://www.city.bungotakada.oita.jp/soshiki/8/2230.html	健康保険・厚生年金に加入できないか確認しましょう - 豊後高田市ホームページ ページの先頭です。 メニューを飛ばして本文へ メニュー --> 豊後高田市の魅力 ヘルプ メニュー 本文へ 本文へ --> 検索 文字サイズ・色合い変更 文字サイズ 標準 拡大 背景色変更 白 黒 青 Translate 防災 当番医 サイト内 検索 Googleカスタム検索 詳しく さがす ID検索(ページの番号を入れてください) ID検索 注目ワード 住みたい田舎 子育て支援 昭和の町 ふるさと納税 休日当番医 ごみ検索 住民票・戸籍・印鑑登録 申請・届出 よくある質問 イベントカレンダー 一時保存する メニュー くらし・手続き 子育て・教育 健康・福祉 移住・定住 観光・イベント 市政 現在地 トップページ > 組織でさがす >
26	30	豊後高田市	国民健康保険制度について	https://www.city.bungotakada.oita.jp/site/kokuho/1661.html	国民健康保険制度について - 国民健康保険 - 豊後高田市ホームページ ページの先頭です。 メニューを飛ばして本文へ メニュー --> 豊後高田市の魅力 ヘルプ メニュー 本文へ 本文へ --> 検索 文字サイズ・色合い変更 文字サイズ 標準 拡大 背景色変更 白 黒 青 Translate 防災 当番医 サイト内 検索 Googleカスタム検索 詳しく さがす ID検索(ページの番号を入れてください) ID検索 注目ワード 住みたい田舎 子育て支援 昭和の町 ふるさと納税 休日当番医 ごみ検索 住民票・戸籍・印鑑登録 申請・届出 よくある質問 イベントカレンダー 一時保存する メニュー くらし・手続き 子育て・教育 健康・福祉 移住・定住 観光・イベント 市政 現在地 トップページ > 国民健康保険 > 国民
26	30	豊後高田市	運転免許証自主返納支援事業	https://www.city.bungotakada.oita.jp/soshiki/7/2112.html	運転免許証自主返納支援事業 - 豊後高田市ホームページ ページの先頭です。 メニューを飛ばして本文へ メニュー --> 豊後高田市の魅力 ヘルプ メニュー 本文へ 本文へ --> 検索 文字サイズ・色合い変更 文字サイズ 標準 拡大 背景色変更 白 黒 青 Translate 防災 当番医 サイト内 検索 Googleカスタム検索 詳しく さがす ID検索(ページの番号を入れてください) ID検索 注目ワード 住みたい田舎 子育て支援 昭和の町 ふるさと納税 休日当番医 ごみ検索 住民票・戸籍・印鑑登録 申請・届出 よくある質問 イベントカレンダー 一時保存する メニュー くらし・手続き 子育て・教育 健康・福祉 移住・定住 観光・イベント 市政 現在地 トップページ > 分類でさがす > 医療・健康・福祉 >
26	30	豊後高田市	自治会が設置・管理するLED防犯灯の設置費用を補助します	https://www.city.bungotakada.oita.jp/soshiki/7/2044.html	自治会が設置・管理するLED防犯灯の設置費用を補助します - 豊後高田市ホームページ ページの先頭です。 メニューを飛ばして本文へ メニュー --> 豊後高田市の魅力 ヘルプ メニュー 本文へ 本文へ --> 検索 文字サイズ・色合い変更 文字サイズ 標準 拡大 背景色変更 白 黒 青 Translate 防災 当番医 サイト内 検索 Googleカスタム検索 詳しく さがす ID検索(ページの番号を入れてください) ID検索 注目ワード 住みたい田舎 子育て支援 昭和の町 ふるさと納税 休日当番医 ごみ検索 住民票・戸籍・印鑑登録 申請・届出 よくある質問 イベントカレンダー 一時保存する メニュー くらし・手続き 子育て・教育 健康・福祉 移住・定住 観光・イベント 市政 現在地 トップページ > 分類でさ
26	30	豊後高田市	防犯機能付き電話機等の購入補助	https://www.city.bungotakada.oita.jp/soshiki/7/2621.html	防犯機能付き電話機等の購入補助 - 豊後高田市ホームページ ページの先頭です。 メニューを飛ばして本文へ メニュー --> 豊後高田市の魅力 ヘルプ メニュー 本文へ 本文へ --> 検索 文字サイズ・色合い変更 文字サイズ 標準 拡大 背景色変更 白 黒 青 Translate 防災 当番医 サイト内 検索 Googleカスタム検索 詳しく さがす ID検索(ページの番号を入れてください) ID検索 注目ワード 住みたい田舎 子育て支援 昭和の町 ふるさと納税 休日当番医 ごみ検索 住民票・戸籍・印鑑登録 申請・届出 よくある質問 イベントカレンダー 一時保存する メニュー くらし・手続き 子育て・教育 健康・福祉 移住・定住 観光・イベント 市政 現在地 トップページ > 分類でさがす > くらし > 消防
26	30	豊後高田市	危険な空き家（老朽危険空家等）の解体費用の一部を補助します	https://www.city.bungotakada.oita.jp/soshiki/19/31862.html	危険な空き家（老朽危険空家等）の解体費用の一部を補助します - 豊後高田市ホームページ ページの先頭です。 メニューを飛ばして本文へ メニュー --> 豊後高田市の魅力 ヘルプ メニュー 本文へ 本文へ --> 検索 文字サイズ・色合い変更 文字サイズ 標準 拡大 背景色変更 白 黒 青 Translate 防災 当番医 サイト内 検索 Googleカスタム検索 詳しく さがす ID検索(ページの番号を入れてください) ID検索 注目ワード 住みたい田舎 子育て支援 昭和の町 ふるさと納税 休日当番医 ごみ検索 住民票・戸籍・印鑑登録 申請・届出 よくある質問 イベントカレンダー 一時保存する メニュー くらし・手続き 子育て・教育 健康・福祉 移住・定住 観光・イベント 市政 現在地 トップページ > 分類で
26	30	豊後高田市	在宅高齢者の住宅改造助成	https://www.city.bungotakada.oita.jp/soshiki/9/24084.html	在宅高齢者の住宅改造助成 - 豊後高田市ホームページ ページの先頭です。 メニューを飛ばして本文へ メニュー --> 豊後高田市の魅力 ヘルプ メニュー 本文へ 本文へ --> 検索 文字サイズ・色合い変更 文字サイズ 標準 拡大 背景色変更 白 黒 青 Translate 防災 当番医 サイト内 検索 Googleカスタム検索 詳しく さがす ID検索(ページの番号を入れてください) ID検索 注目ワード 住みたい田舎 子育て支援 昭和の町 ふるさと納税 休日当番医 ごみ検索 住民票・戸籍・印鑑登録 申請・届出 よくある質問 イベントカレンダー 一時保存する メニュー くらし・手続き 子育て・教育 健康・福祉 移住・定住 観光・イベント 市政 現在地 トップページ > 分類でさがす > 医療・健康・福祉 >
26	30	豊後高田市	豊後高田市ケーブルネットワークサービスのご案内	https://www.city.bungotakada.oita.jp/site/bungotakadacatv/2137.html	豊後高田市ケーブルネットワークサービスのご案内 - 豊後高田市ケーブルネットワーク - 豊後高田市ホームページ ページの先頭です。 メニューを飛ばして本文へ メニュー --> 豊後高田市の魅力 ヘルプ メニュー 本文へ 本文へ --> 検索 文字サイズ・色合い変更 文字サイズ 標準 拡大 背景色変更 白 黒 青 Translate 防災 当番医 サイト内 検索 Googleカスタム検索 詳しく さがす ID検索(ページの番号を入れてください) ID検索 注目ワード 住みたい田舎 子育て支援 昭和の町 ふるさと納税 休日当番医 ごみ検索 住民票・戸籍・印鑑登録 申請・届出 よくある質問 イベントカレンダー 一時保存する メニュー くらし・手続き 子育て・教育 健康・福祉 移住・定住 観光・イベント 市政 現在地
26	30	豊後高田市	ケーブルネットワーク各種様式集	https://www.city.bungotakada.oita.jp/site/bungotakadacatv/2158.html	ケーブルネットワーク各種様式集 - 豊後高田市ケーブルネットワーク - 豊後高田市ホームページ ページの先頭です。 メニューを飛ばして本文へ メニュー --> 豊後高田市の魅力 ヘルプ メニュー 本文へ 本文へ --> 検索 文字サイズ・色合い変更 文字サイズ 標準 拡大 背景色変更 白 黒 青 Translate 防災 当番医 サイト内 検索 Googleカスタム検索 詳しく さがす ID検索(ページの番号を入れてください) ID検索 注目ワード 住みたい田舎 子育て支援 昭和の町 ふるさと納税 休日当番医 ごみ検索 住民票・戸籍・印鑑登録 申請・届出 よくある質問 イベントカレンダー 一時保存する メニュー くらし・手続き 子育て・教育 健康・福祉 移住・定住 観光・イベント 市政 現在地 トップページ >
26	16	杵築市	運転免許証を自主返納した70歳以上の高齢者へ特典があります	https://www.city.kitsuki.lg.jp/kurashi/bousai_bouhan_anzen/3/3489.html	運転免許証を自主返納した70歳以上の高齢者へ特典があります／杵築市 スマートフォン版を表示 本文へ Foreign language 携帯サイト 文字サイズ 背景色 PCサイト Foreign language キーワードで探す トップページへ くらしの情報 健康・福祉 教育・子育て 観光・歴史 産業・ビジネス 市政・まちづくり 定住促進サイト ブランドサイト メニューを閉じる くらしの情報 健康･福祉 教育･子育て 観光･歴史 産業･ビジネス 市政･まちづくり キーワードで探す 交通安全 こんなときには 転入・転出 妊娠・出産・子育て 入園・入学 就職・退職 結婚・離婚 高齢者・介護 終活・死亡・相続 税金 現在の位置 ホーム くらしの情報 防災・防犯・安全 交通安全 運転免許証を自主返納した70歳以上の高齢
25	28	杵築市	障がい福祉	https://www.city.kitsuki.lg.jp/kenkofukushi/shougaifukushi/index.html	障がい福祉／杵築市 スマートフォン版を表示 本文へ Foreign language 携帯サイト 文字サイズ 背景色 PCサイト Foreign language キーワードで探す トップページへ くらしの情報 健康・福祉 教育・子育て 観光・歴史 産業・ビジネス 市政・まちづくり 定住促進サイト ブランドサイト メニューを閉じる くらしの情報 健康･福祉 教育･子育て 観光･歴史 産業･ビジネス 市政･まちづくり キーワードで探す 健康・福祉 こんなときには 転入・転出 妊娠・出産・子育て 入園・入学 就職・退職 結婚・離婚 高齢者・介護 終活・死亡・相続 税金 現在の位置 ホーム 健康・福祉 障がい福祉 障がい福祉 Tweet 身体障害者手帳の交付 身体障害者手帳(再)交付 療育手帳の交付 精神保健福祉手帳
25	28	竹田市	令和6年度定額減税補足給付金（調整給付）について	https://www.city.taketa.oita.jp/kurashi_tetsuzuki/zeikin/zeinikansuruosirase/tyouseikyuhu/index.html	令和6年度定額減税補足給付金（調整給付）について／竹田市 スマートフォン版を表示 本文へ 文字サイズ 背景色変更 Foreign Language 目的別で探す 妊娠・出産 子育て 入園・入学 就職・退職 結婚・離婚 引越し・住まい 高齢・介護 おくやみ よく利用されるメニュー 手続き検索ナビ 申請書ダウンロード ごみ検索 イベントカレンダー お問い合わせ お問い合わせフォームへ よく見られるページ 関連施設等のページ 竹田市立図書館 竹田市総合文化ホール グランツたけた 竹田市歴史文化館 竹田市消防本部 くらし・ 手続き 健康・福祉 市政・ まちづくり 子育て・教育 産業・ 事業者向け情報 学び・ スポーツ 移住・定住 文化・歴史 ・観光 現在のページ ホーム くらし・手続き 税金 税に関するお知らせ 令和6
25	21	臼杵市	【フラット35】の運用を始めました！（住宅取得をお考えの方へ）	https://www.city.usuki.oita.jp/docs/2019082700027/	【フラット35】の運用を始めました！（住宅取得をお考えの方へ） | 臼杵市役所 本文へ ふりがなをつける --> 文字の大きさ 拡大 標準 縮小 背景色 黒 青 標準 読み上げる 臼杵市 メニュー サイトマップ お問合せ 総合トップ 市民向け 観光 ふるさと納税 移住・定住 事業者向け 他のカテゴリも表示する TOP カテゴリ 市民向け 移住支援 TOP カテゴリ 区分 コンテンツ 【フラット35】の運用を始めました！（住宅取得をお考えの方へ） 公開日 2019年8月29日 更新日 2023年4月11日 住宅金融支援機構と連携して【フラット35】地域連携型の運用をはじめました。 臼杵市で住宅の新築・購入の計画があって、臼杵市の移住・定住補助金（以下参照）をご利用いただく方が、【フラット35】をセットでご利用いた
25	21	竹田市	居住サポート住宅認定制度	https://www.city.taketa.oita.jp/kenko_fukushi/seikatusien/12394.html	居住サポート住宅認定制度／竹田市 スマートフォン版を表示 本文へ 文字サイズ 背景色変更 Foreign Language 目的別で探す 妊娠・出産 子育て 入園・入学 就職・退職 結婚・離婚 引越し・住まい 高齢・介護 おくやみ よく利用されるメニュー 手続き検索ナビ 申請書ダウンロード ごみ検索 イベントカレンダー お問い合わせ お問い合わせフォームへ よく見られるページ 関連施設等のページ 竹田市立図書館 竹田市総合文化ホール グランツたけた 竹田市歴史文化館 竹田市消防本部 くらし・ 手続き 健康・福祉 市政・ まちづくり 子育て・教育 産業・ 事業者向け情報 学び・ スポーツ 移住・定住 文化・歴史 ・観光 現在のページ ホーム 健康・福祉・人権 生活にお困りの方への支援制度 居住サポート住宅認定制度
25	20	臼杵市	手当・助成	https://www.city.usuki.oita.jp/categories/shimin/cheerport/0-2sai/teate/	手当・助成 | 臼杵市役所 本文へ ふりがなをつける --> 文字の大きさ 拡大 標準 縮小 背景色 黒 青 標準 読み上げる 臼杵市 メニュー サイトマップ お問合せ 総合トップ 市民向け 観光 ふるさと納税 移住・定住 事業者向け TOP カテゴリ 市民向け ちあぽーと 0～2歳のころ 手当・助成 手当・助成 妊娠・出産のころ 0歳から2歳のころ 3歳から6歳のころ 7歳から12歳 小学生 13歳から18歳 中・高校生 児童手当 おおいた子育てほっとクーポン 臼杵市妊産婦健康診査等通院交通費助成事業 市役所のご案内 サイトポリシー リンク・著作権・免責事項 個人情報の取り扱い サイトマップ お問合せ 臼杵市役所 臼杵庁舎： 〒875-8501 大分県臼杵市大字臼杵72番1 TEL：0972-63-1111
25	20	臼杵市	手当・助成	https://www.city.usuki.oita.jp/categories/shimin/cheerport/3-6sai/teate/	手当・助成 | 臼杵市役所 本文へ ふりがなをつける --> 文字の大きさ 拡大 標準 縮小 背景色 黒 青 標準 読み上げる 臼杵市 メニュー サイトマップ お問合せ 総合トップ 市民向け 観光 ふるさと納税 移住・定住 事業者向け TOP カテゴリ 市民向け ちあぽーと 3～6歳のころ（未就学） 手当・助成 手当・助成 妊娠・出産のころ 0歳から2歳のころ 3歳から6歳のころ 7歳から12歳 小学生 13歳から18歳 中・高校生 児童手当 おおいた子育てほっとクーポン 市役所のご案内 サイトポリシー リンク・著作権・免責事項 個人情報の取り扱い サイトマップ お問合せ 臼杵市役所 臼杵庁舎： 〒875-8501 大分県臼杵市大字臼杵72番1 TEL：0972-63-1111 FAX：0972-63-7713
25	20	臼杵市	手当・助成	https://www.city.usuki.oita.jp/categories/shimin/cheerport/shogakusei/teate/	手当・助成 | 臼杵市役所 本文へ ふりがなをつける --> 文字の大きさ 拡大 標準 縮小 背景色 黒 青 標準 読み上げる 臼杵市 メニュー サイトマップ お問合せ 総合トップ 市民向け 観光 ふるさと納税 移住・定住 事業者向け TOP カテゴリ 市民向け ちあぽーと 小学生 手当・助成 手当・助成 妊娠・出産のころ 0歳から2歳のころ 3歳から6歳のころ 7歳から12歳 小学生 13歳から18歳 中・高校生 児童手当 市役所のご案内 サイトポリシー リンク・著作権・免責事項 個人情報の取り扱い サイトマップ お問合せ 臼杵市役所 臼杵庁舎： 〒875-8501 大分県臼杵市大字臼杵72番1 TEL：0972-63-1111 FAX：0972-63-7713 野津庁舎： 〒875-0292 大分県臼杵市野
25	20	臼杵市	手当・助成	https://www.city.usuki.oita.jp/categories/shimin/cheerport/chukosei/chugakusei/teate/	手当・助成 | 臼杵市役所 本文へ ふりがなをつける --> 文字の大きさ 拡大 標準 縮小 背景色 黒 青 標準 読み上げる 臼杵市 メニュー サイトマップ お問合せ 総合トップ 市民向け 観光 ふるさと納税 移住・定住 事業者向け TOP カテゴリ 市民向け ちあぽーと 中学生・高校生 中学生 手当・助成 手当・助成 妊娠・出産のころ 0歳から2歳のころ 3歳から6歳のころ 7歳から12歳 小学生 13歳から18歳 中・高校生 児童手当 市役所のご案内 サイトポリシー リンク・著作権・免責事項 個人情報の取り扱い サイトマップ お問合せ 臼杵市役所 臼杵庁舎： 〒875-8501 大分県臼杵市大字臼杵72番1 TEL：0972-63-1111 FAX：0972-63-7713 野津庁舎： 〒875-0292
24	28	臼杵市	新型コロナウイルス感染症に関する今後の対応について（6月28日公開）	https://www.city.usuki.oita.jp/article/2021062800085/	新型コロナウイルス感染症に関する今後の対応について（6月28日公開） | 臼杵市役所 本文へ ふりがなをつける --> 文字の大きさ 拡大 標準 縮小 背景色 黒 青 標準 読み上げる 臼杵市 メニュー サイトマップ お問合せ 総合トップ 市民向け 観光 ふるさと納税 移住・定住 事業者向け 他のカテゴリも表示する TOP カテゴリ 区分 新着情報 新型コロナウイルス感染症に関する今後の対応について（6月28日公開） 公開日 2021年6月28日 更新日 2021年10月21日 令和3年6月28日、大分県新型コロナウイルス感染症対策本部および大分県社会経済再活性化緊急推進本部より公表された、県民の皆さまへのメッセージです。 令和3年6月28日 大分県新型コロナウイルス感染症対策本部 大分県社会経済再活性化緊急推
24	28	竹田市	成人風疹予防接種	https://www.city.taketa.oita.jp/life_scene/ninshin/4970.html	成人風疹予防接種／竹田市 スマートフォン版を表示 本文へ 文字サイズ 背景色変更 Foreign Language 目的別で探す 妊娠・出産 子育て 入園・入学 就職・退職 結婚・離婚 引越し・住まい 高齢・介護 おくやみ よく利用されるメニュー 手続き検索ナビ 申請書ダウンロード ごみ検索 イベントカレンダー お問い合わせ お問い合わせフォームへ よく見られるページ 関連施設等のページ 竹田市立図書館 竹田市総合文化ホール グランツたけた 竹田市歴史文化館 竹田市消防本部 くらし・ 手続き 健康・福祉 市政・ まちづくり 子育て・教育 産業・ 事業者向け情報 学び・ スポーツ 移住・定住 文化・歴史 ・観光 現在のページ ホーム ライフシーンから探す 妊娠・出産 成人風疹予防接種 成人風疹予防接種 Tweet
24	28	竹田市	成人風疹予防接種	https://www.city.taketa.oita.jp/kosodate_kyoiku/ninshin_shussan/4946.html	成人風疹予防接種／竹田市 スマートフォン版を表示 本文へ 文字サイズ 背景色変更 Foreign Language 目的別で探す 妊娠・出産 子育て 入園・入学 就職・退職 結婚・離婚 引越し・住まい 高齢・介護 おくやみ よく利用されるメニュー 手続き検索ナビ 申請書ダウンロード ごみ検索 イベントカレンダー お問い合わせ お問い合わせフォームへ よく見られるページ 関連施設等のページ 竹田市立図書館 竹田市総合文化ホール グランツたけた 竹田市歴史文化館 竹田市消防本部 くらし・ 手続き 健康・福祉 市政・ まちづくり 子育て・教育 産業・ 事業者向け情報 学び・ スポーツ 移住・定住 文化・歴史 ・観光 現在のページ ホーム 子育て・教育 妊娠・出産 成人風疹予防接種 成人風疹予防接種 Tweet 更新日
24	28	津久見市	子育て短期支援事業（ショートステイ・トワイライトステイ）について	https://www.city.tsukumi.oita.jp/site/kosodate/6789.html	子育て短期支援事業（ショートステイ・トワイライトステイ）について - 津久見市公式ホームページ ページの先頭です。 メニューを飛ばして本文へ メニュー 検索 本文へ はじめての方へ Foreign language 背景色・文字サイズ 背景色 白 黒 青 文字サイズ 標準 拡大 目的でさがす 年齢でさがす 施設 休日・夜間当番医 イベントカレンダー キーワード検索 現在地 トップページ > 分類でさがす > くらしの情報 > 介護・福祉 > 児童福祉 > 津久見市子育て応援サイト「つくみっこ」 > 目的でさがす > 支援・助成 > 子育て短期支援事業（ショートステイ・トワイライトステイ）について 本文 子育て短期支援事業（ショートステイ・トワイライトステイ）について 印刷ページ表示 更新日：2017年4月1日更
24	28	豊後高田市	ふるさと納税（寄附）の公表	https://www.city.bungotakada.oita.jp/site/furusato/2403.html	ふるさと納税（寄附）の公表 - 豊後高田市ふるさと納税 - 豊後高田市ホームページ ページの先頭です。 メニューを飛ばして本文へ メニュー --> 豊後高田市の魅力 ヘルプ メニュー 本文へ 本文へ --> 検索 文字サイズ・色合い変更 文字サイズ 標準 拡大 背景色変更 白 黒 青 Translate 防災 当番医 サイト内 検索 Googleカスタム検索 詳しく さがす ID検索(ページの番号を入れてください) ID検索 注目ワード 住みたい田舎 子育て支援 昭和の町 ふるさと納税 休日当番医 ごみ検索 住民票・戸籍・印鑑登録 申請・届出 よくある質問 イベントカレンダー 一時保存する メニュー くらし・手続き 子育て・教育 健康・福祉 移住・定住 観光・イベント 市政 現在地 トップページ > 分類でさが
24	28	豊後高田市	自主防災組織のための防災訓練テキスト	https://www.city.bungotakada.oita.jp/site/bousai/42370.html	自主防災組織のための防災訓練テキスト - 豊後高田市防災情報 - 豊後高田市ホームページ ページの先頭です。 メニューを飛ばして本文へ メニュー --> 豊後高田市の魅力 ヘルプ メニュー 本文へ 本文へ --> 検索 文字サイズ・色合い変更 文字サイズ 標準 拡大 背景色変更 白 黒 青 Translate 防災 当番医 サイト内 検索 Googleカスタム検索 詳しく さがす ID検索(ページの番号を入れてください) ID検索 注目ワード 住みたい田舎 子育て支援 昭和の町 ふるさと納税 休日当番医 ごみ検索 住民票・戸籍・印鑑登録 申請・届出 よくある質問 イベントカレンダー 一時保存する メニュー くらし・手続き 子育て・教育 健康・福祉 移住・定住 観光・イベント 市政 現在地 トップページ > 分類
24	28	豊後高田市	【6月21日イベント開催】出会い応援（婚活促進）事業	https://www.city.bungotakada.oita.jp/soshiki/5/1717.html	【6月21日イベント開催】出会い応援（婚活促進）事業 - 豊後高田市ホームページ ページの先頭です。 メニューを飛ばして本文へ メニュー --> 豊後高田市の魅力 ヘルプ メニュー 本文へ 本文へ --> 検索 文字サイズ・色合い変更 文字サイズ 標準 拡大 背景色変更 白 黒 青 Translate 防災 当番医 サイト内 検索 Googleカスタム検索 詳しく さがす ID検索(ページの番号を入れてください) ID検索 注目ワード 住みたい田舎 子育て支援 昭和の町 ふるさと納税 休日当番医 ごみ検索 住民票・戸籍・印鑑登録 申請・届出 よくある質問 イベントカレンダー 一時保存する メニュー くらし・手続き 子育て・教育 健康・福祉 移住・定住 観光・イベント 市政 現在地 トップページ > 分類でさがす
24	26	豊後高田市	税金・公金	https://www.city.bungotakada.oita.jp/life/1/2/	税金・公金 - 豊後高田市ホームページ ページの先頭です。 メニューを飛ばして本文へ メニュー --> 豊後高田市の魅力 ヘルプ メニュー 本文へ 本文へ --> 検索 文字サイズ・色合い変更 文字サイズ 標準 拡大 背景色変更 白 黒 青 Translate 防災 当番医 サイト内 検索 Googleカスタム検索 詳しく さがす ID検索(ページの番号を入れてください) ID検索 注目ワード 住みたい田舎 子育て支援 昭和の町 ふるさと納税 休日当番医 ごみ検索 住民票・戸籍・印鑑登録 申請・届出 よくある質問 イベントカレンダー 一時保存する メニュー くらし・手続き 子育て・教育 健康・福祉 移住・定住 観光・イベント 市政 現在地 トップページ > 分類でさがす > くらし > 税金・公金 本文 税金・
24	26	豊後高田市	税金・公金	https://www.city.bungotakada.oita.jp/life/1/2/index-2.html	税金・公金 - 豊後高田市ホームページ ページの先頭です。 メニューを飛ばして本文へ メニュー --> 豊後高田市の魅力 ヘルプ メニュー 本文へ 本文へ --> 検索 文字サイズ・色合い変更 文字サイズ 標準 拡大 背景色変更 白 黒 青 Translate 防災 当番医 サイト内 検索 Googleカスタム検索 詳しく さがす ID検索(ページの番号を入れてください) ID検索 注目ワード 住みたい田舎 子育て支援 昭和の町 ふるさと納税 休日当番医 ごみ検索 住民票・戸籍・印鑑登録 申請・届出 よくある質問 イベントカレンダー 一時保存する メニュー くらし・手続き 子育て・教育 健康・福祉 移住・定住 観光・イベント 市政 現在地 トップページ > 分類でさがす > くらし > 税金・公金 本文 税金・
24	20	臼杵市	育成医療	https://www.city.usuki.oita.jp/docs/2014021300108/	育成医療 | 臼杵市役所 本文へ ふりがなをつける --> 文字の大きさ 拡大 標準 縮小 背景色 黒 青 標準 読み上げる 臼杵市 メニュー サイトマップ お問合せ 総合トップ 市民向け 観光 ふるさと納税 移住・定住 事業者向け 他のカテゴリも表示する TOP カテゴリ 市民向け 医療・健康・福祉・保険・年金 障がい者のための福祉 自立支援医療 TOP カテゴリ 市民向け ライフイベント 妊娠・出産・子育て 手当・助成 TOP カテゴリ 区分 コンテンツ 育成医療 公開日 2019年2月13日 更新日 2026年7月17日 育成医療とは 自立支援医療（育成医療）とは、身体上の障がいを有する児童または罹患している疾患を放置すると将来障がいを残すと認められる児童（いずれも18歳未満）であって、確実な治療効果を期
23	18	杵築市	創業・開業	https://www.city.kitsuki.lg.jp/sangyobijinesu/sangyoushinkou/sougyo/index.html	創業・開業／杵築市 スマートフォン版を表示 本文へ Foreign language 携帯サイト 文字サイズ 背景色 PCサイト Foreign language キーワードで探す トップページへ くらしの情報 健康・福祉 教育・子育て 観光・歴史 産業・ビジネス 市政・まちづくり 定住促進サイト ブランドサイト メニューを閉じる くらしの情報 健康･福祉 教育･子育て 観光･歴史 産業･ビジネス 市政･まちづくり キーワードで探す 産業振興 こんなときには 転入・転出 妊娠・出産・子育て 入園・入学 就職・退職 結婚・離婚 高齢者・介護 終活・死亡・相続 税金 現在の位置 ホーム 産業・ビジネス 産業振興 創業・開業 創業・開業 Tweet 令和8年度杵築市創業支援事業補助金（申請期限：令和8年7月29日）
22	30	杵築市	木造住宅の耐震診断・耐震改修工事補助のお知らせ	https://www.city.kitsuki.lg.jp/kurashi/juutaku_tochi/jutaku_kenchiku/4046.html	木造住宅の耐震診断・耐震改修工事補助のお知らせ／杵築市 スマートフォン版を表示 本文へ Foreign language 携帯サイト 文字サイズ 背景色 PCサイト Foreign language キーワードで探す トップページへ くらしの情報 健康・福祉 教育・子育て 観光・歴史 産業・ビジネス 市政・まちづくり 定住促進サイト ブランドサイト メニューを閉じる くらしの情報 健康･福祉 教育･子育て 観光･歴史 産業･ビジネス 市政･まちづくり キーワードで探す 住宅・建築 こんなときには 転入・転出 妊娠・出産・子育て 入園・入学 就職・退職 結婚・離婚 高齢者・介護 終活・死亡・相続 税金 現在の位置 ホーム くらしの情報 住宅・土地 住宅・建築 木造住宅の耐震診断・耐震改修工事補助のお知らせ 木造住
22	30	杵築市	未熟児養育医療	https://www.city.kitsuki.lg.jp/soshiki/1/fukusi/kitsukikosodatesien/akachanumaretara/akachantetuduki/10721.html	未熟児養育医療／杵築市 スマートフォン版を表示 本文へ Foreign language 携帯サイト 文字サイズ 背景色 PCサイト Foreign language キーワードで探す トップページへ くらしの情報 健康・福祉 教育・子育て 観光・歴史 産業・ビジネス 市政・まちづくり 定住促進サイト ブランドサイト メニューを閉じる くらしの情報 健康･福祉 教育･子育て 観光･歴史 産業･ビジネス 市政･まちづくり キーワードで探す 必要な手続きについて こんなときには 転入・転出 妊娠・出産・子育て 入園・入学 就職・退職 結婚・離婚 高齢者・介護 終活・死亡・相続 税金 現在の位置 ホーム 組織で探す 市長部局 福祉事務所 子育て支援情報 赤ちゃんが生まれたら 必要な手続きについて 未熟児養育医療 未熟
22	30	杵築市	子ども医療費の助成	https://www.city.kitsuki.lg.jp/soshiki/1/fukusi/kitsukikosodatesien/akachanumaretara/akachantetuduki/10917.html	子ども医療費の助成／杵築市 スマートフォン版を表示 本文へ Foreign language 携帯サイト 文字サイズ 背景色 PCサイト Foreign language キーワードで探す トップページへ くらしの情報 健康・福祉 教育・子育て 観光・歴史 産業・ビジネス 市政・まちづくり 定住促進サイト ブランドサイト メニューを閉じる くらしの情報 健康･福祉 教育･子育て 観光･歴史 産業･ビジネス 市政･まちづくり キーワードで探す 必要な手続きについて こんなときには 転入・転出 妊娠・出産・子育て 入園・入学 就職・退職 結婚・離婚 高齢者・介護 終活・死亡・相続 税金 現在の位置 ホーム 組織で探す 市長部局 福祉事務所 子育て支援情報 赤ちゃんが生まれたら 必要な手続きについて 子ども医療費の助
22	30	杵築市	日常生活用具の給付と貸与	https://www.city.kitsuki.lg.jp/soshiki/1/fukusi/kitsukikosodatesien/hitorioyahattatusien/kodomonohattatusien/syougaihukusiseido/10910.html	日常生活用具の給付と貸与／杵築市 スマートフォン版を表示 本文へ Foreign language 携帯サイト 文字サイズ 背景色 PCサイト Foreign language キーワードで探す トップページへ くらしの情報 健康・福祉 教育・子育て 観光・歴史 産業・ビジネス 市政・まちづくり 定住促進サイト ブランドサイト メニューを閉じる くらしの情報 健康･福祉 教育･子育て 観光･歴史 産業･ビジネス 市政･まちづくり キーワードで探す 障がい福祉に関する制度・手続き こんなときには 転入・転出 妊娠・出産・子育て 入園・入学 就職・退職 結婚・離婚 高齢者・介護 終活・死亡・相続 税金 現在の位置 ホーム 組織で探す 市長部局 福祉事務所 子育て支援情報 ひとり親・こどもの発達支援 こどもの発達支援
22	30	杵築市	子ども医療費の助成	https://www.city.kitsuki.lg.jp/soshiki/1/fukusi/kitsukikosodatesien/keizaitekisien/11307.html	子ども医療費の助成／杵築市 スマートフォン版を表示 本文へ Foreign language 携帯サイト 文字サイズ 背景色 PCサイト Foreign language キーワードで探す トップページへ くらしの情報 健康・福祉 教育・子育て 観光・歴史 産業・ビジネス 市政・まちづくり 定住促進サイト ブランドサイト メニューを閉じる くらしの情報 健康･福祉 教育･子育て 観光･歴史 産業･ビジネス 市政･まちづくり キーワードで探す 経済的な支援について こんなときには 転入・転出 妊娠・出産・子育て 入園・入学 就職・退職 結婚・離婚 高齢者・介護 終活・死亡・相続 税金 現在の位置 ホーム 組織で探す 市長部局 福祉事務所 子育て支援情報 経済的な支援について 子ども医療費の助成 子ども医療費の助成
22	30	杵築市	放課後児童クラブ保護者負担金助成	https://www.city.kitsuki.lg.jp/soshiki/1/fukusi/kitsukikosodatesien/keizaitekisien/11308.html	放課後児童クラブ保護者負担金助成／杵築市 スマートフォン版を表示 本文へ Foreign language 携帯サイト 文字サイズ 背景色 PCサイト Foreign language キーワードで探す トップページへ くらしの情報 健康・福祉 教育・子育て 観光・歴史 産業・ビジネス 市政・まちづくり 定住促進サイト ブランドサイト メニューを閉じる くらしの情報 健康･福祉 教育･子育て 観光･歴史 産業･ビジネス 市政･まちづくり キーワードで探す 経済的な支援について こんなときには 転入・転出 妊娠・出産・子育て 入園・入学 就職・退職 結婚・離婚 高齢者・介護 終活・死亡・相続 税金 現在の位置 ホーム 組織で探す 市長部局 福祉事務所 子育て支援情報 経済的な支援について 放課後児童クラブ保護者負
22	28	津久見市	健康・医療	https://www.city.tsukumi.oita.jp/life/1/7/	健康・医療 - 津久見市公式ホームページ ページの先頭です。 メニューを飛ばして本文へ メニュー 本文へ Foreign language 背景色・文字サイズ 背景色 白 黒 青 文字サイズ 標準 拡大 キーワード検索 詳細検索 分類でさがす 組織でさがす カレンダーでさがす 注目 防災 子育て マイナンバーカード ごみ くらし しごと 観光 市政・議会 現在地 トップページ > 分類でさがす > くらしの情報 > 健康・医療 本文 健康・医療 新着情報 2026年4月8日更新 （保存版）令和８年度 津久見市健康サポートブック 2025年3月7日更新 感染性胃腸炎(特にノロウイルス）に注意しましょう 2024年7月12日更新 マダニに咬まれないように注意しましょう 2024年4月1日更新 不育症治療費助成制度
22	28	津久見市	健康・医療	https://www.city.tsukumi.oita.jp/life/1/7/index-2.html	健康・医療 - 津久見市公式ホームページ ページの先頭です。 メニューを飛ばして本文へ メニュー 本文へ Foreign language 背景色・文字サイズ 背景色 白 黒 青 文字サイズ 標準 拡大 キーワード検索 詳細検索 分類でさがす 組織でさがす カレンダーでさがす 注目 防災 子育て マイナンバーカード ごみ くらし しごと 観光 市政・議会 現在地 トップページ > 分類でさがす > くらしの情報 > 健康・医療 本文 健康・医療 新着情報 2026年4月8日更新 （保存版）令和８年度 津久見市健康サポートブック 2025年3月7日更新 感染性胃腸炎(特にノロウイルス）に注意しましょう 2024年7月12日更新 マダニに咬まれないように注意しましょう 2024年4月1日更新 不育症治療費助成制度
22	26	臼杵市	寄附金の使い道	https://www.city.usuki.oita.jp/docs/2020121500034/	寄附金の使い道 | 臼杵市役所 本文へ ふりがなをつける --> 文字の大きさ 拡大 標準 縮小 背景色 黒 青 標準 読み上げる 臼杵市 メニュー サイトマップ お問合せ 総合トップ 市民向け 観光 ふるさと納税 移住・定住 事業者向け 他のカテゴリも表示する TOP カテゴリ 市民向け 税 ふるさと納税/臼杵つながりネットワーク TOP カテゴリ 区分 コンテンツ 寄附金の使い道 公開日 2020年12月17日 更新日 2026年4月14日 臼杵市はこれからも、臼杵の変わらない景色や人のあたたかさに触れ安心してほっとできる場所として100年先も200年先も臼杵がここにあり続けることで、人と人をつなぎ、心と心を結び、時代と時代をつないでいくまちをめざします。 ふるさと納税の使い道 臼杵市では、めざすまちの将来
22	26	臼杵市	母子健康手帳の交付・妊産婦健康診査について	https://www.city.usuki.oita.jp/docs/2014031900015/	母子健康手帳の交付・妊産婦健康診査について | 臼杵市役所 本文へ ふりがなをつける --> 文字の大きさ 拡大 標準 縮小 背景色 黒 青 標準 読み上げる 臼杵市 メニュー サイトマップ お問合せ 総合トップ 市民向け 観光 ふるさと納税 移住・定住 事業者向け 他のカテゴリも表示する TOP カテゴリ 市民向け 医療・健康・福祉・保険・年金 妊娠・出産 TOP カテゴリ 市民向け ライフイベント 妊娠・出産・子育て 妊娠・出産 TOP カテゴリ 市民向け ちあぽーと 妊娠・出産のころ 妊娠 TOP カテゴリ 市民向け 移住支援 子育て支援策 妊娠・出産・育児 TOP カテゴリ 区分 コンテンツ 母子健康手帳の交付・妊産婦健康診査について 公開日 2019年2月12日 更新日 2026年4月16日 妊娠おめ
22	26	臼杵市	産婦健康診査について	https://www.city.usuki.oita.jp/docs/2021033100022/	産婦健康診査について | 臼杵市役所 本文へ ふりがなをつける --> 文字の大きさ 拡大 標準 縮小 背景色 黒 青 標準 読み上げる 臼杵市 メニュー サイトマップ お問合せ 総合トップ 市民向け 観光 ふるさと納税 移住・定住 事業者向け 他のカテゴリも表示する TOP カテゴリ 市民向け 医療・健康・福祉・保険・年金 妊娠・出産 TOP カテゴリ 市民向け ライフイベント 妊娠・出産・子育て 妊娠・出産 TOP カテゴリ 市民向け ちあぽーと 妊娠・出産のころ 出産 TOP カテゴリ 区分 コンテンツ 産婦健康診査について 公開日 2021年4月1日 更新日 2025年4月22日 産婦健康診査の費用の一部を助成します。 産後は心身ともに体調を崩しやすい時期です。産後の体調管理のためにぜひ受診しましょう。
22	26	臼杵市	福祉（心身障害者）タクシー料金助成	https://www.city.usuki.oita.jp/docs/2014020400281/	福祉（心身障害者）タクシー料金助成 | 臼杵市役所 本文へ ふりがなをつける --> 文字の大きさ 拡大 標準 縮小 背景色 黒 青 標準 読み上げる 臼杵市 メニュー サイトマップ お問合せ 総合トップ 市民向け 観光 ふるさと納税 移住・定住 事業者向け 他のカテゴリも表示する TOP カテゴリ 市民向け 医療・健康・福祉・保険・年金 障がい者のための福祉 助成 TOP カテゴリ 区分 コンテンツ 福祉（心身障害者）タクシー料金助成 公開日 2019年2月14日 更新日 2026年7月17日 重度の障がいのある方が市内指定のタクシー（または福祉タクシー）を利用する際に、料金の一部を助成します。 有効期限は４月１日から３月３１日の一年間です。 ※有効期間外のものは使用できませんのでご注意ください。 1、交付対
22	26	竹田市	竹田市高齢者運転免許証自主返納支援事業について	https://www.city.taketa.oita.jp/shinseisho/4756.html	竹田市高齢者運転免許証自主返納支援事業について／竹田市 スマートフォン版を表示 本文へ 文字サイズ 背景色変更 Foreign Language 目的別で探す 妊娠・出産 子育て 入園・入学 就職・退職 結婚・離婚 引越し・住まい 高齢・介護 おくやみ よく利用されるメニュー 手続き検索ナビ 申請書ダウンロード ごみ検索 イベントカレンダー お問い合わせ お問い合わせフォームへ よく見られるページ 関連施設等のページ 竹田市立図書館 竹田市総合文化ホール グランツたけた 竹田市歴史文化館 竹田市消防本部 くらし・ 手続き 健康・福祉 市政・ まちづくり 子育て・教育 産業・ 事業者向け情報 学び・ スポーツ 移住・定住 文化・歴史 ・観光 現在のページ ホーム 申請書ダウンロード 竹田市高齢者運転免許証自主返納
22	26	竹田市	固定資産税、都市計画税	https://www.city.taketa.oita.jp/kurashi_tetsuzuki/zeikin/sizeinosyurui/koteisisannzeitotosikeikakuzei/1209.html	固定資産税、都市計画税／竹田市 スマートフォン版を表示 本文へ 文字サイズ 背景色変更 Foreign Language 目的別で探す 妊娠・出産 子育て 入園・入学 就職・退職 結婚・離婚 引越し・住まい 高齢・介護 おくやみ よく利用されるメニュー 手続き検索ナビ 申請書ダウンロード ごみ検索 イベントカレンダー お問い合わせ お問い合わせフォームへ よく見られるページ 関連施設等のページ 竹田市立図書館 竹田市総合文化ホール グランツたけた 竹田市歴史文化館 竹田市消防本部 くらし・ 手続き 健康・福祉 市政・ まちづくり 子育て・教育 産業・ 事業者向け情報 学び・ スポーツ 移住・定住 文化・歴史 ・観光 現在のページ ホーム くらし・手続き 税金 市税について 固定資産税と都市計画税 固定資産税、都
22	26	竹田市	中山間地域等直接支払制度実施状況の公表について	https://www.city.taketa.oita.jp/sangyo_jigyosha/agiculture_info/tyusankan/6918.html	中山間地域等直接支払制度実施状況の公表について／竹田市 スマートフォン版を表示 本文へ 文字サイズ 背景色変更 Foreign Language 目的別で探す 妊娠・出産 子育て 入園・入学 就職・退職 結婚・離婚 引越し・住まい 高齢・介護 おくやみ よく利用されるメニュー 手続き検索ナビ 申請書ダウンロード ごみ検索 イベントカレンダー お問い合わせ お問い合わせフォームへ よく見られるページ 関連施設等のページ 竹田市立図書館 竹田市総合文化ホール グランツたけた 竹田市歴史文化館 竹田市消防本部 くらし・ 手続き 健康・福祉 市政・ まちづくり 子育て・教育 産業・ 事業者向け情報 学び・ スポーツ 移住・定住 文化・歴史 ・観光 現在のページ ホーム 産業・事業者向け情報 農業情報 中山間地域等直接支
22	26	津久見市	認定こども園・保育所・幼稚園の利用について	https://www.city.tsukumi.oita.jp/site/kosodate/5108.html	認定こども園・保育所・幼稚園の利用について - 津久見市公式ホームページ ページの先頭です。 メニューを飛ばして本文へ メニュー 検索 本文へ はじめての方へ Foreign language 背景色・文字サイズ 背景色 白 黒 青 文字サイズ 標準 拡大 目的でさがす 年齢でさがす 施設 休日・夜間当番医 イベントカレンダー キーワード検索 現在地 トップページ > 津久見市子育て応援サイト「つくみっこ」 > 目的でさがす > 保育園・幼稚園に預けたい > 認定こども園・保育所・幼稚園の利用について 本文 認定こども園・保育所・幼稚園の利用について 印刷ページ表示 更新日：2026年4月24日更新 市内の保育所・認定こども園・幼稚園 認定こども園 施設名 住 所 電話番号 向洋保育園 ＜外部リンク＞ 津久見市
22	26	津久見市	【おおいたジョブナビ】サイト掲載事業者の募集について（大分県）	https://www.city.tsukumi.oita.jp/soshiki/6/27136.html	【おおいたジョブナビ】サイト掲載事業者の募集について（大分県） - 津久見市公式ホームページ ページの先頭です。 メニューを飛ばして本文へ メニュー 本文へ Foreign language 背景色・文字サイズ 背景色 白 黒 青 文字サイズ 標準 拡大 キーワード検索 詳細検索 分類でさがす 組織でさがす カレンダーでさがす 注目 防災 子育て マイナンバーカード ごみ くらし しごと 観光 市政・議会 現在地 トップページ > 組織でさがす > 本庁 > 商工観光・定住推進課 > 【おおいたジョブナビ】サイト掲載事業者の募集について（大分県） 本文 【おおいたジョブナビ】サイト掲載事業者の募集について（大分県） 印刷ページ表示 更新日：2024年5月15日更新 おおいたジョブナビ掲載事業者募集チラシ [PD
22	26	豊後高田市	国民健康保険税について	https://www.city.bungotakada.oita.jp/soshiki/6/1630.html	国民健康保険税について - 豊後高田市ホームページ ページの先頭です。 メニューを飛ばして本文へ メニュー --> 豊後高田市の魅力 ヘルプ メニュー 本文へ 本文へ --> 検索 文字サイズ・色合い変更 文字サイズ 標準 拡大 背景色変更 白 黒 青 Translate 防災 当番医 サイト内 検索 Googleカスタム検索 詳しく さがす ID検索(ページの番号を入れてください) ID検索 注目ワード 住みたい田舎 子育て支援 昭和の町 ふるさと納税 休日当番医 ごみ検索 住民票・戸籍・印鑑登録 申請・届出 よくある質問 イベントカレンダー 一時保存する メニュー くらし・手続き 子育て・教育 健康・福祉 移住・定住 観光・イベント 市政 現在地 トップページ > 分類でさがす > くらし > 税金・公金
22	26	豊後高田市	ケーブルネットワーク関連例規リンク集	https://www.city.bungotakada.oita.jp/site/bungotakadacatv/2157.html	ケーブルネットワーク関連例規リンク集 - 豊後高田市ケーブルネットワーク - 豊後高田市ホームページ ページの先頭です。 メニューを飛ばして本文へ メニュー --> 豊後高田市の魅力 ヘルプ メニュー 本文へ 本文へ --> 検索 文字サイズ・色合い変更 文字サイズ 標準 拡大 背景色変更 白 黒 青 Translate 防災 当番医 サイト内 検索 Googleカスタム検索 詳しく さがす ID検索(ページの番号を入れてください) ID検索 注目ワード 住みたい田舎 子育て支援 昭和の町 ふるさと納税 休日当番医 ごみ検索 住民票・戸籍・印鑑登録 申請・届出 よくある質問 イベントカレンダー 一時保存する メニュー くらし・手続き 子育て・教育 健康・福祉 移住・定住 観光・イベント 市政 現在地 トップペー
22	23	津久見市	妊娠・出産	https://www.city.tsukumi.oita.jp/life/1/1/1/	妊娠・出産 - 津久見市公式ホームページ ページの先頭です。 メニューを飛ばして本文へ メニュー 本文へ Foreign language 背景色・文字サイズ 背景色 白 黒 青 文字サイズ 標準 拡大 キーワード検索 詳細検索 分類でさがす 組織でさがす カレンダーでさがす 注目 防災 子育て マイナンバーカード ごみ くらし しごと 観光 市政・議会 現在地 トップページ > 分類でさがす > くらしの情報 > ライフステージ > 妊娠・出産 本文 妊娠・出産 おすすめ情報 2026年3月4日更新 すくすくつくみっ子募集中！ 2024年7月4日更新 子ども医療費助成制度のお知らせ 2024年4月1日更新 不妊治療費助成事業 2020年10月1日更新 子育て応援アプリ「てとて」をご利用ください！（母子モ） 基
22	23	津久見市	児童福祉	https://www.city.tsukumi.oita.jp/life/1/8/42/	児童福祉 - 津久見市公式ホームページ ページの先頭です。 メニューを飛ばして本文へ メニュー 本文へ Foreign language 背景色・文字サイズ 背景色 白 黒 青 文字サイズ 標準 拡大 キーワード検索 詳細検索 分類でさがす 組織でさがす カレンダーでさがす 注目 防災 子育て マイナンバーカード ごみ くらし しごと 観光 市政・議会 現在地 トップページ > 分類でさがす > くらしの情報 > 介護・福祉 > 児童福祉 本文 児童福祉 基本情報 2025年6月27日更新 一時預かり事業をお役立てください！ 2025年4月1日更新 放課後児童クラブ・児童館 2025年3月3日更新 各種手当・医療費の助成 2024年8月30日更新 児童手当の制度が一部改正されます 2023年5月19日更新 子育
22	23	津久見市	商工業	https://www.city.tsukumi.oita.jp/life/2/17/76/	商工業 - 津久見市公式ホームページ ページの先頭です。 メニューを飛ばして本文へ メニュー 本文へ Foreign language 背景色・文字サイズ 背景色 白 黒 青 文字サイズ 標準 拡大 キーワード検索 詳細検索 分類でさがす 組織でさがす カレンダーでさがす 注目 防災 子育て マイナンバーカード ごみ くらし しごと 観光 市政・議会 現在地 トップページ > 分類でさがす > しごとの情報 > 産業振興 > 商工業 本文 商工業 おすすめ情報 2026年5月1日更新 一般貨物自動車運送事業者や海運事業者の方への支援金について 2026年5月1日更新 【申請は令和９年１月２９日まで】物価高騰などの影響により経営が厳しい小規模事業者を支援します！ 2025年8月12日更新 公共施設（（元）社会福祉
22	18	津久見市	後期高齢者医療制度について	https://www.city.tsukumi.oita.jp/soshiki/4/851.html	後期高齢者医療制度について - 津久見市公式ホームページ ページの先頭です。 メニューを飛ばして本文へ メニュー 本文へ Foreign language 背景色・文字サイズ 背景色 白 黒 青 文字サイズ 標準 拡大 キーワード検索 詳細検索 分類でさがす 組織でさがす カレンダーでさがす 注目 防災 子育て マイナンバーカード ごみ くらし しごと 観光 市政・議会 現在地 トップページ > 分類でさがす > くらしの情報 > 保険・年金 > 後期高齢者医療制度 > 後期高齢者医療制度について 本文 後期高齢者医療制度について 印刷ページ表示 更新日：2022年9月21日更新 後期高齢者医療からのお知らせ 後期高齢者医療制度被保険者の保険料（約１割）、現役世代（国保・被用者保険）からの支援金（約４割）及び公
22	17	杵築市	福祉関連	https://www.city.kitsuki.lg.jp/shinseisho/fukushi/index.html	福祉関連／杵築市 スマートフォン版を表示 本文へ Foreign language 携帯サイト 文字サイズ 背景色 PCサイト Foreign language キーワードで探す トップページへ くらしの情報 健康・福祉 教育・子育て 観光・歴史 産業・ビジネス 市政・まちづくり 定住促進サイト ブランドサイト メニューを閉じる くらしの情報 健康･福祉 教育･子育て 観光･歴史 産業･ビジネス 市政･まちづくり キーワードで探す 申請書ダウンロード こんなときには 転入・転出 妊娠・出産・子育て 入園・入学 就職・退職 結婚・離婚 高齢者・介護 終活・死亡・相続 税金 現在の位置 ホーム 申請書ダウンロード 福祉関連 福祉関連 Tweet 「障がい者移動支援助成制度」をご利用ください 療育手帳の交付 補装具費
22	16	津久見市	軽自動車税	https://www.city.tsukumi.oita.jp/life/1/3/18/	軽自動車税 - 津久見市公式ホームページ ページの先頭です。 メニューを飛ばして本文へ メニュー 本文へ Foreign language 背景色・文字サイズ 背景色 白 黒 青 文字サイズ 標準 拡大 キーワード検索 詳細検索 分類でさがす 組織でさがす カレンダーでさがす 注目 防災 子育て マイナンバーカード ごみ くらし しごと 観光 市政・議会 現在地 トップページ > 分類でさがす > くらしの情報 > 税金 > 軽自動車税 本文 軽自動車税 基本情報 2020年12月18日更新 軽自動車税の減免について 2020年7月7日更新 軽自動車税の課税対象となる小型特殊自動車について 2019年8月16日更新 軽自動車税Ｑ＆Ａ 2018年7月25日更新 原動機付自転車、小型特殊自動車の申請手続きについて
21	30	津久見市	上下水道課	https://www.city.tsukumi.oita.jp/soshiki/18/	上下水道課 - 津久見市公式ホームページ ページの先頭です。 メニューを飛ばして本文へ メニュー 本文へ Foreign language 背景色・文字サイズ 背景色 白 黒 青 文字サイズ 標準 拡大 キーワード検索 詳細検索 分類でさがす 組織でさがす カレンダーでさがす 注目 防災 子育て マイナンバーカード ごみ くらし しごと 観光 市政・議会 現在地 トップページ > 組織でさがす > 本庁 > 上下水道課 本文 上下水道課 新着情報 2026年5月14日更新 水道使用量のお知らせ配布方法の変更手続き 2026年4月1日更新 合併処理浄化槽の設置に助成をします 2024年4月1日更新 下水道排水設備指定工事店について 2023年9月1日更新 （インボイス制度）津久見市上下水道課の適格請求書発行事業者
21	30	津久見市	住宅のリフォームをお考えの方へ	https://www.city.tsukumi.oita.jp/soshiki/12/10104.html	住宅のリフォームをお考えの方へ - 津久見市公式ホームページ ページの先頭です。 メニューを飛ばして本文へ メニュー 本文へ Foreign language 背景色・文字サイズ 背景色 白 黒 青 文字サイズ 標準 拡大 キーワード検索 詳細検索 分類でさがす 組織でさがす カレンダーでさがす 注目 防災 子育て マイナンバーカード ごみ くらし しごと 観光 市政・議会 現在地 トップページ > 分類でさがす > くらしの情報 > ライフステージ > 子育て > 住宅のリフォームをお考えの方へ 現在地 トップページ > 分類でさがす > くらしの情報 > まちづくり・コミュニティ > 定住促進 > 住宅のリフォームをお考えの方へ 本文 住宅のリフォームをお考えの方へ 印刷ページ表示 更新日：2026年5月2
21	30	津久見市	国民健康保険の給付	https://www.city.tsukumi.oita.jp/soshiki/4/82.html	国民健康保険の給付 - 津久見市公式ホームページ ページの先頭です。 メニューを飛ばして本文へ メニュー 本文へ Foreign language 背景色・文字サイズ 背景色 白 黒 青 文字サイズ 標準 拡大 キーワード検索 詳細検索 分類でさがす 組織でさがす カレンダーでさがす 注目 防災 子育て マイナンバーカード ごみ くらし しごと 観光 市政・議会 現在地 トップページ > 分類でさがす > くらしの情報 > ライフステージ > 妊娠・出産 > 国民健康保険の給付 本文 国民健康保険の給付 印刷ページ表示 更新日：2024年11月21日更新 どんな給付があるの？ 療養の給付 病院などの窓口で保険証を提示すれば、医療費の一部を支払うだけで次のような医療を受けることができます。 (1)診療 (2)治療
21	30	津久見市	津久見市電動式生ごみ処理機の購入助成について	https://www.city.tsukumi.oita.jp/soshiki/26/30406.html	津久見市電動式生ごみ処理機の購入助成について - 津久見市公式ホームページ ページの先頭です。 メニューを飛ばして本文へ メニュー 本文へ Foreign language 背景色・文字サイズ 背景色 白 黒 青 文字サイズ 標準 拡大 キーワード検索 詳細検索 分類でさがす 組織でさがす カレンダーでさがす 注目 防災 子育て マイナンバーカード ごみ くらし しごと 観光 市政・議会 現在地 トップページ > 分類でさがす > くらしの情報 > 環境・衛生・ごみ > ごみ・リサイクル > 津久見市電動式生ごみ処理機の購入助成について 本文 津久見市電動式生ごみ処理機の購入助成について 印刷ページ表示 更新日：2026年4月1日更新 電動式生ごみ処理機の購入助成の概要について【※事前申請必要】 家庭から排出さ
21	30	津久見市	合併処理浄化槽の設置に助成をします	https://www.city.tsukumi.oita.jp/soshiki/18/18.html	合併処理浄化槽の設置に助成をします - 津久見市公式ホームページ ページの先頭です。 メニューを飛ばして本文へ メニュー 本文へ Foreign language 背景色・文字サイズ 背景色 白 黒 青 文字サイズ 標準 拡大 キーワード検索 詳細検索 分類でさがす 組織でさがす カレンダーでさがす 注目 防災 子育て マイナンバーカード ごみ くらし しごと 観光 市政・議会 現在地 トップページ > 分類でさがす > くらしの情報 > 環境・衛生・ごみ > 環境 > 合併処理浄化槽の設置に助成をします 本文 合併処理浄化槽の設置に助成をします 印刷ページ表示 更新日：2026年4月1日更新 合併処理浄化槽の設置に助成をします ご家庭に合併処理浄化槽を設置する場合に、費用の一部を助成する制度があります。住宅の
21	30	津久見市	骨髄移植後等により免疫が失われたお子さんの予防接種「再接種費用」を助成します	https://www.city.tsukumi.oita.jp/site/kosodate/23680.html	骨髄移植後等により免疫が失われたお子さんの予防接種「再接種費用」を助成します - 津久見市公式ホームページ ページの先頭です。 メニューを飛ばして本文へ メニュー 検索 本文へ はじめての方へ Foreign language 背景色・文字サイズ 背景色 白 黒 青 文字サイズ 標準 拡大 目的でさがす 年齢でさがす 施設 休日・夜間当番医 イベントカレンダー キーワード検索 現在地 トップページ > 津久見市子育て応援サイト「つくみっこ」 > 年齢でさがす > 0～2歳児 > 骨髄移植後等により免疫が失われたお子さんの予防接種「再接種費用」を助成します 本文 骨髄移植後等により免疫が失われたお子さんの予防接種「再接種費用」を助成します 印刷ページ表示 更新日：2023年2月8日更新 骨髄移植等により、以前に定
21	30	津久見市	分譲地ルポ鬼丸販売中 残り6区画	https://www.city.tsukumi.oita.jp/soshiki/12/23327.html	分譲地ルポ鬼丸販売中 残り6区画 - 津久見市公式ホームページ ページの先頭です。 メニューを飛ばして本文へ メニュー 本文へ Foreign language 背景色・文字サイズ 背景色 白 黒 青 文字サイズ 標準 拡大 キーワード検索 詳細検索 分類でさがす 組織でさがす カレンダーでさがす 注目 防災 子育て マイナンバーカード ごみ くらし しごと 観光 市政・議会 現在地 トップページ > 組織でさがす > 本庁 > まちづくり課 > 分譲地ルポ鬼丸販売中 残り6区画 本文 分譲地ルポ鬼丸販売中 残り6区画 印刷ページ表示 更新日：2025年6月27日更新 ​ ​​​ルポ鬼丸 分譲価格表 ルポ鬼丸 分譲価格表 区画 土地面積(平方メートル) 土地面積(坪) 分譲価格 1 252.67 76.4 28
21	30	津久見市	妊産婦健診等に係る交通費・宿泊費の助成について	https://www.city.tsukumi.oita.jp/site/kosodate/25635.html	妊産婦健診等に係る交通費・宿泊費の助成について - 津久見市公式ホームページ ページの先頭です。 メニューを飛ばして本文へ メニュー 検索 本文へ はじめての方へ Foreign language 背景色・文字サイズ 背景色 白 黒 青 文字サイズ 標準 拡大 目的でさがす 年齢でさがす 施設 休日・夜間当番医 イベントカレンダー キーワード検索 現在地 トップページ > 津久見市子育て応援サイト「つくみっこ」 > 目的でさがす > 支援・助成 > 妊産婦健診等に係る交通費・宿泊費の助成について 本文 妊産婦健診等に係る交通費・宿泊費の助成について 印刷ページ表示 更新日：2023年11月8日更新 妊娠中～出産後を安心・安全に過ごすための支援として、近隣に産科医療機関のない妊産婦の妊産婦健診や出産に係る交通費・
21	30	津久見市	成人に対する風しんの予防接種費用を助成します	https://www.city.tsukumi.oita.jp/site/kosodate/3238.html	成人に対する風しんの予防接種費用を助成します - 津久見市公式ホームページ ページの先頭です。 メニューを飛ばして本文へ メニュー 検索 本文へ はじめての方へ Foreign language 背景色・文字サイズ 背景色 白 黒 青 文字サイズ 標準 拡大 目的でさがす 年齢でさがす 施設 休日・夜間当番医 イベントカレンダー キーワード検索 現在地 トップページ > 津久見市子育て応援サイト「つくみっこ」 > 年齢でさがす > 生まれるまで > 成人に対する風しんの予防接種費用を助成します 本文 成人に対する風しんの予防接種費用を助成します 印刷ページ表示 更新日：2015年8月1日更新 風しんの免疫を持っていない女性が妊娠初期に風しんに感染すると、白内障、先天性心疾患、難聴などの症状がある「先天性風しん症
21	30	津久見市	津久見に家を建てませんか！？	https://www.city.tsukumi.oita.jp/soshiki/8/9556.html	津久見に家を建てませんか！？ - 津久見市公式ホームページ ページの先頭です。 メニューを飛ばして本文へ メニュー 本文へ Foreign language 背景色・文字サイズ 背景色 白 黒 青 文字サイズ 標準 拡大 キーワード検索 詳細検索 分類でさがす 組織でさがす カレンダーでさがす 注目 防災 子育て マイナンバーカード ごみ くらし しごと 観光 市政・議会 現在地 トップページ > 組織でさがす > 本庁 > 会計財務課 > 津久見に家を建てませんか！？ 本文 津久見に家を建てませんか！？ 印刷ページ表示 更新日：2022年10月1日更新 津久見市では、人口減少に歯止めをかけ、「誇りと自信に満ちたまち「津久見」～笑顔と活力あふれる定住拠点～」の実現を最優先課題として取組を進めており、市が所有する
21	30	豊後高田市	保険年金課	https://www.city.bungotakada.oita.jp/soshiki/8/	保険年金課 - 豊後高田市ホームページ ページの先頭です。 メニューを飛ばして本文へ メニュー --> 豊後高田市の魅力 ヘルプ メニュー 本文へ 本文へ --> 検索 文字サイズ・色合い変更 文字サイズ 標準 拡大 背景色変更 白 黒 青 Translate 防災 当番医 サイト内 検索 Googleカスタム検索 詳しく さがす ID検索(ページの番号を入れてください) ID検索 注目ワード 住みたい田舎 子育て支援 昭和の町 ふるさと納税 休日当番医 ごみ検索 住民票・戸籍・印鑑登録 申請・届出 よくある質問 イベントカレンダー 一時保存する メニュー くらし・手続き 子育て・教育 健康・福祉 移住・定住 観光・イベント 市政 現在地 トップページ > 組織でさがす > 高田庁舎 > 保険年金課 本文 保険
21	30	豊後高田市	社会福祉課	https://www.city.bungotakada.oita.jp/soshiki/9/	社会福祉課 - 豊後高田市ホームページ ページの先頭です。 メニューを飛ばして本文へ メニュー --> 豊後高田市の魅力 ヘルプ メニュー 本文へ 本文へ --> 検索 文字サイズ・色合い変更 文字サイズ 標準 拡大 背景色変更 白 黒 青 Translate 防災 当番医 サイト内 検索 Googleカスタム検索 詳しく さがす ID検索(ページの番号を入れてください) ID検索 注目ワード 住みたい田舎 子育て支援 昭和の町 ふるさと納税 休日当番医 ごみ検索 住民票・戸籍・印鑑登録 申請・届出 よくある質問 イベントカレンダー 一時保存する メニュー くらし・手続き 子育て・教育 健康・福祉 移住・定住 観光・イベント 市政 現在地 トップページ > 組織でさがす > 高田庁舎 > 社会福祉課 本文 社会
21	30	豊後高田市	健康推進課	https://www.city.bungotakada.oita.jp/soshiki/11/	健康推進課 - 豊後高田市ホームページ ページの先頭です。 メニューを飛ばして本文へ メニュー --> 豊後高田市の魅力 ヘルプ メニュー 本文へ 本文へ --> 検索 文字サイズ・色合い変更 文字サイズ 標準 拡大 背景色変更 白 黒 青 Translate 防災 当番医 サイト内 検索 Googleカスタム検索 詳しく さがす ID検索(ページの番号を入れてください) ID検索 注目ワード 住みたい田舎 子育て支援 昭和の町 ふるさと納税 休日当番医 ごみ検索 住民票・戸籍・印鑑登録 申請・届出 よくある質問 イベントカレンダー 一時保存する メニュー くらし・手続き 子育て・教育 健康・福祉 移住・定住 観光・イベント 市政 現在地 トップページ > 組織でさがす > 高田庁舎 > 健康推進課 本文 健康
21	30	豊後高田市	商工観光課	https://www.city.bungotakada.oita.jp/soshiki/14/	商工観光課 - 豊後高田市ホームページ ページの先頭です。 メニューを飛ばして本文へ メニュー --> 豊後高田市の魅力 ヘルプ メニュー 本文へ 本文へ --> 検索 文字サイズ・色合い変更 文字サイズ 標準 拡大 背景色変更 白 黒 青 Translate 防災 当番医 サイト内 検索 Googleカスタム検索 詳しく さがす ID検索(ページの番号を入れてください) ID検索 注目ワード 住みたい田舎 子育て支援 昭和の町 ふるさと納税 休日当番医 ごみ検索 住民票・戸籍・印鑑登録 申請・届出 よくある質問 イベントカレンダー 一時保存する メニュー くらし・手続き 子育て・教育 健康・福祉 移住・定住 観光・イベント 市政 現在地 トップページ > 組織でさがす > 高田庁舎 > 商工観光課 本文 商工
21	30	豊後高田市	都市建築課	https://www.city.bungotakada.oita.jp/soshiki/19/	都市建築課 - 豊後高田市ホームページ ページの先頭です。 メニューを飛ばして本文へ メニュー --> 豊後高田市の魅力 ヘルプ メニュー 本文へ 本文へ --> 検索 文字サイズ・色合い変更 文字サイズ 標準 拡大 背景色変更 白 黒 青 Translate 防災 当番医 サイト内 検索 Googleカスタム検索 詳しく さがす ID検索(ページの番号を入れてください) ID検索 注目ワード 住みたい田舎 子育て支援 昭和の町 ふるさと納税 休日当番医 ごみ検索 住民票・戸籍・印鑑登録 申請・届出 よくある質問 イベントカレンダー 一時保存する メニュー くらし・手続き 子育て・教育 健康・福祉 移住・定住 観光・イベント 市政 現在地 トップページ > 組織でさがす > 高田庁舎 > 都市建築課 本文 都市
21	25	臼杵市	お問合せ先	https://www.city.usuki.oita.jp/docs/2019022700018/	お問合せ先 | 臼杵市役所 本文へ ふりがなをつける --> 文字の大きさ 拡大 標準 縮小 背景色 黒 青 標準 読み上げる 臼杵市 メニュー サイトマップ お問合せ 総合トップ 市民向け 観光 ふるさと納税 移住・定住 事業者向け 他のカテゴリも表示する TOP カテゴリ 市民向け 市役所情報 組織機構図 TOP カテゴリ 区分 コンテンツ お問合せ先 公開日 2019年2月27日 更新日 2026年6月8日 ダイヤルイン（直通電話） 市役所に電話でお問合せの際は、直接担当課につながる「ダイヤルイン（直通電話）」と、電話交換室を通しておつなぎする「代表電話」の2種類があります。 担当部署が判明している場合は、お問合せ時間の短縮が見込まれますのでぜひダイヤルインをご利用ください。 臼杵庁舎 階数 課名 グルー
21	25	臼杵市	新型コロナウイルス感染症に関する今後の対応について（6月10日公開）	https://www.city.usuki.oita.jp/article/2021061000028/	新型コロナウイルス感染症に関する今後の対応について（6月10日公開） | 臼杵市役所 本文へ ふりがなをつける --> 文字の大きさ 拡大 標準 縮小 背景色 黒 青 標準 読み上げる 臼杵市 メニュー サイトマップ お問合せ 総合トップ 市民向け 観光 ふるさと納税 移住・定住 事業者向け 他のカテゴリも表示する TOP カテゴリ 区分 新着情報 新型コロナウイルス感染症に関する今後の対応について（6月10日公開） 公開日 2021年6月10日 更新日 2021年10月21日 令和3年6月10日、大分県新型コロナウイルス感染症対策本部および大分県社会経済再活性化緊急推進本部より公表された、県民の皆さまへのメッセージです。 令和3年6月10日 大分県新型コロナウイルス感染症対策本部 大分県社会経済再活性化緊急推
21	25	竹田市	障がい福祉	https://www.city.taketa.oita.jp/kenko_fukushi/10965.html	障がい福祉／竹田市 スマートフォン版を表示 本文へ 文字サイズ 背景色変更 Foreign Language 目的別で探す 妊娠・出産 子育て 入園・入学 就職・退職 結婚・離婚 引越し・住まい 高齢・介護 おくやみ よく利用されるメニュー 手続き検索ナビ 申請書ダウンロード ごみ検索 イベントカレンダー お問い合わせ お問い合わせフォームへ よく見られるページ 関連施設等のページ 竹田市立図書館 竹田市総合文化ホール グランツたけた 竹田市歴史文化館 竹田市消防本部 くらし・ 手続き 健康・福祉 市政・ まちづくり 子育て・教育 産業・ 事業者向け情報 学び・ スポーツ 移住・定住 文化・歴史 ・観光 現在のページ ホーム 健康・福祉・人権 障がい福祉 障がい福祉 2026年度 大分県パラスポーツ指導者（初級
21	25	竹田市	【介護保険】令和6年度報酬改定について	https://www.city.taketa.oita.jp/kenko_fukushi/fukushi_kaigo/9506.html	【介護保険】令和6年度報酬改定について／竹田市 スマートフォン版を表示 本文へ 文字サイズ 背景色変更 Foreign Language 目的別で探す 妊娠・出産 子育て 入園・入学 就職・退職 結婚・離婚 引越し・住まい 高齢・介護 おくやみ よく利用されるメニュー 手続き検索ナビ 申請書ダウンロード ごみ検索 イベントカレンダー お問い合わせ お問い合わせフォームへ よく見られるページ 関連施設等のページ 竹田市立図書館 竹田市総合文化ホール グランツたけた 竹田市歴史文化館 竹田市消防本部 くらし・ 手続き 健康・福祉 市政・ まちづくり 子育て・教育 産業・ 事業者向け情報 学び・ スポーツ 移住・定住 文化・歴史 ・観光 現在のページ ホーム 健康・福祉・人権 高齢者福祉・介護 【介護保険】令和6年度
21	25	竹田市	地域密着型サービス事業所の様式等について	https://www.city.taketa.oita.jp/kenko_fukushi/fukushi_kaigo/9639.html	地域密着型サービス事業所の様式等について／竹田市 スマートフォン版を表示 本文へ 文字サイズ 背景色変更 Foreign Language 目的別で探す 妊娠・出産 子育て 入園・入学 就職・退職 結婚・離婚 引越し・住まい 高齢・介護 おくやみ よく利用されるメニュー 手続き検索ナビ 申請書ダウンロード ごみ検索 イベントカレンダー お問い合わせ お問い合わせフォームへ よく見られるページ 関連施設等のページ 竹田市立図書館 竹田市総合文化ホール グランツたけた 竹田市歴史文化館 竹田市消防本部 くらし・ 手続き 健康・福祉 市政・ まちづくり 子育て・教育 産業・ 事業者向け情報 学び・ スポーツ 移住・定住 文化・歴史 ・観光 現在のページ ホーム 健康・福祉・人権 高齢者福祉・介護 地域密着型サービス事
21	25	竹田市	指定居宅介護支援（指定介護予防支援）事業所の様式について	https://www.city.taketa.oita.jp/kenko_fukushi/fukushi_kaigo/9641.html	指定居宅介護支援（指定介護予防支援）事業所の様式について／竹田市 スマートフォン版を表示 本文へ 文字サイズ 背景色変更 Foreign Language 目的別で探す 妊娠・出産 子育て 入園・入学 就職・退職 結婚・離婚 引越し・住まい 高齢・介護 おくやみ よく利用されるメニュー 手続き検索ナビ 申請書ダウンロード ごみ検索 イベントカレンダー お問い合わせ お問い合わせフォームへ よく見られるページ 関連施設等のページ 竹田市立図書館 竹田市総合文化ホール グランツたけた 竹田市歴史文化館 竹田市消防本部 くらし・ 手続き 健康・福祉 市政・ まちづくり 子育て・教育 産業・ 事業者向け情報 学び・ スポーツ 移住・定住 文化・歴史 ・観光 現在のページ ホーム 健康・福祉・人権 高齢者福祉・介護 指定
21	25	津久見市	介護保険各種様式（事業者向け）	https://www.city.tsukumi.oita.jp/soshiki/5/32041.html	介護保険各種様式（事業者向け） - 津久見市公式ホームページ ページの先頭です。 メニューを飛ばして本文へ メニュー 本文へ Foreign language 背景色・文字サイズ 背景色 白 黒 青 文字サイズ 標準 拡大 キーワード検索 詳細検索 分類でさがす 組織でさがす カレンダーでさがす 注目 防災 子育て マイナンバーカード ごみ くらし しごと 観光 市政・議会 現在地 トップページ > 組織でさがす > 本庁 > 長寿支援課 > 介護保険各種様式（事業者向け） 本文 介護保険各種様式（事業者向け） 印刷ページ表示 更新日：2026年3月1日更新 地域密着型サービス事業者・居宅介護支援事業者・介護予防支援事業者の指定・変更・更新に関する様式 事業所を新規に開設するときや、すでに開設している事業所の届
21	18	臼杵市	「臼杵のごちそう!タク配サービス」について	https://www.city.usuki.oita.jp/article/2021051700037/	「臼杵のごちそう!タク配サービス」について | 臼杵市役所 本文へ ふりがなをつける --> 文字の大きさ 拡大 標準 縮小 背景色 黒 青 標準 読み上げる 臼杵市 メニュー サイトマップ お問合せ 総合トップ 市民向け 観光 ふるさと納税 移住・定住 事業者向け 他のカテゴリも表示する TOP カテゴリ 観光 観光情報 TOP カテゴリ 区分 新着情報 「臼杵のごちそう!タク配サービス」について 公開日 2021年8月20日 更新日 2021年8月19日 大分県では、新型コロナウイルス感染症状況がステージ3となり、不要不急の外出自粛や飲食店の時短営業の協力要請など、厳しい状況が続いています。 そんな中、皆様に少しでも安心してテイクアウトをご利用いただけるよう、 1,000円の配送料補助 がつくこのサービスを
21	18	竹田市	食費・居住費（滞在費）にかかる負担限度額の認定について	https://www.city.taketa.oita.jp/kenko_fukushi/fukushi_kaigo/9218.html	食費・居住費（滞在費）にかかる負担限度額の認定について／竹田市 スマートフォン版を表示 本文へ 文字サイズ 背景色変更 Foreign Language 目的別で探す 妊娠・出産 子育て 入園・入学 就職・退職 結婚・離婚 引越し・住まい 高齢・介護 おくやみ よく利用されるメニュー 手続き検索ナビ 申請書ダウンロード ごみ検索 イベントカレンダー お問い合わせ お問い合わせフォームへ よく見られるページ 関連施設等のページ 竹田市立図書館 竹田市総合文化ホール グランツたけた 竹田市歴史文化館 竹田市消防本部 くらし・ 手続き 健康・福祉 市政・ まちづくり 子育て・教育 産業・ 事業者向け情報 学び・ スポーツ 移住・定住 文化・歴史 ・観光 現在のページ ホーム 健康・福祉・人権 高齢者福祉・介護 食費・
21	18	津久見市	生活保護制度について	https://www.city.tsukumi.oita.jp/soshiki/20/265.html	生活保護制度について - 津久見市公式ホームページ ページの先頭です。 メニューを飛ばして本文へ メニュー 本文へ Foreign language 背景色・文字サイズ 背景色 白 黒 青 文字サイズ 標準 拡大 キーワード検索 詳細検索 分類でさがす 組織でさがす カレンダーでさがす 注目 防災 子育て マイナンバーカード ごみ くらし しごと 観光 市政・議会 現在地 トップページ > 分類でさがす > くらしの情報 > 介護・福祉 > 生活保護 > 生活保護制度について 本文 生活保護制度について 印刷ページ表示 更新日：2024年3月1日更新 【生活保護とは】 病気や身体の障害、いろいろな予期せぬ事情により、どうしても生活できなくなった方に対し健康で文化的な最低限度の生活を保障するための制度です。 また
21	18	津久見市	マイナンバーカード作成申請用の顔写真を無料撮影します	https://www.city.tsukumi.oita.jp/soshiki/2/19429.html	マイナンバーカード作成申請用の顔写真を無料撮影します - 津久見市公式ホームページ ページの先頭です。 メニューを飛ばして本文へ メニュー 本文へ Foreign language 背景色・文字サイズ 背景色 白 黒 青 文字サイズ 標準 拡大 キーワード検索 詳細検索 分類でさがす 組織でさがす カレンダーでさがす 注目 防災 子育て マイナンバーカード ごみ くらし しごと 観光 市政・議会 現在地 トップページ > 組織でさがす > 本庁 > 市民生活課 人権尊重・部落差別解消推進室 > マイナンバーカード作成申請用の顔写真を無料撮影します 本文 マイナンバーカード作成申請用の顔写真を無料撮影します 印刷ページ表示 更新日：2021年7月26日更新 マイナンバーカードの顔写真を撮影してタブレットでカードの
21	16	杵築市	杵築市立幼稚園	https://www.city.kitsuki.lg.jp/soshiki/7/kyoiku_soumu/siritusyoutien_syoutyugakou/1/top.html	杵築市立幼稚園／杵築市 スマートフォン版を表示 本文へ Foreign language 携帯サイト 文字サイズ 背景色 PCサイト Foreign language キーワードで探す トップページへ くらしの情報 健康・福祉 教育・子育て 観光・歴史 産業・ビジネス 市政・まちづくり 定住促進サイト ブランドサイト メニューを閉じる くらしの情報 健康･福祉 教育･子育て 観光･歴史 産業･ビジネス 市政･まちづくり キーワードで探す 市立幼稚園 こんなときには 転入・転出 妊娠・出産・子育て 入園・入学 就職・退職 結婚・離婚 高齢者・介護 終活・死亡・相続 税金 現在の位置 ホーム 組織で探す 教育委員会 教育総務課 市立幼稚園、小･中学校 市立幼稚園 杵築市立幼稚園 杵築市立幼稚園 Tweet 更新日：
20	26	津久見市	税務課	https://www.city.tsukumi.oita.jp/soshiki/17/	税務課 - 津久見市公式ホームページ ページの先頭です。 メニューを飛ばして本文へ メニュー 本文へ Foreign language 背景色・文字サイズ 背景色 白 黒 青 文字サイズ 標準 拡大 キーワード検索 詳細検索 分類でさがす 組織でさがす カレンダーでさがす 注目 防災 子育て マイナンバーカード ごみ くらし しごと 観光 市政・議会 現在地 トップページ > 組織でさがす > 本庁 > 税務課 本文 税務課 新着情報 2026年5月11日更新 自治体を装った詐欺メールに要注意 2025年12月5日更新 令和8年度（令和７年分）給与支払報告書の提出について 2025年8月25日更新 定額減税調整給付金(不足額給付)のご案内 2023年12月5日更新 森林環境税（国税）について 2023年10月3
20	24	臼杵市	病児・病後児保育	https://www.city.usuki.oita.jp/docs/2014020500028/	病児・病後児保育 | 臼杵市役所 本文へ ふりがなをつける --> 文字の大きさ 拡大 標準 縮小 背景色 黒 青 標準 読み上げる 臼杵市 メニュー サイトマップ お問合せ 総合トップ 市民向け 観光 ふるさと納税 移住・定住 事業者向け 他のカテゴリも表示する TOP カテゴリ 市民向け 医療・健康・福祉・保険・年金 子育て支援 TOP カテゴリ 市民向け ライフイベント 妊娠・出産・子育て 子どもの健康 TOP カテゴリ 市民向け ライフイベント 妊娠・出産・子育て 子育て支援 TOP カテゴリ 市民向け 移住支援 子育て支援策 子育て支援 TOP カテゴリ 区分 コンテンツ 病児・病後児保育 公開日 2019年2月12日 更新日 2025年4月22日 保育サービス（病児・病後児保育） 0歳から小学校6年
20	24	竹田市	国民健康保険	https://www.city.taketa.oita.jp/kenko_fukushi/iryo/3024.html	国民健康保険／竹田市 スマートフォン版を表示 本文へ 文字サイズ 背景色変更 Foreign Language 目的別で探す 妊娠・出産 子育て 入園・入学 就職・退職 結婚・離婚 引越し・住まい 高齢・介護 おくやみ よく利用されるメニュー 手続き検索ナビ 申請書ダウンロード ごみ検索 イベントカレンダー お問い合わせ お問い合わせフォームへ よく見られるページ 関連施設等のページ 竹田市立図書館 竹田市総合文化ホール グランツたけた 竹田市歴史文化館 竹田市消防本部 くらし・ 手続き 健康・福祉 市政・ まちづくり 子育て・教育 産業・ 事業者向け情報 学び・ スポーツ 移住・定住 文化・歴史 ・観光 現在のページ ホーム 健康・福祉・人権 医療 国民健康保険 国民健康保険 Tweet 更新日：2025年0
20	24	竹田市	未熟児養育医療	https://www.city.taketa.oita.jp/kosodate_kyoiku/kenshin_yobosesshu/9109.html	未熟児養育医療／竹田市 スマートフォン版を表示 本文へ 文字サイズ 背景色変更 Foreign Language 目的別で探す 妊娠・出産 子育て 入園・入学 就職・退職 結婚・離婚 引越し・住まい 高齢・介護 おくやみ よく利用されるメニュー 手続き検索ナビ 申請書ダウンロード ごみ検索 イベントカレンダー お問い合わせ お問い合わせフォームへ よく見られるページ 関連施設等のページ 竹田市立図書館 竹田市総合文化ホール グランツたけた 竹田市歴史文化館 竹田市消防本部 くらし・ 手続き 健康・福祉 市政・ まちづくり 子育て・教育 産業・ 事業者向け情報 学び・ スポーツ 移住・定住 文化・歴史 ・観光 現在のページ ホーム 子育て・教育 健康・医療 未熟児養育医療 未熟児養育医療 Tweet 更新日：20
20	24	竹田市	国民健康保険	https://www.city.taketa.oita.jp/life_scene/shushoku/3007.html	国民健康保険／竹田市 スマートフォン版を表示 本文へ 文字サイズ 背景色変更 Foreign Language 目的別で探す 妊娠・出産 子育て 入園・入学 就職・退職 結婚・離婚 引越し・住まい 高齢・介護 おくやみ よく利用されるメニュー 手続き検索ナビ 申請書ダウンロード ごみ検索 イベントカレンダー お問い合わせ お問い合わせフォームへ よく見られるページ 関連施設等のページ 竹田市立図書館 竹田市総合文化ホール グランツたけた 竹田市歴史文化館 竹田市消防本部 くらし・ 手続き 健康・福祉 市政・ まちづくり 子育て・教育 産業・ 事業者向け情報 学び・ スポーツ 移住・定住 文化・歴史 ・観光 現在のページ ホーム ライフシーンから探す 就職・退職 国民健康保険 国民健康保険 Tweet 更新日：2
20	24	竹田市	退職所得に対する個人市県民税の特別徴収について	https://www.city.taketa.oita.jp/life_scene/shushoku/3008.html	退職所得に対する個人市県民税の特別徴収について／竹田市 スマートフォン版を表示 本文へ 文字サイズ 背景色変更 Foreign Language 目的別で探す 妊娠・出産 子育て 入園・入学 就職・退職 結婚・離婚 引越し・住まい 高齢・介護 おくやみ よく利用されるメニュー 手続き検索ナビ 申請書ダウンロード ごみ検索 イベントカレンダー お問い合わせ お問い合わせフォームへ よく見られるページ 関連施設等のページ 竹田市立図書館 竹田市総合文化ホール グランツたけた 竹田市歴史文化館 竹田市消防本部 くらし・ 手続き 健康・福祉 市政・ まちづくり 子育て・教育 産業・ 事業者向け情報 学び・ スポーツ 移住・定住 文化・歴史 ・観光 現在のページ ホーム ライフシーンから探す 就職・退職 退職所得に対する
20	24	竹田市	退職所得に対する個人市県民税の特別徴収について	https://www.city.taketa.oita.jp/kurashi_tetsuzuki/zeikin/sizeinosyurui/1/1215.html	退職所得に対する個人市県民税の特別徴収について／竹田市 スマートフォン版を表示 本文へ 文字サイズ 背景色変更 Foreign Language 目的別で探す 妊娠・出産 子育て 入園・入学 就職・退職 結婚・離婚 引越し・住まい 高齢・介護 おくやみ よく利用されるメニュー 手続き検索ナビ 申請書ダウンロード ごみ検索 イベントカレンダー お問い合わせ お問い合わせフォームへ よく見られるページ 関連施設等のページ 竹田市立図書館 竹田市総合文化ホール グランツたけた 竹田市歴史文化館 竹田市消防本部 くらし・ 手続き 健康・福祉 市政・ まちづくり 子育て・教育 産業・ 事業者向け情報 学び・ スポーツ 移住・定住 文化・歴史 ・観光 現在のページ ホーム くらし・手続き 税金 市税について 住民税（個人・
20	24	竹田市	未熟児養育医療	https://www.city.taketa.oita.jp/life_scene/kenkouiryou/10867.html	未熟児養育医療／竹田市 スマートフォン版を表示 本文へ 文字サイズ 背景色変更 Foreign Language 目的別で探す 妊娠・出産 子育て 入園・入学 就職・退職 結婚・離婚 引越し・住まい 高齢・介護 おくやみ よく利用されるメニュー 手続き検索ナビ 申請書ダウンロード ごみ検索 イベントカレンダー お問い合わせ お問い合わせフォームへ よく見られるページ 関連施設等のページ 竹田市立図書館 竹田市総合文化ホール グランツたけた 竹田市歴史文化館 竹田市消防本部 くらし・ 手続き 健康・福祉 市政・ まちづくり 子育て・教育 産業・ 事業者向け情報 学び・ スポーツ 移住・定住 文化・歴史 ・観光 現在のページ ホーム ライフシーンから探す 健康・医療 未熟児養育医療 未熟児養育医療 Tweet 更新
20	24	津久見市	平成28年1月からマイナンバー（個人番号）を利用する後期高齢者医療制度の申請書等について	https://www.city.tsukumi.oita.jp/soshiki/4/3979.html	平成28年1月からマイナンバー（個人番号）を利用する後期高齢者医療制度の申請書等について - 津久見市公式ホームページ ページの先頭です。 メニューを飛ばして本文へ メニュー 本文へ Foreign language 背景色・文字サイズ 背景色 白 黒 青 文字サイズ 標準 拡大 キーワード検索 詳細検索 分類でさがす 組織でさがす カレンダーでさがす 注目 防災 子育て マイナンバーカード ごみ くらし しごと 観光 市政・議会 現在地 トップページ > 分類でさがす > くらしの情報 > ライフステージ > 妊娠・出産 > 平成28年1月からマイナンバー（個人番号）を利用する後期高齢者医療制度の申請書等について 本文 平成28年1月からマイナンバー（個人番号）を利用する後期高齢者医療制度の申請書等について
20	24	豊後高田市	介護保険料について	https://www.city.bungotakada.oita.jp/soshiki/6/12596.html	介護保険料について - 豊後高田市ホームページ ページの先頭です。 メニューを飛ばして本文へ メニュー --> 豊後高田市の魅力 ヘルプ メニュー 本文へ 本文へ --> 検索 文字サイズ・色合い変更 文字サイズ 標準 拡大 背景色変更 白 黒 青 Translate 防災 当番医 サイト内 検索 Googleカスタム検索 詳しく さがす ID検索(ページの番号を入れてください) ID検索 注目ワード 住みたい田舎 子育て支援 昭和の町 ふるさと納税 休日当番医 ごみ検索 住民票・戸籍・印鑑登録 申請・届出 よくある質問 イベントカレンダー 一時保存する メニュー くらし・手続き 子育て・教育 健康・福祉 移住・定住 観光・イベント 市政 現在地 トップページ > 分類でさがす > くらし > 税金・公金 >
20	24	豊後高田市	後期高齢者医療保険料について	https://www.city.bungotakada.oita.jp/soshiki/6/11986.html	後期高齢者医療保険料について - 豊後高田市ホームページ ページの先頭です。 メニューを飛ばして本文へ メニュー --> 豊後高田市の魅力 ヘルプ メニュー 本文へ 本文へ --> 検索 文字サイズ・色合い変更 文字サイズ 標準 拡大 背景色変更 白 黒 青 Translate 防災 当番医 サイト内 検索 Googleカスタム検索 詳しく さがす ID検索(ページの番号を入れてください) ID検索 注目ワード 住みたい田舎 子育て支援 昭和の町 ふるさと納税 休日当番医 ごみ検索 住民票・戸籍・印鑑登録 申請・届出 よくある質問 イベントカレンダー 一時保存する メニュー くらし・手続き 子育て・教育 健康・福祉 移住・定住 観光・イベント 市政 現在地 トップページ > 分類でさがす > くらし > 税金・
20	24	豊後高田市	市税等を滞納したら	https://www.city.bungotakada.oita.jp/soshiki/6/13131.html	市税等を滞納したら - 豊後高田市ホームページ ページの先頭です。 メニューを飛ばして本文へ メニュー --> 豊後高田市の魅力 ヘルプ メニュー 本文へ 本文へ --> 検索 文字サイズ・色合い変更 文字サイズ 標準 拡大 背景色変更 白 黒 青 Translate 防災 当番医 サイト内 検索 Googleカスタム検索 詳しく さがす ID検索(ページの番号を入れてください) ID検索 注目ワード 住みたい田舎 子育て支援 昭和の町 ふるさと納税 休日当番医 ごみ検索 住民票・戸籍・印鑑登録 申請・届出 よくある質問 イベントカレンダー 一時保存する メニュー くらし・手続き 子育て・教育 健康・福祉 移住・定住 観光・イベント 市政 現在地 トップページ > 分類でさがす > くらし > 税金・公金 >
20	24	豊後高田市	ハッピーマイホーム新築応援金	https://www.city.bungotakada.oita.jp/soshiki/5/1927.html	ハッピーマイホーム新築応援金 - 豊後高田市ホームページ ページの先頭です。 メニューを飛ばして本文へ メニュー --> 豊後高田市の魅力 ヘルプ メニュー 本文へ 本文へ --> 検索 文字サイズ・色合い変更 文字サイズ 標準 拡大 背景色変更 白 黒 青 Translate 防災 当番医 サイト内 検索 Googleカスタム検索 詳しく さがす ID検索(ページの番号を入れてください) ID検索 注目ワード 住みたい田舎 子育て支援 昭和の町 ふるさと納税 休日当番医 ごみ検索 住民票・戸籍・印鑑登録 申請・届出 よくある質問 イベントカレンダー 一時保存する メニュー くらし・手続き 子育て・教育 健康・福祉 移住・定住 観光・イベント 市政 現在地 トップページ > 分類でさがす > くらし > 土地・
20	24	豊後高田市	生活応援住宅リフォーム事業（アパート等所有者の皆様へ）	https://www.city.bungotakada.oita.jp/soshiki/5/1690.html	生活応援住宅リフォーム事業（アパート等所有者の皆様へ） - 豊後高田市ホームページ ページの先頭です。 メニューを飛ばして本文へ メニュー --> 豊後高田市の魅力 ヘルプ メニュー 本文へ 本文へ --> 検索 文字サイズ・色合い変更 文字サイズ 標準 拡大 背景色変更 白 黒 青 Translate 防災 当番医 サイト内 検索 Googleカスタム検索 詳しく さがす ID検索(ページの番号を入れてください) ID検索 注目ワード 住みたい田舎 子育て支援 昭和の町 ふるさと納税 休日当番医 ごみ検索 住民票・戸籍・印鑑登録 申請・届出 よくある質問 イベントカレンダー 一時保存する メニュー くらし・手続き 子育て・教育 健康・福祉 移住・定住 観光・イベント 市政 現在地 トップページ > 組織でさが
20	24	豊後高田市	ケーブルテレビが映らない	https://www.city.bungotakada.oita.jp/site/bungotakadacatv/2155.html	ケーブルテレビが映らない - 豊後高田市ケーブルネットワーク - 豊後高田市ホームページ ページの先頭です。 メニューを飛ばして本文へ メニュー --> 豊後高田市の魅力 ヘルプ メニュー 本文へ 本文へ --> 検索 文字サイズ・色合い変更 文字サイズ 標準 拡大 背景色変更 白 黒 青 Translate 防災 当番医 サイト内 検索 Googleカスタム検索 詳しく さがす ID検索(ページの番号を入れてください) ID検索 注目ワード 住みたい田舎 子育て支援 昭和の町 ふるさと納税 休日当番医 ごみ検索 住民票・戸籍・印鑑登録 申請・届出 よくある質問 イベントカレンダー 一時保存する メニュー くらし・手続き 子育て・教育 健康・福祉 移住・定住 観光・イベント 市政 現在地 トップページ > 分類
20	24	豊後高田市	ケーブルネットワーク施設宅内工事指定工事店	https://www.city.bungotakada.oita.jp/site/bungotakadacatv/2166.html	ケーブルネットワーク施設宅内工事指定工事店 - 豊後高田市ケーブルネットワーク - 豊後高田市ホームページ ページの先頭です。 メニューを飛ばして本文へ メニュー --> 豊後高田市の魅力 ヘルプ メニュー 本文へ 本文へ --> 検索 文字サイズ・色合い変更 文字サイズ 標準 拡大 背景色変更 白 黒 青 Translate 防災 当番医 サイト内 検索 Googleカスタム検索 詳しく さがす ID検索(ページの番号を入れてください) ID検索 注目ワード 住みたい田舎 子育て支援 昭和の町 ふるさと納税 休日当番医 ごみ検索 住民票・戸籍・印鑑登録 申請・届出 よくある質問 イベントカレンダー 一時保存する メニュー くらし・手続き 子育て・教育 健康・福祉 移住・定住 観光・イベント 市政 現在地 トッ
20	24	豊後高田市	ケーブルテレビサービス	https://www.city.bungotakada.oita.jp/site/bungotakadacatv/27646.html	ケーブルテレビサービス - 豊後高田市ケーブルネットワーク - 豊後高田市ホームページ ページの先頭です。 メニューを飛ばして本文へ メニュー --> 豊後高田市の魅力 ヘルプ メニュー 本文へ 本文へ --> 検索 文字サイズ・色合い変更 文字サイズ 標準 拡大 背景色変更 白 黒 青 Translate 防災 当番医 サイト内 検索 Googleカスタム検索 詳しく さがす ID検索(ページの番号を入れてください) ID検索 注目ワード 住みたい田舎 子育て支援 昭和の町 ふるさと納税 休日当番医 ごみ検索 住民票・戸籍・印鑑登録 申請・届出 よくある質問 イベントカレンダー 一時保存する メニュー くらし・手続き 子育て・教育 健康・福祉 移住・定住 観光・イベント 市政 現在地 トップページ > 分類で
20	24	豊後高田市	適格請求書等発行登録（インボイス制度）【ケーブルネットワーク施設使用料】	https://www.city.bungotakada.oita.jp/site/bungotakadacatv/18400.html	適格請求書等発行登録（インボイス制度）【ケーブルネットワーク施設使用料】 - 豊後高田市ケーブルネットワーク - 豊後高田市ホームページ ページの先頭です。 メニューを飛ばして本文へ メニュー --> 豊後高田市の魅力 ヘルプ メニュー 本文へ 本文へ --> 検索 文字サイズ・色合い変更 文字サイズ 標準 拡大 背景色変更 白 黒 青 Translate 防災 当番医 サイト内 検索 Googleカスタム検索 詳しく さがす ID検索(ページの番号を入れてください) ID検索 注目ワード 住みたい田舎 子育て支援 昭和の町 ふるさと納税 休日当番医 ごみ検索 住民票・戸籍・印鑑登録 申請・届出 よくある質問 イベントカレンダー 一時保存する メニュー くらし・手続き 子育て・教育 健康・福祉 移住・定住 観光
20	24	豊後高田市	電話・インターネットサービス	https://www.city.bungotakada.oita.jp/site/bungotakadacatv/2652.html	電話・インターネットサービス - 豊後高田市ケーブルネットワーク - 豊後高田市ホームページ ページの先頭です。 メニューを飛ばして本文へ メニュー --> 豊後高田市の魅力 ヘルプ メニュー 本文へ 本文へ --> 検索 文字サイズ・色合い変更 文字サイズ 標準 拡大 背景色変更 白 黒 青 Translate 防災 当番医 サイト内 検索 Googleカスタム検索 詳しく さがす ID検索(ページの番号を入れてください) ID検索 注目ワード 住みたい田舎 子育て支援 昭和の町 ふるさと納税 休日当番医 ごみ検索 住民票・戸籍・印鑑登録 申請・届出 よくある質問 イベントカレンダー 一時保存する メニュー くらし・手続き 子育て・教育 健康・福祉 移住・定住 観光・イベント 市政 現在地 トップページ >
20	24	豊後高田市	ケーブルテレビサービス	https://www.city.bungotakada.oita.jp/site/bungotakadacatv/2138.html	ケーブルテレビサービス - 豊後高田市ケーブルネットワーク - 豊後高田市ホームページ ページの先頭です。 メニューを飛ばして本文へ メニュー --> 豊後高田市の魅力 ヘルプ メニュー 本文へ 本文へ --> 検索 文字サイズ・色合い変更 文字サイズ 標準 拡大 背景色変更 白 黒 青 Translate 防災 当番医 サイト内 検索 Googleカスタム検索 詳しく さがす ID検索(ページの番号を入れてください) ID検索 注目ワード 住みたい田舎 子育て支援 昭和の町 ふるさと納税 休日当番医 ごみ検索 住民票・戸籍・印鑑登録 申請・届出 よくある質問 イベントカレンダー 一時保存する メニュー くらし・手続き 子育て・教育 健康・福祉 移住・定住 観光・イベント 市政 現在地 トップページ > 分類で
20	24	豊後高田市	告知サービス	https://www.city.bungotakada.oita.jp/site/bungotakadacatv/2139.html	告知サービス - 豊後高田市ケーブルネットワーク - 豊後高田市ホームページ ページの先頭です。 メニューを飛ばして本文へ メニュー --> 豊後高田市の魅力 ヘルプ メニュー 本文へ 本文へ --> 検索 文字サイズ・色合い変更 文字サイズ 標準 拡大 背景色変更 白 黒 青 Translate 防災 当番医 サイト内 検索 Googleカスタム検索 詳しく さがす ID検索(ページの番号を入れてください) ID検索 注目ワード 住みたい田舎 子育て支援 昭和の町 ふるさと納税 休日当番医 ごみ検索 住民票・戸籍・印鑑登録 申請・届出 よくある質問 イベントカレンダー 一時保存する メニュー くらし・手続き 子育て・教育 健康・福祉 移住・定住 観光・イベント 市政 現在地 トップページ > 分類でさがす >
20	24	豊後高田市	令和6年度ケーブルネットワーク施設使用料の納期限	https://www.city.bungotakada.oita.jp/site/bungotakadacatv/3090.html	令和6年度ケーブルネットワーク施設使用料の納期限 - 豊後高田市ケーブルネットワーク - 豊後高田市ホームページ ページの先頭です。 メニューを飛ばして本文へ メニュー --> 豊後高田市の魅力 ヘルプ メニュー 本文へ 本文へ --> 検索 文字サイズ・色合い変更 文字サイズ 標準 拡大 背景色変更 白 黒 青 Translate 防災 当番医 サイト内 検索 Googleカスタム検索 詳しく さがす ID検索(ページの番号を入れてください) ID検索 注目ワード 住みたい田舎 子育て支援 昭和の町 ふるさと納税 休日当番医 ごみ検索 住民票・戸籍・印鑑登録 申請・届出 よくある質問 イベントカレンダー 一時保存する メニュー くらし・手続き 子育て・教育 健康・福祉 移住・定住 観光・イベント 市政 現在地
20	24	豊後高田市	ケーブルネットワーク施設引込工事費用及び分担金	https://www.city.bungotakada.oita.jp/site/bungotakadacatv/2140.html	ケーブルネットワーク施設引込工事費用及び分担金 - 豊後高田市ケーブルネットワーク - 豊後高田市ホームページ ページの先頭です。 メニューを飛ばして本文へ メニュー --> 豊後高田市の魅力 ヘルプ メニュー 本文へ 本文へ --> 検索 文字サイズ・色合い変更 文字サイズ 標準 拡大 背景色変更 白 黒 青 Translate 防災 当番医 サイト内 検索 Googleカスタム検索 詳しく さがす ID検索(ページの番号を入れてください) ID検索 注目ワード 住みたい田舎 子育て支援 昭和の町 ふるさと納税 休日当番医 ごみ検索 住民票・戸籍・印鑑登録 申請・届出 よくある質問 イベントカレンダー 一時保存する メニュー くらし・手続き 子育て・教育 健康・福祉 移住・定住 観光・イベント 市政 現在地
20	24	豊後高田市	ケーブルネットワーク施設基本使用料及び付加サービス使用料	https://www.city.bungotakada.oita.jp/site/bungotakadacatv/2141.html	ケーブルネットワーク施設基本使用料及び付加サービス使用料 - 豊後高田市ケーブルネットワーク - 豊後高田市ホームページ ページの先頭です。 メニューを飛ばして本文へ メニュー --> 豊後高田市の魅力 ヘルプ メニュー 本文へ 本文へ --> 検索 文字サイズ・色合い変更 文字サイズ 標準 拡大 背景色変更 白 黒 青 Translate 防災 当番医 サイト内 検索 Googleカスタム検索 詳しく さがす ID検索(ページの番号を入れてください) ID検索 注目ワード 住みたい田舎 子育て支援 昭和の町 ふるさと納税 休日当番医 ごみ検索 住民票・戸籍・印鑑登録 申請・届出 よくある質問 イベントカレンダー 一時保存する メニュー くらし・手続き 子育て・教育 健康・福祉 移住・定住 観光・イベント 市政
20	24	豊後高田市	ケーブルネットワーク施設新規加入のお申込み（一般の戸建て住宅の場合）	https://www.city.bungotakada.oita.jp/site/bungotakadacatv/2142.html	ケーブルネットワーク施設新規加入のお申込み（一般の戸建て住宅の場合） - 豊後高田市ケーブルネットワーク - 豊後高田市ホームページ ページの先頭です。 メニューを飛ばして本文へ メニュー --> 豊後高田市の魅力 ヘルプ メニュー 本文へ 本文へ --> 検索 文字サイズ・色合い変更 文字サイズ 標準 拡大 背景色変更 白 黒 青 Translate 防災 当番医 サイト内 検索 Googleカスタム検索 詳しく さがす ID検索(ページの番号を入れてください) ID検索 注目ワード 住みたい田舎 子育て支援 昭和の町 ふるさと納税 休日当番医 ごみ検索 住民票・戸籍・印鑑登録 申請・届出 よくある質問 イベントカレンダー 一時保存する メニュー くらし・手続き 子育て・教育 健康・福祉 移住・定住 観光・イ
20	24	豊後高田市	ケーブルネットワーク施設新規加入のお申込み（アパート等の貸家の場合）	https://www.city.bungotakada.oita.jp/site/bungotakadacatv/2143.html	ケーブルネットワーク施設新規加入のお申込み（アパート等の貸家の場合） - 豊後高田市ケーブルネットワーク - 豊後高田市ホームページ ページの先頭です。 メニューを飛ばして本文へ メニュー --> 豊後高田市の魅力 ヘルプ メニュー 本文へ 本文へ --> 検索 文字サイズ・色合い変更 文字サイズ 標準 拡大 背景色変更 白 黒 青 Translate 防災 当番医 サイト内 検索 Googleカスタム検索 詳しく さがす ID検索(ページの番号を入れてください) ID検索 注目ワード 住みたい田舎 子育て支援 昭和の町 ふるさと納税 休日当番医 ごみ検索 住民票・戸籍・印鑑登録 申請・届出 よくある質問 イベントカレンダー 一時保存する メニュー くらし・手続き 子育て・教育 健康・福祉 移住・定住 観光・イ
20	24	豊後高田市	ケーブルネットワーク施設付加サービス（BSプラス・CSプラス等）のお申込み	https://www.city.bungotakada.oita.jp/site/bungotakadacatv/2144.html	ケーブルネットワーク施設付加サービス（BSプラス・CSプラス等）のお申込み - 豊後高田市ケーブルネットワーク - 豊後高田市ホームページ ページの先頭です。 メニューを飛ばして本文へ メニュー --> 豊後高田市の魅力 ヘルプ メニュー 本文へ 本文へ --> 検索 文字サイズ・色合い変更 文字サイズ 標準 拡大 背景色変更 白 黒 青 Translate 防災 当番医 サイト内 検索 Googleカスタム検索 詳しく さがす ID検索(ページの番号を入れてください) ID検索 注目ワード 住みたい田舎 子育て支援 昭和の町 ふるさと納税 休日当番医 ごみ検索 住民票・戸籍・印鑑登録 申請・届出 よくある質問 イベントカレンダー 一時保存する メニュー くらし・手続き 子育て・教育 健康・福祉 移住・定住 観
20	24	豊後高田市	引っ越し等に伴うケーブルネットワーク施設移転の手続き	https://www.city.bungotakada.oita.jp/site/bungotakadacatv/2146.html	引っ越し等に伴うケーブルネットワーク施設移転の手続き - 豊後高田市ケーブルネットワーク - 豊後高田市ホームページ ページの先頭です。 メニューを飛ばして本文へ メニュー --> 豊後高田市の魅力 ヘルプ メニュー 本文へ 本文へ --> 検索 文字サイズ・色合い変更 文字サイズ 標準 拡大 背景色変更 白 黒 青 Translate 防災 当番医 サイト内 検索 Googleカスタム検索 詳しく さがす ID検索(ページの番号を入れてください) ID検索 注目ワード 住みたい田舎 子育て支援 昭和の町 ふるさと納税 休日当番医 ごみ検索 住民票・戸籍・印鑑登録 申請・届出 よくある質問 イベントカレンダー 一時保存する メニュー くらし・手続き 子育て・教育 健康・福祉 移住・定住 観光・イベント 市政 現
20	24	豊後高田市	ケーブルネットワーク施設加入の解除の手続き	https://www.city.bungotakada.oita.jp/site/bungotakadacatv/2147.html	ケーブルネットワーク施設加入の解除の手続き - 豊後高田市ケーブルネットワーク - 豊後高田市ホームページ ページの先頭です。 メニューを飛ばして本文へ メニュー --> 豊後高田市の魅力 ヘルプ メニュー 本文へ 本文へ --> 検索 文字サイズ・色合い変更 文字サイズ 標準 拡大 背景色変更 白 黒 青 Translate 防災 当番医 サイト内 検索 Googleカスタム検索 詳しく さがす ID検索(ページの番号を入れてください) ID検索 注目ワード 住みたい田舎 子育て支援 昭和の町 ふるさと納税 休日当番医 ごみ検索 住民票・戸籍・印鑑登録 申請・届出 よくある質問 イベントカレンダー 一時保存する メニュー くらし・手続き 子育て・教育 健康・福祉 移住・定住 観光・イベント 市政 現在地 トッ
20	24	豊後高田市	インターネットがつながらない	https://www.city.bungotakada.oita.jp/site/bungotakadacatv/10475.html	インターネットがつながらない - 豊後高田市ケーブルネットワーク - 豊後高田市ホームページ ページの先頭です。 メニューを飛ばして本文へ メニュー --> 豊後高田市の魅力 ヘルプ メニュー 本文へ 本文へ --> 検索 文字サイズ・色合い変更 文字サイズ 標準 拡大 背景色変更 白 黒 青 Translate 防災 当番医 サイト内 検索 Googleカスタム検索 詳しく さがす ID検索(ページの番号を入れてください) ID検索 注目ワード 住みたい田舎 子育て支援 昭和の町 ふるさと納税 休日当番医 ごみ検索 住民票・戸籍・印鑑登録 申請・届出 よくある質問 イベントカレンダー 一時保存する メニュー くらし・手続き 子育て・教育 健康・福祉 移住・定住 観光・イベント 市政 現在地 トップページ >
20	24	豊後高田市	ケーブルテレビ電波障害について	https://www.city.bungotakada.oita.jp/site/bungotakadacatv/2304.html	ケーブルテレビ電波障害について - 豊後高田市ケーブルネットワーク - 豊後高田市ホームページ ページの先頭です。 メニューを飛ばして本文へ メニュー --> 豊後高田市の魅力 ヘルプ メニュー 本文へ 本文へ --> 検索 文字サイズ・色合い変更 文字サイズ 標準 拡大 背景色変更 白 黒 青 Translate 防災 当番医 サイト内 検索 Googleカスタム検索 詳しく さがす ID検索(ページの番号を入れてください) ID検索 注目ワード 住みたい田舎 子育て支援 昭和の町 ふるさと納税 休日当番医 ごみ検索 住民票・戸籍・印鑑登録 申請・届出 よくある質問 イベントカレンダー 一時保存する メニュー くらし・手続き 子育て・教育 健康・福祉 移住・定住 観光・イベント 市政 現在地 トップページ >
20	19	津久見市	子育て	https://www.city.tsukumi.oita.jp/life/sub/6/1/2/	子育て - 津久見市公式ホームページ ページの先頭です。 メニューを飛ばして本文へ メニュー 本文へ Foreign language 背景色・文字サイズ 背景色 白 黒 青 文字サイズ 標準 拡大 キーワード検索 詳細検索 分類でさがす 組織でさがす カレンダーでさがす 注目 防災 子育て マイナンバーカード ごみ くらし しごと 観光 市政・議会 現在地 トップページ > 助成・制度 > ライフステージ > 子育て 本文 子育て 2026年5月29日更新 住宅のリフォームをお考えの方へ 2026年4月21日更新 【令和８年度】木造住宅の耐震化をお考えの方へ 2025年6月27日更新 一時預かり事業をお役立てください！ 2025年5月1日更新 ブロック塀等の除却をお考えの方へ 2025年3月3日更新 各種手当
19	28	臼杵市	医療・健康・福祉・保険・年金	https://www.city.usuki.oita.jp/categories/shimin/iryo/	医療・健康・福祉・保険・年金 | 臼杵市役所 本文へ ふりがなをつける --> 文字の大きさ 拡大 標準 縮小 背景色 黒 青 標準 読み上げる 臼杵市 メニュー サイトマップ お問合せ 総合トップ 市民向け 観光 ふるさと納税 移住・定住 事業者向け TOP カテゴリ 市民向け 医療・健康・福祉・保険・年金 医療・健康・福祉・保険・年金 新着情報 感染症発生動向調査（臼杵市医師会） （ 2026年7月13日 ） 新型コロナウイルス感染症が増加中・感染予防対策に努めましょう！ （ 2026年7月8日 ） 熱中症を防ぎましょう！ （ 2026年7月8日 ） 令和8年度のこどもヘルス健診がはじまります！ （ 2026年6月30日 ） 大分県公式健康アプリ「あるとっく」よりお得なお知らせ（健診・検診キャンペーン） （
19	28	臼杵市	妊娠・出産・子育て	https://www.city.usuki.oita.jp/categories/shimin/lifeevent/kosodate/	妊娠・出産・子育て | 臼杵市役所 本文へ ふりがなをつける --> 文字の大きさ 拡大 標準 縮小 背景色 黒 青 標準 読み上げる 臼杵市 メニュー サイトマップ お問合せ 総合トップ 市民向け 観光 ふるさと納税 移住・定住 事業者向け TOP カテゴリ 市民向け ライフイベント 妊娠・出産・子育て 妊娠・出産・子育て 新着情報 地域子育て支援拠点のおしらせ(7月) （ 2026年6月30日 ） 地域子育て支援拠点のおしらせ(6月) （ 2026年5月28日 ） 地域子育て支援拠点のおしらせ(5月) （ 2026年4月30日 ） 地域子育て支援拠点のおしらせ(４月) （ 2026年4月13日 ） 地域子育て支援拠点のおしらせ(３月) （ 2026年3月4日 ） 地域子育て支援拠点のおしらせ(2月) （ 2
19	28	豊後高田市	移住定住情報	https://www.city.bungotakada.oita.jp/life/1/19/	移住定住情報 - 豊後高田市ホームページ ページの先頭です。 メニューを飛ばして本文へ メニュー --> 豊後高田市の魅力 ヘルプ メニュー 本文へ 本文へ --> 検索 文字サイズ・色合い変更 文字サイズ 標準 拡大 背景色変更 白 黒 青 Translate 防災 当番医 サイト内 検索 Googleカスタム検索 詳しく さがす ID検索(ページの番号を入れてください) ID検索 注目ワード 住みたい田舎 子育て支援 昭和の町 ふるさと納税 休日当番医 ごみ検索 住民票・戸籍・印鑑登録 申請・届出 よくある質問 イベントカレンダー 一時保存する メニュー くらし・手続き 子育て・教育 健康・福祉 移住・定住 観光・イベント 市政 現在地 トップページ > 分類でさがす > くらし > 移住定住情報 本文 移
19	28	豊後高田市	住宅支援（土地・住まい）	https://www.city.bungotakada.oita.jp/life/1/5/24/	住宅支援（土地・住まい） - 豊後高田市ホームページ ページの先頭です。 メニューを飛ばして本文へ メニュー --> 豊後高田市の魅力 ヘルプ メニュー 本文へ 本文へ --> 検索 文字サイズ・色合い変更 文字サイズ 標準 拡大 背景色変更 白 黒 青 Translate 防災 当番医 サイト内 検索 Googleカスタム検索 詳しく さがす ID検索(ページの番号を入れてください) ID検索 注目ワード 住みたい田舎 子育て支援 昭和の町 ふるさと納税 休日当番医 ごみ検索 住民票・戸籍・印鑑登録 申請・届出 よくある質問 イベントカレンダー 一時保存する メニュー くらし・手続き 子育て・教育 健康・福祉 移住・定住 観光・イベント 市政 現在地 トップページ > 分類でさがす > くらし > 土地・住ま
19	28	豊後高田市	定住支援情報	https://www.city.bungotakada.oita.jp/life/1/19/62/	定住支援情報 - 豊後高田市ホームページ ページの先頭です。 メニューを飛ばして本文へ メニュー --> 豊後高田市の魅力 ヘルプ メニュー 本文へ 本文へ --> 検索 文字サイズ・色合い変更 文字サイズ 標準 拡大 背景色変更 白 黒 青 Translate 防災 当番医 サイト内 検索 Googleカスタム検索 詳しく さがす ID検索(ページの番号を入れてください) ID検索 注目ワード 住みたい田舎 子育て支援 昭和の町 ふるさと納税 休日当番医 ごみ検索 住民票・戸籍・印鑑登録 申請・届出 よくある質問 イベントカレンダー 一時保存する メニュー くらし・手続き 子育て・教育 健康・福祉 移住・定住 観光・イベント 市政 現在地 トップページ > 分類でさがす > くらし > 移住定住情報 > 定住
19	28	豊後高田市	子育て世代への支援	https://www.city.bungotakada.oita.jp/life/1/45/68/	子育て世代への支援 - 豊後高田市ホームページ ページの先頭です。 メニューを飛ばして本文へ メニュー --> 豊後高田市の魅力 ヘルプ メニュー 本文へ 本文へ --> 検索 文字サイズ・色合い変更 文字サイズ 標準 拡大 背景色変更 白 黒 青 Translate 防災 当番医 サイト内 検索 Googleカスタム検索 詳しく さがす ID検索(ページの番号を入れてください) ID検索 注目ワード 住みたい田舎 子育て支援 昭和の町 ふるさと納税 休日当番医 ごみ検索 住民票・戸籍・印鑑登録 申請・届出 よくある質問 イベントカレンダー 一時保存する メニュー くらし・手続き 子育て・教育 健康・福祉 移住・定住 観光・イベント 市政 現在地 トップページ > 分類でさがす > くらし > 子育て支援 >
19	28	豊後高田市	医療	https://www.city.bungotakada.oita.jp/life/3/21/72/	医療 - 豊後高田市ホームページ ページの先頭です。 メニューを飛ばして本文へ メニュー --> 豊後高田市の魅力 ヘルプ メニュー 本文へ 本文へ --> 検索 文字サイズ・色合い変更 文字サイズ 標準 拡大 背景色変更 白 黒 青 Translate 防災 当番医 サイト内 検索 Googleカスタム検索 詳しく さがす ID検索(ページの番号を入れてください) ID検索 注目ワード 住みたい田舎 子育て支援 昭和の町 ふるさと納税 休日当番医 ごみ検索 住民票・戸籍・印鑑登録 申請・届出 よくある質問 イベントカレンダー 一時保存する メニュー くらし・手続き 子育て・教育 健康・福祉 移住・定住 観光・イベント 市政 現在地 トップページ > 分類でさがす > 医療・健康・福祉 > 健康診断・医療 >
19	28	豊後高田市	予防接種・感染症	https://www.city.bungotakada.oita.jp/life/3/24/	予防接種・感染症 - 豊後高田市ホームページ ページの先頭です。 メニューを飛ばして本文へ メニュー --> 豊後高田市の魅力 ヘルプ メニュー 本文へ 本文へ --> 検索 文字サイズ・色合い変更 文字サイズ 標準 拡大 背景色変更 白 黒 青 Translate 防災 当番医 サイト内 検索 Googleカスタム検索 詳しく さがす ID検索(ページの番号を入れてください) ID検索 注目ワード 住みたい田舎 子育て支援 昭和の町 ふるさと納税 休日当番医 ごみ検索 住民票・戸籍・印鑑登録 申請・届出 よくある質問 イベントカレンダー 一時保存する メニュー くらし・手続き 子育て・教育 健康・福祉 移住・定住 観光・イベント 市政 現在地 トップページ > 分類でさがす > 医療・健康・福祉 > 予防接種
19	28	豊後高田市	障がい者福祉	https://www.city.bungotakada.oita.jp/life/3/28/	障がい者福祉 - 豊後高田市ホームページ ページの先頭です。 メニューを飛ばして本文へ メニュー --> 豊後高田市の魅力 ヘルプ メニュー 本文へ 本文へ --> 検索 文字サイズ・色合い変更 文字サイズ 標準 拡大 背景色変更 白 黒 青 Translate 防災 当番医 サイト内 検索 Googleカスタム検索 詳しく さがす ID検索(ページの番号を入れてください) ID検索 注目ワード 住みたい田舎 子育て支援 昭和の町 ふるさと納税 休日当番医 ごみ検索 住民票・戸籍・印鑑登録 申請・届出 よくある質問 イベントカレンダー 一時保存する メニュー くらし・手続き 子育て・教育 健康・福祉 移住・定住 観光・イベント 市政 現在地 トップページ > 分類でさがす > 医療・健康・福祉 > 障がい者福祉
19	28	豊後高田市	生活支援	https://www.city.bungotakada.oita.jp/life/3/32/99/	生活支援 - 豊後高田市ホームページ ページの先頭です。 メニューを飛ばして本文へ メニュー --> 豊後高田市の魅力 ヘルプ メニュー 本文へ 本文へ --> 検索 文字サイズ・色合い変更 文字サイズ 標準 拡大 背景色変更 白 黒 青 Translate 防災 当番医 サイト内 検索 Googleカスタム検索 詳しく さがす ID検索(ページの番号を入れてください) ID検索 注目ワード 住みたい田舎 子育て支援 昭和の町 ふるさと納税 休日当番医 ごみ検索 住民票・戸籍・印鑑登録 申請・届出 よくある質問 イベントカレンダー 一時保存する メニュー くらし・手続き 子育て・教育 健康・福祉 移住・定住 観光・イベント 市政 現在地 トップページ > 分類でさがす > 医療・健康・福祉 > 生活支援 > 生
19	28	豊後高田市	事業者向け情報	https://www.city.bungotakada.oita.jp/life/4/33/	事業者向け情報 - 豊後高田市ホームページ ページの先頭です。 メニューを飛ばして本文へ メニュー --> 豊後高田市の魅力 ヘルプ メニュー 本文へ 本文へ --> 検索 文字サイズ・色合い変更 文字サイズ 標準 拡大 背景色変更 白 黒 青 Translate 防災 当番医 サイト内 検索 Googleカスタム検索 詳しく さがす ID検索(ページの番号を入れてください) ID検索 注目ワード 住みたい田舎 子育て支援 昭和の町 ふるさと納税 休日当番医 ごみ検索 住民票・戸籍・印鑑登録 申請・届出 よくある質問 イベントカレンダー 一時保存する メニュー くらし・手続き 子育て・教育 健康・福祉 移住・定住 観光・イベント 市政 現在地 トップページ > 分類でさがす > 市政情報 > 事業者向け情報 本
19	28	豊後高田市	地域活力創造課	https://www.city.bungotakada.oita.jp/soshiki/5/	地域活力創造課 - 豊後高田市ホームページ ページの先頭です。 メニューを飛ばして本文へ メニュー --> 豊後高田市の魅力 ヘルプ メニュー 本文へ 本文へ --> 検索 文字サイズ・色合い変更 文字サイズ 標準 拡大 背景色変更 白 黒 青 Translate 防災 当番医 サイト内 検索 Googleカスタム検索 詳しく さがす ID検索(ページの番号を入れてください) ID検索 注目ワード 住みたい田舎 子育て支援 昭和の町 ふるさと納税 休日当番医 ごみ検索 住民票・戸籍・印鑑登録 申請・届出 よくある質問 イベントカレンダー 一時保存する メニュー くらし・手続き 子育て・教育 健康・福祉 移住・定住 観光・イベント 市政 現在地 トップページ > 組織でさがす > 高田庁舎 > 地域活力創造課 本
19	28	豊後高田市	環境課	https://www.city.bungotakada.oita.jp/soshiki/13/	環境課 - 豊後高田市ホームページ ページの先頭です。 メニューを飛ばして本文へ メニュー --> 豊後高田市の魅力 ヘルプ メニュー 本文へ 本文へ --> 検索 文字サイズ・色合い変更 文字サイズ 標準 拡大 背景色変更 白 黒 青 Translate 防災 当番医 サイト内 検索 Googleカスタム検索 詳しく さがす ID検索(ページの番号を入れてください) ID検索 注目ワード 住みたい田舎 子育て支援 昭和の町 ふるさと納税 休日当番医 ごみ検索 住民票・戸籍・印鑑登録 申請・届出 よくある質問 イベントカレンダー 一時保存する メニュー くらし・手続き 子育て・教育 健康・福祉 移住・定住 観光・イベント 市政 現在地 トップページ > 組織でさがす > 高田庁舎 > 環境課 本文 環境課 新着
19	28	豊後高田市	医療・健康・福祉	https://www.city.bungotakada.oita.jp/life/3/index-2.html	医療・健康・福祉 - 豊後高田市ホームページ ページの先頭です。 メニューを飛ばして本文へ メニュー --> 豊後高田市の魅力 ヘルプ メニュー 本文へ 本文へ --> 検索 文字サイズ・色合い変更 文字サイズ 標準 拡大 背景色変更 白 黒 青 Translate 防災 当番医 サイト内 検索 Googleカスタム検索 詳しく さがす ID検索(ページの番号を入れてください) ID検索 注目ワード 住みたい田舎 子育て支援 昭和の町 ふるさと納税 休日当番医 ごみ検索 住民票・戸籍・印鑑登録 申請・届出 よくある質問 イベントカレンダー 一時保存する メニュー くらし・手続き 子育て・教育 健康・福祉 移住・定住 観光・イベント 市政 現在地 トップページ > 分類でさがす > 医療・健康・福祉 本文 医療・
19	28	豊後高田市	市政情報	https://www.city.bungotakada.oita.jp/life/4/index-2.html	市政情報 - 豊後高田市ホームページ ページの先頭です。 メニューを飛ばして本文へ メニュー --> 豊後高田市の魅力 ヘルプ メニュー 本文へ 本文へ --> 検索 文字サイズ・色合い変更 文字サイズ 標準 拡大 背景色変更 白 黒 青 Translate 防災 当番医 サイト内 検索 Googleカスタム検索 詳しく さがす ID検索(ページの番号を入れてください) ID検索 注目ワード 住みたい田舎 子育て支援 昭和の町 ふるさと納税 休日当番医 ごみ検索 住民票・戸籍・印鑑登録 申請・届出 よくある質問 イベントカレンダー 一時保存する メニュー くらし・手続き 子育て・教育 健康・福祉 移住・定住 観光・イベント 市政 現在地 トップページ > 分類でさがす > 市政情報 本文 市政情報 新着情報 2
19	28	豊後高田市	移住定住情報	https://www.city.bungotakada.oita.jp/life/1/19/index-2.html	移住定住情報 - 豊後高田市ホームページ ページの先頭です。 メニューを飛ばして本文へ メニュー --> 豊後高田市の魅力 ヘルプ メニュー 本文へ 本文へ --> 検索 文字サイズ・色合い変更 文字サイズ 標準 拡大 背景色変更 白 黒 青 Translate 防災 当番医 サイト内 検索 Googleカスタム検索 詳しく さがす ID検索(ページの番号を入れてください) ID検索 注目ワード 住みたい田舎 子育て支援 昭和の町 ふるさと納税 休日当番医 ごみ検索 住民票・戸籍・印鑑登録 申請・届出 よくある質問 イベントカレンダー 一時保存する メニュー くらし・手続き 子育て・教育 健康・福祉 移住・定住 観光・イベント 市政 現在地 トップページ > 分類でさがす > くらし > 移住定住情報 本文 移
19	23	臼杵市	障害者総合支援法	https://www.city.usuki.oita.jp/docs/2014020400335/	障害者総合支援法 | 臼杵市役所 本文へ ふりがなをつける --> 文字の大きさ 拡大 標準 縮小 背景色 黒 青 標準 読み上げる 臼杵市 メニュー サイトマップ お問合せ 総合トップ 市民向け 観光 ふるさと納税 移住・定住 事業者向け 他のカテゴリも表示する TOP カテゴリ 市民向け 医療・健康・福祉・保険・年金 障がい者のための福祉 法律・計画 TOP カテゴリ 区分 コンテンツ 障害者総合支援法 公開日 2019年2月14日 更新日 2026年7月17日 障害者総合支援法による支援システムの全体像は、自立支援給付と地域生活支援事業で構成されています。 給付の種類 サービスの名称 内容 介護給付 居宅介護 （ホームヘルプ） 自宅で入浴や排せつ、食事などの介助をします。 重度訪問介護 重度の障害があり、
19	23	竹田市	母子健康手帳交付	https://www.city.taketa.oita.jp/kosodate_kyoiku/ninshin_shussan/4930.html	母子健康手帳交付／竹田市 スマートフォン版を表示 本文へ 文字サイズ 背景色変更 Foreign Language 目的別で探す 妊娠・出産 子育て 入園・入学 就職・退職 結婚・離婚 引越し・住まい 高齢・介護 おくやみ よく利用されるメニュー 手続き検索ナビ 申請書ダウンロード ごみ検索 イベントカレンダー お問い合わせ お問い合わせフォームへ よく見られるページ 関連施設等のページ 竹田市立図書館 竹田市総合文化ホール グランツたけた 竹田市歴史文化館 竹田市消防本部 くらし・ 手続き 健康・福祉 市政・ まちづくり 子育て・教育 産業・ 事業者向け情報 学び・ スポーツ 移住・定住 文化・歴史 ・観光 現在のページ ホーム 子育て・教育 妊娠・出産 母子健康手帳交付 母子健康手帳交付 Tweet 更新日
19	23	竹田市	母子健康手帳交付	https://www.city.taketa.oita.jp/life_scene/ninshin/2990.html	母子健康手帳交付／竹田市 スマートフォン版を表示 本文へ 文字サイズ 背景色変更 Foreign Language 目的別で探す 妊娠・出産 子育て 入園・入学 就職・退職 結婚・離婚 引越し・住まい 高齢・介護 おくやみ よく利用されるメニュー 手続き検索ナビ 申請書ダウンロード ごみ検索 イベントカレンダー お問い合わせ お問い合わせフォームへ よく見られるページ 関連施設等のページ 竹田市立図書館 竹田市総合文化ホール グランツたけた 竹田市歴史文化館 竹田市消防本部 くらし・ 手続き 健康・福祉 市政・ まちづくり 子育て・教育 産業・ 事業者向け情報 学び・ スポーツ 移住・定住 文化・歴史 ・観光 現在のページ ホーム ライフシーンから探す 妊娠・出産 母子健康手帳交付 母子健康手帳交付 Tweet
19	23	竹田市	【介護保険】令和7年度介護職員等処遇改善加算等の算定について	https://www.city.taketa.oita.jp/kenko_fukushi/fukushi_kaigo/10881.html	【介護保険】令和7年度介護職員等処遇改善加算等の算定について／竹田市 スマートフォン版を表示 本文へ 文字サイズ 背景色変更 Foreign Language 目的別で探す 妊娠・出産 子育て 入園・入学 就職・退職 結婚・離婚 引越し・住まい 高齢・介護 おくやみ よく利用されるメニュー 手続き検索ナビ 申請書ダウンロード ごみ検索 イベントカレンダー お問い合わせ お問い合わせフォームへ よく見られるページ 関連施設等のページ 竹田市立図書館 竹田市総合文化ホール グランツたけた 竹田市歴史文化館 竹田市消防本部 くらし・ 手続き 健康・福祉 市政・ まちづくり 子育て・教育 産業・ 事業者向け情報 学び・ スポーツ 移住・定住 文化・歴史 ・観光 現在のページ ホーム 健康・福祉・人権 高齢者福祉・介護
19	16	臼杵市	農業者年金	https://www.city.usuki.oita.jp/docs/2015090100040/	農業者年金 | 臼杵市役所 本文へ ふりがなをつける --> 文字の大きさ 拡大 標準 縮小 背景色 黒 青 標準 読み上げる 臼杵市 メニュー サイトマップ お問合せ 総合トップ 市民向け 観光 ふるさと納税 移住・定住 事業者向け 他のカテゴリも表示する TOP カテゴリ 市民向け 市役所情報 農業委員会 TOP カテゴリ 区分 コンテンツ 農業者年金 公開日 2019年2月1日 更新日 2019年6月18日 農業者年金に入りませんか？ ～しっかり積立て、がっちりサポート 安心で豊かな老後を！～ 農業委員会では、農業者年金の申込を受付けています。 ※加入条件など詳しくはお問合せください。 農業者年金の特徴 農業に従事されている方は誰でも加入できます！（※１） 保険料は月額2万～6万7千円の間で自由に決められ
19	16	津久見市	障がいのある方のための投票における取り組み	https://www.city.tsukumi.oita.jp/soshiki/21/24658.html	障がいのある方のための投票における取り組み - 津久見市公式ホームページ ページの先頭です。 メニューを飛ばして本文へ メニュー 本文へ Foreign language 背景色・文字サイズ 背景色 白 黒 青 文字サイズ 標準 拡大 キーワード検索 詳細検索 分類でさがす 組織でさがす カレンダーでさがす 注目 防災 子育て マイナンバーカード ごみ くらし しごと 観光 市政・議会 現在地 トップページ > 組織でさがす > 本庁 > 総合事務局 > 障がいのある方のための投票における取り組み 本文 障がいのある方のための投票における取り組み 印刷ページ表示 更新日：2023年10月10日更新 障がいのある方のための投票における取り組み 津久見市で行っている障がいのある方のための投票における取り組みは以下の
19	16	豊後高田市	【無料】家庭で不要になったパソコンを宅配便で回収します！	https://www.city.bungotakada.oita.jp/site/kankyo/1739.html	【無料】家庭で不要になったパソコンを宅配便で回収します！ - ごみ出し・分別・リサイクル - 豊後高田市ホームページ ページの先頭です。 メニューを飛ばして本文へ メニュー --> 豊後高田市の魅力 ヘルプ メニュー 本文へ 本文へ --> 検索 文字サイズ・色合い変更 文字サイズ 標準 拡大 背景色変更 白 黒 青 Translate 防災 当番医 サイト内 検索 Googleカスタム検索 詳しく さがす ID検索(ページの番号を入れてください) ID検索 注目ワード 住みたい田舎 子育て支援 昭和の町 ふるさと納税 休日当番医 ごみ検索 住民票・戸籍・印鑑登録 申請・届出 よくある質問 イベントカレンダー 一時保存する メニュー くらし・手続き 子育て・教育 健康・福祉 移住・定住 観光・イベント 市政 現
18	26	杵築市	妊産婦健診（助成）	https://www.city.kitsuki.lg.jp/soshiki/1/fukusi/kitsukikosodatesien/akachanumaretara/akachanmamacare/10749.html	妊産婦健診（助成）／杵築市 スマートフォン版を表示 本文へ Foreign language 携帯サイト 文字サイズ 背景色 PCサイト Foreign language キーワードで探す トップページへ くらしの情報 健康・福祉 教育・子育て 観光・歴史 産業・ビジネス 市政・まちづくり 定住促進サイト ブランドサイト メニューを閉じる くらしの情報 健康･福祉 教育･子育て 観光･歴史 産業･ビジネス 市政･まちづくり キーワードで探す 赤ちゃん、ママのケアについて こんなときには 転入・転出 妊娠・出産・子育て 入園・入学 就職・退職 結婚・離婚 高齢者・介護 終活・死亡・相続 税金 現在の位置 ホーム 組織で探す 市長部局 福祉事務所 子育て支援情報 赤ちゃんが生まれたら 赤ちゃん、ママのケアについて
18	26	杵築市	ひとり親家庭の母親及び父親の就業支援	https://www.city.kitsuki.lg.jp/soshiki/1/fukusi/kitsukikosodatesien/hitorioyahattatusien/hitorioyasien/10930.html	ひとり親家庭の母親及び父親の就業支援／杵築市 スマートフォン版を表示 本文へ Foreign language 携帯サイト 文字サイズ 背景色 PCサイト Foreign language キーワードで探す トップページへ くらしの情報 健康・福祉 教育・子育て 観光・歴史 産業・ビジネス 市政・まちづくり 定住促進サイト ブランドサイト メニューを閉じる くらしの情報 健康･福祉 教育･子育て 観光･歴史 産業･ビジネス 市政･まちづくり キーワードで探す ひとり親の支援について こんなときには 転入・転出 妊娠・出産・子育て 入園・入学 就職・退職 結婚・離婚 高齢者・介護 終活・死亡・相続 税金 現在の位置 ホーム 組織で探す 市長部局 福祉事務所 子育て支援情報 ひとり親・こどもの発達支援 ひとり親の支
18	22	臼杵市	移住支援トップページ	https://www.city.usuki.oita.jp/docs/2019020700010/	移住支援トップページ | 臼杵市役所 本文へ ふりがなをつける --> 文字の大きさ 拡大 標準 縮小 背景色 黒 青 標準 読み上げる 臼杵市 メニュー サイトマップ お問合せ 総合トップ 市民向け 観光 ふるさと納税 移住・定住 事業者向け 他のカテゴリも表示する TOP カテゴリ 区分 コンテンツ 移住支援トップページ 公開日 2019年2月7日 更新日 2026年6月4日 臼杵市は緑の山々をはじめ、肥沃な大地、豊後水道に面した臼杵湾など豊かな自然環境に恵まれています。 また、国宝の臼杵石仏や二王座歴史の道を代表とする城下町の町並みが残っている歴史と文化の町として知られています。 臼杵市への移住を検討されている方に、臼杵市の魅力や住まいの情報などをご紹介します。 臼杵市での就職、暮らしの最新情報はこちら&
18	22	臼杵市	補装具の交付・修理	https://www.city.usuki.oita.jp/docs/2014020400243/	補装具の交付・修理 | 臼杵市役所 本文へ ふりがなをつける --> 文字の大きさ 拡大 標準 縮小 背景色 黒 青 標準 読み上げる 臼杵市 メニュー サイトマップ お問合せ 総合トップ 市民向け 観光 ふるさと納税 移住・定住 事業者向け 他のカテゴリも表示する TOP カテゴリ 市民向け 医療・健康・福祉・保険・年金 障がい者のための福祉 交付・給付 TOP カテゴリ 区分 コンテンツ 補装具の交付・修理 公開日 2019年2月14日 更新日 2026年7月17日 補装具費の支給（購入・修理） 職業その他日常生活の能率の向上を図ることを目的に、身体に障がいのある人又は難病の人の失われた身体機能の補完又は代替する用具に係る補装具費・修理費を支給します。ただし、必ず事前に申請を行い、支給決定を受ける必要があり
18	22	臼杵市	保育所・認定こども園	https://www.city.usuki.oita.jp/docs/2014020400953/	保育所・認定こども園 | 臼杵市役所 本文へ ふりがなをつける --> 文字の大きさ 拡大 標準 縮小 背景色 黒 青 標準 読み上げる 臼杵市 メニュー サイトマップ お問合せ 総合トップ 市民向け 観光 ふるさと納税 移住・定住 事業者向け 他のカテゴリも表示する TOP カテゴリ 市民向け 医療・健康・福祉・保険・年金 子育て支援 TOP カテゴリ 市民向け ライフイベント こども園・学校 こども園 TOP カテゴリ 市民向け 移住支援 子育て支援策 子育て支援 TOP カテゴリ 市民向け ちあぽーと 3～6歳のころ（未就学） 保育 TOP カテゴリ 区分 コンテンツ 保育所・認定こども園 公開日 2019年2月13日 更新日 2026年4月2日 病気や共働きなどの事情で、こどもの保育ができない方々の負担
18	22	臼杵市	国民健康保険（制度・手続き・申請書ダウンロード）	https://www.city.usuki.oita.jp/docs/2014020700404/	国民健康保険（制度・手続き・申請書ダウンロード） | 臼杵市役所 本文へ ふりがなをつける --> 文字の大きさ 拡大 標準 縮小 背景色 黒 青 標準 読み上げる 臼杵市 メニュー サイトマップ お問合せ 総合トップ 市民向け 観光 ふるさと納税 移住・定住 事業者向け 他のカテゴリも表示する TOP カテゴリ 市民向け 届出・申請 TOP カテゴリ 市民向け 届出・申請 申請書等ダウンロード TOP カテゴリ 市民向け ライフイベント 病気 TOP カテゴリ 市民向け 医療・健康・福祉・保険・年金 国民健康保険 TOP カテゴリ 区分 コンテンツ 国民健康保険（制度・手続き・申請書ダウンロード） 公開日 2019年2月12日 更新日 2026年1月19日 各職場の健康保険の加入者と後期高齢者医療保険加入者、
18	22	杵築市	企業立地促進条例	https://www.city.kitsuki.lg.jp/sangyobijinesu/sangyoushinkou/yuchi/yugu/2712.html	企業立地促進条例／杵築市 スマートフォン版を表示 本文へ Foreign language 携帯サイト 文字サイズ 背景色 PCサイト Foreign language キーワードで探す トップページへ くらしの情報 健康・福祉 教育・子育て 観光・歴史 産業・ビジネス 市政・まちづくり 定住促進サイト ブランドサイト メニューを閉じる くらしの情報 健康･福祉 教育･子育て 観光･歴史 産業･ビジネス 市政･まちづくり キーワードで探す 優遇制度 こんなときには 転入・転出 妊娠・出産・子育て 入園・入学 就職・退職 結婚・離婚 高齢者・介護 終活・死亡・相続 税金 現在の位置 ホーム 産業・ビジネス 産業振興 企業誘致 優遇制度 企業立地促進条例 企業立地促進条例 Tweet 更新日：2021年01月25日
18	22	杵築市	障がい福祉サービス・児童通所支援関係書式（申請書・委任状・過誤申立書）	https://www.city.kitsuki.lg.jp/soshiki/1/fukusi/kitsukikosodatesien/hitorioyahattatusien/kodomonohattatusien/syougaihukusiseido/10907.html	障がい福祉サービス・児童通所支援関係書式（申請書・委任状・過誤申立書）／杵築市 スマートフォン版を表示 本文へ Foreign language 携帯サイト 文字サイズ 背景色 PCサイト Foreign language キーワードで探す トップページへ くらしの情報 健康・福祉 教育・子育て 観光・歴史 産業・ビジネス 市政・まちづくり 定住促進サイト ブランドサイト メニューを閉じる くらしの情報 健康･福祉 教育･子育て 観光･歴史 産業･ビジネス 市政･まちづくり キーワードで探す 障がい福祉に関する制度・手続き こんなときには 転入・転出 妊娠・出産・子育て 入園・入学 就職・退職 結婚・離婚 高齢者・介護 終活・死亡・相続 税金 現在の位置 ホーム 組織で探す 市長部局 福祉事務所 子育て支援情報
18	22	竹田市	介護保険について	https://www.city.taketa.oita.jp/kenko_fukushi/fukushi_kaigo/1226.html	介護保険について／竹田市 スマートフォン版を表示 本文へ 文字サイズ 背景色変更 Foreign Language 目的別で探す 妊娠・出産 子育て 入園・入学 就職・退職 結婚・離婚 引越し・住まい 高齢・介護 おくやみ よく利用されるメニュー 手続き検索ナビ 申請書ダウンロード ごみ検索 イベントカレンダー お問い合わせ お問い合わせフォームへ よく見られるページ 関連施設等のページ 竹田市立図書館 竹田市総合文化ホール グランツたけた 竹田市歴史文化館 竹田市消防本部 くらし・ 手続き 健康・福祉 市政・ まちづくり 子育て・教育 産業・ 事業者向け情報 学び・ スポーツ 移住・定住 文化・歴史 ・観光 現在のページ ホーム 健康・福祉・人権 高齢者福祉・介護 介護保険について 介護保険について Twee
18	22	竹田市	介護保険について	https://www.city.taketa.oita.jp/life_scene/kourei/2998.html	介護保険について／竹田市 スマートフォン版を表示 本文へ 文字サイズ 背景色変更 Foreign Language 目的別で探す 妊娠・出産 子育て 入園・入学 就職・退職 結婚・離婚 引越し・住まい 高齢・介護 おくやみ よく利用されるメニュー 手続き検索ナビ 申請書ダウンロード ごみ検索 イベントカレンダー お問い合わせ お問い合わせフォームへ よく見られるページ 関連施設等のページ 竹田市立図書館 竹田市総合文化ホール グランツたけた 竹田市歴史文化館 竹田市消防本部 くらし・ 手続き 健康・福祉 市政・ まちづくり 子育て・教育 産業・ 事業者向け情報 学び・ スポーツ 移住・定住 文化・歴史 ・観光 現在のページ ホーム ライフシーンから探す 高齢・介護 介護保険について 介護保険について Tweet
18	22	竹田市	社会保障・税番号制度(マイナンバー制度)について	https://www.city.taketa.oita.jp/kurashi_tetsuzuki/todoke_detoroku_shomei/1/1225.html	社会保障・税番号制度(マイナンバー制度)について／竹田市 スマートフォン版を表示 本文へ 文字サイズ 背景色変更 Foreign Language 目的別で探す 妊娠・出産 子育て 入園・入学 就職・退職 結婚・離婚 引越し・住まい 高齢・介護 おくやみ よく利用されるメニュー 手続き検索ナビ 申請書ダウンロード ごみ検索 イベントカレンダー お問い合わせ お問い合わせフォームへ よく見られるページ 関連施設等のページ 竹田市立図書館 竹田市総合文化ホール グランツたけた 竹田市歴史文化館 竹田市消防本部 くらし・ 手続き 健康・福祉 市政・ まちづくり 子育て・教育 産業・ 事業者向け情報 学び・ スポーツ 移住・定住 文化・歴史 ・観光 現在のページ ホーム くらし・手続き 届出・登録・証明 マイナンバー
18	22	竹田市	固定資産税に係る各種減額制度について	https://www.city.taketa.oita.jp/kurashi_tetsuzuki/zeikin/sizeinosyurui/koteisisannzeitotosikeikakuzei/6879.html	固定資産税に係る各種減額制度について／竹田市 スマートフォン版を表示 本文へ 文字サイズ 背景色変更 Foreign Language 目的別で探す 妊娠・出産 子育て 入園・入学 就職・退職 結婚・離婚 引越し・住まい 高齢・介護 おくやみ よく利用されるメニュー 手続き検索ナビ 申請書ダウンロード ごみ検索 イベントカレンダー お問い合わせ お問い合わせフォームへ よく見られるページ 関連施設等のページ 竹田市立図書館 竹田市総合文化ホール グランツたけた 竹田市歴史文化館 竹田市消防本部 くらし・ 手続き 健康・福祉 市政・ まちづくり 子育て・教育 産業・ 事業者向け情報 学び・ スポーツ 移住・定住 文化・歴史 ・観光 現在のページ ホーム くらし・手続き 税金 市税について 固定資産税と都市計画税
18	22	津久見市	おおいた子育てほっとクーポンについて	https://www.city.tsukumi.oita.jp/site/kosodate/17216.html	おおいた子育てほっとクーポンについて - 津久見市公式ホームページ ページの先頭です。 メニューを飛ばして本文へ メニュー 検索 本文へ はじめての方へ Foreign language 背景色・文字サイズ 背景色 白 黒 青 文字サイズ 標準 拡大 目的でさがす 年齢でさがす 施設 休日・夜間当番医 イベントカレンダー キーワード検索 現在地 トップページ > 津久見市子育て応援サイト「つくみっこ」 > 目的でさがす > 支援・助成 > おおいた子育てほっとクーポンについて 本文 おおいた子育てほっとクーポンについて 印刷ページ表示 更新日：2023年4月1日更新 令和５年度以降のおおいた子育てほっとクーポンの取り扱いについて 平成２７年から子育て支援サービスの周知と子育て世帯の経済的負担の軽減を目的として実
18	22	津久見市	２０２４年度以降の高齢者肺炎球菌ワクチンについて	https://www.city.tsukumi.oita.jp/soshiki/4/26758.html	２０２４年度以降の高齢者肺炎球菌ワクチンについて - 津久見市公式ホームページ ページの先頭です。 メニューを飛ばして本文へ メニュー 本文へ Foreign language 背景色・文字サイズ 背景色 白 黒 青 文字サイズ 標準 拡大 キーワード検索 詳細検索 分類でさがす 組織でさがす カレンダーでさがす 注目 防災 子育て マイナンバーカード ごみ くらし しごと 観光 市政・議会 現在地 トップページ > 分類でさがす > くらしの情報 > 健康・医療 > 健診・予防接種 > ２０２４年度以降の高齢者肺炎球菌ワクチンについて 本文 ２０２４年度以降の高齢者肺炎球菌ワクチンについて 印刷ページ表示 更新日：2024年4月1日更新 高齢者の肺炎球菌予防接種 平成26年10月1日より、高齢者肺炎球菌ワクチ
18	22	津久見市	２０２３年度高齢者肺炎球菌ワクチンについて	https://www.city.tsukumi.oita.jp/soshiki/4/26044.html	２０２３年度高齢者肺炎球菌ワクチンについて - 津久見市公式ホームページ ページの先頭です。 メニューを飛ばして本文へ メニュー 本文へ Foreign language 背景色・文字サイズ 背景色 白 黒 青 文字サイズ 標準 拡大 キーワード検索 詳細検索 分類でさがす 組織でさがす カレンダーでさがす 注目 防災 子育て マイナンバーカード ごみ くらし しごと 観光 市政・議会 現在地 トップページ > 分類でさがす > くらしの情報 > 健康・医療 > 健診・予防接種 > ２０２３年度高齢者肺炎球菌ワクチンについて 本文 ２０２３年度高齢者肺炎球菌ワクチンについて 印刷ページ表示 更新日：2024年1月1日更新 高齢者の肺炎球菌予防接種 平成26年10月1日より、高齢者肺炎球菌ワクチンが予防接種法に基
18	22	豊後高田市	定住支援情報一覧はこちら	https://www.city.bungotakada.oita.jp/soshiki/5/1548.html	定住支援情報一覧はこちら - 豊後高田市ホームページ ページの先頭です。 メニューを飛ばして本文へ メニュー --> 豊後高田市の魅力 ヘルプ メニュー 本文へ 本文へ --> 検索 文字サイズ・色合い変更 文字サイズ 標準 拡大 背景色変更 白 黒 青 Translate 防災 当番医 サイト内 検索 Googleカスタム検索 詳しく さがす ID検索(ページの番号を入れてください) ID検索 注目ワード 住みたい田舎 子育て支援 昭和の町 ふるさと納税 休日当番医 ごみ検索 住民票・戸籍・印鑑登録 申請・届出 よくある質問 イベントカレンダー 一時保存する メニュー くらし・手続き 子育て・教育 健康・福祉 移住・定住 観光・イベント 市政 現在地 トップページ > 分類でさがす > くらし > 移住定住情
18	22	豊後高田市	市県民税（個人住民税）について	https://www.city.bungotakada.oita.jp/soshiki/6/1996.html	市県民税（個人住民税）について - 豊後高田市ホームページ ページの先頭です。 メニューを飛ばして本文へ メニュー --> 豊後高田市の魅力 ヘルプ メニュー 本文へ 本文へ --> 検索 文字サイズ・色合い変更 文字サイズ 標準 拡大 背景色変更 白 黒 青 Translate 防災 当番医 サイト内 検索 Googleカスタム検索 詳しく さがす ID検索(ページの番号を入れてください) ID検索 注目ワード 住みたい田舎 子育て支援 昭和の町 ふるさと納税 休日当番医 ごみ検索 住民票・戸籍・印鑑登録 申請・届出 よくある質問 イベントカレンダー 一時保存する メニュー くらし・手続き 子育て・教育 健康・福祉 移住・定住 観光・イベント 市政 現在地 トップページ > 分類でさがす > くらし > 税金
18	22	豊後高田市	住宅改造による固定資産税軽減制度	https://www.city.bungotakada.oita.jp/soshiki/6/2134.html	住宅改造による固定資産税軽減制度 - 豊後高田市ホームページ ページの先頭です。 メニューを飛ばして本文へ メニュー --> 豊後高田市の魅力 ヘルプ メニュー 本文へ 本文へ --> 検索 文字サイズ・色合い変更 文字サイズ 標準 拡大 背景色変更 白 黒 青 Translate 防災 当番医 サイト内 検索 Googleカスタム検索 詳しく さがす ID検索(ページの番号を入れてください) ID検索 注目ワード 住みたい田舎 子育て支援 昭和の町 ふるさと納税 休日当番医 ごみ検索 住民票・戸籍・印鑑登録 申請・届出 よくある質問 イベントカレンダー 一時保存する メニュー くらし・手続き 子育て・教育 健康・福祉 移住・定住 観光・イベント 市政 現在地 トップページ > 組織でさがす > 高田庁舎 >
18	22	豊後高田市	国民健康保険加入者が交通事故などにあったとき（第三者行為の傷病届について）	https://www.city.bungotakada.oita.jp/site/kokuho/1669.html	国民健康保険加入者が交通事故などにあったとき（第三者行為の傷病届について） - 国民健康保険 - 豊後高田市ホームページ ページの先頭です。 メニューを飛ばして本文へ メニュー --> 豊後高田市の魅力 ヘルプ メニュー 本文へ 本文へ --> 検索 文字サイズ・色合い変更 文字サイズ 標準 拡大 背景色変更 白 黒 青 Translate 防災 当番医 サイト内 検索 Googleカスタム検索 詳しく さがす ID検索(ページの番号を入れてください) ID検索 注目ワード 住みたい田舎 子育て支援 昭和の町 ふるさと納税 休日当番医 ごみ検索 住民票・戸籍・印鑑登録 申請・届出 よくある質問 イベントカレンダー 一時保存する メニュー くらし・手続き 子育て・教育 健康・福祉 移住・定住 観光・イベント 市政
17	30	津久見市	【R８年度】建築物の吹付けアスベスト等の含有の有無に係る調査をお考えの方へ	https://www.city.tsukumi.oita.jp/soshiki/12/10301.html	【R８年度】建築物の吹付けアスベスト等の含有の有無に係る調査をお考えの方へ - 津久見市公式ホームページ ページの先頭です。 メニューを飛ばして本文へ メニュー 本文へ Foreign language 背景色・文字サイズ 背景色 白 黒 青 文字サイズ 標準 拡大 キーワード検索 詳細検索 分類でさがす 組織でさがす カレンダーでさがす 注目 防災 子育て マイナンバーカード ごみ くらし しごと 観光 市政・議会 現在地 トップページ > 分類でさがす > くらしの情報 > ライフステージ > 子育て > 【R８年度】建築物の吹付けアスベスト等の含有の有無に係る調査をお考えの方へ 現在地 トップページ > 分類でさがす > くらしの情報 > まちづくり・コミュニティ > 定住促進 > 【R８年度】建築物の吹
17	30	津久見市	ブロック塀等の除却をお考えの方へ	https://www.city.tsukumi.oita.jp/soshiki/12/13749.html	ブロック塀等の除却をお考えの方へ - 津久見市公式ホームページ ページの先頭です。 メニューを飛ばして本文へ メニュー 本文へ Foreign language 背景色・文字サイズ 背景色 白 黒 青 文字サイズ 標準 拡大 キーワード検索 詳細検索 分類でさがす 組織でさがす カレンダーでさがす 注目 防災 子育て マイナンバーカード ごみ くらし しごと 観光 市政・議会 現在地 トップページ > 分類でさがす > くらしの情報 > ライフステージ > 子育て > ブロック塀等の除却をお考えの方へ 現在地 トップページ > 分類でさがす > くらしの情報 > まちづくり・コミュニティ > 定住促進 > ブロック塀等の除却をお考えの方へ 本文 ブロック塀等の除却をお考えの方へ 印刷ページ表示 更新日：2025
17	30	豊後高田市	くにさき半島巡（めぐ）レンタカー助成について【7月25日～10月31日】	https://www.city.bungotakada.oita.jp/site/showanomachi/38109.html	くにさき半島巡（めぐ）レンタカー助成について【7月25日～10月31日】 - 昭和の町・豊後高田市公式観光サイト - 豊後高田市ホームページ ページの先頭です。 メニューを飛ばして本文へ 豊後高田市 の魅力 メニュー ヘルプ 文字サイズ・色合い変更 文字サイズ 標準 拡大 背景色変更 白 黒 青 translate サイト内 検索 Googleカスタム検索 詳しく さがす ID検索(ページの番号を入れてください) 注目ワード 鬼が仏になった里「くにさき」 ＜外部リンク＞ ふるさと納税 ＜外部リンク＞ 千年ロマン百貨店 ＜外部リンク＞ 一時保存する イベント・トピックス グルメ・お土産 おすすめ情報 （観光デジタルパンフ） 六郷満山(神社仏閣) 宿泊・温泉 体験(アクティビティ) アクセス情報 観光予約申込 現在
17	26	津久見市	平成28年1月からマイナンバー（個人番号）を利用する国民健康保険の申請書等について	https://www.city.tsukumi.oita.jp/soshiki/4/3978.html	平成28年1月からマイナンバー（個人番号）を利用する国民健康保険の申請書等について - 津久見市公式ホームページ ページの先頭です。 メニューを飛ばして本文へ メニュー 本文へ Foreign language 背景色・文字サイズ 背景色 白 黒 青 文字サイズ 標準 拡大 キーワード検索 詳細検索 分類でさがす 組織でさがす カレンダーでさがす 注目 防災 子育て マイナンバーカード ごみ くらし しごと 観光 市政・議会 現在地 トップページ > 分類でさがす > くらしの情報 > ライフステージ > 妊娠・出産 > 平成28年1月からマイナンバー（個人番号）を利用する国民健康保険の申請書等について 本文 平成28年1月からマイナンバー（個人番号）を利用する国民健康保険の申請書等について 印刷ページ表示 更
17	26	津久見市	妊産婦健康診査	https://www.city.tsukumi.oita.jp/site/kosodate/23858.html	妊産婦健康診査 - 津久見市公式ホームページ ページの先頭です。 メニューを飛ばして本文へ メニュー 検索 本文へ はじめての方へ Foreign language 背景色・文字サイズ 背景色 白 黒 青 文字サイズ 標準 拡大 目的でさがす 年齢でさがす 施設 休日・夜間当番医 イベントカレンダー キーワード検索 現在地 トップページ > 津久見市子育て応援サイト「つくみっこ」 > 年齢でさがす > 生まれるまで > 妊産婦健康診査 本文 妊産婦健康診査 印刷ページ表示 更新日：2024年4月1日更新 津久見市では安心して出産・子育てができるよう、妊産婦に対する健康診査費の一部を助成しています。 妊産婦健康診査の助成 妊娠届出時に、母子健康手帳と併せて「妊産婦健康診査受診票」をお渡しします。 妊産婦健康診査受
17	26	津久見市	令和７年度第2次大分県地域課題解決型起業支援事業について(公益財団法人大分県産業創造機構／おおいたスタートアップセンター)	https://www.city.tsukumi.oita.jp/soshiki/6/30255.html	令和７年度第2次大分県地域課題解決型起業支援事業について(公益財団法人大分県産業創造機構／おおいたスタートアップセンター) - 津久見市公式ホームページ ページの先頭です。 メニューを飛ばして本文へ メニュー 本文へ Foreign language 背景色・文字サイズ 背景色 白 黒 青 文字サイズ 標準 拡大 キーワード検索 詳細検索 分類でさがす 組織でさがす カレンダーでさがす 注目 防災 子育て マイナンバーカード ごみ くらし しごと 観光 市政・議会 現在地 トップページ > 組織でさがす > 本庁 > 商工観光・定住推進課 > 令和７年度第2次大分県地域課題解決型起業支援事業について(公益財団法人大分県産業創造機構／おおいたスタートアップセンター) 本文 令和７年度第2次大分県地域課題解決型起業
17	26	津久見市	出産予定のご家族の方へ	https://www.city.tsukumi.oita.jp/soshiki/2/107.html	出産予定のご家族の方へ - 津久見市公式ホームページ ページの先頭です。 メニューを飛ばして本文へ メニュー 本文へ Foreign language 背景色・文字サイズ 背景色 白 黒 青 文字サイズ 標準 拡大 キーワード検索 詳細検索 分類でさがす 組織でさがす カレンダーでさがす 注目 防災 子育て マイナンバーカード ごみ くらし しごと 観光 市政・議会 現在地 トップページ > 分類でさがす > くらしの情報 > ライフステージ > 妊娠・出産 > 出産予定のご家族の方へ 本文 出産予定のご家族の方へ 印刷ページ表示 更新日：2019年1月11日更新 出産予定のご家族の方へ 母子健康手帳をとりに行きましょう 詳しくは、 母子健康手帳のページ をご確認ください。 健康推進課（8番窓口）へ 出生届を提
17	26	豊後高田市	防犯・交通安全	https://www.city.bungotakada.oita.jp/life/1/1/3/	防犯・交通安全 - 豊後高田市ホームページ ページの先頭です。 メニューを飛ばして本文へ メニュー --> 豊後高田市の魅力 ヘルプ メニュー 本文へ 本文へ --> 検索 文字サイズ・色合い変更 文字サイズ 標準 拡大 背景色変更 白 黒 青 Translate 防災 当番医 サイト内 検索 Googleカスタム検索 詳しく さがす ID検索(ページの番号を入れてください) ID検索 注目ワード 住みたい田舎 子育て支援 昭和の町 ふるさと納税 休日当番医 ごみ検索 住民票・戸籍・印鑑登録 申請・届出 よくある質問 イベントカレンダー 一時保存する メニュー くらし・手続き 子育て・教育 健康・福祉 移住・定住 観光・イベント 市政 現在地 トップページ > 分類でさがす > くらし > 消防・防災・安全 >
17	26	豊後高田市	福祉サービス	https://www.city.bungotakada.oita.jp/life/3/28/90/	福祉サービス - 豊後高田市ホームページ ページの先頭です。 メニューを飛ばして本文へ メニュー --> 豊後高田市の魅力 ヘルプ メニュー 本文へ 本文へ --> 検索 文字サイズ・色合い変更 文字サイズ 標準 拡大 背景色変更 白 黒 青 Translate 防災 当番医 サイト内 検索 Googleカスタム検索 詳しく さがす ID検索(ページの番号を入れてください) ID検索 注目ワード 住みたい田舎 子育て支援 昭和の町 ふるさと納税 休日当番医 ごみ検索 住民票・戸籍・印鑑登録 申請・届出 よくある質問 イベントカレンダー 一時保存する メニュー くらし・手続き 子育て・教育 健康・福祉 移住・定住 観光・イベント 市政 現在地 トップページ > 分類でさがす > 医療・健康・福祉 > 障がい者福祉
17	26	豊後高田市	その他事業者向け情報	https://www.city.bungotakada.oita.jp/life/4/33/103/	その他事業者向け情報 - 豊後高田市ホームページ ページの先頭です。 メニューを飛ばして本文へ メニュー --> 豊後高田市の魅力 ヘルプ メニュー 本文へ 本文へ --> 検索 文字サイズ・色合い変更 文字サイズ 標準 拡大 背景色変更 白 黒 青 Translate 防災 当番医 サイト内 検索 Googleカスタム検索 詳しく さがす ID検索(ページの番号を入れてください) ID検索 注目ワード 住みたい田舎 子育て支援 昭和の町 ふるさと納税 休日当番医 ごみ検索 住民票・戸籍・印鑑登録 申請・届出 よくある質問 イベントカレンダー 一時保存する メニュー くらし・手続き 子育て・教育 健康・福祉 移住・定住 観光・イベント 市政 現在地 トップページ > 分類でさがす > 市政情報 > 事業者向け情
17	26	豊後高田市	障がい者福祉	https://www.city.bungotakada.oita.jp/life/sub/2/28/	障がい者福祉 - 豊後高田市ホームページ ページの先頭です。 メニューを飛ばして本文へ メニュー --> 豊後高田市の魅力 ヘルプ メニュー 本文へ 本文へ --> 検索 文字サイズ・色合い変更 文字サイズ 標準 拡大 背景色変更 白 黒 青 Translate 防災 当番医 サイト内 検索 Googleカスタム検索 詳しく さがす ID検索(ページの番号を入れてください) ID検索 注目ワード 住みたい田舎 子育て支援 昭和の町 ふるさと納税 休日当番医 ごみ検索 住民票・戸籍・印鑑登録 申請・届出 よくある質問 イベントカレンダー 一時保存する メニュー くらし・手続き 子育て・教育 健康・福祉 移住・定住 観光・イベント 市政 現在地 トップページ > 申請・届出 > 障がい者福祉 本文 障がい者福祉 障
17	26	豊後高田市	住宅支援（土地・住まい）	https://www.city.bungotakada.oita.jp/life/sub/7/5/24/	住宅支援（土地・住まい） - 豊後高田市ホームページ ページの先頭です。 メニューを飛ばして本文へ メニュー --> 豊後高田市の魅力 ヘルプ メニュー 本文へ 本文へ --> 検索 文字サイズ・色合い変更 文字サイズ 標準 拡大 背景色変更 白 黒 青 Translate 防災 当番医 サイト内 検索 Googleカスタム検索 詳しく さがす ID検索(ページの番号を入れてください) ID検索 注目ワード 住みたい田舎 子育て支援 昭和の町 ふるさと納税 休日当番医 ごみ検索 住民票・戸籍・印鑑登録 申請・届出 よくある質問 イベントカレンダー 一時保存する メニュー くらし・手続き 子育て・教育 健康・福祉 移住・定住 観光・イベント 市政 現在地 トップページ > 助成・支援 > 土地・住まい > 住宅支
17	21	臼杵市	自立支援医療（更生・育成・精神通院）の概要	https://www.city.usuki.oita.jp/docs/2014020400441/	自立支援医療（更生・育成・精神通院）の概要 | 臼杵市役所 本文へ ふりがなをつける --> 文字の大きさ 拡大 標準 縮小 背景色 黒 青 標準 読み上げる 臼杵市 メニュー サイトマップ お問合せ 総合トップ 市民向け 観光 ふるさと納税 移住・定住 事業者向け 他のカテゴリも表示する TOP カテゴリ 市民向け 医療・健康・福祉・保険・年金 障がい者のための福祉 自立支援医療 TOP カテゴリ 区分 コンテンツ 自立支援医療（更生・育成・精神通院）の概要 公開日 2019年2月14日 更新日 2026年7月17日 更生医療の給付 身体に障がいのある方が、その障がいの部分を除去または軽減し、日常生活能力の回復を図るために必要な医学的処置にかかる費用の一部を給付します。詳しくは臼杵市のHP「 更生医療 」をご
17	21	臼杵市	臼杵市子ども・子育て総合支援センター「ちあぽーと」	https://www.city.usuki.oita.jp/docs/2016110700011/	臼杵市子ども・子育て総合支援センター「ちあぽーと」 | 臼杵市役所 本文へ ふりがなをつける --> 文字の大きさ 拡大 標準 縮小 背景色 黒 青 標準 読み上げる 臼杵市 メニュー サイトマップ お問合せ 総合トップ 市民向け 観光 ふるさと納税 移住・定住 事業者向け 他のカテゴリも表示する TOP カテゴリ 市民向け 医療・健康・福祉・保険・年金 子育て支援 TOP カテゴリ 市民向け ライフイベント 妊娠・出産・子育て 子育て支援 TOP カテゴリ 区分 コンテンツ 臼杵市子ども・子育て総合支援センター「ちあぽーと」 公開日 2019年2月4日 更新日 2026年5月29日 平成28年1月開設 妊娠期から18歳までの様々な相談にワンストップで対応し、 切れ目のない支援を提供します。 子どもから大人まで
17	21	臼杵市	介護給付費明細書過誤申立書の提出	https://www.city.usuki.oita.jp/docs/2014020700084/	介護給付費明細書過誤申立書の提出 | 臼杵市役所 本文へ ふりがなをつける --> 文字の大きさ 拡大 標準 縮小 背景色 黒 青 標準 読み上げる 臼杵市 メニュー サイトマップ お問合せ 総合トップ 市民向け 観光 ふるさと納税 移住・定住 事業者向け 他のカテゴリも表示する TOP カテゴリ 市民向け 医療・健康・福祉・保険・年金 介護保険 TOP カテゴリ 市民向け ライフイベント 介護・高齢者など 介護 TOP カテゴリ 区分 コンテンツ 介護給付費明細書過誤申立書の提出 公開日 2019年2月14日 更新日 2025年4月25日 介護給付費の請求に誤りがあった場合に、保険者に対し国民健康保険団体連合会（以下、国保連）への過誤申立を依頼する文書です。過誤の申立は、国保連より支給を受けたもので、決定内容
17	21	豊後高田市	「太陽光発電設備」に係る固定資産税（償却資産）の課税について	https://www.city.bungotakada.oita.jp/soshiki/6/2130.html	「太陽光発電設備」に係る固定資産税（償却資産）の課税について - 豊後高田市ホームページ ページの先頭です。 メニューを飛ばして本文へ メニュー --> 豊後高田市の魅力 ヘルプ メニュー 本文へ 本文へ --> 検索 文字サイズ・色合い変更 文字サイズ 標準 拡大 背景色変更 白 黒 青 Translate 防災 当番医 サイト内 検索 Googleカスタム検索 詳しく さがす ID検索(ページの番号を入れてください) ID検索 注目ワード 住みたい田舎 子育て支援 昭和の町 ふるさと納税 休日当番医 ごみ検索 住民票・戸籍・印鑑登録 申請・届出 よくある質問 イベントカレンダー 一時保存する メニュー くらし・手続き 子育て・教育 健康・福祉 移住・定住 観光・イベント 市政 現在地 トップページ > 組織
16	30	津久見市	健康推進課	https://www.city.tsukumi.oita.jp/soshiki/4/	健康推進課 - 津久見市公式ホームページ ページの先頭です。 メニューを飛ばして本文へ メニュー 本文へ Foreign language 背景色・文字サイズ 背景色 白 黒 青 文字サイズ 標準 拡大 キーワード検索 詳細検索 分類でさがす 組織でさがす カレンダーでさがす 注目 防災 子育て マイナンバーカード ごみ くらし しごと 観光 市政・議会 現在地 トップページ > 組織でさがす > 本庁 > 健康推進課 本文 健康推進課 新着情報 2026年6月18日更新 新型インフルエンザ等対策行動計画の改定について 2026年4月8日更新 （保存版）令和８年度 津久見市健康サポートブック 2026年4月1日更新 （R8年4月1日からこちら）産後ケア事業 2026年4月1日更新 【市報４月号】帯状疱疹ワクチン
16	30	津久見市	商工観光・定住推進課	https://www.city.tsukumi.oita.jp/soshiki/6/	商工観光・定住推進課 - 津久見市公式ホームページ ページの先頭です。 メニューを飛ばして本文へ メニュー 本文へ Foreign language 背景色・文字サイズ 背景色 白 黒 青 文字サイズ 標準 拡大 キーワード検索 詳細検索 分類でさがす 組織でさがす カレンダーでさがす 注目 防災 子育て マイナンバーカード ごみ くらし しごと 観光 市政・議会 現在地 トップページ > 組織でさがす > 本庁 > 商工観光・定住推進課 本文 商工観光・定住推進課 新着情報 2025年7月1日更新 つくみ定住ガイドブック ＜外部リンク＞ 2026年7月16日更新 「第７５回 つくみ港まつり」について 2026年7月10日更新 おおいた地域若者サポートステーション（県南常設サテライト） 2026年7月10日更新
16	30	津久見市	社会福祉課	https://www.city.tsukumi.oita.jp/soshiki/20/	社会福祉課 - 津久見市公式ホームページ ページの先頭です。 メニューを飛ばして本文へ メニュー 本文へ Foreign language 背景色・文字サイズ 背景色 白 黒 青 文字サイズ 標準 拡大 キーワード検索 詳細検索 分類でさがす 組織でさがす カレンダーでさがす 注目 防災 子育て マイナンバーカード ごみ くらし しごと 観光 市政・議会 現在地 トップページ > 組織でさがす > 本庁 > 社会福祉課 本文 社会福祉課 新着情報 2026年7月1日更新 7月もこもこだより（しらうめこども園） 2026年6月26日更新 ７月の津久見市の子育て関連イベントです！ 2026年6月18日更新 《残数のお知らせ》ベビー用品借りてみませんか？ 2026年5月1日更新 「なかよし広場」のご案内（白蓮こども園
16	30	津久見市		https://www.city.tsukumi.oita.jp/site/kosodate/index-2.html	津久見市子育て応援サイト「つくみっこ」 - 津久見市公式ホームページ ページの先頭です。 メニューを飛ばして本文へ メニュー 検索 本文へ はじめての方へ Foreign language 背景色・文字サイズ 背景色 白 黒 青 文字サイズ 標準 拡大 目的でさがす 年齢でさがす 施設 休日・夜間当番医 イベントカレンダー キーワード検索 本文 休日・夜間当番医 イベントカレンダー 新着情報 News 2026年7月1日更新 7月もこもこだより（しらうめこども園） 2026年6月26日更新 ７月の津久見市の子育て関連イベントです！ 2026年6月18日更新 《残数のお知らせ》ベビー用品借りてみませんか？ 2026年5月1日更新 「なかよし広場」のご案内（白蓮こども園） 2026年4月24日更新 令和８年度 認定
16	24	杵築市	自立支援医療(更生医療)の給付	https://www.city.kitsuki.lg.jp/soshiki/1/fukusi/kitsukikosodatesien/hitorioyahattatusien/kodomonohattatusien/syougaihukusiseido/10911.html	自立支援医療(更生医療)の給付／杵築市 スマートフォン版を表示 本文へ Foreign language 携帯サイト 文字サイズ 背景色 PCサイト Foreign language キーワードで探す トップページへ くらしの情報 健康・福祉 教育・子育て 観光・歴史 産業・ビジネス 市政・まちづくり 定住促進サイト ブランドサイト メニューを閉じる くらしの情報 健康･福祉 教育･子育て 観光･歴史 産業･ビジネス 市政･まちづくり キーワードで探す 障がい福祉に関する制度・手続き こんなときには 転入・転出 妊娠・出産・子育て 入園・入学 就職・退職 結婚・離婚 高齢者・介護 終活・死亡・相続 税金 現在の位置 ホーム 組織で探す 市長部局 福祉事務所 子育て支援情報 ひとり親・こどもの発達支援 こどもの発
16	23	津久見市	子育て	https://www.city.tsukumi.oita.jp/life/1/1/2/	子育て - 津久見市公式ホームページ ページの先頭です。 メニューを飛ばして本文へ メニュー 本文へ Foreign language 背景色・文字サイズ 背景色 白 黒 青 文字サイズ 標準 拡大 キーワード検索 詳細検索 分類でさがす 組織でさがす カレンダーでさがす 注目 防災 子育て マイナンバーカード ごみ くらし しごと 観光 市政・議会 現在地 トップページ > 分類でさがす > くらしの情報 > ライフステージ > 子育て 本文 子育て おすすめ情報 2022年5月25日更新 子育て応援サイト「つくみっこ」 2026年7月1日更新 夜間・休日救急当番医のお知らせ 2026年5月29日更新 住宅のリフォームをお考えの方へ 2026年4月21日更新 【令和８年度】木造住宅の耐震化をお考えの方へ 20
16	20	臼杵市	避難所等備蓄対策事業について	https://www.city.usuki.oita.jp/article/2020092800072/	避難所等備蓄対策事業について | 臼杵市役所 本文へ ふりがなをつける --> 文字の大きさ 拡大 標準 縮小 背景色 黒 青 標準 読み上げる 臼杵市 メニュー サイトマップ お問合せ 総合トップ 市民向け 観光 ふるさと納税 移住・定住 事業者向け 他のカテゴリも表示する TOP カテゴリ 区分 新着情報 避難所等備蓄対策事業について 公開日 2020年9月28日 更新日 2026年3月25日 「新しい生活様式」を踏まえた災害対応スタイルの構築 災害時における避難所での避難にあたっては、新型コロナウイルス感染拡大の状況やインフルエンザの流行に備え、避難所において3密（密閉・密集・密接）での 感染リスクの回避や衛生対策を徹底するなど、感染症対策が求められています。 臼杵市においても、衛生用品などの資機材および
16	20	杵築市	中小企業等経営強化法に基づく「先端設備等導入計画」の認定申請について	https://www.city.kitsuki.lg.jp/sangyobijinesu/sangyoushinkou/4221.html	中小企業等経営強化法に基づく「先端設備等導入計画」の認定申請について／杵築市 スマートフォン版を表示 本文へ Foreign language 携帯サイト 文字サイズ 背景色 PCサイト Foreign language キーワードで探す トップページへ くらしの情報 健康・福祉 教育・子育て 観光・歴史 産業・ビジネス 市政・まちづくり 定住促進サイト ブランドサイト メニューを閉じる くらしの情報 健康･福祉 教育･子育て 観光･歴史 産業･ビジネス 市政･まちづくり キーワードで探す 産業振興 こんなときには 転入・転出 妊娠・出産・子育て 入園・入学 就職・退職 結婚・離婚 高齢者・介護 終活・死亡・相続 税金 現在の位置 ホーム 産業・ビジネス 産業振興 中小企業等経営強化法に基づく「先端設備等導入計
16	20	杵築市	中小企業等経営強化法に基づく「先端設備等導入計画」の認定申請について	https://www.city.kitsuki.lg.jp/shinseisho/sangyo/7225.html	中小企業等経営強化法に基づく「先端設備等導入計画」の認定申請について／杵築市 スマートフォン版を表示 本文へ Foreign language 携帯サイト 文字サイズ 背景色 PCサイト Foreign language キーワードで探す トップページへ くらしの情報 健康・福祉 教育・子育て 観光・歴史 産業・ビジネス 市政・まちづくり 定住促進サイト ブランドサイト メニューを閉じる くらしの情報 健康･福祉 教育･子育て 観光･歴史 産業･ビジネス 市政･まちづくり キーワードで探す 産業関連 こんなときには 転入・転出 妊娠・出産・子育て 入園・入学 就職・退職 結婚・離婚 高齢者・介護 終活・死亡・相続 税金 現在の位置 ホーム 申請書ダウンロード 産業関連 中小企業等経営強化法に基づく「先端設備等導
16	20	竹田市	令和8年度介護保険料の特例措置について	https://www.city.taketa.oita.jp/kurashi_tetsuzuki/zeikin/12726.html	令和8年度介護保険料の特例措置について／竹田市 スマートフォン版を表示 本文へ 文字サイズ 背景色変更 Foreign Language 目的別で探す 妊娠・出産 子育て 入園・入学 就職・退職 結婚・離婚 引越し・住まい 高齢・介護 おくやみ よく利用されるメニュー 手続き検索ナビ 申請書ダウンロード ごみ検索 イベントカレンダー お問い合わせ お問い合わせフォームへ よく見られるページ 関連施設等のページ 竹田市立図書館 竹田市総合文化ホール グランツたけた 竹田市歴史文化館 竹田市消防本部 くらし・ 手続き 健康・福祉 市政・ まちづくり 子育て・教育 産業・ 事業者向け情報 学び・ スポーツ 移住・定住 文化・歴史 ・観光 現在のページ ホーム くらし・手続き 税金 令和8年度介護保険料の特例措置につい
16	20	竹田市	子育て応援券・クーポン	https://www.city.taketa.oita.jp/life_scene/kosodate/4985.html	子育て応援券・クーポン／竹田市 スマートフォン版を表示 本文へ 文字サイズ 背景色変更 Foreign Language 目的別で探す 妊娠・出産 子育て 入園・入学 就職・退職 結婚・離婚 引越し・住まい 高齢・介護 おくやみ よく利用されるメニュー 手続き検索ナビ 申請書ダウンロード ごみ検索 イベントカレンダー お問い合わせ お問い合わせフォームへ よく見られるページ 関連施設等のページ 竹田市立図書館 竹田市総合文化ホール グランツたけた 竹田市歴史文化館 竹田市消防本部 くらし・ 手続き 健康・福祉 市政・ まちづくり 子育て・教育 産業・ 事業者向け情報 学び・ スポーツ 移住・定住 文化・歴史 ・観光 現在のページ ホーム ライフシーンから探す 子育て 子育て応援券・クーポン 子育て応援券・クーポ
16	20	竹田市	子育て応援券・クーポン	https://www.city.taketa.oita.jp/kosodate_kyoiku/kosodateshien/4924.html	子育て応援券・クーポン／竹田市 スマートフォン版を表示 本文へ 文字サイズ 背景色変更 Foreign Language 目的別で探す 妊娠・出産 子育て 入園・入学 就職・退職 結婚・離婚 引越し・住まい 高齢・介護 おくやみ よく利用されるメニュー 手続き検索ナビ 申請書ダウンロード ごみ検索 イベントカレンダー お問い合わせ お問い合わせフォームへ よく見られるページ 関連施設等のページ 竹田市立図書館 竹田市総合文化ホール グランツたけた 竹田市歴史文化館 竹田市消防本部 くらし・ 手続き 健康・福祉 市政・ まちづくり 子育て・教育 産業・ 事業者向け情報 学び・ スポーツ 移住・定住 文化・歴史 ・観光 現在のページ ホーム 子育て・教育 子育て支援 子育て応援券・クーポン 子育て応援券・クーポン
16	20	津久見市	マイナンバーカードの出張申請 受付中	https://www.city.tsukumi.oita.jp/soshiki/2/20154.html	マイナンバーカードの出張申請 受付中 - 津久見市公式ホームページ ページの先頭です。 メニューを飛ばして本文へ メニュー 本文へ Foreign language 背景色・文字サイズ 背景色 白 黒 青 文字サイズ 標準 拡大 キーワード検索 詳細検索 分類でさがす 組織でさがす カレンダーでさがす 注目 防災 子育て マイナンバーカード ごみ くらし しごと 観光 市政・議会 現在地 トップページ > 組織でさがす > 本庁 > 市民生活課 人権尊重・部落差別解消推進室 > マイナンバーカードの出張申請 受付中 本文 マイナンバーカードの出張申請 受付中 印刷ページ表示 更新日：2021年10月18日更新 地区集会所、事業所など市役所の窓口以外の場所に職員が出張してマイナンバーカードの申請を受付します １
16	20	豊後高田市	【全国初】6年連続全部門第1位！－宝島社「2026年版第14回住みたい田舎ベストランキング」－	https://www.city.bungotakada.oita.jp/soshiki/5/2511.html	【全国初】6年連続全部門第1位！－宝島社「2026年版第14回住みたい田舎ベストランキング」－ - 豊後高田市ホームページ ページの先頭です。 メニューを飛ばして本文へ メニュー --> 豊後高田市の魅力 ヘルプ メニュー 本文へ 本文へ --> 検索 文字サイズ・色合い変更 文字サイズ 標準 拡大 背景色変更 白 黒 青 Translate 防災 当番医 サイト内 検索 Googleカスタム検索 詳しく さがす ID検索(ページの番号を入れてください) ID検索 注目ワード 住みたい田舎 子育て支援 昭和の町 ふるさと納税 休日当番医 ごみ検索 住民票・戸籍・印鑑登録 申請・届出 よくある質問 イベントカレンダー 一時保存する メニュー くらし・手続き 子育て・教育 健康・福祉 移住・定住 観光・イベント 市
16	20	豊後高田市	令和8年度豊後高田市移住相談会【予定表】	https://www.city.bungotakada.oita.jp/soshiki/5/34015.html	令和8年度豊後高田市移住相談会【予定表】 - 豊後高田市ホームページ ページの先頭です。 メニューを飛ばして本文へ メニュー --> 豊後高田市の魅力 ヘルプ メニュー 本文へ 本文へ --> 検索 文字サイズ・色合い変更 文字サイズ 標準 拡大 背景色変更 白 黒 青 Translate 防災 当番医 サイト内 検索 Googleカスタム検索 詳しく さがす ID検索(ページの番号を入れてください) ID検索 注目ワード 住みたい田舎 子育て支援 昭和の町 ふるさと納税 休日当番医 ごみ検索 住民票・戸籍・印鑑登録 申請・届出 よくある質問 イベントカレンダー 一時保存する メニュー くらし・手続き 子育て・教育 健康・福祉 移住・定住 観光・イベント 市政 現在地 トップページ > 分類でさがす > くらし
16	20	豊後高田市	土砂災害ハザードマップ	https://www.city.bungotakada.oita.jp/site/bousai/2813.html	土砂災害ハザードマップ - 豊後高田市防災情報 - 豊後高田市ホームページ ページの先頭です。 メニューを飛ばして本文へ メニュー --> 豊後高田市の魅力 ヘルプ メニュー 本文へ 本文へ --> 検索 文字サイズ・色合い変更 文字サイズ 標準 拡大 背景色変更 白 黒 青 Translate 防災 当番医 サイト内 検索 Googleカスタム検索 詳しく さがす ID検索(ページの番号を入れてください) ID検索 注目ワード 住みたい田舎 子育て支援 昭和の町 ふるさと納税 休日当番医 ごみ検索 住民票・戸籍・印鑑登録 申請・届出 よくある質問 イベントカレンダー 一時保存する メニュー くらし・手続き 子育て・教育 健康・福祉 移住・定住 観光・イベント 市政 現在地 トップページ > 分類でさがす >
16	20	豊後高田市	適切な避難行動をとるために	https://www.city.bungotakada.oita.jp/site/bousai/27778.html	適切な避難行動をとるために - 豊後高田市防災情報 - 豊後高田市ホームページ ページの先頭です。 メニューを飛ばして本文へ メニュー --> 豊後高田市の魅力 ヘルプ メニュー 本文へ 本文へ --> 検索 文字サイズ・色合い変更 文字サイズ 標準 拡大 背景色変更 白 黒 青 Translate 防災 当番医 サイト内 検索 Googleカスタム検索 詳しく さがす ID検索(ページの番号を入れてください) ID検索 注目ワード 住みたい田舎 子育て支援 昭和の町 ふるさと納税 休日当番医 ごみ検索 住民票・戸籍・印鑑登録 申請・届出 よくある質問 イベントカレンダー 一時保存する メニュー くらし・手続き 子育て・教育 健康・福祉 移住・定住 観光・イベント 市政 現在地 トップページ > 分類でさがす
16	20	豊後高田市	災害に備えた備蓄をしましょう！	https://www.city.bungotakada.oita.jp/site/bousai/11911.html	災害に備えた備蓄をしましょう！ - 豊後高田市防災情報 - 豊後高田市ホームページ ページの先頭です。 メニューを飛ばして本文へ メニュー --> 豊後高田市の魅力 ヘルプ メニュー 本文へ 本文へ --> 検索 文字サイズ・色合い変更 文字サイズ 標準 拡大 背景色変更 白 黒 青 Translate 防災 当番医 サイト内 検索 Googleカスタム検索 詳しく さがす ID検索(ページの番号を入れてください) ID検索 注目ワード 住みたい田舎 子育て支援 昭和の町 ふるさと納税 休日当番医 ごみ検索 住民票・戸籍・印鑑登録 申請・届出 よくある質問 イベントカレンダー 一時保存する メニュー くらし・手続き 子育て・教育 健康・福祉 移住・定住 観光・イベント 市政 現在地 トップページ > 分類でさが
16	20	豊後高田市	総合防災ハザードマップ【WEB】	https://www.city.bungotakada.oita.jp/site/bousai/2113.html	総合防災ハザードマップ【WEB】 - 豊後高田市防災情報 - 豊後高田市ホームページ ページの先頭です。 メニューを飛ばして本文へ メニュー --> 豊後高田市の魅力 ヘルプ メニュー 本文へ 本文へ --> 検索 文字サイズ・色合い変更 文字サイズ 標準 拡大 背景色変更 白 黒 青 Translate 防災 当番医 サイト内 検索 Googleカスタム検索 詳しく さがす ID検索(ページの番号を入れてください) ID検索 注目ワード 住みたい田舎 子育て支援 昭和の町 ふるさと納税 休日当番医 ごみ検索 住民票・戸籍・印鑑登録 申請・届出 よくある質問 イベントカレンダー 一時保存する メニュー くらし・手続き 子育て・教育 健康・福祉 移住・定住 観光・イベント 市政 現在地 トップページ > 分類でさ
16	20	豊後高田市	洪水ハザードマップ	https://www.city.bungotakada.oita.jp/site/bousai/1642.html	洪水ハザードマップ - 豊後高田市防災情報 - 豊後高田市ホームページ ページの先頭です。 メニューを飛ばして本文へ メニュー --> 豊後高田市の魅力 ヘルプ メニュー 本文へ 本文へ --> 検索 文字サイズ・色合い変更 文字サイズ 標準 拡大 背景色変更 白 黒 青 Translate 防災 当番医 サイト内 検索 Googleカスタム検索 詳しく さがす ID検索(ページの番号を入れてください) ID検索 注目ワード 住みたい田舎 子育て支援 昭和の町 ふるさと納税 休日当番医 ごみ検索 住民票・戸籍・印鑑登録 申請・届出 よくある質問 イベントカレンダー 一時保存する メニュー くらし・手続き 子育て・教育 健康・福祉 移住・定住 観光・イベント 市政 現在地 トップページ > 分類でさがす > くら
16	20	豊後高田市	津波ハザードマップ	https://www.city.bungotakada.oita.jp/site/bousai/1641.html	津波ハザードマップ - 豊後高田市防災情報 - 豊後高田市ホームページ ページの先頭です。 メニューを飛ばして本文へ メニュー --> 豊後高田市の魅力 ヘルプ メニュー 本文へ 本文へ --> 検索 文字サイズ・色合い変更 文字サイズ 標準 拡大 背景色変更 白 黒 青 Translate 防災 当番医 サイト内 検索 Googleカスタム検索 詳しく さがす ID検索(ページの番号を入れてください) ID検索 注目ワード 住みたい田舎 子育て支援 昭和の町 ふるさと納税 休日当番医 ごみ検索 住民票・戸籍・印鑑登録 申請・届出 よくある質問 イベントカレンダー 一時保存する メニュー くらし・手続き 子育て・教育 健康・福祉 移住・定住 観光・イベント 市政 現在地 トップページ > 分類でさがす > くら
16	20	豊後高田市	高潮ハザードマップ	https://www.city.bungotakada.oita.jp/site/bousai/3089.html	高潮ハザードマップ - 豊後高田市防災情報 - 豊後高田市ホームページ ページの先頭です。 メニューを飛ばして本文へ メニュー --> 豊後高田市の魅力 ヘルプ メニュー 本文へ 本文へ --> 検索 文字サイズ・色合い変更 文字サイズ 標準 拡大 背景色変更 白 黒 青 Translate 防災 当番医 サイト内 検索 Googleカスタム検索 詳しく さがす ID検索(ページの番号を入れてください) ID検索 注目ワード 住みたい田舎 子育て支援 昭和の町 ふるさと納税 休日当番医 ごみ検索 住民票・戸籍・印鑑登録 申請・届出 よくある質問 イベントカレンダー 一時保存する メニュー くらし・手続き 子育て・教育 健康・福祉 移住・定住 観光・イベント 市政 現在地 トップページ > 分類でさがす > くら
16	20	豊後高田市	豊後高田市ため池ハザードマップ	https://www.city.bungotakada.oita.jp/site/bousai/2560.html	豊後高田市ため池ハザードマップ - 豊後高田市防災情報 - 豊後高田市ホームページ ページの先頭です。 メニューを飛ばして本文へ メニュー --> 豊後高田市の魅力 ヘルプ メニュー 本文へ 本文へ --> 検索 文字サイズ・色合い変更 文字サイズ 標準 拡大 背景色変更 白 黒 青 Translate 防災 当番医 サイト内 検索 Googleカスタム検索 詳しく さがす ID検索(ページの番号を入れてください) ID検索 注目ワード 住みたい田舎 子育て支援 昭和の町 ふるさと納税 休日当番医 ごみ検索 住民票・戸籍・印鑑登録 申請・届出 よくある質問 イベントカレンダー 一時保存する メニュー くらし・手続き 子育て・教育 健康・福祉 移住・定住 観光・イベント 市政 現在地 トップページ > 分類でさが
16	20	豊後高田市	市報ぶんごたかだ「減災対策特集」	https://www.city.bungotakada.oita.jp/site/bousai/24549.html	市報ぶんごたかだ「減災対策特集」 - 豊後高田市防災情報 - 豊後高田市ホームページ ページの先頭です。 メニューを飛ばして本文へ メニュー --> 豊後高田市の魅力 ヘルプ メニュー 本文へ 本文へ --> 検索 文字サイズ・色合い変更 文字サイズ 標準 拡大 背景色変更 白 黒 青 Translate 防災 当番医 サイト内 検索 Googleカスタム検索 詳しく さがす ID検索(ページの番号を入れてください) ID検索 注目ワード 住みたい田舎 子育て支援 昭和の町 ふるさと納税 休日当番医 ごみ検索 住民票・戸籍・印鑑登録 申請・届出 よくある質問 イベントカレンダー 一時保存する メニュー くらし・手続き 子育て・教育 健康・福祉 移住・定住 観光・イベント 市政 現在地 トップページ > 分類でさ
16	20	豊後高田市	南海トラフ地震	https://www.city.bungotakada.oita.jp/site/bousai/31959.html	南海トラフ地震 - 豊後高田市防災情報 - 豊後高田市ホームページ ページの先頭です。 メニューを飛ばして本文へ メニュー --> 豊後高田市の魅力 ヘルプ メニュー 本文へ 本文へ --> 検索 文字サイズ・色合い変更 文字サイズ 標準 拡大 背景色変更 白 黒 青 Translate 防災 当番医 サイト内 検索 Googleカスタム検索 詳しく さがす ID検索(ページの番号を入れてください) ID検索 注目ワード 住みたい田舎 子育て支援 昭和の町 ふるさと納税 休日当番医 ごみ検索 住民票・戸籍・印鑑登録 申請・届出 よくある質問 イベントカレンダー 一時保存する メニュー くらし・手続き 子育て・教育 健康・福祉 移住・定住 観光・イベント 市政 現在地 トップページ > 分類でさがす > くらし
16	20	豊後高田市	豊後高田市地域防災計画	https://www.city.bungotakada.oita.jp/site/bousai/2050.html	豊後高田市地域防災計画 - 豊後高田市防災情報 - 豊後高田市ホームページ ページの先頭です。 メニューを飛ばして本文へ メニュー --> 豊後高田市の魅力 ヘルプ メニュー 本文へ 本文へ --> 検索 文字サイズ・色合い変更 文字サイズ 標準 拡大 背景色変更 白 黒 青 Translate 防災 当番医 サイト内 検索 Googleカスタム検索 詳しく さがす ID検索(ページの番号を入れてください) ID検索 注目ワード 住みたい田舎 子育て支援 昭和の町 ふるさと納税 休日当番医 ごみ検索 住民票・戸籍・印鑑登録 申請・届出 よくある質問 イベントカレンダー 一時保存する メニュー くらし・手続き 子育て・教育 健康・福祉 移住・定住 観光・イベント 市政 現在地 トップページ > 分類でさがす >
16	20	豊後高田市	国民保護計画	https://www.city.bungotakada.oita.jp/site/bousai/1813.html	国民保護計画 - 豊後高田市防災情報 - 豊後高田市ホームページ ページの先頭です。 メニューを飛ばして本文へ メニュー --> 豊後高田市の魅力 ヘルプ メニュー 本文へ 本文へ --> 検索 文字サイズ・色合い変更 文字サイズ 標準 拡大 背景色変更 白 黒 青 Translate 防災 当番医 サイト内 検索 Googleカスタム検索 詳しく さがす ID検索(ページの番号を入れてください) ID検索 注目ワード 住みたい田舎 子育て支援 昭和の町 ふるさと納税 休日当番医 ごみ検索 住民票・戸籍・印鑑登録 申請・届出 よくある質問 イベントカレンダー 一時保存する メニュー くらし・手続き 子育て・教育 健康・福祉 移住・定住 観光・イベント 市政 現在地 トップページ > 分類でさがす > くらし >
16	20	豊後高田市	豊後高田市国土強靭化地域計画	https://www.city.bungotakada.oita.jp/site/bousai/2812.html	豊後高田市国土強靭化地域計画 - 豊後高田市防災情報 - 豊後高田市ホームページ ページの先頭です。 メニューを飛ばして本文へ メニュー --> 豊後高田市の魅力 ヘルプ メニュー 本文へ 本文へ --> 検索 文字サイズ・色合い変更 文字サイズ 標準 拡大 背景色変更 白 黒 青 Translate 防災 当番医 サイト内 検索 Googleカスタム検索 詳しく さがす ID検索(ページの番号を入れてください) ID検索 注目ワード 住みたい田舎 子育て支援 昭和の町 ふるさと納税 休日当番医 ごみ検索 住民票・戸籍・印鑑登録 申請・届出 よくある質問 イベントカレンダー 一時保存する メニュー くらし・手続き 子育て・教育 健康・福祉 移住・定住 観光・イベント 市政 現在地 トップページ > 分類でさがす
16	20	豊後高田市	昭和の町創業支援施設の入居者募集について	https://www.city.bungotakada.oita.jp/soshiki/14/43235.html	昭和の町創業支援施設の入居者募集について - 豊後高田市ホームページ ページの先頭です。 メニューを飛ばして本文へ メニュー --> 豊後高田市の魅力 ヘルプ メニュー 本文へ 本文へ --> 検索 文字サイズ・色合い変更 文字サイズ 標準 拡大 背景色変更 白 黒 青 Translate 防災 当番医 サイト内 検索 Googleカスタム検索 詳しく さがす ID検索(ページの番号を入れてください) ID検索 注目ワード 住みたい田舎 子育て支援 昭和の町 ふるさと納税 休日当番医 ごみ検索 住民票・戸籍・印鑑登録 申請・届出 よくある質問 イベントカレンダー 一時保存する メニュー くらし・手続き 子育て・教育 健康・福祉 移住・定住 観光・イベント 市政 現在地 トップページ > 分類でさがす > くらし
16	20	豊後高田市	空き家リフォーム事業	https://www.city.bungotakada.oita.jp/soshiki/5/1648.html	空き家リフォーム事業 - 豊後高田市ホームページ ページの先頭です。 メニューを飛ばして本文へ メニュー --> 豊後高田市の魅力 ヘルプ メニュー 本文へ 本文へ --> 検索 文字サイズ・色合い変更 文字サイズ 標準 拡大 背景色変更 白 黒 青 Translate 防災 当番医 サイト内 検索 Googleカスタム検索 詳しく さがす ID検索(ページの番号を入れてください) ID検索 注目ワード 住みたい田舎 子育て支援 昭和の町 ふるさと納税 休日当番医 ごみ検索 住民票・戸籍・印鑑登録 申請・届出 よくある質問 イベントカレンダー 一時保存する メニュー くらし・手続き 子育て・教育 健康・福祉 移住・定住 観光・イベント 市政 現在地 トップページ > 分類でさがす > くらし > 移住定住情報
16	20	豊後高田市	納税相談について	https://www.city.bungotakada.oita.jp/soshiki/6/13132.html	納税相談について - 豊後高田市ホームページ ページの先頭です。 メニューを飛ばして本文へ メニュー --> 豊後高田市の魅力 ヘルプ メニュー 本文へ 本文へ --> 検索 文字サイズ・色合い変更 文字サイズ 標準 拡大 背景色変更 白 黒 青 Translate 防災 当番医 サイト内 検索 Googleカスタム検索 詳しく さがす ID検索(ページの番号を入れてください) ID検索 注目ワード 住みたい田舎 子育て支援 昭和の町 ふるさと納税 休日当番医 ごみ検索 住民票・戸籍・印鑑登録 申請・届出 よくある質問 イベントカレンダー 一時保存する メニュー くらし・手続き 子育て・教育 健康・福祉 移住・定住 観光・イベント 市政 現在地 トップページ > 分類でさがす > くらし > 税金・公金 > 納
16	20	豊後高田市	市税等の還付について	https://www.city.bungotakada.oita.jp/soshiki/6/38489.html	市税等の還付について - 豊後高田市ホームページ ページの先頭です。 メニューを飛ばして本文へ メニュー --> 豊後高田市の魅力 ヘルプ メニュー 本文へ 本文へ --> 検索 文字サイズ・色合い変更 文字サイズ 標準 拡大 背景色変更 白 黒 青 Translate 防災 当番医 サイト内 検索 Googleカスタム検索 詳しく さがす ID検索(ページの番号を入れてください) ID検索 注目ワード 住みたい田舎 子育て支援 昭和の町 ふるさと納税 休日当番医 ごみ検索 住民票・戸籍・印鑑登録 申請・届出 よくある質問 イベントカレンダー 一時保存する メニュー くらし・手続き 子育て・教育 健康・福祉 移住・定住 観光・イベント 市政 現在地 トップページ > 分類でさがす > くらし > 税金・公金 >
16	20	豊後高田市	産前産後期間の国民健康保険税が減額されます	https://www.city.bungotakada.oita.jp/site/kokuho/20890.html	産前産後期間の国民健康保険税が減額されます - 国民健康保険 - 豊後高田市ホームページ ページの先頭です。 メニューを飛ばして本文へ メニュー --> 豊後高田市の魅力 ヘルプ メニュー 本文へ 本文へ --> 検索 文字サイズ・色合い変更 文字サイズ 標準 拡大 背景色変更 白 黒 青 Translate 防災 当番医 サイト内 検索 Googleカスタム検索 詳しく さがす ID検索(ページの番号を入れてください) ID検索 注目ワード 住みたい田舎 子育て支援 昭和の町 ふるさと納税 休日当番医 ごみ検索 住民票・戸籍・印鑑登録 申請・届出 よくある質問 イベントカレンダー 一時保存する メニュー くらし・手続き 子育て・教育 健康・福祉 移住・定住 観光・イベント 市政 現在地 トップページ > 分類
16	20	豊後高田市	医療費が高額になりそうなとき（国民健康保険）	https://www.city.bungotakada.oita.jp/site/kokuho/1662.html	医療費が高額になりそうなとき（国民健康保険） - 国民健康保険 - 豊後高田市ホームページ ページの先頭です。 メニューを飛ばして本文へ メニュー --> 豊後高田市の魅力 ヘルプ メニュー 本文へ 本文へ --> 検索 文字サイズ・色合い変更 文字サイズ 標準 拡大 背景色変更 白 黒 青 Translate 防災 当番医 サイト内 検索 Googleカスタム検索 詳しく さがす ID検索(ページの番号を入れてください) ID検索 注目ワード 住みたい田舎 子育て支援 昭和の町 ふるさと納税 休日当番医 ごみ検索 住民票・戸籍・印鑑登録 申請・届出 よくある質問 イベントカレンダー 一時保存する メニュー くらし・手続き 子育て・教育 健康・福祉 移住・定住 観光・イベント 市政 現在地 トップページ > 国
16	20	豊後高田市	国民健康保険への加入・脱退、資格確認書等の再交付などをするときは	https://www.city.bungotakada.oita.jp/site/kokuho/1666.html	国民健康保険への加入・脱退、資格確認書等の再交付などをするときは - 国民健康保険 - 豊後高田市ホームページ ページの先頭です。 メニューを飛ばして本文へ メニュー --> 豊後高田市の魅力 ヘルプ メニュー 本文へ 本文へ --> 検索 文字サイズ・色合い変更 文字サイズ 標準 拡大 背景色変更 白 黒 青 Translate 防災 当番医 サイト内 検索 Googleカスタム検索 詳しく さがす ID検索(ページの番号を入れてください) ID検索 注目ワード 住みたい田舎 子育て支援 昭和の町 ふるさと納税 休日当番医 ごみ検索 住民票・戸籍・印鑑登録 申請・届出 よくある質問 イベントカレンダー 一時保存する メニュー くらし・手続き 子育て・教育 健康・福祉 移住・定住 観光・イベント 市政 現在地
16	20	豊後高田市	高額な医療費を支払ったとき（国民健康保険）	https://www.city.bungotakada.oita.jp/site/kokuho/1663.html	高額な医療費を支払ったとき（国民健康保険） - 国民健康保険 - 豊後高田市ホームページ ページの先頭です。 メニューを飛ばして本文へ メニュー --> 豊後高田市の魅力 ヘルプ メニュー 本文へ 本文へ --> 検索 文字サイズ・色合い変更 文字サイズ 標準 拡大 背景色変更 白 黒 青 Translate 防災 当番医 サイト内 検索 Googleカスタム検索 詳しく さがす ID検索(ページの番号を入れてください) ID検索 注目ワード 住みたい田舎 子育て支援 昭和の町 ふるさと納税 休日当番医 ごみ検索 住民票・戸籍・印鑑登録 申請・届出 よくある質問 イベントカレンダー 一時保存する メニュー くらし・手続き 子育て・教育 健康・福祉 移住・定住 観光・イベント 市政 現在地 トップページ > 国民
16	20	豊後高田市	出産育児一時金について（国民健康保険）	https://www.city.bungotakada.oita.jp/site/kokuho/1665.html	出産育児一時金について（国民健康保険） - 国民健康保険 - 豊後高田市ホームページ ページの先頭です。 メニューを飛ばして本文へ メニュー --> 豊後高田市の魅力 ヘルプ メニュー 本文へ 本文へ --> 検索 文字サイズ・色合い変更 文字サイズ 標準 拡大 背景色変更 白 黒 青 Translate 防災 当番医 サイト内 検索 Googleカスタム検索 詳しく さがす ID検索(ページの番号を入れてください) ID検索 注目ワード 住みたい田舎 子育て支援 昭和の町 ふるさと納税 休日当番医 ごみ検索 住民票・戸籍・印鑑登録 申請・届出 よくある質問 イベントカレンダー 一時保存する メニュー くらし・手続き 子育て・教育 健康・福祉 移住・定住 観光・イベント 市政 現在地 トップページ > 分類でさ
16	20	豊後高田市	慢性腎不全で人工透析などを受けるとき（国民健康保険）	https://www.city.bungotakada.oita.jp/site/kokuho/1667.html	慢性腎不全で人工透析などを受けるとき（国民健康保険） - 国民健康保険 - 豊後高田市ホームページ ページの先頭です。 メニューを飛ばして本文へ メニュー --> 豊後高田市の魅力 ヘルプ メニュー 本文へ 本文へ --> 検索 文字サイズ・色合い変更 文字サイズ 標準 拡大 背景色変更 白 黒 青 Translate 防災 当番医 サイト内 検索 Googleカスタム検索 詳しく さがす ID検索(ページの番号を入れてください) ID検索 注目ワード 住みたい田舎 子育て支援 昭和の町 ふるさと納税 休日当番医 ごみ検索 住民票・戸籍・印鑑登録 申請・届出 よくある質問 イベントカレンダー 一時保存する メニュー くらし・手続き 子育て・教育 健康・福祉 移住・定住 観光・イベント 市政 現在地 トップページ
16	20	豊後高田市	医療機関で10割支払ったとき（国民健康保険）	https://www.city.bungotakada.oita.jp/site/kokuho/1668.html	医療機関で10割支払ったとき（国民健康保険） - 国民健康保険 - 豊後高田市ホームページ ページの先頭です。 メニューを飛ばして本文へ メニュー --> 豊後高田市の魅力 ヘルプ メニュー 本文へ 本文へ --> 検索 文字サイズ・色合い変更 文字サイズ 標準 拡大 背景色変更 白 黒 青 Translate 防災 当番医 サイト内 検索 Googleカスタム検索 詳しく さがす ID検索(ページの番号を入れてください) ID検索 注目ワード 住みたい田舎 子育て支援 昭和の町 ふるさと納税 休日当番医 ごみ検索 住民票・戸籍・印鑑登録 申請・届出 よくある質問 イベントカレンダー 一時保存する メニュー くらし・手続き 子育て・教育 健康・福祉 移住・定住 観光・イベント 市政 現在地 トップページ > 国
16	20	豊後高田市	マイナンバーカードの保険証利用について	https://www.city.bungotakada.oita.jp/site/kokuho/3113.html	マイナンバーカードの保険証利用について - 国民健康保険 - 豊後高田市ホームページ ページの先頭です。 メニューを飛ばして本文へ メニュー --> 豊後高田市の魅力 ヘルプ メニュー 本文へ 本文へ --> 検索 文字サイズ・色合い変更 文字サイズ 標準 拡大 背景色変更 白 黒 青 Translate 防災 当番医 サイト内 検索 Googleカスタム検索 詳しく さがす ID検索(ページの番号を入れてください) ID検索 注目ワード 住みたい田舎 子育て支援 昭和の町 ふるさと納税 休日当番医 ごみ検索 住民票・戸籍・印鑑登録 申請・届出 よくある質問 イベントカレンダー 一時保存する メニュー くらし・手続き 子育て・教育 健康・福祉 移住・定住 観光・イベント 市政 現在地 トップページ > 分類でさ
16	20	豊後高田市	ジェネリック医薬品を知っていますか？	https://www.city.bungotakada.oita.jp/site/kokuho/2194.html	ジェネリック医薬品を知っていますか？ - 国民健康保険 - 豊後高田市ホームページ ページの先頭です。 メニューを飛ばして本文へ メニュー --> 豊後高田市の魅力 ヘルプ メニュー 本文へ 本文へ --> 検索 文字サイズ・色合い変更 文字サイズ 標準 拡大 背景色変更 白 黒 青 Translate 防災 当番医 サイト内 検索 Googleカスタム検索 詳しく さがす ID検索(ページの番号を入れてください) ID検索 注目ワード 住みたい田舎 子育て支援 昭和の町 ふるさと納税 休日当番医 ごみ検索 住民票・戸籍・印鑑登録 申請・届出 よくある質問 イベントカレンダー 一時保存する メニュー くらし・手続き 子育て・教育 健康・福祉 移住・定住 観光・イベント 市政 現在地 トップページ > 国民健康保
16	20	豊後高田市	介護予防事業（介護予防・日常生活支援総合事業）	https://www.city.bungotakada.oita.jp/site/kaigo/1618.html	介護予防事業（介護予防・日常生活支援総合事業） - 介護保険 - 豊後高田市ホームページ ページの先頭です。 メニューを飛ばして本文へ メニュー --> 豊後高田市の魅力 ヘルプ メニュー 本文へ 本文へ --> 検索 文字サイズ・色合い変更 文字サイズ 標準 拡大 背景色変更 白 黒 青 Translate 防災 当番医 サイト内 検索 Googleカスタム検索 詳しく さがす ID検索(ページの番号を入れてください) ID検索 注目ワード 住みたい田舎 子育て支援 昭和の町 ふるさと納税 休日当番医 ごみ検索 住民票・戸籍・印鑑登録 申請・届出 よくある質問 イベントカレンダー 一時保存する メニュー くらし・手続き 子育て・教育 健康・福祉 移住・定住 観光・イベント 市政 現在地 トップページ > 介護
16	20	豊後高田市	新婚・子育て世帯家賃応援金	https://www.city.bungotakada.oita.jp/soshiki/5/1929.html	新婚・子育て世帯家賃応援金 - 豊後高田市ホームページ ページの先頭です。 メニューを飛ばして本文へ メニュー --> 豊後高田市の魅力 ヘルプ メニュー 本文へ 本文へ --> 検索 文字サイズ・色合い変更 文字サイズ 標準 拡大 背景色変更 白 黒 青 Translate 防災 当番医 サイト内 検索 Googleカスタム検索 詳しく さがす ID検索(ページの番号を入れてください) ID検索 注目ワード 住みたい田舎 子育て支援 昭和の町 ふるさと納税 休日当番医 ごみ検索 住民票・戸籍・印鑑登録 申請・届出 よくある質問 イベントカレンダー 一時保存する メニュー くらし・手続き 子育て・教育 健康・福祉 移住・定住 観光・イベント 市政 現在地 トップページ > 分類でさがす > くらし > 移住定住
16	20	豊後高田市	水道の漏水について（自分でできる漏水の確認方法）	https://www.city.bungotakada.oita.jp/soshiki/20/2235.html	水道の漏水について（自分でできる漏水の確認方法） - 豊後高田市ホームページ ページの先頭です。 メニューを飛ばして本文へ メニュー --> 豊後高田市の魅力 ヘルプ メニュー 本文へ 本文へ --> 検索 文字サイズ・色合い変更 文字サイズ 標準 拡大 背景色変更 白 黒 青 Translate 防災 当番医 サイト内 検索 Googleカスタム検索 詳しく さがす ID検索(ページの番号を入れてください) ID検索 注目ワード 住みたい田舎 子育て支援 昭和の町 ふるさと納税 休日当番医 ごみ検索 住民票・戸籍・印鑑登録 申請・届出 よくある質問 イベントカレンダー 一時保存する メニュー くらし・手続き 子育て・教育 健康・福祉 移住・定住 観光・イベント 市政 現在地 トップページ > 分類でさがす >
16	18	津久見市	児童クラブ	https://www.city.tsukumi.oita.jp/site/kosodate/list91-446.html	児童クラブ - 津久見市子育て応援サイト「つくみっこ」 - 津久見市公式ホームページ ページの先頭です。 メニューを飛ばして本文へ メニュー 検索 本文へ はじめての方へ Foreign language 背景色・文字サイズ 背景色 白 黒 青 文字サイズ 標準 拡大 目的でさがす 年齢でさがす 施設 休日・夜間当番医 イベントカレンダー キーワード検索 現在地 トップページ > 津久見市子育て応援サイト「つくみっこ」 > 子育て関連施設 > 児童クラブ 本文 児童クラブ 2025年4月1日更新 放課後児童クラブ・児童館 2025年4月1日更新 放課後児童クラブの利用料全額助成について 目的でさがす 保育園・幼稚園に預けたい 子育て関連情報 健康管理 支援・助成 発達・障がい 目的でさがすの一覧 年齢でさがす
16	18	津久見市	大分県の最低賃金（地域別）について	https://www.city.tsukumi.oita.jp/soshiki/6/13923.html	大分県の最低賃金（地域別）について - 津久見市公式ホームページ ページの先頭です。 メニューを飛ばして本文へ メニュー 本文へ Foreign language 背景色・文字サイズ 背景色 白 黒 青 文字サイズ 標準 拡大 キーワード検索 詳細検索 分類でさがす 組織でさがす カレンダーでさがす 注目 防災 子育て マイナンバーカード ごみ くらし しごと 観光 市政・議会 現在地 トップページ > 組織でさがす > 本庁 > 商工観光・定住推進課 > 大分県の最低賃金（地域別）について 本文 大分県の最低賃金（地域別）について 印刷ページ表示 更新日：2025年11月26日更新 大分県最低賃金を「時間額1035円」に改定 大分県（地域別）最低賃金を、令和8年1月1日から現行の「時間額954 円」から「時間
16	18	豊後高田市	市県民税	https://www.city.bungotakada.oita.jp/life/1/2/6/	市県民税 - 豊後高田市ホームページ ページの先頭です。 メニューを飛ばして本文へ メニュー --> 豊後高田市の魅力 ヘルプ メニュー 本文へ 本文へ --> 検索 文字サイズ・色合い変更 文字サイズ 標準 拡大 背景色変更 白 黒 青 Translate 防災 当番医 サイト内 検索 Googleカスタム検索 詳しく さがす ID検索(ページの番号を入れてください) ID検索 注目ワード 住みたい田舎 子育て支援 昭和の町 ふるさと納税 休日当番医 ごみ検索 住民票・戸籍・印鑑登録 申請・届出 よくある質問 イベントカレンダー 一時保存する メニュー くらし・手続き 子育て・教育 健康・福祉 移住・定住 観光・イベント 市政 現在地 トップページ > 分類でさがす > くらし > 税金・公金 > 市県民税
16	17	臼杵市	移住支援	https://www.city.usuki.oita.jp/categories/shimin/iju/	移住支援 | 臼杵市役所 本文へ ふりがなをつける --> 文字の大きさ 拡大 標準 縮小 背景色 黒 青 標準 読み上げる 臼杵市 メニュー サイトマップ お問合せ 総合トップ 市民向け 観光 ふるさと納税 移住・定住 事業者向け TOP カテゴリ 市民向け 移住支援 移住支援 新着情報 地域おこし協力隊員（移住・定住担当）を募集します！ （ 2019年5月9日 ） 臼杵市に移住された方々が紹介されています！ （ 2019年4月12日 ） 移住・定住サポーターを募集します！ 地域おこし協力隊を紹介します 移住者向けのレンタカー借上料補助金をつくりました！ 臼杵市移住定住促進ポスター・移住ガイドブックが完成しました！ 臼杵市への移住・定住を応援します! 覚えてください、「臼」の字を！ 【フラット35】の運用を始
16	17	臼杵市	母子・父子のための福祉	https://www.city.usuki.oita.jp/categories/shimin/iryo/boshi_fushi/	母子・父子のための福祉 | 臼杵市役所 本文へ ふりがなをつける --> 文字の大きさ 拡大 標準 縮小 背景色 黒 青 標準 読み上げる 臼杵市 メニュー サイトマップ お問合せ 総合トップ 市民向け 観光 ふるさと納税 移住・定住 事業者向け TOP カテゴリ 市民向け 医療・健康・福祉・保険・年金 母子・父子のための福祉 母子・父子のための福祉 新着情報 児童扶養手当と障害基礎年金等の併給調整の見直しについて （ 2021年1月4日 ） 母子・父子・寡婦福祉資金の貸付制度 母子父子自立支援員 児童扶養手当 ひとり親家庭等医療費の助成 母子家庭等自立支援給付金制度 民法等の一部を改正する法律（父母の離婚後等の子の養育に関する見直し）について（共同親権） 市役所のご案内 サイトポリシー リンク・著作権・免責事
16	17	臼杵市	子育て支援策	https://www.city.usuki.oita.jp/categories/shimin/iju/kosodate/	子育て支援策 | 臼杵市役所 本文へ ふりがなをつける --> 文字の大きさ 拡大 標準 縮小 背景色 黒 青 標準 読み上げる 臼杵市 メニュー サイトマップ お問合せ 総合トップ 市民向け 観光 ふるさと納税 移住・定住 事業者向け TOP カテゴリ 市民向け 移住支援 子育て支援策 子育て支援策 妊娠・出産・育児 乳幼児健診 赤ちゃん訪問 母子健康手帳の交付・妊産婦健康診査について 不妊治療費助成制度 地域子育て支援拠点 子育て支援 子ども医療費助成制度 放課後児童クラブ 児童手当 病児・病後児保育 保育所・認定こども園 子育て高齢者世帯リフォーム支援事業 臼杵市ファミリー・サポート・センター事業 臼杵市子育て世帯訪問支援事業 市役所のご案内 サイトポリシー リンク・著作権・免責事項 個人情報の取り扱い
16	17	津久見市	新着情報	https://www.city.tsukumi.oita.jp/soshiki/list1-10.html	新着情報 - 津久見市公式ホームページ ページの先頭です。 メニューを飛ばして本文へ メニュー 本文へ Foreign language 背景色・文字サイズ 背景色 白 黒 青 文字サイズ 標準 拡大 キーワード検索 詳細検索 分類でさがす 組織でさがす カレンダーでさがす 注目 防災 子育て マイナンバーカード ごみ くらし しごと 観光 市政・議会 現在地 トップページ > 新着情報 本文 新着情報 2024年4月22日更新 津久見市庁舎整備に関する住民投票開票結果 2024年4月15日更新 地域少子化対策重点推進事業の計画を公表します 2024年4月11日更新 津久見市例規集について 2024年4月3日更新 津久見市浸水対策事業補助金 2024年4月1日更新 不育症治療費助成制度 2024年4月1日更新
15	24	臼杵市	子育て支援	https://www.city.usuki.oita.jp/categories/shimin/lifeevent/kosodate/shien/	子育て支援 | 臼杵市役所 本文へ ふりがなをつける --> 文字の大きさ 拡大 標準 縮小 背景色 黒 青 標準 読み上げる 臼杵市 メニュー サイトマップ お問合せ 総合トップ 市民向け 観光 ふるさと納税 移住・定住 事業者向け TOP カテゴリ 市民向け ライフイベント 妊娠・出産・子育て 子育て支援 子育て支援 新着情報 地域子育て支援拠点のおしらせ(7月) （ 2026年6月30日 ） 地域子育て支援拠点のおしらせ(6月) （ 2026年5月28日 ） 地域子育て支援拠点のおしらせ(5月) （ 2026年4月30日 ） 地域子育て支援拠点のおしらせ(４月) （ 2026年4月13日 ） 地域子育て支援拠点のおしらせ(３月) （ 2026年3月4日 ） 地域子育て支援拠点のおしらせ(2月) （ 202
15	24	津久見市	【令和８年度】木造住宅の耐震化をお考えの方へ	https://www.city.tsukumi.oita.jp/soshiki/12/10095.html	【令和８年度】木造住宅の耐震化をお考えの方へ - 津久見市公式ホームページ ページの先頭です。 メニューを飛ばして本文へ メニュー 本文へ Foreign language 背景色・文字サイズ 背景色 白 黒 青 文字サイズ 標準 拡大 キーワード検索 詳細検索 分類でさがす 組織でさがす カレンダーでさがす 注目 防災 子育て マイナンバーカード ごみ くらし しごと 観光 市政・議会 現在地 トップページ > 分類でさがす > くらしの情報 > ライフステージ > 子育て > 【令和８年度】木造住宅の耐震化をお考えの方へ 現在地 トップページ > 分類でさがす > くらしの情報 > まちづくり・コミュニティ > 定住促進 > 【令和８年度】木造住宅の耐震化をお考えの方へ 本文 【令和８年度】木造住宅の耐震化
15	24	津久見市	子宮頸がん予防ワクチンに関するお知らせ	https://www.city.tsukumi.oita.jp/site/kosodate/75.html	子宮頸がん予防ワクチンに関するお知らせ - 津久見市公式ホームページ ページの先頭です。 メニューを飛ばして本文へ メニュー 検索 本文へ はじめての方へ Foreign language 背景色・文字サイズ 背景色 白 黒 青 文字サイズ 標準 拡大 目的でさがす 年齢でさがす 施設 休日・夜間当番医 イベントカレンダー キーワード検索 現在地 トップページ > 分類でさがす > くらしの情報 > ライフステージ > 子育て > 津久見市子育て応援サイト「つくみっこ」 > 目的でさがす > 支援・助成 > 子宮頸がん予防ワクチンに関するお知らせ 本文 子宮頸がん予防ワクチンに関するお知らせ 印刷ページ表示 更新日：2022年8月17日更新 子宮頸がん予防（ヒトパピローマウイルス感染症）ワクチンの接種は平成２５
15	24	津久見市	こどもの予防接種	https://www.city.tsukumi.oita.jp/site/kosodate/15824.html	こどもの予防接種 - 津久見市公式ホームページ ページの先頭です。 メニューを飛ばして本文へ メニュー 検索 本文へ はじめての方へ Foreign language 背景色・文字サイズ 背景色 白 黒 青 文字サイズ 標準 拡大 目的でさがす 年齢でさがす 施設 休日・夜間当番医 イベントカレンダー キーワード検索 現在地 トップページ > 津久見市子育て応援サイト「つくみっこ」 > 目的でさがす > 健康管理 > こどもの予防接種 本文 こどもの予防接種 印刷ページ表示 更新日：2022年8月9日更新 こどもの予防接種 津久見市ではお子さんの感染症予防のために、定期接種をはじめ、任意接種にも力を入れています。 令和2年度からは、日本小児科学会が推奨する三種混合（ジフテリア・破傷風・百日咳）、不活化ポリオワク
15	24	豊後高田市	イベント・募集	https://www.city.bungotakada.oita.jp/soshiki/list5-1.html	イベント・募集 - 豊後高田市ホームページ ページの先頭です。 メニューを飛ばして本文へ メニュー --> 豊後高田市の魅力 ヘルプ メニュー 本文へ 本文へ --> 検索 文字サイズ・色合い変更 文字サイズ 標準 拡大 背景色変更 白 黒 青 Translate 防災 当番医 サイト内 検索 Googleカスタム検索 詳しく さがす ID検索(ページの番号を入れてください) ID検索 注目ワード 住みたい田舎 子育て支援 昭和の町 ふるさと納税 休日当番医 ごみ検索 住民票・戸籍・印鑑登録 申請・届出 よくある質問 イベントカレンダー 一時保存する メニュー くらし・手続き 子育て・教育 健康・福祉 移住・定住 観光・イベント 市政 現在地 トップページ > イベント・募集 本文 イベント・募集 2026年7
15	24	豊後高田市	土地・住まい	https://www.city.bungotakada.oita.jp/life/1/5/	土地・住まい - 豊後高田市ホームページ ページの先頭です。 メニューを飛ばして本文へ メニュー --> 豊後高田市の魅力 ヘルプ メニュー 本文へ 本文へ --> 検索 文字サイズ・色合い変更 文字サイズ 標準 拡大 背景色変更 白 黒 青 Translate 防災 当番医 サイト内 検索 Googleカスタム検索 詳しく さがす ID検索(ページの番号を入れてください) ID検索 注目ワード 住みたい田舎 子育て支援 昭和の町 ふるさと納税 休日当番医 ごみ検索 住民票・戸籍・印鑑登録 申請・届出 よくある質問 イベントカレンダー 一時保存する メニュー くらし・手続き 子育て・教育 健康・福祉 移住・定住 観光・イベント 市政 現在地 トップページ > 分類でさがす > くらし > 土地・住まい 本文 土
15	24	豊後高田市	市民課	https://www.city.bungotakada.oita.jp/soshiki/7/	市民課 - 豊後高田市ホームページ ページの先頭です。 メニューを飛ばして本文へ メニュー --> 豊後高田市の魅力 ヘルプ メニュー 本文へ 本文へ --> 検索 文字サイズ・色合い変更 文字サイズ 標準 拡大 背景色変更 白 黒 青 Translate 防災 当番医 サイト内 検索 Googleカスタム検索 詳しく さがす ID検索(ページの番号を入れてください) ID検索 注目ワード 住みたい田舎 子育て支援 昭和の町 ふるさと納税 休日当番医 ごみ検索 住民票・戸籍・印鑑登録 申請・届出 よくある質問 イベントカレンダー 一時保存する メニュー くらし・手続き 子育て・教育 健康・福祉 移住・定住 観光・イベント 市政 現在地 トップページ > 組織でさがす > 高田庁舎 > 市民課 本文 市民課 新着
15	24	豊後高田市	土地・住まい	https://www.city.bungotakada.oita.jp/life/1/5/index-2.html	土地・住まい - 豊後高田市ホームページ ページの先頭です。 メニューを飛ばして本文へ メニュー --> 豊後高田市の魅力 ヘルプ メニュー 本文へ 本文へ --> 検索 文字サイズ・色合い変更 文字サイズ 標準 拡大 背景色変更 白 黒 青 Translate 防災 当番医 サイト内 検索 Googleカスタム検索 詳しく さがす ID検索(ページの番号を入れてください) ID検索 注目ワード 住みたい田舎 子育て支援 昭和の町 ふるさと納税 休日当番医 ごみ検索 住民票・戸籍・印鑑登録 申請・届出 よくある質問 イベントカレンダー 一時保存する メニュー くらし・手続き 子育て・教育 健康・福祉 移住・定住 観光・イベント 市政 現在地 トップページ > 分類でさがす > くらし > 土地・住まい 本文 土
15	24	豊後高田市	適格請求書等保存方式（インボイス制度）への対応について	https://www.city.bungotakada.oita.jp/site/bungotakadacatv/list80-372.html	適格請求書等保存方式（インボイス制度）への対応について - 豊後高田市ケーブルネットワーク - 豊後高田市ホームページ ページの先頭です。 メニューを飛ばして本文へ メニュー --> 豊後高田市の魅力 ヘルプ メニュー 本文へ 本文へ --> 検索 文字サイズ・色合い変更 文字サイズ 標準 拡大 背景色変更 白 黒 青 Translate 防災 当番医 サイト内 検索 Googleカスタム検索 詳しく さがす ID検索(ページの番号を入れてください) ID検索 注目ワード 住みたい田舎 子育て支援 昭和の町 ふるさと納税 休日当番医 ごみ検索 住民票・戸籍・印鑑登録 申請・届出 よくある質問 イベントカレンダー 一時保存する メニュー くらし・手続き 子育て・教育 健康・福祉 移住・定住 観光・イベント 市政
15	24	豊後高田市	その他のお知らせ	https://www.city.bungotakada.oita.jp/site/bungotakadacatv/list80-379.html	その他のお知らせ - 豊後高田市ケーブルネットワーク - 豊後高田市ホームページ ページの先頭です。 メニューを飛ばして本文へ メニュー --> 豊後高田市の魅力 ヘルプ メニュー 本文へ 本文へ --> 検索 文字サイズ・色合い変更 文字サイズ 標準 拡大 背景色変更 白 黒 青 Translate 防災 当番医 サイト内 検索 Googleカスタム検索 詳しく さがす ID検索(ページの番号を入れてください) ID検索 注目ワード 住みたい田舎 子育て支援 昭和の町 ふるさと納税 休日当番医 ごみ検索 住民票・戸籍・印鑑登録 申請・届出 よくある質問 イベントカレンダー 一時保存する メニュー くらし・手続き 子育て・教育 健康・福祉 移住・定住 観光・イベント 市政 現在地 トップページ > 分類でさがす
15	24	豊後高田市	環境・衛生	https://www.city.bungotakada.oita.jp/life/1/10/index-2.html	環境・衛生 - 豊後高田市ホームページ ページの先頭です。 メニューを飛ばして本文へ メニュー --> 豊後高田市の魅力 ヘルプ メニュー 本文へ 本文へ --> 検索 文字サイズ・色合い変更 文字サイズ 標準 拡大 背景色変更 白 黒 青 Translate 防災 当番医 サイト内 検索 Googleカスタム検索 詳しく さがす ID検索(ページの番号を入れてください) ID検索 注目ワード 住みたい田舎 子育て支援 昭和の町 ふるさと納税 休日当番医 ごみ検索 住民票・戸籍・印鑑登録 申請・届出 よくある質問 イベントカレンダー 一時保存する メニュー くらし・手続き 子育て・教育 健康・福祉 移住・定住 観光・イベント 市政 現在地 トップページ > 分類でさがす > くらし > 環境・衛生 本文 環境・
15	19	臼杵市	臼杵市子ども・子育て支援事業計画（第1期）	https://www.city.usuki.oita.jp/docs/2014020500325/	臼杵市子ども・子育て支援事業計画（第1期） | 臼杵市役所 本文へ ふりがなをつける --> 文字の大きさ 拡大 標準 縮小 背景色 黒 青 標準 読み上げる 臼杵市 メニュー サイトマップ お問合せ 総合トップ 市民向け 観光 ふるさと納税 移住・定住 事業者向け 他のカテゴリも表示する TOP カテゴリ 市民向け 条例・計画・活動 各種計画 TOP カテゴリ 市民向け 医療・健康・福祉・保険・年金 子育て支援 TOP カテゴリ 市民向け ライフイベント 妊娠・出産・子育て 子ども子育て課からのお知らせ TOP カテゴリ 区分 コンテンツ 臼杵市子ども・子育て支援事業計画（第1期） 公開日 2019年2月14日 更新日 2021年4月1日 「臼杵市子ども・子育て支援事業計画（第1期）」は、平成27年4月に施行
15	19	臼杵市	臼杵市子ども・子育て支援事業計画（第２期）	https://www.city.usuki.oita.jp/docs/2020040600020/	臼杵市子ども・子育て支援事業計画（第２期） | 臼杵市役所 本文へ ふりがなをつける --> 文字の大きさ 拡大 標準 縮小 背景色 黒 青 標準 読み上げる 臼杵市 メニュー サイトマップ お問合せ 総合トップ 市民向け 観光 ふるさと納税 移住・定住 事業者向け 他のカテゴリも表示する TOP カテゴリ 市民向け 条例・計画・活動 各種計画 TOP カテゴリ 市民向け 医療・健康・福祉・保険・年金 子育て支援 TOP カテゴリ 市民向け ライフイベント 妊娠・出産・子育て 子ども子育て課からのお知らせ TOP カテゴリ 区分 コンテンツ 臼杵市子ども・子育て支援事業計画（第２期） 公開日 2020年4月7日 更新日 2025年8月1日 ⼦ども・⼦育て⽀援法に基づく「第2期⾅杵市⼦ども・⼦育て⽀援事業計画」の
15	19	竹田市	【介護保険】令和8年度介護職員等処遇改善加算等の算定について	https://www.city.taketa.oita.jp/kenko_fukushi/fukushi_kaigo/12253.html	【介護保険】令和8年度介護職員等処遇改善加算等の算定について／竹田市 スマートフォン版を表示 本文へ 文字サイズ 背景色変更 Foreign Language 目的別で探す 妊娠・出産 子育て 入園・入学 就職・退職 結婚・離婚 引越し・住まい 高齢・介護 おくやみ よく利用されるメニュー 手続き検索ナビ 申請書ダウンロード ごみ検索 イベントカレンダー お問い合わせ お問い合わせフォームへ よく見られるページ 関連施設等のページ 竹田市立図書館 竹田市総合文化ホール グランツたけた 竹田市歴史文化館 竹田市消防本部 くらし・ 手続き 健康・福祉 市政・ まちづくり 子育て・教育 産業・ 事業者向け情報 学び・ スポーツ 移住・定住 文化・歴史 ・観光 現在のページ ホーム 健康・福祉・人権 高齢者福祉・介護
15	16	臼杵市	教育・文化・生涯学習	https://www.city.usuki.oita.jp/categories/shimin/kyoiku/	教育・文化・生涯学習 | 臼杵市役所 本文へ ふりがなをつける --> 文字の大きさ 拡大 標準 縮小 背景色 黒 青 標準 読み上げる 臼杵市 メニュー サイトマップ お問合せ 総合トップ 市民向け 観光 ふるさと納税 移住・定住 事業者向け TOP カテゴリ 市民向け 教育・文化・生涯学習 教育・文化・生涯学習 新着情報 企業広告掲載スクールバス出発式を行いました （ 2026年5月13日 ） 第4次臼杵市こども読書活動推進計画を策定しました （ 2026年4月13日 ） 臼杵港緑地公園の遊具広場の愛称が「ふぐ公園」に決まりました！ （ 2025年10月24日 ） 令和７年４月から学校給食費無償化を行っています （ 2025年5月26日 ） 令和６年度臼杵市立小・中学校デジタル作品コンテストを開催しました！
15	16	杵築市	無料にしました（4つの子育てサービス）	https://www.city.kitsuki.lg.jp/soshiki/1/fukusi/kitsukikosodatesien/11776.html	無料にしました（4つの子育てサービス）／杵築市 スマートフォン版を表示 本文へ Foreign language 携帯サイト 文字サイズ 背景色 PCサイト Foreign language キーワードで探す トップページへ くらしの情報 健康・福祉 教育・子育て 観光・歴史 産業・ビジネス 市政・まちづくり 定住促進サイト ブランドサイト メニューを閉じる くらしの情報 健康･福祉 教育･子育て 観光･歴史 産業･ビジネス 市政･まちづくり キーワードで探す 子育て支援情報 こんなときには 転入・転出 妊娠・出産・子育て 入園・入学 就職・退職 結婚・離婚 高齢者・介護 終活・死亡・相続 税金 現在の位置 ホーム 組織で探す 市長部局 福祉事務所 子育て支援情報 無料にしました（4つの子育てサービス） 無料に
14	28	津久見市	ライフステージ	https://www.city.tsukumi.oita.jp/life/1/1/index-2.html	ライフステージ - 津久見市公式ホームページ ページの先頭です。 メニューを飛ばして本文へ メニュー 本文へ Foreign language 背景色・文字サイズ 背景色 白 黒 青 文字サイズ 標準 拡大 キーワード検索 詳細検索 分類でさがす 組織でさがす カレンダーでさがす 注目 防災 子育て マイナンバーカード ごみ くらし しごと 観光 市政・議会 現在地 トップページ > 分類でさがす > くらしの情報 > ライフステージ 本文 ライフステージ 新着情報 2026年7月10日更新 おおいた地域若者サポートステーション（県南常設サテライト） 2026年7月10日更新 ハローワーク新着情報 2026年6月1日更新 ミニ企業説明会 2026年4月24日更新 認定こども園・保育所・幼稚園の利用について 20
14	28	津久見市	産業振興	https://www.city.tsukumi.oita.jp/life/2/17/index-2.html	産業振興 - 津久見市公式ホームページ ページの先頭です。 メニューを飛ばして本文へ メニュー 本文へ Foreign language 背景色・文字サイズ 背景色 白 黒 青 文字サイズ 標準 拡大 キーワード検索 詳細検索 分類でさがす 組織でさがす カレンダーでさがす 注目 防災 子育て マイナンバーカード ごみ くらし しごと 観光 市政・議会 現在地 トップページ > 分類でさがす > しごとの情報 > 産業振興 本文 産業振興 新着情報 2026年7月10日更新 おおいた地域若者サポートステーション（県南常設サテライト） 2026年7月10日更新 ハローワーク新着情報 2026年6月29日更新 キャラクター「つくみん」のデザイン等使用について 2026年6月1日更新 ミニ企業説明会 2026年5月1
14	23	津久見市	生まれるまで	https://www.city.tsukumi.oita.jp/site/kosodate/list90-333.html	生まれるまで - 津久見市子育て応援サイト「つくみっこ」 - 津久見市公式ホームページ ページの先頭です。 メニューを飛ばして本文へ メニュー 検索 本文へ はじめての方へ Foreign language 背景色・文字サイズ 背景色 白 黒 青 文字サイズ 標準 拡大 目的でさがす 年齢でさがす 施設 休日・夜間当番医 イベントカレンダー キーワード検索 現在地 トップページ > 津久見市子育て応援サイト「つくみっこ」 > 年齢でさがす > 生まれるまで 本文 生まれるまで 2026年6月26日更新 ７月の津久見市の子育て関連イベントです！ 2026年4月1日更新 こども誰でも通園制度の利用について 2025年4月1日更新 妊婦のための支援給付 2024年4月1日更新 妊産婦健康診査 2024年4月1日更新
14	23	豊後高田市	就労情報	https://www.city.bungotakada.oita.jp/life/1/19/64/	就労情報 - 豊後高田市ホームページ ページの先頭です。 メニューを飛ばして本文へ メニュー --> 豊後高田市の魅力 ヘルプ メニュー 本文へ 本文へ --> 検索 文字サイズ・色合い変更 文字サイズ 標準 拡大 背景色変更 白 黒 青 Translate 防災 当番医 サイト内 検索 Googleカスタム検索 詳しく さがす ID検索(ページの番号を入れてください) ID検索 注目ワード 住みたい田舎 子育て支援 昭和の町 ふるさと納税 休日当番医 ごみ検索 住民票・戸籍・印鑑登録 申請・届出 よくある質問 イベントカレンダー 一時保存する メニュー くらし・手続き 子育て・教育 健康・福祉 移住・定住 観光・イベント 市政 現在地 トップページ > 分類でさがす > くらし > 移住定住情報 > 就労情報
14	23	豊後高田市	住宅支援	https://www.city.bungotakada.oita.jp/life/1/19/66/	住宅支援 - 豊後高田市ホームページ ページの先頭です。 メニューを飛ばして本文へ メニュー --> 豊後高田市の魅力 ヘルプ メニュー 本文へ 本文へ --> 検索 文字サイズ・色合い変更 文字サイズ 標準 拡大 背景色変更 白 黒 青 Translate 防災 当番医 サイト内 検索 Googleカスタム検索 詳しく さがす ID検索(ページの番号を入れてください) ID検索 注目ワード 住みたい田舎 子育て支援 昭和の町 ふるさと納税 休日当番医 ごみ検索 住民票・戸籍・印鑑登録 申請・届出 よくある質問 イベントカレンダー 一時保存する メニュー くらし・手続き 子育て・教育 健康・福祉 移住・定住 観光・イベント 市政 現在地 トップページ > 分類でさがす > くらし > 移住定住情報 > 住宅支援
14	23	豊後高田市	子どもの予防接種	https://www.city.bungotakada.oita.jp/life/3/24/77/	子どもの予防接種 - 豊後高田市ホームページ ページの先頭です。 メニューを飛ばして本文へ メニュー --> 豊後高田市の魅力 ヘルプ メニュー 本文へ 本文へ --> 検索 文字サイズ・色合い変更 文字サイズ 標準 拡大 背景色変更 白 黒 青 Translate 防災 当番医 サイト内 検索 Googleカスタム検索 詳しく さがす ID検索(ページの番号を入れてください) ID検索 注目ワード 住みたい田舎 子育て支援 昭和の町 ふるさと納税 休日当番医 ごみ検索 住民票・戸籍・印鑑登録 申請・届出 よくある質問 イベントカレンダー 一時保存する メニュー くらし・手続き 子育て・教育 健康・福祉 移住・定住 観光・イベント 市政 現在地 トップページ > 分類でさがす > 医療・健康・福祉 > 予防接種
14	23	豊後高田市	任意予防接種助成	https://www.city.bungotakada.oita.jp/life/3/24/78/	任意予防接種助成 - 豊後高田市ホームページ ページの先頭です。 メニューを飛ばして本文へ メニュー --> 豊後高田市の魅力 ヘルプ メニュー 本文へ 本文へ --> 検索 文字サイズ・色合い変更 文字サイズ 標準 拡大 背景色変更 白 黒 青 Translate 防災 当番医 サイト内 検索 Googleカスタム検索 詳しく さがす ID検索(ページの番号を入れてください) ID検索 注目ワード 住みたい田舎 子育て支援 昭和の町 ふるさと納税 休日当番医 ごみ検索 住民票・戸籍・印鑑登録 申請・届出 よくある質問 イベントカレンダー 一時保存する メニュー くらし・手続き 子育て・教育 健康・福祉 移住・定住 観光・イベント 市政 現在地 トップページ > 分類でさがす > 医療・健康・福祉 > 予防接種
14	23	豊後高田市	福祉サービス	https://www.city.bungotakada.oita.jp/life/3/27/169/	福祉サービス - 豊後高田市ホームページ ページの先頭です。 メニューを飛ばして本文へ メニュー --> 豊後高田市の魅力 ヘルプ メニュー 本文へ 本文へ --> 検索 文字サイズ・色合い変更 文字サイズ 標準 拡大 背景色変更 白 黒 青 Translate 防災 当番医 サイト内 検索 Googleカスタム検索 詳しく さがす ID検索(ページの番号を入れてください) ID検索 注目ワード 住みたい田舎 子育て支援 昭和の町 ふるさと納税 休日当番医 ごみ検索 住民票・戸籍・印鑑登録 申請・届出 よくある質問 イベントカレンダー 一時保存する メニュー くらし・手続き 子育て・教育 健康・福祉 移住・定住 観光・イベント 市政 現在地 トップページ > 分類でさがす > 医療・健康・福祉 > 高齢者福祉
14	23	豊後高田市	日常生活用具・補装具	https://www.city.bungotakada.oita.jp/life/3/28/91/	日常生活用具・補装具 - 豊後高田市ホームページ ページの先頭です。 メニューを飛ばして本文へ メニュー --> 豊後高田市の魅力 ヘルプ メニュー 本文へ 本文へ --> 検索 文字サイズ・色合い変更 文字サイズ 標準 拡大 背景色変更 白 黒 青 Translate 防災 当番医 サイト内 検索 Googleカスタム検索 詳しく さがす ID検索(ページの番号を入れてください) ID検索 注目ワード 住みたい田舎 子育て支援 昭和の町 ふるさと納税 休日当番医 ごみ検索 住民票・戸籍・印鑑登録 申請・届出 よくある質問 イベントカレンダー 一時保存する メニュー くらし・手続き 子育て・教育 健康・福祉 移住・定住 観光・イベント 市政 現在地 トップページ > 分類でさがす > 医療・健康・福祉 > 障が
14	22	杵築市	杵築市お試し住宅（大田ハウス）	https://www.city.kitsuki.lg.jp/soshiki/1/machidukuri/ijuuteijuusokusinn/9177.html	杵築市お試し住宅（大田ハウス）／杵築市 スマートフォン版を表示 本文へ Foreign language 携帯サイト 文字サイズ 背景色 PCサイト Foreign language キーワードで探す トップページへ くらしの情報 健康・福祉 教育・子育て 観光・歴史 産業・ビジネス 市政・まちづくり 定住促進サイト ブランドサイト メニューを閉じる くらしの情報 健康･福祉 教育･子育て 観光･歴史 産業･ビジネス 市政･まちづくり キーワードで探す 移住・定住促進 こんなときには 転入・転出 妊娠・出産・子育て 入園・入学 就職・退職 結婚・離婚 高齢者・介護 終活・死亡・相続 税金 現在の位置 ホーム 組織で探す 市長部局 協働のまちづくり課 移住・定住促進 杵築市お試し住宅（大田ハウス） 杵築市お試し住
14	18	臼杵市	「第９弾臼杵市プレミアム付商品券」二次申込のお知らせ	https://www.city.usuki.oita.jp/article/2026061900064/	「第９弾臼杵市プレミアム付商品券」二次申込のお知らせ | 臼杵市役所 本文へ ふりがなをつける --> 文字の大きさ 拡大 標準 縮小 背景色 黒 青 標準 読み上げる 臼杵市 メニュー サイトマップ お問合せ 総合トップ 市民向け 観光 ふるさと納税 移住・定住 事業者向け 他のカテゴリも表示する TOP カテゴリ 市民向け 臼杵の紹介 産業 TOP カテゴリ 区分 新着情報 「第９弾臼杵市プレミアム付商品券」二次申込のお知らせ 公開日 2026年6月19日 更新日 2026年6月22日 令和8年6月の「臼杵市プレミアム付商品券」事前申込みにおいて、デジタル（電子）商品券の申込数が発行数（24,000口）に満たなかったため、二次申込を実施します。 二次申込では大分県民も購入することができます。 また、 一次申
14	18	臼杵市	予防接種の種類と対象年齢	https://www.city.usuki.oita.jp/docs/2014071700019/	予防接種の種類と対象年齢 | 臼杵市役所 本文へ ふりがなをつける --> 文字の大きさ 拡大 標準 縮小 背景色 黒 青 標準 読み上げる 臼杵市 メニュー サイトマップ お問合せ 総合トップ 市民向け 観光 ふるさと納税 移住・定住 事業者向け 他のカテゴリも表示する TOP カテゴリ 市民向け 医療・健康・福祉・保険・年金 予防接種 TOP カテゴリ 区分 コンテンツ 予防接種の種類と対象年齢 公開日 2019年2月12日 更新日 2025年12月11日 予防接種実施医療機関 予防接種の対象年齢と接種間隔 定期予防接種の対象年齢については、予防接種の種類によって「◯歳に至った日」と「◯歳未満」があります。 「◯歳に至った日」の考え方 誕生日の前日(24時)に1歳年をとると考えるので、平成29年4月1日生ま
14	18	臼杵市	HPV（子宮頸がん予防）ワクチンの定期接種について	https://www.city.usuki.oita.jp/docs/2021021700012/	HPV（子宮頸がん予防）ワクチンの定期接種について | 臼杵市役所 本文へ ふりがなをつける --> 文字の大きさ 拡大 標準 縮小 背景色 黒 青 標準 読み上げる 臼杵市 メニュー サイトマップ お問合せ 総合トップ 市民向け 観光 ふるさと納税 移住・定住 事業者向け 他のカテゴリも表示する TOP カテゴリ 市民向け 医療・健康・福祉・保険・年金 予防接種 TOP カテゴリ 市民向け ライフイベント 妊娠・出産・子育て 子どもの健康 TOP カテゴリ 区分 コンテンツ HPV（子宮頸がん予防）ワクチンの定期接種について 公開日 2021年2月19日 更新日 2026年5月7日 定期接種について (小学6年生～高校1年生相当の女性) キャッチアップ接種について 接種の方法（ワクチンの種類） 接種を受ける場
14	18	竹田市	介護保険関係申請書類について	https://www.city.taketa.oita.jp/kenko_fukushi/fukushi_kaigo/9642.html	介護保険関係申請書類について／竹田市 スマートフォン版を表示 本文へ 文字サイズ 背景色変更 Foreign Language 目的別で探す 妊娠・出産 子育て 入園・入学 就職・退職 結婚・離婚 引越し・住まい 高齢・介護 おくやみ よく利用されるメニュー 手続き検索ナビ 申請書ダウンロード ごみ検索 イベントカレンダー お問い合わせ お問い合わせフォームへ よく見られるページ 関連施設等のページ 竹田市立図書館 竹田市総合文化ホール グランツたけた 竹田市歴史文化館 竹田市消防本部 くらし・ 手続き 健康・福祉 市政・ まちづくり 子育て・教育 産業・ 事業者向け情報 学び・ スポーツ 移住・定住 文化・歴史 ・観光 現在のページ ホーム 健康・福祉・人権 高齢者福祉・介護 介護保険関係申請書類について 介
14	18	竹田市	こどもの予防接種	https://www.city.taketa.oita.jp/kosodate_kyoiku/kenshin_yobosesshu/4948.html	こどもの予防接種／竹田市 スマートフォン版を表示 本文へ 文字サイズ 背景色変更 Foreign Language 目的別で探す 妊娠・出産 子育て 入園・入学 就職・退職 結婚・離婚 引越し・住まい 高齢・介護 おくやみ よく利用されるメニュー 手続き検索ナビ 申請書ダウンロード ごみ検索 イベントカレンダー お問い合わせ お問い合わせフォームへ よく見られるページ 関連施設等のページ 竹田市立図書館 竹田市総合文化ホール グランツたけた 竹田市歴史文化館 竹田市消防本部 くらし・ 手続き 健康・福祉 市政・ まちづくり 子育て・教育 産業・ 事業者向け情報 学び・ スポーツ 移住・定住 文化・歴史 ・観光 現在のページ ホーム 子育て・教育 健康・医療 こどもの予防接種 こどもの予防接種 Tweet 更新日
14	18	竹田市	こどもの予防接種	https://www.city.taketa.oita.jp/life_scene/kenkouiryou/10865.html	こどもの予防接種／竹田市 スマートフォン版を表示 本文へ 文字サイズ 背景色変更 Foreign Language 目的別で探す 妊娠・出産 子育て 入園・入学 就職・退職 結婚・離婚 引越し・住まい 高齢・介護 おくやみ よく利用されるメニュー 手続き検索ナビ 申請書ダウンロード ごみ検索 イベントカレンダー お問い合わせ お問い合わせフォームへ よく見られるページ 関連施設等のページ 竹田市立図書館 竹田市総合文化ホール グランツたけた 竹田市歴史文化館 竹田市消防本部 くらし・ 手続き 健康・福祉 市政・ まちづくり 子育て・教育 産業・ 事業者向け情報 学び・ スポーツ 移住・定住 文化・歴史 ・観光 現在のページ ホーム ライフシーンから探す 健康・医療 こどもの予防接種 こどもの予防接種 Tweet
14	18	津久見市	放課後児童クラブ・児童館	https://www.city.tsukumi.oita.jp/site/kosodate/274.html	放課後児童クラブ・児童館 - 津久見市公式ホームページ ページの先頭です。 メニューを飛ばして本文へ メニュー 検索 本文へ はじめての方へ Foreign language 背景色・文字サイズ 背景色 白 黒 青 文字サイズ 標準 拡大 目的でさがす 年齢でさがす 施設 休日・夜間当番医 イベントカレンダー キーワード検索 現在地 トップページ > 分類でさがす > くらしの情報 > ライフステージ > 子育て > 津久見市子育て応援サイト「つくみっこ」 > 年齢でさがす > 小学生から > 放課後児童クラブ・児童館 本文 放課後児童クラブ・児童館 印刷ページ表示 更新日：2025年4月1日更新 放課後児童クラブ・児童館 放課後児童クラブ ■放課後児童健全育成事業 保護者の就労などにより、昼間保護者のいない家
14	18	津久見市	消防団員募集	https://www.city.tsukumi.oita.jp/soshiki/27/1412.html	消防団員募集 - 津久見市公式ホームページ ページの先頭です。 メニューを飛ばして本文へ メニュー 本文へ Foreign language 背景色・文字サイズ 背景色 白 黒 青 文字サイズ 標準 拡大 キーワード検索 詳細検索 分類でさがす 組織でさがす カレンダーでさがす 注目 防災 子育て マイナンバーカード ごみ くらし しごと 観光 市政・議会 現在地 トップページ > 組織でさがす > 消防庁舎 > 消防本部 > 消防団員募集 本文 消防団員募集 印刷ページ表示 更新日：2025年6月24日更新 消防団とは？ 本業を持ちながら「自分たちの町は自分たちで守る」という郷土愛護の精神に基づき、地域住民を中心に組織されており、市町村の消防機関の一つとして、全国ほぼすべての市町村に設置されています。消防団員
14	18	津久見市	生涯学習関連施設	https://www.city.tsukumi.oita.jp/soshiki/25/123.html	生涯学習関連施設 - 津久見市公式ホームページ ページの先頭です。 メニューを飛ばして本文へ メニュー 本文へ Foreign language 背景色・文字サイズ 背景色 白 黒 青 文字サイズ 標準 拡大 キーワード検索 詳細検索 分類でさがす 組織でさがす カレンダーでさがす 注目 防災 子育て マイナンバーカード ごみ くらし しごと 観光 市政・議会 現在地 トップページ > 分類でさがす > 市政情報 > 市の組織・施設案内 > 市民会館・公民館 > 生涯学習関連施設 本文 生涯学習関連施設 印刷ページ表示 更新日：2016年3月24日更新 津久見市公民館 ●住所 郵便番号 879-2443 津久見市セメント町1番26号 電話番号 0972-82-2469 ●利用時間 第2・第4月曜日と祝祭日を除く
14	18	津久見市	津久見市ファミリー・サポート・センター	https://www.city.tsukumi.oita.jp/site/kosodate/19311.html	津久見市ファミリー・サポート・センター - 津久見市公式ホームページ ページの先頭です。 メニューを飛ばして本文へ メニュー 検索 本文へ はじめての方へ Foreign language 背景色・文字サイズ 背景色 白 黒 青 文字サイズ 標準 拡大 目的でさがす 年齢でさがす 施設 休日・夜間当番医 イベントカレンダー キーワード検索 現在地 トップページ > 津久見市子育て応援サイト「つくみっこ」 > 目的でさがす > 支援・助成 > 津久見市ファミリー・サポート・センター 本文 津久見市ファミリー・サポート・センター 印刷ページ表示 更新日：2022年9月9日更新 ファミサポチラシ（両面） [PDFファイル／509KB] ○ファミサポとは &hellip;地域で子育て世帯を支援する事業です。主なサービス
14	18	豊後高田市	第11弾プレミアム商品券販売開始セレモニーを開催しました	https://www.city.bungotakada.oita.jp/site/dekigoto/43228.html	第11弾プレミアム商品券販売開始セレモニーを開催しました - 今日の出来事 - 豊後高田市ホームページ ページの先頭です。 メニューを飛ばして本文へ メニュー --> 豊後高田市の魅力 ヘルプ メニュー 本文へ 本文へ --> 検索 文字サイズ・色合い変更 文字サイズ 標準 拡大 背景色変更 白 黒 青 Translate 防災 当番医 サイト内 検索 Googleカスタム検索 詳しく さがす ID検索(ページの番号を入れてください) ID検索 注目ワード 住みたい田舎 子育て支援 昭和の町 ふるさと納税 休日当番医 ごみ検索 住民票・戸籍・印鑑登録 申請・届出 よくある質問 イベントカレンダー 一時保存する メニュー くらし・手続き 子育て・教育 健康・福祉 移住・定住 観光・イベント 市政 現在地 トップペ
14	18	豊後高田市	空き家マッチング奨励事業	https://www.city.bungotakada.oita.jp/soshiki/5/1649.html	空き家マッチング奨励事業 - 豊後高田市ホームページ ページの先頭です。 メニューを飛ばして本文へ メニュー --> 豊後高田市の魅力 ヘルプ メニュー 本文へ 本文へ --> 検索 文字サイズ・色合い変更 文字サイズ 標準 拡大 背景色変更 白 黒 青 Translate 防災 当番医 サイト内 検索 Googleカスタム検索 詳しく さがす ID検索(ページの番号を入れてください) ID検索 注目ワード 住みたい田舎 子育て支援 昭和の町 ふるさと納税 休日当番医 ごみ検索 住民票・戸籍・印鑑登録 申請・届出 よくある質問 イベントカレンダー 一時保存する メニュー くらし・手続き 子育て・教育 健康・福祉 移住・定住 観光・イベント 市政 現在地 トップページ > 分類でさがす > くらし > 土地・住ま
14	18	豊後高田市	国民健康保険税の軽減について	https://www.city.bungotakada.oita.jp/soshiki/6/1631.html	国民健康保険税の軽減について - 豊後高田市ホームページ ページの先頭です。 メニューを飛ばして本文へ メニュー --> 豊後高田市の魅力 ヘルプ メニュー 本文へ 本文へ --> 検索 文字サイズ・色合い変更 文字サイズ 標準 拡大 背景色変更 白 黒 青 Translate 防災 当番医 サイト内 検索 Googleカスタム検索 詳しく さがす ID検索(ページの番号を入れてください) ID検索 注目ワード 住みたい田舎 子育て支援 昭和の町 ふるさと納税 休日当番医 ごみ検索 住民票・戸籍・印鑑登録 申請・届出 よくある質問 イベントカレンダー 一時保存する メニュー くらし・手続き 子育て・教育 健康・福祉 移住・定住 観光・イベント 市政 現在地 トップページ > 分類でさがす > くらし > 税金・
14	18	豊後高田市	令和8年度分（令和7年中）所得申告のご案内	https://www.city.bungotakada.oita.jp/soshiki/6/13037.html	令和8年度分（令和7年中）所得申告のご案内 - 豊後高田市ホームページ ページの先頭です。 メニューを飛ばして本文へ メニュー --> 豊後高田市の魅力 ヘルプ メニュー 本文へ 本文へ --> 検索 文字サイズ・色合い変更 文字サイズ 標準 拡大 背景色変更 白 黒 青 Translate 防災 当番医 サイト内 検索 Googleカスタム検索 詳しく さがす ID検索(ページの番号を入れてください) ID検索 注目ワード 住みたい田舎 子育て支援 昭和の町 ふるさと納税 休日当番医 ごみ検索 住民票・戸籍・印鑑登録 申請・届出 よくある質問 イベントカレンダー 一時保存する メニュー くらし・手続き 子育て・教育 健康・福祉 移住・定住 観光・イベント 市政 現在地 トップページ > 分類でさがす > くら
14	18	豊後高田市	介護支援ボランティア事業	https://www.city.bungotakada.oita.jp/site/kaigo/41642.html	介護支援ボランティア事業 - 介護保険 - 豊後高田市ホームページ ページの先頭です。 メニューを飛ばして本文へ メニュー --> 豊後高田市の魅力 ヘルプ メニュー 本文へ 本文へ --> 検索 文字サイズ・色合い変更 文字サイズ 標準 拡大 背景色変更 白 黒 青 Translate 防災 当番医 サイト内 検索 Googleカスタム検索 詳しく さがす ID検索(ページの番号を入れてください) ID検索 注目ワード 住みたい田舎 子育て支援 昭和の町 ふるさと納税 休日当番医 ごみ検索 住民票・戸籍・印鑑登録 申請・届出 よくある質問 イベントカレンダー 一時保存する メニュー くらし・手続き 子育て・教育 健康・福祉 移住・定住 観光・イベント 市政 現在地 トップページ > 分類でさがす > くらし
14	18	豊後高田市	介護支援ボランティア事業	https://www.city.bungotakada.oita.jp/soshiki/8/41642.html	介護支援ボランティア事業 - 豊後高田市ホームページ ページの先頭です。 メニューを飛ばして本文へ メニュー --> 豊後高田市の魅力 ヘルプ メニュー 本文へ 本文へ --> 検索 文字サイズ・色合い変更 文字サイズ 標準 拡大 背景色変更 白 黒 青 Translate 防災 当番医 サイト内 検索 Googleカスタム検索 詳しく さがす ID検索(ページの番号を入れてください) ID検索 注目ワード 住みたい田舎 子育て支援 昭和の町 ふるさと納税 休日当番医 ごみ検索 住民票・戸籍・印鑑登録 申請・届出 よくある質問 イベントカレンダー 一時保存する メニュー くらし・手続き 子育て・教育 健康・福祉 移住・定住 観光・イベント 市政 現在地 トップページ > 分類でさがす > くらし > 年金・保険
14	18	豊後高田市	介護保険サービスを利用するには	https://www.city.bungotakada.oita.jp/site/kaigo/1615.html	介護保険サービスを利用するには - 介護保険 - 豊後高田市ホームページ ページの先頭です。 メニューを飛ばして本文へ メニュー --> 豊後高田市の魅力 ヘルプ メニュー 本文へ 本文へ --> 検索 文字サイズ・色合い変更 文字サイズ 標準 拡大 背景色変更 白 黒 青 Translate 防災 当番医 サイト内 検索 Googleカスタム検索 詳しく さがす ID検索(ページの番号を入れてください) ID検索 注目ワード 住みたい田舎 子育て支援 昭和の町 ふるさと納税 休日当番医 ごみ検索 住民票・戸籍・印鑑登録 申請・届出 よくある質問 イベントカレンダー 一時保存する メニュー くらし・手続き 子育て・教育 健康・福祉 移住・定住 観光・イベント 市政 現在地 トップページ > 介護保険 > 介護保
14	18	豊後高田市	介護職員処遇改善加算等に関する届出について	https://www.city.bungotakada.oita.jp/site/kaigo/13593.html	介護職員処遇改善加算等に関する届出について - 介護保険 - 豊後高田市ホームページ ページの先頭です。 メニューを飛ばして本文へ メニュー --> 豊後高田市の魅力 ヘルプ メニュー 本文へ 本文へ --> 検索 文字サイズ・色合い変更 文字サイズ 標準 拡大 背景色変更 白 黒 青 Translate 防災 当番医 サイト内 検索 Googleカスタム検索 詳しく さがす ID検索(ページの番号を入れてください) ID検索 注目ワード 住みたい田舎 子育て支援 昭和の町 ふるさと納税 休日当番医 ごみ検索 住民票・戸籍・印鑑登録 申請・届出 よくある質問 イベントカレンダー 一時保存する メニュー くらし・手続き 子育て・教育 健康・福祉 移住・定住 観光・イベント 市政 現在地 トップページ > 分類でさ
14	18	豊後高田市	分譲団地情報（北田分譲団地）	https://www.city.bungotakada.oita.jp/soshiki/5/2256.html	分譲団地情報（北田分譲団地） - 豊後高田市ホームページ ページの先頭です。 メニューを飛ばして本文へ メニュー --> 豊後高田市の魅力 ヘルプ メニュー 本文へ 本文へ --> 検索 文字サイズ・色合い変更 文字サイズ 標準 拡大 背景色変更 白 黒 青 Translate 防災 当番医 サイト内 検索 Googleカスタム検索 詳しく さがす ID検索(ページの番号を入れてください) ID検索 注目ワード 住みたい田舎 子育て支援 昭和の町 ふるさと納税 休日当番医 ごみ検索 住民票・戸籍・印鑑登録 申請・届出 よくある質問 イベントカレンダー 一時保存する メニュー くらし・手続き 子育て・教育 健康・福祉 移住・定住 観光・イベント 市政 現在地 トップページ > 分類でさがす > くらし > 土地・
14	18	豊後高田市	循環型社会形成推進地域計画（浄化槽設置整備事業）に係る目標達成状況の公表について	https://www.city.bungotakada.oita.jp/soshiki/13/36225.html	循環型社会形成推進地域計画（浄化槽設置整備事業）に係る目標達成状況の公表について - 豊後高田市ホームページ ページの先頭です。 メニューを飛ばして本文へ メニュー --> 豊後高田市の魅力 ヘルプ メニュー 本文へ 本文へ --> 検索 文字サイズ・色合い変更 文字サイズ 標準 拡大 背景色変更 白 黒 青 Translate 防災 当番医 サイト内 検索 Googleカスタム検索 詳しく さがす ID検索(ページの番号を入れてください) ID検索 注目ワード 住みたい田舎 子育て支援 昭和の町 ふるさと納税 休日当番医 ごみ検索 住民票・戸籍・印鑑登録 申請・届出 よくある質問 イベントカレンダー 一時保存する メニュー くらし・手続き 子育て・教育 健康・福祉 移住・定住 観光・イベント 市政 現在地 ト
14	17	竹田市	生活にお困りの方への支援制度	https://www.city.taketa.oita.jp/kenko_fukushi/seikatusien/index.html	生活にお困りの方への支援制度／竹田市 スマートフォン版を表示 本文へ 文字サイズ 背景色変更 Foreign Language 目的別で探す 妊娠・出産 子育て 入園・入学 就職・退職 結婚・離婚 引越し・住まい 高齢・介護 おくやみ よく利用されるメニュー 手続き検索ナビ 申請書ダウンロード ごみ検索 イベントカレンダー お問い合わせ お問い合わせフォームへ よく見られるページ 関連施設等のページ 竹田市立図書館 竹田市総合文化ホール グランツたけた 竹田市歴史文化館 竹田市消防本部 くらし・ 手続き 健康・福祉 市政・ まちづくり 子育て・教育 産業・ 事業者向け情報 学び・ スポーツ 移住・定住 文化・歴史 ・観光 現在のページ ホーム 健康・福祉・人権 生活にお困りの方への支援制度 生活にお困りの方への
14	16	津久見市	老齢基礎年金	https://www.city.tsukumi.oita.jp/soshiki/4/32233.html	老齢基礎年金 - 津久見市公式ホームページ ページの先頭です。 メニューを飛ばして本文へ メニュー 本文へ Foreign language 背景色・文字サイズ 背景色 白 黒 青 文字サイズ 標準 拡大 キーワード検索 詳細検索 分類でさがす 組織でさがす カレンダーでさがす 注目 防災 子育て マイナンバーカード ごみ くらし しごと 観光 市政・議会 現在地 トップページ > 分類でさがす > くらしの情報 > 保険・年金 > 国民年金 > 老齢基礎年金 本文 老齢基礎年金 印刷ページ表示 更新日：2026年4月1日更新 老齢基礎年金 老齢基礎年金について 保険料を納めた期間（保険料免除期間を含む）が原則10年以上ある人が、65歳になってから受けられるのが老齢基礎年金です。 ■年金を受けるために必要な期間
14	16	豊後高田市	軽自動車税（登録・廃車手続）	https://www.city.bungotakada.oita.jp/life/1/2/7/	軽自動車税（登録・廃車手続） - 豊後高田市ホームページ ページの先頭です。 メニューを飛ばして本文へ メニュー --> 豊後高田市の魅力 ヘルプ メニュー 本文へ 本文へ --> 検索 文字サイズ・色合い変更 文字サイズ 標準 拡大 背景色変更 白 黒 青 Translate 防災 当番医 サイト内 検索 Googleカスタム検索 詳しく さがす ID検索(ページの番号を入れてください) ID検索 注目ワード 住みたい田舎 子育て支援 昭和の町 ふるさと納税 休日当番医 ごみ検索 住民票・戸籍・印鑑登録 申請・届出 よくある質問 イベントカレンダー 一時保存する メニュー くらし・手続き 子育て・教育 健康・福祉 移住・定住 観光・イベント 市政 現在地 トップページ > 分類でさがす > くらし > 税金・
13	22	津久見市	国民健康保険税について	https://www.city.tsukumi.oita.jp/soshiki/4/86.html	国民健康保険税について - 津久見市公式ホームページ ページの先頭です。 メニューを飛ばして本文へ メニュー 本文へ Foreign language 背景色・文字サイズ 背景色 白 黒 青 文字サイズ 標準 拡大 キーワード検索 詳細検索 分類でさがす 組織でさがす カレンダーでさがす 注目 防災 子育て マイナンバーカード ごみ くらし しごと 観光 市政・議会 現在地 トップページ > 分類でさがす > くらしの情報 > 税金 > その他の税 > 国民健康保険税について 本文 国民健康保険税について 印刷ページ表示 更新日：2026年6月12日更新 国民健康保険税について 国保のしくみ 健康でしあわせな生活を送ることはすべての人の願いです。しかし、人は誰でも病気になったり、ケガをしたりすることがあります。
13	22	津久見市	乳児一般健康診査（個別）	https://www.city.tsukumi.oita.jp/site/kosodate/23875.html	乳児一般健康診査（個別） - 津久見市公式ホームページ ページの先頭です。 メニューを飛ばして本文へ メニュー 検索 本文へ はじめての方へ Foreign language 背景色・文字サイズ 背景色 白 黒 青 文字サイズ 標準 拡大 目的でさがす 年齢でさがす 施設 休日・夜間当番医 イベントカレンダー キーワード検索 現在地 トップページ > 津久見市子育て応援サイト「つくみっこ」 > 年齢でさがす > 0～2歳児 > 乳児一般健康診査（個別） 本文 乳児一般健康診査（個別） 印刷ページ表示 更新日：2023年3月6日更新 津久見市ではお子さんの1歳のお誕生日までに、集団の健康診査（４か月、１０か月）とは別に、個別の健康診査を2回助成しています。 乳児一般健康診査の助成 妊娠届出時に、妊産婦健康診査受診
13	22	豊後高田市	環境・衛生	https://www.city.bungotakada.oita.jp/life/1/10/	環境・衛生 - 豊後高田市ホームページ ページの先頭です。 メニューを飛ばして本文へ メニュー --> 豊後高田市の魅力 ヘルプ メニュー 本文へ 本文へ --> 検索 文字サイズ・色合い変更 文字サイズ 標準 拡大 背景色変更 白 黒 青 Translate 防災 当番医 サイト内 検索 Googleカスタム検索 詳しく さがす ID検索(ページの番号を入れてください) ID検索 注目ワード 住みたい田舎 子育て支援 昭和の町 ふるさと納税 休日当番医 ごみ検索 住民票・戸籍・印鑑登録 申請・届出 よくある質問 イベントカレンダー 一時保存する メニュー くらし・手続き 子育て・教育 健康・福祉 移住・定住 観光・イベント 市政 現在地 トップページ > 分類でさがす > くらし > 環境・衛生 本文 環境・
13	22	豊後高田市	イベント・募集	https://www.city.bungotakada.oita.jp/soshiki/list5-2.html	イベント・募集 - 豊後高田市ホームページ ページの先頭です。 メニューを飛ばして本文へ メニュー --> 豊後高田市の魅力 ヘルプ メニュー 本文へ 本文へ --> 検索 文字サイズ・色合い変更 文字サイズ 標準 拡大 背景色変更 白 黒 青 Translate 防災 当番医 サイト内 検索 Googleカスタム検索 詳しく さがす ID検索(ページの番号を入れてください) ID検索 注目ワード 住みたい田舎 子育て支援 昭和の町 ふるさと納税 休日当番医 ごみ検索 住民票・戸籍・印鑑登録 申請・届出 よくある質問 イベントカレンダー 一時保存する メニュー くらし・手続き 子育て・教育 健康・福祉 移住・定住 観光・イベント 市政 現在地 トップページ > イベント・募集 本文 イベント・募集 2026年5
13	17	臼杵市	新型コロナウイルス感染症に関する今後の対応について（7月16日公開）	https://www.city.usuki.oita.jp/article/2021071900028/	新型コロナウイルス感染症に関する今後の対応について（7月16日公開） | 臼杵市役所 本文へ ふりがなをつける --> 文字の大きさ 拡大 標準 縮小 背景色 黒 青 標準 読み上げる 臼杵市 メニュー サイトマップ お問合せ 総合トップ 市民向け 観光 ふるさと納税 移住・定住 事業者向け 他のカテゴリも表示する TOP カテゴリ 区分 新着情報 新型コロナウイルス感染症に関する今後の対応について（7月16日公開） 公開日 2021年7月19日 更新日 2021年10月21日 令和3年7月16日、大分県新型コロナウイルス感染症対策本部および大分県社会経済再活性化緊急推進本部より公表された、県民の皆さまへのメッセージです。 令和3年7月16日 大分県新型コロナウイルス感染症対策本部 大分県社会経済再活性化緊急推
13	17	臼杵市	新型コロナウイルス感染症に関する今後の対応について（5月26日公開）	https://www.city.usuki.oita.jp/article/2021052700012/	新型コロナウイルス感染症に関する今後の対応について（5月26日公開） | 臼杵市役所 本文へ ふりがなをつける --> 文字の大きさ 拡大 標準 縮小 背景色 黒 青 標準 読み上げる 臼杵市 メニュー サイトマップ お問合せ 総合トップ 市民向け 観光 ふるさと納税 移住・定住 事業者向け 他のカテゴリも表示する TOP カテゴリ 区分 新着情報 新型コロナウイルス感染症に関する今後の対応について（5月26日公開） 公開日 2021年5月27日 更新日 2021年10月21日 令和3年5月26日、大分県新型コロナウイルス感染症対策本部および大分県社会経済再活性化緊急推進本部より公表された、県民の皆さまへのメッセージです。 令和3年5月26日 大分県新型コロナウイルス感染症対策本部 大分県社会経済再活性化緊急推
13	17	臼杵市	ケアマネジャー事業所一覧	https://www.city.usuki.oita.jp/docs/2014020800012/	ケアマネジャー事業所一覧 | 臼杵市役所 本文へ ふりがなをつける --> 文字の大きさ 拡大 標準 縮小 背景色 黒 青 標準 読み上げる 臼杵市 メニュー サイトマップ お問合せ 総合トップ 市民向け 観光 ふるさと納税 移住・定住 事業者向け 他のカテゴリも表示する TOP カテゴリ 市民向け 医療・健康・福祉・保険・年金 介護保険 TOP カテゴリ 市民向け ライフイベント 介護・高齢者など 介護 TOP カテゴリ 区分 コンテンツ ケアマネジャー事業所一覧 公開日 2019年2月14日 更新日 2025年11月27日 地域包括支援センター（介護予防支援事業所） 事業所名 電話番号 所在地 臼杵市医師会地域包括支援センターコスモス 0972-63-6250 臼杵市大字戸室字長谷1131番地1 臼杵市医師
13	17	竹田市	帯状疱疹ワクチン定期接種のお知らせ	https://www.city.taketa.oita.jp/kenko_fukushi/kenkouzukuri/yobousessyukansensyou/yobousessyu/10882.html	帯状疱疹ワクチン定期接種のお知らせ／竹田市 スマートフォン版を表示 本文へ 文字サイズ 背景色変更 Foreign Language 目的別で探す 妊娠・出産 子育て 入園・入学 就職・退職 結婚・離婚 引越し・住まい 高齢・介護 おくやみ よく利用されるメニュー 手続き検索ナビ 申請書ダウンロード ごみ検索 イベントカレンダー お問い合わせ お問い合わせフォームへ よく見られるページ 関連施設等のページ 竹田市立図書館 竹田市総合文化ホール グランツたけた 竹田市歴史文化館 竹田市消防本部 くらし・ 手続き 健康・福祉 市政・ まちづくり 子育て・教育 産業・ 事業者向け情報 学び・ スポーツ 移住・定住 文化・歴史 ・観光 現在のページ ホーム 健康・福祉・人権 健康づくり 予防接種・感染症 予防接種 帯状
13	17	豊後高田市	急傾斜地崩壊対策事業	https://www.city.bungotakada.oita.jp/site/bousai/2758.html	急傾斜地崩壊対策事業 - 豊後高田市防災情報 - 豊後高田市ホームページ ページの先頭です。 メニューを飛ばして本文へ メニュー --> 豊後高田市の魅力 ヘルプ メニュー 本文へ 本文へ --> 検索 文字サイズ・色合い変更 文字サイズ 標準 拡大 背景色変更 白 黒 青 Translate 防災 当番医 サイト内 検索 Googleカスタム検索 詳しく さがす ID検索(ページの番号を入れてください) ID検索 注目ワード 住みたい田舎 子育て支援 昭和の町 ふるさと納税 休日当番医 ごみ検索 住民票・戸籍・印鑑登録 申請・届出 よくある質問 イベントカレンダー 一時保存する メニュー くらし・手続き 子育て・教育 健康・福祉 移住・定住 観光・イベント 市政 現在地 トップページ > 分類でさがす > く
12	26	津久見市	しごとの情報	https://www.city.tsukumi.oita.jp/life/2/index-2.html	しごとの情報 - 津久見市公式ホームページ ページの先頭です。 メニューを飛ばして本文へ メニュー 本文へ Foreign language 背景色・文字サイズ 背景色 白 黒 青 文字サイズ 標準 拡大 キーワード検索 詳細検索 分類でさがす 組織でさがす カレンダーでさがす 注目 防災 子育て マイナンバーカード ごみ くらし しごと 観光 市政・議会 現在地 トップページ > 分類でさがす > しごとの情報 本文 しごとの情報 新着情報 2026年7月10日更新 おおいた地域若者サポートステーション（県南常設サテライト） 2026年7月10日更新 ハローワーク新着情報 2026年6月29日更新 キャラクター「つくみん」のデザイン等使用について 2026年6月1日更新 ミニ企業説明会 2026年5月28日更
12	21	豊後高田市	耕地林業課	https://www.city.bungotakada.oita.jp/soshiki/16/	耕地林業課 - 豊後高田市ホームページ ページの先頭です。 メニューを飛ばして本文へ メニュー --> 豊後高田市の魅力 ヘルプ メニュー 本文へ 本文へ --> 検索 文字サイズ・色合い変更 文字サイズ 標準 拡大 背景色変更 白 黒 青 Translate 防災 当番医 サイト内 検索 Googleカスタム検索 詳しく さがす ID検索(ページの番号を入れてください) ID検索 注目ワード 住みたい田舎 子育て支援 昭和の町 ふるさと納税 休日当番医 ごみ検索 住民票・戸籍・印鑑登録 申請・届出 よくある質問 イベントカレンダー 一時保存する メニュー くらし・手続き 子育て・教育 健康・福祉 移住・定住 観光・イベント 市政 現在地 トップページ > 組織でさがす > 高田庁舎 > 耕地林業課 本文 耕地
12	20	杵築市	杵築市移住体験プログラム	https://www.city.kitsuki.lg.jp/soshiki/1/machidukuri/ijuuteijuusokusinn/9402.html	杵築市移住体験プログラム／杵築市 スマートフォン版を表示 本文へ Foreign language 携帯サイト 文字サイズ 背景色 PCサイト Foreign language キーワードで探す トップページへ くらしの情報 健康・福祉 教育・子育て 観光・歴史 産業・ビジネス 市政・まちづくり 定住促進サイト ブランドサイト メニューを閉じる くらしの情報 健康･福祉 教育･子育て 観光･歴史 産業･ビジネス 市政･まちづくり キーワードで探す 移住・定住促進 こんなときには 転入・転出 妊娠・出産・子育て 入園・入学 就職・退職 結婚・離婚 高齢者・介護 終活・死亡・相続 税金 現在の位置 ホーム 組織で探す 市長部局 協働のまちづくり課 移住・定住促進 杵築市移住体験プログラム 杵築市移住体験プログラム
12	20	杵築市	「こどもまんなか応援サポーター」合同宣言を行いました	https://www.city.kitsuki.lg.jp/soshiki/1/fukusi/kitsukikosodatesien/kosodatekeikaku/10962.html	「こどもまんなか応援サポーター」合同宣言を行いました／杵築市 スマートフォン版を表示 本文へ Foreign language 携帯サイト 文字サイズ 背景色 PCサイト Foreign language キーワードで探す トップページへ くらしの情報 健康・福祉 教育・子育て 観光・歴史 産業・ビジネス 市政・まちづくり 定住促進サイト ブランドサイト メニューを閉じる くらしの情報 健康･福祉 教育･子育て 観光･歴史 産業･ビジネス 市政･まちづくり キーワードで探す 子育てに関する各種計画 こんなときには 転入・転出 妊娠・出産・子育て 入園・入学 就職・退職 結婚・離婚 高齢者・介護 終活・死亡・相続 税金 現在の位置 ホーム 組織で探す 市長部局 福祉事務所 子育て支援情報 子育てに関する各種計画
12	16	臼杵市	臼杵市パークゴルフ場	https://www.city.usuki.oita.jp/docs/2024061800025/	臼杵市パークゴルフ場 | 臼杵市役所 本文へ ふりがなをつける --> 文字の大きさ 拡大 標準 縮小 背景色 黒 青 標準 読み上げる 臼杵市 メニュー サイトマップ お問合せ 総合トップ 市民向け 観光 ふるさと納税 移住・定住 事業者向け 再生 停止 他のカテゴリも表示する TOP カテゴリ 区分 コンテンツ 臼杵市パークゴルフ場 公開日 2024年6月27日 更新日 2026年6月23日 ◇Ｔｏｐｉｃｓ◇ 今年も夏季の暑さ対策のため、 早朝オープン を実施します。 朝のさわやかな空気の中、プレーしてみませんか？ 皆さまのお越しを心よりお待ちしております。 実施期間： 令和８年７月１日（水）～令和８年９月３０日（水） 利用時間： 午前７時～午後５時 【所在地】 〒875-0070 臼杵市大字久木小野526
12	16	臼杵市	臼杵市多世代交流館 のつてらす	https://www.city.usuki.oita.jp/docs/2026060100083/	臼杵市多世代交流館 のつてらす | 臼杵市役所 本文へ ふりがなをつける --> 文字の大きさ 拡大 標準 縮小 背景色 黒 青 標準 読み上げる 臼杵市 メニュー サイトマップ お問合せ 総合トップ 市民向け 観光 ふるさと納税 移住・定住 事業者向け 他のカテゴリも表示する TOP カテゴリ 市民向け 旧野津高校利活用事業 TOP カテゴリ 区分 コンテンツ 臼杵市多世代交流館 のつてらす 公開日 2026年6月3日 更新日 2026年6月1日 平成26年に廃校となった大分県立野津高校の普通教室棟だった建物を再活用し、&ldquo;子どもから高齢者まで幅広い世代が集まり楽しめる拠点施設&rdquo;をめざし、臼杵市多世代交流館として令和7年4月26日(土)にリスタートしました。 ※一般の来場者がのつてらすで
12	16	臼杵市	市長あいさつ	https://www.city.usuki.oita.jp/docs/2014013000153/	市長あいさつ | 臼杵市役所 本文へ ふりがなをつける --> 文字の大きさ 拡大 標準 縮小 背景色 黒 青 標準 読み上げる 臼杵市 メニュー サイトマップ お問合せ 総合トップ 市民向け 観光 ふるさと納税 移住・定住 事業者向け 他のカテゴリも表示する TOP カテゴリ 市民向け 市役所情報 こんにちは市長室です！ TOP カテゴリ 区分 コンテンツ 市長あいさつ 公開日 2019年3月4日 更新日 2026年7月17日 ごあいさつ 臼杵市長 西岡 隆 「リ・スタートうすき」 令和7年1月20日、市長として就任いたしました西岡隆です。市民の皆さまの温かいご支援に心より感謝申し上げます。 市政20周年を迎えた節目に臼杵市の新市長に就任できたことは大変光栄であり、同時にその責任の重さを痛感しています。市民の
12	16	臼杵市	平日夜間・休日救急当番医	https://www.city.usuki.oita.jp/docs/2014020400038/	平日夜間・休日救急当番医 | 臼杵市役所 本文へ ふりがなをつける --> 文字の大きさ 拡大 標準 縮小 背景色 黒 青 標準 読み上げる 臼杵市 メニュー サイトマップ お問合せ 総合トップ 市民向け 観光 ふるさと納税 移住・定住 事業者向け 他のカテゴリも表示する TOP カテゴリ 市民向け 医療・健康・福祉・保険・年金 休日救急当番医案内 TOP カテゴリ 市民向け 移住支援 こどもの疾病予防・医療機関 TOP カテゴリ 市民向け ライフイベント 病気 TOP カテゴリ 市民向け ライフイベント 妊娠・出産・子育て 子どもの健康 TOP カテゴリ 区分 コンテンツ 平日夜間・休日救急当番医 公開日 2024年5月23日 更新日 2026年7月8日 受診するか迷った時は、相談窓口をご利用ください 当番医
12	16	臼杵市	臼杵市観光交流プラザ	https://www.city.usuki.oita.jp/docs/2014031400058/kankoukouryuplaza.html	臼杵市観光交流プラザ | 臼杵市役所 本文へ ふりがなをつける --> 文字の大きさ 拡大 標準 縮小 背景色 黒 青 標準 読み上げる 臼杵市 メニュー サイトマップ お問合せ 総合トップ 市民向け 観光 ふるさと納税 移住・定住 事業者向け 他のカテゴリも表示する TOP カテゴリ 市民向け 施設案内・予約 観光施設 TOP カテゴリ 観光 臼杵市観光交流プラザ TOP カテゴリ 区分 コンテンツ 臼杵市観光交流プラザ 公開日 2019年2月8日 更新日 2026年4月17日 「臼杵を訪れる観光客が最初に立ち寄る場、市民も集い交流できる中心市街地のにぎわいの場」を基本コンセプトに定め、中心市街地整備の集大成として整備を進めてきた「臼杵市観光交流プラザ」が完成しました。 臼杵市観光交流プラザ基本コンセプト 臼
12	16	臼杵市	総合事業サービス費（サービスコード表および単価改正）	https://www.city.usuki.oita.jp/docs/2018031600029/	総合事業サービス費（サービスコード表および単価改正） | 臼杵市役所 本文へ ふりがなをつける --> 文字の大きさ 拡大 標準 縮小 背景色 黒 青 標準 読み上げる 臼杵市 メニュー サイトマップ お問合せ 総合トップ 市民向け 観光 ふるさと納税 移住・定住 事業者向け 他のカテゴリも表示する TOP カテゴリ 市民向け 医療・健康・福祉・保険・年金 高齢者のための福祉 TOP カテゴリ 市民向け ライフイベント 介護・高齢者など 介護予防・日常生活支援総合事業 TOP カテゴリ 区分 コンテンツ 総合事業サービス費（サービスコード表および単価改正） 公開日 2019年2月14日 更新日 2026年6月23日 総合事業における単価改正について（令和8年6月改定） 国が定める介護職員等処遇改善加算の基準につ
12	16	臼杵市	障害者手帳（身体・療育・精神）の概要と関連サービス	https://www.city.usuki.oita.jp/docs/2014020400182/	障害者手帳（身体・療育・精神）の概要と関連サービス | 臼杵市役所 本文へ ふりがなをつける --> 文字の大きさ 拡大 標準 縮小 背景色 黒 青 標準 読み上げる 臼杵市 メニュー サイトマップ お問合せ 総合トップ 市民向け 観光 ふるさと納税 移住・定住 事業者向け 他のカテゴリも表示する TOP カテゴリ 市民向け 医療・健康・福祉・保険・年金 障がい者のための福祉 手帳 TOP カテゴリ 区分 コンテンツ 障害者手帳（身体・療育・精神）の概要と関連サービス 公開日 2019年2月1日 更新日 2026年7月17日 手帳は、各種障害福祉サービスを受けるための基本となるもので、身体に障がいのある方（身体障害者手帳）、知的障がいのある方（療育手帳）、精神障がいのある方（精神障害者保健福祉手帳）に交付されま
12	16	臼杵市	障害者扶養共済制度	https://www.city.usuki.oita.jp/docs/2014020400298/	障害者扶養共済制度 | 臼杵市役所 本文へ ふりがなをつける --> 文字の大きさ 拡大 標準 縮小 背景色 黒 青 標準 読み上げる 臼杵市 メニュー サイトマップ お問合せ 総合トップ 市民向け 観光 ふるさと納税 移住・定住 事業者向け 他のカテゴリも表示する TOP カテゴリ 市民向け 医療・健康・福祉・保険・年金 障がい者のための福祉 助成 TOP カテゴリ 区分 コンテンツ 障害者扶養共済制度 公開日 2019年2月14日 更新日 2026年7月17日 障がいのある方を扶養している保護者が加入し、保護者に万一（死亡または重度障がい）のことがあったときに、障がいのある方に対して終身一定額の年金が支給されます。任意加入の制度です。 詳しくは大分県のHP「 心身障害者扶養共済制度 」のご案内をご覧ください
12	16	臼杵市	在宅サービス	https://www.city.usuki.oita.jp/docs/2014020800074/	在宅サービス | 臼杵市役所 本文へ ふりがなをつける --> 文字の大きさ 拡大 標準 縮小 背景色 黒 青 標準 読み上げる 臼杵市 メニュー サイトマップ お問合せ 総合トップ 市民向け 観光 ふるさと納税 移住・定住 事業者向け 他のカテゴリも表示する TOP カテゴリ 市民向け 医療・健康・福祉・保険・年金 認知症お助け帳 TOP カテゴリ 市民向け ライフイベント 介護・高齢者など 認知症お助け帳 TOP カテゴリ 区分 コンテンツ 在宅サービス 公開日 2019年2月14日 更新日 2025年10月27日 在宅サービスとは 介護保険制度によって利用できるサービスです。介護保険を利用するときは、まず市町村が行う「要介護認定」を受けます。要介護度に応じて、利用できるサービスや介護保険で認められる月々の
12	16	杵築市	精神保健福祉手帳の交付	https://www.city.kitsuki.lg.jp/soshiki/1/fukusi/kitsukikosodatesien/hitorioyahattatusien/kodomonohattatusien/syougaihukusiseido/10905.html	精神保健福祉手帳の交付／杵築市 スマートフォン版を表示 本文へ Foreign language 携帯サイト 文字サイズ 背景色 PCサイト Foreign language キーワードで探す トップページへ くらしの情報 健康・福祉 教育・子育て 観光・歴史 産業・ビジネス 市政・まちづくり 定住促進サイト ブランドサイト メニューを閉じる くらしの情報 健康･福祉 教育･子育て 観光･歴史 産業･ビジネス 市政･まちづくり キーワードで探す 障がい福祉に関する制度・手続き こんなときには 転入・転出 妊娠・出産・子育て 入園・入学 就職・退職 結婚・離婚 高齢者・介護 終活・死亡・相続 税金 現在の位置 ホーム 組織で探す 市長部局 福祉事務所 子育て支援情報 ひとり親・こどもの発達支援 こどもの発達支援に
12	16	竹田市	第78回 画聖『田能村竹田』先生をしのぶ美術祭	https://www.city.taketa.oita.jp/bunka_rekishi_kanko/3/1431.html	第78回 画聖『田能村竹田』先生をしのぶ美術祭／竹田市 スマートフォン版を表示 本文へ 文字サイズ 背景色変更 Foreign Language 目的別で探す 妊娠・出産 子育て 入園・入学 就職・退職 結婚・離婚 引越し・住まい 高齢・介護 おくやみ よく利用されるメニュー 手続き検索ナビ 申請書ダウンロード ごみ検索 イベントカレンダー お問い合わせ お問い合わせフォームへ よく見られるページ 関連施設等のページ 竹田市立図書館 竹田市総合文化ホール グランツたけた 竹田市歴史文化館 竹田市消防本部 くらし・ 手続き 健康・福祉 市政・ まちづくり 子育て・教育 産業・ 事業者向け情報 学び・ スポーツ 移住・定住 文化・歴史 ・観光 現在のページ ホーム 文化・歴史・観光 文化 第78回 画聖『田能村竹田
12	16	竹田市	住民健診のご案内	https://www.city.taketa.oita.jp/kenko_fukushi/kensinkensa/8182.html	住民健診のご案内／竹田市 スマートフォン版を表示 本文へ 文字サイズ 背景色変更 Foreign Language 目的別で探す 妊娠・出産 子育て 入園・入学 就職・退職 結婚・離婚 引越し・住まい 高齢・介護 おくやみ よく利用されるメニュー 手続き検索ナビ 申請書ダウンロード ごみ検索 イベントカレンダー お問い合わせ お問い合わせフォームへ よく見られるページ 関連施設等のページ 竹田市立図書館 竹田市総合文化ホール グランツたけた 竹田市歴史文化館 竹田市消防本部 くらし・ 手続き 健康・福祉 市政・ まちづくり 子育て・教育 産業・ 事業者向け情報 学び・ スポーツ 移住・定住 文化・歴史 ・観光 現在のページ ホーム 健康・福祉・人権 健診・検査 住民健診のご案内 住民健診のご案内 Tweet 更
12	16	竹田市	こども誰でも通園制度が始まります。	https://www.city.taketa.oita.jp/kosodate_kyoiku/kosodateshien/12175.html	こども誰でも通園制度が始まります。／竹田市 スマートフォン版を表示 本文へ 文字サイズ 背景色変更 Foreign Language 目的別で探す 妊娠・出産 子育て 入園・入学 就職・退職 結婚・離婚 引越し・住まい 高齢・介護 おくやみ よく利用されるメニュー 手続き検索ナビ 申請書ダウンロード ごみ検索 イベントカレンダー お問い合わせ お問い合わせフォームへ よく見られるページ 関連施設等のページ 竹田市立図書館 竹田市総合文化ホール グランツたけた 竹田市歴史文化館 竹田市消防本部 くらし・ 手続き 健康・福祉 市政・ まちづくり 子育て・教育 産業・ 事業者向け情報 学び・ スポーツ 移住・定住 文化・歴史 ・観光 現在のページ ホーム 子育て・教育 子育て支援 こども誰でも通園制度が始まります。
12	16	竹田市	マイナンバーカードの手続きについて	https://www.city.taketa.oita.jp/kurashi_tetsuzuki/todoke_detoroku_shomei/1/6322.html	マイナンバーカードの手続きについて／竹田市 スマートフォン版を表示 本文へ 文字サイズ 背景色変更 Foreign Language 目的別で探す 妊娠・出産 子育て 入園・入学 就職・退職 結婚・離婚 引越し・住まい 高齢・介護 おくやみ よく利用されるメニュー 手続き検索ナビ 申請書ダウンロード ごみ検索 イベントカレンダー お問い合わせ お問い合わせフォームへ よく見られるページ 関連施設等のページ 竹田市立図書館 竹田市総合文化ホール グランツたけた 竹田市歴史文化館 竹田市消防本部 くらし・ 手続き 健康・福祉 市政・ まちづくり 子育て・教育 産業・ 事業者向け情報 学び・ スポーツ 移住・定住 文化・歴史 ・観光 現在のページ ホーム くらし・手続き 届出・登録・証明 マイナンバー マイナンバーカ
12	16	竹田市	住民健診のご案内	https://www.city.taketa.oita.jp/kenko_fukushi/kenkouzukuri/kensinkensa/3394.html	住民健診のご案内／竹田市 スマートフォン版を表示 本文へ 文字サイズ 背景色変更 Foreign Language 目的別で探す 妊娠・出産 子育て 入園・入学 就職・退職 結婚・離婚 引越し・住まい 高齢・介護 おくやみ よく利用されるメニュー 手続き検索ナビ 申請書ダウンロード ごみ検索 イベントカレンダー お問い合わせ お問い合わせフォームへ よく見られるページ 関連施設等のページ 竹田市立図書館 竹田市総合文化ホール グランツたけた 竹田市歴史文化館 竹田市消防本部 くらし・ 手続き 健康・福祉 市政・ まちづくり 子育て・教育 産業・ 事業者向け情報 学び・ スポーツ 移住・定住 文化・歴史 ・観光 現在のページ ホーム 健康・福祉・人権 健康づくり 健診・検査 住民健診のご案内 住民健診のご案内 T
12	16	竹田市	オンライン手続きで証明書の取得が便利に！	https://www.city.taketa.oita.jp/kurashi_tetsuzuki/todoke_detoroku_shomei/2/10978.html	オンライン手続きで証明書の取得が便利に！／竹田市 スマートフォン版を表示 本文へ 文字サイズ 背景色変更 Foreign Language 目的別で探す 妊娠・出産 子育て 入園・入学 就職・退職 結婚・離婚 引越し・住まい 高齢・介護 おくやみ よく利用されるメニュー 手続き検索ナビ 申請書ダウンロード ごみ検索 イベントカレンダー お問い合わせ お問い合わせフォームへ よく見られるページ 関連施設等のページ 竹田市立図書館 竹田市総合文化ホール グランツたけた 竹田市歴史文化館 竹田市消防本部 くらし・ 手続き 健康・福祉 市政・ まちづくり 子育て・教育 産業・ 事業者向け情報 学び・ スポーツ 移住・定住 文化・歴史 ・観光 現在のページ ホーム くらし・手続き 届出・登録・証明 各種証明書の発行 オン
12	16	竹田市		https://www.city.taketa.oita.jp/soshiki/bunkazai/4358.html	歴史・文化財／竹田市 スマートフォン版を表示 本文へ 文字サイズ 背景色変更 Foreign Language 目的別で探す 妊娠・出産 子育て 入園・入学 就職・退職 結婚・離婚 引越し・住まい 高齢・介護 おくやみ よく利用されるメニュー 手続き検索ナビ 申請書ダウンロード ごみ検索 イベントカレンダー お問い合わせ お問い合わせフォームへ よく見られるページ 関連施設等のページ 竹田市立図書館 竹田市総合文化ホール グランツたけた 竹田市歴史文化館 竹田市消防本部 くらし・ 手続き 健康・福祉 市政・ まちづくり 子育て・教育 産業・ 事業者向け情報 学び・ スポーツ 移住・定住 文化・歴史 ・観光 現在のページ ホーム 組織から探す 文化財課 歴史・文化財 歴史・文化財 竹田市の指定等文化財について 国
12	16	津久見市	一時預かり事業をお役立てください！	https://www.city.tsukumi.oita.jp/site/kosodate/24204.html	一時預かり事業をお役立てください！ - 津久見市公式ホームページ ページの先頭です。 メニューを飛ばして本文へ メニュー 検索 本文へ はじめての方へ Foreign language 背景色・文字サイズ 背景色 白 黒 青 文字サイズ 標準 拡大 目的でさがす 年齢でさがす 施設 休日・夜間当番医 イベントカレンダー キーワード検索 現在地 トップページ > 分類でさがす > くらしの情報 > 介護・福祉 > 児童福祉 > 津久見市子育て応援サイト「つくみっこ」 > 目的でさがす > 保育園・幼稚園に預けたい > 一時預かり事業をお役立てください！ 本文 一時預かり事業をお役立てください！ 印刷ページ表示 更新日：2025年6月27日更新 一時預かり（一時保育）事業について：一般型 保育所等に入所していない児
12	16	津久見市	「津久見市相談支援ファイル」の紹介	https://www.city.tsukumi.oita.jp/soshiki/24/6.html	「津久見市相談支援ファイル」の紹介 - 津久見市公式ホームページ ページの先頭です。 メニューを飛ばして本文へ メニュー 本文へ Foreign language 背景色・文字サイズ 背景色 白 黒 青 文字サイズ 標準 拡大 キーワード検索 詳細検索 分類でさがす 組織でさがす カレンダーでさがす 注目 防災 子育て マイナンバーカード ごみ くらし しごと 観光 市政・議会 現在地 トップページ > 分類でさがす > くらしの情報 > 介護・福祉 > 児童福祉 > 「津久見市相談支援ファイル」の紹介 本文 「津久見市相談支援ファイル」の紹介 印刷ページ表示 更新日：2014年3月17日更新 「津久見市相談支援ファイル」の紹介 「津久見市相談支援ファイル」は、お子さんの成長の様子が心配な方、園や学校などでお子
12	16	津久見市	まちづくり出前講座を開講します！	https://www.city.tsukumi.oita.jp/soshiki/25/32227.html	まちづくり出前講座を開講します！ - 津久見市公式ホームページ ページの先頭です。 メニューを飛ばして本文へ メニュー 本文へ Foreign language 背景色・文字サイズ 背景色 白 黒 青 文字サイズ 標準 拡大 キーワード検索 詳細検索 分類でさがす 組織でさがす カレンダーでさがす 注目 防災 子育て マイナンバーカード ごみ くらし しごと 観光 市政・議会 現在地 トップページ > 分類でさがす > くらしの情報 > 生涯学習・スポーツ > 講座・趣味・学習 > まちづくり出前講座を開講します！ 本文 まちづくり出前講座を開講します！ 印刷ページ表示 更新日：2026年4月1日更新 まちづくり出前講座とは？ 市民の皆さんの「知りたい、聞きたい」を下記出前講座メニューの中から選んで申請していた
12	16	豊後高田市	申請時来庁方式（マイナンバーカードをご自宅で受け取れます！）	https://www.city.bungotakada.oita.jp/site/mynumber/3126.html	申請時来庁方式（マイナンバーカードをご自宅で受け取れます！） - 豊後高田市マイナンバー制度総合サイト - 豊後高田市ホームページ ページの先頭です。 メニューを飛ばして本文へ メニュー --> 豊後高田市の魅力 ヘルプ メニュー 本文へ 本文へ --> 検索 文字サイズ・色合い変更 文字サイズ 標準 拡大 背景色変更 白 黒 青 Translate 防災 当番医 サイト内 検索 Googleカスタム検索 詳しく さがす ID検索(ページの番号を入れてください) ID検索 注目ワード 住みたい田舎 子育て支援 昭和の町 ふるさと納税 休日当番医 ごみ検索 住民票・戸籍・印鑑登録 申請・届出 よくある質問 イベントカレンダー 一時保存する メニュー くらし・手続き 子育て・教育 健康・福祉 移住・定住 観光・イベ
12	16	豊後高田市	令和8年度ごみ分別表（ごみの分け方・出し方）	https://www.city.bungotakada.oita.jp/site/kankyo/12343.html	令和8年度ごみ分別表（ごみの分け方・出し方） - ごみ出し・分別・リサイクル - 豊後高田市ホームページ ページの先頭です。 メニューを飛ばして本文へ メニュー --> 豊後高田市の魅力 ヘルプ メニュー 本文へ 本文へ --> 検索 文字サイズ・色合い変更 文字サイズ 標準 拡大 背景色変更 白 黒 青 Translate 防災 当番医 サイト内 検索 Googleカスタム検索 詳しく さがす ID検索(ページの番号を入れてください) ID検索 注目ワード 住みたい田舎 子育て支援 昭和の町 ふるさと納税 休日当番医 ごみ検索 住民票・戸籍・印鑑登録 申請・届出 よくある質問 イベントカレンダー 一時保存する メニュー くらし・手続き 子育て・教育 健康・福祉 移住・定住 観光・イベント 市政 現在地 トップ
12	16	豊後高田市	令和8年度ごみ収集日程表	https://www.city.bungotakada.oita.jp/site/kankyo/12333.html	令和8年度ごみ収集日程表 - ごみ出し・分別・リサイクル - 豊後高田市ホームページ ページの先頭です。 メニューを飛ばして本文へ メニュー --> 豊後高田市の魅力 ヘルプ メニュー 本文へ 本文へ --> 検索 文字サイズ・色合い変更 文字サイズ 標準 拡大 背景色変更 白 黒 青 Translate 防災 当番医 サイト内 検索 Googleカスタム検索 詳しく さがす ID検索(ページの番号を入れてください) ID検索 注目ワード 住みたい田舎 子育て支援 昭和の町 ふるさと納税 休日当番医 ごみ検索 住民票・戸籍・印鑑登録 申請・届出 よくある質問 イベントカレンダー 一時保存する メニュー くらし・手続き 子育て・教育 健康・福祉 移住・定住 観光・イベント 市政 現在地 トップページ > 分類でさ
12	16	豊後高田市	ごみ処理施設の移転について	https://www.city.bungotakada.oita.jp/site/kankyo/38363.html	ごみ処理施設の移転について - ごみ出し・分別・リサイクル - 豊後高田市ホームページ ページの先頭です。 メニューを飛ばして本文へ メニュー --> 豊後高田市の魅力 ヘルプ メニュー 本文へ 本文へ --> 検索 文字サイズ・色合い変更 文字サイズ 標準 拡大 背景色変更 白 黒 青 Translate 防災 当番医 サイト内 検索 Googleカスタム検索 詳しく さがす ID検索(ページの番号を入れてください) ID検索 注目ワード 住みたい田舎 子育て支援 昭和の町 ふるさと納税 休日当番医 ごみ検索 住民票・戸籍・印鑑登録 申請・届出 よくある質問 イベントカレンダー 一時保存する メニュー くらし・手続き 子育て・教育 健康・福祉 移住・定住 観光・イベント 市政 現在地 トップページ > ごみ出
12	16	豊後高田市	新婚さん応援事業のご案内	https://www.city.bungotakada.oita.jp/soshiki/5/1718.html	新婚さん応援事業のご案内 - 豊後高田市ホームページ ページの先頭です。 メニューを飛ばして本文へ メニュー --> 豊後高田市の魅力 ヘルプ メニュー 本文へ 本文へ --> 検索 文字サイズ・色合い変更 文字サイズ 標準 拡大 背景色変更 白 黒 青 Translate 防災 当番医 サイト内 検索 Googleカスタム検索 詳しく さがす ID検索(ページの番号を入れてください) ID検索 注目ワード 住みたい田舎 子育て支援 昭和の町 ふるさと納税 休日当番医 ごみ検索 住民票・戸籍・印鑑登録 申請・届出 よくある質問 イベントカレンダー 一時保存する メニュー くらし・手続き 子育て・教育 健康・福祉 移住・定住 観光・イベント 市政 現在地 トップページ > 分類でさがす > くらし > 移住定住情
12	16	豊後高田市	【現在満室】子育て支援住宅「エミール城台」	https://www.city.bungotakada.oita.jp/soshiki/5/13242.html	【現在満室】子育て支援住宅「エミール城台」 - 豊後高田市ホームページ ページの先頭です。 メニューを飛ばして本文へ メニュー --> 豊後高田市の魅力 ヘルプ メニュー 本文へ 本文へ --> 検索 文字サイズ・色合い変更 文字サイズ 標準 拡大 背景色変更 白 黒 青 Translate 防災 当番医 サイト内 検索 Googleカスタム検索 詳しく さがす ID検索(ページの番号を入れてください) ID検索 注目ワード 住みたい田舎 子育て支援 昭和の町 ふるさと納税 休日当番医 ごみ検索 住民票・戸籍・印鑑登録 申請・届出 よくある質問 イベントカレンダー 一時保存する メニュー くらし・手続き 子育て・教育 健康・福祉 移住・定住 観光・イベント 市政 現在地 トップページ > 分類でさがす > くら
12	16	豊後高田市	「移住から定住へ」ワンランク上のスローライフ（A3版定住リーフレット）	https://www.city.bungotakada.oita.jp/soshiki/5/1946.html	「移住から定住へ」ワンランク上のスローライフ（A3版定住リーフレット） - 豊後高田市ホームページ ページの先頭です。 メニューを飛ばして本文へ メニュー --> 豊後高田市の魅力 ヘルプ メニュー 本文へ 本文へ --> 検索 文字サイズ・色合い変更 文字サイズ 標準 拡大 背景色変更 白 黒 青 Translate 防災 当番医 サイト内 検索 Googleカスタム検索 詳しく さがす ID検索(ページの番号を入れてください) ID検索 注目ワード 住みたい田舎 子育て支援 昭和の町 ふるさと納税 休日当番医 ごみ検索 住民票・戸籍・印鑑登録 申請・届出 よくある質問 イベントカレンダー 一時保存する メニュー くらし・手続き 子育て・教育 健康・福祉 移住・定住 観光・イベント 市政 現在地 トップページ
12	16	豊後高田市	【参加者募集】親子で田舎暮らし体験プログラム（8月1日～2日開催）	https://www.city.bungotakada.oita.jp/soshiki/5/34105.html	【参加者募集】親子で田舎暮らし体験プログラム（8月1日～2日開催） - 豊後高田市ホームページ ページの先頭です。 メニューを飛ばして本文へ メニュー --> 豊後高田市の魅力 ヘルプ メニュー 本文へ 本文へ --> 検索 文字サイズ・色合い変更 文字サイズ 標準 拡大 背景色変更 白 黒 青 Translate 防災 当番医 サイト内 検索 Googleカスタム検索 詳しく さがす ID検索(ページの番号を入れてください) ID検索 注目ワード 住みたい田舎 子育て支援 昭和の町 ふるさと納税 休日当番医 ごみ検索 住民票・戸籍・印鑑登録 申請・届出 よくある質問 イベントカレンダー 一時保存する メニュー くらし・手続き 子育て・教育 健康・福祉 移住・定住 観光・イベント 市政 現在地 トップページ >
12	16	豊後高田市	家庭で生ごみをリサイクルしませんか？～生ごみ減量サポーター募集中～	https://www.city.bungotakada.oita.jp/site/kankyo/2111.html	家庭で生ごみをリサイクルしませんか？～生ごみ減量サポーター募集中～ - ごみ出し・分別・リサイクル - 豊後高田市ホームページ ページの先頭です。 メニューを飛ばして本文へ メニュー --> 豊後高田市の魅力 ヘルプ メニュー 本文へ 本文へ --> 検索 文字サイズ・色合い変更 文字サイズ 標準 拡大 背景色変更 白 黒 青 Translate 防災 当番医 サイト内 検索 Googleカスタム検索 詳しく さがす ID検索(ページの番号を入れてください) ID検索 注目ワード 住みたい田舎 子育て支援 昭和の町 ふるさと納税 休日当番医 ごみ検索 住民票・戸籍・印鑑登録 申請・届出 よくある質問 イベントカレンダー 一時保存する メニュー くらし・手続き 子育て・教育 健康・福祉 移住・定住 観光・イベント
12	16	豊後高田市	定額減税に便乗した還付金詐欺に注意しましょう！	https://www.city.bungotakada.oita.jp/soshiki/7/26542.html	定額減税に便乗した還付金詐欺に注意しましょう！ - 豊後高田市ホームページ ページの先頭です。 メニューを飛ばして本文へ メニュー --> 豊後高田市の魅力 ヘルプ メニュー 本文へ 本文へ --> 検索 文字サイズ・色合い変更 文字サイズ 標準 拡大 背景色変更 白 黒 青 Translate 防災 当番医 サイト内 検索 Googleカスタム検索 詳しく さがす ID検索(ページの番号を入れてください) ID検索 注目ワード 住みたい田舎 子育て支援 昭和の町 ふるさと納税 休日当番医 ごみ検索 住民票・戸籍・印鑑登録 申請・届出 よくある質問 イベントカレンダー 一時保存する メニュー くらし・手続き 子育て・教育 健康・福祉 移住・定住 観光・イベント 市政 現在地 トップページ > 分類でさがす >
12	16	豊後高田市	軽自動車税の税率について	https://www.city.bungotakada.oita.jp/soshiki/6/2041.html	軽自動車税の税率について - 豊後高田市ホームページ ページの先頭です。 メニューを飛ばして本文へ メニュー --> 豊後高田市の魅力 ヘルプ メニュー 本文へ 本文へ --> 検索 文字サイズ・色合い変更 文字サイズ 標準 拡大 背景色変更 白 黒 青 Translate 防災 当番医 サイト内 検索 Googleカスタム検索 詳しく さがす ID検索(ページの番号を入れてください) ID検索 注目ワード 住みたい田舎 子育て支援 昭和の町 ふるさと納税 休日当番医 ごみ検索 住民票・戸籍・印鑑登録 申請・届出 よくある質問 イベントカレンダー 一時保存する メニュー くらし・手続き 子育て・教育 健康・福祉 移住・定住 観光・イベント 市政 現在地 トップページ > 組織でさがす > 高田庁舎 > 税務課
12	16	豊後高田市	豊後高田市高齢者保健福祉計画及び第9期介護保険事業計画について	https://www.city.bungotakada.oita.jp/soshiki/8/2836.html	豊後高田市高齢者保健福祉計画及び第9期介護保険事業計画について - 豊後高田市ホームページ ページの先頭です。 メニューを飛ばして本文へ メニュー --> 豊後高田市の魅力 ヘルプ メニュー 本文へ 本文へ --> 検索 文字サイズ・色合い変更 文字サイズ 標準 拡大 背景色変更 白 黒 青 Translate 防災 当番医 サイト内 検索 Googleカスタム検索 詳しく さがす ID検索(ページの番号を入れてください) ID検索 注目ワード 住みたい田舎 子育て支援 昭和の町 ふるさと納税 休日当番医 ごみ検索 住民票・戸籍・印鑑登録 申請・届出 よくある質問 イベントカレンダー 一時保存する メニュー くらし・手続き 子育て・教育 健康・福祉 移住・定住 観光・イベント 市政 現在地 トップページ > 分
12	16	豊後高田市	居宅介護支援の特定事業所集中減算の届け出について	https://www.city.bungotakada.oita.jp/site/kaigo/11748.html	居宅介護支援の特定事業所集中減算の届け出について - 介護保険 - 豊後高田市ホームページ ページの先頭です。 メニューを飛ばして本文へ メニュー --> 豊後高田市の魅力 ヘルプ メニュー 本文へ 本文へ --> 検索 文字サイズ・色合い変更 文字サイズ 標準 拡大 背景色変更 白 黒 青 Translate 防災 当番医 サイト内 検索 Googleカスタム検索 詳しく さがす ID検索(ページの番号を入れてください) ID検索 注目ワード 住みたい田舎 子育て支援 昭和の町 ふるさと納税 休日当番医 ごみ検索 住民票・戸籍・印鑑登録 申請・届出 よくある質問 イベントカレンダー 一時保存する メニュー くらし・手続き 子育て・教育 健康・福祉 移住・定住 観光・イベント 市政 現在地 トップページ > 分
12	16	豊後高田市	市道清掃報奨金	https://www.city.bungotakada.oita.jp/soshiki/18/15971.html	市道清掃報奨金 - 豊後高田市ホームページ ページの先頭です。 メニューを飛ばして本文へ メニュー --> 豊後高田市の魅力 ヘルプ メニュー 本文へ 本文へ --> 検索 文字サイズ・色合い変更 文字サイズ 標準 拡大 背景色変更 白 黒 青 Translate 防災 当番医 サイト内 検索 Googleカスタム検索 詳しく さがす ID検索(ページの番号を入れてください) ID検索 注目ワード 住みたい田舎 子育て支援 昭和の町 ふるさと納税 休日当番医 ごみ検索 住民票・戸籍・印鑑登録 申請・届出 よくある質問 イベントカレンダー 一時保存する メニュー くらし・手続き 子育て・教育 健康・福祉 移住・定住 観光・イベント 市政 現在地 トップページ > 分類でさがす > くらし > 道路・河川・農地 >
12	16	豊後高田市	どなたでもご利用ください！市民乗合タクシーのご案内	https://www.city.bungotakada.oita.jp/soshiki/5/1729.html	どなたでもご利用ください！市民乗合タクシーのご案内 - 豊後高田市ホームページ ページの先頭です。 メニューを飛ばして本文へ メニュー --> 豊後高田市の魅力 ヘルプ メニュー 本文へ 本文へ --> 検索 文字サイズ・色合い変更 文字サイズ 標準 拡大 背景色変更 白 黒 青 Translate 防災 当番医 サイト内 検索 Googleカスタム検索 詳しく さがす ID検索(ページの番号を入れてください) ID検索 注目ワード 住みたい田舎 子育て支援 昭和の町 ふるさと納税 休日当番医 ごみ検索 住民票・戸籍・印鑑登録 申請・届出 よくある質問 イベントカレンダー 一時保存する メニュー くらし・手続き 子育て・教育 健康・福祉 移住・定住 観光・イベント 市政 現在地 トップページ > 分類でさがす
12	16	豊後高田市	エコビー博士のショートアニメーション	https://www.city.bungotakada.oita.jp/site/kankyo/23405.html	エコビー博士のショートアニメーション - ごみ出し・分別・リサイクル - 豊後高田市ホームページ ページの先頭です。 メニューを飛ばして本文へ メニュー --> 豊後高田市の魅力 ヘルプ メニュー 本文へ 本文へ --> 検索 文字サイズ・色合い変更 文字サイズ 標準 拡大 背景色変更 白 黒 青 Translate 防災 当番医 サイト内 検索 Googleカスタム検索 詳しく さがす ID検索(ページの番号を入れてください) ID検索 注目ワード 住みたい田舎 子育て支援 昭和の町 ふるさと納税 休日当番医 ごみ検索 住民票・戸籍・印鑑登録 申請・届出 よくある質問 イベントカレンダー 一時保存する メニュー くらし・手続き 子育て・教育 健康・福祉 移住・定住 観光・イベント 市政 現在地 トップページ
12	16	豊後高田市	エコビー博士の「エコな昔話」	https://www.city.bungotakada.oita.jp/site/kankyo/2938.html	エコビー博士の「エコな昔話」 - ごみ出し・分別・リサイクル - 豊後高田市ホームページ ページの先頭です。 メニューを飛ばして本文へ メニュー --> 豊後高田市の魅力 ヘルプ メニュー 本文へ 本文へ --> 検索 文字サイズ・色合い変更 文字サイズ 標準 拡大 背景色変更 白 黒 青 Translate 防災 当番医 サイト内 検索 Googleカスタム検索 詳しく さがす ID検索(ページの番号を入れてください) ID検索 注目ワード 住みたい田舎 子育て支援 昭和の町 ふるさと納税 休日当番医 ごみ検索 住民票・戸籍・印鑑登録 申請・届出 よくある質問 イベントカレンダー 一時保存する メニュー くらし・手続き 子育て・教育 健康・福祉 移住・定住 観光・イベント 市政 現在地 トップページ > ごみ
12	16	豊後高田市	ごみ清掃工場へごみを持ち込む方へ	https://www.city.bungotakada.oita.jp/site/kankyo/1735.html	ごみ清掃工場へごみを持ち込む方へ - ごみ出し・分別・リサイクル - 豊後高田市ホームページ ページの先頭です。 メニューを飛ばして本文へ メニュー --> 豊後高田市の魅力 ヘルプ メニュー 本文へ 本文へ --> 検索 文字サイズ・色合い変更 文字サイズ 標準 拡大 背景色変更 白 黒 青 Translate 防災 当番医 サイト内 検索 Googleカスタム検索 詳しく さがす ID検索(ページの番号を入れてください) ID検索 注目ワード 住みたい田舎 子育て支援 昭和の町 ふるさと納税 休日当番医 ごみ検索 住民票・戸籍・印鑑登録 申請・届出 よくある質問 イベントカレンダー 一時保存する メニュー くらし・手続き 子育て・教育 健康・福祉 移住・定住 観光・イベント 市政 現在地 トップページ >
12	16	豊後高田市	家電リサイクル法対象家電（エアコン、テレビ、冷蔵庫・冷凍庫、洗濯機・衣類乾燥機）の処分方法	https://www.city.bungotakada.oita.jp/site/kankyo/1736.html	家電リサイクル法対象家電（エアコン、テレビ、冷蔵庫・冷凍庫、洗濯機・衣類乾燥機）の処分方法 - ごみ出し・分別・リサイクル - 豊後高田市ホームページ ページの先頭です。 メニューを飛ばして本文へ メニュー --> 豊後高田市の魅力 ヘルプ メニュー 本文へ 本文へ --> 検索 文字サイズ・色合い変更 文字サイズ 標準 拡大 背景色変更 白 黒 青 Translate 防災 当番医 サイト内 検索 Googleカスタム検索 詳しく さがす ID検索(ページの番号を入れてください) ID検索 注目ワード 住みたい田舎 子育て支援 昭和の町 ふるさと納税 休日当番医 ごみ検索 住民票・戸籍・印鑑登録 申請・届出 よくある質問 イベントカレンダー 一時保存する メニュー くらし・手続き 子育て・教育 健康・福祉 移
12	16	豊後高田市	資源の拠点回収にご協力ください（小型家電、インクカートリッジ、廃食油、電池類）	https://www.city.bungotakada.oita.jp/site/kankyo/1732.html	資源の拠点回収にご協力ください（小型家電、インクカートリッジ、廃食油、電池類） - ごみ出し・分別・リサイクル - 豊後高田市ホームページ ページの先頭です。 メニューを飛ばして本文へ メニュー --> 豊後高田市の魅力 ヘルプ メニュー 本文へ 本文へ --> 検索 文字サイズ・色合い変更 文字サイズ 標準 拡大 背景色変更 白 黒 青 Translate 防災 当番医 サイト内 検索 Googleカスタム検索 詳しく さがす ID検索(ページの番号を入れてください) ID検索 注目ワード 住みたい田舎 子育て支援 昭和の町 ふるさと納税 休日当番医 ごみ検索 住民票・戸籍・印鑑登録 申請・届出 よくある質問 イベントカレンダー 一時保存する メニュー くらし・手続き 子育て・教育 健康・福祉 移住・定住 観
12	16	豊後高田市	「3きり」で生ごみ減量しましょう！	https://www.city.bungotakada.oita.jp/site/kankyo/2587.html	「3きり」で生ごみ減量しましょう！ - ごみ出し・分別・リサイクル - 豊後高田市ホームページ ページの先頭です。 メニューを飛ばして本文へ メニュー --> 豊後高田市の魅力 ヘルプ メニュー 本文へ 本文へ --> 検索 文字サイズ・色合い変更 文字サイズ 標準 拡大 背景色変更 白 黒 青 Translate 防災 当番医 サイト内 検索 Googleカスタム検索 詳しく さがす ID検索(ページの番号を入れてください) ID検索 注目ワード 住みたい田舎 子育て支援 昭和の町 ふるさと納税 休日当番医 ごみ検索 住民票・戸籍・印鑑登録 申請・届出 よくある質問 イベントカレンダー 一時保存する メニュー くらし・手続き 子育て・教育 健康・福祉 移住・定住 観光・イベント 市政 現在地 トップページ >
11	25	津久見市	0～2歳児	https://www.city.tsukumi.oita.jp/site/kosodate/list90-334.html	0～2歳児 - 津久見市子育て応援サイト「つくみっこ」 - 津久見市公式ホームページ ページの先頭です。 メニューを飛ばして本文へ メニュー 検索 本文へ はじめての方へ Foreign language 背景色・文字サイズ 背景色 白 黒 青 文字サイズ 標準 拡大 目的でさがす 年齢でさがす 施設 休日・夜間当番医 イベントカレンダー キーワード検索 現在地 トップページ > 津久見市子育て応援サイト「つくみっこ」 > 年齢でさがす > 0～2歳児 本文 0～2歳児 2026年7月1日更新 7月もこもこだより（しらうめこども園） 2026年6月26日更新 ７月の津久見市の子育て関連イベントです！ 2026年6月18日更新 《残数のお知らせ》ベビー用品借りてみませんか？ 2026年5月1日更新 「なかよし広場
11	20	津久見市	長寿支援課	https://www.city.tsukumi.oita.jp/soshiki/5/	長寿支援課 - 津久見市公式ホームページ ページの先頭です。 メニューを飛ばして本文へ メニュー 本文へ Foreign language 背景色・文字サイズ 背景色 白 黒 青 文字サイズ 標準 拡大 キーワード検索 詳細検索 分類でさがす 組織でさがす カレンダーでさがす 注目 防災 子育て マイナンバーカード ごみ くらし しごと 観光 市政・議会 現在地 トップページ > 組織でさがす > 本庁 > 長寿支援課 本文 長寿支援課 新着情報 2026年6月1日更新 栄養新聞～第74号～ 2026年3月1日更新 総合事業各種様式（事業者向け） 2026年3月1日更新 介護保険各種様式（事業者向け） 2026年3月1日更新 介護事業所等の指定申請等に係る「電子申請届出システム」について 2026年2月2日更新
11	20	津久見市	生涯学習課	https://www.city.tsukumi.oita.jp/soshiki/25/	生涯学習課 - 津久見市公式ホームページ ページの先頭です。 メニューを飛ばして本文へ メニュー 本文へ Foreign language 背景色・文字サイズ 背景色 白 黒 青 文字サイズ 標準 拡大 キーワード検索 詳細検索 分類でさがす 組織でさがす カレンダーでさがす 注目 防災 子育て マイナンバーカード ごみ くらし しごと 観光 市政・議会 現在地 トップページ > 組織でさがす > 教育委員会（市民図書館） > 生涯学習課 本文 生涯学習課 新着情報 2026年7月10日更新 津久見観劇会事業「子どもたちへの鎮魂歌（レクイエム）」 2026年7月3日更新 ソイヤ！つくみの参加団体が決定しました！ 2026年7月2日更新 地域のお祭り・伝統芸能の行事予定（令和８年度） 2026年7月1日更新 「は
11	20	津久見市	軽自動車税Ｑ＆Ａ	https://www.city.tsukumi.oita.jp/soshiki/17/10907.html	軽自動車税Ｑ＆Ａ - 津久見市公式ホームページ ページの先頭です。 メニューを飛ばして本文へ メニュー 本文へ Foreign language 背景色・文字サイズ 背景色 白 黒 青 文字サイズ 標準 拡大 キーワード検索 詳細検索 分類でさがす 組織でさがす カレンダーでさがす 注目 防災 子育て マイナンバーカード ごみ くらし しごと 観光 市政・議会 現在地 トップページ > 分類でさがす > くらしの情報 > 税金 > 軽自動車税 > 軽自動車税Ｑ＆Ａ 本文 軽自動車税Ｑ＆Ａ 印刷ページ表示 更新日：2019年8月16日更新 軽自動車税Ｑ＆Ａ Ｑ．軽自動車を７月に廃車しました。納付した税金は戻りますか。 Ａ．普通自動車税には月割課税制度がありますが（地方税法第１５０条第１項、第２項）、軽自動車税は月
11	20	津久見市	年金からの特別徴収制度について	https://www.city.tsukumi.oita.jp/soshiki/4/7601.html	年金からの特別徴収制度について - 津久見市公式ホームページ ページの先頭です。 メニューを飛ばして本文へ メニュー 本文へ Foreign language 背景色・文字サイズ 背景色 白 黒 青 文字サイズ 標準 拡大 キーワード検索 詳細検索 分類でさがす 組織でさがす カレンダーでさがす 注目 防災 子育て マイナンバーカード ごみ くらし しごと 観光 市政・議会 現在地 トップページ > 分類でさがす > くらしの情報 > 保険・年金 > 国民健康保険 > 年金からの特別徴収制度について 本文 年金からの特別徴収制度について 印刷ページ表示 更新日：2017年7月14日更新 年金からの特別徴収制度について 年金からの特別徴収制度とは、公的年金等を受給されている65歳以上の方が負担する、介護保険料、国
11	20	津久見市	介護事業所等の指定申請等に係る「電子申請届出システム」について	https://www.city.tsukumi.oita.jp/soshiki/5/32035.html	介護事業所等の指定申請等に係る「電子申請届出システム」について - 津久見市公式ホームページ ページの先頭です。 メニューを飛ばして本文へ メニュー 本文へ Foreign language 背景色・文字サイズ 背景色 白 黒 青 文字サイズ 標準 拡大 キーワード検索 詳細検索 分類でさがす 組織でさがす カレンダーでさがす 注目 防災 子育て マイナンバーカード ごみ くらし しごと 観光 市政・議会 現在地 トップページ > 組織でさがす > 本庁 > 長寿支援課 > 介護事業所等の指定申請等に係る「電子申請届出システム」について 本文 介護事業所等の指定申請等に係る「電子申請届出システム」について 印刷ページ表示 更新日：2026年3月1日更新 介護事業所等の指定申請等に係る「電子申請届出システム」につ
11	20	津久見市	令和７年 第４回 １２月定例会 【議決結果】	https://www.city.tsukumi.oita.jp/site/gikai/31509.html	令和７年 第４回 １２月定例会 【議決結果】 - 津久見市公式ホームページ ページの先頭です。 メニューを飛ばして本文へ メニュー 本文へ Foreign language 背景色・文字サイズ 背景色 白 黒 青 文字サイズ 標準 拡大 キーワード検索 詳細検索 分類でさがす 組織でさがす カレンダーでさがす 注目 防災 子育て マイナンバーカード ごみ くらし しごと 観光 市政・議会 現在地 トップページ > 津久見市議会 > 令和７年 第４回 １２月定例会 【議決結果】 津久見市議会 本文 令和７年 第４回 １２月定例会 【議決結果】 印刷ページ表示 更新日：2025年12月19日更新 ○令和７年第４回（１２月）定例会及び諸会議の日程は下記のとおりです。 日時 会場 １１月２１日（金曜日）１０時～ 議会運
11	20	津久見市	令和７年 第４回 １２月定例会 【追加議案】	https://www.city.tsukumi.oita.jp/site/gikai/31491.html	令和７年 第４回 １２月定例会 【追加議案】 - 津久見市公式ホームページ ページの先頭です。 メニューを飛ばして本文へ メニュー 本文へ Foreign language 背景色・文字サイズ 背景色 白 黒 青 文字サイズ 標準 拡大 キーワード検索 詳細検索 分類でさがす 組織でさがす カレンダーでさがす 注目 防災 子育て マイナンバーカード ごみ くらし しごと 観光 市政・議会 現在地 トップページ > 津久見市議会 > 令和７年 第４回 １２月定例会 【追加議案】 津久見市議会 本文 令和７年 第４回 １２月定例会 【追加議案】 印刷ページ表示 更新日：2025年12月10日更新 ○令和７年第４回（１２月）定例会及び諸会議の日程は下記のとおりです。 日時 会場 １１月２１日（金曜日）１０時～ 議会運
11	20	津久見市	妊娠の届出と母子健康手帳の交付について	https://www.city.tsukumi.oita.jp/site/kosodate/77.html	妊娠の届出と母子健康手帳の交付について - 津久見市公式ホームページ ページの先頭です。 メニューを飛ばして本文へ メニュー 検索 本文へ はじめての方へ Foreign language 背景色・文字サイズ 背景色 白 黒 青 文字サイズ 標準 拡大 目的でさがす 年齢でさがす 施設 休日・夜間当番医 イベントカレンダー キーワード検索 現在地 トップページ > 分類でさがす > くらしの情報 > ライフステージ > 妊娠・出産 > 津久見市子育て応援サイト「つくみっこ」 > 年齢でさがす > 生まれるまで > 妊娠の届出と母子健康手帳の交付について 本文 妊娠の届出と母子健康手帳の交付について 印刷ページ表示 更新日：2023年12月1日更新 産科で妊娠の確定診断を受けたら、できるだけ早く妊娠の届け出をして
11	20	津久見市	市報つくみ2026年5月号（No.953）	https://www.city.tsukumi.oita.jp/site/shihou/32534.html	市報つくみ2026年5月号（No.953） - 津久見市公式ホームページ ページの先頭です。 メニューを飛ばして本文へ メニュー 本文へ Foreign language 背景色・文字サイズ 背景色 白 黒 青 文字サイズ 標準 拡大 キーワード検索 詳細検索 分類でさがす 組織でさがす カレンダーでさがす 注目 防災 子育て マイナンバーカード ごみ くらし しごと 観光 市政・議会 現在地 トップページ > 市報つくみ > 市報つくみ2026年5月号（No.953） 市報つくみ 本文 市報つくみ2026年5月号（No.953） 印刷ページ表示 更新日：2026年5月1日更新 市報つくみ ２０２６年５月号 市報つくみ２０２６年５月号 [PDFファイル／20.57MB] 項目ごとにダウンロード １ページ 表紙
11	20	豊後高田市	空き家バンク	https://www.city.bungotakada.oita.jp/life/1/19/67/	空き家バンク - 豊後高田市ホームページ ページの先頭です。 メニューを飛ばして本文へ メニュー --> 豊後高田市の魅力 ヘルプ メニュー 本文へ 本文へ --> 検索 文字サイズ・色合い変更 文字サイズ 標準 拡大 背景色変更 白 黒 青 Translate 防災 当番医 サイト内 検索 Googleカスタム検索 詳しく さがす ID検索(ページの番号を入れてください) ID検索 注目ワード 住みたい田舎 子育て支援 昭和の町 ふるさと納税 休日当番医 ごみ検索 住民票・戸籍・印鑑登録 申請・届出 よくある質問 イベントカレンダー 一時保存する メニュー くらし・手続き 子育て・教育 健康・福祉 移住・定住 観光・イベント 市政 現在地 トップページ > 分類でさがす > くらし > 移住定住情報 > 空き
11	20	豊後高田市	生活支援	https://www.city.bungotakada.oita.jp/life/3/32/	生活支援 - 豊後高田市ホームページ ページの先頭です。 メニューを飛ばして本文へ メニュー --> 豊後高田市の魅力 ヘルプ メニュー 本文へ 本文へ --> 検索 文字サイズ・色合い変更 文字サイズ 標準 拡大 背景色変更 白 黒 青 Translate 防災 当番医 サイト内 検索 Googleカスタム検索 詳しく さがす ID検索(ページの番号を入れてください) ID検索 注目ワード 住みたい田舎 子育て支援 昭和の町 ふるさと納税 休日当番医 ごみ検索 住民票・戸籍・印鑑登録 申請・届出 よくある質問 イベントカレンダー 一時保存する メニュー くらし・手続き 子育て・教育 健康・福祉 移住・定住 観光・イベント 市政 現在地 トップページ > 分類でさがす > 医療・健康・福祉 > 生活支援 本文
11	20	豊後高田市	税務課	https://www.city.bungotakada.oita.jp/soshiki/6/	税務課 - 豊後高田市ホームページ ページの先頭です。 メニューを飛ばして本文へ メニュー --> 豊後高田市の魅力 ヘルプ メニュー 本文へ 本文へ --> 検索 文字サイズ・色合い変更 文字サイズ 標準 拡大 背景色変更 白 黒 青 Translate 防災 当番医 サイト内 検索 Googleカスタム検索 詳しく さがす ID検索(ページの番号を入れてください) ID検索 注目ワード 住みたい田舎 子育て支援 昭和の町 ふるさと納税 休日当番医 ごみ検索 住民票・戸籍・印鑑登録 申請・届出 よくある質問 イベントカレンダー 一時保存する メニュー くらし・手続き 子育て・教育 健康・福祉 移住・定住 観光・イベント 市政 現在地 トップページ > 組織でさがす > 高田庁舎 > 税務課 本文 税務課 新着
11	20	豊後高田市	学校教育課	https://www.city.bungotakada.oita.jp/soshiki/31/	学校教育課 - 豊後高田市ホームページ ページの先頭です。 メニューを飛ばして本文へ メニュー --> 豊後高田市の魅力 ヘルプ メニュー 本文へ 本文へ --> 検索 文字サイズ・色合い変更 文字サイズ 標準 拡大 背景色変更 白 黒 青 Translate 防災 当番医 サイト内 検索 Googleカスタム検索 詳しく さがす ID検索(ページの番号を入れてください) ID検索 注目ワード 住みたい田舎 子育て支援 昭和の町 ふるさと納税 休日当番医 ごみ検索 住民票・戸籍・印鑑登録 申請・届出 よくある質問 イベントカレンダー 一時保存する メニュー くらし・手続き 子育て・教育 健康・福祉 移住・定住 観光・イベント 市政 現在地 トップページ > 組織でさがす > 真玉庁舎 > 学校教育課 本文 学校
10	24	津久見市	ライフステージ	https://www.city.tsukumi.oita.jp/life/1/1/	ライフステージ - 津久見市公式ホームページ ページの先頭です。 メニューを飛ばして本文へ メニュー 本文へ Foreign language 背景色・文字サイズ 背景色 白 黒 青 文字サイズ 標準 拡大 キーワード検索 詳細検索 分類でさがす 組織でさがす カレンダーでさがす 注目 防災 子育て マイナンバーカード ごみ くらし しごと 観光 市政・議会 現在地 トップページ > 分類でさがす > くらしの情報 > ライフステージ 本文 ライフステージ 新着情報 2026年7月10日更新 おおいた地域若者サポートステーション（県南常設サテライト） 2026年7月10日更新 ハローワーク新着情報 2026年6月1日更新 ミニ企業説明会 2026年4月24日更新 認定こども園・保育所・幼稚園の利用について 20
10	19	津久見市	企業支援・誘致・広告	https://www.city.tsukumi.oita.jp/life/2/17/79/	企業支援・誘致・広告 - 津久見市公式ホームページ ページの先頭です。 メニューを飛ばして本文へ メニュー 本文へ Foreign language 背景色・文字サイズ 背景色 白 黒 青 文字サイズ 標準 拡大 キーワード検索 詳細検索 分類でさがす 組織でさがす カレンダーでさがす 注目 防災 子育て マイナンバーカード ごみ くらし しごと 観光 市政・議会 現在地 トップページ > 分類でさがす > しごとの情報 > 産業振興 > 企業支援・誘致・広告 本文 企業支援・誘致・広告 おすすめ情報 2025年8月12日更新 公共施設（（元）社会福祉協議会）の有効活用に係る事業者選定におけるプロポーザル審査結果について 2025年6月26日更新 令和７年度第2次大分県地域課題解決型起業支援事業について(公益財
10	19	津久見市	令和８年 第２回 ６月定例会 【議決結果】	https://www.city.tsukumi.oita.jp/site/gikai/32982.html	令和８年 第２回 ６月定例会 【議決結果】 - 津久見市公式ホームページ ページの先頭です。 メニューを飛ばして本文へ メニュー 本文へ Foreign language 背景色・文字サイズ 背景色 白 黒 青 文字サイズ 標準 拡大 キーワード検索 詳細検索 分類でさがす 組織でさがす カレンダーでさがす 注目 防災 子育て マイナンバーカード ごみ くらし しごと 観光 市政・議会 現在地 トップページ > 津久見市議会 > 令和８年 第２回 ６月定例会 【議決結果】 津久見市議会 本文 令和８年 第２回 ６月定例会 【議決結果】 印刷ページ表示 更新日：2026年7月3日更新 ○令和８年第２回（６月）定例会及び諸会議の日程は下記のとおりです。 日時 会場 ６月 ８日（月曜日）１０時～ 議会運営委員会 新館
10	19	津久見市	令和８年 第１回 ３月定例会 【議決結果】	https://www.city.tsukumi.oita.jp/site/gikai/32164.html	令和８年 第１回 ３月定例会 【議決結果】 - 津久見市公式ホームページ ページの先頭です。 メニューを飛ばして本文へ メニュー 本文へ Foreign language 背景色・文字サイズ 背景色 白 黒 青 文字サイズ 標準 拡大 キーワード検索 詳細検索 分類でさがす 組織でさがす カレンダーでさがす 注目 防災 子育て マイナンバーカード ごみ くらし しごと 観光 市政・議会 現在地 トップページ > 津久見市議会 > 令和８年 第１回 ３月定例会 【議決結果】 津久見市議会 本文 令和８年 第１回 ３月定例会 【議決結果】 印刷ページ表示 更新日：2026年3月23日更新 ○令和８年第１回（３月）定例会及び諸会議の日程は下記のとおりです。 日時 会場 ２月２４日（火曜日）１０時～ 議会運営委員会 新
10	19	豊後高田市	結婚促進	https://www.city.bungotakada.oita.jp/life/1/19/63/	結婚促進 - 豊後高田市ホームページ ページの先頭です。 メニューを飛ばして本文へ メニュー --> 豊後高田市の魅力 ヘルプ メニュー 本文へ 本文へ --> 検索 文字サイズ・色合い変更 文字サイズ 標準 拡大 背景色変更 白 黒 青 Translate 防災 当番医 サイト内 検索 Googleカスタム検索 詳しく さがす ID検索(ページの番号を入れてください) ID検索 注目ワード 住みたい田舎 子育て支援 昭和の町 ふるさと納税 休日当番医 ごみ検索 住民票・戸籍・印鑑登録 申請・届出 よくある質問 イベントカレンダー 一時保存する メニュー くらし・手続き 子育て・教育 健康・福祉 移住・定住 観光・イベント 市政 現在地 トップページ > 分類でさがす > くらし > 移住定住情報 > 結婚促進
10	19	豊後高田市	子育て支援課	https://www.city.bungotakada.oita.jp/soshiki/10/	子育て支援課 - 豊後高田市ホームページ ページの先頭です。 メニューを飛ばして本文へ メニュー --> 豊後高田市の魅力 ヘルプ メニュー 本文へ 本文へ --> 検索 文字サイズ・色合い変更 文字サイズ 標準 拡大 背景色変更 白 黒 青 Translate 防災 当番医 サイト内 検索 Googleカスタム検索 詳しく さがす ID検索(ページの番号を入れてください) ID検索 注目ワード 住みたい田舎 子育て支援 昭和の町 ふるさと納税 休日当番医 ごみ検索 住民票・戸籍・印鑑登録 申請・届出 よくある質問 イベントカレンダー 一時保存する メニュー くらし・手続き 子育て・教育 健康・福祉 移住・定住 観光・イベント 市政 現在地 トップページ > 組織でさがす > 高田庁舎 > 子育て支援課 本文
10	18	杵築市	市立中学校生徒遠距離通学費支援	https://www.city.kitsuki.lg.jp/soshiki/1/fukusi/kitsukikosodatesien/keizaitekisien/11310.html	市立中学校生徒遠距離通学費支援／杵築市 スマートフォン版を表示 本文へ Foreign language 携帯サイト 文字サイズ 背景色 PCサイト Foreign language キーワードで探す トップページへ くらしの情報 健康・福祉 教育・子育て 観光・歴史 産業・ビジネス 市政・まちづくり 定住促進サイト ブランドサイト メニューを閉じる くらしの情報 健康･福祉 教育･子育て 観光･歴史 産業･ビジネス 市政･まちづくり キーワードで探す 経済的な支援について こんなときには 転入・転出 妊娠・出産・子育て 入園・入学 就職・退職 結婚・離婚 高齢者・介護 終活・死亡・相続 税金 現在の位置 ホーム 組織で探す 市長部局 福祉事務所 子育て支援情報 経済的な支援について 市立中学校生徒遠距離通学費
10	18	津久見市	「（仮称）旧第二中校舎コミュニティセンター」施設利用 （社会実証実験）のお知らせ	https://www.city.tsukumi.oita.jp/soshiki/25/32466.html	「（仮称）旧第二中校舎コミュニティセンター」施設利用 （社会実証実験）のお知らせ - 津久見市公式ホームページ ページの先頭です。 メニューを飛ばして本文へ メニュー 本文へ Foreign language 背景色・文字サイズ 背景色 白 黒 青 文字サイズ 標準 拡大 キーワード検索 詳細検索 分類でさがす 組織でさがす カレンダーでさがす 注目 防災 子育て マイナンバーカード ごみ くらし しごと 観光 市政・議会 現在地 トップページ > 組織でさがす > 教育委員会（市民図書館） > 生涯学習課 > 「（仮称）旧第二中校舎コミュニティセンター」施設利用 （社会実証実験）のお知らせ 本文 「（仮称）旧第二中校舎コミュニティセンター」施設利用 （社会実証実験）のお知らせ 印刷ページ表示 更新日：2026
9	18	津久見市	子育て応援アプリ「てとて」をご利用ください！（母子モ）	https://www.city.tsukumi.oita.jp/site/kosodate/17204.html	子育て応援アプリ「てとて」をご利用ください！（母子モ） - 津久見市公式ホームページ ページの先頭です。 メニューを飛ばして本文へ メニュー 検索 本文へ はじめての方へ Foreign language 背景色・文字サイズ 背景色 白 黒 青 文字サイズ 標準 拡大 目的でさがす 年齢でさがす 施設 休日・夜間当番医 イベントカレンダー キーワード検索 現在地 トップページ > 津久見市子育て応援サイト「つくみっこ」 > 目的でさがす > 健康管理 > 子育て応援アプリ「てとて」をご利用ください！（母子モ） 本文 子育て応援アプリ「てとて」をご利用ください！（母子モ） 印刷ページ表示 更新日：2020年10月1日更新 母子手帳アプリ「母子モ」って？ １０月１日から、母子手帳アプリ「母子モ」の津久見市版のサービ
9	18	津久見市	市報つくみ2026年6月号（No.954）	https://www.city.tsukumi.oita.jp/site/shihou/32731.html	市報つくみ2026年6月号（No.954） - 津久見市公式ホームページ ページの先頭です。 メニューを飛ばして本文へ メニュー 本文へ Foreign language 背景色・文字サイズ 背景色 白 黒 青 文字サイズ 標準 拡大 キーワード検索 詳細検索 分類でさがす 組織でさがす カレンダーでさがす 注目 防災 子育て マイナンバーカード ごみ くらし しごと 観光 市政・議会 現在地 トップページ > 市報つくみ > 市報つくみ2026年6月号（No.954） 市報つくみ 本文 市報つくみ2026年6月号（No.954） 印刷ページ表示 更新日：2026年6月1日更新 市報つくみ ２０２６年６月号 市報つくみ２０２６年６月号 [PDFファイル／21.85MB] 項目ごとにダウンロード １ページ 表紙
9	18	津久見市	学校施設整備計画について	https://www.city.tsukumi.oita.jp/soshiki/23/24.html	学校施設整備計画について - 津久見市公式ホームページ ページの先頭です。 メニューを飛ばして本文へ メニュー 本文へ Foreign language 背景色・文字サイズ 背景色 白 黒 青 文字サイズ 標準 拡大 キーワード検索 詳細検索 分類でさがす 組織でさがす カレンダーでさがす 注目 防災 子育て マイナンバーカード ごみ くらし しごと 観光 市政・議会 現在地 トップページ > 分類でさがす > くらしの情報 > 教育 > 小学校・中学校 > 学校施設整備計画について 本文 学校施設整備計画について 印刷ページ表示 更新日：2025年10月27日更新 義務教育諸学校等の施設費の国庫負担等に関する法律第１２条第４項及び学校施設環境改善交付金交付要綱第８に基づき、学校施設整備計画及びその事後評価結果
9	18	津久見市	市報つくみ2024年7月号（No.931）	https://www.city.tsukumi.oita.jp/site/shihou/27439.html	市報つくみ2024年7月号（No.931） - 津久見市公式ホームページ ページの先頭です。 メニューを飛ばして本文へ メニュー 本文へ Foreign language 背景色・文字サイズ 背景色 白 黒 青 文字サイズ 標準 拡大 キーワード検索 詳細検索 分類でさがす 組織でさがす カレンダーでさがす 注目 防災 子育て マイナンバーカード ごみ くらし しごと 観光 市政・議会 現在地 トップページ > 市報つくみ > 市報つくみ2024年7月号（No.931） 市報つくみ 本文 市報つくみ2024年7月号（No.931） 印刷ページ表示 更新日：2024年7月1日更新 市報つくみ ２０２４年７月号 市報つくみ２０２４年７月号 [PDFファイル／32.35MB] 項目ごとにダウンロード １～２ページ 表
9	18	豊後高田市	地球温暖化対策・省エネ	https://www.city.bungotakada.oita.jp/life/1/10/35/	地球温暖化対策・省エネ - 豊後高田市ホームページ ページの先頭です。 メニューを飛ばして本文へ メニュー --> 豊後高田市の魅力 ヘルプ メニュー 本文へ 本文へ --> 検索 文字サイズ・色合い変更 文字サイズ 標準 拡大 背景色変更 白 黒 青 Translate 防災 当番医 サイト内 検索 Googleカスタム検索 詳しく さがす ID検索(ページの番号を入れてください) ID検索 注目ワード 住みたい田舎 子育て支援 昭和の町 ふるさと納税 休日当番医 ごみ検索 住民票・戸籍・印鑑登録 申請・届出 よくある質問 イベントカレンダー 一時保存する メニュー くらし・手続き 子育て・教育 健康・福祉 移住・定住 観光・イベント 市政 現在地 トップページ > 分類でさがす > くらし > 環境・衛生
9	18	豊後高田市	健康診断・医療	https://www.city.bungotakada.oita.jp/life/3/21/	健康診断・医療 - 豊後高田市ホームページ ページの先頭です。 メニューを飛ばして本文へ メニュー --> 豊後高田市の魅力 ヘルプ メニュー 本文へ 本文へ --> 検索 文字サイズ・色合い変更 文字サイズ 標準 拡大 背景色変更 白 黒 青 Translate 防災 当番医 サイト内 検索 Googleカスタム検索 詳しく さがす ID検索(ページの番号を入れてください) ID検索 注目ワード 住みたい田舎 子育て支援 昭和の町 ふるさと納税 休日当番医 ごみ検索 住民票・戸籍・印鑑登録 申請・届出 よくある質問 イベントカレンダー 一時保存する メニュー くらし・手続き 子育て・教育 健康・福祉 移住・定住 観光・イベント 市政 現在地 トップページ > 分類でさがす > 医療・健康・福祉 > 健康診断・
9	18	豊後高田市	学校・教育	https://www.city.bungotakada.oita.jp/site/kosodate-kyoiku/list12-42.html	学校・教育 - ぶんごたかだの子育てサイト - 豊後高田市ホームページ ページの先頭です。 メニューを飛ばして本文へ 検索 メニュー 本文へ 文字サイズ・色合い変更 文字サイズ 標準 拡大 背景色変更 白 黒 青 translate サイト内 検索 Googleカスタム検索 詳しく さがす ID検索(ページの番号を入れてください) 注目ワード オンライン手続き 子育て支援 休日当番医情報 現在地 トップページ > ぶんごたかだの子育てサイト > 目的別 > 学校・教育 本文 学校・教育 2026年7月1日更新 学校公開日の日程 2026年6月15日更新 放課後児童クラブ 2026年6月1日更新 豊後高田市通学路交通安全プログラム 2026年5月8日更新 学びの21世紀塾 中学生英語講座 2026年4月30日更新
9	18	豊後高田市	新着情報	https://www.city.bungotakada.oita.jp/soshiki/list1-4.html	新着情報 - 豊後高田市ホームページ ページの先頭です。 メニューを飛ばして本文へ メニュー --> 豊後高田市の魅力 ヘルプ メニュー 本文へ 本文へ --> 検索 文字サイズ・色合い変更 文字サイズ 標準 拡大 背景色変更 白 黒 青 Translate 防災 当番医 サイト内 検索 Googleカスタム検索 詳しく さがす ID検索(ページの番号を入れてください) ID検索 注目ワード 住みたい田舎 子育て支援 昭和の町 ふるさと納税 休日当番医 ごみ検索 住民票・戸籍・印鑑登録 申請・届出 よくある質問 イベントカレンダー 一時保存する メニュー くらし・手続き 子育て・教育 健康・福祉 移住・定住 観光・イベント 市政 現在地 トップページ > 新着情報 本文 新着情報 2026年5月18日更新 英検
9	16	杵築市	医療費・補助	https://www.city.kitsuki.lg.jp/kenkofukushi/kenkou_iryou/1/index.html	医療費・補助／杵築市 スマートフォン版を表示 本文へ Foreign language 携帯サイト 文字サイズ 背景色 PCサイト Foreign language キーワードで探す トップページへ くらしの情報 健康・福祉 教育・子育て 観光・歴史 産業・ビジネス 市政・まちづくり 定住促進サイト ブランドサイト メニューを閉じる くらしの情報 健康･福祉 教育･子育て 観光･歴史 産業･ビジネス 市政･まちづくり キーワードで探す 健康・医療 こんなときには 転入・転出 妊娠・出産・子育て 入園・入学 就職・退職 結婚・離婚 高齢者・介護 終活・死亡・相続 税金 現在の位置 ホーム 健康・福祉 健康・医療 医療費・補助 医療費・補助 入院時食事（生活）療養費について 入院時食事（生活）療養費について（後期高
9	16	杵築市	国民健康保険	https://www.city.kitsuki.lg.jp/kurashi/hoken_nenkin/3/index.html	国民健康保険／杵築市 スマートフォン版を表示 本文へ Foreign language 携帯サイト 文字サイズ 背景色 PCサイト Foreign language キーワードで探す トップページへ くらしの情報 健康・福祉 教育・子育て 観光・歴史 産業・ビジネス 市政・まちづくり 定住促進サイト ブランドサイト メニューを閉じる くらしの情報 健康･福祉 教育･子育て 観光･歴史 産業･ビジネス 市政･まちづくり キーワードで探す 保険・年金 こんなときには 転入・転出 妊娠・出産・子育て 入園・入学 就職・退職 結婚・離婚 高齢者・介護 終活・死亡・相続 税金 現在の位置 ホーム くらしの情報 保険・年金 国民健康保険 国民健康保険 国民健康保険資格取得・喪失関係の説明 被保険者（国民健康保険）が亡くなっ
8	17	津久見市	障がい者（児）福祉	https://www.city.tsukumi.oita.jp/life/1/8/41/	障がい者（児）福祉 - 津久見市公式ホームページ ページの先頭です。 メニューを飛ばして本文へ メニュー 本文へ Foreign language 背景色・文字サイズ 背景色 白 黒 青 文字サイズ 標準 拡大 キーワード検索 詳細検索 分類でさがす 組織でさがす カレンダーでさがす 注目 防災 子育て マイナンバーカード ごみ くらし しごと 観光 市政・議会 現在地 トップページ > 分類でさがす > くらしの情報 > 介護・福祉 > 障がい者（児）福祉 本文 障がい者（児）福祉 基本情報 2020年9月17日更新 ヘルプマークの交付を開始します 2019年5月22日更新 障がい者（児）福祉 関連情報 助成・制度 津久見市医療的ケア児等在宅レスパイト支援事業について 各種サービスや助成について カード型障害
8	17	豊後高田市	感染症予防	https://www.city.bungotakada.oita.jp/life/3/24/181/	感染症予防 - 豊後高田市ホームページ ページの先頭です。 メニューを飛ばして本文へ メニュー --> 豊後高田市の魅力 ヘルプ メニュー 本文へ 本文へ --> 検索 文字サイズ・色合い変更 文字サイズ 標準 拡大 背景色変更 白 黒 青 Translate 防災 当番医 サイト内 検索 Googleカスタム検索 詳しく さがす ID検索(ページの番号を入れてください) ID検索 注目ワード 住みたい田舎 子育て支援 昭和の町 ふるさと納税 休日当番医 ごみ検索 住民票・戸籍・印鑑登録 申請・届出 よくある質問 イベントカレンダー 一時保存する メニュー くらし・手続き 子育て・教育 健康・福祉 移住・定住 観光・イベント 市政 現在地 トップページ > 分類でさがす > 医療・健康・福祉 > 予防接種・感染
8	17	豊後高田市	物価高騰対応重点支援地方創生臨時交付金	https://www.city.bungotakada.oita.jp/life/4/37/183/	物価高騰対応重点支援地方創生臨時交付金 - 豊後高田市ホームページ ページの先頭です。 メニューを飛ばして本文へ メニュー --> 豊後高田市の魅力 ヘルプ メニュー 本文へ 本文へ --> 検索 文字サイズ・色合い変更 文字サイズ 標準 拡大 背景色変更 白 黒 青 Translate 防災 当番医 サイト内 検索 Googleカスタム検索 詳しく さがす ID検索(ページの番号を入れてください) ID検索 注目ワード 住みたい田舎 子育て支援 昭和の町 ふるさと納税 休日当番医 ごみ検索 住民票・戸籍・印鑑登録 申請・届出 よくある質問 イベントカレンダー 一時保存する メニュー くらし・手続き 子育て・教育 健康・福祉 移住・定住 観光・イベント 市政 現在地 トップページ > 分類でさがす > 市政情報
8	17	豊後高田市	農林水産業	https://www.city.bungotakada.oita.jp/life/4/33/102/	農林水産業 - 豊後高田市ホームページ ページの先頭です。 メニューを飛ばして本文へ メニュー --> 豊後高田市の魅力 ヘルプ メニュー 本文へ 本文へ --> 検索 文字サイズ・色合い変更 文字サイズ 標準 拡大 背景色変更 白 黒 青 Translate 防災 当番医 サイト内 検索 Googleカスタム検索 詳しく さがす ID検索(ページの番号を入れてください) ID検索 注目ワード 住みたい田舎 子育て支援 昭和の町 ふるさと納税 休日当番医 ごみ検索 住民票・戸籍・印鑑登録 申請・届出 よくある質問 イベントカレンダー 一時保存する メニュー くらし・手続き 子育て・教育 健康・福祉 移住・定住 観光・イベント 市政 現在地 トップページ > 分類でさがす > 市政情報 > 事業者向け情報 > 農
8	16	杵築市	新生児の健診	https://www.city.kitsuki.lg.jp/soshiki/1/fukusi/kitsukikosodatesien/akachanumaretara/akachanmamacare/10723.html	新生児の健診／杵築市 スマートフォン版を表示 本文へ Foreign language 携帯サイト 文字サイズ 背景色 PCサイト Foreign language キーワードで探す トップページへ くらしの情報 健康・福祉 教育・子育て 観光・歴史 産業・ビジネス 市政・まちづくり 定住促進サイト ブランドサイト メニューを閉じる くらしの情報 健康･福祉 教育･子育て 観光･歴史 産業･ビジネス 市政･まちづくり キーワードで探す 赤ちゃん、ママのケアについて こんなときには 転入・転出 妊娠・出産・子育て 入園・入学 就職・退職 結婚・離婚 高齢者・介護 終活・死亡・相続 税金 現在の位置 ホーム 組織で探す 市長部局 福祉事務所 子育て支援情報 赤ちゃんが生まれたら 赤ちゃん、ママのケアについて 新生児
8	16	杵築市	県外で定期予防接種を希望する場合	https://www.city.kitsuki.lg.jp/soshiki/1/fukusi/kitsukikosodatesien/akachanumaretara/akachanmamacare/10973.html	県外で定期予防接種を希望する場合／杵築市 スマートフォン版を表示 本文へ Foreign language 携帯サイト 文字サイズ 背景色 PCサイト Foreign language キーワードで探す トップページへ くらしの情報 健康・福祉 教育・子育て 観光・歴史 産業・ビジネス 市政・まちづくり 定住促進サイト ブランドサイト メニューを閉じる くらしの情報 健康･福祉 教育･子育て 観光･歴史 産業･ビジネス 市政･まちづくり キーワードで探す 赤ちゃん、ママのケアについて こんなときには 転入・転出 妊娠・出産・子育て 入園・入学 就職・退職 結婚・離婚 高齢者・介護 終活・死亡・相続 税金 現在の位置 ホーム 組織で探す 市長部局 福祉事務所 子育て支援情報 赤ちゃんが生まれたら 赤ちゃん、ママの
7	28	杵築市	就労情報	https://www.city.kitsuki.lg.jp/teijuusokushin/kitsukidehataraku/index.html	就労情報／杵築市 本文へ移動 Foreign Language 文字サイズ 背景色変更 杵築市サイトへ きつきで暮らす きつきで働く きつきで子育て 空家バンク Q&A Foreign Language きつきで子育て きつきで働く きつきで暮らす 空家バンク Q&A 空き家バンク 先輩移住者の声 メニューを閉じる 現在のページ ホーム 定住促進サイト 就労情報 就労情報 Tweet 更新日：2026年04月01日 制度や事業の詳細は、担当課にお問い合わせください。 ハローワーク インターネットサービス おおいたジョブナビ おおいた産業人財センター おおいたで働こう 1.ハローワーク求人情報の提供（商工観光課） 本庁舎内窓口にてチラシ及び専用パソコンによるハローワーク求人情報を提供します。 事業・助成の内容等
7	21	津久見市	産業振興	https://www.city.tsukumi.oita.jp/life/2/17/	産業振興 - 津久見市公式ホームページ ページの先頭です。 メニューを飛ばして本文へ メニュー 本文へ Foreign language 背景色・文字サイズ 背景色 白 黒 青 文字サイズ 標準 拡大 キーワード検索 詳細検索 分類でさがす 組織でさがす カレンダーでさがす 注目 防災 子育て マイナンバーカード ごみ くらし しごと 観光 市政・議会 現在地 トップページ > 分類でさがす > しごとの情報 > 産業振興 本文 産業振興 新着情報 2026年7月10日更新 おおいた地域若者サポートステーション（県南常設サテライト） 2026年7月10日更新 ハローワーク新着情報 2026年6月29日更新 キャラクター「つくみん」のデザイン等使用について 2026年6月1日更新 ミニ企業説明会 2026年5月1
7	16	臼杵市	記事	https://www.city.usuki.oita.jp/docs/	記事 | 臼杵市役所 本文へ ふりがなをつける --> 文字の大きさ 拡大 標準 縮小 背景色 黒 青 標準 読み上げる 臼杵市 メニュー サイトマップ お問合せ 総合トップ 市民向け 観光 ふるさと納税 移住・定住 事業者向け 他のカテゴリも表示する TOP 記事 記事 2026年7月17日 臼杵市男女共同参画推進懇話会 ( 2026年7月17日 ) 2026年7月15日 空き家バンク物件情報一覧 ( 2026年7月15日 ) 2026年7月3日 臼杵市中央公民館公式Instagramを開設しました！ ( 2026年7月3日 ) 市営戸室墓園の使用者を募集します ( 2026年7月3日 ) 2026年7月2日 臼杵市水道ビジョン ( 2026年7月2日 ) 2026年7月1日 決算書 ( 2026年7月1日
7	16	津久見市	つくみフォトニュース	https://www.city.tsukumi.oita.jp/soshiki/list6-1.html	つくみフォトニュース - 津久見市公式ホームページ ページの先頭です。 メニューを飛ばして本文へ メニュー 本文へ Foreign language 背景色・文字サイズ 背景色 白 黒 青 文字サイズ 標準 拡大 キーワード検索 詳細検索 分類でさがす 組織でさがす カレンダーでさがす 注目 防災 子育て マイナンバーカード ごみ くらし しごと 観光 市政・議会 現在地 トップページ > つくみフォトニュース 本文 つくみフォトニュース 2026年7月10日更新 津久見観劇会事業「子どもたちへの鎮魂歌（レクイエム）」 2026年6月29日更新 倉敷児童合唱団・津久見樫の実少年少女合唱団 サマーコンサートを開催します 2026年6月1日更新 【情報提供】九州停電情報提供アプリ 2026年4月7日更新 津久見市民
7	16	津久見市	市民生活課 人権尊重・部落差別解消推進室	https://www.city.tsukumi.oita.jp/soshiki/2/	市民生活課 人権尊重・部落差別解消推進室 - 津久見市公式ホームページ ページの先頭です。 メニューを飛ばして本文へ メニュー 本文へ Foreign language 背景色・文字サイズ 背景色 白 黒 青 文字サイズ 標準 拡大 キーワード検索 詳細検索 分類でさがす 組織でさがす カレンダーでさがす 注目 防災 子育て マイナンバーカード ごみ くらし しごと 観光 市政・議会 現在地 トップページ > 組織でさがす > 本庁 > 市民生活課 人権尊重・部落差別解消推進室 本文 市民生活課 人権尊重・部落差別解消推進室 新着情報 2026年6月1日更新 つくみ地域安全ニュース 2025年10月1日更新 見守り新鮮情報 2025年8月12日更新 戸籍に記載するフリガナの通知を送付しました 2025年5月13
7	16	津久見市	（R8年4月1日からこちら）産後ケア事業	https://www.city.tsukumi.oita.jp/site/kosodate/15508.html	（R8年4月1日からこちら）産後ケア事業 - 津久見市公式ホームページ ページの先頭です。 メニューを飛ばして本文へ メニュー 検索 本文へ はじめての方へ Foreign language 背景色・文字サイズ 背景色 白 黒 青 文字サイズ 標準 拡大 目的でさがす 年齢でさがす 施設 休日・夜間当番医 イベントカレンダー キーワード検索 現在地 トップページ > 津久見市子育て応援サイト「つくみっこ」 > 目的でさがす > 健康管理 > （R8年4月1日からこちら）産後ケア事業 本文 （R8年4月1日からこちら）産後ケア事業 印刷ページ表示 更新日：2026年4月1日更新 出産後のお母さんが、地域で安心して子育てできるよう、大分県内で契約している産科医療機関・助産所等において、宿泊型・デイサービス型・訪問型
7	16	津久見市	公園について	https://www.city.tsukumi.oita.jp/soshiki/12/228.html	公園について - 津久見市公式ホームページ ページの先頭です。 メニューを飛ばして本文へ メニュー 本文へ Foreign language 背景色・文字サイズ 背景色 白 黒 青 文字サイズ 標準 拡大 キーワード検索 詳細検索 分類でさがす 組織でさがす カレンダーでさがす 注目 防災 子育て マイナンバーカード ごみ くらし しごと 観光 市政・議会 現在地 トップページ > 組織でさがす > 本庁 > まちづくり課 > 公園について 本文 公園について 印刷ページ表示 更新日：2026年1月6日更新 津久見市の公園 ◆公園 公園は、誰でも自由に利用できますが安全に楽しく利用できるようにマナーやルールがあります。利用者のみなさんのご理解とご協力をお願いします。 公園使用上の注意 ・ 公園は皆さんの施設です
7	16	津久見市	つくみん公園・コンテナ293号	https://www.city.tsukumi.oita.jp/site/kanko2/1517.html	つくみん公園・コンテナ293号 - 津久見市公式ホームページ ページの先頭です。 メニューを飛ばして本文へ メニュー 本文へ Foreign language 背景色・文字サイズ 背景色 白 黒 青 文字サイズ 標準 拡大 キーワード検索 詳細検索 分類でさがす 組織でさがす カレンダーでさがす 注目 防災 子育て マイナンバーカード ごみ くらし しごと 観光 市政・議会 現在地 トップページ > 観光情報 > つくみん公園・コンテナ293号 観光情報 本文 つくみん公園・コンテナ293号 印刷ページ表示 更新日：2024年4月1日更新 つくみん公園 &ldquo;海遊王国&rdquo;がモチーフのつくみん公園 広い駐車場を完備し、一面芝生の園内は、港まつりや扇子踊りなどの大きなイベントの他、遠足、体操、ビア
7	16	津久見市	新着情報	https://www.city.tsukumi.oita.jp/soshiki/list1-7.html	新着情報 - 津久見市公式ホームページ ページの先頭です。 メニューを飛ばして本文へ メニュー 本文へ Foreign language 背景色・文字サイズ 背景色 白 黒 青 文字サイズ 標準 拡大 キーワード検索 詳細検索 分類でさがす 組織でさがす カレンダーでさがす 注目 防災 子育て マイナンバーカード ごみ くらし しごと 観光 市政・議会 現在地 トップページ > 新着情報 本文 新着情報 2025年4月1日更新 中小企業等経営強化法による先端設備等導入計画の認定申請について（令和7年度） 2025年4月1日更新 企業立地促進に関する助成について 2025年4月1日更新 地方創生人材奨学資金返還支援事業について 2025年4月1日更新 令和7年度 津久見市一般廃棄物処理実施計画 2025年4月1日
7	16	津久見市	ペリネイタルビジット（育児等保健指導）を利用しませんか	https://www.city.tsukumi.oita.jp/site/kosodate/23873.html	ペリネイタルビジット（育児等保健指導）を利用しませんか - 津久見市公式ホームページ ページの先頭です。 メニューを飛ばして本文へ メニュー 検索 本文へ はじめての方へ Foreign language 背景色・文字サイズ 背景色 白 黒 青 文字サイズ 標準 拡大 目的でさがす 年齢でさがす 施設 休日・夜間当番医 イベントカレンダー キーワード検索 現在地 トップページ > 津久見市子育て応援サイト「つくみっこ」 > 年齢でさがす > 生まれるまで > ペリネイタルビジット（育児等保健指導）を利用しませんか 本文 ペリネイタルビジット（育児等保健指導）を利用しませんか 印刷ページ表示 更新日：2023年3月6日更新 出産前にあるいは出産後早めに、かかりつけの小児科医を作っておいて、産後の育児不安をすこしで
7	16	津久見市	病後児保育室「ひまわり」をご利用ください！	https://www.city.tsukumi.oita.jp/site/kosodate/1835.html	病後児保育室「ひまわり」をご利用ください！ - 津久見市公式ホームページ ページの先頭です。 メニューを飛ばして本文へ メニュー 検索 本文へ はじめての方へ Foreign language 背景色・文字サイズ 背景色 白 黒 青 文字サイズ 標準 拡大 目的でさがす 年齢でさがす 施設 休日・夜間当番医 イベントカレンダー キーワード検索 現在地 トップページ > 分類でさがす > くらしの情報 > ライフステージ > 子育て > 津久見市子育て応援サイト「つくみっこ」 > 目的でさがす > 健康管理 > 病後児保育室「ひまわり」をご利用ください！ 本文 病後児保育室「ひまわり」をご利用ください！ 印刷ページ表示 更新日：2016年6月1日更新 病後児保育とは、お子さんが病気の回復期にあって集団保育が困難な
7	16	津久見市	ご遺族の方へ	https://www.city.tsukumi.oita.jp/soshiki/2/108.html	ご遺族の方へ - 津久見市公式ホームページ ページの先頭です。 メニューを飛ばして本文へ メニュー 本文へ Foreign language 背景色・文字サイズ 背景色 白 黒 青 文字サイズ 標準 拡大 キーワード検索 詳細検索 分類でさがす 組織でさがす カレンダーでさがす 注目 防災 子育て マイナンバーカード ごみ くらし しごと 観光 市政・議会 現在地 トップページ > 分類でさがす > くらしの情報 > ライフステージ > 逝去 > ご遺族の方へ 本文 ご遺族の方へ 印刷ページ表示 更新日：2019年1月11日更新 ご遺族の方へ お亡くなりになった方の行政上の必要な手続きについて記載しています。ご参考の上、後日、市役所で手続きをお願いします。 公的年金の受給者 未支給年金の請求および死亡届の手続が
7	16	津久見市	市報つくみ2026年3月号（No.951）	https://www.city.tsukumi.oita.jp/site/shihou/32070.html	市報つくみ2026年3月号（No.951） - 津久見市公式ホームページ ページの先頭です。 メニューを飛ばして本文へ メニュー 本文へ Foreign language 背景色・文字サイズ 背景色 白 黒 青 文字サイズ 標準 拡大 キーワード検索 詳細検索 分類でさがす 組織でさがす カレンダーでさがす 注目 防災 子育て マイナンバーカード ごみ くらし しごと 観光 市政・議会 現在地 トップページ > 市報つくみ > 市報つくみ2026年3月号（No.951） 市報つくみ 本文 市報つくみ2026年3月号（No.951） 印刷ページ表示 更新日：2026年3月2日更新 市報つくみ ２０２６年３月号 市報つくみ２０２６年３月号 [PDFファイル／16.58MB] 項目ごとにダウンロード １ページ 表紙
7	16	津久見市	市報つくみ2026年4月号（No.952）	https://www.city.tsukumi.oita.jp/site/shihou/32289.html	市報つくみ2026年4月号（No.952） - 津久見市公式ホームページ ページの先頭です。 メニューを飛ばして本文へ メニュー 本文へ Foreign language 背景色・文字サイズ 背景色 白 黒 青 文字サイズ 標準 拡大 キーワード検索 詳細検索 分類でさがす 組織でさがす カレンダーでさがす 注目 防災 子育て マイナンバーカード ごみ くらし しごと 観光 市政・議会 現在地 トップページ > 市報つくみ > 市報つくみ2026年4月号（No.952） 市報つくみ 本文 市報つくみ2026年4月号（No.952） 印刷ページ表示 更新日：2026年4月1日更新 市報つくみ ２０２６年４月号 市報つくみ２０２６年４月号 [PDFファイル／17.77MB] 項目ごとにダウンロード １ページ 表紙
7	16	津久見市	市報つくみ2024年1月号（No.925）	https://www.city.tsukumi.oita.jp/site/shihou/26061.html	市報つくみ2024年1月号（No.925） - 津久見市公式ホームページ ページの先頭です。 メニューを飛ばして本文へ メニュー 本文へ Foreign language 背景色・文字サイズ 背景色 白 黒 青 文字サイズ 標準 拡大 キーワード検索 詳細検索 分類でさがす 組織でさがす カレンダーでさがす 注目 防災 子育て マイナンバーカード ごみ くらし しごと 観光 市政・議会 現在地 トップページ > 市報つくみ > 市報つくみ2024年1月号（No.925） 市報つくみ 本文 市報つくみ2024年1月号（No.925） 印刷ページ表示 更新日：2023年12月28日更新 市報つくみ ２０２４年１月号 市報つくみ２０２４年１月号 [PDFファイル／19.67MB] 今月の表紙 市報1月号（No.925
7	16	津久見市	市報つくみ2024年2月号（No.926）	https://www.city.tsukumi.oita.jp/site/shihou/26274.html	市報つくみ2024年2月号（No.926） - 津久見市公式ホームページ ページの先頭です。 メニューを飛ばして本文へ メニュー 本文へ Foreign language 背景色・文字サイズ 背景色 白 黒 青 文字サイズ 標準 拡大 キーワード検索 詳細検索 分類でさがす 組織でさがす カレンダーでさがす 注目 防災 子育て マイナンバーカード ごみ くらし しごと 観光 市政・議会 現在地 トップページ > 市報つくみ > 市報つくみ2024年2月号（No.926） 市報つくみ 本文 市報つくみ2024年2月号（No.926） 印刷ページ表示 更新日：2024年2月1日更新 市報つくみ ２０２４年２月号 市報つくみ２０２４年２月号 [PDFファイル／24.46MB] 今月の表紙 市報2月号（No.926）の
7	16	津久見市	市報つくみ2024年9月号（No.933）	https://www.city.tsukumi.oita.jp/site/shihou/27962.html	市報つくみ2024年9月号（No.933） - 津久見市公式ホームページ ページの先頭です。 メニューを飛ばして本文へ メニュー 本文へ Foreign language 背景色・文字サイズ 背景色 白 黒 青 文字サイズ 標準 拡大 キーワード検索 詳細検索 分類でさがす 組織でさがす カレンダーでさがす 注目 防災 子育て マイナンバーカード ごみ くらし しごと 観光 市政・議会 現在地 トップページ > 市報つくみ > 市報つくみ2024年9月号（No.933） 市報つくみ 本文 市報つくみ2024年9月号（No.933） 印刷ページ表示 更新日：2024年9月2日更新 市報つくみ ２０２４年９月号 市報つくみ２０２４年９月号 [PDFファイル／17.37MB] 項目ごとにダウンロード １ページ 表紙
7	16	津久見市	市報つくみ2024年10月号（No.934）	https://www.city.tsukumi.oita.jp/site/shihou/28212.html	市報つくみ2024年10月号（No.934） - 津久見市公式ホームページ ページの先頭です。 メニューを飛ばして本文へ メニュー 本文へ Foreign language 背景色・文字サイズ 背景色 白 黒 青 文字サイズ 標準 拡大 キーワード検索 詳細検索 分類でさがす 組織でさがす カレンダーでさがす 注目 防災 子育て マイナンバーカード ごみ くらし しごと 観光 市政・議会 現在地 トップページ > 市報つくみ > 市報つくみ2024年10月号（No.934） 市報つくみ 本文 市報つくみ2024年10月号（No.934） 印刷ページ表示 更新日：2024年10月1日更新 市報つくみ ２０２４年１０月号 市報つくみ２０２４年１０月号 [PDFファイル／19.16MB] 項目ごとにダウンロード １ペ
7	16	津久見市	市報つくみ2024年12月号（No.936）	https://www.city.tsukumi.oita.jp/site/shihou/28631.html	市報つくみ2024年12月号（No.936） - 津久見市公式ホームページ ページの先頭です。 メニューを飛ばして本文へ メニュー 本文へ Foreign language 背景色・文字サイズ 背景色 白 黒 青 文字サイズ 標準 拡大 キーワード検索 詳細検索 分類でさがす 組織でさがす カレンダーでさがす 注目 防災 子育て マイナンバーカード ごみ くらし しごと 観光 市政・議会 現在地 トップページ > 市報つくみ > 市報つくみ2024年12月号（No.936） 市報つくみ 本文 市報つくみ2024年12月号（No.936） 印刷ページ表示 更新日：2024年12月2日更新 市報つくみ ２０２４年１２月号 市報つくみ２０２４年１２月号 [PDFファイル／23.03MB] 項目ごとにダウンロード １ペ
7	16	津久見市	市報つくみ2023年1月号（No.913）	https://www.city.tsukumi.oita.jp/site/shihou/23317.html	市報つくみ2023年1月号（No.913） - 津久見市公式ホームページ ページの先頭です。 メニューを飛ばして本文へ メニュー 本文へ Foreign language 背景色・文字サイズ 背景色 白 黒 青 文字サイズ 標準 拡大 キーワード検索 詳細検索 分類でさがす 組織でさがす カレンダーでさがす 注目 防災 子育て マイナンバーカード ごみ くらし しごと 観光 市政・議会 現在地 トップページ > 市報つくみ > 市報つくみ2023年1月号（No.913） 市報つくみ 本文 市報つくみ2023年1月号（No.913） 印刷ページ表示 更新日：2022年12月28日更新 市報つくみ ２０２３年１月号 前半ページ（表紙～１５ページ） [PDFファイル／26.83MB] 後半ページ（１６ページ～裏表紙）
7	16	津久見市	市報つくみ2023年2月号（No.914）	https://www.city.tsukumi.oita.jp/site/shihou/23594.html	市報つくみ2023年2月号（No.914） - 津久見市公式ホームページ ページの先頭です。 メニューを飛ばして本文へ メニュー 本文へ Foreign language 背景色・文字サイズ 背景色 白 黒 青 文字サイズ 標準 拡大 キーワード検索 詳細検索 分類でさがす 組織でさがす カレンダーでさがす 注目 防災 子育て マイナンバーカード ごみ くらし しごと 観光 市政・議会 現在地 トップページ > 市報つくみ > 市報つくみ2023年2月号（No.914） 市報つくみ 本文 市報つくみ2023年2月号（No.914） 印刷ページ表示 更新日：2023年2月1日更新 市報つくみ ２０２３年２月号 前半ページ（表紙～１５ページ） [PDFファイル／28.68MB] 後半ページ（１６ページ～裏表紙） [
7	16	津久見市	市報つくみ2023年3月号（No.915）	https://www.city.tsukumi.oita.jp/site/shihou/23788.html	市報つくみ2023年3月号（No.915） - 津久見市公式ホームページ ページの先頭です。 メニューを飛ばして本文へ メニュー 本文へ Foreign language 背景色・文字サイズ 背景色 白 黒 青 文字サイズ 標準 拡大 キーワード検索 詳細検索 分類でさがす 組織でさがす カレンダーでさがす 注目 防災 子育て マイナンバーカード ごみ くらし しごと 観光 市政・議会 現在地 トップページ > 市報つくみ > 市報つくみ2023年3月号（No.915） 市報つくみ 本文 市報つくみ2023年3月号（No.915） 印刷ページ表示 更新日：2023年3月1日更新 市報つくみ ２０２３年３月号 前半ページ（表紙～１３ページ） [PDFファイル／15.81MB] 後半ページ（１４ページ～裏表紙） [
7	16	津久見市	市報つくみ2023年7月号（No.919）	https://www.city.tsukumi.oita.jp/site/shihou/24758.html	市報つくみ2023年7月号（No.919） - 津久見市公式ホームページ ページの先頭です。 メニューを飛ばして本文へ メニュー 本文へ Foreign language 背景色・文字サイズ 背景色 白 黒 青 文字サイズ 標準 拡大 キーワード検索 詳細検索 分類でさがす 組織でさがす カレンダーでさがす 注目 防災 子育て マイナンバーカード ごみ くらし しごと 観光 市政・議会 現在地 トップページ > 市報つくみ > 市報つくみ2023年7月号（No.919） 市報つくみ 本文 市報つくみ2023年7月号（No.919） 印刷ページ表示 更新日：2023年6月30日更新 市報つくみ ２０２３年７月号 市報つくみ２０２３年７月号 [PDFファイル／37.73MB] 項目ごとにダウンロード １ページ 表紙
7	16	津久見市	市報つくみ2023年8月号（No.920）	https://www.city.tsukumi.oita.jp/site/shihou/24962.html	市報つくみ2023年8月号（No.920） - 津久見市公式ホームページ ページの先頭です。 メニューを飛ばして本文へ メニュー 本文へ Foreign language 背景色・文字サイズ 背景色 白 黒 青 文字サイズ 標準 拡大 キーワード検索 詳細検索 分類でさがす 組織でさがす カレンダーでさがす 注目 防災 子育て マイナンバーカード ごみ くらし しごと 観光 市政・議会 現在地 トップページ > 市報つくみ > 市報つくみ2023年8月号（No.920） 市報つくみ 本文 市報つくみ2023年8月号（No.920） 印刷ページ表示 更新日：2023年8月1日更新 市報つくみ ２０２３年８月号 市報つくみ２０２３年８月号 [PDFファイル／28.65MB] 項目ごとにダウンロード １ページ 表紙
7	16	津久見市	市報つくみ2023年11月号（No.923）	https://www.city.tsukumi.oita.jp/site/shihou/25637.html	市報つくみ2023年11月号（No.923） - 津久見市公式ホームページ ページの先頭です。 メニューを飛ばして本文へ メニュー 本文へ Foreign language 背景色・文字サイズ 背景色 白 黒 青 文字サイズ 標準 拡大 キーワード検索 詳細検索 分類でさがす 組織でさがす カレンダーでさがす 注目 防災 子育て マイナンバーカード ごみ くらし しごと 観光 市政・議会 現在地 トップページ > 市報つくみ > 市報つくみ2023年11月号（No.923） 市報つくみ 本文 市報つくみ2023年11月号（No.923） 印刷ページ表示 更新日：2023年11月1日更新 市報つくみ ２０２３年１1月号 市報つくみ２０２３年１１月号 [PDFファイル／21.57MB] 項目ごとにダウンロード １ペ
7	16	津久見市	市報つくみ2023年12月号（No.924）	https://www.city.tsukumi.oita.jp/site/shihou/25837.html	市報つくみ2023年12月号（No.924） - 津久見市公式ホームページ ページの先頭です。 メニューを飛ばして本文へ メニュー 本文へ Foreign language 背景色・文字サイズ 背景色 白 黒 青 文字サイズ 標準 拡大 キーワード検索 詳細検索 分類でさがす 組織でさがす カレンダーでさがす 注目 防災 子育て マイナンバーカード ごみ くらし しごと 観光 市政・議会 現在地 トップページ > 市報つくみ > 市報つくみ2023年12月号（No.924） 市報つくみ 本文 市報つくみ2023年12月号（No.924） 印刷ページ表示 更新日：2023年12月1日更新 市報つくみ ２０２３年１２月号 市報つくみ２０２３年１２月号 [PDFファイル／20.25MB] 今月の表紙 市報１２月号（N
7	16	豊後高田市	国民年金	https://www.city.bungotakada.oita.jp/life/1/4/18/	国民年金 - 豊後高田市ホームページ ページの先頭です。 メニューを飛ばして本文へ メニュー --> 豊後高田市の魅力 ヘルプ メニュー 本文へ 本文へ --> 検索 文字サイズ・色合い変更 文字サイズ 標準 拡大 背景色変更 白 黒 青 Translate 防災 当番医 サイト内 検索 Googleカスタム検索 詳しく さがす ID検索(ページの番号を入れてください) ID検索 注目ワード 住みたい田舎 子育て支援 昭和の町 ふるさと納税 休日当番医 ごみ検索 住民票・戸籍・印鑑登録 申請・届出 よくある質問 イベントカレンダー 一時保存する メニュー くらし・手続き 子育て・教育 健康・福祉 移住・定住 観光・イベント 市政 現在地 トップページ > 分類でさがす > くらし > 年金・保険 > 国民年金
7	16	豊後高田市	会計課	https://www.city.bungotakada.oita.jp/soshiki/24/	会計課 - 豊後高田市ホームページ ページの先頭です。 メニューを飛ばして本文へ メニュー --> 豊後高田市の魅力 ヘルプ メニュー 本文へ 本文へ --> 検索 文字サイズ・色合い変更 文字サイズ 標準 拡大 背景色変更 白 黒 青 Translate 防災 当番医 サイト内 検索 Googleカスタム検索 詳しく さがす ID検索(ページの番号を入れてください) ID検索 注目ワード 住みたい田舎 子育て支援 昭和の町 ふるさと納税 休日当番医 ごみ検索 住民票・戸籍・印鑑登録 申請・届出 よくある質問 イベントカレンダー 一時保存する メニュー くらし・手続き 子育て・教育 健康・福祉 移住・定住 観光・イベント 市政 現在地 トップページ > 組織でさがす > 高田庁舎 > 会計課 本文 会計課 新着
7	16	豊後高田市	くらし	https://www.city.bungotakada.oita.jp/life/1/index-2.html	くらし - 豊後高田市ホームページ ページの先頭です。 メニューを飛ばして本文へ メニュー --> 豊後高田市の魅力 ヘルプ メニュー 本文へ 本文へ --> 検索 文字サイズ・色合い変更 文字サイズ 標準 拡大 背景色変更 白 黒 青 Translate 防災 当番医 サイト内 検索 Googleカスタム検索 詳しく さがす ID検索(ページの番号を入れてください) ID検索 注目ワード 住みたい田舎 子育て支援 昭和の町 ふるさと納税 休日当番医 ごみ検索 住民票・戸籍・印鑑登録 申請・届出 よくある質問 イベントカレンダー 一時保存する メニュー くらし・手続き 子育て・教育 健康・福祉 移住・定住 観光・イベント 市政 現在地 トップページ > 分類でさがす > くらし 本文 くらし 新着情報 2026
7	16	豊後高田市	ごみ分別表・収集日程表	https://www.city.bungotakada.oita.jp/site/kankyo/list17-88.html	ごみ分別表・収集日程表 - ごみ出し・分別・リサイクル - 豊後高田市ホームページ ページの先頭です。 メニューを飛ばして本文へ メニュー --> 豊後高田市の魅力 ヘルプ メニュー 本文へ 本文へ --> 検索 文字サイズ・色合い変更 文字サイズ 標準 拡大 背景色変更 白 黒 青 Translate 防災 当番医 サイト内 検索 Googleカスタム検索 詳しく さがす ID検索(ページの番号を入れてください) ID検索 注目ワード 住みたい田舎 子育て支援 昭和の町 ふるさと納税 休日当番医 ごみ検索 住民票・戸籍・印鑑登録 申請・届出 よくある質問 イベントカレンダー 一時保存する メニュー くらし・手続き 子育て・教育 健康・福祉 移住・定住 観光・イベント 市政 現在地 トップページ > ごみ出し・
7	16	豊後高田市	ごみ清掃工場へのごみの持ち込み	https://www.city.bungotakada.oita.jp/site/kankyo/list17-89.html	ごみ清掃工場へのごみの持ち込み - ごみ出し・分別・リサイクル - 豊後高田市ホームページ ページの先頭です。 メニューを飛ばして本文へ メニュー --> 豊後高田市の魅力 ヘルプ メニュー 本文へ 本文へ --> 検索 文字サイズ・色合い変更 文字サイズ 標準 拡大 背景色変更 白 黒 青 Translate 防災 当番医 サイト内 検索 Googleカスタム検索 詳しく さがす ID検索(ページの番号を入れてください) ID検索 注目ワード 住みたい田舎 子育て支援 昭和の町 ふるさと納税 休日当番医 ごみ検索 住民票・戸籍・印鑑登録 申請・届出 よくある質問 イベントカレンダー 一時保存する メニュー くらし・手続き 子育て・教育 健康・福祉 移住・定住 観光・イベント 市政 現在地 トップページ > ご
6	20	津久見市	国民健康保険	https://www.city.tsukumi.oita.jp/life/1/4/22/	国民健康保険 - 津久見市公式ホームページ ページの先頭です。 メニューを飛ばして本文へ メニュー 本文へ Foreign language 背景色・文字サイズ 背景色 白 黒 青 文字サイズ 標準 拡大 キーワード検索 詳細検索 分類でさがす 組織でさがす カレンダーでさがす 注目 防災 子育て マイナンバーカード ごみ くらし しごと 観光 市政・議会 現在地 トップページ > 分類でさがす > くらしの情報 > 保険・年金 > 国民健康保険 本文 国民健康保険 基本情報 2026年6月12日更新 国民健康保険税について 2025年7月17日更新 マイナンバーカードの健康保険証利用について 2024年12月2日更新 国民健康保険の加入・脱退手続きについて 2024年11月21日更新 国民健康保険の給付 20
6	20	豊後高田市		https://www.city.bungotakada.oita.jp/site/kosodate-kyoiku/index-2.html	ぶんごたかだの子育てサイト - 豊後高田市ホームページ ページの先頭です。 メニューを飛ばして本文へ 検索 本文へ 文字サイズ・色合い変更 文字サイズ 標準 拡大 背景色変更 白 黒 青 translate サイト内 検索 Googleカスタム検索 詳しく さがす ID検索(ページの番号を入れてください) 注目ワード オンライン手続き 子育て支援 休日当番医情報 官民連携による子育てサポート 友だち登録お願いします！ 本文 新着情報 2026年7月17日更新 夢いろトピックス 2026年7月14日更新 ひまわりフェスタ2026【7月24日～8月30日まで】 2026年7月13日更新 2026長崎鼻サマーフェスティバル【令和8年7月19日開催】 2026年7月7日更新 【申込期限 7月27日（月曜日）まで】大分県
6	19	杵築市	寄附金の活用方法	https://www.city.kitsuki.lg.jp/soshiki/1/syoukou_kankou/furusato/katsuyou.html	寄附金の活用方法／杵築市 スマートフォン版を表示 本文へ Foreign language 携帯サイト 文字サイズ 背景色 PCサイト Foreign language キーワードで探す トップページへ くらしの情報 健康・福祉 教育・子育て 観光・歴史 産業・ビジネス 市政・まちづくり 定住促進サイト ブランドサイト メニューを閉じる くらしの情報 健康･福祉 教育･子育て 観光･歴史 産業･ビジネス 市政･まちづくり キーワードで探す ふるさと納税（ふるさと杵築応援寄附金）について こんなときには 転入・転出 妊娠・出産・子育て 入園・入学 就職・退職 結婚・離婚 高齢者・介護 終活・死亡・相続 税金 現在の位置 ホーム 組織で探す 市長部局 商工観光課 ふるさと納税（ふるさと杵築応援寄附金）について 寄附
5	26	津久見市	介護保険・介護予防・高齢者福祉に関することを掲載しています	https://www.city.tsukumi.oita.jp/site/koureisha/	介護保険・介護予防・高齢者福祉に関することを掲載しています - 津久見市公式ホームページ ページの先頭です。 メニューを飛ばして本文へ メニュー 本文へ Foreign language 背景色・文字サイズ 背景色 白 黒 青 文字サイズ 標準 拡大 キーワード検索 詳細検索 分類でさがす 組織でさがす カレンダーでさがす 注目 防災 子育て マイナンバーカード ごみ くらし しごと 観光 市政・議会 現在地 トップページ > 高齢者・介護 高齢者・介護 本文 介護保険・介護予防・高齢者福祉に関することを掲載しています 印刷ページ表示 更新日：2025年2月3日更新 新着情報 2026年2月1日更新 ２月１日は『フレイルの日』です 2025年12月17日更新 旭町サロンで嚥下勉強会『ゴクリ』を開催しました！ 2
5	19	津久見市	経営政策課	https://www.city.tsukumi.oita.jp/soshiki/10/	経営政策課 - 津久見市公式ホームページ ページの先頭です。 メニューを飛ばして本文へ メニュー 本文へ Foreign language 背景色・文字サイズ 背景色 白 黒 青 文字サイズ 標準 拡大 キーワード検索 詳細検索 分類でさがす 組織でさがす カレンダーでさがす 注目 防災 子育て マイナンバーカード ごみ くらし しごと 観光 市政・議会 現在地 トップページ > 組織でさがす > 本庁 > 経営政策課 本文 経営政策課 新着情報 2026年5月29日更新 令和７年国勢調査速報 2026年4月22日更新 物価高騰対応重点支援地方創生臨時交付金事業 2026年4月9日更新 津久見市新庁舎建設について 2026年4月7日更新 【公式LINE】保戸島航路の欠航情報の配信を開始しました！ 2026年4月
5	19	津久見市	3～5歳児	https://www.city.tsukumi.oita.jp/site/kosodate/list90-335.html	3～5歳児 - 津久見市子育て応援サイト「つくみっこ」 - 津久見市公式ホームページ ページの先頭です。 メニューを飛ばして本文へ メニュー 検索 本文へ はじめての方へ Foreign language 背景色・文字サイズ 背景色 白 黒 青 文字サイズ 標準 拡大 目的でさがす 年齢でさがす 施設 休日・夜間当番医 イベントカレンダー キーワード検索 現在地 トップページ > 津久見市子育て応援サイト「つくみっこ」 > 年齢でさがす > 3～5歳児 本文 3～5歳児 2026年6月26日更新 ７月の津久見市の子育て関連イベントです！ 2026年4月24日更新 認定こども園・保育所・幼稚園の利用について 2025年4月1日更新 市外の病児保育施設を利用した際の利用料を補助します！ 2024年7月4日更新 子ど
4	25	竹田市	社会福祉課	https://www.city.taketa.oita.jp/soshiki/shakaifukushika/index.html	社会福祉課／竹田市 スマートフォン版を表示 本文へ 文字サイズ 背景色変更 Foreign Language 目的別で探す 妊娠・出産 子育て 入園・入学 就職・退職 結婚・離婚 引越し・住まい 高齢・介護 おくやみ よく利用されるメニュー 手続き検索ナビ 申請書ダウンロード ごみ検索 イベントカレンダー お問い合わせ お問い合わせフォームへ よく見られるページ 関連施設等のページ 竹田市立図書館 竹田市総合文化ホール グランツたけた 竹田市歴史文化館 竹田市消防本部 くらし・ 手続き 健康・福祉 市政・ まちづくり 子育て・教育 産業・ 事業者向け情報 学び・ スポーツ 移住・定住 文化・歴史 ・観光 現在のページ ホーム 組織から探す 社会福祉課 社会福祉課 新着情報 NEW! 現在、新着情報はございません
3	28	杵築市	障がい福祉に関する制度・手続き	https://www.city.kitsuki.lg.jp/soshiki/1/fukusi/kitsukikosodatesien/hitorioyahattatusien/kodomonohattatusien/syougaihukusiseido/index.html	障がい福祉に関する制度・手続き／杵築市 スマートフォン版を表示 本文へ Foreign language 携帯サイト 文字サイズ 背景色 PCサイト Foreign language キーワードで探す トップページへ くらしの情報 健康・福祉 教育・子育て 観光・歴史 産業・ビジネス 市政・まちづくり 定住促進サイト ブランドサイト メニューを閉じる くらしの情報 健康･福祉 教育･子育て 観光･歴史 産業･ビジネス 市政･まちづくり キーワードで探す こどもの発達支援について こんなときには 転入・転出 妊娠・出産・子育て 入園・入学 就職・退職 結婚・離婚 高齢者・介護 終活・死亡・相続 税金 現在の位置 ホーム 組織で探す 市長部局 福祉事務所 子育て支援情報 ひとり親・こどもの発達支援 こどもの発達支援
3	17	津久見市	環境・衛生・ごみ	https://www.city.tsukumi.oita.jp/life/1/5/	環境・衛生・ごみ - 津久見市公式ホームページ ページの先頭です。 メニューを飛ばして本文へ メニュー 本文へ Foreign language 背景色・文字サイズ 背景色 白 黒 青 文字サイズ 標準 拡大 キーワード検索 詳細検索 分類でさがす 組織でさがす カレンダーでさがす 注目 防災 子育て マイナンバーカード ごみ くらし しごと 観光 市政・議会 現在地 トップページ > 分類でさがす > くらしの情報 > 環境・衛生・ごみ 本文 環境・衛生・ごみ 新着情報 2026年7月13日更新 イヌマキ等の害虫（キオビエダシャク）被害にご注意ください。 2026年4月1日更新 津久見市電動式生ごみ処理機の購入助成について 2026年4月1日更新 合併処理浄化槽の設置に助成をします 2025年4月1日更新 令
3	17	津久見市	農林水産課	https://www.city.tsukumi.oita.jp/soshiki/15/	農林水産課 - 津久見市公式ホームページ ページの先頭です。 メニューを飛ばして本文へ メニュー 本文へ Foreign language 背景色・文字サイズ 背景色 白 黒 青 文字サイズ 標準 拡大 キーワード検索 詳細検索 分類でさがす 組織でさがす カレンダーでさがす 注目 防災 子育て マイナンバーカード ごみ くらし しごと 観光 市政・議会 現在地 トップページ > 組織でさがす > 本庁 > 農林水産課 本文 農林水産課 新着情報 2026年3月2日更新 地域計画 2025年8月29日更新 中山間地域等直接支払交付金制度実施状況 2024年4月1日更新 森林の伐採について 2022年1月11日更新 漁港施設使用許可申請について 2021年3月16日更新 令和2年度「活力ある津久見市の創造」に向け
3	17	津久見市	環境保全課	https://www.city.tsukumi.oita.jp/soshiki/26/	環境保全課 - 津久見市公式ホームページ ページの先頭です。 メニューを飛ばして本文へ メニュー 本文へ Foreign language 背景色・文字サイズ 背景色 白 黒 青 文字サイズ 標準 拡大 キーワード検索 詳細検索 分類でさがす 組織でさがす カレンダーでさがす 注目 防災 子育て マイナンバーカード ごみ くらし しごと 観光 市政・議会 現在地 トップページ > 組織でさがす > 本庁 > 環境保全課 本文 環境保全課 新着情報 2026年7月13日更新 イヌマキ等の害虫（キオビエダシャク）被害にご注意ください。 2026年7月10日更新 第３次津久見市環境基本計画及び津久見市地球温暖化対策実行計画（区域施策編）策定支援業務委託並びに津久見市地球温暖化対策実行計画（事務事業編）の見直し業務委託
3	17	津久見市	環境・衛生・ごみ	https://www.city.tsukumi.oita.jp/life/1/5/index-2.html	環境・衛生・ごみ - 津久見市公式ホームページ ページの先頭です。 メニューを飛ばして本文へ メニュー 本文へ Foreign language 背景色・文字サイズ 背景色 白 黒 青 文字サイズ 標準 拡大 キーワード検索 詳細検索 分類でさがす 組織でさがす カレンダーでさがす 注目 防災 子育て マイナンバーカード ごみ くらし しごと 観光 市政・議会 現在地 トップページ > 分類でさがす > くらしの情報 > 環境・衛生・ごみ 本文 環境・衛生・ごみ 新着情報 2026年7月13日更新 イヌマキ等の害虫（キオビエダシャク）被害にご注意ください。 2026年4月1日更新 津久見市電動式生ごみ処理機の購入助成について 2026年4月1日更新 合併処理浄化槽の設置に助成をします 2025年4月1日更新 令
2	20	豊後高田市	トピックス	https://www.city.bungotakada.oita.jp/site/showanomachi/list1-5.html	トピックス - 昭和の町・豊後高田市公式観光サイト - 豊後高田市ホームページ ページの先頭です。 メニューを飛ばして本文へ 豊後高田市 の魅力 メニュー ヘルプ 文字サイズ・色合い変更 文字サイズ 標準 拡大 背景色変更 白 黒 青 translate サイト内 検索 Googleカスタム検索 詳しく さがす ID検索(ページの番号を入れてください) 注目ワード 鬼が仏になった里「くにさき」 ＜外部リンク＞ ふるさと納税 ＜外部リンク＞ 千年ロマン百貨店 ＜外部リンク＞ 一時保存する イベント・トピックス グルメ・お土産 おすすめ情報 （観光デジタルパンフ） 六郷満山(神社仏閣) 宿泊・温泉 体験(アクティビティ) アクセス情報 観光予約申込 現在地 トップページ > 昭和の町・豊後高田市公式観光サイト >
2	20	豊後高田市		https://www.city.bungotakada.oita.jp/site/showanomachi/index-2.html	昭和の町・豊後高田市公式観光サイト - 豊後高田市ホームページ ページの先頭です。 メニューを飛ばして本文へ 豊後高田市 の魅力 メニュー ヘルプ 文字サイズ・色合い変更 文字サイズ 標準 拡大 背景色変更 白 黒 青 translate サイト内 検索 Googleカスタム検索 詳しく さがす ID検索(ページの番号を入れてください) 注目ワード 鬼が仏になった里「くにさき」 ＜外部リンク＞ ふるさと納税 ＜外部リンク＞ 千年ロマン百貨店 ＜外部リンク＞ 一時保存する 豊後高田昭和の町 真玉海岸 国宝 富貴寺大堂 花とアートの岬 長崎鼻 くにさき六郷温泉 イベント・トピックス グルメ・お土産 おすすめ情報 （観光デジタルパンフ） 六郷満山(神社仏閣) 宿泊・温泉 体験(アクティビティ) アクセス情報 観光予約
2	16	津久見市	保険・年金	https://www.city.tsukumi.oita.jp/life/1/4/	保険・年金 - 津久見市公式ホームページ ページの先頭です。 メニューを飛ばして本文へ メニュー 本文へ Foreign language 背景色・文字サイズ 背景色 白 黒 青 文字サイズ 標準 拡大 キーワード検索 詳細検索 分類でさがす 組織でさがす カレンダーでさがす 注目 防災 子育て マイナンバーカード ごみ くらし しごと 観光 市政・議会 現在地 トップページ > 分類でさがす > くらしの情報 > 保険・年金 本文 保険・年金 新着情報 2025年7月17日更新 マイナンバーカードの健康保険証利用について 2017年9月1日更新 平成３０年４月から市町村国民健康保険制度が変わります 2017年7月14日更新 年金からの特別徴収制度について 2016年7月14日更新 ジェネリック医薬品で医療費負
2	16	津久見市	重要なお知らせ	https://www.city.tsukumi.oita.jp/soshiki/list3-1.html	重要なお知らせ - 津久見市公式ホームページ ページの先頭です。 メニューを飛ばして本文へ メニュー 本文へ Foreign language 背景色・文字サイズ 背景色 白 黒 青 文字サイズ 標準 拡大 キーワード検索 詳細検索 分類でさがす 組織でさがす カレンダーでさがす 注目 防災 子育て マイナンバーカード ごみ くらし しごと 観光 市政・議会 現在地 トップページ > 重要なお知らせ 本文 重要なお知らせ 2026年6月29日更新 道路全面通行止めについて（市道千怒日見線） 2026年6月26日更新 ごみ処理施設やごみ収集車の火災が多発しています 2026年6月26日更新 火災発生に伴う注意喚起 2026年5月11日更新 自治体を装った詐欺メールに要注意 2026年5月1日更新 一般貨物自動車運
2	16	津久見市	保険・年金	https://www.city.tsukumi.oita.jp/life/1/4/index-2.html	保険・年金 - 津久見市公式ホームページ ページの先頭です。 メニューを飛ばして本文へ メニュー 本文へ Foreign language 背景色・文字サイズ 背景色 白 黒 青 文字サイズ 標準 拡大 キーワード検索 詳細検索 分類でさがす 組織でさがす カレンダーでさがす 注目 防災 子育て マイナンバーカード ごみ くらし しごと 観光 市政・議会 現在地 トップページ > 分類でさがす > くらしの情報 > 保険・年金 本文 保険・年金 新着情報 2025年7月17日更新 マイナンバーカードの健康保険証利用について 2017年9月1日更新 平成３０年４月から市町村国民健康保険制度が変わります 2017年7月14日更新 年金からの特別徴収制度について 2016年7月14日更新 ジェネリック医薬品で医療費負
0	25	杵築市	福祉事務所	https://www.city.kitsuki.lg.jp/soshiki/1/fukusi/index.html	福祉事務所／杵築市 スマートフォン版を表示 本文へ Foreign language 携帯サイト 文字サイズ 背景色 PCサイト Foreign language キーワードで探す トップページへ くらしの情報 健康・福祉 教育・子育て 観光・歴史 産業・ビジネス 市政・まちづくり 定住促進サイト ブランドサイト メニューを閉じる くらしの情報 健康･福祉 教育･子育て 観光･歴史 産業･ビジネス 市政･まちづくり キーワードで探す 市長部局 こんなときには 転入・転出 妊娠・出産・子育て 入園・入学 就職・退職 結婚・離婚 高齢者・介護 終活・死亡・相続 税金 現在の位置 ホーム 組織で探す 市長部局 福祉事務所 福祉事務所 Tweet 業務内容 総務・高齢者福祉係 各種募金 民生委員、児童委員、社会福祉団体
0	21	竹田市	子育て・教育	https://www.city.taketa.oita.jp/kosodate_kyoiku/index.html	子育て・教育／竹田市 スマートフォン版を表示 本文へ 文字サイズ 背景色変更 Foreign Language 目的別で探す 妊娠・出産 子育て 入園・入学 就職・退職 結婚・離婚 引越し・住まい 高齢・介護 おくやみ よく利用されるメニュー 手続き検索ナビ 申請書ダウンロード ごみ検索 イベントカレンダー お問い合わせ お問い合わせフォームへ よく見られるページ 関連施設等のページ 竹田市立図書館 竹田市総合文化ホール グランツたけた 竹田市歴史文化館 竹田市消防本部 くらし・ 手続き 健康・福祉 市政・ まちづくり 子育て・教育 産業・ 事業者向け情報 学び・ スポーツ 移住・定住 文化・歴史 ・観光 現在のページ ホーム 子育て・教育 子育て・教育 Tweet 新着情報 NEW! 現在、新着情報はございま
0	18	豊後高田市	豊後高田昭和の町	https://www.city.bungotakada.oita.jp/site/showanomachi/list3-218.html	豊後高田昭和の町 - 昭和の町・豊後高田市公式観光サイト - 豊後高田市ホームページ ページの先頭です。 メニューを飛ばして本文へ 豊後高田市 の魅力 メニュー ヘルプ 文字サイズ・色合い変更 文字サイズ 標準 拡大 背景色変更 白 黒 青 translate サイト内 検索 Googleカスタム検索 詳しく さがす ID検索(ページの番号を入れてください) 注目ワード 鬼が仏になった里「くにさき」 ＜外部リンク＞ ふるさと納税 ＜外部リンク＞ 千年ロマン百貨店 ＜外部リンク＞ 一時保存する イベント・トピックス グルメ・お土産 おすすめ情報 （観光デジタルパンフ） 六郷満山(神社仏閣) 宿泊・温泉 体験(アクティビティ) アクセス情報 観光予約申込 現在地 トップページ > 昭和の町・豊後高田市公式観光サイト
-1	20	豊後高田市	医療・健康・福祉	https://www.city.bungotakada.oita.jp/life/3/	医療・健康・福祉 - 豊後高田市ホームページ ページの先頭です。 メニューを飛ばして本文へ メニュー --> 豊後高田市の魅力 ヘルプ メニュー 本文へ 本文へ --> 検索 文字サイズ・色合い変更 文字サイズ 標準 拡大 背景色変更 白 黒 青 Translate 防災 当番医 サイト内 検索 Googleカスタム検索 詳しく さがす ID検索(ページの番号を入れてください) ID検索 注目ワード 住みたい田舎 子育て支援 昭和の町 ふるさと納税 休日当番医 ごみ検索 住民票・戸籍・印鑑登録 申請・届出 よくある質問 イベントカレンダー 一時保存する メニュー くらし・手続き 子育て・教育 健康・福祉 移住・定住 観光・イベント 市政 現在地 トップページ > 分類でさがす > 医療・健康・福祉 本文 医療・
-1	20	豊後高田市	国民健康保険	https://www.city.bungotakada.oita.jp/site/kokuho/	国民健康保険 - 豊後高田市ホームページ ページの先頭です。 メニューを飛ばして本文へ メニュー --> 豊後高田市の魅力 ヘルプ メニュー 本文へ 本文へ --> 検索 文字サイズ・色合い変更 文字サイズ 標準 拡大 背景色変更 白 黒 青 Translate 防災 当番医 サイト内 検索 Googleカスタム検索 詳しく さがす ID検索(ページの番号を入れてください) ID検索 注目ワード 住みたい田舎 子育て支援 昭和の町 ふるさと納税 休日当番医 ごみ検索 住民票・戸籍・印鑑登録 申請・届出 よくある質問 イベントカレンダー 一時保存する メニュー くらし・手続き 子育て・教育 健康・福祉 移住・定住 観光・イベント 市政 現在地 トップページ > 国民健康保険 国民健康保険 国民健康保険メニュー 本
-3	18	竹田市	令和6年度市民税県民税所得割の定額減税について	https://www.city.taketa.oita.jp/kurashi_tetsuzuki/zeikin/zeinikansuruosirase/R6teigakugenzei/index.html	令和6年度市民税県民税所得割の定額減税について／竹田市 スマートフォン版を表示 本文へ 文字サイズ 背景色変更 Foreign Language 目的別で探す 妊娠・出産 子育て 入園・入学 就職・退職 結婚・離婚 引越し・住まい 高齢・介護 おくやみ よく利用されるメニュー 手続き検索ナビ 申請書ダウンロード ごみ検索 イベントカレンダー お問い合わせ お問い合わせフォームへ よく見られるページ 関連施設等のページ 竹田市立図書館 竹田市総合文化ホール グランツたけた 竹田市歴史文化館 竹田市消防本部 くらし・ 手続き 健康・福祉 市政・ まちづくり 子育て・教育 産業・ 事業者向け情報 学び・ スポーツ 移住・定住 文化・歴史 ・観光 現在のページ ホーム くらし・手続き 税金 税に関するお知らせ 令和6年
-4	17	竹田市	子育て支援	https://www.city.taketa.oita.jp/kosodate_kyoiku/kosodateshien/index.html	子育て支援／竹田市 スマートフォン版を表示 本文へ 文字サイズ 背景色変更 Foreign Language 目的別で探す 妊娠・出産 子育て 入園・入学 就職・退職 結婚・離婚 引越し・住まい 高齢・介護 おくやみ よく利用されるメニュー 手続き検索ナビ 申請書ダウンロード ごみ検索 イベントカレンダー お問い合わせ お問い合わせフォームへ よく見られるページ 関連施設等のページ 竹田市立図書館 竹田市総合文化ホール グランツたけた 竹田市歴史文化館 竹田市消防本部 くらし・ 手続き 健康・福祉 市政・ まちづくり 子育て・教育 産業・ 事業者向け情報 学び・ スポーツ 移住・定住 文化・歴史 ・観光 現在のページ ホーム 子育て・教育 子育て支援 子育て支援 Tweet こども誰でも通園制度が始まります。
-5	16	竹田市	高齢者福祉・介護	https://www.city.taketa.oita.jp/kenko_fukushi/fukushi_kaigo/index.html	高齢者福祉・介護／竹田市 スマートフォン版を表示 本文へ 文字サイズ 背景色変更 Foreign Language 目的別で探す 妊娠・出産 子育て 入園・入学 就職・退職 結婚・離婚 引越し・住まい 高齢・介護 おくやみ よく利用されるメニュー 手続き検索ナビ 申請書ダウンロード ごみ検索 イベントカレンダー お問い合わせ お問い合わせフォームへ よく見られるページ 関連施設等のページ 竹田市立図書館 竹田市総合文化ホール グランツたけた 竹田市歴史文化館 竹田市消防本部 くらし・ 手続き 健康・福祉 市政・ まちづくり 子育て・教育 産業・ 事業者向け情報 学び・ スポーツ 移住・定住 文化・歴史 ・観光 現在のページ ホーム 健康・福祉・人権 高齢者福祉・介護 高齢者福祉・介護 介護事業所等における指定申
-5	16	豊後高田市	豊後高田市ケーブルネットワークトップページ	https://www.city.bungotakada.oita.jp/site/bungotakadacatv/	豊後高田市ケーブルネットワークトップページ - 豊後高田市ホームページ ページの先頭です。 メニューを飛ばして本文へ メニュー --> 豊後高田市の魅力 ヘルプ メニュー 本文へ 本文へ --> 検索 文字サイズ・色合い変更 文字サイズ 標準 拡大 背景色変更 白 黒 青 Translate 防災 当番医 サイト内 検索 Googleカスタム検索 詳しく さがす ID検索(ページの番号を入れてください) ID検索 注目ワード 住みたい田舎 子育て支援 昭和の町 ふるさと納税 休日当番医 ごみ検索 住民票・戸籍・印鑑登録 申請・届出 よくある質問 イベントカレンダー 一時保存する メニュー くらし・手続き 子育て・教育 健康・福祉 移住・定住 観光・イベント 市政 現在地 トップページ > 分類でさがす > くら
-5	16	豊後高田市	ごみ出し・分別・リサイクル	https://www.city.bungotakada.oita.jp/site/kankyo/	ごみ出し・分別・リサイクル - 豊後高田市ホームページ ページの先頭です。 メニューを飛ばして本文へ メニュー --> 豊後高田市の魅力 ヘルプ メニュー 本文へ 本文へ --> 検索 文字サイズ・色合い変更 文字サイズ 標準 拡大 背景色変更 白 黒 青 Translate 防災 当番医 サイト内 検索 Googleカスタム検索 詳しく さがす ID検索(ページの番号を入れてください) ID検索 注目ワード 住みたい田舎 子育て支援 昭和の町 ふるさと納税 休日当番医 ごみ検索 住民票・戸籍・印鑑登録 申請・届出 よくある質問 イベントカレンダー 一時保存する メニュー くらし・手続き 子育て・教育 健康・福祉 移住・定住 観光・イベント 市政 現在地 トップページ > ごみ出し・分別・リサイクル ごみ出し・
-6	19	杵築市	農林水産課	https://www.city.kitsuki.lg.jp/soshiki/1/nourinsuisan/index.html	農林水産課／杵築市 スマートフォン版を表示 本文へ Foreign language 携帯サイト 文字サイズ 背景色 PCサイト Foreign language キーワードで探す トップページへ くらしの情報 健康・福祉 教育・子育て 観光・歴史 産業・ビジネス 市政・まちづくり 定住促進サイト ブランドサイト メニューを閉じる くらしの情報 健康･福祉 教育･子育て 観光･歴史 産業･ビジネス 市政･まちづくり キーワードで探す 市長部局 こんなときには 転入・転出 妊娠・出産・子育て 入園・入学 就職・退職 結婚・離婚 高齢者・介護 終活・死亡・相続 税金 現在の位置 ホーム 組織で探す 市長部局 農林水産課 農林水産課 Tweet 業務内容 農業振興係 農業の振興 農政に係る企画及び調査 担い手、農業後
-8	17	杵築市	ひとり親の支援について	https://www.city.kitsuki.lg.jp/soshiki/1/fukusi/kitsukikosodatesien/hitorioyahattatusien/hitorioyasien/index.html	ひとり親の支援について／杵築市 スマートフォン版を表示 本文へ Foreign language 携帯サイト 文字サイズ 背景色 PCサイト Foreign language キーワードで探す トップページへ くらしの情報 健康・福祉 教育・子育て 観光・歴史 産業・ビジネス 市政・まちづくり 定住促進サイト ブランドサイト メニューを閉じる くらしの情報 健康･福祉 教育･子育て 観光･歴史 産業･ビジネス 市政･まちづくり キーワードで探す ひとり親・こどもの発達支援 こんなときには 転入・転出 妊娠・出産・子育て 入園・入学 就職・退職 結婚・離婚 高齢者・介護 終活・死亡・相続 税金 現在の位置 ホーム 組織で探す 市長部局 福祉事務所 子育て支援情報 ひとり親・こどもの発達支援 ひとり親の支援について
-9	16	杵築市	税務課	https://www.city.kitsuki.lg.jp/soshiki/1/zeimu/index.html	税務課／杵築市 スマートフォン版を表示 本文へ Foreign language 携帯サイト 文字サイズ 背景色 PCサイト Foreign language キーワードで探す トップページへ くらしの情報 健康・福祉 教育・子育て 観光・歴史 産業・ビジネス 市政・まちづくり 定住促進サイト ブランドサイト メニューを閉じる くらしの情報 健康･福祉 教育･子育て 観光･歴史 産業･ビジネス 市政･まちづくり キーワードで探す 市長部局 こんなときには 転入・転出 妊娠・出産・子育て 入園・入学 就職・退職 結婚・離婚 高齢者・介護 終活・死亡・相続 税金 現在の位置 ホーム 組織で探す 市長部局 税務課 税務課 Tweet 業務内容 収納管理係 市税、国民健康保険税、介護保険料、後期高齢者医療保険料の徴収及
