score	organization	title	url	evidence
30	粟国村	粟国村離島患者等通院費助成事業について	https://www.vill.aguni.okinawa.jp/kennkouhuskusi/ritokan/1210.html	粟国村離島患者等通院費助成事業について／粟国村 スマートフォン版を表示 本文へ 文字サイズ 背景色変更 Foreign Language くらし・手続き 子育て・教育 健康・福祉 文化・スポーツ 事業者向け 村政情報 ホーム くらし・手続き 子育て・教育 健康・福祉 文化・スポーツ 事業者向け 村政情報 Foreign Languages PCサイトを見る メニューを閉じる 現在のページ ホーム 健康・福祉 粟国村離島患者等通院費助成事業 粟国村離島患者等通院費助成事業について 粟国村離島患者等通院費助成事業について Tweet 更新日：2026年04月02日 粟国村では、妊産婦の方や専門的な治療が必要で、長期的かつ定期的な治療が必要となる方への経済的負担を軽減することを目的として、渡航費及び宿泊費の一部を助成
30	粟国村	子ども・子育て支援金制度について	https://www.vill.aguni.okinawa.jp/kennkouhuskusi/kokuho_kouki/1260.html	子ども・子育て支援金制度について／粟国村 スマートフォン版を表示 本文へ 文字サイズ 背景色変更 Foreign Language くらし・手続き 子育て・教育 健康・福祉 文化・スポーツ 事業者向け 村政情報 ホーム くらし・手続き 子育て・教育 健康・福祉 文化・スポーツ 事業者向け 村政情報 Foreign Languages PCサイトを見る メニューを閉じる 現在のページ ホーム 健康・福祉 国保・後期 子ども・子育て支援金制度について 子ども・子育て支援金制度について Tweet 更新日：2025年10月28日 子ども・子育て支援金制度について 少子化・人口減少が危機的な状況にある中、「こども未来戦略」（令和5年12月22日閣議決定）において、児童手当の抜本的拡充など、年3.6兆円規模のこども・子育
30	粟国村	妊娠・出産	https://www.vill.aguni.okinawa.jp/kosodate/minseijyouhou/892.html	妊娠・出産／粟国村 スマートフォン版を表示 本文へ 文字サイズ 背景色変更 Foreign Language くらし・手続き 子育て・教育 健康・福祉 文化・スポーツ 事業者向け 村政情報 ホーム くらし・手続き 子育て・教育 健康・福祉 文化・スポーツ 事業者向け 村政情報 Foreign Languages PCサイトを見る メニューを閉じる 現在のページ ホーム 子育て・教育 民生課からのお知らせ 妊娠・出産 妊娠・出産 Tweet 更新日：2024年03月01日 粟国村の妊娠～出産までのサポート体制について 粟国村では、下記のサービス体制を整えて粟国で安心して妊娠・出産を迎えれるようにサポートします。 妊娠～出産まで ＊親子健康手帳（母子手帳） 赤ちゃんの妊娠から出産、出産後の成長を記録する大切な1冊の
28	粟国村	障がい者支援	https://www.vill.aguni.okinawa.jp/kennkouhuskusi/syougai/index.html	障がい者支援／粟国村 スマートフォン版を表示 本文へ 文字サイズ 背景色変更 Foreign Language くらし・手続き 子育て・教育 健康・福祉 文化・スポーツ 事業者向け 村政情報 ホーム くらし・手続き 子育て・教育 健康・福祉 文化・スポーツ 事業者向け 村政情報 Foreign Languages PCサイトを見る メニューを閉じる 現在のページ ホーム 健康・福祉 障がい者支援 障がい者支援 ※下記に記載されている対象者要件以外にも、 障害名や障害程度、所得制限、世帯状況等の要件 があります。また、事前に 申請した場合のみ 助成・給付対象になるものがございますので、ご利用の前には必ずお問い合わせください。 手帳交付 手帳交付 No 事業名 取扱内容 1 各種手帳の交付(身体/精神/療育) 身体
25	粟国村	物価高騰対応重点支援地方創生臨時交付金	https://www.vill.aguni.okinawa.jp/sonsei/jigyou_houkou/1007.html	物価高騰対応重点支援地方創生臨時交付金／粟国村 スマートフォン版を表示 本文へ 文字サイズ 背景色変更 Foreign Language くらし・手続き 子育て・教育 健康・福祉 文化・スポーツ 事業者向け 村政情報 ホーム くらし・手続き 子育て・教育 健康・福祉 文化・スポーツ 事業者向け 村政情報 Foreign Languages PCサイトを見る メニューを閉じる 現在のページ ホーム 村政情報 事業報告 物価高騰対応重点支援地方創生臨時交付金 物価高騰対応重点支援地方創生臨時交付金 Tweet 更新日：2026年06月26日 物価高騰対応重点支援地方創生臨時交付金（令和5年度事業の公開） (PDFファイル: 76.8KB) 物価高騰対応重点支援地方創生臨時交付金（令和6年度事業の公開） (PDFファ
24	粟国村	児童扶養手当について	https://www.vill.aguni.okinawa.jp/kosodate/minseijyouhou/1022.html	児童扶養手当について／粟国村 スマートフォン版を表示 本文へ 文字サイズ 背景色変更 Foreign Language くらし・手続き 子育て・教育 健康・福祉 文化・スポーツ 事業者向け 村政情報 ホーム くらし・手続き 子育て・教育 健康・福祉 文化・スポーツ 事業者向け 村政情報 Foreign Languages PCサイトを見る メニューを閉じる 現在のページ ホーム 子育て・教育 民生課からのお知らせ 児童扶養手当について 児童扶養手当について Tweet 更新日：2024年08月05日 児童扶養手当に関する大切なお知らせ 令和6年11月1日から法律の改正に伴い所得限度額と第3子以降の加算額が引き上げられます。詳細は下記の資料をご参照ください。 民生課からのお知らせ 沖縄県 粟国村役場 〒901-3
23	粟国村	ひとり親家庭支援奨学金制度	https://www.vill.aguni.okinawa.jp/kosodate/minseijyouhou/1125.html	ひとり親家庭支援奨学金制度／粟国村 スマートフォン版を表示 本文へ 文字サイズ 背景色変更 Foreign Language くらし・手続き 子育て・教育 健康・福祉 文化・スポーツ 事業者向け 村政情報 ホーム くらし・手続き 子育て・教育 健康・福祉 文化・スポーツ 事業者向け 村政情報 Foreign Languages PCサイトを見る メニューを閉じる 現在のページ ホーム 子育て・教育 民生課からのお知らせ ひとり親家庭支援奨学金制度 ひとり親家庭支援奨学金制度 Tweet 更新日：2025年03月06日 2025年度 「夢を応援基金」『ひとり親家庭支援奨学金制度』給付型奨学金募集案内 一般財団法人全国母子寡婦福祉団体協議会より、みだしの件で募集案内がされています。 詳細については添付している資料の
23	粟国村	母子及び父子家庭等医療費助成事業の対象拡大について(1)	https://www.vill.aguni.okinawa.jp/kosodate/minseijyouhou/952.html	母子及び父子家庭等医療費助成事業の対象拡大について(1)／粟国村 スマートフォン版を表示 本文へ 文字サイズ 背景色変更 Foreign Language くらし・手続き 子育て・教育 健康・福祉 文化・スポーツ 事業者向け 村政情報 ホーム くらし・手続き 子育て・教育 健康・福祉 文化・スポーツ 事業者向け 村政情報 Foreign Languages PCサイトを見る メニューを閉じる 現在のページ ホーム 子育て・教育 民生課からのお知らせ 母子及び父子家庭等医療費助成事業の対象拡大について(1) 母子及び父子家庭等医療費助成事業の対象拡大について(1) Tweet 更新日：2025年03月21日 母子及び父子家庭等医療費助成事業の対象拡大について 令和6年5月より、母子及び父子家庭等医療費助成の補助対
16	粟国村	介護保険制度	https://www.vill.aguni.okinawa.jp/kennkouhuskusi/koureisyakaigo/1128.html	介護保険制度／粟国村 スマートフォン版を表示 本文へ 文字サイズ 背景色変更 Foreign Language くらし・手続き 子育て・教育 健康・福祉 文化・スポーツ 事業者向け 村政情報 ホーム くらし・手続き 子育て・教育 健康・福祉 文化・スポーツ 事業者向け 村政情報 Foreign Languages PCサイトを見る メニューを閉じる 現在のページ ホーム 健康・福祉 高齢者（介護保険） 介護保険制度 介護保険制度 Tweet 更新日：2025年03月04日 介護保険制度について 高齢化社会を迎え、介護を必要とする方が増え、本人はもちろん、介護をする家族にとっても大きな負担となっています。介護保険は、介護が必要になっても、住み慣れた地域で安心して暮せるように、介護を社会全体で支えていく制度です。
30	座間味村	（再掲）座間味村定額減税補足給付金（不足額給付）支給のお知らせ	https://www.vill.zamami.okinawa.jp/kurashi/kyufukin/1771999167/	（再掲）座間味村定額減税補足給付金（不足額給付）支給のお知らせ | 座間味村役場公式ホームページ メインコンテンツへスキップ 防災情報 観光情報 各種お問い合わせ先 組織一覧 閲覧支援 Language 情報を 探す くらしの情報 船舶情報 防災・安全 観光・移住 座間味村について 事業者の方へ 閉じる カテゴリ別に探す くらしの情報 戸籍・住民票・証明 税金 保険・年金 健康・医療・福祉 子育て・教育 生活・インフラ・ごみ 公共施設・公共交通 くらしの問い合わせ先 マイナンバー 船舶情報 料金・時刻表 乗船手続き English Information for Visitors 貨物受付について 村内航路「みつしま」 船舶に関するお問い合わせ 防災・安全 防災 緊急連絡先一覧 座間味村消防団 観光・移住 座間
30	座間味村	こども医療費助成制度	https://www.vill.zamami.okinawa.jp/kurashi/kosodate/kosodateshien/kodomoiryouhi/	こども医療費助成制度 | 座間味村役場公式ホームページ メインコンテンツへスキップ 防災情報 観光情報 各種お問い合わせ先 組織一覧 閲覧支援 Language 情報を 探す くらしの情報 船舶情報 防災・安全 観光・移住 座間味村について 事業者の方へ 閉じる カテゴリ別に探す くらしの情報 戸籍・住民票・証明 税金 保険・年金 健康・医療・福祉 子育て・教育 生活・インフラ・ごみ 公共施設・公共交通 くらしの問い合わせ先 マイナンバー 船舶情報 料金・時刻表 乗船手続き English Information for Visitors 貨物受付について 村内航路「みつしま」 船舶に関するお問い合わせ 防災・安全 防災 緊急連絡先一覧 座間味村消防団 観光・移住 座間味村の魅力 観光 移住・定住 行事・イベン
30	座間味村	座間味村 物価高対応子育て応援手当	https://www.vill.zamami.okinawa.jp/kurashi/kosodate/kosodateshien/1772186611/	座間味村 物価高対応子育て応援手当 | 座間味村役場公式ホームページ メインコンテンツへスキップ 防災情報 観光情報 各種お問い合わせ先 組織一覧 閲覧支援 Language 情報を 探す くらしの情報 船舶情報 防災・安全 観光・移住 座間味村について 事業者の方へ 閉じる カテゴリ別に探す くらしの情報 戸籍・住民票・証明 税金 保険・年金 健康・医療・福祉 子育て・教育 生活・インフラ・ごみ 公共施設・公共交通 くらしの問い合わせ先 マイナンバー 船舶情報 料金・時刻表 乗船手続き English Information for Visitors 貨物受付について 村内航路「みつしま」 船舶に関するお問い合わせ 防災・安全 防災 緊急連絡先一覧 座間味村消防団 観光・移住 座間味村の魅力 観光 移住・定住
30	座間味村	座間味村ファミリーサポートセンター	https://www.vill.zamami.okinawa.jp/kurashi/kosodate/kosodateshien/famisapo/	座間味村ファミリーサポートセンター | 座間味村役場公式ホームページ メインコンテンツへスキップ 防災情報 観光情報 各種お問い合わせ先 組織一覧 閲覧支援 Language 情報を 探す くらしの情報 船舶情報 防災・安全 観光・移住 座間味村について 事業者の方へ 閉じる カテゴリ別に探す くらしの情報 戸籍・住民票・証明 税金 保険・年金 健康・医療・福祉 子育て・教育 生活・インフラ・ごみ 公共施設・公共交通 くらしの問い合わせ先 マイナンバー 船舶情報 料金・時刻表 乗船手続き English Information for Visitors 貨物受付について 村内航路「みつしま」 船舶に関するお問い合わせ 防災・安全 防災 緊急連絡先一覧 座間味村消防団 観光・移住 座間味村の魅力 観光 移住・定住
30	座間味村	座間味村食料品等物価高騰対策・島ちゃび解消支援給付金	https://www.vill.zamami.okinawa.jp/kurashi/kyufukin/1772183525/	座間味村食料品等物価高騰対策・島ちゃび解消支援給付金 | 座間味村役場公式ホームページ メインコンテンツへスキップ 防災情報 観光情報 各種お問い合わせ先 組織一覧 閲覧支援 Language 情報を 探す くらしの情報 船舶情報 防災・安全 観光・移住 座間味村について 事業者の方へ 閉じる カテゴリ別に探す くらしの情報 戸籍・住民票・証明 税金 保険・年金 健康・医療・福祉 子育て・教育 生活・インフラ・ごみ 公共施設・公共交通 くらしの問い合わせ先 マイナンバー 船舶情報 料金・時刻表 乗船手続き English Information for Visitors 貨物受付について 村内航路「みつしま」 船舶に関するお問い合わせ 防災・安全 防災 緊急連絡先一覧 座間味村消防団 観光・移住 座間味村の魅力
30	座間味村	座間味村物価高騰対策くらし応援給付金	https://www.vill.zamami.okinawa.jp/kurashi/kyufukin/1772004283/	座間味村物価高騰対策くらし応援給付金 | 座間味村役場公式ホームページ メインコンテンツへスキップ 防災情報 観光情報 各種お問い合わせ先 組織一覧 閲覧支援 Language 情報を 探す くらしの情報 船舶情報 防災・安全 観光・移住 座間味村について 事業者の方へ 閉じる カテゴリ別に探す くらしの情報 戸籍・住民票・証明 税金 保険・年金 健康・医療・福祉 子育て・教育 生活・インフラ・ごみ 公共施設・公共交通 くらしの問い合わせ先 マイナンバー 船舶情報 料金・時刻表 乗船手続き English Information for Visitors 貨物受付について 村内航路「みつしま」 船舶に関するお問い合わせ 防災・安全 防災 緊急連絡先一覧 座間味村消防団 観光・移住 座間味村の魅力 観光 移住・定
30	座間味村	児童手当	https://www.vill.zamami.okinawa.jp/kurashi/kosodate/kosodateshien/jidouteate/	児童手当 | 座間味村役場公式ホームページ メインコンテンツへスキップ 防災情報 観光情報 各種お問い合わせ先 組織一覧 閲覧支援 Language 情報を 探す くらしの情報 船舶情報 防災・安全 観光・移住 座間味村について 事業者の方へ 閉じる カテゴリ別に探す くらしの情報 戸籍・住民票・証明 税金 保険・年金 健康・医療・福祉 子育て・教育 生活・インフラ・ごみ 公共施設・公共交通 くらしの問い合わせ先 マイナンバー 船舶情報 料金・時刻表 乗船手続き English Information for Visitors 貨物受付について 村内航路「みつしま」 船舶に関するお問い合わせ 防災・安全 防災 緊急連絡先一覧 座間味村消防団 観光・移住 座間味村の魅力 観光 移住・定住 行事・イベント 座間味村
30	座間味村	障がい者福祉	https://www.vill.zamami.okinawa.jp/kurashi/kenko_fukushi/fukushi/1771413922/	障がい者福祉 | 座間味村役場公式ホームページ メインコンテンツへスキップ 防災情報 観光情報 各種お問い合わせ先 組織一覧 閲覧支援 Language 情報を 探す くらしの情報 船舶情報 防災・安全 観光・移住 座間味村について 事業者の方へ 閉じる カテゴリ別に探す くらしの情報 戸籍・住民票・証明 税金 保険・年金 健康・医療・福祉 子育て・教育 生活・インフラ・ごみ 公共施設・公共交通 くらしの問い合わせ先 マイナンバー 船舶情報 料金・時刻表 乗船手続き English Information for Visitors 貨物受付について 村内航路「みつしま」 船舶に関するお問い合わせ 防災・安全 防災 緊急連絡先一覧 座間味村消防団 観光・移住 座間味村の魅力 観光 移住・定住 行事・イベント 座間
30	座間味村	生ごみ処理機の購入補助	https://www.vill.zamami.okinawa.jp/kurashi/life/gomi/namagomi/	生ごみ処理機の購入補助 | 座間味村役場公式ホームページ メインコンテンツへスキップ 防災情報 観光情報 各種お問い合わせ先 組織一覧 閲覧支援 Language 情報を 探す くらしの情報 船舶情報 防災・安全 観光・移住 座間味村について 事業者の方へ 閉じる カテゴリ別に探す くらしの情報 戸籍・住民票・証明 税金 保険・年金 健康・医療・福祉 子育て・教育 生活・インフラ・ごみ 公共施設・公共交通 くらしの問い合わせ先 マイナンバー 船舶情報 料金・時刻表 乗船手続き English Information for Visitors 貨物受付について 村内航路「みつしま」 船舶に関するお問い合わせ 防災・安全 防災 緊急連絡先一覧 座間味村消防団 観光・移住 座間味村の魅力 観光 移住・定住 行事・イベ
30	座間味村	島外での通院・入院にかかる費用の補助を一部拡充しました！	https://www.vill.zamami.okinawa.jp/kurashi/kenko_fukushi/kenko_iryo/ritoutsuin/	島外での通院・入院にかかる費用の補助を一部拡充しました！ | 座間味村役場公式ホームページ メインコンテンツへスキップ 防災情報 観光情報 各種お問い合わせ先 組織一覧 閲覧支援 Language 情報を 探す くらしの情報 船舶情報 防災・安全 観光・移住 座間味村について 事業者の方へ 閉じる カテゴリ別に探す くらしの情報 戸籍・住民票・証明 税金 保険・年金 健康・医療・福祉 子育て・教育 生活・インフラ・ごみ 公共施設・公共交通 くらしの問い合わせ先 マイナンバー 船舶情報 料金・時刻表 乗船手続き English Information for Visitors 貨物受付について 村内航路「みつしま」 船舶に関するお問い合わせ 防災・安全 防災 緊急連絡先一覧 座間味村消防団 観光・移住 座間味村の
30	座間味村	令和7年度 住民健診・がん検診のお知らせ	https://www.vill.zamami.okinawa.jp/kurashi/kenko_fukushi/kenko_iryo/1771993385/	令和7年度 住民健診・がん検診のお知らせ | 座間味村役場公式ホームページ メインコンテンツへスキップ 防災情報 観光情報 各種お問い合わせ先 組織一覧 閲覧支援 Language 情報を 探す くらしの情報 船舶情報 防災・安全 観光・移住 座間味村について 事業者の方へ 閉じる カテゴリ別に探す くらしの情報 戸籍・住民票・証明 税金 保険・年金 健康・医療・福祉 子育て・教育 生活・インフラ・ごみ 公共施設・公共交通 くらしの問い合わせ先 マイナンバー 船舶情報 料金・時刻表 乗船手続き English Information for Visitors 貨物受付について 村内航路「みつしま」 船舶に関するお問い合わせ 防災・安全 防災 緊急連絡先一覧 座間味村消防団 観光・移住 座間味村の魅力 観光 移住
30	座間味村	令和7年度座間味村インフルエンザ予防接種	https://www.vill.zamami.okinawa.jp/kurashi/kenko_fukushi/kenko_iryo/1771979751/	令和7年度座間味村インフルエンザ予防接種 | 座間味村役場公式ホームページ メインコンテンツへスキップ 防災情報 観光情報 各種お問い合わせ先 組織一覧 閲覧支援 Language 情報を 探す くらしの情報 船舶情報 防災・安全 観光・移住 座間味村について 事業者の方へ 閉じる カテゴリ別に探す くらしの情報 戸籍・住民票・証明 税金 保険・年金 健康・医療・福祉 子育て・教育 生活・インフラ・ごみ 公共施設・公共交通 くらしの問い合わせ先 マイナンバー 船舶情報 料金・時刻表 乗船手続き English Information for Visitors 貨物受付について 村内航路「みつしま」 船舶に関するお問い合わせ 防災・安全 防災 緊急連絡先一覧 座間味村消防団 観光・移住 座間味村の魅力 観光 移住
30	座間味村	令和７年度座間味村大型２種免許取得助成事業について	https://www.vill.zamami.okinawa.jp/kurashi/life/1771923529/	令和７年度座間味村大型２種免許取得助成事業について | 座間味村役場公式ホームページ メインコンテンツへスキップ 防災情報 観光情報 各種お問い合わせ先 組織一覧 閲覧支援 Language 情報を 探す くらしの情報 船舶情報 防災・安全 観光・移住 座間味村について 事業者の方へ 閉じる カテゴリ別に探す くらしの情報 戸籍・住民票・証明 税金 保険・年金 健康・医療・福祉 子育て・教育 生活・インフラ・ごみ 公共施設・公共交通 くらしの問い合わせ先 マイナンバー 船舶情報 料金・時刻表 乗船手続き English Information for Visitors 貨物受付について 村内航路「みつしま」 船舶に関するお問い合わせ 防災・安全 防災 緊急連絡先一覧 座間味村消防団 観光・移住 座間味村の魅力
28	座間味村	クリーンセンターについて	https://www.vill.zamami.okinawa.jp/kurashi/life/gomi/clean_center/	クリーンセンターについて | 座間味村役場公式ホームページ メインコンテンツへスキップ 防災情報 観光情報 各種お問い合わせ先 組織一覧 閲覧支援 Language 情報を 探す くらしの情報 船舶情報 防災・安全 観光・移住 座間味村について 事業者の方へ 閉じる カテゴリ別に探す くらしの情報 戸籍・住民票・証明 税金 保険・年金 健康・医療・福祉 子育て・教育 生活・インフラ・ごみ 公共施設・公共交通 くらしの問い合わせ先 マイナンバー 船舶情報 料金・時刻表 乗船手続き English Information for Visitors 貨物受付について 村内航路「みつしま」 船舶に関するお問い合わせ 防災・安全 防災 緊急連絡先一覧 座間味村消防団 観光・移住 座間味村の魅力 観光 移住・定住 行事・イ
28	座間味村	ごみの正しい出し方・分け方	https://www.vill.zamami.okinawa.jp/kurashi/life/gomi/bunbetsu/	ごみの正しい出し方・分け方／分別早見表 | 座間味村役場公式ホームページ メインコンテンツへスキップ 防災情報 観光情報 各種お問い合わせ先 組織一覧 閲覧支援 Language 情報を 探す くらしの情報 船舶情報 防災・安全 観光・移住 座間味村について 事業者の方へ 閉じる カテゴリ別に探す くらしの情報 戸籍・住民票・証明 税金 保険・年金 健康・医療・福祉 子育て・教育 生活・インフラ・ごみ 公共施設・公共交通 くらしの問い合わせ先 マイナンバー 船舶情報 料金・時刻表 乗船手続き English Information for Visitors 貨物受付について 村内航路「みつしま」 船舶に関するお問い合わせ 防災・安全 防災 緊急連絡先一覧 座間味村消防団 観光・移住 座間味村の魅力 観光 移住・
28	座間味村	リチウム蓄電池等の正しい分別にご協力ください	https://www.vill.zamami.okinawa.jp/kurashi/life/gomi/1771917060/	リチウム蓄電池等の正しい分別にご協力ください | 座間味村役場公式ホームページ メインコンテンツへスキップ 防災情報 観光情報 各種お問い合わせ先 組織一覧 閲覧支援 Language 情報を 探す くらしの情報 船舶情報 防災・安全 観光・移住 座間味村について 事業者の方へ 閉じる カテゴリ別に探す くらしの情報 戸籍・住民票・証明 税金 保険・年金 健康・医療・福祉 子育て・教育 生活・インフラ・ごみ 公共施設・公共交通 くらしの問い合わせ先 マイナンバー 船舶情報 料金・時刻表 乗船手続き English Information for Visitors 貨物受付について 村内航路「みつしま」 船舶に関するお問い合わせ 防災・安全 防災 緊急連絡先一覧 座間味村消防団 観光・移住 座間味村の魅力 観光
28	座間味村	家電リサイクルの集荷	https://www.vill.zamami.okinawa.jp/kurashi/life/gomi/recycling/	家電リサイクルの集荷 | 座間味村役場公式ホームページ メインコンテンツへスキップ 防災情報 観光情報 各種お問い合わせ先 組織一覧 閲覧支援 Language 情報を 探す くらしの情報 船舶情報 防災・安全 観光・移住 座間味村について 事業者の方へ 閉じる カテゴリ別に探す くらしの情報 戸籍・住民票・証明 税金 保険・年金 健康・医療・福祉 子育て・教育 生活・インフラ・ごみ 公共施設・公共交通 くらしの問い合わせ先 マイナンバー 船舶情報 料金・時刻表 乗船手続き English Information for Visitors 貨物受付について 村内航路「みつしま」 船舶に関するお問い合わせ 防災・安全 防災 緊急連絡先一覧 座間味村消防団 観光・移住 座間味村の魅力 観光 移住・定住 行事・イベン
28	座間味村	座間味村役場公式ホームページ	https://www.vill.zamami.okinawa.jp/topics/rss/	座間味村役場公式ホームページ https://www.vill.zamami.okinawa.jp/ お知らせ ja Fri, 17 Jul 2026 16:00:00 +0900 沖縄県ひとり親暮らし応援事業 https://www.vill.zamami.okinawa.jp/article/1784273461/ 沖縄県では、物価高騰により経済的に困難な状況にあるひとり親家庭等の皆様へ、生活関連物資と引き換え可能な電子クーポンや日用品セットを交付しています。 令和8年4月21日（火）より、クーポンの申請受付が開始されています。対象となるご家庭は、内容をご確認のうえ期限内にお手続きください。 対象者 下記のすべてに該当するもの 申請時点において沖縄県内に居住しているもの 沖縄県または県内各市において、令和８
28	座間味村	事業ごみ、そ大ごみ、適正処理困難物	https://www.vill.zamami.okinawa.jp/kurashi/life/gomi/sodaigomi/	事業ごみ、そ大ごみ、適正処理困難物 | 座間味村役場公式ホームページ メインコンテンツへスキップ 防災情報 観光情報 各種お問い合わせ先 組織一覧 閲覧支援 Language 情報を 探す くらしの情報 船舶情報 防災・安全 観光・移住 座間味村について 事業者の方へ 閉じる カテゴリ別に探す くらしの情報 戸籍・住民票・証明 税金 保険・年金 健康・医療・福祉 子育て・教育 生活・インフラ・ごみ 公共施設・公共交通 くらしの問い合わせ先 マイナンバー 船舶情報 料金・時刻表 乗船手続き English Information for Visitors 貨物受付について 村内航路「みつしま」 船舶に関するお問い合わせ 防災・安全 防災 緊急連絡先一覧 座間味村消防団 観光・移住 座間味村の魅力 観光 移住・定住
28	座間味村	自動車リサイクル	https://www.vill.zamami.okinawa.jp/kurashi/life/gomi/jidousha/	自動車リサイクル | 座間味村役場公式ホームページ メインコンテンツへスキップ 防災情報 観光情報 各種お問い合わせ先 組織一覧 閲覧支援 Language 情報を 探す くらしの情報 船舶情報 防災・安全 観光・移住 座間味村について 事業者の方へ 閉じる カテゴリ別に探す くらしの情報 戸籍・住民票・証明 税金 保険・年金 健康・医療・福祉 子育て・教育 生活・インフラ・ごみ 公共施設・公共交通 くらしの問い合わせ先 マイナンバー 船舶情報 料金・時刻表 乗船手続き English Information for Visitors 貨物受付について 村内航路「みつしま」 船舶に関するお問い合わせ 防災・安全 防災 緊急連絡先一覧 座間味村消防団 観光・移住 座間味村の魅力 観光 移住・定住 行事・イベント
26	座間味村	【7月2日に延期】令和8年6月25日(木) 運転免許講習について	https://www.vill.zamami.okinawa.jp/kurashi/life/1771899640/	【7月2日に延期】令和8年6月25日(木) 運転免許講習について | 座間味村役場公式ホームページ メインコンテンツへスキップ 防災情報 観光情報 各種お問い合わせ先 組織一覧 閲覧支援 Language 情報を 探す くらしの情報 船舶情報 防災・安全 観光・移住 座間味村について 事業者の方へ 閉じる カテゴリ別に探す くらしの情報 戸籍・住民票・証明 税金 保険・年金 健康・医療・福祉 子育て・教育 生活・インフラ・ごみ 公共施設・公共交通 くらしの問い合わせ先 マイナンバー 船舶情報 料金・時刻表 乗船手続き English Information for Visitors 貨物受付について 村内航路「みつしま」 船舶に関するお問い合わせ 防災・安全 防災 緊急連絡先一覧 座間味村消防団 観光・移住 座
26	座間味村	10	https://www.vill.zamami.okinawa.jp/kurashi/life/1771921733/	10/2(木)、10/3(金) 自動車整備及び車両検査について | 座間味村役場公式ホームページ メインコンテンツへスキップ 防災情報 観光情報 各種お問い合わせ先 組織一覧 閲覧支援 Language 情報を 探す くらしの情報 船舶情報 防災・安全 観光・移住 座間味村について 事業者の方へ 閉じる カテゴリ別に探す くらしの情報 戸籍・住民票・証明 税金 保険・年金 健康・医療・福祉 子育て・教育 生活・インフラ・ごみ 公共施設・公共交通 くらしの問い合わせ先 マイナンバー 船舶情報 料金・時刻表 乗船手続き English Information for Visitors 貨物受付について 村内航路「みつしま」 船舶に関するお問い合わせ 防災・安全 防災 緊急連絡先一覧 座間味村消防団 観光・移住 座間
26	座間味村	QABデータ放送の開始について	https://www.vill.zamami.okinawa.jp/kurashi/life/1771476197/	QABデータ放送の開始について | 座間味村役場公式ホームページ メインコンテンツへスキップ 防災情報 観光情報 各種お問い合わせ先 組織一覧 閲覧支援 Language 情報を 探す くらしの情報 船舶情報 防災・安全 観光・移住 座間味村について 事業者の方へ 閉じる カテゴリ別に探す くらしの情報 戸籍・住民票・証明 税金 保険・年金 健康・医療・福祉 子育て・教育 生活・インフラ・ごみ 公共施設・公共交通 くらしの問い合わせ先 マイナンバー 船舶情報 料金・時刻表 乗船手続き English Information for Visitors 貨物受付について 村内航路「みつしま」 船舶に関するお問い合わせ 防災・安全 防災 緊急連絡先一覧 座間味村消防団 観光・移住 座間味村の魅力 観光 移住・定住 行
26	座間味村	沖縄県の最低賃金は1,023円です	https://www.vill.zamami.okinawa.jp/kurashi/life/1772003078/	沖縄県の最低賃金は1,023円です | 座間味村役場公式ホームページ メインコンテンツへスキップ 防災情報 観光情報 各種お問い合わせ先 組織一覧 閲覧支援 Language 情報を 探す くらしの情報 船舶情報 防災・安全 観光・移住 座間味村について 事業者の方へ 閉じる カテゴリ別に探す くらしの情報 戸籍・住民票・証明 税金 保険・年金 健康・医療・福祉 子育て・教育 生活・インフラ・ごみ 公共施設・公共交通 くらしの問い合わせ先 マイナンバー 船舶情報 料金・時刻表 乗船手続き English Information for Visitors 貨物受付について 村内航路「みつしま」 船舶に関するお問い合わせ 防災・安全 防災 緊急連絡先一覧 座間味村消防団 観光・移住 座間味村の魅力 観光 移住・定住
26	座間味村	犬の登録	https://www.vill.zamami.okinawa.jp/kurashi/life/dog/	犬の登録 | 座間味村役場公式ホームページ メインコンテンツへスキップ 防災情報 観光情報 各種お問い合わせ先 組織一覧 閲覧支援 Language 情報を 探す くらしの情報 船舶情報 防災・安全 観光・移住 座間味村について 事業者の方へ 閉じる カテゴリ別に探す くらしの情報 戸籍・住民票・証明 税金 保険・年金 健康・医療・福祉 子育て・教育 生活・インフラ・ごみ 公共施設・公共交通 くらしの問い合わせ先 マイナンバー 船舶情報 料金・時刻表 乗船手続き English Information for Visitors 貨物受付について 村内航路「みつしま」 船舶に関するお問い合わせ 防災・安全 防災 緊急連絡先一覧 座間味村消防団 観光・移住 座間味村の魅力 観光 移住・定住 行事・イベント 座間味村
26	座間味村	公営住宅	https://www.vill.zamami.okinawa.jp/kurashi/life/koeijutaku/	公営住宅 | 座間味村役場公式ホームページ メインコンテンツへスキップ 防災情報 観光情報 各種お問い合わせ先 組織一覧 閲覧支援 Language 情報を 探す くらしの情報 船舶情報 防災・安全 観光・移住 座間味村について 事業者の方へ 閉じる カテゴリ別に探す くらしの情報 戸籍・住民票・証明 税金 保険・年金 健康・医療・福祉 子育て・教育 生活・インフラ・ごみ 公共施設・公共交通 くらしの問い合わせ先 マイナンバー 船舶情報 料金・時刻表 乗船手続き English Information for Visitors 貨物受付について 村内航路「みつしま」 船舶に関するお問い合わせ 防災・安全 防災 緊急連絡先一覧 座間味村消防団 観光・移住 座間味村の魅力 観光 移住・定住 行事・イベント 座間味村
26	座間味村	座間味ダムについて	https://www.vill.zamami.okinawa.jp/kurashi/life/dam/	座間味ダムについて | 座間味村役場公式ホームページ メインコンテンツへスキップ 防災情報 観光情報 各種お問い合わせ先 組織一覧 閲覧支援 Language 情報を 探す くらしの情報 船舶情報 防災・安全 観光・移住 座間味村について 事業者の方へ 閉じる カテゴリ別に探す くらしの情報 戸籍・住民票・証明 税金 保険・年金 健康・医療・福祉 子育て・教育 生活・インフラ・ごみ 公共施設・公共交通 くらしの問い合わせ先 マイナンバー 船舶情報 料金・時刻表 乗船手続き English Information for Visitors 貨物受付について 村内航路「みつしま」 船舶に関するお問い合わせ 防災・安全 防災 緊急連絡先一覧 座間味村消防団 観光・移住 座間味村の魅力 観光 移住・定住 行事・イベント
26	座間味村	自動車整備及び車両検査について	https://www.vill.zamami.okinawa.jp/kurashi/life/1772189104/	自動車整備及び車両検査について | 座間味村役場公式ホームページ メインコンテンツへスキップ 防災情報 観光情報 各種お問い合わせ先 組織一覧 閲覧支援 Language 情報を 探す くらしの情報 船舶情報 防災・安全 観光・移住 座間味村について 事業者の方へ 閉じる カテゴリ別に探す くらしの情報 戸籍・住民票・証明 税金 保険・年金 健康・医療・福祉 子育て・教育 生活・インフラ・ごみ 公共施設・公共交通 くらしの問い合わせ先 マイナンバー 船舶情報 料金・時刻表 乗船手続き English Information for Visitors 貨物受付について 村内航路「みつしま」 船舶に関するお問い合わせ 防災・安全 防災 緊急連絡先一覧 座間味村消防団 観光・移住 座間味村の魅力 観光 移住・定住 行
26	座間味村	水道の使用開始・休止（開閉栓）手続き	https://www.vill.zamami.okinawa.jp/kurashi/life/suidou/shiyotetsuduki/	水道の使用開始・休止（開閉栓）手続き | 座間味村役場公式ホームページ メインコンテンツへスキップ 防災情報 観光情報 各種お問い合わせ先 組織一覧 閲覧支援 Language 情報を 探す くらしの情報 船舶情報 防災・安全 観光・移住 座間味村について 事業者の方へ 閉じる カテゴリ別に探す くらしの情報 戸籍・住民票・証明 税金 保険・年金 健康・医療・福祉 子育て・教育 生活・インフラ・ごみ 公共施設・公共交通 くらしの問い合わせ先 マイナンバー 船舶情報 料金・時刻表 乗船手続き English Information for Visitors 貨物受付について 村内航路「みつしま」 船舶に関するお問い合わせ 防災・安全 防災 緊急連絡先一覧 座間味村消防団 観光・移住 座間味村の魅力 観光 移住・定
26	座間味村	令和7年度狂犬病予防注射の日程について	https://www.vill.zamami.okinawa.jp/kurashi/life/1771900312/	令和7年度狂犬病予防注射の日程について | 座間味村役場公式ホームページ メインコンテンツへスキップ 防災情報 観光情報 各種お問い合わせ先 組織一覧 閲覧支援 Language 情報を 探す くらしの情報 船舶情報 防災・安全 観光・移住 座間味村について 事業者の方へ 閉じる カテゴリ別に探す くらしの情報 戸籍・住民票・証明 税金 保険・年金 健康・医療・福祉 子育て・教育 生活・インフラ・ごみ 公共施設・公共交通 くらしの問い合わせ先 マイナンバー 船舶情報 料金・時刻表 乗船手続き English Information for Visitors 貨物受付について 村内航路「みつしま」 船舶に関するお問い合わせ 防災・安全 防災 緊急連絡先一覧 座間味村消防団 観光・移住 座間味村の魅力 観光 移住・
26	座間味村	令和8年度座間味村営駐車場の募集について	https://www.vill.zamami.okinawa.jp/kurashi/life/1774511198/	令和8年度座間味村営駐車場の募集について | 座間味村役場公式ホームページ メインコンテンツへスキップ 防災情報 観光情報 各種お問い合わせ先 組織一覧 閲覧支援 Language 情報を 探す くらしの情報 船舶情報 防災・安全 観光・移住 座間味村について 事業者の方へ 閉じる カテゴリ別に探す くらしの情報 戸籍・住民票・証明 税金 保険・年金 健康・医療・福祉 子育て・教育 生活・インフラ・ごみ 公共施設・公共交通 くらしの問い合わせ先 マイナンバー 船舶情報 料金・時刻表 乗船手続き English Information for Visitors 貨物受付について 村内航路「みつしま」 船舶に関するお問い合わせ 防災・安全 防災 緊急連絡先一覧 座間味村消防団 観光・移住 座間味村の魅力 観光 移住
25	座間味村	ひとり親家庭への支援	https://www.vill.zamami.okinawa.jp/kurashi/kosodate/kosodateshien/hitorioyashien/	ひとり親家庭への支援 | 座間味村役場公式ホームページ メインコンテンツへスキップ 防災情報 観光情報 各種お問い合わせ先 組織一覧 閲覧支援 Language 情報を 探す くらしの情報 船舶情報 防災・安全 観光・移住 座間味村について 事業者の方へ 閉じる カテゴリ別に探す くらしの情報 戸籍・住民票・証明 税金 保険・年金 健康・医療・福祉 子育て・教育 生活・インフラ・ごみ 公共施設・公共交通 くらしの問い合わせ先 マイナンバー 船舶情報 料金・時刻表 乗船手続き English Information for Visitors 貨物受付について 村内航路「みつしま」 船舶に関するお問い合わせ 防災・安全 防災 緊急連絡先一覧 座間味村消防団 観光・移住 座間味村の魅力 観光 移住・定住 行事・イベン
25	座間味村	育児相談	https://www.vill.zamami.okinawa.jp/kurashi/kosodate/kosodateshien/ikujisoudan/	育児相談 | 座間味村役場公式ホームページ メインコンテンツへスキップ 防災情報 観光情報 各種お問い合わせ先 組織一覧 閲覧支援 Language 情報を 探す くらしの情報 船舶情報 防災・安全 観光・移住 座間味村について 事業者の方へ 閉じる カテゴリ別に探す くらしの情報 戸籍・住民票・証明 税金 保険・年金 健康・医療・福祉 子育て・教育 生活・インフラ・ごみ 公共施設・公共交通 くらしの問い合わせ先 マイナンバー 船舶情報 料金・時刻表 乗船手続き English Information for Visitors 貨物受付について 村内航路「みつしま」 船舶に関するお問い合わせ 防災・安全 防災 緊急連絡先一覧 座間味村消防団 観光・移住 座間味村の魅力 観光 移住・定住 行事・イベント 座間味村
25	座間味村	給付金等	https://www.vill.zamami.okinawa.jp/kurashi/kyufukin/	給付金等 | 座間味村役場公式ホームページ メインコンテンツへスキップ 防災情報 観光情報 各種お問い合わせ先 組織一覧 閲覧支援 Language 情報を 探す くらしの情報 船舶情報 防災・安全 観光・移住 座間味村について 事業者の方へ 閉じる カテゴリ別に探す くらしの情報 戸籍・住民票・証明 税金 保険・年金 健康・医療・福祉 子育て・教育 生活・インフラ・ごみ 公共施設・公共交通 くらしの問い合わせ先 マイナンバー 船舶情報 料金・時刻表 乗船手続き English Information for Visitors 貨物受付について 村内航路「みつしま」 船舶に関するお問い合わせ 防災・安全 防災 緊急連絡先一覧 座間味村消防団 観光・移住 座間味村の魅力 観光 移住・定住 行事・イベント 座間味村
25	座間味村	健康診断の結果返却についてお知らせ	https://www.vill.zamami.okinawa.jp/kurashi/kenko_fukushi/kenko_iryo/1772183726/	健康診断の結果返却についてお知らせ | 座間味村役場公式ホームページ メインコンテンツへスキップ 防災情報 観光情報 各種お問い合わせ先 組織一覧 閲覧支援 Language 情報を 探す くらしの情報 船舶情報 防災・安全 観光・移住 座間味村について 事業者の方へ 閉じる カテゴリ別に探す くらしの情報 戸籍・住民票・証明 税金 保険・年金 健康・医療・福祉 子育て・教育 生活・インフラ・ごみ 公共施設・公共交通 くらしの問い合わせ先 マイナンバー 船舶情報 料金・時刻表 乗船手続き English Information for Visitors 貨物受付について 村内航路「みつしま」 船舶に関するお問い合わせ 防災・安全 防災 緊急連絡先一覧 座間味村消防団 観光・移住 座間味村の魅力 観光 移住・定住
25	座間味村	高校生の生活支援	https://www.vill.zamami.okinawa.jp/kurashi/kosodate/kosodateshien/highschool/	高校生の生活支援 | 座間味村役場公式ホームページ メインコンテンツへスキップ 防災情報 観光情報 各種お問い合わせ先 組織一覧 閲覧支援 Language 情報を 探す くらしの情報 船舶情報 防災・安全 観光・移住 座間味村について 事業者の方へ 閉じる カテゴリ別に探す くらしの情報 戸籍・住民票・証明 税金 保険・年金 健康・医療・福祉 子育て・教育 生活・インフラ・ごみ 公共施設・公共交通 くらしの問い合わせ先 マイナンバー 船舶情報 料金・時刻表 乗船手続き English Information for Visitors 貨物受付について 村内航路「みつしま」 船舶に関するお問い合わせ 防災・安全 防災 緊急連絡先一覧 座間味村消防団 観光・移住 座間味村の魅力 観光 移住・定住 行事・イベント
25	座間味村	子どもの健康	https://www.vill.zamami.okinawa.jp/kurashi/kosodate/kosodateshien/kenkou/	子どもの健康 | 座間味村役場公式ホームページ メインコンテンツへスキップ 防災情報 観光情報 各種お問い合わせ先 組織一覧 閲覧支援 Language 情報を 探す くらしの情報 船舶情報 防災・安全 観光・移住 座間味村について 事業者の方へ 閉じる カテゴリ別に探す くらしの情報 戸籍・住民票・証明 税金 保険・年金 健康・医療・福祉 子育て・教育 生活・インフラ・ごみ 公共施設・公共交通 くらしの問い合わせ先 マイナンバー 船舶情報 料金・時刻表 乗船手続き English Information for Visitors 貨物受付について 村内航路「みつしま」 船舶に関するお問い合わせ 防災・安全 防災 緊急連絡先一覧 座間味村消防団 観光・移住 座間味村の魅力 観光 移住・定住 行事・イベント 座間
25	座間味村	帯状疱疹任意予防接種費用一部助成事業	https://www.vill.zamami.okinawa.jp/kurashi/kenko_fukushi/kenko_iryo/taijohoshin/	帯状疱疹任意予防接種費用一部助成事業 | 座間味村役場公式ホームページ メインコンテンツへスキップ 防災情報 観光情報 各種お問い合わせ先 組織一覧 閲覧支援 Language 情報を 探す くらしの情報 船舶情報 防災・安全 観光・移住 座間味村について 事業者の方へ 閉じる カテゴリ別に探す くらしの情報 戸籍・住民票・証明 税金 保険・年金 健康・医療・福祉 子育て・教育 生活・インフラ・ごみ 公共施設・公共交通 くらしの問い合わせ先 マイナンバー 船舶情報 料金・時刻表 乗船手続き English Information for Visitors 貨物受付について 村内航路「みつしま」 船舶に関するお問い合わせ 防災・安全 防災 緊急連絡先一覧 座間味村消防団 観光・移住 座間味村の魅力 観光 移住・定
25	座間味村	第3期データヘルス計画を策定しました	https://www.vill.zamami.okinawa.jp/kurashi/kenko_fukushi/kenko_iryo/1771994025/	第3期データヘルス計画を策定しました | 座間味村役場公式ホームページ メインコンテンツへスキップ 防災情報 観光情報 各種お問い合わせ先 組織一覧 閲覧支援 Language 情報を 探す くらしの情報 船舶情報 防災・安全 観光・移住 座間味村について 事業者の方へ 閉じる カテゴリ別に探す くらしの情報 戸籍・住民票・証明 税金 保険・年金 健康・医療・福祉 子育て・教育 生活・インフラ・ごみ 公共施設・公共交通 くらしの問い合わせ先 マイナンバー 船舶情報 料金・時刻表 乗船手続き English Information for Visitors 貨物受付について 村内航路「みつしま」 船舶に関するお問い合わせ 防災・安全 防災 緊急連絡先一覧 座間味村消防団 観光・移住 座間味村の魅力 観光 移住・定
25	座間味村	令和7年度 婦人がん検診・骨粗鬆症検診のお知らせ	https://www.vill.zamami.okinawa.jp/kurashi/kenko_fukushi/kenko_iryo/1771980324/	令和7年度 婦人がん検診・骨粗鬆症検診のお知らせ | 座間味村役場公式ホームページ メインコンテンツへスキップ 防災情報 観光情報 各種お問い合わせ先 組織一覧 閲覧支援 Language 情報を 探す くらしの情報 船舶情報 防災・安全 観光・移住 座間味村について 事業者の方へ 閉じる カテゴリ別に探す くらしの情報 戸籍・住民票・証明 税金 保険・年金 健康・医療・福祉 子育て・教育 生活・インフラ・ごみ 公共施設・公共交通 くらしの問い合わせ先 マイナンバー 船舶情報 料金・時刻表 乗船手続き English Information for Visitors 貨物受付について 村内航路「みつしま」 船舶に関するお問い合わせ 防災・安全 防災 緊急連絡先一覧 座間味村消防団 観光・移住 座間味村の魅力 観
24	座間味村	くらしの問い合わせ先	https://www.vill.zamami.okinawa.jp/kurashi/contacts/	くらしの問い合わせ先 | 座間味村役場公式ホームページ メインコンテンツへスキップ 防災情報 観光情報 各種お問い合わせ先 組織一覧 閲覧支援 Language 情報を 探す くらしの情報 船舶情報 防災・安全 観光・移住 座間味村について 事業者の方へ 閉じる カテゴリ別に探す くらしの情報 戸籍・住民票・証明 税金 保険・年金 健康・医療・福祉 子育て・教育 生活・インフラ・ごみ 公共施設・公共交通 くらしの問い合わせ先 マイナンバー 船舶情報 料金・時刻表 乗船手続き English Information for Visitors 貨物受付について 村内航路「みつしま」 船舶に関するお問い合わせ 防災・安全 防災 緊急連絡先一覧 座間味村消防団 観光・移住 座間味村の魅力 観光 移住・定住 行事・イベン
24	座間味村	健康・医療・福祉	https://www.vill.zamami.okinawa.jp/kurashi/kenko_fukushi/	健康・医療・福祉 | 座間味村役場公式ホームページ メインコンテンツへスキップ 防災情報 観光情報 各種お問い合わせ先 組織一覧 閲覧支援 Language 情報を 探す くらしの情報 船舶情報 防災・安全 観光・移住 座間味村について 事業者の方へ 閉じる カテゴリ別に探す くらしの情報 戸籍・住民票・証明 税金 保険・年金 健康・医療・福祉 子育て・教育 生活・インフラ・ごみ 公共施設・公共交通 くらしの問い合わせ先 マイナンバー 船舶情報 料金・時刻表 乗船手続き English Information for Visitors 貨物受付について 村内航路「みつしま」 船舶に関するお問い合わせ 防災・安全 防災 緊急連絡先一覧 座間味村消防団 観光・移住 座間味村の魅力 観光 移住・定住 行事・イベント
24	座間味村	国民年金	https://www.vill.zamami.okinawa.jp/kurashi/hoken_nenkin/kokuminnenkin/	国民年金 | 座間味村役場公式ホームページ メインコンテンツへスキップ 防災情報 観光情報 各種お問い合わせ先 組織一覧 閲覧支援 Language 情報を 探す くらしの情報 船舶情報 防災・安全 観光・移住 座間味村について 事業者の方へ 閉じる カテゴリ別に探す くらしの情報 戸籍・住民票・証明 税金 保険・年金 健康・医療・福祉 子育て・教育 生活・インフラ・ごみ 公共施設・公共交通 くらしの問い合わせ先 マイナンバー 船舶情報 料金・時刻表 乗船手続き English Information for Visitors 貨物受付について 村内航路「みつしま」 船舶に関するお問い合わせ 防災・安全 防災 緊急連絡先一覧 座間味村消防団 観光・移住 座間味村の魅力 観光 移住・定住 行事・イベント 座間味村
24	座間味村	水道についてのお問い合わせ	https://www.vill.zamami.okinawa.jp/kurashi/life/suidou/suido_toiawase/	水道についてのお問い合わせ | 座間味村役場公式ホームページ メインコンテンツへスキップ 防災情報 観光情報 各種お問い合わせ先 組織一覧 閲覧支援 Language 情報を 探す くらしの情報 船舶情報 防災・安全 観光・移住 座間味村について 事業者の方へ 閉じる カテゴリ別に探す くらしの情報 戸籍・住民票・証明 税金 保険・年金 健康・医療・福祉 子育て・教育 生活・インフラ・ごみ 公共施設・公共交通 くらしの問い合わせ先 マイナンバー 船舶情報 料金・時刻表 乗船手続き English Information for Visitors 貨物受付について 村内航路「みつしま」 船舶に関するお問い合わせ 防災・安全 防災 緊急連絡先一覧 座間味村消防団 観光・移住 座間味村の魅力 観光 移住・定住 行事・
24	座間味村	制限給水について	https://www.vill.zamami.okinawa.jp/kurashi/life/suidou/seigen/	制限給水について | 座間味村役場公式ホームページ メインコンテンツへスキップ 防災情報 観光情報 各種お問い合わせ先 組織一覧 閲覧支援 Language 情報を 探す くらしの情報 船舶情報 防災・安全 観光・移住 座間味村について 事業者の方へ 閉じる カテゴリ別に探す くらしの情報 戸籍・住民票・証明 税金 保険・年金 健康・医療・福祉 子育て・教育 生活・インフラ・ごみ 公共施設・公共交通 くらしの問い合わせ先 マイナンバー 船舶情報 料金・時刻表 乗船手続き English Information for Visitors 貨物受付について 村内航路「みつしま」 船舶に関するお問い合わせ 防災・安全 防災 緊急連絡先一覧 座間味村消防団 観光・移住 座間味村の魅力 観光 移住・定住 行事・イベント
24	座間味村	令和7年11月27日（木）に発生した座間味島における水道水の濁り等に関するご報告	https://www.vill.zamami.okinawa.jp/kurashi/life/suidou/1772003561/	令和7年11月27日（木）に発生した座間味島における水道水の濁り等に関するご報告 | 座間味村役場公式ホームページ メインコンテンツへスキップ 防災情報 観光情報 各種お問い合わせ先 組織一覧 閲覧支援 Language 情報を 探す くらしの情報 船舶情報 防災・安全 観光・移住 座間味村について 事業者の方へ 閉じる カテゴリ別に探す くらしの情報 戸籍・住民票・証明 税金 保険・年金 健康・医療・福祉 子育て・教育 生活・インフラ・ごみ 公共施設・公共交通 くらしの問い合わせ先 マイナンバー 船舶情報 料金・時刻表 乗船手続き English Information for Visitors 貨物受付について 村内航路「みつしま」 船舶に関するお問い合わせ 防災・安全 防災 緊急連絡先一覧 座間味村消防団
22	座間味村	マイナンバーカード取得について	https://www.vill.zamami.okinawa.jp/kurashi/mynumber/shutoku/	マイナンバーカード取得について | 座間味村役場公式ホームページ メインコンテンツへスキップ 防災情報 観光情報 各種お問い合わせ先 組織一覧 閲覧支援 Language 情報を 探す くらしの情報 船舶情報 防災・安全 観光・移住 座間味村について 事業者の方へ 閉じる カテゴリ別に探す くらしの情報 戸籍・住民票・証明 税金 保険・年金 健康・医療・福祉 子育て・教育 生活・インフラ・ごみ 公共施設・公共交通 くらしの問い合わせ先 マイナンバー 船舶情報 料金・時刻表 乗船手続き English Information for Visitors 貨物受付について 村内航路「みつしま」 船舶に関するお問い合わせ 防災・安全 防災 緊急連絡先一覧 座間味村消防団 観光・移住 座間味村の魅力 観光 移住・定住 行
22	座間味村	阿嘉・慶留間出張所での各種証明書一部発行について	https://www.vill.zamami.okinawa.jp/kurashi/todokedeshoumei/seikyuu/shuttyousho/	阿嘉・慶留間出張所での各種証明書一部発行について | 座間味村役場公式ホームページ メインコンテンツへスキップ 防災情報 観光情報 各種お問い合わせ先 組織一覧 閲覧支援 Language 情報を 探す くらしの情報 船舶情報 防災・安全 観光・移住 座間味村について 事業者の方へ 閉じる カテゴリ別に探す くらしの情報 戸籍・住民票・証明 税金 保険・年金 健康・医療・福祉 子育て・教育 生活・インフラ・ごみ 公共施設・公共交通 くらしの問い合わせ先 マイナンバー 船舶情報 料金・時刻表 乗船手続き English Information for Visitors 貨物受付について 村内航路「みつしま」 船舶に関するお問い合わせ 防災・安全 防災 緊急連絡先一覧 座間味村消防団 観光・移住 座間味村の魅力 観
22	座間味村	環境目的税「美ら島税（ちゅらしまぜい）」	https://www.vill.zamami.okinawa.jp/kurashi/zeikin/churashimazei/	環境目的税「美ら島税（ちゅらしまぜい）」 | 座間味村役場公式ホームページ メインコンテンツへスキップ 防災情報 観光情報 各種お問い合わせ先 組織一覧 閲覧支援 Language 情報を 探す くらしの情報 船舶情報 防災・安全 観光・移住 座間味村について 事業者の方へ 閉じる カテゴリ別に探す くらしの情報 戸籍・住民票・証明 税金 保険・年金 健康・医療・福祉 子育て・教育 生活・インフラ・ごみ 公共施設・公共交通 くらしの問い合わせ先 マイナンバー 船舶情報 料金・時刻表 乗船手続き English Information for Visitors 貨物受付について 村内航路「みつしま」 船舶に関するお問い合わせ 防災・安全 防災 緊急連絡先一覧 座間味村消防団 観光・移住 座間味村の魅力 観光 移住
22	座間味村	軽自動車税（種別割）の課税対象となる小型特殊自動車	https://www.vill.zamami.okinawa.jp/kurashi/zeikin/keijidousha/tokushu/	軽自動車税（種別割）の課税対象となる小型特殊自動車 | 座間味村役場公式ホームページ メインコンテンツへスキップ 防災情報 観光情報 各種お問い合わせ先 組織一覧 閲覧支援 Language 情報を 探す くらしの情報 船舶情報 防災・安全 観光・移住 座間味村について 事業者の方へ 閉じる カテゴリ別に探す くらしの情報 戸籍・住民票・証明 税金 保険・年金 健康・医療・福祉 子育て・教育 生活・インフラ・ごみ 公共施設・公共交通 くらしの問い合わせ先 マイナンバー 船舶情報 料金・時刻表 乗船手続き English Information for Visitors 貨物受付について 村内航路「みつしま」 船舶に関するお問い合わせ 防災・安全 防災 緊急連絡先一覧 座間味村消防団 観光・移住 座間味村の魅力
22	座間味村	住民票・戸籍の写しの交付申請	https://www.vill.zamami.okinawa.jp/kurashi/todokedeshoumei/seikyuu/utsushi/	住民票・戸籍の写しの交付申請 | 座間味村役場公式ホームページ メインコンテンツへスキップ 防災情報 観光情報 各種お問い合わせ先 組織一覧 閲覧支援 Language 情報を 探す くらしの情報 船舶情報 防災・安全 観光・移住 座間味村について 事業者の方へ 閉じる カテゴリ別に探す くらしの情報 戸籍・住民票・証明 税金 保険・年金 健康・医療・福祉 子育て・教育 生活・インフラ・ごみ 公共施設・公共交通 くらしの問い合わせ先 マイナンバー 船舶情報 料金・時刻表 乗船手続き English Information for Visitors 貨物受付について 村内航路「みつしま」 船舶に関するお問い合わせ 防災・安全 防災 緊急連絡先一覧 座間味村消防団 観光・移住 座間味村の魅力 観光 移住・定住 行事
22	座間味村	村営バス	https://www.vill.zamami.okinawa.jp/kurashi/shisetsu_kotsu/kokyokotsu/bus/	村営バス | 座間味村役場公式ホームページ メインコンテンツへスキップ 防災情報 観光情報 各種お問い合わせ先 組織一覧 閲覧支援 Language 情報を 探す くらしの情報 船舶情報 防災・安全 観光・移住 座間味村について 事業者の方へ 閉じる カテゴリ別に探す くらしの情報 戸籍・住民票・証明 税金 保険・年金 健康・医療・福祉 子育て・教育 生活・インフラ・ごみ 公共施設・公共交通 くらしの問い合わせ先 マイナンバー 船舶情報 料金・時刻表 乗船手続き English Information for Visitors 貨物受付について 村内航路「みつしま」 船舶に関するお問い合わせ 防災・安全 防災 緊急連絡先一覧 座間味村消防団 観光・移住 座間味村の魅力 観光 移住・定住 行事・イベント 座間味村
22	座間味村	無料 弁護士相談のお知らせ	https://www.vill.zamami.okinawa.jp/kurashi/kenko_fukushi/sodan/1772003440/	無料 弁護士相談のお知らせ | 座間味村役場公式ホームページ メインコンテンツへスキップ 防災情報 観光情報 各種お問い合わせ先 組織一覧 閲覧支援 Language 情報を 探す くらしの情報 船舶情報 防災・安全 観光・移住 座間味村について 事業者の方へ 閉じる カテゴリ別に探す くらしの情報 戸籍・住民票・証明 税金 保険・年金 健康・医療・福祉 子育て・教育 生活・インフラ・ごみ 公共施設・公共交通 くらしの問い合わせ先 マイナンバー 船舶情報 料金・時刻表 乗船手続き English Information for Visitors 貨物受付について 村内航路「みつしま」 船舶に関するお問い合わせ 防災・安全 防災 緊急連絡先一覧 座間味村消防団 観光・移住 座間味村の魅力 観光 移住・定住 行事・
22	座間味村	郵送による交付請求	https://www.vill.zamami.okinawa.jp/kurashi/todokedeshoumei/seikyuu/yuusou/	郵送による交付請求 | 座間味村役場公式ホームページ メインコンテンツへスキップ 防災情報 観光情報 各種お問い合わせ先 組織一覧 閲覧支援 Language 情報を 探す くらしの情報 船舶情報 防災・安全 観光・移住 座間味村について 事業者の方へ 閉じる カテゴリ別に探す くらしの情報 戸籍・住民票・証明 税金 保険・年金 健康・医療・福祉 子育て・教育 生活・インフラ・ごみ 公共施設・公共交通 くらしの問い合わせ先 マイナンバー 船舶情報 料金・時刻表 乗船手続き English Information for Visitors 貨物受付について 村内航路「みつしま」 船舶に関するお問い合わせ 防災・安全 防災 緊急連絡先一覧 座間味村消防団 観光・移住 座間味村の魅力 観光 移住・定住 行事・イベント
22	座間味村	令和４年度～令和６年度 美ら島税の運用情報について	https://www.vill.zamami.okinawa.jp/kurashi/zeikin/churashimazei/proclamation/	令和４年度～令和６年度 美ら島税の運用情報について | 座間味村役場公式ホームページ メインコンテンツへスキップ 防災情報 観光情報 各種お問い合わせ先 組織一覧 閲覧支援 Language 情報を 探す くらしの情報 船舶情報 防災・安全 観光・移住 座間味村について 事業者の方へ 閉じる カテゴリ別に探す くらしの情報 戸籍・住民票・証明 税金 保険・年金 健康・医療・福祉 子育て・教育 生活・インフラ・ごみ 公共施設・公共交通 くらしの問い合わせ先 マイナンバー 船舶情報 料金・時刻表 乗船手続き English Information for Visitors 貨物受付について 村内航路「みつしま」 船舶に関するお問い合わせ 防災・安全 防災 緊急連絡先一覧 座間味村消防団 観光・移住 座間味村の魅力
21	座間味村	座間味村教育委員会	https://www.vill.zamami.okinawa.jp/kurashi/kosodate/education/	座間味村教育委員会 | 座間味村役場公式ホームページ メインコンテンツへスキップ 防災情報 観光情報 各種お問い合わせ先 組織一覧 閲覧支援 Language 情報を 探す くらしの情報 船舶情報 防災・安全 観光・移住 座間味村について 事業者の方へ 閉じる カテゴリ別に探す くらしの情報 戸籍・住民票・証明 税金 保険・年金 健康・医療・福祉 子育て・教育 生活・インフラ・ごみ 公共施設・公共交通 くらしの問い合わせ先 マイナンバー 船舶情報 料金・時刻表 乗船手続き English Information for Visitors 貨物受付について 村内航路「みつしま」 船舶に関するお問い合わせ 防災・安全 防災 緊急連絡先一覧 座間味村消防団 観光・移住 座間味村の魅力 観光 移住・定住 行事・イベント
21	座間味村	子育て・教育	https://www.vill.zamami.okinawa.jp/kurashi/kosodate/	子育て・教育 | 座間味村役場公式ホームページ メインコンテンツへスキップ 防災情報 観光情報 各種お問い合わせ先 組織一覧 閲覧支援 Language 情報を 探す くらしの情報 船舶情報 防災・安全 観光・移住 座間味村について 事業者の方へ 閉じる カテゴリ別に探す くらしの情報 戸籍・住民票・証明 税金 保険・年金 健康・医療・福祉 子育て・教育 生活・インフラ・ごみ 公共施設・公共交通 くらしの問い合わせ先 マイナンバー 船舶情報 料金・時刻表 乗船手続き English Information for Visitors 貨物受付について 村内航路「みつしま」 船舶に関するお問い合わせ 防災・安全 防災 緊急連絡先一覧 座間味村消防団 観光・移住 座間味村の魅力 観光 移住・定住 行事・イベント 座間
21	座間味村	子育て支援	https://www.vill.zamami.okinawa.jp/kurashi/kosodate/kosodateshien/	子育て支援 | 座間味村役場公式ホームページ メインコンテンツへスキップ 防災情報 観光情報 各種お問い合わせ先 組織一覧 閲覧支援 Language 情報を 探す くらしの情報 船舶情報 防災・安全 観光・移住 座間味村について 事業者の方へ 閉じる カテゴリ別に探す くらしの情報 戸籍・住民票・証明 税金 保険・年金 健康・医療・福祉 子育て・教育 生活・インフラ・ごみ 公共施設・公共交通 くらしの問い合わせ先 マイナンバー 船舶情報 料金・時刻表 乗船手続き English Information for Visitors 貨物受付について 村内航路「みつしま」 船舶に関するお問い合わせ 防災・安全 防災 緊急連絡先一覧 座間味村消防団 観光・移住 座間味村の魅力 観光 移住・定住 行事・イベント 座間味
21	座間味村	不妊治療	https://www.vill.zamami.okinawa.jp/kurashi/kosodate/ninshinshussan/funinchiryo/	不妊治療 | 座間味村役場公式ホームページ メインコンテンツへスキップ 防災情報 観光情報 各種お問い合わせ先 組織一覧 閲覧支援 Language 情報を 探す くらしの情報 船舶情報 防災・安全 観光・移住 座間味村について 事業者の方へ 閉じる カテゴリ別に探す くらしの情報 戸籍・住民票・証明 税金 保険・年金 健康・医療・福祉 子育て・教育 生活・インフラ・ごみ 公共施設・公共交通 くらしの問い合わせ先 マイナンバー 船舶情報 料金・時刻表 乗船手続き English Information for Visitors 貨物受付について 村内航路「みつしま」 船舶に関するお問い合わせ 防災・安全 防災 緊急連絡先一覧 座間味村消防団 観光・移住 座間味村の魅力 観光 移住・定住 行事・イベント 座間味村
20	座間味村	印鑑登録	https://www.vill.zamami.okinawa.jp/kurashi/todokedeshoumei/inkantoroku/	印鑑登録 | 座間味村役場公式ホームページ メインコンテンツへスキップ 防災情報 観光情報 各種お問い合わせ先 組織一覧 閲覧支援 Language 情報を 探す くらしの情報 船舶情報 防災・安全 観光・移住 座間味村について 事業者の方へ 閉じる カテゴリ別に探す くらしの情報 戸籍・住民票・証明 税金 保険・年金 健康・医療・福祉 子育て・教育 生活・インフラ・ごみ 公共施設・公共交通 くらしの問い合わせ先 マイナンバー 船舶情報 料金・時刻表 乗船手続き English Information for Visitors 貨物受付について 村内航路「みつしま」 船舶に関するお問い合わせ 防災・安全 防災 緊急連絡先一覧 座間味村消防団 観光・移住 座間味村の魅力 観光 移住・定住 行事・イベント 座間味村
20	座間味村	相談	https://www.vill.zamami.okinawa.jp/kurashi/kenko_fukushi/sodan/	相談 | 座間味村役場公式ホームページ メインコンテンツへスキップ 防災情報 観光情報 各種お問い合わせ先 組織一覧 閲覧支援 Language 情報を 探す くらしの情報 船舶情報 防災・安全 観光・移住 座間味村について 事業者の方へ 閉じる カテゴリ別に探す くらしの情報 戸籍・住民票・証明 税金 保険・年金 健康・医療・福祉 子育て・教育 生活・インフラ・ごみ 公共施設・公共交通 くらしの問い合わせ先 マイナンバー 船舶情報 料金・時刻表 乗船手続き English Information for Visitors 貨物受付について 村内航路「みつしま」 船舶に関するお問い合わせ 防災・安全 防災 緊急連絡先一覧 座間味村消防団 観光・移住 座間味村の魅力 観光 移住・定住 行事・イベント 座間味村観光
19	座間味村	健康・医療	https://www.vill.zamami.okinawa.jp/kurashi/kenko_fukushi/kenko_iryo/	健康・医療 | 座間味村役場公式ホームページ メインコンテンツへスキップ 防災情報 観光情報 各種お問い合わせ先 組織一覧 閲覧支援 Language 情報を 探す くらしの情報 船舶情報 防災・安全 観光・移住 座間味村について 事業者の方へ 閉じる カテゴリ別に探す くらしの情報 戸籍・住民票・証明 税金 保険・年金 健康・医療・福祉 子育て・教育 生活・インフラ・ごみ 公共施設・公共交通 くらしの問い合わせ先 マイナンバー 船舶情報 料金・時刻表 乗船手続き English Information for Visitors 貨物受付について 村内航路「みつしま」 船舶に関するお問い合わせ 防災・安全 防災 緊急連絡先一覧 座間味村消防団 観光・移住 座間味村の魅力 観光 移住・定住 行事・イベント 座間味
19	座間味村	国民健康保険	https://www.vill.zamami.okinawa.jp/kurashi/hoken_nenkin/kokuminkenkohoken/	国民健康保険 | 座間味村役場公式ホームページ メインコンテンツへスキップ 防災情報 観光情報 各種お問い合わせ先 組織一覧 閲覧支援 Language 情報を 探す くらしの情報 船舶情報 防災・安全 観光・移住 座間味村について 事業者の方へ 閉じる カテゴリ別に探す くらしの情報 戸籍・住民票・証明 税金 保険・年金 健康・医療・福祉 子育て・教育 生活・インフラ・ごみ 公共施設・公共交通 くらしの問い合わせ先 マイナンバー 船舶情報 料金・時刻表 乗船手続き English Information for Visitors 貨物受付について 村内航路「みつしま」 船舶に関するお問い合わせ 防災・安全 防災 緊急連絡先一覧 座間味村消防団 観光・移住 座間味村の魅力 観光 移住・定住 行事・イベント 座間
19	座間味村	死亡届（ご家族が亡くなられたときの手続き）	https://www.vill.zamami.okinawa.jp/kurashi/todokedeshoumei/koseki/shibou/	死亡届（ご家族が亡くなられたときの手続き） | 座間味村役場公式ホームページ メインコンテンツへスキップ 防災情報 観光情報 各種お問い合わせ先 組織一覧 閲覧支援 Language 情報を 探す くらしの情報 船舶情報 防災・安全 観光・移住 座間味村について 事業者の方へ 閉じる カテゴリ別に探す くらしの情報 戸籍・住民票・証明 税金 保険・年金 健康・医療・福祉 子育て・教育 生活・インフラ・ごみ 公共施設・公共交通 くらしの問い合わせ先 マイナンバー 船舶情報 料金・時刻表 乗船手続き English Information for Visitors 貨物受付について 村内航路「みつしま」 船舶に関するお問い合わせ 防災・安全 防災 緊急連絡先一覧 座間味村消防団 観光・移住 座間味村の魅力 観光 移
18	座間味村	寄附金額・使途の公表	https://www.vill.zamami.okinawa.jp/kurashi/zeikin/furusato/kohyo/	寄附金額・使途の公表 | 座間味村役場公式ホームページ メインコンテンツへスキップ 防災情報 観光情報 各種お問い合わせ先 組織一覧 閲覧支援 Language 情報を 探す くらしの情報 船舶情報 防災・安全 観光・移住 座間味村について 事業者の方へ 閉じる カテゴリ別に探す くらしの情報 戸籍・住民票・証明 税金 保険・年金 健康・医療・福祉 子育て・教育 生活・インフラ・ごみ 公共施設・公共交通 くらしの問い合わせ先 マイナンバー 船舶情報 料金・時刻表 乗船手続き English Information for Visitors 貨物受付について 村内航路「みつしま」 船舶に関するお問い合わせ 防災・安全 防災 緊急連絡先一覧 座間味村消防団 観光・移住 座間味村の魅力 観光 移住・定住 行事・イベン
18	座間味村	座間味村ふるさと納税	https://www.vill.zamami.okinawa.jp/kurashi/zeikin/furusato/	座間味村ふるさと納税 | 座間味村役場公式ホームページ メインコンテンツへスキップ 防災情報 観光情報 各種お問い合わせ先 組織一覧 閲覧支援 Language 情報を 探す くらしの情報 船舶情報 防災・安全 観光・移住 座間味村について 事業者の方へ 閉じる カテゴリ別に探す くらしの情報 戸籍・住民票・証明 税金 保険・年金 健康・医療・福祉 子育て・教育 生活・インフラ・ごみ 公共施設・公共交通 くらしの問い合わせ先 マイナンバー 船舶情報 料金・時刻表 乗船手続き English Information for Visitors 貨物受付について 村内航路「みつしま」 船舶に関するお問い合わせ 防災・安全 防災 緊急連絡先一覧 座間味村消防団 観光・移住 座間味村の魅力 観光 移住・定住 行事・イベン
17	座間味村	お年寄りが住み慣れた島での介護を実現	https://www.vill.zamami.okinawa.jp/kurashi/kenko_fukushi/fukushi/kourei/1771414173/	お年寄りが住み慣れた島での介護を実現 | 座間味村役場公式ホームページ メインコンテンツへスキップ 防災情報 観光情報 各種お問い合わせ先 組織一覧 閲覧支援 Language 情報を 探す くらしの情報 船舶情報 防災・安全 観光・移住 座間味村について 事業者の方へ 閉じる カテゴリ別に探す くらしの情報 戸籍・住民票・証明 税金 保険・年金 健康・医療・福祉 子育て・教育 生活・インフラ・ごみ 公共施設・公共交通 くらしの問い合わせ先 マイナンバー 船舶情報 料金・時刻表 乗船手続き English Information for Visitors 貨物受付について 村内航路「みつしま」 船舶に関するお問い合わせ 防災・安全 防災 緊急連絡先一覧 座間味村消防団 観光・移住 座間味村の魅力 観光 移住・定
17	座間味村	ごみの分別・出し方	https://www.vill.zamami.okinawa.jp/kurashi/life/gomi/	ごみの分別・出し方 | 座間味村役場公式ホームページ メインコンテンツへスキップ 防災情報 観光情報 各種お問い合わせ先 組織一覧 閲覧支援 Language 情報を 探す くらしの情報 船舶情報 防災・安全 観光・移住 座間味村について 事業者の方へ 閉じる カテゴリ別に探す くらしの情報 戸籍・住民票・証明 税金 保険・年金 健康・医療・福祉 子育て・教育 生活・インフラ・ごみ 公共施設・公共交通 くらしの問い合わせ先 マイナンバー 船舶情報 料金・時刻表 乗船手続き English Information for Visitors 貨物受付について 村内航路「みつしま」 船舶に関するお問い合わせ 防災・安全 防災 緊急連絡先一覧 座間味村消防団 観光・移住 座間味村の魅力 観光 移住・定住 行事・イベント
17	座間味村	システム標準化に伴い、「住民票の写し」と「印鑑登録証明書」の様式が変更になりました	https://www.vill.zamami.okinawa.jp/kurashi/todokedeshoumei/1774507060/	システム標準化に伴い、「住民票の写し」と「印鑑登録証明書」の様式が変更になりました | 座間味村役場公式ホームページ メインコンテンツへスキップ 防災情報 観光情報 各種お問い合わせ先 組織一覧 閲覧支援 Language 情報を 探す くらしの情報 船舶情報 防災・安全 観光・移住 座間味村について 事業者の方へ 閉じる カテゴリ別に探す くらしの情報 戸籍・住民票・証明 税金 保険・年金 健康・医療・福祉 子育て・教育 生活・インフラ・ごみ 公共施設・公共交通 くらしの問い合わせ先 マイナンバー 船舶情報 料金・時刻表 乗船手続き English Information for Visitors 貨物受付について 村内航路「みつしま」 船舶に関するお問い合わせ 防災・安全 防災 緊急連絡先一覧 座間味村消防
17	座間味村	パスポート（旅券）の申請について	https://www.vill.zamami.okinawa.jp/kurashi/todokedeshoumei/passport/	パスポート（旅券）の申請について | 座間味村役場公式ホームページ メインコンテンツへスキップ 防災情報 観光情報 各種お問い合わせ先 組織一覧 閲覧支援 Language 情報を 探す くらしの情報 船舶情報 防災・安全 観光・移住 座間味村について 事業者の方へ 閉じる カテゴリ別に探す くらしの情報 戸籍・住民票・証明 税金 保険・年金 健康・医療・福祉 子育て・教育 生活・インフラ・ごみ 公共施設・公共交通 くらしの問い合わせ先 マイナンバー 船舶情報 料金・時刻表 乗船手続き English Information for Visitors 貨物受付について 村内航路「みつしま」 船舶に関するお問い合わせ 防災・安全 防災 緊急連絡先一覧 座間味村消防団 観光・移住 座間味村の魅力 観光 移住・定住
17	座間味村	ふるさと納税 窓口・申請フォームからの受付の再開について	https://www.vill.zamami.okinawa.jp/kurashi/zeikin/furusato/1772003684/	ふるさと納税 窓口・申請フォームからの受付の再開について | 座間味村役場公式ホームページ メインコンテンツへスキップ 防災情報 観光情報 各種お問い合わせ先 組織一覧 閲覧支援 Language 情報を 探す くらしの情報 船舶情報 防災・安全 観光・移住 座間味村について 事業者の方へ 閉じる カテゴリ別に探す くらしの情報 戸籍・住民票・証明 税金 保険・年金 健康・医療・福祉 子育て・教育 生活・インフラ・ごみ 公共施設・公共交通 くらしの問い合わせ先 マイナンバー 船舶情報 料金・時刻表 乗船手続き English Information for Visitors 貨物受付について 村内航路「みつしま」 船舶に関するお問い合わせ 防災・安全 防災 緊急連絡先一覧 座間味村消防団 観光・移住 座間味村の
17	座間味村	ふるさと納税サイト「さとふる」での寄付受付開始について	https://www.vill.zamami.okinawa.jp/kurashi/zeikin/furusato/1771914084/	ふるさと納税サイト「さとふる」での寄付受付開始について | 座間味村役場公式ホームページ メインコンテンツへスキップ 防災情報 観光情報 各種お問い合わせ先 組織一覧 閲覧支援 Language 情報を 探す くらしの情報 船舶情報 防災・安全 観光・移住 座間味村について 事業者の方へ 閉じる カテゴリ別に探す くらしの情報 戸籍・住民票・証明 税金 保険・年金 健康・医療・福祉 子育て・教育 生活・インフラ・ごみ 公共施設・公共交通 くらしの問い合わせ先 マイナンバー 船舶情報 料金・時刻表 乗船手続き English Information for Visitors 貨物受付について 村内航路「みつしま」 船舶に関するお問い合わせ 防災・安全 防災 緊急連絡先一覧 座間味村消防団 観光・移住 座間味村の魅
17	座間味村	ふるさと納税返礼品として「PayPay商品券」の取り扱いを開始します	https://www.vill.zamami.okinawa.jp/kurashi/zeikin/furusato/1771915471/	ふるさと納税返礼品として「PayPay商品券」の取り扱いを開始します | 座間味村役場公式ホームページ メインコンテンツへスキップ 防災情報 観光情報 各種お問い合わせ先 組織一覧 閲覧支援 Language 情報を 探す くらしの情報 船舶情報 防災・安全 観光・移住 座間味村について 事業者の方へ 閉じる カテゴリ別に探す くらしの情報 戸籍・住民票・証明 税金 保険・年金 健康・医療・福祉 子育て・教育 生活・インフラ・ごみ 公共施設・公共交通 くらしの問い合わせ先 マイナンバー 船舶情報 料金・時刻表 乗船手続き English Information for Visitors 貨物受付について 村内航路「みつしま」 船舶に関するお問い合わせ 防災・安全 防災 緊急連絡先一覧 座間味村消防団 観光・移住
17	座間味村	阿嘉・慶留間島出張所でのQR決済およびクレジットカード利用開始のお知らせ	https://www.vill.zamami.okinawa.jp/kurashi/zeikin/1771917396/	阿嘉・慶留間島出張所でのQR決済およびクレジットカード利用開始のお知らせ | 座間味村役場公式ホームページ メインコンテンツへスキップ 防災情報 観光情報 各種お問い合わせ先 組織一覧 閲覧支援 Language 情報を 探す くらしの情報 船舶情報 防災・安全 観光・移住 座間味村について 事業者の方へ 閉じる カテゴリ別に探す くらしの情報 戸籍・住民票・証明 税金 保険・年金 健康・医療・福祉 子育て・教育 生活・インフラ・ごみ 公共施設・公共交通 くらしの問い合わせ先 マイナンバー 船舶情報 料金・時刻表 乗船手続き English Information for Visitors 貨物受付について 村内航路「みつしま」 船舶に関するお問い合わせ 防災・安全 防災 緊急連絡先一覧 座間味村消防団 観光・
17	座間味村	阿嘉離島振興総合センター	https://www.vill.zamami.okinawa.jp/kurashi/shisetsu_kotsu/shisetsu/akaritosinko/	阿嘉離島振興総合センター | 座間味村役場公式ホームページ メインコンテンツへスキップ 防災情報 観光情報 各種お問い合わせ先 組織一覧 閲覧支援 Language 情報を 探す くらしの情報 船舶情報 防災・安全 観光・移住 座間味村について 事業者の方へ 閉じる カテゴリ別に探す くらしの情報 戸籍・住民票・証明 税金 保険・年金 健康・医療・福祉 子育て・教育 生活・インフラ・ごみ 公共施設・公共交通 くらしの問い合わせ先 マイナンバー 船舶情報 料金・時刻表 乗船手続き English Information for Visitors 貨物受付について 村内航路「みつしま」 船舶に関するお問い合わせ 防災・安全 防災 緊急連絡先一覧 座間味村消防団 観光・移住 座間味村の魅力 観光 移住・定住 行事・イ
17	座間味村	沖縄県子育て支援員研修	https://www.vill.zamami.okinawa.jp/kurashi/kosodate/hoikuen/shienin/	沖縄県子育て支援員研修 | 座間味村役場公式ホームページ メインコンテンツへスキップ 防災情報 観光情報 各種お問い合わせ先 組織一覧 閲覧支援 Language 情報を 探す くらしの情報 船舶情報 防災・安全 観光・移住 座間味村について 事業者の方へ 閉じる カテゴリ別に探す くらしの情報 戸籍・住民票・証明 税金 保険・年金 健康・医療・福祉 子育て・教育 生活・インフラ・ごみ 公共施設・公共交通 くらしの問い合わせ先 マイナンバー 船舶情報 料金・時刻表 乗船手続き English Information for Visitors 貨物受付について 村内航路「みつしま」 船舶に関するお問い合わせ 防災・安全 防災 緊急連絡先一覧 座間味村消防団 観光・移住 座間味村の魅力 観光 移住・定住 行事・イベ
17	座間味村	介護保険	https://www.vill.zamami.okinawa.jp/kurashi/kenko_fukushi/fukushi/kaigo/	介護保険 | 座間味村役場公式ホームページ メインコンテンツへスキップ 防災情報 観光情報 各種お問い合わせ先 組織一覧 閲覧支援 Language 情報を 探す くらしの情報 船舶情報 防災・安全 観光・移住 座間味村について 事業者の方へ 閉じる カテゴリ別に探す くらしの情報 戸籍・住民票・証明 税金 保険・年金 健康・医療・福祉 子育て・教育 生活・インフラ・ごみ 公共施設・公共交通 くらしの問い合わせ先 マイナンバー 船舶情報 料金・時刻表 乗船手続き English Information for Visitors 貨物受付について 村内航路「みつしま」 船舶に関するお問い合わせ 防災・安全 防災 緊急連絡先一覧 座間味村消防団 観光・移住 座間味村の魅力 観光 移住・定住 行事・イベント 座間味村
17	座間味村	各種健診について	https://www.vill.zamami.okinawa.jp/kurashi/kosodate/ninshinshussan/boshikenshin/	各種健診について | 座間味村役場公式ホームページ メインコンテンツへスキップ 防災情報 観光情報 各種お問い合わせ先 組織一覧 閲覧支援 Language 情報を 探す くらしの情報 船舶情報 防災・安全 観光・移住 座間味村について 事業者の方へ 閉じる カテゴリ別に探す くらしの情報 戸籍・住民票・証明 税金 保険・年金 健康・医療・福祉 子育て・教育 生活・インフラ・ごみ 公共施設・公共交通 くらしの問い合わせ先 マイナンバー 船舶情報 料金・時刻表 乗船手続き English Information for Visitors 貨物受付について 村内航路「みつしま」 船舶に関するお問い合わせ 防災・安全 防災 緊急連絡先一覧 座間味村消防団 観光・移住 座間味村の魅力 観光 移住・定住 行事・イベント
17	座間味村	各種証明書交付	https://www.vill.zamami.okinawa.jp/kurashi/zeikin/shoumeisho/	各種証明書交付 | 座間味村役場公式ホームページ メインコンテンツへスキップ 防災情報 観光情報 各種お問い合わせ先 組織一覧 閲覧支援 Language 情報を 探す くらしの情報 船舶情報 防災・安全 観光・移住 座間味村について 事業者の方へ 閉じる カテゴリ別に探す くらしの情報 戸籍・住民票・証明 税金 保険・年金 健康・医療・福祉 子育て・教育 生活・インフラ・ごみ 公共施設・公共交通 くらしの問い合わせ先 マイナンバー 船舶情報 料金・時刻表 乗船手続き English Information for Visitors 貨物受付について 村内航路「みつしま」 船舶に関するお問い合わせ 防災・安全 防災 緊急連絡先一覧 座間味村消防団 観光・移住 座間味村の魅力 観光 移住・定住 行事・イベント 座
17	座間味村	旧氏（旧姓）の振り仮名記載について要確認	https://www.vill.zamami.okinawa.jp/kurashi/todokedeshoumei/idou/kyusei/	旧氏（旧姓）の振り仮名記載について要確認 | 座間味村役場公式ホームページ メインコンテンツへスキップ 防災情報 観光情報 各種お問い合わせ先 組織一覧 閲覧支援 Language 情報を 探す くらしの情報 船舶情報 防災・安全 観光・移住 座間味村について 事業者の方へ 閉じる カテゴリ別に探す くらしの情報 戸籍・住民票・証明 税金 保険・年金 健康・医療・福祉 子育て・教育 生活・インフラ・ごみ 公共施設・公共交通 くらしの問い合わせ先 マイナンバー 船舶情報 料金・時刻表 乗船手続き English Information for Visitors 貨物受付について 村内航路「みつしま」 船舶に関するお問い合わせ 防災・安全 防災 緊急連絡先一覧 座間味村消防団 観光・移住 座間味村の魅力 観光 移住
17	座間味村	慶良間空港	https://www.vill.zamami.okinawa.jp/kurashi/shisetsu_kotsu/airport/	慶良間空港 | 座間味村役場公式ホームページ メインコンテンツへスキップ 防災情報 観光情報 各種お問い合わせ先 組織一覧 閲覧支援 Language 情報を 探す くらしの情報 船舶情報 防災・安全 観光・移住 座間味村について 事業者の方へ 閉じる カテゴリ別に探す くらしの情報 戸籍・住民票・証明 税金 保険・年金 健康・医療・福祉 子育て・教育 生活・インフラ・ごみ 公共施設・公共交通 くらしの問い合わせ先 マイナンバー 船舶情報 料金・時刻表 乗船手続き English Information for Visitors 貨物受付について 村内航路「みつしま」 船舶に関するお問い合わせ 防災・安全 防災 緊急連絡先一覧 座間味村消防団 観光・移住 座間味村の魅力 観光 移住・定住 行事・イベント 座間味
17	座間味村	戸籍への氏名の振り仮名記載について	https://www.vill.zamami.okinawa.jp/kurashi/todokedeshoumei/koseki/1771925232/	戸籍への氏名の振り仮名記載について | 座間味村役場公式ホームページ メインコンテンツへスキップ 防災情報 観光情報 各種お問い合わせ先 組織一覧 閲覧支援 Language 情報を 探す くらしの情報 船舶情報 防災・安全 観光・移住 座間味村について 事業者の方へ 閉じる カテゴリ別に探す くらしの情報 戸籍・住民票・証明 税金 保険・年金 健康・医療・福祉 子育て・教育 生活・インフラ・ごみ 公共施設・公共交通 くらしの問い合わせ先 マイナンバー 船舶情報 料金・時刻表 乗船手続き English Information for Visitors 貨物受付について 村内航路「みつしま」 船舶に関するお問い合わせ 防災・安全 防災 緊急連絡先一覧 座間味村消防団 観光・移住 座間味村の魅力 観光 移住・定住
17	座間味村	戸籍謄本等の交付請求(第三者請求)について	https://www.vill.zamami.okinawa.jp/kurashi/todokedeshoumei/seikyuu/kosekikoufu/	戸籍謄本等の交付請求(第三者請求)について | 座間味村役場公式ホームページ メインコンテンツへスキップ 防災情報 観光情報 各種お問い合わせ先 組織一覧 閲覧支援 Language 情報を 探す くらしの情報 船舶情報 防災・安全 観光・移住 座間味村について 事業者の方へ 閉じる カテゴリ別に探す くらしの情報 戸籍・住民票・証明 税金 保険・年金 健康・医療・福祉 子育て・教育 生活・インフラ・ごみ 公共施設・公共交通 くらしの問い合わせ先 マイナンバー 船舶情報 料金・時刻表 乗船手続き English Information for Visitors 貨物受付について 村内航路「みつしま」 船舶に関するお問い合わせ 防災・安全 防災 緊急連絡先一覧 座間味村消防団 観光・移住 座間味村の魅力 観光 移
17	座間味村	後期高齢者医療制度	https://www.vill.zamami.okinawa.jp/kurashi/hoken_nenkin/koukikourei/	後期高齢者医療制度 | 座間味村役場公式ホームページ メインコンテンツへスキップ 防災情報 観光情報 各種お問い合わせ先 組織一覧 閲覧支援 Language 情報を 探す くらしの情報 船舶情報 防災・安全 観光・移住 座間味村について 事業者の方へ 閉じる カテゴリ別に探す くらしの情報 戸籍・住民票・証明 税金 保険・年金 健康・医療・福祉 子育て・教育 生活・インフラ・ごみ 公共施設・公共交通 くらしの問い合わせ先 マイナンバー 船舶情報 料金・時刻表 乗船手続き English Information for Visitors 貨物受付について 村内航路「みつしま」 船舶に関するお問い合わせ 防災・安全 防災 緊急連絡先一覧 座間味村消防団 観光・移住 座間味村の魅力 観光 移住・定住 行事・イベント
17	座間味村	交付申請時の本人確認方法	https://www.vill.zamami.okinawa.jp/kurashi/todokedeshoumei/seikyuu/kakunin/	交付申請時の本人確認方法 | 座間味村役場公式ホームページ メインコンテンツへスキップ 防災情報 観光情報 各種お問い合わせ先 組織一覧 閲覧支援 Language 情報を 探す くらしの情報 船舶情報 防災・安全 観光・移住 座間味村について 事業者の方へ 閉じる カテゴリ別に探す くらしの情報 戸籍・住民票・証明 税金 保険・年金 健康・医療・福祉 子育て・教育 生活・インフラ・ごみ 公共施設・公共交通 くらしの問い合わせ先 マイナンバー 船舶情報 料金・時刻表 乗船手続き English Information for Visitors 貨物受付について 村内航路「みつしま」 船舶に関するお問い合わせ 防災・安全 防災 緊急連絡先一覧 座間味村消防団 観光・移住 座間味村の魅力 観光 移住・定住 行事・イ
17	座間味村	婚姻届（結婚するときの手続き）	https://www.vill.zamami.okinawa.jp/kurashi/todokedeshoumei/koseki/konin/	婚姻届（結婚するときの手続き） | 座間味村役場公式ホームページ メインコンテンツへスキップ 防災情報 観光情報 各種お問い合わせ先 組織一覧 閲覧支援 Language 情報を 探す くらしの情報 船舶情報 防災・安全 観光・移住 座間味村について 事業者の方へ 閉じる カテゴリ別に探す くらしの情報 戸籍・住民票・証明 税金 保険・年金 健康・医療・福祉 子育て・教育 生活・インフラ・ごみ 公共施設・公共交通 くらしの問い合わせ先 マイナンバー 船舶情報 料金・時刻表 乗船手続き English Information for Visitors 貨物受付について 村内航路「みつしま」 船舶に関するお問い合わせ 防災・安全 防災 緊急連絡先一覧 座間味村消防団 観光・移住 座間味村の魅力 観光 移住・定住 行
17	座間味村	座間味コミュニティーセンター	https://www.vill.zamami.okinawa.jp/kurashi/shisetsu_kotsu/shisetsu/community_center/	座間味コミュニティーセンター | 座間味村役場公式ホームページ メインコンテンツへスキップ 防災情報 観光情報 各種お問い合わせ先 組織一覧 閲覧支援 Language 情報を 探す くらしの情報 船舶情報 防災・安全 観光・移住 座間味村について 事業者の方へ 閉じる カテゴリ別に探す くらしの情報 戸籍・住民票・証明 税金 保険・年金 健康・医療・福祉 子育て・教育 生活・インフラ・ごみ 公共施設・公共交通 くらしの問い合わせ先 マイナンバー 船舶情報 料金・時刻表 乗船手続き English Information for Visitors 貨物受付について 村内航路「みつしま」 船舶に関するお問い合わせ 防災・安全 防災 緊急連絡先一覧 座間味村消防団 観光・移住 座間味村の魅力 観光 移住・定住 行事
17	座間味村	座間味村オリジナル婚姻届・出生届	https://www.vill.zamami.okinawa.jp/kurashi/todokedeshoumei/koseki/1771483461/	座間味村オリジナル婚姻届・出生届 | 座間味村役場公式ホームページ メインコンテンツへスキップ 防災情報 観光情報 各種お問い合わせ先 組織一覧 閲覧支援 Language 情報を 探す くらしの情報 船舶情報 防災・安全 観光・移住 座間味村について 事業者の方へ 閉じる カテゴリ別に探す くらしの情報 戸籍・住民票・証明 税金 保険・年金 健康・医療・福祉 子育て・教育 生活・インフラ・ごみ 公共施設・公共交通 くらしの問い合わせ先 マイナンバー 船舶情報 料金・時刻表 乗船手続き English Information for Visitors 貨物受付について 村内航路「みつしま」 船舶に関するお問い合わせ 防災・安全 防災 緊急連絡先一覧 座間味村消防団 観光・移住 座間味村の魅力 観光 移住・定住
17	座間味村	座間味村児童・生徒家庭学習休暇制度 「ざまやすみ」	https://www.vill.zamami.okinawa.jp/kurashi/kosodate/education/zamayasumi/	座間味村児童・生徒家庭学習休暇制度 「ざまやすみ」 | 座間味村役場公式ホームページ メインコンテンツへスキップ 防災情報 観光情報 各種お問い合わせ先 組織一覧 閲覧支援 Language 情報を 探す くらしの情報 船舶情報 防災・安全 観光・移住 座間味村について 事業者の方へ 閉じる カテゴリ別に探す くらしの情報 戸籍・住民票・証明 税金 保険・年金 健康・医療・福祉 子育て・教育 生活・インフラ・ごみ 公共施設・公共交通 くらしの問い合わせ先 マイナンバー 船舶情報 料金・時刻表 乗船手続き English Information for Visitors 貨物受付について 村内航路「みつしま」 船舶に関するお問い合わせ 防災・安全 防災 緊急連絡先一覧 座間味村消防団 観光・移住 座間味村の魅力
17	座間味村	出生届（赤ちゃんが生まれたときの手続き）	https://www.vill.zamami.okinawa.jp/kurashi/todokedeshoumei/koseki/shussei/	出生届（赤ちゃんが生まれたときの手続き） | 座間味村役場公式ホームページ メインコンテンツへスキップ 防災情報 観光情報 各種お問い合わせ先 組織一覧 閲覧支援 Language 情報を 探す くらしの情報 船舶情報 防災・安全 観光・移住 座間味村について 事業者の方へ 閉じる カテゴリ別に探す くらしの情報 戸籍・住民票・証明 税金 保険・年金 健康・医療・福祉 子育て・教育 生活・インフラ・ごみ 公共施設・公共交通 くらしの問い合わせ先 マイナンバー 船舶情報 料金・時刻表 乗船手続き English Information for Visitors 貨物受付について 村内航路「みつしま」 船舶に関するお問い合わせ 防災・安全 防災 緊急連絡先一覧 座間味村消防団 観光・移住 座間味村の魅力 観光 移住
17	座間味村	小中学校	https://www.vill.zamami.okinawa.jp/kurashi/kosodate/sho_chugakkou/	小中学校 | 座間味村役場公式ホームページ メインコンテンツへスキップ 防災情報 観光情報 各種お問い合わせ先 組織一覧 閲覧支援 Language 情報を 探す くらしの情報 船舶情報 防災・安全 観光・移住 座間味村について 事業者の方へ 閉じる カテゴリ別に探す くらしの情報 戸籍・住民票・証明 税金 保険・年金 健康・医療・福祉 子育て・教育 生活・インフラ・ごみ 公共施設・公共交通 くらしの問い合わせ先 マイナンバー 船舶情報 料金・時刻表 乗船手続き English Information for Visitors 貨物受付について 村内航路「みつしま」 船舶に関するお問い合わせ 防災・安全 防災 緊急連絡先一覧 座間味村消防団 観光・移住 座間味村の魅力 観光 移住・定住 行事・イベント 座間味村
17	座間味村	親子（母子）健康手帳の交付	https://www.vill.zamami.okinawa.jp/kurashi/kosodate/ninshinshussan/1765241962/	親子（母子）健康手帳の交付 | 座間味村役場公式ホームページ メインコンテンツへスキップ 防災情報 観光情報 各種お問い合わせ先 組織一覧 閲覧支援 Language 情報を 探す くらしの情報 船舶情報 防災・安全 観光・移住 座間味村について 事業者の方へ 閉じる カテゴリ別に探す くらしの情報 戸籍・住民票・証明 税金 保険・年金 健康・医療・福祉 子育て・教育 生活・インフラ・ごみ 公共施設・公共交通 くらしの問い合わせ先 マイナンバー 船舶情報 料金・時刻表 乗船手続き English Information for Visitors 貨物受付について 村内航路「みつしま」 船舶に関するお問い合わせ 防災・安全 防災 緊急連絡先一覧 座間味村消防団 観光・移住 座間味村の魅力 観光 移住・定住 行事・
17	座間味村	診療所（座間味診療所・阿嘉診療所）	https://www.vill.zamami.okinawa.jp/kurashi/shisetsu_kotsu/shisetsu/shinryosho/	診療所（座間味診療所・阿嘉診療所） | 座間味村役場公式ホームページ メインコンテンツへスキップ 防災情報 観光情報 各種お問い合わせ先 組織一覧 閲覧支援 Language 情報を 探す くらしの情報 船舶情報 防災・安全 観光・移住 座間味村について 事業者の方へ 閉じる カテゴリ別に探す くらしの情報 戸籍・住民票・証明 税金 保険・年金 健康・医療・福祉 子育て・教育 生活・インフラ・ごみ 公共施設・公共交通 くらしの問い合わせ先 マイナンバー 船舶情報 料金・時刻表 乗船手続き English Information for Visitors 貨物受付について 村内航路「みつしま」 船舶に関するお問い合わせ 防災・安全 防災 緊急連絡先一覧 座間味村消防団 観光・移住 座間味村の魅力 観光 移住・定住
17	座間味村	世帯変更届	https://www.vill.zamami.okinawa.jp/kurashi/todokedeshoumei/idou/setaihenko/	世帯変更届 | 座間味村役場公式ホームページ メインコンテンツへスキップ 防災情報 観光情報 各種お問い合わせ先 組織一覧 閲覧支援 Language 情報を 探す くらしの情報 船舶情報 防災・安全 観光・移住 座間味村について 事業者の方へ 閉じる カテゴリ別に探す くらしの情報 戸籍・住民票・証明 税金 保険・年金 健康・医療・福祉 子育て・教育 生活・インフラ・ごみ 公共施設・公共交通 くらしの問い合わせ先 マイナンバー 船舶情報 料金・時刻表 乗船手続き English Information for Visitors 貨物受付について 村内航路「みつしま」 船舶に関するお問い合わせ 防災・安全 防災 緊急連絡先一覧 座間味村消防団 観光・移住 座間味村の魅力 観光 移住・定住 行事・イベント 座間味
17	座間味村	税の納付・相談	https://www.vill.zamami.okinawa.jp/kurashi/zeikin/noufu/	税の納付・相談 | 座間味村役場公式ホームページ メインコンテンツへスキップ 防災情報 観光情報 各種お問い合わせ先 組織一覧 閲覧支援 Language 情報を 探す くらしの情報 船舶情報 防災・安全 観光・移住 座間味村について 事業者の方へ 閉じる カテゴリ別に探す くらしの情報 戸籍・住民票・証明 税金 保険・年金 健康・医療・福祉 子育て・教育 生活・インフラ・ごみ 公共施設・公共交通 くらしの問い合わせ先 マイナンバー 船舶情報 料金・時刻表 乗船手続き English Information for Visitors 貨物受付について 村内航路「みつしま」 船舶に関するお問い合わせ 防災・安全 防災 緊急連絡先一覧 座間味村消防団 観光・移住 座間味村の魅力 観光 移住・定住 行事・イベント 座
17	座間味村	村税・公共料金等のお支払いについて	https://www.vill.zamami.okinawa.jp/kurashi/zeikin/1771472929/	村税・公共料金等のお支払いについて | 座間味村役場公式ホームページ メインコンテンツへスキップ 防災情報 観光情報 各種お問い合わせ先 組織一覧 閲覧支援 Language 情報を 探す くらしの情報 船舶情報 防災・安全 観光・移住 座間味村について 事業者の方へ 閉じる カテゴリ別に探す くらしの情報 戸籍・住民票・証明 税金 保険・年金 健康・医療・福祉 子育て・教育 生活・インフラ・ごみ 公共施設・公共交通 くらしの問い合わせ先 マイナンバー 船舶情報 料金・時刻表 乗船手続き English Information for Visitors 貨物受付について 村内航路「みつしま」 船舶に関するお問い合わせ 防災・安全 防災 緊急連絡先一覧 座間味村消防団 観光・移住 座間味村の魅力 観光 移住・定住
17	座間味村	村内航路「みつしま」	https://www.vill.zamami.okinawa.jp/kurashi/shisetsu_kotsu/kokyokotsu/mitsushima/	村内航路「みつしま」 | 座間味村役場公式ホームページ メインコンテンツへスキップ 防災情報 観光情報 各種お問い合わせ先 組織一覧 閲覧支援 Language 情報を 探す くらしの情報 船舶情報 防災・安全 観光・移住 座間味村について 事業者の方へ 閉じる カテゴリ別に探す くらしの情報 戸籍・住民票・証明 税金 保険・年金 健康・医療・福祉 子育て・教育 生活・インフラ・ごみ 公共施設・公共交通 くらしの問い合わせ先 マイナンバー 船舶情報 料金・時刻表 乗船手続き English Information for Visitors 貨物受付について 村内航路「みつしま」 船舶に関するお問い合わせ 防災・安全 防災 緊急連絡先一覧 座間味村消防団 観光・移住 座間味村の魅力 観光 移住・定住 行事・イベン
17	座間味村	転居届（座間味村内で住所を変更するとき）	https://www.vill.zamami.okinawa.jp/kurashi/todokedeshoumei/idou/tenkyo/	転居届（座間味村内で住所を変更するとき） | 座間味村役場公式ホームページ メインコンテンツへスキップ 防災情報 観光情報 各種お問い合わせ先 組織一覧 閲覧支援 Language 情報を 探す くらしの情報 船舶情報 防災・安全 観光・移住 座間味村について 事業者の方へ 閉じる カテゴリ別に探す くらしの情報 戸籍・住民票・証明 税金 保険・年金 健康・医療・福祉 子育て・教育 生活・インフラ・ごみ 公共施設・公共交通 くらしの問い合わせ先 マイナンバー 船舶情報 料金・時刻表 乗船手続き English Information for Visitors 貨物受付について 村内航路「みつしま」 船舶に関するお問い合わせ 防災・安全 防災 緊急連絡先一覧 座間味村消防団 観光・移住 座間味村の魅力 観光 移住
17	座間味村	転出届（座間味村内から村外へ住所を変更するとき）	https://www.vill.zamami.okinawa.jp/kurashi/todokedeshoumei/idou/tenshutsu/	転出届（座間味村内から村外へ住所を変更するとき） | 座間味村役場公式ホームページ メインコンテンツへスキップ 防災情報 観光情報 各種お問い合わせ先 組織一覧 閲覧支援 Language 情報を 探す くらしの情報 船舶情報 防災・安全 観光・移住 座間味村について 事業者の方へ 閉じる カテゴリ別に探す くらしの情報 戸籍・住民票・証明 税金 保険・年金 健康・医療・福祉 子育て・教育 生活・インフラ・ごみ 公共施設・公共交通 くらしの問い合わせ先 マイナンバー 船舶情報 料金・時刻表 乗船手続き English Information for Visitors 貨物受付について 村内航路「みつしま」 船舶に関するお問い合わせ 防災・安全 防災 緊急連絡先一覧 座間味村消防団 観光・移住 座間味村の魅力 観
17	座間味村	転籍届（戸籍の本籍地を変更するときの手続き）	https://www.vill.zamami.okinawa.jp/kurashi/todokedeshoumei/koseki/tenseki/	転籍届（戸籍の本籍地を変更するときの手続き） | 座間味村役場公式ホームページ メインコンテンツへスキップ 防災情報 観光情報 各種お問い合わせ先 組織一覧 閲覧支援 Language 情報を 探す くらしの情報 船舶情報 防災・安全 観光・移住 座間味村について 事業者の方へ 閉じる カテゴリ別に探す くらしの情報 戸籍・住民票・証明 税金 保険・年金 健康・医療・福祉 子育て・教育 生活・インフラ・ごみ 公共施設・公共交通 くらしの問い合わせ先 マイナンバー 船舶情報 料金・時刻表 乗船手続き English Information for Visitors 貨物受付について 村内航路「みつしま」 船舶に関するお問い合わせ 防災・安全 防災 緊急連絡先一覧 座間味村消防団 観光・移住 座間味村の魅力 観光
17	座間味村	転入届（村外から座間味村に住所を変更したとき）	https://www.vill.zamami.okinawa.jp/kurashi/todokedeshoumei/idou/tennyu/	転入届（村外から座間味村に住所を変更したとき） | 座間味村役場公式ホームページ メインコンテンツへスキップ 防災情報 観光情報 各種お問い合わせ先 組織一覧 閲覧支援 Language 情報を 探す くらしの情報 船舶情報 防災・安全 観光・移住 座間味村について 事業者の方へ 閉じる カテゴリ別に探す くらしの情報 戸籍・住民票・証明 税金 保険・年金 健康・医療・福祉 子育て・教育 生活・インフラ・ごみ 公共施設・公共交通 くらしの問い合わせ先 マイナンバー 船舶情報 料金・時刻表 乗船手続き English Information for Visitors 貨物受付について 村内航路「みつしま」 船舶に関するお問い合わせ 防災・安全 防災 緊急連絡先一覧 座間味村消防団 観光・移住 座間味村の魅力 観光
17	座間味村	保育施設一時預かりの利用案内	https://www.vill.zamami.okinawa.jp/kurashi/kosodate/hoikuen/ichijiazukari/	保育施設一時預かりの利用案内 | 座間味村役場公式ホームページ メインコンテンツへスキップ 防災情報 観光情報 各種お問い合わせ先 組織一覧 閲覧支援 Language 情報を 探す くらしの情報 船舶情報 防災・安全 観光・移住 座間味村について 事業者の方へ 閉じる カテゴリ別に探す くらしの情報 戸籍・住民票・証明 税金 保険・年金 健康・医療・福祉 子育て・教育 生活・インフラ・ごみ 公共施設・公共交通 くらしの問い合わせ先 マイナンバー 船舶情報 料金・時刻表 乗船手続き English Information for Visitors 貨物受付について 村内航路「みつしま」 船舶に関するお問い合わせ 防災・安全 防災 緊急連絡先一覧 座間味村消防団 観光・移住 座間味村の魅力 観光 移住・定住 行事
17	座間味村	幼稚園	https://www.vill.zamami.okinawa.jp/kurashi/kosodate/youchien/	幼稚園 | 座間味村役場公式ホームページ メインコンテンツへスキップ 防災情報 観光情報 各種お問い合わせ先 組織一覧 閲覧支援 Language 情報を 探す くらしの情報 船舶情報 防災・安全 観光・移住 座間味村について 事業者の方へ 閉じる カテゴリ別に探す くらしの情報 戸籍・住民票・証明 税金 保険・年金 健康・医療・福祉 子育て・教育 生活・インフラ・ごみ 公共施設・公共交通 くらしの問い合わせ先 マイナンバー 船舶情報 料金・時刻表 乗船手続き English Information for Visitors 貨物受付について 村内航路「みつしま」 船舶に関するお問い合わせ 防災・安全 防災 緊急連絡先一覧 座間味村消防団 観光・移住 座間味村の魅力 観光 移住・定住 行事・イベント 座間味村観
17	座間味村	離婚届（離婚するときの手続き）	https://www.vill.zamami.okinawa.jp/kurashi/todokedeshoumei/koseki/rikon/	離婚届（離婚するときの手続き） | 座間味村役場公式ホームページ メインコンテンツへスキップ 防災情報 観光情報 各種お問い合わせ先 組織一覧 閲覧支援 Language 情報を 探す くらしの情報 船舶情報 防災・安全 観光・移住 座間味村について 事業者の方へ 閉じる カテゴリ別に探す くらしの情報 戸籍・住民票・証明 税金 保険・年金 健康・医療・福祉 子育て・教育 生活・インフラ・ごみ 公共施設・公共交通 くらしの問い合わせ先 マイナンバー 船舶情報 料金・時刻表 乗船手続き English Information for Visitors 貨物受付について 村内航路「みつしま」 船舶に関するお問い合わせ 防災・安全 防災 緊急連絡先一覧 座間味村消防団 観光・移住 座間味村の魅力 観光 移住・定住 行
17	座間味村	離島住民割引運賃カード	https://www.vill.zamami.okinawa.jp/kurashi/shisetsu_kotsu/ritojumincard/	離島住民割引運賃カード | 座間味村役場公式ホームページ メインコンテンツへスキップ 防災情報 観光情報 各種お問い合わせ先 組織一覧 閲覧支援 Language 情報を 探す くらしの情報 船舶情報 防災・安全 観光・移住 座間味村について 事業者の方へ 閉じる カテゴリ別に探す くらしの情報 戸籍・住民票・証明 税金 保険・年金 健康・医療・福祉 子育て・教育 生活・インフラ・ごみ 公共施設・公共交通 くらしの問い合わせ先 マイナンバー 船舶情報 料金・時刻表 乗船手続き English Information for Visitors 貨物受付について 村内航路「みつしま」 船舶に関するお問い合わせ 防災・安全 防災 緊急連絡先一覧 座間味村消防団 観光・移住 座間味村の魅力 観光 移住・定住 行事・イベ
17	座間味村	離島住民割引運賃カードオンライン申請開始のお知らせ	https://www.vill.zamami.okinawa.jp/kurashi/shisetsu_kotsu/1772152002/	離島住民割引運賃カードオンライン申請開始のお知らせ | 座間味村役場公式ホームページ メインコンテンツへスキップ 防災情報 観光情報 各種お問い合わせ先 組織一覧 閲覧支援 Language 情報を 探す くらしの情報 船舶情報 防災・安全 観光・移住 座間味村について 事業者の方へ 閉じる カテゴリ別に探す くらしの情報 戸籍・住民票・証明 税金 保険・年金 健康・医療・福祉 子育て・教育 生活・インフラ・ごみ 公共施設・公共交通 くらしの問い合わせ先 マイナンバー 船舶情報 料金・時刻表 乗船手続き English Information for Visitors 貨物受付について 村内航路「みつしま」 船舶に関するお問い合わせ 防災・安全 防災 緊急連絡先一覧 座間味村消防団 観光・移住 座間味村の魅力
17	座間味村	令和7年度 座間味村国民健康保険税収納対策緊急プラン	https://www.vill.zamami.okinawa.jp/kurashi/hoken_nenkin/kokuminkenkohoken/1771979066/	令和7年度 座間味村国民健康保険税収納対策緊急プラン | 座間味村役場公式ホームページ メインコンテンツへスキップ 防災情報 観光情報 各種お問い合わせ先 組織一覧 閲覧支援 Language 情報を 探す くらしの情報 船舶情報 防災・安全 観光・移住 座間味村について 事業者の方へ 閉じる カテゴリ別に探す くらしの情報 戸籍・住民票・証明 税金 保険・年金 健康・医療・福祉 子育て・教育 生活・インフラ・ごみ 公共施設・公共交通 くらしの問い合わせ先 マイナンバー 船舶情報 料金・時刻表 乗船手続き English Information for Visitors 貨物受付について 村内航路「みつしま」 船舶に関するお問い合わせ 防災・安全 防災 緊急連絡先一覧 座間味村消防団 観光・移住 座間味村の魅力
17	座間味村	令和7年度座間味村保育施設（あかげるま保育園）入所（中途）申込案内について	https://www.vill.zamami.okinawa.jp/kurashi/kosodate/hoikuen/1772190523/	令和7年度座間味村保育施設（あかげるま保育園）入所（中途）申込案内について | 座間味村役場公式ホームページ メインコンテンツへスキップ 防災情報 観光情報 各種お問い合わせ先 組織一覧 閲覧支援 Language 情報を 探す くらしの情報 船舶情報 防災・安全 観光・移住 座間味村について 事業者の方へ 閉じる カテゴリ別に探す くらしの情報 戸籍・住民票・証明 税金 保険・年金 健康・医療・福祉 子育て・教育 生活・インフラ・ごみ 公共施設・公共交通 くらしの問い合わせ先 マイナンバー 船舶情報 料金・時刻表 乗船手続き English Information for Visitors 貨物受付について 村内航路「みつしま」 船舶に関するお問い合わせ 防災・安全 防災 緊急連絡先一覧 座間味村消防団 観光
17	座間味村	令和7年分確定申告・住民税申告の受付について	https://www.vill.zamami.okinawa.jp/kurashi/zeikin/1772188364/	令和7年分確定申告・住民税申告の受付について | 座間味村役場公式ホームページ メインコンテンツへスキップ 防災情報 観光情報 各種お問い合わせ先 組織一覧 閲覧支援 Language 情報を 探す くらしの情報 船舶情報 防災・安全 観光・移住 座間味村について 事業者の方へ 閉じる カテゴリ別に探す くらしの情報 戸籍・住民票・証明 税金 保険・年金 健康・医療・福祉 子育て・教育 生活・インフラ・ごみ 公共施設・公共交通 くらしの問い合わせ先 マイナンバー 船舶情報 料金・時刻表 乗船手続き English Information for Visitors 貨物受付について 村内航路「みつしま」 船舶に関するお問い合わせ 防災・安全 防災 緊急連絡先一覧 座間味村消防団 観光・移住 座間味村の魅力 観光
17	座間味村	令和８年度座間味村まちなか留学派遣事業	https://www.vill.zamami.okinawa.jp/kurashi/kosodate/education/1782978966/	令和８年度座間味村まちなか留学派遣事業 | 座間味村役場公式ホームページ メインコンテンツへスキップ 防災情報 観光情報 各種お問い合わせ先 組織一覧 閲覧支援 Language 情報を 探す くらしの情報 船舶情報 防災・安全 観光・移住 座間味村について 事業者の方へ 閉じる カテゴリ別に探す くらしの情報 戸籍・住民票・証明 税金 保険・年金 健康・医療・福祉 子育て・教育 生活・インフラ・ごみ 公共施設・公共交通 くらしの問い合わせ先 マイナンバー 船舶情報 料金・時刻表 乗船手続き English Information for Visitors 貨物受付について 村内航路「みつしま」 船舶に関するお問い合わせ 防災・安全 防災 緊急連絡先一覧 座間味村消防団 観光・移住 座間味村の魅力 観光 移住・
17	座間味村	令和8年度座間味村保育施設（あかげるま保育園）入所申込案内について	https://www.vill.zamami.okinawa.jp/kurashi/kosodate/hoikuen/1772407285/	令和8年度座間味村保育施設（あかげるま保育園）入所申込案内について | 座間味村役場公式ホームページ メインコンテンツへスキップ 防災情報 観光情報 各種お問い合わせ先 組織一覧 閲覧支援 Language 情報を 探す くらしの情報 船舶情報 防災・安全 観光・移住 座間味村について 事業者の方へ 閉じる カテゴリ別に探す くらしの情報 戸籍・住民票・証明 税金 保険・年金 健康・医療・福祉 子育て・教育 生活・インフラ・ごみ 公共施設・公共交通 くらしの問い合わせ先 マイナンバー 船舶情報 料金・時刻表 乗船手続き English Information for Visitors 貨物受付について 村内航路「みつしま」 船舶に関するお問い合わせ 防災・安全 防災 緊急連絡先一覧 座間味村消防団 観光・移住
17	座間味村	令和8年度座間味村保育施設入所申込案内について	https://www.vill.zamami.okinawa.jp/kurashi/kosodate/hoikuen/1772187646/	令和8年度座間味村保育施設入所申込案内について | 座間味村役場公式ホームページ メインコンテンツへスキップ 防災情報 観光情報 各種お問い合わせ先 組織一覧 閲覧支援 Language 情報を 探す くらしの情報 船舶情報 防災・安全 観光・移住 座間味村について 事業者の方へ 閉じる カテゴリ別に探す くらしの情報 戸籍・住民票・証明 税金 保険・年金 健康・医療・福祉 子育て・教育 生活・インフラ・ごみ 公共施設・公共交通 くらしの問い合わせ先 マイナンバー 船舶情報 料金・時刻表 乗船手続き English Information for Visitors 貨物受付について 村内航路「みつしま」 船舶に関するお問い合わせ 防災・安全 防災 緊急連絡先一覧 座間味村消防団 観光・移住 座間味村の魅力 観光
30	渡名喜村	渡名喜村給付金・定額減税一体支援事業【調整給付】	http://www.vill.tonaki.okinawa.jp/detail.jsp?id=104282&type=TopicsTopPage&select=&funcid=2&editMode=	定額減税一体支援事業【調整給付】。納税者本人と扶養親族の数から算定される減税額が、2024年分所得税、個人住民税を上回り、定額減税しきれないと見込まれる方へ差額を給付。対象者は令和6年1月1日時点で渡名喜村の住民基本台帳に登録されている方。算出方法は3万円×本人＋扶養親族から令和6年分推計所得税額、1万円×本人＋扶養親族から令和6年度個人住民税所得割額を差し引き、合計額を1万円単位で切り上げ。申請期限は令和6年11月8日、受付終了。
30	渡名喜村	渡名喜村給付金・物価高騰対応支援給付金	http://www.vill.tonaki.okinawa.jp/detail.jsp?id=104509&type=TopicsTopPage&select=&funcid=2&editMode=	物価高騰対応支援給付金。電気・ガス・食料品等の価格高騰対策として、令和６年度住民税非課税世帯に対して１世帯当たり３万円を支給。同一世帯に１８歳以下の児童がいる場合は１人当たり２万円を追加給付。対象者は令和６年１２月１３日時点で渡名喜村の住民基本台帳に登録され、令和６年度の住民税が非課税となった世帯。申請期限は令和７年７月２５日。
30	渡名喜村	令和７年度 物価高騰対応重点支援地方創生臨時交付金	http://www.vill.tonaki.okinawa.jp/detail.jsp?id=104649&type=TopicsTopPage&select=&funcid=2&editMode=	令和７年度渡名喜村低所得者支援及び定額減税補足給付金（不足額給付）。令和７年１月１日時点で渡名喜村にお住まいで、合計所得金額が1,805万円以下の方のうち不足額給付1または不足額給付2に該当する方が対象。不足額給付1は本来給付すべき所要額と当初調整給付額との差額、不足額給付2は原則4万円、国外居住者は3万円。受付期間は令和７年１０月１５日から令和７年１１月１４日まで。
30	南大東村	こども医療費助成	https://www.vill.minamidaito.okinawa.jp/site/hoken-c/500.html	こども医療費助成 - 保健センター - 南大東村ホームページ（福祉民生課） ページの先頭です。 メニューを飛ばして本文へ 防災・災害 避難所一覧 防災マップ --> Language English 中文（簡体） 한글 中文（繁体） 閲覧補助機能 背景色変更 黒 青 標準 文字サイズ 標準 拡大 × --> マイページ くらし 健康・福祉 しごと 観光 村政情報 手続き申請ナビ 戸籍・住民票・パスポート 税金 子育て・教育・スポーツ 住まい 地域活動・相談 ごみ・環境・動物 死亡・相続 年金・保険 健康・医療 高齢者・介護 福祉・支援 産業振興・支援 入札・契約情報 事業ごみ・産業廃棄物 雇用・労働 島の魅力 南大東を楽しむ 観光施設紹介 村の概要 村議会・委員会 村の取り組み・財政 情報公開・制度 広報・広聴
30	南大東村	介護保険で利用できるサービス	https://www.vill.minamidaito.okinawa.jp/site/navi/956.html	介護保険で利用できるサービス - 手続き申請ナビ - 南大東村ホームページ（福祉民生課） ページの先頭です。 メニューを飛ばして本文へ 防災・災害 避難所一覧 防災マップ --> Language English 中文（簡体） 한글 中文（繁体） 閲覧補助機能 背景色変更 黒 青 標準 文字サイズ 標準 拡大 × --> マイページ くらし 健康・福祉 しごと 観光 村政情報 手続き申請ナビ 戸籍・住民票・パスポート 税金 子育て・教育・スポーツ 住まい 地域活動・相談 ごみ・環境・動物 死亡・相続 年金・保険 健康・医療 高齢者・介護 福祉・支援 産業振興・支援 入札・契約情報 事業ごみ・産業廃棄物 雇用・労働 島の魅力 南大東を楽しむ 観光施設紹介 村の概要 村議会・委員会 村の取り組み・財政 情報公開・制
30	南大東村	児童手当	https://www.vill.minamidaito.okinawa.jp/site/navi/460.html	児童手当 - 手続き申請ナビ - 南大東村ホームページ（福祉民生課） ページの先頭です。 メニューを飛ばして本文へ 防災・災害 避難所一覧 防災マップ --> Language English 中文（簡体） 한글 中文（繁体） 閲覧補助機能 背景色変更 黒 青 標準 文字サイズ 標準 拡大 × --> マイページ くらし 健康・福祉 しごと 観光 村政情報 手続き申請ナビ 戸籍・住民票・パスポート 税金 子育て・教育・スポーツ 住まい 地域活動・相談 ごみ・環境・動物 死亡・相続 年金・保険 健康・医療 高齢者・介護 福祉・支援 産業振興・支援 入札・契約情報 事業ごみ・産業廃棄物 雇用・労働 島の魅力 南大東を楽しむ 観光施設紹介 村の概要 村議会・委員会 村の取り組み・財政 情報公開・制度 広報・広聴 職員
30	南大東村	総務課	https://www.vill.minamidaito.okinawa.jp/soshiki/2/	総務課 - 南大東村ホームページ ページの先頭です。 メニューを飛ばして本文へ 防災・災害 避難所一覧 防災マップ --> Language English 中文（簡体） 한글 中文（繁体） 閲覧補助機能 背景色変更 黒 青 標準 文字サイズ 標準 拡大 × --> マイページ くらし 健康・福祉 しごと 観光 村政情報 手続き申請ナビ 戸籍・住民票・パスポート 税金 子育て・教育・スポーツ 住まい 地域活動・相談 ごみ・環境・動物 死亡・相続 年金・保険 健康・医療 高齢者・介護 福祉・支援 産業振興・支援 入札・契約情報 事業ごみ・産業廃棄物 雇用・労働 島の魅力 南大東を楽しむ 観光施設紹介 村の概要 村議会・委員会 村の取り組み・財政 情報公開・制度 広報・広聴 職員採用・人事 施設情報 くらし 健康・
30	南大東村	総務課	https://www.vill.minamidaito.okinawa.jp/soshiki/2/index-2.html	総務課 - 南大東村ホームページ ページの先頭です。 メニューを飛ばして本文へ 防災・災害 避難所一覧 防災マップ --> Language English 中文（簡体） 한글 中文（繁体） 閲覧補助機能 背景色変更 黒 青 標準 文字サイズ 標準 拡大 × --> マイページ くらし 健康・福祉 しごと 観光 村政情報 手続き申請ナビ 戸籍・住民票・パスポート 税金 子育て・教育・スポーツ 住まい 地域活動・相談 ごみ・環境・動物 死亡・相続 年金・保険 健康・医療 高齢者・介護 福祉・支援 産業振興・支援 入札・契約情報 事業ごみ・産業廃棄物 雇用・労働 島の魅力 南大東を楽しむ 観光施設紹介 村の概要 村議会・委員会 村の取り組み・財政 情報公開・制度 広報・広聴 職員採用・人事 施設情報 くらし 健康・
30	南大東村	総務課	https://www.vill.minamidaito.okinawa.jp/soshiki/2/index.html	総務課 - 南大東村ホームページ ページの先頭です。 メニューを飛ばして本文へ 防災・災害 避難所一覧 防災マップ --> Language English 中文（簡体） 한글 中文（繁体） 閲覧補助機能 背景色変更 黒 青 標準 文字サイズ 標準 拡大 × --> マイページ くらし 健康・福祉 しごと 観光 村政情報 手続き申請ナビ 戸籍・住民票・パスポート 税金 子育て・教育・スポーツ 住まい 地域活動・相談 ごみ・環境・動物 死亡・相続 年金・保険 健康・医療 高齢者・介護 福祉・支援 産業振興・支援 入札・契約情報 事業ごみ・産業廃棄物 雇用・労働 島の魅力 南大東を楽しむ 観光施設紹介 村の概要 村議会・委員会 村の取り組み・財政 情報公開・制度 広報・広聴 職員採用・人事 施設情報 くらし 健康・
30	南大東村	第3期南大東村子ども・子育て支援事業計画	https://www.vill.minamidaito.okinawa.jp/site/hoken-c/493.html	第3期南大東村子ども・子育て支援事業計画 - 保健センター - 南大東村ホームページ（福祉民生課） ページの先頭です。 メニューを飛ばして本文へ 防災・災害 避難所一覧 防災マップ --> Language English 中文（簡体） 한글 中文（繁体） 閲覧補助機能 背景色変更 黒 青 標準 文字サイズ 標準 拡大 × --> マイページ くらし 健康・福祉 しごと 観光 村政情報 手続き申請ナビ 戸籍・住民票・パスポート 税金 子育て・教育・スポーツ 住まい 地域活動・相談 ごみ・環境・動物 死亡・相続 年金・保険 健康・医療 高齢者・介護 福祉・支援 産業振興・支援 入札・契約情報 事業ごみ・産業廃棄物 雇用・労働 島の魅力 南大東を楽しむ 観光施設紹介 村の概要 村議会・委員会 村の取り組み・財政 情
30	南大東村	島外での専門病院治療等にかかる渡航費助成	https://www.vill.minamidaito.okinawa.jp/site/hoken-c/554.html	島外での専門病院治療等にかかる渡航費助成 - 保健センター - 南大東村ホームページ（福祉民生課） ページの先頭です。 メニューを飛ばして本文へ 防災・災害 避難所一覧 防災マップ --> Language English 中文（簡体） 한글 中文（繁体） 閲覧補助機能 背景色変更 黒 青 標準 文字サイズ 標準 拡大 × --> マイページ くらし 健康・福祉 しごと 観光 村政情報 手続き申請ナビ 戸籍・住民票・パスポート 税金 子育て・教育・スポーツ 住まい 地域活動・相談 ごみ・環境・動物 死亡・相続 年金・保険 健康・医療 高齢者・介護 福祉・支援 産業振興・支援 入札・契約情報 事業ごみ・産業廃棄物 雇用・労働 島の魅力 南大東を楽しむ 観光施設紹介 村の概要 村議会・委員会 村の取り組み・財政 情
30	南大東村	島外の医療施設への受診に係る通院費助成の対象患者について	https://www.vill.minamidaito.okinawa.jp/site/hoken-c/508.html	島外の医療施設への受診に係る通院費助成の対象患者について - 保健センター - 南大東村ホームページ（福祉民生課） ページの先頭です。 メニューを飛ばして本文へ 防災・災害 避難所一覧 防災マップ --> Language English 中文（簡体） 한글 中文（繁体） 閲覧補助機能 背景色変更 黒 青 標準 文字サイズ 標準 拡大 × --> マイページ くらし 健康・福祉 しごと 観光 村政情報 手続き申請ナビ 戸籍・住民票・パスポート 税金 子育て・教育・スポーツ 住まい 地域活動・相談 ごみ・環境・動物 死亡・相続 年金・保険 健康・医療 高齢者・介護 福祉・支援 産業振興・支援 入札・契約情報 事業ごみ・産業廃棄物 雇用・労働 島の魅力 南大東を楽しむ 観光施設紹介 村の概要 村議会・委員会 村の取
30	南大東村	南大東村母子及び父子家庭等医療費助成制度	https://www.vill.minamidaito.okinawa.jp/site/hoken-c/496.html	南大東村母子及び父子家庭等医療費助成制度 - 保健センター - 南大東村ホームページ（福祉民生課） ページの先頭です。 メニューを飛ばして本文へ 防災・災害 避難所一覧 防災マップ --> Language English 中文（簡体） 한글 中文（繁体） 閲覧補助機能 背景色変更 黒 青 標準 文字サイズ 標準 拡大 × --> マイページ くらし 健康・福祉 しごと 観光 村政情報 手続き申請ナビ 戸籍・住民票・パスポート 税金 子育て・教育・スポーツ 住まい 地域活動・相談 ごみ・環境・動物 死亡・相続 年金・保険 健康・医療 高齢者・介護 福祉・支援 産業振興・支援 入札・契約情報 事業ごみ・産業廃棄物 雇用・労働 島の魅力 南大東を楽しむ 観光施設紹介 村の概要 村議会・委員会 村の取り組み・財政 情
30	南大東村	任意予防接種の助成	https://www.vill.minamidaito.okinawa.jp/site/hoken-c/557.html	任意予防接種の助成 - 保健センター - 南大東村ホームページ（福祉民生課） ページの先頭です。 メニューを飛ばして本文へ 防災・災害 避難所一覧 防災マップ --> Language English 中文（簡体） 한글 中文（繁体） 閲覧補助機能 背景色変更 黒 青 標準 文字サイズ 標準 拡大 × --> マイページ くらし 健康・福祉 しごと 観光 村政情報 手続き申請ナビ 戸籍・住民票・パスポート 税金 子育て・教育・スポーツ 住まい 地域活動・相談 ごみ・環境・動物 死亡・相続 年金・保険 健康・医療 高齢者・介護 福祉・支援 産業振興・支援 入札・契約情報 事業ごみ・産業廃棄物 雇用・労働 島の魅力 南大東を楽しむ 観光施設紹介 村の概要 村議会・委員会 村の取り組み・財政 情報公開・制度 広報・広
28	南大東村	こどもの予防接種	https://www.vill.minamidaito.okinawa.jp/site/navi/700.html	こどもの予防接種 - 手続き申請ナビ - 南大東村ホームページ（福祉民生課） ページの先頭です。 メニューを飛ばして本文へ 防災・災害 避難所一覧 防災マップ --> Language English 中文（簡体） 한글 中文（繁体） 閲覧補助機能 背景色変更 黒 青 標準 文字サイズ 標準 拡大 × --> マイページ くらし 健康・福祉 しごと 観光 村政情報 手続き申請ナビ 戸籍・住民票・パスポート 税金 子育て・教育・スポーツ 住まい 地域活動・相談 ごみ・環境・動物 死亡・相続 年金・保険 健康・医療 高齢者・介護 福祉・支援 産業振興・支援 入札・契約情報 事業ごみ・産業廃棄物 雇用・労働 島の魅力 南大東を楽しむ 観光施設紹介 村の概要 村議会・委員会 村の取り組み・財政 情報公開・制度 広報・広
28	南大東村	介護保険の利用を希望する方へ	https://www.vill.minamidaito.okinawa.jp/site/navi/975.html	介護保険の利用を希望する方へ - 手続き申請ナビ - 南大東村ホームページ（福祉民生課） ページの先頭です。 メニューを飛ばして本文へ 防災・災害 避難所一覧 防災マップ --> Language English 中文（簡体） 한글 中文（繁体） 閲覧補助機能 背景色変更 黒 青 標準 文字サイズ 標準 拡大 × --> マイページ くらし 健康・福祉 しごと 観光 村政情報 手続き申請ナビ 戸籍・住民票・パスポート 税金 子育て・教育・スポーツ 住まい 地域活動・相談 ごみ・環境・動物 死亡・相続 年金・保険 健康・医療 高齢者・介護 福祉・支援 産業振興・支援 入札・契約情報 事業ごみ・産業廃棄物 雇用・労働 島の魅力 南大東を楽しむ 観光施設紹介 村の概要 村議会・委員会 村の取り組み・財政 情報公開・制
28	南大東村	自立支援医療制度（精神通院）	https://www.vill.minamidaito.okinawa.jp/site/hoken-c/619.html	自立支援医療制度（精神通院） - 保健センター - 南大東村ホームページ（福祉民生課） ページの先頭です。 メニューを飛ばして本文へ 防災・災害 避難所一覧 防災マップ --> Language English 中文（簡体） 한글 中文（繁体） 閲覧補助機能 背景色変更 黒 青 標準 文字サイズ 標準 拡大 × --> マイページ くらし 健康・福祉 しごと 観光 村政情報 手続き申請ナビ 戸籍・住民票・パスポート 税金 子育て・教育・スポーツ 住まい 地域活動・相談 ごみ・環境・動物 死亡・相続 年金・保険 健康・医療 高齢者・介護 福祉・支援 産業振興・支援 入札・契約情報 事業ごみ・産業廃棄物 雇用・労働 島の魅力 南大東を楽しむ 観光施設紹介 村の概要 村議会・委員会 村の取り組み・財政 情報公開・制度
28	南大東村	住民票異動について	https://www.vill.minamidaito.okinawa.jp/site/navi/1284.html	住民票異動について - 手続き申請ナビ - 南大東村ホームページ（福祉民生課） ページの先頭です。 メニューを飛ばして本文へ 防災・災害 避難所一覧 防災マップ --> Language English 中文（簡体） 한글 中文（繁体） 閲覧補助機能 背景色変更 黒 青 標準 文字サイズ 標準 拡大 × --> マイページ くらし 健康・福祉 しごと 観光 村政情報 手続き申請ナビ 戸籍・住民票・パスポート 税金 子育て・教育・スポーツ 住まい 地域活動・相談 ごみ・環境・動物 死亡・相続 年金・保険 健康・医療 高齢者・介護 福祉・支援 産業振興・支援 入札・契約情報 事業ごみ・産業廃棄物 雇用・労働 島の魅力 南大東を楽しむ 観光施設紹介 村の概要 村議会・委員会 村の取り組み・財政 情報公開・制度 広報・
28	南大東村	令和8年度 帯状疱疹ワクチン定期予防接種のお知らせ	https://www.vill.minamidaito.okinawa.jp/site/hoken-c/1193.html	令和8年度 帯状疱疹ワクチン定期予防接種のお知らせ - 保健センター - 南大東村ホームページ（福祉民生課） ページの先頭です。 メニューを飛ばして本文へ 防災・災害 避難所一覧 防災マップ --> Language English 中文（簡体） 한글 中文（繁体） 閲覧補助機能 背景色変更 黒 青 標準 文字サイズ 標準 拡大 × --> マイページ くらし 健康・福祉 しごと 観光 村政情報 手続き申請ナビ 戸籍・住民票・パスポート 税金 子育て・教育・スポーツ 住まい 地域活動・相談 ごみ・環境・動物 死亡・相続 年金・保険 健康・医療 高齢者・介護 福祉・支援 産業振興・支援 入札・契約情報 事業ごみ・産業廃棄物 雇用・労働 島の魅力 南大東を楽しむ 観光施設紹介 村の概要 村議会・委員会 村の取り組み
26	南大東村	～妊娠がわかったら～ 親子（母子）健康手帳の交付について	https://www.vill.minamidaito.okinawa.jp/site/navi/517.html	～妊娠がわかったら～ 親子（母子）健康手帳の交付について - 手続き申請ナビ - 南大東村ホームページ（福祉民生課） ページの先頭です。 メニューを飛ばして本文へ 防災・災害 避難所一覧 防災マップ --> Language English 中文（簡体） 한글 中文（繁体） 閲覧補助機能 背景色変更 黒 青 標準 文字サイズ 標準 拡大 × --> マイページ くらし 健康・福祉 しごと 観光 村政情報 手続き申請ナビ 戸籍・住民票・パスポート 税金 子育て・教育・スポーツ 住まい 地域活動・相談 ごみ・環境・動物 死亡・相続 年金・保険 健康・医療 高齢者・介護 福祉・支援 産業振興・支援 入札・契約情報 事業ごみ・産業廃棄物 雇用・労働 島の魅力 南大東を楽しむ 観光施設紹介 村の概要 村議会・委員会 村の
26	南大東村	うふあがり安らぎ会館	https://www.vill.minamidaito.okinawa.jp/site/navi/521.html	うふあがり安らぎ会館 - 手続き申請ナビ - 南大東村ホームページ（福祉民生課） ページの先頭です。 メニューを飛ばして本文へ 防災・災害 避難所一覧 防災マップ --> Language English 中文（簡体） 한글 中文（繁体） 閲覧補助機能 背景色変更 黒 青 標準 文字サイズ 標準 拡大 × --> マイページ くらし 健康・福祉 しごと 観光 村政情報 手続き申請ナビ 戸籍・住民票・パスポート 税金 子育て・教育・スポーツ 住まい 地域活動・相談 ごみ・環境・動物 死亡・相続 年金・保険 健康・医療 高齢者・介護 福祉・支援 産業振興・支援 入札・契約情報 事業ごみ・産業廃棄物 雇用・労働 島の魅力 南大東を楽しむ 観光施設紹介 村の概要 村議会・委員会 村の取り組み・財政 情報公開・制度 広報
26	南大東村	企業版ふるさと納税 （地方創生応援税制）	https://www.vill.minamidaito.okinawa.jp/site/navi/974.html	企業版ふるさと納税 （地方創生応援税制） - 手続き申請ナビ - 南大東村ホームページ（総務課） ページの先頭です。 メニューを飛ばして本文へ 防災・災害 避難所一覧 防災マップ --> Language English 中文（簡体） 한글 中文（繁体） 閲覧補助機能 背景色変更 黒 青 標準 文字サイズ 標準 拡大 × --> マイページ くらし 健康・福祉 しごと 観光 村政情報 手続き申請ナビ 戸籍・住民票・パスポート 税金 子育て・教育・スポーツ 住まい 地域活動・相談 ごみ・環境・動物 死亡・相続 年金・保険 健康・医療 高齢者・介護 福祉・支援 産業振興・支援 入札・契約情報 事業ごみ・産業廃棄物 雇用・労働 島の魅力 南大東を楽しむ 観光施設紹介 村の概要 村議会・委員会 村の取り組み・財政 情報
26	南大東村	情報公開制度	https://www.vill.minamidaito.okinawa.jp/site/navi/1280.html	情報公開制度 - 手続き申請ナビ - 南大東村ホームページ（総務課） ページの先頭です。 メニューを飛ばして本文へ 防災・災害 避難所一覧 防災マップ --> Language English 中文（簡体） 한글 中文（繁体） 閲覧補助機能 背景色変更 黒 青 標準 文字サイズ 標準 拡大 × --> マイページ くらし 健康・福祉 しごと 観光 村政情報 手続き申請ナビ 戸籍・住民票・パスポート 税金 子育て・教育・スポーツ 住まい 地域活動・相談 ごみ・環境・動物 死亡・相続 年金・保険 健康・医療 高齢者・介護 福祉・支援 産業振興・支援 入札・契約情報 事業ごみ・産業廃棄物 雇用・労働 島の魅力 南大東を楽しむ 観光施設紹介 村の概要 村議会・委員会 村の取り組み・財政 情報公開・制度 広報・広聴 職員
26	南大東村	申請書ダウンロード（住民票・戸籍関係）	https://www.vill.minamidaito.okinawa.jp/site/navi/1545.html	申請書ダウンロード（住民票・戸籍関係） - 手続き申請ナビ - 南大東村ホームページ（福祉民生課） ページの先頭です。 メニューを飛ばして本文へ 防災・災害 避難所一覧 防災マップ --> Language English 中文（簡体） 한글 中文（繁体） 閲覧補助機能 背景色変更 黒 青 標準 文字サイズ 標準 拡大 × --> マイページ くらし 健康・福祉 しごと 観光 村政情報 手続き申請ナビ 戸籍・住民票・パスポート 税金 子育て・教育・スポーツ 住まい 地域活動・相談 ごみ・環境・動物 死亡・相続 年金・保険 健康・医療 高齢者・介護 福祉・支援 産業振興・支援 入札・契約情報 事業ごみ・産業廃棄物 雇用・労働 島の魅力 南大東を楽しむ 観光施設紹介 村の概要 村議会・委員会 村の取り組み・財政 情
26	南大東村	成人の予防接種	https://www.vill.minamidaito.okinawa.jp/site/navi/643.html	成人の予防接種 - 手続き申請ナビ - 南大東村ホームページ（福祉民生課） ページの先頭です。 メニューを飛ばして本文へ 防災・災害 避難所一覧 防災マップ --> Language English 中文（簡体） 한글 中文（繁体） 閲覧補助機能 背景色変更 黒 青 標準 文字サイズ 標準 拡大 × --> マイページ くらし 健康・福祉 しごと 観光 村政情報 手続き申請ナビ 戸籍・住民票・パスポート 税金 子育て・教育・スポーツ 住まい 地域活動・相談 ごみ・環境・動物 死亡・相続 年金・保険 健康・医療 高齢者・介護 福祉・支援 産業振興・支援 入札・契約情報 事業ごみ・産業廃棄物 雇用・労働 島の魅力 南大東を楽しむ 観光施設紹介 村の概要 村議会・委員会 村の取り組み・財政 情報公開・制度 広報・広聴
26	南大東村	南大東村元気な島づくり応援寄附 （ふるさと納税）	https://www.vill.minamidaito.okinawa.jp/site/navi/977.html	南大東村元気な島づくり応援寄附 （ふるさと納税） - 手続き申請ナビ - 南大東村ホームページ（総務課） ページの先頭です。 メニューを飛ばして本文へ 防災・災害 避難所一覧 防災マップ --> Language English 中文（簡体） 한글 中文（繁体） 閲覧補助機能 背景色変更 黒 青 標準 文字サイズ 標準 拡大 × --> マイページ くらし 健康・福祉 しごと 観光 村政情報 手続き申請ナビ 戸籍・住民票・パスポート 税金 子育て・教育・スポーツ 住まい 地域活動・相談 ごみ・環境・動物 死亡・相続 年金・保険 健康・医療 高齢者・介護 福祉・支援 産業振興・支援 入札・契約情報 事業ごみ・産業廃棄物 雇用・労働 島の魅力 南大東を楽しむ 観光施設紹介 村の概要 村議会・委員会 村の取り組み・財
26	南大東村	不在者投票	https://www.vill.minamidaito.okinawa.jp/site/navi/1412.html	不在者投票 - 手続き申請ナビ - 南大東村ホームページ（総務課） ページの先頭です。 メニューを飛ばして本文へ 防災・災害 避難所一覧 防災マップ --> Language English 中文（簡体） 한글 中文（繁体） 閲覧補助機能 背景色変更 黒 青 標準 文字サイズ 標準 拡大 × --> マイページ くらし 健康・福祉 しごと 観光 村政情報 手続き申請ナビ 戸籍・住民票・パスポート 税金 子育て・教育・スポーツ 住まい 地域活動・相談 ごみ・環境・動物 死亡・相続 年金・保険 健康・医療 高齢者・介護 福祉・支援 産業振興・支援 入札・契約情報 事業ごみ・産業廃棄物 雇用・労働 島の魅力 南大東を楽しむ 観光施設紹介 村の概要 村議会・委員会 村の取り組み・財政 情報公開・制度 広報・広聴 職員採
25	南大東村	医療費助成	https://www.vill.minamidaito.okinawa.jp/life/2/11/56/	医療費助成 - 南大東村ホームページ ページの先頭です。 メニューを飛ばして本文へ 防災・災害 避難所一覧 防災マップ --> Language English 中文（簡体） 한글 中文（繁体） 閲覧補助機能 背景色変更 黒 青 標準 文字サイズ 標準 拡大 × --> マイページ くらし 健康・福祉 しごと 観光 村政情報 手続き申請ナビ 戸籍・住民票・パスポート 税金 子育て・教育・スポーツ 住まい 地域活動・相談 ごみ・環境・動物 死亡・相続 年金・保険 健康・医療 高齢者・介護 福祉・支援 産業振興・支援 入札・契約情報 事業ごみ・産業廃棄物 雇用・労働 島の魅力 南大東を楽しむ 観光施設紹介 村の概要 村議会・委員会 村の取り組み・財政 情報公開・制度 広報・広聴 職員採用・人事 施設情報 くらし 健
25	南大東村	医療費助成	https://www.vill.minamidaito.okinawa.jp/life/2/11/56/index.html	医療費助成 - 南大東村ホームページ ページの先頭です。 メニューを飛ばして本文へ 防災・災害 避難所一覧 防災マップ --> Language English 中文（簡体） 한글 中文（繁体） 閲覧補助機能 背景色変更 黒 青 標準 文字サイズ 標準 拡大 × --> マイページ くらし 健康・福祉 しごと 観光 村政情報 手続き申請ナビ 戸籍・住民票・パスポート 税金 子育て・教育・スポーツ 住まい 地域活動・相談 ごみ・環境・動物 死亡・相続 年金・保険 健康・医療 高齢者・介護 福祉・支援 産業振興・支援 入札・契約情報 事業ごみ・産業廃棄物 雇用・労働 島の魅力 南大東を楽しむ 観光施設紹介 村の概要 村議会・委員会 村の取り組み・財政 情報公開・制度 広報・広聴 職員採用・人事 施設情報 くらし 健
25	南大東村	医療費助成	https://www.vill.minamidaito.okinawa.jp/life/2/11/56/index-2.html	医療費助成 - 南大東村ホームページ ページの先頭です。 メニューを飛ばして本文へ 防災・災害 避難所一覧 防災マップ --> Language English 中文（簡体） 한글 中文（繁体） 閲覧補助機能 背景色変更 黒 青 標準 文字サイズ 標準 拡大 × --> マイページ くらし 健康・福祉 しごと 観光 村政情報 手続き申請ナビ 戸籍・住民票・パスポート 税金 子育て・教育・スポーツ 住まい 地域活動・相談 ごみ・環境・動物 死亡・相続 年金・保険 健康・医療 高齢者・介護 福祉・支援 産業振興・支援 入札・契約情報 事業ごみ・産業廃棄物 雇用・労働 島の魅力 南大東を楽しむ 観光施設紹介 村の概要 村議会・委員会 村の取り組み・財政 情報公開・制度 広報・広聴 職員採用・人事 施設情報 くらし 健
25	南大東村	各種手当	https://www.vill.minamidaito.okinawa.jp/life/2/11/54/	各種手当 - 南大東村ホームページ ページの先頭です。 メニューを飛ばして本文へ 防災・災害 避難所一覧 防災マップ --> Language English 中文（簡体） 한글 中文（繁体） 閲覧補助機能 背景色変更 黒 青 標準 文字サイズ 標準 拡大 × --> マイページ くらし 健康・福祉 しごと 観光 村政情報 手続き申請ナビ 戸籍・住民票・パスポート 税金 子育て・教育・スポーツ 住まい 地域活動・相談 ごみ・環境・動物 死亡・相続 年金・保険 健康・医療 高齢者・介護 福祉・支援 産業振興・支援 入札・契約情報 事業ごみ・産業廃棄物 雇用・労働 島の魅力 南大東を楽しむ 観光施設紹介 村の概要 村議会・委員会 村の取り組み・財政 情報公開・制度 広報・広聴 職員採用・人事 施設情報 くらし 健康
25	南大東村	各種手当	https://www.vill.minamidaito.okinawa.jp/life/2/11/54/index.html	各種手当 - 南大東村ホームページ ページの先頭です。 メニューを飛ばして本文へ 防災・災害 避難所一覧 防災マップ --> Language English 中文（簡体） 한글 中文（繁体） 閲覧補助機能 背景色変更 黒 青 標準 文字サイズ 標準 拡大 × --> マイページ くらし 健康・福祉 しごと 観光 村政情報 手続き申請ナビ 戸籍・住民票・パスポート 税金 子育て・教育・スポーツ 住まい 地域活動・相談 ごみ・環境・動物 死亡・相続 年金・保険 健康・医療 高齢者・介護 福祉・支援 産業振興・支援 入札・契約情報 事業ごみ・産業廃棄物 雇用・労働 島の魅力 南大東を楽しむ 観光施設紹介 村の概要 村議会・委員会 村の取り組み・財政 情報公開・制度 広報・広聴 職員採用・人事 施設情報 くらし 健康
25	南大東村	各種手当	https://www.vill.minamidaito.okinawa.jp/life/2/11/54/index-2.html	各種手当 - 南大東村ホームページ ページの先頭です。 メニューを飛ばして本文へ 防災・災害 避難所一覧 防災マップ --> Language English 中文（簡体） 한글 中文（繁体） 閲覧補助機能 背景色変更 黒 青 標準 文字サイズ 標準 拡大 × --> マイページ くらし 健康・福祉 しごと 観光 村政情報 手続き申請ナビ 戸籍・住民票・パスポート 税金 子育て・教育・スポーツ 住まい 地域活動・相談 ごみ・環境・動物 死亡・相続 年金・保険 健康・医療 高齢者・介護 福祉・支援 産業振興・支援 入札・契約情報 事業ごみ・産業廃棄物 雇用・労働 島の魅力 南大東を楽しむ 観光施設紹介 村の概要 村議会・委員会 村の取り組み・財政 情報公開・制度 広報・広聴 職員採用・人事 施設情報 くらし 健康
25	南大東村	健康・医療	https://www.vill.minamidaito.okinawa.jp/life/2/9/index-2.html	健康・医療 - 南大東村ホームページ ページの先頭です。 メニューを飛ばして本文へ 防災・災害 避難所一覧 防災マップ --> Language English 中文（簡体） 한글 中文（繁体） 閲覧補助機能 背景色変更 黒 青 標準 文字サイズ 標準 拡大 × --> マイページ くらし 健康・福祉 しごと 観光 村政情報 手続き申請ナビ 戸籍・住民票・パスポート 税金 子育て・教育・スポーツ 住まい 地域活動・相談 ごみ・環境・動物 死亡・相続 年金・保険 健康・医療 高齢者・介護 福祉・支援 産業振興・支援 入札・契約情報 事業ごみ・産業廃棄物 雇用・労働 島の魅力 南大東を楽しむ 観光施設紹介 村の概要 村議会・委員会 村の取り組み・財政 情報公開・制度 広報・広聴 職員採用・人事 施設情報 くらし 健
25	南大東村	子育て支援	https://www.vill.minamidaito.okinawa.jp/life/1/3/14/	子育て支援 - 南大東村ホームページ ページの先頭です。 メニューを飛ばして本文へ 防災・災害 避難所一覧 防災マップ --> Language English 中文（簡体） 한글 中文（繁体） 閲覧補助機能 背景色変更 黒 青 標準 文字サイズ 標準 拡大 × --> マイページ くらし 健康・福祉 しごと 観光 村政情報 手続き申請ナビ 戸籍・住民票・パスポート 税金 子育て・教育・スポーツ 住まい 地域活動・相談 ごみ・環境・動物 死亡・相続 年金・保険 健康・医療 高齢者・介護 福祉・支援 産業振興・支援 入札・契約情報 事業ごみ・産業廃棄物 雇用・労働 島の魅力 南大東を楽しむ 観光施設紹介 村の概要 村議会・委員会 村の取り組み・財政 情報公開・制度 広報・広聴 職員採用・人事 施設情報 くらし 健
25	南大東村	子育て支援	https://www.vill.minamidaito.okinawa.jp/life/1/3/14/index.html	子育て支援 - 南大東村ホームページ ページの先頭です。 メニューを飛ばして本文へ 防災・災害 避難所一覧 防災マップ --> Language English 中文（簡体） 한글 中文（繁体） 閲覧補助機能 背景色変更 黒 青 標準 文字サイズ 標準 拡大 × --> マイページ くらし 健康・福祉 しごと 観光 村政情報 手続き申請ナビ 戸籍・住民票・パスポート 税金 子育て・教育・スポーツ 住まい 地域活動・相談 ごみ・環境・動物 死亡・相続 年金・保険 健康・医療 高齢者・介護 福祉・支援 産業振興・支援 入札・契約情報 事業ごみ・産業廃棄物 雇用・労働 島の魅力 南大東を楽しむ 観光施設紹介 村の概要 村議会・委員会 村の取り組み・財政 情報公開・制度 広報・広聴 職員採用・人事 施設情報 くらし 健
25	南大東村	子育て支援	https://www.vill.minamidaito.okinawa.jp/life/1/3/14/index-2.html	子育て支援 - 南大東村ホームページ ページの先頭です。 メニューを飛ばして本文へ 防災・災害 避難所一覧 防災マップ --> Language English 中文（簡体） 한글 中文（繁体） 閲覧補助機能 背景色変更 黒 青 標準 文字サイズ 標準 拡大 × --> マイページ くらし 健康・福祉 しごと 観光 村政情報 手続き申請ナビ 戸籍・住民票・パスポート 税金 子育て・教育・スポーツ 住まい 地域活動・相談 ごみ・環境・動物 死亡・相続 年金・保険 健康・医療 高齢者・介護 福祉・支援 産業振興・支援 入札・契約情報 事業ごみ・産業廃棄物 雇用・労働 島の魅力 南大東を楽しむ 観光施設紹介 村の概要 村議会・委員会 村の取り組み・財政 情報公開・制度 広報・広聴 職員採用・人事 施設情報 くらし 健
25	南大東村	総合計画・地方創生	https://www.vill.minamidaito.okinawa.jp/life/5/21/96/	総合計画・地方創生 - 南大東村ホームページ ページの先頭です。 メニューを飛ばして本文へ 防災・災害 避難所一覧 防災マップ --> Language English 中文（簡体） 한글 中文（繁体） 閲覧補助機能 背景色変更 黒 青 標準 文字サイズ 標準 拡大 × --> マイページ くらし 健康・福祉 しごと 観光 村政情報 手続き申請ナビ 戸籍・住民票・パスポート 税金 子育て・教育・スポーツ 住まい 地域活動・相談 ごみ・環境・動物 死亡・相続 年金・保険 健康・医療 高齢者・介護 福祉・支援 産業振興・支援 入札・契約情報 事業ごみ・産業廃棄物 雇用・労働 島の魅力 南大東を楽しむ 観光施設紹介 村の概要 村議会・委員会 村の取り組み・財政 情報公開・制度 広報・広聴 職員採用・人事 施設情報 く
25	南大東村	総合計画・地方創生	https://www.vill.minamidaito.okinawa.jp/life/5/21/96/index.html	総合計画・地方創生 - 南大東村ホームページ ページの先頭です。 メニューを飛ばして本文へ 防災・災害 避難所一覧 防災マップ --> Language English 中文（簡体） 한글 中文（繁体） 閲覧補助機能 背景色変更 黒 青 標準 文字サイズ 標準 拡大 × --> マイページ くらし 健康・福祉 しごと 観光 村政情報 手続き申請ナビ 戸籍・住民票・パスポート 税金 子育て・教育・スポーツ 住まい 地域活動・相談 ごみ・環境・動物 死亡・相続 年金・保険 健康・医療 高齢者・介護 福祉・支援 産業振興・支援 入札・契約情報 事業ごみ・産業廃棄物 雇用・労働 島の魅力 南大東を楽しむ 観光施設紹介 村の概要 村議会・委員会 村の取り組み・財政 情報公開・制度 広報・広聴 職員採用・人事 施設情報 く
25	南大東村	総合計画・地方創生	https://www.vill.minamidaito.okinawa.jp/life/5/21/96/index-2.html	総合計画・地方創生 - 南大東村ホームページ ページの先頭です。 メニューを飛ばして本文へ 防災・災害 避難所一覧 防災マップ --> Language English 中文（簡体） 한글 中文（繁体） 閲覧補助機能 背景色変更 黒 青 標準 文字サイズ 標準 拡大 × --> マイページ くらし 健康・福祉 しごと 観光 村政情報 手続き申請ナビ 戸籍・住民票・パスポート 税金 子育て・教育・スポーツ 住まい 地域活動・相談 ごみ・環境・動物 死亡・相続 年金・保険 健康・医療 高齢者・介護 福祉・支援 産業振興・支援 入札・契約情報 事業ごみ・産業廃棄物 雇用・労働 島の魅力 南大東を楽しむ 観光施設紹介 村の概要 村議会・委員会 村の取り組み・財政 情報公開・制度 広報・広聴 職員採用・人事 施設情報 く
25	南大東村	福祉・支援	https://www.vill.minamidaito.okinawa.jp/life/2/11/	福祉・支援 - 南大東村ホームページ ページの先頭です。 メニューを飛ばして本文へ 防災・災害 避難所一覧 防災マップ --> Language English 中文（簡体） 한글 中文（繁体） 閲覧補助機能 背景色変更 黒 青 標準 文字サイズ 標準 拡大 × --> マイページ くらし 健康・福祉 しごと 観光 村政情報 手続き申請ナビ 戸籍・住民票・パスポート 税金 子育て・教育・スポーツ 住まい 地域活動・相談 ごみ・環境・動物 死亡・相続 年金・保険 健康・医療 高齢者・介護 福祉・支援 産業振興・支援 入札・契約情報 事業ごみ・産業廃棄物 雇用・労働 島の魅力 南大東を楽しむ 観光施設紹介 村の概要 村議会・委員会 村の取り組み・財政 情報公開・制度 広報・広聴 職員採用・人事 施設情報 くらし 健
25	南大東村	福祉・支援	https://www.vill.minamidaito.okinawa.jp/life/2/11/index.html	福祉・支援 - 南大東村ホームページ ページの先頭です。 メニューを飛ばして本文へ 防災・災害 避難所一覧 防災マップ --> Language English 中文（簡体） 한글 中文（繁体） 閲覧補助機能 背景色変更 黒 青 標準 文字サイズ 標準 拡大 × --> マイページ くらし 健康・福祉 しごと 観光 村政情報 手続き申請ナビ 戸籍・住民票・パスポート 税金 子育て・教育・スポーツ 住まい 地域活動・相談 ごみ・環境・動物 死亡・相続 年金・保険 健康・医療 高齢者・介護 福祉・支援 産業振興・支援 入札・契約情報 事業ごみ・産業廃棄物 雇用・労働 島の魅力 南大東を楽しむ 観光施設紹介 村の概要 村議会・委員会 村の取り組み・財政 情報公開・制度 広報・広聴 職員採用・人事 施設情報 くらし 健
25	南大東村	福祉・支援	https://www.vill.minamidaito.okinawa.jp/life/2/11/index-2.html	福祉・支援 - 南大東村ホームページ ページの先頭です。 メニューを飛ばして本文へ 防災・災害 避難所一覧 防災マップ --> Language English 中文（簡体） 한글 中文（繁体） 閲覧補助機能 背景色変更 黒 青 標準 文字サイズ 標準 拡大 × --> マイページ くらし 健康・福祉 しごと 観光 村政情報 手続き申請ナビ 戸籍・住民票・パスポート 税金 子育て・教育・スポーツ 住まい 地域活動・相談 ごみ・環境・動物 死亡・相続 年金・保険 健康・医療 高齢者・介護 福祉・支援 産業振興・支援 入札・契約情報 事業ごみ・産業廃棄物 雇用・労働 島の魅力 南大東を楽しむ 観光施設紹介 村の概要 村議会・委員会 村の取り組み・財政 情報公開・制度 広報・広聴 職員採用・人事 施設情報 くらし 健
25	南大東村	福祉民生課	https://www.vill.minamidaito.okinawa.jp/soshiki/3/	福祉民生課 - 南大東村ホームページ ページの先頭です。 メニューを飛ばして本文へ 防災・災害 避難所一覧 防災マップ --> Language English 中文（簡体） 한글 中文（繁体） 閲覧補助機能 背景色変更 黒 青 標準 文字サイズ 標準 拡大 × --> マイページ くらし 健康・福祉 しごと 観光 村政情報 手続き申請ナビ 戸籍・住民票・パスポート 税金 子育て・教育・スポーツ 住まい 地域活動・相談 ごみ・環境・動物 死亡・相続 年金・保険 健康・医療 高齢者・介護 福祉・支援 産業振興・支援 入札・契約情報 事業ごみ・産業廃棄物 雇用・労働 島の魅力 南大東を楽しむ 観光施設紹介 村の概要 村議会・委員会 村の取り組み・財政 情報公開・制度 広報・広聴 職員採用・人事 施設情報 くらし 健
25	南大東村	福祉民生課	https://www.vill.minamidaito.okinawa.jp/soshiki/3/index-2.html	福祉民生課 - 南大東村ホームページ ページの先頭です。 メニューを飛ばして本文へ 防災・災害 避難所一覧 防災マップ --> Language English 中文（簡体） 한글 中文（繁体） 閲覧補助機能 背景色変更 黒 青 標準 文字サイズ 標準 拡大 × --> マイページ くらし 健康・福祉 しごと 観光 村政情報 手続き申請ナビ 戸籍・住民票・パスポート 税金 子育て・教育・スポーツ 住まい 地域活動・相談 ごみ・環境・動物 死亡・相続 年金・保険 健康・医療 高齢者・介護 福祉・支援 産業振興・支援 入札・契約情報 事業ごみ・産業廃棄物 雇用・労働 島の魅力 南大東を楽しむ 観光施設紹介 村の概要 村議会・委員会 村の取り組み・財政 情報公開・制度 広報・広聴 職員採用・人事 施設情報 くらし 健
25	南大東村	福祉民生課	https://www.vill.minamidaito.okinawa.jp/soshiki/3/index.html	福祉民生課 - 南大東村ホームページ ページの先頭です。 メニューを飛ばして本文へ 防災・災害 避難所一覧 防災マップ --> Language English 中文（簡体） 한글 中文（繁体） 閲覧補助機能 背景色変更 黒 青 標準 文字サイズ 標準 拡大 × --> マイページ くらし 健康・福祉 しごと 観光 村政情報 手続き申請ナビ 戸籍・住民票・パスポート 税金 子育て・教育・スポーツ 住まい 地域活動・相談 ごみ・環境・動物 死亡・相続 年金・保険 健康・医療 高齢者・介護 福祉・支援 産業振興・支援 入札・契約情報 事業ごみ・産業廃棄物 雇用・労働 島の魅力 南大東を楽しむ 観光施設紹介 村の概要 村議会・委員会 村の取り組み・財政 情報公開・制度 広報・広聴 職員採用・人事 施設情報 くらし 健
25	南大東村	予防接種	https://www.vill.minamidaito.okinawa.jp/life/2/9/46/	予防接種 - 南大東村ホームページ ページの先頭です。 メニューを飛ばして本文へ 防災・災害 避難所一覧 防災マップ --> Language English 中文（簡体） 한글 中文（繁体） 閲覧補助機能 背景色変更 黒 青 標準 文字サイズ 標準 拡大 × --> マイページ くらし 健康・福祉 しごと 観光 村政情報 手続き申請ナビ 戸籍・住民票・パスポート 税金 子育て・教育・スポーツ 住まい 地域活動・相談 ごみ・環境・動物 死亡・相続 年金・保険 健康・医療 高齢者・介護 福祉・支援 産業振興・支援 入札・契約情報 事業ごみ・産業廃棄物 雇用・労働 島の魅力 南大東を楽しむ 観光施設紹介 村の概要 村議会・委員会 村の取り組み・財政 情報公開・制度 広報・広聴 職員採用・人事 施設情報 くらし 健康
25	南大東村	予防接種	https://www.vill.minamidaito.okinawa.jp/life/2/9/46/index.html	予防接種 - 南大東村ホームページ ページの先頭です。 メニューを飛ばして本文へ 防災・災害 避難所一覧 防災マップ --> Language English 中文（簡体） 한글 中文（繁体） 閲覧補助機能 背景色変更 黒 青 標準 文字サイズ 標準 拡大 × --> マイページ くらし 健康・福祉 しごと 観光 村政情報 手続き申請ナビ 戸籍・住民票・パスポート 税金 子育て・教育・スポーツ 住まい 地域活動・相談 ごみ・環境・動物 死亡・相続 年金・保険 健康・医療 高齢者・介護 福祉・支援 産業振興・支援 入札・契約情報 事業ごみ・産業廃棄物 雇用・労働 島の魅力 南大東を楽しむ 観光施設紹介 村の概要 村議会・委員会 村の取り組み・財政 情報公開・制度 広報・広聴 職員採用・人事 施設情報 くらし 健康
25	南大東村	予防接種	https://www.vill.minamidaito.okinawa.jp/life/2/9/46/index-2.html	予防接種 - 南大東村ホームページ ページの先頭です。 メニューを飛ばして本文へ 防災・災害 避難所一覧 防災マップ --> Language English 中文（簡体） 한글 中文（繁体） 閲覧補助機能 背景色変更 黒 青 標準 文字サイズ 標準 拡大 × --> マイページ くらし 健康・福祉 しごと 観光 村政情報 手続き申請ナビ 戸籍・住民票・パスポート 税金 子育て・教育・スポーツ 住まい 地域活動・相談 ごみ・環境・動物 死亡・相続 年金・保険 健康・医療 高齢者・介護 福祉・支援 産業振興・支援 入札・契約情報 事業ごみ・産業廃棄物 雇用・労働 島の魅力 南大東を楽しむ 観光施設紹介 村の概要 村議会・委員会 村の取り組み・財政 情報公開・制度 広報・広聴 職員採用・人事 施設情報 くらし 健康
24	南大東村	RSウイルス母子免疫ワクチンが定期接種となります	https://www.vill.minamidaito.okinawa.jp/site/hoken-c/925.html	RSウイルス母子免疫ワクチンが定期接種となります - 保健センター - 南大東村ホームページ（福祉民生課） ページの先頭です。 メニューを飛ばして本文へ 防災・災害 避難所一覧 防災マップ --> Language English 中文（簡体） 한글 中文（繁体） 閲覧補助機能 背景色変更 黒 青 標準 文字サイズ 標準 拡大 × --> マイページ くらし 健康・福祉 しごと 観光 村政情報 手続き申請ナビ 戸籍・住民票・パスポート 税金 子育て・教育・スポーツ 住まい 地域活動・相談 ごみ・環境・動物 死亡・相続 年金・保険 健康・医療 高齢者・介護 福祉・支援 産業振興・支援 入札・契約情報 事業ごみ・産業廃棄物 雇用・労働 島の魅力 南大東を楽しむ 観光施設紹介 村の概要 村議会・委員会 村の取り組み・
24	南大東村	うふあがりウォークラリー2026	https://www.vill.minamidaito.okinawa.jp/site/hoken-c/548.html	うふあがりウォークラリー2026 - 保健センター - 南大東村ホームページ（福祉民生課） ページの先頭です。 メニューを飛ばして本文へ 防災・災害 避難所一覧 防災マップ --> Language English 中文（簡体） 한글 中文（繁体） 閲覧補助機能 背景色変更 黒 青 標準 文字サイズ 標準 拡大 × --> マイページ くらし 健康・福祉 しごと 観光 村政情報 手続き申請ナビ 戸籍・住民票・パスポート 税金 子育て・教育・スポーツ 住まい 地域活動・相談 ごみ・環境・動物 死亡・相続 年金・保険 健康・医療 高齢者・介護 福祉・支援 産業振興・支援 入札・契約情報 事業ごみ・産業廃棄物 雇用・労働 島の魅力 南大東を楽しむ 観光施設紹介 村の概要 村議会・委員会 村の取り組み・財政 情報公開・
24	南大東村	うふあがり運動クラブのお知らせ	https://www.vill.minamidaito.okinawa.jp/site/hoken-c/583.html	うふあがり運動クラブのお知らせ - 保健センター - 南大東村ホームページ（福祉民生課） ページの先頭です。 メニューを飛ばして本文へ 防災・災害 避難所一覧 防災マップ --> Language English 中文（簡体） 한글 中文（繁体） 閲覧補助機能 背景色変更 黒 青 標準 文字サイズ 標準 拡大 × --> マイページ くらし 健康・福祉 しごと 観光 村政情報 手続き申請ナビ 戸籍・住民票・パスポート 税金 子育て・教育・スポーツ 住まい 地域活動・相談 ごみ・環境・動物 死亡・相続 年金・保険 健康・医療 高齢者・介護 福祉・支援 産業振興・支援 入札・契約情報 事業ごみ・産業廃棄物 雇用・労働 島の魅力 南大東を楽しむ 観光施設紹介 村の概要 村議会・委員会 村の取り組み・財政 情報公開・制
24	南大東村	すくすく通信 2月号	https://www.vill.minamidaito.okinawa.jp/site/hoken-c/553.html	すくすく通信 2月号 - 保健センター - 南大東村ホームページ（福祉民生課） ページの先頭です。 メニューを飛ばして本文へ 防災・災害 避難所一覧 防災マップ --> Language English 中文（簡体） 한글 中文（繁体） 閲覧補助機能 背景色変更 黒 青 標準 文字サイズ 標準 拡大 × --> マイページ くらし 健康・福祉 しごと 観光 村政情報 手続き申請ナビ 戸籍・住民票・パスポート 税金 子育て・教育・スポーツ 住まい 地域活動・相談 ごみ・環境・動物 死亡・相続 年金・保険 健康・医療 高齢者・介護 福祉・支援 産業振興・支援 入札・契約情報 事業ごみ・産業廃棄物 雇用・労働 島の魅力 南大東を楽しむ 観光施設紹介 村の概要 村議会・委員会 村の取り組み・財政 情報公開・制度 広報・
24	南大東村	すくすく通信3月号	https://www.vill.minamidaito.okinawa.jp/site/hoken-c/907.html	すくすく通信3月号 - 保健センター - 南大東村ホームページ（福祉民生課） ページの先頭です。 メニューを飛ばして本文へ 防災・災害 避難所一覧 防災マップ --> Language English 中文（簡体） 한글 中文（繁体） 閲覧補助機能 背景色変更 黒 青 標準 文字サイズ 標準 拡大 × --> マイページ くらし 健康・福祉 しごと 観光 村政情報 手続き申請ナビ 戸籍・住民票・パスポート 税金 子育て・教育・スポーツ 住まい 地域活動・相談 ごみ・環境・動物 死亡・相続 年金・保険 健康・医療 高齢者・介護 福祉・支援 産業振興・支援 入札・契約情報 事業ごみ・産業廃棄物 雇用・労働 島の魅力 南大東を楽しむ 観光施設紹介 村の概要 村議会・委員会 村の取り組み・財政 情報公開・制度 広報・広
24	南大東村	すくすく通信4月号	https://www.vill.minamidaito.okinawa.jp/site/hoken-c/1125.html	すくすく通信4月号 - 保健センター - 南大東村ホームページ（福祉民生課） ページの先頭です。 メニューを飛ばして本文へ 防災・災害 避難所一覧 防災マップ --> Language English 中文（簡体） 한글 中文（繁体） 閲覧補助機能 背景色変更 黒 青 標準 文字サイズ 標準 拡大 × --> マイページ くらし 健康・福祉 しごと 観光 村政情報 手続き申請ナビ 戸籍・住民票・パスポート 税金 子育て・教育・スポーツ 住まい 地域活動・相談 ごみ・環境・動物 死亡・相続 年金・保険 健康・医療 高齢者・介護 福祉・支援 産業振興・支援 入札・契約情報 事業ごみ・産業廃棄物 雇用・労働 島の魅力 南大東を楽しむ 観光施設紹介 村の概要 村議会・委員会 村の取り組み・財政 情報公開・制度 広報・広
24	南大東村	すくすく通信5月号	https://www.vill.minamidaito.okinawa.jp/site/hoken-c/1237.html	すくすく通信5月号 - 保健センター - 南大東村ホームページ（福祉民生課） ページの先頭です。 メニューを飛ばして本文へ 防災・災害 避難所一覧 防災マップ --> Language English 中文（簡体） 한글 中文（繁体） 閲覧補助機能 背景色変更 黒 青 標準 文字サイズ 標準 拡大 × --> マイページ くらし 健康・福祉 しごと 観光 村政情報 手続き申請ナビ 戸籍・住民票・パスポート 税金 子育て・教育・スポーツ 住まい 地域活動・相談 ごみ・環境・動物 死亡・相続 年金・保険 健康・医療 高齢者・介護 福祉・支援 産業振興・支援 入札・契約情報 事業ごみ・産業廃棄物 雇用・労働 島の魅力 南大東を楽しむ 観光施設紹介 村の概要 村議会・委員会 村の取り組み・財政 情報公開・制度 広報・広
24	南大東村	すくすく通信6月号	https://www.vill.minamidaito.okinawa.jp/site/hoken-c/1371.html	すくすく通信6月号 - 保健センター - 南大東村ホームページ（福祉民生課） ページの先頭です。 メニューを飛ばして本文へ 防災・災害 避難所一覧 防災マップ --> Language English 中文（簡体） 한글 中文（繁体） 閲覧補助機能 背景色変更 黒 青 標準 文字サイズ 標準 拡大 × --> マイページ くらし 健康・福祉 しごと 観光 村政情報 手続き申請ナビ 戸籍・住民票・パスポート 税金 子育て・教育・スポーツ 住まい 地域活動・相談 ごみ・環境・動物 死亡・相続 年金・保険 健康・医療 高齢者・介護 福祉・支援 産業振興・支援 入札・契約情報 事業ごみ・産業廃棄物 雇用・労働 島の魅力 南大東を楽しむ 観光施設紹介 村の概要 村議会・委員会 村の取り組み・財政 情報公開・制度 広報・広
24	南大東村	すくすく通信7月号	https://www.vill.minamidaito.okinawa.jp/site/hoken-c/1555.html	すくすく通信7月号 - 保健センター - 南大東村ホームページ（福祉民生課） ページの先頭です。 メニューを飛ばして本文へ 防災・災害 避難所一覧 防災マップ --> Language English 中文（簡体） 한글 中文（繁体） 閲覧補助機能 背景色変更 黒 青 標準 文字サイズ 標準 拡大 × --> マイページ くらし 健康・福祉 しごと 観光 村政情報 手続き申請ナビ 戸籍・住民票・パスポート 税金 子育て・教育・スポーツ 住まい 地域活動・相談 ごみ・環境・動物 死亡・相続 年金・保険 健康・医療 高齢者・介護 福祉・支援 産業振興・支援 入札・契約情報 事業ごみ・産業廃棄物 雇用・労働 島の魅力 南大東を楽しむ 観光施設紹介 村の概要 村議会・委員会 村の取り組み・財政 情報公開・制度 広報・広
24	南大東村	ファミリー・サポート・センター	https://www.vill.minamidaito.okinawa.jp/site/hoken-c/530.html	ファミリー・サポート・センター - 保健センター - 南大東村ホームページ（福祉民生課） ページの先頭です。 メニューを飛ばして本文へ 防災・災害 避難所一覧 防災マップ --> Language English 中文（簡体） 한글 中文（繁体） 閲覧補助機能 背景色変更 黒 青 標準 文字サイズ 標準 拡大 × --> マイページ くらし 健康・福祉 しごと 観光 村政情報 手続き申請ナビ 戸籍・住民票・パスポート 税金 子育て・教育・スポーツ 住まい 地域活動・相談 ごみ・環境・動物 死亡・相続 年金・保険 健康・医療 高齢者・介護 福祉・支援 産業振興・支援 入札・契約情報 事業ごみ・産業廃棄物 雇用・労働 島の魅力 南大東を楽しむ 観光施設紹介 村の概要 村議会・委員会 村の取り組み・財政 情報公開・制
24	南大東村	一時あずかり事業	https://www.vill.minamidaito.okinawa.jp/site/hoken-c/1486.html	一時あずかり事業 - 保健センター - 南大東村ホームページ（福祉民生課） ページの先頭です。 メニューを飛ばして本文へ 防災・災害 避難所一覧 防災マップ --> Language English 中文（簡体） 한글 中文（繁体） 閲覧補助機能 背景色変更 黒 青 標準 文字サイズ 標準 拡大 × --> マイページ くらし 健康・福祉 しごと 観光 村政情報 手続き申請ナビ 戸籍・住民票・パスポート 税金 子育て・教育・スポーツ 住まい 地域活動・相談 ごみ・環境・動物 死亡・相続 年金・保険 健康・医療 高齢者・介護 福祉・支援 産業振興・支援 入札・契約情報 事業ごみ・産業廃棄物 雇用・労働 島の魅力 南大東を楽しむ 観光施設紹介 村の概要 村議会・委員会 村の取り組み・財政 情報公開・制度 広報・広聴
24	南大東村	南大東村の住民健診（特定健診・長寿健診・がん検診）	https://www.vill.minamidaito.okinawa.jp/site/hoken-c/576.html	南大東村の住民健診（特定健診・長寿健診・がん検診） - 保健センター - 南大東村ホームページ（福祉民生課） ページの先頭です。 メニューを飛ばして本文へ 防災・災害 避難所一覧 防災マップ --> Language English 中文（簡体） 한글 中文（繁体） 閲覧補助機能 背景色変更 黒 青 標準 文字サイズ 標準 拡大 × --> マイページ くらし 健康・福祉 しごと 観光 村政情報 手続き申請ナビ 戸籍・住民票・パスポート 税金 子育て・教育・スポーツ 住まい 地域活動・相談 ごみ・環境・動物 死亡・相続 年金・保険 健康・医療 高齢者・介護 福祉・支援 産業振興・支援 入札・契約情報 事業ごみ・産業廃棄物 雇用・労働 島の魅力 南大東を楽しむ 観光施設紹介 村の概要 村議会・委員会 村の取り組み
24	南大東村	南大東村新型インフルエンザ等対策行動計画	https://www.vill.minamidaito.okinawa.jp/site/hoken-c/1135.html	南大東村新型インフルエンザ等対策行動計画 - 保健センター - 南大東村ホームページ（福祉民生課） ページの先頭です。 メニューを飛ばして本文へ 防災・災害 避難所一覧 防災マップ --> Language English 中文（簡体） 한글 中文（繁体） 閲覧補助機能 背景色変更 黒 青 標準 文字サイズ 標準 拡大 × --> マイページ くらし 健康・福祉 しごと 観光 村政情報 手続き申請ナビ 戸籍・住民票・パスポート 税金 子育て・教育・スポーツ 住まい 地域活動・相談 ごみ・環境・動物 死亡・相続 年金・保険 健康・医療 高齢者・介護 福祉・支援 産業振興・支援 入札・契約情報 事業ごみ・産業廃棄物 雇用・労働 島の魅力 南大東を楽しむ 観光施設紹介 村の概要 村議会・委員会 村の取り組み・財政 情
24	南大東村	乳幼児健診	https://www.vill.minamidaito.okinawa.jp/site/hoken-c/717.html	乳幼児健診 - 保健センター - 南大東村ホームページ（福祉民生課） ページの先頭です。 メニューを飛ばして本文へ 防災・災害 避難所一覧 防災マップ --> Language English 中文（簡体） 한글 中文（繁体） 閲覧補助機能 背景色変更 黒 青 標準 文字サイズ 標準 拡大 × --> マイページ くらし 健康・福祉 しごと 観光 村政情報 手続き申請ナビ 戸籍・住民票・パスポート 税金 子育て・教育・スポーツ 住まい 地域活動・相談 ごみ・環境・動物 死亡・相続 年金・保険 健康・医療 高齢者・介護 福祉・支援 産業振興・支援 入札・契約情報 事業ごみ・産業廃棄物 雇用・労働 島の魅力 南大東を楽しむ 観光施設紹介 村の概要 村議会・委員会 村の取り組み・財政 情報公開・制度 広報・広聴 職員
24	南大東村	保有個人情報開示・訂正・利用停止請求	https://www.vill.minamidaito.okinawa.jp/site/navi/1281.html	保有個人情報開示・訂正・利用停止請求 - 手続き申請ナビ - 南大東村ホームページ（総務課） ページの先頭です。 メニューを飛ばして本文へ 防災・災害 避難所一覧 防災マップ --> Language English 中文（簡体） 한글 中文（繁体） 閲覧補助機能 背景色変更 黒 青 標準 文字サイズ 標準 拡大 × --> マイページ くらし 健康・福祉 しごと 観光 村政情報 手続き申請ナビ 戸籍・住民票・パスポート 税金 子育て・教育・スポーツ 住まい 地域活動・相談 ごみ・環境・動物 死亡・相続 年金・保険 健康・医療 高齢者・介護 福祉・支援 産業振興・支援 入札・契約情報 事業ごみ・産業廃棄物 雇用・労働 島の魅力 南大東を楽しむ 観光施設紹介 村の概要 村議会・委員会 村の取り組み・財政 情報公開
24	南大東村	里帰り出産における妊婦健康診査費用の払い戻し	https://www.vill.minamidaito.okinawa.jp/site/hoken-c/580.html	里帰り出産における妊婦健康診査費用の払い戻し - 保健センター - 南大東村ホームページ（福祉民生課） ページの先頭です。 メニューを飛ばして本文へ 防災・災害 避難所一覧 防災マップ --> Language English 中文（簡体） 한글 中文（繁体） 閲覧補助機能 背景色変更 黒 青 標準 文字サイズ 標準 拡大 × --> マイページ くらし 健康・福祉 しごと 観光 村政情報 手続き申請ナビ 戸籍・住民票・パスポート 税金 子育て・教育・スポーツ 住まい 地域活動・相談 ごみ・環境・動物 死亡・相続 年金・保険 健康・医療 高齢者・介護 福祉・支援 産業振興・支援 入札・契約情報 事業ごみ・産業廃棄物 雇用・労働 島の魅力 南大東を楽しむ 観光施設紹介 村の概要 村議会・委員会 村の取り組み・財政
24	南大東村	離島巡回診療「眼科」のご案内	https://www.vill.minamidaito.okinawa.jp/site/hoken-c/1556.html	離島巡回診療「眼科」のご案内 - 保健センター - 南大東村ホームページ（福祉民生課） ページの先頭です。 メニューを飛ばして本文へ 防災・災害 避難所一覧 防災マップ --> Language English 中文（簡体） 한글 中文（繁体） 閲覧補助機能 背景色変更 黒 青 標準 文字サイズ 標準 拡大 × --> マイページ くらし 健康・福祉 しごと 観光 村政情報 手続き申請ナビ 戸籍・住民票・パスポート 税金 子育て・教育・スポーツ 住まい 地域活動・相談 ごみ・環境・動物 死亡・相続 年金・保険 健康・医療 高齢者・介護 福祉・支援 産業振興・支援 入札・契約情報 事業ごみ・産業廃棄物 雇用・労働 島の魅力 南大東を楽しむ 観光施設紹介 村の概要 村議会・委員会 村の取り組み・財政 情報公開・制度
24	南大東村	令和8年度住民健診のお知らせ	https://www.vill.minamidaito.okinawa.jp/site/hoken-c/1367.html	令和8年度住民健診のお知らせ - 保健センター - 南大東村ホームページ（福祉民生課） ページの先頭です。 メニューを飛ばして本文へ 防災・災害 避難所一覧 防災マップ --> Language English 中文（簡体） 한글 中文（繁体） 閲覧補助機能 背景色変更 黒 青 標準 文字サイズ 標準 拡大 × --> マイページ くらし 健康・福祉 しごと 観光 村政情報 手続き申請ナビ 戸籍・住民票・パスポート 税金 子育て・教育・スポーツ 住まい 地域活動・相談 ごみ・環境・動物 死亡・相続 年金・保険 健康・医療 高齢者・介護 福祉・支援 産業振興・支援 入札・契約情報 事業ごみ・産業廃棄物 雇用・労働 島の魅力 南大東を楽しむ 観光施設紹介 村の概要 村議会・委員会 村の取り組み・財政 情報公開・制度
23	南大東村	（成人）予防接種を受けたい	https://www.vill.minamidaito.okinawa.jp/site/navi/list35-135.html	（成人）予防接種を受けたい - 手続き申請ナビ - 南大東村ホームページ ページの先頭です。 メニューを飛ばして本文へ 防災・災害 避難所一覧 防災マップ --> Language English 中文（簡体） 한글 中文（繁体） 閲覧補助機能 背景色変更 黒 青 標準 文字サイズ 標準 拡大 × --> マイページ くらし 健康・福祉 しごと 観光 村政情報 手続き申請ナビ 戸籍・住民票・パスポート 税金 子育て・教育・スポーツ 住まい 地域活動・相談 ごみ・環境・動物 死亡・相続 年金・保険 健康・医療 高齢者・介護 福祉・支援 産業振興・支援 入札・契約情報 事業ごみ・産業廃棄物 雇用・労働 島の魅力 南大東を楽しむ 観光施設紹介 村の概要 村議会・委員会 村の取り組み・財政 情報公開・制度 広報・広聴
23	南大東村	ひとり親家庭である	https://www.vill.minamidaito.okinawa.jp/site/navi/list19-115.html	ひとり親家庭である - 手続き申請ナビ - 南大東村ホームページ ページの先頭です。 メニューを飛ばして本文へ 防災・災害 避難所一覧 防災マップ --> Language English 中文（簡体） 한글 中文（繁体） 閲覧補助機能 背景色変更 黒 青 標準 文字サイズ 標準 拡大 × --> マイページ くらし 健康・福祉 しごと 観光 村政情報 手続き申請ナビ 戸籍・住民票・パスポート 税金 子育て・教育・スポーツ 住まい 地域活動・相談 ごみ・環境・動物 死亡・相続 年金・保険 健康・医療 高齢者・介護 福祉・支援 産業振興・支援 入札・契約情報 事業ごみ・産業廃棄物 雇用・労働 島の魅力 南大東を楽しむ 観光施設紹介 村の概要 村議会・委員会 村の取り組み・財政 情報公開・制度 広報・広聴 職員採用
23	南大東村	ひとり親家庭支援	https://www.vill.minamidaito.okinawa.jp/life/2/11/55/	ひとり親家庭支援 - 南大東村ホームページ ページの先頭です。 メニューを飛ばして本文へ 防災・災害 避難所一覧 防災マップ --> Language English 中文（簡体） 한글 中文（繁体） 閲覧補助機能 背景色変更 黒 青 標準 文字サイズ 標準 拡大 × --> マイページ くらし 健康・福祉 しごと 観光 村政情報 手続き申請ナビ 戸籍・住民票・パスポート 税金 子育て・教育・スポーツ 住まい 地域活動・相談 ごみ・環境・動物 死亡・相続 年金・保険 健康・医療 高齢者・介護 福祉・支援 産業振興・支援 入札・契約情報 事業ごみ・産業廃棄物 雇用・労働 島の魅力 南大東を楽しむ 観光施設紹介 村の概要 村議会・委員会 村の取り組み・財政 情報公開・制度 広報・広聴 職員採用・人事 施設情報 くら
23	南大東村	ひとり親家庭支援	https://www.vill.minamidaito.okinawa.jp/life/2/11/55/index.html	ひとり親家庭支援 - 南大東村ホームページ ページの先頭です。 メニューを飛ばして本文へ 防災・災害 避難所一覧 防災マップ --> Language English 中文（簡体） 한글 中文（繁体） 閲覧補助機能 背景色変更 黒 青 標準 文字サイズ 標準 拡大 × --> マイページ くらし 健康・福祉 しごと 観光 村政情報 手続き申請ナビ 戸籍・住民票・パスポート 税金 子育て・教育・スポーツ 住まい 地域活動・相談 ごみ・環境・動物 死亡・相続 年金・保険 健康・医療 高齢者・介護 福祉・支援 産業振興・支援 入札・契約情報 事業ごみ・産業廃棄物 雇用・労働 島の魅力 南大東を楽しむ 観光施設紹介 村の概要 村議会・委員会 村の取り組み・財政 情報公開・制度 広報・広聴 職員採用・人事 施設情報 くら
23	南大東村	ひとり親家庭支援	https://www.vill.minamidaito.okinawa.jp/life/2/11/55/index-2.html	ひとり親家庭支援 - 南大東村ホームページ ページの先頭です。 メニューを飛ばして本文へ 防災・災害 避難所一覧 防災マップ --> Language English 中文（簡体） 한글 中文（繁体） 閲覧補助機能 背景色変更 黒 青 標準 文字サイズ 標準 拡大 × --> マイページ くらし 健康・福祉 しごと 観光 村政情報 手続き申請ナビ 戸籍・住民票・パスポート 税金 子育て・教育・スポーツ 住まい 地域活動・相談 ごみ・環境・動物 死亡・相続 年金・保険 健康・医療 高齢者・介護 福祉・支援 産業振興・支援 入札・契約情報 事業ごみ・産業廃棄物 雇用・労働 島の魅力 南大東を楽しむ 観光施設紹介 村の概要 村議会・委員会 村の取り組み・財政 情報公開・制度 広報・広聴 職員採用・人事 施設情報 くら
23	南大東村	医療機関・救急	https://www.vill.minamidaito.okinawa.jp/life/2/9/49/	医療機関・救急 - 南大東村ホームページ ページの先頭です。 メニューを飛ばして本文へ 防災・災害 避難所一覧 防災マップ --> Language English 中文（簡体） 한글 中文（繁体） 閲覧補助機能 背景色変更 黒 青 標準 文字サイズ 標準 拡大 × --> マイページ くらし 健康・福祉 しごと 観光 村政情報 手続き申請ナビ 戸籍・住民票・パスポート 税金 子育て・教育・スポーツ 住まい 地域活動・相談 ごみ・環境・動物 死亡・相続 年金・保険 健康・医療 高齢者・介護 福祉・支援 産業振興・支援 入札・契約情報 事業ごみ・産業廃棄物 雇用・労働 島の魅力 南大東を楽しむ 観光施設紹介 村の概要 村議会・委員会 村の取り組み・財政 情報公開・制度 広報・広聴 職員採用・人事 施設情報 くらし
23	南大東村	医療機関・救急	https://www.vill.minamidaito.okinawa.jp/life/2/9/49/index.html	医療機関・救急 - 南大東村ホームページ ページの先頭です。 メニューを飛ばして本文へ 防災・災害 避難所一覧 防災マップ --> Language English 中文（簡体） 한글 中文（繁体） 閲覧補助機能 背景色変更 黒 青 標準 文字サイズ 標準 拡大 × --> マイページ くらし 健康・福祉 しごと 観光 村政情報 手続き申請ナビ 戸籍・住民票・パスポート 税金 子育て・教育・スポーツ 住まい 地域活動・相談 ごみ・環境・動物 死亡・相続 年金・保険 健康・医療 高齢者・介護 福祉・支援 産業振興・支援 入札・契約情報 事業ごみ・産業廃棄物 雇用・労働 島の魅力 南大東を楽しむ 観光施設紹介 村の概要 村議会・委員会 村の取り組み・財政 情報公開・制度 広報・広聴 職員採用・人事 施設情報 くらし
23	南大東村	医療機関・救急	https://www.vill.minamidaito.okinawa.jp/life/2/9/49/index-2.html	医療機関・救急 - 南大東村ホームページ ページの先頭です。 メニューを飛ばして本文へ 防災・災害 避難所一覧 防災マップ --> Language English 中文（簡体） 한글 中文（繁体） 閲覧補助機能 背景色変更 黒 青 標準 文字サイズ 標準 拡大 × --> マイページ くらし 健康・福祉 しごと 観光 村政情報 手続き申請ナビ 戸籍・住民票・パスポート 税金 子育て・教育・スポーツ 住まい 地域活動・相談 ごみ・環境・動物 死亡・相続 年金・保険 健康・医療 高齢者・介護 福祉・支援 産業振興・支援 入札・契約情報 事業ごみ・産業廃棄物 雇用・労働 島の魅力 南大東を楽しむ 観光施設紹介 村の概要 村議会・委員会 村の取り組み・財政 情報公開・制度 広報・広聴 職員採用・人事 施設情報 くらし
23	南大東村	健康・医療	https://www.vill.minamidaito.okinawa.jp/life/2/9/	健康・医療 - 南大東村ホームページ ページの先頭です。 メニューを飛ばして本文へ 防災・災害 避難所一覧 防災マップ --> Language English 中文（簡体） 한글 中文（繁体） 閲覧補助機能 背景色変更 黒 青 標準 文字サイズ 標準 拡大 × --> マイページ くらし 健康・福祉 しごと 観光 村政情報 手続き申請ナビ 戸籍・住民票・パスポート 税金 子育て・教育・スポーツ 住まい 地域活動・相談 ごみ・環境・動物 死亡・相続 年金・保険 健康・医療 高齢者・介護 福祉・支援 産業振興・支援 入札・契約情報 事業ごみ・産業廃棄物 雇用・労働 島の魅力 南大東を楽しむ 観光施設紹介 村の概要 村議会・委員会 村の取り組み・財政 情報公開・制度 広報・広聴 職員採用・人事 施設情報 くらし 健
23	南大東村	健康・医療	https://www.vill.minamidaito.okinawa.jp/life/2/9/index.html	健康・医療 - 南大東村ホームページ ページの先頭です。 メニューを飛ばして本文へ 防災・災害 避難所一覧 防災マップ --> Language English 中文（簡体） 한글 中文（繁体） 閲覧補助機能 背景色変更 黒 青 標準 文字サイズ 標準 拡大 × --> マイページ くらし 健康・福祉 しごと 観光 村政情報 手続き申請ナビ 戸籍・住民票・パスポート 税金 子育て・教育・スポーツ 住まい 地域活動・相談 ごみ・環境・動物 死亡・相続 年金・保険 健康・医療 高齢者・介護 福祉・支援 産業振興・支援 入札・契約情報 事業ごみ・産業廃棄物 雇用・労働 島の魅力 南大東を楽しむ 観光施設紹介 村の概要 村議会・委員会 村の取り組み・財政 情報公開・制度 広報・広聴 職員採用・人事 施設情報 くらし 健
23	南大東村	健康・福祉	https://www.vill.minamidaito.okinawa.jp/life/2/index-2.html	健康・福祉 - 南大東村ホームページ ページの先頭です。 メニューを飛ばして本文へ 防災・災害 避難所一覧 防災マップ --> Language English 中文（簡体） 한글 中文（繁体） 閲覧補助機能 背景色変更 黒 青 標準 文字サイズ 標準 拡大 × --> マイページ くらし 健康・福祉 しごと 観光 村政情報 手続き申請ナビ 戸籍・住民票・パスポート 税金 子育て・教育・スポーツ 住まい 地域活動・相談 ごみ・環境・動物 死亡・相続 年金・保険 健康・医療 高齢者・介護 福祉・支援 産業振興・支援 入札・契約情報 事業ごみ・産業廃棄物 雇用・労働 島の魅力 南大東を楽しむ 観光施設紹介 村の概要 村議会・委員会 村の取り組み・財政 情報公開・制度 広報・広聴 職員採用・人事 施設情報 くらし 健
23	南大東村	健康・福祉	https://www.vill.minamidaito.okinawa.jp/life/2/index-3.html	健康・福祉 - 南大東村ホームページ ページの先頭です。 メニューを飛ばして本文へ 防災・災害 避難所一覧 防災マップ --> Language English 中文（簡体） 한글 中文（繁体） 閲覧補助機能 背景色変更 黒 青 標準 文字サイズ 標準 拡大 × --> マイページ くらし 健康・福祉 しごと 観光 村政情報 手続き申請ナビ 戸籍・住民票・パスポート 税金 子育て・教育・スポーツ 住まい 地域活動・相談 ごみ・環境・動物 死亡・相続 年金・保険 健康・医療 高齢者・介護 福祉・支援 産業振興・支援 入札・契約情報 事業ごみ・産業廃棄物 雇用・労働 島の魅力 南大東を楽しむ 観光施設紹介 村の概要 村議会・委員会 村の取り組み・財政 情報公開・制度 広報・広聴 職員採用・人事 施設情報 くらし 健
23	南大東村	健康診断を受けたい	https://www.vill.minamidaito.okinawa.jp/site/navi/list35-134.html	健康診断を受けたい - 手続き申請ナビ - 南大東村ホームページ ページの先頭です。 メニューを飛ばして本文へ 防災・災害 避難所一覧 防災マップ --> Language English 中文（簡体） 한글 中文（繁体） 閲覧補助機能 背景色変更 黒 青 標準 文字サイズ 標準 拡大 × --> マイページ くらし 健康・福祉 しごと 観光 村政情報 手続き申請ナビ 戸籍・住民票・パスポート 税金 子育て・教育・スポーツ 住まい 地域活動・相談 ごみ・環境・動物 死亡・相続 年金・保険 健康・医療 高齢者・介護 福祉・支援 産業振興・支援 入札・契約情報 事業ごみ・産業廃棄物 雇用・労働 島の魅力 南大東を楽しむ 観光施設紹介 村の概要 村議会・委員会 村の取り組み・財政 情報公開・制度 広報・広聴 職員採用
23	南大東村	健康相談をしたい	https://www.vill.minamidaito.okinawa.jp/site/navi/list35-136.html	健康相談をしたい - 手続き申請ナビ - 南大東村ホームページ ページの先頭です。 メニューを飛ばして本文へ 防災・災害 避難所一覧 防災マップ --> Language English 中文（簡体） 한글 中文（繁体） 閲覧補助機能 背景色変更 黒 青 標準 文字サイズ 標準 拡大 × --> マイページ くらし 健康・福祉 しごと 観光 村政情報 手続き申請ナビ 戸籍・住民票・パスポート 税金 子育て・教育・スポーツ 住まい 地域活動・相談 ごみ・環境・動物 死亡・相続 年金・保険 健康・医療 高齢者・介護 福祉・支援 産業振興・支援 入札・契約情報 事業ごみ・産業廃棄物 雇用・労働 島の魅力 南大東を楽しむ 観光施設紹介 村の概要 村議会・委員会 村の取り組み・財政 情報公開・制度 広報・広聴 職員採用・
23	南大東村	子どもに予防接種を受けさせたい	https://www.vill.minamidaito.okinawa.jp/site/navi/list19-111.html	子どもに予防接種を受けさせたい - 手続き申請ナビ - 南大東村ホームページ ページの先頭です。 メニューを飛ばして本文へ 防災・災害 避難所一覧 防災マップ --> Language English 中文（簡体） 한글 中文（繁体） 閲覧補助機能 背景色変更 黒 青 標準 文字サイズ 標準 拡大 × --> マイページ くらし 健康・福祉 しごと 観光 村政情報 手続き申請ナビ 戸籍・住民票・パスポート 税金 子育て・教育・スポーツ 住まい 地域活動・相談 ごみ・環境・動物 死亡・相続 年金・保険 健康・医療 高齢者・介護 福祉・支援 産業振興・支援 入札・契約情報 事業ごみ・産業廃棄物 雇用・労働 島の魅力 南大東を楽しむ 観光施設紹介 村の概要 村議会・委員会 村の取り組み・財政 情報公開・制度 広報・広
23	南大東村	子どもの医療費助成を知りたい	https://www.vill.minamidaito.okinawa.jp/site/navi/list19-114.html	子どもの医療費助成を知りたい - 手続き申請ナビ - 南大東村ホームページ ページの先頭です。 メニューを飛ばして本文へ 防災・災害 避難所一覧 防災マップ --> Language English 中文（簡体） 한글 中文（繁体） 閲覧補助機能 背景色変更 黒 青 標準 文字サイズ 標準 拡大 × --> マイページ くらし 健康・福祉 しごと 観光 村政情報 手続き申請ナビ 戸籍・住民票・パスポート 税金 子育て・教育・スポーツ 住まい 地域活動・相談 ごみ・環境・動物 死亡・相続 年金・保険 健康・医療 高齢者・介護 福祉・支援 産業振興・支援 入札・契約情報 事業ごみ・産業廃棄物 雇用・労働 島の魅力 南大東を楽しむ 観光施設紹介 村の概要 村議会・委員会 村の取り組み・財政 情報公開・制度 広報・広聴
23	南大東村	子育て	https://www.vill.minamidaito.okinawa.jp/site/navi/list19.html	子育て - 手続き申請ナビ - 南大東村ホームページ ページの先頭です。 メニューを飛ばして本文へ 防災・災害 避難所一覧 防災マップ --> Language English 中文（簡体） 한글 中文（繁体） 閲覧補助機能 背景色変更 黒 青 標準 文字サイズ 標準 拡大 × --> マイページ くらし 健康・福祉 しごと 観光 村政情報 手続き申請ナビ 戸籍・住民票・パスポート 税金 子育て・教育・スポーツ 住まい 地域活動・相談 ごみ・環境・動物 死亡・相続 年金・保険 健康・医療 高齢者・介護 福祉・支援 産業振興・支援 入札・契約情報 事業ごみ・産業廃棄物 雇用・労働 島の魅力 南大東を楽しむ 観光施設紹介 村の概要 村議会・委員会 村の取り組み・財政 情報公開・制度 広報・広聴 職員採用・人事 施設
23	南大東村	子育て・教育・スポーツ	https://www.vill.minamidaito.okinawa.jp/life/1/3/	子育て・教育・スポーツ - 南大東村ホームページ ページの先頭です。 メニューを飛ばして本文へ 防災・災害 避難所一覧 防災マップ --> Language English 中文（簡体） 한글 中文（繁体） 閲覧補助機能 背景色変更 黒 青 標準 文字サイズ 標準 拡大 × --> マイページ くらし 健康・福祉 しごと 観光 村政情報 手続き申請ナビ 戸籍・住民票・パスポート 税金 子育て・教育・スポーツ 住まい 地域活動・相談 ごみ・環境・動物 死亡・相続 年金・保険 健康・医療 高齢者・介護 福祉・支援 産業振興・支援 入札・契約情報 事業ごみ・産業廃棄物 雇用・労働 島の魅力 南大東を楽しむ 観光施設紹介 村の概要 村議会・委員会 村の取り組み・財政 情報公開・制度 広報・広聴 職員採用・人事 施設情報
23	南大東村	子育て・教育・スポーツ	https://www.vill.minamidaito.okinawa.jp/life/1/3/index.html	子育て・教育・スポーツ - 南大東村ホームページ ページの先頭です。 メニューを飛ばして本文へ 防災・災害 避難所一覧 防災マップ --> Language English 中文（簡体） 한글 中文（繁体） 閲覧補助機能 背景色変更 黒 青 標準 文字サイズ 標準 拡大 × --> マイページ くらし 健康・福祉 しごと 観光 村政情報 手続き申請ナビ 戸籍・住民票・パスポート 税金 子育て・教育・スポーツ 住まい 地域活動・相談 ごみ・環境・動物 死亡・相続 年金・保険 健康・医療 高齢者・介護 福祉・支援 産業振興・支援 入札・契約情報 事業ごみ・産業廃棄物 雇用・労働 島の魅力 南大東を楽しむ 観光施設紹介 村の概要 村議会・委員会 村の取り組み・財政 情報公開・制度 広報・広聴 職員採用・人事 施設情報
23	南大東村	子育て・教育・スポーツ	https://www.vill.minamidaito.okinawa.jp/life/1/3/index-2.html	子育て・教育・スポーツ - 南大東村ホームページ ページの先頭です。 メニューを飛ばして本文へ 防災・災害 避難所一覧 防災マップ --> Language English 中文（簡体） 한글 中文（繁体） 閲覧補助機能 背景色変更 黒 青 標準 文字サイズ 標準 拡大 × --> マイページ くらし 健康・福祉 しごと 観光 村政情報 手続き申請ナビ 戸籍・住民票・パスポート 税金 子育て・教育・スポーツ 住まい 地域活動・相談 ごみ・環境・動物 死亡・相続 年金・保険 健康・医療 高齢者・介護 福祉・支援 産業振興・支援 入札・契約情報 事業ごみ・産業廃棄物 雇用・労働 島の魅力 南大東を楽しむ 観光施設紹介 村の概要 村議会・委員会 村の取り組み・財政 情報公開・制度 広報・広聴 職員採用・人事 施設情報
23	南大東村	子育て支援	https://www.vill.minamidaito.okinawa.jp/site/hoken-c/list27-93.html	子育て支援 - 保健センター - 南大東村ホームページ ページの先頭です。 メニューを飛ばして本文へ 防災・災害 避難所一覧 防災マップ --> Language English 中文（簡体） 한글 中文（繁体） 閲覧補助機能 背景色変更 黒 青 標準 文字サイズ 標準 拡大 × --> マイページ くらし 健康・福祉 しごと 観光 村政情報 手続き申請ナビ 戸籍・住民票・パスポート 税金 子育て・教育・スポーツ 住まい 地域活動・相談 ごみ・環境・動物 死亡・相続 年金・保険 健康・医療 高齢者・介護 福祉・支援 産業振興・支援 入札・契約情報 事業ごみ・産業廃棄物 雇用・労働 島の魅力 南大東を楽しむ 観光施設紹介 村の概要 村議会・委員会 村の取り組み・財政 情報公開・制度 広報・広聴 職員採用・人事 施
23	南大東村	児童手当・扶養手当・特別児童扶養手当を知りたい	https://www.vill.minamidaito.okinawa.jp/site/navi/list19-113.html	児童手当・扶養手当・特別児童扶養手当を知りたい - 手続き申請ナビ - 南大東村ホームページ ページの先頭です。 メニューを飛ばして本文へ 防災・災害 避難所一覧 防災マップ --> Language English 中文（簡体） 한글 中文（繁体） 閲覧補助機能 背景色変更 黒 青 標準 文字サイズ 標準 拡大 × --> マイページ くらし 健康・福祉 しごと 観光 村政情報 手続き申請ナビ 戸籍・住民票・パスポート 税金 子育て・教育・スポーツ 住まい 地域活動・相談 ごみ・環境・動物 死亡・相続 年金・保険 健康・医療 高齢者・介護 福祉・支援 産業振興・支援 入札・契約情報 事業ごみ・産業廃棄物 雇用・労働 島の魅力 南大東を楽しむ 観光施設紹介 村の概要 村議会・委員会 村の取り組み・財政 情報公開
23	南大東村	手当・助成	https://www.vill.minamidaito.okinawa.jp/site/hoken-c/list27-92.html	手当・助成 - 保健センター - 南大東村ホームページ ページの先頭です。 メニューを飛ばして本文へ 防災・災害 避難所一覧 防災マップ --> Language English 中文（簡体） 한글 中文（繁体） 閲覧補助機能 背景色変更 黒 青 標準 文字サイズ 標準 拡大 × --> マイページ くらし 健康・福祉 しごと 観光 村政情報 手続き申請ナビ 戸籍・住民票・パスポート 税金 子育て・教育・スポーツ 住まい 地域活動・相談 ごみ・環境・動物 死亡・相続 年金・保険 健康・医療 高齢者・介護 福祉・支援 産業振興・支援 入札・契約情報 事業ごみ・産業廃棄物 雇用・労働 島の魅力 南大東を楽しむ 観光施設紹介 村の概要 村議会・委員会 村の取り組み・財政 情報公開・制度 広報・広聴 職員採用・人事 施
23	南大東村	出産した	https://www.vill.minamidaito.okinawa.jp/site/navi/list18-75.html	出産した - 手続き申請ナビ - 南大東村ホームページ ページの先頭です。 メニューを飛ばして本文へ 防災・災害 避難所一覧 防災マップ --> Language English 中文（簡体） 한글 中文（繁体） 閲覧補助機能 背景色変更 黒 青 標準 文字サイズ 標準 拡大 × --> マイページ くらし 健康・福祉 しごと 観光 村政情報 手続き申請ナビ 戸籍・住民票・パスポート 税金 子育て・教育・スポーツ 住まい 地域活動・相談 ごみ・環境・動物 死亡・相続 年金・保険 健康・医療 高齢者・介護 福祉・支援 産業振興・支援 入札・契約情報 事業ごみ・産業廃棄物 雇用・労働 島の魅力 南大東を楽しむ 観光施設紹介 村の概要 村議会・委員会 村の取り組み・財政 情報公開・制度 広報・広聴 職員採用・人事 施
23	南大東村	渡航費助成	https://www.vill.minamidaito.okinawa.jp/site/hoken-c/list31-101.html	渡航費助成 - 保健センター - 南大東村ホームページ ページの先頭です。 メニューを飛ばして本文へ 防災・災害 避難所一覧 防災マップ --> Language English 中文（簡体） 한글 中文（繁体） 閲覧補助機能 背景色変更 黒 青 標準 文字サイズ 標準 拡大 × --> マイページ くらし 健康・福祉 しごと 観光 村政情報 手続き申請ナビ 戸籍・住民票・パスポート 税金 子育て・教育・スポーツ 住まい 地域活動・相談 ごみ・環境・動物 死亡・相続 年金・保険 健康・医療 高齢者・介護 福祉・支援 産業振興・支援 入札・契約情報 事業ごみ・産業廃棄物 雇用・労働 島の魅力 南大東を楽しむ 観光施設紹介 村の概要 村議会・委員会 村の取り組み・財政 情報公開・制度 広報・広聴 職員採用・人事 施
23	南大東村	島外の医療機関を受診したい	https://www.vill.minamidaito.okinawa.jp/site/navi/list35-137.html	島外の医療機関を受診したい - 手続き申請ナビ - 南大東村ホームページ ページの先頭です。 メニューを飛ばして本文へ 防災・災害 避難所一覧 防災マップ --> Language English 中文（簡体） 한글 中文（繁体） 閲覧補助機能 背景色変更 黒 青 標準 文字サイズ 標準 拡大 × --> マイページ くらし 健康・福祉 しごと 観光 村政情報 手続き申請ナビ 戸籍・住民票・パスポート 税金 子育て・教育・スポーツ 住まい 地域活動・相談 ごみ・環境・動物 死亡・相続 年金・保険 健康・医療 高齢者・介護 福祉・支援 産業振興・支援 入札・契約情報 事業ごみ・産業廃棄物 雇用・労働 島の魅力 南大東を楽しむ 観光施設紹介 村の概要 村議会・委員会 村の取り組み・財政 情報公開・制度 広報・広聴
23	南大東村	乳幼児健診を受けたい	https://www.vill.minamidaito.okinawa.jp/site/navi/list19-77.html	乳幼児健診を受けたい - 手続き申請ナビ - 南大東村ホームページ ページの先頭です。 メニューを飛ばして本文へ 防災・災害 避難所一覧 防災マップ --> Language English 中文（簡体） 한글 中文（繁体） 閲覧補助機能 背景色変更 黒 青 標準 文字サイズ 標準 拡大 × --> マイページ くらし 健康・福祉 しごと 観光 村政情報 手続き申請ナビ 戸籍・住民票・パスポート 税金 子育て・教育・スポーツ 住まい 地域活動・相談 ごみ・環境・動物 死亡・相続 年金・保険 健康・医療 高齢者・介護 福祉・支援 産業振興・支援 入札・契約情報 事業ごみ・産業廃棄物 雇用・労働 島の魅力 南大東を楽しむ 観光施設紹介 村の概要 村議会・委員会 村の取り組み・財政 情報公開・制度 広報・広聴 職員採
22	南大東村	その他の税金	https://www.vill.minamidaito.okinawa.jp/life/1/2/12/	その他の税金 - 南大東村ホームページ ページの先頭です。 メニューを飛ばして本文へ 防災・災害 避難所一覧 防災マップ --> Language English 中文（簡体） 한글 中文（繁体） 閲覧補助機能 背景色変更 黒 青 標準 文字サイズ 標準 拡大 × --> マイページ くらし 健康・福祉 しごと 観光 村政情報 手続き申請ナビ 戸籍・住民票・パスポート 税金 子育て・教育・スポーツ 住まい 地域活動・相談 ごみ・環境・動物 死亡・相続 年金・保険 健康・医療 高齢者・介護 福祉・支援 産業振興・支援 入札・契約情報 事業ごみ・産業廃棄物 雇用・労働 島の魅力 南大東を楽しむ 観光施設紹介 村の概要 村議会・委員会 村の取り組み・財政 情報公開・制度 広報・広聴 職員採用・人事 施設情報 くらし
22	南大東村	その他の税金	https://www.vill.minamidaito.okinawa.jp/life/1/2/12/index.html	その他の税金 - 南大東村ホームページ ページの先頭です。 メニューを飛ばして本文へ 防災・災害 避難所一覧 防災マップ --> Language English 中文（簡体） 한글 中文（繁体） 閲覧補助機能 背景色変更 黒 青 標準 文字サイズ 標準 拡大 × --> マイページ くらし 健康・福祉 しごと 観光 村政情報 手続き申請ナビ 戸籍・住民票・パスポート 税金 子育て・教育・スポーツ 住まい 地域活動・相談 ごみ・環境・動物 死亡・相続 年金・保険 健康・医療 高齢者・介護 福祉・支援 産業振興・支援 入札・契約情報 事業ごみ・産業廃棄物 雇用・労働 島の魅力 南大東を楽しむ 観光施設紹介 村の概要 村議会・委員会 村の取り組み・財政 情報公開・制度 広報・広聴 職員採用・人事 施設情報 くらし
22	南大東村	その他の税金	https://www.vill.minamidaito.okinawa.jp/life/1/2/12/index-2.html	その他の税金 - 南大東村ホームページ ページの先頭です。 メニューを飛ばして本文へ 防災・災害 避難所一覧 防災マップ --> Language English 中文（簡体） 한글 中文（繁体） 閲覧補助機能 背景色変更 黒 青 標準 文字サイズ 標準 拡大 × --> マイページ くらし 健康・福祉 しごと 観光 村政情報 手続き申請ナビ 戸籍・住民票・パスポート 税金 子育て・教育・スポーツ 住まい 地域活動・相談 ごみ・環境・動物 死亡・相続 年金・保険 健康・医療 高齢者・介護 福祉・支援 産業振興・支援 入札・契約情報 事業ごみ・産業廃棄物 雇用・労働 島の魅力 南大東を楽しむ 観光施設紹介 村の概要 村議会・委員会 村の取り組み・財政 情報公開・制度 広報・広聴 職員採用・人事 施設情報 くらし
22	南大東村	保健センターにおける助成制度一覧(令和8年度様式集)	https://www.vill.minamidaito.okinawa.jp/site/hoken-c/934.html	保健センターにおける助成制度一覧(令和8年度様式集) - 保健センター - 南大東村ホームページ（福祉民生課） ページの先頭です。 メニューを飛ばして本文へ 防災・災害 避難所一覧 防災マップ --> Language English 中文（簡体） 한글 中文（繁体） 閲覧補助機能 背景色変更 黒 青 標準 文字サイズ 標準 拡大 × --> マイページ くらし 健康・福祉 しごと 観光 村政情報 手続き申請ナビ 戸籍・住民票・パスポート 税金 子育て・教育・スポーツ 住まい 地域活動・相談 ごみ・環境・動物 死亡・相続 年金・保険 健康・医療 高齢者・介護 福祉・支援 産業振興・支援 入札・契約情報 事業ごみ・産業廃棄物 雇用・労働 島の魅力 南大東を楽しむ 観光施設紹介 村の概要 村議会・委員会 村の取り組
21	南大東村	65歳からの介護予防事業	https://www.vill.minamidaito.okinawa.jp/site/navi/1015.html	65歳からの介護予防事業 - 手続き申請ナビ - 南大東村ホームページ（福祉民生課） ページの先頭です。 メニューを飛ばして本文へ 防災・災害 避難所一覧 防災マップ --> Language English 中文（簡体） 한글 中文（繁体） 閲覧補助機能 背景色変更 黒 青 標準 文字サイズ 標準 拡大 × --> マイページ くらし 健康・福祉 しごと 観光 村政情報 手続き申請ナビ 戸籍・住民票・パスポート 税金 子育て・教育・スポーツ 住まい 地域活動・相談 ごみ・環境・動物 死亡・相続 年金・保険 健康・医療 高齢者・介護 福祉・支援 産業振興・支援 入札・契約情報 事業ごみ・産業廃棄物 雇用・労働 島の魅力 南大東を楽しむ 観光施設紹介 村の概要 村議会・委員会 村の取り組み・財政 情報公開・制度
21	南大東村	こどもの救急	https://www.vill.minamidaito.okinawa.jp/site/hoken-c/1234.html	こどもの救急 - 保健センター - 南大東村ホームページ（福祉民生課） ページの先頭です。 メニューを飛ばして本文へ 防災・災害 避難所一覧 防災マップ --> Language English 中文（簡体） 한글 中文（繁体） 閲覧補助機能 背景色変更 黒 青 標準 文字サイズ 標準 拡大 × --> マイページ くらし 健康・福祉 しごと 観光 村政情報 手続き申請ナビ 戸籍・住民票・パスポート 税金 子育て・教育・スポーツ 住まい 地域活動・相談 ごみ・環境・動物 死亡・相続 年金・保険 健康・医療 高齢者・介護 福祉・支援 産業振興・支援 入札・契約情報 事業ごみ・産業廃棄物 雇用・労働 島の魅力 南大東を楽しむ 観光施設紹介 村の概要 村議会・委員会 村の取り組み・財政 情報公開・制度 広報・広聴 職
21	南大東村	こどもの発達外来	https://www.vill.minamidaito.okinawa.jp/site/hoken-c/585.html	こどもの発達外来 - 保健センター - 南大東村ホームページ（福祉民生課） ページの先頭です。 メニューを飛ばして本文へ 防災・災害 避難所一覧 防災マップ --> Language English 中文（簡体） 한글 中文（繁体） 閲覧補助機能 背景色変更 黒 青 標準 文字サイズ 標準 拡大 × --> マイページ くらし 健康・福祉 しごと 観光 村政情報 手続き申請ナビ 戸籍・住民票・パスポート 税金 子育て・教育・スポーツ 住まい 地域活動・相談 ごみ・環境・動物 死亡・相続 年金・保険 健康・医療 高齢者・介護 福祉・支援 産業振興・支援 入札・契約情報 事業ごみ・産業廃棄物 雇用・労働 島の魅力 南大東を楽しむ 観光施設紹介 村の概要 村議会・委員会 村の取り組み・財政 情報公開・制度 広報・広聴
21	南大東村	高齢者の困りごと・権利擁護	https://www.vill.minamidaito.okinawa.jp/site/navi/997.html	高齢者の困りごと・権利擁護 - 手続き申請ナビ - 南大東村ホームページ（福祉民生課） ページの先頭です。 メニューを飛ばして本文へ 防災・災害 避難所一覧 防災マップ --> Language English 中文（簡体） 한글 中文（繁体） 閲覧補助機能 背景色変更 黒 青 標準 文字サイズ 標準 拡大 × --> マイページ くらし 健康・福祉 しごと 観光 村政情報 手続き申請ナビ 戸籍・住民票・パスポート 税金 子育て・教育・スポーツ 住まい 地域活動・相談 ごみ・環境・動物 死亡・相続 年金・保険 健康・医療 高齢者・介護 福祉・支援 産業振興・支援 入札・契約情報 事業ごみ・産業廃棄物 雇用・労働 島の魅力 南大東を楽しむ 観光施設紹介 村の概要 村議会・委員会 村の取り組み・財政 情報公開・制度
21	南大東村	高齢者の日常生活支援	https://www.vill.minamidaito.okinawa.jp/site/navi/982.html	高齢者の日常生活支援 - 手続き申請ナビ - 南大東村ホームページ（福祉民生課） ページの先頭です。 メニューを飛ばして本文へ 防災・災害 避難所一覧 防災マップ --> Language English 中文（簡体） 한글 中文（繁体） 閲覧補助機能 背景色変更 黒 青 標準 文字サイズ 標準 拡大 × --> マイページ くらし 健康・福祉 しごと 観光 村政情報 手続き申請ナビ 戸籍・住民票・パスポート 税金 子育て・教育・スポーツ 住まい 地域活動・相談 ごみ・環境・動物 死亡・相続 年金・保険 健康・医療 高齢者・介護 福祉・支援 産業振興・支援 入札・契約情報 事業ごみ・産業廃棄物 雇用・労働 島の魅力 南大東を楽しむ 観光施設紹介 村の概要 村議会・委員会 村の取り組み・財政 情報公開・制度 広報
21	南大東村	子育て	https://www.vill.minamidaito.okinawa.jp/site/hoken-c/list27.html	子育て - 保健センター - 南大東村ホームページ ページの先頭です。 メニューを飛ばして本文へ 防災・災害 避難所一覧 防災マップ --> Language English 中文（簡体） 한글 中文（繁体） 閲覧補助機能 背景色変更 黒 青 標準 文字サイズ 標準 拡大 × --> マイページ くらし 健康・福祉 しごと 観光 村政情報 手続き申請ナビ 戸籍・住民票・パスポート 税金 子育て・教育・スポーツ 住まい 地域活動・相談 ごみ・環境・動物 死亡・相続 年金・保険 健康・医療 高齢者・介護 福祉・支援 産業振興・支援 入札・契約情報 事業ごみ・産業廃棄物 雇用・労働 島の魅力 南大東を楽しむ 観光施設紹介 村の概要 村議会・委員会 村の取り組み・財政 情報公開・制度 広報・広聴 職員採用・人事 施設情
21	南大東村	子育て相談を受けたい	https://www.vill.minamidaito.okinawa.jp/site/navi/list19-76.html	子育て相談を受けたい - 手続き申請ナビ - 南大東村ホームページ ページの先頭です。 メニューを飛ばして本文へ 防災・災害 避難所一覧 防災マップ --> Language English 中文（簡体） 한글 中文（繁体） 閲覧補助機能 背景色変更 黒 青 標準 文字サイズ 標準 拡大 × --> マイページ くらし 健康・福祉 しごと 観光 村政情報 手続き申請ナビ 戸籍・住民票・パスポート 税金 子育て・教育・スポーツ 住まい 地域活動・相談 ごみ・環境・動物 死亡・相続 年金・保険 健康・医療 高齢者・介護 福祉・支援 産業振興・支援 入札・契約情報 事業ごみ・産業廃棄物 雇用・労働 島の魅力 南大東を楽しむ 観光施設紹介 村の概要 村議会・委員会 村の取り組み・財政 情報公開・制度 広報・広聴 職員採
21	南大東村	巡回診療（オンライン診療）を受診したい	https://www.vill.minamidaito.okinawa.jp/site/navi/list35-138.html	巡回診療（オンライン診療）を受診したい - 手続き申請ナビ - 南大東村ホームページ ページの先頭です。 メニューを飛ばして本文へ 防災・災害 避難所一覧 防災マップ --> Language English 中文（簡体） 한글 中文（繁体） 閲覧補助機能 背景色変更 黒 青 標準 文字サイズ 標準 拡大 × --> マイページ くらし 健康・福祉 しごと 観光 村政情報 手続き申請ナビ 戸籍・住民票・パスポート 税金 子育て・教育・スポーツ 住まい 地域活動・相談 ごみ・環境・動物 死亡・相続 年金・保険 健康・医療 高齢者・介護 福祉・支援 産業振興・支援 入札・契約情報 事業ごみ・産業廃棄物 雇用・労働 島の魅力 南大東を楽しむ 観光施設紹介 村の概要 村議会・委員会 村の取り組み・財政 情報公開・制度
21	南大東村	小学校・中学校の子どもがいる	https://www.vill.minamidaito.okinawa.jp/site/navi/list21-120.html	小学校・中学校の子どもがいる - 手続き申請ナビ - 南大東村ホームページ ページの先頭です。 メニューを飛ばして本文へ 防災・災害 避難所一覧 防災マップ --> Language English 中文（簡体） 한글 中文（繁体） 閲覧補助機能 背景色変更 黒 青 標準 文字サイズ 標準 拡大 × --> マイページ くらし 健康・福祉 しごと 観光 村政情報 手続き申請ナビ 戸籍・住民票・パスポート 税金 子育て・教育・スポーツ 住まい 地域活動・相談 ごみ・環境・動物 死亡・相続 年金・保険 健康・医療 高齢者・介護 福祉・支援 産業振興・支援 入札・契約情報 事業ごみ・産業廃棄物 雇用・労働 島の魅力 南大東を楽しむ 観光施設紹介 村の概要 村議会・委員会 村の取り組み・財政 情報公開・制度 広報・広聴
21	南大東村	障害がある	https://www.vill.minamidaito.okinawa.jp/site/navi/list35-139.html	障害がある - 手続き申請ナビ - 南大東村ホームページ ページの先頭です。 メニューを飛ばして本文へ 防災・災害 避難所一覧 防災マップ --> Language English 中文（簡体） 한글 中文（繁体） 閲覧補助機能 背景色変更 黒 青 標準 文字サイズ 標準 拡大 × --> マイページ くらし 健康・福祉 しごと 観光 村政情報 手続き申請ナビ 戸籍・住民票・パスポート 税金 子育て・教育・スポーツ 住まい 地域活動・相談 ごみ・環境・動物 死亡・相続 年金・保険 健康・医療 高齢者・介護 福祉・支援 産業振興・支援 入札・契約情報 事業ごみ・産業廃棄物 雇用・労働 島の魅力 南大東を楽しむ 観光施設紹介 村の概要 村議会・委員会 村の取り組み・財政 情報公開・制度 広報・広聴 職員採用・人事
21	南大東村	耐震補助	https://www.vill.minamidaito.okinawa.jp/life/1/4/21/	耐震補助 - 南大東村ホームページ ページの先頭です。 メニューを飛ばして本文へ 防災・災害 避難所一覧 防災マップ --> Language English 中文（簡体） 한글 中文（繁体） 閲覧補助機能 背景色変更 黒 青 標準 文字サイズ 標準 拡大 × --> マイページ くらし 健康・福祉 しごと 観光 村政情報 手続き申請ナビ 戸籍・住民票・パスポート 税金 子育て・教育・スポーツ 住まい 地域活動・相談 ごみ・環境・動物 死亡・相続 年金・保険 健康・医療 高齢者・介護 福祉・支援 産業振興・支援 入札・契約情報 事業ごみ・産業廃棄物 雇用・労働 島の魅力 南大東を楽しむ 観光施設紹介 村の概要 村議会・委員会 村の取り組み・財政 情報公開・制度 広報・広聴 職員採用・人事 施設情報 くらし 健康
21	南大東村	耐震補助	https://www.vill.minamidaito.okinawa.jp/life/1/4/21/index.html	耐震補助 - 南大東村ホームページ ページの先頭です。 メニューを飛ばして本文へ 防災・災害 避難所一覧 防災マップ --> Language English 中文（簡体） 한글 中文（繁体） 閲覧補助機能 背景色変更 黒 青 標準 文字サイズ 標準 拡大 × --> マイページ くらし 健康・福祉 しごと 観光 村政情報 手続き申請ナビ 戸籍・住民票・パスポート 税金 子育て・教育・スポーツ 住まい 地域活動・相談 ごみ・環境・動物 死亡・相続 年金・保険 健康・医療 高齢者・介護 福祉・支援 産業振興・支援 入札・契約情報 事業ごみ・産業廃棄物 雇用・労働 島の魅力 南大東を楽しむ 観光施設紹介 村の概要 村議会・委員会 村の取り組み・財政 情報公開・制度 広報・広聴 職員採用・人事 施設情報 くらし 健康
21	南大東村	耐震補助	https://www.vill.minamidaito.okinawa.jp/life/1/4/21/index-2.html	耐震補助 - 南大東村ホームページ ページの先頭です。 メニューを飛ばして本文へ 防災・災害 避難所一覧 防災マップ --> Language English 中文（簡体） 한글 中文（繁体） 閲覧補助機能 背景色変更 黒 青 標準 文字サイズ 標準 拡大 × --> マイページ くらし 健康・福祉 しごと 観光 村政情報 手続き申請ナビ 戸籍・住民票・パスポート 税金 子育て・教育・スポーツ 住まい 地域活動・相談 ごみ・環境・動物 死亡・相続 年金・保険 健康・医療 高齢者・介護 福祉・支援 産業振興・支援 入札・契約情報 事業ごみ・産業廃棄物 雇用・労働 島の魅力 南大東を楽しむ 観光施設紹介 村の概要 村議会・委員会 村の取り組み・財政 情報公開・制度 広報・広聴 職員採用・人事 施設情報 くらし 健康
21	南大東村	長寿健診・健康や栄養に関する相談	https://www.vill.minamidaito.okinawa.jp/site/navi/999.html	長寿健診・健康や栄養に関する相談 - 手続き申請ナビ - 南大東村ホームページ（福祉民生課） ページの先頭です。 メニューを飛ばして本文へ 防災・災害 避難所一覧 防災マップ --> Language English 中文（簡体） 한글 中文（繁体） 閲覧補助機能 背景色変更 黒 青 標準 文字サイズ 標準 拡大 × --> マイページ くらし 健康・福祉 しごと 観光 村政情報 手続き申請ナビ 戸籍・住民票・パスポート 税金 子育て・教育・スポーツ 住まい 地域活動・相談 ごみ・環境・動物 死亡・相続 年金・保険 健康・医療 高齢者・介護 福祉・支援 産業振興・支援 入札・契約情報 事業ごみ・産業廃棄物 雇用・労働 島の魅力 南大東を楽しむ 観光施設紹介 村の概要 村議会・委員会 村の取り組み・財政 情報公開
21	南大東村	南大東村食生活改善推進員協議会	https://www.vill.minamidaito.okinawa.jp/site/hoken-c/515.html	南大東村食生活改善推進員協議会 - 保健センター - 南大東村ホームページ（福祉民生課） ページの先頭です。 メニューを飛ばして本文へ 防災・災害 避難所一覧 防災マップ --> Language English 中文（簡体） 한글 中文（繁体） 閲覧補助機能 背景色変更 黒 青 標準 文字サイズ 標準 拡大 × --> マイページ くらし 健康・福祉 しごと 観光 村政情報 手続き申請ナビ 戸籍・住民票・パスポート 税金 子育て・教育・スポーツ 住まい 地域活動・相談 ごみ・環境・動物 死亡・相続 年金・保険 健康・医療 高齢者・介護 福祉・支援 産業振興・支援 入札・契約情報 事業ごみ・産業廃棄物 雇用・労働 島の魅力 南大東を楽しむ 観光施設紹介 村の概要 村議会・委員会 村の取り組み・財政 情報公開・制
21	南大東村	妊娠・出産	https://www.vill.minamidaito.okinawa.jp/site/hoken-c/list27-91.html	妊娠・出産 - 保健センター - 南大東村ホームページ ページの先頭です。 メニューを飛ばして本文へ 防災・災害 避難所一覧 防災マップ --> Language English 中文（簡体） 한글 中文（繁体） 閲覧補助機能 背景色変更 黒 青 標準 文字サイズ 標準 拡大 × --> マイページ くらし 健康・福祉 しごと 観光 村政情報 手続き申請ナビ 戸籍・住民票・パスポート 税金 子育て・教育・スポーツ 住まい 地域活動・相談 ごみ・環境・動物 死亡・相続 年金・保険 健康・医療 高齢者・介護 福祉・支援 産業振興・支援 入札・契約情報 事業ごみ・産業廃棄物 雇用・労働 島の魅力 南大東を楽しむ 観光施設紹介 村の概要 村議会・委員会 村の取り組み・財政 情報公開・制度 広報・広聴 職員採用・人事 施
21	南大東村	妊娠がわかった	https://www.vill.minamidaito.okinawa.jp/site/navi/list18-74.html	妊娠がわかった - 手続き申請ナビ - 南大東村ホームページ ページの先頭です。 メニューを飛ばして本文へ 防災・災害 避難所一覧 防災マップ --> Language English 中文（簡体） 한글 中文（繁体） 閲覧補助機能 背景色変更 黒 青 標準 文字サイズ 標準 拡大 × --> マイページ くらし 健康・福祉 しごと 観光 村政情報 手続き申請ナビ 戸籍・住民票・パスポート 税金 子育て・教育・スポーツ 住まい 地域活動・相談 ごみ・環境・動物 死亡・相続 年金・保険 健康・医療 高齢者・介護 福祉・支援 産業振興・支援 入札・契約情報 事業ごみ・産業廃棄物 雇用・労働 島の魅力 南大東を楽しむ 観光施設紹介 村の概要 村議会・委員会 村の取り組み・財政 情報公開・制度 広報・広聴 職員採用・人
21	南大東村	認知症の相談窓口	https://www.vill.minamidaito.okinawa.jp/site/navi/996.html	認知症の相談窓口 - 手続き申請ナビ - 南大東村ホームページ（福祉民生課） ページの先頭です。 メニューを飛ばして本文へ 防災・災害 避難所一覧 防災マップ --> Language English 中文（簡体） 한글 中文（繁体） 閲覧補助機能 背景色変更 黒 青 標準 文字サイズ 標準 拡大 × --> マイページ くらし 健康・福祉 しごと 観光 村政情報 手続き申請ナビ 戸籍・住民票・パスポート 税金 子育て・教育・スポーツ 住まい 地域活動・相談 ごみ・環境・動物 死亡・相続 年金・保険 健康・医療 高齢者・介護 福祉・支援 産業振興・支援 入札・契約情報 事業ごみ・産業廃棄物 雇用・労働 島の魅力 南大東を楽しむ 観光施設紹介 村の概要 村議会・委員会 村の取り組み・財政 情報公開・制度 広報・広
21	南大東村	保育所に預けたい	https://www.vill.minamidaito.okinawa.jp/site/navi/list19-112.html	保育所に預けたい - 手続き申請ナビ - 南大東村ホームページ ページの先頭です。 メニューを飛ばして本文へ 防災・災害 避難所一覧 防災マップ --> Language English 中文（簡体） 한글 中文（繁体） 閲覧補助機能 背景色変更 黒 青 標準 文字サイズ 標準 拡大 × --> マイページ くらし 健康・福祉 しごと 観光 村政情報 手続き申請ナビ 戸籍・住民票・パスポート 税金 子育て・教育・スポーツ 住まい 地域活動・相談 ごみ・環境・動物 死亡・相続 年金・保険 健康・医療 高齢者・介護 福祉・支援 産業振興・支援 入札・契約情報 事業ごみ・産業廃棄物 雇用・労働 島の魅力 南大東を楽しむ 観光施設紹介 村の概要 村議会・委員会 村の取り組み・財政 情報公開・制度 広報・広聴 職員採用・
21	南大東村	保健センターからのお知らせ	https://www.vill.minamidaito.okinawa.jp/site/hoken-c/index-2.html	保健センターからのお知らせ - 南大東村ホームページ ページの先頭です。 メニューを飛ばして本文へ 防災・災害 避難所一覧 防災マップ --> Language English 中文（簡体） 한글 中文（繁体） 閲覧補助機能 背景色変更 黒 青 標準 文字サイズ 標準 拡大 × --> マイページ くらし 健康・福祉 しごと 観光 村政情報 手続き申請ナビ 戸籍・住民票・パスポート 税金 子育て・教育・スポーツ 住まい 地域活動・相談 ごみ・環境・動物 死亡・相続 年金・保険 健康・医療 高齢者・介護 福祉・支援 産業振興・支援 入札・契約情報 事業ごみ・産業廃棄物 雇用・労働 島の魅力 南大東を楽しむ 観光施設紹介 村の概要 村議会・委員会 村の取り組み・財政 情報公開・制度 広報・広聴 職員採用・人事 施設
21	南大東村	融資・支援	https://www.vill.minamidaito.okinawa.jp/life/3/12/62/	融資・支援 - 南大東村ホームページ ページの先頭です。 メニューを飛ばして本文へ 防災・災害 避難所一覧 防災マップ --> Language English 中文（簡体） 한글 中文（繁体） 閲覧補助機能 背景色変更 黒 青 標準 文字サイズ 標準 拡大 × --> マイページ くらし 健康・福祉 しごと 観光 村政情報 手続き申請ナビ 戸籍・住民票・パスポート 税金 子育て・教育・スポーツ 住まい 地域活動・相談 ごみ・環境・動物 死亡・相続 年金・保険 健康・医療 高齢者・介護 福祉・支援 産業振興・支援 入札・契約情報 事業ごみ・産業廃棄物 雇用・労働 島の魅力 南大東を楽しむ 観光施設紹介 村の概要 村議会・委員会 村の取り組み・財政 情報公開・制度 広報・広聴 職員採用・人事 施設情報 くらし 健
21	南大東村	融資・支援	https://www.vill.minamidaito.okinawa.jp/life/3/12/62/index.html	融資・支援 - 南大東村ホームページ ページの先頭です。 メニューを飛ばして本文へ 防災・災害 避難所一覧 防災マップ --> Language English 中文（簡体） 한글 中文（繁体） 閲覧補助機能 背景色変更 黒 青 標準 文字サイズ 標準 拡大 × --> マイページ くらし 健康・福祉 しごと 観光 村政情報 手続き申請ナビ 戸籍・住民票・パスポート 税金 子育て・教育・スポーツ 住まい 地域活動・相談 ごみ・環境・動物 死亡・相続 年金・保険 健康・医療 高齢者・介護 福祉・支援 産業振興・支援 入札・契約情報 事業ごみ・産業廃棄物 雇用・労働 島の魅力 南大東を楽しむ 観光施設紹介 村の概要 村議会・委員会 村の取り組み・財政 情報公開・制度 広報・広聴 職員採用・人事 施設情報 くらし 健
21	南大東村	融資・支援	https://www.vill.minamidaito.okinawa.jp/life/3/12/62/index-2.html	融資・支援 - 南大東村ホームページ ページの先頭です。 メニューを飛ばして本文へ 防災・災害 避難所一覧 防災マップ --> Language English 中文（簡体） 한글 中文（繁体） 閲覧補助機能 背景色変更 黒 青 標準 文字サイズ 標準 拡大 × --> マイページ くらし 健康・福祉 しごと 観光 村政情報 手続き申請ナビ 戸籍・住民票・パスポート 税金 子育て・教育・スポーツ 住まい 地域活動・相談 ごみ・環境・動物 死亡・相続 年金・保険 健康・医療 高齢者・介護 福祉・支援 産業振興・支援 入札・契約情報 事業ごみ・産業廃棄物 雇用・労働 島の魅力 南大東を楽しむ 観光施設紹介 村の概要 村議会・委員会 村の取り組み・財政 情報公開・制度 広報・広聴 職員採用・人事 施設情報 くらし 健
21	南大東村	予防接種	https://www.vill.minamidaito.okinawa.jp/site/hoken-c/list27-94.html	予防接種 - 保健センター - 南大東村ホームページ ページの先頭です。 メニューを飛ばして本文へ 防災・災害 避難所一覧 防災マップ --> Language English 中文（簡体） 한글 中文（繁体） 閲覧補助機能 背景色変更 黒 青 標準 文字サイズ 標準 拡大 × --> マイページ くらし 健康・福祉 しごと 観光 村政情報 手続き申請ナビ 戸籍・住民票・パスポート 税金 子育て・教育・スポーツ 住まい 地域活動・相談 ごみ・環境・動物 死亡・相続 年金・保険 健康・医療 高齢者・介護 福祉・支援 産業振興・支援 入札・契約情報 事業ごみ・産業廃棄物 雇用・労働 島の魅力 南大東を楽しむ 観光施設紹介 村の概要 村議会・委員会 村の取り組み・財政 情報公開・制度 広報・広聴 職員採用・人事 施設
21	南大東村	予防接種	https://www.vill.minamidaito.okinawa.jp/site/hoken-c/list31-99.html	予防接種 - 保健センター - 南大東村ホームページ ページの先頭です。 メニューを飛ばして本文へ 防災・災害 避難所一覧 防災マップ --> Language English 中文（簡体） 한글 中文（繁体） 閲覧補助機能 背景色変更 黒 青 標準 文字サイズ 標準 拡大 × --> マイページ くらし 健康・福祉 しごと 観光 村政情報 手続き申請ナビ 戸籍・住民票・パスポート 税金 子育て・教育・スポーツ 住まい 地域活動・相談 ごみ・環境・動物 死亡・相続 年金・保険 健康・医療 高齢者・介護 福祉・支援 産業振興・支援 入札・契約情報 事業ごみ・産業廃棄物 雇用・労働 島の魅力 南大東を楽しむ 観光施設紹介 村の概要 村議会・委員会 村の取り組み・財政 情報公開・制度 広報・広聴 職員採用・人事 施設
21	南大東村	幼稚園児を預かり保育へ預けたい	https://www.vill.minamidaito.okinawa.jp/site/navi/list20-145.html	幼稚園児を預かり保育へ預けたい - 手続き申請ナビ - 南大東村ホームページ ページの先頭です。 メニューを飛ばして本文へ 防災・災害 避難所一覧 防災マップ --> Language English 中文（簡体） 한글 中文（繁体） 閲覧補助機能 背景色変更 黒 青 標準 文字サイズ 標準 拡大 × --> マイページ くらし 健康・福祉 しごと 観光 村政情報 手続き申請ナビ 戸籍・住民票・パスポート 税金 子育て・教育・スポーツ 住まい 地域活動・相談 ごみ・環境・動物 死亡・相続 年金・保険 健康・医療 高齢者・介護 福祉・支援 産業振興・支援 入札・契約情報 事業ごみ・産業廃棄物 雇用・労働 島の魅力 南大東を楽しむ 観光施設紹介 村の概要 村議会・委員会 村の取り組み・財政 情報公開・制度 広報・広
21	南大東村	令和8年度 シニアのための体力測定	https://www.vill.minamidaito.okinawa.jp/site/navi/1155.html	令和8年度 シニアのための体力測定 - 手続き申請ナビ - 南大東村ホームページ（福祉民生課） ページの先頭です。 メニューを飛ばして本文へ 防災・災害 避難所一覧 防災マップ --> Language English 中文（簡体） 한글 中文（繁体） 閲覧補助機能 背景色変更 黒 青 標準 文字サイズ 標準 拡大 × --> マイページ くらし 健康・福祉 しごと 観光 村政情報 手続き申請ナビ 戸籍・住民票・パスポート 税金 子育て・教育・スポーツ 住まい 地域活動・相談 ごみ・環境・動物 死亡・相続 年金・保険 健康・医療 高齢者・介護 福祉・支援 産業振興・支援 入札・契約情報 事業ごみ・産業廃棄物 雇用・労働 島の魅力 南大東を楽しむ 観光施設紹介 村の概要 村議会・委員会 村の取り組み・財政 情報公
20	南大東村	ムーンピーチ 別館	https://www.vill.minamidaito.okinawa.jp/site/iju/638.html	ムーンピーチ 別館 - 南大東村移住定住サイト - 南大東村ホームページ（産業課） ページの先頭です。 メニューを飛ばして本文へ 南大東村ホームページへ Foreign language Language English 中文（簡体） 한글 中文（繁体） 閲覧補助機能 閲覧補助 背景色変更 黒 青 標準 文字サイズ 標準 拡大 × --> 情報をさがす キーワード 検索 検索対象 すべて ページ PDF キーワード ページID ページID検索とは？ 南大東村の魅力 村ではたらく 村の子育て 村の住まい 現在地 くらしの情報トップページ > 分類でさがす > 観光 > 観光施設紹介 > 宿泊 > 南大東村移住定住サイト > ムーンピーチ 別館 南大東村移住定住サイト 南大東村移住定住サイトメニュー 本文 ムーンピ
20	南大東村	星野洞	https://www.vill.minamidaito.okinawa.jp/site/iju/699.html	星野洞 - 南大東村移住定住サイト - 南大東村ホームページ（産業課） ページの先頭です。 メニューを飛ばして本文へ 南大東村ホームページへ Foreign language Language English 中文（簡体） 한글 中文（繁体） 閲覧補助機能 閲覧補助 背景色変更 黒 青 標準 文字サイズ 標準 拡大 × --> 情報をさがす キーワード 検索 検索対象 すべて ページ PDF キーワード ページID ページID検索とは？ 南大東村の魅力 村ではたらく 村の子育て 村の住まい 現在地 くらしの情報トップページ > 分類でさがす > 観光 > 南大東を楽しむ > 自然・景勝地 > 南大東村移住定住サイト > 星野洞 南大東村移住定住サイト 南大東村移住定住サイトメニュー 本文 星野洞 更新日：202
20	南大東村	土木課	https://www.vill.minamidaito.okinawa.jp/soshiki/5/	土木課 - 南大東村ホームページ ページの先頭です。 メニューを飛ばして本文へ 防災・災害 避難所一覧 防災マップ --> Language English 中文（簡体） 한글 中文（繁体） 閲覧補助機能 背景色変更 黒 青 標準 文字サイズ 標準 拡大 × --> マイページ くらし 健康・福祉 しごと 観光 村政情報 手続き申請ナビ 戸籍・住民票・パスポート 税金 子育て・教育・スポーツ 住まい 地域活動・相談 ごみ・環境・動物 死亡・相続 年金・保険 健康・医療 高齢者・介護 福祉・支援 産業振興・支援 入札・契約情報 事業ごみ・産業廃棄物 雇用・労働 島の魅力 南大東を楽しむ 観光施設紹介 村の概要 村議会・委員会 村の取り組み・財政 情報公開・制度 広報・広聴 職員採用・人事 施設情報 くらし 健康・
20	南大東村	土木課	https://www.vill.minamidaito.okinawa.jp/soshiki/5/index-2.html	土木課 - 南大東村ホームページ ページの先頭です。 メニューを飛ばして本文へ 防災・災害 避難所一覧 防災マップ --> Language English 中文（簡体） 한글 中文（繁体） 閲覧補助機能 背景色変更 黒 青 標準 文字サイズ 標準 拡大 × --> マイページ くらし 健康・福祉 しごと 観光 村政情報 手続き申請ナビ 戸籍・住民票・パスポート 税金 子育て・教育・スポーツ 住まい 地域活動・相談 ごみ・環境・動物 死亡・相続 年金・保険 健康・医療 高齢者・介護 福祉・支援 産業振興・支援 入札・契約情報 事業ごみ・産業廃棄物 雇用・労働 島の魅力 南大東を楽しむ 観光施設紹介 村の概要 村議会・委員会 村の取り組み・財政 情報公開・制度 広報・広聴 職員採用・人事 施設情報 くらし 健康・
20	南大東村	土木課	https://www.vill.minamidaito.okinawa.jp/soshiki/5/index.html	土木課 - 南大東村ホームページ ページの先頭です。 メニューを飛ばして本文へ 防災・災害 避難所一覧 防災マップ --> Language English 中文（簡体） 한글 中文（繁体） 閲覧補助機能 背景色変更 黒 青 標準 文字サイズ 標準 拡大 × --> マイページ くらし 健康・福祉 しごと 観光 村政情報 手続き申請ナビ 戸籍・住民票・パスポート 税金 子育て・教育・スポーツ 住まい 地域活動・相談 ごみ・環境・動物 死亡・相続 年金・保険 健康・医療 高齢者・介護 福祉・支援 産業振興・支援 入札・契約情報 事業ごみ・産業廃棄物 雇用・労働 島の魅力 南大東を楽しむ 観光施設紹介 村の概要 村議会・委員会 村の取り組み・財政 情報公開・制度 広報・広聴 職員採用・人事 施設情報 くらし 健康・
20	南大東村	島の紹介	https://www.vill.minamidaito.okinawa.jp/site/iju/377.html	島の紹介 - 南大東村移住定住サイト - 南大東村ホームページ（産業課） ページの先頭です。 メニューを飛ばして本文へ 南大東村ホームページへ Foreign language Language English 中文（簡体） 한글 中文（繁体） 閲覧補助機能 閲覧補助 背景色変更 黒 青 標準 文字サイズ 標準 拡大 × --> 情報をさがす キーワード 検索 検索対象 すべて ページ PDF キーワード ページID ページID検索とは？ 南大東村の魅力 村ではたらく 村の子育て 村の住まい 現在地 くらしの情報トップページ > 分類でさがす > 観光 > 島の魅力 > 島の紹介 > 南大東村移住定住サイト > 島の紹介 南大東村移住定住サイト 南大東村移住定住サイトメニュー 本文 島の紹介 更新日：2026年
19	南大東村	（島外在住の）高校生・大学生がいる	https://www.vill.minamidaito.okinawa.jp/site/navi/list20-151.html	（島外在住の）高校生・大学生がいる - 手続き申請ナビ - 南大東村ホームページ ページの先頭です。 メニューを飛ばして本文へ 防災・災害 避難所一覧 防災マップ --> Language English 中文（簡体） 한글 中文（繁体） 閲覧補助機能 背景色変更 黒 青 標準 文字サイズ 標準 拡大 × --> マイページ くらし 健康・福祉 しごと 観光 村政情報 手続き申請ナビ 戸籍・住民票・パスポート 税金 子育て・教育・スポーツ 住まい 地域活動・相談 ごみ・環境・動物 死亡・相続 年金・保険 健康・医療 高齢者・介護 福祉・支援 産業振興・支援 入札・契約情報 事業ごみ・産業廃棄物 雇用・労働 島の魅力 南大東を楽しむ 観光施設紹介 村の概要 村議会・委員会 村の取り組み・財政 情報公開・制度 広報
19	南大東村	アルコール相談	https://www.vill.minamidaito.okinawa.jp/site/hoken-c/587.html	アルコール相談 - 保健センター - 南大東村ホームページ（福祉民生課） ページの先頭です。 メニューを飛ばして本文へ 防災・災害 避難所一覧 防災マップ --> Language English 中文（簡体） 한글 中文（繁体） 閲覧補助機能 背景色変更 黒 青 標準 文字サイズ 標準 拡大 × --> マイページ くらし 健康・福祉 しごと 観光 村政情報 手続き申請ナビ 戸籍・住民票・パスポート 税金 子育て・教育・スポーツ 住まい 地域活動・相談 ごみ・環境・動物 死亡・相続 年金・保険 健康・医療 高齢者・介護 福祉・支援 産業振興・支援 入札・契約情報 事業ごみ・産業廃棄物 雇用・労働 島の魅力 南大東を楽しむ 観光施設紹介 村の概要 村議会・委員会 村の取り組み・財政 情報公開・制度 広報・広聴
19	南大東村	カウンセリング	https://www.vill.minamidaito.okinawa.jp/site/hoken-c/586.html	カウンセリング - 保健センター - 南大東村ホームページ（福祉民生課） ページの先頭です。 メニューを飛ばして本文へ 防災・災害 避難所一覧 防災マップ --> Language English 中文（簡体） 한글 中文（繁体） 閲覧補助機能 背景色変更 黒 青 標準 文字サイズ 標準 拡大 × --> マイページ くらし 健康・福祉 しごと 観光 村政情報 手続き申請ナビ 戸籍・住民票・パスポート 税金 子育て・教育・スポーツ 住まい 地域活動・相談 ごみ・環境・動物 死亡・相続 年金・保険 健康・医療 高齢者・介護 福祉・支援 産業振興・支援 入札・契約情報 事業ごみ・産業廃棄物 雇用・労働 島の魅力 南大東を楽しむ 観光施設紹介 村の概要 村議会・委員会 村の取り組み・財政 情報公開・制度 広報・広聴
19	南大東村	ファミサポを利用したい	https://www.vill.minamidaito.okinawa.jp/site/navi/list19-116.html	ファミサポを利用したい - 手続き申請ナビ - 南大東村ホームページ ページの先頭です。 メニューを飛ばして本文へ 防災・災害 避難所一覧 防災マップ --> Language English 中文（簡体） 한글 中文（繁体） 閲覧補助機能 背景色変更 黒 青 標準 文字サイズ 標準 拡大 × --> マイページ くらし 健康・福祉 しごと 観光 村政情報 手続き申請ナビ 戸籍・住民票・パスポート 税金 子育て・教育・スポーツ 住まい 地域活動・相談 ごみ・環境・動物 死亡・相続 年金・保険 健康・医療 高齢者・介護 福祉・支援 産業振興・支援 入札・契約情報 事業ごみ・産業廃棄物 雇用・労働 島の魅力 南大東を楽しむ 観光施設紹介 村の概要 村議会・委員会 村の取り組み・財政 情報公開・制度 広報・広聴 職員
19	南大東村	引っ越しする	https://www.vill.minamidaito.okinawa.jp/site/navi/list21-80.html	引っ越しする - 手続き申請ナビ - 南大東村ホームページ ページの先頭です。 メニューを飛ばして本文へ 防災・災害 避難所一覧 防災マップ --> Language English 中文（簡体） 한글 中文（繁体） 閲覧補助機能 背景色変更 黒 青 標準 文字サイズ 標準 拡大 × --> マイページ くらし 健康・福祉 しごと 観光 村政情報 手続き申請ナビ 戸籍・住民票・パスポート 税金 子育て・教育・スポーツ 住まい 地域活動・相談 ごみ・環境・動物 死亡・相続 年金・保険 健康・医療 高齢者・介護 福祉・支援 産業振興・支援 入札・契約情報 事業ごみ・産業廃棄物 雇用・労働 島の魅力 南大東を楽しむ 観光施設紹介 村の概要 村議会・委員会 村の取り組み・財政 情報公開・制度 広報・広聴 職員採用・人事
19	南大東村	引越し・住まい	https://www.vill.minamidaito.okinawa.jp/site/navi/list21.html	引越し・住まい - 手続き申請ナビ - 南大東村ホームページ ページの先頭です。 メニューを飛ばして本文へ 防災・災害 避難所一覧 防災マップ --> Language English 中文（簡体） 한글 中文（繁体） 閲覧補助機能 背景色変更 黒 青 標準 文字サイズ 標準 拡大 × --> マイページ くらし 健康・福祉 しごと 観光 村政情報 手続き申請ナビ 戸籍・住民票・パスポート 税金 子育て・教育・スポーツ 住まい 地域活動・相談 ごみ・環境・動物 死亡・相続 年金・保険 健康・医療 高齢者・介護 福祉・支援 産業振興・支援 入札・契約情報 事業ごみ・産業廃棄物 雇用・労働 島の魅力 南大東を楽しむ 観光施設紹介 村の概要 村議会・委員会 村の取り組み・財政 情報公開・制度 広報・広聴 職員採用・人
19	南大東村	介護が必要になった	https://www.vill.minamidaito.okinawa.jp/site/navi/list23-84.html	介護が必要になった - 手続き申請ナビ - 南大東村ホームページ ページの先頭です。 メニューを飛ばして本文へ 防災・災害 避難所一覧 防災マップ --> Language English 中文（簡体） 한글 中文（繁体） 閲覧補助機能 背景色変更 黒 青 標準 文字サイズ 標準 拡大 × --> マイページ くらし 健康・福祉 しごと 観光 村政情報 手続き申請ナビ 戸籍・住民票・パスポート 税金 子育て・教育・スポーツ 住まい 地域活動・相談 ごみ・環境・動物 死亡・相続 年金・保険 健康・医療 高齢者・介護 福祉・支援 産業振興・支援 入札・契約情報 事業ごみ・産業廃棄物 雇用・労働 島の魅力 南大東を楽しむ 観光施設紹介 村の概要 村議会・委員会 村の取り組み・財政 情報公開・制度 広報・広聴 職員採用
19	南大東村	介護予防について知りたい	https://www.vill.minamidaito.okinawa.jp/site/navi/list23-128.html	介護予防について知りたい - 手続き申請ナビ - 南大東村ホームページ ページの先頭です。 メニューを飛ばして本文へ 防災・災害 避難所一覧 防災マップ --> Language English 中文（簡体） 한글 中文（繁体） 閲覧補助機能 背景色変更 黒 青 標準 文字サイズ 標準 拡大 × --> マイページ くらし 健康・福祉 しごと 観光 村政情報 手続き申請ナビ 戸籍・住民票・パスポート 税金 子育て・教育・スポーツ 住まい 地域活動・相談 ごみ・環境・動物 死亡・相続 年金・保険 健康・医療 高齢者・介護 福祉・支援 産業振興・支援 入札・契約情報 事業ごみ・産業廃棄物 雇用・労働 島の魅力 南大東を楽しむ 観光施設紹介 村の概要 村議会・委員会 村の取り組み・財政 情報公開・制度 広報・広聴 職
19	南大東村	各種検診	https://www.vill.minamidaito.okinawa.jp/life/2/9/45/	各種検診 - 南大東村ホームページ ページの先頭です。 メニューを飛ばして本文へ 防災・災害 避難所一覧 防災マップ --> Language English 中文（簡体） 한글 中文（繁体） 閲覧補助機能 背景色変更 黒 青 標準 文字サイズ 標準 拡大 × --> マイページ くらし 健康・福祉 しごと 観光 村政情報 手続き申請ナビ 戸籍・住民票・パスポート 税金 子育て・教育・スポーツ 住まい 地域活動・相談 ごみ・環境・動物 死亡・相続 年金・保険 健康・医療 高齢者・介護 福祉・支援 産業振興・支援 入札・契約情報 事業ごみ・産業廃棄物 雇用・労働 島の魅力 南大東を楽しむ 観光施設紹介 村の概要 村議会・委員会 村の取り組み・財政 情報公開・制度 広報・広聴 職員採用・人事 施設情報 くらし 健康
19	南大東村	各種検診	https://www.vill.minamidaito.okinawa.jp/life/2/9/45/index.html	各種検診 - 南大東村ホームページ ページの先頭です。 メニューを飛ばして本文へ 防災・災害 避難所一覧 防災マップ --> Language English 中文（簡体） 한글 中文（繁体） 閲覧補助機能 背景色変更 黒 青 標準 文字サイズ 標準 拡大 × --> マイページ くらし 健康・福祉 しごと 観光 村政情報 手続き申請ナビ 戸籍・住民票・パスポート 税金 子育て・教育・スポーツ 住まい 地域活動・相談 ごみ・環境・動物 死亡・相続 年金・保険 健康・医療 高齢者・介護 福祉・支援 産業振興・支援 入札・契約情報 事業ごみ・産業廃棄物 雇用・労働 島の魅力 南大東を楽しむ 観光施設紹介 村の概要 村議会・委員会 村の取り組み・財政 情報公開・制度 広報・広聴 職員採用・人事 施設情報 くらし 健康
19	南大東村	各種検診	https://www.vill.minamidaito.okinawa.jp/life/2/9/45/index-2.html	各種検診 - 南大東村ホームページ ページの先頭です。 メニューを飛ばして本文へ 防災・災害 避難所一覧 防災マップ --> Language English 中文（簡体） 한글 中文（繁体） 閲覧補助機能 背景色変更 黒 青 標準 文字サイズ 標準 拡大 × --> マイページ くらし 健康・福祉 しごと 観光 村政情報 手続き申請ナビ 戸籍・住民票・パスポート 税金 子育て・教育・スポーツ 住まい 地域活動・相談 ごみ・環境・動物 死亡・相続 年金・保険 健康・医療 高齢者・介護 福祉・支援 産業振興・支援 入札・契約情報 事業ごみ・産業廃棄物 雇用・労働 島の魅力 南大東を楽しむ 観光施設紹介 村の概要 村議会・委員会 村の取り組み・財政 情報公開・制度 広報・広聴 職員採用・人事 施設情報 くらし 健康
19	南大東村	確定（住民税）申告したい	https://www.vill.minamidaito.okinawa.jp/site/navi/list37-156.html	確定（住民税）申告したい - 手続き申請ナビ - 南大東村ホームページ ページの先頭です。 メニューを飛ばして本文へ 防災・災害 避難所一覧 防災マップ --> Language English 中文（簡体） 한글 中文（繁体） 閲覧補助機能 背景色変更 黒 青 標準 文字サイズ 標準 拡大 × --> マイページ くらし 健康・福祉 しごと 観光 村政情報 手続き申請ナビ 戸籍・住民票・パスポート 税金 子育て・教育・スポーツ 住まい 地域活動・相談 ごみ・環境・動物 死亡・相続 年金・保険 健康・医療 高齢者・介護 福祉・支援 産業振興・支援 入札・契約情報 事業ごみ・産業廃棄物 雇用・労働 島の魅力 南大東を楽しむ 観光施設紹介 村の概要 村議会・委員会 村の取り組み・財政 情報公開・制度 広報・広聴 職
19	南大東村	学校・教育	https://www.vill.minamidaito.okinawa.jp/life/1/3/17/	学校・教育 - 南大東村ホームページ ページの先頭です。 メニューを飛ばして本文へ 防災・災害 避難所一覧 防災マップ --> Language English 中文（簡体） 한글 中文（繁体） 閲覧補助機能 背景色変更 黒 青 標準 文字サイズ 標準 拡大 × --> マイページ くらし 健康・福祉 しごと 観光 村政情報 手続き申請ナビ 戸籍・住民票・パスポート 税金 子育て・教育・スポーツ 住まい 地域活動・相談 ごみ・環境・動物 死亡・相続 年金・保険 健康・医療 高齢者・介護 福祉・支援 産業振興・支援 入札・契約情報 事業ごみ・産業廃棄物 雇用・労働 島の魅力 南大東を楽しむ 観光施設紹介 村の概要 村議会・委員会 村の取り組み・財政 情報公開・制度 広報・広聴 職員採用・人事 施設情報 くらし 健
19	南大東村	学校・教育	https://www.vill.minamidaito.okinawa.jp/life/1/3/17/index.html	学校・教育 - 南大東村ホームページ ページの先頭です。 メニューを飛ばして本文へ 防災・災害 避難所一覧 防災マップ --> Language English 中文（簡体） 한글 中文（繁体） 閲覧補助機能 背景色変更 黒 青 標準 文字サイズ 標準 拡大 × --> マイページ くらし 健康・福祉 しごと 観光 村政情報 手続き申請ナビ 戸籍・住民票・パスポート 税金 子育て・教育・スポーツ 住まい 地域活動・相談 ごみ・環境・動物 死亡・相続 年金・保険 健康・医療 高齢者・介護 福祉・支援 産業振興・支援 入札・契約情報 事業ごみ・産業廃棄物 雇用・労働 島の魅力 南大東を楽しむ 観光施設紹介 村の概要 村議会・委員会 村の取り組み・財政 情報公開・制度 広報・広聴 職員採用・人事 施設情報 くらし 健
19	南大東村	学校・教育	https://www.vill.minamidaito.okinawa.jp/life/1/3/17/index-2.html	学校・教育 - 南大東村ホームページ ページの先頭です。 メニューを飛ばして本文へ 防災・災害 避難所一覧 防災マップ --> Language English 中文（簡体） 한글 中文（繁体） 閲覧補助機能 背景色変更 黒 青 標準 文字サイズ 標準 拡大 × --> マイページ くらし 健康・福祉 しごと 観光 村政情報 手続き申請ナビ 戸籍・住民票・パスポート 税金 子育て・教育・スポーツ 住まい 地域活動・相談 ごみ・環境・動物 死亡・相続 年金・保険 健康・医療 高齢者・介護 福祉・支援 産業振興・支援 入札・契約情報 事業ごみ・産業廃棄物 雇用・労働 島の魅力 南大東を楽しむ 観光施設紹介 村の概要 村議会・委員会 村の取り組み・財政 情報公開・制度 広報・広聴 職員採用・人事 施設情報 くらし 健
19	南大東村	学習支援センターに通わせたい	https://www.vill.minamidaito.okinawa.jp/site/navi/list20-148.html	学習支援センターに通わせたい - 手続き申請ナビ - 南大東村ホームページ ページの先頭です。 メニューを飛ばして本文へ 防災・災害 避難所一覧 防災マップ --> Language English 中文（簡体） 한글 中文（繁体） 閲覧補助機能 背景色変更 黒 青 標準 文字サイズ 標準 拡大 × --> マイページ くらし 健康・福祉 しごと 観光 村政情報 手続き申請ナビ 戸籍・住民票・パスポート 税金 子育て・教育・スポーツ 住まい 地域活動・相談 ごみ・環境・動物 死亡・相続 年金・保険 健康・医療 高齢者・介護 福祉・支援 産業振興・支援 入札・契約情報 事業ごみ・産業廃棄物 雇用・労働 島の魅力 南大東を楽しむ 観光施設紹介 村の概要 村議会・委員会 村の取り組み・財政 情報公開・制度 広報・広聴
19	南大東村	冠婚葬祭	https://www.vill.minamidaito.okinawa.jp/site/navi/list24.html	冠婚葬祭 - 手続き申請ナビ - 南大東村ホームページ ページの先頭です。 メニューを飛ばして本文へ 防災・災害 避難所一覧 防災マップ --> Language English 中文（簡体） 한글 中文（繁体） 閲覧補助機能 背景色変更 黒 青 標準 文字サイズ 標準 拡大 × --> マイページ くらし 健康・福祉 しごと 観光 村政情報 手続き申請ナビ 戸籍・住民票・パスポート 税金 子育て・教育・スポーツ 住まい 地域活動・相談 ごみ・環境・動物 死亡・相続 年金・保険 健康・医療 高齢者・介護 福祉・支援 産業振興・支援 入札・契約情報 事業ごみ・産業廃棄物 雇用・労働 島の魅力 南大東を楽しむ 観光施設紹介 村の概要 村議会・委員会 村の取り組み・財政 情報公開・制度 広報・広聴 職員採用・人事 施
19	南大東村	企業向け	https://www.vill.minamidaito.okinawa.jp/site/navi/list48.html	企業向け - 手続き申請ナビ - 南大東村ホームページ ページの先頭です。 メニューを飛ばして本文へ 防災・災害 避難所一覧 防災マップ --> Language English 中文（簡体） 한글 中文（繁体） 閲覧補助機能 背景色変更 黒 青 標準 文字サイズ 標準 拡大 × --> マイページ くらし 健康・福祉 しごと 観光 村政情報 手続き申請ナビ 戸籍・住民票・パスポート 税金 子育て・教育・スポーツ 住まい 地域活動・相談 ごみ・環境・動物 死亡・相続 年金・保険 健康・医療 高齢者・介護 福祉・支援 産業振興・支援 入札・契約情報 事業ごみ・産業廃棄物 雇用・労働 島の魅力 南大東を楽しむ 観光施設紹介 村の概要 村議会・委員会 村の取り組み・財政 情報公開・制度 広報・広聴 職員採用・人事 施
19	南大東村	寄附したい	https://www.vill.minamidaito.okinawa.jp/site/navi/list48-187.html	寄附したい - 手続き申請ナビ - 南大東村ホームページ ページの先頭です。 メニューを飛ばして本文へ 防災・災害 避難所一覧 防災マップ --> Language English 中文（簡体） 한글 中文（繁体） 閲覧補助機能 背景色変更 黒 青 標準 文字サイズ 標準 拡大 × --> マイページ くらし 健康・福祉 しごと 観光 村政情報 手続き申請ナビ 戸籍・住民票・パスポート 税金 子育て・教育・スポーツ 住まい 地域活動・相談 ごみ・環境・動物 死亡・相続 年金・保険 健康・医療 高齢者・介護 福祉・支援 産業振興・支援 入札・契約情報 事業ごみ・産業廃棄物 雇用・労働 島の魅力 南大東を楽しむ 観光施設紹介 村の概要 村議会・委員会 村の取り組み・財政 情報公開・制度 広報・広聴 職員採用・人事
19	南大東村	寄附したい	https://www.vill.minamidaito.okinawa.jp/site/navi/list37-155.html	寄附したい - 手続き申請ナビ - 南大東村ホームページ ページの先頭です。 メニューを飛ばして本文へ 防災・災害 避難所一覧 防災マップ --> Language English 中文（簡体） 한글 中文（繁体） 閲覧補助機能 背景色変更 黒 青 標準 文字サイズ 標準 拡大 × --> マイページ くらし 健康・福祉 しごと 観光 村政情報 手続き申請ナビ 戸籍・住民票・パスポート 税金 子育て・教育・スポーツ 住まい 地域活動・相談 ごみ・環境・動物 死亡・相続 年金・保険 健康・医療 高齢者・介護 福祉・支援 産業振興・支援 入札・契約情報 事業ごみ・産業廃棄物 雇用・労働 島の魅力 南大東を楽しむ 観光施設紹介 村の概要 村議会・委員会 村の取り組み・財政 情報公開・制度 広報・広聴 職員採用・人事
19	南大東村	教育	https://www.vill.minamidaito.okinawa.jp/site/navi/list20.html	教育 - 手続き申請ナビ - 南大東村ホームページ ページの先頭です。 メニューを飛ばして本文へ 防災・災害 避難所一覧 防災マップ --> Language English 中文（簡体） 한글 中文（繁体） 閲覧補助機能 背景色変更 黒 青 標準 文字サイズ 標準 拡大 × --> マイページ くらし 健康・福祉 しごと 観光 村政情報 手続き申請ナビ 戸籍・住民票・パスポート 税金 子育て・教育・スポーツ 住まい 地域活動・相談 ごみ・環境・動物 死亡・相続 年金・保険 健康・医療 高齢者・介護 福祉・支援 産業振興・支援 入札・契約情報 事業ごみ・産業廃棄物 雇用・労働 島の魅力 南大東を楽しむ 観光施設紹介 村の概要 村議会・委員会 村の取り組み・財政 情報公開・制度 広報・広聴 職員採用・人事 施設情
19	南大東村	経営に支障を生じる出来事があった	https://www.vill.minamidaito.okinawa.jp/site/navi/list22-125.html	経営に支障を生じる出来事があった - 手続き申請ナビ - 南大東村ホームページ ページの先頭です。 メニューを飛ばして本文へ 防災・災害 避難所一覧 防災マップ --> Language English 中文（簡体） 한글 中文（繁体） 閲覧補助機能 背景色変更 黒 青 標準 文字サイズ 標準 拡大 × --> マイページ くらし 健康・福祉 しごと 観光 村政情報 手続き申請ナビ 戸籍・住民票・パスポート 税金 子育て・教育・スポーツ 住まい 地域活動・相談 ごみ・環境・動物 死亡・相続 年金・保険 健康・医療 高齢者・介護 福祉・支援 産業振興・支援 入札・契約情報 事業ごみ・産業廃棄物 雇用・労働 島の魅力 南大東を楽しむ 観光施設紹介 村の概要 村議会・委員会 村の取り組み・財政 情報公開・制度 広報・
19	南大東村	結婚する	https://www.vill.minamidaito.okinawa.jp/site/navi/list24-78.html	結婚する - 手続き申請ナビ - 南大東村ホームページ ページの先頭です。 メニューを飛ばして本文へ 防災・災害 避難所一覧 防災マップ --> Language English 中文（簡体） 한글 中文（繁体） 閲覧補助機能 背景色変更 黒 青 標準 文字サイズ 標準 拡大 × --> マイページ くらし 健康・福祉 しごと 観光 村政情報 手続き申請ナビ 戸籍・住民票・パスポート 税金 子育て・教育・スポーツ 住まい 地域活動・相談 ごみ・環境・動物 死亡・相続 年金・保険 健康・医療 高齢者・介護 福祉・支援 産業振興・支援 入札・契約情報 事業ごみ・産業廃棄物 雇用・労働 島の魅力 南大東を楽しむ 観光施設紹介 村の概要 村議会・委員会 村の取り組み・財政 情報公開・制度 広報・広聴 職員採用・人事 施
19	南大東村	健康	https://www.vill.minamidaito.okinawa.jp/site/hoken-c/list31.html	健康 - 保健センター - 南大東村ホームページ ページの先頭です。 メニューを飛ばして本文へ 防災・災害 避難所一覧 防災マップ --> Language English 中文（簡体） 한글 中文（繁体） 閲覧補助機能 背景色変更 黒 青 標準 文字サイズ 標準 拡大 × --> マイページ くらし 健康・福祉 しごと 観光 村政情報 手続き申請ナビ 戸籍・住民票・パスポート 税金 子育て・教育・スポーツ 住まい 地域活動・相談 ごみ・環境・動物 死亡・相続 年金・保険 健康・医療 高齢者・介護 福祉・支援 産業振興・支援 入札・契約情報 事業ごみ・産業廃棄物 雇用・労働 島の魅力 南大東を楽しむ 観光施設紹介 村の概要 村議会・委員会 村の取り組み・財政 情報公開・制度 広報・広聴 職員採用・人事 施設情報
19	南大東村	健康・福祉	https://www.vill.minamidaito.okinawa.jp/site/navi/list35.html	健康・福祉 - 手続き申請ナビ - 南大東村ホームページ ページの先頭です。 メニューを飛ばして本文へ 防災・災害 避難所一覧 防災マップ --> Language English 中文（簡体） 한글 中文（繁体） 閲覧補助機能 背景色変更 黒 青 標準 文字サイズ 標準 拡大 × --> マイページ くらし 健康・福祉 しごと 観光 村政情報 手続き申請ナビ 戸籍・住民票・パスポート 税金 子育て・教育・スポーツ 住まい 地域活動・相談 ごみ・環境・動物 死亡・相続 年金・保険 健康・医療 高齢者・介護 福祉・支援 産業振興・支援 入札・契約情報 事業ごみ・産業廃棄物 雇用・労働 島の魅力 南大東を楽しむ 観光施設紹介 村の概要 村議会・委員会 村の取り組み・財政 情報公開・制度 広報・広聴 職員採用・人事
19	南大東村	健康づくり	https://www.vill.minamidaito.okinawa.jp/site/hoken-c/list31-97.html	健康づくり - 保健センター - 南大東村ホームページ ページの先頭です。 メニューを飛ばして本文へ 防災・災害 避難所一覧 防災マップ --> Language English 中文（簡体） 한글 中文（繁体） 閲覧補助機能 背景色変更 黒 青 標準 文字サイズ 標準 拡大 × --> マイページ くらし 健康・福祉 しごと 観光 村政情報 手続き申請ナビ 戸籍・住民票・パスポート 税金 子育て・教育・スポーツ 住まい 地域活動・相談 ごみ・環境・動物 死亡・相続 年金・保険 健康・医療 高齢者・介護 福祉・支援 産業振興・支援 入札・契約情報 事業ごみ・産業廃棄物 雇用・労働 島の魅力 南大東を楽しむ 観光施設紹介 村の概要 村議会・委員会 村の取り組み・財政 情報公開・制度 広報・広聴 職員採用・人事 施
19	南大東村	健康づくり・健康相談	https://www.vill.minamidaito.okinawa.jp/life/2/9/47/	健康づくり・健康相談 - 南大東村ホームページ ページの先頭です。 メニューを飛ばして本文へ 防災・災害 避難所一覧 防災マップ --> Language English 中文（簡体） 한글 中文（繁体） 閲覧補助機能 背景色変更 黒 青 標準 文字サイズ 標準 拡大 × --> マイページ くらし 健康・福祉 しごと 観光 村政情報 手続き申請ナビ 戸籍・住民票・パスポート 税金 子育て・教育・スポーツ 住まい 地域活動・相談 ごみ・環境・動物 死亡・相続 年金・保険 健康・医療 高齢者・介護 福祉・支援 産業振興・支援 入札・契約情報 事業ごみ・産業廃棄物 雇用・労働 島の魅力 南大東を楽しむ 観光施設紹介 村の概要 村議会・委員会 村の取り組み・財政 情報公開・制度 広報・広聴 職員採用・人事 施設情報
19	南大東村	健康づくり・健康相談	https://www.vill.minamidaito.okinawa.jp/life/2/9/47/index.html	健康づくり・健康相談 - 南大東村ホームページ ページの先頭です。 メニューを飛ばして本文へ 防災・災害 避難所一覧 防災マップ --> Language English 中文（簡体） 한글 中文（繁体） 閲覧補助機能 背景色変更 黒 青 標準 文字サイズ 標準 拡大 × --> マイページ くらし 健康・福祉 しごと 観光 村政情報 手続き申請ナビ 戸籍・住民票・パスポート 税金 子育て・教育・スポーツ 住まい 地域活動・相談 ごみ・環境・動物 死亡・相続 年金・保険 健康・医療 高齢者・介護 福祉・支援 産業振興・支援 入札・契約情報 事業ごみ・産業廃棄物 雇用・労働 島の魅力 南大東を楽しむ 観光施設紹介 村の概要 村議会・委員会 村の取り組み・財政 情報公開・制度 広報・広聴 職員採用・人事 施設情報
19	南大東村	健康づくり・健康相談	https://www.vill.minamidaito.okinawa.jp/life/2/9/47/index-2.html	健康づくり・健康相談 - 南大東村ホームページ ページの先頭です。 メニューを飛ばして本文へ 防災・災害 避難所一覧 防災マップ --> Language English 中文（簡体） 한글 中文（繁体） 閲覧補助機能 背景色変更 黒 青 標準 文字サイズ 標準 拡大 × --> マイページ くらし 健康・福祉 しごと 観光 村政情報 手続き申請ナビ 戸籍・住民票・パスポート 税金 子育て・教育・スポーツ 住まい 地域活動・相談 ごみ・環境・動物 死亡・相続 年金・保険 健康・医療 高齢者・介護 福祉・支援 産業振興・支援 入札・契約情報 事業ごみ・産業廃棄物 雇用・労働 島の魅力 南大東を楽しむ 観光施設紹介 村の概要 村議会・委員会 村の取り組み・財政 情報公開・制度 広報・広聴 職員採用・人事 施設情報
19	南大東村	健診・検診	https://www.vill.minamidaito.okinawa.jp/site/hoken-c/list31-98.html	健診・検診 - 保健センター - 南大東村ホームページ ページの先頭です。 メニューを飛ばして本文へ 防災・災害 避難所一覧 防災マップ --> Language English 中文（簡体） 한글 中文（繁体） 閲覧補助機能 背景色変更 黒 青 標準 文字サイズ 標準 拡大 × --> マイページ くらし 健康・福祉 しごと 観光 村政情報 手続き申請ナビ 戸籍・住民票・パスポート 税金 子育て・教育・スポーツ 住まい 地域活動・相談 ごみ・環境・動物 死亡・相続 年金・保険 健康・医療 高齢者・介護 福祉・支援 産業振興・支援 入札・契約情報 事業ごみ・産業廃棄物 雇用・労働 島の魅力 南大東を楽しむ 観光施設紹介 村の概要 村議会・委員会 村の取り組み・財政 情報公開・制度 広報・広聴 職員採用・人事 施
19	南大東村	犬・猫の登録をしたい	https://www.vill.minamidaito.okinawa.jp/site/navi/list21-118.html	犬・猫の登録をしたい - 手続き申請ナビ - 南大東村ホームページ ページの先頭です。 メニューを飛ばして本文へ 防災・災害 避難所一覧 防災マップ --> Language English 中文（簡体） 한글 中文（繁体） 閲覧補助機能 背景色変更 黒 青 標準 文字サイズ 標準 拡大 × --> マイページ くらし 健康・福祉 しごと 観光 村政情報 手続き申請ナビ 戸籍・住民票・パスポート 税金 子育て・教育・スポーツ 住まい 地域活動・相談 ごみ・環境・動物 死亡・相続 年金・保険 健康・医療 高齢者・介護 福祉・支援 産業振興・支援 入札・契約情報 事業ごみ・産業廃棄物 雇用・労働 島の魅力 南大東を楽しむ 観光施設紹介 村の概要 村議会・委員会 村の取り組み・財政 情報公開・制度 広報・広聴 職員採
19	南大東村	国民年金の手続きがしたい	https://www.vill.minamidaito.okinawa.jp/site/navi/list21-121.html	国民年金の手続きがしたい - 手続き申請ナビ - 南大東村ホームページ ページの先頭です。 メニューを飛ばして本文へ 防災・災害 避難所一覧 防災マップ --> Language English 中文（簡体） 한글 中文（繁体） 閲覧補助機能 背景色変更 黒 青 標準 文字サイズ 標準 拡大 × --> マイページ くらし 健康・福祉 しごと 観光 村政情報 手続き申請ナビ 戸籍・住民票・パスポート 税金 子育て・教育・スポーツ 住まい 地域活動・相談 ごみ・環境・動物 死亡・相続 年金・保険 健康・医療 高齢者・介護 福祉・支援 産業振興・支援 入札・契約情報 事業ごみ・産業廃棄物 雇用・労働 島の魅力 南大東を楽しむ 観光施設紹介 村の概要 村議会・委員会 村の取り組み・財政 情報公開・制度 広報・広聴 職
19	南大東村	国民年金の手続きがしたい	https://www.vill.minamidaito.okinawa.jp/site/navi/list22-82.html	国民年金の手続きがしたい - 手続き申請ナビ - 南大東村ホームページ ページの先頭です。 メニューを飛ばして本文へ 防災・災害 避難所一覧 防災マップ --> Language English 中文（簡体） 한글 中文（繁体） 閲覧補助機能 背景色変更 黒 青 標準 文字サイズ 標準 拡大 × --> マイページ くらし 健康・福祉 しごと 観光 村政情報 手続き申請ナビ 戸籍・住民票・パスポート 税金 子育て・教育・スポーツ 住まい 地域活動・相談 ごみ・環境・動物 死亡・相続 年金・保険 健康・医療 高齢者・介護 福祉・支援 産業振興・支援 入札・契約情報 事業ごみ・産業廃棄物 雇用・労働 島の魅力 南大東を楽しむ 観光施設紹介 村の概要 村議会・委員会 村の取り組み・財政 情報公開・制度 広報・広聴 職
19	南大東村	施設を使用したい	https://www.vill.minamidaito.okinawa.jp/site/navi/list37-185.html	施設を使用したい - 手続き申請ナビ - 南大東村ホームページ ページの先頭です。 メニューを飛ばして本文へ 防災・災害 避難所一覧 防災マップ --> Language English 中文（簡体） 한글 中文（繁体） 閲覧補助機能 背景色変更 黒 青 標準 文字サイズ 標準 拡大 × --> マイページ くらし 健康・福祉 しごと 観光 村政情報 手続き申請ナビ 戸籍・住民票・パスポート 税金 子育て・教育・スポーツ 住まい 地域活動・相談 ごみ・環境・動物 死亡・相続 年金・保険 健康・医療 高齢者・介護 福祉・支援 産業振興・支援 入札・契約情報 事業ごみ・産業廃棄物 雇用・労働 島の魅力 南大東を楽しむ 観光施設紹介 村の概要 村議会・委員会 村の取り組み・財政 情報公開・制度 広報・広聴 職員採用・
19	南大東村	施設を使用したい	https://www.vill.minamidaito.okinawa.jp/site/navi/list48-184.html	施設を使用したい - 手続き申請ナビ - 南大東村ホームページ ページの先頭です。 メニューを飛ばして本文へ 防災・災害 避難所一覧 防災マップ --> Language English 中文（簡体） 한글 中文（繁体） 閲覧補助機能 背景色変更 黒 青 標準 文字サイズ 標準 拡大 × --> マイページ くらし 健康・福祉 しごと 観光 村政情報 手続き申請ナビ 戸籍・住民票・パスポート 税金 子育て・教育・スポーツ 住まい 地域活動・相談 ごみ・環境・動物 死亡・相続 年金・保険 健康・医療 高齢者・介護 福祉・支援 産業振興・支援 入札・契約情報 事業ごみ・産業廃棄物 雇用・労働 島の魅力 南大東を楽しむ 観光施設紹介 村の概要 村議会・委員会 村の取り組み・財政 情報公開・制度 広報・広聴 職員採用・
19	南大東村	車を買った・譲り受けた・廃車した	https://www.vill.minamidaito.okinawa.jp/site/navi/list21-150.html	車を買った・譲り受けた・廃車した - 手続き申請ナビ - 南大東村ホームページ ページの先頭です。 メニューを飛ばして本文へ 防災・災害 避難所一覧 防災マップ --> Language English 中文（簡体） 한글 中文（繁体） 閲覧補助機能 背景色変更 黒 青 標準 文字サイズ 標準 拡大 × --> マイページ くらし 健康・福祉 しごと 観光 村政情報 手続き申請ナビ 戸籍・住民票・パスポート 税金 子育て・教育・スポーツ 住まい 地域活動・相談 ごみ・環境・動物 死亡・相続 年金・保険 健康・医療 高齢者・介護 福祉・支援 産業振興・支援 入札・契約情報 事業ごみ・産業廃棄物 雇用・労働 島の魅力 南大東を楽しむ 観光施設紹介 村の概要 村議会・委員会 村の取り組み・財政 情報公開・制度 広報・
19	南大東村	手続き申請ナビ	https://www.vill.minamidaito.okinawa.jp/site/navi/index-2.html	手続き申請ナビ - 南大東村ホームページ ページの先頭です。 メニューを飛ばして本文へ 防災・災害 避難所一覧 防災マップ --> Language English 中文（簡体） 한글 中文（繁体） 閲覧補助機能 背景色変更 黒 青 標準 文字サイズ 標準 拡大 × --> マイページ くらし 健康・福祉 しごと 観光 村政情報 手続き申請ナビ 戸籍・住民票・パスポート 税金 子育て・教育・スポーツ 住まい 地域活動・相談 ごみ・環境・動物 死亡・相続 年金・保険 健康・医療 高齢者・介護 福祉・支援 産業振興・支援 入札・契約情報 事業ごみ・産業廃棄物 雇用・労働 島の魅力 南大東を楽しむ 観光施設紹介 村の概要 村議会・委員会 村の取り組み・財政 情報公開・制度 広報・広聴 職員採用・人事 施設情報 くらし
19	南大東村	手続き申請ナビ	https://www.vill.minamidaito.okinawa.jp/site/navi/index.html	手続き申請ナビ - 南大東村ホームページ ページの先頭です。 メニューを飛ばして本文へ 防災・災害 避難所一覧 防災マップ --> Language English 中文（簡体） 한글 中文（繁体） 閲覧補助機能 背景色変更 黒 青 標準 文字サイズ 標準 拡大 × --> マイページ くらし 健康・福祉 しごと 観光 村政情報 手続き申請ナビ 戸籍・住民票・パスポート 税金 子育て・教育・スポーツ 住まい 地域活動・相談 ごみ・環境・動物 死亡・相続 年金・保険 健康・医療 高齢者・介護 福祉・支援 産業振興・支援 入札・契約情報 事業ごみ・産業廃棄物 雇用・労働 島の魅力 南大東を楽しむ 観光施設紹介 村の概要 村議会・委員会 村の取り組み・財政 情報公開・制度 広報・広聴 職員採用・人事 施設情報 くらし
19	南大東村	就職・退職	https://www.vill.minamidaito.okinawa.jp/site/navi/list22.html	就職・退職 - 手続き申請ナビ - 南大東村ホームページ ページの先頭です。 メニューを飛ばして本文へ 防災・災害 避難所一覧 防災マップ --> Language English 中文（簡体） 한글 中文（繁体） 閲覧補助機能 背景色変更 黒 青 標準 文字サイズ 標準 拡大 × --> マイページ くらし 健康・福祉 しごと 観光 村政情報 手続き申請ナビ 戸籍・住民票・パスポート 税金 子育て・教育・スポーツ 住まい 地域活動・相談 ごみ・環境・動物 死亡・相続 年金・保険 健康・医療 高齢者・介護 福祉・支援 産業振興・支援 入札・契約情報 事業ごみ・産業廃棄物 雇用・労働 島の魅力 南大東を楽しむ 観光施設紹介 村の概要 村議会・委員会 村の取り組み・財政 情報公開・制度 広報・広聴 職員採用・人事
19	南大東村	就職したい	https://www.vill.minamidaito.okinawa.jp/site/navi/list22-83.html	就職したい - 手続き申請ナビ - 南大東村ホームページ ページの先頭です。 メニューを飛ばして本文へ 防災・災害 避難所一覧 防災マップ --> Language English 中文（簡体） 한글 中文（繁体） 閲覧補助機能 背景色変更 黒 青 標準 文字サイズ 標準 拡大 × --> マイページ くらし 健康・福祉 しごと 観光 村政情報 手続き申請ナビ 戸籍・住民票・パスポート 税金 子育て・教育・スポーツ 住まい 地域活動・相談 ごみ・環境・動物 死亡・相続 年金・保険 健康・医療 高齢者・介護 福祉・支援 産業振興・支援 入札・契約情報 事業ごみ・産業廃棄物 雇用・労働 島の魅力 南大東を楽しむ 観光施設紹介 村の概要 村議会・委員会 村の取り組み・財政 情報公開・制度 広報・広聴 職員採用・人事
19	南大東村	従業員の人数が変動した（特別徴収）	https://www.vill.minamidaito.okinawa.jp/site/navi/list48-188.html	従業員の人数が変動した（特別徴収） - 手続き申請ナビ - 南大東村ホームページ ページの先頭です。 メニューを飛ばして本文へ 防災・災害 避難所一覧 防災マップ --> Language English 中文（簡体） 한글 中文（繁体） 閲覧補助機能 背景色変更 黒 青 標準 文字サイズ 標準 拡大 × --> マイページ くらし 健康・福祉 しごと 観光 村政情報 手続き申請ナビ 戸籍・住民票・パスポート 税金 子育て・教育・スポーツ 住まい 地域活動・相談 ごみ・環境・動物 死亡・相続 年金・保険 健康・医療 高齢者・介護 福祉・支援 産業振興・支援 入札・契約情報 事業ごみ・産業廃棄物 雇用・労働 島の魅力 南大東を楽しむ 観光施設紹介 村の概要 村議会・委員会 村の取り組み・財政 情報公開・制度 広報
19	南大東村	小中学校へ入学する	https://www.vill.minamidaito.okinawa.jp/site/navi/list20-146.html	小中学校へ入学する - 手続き申請ナビ - 南大東村ホームページ ページの先頭です。 メニューを飛ばして本文へ 防災・災害 避難所一覧 防災マップ --> Language English 中文（簡体） 한글 中文（繁体） 閲覧補助機能 背景色変更 黒 青 標準 文字サイズ 標準 拡大 × --> マイページ くらし 健康・福祉 しごと 観光 村政情報 手続き申請ナビ 戸籍・住民票・パスポート 税金 子育て・教育・スポーツ 住まい 地域活動・相談 ごみ・環境・動物 死亡・相続 年金・保険 健康・医療 高齢者・介護 福祉・支援 産業振興・支援 入札・契約情報 事業ごみ・産業廃棄物 雇用・労働 島の魅力 南大東を楽しむ 観光施設紹介 村の概要 村議会・委員会 村の取り組み・財政 情報公開・制度 広報・広聴 職員採用
19	南大東村	証明書類を発行してほしい	https://www.vill.minamidaito.okinawa.jp/site/navi/list48-186.html	証明書類を発行してほしい - 手続き申請ナビ - 南大東村ホームページ ページの先頭です。 メニューを飛ばして本文へ 防災・災害 避難所一覧 防災マップ --> Language English 中文（簡体） 한글 中文（繁体） 閲覧補助機能 背景色変更 黒 青 標準 文字サイズ 標準 拡大 × --> マイページ くらし 健康・福祉 しごと 観光 村政情報 手続き申請ナビ 戸籍・住民票・パスポート 税金 子育て・教育・スポーツ 住まい 地域活動・相談 ごみ・環境・動物 死亡・相続 年金・保険 健康・医療 高齢者・介護 福祉・支援 産業振興・支援 入札・契約情報 事業ごみ・産業廃棄物 雇用・労働 島の魅力 南大東を楽しむ 観光施設紹介 村の概要 村議会・委員会 村の取り組み・財政 情報公開・制度 広報・広聴 職
19	南大東村	証明書類を発行してほしい	https://www.vill.minamidaito.okinawa.jp/site/navi/list37-157.html	証明書類を発行してほしい - 手続き申請ナビ - 南大東村ホームページ ページの先頭です。 メニューを飛ばして本文へ 防災・災害 避難所一覧 防災マップ --> Language English 中文（簡体） 한글 中文（繁体） 閲覧補助機能 背景色変更 黒 青 標準 文字サイズ 標準 拡大 × --> マイページ くらし 健康・福祉 しごと 観光 村政情報 手続き申請ナビ 戸籍・住民票・パスポート 税金 子育て・教育・スポーツ 住まい 地域活動・相談 ごみ・環境・動物 死亡・相続 年金・保険 健康・医療 高齢者・介護 福祉・支援 産業振興・支援 入札・契約情報 事業ごみ・産業廃棄物 雇用・労働 島の魅力 南大東を楽しむ 観光施設紹介 村の概要 村議会・委員会 村の取り組み・財政 情報公開・制度 広報・広聴 職
19	南大東村	情報(保有個人情報)開示請求をしたい	https://www.vill.minamidaito.okinawa.jp/site/navi/list37-117.html	情報(保有個人情報)開示請求をしたい - 手続き申請ナビ - 南大東村ホームページ ページの先頭です。 メニューを飛ばして本文へ 防災・災害 避難所一覧 防災マップ --> Language English 中文（簡体） 한글 中文（繁体） 閲覧補助機能 背景色変更 黒 青 標準 文字サイズ 標準 拡大 × --> マイページ くらし 健康・福祉 しごと 観光 村政情報 手続き申請ナビ 戸籍・住民票・パスポート 税金 子育て・教育・スポーツ 住まい 地域活動・相談 ごみ・環境・動物 死亡・相続 年金・保険 健康・医療 高齢者・介護 福祉・支援 産業振興・支援 入札・契約情報 事業ごみ・産業廃棄物 雇用・労働 島の魅力 南大東を楽しむ 観光施設紹介 村の概要 村議会・委員会 村の取り組み・財政 情報公開・制度 広
19	南大東村	水道の使用を開始・中止したい	https://www.vill.minamidaito.okinawa.jp/site/navi/list21-81.html	水道の使用を開始・中止したい - 手続き申請ナビ - 南大東村ホームページ ページの先頭です。 メニューを飛ばして本文へ 防災・災害 避難所一覧 防災マップ --> Language English 中文（簡体） 한글 中文（繁体） 閲覧補助機能 背景色変更 黒 青 標準 文字サイズ 標準 拡大 × --> マイページ くらし 健康・福祉 しごと 観光 村政情報 手続き申請ナビ 戸籍・住民票・パスポート 税金 子育て・教育・スポーツ 住まい 地域活動・相談 ごみ・環境・動物 死亡・相続 年金・保険 健康・医療 高齢者・介護 福祉・支援 産業振興・支援 入札・契約情報 事業ごみ・産業廃棄物 雇用・労働 島の魅力 南大東を楽しむ 観光施設紹介 村の概要 村議会・委員会 村の取り組み・財政 情報公開・制度 広報・広聴
19	南大東村	葬儀をする	https://www.vill.minamidaito.okinawa.jp/site/navi/list24-86.html	葬儀をする - 手続き申請ナビ - 南大東村ホームページ ページの先頭です。 メニューを飛ばして本文へ 防災・災害 避難所一覧 防災マップ --> Language English 中文（簡体） 한글 中文（繁体） 閲覧補助機能 背景色変更 黒 青 標準 文字サイズ 標準 拡大 × --> マイページ くらし 健康・福祉 しごと 観光 村政情報 手続き申請ナビ 戸籍・住民票・パスポート 税金 子育て・教育・スポーツ 住まい 地域活動・相談 ごみ・環境・動物 死亡・相続 年金・保険 健康・医療 高齢者・介護 福祉・支援 産業振興・支援 入札・契約情報 事業ごみ・産業廃棄物 雇用・労働 島の魅力 南大東を楽しむ 観光施設紹介 村の概要 村議会・委員会 村の取り組み・財政 情報公開・制度 広報・広聴 職員採用・人事
19	南大東村	村の施設を利用したい	https://www.vill.minamidaito.okinawa.jp/site/navi/list20-149.html	村の施設を利用したい - 手続き申請ナビ - 南大東村ホームページ ページの先頭です。 メニューを飛ばして本文へ 防災・災害 避難所一覧 防災マップ --> Language English 中文（簡体） 한글 中文（繁体） 閲覧補助機能 背景色変更 黒 青 標準 文字サイズ 標準 拡大 × --> マイページ くらし 健康・福祉 しごと 観光 村政情報 手続き申請ナビ 戸籍・住民票・パスポート 税金 子育て・教育・スポーツ 住まい 地域活動・相談 ごみ・環境・動物 死亡・相続 年金・保険 健康・医療 高齢者・介護 福祉・支援 産業振興・支援 入札・契約情報 事業ごみ・産業廃棄物 雇用・労働 島の魅力 南大東を楽しむ 観光施設紹介 村の概要 村議会・委員会 村の取り組み・財政 情報公開・制度 広報・広聴 職員採
19	南大東村	村営住宅に入居したい	https://www.vill.minamidaito.okinawa.jp/site/navi/list21-140.html	村営住宅に入居したい - 手続き申請ナビ - 南大東村ホームページ ページの先頭です。 メニューを飛ばして本文へ 防災・災害 避難所一覧 防災マップ --> Language English 中文（簡体） 한글 中文（繁体） 閲覧補助機能 背景色変更 黒 青 標準 文字サイズ 標準 拡大 × --> マイページ くらし 健康・福祉 しごと 観光 村政情報 手続き申請ナビ 戸籍・住民票・パスポート 税金 子育て・教育・スポーツ 住まい 地域活動・相談 ごみ・環境・動物 死亡・相続 年金・保険 健康・医療 高齢者・介護 福祉・支援 産業振興・支援 入札・契約情報 事業ごみ・産業廃棄物 雇用・労働 島の魅力 南大東を楽しむ 観光施設紹介 村の概要 村議会・委員会 村の取り組み・財政 情報公開・制度 広報・広聴 職員採
19	南大東村	村営墓地を利用したい	https://www.vill.minamidaito.okinawa.jp/site/navi/list24-87.html	村営墓地を利用したい - 手続き申請ナビ - 南大東村ホームページ ページの先頭です。 メニューを飛ばして本文へ 防災・災害 避難所一覧 防災マップ --> Language English 中文（簡体） 한글 中文（繁体） 閲覧補助機能 背景色変更 黒 青 標準 文字サイズ 標準 拡大 × --> マイページ くらし 健康・福祉 しごと 観光 村政情報 手続き申請ナビ 戸籍・住民票・パスポート 税金 子育て・教育・スポーツ 住まい 地域活動・相談 ごみ・環境・動物 死亡・相続 年金・保険 健康・医療 高齢者・介護 福祉・支援 産業振興・支援 入札・契約情報 事業ごみ・産業廃棄物 雇用・労働 島の魅力 南大東を楽しむ 観光施設紹介 村の概要 村議会・委員会 村の取り組み・財政 情報公開・制度 広報・広聴 職員採
19	南大東村	中小企業者である	https://www.vill.minamidaito.okinawa.jp/site/navi/list22-126.html	中小企業者である - 手続き申請ナビ - 南大東村ホームページ ページの先頭です。 メニューを飛ばして本文へ 防災・災害 避難所一覧 防災マップ --> Language English 中文（簡体） 한글 中文（繁体） 閲覧補助機能 背景色変更 黒 青 標準 文字サイズ 標準 拡大 × --> マイページ くらし 健康・福祉 しごと 観光 村政情報 手続き申請ナビ 戸籍・住民票・パスポート 税金 子育て・教育・スポーツ 住まい 地域活動・相談 ごみ・環境・動物 死亡・相続 年金・保険 健康・医療 高齢者・介護 福祉・支援 産業振興・支援 入札・契約情報 事業ごみ・産業廃棄物 雇用・労働 島の魅力 南大東を楽しむ 観光施設紹介 村の概要 村議会・委員会 村の取り組み・財政 情報公開・制度 広報・広聴 職員採用・
19	南大東村	定期的あるいは暮らしの中で	https://www.vill.minamidaito.okinawa.jp/site/navi/list37.html	定期的あるいは暮らしの中で - 手続き申請ナビ - 南大東村ホームページ ページの先頭です。 メニューを飛ばして本文へ 防災・災害 避難所一覧 防災マップ --> Language English 中文（簡体） 한글 中文（繁体） 閲覧補助機能 背景色変更 黒 青 標準 文字サイズ 標準 拡大 × --> マイページ くらし 健康・福祉 しごと 観光 村政情報 手続き申請ナビ 戸籍・住民票・パスポート 税金 子育て・教育・スポーツ 住まい 地域活動・相談 ごみ・環境・動物 死亡・相続 年金・保険 健康・医療 高齢者・介護 福祉・支援 産業振興・支援 入札・契約情報 事業ごみ・産業廃棄物 雇用・労働 島の魅力 南大東を楽しむ 観光施設紹介 村の概要 村議会・委員会 村の取り組み・財政 情報公開・制度 広報・広聴
19	南大東村	定期予防接種年間スケジュール	https://www.vill.minamidaito.okinawa.jp/site/hoken-c/1145.html	定期予防接種年間スケジュール - 保健センター - 南大東村ホームページ（福祉民生課） ページの先頭です。 メニューを飛ばして本文へ 防災・災害 避難所一覧 防災マップ --> Language English 中文（簡体） 한글 中文（繁体） 閲覧補助機能 背景色変更 黒 青 標準 文字サイズ 標準 拡大 × --> マイページ くらし 健康・福祉 しごと 観光 村政情報 手続き申請ナビ 戸籍・住民票・パスポート 税金 子育て・教育・スポーツ 住まい 地域活動・相談 ごみ・環境・動物 死亡・相続 年金・保険 健康・医療 高齢者・介護 福祉・支援 産業振興・支援 入札・契約情報 事業ごみ・産業廃棄物 雇用・労働 島の魅力 南大東を楽しむ 観光施設紹介 村の概要 村議会・委員会 村の取り組み・財政 情報公開・制度
19	南大東村	日常生活に関する相談をしたい	https://www.vill.minamidaito.okinawa.jp/site/navi/list23-85.html	日常生活に関する相談をしたい - 手続き申請ナビ - 南大東村ホームページ ページの先頭です。 メニューを飛ばして本文へ 防災・災害 避難所一覧 防災マップ --> Language English 中文（簡体） 한글 中文（繁体） 閲覧補助機能 背景色変更 黒 青 標準 文字サイズ 標準 拡大 × --> マイページ くらし 健康・福祉 しごと 観光 村政情報 手続き申請ナビ 戸籍・住民票・パスポート 税金 子育て・教育・スポーツ 住まい 地域活動・相談 ごみ・環境・動物 死亡・相続 年金・保険 健康・医療 高齢者・介護 福祉・支援 産業振興・支援 入札・契約情報 事業ごみ・産業廃棄物 雇用・労働 島の魅力 南大東を楽しむ 観光施設紹介 村の概要 村議会・委員会 村の取り組み・財政 情報公開・制度 広報・広聴
19	南大東村	妊娠・出産	https://www.vill.minamidaito.okinawa.jp/life/1/3/13/	妊娠・出産 - 南大東村ホームページ ページの先頭です。 メニューを飛ばして本文へ 防災・災害 避難所一覧 防災マップ --> Language English 中文（簡体） 한글 中文（繁体） 閲覧補助機能 背景色変更 黒 青 標準 文字サイズ 標準 拡大 × --> マイページ くらし 健康・福祉 しごと 観光 村政情報 手続き申請ナビ 戸籍・住民票・パスポート 税金 子育て・教育・スポーツ 住まい 地域活動・相談 ごみ・環境・動物 死亡・相続 年金・保険 健康・医療 高齢者・介護 福祉・支援 産業振興・支援 入札・契約情報 事業ごみ・産業廃棄物 雇用・労働 島の魅力 南大東を楽しむ 観光施設紹介 村の概要 村議会・委員会 村の取り組み・財政 情報公開・制度 広報・広聴 職員採用・人事 施設情報 くらし 健
19	南大東村	妊娠・出産	https://www.vill.minamidaito.okinawa.jp/life/1/3/13/index.html	妊娠・出産 - 南大東村ホームページ ページの先頭です。 メニューを飛ばして本文へ 防災・災害 避難所一覧 防災マップ --> Language English 中文（簡体） 한글 中文（繁体） 閲覧補助機能 背景色変更 黒 青 標準 文字サイズ 標準 拡大 × --> マイページ くらし 健康・福祉 しごと 観光 村政情報 手続き申請ナビ 戸籍・住民票・パスポート 税金 子育て・教育・スポーツ 住まい 地域活動・相談 ごみ・環境・動物 死亡・相続 年金・保険 健康・医療 高齢者・介護 福祉・支援 産業振興・支援 入札・契約情報 事業ごみ・産業廃棄物 雇用・労働 島の魅力 南大東を楽しむ 観光施設紹介 村の概要 村議会・委員会 村の取り組み・財政 情報公開・制度 広報・広聴 職員採用・人事 施設情報 くらし 健
19	南大東村	妊娠・出産	https://www.vill.minamidaito.okinawa.jp/life/1/3/13/index-2.html	妊娠・出産 - 南大東村ホームページ ページの先頭です。 メニューを飛ばして本文へ 防災・災害 避難所一覧 防災マップ --> Language English 中文（簡体） 한글 中文（繁体） 閲覧補助機能 背景色変更 黒 青 標準 文字サイズ 標準 拡大 × --> マイページ くらし 健康・福祉 しごと 観光 村政情報 手続き申請ナビ 戸籍・住民票・パスポート 税金 子育て・教育・スポーツ 住まい 地域活動・相談 ごみ・環境・動物 死亡・相続 年金・保険 健康・医療 高齢者・介護 福祉・支援 産業振興・支援 入札・契約情報 事業ごみ・産業廃棄物 雇用・労働 島の魅力 南大東を楽しむ 観光施設紹介 村の概要 村議会・委員会 村の取り組み・財政 情報公開・制度 広報・広聴 職員採用・人事 施設情報 くらし 健
19	南大東村	妊娠・出産	https://www.vill.minamidaito.okinawa.jp/site/navi/list18.html	妊娠・出産 - 手続き申請ナビ - 南大東村ホームページ ページの先頭です。 メニューを飛ばして本文へ 防災・災害 避難所一覧 防災マップ --> Language English 中文（簡体） 한글 中文（繁体） 閲覧補助機能 背景色変更 黒 青 標準 文字サイズ 標準 拡大 × --> マイページ くらし 健康・福祉 しごと 観光 村政情報 手続き申請ナビ 戸籍・住民票・パスポート 税金 子育て・教育・スポーツ 住まい 地域活動・相談 ごみ・環境・動物 死亡・相続 年金・保険 健康・医療 高齢者・介護 福祉・支援 産業振興・支援 入札・契約情報 事業ごみ・産業廃棄物 雇用・労働 島の魅力 南大東を楽しむ 観光施設紹介 村の概要 村議会・委員会 村の取り組み・財政 情報公開・制度 広報・広聴 職員採用・人事
19	南大東村	年金を受け取りたい	https://www.vill.minamidaito.okinawa.jp/site/navi/list23-132.html	年金を受け取りたい - 手続き申請ナビ - 南大東村ホームページ ページの先頭です。 メニューを飛ばして本文へ 防災・災害 避難所一覧 防災マップ --> Language English 中文（簡体） 한글 中文（繁体） 閲覧補助機能 背景色変更 黒 青 標準 文字サイズ 標準 拡大 × --> マイページ くらし 健康・福祉 しごと 観光 村政情報 手続き申請ナビ 戸籍・住民票・パスポート 税金 子育て・教育・スポーツ 住まい 地域活動・相談 ごみ・環境・動物 死亡・相続 年金・保険 健康・医療 高齢者・介護 福祉・支援 産業振興・支援 入札・契約情報 事業ごみ・産業廃棄物 雇用・労働 島の魅力 南大東を楽しむ 観光施設紹介 村の概要 村議会・委員会 村の取り組み・財政 情報公開・制度 広報・広聴 職員採用
19	南大東村	農業経営をしている（始める・やめる）	https://www.vill.minamidaito.okinawa.jp/site/navi/list22-122.html	農業経営をしている（始める・やめる） - 手続き申請ナビ - 南大東村ホームページ ページの先頭です。 メニューを飛ばして本文へ 防災・災害 避難所一覧 防災マップ --> Language English 中文（簡体） 한글 中文（繁体） 閲覧補助機能 背景色変更 黒 青 標準 文字サイズ 標準 拡大 × --> マイページ くらし 健康・福祉 しごと 観光 村政情報 手続き申請ナビ 戸籍・住民票・パスポート 税金 子育て・教育・スポーツ 住まい 地域活動・相談 ごみ・環境・動物 死亡・相続 年金・保険 健康・医療 高齢者・介護 福祉・支援 産業振興・支援 入札・契約情報 事業ごみ・産業廃棄物 雇用・労働 島の魅力 南大東を楽しむ 観光施設紹介 村の概要 村議会・委員会 村の取り組み・財政 情報公開・制度 広
19	南大東村	不妊相談をしたい	https://www.vill.minamidaito.okinawa.jp/site/navi/list18-110.html	不妊相談をしたい - 手続き申請ナビ - 南大東村ホームページ ページの先頭です。 メニューを飛ばして本文へ 防災・災害 避難所一覧 防災マップ --> Language English 中文（簡体） 한글 中文（繁体） 閲覧補助機能 背景色変更 黒 青 標準 文字サイズ 標準 拡大 × --> マイページ くらし 健康・福祉 しごと 観光 村政情報 手続き申請ナビ 戸籍・住民票・パスポート 税金 子育て・教育・スポーツ 住まい 地域活動・相談 ごみ・環境・動物 死亡・相続 年金・保険 健康・医療 高齢者・介護 福祉・支援 産業振興・支援 入札・契約情報 事業ごみ・産業廃棄物 雇用・労働 島の魅力 南大東を楽しむ 観光施設紹介 村の概要 村議会・委員会 村の取り組み・財政 情報公開・制度 広報・広聴 職員採用・
19	南大東村	保育所・幼稚園	https://www.vill.minamidaito.okinawa.jp/life/1/3/16/	保育所・幼稚園 - 南大東村ホームページ ページの先頭です。 メニューを飛ばして本文へ 防災・災害 避難所一覧 防災マップ --> Language English 中文（簡体） 한글 中文（繁体） 閲覧補助機能 背景色変更 黒 青 標準 文字サイズ 標準 拡大 × --> マイページ くらし 健康・福祉 しごと 観光 村政情報 手続き申請ナビ 戸籍・住民票・パスポート 税金 子育て・教育・スポーツ 住まい 地域活動・相談 ごみ・環境・動物 死亡・相続 年金・保険 健康・医療 高齢者・介護 福祉・支援 産業振興・支援 入札・契約情報 事業ごみ・産業廃棄物 雇用・労働 島の魅力 南大東を楽しむ 観光施設紹介 村の概要 村議会・委員会 村の取り組み・財政 情報公開・制度 広報・広聴 職員採用・人事 施設情報 くらし
19	南大東村	保育所・幼稚園	https://www.vill.minamidaito.okinawa.jp/life/1/3/16/index.html	保育所・幼稚園 - 南大東村ホームページ ページの先頭です。 メニューを飛ばして本文へ 防災・災害 避難所一覧 防災マップ --> Language English 中文（簡体） 한글 中文（繁体） 閲覧補助機能 背景色変更 黒 青 標準 文字サイズ 標準 拡大 × --> マイページ くらし 健康・福祉 しごと 観光 村政情報 手続き申請ナビ 戸籍・住民票・パスポート 税金 子育て・教育・スポーツ 住まい 地域活動・相談 ごみ・環境・動物 死亡・相続 年金・保険 健康・医療 高齢者・介護 福祉・支援 産業振興・支援 入札・契約情報 事業ごみ・産業廃棄物 雇用・労働 島の魅力 南大東を楽しむ 観光施設紹介 村の概要 村議会・委員会 村の取り組み・財政 情報公開・制度 広報・広聴 職員採用・人事 施設情報 くらし
19	南大東村	保育所・幼稚園	https://www.vill.minamidaito.okinawa.jp/life/1/3/16/index-2.html	保育所・幼稚園 - 南大東村ホームページ ページの先頭です。 メニューを飛ばして本文へ 防災・災害 避難所一覧 防災マップ --> Language English 中文（簡体） 한글 中文（繁体） 閲覧補助機能 背景色変更 黒 青 標準 文字サイズ 標準 拡大 × --> マイページ くらし 健康・福祉 しごと 観光 村政情報 手続き申請ナビ 戸籍・住民票・パスポート 税金 子育て・教育・スポーツ 住まい 地域活動・相談 ごみ・環境・動物 死亡・相続 年金・保険 健康・医療 高齢者・介護 福祉・支援 産業振興・支援 入札・契約情報 事業ごみ・産業廃棄物 雇用・労働 島の魅力 南大東を楽しむ 観光施設紹介 村の概要 村議会・委員会 村の取り組み・財政 情報公開・制度 広報・広聴 職員採用・人事 施設情報 くらし
19	南大東村	放課後教室（南っ子ドリカムセンター）へ通わせたい	https://www.vill.minamidaito.okinawa.jp/site/navi/list20-147.html	放課後教室（南っ子ドリカムセンター）へ通わせたい - 手続き申請ナビ - 南大東村ホームページ ページの先頭です。 メニューを飛ばして本文へ 防災・災害 避難所一覧 防災マップ --> Language English 中文（簡体） 한글 中文（繁体） 閲覧補助機能 背景色変更 黒 青 標準 文字サイズ 標準 拡大 × --> マイページ くらし 健康・福祉 しごと 観光 村政情報 手続き申請ナビ 戸籍・住民票・パスポート 税金 子育て・教育・スポーツ 住まい 地域活動・相談 ごみ・環境・動物 死亡・相続 年金・保険 健康・医療 高齢者・介護 福祉・支援 産業振興・支援 入札・契約情報 事業ごみ・産業廃棄物 雇用・労働 島の魅力 南大東を楽しむ 観光施設紹介 村の概要 村議会・委員会 村の取り組み・財政 情報公
19	南大東村	幼稚園に入園したい	https://www.vill.minamidaito.okinawa.jp/site/navi/list20-144.html	幼稚園に入園したい - 手続き申請ナビ - 南大東村ホームページ ページの先頭です。 メニューを飛ばして本文へ 防災・災害 避難所一覧 防災マップ --> Language English 中文（簡体） 한글 中文（繁体） 閲覧補助機能 背景色変更 黒 青 標準 文字サイズ 標準 拡大 × --> マイページ くらし 健康・福祉 しごと 観光 村政情報 手続き申請ナビ 戸籍・住民票・パスポート 税金 子育て・教育・スポーツ 住まい 地域活動・相談 ごみ・環境・動物 死亡・相続 年金・保険 健康・医療 高齢者・介護 福祉・支援 産業振興・支援 入札・契約情報 事業ごみ・産業廃棄物 雇用・労働 島の魅力 南大東を楽しむ 観光施設紹介 村の概要 村議会・委員会 村の取り組み・財政 情報公開・制度 広報・広聴 職員採用
19	南大東村	離婚する	https://www.vill.minamidaito.okinawa.jp/site/navi/list24-79.html	離婚する - 手続き申請ナビ - 南大東村ホームページ ページの先頭です。 メニューを飛ばして本文へ 防災・災害 避難所一覧 防災マップ --> Language English 中文（簡体） 한글 中文（繁体） 閲覧補助機能 背景色変更 黒 青 標準 文字サイズ 標準 拡大 × --> マイページ くらし 健康・福祉 しごと 観光 村政情報 手続き申請ナビ 戸籍・住民票・パスポート 税金 子育て・教育・スポーツ 住まい 地域活動・相談 ごみ・環境・動物 死亡・相続 年金・保険 健康・医療 高齢者・介護 福祉・支援 産業振興・支援 入札・契約情報 事業ごみ・産業廃棄物 雇用・労働 島の魅力 南大東を楽しむ 観光施設紹介 村の概要 村議会・委員会 村の取り組み・財政 情報公開・制度 広報・広聴 職員採用・人事 施
19	南大東村	療養費の支給を受けたい	https://www.vill.minamidaito.okinawa.jp/site/navi/list23-133.html	療養費の支給を受けたい - 手続き申請ナビ - 南大東村ホームページ ページの先頭です。 メニューを飛ばして本文へ 防災・災害 避難所一覧 防災マップ --> Language English 中文（簡体） 한글 中文（繁体） 閲覧補助機能 背景色変更 黒 青 標準 文字サイズ 標準 拡大 × --> マイページ くらし 健康・福祉 しごと 観光 村政情報 手続き申請ナビ 戸籍・住民票・パスポート 税金 子育て・教育・スポーツ 住まい 地域活動・相談 ごみ・環境・動物 死亡・相続 年金・保険 健康・医療 高齢者・介護 福祉・支援 産業振興・支援 入札・契約情報 事業ごみ・産業廃棄物 雇用・労働 島の魅力 南大東を楽しむ 観光施設紹介 村の概要 村議会・委員会 村の取り組み・財政 情報公開・制度 広報・広聴 職員
19	南大東村	老後・介護	https://www.vill.minamidaito.okinawa.jp/site/navi/list23.html	老後・介護 - 手続き申請ナビ - 南大東村ホームページ ページの先頭です。 メニューを飛ばして本文へ 防災・災害 避難所一覧 防災マップ --> Language English 中文（簡体） 한글 中文（繁体） 閲覧補助機能 背景色変更 黒 青 標準 文字サイズ 標準 拡大 × --> マイページ くらし 健康・福祉 しごと 観光 村政情報 手続き申請ナビ 戸籍・住民票・パスポート 税金 子育て・教育・スポーツ 住まい 地域活動・相談 ごみ・環境・動物 死亡・相続 年金・保険 健康・医療 高齢者・介護 福祉・支援 産業振興・支援 入札・契約情報 事業ごみ・産業廃棄物 雇用・労働 島の魅力 南大東を楽しむ 観光施設紹介 村の概要 村議会・委員会 村の取り組み・財政 情報公開・制度 広報・広聴 職員採用・人事
18	南大東村	【2019年7月21日執行】第25回参議院議員通常選挙	https://www.vill.minamidaito.okinawa.jp/site/sennkyo/255.html	【2019年7月21日執行】第25回参議院議員通常選挙 - 選挙情報 - 南大東村ホームページ（総務課） ページの先頭です。 メニューを飛ばして本文へ 防災・災害 避難所一覧 防災マップ --> Language English 中文（簡体） 한글 中文（繁体） 閲覧補助機能 背景色変更 黒 青 標準 文字サイズ 標準 拡大 × --> マイページ くらし 健康・福祉 しごと 観光 村政情報 手続き申請ナビ 戸籍・住民票・パスポート 税金 子育て・教育・スポーツ 住まい 地域活動・相談 ごみ・環境・動物 死亡・相続 年金・保険 健康・医療 高齢者・介護 福祉・支援 産業振興・支援 入札・契約情報 事業ごみ・産業廃棄物 雇用・労働 島の魅力 南大東を楽しむ 観光施設紹介 村の概要 村議会・委員会 村の取り組み・財
18	南大東村	【2020年6月7日執行】2020年沖縄県議会議員選挙	https://www.vill.minamidaito.okinawa.jp/site/sennkyo/254.html	【2020年6月7日執行】2020年沖縄県議会議員選挙 - 選挙情報 - 南大東村ホームページ（総務課） ページの先頭です。 メニューを飛ばして本文へ 防災・災害 避難所一覧 防災マップ --> Language English 中文（簡体） 한글 中文（繁体） 閲覧補助機能 背景色変更 黒 青 標準 文字サイズ 標準 拡大 × --> マイページ くらし 健康・福祉 しごと 観光 村政情報 手続き申請ナビ 戸籍・住民票・パスポート 税金 子育て・教育・スポーツ 住まい 地域活動・相談 ごみ・環境・動物 死亡・相続 年金・保険 健康・医療 高齢者・介護 福祉・支援 産業振興・支援 入札・契約情報 事業ごみ・産業廃棄物 雇用・労働 島の魅力 南大東を楽しむ 観光施設紹介 村の概要 村議会・委員会 村の取り組み・財
18	南大東村	【2021年10月31日執行】第49回衆議院議員総選挙	https://www.vill.minamidaito.okinawa.jp/site/sennkyo/253.html	【2021年10月31日執行】第49回衆議院議員総選挙 - 選挙情報 - 南大東村ホームページ（総務課） ページの先頭です。 メニューを飛ばして本文へ 防災・災害 避難所一覧 防災マップ --> Language English 中文（簡体） 한글 中文（繁体） 閲覧補助機能 背景色変更 黒 青 標準 文字サイズ 標準 拡大 × --> マイページ くらし 健康・福祉 しごと 観光 村政情報 手続き申請ナビ 戸籍・住民票・パスポート 税金 子育て・教育・スポーツ 住まい 地域活動・相談 ごみ・環境・動物 死亡・相続 年金・保険 健康・医療 高齢者・介護 福祉・支援 産業振興・支援 入札・契約情報 事業ごみ・産業廃棄物 雇用・労働 島の魅力 南大東を楽しむ 観光施設紹介 村の概要 村議会・委員会 村の取り組み・財
18	南大東村	【2022年6月19日執行】2022年南大東村長・村議会議員選挙	https://www.vill.minamidaito.okinawa.jp/site/sennkyo/251.html	【2022年6月19日執行】2022年南大東村長・村議会議員選挙 - 選挙情報 - 南大東村ホームページ（総務課） ページの先頭です。 メニューを飛ばして本文へ 防災・災害 避難所一覧 防災マップ --> Language English 中文（簡体） 한글 中文（繁体） 閲覧補助機能 背景色変更 黒 青 標準 文字サイズ 標準 拡大 × --> マイページ くらし 健康・福祉 しごと 観光 村政情報 手続き申請ナビ 戸籍・住民票・パスポート 税金 子育て・教育・スポーツ 住まい 地域活動・相談 ごみ・環境・動物 死亡・相続 年金・保険 健康・医療 高齢者・介護 福祉・支援 産業振興・支援 入札・契約情報 事業ごみ・産業廃棄物 雇用・労働 島の魅力 南大東を楽しむ 観光施設紹介 村の概要 村議会・委員会 村の取
18	南大東村	【2022年7月10日執行】第26回参議院議員通常選挙	https://www.vill.minamidaito.okinawa.jp/site/sennkyo/249.html	【2022年7月10日執行】第26回参議院議員通常選挙 - 選挙情報 - 南大東村ホームページ（総務課） ページの先頭です。 メニューを飛ばして本文へ 防災・災害 避難所一覧 防災マップ --> Language English 中文（簡体） 한글 中文（繁体） 閲覧補助機能 背景色変更 黒 青 標準 文字サイズ 標準 拡大 × --> マイページ くらし 健康・福祉 しごと 観光 村政情報 手続き申請ナビ 戸籍・住民票・パスポート 税金 子育て・教育・スポーツ 住まい 地域活動・相談 ごみ・環境・動物 死亡・相続 年金・保険 健康・医療 高齢者・介護 福祉・支援 産業振興・支援 入札・契約情報 事業ごみ・産業廃棄物 雇用・労働 島の魅力 南大東を楽しむ 観光施設紹介 村の概要 村議会・委員会 村の取り組み・財
18	南大東村	【2022年9月11日執行】2022年沖縄県知事選挙 2022年沖縄県議会議員補欠選挙	https://www.vill.minamidaito.okinawa.jp/site/sennkyo/246.html	【2022年9月11日執行】2022年沖縄県知事選挙 2022年沖縄県議会議員補欠選挙 - 選挙情報 - 南大東村ホームページ（総務課） ページの先頭です。 メニューを飛ばして本文へ 防災・災害 避難所一覧 防災マップ --> Language English 中文（簡体） 한글 中文（繁体） 閲覧補助機能 背景色変更 黒 青 標準 文字サイズ 標準 拡大 × --> マイページ くらし 健康・福祉 しごと 観光 村政情報 手続き申請ナビ 戸籍・住民票・パスポート 税金 子育て・教育・スポーツ 住まい 地域活動・相談 ごみ・環境・動物 死亡・相続 年金・保険 健康・医療 高齢者・介護 福祉・支援 産業振興・支援 入札・契約情報 事業ごみ・産業廃棄物 雇用・労働 島の魅力 南大東を楽しむ 観光施設紹介 村の概要
18	南大東村	【2024年10月27日執行】第50回衆議院議員総選挙及び第26回最高裁判所裁判官国民審査	https://www.vill.minamidaito.okinawa.jp/site/sennkyo/243.html	【2024年10月27日執行】第50回衆議院議員総選挙及び第26回最高裁判所裁判官国民審査 - 選挙情報 - 南大東村ホームページ（総務課） ページの先頭です。 メニューを飛ばして本文へ 防災・災害 避難所一覧 防災マップ --> Language English 中文（簡体） 한글 中文（繁体） 閲覧補助機能 背景色変更 黒 青 標準 文字サイズ 標準 拡大 × --> マイページ くらし 健康・福祉 しごと 観光 村政情報 手続き申請ナビ 戸籍・住民票・パスポート 税金 子育て・教育・スポーツ 住まい 地域活動・相談 ごみ・環境・動物 死亡・相続 年金・保険 健康・医療 高齢者・介護 福祉・支援 産業振興・支援 入札・契約情報 事業ごみ・産業廃棄物 雇用・労働 島の魅力 南大東を楽しむ 観光施設紹介 村の概
18	南大東村	【2024年6月16日執行】2024年沖縄県議会議員一般選挙	https://www.vill.minamidaito.okinawa.jp/site/sennkyo/245.html	【2024年6月16日執行】2024年沖縄県議会議員一般選挙 - 選挙情報 - 南大東村ホームページ（総務課） ページの先頭です。 メニューを飛ばして本文へ 防災・災害 避難所一覧 防災マップ --> Language English 中文（簡体） 한글 中文（繁体） 閲覧補助機能 背景色変更 黒 青 標準 文字サイズ 標準 拡大 × --> マイページ くらし 健康・福祉 しごと 観光 村政情報 手続き申請ナビ 戸籍・住民票・パスポート 税金 子育て・教育・スポーツ 住まい 地域活動・相談 ごみ・環境・動物 死亡・相続 年金・保険 健康・医療 高齢者・介護 福祉・支援 産業振興・支援 入札・契約情報 事業ごみ・産業廃棄物 雇用・労働 島の魅力 南大東を楽しむ 観光施設紹介 村の概要 村議会・委員会 村の取り組
18	南大東村	【2025年7月20日執行】第27回参議院議員通常選挙	https://www.vill.minamidaito.okinawa.jp/site/sennkyo/238.html	【2025年7月20日執行】第27回参議院議員通常選挙 - 選挙情報 - 南大東村ホームページ（総務課） ページの先頭です。 メニューを飛ばして本文へ 防災・災害 避難所一覧 防災マップ --> Language English 中文（簡体） 한글 中文（繁体） 閲覧補助機能 背景色変更 黒 青 標準 文字サイズ 標準 拡大 × --> マイページ くらし 健康・福祉 しごと 観光 村政情報 手続き申請ナビ 戸籍・住民票・パスポート 税金 子育て・教育・スポーツ 住まい 地域活動・相談 ごみ・環境・動物 死亡・相続 年金・保険 健康・医療 高齢者・介護 福祉・支援 産業振興・支援 入札・契約情報 事業ごみ・産業廃棄物 雇用・労働 島の魅力 南大東を楽しむ 観光施設紹介 村の概要 村議会・委員会 村の取り組み・財
18	南大東村	【2026年2月8日執行】第51回衆議院議員総選挙及び第27回最高裁判所裁判官国民審査	https://www.vill.minamidaito.okinawa.jp/site/sennkyo/687.html	【2026年2月8日執行】第51回衆議院議員総選挙及び第27回最高裁判所裁判官国民審査 - 選挙情報 - 南大東村ホームページ（総務課） ページの先頭です。 メニューを飛ばして本文へ 防災・災害 避難所一覧 防災マップ --> Language English 中文（簡体） 한글 中文（繁体） 閲覧補助機能 背景色変更 黒 青 標準 文字サイズ 標準 拡大 × --> マイページ くらし 健康・福祉 しごと 観光 村政情報 手続き申請ナビ 戸籍・住民票・パスポート 税金 子育て・教育・スポーツ 住まい 地域活動・相談 ごみ・環境・動物 死亡・相続 年金・保険 健康・医療 高齢者・介護 福祉・支援 産業振興・支援 入札・契約情報 事業ごみ・産業廃棄物 雇用・労働 島の魅力 南大東を楽しむ 観光施設紹介 村の概要
18	南大東村	【2026年6月21日執行】2026年南大東村長・村議会議員選挙	https://www.vill.minamidaito.okinawa.jp/site/sennkyo/1405.html	【2026年6月21日執行】2026年南大東村長・村議会議員選挙 - 選挙情報 - 南大東村ホームページ（総務課） ページの先頭です。 メニューを飛ばして本文へ 防災・災害 避難所一覧 防災マップ --> Language English 中文（簡体） 한글 中文（繁体） 閲覧補助機能 背景色変更 黒 青 標準 文字サイズ 標準 拡大 × --> マイページ くらし 健康・福祉 しごと 観光 村政情報 手続き申請ナビ 戸籍・住民票・パスポート 税金 子育て・教育・スポーツ 住まい 地域活動・相談 ごみ・環境・動物 死亡・相続 年金・保険 健康・医療 高齢者・介護 福祉・支援 産業振興・支援 入札・契約情報 事業ごみ・産業廃棄物 雇用・労働 島の魅力 南大東を楽しむ 観光施設紹介 村の概要 村議会・委員会 村の取
18	南大東村	くらし	https://www.vill.minamidaito.okinawa.jp/life/1/index-2.html	くらし - 南大東村ホームページ ページの先頭です。 メニューを飛ばして本文へ 防災・災害 避難所一覧 防災マップ --> Language English 中文（簡体） 한글 中文（繁体） 閲覧補助機能 背景色変更 黒 青 標準 文字サイズ 標準 拡大 × --> マイページ くらし 健康・福祉 しごと 観光 村政情報 手続き申請ナビ 戸籍・住民票・パスポート 税金 子育て・教育・スポーツ 住まい 地域活動・相談 ごみ・環境・動物 死亡・相続 年金・保険 健康・医療 高齢者・介護 福祉・支援 産業振興・支援 入札・契約情報 事業ごみ・産業廃棄物 雇用・労働 島の魅力 南大東を楽しむ 観光施設紹介 村の概要 村議会・委員会 村の取り組み・財政 情報公開・制度 広報・広聴 職員採用・人事 施設情報 くらし 健康・
18	南大東村	くらし	https://www.vill.minamidaito.okinawa.jp/life/1/index-3.html	くらし - 南大東村ホームページ ページの先頭です。 メニューを飛ばして本文へ 防災・災害 避難所一覧 防災マップ --> Language English 中文（簡体） 한글 中文（繁体） 閲覧補助機能 背景色変更 黒 青 標準 文字サイズ 標準 拡大 × --> マイページ くらし 健康・福祉 しごと 観光 村政情報 手続き申請ナビ 戸籍・住民票・パスポート 税金 子育て・教育・スポーツ 住まい 地域活動・相談 ごみ・環境・動物 死亡・相続 年金・保険 健康・医療 高齢者・介護 福祉・支援 産業振興・支援 入札・契約情報 事業ごみ・産業廃棄物 雇用・労働 島の魅力 南大東を楽しむ 観光施設紹介 村の概要 村議会・委員会 村の取り組み・財政 情報公開・制度 広報・広聴 職員採用・人事 施設情報 くらし 健康・
18	南大東村	ごみ・環境・動物	https://www.vill.minamidaito.okinawa.jp/life/1/6/	ごみ・環境・動物 - 南大東村ホームページ ページの先頭です。 メニューを飛ばして本文へ 防災・災害 避難所一覧 防災マップ --> Language English 中文（簡体） 한글 中文（繁体） 閲覧補助機能 背景色変更 黒 青 標準 文字サイズ 標準 拡大 × --> マイページ くらし 健康・福祉 しごと 観光 村政情報 手続き申請ナビ 戸籍・住民票・パスポート 税金 子育て・教育・スポーツ 住まい 地域活動・相談 ごみ・環境・動物 死亡・相続 年金・保険 健康・医療 高齢者・介護 福祉・支援 産業振興・支援 入札・契約情報 事業ごみ・産業廃棄物 雇用・労働 島の魅力 南大東を楽しむ 観光施設紹介 村の概要 村議会・委員会 村の取り組み・財政 情報公開・制度 広報・広聴 職員採用・人事 施設情報 くら
18	南大東村	ごみ・環境・動物	https://www.vill.minamidaito.okinawa.jp/life/1/6/index.html	ごみ・環境・動物 - 南大東村ホームページ ページの先頭です。 メニューを飛ばして本文へ 防災・災害 避難所一覧 防災マップ --> Language English 中文（簡体） 한글 中文（繁体） 閲覧補助機能 背景色変更 黒 青 標準 文字サイズ 標準 拡大 × --> マイページ くらし 健康・福祉 しごと 観光 村政情報 手続き申請ナビ 戸籍・住民票・パスポート 税金 子育て・教育・スポーツ 住まい 地域活動・相談 ごみ・環境・動物 死亡・相続 年金・保険 健康・医療 高齢者・介護 福祉・支援 産業振興・支援 入札・契約情報 事業ごみ・産業廃棄物 雇用・労働 島の魅力 南大東を楽しむ 観光施設紹介 村の概要 村議会・委員会 村の取り組み・財政 情報公開・制度 広報・広聴 職員採用・人事 施設情報 くら
18	南大東村	ごみ・環境・動物	https://www.vill.minamidaito.okinawa.jp/life/1/6/index-2.html	ごみ・環境・動物 - 南大東村ホームページ ページの先頭です。 メニューを飛ばして本文へ 防災・災害 避難所一覧 防災マップ --> Language English 中文（簡体） 한글 中文（繁体） 閲覧補助機能 背景色変更 黒 青 標準 文字サイズ 標準 拡大 × --> マイページ くらし 健康・福祉 しごと 観光 村政情報 手続き申請ナビ 戸籍・住民票・パスポート 税金 子育て・教育・スポーツ 住まい 地域活動・相談 ごみ・環境・動物 死亡・相続 年金・保険 健康・医療 高齢者・介護 福祉・支援 産業振興・支援 入札・契約情報 事業ごみ・産業廃棄物 雇用・労働 島の魅力 南大東を楽しむ 観光施設紹介 村の概要 村議会・委員会 村の取り組み・財政 情報公開・制度 広報・広聴 職員採用・人事 施設情報 くら
18	南大東村	外国語への対応（foreign languages）	https://www.vill.minamidaito.okinawa.jp/site/userguide/1183.html	外国語への対応（foreign languages） - ホームページ利用案内 - 南大東村ホームページ（総務課） ページの先頭です。 メニューを飛ばして本文へ 防災・災害 避難所一覧 防災マップ --> Language English 中文（簡体） 한글 中文（繁体） 閲覧補助機能 背景色変更 黒 青 標準 文字サイズ 標準 拡大 × --> マイページ くらし 健康・福祉 しごと 観光 村政情報 手続き申請ナビ 戸籍・住民票・パスポート 税金 子育て・教育・スポーツ 住まい 地域活動・相談 ごみ・環境・動物 死亡・相続 年金・保険 健康・医療 高齢者・介護 福祉・支援 産業振興・支援 入札・契約情報 事業ごみ・産業廃棄物 雇用・労働 島の魅力 南大東を楽しむ 観光施設紹介 村の概要 村議会・委員会 村の取
18	南大東村	個人情報の取り扱いについて	https://www.vill.minamidaito.okinawa.jp/site/userguide/559.html	個人情報の取り扱いについて - ホームページ利用案内 - 南大東村ホームページ（総務課） ページの先頭です。 メニューを飛ばして本文へ 防災・災害 避難所一覧 防災マップ --> Language English 中文（簡体） 한글 中文（繁体） 閲覧補助機能 背景色変更 黒 青 標準 文字サイズ 標準 拡大 × --> マイページ くらし 健康・福祉 しごと 観光 村政情報 手続き申請ナビ 戸籍・住民票・パスポート 税金 子育て・教育・スポーツ 住まい 地域活動・相談 ごみ・環境・動物 死亡・相続 年金・保険 健康・医療 高齢者・介護 福祉・支援 産業振興・支援 入札・契約情報 事業ごみ・産業廃棄物 雇用・労働 島の魅力 南大東を楽しむ 観光施設紹介 村の概要 村議会・委員会 村の取り組み・財政 情報公開・制
18	南大東村	支援制度	https://www.vill.minamidaito.okinawa.jp/site/iju/list5-4.html	支援制度 - 南大東村移住定住サイト - 南大東村ホームページ ページの先頭です。 メニューを飛ばして本文へ 南大東村ホームページへ Foreign language Language English 中文（簡体） 한글 中文（繁体） 閲覧補助機能 閲覧補助 背景色変更 黒 青 標準 文字サイズ 標準 拡大 × --> 情報をさがす キーワード 検索 検索対象 すべて ページ PDF キーワード ページID ページID検索とは？ 南大東村の魅力 村ではたらく 村の子育て 村の住まい 現在地 くらしの情報トップページ > 南大東村移住定住サイト > 村の子育て > 支援制度 南大東村移住定住サイト 南大東村移住定住サイトメニュー 本文 支援制度 現在、掲載されている情報はありません。 南大東村の魅力 南大東村とは
18	南大東村	上下水道	https://www.vill.minamidaito.okinawa.jp/life/1/6/31/	上下水道 - 南大東村ホームページ ページの先頭です。 メニューを飛ばして本文へ 防災・災害 避難所一覧 防災マップ --> Language English 中文（簡体） 한글 中文（繁体） 閲覧補助機能 背景色変更 黒 青 標準 文字サイズ 標準 拡大 × --> マイページ くらし 健康・福祉 しごと 観光 村政情報 手続き申請ナビ 戸籍・住民票・パスポート 税金 子育て・教育・スポーツ 住まい 地域活動・相談 ごみ・環境・動物 死亡・相続 年金・保険 健康・医療 高齢者・介護 福祉・支援 産業振興・支援 入札・契約情報 事業ごみ・産業廃棄物 雇用・労働 島の魅力 南大東を楽しむ 観光施設紹介 村の概要 村議会・委員会 村の取り組み・財政 情報公開・制度 広報・広聴 職員採用・人事 施設情報 くらし 健康
18	南大東村	上下水道	https://www.vill.minamidaito.okinawa.jp/life/1/6/31/index.html	上下水道 - 南大東村ホームページ ページの先頭です。 メニューを飛ばして本文へ 防災・災害 避難所一覧 防災マップ --> Language English 中文（簡体） 한글 中文（繁体） 閲覧補助機能 背景色変更 黒 青 標準 文字サイズ 標準 拡大 × --> マイページ くらし 健康・福祉 しごと 観光 村政情報 手続き申請ナビ 戸籍・住民票・パスポート 税金 子育て・教育・スポーツ 住まい 地域活動・相談 ごみ・環境・動物 死亡・相続 年金・保険 健康・医療 高齢者・介護 福祉・支援 産業振興・支援 入札・契約情報 事業ごみ・産業廃棄物 雇用・労働 島の魅力 南大東を楽しむ 観光施設紹介 村の概要 村議会・委員会 村の取り組み・財政 情報公開・制度 広報・広聴 職員採用・人事 施設情報 くらし 健康
18	南大東村	上下水道	https://www.vill.minamidaito.okinawa.jp/life/1/6/31/index-2.html	上下水道 - 南大東村ホームページ ページの先頭です。 メニューを飛ばして本文へ 防災・災害 避難所一覧 防災マップ --> Language English 中文（簡体） 한글 中文（繁体） 閲覧補助機能 背景色変更 黒 青 標準 文字サイズ 標準 拡大 × --> マイページ くらし 健康・福祉 しごと 観光 村政情報 手続き申請ナビ 戸籍・住民票・パスポート 税金 子育て・教育・スポーツ 住まい 地域活動・相談 ごみ・環境・動物 死亡・相続 年金・保険 健康・医療 高齢者・介護 福祉・支援 産業振興・支援 入札・契約情報 事業ごみ・産業廃棄物 雇用・労働 島の魅力 南大東を楽しむ 観光施設紹介 村の概要 村議会・委員会 村の取り組み・財政 情報公開・制度 広報・広聴 職員採用・人事 施設情報 くらし 健康
17	南大東村	すくすく通信	https://www.vill.minamidaito.okinawa.jp/site/hoken-c/list27-96.html	すくすく通信 - 保健センター - 南大東村ホームページ ページの先頭です。 メニューを飛ばして本文へ 防災・災害 避難所一覧 防災マップ --> Language English 中文（簡体） 한글 中文（繁体） 閲覧補助機能 背景色変更 黒 青 標準 文字サイズ 標準 拡大 × --> マイページ くらし 健康・福祉 しごと 観光 村政情報 手続き申請ナビ 戸籍・住民票・パスポート 税金 子育て・教育・スポーツ 住まい 地域活動・相談 ごみ・環境・動物 死亡・相続 年金・保険 健康・医療 高齢者・介護 福祉・支援 産業振興・支援 入札・契約情報 事業ごみ・産業廃棄物 雇用・労働 島の魅力 南大東を楽しむ 観光施設紹介 村の概要 村議会・委員会 村の取り組み・財政 情報公開・制度 広報・広聴 職員採用・人事
17	南大東村	健康・福祉	https://www.vill.minamidaito.okinawa.jp/life/2/	健康・福祉 - 南大東村ホームページ ページの先頭です。 メニューを飛ばして本文へ 防災・災害 避難所一覧 防災マップ --> Language English 中文（簡体） 한글 中文（繁体） 閲覧補助機能 背景色変更 黒 青 標準 文字サイズ 標準 拡大 × --> マイページ くらし 健康・福祉 しごと 観光 村政情報 手続き申請ナビ 戸籍・住民票・パスポート 税金 子育て・教育・スポーツ 住まい 地域活動・相談 ごみ・環境・動物 死亡・相続 年金・保険 健康・医療 高齢者・介護 福祉・支援 産業振興・支援 入札・契約情報 事業ごみ・産業廃棄物 雇用・労働 島の魅力 南大東を楽しむ 観光施設紹介 村の概要 村議会・委員会 村の取り組み・財政 情報公開・制度 広報・広聴 職員採用・人事 施設情報 くらし 健
17	南大東村	健康・福祉	https://www.vill.minamidaito.okinawa.jp/life/2/index.html	健康・福祉 - 南大東村ホームページ ページの先頭です。 メニューを飛ばして本文へ 防災・災害 避難所一覧 防災マップ --> Language English 中文（簡体） 한글 中文（繁体） 閲覧補助機能 背景色変更 黒 青 標準 文字サイズ 標準 拡大 × --> マイページ くらし 健康・福祉 しごと 観光 村政情報 手続き申請ナビ 戸籍・住民票・パスポート 税金 子育て・教育・スポーツ 住まい 地域活動・相談 ごみ・環境・動物 死亡・相続 年金・保険 健康・医療 高齢者・介護 福祉・支援 産業振興・支援 入札・契約情報 事業ごみ・産業廃棄物 雇用・労働 島の魅力 南大東を楽しむ 観光施設紹介 村の概要 村議会・委員会 村の取り組み・財政 情報公開・制度 広報・広聴 職員採用・人事 施設情報 くらし 健
17	南大東村	健康相談	https://www.vill.minamidaito.okinawa.jp/site/hoken-c/list31-100.html	健康相談 - 保健センター - 南大東村ホームページ ページの先頭です。 メニューを飛ばして本文へ 防災・災害 避難所一覧 防災マップ --> Language English 中文（簡体） 한글 中文（繁体） 閲覧補助機能 背景色変更 黒 青 標準 文字サイズ 標準 拡大 × --> マイページ くらし 健康・福祉 しごと 観光 村政情報 手続き申請ナビ 戸籍・住民票・パスポート 税金 子育て・教育・スポーツ 住まい 地域活動・相談 ごみ・環境・動物 死亡・相続 年金・保険 健康・医療 高齢者・介護 福祉・支援 産業振興・支援 入札・契約情報 事業ごみ・産業廃棄物 雇用・労働 島の魅力 南大東を楽しむ 観光施設紹介 村の概要 村議会・委員会 村の取り組み・財政 情報公開・制度 広報・広聴 職員採用・人事 施設
17	南大東村	村の取り組み・財政	https://www.vill.minamidaito.okinawa.jp/life/5/21/	村の取り組み・財政 - 南大東村ホームページ ページの先頭です。 メニューを飛ばして本文へ 防災・災害 避難所一覧 防災マップ --> Language English 中文（簡体） 한글 中文（繁体） 閲覧補助機能 背景色変更 黒 青 標準 文字サイズ 標準 拡大 × --> マイページ くらし 健康・福祉 しごと 観光 村政情報 手続き申請ナビ 戸籍・住民票・パスポート 税金 子育て・教育・スポーツ 住まい 地域活動・相談 ごみ・環境・動物 死亡・相続 年金・保険 健康・医療 高齢者・介護 福祉・支援 産業振興・支援 入札・契約情報 事業ごみ・産業廃棄物 雇用・労働 島の魅力 南大東を楽しむ 観光施設紹介 村の概要 村議会・委員会 村の取り組み・財政 情報公開・制度 広報・広聴 職員採用・人事 施設情報 く
17	南大東村	村の取り組み・財政	https://www.vill.minamidaito.okinawa.jp/life/5/21/index.html	村の取り組み・財政 - 南大東村ホームページ ページの先頭です。 メニューを飛ばして本文へ 防災・災害 避難所一覧 防災マップ --> Language English 中文（簡体） 한글 中文（繁体） 閲覧補助機能 背景色変更 黒 青 標準 文字サイズ 標準 拡大 × --> マイページ くらし 健康・福祉 しごと 観光 村政情報 手続き申請ナビ 戸籍・住民票・パスポート 税金 子育て・教育・スポーツ 住まい 地域活動・相談 ごみ・環境・動物 死亡・相続 年金・保険 健康・医療 高齢者・介護 福祉・支援 産業振興・支援 入札・契約情報 事業ごみ・産業廃棄物 雇用・労働 島の魅力 南大東を楽しむ 観光施設紹介 村の概要 村議会・委員会 村の取り組み・財政 情報公開・制度 広報・広聴 職員採用・人事 施設情報 く
17	南大東村	村の取り組み・財政	https://www.vill.minamidaito.okinawa.jp/life/5/21/index-2.html	村の取り組み・財政 - 南大東村ホームページ ページの先頭です。 メニューを飛ばして本文へ 防災・災害 避難所一覧 防災マップ --> Language English 中文（簡体） 한글 中文（繁体） 閲覧補助機能 背景色変更 黒 青 標準 文字サイズ 標準 拡大 × --> マイページ くらし 健康・福祉 しごと 観光 村政情報 手続き申請ナビ 戸籍・住民票・パスポート 税金 子育て・教育・スポーツ 住まい 地域活動・相談 ごみ・環境・動物 死亡・相続 年金・保険 健康・医療 高齢者・介護 福祉・支援 産業振興・支援 入札・契約情報 事業ごみ・産業廃棄物 雇用・労働 島の魅力 南大東を楽しむ 観光施設紹介 村の概要 村議会・委員会 村の取り組み・財政 情報公開・制度 広報・広聴 職員採用・人事 施設情報 く
17	南大東村	南大東島とは	https://www.vill.minamidaito.okinawa.jp/site/iju/740.html	南大東島とは - 南大東村移住定住サイト - 南大東村ホームページ（総務課） ページの先頭です。 メニューを飛ばして本文へ 南大東村ホームページへ Foreign language Language English 中文（簡体） 한글 中文（繁体） 閲覧補助機能 閲覧補助 背景色変更 黒 青 標準 文字サイズ 標準 拡大 × --> 情報をさがす キーワード 検索 検索対象 すべて ページ PDF キーワード ページID ページID検索とは？ 南大東村の魅力 村ではたらく 村の子育て 村の住まい 現在地 くらしの情報トップページ > 分類でさがす > 村政情報 > 村の概要 > 村のプロフィール > 南大東村移住定住サイト > 南大東島とは 南大東村移住定住サイト 南大東村移住定住サイトメニュー 本文 南大東島
17	南大東村	乳幼児健診	https://www.vill.minamidaito.okinawa.jp/site/hoken-c/list27-95.html	乳幼児健診 - 保健センター - 南大東村ホームページ ページの先頭です。 メニューを飛ばして本文へ 防災・災害 避難所一覧 防災マップ --> Language English 中文（簡体） 한글 中文（繁体） 閲覧補助機能 背景色変更 黒 青 標準 文字サイズ 標準 拡大 × --> マイページ くらし 健康・福祉 しごと 観光 村政情報 手続き申請ナビ 戸籍・住民票・パスポート 税金 子育て・教育・スポーツ 住まい 地域活動・相談 ごみ・環境・動物 死亡・相続 年金・保険 健康・医療 高齢者・介護 福祉・支援 産業振興・支援 入札・契約情報 事業ごみ・産業廃棄物 雇用・労働 島の魅力 南大東を楽しむ 観光施設紹介 村の概要 村議会・委員会 村の取り組み・財政 情報公開・制度 広報・広聴 職員採用・人事 施
17	南大東村	乳幼児健診・予防接種	https://www.vill.minamidaito.okinawa.jp/life/1/3/15/	乳幼児健診・予防接種 - 南大東村ホームページ ページの先頭です。 メニューを飛ばして本文へ 防災・災害 避難所一覧 防災マップ --> Language English 中文（簡体） 한글 中文（繁体） 閲覧補助機能 背景色変更 黒 青 標準 文字サイズ 標準 拡大 × --> マイページ くらし 健康・福祉 しごと 観光 村政情報 手続き申請ナビ 戸籍・住民票・パスポート 税金 子育て・教育・スポーツ 住まい 地域活動・相談 ごみ・環境・動物 死亡・相続 年金・保険 健康・医療 高齢者・介護 福祉・支援 産業振興・支援 入札・契約情報 事業ごみ・産業廃棄物 雇用・労働 島の魅力 南大東を楽しむ 観光施設紹介 村の概要 村議会・委員会 村の取り組み・財政 情報公開・制度 広報・広聴 職員採用・人事 施設情報
17	南大東村	乳幼児健診・予防接種	https://www.vill.minamidaito.okinawa.jp/life/1/3/15/index.html	乳幼児健診・予防接種 - 南大東村ホームページ ページの先頭です。 メニューを飛ばして本文へ 防災・災害 避難所一覧 防災マップ --> Language English 中文（簡体） 한글 中文（繁体） 閲覧補助機能 背景色変更 黒 青 標準 文字サイズ 標準 拡大 × --> マイページ くらし 健康・福祉 しごと 観光 村政情報 手続き申請ナビ 戸籍・住民票・パスポート 税金 子育て・教育・スポーツ 住まい 地域活動・相談 ごみ・環境・動物 死亡・相続 年金・保険 健康・医療 高齢者・介護 福祉・支援 産業振興・支援 入札・契約情報 事業ごみ・産業廃棄物 雇用・労働 島の魅力 南大東を楽しむ 観光施設紹介 村の概要 村議会・委員会 村の取り組み・財政 情報公開・制度 広報・広聴 職員採用・人事 施設情報
17	南大東村	乳幼児健診・予防接種	https://www.vill.minamidaito.okinawa.jp/life/1/3/15/index-2.html	乳幼児健診・予防接種 - 南大東村ホームページ ページの先頭です。 メニューを飛ばして本文へ 防災・災害 避難所一覧 防災マップ --> Language English 中文（簡体） 한글 中文（繁体） 閲覧補助機能 背景色変更 黒 青 標準 文字サイズ 標準 拡大 × --> マイページ くらし 健康・福祉 しごと 観光 村政情報 手続き申請ナビ 戸籍・住民票・パスポート 税金 子育て・教育・スポーツ 住まい 地域活動・相談 ごみ・環境・動物 死亡・相続 年金・保険 健康・医療 高齢者・介護 福祉・支援 産業振興・支援 入札・契約情報 事業ごみ・産業廃棄物 雇用・労働 島の魅力 南大東を楽しむ 観光施設紹介 村の概要 村議会・委員会 村の取り組み・財政 情報公開・制度 広報・広聴 職員採用・人事 施設情報
17	南大東村	文化・交流	https://www.vill.minamidaito.okinawa.jp/life/1/3/18/	文化・交流 - 南大東村ホームページ ページの先頭です。 メニューを飛ばして本文へ 防災・災害 避難所一覧 防災マップ --> Language English 中文（簡体） 한글 中文（繁体） 閲覧補助機能 背景色変更 黒 青 標準 文字サイズ 標準 拡大 × --> マイページ くらし 健康・福祉 しごと 観光 村政情報 手続き申請ナビ 戸籍・住民票・パスポート 税金 子育て・教育・スポーツ 住まい 地域活動・相談 ごみ・環境・動物 死亡・相続 年金・保険 健康・医療 高齢者・介護 福祉・支援 産業振興・支援 入札・契約情報 事業ごみ・産業廃棄物 雇用・労働 島の魅力 南大東を楽しむ 観光施設紹介 村の概要 村議会・委員会 村の取り組み・財政 情報公開・制度 広報・広聴 職員採用・人事 施設情報 くらし 健
17	南大東村	文化・交流	https://www.vill.minamidaito.okinawa.jp/life/1/3/18/index.html	文化・交流 - 南大東村ホームページ ページの先頭です。 メニューを飛ばして本文へ 防災・災害 避難所一覧 防災マップ --> Language English 中文（簡体） 한글 中文（繁体） 閲覧補助機能 背景色変更 黒 青 標準 文字サイズ 標準 拡大 × --> マイページ くらし 健康・福祉 しごと 観光 村政情報 手続き申請ナビ 戸籍・住民票・パスポート 税金 子育て・教育・スポーツ 住まい 地域活動・相談 ごみ・環境・動物 死亡・相続 年金・保険 健康・医療 高齢者・介護 福祉・支援 産業振興・支援 入札・契約情報 事業ごみ・産業廃棄物 雇用・労働 島の魅力 南大東を楽しむ 観光施設紹介 村の概要 村議会・委員会 村の取り組み・財政 情報公開・制度 広報・広聴 職員採用・人事 施設情報 くらし 健
17	南大東村	文化・交流	https://www.vill.minamidaito.okinawa.jp/life/1/3/18/index-2.html	文化・交流 - 南大東村ホームページ ページの先頭です。 メニューを飛ばして本文へ 防災・災害 避難所一覧 防災マップ --> Language English 中文（簡体） 한글 中文（繁体） 閲覧補助機能 背景色変更 黒 青 標準 文字サイズ 標準 拡大 × --> マイページ くらし 健康・福祉 しごと 観光 村政情報 手続き申請ナビ 戸籍・住民票・パスポート 税金 子育て・教育・スポーツ 住まい 地域活動・相談 ごみ・環境・動物 死亡・相続 年金・保険 健康・医療 高齢者・介護 福祉・支援 産業振興・支援 入札・契約情報 事業ごみ・産業廃棄物 雇用・労働 島の魅力 南大東を楽しむ 観光施設紹介 村の概要 村議会・委員会 村の取り組み・財政 情報公開・制度 広報・広聴 職員採用・人事 施設情報 くらし 健
17	南大東村	保健センターからのお知らせ	https://www.vill.minamidaito.okinawa.jp/site/hoken-c/index.html	保健センターからのお知らせ - 南大東村ホームページ ページの先頭です。 メニューを飛ばして本文へ 防災・災害 避難所一覧 防災マップ --> Language English 中文（簡体） 한글 中文（繁体） 閲覧補助機能 背景色変更 黒 青 標準 文字サイズ 標準 拡大 × --> マイページ くらし 健康・福祉 しごと 観光 村政情報 手続き申請ナビ 戸籍・住民票・パスポート 税金 子育て・教育・スポーツ 住まい 地域活動・相談 ごみ・環境・動物 死亡・相続 年金・保険 健康・医療 高齢者・介護 福祉・支援 産業振興・支援 入札・契約情報 事業ごみ・産業廃棄物 雇用・労働 島の魅力 南大東を楽しむ 観光施設紹介 村の概要 村議会・委員会 村の取り組み・財政 情報公開・制度 広報・広聴 職員採用・人事 施設
16	南大東村	新着情報	https://www.vill.minamidaito.okinawa.jp/soshiki/list1-2.html	新着情報 - 南大東村ホームページ ページの先頭です。 メニューを飛ばして本文へ 防災・災害 避難所一覧 防災マップ --> Language English 中文（簡体） 한글 中文（繁体） 閲覧補助機能 背景色変更 黒 青 標準 文字サイズ 標準 拡大 × --> マイページ くらし 健康・福祉 しごと 観光 村政情報 手続き申請ナビ 戸籍・住民票・パスポート 税金 子育て・教育・スポーツ 住まい 地域活動・相談 ごみ・環境・動物 死亡・相続 年金・保険 健康・医療 高齢者・介護 福祉・支援 産業振興・支援 入札・契約情報 事業ごみ・産業廃棄物 雇用・労働 島の魅力 南大東を楽しむ 観光施設紹介 村の概要 村議会・委員会 村の取り組み・財政 情報公開・制度 広報・広聴 職員採用・人事 施設情報 くらし 健康
25	北大東村	沖縄振興特別推進市町村交付金（一括交付金）について	https://vill.kitadaito.okinawa.jp/docs/2022100300024/	沖縄振興特別推進市町村交付金（一括交付金）について | 北大東村 本文へ 文字サイズ 標準 拡大 背景色 白 黒 黄 音声読み上げ ふりがな表示 Foreign Language 日本語 English 中文简化字 中文繁體字 한국어 トップ 北大東村について 村長あいさつ 位置と概要 村章・村花・村木 歴史と文化 気候と動物 人口・世帯数の推移 イベントカレンダー リンク集 資料集 メルマガ登録案内 暮らしの情報 妊娠・出産 子育て・教育 転入・転出 就職・退職 結婚・離婚 おくやみ(死亡・相続) 病気・けが 医療・福祉 ゴミ・リサイクル ペット・動物 施設のご案内 税について 村政情報 組織図 行政・議会 各課のご案内 産業・事業者の方へ 農業 漁業 商工業 観光情報 観光客のみなさまへ ガイドマップ アク
25	北大東村	臨時交付金実施状況及び実施効果の公表について	https://vill.kitadaito.okinawa.jp/docs/2024033100016/	臨時交付金実施状況及び実施効果の公表について | 北大東村 本文へ 文字サイズ 標準 拡大 背景色 白 黒 黄 音声読み上げ ふりがな表示 Foreign Language 日本語 English 中文简化字 中文繁體字 한국어 トップ 北大東村について 村長あいさつ 位置と概要 村章・村花・村木 歴史と文化 気候と動物 人口・世帯数の推移 イベントカレンダー リンク集 資料集 メルマガ登録案内 暮らしの情報 妊娠・出産 子育て・教育 転入・転出 就職・退職 結婚・離婚 おくやみ(死亡・相続) 病気・けが 医療・福祉 ゴミ・リサイクル ペット・動物 施設のご案内 税について 村政情報 組織図 行政・議会 各課のご案内 産業・事業者の方へ 農業 漁業 商工業 観光情報 観光客のみなさまへ ガイドマップ アクセス
20	北大東村	令和７年度北大東村役場職員の募集について	https://vill.kitadaito.okinawa.jp/docs/2025011000014/	令和７年度北大東村役場職員の募集について | 北大東村 本文へ 文字サイズ 標準 拡大 背景色 白 黒 黄 音声読み上げ ふりがな表示 Foreign Language 日本語 English 中文简化字 中文繁體字 한국어 トップ 北大東村について 村長あいさつ 位置と概要 村章・村花・村木 歴史と文化 気候と動物 人口・世帯数の推移 イベントカレンダー リンク集 資料集 メルマガ登録案内 暮らしの情報 妊娠・出産 子育て・教育 転入・転出 就職・退職 結婚・離婚 おくやみ(死亡・相続) 病気・けが 医療・福祉 ゴミ・リサイクル ペット・動物 施設のご案内 税について 村政情報 組織図 行政・議会 各課のご案内 産業・事業者の方へ 農業 漁業 商工業 観光情報 観光客のみなさまへ ガイドマップ アクセス 観光
19	北大東村	令和7年度 第1回物価高騰対応重点支援地方創生臨時交付金（推奨メニュー）の実施計画の公表について	https://vill.kitadaito.okinawa.jp/docs/2025091000010/	令和7年度 第1回物価高騰対応重点支援地方創生臨時交付金（推奨メニュー）の実施計画の公表について | 北大東村 本文へ 文字サイズ 標準 拡大 背景色 白 黒 黄 音声読み上げ ふりがな表示 Foreign Language 日本語 English 中文简化字 中文繁體字 한국어 トップ 北大東村について 村長あいさつ 位置と概要 村章・村花・村木 歴史と文化 気候と動物 人口・世帯数の推移 イベントカレンダー リンク集 資料集 メルマガ登録案内 暮らしの情報 妊娠・出産 子育て・教育 転入・転出 就職・退職 結婚・離婚 おくやみ(死亡・相続) 病気・けが 医療・福祉 ゴミ・リサイクル ペット・動物 施設のご案内 税について 村政情報 組織図 行政・議会 各課のご案内 産業・事業者の方へ 農業 漁業 商工業 観
19	北大東村	令和7年度補正予算 重点支援地方交付金の活用状況について	https://vill.kitadaito.okinawa.jp/docs/2026032400012/	令和7年度補正予算 重点支援地方交付金の活用状況について | 北大東村 本文へ 文字サイズ 標準 拡大 背景色 白 黒 黄 音声読み上げ ふりがな表示 Foreign Language 日本語 English 中文简化字 中文繁體字 한국어 トップ 北大東村について 村長あいさつ 位置と概要 村章・村花・村木 歴史と文化 気候と動物 人口・世帯数の推移 イベントカレンダー リンク集 資料集 メルマガ登録案内 暮らしの情報 妊娠・出産 子育て・教育 転入・転出 就職・退職 結婚・離婚 おくやみ(死亡・相続) 病気・けが 医療・福祉 ゴミ・リサイクル ペット・動物 施設のご案内 税について 村政情報 組織図 行政・議会 各課のご案内 産業・事業者の方へ 農業 漁業 商工業 観光情報 観光客のみなさまへ ガイドマップ
17	北大東村	北大東村 災害支援の受付について	https://vill.kitadaito.okinawa.jp/docs/2025080400012/	北大東村 災害支援の受付について | 北大東村 本文へ 文字サイズ 標準 拡大 背景色 白 黒 黄 音声読み上げ ふりがな表示 Foreign Language 日本語 English 中文简化字 中文繁體字 한국어 トップ 北大東村について 村長あいさつ 位置と概要 村章・村花・村木 歴史と文化 気候と動物 人口・世帯数の推移 イベントカレンダー リンク集 資料集 メルマガ登録案内 暮らしの情報 妊娠・出産 子育て・教育 転入・転出 就職・退職 結婚・離婚 おくやみ(死亡・相続) 病気・けが 医療・福祉 ゴミ・リサイクル ペット・動物 施設のご案内 税について 村政情報 組織図 行政・議会 各課のご案内 産業・事業者の方へ 農業 漁業 商工業 観光情報 観光客のみなさまへ ガイドマップ アクセス 観光ガイド
