score	organization	title	url	evidence
30	伊江村	村県民税の減免について	https://www.iejima.org/document/2026071000013/	村県民税の減免について | 伊江村公式ホームページ 日本語 English Français 簡体中文 繁体中文 한국어 文字のサイズ 小 中 大 配色 青 黄 黒 標準 --> 携帯電話版 サイトマップ トップ 観光・イベント くらし・手続き 産業・ビジネス 行政情報 防災・消防・緊急 TOP > カテゴリ > 分野 > くらし・手続き > 税金 > 村県民税 読み上げる 村県民税の減免について 公開日 2026年07月10日 村県民税は、前年中の所得に基づいて課税される税金です。 ただし、生活保護を受けている場合や、病気・失業・災害など特別な事情により納付が著しく困難となった場合は、 申請により村県民税が減免される場合があります。 減免は、申請内容や生活状況、所得状況などを確認したうえで決定します。 申請す
30	伊江村	奨学金貸与生の募集について	https://www.iejima.org/document/2024101100023/	奨学金貸与生の募集について | 伊江村公式ホームページ 日本語 English Français 簡体中文 繁体中文 한국어 文字のサイズ 小 中 大 配色 青 黄 黒 標準 --> 携帯電話版 サイトマップ トップ 観光・イベント くらし・手続き 産業・ビジネス 行政情報 防災・消防・緊急 TOP > カテゴリ > 区分 > 注目情報 TOP > カテゴリ > 分野 > くらし・手続き > 子育て・教育 > 教育委員会 TOP > カテゴリ > ライフイベント > 入園・入学 読み上げる 奨学金貸与生の募集について 公開日 2025年09月26日 奨学金貸与生の募集について 伊江村人材育成会では、 令和8年4月に高等学校・専修学校・短期大学・大学 への進学を予定している生徒・学生で就学が困難な学生を対象に、審
30	伊江村	生活保護制度について	https://www.iejima.org/document/2015022100384/	生活保護制度について | 伊江村公式ホームページ 日本語 English Français 簡体中文 繁体中文 한국어 文字のサイズ 小 中 大 配色 青 黄 黒 標準 --> 携帯電話版 サイトマップ トップ 観光・イベント くらし・手続き 産業・ビジネス 行政情報 防災・消防・緊急 TOP > カテゴリ > 分野 > くらし・手続き > 各種証明書・手続き TOP > カテゴリ > 分野 > くらし・手続き > 後期高齢者 TOP > カテゴリ > 分野 > くらし・手続き > 健康・医療 TOP > カテゴリ > ライフイベント > 妊娠・出産 TOP > カテゴリ > ライフイベント > 子育て TOP > カテゴリ > ライフイベント > 入園・入学 TOP > カテゴリ > ライフイベント > 就職
30	伊江村	医療費助成制度について	https://www.iejima.org/document/2015021800155/	医療費助成制度について | 伊江村公式ホームページ 日本語 English Français 簡体中文 繁体中文 한국어 文字のサイズ 小 中 大 配色 青 黄 黒 標準 --> 携帯電話版 サイトマップ トップ 観光・イベント くらし・手続き 産業・ビジネス 行政情報 防災・消防・緊急 TOP > カテゴリ > 区分 > よくある質問 > Q&A 子育て・教育 TOP > カテゴリ > 区分 > よくある質問 > Q&A 健康・医療・福祉 TOP > カテゴリ > 分野 > くらし・手続き > 健康・医療 TOP > カテゴリ > 分野 > くらし・手続き > 子育て・教育 TOP > カテゴリ > 分野 > 行政情報 > 各課の案内・資料 TOP > カテゴリ > ライフイベント > 妊娠・出産 TOP >
30	伊江村	幼稚園の入園・退園手続き	https://www.iejima.org/document/2015010600018/	幼稚園の入園・退園手続き | 伊江村公式ホームページ 日本語 English Français 簡体中文 繁体中文 한국어 文字のサイズ 小 中 大 配色 青 黄 黒 標準 --> 携帯電話版 サイトマップ トップ 観光・イベント くらし・手続き 産業・ビジネス 行政情報 防災・消防・緊急 TOP > カテゴリ > 分野 > くらし・手続き > 子育て・教育 TOP > カテゴリ > ライフイベント > 入園・入学 読み上げる 幼稚園の入園・退園手続き 公開日 2015年01月06日 入園対象園児 幼稚園に入園することのできる者は、満５歳から小学校就学の始期に達するまでの幼児。 入園手続き 園名 所在地 電話番号 FAX 村立幼稚園一覧表 伊江幼稚園 東江前364番地 0980-49-2832 0980-49-
30	伊江村	伊江村加齢性難聴者補聴器購入費助成事業について	https://www.iejima.org/document/2024042600019/	伊江村加齢性難聴者補聴器購入費助成事業について | 伊江村公式ホームページ 日本語 English Français 簡体中文 繁体中文 한국어 文字のサイズ 小 中 大 配色 青 黄 黒 標準 --> 携帯電話版 サイトマップ トップ 観光・イベント くらし・手続き 産業・ビジネス 行政情報 防災・消防・緊急 TOP > カテゴリ > 分野 > くらし・手続き > 介護保険 TOP > カテゴリ > ライフイベント > 高齢者・介護 読み上げる 伊江村加齢性難聴者補聴器購入費助成事業について 公開日 2025年10月03日 伊江村では聴力機能の低下により友人や家族等とのコミュニケーションに不安がある方へ、閉じこもりを防ぎ、認知症予防や地域活動等の日常生活や社会参加を応援します。 助成条件（以下の要件をすべて満
30	伊江村	披露宴助成金支給について	https://www.iejima.org/document/2015042700038/	披露宴助成金支給について | 伊江村公式ホームページ 日本語 English Français 簡体中文 繁体中文 한국어 文字のサイズ 小 中 大 配色 青 黄 黒 標準 --> 携帯電話版 サイトマップ トップ 観光・イベント くらし・手続き 産業・ビジネス 行政情報 防災・消防・緊急 TOP > カテゴリ > 区分 > 注目情報 TOP > カテゴリ > 分野 > 行政情報 > 各課の案内・資料 TOP > カテゴリ > ライフイベント > 結婚 読み上げる 披露宴助成金支給について 公開日 2025年04月01日 村内で結婚披露宴を予定している方へ ご結婚おめでとうございます。 これから結婚披露宴を予定している方へ朗報です！ 伊江村では「結婚披露宴助成金支給条例」を制定し、村内で結婚披露宴を開催される方
30	伊江村	児童手当について	https://www.iejima.org/document/2020101900014/	児童手当について | 伊江村公式ホームページ 日本語 English Français 簡体中文 繁体中文 한국어 文字のサイズ 小 中 大 配色 青 黄 黒 標準 --> 携帯電話版 サイトマップ トップ 観光・イベント くらし・手続き 産業・ビジネス 行政情報 防災・消防・緊急 TOP > カテゴリ > 区分 > よくある質問 > Q&A 各種証明書・手続き TOP > カテゴリ > 区分 > よくある質問 > Q&A 子育て・教育 TOP > カテゴリ > 分野 > くらし・手続き > 各種証明書・手続き TOP > カテゴリ > 分野 > くらし・手続き > 子育て・教育 TOP > カテゴリ > ライフイベント > 妊娠・出産 TOP > カテゴリ > ライフイベント > 子育て TOP > カテゴリ
30	伊江村	伊江村緊急経済対策住宅リフォーム支援事業補助金	https://www.iejima.org/document/2021071200012/	伊江村緊急経済対策住宅リフォーム支援事業補助金 | 伊江村公式ホームページ 日本語 English Français 簡体中文 繁体中文 한국어 文字のサイズ 小 中 大 配色 青 黄 黒 標準 --> 携帯電話版 サイトマップ トップ 観光・イベント くらし・手続き 産業・ビジネス 行政情報 防災・消防・緊急 TOP > カテゴリ > 区分 > よくある質問 > Q&A 住宅・土地・建築 TOP > カテゴリ > 分野 > 行政情報 > 各課の案内・資料 読み上げる 伊江村緊急経済対策住宅リフォーム支援事業補助金 公開日 2021年07月12日 伊江村では、住宅・建築関連産業を中心とした地域経済活性化を図るとともに、住宅の改修・リフォームにより 村民があかるくイキイキと安心して快適な生活ができるよう村民の住宅
30	伊江村	移住支援	https://www.iejima.org/document/2023120500012/	移住支援 | 伊江村公式ホームページ 日本語 English Français 簡体中文 繁体中文 한국어 文字のサイズ 小 中 大 配色 青 黄 黒 標準 --> 携帯電話版 サイトマップ トップ 観光・イベント くらし・手続き 産業・ビジネス 行政情報 防災・消防・緊急 TOP > カテゴリ > 分野 > 移住定住ガイド TOP > カテゴリ > 分野 > 移住定住ガイド > 移住支援 読み上げる 移住支援 公開日 2023年12月12日 伊江島の移住定住相談窓口では、ワンストップ相談に対応しています。 オンラインの個別移住相談やプチ移住体験制度「移住体験プログラム」のほか、様々な移住支援を行っています。 ◎移住定住ガイドブック（PDFデータ） 移住を考えている方や移住した方に活用していただく「移住定住 ガ
30	伊江村	暮らし	https://www.iejima.org/document/2021060400034/	暮らし | 伊江村公式ホームページ 日本語 English Français 簡体中文 繁体中文 한국어 文字のサイズ 小 中 大 配色 青 黄 黒 標準 --> 携帯電話版 サイトマップ トップ 観光・イベント くらし・手続き 産業・ビジネス 行政情報 防災・消防・緊急 TOP > カテゴリ > 分野 > 移住定住ガイド TOP > カテゴリ > 分野 > 移住定住ガイド > 生活情報 読み上げる 暮らし 公開日 2021年06月01日 ◎移住者の伊江島ぐらしmovie 移住者の伊江島ぐらしを、2分の動画にしました。 ひとそれぞれの暮らしを知ることができる「伊江島ぐらしmovie」です。 ※画像をクリックすると外部リンク（YouTube）が開きます。字幕の設定を「日本語」にしてご覧ください！ ●＃7 小助川さ
28	伊江村	電動三輪車等購入費補助金について	https://www.iejima.org/document/2020081300057/	電動三輪車等購入費補助金について | 伊江村公式ホームページ 日本語 English Français 簡体中文 繁体中文 한국어 文字のサイズ 小 中 大 配色 青 黄 黒 標準 --> 携帯電話版 サイトマップ トップ 観光・イベント くらし・手続き 産業・ビジネス 行政情報 防災・消防・緊急 TOP > カテゴリ > 分野 > くらし・手続き > 各種証明書・手続き TOP > カテゴリ > 分野 > くらし・手続き > 後期高齢者 TOP > カテゴリ > ライフイベント > 高齢者・介護 読み上げる 電動三輪車等購入費補助金について 公開日 2020年08月14日 高齢者又は身体障害者に対し、電動三輪車又は電動四輪車の購入費の一部を補助することにより生活範囲の拡大を図り、その福祉の増進を目的としていま
26	伊江村	注目情報	https://www.iejima.org/category/kubun/chumoku/	注目情報 | 伊江村公式ホームページ 日本語 English Français 簡体中文 繁体中文 한국어 文字のサイズ 小 中 大 配色 青 黄 黒 標準 --> 携帯電話版 サイトマップ トップ 観光・イベント くらし・手続き 産業・ビジネス 行政情報 防災・消防・緊急 TOP > カテゴリ > 区分 > 注目情報 注目情報 記事一覧 RSS Atom 公民館講座「村内戦跡巡り」のお知らせ （ 2026年07月16日 教育委員会 ） 伊江島産島らっきょう共同配送連携モデル構築実証業務 公募型プロポーザル審査結果について （ 2026年07月10日 農林水産課 ） [イベント]2026年7月16日（木）YoutubeLIVE配信！おきなわ移住セミナー「おきなわ暮らしにまつわるエトセトラ」 （ 2026年07月
25	伊江村	伊江村高校生保護者に対する交通費負担軽減補助事業	https://www.iejima.org/document/2026031900025/	伊江村高校生保護者に対する交通費負担軽減補助事業 | 伊江村公式ホームページ 日本語 English Français 簡体中文 繁体中文 한국어 文字のサイズ 小 中 大 配色 青 黄 黒 標準 --> 携帯電話版 サイトマップ トップ 観光・イベント くらし・手続き 産業・ビジネス 行政情報 防災・消防・緊急 TOP > カテゴリ > 区分 > 注目情報 TOP > カテゴリ > 分野 > くらし・手続き TOP > カテゴリ > ライフイベント > 子育て 読み上げる 伊江村高校生保護者に対する交通費負担軽減補助事業 公開日 2026年03月26日 この度、国からの補助金を活用し、 やむを得ず 島外の高等学校等へ進学する生徒の 保護者を対象に、 学校行事に参加する 際に要する 交通費（車両航送料、船賃、航
25	伊江村	[NEWS]令和６年度 移住定住応援給付金が始まりました	https://www.iejima.org/document/2024041200050/	[NEWS]令和６年度 移住定住応援給付金が始まりました | 伊江村公式ホームページ 日本語 English Français 簡体中文 繁体中文 한국어 文字のサイズ 小 中 大 配色 青 黄 黒 標準 --> 携帯電話版 サイトマップ トップ 観光・イベント くらし・手続き 産業・ビジネス 行政情報 防災・消防・緊急 TOP > カテゴリ > 区分 > 注目情報 TOP > カテゴリ > 分野 > 移住定住ガイド 読み上げる [NEWS]令和６年度 移住定住応援給付金が始まりました 公開日 2024年04月16日 令和６年度から新しく伊江村独自の「移住定住応援給付金」の制度が始まりました。 伊江島では村の産業や地域活動の担い手となるU ・Iターンの方の移住定住を促進するために独自の移住定住応援給付金を交付し
25	伊江村	[NEWS]移住支援事業 伊江村移住支援金制度が始まりました	https://www.iejima.org/document/2023121400014/	[NEWS]移住支援事業 伊江村移住支援金制度が始まりました | 伊江村公式ホームページ 日本語 English Français 簡体中文 繁体中文 한국어 文字のサイズ 小 中 大 配色 青 黄 黒 標準 --> 携帯電話版 サイトマップ トップ 観光・イベント くらし・手続き 産業・ビジネス 行政情報 防災・消防・緊急 TOP > カテゴリ > 区分 > 注目情報 TOP > カテゴリ > 分野 > 移住定住ガイド 読み上げる [NEWS]移住支援事業 伊江村移住支援金制度が始まりました 公開日 2023年12月15日 伊江村の移住金制度は、国の地方創生移住支援事業を活用し、伊江村の地域づくりの担い手不足の解消を目的とし、沖縄県と共同して東京圏から伊江村に移住して仕事をする方に移住支援金を交付するものです
25	伊江村	[NEWS]移住支援金対象の法人・事業者の募集について	https://www.iejima.org/document/2023111400017/	[NEWS]移住支援金対象の法人・事業者の募集について | 伊江村公式ホームページ 日本語 English Français 簡体中文 繁体中文 한국어 文字のサイズ 小 中 大 配色 青 黄 黒 標準 --> 携帯電話版 サイトマップ トップ 観光・イベント くらし・手続き 産業・ビジネス 行政情報 防災・消防・緊急 TOP > カテゴリ > 区分 > 注目情報 TOP > カテゴリ > 分野 > 移住定住ガイド 読み上げる [NEWS]移住支援金対象の法人・事業者の募集について 公開日 2023年11月15日 必要な担い手を確保するために、移住支援金の制度を活用してみませんか？ 沖縄の離島、伊江島では今年11月から沖縄県の移住支援金の制度に取り組むことになりました。 移住支援金制度の詳細は、沖縄県ホームペー
24	伊江村	介護用車両購入費等補助金制度について	https://www.iejima.org/document/2015070800045/	介護用車両購入費等補助金制度について | 伊江村公式ホームページ 日本語 English Français 簡体中文 繁体中文 한국어 文字のサイズ 小 中 大 配色 青 黄 黒 標準 --> 携帯電話版 サイトマップ トップ 観光・イベント くらし・手続き 産業・ビジネス 行政情報 防災・消防・緊急 TOP > カテゴリ > 分野 > くらし・手続き > 介護保険 TOP > カテゴリ > ライフイベント > 高齢者・介護 読み上げる 介護用車両購入費等補助金制度について 公開日 2025年10月08日 高齢者や体に障害のある方を介護する家族の負担軽減や、外出等を支援する目的で補助金を給付します。 対象となる者 伊江村内に居住し、自力で移動することが困難な状態の方で、下記の①～③に該当する者 ① 下肢または体
24	伊江村	戸籍の届出（婚姻届・離婚届・出生届・死亡届・転籍届）等	https://www.iejima.org/document/2025102300023/	戸籍の届出（婚姻届・離婚届・出生届・死亡届・転籍届）等 | 伊江村公式ホームページ 日本語 English Français 簡体中文 繁体中文 한국어 文字のサイズ 小 中 大 配色 青 黄 黒 標準 --> 携帯電話版 サイトマップ トップ 観光・イベント くらし・手続き 産業・ビジネス 行政情報 防災・消防・緊急 TOP > カテゴリ > 分野 > くらし・手続き > 各種証明書・手続き TOP > カテゴリ > ライフイベント > 妊娠・出産 TOP > カテゴリ > ライフイベント > 結婚 TOP > カテゴリ > ライフイベント > 死亡手続き等 読み上げる 戸籍の届出（婚姻届・離婚届・出生届・死亡届・転籍届）等 公開日 2025年10月23日 項目一覧 １. 届出する人 ２. 届出に必要なもの
24	伊江村	伊江村子育て支援金について	https://www.iejima.org/document/2020081700017/	伊江村子育て支援金について | 伊江村公式ホームページ 日本語 English Français 簡体中文 繁体中文 한국어 文字のサイズ 小 中 大 配色 青 黄 黒 標準 --> 携帯電話版 サイトマップ トップ 観光・イベント くらし・手続き 産業・ビジネス 行政情報 防災・消防・緊急 TOP > カテゴリ > 分野 > くらし・手続き > 各種証明書・手続き TOP > カテゴリ > 分野 > くらし・手続き > 健康・医療 TOP > カテゴリ > 分野 > くらし・手続き > 子育て・教育 TOP > カテゴリ > ライフイベント > 妊娠・出産 TOP > カテゴリ > ライフイベント > 子育て TOP > カテゴリ > ライフイベント > 結婚 読み上げる 伊江村子育て支援金について 公開日
24	伊江村	令和5年度 伊江村会計年度任用職員の追加募集	https://www.iejima.org/document/2023071000029/	令和5年度 伊江村会計年度任用職員の追加募集 | 伊江村公式ホームページ 日本語 English Français 簡体中文 繁体中文 한국어 文字のサイズ 小 中 大 配色 青 黄 黒 標準 --> 携帯電話版 サイトマップ トップ 観光・イベント くらし・手続き 産業・ビジネス 行政情報 防災・消防・緊急 TOP > カテゴリ > 区分 > 注目情報 TOP > カテゴリ > 分野 > 求人情報 TOP > カテゴリ > 分野 > 行政情報 > 行政 > 人事行政 読み上げる 令和5年度 伊江村会計年度任用職員の追加募集 公開日 2023年07月10日 令和5 年度に任用を予定している伊江村会計年度任用職員を追加募集します。 １．任用期間 令和5 年8 月1日 ～ 令和6 年3月31日 ( ※令和6年4月以
23	伊江村	子育て	https://www.iejima.org/category/live_event/kosodate/index.p5.html?page=5	子育て | 伊江村公式ホームページ 日本語 English Français 簡体中文 繁体中文 한국어 文字のサイズ 小 中 大 配色 青 黄 黒 標準 --> 携帯電話版 サイトマップ トップ 観光・イベント くらし・手続き 産業・ビジネス 行政情報 防災・消防・緊急 TOP > カテゴリ > ライフイベント > 子育て 子育て 記事一覧 RSS Atom すみれ組おゆうぎ（中央） （ 2021年03月04日 福祉課 ） 保育所だより２月号がんじゅう（東保育所） （ 2021年02月10日 福祉課 ） 2月のほけんだより（中央保育所） （ 2021年02月10日 福祉課 ） 保育所だより2月号 はばたけ（中央保育所） （ 2021年02月10日 福祉課 ） 1月のほけんだより（中央保育所） （ 2021年0
22	伊江村	引越しに関する手続き	https://www.iejima.org/document/2015011500072/	引越しに関する手続き | 伊江村公式ホームページ 日本語 English Français 簡体中文 繁体中文 한국어 文字のサイズ 小 中 大 配色 青 黄 黒 標準 --> 携帯電話版 サイトマップ トップ 観光・イベント くらし・手続き 産業・ビジネス 行政情報 防災・消防・緊急 TOP > カテゴリ > 分野 > くらし・手続き > 各種証明書・手続き TOP > カテゴリ > ライフイベント > 引越・住まい 読み上げる 引越しに関する手続き 公開日 2026年01月07日 住民登録 住民基本台帳は、住所や世帯構成などの関係を証明するもので、就学・選挙・国民健康保険・国民年金などの基礎となるものです。 住民基本台帳に登録されていないと、上記の権利が行使できないだけでなく、各種行政サービスが受けられない
21	伊江村	各種証明書・手続き	https://www.iejima.org/category/bunya/kurashi/shomesho/	各種証明書・手続き | 伊江村公式ホームページ 日本語 English Français 簡体中文 繁体中文 한국어 文字のサイズ 小 中 大 配色 青 黄 黒 標準 --> 携帯電話版 サイトマップ トップ 観光・イベント くらし・手続き 産業・ビジネス 行政情報 防災・消防・緊急 TOP > カテゴリ > 分野 > くらし・手続き > 各種証明書・手続き 各種証明書・手続き 記事一覧 RSS Atom 父母の離婚後の 子の養育に関するルール～親権・養育費・親子交流などに関する民法等改正～ （ 2026年03月16日 住民課 ） マイナンバーカードを利用した転出・転入 （ 2026年02月27日 住民課 ） 引越しに関する手続き （ 2026年01月07日 住民課 ） 戸籍の届出（婚姻届・離婚届・出生届・死亡
20	伊江村	よくある質問	https://www.iejima.org/category/kubun/faq/	よくある質問 | 伊江村公式ホームページ 日本語 English Français 簡体中文 繁体中文 한국어 文字のサイズ 小 中 大 配色 青 黄 黒 標準 --> 携帯電話版 サイトマップ トップ 観光・イベント くらし・手続き 産業・ビジネス 行政情報 防災・消防・緊急 TOP > カテゴリ > 区分 > よくある質問 読み上げる よくある質問 Q&A 観光情報 宿泊施設一覧 伊江村特産品 島村屋観光公園 城山展望台 湧出(わじぃー) 鹿の化石 権現堂 アーニーパイルの碑 シンガーソングライターＡｎｌｙさん 3期目の伊江村観光親善大使に就任 伊江港まで荷物を運んでもらうことはできますか？ 一覧へ Q&A 各種証明書・手続き 伊江村母子健康包括支援センター あいのわ(愛の輪) 【住民票】住民票は誰でもとれ
20	伊江村	後期高齢者医療制度	https://www.iejima.org/document/2025062500020/	後期高齢者医療制度 | 伊江村公式ホームページ 日本語 English Français 簡体中文 繁体中文 한국어 文字のサイズ 小 中 大 配色 青 黄 黒 標準 --> 携帯電話版 サイトマップ トップ 観光・イベント くらし・手続き 産業・ビジネス 行政情報 防災・消防・緊急 TOP > カテゴリ > 分野 > くらし・手続き > 後期高齢者 TOP > カテゴリ > ライフイベント > 高齢者・介護 読み上げる 後期高齢者医療制度 公開日 2025年07月18日 項目一覧 １． 後期高齢者医療制度の対象となる方 ２． マイナ保険証 ３． 資格確認書 ４． 保険料について ５． お医者さんにかかるとき ６ ． 医療費が高額になったとき ７． 高額医療・高額介護合算制度 ８． 入院時の食事代 後期高齢者医
19	伊江村	教育委員会	https://www.iejima.org/category/bunya/kurashi/kosodate/kyouikuiinkai/	教育委員会 | 伊江村公式ホームページ 日本語 English Français 簡体中文 繁体中文 한국어 文字のサイズ 小 中 大 配色 青 黄 黒 標準 --> 携帯電話版 サイトマップ トップ 観光・イベント くらし・手続き 産業・ビジネス 行政情報 防災・消防・緊急 TOP > カテゴリ > 分野 > くらし・手続き > 子育て・教育 > 教育委員会 読み上げる 教育委員会 離島高校生修学支援補助金について （ 2026年03月26日 教育委員会 ） 伊江村離島高校生修学支援費拡充補助金について （ 2026年03月26日 教育委員会 ） 奨学金貸与生の募集について （ 2025年09月26日 教育委員会 ） 伊江村高校生保護者に対する交通費負担軽減補助事業 （ 2025年04月03日 教育委員会 ）
19	伊江村	令和5年度11月 伊江村会計年度任用職員の追加募集	https://www.iejima.org/document/2023112000018/	令和5年度11月 伊江村会計年度任用職員の追加募集 | 伊江村公式ホームページ 日本語 English Français 簡体中文 繁体中文 한국어 文字のサイズ 小 中 大 配色 青 黄 黒 標準 --> 携帯電話版 サイトマップ トップ 観光・イベント くらし・手続き 産業・ビジネス 行政情報 防災・消防・緊急 TOP > カテゴリ > 区分 > 注目情報 TOP > カテゴリ > 分野 > 求人情報 TOP > カテゴリ > 分野 > 行政情報 > 行政 > 人事行政 読み上げる 令和5年度11月 伊江村会計年度任用職員の追加募集 公開日 2023年11月20日 令和5 年度に任用を予定している伊江村会計年度任用職員を追加募集します。 １．募集職種 ①用務員 ②一般事務補助 ③看護師 ２．任用期間 ①・②
19	伊江村	令和5年度11月 伊江村会計年度任用職員の追加募集	https://www.iejima.org/document/2023102300012/	令和5年度11月 伊江村会計年度任用職員の追加募集 | 伊江村公式ホームページ 日本語 English Français 簡体中文 繁体中文 한국어 文字のサイズ 小 中 大 配色 青 黄 黒 標準 --> 携帯電話版 サイトマップ トップ 観光・イベント くらし・手続き 産業・ビジネス 行政情報 防災・消防・緊急 TOP > カテゴリ > 区分 > 注目情報 TOP > カテゴリ > 分野 > 求人情報 TOP > カテゴリ > 分野 > 行政情報 > 行政 > 人事行政 読み上げる 令和5年度11月 伊江村会計年度任用職員の追加募集 公開日 2023年10月24日 令和5 年度に任用を予定している伊江村会計年度任用職員を追加募集します。 １．募集職種 保育士 一般事務補助 ２．任用期間 令和5年11月1日～
19	伊江村	令和5年度 伊江村会計年度任用職員の追加募集	https://www.iejima.org/document/2023092000022/	令和5年度 伊江村会計年度任用職員の追加募集 | 伊江村公式ホームページ 日本語 English Français 簡体中文 繁体中文 한국어 文字のサイズ 小 中 大 配色 青 黄 黒 標準 --> 携帯電話版 サイトマップ トップ 観光・イベント くらし・手続き 産業・ビジネス 行政情報 防災・消防・緊急 TOP > カテゴリ > 区分 > 注目情報 TOP > カテゴリ > 分野 > 求人情報 TOP > カテゴリ > 分野 > 行政情報 > 行政 > 人事行政 読み上げる 令和5年度 伊江村会計年度任用職員の追加募集 公開日 2023年09月20日 令和5 年度に任用を予定している伊江村会計年度任用職員を追加募集します。 １．募集職種 ① 用務員 ② 一般事務補助 ２．任用期間 ①・② 令和5年10月1
18	伊江村	シルバー求人募集情報	https://www.iejima.org/document/2025060500022/	シルバー求人募集情報 | 伊江村公式ホームページ 日本語 English Français 簡体中文 繁体中文 한국어 文字のサイズ 小 中 大 配色 青 黄 黒 標準 --> 携帯電話版 サイトマップ トップ 観光・イベント くらし・手続き 産業・ビジネス 行政情報 防災・消防・緊急 TOP > カテゴリ > 区分 > 注目情報 TOP > カテゴリ > 分野 > 求人情報 TOP > カテゴリ > 分野 > 求人情報 > シルバー求人 TOP > カテゴリ > ライフイベント > 就職・退職 読み上げる シルバー求人募集情報 公開日 2025年06月09日 ◎事業内容 働く意欲がある健康で元気な６０歳以上の方（就業希望者）と、臨時的又は短期的で軽易な就業を行える方を求めている個人・団体・企業等（就業先）を役
17	伊江村	妊娠・出産	https://www.iejima.org/category/live_event/ninshin/	妊娠・出産 | 伊江村公式ホームページ 日本語 English Français 簡体中文 繁体中文 한국어 文字のサイズ 小 中 大 配色 青 黄 黒 標準 --> 携帯電話版 サイトマップ トップ 観光・イベント くらし・手続き 産業・ビジネス 行政情報 防災・消防・緊急 TOP > カテゴリ > ライフイベント > 妊娠・出産 妊娠・出産 記事一覧 RSS Atom 戸籍の届出（婚姻届・離婚届・出生届・死亡届・転籍届）等 （ 2025年10月23日 住民課 ） 伊江村母子健康包括支援センター あいのわ(愛の輪) （ 2025年06月05日 医療保健課 ） 不妊治療費助成について （ 2025年04月01日 医療保健課 ） 10月の給食だより （ 2024年10月01日 福祉課 ） 児童手当について （ 2
17	伊江村	【教育委員会】令和8年度 伊江村会計年度任用職員の募集について	https://www.iejima.org/document/2026062600024/	【教育委員会】令和8年度 伊江村会計年度任用職員の募集について | 伊江村公式ホームページ 日本語 English Français 簡体中文 繁体中文 한국어 文字のサイズ 小 中 大 配色 青 黄 黒 標準 --> 携帯電話版 サイトマップ トップ 観光・イベント くらし・手続き 産業・ビジネス 行政情報 防災・消防・緊急 TOP > カテゴリ > 区分 > 注目情報 TOP > カテゴリ > 分野 > 行政情報 > 行政 > 人事行政 TOP > カテゴリ > ライフイベント > 就職・退職 読み上げる 【教育委員会】令和8年度 伊江村会計年度任用職員の募集について 公開日 2026年07月01日 伊江村会計年度任用職員を募集します。 １．募集職種 表１ NO 職種（人数） 従事する業務内容 1 給食セン
17	伊江村	各課の案内・資料	https://www.iejima.org/category/bunya/gyosei/anai-shiryo/	各課の案内・資料 | 伊江村公式ホームページ 日本語 English Français 簡体中文 繁体中文 한국어 文字のサイズ 小 中 大 配色 青 黄 黒 標準 --> 携帯電話版 サイトマップ トップ 観光・イベント くらし・手続き 産業・ビジネス 行政情報 防災・消防・緊急 TOP > カテゴリ > 分野 > 行政情報 > 各課の案内・資料 読み上げる 各課の案内・資料 記事一覧 RSS Atom 伊江村船舶運航事業経営戦略プラン （ 2026年04月01日 公営企業課 ） 伊江村水道事業経営戦略 （ 2026年04月01日 公営企業課 ） 水道の開栓・閉栓・名義変更等について （ 2026年04月01日 公営企業課 ） 伊江村水道事業令和8年度水質検査計画について （ 2026年03月31日 公営企業
16	伊江村	公民館講座「村内戦跡巡り」のお知らせ	https://www.iejima.org/document/2026071600015/	公民館講座「村内戦跡巡り」のお知らせ | 伊江村公式ホームページ 日本語 English Français 簡体中文 繁体中文 한국어 文字のサイズ 小 中 大 配色 青 黄 黒 標準 --> 携帯電話版 サイトマップ トップ 観光・イベント くらし・手続き 産業・ビジネス 行政情報 防災・消防・緊急 TOP > カテゴリ > 区分 > 注目情報 読み上げる 公民館講座「村内戦跡巡り」のお知らせ 公開日 2026年07月16日 沖縄戦終結から８１年となる今年、激戦地であった本村の戦跡について知り、 改めて平和の尊さを未来につなげていく「村内戦跡巡り」を実施いたします 。 戦争の教訓を風化させることなく、平和な社会を築き上げていくことが、 伊江村民の共通のねがいです。皆さまお誘いあわせの上、ぜひご参加ください。
16	伊江村	介護保険制度について	https://www.iejima.org/document/2025110600016/	介護保険制度について | 伊江村公式ホームページ 日本語 English Français 簡体中文 繁体中文 한국어 文字のサイズ 小 中 大 配色 青 黄 黒 標準 --> 携帯電話版 サイトマップ トップ 観光・イベント くらし・手続き 産業・ビジネス 行政情報 防災・消防・緊急 TOP > カテゴリ > 分野 > くらし・手続き > 介護保険 TOP > カテゴリ > ライフイベント > 高齢者・介護 読み上げる 介護保険制度について 公開日 2025年11月10日 項目一覧 １． 介護保険制度とは ２． 介護サービスを受けるまでの流れ ３． 介護サービスの内容 ４． 介護サービスにかかる費用 ５． 介護サービスの費用と自己負担 ６． 保険料について ７． 保険料の納め方と納付方法 ８． 滞納した場合
16	伊江村	村県民税	https://www.iejima.org/category/bunya/kurashi/zeikin/sonkenminzei/	村県民税 | 伊江村公式ホームページ 日本語 English Français 簡体中文 繁体中文 한국어 文字のサイズ 小 中 大 配色 青 黄 黒 標準 --> 携帯電話版 サイトマップ トップ 観光・イベント くらし・手続き 産業・ビジネス 行政情報 防災・消防・緊急 TOP > カテゴリ > 分野 > くらし・手続き > 税金 > 村県民税 村県民税 記事一覧 RSS Atom 村県民税の減免について （ 2026年07月10日 住民課 ） 個人住民税の特別徴収について （ 2026年03月19日 住民課 ） 令和８年度（令和７年分）給与支払報告書の提出について （ 2026年01月08日 住民課 ） 個人住民税 （ 2025年10月20日 住民課 ） 個人住民税の特別徴収の手続きがお済みでない事業主の
16	伊江村	軽自動車税	https://www.iejima.org/category/bunya/kurashi/zeikin/keijidousya/	軽自動車税 | 伊江村公式ホームページ 日本語 English Français 簡体中文 繁体中文 한국어 文字のサイズ 小 中 大 配色 青 黄 黒 標準 --> 携帯電話版 サイトマップ トップ 観光・イベント くらし・手続き 産業・ビジネス 行政情報 防災・消防・緊急 TOP > カテゴリ > 分野 > くらし・手続き > 税金 > 軽自動車税 軽自動車税 記事一覧 RSS Atom 軽自動車税（種別割）について （ 2024年11月08日 住民課 ） 【軽自動車税(種別割)を口座振替で納付している方】令和５年度より「納税証明書（車検用）」の送付が廃止となりました。 （ 2024年10月11日 住民課 ） 特定小型原動機付自転車（電動キックボード等）について （ 2024年09月24日 住民課 ） 軽自
16	伊江村	[イベント]2025年9月20日・21日東京開催～第21回ふるさと回帰フェア2025	https://www.iejima.org/document/2025072400013/	[イベント]2025年9月20日・21日東京開催～第21回ふるさと回帰フェア2025 | 伊江村公式ホームページ 日本語 English Français 簡体中文 繁体中文 한국어 文字のサイズ 小 中 大 配色 青 黄 黒 標準 --> 携帯電話版 サイトマップ トップ 観光・イベント くらし・手続き 産業・ビジネス 行政情報 防災・消防・緊急 TOP > カテゴリ > 区分 > 注目情報 TOP > カテゴリ > 分野 > 移住定住ガイド 読み上げる [イベント]2025年9月20日・21日東京開催～第21回ふるさと回帰フェア2025 公開日 2025年08月29日 このイベントは終了しております。 伊江島が「ふるさと回帰フェア2025」に出展します！ 今年で21回目を迎える、日本最大級の移住相談イベント
16	伊江村	[イベント]2025年5月21日（水）LIVE配信～おきなわ移住スタートアップセミナー	https://www.iejima.org/document/2025051400010/	[イベント]2025年5月21日（水）LIVE配信～おきなわ移住スタートアップセミナー | 伊江村公式ホームページ 日本語 English Français 簡体中文 繁体中文 한국어 文字のサイズ 小 中 大 配色 青 黄 黒 標準 --> 携帯電話版 サイトマップ トップ 観光・イベント くらし・手続き 産業・ビジネス 行政情報 防災・消防・緊急 TOP > カテゴリ > 区分 > 注目情報 TOP > カテゴリ > 分野 > 移住定住ガイド 読み上げる [イベント]2025年5月21日（水）LIVE配信～おきなわ移住スタートアップセミナー 公開日 2025年05月14日 セミナーは終了しました。詳細はYoutubeの「沖縄県公式移住応援サイト おきなわ島ぐらし」のアーカイブ配信をご覧ください。 今年度第１
16	伊江村	[イベント]2023年10月25日（水）開催～おきなわ島ぐらし 沖縄移住オンライン座談会 10月	https://www.iejima.org/document/2023101200023/	[イベント]2023年10月25日（水）開催～おきなわ島ぐらし 沖縄移住オンライン座談会 10月 | 伊江村公式ホームページ 日本語 English Français 簡体中文 繁体中文 한국어 文字のサイズ 小 中 大 配色 青 黄 黒 標準 --> 携帯電話版 サイトマップ トップ 観光・イベント くらし・手続き 産業・ビジネス 行政情報 防災・消防・緊急 TOP > カテゴリ > 区分 > 注目情報 TOP > カテゴリ > 分野 > 移住定住ガイド 読み上げる [イベント]2023年10月25日（水）開催～おきなわ島ぐらし 沖縄移住オンライン座談会 10月 公開日 2023年10月13日 このイベントは終了しております。 沖縄県主催！ 4つの市町村と沖縄県・県の地域おこし協力隊・県の教育委員会の担当者が
46	嘉手納町	入学祝金	https://www.town.kadena.okinawa.jp/info/n8837.html	入学祝金。高等学校等の新入生1人につき5万円。2026年5月18日から2026年11月30日まで。必着。嘉手納町公式ページで、嘉手納町入学祝金の支給について確認。公式ページはHTTPSで200応答し、Last-Modifiedは2026年6月19日であることを確認。チラシPDFはHTTPSで200応答し、Last-Modifiedは2026年6月18日であること、支給申請書PDFはHTTPSで200応答し、Last-Modifiedは2026年6月18日であることを確認。制度は、嘉手納町が令和8年度に小学校・中学校・高等学校等に入学した児童生徒の保護者に対し入学祝金を支給する町独自事業であることを確認。支給対象者は、令和8年度に小学校・中学校・高等学校等に入学した児童生徒を養育している保護者で、2026年5月1日時点で嘉手納町に住民登録がある方であることを確認。保護者は児童の親権者、未成年後見人またはこれらに準ずる者を指すことを確認。小学校には義務教育学校の前期課程、特別支援学校の小学部等を含み、中学校には義務教育学校の後期課程、中等教育学校の前期課程、特別支援学校の中学部等を含み、高等学校等には中等教育学校の後期課程、特別支援学校の高等部、高等専門学校、専修学校の高等課程等を含むことを確認。入学祝金の額は、新入生1人につき小学校3万円、中学校4万円、高等学校等5万円であることを確認。2026年5月1日時点で児童の住所が嘉手納町にある方には申請書を送付し、支給要件に該当する場合は申請書を子ども家庭課へ提出または電子申請で手続きできることを確認。2026年5月1日時点で児童の住所が嘉手納町にない方には申請書郵送がなく、嘉手納町ホームページまたは子ども家庭課窓口から申請書を入手して提出または電子申請することを確認。申請期限は2026年11月30日必着であることを確認。申請書PDFで、申請者が支給申請する年の5月1日時点に嘉手納町に住所を有し、新入生の親権者・未成年後見人等で現に監護する者であることに誓約する様式であること、高等学校等は在学証明書または学生証等の写しが必要で、
46	嘉手納町	生活支援商品券配布事業	https://www.town.kadena.okinawa.jp/info/n8761.html	生活支援商品券配布事業。町民1人につき1万円分の商品券。商品券の有効期限は2026年9月30日まで。嘉手納町公式ページで、嘉手納町生活支援商品券配布事業を確認。公式ページはHTTPSで200応答し、Last-Modifiedは2026年6月28日であることを確認。ページの日付は産業環境課2026年6月4日であることを確認。制度は、物価高騰の影響を受けた町民の個人消費を下支えするため、町内の対象店舗のみで利用可能な商品券を全町民に配布し、落ち込んだ地域経済の回復を図ることを目的としていることを確認。配布金額は生活支援商品券1万円分、町民1人あたりであることを確認。対象者は、2026年1月1日時点で嘉手納町の住民基本台帳に記録されている町民であることを確認。配布方法は、対象の世帯主あてに生活支援商品券をゆうパックで郵送する方式で、2026年4月から順次6月末頃の配達予定であることを確認。不在時は不在票で手続きし、郵便局での保管期間は1週間、保管期間内に受け取りがない場合は郵便局から役場へ返却され、産業環境課窓口で本人確認書類等により受け取る案内があることを確認。商品券の有効期限は2026年9月30日までであること、取扱店舗リストが公式ページで公開されていることを確認。新規公式確認済み制度として追加。
46	嘉手納町	住宅リフォーム支援事業補助金	https://www.town.kadena.okinawa.jp/info/n7888.html	住宅リフォーム支援事業補助金。対象工事費の50%、最大80万円。2026年5月1日から2026年12月18日まで。先着順で、予算に達し次第受付終了。嘉手納町公式ページで、令和8年度住宅リフォーム支援事業補助金を確認。公式ページはHTTPSで200応答し、Last-Modifiedは2026年6月19日であることを確認。住宅リフォーム工事チラシPDFはHTTPSで200応答し、Last-Modifiedは2026年5月11日であること、対象工事例一覧PDFもHTTPSで200応答し、Last-Modifiedは2026年5月11日であることを確認。ページの日付は企画財政課2026年4月17日であることを確認。受付期間は2026年5月1日から2026年12月18日までで、先着順となり予算に達し次第受付締切となることを確認。制度は、住宅リフォーム工事を町内業者で施工する場合、補助対象工事1件につき10万円以上の工事について、対象工事費総額の50%または各条件による上限のいずれか低い金額を補助するものであることを確認。補助上限は、新たに多世帯住宅が上限50万円、所有者が住む空き家が上限30万円、18歳までの子を養育している子育て世帯が居住する住宅で上記の多世帯住宅または空き家に該当するものは上限30万円加算、そのほか一般住宅等は上限20万円であることを確認。共通条件として、町税を滞納していないこと、補助対象工事1件につき10万円以上の工事であること、築年数10年を超えていること、同一住宅について補助交付は原則1回限度であること、施工業者は町内に本社を有する法人または町内に住民登録している個人事業者であること、工事に着手する年度の2月末までに実績報告書を提出できること、同一工事範囲で国・県・町の他制度による補助または貸付を受けていないことを確認。申請は工事着手前に行い、交付または不交付決定通知後に工事着手する流れであることを確認。新規公式確認済み制度として追加。
46	嘉手納町	新築住宅等取得補助金	https://www.town.kadena.okinawa.jp/info/n7768.html	新築住宅等取得補助金。住宅・賃貸住宅とも1戸あたり100万円。対象期間は2025年4月1日から2027年3月31日までに取得し居住を開始した方。申請期間は起算日から6か月経過後の6か月間。嘉手納町公式ページで、嘉手納町定住促進事業の新築住宅等取得補助金を確認。公式ページはHTTPSで200応答し、Last-Modifiedは2026年6月19日であることを確認。ページの日付は企画財政課2026年6月17日であることを確認。ページでは、補助対象期間は2027年3月31日までに建築し居住を開始した方が対象であること、令和7年度から嘉手納町定住促進事業が新しくなり定住奨励金は廃止されたことを確認。新築住宅等取得補助金の補助額は、住宅を取得した個人が100万円/戸、賃貸住宅を取得した個人または法人が100万円/戸であることを確認。賃貸住宅は申請時までにすでに賃貸契約を結んでいる戸数に限ることを確認。建物の条件として、新築後1年以内に取得していること、取得は建築基準法第7条に基づく検査および登記を完了していること、住宅および多世帯住宅はそれぞれ50平方メートル以上を有し台所・トイレ・浴室がそれぞれ備わっていること、賃貸住宅は1戸の床面積50平方メートル以上、2LDK以上、リビング・ダイニング・キッチンの合計面積16.2平方メートル以上であることを確認。補助対象者は、居住を開始してから5年以上定住できる方、申請時および後追い調査で対象建物に関する調査に同意できる方であることを確認。対象外は分譲マンション、民泊として貸し出すもの、住民基本台帳に記載されない者のための住宅等であることを確認。対象期間は2025年4月1日から2027年3月31日までに取得し居住を開始した方で、申請期間は起算日から6か月を経過した日から6か月の間であることを確認。新規公式確認済み制度として追加。
46	嘉手納町	建物除却補助金	https://www.town.kadena.okinawa.jp/info/n7768.html	建物除却補助金。除却費用の2分の1、上限50万円。申請期間は起算日から6か月を経過した日から6か月の間。詳細は事前協議時に確認。嘉手納町公式ページで、嘉手納町定住促進事業の建物除却補助金を確認。公式ページはHTTPSで200応答し、Last-Modifiedは2026年6月19日であることを確認。ページの日付は企画財政課2026年6月17日であることを確認。ページでは、補助対象期間は2027年3月31日までに建築し居住を開始した方が対象であること、令和8年度から嘉手納町定住促進事業の建物除却補助額が50万円に変わり、2026年4月1日以降の申請者が対象であることを確認。建物除却補助金の補助額は除却費用の2分の1、上限50万円であることを確認。条件として、新築住宅等取得補助金の交付対象となる住宅等を建築するための建物除却であること、除却建物に所有権以外の権利が設定されていないこと、家屋課税台帳または家屋補充課税台帳に登録されている建物であること、除却工事に着手していないことを確認。事前協議は必須で、建物除却の場合は工事着手前に事前協議を済ませる必要があること、申請期間は起算日から6か月を経過した日から6か月の間であることを確認。新規公式確認済み制度として追加。
46	嘉手納町	先進医療不妊治療費助成事業	https://www.town.kadena.okinawa.jp/info/n8329.html	先進医療不妊治療費助成事業。1回の治療につき上限15万円。治療終了後1年以内。嘉手納町公式ページで、嘉手納町先進医療不妊治療費助成事業を確認。公式ページはHTTPSで200応答し、Last-Modifiedは2026年6月19日であることを確認。ページの日付は2025年6月25日であることを確認。制度は、先進医療不妊治療を行っている夫婦に費用の一部を助成するものであることを確認。先進医療不妊治療は、厚生労働省の先進医療会議における審査等を受け、先進医療として告示されている不妊治療関連技術であることを確認。対象者は、沖縄県先進医療不妊治療費助成事業による助成を受けている者、申請時に夫婦のいずれか一方または両方が嘉手納町に1年以上住所を有している者などであることを確認。対象治療は2025年4月1日以降に終了する先進医療不妊治療で、沖縄県先進医療不妊治療費助成事業助成金交付要綱に基づき決定通知を受けた治療であることを確認。助成額は、先進医療不妊治療に要した費用のうち県助成事業による助成額を控除した額で、1回の治療につき15万円を上限とし、千円未満の端数は切り捨てることを確認。申請書類として、県から送付された承認決定通知、県助成事業申請時に提出した受診等証明書の写し、領収書、嘉手納町申請書が案内されていることを確認。申請期限は治療終了後1年以内であることを確認。新規公式確認済み制度として追加。
46	嘉手納町	がん患者アピアランスケア支援事業	https://www.town.kadena.okinawa.jp/info/n8221.html	がん患者アピアランスケア支援事業。ウィッグ・乳房補整具それぞれ上限2万円。4月から12月までの購入分は翌年2月末日まで、1月から3月までの購入分は購入日の翌日から90日を経過した日まで。嘉手納町公式ページで、嘉手納町がん患者アピアランスケア支援事業を確認。公式ページはHTTPSで200応答し、Last-Modifiedは2026年6月19日であることを確認。ページの日付は2026年4月6日であることを確認。制度は、がん患者のがん治療による外見の変化を補完するために使用する補整具、ウィッグや乳房補整具の購入費用の一部を助成するものであることを確認。対象者は、申請日時点で嘉手納町の住民基本台帳に記録されている方、がんと診断され治療を受けたまたは現に受けている方で治療による外見の変化を補完する補整具を必要としている方、申請する補整具に対して他の補助等を受けていない方、過去に沖縄県内市町村から同補整具の補助を受けていない方であることを確認。対象品はウィッグ、装着に必要な頭皮保護用ネット、乳房補整具左右、補整下着や補整パッド等の胸部補正具で、付属品、ケア用品、交通費、送料等は対象外であることを確認。助成額は、1人につきウィッグ、乳房補整具左、乳房補整具右それぞれの購入額で、それぞれ上限2万円であることを確認。助成回数はそれぞれ1回ずつであることを確認。申請期限は、4月から12月までの購入分は購入した年の翌年2月末日まで、1月から3月までの購入分は購入日の翌日から起算して90日を経過した日までであることを確認。新規公式確認済み制度として追加。
46	嘉手納町	若年がん患者在宅療養生活支援事業	https://www.town.kadena.okinawa.jp/info/n8222.html	若年がん患者在宅療養生活支援事業。月上限54,000円。サービス利用前に申請。利用変更・廃止時は変更（廃止）申請書を提出。嘉手納町公式ページで、嘉手納町若年がん患者在宅療養生活支援事業を確認。公式ページはHTTPSで200応答し、Last-Modifiedは2026年6月19日であることを確認。ページの日付は2026年4月6日であることを確認。制度は、がんの治療を行わない40歳未満のがん患者が住み慣れた自宅で在宅療養生活を送るために必要な費用の一部を助成するものであることを確認。対象者は、申請日時点で嘉手納町の住民基本台帳に記録され、サービス利用時に20歳以上40歳未満、または18歳以上20歳未満で児童福祉法の小児慢性特定疾病医療費の支給を受けていない方であることを確認。介護保険における特定疾病としてのがんの定義及び診断基準に該当し、医師が一般に認められている医学的知見に基づき回復の見込みがない状態に至ったと判断した方で、在宅生活で居宅介護等の支援が必要な方、他制度で同等の助成等を受けられない方が対象であることを確認。助成対象は介護保険法に規定された居宅サービスに相当するサービスの利用料であることを確認。助成額は1か月あたりのサービス利用料の9割、最大54,000円であり、特定福祉用具は福祉用具の種類ごとに1回限りであることを確認。利用者がサービス利用料の全額を事業者に支払った後、町が利用者へ助成金を支払う流れであることを確認。新規公式確認済み制度として追加。
30	嘉手納町	くらしと住まい	https://www.town.kadena.okinawa.jp/life/cat2/	くらしと住まい | 沖縄県嘉手納町（かでな町） 〒904-0293 沖縄県中頭郡嘉手納町字嘉手納588 TEL： 098-956-1111 地図・庁舎案内 窓口の対応時間 文字の大きさ 小 中 大 色合い 白 青 黄 黒 サイトマップ お問合せ English 暮らし情報 暮らし情報 マイナンバーカードについて 各種計画について 統計情報 嘉手納町の人口 公立保育所・子育て支援センターだより 基地について 戸籍・住民基本台帳 くらしと住まい 国民年金について 国民健康保険と介護保険 税について 心身に障害のある方 出産・育児・教育 健康について 上水道について 下水道について 情報公開・個人情報保護 人権相談 許可申請 広報無線について 就職・退職 ごみ・環境・衛生 施設紹介 施設紹介 学校機関 保育所 社会福
30	嘉手納町	出産・育児・教育	https://www.town.kadena.okinawa.jp/life/cat26/	出産・育児・教育 | 沖縄県嘉手納町（かでな町） 〒904-0293 沖縄県中頭郡嘉手納町字嘉手納588 TEL： 098-956-1111 地図・庁舎案内 窓口の対応時間 文字の大きさ 小 中 大 色合い 白 青 黄 黒 サイトマップ お問合せ English 暮らし情報 暮らし情報 マイナンバーカードについて 各種計画について 統計情報 嘉手納町の人口 公立保育所・子育て支援センターだより 基地について 戸籍・住民基本台帳 くらしと住まい 国民年金について 国民健康保険と介護保険 税について 心身に障害のある方 出産・育児・教育 健康について 上水道について 下水道について 情報公開・個人情報保護 人権相談 許可申請 広報無線について 就職・退職 ごみ・環境・衛生 施設紹介 施設紹介 学校機関 保育所 社会
28	嘉手納町	便利でスムーズな手続き！オンライン申請サービスが始まります	https://www.town.kadena.okinawa.jp/info/n7564.html	便利でスムーズな手続き！オンライン申請サービスが始まります | 沖縄県嘉手納町（かでな町） 〒904-0293 沖縄県中頭郡嘉手納町字嘉手納588 TEL： 098-956-1111 地図・庁舎案内 窓口の対応時間 文字の大きさ 小 中 大 色合い 白 青 黄 黒 サイトマップ お問合せ English 暮らし情報 暮らし情報 マイナンバーカードについて 各種計画について 統計情報 嘉手納町の人口 公立保育所・子育て支援センターだより 基地について 戸籍・住民基本台帳 くらしと住まい 国民年金について 国民健康保険と介護保険 税について 心身に障害のある方 出産・育児・教育 健康について 上水道について 下水道について 情報公開・個人情報保護 人権相談 許可申請 広報無線について 就職・退職 ごみ・環境・衛生
25	嘉手納町	定住促進 補助金の種類と相談窓口	https://www.town.kadena.okinawa.jp/life/kur8570.html	定住促進 補助金の種類と相談窓口 | 沖縄県嘉手納町（かでな町） 〒904-0293 沖縄県中頭郡嘉手納町字嘉手納588 TEL： 098-956-1111 地図・庁舎案内 窓口の対応時間 文字の大きさ 小 中 大 色合い 白 青 黄 黒 サイトマップ お問合せ English 暮らし情報 暮らし情報 マイナンバーカードについて 各種計画について 統計情報 嘉手納町の人口 公立保育所・子育て支援センターだより 基地について 戸籍・住民基本台帳 くらしと住まい 国民年金について 国民健康保険と介護保険 税について 心身に障害のある方 出産・育児・教育 健康について 上水道について 下水道について 情報公開・個人情報保護 人権相談 許可申請 広報無線について 就職・退職 ごみ・環境・衛生 施設紹介 施設紹介 学校機
18	嘉手納町	ごみ・環境・衛生	https://www.town.kadena.okinawa.jp/life/cat87/	ごみ・環境・衛生 | 沖縄県嘉手納町（かでな町） 〒904-0293 沖縄県中頭郡嘉手納町字嘉手納588 TEL： 098-956-1111 地図・庁舎案内 窓口の対応時間 文字の大きさ 小 中 大 色合い 白 青 黄 黒 サイトマップ お問合せ English 暮らし情報 暮らし情報 マイナンバーカードについて 各種計画について 統計情報 嘉手納町の人口 公立保育所・子育て支援センターだより 基地について 戸籍・住民基本台帳 くらしと住まい 国民年金について 国民健康保険と介護保険 税について 心身に障害のある方 出産・育児・教育 健康について 上水道について 下水道について 情報公開・個人情報保護 人権相談 許可申請 広報無線について 就職・退職 ごみ・環境・衛生 施設紹介 施設紹介 学校機関 保育所 社会
17	嘉手納町	嘉手納町子育て応援BOOK発刊について	https://www.town.kadena.okinawa.jp/life/kur7814.html	嘉手納町子育て応援BOOK発刊について | 沖縄県嘉手納町（かでな町） 〒904-0293 沖縄県中頭郡嘉手納町字嘉手納588 TEL： 098-956-1111 地図・庁舎案内 窓口の対応時間 文字の大きさ 小 中 大 色合い 白 青 黄 黒 サイトマップ お問合せ English 暮らし情報 暮らし情報 マイナンバーカードについて 各種計画について 統計情報 嘉手納町の人口 公立保育所・子育て支援センターだより 基地について 戸籍・住民基本台帳 くらしと住まい 国民年金について 国民健康保険と介護保険 税について 心身に障害のある方 出産・育児・教育 健康について 上水道について 下水道について 情報公開・個人情報保護 人権相談 許可申請 広報無線について 就職・退職 ごみ・環境・衛生 施設紹介 施設紹介
17	嘉手納町	【7	https://www.town.kadena.okinawa.jp/info/n8325.html	【7/29〆】令和8年度 第2回ゆんたく会について（自発的活動支援事業） | 沖縄県嘉手納町（かでな町） 〒904-0293 沖縄県中頭郡嘉手納町字嘉手納588 TEL： 098-956-1111 地図・庁舎案内 窓口の対応時間 文字の大きさ 小 中 大 色合い 白 青 黄 黒 サイトマップ お問合せ English 暮らし情報 暮らし情報 マイナンバーカードについて 各種計画について 統計情報 嘉手納町の人口 公立保育所・子育て支援センターだより 基地について 戸籍・住民基本台帳 くらしと住まい 国民年金について 国民健康保険と介護保険 税について 心身に障害のある方 出産・育児・教育 健康について 上水道について 下水道について 情報公開・個人情報保護 人権相談 許可申請 広報無線について 就職・退職 ごみ
17	嘉手納町	特定防衛施設周辺整備調整交付金事業にてさんさん保育所（旧第三保育所）園庭を整備しました	https://www.town.kadena.okinawa.jp/info/n7808.html	特定防衛施設周辺整備調整交付金事業にてさんさん保育所（旧第三保育所）園庭を整備しました | 沖縄県嘉手納町（かでな町） 〒904-0293 沖縄県中頭郡嘉手納町字嘉手納588 TEL： 098-956-1111 地図・庁舎案内 窓口の対応時間 文字の大きさ 小 中 大 色合い 白 青 黄 黒 サイトマップ お問合せ English 暮らし情報 暮らし情報 マイナンバーカードについて 各種計画について 統計情報 嘉手納町の人口 公立保育所・子育て支援センターだより 基地について 戸籍・住民基本台帳 くらしと住まい 国民年金について 国民健康保険と介護保険 税について 心身に障害のある方 出産・育児・教育 健康について 上水道について 下水道について 情報公開・個人情報保護 人権相談 許可申請 広報無線について 就
16	嘉手納町	税について	https://www.town.kadena.okinawa.jp/life/cat3/	税について | 沖縄県嘉手納町（かでな町） 〒904-0293 沖縄県中頭郡嘉手納町字嘉手納588 TEL： 098-956-1111 地図・庁舎案内 窓口の対応時間 文字の大きさ 小 中 大 色合い 白 青 黄 黒 サイトマップ お問合せ English 暮らし情報 暮らし情報 マイナンバーカードについて 各種計画について 統計情報 嘉手納町の人口 公立保育所・子育て支援センターだより 基地について 戸籍・住民基本台帳 くらしと住まい 国民年金について 国民健康保険と介護保険 税について 心身に障害のある方 出産・育児・教育 健康について 上水道について 下水道について 情報公開・個人情報保護 人権相談 許可申請 広報無線について 就職・退職 ごみ・環境・衛生 施設紹介 施設紹介 学校機関 保育所 社会福祉施
42	読谷村	【後期高齢者医療保険】新型コロナウイルス感染症に伴う傷病手当金の支給について	https://www.vill.yomitan.okinawa.jp/iryo_kenko_fukushi/iryo_kenok/kansensho_byoki/covid19/1927.html	【後期高齢者医療保険】新型コロナウイルス感染症に伴う傷病手当金の支給について／沖縄県読谷村 スマートフォン版を表示 本文へ 文字サイズ 背景色変更 Foreign Language English 中文(簡体字) 中文(繁体字) Go くらし・手続き しごと・産業 医療・健康・福祉 観光・文化・スポーツ 行政情報 子育て・教育 くらし・手続き しごと・産業 医療・健康・福祉 観光・文化・スポーツ 行政情報 子育て・教育 文字サイズ 背景色変更 Foreign Language English 中文(簡体字) 中文(繁体字) Go PC版で見る 閉じる 現在のページ ホーム 医療・健康・福祉 医療・健康 感染症・病気 新型コロナウイルス感染症 【後期高齢者医療保険】新型コロナウイルス感染症に伴う傷病手当金の支給に
42	読谷村	老人福祉医療助成事業（オムツ代）	https://www.vill.yomitan.okinawa.jp/iryo_kenko_fukushi/kourei_fukushi_kaigo/2727.html	老人福祉医療助成事業（オムツ代）／沖縄県読谷村 スマートフォン版を表示 本文へ 文字サイズ 背景色変更 Foreign Language English 中文(簡体字) 中文(繁体字) Go くらし・手続き しごと・産業 医療・健康・福祉 観光・文化・スポーツ 行政情報 子育て・教育 くらし・手続き しごと・産業 医療・健康・福祉 観光・文化・スポーツ 行政情報 子育て・教育 文字サイズ 背景色変更 Foreign Language English 中文(簡体字) 中文(繁体字) Go PC版で見る 閉じる 現在のページ ホーム 医療・健康・福祉 高齢者福祉・介護 老人福祉医療助成事業（オムツ代） 老人福祉医療助成事業（オムツ代） 更新日：2023年06月29日 目的 在宅及び長期入院中の寝たきり老人ならびに重
42	読谷村	※3月1日より受付開始※令和7年度 副食費の実費徴収に係る補足給付費補助の申請について	https://www.vill.yomitan.okinawa.jp/kodomonotobira/6778.html	※3月1日より受付開始※令和7年度 副食費の実費徴収に係る補足給付費補助の申請について／沖縄県読谷村 スマートフォン版を表示 本文へ 文字サイズ 背景色変更 Foreign Language English 中文(簡体字) 中文(繁体字) Go くらし・手続き しごと・産業 医療・健康・福祉 観光・文化・スポーツ 行政情報 子育て・教育 くらし・手続き しごと・産業 医療・健康・福祉 観光・文化・スポーツ 行政情報 子育て・教育 文字サイズ 背景色変更 Foreign Language English 中文(簡体字) 中文(繁体字) Go PC版で見る 閉じる 現在のページ ホーム こどものトビラ ※3月1日より受付開始※令和7年度 副食費の実費徴収に係る補足給付費補助の申請について ※3月1日より受付開始※令
42	読谷村	ひとり親家庭等認可外保育施設利用料補助金事業	https://www.vill.yomitan.okinawa.jp/kodomonotobira/5781.html	ひとり親家庭等認可外保育施設利用料補助金事業／沖縄県読谷村 スマートフォン版を表示 本文へ 文字サイズ 背景色変更 Foreign Language English 中文(簡体字) 中文(繁体字) Go くらし・手続き しごと・産業 医療・健康・福祉 観光・文化・スポーツ 行政情報 子育て・教育 くらし・手続き しごと・産業 医療・健康・福祉 観光・文化・スポーツ 行政情報 子育て・教育 文字サイズ 背景色変更 Foreign Language English 中文(簡体字) 中文(繁体字) Go PC版で見る 閉じる 現在のページ ホーム こどものトビラ ひとり親家庭等認可外保育施設利用料補助金事業 ひとり親家庭等認可外保育施設利用料補助金事業 更新日：2026年05月20日 認可保育所に空きがない等の理由に
42	読谷村	ひとり親家庭等放課後児童クラブ利用支援事業	https://www.vill.yomitan.okinawa.jp/kosodate_kyoiku/gakudo/7026.html	ひとり親家庭等放課後児童クラブ利用支援事業／沖縄県読谷村 スマートフォン版を表示 本文へ 文字サイズ 背景色変更 Foreign Language English 中文(簡体字) 中文(繁体字) Go くらし・手続き しごと・産業 医療・健康・福祉 観光・文化・スポーツ 行政情報 子育て・教育 くらし・手続き しごと・産業 医療・健康・福祉 観光・文化・スポーツ 行政情報 子育て・教育 文字サイズ 背景色変更 Foreign Language English 中文(簡体字) 中文(繁体字) Go PC版で見る 閉じる 現在のページ ホーム 子育て・教育 学童保育・放課後子ども教室 ひとり親家庭等放課後児童クラブ利用支援事業 ひとり親家庭等放課後児童クラブ利用支援事業 更新日：2026年05月20日 ひとり親家庭
42	読谷村	保育士処遇改善支援金の新設（R7.4月～拡充）と、保育士就労促進支援金の対象拡充のお知らせ	https://www.vill.yomitan.okinawa.jp/kosodate_kyoiku/hoikusho_yochien/4166.html	保育士処遇改善支援金の新設（R7.4月～拡充）と、保育士就労促進支援金の対象拡充のお知らせ／沖縄県読谷村 スマートフォン版を表示 本文へ 文字サイズ 背景色変更 Foreign Language English 中文(簡体字) 中文(繁体字) Go くらし・手続き しごと・産業 医療・健康・福祉 観光・文化・スポーツ 行政情報 子育て・教育 くらし・手続き しごと・産業 医療・健康・福祉 観光・文化・スポーツ 行政情報 子育て・教育 文字サイズ 背景色変更 Foreign Language English 中文(簡体字) 中文(繁体字) Go PC版で見る 閉じる 現在のページ ホーム 子育て・教育 保育所・こども園・幼稚園 保育士処遇改善支援金の新設（R7.4月～拡充）と、保育士就労促進支援金の対象拡充のお知
42	読谷村	副食費の実費徴収に係る補足給付費補助の申請について	https://www.vill.yomitan.okinawa.jp/kosodate_kyoiku/hoikusho_yochien/6011.html	副食費の実費徴収に係る補足給付費補助の申請について／沖縄県読谷村 スマートフォン版を表示 本文へ 文字サイズ 背景色変更 Foreign Language English 中文(簡体字) 中文(繁体字) Go くらし・手続き しごと・産業 医療・健康・福祉 観光・文化・スポーツ 行政情報 子育て・教育 くらし・手続き しごと・産業 医療・健康・福祉 観光・文化・スポーツ 行政情報 子育て・教育 文字サイズ 背景色変更 Foreign Language English 中文(簡体字) 中文(繁体字) Go PC版で見る 閉じる 現在のページ ホーム 子育て・教育 保育所・こども園・幼稚園 副食費の実費徴収に係る補足給付費補助の申請について 副食費の実費徴収に係る補足給付費補助の申請について 更新日：2025年02
42	読谷村	※令和8年10月より給付上限額が引き上げられます※【令和8年度 年間請求スケジュール】幼児教育・保育の無償化	https://www.vill.yomitan.okinawa.jp/kosodate_kyoiku/hoikusho_yochien/1945.html	※令和8年10月より給付上限額が引き上げられます※【令和8年度 年間請求スケジュール】幼児教育・保育の無償化／沖縄県読谷村 スマートフォン版を表示 本文へ 文字サイズ 背景色変更 Foreign Language English 中文(簡体字) 中文(繁体字) Go くらし・手続き しごと・産業 医療・健康・福祉 観光・文化・スポーツ 行政情報 子育て・教育 くらし・手続き しごと・産業 医療・健康・福祉 観光・文化・スポーツ 行政情報 子育て・教育 文字サイズ 背景色変更 Foreign Language English 中文(簡体字) 中文(繁体字) Go PC版で見る 閉じる 現在のページ ホーム 子育て・教育 保育所・こども園・幼稚園 ※令和8年10月より給付上限額が引き上げられます※【令和8年度 年間
42	読谷村	保育士処遇改善支援金の新設（R7.4月～拡充）と、保育士就労促進支援金の対象拡充のお知らせ	https://www.vill.yomitan.okinawa.jp/kosodate_kyoiku/hoikusisyuurousap-to/5359.html	保育士処遇改善支援金の新設（R7.4月～拡充）と、保育士就労促進支援金の対象拡充のお知らせ／沖縄県読谷村 スマートフォン版を表示 本文へ 文字サイズ 背景色変更 Foreign Language English 中文(簡体字) 中文(繁体字) Go くらし・手続き しごと・産業 医療・健康・福祉 観光・文化・スポーツ 行政情報 子育て・教育 くらし・手続き しごと・産業 医療・健康・福祉 観光・文化・スポーツ 行政情報 子育て・教育 文字サイズ 背景色変更 Foreign Language English 中文(簡体字) 中文(繁体字) Go PC版で見る 閉じる 現在のページ ホーム 子育て・教育 保育士就労サポート 保育士処遇改善支援金の新設（R7.4月～拡充）と、保育士就労促進支援金の対象拡充のお知らせ
42	読谷村	1.経済的支援	https://www.vill.yomitan.okinawa.jp/kosodate_kyoiku/jidofukushi/6720.html	1.経済的支援／沖縄県読谷村 スマートフォン版を表示 本文へ 文字サイズ 背景色変更 Foreign Language English 中文(簡体字) 中文(繁体字) Go くらし・手続き しごと・産業 医療・健康・福祉 観光・文化・スポーツ 行政情報 子育て・教育 くらし・手続き しごと・産業 医療・健康・福祉 観光・文化・スポーツ 行政情報 子育て・教育 文字サイズ 背景色変更 Foreign Language English 中文(簡体字) 中文(繁体字) Go PC版で見る 閉じる 現在のページ ホーム 子育て・教育 児童福祉・ひとり親福祉 1.経済的支援 1.経済的支援 更新日：2026年05月27日 1.経済的支援 児童扶養手当 児童扶養手当｜沖縄県公式ホームページ （外部リンク） ひとり親家庭、父
42	読谷村	重度心身障害者（重度心身障害児）医療費助成について	https://www.vill.yomitan.okinawa.jp/kosodate_kyoiku/jidofukushi/3774.html	重度心身障害者（重度心身障害児）医療費助成について／沖縄県読谷村 スマートフォン版を表示 本文へ 文字サイズ 背景色変更 Foreign Language English 中文(簡体字) 中文(繁体字) Go くらし・手続き しごと・産業 医療・健康・福祉 観光・文化・スポーツ 行政情報 子育て・教育 くらし・手続き しごと・産業 医療・健康・福祉 観光・文化・スポーツ 行政情報 子育て・教育 文字サイズ 背景色変更 Foreign Language English 中文(簡体字) 中文(繁体字) Go PC版で見る 閉じる 現在のページ ホーム 子育て・教育 児童福祉・ひとり親福祉 重度心身障害者（重度心身障害児）医療費助成について 重度心身障害者（重度心身障害児）医療費助成について 更新日：2023年04月
42	読谷村	保育士処遇改善支援金の新設（R7.4月～拡充）と、保育士就労促進支援金の対象拡充のお知らせ	https://www.vill.yomitan.okinawa.jp/kosodate_kyoiku/kosodate_shisetsu/4165.html	保育士処遇改善支援金の新設（R7.4月～拡充）と、保育士就労促進支援金の対象拡充のお知らせ／沖縄県読谷村 スマートフォン版を表示 本文へ 文字サイズ 背景色変更 Foreign Language English 中文(簡体字) 中文(繁体字) Go くらし・手続き しごと・産業 医療・健康・福祉 観光・文化・スポーツ 行政情報 子育て・教育 くらし・手続き しごと・産業 医療・健康・福祉 観光・文化・スポーツ 行政情報 子育て・教育 文字サイズ 背景色変更 Foreign Language English 中文(簡体字) 中文(繁体字) Go PC版で見る 閉じる 現在のページ ホーム 子育て・教育 子育て施設 保育士処遇改善支援金の新設（R7.4月～拡充）と、保育士就労促進支援金の対象拡充のお知らせ 保育士処
42	読谷村	令和8年度読谷村こども未来基金収益金事業 （助成金）を実施する個人又は団体等の決定について	https://www.vill.yomitan.okinawa.jp/kosodate_kyoiku/kosodateshien/4691.html	令和8年度読谷村こども未来基金収益金事業 （助成金）を実施する個人又は団体等の決定について／沖縄県読谷村 スマートフォン版を表示 本文へ 文字サイズ 背景色変更 Foreign Language English 中文(簡体字) 中文(繁体字) Go くらし・手続き しごと・産業 医療・健康・福祉 観光・文化・スポーツ 行政情報 子育て・教育 くらし・手続き しごと・産業 医療・健康・福祉 観光・文化・スポーツ 行政情報 子育て・教育 文字サイズ 背景色変更 Foreign Language English 中文(簡体字) 中文(繁体字) Go PC版で見る 閉じる 現在のページ ホーム 子育て・教育 子育て支援情報 令和8年度読谷村こども未来基金収益金事業 （助成金）を実施する個人又は団体等の決定について 令和
42	読谷村	※3月1日より受付開始※令和7年度 副食費の実費徴収に係る補足給付費補助の申請について	https://www.vill.yomitan.okinawa.jp/kosodate_kyoiku/kosodateshien/6777.html	※3月1日より受付開始※令和7年度 副食費の実費徴収に係る補足給付費補助の申請について／沖縄県読谷村 スマートフォン版を表示 本文へ 文字サイズ 背景色変更 Foreign Language English 中文(簡体字) 中文(繁体字) Go くらし・手続き しごと・産業 医療・健康・福祉 観光・文化・スポーツ 行政情報 子育て・教育 くらし・手続き しごと・産業 医療・健康・福祉 観光・文化・スポーツ 行政情報 子育て・教育 文字サイズ 背景色変更 Foreign Language English 中文(簡体字) 中文(繁体字) Go PC版で見る 閉じる 現在のページ ホーム 子育て・教育 子育て支援情報 ※3月1日より受付開始※令和7年度 副食費の実費徴収に係る補足給付費補助の申請について ※3月1日よ
42	読谷村	読谷村育英会（奨学金制度）について	https://www.vill.yomitan.okinawa.jp/kosodate_kyoiku/teate_kosodate/3661.html	読谷村育英会（奨学金制度）について／沖縄県読谷村 スマートフォン版を表示 本文へ 文字サイズ 背景色変更 Foreign Language English 中文(簡体字) 中文(繁体字) Go くらし・手続き しごと・産業 医療・健康・福祉 観光・文化・スポーツ 行政情報 子育て・教育 くらし・手続き しごと・産業 医療・健康・福祉 観光・文化・スポーツ 行政情報 子育て・教育 文字サイズ 背景色変更 Foreign Language English 中文(簡体字) 中文(繁体字) Go PC版で見る 閉じる 現在のページ ホーム 子育て・教育 子育て手当・奨学金等 読谷村育英会（奨学金制度）について 読谷村育英会（奨学金制度）について 更新日：2024年10月03日 学資の貸費について 読谷村育英会では、大学
38	読谷村	読谷村育英会（奨学金制度）について	https://www.vill.yomitan.okinawa.jp/kosodate_kyoiku/kyoiku_iinkai/2129.html	読谷村育英会（奨学金制度）について／沖縄県読谷村 スマートフォン版を表示 本文へ 文字サイズ 背景色変更 Foreign Language English 中文(簡体字) 中文(繁体字) Go くらし・手続き しごと・産業 医療・健康・福祉 観光・文化・スポーツ 行政情報 子育て・教育 くらし・手続き しごと・産業 医療・健康・福祉 観光・文化・スポーツ 行政情報 子育て・教育 文字サイズ 背景色変更 Foreign Language English 中文(簡体字) 中文(繁体字) Go PC版で見る 閉じる 現在のページ ホーム 子育て・教育 教育委員会 読谷村育英会（奨学金制度）について 読谷村育英会（奨学金制度）について 更新日：2024年10月03日 学資の貸費について 読谷村育英会では、大学・大学院・
37	読谷村	子育て手当・奨学金等	https://www.vill.yomitan.okinawa.jp/life_scene/kosodate/5516.html	子育て手当・奨学金等／沖縄県読谷村 スマートフォン版を表示 本文へ 文字サイズ 背景色変更 Foreign Language English 中文(簡体字) 中文(繁体字) Go くらし・手続き しごと・産業 医療・健康・福祉 観光・文化・スポーツ 行政情報 子育て・教育 くらし・手続き しごと・産業 医療・健康・福祉 観光・文化・スポーツ 行政情報 子育て・教育 文字サイズ 背景色変更 Foreign Language English 中文(簡体字) 中文(繁体字) Go PC版で見る 閉じる 現在のページ ホーム ライフシーンから探す 子育て 子育て手当・奨学金等 子育て手当・奨学金等 読谷村「出産・子育て応援給付金」申請について こども医療費助成制度 児童扶養手当及び特別児童扶養手当に関すること 読谷村育
37	読谷村	子育て手当・奨学金等	https://www.vill.yomitan.okinawa.jp/life_scene/kyoiku/5518.html	子育て手当・奨学金等／沖縄県読谷村 スマートフォン版を表示 本文へ 文字サイズ 背景色変更 Foreign Language English 中文(簡体字) 中文(繁体字) Go くらし・手続き しごと・産業 医療・健康・福祉 観光・文化・スポーツ 行政情報 子育て・教育 くらし・手続き しごと・産業 医療・健康・福祉 観光・文化・スポーツ 行政情報 子育て・教育 文字サイズ 背景色変更 Foreign Language English 中文(簡体字) 中文(繁体字) Go PC版で見る 閉じる 現在のページ ホーム ライフシーンから探す 教育 子育て手当・奨学金等 子育て手当・奨学金等 読谷村「出産・子育て応援給付金」申請について こども医療費助成制度 児童扶養手当及び特別児童扶養手当に関すること 読谷村育英
37	読谷村	令和8年度【児童扶養手当・母子及び父子家庭等医療費助成】現況届の提出について	https://www.vill.yomitan.okinawa.jp/kodomonotobira/5411.html	令和8年度【児童扶養手当・母子及び父子家庭等医療費助成】現況届の提出について／沖縄県読谷村 スマートフォン版を表示 本文へ 文字サイズ 背景色変更 Foreign Language English 中文(簡体字) 中文(繁体字) Go くらし・手続き しごと・産業 医療・健康・福祉 観光・文化・スポーツ 行政情報 子育て・教育 くらし・手続き しごと・産業 医療・健康・福祉 観光・文化・スポーツ 行政情報 子育て・教育 文字サイズ 背景色変更 Foreign Language English 中文(簡体字) 中文(繁体字) Go PC版で見る 閉じる 現在のページ ホーム こどものトビラ 令和8年度【児童扶養手当・母子及び父子家庭等医療費助成】現況届の提出について 令和8年度【児童扶養手当・母子及び父子家庭等医
37	読谷村	令和8年度【特別児童扶養手当】所得状況届の提出について	https://www.vill.yomitan.okinawa.jp/kodomonotobira/5409.html	令和8年度【特別児童扶養手当】所得状況届の提出について／沖縄県読谷村 スマートフォン版を表示 本文へ 文字サイズ 背景色変更 Foreign Language English 中文(簡体字) 中文(繁体字) Go くらし・手続き しごと・産業 医療・健康・福祉 観光・文化・スポーツ 行政情報 子育て・教育 くらし・手続き しごと・産業 医療・健康・福祉 観光・文化・スポーツ 行政情報 子育て・教育 文字サイズ 背景色変更 Foreign Language English 中文(簡体字) 中文(繁体字) Go PC版で見る 閉じる 現在のページ ホーム こどものトビラ 令和8年度【特別児童扶養手当】所得状況届の提出について 令和8年度【特別児童扶養手当】所得状況届の提出について 更新日：2026年07月16日 特
37	読谷村	※2月1日より受付開始※【令和8年度 LINE申請】幼児教育・保育の無償化	https://www.vill.yomitan.okinawa.jp/kosodate_kyoiku/hoikusho_yochien/6684.html	※2月1日より受付開始※【令和8年度 LINE申請】幼児教育・保育の無償化／沖縄県読谷村 スマートフォン版を表示 本文へ 文字サイズ 背景色変更 Foreign Language English 中文(簡体字) 中文(繁体字) Go くらし・手続き しごと・産業 医療・健康・福祉 観光・文化・スポーツ 行政情報 子育て・教育 くらし・手続き しごと・産業 医療・健康・福祉 観光・文化・スポーツ 行政情報 子育て・教育 文字サイズ 背景色変更 Foreign Language English 中文(簡体字) 中文(繁体字) Go PC版で見る 閉じる 現在のページ ホーム 子育て・教育 保育所・こども園・幼稚園 ※2月1日より受付開始※【令和8年度 LINE申請】幼児教育・保育の無償化 ※2月1日より受付開始※【
37	読谷村	育児休業給付金の支給対象期間延長手続き（厚生労働省からのお知らせ）	https://www.vill.yomitan.okinawa.jp/kosodate_kyoiku/hoikusho_yochien/5616.html	育児休業給付金の支給対象期間延長手続き（厚生労働省からのお知らせ）／沖縄県読谷村 スマートフォン版を表示 本文へ 文字サイズ 背景色変更 Foreign Language English 中文(簡体字) 中文(繁体字) Go くらし・手続き しごと・産業 医療・健康・福祉 観光・文化・スポーツ 行政情報 子育て・教育 くらし・手続き しごと・産業 医療・健康・福祉 観光・文化・スポーツ 行政情報 子育て・教育 文字サイズ 背景色変更 Foreign Language English 中文(簡体字) 中文(繁体字) Go PC版で見る 閉じる 現在のページ ホーム 子育て・教育 保育所・こども園・幼稚園 育児休業給付金の支給対象期間延長手続き（厚生労働省からのお知らせ） 育児休業給付金の支給対象期間延長手続き（厚
37	読谷村	ひとり親家庭支援	https://www.vill.yomitan.okinawa.jp/kosodate_kyoiku/jidofukushi/6613.html	ひとり親家庭支援／沖縄県読谷村 スマートフォン版を表示 本文へ 文字サイズ 背景色変更 Foreign Language English 中文(簡体字) 中文(繁体字) Go くらし・手続き しごと・産業 医療・健康・福祉 観光・文化・スポーツ 行政情報 子育て・教育 くらし・手続き しごと・産業 医療・健康・福祉 観光・文化・スポーツ 行政情報 子育て・教育 文字サイズ 背景色変更 Foreign Language English 中文(簡体字) 中文(繁体字) Go PC版で見る 閉じる 現在のページ ホーム 子育て・教育 児童福祉・ひとり親福祉 ひとり親家庭支援 ひとり親家庭支援 ひとり親家庭の皆さんへ各制度のご案内 児童扶養手当 母子及び父子家庭等医療費助成 母子（寡婦）福祉資金貸付 ひとり親家庭等認可
37	読谷村	私立中学校給食費補助金	https://www.vill.yomitan.okinawa.jp/kosodate_kyoiku/kyoiku_iinkai/6632.html	私立中学校給食費補助金／沖縄県読谷村 スマートフォン版を表示 本文へ 文字サイズ 背景色変更 Foreign Language English 中文(簡体字) 中文(繁体字) Go くらし・手続き しごと・産業 医療・健康・福祉 観光・文化・スポーツ 行政情報 子育て・教育 くらし・手続き しごと・産業 医療・健康・福祉 観光・文化・スポーツ 行政情報 子育て・教育 文字サイズ 背景色変更 Foreign Language English 中文(簡体字) 中文(繁体字) Go PC版で見る 閉じる 現在のページ ホーム 子育て・教育 教育委員会 私立中学校給食費補助金 私立中学校給食費補助金 更新日：2025年10月07日 読谷村では、子育て世代が抱えている経済的負担の軽減を図るため、読谷村に在住し、私立中学校
37	読谷村	児童扶養手当及び特別児童扶養手当に関すること	https://www.vill.yomitan.okinawa.jp/kosodate_kyoiku/teate_kosodate/3493.html	児童扶養手当及び特別児童扶養手当に関すること／沖縄県読谷村 スマートフォン版を表示 本文へ 文字サイズ 背景色変更 Foreign Language English 中文(簡体字) 中文(繁体字) Go くらし・手続き しごと・産業 医療・健康・福祉 観光・文化・スポーツ 行政情報 子育て・教育 くらし・手続き しごと・産業 医療・健康・福祉 観光・文化・スポーツ 行政情報 子育て・教育 文字サイズ 背景色変更 Foreign Language English 中文(簡体字) 中文(繁体字) Go PC版で見る 閉じる 現在のページ ホーム 子育て・教育 子育て手当・奨学金等 児童扶養手当及び特別児童扶養手当に関すること 児童扶養手当及び特別児童扶養手当に関すること 更新日：2025年04月04日 児童扶養手当
36	読谷村	税金	https://www.vill.yomitan.okinawa.jp/kurashi/zeikin/index.html	税金／沖縄県読谷村 スマートフォン版を表示 本文へ 文字サイズ 背景色変更 Foreign Language English 中文(簡体字) 中文(繁体字) Go くらし・手続き しごと・産業 医療・健康・福祉 観光・文化・スポーツ 行政情報 子育て・教育 くらし・手続き しごと・産業 医療・健康・福祉 観光・文化・スポーツ 行政情報 子育て・教育 文字サイズ 背景色変更 Foreign Language English 中文(簡体字) 中文(繁体字) Go PC版で見る 閉じる 現在のページ ホーム くらし・手続き 税金 税金 税金の概要 税の証明 納付 確定申告 村県民税 軽自動車税 固定資産税 郵送請求をご利用の皆様へ 電話でのお問合せについて 村へ提出される申請書等への押印の見直しについて 令和六年能登
36	読谷村	里帰り出産をご希望の妊婦さんへ	https://www.vill.yomitan.okinawa.jp/kosodate_kyoiku/ninshin_shussan/2035.html	里帰り出産をご希望の妊婦さんへ／沖縄県読谷村 スマートフォン版を表示 本文へ 文字サイズ 背景色変更 Foreign Language English 中文(簡体字) 中文(繁体字) Go くらし・手続き しごと・産業 医療・健康・福祉 観光・文化・スポーツ 行政情報 子育て・教育 くらし・手続き しごと・産業 医療・健康・福祉 観光・文化・スポーツ 行政情報 子育て・教育 文字サイズ 背景色変更 Foreign Language English 中文(簡体字) 中文(繁体字) Go PC版で見る 閉じる 現在のページ ホーム 子育て・教育 妊娠・出産 里帰り出産をご希望の妊婦さんへ 里帰り出産をご希望の妊婦さんへ 更新日：2023年04月24日 里帰り出産等により、県外の医療機関で妊産婦健康診査を受ける方は、
36	読谷村	障害福祉サービスについて	https://www.vill.yomitan.okinawa.jp/kosodate_kyoiku/jidofukushi/3777.html	障害福祉サービスについて／沖縄県読谷村 スマートフォン版を表示 本文へ 文字サイズ 背景色変更 Foreign Language English 中文(簡体字) 中文(繁体字) Go くらし・手続き しごと・産業 医療・健康・福祉 観光・文化・スポーツ 行政情報 子育て・教育 くらし・手続き しごと・産業 医療・健康・福祉 観光・文化・スポーツ 行政情報 子育て・教育 文字サイズ 背景色変更 Foreign Language English 中文(簡体字) 中文(繁体字) Go PC版で見る 閉じる 現在のページ ホーム 子育て・教育 児童福祉・ひとり親福祉 障害福祉サービスについて 障害福祉サービスについて 更新日：2023年10月25日 障害福祉サービス 障がいのある方が、住み慣れた地域社会の中で安心して自
36	読谷村	令和8年度 村立小学校給食費のお知らせ	https://www.vill.yomitan.okinawa.jp/kosodate_kyoiku/school/kyushoku/7028.html	令和8年度 村立小学校給食費のお知らせ／沖縄県読谷村 スマートフォン版を表示 本文へ 文字サイズ 背景色変更 Foreign Language English 中文(簡体字) 中文(繁体字) Go くらし・手続き しごと・産業 医療・健康・福祉 観光・文化・スポーツ 行政情報 子育て・教育 くらし・手続き しごと・産業 医療・健康・福祉 観光・文化・スポーツ 行政情報 子育て・教育 文字サイズ 背景色変更 Foreign Language English 中文(簡体字) 中文(繁体字) Go PC版で見る 閉じる 現在のページ ホーム 子育て・教育 小中学校 学校給食 令和8年度 村立小学校給食費のお知らせ 令和8年度 村立小学校給食費のお知らせ 更新日：2026年04月06日 読谷村では、子育て世帯の経済的負
35	読谷村	子育て手当・奨学金等	https://www.vill.yomitan.okinawa.jp/kosodate_kyoiku/teate_kosodate/index.html	子育て手当・奨学金等／沖縄県読谷村 スマートフォン版を表示 本文へ 文字サイズ 背景色変更 Foreign Language English 中文(簡体字) 中文(繁体字) Go くらし・手続き しごと・産業 医療・健康・福祉 観光・文化・スポーツ 行政情報 子育て・教育 くらし・手続き しごと・産業 医療・健康・福祉 観光・文化・スポーツ 行政情報 子育て・教育 文字サイズ 背景色変更 Foreign Language English 中文(簡体字) 中文(繁体字) Go PC版で見る 閉じる 現在のページ ホーム 子育て・教育 子育て手当・奨学金等 子育て手当・奨学金等 読谷村「出産・子育て応援給付金」申請について こども医療費助成制度 児童扶養手当及び特別児童扶養手当に関すること 読谷村育英会（奨学金制度
35	読谷村	母子（寡婦）福祉資金貸付	https://www.vill.yomitan.okinawa.jp/iryo_kenko_fukushi/seikatsu_fukushi/3497.html	母子（寡婦）福祉資金貸付／沖縄県読谷村 スマートフォン版を表示 本文へ 文字サイズ 背景色変更 Foreign Language English 中文(簡体字) 中文(繁体字) Go くらし・手続き しごと・産業 医療・健康・福祉 観光・文化・スポーツ 行政情報 子育て・教育 くらし・手続き しごと・産業 医療・健康・福祉 観光・文化・スポーツ 行政情報 子育て・教育 文字サイズ 背景色変更 Foreign Language English 中文(簡体字) 中文(繁体字) Go PC版で見る 閉じる 現在のページ ホーム 医療・健康・福祉 生活福祉 母子（寡婦）福祉資金貸付 母子（寡婦）福祉資金貸付 更新日：2023年04月18日 母子家庭の母子（配偶者のない女子で現に児童を扶養している方）または、寡婦（かつて
32	読谷村	心肺蘇生法の手順	https://www.vill.yomitan.okinawa.jp/iryo_kenko_fukushi/iryo_kenok/3736.html	心肺蘇生法の手順／沖縄県読谷村 スマートフォン版を表示 本文へ 文字サイズ 背景色変更 Foreign Language English 中文(簡体字) 中文(繁体字) Go くらし・手続き しごと・産業 医療・健康・福祉 観光・文化・スポーツ 行政情報 子育て・教育 くらし・手続き しごと・産業 医療・健康・福祉 観光・文化・スポーツ 行政情報 子育て・教育 文字サイズ 背景色変更 Foreign Language English 中文(簡体字) 中文(繁体字) Go PC版で見る 閉じる 現在のページ ホーム 医療・健康・福祉 医療・健康 心肺蘇生法の手順 心肺蘇生法の手順 更新日：2025年06月05日 心肺蘇生法の手順 心肺蘇生法の手順については ニライ消防本部ホームページ 内の 心肺蘇生法の手順＜外部
32	読谷村	救急車の呼びかた	https://www.vill.yomitan.okinawa.jp/iryo_kenko_fukushi/iryo_kenok/3734.html	救急車の呼びかた／沖縄県読谷村 スマートフォン版を表示 本文へ 文字サイズ 背景色変更 Foreign Language English 中文(簡体字) 中文(繁体字) Go くらし・手続き しごと・産業 医療・健康・福祉 観光・文化・スポーツ 行政情報 子育て・教育 くらし・手続き しごと・産業 医療・健康・福祉 観光・文化・スポーツ 行政情報 子育て・教育 文字サイズ 背景色変更 Foreign Language English 中文(簡体字) 中文(繁体字) Go PC版で見る 閉じる 現在のページ ホーム 医療・健康・福祉 医療・健康 救急車の呼びかた 救急車の呼びかた 更新日：2025年07月25日 緊急を要する病人やけが人がいる場合に救急車をよぶことが出来ます。あわてないで病状や場所などを電話の相手
32	読谷村	医療費・手当	https://www.vill.yomitan.okinawa.jp/iryo_kenko_fukushi/shogaisha_fukushi/4745.html	医療費・手当／沖縄県読谷村 スマートフォン版を表示 本文へ 文字サイズ 背景色変更 Foreign Language English 中文(簡体字) 中文(繁体字) Go くらし・手続き しごと・産業 医療・健康・福祉 観光・文化・スポーツ 行政情報 子育て・教育 くらし・手続き しごと・産業 医療・健康・福祉 観光・文化・スポーツ 行政情報 子育て・教育 文字サイズ 背景色変更 Foreign Language English 中文(簡体字) 中文(繁体字) Go PC版で見る 閉じる 現在のページ ホーム 医療・健康・福祉 障害者福祉 医療費・手当 医療費・手当 特別障害者手当及び障害児福祉手当について 自立支援医療制度について 重度心身障害者（重度心身障害児）医療費助成について 障害者福祉 広告 閉じる
32	読谷村	学校給食費の改定について(物価高騰支援)	https://www.vill.yomitan.okinawa.jp/kosodate_kyoiku/school/kyushoku/2335.html	学校給食費の改定について(物価高騰支援)／沖縄県読谷村 スマートフォン版を表示 本文へ 文字サイズ 背景色変更 Foreign Language English 中文(簡体字) 中文(繁体字) Go くらし・手続き しごと・産業 医療・健康・福祉 観光・文化・スポーツ 行政情報 子育て・教育 くらし・手続き しごと・産業 医療・健康・福祉 観光・文化・スポーツ 行政情報 子育て・教育 文字サイズ 背景色変更 Foreign Language English 中文(簡体字) 中文(繁体字) Go PC版で見る 閉じる 現在のページ ホーム 子育て・教育 小中学校 学校給食 学校給食費の改定について(物価高騰支援) 学校給食費の改定について(物価高騰支援) 更新日：2025年03月31日 読谷村の学校給食費は、令和
32	読谷村	罹災証明書・罹災届出証明書について	https://www.vill.yomitan.okinawa.jp/kurashi/anzen_anshin/bosai/support_risaisha/2408.html	罹災証明書・罹災届出証明書について／沖縄県読谷村 スマートフォン版を表示 本文へ 文字サイズ 背景色変更 Foreign Language English 中文(簡体字) 中文(繁体字) Go くらし・手続き しごと・産業 医療・健康・福祉 観光・文化・スポーツ 行政情報 子育て・教育 くらし・手続き しごと・産業 医療・健康・福祉 観光・文化・スポーツ 行政情報 子育て・教育 文字サイズ 背景色変更 Foreign Language English 中文(簡体字) 中文(繁体字) Go PC版で見る 閉じる 現在のページ ホーム くらし・手続き 安全・安心 防災 罹災者向けのサポート 罹災証明書・罹災届出証明書について 罹災証明書・罹災届出証明書について 更新日：2023年10月03日 罹災証明書 「罹災証明
32	読谷村	救急車の呼びかた	https://www.vill.yomitan.okinawa.jp/kurashi/anzen_anshin/shobo_kyukyu/2736.html	救急車の呼びかた／沖縄県読谷村 スマートフォン版を表示 本文へ 文字サイズ 背景色変更 Foreign Language English 中文(簡体字) 中文(繁体字) Go くらし・手続き しごと・産業 医療・健康・福祉 観光・文化・スポーツ 行政情報 子育て・教育 くらし・手続き しごと・産業 医療・健康・福祉 観光・文化・スポーツ 行政情報 子育て・教育 文字サイズ 背景色変更 Foreign Language English 中文(簡体字) 中文(繁体字) Go PC版で見る 閉じる 現在のページ ホーム くらし・手続き 安全・安心 消防・救急 救急車の呼びかた 救急車の呼びかた 更新日：2025年07月25日 緊急を要する病人やけが人がいる場合に救急車をよぶことが出来ます。あわてないで病状や場所などを
32	読谷村	心肺蘇生法の手順	https://www.vill.yomitan.okinawa.jp/kurashi/anzen_anshin/shobo_kyukyu/2737.html	心肺蘇生法の手順／沖縄県読谷村 スマートフォン版を表示 本文へ 文字サイズ 背景色変更 Foreign Language English 中文(簡体字) 中文(繁体字) Go くらし・手続き しごと・産業 医療・健康・福祉 観光・文化・スポーツ 行政情報 子育て・教育 くらし・手続き しごと・産業 医療・健康・福祉 観光・文化・スポーツ 行政情報 子育て・教育 文字サイズ 背景色変更 Foreign Language English 中文(簡体字) 中文(繁体字) Go PC版で見る 閉じる 現在のページ ホーム くらし・手続き 安全・安心 消防・救急 心肺蘇生法の手順 心肺蘇生法の手順 更新日：2025年06月05日 心肺蘇生法の手順 心肺蘇生法の手順については ニライ消防本部ホームページ 内の 心肺蘇生法の
30	読谷村	読谷村物価高騰対策支援金給付事業について	https://www.vill.yomitan.okinawa.jp/pickup/7150.html	読谷村物価高騰対策支援金給付事業について／沖縄県読谷村 スマートフォン版を表示 本文へ 文字サイズ 背景色変更 Foreign Language English 中文(簡体字) 中文(繁体字) Go くらし・手続き しごと・産業 医療・健康・福祉 観光・文化・スポーツ 行政情報 子育て・教育 くらし・手続き しごと・産業 医療・健康・福祉 観光・文化・スポーツ 行政情報 子育て・教育 文字サイズ 背景色変更 Foreign Language English 中文(簡体字) 中文(繁体字) Go PC版で見る 閉じる 現在のページ ホーム ピックアップ 読谷村物価高騰対策支援金給付事業について 読谷村物価高騰対策支援金給付事業について 更新日：2026年07月08日 ※R8.7.8 更新 令和8年6月3日（水曜日
30	読谷村	読谷村「妊婦のための支援給付」について	https://www.vill.yomitan.okinawa.jp/kosodate_kyoiku/ninshin_shussan/6300.html	読谷村「妊婦のための支援給付」について／沖縄県読谷村 スマートフォン版を表示 本文へ 文字サイズ 背景色変更 Foreign Language English 中文(簡体字) 中文(繁体字) Go くらし・手続き しごと・産業 医療・健康・福祉 観光・文化・スポーツ 行政情報 子育て・教育 くらし・手続き しごと・産業 医療・健康・福祉 観光・文化・スポーツ 行政情報 子育て・教育 文字サイズ 背景色変更 Foreign Language English 中文(簡体字) 中文(繁体字) Go PC版で見る 閉じる 現在のページ ホーム 子育て・教育 妊娠・出産 読谷村「妊婦のための支援給付」について 読谷村「妊婦のための支援給付」について 更新日：2025年06月03日 令和7年4月1日より出産・子育て応援給付
30	読谷村	保育所・こども園・幼稚園	https://www.vill.yomitan.okinawa.jp/life_scene/kosodate/3254.html	保育所・こども園・幼稚園／沖縄県読谷村 スマートフォン版を表示 本文へ 文字サイズ 背景色変更 Foreign Language English 中文(簡体字) 中文(繁体字) Go くらし・手続き しごと・産業 医療・健康・福祉 観光・文化・スポーツ 行政情報 子育て・教育 くらし・手続き しごと・産業 医療・健康・福祉 観光・文化・スポーツ 行政情報 子育て・教育 文字サイズ 背景色変更 Foreign Language English 中文(簡体字) 中文(繁体字) Go PC版で見る 閉じる 現在のページ ホーム ライフシーンから探す 子育て 保育所・こども園・幼稚園 保育所・こども園・幼稚園 こども未来課：子育て施設一覧（保育園・幼稚園・学童・その他施設） 令和8年度 村立・認可保育園入所申込のご案内
30	読谷村	令和8年度こども未来基金収益金事業（助成金）を実施する個人又は団体等を募集します	https://www.vill.yomitan.okinawa.jp/life_scene/kosodate/6924.html	令和8年度こども未来基金収益金事業（助成金）を実施する個人又は団体等を募集します／沖縄県読谷村 スマートフォン版を表示 本文へ 文字サイズ 背景色変更 Foreign Language English 中文(簡体字) 中文(繁体字) Go くらし・手続き しごと・産業 医療・健康・福祉 観光・文化・スポーツ 行政情報 子育て・教育 くらし・手続き しごと・産業 医療・健康・福祉 観光・文化・スポーツ 行政情報 子育て・教育 文字サイズ 背景色変更 Foreign Language English 中文(簡体字) 中文(繁体字) Go PC版で見る 閉じる 現在のページ ホーム ライフシーンから探す 子育て 令和8年度こども未来基金収益金事業（助成金）を実施する個人又は団体等を募集します 令和8年度こども未来基金
30	読谷村	母子及び父子家庭等医療費助成事業	https://www.vill.yomitan.okinawa.jp/kodomonotobira/5414.html	母子及び父子家庭等医療費助成事業／沖縄県読谷村 スマートフォン版を表示 本文へ 文字サイズ 背景色変更 Foreign Language English 中文(簡体字) 中文(繁体字) Go くらし・手続き しごと・産業 医療・健康・福祉 観光・文化・スポーツ 行政情報 子育て・教育 くらし・手続き しごと・産業 医療・健康・福祉 観光・文化・スポーツ 行政情報 子育て・教育 文字サイズ 背景色変更 Foreign Language English 中文(簡体字) 中文(繁体字) Go PC版で見る 閉じる 現在のページ ホーム こどものトビラ 母子及び父子家庭等医療費助成事業 母子及び父子家庭等医療費助成事業 更新日：2026年05月27日 読谷村では、母子家庭、父子家庭及び養育者家庭に対し、その生活の安定と
30	読谷村	令和8年度【高等職業訓練促進給付金】募集について	https://www.vill.yomitan.okinawa.jp/kodomonotobira/6096.html	令和8年度【高等職業訓練促進給付金】募集について／沖縄県読谷村 スマートフォン版を表示 本文へ 文字サイズ 背景色変更 Foreign Language English 中文(簡体字) 中文(繁体字) Go くらし・手続き しごと・産業 医療・健康・福祉 観光・文化・スポーツ 行政情報 子育て・教育 くらし・手続き しごと・産業 医療・健康・福祉 観光・文化・スポーツ 行政情報 子育て・教育 文字サイズ 背景色変更 Foreign Language English 中文(簡体字) 中文(繁体字) Go PC版で見る 閉じる 現在のページ ホーム こどものトビラ 令和8年度【高等職業訓練促進給付金】募集について 令和8年度【高等職業訓練促進給付金】募集について 更新日：2026年04月27日 母子家庭の母又は父子
30	読谷村	こども医療費助成制度	https://www.vill.yomitan.okinawa.jp/kosodate_kyoiku/boshi_kenko/support_kenko/2061.html	こども医療費助成制度／沖縄県読谷村 スマートフォン版を表示 本文へ 文字サイズ 背景色変更 Foreign Language English 中文(簡体字) 中文(繁体字) Go くらし・手続き しごと・産業 医療・健康・福祉 観光・文化・スポーツ 行政情報 子育て・教育 くらし・手続き しごと・産業 医療・健康・福祉 観光・文化・スポーツ 行政情報 子育て・教育 文字サイズ 背景色変更 Foreign Language English 中文(簡体字) 中文(繁体字) Go PC版で見る 閉じる 現在のページ ホーム 子育て・教育 母子の健康 健康・医療に関するサポート こども医療費助成制度 こども医療費助成制度 更新日：2024年12月24日 こども医療費助成制度（令和4年4月～） こども医療費助成金現物給付
30	読谷村	新生児聴覚検査の費用助成について	https://www.vill.yomitan.okinawa.jp/kosodate_kyoiku/boshi_kenko/support_kenko/2023.html	新生児聴覚検査の費用助成について／沖縄県読谷村 スマートフォン版を表示 本文へ 文字サイズ 背景色変更 Foreign Language English 中文(簡体字) 中文(繁体字) Go くらし・手続き しごと・産業 医療・健康・福祉 観光・文化・スポーツ 行政情報 子育て・教育 くらし・手続き しごと・産業 医療・健康・福祉 観光・文化・スポーツ 行政情報 子育て・教育 文字サイズ 背景色変更 Foreign Language English 中文(簡体字) 中文(繁体字) Go PC版で見る 閉じる 現在のページ ホーム 子育て・教育 母子の健康 健康・医療に関するサポート 新生児聴覚検査の費用助成について 新生児聴覚検査の費用助成について 更新日：2023年04月01日 新生児聴覚検査とは 生まれてま
30	読谷村	児童手当の制度改正（令和6年12月支給分から）	https://www.vill.yomitan.okinawa.jp/kosodate_kyoiku/jidofukushi/5861.html	児童手当の制度改正（令和6年12月支給分から）／沖縄県読谷村 スマートフォン版を表示 本文へ 文字サイズ 背景色変更 Foreign Language English 中文(簡体字) 中文(繁体字) Go くらし・手続き しごと・産業 医療・健康・福祉 観光・文化・スポーツ 行政情報 子育て・教育 くらし・手続き しごと・産業 医療・健康・福祉 観光・文化・スポーツ 行政情報 子育て・教育 文字サイズ 背景色変更 Foreign Language English 中文(簡体字) 中文(繁体字) Go PC版で見る 閉じる 現在のページ ホーム 子育て・教育 児童福祉・ひとり親福祉 児童手当の制度改正（令和6年12月支給分から） 児童手当の制度改正（令和6年12月支給分から） 更新日：2024年12月12日 令和
30	読谷村	令和8年度こども未来基金収益金事業（助成金）を実施する個人又は団体等を募集します	https://www.vill.yomitan.okinawa.jp/kosodate_kyoiku/kosodateshien/5093.html	令和8年度こども未来基金収益金事業（助成金）を実施する個人又は団体等を募集します／沖縄県読谷村 スマートフォン版を表示 本文へ 文字サイズ 背景色変更 Foreign Language English 中文(簡体字) 中文(繁体字) Go くらし・手続き しごと・産業 医療・健康・福祉 観光・文化・スポーツ 行政情報 子育て・教育 くらし・手続き しごと・産業 医療・健康・福祉 観光・文化・スポーツ 行政情報 子育て・教育 文字サイズ 背景色変更 Foreign Language English 中文(簡体字) 中文(繁体字) Go PC版で見る 閉じる 現在のページ ホーム 子育て・教育 子育て支援情報 令和8年度こども未来基金収益金事業（助成金）を実施する個人又は団体等を募集します 令和8年度こども未来基金
30	読谷村	こども医療費助成制度	https://www.vill.yomitan.okinawa.jp/kosodate_kyoiku/teate_kosodate/3482.html	こども医療費助成制度／沖縄県読谷村 スマートフォン版を表示 本文へ 文字サイズ 背景色変更 Foreign Language English 中文(簡体字) 中文(繁体字) Go くらし・手続き しごと・産業 医療・健康・福祉 観光・文化・スポーツ 行政情報 子育て・教育 くらし・手続き しごと・産業 医療・健康・福祉 観光・文化・スポーツ 行政情報 子育て・教育 文字サイズ 背景色変更 Foreign Language English 中文(簡体字) 中文(繁体字) Go PC版で見る 閉じる 現在のページ ホーム 子育て・教育 子育て手当・奨学金等 こども医療費助成制度 こども医療費助成制度 更新日：2024年12月24日 こども医療費助成制度（令和4年4月～） こども医療費助成金現物給付の開始 令和4年4
30	読谷村	児童手当の制度改正（令和6年12月支給分から）	https://www.vill.yomitan.okinawa.jp/kosodate_kyoiku/teate_kosodate/5862.html	児童手当の制度改正（令和6年12月支給分から）／沖縄県読谷村 スマートフォン版を表示 本文へ 文字サイズ 背景色変更 Foreign Language English 中文(簡体字) 中文(繁体字) Go くらし・手続き しごと・産業 医療・健康・福祉 観光・文化・スポーツ 行政情報 子育て・教育 くらし・手続き しごと・産業 医療・健康・福祉 観光・文化・スポーツ 行政情報 子育て・教育 文字サイズ 背景色変更 Foreign Language English 中文(簡体字) 中文(繁体字) Go PC版で見る 閉じる 現在のページ ホーム 子育て・教育 子育て手当・奨学金等 児童手当の制度改正（令和6年12月支給分から） 児童手当の制度改正（令和6年12月支給分から） 更新日：2024年12月12日 令和6
30	読谷村	読谷村「出産・子育て応援給付金」申請について	https://www.vill.yomitan.okinawa.jp/kosodate_kyoiku/teate_kosodate/3826.html	読谷村「出産・子育て応援給付金」申請について／沖縄県読谷村 スマートフォン版を表示 本文へ 文字サイズ 背景色変更 Foreign Language English 中文(簡体字) 中文(繁体字) Go くらし・手続き しごと・産業 医療・健康・福祉 観光・文化・スポーツ 行政情報 子育て・教育 くらし・手続き しごと・産業 医療・健康・福祉 観光・文化・スポーツ 行政情報 子育て・教育 文字サイズ 背景色変更 Foreign Language English 中文(簡体字) 中文(繁体字) Go PC版で見る 閉じる 現在のページ ホーム 子育て・教育 子育て手当・奨学金等 読谷村「出産・子育て応援給付金」申請について 読谷村「出産・子育て応援給付金」申請について 更新日：2024年07月08日 令和5年5月
30	読谷村	読谷村「妊婦のための支援給付」について	https://www.vill.yomitan.okinawa.jp/kosodate_kyoiku/teate_kosodate/6301.html	読谷村「妊婦のための支援給付」について／沖縄県読谷村 スマートフォン版を表示 本文へ 文字サイズ 背景色変更 Foreign Language English 中文(簡体字) 中文(繁体字) Go くらし・手続き しごと・産業 医療・健康・福祉 観光・文化・スポーツ 行政情報 子育て・教育 くらし・手続き しごと・産業 医療・健康・福祉 観光・文化・スポーツ 行政情報 子育て・教育 文字サイズ 背景色変更 Foreign Language English 中文(簡体字) 中文(繁体字) Go PC版で見る 閉じる 現在のページ ホーム 子育て・教育 子育て手当・奨学金等 読谷村「妊婦のための支援給付」について 読谷村「妊婦のための支援給付」について 更新日：2025年06月03日 令和7年4月1日より出産・子育
29	読谷村	子育て施設	https://www.vill.yomitan.okinawa.jp/life_scene/kosodate/3255.html	子育て施設／沖縄県読谷村 スマートフォン版を表示 本文へ 文字サイズ 背景色変更 Foreign Language English 中文(簡体字) 中文(繁体字) Go くらし・手続き しごと・産業 医療・健康・福祉 観光・文化・スポーツ 行政情報 子育て・教育 くらし・手続き しごと・産業 医療・健康・福祉 観光・文化・スポーツ 行政情報 子育て・教育 文字サイズ 背景色変更 Foreign Language English 中文(簡体字) 中文(繁体字) Go PC版で見る 閉じる 現在のページ ホーム ライフシーンから探す 子育て 子育て施設 子育て施設 子育て支援センター こども未来課：子育て施設一覧（保育園・幼稚園・学童・その他施設） 令和8年度 村立・認可保育園入所申込のご案内 (11/26更新※園
29	読谷村	児童福祉・ひとり親福祉	https://www.vill.yomitan.okinawa.jp/life_scene/kosodate/5514.html	児童福祉・ひとり親福祉／沖縄県読谷村 スマートフォン版を表示 本文へ 文字サイズ 背景色変更 Foreign Language English 中文(簡体字) 中文(繁体字) Go くらし・手続き しごと・産業 医療・健康・福祉 観光・文化・スポーツ 行政情報 子育て・教育 くらし・手続き しごと・産業 医療・健康・福祉 観光・文化・スポーツ 行政情報 子育て・教育 文字サイズ 背景色変更 Foreign Language English 中文(簡体字) 中文(繁体字) Go PC版で見る 閉じる 現在のページ ホーム ライフシーンから探す 子育て 児童福祉・ひとり親福祉 児童福祉・ひとり親福祉 ひとり親家庭支援 病児・病後児保育事業（子どもデイケア）について 村へ提出される申請書等への押印の見直しについて 自
29	読谷村	その他の日常生活支援について	https://www.vill.yomitan.okinawa.jp/iryo_kenko_fukushi/shogaisha_fukushi/4754.html	その他の日常生活支援について／沖縄県読谷村 スマートフォン版を表示 本文へ 文字サイズ 背景色変更 Foreign Language English 中文(簡体字) 中文(繁体字) Go くらし・手続き しごと・産業 医療・健康・福祉 観光・文化・スポーツ 行政情報 子育て・教育 くらし・手続き しごと・産業 医療・健康・福祉 観光・文化・スポーツ 行政情報 子育て・教育 文字サイズ 背景色変更 Foreign Language English 中文(簡体字) 中文(繁体字) Go PC版で見る 閉じる 現在のページ ホーム 医療・健康・福祉 障害者福祉 その他の日常生活支援について その他の日常生活支援について 読谷村軽度・中等度難聴児補聴器購入費等助成事業について 読谷村小児慢性特定疾病児童等日常生活用具給
29	読谷村	家庭教育相談支援事業読谷星空観測	https://www.vill.yomitan.okinawa.jp/kosodate_kyoiku/jidofukushi/4269.html	家庭教育相談支援事業読谷星空観測／沖縄県読谷村 スマートフォン版を表示 本文へ 文字サイズ 背景色変更 Foreign Language English 中文(簡体字) 中文(繁体字) Go くらし・手続き しごと・産業 医療・健康・福祉 観光・文化・スポーツ 行政情報 子育て・教育 くらし・手続き しごと・産業 医療・健康・福祉 観光・文化・スポーツ 行政情報 子育て・教育 文字サイズ 背景色変更 Foreign Language English 中文(簡体字) 中文(繁体字) Go PC版で見る 閉じる 現在のページ ホーム 子育て・教育 児童福祉・ひとり親福祉 家庭教育相談支援事業読谷星空観測 家庭教育相談支援事業読谷星空観測 更新日：2024年07月28日 問い合わせ先 読谷村教育委員会 生涯学習課 電
29	読谷村	家庭教育相談支援事業親子であそぼ	https://www.vill.yomitan.okinawa.jp/kosodate_kyoiku/jidofukushi/4281.html	家庭教育相談支援事業親子であそぼ／沖縄県読谷村 スマートフォン版を表示 本文へ 文字サイズ 背景色変更 Foreign Language English 中文(簡体字) 中文(繁体字) Go くらし・手続き しごと・産業 医療・健康・福祉 観光・文化・スポーツ 行政情報 子育て・教育 くらし・手続き しごと・産業 医療・健康・福祉 観光・文化・スポーツ 行政情報 子育て・教育 文字サイズ 背景色変更 Foreign Language English 中文(簡体字) 中文(繁体字) Go PC版で見る 閉じる 現在のページ ホーム 子育て・教育 児童福祉・ひとり親福祉 家庭教育相談支援事業親子であそぼ 家庭教育相談支援事業親子であそぼ 更新日：2024年07月28日 問い合わせ先 読谷村教育委員会 生涯学習課 電
28	読谷村	各種相談	https://www.vill.yomitan.okinawa.jp/kurashi/kakushusodan/index.html	各種相談／沖縄県読谷村 スマートフォン版を表示 本文へ 文字サイズ 背景色変更 Foreign Language English 中文(簡体字) 中文(繁体字) Go くらし・手続き しごと・産業 医療・健康・福祉 観光・文化・スポーツ 行政情報 子育て・教育 くらし・手続き しごと・産業 医療・健康・福祉 観光・文化・スポーツ 行政情報 子育て・教育 文字サイズ 背景色変更 Foreign Language English 中文(簡体字) 中文(繁体字) Go PC版で見る 閉じる 現在のページ ホーム くらし・手続き 各種相談 各種相談 お子さんに関する相談など 心の健康相談 お知らせ「親子電話相談室」 【お知らせ】くらし・仕事なんでも相談 【お知らせ】沖縄県おしごと応援センターOne×One 【お知らせ】
28	読谷村	保育所・こども園・幼稚園	https://www.vill.yomitan.okinawa.jp/kosodate_kyoiku/hoikusho_yochien/index.html	保育所・こども園・幼稚園／沖縄県読谷村 スマートフォン版を表示 本文へ 文字サイズ 背景色変更 Foreign Language English 中文(簡体字) 中文(繁体字) Go くらし・手続き しごと・産業 医療・健康・福祉 観光・文化・スポーツ 行政情報 子育て・教育 くらし・手続き しごと・産業 医療・健康・福祉 観光・文化・スポーツ 行政情報 子育て・教育 文字サイズ 背景色変更 Foreign Language English 中文(簡体字) 中文(繁体字) Go PC版で見る 閉じる 現在のページ ホーム 子育て・教育 保育所・こども園・幼稚園 保育所・こども園・幼稚園 こども未来課：子育て施設一覧（保育園・幼稚園・学童・その他施設） 令和8年度 村立・認可保育園入所申込のご案内 (11/26更
28	読谷村	低出生体重児の届け出・養育医療制度について	https://www.vill.yomitan.okinawa.jp/kosodate_kyoiku/ninshin_shussan/2064.html	低出生体重児の届け出・養育医療制度について／沖縄県読谷村 スマートフォン版を表示 本文へ 文字サイズ 背景色変更 Foreign Language English 中文(簡体字) 中文(繁体字) Go くらし・手続き しごと・産業 医療・健康・福祉 観光・文化・スポーツ 行政情報 子育て・教育 くらし・手続き しごと・産業 医療・健康・福祉 観光・文化・スポーツ 行政情報 子育て・教育 文字サイズ 背景色変更 Foreign Language English 中文(簡体字) 中文(繁体字) Go PC版で見る 閉じる 現在のページ ホーム 子育て・教育 妊娠・出産 低出生体重児の届け出・養育医療制度について 低出生体重児の届け出・養育医療制度について 更新日：2023年04月24日 平成25年4月1日より、1.
28	読谷村	【妊娠】親子健康手帳（母子手帳）交付について	https://www.vill.yomitan.okinawa.jp/kosodate_kyoiku/ninshin_shussan/2093.html	【妊娠】親子健康手帳（母子手帳）交付について／沖縄県読谷村 スマートフォン版を表示 本文へ 文字サイズ 背景色変更 Foreign Language English 中文(簡体字) 中文(繁体字) Go くらし・手続き しごと・産業 医療・健康・福祉 観光・文化・スポーツ 行政情報 子育て・教育 くらし・手続き しごと・産業 医療・健康・福祉 観光・文化・スポーツ 行政情報 子育て・教育 文字サイズ 背景色変更 Foreign Language English 中文(簡体字) 中文(繁体字) Go PC版で見る 閉じる 現在のページ ホーム 子育て・教育 妊娠・出産 【妊娠】親子健康手帳（母子手帳）交付について 【妊娠】親子健康手帳（母子手帳）交付について 更新日：2026年03月30日 親子健康手帳（母子健康
28	読谷村	令和8年度基本健診・がん検診（胃・肺・大腸）・婦人がん検診（子宮頸・乳）について	https://www.vill.yomitan.okinawa.jp/iryo_kenko_fukushi/iryo_kenok/kenshin/5863.html	令和8年度基本健診・がん検診（胃・肺・大腸）・婦人がん検診（子宮頸・乳）について／沖縄県読谷村 スマートフォン版を表示 本文へ 文字サイズ 背景色変更 Foreign Language English 中文(簡体字) 中文(繁体字) Go くらし・手続き しごと・産業 医療・健康・福祉 観光・文化・スポーツ 行政情報 子育て・教育 くらし・手続き しごと・産業 医療・健康・福祉 観光・文化・スポーツ 行政情報 子育て・教育 文字サイズ 背景色変更 Foreign Language English 中文(簡体字) 中文(繁体字) Go PC版で見る 閉じる 現在のページ ホーム 医療・健康・福祉 医療・健康 健診・検診 令和8年度基本健診・がん検診（胃・肺・大腸）・婦人がん検診（子宮頸・乳）について 令和8年度基
28	読谷村	読谷村外出支援サービス事業	https://www.vill.yomitan.okinawa.jp/iryo_kenko_fukushi/kourei_fukushi_kaigo/2201.html	読谷村外出支援サービス事業／沖縄県読谷村 スマートフォン版を表示 本文へ 文字サイズ 背景色変更 Foreign Language English 中文(簡体字) 中文(繁体字) Go くらし・手続き しごと・産業 医療・健康・福祉 観光・文化・スポーツ 行政情報 子育て・教育 くらし・手続き しごと・産業 医療・健康・福祉 観光・文化・スポーツ 行政情報 子育て・教育 文字サイズ 背景色変更 Foreign Language English 中文(簡体字) 中文(繁体字) Go PC版で見る 閉じる 現在のページ ホーム 医療・健康・福祉 高齢者福祉・介護 読谷村外出支援サービス事業 読谷村外出支援サービス事業 更新日：2023年03月29日 目的 要援護高齢者や身体障害者等に対し移送用車両を運行し、医療機関
28	読谷村	産婦健康診査の費用助成について	https://www.vill.yomitan.okinawa.jp/kosodate_kyoiku/boshi_kenko/support_kenko/2113.html	産婦健康診査の費用助成について／沖縄県読谷村 スマートフォン版を表示 本文へ 文字サイズ 背景色変更 Foreign Language English 中文(簡体字) 中文(繁体字) Go くらし・手続き しごと・産業 医療・健康・福祉 観光・文化・スポーツ 行政情報 子育て・教育 くらし・手続き しごと・産業 医療・健康・福祉 観光・文化・スポーツ 行政情報 子育て・教育 文字サイズ 背景色変更 Foreign Language English 中文(簡体字) 中文(繁体字) Go PC版で見る 閉じる 現在のページ ホーム 子育て・教育 母子の健康 健康・医療に関するサポート 産婦健康診査の費用助成について 産婦健康診査の費用助成について 更新日：2023年03月29日 読谷村では、出産後間もない時期のお母
27	読谷村	児童福祉・ひとり親福祉	https://www.vill.yomitan.okinawa.jp/kosodate_kyoiku/jidofukushi/index.html	児童福祉・ひとり親福祉／沖縄県読谷村 スマートフォン版を表示 本文へ 文字サイズ 背景色変更 Foreign Language English 中文(簡体字) 中文(繁体字) Go くらし・手続き しごと・産業 医療・健康・福祉 観光・文化・スポーツ 行政情報 子育て・教育 くらし・手続き しごと・産業 医療・健康・福祉 観光・文化・スポーツ 行政情報 子育て・教育 文字サイズ 背景色変更 Foreign Language English 中文(簡体字) 中文(繁体字) Go PC版で見る 閉じる 現在のページ ホーム 子育て・教育 児童福祉・ひとり親福祉 児童福祉・ひとり親福祉 ひとり親家庭支援 病児・病後児保育事業（子どもデイケア）について 村へ提出される申請書等への押印の見直しについて 自立支援医療制度に
27	読谷村	子育て施設	https://www.vill.yomitan.okinawa.jp/kosodate_kyoiku/kosodate_shisetsu/index.html	子育て施設／沖縄県読谷村 スマートフォン版を表示 本文へ 文字サイズ 背景色変更 Foreign Language English 中文(簡体字) 中文(繁体字) Go くらし・手続き しごと・産業 医療・健康・福祉 観光・文化・スポーツ 行政情報 子育て・教育 くらし・手続き しごと・産業 医療・健康・福祉 観光・文化・スポーツ 行政情報 子育て・教育 文字サイズ 背景色変更 Foreign Language English 中文(簡体字) 中文(繁体字) Go PC版で見る 閉じる 現在のページ ホーム 子育て・教育 子育て施設 子育て施設 子育て支援センター こども未来課：子育て施設一覧（保育園・幼稚園・学童・その他施設） 令和8年度 村立・認可保育園入所申込のご案内 (11/26更新※園ホームページが公
27	読谷村	～平成30年度沖縄防衛局調整交付金事業で給食配送車輌を購入しました～	https://www.vill.yomitan.okinawa.jp/kosodate_kyoiku/school/kyushoku/2486.html	～平成30年度沖縄防衛局調整交付金事業で給食配送車輌を購入しました～／沖縄県読谷村 スマートフォン版を表示 本文へ 文字サイズ 背景色変更 Foreign Language English 中文(簡体字) 中文(繁体字) Go くらし・手続き しごと・産業 医療・健康・福祉 観光・文化・スポーツ 行政情報 子育て・教育 くらし・手続き しごと・産業 医療・健康・福祉 観光・文化・スポーツ 行政情報 子育て・教育 文字サイズ 背景色変更 Foreign Language English 中文(簡体字) 中文(繁体字) Go PC版で見る 閉じる 現在のページ ホーム 子育て・教育 小中学校 学校給食 ～平成30年度沖縄防衛局調整交付金事業で給食配送車輌を購入しました～ ～平成30年度沖縄防衛局調整交付金事業で給食
27	読谷村	特定防衛施設周辺整備調整交付金を活用しスチームコンベクションオーブンを購入しました	https://www.vill.yomitan.okinawa.jp/kosodate_kyoiku/school/kyushoku/6703.html	特定防衛施設周辺整備調整交付金を活用しスチームコンベクションオーブンを購入しました／沖縄県読谷村 スマートフォン版を表示 本文へ 文字サイズ 背景色変更 Foreign Language English 中文(簡体字) 中文(繁体字) Go くらし・手続き しごと・産業 医療・健康・福祉 観光・文化・スポーツ 行政情報 子育て・教育 くらし・手続き しごと・産業 医療・健康・福祉 観光・文化・スポーツ 行政情報 子育て・教育 文字サイズ 背景色変更 Foreign Language English 中文(簡体字) 中文(繁体字) Go PC版で見る 閉じる 現在のページ ホーム 子育て・教育 小中学校 学校給食 特定防衛施設周辺整備調整交付金を活用しスチームコンベクションオーブンを購入しました 特定防衛施設周辺
26	読谷村	税務課	https://www.vill.yomitan.okinawa.jp/soshiki/zeimu/index.html	税務課／沖縄県読谷村 スマートフォン版を表示 本文へ 文字サイズ 背景色変更 Foreign Language English 中文(簡体字) 中文(繁体字) Go くらし・手続き しごと・産業 医療・健康・福祉 観光・文化・スポーツ 行政情報 子育て・教育 くらし・手続き しごと・産業 医療・健康・福祉 観光・文化・スポーツ 行政情報 子育て・教育 文字サイズ 背景色変更 Foreign Language English 中文(簡体字) 中文(繁体字) Go PC版で見る 閉じる 現在のページ ホーム 組織から探す 税務課 税務課 業務案内 令和六年能登半島地震による被災納税者の方へ Q&A読谷村定額減税を補足する給付金（不足額給付） 組織から探す 広告 閉じる 沖縄県 読谷村役場 〒904-0392 沖縄県
26	読谷村	読谷村こども誰でも通園制度	https://www.vill.yomitan.okinawa.jp/kosodate_kyoiku/kosodate_shisetsu/shien_center/6904.html	読谷村こども誰でも通園制度／沖縄県読谷村 スマートフォン版を表示 本文へ 文字サイズ 背景色変更 Foreign Language English 中文(簡体字) 中文(繁体字) Go くらし・手続き しごと・産業 医療・健康・福祉 観光・文化・スポーツ 行政情報 子育て・教育 くらし・手続き しごと・産業 医療・健康・福祉 観光・文化・スポーツ 行政情報 子育て・教育 文字サイズ 背景色変更 Foreign Language English 中文(簡体字) 中文(繁体字) Go PC版で見る 閉じる 現在のページ ホーム 子育て・教育 子育て施設 子育て支援センター 読谷村こども誰でも通園制度 読谷村こども誰でも通園制度 更新日：2026年03月05日 乳児通園支援事業（こども誰でも通園制度）とは 保育所等に
26	読谷村	読谷村こども誰でも通園制度	https://www.vill.yomitan.okinawa.jp/kosodate_kyoiku/kosodateshien/6902.html	読谷村こども誰でも通園制度／沖縄県読谷村 スマートフォン版を表示 本文へ 文字サイズ 背景色変更 Foreign Language English 中文(簡体字) 中文(繁体字) Go くらし・手続き しごと・産業 医療・健康・福祉 観光・文化・スポーツ 行政情報 子育て・教育 くらし・手続き しごと・産業 医療・健康・福祉 観光・文化・スポーツ 行政情報 子育て・教育 文字サイズ 背景色変更 Foreign Language English 中文(簡体字) 中文(繁体字) Go PC版で見る 閉じる 現在のページ ホーム 子育て・教育 子育て支援情報 読谷村こども誰でも通園制度 読谷村こども誰でも通園制度 更新日：2026年03月05日 乳児通園支援事業（こども誰でも通園制度）とは 保育所等に在籍していないお
25	読谷村	障害者総合支援法の施行について	https://www.vill.yomitan.okinawa.jp/iryo_kenko_fukushi/shogaisha_fukushi/2778.html	障害者総合支援法の施行について／沖縄県読谷村 スマートフォン版を表示 本文へ 文字サイズ 背景色変更 Foreign Language English 中文(簡体字) 中文(繁体字) Go くらし・手続き しごと・産業 医療・健康・福祉 観光・文化・スポーツ 行政情報 子育て・教育 くらし・手続き しごと・産業 医療・健康・福祉 観光・文化・スポーツ 行政情報 子育て・教育 文字サイズ 背景色変更 Foreign Language English 中文(簡体字) 中文(繁体字) Go PC版で見る 閉じる 現在のページ ホーム 医療・健康・福祉 障害者福祉 障害者総合支援法の施行について 障害者総合支援法の施行について 更新日：2023年11月07日 障害者の日常生活及び社会生活を総合的に支援する法律（障害者総
25	読谷村	【重要】訪問系サービスの報酬請求に使用するサービスコードの修正に伴う支払い額の調整について	https://www.vill.yomitan.okinawa.jp/iryo_kenko_fukushi/shogaisha_fukushi/5807.html	【重要】訪問系サービスの報酬請求に使用するサービスコードの修正に伴う支払い額の調整について／沖縄県読谷村 スマートフォン版を表示 本文へ 文字サイズ 背景色変更 Foreign Language English 中文(簡体字) 中文(繁体字) Go くらし・手続き しごと・産業 医療・健康・福祉 観光・文化・スポーツ 行政情報 子育て・教育 くらし・手続き しごと・産業 医療・健康・福祉 観光・文化・スポーツ 行政情報 子育て・教育 文字サイズ 背景色変更 Foreign Language English 中文(簡体字) 中文(繁体字) Go PC版で見る 閉じる 現在のページ ホーム 医療・健康・福祉 障害者福祉 【重要】訪問系サービスの報酬請求に使用するサービスコードの修正に伴う支払い額の調整について 【重
25	読谷村	手帳について	https://www.vill.yomitan.okinawa.jp/iryo_kenko_fukushi/shogaisha_fukushi/2212.html	手帳について／沖縄県読谷村 スマートフォン版を表示 本文へ 文字サイズ 背景色変更 Foreign Language English 中文(簡体字) 中文(繁体字) Go くらし・手続き しごと・産業 医療・健康・福祉 観光・文化・スポーツ 行政情報 子育て・教育 くらし・手続き しごと・産業 医療・健康・福祉 観光・文化・スポーツ 行政情報 子育て・教育 文字サイズ 背景色変更 Foreign Language English 中文(簡体字) 中文(繁体字) Go PC版で見る 閉じる 現在のページ ホーム 医療・健康・福祉 障害者福祉 手帳について 手帳について 更新日：2025年01月14日 1）身体障害者手帳 身体障がい者（児）が各種のサービスを受けるために必要な手帳です。 申請された書類は、沖縄県が審
25	読谷村	母子及び父子家庭等医療費助成事業について	https://www.vill.yomitan.okinawa.jp/kodomonotobira/5413.html	母子及び父子家庭等医療費助成事業について／沖縄県読谷村 スマートフォン版を表示 本文へ 文字サイズ 背景色変更 Foreign Language English 中文(簡体字) 中文(繁体字) Go くらし・手続き しごと・産業 医療・健康・福祉 観光・文化・スポーツ 行政情報 子育て・教育 くらし・手続き しごと・産業 医療・健康・福祉 観光・文化・スポーツ 行政情報 子育て・教育 文字サイズ 背景色変更 Foreign Language English 中文(簡体字) 中文(繁体字) Go PC版で見る 閉じる 現在のページ ホーム こどものトビラ 母子及び父子家庭等医療費助成事業について 母子及び父子家庭等医療費助成事業について 更新日：2024年06月26日 この記事に関するお問い合わせ先 こども未来課
25	読谷村	家庭教育相談支援事業読谷星空観測	https://www.vill.yomitan.okinawa.jp/kosodate_kyoiku/gakudo/4264.html	家庭教育相談支援事業読谷星空観測／沖縄県読谷村 スマートフォン版を表示 本文へ 文字サイズ 背景色変更 Foreign Language English 中文(簡体字) 中文(繁体字) Go くらし・手続き しごと・産業 医療・健康・福祉 観光・文化・スポーツ 行政情報 子育て・教育 くらし・手続き しごと・産業 医療・健康・福祉 観光・文化・スポーツ 行政情報 子育て・教育 文字サイズ 背景色変更 Foreign Language English 中文(簡体字) 中文(繁体字) Go PC版で見る 閉じる 現在のページ ホーム 子育て・教育 学童保育・放課後子ども教室 家庭教育相談支援事業読谷星空観測 家庭教育相談支援事業読谷星空観測 更新日：2024年07月28日 問い合わせ先 読谷村教育委員会 生涯学習課
25	読谷村	家庭教育相談支援事業親子であそぼ	https://www.vill.yomitan.okinawa.jp/kosodate_kyoiku/gakudo/4276.html	家庭教育相談支援事業親子であそぼ／沖縄県読谷村 スマートフォン版を表示 本文へ 文字サイズ 背景色変更 Foreign Language English 中文(簡体字) 中文(繁体字) Go くらし・手続き しごと・産業 医療・健康・福祉 観光・文化・スポーツ 行政情報 子育て・教育 くらし・手続き しごと・産業 医療・健康・福祉 観光・文化・スポーツ 行政情報 子育て・教育 文字サイズ 背景色変更 Foreign Language English 中文(簡体字) 中文(繁体字) Go PC版で見る 閉じる 現在のページ ホーム 子育て・教育 学童保育・放課後子ども教室 家庭教育相談支援事業親子であそぼ 家庭教育相談支援事業親子であそぼ 更新日：2024年07月28日 問い合わせ先 読谷村教育委員会 生涯学習課
25	読谷村	家庭教育相談支援事業読谷星空観測	https://www.vill.yomitan.okinawa.jp/kosodate_kyoiku/hoikusho_yochien/4272.html	家庭教育相談支援事業読谷星空観測／沖縄県読谷村 スマートフォン版を表示 本文へ 文字サイズ 背景色変更 Foreign Language English 中文(簡体字) 中文(繁体字) Go くらし・手続き しごと・産業 医療・健康・福祉 観光・文化・スポーツ 行政情報 子育て・教育 くらし・手続き しごと・産業 医療・健康・福祉 観光・文化・スポーツ 行政情報 子育て・教育 文字サイズ 背景色変更 Foreign Language English 中文(簡体字) 中文(繁体字) Go PC版で見る 閉じる 現在のページ ホーム 子育て・教育 保育所・こども園・幼稚園 家庭教育相談支援事業読谷星空観測 家庭教育相談支援事業読谷星空観測 更新日：2024年07月28日 問い合わせ先 読谷村教育委員会 生涯学習課
25	読谷村	家庭教育相談支援事業親子であそぼ	https://www.vill.yomitan.okinawa.jp/kosodate_kyoiku/hoikusho_yochien/4284.html	家庭教育相談支援事業親子であそぼ／沖縄県読谷村 スマートフォン版を表示 本文へ 文字サイズ 背景色変更 Foreign Language English 中文(簡体字) 中文(繁体字) Go くらし・手続き しごと・産業 医療・健康・福祉 観光・文化・スポーツ 行政情報 子育て・教育 くらし・手続き しごと・産業 医療・健康・福祉 観光・文化・スポーツ 行政情報 子育て・教育 文字サイズ 背景色変更 Foreign Language English 中文(簡体字) 中文(繁体字) Go PC版で見る 閉じる 現在のページ ホーム 子育て・教育 保育所・こども園・幼稚園 家庭教育相談支援事業親子であそぼ 家庭教育相談支援事業親子であそぼ 更新日：2024年07月28日 問い合わせ先 読谷村教育委員会 生涯学習課
25	読谷村	家庭教育相談支援事業読谷星空観測	https://www.vill.yomitan.okinawa.jp/kosodate_kyoiku/kenzenikusei/4266.html	家庭教育相談支援事業読谷星空観測／沖縄県読谷村 スマートフォン版を表示 本文へ 文字サイズ 背景色変更 Foreign Language English 中文(簡体字) 中文(繁体字) Go くらし・手続き しごと・産業 医療・健康・福祉 観光・文化・スポーツ 行政情報 子育て・教育 くらし・手続き しごと・産業 医療・健康・福祉 観光・文化・スポーツ 行政情報 子育て・教育 文字サイズ 背景色変更 Foreign Language English 中文(簡体字) 中文(繁体字) Go PC版で見る 閉じる 現在のページ ホーム 子育て・教育 健全育成・青少年 家庭教育相談支援事業読谷星空観測 家庭教育相談支援事業読谷星空観測 更新日：2024年07月28日 問い合わせ先 読谷村教育委員会 生涯学習課 電話09
25	読谷村	家庭教育相談支援事業親子であそぼ	https://www.vill.yomitan.okinawa.jp/kosodate_kyoiku/kenzenikusei/4278.html	家庭教育相談支援事業親子であそぼ／沖縄県読谷村 スマートフォン版を表示 本文へ 文字サイズ 背景色変更 Foreign Language English 中文(簡体字) 中文(繁体字) Go くらし・手続き しごと・産業 医療・健康・福祉 観光・文化・スポーツ 行政情報 子育て・教育 くらし・手続き しごと・産業 医療・健康・福祉 観光・文化・スポーツ 行政情報 子育て・教育 文字サイズ 背景色変更 Foreign Language English 中文(簡体字) 中文(繁体字) Go PC版で見る 閉じる 現在のページ ホーム 子育て・教育 健全育成・青少年 家庭教育相談支援事業親子であそぼ 家庭教育相談支援事業親子であそぼ 更新日：2024年07月28日 問い合わせ先 読谷村教育委員会 生涯学習課 電話09
25	読谷村	家庭教育相談支援事業読谷星空観測	https://www.vill.yomitan.okinawa.jp/kosodate_kyoiku/kosodate_shisetsu/4268.html	家庭教育相談支援事業読谷星空観測／沖縄県読谷村 スマートフォン版を表示 本文へ 文字サイズ 背景色変更 Foreign Language English 中文(簡体字) 中文(繁体字) Go くらし・手続き しごと・産業 医療・健康・福祉 観光・文化・スポーツ 行政情報 子育て・教育 くらし・手続き しごと・産業 医療・健康・福祉 観光・文化・スポーツ 行政情報 子育て・教育 文字サイズ 背景色変更 Foreign Language English 中文(簡体字) 中文(繁体字) Go PC版で見る 閉じる 現在のページ ホーム 子育て・教育 子育て施設 家庭教育相談支援事業読谷星空観測 家庭教育相談支援事業読谷星空観測 更新日：2024年07月28日 問い合わせ先 読谷村教育委員会 生涯学習課 電話098-9
25	読谷村	家庭教育相談支援事業親子であそぼ	https://www.vill.yomitan.okinawa.jp/kosodate_kyoiku/kosodate_shisetsu/4280.html	家庭教育相談支援事業親子であそぼ／沖縄県読谷村 スマートフォン版を表示 本文へ 文字サイズ 背景色変更 Foreign Language English 中文(簡体字) 中文(繁体字) Go くらし・手続き しごと・産業 医療・健康・福祉 観光・文化・スポーツ 行政情報 子育て・教育 くらし・手続き しごと・産業 医療・健康・福祉 観光・文化・スポーツ 行政情報 子育て・教育 文字サイズ 背景色変更 Foreign Language English 中文(簡体字) 中文(繁体字) Go PC版で見る 閉じる 現在のページ ホーム 子育て・教育 子育て施設 家庭教育相談支援事業親子であそぼ 家庭教育相談支援事業親子であそぼ 更新日：2024年07月28日 問い合わせ先 読谷村教育委員会 生涯学習課 電話098-9
25	読谷村	家庭教育相談支援事業親子であそぼ	https://www.vill.yomitan.okinawa.jp/kosodate_kyoiku/kosodateshien/4279.html	家庭教育相談支援事業親子であそぼ／沖縄県読谷村 スマートフォン版を表示 本文へ 文字サイズ 背景色変更 Foreign Language English 中文(簡体字) 中文(繁体字) Go くらし・手続き しごと・産業 医療・健康・福祉 観光・文化・スポーツ 行政情報 子育て・教育 くらし・手続き しごと・産業 医療・健康・福祉 観光・文化・スポーツ 行政情報 子育て・教育 文字サイズ 背景色変更 Foreign Language English 中文(簡体字) 中文(繁体字) Go PC版で見る 閉じる 現在のページ ホーム 子育て・教育 子育て支援情報 家庭教育相談支援事業親子であそぼ 家庭教育相談支援事業親子であそぼ 更新日：2024年07月28日 問い合わせ先 読谷村教育委員会 生涯学習課 電話098
25	読谷村	家庭教育相談支援事業親子であそぼ	https://www.vill.yomitan.okinawa.jp/kosodate_kyoiku/kyoiku_iinkai/4277.html	家庭教育相談支援事業親子であそぼ／沖縄県読谷村 スマートフォン版を表示 本文へ 文字サイズ 背景色変更 Foreign Language English 中文(簡体字) 中文(繁体字) Go くらし・手続き しごと・産業 医療・健康・福祉 観光・文化・スポーツ 行政情報 子育て・教育 くらし・手続き しごと・産業 医療・健康・福祉 観光・文化・スポーツ 行政情報 子育て・教育 文字サイズ 背景色変更 Foreign Language English 中文(簡体字) 中文(繁体字) Go PC版で見る 閉じる 現在のページ ホーム 子育て・教育 教育委員会 家庭教育相談支援事業親子であそぼ 家庭教育相談支援事業親子であそぼ 更新日：2024年07月28日 問い合わせ先 読谷村教育委員会 生涯学習課 電話098-9
25	読谷村	家庭教育相談支援事業読谷星空観測	https://www.vill.yomitan.okinawa.jp/kosodate_kyoiku/kyoiku_iinkai/4265.html	家庭教育相談支援事業読谷星空観測／沖縄県読谷村 スマートフォン版を表示 本文へ 文字サイズ 背景色変更 Foreign Language English 中文(簡体字) 中文(繁体字) Go くらし・手続き しごと・産業 医療・健康・福祉 観光・文化・スポーツ 行政情報 子育て・教育 くらし・手続き しごと・産業 医療・健康・福祉 観光・文化・スポーツ 行政情報 子育て・教育 文字サイズ 背景色変更 Foreign Language English 中文(簡体字) 中文(繁体字) Go PC版で見る 閉じる 現在のページ ホーム 子育て・教育 教育委員会 家庭教育相談支援事業読谷星空観測 家庭教育相談支援事業読谷星空観測 更新日：2024年07月28日 問い合わせ先 読谷村教育委員会 生涯学習課 電話098-9
25	読谷村	家庭教育相談支援事業読谷星空観測	https://www.vill.yomitan.okinawa.jp/kosodate_kyoiku/school/4270.html	家庭教育相談支援事業読谷星空観測／沖縄県読谷村 スマートフォン版を表示 本文へ 文字サイズ 背景色変更 Foreign Language English 中文(簡体字) 中文(繁体字) Go くらし・手続き しごと・産業 医療・健康・福祉 観光・文化・スポーツ 行政情報 子育て・教育 くらし・手続き しごと・産業 医療・健康・福祉 観光・文化・スポーツ 行政情報 子育て・教育 文字サイズ 背景色変更 Foreign Language English 中文(簡体字) 中文(繁体字) Go PC版で見る 閉じる 現在のページ ホーム 子育て・教育 小中学校 家庭教育相談支援事業読谷星空観測 家庭教育相談支援事業読谷星空観測 更新日：2024年07月28日 問い合わせ先 読谷村教育委員会 生涯学習課 電話098-98
25	読谷村	家庭教育相談支援事業親子であそぼ	https://www.vill.yomitan.okinawa.jp/kosodate_kyoiku/school/4282.html	家庭教育相談支援事業親子であそぼ／沖縄県読谷村 スマートフォン版を表示 本文へ 文字サイズ 背景色変更 Foreign Language English 中文(簡体字) 中文(繁体字) Go くらし・手続き しごと・産業 医療・健康・福祉 観光・文化・スポーツ 行政情報 子育て・教育 くらし・手続き しごと・産業 医療・健康・福祉 観光・文化・スポーツ 行政情報 子育て・教育 文字サイズ 背景色変更 Foreign Language English 中文(簡体字) 中文(繁体字) Go PC版で見る 閉じる 現在のページ ホーム 子育て・教育 小中学校 家庭教育相談支援事業親子であそぼ 家庭教育相談支援事業親子であそぼ 更新日：2024年07月28日 問い合わせ先 読谷村教育委員会 生涯学習課 電話098-98
25	読谷村	～調理場設備、給食配送車輌が新しくなりました～	https://www.vill.yomitan.okinawa.jp/kosodate_kyoiku/school/kyushoku/2519.html	～調理場設備、給食配送車輌が新しくなりました～／沖縄県読谷村 スマートフォン版を表示 本文へ 文字サイズ 背景色変更 Foreign Language English 中文(簡体字) 中文(繁体字) Go くらし・手続き しごと・産業 医療・健康・福祉 観光・文化・スポーツ 行政情報 子育て・教育 くらし・手続き しごと・産業 医療・健康・福祉 観光・文化・スポーツ 行政情報 子育て・教育 文字サイズ 背景色変更 Foreign Language English 中文(簡体字) 中文(繁体字) Go PC版で見る 閉じる 現在のページ ホーム 子育て・教育 小中学校 学校給食 ～調理場設備、給食配送車輌が新しくなりました～ ～調理場設備、給食配送車輌が新しくなりました～ 更新日：2023年03月29日 読谷第二
24	読谷村	国民年金	https://www.vill.yomitan.okinawa.jp/iryo_kenko_fukushi/3464.html	国民年金／沖縄県読谷村 スマートフォン版を表示 本文へ 文字サイズ 背景色変更 Foreign Language English 中文(簡体字) 中文(繁体字) Go くらし・手続き しごと・産業 医療・健康・福祉 観光・文化・スポーツ 行政情報 子育て・教育 くらし・手続き しごと・産業 医療・健康・福祉 観光・文化・スポーツ 行政情報 子育て・教育 文字サイズ 背景色変更 Foreign Language English 中文(簡体字) 中文(繁体字) Go PC版で見る 閉じる 現在のページ ホーム 医療・健康・福祉 国民年金 国民年金 国民年金とは？ 日本年金機構からのお知らせ 老齢年金額を増やしたい時には 死亡に関する手続きと必要なもの（年金関係） 20歳になったら国民年金 こんなときは届出を！（年金
24	読谷村	無料低額診療事業について	https://www.vill.yomitan.okinawa.jp/iryo_kenko_fukushi/seikatsu_fukushi/2215.html	無料低額診療事業について／沖縄県読谷村 スマートフォン版を表示 本文へ 文字サイズ 背景色変更 Foreign Language English 中文(簡体字) 中文(繁体字) Go くらし・手続き しごと・産業 医療・健康・福祉 観光・文化・スポーツ 行政情報 子育て・教育 くらし・手続き しごと・産業 医療・健康・福祉 観光・文化・スポーツ 行政情報 子育て・教育 文字サイズ 背景色変更 Foreign Language English 中文(簡体字) 中文(繁体字) Go PC版で見る 閉じる 現在のページ ホーム 医療・健康・福祉 生活福祉 無料低額診療事業について 無料低額診療事業について 更新日：2023年04月26日 無料低額診療事業とは 経済的理由により必要な診療を受けられない方に対し、無料また
23	読谷村	母子保健その他	https://www.vill.yomitan.okinawa.jp/kosodate_kyoiku/ninshin_shussan/3620.html	母子保健その他／沖縄県読谷村 スマートフォン版を表示 本文へ 文字サイズ 背景色変更 Foreign Language English 中文(簡体字) 中文(繁体字) Go くらし・手続き しごと・産業 医療・健康・福祉 観光・文化・スポーツ 行政情報 子育て・教育 くらし・手続き しごと・産業 医療・健康・福祉 観光・文化・スポーツ 行政情報 子育て・教育 文字サイズ 背景色変更 Foreign Language English 中文(簡体字) 中文(繁体字) Go PC版で見る 閉じる 現在のページ ホーム 子育て・教育 妊娠・出産 母子保健その他 母子保健その他 更新日：2024年12月05日 不妊治療に関する最新情報【令和4年3月25日時点】 令和4年4月から、不妊治療が保険適用されます。 詳しくは、厚
23	読谷村	自動体外式除細動器（AED）の設置について	https://www.vill.yomitan.okinawa.jp/iryo_kenko_fukushi/iryo_kenok/3732.html	自動体外式除細動器（AED）の設置について／沖縄県読谷村 スマートフォン版を表示 本文へ 文字サイズ 背景色変更 Foreign Language English 中文(簡体字) 中文(繁体字) Go くらし・手続き しごと・産業 医療・健康・福祉 観光・文化・スポーツ 行政情報 子育て・教育 くらし・手続き しごと・産業 医療・健康・福祉 観光・文化・スポーツ 行政情報 子育て・教育 文字サイズ 背景色変更 Foreign Language English 中文(簡体字) 中文(繁体字) Go PC版で見る 閉じる 現在のページ ホーム 医療・健康・福祉 医療・健康 自動体外式除細動器（AED）の設置について 自動体外式除細動器（AED）の設置について 更新日：2023年04月26日 地域の住民における救急救
23	読谷村	【令和8年度】子育て支援員研修について	https://www.vill.yomitan.okinawa.jp/kosodate_kyoiku/hoikusisyuurousap-to/6294.html	【令和8年度】子育て支援員研修について／沖縄県読谷村 スマートフォン版を表示 本文へ 文字サイズ 背景色変更 Foreign Language English 中文(簡体字) 中文(繁体字) Go くらし・手続き しごと・産業 医療・健康・福祉 観光・文化・スポーツ 行政情報 子育て・教育 くらし・手続き しごと・産業 医療・健康・福祉 観光・文化・スポーツ 行政情報 子育て・教育 文字サイズ 背景色変更 Foreign Language English 中文(簡体字) 中文(繁体字) Go PC版で見る 閉じる 現在のページ ホーム 子育て・教育 保育士就労サポート 【令和8年度】子育て支援員研修について 【令和8年度】子育て支援員研修について 更新日：2026年06月04日 ダウンロードはこちら（子育て支援
23	読谷村	自立支援医療制度について	https://www.vill.yomitan.okinawa.jp/kosodate_kyoiku/jidofukushi/3771.html	自立支援医療制度について／沖縄県読谷村 スマートフォン版を表示 本文へ 文字サイズ 背景色変更 Foreign Language English 中文(簡体字) 中文(繁体字) Go くらし・手続き しごと・産業 医療・健康・福祉 観光・文化・スポーツ 行政情報 子育て・教育 くらし・手続き しごと・産業 医療・健康・福祉 観光・文化・スポーツ 行政情報 子育て・教育 文字サイズ 背景色変更 Foreign Language English 中文(簡体字) 中文(繁体字) Go PC版で見る 閉じる 現在のページ ホーム 子育て・教育 児童福祉・ひとり親福祉 自立支援医療制度について 自立支援医療制度について 更新日：2024年02月07日 自立支援医療制度 障がい者（児）の医療費の公費（国）負担制度は、身体障
23	読谷村	第3期 読谷村子ども・子育て支援事業計画を策定致しました	https://www.vill.yomitan.okinawa.jp/kosodate_kyoiku/kosodateshien/6139.html	第3期 読谷村子ども・子育て支援事業計画を策定致しました／沖縄県読谷村 スマートフォン版を表示 本文へ 文字サイズ 背景色変更 Foreign Language English 中文(簡体字) 中文(繁体字) Go くらし・手続き しごと・産業 医療・健康・福祉 観光・文化・スポーツ 行政情報 子育て・教育 くらし・手続き しごと・産業 医療・健康・福祉 観光・文化・スポーツ 行政情報 子育て・教育 文字サイズ 背景色変更 Foreign Language English 中文(簡体字) 中文(繁体字) Go PC版で見る 閉じる 現在のページ ホーム 子育て・教育 子育て支援情報 第3期 読谷村子ども・子育て支援事業計画を策定致しました 第3期 読谷村子ども・子育て支援事業計画を策定致しました 更新日：202
23	読谷村	自動体外式除細動器（AED）の設置について	https://www.vill.yomitan.okinawa.jp/kurashi/anzen_anshin/shobo_kyukyu/2434.html	自動体外式除細動器（AED）の設置について／沖縄県読谷村 スマートフォン版を表示 本文へ 文字サイズ 背景色変更 Foreign Language English 中文(簡体字) 中文(繁体字) Go くらし・手続き しごと・産業 医療・健康・福祉 観光・文化・スポーツ 行政情報 子育て・教育 くらし・手続き しごと・産業 医療・健康・福祉 観光・文化・スポーツ 行政情報 子育て・教育 文字サイズ 背景色変更 Foreign Language English 中文(簡体字) 中文(繁体字) Go PC版で見る 閉じる 現在のページ ホーム くらし・手続き 安全・安心 消防・救急 自動体外式除細動器（AED）の設置について 自動体外式除細動器（AED）の設置について 更新日：2023年04月26日 地域の住民にお
22	読谷村	国民健康保険	https://www.vill.yomitan.okinawa.jp/iryo_kenko_fukushi/iryo_kenok/3463.html	国民健康保険／沖縄県読谷村 スマートフォン版を表示 本文へ 文字サイズ 背景色変更 Foreign Language English 中文(簡体字) 中文(繁体字) Go くらし・手続き しごと・産業 医療・健康・福祉 観光・文化・スポーツ 行政情報 子育て・教育 くらし・手続き しごと・産業 医療・健康・福祉 観光・文化・スポーツ 行政情報 子育て・教育 文字サイズ 背景色変更 Foreign Language English 中文(簡体字) 中文(繁体字) Go PC版で見る 閉じる 現在のページ ホーム 医療・健康・福祉 医療・健康 国民健康保険 国民健康保険 国民健康保険とは？ 国民健康保険に関すること 国民健康保険の給付のいろいろ 国民健康保険の保険給付費の返還 国民健康保険税の納付について 国保税の
22	読谷村	読谷村食の自立支援事業（配食サービス）	https://www.vill.yomitan.okinawa.jp/iryo_kenko_fukushi/kourei_fukushi_kaigo/2196.html	読谷村食の自立支援事業（配食サービス）／沖縄県読谷村 スマートフォン版を表示 本文へ 文字サイズ 背景色変更 Foreign Language English 中文(簡体字) 中文(繁体字) Go くらし・手続き しごと・産業 医療・健康・福祉 観光・文化・スポーツ 行政情報 子育て・教育 くらし・手続き しごと・産業 医療・健康・福祉 観光・文化・スポーツ 行政情報 子育て・教育 文字サイズ 背景色変更 Foreign Language English 中文(簡体字) 中文(繁体字) Go PC版で見る 閉じる 現在のページ ホーム 医療・健康・福祉 高齢者福祉・介護 読谷村食の自立支援事業（配食サービス） 読谷村食の自立支援事業（配食サービス） 更新日：2025年03月12日 目的 調理が困難な高齢者等に対
21	読谷村	妊娠・出産	https://www.vill.yomitan.okinawa.jp/life_scene/ninshin.html	妊娠・出産／沖縄県読谷村 スマートフォン版を表示 本文へ 文字サイズ 背景色変更 Foreign Language English 中文(簡体字) 中文(繁体字) Go くらし・手続き しごと・産業 医療・健康・福祉 観光・文化・スポーツ 行政情報 子育て・教育 くらし・手続き しごと・産業 医療・健康・福祉 観光・文化・スポーツ 行政情報 子育て・教育 文字サイズ 背景色変更 Foreign Language English 中文(簡体字) 中文(繁体字) Go PC版で見る 閉じる 現在のページ ホーム ライフシーンから探す 妊娠・出産 妊娠・出産 里帰り出産をご希望の妊婦さんへ 読谷村 産後ケア事業 低出生体重児の届け出・養育医療制度について 【妊娠】親子健康手帳（母子手帳）交付について 赤ちゃんが産まれ
21	読谷村	妊娠・出産	https://www.vill.yomitan.okinawa.jp/kosodate_kyoiku/ninshin_shussan/index.html	妊娠・出産／沖縄県読谷村 スマートフォン版を表示 本文へ 文字サイズ 背景色変更 Foreign Language English 中文(簡体字) 中文(繁体字) Go くらし・手続き しごと・産業 医療・健康・福祉 観光・文化・スポーツ 行政情報 子育て・教育 くらし・手続き しごと・産業 医療・健康・福祉 観光・文化・スポーツ 行政情報 子育て・教育 文字サイズ 背景色変更 Foreign Language English 中文(簡体字) 中文(繁体字) Go PC版で見る 閉じる 現在のページ ホーム 子育て・教育 妊娠・出産 妊娠・出産 里帰り出産をご希望の妊婦さんへ 読谷村 産後ケア事業 低出生体重児の届け出・養育医療制度について 【妊娠】親子健康手帳（母子手帳）交付について 赤ちゃんが産まれたら 多
21	読谷村	新型コロナウイルス感染症	https://www.vill.yomitan.okinawa.jp/iryo_kenko_fukushi/iryo_kenok/kansensho_byoki/covid19/index.html	新型コロナウイルス感染症／沖縄県読谷村 スマートフォン版を表示 本文へ 文字サイズ 背景色変更 Foreign Language English 中文(簡体字) 中文(繁体字) Go くらし・手続き しごと・産業 医療・健康・福祉 観光・文化・スポーツ 行政情報 子育て・教育 くらし・手続き しごと・産業 医療・健康・福祉 観光・文化・スポーツ 行政情報 子育て・教育 文字サイズ 背景色変更 Foreign Language English 中文(簡体字) 中文(繁体字) Go PC版で見る 閉じる 現在のページ ホーム 医療・健康・福祉 医療・健康 感染症・病気 新型コロナウイルス感染症 新型コロナウイルス感染症 【後期高齢者医療保険】新型コロナウイルス感染症に伴う傷病手当金の支給について 【新型コロナ】そろ
20	読谷村	子育て・教育	https://www.vill.yomitan.okinawa.jp/kosodate_kyoiku/index.html	子育て・教育／沖縄県読谷村 スマートフォン版を表示 本文へ 文字サイズ 背景色変更 Foreign Language English 中文(簡体字) 中文(繁体字) Go くらし・手続き しごと・産業 医療・健康・福祉 観光・文化・スポーツ 行政情報 子育て・教育 くらし・手続き しごと・産業 医療・健康・福祉 観光・文化・スポーツ 行政情報 子育て・教育 文字サイズ 背景色変更 Foreign Language English 中文(簡体字) 中文(繁体字) Go PC版で見る 閉じる 現在のページ ホーム 子育て・教育 子育て・教育 新着情報 NEW! 現在、新着情報はございません。 妊娠・出産 母子の健康 子育て支援情報 児童福祉・ひとり親福祉 子育て施設 保育所・こども園・幼稚園 学童保育・放課後子ども
20	読谷村	障害福祉サービス等について	https://www.vill.yomitan.okinawa.jp/iryo_kenko_fukushi/shogaisha_fukushi/4729.html	障害福祉サービス等について／沖縄県読谷村 スマートフォン版を表示 本文へ 文字サイズ 背景色変更 Foreign Language English 中文(簡体字) 中文(繁体字) Go くらし・手続き しごと・産業 医療・健康・福祉 観光・文化・スポーツ 行政情報 子育て・教育 くらし・手続き しごと・産業 医療・健康・福祉 観光・文化・スポーツ 行政情報 子育て・教育 文字サイズ 背景色変更 Foreign Language English 中文(簡体字) 中文(繁体字) Go PC版で見る 閉じる 現在のページ ホーム 医療・健康・福祉 障害者福祉 障害福祉サービス等について 障害福祉サービス等について 指定（特定・障害児）相談支援事業所の指定等公示 障害福祉サービスについて 事業者の皆様へ 障害児通所支援
20	読谷村	私立中学校給食費補助金	https://www.vill.yomitan.okinawa.jp/kosodate_kyoiku/kyoiku_iinkai/shiritutyu_kyusyokuhozyokin/index.html	私立中学校給食費補助金／沖縄県読谷村 スマートフォン版を表示 本文へ 文字サイズ 背景色変更 Foreign Language English 中文(簡体字) 中文(繁体字) Go くらし・手続き しごと・産業 医療・健康・福祉 観光・文化・スポーツ 行政情報 子育て・教育 くらし・手続き しごと・産業 医療・健康・福祉 観光・文化・スポーツ 行政情報 子育て・教育 文字サイズ 背景色変更 Foreign Language English 中文(簡体字) 中文(繁体字) Go PC版で見る 閉じる 現在のページ ホーム 子育て・教育 教育委員会 私立中学校給食費補助金 私立中学校給食費補助金 教育委員会 広告 閉じる 沖縄県 読谷村役場 〒904-0392 沖縄県中頭郡読谷村字座喜味2901番地1( 地図 )
19	読谷村	教育	https://www.vill.yomitan.okinawa.jp/life_scene/kyoiku/index.html	教育／沖縄県読谷村 スマートフォン版を表示 本文へ 文字サイズ 背景色変更 Foreign Language English 中文(簡体字) 中文(繁体字) Go くらし・手続き しごと・産業 医療・健康・福祉 観光・文化・スポーツ 行政情報 子育て・教育 くらし・手続き しごと・産業 医療・健康・福祉 観光・文化・スポーツ 行政情報 子育て・教育 文字サイズ 背景色変更 Foreign Language English 中文(簡体字) 中文(繁体字) Go PC版で見る 閉じる 現在のページ ホーム ライフシーンから探す 教育 教育 小中学校 健全育成・青少年 教育委員会 子育て手当・奨学金等 令和8年度読谷村立幼稚園入園募集について ライフシーンから探す 広告 閉じる 沖縄県 読谷村役場 〒904-0392
19	読谷村	葬儀・墓地	https://www.vill.yomitan.okinawa.jp/kurashi/sogi_bochi/index.html	葬儀・墓地／沖縄県読谷村 スマートフォン版を表示 本文へ 文字サイズ 背景色変更 Foreign Language English 中文(簡体字) 中文(繁体字) Go くらし・手続き しごと・産業 医療・健康・福祉 観光・文化・スポーツ 行政情報 子育て・教育 くらし・手続き しごと・産業 医療・健康・福祉 観光・文化・スポーツ 行政情報 子育て・教育 文字サイズ 背景色変更 Foreign Language English 中文(簡体字) 中文(繁体字) Go PC版で見る 閉じる 現在のページ ホーム くらし・手続き 葬儀・墓地 葬儀・墓地 墓じまいと改葬のご案内 墓地の管理について 【墓地・火葬場関係】墓地等の設置について 【火葬場関係】読谷村火葬場「よみたん斎苑」のご利用について 国民健康保険の給付の
19	読谷村	読谷村民設放課後児童クラブ運営事業者の募集について	https://www.vill.yomitan.okinawa.jp/kosodate_kyoiku/gakudo/5731.html	読谷村民設放課後児童クラブ運営事業者の募集について／沖縄県読谷村 スマートフォン版を表示 本文へ 文字サイズ 背景色変更 Foreign Language English 中文(簡体字) 中文(繁体字) Go くらし・手続き しごと・産業 医療・健康・福祉 観光・文化・スポーツ 行政情報 子育て・教育 くらし・手続き しごと・産業 医療・健康・福祉 観光・文化・スポーツ 行政情報 子育て・教育 文字サイズ 背景色変更 Foreign Language English 中文(簡体字) 中文(繁体字) Go PC版で見る 閉じる 現在のページ ホーム 子育て・教育 学童保育・放課後子ども教室 読谷村民設放課後児童クラブ運営事業者の募集について 読谷村民設放課後児童クラブ運営事業者の募集について 更新日：2025年0
19	読谷村	【こども家庭庁より公募についてのお知らせ】こどもの未来応援基金 令和8年度支援団体募集	https://www.vill.yomitan.okinawa.jp/kosodate_kyoiku/kosodateshien/6496.html	【こども家庭庁より公募についてのお知らせ】こどもの未来応援基金 令和8年度支援団体募集／沖縄県読谷村 スマートフォン版を表示 本文へ 文字サイズ 背景色変更 Foreign Language English 中文(簡体字) 中文(繁体字) Go くらし・手続き しごと・産業 医療・健康・福祉 観光・文化・スポーツ 行政情報 子育て・教育 くらし・手続き しごと・産業 医療・健康・福祉 観光・文化・スポーツ 行政情報 子育て・教育 文字サイズ 背景色変更 Foreign Language English 中文(簡体字) 中文(繁体字) Go PC版で見る 閉じる 現在のページ ホーム 子育て・教育 子育て支援情報 【こども家庭庁より公募についてのお知らせ】こどもの未来応援基金 令和8年度支援団体募集 【こども家庭
19	読谷村	特定防衛施設周辺整備調整交付金を活用し給食配送車両を購入致しました。	https://www.vill.yomitan.okinawa.jp/kosodate_kyoiku/school/kyushoku/1983.html	特定防衛施設周辺整備調整交付金を活用し給食配送車両を購入致しました。／沖縄県読谷村 スマートフォン版を表示 本文へ 文字サイズ 背景色変更 Foreign Language English 中文(簡体字) 中文(繁体字) Go くらし・手続き しごと・産業 医療・健康・福祉 観光・文化・スポーツ 行政情報 子育て・教育 くらし・手続き しごと・産業 医療・健康・福祉 観光・文化・スポーツ 行政情報 子育て・教育 文字サイズ 背景色変更 Foreign Language English 中文(簡体字) 中文(繁体字) Go PC版で見る 閉じる 現在のページ ホーム 子育て・教育 小中学校 学校給食 特定防衛施設周辺整備調整交付金を活用し給食配送車両を購入致しました。 特定防衛施設周辺整備調整交付金を活用し給食配
18	読谷村	健全育成・青少年	https://www.vill.yomitan.okinawa.jp/life_scene/kyoiku/3257.html	健全育成・青少年／沖縄県読谷村 スマートフォン版を表示 本文へ 文字サイズ 背景色変更 Foreign Language English 中文(簡体字) 中文(繁体字) Go くらし・手続き しごと・産業 医療・健康・福祉 観光・文化・スポーツ 行政情報 子育て・教育 くらし・手続き しごと・産業 医療・健康・福祉 観光・文化・スポーツ 行政情報 子育て・教育 文字サイズ 背景色変更 Foreign Language English 中文(簡体字) 中文(繁体字) Go PC版で見る 閉じる 現在のページ ホーム ライフシーンから探す 教育 健全育成・青少年 健全育成・青少年 部活動等（スポーツ少年団含む）における望ましい指導の在り方について お知らせ「親子電話相談室」 いじめ問題に関する緊急メッセージ 未就学
18	読谷村	健康・医療に関するサポート	https://www.vill.yomitan.okinawa.jp/kosodate_kyoiku/boshi_kenko/support_kenko/index.html	健康・医療に関するサポート／沖縄県読谷村 スマートフォン版を表示 本文へ 文字サイズ 背景色変更 Foreign Language English 中文(簡体字) 中文(繁体字) Go くらし・手続き しごと・産業 医療・健康・福祉 観光・文化・スポーツ 行政情報 子育て・教育 くらし・手続き しごと・産業 医療・健康・福祉 観光・文化・スポーツ 行政情報 子育て・教育 文字サイズ 背景色変更 Foreign Language English 中文(簡体字) 中文(繁体字) Go PC版で見る 閉じる 現在のページ ホーム 子育て・教育 母子の健康 健康・医療に関するサポート 健康・医療に関するサポート こども医療費助成制度 新生児聴覚検査の費用助成について 産婦健康診査の費用助成について 母子の健康 広告 閉
17	読谷村	住まい	https://www.vill.yomitan.okinawa.jp/kurashi/sumai/index.html	住まい／沖縄県読谷村 スマートフォン版を表示 本文へ 文字サイズ 背景色変更 Foreign Language English 中文(簡体字) 中文(繁体字) Go くらし・手続き しごと・産業 医療・健康・福祉 観光・文化・スポーツ 行政情報 子育て・教育 くらし・手続き しごと・産業 医療・健康・福祉 観光・文化・スポーツ 行政情報 子育て・教育 文字サイズ 背景色変更 Foreign Language English 中文(簡体字) 中文(繁体字) Go PC版で見る 閉じる 現在のページ ホーム くらし・手続き 住まい 住まい 公営住宅 特定防衛施設周辺整備調整交付金事業（油圧ショベル購入）について 読谷村生ごみ処理機購入助成金・生ごみ処理容器販売のご案内 住宅用太陽光発電システム設置事業補助金について
17	読谷村	子育て支援情報	https://www.vill.yomitan.okinawa.jp/life_scene/kosodate/3252.html	子育て支援情報／沖縄県読谷村 スマートフォン版を表示 本文へ 文字サイズ 背景色変更 Foreign Language English 中文(簡体字) 中文(繁体字) Go くらし・手続き しごと・産業 医療・健康・福祉 観光・文化・スポーツ 行政情報 子育て・教育 くらし・手続き しごと・産業 医療・健康・福祉 観光・文化・スポーツ 行政情報 子育て・教育 文字サイズ 背景色変更 Foreign Language English 中文(簡体字) 中文(繁体字) Go PC版で見る 閉じる 現在のページ ホーム ライフシーンから探す 子育て 子育て支援情報 子育て支援情報 講座・教室 未就学児 読谷村こども誰でも通園制度 子育てサポート情報 見守る・支える・地域の子育て～防ごう！子どもへの虐待～ 家庭教育相談支
17	読谷村	教育委員会	https://www.vill.yomitan.okinawa.jp/life_scene/kyoiku/3258.html	教育委員会／沖縄県読谷村 スマートフォン版を表示 本文へ 文字サイズ 背景色変更 Foreign Language English 中文(簡体字) 中文(繁体字) Go くらし・手続き しごと・産業 医療・健康・福祉 観光・文化・スポーツ 行政情報 子育て・教育 くらし・手続き しごと・産業 医療・健康・福祉 観光・文化・スポーツ 行政情報 子育て・教育 文字サイズ 背景色変更 Foreign Language English 中文(簡体字) 中文(繁体字) Go PC版で見る 閉じる 現在のページ ホーム ライフシーンから探す 教育 教育委員会 教育委員会 教育長・教育委員 第2次読谷村教育振興基本計画を作成しました 読谷村育英会（奨学金制度）について 読谷村立学校施設整備計画について 読谷村教育要覧 読谷村
16	読谷村	健全育成・青少年	https://www.vill.yomitan.okinawa.jp/kosodate_kyoiku/kenzenikusei/index.html	健全育成・青少年／沖縄県読谷村 スマートフォン版を表示 本文へ 文字サイズ 背景色変更 Foreign Language English 中文(簡体字) 中文(繁体字) Go くらし・手続き しごと・産業 医療・健康・福祉 観光・文化・スポーツ 行政情報 子育て・教育 くらし・手続き しごと・産業 医療・健康・福祉 観光・文化・スポーツ 行政情報 子育て・教育 文字サイズ 背景色変更 Foreign Language English 中文(簡体字) 中文(繁体字) Go PC版で見る 閉じる 現在のページ ホーム 子育て・教育 健全育成・青少年 健全育成・青少年 部活動等（スポーツ少年団含む）における望ましい指導の在り方について お知らせ「親子電話相談室」 いじめ問題に関する緊急メッセージ 未就学児交通安全点検
16	読谷村	商工観光課	https://www.vill.yomitan.okinawa.jp/soshiki/shoko_kanko/index.html	商工観光課／沖縄県読谷村 スマートフォン版を表示 本文へ 文字サイズ 背景色変更 Foreign Language English 中文(簡体字) 中文(繁体字) Go くらし・手続き しごと・産業 医療・健康・福祉 観光・文化・スポーツ 行政情報 子育て・教育 くらし・手続き しごと・産業 医療・健康・福祉 観光・文化・スポーツ 行政情報 子育て・教育 文字サイズ 背景色変更 Foreign Language English 中文(簡体字) 中文(繁体字) Go PC版で見る 閉じる 現在のページ ホーム 組織から探す 商工観光課 商工観光課 業務案内 「感染症防止対策推進宣言の店」制度の終了について 第42回読谷村ハーリー大会開催 スポーツ・健康まちづくり優良自治体表彰を受賞しました！ 【沖縄県宿泊税への対
16	読谷村	新型コロナウイルス感染症の影響により事業収入が減少している中小事業者等の令和3年度固定資産税の軽減について	https://www.vill.yomitan.okinawa.jp/iryo_kenko_fukushi/iryo_kenok/kansensho_byoki/covid19/2352.html	新型コロナウイルス感染症の影響により事業収入が減少している中小事業者等の令和3年度固定資産税の軽減について／沖縄県読谷村 スマートフォン版を表示 本文へ 文字サイズ 背景色変更 Foreign Language English 中文(簡体字) 中文(繁体字) Go くらし・手続き しごと・産業 医療・健康・福祉 観光・文化・スポーツ 行政情報 子育て・教育 くらし・手続き しごと・産業 医療・健康・福祉 観光・文化・スポーツ 行政情報 子育て・教育 文字サイズ 背景色変更 Foreign Language English 中文(簡体字) 中文(繁体字) Go PC版で見る 閉じる 現在のページ ホーム 医療・健康・福祉 医療・健康 感染症・病気 新型コロナウイルス感染症 新型コロナウイルス感染症の影響により事業
16	読谷村	みらい児童館	https://www.vill.yomitan.okinawa.jp/kosodate_kyoiku/gakudo/2647.html	みらい児童館／沖縄県読谷村 スマートフォン版を表示 本文へ 文字サイズ 背景色変更 Foreign Language English 中文(簡体字) 中文(繁体字) Go くらし・手続き しごと・産業 医療・健康・福祉 観光・文化・スポーツ 行政情報 子育て・教育 くらし・手続き しごと・産業 医療・健康・福祉 観光・文化・スポーツ 行政情報 子育て・教育 文字サイズ 背景色変更 Foreign Language English 中文(簡体字) 中文(繁体字) Go PC版で見る 閉じる 現在のページ ホーム 子育て・教育 学童保育・放課後子ども教室 みらい児童館 みらい児童館 更新日：2023年05月26日 児童館について 平成27年5月に読谷村初となる児童館が開所しました。 児童館とは… 0歳～18歳までの
16	読谷村	令和7年度 村立・認可保育園入所申込のご案内	https://www.vill.yomitan.okinawa.jp/kosodate_kyoiku/hoikusho_yochien/4426.html	令和7年度 村立・認可保育園入所申込のご案内／沖縄県読谷村 スマートフォン版を表示 本文へ 文字サイズ 背景色変更 Foreign Language English 中文(簡体字) 中文(繁体字) Go くらし・手続き しごと・産業 医療・健康・福祉 観光・文化・スポーツ 行政情報 子育て・教育 くらし・手続き しごと・産業 医療・健康・福祉 観光・文化・スポーツ 行政情報 子育て・教育 文字サイズ 背景色変更 Foreign Language English 中文(簡体字) 中文(繁体字) Go PC版で見る 閉じる 現在のページ ホーム 子育て・教育 保育所・こども園・幼稚園 令和7年度 村立・認可保育園入所申込のご案内 令和7年度 村立・認可保育園入所申込のご案内 更新日：2024年09月09日 令和7年
16	読谷村	令和8年度 村立・認可保育園入所申込のご案内	https://www.vill.yomitan.okinawa.jp/kosodate_kyoiku/hoikusho_yochien/6500.html	令和8年度 村立・認可保育園入所申込のご案内／沖縄県読谷村 スマートフォン版を表示 本文へ 文字サイズ 背景色変更 Foreign Language English 中文(簡体字) 中文(繁体字) Go くらし・手続き しごと・産業 医療・健康・福祉 観光・文化・スポーツ 行政情報 子育て・教育 くらし・手続き しごと・産業 医療・健康・福祉 観光・文化・スポーツ 行政情報 子育て・教育 文字サイズ 背景色変更 Foreign Language English 中文(簡体字) 中文(繁体字) Go PC版で見る 閉じる 現在のページ ホーム 子育て・教育 保育所・こども園・幼稚園 令和8年度 村立・認可保育園入所申込のご案内 令和8年度 村立・認可保育園入所申込のご案内 更新日：2025年09月08日 令和8年
16	読谷村	令和7年度 村立・認可保育園入所申込のご案内	https://www.vill.yomitan.okinawa.jp/kosodate_kyoiku/kosodate_shisetsu/4425.html	令和7年度 村立・認可保育園入所申込のご案内／沖縄県読谷村 スマートフォン版を表示 本文へ 文字サイズ 背景色変更 Foreign Language English 中文(簡体字) 中文(繁体字) Go くらし・手続き しごと・産業 医療・健康・福祉 観光・文化・スポーツ 行政情報 子育て・教育 くらし・手続き しごと・産業 医療・健康・福祉 観光・文化・スポーツ 行政情報 子育て・教育 文字サイズ 背景色変更 Foreign Language English 中文(簡体字) 中文(繁体字) Go PC版で見る 閉じる 現在のページ ホーム 子育て・教育 子育て施設 令和7年度 村立・認可保育園入所申込のご案内 令和7年度 村立・認可保育園入所申込のご案内 更新日：2024年09月09日 令和7年度保育所入所申
16	読谷村	令和8年度 村立・認可保育園入所申込のご案内	https://www.vill.yomitan.okinawa.jp/kosodate_kyoiku/kosodate_shisetsu/6502.html	令和8年度 村立・認可保育園入所申込のご案内／沖縄県読谷村 スマートフォン版を表示 本文へ 文字サイズ 背景色変更 Foreign Language English 中文(簡体字) 中文(繁体字) Go くらし・手続き しごと・産業 医療・健康・福祉 観光・文化・スポーツ 行政情報 子育て・教育 くらし・手続き しごと・産業 医療・健康・福祉 観光・文化・スポーツ 行政情報 子育て・教育 文字サイズ 背景色変更 Foreign Language English 中文(簡体字) 中文(繁体字) Go PC版で見る 閉じる 現在のページ ホーム 子育て・教育 子育て施設 令和8年度 村立・認可保育園入所申込のご案内 令和8年度 村立・認可保育園入所申込のご案内 更新日：2025年09月08日 令和8年度保育所入所申
45	北谷町	妊婦のための支援給付事業（旧出産・子育て応援給付金事業）について	https://www.chatan.jp/kosodate/kosodate/teate_support/bansougatasoudan.html	北谷町では妊娠等包括相談支援事業と妊婦のための支援給付事業を一体的に実施。対象は申請及び届出時点において北谷町に住所がある妊婦または産婦等。妊婦であることの認定後5万円、妊娠したこどもの数の届出後にこどもの数につき5万円を給付。更新日2025年11月7日。
43	北谷町	母子及び父子家庭等医療費助成事業	https://www.chatan.jp/kosodate/kosodate/teate_support/boshi_fushi.files/R080401chirashi.pdf	北谷町の母子及び父子家庭等医療費助成事業。各医療保険診療にかかる自己負担分から一部負担金を引いた額を助成。対象児童は18歳に達した日の属する年度末まで、障がいがある場合は20歳に達した日の属する月末まで。申請方法等は北谷町ホームページ案内。
42	北谷町	北谷町加齢性難聴者補聴器購入費助成事業	https://www.chatan.jp/kenko_fukushi/koureishafukushi/oshirase/hochoukijosei.html	北谷町加齢性難聴者補聴器購入費助成事業。65歳以上の北谷町民のうち、医師から補聴器の使用が必要と認められた方に購入費の一部を助成。助成上限は住民税非課税世帯5万円、その他3万円。2026年6月26日更新時点で受付中、予定人数に達し次第受付終了。
30	北中城村	地域づくりのための助成事業 活用ガイド	https://www.vill.kitanakagusuku.lg.jp/kakuka/kikaku/chiiki/chiiki/1440.html	地域づくりのための助成事業 活用ガイド／北中城村 本文へ 文字サイズ 背景色変更 アクセス ホーム 暮らしの情報 北中城村について 村政 観光案内 子育て・教育 手続き検索ナビ キーワードで探す よく検索されるキーワード 水道基本料金の全額免除について 下水道使用料改定のお知らせ 水道料金改定のお知らせ 現在の位置 北中城村ホームページ 各課の案内 企画振興課 地域振興係 地域活性化 地域づくりのための助成事業 活用ガイド 地域づくりのための助成事業 活用ガイド 更新日：2019年04月03日 沖縄県内の各団体は、地域づくり活動に取り組んでいる皆様に対して、様々な助成事業を展開しております。 詳細は、下記の「活用ガイドブック」及び各団体のホームページにて確認することができます。 公募期間外だとホームページに掲載
30	北中城村	手当・助成	https://www.vill.kitanakagusuku.lg.jp/bamen/ninshinsyusan/715.html	手当・助成／北中城村 本文へ 文字サイズ 背景色変更 アクセス ホーム 暮らしの情報 北中城村について 村政 観光案内 子育て・教育 手続き検索ナビ キーワードで探す よく検索されるキーワード 水道基本料金の全額免除について 下水道使用料改定のお知らせ 水道料金改定のお知らせ 現在の位置 北中城村ホームページ 場面別で探す 妊娠・出産・子育て 手当・助成 手当・助成 更新日：2020年03月27日 幼児教育・保育無償化のお知らせ 児童手当について 公務員になる（退職する）方の児童手当について 特別児童扶養手当 令和8年度 就学援助制度(要保護・準要保護)について 小学校・中学校の就学援助費について 準要保護支払い一覧 ひとり親家庭等認可外保育施設利用料補助事業について 母子及び父子家庭等医療費助成事業 平成26
30	北中城村	認可外保育施設等を利用している方へ（幼児教育・保育の無償化）	https://www.vill.kitanakagusuku.lg.jp/bamen/nyuennyugaku/1665.html	認可外保育施設等を利用している方へ（幼児教育・保育の無償化）／北中城村 本文へ 文字サイズ 背景色変更 アクセス ホーム 暮らしの情報 北中城村について 村政 観光案内 子育て・教育 手続き検索ナビ キーワードで探す よく検索されるキーワード 水道基本料金の全額免除について 下水道使用料改定のお知らせ 水道料金改定のお知らせ 現在の位置 北中城村ホームページ 場面別で探す 入園・入学 認可外保育施設等を利用している方へ（幼児教育・保育の無償化） 認可外保育施設等を利用している方へ（幼児教育・保育の無償化） 更新日：2026年02月04日 令和元年10月より始まった幼児教育・保育の無償化において、認可外保育施設等を利用している方が無償化の対象となるためには、 お住まいの市町村から「保育の必要性の認定」を受ける必要
30	北中城村	幼稚園の預かり保育について（幼児教育・保育の無償化）	https://www.vill.kitanakagusuku.lg.jp/bamen/nyuennyugaku/3647.html	幼稚園の預かり保育について（幼児教育・保育の無償化）／北中城村 本文へ 文字サイズ 背景色変更 アクセス ホーム 暮らしの情報 北中城村について 村政 観光案内 子育て・教育 手続き検索ナビ キーワードで探す よく検索されるキーワード 水道基本料金の全額免除について 下水道使用料改定のお知らせ 水道料金改定のお知らせ 現在の位置 北中城村ホームページ 場面別で探す 入園・入学 幼稚園の預かり保育について（幼児教育・保育の無償化） 幼稚園の預かり保育について（幼児教育・保育の無償化） 更新日：2026年02月04日 幼稚園等の預かり保育について （子ども子育て支援法第30条の4第2号および3号） 幼稚園等（新制度移行幼稚園、新制度未移行幼稚園、認定こども園（教育認定））の預かり保育は、教育時間以外の時間に、幼稚園
30	北中城村	幼児教育・保育無償化のお知らせ	https://www.vill.kitanakagusuku.lg.jp/bamen/nyuennyugaku/1663.html	幼児教育・保育無償化のお知らせ／北中城村 本文へ 文字サイズ 背景色変更 アクセス ホーム 暮らしの情報 北中城村について 村政 観光案内 子育て・教育 手続き検索ナビ キーワードで探す よく検索されるキーワード 水道基本料金の全額免除について 下水道使用料改定のお知らせ 水道料金改定のお知らせ 現在の位置 北中城村ホームページ 場面別で探す 入園・入学 幼児教育・保育無償化のお知らせ 幼児教育・保育無償化のお知らせ 更新日：2026年03月31日 令和元年10月より幼児教育・保育の無償化が始まりました。 制度の趣旨 子育て世帯を応援し、社会保障を全世代型へ抜本的に変えるため、幼児教育・保育無償化が実施されることとなりました。 幼児教育・保育の無償化は、生涯にわたる人格形成の基礎を培う幼児教育・保育の重要性や、
30	北中城村	北中城こども園における幼稚園型一時預かり事業法定代理受領の額の通知について	https://www.vill.kitanakagusuku.lg.jp/bamen/nyuennyugaku/2926.html	北中城こども園における幼稚園型一時預かり事業法定代理受領の額の通知について／北中城村 本文へ 文字サイズ 背景色変更 アクセス ホーム 暮らしの情報 北中城村について 村政 観光案内 子育て・教育 手続き検索ナビ キーワードで探す よく検索されるキーワード 水道基本料金の全額免除について 下水道使用料改定のお知らせ 水道料金改定のお知らせ 現在の位置 北中城村ホームページ 場面別で探す 入園・入学 北中城こども園における幼稚園型一時預かり事業法定代理受領の額の通知について 北中城こども園における幼稚園型一時預かり事業法定代理受領の額の通知について 更新日：2026年06月22日 幼稚園型一時預かり事業とは 幼稚園型一時預かり事業とは、主に幼稚園や認定こども園に在籍する満3歳児以上の幼児を対象に、教育時間の前後ま
30	北中城村	障がい福祉に関する制度及びサービスについて	https://www.vill.kitanakagusuku.lg.jp/kakuka/fukushi/shakai/866.html	障がい福祉に関する制度及びサービスについて／北中城村 本文へ 文字サイズ 背景色変更 アクセス ホーム 暮らしの情報 北中城村について 村政 観光案内 子育て・教育 手続き検索ナビ キーワードで探す よく検索されるキーワード 水道基本料金の全額免除について 下水道使用料改定のお知らせ 水道料金改定のお知らせ 現在の位置 北中城村ホームページ 各課の案内 福祉課 社会福祉係 障がい福祉に関する制度及びサービスについて 障がい福祉に関する制度及びサービスについて 更新日：2018年08月22日 手当等 医療関係 税金 自立支援給付 通所給付 交通・運賃 地域生活支援 その他 障がいをもつ方の生活を支援するためにいろいろな制度や福祉サービスがあります。 この一覧は福祉制度等を有効活用していただくために作成していますが
30	北中城村	非常用電源装置の購入費を助成します	https://www.vill.kitanakagusuku.lg.jp/kakuka/fukushi/shakai/4618.html	非常用電源装置の購入費を助成します／北中城村 本文へ 文字サイズ 背景色変更 アクセス ホーム 暮らしの情報 北中城村について 村政 観光案内 子育て・教育 手続き検索ナビ キーワードで探す よく検索されるキーワード 水道基本料金の全額免除について 下水道使用料改定のお知らせ 水道料金改定のお知らせ 現在の位置 北中城村ホームページ 各課の案内 福祉課 社会福祉係 非常用電源装置の購入費を助成します 非常用電源装置の購入費を助成します 更新日：2026年03月25日 地震や台風などの災害に伴う停電時、人工呼吸器や酸素濃縮器などの医療機器が停止するリスクに備え、非常用電源装置（ポータブル電源、発電機など）の購入費用を助成します。 対象となる方（以下のすべてを満たす方） ・北中城村内に住民票がある方 ・在宅で常時人
30	北中城村	障害福祉サービス等の様式集	https://www.vill.kitanakagusuku.lg.jp/kakuka/fukushi/shakai/1571.html	障害福祉サービス等の様式集／北中城村 本文へ 文字サイズ 背景色変更 アクセス ホーム 暮らしの情報 北中城村について 村政 観光案内 子育て・教育 手続き検索ナビ キーワードで探す よく検索されるキーワード 水道基本料金の全額免除について 下水道使用料改定のお知らせ 水道料金改定のお知らせ 現在の位置 北中城村ホームページ 各課の案内 福祉課 社会福祉係 障害福祉サービス等の様式集 障害福祉サービス等の様式集 更新日：2024年11月11日 1.利用者向け様式（障害者） 障害福祉サービス申請書 (PDFファイル: 190.3KB) 障害福祉サービス変更申請書 (PDFファイル: 193.9KB) 計画相談支援給付費支給申請書 (PDFファイル: 45.0KB) 高額障害福祉サービス等給付費支給申請書 (PDF
30	北中城村	障害児福祉手当・特別障害者手当制度について	https://www.vill.kitanakagusuku.lg.jp/kakuka/fukushi/shakai/1495.html	障害児福祉手当・特別障害者手当制度について／北中城村 本文へ 文字サイズ 背景色変更 アクセス ホーム 暮らしの情報 北中城村について 村政 観光案内 子育て・教育 手続き検索ナビ キーワードで探す よく検索されるキーワード 水道基本料金の全額免除について 下水道使用料改定のお知らせ 水道料金改定のお知らせ 現在の位置 北中城村ホームページ 各課の案内 福祉課 社会福祉係 障害児福祉手当・特別障害者手当制度について 障害児福祉手当・特別障害者手当制度について 更新日：2026年02月20日 沖縄県では、精神または身体の重度障害のため、常時特別の介護を必要としている方の負担を軽減するため、在宅の重度障害児（者）に対して、障害児福祉手当・特別障害者手当を支給しています。 支給対象 障害児福祉手当 精神または身体に重
30	北中城村	加齢性難聴補聴器購入費助成事業について	https://www.vill.kitanakagusuku.lg.jp/kakuka/fukushi/shakai/3805.html	加齢性難聴補聴器購入費助成事業について／北中城村 本文へ 文字サイズ 背景色変更 アクセス ホーム 暮らしの情報 北中城村について 村政 観光案内 子育て・教育 手続き検索ナビ キーワードで探す よく検索されるキーワード 水道基本料金の全額免除について 下水道使用料改定のお知らせ 水道料金改定のお知らせ 現在の位置 北中城村ホームページ 各課の案内 福祉課 社会福祉係 加齢性難聴補聴器購入費助成事業について 加齢性難聴補聴器購入費助成事業について 更新日：2026年03月16日 この事業の目的 日常生活に支障がある加齢性難聴者に対し、補聴器の購入に要する費用を助成することで、生活支援及び社会参加の促進を図ることを目的としています。 助成対象者 この事業における助成対象者は、次の条件すべてに該当する方です。 1．
30	北中城村	学校の管理下でケガをした場合について（災害共済給付制度）	https://www.vill.kitanakagusuku.lg.jp/kakuka/iinkai/kyouiku/3218.html	学校の管理下でケガをした場合について（災害共済給付制度）／北中城村 本文へ 文字サイズ 背景色変更 アクセス ホーム 暮らしの情報 北中城村について 村政 観光案内 子育て・教育 手続き検索ナビ キーワードで探す よく検索されるキーワード 水道基本料金の全額免除について 下水道使用料改定のお知らせ 水道料金改定のお知らせ 現在の位置 北中城村ホームページ 各課の案内 北中城村教育委員会 教育総務課 総務係 学校の管理下でケガをした場合について（災害共済給付制度） 学校の管理下でケガをした場合について（災害共済給付制度） 更新日：2022年06月01日 北中城村教育委員会では、学校および幼稚園の管理下で園児・児童がケガなどをされた場合に備え、独立行政法人日本スポーツ振興センターが実施する災害共済給付制度に加入して
30	北中城村	幼稚園の預かり保育について（幼児教育・保育の無償化）	https://www.vill.kitanakagusuku.lg.jp/kakuka/iinkai/kyouiku/3659.html	幼稚園の預かり保育について（幼児教育・保育の無償化）／北中城村 本文へ 文字サイズ 背景色変更 アクセス ホーム 暮らしの情報 北中城村について 村政 観光案内 子育て・教育 手続き検索ナビ キーワードで探す よく検索されるキーワード 水道基本料金の全額免除について 下水道使用料改定のお知らせ 水道料金改定のお知らせ 現在の位置 北中城村ホームページ 各課の案内 北中城村教育委員会 教育総務課 総務係 幼稚園の預かり保育について（幼児教育・保育の無償化） 幼稚園の預かり保育について（幼児教育・保育の無償化） 更新日：2026年02月04日 幼稚園等の預かり保育について （子ども子育て支援法第30条の4第2号および3号） 幼稚園等（新制度移行幼稚園、新制度未移行幼稚園、認定こども園（教育認定））の預かり保育は、教
30	北中城村	幼児教育・保育無償化のお知らせ	https://www.vill.kitanakagusuku.lg.jp/kakuka/iinkai/kyouiku/1667.html	幼児教育・保育無償化のお知らせ／北中城村 本文へ 文字サイズ 背景色変更 アクセス ホーム 暮らしの情報 北中城村について 村政 観光案内 子育て・教育 手続き検索ナビ キーワードで探す よく検索されるキーワード 水道基本料金の全額免除について 下水道使用料改定のお知らせ 水道料金改定のお知らせ 現在の位置 北中城村ホームページ 各課の案内 北中城村教育委員会 教育総務課 総務係 幼児教育・保育無償化のお知らせ 幼児教育・保育無償化のお知らせ 更新日：2026年03月31日 令和元年10月より幼児教育・保育の無償化が始まりました。 制度の趣旨 子育て世帯を応援し、社会保障を全世代型へ抜本的に変えるため、幼児教育・保育無償化が実施されることとなりました。 幼児教育・保育の無償化は、生涯にわたる人格形成の基礎を培う
30	北中城村	令和8年度北中城村各種検定料補助事業について	https://www.vill.kitanakagusuku.lg.jp/kakuka/iinkai/kyouiku/teate/4690.html	令和8年度北中城村各種検定料補助事業について／北中城村 本文へ 文字サイズ 背景色変更 アクセス ホーム 暮らしの情報 北中城村について 村政 観光案内 子育て・教育 手続き検索ナビ キーワードで探す よく検索されるキーワード 水道基本料金の全額免除について 下水道使用料改定のお知らせ 水道料金改定のお知らせ 現在の位置 北中城村ホームページ 各課の案内 北中城村教育委員会 教育総務課 総務係 手当・助成 令和8年度北中城村各種検定料補助事業について 令和8年度北中城村各種検定料補助事業について 更新日：2026年06月01日 北中城村教育委員会では、学習意欲の向上と基礎学力の定着を図ることを目的として、検定に挑戦する児童生徒の検定料補助事業を実施します。 1.対象となる検定（R8.4～R9.2実施分まで） （
30	北中城村	北中城こども園における幼稚園型一時預かり事業法定代理受領の額の通知について	https://www.vill.kitanakagusuku.lg.jp/kakuka/iinkai/kyouiku/teate/3658.html	北中城こども園における幼稚園型一時預かり事業法定代理受領の額の通知について／北中城村 本文へ 文字サイズ 背景色変更 アクセス ホーム 暮らしの情報 北中城村について 村政 観光案内 子育て・教育 手続き検索ナビ キーワードで探す よく検索されるキーワード 水道基本料金の全額免除について 下水道使用料改定のお知らせ 水道料金改定のお知らせ 現在の位置 北中城村ホームページ 各課の案内 北中城村教育委員会 教育総務課 総務係 手当・助成 北中城こども園における幼稚園型一時預かり事業法定代理受領の額の通知について 北中城こども園における幼稚園型一時預かり事業法定代理受領の額の通知について 更新日：2026年06月22日 幼稚園型一時預かり事業とは 幼稚園型一時預かり事業とは、主に幼稚園や認定こども園に在籍する満3歳
30	北中城村	【就学援助】令和7年度新入学用品費の入学前支給について	https://www.vill.kitanakagusuku.lg.jp/kakuka/iinkai/kyouiku/teate/3435.html	【就学援助】令和7年度新入学用品費の入学前支給について／北中城村 本文へ 文字サイズ 背景色変更 アクセス ホーム 暮らしの情報 北中城村について 村政 観光案内 子育て・教育 手続き検索ナビ キーワードで探す よく検索されるキーワード 水道基本料金の全額免除について 下水道使用料改定のお知らせ 水道料金改定のお知らせ 現在の位置 北中城村ホームページ 各課の案内 北中城村教育委員会 教育総務課 総務係 手当・助成 【就学援助】令和7年度新入学用品費の入学前支給について 【就学援助】令和7年度新入学用品費の入学前支給について 更新日：2025年11月28日 「新入学用品費」の入学前支給を受けることができる方 支給額・支給時期・支給方法 申請方法 注意事項 【就学援助】新入学学用品費の入学前支給のご案内(PDFフ
30	北中城村	令和8年度 就学援助制度(要保護・準要保護)について	https://www.vill.kitanakagusuku.lg.jp/kakuka/iinkai/kyouiku/teate/274.html	令和8年度 就学援助制度(要保護・準要保護)について／北中城村 本文へ 文字サイズ 背景色変更 アクセス ホーム 暮らしの情報 北中城村について 村政 観光案内 子育て・教育 手続き検索ナビ キーワードで探す よく検索されるキーワード 水道基本料金の全額免除について 下水道使用料改定のお知らせ 水道料金改定のお知らせ 現在の位置 北中城村ホームページ 各課の案内 北中城村教育委員会 教育総務課 総務係 手当・助成 令和8年度 就学援助制度(要保護・準要保護)について 令和8年度 就学援助制度(要保護・準要保護)について 更新日：2026年02月20日 北中城村では、経済的理由により就学が困難と認められる児童・生徒の保護者に対して、学用品費や給食費、修学旅行費などの費用の一部を援助する「就学援助制度」を実施してい
30	北中城村	北中城村学校給食費補助金交付事業	https://www.vill.kitanakagusuku.lg.jp/kakuka/iinkai/kyusyoku/1471.html	北中城村学校給食費補助金交付事業／北中城村 本文へ 文字サイズ 背景色変更 アクセス ホーム 暮らしの情報 北中城村について 村政 観光案内 子育て・教育 手続き検索ナビ キーワードで探す よく検索されるキーワード 水道基本料金の全額免除について 下水道使用料改定のお知らせ 水道料金改定のお知らせ 現在の位置 北中城村ホームページ 各課の案内 北中城村教育委員会 北中城村 学校給食共同調理場 北中城村学校給食費補助金交付事業 北中城村学校給食費補助金交付事業 更新日：2024年04月30日 今年度の北中城村学校給食費補助金交付事業については、保護者の手続きの軽減（個別申請を不要に）、学校及び役場での事務作業の軽減を目的に、補助金交付要綱を改正し、補助金の交付の方法を見直しております。 （国など、その他の公的補助
30	北中城村	北中城村児童生徒の人材育成に関する県外派遣費用補助金について	https://www.vill.kitanakagusuku.lg.jp/kakuka/iinkai/shogai/shakai/3677.html	北中城村児童生徒の人材育成に関する県外派遣費用補助金について／北中城村 本文へ 文字サイズ 背景色変更 アクセス ホーム 暮らしの情報 北中城村について 村政 観光案内 子育て・教育 手続き検索ナビ キーワードで探す よく検索されるキーワード 水道基本料金の全額免除について 下水道使用料改定のお知らせ 水道料金改定のお知らせ 現在の位置 北中城村ホームページ 各課の案内 北中城村教育委員会 生涯学習課 社会教育係 北中城村児童生徒の人材育成に関する県外派遣費用補助金について 北中城村児童生徒の人材育成に関する県外派遣費用補助金について 更新日：2023年06月19日 村内在住の小・中学生を対象に、運動競技や文化活動等（学校部活動を除く）の離島大会・県外大会にかかる航空運賃を補助します。要件等詳細や様式等について
30	北中城村	北中城村 公共下水道接続促進事業補助金交付制度	https://www.vill.kitanakagusuku.lg.jp/kakuka/jouge/gesui/13.html	北中城村 公共下水道接続促進事業補助金交付制度／北中城村 本文へ 文字サイズ 背景色変更 アクセス ホーム 暮らしの情報 北中城村について 村政 観光案内 子育て・教育 手続き検索ナビ キーワードで探す よく検索されるキーワード 水道基本料金の全額免除について 下水道使用料改定のお知らせ 水道料金改定のお知らせ 現在の位置 北中城村ホームページ 各課の案内 上下水道課 下水道係 北中城村 公共下水道接続促進事業補助金交付制度 北中城村 公共下水道接続促進事業補助金交付制度 更新日：2026年05月01日 北中城村では、 平成28年度より沖縄振興公共投資交付金を活用した、『北中城村公共下水道接続促進事業補助金交付制度』を行っています。 詳しくは、下記の交付案内、交付要綱、申請関係様式をご覧ください。 また、注意事
30	北中城村	北中城村 雨水利用促進補助金交付制度	https://www.vill.kitanakagusuku.lg.jp/kakuka/jouge/gesui/2661.html	北中城村 雨水利用促進補助金交付制度／北中城村 本文へ 文字サイズ 背景色変更 アクセス ホーム 暮らしの情報 北中城村について 村政 観光案内 子育て・教育 手続き検索ナビ キーワードで探す よく検索されるキーワード 水道基本料金の全額免除について 下水道使用料改定のお知らせ 水道料金改定のお知らせ 現在の位置 北中城村ホームページ 各課の案内 上下水道課 下水道係 北中城村 雨水利用促進補助金交付制度 北中城村 雨水利用促進補助金交付制度 更新日：2025年04月01日 北中城村では、島袋地域の一部区域内の住宅において、雨水貯留タンクや雨水浸透ますを新たに設置する方、または下水道への接続により不用となった浄化槽を雨水貯留タンクへ改造して利用する方に対して、その設置・改造にかかる工事費用の一部に補助金を交付す
30	北中城村	生ごみの自己処理奨励金について	https://www.vill.kitanakagusuku.lg.jp/kakuka/jumin/kankyou/hojosien/3951.html	生ごみの自己処理奨励金について／北中城村 本文へ 文字サイズ 背景色変更 アクセス ホーム 暮らしの情報 北中城村について 村政 観光案内 子育て・教育 手続き検索ナビ キーワードで探す よく検索されるキーワード 水道基本料金の全額免除について 下水道使用料改定のお知らせ 水道料金改定のお知らせ 現在の位置 北中城村ホームページ 各課の案内 住民生活課 環境対策係 補助及び支援 生ごみの自己処理奨励金について 生ごみの自己処理奨励金について 更新日：2024年02月08日 北中城村では、生ごみの減量化を目的として、生ごみ処理容器または生ごみ処理機を使用して、家庭から出る生ごみを自己処理する世帯へ、予算の範囲内で奨励金を交付しています。 交付の対象 奨励金の交付を受けるためには、次の事項全てに該当する必要がありま
30	北中城村	北中城村若年がん患者在宅療養生活支援事業	https://www.vill.kitanakagusuku.lg.jp/kakuka/kenkou/kenkou/taisaku/Medical-checkup/4114.html	北中城村若年がん患者在宅療養生活支援事業／北中城村 本文へ 文字サイズ 背景色変更 アクセス ホーム 暮らしの情報 北中城村について 村政 観光案内 子育て・教育 手続き検索ナビ キーワードで探す よく検索されるキーワード 水道基本料金の全額免除について 下水道使用料改定のお知らせ 水道料金改定のお知らせ 現在の位置 北中城村ホームページ 各課の案内 健康保険課 健康対策係 健康対策 検診関連 北中城村若年がん患者在宅療養生活支援事業 北中城村若年がん患者在宅療養生活支援事業 更新日：2024年07月01日 北中城村では、がんの治癒を目的とした治療を行わない40歳未満のがん患者が、住み慣れた自宅で在宅療養生活を送るために必要な費用の一部を助成 （上限54,000円（月額）） します。 助成対象者 次の全てに該当
30	北中城村	北中城村がん患者アピアランスケア支援事業	https://www.vill.kitanakagusuku.lg.jp/kakuka/kenkou/kenkou/taisaku/Medical-checkup/4103.html	北中城村がん患者アピアランスケア支援事業／北中城村 本文へ 文字サイズ 背景色変更 アクセス ホーム 暮らしの情報 北中城村について 村政 観光案内 子育て・教育 手続き検索ナビ キーワードで探す よく検索されるキーワード 水道基本料金の全額免除について 下水道使用料改定のお知らせ 水道料金改定のお知らせ 現在の位置 北中城村ホームページ 各課の案内 健康保険課 健康対策係 健康対策 検診関連 北中城村がん患者アピアランスケア支援事業 北中城村がん患者アピアランスケア支援事業 更新日：2024年07月01日 北中城村がん患者アピアランスケア支援事業のご案内 北中城村では、がん患者の心理的・経済的負担軽減及び療養生活の質の向上を図ることを目的に、がん治療による外見の変化を補完する補整具（ウィッグ又は乳房補整具）の
30	北中城村	【情報提供】観光関連事業者等応援プロジェクト支援金(沖縄県)	https://www.vill.kitanakagusuku.lg.jp/kakuka/kikaku/chiiki/jigyou/kinkyuukeizaitaisaku/1997.html	【情報提供】観光関連事業者等応援プロジェクト支援金(沖縄県)／北中城村 本文へ 文字サイズ 背景色変更 アクセス ホーム 暮らしの情報 北中城村について 村政 観光案内 子育て・教育 手続き検索ナビ キーワードで探す よく検索されるキーワード 水道基本料金の全額免除について 下水道使用料改定のお知らせ 水道料金改定のお知らせ 現在の位置 北中城村ホームページ 各課の案内 企画振興課 地域振興係 事業主向け 【事業者向け】緊急経済対策 【情報提供】観光関連事業者等応援プロジェクト支援金(沖縄県) 【情報提供】観光関連事業者等応援プロジェクト支援金(沖縄県) 更新日：2021年08月04日 沖縄県では、2021年4月以降の緊急事態措置等に伴う影響を受け、経済産業省の月次支援金を受給した沖縄県内の事業者に対して、沖縄
30	北中城村	【情報提供】月次支援金に関するお知らせ（経済産業省)	https://www.vill.kitanakagusuku.lg.jp/kakuka/kikaku/chiiki/jigyou/kinkyuukeizaitaisaku/2695.html	【情報提供】月次支援金に関するお知らせ（経済産業省)／北中城村 本文へ 文字サイズ 背景色変更 アクセス ホーム 暮らしの情報 北中城村について 村政 観光案内 子育て・教育 手続き検索ナビ キーワードで探す よく検索されるキーワード 水道基本料金の全額免除について 下水道使用料改定のお知らせ 水道料金改定のお知らせ 現在の位置 北中城村ホームページ 各課の案内 企画振興課 地域振興係 事業主向け 【事業者向け】緊急経済対策 【情報提供】月次支援金に関するお知らせ（経済産業省) 【情報提供】月次支援金に関するお知らせ（経済産業省) 更新日：2021年07月29日 月次支援金とは？ 令和3年4月以降、まん延防止等重点措置及び緊急事態宣言の影響により売り上げが50％以上減少した事業者へ月次支援金が支給されます。 休
30	北中城村	【情報提供】持続化給付金に関するお知らせ（経済産業省)	https://www.vill.kitanakagusuku.lg.jp/kakuka/kikaku/chiiki/jigyou/kinkyuukeizaitaisaku/1999.html	【情報提供】持続化給付金に関するお知らせ（経済産業省)／北中城村 本文へ 文字サイズ 背景色変更 アクセス ホーム 暮らしの情報 北中城村について 村政 観光案内 子育て・教育 手続き検索ナビ キーワードで探す よく検索されるキーワード 水道基本料金の全額免除について 下水道使用料改定のお知らせ 水道料金改定のお知らせ 現在の位置 北中城村ホームページ 各課の案内 企画振興課 地域振興係 事業主向け 【事業者向け】緊急経済対策 【情報提供】持続化給付金に関するお知らせ（経済産業省) 【情報提供】持続化給付金に関するお知らせ（経済産業省) 更新日：2020年05月11日 持続化給付金とは？ 感染症拡大により、特に大きな影響を受ける事業者に対して、事業の継続を下支えし、再起の糧としていただけるため、 事業全般に広く
30	北中城村	中小企業セーフティネット貸付等について【融資】	https://www.vill.kitanakagusuku.lg.jp/kakuka/kikaku/chiiki/jigyou/kinkyuukeizaitaisaku/2003.html	中小企業セーフティネット貸付等について【融資】／北中城村 本文へ 文字サイズ 背景色変更 アクセス ホーム 暮らしの情報 北中城村について 村政 観光案内 子育て・教育 手続き検索ナビ キーワードで探す よく検索されるキーワード 水道基本料金の全額免除について 下水道使用料改定のお知らせ 水道料金改定のお知らせ 現在の位置 北中城村ホームページ 各課の案内 企画振興課 地域振興係 事業主向け 【事業者向け】緊急経済対策 中小企業セーフティネット貸付等について【融資】 中小企業セーフティネット貸付等について【融資】 更新日：2020年05月07日 概要 貸付種類 中小企業セーフティネット(災害等認定貸付) 中小企業セーフティネット4号 認定条件 村内で3ヶ月以上、継続して事業を行なっている。 新型コロナウイルスの
30	北中城村	北中城村新型コロナウイルス感染症拡大防止対策支援事業のお知らせ	https://www.vill.kitanakagusuku.lg.jp/kakuka/kikaku/chiiki/jigyou/kinkyuukeizaitaisaku/2098.html	北中城村新型コロナウイルス感染症拡大防止対策支援事業のお知らせ／北中城村 本文へ 文字サイズ 背景色変更 アクセス ホーム 暮らしの情報 北中城村について 村政 観光案内 子育て・教育 手続き検索ナビ キーワードで探す よく検索されるキーワード 水道基本料金の全額免除について 下水道使用料改定のお知らせ 水道料金改定のお知らせ 現在の位置 北中城村ホームページ 各課の案内 企画振興課 地域振興係 事業主向け 【事業者向け】緊急経済対策 北中城村新型コロナウイルス感染症拡大防止対策支援事業のお知らせ 北中城村新型コロナウイルス感染症拡大防止対策支援事業のお知らせ 更新日：2020年08月28日 台風襲来に伴う受付期間延長について 現在、フィリピンの東に発生している台風9号の発生に伴い、申請受付期間を下記のとおりと
30	北中城村	特定防衛施設周辺整備調整交付金事業について	https://www.vill.kitanakagusuku.lg.jp/kakuka/kikaku/kikaku/kichisyougai/tokubou/1534.html	特定防衛施設周辺整備調整交付金事業について／北中城村 本文へ 文字サイズ 背景色変更 アクセス ホーム 暮らしの情報 北中城村について 村政 観光案内 子育て・教育 手続き検索ナビ キーワードで探す よく検索されるキーワード 水道基本料金の全額免除について 下水道使用料改定のお知らせ 水道料金改定のお知らせ 現在の位置 北中城村ホームページ 各課の案内 企画振興課 企画係 基地渉外関係 特定防衛施設周辺整備調整交付金 特定防衛施設周辺整備調整交付金事業について 特定防衛施設周辺整備調整交付金事業について 更新日：2023年05月15日 特定防衛施設周辺整備調整交付金とは 国が指定する特定防衛施設の設置または運用により生じる様々な障害や周辺地域の生活環境に及ぼす影響などを考慮し、当該施設が立地する市町村に対して、
30	北中城村	物価高騰対応重点支援地方創生臨時交付金事業計画について	https://www.vill.kitanakagusuku.lg.jp/kakuka/kikaku/kikaku/rinjikouhukin/4437.html	物価高騰対応重点支援地方創生臨時交付金事業計画について／北中城村 本文へ 文字サイズ 背景色変更 アクセス ホーム 暮らしの情報 北中城村について 村政 観光案内 子育て・教育 手続き検索ナビ キーワードで探す よく検索されるキーワード 水道基本料金の全額免除について 下水道使用料改定のお知らせ 水道料金改定のお知らせ 現在の位置 北中城村ホームページ 各課の案内 企画振興課 企画係 地方創生臨時交付金 物価高騰対応重点支援地方創生臨時交付金事業計画について 物価高騰対応重点支援地方創生臨時交付金事業計画について 更新日：2026年03月24日 物価高騰対応重点支援地方創生臨時交付金 物価高騰対応重点支援地方創生臨時交付金は、エネルギー・食料品価格等物価高騰の影響を受けた生活者や事業者の支援を目的とする事業を、
30	北中城村	地方創生臨時交付金（コロナ臨時交付金及び重点支援地方交付金）に係る効果の検証等について	https://www.vill.kitanakagusuku.lg.jp/kakuka/kikaku/kikaku/rinjikouhukin/2999.html	地方創生臨時交付金（コロナ臨時交付金及び重点支援地方交付金）に係る効果の検証等について／北中城村 本文へ 文字サイズ 背景色変更 アクセス ホーム 暮らしの情報 北中城村について 村政 観光案内 子育て・教育 手続き検索ナビ キーワードで探す よく検索されるキーワード 水道基本料金の全額免除について 下水道使用料改定のお知らせ 水道料金改定のお知らせ 現在の位置 北中城村ホームページ 各課の案内 企画振興課 企画係 地方創生臨時交付金 地方創生臨時交付金（コロナ臨時交付金及び重点支援地方交付金）に係る効果の検証等について 地方創生臨時交付金（コロナ臨時交付金及び重点支援地方交付金）に係る効果の検証等について 更新日：2025年12月26日 新型コロナウイルス感染症対応地方創生臨時交付金 新型コロナウイルス感染症
30	北中城村	特別児童扶養手当	https://www.vill.kitanakagusuku.lg.jp/kakuka/kodomo/jidou/teate/344.html	特別児童扶養手当／北中城村 本文へ 文字サイズ 背景色変更 アクセス ホーム 暮らしの情報 北中城村について 村政 観光案内 子育て・教育 手続き検索ナビ キーワードで探す よく検索されるキーワード 水道基本料金の全額免除について 下水道使用料改定のお知らせ 水道料金改定のお知らせ 現在の位置 北中城村ホームページ 各課の案内 こども未来課 子育て支援係 手当・助成 特別児童扶養手当 特別児童扶養手当 更新日：2026年04月01日 1．特別児童扶養手当とは 20歳未満の身体や精神に障害がある児童を養育する父母又は養育者に対し、児童の福祉の増進を図ることを目的として支給される手当です。 2．受給資格者 20歳未満で、法令に定める程度の障害の状態にある児童を養育する父母または養育者。 ただし、次の場合を除く 対象
30	北中城村	物価高対応子育て応援手当について	https://www.vill.kitanakagusuku.lg.jp/kakuka/kodomo/jidou/teate/4579.html	物価高対応子育て応援手当について／北中城村 本文へ 文字サイズ 背景色変更 アクセス ホーム 暮らしの情報 北中城村について 村政 観光案内 子育て・教育 手続き検索ナビ キーワードで探す よく検索されるキーワード 水道基本料金の全額免除について 下水道使用料改定のお知らせ 水道料金改定のお知らせ 現在の位置 北中城村ホームページ 各課の案内 こども未来課 子育て支援係 手当・助成 物価高対応子育て応援手当について 物価高対応子育て応援手当について 更新日：2026年01月30日 支給額 対象児童 支給対象者 申請方法 申請書 支給日・申請期限 「物価高対応子育て応援手当」に関する “振り込め詐欺”や“個人情報の詐取”にご注意ください。 制度についての問い合わせ先 物価高の影響が長期化し、その影響が様々な人々に
30	北中城村	母子及び父子家庭等医療費助成事業	https://www.vill.kitanakagusuku.lg.jp/kakuka/kodomo/jidou/teate/SingleParentFamilySupport/343.html	母子及び父子家庭等医療費助成事業／北中城村 本文へ 文字サイズ 背景色変更 アクセス ホーム 暮らしの情報 北中城村について 村政 観光案内 子育て・教育 手続き検索ナビ キーワードで探す よく検索されるキーワード 水道基本料金の全額免除について 下水道使用料改定のお知らせ 水道料金改定のお知らせ 現在の位置 北中城村ホームページ 各課の案内 こども未来課 子育て支援係 手当・助成 母子・父子家庭等への各種助成制度 母子及び父子家庭等医療費助成事業 母子及び父子家庭等医療費助成事業 更新日：2024年10月01日 事業の目的 対象者 助成の範囲 申請方法 受給者証の有効期限 届出について 給付の方法 一部負担金 所得制限 事業の目的 母子及び父子家庭等に対し、医療費の一部を助成することにより生活の安定と自立を支
30	北中城村	児童扶養手当に関する各種改定について	https://www.vill.kitanakagusuku.lg.jp/kakuka/kodomo/jidou/teate/SingleParentFamilySupport/2487.html	児童扶養手当に関する各種改定について／北中城村 本文へ 文字サイズ 背景色変更 アクセス ホーム 暮らしの情報 北中城村について 村政 観光案内 子育て・教育 手続き検索ナビ キーワードで探す よく検索されるキーワード 水道基本料金の全額免除について 下水道使用料改定のお知らせ 水道料金改定のお知らせ 現在の位置 北中城村ホームページ 各課の案内 こども未来課 子育て支援係 手当・助成 母子・父子家庭等への各種助成制度 児童扶養手当に関する各種改定について 児童扶養手当に関する各種改定について 更新日：2021年03月12日 障害年金を受給しているひとり親家庭が「児童扶養手当」を受給できるよう見直します 「児童扶養手当」が変わります (PDFファイル: 524.8KB) 障害年金を受給しているひとり親家庭が「児
30	北中城村	児童扶養手当	https://www.vill.kitanakagusuku.lg.jp/kakuka/kodomo/jidou/teate/SingleParentFamilySupport/2488.html	児童扶養手当／北中城村 本文へ 文字サイズ 背景色変更 アクセス ホーム 暮らしの情報 北中城村について 村政 観光案内 子育て・教育 手続き検索ナビ キーワードで探す よく検索されるキーワード 水道基本料金の全額免除について 下水道使用料改定のお知らせ 水道料金改定のお知らせ 現在の位置 北中城村ホームページ 各課の案内 こども未来課 子育て支援係 手当・助成 母子・父子家庭等への各種助成制度 児童扶養手当 児童扶養手当 更新日：2026年04月01日 児童扶養手当とは 受給資格者 手当の支払い 手当の額（月額） 所得制限限度額 現況届 児童扶養手当の一部支給停止措置について 児童扶養手当とは 父母の離婚等により、父（母）と生活を共にできない児童の母（父）や父母にかわって児童を養育している人に対し、児童の福祉
30	北中城村	令和6年度 児童手当 制度改正について	https://www.vill.kitanakagusuku.lg.jp/kakuka/kodomo/jidou/teate/children_allowance/3224.html	令和6年度 児童手当 制度改正について／北中城村 本文へ 文字サイズ 背景色変更 アクセス ホーム 暮らしの情報 北中城村について 村政 観光案内 子育て・教育 手続き検索ナビ キーワードで探す よく検索されるキーワード 水道基本料金の全額免除について 下水道使用料改定のお知らせ 水道料金改定のお知らせ 現在の位置 北中城村ホームページ 各課の案内 こども未来課 子育て支援係 手当・助成 児童手当 令和6年度 児童手当 制度改正について 令和6年度 児童手当 制度改正について 更新日：2025年03月17日 制度改正の内容 受給資格者 申請が必要な方 申請が不要な方 申請方法 申請期限 制度改正の内容 支給対象児童の年齢を「15歳到達後の最初の年度末まで」から「18歳到達後の最初の年度末まで」に延長。 所得制限
30	北中城村	公務員になる（退職する）方の児童手当について	https://www.vill.kitanakagusuku.lg.jp/kakuka/kodomo/jidou/teate/children_allowance/1896.html	公務員になる（退職する）方の児童手当について／北中城村 本文へ 文字サイズ 背景色変更 アクセス ホーム 暮らしの情報 北中城村について 村政 観光案内 子育て・教育 手続き検索ナビ キーワードで探す よく検索されるキーワード 水道基本料金の全額免除について 下水道使用料改定のお知らせ 水道料金改定のお知らせ 現在の位置 北中城村ホームページ 各課の案内 こども未来課 子育て支援係 手当・助成 児童手当 公務員になる（退職する）方の児童手当について 公務員になる（退職する）方の児童手当について 更新日：2021年03月25日 4月1日付で公務員になる方 3月31日付で公務員を退職した方 児童手当認定請求に必要なもの 4月1日付で公務員になる方 村役場での手続き 「消滅届」と「公務員になったことが確認できる書類（
30	北中城村	児童手当について	https://www.vill.kitanakagusuku.lg.jp/kakuka/kodomo/jidou/teate/children_allowance/201.html	児童手当について／北中城村 本文へ 文字サイズ 背景色変更 アクセス ホーム 暮らしの情報 北中城村について 村政 観光案内 子育て・教育 手続き検索ナビ キーワードで探す よく検索されるキーワード 水道基本料金の全額免除について 下水道使用料改定のお知らせ 水道料金改定のお知らせ 現在の位置 北中城村ホームページ 各課の案内 こども未来課 子育て支援係 手当・助成 児童手当 児童手当について 児童手当について 更新日：2024年11月18日 支給対象 支給額 支払時期 支給要件 認定請求手続き 児童手当関係届出・手続一覧 児童手当は、父母その他の保護者が子育てについての第一義的責任を有するという基本的認識の下に、家庭等における生活の安定に寄与するとともに、次代の社会を担う児童の健やかな成長に資することを目的と
30	北中城村	北中城こども園における幼稚園型一時預かり事業法定代理受領の額の通知について	https://www.vill.kitanakagusuku.lg.jp/kakuka/kodomo/kodomo/2869.html	北中城こども園における幼稚園型一時預かり事業法定代理受領の額の通知について／北中城村 本文へ 文字サイズ 背景色変更 アクセス ホーム 暮らしの情報 北中城村について 村政 観光案内 子育て・教育 手続き検索ナビ キーワードで探す よく検索されるキーワード 水道基本料金の全額免除について 下水道使用料改定のお知らせ 水道料金改定のお知らせ 現在の位置 北中城村ホームページ 各課の案内 こども未来課 こども園係 北中城こども園における幼稚園型一時預かり事業法定代理受領の額の通知について 北中城こども園における幼稚園型一時預かり事業法定代理受領の額の通知について 更新日：2026年06月22日 幼稚園型一時預かり事業とは 幼稚園型一時預かり事業とは、主に幼稚園や認定こども園に在籍する満3歳児以上の幼児を対象に、教育
30	北中城村	育児休業を取得中（取得予定）の方・育児休業給付金の申請手続きを行う事業主の方へ	https://www.vill.kitanakagusuku.lg.jp/kakuka/kodomo/kodomo/nursery_school/hoikusho/4163.html	育児休業を取得中（取得予定）の方・育児休業給付金の申請手続きを行う事業主の方へ／北中城村 本文へ 文字サイズ 背景色変更 アクセス ホーム 暮らしの情報 北中城村について 村政 観光案内 子育て・教育 手続き検索ナビ キーワードで探す よく検索されるキーワード 水道基本料金の全額免除について 下水道使用料改定のお知らせ 水道料金改定のお知らせ 現在の位置 北中城村ホームページ 各課の案内 こども未来課 こども園係 保育所 保育所 育児休業を取得中（取得予定）の方・育児休業給付金の申請手続きを行う事業主の方へ 育児休業を取得中（取得予定）の方・育児休業給付金の申請手続きを行う事業主の方へ 更新日：2024年09月03日 2025年4月から保育所等に入れなかったことを理由とする育児休業給付金の支給対象期間延長手続き
30	北中城村	幼児教育・保育無償化のお知らせ	https://www.vill.kitanakagusuku.lg.jp/kakuka/kodomo/kodomo/yoji_hoiku_musho/1661.html	幼児教育・保育無償化のお知らせ／北中城村 本文へ 文字サイズ 背景色変更 アクセス ホーム 暮らしの情報 北中城村について 村政 観光案内 子育て・教育 手続き検索ナビ キーワードで探す よく検索されるキーワード 水道基本料金の全額免除について 下水道使用料改定のお知らせ 水道料金改定のお知らせ 現在の位置 北中城村ホームページ 各課の案内 こども未来課 こども園係 幼児教育・保育無償化について 幼児教育・保育無償化のお知らせ 幼児教育・保育無償化のお知らせ 更新日：2026年03月31日 令和元年10月より幼児教育・保育の無償化が始まりました。 制度の趣旨 子育て世帯を応援し、社会保障を全世代型へ抜本的に変えるため、幼児教育・保育無償化が実施されることとなりました。 幼児教育・保育の無償化は、生涯にわたる人格
30	北中城村	認可外保育施設等を利用している方へ（幼児教育・保育の無償化）	https://www.vill.kitanakagusuku.lg.jp/kakuka/kodomo/kodomo/yoji_hoiku_musho/1657.html	認可外保育施設等を利用している方へ（幼児教育・保育の無償化）／北中城村 本文へ 文字サイズ 背景色変更 アクセス ホーム 暮らしの情報 北中城村について 村政 観光案内 子育て・教育 手続き検索ナビ キーワードで探す よく検索されるキーワード 水道基本料金の全額免除について 下水道使用料改定のお知らせ 水道料金改定のお知らせ 現在の位置 北中城村ホームページ 各課の案内 こども未来課 こども園係 幼児教育・保育無償化について 認可外保育施設等を利用している方へ（幼児教育・保育の無償化） 認可外保育施設等を利用している方へ（幼児教育・保育の無償化） 更新日：2026年02月04日 令和元年10月より始まった幼児教育・保育の無償化において、認可外保育施設等を利用している方が無償化の対象となるためには、 お住まいの市
30	北中城村	幼稚園の預かり保育について（幼児教育・保育の無償化）	https://www.vill.kitanakagusuku.lg.jp/kakuka/kodomo/kodomo/yoji_hoiku_musho/3242.html	幼稚園の預かり保育について（幼児教育・保育の無償化）／北中城村 本文へ 文字サイズ 背景色変更 アクセス ホーム 暮らしの情報 北中城村について 村政 観光案内 子育て・教育 手続き検索ナビ キーワードで探す よく検索されるキーワード 水道基本料金の全額免除について 下水道使用料改定のお知らせ 水道料金改定のお知らせ 現在の位置 北中城村ホームページ 各課の案内 こども未来課 こども園係 幼児教育・保育無償化について 幼稚園の預かり保育について（幼児教育・保育の無償化） 幼稚園の預かり保育について（幼児教育・保育の無償化） 更新日：2026年02月04日 幼稚園等の預かり保育について （子ども子育て支援法第30条の4第2号および3号） 幼稚園等（新制度移行幼稚園、新制度未移行幼稚園、認定こども園（教育認定））の
30	北中城村	令和8年度施設等利用給付認定の申請（現況届）について	https://www.vill.kitanakagusuku.lg.jp/kakuka/kodomo/kodomo/yoji_hoiku_musho/1843.html	令和8年度施設等利用給付認定の申請（現況届）について／北中城村 本文へ 文字サイズ 背景色変更 アクセス ホーム 暮らしの情報 北中城村について 村政 観光案内 子育て・教育 手続き検索ナビ キーワードで探す よく検索されるキーワード 水道基本料金の全額免除について 下水道使用料改定のお知らせ 水道料金改定のお知らせ 現在の位置 北中城村ホームページ 各課の案内 こども未来課 こども園係 幼児教育・保育無償化について 令和8年度施設等利用給付認定の申請（現況届）について 令和8年度施設等利用給付認定の申請（現況届）について 更新日：2026年02月04日 令和8年度の施設等利用給付認定（認可外保育施設等や幼稚園の預かり保育を利用する方）に関する申請および現況確認を以下のとおり実施いたします。 (注)令和8年4月
30	北中城村	北中城村水産業物価高騰対策支援事業について	https://www.vill.kitanakagusuku.lg.jp/kakuka/nourin/nokatsu/3785.html	北中城村水産業物価高騰対策支援事業について／北中城村 本文へ 文字サイズ 背景色変更 アクセス ホーム 暮らしの情報 北中城村について 村政 観光案内 子育て・教育 手続き検索ナビ キーワードで探す よく検索されるキーワード 水道基本料金の全額免除について 下水道使用料改定のお知らせ 水道料金改定のお知らせ 現在の位置 北中城村ホームページ 各課の案内 農林水産課 農村活性化係 北中城村水産業物価高騰対策支援事業について 北中城村水産業物価高騰対策支援事業について 更新日：2023年09月05日 令和5年度新型コロナウィルス感染症対応地方創生臨時交付金を活用し、以下事業を行っております。 【事業名称】 北中城村水産業物価高騰対策支援事業 【事業目的】 コロナ禍における物価高騰の中、本村の水産業の要である漁業組合
28	北中城村	手当・助成	https://www.vill.kitanakagusuku.lg.jp/kosodatekyoiku/teate/index.html	手当・助成／北中城村 本文へ 文字サイズ 背景色変更 アクセス ホーム 暮らしの情報 北中城村について 村政 観光案内 子育て・教育 手続き検索ナビ キーワードで探す よく検索されるキーワード 水道基本料金の全額免除について 下水道使用料改定のお知らせ 水道料金改定のお知らせ 現在の位置 北中城村ホームページ 子育て・教育 手当・助成 手当・助成 更新日：2020年03月27日 幼児教育・保育無償化のお知らせ 児童手当について 公務員になる（退職する）方の児童手当について 特別児童扶養手当 令和8年度 就学援助制度(要保護・準要保護)について 小学校・中学校の就学援助費について 準要保護支払い一覧 ひとり親家庭等認可外保育施設利用料補助事業について 母子及び父子家庭等医療費助成事業 平成26年12月から児童扶養
28	北中城村	妊婦健康診査（妊婦健診）費用の助成について	https://www.vill.kitanakagusuku.lg.jp/bamen/ninshinsyusan/2783.html	妊婦健康診査（妊婦健診）費用の助成について／北中城村 本文へ 文字サイズ 背景色変更 アクセス ホーム 暮らしの情報 北中城村について 村政 観光案内 子育て・教育 手続き検索ナビ キーワードで探す よく検索されるキーワード 水道基本料金の全額免除について 下水道使用料改定のお知らせ 水道料金改定のお知らせ 現在の位置 北中城村ホームページ 場面別で探す 妊娠・出産・子育て 妊婦健康診査（妊婦健診）費用の助成について 妊婦健康診査（妊婦健診）費用の助成について 更新日：2021年08月25日 親子（母子）健康手帳と一緒に妊婦健康診査（妊婦健診）受診票をお渡しします。北中城村では、妊娠中14回の妊婦健診費用を公費助成しています。母子ともに安心・安全な出産を迎えるために定期的に妊婦健診を受けましょう。 県外で妊婦健
28	北中城村	妊婦健康診査（妊婦健診）費用の助成について	https://www.vill.kitanakagusuku.lg.jp/kakuka/kenkou/kenkou/boshihoken/2772.html	妊婦健康診査（妊婦健診）費用の助成について／北中城村 本文へ 文字サイズ 背景色変更 アクセス ホーム 暮らしの情報 北中城村について 村政 観光案内 子育て・教育 手続き検索ナビ キーワードで探す よく検索されるキーワード 水道基本料金の全額免除について 下水道使用料改定のお知らせ 水道料金改定のお知らせ 現在の位置 北中城村ホームページ 各課の案内 健康保険課 健康対策係 母子保健 妊婦健康診査（妊婦健診）費用の助成について 妊婦健康診査（妊婦健診）費用の助成について 更新日：2021年08月25日 親子（母子）健康手帳と一緒に妊婦健康診査（妊婦健診）受診票をお渡しします。北中城村では、妊娠中14回の妊婦健診費用を公費助成しています。母子ともに安心・安全な出産を迎えるために定期的に妊婦健診を受けましょう。
28	北中城村	産婦健康診査（産婦健診）の助成を開始します	https://www.vill.kitanakagusuku.lg.jp/kakuka/kenkou/kenkou/boshihoken/2892.html	産婦健康診査（産婦健診）の助成を開始します／北中城村 本文へ 文字サイズ 背景色変更 アクセス ホーム 暮らしの情報 北中城村について 村政 観光案内 子育て・教育 手続き検索ナビ キーワードで探す よく検索されるキーワード 水道基本料金の全額免除について 下水道使用料改定のお知らせ 水道料金改定のお知らせ 現在の位置 北中城村ホームページ 各課の案内 健康保険課 健康対策係 母子保健 産婦健康診査（産婦健診）の助成を開始します 産婦健康診査（産婦健診）の助成を開始します 更新日：2024年02月28日 産婦健診の費用を助成します。 産婦健診は、出産後間もない時期のお母さんのこころとからだの健康状態を確認するための健診です。産後2週間頃と1か月頃に各1回受診することができます。 産後は心身ともに体調を崩しやすい
28	北中城村	新生児聴覚検査費用の助成について	https://www.vill.kitanakagusuku.lg.jp/kakuka/kenkou/kenkou/boshihoken/3155.html	新生児聴覚検査費用の助成について／北中城村 本文へ 文字サイズ 背景色変更 アクセス ホーム 暮らしの情報 北中城村について 村政 観光案内 子育て・教育 手続き検索ナビ キーワードで探す よく検索されるキーワード 水道基本料金の全額免除について 下水道使用料改定のお知らせ 水道料金改定のお知らせ 現在の位置 北中城村ホームページ 各課の案内 健康保険課 健康対策係 母子保健 新生児聴覚検査費用の助成について 新生児聴覚検査費用の助成について 更新日：2022年03月31日 生まれつき、耳の聞こえにくさがある赤ちゃんは、およそ1,000人に1～2人と言われています。赤ちゃんの聞こえにくさがないかを早期に発見し、適切な療育を受けることで、赤ちゃんのことばやコミュニケーションの発達を促すことができます。 北中城村で
28	北中城村	沖縄振興特別推進市町村交付金（一括交付金事業）	https://www.vill.kitanakagusuku.lg.jp/kakuka/kikaku/kikaku/koufukin/index.html	沖縄振興特別推進市町村交付金（一括交付金事業）／北中城村 本文へ 文字サイズ 背景色変更 アクセス ホーム 暮らしの情報 北中城村について 村政 観光案内 子育て・教育 手続き検索ナビ キーワードで探す よく検索されるキーワード 水道基本料金の全額免除について 下水道使用料改定のお知らせ 水道料金改定のお知らせ 現在の位置 北中城村ホームページ 各課の案内 企画振興課 企画係 沖縄振興特別推進市町村交付金（一括交付金事業） 沖縄振興特別推進市町村交付金（一括交付金事業） 更新日：2026年03月06日 沖縄振興特別推進市町村交付金(一括交付金)について 北中城村特定駐留軍用地等内土地取得事業基金の実績状況について ライカム交差点交流スペースの整備について 企画係 このサイトについて 個人情報の取り扱いについて
28	北中城村	地方創生臨時交付金	https://www.vill.kitanakagusuku.lg.jp/kakuka/kikaku/kikaku/rinjikouhukin/index.html	地方創生臨時交付金／北中城村 本文へ 文字サイズ 背景色変更 アクセス ホーム 暮らしの情報 北中城村について 村政 観光案内 子育て・教育 手続き検索ナビ キーワードで探す よく検索されるキーワード 水道基本料金の全額免除について 下水道使用料改定のお知らせ 水道料金改定のお知らせ 現在の位置 北中城村ホームページ 各課の案内 企画振興課 企画係 地方創生臨時交付金 地方創生臨時交付金 更新日：2026年03月06日 物価高騰対応重点支援地方創生臨時交付金事業計画について 地方創生臨時交付金（コロナ臨時交付金及び重点支援地方交付金）に係る効果の検証等について この記事に関するお問い合わせ先 北中城村役場 企画振興課 企画係 郵便番号901-2392 沖縄県中頭郡北中城村字喜舎場426-2 第二庁舎4階 電話番
28	北中城村	手当・助成	https://www.vill.kitanakagusuku.lg.jp/kakuka/kodomo/jidou/teate/index.html	手当・助成／北中城村 本文へ 文字サイズ 背景色変更 アクセス ホーム 暮らしの情報 北中城村について 村政 観光案内 子育て・教育 手続き検索ナビ キーワードで探す よく検索されるキーワード 水道基本料金の全額免除について 下水道使用料改定のお知らせ 水道料金改定のお知らせ 現在の位置 北中城村ホームページ 各課の案内 こども未来課 子育て支援係 手当・助成 手当・助成 更新日：2018年04月20日 児童手当 子ども医療費助成のお知らせ 母子・父子家庭等への各種助成制度 ひとり親家庭等認可外保育施設利用料補助事業について 特別児童扶養手当 平成26年12月から児童扶養手当と公的年金との併給ができるようになりました! 物価高対応子育て応援手当について 子育て支援係 このサイトについて 個人情報の取り扱いについ
28	北中城村	母子・父子家庭等への各種助成制度	https://www.vill.kitanakagusuku.lg.jp/kakuka/kodomo/jidou/teate/SingleParentFamilySupport/index.html	母子・父子家庭等への各種助成制度／北中城村 本文へ 文字サイズ 背景色変更 アクセス ホーム 暮らしの情報 北中城村について 村政 観光案内 子育て・教育 手続き検索ナビ キーワードで探す よく検索されるキーワード 水道基本料金の全額免除について 下水道使用料改定のお知らせ 水道料金改定のお知らせ 現在の位置 北中城村ホームページ 各課の案内 こども未来課 子育て支援係 手当・助成 母子・父子家庭等への各種助成制度 母子・父子家庭等への各種助成制度 更新日：2021年03月12日 新着情報 NEW! 現在、新着情報はございません。 母子及び父子家庭等医療費助成事業 児童扶養手当 児童扶養手当に関する各種改定について 父母の離婚後の子の養育に関するルール改正について 親子交流・養育費について 沖縄県ひとり親暮らし
28	北中城村	児童手当	https://www.vill.kitanakagusuku.lg.jp/kakuka/kodomo/jidou/teate/children_allowance/index.html	児童手当／北中城村 本文へ 文字サイズ 背景色変更 アクセス ホーム 暮らしの情報 北中城村について 村政 観光案内 子育て・教育 手続き検索ナビ キーワードで探す よく検索されるキーワード 水道基本料金の全額免除について 下水道使用料改定のお知らせ 水道料金改定のお知らせ 現在の位置 北中城村ホームページ 各課の案内 こども未来課 子育て支援係 手当・助成 児童手当 児童手当 更新日：2024年05月02日 新着情報 NEW! 現在、新着情報はございません。 令和6年度 児童手当 制度改正について 児童手当について 公務員になる（退職する）方の児童手当について 手当・助成 このサイトについて 個人情報の取り扱いについて ウェブアクセシビリティについて 北中城村役場 〒901-2392 沖縄県中頭郡北中城村字喜
28	北中城村	幼児教育・保育無償化について	https://www.vill.kitanakagusuku.lg.jp/kakuka/kodomo/kodomo/yoji_hoiku_musho/index.html	幼児教育・保育無償化について／北中城村 本文へ 文字サイズ 背景色変更 アクセス ホーム 暮らしの情報 北中城村について 村政 観光案内 子育て・教育 手続き検索ナビ キーワードで探す よく検索されるキーワード 水道基本料金の全額免除について 下水道使用料改定のお知らせ 水道料金改定のお知らせ 現在の位置 北中城村ホームページ 各課の案内 こども未来課 こども園係 幼児教育・保育無償化について 幼児教育・保育無償化について 更新日：2019年08月17日 幼児教育・保育無償化のお知らせ 認可外保育施設等を利用している方へ（幼児教育・保育の無償化） 令和8年度施設等利用給付認定の申請（現況届）について 幼稚園の預かり保育について（幼児教育・保育の無償化） この記事に関するお問い合わせ先 北中城村役場 こども未来課
28	北中城村	水産養殖スタートアップ支援事業公募型プロポーザルの選定結果について	https://www.vill.kitanakagusuku.lg.jp/kakuka/nourin/nokatsu/4285.html	水産養殖スタートアップ支援事業公募型プロポーザルの選定結果について／北中城村 本文へ 文字サイズ 背景色変更 アクセス ホーム 暮らしの情報 北中城村について 村政 観光案内 子育て・教育 手続き検索ナビ キーワードで探す よく検索されるキーワード 水道基本料金の全額免除について 下水道使用料改定のお知らせ 水道料金改定のお知らせ 現在の位置 北中城村ホームページ 各課の案内 農林水産課 農村活性化係 水産養殖スタートアップ支援事業公募型プロポーザルの選定結果について 水産養殖スタートアップ支援事業公募型プロポーザルの選定結果について 更新日：2026年04月17日 事業概要 業務名 令和8年度水産養殖スタートアップ支援事業 目的 水産養殖スタートアップ支援事業は、北中城村で盛んに行われているアーサ養殖が近年の
26	北中城村	教育	https://www.vill.kitanakagusuku.lg.jp/kosodatekyoiku/1149.html	教育／北中城村 本文へ 文字サイズ 背景色変更 アクセス ホーム 暮らしの情報 北中城村について 村政 観光案内 子育て・教育 手続き検索ナビ キーワードで探す よく検索されるキーワード 水道基本料金の全額免除について 下水道使用料改定のお知らせ 水道料金改定のお知らせ 現在の位置 北中城村ホームページ 子育て・教育 教育 教育 更新日：2018年05月16日 北中城村教育委員会では、豊かな人間性と創造性を備えた人間の育成を目指し、その理念に立った学校教育と生涯学習のさまざまな取組みを行なっています。 新着情報 NEW! 現在、新着情報はございません。 教育委員会について 教育長就任あいさつ 教育委員会組織 教育総務課 総務係 手当・助成 届け出 学校の管理下でケガをした場合について（災害共済給付制度） 令和8
26	北中城村	令和8年度北中城こども園（1号認定）入園・進級および預かり保育申込のご案内	https://www.vill.kitanakagusuku.lg.jp/kakuka/iinkai/kyouiku/teate/3655.html	令和8年度北中城こども園（1号認定）入園・進級および預かり保育申込のご案内／北中城村 本文へ 文字サイズ 背景色変更 アクセス ホーム 暮らしの情報 北中城村について 村政 観光案内 子育て・教育 手続き検索ナビ キーワードで探す よく検索されるキーワード 水道基本料金の全額免除について 下水道使用料改定のお知らせ 水道料金改定のお知らせ 現在の位置 北中城村ホームページ 各課の案内 北中城村教育委員会 教育総務課 総務係 手当・助成 令和8年度北中城こども園（1号認定）入園・進級および預かり保育申込のご案内 令和8年度北中城こども園（1号認定）入園・進級および預かり保育申込のご案内 更新日：2025年08月25日 村立北中城こども園（1号認定）令和8年度入園・進級および預かり保育の一斉受付についてご案内致しま
26	北中城村	令和8年度北中城村育英会『奨学生』募集のお知らせ(受付は4月30日をもって終了しました）	https://www.vill.kitanakagusuku.lg.jp/kakuka/iinkai/kyouiku/teate/971.html	令和8年度北中城村育英会『奨学生』募集のお知らせ(受付は4月30日をもって終了しました）／北中城村 本文へ 文字サイズ 背景色変更 アクセス ホーム 暮らしの情報 北中城村について 村政 観光案内 子育て・教育 手続き検索ナビ キーワードで探す よく検索されるキーワード 水道基本料金の全額免除について 下水道使用料改定のお知らせ 水道料金改定のお知らせ 現在の位置 北中城村ホームページ 各課の案内 北中城村教育委員会 教育総務課 総務係 手当・助成 令和8年度北中城村育英会『奨学生』募集のお知らせ(受付は4月30日をもって終了しました） 令和8年度北中城村育英会『奨学生』募集のお知らせ(受付は4月30日をもって終了しました） 更新日：2026年05月07日 令和8年度北中城村育英会奨学生募集について 北中城村育
26	北中城村	【建設課】一部の申請で押印が不要となりました	https://www.vill.kitanakagusuku.lg.jp/kakuka/kensetu/kensetsu/3831.html	【建設課】一部の申請で押印が不要となりました／北中城村 本文へ 文字サイズ 背景色変更 アクセス ホーム 暮らしの情報 北中城村について 村政 観光案内 子育て・教育 手続き検索ナビ キーワードで探す よく検索されるキーワード 水道基本料金の全額免除について 下水道使用料改定のお知らせ 水道料金改定のお知らせ 現在の位置 北中城村ホームページ 各課の案内 建設課 建設係 【建設課】一部の申請で押印が不要となりました 【建設課】一部の申請で押印が不要となりました 更新日：2023年11月28日 押印が不要となる申請・届出 引き続き、押印が必要な申請・届出 令和5年12月1日より、一部の申請・届出で押印が不要となりました。詳しくは、以下をご参考ください。 押印が不要となる申請・届出 道路に関するもの 道路占用許可申
26	北中城村	北中城村内の中小企業･個人事業主向け支援策	https://www.vill.kitanakagusuku.lg.jp/kakuka/kikaku/chiiki/jigyou/kinkyuukeizaitaisaku/1998.html	北中城村内の中小企業･個人事業主向け支援策／北中城村 本文へ 文字サイズ 背景色変更 アクセス ホーム 暮らしの情報 北中城村について 村政 観光案内 子育て・教育 手続き検索ナビ キーワードで探す よく検索されるキーワード 水道基本料金の全額免除について 下水道使用料改定のお知らせ 水道料金改定のお知らせ 現在の位置 北中城村ホームページ 各課の案内 企画振興課 地域振興係 事業主向け 【事業者向け】緊急経済対策 北中城村内の中小企業･個人事業主向け支援策 北中城村内の中小企業･個人事業主向け支援策 更新日：2022年01月04日 新型コロナウイルス感染症にかかる緊急経済対策のご案内 北中城村「沖縄県感染防止対策認証制度」促進補助金【3月15日締め切り】 北中城村では、「沖縄県感染防止対策認証制度」の申請促進
26	北中城村	北中城村子ども・子育て支援事業計画について	https://www.vill.kitanakagusuku.lg.jp/kakuka/kodomo/jidou/183.html	北中城村子ども・子育て支援事業計画について／北中城村 本文へ 文字サイズ 背景色変更 アクセス ホーム 暮らしの情報 北中城村について 村政 観光案内 子育て・教育 手続き検索ナビ キーワードで探す よく検索されるキーワード 水道基本料金の全額免除について 下水道使用料改定のお知らせ 水道料金改定のお知らせ 現在の位置 北中城村ホームページ 各課の案内 こども未来課 子育て支援係 北中城村子ども・子育て支援事業計画について 北中城村子ども・子育て支援事業計画について 更新日：2019年06月13日 現在、わが国では急速に人口減少、少子化社会が進展しており、地域社会においては家庭形態の多様化、地域のつながりの希薄化等に伴って孤立感を覚える家庭もあり、子どもや子育てをとりまく環境は、大変厳しいものがあります。 また
26	北中城村	第2期北中城村子ども・子育て支援事業計画	https://www.vill.kitanakagusuku.lg.jp/kakuka/kodomo/jidou/3820.html	第2期北中城村子ども・子育て支援事業計画／北中城村 本文へ 文字サイズ 背景色変更 アクセス ホーム 暮らしの情報 北中城村について 村政 観光案内 子育て・教育 手続き検索ナビ キーワードで探す よく検索されるキーワード 水道基本料金の全額免除について 下水道使用料改定のお知らせ 水道料金改定のお知らせ 現在の位置 北中城村ホームページ 各課の案内 こども未来課 子育て支援係 第2期北中城村子ども・子育て支援事業計画 第2期北中城村子ども・子育て支援事業計画 更新日：2023年10月17日 第2期北中城村子ども・子育て支援事業計画 (PDFファイル: 1.9MB) 第2期北中城村子ども・子育て支援事業計画中間見直し (PDFファイル: 350.1KB) この記事に関するお問い合わせ先 北中城村役場 こども未来
26	北中城村	沖縄県ひとり親暮らし応援事業	https://www.vill.kitanakagusuku.lg.jp/kakuka/kodomo/jidou/teate/SingleParentFamilySupport/4734.html	沖縄県ひとり親暮らし応援事業／北中城村 本文へ 文字サイズ 背景色変更 アクセス ホーム 暮らしの情報 北中城村について 村政 観光案内 子育て・教育 手続き検索ナビ キーワードで探す よく検索されるキーワード 水道基本料金の全額免除について 下水道使用料改定のお知らせ 水道料金改定のお知らせ 現在の位置 北中城村ホームページ 各課の案内 こども未来課 子育て支援係 手当・助成 母子・父子家庭等への各種助成制度 沖縄県ひとり親暮らし応援事業 沖縄県ひとり親暮らし応援事業 更新日：2026年07月02日 沖縄県のひとり親家庭を対象に、対象となる児童数に応じた金額の電子クーポンを配布しています。電子クーポンを受け取ることが出来ない環境にある方には、日用品セットをお届けします。 電子クーポンを受け取ることが出来ない環
24	北中城村	北中城村教育委員会	https://www.vill.kitanakagusuku.lg.jp/kakuka/iinkai/index.html	北中城村教育委員会／北中城村 本文へ 文字サイズ 背景色変更 アクセス ホーム 暮らしの情報 北中城村について 村政 観光案内 子育て・教育 手続き検索ナビ キーワードで探す よく検索されるキーワード 水道基本料金の全額免除について 下水道使用料改定のお知らせ 水道料金改定のお知らせ 現在の位置 北中城村ホームページ 各課の案内 北中城村教育委員会 北中城村教育委員会 更新日：2018年05月16日 北中城村教育委員会では、豊かな人間性と創造性を備えた人間の育成を目指し、その理念に立った学校教育と生涯学習のさまざまな取組みを行なっています。 新着情報 NEW! 現在、新着情報はございません。 教育委員会について 教育長就任あいさつ 教育委員会組織 教育総務課 総務係 手当・助成 届け出 学校の管理下でケガをした
24	北中城村	こども未来課	https://www.vill.kitanakagusuku.lg.jp/kakuka/kodomo/index.html	こども未来課／北中城村 本文へ 文字サイズ 背景色変更 アクセス ホーム 暮らしの情報 北中城村について 村政 観光案内 子育て・教育 手続き検索ナビ キーワードで探す よく検索されるキーワード 水道基本料金の全額免除について 下水道使用料改定のお知らせ 水道料金改定のお知らせ 現在の位置 北中城村ホームページ 各課の案内 こども未来課 こども未来課 更新日：2024年05月01日 こども未来課 （第二庁舎1階） 児童手当、児童館、母子、寡婦福祉、乳幼児医療、保育所の入園受付等の業務を行っております。 新着情報 NEW! 現在、新着情報はございません。 子育て支援係 子育て 手当・助成 北中城村子ども・子育て支援事業計画について 第2期北中城村子ども・子育て支援事業計画 北中城村こども計画（令和8年3月） こど
24	北中城村	社会福祉	https://www.vill.kitanakagusuku.lg.jp/bamen/kenko_fukushi_nenkin/4325.html	社会福祉／北中城村 本文へ 文字サイズ 背景色変更 アクセス ホーム 暮らしの情報 北中城村について 村政 観光案内 子育て・教育 手続き検索ナビ キーワードで探す よく検索されるキーワード 水道基本料金の全額免除について 下水道使用料改定のお知らせ 水道料金改定のお知らせ 現在の位置 北中城村ホームページ 場面別で探す 健康保険・年金 社会福祉 社会福祉 更新日：2018年04月20日 北中城村地域福祉計画（地域福祉計画・地域福祉活動計画） 軽度・中等度難聴児補聴器購入費等助成事業について 障がい福祉に関する制度及びサービスについて 障害児福祉手当・特別障害者手当制度について 障害福祉サービス等の様式集 音声による緊急通報が困難な方へ 就職や仕事のこと、生活のこと、家計のことなどサポートします（就職・生活支援
24	北中城村	【事業者向け】緊急経済対策	https://www.vill.kitanakagusuku.lg.jp/kakuka/kikaku/chiiki/jigyou/kinkyuukeizaitaisaku/index.html	【事業者向け】緊急経済対策／北中城村 本文へ 文字サイズ 背景色変更 アクセス ホーム 暮らしの情報 北中城村について 村政 観光案内 子育て・教育 手続き検索ナビ キーワードで探す よく検索されるキーワード 水道基本料金の全額免除について 下水道使用料改定のお知らせ 水道料金改定のお知らせ 現在の位置 北中城村ホームページ 各課の案内 企画振興課 地域振興係 事業主向け 【事業者向け】緊急経済対策 【事業者向け】緊急経済対策 更新日：2020年05月01日 北中城村新型コロナウイルス感染症拡大防止対策支援事業のお知らせ 【情報提供】観光関連事業者等応援プロジェクト支援金(沖縄県) 北中城村内の中小企業･個人事業主向け支援策 【情報提供】持続化給付金に関するお知らせ（経済産業省) 中小企業セーフティネット貸付等
24	北中城村	令和元年度の活用状況について	https://www.vill.kitanakagusuku.lg.jp/kakuka/kikaku/kikaku/kichisyougai/tokubou/1885.html	令和元年度の活用状況について／北中城村 本文へ 文字サイズ 背景色変更 アクセス ホーム 暮らしの情報 北中城村について 村政 観光案内 子育て・教育 手続き検索ナビ キーワードで探す よく検索されるキーワード 水道基本料金の全額免除について 下水道使用料改定のお知らせ 水道料金改定のお知らせ 現在の位置 北中城村ホームページ 各課の案内 企画振興課 企画係 基地渉外関係 特定防衛施設周辺整備調整交付金 令和元年度の活用状況について 令和元年度の活用状況について 更新日：2020年04月03日 国が指定した特定防衛施設の立地する市町村に対し、「特定防衛施設整備調整交付金」が交付されます。 本村ではキャンプ瑞慶覧が該当することから、当該交付金を活用し、公共用施設等の整備や生活環境等の改善に取り組んでおります。令和
24	北中城村	令和5年度の活用状況について	https://www.vill.kitanakagusuku.lg.jp/kakuka/kikaku/kikaku/kichisyougai/tokubou/3828.html	令和5年度の活用状況について／北中城村 本文へ 文字サイズ 背景色変更 アクセス ホーム 暮らしの情報 北中城村について 村政 観光案内 子育て・教育 手続き検索ナビ キーワードで探す よく検索されるキーワード 水道基本料金の全額免除について 下水道使用料改定のお知らせ 水道料金改定のお知らせ 現在の位置 北中城村ホームページ 各課の案内 企画振興課 企画係 基地渉外関係 特定防衛施設周辺整備調整交付金 令和5年度の活用状況について 令和5年度の活用状況について 更新日：2024年04月18日 特定防衛施設周辺整備調整交付金とは、防衛施設の設置又は運営により生ずる様々な障害や周辺地域の生活環境や開発に著しい影響を及ぼしている「特定防衛施設」が立地する自治体に対し、公共用の施設の整備又はその地域の生活環境の改善等
24	北中城村	令和6年度の活用状況について	https://www.vill.kitanakagusuku.lg.jp/kakuka/kikaku/kikaku/kichisyougai/tokubou/4209.html	令和6年度の活用状況について／北中城村 本文へ 文字サイズ 背景色変更 アクセス ホーム 暮らしの情報 北中城村について 村政 観光案内 子育て・教育 手続き検索ナビ キーワードで探す よく検索されるキーワード 水道基本料金の全額免除について 下水道使用料改定のお知らせ 水道料金改定のお知らせ 現在の位置 北中城村ホームページ 各課の案内 企画振興課 企画係 基地渉外関係 特定防衛施設周辺整備調整交付金 令和6年度の活用状況について 令和6年度の活用状況について 更新日：2025年04月08日 特定防衛施設周辺整備調整交付金とは、防衛施設の設置又は運営により生ずる様々な障害や周辺地域の生活環境や開発に著しい影響を及ぼしている「特定防衛施設」が立地する自治体に対し、公共用の施設の整備又はその地域の生活環境の改善等
24	北中城村	令和7年度の活用状況について	https://www.vill.kitanakagusuku.lg.jp/kakuka/kikaku/kikaku/kichisyougai/tokubou/4676.html	令和7年度の活用状況について／北中城村 本文へ 文字サイズ 背景色変更 アクセス ホーム 暮らしの情報 北中城村について 村政 観光案内 子育て・教育 手続き検索ナビ キーワードで探す よく検索されるキーワード 水道基本料金の全額免除について 下水道使用料改定のお知らせ 水道料金改定のお知らせ 現在の位置 北中城村ホームページ 各課の案内 企画振興課 企画係 基地渉外関係 特定防衛施設周辺整備調整交付金 令和7年度の活用状況について 令和7年度の活用状況について 更新日：2026年04月27日 特定防衛施設周辺整備調整交付金とは、防衛施設の設置又は運営により生ずる様々な障害や周辺地域の生活環境や開発に著しい影響を及ぼしている「特定防衛施設」が立地する自治体に対し、公共用の施設の整備又はその地域の生活環境の改善等
24	北中城村	令和8年度私立幼稚園・認定こども園（教育認定）の入園について	https://www.vill.kitanakagusuku.lg.jp/kakuka/kodomo/kodomo/3782.html	令和8年度私立幼稚園・認定こども園（教育認定）の入園について／北中城村 本文へ 文字サイズ 背景色変更 アクセス ホーム 暮らしの情報 北中城村について 村政 観光案内 子育て・教育 手続き検索ナビ キーワードで探す よく検索されるキーワード 水道基本料金の全額免除について 下水道使用料改定のお知らせ 水道料金改定のお知らせ 現在の位置 北中城村ホームページ 各課の案内 こども未来課 こども園係 令和8年度私立幼稚園・認定こども園（教育認定）の入園について 令和8年度私立幼稚園・認定こども園（教育認定）の入園について 更新日：2025年12月01日 入園の申し込みについて 私立幼稚園、認定こども園（教育認定）への入園申し込みは、各園で行っております。 希望する園へ直接お問い合わせください。 村内私立幼稚園・認定
22	北中城村	税務関係の届け出	https://www.vill.kitanakagusuku.lg.jp/kurashi/todokede/478.html	税務関係の届け出／北中城村 本文へ 文字サイズ 背景色変更 アクセス ホーム 暮らしの情報 北中城村について 村政 観光案内 子育て・教育 手続き検索ナビ キーワードで探す よく検索されるキーワード 水道基本料金の全額免除について 下水道使用料改定のお知らせ 水道料金改定のお知らせ 現在の位置 北中城村ホームページ 暮らしの情報 届け出 税務関係の届け出 税務関係の届け出 更新日：2026年04月01日 令和7年12月1日更新 郵送用証明申請書の様式を変更しました。 令和4年度より証明書発行手数料が「1件200円」から「1件300円」へと変更となっております。過不足のないようお願い申し上げます。 コンビニエンスストアの場合、1件200円 令和3年7月1日更新 これまで「課税台帳記載事項証明書」として取り扱ってい
22	北中城村	社会福祉係	https://www.vill.kitanakagusuku.lg.jp/kakuka/fukushi/shakai/index.html	社会福祉係／北中城村 本文へ 文字サイズ 背景色変更 アクセス ホーム 暮らしの情報 北中城村について 村政 観光案内 子育て・教育 手続き検索ナビ キーワードで探す よく検索されるキーワード 水道基本料金の全額免除について 下水道使用料改定のお知らせ 水道料金改定のお知らせ 現在の位置 北中城村ホームページ 各課の案内 福祉課 社会福祉係 社会福祉係 更新日：2018年04月20日 北中城村地域福祉計画（地域福祉計画・地域福祉活動計画） 軽度・中等度難聴児補聴器購入費等助成事業について 障がい福祉に関する制度及びサービスについて 障害児福祉手当・特別障害者手当制度について 障害福祉サービス等の様式集 音声による緊急通報が困難な方へ 就職や仕事のこと、生活のこと、家計のことなどサポートします（就職・生活支援パー
22	北中城村	教育総務課 総務係	https://www.vill.kitanakagusuku.lg.jp/kakuka/iinkai/kyouiku/index.html	教育総務課 総務係／北中城村 本文へ 文字サイズ 背景色変更 アクセス ホーム 暮らしの情報 北中城村について 村政 観光案内 子育て・教育 手続き検索ナビ キーワードで探す よく検索されるキーワード 水道基本料金の全額免除について 下水道使用料改定のお知らせ 水道料金改定のお知らせ 現在の位置 北中城村ホームページ 各課の案内 北中城村教育委員会 教育総務課 総務係 教育総務課 総務係 更新日：2020年08月17日 教育総務課 （教育委員会） 学校教育、教育施設管理、育英会、人事、学校事務、幼稚園教育、給食等の業務を行っております。 新着情報 NEW! 現在、新着情報はございません。 手当・助成 届け出 学校の管理下でケガをした場合について（災害共済給付制度） 令和8年度北中城村立小・中学校入学説明会 令和
22	北中城村	子育て支援	https://www.vill.kitanakagusuku.lg.jp/bamen/kenko_fukushi_nenkin/4326.html	子育て支援／北中城村 本文へ 文字サイズ 背景色変更 アクセス ホーム 暮らしの情報 北中城村について 村政 観光案内 子育て・教育 手続き検索ナビ キーワードで探す よく検索されるキーワード 水道基本料金の全額免除について 下水道使用料改定のお知らせ 水道料金改定のお知らせ 現在の位置 北中城村ホームページ 場面別で探す 健康保険・年金 子育て支援 子育て支援 更新日：2024年05月02日 新着情報 NEW! 現在、新着情報はございません。 子育て 手当・助成 北中城村子ども・子育て支援事業計画について 第2期北中城村子ども・子育て支援事業計画 北中城村こども計画（令和8年3月） この記事に関するお問い合わせ先 北中城村役場 こども未来課 子育て支援係 郵便番号901-2392 沖縄県中頭郡北中城村字喜舎場
22	北中城村	税務関係の届け出	https://www.vill.kitanakagusuku.lg.jp/bamen/jyuminhyosyomei/2790.html	税務関係の届け出／北中城村 本文へ 文字サイズ 背景色変更 アクセス ホーム 暮らしの情報 北中城村について 村政 観光案内 子育て・教育 手続き検索ナビ キーワードで探す よく検索されるキーワード 水道基本料金の全額免除について 下水道使用料改定のお知らせ 水道料金改定のお知らせ 現在の位置 北中城村ホームページ 場面別で探す 証明書・印鑑・パスポート 税務関係の届け出 税務関係の届け出 更新日：2026年04月01日 令和7年12月1日更新 郵送用証明申請書の様式を変更しました。 令和4年度より証明書発行手数料が「1件200円」から「1件300円」へと変更となっております。過不足のないようお願い申し上げます。 コンビニエンスストアの場合、1件200円 令和3年7月1日更新 これまで「課税台帳記載事項証明書」
22	北中城村	令和8年度 保育施設等入所受付のご案内	https://www.vill.kitanakagusuku.lg.jp/bamen/nyuennyugaku/4511.html	令和8年度 保育施設等入所受付のご案内／北中城村 本文へ 文字サイズ 背景色変更 アクセス ホーム 暮らしの情報 北中城村について 村政 観光案内 子育て・教育 手続き検索ナビ キーワードで探す よく検索されるキーワード 水道基本料金の全額免除について 下水道使用料改定のお知らせ 水道料金改定のお知らせ 現在の位置 北中城村ホームページ 場面別で探す 入園・入学 令和8年度 保育施設等入所受付のご案内 令和8年度 保育施設等入所受付のご案内 更新日：2026年01月26日 令和8年4月入所の申込一斉受付は令和7年9月26日に終了しました。 一次選考結果は、令和8年1月24日に発送いたしました。 4月入所の期間外申込受付は令和8年1月30日（金曜日）まで可能ですが、欠員補充の対象となります。 令和8年5月以降の年
22	北中城村	小学校・中学校の就学援助費について 準要保護支払い一覧	https://www.vill.kitanakagusuku.lg.jp/kakuka/iinkai/kyouiku/teate/275.html	小学校・中学校の就学援助費について 準要保護支払い一覧／北中城村 本文へ 文字サイズ 背景色変更 アクセス ホーム 暮らしの情報 北中城村について 村政 観光案内 子育て・教育 手続き検索ナビ キーワードで探す よく検索されるキーワード 水道基本料金の全額免除について 下水道使用料改定のお知らせ 水道料金改定のお知らせ 現在の位置 北中城村ホームページ 各課の案内 北中城村教育委員会 教育総務課 総務係 手当・助成 小学校・中学校の就学援助費について 準要保護支払い一覧 小学校・中学校の就学援助費について 準要保護支払い一覧 更新日：2026年06月01日 学用品費等（1～3学期末に保護者指定口座へ振込） 援助開始月から該当 学用品費等の詳細 学校・学年別 1学期末 2学期末 3学期末 1人当り計 小学校 1年
22	北中城村	オンデーズ×北中城村「小学生学業支援プロジェクト」について	https://www.vill.kitanakagusuku.lg.jp/kakuka/iinkai/kyouiku/teate/4682.html	オンデーズ×北中城村「小学生学業支援プロジェクト」について／北中城村 本文へ 文字サイズ 背景色変更 アクセス ホーム 暮らしの情報 北中城村について 村政 観光案内 子育て・教育 手続き検索ナビ キーワードで探す よく検索されるキーワード 水道基本料金の全額免除について 下水道使用料改定のお知らせ 水道料金改定のお知らせ 現在の位置 北中城村ホームページ 各課の案内 北中城村教育委員会 教育総務課 総務係 手当・助成 オンデーズ×北中城村「小学生学業支援プロジェクト」について オンデーズ×北中城村「小学生学業支援プロジェクト」について 更新日：2026年05月18日 北中城村教育委員会では、株式会社オンデーズ様と連携し視力矯正が必要と判断された児童を対象にメガネの無償提供を行う「小学生学業支援プロジェクト」を
22	北中城村	補助及び支援	https://www.vill.kitanakagusuku.lg.jp/kakuka/jumin/kankyou/hojosien/index.html	補助及び支援／北中城村 本文へ 文字サイズ 背景色変更 アクセス ホーム 暮らしの情報 北中城村について 村政 観光案内 子育て・教育 手続き検索ナビ キーワードで探す よく検索されるキーワード 水道基本料金の全額免除について 下水道使用料改定のお知らせ 水道料金改定のお知らせ 現在の位置 北中城村ホームページ 各課の案内 住民生活課 環境対策係 補助及び支援 補助及び支援 更新日：2025年11月10日 生ごみの自己処理奨励金について 環境対策係 このサイトについて 個人情報の取り扱いについて ウェブアクセシビリティについて 北中城村役場 〒901-2392 沖縄県中頭郡北中城村字喜舎場426番地2 電話：098-935-2233 ファックス：098-935-3488 開庁時間：午前8時30分から午後0時、
22	北中城村	管理栄養士（会計年度任用職員・産休補充）の職員募集について	https://www.vill.kitanakagusuku.lg.jp/kakuka/kenkou/kenkou/3149.html	管理栄養士（会計年度任用職員・産休補充）の職員募集について／北中城村 本文へ 文字サイズ 背景色変更 アクセス ホーム 暮らしの情報 北中城村について 村政 観光案内 子育て・教育 手続き検索ナビ キーワードで探す よく検索されるキーワード 水道基本料金の全額免除について 下水道使用料改定のお知らせ 水道料金改定のお知らせ 現在の位置 北中城村ホームページ 各課の案内 健康保険課 健康対策係 管理栄養士（会計年度任用職員・産休補充）の職員募集について 管理栄養士（会計年度任用職員・産休補充）の職員募集について 更新日：2026年07月08日 会計年度任用職員の産育休取得に伴い、以下のとおり会計年度任用職員を募集します。 募集職種・業務内容 管理栄養士（産育休補充） 主業務として、保健指導・栄養指導などの成人保健
22	北中城村	未熟児養育医療給付について	https://www.vill.kitanakagusuku.lg.jp/kakuka/kenkou/kenkou/boshihoken/4192.html	未熟児養育医療給付について／北中城村 本文へ 文字サイズ 背景色変更 アクセス ホーム 暮らしの情報 北中城村について 村政 観光案内 子育て・教育 手続き検索ナビ キーワードで探す よく検索されるキーワード 水道基本料金の全額免除について 下水道使用料改定のお知らせ 水道料金改定のお知らせ 現在の位置 北中城村ホームページ 各課の案内 健康保険課 健康対策係 母子保健 未熟児養育医療給付について 未熟児養育医療給付について 更新日：2024年10月22日 未熟児養育医療は、身体の発育が未熟なまま出生した乳児で、医師が入院養育を必要と認めた場合、乳児の世帯所得に応じて治療に要する医療費の一部を公費にて負担する制度です。 注意 申請には、指定医療機関からの「養育医療意見書」が必要です。 必ずお子様の入院中に申請を
22	北中城村	高齢者肺炎球菌予防接種費用一部助成のお知らせ	https://www.vill.kitanakagusuku.lg.jp/kakuka/kenkou/kenkou/yobousesshu/vaccination_adult/1507.html	高齢者肺炎球菌予防接種費用一部助成のお知らせ／北中城村 本文へ 文字サイズ 背景色変更 アクセス ホーム 暮らしの情報 北中城村について 村政 観光案内 子育て・教育 手続き検索ナビ キーワードで探す よく検索されるキーワード 水道基本料金の全額免除について 下水道使用料改定のお知らせ 水道料金改定のお知らせ 現在の位置 北中城村ホームページ 各課の案内 健康保険課 健康対策係 予防接種 おとなの予防接種 高齢者肺炎球菌予防接種費用一部助成のお知らせ 高齢者肺炎球菌予防接種費用一部助成のお知らせ 更新日：2024年04月01日 はじめに 予防接種を受ける際は、「予防接種についての注意」を必ずご確認ください。 予防接種について 高齢者肺炎球菌予防接種について 肺炎は高齢者の死因の上位を占めており、成人の肺炎の2～
22	北中城村	【新型コロナに負けない! 北中城村観光活性化助成事業】の完成報告について	https://www.vill.kitanakagusuku.lg.jp/kakuka/kikaku/chiiki/chiiki/2547.html	【新型コロナに負けない! 北中城村観光活性化助成事業】の完成報告について／北中城村 本文へ 文字サイズ 背景色変更 アクセス ホーム 暮らしの情報 北中城村について 村政 観光案内 子育て・教育 手続き検索ナビ キーワードで探す よく検索されるキーワード 水道基本料金の全額免除について 下水道使用料改定のお知らせ 水道料金改定のお知らせ 現在の位置 北中城村ホームページ 各課の案内 企画振興課 地域振興係 地域活性化 【新型コロナに負けない! 北中城村観光活性化助成事業】の完成報告について 【新型コロナに負けない! 北中城村観光活性化助成事業】の完成報告について 更新日：2021年04月28日 事業内容 令和2年度、北中城村では村の資源を活用した着地型観光コンテンツの開発・発信に取り組む団体へ支援をし、本村の観
22	北中城村	令和2年度の活用状況について	https://www.vill.kitanakagusuku.lg.jp/kakuka/kikaku/kikaku/kichisyougai/tokubou/1450.html	令和2年度の活用状況について／北中城村 本文へ 文字サイズ 背景色変更 アクセス ホーム 暮らしの情報 北中城村について 村政 観光案内 子育て・教育 手続き検索ナビ キーワードで探す よく検索されるキーワード 水道基本料金の全額免除について 下水道使用料改定のお知らせ 水道料金改定のお知らせ 現在の位置 北中城村ホームページ 各課の案内 企画振興課 企画係 基地渉外関係 特定防衛施設周辺整備調整交付金 令和2年度の活用状況について 令和2年度の活用状況について 更新日：2021年04月26日 防衛省の補助金である「特定防衛施設周辺整備調整交付金」を活用し、令和2年度は次の事業を実施しました。 北中城中学校外構整備工事 整備した中学校校舎周辺の風景 平成30年度から取り組んでいる北中城中学校校舎周辺の環境整備に
22	北中城村	令和3年度の活用状況について	https://www.vill.kitanakagusuku.lg.jp/kakuka/kikaku/kikaku/kichisyougai/tokubou/2989.html	令和3年度の活用状況について／北中城村 本文へ 文字サイズ 背景色変更 アクセス ホーム 暮らしの情報 北中城村について 村政 観光案内 子育て・教育 手続き検索ナビ キーワードで探す よく検索されるキーワード 水道基本料金の全額免除について 下水道使用料改定のお知らせ 水道料金改定のお知らせ 現在の位置 北中城村ホームページ 各課の案内 企画振興課 企画係 基地渉外関係 特定防衛施設周辺整備調整交付金 令和3年度の活用状況について 令和3年度の活用状況について 更新日：2021年04月26日 防衛省の補助金である「特定防衛施設周辺整備調整交付金」を活用し、令和3年度は次の事業を実施しました。 学校給食共同調理場空調機器改修工事 空調機器の老朽化に伴う能力低下が懸念され、調理場内の衛生管理を維持向上する必要があ
22	北中城村	令和4年度の活用状況について	https://www.vill.kitanakagusuku.lg.jp/kakuka/kikaku/kikaku/kichisyougai/tokubou/3599.html	令和4年度の活用状況について／北中城村 本文へ 文字サイズ 背景色変更 アクセス ホーム 暮らしの情報 北中城村について 村政 観光案内 子育て・教育 手続き検索ナビ キーワードで探す よく検索されるキーワード 水道基本料金の全額免除について 下水道使用料改定のお知らせ 水道料金改定のお知らせ 現在の位置 北中城村ホームページ 各課の案内 企画振興課 企画係 基地渉外関係 特定防衛施設周辺整備調整交付金 令和4年度の活用状況について 令和4年度の活用状況について 更新日：2023年04月28日 防衛省の補助金である「特定防衛施設周辺整備調整交付金」を活用し、令和4年度は次の事業を実施しました。 しおさい公苑バックネット及びイームイ公園遊具整備工事 老朽化により安全性の確保が懸念されていた「しおさい公苑バックネッ
22	北中城村	ライカム交差点交流スペースの整備について	https://www.vill.kitanakagusuku.lg.jp/kakuka/kikaku/kikaku/koufukin/1911.html	ライカム交差点交流スペースの整備について／北中城村 本文へ 文字サイズ 背景色変更 アクセス ホーム 暮らしの情報 北中城村について 村政 観光案内 子育て・教育 手続き検索ナビ キーワードで探す よく検索されるキーワード 水道基本料金の全額免除について 下水道使用料改定のお知らせ 水道料金改定のお知らせ 現在の位置 北中城村ホームページ 各課の案内 企画振興課 企画係 沖縄振興特別推進市町村交付金（一括交付金事業） ライカム交差点交流スペースの整備について ライカム交差点交流スペースの整備について 更新日：2020年12月24日 ライカム交差点周辺は近年、キャンプ瑞慶覧アワセゴルフ場跡地の返還等によるまちづくりが進み、多くの観光客が訪れる地区に変貌しました。 多くの来村者の皆さまに対し、本村の魅力を伝えられる
22	北中城村	北中城村特定駐留軍用地等内土地取得事業基金の実績状況について	https://www.vill.kitanakagusuku.lg.jp/kakuka/kikaku/kikaku/koufukin/972.html	北中城村特定駐留軍用地等内土地取得事業基金の実績状況について／北中城村 本文へ 文字サイズ 背景色変更 アクセス ホーム 暮らしの情報 北中城村について 村政 観光案内 子育て・教育 手続き検索ナビ キーワードで探す よく検索されるキーワード 水道基本料金の全額免除について 下水道使用料改定のお知らせ 水道料金改定のお知らせ 現在の位置 北中城村ホームページ 各課の案内 企画振興課 企画係 沖縄振興特別推進市町村交付金（一括交付金事業） 北中城村特定駐留軍用地等内土地取得事業基金の実績状況について 北中城村特定駐留軍用地等内土地取得事業基金の実績状況について 更新日：2026年03月26日 北中城村では、「沖縄県における駐留軍用地跡地の有効かつ適切な利用の推進に関する特別措置法」に規定する特定駐留軍用地内におけ
22	北中城村	父母の離婚後の子の養育に関するルール改正について	https://www.vill.kitanakagusuku.lg.jp/kakuka/kodomo/jidou/teate/SingleParentFamilySupport/4440.html	父母の離婚後の子の養育に関するルール改正について／北中城村 本文へ 文字サイズ 背景色変更 アクセス ホーム 暮らしの情報 北中城村について 村政 観光案内 子育て・教育 手続き検索ナビ キーワードで探す よく検索されるキーワード 水道基本料金の全額免除について 下水道使用料改定のお知らせ 水道料金改定のお知らせ 現在の位置 北中城村ホームページ 各課の案内 こども未来課 子育て支援係 手当・助成 母子・父子家庭等への各種助成制度 父母の離婚後の子の養育に関するルール改正について 父母の離婚後の子の養育に関するルール改正について 更新日：2025年09月11日 父母の離婚後の子の養育に関するルールが改正されました。<令和8年度施行予定> 内容については、下記の法務省パンフレット、ホームページをご覧ください。 父
22	北中城村	親子交流・養育費について	https://www.vill.kitanakagusuku.lg.jp/kakuka/kodomo/jidou/teate/SingleParentFamilySupport/4452.html	親子交流・養育費について／北中城村 本文へ 文字サイズ 背景色変更 アクセス ホーム 暮らしの情報 北中城村について 村政 観光案内 子育て・教育 手続き検索ナビ キーワードで探す よく検索されるキーワード 水道基本料金の全額免除について 下水道使用料改定のお知らせ 水道料金改定のお知らせ 現在の位置 北中城村ホームページ 各課の案内 こども未来課 子育て支援係 手当・助成 母子・父子家庭等への各種助成制度 親子交流・養育費について 親子交流・養育費について 更新日：2025年10月10日 親子交流とは 離婚によって多くの子どもは、両親どちらか一方と暮らすことになります。子どもと離れて暮らす親が、定期・継続的に会って遊んだり、話をしたり、電話やSNS等で連絡をとり交流することです。子ども自身が「両親どちらからも
22	北中城村	令和8年度 保育施設等入所受付のご案内	https://www.vill.kitanakagusuku.lg.jp/kakuka/kodomo/kodomo/nursery_school/hoikusho/4414.html	令和8年度 保育施設等入所受付のご案内／北中城村 本文へ 文字サイズ 背景色変更 アクセス ホーム 暮らしの情報 北中城村について 村政 観光案内 子育て・教育 手続き検索ナビ キーワードで探す よく検索されるキーワード 水道基本料金の全額免除について 下水道使用料改定のお知らせ 水道料金改定のお知らせ 現在の位置 北中城村ホームページ 各課の案内 こども未来課 こども園係 保育所 保育所 令和8年度 保育施設等入所受付のご案内 令和8年度 保育施設等入所受付のご案内 更新日：2026年01月26日 令和8年4月入所の申込一斉受付は令和7年9月26日に終了しました。 一次選考結果は、令和8年1月24日に発送いたしました。 4月入所の期間外申込受付は令和8年1月30日（金曜日）まで可能ですが、欠員補充の対象となり
20	北中城村	子育て支援係	https://www.vill.kitanakagusuku.lg.jp/kakuka/kodomo/jidou/index.html	子育て支援係／北中城村 本文へ 文字サイズ 背景色変更 アクセス ホーム 暮らしの情報 北中城村について 村政 観光案内 子育て・教育 手続き検索ナビ キーワードで探す よく検索されるキーワード 水道基本料金の全額免除について 下水道使用料改定のお知らせ 水道料金改定のお知らせ 現在の位置 北中城村ホームページ 各課の案内 こども未来課 子育て支援係 子育て支援係 更新日：2024年05月02日 新着情報 NEW! 現在、新着情報はございません。 子育て 手当・助成 北中城村子ども・子育て支援事業計画について 第2期北中城村子ども・子育て支援事業計画 北中城村こども計画（令和8年3月） この記事に関するお問い合わせ先 北中城村役場 こども未来課 子育て支援係 郵便番号901-2392 沖縄県中頭郡北中城村字喜舎
20	北中城村	母子保健	https://www.vill.kitanakagusuku.lg.jp/kakuka/kenkou/kenkou/boshihoken/index.html	母子保健／北中城村 本文へ 文字サイズ 背景色変更 アクセス ホーム 暮らしの情報 北中城村について 村政 観光案内 子育て・教育 手続き検索ナビ キーワードで探す よく検索されるキーワード 水道基本料金の全額免除について 下水道使用料改定のお知らせ 水道料金改定のお知らせ 現在の位置 北中城村ホームページ 各課の案内 健康保険課 健康対策係 母子保健 母子保健 更新日：2018年10月03日 親子（母子）健康手帳の交付について（予約制） 乳幼児健診 北中城村 産後ケア事業について 妊婦健康診査（妊婦健診）費用の助成について 産婦健康診査（産婦健診）の助成を開始します 新生児聴覚検査費用の助成について 小児救急電話相談（＃8000）について 『出産なび』（厚生労働省ホームページ） 未熟児養育医療給付について こ
20	北中城村	令和8年度 人間ドック・脳ドックのご案内	https://www.vill.kitanakagusuku.lg.jp/kakuka/kenkou/kenkou/taisaku/Medical-checkup/215.html	令和8年度 人間ドック・脳ドックのご案内／北中城村 本文へ 文字サイズ 背景色変更 アクセス ホーム 暮らしの情報 北中城村について 村政 観光案内 子育て・教育 手続き検索ナビ キーワードで探す よく検索されるキーワード 水道基本料金の全額免除について 下水道使用料改定のお知らせ 水道料金改定のお知らせ 現在の位置 北中城村ホームページ 各課の案内 健康保険課 健康対策係 健康対策 検診関連 令和8年度 人間ドック・脳ドックのご案内 令和8年度 人間ドック・脳ドックのご案内 更新日：2025年03月28日 村内に住所を有する40歳以上の方を対象に、人間ドック及び脳ドックの助成を行います。 詳細については以下資料をご覧ください。 注意 ・社会保険等の助成制度により、人間ドック又は脳ドックを受診することができる方
20	北中城村	北谷・嘉手納・北中城ファミリーサポートセンター「ファミサポネットゆくる」	https://www.vill.kitanakagusuku.lg.jp/kakuka/kodomo/jidou/kosodate/4049.html	北谷・嘉手納・北中城ファミリーサポートセンター「ファミサポネットゆくる」／北中城村 本文へ 文字サイズ 背景色変更 アクセス ホーム 暮らしの情報 北中城村について 村政 観光案内 子育て・教育 手続き検索ナビ キーワードで探す よく検索されるキーワード 水道基本料金の全額免除について 下水道使用料改定のお知らせ 水道料金改定のお知らせ 現在の位置 北中城村ホームページ 各課の案内 こども未来課 子育て支援係 子育て 北谷・嘉手納・北中城ファミリーサポートセンター「ファミサポネットゆくる」 北谷・嘉手納・北中城ファミリーサポートセンター「ファミサポネットゆくる」 更新日：2024年12月12日 【お知らせ】「第31回 子育てサポーター養成研修会」 受講者大募集！！ ファミリーサポートセンターは『子育てを手伝って
18	北中城村	暮らしの情報	https://www.vill.kitanakagusuku.lg.jp/kurashi/index.html	暮らしの情報／北中城村 本文へ 文字サイズ 背景色変更 アクセス ホーム 暮らしの情報 北中城村について 村政 観光案内 子育て・教育 手続き検索ナビ キーワードで探す よく検索されるキーワード 水道基本料金の全額免除について 下水道使用料改定のお知らせ 水道料金改定のお知らせ 現在の位置 北中城村ホームページ 暮らしの情報 暮らしの情報 更新日：2018年05月16日 ごみ ごみの分け方 ごみ出し検索 ごみの収集日 地区別収集日検索 粗大ごみの収集に関して 全ての項目を見る マイナンバー 健康 健康対策 乳幼児健診 予防接種 保険・年金 国民健康保険 国民年金 上下水道 料金等について 水道水中の有機フッ素化合物の検出状況について 水道の使用開始、中止及び名義変更等について 給水工事関係 北中城村水質検査計画
18	北中城村	水道基本料金の全額免除について	https://www.vill.kitanakagusuku.lg.jp/keywords/4677.html	水道基本料金の全額免除について／北中城村 本文へ 文字サイズ 背景色変更 アクセス ホーム 暮らしの情報 北中城村について 村政 観光案内 子育て・教育 手続き検索ナビ キーワードで探す よく検索されるキーワード 水道基本料金の全額免除について 下水道使用料改定のお知らせ 水道料金改定のお知らせ 現在の位置 北中城村ホームページ よく検索されるキーワード 水道基本料金の全額免除について 水道基本料金の全額免除について 更新日：2026年03月23日 北中城村では物価高騰の影響を受ける村民および事業者に対し経済的支援を行うため、国の「物価高騰対応重点支援地方創生臨時交付金」を活用し、令和8年5月分から令和8年8月分までの4か月間において、水道料金の基本料金を減免致します。 申請などの 手続きは不要 です。 【今回
18	北中城村	妊娠・出産・子育て	https://www.vill.kitanakagusuku.lg.jp/bamen/ninshinsyusan/index.html	妊娠・出産・子育て／北中城村 本文へ 文字サイズ 背景色変更 アクセス ホーム 暮らしの情報 北中城村について 村政 観光案内 子育て・教育 手続き検索ナビ キーワードで探す よく検索されるキーワード 水道基本料金の全額免除について 下水道使用料改定のお知らせ 水道料金改定のお知らせ 現在の位置 北中城村ホームページ 場面別で探す 妊娠・出産・子育て 妊娠・出産・子育て 更新日：2018年04月20日 手当・助成 戸籍に関する届出 妊婦健康診査（妊婦健診）費用の助成について 親子（母子）健康手帳の交付について（予約制） 北中城村 産後ケア事業について オンデーズ×北中城村「小学生学業支援プロジェクト」について 場面別で探す このサイトについて 個人情報の取り扱いについて ウェブアクセシビリティについて 北中城村
18	北中城村	福祉課	https://www.vill.kitanakagusuku.lg.jp/kakuka/fukushi/index.html	福祉課／北中城村 本文へ 文字サイズ 背景色変更 アクセス ホーム 暮らしの情報 北中城村について 村政 観光案内 子育て・教育 手続き検索ナビ キーワードで探す よく検索されるキーワード 水道基本料金の全額免除について 下水道使用料改定のお知らせ 水道料金改定のお知らせ 現在の位置 北中城村ホームページ 各課の案内 福祉課 福祉課 更新日：2018年05月15日 福祉課 （第二庁舎2階） 社会福祉、援護、生活保護、障害者福祉、介護保険事業等の業務を行っております。 新着情報 NEW! 現在、新着情報はございません。 社会福祉係 北中城村地域福祉計画（地域福祉計画・地域福祉活動計画） 軽度・中等度難聴児補聴器購入費等助成事業について 障がい福祉に関する制度及びサービスについて 障害児福祉手当・特別障害者手当制度
18	北中城村	子育て	https://www.vill.kitanakagusuku.lg.jp/bamen/716.html	子育て／北中城村 本文へ 文字サイズ 背景色変更 アクセス ホーム 暮らしの情報 北中城村について 村政 観光案内 子育て・教育 手続き検索ナビ キーワードで探す よく検索されるキーワード 水道基本料金の全額免除について 下水道使用料改定のお知らせ 水道料金改定のお知らせ 現在の位置 北中城村ホームページ 場面別で探す 子育て 子育て 更新日：2024年02月06日 新着情報 NEW! 現在、新着情報はございません。 子育て 手当・助成 届け出 教育 オンデーズ×北中城村「小学生学業支援プロジェクト」について 場面別で探す このサイトについて 個人情報の取り扱いについて ウェブアクセシビリティについて 北中城村役場 〒901-2392 沖縄県中頭郡北中城村字喜舎場426番地2 電話：098-935-2233 フ
18	北中城村	入園・入学	https://www.vill.kitanakagusuku.lg.jp/bamen/nyuennyugaku/index.html	入園・入学／北中城村 本文へ 文字サイズ 背景色変更 アクセス ホーム 暮らしの情報 北中城村について 村政 観光案内 子育て・教育 手続き検索ナビ キーワードで探す よく検索されるキーワード 水道基本料金の全額免除について 下水道使用料改定のお知らせ 水道料金改定のお知らせ 現在の位置 北中城村ホームページ 場面別で探す 入園・入学 入園・入学 更新日：2023年11月14日 令和8年度北中城村立小・中学校入学説明会 令和8年度 保育施設等入所受付のご案内 令和8年度北中城こども園（1号認定）入園・進級および預かり保育申込のご案内 北中城村立小・中学校の転校手続きについて 国立、県立、私立小・中学校へ通学される方の手続きについて 保育施設一覧表 他市町村の保育施設を希望するとき(広域入所) 幼児教育・保育無償
18	北中城村	令和8年度北中城こども園（1号認定）入園・進級および預かり保育申込のご案内	https://www.vill.kitanakagusuku.lg.jp/bamen/nyuennyugaku/3649.html	令和8年度北中城こども園（1号認定）入園・進級および預かり保育申込のご案内／北中城村 本文へ 文字サイズ 背景色変更 アクセス ホーム 暮らしの情報 北中城村について 村政 観光案内 子育て・教育 手続き検索ナビ キーワードで探す よく検索されるキーワード 水道基本料金の全額免除について 下水道使用料改定のお知らせ 水道料金改定のお知らせ 現在の位置 北中城村ホームページ 場面別で探す 入園・入学 令和8年度北中城こども園（1号認定）入園・進級および預かり保育申込のご案内 令和8年度北中城こども園（1号認定）入園・進級および預かり保育申込のご案内 更新日：2025年08月25日 村立北中城こども園（1号認定）令和8年度入園・進級および預かり保育の一斉受付についてご案内致します。 入園対象児・定員について 3歳児
18	北中城村	成年後見制度について	https://www.vill.kitanakagusuku.lg.jp/kakuka/fukushi/kourei/ADS/1491.html	成年後見制度について／北中城村 本文へ 文字サイズ 背景色変更 アクセス ホーム 暮らしの情報 北中城村について 村政 観光案内 子育て・教育 手続き検索ナビ キーワードで探す よく検索されるキーワード 水道基本料金の全額免除について 下水道使用料改定のお知らせ 水道料金改定のお知らせ 現在の位置 北中城村ホームページ 各課の案内 福祉課 高齢者福祉係 成年後見制度 成年後見制度について 成年後見制度について 更新日：2020年10月27日 成年後見制度とは 認知症、知的障がい、精神障がいなどの理由により判断能力が不十分となった人が、財産管理や契約で不利益をこうむったり、人間としての尊厳が損なわれたりすることのないように、主に法律面で支援する制度です。 成年後見制度には、大きく分けて「法定後見制度」と「任意後見
18	北中城村	成年後見制度利用促進 中核機関の設置について	https://www.vill.kitanakagusuku.lg.jp/kakuka/fukushi/kourei/ADS/2319.html	成年後見制度利用促進 中核機関の設置について／北中城村 本文へ 文字サイズ 背景色変更 アクセス ホーム 暮らしの情報 北中城村について 村政 観光案内 子育て・教育 手続き検索ナビ キーワードで探す よく検索されるキーワード 水道基本料金の全額免除について 下水道使用料改定のお知らせ 水道料金改定のお知らせ 現在の位置 北中城村ホームページ 各課の案内 福祉課 高齢者福祉係 成年後見制度 成年後見制度利用促進 中核機関の設置について 成年後見制度利用促進 中核機関の設置について 更新日：2021年01月25日 成年後見制度とは 中核機関の主な役割 このようなことでお困りではないですか? 成年後見制度（法定後見制度）の種類 ご相談先 関係資料 北中城村では成年後見制度に関する相談に応じ、制度の利用を促進するため
18	北中城村	慰霊巡拝の実施予定について	https://www.vill.kitanakagusuku.lg.jp/kakuka/fukushi/shakai/4596.html	慰霊巡拝の実施予定について／北中城村 本文へ 文字サイズ 背景色変更 アクセス ホーム 暮らしの情報 北中城村について 村政 観光案内 子育て・教育 手続き検索ナビ キーワードで探す よく検索されるキーワード 水道基本料金の全額免除について 下水道使用料改定のお知らせ 水道料金改定のお知らせ 現在の位置 北中城村ホームページ 各課の案内 福祉課 社会福祉係 慰霊巡拝の実施予定について 慰霊巡拝の実施予定について 更新日：2026年02月20日 厚生労働省では、戦没者の遺族を対象として「慰霊巡拝」を実施しています。同事業は父等の戦没した旧戦域を訪れ、慰霊追悼を行うことを目的としています。 実施地域・時期（令和8年度予定） 概要 実施地域名 訪問国名 実施予定時期 県への内申締切日(予定) 1 東部ニューギニア パ
18	北中城村	北中城村育英会「令和8年度予約奨学生」募集のお知らせ(受付は終了しました）	https://www.vill.kitanakagusuku.lg.jp/kakuka/iinkai/kyouiku/teate/1655.html	北中城村育英会「令和8年度予約奨学生」募集のお知らせ(受付は終了しました）／北中城村 本文へ 文字サイズ 背景色変更 アクセス ホーム 暮らしの情報 北中城村について 村政 観光案内 子育て・教育 手続き検索ナビ キーワードで探す よく検索されるキーワード 水道基本料金の全額免除について 下水道使用料改定のお知らせ 水道料金改定のお知らせ 現在の位置 北中城村ホームページ 各課の案内 北中城村教育委員会 教育総務課 総務係 手当・助成 北中城村育英会「令和8年度予約奨学生」募集のお知らせ(受付は終了しました） 北中城村育英会「令和8年度予約奨学生」募集のお知らせ(受付は終了しました） 更新日：2025年10月07日 北中城村育英会 令和8年度『予約奨学生』募集 北中城村育英会では、経済的理由によって、就学が困難
18	北中城村	水道基本料金の全額免除について	https://www.vill.kitanakagusuku.lg.jp/kakuka/jouge/soumu/1/4626.html	水道基本料金の全額免除について／北中城村 本文へ 文字サイズ 背景色変更 アクセス ホーム 暮らしの情報 北中城村について 村政 観光案内 子育て・教育 手続き検索ナビ キーワードで探す よく検索されるキーワード 水道基本料金の全額免除について 下水道使用料改定のお知らせ 水道料金改定のお知らせ 現在の位置 北中城村ホームページ 各課の案内 上下水道課 総務係 料金等について 水道基本料金の全額免除について 水道基本料金の全額免除について 更新日：2026年03月23日 北中城村では物価高騰の影響を受ける村民および事業者に対し経済的支援を行うため、国の「物価高騰対応重点支援地方創生臨時交付金」を活用し、令和8年5月分から令和8年8月分までの4か月間において、水道料金の基本料金を減免致します。 申請などの 手続き
18	北中城村	犬の登録と狂犬病予防注射について	https://www.vill.kitanakagusuku.lg.jp/kakuka/jumin/kankyou/kankyopet/inuneko/4527.html	犬の登録と狂犬病予防注射について／北中城村 本文へ 文字サイズ 背景色変更 アクセス ホーム 暮らしの情報 北中城村について 村政 観光案内 子育て・教育 手続き検索ナビ キーワードで探す よく検索されるキーワード 水道基本料金の全額免除について 下水道使用料改定のお知らせ 水道料金改定のお知らせ 現在の位置 北中城村ホームページ 各課の案内 住民生活課 環境対策係 環境衛生・ペットなど 犬・猫について 犬の登録と狂犬病予防注射について 犬の登録と狂犬病予防注射について 更新日：2025年11月25日 犬の飼い主の皆さんへ 犬の登録申請フォーム 狂犬病予防注射 犬の登録と狂犬病の注射は狂犬病予防法で飼い主の義務と定められています。 新しく犬を飼い始めたら、30日以内に登録 子犬は90日齢を超えたら、30日以内に
18	北中城村	社会保障・税番号制度 (マイナンバー制度) について	https://www.vill.kitanakagusuku.lg.jp/kakuka/jumin/nenkin/mynumber/1157.html	社会保障・税番号制度 (マイナンバー制度) について／北中城村 本文へ 文字サイズ 背景色変更 アクセス ホーム 暮らしの情報 北中城村について 村政 観光案内 子育て・教育 手続き検索ナビ キーワードで探す よく検索されるキーワード 水道基本料金の全額免除について 下水道使用料改定のお知らせ 水道料金改定のお知らせ 現在の位置 北中城村ホームページ 各課の案内 住民生活課 住民年金係 マイナンバー制度 社会保障・税番号制度 (マイナンバー制度) について 社会保障・税番号制度 (マイナンバー制度) について 更新日：2018年04月20日 マイナンバー制度におけるお知らせ 平成28年1月より、北中城村では社会保障・税・災害対策分野におけるマイナンバー対象の手続きにおいて、マイナンバーの確認と本人確認を実施しま
18	北中城村	出産育児一時金の支給申請について	https://www.vill.kitanakagusuku.lg.jp/kakuka/kenkou/kokuho/todokede/4550.html	出産育児一時金の支給申請について／北中城村 本文へ 文字サイズ 背景色変更 アクセス ホーム 暮らしの情報 北中城村について 村政 観光案内 子育て・教育 手続き検索ナビ キーワードで探す よく検索されるキーワード 水道基本料金の全額免除について 下水道使用料改定のお知らせ 水道料金改定のお知らせ 現在の位置 北中城村ホームページ 各課の案内 健康保険課 国民健康保険係 届け出 出産育児一時金の支給申請について 出産育児一時金の支給申請について 更新日：2026年03月17日 制度概要 北中城村の国民健康保険の加入者が、妊娠12週（85日）以上で出産した場合は、申請により、その世帯の世帯主に出産育児一時金が支給されます。 妊娠12週（85日）以上であれば、死産、流産の場合にも支給されます。 多生児を出産したとき
18	北中城村	北中城村こども計画（令和8年3月）	https://www.vill.kitanakagusuku.lg.jp/kakuka/kodomo/jidou/4703.html	北中城村こども計画（令和8年3月）／北中城村 本文へ 文字サイズ 背景色変更 アクセス ホーム 暮らしの情報 北中城村について 村政 観光案内 子育て・教育 手続き検索ナビ キーワードで探す よく検索されるキーワード 水道基本料金の全額免除について 下水道使用料改定のお知らせ 水道料金改定のお知らせ 現在の位置 北中城村ホームページ 各課の案内 こども未来課 子育て支援係 北中城村こども計画（令和8年3月） 北中城村こども計画（令和8年3月） 更新日：2026年07月16日 令和2年3月に策定された「第2期子ども・子育て支援事業計画」の見直しと併せ、こども大綱の理念を踏まえた「北中城村こども計画」を策定しました。 この「北中城村こども計画」は、「子ども・子育て支援事業計画」、「次世代育成支援行動計画」、「こども
18	北中城村	令和8年度北中城こども園（1号認定）入園・進級および預かり保育申込のご案内	https://www.vill.kitanakagusuku.lg.jp/kakuka/kodomo/kodomo/3648.html	令和8年度北中城こども園（1号認定）入園・進級および預かり保育申込のご案内／北中城村 本文へ 文字サイズ 背景色変更 アクセス ホーム 暮らしの情報 北中城村について 村政 観光案内 子育て・教育 手続き検索ナビ キーワードで探す よく検索されるキーワード 水道基本料金の全額免除について 下水道使用料改定のお知らせ 水道料金改定のお知らせ 現在の位置 北中城村ホームページ 各課の案内 こども未来課 こども園係 令和8年度北中城こども園（1号認定）入園・進級および預かり保育申込のご案内 令和8年度北中城こども園（1号認定）入園・進級および預かり保育申込のご案内 更新日：2025年08月25日 村立北中城こども園（1号認定）令和8年度入園・進級および預かり保育の一斉受付についてご案内致します。 入園対象児・定員につ
16	北中城村	子育て・教育	https://www.vill.kitanakagusuku.lg.jp/kosodatekyoiku/index.html	子育て・教育／北中城村 本文へ 文字サイズ 背景色変更 アクセス ホーム 暮らしの情報 北中城村について 村政 観光案内 子育て・教育 手続き検索ナビ キーワードで探す よく検索されるキーワード 水道基本料金の全額免除について 下水道使用料改定のお知らせ 水道料金改定のお知らせ 現在の位置 北中城村ホームページ 子育て・教育 子育て・教育 更新日：2024年02月06日 新着情報 NEW! 現在、新着情報はございません。 子育て 手当・助成 届け出 教育 オンデーズ×北中城村「小学生学業支援プロジェクト」について 北中城村ホームページ このサイトについて 個人情報の取り扱いについて ウェブアクセシビリティについて 北中城村役場 〒901-2392 沖縄県中頭郡北中城村字喜舎場426番地2 電話：098-935-
16	北中城村	届け出	https://www.vill.kitanakagusuku.lg.jp/kurashi/todokede/index.html	届け出／北中城村 本文へ 文字サイズ 背景色変更 アクセス ホーム 暮らしの情報 北中城村について 村政 観光案内 子育て・教育 手続き検索ナビ キーワードで探す よく検索されるキーワード 水道基本料金の全額免除について 下水道使用料改定のお知らせ 水道料金改定のお知らせ 現在の位置 北中城村ホームページ 暮らしの情報 届け出 届け出 更新日：2018年04月20日 道路・建設関係 国民健康保険 転入・転出 戸籍関係 税務関係の届け出 農林水産関係 農業関連申請様式集 住民票関係 自立支援医療(育成・更生・精神通院) 令和6年度 児童手当 制度改正について 墓地関係の届け出 暮らしの情報 このサイトについて 個人情報の取り扱いについて ウェブアクセシビリティについて 北中城村役場 〒901-2392 沖縄県中頭
16	北中城村	おくやみ	https://www.vill.kitanakagusuku.lg.jp/bamen/okuyami/index.html	おくやみ／北中城村 本文へ 文字サイズ 背景色変更 アクセス ホーム 暮らしの情報 北中城村について 村政 観光案内 子育て・教育 手続き検索ナビ キーワードで探す よく検索されるキーワード 水道基本料金の全額免除について 下水道使用料改定のお知らせ 水道料金改定のお知らせ 現在の位置 北中城村ホームページ 場面別で探す おくやみ おくやみ 更新日：2019年05月31日 ご家族の方などがなくなられた際のお手続きについては、以下をご覧ください。 死亡届 死亡の事実を知った日から7日以内に届出が必要です。 窓口: 住民生活課 戸籍係 死亡届 - 戸籍に関する届出 死亡届出後のお手続きに関しましては、おくやみハンドブックをご覧ください。 おくやみハンドブック (PDFファイル: 5.8MB) 国民健康保険 14日以
16	北中城村	証明書交付等の手数料金	https://www.vill.kitanakagusuku.lg.jp/kakuka/jumin/nenkin/3037.html	証明書交付等の手数料金／北中城村 本文へ 文字サイズ 背景色変更 アクセス ホーム 暮らしの情報 北中城村について 村政 観光案内 子育て・教育 手続き検索ナビ キーワードで探す よく検索されるキーワード 水道基本料金の全額免除について 下水道使用料改定のお知らせ 水道料金改定のお知らせ 現在の位置 北中城村ホームページ 各課の案内 住民生活課 住民年金係 証明書交付等の手数料金 証明書交付等の手数料金 更新日：2022年01月26日 社会情勢の変化や近隣市町村における手数料との均衡を図るため、令和4年4月1日から各種証明書等の交付手数料の改定を行います。 村民の皆さまのご理解とご協力をよろしくお願いします。 料金表 証明書の種類 担当課 手数料 令和4年 3月31日まで 令和4年 4月1日から 住民票の写し
16	北中城村	北中城村 機構図	https://www.vill.kitanakagusuku.lg.jp/sonsei/665.html	北中城村 機構図／北中城村 本文へ 文字サイズ 背景色変更 アクセス ホーム 暮らしの情報 北中城村について 村政 観光案内 子育て・教育 手続き検索ナビ キーワードで探す よく検索されるキーワード 水道基本料金の全額免除について 下水道使用料改定のお知らせ 水道料金改定のお知らせ 現在の位置 北中城村ホームページ 村政 北中城村 機構図 北中城村 機構図 更新日：2025年12月01日 令和7年12月1日現在 役職員構成 役職 人数 三役・教育長 3人 一般職員 143人 派遣指導主事 2人 再任用職員 2人 合計 150人 村長 副村長 総務課（第一庁舎2階） 総務課 総務係 庶務、法規、管財、防災、行政区、行政改革、秘書、防災 職員係 人事、給与、福利厚生、研修、交流事業、行政・人権、法律相談、女性行政、
16	北中城村	企画振興課	https://www.vill.kitanakagusuku.lg.jp/kakuka/kikaku/index.html	企画振興課／北中城村 本文へ 文字サイズ 背景色変更 アクセス ホーム 暮らしの情報 北中城村について 村政 観光案内 子育て・教育 手続き検索ナビ キーワードで探す よく検索されるキーワード 水道基本料金の全額免除について 下水道使用料改定のお知らせ 水道料金改定のお知らせ 現在の位置 北中城村ホームページ 各課の案内 企画振興課 企画振興課 更新日：2018年05月15日 企画振興課 （第二庁舎4階） 企画係、財政係および地域振興係の3係で業務を行っております。 企画係 総合計画や広域行政、国土利用計画、沖縄振興策のほか、陳情、基地渉外、統計等の業務を担当しています。 財政係 村の財政運営、予算編成等の業務を担当しています。 地域振興係 商工業や観光振興、広報業務を担当しています。 新着情報 NEW! 現在
16	北中城村	税務課	https://www.vill.kitanakagusuku.lg.jp/kakuka/zeimu/index.html	税務課／北中城村 本文へ 文字サイズ 背景色変更 アクセス ホーム 暮らしの情報 北中城村について 村政 観光案内 子育て・教育 手続き検索ナビ キーワードで探す よく検索されるキーワード 水道基本料金の全額免除について 下水道使用料改定のお知らせ 水道料金改定のお知らせ 現在の位置 北中城村ホームページ 各課の案内 税務課 税務課 更新日：2018年12月03日 税務課 （第一庁舎1階） 村県民税、固定資産税、軽自動車税、法人税等の賦課徴収及び、税証明発行の業務を行っております。 新着情報 NEW! 現在、新着情報はございません。 税務係 税務関係の届け出 各種証明書のコンビニ交付サービスについて 軽自動車税について 軽自動車税に関する届出 軽自動車税の減免について 全ての項目を見る 資産税係 改元に伴う固定
16	北中城村	農業政策係	https://www.vill.kitanakagusuku.lg.jp/kakuka/nourin/noursui/index.html	農業政策係／北中城村 本文へ 文字サイズ 背景色変更 アクセス ホーム 暮らしの情報 北中城村について 村政 観光案内 子育て・教育 手続き検索ナビ キーワードで探す よく検索されるキーワード 水道基本料金の全額免除について 下水道使用料改定のお知らせ 水道料金改定のお知らせ 現在の位置 北中城村ホームページ 各課の案内 農林水産課 農業政策係 農業政策係 更新日：2018年04月20日 漁業 届け出 農業 北中城村6次産業化支援事業補助金交付要綱及び実施要領の制定 森林環境譲与税の使途の公表について 営農指導車両購入事業について 外来植物の防除にご協力をお願いします 生産農家の皆様へ 「ツマジロクサヨトウ」に注意 北中城村実質化された人・農地プランの公表について 平成28年度総務省委託事業「分散型エネルギーイ
16	北中城村	農村活性化係	https://www.vill.kitanakagusuku.lg.jp/kakuka/nourin/nokatsu/index.html	農村活性化係／北中城村 本文へ 文字サイズ 背景色変更 アクセス ホーム 暮らしの情報 北中城村について 村政 観光案内 子育て・教育 手続き検索ナビ キーワードで探す よく検索されるキーワード 水道基本料金の全額免除について 下水道使用料改定のお知らせ 水道料金改定のお知らせ 現在の位置 北中城村ホームページ 各課の案内 農林水産課 農村活性化係 農村活性化係 更新日：2021年06月02日 第2回農家の集いのお知らせ 北中城村水産業物価高騰対策支援事業について 第3回農家の集いのお知らせ 農を活かした健康福祉の里づくり事業 EM活性液の無料配布をしています 水産養殖スタートアップ支援事業公募型プロポーザルの選定結果について 公募型プロポーザルの審査結果について 農林水産課 このサイトについて 個人情報の取り
16	北中城村	下水道係	https://www.vill.kitanakagusuku.lg.jp/kakuka/jouge/gesui/index.html	下水道係／北中城村 本文へ 文字サイズ 背景色変更 アクセス ホーム 暮らしの情報 北中城村について 村政 観光案内 子育て・教育 手続き検索ナビ キーワードで探す よく検索されるキーワード 水道基本料金の全額免除について 下水道使用料改定のお知らせ 水道料金改定のお知らせ 現在の位置 北中城村ホームページ 各課の案内 上下水道課 下水道係 下水道係 更新日：2018年04月20日 下水道関係様式ダウンロード 北中城村 公共下水道接続促進事業補助金交付制度 北中城村 雨水利用促進補助金交付制度 北中城村公共下水道事業経営戦略 北中城村公共下水道事業の公営企業会計移行について 公営企業に係る経営比較分析表 北中城村公共下水道事業 供用区域図 公共下水道への接続確認について 上下水道台帳図面提供について 建物解体時
16	北中城村	国民健康保険の令和8年度の更新は8月です	https://www.vill.kitanakagusuku.lg.jp/bamen/kenko_fukushi_nenkin/4663.html	国民健康保険の令和8年度の更新は8月です／北中城村 本文へ 文字サイズ 背景色変更 アクセス ホーム 暮らしの情報 北中城村について 村政 観光案内 子育て・教育 手続き検索ナビ キーワードで探す よく検索されるキーワード 水道基本料金の全額免除について 下水道使用料改定のお知らせ 水道料金改定のお知らせ 現在の位置 北中城村ホームページ 場面別で探す 健康保険・年金 国民健康保険の令和8年度の更新は8月です 国民健康保険の令和8年度の更新は8月です 更新日：2026年05月25日 北中城村の国民健康保険に加入されている皆さまへ ご注意ください 資格確認書の交付申請について 窓口での切り替えが必要な世帯 遠隔地資格確認書（マル学、マル遠、住所地特例） 北中城村の国民健康保険に加入されている皆さまへ 今年の一斉発
16	北中城村	【障害福祉サービス】施設外就労実績記録表の参考様式	https://www.vill.kitanakagusuku.lg.jp/kakuka/fukushi/shakai/3579.html	【障害福祉サービス】施設外就労実績記録表の参考様式／北中城村 本文へ 文字サイズ 背景色変更 アクセス ホーム 暮らしの情報 北中城村について 村政 観光案内 子育て・教育 手続き検索ナビ キーワードで探す よく検索されるキーワード 水道基本料金の全額免除について 下水道使用料改定のお知らせ 水道料金改定のお知らせ 現在の位置 北中城村ホームページ 各課の案内 福祉課 社会福祉係 【障害福祉サービス】施設外就労実績記録表の参考様式 【障害福祉サービス】施設外就労実績記録表の参考様式 更新日：2023年04月11日 就労継続支援（A型・B型）における施設外就労の実績記録表の参考様式 施設外就労の利用者や随行員等の人員配置状況について、参考様式をご提供いたします。 施設外就労に係る記録等が確認できない場合は、給付費
16	北中城村	「沖縄県ちゅらパーキング利用証」の交付について	https://www.vill.kitanakagusuku.lg.jp/kakuka/fukushi/shakai/3171.html	「沖縄県ちゅらパーキング利用証」の交付について／北中城村 本文へ 文字サイズ 背景色変更 アクセス ホーム 暮らしの情報 北中城村について 村政 観光案内 子育て・教育 手続き検索ナビ キーワードで探す よく検索されるキーワード 水道基本料金の全額免除について 下水道使用料改定のお知らせ 水道料金改定のお知らせ 現在の位置 北中城村ホームページ 各課の案内 福祉課 社会福祉係 「沖縄県ちゅらパーキング利用証」の交付について 「沖縄県ちゅらパーキング利用証」の交付について 更新日：2026年05月01日 公共施設や商業施設、店舗などに設置されている障害者等駐車区画を適正にご利用いただくために、障害のある人、高齢者、妊産婦のうち、歩行が困難な方、移動の際に特別な配慮が必要な方に共通の「利用証」を交付する制度です。
16	北中城村	公立学校情報機器整備事業に係る各種計画の公開について	https://www.vill.kitanakagusuku.lg.jp/kakuka/iinkai/kyouiku/4257.html	公立学校情報機器整備事業に係る各種計画の公開について／北中城村 本文へ 文字サイズ 背景色変更 アクセス ホーム 暮らしの情報 北中城村について 村政 観光案内 子育て・教育 手続き検索ナビ キーワードで探す よく検索されるキーワード 水道基本料金の全額免除について 下水道使用料改定のお知らせ 水道料金改定のお知らせ 現在の位置 北中城村ホームページ 各課の案内 北中城村教育委員会 教育総務課 総務係 公立学校情報機器整備事業に係る各種計画の公開について 公立学校情報機器整備事業に係る各種計画の公開について 更新日：2025年02月04日 国は「GIGAスクール構想加速化基金管理運営要領」（令和6年1月29日 文部科学省初等中等教育局長決定）において、補助金を活用する際には「端末更新・整備計画」、「ネットワーク
16	北中城村	令和8年度英語キャンププログラム（ESLキャンプ）受講者募集について	https://www.vill.kitanakagusuku.lg.jp/kakuka/iinkai/shogai/shakai/4356.html	令和8年度英語キャンププログラム（ESLキャンプ）受講者募集について／北中城村 本文へ 文字サイズ 背景色変更 アクセス ホーム 暮らしの情報 北中城村について 村政 観光案内 子育て・教育 手続き検索ナビ キーワードで探す よく検索されるキーワード 水道基本料金の全額免除について 下水道使用料改定のお知らせ 水道料金改定のお知らせ 現在の位置 北中城村ホームページ 各課の案内 北中城村教育委員会 生涯学習課 社会教育係 令和8年度英語キャンププログラム（ESLキャンプ）受講者募集について 令和8年度英語キャンププログラム（ESLキャンプ）受講者募集について 更新日：2026年05月25日 令和8年度英語キャンププログラム（ESLキャンプ）受講者を募集します 概要 主催 沖縄県内市町村海外短期留学実行委員会 （
16	北中城村	家庭でできるごみの減量化	https://www.vill.kitanakagusuku.lg.jp/kakuka/jumin/kankyou/gomi/garbage-reduction/4545.html	家庭でできるごみの減量化／北中城村 本文へ 文字サイズ 背景色変更 アクセス ホーム 暮らしの情報 北中城村について 村政 観光案内 子育て・教育 手続き検索ナビ キーワードで探す よく検索されるキーワード 水道基本料金の全額免除について 下水道使用料改定のお知らせ 水道料金改定のお知らせ 現在の位置 北中城村ホームページ 各課の案内 住民生活課 環境対策係 ごみ・リサイクル関係 ゴミの減量化について 家庭でできるごみの減量化 家庭でできるごみの減量化 更新日：2025年12月01日 ごみの減量には、日々の生活の中でごみを出さない工夫をし、ごみになるもの自体を減らしていくことが最も重要です。また、モノをくり返し使うことも大切です。 ~ 家庭でできるごみの減量化・再資源化策について ~ 生ごみに含まれる水分 生ご
16	北中城村	マイナンバーカードの申請方法【申請時来庁方式】	https://www.vill.kitanakagusuku.lg.jp/kakuka/jumin/nenkin/mynumber/shinsei/1192.html	マイナンバーカードの申請方法【申請時来庁方式】／北中城村 本文へ 文字サイズ 背景色変更 アクセス ホーム 暮らしの情報 北中城村について 村政 観光案内 子育て・教育 手続き検索ナビ キーワードで探す よく検索されるキーワード 水道基本料金の全額免除について 下水道使用料改定のお知らせ 水道料金改定のお知らせ 現在の位置 北中城村ホームページ 各課の案内 住民生活課 住民年金係 マイナンバー制度 申請方法 マイナンバーカードの申請方法【申請時来庁方式】 マイナンバーカードの申請方法【申請時来庁方式】 更新日：2025年12月04日 マイナンバーカードの申請方法について マイナンバーカードの申請は申請時に来庁して本人確認を行う申請時来庁方式と、カードの受け取り時に来庁して本人確認を行う交付時来庁方式があります。
16	北中城村	マイナンバーカード受取りについて	https://www.vill.kitanakagusuku.lg.jp/kakuka/jumin/nenkin/mynumber/uketori/4242.html	マイナンバーカード受取りについて／北中城村 本文へ 文字サイズ 背景色変更 アクセス ホーム 暮らしの情報 北中城村について 村政 観光案内 子育て・教育 手続き検索ナビ キーワードで探す よく検索されるキーワード 水道基本料金の全額免除について 下水道使用料改定のお知らせ 水道料金改定のお知らせ 現在の位置 北中城村ホームページ 各課の案内 住民生活課 住民年金係 マイナンバー制度 受け取り方法 マイナンバーカード受取りについて マイナンバーカード受取りについて 更新日：2025年12月04日 マイナンバーカードは申請時来庁方式と交付時来庁方式の2種類の申請方法があります。それにより、カードの受け取り方法がそれぞれ異なります。 申請時来庁方式については、 マイナンバーカードの申請方法【申請時来庁】 を、また交
16	北中城村	検診関連	https://www.vill.kitanakagusuku.lg.jp/kakuka/kenkou/kenkou/taisaku/Medical-checkup/index.html	検診関連／北中城村 本文へ 文字サイズ 背景色変更 アクセス ホーム 暮らしの情報 北中城村について 村政 観光案内 子育て・教育 手続き検索ナビ キーワードで探す よく検索されるキーワード 水道基本料金の全額免除について 下水道使用料改定のお知らせ 水道料金改定のお知らせ 現在の位置 北中城村ホームページ 各課の案内 健康保険課 健康対策係 健康対策 検診関連 検診関連 更新日：2024年05月15日 新着情報 NEW! 現在、新着情報はございません。 令和8年度 集団健診 令和8年度 個別健診 健診送迎車の運行について 令和8年度 人間ドック・脳ドックのご案内 がん検診（肺・大腸・胃）、肝炎ウイルス検査、婦人科検診（子宮頸・乳）について 健診結果説明会（集団健診）について【延期のお知らせ】 健活フェア202
16	北中城村	国民健康保険の令和8年度の更新は8月です	https://www.vill.kitanakagusuku.lg.jp/kakuka/kenkou/kokuho/1391.html	国民健康保険の令和8年度の更新は8月です／北中城村 本文へ 文字サイズ 背景色変更 アクセス ホーム 暮らしの情報 北中城村について 村政 観光案内 子育て・教育 手続き検索ナビ キーワードで探す よく検索されるキーワード 水道基本料金の全額免除について 下水道使用料改定のお知らせ 水道料金改定のお知らせ 現在の位置 北中城村ホームページ 各課の案内 健康保険課 国民健康保険係 国民健康保険の令和8年度の更新は8月です 国民健康保険の令和8年度の更新は8月です 更新日：2026年05月25日 北中城村の国民健康保険に加入されている皆さまへ ご注意ください 資格確認書の交付申請について 窓口での切り替えが必要な世帯 遠隔地資格確認書（マル学、マル遠、住所地特例） 北中城村の国民健康保険に加入されている皆さまへ 今
16	北中城村	倒産・解雇・雇止めなどによる離職者への国保税の軽減について	https://www.vill.kitanakagusuku.lg.jp/kakuka/kenkou/kokuho_2/2110.html	倒産・解雇・雇止めなどによる離職者への国保税の軽減について／北中城村 本文へ 文字サイズ 背景色変更 アクセス ホーム 暮らしの情報 北中城村について 村政 観光案内 子育て・教育 手続き検索ナビ キーワードで探す よく検索されるキーワード 水道基本料金の全額免除について 下水道使用料改定のお知らせ 水道料金改定のお知らせ 現在の位置 北中城村ホームページ 各課の案内 健康保険課 賦課徴収係 倒産・解雇・雇止めなどによる離職者への国保税の軽減について 倒産・解雇・雇止めなどによる離職者への国保税の軽減について 更新日：2020年07月13日 対象となる方 軽減の内容 軽減となる期間 お手続きの方法 軽減による税額変更後の通知 離職軽減【非自発的失業】 倒産・解雇などによる離職（特定受給資格者）や雇い止めなどによ
16	北中城村	北中城村 国民健康保険収納対策プランの公表について	https://www.vill.kitanakagusuku.lg.jp/kakuka/kenkou/kokuho_2/1678.html	北中城村 国民健康保険収納対策プランの公表について／北中城村 本文へ 文字サイズ 背景色変更 アクセス ホーム 暮らしの情報 北中城村について 村政 観光案内 子育て・教育 手続き検索ナビ キーワードで探す よく検索されるキーワード 水道基本料金の全額免除について 下水道使用料改定のお知らせ 水道料金改定のお知らせ 現在の位置 北中城村ホームページ 各課の案内 健康保険課 賦課徴収係 北中城村 国民健康保険収納対策プランの公表について 北中城村 国民健康保険収納対策プランの公表について 更新日：2024年07月29日 1. 滞納状況の解消 （1）国保資格喪失時の届出及び国保未加入者への勧奨の実施 加入及び喪失の届出遅延者に対して村広報誌や啓発用パンフレットを活用し、加入手続き及び遡及賦課の周知を図る。また、住民
16	北中城村	地域活性化	https://www.vill.kitanakagusuku.lg.jp/kakuka/kikaku/chiiki/chiiki/index.html	地域活性化／北中城村 本文へ 文字サイズ 背景色変更 アクセス ホーム 暮らしの情報 北中城村について 村政 観光案内 子育て・教育 手続き検索ナビ キーワードで探す よく検索されるキーワード 水道基本料金の全額免除について 下水道使用料改定のお知らせ 水道料金改定のお知らせ 現在の位置 北中城村ホームページ 各課の案内 企画振興課 地域振興係 地域活性化 地域活性化 更新日：2018年09月18日 【新型コロナに負けない! 北中城村観光活性化助成事業】の完成報告について 広報きたなかぐすく キャラクターイラストが使用できるようになりました。 保護者の方へ 「ゆるキャラぬり絵」データの提供 地域づくりのための助成事業 活用ガイド 家庭でいかせる北中城村食材レシピブック 北中城村コスプレ撮影イベント『きたコス』
16	北中城村	北中城村ぺーちん商品券	https://www.vill.kitanakagusuku.lg.jp/kakuka/kikaku/chiiki/chiiki/4689.html	北中城村ぺーちん商品券／北中城村 本文へ 文字サイズ 背景色変更 アクセス ホーム 暮らしの情報 北中城村について 村政 観光案内 子育て・教育 手続き検索ナビ キーワードで探す よく検索されるキーワード 水道基本料金の全額免除について 下水道使用料改定のお知らせ 水道料金改定のお知らせ 現在の位置 北中城村ホームページ 各課の案内 企画振興課 地域振興係 地域活性化 北中城村ぺーちん商品券 北中城村ぺーちん商品券 更新日：2026年06月05日 ～物価高騰対応重点支援地方交付金を活用しています～ 令和8年 北中城村ぺーちん商品券配布について 北中城村では物価高騰による負担を軽減すべく、広く村民が利用できる商品券を配布します。 配布期間：現在配送中です～令和8年6月30日までに完了予定 名称 北中城村ぺーちん商
16	北中城村	企業版ふるさと納税（地方創生応援税制）について	https://www.vill.kitanakagusuku.lg.jp/kakuka/kikaku/kikaku/kigyoubanfurusatonouzei/2998.html	企業版ふるさと納税（地方創生応援税制）について／北中城村 本文へ 文字サイズ 背景色変更 アクセス ホーム 暮らしの情報 北中城村について 村政 観光案内 子育て・教育 手続き検索ナビ キーワードで探す よく検索されるキーワード 水道基本料金の全額免除について 下水道使用料改定のお知らせ 水道料金改定のお知らせ 現在の位置 北中城村ホームページ 各課の案内 企画振興課 企画係 企業版ふるさと納税（地方創生応援税制） 企業版ふるさと納税（地方創生応援税制）について 企業版ふるさと納税（地方創生応援税制）について 更新日：2025年08月12日 企業版ふるさと納税（地方創生応援税制）とは 平成28年度税制改正において、企業版ふるさと納税制度が創設されました。内閣府の認定を受けた地方公共団体が行う地方創生のプロジェク
