rescore	score	organization	title	url	evidence
56	42	宜野座村	「令和8年度村立小中学校の児童・生徒の給食費無償化」について	https://www.vill.ginoza.okinawa.jp/kyoiku/gakko/1258.html	「令和8年度村立小中学校の児童・生徒の給食費無償化」について／宜野座村 | 水と緑と太陽の里 スマートフォン版を表示 本文へ 文字サイズ 標準 （初期状態） 標準 に戻す 拡大 （初期状態） 拡大 拡大（最大状態） 背景色変更 黒 背景色を黒色にする 青 背景色を青色にする 標準 背景色を元に戻す Select Language English 中文（繁体） 中文（簡体） Go Select your language menu close 文字サイズ 背景色変更 Select Language English 中文（繁体） 中文（簡体） Go Select your language PC版を見る 閉じる 現在のページ ホーム 教育委員会 学校教育 「令和8年度村立小中学校の児童・生徒の給食費無償化」について
56	30	宜野座村	令和7年度宜野座村若者就業支援事業補助金について	https://www.vill.ginoza.okinawa.jp/shigoto-sangyo/koyo-shuro/525.html	令和7年度宜野座村若者就業支援事業補助金について／宜野座村 | 水と緑と太陽の里 スマートフォン版を表示 本文へ 文字サイズ 標準 （初期状態） 標準 に戻す 拡大 （初期状態） 拡大 拡大（最大状態） 背景色変更 黒 背景色を黒色にする 青 背景色を青色にする 標準 背景色を元に戻す Select Language English 中文（繁体） 中文（簡体） Go Select your language 閲覧支援/Languagesを閉じる キーワードから探す ページ番号で探す 検索 ページ番号とは？ 目的別で探す くらし 健康・福祉 子育て・教育 観光・文化・スポーツ しごと・産業 村政 防災情報 各課のご案内 検索を閉じる 文字サイズ 背景色変更 Select Language English 中文（繁
56	30	宜野座村	令和8年度宜野座村若者就業支援事業補助金について	https://www.vill.ginoza.okinawa.jp/soshiki/1008/4/1305.html	令和8年度宜野座村若者就業支援事業補助金について／宜野座村 | 水と緑と太陽の里 スマートフォン版を表示 本文へ 文字サイズ 標準 （初期状態） 標準 に戻す 拡大 （初期状態） 拡大 拡大（最大状態） 背景色変更 黒 背景色を黒色にする 青 背景色を青色にする 標準 背景色を元に戻す Select Language English 中文（繁体） 中文（簡体） Go Select your language 閲覧支援/Languagesを閉じる キーワードから探す ページ番号で探す 検索 ページ番号とは？ 目的別で探す くらし 健康・福祉 子育て・教育 観光・文化・スポーツ しごと・産業 村政 防災情報 各課のご案内 検索を閉じる 文字サイズ 背景色変更 Select Language English 中文（繁
56	30	宜野座村	令和8年度宜野座村若者就業支援事業補助金（後期）について	https://www.vill.ginoza.okinawa.jp/soshiki/1008/4/1411.html	令和8年度宜野座村若者就業支援事業補助金（後期）について／宜野座村 | 水と緑と太陽の里 スマートフォン版を表示 本文へ 文字サイズ 標準 （初期状態） 標準 に戻す 拡大 （初期状態） 拡大 拡大（最大状態） 背景色変更 黒 背景色を黒色にする 青 背景色を青色にする 標準 背景色を元に戻す Select Language English 中文（繁体） 中文（簡体） Go Select your language 閲覧支援/Languagesを閉じる キーワードから探す ページ番号で探す 検索 ページ番号とは？ 目的別で探す くらし 健康・福祉 子育て・教育 観光・文化・スポーツ しごと・産業 村政 防災情報 各課のご案内 検索を閉じる 文字サイズ 背景色変更 Select Language English
56	30	宜野座村	令和7年度宜野座村若者就業支援事業補助金について	https://www.vill.ginoza.okinawa.jp/soshiki/1008/4/261.html	令和7年度宜野座村若者就業支援事業補助金について／宜野座村 | 水と緑と太陽の里 スマートフォン版を表示 本文へ 文字サイズ 標準 （初期状態） 標準 に戻す 拡大 （初期状態） 拡大 拡大（最大状態） 背景色変更 黒 背景色を黒色にする 青 背景色を青色にする 標準 背景色を元に戻す Select Language English 中文（繁体） 中文（簡体） Go Select your language 閲覧支援/Languagesを閉じる キーワードから探す ページ番号で探す 検索 ページ番号とは？ 目的別で探す くらし 健康・福祉 子育て・教育 観光・文化・スポーツ しごと・産業 村政 防災情報 各課のご案内 検索を閉じる 文字サイズ 背景色変更 Select Language English 中文（繁
56	30	宜野座村	「令和8年度村立小中学校の児童・生徒の給食費無償化」について	https://www.vill.ginoza.okinawa.jp/soshiki/1009/3/1261.html	「令和8年度村立小中学校の児童・生徒の給食費無償化」について／宜野座村 | 水と緑と太陽の里 スマートフォン版を表示 本文へ 文字サイズ 標準 （初期状態） 標準 に戻す 拡大 （初期状態） 拡大 拡大（最大状態） 背景色変更 黒 背景色を黒色にする 青 背景色を青色にする 標準 背景色を元に戻す Select Language English 中文（繁体） 中文（簡体） Go Select your language 閲覧支援/Languagesを閉じる キーワードから探す ページ番号で探す 検索 ページ番号とは？ 目的別で探す くらし 健康・福祉 子育て・教育 観光・文化・スポーツ しごと・産業 村政 防災情報 各課のご案内 検索を閉じる 文字サイズ 背景色変更 Select Language Englis
51	30	今帰仁村	電力・ガス・食料品等価格高騰緊急支援給付金（1世帯あたり5万円）のご案内	https://www.nakijin.jp/pagtop/information/3080.html	電力・ガス・食料品等価格高騰緊急支援給付金（1世帯あたり5万円）のご案内／今帰仁村 スマートフォン版を表示 本文へ移動 文字サイズ 背景色変更 くらし・手続き 子育て・教育 健康・福祉 歴史・観光 事業者の方へ 行政情報 くらし・手続き 子育て・教育 健康・福祉 歴史・観光 事業者の方へ 行政情報 PC版を表示 現在のページ ホーム 今帰仁村役場 大切なお知らせ 電力・ガス・食料品等価格高騰緊急支援給付金（1世帯あたり5万円）のご案内 電力・ガス・食料品等価格高騰緊急支援給付金（1世帯あたり5万円）のご案内 電力・ガス・食料品等価格高騰緊急支援給付金（1世帯あたり5万円）は、住民税均等割非課税世帯や令和4年1月から12月までに家計急変のあった世帯を支援する給付金です。 給付額 1世帯当たり5万円 申請期限 令和
51	28	宜野座村	ひとり親世帯臨時特別給付金の申請期間の延長について	https://www.vill.ginoza.okinawa.jp/kenko-fukushi/fukushi-service/2/655.html	ひとり親世帯臨時特別給付金の申請期間の延長について／宜野座村 | 水と緑と太陽の里 スマートフォン版を表示 本文へ 文字サイズ 標準 （初期状態） 標準 に戻す 拡大 （初期状態） 拡大 拡大（最大状態） 背景色変更 黒 背景色を黒色にする 青 背景色を青色にする 標準 背景色を元に戻す Select Language English 中文（繁体） 中文（簡体） Go Select your language 閲覧支援/Languagesを閉じる キーワードから探す ページ番号で探す 検索 ページ番号とは？ 目的別で探す くらし 健康・福祉 子育て・教育 観光・文化・スポーツ しごと・産業 村政 防災情報 各課のご案内 検索を閉じる 文字サイズ 背景色変更 Select Language English 中文（
51	28	宜野座村	ひとり親世帯臨時特別給付金の申請期間の延長について	https://www.vill.ginoza.okinawa.jp/kosodate-kyoiku/kosodate/1/708.html	ひとり親世帯臨時特別給付金の申請期間の延長について／宜野座村 | 水と緑と太陽の里 スマートフォン版を表示 本文へ 文字サイズ 標準 （初期状態） 標準 に戻す 拡大 （初期状態） 拡大 拡大（最大状態） 背景色変更 黒 背景色を黒色にする 青 背景色を青色にする 標準 背景色を元に戻す Select Language English 中文（繁体） 中文（簡体） Go Select your language 閲覧支援/Languagesを閉じる キーワードから探す ページ番号で探す 検索 ページ番号とは？ 目的別で探す くらし 健康・福祉 子育て・教育 観光・文化・スポーツ しごと・産業 村政 防災情報 各課のご案内 検索を閉じる 文字サイズ 背景色変更 Select Language English 中文（
51	28	宜野座村	ひとり親世帯臨時特別給付金の申請期間の延長について	https://www.vill.ginoza.okinawa.jp/soshiki/1005/5/2/134.html	ひとり親世帯臨時特別給付金の申請期間の延長について／宜野座村 | 水と緑と太陽の里 スマートフォン版を表示 本文へ 文字サイズ 標準 （初期状態） 標準 に戻す 拡大 （初期状態） 拡大 拡大（最大状態） 背景色変更 黒 背景色を黒色にする 青 背景色を青色にする 標準 背景色を元に戻す Select Language English 中文（繁体） 中文（簡体） Go Select your language 閲覧支援/Languagesを閉じる キーワードから探す ページ番号で探す 検索 ページ番号とは？ 目的別で探す くらし 健康・福祉 子育て・教育 観光・文化・スポーツ しごと・産業 村政 防災情報 各課のご案内 検索を閉じる 文字サイズ 背景色変更 Select Language English 中文（
50	26	宜野座村	令和8年度子ども子育て支援金制度の開始について	https://www.vill.ginoza.okinawa.jp/soshiki/1005/oshirase/1342.html	令和8年度子ども子育て支援金制度の開始について／宜野座村 | 水と緑と太陽の里 スマートフォン版を表示 本文へ 文字サイズ 標準 （初期状態） 標準 に戻す 拡大 （初期状態） 拡大 拡大（最大状態） 背景色変更 黒 背景色を黒色にする 青 背景色を青色にする 標準 背景色を元に戻す Select Language English 中文（繁体） 中文（簡体） Go Select your language 閲覧支援/Languagesを閉じる キーワードから探す ページ番号で探す 検索 ページ番号とは？ 目的別で探す くらし 健康・福祉 子育て・教育 観光・文化・スポーツ しごと・産業 村政 防災情報 各課のご案内 検索を閉じる 文字サイズ 背景色変更 Select Language English 中文（繁体
48	23	恩納村	各種支援策・助成金制度のご案内	https://www.vill.onna.okinawa.jp/business/industry/1754285559/	各種支援策・助成金制度のご案内 | 沖縄県恩納村 | 恩（めぐみ）の青 豊かな緑 輝く人々 未来へつなごう恩納村 総合トップ 本文へ 恩(めぐみ)の青 豊かな緑 輝く人々 未来へつなごう恩納村 日本語 English 簡体中文 繁体中文 한국어 サイトマップ よくあるご質問 お問い合わせ アクセシビリティ 総合トップ トップページ 暮らしの情報 恩納村の情報 観光情報 村政情報 防災情報 事業者の方へ ホーム 事業者の方へ 商工業 各種支援策・助成金制度のご案内 各種支援策・助成金制度のご案内 令和7年8月12日 更新 中小企業100の支援 中小企業者（個人事業主・創業予定者含む）に役立つ情報を集約した「令和７年度版 中小企業100の支援」を 公開しております。 事業の立ち上げや設備投資、業務効率化などをご検討
48	16	恩納村	「物価高対応子育て応援手当」（過不足給付）の誤支給等について	https://www.vill.onna.okinawa.jp/topics/offset:60/	新着情報 | 沖縄県恩納村 | 恩（めぐみ）の青 豊かな緑 輝く人々 未来へつなごう恩納村 総合トップ 本文へ 恩(めぐみ)の青 豊かな緑 輝く人々 未来へつなごう恩納村 日本語 English 簡体中文 繁体中文 한국어 サイトマップ よくあるご質問 お問い合わせ アクセシビリティ 総合トップ トップページ 暮らしの情報 恩納村の情報 観光情報 村政情報 防災情報 事業者の方へ ホーム 新着情報 新着情報 2026 03 31 お知らせ わくわくひろばだより４月号 2026 03 25 お知らせ 「物価高対応子育て応援手当」（過不足給付）の誤支給等について 2026 03 25 お知らせ 【停止期間の追加】戸籍システムのメンテナンスに伴うコンビニ交付サービスの停止について 2026 03 10 募集 令和７年
46	30	宜野座村	特別障害者手当等	https://www.vill.ginoza.okinawa.jp/kenko-fukushi/fukushi-service/1/633.html	特別障害者手当等／宜野座村 | 水と緑と太陽の里 スマートフォン版を表示 本文へ 文字サイズ 標準 （初期状態） 標準 に戻す 拡大 （初期状態） 拡大 拡大（最大状態） 背景色変更 黒 背景色を黒色にする 青 背景色を青色にする 標準 背景色を元に戻す Select Language English 中文（繁体） 中文（簡体） Go Select your language 閲覧支援/Languagesを閉じる キーワードから探す ページ番号で探す 検索 ページ番号とは？ 目的別で探す くらし 健康・福祉 子育て・教育 観光・文化・スポーツ しごと・産業 村政 防災情報 各課のご案内 検索を閉じる 文字サイズ 背景色変更 Select Language English 中文（繁体） 中文（簡体） Go Sel
46	30	宜野座村	【ひとり親世帯臨時特別給付金について】	https://www.vill.ginoza.okinawa.jp/kenko-fukushi/fukushi-service/2/642.html	【ひとり親世帯臨時特別給付金について】／宜野座村 | 水と緑と太陽の里 スマートフォン版を表示 本文へ 文字サイズ 標準 （初期状態） 標準 に戻す 拡大 （初期状態） 拡大 拡大（最大状態） 背景色変更 黒 背景色を黒色にする 青 背景色を青色にする 標準 背景色を元に戻す Select Language English 中文（繁体） 中文（簡体） Go Select your language 閲覧支援/Languagesを閉じる キーワードから探す ページ番号で探す 検索 ページ番号とは？ 目的別で探す くらし 健康・福祉 子育て・教育 観光・文化・スポーツ しごと・産業 村政 防災情報 各課のご案内 検索を閉じる 文字サイズ 背景色変更 Select Language English 中文（繁体） 中文
46	30	宜野座村	低所得者の子育て世帯に対する子育て世帯生活支援特別給付金（ひとり親世帯分）	https://www.vill.ginoza.okinawa.jp/kenko-fukushi/fukushi-service/2/684.html	低所得者の子育て世帯に対する子育て世帯生活支援特別給付金（ひとり親世帯分）／宜野座村 | 水と緑と太陽の里 スマートフォン版を表示 本文へ 文字サイズ 標準 （初期状態） 標準 に戻す 拡大 （初期状態） 拡大 拡大（最大状態） 背景色変更 黒 背景色を黒色にする 青 背景色を青色にする 標準 背景色を元に戻す Select Language English 中文（繁体） 中文（簡体） Go Select your language 閲覧支援/Languagesを閉じる キーワードから探す ページ番号で探す 検索 ページ番号とは？ 目的別で探す くらし 健康・福祉 子育て・教育 観光・文化・スポーツ しごと・産業 村政 防災情報 各課のご案内 検索を閉じる 文字サイズ 背景色変更 Select Language
46	30	宜野座村	【ひとり親世帯臨時特別給付金について】	https://www.vill.ginoza.okinawa.jp/kosodate-kyoiku/kosodate/1/703.html	【ひとり親世帯臨時特別給付金について】／宜野座村 | 水と緑と太陽の里 スマートフォン版を表示 本文へ 文字サイズ 標準 （初期状態） 標準 に戻す 拡大 （初期状態） 拡大 拡大（最大状態） 背景色変更 黒 背景色を黒色にする 青 背景色を青色にする 標準 背景色を元に戻す Select Language English 中文（繁体） 中文（簡体） Go Select your language 閲覧支援/Languagesを閉じる キーワードから探す ページ番号で探す 検索 ページ番号とは？ 目的別で探す くらし 健康・福祉 子育て・教育 観光・文化・スポーツ しごと・産業 村政 防災情報 各課のご案内 検索を閉じる 文字サイズ 背景色変更 Select Language English 中文（繁体） 中文
46	30	宜野座村	低所得者の子育て世帯に対する子育て世帯生活支援特別給付金（ひとり親世帯分）	https://www.vill.ginoza.okinawa.jp/kosodate-kyoiku/kosodate/1/710.html	低所得者の子育て世帯に対する子育て世帯生活支援特別給付金（ひとり親世帯分）／宜野座村 | 水と緑と太陽の里 スマートフォン版を表示 本文へ 文字サイズ 標準 （初期状態） 標準 に戻す 拡大 （初期状態） 拡大 拡大（最大状態） 背景色変更 黒 背景色を黒色にする 青 背景色を青色にする 標準 背景色を元に戻す Select Language English 中文（繁体） 中文（簡体） Go Select your language 閲覧支援/Languagesを閉じる キーワードから探す ページ番号で探す 検索 ページ番号とは？ 目的別で探す くらし 健康・福祉 子育て・教育 観光・文化・スポーツ しごと・産業 村政 防災情報 各課のご案内 検索を閉じる 文字サイズ 背景色変更 Select Language
46	30	宜野座村	特別障害者手当等	https://www.vill.ginoza.okinawa.jp/soshiki/1005/5/1/267.html	特別障害者手当等／宜野座村 | 水と緑と太陽の里 スマートフォン版を表示 本文へ 文字サイズ 標準 （初期状態） 標準 に戻す 拡大 （初期状態） 拡大 拡大（最大状態） 背景色変更 黒 背景色を黒色にする 青 背景色を青色にする 標準 背景色を元に戻す Select Language English 中文（繁体） 中文（簡体） Go Select your language 閲覧支援/Languagesを閉じる キーワードから探す ページ番号で探す 検索 ページ番号とは？ 目的別で探す くらし 健康・福祉 子育て・教育 観光・文化・スポーツ しごと・産業 村政 防災情報 各課のご案内 検索を閉じる 文字サイズ 背景色変更 Select Language English 中文（繁体） 中文（簡体） Go Sel
46	30	宜野座村	【ひとり親世帯臨時特別給付金について】	https://www.vill.ginoza.okinawa.jp/soshiki/1005/5/2/221.html	【ひとり親世帯臨時特別給付金について】／宜野座村 | 水と緑と太陽の里 スマートフォン版を表示 本文へ 文字サイズ 標準 （初期状態） 標準 に戻す 拡大 （初期状態） 拡大 拡大（最大状態） 背景色変更 黒 背景色を黒色にする 青 背景色を青色にする 標準 背景色を元に戻す Select Language English 中文（繁体） 中文（簡体） Go Select your language 閲覧支援/Languagesを閉じる キーワードから探す ページ番号で探す 検索 ページ番号とは？ 目的別で探す くらし 健康・福祉 子育て・教育 観光・文化・スポーツ しごと・産業 村政 防災情報 各課のご案内 検索を閉じる 文字サイズ 背景色変更 Select Language English 中文（繁体） 中文
46	30	宜野座村	低所得者の子育て世帯に対する子育て世帯生活支援特別給付金（ひとり親世帯分）	https://www.vill.ginoza.okinawa.jp/soshiki/1005/5/2/234.html	低所得者の子育て世帯に対する子育て世帯生活支援特別給付金（ひとり親世帯分）／宜野座村 | 水と緑と太陽の里 スマートフォン版を表示 本文へ 文字サイズ 標準 （初期状態） 標準 に戻す 拡大 （初期状態） 拡大 拡大（最大状態） 背景色変更 黒 背景色を黒色にする 青 背景色を青色にする 標準 背景色を元に戻す Select Language English 中文（繁体） 中文（簡体） Go Select your language 閲覧支援/Languagesを閉じる キーワードから探す ページ番号で探す 検索 ページ番号とは？ 目的別で探す くらし 健康・福祉 子育て・教育 観光・文化・スポーツ しごと・産業 村政 防災情報 各課のご案内 検索を閉じる 文字サイズ 背景色変更 Select Language
46	28	宜野座村	低所得者の子育て世帯に対する子育て世帯生活支援特別給付金（ひとり親世帯分）について	https://www.vill.ginoza.okinawa.jp/kenko-fukushi/fukushi-service/2/685.html	低所得者の子育て世帯に対する子育て世帯生活支援特別給付金（ひとり親世帯分）について／宜野座村 | 水と緑と太陽の里 スマートフォン版を表示 本文へ 文字サイズ 標準 （初期状態） 標準 に戻す 拡大 （初期状態） 拡大 拡大（最大状態） 背景色変更 黒 背景色を黒色にする 青 背景色を青色にする 標準 背景色を元に戻す Select Language English 中文（繁体） 中文（簡体） Go Select your language 閲覧支援/Languagesを閉じる キーワードから探す ページ番号で探す 検索 ページ番号とは？ 目的別で探す くらし 健康・福祉 子育て・教育 観光・文化・スポーツ しごと・産業 村政 防災情報 各課のご案内 検索を閉じる 文字サイズ 背景色変更 Select Lang
46	28	宜野座村	低所得者の子育て世帯に対する子育て世帯生活支援特別給付金（ひとり親世帯分）について	https://www.vill.ginoza.okinawa.jp/kosodate-kyoiku/kosodate/1/711.html	低所得者の子育て世帯に対する子育て世帯生活支援特別給付金（ひとり親世帯分）について／宜野座村 | 水と緑と太陽の里 スマートフォン版を表示 本文へ 文字サイズ 標準 （初期状態） 標準 に戻す 拡大 （初期状態） 拡大 拡大（最大状態） 背景色変更 黒 背景色を黒色にする 青 背景色を青色にする 標準 背景色を元に戻す Select Language English 中文（繁体） 中文（簡体） Go Select your language 閲覧支援/Languagesを閉じる キーワードから探す ページ番号で探す 検索 ページ番号とは？ 目的別で探す くらし 健康・福祉 子育て・教育 観光・文化・スポーツ しごと・産業 村政 防災情報 各課のご案内 検索を閉じる 文字サイズ 背景色変更 Select Lang
46	28	宜野座村	低所得者の子育て世帯に対する子育て世帯生活支援特別給付金（ひとり親世帯分）について	https://www.vill.ginoza.okinawa.jp/soshiki/1005/5/2/235.html	低所得者の子育て世帯に対する子育て世帯生活支援特別給付金（ひとり親世帯分）について／宜野座村 | 水と緑と太陽の里 スマートフォン版を表示 本文へ 文字サイズ 標準 （初期状態） 標準 に戻す 拡大 （初期状態） 拡大 拡大（最大状態） 背景色変更 黒 背景色を黒色にする 青 背景色を青色にする 標準 背景色を元に戻す Select Language English 中文（繁体） 中文（簡体） Go Select your language 閲覧支援/Languagesを閉じる キーワードから探す ページ番号で探す 検索 ページ番号とは？ 目的別で探す くらし 健康・福祉 子育て・教育 観光・文化・スポーツ しごと・産業 村政 防災情報 各課のご案内 検索を閉じる 文字サイズ 背景色変更 Select Lang
46	26	宜野座村	【ひとり親家庭対象】高等職業訓練促進給付金について	https://www.vill.ginoza.okinawa.jp/kenko-fukushi/fukushi-service/2/640.html	【ひとり親家庭対象】高等職業訓練促進給付金について／宜野座村 | 水と緑と太陽の里 スマートフォン版を表示 本文へ 文字サイズ 標準 （初期状態） 標準 に戻す 拡大 （初期状態） 拡大 拡大（最大状態） 背景色変更 黒 背景色を黒色にする 青 背景色を青色にする 標準 背景色を元に戻す Select Language English 中文（繁体） 中文（簡体） Go Select your language 閲覧支援/Languagesを閉じる キーワードから探す ページ番号で探す 検索 ページ番号とは？ 目的別で探す くらし 健康・福祉 子育て・教育 観光・文化・スポーツ しごと・産業 村政 防災情報 各課のご案内 検索を閉じる 文字サイズ 背景色変更 Select Language English 中文（
46	26	宜野座村	【ひとり親家庭対象】高等職業訓練促進給付金について－ひとり親家庭のパパ・ママを応援します！－	https://www.vill.ginoza.okinawa.jp/kenko-fukushi/fukushi-service/2/641.html	【ひとり親家庭対象】高等職業訓練促進給付金について－ひとり親家庭のパパ・ママを応援します！－／宜野座村 | 水と緑と太陽の里 スマートフォン版を表示 本文へ 文字サイズ 標準 （初期状態） 標準 に戻す 拡大 （初期状態） 拡大 拡大（最大状態） 背景色変更 黒 背景色を黒色にする 青 背景色を青色にする 標準 背景色を元に戻す Select Language English 中文（繁体） 中文（簡体） Go Select your language 閲覧支援/Languagesを閉じる キーワードから探す ページ番号で探す 検索 ページ番号とは？ 目的別で探す くらし 健康・福祉 子育て・教育 観光・文化・スポーツ しごと・産業 村政 防災情報 各課のご案内 検索を閉じる 文字サイズ 背景色変更 Select
46	26	宜野座村	【ひとり親家庭対象】高等職業訓練促進給付金について	https://www.vill.ginoza.okinawa.jp/kosodate-kyoiku/kosodate/1/701.html	【ひとり親家庭対象】高等職業訓練促進給付金について／宜野座村 | 水と緑と太陽の里 スマートフォン版を表示 本文へ 文字サイズ 標準 （初期状態） 標準 に戻す 拡大 （初期状態） 拡大 拡大（最大状態） 背景色変更 黒 背景色を黒色にする 青 背景色を青色にする 標準 背景色を元に戻す Select Language English 中文（繁体） 中文（簡体） Go Select your language 閲覧支援/Languagesを閉じる キーワードから探す ページ番号で探す 検索 ページ番号とは？ 目的別で探す くらし 健康・福祉 子育て・教育 観光・文化・スポーツ しごと・産業 村政 防災情報 各課のご案内 検索を閉じる 文字サイズ 背景色変更 Select Language English 中文（
46	26	宜野座村	【ひとり親家庭対象】高等職業訓練促進給付金について－ひとり親家庭のパパ・ママを応援します！－	https://www.vill.ginoza.okinawa.jp/kosodate-kyoiku/kosodate/1/702.html	【ひとり親家庭対象】高等職業訓練促進給付金について－ひとり親家庭のパパ・ママを応援します！－／宜野座村 | 水と緑と太陽の里 スマートフォン版を表示 本文へ 文字サイズ 標準 （初期状態） 標準 に戻す 拡大 （初期状態） 拡大 拡大（最大状態） 背景色変更 黒 背景色を黒色にする 青 背景色を青色にする 標準 背景色を元に戻す Select Language English 中文（繁体） 中文（簡体） Go Select your language 閲覧支援/Languagesを閉じる キーワードから探す ページ番号で探す 検索 ページ番号とは？ 目的別で探す くらし 健康・福祉 子育て・教育 観光・文化・スポーツ しごと・産業 村政 防災情報 各課のご案内 検索を閉じる 文字サイズ 背景色変更 Select
46	26	宜野座村	【ひとり親家庭対象】高等職業訓練促進給付金について	https://www.vill.ginoza.okinawa.jp/soshiki/1005/5/2/219.html	【ひとり親家庭対象】高等職業訓練促進給付金について／宜野座村 | 水と緑と太陽の里 スマートフォン版を表示 本文へ 文字サイズ 標準 （初期状態） 標準 に戻す 拡大 （初期状態） 拡大 拡大（最大状態） 背景色変更 黒 背景色を黒色にする 青 背景色を青色にする 標準 背景色を元に戻す Select Language English 中文（繁体） 中文（簡体） Go Select your language 閲覧支援/Languagesを閉じる キーワードから探す ページ番号で探す 検索 ページ番号とは？ 目的別で探す くらし 健康・福祉 子育て・教育 観光・文化・スポーツ しごと・産業 村政 防災情報 各課のご案内 検索を閉じる 文字サイズ 背景色変更 Select Language English 中文（
46	26	宜野座村	【ひとり親家庭対象】高等職業訓練促進給付金について－ひとり親家庭のパパ・ママを応援します！－	https://www.vill.ginoza.okinawa.jp/soshiki/1005/5/2/220.html	【ひとり親家庭対象】高等職業訓練促進給付金について－ひとり親家庭のパパ・ママを応援します！－／宜野座村 | 水と緑と太陽の里 スマートフォン版を表示 本文へ 文字サイズ 標準 （初期状態） 標準 に戻す 拡大 （初期状態） 拡大 拡大（最大状態） 背景色変更 黒 背景色を黒色にする 青 背景色を青色にする 標準 背景色を元に戻す Select Language English 中文（繁体） 中文（簡体） Go Select your language 閲覧支援/Languagesを閉じる キーワードから探す ページ番号で探す 検索 ページ番号とは？ 目的別で探す くらし 健康・福祉 子育て・教育 観光・文化・スポーツ しごと・産業 村政 防災情報 各課のご案内 検索を閉じる 文字サイズ 背景色変更 Select
46	22	宜野座村	物価高騰対応重点支援給付金（均等割のみ課税世帯）	https://www.vill.ginoza.okinawa.jp/soshiki/1001/oshirase/977.html	物価高騰対応重点支援給付金（均等割のみ課税世帯）／宜野座村 | 水と緑と太陽の里 スマートフォン版を表示 本文へ 文字サイズ 標準 （初期状態） 標準 に戻す 拡大 （初期状態） 拡大 拡大（最大状態） 背景色変更 黒 背景色を黒色にする 青 背景色を青色にする 標準 背景色を元に戻す Select Language English 中文（繁体） 中文（簡体） Go Select your language 閲覧支援/Languagesを閉じる キーワードから探す ページ番号で探す 検索 ページ番号とは？ 目的別で探す くらし 健康・福祉 子育て・教育 観光・文化・スポーツ しごと・産業 村政 防災情報 各課のご案内 検索を閉じる 文字サイズ 背景色変更 Select Language English 中文（繁
45	24	宜野座村	宜野座村育英資金貸与学生募集及び宜野座村入学支援金受給学生募集について	https://www.vill.ginoza.okinawa.jp/kosodate-kyoiku/gakko/2/613.html	宜野座村育英資金貸与学生募集及び宜野座村入学支援金受給学生募集について／宜野座村 | 水と緑と太陽の里 スマートフォン版を表示 本文へ 文字サイズ 標準 （初期状態） 標準 に戻す 拡大 （初期状態） 拡大 拡大（最大状態） 背景色変更 黒 背景色を黒色にする 青 背景色を青色にする 標準 背景色を元に戻す Select Language English 中文（繁体） 中文（簡体） Go Select your language 閲覧支援/Languagesを閉じる キーワードから探す ページ番号で探す 検索 ページ番号とは？ 目的別で探す くらし 健康・福祉 子育て・教育 観光・文化・スポーツ しごと・産業 村政 防災情報 各課のご案内 検索を閉じる 文字サイズ 背景色変更 Select Language E
44	30	宜野座村	【県融資制度】令和8年台風9号の被災事業者に対する中小企業セーフティーネット資金の適用について	https://www.vill.ginoza.okinawa.jp/soshiki/1008/3/1430.html	【県融資制度】令和8年台風9号の被災事業者に対する中小企業セーフティーネット資金の適用について／宜野座村 | 水と緑と太陽の里 スマートフォン版を表示 本文へ 文字サイズ 標準 （初期状態） 標準 に戻す 拡大 （初期状態） 拡大 拡大（最大状態） 背景色変更 黒 背景色を黒色にする 青 背景色を青色にする 標準 背景色を元に戻す Select Language English 中文（繁体） 中文（簡体） Go Select your language 閲覧支援/Languagesを閉じる キーワードから探す ページ番号で探す 検索 ページ番号とは？ 目的別で探す くらし 健康・福祉 子育て・教育 観光・文化・スポーツ しごと・産業 村政 防災情報 各課のご案内 検索を閉じる 文字サイズ 背景色変更 Selec
44	26	今帰仁村	今帰仁村水道料金（基本料金）の減免について	https://www.nakijin.jp/pagtop/kakuka/3/2/2/5304.html	今帰仁村水道料金（基本料金）の減免について／今帰仁村 スマートフォン版を表示 本文へ移動 文字サイズ 背景色変更 くらし・手続き 子育て・教育 健康・福祉 歴史・観光 事業者の方へ 行政情報 くらし・手続き 子育て・教育 健康・福祉 歴史・観光 事業者の方へ 行政情報 PC版を表示 現在のページ ホーム 今帰仁村役場 各課ご案内（組織から探す） 水道課 くらし・手続き 生活 今帰仁村水道料金（基本料金）の減免について 今帰仁村水道料金（基本料金）の減免について 本村では、村民及び事業者に対し物価高騰による経済的負担を軽減するため、国の「重点支援地方交付金」を活用し、下記のとおり水道料金のうち基本料金を減免します。 更新日：2026年04月03日 生活 ライフシーンから探す 妊娠・出産 子育て 戸籍・証明 税金
43	30	金武町	特別障害者手当・障害児福祉手当	https://www.town.kin.okinawa.jp/iryo_kenko_fukushi/shogaishafukushi/1815.html	特別障害者手当・障害児福祉手当／金武町 Official Site スマートフォン版を表示 本文へ 文字サイズ 背景色変更 Foreign Language 各課のご案内 くらし・手続き くらし・手続き下層 医療・健康・福祉 医療・健康・福祉下層 子育て・教育 子育て・教育下層 文化・観光・スポーツ 文化・観光・スポーツ下層 しごと・産業 しごと・産業下層 行政情報 行政情報下層 くらし・手続き 医療・健康・福祉 子育て・教育 文化・国際交流・スポーツ しごと・産業 行政情報 文字サイズ 背景色変更 Foreign Language 各課のご案内 PC版で見る 閉じる 現在のページ ホーム 医療・健康・福祉 障害者福祉 特別障害者手当・障害児福祉手当 特別障害者手当・障害児福祉手当 Tweet 更新日：2024
43	30	金武町	補助金・助成金	https://www.town.kin.okinawa.jp/iryo_kenko_fukushi/koreishafukushi_kaigo/koreishamukenosuppoort/1/2221.html	補聴器購入費助成／金武町 Official Site スマートフォン版を表示 本文へ 文字サイズ 背景色変更 Foreign Language 各課のご案内 くらし・手続き くらし・手続き下層 医療・健康・福祉 医療・健康・福祉下層 子育て・教育 子育て・教育下層 文化・観光・スポーツ 文化・観光・スポーツ下層 しごと・産業 しごと・産業下層 行政情報 行政情報下層 くらし・手続き 医療・健康・福祉 子育て・教育 文化・国際交流・スポーツ しごと・産業 行政情報 文字サイズ 背景色変更 Foreign Language 各課のご案内 PC版で見る 閉じる 現在のページ ホーム 医療・健康・福祉 高齢者福祉・介護 高齢者向けのサポート 補助金・助成金 補聴器購入費助成 補聴器購入費助成 Tweet 更新日：202
43	30	今帰仁村	【重要】児童手当制度の変更について（拡充内容・手続き方法）	https://www.nakijin.jp/pagtop/kakuka/hukusikodomoka/2/5009.html	【重要】児童手当制度の変更について（拡充内容・手続き方法）／今帰仁村 スマートフォン版を表示 本文へ移動 文字サイズ 背景色変更 くらし・手続き 子育て・教育 健康・福祉 歴史・観光 事業者の方へ 行政情報 くらし・手続き 子育て・教育 健康・福祉 歴史・観光 事業者の方へ 行政情報 PC版を表示 現在のページ ホーム 今帰仁村役場 各課ご案内（組織から探す） 福祉・こども課 福祉・児童家庭係 【重要】児童手当制度の変更について（拡充内容・手続き方法） 【重要】児童手当制度の変更について（拡充内容・手続き方法） 令和6年10月に児童手当法の改正が行われることにより、令和6年10月分(令和6年12月支給分)から児童手当が改正されます。 高校生年代(18歳年度末)以下の児童を養育している方は、申請が必要な場合があり
43	25	今帰仁村	沖縄県雇用継続助成金事業(休業対象期間延長)について（10月27日更新）	https://www.nakijin.jp/pagtop/jigyosha/jigyosha_oshirase/2568.html	沖縄県雇用継続助成金事業(休業対象期間延長)について（10月27日更新）／今帰仁村 スマートフォン版を表示 本文へ移動 文字サイズ 背景色変更 くらし・手続き 子育て・教育 健康・福祉 歴史・観光 事業者の方へ 行政情報 くらし・手続き 子育て・教育 健康・福祉 歴史・観光 事業者の方へ 行政情報 PC版を表示 現在のページ ホーム 今帰仁村役場 事業者の方へ 事業者の方へお知らせ 沖縄県雇用継続助成金事業(休業対象期間延長)について（10月27日更新） 沖縄県雇用継続助成金事業(休業対象期間延長)について（10月27日更新） 沖縄県では、雇用調整助成金等の支給を受けた事業主を対象に、休業手当の一定の割合を上乗せ助成する「沖縄県雇用継続助成金事業」を実施しているところです。 本助成金の休業対象期間を令和3年12
43	23	恩納村	恩納村では、経済的な理由により就学が困難と認められる家庭へ、学用品費等の一部を援助する就学援助制度を実施しています。	https://www.vill.onna.okinawa.jp/topics/1677812353/	令和6年度 就学援助申請受付開始のお知らせ | 新着情報 | 沖縄県恩納村 | 恩（めぐみ）の青 豊かな緑 輝く人々 未来へつなごう恩納村 総合トップ 本文へ 恩(めぐみ)の青 豊かな緑 輝く人々 未来へつなごう恩納村 日本語 English 簡体中文 繁体中文 한국어 サイトマップ よくあるご質問 お問い合わせ アクセシビリティ 総合トップ トップページ 暮らしの情報 恩納村の情報 観光情報 村政情報 防災情報 事業者の方へ ホーム 新着情報 令和6年度 就学援助申請受付開始のお知らせ 令和6年度 就学援助申請受付開始のお知らせ 最終更新日：2024 03 06 恩納村では、経済的な理由により就学が困難と認められる家庭へ、学用品費等の一部を援助する就学援助制度を実施しています。 １．申請期間 令和６年３月１日
43	19	恩納村	低所得の子育て世帯に対する子育て世帯生活支援特別給付金（ひとり親世帯以外分）	https://www.vill.onna.okinawa.jp/topics/1706834863/	令和5年度 低所得の子育て世帯に対する子育て世帯生活支援特別給付金（ひとり親世帯以外分） | 新着情報 | 沖縄県恩納村 | 恩（めぐみ）の青 豊かな緑 輝く人々 未来へつなごう恩納村 総合トップ 本文へ 恩(めぐみ)の青 豊かな緑 輝く人々 未来へつなごう恩納村 日本語 English 簡体中文 繁体中文 한국어 サイトマップ よくあるご質問 お問い合わせ アクセシビリティ 総合トップ トップページ 暮らしの情報 恩納村の情報 観光情報 村政情報 防災情報 事業者の方へ ホーム 新着情報 令和5年度 低所得の子育て世帯に対する子育て世帯生活支援特別給付金（ひとり親世帯以外分） 令和5年度 低所得の子育て世帯に対する子育て世帯生活支援特別給付金（ひとり親世帯以外分） 最終更新日：2024 02 09 低所得の子
43	19	恩納村	【就学援助制度】オンライン学習通信費の項目新設について	https://www.vill.onna.okinawa.jp/topics/1689829300/	【就学援助制度】オンライン学習通信費の項目新設について | 新着情報 | 沖縄県恩納村 | 恩（めぐみ）の青 豊かな緑 輝く人々 未来へつなごう恩納村 総合トップ 本文へ 恩(めぐみ)の青 豊かな緑 輝く人々 未来へつなごう恩納村 日本語 English 簡体中文 繁体中文 한국어 サイトマップ よくあるご質問 お問い合わせ アクセシビリティ 総合トップ トップページ 暮らしの情報 恩納村の情報 観光情報 村政情報 防災情報 事業者の方へ ホーム 新着情報 【就学援助制度】オンライン学習通信費の項目新設について 【就学援助制度】オンライン学習通信費の項目新設について 最終更新日：2023 07 20 詳しくは、以下のリンク先にてご確認ください。 ★ オンライン学習通信費の新設についてのお知らせ 今回新設したオン
43	19	今帰仁村	出産・育児（特別児童扶養手当）	https://www.nakijin.jp/pagtop/kosodate/shussan_fuyoteate/index.html	出産・育児（特別児童扶養手当）／今帰仁村 スマートフォン版を表示 本文へ移動 文字サイズ 背景色変更 くらし・手続き 子育て・教育 健康・福祉 歴史・観光 事業者の方へ 行政情報 くらし・手続き 子育て・教育 健康・福祉 歴史・観光 事業者の方へ 行政情報 PC版を表示 現在のページ ホーム 今帰仁村役場 子育て・教育 出産・育児（特別児童扶養手当） 出産・育児（特別児童扶養手当） 特別児童扶養手当 更新日：2019年05月15日 子育て・教育 ライフシーンから探す 妊娠・出産 子育て 戸籍・証明 税金 引越し ごみ・リサイクル 水道 おくやみ 手続きナビゲーション 〒905-0492 沖縄県国頭郡今帰仁村字仲宗根219番地 電話番号：0980-56-2101（代表） （土曜、日曜、祝日は、閉庁です。） ページ
43	17	恩納村	雇用に関する各種助成金サイトのご案内	https://www.vill.onna.okinawa.jp/topics/1680843564/	雇用に関する各種助成金サイトのご案内 | 新着情報 | 沖縄県恩納村 | 恩（めぐみ）の青 豊かな緑 輝く人々 未来へつなごう恩納村 総合トップ 本文へ 恩(めぐみ)の青 豊かな緑 輝く人々 未来へつなごう恩納村 日本語 English 簡体中文 繁体中文 한국어 サイトマップ よくあるご質問 お問い合わせ アクセシビリティ 総合トップ トップページ 暮らしの情報 恩納村の情報 観光情報 村政情報 防災情報 事業者の方へ ホーム 新着情報 雇用に関する各種助成金サイトのご案内 雇用に関する各種助成金サイトのご案内 最終更新日：2023 04 07 厚生労働省では、人を雇い入れる事業主の方、働く人の能力開発を行う事業主の方、創業や事業拡大を 行う事業主の方、また、雇用調整を行わざるを得ない事業主の方など、新たな雇
41	30	宜野座村	【令和6年9月2日申請受付開始】児童手当制度改正について（令和6年10月分より）	https://www.vill.ginoza.okinawa.jp/kosodate-kyoiku/kosodate/651.html	【令和6年9月2日申請受付開始】児童手当制度改正について（令和6年10月分より）／宜野座村 | 水と緑と太陽の里 スマートフォン版を表示 本文へ 文字サイズ 標準 （初期状態） 標準 に戻す 拡大 （初期状態） 拡大 拡大（最大状態） 背景色変更 黒 背景色を黒色にする 青 背景色を青色にする 標準 背景色を元に戻す Select Language English 中文（繁体） 中文（簡体） Go Select your language 閲覧支援/Languagesを閉じる キーワードから探す ページ番号で探す 検索 ページ番号とは？ 目的別で探す くらし 健康・福祉 子育て・教育 観光・文化・スポーツ しごと・産業 村政 防災情報 各課のご案内 検索を閉じる 文字サイズ 背景色変更 Select Langu
41	30	宜野座村	令和6年度宜野座村若者就業支援事業補助金について	https://www.vill.ginoza.okinawa.jp/shigoto-sangyo/koyo-shuro/526.html	【重複】令和6年度宜野座村若者就業支援事業補助金について／宜野座村 | 水と緑と太陽の里 スマートフォン版を表示 本文へ 文字サイズ 標準 （初期状態） 標準 に戻す 拡大 （初期状態） 拡大 拡大（最大状態） 背景色変更 黒 背景色を黒色にする 青 背景色を青色にする 標準 背景色を元に戻す Select Language English 中文（繁体） 中文（簡体） Go Select your language 閲覧支援/Languagesを閉じる キーワードから探す ページ番号で探す 検索 ページ番号とは？ 目的別で探す くらし 健康・福祉 子育て・教育 観光・文化・スポーツ しごと・産業 村政 防災情報 各課のご案内 検索を閉じる 文字サイズ 背景色変更 Select Language English
41	30	宜野座村	【令和6年度 児童扶養手当・特別児童扶養手当・母子及び父子家庭等医療費助成・現況届の提出について 】	https://www.vill.ginoza.okinawa.jp/kenko-fukushi/fukushi-service/2/653.html	【令和6年度 児童扶養手当・特別児童扶養手当・母子及び父子家庭等医療費助成・現況届の提出について 】／宜野座村 | 水と緑と太陽の里 スマートフォン版を表示 本文へ 文字サイズ 標準 （初期状態） 標準 に戻す 拡大 （初期状態） 拡大 拡大（最大状態） 背景色変更 黒 背景色を黒色にする 青 背景色を青色にする 標準 背景色を元に戻す Select Language English 中文（繁体） 中文（簡体） Go Select your language 閲覧支援/Languagesを閉じる キーワードから探す ページ番号で探す 検索 ページ番号とは？ 目的別で探す くらし 健康・福祉 子育て・教育 観光・文化・スポーツ しごと・産業 村政 防災情報 各課のご案内 検索を閉じる 文字サイズ 背景色変更 Se
41	30	宜野座村	令和5年度 低所得の子育て世帯に対する子育て世帯生活支援特別給付金（ひとり親世帯分）	https://www.vill.ginoza.okinawa.jp/kenko-fukushi/fukushi-service/2/691.html	令和5年度 低所得の子育て世帯に対する子育て世帯生活支援特別給付金（ひとり親世帯分）／宜野座村 | 水と緑と太陽の里 スマートフォン版を表示 本文へ 文字サイズ 標準 （初期状態） 標準 に戻す 拡大 （初期状態） 拡大 拡大（最大状態） 背景色変更 黒 背景色を黒色にする 青 背景色を青色にする 標準 背景色を元に戻す Select Language English 中文（繁体） 中文（簡体） Go Select your language 閲覧支援/Languagesを閉じる キーワードから探す ページ番号で探す 検索 ページ番号とは？ 目的別で探す くらし 健康・福祉 子育て・教育 観光・文化・スポーツ しごと・産業 村政 防災情報 各課のご案内 検索を閉じる 文字サイズ 背景色変更 Select Lan
41	30	宜野座村	「令和4年度村立幼・小・中学校の園児生徒児童の給食費無償化」について	https://www.vill.ginoza.okinawa.jp/kosodate-kyoiku/gakko/1/615.html	「令和4年度村立幼・小・中学校の園児生徒児童の給食費無償化」について／宜野座村 | 水と緑と太陽の里 スマートフォン版を表示 本文へ 文字サイズ 標準 （初期状態） 標準 に戻す 拡大 （初期状態） 拡大 拡大（最大状態） 背景色変更 黒 背景色を黒色にする 青 背景色を青色にする 標準 背景色を元に戻す Select Language English 中文（繁体） 中文（簡体） Go Select your language 閲覧支援/Languagesを閉じる キーワードから探す ページ番号で探す 検索 ページ番号とは？ 目的別で探す くらし 健康・福祉 子育て・教育 観光・文化・スポーツ しごと・産業 村政 防災情報 各課のご案内 検索を閉じる 文字サイズ 背景色変更 Select Language En
41	30	宜野座村	「令和5年度 村立幼小中学校の園児・児童・生徒の給食費無償化」について	https://www.vill.ginoza.okinawa.jp/kosodate-kyoiku/gakko/1/616.html	「令和5年度 村立幼小中学校の園児・児童・生徒の給食費無償化」について／宜野座村 | 水と緑と太陽の里 スマートフォン版を表示 本文へ 文字サイズ 標準 （初期状態） 標準 に戻す 拡大 （初期状態） 拡大 拡大（最大状態） 背景色変更 黒 背景色を黒色にする 青 背景色を青色にする 標準 背景色を元に戻す Select Language English 中文（繁体） 中文（簡体） Go Select your language 閲覧支援/Languagesを閉じる キーワードから探す ページ番号で探す 検索 ページ番号とは？ 目的別で探す くらし 健康・福祉 子育て・教育 観光・文化・スポーツ しごと・産業 村政 防災情報 各課のご案内 検索を閉じる 文字サイズ 背景色変更 Select Language E
41	30	宜野座村	「令和6年度村立幼小中学校の園児・児童・生徒の給食費無償化」について	https://www.vill.ginoza.okinawa.jp/kosodate-kyoiku/gakko/1/617.html	「令和6年度村立幼小中学校の園児・児童・生徒の給食費無償化」について／宜野座村 | 水と緑と太陽の里 スマートフォン版を表示 本文へ 文字サイズ 標準 （初期状態） 標準 に戻す 拡大 （初期状態） 拡大 拡大（最大状態） 背景色変更 黒 背景色を黒色にする 青 背景色を青色にする 標準 背景色を元に戻す Select Language English 中文（繁体） 中文（簡体） Go Select your language 閲覧支援/Languagesを閉じる キーワードから探す ページ番号で探す 検索 ページ番号とは？ 目的別で探す くらし 健康・福祉 子育て・教育 観光・文化・スポーツ しごと・産業 村政 防災情報 各課のご案内 検索を閉じる 文字サイズ 背景色変更 Select Language En
41	30	宜野座村	【令和6年度 児童扶養手当・特別児童扶養手当・母子及び父子家庭等医療費助成・現況届の提出について 】	https://www.vill.ginoza.okinawa.jp/kosodate-kyoiku/kosodate/1/707.html	【令和6年度 児童扶養手当・特別児童扶養手当・母子及び父子家庭等医療費助成・現況届の提出について 】／宜野座村 | 水と緑と太陽の里 スマートフォン版を表示 本文へ 文字サイズ 標準 （初期状態） 標準 に戻す 拡大 （初期状態） 拡大 拡大（最大状態） 背景色変更 黒 背景色を黒色にする 青 背景色を青色にする 標準 背景色を元に戻す Select Language English 中文（繁体） 中文（簡体） Go Select your language 閲覧支援/Languagesを閉じる キーワードから探す ページ番号で探す 検索 ページ番号とは？ 目的別で探す くらし 健康・福祉 子育て・教育 観光・文化・スポーツ しごと・産業 村政 防災情報 各課のご案内 検索を閉じる 文字サイズ 背景色変更 Se
41	30	宜野座村	令和5年度 低所得の子育て世帯に対する子育て世帯生活支援特別給付金（ひとり親世帯分）	https://www.vill.ginoza.okinawa.jp/kosodate-kyoiku/kosodate/1/712.html	令和5年度 低所得の子育て世帯に対する子育て世帯生活支援特別給付金（ひとり親世帯分）／宜野座村 | 水と緑と太陽の里 スマートフォン版を表示 本文へ 文字サイズ 標準 （初期状態） 標準 に戻す 拡大 （初期状態） 拡大 拡大（最大状態） 背景色変更 黒 背景色を黒色にする 青 背景色を青色にする 標準 背景色を元に戻す Select Language English 中文（繁体） 中文（簡体） Go Select your language 閲覧支援/Languagesを閉じる キーワードから探す ページ番号で探す 検索 ページ番号とは？ 目的別で探す くらし 健康・福祉 子育て・教育 観光・文化・スポーツ しごと・産業 村政 防災情報 各課のご案内 検索を閉じる 文字サイズ 背景色変更 Select Lan
41	30	宜野座村	「令和4年度村立幼・小・中学校の園児生徒児童の給食費無償化」について	https://www.vill.ginoza.okinawa.jp/kosodate-kyoiku/yochien-hoikuen/1/802.html	「令和4年度村立幼・小・中学校の園児生徒児童の給食費無償化」について／宜野座村 | 水と緑と太陽の里 スマートフォン版を表示 本文へ 文字サイズ 標準 （初期状態） 標準 に戻す 拡大 （初期状態） 拡大 拡大（最大状態） 背景色変更 黒 背景色を黒色にする 青 背景色を青色にする 標準 背景色を元に戻す Select Language English 中文（繁体） 中文（簡体） Go Select your language 閲覧支援/Languagesを閉じる キーワードから探す ページ番号で探す 検索 ページ番号とは？ 目的別で探す くらし 健康・福祉 子育て・教育 観光・文化・スポーツ しごと・産業 村政 防災情報 各課のご案内 検索を閉じる 文字サイズ 背景色変更 Select Language En
41	30	宜野座村	「令和5年度 村立幼小中学校の園児・児童・生徒の給食費無償化」について	https://www.vill.ginoza.okinawa.jp/kosodate-kyoiku/yochien-hoikuen/1/803.html	「令和5年度 村立幼小中学校の園児・児童・生徒の給食費無償化」について／宜野座村 | 水と緑と太陽の里 スマートフォン版を表示 本文へ 文字サイズ 標準 （初期状態） 標準 に戻す 拡大 （初期状態） 拡大 拡大（最大状態） 背景色変更 黒 背景色を黒色にする 青 背景色を青色にする 標準 背景色を元に戻す Select Language English 中文（繁体） 中文（簡体） Go Select your language 閲覧支援/Languagesを閉じる キーワードから探す ページ番号で探す 検索 ページ番号とは？ 目的別で探す くらし 健康・福祉 子育て・教育 観光・文化・スポーツ しごと・産業 村政 防災情報 各課のご案内 検索を閉じる 文字サイズ 背景色変更 Select Language E
41	30	宜野座村	「令和6年度村立幼小中学校の園児・児童・生徒の給食費無償化」について	https://www.vill.ginoza.okinawa.jp/kosodate-kyoiku/yochien-hoikuen/1/804.html	「令和6年度村立幼小中学校の園児・児童・生徒の給食費無償化」について／宜野座村 | 水と緑と太陽の里 スマートフォン版を表示 本文へ 文字サイズ 標準 （初期状態） 標準 に戻す 拡大 （初期状態） 拡大 拡大（最大状態） 背景色変更 黒 背景色を黒色にする 青 背景色を青色にする 標準 背景色を元に戻す Select Language English 中文（繁体） 中文（簡体） Go Select your language 閲覧支援/Languagesを閉じる キーワードから探す ページ番号で探す 検索 ページ番号とは？ 目的別で探す くらし 健康・福祉 子育て・教育 観光・文化・スポーツ しごと・産業 村政 防災情報 各課のご案内 検索を閉じる 文字サイズ 背景色変更 Select Language En
41	30	宜野座村	令和5年度 低所得の子育て世帯に対する子育て世帯生活支援特別給付金（ひとり親世帯分）	https://www.vill.ginoza.okinawa.jp/soshiki/1005/5/2/161.html	令和5年度 低所得の子育て世帯に対する子育て世帯生活支援特別給付金（ひとり親世帯分）／宜野座村 | 水と緑と太陽の里 スマートフォン版を表示 本文へ 文字サイズ 標準 （初期状態） 標準 に戻す 拡大 （初期状態） 拡大 拡大（最大状態） 背景色変更 黒 背景色を黒色にする 青 背景色を青色にする 標準 背景色を元に戻す Select Language English 中文（繁体） 中文（簡体） Go Select your language 閲覧支援/Languagesを閉じる キーワードから探す ページ番号で探す 検索 ページ番号とは？ 目的別で探す くらし 健康・福祉 子育て・教育 観光・文化・スポーツ しごと・産業 村政 防災情報 各課のご案内 検索を閉じる 文字サイズ 背景色変更 Select Lan
41	30	宜野座村	【令和6年度 児童扶養手当・特別児童扶養手当・母子及び父子家庭等医療費助成・現況届の提出について 】	https://www.vill.ginoza.okinawa.jp/soshiki/1005/5/2/213.html	【令和6年度 児童扶養手当・特別児童扶養手当・母子及び父子家庭等医療費助成・現況届の提出について 】／宜野座村 | 水と緑と太陽の里 スマートフォン版を表示 本文へ 文字サイズ 標準 （初期状態） 標準 に戻す 拡大 （初期状態） 拡大 拡大（最大状態） 背景色変更 黒 背景色を黒色にする 青 背景色を青色にする 標準 背景色を元に戻す Select Language English 中文（繁体） 中文（簡体） Go Select your language 閲覧支援/Languagesを閉じる キーワードから探す ページ番号で探す 検索 ページ番号とは？ 目的別で探す くらし 健康・福祉 子育て・教育 観光・文化・スポーツ しごと・産業 村政 防災情報 各課のご案内 検索を閉じる 文字サイズ 背景色変更 Se
41	30	宜野座村	令和6年度宜野座村若者就業支援事業補助金について	https://www.vill.ginoza.okinawa.jp/soshiki/1008/4/337.html	【重複】令和6年度宜野座村若者就業支援事業補助金について／宜野座村 | 水と緑と太陽の里 スマートフォン版を表示 本文へ 文字サイズ 標準 （初期状態） 標準 に戻す 拡大 （初期状態） 拡大 拡大（最大状態） 背景色変更 黒 背景色を黒色にする 青 背景色を青色にする 標準 背景色を元に戻す Select Language English 中文（繁体） 中文（簡体） Go Select your language 閲覧支援/Languagesを閉じる キーワードから探す ページ番号で探す 検索 ページ番号とは？ 目的別で探す くらし 健康・福祉 子育て・教育 観光・文化・スポーツ しごと・産業 村政 防災情報 各課のご案内 検索を閉じる 文字サイズ 背景色変更 Select Language English
41	30	宜野座村	「令和4年度村立幼・小・中学校の園児生徒児童の給食費無償化」について	https://www.vill.ginoza.okinawa.jp/soshiki/1009/3/262.html	「令和4年度村立幼・小・中学校の園児生徒児童の給食費無償化」について／宜野座村 | 水と緑と太陽の里 スマートフォン版を表示 本文へ 文字サイズ 標準 （初期状態） 標準 に戻す 拡大 （初期状態） 拡大 拡大（最大状態） 背景色変更 黒 背景色を黒色にする 青 背景色を青色にする 標準 背景色を元に戻す Select Language English 中文（繁体） 中文（簡体） Go Select your language 閲覧支援/Languagesを閉じる キーワードから探す ページ番号で探す 検索 ページ番号とは？ 目的別で探す くらし 健康・福祉 子育て・教育 観光・文化・スポーツ しごと・産業 村政 防災情報 各課のご案内 検索を閉じる 文字サイズ 背景色変更 Select Language En
41	30	宜野座村	「令和5年度 村立幼小中学校の園児・児童・生徒の給食費無償化」について	https://www.vill.ginoza.okinawa.jp/soshiki/1009/3/314.html	「令和5年度 村立幼小中学校の園児・児童・生徒の給食費無償化」について／宜野座村 | 水と緑と太陽の里 スマートフォン版を表示 本文へ 文字サイズ 標準 （初期状態） 標準 に戻す 拡大 （初期状態） 拡大 拡大（最大状態） 背景色変更 黒 背景色を黒色にする 青 背景色を青色にする 標準 背景色を元に戻す Select Language English 中文（繁体） 中文（簡体） Go Select your language 閲覧支援/Languagesを閉じる キーワードから探す ページ番号で探す 検索 ページ番号とは？ 目的別で探す くらし 健康・福祉 子育て・教育 観光・文化・スポーツ しごと・産業 村政 防災情報 各課のご案内 検索を閉じる 文字サイズ 背景色変更 Select Language E
41	30	宜野座村	「令和6年度村立幼小中学校の園児・児童・生徒の給食費無償化」について	https://www.vill.ginoza.okinawa.jp/soshiki/1009/3/316.html	「令和6年度村立幼小中学校の園児・児童・生徒の給食費無償化」について／宜野座村 | 水と緑と太陽の里 スマートフォン版を表示 本文へ 文字サイズ 標準 （初期状態） 標準 に戻す 拡大 （初期状態） 拡大 拡大（最大状態） 背景色変更 黒 背景色を黒色にする 青 背景色を青色にする 標準 背景色を元に戻す Select Language English 中文（繁体） 中文（簡体） Go Select your language 閲覧支援/Languagesを閉じる キーワードから探す ページ番号で探す 検索 ページ番号とは？ 目的別で探す くらし 健康・福祉 子育て・教育 観光・文化・スポーツ しごと・産業 村政 防災情報 各課のご案内 検索を閉じる 文字サイズ 背景色変更 Select Language En
41	28	宜野座村	手続きはお済みですか？【令和6年度 物価高騰対応 非課税世帯支援給付金のご案内】	https://www.vill.ginoza.okinawa.jp/soshiki/1005/oshirase/1145.html	手続きはお済みですか？【令和6年度 物価高騰対応 非課税世帯支援給付金のご案内】／宜野座村 | 水と緑と太陽の里 スマートフォン版を表示 本文へ 文字サイズ 標準 （初期状態） 標準 に戻す 拡大 （初期状態） 拡大 拡大（最大状態） 背景色変更 黒 背景色を黒色にする 青 背景色を青色にする 標準 背景色を元に戻す Select Language English 中文（繁体） 中文（簡体） Go Select your language 閲覧支援/Languagesを閉じる キーワードから探す ページ番号で探す 検索 ページ番号とは？ 目的別で探す くらし 健康・福祉 子育て・教育 観光・文化・スポーツ しごと・産業 村政 防災情報 各課のご案内 検索を閉じる 文字サイズ 背景色変更 Select Langu
40	42	宜野座村	令和8年度 就学援助に関する申請及び受付開始のお知らせ	https://www.vill.ginoza.okinawa.jp/kyoiku/gakko/1339.html	令和8年度 就学援助に関する申請及び受付開始のお知らせ／宜野座村 | 水と緑と太陽の里 スマートフォン版を表示 本文へ 文字サイズ 標準 （初期状態） 標準 に戻す 拡大 （初期状態） 拡大 拡大（最大状態） 背景色変更 黒 背景色を黒色にする 青 背景色を青色にする 標準 背景色を元に戻す Select Language English 中文（繁体） 中文（簡体） Go Select your language menu close 文字サイズ 背景色変更 Select Language English 中文（繁体） 中文（簡体） Go Select your language PC版を見る 閉じる 現在のページ ホーム 教育委員会 学校教育 令和8年度 就学援助に関する申請及び受付開始のお知らせ 令和8年度
40	30	宜野座村	国民健康保険「傷病手当金」について	https://www.vill.ginoza.okinawa.jp/kenko-fukushi/kokuminkenkohoken/666.html	国民健康保険「傷病手当金」について／宜野座村 | 水と緑と太陽の里 スマートフォン版を表示 本文へ 文字サイズ 標準 （初期状態） 標準 に戻す 拡大 （初期状態） 拡大 拡大（最大状態） 背景色変更 黒 背景色を黒色にする 青 背景色を青色にする 標準 背景色を元に戻す Select Language English 中文（繁体） 中文（簡体） Go Select your language 閲覧支援/Languagesを閉じる キーワードから探す ページ番号で探す 検索 ページ番号とは？ 目的別で探す くらし 健康・福祉 子育て・教育 観光・文化・スポーツ しごと・産業 村政 防災情報 各課のご案内 検索を閉じる 文字サイズ 背景色変更 Select Language English 中文（繁体） 中文（簡
40	30	宜野座村	国民健康保険「傷病手当金」について	https://www.vill.ginoza.okinawa.jp/soshiki/1005/6/276.html	国民健康保険「傷病手当金」について／宜野座村 | 水と緑と太陽の里 スマートフォン版を表示 本文へ 文字サイズ 標準 （初期状態） 標準 に戻す 拡大 （初期状態） 拡大 拡大（最大状態） 背景色変更 黒 背景色を黒色にする 青 背景色を青色にする 標準 背景色を元に戻す Select Language English 中文（繁体） 中文（簡体） Go Select your language 閲覧支援/Languagesを閉じる キーワードから探す ページ番号で探す 検索 ページ番号とは？ 目的別で探す くらし 健康・福祉 子育て・教育 観光・文化・スポーツ しごと・産業 村政 防災情報 各課のご案内 検索を閉じる 文字サイズ 背景色変更 Select Language English 中文（繁体） 中文（簡
40	30	宜野座村	令和8年度 就学援助に関する申請及び受付開始のお知らせ	https://www.vill.ginoza.okinawa.jp/soshiki/1009/3/1340.html	令和8年度 就学援助に関する申請及び受付開始のお知らせ／宜野座村 | 水と緑と太陽の里 スマートフォン版を表示 本文へ 文字サイズ 標準 （初期状態） 標準 に戻す 拡大 （初期状態） 拡大 拡大（最大状態） 背景色変更 黒 背景色を黒色にする 青 背景色を青色にする 標準 背景色を元に戻す Select Language English 中文（繁体） 中文（簡体） Go Select your language 閲覧支援/Languagesを閉じる キーワードから探す ページ番号で探す 検索 ページ番号とは？ 目的別で探す くらし 健康・福祉 子育て・教育 観光・文化・スポーツ しごと・産業 村政 防災情報 各課のご案内 検索を閉じる 文字サイズ 背景色変更 Select Language English 中
40	22	宜野座村	物価高騰対応重点支援給付金（こども加算）	https://www.vill.ginoza.okinawa.jp/soshiki/1001/oshirase/976.html	物価高騰対応重点支援給付金（こども加算）／宜野座村 | 水と緑と太陽の里 スマートフォン版を表示 本文へ 文字サイズ 標準 （初期状態） 標準 に戻す 拡大 （初期状態） 拡大 拡大（最大状態） 背景色変更 黒 背景色を黒色にする 青 背景色を青色にする 標準 背景色を元に戻す Select Language English 中文（繁体） 中文（簡体） Go Select your language 閲覧支援/Languagesを閉じる キーワードから探す ページ番号で探す 検索 ページ番号とは？ 目的別で探す くらし 健康・福祉 子育て・教育 観光・文化・スポーツ しごと・産業 村政 防災情報 各課のご案内 検索を閉じる 文字サイズ 背景色変更 Select Language English 中文（繁体） 中
40	20	宜野座村	高等職業訓練促進給付金等事業について	https://www.vill.ginoza.okinawa.jp/kenko-fukushi/fukushi-service/2/665.html	高等職業訓練促進給付金等事業について／宜野座村 | 水と緑と太陽の里 スマートフォン版を表示 本文へ 文字サイズ 標準 （初期状態） 標準 に戻す 拡大 （初期状態） 拡大 拡大（最大状態） 背景色変更 黒 背景色を黒色にする 青 背景色を青色にする 標準 背景色を元に戻す Select Language English 中文（繁体） 中文（簡体） Go Select your language 閲覧支援/Languagesを閉じる キーワードから探す ページ番号で探す 検索 ページ番号とは？ 目的別で探す くらし 健康・福祉 子育て・教育 観光・文化・スポーツ しごと・産業 村政 防災情報 各課のご案内 検索を閉じる 文字サイズ 背景色変更 Select Language English 中文（繁体） 中文（
40	20	宜野座村	高等職業訓練促進給付金等事業について	https://www.vill.ginoza.okinawa.jp/kosodate-kyoiku/kosodate/1/709.html	高等職業訓練促進給付金等事業について／宜野座村 | 水と緑と太陽の里 スマートフォン版を表示 本文へ 文字サイズ 標準 （初期状態） 標準 に戻す 拡大 （初期状態） 拡大 拡大（最大状態） 背景色変更 黒 背景色を黒色にする 青 背景色を青色にする 標準 背景色を元に戻す Select Language English 中文（繁体） 中文（簡体） Go Select your language 閲覧支援/Languagesを閉じる キーワードから探す ページ番号で探す 検索 ページ番号とは？ 目的別で探す くらし 健康・福祉 子育て・教育 観光・文化・スポーツ しごと・産業 村政 防災情報 各課のご案内 検索を閉じる 文字サイズ 背景色変更 Select Language English 中文（繁体） 中文（
40	20	宜野座村	高等職業訓練促進給付金等事業について	https://www.vill.ginoza.okinawa.jp/soshiki/1005/5/2/274.html	高等職業訓練促進給付金等事業について／宜野座村 | 水と緑と太陽の里 スマートフォン版を表示 本文へ 文字サイズ 標準 （初期状態） 標準 に戻す 拡大 （初期状態） 拡大 拡大（最大状態） 背景色変更 黒 背景色を黒色にする 青 背景色を青色にする 標準 背景色を元に戻す Select Language English 中文（繁体） 中文（簡体） Go Select your language 閲覧支援/Languagesを閉じる キーワードから探す ページ番号で探す 検索 ページ番号とは？ 目的別で探す くらし 健康・福祉 子育て・教育 観光・文化・スポーツ しごと・産業 村政 防災情報 各課のご案内 検索を閉じる 文字サイズ 背景色変更 Select Language English 中文（繁体） 中文（
39	20	恩納村	沖縄県建設業経営力強化支援事業	https://www.vill.onna.okinawa.jp/topics/1715043842/	沖縄県建設業経営力強化支援事業 無料相談窓口設置について | 新着情報 | 沖縄県恩納村 | 恩（めぐみ）の青 豊かな緑 輝く人々 未来へつなごう恩納村 総合トップ 本文へ 恩(めぐみ)の青 豊かな緑 輝く人々 未来へつなごう恩納村 日本語 English 簡体中文 繁体中文 한국어 サイトマップ よくあるご質問 お問い合わせ アクセシビリティ 総合トップ トップページ 暮らしの情報 恩納村の情報 観光情報 村政情報 防災情報 事業者の方へ ホーム 新着情報 沖縄県建設業経営力強化支援事業 無料相談窓口設置について 沖縄県建設業経営力強化支援事業 無料相談窓口設置について 最終更新日：2024 05 14 沖縄県では、県内建設業者のみなさまの様々な経営課題に対して無料で相談しています。経営基盤の 強化や組織体制
38	30	金武町	【令和8年度】家事用水道料金の基本料金減免について	https://www.town.kin.okinawa.jp/kurashi_tetsuzuki/jogesuido/1762.html	【令和8年度】家事用水道料金の基本料金減免について／金武町 Official Site スマートフォン版を表示 本文へ 文字サイズ 背景色変更 Foreign Language 各課のご案内 くらし・手続き くらし・手続き下層 医療・健康・福祉 医療・健康・福祉下層 子育て・教育 子育て・教育下層 文化・観光・スポーツ 文化・観光・スポーツ下層 しごと・産業 しごと・産業下層 行政情報 行政情報下層 くらし・手続き 医療・健康・福祉 子育て・教育 文化・国際交流・スポーツ しごと・産業 行政情報 文字サイズ 背景色変更 Foreign Language 各課のご案内 PC版で見る 閉じる 現在のページ ホーム くらし・手続き・手数料 上下水道 【令和8年度】家事用水道料金の基本料金減免について 【令和8年度】家
38	30	金武町	補助金・助成金	https://www.town.kin.okinawa.jp/iryo_kenko_fukushi/koreishafukushi_kaigo/koreishamukenosuppoort/1/2222.html	運動施設利用料助成（フィットネス）／金武町 Official Site スマートフォン版を表示 本文へ 文字サイズ 背景色変更 Foreign Language 各課のご案内 くらし・手続き くらし・手続き下層 医療・健康・福祉 医療・健康・福祉下層 子育て・教育 子育て・教育下層 文化・観光・スポーツ 文化・観光・スポーツ下層 しごと・産業 しごと・産業下層 行政情報 行政情報下層 くらし・手続き 医療・健康・福祉 子育て・教育 文化・国際交流・スポーツ しごと・産業 行政情報 文字サイズ 背景色変更 Foreign Language 各課のご案内 PC版で見る 閉じる 現在のページ ホーム 医療・健康・福祉 高齢者福祉・介護 高齢者向けのサポート 補助金・助成金 運動施設利用料助成（フィットネス） 運動施設
38	30	金武町	おむつ助成事業（福祉医療助成金支給事業）	https://www.town.kin.okinawa.jp/iryo_kenko_fukushi/koreishafukushi_kaigo/koureisya-sa-bisu/2248.html	おむつ助成事業（福祉医療助成金支給事業）／金武町 Official Site スマートフォン版を表示 本文へ 文字サイズ 背景色変更 Foreign Language 各課のご案内 くらし・手続き くらし・手続き下層 医療・健康・福祉 医療・健康・福祉下層 子育て・教育 子育て・教育下層 文化・観光・スポーツ 文化・観光・スポーツ下層 しごと・産業 しごと・産業下層 行政情報 行政情報下層 くらし・手続き 医療・健康・福祉 子育て・教育 文化・国際交流・スポーツ しごと・産業 行政情報 文字サイズ 背景色変更 Foreign Language 各課のご案内 PC版で見る 閉じる 現在のページ ホーム 医療・健康・福祉 高齢者福祉・介護 高齢者福祉サービス おむつ助成事業（福祉医療助成金支給事業） おむつ助成事業
38	30	今帰仁村	特別障害者手当及び障害児福祉手当	https://www.nakijin.jp/pagtop/kakuka/hukusikodomoka/2/4/1205.html	特別障害者手当及び障害児福祉手当／今帰仁村 スマートフォン版を表示 本文へ移動 文字サイズ 背景色変更 くらし・手続き 子育て・教育 健康・福祉 歴史・観光 事業者の方へ 行政情報 くらし・手続き 子育て・教育 健康・福祉 歴史・観光 事業者の方へ 行政情報 PC版を表示 現在のページ ホーム 今帰仁村役場 各課ご案内（組織から探す） 福祉・こども課 福祉・児童家庭係 障害者福祉 特別障害者手当及び障害児福祉手当 特別障害者手当及び障害児福祉手当 特別障害者手当 日常生活において常時特別の介護を必要とする在宅重度障がい者で、20歳以上の方に支給されます。次の1～7の障がいが2つ以上あるか、それと同程度以上の状態である方が対象です。 【障がいの範囲と程度】 1 両眼の視力の和が0.04以下のもの（矯正視力による）
38	30	今帰仁村	今帰仁村子どもの居場所づくり運営支援事業補助金	https://www.nakijin.jp/pagtop/kakuka/hukusikodomoka/3_1/5277.html	今帰仁村子どもの居場所づくり運営支援事業補助金／今帰仁村 スマートフォン版を表示 本文へ移動 文字サイズ 背景色変更 くらし・手続き 子育て・教育 健康・福祉 歴史・観光 事業者の方へ 行政情報 くらし・手続き 子育て・教育 健康・福祉 歴史・観光 事業者の方へ 行政情報 PC版を表示 現在のページ ホーム 今帰仁村役場 各課ご案内（組織から探す） 福祉・こども課 こども未来係、こども園・保育所係 今帰仁村子どもの居場所づくり運営支援事業補助金 今帰仁村子どもの居場所づくり運営支援事業補助金 子どもが安心して過ごせる居場所を確保するとともに、食事の提供、生活指導、学習支援及びキャリア形成支援等を推進し、自治会等地域団体との連携による多面的な居場所づくりを支援するため、子どもの居場所づくりを運営する または運営を
38	28	恩納村	特別児童扶養手当について	https://www.vill.onna.okinawa.jp/living/welfare/1700639481/	特別児童扶養手当について | 沖縄県恩納村 | 恩（めぐみ）の青 豊かな緑 輝く人々 未来へつなごう恩納村 総合トップ 本文へ 恩(めぐみ)の青 豊かな緑 輝く人々 未来へつなごう恩納村 日本語 English 簡体中文 繁体中文 한국어 サイトマップ よくあるご質問 お問い合わせ アクセシビリティ 総合トップ トップページ 暮らしの情報 恩納村の情報 観光情報 村政情報 防災情報 事業者の方へ ホーム 暮らしの情報 障がい・福祉 特別児童扶養手当について 特別児童扶養手当について 特別児童扶養手当とは ２０歳未満の身体や精神に障害がある児童を養育する父母または養育者に対し、児童福祉の増進を図ることを目的とし支給される手当です。 受給資格者 ２０歳未満で、法令に定める程度の障害の状態にある児童を養育する父母また
38	20	宜野座村	宜野座村資源ごみ回収等作業車両購入について（令和7年度特定防衛施設周辺整備調整交付金事業）	https://www.vill.ginoza.okinawa.jp/soshiki/1001/oshirase/1350.html	宜野座村資源ごみ回収等作業車両購入について（令和7年度特定防衛施設周辺整備調整交付金事業）／宜野座村 | 水と緑と太陽の里 スマートフォン版を表示 本文へ 文字サイズ 標準 （初期状態） 標準 に戻す 拡大 （初期状態） 拡大 拡大（最大状態） 背景色変更 黒 背景色を黒色にする 青 背景色を青色にする 標準 背景色を元に戻す Select Language English 中文（繁体） 中文（簡体） Go Select your language 閲覧支援/Languagesを閉じる キーワードから探す ページ番号で探す 検索 ページ番号とは？ 目的別で探す くらし 健康・福祉 子育て・教育 観光・文化・スポーツ しごと・産業 村政 防災情報 各課のご案内 検索を閉じる 文字サイズ 背景色変更 Select
38	20	金武町	補助金・助成金	https://www.town.kin.okinawa.jp/iryo_kenko_fukushi/koreishafukushi_kaigo/koreishamukenosuppoort/1/index.html	補助金・助成金／金武町 Official Site スマートフォン版を表示 本文へ 文字サイズ 背景色変更 Foreign Language 各課のご案内 くらし・手続き くらし・手続き下層 医療・健康・福祉 医療・健康・福祉下層 子育て・教育 子育て・教育下層 文化・観光・スポーツ 文化・観光・スポーツ下層 しごと・産業 しごと・産業下層 行政情報 行政情報下層 くらし・手続き 医療・健康・福祉 子育て・教育 文化・国際交流・スポーツ しごと・産業 行政情報 文字サイズ 背景色変更 Foreign Language 各課のご案内 PC版で見る 閉じる 現在のページ ホーム 医療・健康・福祉 高齢者福祉・介護 高齢者向けのサポート 補助金・助成金 補助金・助成金 補聴器購入費助成 運動施設利用料助成（フィットネ
38	20	金武町	補助金・助成金	https://www.town.kin.okinawa.jp/iryo_kenko_fukushi/shogaishafukushi/shogaijimukenosuppoort/1/index.html	補助金・助成金／金武町 Official Site スマートフォン版を表示 本文へ 文字サイズ 背景色変更 Foreign Language 各課のご案内 くらし・手続き くらし・手続き下層 医療・健康・福祉 医療・健康・福祉下層 子育て・教育 子育て・教育下層 文化・観光・スポーツ 文化・観光・スポーツ下層 しごと・産業 しごと・産業下層 行政情報 行政情報下層 くらし・手続き 医療・健康・福祉 子育て・教育 文化・国際交流・スポーツ しごと・産業 行政情報 文字サイズ 背景色変更 Foreign Language 各課のご案内 PC版で見る 閉じる 現在のページ ホーム 医療・健康・福祉 障害者福祉 障害児向けのサポート 補助金・助成金 補助金・助成金 障害児向けのサポート ページの先頭へ 金武町 Kin
38	20	金武町	補助金・助成金	https://www.town.kin.okinawa.jp/iryo_kenko_fukushi/shogaishafukushi/shogaishamukenosuppoort/1/index.html	補助金・助成金／金武町 Official Site スマートフォン版を表示 本文へ 文字サイズ 背景色変更 Foreign Language 各課のご案内 くらし・手続き くらし・手続き下層 医療・健康・福祉 医療・健康・福祉下層 子育て・教育 子育て・教育下層 文化・観光・スポーツ 文化・観光・スポーツ下層 しごと・産業 しごと・産業下層 行政情報 行政情報下層 くらし・手続き 医療・健康・福祉 子育て・教育 文化・国際交流・スポーツ しごと・産業 行政情報 文字サイズ 背景色変更 Foreign Language 各課のご案内 PC版で見る 閉じる 現在のページ ホーム 医療・健康・福祉 障害者福祉 障害者向けのサポート 補助金・助成金 補助金・助成金 障害者向けのサポート ページの先頭へ 金武町 Kin
38	20	金武町	補助金・助成金	https://www.town.kin.okinawa.jp/kosodate_kyoiku/jidofukushi_hitorishinfukushi/hitorishinkateimukenosuppoort/1/index.html	補助金・助成金／金武町 Official Site スマートフォン版を表示 本文へ 文字サイズ 背景色変更 Foreign Language 各課のご案内 くらし・手続き くらし・手続き下層 医療・健康・福祉 医療・健康・福祉下層 子育て・教育 子育て・教育下層 文化・観光・スポーツ 文化・観光・スポーツ下層 しごと・産業 しごと・産業下層 行政情報 行政情報下層 くらし・手続き 医療・健康・福祉 子育て・教育 文化・国際交流・スポーツ しごと・産業 行政情報 文字サイズ 背景色変更 Foreign Language 各課のご案内 PC版で見る 閉じる 現在のページ ホーム 子育て・教育 児童福祉・ひとり親福祉 ひとり親家庭向けのサポート 補助金・助成金 補助金・助成金 ひとり親家庭向けのサポート ページの先頭
38	20	金武町	補助金・助成金	https://www.town.kin.okinawa.jp/kosodate_kyoiku/jidofukushi_hitorishinfukushi/shogaijimukenosuppoort/1/index.html	補助金・助成金／金武町 Official Site スマートフォン版を表示 本文へ 文字サイズ 背景色変更 Foreign Language 各課のご案内 くらし・手続き くらし・手続き下層 医療・健康・福祉 医療・健康・福祉下層 子育て・教育 子育て・教育下層 文化・観光・スポーツ 文化・観光・スポーツ下層 しごと・産業 しごと・産業下層 行政情報 行政情報下層 くらし・手続き 医療・健康・福祉 子育て・教育 文化・国際交流・スポーツ しごと・産業 行政情報 文字サイズ 背景色変更 Foreign Language 各課のご案内 PC版で見る 閉じる 現在のページ ホーム 子育て・教育 児童福祉・ひとり親福祉 障害児向けのサポート 補助金・助成金 補助金・助成金 障害児向けのサポート ページの先頭へ 金武町
36	30	宜野座村	重度心身障害者（障害児）医療費助成制度について	https://www.vill.ginoza.okinawa.jp/kenko-fukushi/fukushi-service/1/670.html	重度心身障害者（障害児）医療費助成制度について／宜野座村 | 水と緑と太陽の里 スマートフォン版を表示 本文へ 文字サイズ 標準 （初期状態） 標準 に戻す 拡大 （初期状態） 拡大 拡大（最大状態） 背景色変更 黒 背景色を黒色にする 青 背景色を青色にする 標準 背景色を元に戻す Select Language English 中文（繁体） 中文（簡体） Go Select your language 閲覧支援/Languagesを閉じる キーワードから探す ページ番号で探す 検索 ページ番号とは？ 目的別で探す くらし 健康・福祉 子育て・教育 観光・文化・スポーツ しごと・産業 村政 防災情報 各課のご案内 検索を閉じる 文字サイズ 背景色変更 Select Language English 中文（繁体
36	30	宜野座村	重度心身障害者（障害児）医療費助成制度について	https://www.vill.ginoza.okinawa.jp/soshiki/1005/5/1/143.html	重度心身障害者（障害児）医療費助成制度について／宜野座村 | 水と緑と太陽の里 スマートフォン版を表示 本文へ 文字サイズ 標準 （初期状態） 標準 に戻す 拡大 （初期状態） 拡大 拡大（最大状態） 背景色変更 黒 背景色を黒色にする 青 背景色を青色にする 標準 背景色を元に戻す Select Language English 中文（繁体） 中文（簡体） Go Select your language 閲覧支援/Languagesを閉じる キーワードから探す ページ番号で探す 検索 ページ番号とは？ 目的別で探す くらし 健康・福祉 子育て・教育 観光・文化・スポーツ しごと・産業 村政 防災情報 各課のご案内 検索を閉じる 文字サイズ 背景色変更 Select Language English 中文（繁体
36	30	今帰仁村	今帰仁村こども医療費助成制度について	https://www.nakijin.jp/pagtop/kakuka/hukusikodomoka/2/4_1/2/576.html	今帰仁村こども医療費助成制度について／今帰仁村 スマートフォン版を表示 本文へ移動 文字サイズ 背景色変更 くらし・手続き 子育て・教育 健康・福祉 歴史・観光 事業者の方へ 行政情報 くらし・手続き 子育て・教育 健康・福祉 歴史・観光 事業者の方へ 行政情報 PC版を表示 現在のページ ホーム 今帰仁村役場 各課ご案内（組織から探す） 福祉・こども課 福祉・児童家庭係 子育て・教育 今帰仁村こども医療費助成制度について 今帰仁村こども医療費助成制度について 今帰仁村こども医療費助成制度について こども医療費助成事業 こども医療費助成制度は、こどもの保健の向上を図り、健やかな育成に寄与することを目的に、保護者が支払ったお子様の医療費（保険診療による自己負担分）の一部を助成する制度です。 ■助成対象者 今帰仁村
36	26	金武町	住宅改修支援事業	https://www.town.kin.okinawa.jp/iryo_kenko_fukushi/koreishafukushi_kaigo/koureisya-sa-bisu/2242.html	住宅改修支援事業／金武町 Official Site スマートフォン版を表示 本文へ 文字サイズ 背景色変更 Foreign Language 各課のご案内 くらし・手続き くらし・手続き下層 医療・健康・福祉 医療・健康・福祉下層 子育て・教育 子育て・教育下層 文化・観光・スポーツ 文化・観光・スポーツ下層 しごと・産業 しごと・産業下層 行政情報 行政情報下層 くらし・手続き 医療・健康・福祉 子育て・教育 文化・国際交流・スポーツ しごと・産業 行政情報 文字サイズ 背景色変更 Foreign Language 各課のご案内 PC版で見る 閉じる 現在のページ ホーム 医療・健康・福祉 高齢者福祉・介護 高齢者福祉サービス 住宅改修支援事業 住宅改修支援事業 Tweet 更新日：2026年03月06日
36	22	本部町	沖縄県 本部町 もとぶちょう 太陽と海と緑－観光文化のまち	https://www.town.motobu.okinawa.jp/doc/2026071300021/	文化財（埋蔵文化財含む）の有無の照会文書について | 本部町役場 沖縄県 本部町 もとぶちょう 太陽と海と緑－観光文化のまち Language 日本語 English 한국 简体中文 繁体中文 メニュー 閉じる 文字サイズ 拡大 標準 縮小 暮らし・手続き 戸籍（住民登録・印鑑登録） 申請書と手数料一覧 出生届 死亡届・葬祭費補助 パスポート マイナンバーカード 郵送での手続きについて 水道手続きについて マイナンバーカードを利用したオンライン行政手続きについて 子育て教育 妊娠・出産 子どもの健診・予防接種 保育・幼稚園 子どもの手当・助成・支援制度 学校・教育 健康・福祉 国民年金 国民健康保険について 後期高齢者医療 介護保険 地域包括支援センター 障がい者（児）支援 生活支援 戦没者遺族援護 健康づくり
36	22	本部町	沖縄県 本部町 もとぶちょう 太陽と海と緑－観光文化のまち	https://www.town.motobu.okinawa.jp/doc/2026062400044/	第10回本部町農業者の集い開催について | 本部町役場 沖縄県 本部町 もとぶちょう 太陽と海と緑－観光文化のまち Language 日本語 English 한국 简体中文 繁体中文 メニュー 閉じる 文字サイズ 拡大 標準 縮小 暮らし・手続き 戸籍（住民登録・印鑑登録） 申請書と手数料一覧 出生届 死亡届・葬祭費補助 パスポート マイナンバーカード 郵送での手続きについて 水道手続きについて マイナンバーカードを利用したオンライン行政手続きについて 子育て教育 妊娠・出産 子どもの健診・予防接種 保育・幼稚園 子どもの手当・助成・支援制度 学校・教育 健康・福祉 国民年金 国民健康保険について 後期高齢者医療 介護保険 地域包括支援センター 障がい者（児）支援 生活支援 戦没者遺族援護 健康づくり 観光・イ
36	22	本部町	沖縄県 本部町 もとぶちょう 太陽と海と緑－観光文化のまち	https://www.town.motobu.okinawa.jp/doc/2026060400022/	第53回本部海洋まつりハーリー大会 参加チーム募集 | 本部町役場 沖縄県 本部町 もとぶちょう 太陽と海と緑－観光文化のまち Language 日本語 English 한국 简体中文 繁体中文 メニュー 閉じる 文字サイズ 拡大 標準 縮小 暮らし・手続き 戸籍（住民登録・印鑑登録） 申請書と手数料一覧 出生届 死亡届・葬祭費補助 パスポート マイナンバーカード 郵送での手続きについて 水道手続きについて マイナンバーカードを利用したオンライン行政手続きについて 子育て教育 妊娠・出産 子どもの健診・予防接種 保育・幼稚園 子どもの手当・助成・支援制度 学校・教育 健康・福祉 国民年金 国民健康保険について 後期高齢者医療 介護保険 地域包括支援センター 障がい者（児）支援 生活支援 戦没者遺族援護 健康づく
36	22	本部町	沖縄県 本部町 もとぶちょう 太陽と海と緑－観光文化のまち	https://www.town.motobu.okinawa.jp/doc/2026063000014/	カンキツグリーニング病持ち込み診断のご案内 | 本部町役場 沖縄県 本部町 もとぶちょう 太陽と海と緑－観光文化のまち Language 日本語 English 한국 简体中文 繁体中文 メニュー 閉じる 文字サイズ 拡大 標準 縮小 暮らし・手続き 戸籍（住民登録・印鑑登録） 申請書と手数料一覧 出生届 死亡届・葬祭費補助 パスポート マイナンバーカード 郵送での手続きについて 水道手続きについて マイナンバーカードを利用したオンライン行政手続きについて 子育て教育 妊娠・出産 子どもの健診・予防接種 保育・幼稚園 子どもの手当・助成・支援制度 学校・教育 健康・福祉 国民年金 国民健康保険について 後期高齢者医療 介護保険 地域包括支援センター 障がい者（児）支援 生活支援 戦没者遺族援護 健康づくり 観光
36	21	恩納村	沖縄県介護サービス事業所等物価高騰対策支援事業について	https://www.vill.onna.okinawa.jp/topics/1746685791/	沖縄県介護サービス事業所等物価高騰対策支援事業について | 新着情報 | 沖縄県恩納村 | 恩（めぐみ）の青 豊かな緑 輝く人々 未来へつなごう恩納村 総合トップ 本文へ 恩(めぐみ)の青 豊かな緑 輝く人々 未来へつなごう恩納村 日本語 English 簡体中文 繁体中文 한국어 サイトマップ よくあるご質問 お問い合わせ アクセシビリティ 総合トップ トップページ 暮らしの情報 恩納村の情報 観光情報 村政情報 防災情報 事業者の方へ ホーム 新着情報 沖縄県介護サービス事業所等物価高騰対策支援事業について 沖縄県介護サービス事業所等物価高騰対策支援事業について 最終更新日：2025 05 08 沖縄県では、介護サービス事業所・施設等が、電気・ガス・燃料・食料品等の物価高騰による影響を受けている状況から、「
36	20	恩納村	令和8年度建設労働者育成支援事業(建設ものづくりコース)訓練生募集について	https://www.vill.onna.okinawa.jp/topics/1778037800/	令和8年度建設労働者育成支援事業(建設ものづくりコース)訓練生募集について | 新着情報 | 沖縄県恩納村 | 恩（めぐみ）の青 豊かな緑 輝く人々 未来へつなごう恩納村 総合トップ 本文へ 恩(めぐみ)の青 豊かな緑 輝く人々 未来へつなごう恩納村 日本語 English 簡体中文 繁体中文 한국어 サイトマップ よくあるご質問 お問い合わせ アクセシビリティ 総合トップ トップページ 暮らしの情報 恩納村の情報 観光情報 村政情報 防災情報 事業者の方へ ホーム 新着情報 令和8年度建設労働者育成支援事業(建設ものづくりコース)訓練生募集について 令和8年度建設労働者育成支援事業(建設ものづくりコース)訓練生募集について 最終更新日：2026 05 14 事業概要 36日間で建設の3つの職種を基礎から実践ま
36	17	本部町	沖縄県 本部町 もとぶちょう 太陽と海と緑－観光文化のまち	https://www.town.motobu.okinawa.jp/doc/2026060300025/	第53回本部海洋まつり開催のお知らせ～夏だ！まつりだっ！みんなで行こう！～ | 本部町役場 沖縄県 本部町 もとぶちょう 太陽と海と緑－観光文化のまち Language 日本語 English 한국 简体中文 繁体中文 メニュー 閉じる 文字サイズ 拡大 標準 縮小 暮らし・手続き 戸籍（住民登録・印鑑登録） 申請書と手数料一覧 出生届 死亡届・葬祭費補助 パスポート マイナンバーカード 郵送での手続きについて 水道手続きについて マイナンバーカードを利用したオンライン行政手続きについて 子育て教育 妊娠・出産 子どもの健診・予防接種 保育・幼稚園 子どもの手当・助成・支援制度 学校・教育 健康・福祉 国民年金 国民健康保険について 後期高齢者医療 介護保険 地域包括支援センター 障がい者（児）支援 生活支援
36	17	本部町	沖縄県 本部町 もとぶちょう 太陽と海と緑－観光文化のまち	https://www.town.motobu.okinawa.jp/doc/2026071100010/	7/11 のマイナンバーカード休日交付窓口の【中止】のお知らせ | 本部町役場 沖縄県 本部町 もとぶちょう 太陽と海と緑－観光文化のまち Language 日本語 English 한국 简体中文 繁体中文 メニュー 閉じる 文字サイズ 拡大 標準 縮小 暮らし・手続き 戸籍（住民登録・印鑑登録） 申請書と手数料一覧 出生届 死亡届・葬祭費補助 パスポート マイナンバーカード 郵送での手続きについて 水道手続きについて マイナンバーカードを利用したオンライン行政手続きについて 子育て教育 妊娠・出産 子どもの健診・予防接種 保育・幼稚園 子どもの手当・助成・支援制度 学校・教育 健康・福祉 国民年金 国民健康保険について 後期高齢者医療 介護保険 地域包括支援センター 障がい者（児）支援 生活支援 戦没者遺族援
36	17	本部町	沖縄県 本部町 もとぶちょう 太陽と海と緑－観光文化のまち	https://www.town.motobu.okinawa.jp/doc/2026070900048/	企業版ふるさと納税寄附活用事業の公表について | 本部町役場 沖縄県 本部町 もとぶちょう 太陽と海と緑－観光文化のまち Language 日本語 English 한국 简体中文 繁体中文 メニュー 閉じる 文字サイズ 拡大 標準 縮小 暮らし・手続き 戸籍（住民登録・印鑑登録） 申請書と手数料一覧 出生届 死亡届・葬祭費補助 パスポート マイナンバーカード 郵送での手続きについて 水道手続きについて マイナンバーカードを利用したオンライン行政手続きについて 子育て教育 妊娠・出産 子どもの健診・予防接種 保育・幼稚園 子どもの手当・助成・支援制度 学校・教育 健康・福祉 国民年金 国民健康保険について 後期高齢者医療 介護保険 地域包括支援センター 障がい者（児）支援 生活支援 戦没者遺族援護 健康づくり 観
36	17	本部町	沖縄県 本部町 もとぶちょう 太陽と海と緑－観光文化のまち	https://www.town.motobu.okinawa.jp/doc/2026070600023/	令和8年度 沖縄県優良県産品の申請受付のご案内 | 本部町役場 沖縄県 本部町 もとぶちょう 太陽と海と緑－観光文化のまち Language 日本語 English 한국 简体中文 繁体中文 メニュー 閉じる 文字サイズ 拡大 標準 縮小 暮らし・手続き 戸籍（住民登録・印鑑登録） 申請書と手数料一覧 出生届 死亡届・葬祭費補助 パスポート マイナンバーカード 郵送での手続きについて 水道手続きについて マイナンバーカードを利用したオンライン行政手続きについて 子育て教育 妊娠・出産 子どもの健診・予防接種 保育・幼稚園 子どもの手当・助成・支援制度 学校・教育 健康・福祉 国民年金 国民健康保険について 後期高齢者医療 介護保険 地域包括支援センター 障がい者（児）支援 生活支援 戦没者遺族援護 健康づくり
36	17	本部町	沖縄県 本部町 もとぶちょう 太陽と海と緑－観光文化のまち	https://www.town.motobu.okinawa.jp/doc/2026070600016/	第50回沖縄の産業まつり 市町村コーナー出展募集について | 本部町役場 沖縄県 本部町 もとぶちょう 太陽と海と緑－観光文化のまち Language 日本語 English 한국 简体中文 繁体中文 メニュー 閉じる 文字サイズ 拡大 標準 縮小 暮らし・手続き 戸籍（住民登録・印鑑登録） 申請書と手数料一覧 出生届 死亡届・葬祭費補助 パスポート マイナンバーカード 郵送での手続きについて 水道手続きについて マイナンバーカードを利用したオンライン行政手続きについて 子育て教育 妊娠・出産 子どもの健診・予防接種 保育・幼稚園 子どもの手当・助成・支援制度 学校・教育 健康・福祉 国民年金 国民健康保険について 後期高齢者医療 介護保険 地域包括支援センター 障がい者（児）支援 生活支援 戦没者遺族援護 健
36	17	本部町	沖縄県 本部町 もとぶちょう 太陽と海と緑－観光文化のまち	https://www.town.motobu.okinawa.jp/doc/2026070100011/	ペアレント・プログラム参加者募集！ | 本部町役場 沖縄県 本部町 もとぶちょう 太陽と海と緑－観光文化のまち Language 日本語 English 한국 简体中文 繁体中文 メニュー 閉じる 文字サイズ 拡大 標準 縮小 暮らし・手続き 戸籍（住民登録・印鑑登録） 申請書と手数料一覧 出生届 死亡届・葬祭費補助 パスポート マイナンバーカード 郵送での手続きについて 水道手続きについて マイナンバーカードを利用したオンライン行政手続きについて 子育て教育 妊娠・出産 子どもの健診・予防接種 保育・幼稚園 子どもの手当・助成・支援制度 学校・教育 健康・福祉 国民年金 国民健康保険について 後期高齢者医療 介護保険 地域包括支援センター 障がい者（児）支援 生活支援 戦没者遺族援護 健康づくり 観光・イベン
35	20	宜野座村	令和6年度物価高騰対応重点支援給付金	https://www.vill.ginoza.okinawa.jp/soshiki/1001/oshirase/975.html	令和6年度物価高騰対応重点支援給付金／宜野座村 | 水と緑と太陽の里 スマートフォン版を表示 本文へ 文字サイズ 標準 （初期状態） 標準 に戻す 拡大 （初期状態） 拡大 拡大（最大状態） 背景色変更 黒 背景色を黒色にする 青 背景色を青色にする 標準 背景色を元に戻す Select Language English 中文（繁体） 中文（簡体） Go Select your language 閲覧支援/Languagesを閉じる キーワードから探す ページ番号で探す 検索 ページ番号とは？ 目的別で探す くらし 健康・福祉 子育て・教育 観光・文化・スポーツ しごと・産業 村政 防災情報 各課のご案内 検索を閉じる 文字サイズ 背景色変更 Select Language English 中文（繁体） 中文（
34	30	宜野座村	障がい福祉 補装具・日常生活用具等の給付	https://www.vill.ginoza.okinawa.jp/kenko-fukushi/fukushi-service/1/673.html	障がい福祉 補装具・日常生活用具等の給付／宜野座村 | 水と緑と太陽の里 スマートフォン版を表示 本文へ 文字サイズ 標準 （初期状態） 標準 に戻す 拡大 （初期状態） 拡大 拡大（最大状態） 背景色変更 黒 背景色を黒色にする 青 背景色を青色にする 標準 背景色を元に戻す Select Language English 中文（繁体） 中文（簡体） Go Select your language 閲覧支援/Languagesを閉じる キーワードから探す ページ番号で探す 検索 ページ番号とは？ 目的別で探す くらし 健康・福祉 子育て・教育 観光・文化・スポーツ しごと・産業 村政 防災情報 各課のご案内 検索を閉じる 文字サイズ 背景色変更 Select Language English 中文（繁体） 中
34	30	宜野座村	障がい福祉 補装具・日常生活用具等の給付	https://www.vill.ginoza.okinawa.jp/soshiki/1005/5/1/146.html	障がい福祉 補装具・日常生活用具等の給付／宜野座村 | 水と緑と太陽の里 スマートフォン版を表示 本文へ 文字サイズ 標準 （初期状態） 標準 に戻す 拡大 （初期状態） 拡大 拡大（最大状態） 背景色変更 黒 背景色を黒色にする 青 背景色を青色にする 標準 背景色を元に戻す Select Language English 中文（繁体） 中文（簡体） Go Select your language 閲覧支援/Languagesを閉じる キーワードから探す ページ番号で探す 検索 ページ番号とは？ 目的別で探す くらし 健康・福祉 子育て・教育 観光・文化・スポーツ しごと・産業 村政 防災情報 各課のご案内 検索を閉じる 文字サイズ 背景色変更 Select Language English 中文（繁体） 中
34	20	恩納村	中小企業退職金共済制度について	https://www.vill.onna.okinawa.jp/business/industry/1536642025/	中小企業退職金共済制度について | 沖縄県恩納村 | 恩（めぐみ）の青 豊かな緑 輝く人々 未来へつなごう恩納村 総合トップ 本文へ 恩(めぐみ)の青 豊かな緑 輝く人々 未来へつなごう恩納村 日本語 English 簡体中文 繁体中文 한국어 サイトマップ よくあるご質問 お問い合わせ アクセシビリティ 総合トップ トップページ 暮らしの情報 恩納村の情報 観光情報 村政情報 防災情報 事業者の方へ ホーム 事業者の方へ 商工業 中小企業退職金共済制度について 中小企業退職金共済制度について 更新日：2025年6月3日 中小企業退職金共済（略称：中退共）制度は、国の退職金制度です。 人材定着の対策に国の退職金制度を上手に活用！ ・国が掛金の一部を助成 ・納付状況、試算額もお知らせ ・掛金は全額非課税 動画・マ
33	30	宜野座村	物価高騰対応重点支援地方臨時交付金の実施状況と効果検証について	https://www.vill.ginoza.okinawa.jp/soshiki/1002/oshirase/1070.html	物価高騰対応重点支援地方臨時交付金の実施状況と効果検証について／宜野座村 | 水と緑と太陽の里 スマートフォン版を表示 本文へ 文字サイズ 標準 （初期状態） 標準 に戻す 拡大 （初期状態） 拡大 拡大（最大状態） 背景色変更 黒 背景色を黒色にする 青 背景色を青色にする 標準 背景色を元に戻す Select Language English 中文（繁体） 中文（簡体） Go Select your language 閲覧支援/Languagesを閉じる キーワードから探す ページ番号で探す 検索 ページ番号とは？ 目的別で探す くらし 健康・福祉 子育て・教育 観光・文化・スポーツ しごと・産業 村政 防災情報 各課のご案内 検索を閉じる 文字サイズ 背景色変更 Select Language Engli
33	30	今帰仁村	電力・ガス・食料品等価格高騰緊急支援給付金（1世帯あたり5万円）のご案内	https://www.nakijin.jp/pagtop/kakuka/fukushi/sinngatakoronakannrenn/3076.html	電力・ガス・食料品等価格高騰緊急支援給付金（1世帯あたり5万円）のご案内／今帰仁村 スマートフォン版を表示 本文へ移動 文字サイズ 背景色変更 くらし・手続き 子育て・教育 健康・福祉 歴史・観光 事業者の方へ 行政情報 くらし・手続き 子育て・教育 健康・福祉 歴史・観光 事業者の方へ 行政情報 PC版を表示 現在のページ ホーム 今帰仁村役場 各課ご案内（組織から探す） 健康づくり推進課 新型コロナウイルス関連 電力・ガス・食料品等価格高騰緊急支援給付金（1世帯あたり5万円）のご案内 電力・ガス・食料品等価格高騰緊急支援給付金（1世帯あたり5万円）のご案内 電力・ガス・食料品等価格高騰緊急支援給付金（1世帯あたり5万円）は、住民税均等割非課税世帯や令和4年1月から12月までに家計急変のあった世帯を支援する給
33	30	今帰仁村	幼児教育・保育無償化のお知らせ	https://www.nakijin.jp/pagtop/kakuka/hukusikodomoka/3_1/4873.html	幼児教育・保育無償化のお知らせ／今帰仁村 スマートフォン版を表示 本文へ移動 文字サイズ 背景色変更 くらし・手続き 子育て・教育 健康・福祉 歴史・観光 事業者の方へ 行政情報 くらし・手続き 子育て・教育 健康・福祉 歴史・観光 事業者の方へ 行政情報 PC版を表示 現在のページ ホーム 今帰仁村役場 各課ご案内（組織から探す） 福祉・こども課 こども未来係、こども園・保育所係 幼児教育・保育無償化のお知らせ 幼児教育・保育無償化のお知らせ 令和元年10月より幼児教育・保育の無償化が始まりました。 制度の趣旨 子育て世帯を応援し、社会保障を全世代型へ抜本的に変えるため、幼児教育・保育無償化が実施されることとなりました。 制度の内容 幼稚園、保育所、認定こども園などを利用する3歳から5歳児クラスの子どもたち、
33	30	今帰仁村	定額減税しきれないと見込まれる方への給付金（調整給付）	https://www.nakijin.jp/pagtop/kakuka/juminka/5/2/2/4991.html	定額減税しきれないと見込まれる方への給付金（調整給付）／今帰仁村 スマートフォン版を表示 本文へ移動 文字サイズ 背景色変更 くらし・手続き 子育て・教育 健康・福祉 歴史・観光 事業者の方へ 行政情報 くらし・手続き 子育て・教育 健康・福祉 歴史・観光 事業者の方へ 行政情報 PC版を表示 現在のページ ホーム 今帰仁村役場 各課ご案内（組織から探す） 住民課 住民税係 くらし・手続き 税金 定額減税しきれないと見込まれる方への給付金（調整給付） 定額減税しきれないと見込まれる方への給付金（調整給付） 概要 令和6年度の定額減税において、減税しきれないと見込まれる方に対して、控除不足分を給付（以下「調整給付」といいます）するものです。 令和6年分の所得税から3万円、令和6年度分の個人住民税所得割から1万円の
33	26	宜野座村	地方消費税交付金（社会保障財源化分）の充当先について	https://www.vill.ginoza.okinawa.jp/soshiki/1001/oshirase/1118.html	地方消費税交付金（社会保障財源化分）の充当先について／宜野座村 | 水と緑と太陽の里 スマートフォン版を表示 本文へ 文字サイズ 標準 （初期状態） 標準 に戻す 拡大 （初期状態） 拡大 拡大（最大状態） 背景色変更 黒 背景色を黒色にする 青 背景色を青色にする 標準 背景色を元に戻す Select Language English 中文（繁体） 中文（簡体） Go Select your language 閲覧支援/Languagesを閉じる キーワードから探す ページ番号で探す 検索 ページ番号とは？ 目的別で探す くらし 健康・福祉 子育て・教育 観光・文化・スポーツ しごと・産業 村政 防災情報 各課のご案内 検索を閉じる 文字サイズ 背景色変更 Select Language English 中文
33	26	宜野座村	沖縄振興特別推進市町村交付金について	https://www.vill.ginoza.okinawa.jp/soshiki/1002/oshirase/1393.html	沖縄振興特別推進市町村交付金について／宜野座村 | 水と緑と太陽の里 スマートフォン版を表示 本文へ 文字サイズ 標準 （初期状態） 標準 に戻す 拡大 （初期状態） 拡大 拡大（最大状態） 背景色変更 黒 背景色を黒色にする 青 背景色を青色にする 標準 背景色を元に戻す Select Language English 中文（繁体） 中文（簡体） Go Select your language 閲覧支援/Languagesを閉じる キーワードから探す ページ番号で探す 検索 ページ番号とは？ 目的別で探す くらし 健康・福祉 子育て・教育 観光・文化・スポーツ しごと・産業 村政 防災情報 各課のご案内 検索を閉じる 文字サイズ 背景色変更 Select Language English 中文（繁体） 中文（
33	26	宜野座村	特定防衛施設周辺整備調整交付金事業	https://www.vill.ginoza.okinawa.jp/soshiki/1003/kouhyoukeisai/1006.html	特定防衛施設周辺整備調整交付金事業／宜野座村 | 水と緑と太陽の里 スマートフォン版を表示 本文へ 文字サイズ 標準 （初期状態） 標準 に戻す 拡大 （初期状態） 拡大 拡大（最大状態） 背景色変更 黒 背景色を黒色にする 青 背景色を青色にする 標準 背景色を元に戻す Select Language English 中文（繁体） 中文（簡体） Go Select your language 閲覧支援/Languagesを閉じる キーワードから探す ページ番号で探す 検索 ページ番号とは？ 目的別で探す くらし 健康・福祉 子育て・教育 観光・文化・スポーツ しごと・産業 村政 防災情報 各課のご案内 検索を閉じる 文字サイズ 背景色変更 Select Language English 中文（繁体） 中文（簡
33	24	宜野座村	特定防衛施設周辺整備調整交付金事業	https://www.vill.ginoza.okinawa.jp/soshiki/1005/9/4/index.html	特定防衛施設周辺整備調整交付金事業／宜野座村 | 水と緑と太陽の里 スマートフォン版を表示 本文へ 文字サイズ 標準 （初期状態） 標準 に戻す 拡大 （初期状態） 拡大 拡大（最大状態） 背景色変更 黒 背景色を黒色にする 青 背景色を青色にする 標準 背景色を元に戻す Select Language English 中文（繁体） 中文（簡体） Go Select your language 閲覧支援/Languagesを閉じる キーワードから探す ページ番号で探す 検索 ページ番号とは？ 目的別で探す くらし 健康・福祉 子育て・教育 観光・文化・スポーツ しごと・産業 村政 防災情報 各課のご案内 検索を閉じる 文字サイズ 背景色変更 Select Language English 中文（繁体） 中文（簡
33	19	今帰仁村	今帰仁村こども医療費助成制度について	https://www.nakijin.jp/pagtop/kosodate/kodomoiryohi/index.html	今帰仁村こども医療費助成制度について／今帰仁村 スマートフォン版を表示 本文へ移動 文字サイズ 背景色変更 くらし・手続き 子育て・教育 健康・福祉 歴史・観光 事業者の方へ 行政情報 くらし・手続き 子育て・教育 健康・福祉 歴史・観光 事業者の方へ 行政情報 PC版を表示 現在のページ ホーム 今帰仁村役場 子育て・教育 今帰仁村こども医療費助成制度について 今帰仁村こども医療費助成制度について 今帰仁村こども医療費助成制度について 更新日：2019年05月15日 子育て・教育 ライフシーンから探す 妊娠・出産 子育て 戸籍・証明 税金 引越し ごみ・リサイクル 水道 おくやみ 手続きナビゲーション 〒905-0492 沖縄県国頭郡今帰仁村字仲宗根219番地 電話番号：0980-56-2101（代表） （土
33	18	宜野座村	特定防衛施設周辺整備調整交付金事業 事業評価書	https://www.vill.ginoza.okinawa.jp/soshiki/1006/oshirase/1103.html	特定防衛施設周辺整備調整交付金事業 事業評価書／宜野座村 | 水と緑と太陽の里 スマートフォン版を表示 本文へ 文字サイズ 標準 （初期状態） 標準 に戻す 拡大 （初期状態） 拡大 拡大（最大状態） 背景色変更 黒 背景色を黒色にする 青 背景色を青色にする 標準 背景色を元に戻す Select Language English 中文（繁体） 中文（簡体） Go Select your language 閲覧支援/Languagesを閉じる キーワードから探す ページ番号で探す 検索 ページ番号とは？ 目的別で探す くらし 健康・福祉 子育て・教育 観光・文化・スポーツ しごと・産業 村政 防災情報 各課のご案内 検索を閉じる 文字サイズ 背景色変更 Select Language English 中文（繁体
33	18	宜野座村	特定防衛施設周辺整備調整交付金事業 事業評価書	https://www.vill.ginoza.okinawa.jp/soshiki/1007/doboku/973.html	特定防衛施設周辺整備調整交付金事業 事業評価書／宜野座村 | 水と緑と太陽の里 スマートフォン版を表示 本文へ 文字サイズ 標準 （初期状態） 標準 に戻す 拡大 （初期状態） 拡大 拡大（最大状態） 背景色変更 黒 背景色を黒色にする 青 背景色を青色にする 標準 背景色を元に戻す Select Language English 中文（繁体） 中文（簡体） Go Select your language 閲覧支援/Languagesを閉じる キーワードから探す ページ番号で探す 検索 ページ番号とは？ 目的別で探す くらし 健康・福祉 子育て・教育 観光・文化・スポーツ しごと・産業 村政 防災情報 各課のご案内 検索を閉じる 文字サイズ 背景色変更 Select Language English 中文（繁体
33	17	今帰仁村	今帰仁村こども医療費助成制度について	https://www.nakijin.jp/pagtop/kakuka/hukusikodomoka/2/4_1/2/index.html	今帰仁村こども医療費助成制度について／今帰仁村 スマートフォン版を表示 本文へ移動 文字サイズ 背景色変更 くらし・手続き 子育て・教育 健康・福祉 歴史・観光 事業者の方へ 行政情報 くらし・手続き 子育て・教育 健康・福祉 歴史・観光 事業者の方へ 行政情報 PC版を表示 現在のページ ホーム 今帰仁村役場 各課ご案内（組織から探す） 福祉・こども課 福祉・児童家庭係 子育て・教育 今帰仁村こども医療費助成制度について 今帰仁村こども医療費助成制度について 今帰仁村こども医療費助成制度について 更新日：2019年05月15日 子育て・教育 ライフシーンから探す 妊娠・出産 子育て 戸籍・証明 税金 引越し ごみ・リサイクル 水道 おくやみ 手続きナビゲーション 〒905-0492 沖縄県国頭郡今帰仁村字仲宗
33	16	今帰仁村	今帰仁村新型コロナウイルス対策大学生等応援給付金(5万円/1人)のご案内	https://www.nakijin.jp/pagtop/information/index.html	大切なお知らせ／今帰仁村 スマートフォン版を表示 本文へ移動 文字サイズ 背景色変更 くらし・手続き 子育て・教育 健康・福祉 歴史・観光 事業者の方へ 行政情報 くらし・手続き 子育て・教育 健康・福祉 歴史・観光 事業者の方へ 行政情報 PC版を表示 現在のページ ホーム 今帰仁村役場 大切なお知らせ 大切なお知らせ 今帰仁城跡MR「THE BATTLE OF NAKIJIN」運用開始！！ 古宇利島観光拠点施設グランドオープン！ 【今帰仁美ら海守り隊】軽石撤去作業のボランティア募集について 今帰仁村新型コロナウイルス対策大学生等応援給付金(5万円/1人)のご案内 今帰仁村より世界のナキジンチュの皆様へ（むらの風景、伝統芸能の動画発信） 電力・ガス・食料品等価格高騰緊急支援給付金（1世帯あたり5万円）のご案内
33	16	今帰仁村	【後期高齢者医療保険】新型コロナウイルス感染症に係る保険料の減免及び傷病手当金について	https://www.nakijin.jp/pagtop/kakuka/fukushi/5/index.html	国民健康保険・後期高齢者係／今帰仁村 スマートフォン版を表示 本文へ移動 文字サイズ 背景色変更 くらし・手続き 子育て・教育 健康・福祉 歴史・観光 事業者の方へ 行政情報 くらし・手続き 子育て・教育 健康・福祉 歴史・観光 事業者の方へ 行政情報 PC版を表示 現在のページ ホーム 今帰仁村役場 各課ご案内（組織から探す） 健康づくり推進課 国民健康保険・後期高齢者係 国民健康保険・後期高齢者係 くらし・手続き 健康・福祉 令和5年度 今帰仁村国民健康保険税収納対策緊急プランについて 後期高齢者医療制度 医療費窓口負担割合の変更について 7月から《令和4年度 国民健康保険税・後期高齢者医療保険料》の納付が始まります 【後期高齢者医療保険】新型コロナウイルス感染症に係る保険料の減免及び傷病手当金について 【
32	30	金武町	令和8年度 就学援助のお知らせ	https://www.town.kin.okinawa.jp/kosodate_kyoiku/kyoikuiinkai/1755.html	令和8年度 就学援助のお知らせ／金武町 Official Site スマートフォン版を表示 本文へ 文字サイズ 背景色変更 Foreign Language 各課のご案内 くらし・手続き くらし・手続き下層 医療・健康・福祉 医療・健康・福祉下層 子育て・教育 子育て・教育下層 文化・観光・スポーツ 文化・観光・スポーツ下層 しごと・産業 しごと・産業下層 行政情報 行政情報下層 くらし・手続き 医療・健康・福祉 子育て・教育 文化・国際交流・スポーツ しごと・産業 行政情報 文字サイズ 背景色変更 Foreign Language 各課のご案内 PC版で見る 閉じる 現在のページ ホーム 子育て・教育 教育委員会 令和8年度 就学援助のお知らせ 令和8年度 就学援助のお知らせ Tweet 更新日：2026年0
32	16	金武町	令和7年度定額減税補足給付金	https://www.town.kin.okinawa.jp/soshiki/somuka/index.html	総務課／金武町 Official Site スマートフォン版を表示 本文へ 文字サイズ 背景色変更 Foreign Language 各課のご案内 くらし・手続き くらし・手続き下層 医療・健康・福祉 医療・健康・福祉下層 子育て・教育 子育て・教育下層 文化・観光・スポーツ 文化・観光・スポーツ下層 しごと・産業 しごと・産業下層 行政情報 行政情報下層 くらし・手続き 医療・健康・福祉 子育て・教育 文化・国際交流・スポーツ しごと・産業 行政情報 文字サイズ 背景色変更 Foreign Language 各課のご案内 PC版で見る 閉じる 現在のページ ホーム 組織から探す 総務課 総務課 Tweet 業務案内 総務課 オープンデータについて 令和7年度定額減税補足給付金 （不足額給付）について 金武町物
32	16	金武町	補助金・助成金	https://www.town.kin.okinawa.jp/kosodate_kyoiku/boshinokenko/kenko_iryonikansurusuppoort/1/index.html	補助金・助成金／金武町 Official Site スマートフォン版を表示 本文へ 文字サイズ 背景色変更 Foreign Language 各課のご案内 くらし・手続き くらし・手続き下層 医療・健康・福祉 医療・健康・福祉下層 子育て・教育 子育て・教育下層 文化・観光・スポーツ 文化・観光・スポーツ下層 しごと・産業 しごと・産業下層 行政情報 行政情報下層 くらし・手続き 医療・健康・福祉 子育て・教育 文化・国際交流・スポーツ しごと・産業 行政情報 文字サイズ 背景色変更 Foreign Language 各課のご案内 PC版で見る 閉じる 現在のページ ホーム 子育て・教育 母子の健康 健康・医療に関するサポート 補助金・助成金 補助金・助成金 健康・医療に関するサポート ページの先頭へ 金武町
32	16	金武町	補助金・助成金	https://www.town.kin.okinawa.jp/kosodate_kyoiku/ikuji_mishugakuji/suppoort_mishugakuji/1/index.html	補助金・助成金／金武町 Official Site スマートフォン版を表示 本文へ 文字サイズ 背景色変更 Foreign Language 各課のご案内 くらし・手続き くらし・手続き下層 医療・健康・福祉 医療・健康・福祉下層 子育て・教育 子育て・教育下層 文化・観光・スポーツ 文化・観光・スポーツ下層 しごと・産業 しごと・産業下層 行政情報 行政情報下層 くらし・手続き 医療・健康・福祉 子育て・教育 文化・国際交流・スポーツ しごと・産業 行政情報 文字サイズ 背景色変更 Foreign Language 各課のご案内 PC版で見る 閉じる 現在のページ ホーム 子育て・教育 育児（未就学児） サポート（未就学児） 補助金・助成金 補助金・助成金 サポート（未就学児） ページの先頭へ 金武町 Kin
32	16	金武町	補助金・助成金	https://www.town.kin.okinawa.jp/kosodate_kyoiku/ikuji_shochugakusei/suppoort_shochugakusei/1/index.html	補助金・助成金／金武町 Official Site スマートフォン版を表示 本文へ 文字サイズ 背景色変更 Foreign Language 各課のご案内 くらし・手続き くらし・手続き下層 医療・健康・福祉 医療・健康・福祉下層 子育て・教育 子育て・教育下層 文化・観光・スポーツ 文化・観光・スポーツ下層 しごと・産業 しごと・産業下層 行政情報 行政情報下層 くらし・手続き 医療・健康・福祉 子育て・教育 文化・国際交流・スポーツ しごと・産業 行政情報 文字サイズ 背景色変更 Foreign Language 各課のご案内 PC版で見る 閉じる 現在のページ ホーム 子育て・教育 育児（小中学生） サポート（小中学生） 補助金・助成金 補助金・助成金 サポート（小中学生） ページの先頭へ 金武町 Kin
32	16	金武町	補助金・助成金	https://www.town.kin.okinawa.jp/kosodate_kyoiku/ninshin_shussan/suppoort_ninshin_shussan/1/index.html	補助金・助成金／金武町 Official Site スマートフォン版を表示 本文へ 文字サイズ 背景色変更 Foreign Language 各課のご案内 くらし・手続き くらし・手続き下層 医療・健康・福祉 医療・健康・福祉下層 子育て・教育 子育て・教育下層 文化・観光・スポーツ 文化・観光・スポーツ下層 しごと・産業 しごと・産業下層 行政情報 行政情報下層 くらし・手続き 医療・健康・福祉 子育て・教育 文化・国際交流・スポーツ しごと・産業 行政情報 文字サイズ 背景色変更 Foreign Language 各課のご案内 PC版で見る 閉じる 現在のページ ホーム 子育て・教育 妊娠・出産 サポート（妊娠・出産） 補助金・助成金 補助金・助成金 サポート（妊娠・出産） ページの先頭へ 金武町 Kin
31	30	本部町	沖縄県 本部町 もとぶちょう 太陽と海と緑－観光文化のまち	https://www.town.motobu.okinawa.jp/doc/2023112000056/	マイナンバーカードを利用したオンライン行政手続きについて | 本部町役場 沖縄県 本部町 もとぶちょう 太陽と海と緑－観光文化のまち Language 日本語 English 한국 简体中文 繁体中文 メニュー 閉じる 文字サイズ 拡大 標準 縮小 暮らし・手続き 戸籍（住民登録・印鑑登録） 申請書と手数料一覧 出生届 死亡届・葬祭費補助 パスポート マイナンバーカード 郵送での手続きについて 水道手続きについて マイナンバーカードを利用したオンライン行政手続きについて 子育て教育 妊娠・出産 子どもの健診・予防接種 保育・幼稚園 子どもの手当・助成・支援制度 学校・教育 健康・福祉 国民年金 国民健康保険について 後期高齢者医療 介護保険 地域包括支援センター 障がい者（児）支援 生活支援 戦没者遺族援護 健
31	28	恩納村	障害福祉サービス	https://www.vill.onna.okinawa.jp/living/welfare/1484718938/	障害福祉サービス | 沖縄県恩納村 | 恩（めぐみ）の青 豊かな緑 輝く人々 未来へつなごう恩納村 総合トップ 本文へ 恩(めぐみ)の青 豊かな緑 輝く人々 未来へつなごう恩納村 日本語 English 簡体中文 繁体中文 한국어 サイトマップ よくあるご質問 お問い合わせ アクセシビリティ 総合トップ トップページ 暮らしの情報 恩納村の情報 観光情報 村政情報 防災情報 事業者の方へ ホーム 暮らしの情報 障がい・福祉 障害福祉サービス 障害福祉サービス 障がい福祉に関するサービス 障がい者自立支援サービス 障がいのある人が住み慣れた地域社会の中で自立して在宅生活が送れるよう支援します。 介護給費・訓練等給付費等申請を行い、「障害福祉サービス受給者証」の交付を受け、指定支援事業者と利用契約を 締結して、様々
31	28	恩納村	軽度・中等度難聴児の補聴器購入費等を助成について	https://www.vill.onna.okinawa.jp/living/welfare/1621406896/	軽度・中等度難聴児の補聴器購入費等を助成について | 沖縄県恩納村 | 恩（めぐみ）の青 豊かな緑 輝く人々 未来へつなごう恩納村 総合トップ 本文へ 恩(めぐみ)の青 豊かな緑 輝く人々 未来へつなごう恩納村 日本語 English 簡体中文 繁体中文 한국어 サイトマップ よくあるご質問 お問い合わせ アクセシビリティ 総合トップ トップページ 暮らしの情報 恩納村の情報 観光情報 村政情報 防災情報 事業者の方へ ホーム 暮らしの情報 障がい・福祉 軽度・中等度難聴児の補聴器購入費等を助成について 軽度・中等度難聴児の補聴器購入費等を助成について 軽度・中等度難聴児補聴器の購入費を助成 村では、身体障害者手帳の交付対象とならない軽度・中等度難聴児の言語の習得やコミュニケーション能力の向上を支援するため、補
31	25	今帰仁村	今帰仁村不妊・不育治療費助成事業について	https://www.nakijin.jp/pagtop/kenko_fukushi/1971.html	今帰仁村不妊・不育治療費助成事業について／今帰仁村 スマートフォン版を表示 本文へ移動 文字サイズ 背景色変更 くらし・手続き 子育て・教育 健康・福祉 歴史・観光 事業者の方へ 行政情報 くらし・手続き 子育て・教育 健康・福祉 歴史・観光 事業者の方へ 行政情報 PC版を表示 現在のページ ホーム 今帰仁村役場 健康・福祉 今帰仁村不妊・不育治療費助成事業について 今帰仁村不妊・不育治療費助成事業について 【今帰仁村不妊治療助成金】 詳細 : 今帰仁村不妊治療費助成事業(Wordファイル:18KB) ・必要な申請書類 1. 不妊治療費助成事業申請書(様式第1号)(PDFファイル:82.5KB) 2． 不妊治療費助成事業受診等証明書(様式第2号)(PDFファイル:70.8KB) 3．領収書(原本） 4．法律上
31	25	今帰仁村	今帰仁村不妊・不育治療費助成事業について	https://www.nakijin.jp/pagtop/kakuka/fukushi/4/1969.html	今帰仁村不妊・不育治療費助成事業について／今帰仁村 スマートフォン版を表示 本文へ移動 文字サイズ 背景色変更 くらし・手続き 子育て・教育 健康・福祉 歴史・観光 事業者の方へ 行政情報 くらし・手続き 子育て・教育 健康・福祉 歴史・観光 事業者の方へ 行政情報 PC版を表示 現在のページ ホーム 今帰仁村役場 各課ご案内（組織から探す） 健康づくり推進課 地域保健係 今帰仁村不妊・不育治療費助成事業について 今帰仁村不妊・不育治療費助成事業について 【今帰仁村不妊治療助成金】 詳細 : 今帰仁村不妊治療費助成事業(Wordファイル:18KB) ・必要な申請書類 1. 不妊治療費助成事業申請書(様式第1号)(PDFファイル:82.5KB) 2． 不妊治療費助成事業受診等証明書(様式第2号)(PDFファイル:
31	25	本部町	沖縄県 本部町 もとぶちょう 太陽と海と緑－観光文化のまち	https://www.town.motobu.okinawa.jp/soshiki/3727/	農林水産課 | 本部町役場 沖縄県 本部町 もとぶちょう 太陽と海と緑－観光文化のまち Language 日本語 English 한국 简体中文 繁体中文 メニュー 閉じる 文字サイズ 拡大 標準 縮小 暮らし・手続き 戸籍（住民登録・印鑑登録） 申請書と手数料一覧 出生届 死亡届・葬祭費補助 パスポート マイナンバーカード 郵送での手続きについて 納税手続き 水道手続きについて マイナンバーカードを利用したオンライン行政手続きについて 子育て教育 手当・助成制度 学校（保幼小中）・教育 予防接種 本部町不治療及び不育症治療支援 妊娠・出産 乳幼児健診 本部町子育てLINE公式アカウント 出産子育て応援給付金 令和5年度 低所得の子育て世帯生活支援別給付金（ひとり親世帯分）のご案内 令和5年度 低所得の子育て世
31	24	今帰仁村	今帰仁村加齢性難聴者補聴器購入助成事業について	https://www.nakijin.jp/pagtop/kakuka/fukushi/3/4871.html	今帰仁村加齢性難聴者補聴器購入助成事業について／今帰仁村 スマートフォン版を表示 本文へ移動 文字サイズ 背景色変更 くらし・手続き 子育て・教育 健康・福祉 歴史・観光 事業者の方へ 行政情報 くらし・手続き 子育て・教育 健康・福祉 歴史・観光 事業者の方へ 行政情報 PC版を表示 現在のページ ホーム 今帰仁村役場 各課ご案内（組織から探す） 健康づくり推進課 高齢者・介護福祉係 今帰仁村加齢性難聴者補聴器購入助成事業について 今帰仁村加齢性難聴者補聴器購入助成事業について 令和6年4月1日より、加齢性難聴者の補聴器購入費の一部を助成します。 身体障害者手帳に該当しない方で、以下の1～3のすべてに該当する方が対象です。 今帰仁村に住所を有し、現に居住する65歳以上の方で、申請する日の属する年度において住民
31	17	本部町	沖縄県 本部町 もとぶちょう 太陽と海と緑－観光文化のまち	https://www.town.motobu.okinawa.jp/doc/2024012600025/	町税の電子申告（eLTAX：エルタックス）について | 本部町役場 沖縄県 本部町 もとぶちょう 太陽と海と緑－観光文化のまち Language 日本語 English 한국 简体中文 繁体中文 メニュー 閉じる 文字サイズ 拡大 標準 縮小 暮らし・手続き 戸籍（住民登録・印鑑登録） 申請書と手数料一覧 出生届 死亡届・葬祭費補助 パスポート マイナンバーカード 郵送での手続きについて 水道手続きについて マイナンバーカードを利用したオンライン行政手続きについて 子育て教育 妊娠・出産 子どもの健診・予防接種 保育・幼稚園 子どもの手当・助成・支援制度 学校・教育 健康・福祉 国民年金 国民健康保険について 後期高齢者医療 介護保険 地域包括支援センター 障がい者（児）支援 生活支援 戦没者遺族援護 健康づく
31	17	本部町	沖縄県 本部町 もとぶちょう 太陽と海と緑－観光文化のまち	https://www.town.motobu.okinawa.jp/doc/2024012600018/	（国税庁より）消費税のインボイス制度について | 本部町役場 沖縄県 本部町 もとぶちょう 太陽と海と緑－観光文化のまち Language 日本語 English 한국 简体中文 繁体中文 メニュー 閉じる 文字サイズ 拡大 標準 縮小 暮らし・手続き 戸籍（住民登録・印鑑登録） 申請書と手数料一覧 出生届 死亡届・葬祭費補助 パスポート マイナンバーカード 郵送での手続きについて 水道手続きについて マイナンバーカードを利用したオンライン行政手続きについて 子育て教育 妊娠・出産 子どもの健診・予防接種 保育・幼稚園 子どもの手当・助成・支援制度 学校・教育 健康・福祉 国民年金 国民健康保険について 後期高齢者医療 介護保険 地域包括支援センター 障がい者（児）支援 生活支援 戦没者遺族援護 健康づくり 観
31	17	本部町	沖縄県 本部町 もとぶちょう 太陽と海と緑－観光文化のまち	https://www.town.motobu.okinawa.jp/doc/2023113000024/	フェリー（本部港・渡久地港）運航情報 | 本部町役場 沖縄県 本部町 もとぶちょう 太陽と海と緑－観光文化のまち Language 日本語 English 한국 简体中文 繁体中文 メニュー 閉じる 文字サイズ 拡大 標準 縮小 暮らし・手続き 戸籍（住民登録・印鑑登録） 申請書と手数料一覧 出生届 死亡届・葬祭費補助 パスポート マイナンバーカード 郵送での手続きについて 水道手続きについて マイナンバーカードを利用したオンライン行政手続きについて 子育て教育 妊娠・出産 子どもの健診・予防接種 保育・幼稚園 子どもの手当・助成・支援制度 学校・教育 健康・福祉 国民年金 国民健康保険について 後期高齢者医療 介護保険 地域包括支援センター 障がい者（児）支援 生活支援 戦没者遺族援護 健康づくり 観光・イベ
31	17	本部町	沖縄県 本部町 もとぶちょう 太陽と海と緑－観光文化のまち	https://www.town.motobu.okinawa.jp/doc/2023112200074/	もとぶFree Wi-fiのご案内 | 本部町役場 沖縄県 本部町 もとぶちょう 太陽と海と緑－観光文化のまち Language 日本語 English 한국 简体中文 繁体中文 メニュー 閉じる 文字サイズ 拡大 標準 縮小 暮らし・手続き 戸籍（住民登録・印鑑登録） 申請書と手数料一覧 出生届 死亡届・葬祭費補助 パスポート マイナンバーカード 郵送での手続きについて 水道手続きについて マイナンバーカードを利用したオンライン行政手続きについて 子育て教育 妊娠・出産 子どもの健診・予防接種 保育・幼稚園 子どもの手当・助成・支援制度 学校・教育 健康・福祉 国民年金 国民健康保険について 後期高齢者医療 介護保険 地域包括支援センター 障がい者（児）支援 生活支援 戦没者遺族援護 健康づくり 観光・イベン
31	17	本部町	沖縄県 本部町 もとぶちょう 太陽と海と緑－観光文化のまち	https://www.town.motobu.okinawa.jp/doc/2023111700018/	本部町子育てLINE公式アカウント | 本部町役場 沖縄県 本部町 もとぶちょう 太陽と海と緑－観光文化のまち Language 日本語 English 한국 简体中文 繁体中文 メニュー 閉じる 文字サイズ 拡大 標準 縮小 暮らし・手続き 戸籍（住民登録・印鑑登録） 申請書と手数料一覧 出生届 死亡届・葬祭費補助 パスポート マイナンバーカード 郵送での手続きについて 水道手続きについて マイナンバーカードを利用したオンライン行政手続きについて 子育て教育 妊娠・出産 子どもの健診・予防接種 保育・幼稚園 子どもの手当・助成・支援制度 学校・教育 健康・福祉 国民年金 国民健康保険について 後期高齢者医療 介護保険 地域包括支援センター 障がい者（児）支援 生活支援 戦没者遺族援護 健康づくり 観光・イベン
31	17	本部町	沖縄県 本部町 もとぶちょう 太陽と海と緑－観光文化のまち	https://www.town.motobu.okinawa.jp/doc/2023110900051/	本部町教育委員会及び町立学校職員のハラスメント防止に関する要綱 | 本部町役場 沖縄県 本部町 もとぶちょう 太陽と海と緑－観光文化のまち Language 日本語 English 한국 简体中文 繁体中文 メニュー 閉じる 文字サイズ 拡大 標準 縮小 暮らし・手続き 戸籍（住民登録・印鑑登録） 申請書と手数料一覧 出生届 死亡届・葬祭費補助 パスポート マイナンバーカード 郵送での手続きについて 水道手続きについて マイナンバーカードを利用したオンライン行政手続きについて 子育て教育 妊娠・出産 子どもの健診・予防接種 保育・幼稚園 子どもの手当・助成・支援制度 学校・教育 健康・福祉 国民年金 国民健康保険について 後期高齢者医療 介護保険 地域包括支援センター 障がい者（児）支援 生活支援 戦没者遺族援
30	30	今帰仁村	沖縄県雇用継続助成金のご案内(8月5日更新)	https://www.nakijin.jp/pagtop/jigyosha/jigyosha_oshirase/index.html	事業者の方へお知らせ／今帰仁村 スマートフォン版を表示 本文へ移動 文字サイズ 背景色変更 くらし・手続き 子育て・教育 健康・福祉 歴史・観光 事業者の方へ 行政情報 くらし・手続き 子育て・教育 健康・福祉 歴史・観光 事業者の方へ 行政情報 PC版を表示 現在のページ ホーム 今帰仁村役場 事業者の方へ 事業者の方へお知らせ 事業者の方へお知らせ 今帰仁村特定事業主行動計画について 申請書様式(建設課) 家畜飼養者の皆様へ 飼養衛生管理者の選任について 中小企業組合について 指定給水装置工事事業者の皆様へ 更新申請のお知らせ 沖縄県雇用継続助成金のご案内(8月5日更新) 令和8年度 給与支払報告書の提出について 給水装置工事申込書及び設計書の提出資料変更について 指定給水装置工事事業者指定申請に必要な書類
28	30	宜野座村	自立支援医療費の給付・助成	https://www.vill.ginoza.okinawa.jp/kenko-fukushi/fukushi-service/1/669.html	自立支援医療費の給付・助成／宜野座村 | 水と緑と太陽の里 スマートフォン版を表示 本文へ 文字サイズ 標準 （初期状態） 標準 に戻す 拡大 （初期状態） 拡大 拡大（最大状態） 背景色変更 黒 背景色を黒色にする 青 背景色を青色にする 標準 背景色を元に戻す Select Language English 中文（繁体） 中文（簡体） Go Select your language 閲覧支援/Languagesを閉じる キーワードから探す ページ番号で探す 検索 ページ番号とは？ 目的別で探す くらし 健康・福祉 子育て・教育 観光・文化・スポーツ しごと・産業 村政 防災情報 各課のご案内 検索を閉じる 文字サイズ 背景色変更 Select Language English 中文（繁体） 中文（簡体） G
28	30	宜野座村	自立支援医療費の給付・助成	https://www.vill.ginoza.okinawa.jp/soshiki/1005/5/1/142.html	自立支援医療費の給付・助成／宜野座村 | 水と緑と太陽の里 スマートフォン版を表示 本文へ 文字サイズ 標準 （初期状態） 標準 に戻す 拡大 （初期状態） 拡大 拡大（最大状態） 背景色変更 黒 背景色を黒色にする 青 背景色を青色にする 標準 背景色を元に戻す Select Language English 中文（繁体） 中文（簡体） Go Select your language 閲覧支援/Languagesを閉じる キーワードから探す ページ番号で探す 検索 ページ番号とは？ 目的別で探す くらし 健康・福祉 子育て・教育 観光・文化・スポーツ しごと・産業 村政 防災情報 各課のご案内 検索を閉じる 文字サイズ 背景色変更 Select Language English 中文（繁体） 中文（簡体） G
28	30	今帰仁村	今帰仁村新型コロナウイルス対策大学生等応援給付金(5万円/1人)のご案内	https://www.nakijin.jp/pagtop/information/3031.html	今帰仁村新型コロナウイルス対策大学生等応援給付金(5万円/1人)のご案内／今帰仁村 スマートフォン版を表示 本文へ移動 文字サイズ 背景色変更 くらし・手続き 子育て・教育 健康・福祉 歴史・観光 事業者の方へ 行政情報 くらし・手続き 子育て・教育 健康・福祉 歴史・観光 事業者の方へ 行政情報 PC版を表示 現在のページ ホーム 今帰仁村役場 大切なお知らせ 今帰仁村新型コロナウイルス対策大学生等応援給付金(5万円/1人)のご案内 今帰仁村新型コロナウイルス対策大学生等応援給付金(5万円/1人)のご案内 新型コロナウイルス感染症の長引く影響により経済活動が低迷し、大学生等のアルバイト収入等の減によって大学生等が修学に不安を抱えている状況から、経済的な負担軽減と大学生等の修学継続を支援する給付金です。 ※今帰
28	30	今帰仁村	【事業主の皆さまへ】両立支援等助成金のご案内(6月15日更新)	https://www.nakijin.jp/pagtop/jigyosha/jigyosha_oshirase/2320.html	【事業主の皆さまへ】両立支援等助成金のご案内(6月15日更新)／今帰仁村 スマートフォン版を表示 本文へ移動 文字サイズ 背景色変更 くらし・手続き 子育て・教育 健康・福祉 歴史・観光 事業者の方へ 行政情報 くらし・手続き 子育て・教育 健康・福祉 歴史・観光 事業者の方へ 行政情報 PC版を表示 現在のページ ホーム 今帰仁村役場 事業者の方へ 事業者の方へお知らせ 【事業主の皆さまへ】両立支援等助成金のご案内(6月15日更新) 【事業主の皆さまへ】両立支援等助成金のご案内(6月15日更新) 両立支援等助成金 育児休業等支援コース 「新型コロナウイルス感染症対応特例」のご案内 新型コロナウイルス感染症への対応として、臨時休業等をした小学校等に通う子どもの世話を行う労働者に対し、有給（賃金全額支給）の休暇（
28	30	今帰仁村	【後期高齢者医療保険】新型コロナウイルス感染症に係る保険料の減免及び傷病手当金について	https://www.nakijin.jp/pagtop/kakuka/fukushi/5/2893.html	【後期高齢者医療保険】新型コロナウイルス感染症に係る保険料の減免及び傷病手当金について／今帰仁村 スマートフォン版を表示 本文へ移動 文字サイズ 背景色変更 くらし・手続き 子育て・教育 健康・福祉 歴史・観光 事業者の方へ 行政情報 くらし・手続き 子育て・教育 健康・福祉 歴史・観光 事業者の方へ 行政情報 PC版を表示 現在のページ ホーム 今帰仁村役場 各課ご案内（組織から探す） 健康づくり推進課 国民健康保険・後期高齢者係 【後期高齢者医療保険】新型コロナウイルス感染症に係る保険料の減免及び傷病手当金について 【後期高齢者医療保険】新型コロナウイルス感染症に係る保険料の減免及び傷病手当金について 後期高齢者医療保険料の減免について 新型コロナウイルス感染症により、主たる生計維持者が死亡または重篤な傷病
28	30	今帰仁村	今帰仁村新型コロナウイルス対策大学生等応援給付金(5万円/1人)のご案内	https://www.nakijin.jp/pagtop/kakuka/fukushi/sinngatakoronakannrenn/3027.html	今帰仁村新型コロナウイルス対策大学生等応援給付金(5万円/1人)のご案内／今帰仁村 スマートフォン版を表示 本文へ移動 文字サイズ 背景色変更 くらし・手続き 子育て・教育 健康・福祉 歴史・観光 事業者の方へ 行政情報 くらし・手続き 子育て・教育 健康・福祉 歴史・観光 事業者の方へ 行政情報 PC版を表示 現在のページ ホーム 今帰仁村役場 各課ご案内（組織から探す） 健康づくり推進課 新型コロナウイルス関連 今帰仁村新型コロナウイルス対策大学生等応援給付金(5万円/1人)のご案内 今帰仁村新型コロナウイルス対策大学生等応援給付金(5万円/1人)のご案内 新型コロナウイルス感染症の長引く影響により経済活動が低迷し、大学生等のアルバイト収入等の減によって大学生等が修学に不安を抱えている状況から、経済的な負担
28	30	今帰仁村	【後期高齢者医療保険】新型コロナウイルス感染症に係る保険料の減免及び傷病手当金について	https://www.nakijin.jp/pagtop/kakuka/fukushi/sinngatakoronakannrenn/2888.html	【後期高齢者医療保険】新型コロナウイルス感染症に係る保険料の減免及び傷病手当金について／今帰仁村 スマートフォン版を表示 本文へ移動 文字サイズ 背景色変更 くらし・手続き 子育て・教育 健康・福祉 歴史・観光 事業者の方へ 行政情報 くらし・手続き 子育て・教育 健康・福祉 歴史・観光 事業者の方へ 行政情報 PC版を表示 現在のページ ホーム 今帰仁村役場 各課ご案内（組織から探す） 健康づくり推進課 新型コロナウイルス関連 【後期高齢者医療保険】新型コロナウイルス感染症に係る保険料の減免及び傷病手当金について 【後期高齢者医療保険】新型コロナウイルス感染症に係る保険料の減免及び傷病手当金について 後期高齢者医療保険料の減免について 新型コロナウイルス感染症により、主たる生計維持者が死亡または重篤な傷病を負
28	24	宜野座村	犬猫避妊去勢助成について	https://www.vill.ginoza.okinawa.jp/kurashi/pet-dobutsu/587.html	犬猫避妊去勢助成について／宜野座村 | 水と緑と太陽の里 スマートフォン版を表示 本文へ 文字サイズ 標準 （初期状態） 標準 に戻す 拡大 （初期状態） 拡大 拡大（最大状態） 背景色変更 黒 背景色を黒色にする 青 背景色を青色にする 標準 背景色を元に戻す Select Language English 中文（繁体） 中文（簡体） Go Select your language 閲覧支援/Languagesを閉じる キーワードから探す ページ番号で探す 検索 ページ番号とは？ 目的別で探す くらし 健康・福祉 子育て・教育 観光・文化・スポーツ しごと・産業 村政 防災情報 各課のご案内 検索を閉じる 文字サイズ 背景色変更 Select Language English 中文（繁体） 中文（簡体） Go
28	24	宜野座村	葬斎場使用料補助制度のご案内	https://www.vill.ginoza.okinawa.jp/kurashi/okuyami/594.html	葬斎場使用料補助制度のご案内／宜野座村 | 水と緑と太陽の里 スマートフォン版を表示 本文へ 文字サイズ 標準 （初期状態） 標準 に戻す 拡大 （初期状態） 拡大 拡大（最大状態） 背景色変更 黒 背景色を黒色にする 青 背景色を青色にする 標準 背景色を元に戻す Select Language English 中文（繁体） 中文（簡体） Go Select your language 閲覧支援/Languagesを閉じる キーワードから探す ページ番号で探す 検索 ページ番号とは？ 目的別で探す くらし 健康・福祉 子育て・教育 観光・文化・スポーツ しごと・産業 村政 防災情報 各課のご案内 検索を閉じる 文字サイズ 背景色変更 Select Language English 中文（繁体） 中文（簡体）
28	24	宜野座村	犬猫避妊去勢助成について	https://www.vill.ginoza.okinawa.jp/soshiki/1004/5/177.html	犬猫避妊去勢助成について／宜野座村 | 水と緑と太陽の里 スマートフォン版を表示 本文へ 文字サイズ 標準 （初期状態） 標準 に戻す 拡大 （初期状態） 拡大 拡大（最大状態） 背景色変更 黒 背景色を黒色にする 青 背景色を青色にする 標準 背景色を元に戻す Select Language English 中文（繁体） 中文（簡体） Go Select your language 閲覧支援/Languagesを閉じる キーワードから探す ページ番号で探す 検索 ページ番号とは？ 目的別で探す くらし 健康・福祉 子育て・教育 観光・文化・スポーツ しごと・産業 村政 防災情報 各課のご案内 検索を閉じる 文字サイズ 背景色変更 Select Language English 中文（繁体） 中文（簡体） Go
28	24	宜野座村	葬斎場使用料補助制度のご案内	https://www.vill.ginoza.okinawa.jp/soshiki/1004/6/283.html	葬斎場使用料補助制度のご案内／宜野座村 | 水と緑と太陽の里 スマートフォン版を表示 本文へ 文字サイズ 標準 （初期状態） 標準 に戻す 拡大 （初期状態） 拡大 拡大（最大状態） 背景色変更 黒 背景色を黒色にする 青 背景色を青色にする 標準 背景色を元に戻す Select Language English 中文（繁体） 中文（簡体） Go Select your language 閲覧支援/Languagesを閉じる キーワードから探す ページ番号で探す 検索 ページ番号とは？ 目的別で探す くらし 健康・福祉 子育て・教育 観光・文化・スポーツ しごと・産業 村政 防災情報 各課のご案内 検索を閉じる 文字サイズ 背景色変更 Select Language English 中文（繁体） 中文（簡体）
26	36	今帰仁村	教育委員会	https://www.nakijin.jp/pagtop/kosodate/kyoiku_iinkai/index.html	教育委員会／今帰仁村 スマートフォン版を表示 本文へ移動 文字サイズ 背景色変更 HOME 学校教育課 社会教育課 資料・申請書 ダウンロード 地図 閉じる ホーム 学校教育課 社会教育課 資料・申請書ダウンロード 地図 --> 今帰仁村ホームページ PC版を表示 閉じる 今帰仁村 教育委員会 NAKIJIN VILLAGE BOARD OF EDUCATION 小・中学校 支援制度 資料・申請書ダウンロード 新着情報 現在、新着情報はございません。 大切なお知らせ 2026年06月26日 「今帰仁村に残る戦争の跡」のご案内 2026年04月17日 いじめの重大事態の公表について 2026年04月13日 今帰仁村児童生徒家庭休暇制度（ラーケーション）が始まります 2026年03月30日 今帰仁村いじめ防止基本方
26	30	今帰仁村	今帰仁村ひとり親家庭等放課後児童クラブ利用支援事業について	https://www.nakijin.jp/pagtop/kosodate/3014.html	今帰仁村ひとり親家庭等放課後児童クラブ利用支援事業について／今帰仁村 スマートフォン版を表示 本文へ移動 文字サイズ 背景色変更 くらし・手続き 子育て・教育 健康・福祉 歴史・観光 事業者の方へ 行政情報 くらし・手続き 子育て・教育 健康・福祉 歴史・観光 事業者の方へ 行政情報 PC版を表示 現在のページ ホーム 今帰仁村役場 子育て・教育 今帰仁村ひとり親家庭等放課後児童クラブ利用支援事業について 今帰仁村ひとり親家庭等放課後児童クラブ利用支援事業について 今帰仁村内の学童クラブを利用する際の利用料等について補助を行います。 補助を受けるには所定のお手続きが必要です。 【目的】 ひとり親家庭等における学童クラブ利用料金の負担を軽減し、当該家庭の生活と自立を支援することを目的とします。 【対象となる方】
26	30	今帰仁村	今帰仁村ひとり親家庭等放課後児童クラブ利用支援事業について	https://www.nakijin.jp/pagtop/kakuka/hukusikodomoka/3_1/3010.html	今帰仁村ひとり親家庭等放課後児童クラブ利用支援事業について／今帰仁村 スマートフォン版を表示 本文へ移動 文字サイズ 背景色変更 くらし・手続き 子育て・教育 健康・福祉 歴史・観光 事業者の方へ 行政情報 くらし・手続き 子育て・教育 健康・福祉 歴史・観光 事業者の方へ 行政情報 PC版を表示 現在のページ ホーム 今帰仁村役場 各課ご案内（組織から探す） 福祉・こども課 こども未来係、こども園・保育所係 今帰仁村ひとり親家庭等放課後児童クラブ利用支援事業について 今帰仁村ひとり親家庭等放課後児童クラブ利用支援事業について 今帰仁村内の学童クラブを利用する際の利用料等について補助を行います。 補助を受けるには所定のお手続きが必要です。 【目的】 ひとり親家庭等における学童クラブ利用料金の負担を軽減し、当該家
26	23	恩納村	沖縄県融資制度のご案内	https://www.vill.onna.okinawa.jp/business/industry/1523852807/	沖縄県融資制度のご案内 | 沖縄県恩納村 | 恩（めぐみ）の青 豊かな緑 輝く人々 未来へつなごう恩納村 総合トップ 本文へ 恩(めぐみ)の青 豊かな緑 輝く人々 未来へつなごう恩納村 日本語 English 簡体中文 繁体中文 한국어 サイトマップ よくあるご質問 お問い合わせ アクセシビリティ 総合トップ トップページ 暮らしの情報 恩納村の情報 観光情報 村政情報 防災情報 事業者の方へ ホーム 事業者の方へ 商工業 沖縄県融資制度のご案内 沖縄県融資制度のご案内 沖縄県融資制度のご案内 沖縄県内で１年以上事業を営む中小企業者、協同組合等をはじめ、これから創業したい方などを対象として、県と金融機関が協調し、かつ原則として沖縄県信用保証協会の保証を付与して上で、事業に必要な融資を行う制度です。 一部の資金は
26	19	今帰仁村	軽石漂着被害に関する相談窓口の設置及び特別融資について	https://www.nakijin.jp/pagtop/jigyosha/jigyosha_oshirase/2573.html	軽石漂着被害に関する相談窓口の設置及び特別融資について／今帰仁村 スマートフォン版を表示 本文へ移動 文字サイズ 背景色変更 くらし・手続き 子育て・教育 健康・福祉 歴史・観光 事業者の方へ 行政情報 くらし・手続き 子育て・教育 健康・福祉 歴史・観光 事業者の方へ 行政情報 PC版を表示 現在のページ ホーム 今帰仁村役場 事業者の方へ 事業者の方へお知らせ 軽石漂着被害に関する相談窓口の設置及び特別融資について 軽石漂着被害に関する相談窓口の設置及び特別融資について 小笠原諸島海底火山の噴火に伴う軽石の漂着により、影響を受けられた皆様に対し、心よりお見舞い申し上げます。 このたび、沖縄総合事務局及び県内各金融機関では、軽石漂着の影響を受けられた事業者を対象に、相談窓口の設置及び特別融資の実施を行っていま
26	18	恩納村	中小企業信用保険法第2条第5項第1号（セーフティネット保証1号）について	https://www.vill.onna.okinawa.jp/business/industry/1523852807/1783942628/	中小企業信用保険法第2条第5項第1号（セーフティネット保証1号）について | 沖縄県恩納村 | 恩（めぐみ）の青 豊かな緑 輝く人々 未来へつなごう恩納村 総合トップ 本文へ 恩(めぐみ)の青 豊かな緑 輝く人々 未来へつなごう恩納村 日本語 English 簡体中文 繁体中文 한국어 サイトマップ よくあるご質問 お問い合わせ アクセシビリティ 総合トップ トップページ 暮らしの情報 恩納村の情報 観光情報 村政情報 防災情報 事業者の方へ ホーム 事業者の方へ 商工業 沖縄県融資制度のご案内 中小企業信用保険法第2条第5項第1号（セーフティネット保証1号）について 中小企業信用保険法第2条第5項第1号（セーフティネット保証1号）について セーフティーネット保証１号 【R8.7.13 更新】 セーフティネット
26	16	今帰仁村	税金	https://www.nakijin.jp/pagtop/kakuka/juminka/5/2/2/index.html	税金／今帰仁村 スマートフォン版を表示 本文へ移動 文字サイズ 背景色変更 くらし・手続き 子育て・教育 健康・福祉 歴史・観光 事業者の方へ 行政情報 くらし・手続き 子育て・教育 健康・福祉 歴史・観光 事業者の方へ 行政情報 PC版を表示 現在のページ ホーム 今帰仁村役場 各課ご案内（組織から探す） 住民課 住民税係 くらし・手続き 税金 税金 令和8年度 給与支払報告書の提出について 村県民税について 今帰仁村の税金について 個人住民税(特徴)に関する申請書類等 村たばこ税について 村税及び料金等コンビニエンスストア収納開始のお知らせ 新型コロナウィルス感染症の拡大防止のための自動車税種別割及び軽自動車税種別割に係る取扱いについて 定額減税しきれないと見込まれる方への給付金（調整給付） 令和6年度 村
25	30	金武町	金武町不妊治療費等助成事業	https://www.town.kin.okinawa.jp/kosodate_kyoiku/ninshin_shussan/suppoort_ninshin_shussan/650.html	金武町不妊治療費等助成事業／金武町 Official Site スマートフォン版を表示 本文へ 文字サイズ 背景色変更 Foreign Language 各課のご案内 くらし・手続き くらし・手続き下層 医療・健康・福祉 医療・健康・福祉下層 子育て・教育 子育て・教育下層 文化・観光・スポーツ 文化・観光・スポーツ下層 しごと・産業 しごと・産業下層 行政情報 行政情報下層 くらし・手続き 医療・健康・福祉 子育て・教育 文化・国際交流・スポーツ しごと・産業 行政情報 文字サイズ 背景色変更 Foreign Language 各課のご案内 PC版で見る 閉じる 現在のページ ホーム 子育て・教育 妊娠・出産 サポート（妊娠・出産） 金武町不妊治療費等助成事業 金武町不妊治療費等助成事業 Tweet 更新日：
25	25	今帰仁村	【沖縄県】観光関連事業者等応援プロジェクト支援金の受付開始について(8月6日更新)	https://www.nakijin.jp/pagtop/jigyosha/jigyosha_oshirase/2425.html	【沖縄県】観光関連事業者等応援プロジェクト支援金の受付開始について(8月6日更新)／今帰仁村 スマートフォン版を表示 本文へ移動 文字サイズ 背景色変更 くらし・手続き 子育て・教育 健康・福祉 歴史・観光 事業者の方へ 行政情報 くらし・手続き 子育て・教育 健康・福祉 歴史・観光 事業者の方へ 行政情報 PC版を表示 現在のページ ホーム 今帰仁村役場 事業者の方へ 事業者の方へお知らせ 【沖縄県】観光関連事業者等応援プロジェクト支援金の受付開始について(8月6日更新) 【沖縄県】観光関連事業者等応援プロジェクト支援金の受付開始について(8月6日更新) 沖縄県では、2021年4月以降の緊急事態措置等による影響を受けて売上が減少し、経済産業省の月次支援金を受給した県内事業者に対して、沖縄県独自の支援となる 「
25	25	本部町	子どもの手当・助成・支援制度	https://www.town.motobu.okinawa.jp/doc/2024092700035/	子どもの手当・助成・支援制度 | 本部町役場 沖縄県 本部町 もとぶちょう 太陽と海と緑－観光文化のまち Language 日本語 English 한국 简体中文 繁体中文 メニュー 閉じる 文字サイズ 拡大 標準 縮小 暮らし・手続き 戸籍（住民登録・印鑑登録） 申請書と手数料一覧 出生届 死亡届・葬祭費補助 パスポート マイナンバーカード 郵送での手続きについて 水道手続きについて マイナンバーカードを利用したオンライン行政手続きについて 子育て教育 妊娠・出産 子どもの健診・予防接種 保育・幼稚園 子どもの手当・助成・支援制度 学校・教育 健康・福祉 国民年金 国民健康保険について 後期高齢者医療 介護保険 地域包括支援センター 障がい者（児）支援 生活支援 戦没者遺族援護 健康づくり 観光・イベント 本
24	30	今帰仁村	国民健康保険の給付について	https://www.nakijin.jp/pagtop/kakuka/fukushi/5/3/3/475.html	国民健康保険の給付について／今帰仁村 スマートフォン版を表示 本文へ移動 文字サイズ 背景色変更 くらし・手続き 子育て・教育 健康・福祉 歴史・観光 事業者の方へ 行政情報 くらし・手続き 子育て・教育 健康・福祉 歴史・観光 事業者の方へ 行政情報 PC版を表示 現在のページ ホーム 今帰仁村役場 各課ご案内（組織から探す） 健康づくり推進課 国民健康保険・後期高齢者係 健康・福祉 国民健康保険 国民健康保険の給付について 国民健康保険の給付について お問い合わせ先：健康づくり推進課 電話(0980)56-4189 国民健康保険（国保）で受けられる給付について 国保に加入し、病院などの窓口で保険証を提示すると、次のような医療の給付が受けられます。ただし、年齢などによって自己負担の割合は異なります。70歳以上
23	24	宜野座村	令和6年度特定防衛施設周辺整備調整交付金事業評価書（宜野座村特定健診車両購入）	https://www.vill.ginoza.okinawa.jp/soshiki/1005/9/4/1314.html	令和6年度特定防衛施設周辺整備調整交付金事業評価書（宜野座村特定健診車両購入）／宜野座村 | 水と緑と太陽の里 スマートフォン版を表示 本文へ 文字サイズ 標準 （初期状態） 標準 に戻す 拡大 （初期状態） 拡大 拡大（最大状態） 背景色変更 黒 背景色を黒色にする 青 背景色を青色にする 標準 背景色を元に戻す Select Language English 中文（繁体） 中文（簡体） Go Select your language 閲覧支援/Languagesを閉じる キーワードから探す ページ番号で探す 検索 ページ番号とは？ 目的別で探す くらし 健康・福祉 子育て・教育 観光・文化・スポーツ しごと・産業 村政 防災情報 各課のご案内 検索を閉じる 文字サイズ 背景色変更 Select Langua
23	22	宜野座村	【令和5年度特定防衛施設周辺整備調整交付金事業（宜野座村清掃ダンプ購入）について】	https://www.vill.ginoza.okinawa.jp/soshiki/1004/8/245.html	【令和5年度特定防衛施設周辺整備調整交付金事業（宜野座村清掃ダンプ購入）について】／宜野座村 | 水と緑と太陽の里 スマートフォン版を表示 本文へ 文字サイズ 標準 （初期状態） 標準 に戻す 拡大 （初期状態） 拡大 拡大（最大状態） 背景色変更 黒 背景色を黒色にする 青 背景色を青色にする 標準 背景色を元に戻す Select Language English 中文（繁体） 中文（簡体） Go Select your language 閲覧支援/Languagesを閉じる キーワードから探す ページ番号で探す 検索 ページ番号とは？ 目的別で探す くらし 健康・福祉 子育て・教育 観光・文化・スポーツ しごと・産業 村政 防災情報 各課のご案内 検索を閉じる 文字サイズ 背景色変更 Select Lang
23	22	宜野座村	【令和6年度特定防衛施設周辺整備調整交付金事業（宜野座村立保育所車両及び訪問用福祉購入）について	https://www.vill.ginoza.okinawa.jp/soshiki/1005/9/4/114.html	【令和6年度特定防衛施設周辺整備調整交付金事業（宜野座村立保育所車両及び訪問用福祉購入）について／宜野座村 | 水と緑と太陽の里 スマートフォン版を表示 本文へ 文字サイズ 標準 （初期状態） 標準 に戻す 拡大 （初期状態） 拡大 拡大（最大状態） 背景色変更 黒 背景色を黒色にする 青 背景色を青色にする 標準 背景色を元に戻す Select Language English 中文（繁体） 中文（簡体） Go Select your language 閲覧支援/Languagesを閉じる キーワードから探す ページ番号で探す 検索 ページ番号とは？ 目的別で探す くらし 健康・福祉 子育て・教育 観光・文化・スポーツ しごと・産業 村政 防災情報 各課のご案内 検索を閉じる 文字サイズ 背景色変更 Sele
23	22	宜野座村	令和6年度特定防衛施設周辺整備調整交付金事業：宜野座村特定健診車両購入	https://www.vill.ginoza.okinawa.jp/soshiki/1005/oshirase/1020.html	令和6年度特定防衛施設周辺整備調整交付金事業：宜野座村特定健診車両購入／宜野座村 | 水と緑と太陽の里 スマートフォン版を表示 本文へ 文字サイズ 標準 （初期状態） 標準 に戻す 拡大 （初期状態） 拡大 拡大（最大状態） 背景色変更 黒 背景色を黒色にする 青 背景色を青色にする 標準 背景色を元に戻す Select Language English 中文（繁体） 中文（簡体） Go Select your language 閲覧支援/Languagesを閉じる キーワードから探す ページ番号で探す 検索 ページ番号とは？ 目的別で探す くらし 健康・福祉 子育て・教育 観光・文化・スポーツ しごと・産業 村政 防災情報 各課のご案内 検索を閉じる 文字サイズ 背景色変更 Select Language E
22	30	宜野座村	国の「月次支援金」について	https://www.vill.ginoza.okinawa.jp/shigoto-sangyo/shokogyo/554.html	国の「月次支援金」について／宜野座村 | 水と緑と太陽の里 スマートフォン版を表示 本文へ 文字サイズ 標準 （初期状態） 標準 に戻す 拡大 （初期状態） 拡大 拡大（最大状態） 背景色変更 黒 背景色を黒色にする 青 背景色を青色にする 標準 背景色を元に戻す Select Language English 中文（繁体） 中文（簡体） Go Select your language 閲覧支援/Languagesを閉じる キーワードから探す ページ番号で探す 検索 ページ番号とは？ 目的別で探す くらし 健康・福祉 子育て・教育 観光・文化・スポーツ しごと・産業 村政 防災情報 各課のご案内 検索を閉じる 文字サイズ 背景色変更 Select Language English 中文（繁体） 中文（簡体） G
22	30	宜野座村	定額減税補足給付金（不足額給付）	https://www.vill.ginoza.okinawa.jp/soshiki/1001/oshirase/1223.html	定額減税補足給付金（不足額給付）／宜野座村 | 水と緑と太陽の里 スマートフォン版を表示 本文へ 文字サイズ 標準 （初期状態） 標準 に戻す 拡大 （初期状態） 拡大 拡大（最大状態） 背景色変更 黒 背景色を黒色にする 青 背景色を青色にする 標準 背景色を元に戻す Select Language English 中文（繁体） 中文（簡体） Go Select your language 閲覧支援/Languagesを閉じる キーワードから探す ページ番号で探す 検索 ページ番号とは？ 目的別で探す くらし 健康・福祉 子育て・教育 観光・文化・スポーツ しごと・産業 村政 防災情報 各課のご案内 検索を閉じる 文字サイズ 背景色変更 Select Language English 中文（繁体） 中文（簡体
22	30	宜野座村	国の「月次支援金」について	https://www.vill.ginoza.okinawa.jp/soshiki/1005/oshirase/275.html	国の「月次支援金」について／宜野座村 | 水と緑と太陽の里 スマートフォン版を表示 本文へ 文字サイズ 標準 （初期状態） 標準 に戻す 拡大 （初期状態） 拡大 拡大（最大状態） 背景色変更 黒 背景色を黒色にする 青 背景色を青色にする 標準 背景色を元に戻す Select Language English 中文（繁体） 中文（簡体） Go Select your language 閲覧支援/Languagesを閉じる キーワードから探す ページ番号で探す 検索 ページ番号とは？ 目的別で探す くらし 健康・福祉 子育て・教育 観光・文化・スポーツ しごと・産業 村政 防災情報 各課のご案内 検索を閉じる 文字サイズ 背景色変更 Select Language English 中文（繁体） 中文（簡体） G
20	32	宜野座村	令和7年度特定防衛施設周辺整備調整交付金事業公表	https://www.vill.ginoza.okinawa.jp/kyoiku/syakaikyoiku/1347.html	令和7年度特定防衛施設周辺整備調整交付金事業公表／宜野座村 | 水と緑と太陽の里 スマートフォン版を表示 本文へ 文字サイズ 標準 （初期状態） 標準 に戻す 拡大 （初期状態） 拡大 拡大（最大状態） 背景色変更 黒 背景色を黒色にする 青 背景色を青色にする 標準 背景色を元に戻す Select Language English 中文（繁体） 中文（簡体） Go Select your language menu close 文字サイズ 背景色変更 Select Language English 中文（繁体） 中文（簡体） Go Select your language PC版を見る 閉じる 現在のページ ホーム 教育委員会 社会教育課 令和7年度特定防衛施設周辺整備調整交付金事業公表 令和7年度特定防衛施
20	30	今帰仁村	正社員雇用拡大助成金事業、トライアル雇用助成金のご案内（7月12日更新）	https://www.nakijin.jp/pagtop/jigyosha/jigyosha_oshirase/2371.html	正社員雇用拡大助成金事業、トライアル雇用助成金のご案内（7月12日更新）／今帰仁村 スマートフォン版を表示 本文へ移動 文字サイズ 背景色変更 くらし・手続き 子育て・教育 健康・福祉 歴史・観光 事業者の方へ 行政情報 くらし・手続き 子育て・教育 健康・福祉 歴史・観光 事業者の方へ 行政情報 PC版を表示 現在のページ ホーム 今帰仁村役場 事業者の方へ 事業者の方へお知らせ 正社員雇用拡大助成金事業、トライアル雇用助成金のご案内（7月12日更新） 正社員雇用拡大助成金事業、トライアル雇用助成金のご案内（7月12日更新） 〇正社員雇用拡大助成金事業 （沖縄県委託事業） 正規雇用の拡大を図るため、若年者を正社員として雇用し定着につなげるための取組を行う企業に対し、助成金を支給し、正社員就職機会の創出や職場定
20	28	今帰仁村	新型コロナウイルス感染症に感染した被用者等への傷病手当金について	https://www.nakijin.jp/pagtop/kakuka/fukushi/sinngatakoronakannrenn/1789.html	【国民健康保険加入者の皆様へ】 新型コロナウイルス感染症に感染した被用者等への傷病手当金について／今帰仁村 スマートフォン版を表示 本文へ移動 文字サイズ 背景色変更 くらし・手続き 子育て・教育 健康・福祉 歴史・観光 事業者の方へ 行政情報 くらし・手続き 子育て・教育 健康・福祉 歴史・観光 事業者の方へ 行政情報 PC版を表示 現在のページ ホーム 今帰仁村役場 各課ご案内（組織から探す） 健康づくり推進課 新型コロナウイルス関連 【国民健康保険加入者の皆様へ】 新型コロナウイルス感染症に感染した被用者等への傷病手当金について 【国民健康保険加入者の皆様へ】 新型コロナウイルス感染症に感染した被用者等への傷病手当金について 今帰仁村国民健康保険の被保険者が新型コロナウイルス感染症に感染した場合または発熱
20	25	今帰仁村	沖縄県雇用継続助成金のご案内(8月5日更新)	https://www.nakijin.jp/pagtop/jigyosha/jigyosha_oshirase/1896.html	沖縄県雇用継続助成金のご案内(8月5日更新)／今帰仁村 スマートフォン版を表示 本文へ移動 文字サイズ 背景色変更 くらし・手続き 子育て・教育 健康・福祉 歴史・観光 事業者の方へ 行政情報 くらし・手続き 子育て・教育 健康・福祉 歴史・観光 事業者の方へ 行政情報 PC版を表示 現在のページ ホーム 今帰仁村役場 事業者の方へ 事業者の方へお知らせ 沖縄県雇用継続助成金のご案内(8月5日更新) 沖縄県雇用継続助成金のご案内(8月5日更新) 【概要】 沖縄県では、新型コロナウイルス感染症に対する緊急対策として、国の「雇用調整助成金」または「緊急雇用安定助成金」の支給決定を受けた事業主を対象に、事業主の負担となる休業手当について、一定の割合を上乗せ助成することにより、県内企業の負担を軽減し、雇用の維持を図るこ
19	20	恩納村	【更新】第2回無料相談会お知らせ～外国人の労働・雇用に関するサイトのご案内～	https://www.vill.onna.okinawa.jp/topics/1680833280/	【更新】第2回無料相談会お知らせ～外国人の労働・雇用に関するサイトのご案内～ | 新着情報 | 沖縄県恩納村 | 恩（めぐみ）の青 豊かな緑 輝く人々 未来へつなごう恩納村 総合トップ 本文へ 恩(めぐみ)の青 豊かな緑 輝く人々 未来へつなごう恩納村 日本語 English 簡体中文 繁体中文 한국어 サイトマップ よくあるご質問 お問い合わせ アクセシビリティ 総合トップ トップページ 暮らしの情報 恩納村の情報 観光情報 村政情報 防災情報 事業者の方へ ホーム 新着情報 【更新】第2回無料相談会お知らせ～外国人の労働・雇用に関するサイトのご案内～ 【更新】第2回無料相談会お知らせ～外国人の労働・雇用に関するサイトのご案内～ 最終更新日：2023 08 23 外国人の労働や雇用に関する情報については、下記
19	16	恩納村	補装具費の支給について	https://www.vill.onna.okinawa.jp/living/welfare/1621390637/	補装具費の支給について | 沖縄県恩納村 | 恩（めぐみ）の青 豊かな緑 輝く人々 未来へつなごう恩納村 総合トップ 本文へ 恩(めぐみ)の青 豊かな緑 輝く人々 未来へつなごう恩納村 日本語 English 簡体中文 繁体中文 한국어 サイトマップ よくあるご質問 お問い合わせ アクセシビリティ 総合トップ トップページ 暮らしの情報 恩納村の情報 観光情報 村政情報 防災情報 事業者の方へ ホーム 暮らしの情報 障がい・福祉 補装具費の支給について 補装具費の支給について 補装具費の支給 身体の障害を補うため、障害に応じ補装具の交付及び、修理ができます。 原則1割が自己負担になり、世帯の所得に応じて、自己負担限度額が設定される場合があります。 （例：車イス、補聴器、装具、座位保持装置、義足、義手、義眼、歩行
18	30	今帰仁村	(保育士・保育補助員)	https://www.nakijin.jp/pagtop/gyosei/syokuinbosyu/2834.html	令和8年度今帰仁村会計年度任用職員(パートタイム)登録者募集要項 (保育士・保育補助員)／今帰仁村 スマートフォン版を表示 本文へ移動 文字サイズ 背景色変更 くらし・手続き 子育て・教育 健康・福祉 歴史・観光 事業者の方へ 行政情報 くらし・手続き 子育て・教育 健康・福祉 歴史・観光 事業者の方へ 行政情報 PC版を表示 現在のページ ホーム 今帰仁村役場 行政情報 職員募集等 令和8年度今帰仁村会計年度任用職員(パートタイム)登録者募集要項 (保育士・保育補助員) 令和8年度今帰仁村会計年度任用職員(パートタイム)登録者募集要項 (保育士・保育補助員) 和8年度会計年度任用職員（保育士・保育補助員）の任用に関し、以下のとおり登録者を募集します。 勤務場所 認定こども園みらい（今帰仁村字越地180番地）
18	30	今帰仁村	(保育士・保育補助員)	https://www.nakijin.jp/pagtop/kakuka/hukusikodomoka/3_1/2832.html	令和8年度今帰仁村会計年度任用職員(パートタイム)登録者募集要項 (保育士・保育補助員)／今帰仁村 スマートフォン版を表示 本文へ移動 文字サイズ 背景色変更 くらし・手続き 子育て・教育 健康・福祉 歴史・観光 事業者の方へ 行政情報 くらし・手続き 子育て・教育 健康・福祉 歴史・観光 事業者の方へ 行政情報 PC版を表示 現在のページ ホーム 今帰仁村役場 各課ご案内（組織から探す） 福祉・こども課 こども未来係、こども園・保育所係 令和8年度今帰仁村会計年度任用職員(パートタイム)登録者募集要項 (保育士・保育補助員) 令和8年度今帰仁村会計年度任用職員(パートタイム)登録者募集要項 (保育士・保育補助員) 和8年度会計年度任用職員（保育士・保育補助員）の任用に関し、以下のとおり登録者を募集します。 勤
18	28	恩納村	物価高騰対応重点支援地方創生臨時交付金を活用した事業の実施状況及びその効果公表について	https://www.vill.onna.okinawa.jp/topics/1740639067/	物価高騰対応重点支援地方創生臨時交付金を活用した事業の実施状況及びその効果公表について | 新着情報 | 沖縄県恩納村 | 恩（めぐみ）の青 豊かな緑 輝く人々 未来へつなごう恩納村 総合トップ 本文へ 恩(めぐみ)の青 豊かな緑 輝く人々 未来へつなごう恩納村 日本語 English 簡体中文 繁体中文 한국어 サイトマップ よくあるご質問 お問い合わせ アクセシビリティ 総合トップ トップページ 暮らしの情報 恩納村の情報 観光情報 村政情報 防災情報 事業者の方へ ホーム 新着情報 物価高騰対応重点支援地方創生臨時交付金を活用した事業の実施状況及びその効果公表について 物価高騰対応重点支援地方創生臨時交付金を活用した事業の実施状況及びその効果公表について 最終更新日：2025 08 01 物価高騰 対応重
18	28	宜野座村	JIS X 8341-3:2016に基づく試験結果（2025年度版）	https://www.vill.ginoza.okinawa.jp/soshiki/1001/1/1126.html	JIS X 8341-3:2016に基づく試験結果（2025年度版）／宜野座村 | 水と緑と太陽の里 スマートフォン版を表示 本文へ 文字サイズ 標準 （初期状態） 標準 に戻す 拡大 （初期状態） 拡大 拡大（最大状態） 背景色変更 黒 背景色を黒色にする 青 背景色を青色にする 標準 背景色を元に戻す Select Language English 中文（繁体） 中文（簡体） Go Select your language 閲覧支援/Languagesを閉じる キーワードから探す ページ番号で探す 検索 ページ番号とは？ 目的別で探す くらし 健康・福祉 子育て・教育 観光・文化・スポーツ しごと・産業 村政 防災情報 各課のご案内 検索を閉じる 文字サイズ 背景色変更 Select Language En
18	26	宜野座村	令和7年度宜野座中学校楽器備品購入について	https://www.vill.ginoza.okinawa.jp/kyoiku/gakko/1260.html	令和7年度宜野座中学校楽器備品購入について／宜野座村 | 水と緑と太陽の里 スマートフォン版を表示 本文へ 文字サイズ 標準 （初期状態） 標準 に戻す 拡大 （初期状態） 拡大 拡大（最大状態） 背景色変更 黒 背景色を黒色にする 青 背景色を青色にする 標準 背景色を元に戻す Select Language English 中文（繁体） 中文（簡体） Go Select your language menu close 文字サイズ 背景色変更 Select Language English 中文（繁体） 中文（簡体） Go Select your language PC版を見る 閉じる 現在のページ ホーム 教育委員会 学校教育 令和7年度宜野座中学校楽器備品購入について 令和7年度宜野座中学校楽器備品購入
18	23	恩納村	新型コロナウイルス感染症対応地方創生臨時交付金実施状況及び効果の公表について	https://www.vill.onna.okinawa.jp/topics/1702450943/	新型コロナウイルス感染症対応地方創生臨時交付金実施状況及び効果の公表について | 新着情報 | 沖縄県恩納村 | 恩（めぐみ）の青 豊かな緑 輝く人々 未来へつなごう恩納村 総合トップ 本文へ 恩(めぐみ)の青 豊かな緑 輝く人々 未来へつなごう恩納村 日本語 English 簡体中文 繁体中文 한국어 サイトマップ よくあるご質問 お問い合わせ アクセシビリティ 総合トップ トップページ 暮らしの情報 恩納村の情報 観光情報 村政情報 防災情報 事業者の方へ ホーム 新着情報 新型コロナウイルス感染症対応地方創生臨時交付金実施状況及び効果の公表について 新型コロナウイルス感染症対応地方創生臨時交付金実施状況及び効果の公表について 最終更新日：2025 02 26 新型コロナウイルス感染症対応地方創生臨時交付金
18	22	宜野座村	禁煙治療費助成事業のお知らせ	https://www.vill.ginoza.okinawa.jp/kenko-fukushi/kenkozukuri/550.html	禁煙治療費助成事業のお知らせ／宜野座村 | 水と緑と太陽の里 スマートフォン版を表示 本文へ 文字サイズ 標準 （初期状態） 標準 に戻す 拡大 （初期状態） 拡大 拡大（最大状態） 背景色変更 黒 背景色を黒色にする 青 背景色を青色にする 標準 背景色を元に戻す Select Language English 中文（繁体） 中文（簡体） Go Select your language 閲覧支援/Languagesを閉じる キーワードから探す ページ番号で探す 検索 ページ番号とは？ 目的別で探す くらし 健康・福祉 子育て・教育 観光・文化・スポーツ しごと・産業 村政 防災情報 各課のご案内 検索を閉じる 文字サイズ 背景色変更 Select Language English 中文（繁体） 中文（簡体）
18	22	宜野座村	禁煙治療費助成事業のお知らせ	https://www.vill.ginoza.okinawa.jp/soshiki/1005/8/125.html	禁煙治療費助成事業のお知らせ／宜野座村 | 水と緑と太陽の里 スマートフォン版を表示 本文へ 文字サイズ 標準 （初期状態） 標準 に戻す 拡大 （初期状態） 拡大 拡大（最大状態） 背景色変更 黒 背景色を黒色にする 青 背景色を青色にする 標準 背景色を元に戻す Select Language English 中文（繁体） 中文（簡体） Go Select your language 閲覧支援/Languagesを閉じる キーワードから探す ページ番号で探す 検索 ページ番号とは？ 目的別で探す くらし 健康・福祉 子育て・教育 観光・文化・スポーツ しごと・産業 村政 防災情報 各課のご案内 検索を閉じる 文字サイズ 背景色変更 Select Language English 中文（繁体） 中文（簡体）
18	21	今帰仁村	今帰仁村子ども・子育て支援事業計画	https://www.nakijin.jp/pagtop/kakuka/hukusikodomoka/3_1/index.html	こども未来係、こども園・保育所係／今帰仁村 スマートフォン版を表示 本文へ移動 文字サイズ 背景色変更 くらし・手続き 子育て・教育 健康・福祉 歴史・観光 事業者の方へ 行政情報 くらし・手続き 子育て・教育 健康・福祉 歴史・観光 事業者の方へ 行政情報 PC版を表示 現在のページ ホーム 今帰仁村役場 各課ご案内（組織から探す） 福祉・こども課 こども未来係、こども園・保育所係 こども未来係、こども園・保育所係 問い合わせ先 こども未来係、こども園・保育所係 電話：0980-56-2198 今帰仁村子ども・子育て支援事業計画 今帰仁村子育て支援センターきらきらについて LINEで相談「おきなわ子どもククルーム」のご案内 令和8年度今帰仁村会計年度任用職員(パートタイム)登録者募集要項 (保育士・保育補助員
18	20	恩納村	地域づくり支援事業活用イベント『子どもの育ちと性の安全』講演会の開催について	https://www.vill.onna.okinawa.jp/topics/1767686410/	地域づくり支援事業活用イベント『子どもの育ちと性の安全』講演会の開催について | 新着情報 | 沖縄県恩納村 | 恩（めぐみ）の青 豊かな緑 輝く人々 未来へつなごう恩納村 総合トップ 本文へ 恩(めぐみ)の青 豊かな緑 輝く人々 未来へつなごう恩納村 日本語 English 簡体中文 繁体中文 한국어 サイトマップ よくあるご質問 お問い合わせ アクセシビリティ 総合トップ トップページ 暮らしの情報 恩納村の情報 観光情報 村政情報 防災情報 事業者の方へ ホーム 新着情報 地域づくり支援事業活用イベント『子どもの育ちと性の安全』講演会の開催について 地域づくり支援事業活用イベント『子どもの育ちと性の安全』講演会の開催について 最終更新日：2026 01 09 令和７年度 恩納村地域づくり支援採択事業 【教
18	20	恩納村	地域づくり支援事業活用イベント	https://www.vill.onna.okinawa.jp/topics/1767590361/	地域づくり支援事業活用イベント 『NEW YEAR CONCERT♩』開催 | 新着情報 | 沖縄県恩納村 | 恩（めぐみ）の青 豊かな緑 輝く人々 未来へつなごう恩納村 総合トップ 本文へ 恩(めぐみ)の青 豊かな緑 輝く人々 未来へつなごう恩納村 日本語 English 簡体中文 繁体中文 한국어 サイトマップ よくあるご質問 お問い合わせ アクセシビリティ 総合トップ トップページ 暮らしの情報 恩納村の情報 観光情報 村政情報 防災情報 事業者の方へ ホーム 新着情報 地域づくり支援事業活用イベント 『NEW YEAR CONCERT♩』開催 地域づくり支援事業活用イベント 『NEW YEAR CONCERT♩』開催 最終更新日：2026 01 05 ２０２６ ナビーズ混声合唱団 ＮＥＷ ＹＥＡＲ ＣＯ
18	19	今帰仁村	企画係	https://www.nakijin.jp/pagtop/kakuka/kikakuzaisei/2/index.html	企画係／今帰仁村 スマートフォン版を表示 本文へ移動 文字サイズ 背景色変更 くらし・手続き 子育て・教育 健康・福祉 歴史・観光 事業者の方へ 行政情報 くらし・手続き 子育て・教育 健康・福祉 歴史・観光 事業者の方へ 行政情報 PC版を表示 現在のページ ホーム 今帰仁村役場 各課ご案内（組織から探す） 企画財政課 企画係 企画係 税金 【公表】沖縄振興特別推進市町村交付金事業(一括交付金)について 沖縄振興特定事業推進費について 今帰仁村企業版ふるさと納税 新型コロナウィルス感染症対応地方創生臨時交付金に係る効果の検証等について 企業版ふるさと納税 寄附企業様のご紹介（令和6年度） 企業版ふるさと納税 寄附企業様のご紹介（令和7年度） 実績報告 物価高騰対応重点支援地方創生臨時交付金について 沖縄振興特
18	19	本部町	沖縄県 本部町 もとぶちょう 太陽と海と緑－観光文化のまち	https://www.town.motobu.okinawa.jp/doc/2025061100030/	環境・ごみ | 本部町役場 沖縄県 本部町 もとぶちょう 太陽と海と緑－観光文化のまち Language 日本語 English 한국 简体中文 繁体中文 メニュー 閉じる 文字サイズ 拡大 標準 縮小 暮らし・手続き 戸籍（住民登録・印鑑登録） 申請書と手数料一覧 出生届 死亡届・葬祭費補助 パスポート マイナンバーカード 郵送での手続きについて 水道手続きについて マイナンバーカードを利用したオンライン行政手続きについて 子育て教育 妊娠・出産 子どもの健診・予防接種 保育・幼稚園 子どもの手当・助成・支援制度 学校・教育 健康・福祉 国民年金 国民健康保険について 後期高齢者医療 介護保険 地域包括支援センター 障がい者（児）支援 生活支援 戦没者遺族援護 健康づくり 観光・イベント 本部カレンダー 今月
18	18	宜野座村	※6	https://www.vill.ginoza.okinawa.jp/soshiki/1008/3/1335.html	※6/9更新※宜野座村生活応援商品券について（令和7年度繰越事業）／宜野座村 | 水と緑と太陽の里 スマートフォン版を表示 本文へ 文字サイズ 標準 （初期状態） 標準 に戻す 拡大 （初期状態） 拡大 拡大（最大状態） 背景色変更 黒 背景色を黒色にする 青 背景色を青色にする 標準 背景色を元に戻す Select Language English 中文（繁体） 中文（簡体） Go Select your language 閲覧支援/Languagesを閉じる キーワードから探す ページ番号で探す 検索 ページ番号とは？ 目的別で探す くらし 健康・福祉 子育て・教育 観光・文化・スポーツ しごと・産業 村政 防災情報 各課のご案内 検索を閉じる 文字サイズ 背景色変更 Select Language Eng
18	17	本部町	沖縄県 本部町 もとぶちょう 太陽と海と緑－観光文化のまち	https://www.town.motobu.okinawa.jp/doc/2026062500027/	令和９年度本部町職員採用試験について | 本部町役場 沖縄県 本部町 もとぶちょう 太陽と海と緑－観光文化のまち Language 日本語 English 한국 简体中文 繁体中文 メニュー 閉じる 文字サイズ 拡大 標準 縮小 暮らし・手続き 戸籍（住民登録・印鑑登録） 申請書と手数料一覧 出生届 死亡届・葬祭費補助 パスポート マイナンバーカード 郵送での手続きについて 水道手続きについて マイナンバーカードを利用したオンライン行政手続きについて 子育て教育 妊娠・出産 子どもの健診・予防接種 保育・幼稚園 子どもの手当・助成・支援制度 学校・教育 健康・福祉 国民年金 国民健康保険について 後期高齢者医療 介護保険 地域包括支援センター 障がい者（児）支援 生活支援 戦没者遺族援護 健康づくり 観光・イベ
18	17	本部町	沖縄県 本部町 もとぶちょう 太陽と海と緑－観光文化のまち	https://www.town.motobu.okinawa.jp/doc/2026070900017/	本部町長選挙および沖縄県知事選挙のお知らせ | 本部町役場 沖縄県 本部町 もとぶちょう 太陽と海と緑－観光文化のまち Language 日本語 English 한국 简体中文 繁体中文 メニュー 閉じる 文字サイズ 拡大 標準 縮小 暮らし・手続き 戸籍（住民登録・印鑑登録） 申請書と手数料一覧 出生届 死亡届・葬祭費補助 パスポート マイナンバーカード 郵送での手続きについて 水道手続きについて マイナンバーカードを利用したオンライン行政手続きについて 子育て教育 妊娠・出産 子どもの健診・予防接種 保育・幼稚園 子どもの手当・助成・支援制度 学校・教育 健康・福祉 国民年金 国民健康保険について 後期高齢者医療 介護保険 地域包括支援センター 障がい者（児）支援 生活支援 戦没者遺族援護 健康づくり 観光
18	17	本部町	沖縄県 本部町 もとぶちょう 太陽と海と緑－観光文化のまち	https://www.town.motobu.okinawa.jp/doc/2026071300014/	空き家（謝花）入居案内について | 本部町役場 沖縄県 本部町 もとぶちょう 太陽と海と緑－観光文化のまち Language 日本語 English 한국 简体中文 繁体中文 メニュー 閉じる 文字サイズ 拡大 標準 縮小 暮らし・手続き 戸籍（住民登録・印鑑登録） 申請書と手数料一覧 出生届 死亡届・葬祭費補助 パスポート マイナンバーカード 郵送での手続きについて 水道手続きについて マイナンバーカードを利用したオンライン行政手続きについて 子育て教育 妊娠・出産 子どもの健診・予防接種 保育・幼稚園 子どもの手当・助成・支援制度 学校・教育 健康・福祉 国民年金 国民健康保険について 後期高齢者医療 介護保険 地域包括支援センター 障がい者（児）支援 生活支援 戦没者遺族援護 健康づくり 観光・イベント
18	17	本部町	沖縄県 本部町 もとぶちょう 太陽と海と緑－観光文化のまち	https://www.town.motobu.okinawa.jp/doc/2025050800019/	令和７年度 寄附企業紹介 | 本部町役場 沖縄県 本部町 もとぶちょう 太陽と海と緑－観光文化のまち Language 日本語 English 한국 简体中文 繁体中文 メニュー 閉じる 文字サイズ 拡大 標準 縮小 暮らし・手続き 戸籍（住民登録・印鑑登録） 申請書と手数料一覧 出生届 死亡届・葬祭費補助 パスポート マイナンバーカード 郵送での手続きについて 水道手続きについて マイナンバーカードを利用したオンライン行政手続きについて 子育て教育 妊娠・出産 子どもの健診・予防接種 保育・幼稚園 子どもの手当・助成・支援制度 学校・教育 健康・福祉 国民年金 国民健康保険について 後期高齢者医療 介護保険 地域包括支援センター 障がい者（児）支援 生活支援 戦没者遺族援護 健康づくり 観光・イベント 本部カ
18	16	宜野座村	令和8年度宜野座村「キラリ☆ぎの座」認定土産品募集について	https://www.vill.ginoza.okinawa.jp/soshiki/1008/3/1401.html	令和8年度宜野座村「キラリ☆ぎの座」認定土産品募集について／宜野座村 | 水と緑と太陽の里 スマートフォン版を表示 本文へ 文字サイズ 標準 （初期状態） 標準 に戻す 拡大 （初期状態） 拡大 拡大（最大状態） 背景色変更 黒 背景色を黒色にする 青 背景色を青色にする 標準 背景色を元に戻す Select Language English 中文（繁体） 中文（簡体） Go Select your language 閲覧支援/Languagesを閉じる キーワードから探す ページ番号で探す 検索 ページ番号とは？ 目的別で探す くらし 健康・福祉 子育て・教育 観光・文化・スポーツ しごと・産業 村政 防災情報 各課のご案内 検索を閉じる 文字サイズ 背景色変更 Select Language English
17	20	宜野座村	令和6年度定額減税調整給付金	https://www.vill.ginoza.okinawa.jp/soshiki/1001/oshirase/35.html	令和6年度定額減税調整給付金／宜野座村 | 水と緑と太陽の里 スマートフォン版を表示 本文へ 文字サイズ 標準 （初期状態） 標準 に戻す 拡大 （初期状態） 拡大 拡大（最大状態） 背景色変更 黒 背景色を黒色にする 青 背景色を青色にする 標準 背景色を元に戻す Select Language English 中文（繁体） 中文（簡体） Go Select your language 閲覧支援/Languagesを閉じる キーワードから探す ページ番号で探す 検索 ページ番号とは？ 目的別で探す くらし 健康・福祉 子育て・教育 観光・文化・スポーツ しごと・産業 村政 防災情報 各課のご案内 検索を閉じる 文字サイズ 背景色変更 Select Language English 中文（繁体） 中文（簡体）
16	30	今帰仁村	国民年金の給付について	https://www.nakijin.jp/pagtop/kakuka/hukusikodomoka/2/2_1/476.html	国民年金の給付について／今帰仁村 スマートフォン版を表示 本文へ移動 文字サイズ 背景色変更 くらし・手続き 子育て・教育 健康・福祉 歴史・観光 事業者の方へ 行政情報 くらし・手続き 子育て・教育 健康・福祉 歴史・観光 事業者の方へ 行政情報 PC版を表示 現在のページ ホーム 今帰仁村役場 各課ご案内（組織から探す） 福祉・こども課 福祉・児童家庭係 国民年金 国民年金の給付について 国民年金の給付について お問い合わせ先：福祉・こども課 福祉・児童家庭係 電話(0980)56-2198 国民年金には、老齢基礎年金、障害基礎年金、遺族基礎年金の3つの基礎年金と、寡婦年金、死亡一時金、付加年金の3つの独自給付により、あなたの生活を守ります。給付を受けるためには、一定の要件が必要となります。 老齢基礎年金
16	25	金武町	権利擁護	https://www.town.kin.okinawa.jp/iryo_kenko_fukushi/koreishafukushi_kaigo/kenriyougo/2191.html	権利擁護／金武町 Official Site スマートフォン版を表示 本文へ 文字サイズ 背景色変更 Foreign Language 各課のご案内 くらし・手続き くらし・手続き下層 医療・健康・福祉 医療・健康・福祉下層 子育て・教育 子育て・教育下層 文化・観光・スポーツ 文化・観光・スポーツ下層 しごと・産業 しごと・産業下層 行政情報 行政情報下層 くらし・手続き 医療・健康・福祉 子育て・教育 文化・国際交流・スポーツ しごと・産業 行政情報 文字サイズ 背景色変更 Foreign Language 各課のご案内 PC版で見る 閉じる 現在のページ ホーム 医療・健康・福祉 高齢者福祉・介護 権利擁護 権利擁護 権利擁護 Tweet 更新日：2026年03月06日 金武町長による審判請求 金武町長に
16	23	今帰仁村	(障害者福祉)就労者支援事業所情報	https://www.nakijin.jp/pagtop/kakuka/hukusikodomoka/2/4/329.html	(障害者福祉)就労者支援事業所情報／今帰仁村 スマートフォン版を表示 本文へ移動 文字サイズ 背景色変更 くらし・手続き 子育て・教育 健康・福祉 歴史・観光 事業者の方へ 行政情報 くらし・手続き 子育て・教育 健康・福祉 歴史・観光 事業者の方へ 行政情報 PC版を表示 現在のページ ホーム 今帰仁村役場 各課ご案内（組織から探す） 福祉・こども課 福祉・児童家庭係 障害者福祉 (障害者福祉)就労者支援事業所情報 (障害者福祉)就労者支援事業所情報 北部管内の就労支援事業所情報について、下記のURLから情報が取得できます。 1 リンク先：沖縄県ホームページより ホーム > 健康・医療・福祉 > 福祉 > 告知・啓発事項 > 福祉関係 > 北部圏域就労支援事業所紹介リーフレット 2 URL http://ww
16	20	恩納村	システム標準化に伴う各種帳票等の変更について（令和8年1月13日より）	https://www.vill.onna.okinawa.jp/topics/1767610000/	システム標準化に伴う各種帳票等の変更について（令和8年1月13日より） | 新着情報 | 沖縄県恩納村 | 恩（めぐみ）の青 豊かな緑 輝く人々 未来へつなごう恩納村 総合トップ 本文へ 恩(めぐみ)の青 豊かな緑 輝く人々 未来へつなごう恩納村 日本語 English 簡体中文 繁体中文 한국어 サイトマップ よくあるご質問 お問い合わせ アクセシビリティ 総合トップ トップページ 暮らしの情報 恩納村の情報 観光情報 村政情報 防災情報 事業者の方へ ホーム 新着情報 システム標準化に伴う各種帳票等の変更について（令和8年1月13日より） システム標準化に伴う各種帳票等の変更について（令和8年1月13日より） 最終更新日：2026 01 12 国が進める「地方公共団体情報システムの標準化」に伴い、恩納村にお
16	20	今帰仁村	令和8年度今帰仁村国民健康保険税収納対策緊急プラン	https://www.nakijin.jp/pagtop/kakuka/fukushi/5/4972.html	令和8年度今帰仁村国民健康保険税収納対策緊急プラン／今帰仁村 スマートフォン版を表示 本文へ移動 文字サイズ 背景色変更 くらし・手続き 子育て・教育 健康・福祉 歴史・観光 事業者の方へ 行政情報 くらし・手続き 子育て・教育 健康・福祉 歴史・観光 事業者の方へ 行政情報 PC版を表示 現在のページ ホーム 今帰仁村役場 各課ご案内（組織から探す） 健康づくり推進課 国民健康保険・後期高齢者係 令和8年度今帰仁村国民健康保険税収納対策緊急プラン 令和8年度今帰仁村国民健康保険税収納対策緊急プラン 国民健康保険税の収納率向上と国民健康保険財政の安定化を図るため、次のとおり収納対策緊急プランを策定し実施します。 1．資格・賦課の適正化 （1）他保険加入者の把握に努め、関係課係等との連携、情報収集を行い早期に資格
16	20	今帰仁村	令和7年度から国民健康保険税の税率を改正します	https://www.nakijin.jp/pagtop/kakuka/fukushi/5/5135.html	令和7年度から国民健康保険税の税率を改正します／今帰仁村 スマートフォン版を表示 本文へ移動 文字サイズ 背景色変更 くらし・手続き 子育て・教育 健康・福祉 歴史・観光 事業者の方へ 行政情報 くらし・手続き 子育て・教育 健康・福祉 歴史・観光 事業者の方へ 行政情報 PC版を表示 現在のページ ホーム 今帰仁村役場 各課ご案内（組織から探す） 健康づくり推進課 国民健康保険・後期高齢者係 令和7年度から国民健康保険税の税率を改正します 令和7年度から国民健康保険税の税率を改正します 高齢化による加入者の減少や医療費の増大に対し、今後の国民健康保険事業を安定的に運営するために、令和7年度から国民健康保険税の税率を改正することとなりました。加入者のみなさまにはご負担をお願いすることになりますが、加入者全体で支
16	20	今帰仁村	令和7年度から国民健康保険税の税率を改正します	https://www.nakijin.jp/pagtop/kakuka/fukushi/5/3/5132.html	令和7年度から国民健康保険税の税率を改正します／今帰仁村 スマートフォン版を表示 本文へ移動 文字サイズ 背景色変更 くらし・手続き 子育て・教育 健康・福祉 歴史・観光 事業者の方へ 行政情報 くらし・手続き 子育て・教育 健康・福祉 歴史・観光 事業者の方へ 行政情報 PC版を表示 現在のページ ホーム 今帰仁村役場 各課ご案内（組織から探す） 健康づくり推進課 国民健康保険・後期高齢者係 健康・福祉 令和7年度から国民健康保険税の税率を改正します 令和7年度から国民健康保険税の税率を改正します 高齢化による加入者の減少や医療費の増大に対し、今後の国民健康保険事業を安定的に運営するために、令和7年度から国民健康保険税の税率を改正することとなりました。加入者のみなさまにはご負担をお願いすることになりますが、加
16	19	今帰仁村	令和8年度（2026年）今帰仁村認可保育所（園）4月2日以降の入所申込について	https://www.nakijin.jp/pagtop/kakuka/hukusikodomoka/3_1/4886.html	令和8年度（2026年）今帰仁村認可保育所（園）4月2日以降の入所申込について／今帰仁村 スマートフォン版を表示 本文へ移動 文字サイズ 背景色変更 くらし・手続き 子育て・教育 健康・福祉 歴史・観光 事業者の方へ 行政情報 くらし・手続き 子育て・教育 健康・福祉 歴史・観光 事業者の方へ 行政情報 PC版を表示 現在のページ ホーム 今帰仁村役場 各課ご案内（組織から探す） 福祉・こども課 こども未来係、こども園・保育所係 令和8年度（2026年）今帰仁村認可保育所（園）4月2日以降の入所申込について 令和8年度（2026年）今帰仁村認可保育所（園）4月2日以降の入所申込について 令和8年度途中入所申込のご案内 途中入所は令和8年4月2日以降、保育所等の定員に空きが出た場合に行う入所選考です。空き待ちの案
15	25	今帰仁村	【国事業】事業復活支援金のご案内(令和4年2月7日更新)	https://www.nakijin.jp/pagtop/jigyosha/jigyosha_oshirase/2674.html	【国事業】事業復活支援金のご案内(令和4年2月7日更新)／今帰仁村 スマートフォン版を表示 本文へ移動 文字サイズ 背景色変更 くらし・手続き 子育て・教育 健康・福祉 歴史・観光 事業者の方へ 行政情報 くらし・手続き 子育て・教育 健康・福祉 歴史・観光 事業者の方へ 行政情報 PC版を表示 現在のページ ホーム 今帰仁村役場 事業者の方へ 事業者の方へお知らせ 【国事業】事業復活支援金のご案内(令和4年2月7日更新) 【国事業】事業復活支援金のご案内(令和4年2月7日更新) 新型コロナウイルス感染症により、大きな影響を受ける中堅・中小・小規模事業者、フリーランスを含む個人事業者に対して、事業規模に応じた給付金を支給する「事業復活支援金」の申請受付が令和4年1月31日（月曜日）から開始されています。 詳細に
15	24	宜野座村	新型コロナウイルス対応地方創生臨時交付金の効果検証について	https://www.vill.ginoza.okinawa.jp/soshiki/1002/oshirase/1071.html	新型コロナウイルス対応地方創生臨時交付金の効果検証について／宜野座村 | 水と緑と太陽の里 スマートフォン版を表示 本文へ 文字サイズ 標準 （初期状態） 標準 に戻す 拡大 （初期状態） 拡大 拡大（最大状態） 背景色変更 黒 背景色を黒色にする 青 背景色を青色にする 標準 背景色を元に戻す Select Language English 中文（繁体） 中文（簡体） Go Select your language 閲覧支援/Languagesを閉じる キーワードから探す ページ番号で探す 検索 ページ番号とは？ 目的別で探す くらし 健康・福祉 子育て・教育 観光・文化・スポーツ しごと・産業 村政 防災情報 各課のご案内 検索を閉じる 文字サイズ 背景色変更 Select Language English
15	20	宜野座村	平成23年度再編交付金事業基金運用・処分実績報告書	https://www.vill.ginoza.okinawa.jp/kyoiku/333.html	平成23年度再編交付金事業基金運用・処分実績報告書／宜野座村 | 水と緑と太陽の里 スマートフォン版を表示 本文へ 文字サイズ 標準 （初期状態） 標準 に戻す 拡大 （初期状態） 拡大 拡大（最大状態） 背景色変更 黒 背景色を黒色にする 青 背景色を青色にする 標準 背景色を元に戻す Select Language English 中文（繁体） 中文（簡体） Go Select your language menu close 文字サイズ 背景色変更 Select Language English 中文（繁体） 中文（簡体） Go Select your language PC版を見る 閉じる 現在のページ ホーム 教育委員会 平成23年度再編交付金事業基金運用・処分実績報告書 平成23年度再編交付金事業基
15	17	今帰仁村	今帰仁村こども医療費助成制度について	https://www.nakijin.jp/pagtop/kosodate/index.html	子育て・教育／今帰仁村 スマートフォン版を表示 本文へ移動 文字サイズ 背景色変更 くらし・手続き 子育て・教育 健康・福祉 歴史・観光 事業者の方へ 行政情報 くらし・手続き 子育て・教育 健康・福祉 歴史・観光 事業者の方へ 行政情報 PC版を表示 現在のページ ホーム 今帰仁村役場 子育て・教育 子育て・教育 教育委員会 保育所 今帰仁村こども医療費助成制度について 出産・育児（子育て支援） 出産・育児（特別児童扶養手当） 妊娠・出産したら 通学路交通安全プログラム 今帰仁村子ども・子育て支援事業計画 今帰仁村子育て支援センターきらきらについて 今帰仁村ひとり親家庭等放課後児童クラブ利用支援事業について 更新日：2019年05月15日 今帰仁村役場 ライフシーンから探す 妊娠・出産 子育て 戸籍・証明 税
15	17	今帰仁村	今帰仁村こども医療費助成制度について	https://www.nakijin.jp/pagtop/kosodate/	子育て・教育／今帰仁村 スマートフォン版を表示 本文へ移動 文字サイズ 背景色変更 くらし・手続き 子育て・教育 健康・福祉 歴史・観光 事業者の方へ 行政情報 くらし・手続き 子育て・教育 健康・福祉 歴史・観光 事業者の方へ 行政情報 PC版を表示 現在のページ ホーム 今帰仁村役場 子育て・教育 子育て・教育 教育委員会 保育所 今帰仁村こども医療費助成制度について 出産・育児（子育て支援） 出産・育児（特別児童扶養手当） 妊娠・出産したら 通学路交通安全プログラム 今帰仁村子ども・子育て支援事業計画 今帰仁村子育て支援センターきらきらについて 今帰仁村ひとり親家庭等放課後児童クラブ利用支援事業について 更新日：2019年05月15日 今帰仁村役場 ライフシーンから探す 妊娠・出産 子育て 戸籍・証明 税
14	30	宜野座村	障がい者（障がい児）支援サービス	https://www.vill.ginoza.okinawa.jp/kenko-fukushi/fukushi-service/1/671.html	障がい者（障がい児）支援サービス／宜野座村 | 水と緑と太陽の里 スマートフォン版を表示 本文へ 文字サイズ 標準 （初期状態） 標準 に戻す 拡大 （初期状態） 拡大 拡大（最大状態） 背景色変更 黒 背景色を黒色にする 青 背景色を青色にする 標準 背景色を元に戻す Select Language English 中文（繁体） 中文（簡体） Go Select your language 閲覧支援/Languagesを閉じる キーワードから探す ページ番号で探す 検索 ページ番号とは？ 目的別で探す くらし 健康・福祉 子育て・教育 観光・文化・スポーツ しごと・産業 村政 防災情報 各課のご案内 検索を閉じる 文字サイズ 背景色変更 Select Language English 中文（繁体） 中文（簡体
14	30	宜野座村	障がい者（障がい児）支援サービス	https://www.vill.ginoza.okinawa.jp/soshiki/1005/5/1/144.html	障がい者（障がい児）支援サービス／宜野座村 | 水と緑と太陽の里 スマートフォン版を表示 本文へ 文字サイズ 標準 （初期状態） 標準 に戻す 拡大 （初期状態） 拡大 拡大（最大状態） 背景色変更 黒 背景色を黒色にする 青 背景色を青色にする 標準 背景色を元に戻す Select Language English 中文（繁体） 中文（簡体） Go Select your language 閲覧支援/Languagesを閉じる キーワードから探す ページ番号で探す 検索 ページ番号とは？ 目的別で探す くらし 健康・福祉 子育て・教育 観光・文化・スポーツ しごと・産業 村政 防災情報 各課のご案内 検索を閉じる 文字サイズ 背景色変更 Select Language English 中文（繁体） 中文（簡体
14	22	宜野座村	障がい者手帳について	https://www.vill.ginoza.okinawa.jp/kenko-fukushi/fukushi-service/1/672.html	障がい者手帳について／宜野座村 | 水と緑と太陽の里 スマートフォン版を表示 本文へ 文字サイズ 標準 （初期状態） 標準 に戻す 拡大 （初期状態） 拡大 拡大（最大状態） 背景色変更 黒 背景色を黒色にする 青 背景色を青色にする 標準 背景色を元に戻す Select Language English 中文（繁体） 中文（簡体） Go Select your language 閲覧支援/Languagesを閉じる キーワードから探す ページ番号で探す 検索 ページ番号とは？ 目的別で探す くらし 健康・福祉 子育て・教育 観光・文化・スポーツ しごと・産業 村政 防災情報 各課のご案内 検索を閉じる 文字サイズ 背景色変更 Select Language English 中文（繁体） 中文（簡体） Go S
14	22	宜野座村	障がい者手帳について	https://www.vill.ginoza.okinawa.jp/soshiki/1005/5/1/145.html	障がい者手帳について／宜野座村 | 水と緑と太陽の里 スマートフォン版を表示 本文へ 文字サイズ 標準 （初期状態） 標準 に戻す 拡大 （初期状態） 拡大 拡大（最大状態） 背景色変更 黒 背景色を黒色にする 青 背景色を青色にする 標準 背景色を元に戻す Select Language English 中文（繁体） 中文（簡体） Go Select your language 閲覧支援/Languagesを閉じる キーワードから探す ページ番号で探す 検索 ページ番号とは？ 目的別で探す くらし 健康・福祉 子育て・教育 観光・文化・スポーツ しごと・産業 村政 防災情報 各課のご案内 検索を閉じる 文字サイズ 背景色変更 Select Language English 中文（繁体） 中文（簡体） Go S
14	21	宜野座村	障がい者	https://www.vill.ginoza.okinawa.jp/soshiki/1005/5/1/index.html	障がい者／宜野座村 | 水と緑と太陽の里 スマートフォン版を表示 本文へ 文字サイズ 標準 （初期状態） 標準 に戻す 拡大 （初期状態） 拡大 拡大（最大状態） 背景色変更 黒 背景色を黒色にする 青 背景色を青色にする 標準 背景色を元に戻す Select Language English 中文（繁体） 中文（簡体） Go Select your language 閲覧支援/Languagesを閉じる キーワードから探す ページ番号で探す 検索 ページ番号とは？ 目的別で探す くらし 健康・福祉 子育て・教育 観光・文化・スポーツ しごと・産業 村政 防災情報 各課のご案内 検索を閉じる 文字サイズ 背景色変更 Select Language English 中文（繁体） 中文（簡体） Go Select
14	20	宜野座村	一般健診（19～39歳の村民・生活保護世帯の方）	https://www.vill.ginoza.okinawa.jp/soshiki/1005/kenshin/1356.html	一般健診（19～39歳の村民・生活保護世帯の方）／宜野座村 | 水と緑と太陽の里 スマートフォン版を表示 本文へ 文字サイズ 標準 （初期状態） 標準 に戻す 拡大 （初期状態） 拡大 拡大（最大状態） 背景色変更 黒 背景色を黒色にする 青 背景色を青色にする 標準 背景色を元に戻す Select Language English 中文（繁体） 中文（簡体） Go Select your language 閲覧支援/Languagesを閉じる キーワードから探す ページ番号で探す 検索 ページ番号とは？ 目的別で探す くらし 健康・福祉 子育て・教育 観光・文化・スポーツ しごと・産業 村政 防災情報 各課のご案内 検索を閉じる 文字サイズ 背景色変更 Select Language English 中文（繁
14	19	宜野座村	障がい者	https://www.vill.ginoza.okinawa.jp/kenko-fukushi/fukushi-service/1/index.html	障がい者／宜野座村 | 水と緑と太陽の里 スマートフォン版を表示 本文へ 文字サイズ 標準 （初期状態） 標準 に戻す 拡大 （初期状態） 拡大 拡大（最大状態） 背景色変更 黒 背景色を黒色にする 青 背景色を青色にする 標準 背景色を元に戻す Select Language English 中文（繁体） 中文（簡体） Go Select your language 閲覧支援/Languagesを閉じる キーワードから探す ページ番号で探す 検索 ページ番号とは？ 目的別で探す くらし 健康・福祉 子育て・教育 観光・文化・スポーツ しごと・産業 村政 防災情報 各課のご案内 検索を閉じる 文字サイズ 背景色変更 Select Language English 中文（繁体） 中文（簡体） Go Select
14	18	恩納村	「働き方」が変わります - 働き方改革について	https://www.vill.onna.okinawa.jp/business/industry/1534225795/	「働き方」が変わります - 働き方改革について | 沖縄県恩納村 | 恩（めぐみ）の青 豊かな緑 輝く人々 未来へつなごう恩納村 総合トップ 本文へ 恩(めぐみ)の青 豊かな緑 輝く人々 未来へつなごう恩納村 日本語 English 簡体中文 繁体中文 한국어 サイトマップ よくあるご質問 お問い合わせ アクセシビリティ 総合トップ トップページ 暮らしの情報 恩納村の情報 観光情報 村政情報 防災情報 事業者の方へ ホーム 事業者の方へ 商工業 「働き方」が変わります - 働き方改革について 「働き方」が変わります - 働き方改革について ２０１９年４月１日から 働き方改革関連法が順次施行されます。 時間外労働の上限規制が導入されます！ 時間外労働の上限について、月45時間、年360時間を原則とし、臨時的な特
13	30	今帰仁村	住民基本台帳事務	https://www.nakijin.jp/pagtop/kakuka/juminka/3/1164.html	住民基本台帳事務／今帰仁村 スマートフォン版を表示 本文へ移動 文字サイズ 背景色変更 くらし・手続き 子育て・教育 健康・福祉 歴史・観光 事業者の方へ 行政情報 くらし・手続き 子育て・教育 健康・福祉 歴史・観光 事業者の方へ 行政情報 PC版を表示 現在のページ ホーム 今帰仁村役場 各課ご案内（組織から探す） 住民課 戸籍住民証明係 住民基本台帳事務 住民基本台帳事務 住民基本台帳は、村民の皆様からの届書を基に住居関係を登録し、作成されます。 同時に国民健康保険や国民年金、児童手当、義務教育の就学手続きなど、行政サービスを受ける基本となるものです。村内に住んでいても、住民基本台帳に記載されていないと、選挙権などの各種の権利の行使や、行政サービスが受けれないことがあります。届出は、定められた期限内に行い
13	30	本部町	沖縄県 本部町 もとぶちょう 太陽と海と緑－観光文化のまち	https://www.town.motobu.okinawa.jp/doc/2024012600261/	住民税について | 本部町役場 沖縄県 本部町 もとぶちょう 太陽と海と緑－観光文化のまち Language 日本語 English 한국 简体中文 繁体中文 メニュー 閉じる 文字サイズ 拡大 標準 縮小 暮らし・手続き 戸籍（住民登録・印鑑登録） 申請書と手数料一覧 出生届 死亡届・葬祭費補助 パスポート マイナンバーカード 郵送での手続きについて 水道手続きについて マイナンバーカードを利用したオンライン行政手続きについて 子育て教育 妊娠・出産 子どもの健診・予防接種 保育・幼稚園 子どもの手当・助成・支援制度 学校・教育 健康・福祉 国民年金 国民健康保険について 後期高齢者医療 介護保険 地域包括支援センター 障がい者（児）支援 生活支援 戦没者遺族援護 健康づくり 観光・イベント 本部カレンダー
13	30	本部町	沖縄県 本部町 もとぶちょう 太陽と海と緑－観光文化のまち	https://www.town.motobu.okinawa.jp/doc/2024012600186/	軽自動車税について | 本部町役場 沖縄県 本部町 もとぶちょう 太陽と海と緑－観光文化のまち Language 日本語 English 한국 简体中文 繁体中文 メニュー 閉じる 文字サイズ 拡大 標準 縮小 暮らし・手続き 戸籍（住民登録・印鑑登録） 申請書と手数料一覧 出生届 死亡届・葬祭費補助 パスポート マイナンバーカード 郵送での手続きについて 水道手続きについて マイナンバーカードを利用したオンライン行政手続きについて 子育て教育 妊娠・出産 子どもの健診・予防接種 保育・幼稚園 子どもの手当・助成・支援制度 学校・教育 健康・福祉 国民年金 国民健康保険について 後期高齢者医療 介護保険 地域包括支援センター 障がい者（児）支援 生活支援 戦没者遺族援護 健康づくり 観光・イベント 本部カレンダ
13	30	本部町	沖縄県 本部町 もとぶちょう 太陽と海と緑－観光文化のまち	https://www.town.motobu.okinawa.jp/doc/2023111000170/	転居・入居時の手続きについて | 本部町役場 沖縄県 本部町 もとぶちょう 太陽と海と緑－観光文化のまち Language 日本語 English 한국 简体中文 繁体中文 メニュー 閉じる 文字サイズ 拡大 標準 縮小 暮らし・手続き 戸籍（住民登録・印鑑登録） 申請書と手数料一覧 出生届 死亡届・葬祭費補助 パスポート マイナンバーカード 郵送での手続きについて 水道手続きについて マイナンバーカードを利用したオンライン行政手続きについて 子育て教育 妊娠・出産 子どもの健診・予防接種 保育・幼稚園 子どもの手当・助成・支援制度 学校・教育 健康・福祉 国民年金 国民健康保険について 後期高齢者医療 介護保険 地域包括支援センター 障がい者（児）支援 生活支援 戦没者遺族援護 健康づくり 観光・イベント 本
13	30	本部町	沖縄県 本部町 もとぶちょう 太陽と海と緑－観光文化のまち	https://www.town.motobu.okinawa.jp/doc/2024062600075/	【教育委員会】手続き・申請書一覧 | 本部町役場 沖縄県 本部町 もとぶちょう 太陽と海と緑－観光文化のまち Language 日本語 English 한국 简体中文 繁体中文 メニュー 閉じる 文字サイズ 拡大 標準 縮小 暮らし・手続き 戸籍（住民登録・印鑑登録） 申請書と手数料一覧 出生届 死亡届・葬祭費補助 パスポート マイナンバーカード 郵送での手続きについて 水道手続きについて マイナンバーカードを利用したオンライン行政手続きについて 子育て教育 妊娠・出産 子どもの健診・予防接種 保育・幼稚園 子どもの手当・助成・支援制度 学校・教育 健康・福祉 国民年金 国民健康保険について 後期高齢者医療 介護保険 地域包括支援センター 障がい者（児）支援 生活支援 戦没者遺族援護 健康づくり 観光・イベント
13	28	本部町	沖縄県 本部町 もとぶちょう 太陽と海と緑－観光文化のまち	https://www.town.motobu.okinawa.jp/doc/2023112100145/	妊娠・出産 | 本部町役場 沖縄県 本部町 もとぶちょう 太陽と海と緑－観光文化のまち Language 日本語 English 한국 简体中文 繁体中文 メニュー 閉じる 文字サイズ 拡大 標準 縮小 暮らし・手続き 戸籍（住民登録・印鑑登録） 申請書と手数料一覧 出生届 死亡届・葬祭費補助 パスポート マイナンバーカード 郵送での手続きについて 水道手続きについて マイナンバーカードを利用したオンライン行政手続きについて 子育て教育 妊娠・出産 子どもの健診・予防接種 保育・幼稚園 子どもの手当・助成・支援制度 学校・教育 健康・福祉 国民年金 国民健康保険について 後期高齢者医療 介護保険 地域包括支援センター 障がい者（児）支援 生活支援 戦没者遺族援護 健康づくり 観光・イベント 本部カレンダー 今月
13	28	本部町	沖縄県 本部町 もとぶちょう 太陽と海と緑－観光文化のまち	https://www.town.motobu.okinawa.jp/doc/2024012600292/	申請書様式ダウンロード | 本部町役場 沖縄県 本部町 もとぶちょう 太陽と海と緑－観光文化のまち Language 日本語 English 한국 简体中文 繁体中文 メニュー 閉じる 文字サイズ 拡大 標準 縮小 暮らし・手続き 戸籍（住民登録・印鑑登録） 申請書と手数料一覧 出生届 死亡届・葬祭費補助 パスポート マイナンバーカード 郵送での手続きについて 水道手続きについて マイナンバーカードを利用したオンライン行政手続きについて 子育て教育 妊娠・出産 子どもの健診・予防接種 保育・幼稚園 子どもの手当・助成・支援制度 学校・教育 健康・福祉 国民年金 国民健康保険について 後期高齢者医療 介護保険 地域包括支援センター 障がい者（児）支援 生活支援 戦没者遺族援護 健康づくり 観光・イベント 本部カレ
13	26	今帰仁村	新型コロナウイルス関連	https://www.nakijin.jp/pagtop/kakuka/fukushi/sinngatakoronakannrenn/index.html	新型コロナウイルス関連／今帰仁村 スマートフォン版を表示 本文へ移動 文字サイズ 背景色変更 くらし・手続き 子育て・教育 健康・福祉 歴史・観光 事業者の方へ 行政情報 くらし・手続き 子育て・教育 健康・福祉 歴史・観光 事業者の方へ 行政情報 PC版を表示 現在のページ ホーム 今帰仁村役場 各課ご案内（組織から探す） 健康づくり推進課 新型コロナウイルス関連 新型コロナウイルス関連 新型コロナウイルス関連情報(令和5年3月8日更新) 今帰仁村の新型コロナウイルス陽性者の状況について(令和4年9月27日更新) 今帰仁村内の新型コロナウイルス感染症統計データの公表について(令和4年9月26日更新) コロナワクチン情報 【国民健康保険加入者の皆様へ】 新型コロナウイルス感染症に感染した被用者等への傷病手当金に
13	26	本部町	沖縄県 本部町 もとぶちょう 太陽と海と緑－観光文化のまち	https://www.town.motobu.okinawa.jp/doc/2023112000070/	申請書と手数料一覧 | 本部町役場 沖縄県 本部町 もとぶちょう 太陽と海と緑－観光文化のまち Language 日本語 English 한국 简体中文 繁体中文 メニュー 閉じる 文字サイズ 拡大 標準 縮小 暮らし・手続き 戸籍（住民登録・印鑑登録） 申請書と手数料一覧 出生届 死亡届・葬祭費補助 パスポート マイナンバーカード 郵送での手続きについて 水道手続きについて マイナンバーカードを利用したオンライン行政手続きについて 子育て教育 妊娠・出産 子どもの健診・予防接種 保育・幼稚園 子どもの手当・助成・支援制度 学校・教育 健康・福祉 国民年金 国民健康保険について 後期高齢者医療 介護保険 地域包括支援センター 障がい者（児）支援 生活支援 戦没者遺族援護 健康づくり 観光・イベント 本部カレンダ
13	26	本部町	沖縄県 本部町 もとぶちょう 太陽と海と緑－観光文化のまち	https://www.town.motobu.okinawa.jp/doc/2023111500045/	国民年金 | 本部町役場 沖縄県 本部町 もとぶちょう 太陽と海と緑－観光文化のまち Language 日本語 English 한국 简体中文 繁体中文 メニュー 閉じる 文字サイズ 拡大 標準 縮小 暮らし・手続き 戸籍（住民登録・印鑑登録） 申請書と手数料一覧 出生届 死亡届・葬祭費補助 パスポート マイナンバーカード 郵送での手続きについて 水道手続きについて マイナンバーカードを利用したオンライン行政手続きについて 子育て教育 妊娠・出産 子どもの健診・予防接種 保育・幼稚園 子どもの手当・助成・支援制度 学校・教育 健康・福祉 国民年金 国民健康保険について 後期高齢者医療 介護保険 地域包括支援センター 障がい者（児）支援 生活支援 戦没者遺族援護 健康づくり 観光・イベント 本部カレンダー 今月の
13	26	本部町	沖縄県 本部町 もとぶちょう 太陽と海と緑－観光文化のまち	https://www.town.motobu.okinawa.jp/doc/2023110800016/	地域未来投資促進法 | 本部町役場 沖縄県 本部町 もとぶちょう 太陽と海と緑－観光文化のまち Language 日本語 English 한국 简体中文 繁体中文 メニュー 閉じる 文字サイズ 拡大 標準 縮小 暮らし・手続き 戸籍（住民登録・印鑑登録） 申請書と手数料一覧 出生届 死亡届・葬祭費補助 パスポート マイナンバーカード 郵送での手続きについて 水道手続きについて マイナンバーカードを利用したオンライン行政手続きについて 子育て教育 妊娠・出産 子どもの健診・予防接種 保育・幼稚園 子どもの手当・助成・支援制度 学校・教育 健康・福祉 国民年金 国民健康保険について 後期高齢者医療 介護保険 地域包括支援センター 障がい者（児）支援 生活支援 戦没者遺族援護 健康づくり 観光・イベント 本部カレンダ
13	25	今帰仁村	【公表】沖縄振興特別推進市町村交付金事業(一括交付金)について	https://www.nakijin.jp/pagtop/gyosei/johokokai/4431.html	【公表】沖縄振興特別推進市町村交付金事業(一括交付金)について／今帰仁村 スマートフォン版を表示 本文へ移動 文字サイズ 背景色変更 くらし・手続き 子育て・教育 健康・福祉 歴史・観光 事業者の方へ 行政情報 くらし・手続き 子育て・教育 健康・福祉 歴史・観光 事業者の方へ 行政情報 PC版を表示 現在のページ ホーム 今帰仁村役場 行政情報 情報公開・広報 【公表】沖縄振興特別推進市町村交付金事業(一括交付金)について 【公表】沖縄振興特別推進市町村交付金事業(一括交付金)について みだしの件について、以下のとおり公表します。 沖縄振興特別推進市町村交付金の事後検証結果 【令和3年度】（今帰仁村）沖縄振興特別推進市町村交付金事業検証シート(PDFファイル:505.7KB) 沖縄振興特別推進市町村交付金事業
13	25	今帰仁村	【公表】沖縄振興特別推進市町村交付金事業(一括交付金)について	https://www.nakijin.jp/pagtop/gyosei/shisaku/4430.html	【公表】沖縄振興特別推進市町村交付金事業(一括交付金)について／今帰仁村 スマートフォン版を表示 本文へ移動 文字サイズ 背景色変更 くらし・手続き 子育て・教育 健康・福祉 歴史・観光 事業者の方へ 行政情報 くらし・手続き 子育て・教育 健康・福祉 歴史・観光 事業者の方へ 行政情報 PC版を表示 現在のページ ホーム 今帰仁村役場 行政情報 施策・計画 【公表】沖縄振興特別推進市町村交付金事業(一括交付金)について 【公表】沖縄振興特別推進市町村交付金事業(一括交付金)について みだしの件について、以下のとおり公表します。 沖縄振興特別推進市町村交付金の事後検証結果 【令和3年度】（今帰仁村）沖縄振興特別推進市町村交付金事業検証シート(PDFファイル:505.7KB) 沖縄振興特別推進市町村交付金事業の照
13	25	本部町	沖縄県 本部町 もとぶちょう 太陽と海と緑－観光文化のまち	https://www.town.motobu.okinawa.jp/doc/2024091800019/	妊娠・出産 | 本部町役場 沖縄県 本部町 もとぶちょう 太陽と海と緑－観光文化のまち Language 日本語 English 한국 简体中文 繁体中文 メニュー 閉じる 文字サイズ 拡大 標準 縮小 暮らし・手続き 戸籍（住民登録・印鑑登録） 申請書と手数料一覧 出生届 死亡届・葬祭費補助 パスポート マイナンバーカード 郵送での手続きについて 水道手続きについて マイナンバーカードを利用したオンライン行政手続きについて 子育て教育 妊娠・出産 子どもの健診・予防接種 保育・幼稚園 子どもの手当・助成・支援制度 学校・教育 健康・福祉 国民年金 国民健康保険について 後期高齢者医療 介護保険 地域包括支援センター 障がい者（児）支援 生活支援 戦没者遺族援護 健康づくり 観光・イベント 本部カレンダー 今月
13	25	本部町	沖縄県 本部町 もとぶちょう 太陽と海と緑－観光文化のまち	https://www.town.motobu.okinawa.jp/doc/2024093000011/	子育て関連 | 本部町役場 沖縄県 本部町 もとぶちょう 太陽と海と緑－観光文化のまち Language 日本語 English 한국 简体中文 繁体中文 メニュー 閉じる 文字サイズ 拡大 標準 縮小 暮らし・手続き 戸籍（住民登録・印鑑登録） 申請書と手数料一覧 出生届 死亡届・葬祭費補助 パスポート マイナンバーカード 郵送での手続きについて 水道手続きについて マイナンバーカードを利用したオンライン行政手続きについて 子育て教育 妊娠・出産 子どもの健診・予防接種 保育・幼稚園 子どもの手当・助成・支援制度 学校・教育 健康・福祉 国民年金 国民健康保険について 後期高齢者医療 介護保険 地域包括支援センター 障がい者（児）支援 生活支援 戦没者遺族援護 健康づくり 観光・イベント 本部カレンダー 今月
13	25	本部町	沖縄県 本部町 もとぶちょう 太陽と海と緑－観光文化のまち	https://www.town.motobu.okinawa.jp/soshiki/soumuka/	総務課 | 本部町役場 沖縄県 本部町 もとぶちょう 太陽と海と緑－観光文化のまち Language 日本語 English 한국 简体中文 繁体中文 メニュー 閉じる 文字サイズ 拡大 標準 縮小 暮らし・手続き 戸籍（住民登録・印鑑登録） 申請書と手数料一覧 出生届 死亡届・葬祭費補助 パスポート マイナンバーカード 郵送での手続きについて 水道手続きについて マイナンバーカードを利用したオンライン行政手続きについて 子育て教育 妊娠・出産 子どもの健診・予防接種 保育・幼稚園 子どもの手当・助成・支援制度 学校・教育 健康・福祉 国民年金 国民健康保険について 後期高齢者医療 介護保険 地域包括支援センター 障がい者（児）支援 生活支援 戦没者遺族援護 健康づくり 観光・イベント 本部カレンダー 今月のイ
13	25	本部町	沖縄県 本部町 もとぶちょう 太陽と海と緑－観光文化のまち	https://www.town.motobu.okinawa.jp/soshiki/kikakusyoukou/	企画商工観光課 | 本部町役場 沖縄県 本部町 もとぶちょう 太陽と海と緑－観光文化のまち Language 日本語 English 한국 简体中文 繁体中文 メニュー 閉じる 文字サイズ 拡大 標準 縮小 暮らし・手続き 戸籍（住民登録・印鑑登録） 申請書と手数料一覧 出生届 死亡届・葬祭費補助 パスポート マイナンバーカード 郵送での手続きについて 水道手続きについて マイナンバーカードを利用したオンライン行政手続きについて 子育て教育 妊娠・出産 子どもの健診・予防接種 保育・幼稚園 子どもの手当・助成・支援制度 学校・教育 健康・福祉 国民年金 国民健康保険について 後期高齢者医療 介護保険 地域包括支援センター 障がい者（児）支援 生活支援 戦没者遺族援護 健康づくり 観光・イベント 本部カレンダー
13	25	本部町	沖縄県 本部町 もとぶちょう 太陽と海と緑－観光文化のまち	https://www.town.motobu.okinawa.jp/soshiki/nousui/	農林水産課 | 本部町役場 沖縄県 本部町 もとぶちょう 太陽と海と緑－観光文化のまち Language 日本語 English 한국 简体中文 繁体中文 メニュー 閉じる 文字サイズ 拡大 標準 縮小 暮らし・手続き 戸籍（住民登録・印鑑登録） 申請書と手数料一覧 出生届 死亡届・葬祭費補助 パスポート マイナンバーカード 郵送での手続きについて 水道手続きについて マイナンバーカードを利用したオンライン行政手続きについて 子育て教育 妊娠・出産 子どもの健診・予防接種 保育・幼稚園 子どもの手当・助成・支援制度 学校・教育 健康・福祉 国民年金 国民健康保険について 後期高齢者医療 介護保険 地域包括支援センター 障がい者（児）支援 生活支援 戦没者遺族援護 健康づくり 観光・イベント 本部カレンダー 今月
13	25	本部町	地方創生推進交付金事業について	https://www.town.motobu.okinawa.jp/doc/2023110900020/	地方創生推進交付金事業について | 本部町役場 沖縄県 本部町 もとぶちょう 太陽と海と緑－観光文化のまち Language 日本語 English 한국 简体中文 繁体中文 メニュー 閉じる 文字サイズ 拡大 標準 縮小 暮らし・手続き 戸籍（住民登録・印鑑登録） 申請書と手数料一覧 出生届 死亡届・葬祭費補助 パスポート マイナンバーカード 郵送での手続きについて 水道手続きについて マイナンバーカードを利用したオンライン行政手続きについて 子育て教育 妊娠・出産 子どもの健診・予防接種 保育・幼稚園 子どもの手当・助成・支援制度 学校・教育 健康・福祉 国民年金 国民健康保険について 後期高齢者医療 介護保険 地域包括支援センター 障がい者（児）支援 生活支援 戦没者遺族援護 健康づくり 観光・イベント
13	24	本部町	沖縄県 本部町 もとぶちょう 太陽と海と緑－観光文化のまち	https://www.town.motobu.okinawa.jp/doc/2023111700032/	水道手続きについて | 本部町役場 沖縄県 本部町 もとぶちょう 太陽と海と緑－観光文化のまち Language 日本語 English 한국 简体中文 繁体中文 メニュー 閉じる 文字サイズ 拡大 標準 縮小 暮らし・手続き 戸籍（住民登録・印鑑登録） 申請書と手数料一覧 出生届 死亡届・葬祭費補助 パスポート マイナンバーカード 郵送での手続きについて 水道手続きについて マイナンバーカードを利用したオンライン行政手続きについて 子育て教育 妊娠・出産 子どもの健診・予防接種 保育・幼稚園 子どもの手当・助成・支援制度 学校・教育 健康・福祉 国民年金 国民健康保険について 後期高齢者医療 介護保険 地域包括支援センター 障がい者（児）支援 生活支援 戦没者遺族援護 健康づくり 観光・イベント 本部カレンダ
13	24	本部町	沖縄県 本部町 もとぶちょう 太陽と海と緑－観光文化のまち	https://www.town.motobu.okinawa.jp/doc/2023111500052/	後期高齢者医療 | 本部町役場 沖縄県 本部町 もとぶちょう 太陽と海と緑－観光文化のまち Language 日本語 English 한국 简体中文 繁体中文 メニュー 閉じる 文字サイズ 拡大 標準 縮小 暮らし・手続き 戸籍（住民登録・印鑑登録） 申請書と手数料一覧 出生届 死亡届・葬祭費補助 パスポート マイナンバーカード 郵送での手続きについて 水道手続きについて マイナンバーカードを利用したオンライン行政手続きについて 子育て教育 妊娠・出産 子どもの健診・予防接種 保育・幼稚園 子どもの手当・助成・支援制度 学校・教育 健康・福祉 国民年金 国民健康保険について 後期高齢者医療 介護保険 地域包括支援センター 障がい者（児）支援 生活支援 戦没者遺族援護 健康づくり 観光・イベント 本部カレンダー
13	24	本部町	沖縄県 本部町 もとぶちょう 太陽と海と緑－観光文化のまち	https://www.town.motobu.okinawa.jp/doc/2023111300126/	介護保険 | 本部町役場 沖縄県 本部町 もとぶちょう 太陽と海と緑－観光文化のまち Language 日本語 English 한국 简体中文 繁体中文 メニュー 閉じる 文字サイズ 拡大 標準 縮小 暮らし・手続き 戸籍（住民登録・印鑑登録） 申請書と手数料一覧 出生届 死亡届・葬祭費補助 パスポート マイナンバーカード 郵送での手続きについて 水道手続きについて マイナンバーカードを利用したオンライン行政手続きについて 子育て教育 妊娠・出産 子どもの健診・予防接種 保育・幼稚園 子どもの手当・助成・支援制度 学校・教育 健康・福祉 国民年金 国民健康保険について 後期高齢者医療 介護保険 地域包括支援センター 障がい者（児）支援 生活支援 戦没者遺族援護 健康づくり 観光・イベント 本部カレンダー 今月の
13	24	本部町	沖縄県 本部町 もとぶちょう 太陽と海と緑－観光文化のまち	https://www.town.motobu.okinawa.jp/doc/2023111300119/	戦没者遺族援護 | 本部町役場 沖縄県 本部町 もとぶちょう 太陽と海と緑－観光文化のまち Language 日本語 English 한국 简体中文 繁体中文 メニュー 閉じる 文字サイズ 拡大 標準 縮小 暮らし・手続き 戸籍（住民登録・印鑑登録） 申請書と手数料一覧 出生届 死亡届・葬祭費補助 パスポート マイナンバーカード 郵送での手続きについて 水道手続きについて マイナンバーカードを利用したオンライン行政手続きについて 子育て教育 妊娠・出産 子どもの健診・予防接種 保育・幼稚園 子どもの手当・助成・支援制度 学校・教育 健康・福祉 国民年金 国民健康保険について 後期高齢者医療 介護保険 地域包括支援センター 障がい者（児）支援 生活支援 戦没者遺族援護 健康づくり 観光・イベント 本部カレンダー
13	23	恩納村	新型コロナウイルス感染症対応地方創生臨時交付金について	https://www.vill.onna.okinawa.jp/topics/1666847838/	新型コロナウイルス感染症対応地方創生臨時交付金について | 新着情報 | 沖縄県恩納村 | 恩（めぐみ）の青 豊かな緑 輝く人々 未来へつなごう恩納村 総合トップ 本文へ 恩(めぐみ)の青 豊かな緑 輝く人々 未来へつなごう恩納村 日本語 English 簡体中文 繁体中文 한국어 サイトマップ よくあるご質問 お問い合わせ アクセシビリティ 総合トップ トップページ 暮らしの情報 恩納村の情報 観光情報 村政情報 防災情報 事業者の方へ ホーム 新着情報 新型コロナウイルス感染症対応地方創生臨時交付金について 新型コロナウイルス感染症対応地方創生臨時交付金について 最終更新日：2022 11 01 新型コロナウイルス感染症対応地方創生臨時交付金 ◎新型コロナウイルス感染症対応地方創生臨時交付金とは 新型コロナ
13	23	今帰仁村	沖縄振興特別推進市町村交付金の今帰仁村実施事業例について	https://www.nakijin.jp/pagtop/gyosei/shisaku/682.html	沖縄振興特別推進市町村交付金の今帰仁村実施事業例について／今帰仁村 スマートフォン版を表示 本文へ移動 文字サイズ 背景色変更 くらし・手続き 子育て・教育 健康・福祉 歴史・観光 事業者の方へ 行政情報 くらし・手続き 子育て・教育 健康・福祉 歴史・観光 事業者の方へ 行政情報 PC版を表示 現在のページ ホーム 今帰仁村役場 行政情報 施策・計画 沖縄振興特別推進市町村交付金の今帰仁村実施事業例について 沖縄振興特別推進市町村交付金の今帰仁村実施事業例について 沖縄振興特別推進市町村交付金の今帰仁村実施事業例 沖縄振興特別推進市町村交付金の今帰仁村実施事業例について、以下のとおりお知らせします。 ソフト交付金の事業例【今帰仁村】 問合せ先 今帰仁村企画財政課 電話 0980-56-2114 この記事に関す
13	22	本部町	沖縄県 本部町 もとぶちょう 太陽と海と緑－観光文化のまち	https://www.town.motobu.okinawa.jp/doc/2023112100152/	お悔やみ | 本部町役場 沖縄県 本部町 もとぶちょう 太陽と海と緑－観光文化のまち Language 日本語 English 한국 简体中文 繁体中文 メニュー 閉じる 文字サイズ 拡大 標準 縮小 暮らし・手続き 戸籍（住民登録・印鑑登録） 申請書と手数料一覧 出生届 死亡届・葬祭費補助 パスポート マイナンバーカード 郵送での手続きについて 水道手続きについて マイナンバーカードを利用したオンライン行政手続きについて 子育て教育 妊娠・出産 子どもの健診・予防接種 保育・幼稚園 子どもの手当・助成・支援制度 学校・教育 健康・福祉 国民年金 国民健康保険について 後期高齢者医療 介護保険 地域包括支援センター 障がい者（児）支援 生活支援 戦没者遺族援護 健康づくり 観光・イベント 本部カレンダー 今月の
13	22	本部町	沖縄県 本部町 もとぶちょう 太陽と海と緑－観光文化のまち	https://www.town.motobu.okinawa.jp/doc/2023112000087/	郵送での手続きについて | 本部町役場 沖縄県 本部町 もとぶちょう 太陽と海と緑－観光文化のまち Language 日本語 English 한국 简体中文 繁体中文 メニュー 閉じる 文字サイズ 拡大 標準 縮小 暮らし・手続き 戸籍（住民登録・印鑑登録） 申請書と手数料一覧 出生届 死亡届・葬祭費補助 パスポート マイナンバーカード 郵送での手続きについて 水道手続きについて マイナンバーカードを利用したオンライン行政手続きについて 子育て教育 妊娠・出産 子どもの健診・予防接種 保育・幼稚園 子どもの手当・助成・支援制度 学校・教育 健康・福祉 国民年金 国民健康保険について 後期高齢者医療 介護保険 地域包括支援センター 障がい者（児）支援 生活支援 戦没者遺族援護 健康づくり 観光・イベント 本部カレ
13	22	本部町	沖縄県 本部町 もとぶちょう 太陽と海と緑－観光文化のまち	https://www.town.motobu.okinawa.jp/doc/2023110100024/	本部町の紹介 | 本部町役場 沖縄県 本部町 もとぶちょう 太陽と海と緑－観光文化のまち Language 日本語 English 한국 简体中文 繁体中文 メニュー 閉じる 文字サイズ 拡大 標準 縮小 暮らし・手続き 戸籍（住民登録・印鑑登録） 申請書と手数料一覧 出生届 死亡届・葬祭費補助 パスポート マイナンバーカード 郵送での手続きについて 水道手続きについて マイナンバーカードを利用したオンライン行政手続きについて 子育て教育 妊娠・出産 子どもの健診・予防接種 保育・幼稚園 子どもの手当・助成・支援制度 学校・教育 健康・福祉 国民年金 国民健康保険について 後期高齢者医療 介護保険 地域包括支援センター 障がい者（児）支援 生活支援 戦没者遺族援護 健康づくり 観光・イベント 本部カレンダー 今
13	22	本部町	沖縄県 本部町 もとぶちょう 太陽と海と緑－観光文化のまち	https://www.town.motobu.okinawa.jp/doc/2023103000065/	議会のしくみと役割 | 本部町役場 沖縄県 本部町 もとぶちょう 太陽と海と緑－観光文化のまち Language 日本語 English 한국 简体中文 繁体中文 メニュー 閉じる 文字サイズ 拡大 標準 縮小 暮らし・手続き 戸籍（住民登録・印鑑登録） 申請書と手数料一覧 出生届 死亡届・葬祭費補助 パスポート マイナンバーカード 郵送での手続きについて 水道手続きについて マイナンバーカードを利用したオンライン行政手続きについて 子育て教育 妊娠・出産 子どもの健診・予防接種 保育・幼稚園 子どもの手当・助成・支援制度 学校・教育 健康・福祉 国民年金 国民健康保険について 後期高齢者医療 介護保険 地域包括支援センター 障がい者（児）支援 生活支援 戦没者遺族援護 健康づくり 観光・イベント 本部カレンダ
13	22	本部町	沖縄県 本部町 もとぶちょう 太陽と海と緑－観光文化のまち	https://www.town.motobu.okinawa.jp/doc/2024012600285/	証明書（郵送での請求） | 本部町役場 沖縄県 本部町 もとぶちょう 太陽と海と緑－観光文化のまち Language 日本語 English 한국 简体中文 繁体中文 メニュー 閉じる 文字サイズ 拡大 標準 縮小 暮らし・手続き 戸籍（住民登録・印鑑登録） 申請書と手数料一覧 出生届 死亡届・葬祭費補助 パスポート マイナンバーカード 郵送での手続きについて 水道手続きについて マイナンバーカードを利用したオンライン行政手続きについて 子育て教育 妊娠・出産 子どもの健診・予防接種 保育・幼稚園 子どもの手当・助成・支援制度 学校・教育 健康・福祉 国民年金 国民健康保険について 後期高齢者医療 介護保険 地域包括支援センター 障がい者（児）支援 生活支援 戦没者遺族援護 健康づくり 観光・イベント 本部カレ
13	22	本部町	沖縄県 本部町 もとぶちょう 太陽と海と緑－観光文化のまち	https://www.town.motobu.okinawa.jp/doc/2024012600193/	資産税について一覧 | 本部町役場 沖縄県 本部町 もとぶちょう 太陽と海と緑－観光文化のまち Language 日本語 English 한국 简体中文 繁体中文 メニュー 閉じる 文字サイズ 拡大 標準 縮小 暮らし・手続き 戸籍（住民登録・印鑑登録） 申請書と手数料一覧 出生届 死亡届・葬祭費補助 パスポート マイナンバーカード 郵送での手続きについて 水道手続きについて マイナンバーカードを利用したオンライン行政手続きについて 子育て教育 妊娠・出産 子どもの健診・予防接種 保育・幼稚園 子どもの手当・助成・支援制度 学校・教育 健康・福祉 国民年金 国民健康保険について 後期高齢者医療 介護保険 地域包括支援センター 障がい者（児）支援 生活支援 戦没者遺族援護 健康づくり 観光・イベント 本部カレンダ
13	22	本部町	沖縄県 本部町 もとぶちょう 太陽と海と緑－観光文化のまち	https://www.town.motobu.okinawa.jp/doc/2024012600032/	納税について | 本部町役場 沖縄県 本部町 もとぶちょう 太陽と海と緑－観光文化のまち Language 日本語 English 한국 简体中文 繁体中文 メニュー 閉じる 文字サイズ 拡大 標準 縮小 暮らし・手続き 戸籍（住民登録・印鑑登録） 申請書と手数料一覧 出生届 死亡届・葬祭費補助 パスポート マイナンバーカード 郵送での手続きについて 水道手続きについて マイナンバーカードを利用したオンライン行政手続きについて 子育て教育 妊娠・出産 子どもの健診・予防接種 保育・幼稚園 子どもの手当・助成・支援制度 学校・教育 健康・福祉 国民年金 国民健康保険について 後期高齢者医療 介護保険 地域包括支援センター 障がい者（児）支援 生活支援 戦没者遺族援護 健康づくり 観光・イベント 本部カレンダー 今
13	22	本部町	沖縄県 本部町 もとぶちょう 太陽と海と緑－観光文化のまち	https://www.town.motobu.okinawa.jp/doc/2023112000032/	納税手続き | 本部町役場 沖縄県 本部町 もとぶちょう 太陽と海と緑－観光文化のまち Language 日本語 English 한국 简体中文 繁体中文 メニュー 閉じる 文字サイズ 拡大 標準 縮小 暮らし・手続き 戸籍（住民登録・印鑑登録） 申請書と手数料一覧 出生届 死亡届・葬祭費補助 パスポート マイナンバーカード 郵送での手続きについて 水道手続きについて マイナンバーカードを利用したオンライン行政手続きについて 子育て教育 妊娠・出産 子どもの健診・予防接種 保育・幼稚園 子どもの手当・助成・支援制度 学校・教育 健康・福祉 国民年金 国民健康保険について 後期高齢者医療 介護保険 地域包括支援センター 障がい者（児）支援 生活支援 戦没者遺族援護 健康づくり 観光・イベント 本部カレンダー 今月
13	22	本部町	沖縄県 本部町 もとぶちょう 太陽と海と緑－観光文化のまち	https://www.town.motobu.okinawa.jp/doc/2023103000058/	本部町ちゅらまちづくり応援寄附 | 本部町役場 沖縄県 本部町 もとぶちょう 太陽と海と緑－観光文化のまち Language 日本語 English 한국 简体中文 繁体中文 メニュー 閉じる 文字サイズ 拡大 標準 縮小 暮らし・手続き 戸籍（住民登録・印鑑登録） 申請書と手数料一覧 出生届 死亡届・葬祭費補助 パスポート マイナンバーカード 郵送での手続きについて 水道手続きについて マイナンバーカードを利用したオンライン行政手続きについて 子育て教育 妊娠・出産 子どもの健診・予防接種 保育・幼稚園 子どもの手当・助成・支援制度 学校・教育 健康・福祉 国民年金 国民健康保険について 後期高齢者医療 介護保険 地域包括支援センター 障がい者（児）支援 生活支援 戦没者遺族援護 健康づくり 観光・イベント
13	22	本部町	沖縄県 本部町 もとぶちょう 太陽と海と緑－観光文化のまち	https://www.town.motobu.okinawa.jp/doc/2023110800030/	工場立地法の届出 | 本部町役場 沖縄県 本部町 もとぶちょう 太陽と海と緑－観光文化のまち Language 日本語 English 한국 简体中文 繁体中文 メニュー 閉じる 文字サイズ 拡大 標準 縮小 暮らし・手続き 戸籍（住民登録・印鑑登録） 申請書と手数料一覧 出生届 死亡届・葬祭費補助 パスポート マイナンバーカード 郵送での手続きについて 水道手続きについて マイナンバーカードを利用したオンライン行政手続きについて 子育て教育 妊娠・出産 子どもの健診・予防接種 保育・幼稚園 子どもの手当・助成・支援制度 学校・教育 健康・福祉 国民年金 国民健康保険について 後期高齢者医療 介護保険 地域包括支援センター 障がい者（児）支援 生活支援 戦没者遺族援護 健康づくり 観光・イベント 本部カレンダー
13	21	今帰仁村	平成27年度 地域活性化・地域住民生活等緊急支援交付金(地方創生先行型)に係る事業実施結果報告	https://www.nakijin.jp/pagtop/gyosei/shisaku/683.html	平成27年度 地域活性化・地域住民生活等緊急支援交付金(地方創生先行型)に係る事業実施結果報告／今帰仁村 スマートフォン版を表示 本文へ移動 文字サイズ 背景色変更 くらし・手続き 子育て・教育 健康・福祉 歴史・観光 事業者の方へ 行政情報 くらし・手続き 子育て・教育 健康・福祉 歴史・観光 事業者の方へ 行政情報 PC版を表示 現在のページ ホーム 今帰仁村役場 行政情報 施策・計画 平成27年度 地域活性化・地域住民生活等緊急支援交付金(地方創生先行型)に係る事業実施結果報告 平成27年度 地域活性化・地域住民生活等緊急支援交付金(地方創生先行型)に係る事業実施結果報告 本村では、平成27年度に地域活性化・地域住民生活等緊急支援交付金（地方創生先行型）を活用して4つの事業を実施しました。 事業終了後、外
13	21	本部町	沖縄県 本部町 もとぶちょう 太陽と海と緑－観光文化のまち	https://www.town.motobu.okinawa.jp/doc/2024092700042/	学校・教育 | 本部町役場 沖縄県 本部町 もとぶちょう 太陽と海と緑－観光文化のまち Language 日本語 English 한국 简体中文 繁体中文 メニュー 閉じる 文字サイズ 拡大 標準 縮小 暮らし・手続き 戸籍（住民登録・印鑑登録） 申請書と手数料一覧 出生届 死亡届・葬祭費補助 パスポート マイナンバーカード 郵送での手続きについて 水道手続きについて マイナンバーカードを利用したオンライン行政手続きについて 子育て教育 妊娠・出産 子どもの健診・予防接種 保育・幼稚園 子どもの手当・助成・支援制度 学校・教育 健康・福祉 国民年金 国民健康保険について 後期高齢者医療 介護保険 地域包括支援センター 障がい者（児）支援 生活支援 戦没者遺族援護 健康づくり 観光・イベント 本部カレンダー 今月
13	21	本部町	沖縄県 本部町 もとぶちょう 太陽と海と緑－観光文化のまち	https://www.town.motobu.okinawa.jp/doc/2023111300133/	国民健康保険について | 本部町役場 沖縄県 本部町 もとぶちょう 太陽と海と緑－観光文化のまち Language 日本語 English 한국 简体中文 繁体中文 メニュー 閉じる 文字サイズ 拡大 標準 縮小 暮らし・手続き 戸籍（住民登録・印鑑登録） 申請書と手数料一覧 出生届 死亡届・葬祭費補助 パスポート マイナンバーカード 郵送での手続きについて 水道手続きについて マイナンバーカードを利用したオンライン行政手続きについて 子育て教育 妊娠・出産 子どもの健診・予防接種 保育・幼稚園 子どもの手当・助成・支援制度 学校・教育 健康・福祉 国民年金 国民健康保険について 後期高齢者医療 介護保険 地域包括支援センター 障がい者（児）支援 生活支援 戦没者遺族援護 健康づくり 観光・イベント 本部カレン
13	21	本部町	沖縄県 本部町 もとぶちょう 太陽と海と緑－観光文化のまち	https://www.town.motobu.okinawa.jp/doc/2023111500106/	障がい者（児）支援 | 本部町役場 沖縄県 本部町 もとぶちょう 太陽と海と緑－観光文化のまち Language 日本語 English 한국 简体中文 繁体中文 メニュー 閉じる 文字サイズ 拡大 標準 縮小 暮らし・手続き 戸籍（住民登録・印鑑登録） 申請書と手数料一覧 出生届 死亡届・葬祭費補助 パスポート マイナンバーカード 郵送での手続きについて 水道手続きについて マイナンバーカードを利用したオンライン行政手続きについて 子育て教育 妊娠・出産 子どもの健診・予防接種 保育・幼稚園 子どもの手当・助成・支援制度 学校・教育 健康・福祉 国民年金 国民健康保険について 後期高齢者医療 介護保険 地域包括支援センター 障がい者（児）支援 生活支援 戦没者遺族援護 健康づくり 観光・イベント 本部カレンダ
13	21	本部町	沖縄県 本部町 もとぶちょう 太陽と海と緑－観光文化のまち	https://www.town.motobu.okinawa.jp/doc/2023112800038/	健康・福祉 | 本部町役場 沖縄県 本部町 もとぶちょう 太陽と海と緑－観光文化のまち Language 日本語 English 한국 简体中文 繁体中文 メニュー 閉じる 文字サイズ 拡大 標準 縮小 暮らし・手続き 戸籍（住民登録・印鑑登録） 申請書と手数料一覧 出生届 死亡届・葬祭費補助 パスポート マイナンバーカード 郵送での手続きについて 水道手続きについて マイナンバーカードを利用したオンライン行政手続きについて 子育て教育 妊娠・出産 子どもの健診・予防接種 保育・幼稚園 子どもの手当・助成・支援制度 学校・教育 健康・福祉 国民年金 国民健康保険について 後期高齢者医療 介護保険 地域包括支援センター 障がい者（児）支援 生活支援 戦没者遺族援護 健康づくり 観光・イベント 本部カレンダー 今月
13	19	恩納村	新型コロナウイルス感染症感染拡大に伴う保育料助成の申請期限について	https://www.vill.onna.okinawa.jp/topics/1601872772/	新型コロナウイルス感染症感染拡大に伴う保育料助成の申請期限について | 新着情報 | 沖縄県恩納村 | 恩（めぐみ）の青 豊かな緑 輝く人々 未来へつなごう恩納村 総合トップ 本文へ 恩(めぐみ)の青 豊かな緑 輝く人々 未来へつなごう恩納村 日本語 English 簡体中文 繁体中文 한국어 サイトマップ よくあるご質問 お問い合わせ アクセシビリティ 総合トップ トップページ 暮らしの情報 恩納村の情報 観光情報 村政情報 防災情報 事業者の方へ ホーム 新着情報 新型コロナウイルス感染症感染拡大に伴う保育料助成の申請期限について 新型コロナウイルス感染症感染拡大に伴う保育料助成の申請期限について 最終更新日：2020 10 05 新型コロナウイルス感染症感染拡大に伴う保育料助成の申請期限について ・現在恩
13	19	今帰仁村	感染拡大防止協力金(第8期)の一部早期給付について(8月2日更新)	https://www.nakijin.jp/pagtop/jigyosha/jigyosha_oshirase/2405.html	感染拡大防止協力金(第8期)の一部早期給付について(8月2日更新)／今帰仁村 スマートフォン版を表示 本文へ移動 文字サイズ 背景色変更 くらし・手続き 子育て・教育 健康・福祉 歴史・観光 事業者の方へ 行政情報 くらし・手続き 子育て・教育 健康・福祉 歴史・観光 事業者の方へ 行政情報 PC版を表示 現在のページ ホーム 今帰仁村役場 事業者の方へ 事業者の方へお知らせ 感染拡大防止協力金(第8期)の一部早期給付について(8月2日更新) 感染拡大防止協力金(第8期)の一部早期給付について(8月2日更新) みだしの件について、令和3年7月12日から8月22日までの間、休業要請等の要請に、全面的にご協力いただける 飲食店等を運営する中小企業、個人事業主に対して、協力店舗ごとに「感染拡大防止協力金（第8期）」
13	19	今帰仁村	沖縄県新型コロナウイルス感染症緊急包括支援事業について(8月20日更新)	https://www.nakijin.jp/pagtop/kakuka/fukushi/sinngatakoronakannrenn/1919.html	沖縄県新型コロナウイルス感染症緊急包括支援事業について(8月20日更新)／今帰仁村 スマートフォン版を表示 本文へ移動 文字サイズ 背景色変更 くらし・手続き 子育て・教育 健康・福祉 歴史・観光 事業者の方へ 行政情報 くらし・手続き 子育て・教育 健康・福祉 歴史・観光 事業者の方へ 行政情報 PC版を表示 現在のページ ホーム 今帰仁村役場 各課ご案内（組織から探す） 健康づくり推進課 新型コロナウイルス関連 沖縄県新型コロナウイルス感染症緊急包括支援事業について(8月20日更新) 沖縄県新型コロナウイルス感染症緊急包括支援事業について(8月20日更新) 沖縄県が主体となり、8月17日より新型コロナウィルス感染症緊急包括支援事業（介護分）の申請受付が開始されております。内容については下記リンクをご参照くだ
13	19	本部町	沖縄県 本部町 もとぶちょう 太陽と海と緑－観光文化のまち	https://www.town.motobu.okinawa.jp/doc/2024092700028/	保育・幼稚園 | 本部町役場 沖縄県 本部町 もとぶちょう 太陽と海と緑－観光文化のまち Language 日本語 English 한국 简体中文 繁体中文 メニュー 閉じる 文字サイズ 拡大 標準 縮小 暮らし・手続き 戸籍（住民登録・印鑑登録） 申請書と手数料一覧 出生届 死亡届・葬祭費補助 パスポート マイナンバーカード 郵送での手続きについて 水道手続きについて マイナンバーカードを利用したオンライン行政手続きについて 子育て教育 妊娠・出産 子どもの健診・予防接種 保育・幼稚園 子どもの手当・助成・支援制度 学校・教育 健康・福祉 国民年金 国民健康保険について 後期高齢者医療 介護保険 地域包括支援センター 障がい者（児）支援 生活支援 戦没者遺族援護 健康づくり 観光・イベント 本部カレンダー 今
13	19	本部町	沖縄県 本部町 もとぶちょう 太陽と海と緑－観光文化のまち	https://www.town.motobu.okinawa.jp/doc/2023111400024/	地域包括支援センター | 本部町役場 沖縄県 本部町 もとぶちょう 太陽と海と緑－観光文化のまち Language 日本語 English 한국 简体中文 繁体中文 メニュー 閉じる 文字サイズ 拡大 標準 縮小 暮らし・手続き 戸籍（住民登録・印鑑登録） 申請書と手数料一覧 出生届 死亡届・葬祭費補助 パスポート マイナンバーカード 郵送での手続きについて 水道手続きについて マイナンバーカードを利用したオンライン行政手続きについて 子育て教育 妊娠・出産 子どもの健診・予防接種 保育・幼稚園 子どもの手当・助成・支援制度 学校・教育 健康・福祉 国民年金 国民健康保険について 後期高齢者医療 介護保険 地域包括支援センター 障がい者（児）支援 生活支援 戦没者遺族援護 健康づくり 観光・イベント 本部カレン
13	19	本部町	沖縄県 本部町 もとぶちょう 太陽と海と緑－観光文化のまち	https://www.town.motobu.okinawa.jp/doc/2023111500069/	生活支援 | 本部町役場 沖縄県 本部町 もとぶちょう 太陽と海と緑－観光文化のまち Language 日本語 English 한국 简体中文 繁体中文 メニュー 閉じる 文字サイズ 拡大 標準 縮小 暮らし・手続き 戸籍（住民登録・印鑑登録） 申請書と手数料一覧 出生届 死亡届・葬祭費補助 パスポート マイナンバーカード 郵送での手続きについて 水道手続きについて マイナンバーカードを利用したオンライン行政手続きについて 子育て教育 妊娠・出産 子どもの健診・予防接種 保育・幼稚園 子どもの手当・助成・支援制度 学校・教育 健康・福祉 国民年金 国民健康保険について 後期高齢者医療 介護保険 地域包括支援センター 障がい者（児）支援 生活支援 戦没者遺族援護 健康づくり 観光・イベント 本部カレンダー 今月の
13	19	本部町	沖縄県 本部町 もとぶちょう 太陽と海と緑－観光文化のまち	https://www.town.motobu.okinawa.jp/doc/2023110900198/	予算、財政 | 本部町役場 沖縄県 本部町 もとぶちょう 太陽と海と緑－観光文化のまち Language 日本語 English 한국 简体中文 繁体中文 メニュー 閉じる 文字サイズ 拡大 標準 縮小 暮らし・手続き 戸籍（住民登録・印鑑登録） 申請書と手数料一覧 出生届 死亡届・葬祭費補助 パスポート マイナンバーカード 郵送での手続きについて 水道手続きについて マイナンバーカードを利用したオンライン行政手続きについて 子育て教育 妊娠・出産 子どもの健診・予防接種 保育・幼稚園 子どもの手当・助成・支援制度 学校・教育 健康・福祉 国民年金 国民健康保険について 後期高齢者医療 介護保険 地域包括支援センター 障がい者（児）支援 生活支援 戦没者遺族援護 健康づくり 観光・イベント 本部カレンダー 今月
13	19	本部町	沖縄県 本部町 もとぶちょう 太陽と海と緑－観光文化のまち	https://www.town.motobu.okinawa.jp/soshiki/kyouiku/	教育委員会事務局 | 本部町役場 沖縄県 本部町 もとぶちょう 太陽と海と緑－観光文化のまち Language 日本語 English 한국 简体中文 繁体中文 メニュー 閉じる 文字サイズ 拡大 標準 縮小 暮らし・手続き 戸籍（住民登録・印鑑登録） 申請書と手数料一覧 出生届 死亡届・葬祭費補助 パスポート マイナンバーカード 郵送での手続きについて 水道手続きについて マイナンバーカードを利用したオンライン行政手続きについて 子育て教育 妊娠・出産 子どもの健診・予防接種 保育・幼稚園 子どもの手当・助成・支援制度 学校・教育 健康・福祉 国民年金 国民健康保険について 後期高齢者医療 介護保険 地域包括支援センター 障がい者（児）支援 生活支援 戦没者遺族援護 健康づくり 観光・イベント 本部カレンダー
13	19	本部町	沖縄県 本部町 もとぶちょう 太陽と海と緑－観光文化のまち	https://www.town.motobu.okinawa.jp/doc/2023111600158/	学校（保・幼・小・中）・教育 | 本部町役場 沖縄県 本部町 もとぶちょう 太陽と海と緑－観光文化のまち Language 日本語 English 한국 简体中文 繁体中文 メニュー 閉じる 文字サイズ 拡大 標準 縮小 暮らし・手続き 戸籍（住民登録・印鑑登録） 申請書と手数料一覧 出生届 死亡届・葬祭費補助 パスポート マイナンバーカード 郵送での手続きについて 水道手続きについて マイナンバーカードを利用したオンライン行政手続きについて 子育て教育 妊娠・出産 子どもの健診・予防接種 保育・幼稚園 子どもの手当・助成・支援制度 学校・教育 健康・福祉 国民年金 国民健康保険について 後期高齢者医療 介護保険 地域包括支援センター 障がい者（児）支援 生活支援 戦没者遺族援護 健康づくり 観光・イベント 本
13	19	本部町	沖縄県 本部町 もとぶちょう 太陽と海と緑－観光文化のまち	https://www.town.motobu.okinawa.jp/soshiki/kenkou/	健康づくり推進課 | 本部町役場 沖縄県 本部町 もとぶちょう 太陽と海と緑－観光文化のまち Language 日本語 English 한국 简体中文 繁体中文 メニュー 閉じる 文字サイズ 拡大 標準 縮小 暮らし・手続き 戸籍（住民登録・印鑑登録） 申請書と手数料一覧 出生届 死亡届・葬祭費補助 パスポート マイナンバーカード 郵送での手続きについて 水道手続きについて マイナンバーカードを利用したオンライン行政手続きについて 子育て教育 妊娠・出産 子どもの健診・予防接種 保育・幼稚園 子どもの手当・助成・支援制度 学校・教育 健康・福祉 国民年金 国民健康保険について 後期高齢者医療 介護保険 地域包括支援センター 障がい者（児）支援 生活支援 戦没者遺族援護 健康づくり 観光・イベント 本部カレンダー
13	18	恩納村	耕作放棄再生利用緊急対策事業（実証ほ場報告書）	https://www.vill.onna.okinawa.jp/business/agriculture/1484815611/	耕作放棄再生利用緊急対策事業（実証ほ場報告書） | 沖縄県恩納村 | 恩（めぐみ）の青 豊かな緑 輝く人々 未来へつなごう恩納村 総合トップ 本文へ 恩(めぐみ)の青 豊かな緑 輝く人々 未来へつなごう恩納村 日本語 English 簡体中文 繁体中文 한국어 サイトマップ よくあるご質問 お問い合わせ アクセシビリティ 総合トップ トップページ 暮らしの情報 恩納村の情報 観光情報 村政情報 防災情報 事業者の方へ ホーム 事業者の方へ 農林・水産 耕作放棄再生利用緊急対策事業（実証ほ場報告書） 耕作放棄再生利用緊急対策事業（実証ほ場報告書） 事業地区 恩納村字南恩納地区 事業概要 平成２１年度に耕作放棄地対策交付金のPRとして１,６００㎡の耕作放棄地の解消作業を行い農道沿いに立て看板を設置、村の広報誌に掲載
13	17	今帰仁村	施策・計画	https://www.nakijin.jp/pagtop/gyosei/shisaku/index.html	施策・計画／今帰仁村 スマートフォン版を表示 本文へ移動 文字サイズ 背景色変更 くらし・手続き 子育て・教育 健康・福祉 歴史・観光 事業者の方へ 行政情報 くらし・手続き 子育て・教育 健康・福祉 歴史・観光 事業者の方へ 行政情報 PC版を表示 現在のページ ホーム 今帰仁村役場 行政情報 施策・計画 施策・計画 今帰仁村人口ビジョン・総合戦略策定委員会 今帰仁村景観条例・今帰仁村景観計画について 今帰仁村橋梁等長寿命化修繕計画について 地方自治法第9条の5第1項の規定による新たに生じた土地の確認及び字の区域変更について 沖縄振興特別推進市町村交付金の今帰仁村実施事業例について 平成27年度 地域活性化・地域住民生活等緊急支援交付金(地方創生先行型)に係る事業実施結果報告 今帰仁村公共施設等総合管理計画
13	17	本部町	沖縄県 本部町 もとぶちょう 太陽と海と緑－観光文化のまち	https://www.town.motobu.okinawa.jp/doc/2023112000025/	戸籍（住民登録・印鑑登録） | 本部町役場 沖縄県 本部町 もとぶちょう 太陽と海と緑－観光文化のまち Language 日本語 English 한국 简体中文 繁体中文 メニュー 閉じる 文字サイズ 拡大 標準 縮小 暮らし・手続き 戸籍（住民登録・印鑑登録） 申請書と手数料一覧 出生届 死亡届・葬祭費補助 パスポート マイナンバーカード 郵送での手続きについて 水道手続きについて マイナンバーカードを利用したオンライン行政手続きについて 子育て教育 妊娠・出産 子どもの健診・予防接種 保育・幼稚園 子どもの手当・助成・支援制度 学校・教育 健康・福祉 国民年金 国民健康保険について 後期高齢者医療 介護保険 地域包括支援センター 障がい者（児）支援 生活支援 戦没者遺族援護 健康づくり 観光・イベント 本部
13	17	本部町	沖縄県 本部町 もとぶちょう 太陽と海と緑－観光文化のまち	https://www.town.motobu.okinawa.jp/doc/2023112000063/	パスポート | 本部町役場 沖縄県 本部町 もとぶちょう 太陽と海と緑－観光文化のまち Language 日本語 English 한국 简体中文 繁体中文 メニュー 閉じる 文字サイズ 拡大 標準 縮小 暮らし・手続き 戸籍（住民登録・印鑑登録） 申請書と手数料一覧 出生届 死亡届・葬祭費補助 パスポート マイナンバーカード 郵送での手続きについて 水道手続きについて マイナンバーカードを利用したオンライン行政手続きについて 子育て教育 妊娠・出産 子どもの健診・予防接種 保育・幼稚園 子どもの手当・助成・支援制度 学校・教育 健康・福祉 国民年金 国民健康保険について 後期高齢者医療 介護保険 地域包括支援センター 障がい者（児）支援 生活支援 戦没者遺族援護 健康づくり 観光・イベント 本部カレンダー 今月
13	17	本部町	沖縄県 本部町 もとぶちょう 太陽と海と緑－観光文化のまち	https://www.town.motobu.okinawa.jp/doc/2023112000018/	マイナンバーカード | 本部町役場 沖縄県 本部町 もとぶちょう 太陽と海と緑－観光文化のまち Language 日本語 English 한국 简体中文 繁体中文 メニュー 閉じる 文字サイズ 拡大 標準 縮小 暮らし・手続き 戸籍（住民登録・印鑑登録） 申請書と手数料一覧 出生届 死亡届・葬祭費補助 パスポート マイナンバーカード 郵送での手続きについて 水道手続きについて マイナンバーカードを利用したオンライン行政手続きについて 子育て教育 妊娠・出産 子どもの健診・予防接種 保育・幼稚園 子どもの手当・助成・支援制度 学校・教育 健康・福祉 国民年金 国民健康保険について 後期高齢者医療 介護保険 地域包括支援センター 障がい者（児）支援 生活支援 戦没者遺族援護 健康づくり 観光・イベント 本部カレンダ
13	17	本部町	沖縄県 本部町 もとぶちょう 太陽と海と緑－観光文化のまち	https://www.town.motobu.okinawa.jp/doc/2024092700011/	子どもの健診・予防接種 | 本部町役場 沖縄県 本部町 もとぶちょう 太陽と海と緑－観光文化のまち Language 日本語 English 한국 简体中文 繁体中文 メニュー 閉じる 文字サイズ 拡大 標準 縮小 暮らし・手続き 戸籍（住民登録・印鑑登録） 申請書と手数料一覧 出生届 死亡届・葬祭費補助 パスポート マイナンバーカード 郵送での手続きについて 水道手続きについて マイナンバーカードを利用したオンライン行政手続きについて 子育て教育 妊娠・出産 子どもの健診・予防接種 保育・幼稚園 子どもの手当・助成・支援制度 学校・教育 健康・福祉 国民年金 国民健康保険について 後期高齢者医療 介護保険 地域包括支援センター 障がい者（児）支援 生活支援 戦没者遺族援護 健康づくり 観光・イベント 本部カレ
13	17	本部町	沖縄県 本部町 もとぶちょう 太陽と海と緑－観光文化のまち	https://www.town.motobu.okinawa.jp/doc/2023112800045/	健康づくり | 本部町役場 沖縄県 本部町 もとぶちょう 太陽と海と緑－観光文化のまち Language 日本語 English 한국 简体中文 繁体中文 メニュー 閉じる 文字サイズ 拡大 標準 縮小 暮らし・手続き 戸籍（住民登録・印鑑登録） 申請書と手数料一覧 出生届 死亡届・葬祭費補助 パスポート マイナンバーカード 郵送での手続きについて 水道手続きについて マイナンバーカードを利用したオンライン行政手続きについて 子育て教育 妊娠・出産 子どもの健診・予防接種 保育・幼稚園 子どもの手当・助成・支援制度 学校・教育 健康・福祉 国民年金 国民健康保険について 後期高齢者医療 介護保険 地域包括支援センター 障がい者（児）支援 生活支援 戦没者遺族援護 健康づくり 観光・イベント 本部カレンダー 今月
13	17	本部町	沖縄県 本部町 もとぶちょう 太陽と海と緑－観光文化のまち	https://www.town.motobu.okinawa.jp/doc/2023111300027/	本部カレンダー | 本部町役場 沖縄県 本部町 もとぶちょう 太陽と海と緑－観光文化のまち Language 日本語 English 한국 简体中文 繁体中文 メニュー 閉じる 文字サイズ 拡大 標準 縮小 暮らし・手続き 戸籍（住民登録・印鑑登録） 申請書と手数料一覧 出生届 死亡届・葬祭費補助 パスポート マイナンバーカード 郵送での手続きについて 水道手続きについて マイナンバーカードを利用したオンライン行政手続きについて 子育て教育 妊娠・出産 子どもの健診・予防接種 保育・幼稚園 子どもの手当・助成・支援制度 学校・教育 健康・福祉 国民年金 国民健康保険について 後期高齢者医療 介護保険 地域包括支援センター 障がい者（児）支援 生活支援 戦没者遺族援護 健康づくり 観光・イベント 本部カレンダー
13	17	本部町	沖縄県 本部町 もとぶちょう 太陽と海と緑－観光文化のまち	https://www.town.motobu.okinawa.jp/doc/2023111000019/	行政区一覧 | 本部町役場 沖縄県 本部町 もとぶちょう 太陽と海と緑－観光文化のまち Language 日本語 English 한국 简体中文 繁体中文 メニュー 閉じる 文字サイズ 拡大 標準 縮小 暮らし・手続き 戸籍（住民登録・印鑑登録） 申請書と手数料一覧 出生届 死亡届・葬祭費補助 パスポート マイナンバーカード 郵送での手続きについて 水道手続きについて マイナンバーカードを利用したオンライン行政手続きについて 子育て教育 妊娠・出産 子どもの健診・予防接種 保育・幼稚園 子どもの手当・助成・支援制度 学校・教育 健康・福祉 国民年金 国民健康保険について 後期高齢者医療 介護保険 地域包括支援センター 障がい者（児）支援 生活支援 戦没者遺族援護 健康づくり 観光・イベント 本部カレンダー 今月
13	17	本部町	沖縄県 本部町 もとぶちょう 太陽と海と緑－観光文化のまち	https://www.town.motobu.okinawa.jp/doc/2023112100176/	本部町選挙管理委員会 | 本部町役場 沖縄県 本部町 もとぶちょう 太陽と海と緑－観光文化のまち Language 日本語 English 한국 简体中文 繁体中文 メニュー 閉じる 文字サイズ 拡大 標準 縮小 暮らし・手続き 戸籍（住民登録・印鑑登録） 申請書と手数料一覧 出生届 死亡届・葬祭費補助 パスポート マイナンバーカード 郵送での手続きについて 水道手続きについて マイナンバーカードを利用したオンライン行政手続きについて 子育て教育 妊娠・出産 子どもの健診・予防接種 保育・幼稚園 子どもの手当・助成・支援制度 学校・教育 健康・福祉 国民年金 国民健康保険について 後期高齢者医療 介護保険 地域包括支援センター 障がい者（児）支援 生活支援 戦没者遺族援護 健康づくり 観光・イベント 本部カレン
13	17	本部町	沖縄県 本部町 もとぶちょう 太陽と海と緑－観光文化のまち	https://www.town.motobu.okinawa.jp/doc/2024012600278/	個人住民税の特別徴収について | 本部町役場 沖縄県 本部町 もとぶちょう 太陽と海と緑－観光文化のまち Language 日本語 English 한국 简体中文 繁体中文 メニュー 閉じる 文字サイズ 拡大 標準 縮小 暮らし・手続き 戸籍（住民登録・印鑑登録） 申請書と手数料一覧 出生届 死亡届・葬祭費補助 パスポート マイナンバーカード 郵送での手続きについて 水道手続きについて マイナンバーカードを利用したオンライン行政手続きについて 子育て教育 妊娠・出産 子どもの健診・予防接種 保育・幼稚園 子どもの手当・助成・支援制度 学校・教育 健康・福祉 国民年金 国民健康保険について 後期高齢者医療 介護保険 地域包括支援センター 障がい者（児）支援 生活支援 戦没者遺族援護 健康づくり 観光・イベント 本
13	17	本部町	沖縄県 本部町 もとぶちょう 太陽と海と緑－観光文化のまち	https://www.town.motobu.okinawa.jp/doc/2024012600131/	その他の税について一覧 | 本部町役場 沖縄県 本部町 もとぶちょう 太陽と海と緑－観光文化のまち Language 日本語 English 한국 简体中文 繁体中文 メニュー 閉じる 文字サイズ 拡大 標準 縮小 暮らし・手続き 戸籍（住民登録・印鑑登録） 申請書と手数料一覧 出生届 死亡届・葬祭費補助 パスポート マイナンバーカード 郵送での手続きについて 水道手続きについて マイナンバーカードを利用したオンライン行政手続きについて 子育て教育 妊娠・出産 子どもの健診・予防接種 保育・幼稚園 子どもの手当・助成・支援制度 学校・教育 健康・福祉 国民年金 国民健康保険について 後期高齢者医療 介護保険 地域包括支援センター 障がい者（児）支援 生活支援 戦没者遺族援護 健康づくり 観光・イベント 本部カレ
13	17	本部町	沖縄県 本部町 もとぶちょう 太陽と海と緑－観光文化のまち	https://www.town.motobu.okinawa.jp/doc/2024012600049/	証明について一覧 | 本部町役場 沖縄県 本部町 もとぶちょう 太陽と海と緑－観光文化のまち Language 日本語 English 한국 简体中文 繁体中文 メニュー 閉じる 文字サイズ 拡大 標準 縮小 暮らし・手続き 戸籍（住民登録・印鑑登録） 申請書と手数料一覧 出生届 死亡届・葬祭費補助 パスポート マイナンバーカード 郵送での手続きについて 水道手続きについて マイナンバーカードを利用したオンライン行政手続きについて 子育て教育 妊娠・出産 子どもの健診・予防接種 保育・幼稚園 子どもの手当・助成・支援制度 学校・教育 健康・福祉 国民年金 国民健康保険について 後期高齢者医療 介護保険 地域包括支援センター 障がい者（児）支援 生活支援 戦没者遺族援護 健康づくり 観光・イベント 本部カレンダー
13	17	本部町	沖縄県 本部町 もとぶちょう 太陽と海と緑－観光文化のまち	https://www.town.motobu.okinawa.jp/doc/2023110100031/	本部町の人口と世帯数 | 本部町役場 沖縄県 本部町 もとぶちょう 太陽と海と緑－観光文化のまち Language 日本語 English 한국 简体中文 繁体中文 メニュー 閉じる 文字サイズ 拡大 標準 縮小 暮らし・手続き 戸籍（住民登録・印鑑登録） 申請書と手数料一覧 出生届 死亡届・葬祭費補助 パスポート マイナンバーカード 郵送での手続きについて 水道手続きについて マイナンバーカードを利用したオンライン行政手続きについて 子育て教育 妊娠・出産 子どもの健診・予防接種 保育・幼稚園 子どもの手当・助成・支援制度 学校・教育 健康・福祉 国民年金 国民健康保険について 後期高齢者医療 介護保険 地域包括支援センター 障がい者（児）支援 生活支援 戦没者遺族援護 健康づくり 観光・イベント 本部カレン
13	17	本部町	沖縄県 本部町 もとぶちょう 太陽と海と緑－観光文化のまち	https://www.town.motobu.okinawa.jp/doc/2023111300041/	結婚・離婚 | 本部町役場 沖縄県 本部町 もとぶちょう 太陽と海と緑－観光文化のまち Language 日本語 English 한국 简体中文 繁体中文 メニュー 閉じる 文字サイズ 拡大 標準 縮小 暮らし・手続き 戸籍（住民登録・印鑑登録） 申請書と手数料一覧 出生届 死亡届・葬祭費補助 パスポート マイナンバーカード 郵送での手続きについて 水道手続きについて マイナンバーカードを利用したオンライン行政手続きについて 子育て教育 妊娠・出産 子どもの健診・予防接種 保育・幼稚園 子どもの手当・助成・支援制度 学校・教育 健康・福祉 国民年金 国民健康保険について 後期高齢者医療 介護保険 地域包括支援センター 障がい者（児）支援 生活支援 戦没者遺族援護 健康づくり 観光・イベント 本部カレンダー 今月
13	17	本部町	沖縄県 本部町 もとぶちょう 太陽と海と緑－観光文化のまち	https://www.town.motobu.okinawa.jp/doc/2023103000034/	防災 | 本部町役場 沖縄県 本部町 もとぶちょう 太陽と海と緑－観光文化のまち Language 日本語 English 한국 简体中文 繁体中文 メニュー 閉じる 文字サイズ 拡大 標準 縮小 暮らし・手続き 戸籍（住民登録・印鑑登録） 申請書と手数料一覧 出生届 死亡届・葬祭費補助 パスポート マイナンバーカード 郵送での手続きについて 水道手続きについて マイナンバーカードを利用したオンライン行政手続きについて 子育て教育 妊娠・出産 子どもの健診・予防接種 保育・幼稚園 子どもの手当・助成・支援制度 学校・教育 健康・福祉 国民年金 国民健康保険について 後期高齢者医療 介護保険 地域包括支援センター 障がい者（児）支援 生活支援 戦没者遺族援護 健康づくり 観光・イベント 本部カレンダー 今月のイベ
13	17	本部町	沖縄県 本部町 もとぶちょう 太陽と海と緑－観光文化のまち	https://www.town.motobu.okinawa.jp/soshiki/jyuminka/	住民課 | 本部町役場 沖縄県 本部町 もとぶちょう 太陽と海と緑－観光文化のまち Language 日本語 English 한국 简体中文 繁体中文 メニュー 閉じる 文字サイズ 拡大 標準 縮小 暮らし・手続き 戸籍（住民登録・印鑑登録） 申請書と手数料一覧 出生届 死亡届・葬祭費補助 パスポート マイナンバーカード 郵送での手続きについて 水道手続きについて マイナンバーカードを利用したオンライン行政手続きについて 子育て教育 妊娠・出産 子どもの健診・予防接種 保育・幼稚園 子どもの手当・助成・支援制度 学校・教育 健康・福祉 国民年金 国民健康保険について 後期高齢者医療 介護保険 地域包括支援センター 障がい者（児）支援 生活支援 戦没者遺族援護 健康づくり 観光・イベント 本部カレンダー 今月のイ
13	17	本部町	沖縄県 本部町 もとぶちょう 太陽と海と緑－観光文化のまち	https://www.town.motobu.okinawa.jp/soshiki/fukushika/	福祉課 | 本部町役場 沖縄県 本部町 もとぶちょう 太陽と海と緑－観光文化のまち Language 日本語 English 한국 简体中文 繁体中文 メニュー 閉じる 文字サイズ 拡大 標準 縮小 暮らし・手続き 戸籍（住民登録・印鑑登録） 申請書と手数料一覧 出生届 死亡届・葬祭費補助 パスポート マイナンバーカード 郵送での手続きについて 水道手続きについて マイナンバーカードを利用したオンライン行政手続きについて 子育て教育 妊娠・出産 子どもの健診・予防接種 保育・幼稚園 子どもの手当・助成・支援制度 学校・教育 健康・福祉 国民年金 国民健康保険について 後期高齢者医療 介護保険 地域包括支援センター 障がい者（児）支援 生活支援 戦没者遺族援護 健康づくり 観光・イベント 本部カレンダー 今月のイ
13	17	本部町	沖縄県 本部町 もとぶちょう 太陽と海と緑－観光文化のまち	https://www.town.motobu.okinawa.jp/soshiki/gikaizimukyoku/	議会事務局 | 本部町役場 沖縄県 本部町 もとぶちょう 太陽と海と緑－観光文化のまち Language 日本語 English 한국 简体中文 繁体中文 メニュー 閉じる 文字サイズ 拡大 標準 縮小 暮らし・手続き 戸籍（住民登録・印鑑登録） 申請書と手数料一覧 出生届 死亡届・葬祭費補助 パスポート マイナンバーカード 郵送での手続きについて 水道手続きについて マイナンバーカードを利用したオンライン行政手続きについて 子育て教育 妊娠・出産 子どもの健診・予防接種 保育・幼稚園 子どもの手当・助成・支援制度 学校・教育 健康・福祉 国民年金 国民健康保険について 後期高齢者医療 介護保険 地域包括支援センター 障がい者（児）支援 生活支援 戦没者遺族援護 健康づくり 観光・イベント 本部カレンダー 今月
13	17	本部町	沖縄県 本部町 もとぶちょう 太陽と海と緑－観光文化のまち	https://www.town.motobu.okinawa.jp/soshiki/senkyokanri/	選挙管理委員会事務局 | 本部町役場 沖縄県 本部町 もとぶちょう 太陽と海と緑－観光文化のまち Language 日本語 English 한국 简体中文 繁体中文 メニュー 閉じる 文字サイズ 拡大 標準 縮小 暮らし・手続き 戸籍（住民登録・印鑑登録） 申請書と手数料一覧 出生届 死亡届・葬祭費補助 パスポート マイナンバーカード 郵送での手続きについて 水道手続きについて マイナンバーカードを利用したオンライン行政手続きについて 子育て教育 妊娠・出産 子どもの健診・予防接種 保育・幼稚園 子どもの手当・助成・支援制度 学校・教育 健康・福祉 国民年金 国民健康保険について 後期高齢者医療 介護保険 地域包括支援センター 障がい者（児）支援 生活支援 戦没者遺族援護 健康づくり 観光・イベント 本部カレン
13	17	本部町	沖縄県 本部町 もとぶちょう 太陽と海と緑－観光文化のまち	https://www.town.motobu.okinawa.jp/doc/2023103000027/	町長あいさつ | 本部町役場 沖縄県 本部町 もとぶちょう 太陽と海と緑－観光文化のまち Language 日本語 English 한국 简体中文 繁体中文 メニュー 閉じる 文字サイズ 拡大 標準 縮小 暮らし・手続き 戸籍（住民登録・印鑑登録） 申請書と手数料一覧 出生届 死亡届・葬祭費補助 パスポート マイナンバーカード 郵送での手続きについて 水道手続きについて マイナンバーカードを利用したオンライン行政手続きについて 子育て教育 妊娠・出産 子どもの健診・予防接種 保育・幼稚園 子どもの手当・助成・支援制度 学校・教育 健康・福祉 国民年金 国民健康保険について 後期高齢者医療 介護保険 地域包括支援センター 障がい者（児）支援 生活支援 戦没者遺族援護 健康づくり 観光・イベント 本部カレンダー 今
13	17	本部町	沖縄県 本部町 もとぶちょう 太陽と海と緑－観光文化のまち	https://www.town.motobu.okinawa.jp/doc/2023112200036/	公共施設紹介 | 本部町役場 沖縄県 本部町 もとぶちょう 太陽と海と緑－観光文化のまち Language 日本語 English 한국 简体中文 繁体中文 メニュー 閉じる 文字サイズ 拡大 標準 縮小 暮らし・手続き 戸籍（住民登録・印鑑登録） 申請書と手数料一覧 出生届 死亡届・葬祭費補助 パスポート マイナンバーカード 郵送での手続きについて 水道手続きについて マイナンバーカードを利用したオンライン行政手続きについて 子育て教育 妊娠・出産 子どもの健診・予防接種 保育・幼稚園 子どもの手当・助成・支援制度 学校・教育 健康・福祉 国民年金 国民健康保険について 後期高齢者医療 介護保険 地域包括支援センター 障がい者（児）支援 生活支援 戦没者遺族援護 健康づくり 観光・イベント 本部カレンダー 今
13	17	本部町	沖縄県 本部町 もとぶちょう 太陽と海と緑－観光文化のまち	https://www.town.motobu.okinawa.jp/doc/2023103000010/	アクセス | 本部町役場 沖縄県 本部町 もとぶちょう 太陽と海と緑－観光文化のまち Language 日本語 English 한국 简体中文 繁体中文 メニュー 閉じる 文字サイズ 拡大 標準 縮小 暮らし・手続き 戸籍（住民登録・印鑑登録） 申請書と手数料一覧 出生届 死亡届・葬祭費補助 パスポート マイナンバーカード 郵送での手続きについて 水道手続きについて マイナンバーカードを利用したオンライン行政手続きについて 子育て教育 妊娠・出産 子どもの健診・予防接種 保育・幼稚園 子どもの手当・助成・支援制度 学校・教育 健康・福祉 国民年金 国民健康保険について 後期高齢者医療 介護保険 地域包括支援センター 障がい者（児）支援 生活支援 戦没者遺族援護 健康づくり 観光・イベント 本部カレンダー 今月の
13	17	本部町	沖縄県 本部町 もとぶちょう 太陽と海と緑－観光文化のまち	https://www.town.motobu.okinawa.jp/category/bunya/kosodate_kyoiku/	子育て教育 | 本部町役場 沖縄県 本部町 もとぶちょう 太陽と海と緑－観光文化のまち Language 日本語 English 한국 简体中文 繁体中文 メニュー 閉じる 文字サイズ 拡大 標準 縮小 暮らし・手続き 戸籍（住民登録・印鑑登録） 申請書と手数料一覧 出生届 死亡届・葬祭費補助 パスポート マイナンバーカード 郵送での手続きについて 水道手続きについて マイナンバーカードを利用したオンライン行政手続きについて 子育て教育 妊娠・出産 子どもの健診・予防接種 保育・幼稚園 子どもの手当・助成・支援制度 学校・教育 健康・福祉 国民年金 国民健康保険について 後期高齢者医療 介護保険 地域包括支援センター 障がい者（児）支援 生活支援 戦没者遺族援護 健康づくり 観光・イベント 本部カレンダー 今月
13	17	本部町	沖縄県 本部町 もとぶちょう 太陽と海と緑－観光文化のまち	https://www.town.motobu.okinawa.jp/soshiki/kosodate/	子育て支援課 | 本部町役場 沖縄県 本部町 もとぶちょう 太陽と海と緑－観光文化のまち Language 日本語 English 한국 简体中文 繁体中文 メニュー 閉じる 文字サイズ 拡大 標準 縮小 暮らし・手続き 戸籍（住民登録・印鑑登録） 申請書と手数料一覧 出生届 死亡届・葬祭費補助 パスポート マイナンバーカード 郵送での手続きについて 水道手続きについて マイナンバーカードを利用したオンライン行政手続きについて 子育て教育 妊娠・出産 子どもの健診・予防接種 保育・幼稚園 子どもの手当・助成・支援制度 学校・教育 健康・福祉 国民年金 国民健康保険について 後期高齢者医療 介護保険 地域包括支援センター 障がい者（児）支援 生活支援 戦没者遺族援護 健康づくり 観光・イベント 本部カレンダー 今
13	17	本部町	沖縄県 本部町 もとぶちょう 太陽と海と緑－観光文化のまち	https://www.town.motobu.okinawa.jp/doc/2023110900044/	本部町教育委員会障害者活躍推進計画 | 本部町役場 沖縄県 本部町 もとぶちょう 太陽と海と緑－観光文化のまち Language 日本語 English 한국 简体中文 繁体中文 メニュー 閉じる 文字サイズ 拡大 標準 縮小 暮らし・手続き 戸籍（住民登録・印鑑登録） 申請書と手数料一覧 出生届 死亡届・葬祭費補助 パスポート マイナンバーカード 郵送での手続きについて 水道手続きについて マイナンバーカードを利用したオンライン行政手続きについて 子育て教育 妊娠・出産 子どもの健診・予防接種 保育・幼稚園 子どもの手当・助成・支援制度 学校・教育 健康・福祉 国民年金 国民健康保険について 後期高齢者医療 介護保険 地域包括支援センター 障がい者（児）支援 生活支援 戦没者遺族援護 健康づくり 観光・イベン
13	17	本部町	沖縄県 本部町 もとぶちょう 太陽と海と緑－観光文化のまち	https://www.town.motobu.okinawa.jp/doc/2024051000053/	本部町教職員働き方改革推進プラン | 本部町役場 沖縄県 本部町 もとぶちょう 太陽と海と緑－観光文化のまち Language 日本語 English 한국 简体中文 繁体中文 メニュー 閉じる 文字サイズ 拡大 標準 縮小 暮らし・手続き 戸籍（住民登録・印鑑登録） 申請書と手数料一覧 出生届 死亡届・葬祭費補助 パスポート マイナンバーカード 郵送での手続きについて 水道手続きについて マイナンバーカードを利用したオンライン行政手続きについて 子育て教育 妊娠・出産 子どもの健診・予防接種 保育・幼稚園 子どもの手当・助成・支援制度 学校・教育 健康・福祉 国民年金 国民健康保険について 後期高齢者医療 介護保険 地域包括支援センター 障がい者（児）支援 生活支援 戦没者遺族援護 健康づくり 観光・イベント
13	17	本部町	沖縄県 本部町 もとぶちょう 太陽と海と緑－観光文化のまち	https://www.town.motobu.okinawa.jp/doc/2023110200083/	オープンデータ | 本部町役場 沖縄県 本部町 もとぶちょう 太陽と海と緑－観光文化のまち Language 日本語 English 한국 简体中文 繁体中文 メニュー 閉じる 文字サイズ 拡大 標準 縮小 暮らし・手続き 戸籍（住民登録・印鑑登録） 申請書と手数料一覧 出生届 死亡届・葬祭費補助 パスポート マイナンバーカード 郵送での手続きについて 水道手続きについて マイナンバーカードを利用したオンライン行政手続きについて 子育て教育 妊娠・出産 子どもの健診・予防接種 保育・幼稚園 子どもの手当・助成・支援制度 学校・教育 健康・福祉 国民年金 国民健康保険について 後期高齢者医療 介護保険 地域包括支援センター 障がい者（児）支援 生活支援 戦没者遺族援護 健康づくり 観光・イベント 本部カレンダー
13	17	本部町	沖縄県 本部町 もとぶちょう 太陽と海と緑－観光文化のまち	https://www.town.motobu.okinawa.jp/doc/2023110200106/	寄附企業紹介 | 本部町役場 沖縄県 本部町 もとぶちょう 太陽と海と緑－観光文化のまち Language 日本語 English 한국 简体中文 繁体中文 メニュー 閉じる 文字サイズ 拡大 標準 縮小 暮らし・手続き 戸籍（住民登録・印鑑登録） 申請書と手数料一覧 出生届 死亡届・葬祭費補助 パスポート マイナンバーカード 郵送での手続きについて 水道手続きについて マイナンバーカードを利用したオンライン行政手続きについて 子育て教育 妊娠・出産 子どもの健診・予防接種 保育・幼稚園 子どもの手当・助成・支援制度 学校・教育 健康・福祉 国民年金 国民健康保険について 後期高齢者医療 介護保険 地域包括支援センター 障がい者（児）支援 生活支援 戦没者遺族援護 健康づくり 観光・イベント 本部カレンダー 今
13	16	宜野座村	学校教育	https://www.vill.ginoza.okinawa.jp/kyoiku/gakko/index.html	学校教育／宜野座村 | 水と緑と太陽の里 スマートフォン版を表示 本文へ 文字サイズ 標準 （初期状態） 標準 に戻す 拡大 （初期状態） 拡大 拡大（最大状態） 背景色変更 黒 背景色を黒色にする 青 背景色を青色にする 標準 背景色を元に戻す Select Language English 中文（繁体） 中文（簡体） Go Select your language menu close 文字サイズ 背景色変更 Select Language English 中文（繁体） 中文（簡体） Go Select your language PC版を見る 閉じる 現在のページ ホーム 教育委員会 学校教育 学校教育 令和6年度宜野座村立小中学校電子黒板等整備事業について 「宜野座村小中学校における携帯電話の取扱いに関
11	30	金武町	障害福祉サービスについて	https://www.town.kin.okinawa.jp/iryo_kenko_fukushi/shogaishafukushi/1814.html	障害福祉サービスについて／金武町 Official Site スマートフォン版を表示 本文へ 文字サイズ 背景色変更 Foreign Language 各課のご案内 くらし・手続き くらし・手続き下層 医療・健康・福祉 医療・健康・福祉下層 子育て・教育 子育て・教育下層 文化・観光・スポーツ 文化・観光・スポーツ下層 しごと・産業 しごと・産業下層 行政情報 行政情報下層 くらし・手続き 医療・健康・福祉 子育て・教育 文化・国際交流・スポーツ しごと・産業 行政情報 文字サイズ 背景色変更 Foreign Language 各課のご案内 PC版で見る 閉じる 現在のページ ホーム 医療・健康・福祉 障害者福祉 障害福祉サービスについて 障害福祉サービスについて Tweet 更新日：2024年09月25日 障
11	22	金武町	補装具について	https://www.town.kin.okinawa.jp/iryo_kenko_fukushi/shogaishafukushi/1816.html	補装具について／金武町 Official Site スマートフォン版を表示 本文へ 文字サイズ 背景色変更 Foreign Language 各課のご案内 くらし・手続き くらし・手続き下層 医療・健康・福祉 医療・健康・福祉下層 子育て・教育 子育て・教育下層 文化・観光・スポーツ 文化・観光・スポーツ下層 しごと・産業 しごと・産業下層 行政情報 行政情報下層 くらし・手続き 医療・健康・福祉 子育て・教育 文化・国際交流・スポーツ しごと・産業 行政情報 文字サイズ 背景色変更 Foreign Language 各課のご案内 PC版で見る 閉じる 現在のページ ホーム 医療・健康・福祉 障害者福祉 補装具について 補装具について Tweet 更新日：2024年08月22日 身体の欠損または損なわれた身体機
11	18	恩納村	平成３０年４月から国民健康保険制度が変わります。	https://www.vill.onna.okinawa.jp/topics/1512116971/	平成３０年４月から国民健康保険制度が変わります。 | 新着情報 | 沖縄県恩納村 | 恩（めぐみ）の青 豊かな緑 輝く人々 未来へつなごう恩納村 総合トップ 本文へ 恩(めぐみ)の青 豊かな緑 輝く人々 未来へつなごう恩納村 日本語 English 簡体中文 繁体中文 한국어 サイトマップ よくあるご質問 お問い合わせ アクセシビリティ 総合トップ トップページ 暮らしの情報 恩納村の情報 観光情報 村政情報 防災情報 事業者の方へ ホーム 新着情報 平成３０年４月から国民健康保険制度が変わります。 平成３０年４月から国民健康保険制度が変わります。 最終更新日：2017 12 01 平成３０年４月から国民健康保険制度が変わります これまで国民健康保険の運営は市町村(恩納村)が行っていましたが、 平成３０年４月か
11	16	金武町	家族介護慰労金支給事業	https://www.town.kin.okinawa.jp/iryo_kenko_fukushi/koreishafukushi_kaigo/koureisya-sa-bisu/2250.html	家族介護慰労金支給事業／金武町 Official Site スマートフォン版を表示 本文へ 文字サイズ 背景色変更 Foreign Language 各課のご案内 くらし・手続き くらし・手続き下層 医療・健康・福祉 医療・健康・福祉下層 子育て・教育 子育て・教育下層 文化・観光・スポーツ 文化・観光・スポーツ下層 しごと・産業 しごと・産業下層 行政情報 行政情報下層 くらし・手続き 医療・健康・福祉 子育て・教育 文化・国際交流・スポーツ しごと・産業 行政情報 文字サイズ 背景色変更 Foreign Language 各課のご案内 PC版で見る 閉じる 現在のページ ホーム 医療・健康・福祉 高齢者福祉・介護 高齢者福祉サービス 家族介護慰労金支給事業 家族介護慰労金支給事業 Tweet 更新日：202
10	30	今帰仁村	今帰仁村こども医療費助成制度について	https://www.nakijin.jp/pagtop/life_scene/kosodate/index.html	子育て／今帰仁村 スマートフォン版を表示 本文へ移動 文字サイズ 背景色変更 くらし・手続き 子育て・教育 健康・福祉 歴史・観光 事業者の方へ 行政情報 くらし・手続き 子育て・教育 健康・福祉 歴史・観光 事業者の方へ 行政情報 PC版を表示 現在のページ ホーム 今帰仁村役場 ライフシーンから探す 子育て 子育て 今帰仁村子育て支援 支援制度に関すること 今帰仁村こども医療費助成制度について 特別児童扶養手当 今帰仁村子ども・子育て支援事業計画 今帰仁村子育て支援センターきらきらについて LINEで相談「おきなわ子どもククルーム」のご案内 今帰仁村児童生徒等の県外派遣等に関する補助金について 今帰仁村ひとり親家庭等放課後児童クラブ利用支援事業について 今帰仁村新型コロナウイルス対策大学生等応援給付金(5万
10	26	宜野座村	【自治体向けページ】当初調整給付支給状況調査について	https://www.vill.ginoza.okinawa.jp/soshiki/1001/oshirase/1224.html	【自治体向けページ】当初調整給付支給状況調査について／宜野座村 | 水と緑と太陽の里 スマートフォン版を表示 本文へ 文字サイズ 標準 （初期状態） 標準 に戻す 拡大 （初期状態） 拡大 拡大（最大状態） 背景色変更 黒 背景色を黒色にする 青 背景色を青色にする 標準 背景色を元に戻す Select Language English 中文（繁体） 中文（簡体） Go Select your language 閲覧支援/Languagesを閉じる キーワードから探す ページ番号で探す 検索 ページ番号とは？ 目的別で探す くらし 健康・福祉 子育て・教育 観光・文化・スポーツ しごと・産業 村政 防災情報 各課のご案内 検索を閉じる 文字サイズ 背景色変更 Select Language English 中文
10	26	宜野座村	第2期宜野座村子ども・子育て支援事業計画ニーズ調査結果について	https://www.vill.ginoza.okinawa.jp/soshiki/1005/9/1/360.html	第2期宜野座村子ども・子育て支援事業計画ニーズ調査結果について／宜野座村 | 水と緑と太陽の里 スマートフォン版を表示 本文へ 文字サイズ 標準 （初期状態） 標準 に戻す 拡大 （初期状態） 拡大 拡大（最大状態） 背景色変更 黒 背景色を黒色にする 青 背景色を青色にする 標準 背景色を元に戻す Select Language English 中文（繁体） 中文（簡体） Go Select your language 閲覧支援/Languagesを閉じる キーワードから探す ページ番号で探す 検索 ページ番号とは？ 目的別で探す くらし 健康・福祉 子育て・教育 観光・文化・スポーツ しごと・産業 村政 防災情報 各課のご案内 検索を閉じる 文字サイズ 背景色変更 Select Language Engli
10	22	宜野座村	社会教育課	https://www.vill.ginoza.okinawa.jp/kyoiku/syakaikyoiku/index.html	社会教育課／宜野座村 | 水と緑と太陽の里 スマートフォン版を表示 本文へ 文字サイズ 標準 （初期状態） 標準 に戻す 拡大 （初期状態） 拡大 拡大（最大状態） 背景色変更 黒 背景色を黒色にする 青 背景色を青色にする 標準 背景色を元に戻す Select Language English 中文（繁体） 中文（簡体） Go Select your language menu close 文字サイズ 背景色変更 Select Language English 中文（繁体） 中文（簡体） Go Select your language PC版を見る 閉じる 現在のページ ホーム 教育委員会 社会教育課 社会教育課 令和7年度特定防衛施設周辺整備調整交付金事業公表 この記事に関するお問い合わせ先 教育委員会 〒
10	20	宜野座村	宜野座村子ども・子育て支援事業計画	https://www.vill.ginoza.okinawa.jp/soshiki/1005/9/1/index.html	宜野座村子ども・子育て支援事業計画／宜野座村 | 水と緑と太陽の里 スマートフォン版を表示 本文へ 文字サイズ 標準 （初期状態） 標準 に戻す 拡大 （初期状態） 拡大 拡大（最大状態） 背景色変更 黒 背景色を黒色にする 青 背景色を青色にする 標準 背景色を元に戻す Select Language English 中文（繁体） 中文（簡体） Go Select your language 閲覧支援/Languagesを閉じる キーワードから探す ページ番号で探す 検索 ページ番号とは？ 目的別で探す くらし 健康・福祉 子育て・教育 観光・文化・スポーツ しごと・産業 村政 防災情報 各課のご案内 検索を閉じる 文字サイズ 背景色変更 Select Language English 中文（繁体） 中文（簡
8	30	宜野座村	ひとり親家庭	https://www.vill.ginoza.okinawa.jp/kosodate-kyoiku/kosodate/1/index.html	ひとり親家庭／宜野座村 | 水と緑と太陽の里 スマートフォン版を表示 本文へ 文字サイズ 標準 （初期状態） 標準 に戻す 拡大 （初期状態） 拡大 拡大（最大状態） 背景色変更 黒 背景色を黒色にする 青 背景色を青色にする 標準 背景色を元に戻す Select Language English 中文（繁体） 中文（簡体） Go Select your language 閲覧支援/Languagesを閉じる キーワードから探す ページ番号で探す 検索 ページ番号とは？ 目的別で探す くらし 健康・福祉 子育て・教育 観光・文化・スポーツ しごと・産業 村政 防災情報 各課のご案内 検索を閉じる 文字サイズ 背景色変更 Select Language English 中文（繁体） 中文（簡体） Go Selec
8	30	宜野座村	ひとり親家庭	https://www.vill.ginoza.okinawa.jp/soshiki/1005/5/2/index.html	ひとり親家庭／宜野座村 | 水と緑と太陽の里 スマートフォン版を表示 本文へ 文字サイズ 標準 （初期状態） 標準 に戻す 拡大 （初期状態） 拡大 拡大（最大状態） 背景色変更 黒 背景色を黒色にする 青 背景色を青色にする 標準 背景色を元に戻す Select Language English 中文（繁体） 中文（簡体） Go Select your language 閲覧支援/Languagesを閉じる キーワードから探す ページ番号で探す 検索 ページ番号とは？ 目的別で探す くらし 健康・福祉 子育て・教育 観光・文化・スポーツ しごと・産業 村政 防災情報 各課のご案内 検索を閉じる 文字サイズ 背景色変更 Select Language English 中文（繁体） 中文（簡体） Go Selec
8	30	宜野座村	雇用・就労	https://www.vill.ginoza.okinawa.jp/soshiki/1008/4/index.html	雇用・就労／宜野座村 | 水と緑と太陽の里 スマートフォン版を表示 本文へ 文字サイズ 標準 （初期状態） 標準 に戻す 拡大 （初期状態） 拡大 拡大（最大状態） 背景色変更 黒 背景色を黒色にする 青 背景色を青色にする 標準 背景色を元に戻す Select Language English 中文（繁体） 中文（簡体） Go Select your language 閲覧支援/Languagesを閉じる キーワードから探す ページ番号で探す 検索 ページ番号とは？ 目的別で探す くらし 健康・福祉 子育て・教育 観光・文化・スポーツ しごと・産業 村政 防災情報 各課のご案内 検索を閉じる 文字サイズ 背景色変更 Select Language English 中文（繁体） 中文（簡体） Go Select
8	30	今帰仁村	今帰仁村子ども食堂運営支援事業	https://www.nakijin.jp/pagtop/kakuka/hukusikodomoka/3_1/4701.html	今帰仁村子ども食堂運営支援事業／今帰仁村 スマートフォン版を表示 本文へ移動 文字サイズ 背景色変更 くらし・手続き 子育て・教育 健康・福祉 歴史・観光 事業者の方へ 行政情報 くらし・手続き 子育て・教育 健康・福祉 歴史・観光 事業者の方へ 行政情報 PC版を表示 現在のページ ホーム 今帰仁村役場 各課ご案内（組織から探す） 福祉・こども課 こども未来係、こども園・保育所係 今帰仁村子ども食堂運営支援事業 今帰仁村子ども食堂運営支援事業 子どもの健全育成と居場所づくりを支援するため、村内で子ども食堂を運営している、 または運営を予定している団体に対して支援します。 対象団体 "・ 補助対象事業を明確に区分した会計および経理を実施し、その報告ができること。" ・団体及び団体の代表者が村民税を滞納していない
8	28	宜野座村	ひとり親家庭	https://www.vill.ginoza.okinawa.jp/kenko-fukushi/fukushi-service/2/index.html	ひとり親家庭／宜野座村 | 水と緑と太陽の里 スマートフォン版を表示 本文へ 文字サイズ 標準 （初期状態） 標準 に戻す 拡大 （初期状態） 拡大 拡大（最大状態） 背景色変更 黒 背景色を黒色にする 青 背景色を青色にする 標準 背景色を元に戻す Select Language English 中文（繁体） 中文（簡体） Go Select your language 閲覧支援/Languagesを閉じる キーワードから探す ページ番号で探す 検索 ページ番号とは？ 目的別で探す くらし 健康・福祉 子育て・教育 観光・文化・スポーツ しごと・産業 村政 防災情報 各課のご案内 検索を閉じる 文字サイズ 背景色変更 Select Language English 中文（繁体） 中文（簡体） Go Selec
8	24	宜野座村	学校	https://www.vill.ginoza.okinawa.jp/soshiki/1009/3/index.html	学校／宜野座村 | 水と緑と太陽の里 スマートフォン版を表示 本文へ 文字サイズ 標準 （初期状態） 標準 に戻す 拡大 （初期状態） 拡大 拡大（最大状態） 背景色変更 黒 背景色を黒色にする 青 背景色を青色にする 標準 背景色を元に戻す Select Language English 中文（繁体） 中文（簡体） Go Select your language 閲覧支援/Languagesを閉じる キーワードから探す ページ番号で探す 検索 ページ番号とは？ 目的別で探す くらし 健康・福祉 子育て・教育 観光・文化・スポーツ しごと・産業 村政 防災情報 各課のご案内 検索を閉じる 文字サイズ 背景色変更 Select Language English 中文（繁体） 中文（簡体） Go Select yo
8	23	今帰仁村	今帰仁村子ども・子育て支援事業計画	https://www.nakijin.jp/pagtop/kosodate/4442.html	今帰仁村子ども・子育て支援事業計画／今帰仁村 スマートフォン版を表示 本文へ移動 文字サイズ 背景色変更 くらし・手続き 子育て・教育 健康・福祉 歴史・観光 事業者の方へ 行政情報 くらし・手続き 子育て・教育 健康・福祉 歴史・観光 事業者の方へ 行政情報 PC版を表示 現在のページ ホーム 今帰仁村役場 子育て・教育 今帰仁村子ども・子育て支援事業計画 今帰仁村子ども・子育て支援事業計画 みだしの件について、以下のとおり公表します。 第2期 今帰仁村 子ども・子育て支援事業計画(PDFファイル:3.4MB) 【概要版】第3期 今帰仁村 子ども・子育て支援事業計画(PDFファイル:2MB) 第3期 今帰仁村 子ども・子育て支援事業計画(PDFファイル:3.4MB) PDFファイルを閲覧するには「Adobe
8	23	今帰仁村	今帰仁村子ども・子育て支援事業計画	https://www.nakijin.jp/pagtop/gyosei/shisaku/4440.html	今帰仁村子ども・子育て支援事業計画／今帰仁村 スマートフォン版を表示 本文へ移動 文字サイズ 背景色変更 くらし・手続き 子育て・教育 健康・福祉 歴史・観光 事業者の方へ 行政情報 くらし・手続き 子育て・教育 健康・福祉 歴史・観光 事業者の方へ 行政情報 PC版を表示 現在のページ ホーム 今帰仁村役場 行政情報 施策・計画 今帰仁村子ども・子育て支援事業計画 今帰仁村子ども・子育て支援事業計画 みだしの件について、以下のとおり公表します。 第2期 今帰仁村 子ども・子育て支援事業計画(PDFファイル:3.4MB) 【概要版】第3期 今帰仁村 子ども・子育て支援事業計画(PDFファイル:2MB) 第3期 今帰仁村 子ども・子育て支援事業計画(PDFファイル:3.4MB) PDFファイルを閲覧するには「Ad
8	23	今帰仁村	今帰仁村子ども・子育て支援事業計画	https://www.nakijin.jp/pagtop/kakuka/hukusikodomoka/3_1/4439.html	今帰仁村子ども・子育て支援事業計画／今帰仁村 スマートフォン版を表示 本文へ移動 文字サイズ 背景色変更 くらし・手続き 子育て・教育 健康・福祉 歴史・観光 事業者の方へ 行政情報 くらし・手続き 子育て・教育 健康・福祉 歴史・観光 事業者の方へ 行政情報 PC版を表示 現在のページ ホーム 今帰仁村役場 各課ご案内（組織から探す） 福祉・こども課 こども未来係、こども園・保育所係 今帰仁村子ども・子育て支援事業計画 今帰仁村子ども・子育て支援事業計画 みだしの件について、以下のとおり公表します。 第2期 今帰仁村 子ども・子育て支援事業計画(PDFファイル:3.4MB) 【概要版】第3期 今帰仁村 子ども・子育て支援事業計画(PDFファイル:2MB) 第3期 今帰仁村 子ども・子育て支援事業計画(PDFフ
8	22	宜野座村	しごと・産業	https://www.vill.ginoza.okinawa.jp/shigoto-sangyo/index.html	しごと・産業／宜野座村 | 水と緑と太陽の里 スマートフォン版を表示 本文へ 文字サイズ 標準 （初期状態） 標準 に戻す 拡大 （初期状態） 拡大 拡大（最大状態） 背景色変更 黒 背景色を黒色にする 青 背景色を青色にする 標準 背景色を元に戻す Select Language English 中文（繁体） 中文（簡体） Go Select your language 閲覧支援/Languagesを閉じる キーワードから探す ページ番号で探す 検索 ページ番号とは？ 目的別で探す くらし 健康・福祉 子育て・教育 観光・文化・スポーツ しごと・産業 村政 防災情報 各課のご案内 検索を閉じる 文字サイズ 背景色変更 Select Language English 中文（繁体） 中文（簡体） Go Selec
8	22	宜野座村	【不発弾探査事業について】	https://www.vill.ginoza.okinawa.jp/kurashi/bosai-anzen/2/571.html	【不発弾探査事業について】／宜野座村 | 水と緑と太陽の里 スマートフォン版を表示 本文へ 文字サイズ 標準 （初期状態） 標準 に戻す 拡大 （初期状態） 拡大 拡大（最大状態） 背景色変更 黒 背景色を黒色にする 青 背景色を青色にする 標準 背景色を元に戻す Select Language English 中文（繁体） 中文（簡体） Go Select your language 閲覧支援/Languagesを閉じる キーワードから探す ページ番号で探す 検索 ページ番号とは？ 目的別で探す くらし 健康・福祉 子育て・教育 観光・文化・スポーツ しごと・産業 村政 防災情報 各課のご案内 検索を閉じる 文字サイズ 背景色変更 Select Language English 中文（繁体） 中文（簡体） G
8	22	宜野座村	【不発弾探査事業について】	https://www.vill.ginoza.okinawa.jp/soshiki/1001/2/297.html	【不発弾探査事業について】／宜野座村 | 水と緑と太陽の里 スマートフォン版を表示 本文へ 文字サイズ 標準 （初期状態） 標準 に戻す 拡大 （初期状態） 拡大 拡大（最大状態） 背景色変更 黒 背景色を黒色にする 青 背景色を青色にする 標準 背景色を元に戻す Select Language English 中文（繁体） 中文（簡体） Go Select your language 閲覧支援/Languagesを閉じる キーワードから探す ページ番号で探す 検索 ページ番号とは？ 目的別で探す くらし 健康・福祉 子育て・教育 観光・文化・スポーツ しごと・産業 村政 防災情報 各課のご案内 検索を閉じる 文字サイズ 背景色変更 Select Language English 中文（繁体） 中文（簡体） G
8	20	宜野座村	雇用・就労	https://www.vill.ginoza.okinawa.jp/shigoto-sangyo/koyo-shuro/index.html	雇用・就労／宜野座村 | 水と緑と太陽の里 スマートフォン版を表示 本文へ 文字サイズ 標準 （初期状態） 標準 に戻す 拡大 （初期状態） 拡大 拡大（最大状態） 背景色変更 黒 背景色を黒色にする 青 背景色を青色にする 標準 背景色を元に戻す Select Language English 中文（繁体） 中文（簡体） Go Select your language 閲覧支援/Languagesを閉じる キーワードから探す ページ番号で探す 検索 ページ番号とは？ 目的別で探す くらし 健康・福祉 子育て・教育 観光・文化・スポーツ しごと・産業 村政 防災情報 各課のご案内 検索を閉じる 文字サイズ 背景色変更 Select Language English 中文（繁体） 中文（簡体） Go Select
8	20	宜野座村	システム標準化に伴う各種帳票等の変更について	https://www.vill.ginoza.okinawa.jp/soshiki/1001/oshirase/1292.html	システム標準化に伴う各種帳票等の変更について／宜野座村 | 水と緑と太陽の里 スマートフォン版を表示 本文へ 文字サイズ 標準 （初期状態） 標準 に戻す 拡大 （初期状態） 拡大 拡大（最大状態） 背景色変更 黒 背景色を黒色にする 青 背景色を青色にする 標準 背景色を元に戻す Select Language English 中文（繁体） 中文（簡体） Go Select your language 閲覧支援/Languagesを閉じる キーワードから探す ページ番号で探す 検索 ページ番号とは？ 目的別で探す くらし 健康・福祉 子育て・教育 観光・文化・スポーツ しごと・産業 村政 防災情報 各課のご案内 検索を閉じる 文字サイズ 背景色変更 Select Language English 中文（繁体）
8	20	宜野座村	長寿健診（75歳以上の方等の後期高齢医療保険加入の方）	https://www.vill.ginoza.okinawa.jp/soshiki/1005/kenshin/1355.html	長寿健診（75歳以上の方等の後期高齢医療保険加入の方）／宜野座村 | 水と緑と太陽の里 スマートフォン版を表示 本文へ 文字サイズ 標準 （初期状態） 標準 に戻す 拡大 （初期状態） 拡大 拡大（最大状態） 背景色変更 黒 背景色を黒色にする 青 背景色を青色にする 標準 背景色を元に戻す Select Language English 中文（繁体） 中文（簡体） Go Select your language 閲覧支援/Languagesを閉じる キーワードから探す ページ番号で探す 検索 ページ番号とは？ 目的別で探す くらし 健康・福祉 子育て・教育 観光・文化・スポーツ しごと・産業 村政 防災情報 各課のご案内 検索を閉じる 文字サイズ 背景色変更 Select Language English 中
8	18	宜野座村	くらし	https://www.vill.ginoza.okinawa.jp/kurashi/index.html	くらし／宜野座村 | 水と緑と太陽の里 スマートフォン版を表示 本文へ 文字サイズ 標準 （初期状態） 標準 に戻す 拡大 （初期状態） 拡大 拡大（最大状態） 背景色変更 黒 背景色を黒色にする 青 背景色を青色にする 標準 背景色を元に戻す Select Language English 中文（繁体） 中文（簡体） Go Select your language 閲覧支援/Languagesを閉じる キーワードから探す ページ番号で探す 検索 ページ番号とは？ 目的別で探す くらし 健康・福祉 子育て・教育 観光・文化・スポーツ しごと・産業 村政 防災情報 各課のご案内 検索を閉じる 文字サイズ 背景色変更 Select Language English 中文（繁体） 中文（簡体） Go Select y
8	18	宜野座村	「第三者の行為による傷病届出書」について	https://www.vill.ginoza.okinawa.jp/kenko-fukushi/kokuminkenkohoken/548.html	「第三者の行為による傷病届出書」について／宜野座村 | 水と緑と太陽の里 スマートフォン版を表示 本文へ 文字サイズ 標準 （初期状態） 標準 に戻す 拡大 （初期状態） 拡大 拡大（最大状態） 背景色変更 黒 背景色を黒色にする 青 背景色を青色にする 標準 背景色を元に戻す Select Language English 中文（繁体） 中文（簡体） Go Select your language 閲覧支援/Languagesを閉じる キーワードから探す ページ番号で探す 検索 ページ番号とは？ 目的別で探す くらし 健康・福祉 子育て・教育 観光・文化・スポーツ しごと・産業 村政 防災情報 各課のご案内 検索を閉じる 文字サイズ 背景色変更 Select Language English 中文（繁体） 中
8	18	宜野座村	給食	https://www.vill.ginoza.okinawa.jp/kosodate-kyoiku/yochien-hoikuen/1/index.html	給食／宜野座村 | 水と緑と太陽の里 スマートフォン版を表示 本文へ 文字サイズ 標準 （初期状態） 標準 に戻す 拡大 （初期状態） 拡大 拡大（最大状態） 背景色変更 黒 背景色を黒色にする 青 背景色を青色にする 標準 背景色を元に戻す Select Language English 中文（繁体） 中文（簡体） Go Select your language 閲覧支援/Languagesを閉じる キーワードから探す ページ番号で探す 検索 ページ番号とは？ 目的別で探す くらし 健康・福祉 子育て・教育 観光・文化・スポーツ しごと・産業 村政 防災情報 各課のご案内 検索を閉じる 文字サイズ 背景色変更 Select Language English 中文（繁体） 中文（簡体） Go Select yo
8	18	宜野座村	給食	https://www.vill.ginoza.okinawa.jp/kosodate-kyoiku/gakko/1/index.html	給食／宜野座村 | 水と緑と太陽の里 スマートフォン版を表示 本文へ 文字サイズ 標準 （初期状態） 標準 に戻す 拡大 （初期状態） 拡大 拡大（最大状態） 背景色変更 黒 背景色を黒色にする 青 背景色を青色にする 標準 背景色を元に戻す Select Language English 中文（繁体） 中文（簡体） Go Select your language 閲覧支援/Languagesを閉じる キーワードから探す ページ番号で探す 検索 ページ番号とは？ 目的別で探す くらし 健康・福祉 子育て・教育 観光・文化・スポーツ しごと・産業 村政 防災情報 各課のご案内 検索を閉じる 文字サイズ 背景色変更 Select Language English 中文（繁体） 中文（簡体） Go Select yo
8	18	宜野座村	「第三者の行為による傷病届出書」について	https://www.vill.ginoza.okinawa.jp/soshiki/1005/6/268.html	「第三者の行為による傷病届出書」について／宜野座村 | 水と緑と太陽の里 スマートフォン版を表示 本文へ 文字サイズ 標準 （初期状態） 標準 に戻す 拡大 （初期状態） 拡大 拡大（最大状態） 背景色変更 黒 背景色を黒色にする 青 背景色を青色にする 標準 背景色を元に戻す Select Language English 中文（繁体） 中文（簡体） Go Select your language 閲覧支援/Languagesを閉じる キーワードから探す ページ番号で探す 検索 ページ番号とは？ 目的別で探す くらし 健康・福祉 子育て・教育 観光・文化・スポーツ しごと・産業 村政 防災情報 各課のご案内 検索を閉じる 文字サイズ 背景色変更 Select Language English 中文（繁体） 中
8	18	宜野座村	がん検診（胃・肺・大腸・前立腺）のご案内	https://www.vill.ginoza.okinawa.jp/soshiki/1005/kenshin/1352.html	がん検診（胃・肺・大腸・前立腺）のご案内／宜野座村 | 水と緑と太陽の里 スマートフォン版を表示 本文へ 文字サイズ 標準 （初期状態） 標準 に戻す 拡大 （初期状態） 拡大 拡大（最大状態） 背景色変更 黒 背景色を黒色にする 青 背景色を青色にする 標準 背景色を元に戻す Select Language English 中文（繁体） 中文（簡体） Go Select your language 閲覧支援/Languagesを閉じる キーワードから探す ページ番号で探す 検索 ページ番号とは？ 目的別で探す くらし 健康・福祉 子育て・教育 観光・文化・スポーツ しごと・産業 村政 防災情報 各課のご案内 検索を閉じる 文字サイズ 背景色変更 Select Language English 中文（繁体） 中
8	18	宜野座村	婦人がん検診（子宮頸がん・乳がん）のご案内	https://www.vill.ginoza.okinawa.jp/soshiki/1005/kenshin/1353.html	婦人がん検診（子宮頸がん・乳がん）のご案内／宜野座村 | 水と緑と太陽の里 スマートフォン版を表示 本文へ 文字サイズ 標準 （初期状態） 標準 に戻す 拡大 （初期状態） 拡大 拡大（最大状態） 背景色変更 黒 背景色を黒色にする 青 背景色を青色にする 標準 背景色を元に戻す Select Language English 中文（繁体） 中文（簡体） Go Select your language 閲覧支援/Languagesを閉じる キーワードから探す ページ番号で探す 検索 ページ番号とは？ 目的別で探す くらし 健康・福祉 子育て・教育 観光・文化・スポーツ しごと・産業 村政 防災情報 各課のご案内 検索を閉じる 文字サイズ 背景色変更 Select Language English 中文（繁体）
8	18	宜野座村	【65歳以上】 帯状疱疹ワクチン予防接種について	https://www.vill.ginoza.okinawa.jp/soshiki/1005/yobosesshu/1129.html	【65歳以上】 帯状疱疹ワクチン予防接種について／宜野座村 | 水と緑と太陽の里 スマートフォン版を表示 本文へ 文字サイズ 標準 （初期状態） 標準 に戻す 拡大 （初期状態） 拡大 拡大（最大状態） 背景色変更 黒 背景色を黒色にする 青 背景色を青色にする 標準 背景色を元に戻す Select Language English 中文（繁体） 中文（簡体） Go Select your language 閲覧支援/Languagesを閉じる キーワードから探す ページ番号で探す 検索 ページ番号とは？ 目的別で探す くらし 健康・福祉 子育て・教育 観光・文化・スポーツ しごと・産業 村政 防災情報 各課のご案内 検索を閉じる 文字サイズ 背景色変更 Select Language English 中文（繁
8	17	今帰仁村	今帰仁村新型コロナウイルス感染症拡大防止緊急支援事業のご案内(10月3日更新)	https://www.nakijin.jp/pagtop/kakuka/fukushi/sinngatakoronakannrenn/2463.html	今帰仁村新型コロナウイルス感染症拡大防止緊急支援事業のご案内(10月3日更新)／今帰仁村 スマートフォン版を表示 本文へ移動 文字サイズ 背景色変更 くらし・手続き 子育て・教育 健康・福祉 歴史・観光 事業者の方へ 行政情報 くらし・手続き 子育て・教育 健康・福祉 歴史・観光 事業者の方へ 行政情報 PC版を表示 現在のページ ホーム 今帰仁村役場 各課ご案内（組織から探す） 健康づくり推進課 新型コロナウイルス関連 今帰仁村新型コロナウイルス感染症拡大防止緊急支援事業のご案内(10月3日更新) 今帰仁村新型コロナウイルス感染症拡大防止緊急支援事業のご案内(10月3日更新) 村では、新型コロナウイルス感染症による影響が長期化する中で、新型コロナウイルス感染症の陽性者となり、自宅で療養を余儀なくされている世帯
8	16	宜野座村	村紹介	https://www.vill.ginoza.okinawa.jp/soshiki/1001/1/54.html	村紹介／宜野座村 | 水と緑と太陽の里 スマートフォン版を表示 本文へ 文字サイズ 標準 （初期状態） 標準 に戻す 拡大 （初期状態） 拡大 拡大（最大状態） 背景色変更 黒 背景色を黒色にする 青 背景色を青色にする 標準 背景色を元に戻す Select Language English 中文（繁体） 中文（簡体） Go Select your language 閲覧支援/Languagesを閉じる キーワードから探す ページ番号で探す 検索 ページ番号とは？ 目的別で探す くらし 健康・福祉 子育て・教育 観光・文化・スポーツ しごと・産業 村政 防災情報 各課のご案内 検索を閉じる 文字サイズ 背景色変更 Select Language English 中文（繁体） 中文（簡体） Go Select y
8	16	宜野座村	セルフメディケーションの推進について	https://www.vill.ginoza.okinawa.jp/soshiki/1005/oshirase/1185.html	セルフメディケーションの推進について／宜野座村 | 水と緑と太陽の里 スマートフォン版を表示 本文へ 文字サイズ 標準 （初期状態） 標準 に戻す 拡大 （初期状態） 拡大 拡大（最大状態） 背景色変更 黒 背景色を黒色にする 青 背景色を青色にする 標準 背景色を元に戻す Select Language English 中文（繁体） 中文（簡体） Go Select your language 閲覧支援/Languagesを閉じる キーワードから探す ページ番号で探す 検索 ページ番号とは？ 目的別で探す くらし 健康・福祉 子育て・教育 観光・文化・スポーツ しごと・産業 村政 防災情報 各課のご案内 検索を閉じる 文字サイズ 背景色変更 Select Language English 中文（繁体） 中文（
8	16	宜野座村	商工業	https://www.vill.ginoza.okinawa.jp/soshiki/1008/3/index.html	商工業／宜野座村 | 水と緑と太陽の里 スマートフォン版を表示 本文へ 文字サイズ 標準 （初期状態） 標準 に戻す 拡大 （初期状態） 拡大 拡大（最大状態） 背景色変更 黒 背景色を黒色にする 青 背景色を青色にする 標準 背景色を元に戻す Select Language English 中文（繁体） 中文（簡体） Go Select your language 閲覧支援/Languagesを閉じる キーワードから探す ページ番号で探す 検索 ページ番号とは？ 目的別で探す くらし 健康・福祉 子育て・教育 観光・文化・スポーツ しごと・産業 村政 防災情報 各課のご案内 検索を閉じる 文字サイズ 背景色変更 Select Language English 中文（繁体） 中文（簡体） Go Select y
6	30	今帰仁村	今帰仁村国民健康保険税率・税額の改正について	https://www.nakijin.jp/pagtop/kakuka/fukushi/5/2/3/1382.html	今帰仁村国民健康保険税率・税額の改正について／今帰仁村 スマートフォン版を表示 本文へ移動 文字サイズ 背景色変更 くらし・手続き 子育て・教育 健康・福祉 歴史・観光 事業者の方へ 行政情報 くらし・手続き 子育て・教育 健康・福祉 歴史・観光 事業者の方へ 行政情報 PC版を表示 現在のページ ホーム 今帰仁村役場 各課ご案内（組織から探す） 健康づくり推進課 国民健康保険・後期高齢者係 くらし・手続き 税金 今帰仁村国民健康保険税率・税額の改正について 今帰仁村国民健康保険税率・税額の改正について 国民健康保険の制度改正の概要について 「持続可能な医療保険制度を構築するための国民健康保険法等の一部を改正する法律」の施行により、平成30年度から都道府県が財政運営の責任主体となります。これは、都道府県が安定的
6	28	今帰仁村	国民健康保険税について	https://www.nakijin.jp/pagtop/kakuka/fukushi/5/2/3/469.html	国民健康保険税について／今帰仁村 スマートフォン版を表示 本文へ移動 文字サイズ 背景色変更 くらし・手続き 子育て・教育 健康・福祉 歴史・観光 事業者の方へ 行政情報 くらし・手続き 子育て・教育 健康・福祉 歴史・観光 事業者の方へ 行政情報 PC版を表示 現在のページ ホーム 今帰仁村役場 各課ご案内（組織から探す） 健康づくり推進課 国民健康保険・後期高齢者係 くらし・手続き 税金 国民健康保険税について 国民健康保険税について お問い合わせ先：健康づくり推進課 電話(0980)56-4189 納税義務者 国保税は、世帯ごとに課税する世帯課税のため、住民票上の世帯主が代表して納税義務者となります。世帯主自身は国保に加入していなくても、世帯員が国保に加入していれば、その世帯主は擬制世帯主と呼ばれ、同様に
6	28	今帰仁村	国民健康保険税について	https://www.nakijin.jp/pagtop/kakuka/fukushi/5/3/3/4878.html	国民健康保険税について／今帰仁村 スマートフォン版を表示 本文へ移動 文字サイズ 背景色変更 くらし・手続き 子育て・教育 健康・福祉 歴史・観光 事業者の方へ 行政情報 くらし・手続き 子育て・教育 健康・福祉 歴史・観光 事業者の方へ 行政情報 PC版を表示 現在のページ ホーム 今帰仁村役場 各課ご案内（組織から探す） 健康づくり推進課 国民健康保険・後期高齢者係 健康・福祉 国民健康保険 国民健康保険税について 国民健康保険税について お問い合わせ先：健康づくり推進課 電話(0980)56-4189 納税義務者 国保税は、世帯ごとに課税する世帯課税のため、住民票上の世帯主が代表して納税義務者となります。世帯主自身は国保に加入していなくても、世帯員が国保に加入していれば、その世帯主は擬制世帯主と呼ばれ、同
6	24	今帰仁村	軽自動車税について	https://www.nakijin.jp/pagtop/kakuka/juminka/4/2/2/509.html	軽自動車税について／今帰仁村 スマートフォン版を表示 本文へ移動 文字サイズ 背景色変更 くらし・手続き 子育て・教育 健康・福祉 歴史・観光 事業者の方へ 行政情報 くらし・手続き 子育て・教育 健康・福祉 歴史・観光 事業者の方へ 行政情報 PC版を表示 現在のページ ホーム 今帰仁村役場 各課ご案内（組織から探す） 住民課 収納係 くらし・手続き 税金 軽自動車税について 軽自動車税について 軽自動車税（種別割）は、毎年4月1日現在において、原動機付自転車、軽自動車、小型特殊自動車及び二輪の小型自動車を所有する者に、主たる定置場が所在する市町村で課税されます。定置場とは、車の運行を休止した場合に、主として駐車する所有者の住所地や、使用の本拠地をいいます。 年度途中に廃車・名義変更しても軽自動車税(種別割）
6	18	今帰仁村	中小企業組合について	https://www.nakijin.jp/pagtop/jigyosha/jigyosha_oshirase/1853.html	中小企業組合について／今帰仁村 スマートフォン版を表示 本文へ移動 文字サイズ 背景色変更 くらし・手続き 子育て・教育 健康・福祉 歴史・観光 事業者の方へ 行政情報 くらし・手続き 子育て・教育 健康・福祉 歴史・観光 事業者の方へ 行政情報 PC版を表示 現在のページ ホーム 今帰仁村役場 事業者の方へ 事業者の方へお知らせ 中小企業組合について 中小企業組合について 【中小企業組合とは？】 中小企業者が個々では対応できない課題に対して、相互扶助の精神に基づき協同で事業を行うことにより、経営上の諸問題を解決し、経営の近代化・合理化や経済的地位の改善・向上を図ることを目的とする組合です。 4人以上の中小企業者によって設立でき、共同事業を通じて組合員が行う事業を補完・支援するための事業を実施します。以前は同業
6	18	今帰仁村	村県民税について	https://www.nakijin.jp/pagtop/kakuka/juminka/5/2/2/464.html	村県民税について／今帰仁村 スマートフォン版を表示 本文へ移動 文字サイズ 背景色変更 くらし・手続き 子育て・教育 健康・福祉 歴史・観光 事業者の方へ 行政情報 くらし・手続き 子育て・教育 健康・福祉 歴史・観光 事業者の方へ 行政情報 PC版を表示 現在のページ ホーム 今帰仁村役場 各課ご案内（組織から探す） 住民課 住民税係 くらし・手続き 税金 村県民税について 村県民税について 村県民税とは、村民税と県民税を合わせたもので、住民税ともいいます。村県民税は、その年の1月1日現在に今帰仁村に住んでいる人、及び他市区町村に住んでいるが、村内に事業所や事務所、または家屋のある人に課税されます。村県民税は、一定の条件に当てはまる人を除く全ての村民に課税される「均等割」と、所得金額に応じて負担する、「所得割
6	16	恩納村	沖縄県ヘルプマークの配布について	https://www.vill.onna.okinawa.jp/living/welfare/1606953714/	沖縄県ヘルプマークの配布について | 沖縄県恩納村 | 恩（めぐみ）の青 豊かな緑 輝く人々 未来へつなごう恩納村 総合トップ 本文へ 恩(めぐみ)の青 豊かな緑 輝く人々 未来へつなごう恩納村 日本語 English 簡体中文 繁体中文 한국어 サイトマップ よくあるご質問 お問い合わせ アクセシビリティ 総合トップ トップページ 暮らしの情報 恩納村の情報 観光情報 村政情報 防災情報 事業者の方へ ホーム 暮らしの情報 障がい・福祉 沖縄県ヘルプマークの配布について 沖縄県ヘルプマークの配布について ヘルプマークとは 内部障害や発達障害、難病、または妊娠中の方など、外見から分からなくても援助や配慮を必要としている方々が、周囲の方に配慮を必要としていることを知らせることで、援助を得やすくすることを目的として
6	16	今帰仁村	今帰仁村シニアボランティアポイント制度に参加して、地域福祉に活力を！	https://www.nakijin.jp/pagtop/kakuka/fukushi/3/1987.html	今帰仁村シニアボランティアポイント制度に参加して、地域福祉に活力を！／今帰仁村 スマートフォン版を表示 本文へ移動 文字サイズ 背景色変更 くらし・手続き 子育て・教育 健康・福祉 歴史・観光 事業者の方へ 行政情報 くらし・手続き 子育て・教育 健康・福祉 歴史・観光 事業者の方へ 行政情報 PC版を表示 現在のページ ホーム 今帰仁村役場 各課ご案内（組織から探す） 健康づくり推進課 高齢者・介護福祉係 今帰仁村シニアボランティアポイント制度に参加して、地域福祉に活力を！ 今帰仁村シニアボランティアポイント制度に参加して、地域福祉に活力を！ 今帰仁村シニアボランティアポイント制度で、アクティブシニアの社会参加及び地域貢献を通じた介護予防・健康づくりを支援します。 ◆ 今帰仁村シニアボランティアポイント制度と
6	16	今帰仁村	国民年金について	https://www.nakijin.jp/pagtop/kakuka/hukusikodomoka/2/2_1/468.html	国民年金について／今帰仁村 スマートフォン版を表示 本文へ移動 文字サイズ 背景色変更 くらし・手続き 子育て・教育 健康・福祉 歴史・観光 事業者の方へ 行政情報 くらし・手続き 子育て・教育 健康・福祉 歴史・観光 事業者の方へ 行政情報 PC版を表示 現在のページ ホーム 今帰仁村役場 各課ご案内（組織から探す） 福祉・こども課 福祉・児童家庭係 国民年金 国民年金について 国民年金について お問い合わせ先：福祉・こども課 福祉・児童家庭係 電話(0980)56-2198 国民年金は、年をとったとき、病気や事故で障害が残ったとき、家族の働き手が亡くなったときに、働いている世代みんなで支えようという考えで作られた仕組みです。 国民年金は、20歳以上60歳未満の方は加入することが義務付けられています。 国民年
5	22	宜野座村	【令和5年度特定防衛施設周辺整備調整交付金事業（宜野座村地域福祉センター駐車場屋根増設工事）について】	https://www.vill.ginoza.okinawa.jp/soshiki/1005/9/4/127.html	【令和5年度特定防衛施設周辺整備調整交付金事業（宜野座村地域福祉センター駐車場屋根増設工事）について】／宜野座村 | 水と緑と太陽の里 スマートフォン版を表示 本文へ 文字サイズ 標準 （初期状態） 標準 に戻す 拡大 （初期状態） 拡大 拡大（最大状態） 背景色変更 黒 背景色を黒色にする 青 背景色を青色にする 標準 背景色を元に戻す Select Language English 中文（繁体） 中文（簡体） Go Select your language 閲覧支援/Languagesを閉じる キーワードから探す ページ番号で探す 検索 ページ番号とは？ 目的別で探す くらし 健康・福祉 子育て・教育 観光・文化・スポーツ しごと・産業 村政 防災情報 各課のご案内 検索を閉じる 文字サイズ 背景色変更 S
5	22	金武町	母子事業のご案内	https://www.town.kin.okinawa.jp/kosodate_kyoiku/boshinokenko/681.html	母子事業のご案内／金武町 Official Site スマートフォン版を表示 本文へ 文字サイズ 背景色変更 Foreign Language 各課のご案内 くらし・手続き くらし・手続き下層 医療・健康・福祉 医療・健康・福祉下層 子育て・教育 子育て・教育下層 文化・観光・スポーツ 文化・観光・スポーツ下層 しごと・産業 しごと・産業下層 行政情報 行政情報下層 くらし・手続き 医療・健康・福祉 子育て・教育 文化・国際交流・スポーツ しごと・産業 行政情報 文字サイズ 背景色変更 Foreign Language 各課のご案内 PC版で見る 閉じる 現在のページ ホーム 子育て・教育 母子の健康 母子事業のご案内 母子事業のご案内 Tweet 更新日：2022年07月07日 妊産婦に関すること 1． 親子
5	18	金武町	被災者相談窓口	https://www.town.kin.okinawa.jp/kurashi_tetsuzuki/anzen_anshin/saigaishien/742.html	被災者相談窓口／金武町 Official Site スマートフォン版を表示 本文へ 文字サイズ 背景色変更 Foreign Language 各課のご案内 くらし・手続き くらし・手続き下層 医療・健康・福祉 医療・健康・福祉下層 子育て・教育 子育て・教育下層 文化・観光・スポーツ 文化・観光・スポーツ下層 しごと・産業 しごと・産業下層 行政情報 行政情報下層 くらし・手続き 医療・健康・福祉 子育て・教育 文化・国際交流・スポーツ しごと・産業 行政情報 文字サイズ 背景色変更 Foreign Language 各課のご案内 PC版で見る 閉じる 現在のページ ホーム くらし・手続き・手数料 安全・安心 災害支援 被災者相談窓口 被災者相談窓口 Tweet 更新日：2022年04月01日 被災者の相談窓口
5	16	金武町	予防接種のご案内	https://www.town.kin.okinawa.jp/kosodate_kyoiku/ikuji_mishugakuji/kemmi_yobosesshu_mishugakuji/659.html	予防接種のご案内／金武町 Official Site スマートフォン版を表示 本文へ 文字サイズ 背景色変更 Foreign Language 各課のご案内 くらし・手続き くらし・手続き下層 医療・健康・福祉 医療・健康・福祉下層 子育て・教育 子育て・教育下層 文化・観光・スポーツ 文化・観光・スポーツ下層 しごと・産業 しごと・産業下層 行政情報 行政情報下層 くらし・手続き 医療・健康・福祉 子育て・教育 文化・国際交流・スポーツ しごと・産業 行政情報 文字サイズ 背景色変更 Foreign Language 各課のご案内 PC版で見る 閉じる 現在のページ ホーム 子育て・教育 育児（未就学児） 健診・予防接種（未就学児） 予防接種のご案内 予防接種のご案内 Tweet 更新日：2022年07月07
4	20	宜野座村	村民生活課	https://www.vill.ginoza.okinawa.jp/soshiki/1004/index.html	村民生活課／宜野座村 | 水と緑と太陽の里 スマートフォン版を表示 本文へ 文字サイズ 標準 （初期状態） 標準 に戻す 拡大 （初期状態） 拡大 拡大（最大状態） 背景色変更 黒 背景色を黒色にする 青 背景色を青色にする 標準 背景色を元に戻す Select Language English 中文（繁体） 中文（簡体） Go Select your language 閲覧支援/Languagesを閉じる キーワードから探す ページ番号で探す 検索 ページ番号とは？ 目的別で探す くらし 健康・福祉 子育て・教育 観光・文化・スポーツ しごと・産業 村政 防災情報 各課のご案内 検索を閉じる 文字サイズ 背景色変更 Select Language English 中文（繁体） 中文（簡体） Go Select
4	20	宜野座村	村民生活課からのお知らせ	https://www.vill.ginoza.okinawa.jp/soshiki/1004/oshirase/37.html	村民生活課からのお知らせ／宜野座村 | 水と緑と太陽の里 スマートフォン版を表示 本文へ 文字サイズ 標準 （初期状態） 標準 に戻す 拡大 （初期状態） 拡大 拡大（最大状態） 背景色変更 黒 背景色を黒色にする 青 背景色を青色にする 標準 背景色を元に戻す Select Language English 中文（繁体） 中文（簡体） Go Select your language 閲覧支援/Languagesを閉じる キーワードから探す ページ番号で探す 検索 ページ番号とは？ 目的別で探す くらし 健康・福祉 子育て・教育 観光・文化・スポーツ しごと・産業 村政 防災情報 各課のご案内 検索を閉じる 文字サイズ 背景色変更 Select Language English 中文（繁体） 中文（簡体） Go
3	22	今帰仁村	国民健康保険の給付について	https://www.nakijin.jp/pagtop/kenko_fukushi/kokumin_kenkohoken/index.html	国民健康保険／今帰仁村 スマートフォン版を表示 本文へ移動 文字サイズ 背景色変更 くらし・手続き 子育て・教育 健康・福祉 歴史・観光 事業者の方へ 行政情報 くらし・手続き 子育て・教育 健康・福祉 歴史・観光 事業者の方へ 行政情報 PC版を表示 現在のページ ホーム 今帰仁村役場 健康・福祉 国民健康保険 国民健康保険 高額療養費支給制度・特定疾病の負担軽減について 国民健康保険の給付について 国民健康保険について 令和5年度 今帰仁村国民健康保険税収納対策緊急プランについて 今帰仁村国民健康保険 第3期保健事業実施計画(データヘルス計画)」の公表について 今帰仁村 第2期保健事業実施計画(データヘルス計画)」中間評価の公表について 【国民健康保険加入者の皆様へ】 新型コロナウイルス感染症に感染した被用
1	16	今帰仁村	令和5年度 今帰仁村国民健康保険税収納対策緊急プランについて	https://www.nakijin.jp/pagtop/kakuka/fukushi/5/1909.html	令和5年度 今帰仁村国民健康保険税収納対策緊急プランについて／今帰仁村 スマートフォン版を表示 本文へ移動 文字サイズ 背景色変更 くらし・手続き 子育て・教育 健康・福祉 歴史・観光 事業者の方へ 行政情報 くらし・手続き 子育て・教育 健康・福祉 歴史・観光 事業者の方へ 行政情報 PC版を表示 現在のページ ホーム 今帰仁村役場 各課ご案内（組織から探す） 健康づくり推進課 国民健康保険・後期高齢者係 令和5年度 今帰仁村国民健康保険税収納対策緊急プランについて 令和5年度 今帰仁村国民健康保険税収納対策緊急プランについて 国民健康保険税の収納率向上を図り、国民健康保険財政の安定化を図るため、次のとおり収納対策緊急プランを策定し実施します。 記 1 ．資格・賦課の適正化 （1） 他保険加入者の発見に努め、
0	27	金武町	子育て家庭・ひとり親家庭への経済的支援	https://www.town.kin.okinawa.jp/kosodate_kyoiku/ikuji_shochugakusei/2072.html	子育て家庭・ひとり親家庭への経済的支援／金武町 Official Site スマートフォン版を表示 本文へ 文字サイズ 背景色変更 Foreign Language 各課のご案内 くらし・手続き くらし・手続き下層 医療・健康・福祉 医療・健康・福祉下層 子育て・教育 子育て・教育下層 文化・観光・スポーツ 文化・観光・スポーツ下層 しごと・産業 しごと・産業下層 行政情報 行政情報下層 くらし・手続き 医療・健康・福祉 子育て・教育 文化・国際交流・スポーツ しごと・産業 行政情報 文字サイズ 背景色変更 Foreign Language 各課のご案内 PC版で見る 閉じる 現在のページ ホーム 子育て・教育 育児（小中学生） 子育て家庭・ひとり親家庭への経済的支援 子育て家庭・ひとり親家庭への経済的支援 T
0	27	金武町	子育て家庭・ひとり親家庭への経済的支援	https://www.town.kin.okinawa.jp/kosodate_kyoiku/ikuji_mishugakuji/2073.html	子育て家庭・ひとり親家庭への経済的支援／金武町 Official Site スマートフォン版を表示 本文へ 文字サイズ 背景色変更 Foreign Language 各課のご案内 くらし・手続き くらし・手続き下層 医療・健康・福祉 医療・健康・福祉下層 子育て・教育 子育て・教育下層 文化・観光・スポーツ 文化・観光・スポーツ下層 しごと・産業 しごと・産業下層 行政情報 行政情報下層 くらし・手続き 医療・健康・福祉 子育て・教育 文化・国際交流・スポーツ しごと・産業 行政情報 文字サイズ 背景色変更 Foreign Language 各課のご案内 PC版で見る 閉じる 現在のページ ホーム 子育て・教育 育児（未就学児） 子育て家庭・ひとり親家庭への経済的支援 子育て家庭・ひとり親家庭への経済的支援 T
0	27	金武町	子育て家庭・ひとり親家庭への経済的支援	https://www.town.kin.okinawa.jp/lifescene/kosodate/2068.html	子育て家庭・ひとり親家庭への経済的支援／金武町 Official Site スマートフォン版を表示 本文へ 文字サイズ 背景色変更 Foreign Language 各課のご案内 くらし・手続き くらし・手続き下層 医療・健康・福祉 医療・健康・福祉下層 子育て・教育 子育て・教育下層 文化・観光・スポーツ 文化・観光・スポーツ下層 しごと・産業 しごと・産業下層 行政情報 行政情報下層 くらし・手続き 医療・健康・福祉 子育て・教育 文化・国際交流・スポーツ しごと・産業 行政情報 文字サイズ 背景色変更 Foreign Language 各課のご案内 PC版で見る 閉じる 現在のページ ホーム ライフシーンから探す 子育て 子育て家庭・ひとり親家庭への経済的支援 子育て家庭・ひとり親家庭への経済的支援 Tw
0	26	宜野座村	令和8年度 宜野座村会計年度任用職員の募集について	https://www.vill.ginoza.okinawa.jp/soshiki/1001/saiyoujouhou/1301.html	令和8年度 宜野座村会計年度任用職員の募集について／宜野座村 | 水と緑と太陽の里 スマートフォン版を表示 本文へ 文字サイズ 標準 （初期状態） 標準 に戻す 拡大 （初期状態） 拡大 拡大（最大状態） 背景色変更 黒 背景色を黒色にする 青 背景色を青色にする 標準 背景色を元に戻す Select Language English 中文（繁体） 中文（簡体） Go Select your language 閲覧支援/Languagesを閉じる キーワードから探す ページ番号で探す 検索 ページ番号とは？ 目的別で探す くらし 健康・福祉 子育て・教育 観光・文化・スポーツ しごと・産業 村政 防災情報 各課のご案内 検索を閉じる 文字サイズ 背景色変更 Select Language English 中文（
0	17	金武町	保育・子育て支援サービス	https://www.town.kin.okinawa.jp/kosodate_kyoiku/ikuji_mishugakuji/2071.html	保育・子育て支援サービス／金武町 Official Site スマートフォン版を表示 本文へ 文字サイズ 背景色変更 Foreign Language 各課のご案内 くらし・手続き くらし・手続き下層 医療・健康・福祉 医療・健康・福祉下層 子育て・教育 子育て・教育下層 文化・観光・スポーツ 文化・観光・スポーツ下層 しごと・産業 しごと・産業下層 行政情報 行政情報下層 くらし・手続き 医療・健康・福祉 子育て・教育 文化・国際交流・スポーツ しごと・産業 行政情報 文字サイズ 背景色変更 Foreign Language 各課のご案内 PC版で見る 閉じる 現在のページ ホーム 子育て・教育 育児（未就学児） 保育・子育て支援サービス 保育・子育て支援サービス Tweet 金武町認可保育施設空き状況及び年
0	17	金武町	保育・子育て支援サービス	https://www.town.kin.okinawa.jp/lifescene/kosodate/2067.html	保育・子育て支援サービス／金武町 Official Site スマートフォン版を表示 本文へ 文字サイズ 背景色変更 Foreign Language 各課のご案内 くらし・手続き くらし・手続き下層 医療・健康・福祉 医療・健康・福祉下層 子育て・教育 子育て・教育下層 文化・観光・スポーツ 文化・観光・スポーツ下層 しごと・産業 しごと・産業下層 行政情報 行政情報下層 くらし・手続き 医療・健康・福祉 子育て・教育 文化・国際交流・スポーツ しごと・産業 行政情報 文字サイズ 背景色変更 Foreign Language 各課のご案内 PC版で見る 閉じる 現在のページ ホーム ライフシーンから探す 子育て 保育・子育て支援サービス 保育・子育て支援サービス Tweet 金武町認可保育施設空き状況及び年度
0	16	金武町	やんばる町村ファミリーサポートセンター	https://www.town.kin.okinawa.jp/kosodate_kyoiku/ikuji_shochugakusei/2079.html	やんばる町村ファミリーサポートセンター／金武町 Official Site スマートフォン版を表示 本文へ 文字サイズ 背景色変更 Foreign Language 各課のご案内 くらし・手続き くらし・手続き下層 医療・健康・福祉 医療・健康・福祉下層 子育て・教育 子育て・教育下層 文化・観光・スポーツ 文化・観光・スポーツ下層 しごと・産業 しごと・産業下層 行政情報 行政情報下層 くらし・手続き 医療・健康・福祉 子育て・教育 文化・国際交流・スポーツ しごと・産業 行政情報 文字サイズ 背景色変更 Foreign Language 各課のご案内 PC版で見る 閉じる 現在のページ ホーム 子育て・教育 育児（小中学生） やんばる町村ファミリーサポートセンター やんばる町村ファミリーサポートセンター T
-2	30	宜野座村	観光商工課	https://www.vill.ginoza.okinawa.jp/soshiki/1008/index.html	観光商工課／宜野座村 | 水と緑と太陽の里 スマートフォン版を表示 本文へ 文字サイズ 標準 （初期状態） 標準 に戻す 拡大 （初期状態） 拡大 拡大（最大状態） 背景色変更 黒 背景色を黒色にする 青 背景色を青色にする 標準 背景色を元に戻す Select Language English 中文（繁体） 中文（簡体） Go Select your language 閲覧支援/Languagesを閉じる キーワードから探す ページ番号で探す 検索 ページ番号とは？ 目的別で探す くらし 健康・福祉 子育て・教育 観光・文化・スポーツ しごと・産業 村政 防災情報 各課のご案内 検索を閉じる 文字サイズ 背景色変更 Select Language English 中文（繁体） 中文（簡体） Go Select
-2	30	宜野座村	こどもみらい課	https://www.vill.ginoza.okinawa.jp/soshiki/1013/index.html	こどもみらい課／宜野座村 | 水と緑と太陽の里 スマートフォン版を表示 本文へ 文字サイズ 標準 （初期状態） 標準 に戻す 拡大 （初期状態） 拡大 拡大（最大状態） 背景色変更 黒 背景色を黒色にする 青 背景色を青色にする 標準 背景色を元に戻す Select Language English 中文（繁体） 中文（簡体） Go Select your language 閲覧支援/Languagesを閉じる キーワードから探す ページ番号で探す 検索 ページ番号とは？ 目的別で探す くらし 健康・福祉 子育て・教育 観光・文化・スポーツ しごと・産業 村政 防災情報 各課のご案内 検索を閉じる 文字サイズ 背景色変更 Select Language English 中文（繁体） 中文（簡体） Go Sele
-2	30	宜野座村	お知らせ	https://www.vill.ginoza.okinawa.jp/soshiki/1001/oshirase/index.html	お知らせ／宜野座村 | 水と緑と太陽の里 スマートフォン版を表示 本文へ 文字サイズ 標準 （初期状態） 標準 に戻す 拡大 （初期状態） 拡大 拡大（最大状態） 背景色変更 黒 背景色を黒色にする 青 背景色を青色にする 標準 背景色を元に戻す Select Language English 中文（繁体） 中文（簡体） Go Select your language 閲覧支援/Languagesを閉じる キーワードから探す ページ番号で探す 検索 ページ番号とは？ 目的別で探す くらし 健康・福祉 子育て・教育 観光・文化・スポーツ しごと・産業 村政 防災情報 各課のご案内 検索を閉じる 文字サイズ 背景色変更 Select Language English 中文（繁体） 中文（簡体） Go Select
-2	30	宜野座村	健康福祉課からお知らせ	https://www.vill.ginoza.okinawa.jp/soshiki/1005/oshirase/27.html	健康福祉課からお知らせ／宜野座村 | 水と緑と太陽の里 スマートフォン版を表示 本文へ 文字サイズ 標準 （初期状態） 標準 に戻す 拡大 （初期状態） 拡大 拡大（最大状態） 背景色変更 黒 背景色を黒色にする 青 背景色を青色にする 標準 背景色を元に戻す Select Language English 中文（繁体） 中文（簡体） Go Select your language 閲覧支援/Languagesを閉じる キーワードから探す ページ番号で探す 検索 ページ番号とは？ 目的別で探す くらし 健康・福祉 子育て・教育 観光・文化・スポーツ しごと・産業 村政 防災情報 各課のご案内 検索を閉じる 文字サイズ 背景色変更 Select Language English 中文（繁体） 中文（簡体） Go
-2	28	今帰仁村	福祉・こども課	https://www.nakijin.jp/pagtop/kakuka/hukusikodomoka/index.html	福祉・こども課／今帰仁村 スマートフォン版を表示 本文へ移動 文字サイズ 背景色変更 くらし・手続き 子育て・教育 健康・福祉 歴史・観光 事業者の方へ 行政情報 くらし・手続き 子育て・教育 健康・福祉 歴史・観光 事業者の方へ 行政情報 PC版を表示 現在のページ ホーム 今帰仁村役場 各課ご案内（組織から探す） 福祉・こども課 福祉・こども課 お問い合わせ 今帰仁村福祉・こども課：(0980)56－2198 業務内容 福祉・児童家庭係 1 社会福祉に関する総合計画及び調整に関すること。 2 社会福祉に関する諸調査、広報及び統計に関すること。 3 社会福祉に係る面接相談に関すること。 4 福祉関連施設に関すること。 5 介護給付・訓練給付に関すること。 6 補装具に関すること。 7 障害児通所等に関すること
-2	24	宜野座村	総務課	https://www.vill.ginoza.okinawa.jp/soshiki/1001/index.html	総務課／宜野座村 | 水と緑と太陽の里 スマートフォン版を表示 本文へ 文字サイズ 標準 （初期状態） 標準 に戻す 拡大 （初期状態） 拡大 拡大（最大状態） 背景色変更 黒 背景色を黒色にする 青 背景色を青色にする 標準 背景色を元に戻す Select Language English 中文（繁体） 中文（簡体） Go Select your language 閲覧支援/Languagesを閉じる キーワードから探す ページ番号で探す 検索 ページ番号とは？ 目的別で探す くらし 健康・福祉 子育て・教育 観光・文化・スポーツ しごと・産業 村政 防災情報 各課のご案内 検索を閉じる 文字サイズ 背景色変更 Select Language English 中文（繁体） 中文（簡体） Go Select y
-2	24	宜野座村	健康福祉課	https://www.vill.ginoza.okinawa.jp/soshiki/1005/index.html	健康福祉課／宜野座村 | 水と緑と太陽の里 スマートフォン版を表示 本文へ 文字サイズ 標準 （初期状態） 標準 に戻す 拡大 （初期状態） 拡大 拡大（最大状態） 背景色変更 黒 背景色を黒色にする 青 背景色を青色にする 標準 背景色を元に戻す Select Language English 中文（繁体） 中文（簡体） Go Select your language 閲覧支援/Languagesを閉じる キーワードから探す ページ番号で探す 検索 ページ番号とは？ 目的別で探す くらし 健康・福祉 子育て・教育 観光・文化・スポーツ しごと・産業 村政 防災情報 各課のご案内 検索を閉じる 文字サイズ 背景色変更 Select Language English 中文（繁体） 中文（簡体） Go Select
-2	24	宜野座村	教育委員会	https://www.vill.ginoza.okinawa.jp/soshiki/1009/index.html	教育委員会／宜野座村 | 水と緑と太陽の里 スマートフォン版を表示 本文へ 文字サイズ 標準 （初期状態） 標準 に戻す 拡大 （初期状態） 拡大 拡大（最大状態） 背景色変更 黒 背景色を黒色にする 青 背景色を青色にする 標準 背景色を元に戻す Select Language English 中文（繁体） 中文（簡体） Go Select your language 閲覧支援/Languagesを閉じる キーワードから探す ページ番号で探す 検索 ページ番号とは？ 目的別で探す くらし 健康・福祉 子育て・教育 観光・文化・スポーツ しごと・産業 村政 防災情報 各課のご案内 検索を閉じる 文字サイズ 背景色変更 Select Language English 中文（繁体） 中文（簡体） Go Select
-2	22	宜野座村	お知らせ	https://www.vill.ginoza.okinawa.jp/soshiki/1005/oshirase/index.html	お知らせ／宜野座村 | 水と緑と太陽の里 スマートフォン版を表示 本文へ 文字サイズ 標準 （初期状態） 標準 に戻す 拡大 （初期状態） 拡大 拡大（最大状態） 背景色変更 黒 背景色を黒色にする 青 背景色を青色にする 標準 背景色を元に戻す Select Language English 中文（繁体） 中文（簡体） Go Select your language 閲覧支援/Languagesを閉じる キーワードから探す ページ番号で探す 検索 ページ番号とは？ 目的別で探す くらし 健康・福祉 子育て・教育 観光・文化・スポーツ しごと・産業 村政 防災情報 各課のご案内 検索を閉じる 文字サイズ 背景色変更 Select Language English 中文（繁体） 中文（簡体） Go Select
-2	20	宜野座村	お知らせ	https://www.vill.ginoza.okinawa.jp/soshiki/1002/oshirase/index.html	お知らせ／宜野座村 | 水と緑と太陽の里 スマートフォン版を表示 本文へ 文字サイズ 標準 （初期状態） 標準 に戻す 拡大 （初期状態） 拡大 拡大（最大状態） 背景色変更 黒 背景色を黒色にする 青 背景色を青色にする 標準 背景色を元に戻す Select Language English 中文（繁体） 中文（簡体） Go Select your language 閲覧支援/Languagesを閉じる キーワードから探す ページ番号で探す 検索 ページ番号とは？ 目的別で探す くらし 健康・福祉 子育て・教育 観光・文化・スポーツ しごと・産業 村政 防災情報 各課のご案内 検索を閉じる 文字サイズ 背景色変更 Select Language English 中文（繁体） 中文（簡体） Go Select
-2	18	宜野座村	企画課	https://www.vill.ginoza.okinawa.jp/soshiki/1002/index.html	企画課／宜野座村 | 水と緑と太陽の里 スマートフォン版を表示 本文へ 文字サイズ 標準 （初期状態） 標準 に戻す 拡大 （初期状態） 拡大 拡大（最大状態） 背景色変更 黒 背景色を黒色にする 青 背景色を青色にする 標準 背景色を元に戻す Select Language English 中文（繁体） 中文（簡体） Go Select your language 閲覧支援/Languagesを閉じる キーワードから探す ページ番号で探す 検索 ページ番号とは？ 目的別で探す くらし 健康・福祉 子育て・教育 観光・文化・スポーツ しごと・産業 村政 防災情報 各課のご案内 検索を閉じる 文字サイズ 背景色変更 Select Language English 中文（繁体） 中文（簡体） Go Select y
-2	18	宜野座村	観光商工課	https://www.vill.ginoza.okinawa.jp/soshiki/1008/oshirase/19.html	観光商工課／宜野座村 | 水と緑と太陽の里 スマートフォン版を表示 本文へ 文字サイズ 標準 （初期状態） 標準 に戻す 拡大 （初期状態） 拡大 拡大（最大状態） 背景色変更 黒 背景色を黒色にする 青 背景色を青色にする 標準 背景色を元に戻す Select Language English 中文（繁体） 中文（簡体） Go Select your language 閲覧支援/Languagesを閉じる キーワードから探す ページ番号で探す 検索 ページ番号とは？ 目的別で探す くらし 健康・福祉 子育て・教育 観光・文化・スポーツ しごと・産業 村政 防災情報 各課のご案内 検索を閉じる 文字サイズ 背景色変更 Select Language English 中文（繁体） 中文（簡体） Go Select
-2	18	今帰仁村	企業版ふるさと納税 寄附企業様のご紹介（令和7年度）	https://www.nakijin.jp/pagtop/kakuka/kikakuzaisei/2/5101.html	企業版ふるさと納税 寄附企業様のご紹介（令和7年度）／今帰仁村 スマートフォン版を表示 本文へ移動 文字サイズ 背景色変更 くらし・手続き 子育て・教育 健康・福祉 歴史・観光 事業者の方へ 行政情報 くらし・手続き 子育て・教育 健康・福祉 歴史・観光 事業者の方へ 行政情報 PC版を表示 現在のページ ホーム 今帰仁村役場 各課ご案内（組織から探す） 企画財政課 企画係 企業版ふるさと納税 寄附企業様のご紹介（令和7年度） 企業版ふるさと納税 寄附企業様のご紹介（令和7年度） 「今帰仁村まち・ひと・しごと創生推進計画」に位置づけられる今帰仁村の地方創生プロジェクトにご賛同いただき、企業版ふるさと納税を活用して、ご寄附をいただいた企業の皆様をご紹介します。（公表のご了承をいただいたご寄附のみ掲載しています）
-2	18	今帰仁村	企業版ふるさと納税 寄附企業様のご紹介（令和7年度）	https://www.nakijin.jp/pagtop/5102.html	企業版ふるさと納税 寄附企業様のご紹介（令和7年度）／今帰仁村 スマートフォン版を表示 本文へ移動 文字サイズ 背景色変更 くらし・手続き 子育て・教育 健康・福祉 歴史・観光 事業者の方へ 行政情報 くらし・手続き 子育て・教育 健康・福祉 歴史・観光 事業者の方へ 行政情報 PC版を表示 現在のページ ホーム 今帰仁村役場 企業版ふるさと納税 寄附企業様のご紹介（令和7年度） 企業版ふるさと納税 寄附企業様のご紹介（令和7年度） 「今帰仁村まち・ひと・しごと創生推進計画」に位置づけられる今帰仁村の地方創生プロジェクトにご賛同いただき、企業版ふるさと納税を活用して、ご寄附をいただいた企業の皆様をご紹介します。（公表のご了承をいただいたご寄附のみ掲載しています） 株式会社メモリード 所在地：〒371-0847
-2	16	宜野座村	子育て	https://www.vill.ginoza.okinawa.jp/kosodate-kyoiku/kosodate/index.html	子育て／宜野座村 | 水と緑と太陽の里 スマートフォン版を表示 本文へ 文字サイズ 標準 （初期状態） 標準 に戻す 拡大 （初期状態） 拡大 拡大（最大状態） 背景色変更 黒 背景色を黒色にする 青 背景色を青色にする 標準 背景色を元に戻す Select Language English 中文（繁体） 中文（簡体） Go Select your language 閲覧支援/Languagesを閉じる キーワードから探す ページ番号で探す 検索 ページ番号とは？ 目的別で探す くらし 健康・福祉 子育て・教育 観光・文化・スポーツ しごと・産業 村政 防災情報 各課のご案内 検索を閉じる 文字サイズ 背景色変更 Select Language English 中文（繁体） 中文（簡体） Go Select y
-2	16	宜野座村	上下水道課	https://www.vill.ginoza.okinawa.jp/soshiki/1003/index.html	上下水道課／宜野座村 | 水と緑と太陽の里 スマートフォン版を表示 本文へ 文字サイズ 標準 （初期状態） 標準 に戻す 拡大 （初期状態） 拡大 拡大（最大状態） 背景色変更 黒 背景色を黒色にする 青 背景色を青色にする 標準 背景色を元に戻す Select Language English 中文（繁体） 中文（簡体） Go Select your language 閲覧支援/Languagesを閉じる キーワードから探す ページ番号で探す 検索 ページ番号とは？ 目的別で探す くらし 健康・福祉 子育て・教育 観光・文化・スポーツ しごと・産業 村政 防災情報 各課のご案内 検索を閉じる 文字サイズ 背景色変更 Select Language English 中文（繁体） 中文（簡体） Go Select
-2	16	宜野座村	農林水産課	https://www.vill.ginoza.okinawa.jp/soshiki/1006/index.html	農林水産課／宜野座村 | 水と緑と太陽の里 スマートフォン版を表示 本文へ 文字サイズ 標準 （初期状態） 標準 に戻す 拡大 （初期状態） 拡大 拡大（最大状態） 背景色変更 黒 背景色を黒色にする 青 背景色を青色にする 標準 背景色を元に戻す Select Language English 中文（繁体） 中文（簡体） Go Select your language 閲覧支援/Languagesを閉じる キーワードから探す ページ番号で探す 検索 ページ番号とは？ 目的別で探す くらし 健康・福祉 子育て・教育 観光・文化・スポーツ しごと・産業 村政 防災情報 各課のご案内 検索を閉じる 文字サイズ 背景色変更 Select Language English 中文（繁体） 中文（簡体） Go Select
-2	16	宜野座村	水道基本料金免除のお知らせ	https://www.vill.ginoza.okinawa.jp/soshiki/1003/oshirase/1360.html	水道基本料金免除のお知らせ／宜野座村 | 水と緑と太陽の里 スマートフォン版を表示 本文へ 文字サイズ 標準 （初期状態） 標準 に戻す 拡大 （初期状態） 拡大 拡大（最大状態） 背景色変更 黒 背景色を黒色にする 青 背景色を青色にする 標準 背景色を元に戻す Select Language English 中文（繁体） 中文（簡体） Go Select your language 閲覧支援/Languagesを閉じる キーワードから探す ページ番号で探す 検索 ページ番号とは？ 目的別で探す くらし 健康・福祉 子育て・教育 観光・文化・スポーツ しごと・産業 村政 防災情報 各課のご案内 検索を閉じる 文字サイズ 背景色変更 Select Language English 中文（繁体） 中文（簡体） G
-2	16	宜野座村	農林水産課	https://www.vill.ginoza.okinawa.jp/soshiki/1006/oshirase/16.html	農林水産課／宜野座村 | 水と緑と太陽の里 スマートフォン版を表示 本文へ 文字サイズ 標準 （初期状態） 標準 に戻す 拡大 （初期状態） 拡大 拡大（最大状態） 背景色変更 黒 背景色を黒色にする 青 背景色を青色にする 標準 背景色を元に戻す Select Language English 中文（繁体） 中文（簡体） Go Select your language 閲覧支援/Languagesを閉じる キーワードから探す ページ番号で探す 検索 ページ番号とは？ 目的別で探す くらし 健康・福祉 子育て・教育 観光・文化・スポーツ しごと・産業 村政 防災情報 各課のご案内 検索を閉じる 文字サイズ 背景色変更 Select Language English 中文（繁体） 中文（簡体） Go Select
-2	16	今帰仁村	税金	https://www.nakijin.jp/pagtop/life_scene/zeikin/index.html	税金／今帰仁村 スマートフォン版を表示 本文へ移動 文字サイズ 背景色変更 くらし・手続き 子育て・教育 健康・福祉 歴史・観光 事業者の方へ 行政情報 くらし・手続き 子育て・教育 健康・福祉 歴史・観光 事業者の方へ 行政情報 PC版を表示 現在のページ ホーム 今帰仁村役場 ライフシーンから探す 税金 税金 今帰仁村の税金について 村県民税について 個人住民税(特徴)に関する申請書類等 【eLTAX】地方税の電子申告・電子納税について 村たばこ税について 村税及び料金等コンビニエンスストア収納開始のお知らせ 国民健康保険税について ふるさと納税 ふるさと納税実績 令和5年度 今帰仁村国民健康保険税収納対策緊急プランについて 令和8年度 給与支払報告書の提出について 令和3年度固定資産税評価替えについて 新
-4	16	恩納村	生活保護	https://www.vill.onna.okinawa.jp/living/welfare/1629249936/1692172962/	生活保護 | 沖縄県恩納村 | 恩（めぐみ）の青 豊かな緑 輝く人々 未来へつなごう恩納村 総合トップ 本文へ 恩(めぐみ)の青 豊かな緑 輝く人々 未来へつなごう恩納村 日本語 English 簡体中文 繁体中文 한국어 サイトマップ よくあるご質問 お問い合わせ アクセシビリティ 総合トップ トップページ 暮らしの情報 恩納村の情報 観光情報 村政情報 防災情報 事業者の方へ ホーム 暮らしの情報 障がい・福祉 恩納村第6期障がい福祉計画・第2期障がい児福祉計画 生活保護 生活保護 生活保護について 生活保護は、生活に困っている国民の健康で文化的な最低限度の生活を保障し、将来に向けて自立した生活が送れるよう支援することを目的として、国が日本国憲法第25条や生活保護法に基づいて行うものです。 1.生活保護は、
-4	16	今帰仁村	住民課	https://www.nakijin.jp/pagtop/kakuka/juminka/index.html	住民課／今帰仁村 スマートフォン版を表示 本文へ移動 文字サイズ 背景色変更 くらし・手続き 子育て・教育 健康・福祉 歴史・観光 事業者の方へ 行政情報 くらし・手続き 子育て・教育 健康・福祉 歴史・観光 事業者の方へ 行政情報 PC版を表示 現在のページ ホーム 今帰仁村役場 各課ご案内（組織から探す） 住民課 住民課 お問い合わせ 今帰仁村住民課：(0980)56－2102 各課のご案内 夜間窓口の実施日変更について（お知らせ） 村民の皆様にお知らせします。現在住民課で毎週木曜日に実施している収納係夜間窓口につきまして、6月より変更点がございますのでお知らせします。 ★夜間窓口 変更点★ これまで 毎週木曜日 17：30～19：30 6月から 毎月第2、第4木曜日 17：30～19：30 村民の皆様にお
-5	22	宜野座村	「宜野座村子ども・子育て会議」委員募集について	https://www.vill.ginoza.okinawa.jp/soshiki/1005/9/1/335.html	「宜野座村子ども・子育て会議」委員募集について／宜野座村 | 水と緑と太陽の里 スマートフォン版を表示 本文へ 文字サイズ 標準 （初期状態） 標準 に戻す 拡大 （初期状態） 拡大 拡大（最大状態） 背景色変更 黒 背景色を黒色にする 青 背景色を青色にする 標準 背景色を元に戻す Select Language English 中文（繁体） 中文（簡体） Go Select your language 閲覧支援/Languagesを閉じる キーワードから探す ページ番号で探す 検索 ページ番号とは？ 目的別で探す くらし 健康・福祉 子育て・教育 観光・文化・スポーツ しごと・産業 村政 防災情報 各課のご案内 検索を閉じる 文字サイズ 背景色変更 Select Language English 中文（繁体
-7	28	恩納村	新型コロナウイルス感染症の影響に係る固定資産税の軽減措置等について	https://www.vill.onna.okinawa.jp/topics/1602733191/	新型コロナウイルス感染症の影響に係る固定資産税の軽減措置等について | 新着情報 | 沖縄県恩納村 | 恩（めぐみ）の青 豊かな緑 輝く人々 未来へつなごう恩納村 総合トップ 本文へ 恩(めぐみ)の青 豊かな緑 輝く人々 未来へつなごう恩納村 日本語 English 簡体中文 繁体中文 한국어 サイトマップ よくあるご質問 お問い合わせ アクセシビリティ 総合トップ トップページ 暮らしの情報 恩納村の情報 観光情報 村政情報 防災情報 事業者の方へ ホーム 新着情報 新型コロナウイルス感染症の影響に係る固定資産税の軽減措置等について 新型コロナウイルス感染症の影響に係る固定資産税の軽減措置等について 最終更新日：2020 10 15 令和2年4月7日に「新型コロナウイルス感染症緊急経済対策」が閣議決定し 地方
-7	22	今帰仁村	税金	https://www.nakijin.jp/pagtop/kurashi/zeikin/index.html	税金／今帰仁村 スマートフォン版を表示 本文へ移動 文字サイズ 背景色変更 くらし・手続き 子育て・教育 健康・福祉 歴史・観光 事業者の方へ 行政情報 くらし・手続き 子育て・教育 健康・福祉 歴史・観光 事業者の方へ 行政情報 PC版を表示 現在のページ ホーム 今帰仁村役場 くらし・手続き 税金 税金 引上げ分の地方消費税収が充てられる社会保障等に要する経費 固定資産税について 村県民税について 今帰仁村の税金について 国民健康保険税について ふるさと納税実績 軽自動車税について 個人住民税(特徴)に関する申請書類等 村たばこ税について 法人村民税を納める法人等(納税義務者) ふるさと納税 村税及び料金等コンビニエンスストア収納開始のお知らせ 戸籍謄抄本、住民票、税務証明、諸証明等の交付申請（郵送請求）に
-7	18	恩納村	チャペル見学ツアー -ORWC-	https://www.vill.onna.okinawa.jp/business/industry/1562201852/1563413950/	チャペル見学ツアー -ORWC- | 沖縄県恩納村 | 恩（めぐみ）の青 豊かな緑 輝く人々 未来へつなごう恩納村 総合トップ 本文へ 恩(めぐみ)の青 豊かな緑 輝く人々 未来へつなごう恩納村 日本語 English 簡体中文 繁体中文 한국어 サイトマップ よくあるご質問 お問い合わせ アクセシビリティ 総合トップ トップページ 暮らしの情報 恩納村の情報 観光情報 村政情報 防災情報 事業者の方へ ホーム 事業者の方へ 商工業 恩納村リゾートウェディング活性化協議会 -ORWC- チャペル見学ツアー -ORWC- チャペル見学ツアー -ORWC- 恩納村リゾートウェディングキャンペーン 本事業は終了しました。 たくさんのご応募、ありがとうございます。 チャペル見学ツアー 参加者募集 普段は見ることのできな
-7	16	今帰仁村	今帰仁村企業版ふるさと納税	https://www.nakijin.jp/pagtop/kakuka/kikakuzaisei/2/4834.html	今帰仁村企業版ふるさと納税／今帰仁村 スマートフォン版を表示 本文へ移動 文字サイズ 背景色変更 くらし・手続き 子育て・教育 健康・福祉 歴史・観光 事業者の方へ 行政情報 くらし・手続き 子育て・教育 健康・福祉 歴史・観光 事業者の方へ 行政情報 PC版を表示 現在のページ ホーム 今帰仁村役場 各課ご案内（組織から探す） 企画財政課 企画係 今帰仁村企業版ふるさと納税 今帰仁村企業版ふるさと納税 企業版ふるさと納税（地方創生応援税制）について 企業版ふるさと納税とは 「今帰仁村まち・ひと・しごと創生推進計画」に位置づけられる今帰仁村の地方創生プロジェクトに対して企業が寄附を行った場合に、法人関係税から税額控除される仕組みです。 損金算入による軽減効果（寄附額の約3割）と合わせて、令和2年度税制改正にて拡
-7	16	今帰仁村	個人情報漏えいについて お詫びとご報告	https://www.nakijin.jp/pagtop/kenko_fukushi/2449.html	個人情報漏えいについて お詫びとご報告／今帰仁村 スマートフォン版を表示 本文へ移動 文字サイズ 背景色変更 くらし・手続き 子育て・教育 健康・福祉 歴史・観光 事業者の方へ 行政情報 くらし・手続き 子育て・教育 健康・福祉 歴史・観光 事業者の方へ 行政情報 PC版を表示 現在のページ ホーム 今帰仁村役場 健康・福祉 個人情報漏えいについて お詫びとご報告 個人情報漏えいについて お詫びとご報告 この度、福祉保健課におきまして、通所サービス利用者（2名）の方へ対し、送付いたしました申請書が入れ違い、誤って通知される事案が発生しました。 障害福祉サービスをご利用する受給者の皆様におきましては、多大なる不安やご迷惑をおかけすることとなり、心からお詫び申し上げます。 個人情報につきましては、法令等に基づき、適
-7	16	今帰仁村	個人情報漏えいについて お詫びとご報告	https://www.nakijin.jp/pagtop/kakuka/fukushi/2448.html	個人情報漏えいについて お詫びとご報告／今帰仁村 スマートフォン版を表示 本文へ移動 文字サイズ 背景色変更 くらし・手続き 子育て・教育 健康・福祉 歴史・観光 事業者の方へ 行政情報 くらし・手続き 子育て・教育 健康・福祉 歴史・観光 事業者の方へ 行政情報 PC版を表示 現在のページ ホーム 今帰仁村役場 各課ご案内（組織から探す） 健康づくり推進課 個人情報漏えいについて お詫びとご報告 個人情報漏えいについて お詫びとご報告 この度、福祉保健課におきまして、通所サービス利用者（2名）の方へ対し、送付いたしました申請書が入れ違い、誤って通知される事案が発生しました。 障害福祉サービスをご利用する受給者の皆様におきましては、多大なる不安やご迷惑をおかけすることとなり、心からお詫び申し上げます。 個人情報
-9	22	今帰仁村	令和6年度 村県民税（個人住民税）の特別税額控除（定額減税）について	https://www.nakijin.jp/pagtop/kakuka/juminka/5/2/2/4996.html	令和6年度 村県民税（個人住民税）の特別税額控除（定額減税）について／今帰仁村 スマートフォン版を表示 本文へ移動 文字サイズ 背景色変更 くらし・手続き 子育て・教育 健康・福祉 歴史・観光 事業者の方へ 行政情報 くらし・手続き 子育て・教育 健康・福祉 歴史・観光 事業者の方へ 行政情報 PC版を表示 現在のページ ホーム 今帰仁村役場 各課ご案内（組織から探す） 住民課 住民税係 くらし・手続き 税金 令和6年度 村県民税（個人住民税）の特別税額控除（定額減税）について 令和6年度 村県民税（個人住民税）の特別税額控除（定額減税）について 〇制度の概要 デフレに後戻りさせないための措置の一環として、令和6年度税制改正において、令和6年度の村県民税（個人住民税）の定額減税が実施されます。 〇定額減税の対象
-10	26	宜野座村	宜野座村特定個人情報保護評価について	https://www.vill.ginoza.okinawa.jp/soshiki/1001/4/67.html	宜野座村特定個人情報保護評価について／宜野座村 | 水と緑と太陽の里 スマートフォン版を表示 本文へ 文字サイズ 標準 （初期状態） 標準 に戻す 拡大 （初期状態） 拡大 拡大（最大状態） 背景色変更 黒 背景色を黒色にする 青 背景色を青色にする 標準 背景色を元に戻す Select Language English 中文（繁体） 中文（簡体） Go Select your language 閲覧支援/Languagesを閉じる キーワードから探す ページ番号で探す 検索 ページ番号とは？ 目的別で探す くらし 健康・福祉 子育て・教育 観光・文化・スポーツ しごと・産業 村政 防災情報 各課のご案内 検索を閉じる 文字サイズ 背景色変更 Select Language English 中文（繁体） 中文（
-10	20	宜野座村	宜野座村環境衛生倉庫設置工事について	https://www.vill.ginoza.okinawa.jp/soshiki/1004/8/1094.html	宜野座村環境衛生倉庫設置工事について／宜野座村 | 水と緑と太陽の里 スマートフォン版を表示 本文へ 文字サイズ 標準 （初期状態） 標準 に戻す 拡大 （初期状態） 拡大 拡大（最大状態） 背景色変更 黒 背景色を黒色にする 青 背景色を青色にする 標準 背景色を元に戻す Select Language English 中文（繁体） 中文（簡体） Go Select your language 閲覧支援/Languagesを閉じる キーワードから探す ページ番号で探す 検索 ページ番号とは？ 目的別で探す くらし 健康・福祉 子育て・教育 観光・文化・スポーツ しごと・産業 村政 防災情報 各課のご案内 検索を閉じる 文字サイズ 背景色変更 Select Language English 中文（繁体） 中文（
-10	16	宜野座村	労働関係セミナー＆個別相談	https://www.vill.ginoza.okinawa.jp/soshiki/1008/oshirase/1069.html	労働関係セミナー＆個別相談／宜野座村 | 水と緑と太陽の里 スマートフォン版を表示 本文へ 文字サイズ 標準 （初期状態） 標準 に戻す 拡大 （初期状態） 拡大 拡大（最大状態） 背景色変更 黒 背景色を黒色にする 青 背景色を青色にする 標準 背景色を元に戻す Select Language English 中文（繁体） 中文（簡体） Go Select your language 閲覧支援/Languagesを閉じる キーワードから探す ページ番号で探す 検索 ページ番号とは？ 目的別で探す くらし 健康・福祉 子育て・教育 観光・文化・スポーツ しごと・産業 村政 防災情報 各課のご案内 検索を閉じる 文字サイズ 背景色変更 Select Language English 中文（繁体） 中文（簡体） G
-10	16	金武町	上下水道課	https://www.town.kin.okinawa.jp/soshiki/jogesuidoka/index.html	上下水道課／金武町 Official Site スマートフォン版を表示 本文へ 文字サイズ 背景色変更 Foreign Language 各課のご案内 くらし・手続き くらし・手続き下層 医療・健康・福祉 医療・健康・福祉下層 子育て・教育 子育て・教育下層 文化・観光・スポーツ 文化・観光・スポーツ下層 しごと・産業 しごと・産業下層 行政情報 行政情報下層 くらし・手続き 医療・健康・福祉 子育て・教育 文化・国際交流・スポーツ しごと・産業 行政情報 文字サイズ 背景色変更 Foreign Language 各課のご案内 PC版で見る 閉じる 現在のページ ホーム 組織から探す 上下水道課 上下水道課 Tweet 水道 下水道 金武町水道事業・金武町下水道事業に係る経営分析について 有機フッ素化合物関連
-12	18	今帰仁村	生活	https://www.nakijin.jp/pagtop/kurashi/seikatsu/index.html	生活／今帰仁村 スマートフォン版を表示 本文へ移動 文字サイズ 背景色変更 くらし・手続き 子育て・教育 健康・福祉 歴史・観光 事業者の方へ 行政情報 くらし・手続き 子育て・教育 健康・福祉 歴史・観光 事業者の方へ 行政情報 PC版を表示 現在のページ ホーム 今帰仁村役場 くらし・手続き 生活 生活 ごみ収集 家庭ごみ、資源ごみ、粗大ごみの正しい出し方 家庭ゴミの分け方・出し方ガイドブックPDF版はこちら (PDFファイル: 2.1MB) ゴミの出し方PDF版はこちら (PDFファイル: 1.7MB) ゴミの分け方・出し方 家庭ごみ減量化住民説明会における質疑応答について 今帰仁村ごみ減量化の考え方に関するパブリックコメントの結果について 水道 水道 水道使用料の消費税率改定に関する経過措置について 今
-12	16	恩納村	事業者の方へ	https://www.vill.onna.okinawa.jp/business/	事業者の方へ | 沖縄県恩納村 | 恩（めぐみ）の青 豊かな緑 輝く人々 未来へつなごう恩納村 総合トップ 本文へ 恩(めぐみ)の青 豊かな緑 輝く人々 未来へつなごう恩納村 日本語 English 簡体中文 繁体中文 한국어 サイトマップ よくあるご質問 お問い合わせ アクセシビリティ 総合トップ トップページ 暮らしの情報 恩納村の情報 観光情報 村政情報 防災情報 事業者の方へ ホーム 事業者の方へ 事業者の方へ 入札・契約情報 令和7・8年度 恩納村建設工事等入札参加者資格審査申請について 建設工事等入札参加資格審査申請変更届について 恩納村体育施設指定管理者募集について 入札結果 農林・水産 経営力強化事業評価 多面的機能発揮促進事業に関する計画の概要 耕作放棄再生利用緊急対策事業（実証ほ場報告書）
-17	30	今帰仁村	新型コロナウイルス関連情報(令和5年3月8日更新)	https://www.nakijin.jp/pagtop/kenko_fukushi/1567.html	新型コロナウイルス関連情報(令和5年3月8日更新)／今帰仁村 スマートフォン版を表示 本文へ移動 文字サイズ 背景色変更 くらし・手続き 子育て・教育 健康・福祉 歴史・観光 事業者の方へ 行政情報 くらし・手続き 子育て・教育 健康・福祉 歴史・観光 事業者の方へ 行政情報 PC版を表示 現在のページ ホーム 今帰仁村役場 健康・福祉 新型コロナウイルス関連情報(令和5年3月8日更新) 新型コロナウイルス関連情報(令和5年3月8日更新) 【0307沖縄県要請】県民の皆様へのお願い～ウィズコロナに向けた感染対策 【0307沖縄県要請】県民の皆様へのお願い～ウィズコロナに向けた感染対策～ (PDFファイル: 579.3KB) 【0301沖縄県対処方針】感染拡大を抑制し社会経済活動を継続するための対策期間 【030
-17	30	今帰仁村	新型コロナウイルス関連情報(令和5年3月8日更新)	https://www.nakijin.jp/pagtop/kakuka/fukushi/sinngatakoronakannrenn/1566.html	新型コロナウイルス関連情報(令和5年3月8日更新)／今帰仁村 スマートフォン版を表示 本文へ移動 文字サイズ 背景色変更 くらし・手続き 子育て・教育 健康・福祉 歴史・観光 事業者の方へ 行政情報 くらし・手続き 子育て・教育 健康・福祉 歴史・観光 事業者の方へ 行政情報 PC版を表示 現在のページ ホーム 今帰仁村役場 各課ご案内（組織から探す） 健康づくり推進課 新型コロナウイルス関連 新型コロナウイルス関連情報(令和5年3月8日更新) 新型コロナウイルス関連情報(令和5年3月8日更新) 【0307沖縄県要請】県民の皆様へのお願い～ウィズコロナに向けた感染対策 【0307沖縄県要請】県民の皆様へのお願い～ウィズコロナに向けた感染対策～ (PDFファイル: 579.3KB) 【0301沖縄県対処方針】感染
-17	18	恩納村	新着情報	https://www.vill.onna.okinawa.jp/topics/dym:2024/offset:40/	新着情報 | 沖縄県恩納村 | 恩（めぐみ）の青 豊かな緑 輝く人々 未来へつなごう恩納村 総合トップ 本文へ 恩(めぐみ)の青 豊かな緑 輝く人々 未来へつなごう恩納村 日本語 English 簡体中文 繁体中文 한국어 サイトマップ よくあるご質問 お問い合わせ アクセシビリティ 総合トップ トップページ 暮らしの情報 恩納村の情報 観光情報 村政情報 防災情報 事業者の方へ ホーム 新着情報 新着情報 2024 08 30 お知らせ 【注意喚起】人気ブランドのヘルスケア又はオーディオ家電等を販売すると称する 偽サイトについて～消費者庁サイトへ移動します～ 2024 08 29 お知らせ 【恩納村博物館】令和6年度博物館講座「ウミガメのヒミツを知ろう！-ウミガメの一生-」開催のお知らせ 2024 08 27
-17	16	今帰仁村	企業版ふるさと納税 寄附企業様のご紹介（令和6年度）	https://www.nakijin.jp/pagtop/kakuka/kikakuzaisei/2/4975.html	企業版ふるさと納税 寄附企業様のご紹介（令和6年度）／今帰仁村 スマートフォン版を表示 本文へ移動 文字サイズ 背景色変更 くらし・手続き 子育て・教育 健康・福祉 歴史・観光 事業者の方へ 行政情報 くらし・手続き 子育て・教育 健康・福祉 歴史・観光 事業者の方へ 行政情報 PC版を表示 現在のページ ホーム 今帰仁村役場 各課ご案内（組織から探す） 企画財政課 企画係 企業版ふるさと納税 寄附企業様のご紹介（令和6年度） 企業版ふるさと納税 寄附企業様のご紹介（令和6年度） 「今帰仁村まち・ひと・しごと創生推進計画」に位置づけられる今帰仁村の地方創生プロジェクトにご賛同いただき、企業版ふるさと納税を活用して、ご寄附をいただいた企業の皆様をご紹介します。（公表のご了承をいただいたご寄附のみ掲載しています）
-17	16	今帰仁村	企業版ふるさと納税 寄附企業様のご紹介（令和6年度）	https://www.nakijin.jp/pagtop/5019.html	企業版ふるさと納税 寄附企業様のご紹介（令和6年度）／今帰仁村 スマートフォン版を表示 本文へ移動 文字サイズ 背景色変更 くらし・手続き 子育て・教育 健康・福祉 歴史・観光 事業者の方へ 行政情報 くらし・手続き 子育て・教育 健康・福祉 歴史・観光 事業者の方へ 行政情報 PC版を表示 現在のページ ホーム 今帰仁村役場 企業版ふるさと納税 寄附企業様のご紹介（令和6年度） 企業版ふるさと納税 寄附企業様のご紹介（令和6年度） 「今帰仁村まち・ひと・しごと創生推進計画」に位置づけられる今帰仁村の地方創生プロジェクトにご賛同いただき、企業版ふるさと納税を活用して、ご寄附をいただいた企業の皆様をご紹介します。（公表のご了承をいただいたご寄附のみ掲載しています） 株式会社メモリード 所在地：〒371-0847
-17	16	今帰仁村	令和3年第2回定例会	https://www.nakijin.jp/pagtop/kakuka/gikai/2/2/2/teireikai/reiwa3nenteireikai/2361.html	令和3年第2回定例会／今帰仁村 スマートフォン版を表示 本文へ移動 文字サイズ 背景色変更 くらし・手続き 子育て・教育 健康・福祉 歴史・観光 事業者の方へ 行政情報 くらし・手続き 子育て・教育 健康・福祉 歴史・観光 事業者の方へ 行政情報 PC版を表示 現在のページ ホーム 今帰仁村役場 各課ご案内（組織から探す） 議会事務局 議事係 行政情報 今帰仁村議会 定例会 令和3年定例会 令和3年第2回定例会 令和3年第2回定例会 会期日程 会期日程 (PDFファイル: 68.0KB) 議事日程 6月11日 (PDFファイル: 100.4KB) 6月14日 (PDFファイル: 49.7KB) 6月16日 (PDFファイル: 49.5KB) 6月17日 (PDFファイル: 85.4KB) 6月18日 (PDFフ
-22	24	今帰仁村	健康づくり推進課	https://www.nakijin.jp/pagtop/kakuka/fukushi/index.html	健康づくり推進課／今帰仁村 スマートフォン版を表示 本文へ移動 文字サイズ 背景色変更 くらし・手続き 子育て・教育 健康・福祉 歴史・観光 事業者の方へ 行政情報 くらし・手続き 子育て・教育 健康・福祉 歴史・観光 事業者の方へ 行政情報 PC版を表示 現在のページ ホーム 今帰仁村役場 各課ご案内（組織から探す） 健康づくり推進課 健康づくり推進課 お問い合わせ 今帰仁村健康づくり推進課：(0980)56－4189 業務内容 高齢者・介護福祉係 1 高齢者の生きがい対策及び各種相談に関すること。 2 老人クラブの育成指導に関すること。 3 高齢者福祉施設に関すること。 4 在宅高齢者福祉に関すること。 5 高齢者福祉計画に関すること。 6 高齢者サービス調整チームに関すること。 7 高齢者虐待等に係る権利
